id,chart,hardness,avg_inference_time_seconds,total_inference_time_seconds,inference_count,code execution_fail_rate,surface-form check_fail_rate,deconstruction_fail_rate,chart type check_fail_rate,data check_fail_rate,order check_fail_rate,layout check_fail_rate,scale and ticks check_fail_rate,invalid_rate,illegal rate,pass_rate,readability_score,quality_score,is_multi_table,text_model,vision_model
4,Pie,Medium,0.5073515176773071,2.0294060707092285,4,0.0,0.0,0.0,0.0,0.0,0.0,0.0,0.0,0.0,0.0,1.0,0.0,0.0,True,Qwen/Qwen3-Coder-30B-A3B-Instruct-FP8,None
4,Pie,Medium,0.5073515176773071,2.0294060707092285,4,0.0,0.0,0.0,0.0,0.0,0.0,0.0,0.0,0.0,0.0,1.0,0.0,0.0,True,Qwen/Qwen3-Coder-30B-A3B-Instruct-FP8,None
4,Pie,Medium,0.5073515176773071,2.0294060707092285,4,0.0,0.0,0.0,0.0,0.0,0.0,0.0,0.0,0.0,0.0,1.0,0.0,0.0,True,Qwen/Qwen3-Coder-30B-A3B-Instruct-FP8,None
5,Bar,Medium,1.2749168872833252,6.374584436416626,5,0.0,0.0,0.0,0.0,0.0,0.0,0.0,0.0,0.0,0.0,1.0,0.0,0.0,True,Qwen/Qwen3-Coder-30B-A3B-Instruct-FP8,None
5,Bar,Medium,1.2749168872833252,6.374584436416626,5,0.0,0.0,0.0,0.0,0.0,0.0,0.0,0.0,0.0,0.0,1.0,0.0,0.0,True,Qwen/Qwen3-Coder-30B-A3B-Instruct-FP8,None
5,Bar,Medium,1.2749168872833252,6.374584436416626,5,0.0,0.0,0.0,0.0,0.0,0.0,0.0,0.0,0.0,0.0,1.0,0.0,0.0,True,Qwen/Qwen3-Coder-30B-A3B-Instruct-FP8,None
8,Pie,Easy,0.26677441596984863,0.8003232479095459,3,0.0,0.0,0.0,0.0,0.0,0.0,0.0,0.0,0.0,0.0,1.0,0.0,0.0,False,Qwen/Qwen3-Coder-30B-A3B-Instruct-FP8,None
8,Pie,Easy,0.26677441596984863,0.8003232479095459,3,0.0,0.0,0.0,0.0,0.0,0.0,0.0,0.0,0.0,0.0,1.0,0.0,0.0,False,Qwen/Qwen3-Coder-30B-A3B-Instruct-FP8,None
8,Pie,Easy,0.26677441596984863,0.8003232479095459,3,0.0,0.0,0.0,0.0,0.0,0.0,0.0,0.0,0.0,0.0,1.0,0.0,0.0,False,Qwen/Qwen3-Coder-30B-A3B-Instruct-FP8,None
9,Bar,Easy,0.27323853969573975,0.5464770793914795,2,0.0,0.0,0.0,0.0,0.0,0.0,0.0,0.0,0.0,0.0,1.0,0.0,0.0,False,Qwen/Qwen3-Coder-30B-A3B-Instruct-FP8,None
9,Bar,Easy,0.27323853969573975,0.5464770793914795,2,0.0,0.0,0.0,0.0,0.0,0.0,0.0,0.0,0.0,0.0,1.0,0.0,0.0,False,Qwen/Qwen3-Coder-30B-A3B-Instruct-FP8,None
9,Bar,Easy,0.27323853969573975,0.5464770793914795,2,0.0,0.0,0.0,0.0,0.0,0.0,0.0,0.0,0.0,0.0,1.0,0.0,0.0,False,Qwen/Qwen3-Coder-30B-A3B-Instruct-FP8,None
14,Pie,Easy,0.25637388229370117,0.5127477645874023,2,0.0,0.0,0.0,0.0,0.0,0.0,0.0,0.0,0.0,0.0,1.0,0.0,0.0,False,Qwen/Qwen3-Coder-30B-A3B-Instruct-FP8,None
14,Pie,Easy,0.25637388229370117,0.5127477645874023,2,0.0,0.0,0.0,0.0,0.0,0.0,0.0,0.0,0.0,0.0,1.0,0.0,0.0,False,Qwen/Qwen3-Coder-30B-A3B-Instruct-FP8,None
14,Pie,Easy,0.25637388229370117,0.5127477645874023,2,0.0,0.0,0.0,0.0,0.0,0.0,0.0,0.0,0.0,0.0,1.0,0.0,0.0,False,Qwen/Qwen3-Coder-30B-A3B-Instruct-FP8,None
21,Pie,Medium,0.35423743724823,0.70847487449646,2,0.0,0.0,0.0,0.0,0.0,0.0,0.0,0.0,0.0,0.0,1.0,0.0,0.0,False,Qwen/Qwen3-Coder-30B-A3B-Instruct-FP8,None
21,Pie,Medium,0.35423743724823,0.70847487449646,2,0.0,0.0,0.0,0.0,0.0,0.0,0.0,0.0,0.0,0.0,1.0,0.0,0.0,False,Qwen/Qwen3-Coder-30B-A3B-Instruct-FP8,None
21,Pie,Medium,0.35423743724823,0.70847487449646,2,0.0,0.0,0.0,0.0,0.0,0.0,0.0,0.0,0.0,0.0,1.0,0.0,0.0,False,Qwen/Qwen3-Coder-30B-A3B-Instruct-FP8,None
32,Bar,Medium,0.5237805048624674,1.5713415145874023,3,0.0,0.0,0.0,0.0,0.0,0.0,0.0,0.0,0.0,0.0,1.0,0.0,0.0,True,Qwen/Qwen3-Coder-30B-A3B-Instruct-FP8,None
32,Bar,Medium,0.5237805048624674,1.5713415145874023,3,0.0,0.0,0.0,0.0,0.0,0.0,0.0,0.0,0.0,0.0,1.0,0.0,0.0,True,Qwen/Qwen3-Coder-30B-A3B-Instruct-FP8,None
32,Bar,Medium,0.5237805048624674,1.5713415145874023,3,0.0,0.0,0.0,0.0,0.0,0.0,0.0,0.0,0.0,0.0,1.0,0.0,0.0,True,Qwen/Qwen3-Coder-30B-A3B-Instruct-FP8,None
33,Pie,Easy,0.33632999658584595,1.3453199863433838,4,0.0,0.0,0.0,0.0,0.5,0.0,0.0,0.0,0.0,0.5,0.5,0.0,0.0,False,Qwen/Qwen3-Coder-30B-A3B-Instruct-FP8,None
33,Pie,Easy,0.33632999658584595,1.3453199863433838,4,0.0,0.0,0.0,0.0,0.5,0.0,0.0,0.0,0.0,0.5,0.5,0.0,0.0,False,Qwen/Qwen3-Coder-30B-A3B-Instruct-FP8,None
33,Pie,Easy,0.33632999658584595,1.3453199863433838,4,0.0,0.0,0.0,0.0,0.5,0.0,0.0,0.0,0.0,0.5,0.5,0.0,0.0,False,Qwen/Qwen3-Coder-30B-A3B-Instruct-FP8,None
34,Bar,Easy,0.2853222370147705,1.4266111850738525,5,0.0,0.0,0.0,0.0,0.0,0.0,0.0,0.0,0.0,0.0,1.0,0.0,0.0,False,Qwen/Qwen3-Coder-30B-A3B-Instruct-FP8,None
34,Bar,Easy,0.2853222370147705,1.4266111850738525,5,0.0,0.0,0.0,0.0,0.0,0.0,0.0,0.0,0.0,0.0,1.0,0.0,0.0,False,Qwen/Qwen3-Coder-30B-A3B-Instruct-FP8,None
34,Bar,Easy,0.2853222370147705,1.4266111850738525,5,0.0,0.0,0.0,0.0,0.0,0.0,0.0,0.0,0.0,0.0,1.0,0.0,0.0,False,Qwen/Qwen3-Coder-30B-A3B-Instruct-FP8,None
35,Pie,Medium,0.4193456172943115,0.4193456172943115,1,0.0,0.0,0.0,0.0,1.0,0.0,0.0,0.0,0.0,1.0,0.0,,0.0,True,Qwen/Qwen3-Coder-30B-A3B-Instruct-FP8,None
35,Pie,Medium,0.4193456172943115,0.4193456172943115,1,0.0,0.0,0.0,0.0,1.0,0.0,0.0,0.0,0.0,1.0,0.0,,0.0,True,Qwen/Qwen3-Coder-30B-A3B-Instruct-FP8,None
35,Pie,Medium,0.4193456172943115,0.4193456172943115,1,0.0,0.0,0.0,0.0,1.0,0.0,0.0,0.0,0.0,1.0,0.0,,0.0,True,Qwen/Qwen3-Coder-30B-A3B-Instruct-FP8,None
36,Bar,Medium,1.978885531425476,3.957771062850952,2,0.0,0.0,0.0,0.0,0.0,0.0,0.0,0.0,0.0,0.0,1.0,0.0,0.0,True,Qwen/Qwen3-Coder-30B-A3B-Instruct-FP8,None
36,Bar,Medium,1.978885531425476,3.957771062850952,2,0.0,0.0,0.0,0.0,0.0,0.0,0.0,0.0,0.0,0.0,1.0,0.0,0.0,True,Qwen/Qwen3-Coder-30B-A3B-Instruct-FP8,None
36,Bar,Medium,1.978885531425476,3.957771062850952,2,0.0,0.0,0.0,0.0,0.0,0.0,0.0,0.0,0.0,0.0,1.0,0.0,0.0,True,Qwen/Qwen3-Coder-30B-A3B-Instruct-FP8,None
37,Pie,Medium,8.118072390556335,16.23614478111267,2,0.5,0.0,0.0,0.0,0.0,0.0,0.0,0.0,0.5,0.0,0.5,0.0,0.0,True,Qwen/Qwen3-Coder-30B-A3B-Instruct-FP8,None
37,Pie,Medium,8.118072390556335,16.23614478111267,2,0.5,0.0,0.0,0.0,0.0,0.0,0.0,0.0,0.5,0.0,0.5,0.0,0.0,True,Qwen/Qwen3-Coder-30B-A3B-Instruct-FP8,None
37,Pie,Medium,8.118072390556335,16.23614478111267,2,0.5,0.0,0.0,0.0,0.0,0.0,0.0,0.0,0.5,0.0,0.5,0.0,0.0,True,Qwen/Qwen3-Coder-30B-A3B-Instruct-FP8,None
46,Pie,Easy,0.32573699951171875,0.6514739990234375,2,0.0,0.0,0.0,0.0,0.0,0.0,0.0,0.0,0.0,0.0,1.0,0.0,0.0,False,Qwen/Qwen3-Coder-30B-A3B-Instruct-FP8,None
46,Pie,Easy,0.32573699951171875,0.6514739990234375,2,0.0,0.0,0.0,0.0,0.0,0.0,0.0,0.0,0.0,0.0,1.0,0.0,0.0,False,Qwen/Qwen3-Coder-30B-A3B-Instruct-FP8,None
46,Pie,Easy,0.32573699951171875,0.6514739990234375,2,0.0,0.0,0.0,0.0,0.0,0.0,0.0,0.0,0.0,0.0,1.0,0.0,0.0,False,Qwen/Qwen3-Coder-30B-A3B-Instruct-FP8,None
54,Pie,Hard,11.760922908782959,23.521845817565918,2,1.0,0.0,0.0,0.0,0.0,0.0,0.0,0.0,1.0,0.0,0.0,,0.0,True,Qwen/Qwen3-Coder-30B-A3B-Instruct-FP8,None
54,Pie,Hard,11.760922908782959,23.521845817565918,2,1.0,0.0,0.0,0.0,0.0,0.0,0.0,0.0,1.0,0.0,0.0,,0.0,True,Qwen/Qwen3-Coder-30B-A3B-Instruct-FP8,None
54,Pie,Hard,11.760922908782959,23.521845817565918,2,1.0,0.0,0.0,0.0,0.0,0.0,0.0,0.0,1.0,0.0,0.0,,0.0,True,Qwen/Qwen3-Coder-30B-A3B-Instruct-FP8,None
55,Bar,Hard,5.8861342668533325,11.772268533706665,2,0.5,0.0,0.0,0.0,0.0,0.0,0.0,0.0,0.5,0.0,0.5,0.0,0.0,True,Qwen/Qwen3-Coder-30B-A3B-Instruct-FP8,None
55,Bar,Hard,5.8861342668533325,11.772268533706665,2,0.5,0.0,0.0,0.0,0.0,0.0,0.0,0.0,0.5,0.0,0.5,0.0,0.0,True,Qwen/Qwen3-Coder-30B-A3B-Instruct-FP8,None
55,Bar,Hard,5.8861342668533325,11.772268533706665,2,0.5,0.0,0.0,0.0,0.0,0.0,0.0,0.0,0.5,0.0,0.5,0.0,0.0,True,Qwen/Qwen3-Coder-30B-A3B-Instruct-FP8,None
62,Scatter,Easy,0.3177586793899536,0.6355173587799072,2,0.0,0.0,0.0,0.0,0.0,0.0,0.0,0.0,0.0,0.0,1.0,0.0,0.0,False,Qwen/Qwen3-Coder-30B-A3B-Instruct-FP8,None
62,Scatter,Easy,0.3177586793899536,0.6355173587799072,2,0.0,0.0,0.0,0.0,0.0,0.0,0.0,0.0,0.0,0.0,1.0,0.0,0.0,False,Qwen/Qwen3-Coder-30B-A3B-Instruct-FP8,None
62,Scatter,Easy,0.3177586793899536,0.6355173587799072,2,0.0,0.0,0.0,0.0,0.0,0.0,0.0,0.0,0.0,0.0,1.0,0.0,0.0,False,Qwen/Qwen3-Coder-30B-A3B-Instruct-FP8,None
63,Pie,Medium,0.3939340114593506,1.5757360458374023,4,0.0,0.0,0.0,0.0,0.0,0.0,0.0,0.0,0.0,0.0,1.0,0.0,0.0,False,Qwen/Qwen3-Coder-30B-A3B-Instruct-FP8,None
63,Pie,Medium,0.3939340114593506,1.5757360458374023,4,0.0,0.0,0.0,0.0,0.0,0.0,0.0,0.0,0.0,0.0,1.0,0.0,0.0,False,Qwen/Qwen3-Coder-30B-A3B-Instruct-FP8,None
63,Pie,Medium,0.3939340114593506,1.5757360458374023,4,0.0,0.0,0.0,0.0,0.0,0.0,0.0,0.0,0.0,0.0,1.0,0.0,0.0,False,Qwen/Qwen3-Coder-30B-A3B-Instruct-FP8,None
64,Bar,Medium,0.41149059931437176,1.2344717979431152,3,0.0,0.0,0.0,0.0,0.0,0.0,0.0,0.0,0.0,0.0,1.0,0.0,0.0,False,Qwen/Qwen3-Coder-30B-A3B-Instruct-FP8,None
64,Bar,Medium,0.41149059931437176,1.2344717979431152,3,0.0,0.0,0.0,0.0,0.0,0.0,0.0,0.0,0.0,0.0,1.0,0.0,0.0,False,Qwen/Qwen3-Coder-30B-A3B-Instruct-FP8,None
64,Bar,Medium,0.41149059931437176,1.2344717979431152,3,0.0,0.0,0.0,0.0,0.0,0.0,0.0,0.0,0.0,0.0,1.0,0.0,0.0,False,Qwen/Qwen3-Coder-30B-A3B-Instruct-FP8,None
65,Bar,Hard,0.6642639636993408,1.3285279273986816,2,0.0,0.0,0.0,0.0,0.0,0.0,0.0,0.0,0.0,0.0,1.0,0.0,0.0,True,Qwen/Qwen3-Coder-30B-A3B-Instruct-FP8,None
65,Bar,Hard,0.6642639636993408,1.3285279273986816,2,0.0,0.0,0.0,0.0,0.0,0.0,0.0,0.0,0.0,0.0,1.0,0.0,0.0,True,Qwen/Qwen3-Coder-30B-A3B-Instruct-FP8,None
65,Bar,Hard,0.6642639636993408,1.3285279273986816,2,0.0,0.0,0.0,0.0,0.0,0.0,0.0,0.0,0.0,0.0,1.0,0.0,0.0,True,Qwen/Qwen3-Coder-30B-A3B-Instruct-FP8,None
68,Bar,Hard,2.4584566354751587,4.916913270950317,2,0.0,0.0,0.0,0.0,0.0,0.0,0.0,0.0,0.0,0.0,1.0,0.0,0.0,True,Qwen/Qwen3-Coder-30B-A3B-Instruct-FP8,None
68,Bar,Hard,2.4584566354751587,4.916913270950317,2,0.0,0.0,0.0,0.0,0.0,0.0,0.0,0.0,0.0,0.0,1.0,0.0,0.0,True,Qwen/Qwen3-Coder-30B-A3B-Instruct-FP8,None
68,Bar,Hard,2.4584566354751587,4.916913270950317,2,0.0,0.0,0.0,0.0,0.0,0.0,0.0,0.0,0.0,0.0,1.0,0.0,0.0,True,Qwen/Qwen3-Coder-30B-A3B-Instruct-FP8,None
69,Bar,Hard,0.6366260051727295,1.273252010345459,2,0.0,0.0,0.0,0.0,0.0,0.0,0.0,0.0,0.0,0.0,1.0,0.0,0.0,True,Qwen/Qwen3-Coder-30B-A3B-Instruct-FP8,None
69,Bar,Hard,0.6366260051727295,1.273252010345459,2,0.0,0.0,0.0,0.0,0.0,0.0,0.0,0.0,0.0,0.0,1.0,0.0,0.0,True,Qwen/Qwen3-Coder-30B-A3B-Instruct-FP8,None
69,Bar,Hard,0.6366260051727295,1.273252010345459,2,0.0,0.0,0.0,0.0,0.0,0.0,0.0,0.0,0.0,0.0,1.0,0.0,0.0,True,Qwen/Qwen3-Coder-30B-A3B-Instruct-FP8,None
72,Bar,Hard,0.6116082668304443,1.2232165336608887,2,0.0,0.0,0.0,0.0,0.0,0.0,0.0,0.0,0.0,0.0,1.0,0.0,0.0,True,Qwen/Qwen3-Coder-30B-A3B-Instruct-FP8,None
72,Bar,Hard,0.6116082668304443,1.2232165336608887,2,0.0,0.0,0.0,0.0,0.0,0.0,0.0,0.0,0.0,0.0,1.0,0.0,0.0,True,Qwen/Qwen3-Coder-30B-A3B-Instruct-FP8,None
72,Bar,Hard,0.6116082668304443,1.2232165336608887,2,0.0,0.0,0.0,0.0,0.0,0.0,0.0,0.0,0.0,0.0,1.0,0.0,0.0,True,Qwen/Qwen3-Coder-30B-A3B-Instruct-FP8,None
74,Bar,Easy,0.36048134167989093,2.1628880500793457,6,0.0,0.0,0.0,0.0,0.0,0.0,0.0,0.0,0.0,0.0,1.0,0.0,0.0,False,Qwen/Qwen3-Coder-30B-A3B-Instruct-FP8,None
74,Bar,Easy,0.36048134167989093,2.1628880500793457,6,0.0,0.0,0.0,0.0,0.0,0.0,0.0,0.0,0.0,0.0,1.0,0.0,0.0,False,Qwen/Qwen3-Coder-30B-A3B-Instruct-FP8,None
74,Bar,Easy,0.36048134167989093,2.1628880500793457,6,0.0,0.0,0.0,0.0,0.0,0.0,0.0,0.0,0.0,0.0,1.0,0.0,0.0,False,Qwen/Qwen3-Coder-30B-A3B-Instruct-FP8,None
77,Bar,Hard,0.6477717161178589,1.2955434322357178,2,0.0,0.0,0.0,0.0,0.0,0.0,0.0,0.0,0.0,0.0,1.0,0.0,0.0,True,Qwen/Qwen3-Coder-30B-A3B-Instruct-FP8,None
77,Bar,Hard,0.6477717161178589,1.2955434322357178,2,0.0,0.0,0.0,0.0,0.0,0.0,0.0,0.0,0.0,0.0,1.0,0.0,0.0,True,Qwen/Qwen3-Coder-30B-A3B-Instruct-FP8,None
77,Bar,Hard,0.6477717161178589,1.2955434322357178,2,0.0,0.0,0.0,0.0,0.0,0.0,0.0,0.0,0.0,0.0,1.0,0.0,0.0,True,Qwen/Qwen3-Coder-30B-A3B-Instruct-FP8,None
81,Pie,Hard,0.5499692559242249,2.1998770236968994,4,0.0,0.0,0.0,0.0,0.0,0.0,0.0,0.0,0.0,0.0,1.0,0.0,0.0,True,Qwen/Qwen3-Coder-30B-A3B-Instruct-FP8,None
81,Pie,Hard,0.5499692559242249,2.1998770236968994,4,0.0,0.0,0.0,0.0,0.0,0.0,0.0,0.0,0.0,0.0,1.0,0.0,0.0,True,Qwen/Qwen3-Coder-30B-A3B-Instruct-FP8,None
81,Pie,Hard,0.5499692559242249,2.1998770236968994,4,0.0,0.0,0.0,0.0,0.0,0.0,0.0,0.0,0.0,0.0,1.0,0.0,0.0,True,Qwen/Qwen3-Coder-30B-A3B-Instruct-FP8,None
86,Bar,Easy,8.48861563205719,16.97723126411438,2,0.5,0.5,0.0,0.0,0.0,0.0,0.0,0.0,1.0,0.0,0.0,,0.0,False,Qwen/Qwen3-Coder-30B-A3B-Instruct-FP8,None
86,Bar,Easy,8.48861563205719,16.97723126411438,2,0.5,0.5,0.0,0.0,0.0,0.0,0.0,0.0,1.0,0.0,0.0,,0.0,False,Qwen/Qwen3-Coder-30B-A3B-Instruct-FP8,None
86,Bar,Easy,8.48861563205719,16.97723126411438,2,0.5,0.5,0.0,0.0,0.0,0.0,0.0,0.0,1.0,0.0,0.0,,0.0,False,Qwen/Qwen3-Coder-30B-A3B-Instruct-FP8,None
93,Pie,Medium,0.36144208908081055,1.4457683563232422,4,0.0,0.0,0.0,0.0,0.0,0.0,0.0,0.0,0.0,0.0,1.0,0.0,0.0,False,Qwen/Qwen3-Coder-30B-A3B-Instruct-FP8,None
93,Pie,Medium,0.36144208908081055,1.4457683563232422,4,0.0,0.0,0.0,0.0,0.0,0.0,0.0,0.0,0.0,0.0,1.0,0.0,0.0,False,Qwen/Qwen3-Coder-30B-A3B-Instruct-FP8,None
93,Pie,Medium,0.36144208908081055,1.4457683563232422,4,0.0,0.0,0.0,0.0,0.0,0.0,0.0,0.0,0.0,0.0,1.0,0.0,0.0,False,Qwen/Qwen3-Coder-30B-A3B-Instruct-FP8,None
94,Bar,Medium,0.3823225498199463,1.5292901992797852,4,0.0,0.0,0.0,0.0,0.0,0.0,0.0,0.0,0.0,0.0,1.0,0.0,0.0,False,Qwen/Qwen3-Coder-30B-A3B-Instruct-FP8,None
94,Bar,Medium,0.3823225498199463,1.5292901992797852,4,0.0,0.0,0.0,0.0,0.0,0.0,0.0,0.0,0.0,0.0,1.0,0.0,0.0,False,Qwen/Qwen3-Coder-30B-A3B-Instruct-FP8,None
94,Bar,Medium,0.3823225498199463,1.5292901992797852,4,0.0,0.0,0.0,0.0,0.0,0.0,0.0,0.0,0.0,0.0,1.0,0.0,0.0,False,Qwen/Qwen3-Coder-30B-A3B-Instruct-FP8,None
95,Pie,Easy,0.29727570215861004,0.8918271064758301,3,0.0,0.0,0.0,0.0,0.0,0.0,0.0,0.0,0.0,0.0,1.0,0.0,0.0,False,Qwen/Qwen3-Coder-30B-A3B-Instruct-FP8,None
95,Pie,Easy,0.29727570215861004,0.8918271064758301,3,0.0,0.0,0.0,0.0,0.0,0.0,0.0,0.0,0.0,0.0,1.0,0.0,0.0,False,Qwen/Qwen3-Coder-30B-A3B-Instruct-FP8,None
95,Pie,Easy,0.29727570215861004,0.8918271064758301,3,0.0,0.0,0.0,0.0,0.0,0.0,0.0,0.0,0.0,0.0,1.0,0.0,0.0,False,Qwen/Qwen3-Coder-30B-A3B-Instruct-FP8,None
96,Bar,Easy,0.3166197935740153,0.9498593807220459,3,0.0,0.0,0.0,0.0,0.0,0.0,0.0,0.0,0.0,0.0,1.0,0.0,0.0,False,Qwen/Qwen3-Coder-30B-A3B-Instruct-FP8,None
96,Bar,Easy,0.3166197935740153,0.9498593807220459,3,0.0,0.0,0.0,0.0,0.0,0.0,0.0,0.0,0.0,0.0,1.0,0.0,0.0,False,Qwen/Qwen3-Coder-30B-A3B-Instruct-FP8,None
96,Bar,Easy,0.3166197935740153,0.9498593807220459,3,0.0,0.0,0.0,0.0,0.0,0.0,0.0,0.0,0.0,0.0,1.0,0.0,0.0,False,Qwen/Qwen3-Coder-30B-A3B-Instruct-FP8,None
98,Bar,Medium,0.4089818000793457,0.4089818000793457,1,0.0,0.0,0.0,0.0,0.0,0.0,0.0,0.0,0.0,0.0,1.0,0.0,0.0,True,Qwen/Qwen3-Coder-30B-A3B-Instruct-FP8,None
98,Bar,Medium,0.4089818000793457,0.4089818000793457,1,0.0,0.0,0.0,0.0,0.0,0.0,0.0,0.0,0.0,0.0,1.0,0.0,0.0,True,Qwen/Qwen3-Coder-30B-A3B-Instruct-FP8,None
98,Bar,Medium,0.4089818000793457,0.4089818000793457,1,0.0,0.0,0.0,0.0,0.0,0.0,0.0,0.0,0.0,0.0,1.0,0.0,0.0,True,Qwen/Qwen3-Coder-30B-A3B-Instruct-FP8,None
103,Pie,Hard,0.6058403253555298,1.2116806507110596,2,0.0,0.0,0.0,0.0,0.0,0.0,0.0,0.0,0.0,0.0,1.0,0.0,0.0,True,Qwen/Qwen3-Coder-30B-A3B-Instruct-FP8,None
103,Pie,Hard,0.6058403253555298,1.2116806507110596,2,0.0,0.0,0.0,0.0,0.0,0.0,0.0,0.0,0.0,0.0,1.0,0.0,0.0,True,Qwen/Qwen3-Coder-30B-A3B-Instruct-FP8,None
103,Pie,Hard,0.6058403253555298,1.2116806507110596,2,0.0,0.0,0.0,0.0,0.0,0.0,0.0,0.0,0.0,0.0,1.0,0.0,0.0,True,Qwen/Qwen3-Coder-30B-A3B-Instruct-FP8,None
120,Bar,Medium,0.4107668399810791,0.4107668399810791,1,0.0,0.0,0.0,0.0,0.0,0.0,0.0,0.0,0.0,0.0,1.0,0.0,0.0,True,Qwen/Qwen3-Coder-30B-A3B-Instruct-FP8,None
120,Bar,Medium,0.4107668399810791,0.4107668399810791,1,0.0,0.0,0.0,0.0,0.0,0.0,0.0,0.0,0.0,0.0,1.0,0.0,0.0,True,Qwen/Qwen3-Coder-30B-A3B-Instruct-FP8,None
120,Bar,Medium,0.4107668399810791,0.4107668399810791,1,0.0,0.0,0.0,0.0,0.0,0.0,0.0,0.0,0.0,0.0,1.0,0.0,0.0,True,Qwen/Qwen3-Coder-30B-A3B-Instruct-FP8,None
131,Pie,Medium,0.48555827140808105,0.48555827140808105,1,0.0,0.0,0.0,0.0,0.0,0.0,0.0,0.0,0.0,0.0,1.0,0.0,0.0,True,Qwen/Qwen3-Coder-30B-A3B-Instruct-FP8,None
131,Pie,Medium,0.48555827140808105,0.48555827140808105,1,0.0,0.0,0.0,0.0,0.0,0.0,0.0,0.0,0.0,0.0,1.0,0.0,0.0,True,Qwen/Qwen3-Coder-30B-A3B-Instruct-FP8,None
131,Pie,Medium,0.48555827140808105,0.48555827140808105,1,0.0,0.0,0.0,0.0,0.0,0.0,0.0,0.0,0.0,0.0,1.0,0.0,0.0,True,Qwen/Qwen3-Coder-30B-A3B-Instruct-FP8,None
138,Pie,Medium,0.4585503339767456,0.9171006679534912,2,0.0,0.0,0.0,0.0,0.0,0.0,0.0,0.0,0.0,0.0,1.0,0.0,0.0,True,Qwen/Qwen3-Coder-30B-A3B-Instruct-FP8,None
138,Pie,Medium,0.4585503339767456,0.9171006679534912,2,0.0,0.0,0.0,0.0,0.0,0.0,0.0,0.0,0.0,0.0,1.0,0.0,0.0,True,Qwen/Qwen3-Coder-30B-A3B-Instruct-FP8,None
138,Pie,Medium,0.4585503339767456,0.9171006679534912,2,0.0,0.0,0.0,0.0,0.0,0.0,0.0,0.0,0.0,0.0,1.0,0.0,0.0,True,Qwen/Qwen3-Coder-30B-A3B-Instruct-FP8,None
146,Stacked Bar,Hard,8.994320154190063,8.994320154190063,1,0.0,0.0,0.0,0.0,1.0,0.0,0.0,0.0,0.0,1.0,0.0,,0.0,True,Qwen/Qwen3-Coder-30B-A3B-Instruct-FP8,None
146,Stacked Bar,Hard,8.994320154190063,8.994320154190063,1,0.0,0.0,0.0,0.0,1.0,0.0,0.0,0.0,0.0,1.0,0.0,,0.0,True,Qwen/Qwen3-Coder-30B-A3B-Instruct-FP8,None
146,Stacked Bar,Hard,8.994320154190063,8.994320154190063,1,0.0,0.0,0.0,0.0,1.0,0.0,0.0,0.0,0.0,1.0,0.0,,0.0,True,Qwen/Qwen3-Coder-30B-A3B-Instruct-FP8,None
150,Pie,Medium,0.6472127437591553,0.6472127437591553,1,0.0,0.0,0.0,0.0,0.0,0.0,0.0,0.0,0.0,0.0,1.0,0.0,0.0,True,Qwen/Qwen3-Coder-30B-A3B-Instruct-FP8,None
150,Pie,Medium,0.6472127437591553,0.6472127437591553,1,0.0,0.0,0.0,0.0,0.0,0.0,0.0,0.0,0.0,0.0,1.0,0.0,0.0,True,Qwen/Qwen3-Coder-30B-A3B-Instruct-FP8,None
150,Pie,Medium,0.6472127437591553,0.6472127437591553,1,0.0,0.0,0.0,0.0,0.0,0.0,0.0,0.0,0.0,0.0,1.0,0.0,0.0,True,Qwen/Qwen3-Coder-30B-A3B-Instruct-FP8,None
158,Bar,Hard,14.56922173500061,14.56922173500061,1,1.0,0.0,0.0,0.0,0.0,0.0,0.0,0.0,1.0,0.0,0.0,,0.0,True,Qwen/Qwen3-Coder-30B-A3B-Instruct-FP8,None
158,Bar,Hard,14.56922173500061,14.56922173500061,1,1.0,0.0,0.0,0.0,0.0,0.0,0.0,0.0,1.0,0.0,0.0,,0.0,True,Qwen/Qwen3-Coder-30B-A3B-Instruct-FP8,None
158,Bar,Hard,14.56922173500061,14.56922173500061,1,1.0,0.0,0.0,0.0,0.0,0.0,0.0,0.0,1.0,0.0,0.0,,0.0,True,Qwen/Qwen3-Coder-30B-A3B-Instruct-FP8,None
163,Line,Hard,1.2312211990356445,1.2312211990356445,1,0.0,0.0,0.0,1.0,1.0,0.0,0.0,0.0,0.0,1.0,0.0,,0.0,True,Qwen/Qwen3-Coder-30B-A3B-Instruct-FP8,None
163,Line,Hard,1.2312211990356445,1.2312211990356445,1,0.0,0.0,0.0,1.0,1.0,0.0,0.0,0.0,0.0,1.0,0.0,,0.0,True,Qwen/Qwen3-Coder-30B-A3B-Instruct-FP8,None
163,Line,Hard,1.2312211990356445,1.2312211990356445,1,0.0,0.0,0.0,1.0,1.0,0.0,0.0,0.0,0.0,1.0,0.0,,0.0,True,Qwen/Qwen3-Coder-30B-A3B-Instruct-FP8,None
173,Pie,Medium,0.37055373191833496,0.37055373191833496,1,0.0,0.0,0.0,0.0,0.0,0.0,0.0,0.0,0.0,0.0,1.0,0.0,0.0,False,Qwen/Qwen3-Coder-30B-A3B-Instruct-FP8,None
173,Pie,Medium,0.37055373191833496,0.37055373191833496,1,0.0,0.0,0.0,0.0,0.0,0.0,0.0,0.0,0.0,0.0,1.0,0.0,0.0,False,Qwen/Qwen3-Coder-30B-A3B-Instruct-FP8,None
173,Pie,Medium,0.37055373191833496,0.37055373191833496,1,0.0,0.0,0.0,0.0,0.0,0.0,0.0,0.0,0.0,0.0,1.0,0.0,0.0,False,Qwen/Qwen3-Coder-30B-A3B-Instruct-FP8,None
175,Scatter,Medium,0.5172584056854248,1.5517752170562744,3,0.0,0.0,0.0,0.0,0.0,0.0,0.0,0.0,0.0,0.0,1.0,0.0,0.0,True,Qwen/Qwen3-Coder-30B-A3B-Instruct-FP8,None
175,Scatter,Medium,0.5172584056854248,1.5517752170562744,3,0.0,0.0,0.0,0.0,0.0,0.0,0.0,0.0,0.0,0.0,1.0,0.0,0.0,True,Qwen/Qwen3-Coder-30B-A3B-Instruct-FP8,None
175,Scatter,Medium,0.5172584056854248,1.5517752170562744,3,0.0,0.0,0.0,0.0,0.0,0.0,0.0,0.0,0.0,0.0,1.0,0.0,0.0,True,Qwen/Qwen3-Coder-30B-A3B-Instruct-FP8,None
186,Bar,Medium,0.48984336853027344,0.48984336853027344,1,0.0,0.0,0.0,0.0,0.0,0.0,0.0,0.0,0.0,0.0,1.0,0.0,0.0,False,Qwen/Qwen3-Coder-30B-A3B-Instruct-FP8,None
186,Bar,Medium,0.48984336853027344,0.48984336853027344,1,0.0,0.0,0.0,0.0,0.0,0.0,0.0,0.0,0.0,0.0,1.0,0.0,0.0,False,Qwen/Qwen3-Coder-30B-A3B-Instruct-FP8,None
186,Bar,Medium,0.48984336853027344,0.48984336853027344,1,0.0,0.0,0.0,0.0,0.0,0.0,0.0,0.0,0.0,0.0,1.0,0.0,0.0,False,Qwen/Qwen3-Coder-30B-A3B-Instruct-FP8,None
189,Stacked Bar,Extra Hard,11.044918358325958,44.17967343330383,4,1.0,0.0,0.0,0.0,0.0,0.0,0.0,0.0,1.0,0.0,0.0,,0.0,False,Qwen/Qwen3-Coder-30B-A3B-Instruct-FP8,None
189,Stacked Bar,Extra Hard,11.044918358325958,44.17967343330383,4,1.0,0.0,0.0,0.0,0.0,0.0,0.0,0.0,1.0,0.0,0.0,,0.0,False,Qwen/Qwen3-Coder-30B-A3B-Instruct-FP8,None
189,Stacked Bar,Extra Hard,11.044918358325958,44.17967343330383,4,1.0,0.0,0.0,0.0,0.0,0.0,0.0,0.0,1.0,0.0,0.0,,0.0,False,Qwen/Qwen3-Coder-30B-A3B-Instruct-FP8,None
194,Stacked Bar,Extra Hard,4.023434400558472,4.023434400558472,1,0.0,0.0,0.0,0.0,0.0,0.0,0.0,0.0,0.0,0.0,1.0,0.0,0.0,False,Qwen/Qwen3-Coder-30B-A3B-Instruct-FP8,None
194,Stacked Bar,Extra Hard,4.023434400558472,4.023434400558472,1,0.0,0.0,0.0,0.0,0.0,0.0,0.0,0.0,0.0,0.0,1.0,0.0,0.0,False,Qwen/Qwen3-Coder-30B-A3B-Instruct-FP8,None
194,Stacked Bar,Extra Hard,4.023434400558472,4.023434400558472,1,0.0,0.0,0.0,0.0,0.0,0.0,0.0,0.0,0.0,0.0,1.0,0.0,0.0,False,Qwen/Qwen3-Coder-30B-A3B-Instruct-FP8,None
195,Stacked Bar,Extra Hard,3.93735933303833,3.93735933303833,1,0.0,0.0,0.0,0.0,0.0,0.0,0.0,0.0,0.0,0.0,1.0,0.0,0.0,False,Qwen/Qwen3-Coder-30B-A3B-Instruct-FP8,None
195,Stacked Bar,Extra Hard,3.93735933303833,3.93735933303833,1,0.0,0.0,0.0,0.0,0.0,0.0,0.0,0.0,0.0,0.0,1.0,0.0,0.0,False,Qwen/Qwen3-Coder-30B-A3B-Instruct-FP8,None
195,Stacked Bar,Extra Hard,3.93735933303833,3.93735933303833,1,0.0,0.0,0.0,0.0,0.0,0.0,0.0,0.0,0.0,0.0,1.0,0.0,0.0,False,Qwen/Qwen3-Coder-30B-A3B-Instruct-FP8,None
196,Stacked Bar,Extra Hard,11.70849437713623,58.54247188568115,5,1.0,0.0,0.0,0.0,0.0,0.0,0.0,0.0,1.0,0.0,0.0,,0.0,False,Qwen/Qwen3-Coder-30B-A3B-Instruct-FP8,None
196,Stacked Bar,Extra Hard,11.70849437713623,58.54247188568115,5,1.0,0.0,0.0,0.0,0.0,0.0,0.0,0.0,1.0,0.0,0.0,,0.0,False,Qwen/Qwen3-Coder-30B-A3B-Instruct-FP8,None
196,Stacked Bar,Extra Hard,11.70849437713623,58.54247188568115,5,1.0,0.0,0.0,0.0,0.0,0.0,0.0,0.0,1.0,0.0,0.0,,0.0,False,Qwen/Qwen3-Coder-30B-A3B-Instruct-FP8,None
201,Stacked Bar,Extra Hard,4.956565189361572,24.78282594680786,5,0.0,0.0,0.0,0.2,0.0,0.0,0.0,0.0,0.0,0.2,0.8,0.0,0.0,False,Qwen/Qwen3-Coder-30B-A3B-Instruct-FP8,None
201,Stacked Bar,Extra Hard,4.956565189361572,24.78282594680786,5,0.0,0.0,0.0,0.2,0.0,0.0,0.0,0.0,0.0,0.2,0.8,0.0,0.0,False,Qwen/Qwen3-Coder-30B-A3B-Instruct-FP8,None
201,Stacked Bar,Extra Hard,4.956565189361572,24.78282594680786,5,0.0,0.0,0.0,0.2,0.0,0.0,0.0,0.0,0.0,0.2,0.8,0.0,0.0,False,Qwen/Qwen3-Coder-30B-A3B-Instruct-FP8,None
202,Stacked Bar,Extra Hard,4.006867408752441,8.013734817504883,2,0.0,0.0,0.0,0.0,0.0,0.0,0.0,0.0,0.0,0.0,1.0,0.0,0.0,False,Qwen/Qwen3-Coder-30B-A3B-Instruct-FP8,None
202,Stacked Bar,Extra Hard,4.006867408752441,8.013734817504883,2,0.0,0.0,0.0,0.0,0.0,0.0,0.0,0.0,0.0,0.0,1.0,0.0,0.0,False,Qwen/Qwen3-Coder-30B-A3B-Instruct-FP8,None
202,Stacked Bar,Extra Hard,4.006867408752441,8.013734817504883,2,0.0,0.0,0.0,0.0,0.0,0.0,0.0,0.0,0.0,0.0,1.0,0.0,0.0,False,Qwen/Qwen3-Coder-30B-A3B-Instruct-FP8,None
205,Bar,Medium,0.41556819279988605,1.2467045783996582,3,0.0,0.0,0.0,0.0,0.0,0.0,0.0,0.0,0.0,0.0,1.0,0.0,0.0,False,Qwen/Qwen3-Coder-30B-A3B-Instruct-FP8,None
205,Bar,Medium,0.41556819279988605,1.2467045783996582,3,0.0,0.0,0.0,0.0,0.0,0.0,0.0,0.0,0.0,0.0,1.0,0.0,0.0,False,Qwen/Qwen3-Coder-30B-A3B-Instruct-FP8,None
205,Bar,Medium,0.41556819279988605,1.2467045783996582,3,0.0,0.0,0.0,0.0,0.0,0.0,0.0,0.0,0.0,0.0,1.0,0.0,0.0,False,Qwen/Qwen3-Coder-30B-A3B-Instruct-FP8,None
210,Stacked Bar,Extra Hard,3.168840169906616,3.168840169906616,1,0.0,0.0,0.0,0.0,0.0,0.0,0.0,0.0,0.0,0.0,1.0,0.0,0.0,False,Qwen/Qwen3-Coder-30B-A3B-Instruct-FP8,None
210,Stacked Bar,Extra Hard,3.168840169906616,3.168840169906616,1,0.0,0.0,0.0,0.0,0.0,0.0,0.0,0.0,0.0,0.0,1.0,0.0,0.0,False,Qwen/Qwen3-Coder-30B-A3B-Instruct-FP8,None
210,Stacked Bar,Extra Hard,3.168840169906616,3.168840169906616,1,0.0,0.0,0.0,0.0,0.0,0.0,0.0,0.0,0.0,0.0,1.0,0.0,0.0,False,Qwen/Qwen3-Coder-30B-A3B-Instruct-FP8,None
211,Stacked Bar,Extra Hard,3.406836748123169,3.406836748123169,1,0.0,0.0,0.0,0.0,0.0,0.0,0.0,0.0,0.0,0.0,1.0,0.0,0.0,False,Qwen/Qwen3-Coder-30B-A3B-Instruct-FP8,None
211,Stacked Bar,Extra Hard,3.406836748123169,3.406836748123169,1,0.0,0.0,0.0,0.0,0.0,0.0,0.0,0.0,0.0,0.0,1.0,0.0,0.0,False,Qwen/Qwen3-Coder-30B-A3B-Instruct-FP8,None
211,Stacked Bar,Extra Hard,3.406836748123169,3.406836748123169,1,0.0,0.0,0.0,0.0,0.0,0.0,0.0,0.0,0.0,0.0,1.0,0.0,0.0,False,Qwen/Qwen3-Coder-30B-A3B-Instruct-FP8,None
219,Bar,Medium,0.39076370000839233,1.5630548000335693,4,0.0,0.0,0.0,0.0,0.0,0.0,0.0,0.0,0.0,0.0,1.0,0.0,0.0,False,Qwen/Qwen3-Coder-30B-A3B-Instruct-FP8,None
219,Bar,Medium,0.39076370000839233,1.5630548000335693,4,0.0,0.0,0.0,0.0,0.0,0.0,0.0,0.0,0.0,0.0,1.0,0.0,0.0,False,Qwen/Qwen3-Coder-30B-A3B-Instruct-FP8,None
219,Bar,Medium,0.39076370000839233,1.5630548000335693,4,0.0,0.0,0.0,0.0,0.0,0.0,0.0,0.0,0.0,0.0,1.0,0.0,0.0,False,Qwen/Qwen3-Coder-30B-A3B-Instruct-FP8,None
224,Stacked Bar,Extra Hard,6.367378155390422,19.102134466171265,3,0.0,0.0,0.0,0.0,0.0,0.0,0.0,0.0,0.0,0.0,1.0,0.0,0.0,False,Qwen/Qwen3-Coder-30B-A3B-Instruct-FP8,None
224,Stacked Bar,Extra Hard,6.367378155390422,19.102134466171265,3,0.0,0.0,0.0,0.0,0.0,0.0,0.0,0.0,0.0,0.0,1.0,0.0,0.0,False,Qwen/Qwen3-Coder-30B-A3B-Instruct-FP8,None
224,Stacked Bar,Extra Hard,6.367378155390422,19.102134466171265,3,0.0,0.0,0.0,0.0,0.0,0.0,0.0,0.0,0.0,0.0,1.0,0.0,0.0,False,Qwen/Qwen3-Coder-30B-A3B-Instruct-FP8,None
225,Stacked Bar,Extra Hard,11.887775659561157,11.887775659561157,1,1.0,0.0,0.0,0.0,0.0,0.0,0.0,0.0,1.0,0.0,0.0,,0.0,False,Qwen/Qwen3-Coder-30B-A3B-Instruct-FP8,None
225,Stacked Bar,Extra Hard,11.887775659561157,11.887775659561157,1,1.0,0.0,0.0,0.0,0.0,0.0,0.0,0.0,1.0,0.0,0.0,,0.0,False,Qwen/Qwen3-Coder-30B-A3B-Instruct-FP8,None
225,Stacked Bar,Extra Hard,11.887775659561157,11.887775659561157,1,1.0,0.0,0.0,0.0,0.0,0.0,0.0,0.0,1.0,0.0,0.0,,0.0,False,Qwen/Qwen3-Coder-30B-A3B-Instruct-FP8,None
231,Bar,Medium,0.4085301160812378,1.6341204643249512,4,0.0,0.0,0.0,0.0,0.0,0.0,0.0,0.0,0.0,0.0,1.0,0.0,0.0,False,Qwen/Qwen3-Coder-30B-A3B-Instruct-FP8,None
231,Bar,Medium,0.4085301160812378,1.6341204643249512,4,0.0,0.0,0.0,0.0,0.0,0.0,0.0,0.0,0.0,0.0,1.0,0.0,0.0,False,Qwen/Qwen3-Coder-30B-A3B-Instruct-FP8,None
231,Bar,Medium,0.4085301160812378,1.6341204643249512,4,0.0,0.0,0.0,0.0,0.0,0.0,0.0,0.0,0.0,0.0,1.0,0.0,0.0,False,Qwen/Qwen3-Coder-30B-A3B-Instruct-FP8,None
233,Bar,Medium,0.43101342519124347,1.2930402755737305,3,0.0,0.0,0.0,0.0,0.0,0.0,0.0,0.0,0.0,0.0,1.0,0.0,0.0,False,Qwen/Qwen3-Coder-30B-A3B-Instruct-FP8,None
233,Bar,Medium,0.43101342519124347,1.2930402755737305,3,0.0,0.0,0.0,0.0,0.0,0.0,0.0,0.0,0.0,0.0,1.0,0.0,0.0,False,Qwen/Qwen3-Coder-30B-A3B-Instruct-FP8,None
233,Bar,Medium,0.43101342519124347,1.2930402755737305,3,0.0,0.0,0.0,0.0,0.0,0.0,0.0,0.0,0.0,0.0,1.0,0.0,0.0,False,Qwen/Qwen3-Coder-30B-A3B-Instruct-FP8,None
238,Bar,Medium,0.43909305334091187,1.7563722133636475,4,0.0,0.0,0.0,0.0,0.0,0.0,0.0,0.0,0.0,0.0,1.0,0.0,0.0,False,Qwen/Qwen3-Coder-30B-A3B-Instruct-FP8,None
238,Bar,Medium,0.43909305334091187,1.7563722133636475,4,0.0,0.0,0.0,0.0,0.0,0.0,0.0,0.0,0.0,0.0,1.0,0.0,0.0,False,Qwen/Qwen3-Coder-30B-A3B-Instruct-FP8,None
238,Bar,Medium,0.43909305334091187,1.7563722133636475,4,0.0,0.0,0.0,0.0,0.0,0.0,0.0,0.0,0.0,0.0,1.0,0.0,0.0,False,Qwen/Qwen3-Coder-30B-A3B-Instruct-FP8,None
246,Bar,Medium,0.4197389483451843,1.6789557933807373,4,0.0,0.0,0.0,0.0,0.0,0.0,0.0,0.0,0.0,0.0,1.0,0.0,0.0,False,Qwen/Qwen3-Coder-30B-A3B-Instruct-FP8,None
246,Bar,Medium,0.4197389483451843,1.6789557933807373,4,0.0,0.0,0.0,0.0,0.0,0.0,0.0,0.0,0.0,0.0,1.0,0.0,0.0,False,Qwen/Qwen3-Coder-30B-A3B-Instruct-FP8,None
246,Bar,Medium,0.4197389483451843,1.6789557933807373,4,0.0,0.0,0.0,0.0,0.0,0.0,0.0,0.0,0.0,0.0,1.0,0.0,0.0,False,Qwen/Qwen3-Coder-30B-A3B-Instruct-FP8,None
247,Bar,Medium,0.41403818130493164,1.6561527252197266,4,0.0,0.0,0.0,0.0,0.0,0.0,0.0,0.0,0.0,0.0,1.0,0.0,0.0,False,Qwen/Qwen3-Coder-30B-A3B-Instruct-FP8,None
247,Bar,Medium,0.41403818130493164,1.6561527252197266,4,0.0,0.0,0.0,0.0,0.0,0.0,0.0,0.0,0.0,0.0,1.0,0.0,0.0,False,Qwen/Qwen3-Coder-30B-A3B-Instruct-FP8,None
247,Bar,Medium,0.41403818130493164,1.6561527252197266,4,0.0,0.0,0.0,0.0,0.0,0.0,0.0,0.0,0.0,0.0,1.0,0.0,0.0,False,Qwen/Qwen3-Coder-30B-A3B-Instruct-FP8,None
248,Bar,Medium,0.43732404708862305,0.43732404708862305,1,0.0,0.0,0.0,0.0,0.0,0.0,0.0,0.0,0.0,0.0,1.0,0.0,0.0,False,Qwen/Qwen3-Coder-30B-A3B-Instruct-FP8,None
248,Bar,Medium,0.43732404708862305,0.43732404708862305,1,0.0,0.0,0.0,0.0,0.0,0.0,0.0,0.0,0.0,0.0,1.0,0.0,0.0,False,Qwen/Qwen3-Coder-30B-A3B-Instruct-FP8,None
248,Bar,Medium,0.43732404708862305,0.43732404708862305,1,0.0,0.0,0.0,0.0,0.0,0.0,0.0,0.0,0.0,0.0,1.0,0.0,0.0,False,Qwen/Qwen3-Coder-30B-A3B-Instruct-FP8,None
252,Pie,Medium,0.36109280586242676,0.7221856117248535,2,0.0,0.0,0.0,0.0,0.0,0.0,0.0,0.0,0.0,0.0,1.0,0.0,0.0,False,Qwen/Qwen3-Coder-30B-A3B-Instruct-FP8,None
252,Pie,Medium,0.36109280586242676,0.7221856117248535,2,0.0,0.0,0.0,0.0,0.0,0.0,0.0,0.0,0.0,0.0,1.0,0.0,0.0,False,Qwen/Qwen3-Coder-30B-A3B-Instruct-FP8,None
252,Pie,Medium,0.36109280586242676,0.7221856117248535,2,0.0,0.0,0.0,0.0,0.0,0.0,0.0,0.0,0.0,0.0,1.0,0.0,0.0,False,Qwen/Qwen3-Coder-30B-A3B-Instruct-FP8,None
264,Bar,Medium,0.431138277053833,1.724553108215332,4,0.0,0.0,0.0,0.0,0.0,0.0,0.0,0.0,0.0,0.0,1.0,0.0,0.0,False,Qwen/Qwen3-Coder-30B-A3B-Instruct-FP8,None
264,Bar,Medium,0.431138277053833,1.724553108215332,4,0.0,0.0,0.0,0.0,0.0,0.0,0.0,0.0,0.0,0.0,1.0,0.0,0.0,False,Qwen/Qwen3-Coder-30B-A3B-Instruct-FP8,None
264,Bar,Medium,0.431138277053833,1.724553108215332,4,0.0,0.0,0.0,0.0,0.0,0.0,0.0,0.0,0.0,0.0,1.0,0.0,0.0,False,Qwen/Qwen3-Coder-30B-A3B-Instruct-FP8,None
265,Bar,Medium,0.42957814534505206,1.2887344360351562,3,0.0,0.0,0.0,0.0,0.0,0.0,0.0,0.0,0.0,0.0,1.0,0.0,0.0,False,Qwen/Qwen3-Coder-30B-A3B-Instruct-FP8,None
265,Bar,Medium,0.42957814534505206,1.2887344360351562,3,0.0,0.0,0.0,0.0,0.0,0.0,0.0,0.0,0.0,0.0,1.0,0.0,0.0,False,Qwen/Qwen3-Coder-30B-A3B-Instruct-FP8,None
265,Bar,Medium,0.42957814534505206,1.2887344360351562,3,0.0,0.0,0.0,0.0,0.0,0.0,0.0,0.0,0.0,0.0,1.0,0.0,0.0,False,Qwen/Qwen3-Coder-30B-A3B-Instruct-FP8,None
267,Line,Easy,3.775137027104696,11.325411081314087,3,0.0,0.0,0.0,0.0,1.0,0.0,0.0,0.0,0.0,1.0,0.0,,0.0,False,Qwen/Qwen3-Coder-30B-A3B-Instruct-FP8,None
267,Line,Easy,3.775137027104696,11.325411081314087,3,0.0,0.0,0.0,0.0,1.0,0.0,0.0,0.0,0.0,1.0,0.0,,0.0,False,Qwen/Qwen3-Coder-30B-A3B-Instruct-FP8,None
267,Line,Easy,3.775137027104696,11.325411081314087,3,0.0,0.0,0.0,0.0,1.0,0.0,0.0,0.0,0.0,1.0,0.0,,0.0,False,Qwen/Qwen3-Coder-30B-A3B-Instruct-FP8,None
273,Line,Medium,0.4618668556213379,1.8474674224853516,4,0.0,0.0,0.0,0.0,1.0,0.0,0.0,0.0,0.0,1.0,0.0,,0.0,False,Qwen/Qwen3-Coder-30B-A3B-Instruct-FP8,None
273,Line,Medium,0.4618668556213379,1.8474674224853516,4,0.0,0.0,0.0,0.0,1.0,0.0,0.0,0.0,0.0,1.0,0.0,,0.0,False,Qwen/Qwen3-Coder-30B-A3B-Instruct-FP8,None
273,Line,Medium,0.4618668556213379,1.8474674224853516,4,0.0,0.0,0.0,0.0,1.0,0.0,0.0,0.0,0.0,1.0,0.0,,0.0,False,Qwen/Qwen3-Coder-30B-A3B-Instruct-FP8,None
285,Bar,Medium,4.063506364822388,4.063506364822388,1,0.0,0.0,0.0,0.0,1.0,0.0,0.0,0.0,0.0,1.0,0.0,,0.0,False,Qwen/Qwen3-Coder-30B-A3B-Instruct-FP8,None
285,Bar,Medium,4.063506364822388,4.063506364822388,1,0.0,0.0,0.0,0.0,1.0,0.0,0.0,0.0,0.0,1.0,0.0,,0.0,False,Qwen/Qwen3-Coder-30B-A3B-Instruct-FP8,None
285,Bar,Medium,4.063506364822388,4.063506364822388,1,0.0,0.0,0.0,0.0,1.0,0.0,0.0,0.0,0.0,1.0,0.0,,0.0,False,Qwen/Qwen3-Coder-30B-A3B-Instruct-FP8,None
286,Bar,Medium,0.5258064270019531,0.5258064270019531,1,0.0,0.0,0.0,0.0,0.0,0.0,0.0,0.0,0.0,0.0,1.0,0.0,0.0,False,Qwen/Qwen3-Coder-30B-A3B-Instruct-FP8,None
286,Bar,Medium,0.5258064270019531,0.5258064270019531,1,0.0,0.0,0.0,0.0,0.0,0.0,0.0,0.0,0.0,0.0,1.0,0.0,0.0,False,Qwen/Qwen3-Coder-30B-A3B-Instruct-FP8,None
286,Bar,Medium,0.5258064270019531,0.5258064270019531,1,0.0,0.0,0.0,0.0,0.0,0.0,0.0,0.0,0.0,0.0,1.0,0.0,0.0,False,Qwen/Qwen3-Coder-30B-A3B-Instruct-FP8,None
291,Bar,Hard,12.22267746925354,12.22267746925354,1,1.0,0.0,0.0,0.0,0.0,0.0,0.0,0.0,1.0,0.0,0.0,,0.0,False,Qwen/Qwen3-Coder-30B-A3B-Instruct-FP8,None
291,Bar,Hard,12.22267746925354,12.22267746925354,1,1.0,0.0,0.0,0.0,0.0,0.0,0.0,0.0,1.0,0.0,0.0,,0.0,False,Qwen/Qwen3-Coder-30B-A3B-Instruct-FP8,None
291,Bar,Hard,12.22267746925354,12.22267746925354,1,1.0,0.0,0.0,0.0,0.0,0.0,0.0,0.0,1.0,0.0,0.0,,0.0,False,Qwen/Qwen3-Coder-30B-A3B-Instruct-FP8,None
292,Scatter,Medium,3.9994152784347534,7.998830556869507,2,0.0,0.0,0.0,0.0,1.0,0.0,0.0,0.0,0.0,1.0,0.0,,0.0,False,Qwen/Qwen3-Coder-30B-A3B-Instruct-FP8,None
292,Scatter,Medium,3.9994152784347534,7.998830556869507,2,0.0,0.0,0.0,0.0,1.0,0.0,0.0,0.0,0.0,1.0,0.0,,0.0,False,Qwen/Qwen3-Coder-30B-A3B-Instruct-FP8,None
292,Scatter,Medium,3.9994152784347534,7.998830556869507,2,0.0,0.0,0.0,0.0,1.0,0.0,0.0,0.0,0.0,1.0,0.0,,0.0,False,Qwen/Qwen3-Coder-30B-A3B-Instruct-FP8,None
293,Bar,Hard,10.700058937072754,10.700058937072754,1,1.0,0.0,0.0,0.0,0.0,0.0,0.0,0.0,1.0,0.0,0.0,,0.0,False,Qwen/Qwen3-Coder-30B-A3B-Instruct-FP8,None
293,Bar,Hard,10.700058937072754,10.700058937072754,1,1.0,0.0,0.0,0.0,0.0,0.0,0.0,0.0,1.0,0.0,0.0,,0.0,False,Qwen/Qwen3-Coder-30B-A3B-Instruct-FP8,None
293,Bar,Hard,10.700058937072754,10.700058937072754,1,1.0,0.0,0.0,0.0,0.0,0.0,0.0,0.0,1.0,0.0,0.0,,0.0,False,Qwen/Qwen3-Coder-30B-A3B-Instruct-FP8,None
295,Bar,Hard,6.340845346450806,12.681690692901611,2,0.5,0.0,0.0,0.0,0.5,0.0,0.0,0.0,0.5,0.5,0.0,,0.0,False,Qwen/Qwen3-Coder-30B-A3B-Instruct-FP8,None
295,Bar,Hard,6.340845346450806,12.681690692901611,2,0.5,0.0,0.0,0.0,0.5,0.0,0.0,0.0,0.5,0.5,0.0,,0.0,False,Qwen/Qwen3-Coder-30B-A3B-Instruct-FP8,None
295,Bar,Hard,6.340845346450806,12.681690692901611,2,0.5,0.0,0.0,0.0,0.5,0.0,0.0,0.0,0.5,0.5,0.0,,0.0,False,Qwen/Qwen3-Coder-30B-A3B-Instruct-FP8,None
296,Bar,Hard,0.7182443141937256,0.7182443141937256,1,0.0,0.0,0.0,0.0,1.0,0.0,0.0,0.0,0.0,1.0,0.0,,0.0,False,Qwen/Qwen3-Coder-30B-A3B-Instruct-FP8,None
296,Bar,Hard,0.7182443141937256,0.7182443141937256,1,0.0,0.0,0.0,0.0,1.0,0.0,0.0,0.0,0.0,1.0,0.0,,0.0,False,Qwen/Qwen3-Coder-30B-A3B-Instruct-FP8,None
296,Bar,Hard,0.7182443141937256,0.7182443141937256,1,0.0,0.0,0.0,0.0,1.0,0.0,0.0,0.0,0.0,1.0,0.0,,0.0,False,Qwen/Qwen3-Coder-30B-A3B-Instruct-FP8,None
297,Bar,Medium,0.5211805105209351,1.0423610210418701,2,0.0,0.0,0.0,0.0,1.0,0.0,0.0,0.0,0.0,1.0,0.0,,0.0,False,Qwen/Qwen3-Coder-30B-A3B-Instruct-FP8,None
297,Bar,Medium,0.5211805105209351,1.0423610210418701,2,0.0,0.0,0.0,0.0,1.0,0.0,0.0,0.0,0.0,1.0,0.0,,0.0,False,Qwen/Qwen3-Coder-30B-A3B-Instruct-FP8,None
297,Bar,Medium,0.5211805105209351,1.0423610210418701,2,0.0,0.0,0.0,0.0,1.0,0.0,0.0,0.0,0.0,1.0,0.0,,0.0,False,Qwen/Qwen3-Coder-30B-A3B-Instruct-FP8,None
306,Pie,Easy,0.3272851308186849,0.9818553924560547,3,0.0,0.0,0.0,0.0,0.6666666666666666,0.0,0.0,0.0,0.0,0.6666666666666666,0.3333333333333333,0.0,0.0,False,Qwen/Qwen3-Coder-30B-A3B-Instruct-FP8,None
306,Pie,Easy,0.3272851308186849,0.9818553924560547,3,0.0,0.0,0.0,0.0,0.6666666666666666,0.0,0.0,0.0,0.0,0.6666666666666666,0.3333333333333333,0.0,0.0,False,Qwen/Qwen3-Coder-30B-A3B-Instruct-FP8,None
306,Pie,Easy,0.3272851308186849,0.9818553924560547,3,0.0,0.0,0.0,0.0,0.6666666666666666,0.0,0.0,0.0,0.0,0.6666666666666666,0.3333333333333333,0.0,0.0,False,Qwen/Qwen3-Coder-30B-A3B-Instruct-FP8,None
308,Scatter,Easy,0.6164296865463257,1.2328593730926514,2,0.0,0.0,0.0,0.0,0.0,0.0,0.0,0.0,0.0,0.0,1.0,0.0,0.0,True,Qwen/Qwen3-Coder-30B-A3B-Instruct-FP8,None
308,Scatter,Easy,0.6164296865463257,1.2328593730926514,2,0.0,0.0,0.0,0.0,0.0,0.0,0.0,0.0,0.0,0.0,1.0,0.0,0.0,True,Qwen/Qwen3-Coder-30B-A3B-Instruct-FP8,None
308,Scatter,Easy,0.6164296865463257,1.2328593730926514,2,0.0,0.0,0.0,0.0,0.0,0.0,0.0,0.0,0.0,0.0,1.0,0.0,0.0,True,Qwen/Qwen3-Coder-30B-A3B-Instruct-FP8,None
312,Pie,Hard,2.6352295875549316,5.270459175109863,2,0.0,0.0,0.0,0.0,0.0,0.0,0.0,0.0,0.0,0.0,1.0,0.0,0.0,False,Qwen/Qwen3-Coder-30B-A3B-Instruct-FP8,None
312,Pie,Hard,2.6352295875549316,5.270459175109863,2,0.0,0.0,0.0,0.0,0.0,0.0,0.0,0.0,0.0,0.0,1.0,0.0,0.0,False,Qwen/Qwen3-Coder-30B-A3B-Instruct-FP8,None
312,Pie,Hard,2.6352295875549316,5.270459175109863,2,0.0,0.0,0.0,0.0,0.0,0.0,0.0,0.0,0.0,0.0,1.0,0.0,0.0,False,Qwen/Qwen3-Coder-30B-A3B-Instruct-FP8,None
316,Line,Medium,0.5688338279724121,1.7065014839172363,3,0.0,0.0,0.0,0.0,1.0,0.0,0.0,0.0,0.0,1.0,0.0,,0.0,False,Qwen/Qwen3-Coder-30B-A3B-Instruct-FP8,None
316,Line,Medium,0.5688338279724121,1.7065014839172363,3,0.0,0.0,0.0,0.0,1.0,0.0,0.0,0.0,0.0,1.0,0.0,,0.0,False,Qwen/Qwen3-Coder-30B-A3B-Instruct-FP8,None
316,Line,Medium,0.5688338279724121,1.7065014839172363,3,0.0,0.0,0.0,0.0,1.0,0.0,0.0,0.0,0.0,1.0,0.0,,0.0,False,Qwen/Qwen3-Coder-30B-A3B-Instruct-FP8,None
328,Scatter,Medium,0.657771110534668,1.315542221069336,2,0.0,0.0,0.0,0.0,0.5,0.0,0.0,0.0,0.0,0.5,0.5,0.0,0.0,True,Qwen/Qwen3-Coder-30B-A3B-Instruct-FP8,None
328,Scatter,Medium,0.657771110534668,1.315542221069336,2,0.0,0.0,0.0,0.0,0.5,0.0,0.0,0.0,0.0,0.5,0.5,0.0,0.0,True,Qwen/Qwen3-Coder-30B-A3B-Instruct-FP8,None
328,Scatter,Medium,0.657771110534668,1.315542221069336,2,0.0,0.0,0.0,0.0,0.5,0.0,0.0,0.0,0.0,0.5,0.5,0.0,0.0,True,Qwen/Qwen3-Coder-30B-A3B-Instruct-FP8,None
335,Bar,Medium,12.559243202209473,12.559243202209473,1,1.0,0.0,0.0,0.0,0.0,0.0,0.0,0.0,1.0,0.0,0.0,,0.0,False,Qwen/Qwen3-Coder-30B-A3B-Instruct-FP8,None
335,Bar,Medium,12.559243202209473,12.559243202209473,1,1.0,0.0,0.0,0.0,0.0,0.0,0.0,0.0,1.0,0.0,0.0,,0.0,False,Qwen/Qwen3-Coder-30B-A3B-Instruct-FP8,None
335,Bar,Medium,12.559243202209473,12.559243202209473,1,1.0,0.0,0.0,0.0,0.0,0.0,0.0,0.0,1.0,0.0,0.0,,0.0,False,Qwen/Qwen3-Coder-30B-A3B-Instruct-FP8,None
338,Pie,Easy,0.32550883293151855,0.32550883293151855,1,0.0,0.0,0.0,0.0,0.0,0.0,0.0,0.0,0.0,0.0,1.0,0.0,0.0,False,Qwen/Qwen3-Coder-30B-A3B-Instruct-FP8,None
338,Pie,Easy,0.32550883293151855,0.32550883293151855,1,0.0,0.0,0.0,0.0,0.0,0.0,0.0,0.0,0.0,0.0,1.0,0.0,0.0,False,Qwen/Qwen3-Coder-30B-A3B-Instruct-FP8,None
338,Pie,Easy,0.32550883293151855,0.32550883293151855,1,0.0,0.0,0.0,0.0,0.0,0.0,0.0,0.0,0.0,0.0,1.0,0.0,0.0,False,Qwen/Qwen3-Coder-30B-A3B-Instruct-FP8,None
340,Bar,Medium,0.6732754707336426,0.6732754707336426,1,0.0,0.0,0.0,0.0,1.0,0.0,0.0,0.0,0.0,1.0,0.0,,0.0,False,Qwen/Qwen3-Coder-30B-A3B-Instruct-FP8,None
340,Bar,Medium,0.6732754707336426,0.6732754707336426,1,0.0,0.0,0.0,0.0,1.0,0.0,0.0,0.0,0.0,1.0,0.0,,0.0,False,Qwen/Qwen3-Coder-30B-A3B-Instruct-FP8,None
340,Bar,Medium,0.6732754707336426,0.6732754707336426,1,0.0,0.0,0.0,0.0,1.0,0.0,0.0,0.0,0.0,1.0,0.0,,0.0,False,Qwen/Qwen3-Coder-30B-A3B-Instruct-FP8,None
342,Line,Medium,0.7374179363250732,1.4748358726501465,2,0.0,0.0,0.0,0.0,0.0,0.0,0.0,0.0,0.0,0.0,1.0,0.0,0.0,False,Qwen/Qwen3-Coder-30B-A3B-Instruct-FP8,None
342,Line,Medium,0.7374179363250732,1.4748358726501465,2,0.0,0.0,0.0,0.0,0.0,0.0,0.0,0.0,0.0,0.0,1.0,0.0,0.0,False,Qwen/Qwen3-Coder-30B-A3B-Instruct-FP8,None
342,Line,Medium,0.7374179363250732,1.4748358726501465,2,0.0,0.0,0.0,0.0,0.0,0.0,0.0,0.0,0.0,0.0,1.0,0.0,0.0,False,Qwen/Qwen3-Coder-30B-A3B-Instruct-FP8,None
354,Scatter,Easy,0.2973045825958252,1.486522912979126,5,0.0,0.0,0.0,0.0,0.0,0.0,0.0,0.0,0.0,0.0,1.0,0.0,0.0,False,Qwen/Qwen3-Coder-30B-A3B-Instruct-FP8,None
354,Scatter,Easy,0.2973045825958252,1.486522912979126,5,0.0,0.0,0.0,0.0,0.0,0.0,0.0,0.0,0.0,0.0,1.0,0.0,0.0,False,Qwen/Qwen3-Coder-30B-A3B-Instruct-FP8,None
354,Scatter,Easy,0.2973045825958252,1.486522912979126,5,0.0,0.0,0.0,0.0,0.0,0.0,0.0,0.0,0.0,0.0,1.0,0.0,0.0,False,Qwen/Qwen3-Coder-30B-A3B-Instruct-FP8,None
367,Bar,Medium,0.36021244525909424,0.7204248905181885,2,0.0,0.0,0.0,0.0,0.0,0.5,0.0,0.0,0.0,0.5,0.5,0.0,0.0,False,Qwen/Qwen3-Coder-30B-A3B-Instruct-FP8,None
367,Bar,Medium,0.36021244525909424,0.7204248905181885,2,0.0,0.0,0.0,0.0,0.0,0.5,0.0,0.0,0.0,0.5,0.5,0.0,0.0,False,Qwen/Qwen3-Coder-30B-A3B-Instruct-FP8,None
367,Bar,Medium,0.36021244525909424,0.7204248905181885,2,0.0,0.0,0.0,0.0,0.0,0.5,0.0,0.0,0.0,0.5,0.5,0.0,0.0,False,Qwen/Qwen3-Coder-30B-A3B-Instruct-FP8,None
368,Bar,Hard,3.50199294090271,3.50199294090271,1,0.0,0.0,0.0,0.0,0.0,0.0,0.0,0.0,0.0,0.0,1.0,0.0,0.0,True,Qwen/Qwen3-Coder-30B-A3B-Instruct-FP8,None
368,Bar,Hard,3.50199294090271,3.50199294090271,1,0.0,0.0,0.0,0.0,0.0,0.0,0.0,0.0,0.0,0.0,1.0,0.0,0.0,True,Qwen/Qwen3-Coder-30B-A3B-Instruct-FP8,None
368,Bar,Hard,3.50199294090271,3.50199294090271,1,0.0,0.0,0.0,0.0,0.0,0.0,0.0,0.0,0.0,0.0,1.0,0.0,0.0,True,Qwen/Qwen3-Coder-30B-A3B-Instruct-FP8,None
370,Pie,Medium,0.5540416240692139,0.5540416240692139,1,0.0,0.0,0.0,0.0,0.0,0.0,0.0,0.0,0.0,0.0,1.0,0.0,0.0,True,Qwen/Qwen3-Coder-30B-A3B-Instruct-FP8,None
370,Pie,Medium,0.5540416240692139,0.5540416240692139,1,0.0,0.0,0.0,0.0,0.0,0.0,0.0,0.0,0.0,0.0,1.0,0.0,0.0,True,Qwen/Qwen3-Coder-30B-A3B-Instruct-FP8,None
370,Pie,Medium,0.5540416240692139,0.5540416240692139,1,0.0,0.0,0.0,0.0,0.0,0.0,0.0,0.0,0.0,0.0,1.0,0.0,0.0,True,Qwen/Qwen3-Coder-30B-A3B-Instruct-FP8,None
376,Bar,Easy,0.372418737411499,1.8620936870574951,5,0.0,0.0,0.0,0.0,0.0,0.0,0.0,0.0,0.0,0.0,1.0,0.0,0.0,False,Qwen/Qwen3-Coder-30B-A3B-Instruct-FP8,None
376,Bar,Easy,0.372418737411499,1.8620936870574951,5,0.0,0.0,0.0,0.0,0.0,0.0,0.0,0.0,0.0,0.0,1.0,0.0,0.0,False,Qwen/Qwen3-Coder-30B-A3B-Instruct-FP8,None
376,Bar,Easy,0.372418737411499,1.8620936870574951,5,0.0,0.0,0.0,0.0,0.0,0.0,0.0,0.0,0.0,0.0,1.0,0.0,0.0,False,Qwen/Qwen3-Coder-30B-A3B-Instruct-FP8,None
387,Grouping Scatter,Easy,10.073614835739136,40.29445934295654,4,1.0,0.0,0.0,0.0,0.0,0.0,0.0,0.0,1.0,0.0,0.0,,0.0,False,Qwen/Qwen3-Coder-30B-A3B-Instruct-FP8,None
387,Grouping Scatter,Easy,10.073614835739136,40.29445934295654,4,1.0,0.0,0.0,0.0,0.0,0.0,0.0,0.0,1.0,0.0,0.0,,0.0,False,Qwen/Qwen3-Coder-30B-A3B-Instruct-FP8,None
387,Grouping Scatter,Easy,10.073614835739136,40.29445934295654,4,1.0,0.0,0.0,0.0,0.0,0.0,0.0,0.0,1.0,0.0,0.0,,0.0,False,Qwen/Qwen3-Coder-30B-A3B-Instruct-FP8,None
399,Scatter,Easy,0.3075234095255534,0.9225702285766602,3,0.0,0.0,0.0,0.0,0.0,0.0,0.0,0.0,0.0,0.0,1.0,0.0,0.0,False,Qwen/Qwen3-Coder-30B-A3B-Instruct-FP8,None
399,Scatter,Easy,0.3075234095255534,0.9225702285766602,3,0.0,0.0,0.0,0.0,0.0,0.0,0.0,0.0,0.0,0.0,1.0,0.0,0.0,False,Qwen/Qwen3-Coder-30B-A3B-Instruct-FP8,None
399,Scatter,Easy,0.3075234095255534,0.9225702285766602,3,0.0,0.0,0.0,0.0,0.0,0.0,0.0,0.0,0.0,0.0,1.0,0.0,0.0,False,Qwen/Qwen3-Coder-30B-A3B-Instruct-FP8,None
400,Scatter,Easy,0.2895694971084595,0.579138994216919,2,0.0,0.0,0.0,0.0,0.0,0.0,0.0,0.0,0.0,0.0,1.0,0.0,0.0,False,Qwen/Qwen3-Coder-30B-A3B-Instruct-FP8,None
400,Scatter,Easy,0.2895694971084595,0.579138994216919,2,0.0,0.0,0.0,0.0,0.0,0.0,0.0,0.0,0.0,0.0,1.0,0.0,0.0,False,Qwen/Qwen3-Coder-30B-A3B-Instruct-FP8,None
400,Scatter,Easy,0.2895694971084595,0.579138994216919,2,0.0,0.0,0.0,0.0,0.0,0.0,0.0,0.0,0.0,0.0,1.0,0.0,0.0,False,Qwen/Qwen3-Coder-30B-A3B-Instruct-FP8,None
402,Pie,Medium,0.3064001798629761,0.6128003597259521,2,0.0,0.0,0.0,0.0,0.0,0.0,0.0,0.0,0.0,0.0,1.0,0.0,0.0,False,Qwen/Qwen3-Coder-30B-A3B-Instruct-FP8,None
402,Pie,Medium,0.3064001798629761,0.6128003597259521,2,0.0,0.0,0.0,0.0,0.0,0.0,0.0,0.0,0.0,0.0,1.0,0.0,0.0,False,Qwen/Qwen3-Coder-30B-A3B-Instruct-FP8,None
402,Pie,Medium,0.3064001798629761,0.6128003597259521,2,0.0,0.0,0.0,0.0,0.0,0.0,0.0,0.0,0.0,0.0,1.0,0.0,0.0,False,Qwen/Qwen3-Coder-30B-A3B-Instruct-FP8,None
403,Bar,Medium,0.3303520679473877,0.3303520679473877,1,0.0,0.0,0.0,0.0,0.0,0.0,0.0,0.0,0.0,0.0,1.0,0.0,0.0,False,Qwen/Qwen3-Coder-30B-A3B-Instruct-FP8,None
403,Bar,Medium,0.3303520679473877,0.3303520679473877,1,0.0,0.0,0.0,0.0,0.0,0.0,0.0,0.0,0.0,0.0,1.0,0.0,0.0,False,Qwen/Qwen3-Coder-30B-A3B-Instruct-FP8,None
403,Bar,Medium,0.3303520679473877,0.3303520679473877,1,0.0,0.0,0.0,0.0,0.0,0.0,0.0,0.0,0.0,0.0,1.0,0.0,0.0,False,Qwen/Qwen3-Coder-30B-A3B-Instruct-FP8,None
405,Bar,Easy,0.26527345180511475,0.5305469036102295,2,0.0,0.0,0.0,0.0,0.0,0.0,0.0,0.0,0.0,0.0,1.0,0.0,0.0,False,Qwen/Qwen3-Coder-30B-A3B-Instruct-FP8,None
405,Bar,Easy,0.26527345180511475,0.5305469036102295,2,0.0,0.0,0.0,0.0,0.0,0.0,0.0,0.0,0.0,0.0,1.0,0.0,0.0,False,Qwen/Qwen3-Coder-30B-A3B-Instruct-FP8,None
405,Bar,Easy,0.26527345180511475,0.5305469036102295,2,0.0,0.0,0.0,0.0,0.0,0.0,0.0,0.0,0.0,0.0,1.0,0.0,0.0,False,Qwen/Qwen3-Coder-30B-A3B-Instruct-FP8,None
409,Grouping Scatter,Easy,0.37720203399658203,0.37720203399658203,1,0.0,0.0,0.0,0.0,0.0,0.0,0.0,0.0,0.0,0.0,1.0,0.0,0.0,False,Qwen/Qwen3-Coder-30B-A3B-Instruct-FP8,None
409,Grouping Scatter,Easy,0.37720203399658203,0.37720203399658203,1,0.0,0.0,0.0,0.0,0.0,0.0,0.0,0.0,0.0,0.0,1.0,0.0,0.0,False,Qwen/Qwen3-Coder-30B-A3B-Instruct-FP8,None
409,Grouping Scatter,Easy,0.37720203399658203,0.37720203399658203,1,0.0,0.0,0.0,0.0,0.0,0.0,0.0,0.0,0.0,0.0,1.0,0.0,0.0,False,Qwen/Qwen3-Coder-30B-A3B-Instruct-FP8,None
416,Line,Medium,0.3668551445007324,0.3668551445007324,1,0.0,0.0,0.0,0.0,0.0,0.0,0.0,0.0,0.0,0.0,1.0,0.0,0.0,False,Qwen/Qwen3-Coder-30B-A3B-Instruct-FP8,None
416,Line,Medium,0.3668551445007324,0.3668551445007324,1,0.0,0.0,0.0,0.0,0.0,0.0,0.0,0.0,0.0,0.0,1.0,0.0,0.0,False,Qwen/Qwen3-Coder-30B-A3B-Instruct-FP8,None
416,Line,Medium,0.3668551445007324,0.3668551445007324,1,0.0,0.0,0.0,0.0,0.0,0.0,0.0,0.0,0.0,0.0,1.0,0.0,0.0,False,Qwen/Qwen3-Coder-30B-A3B-Instruct-FP8,None
419,Pie,Medium,0.326029896736145,0.65205979347229,2,0.0,0.0,0.0,0.0,1.0,0.0,0.0,0.0,0.0,1.0,0.0,,0.0,True,Qwen/Qwen3-Coder-30B-A3B-Instruct-FP8,None
419,Pie,Medium,0.326029896736145,0.65205979347229,2,0.0,0.0,0.0,0.0,1.0,0.0,0.0,0.0,0.0,1.0,0.0,,0.0,True,Qwen/Qwen3-Coder-30B-A3B-Instruct-FP8,None
419,Pie,Medium,0.326029896736145,0.65205979347229,2,0.0,0.0,0.0,0.0,1.0,0.0,0.0,0.0,0.0,1.0,0.0,,0.0,True,Qwen/Qwen3-Coder-30B-A3B-Instruct-FP8,None
432,Scatter,Easy,0.36421720186869305,1.092651605606079,3,0.0,0.0,0.0,0.0,0.0,0.0,0.0,0.0,0.0,0.0,1.0,0.0,0.0,False,Qwen/Qwen3-Coder-30B-A3B-Instruct-FP8,None
432,Scatter,Easy,0.36421720186869305,1.092651605606079,3,0.0,0.0,0.0,0.0,0.0,0.0,0.0,0.0,0.0,0.0,1.0,0.0,0.0,False,Qwen/Qwen3-Coder-30B-A3B-Instruct-FP8,None
432,Scatter,Easy,0.36421720186869305,1.092651605606079,3,0.0,0.0,0.0,0.0,0.0,0.0,0.0,0.0,0.0,0.0,1.0,0.0,0.0,False,Qwen/Qwen3-Coder-30B-A3B-Instruct-FP8,None
433,Pie,Medium,1.7641018231709797,5.2923054695129395,3,0.0,0.0,0.0,0.0,0.0,0.0,0.0,0.0,0.0,0.0,1.0,0.0,0.0,True,Qwen/Qwen3-Coder-30B-A3B-Instruct-FP8,None
433,Pie,Medium,1.7641018231709797,5.2923054695129395,3,0.0,0.0,0.0,0.0,0.0,0.0,0.0,0.0,0.0,0.0,1.0,0.0,0.0,True,Qwen/Qwen3-Coder-30B-A3B-Instruct-FP8,None
433,Pie,Medium,1.7641018231709797,5.2923054695129395,3,0.0,0.0,0.0,0.0,0.0,0.0,0.0,0.0,0.0,0.0,1.0,0.0,0.0,True,Qwen/Qwen3-Coder-30B-A3B-Instruct-FP8,None
440,Bar,Hard,0.7678563594818115,0.7678563594818115,1,0.0,0.0,0.0,0.0,0.0,0.0,0.0,0.0,0.0,0.0,1.0,0.0,0.0,True,Qwen/Qwen3-Coder-30B-A3B-Instruct-FP8,None
440,Bar,Hard,0.7678563594818115,0.7678563594818115,1,0.0,0.0,0.0,0.0,0.0,0.0,0.0,0.0,0.0,0.0,1.0,0.0,0.0,True,Qwen/Qwen3-Coder-30B-A3B-Instruct-FP8,None
440,Bar,Hard,0.7678563594818115,0.7678563594818115,1,0.0,0.0,0.0,0.0,0.0,0.0,0.0,0.0,0.0,0.0,1.0,0.0,0.0,True,Qwen/Qwen3-Coder-30B-A3B-Instruct-FP8,None
441,Bar,Hard,0.7019388675689697,0.7019388675689697,1,0.0,0.0,0.0,0.0,0.0,0.0,0.0,0.0,0.0,0.0,1.0,0.0,0.0,True,Qwen/Qwen3-Coder-30B-A3B-Instruct-FP8,None
441,Bar,Hard,0.7019388675689697,0.7019388675689697,1,0.0,0.0,0.0,0.0,0.0,0.0,0.0,0.0,0.0,0.0,1.0,0.0,0.0,True,Qwen/Qwen3-Coder-30B-A3B-Instruct-FP8,None
441,Bar,Hard,0.7019388675689697,0.7019388675689697,1,0.0,0.0,0.0,0.0,0.0,0.0,0.0,0.0,0.0,0.0,1.0,0.0,0.0,True,Qwen/Qwen3-Coder-30B-A3B-Instruct-FP8,None
446,Pie,Easy,0.4107646942138672,1.2322940826416016,3,0.0,0.0,0.0,0.0,1.0,0.0,0.0,0.0,0.0,1.0,0.0,,0.0,True,Qwen/Qwen3-Coder-30B-A3B-Instruct-FP8,None
446,Pie,Easy,0.4107646942138672,1.2322940826416016,3,0.0,0.0,0.0,0.0,1.0,0.0,0.0,0.0,0.0,1.0,0.0,,0.0,True,Qwen/Qwen3-Coder-30B-A3B-Instruct-FP8,None
446,Pie,Easy,0.4107646942138672,1.2322940826416016,3,0.0,0.0,0.0,0.0,1.0,0.0,0.0,0.0,0.0,1.0,0.0,,0.0,True,Qwen/Qwen3-Coder-30B-A3B-Instruct-FP8,None
451,Bar,Medium,0.45012736320495605,0.45012736320495605,1,0.0,0.0,0.0,0.0,0.0,0.0,0.0,0.0,0.0,0.0,1.0,0.0,0.0,True,Qwen/Qwen3-Coder-30B-A3B-Instruct-FP8,None
451,Bar,Medium,0.45012736320495605,0.45012736320495605,1,0.0,0.0,0.0,0.0,0.0,0.0,0.0,0.0,0.0,0.0,1.0,0.0,0.0,True,Qwen/Qwen3-Coder-30B-A3B-Instruct-FP8,None
451,Bar,Medium,0.45012736320495605,0.45012736320495605,1,0.0,0.0,0.0,0.0,0.0,0.0,0.0,0.0,0.0,0.0,1.0,0.0,0.0,True,Qwen/Qwen3-Coder-30B-A3B-Instruct-FP8,None
457,Pie,Medium,0.42197203636169434,0.42197203636169434,1,0.0,0.0,0.0,0.0,0.0,0.0,0.0,0.0,0.0,0.0,1.0,0.0,0.0,True,Qwen/Qwen3-Coder-30B-A3B-Instruct-FP8,None
457,Pie,Medium,0.42197203636169434,0.42197203636169434,1,0.0,0.0,0.0,0.0,0.0,0.0,0.0,0.0,0.0,0.0,1.0,0.0,0.0,True,Qwen/Qwen3-Coder-30B-A3B-Instruct-FP8,None
457,Pie,Medium,0.42197203636169434,0.42197203636169434,1,0.0,0.0,0.0,0.0,0.0,0.0,0.0,0.0,0.0,0.0,1.0,0.0,0.0,True,Qwen/Qwen3-Coder-30B-A3B-Instruct-FP8,None
461,Pie,Medium,0.4280731678009033,0.4280731678009033,1,0.0,0.0,0.0,0.0,0.0,0.0,0.0,0.0,0.0,0.0,1.0,0.0,0.0,True,Qwen/Qwen3-Coder-30B-A3B-Instruct-FP8,None
461,Pie,Medium,0.4280731678009033,0.4280731678009033,1,0.0,0.0,0.0,0.0,0.0,0.0,0.0,0.0,0.0,0.0,1.0,0.0,0.0,True,Qwen/Qwen3-Coder-30B-A3B-Instruct-FP8,None
461,Pie,Medium,0.4280731678009033,0.4280731678009033,1,0.0,0.0,0.0,0.0,0.0,0.0,0.0,0.0,0.0,0.0,1.0,0.0,0.0,True,Qwen/Qwen3-Coder-30B-A3B-Instruct-FP8,None
462,Pie,Medium,0.42441892623901367,0.42441892623901367,1,0.0,0.0,0.0,0.0,1.0,0.0,0.0,0.0,0.0,1.0,0.0,,0.0,True,Qwen/Qwen3-Coder-30B-A3B-Instruct-FP8,None
462,Pie,Medium,0.42441892623901367,0.42441892623901367,1,0.0,0.0,0.0,0.0,1.0,0.0,0.0,0.0,0.0,1.0,0.0,,0.0,True,Qwen/Qwen3-Coder-30B-A3B-Instruct-FP8,None
462,Pie,Medium,0.42441892623901367,0.42441892623901367,1,0.0,0.0,0.0,0.0,1.0,0.0,0.0,0.0,0.0,1.0,0.0,,0.0,True,Qwen/Qwen3-Coder-30B-A3B-Instruct-FP8,None
463,Bar,Medium,0.33949947357177734,0.33949947357177734,1,0.0,0.0,0.0,0.0,0.0,0.0,0.0,0.0,0.0,0.0,1.0,0.0,0.0,True,Qwen/Qwen3-Coder-30B-A3B-Instruct-FP8,None
463,Bar,Medium,0.33949947357177734,0.33949947357177734,1,0.0,0.0,0.0,0.0,0.0,0.0,0.0,0.0,0.0,0.0,1.0,0.0,0.0,True,Qwen/Qwen3-Coder-30B-A3B-Instruct-FP8,None
463,Bar,Medium,0.33949947357177734,0.33949947357177734,1,0.0,0.0,0.0,0.0,0.0,0.0,0.0,0.0,0.0,0.0,1.0,0.0,0.0,True,Qwen/Qwen3-Coder-30B-A3B-Instruct-FP8,None
464,Bar,Easy,0.2885064284006755,0.8655192852020264,3,0.0,0.0,0.0,0.0,0.0,0.0,0.0,0.0,0.0,0.0,1.0,0.0,0.0,False,Qwen/Qwen3-Coder-30B-A3B-Instruct-FP8,None
464,Bar,Easy,0.2885064284006755,0.8655192852020264,3,0.0,0.0,0.0,0.0,0.0,0.0,0.0,0.0,0.0,0.0,1.0,0.0,0.0,False,Qwen/Qwen3-Coder-30B-A3B-Instruct-FP8,None
464,Bar,Easy,0.2885064284006755,0.8655192852020264,3,0.0,0.0,0.0,0.0,0.0,0.0,0.0,0.0,0.0,0.0,1.0,0.0,0.0,False,Qwen/Qwen3-Coder-30B-A3B-Instruct-FP8,None
470,Line,Easy,0.42245543003082275,0.8449108600616455,2,0.0,0.0,0.0,0.0,0.0,0.0,0.0,0.0,0.0,0.0,1.0,0.0,0.0,False,Qwen/Qwen3-Coder-30B-A3B-Instruct-FP8,None
470,Line,Easy,0.42245543003082275,0.8449108600616455,2,0.0,0.0,0.0,0.0,0.0,0.0,0.0,0.0,0.0,0.0,1.0,0.0,0.0,False,Qwen/Qwen3-Coder-30B-A3B-Instruct-FP8,None
470,Line,Easy,0.42245543003082275,0.8449108600616455,2,0.0,0.0,0.0,0.0,0.0,0.0,0.0,0.0,0.0,0.0,1.0,0.0,0.0,False,Qwen/Qwen3-Coder-30B-A3B-Instruct-FP8,None
471,Line,Easy,0.42031383514404297,0.42031383514404297,1,0.0,0.0,0.0,0.0,0.0,0.0,0.0,0.0,0.0,0.0,1.0,0.0,0.0,False,Qwen/Qwen3-Coder-30B-A3B-Instruct-FP8,None
471,Line,Easy,0.42031383514404297,0.42031383514404297,1,0.0,0.0,0.0,0.0,0.0,0.0,0.0,0.0,0.0,0.0,1.0,0.0,0.0,False,Qwen/Qwen3-Coder-30B-A3B-Instruct-FP8,None
471,Line,Easy,0.42031383514404297,0.42031383514404297,1,0.0,0.0,0.0,0.0,0.0,0.0,0.0,0.0,0.0,0.0,1.0,0.0,0.0,False,Qwen/Qwen3-Coder-30B-A3B-Instruct-FP8,None
478,Pie,Medium,0.4381601810455322,0.8763203620910645,2,0.0,0.0,0.0,0.0,0.0,0.0,0.0,0.0,0.0,0.0,1.0,0.0,0.0,True,Qwen/Qwen3-Coder-30B-A3B-Instruct-FP8,None
478,Pie,Medium,0.4381601810455322,0.8763203620910645,2,0.0,0.0,0.0,0.0,0.0,0.0,0.0,0.0,0.0,0.0,1.0,0.0,0.0,True,Qwen/Qwen3-Coder-30B-A3B-Instruct-FP8,None
478,Pie,Medium,0.4381601810455322,0.8763203620910645,2,0.0,0.0,0.0,0.0,0.0,0.0,0.0,0.0,0.0,0.0,1.0,0.0,0.0,True,Qwen/Qwen3-Coder-30B-A3B-Instruct-FP8,None
479,Bar,Medium,0.4969620704650879,0.9939241409301758,2,0.0,0.0,0.0,0.0,0.0,0.0,0.0,0.0,0.0,0.0,1.0,0.0,0.0,True,Qwen/Qwen3-Coder-30B-A3B-Instruct-FP8,None
479,Bar,Medium,0.4969620704650879,0.9939241409301758,2,0.0,0.0,0.0,0.0,0.0,0.0,0.0,0.0,0.0,0.0,1.0,0.0,0.0,True,Qwen/Qwen3-Coder-30B-A3B-Instruct-FP8,None
479,Bar,Medium,0.4969620704650879,0.9939241409301758,2,0.0,0.0,0.0,0.0,0.0,0.0,0.0,0.0,0.0,0.0,1.0,0.0,0.0,True,Qwen/Qwen3-Coder-30B-A3B-Instruct-FP8,None
481,Bar,Medium,5.365705092748006,16.09711527824402,3,0.3333333333333333,0.0,0.0,0.0,0.0,0.0,0.0,0.0,0.3333333333333333,0.0,0.6666666666666666,0.0,0.0,False,Qwen/Qwen3-Coder-30B-A3B-Instruct-FP8,None
481,Bar,Medium,5.365705092748006,16.09711527824402,3,0.3333333333333333,0.0,0.0,0.0,0.0,0.0,0.0,0.0,0.3333333333333333,0.0,0.6666666666666666,0.0,0.0,False,Qwen/Qwen3-Coder-30B-A3B-Instruct-FP8,None
481,Bar,Medium,5.365705092748006,16.09711527824402,3,0.3333333333333333,0.0,0.0,0.0,0.0,0.0,0.0,0.0,0.3333333333333333,0.0,0.6666666666666666,0.0,0.0,False,Qwen/Qwen3-Coder-30B-A3B-Instruct-FP8,None
487,Pie,Medium,0.4755488634109497,0.9510977268218994,2,0.0,0.0,0.0,0.0,1.0,0.0,0.0,0.0,0.0,1.0,0.0,,0.0,True,Qwen/Qwen3-Coder-30B-A3B-Instruct-FP8,None
487,Pie,Medium,0.4755488634109497,0.9510977268218994,2,0.0,0.0,0.0,0.0,1.0,0.0,0.0,0.0,0.0,1.0,0.0,,0.0,True,Qwen/Qwen3-Coder-30B-A3B-Instruct-FP8,None
487,Pie,Medium,0.4755488634109497,0.9510977268218994,2,0.0,0.0,0.0,0.0,1.0,0.0,0.0,0.0,0.0,1.0,0.0,,0.0,True,Qwen/Qwen3-Coder-30B-A3B-Instruct-FP8,None
488,Bar,Medium,0.4865299463272095,0.973059892654419,2,0.0,0.0,0.0,0.0,0.0,0.0,0.0,0.0,0.0,0.0,1.0,0.0,0.0,True,Qwen/Qwen3-Coder-30B-A3B-Instruct-FP8,None
488,Bar,Medium,0.4865299463272095,0.973059892654419,2,0.0,0.0,0.0,0.0,0.0,0.0,0.0,0.0,0.0,0.0,1.0,0.0,0.0,True,Qwen/Qwen3-Coder-30B-A3B-Instruct-FP8,None
488,Bar,Medium,0.4865299463272095,0.973059892654419,2,0.0,0.0,0.0,0.0,0.0,0.0,0.0,0.0,0.0,0.0,1.0,0.0,0.0,True,Qwen/Qwen3-Coder-30B-A3B-Instruct-FP8,None
491,Pie,Easy,0.40076732635498047,0.40076732635498047,1,0.0,0.0,0.0,0.0,0.0,0.0,0.0,0.0,0.0,0.0,1.0,0.0,0.0,False,Qwen/Qwen3-Coder-30B-A3B-Instruct-FP8,None
491,Pie,Easy,0.40076732635498047,0.40076732635498047,1,0.0,0.0,0.0,0.0,0.0,0.0,0.0,0.0,0.0,0.0,1.0,0.0,0.0,False,Qwen/Qwen3-Coder-30B-A3B-Instruct-FP8,None
491,Pie,Easy,0.40076732635498047,0.40076732635498047,1,0.0,0.0,0.0,0.0,0.0,0.0,0.0,0.0,0.0,0.0,1.0,0.0,0.0,False,Qwen/Qwen3-Coder-30B-A3B-Instruct-FP8,None
492,Bar,Easy,8.550546884536743,8.550546884536743,1,0.0,0.0,0.0,0.0,1.0,0.0,0.0,0.0,0.0,1.0,0.0,,0.0,False,Qwen/Qwen3-Coder-30B-A3B-Instruct-FP8,None
492,Bar,Easy,8.550546884536743,8.550546884536743,1,0.0,0.0,0.0,0.0,1.0,0.0,0.0,0.0,0.0,1.0,0.0,,0.0,False,Qwen/Qwen3-Coder-30B-A3B-Instruct-FP8,None
492,Bar,Easy,8.550546884536743,8.550546884536743,1,0.0,0.0,0.0,0.0,1.0,0.0,0.0,0.0,0.0,1.0,0.0,,0.0,False,Qwen/Qwen3-Coder-30B-A3B-Instruct-FP8,None
494,Pie,Easy,0.265167236328125,0.265167236328125,1,0.0,0.0,0.0,0.0,0.0,0.0,0.0,0.0,0.0,0.0,1.0,0.0,0.0,False,Qwen/Qwen3-Coder-30B-A3B-Instruct-FP8,None
494,Pie,Easy,0.265167236328125,0.265167236328125,1,0.0,0.0,0.0,0.0,0.0,0.0,0.0,0.0,0.0,0.0,1.0,0.0,0.0,False,Qwen/Qwen3-Coder-30B-A3B-Instruct-FP8,None
494,Pie,Easy,0.265167236328125,0.265167236328125,1,0.0,0.0,0.0,0.0,0.0,0.0,0.0,0.0,0.0,0.0,1.0,0.0,0.0,False,Qwen/Qwen3-Coder-30B-A3B-Instruct-FP8,None
505,Bar,Medium,0.2927374839782715,0.2927374839782715,1,0.0,0.0,0.0,0.0,0.0,0.0,0.0,0.0,0.0,0.0,1.0,0.0,0.0,False,Qwen/Qwen3-Coder-30B-A3B-Instruct-FP8,None
505,Bar,Medium,0.2927374839782715,0.2927374839782715,1,0.0,0.0,0.0,0.0,0.0,0.0,0.0,0.0,0.0,0.0,1.0,0.0,0.0,False,Qwen/Qwen3-Coder-30B-A3B-Instruct-FP8,None
505,Bar,Medium,0.2927374839782715,0.2927374839782715,1,0.0,0.0,0.0,0.0,0.0,0.0,0.0,0.0,0.0,0.0,1.0,0.0,0.0,False,Qwen/Qwen3-Coder-30B-A3B-Instruct-FP8,None
513,Bar,Medium,0.3948076566060384,1.1844229698181152,3,0.0,0.0,0.0,0.0,1.0,0.0,0.0,0.0,0.0,1.0,0.0,,0.0,True,Qwen/Qwen3-Coder-30B-A3B-Instruct-FP8,None
513,Bar,Medium,0.3948076566060384,1.1844229698181152,3,0.0,0.0,0.0,0.0,1.0,0.0,0.0,0.0,0.0,1.0,0.0,,0.0,True,Qwen/Qwen3-Coder-30B-A3B-Instruct-FP8,None
513,Bar,Medium,0.3948076566060384,1.1844229698181152,3,0.0,0.0,0.0,0.0,1.0,0.0,0.0,0.0,0.0,1.0,0.0,,0.0,True,Qwen/Qwen3-Coder-30B-A3B-Instruct-FP8,None
516,Bar,Hard,4.903822422027588,14.711467266082764,3,0.0,0.0,0.0,0.0,0.3333333333333333,0.0,0.0,0.0,0.0,0.3333333333333333,0.6666666666666666,0.0,0.0,False,Qwen/Qwen3-Coder-30B-A3B-Instruct-FP8,None
516,Bar,Hard,4.903822422027588,14.711467266082764,3,0.0,0.0,0.0,0.0,0.3333333333333333,0.0,0.0,0.0,0.0,0.3333333333333333,0.6666666666666666,0.0,0.0,False,Qwen/Qwen3-Coder-30B-A3B-Instruct-FP8,None
516,Bar,Hard,4.903822422027588,14.711467266082764,3,0.0,0.0,0.0,0.0,0.3333333333333333,0.0,0.0,0.0,0.0,0.3333333333333333,0.6666666666666666,0.0,0.0,False,Qwen/Qwen3-Coder-30B-A3B-Instruct-FP8,None
517,Pie,Medium,0.5005215406417847,1.0010430812835693,2,0.0,0.0,0.0,0.0,0.0,0.0,0.0,0.0,0.0,0.0,1.0,0.0,0.0,False,Qwen/Qwen3-Coder-30B-A3B-Instruct-FP8,None
517,Pie,Medium,0.5005215406417847,1.0010430812835693,2,0.0,0.0,0.0,0.0,0.0,0.0,0.0,0.0,0.0,0.0,1.0,0.0,0.0,False,Qwen/Qwen3-Coder-30B-A3B-Instruct-FP8,None
517,Pie,Medium,0.5005215406417847,1.0010430812835693,2,0.0,0.0,0.0,0.0,0.0,0.0,0.0,0.0,0.0,0.0,1.0,0.0,0.0,False,Qwen/Qwen3-Coder-30B-A3B-Instruct-FP8,None
526,Bar,Extra Hard,0.6238553524017334,1.2477107048034668,2,0.0,0.0,0.0,0.0,0.0,0.0,0.0,0.0,0.0,0.0,1.0,0.0,0.0,True,Qwen/Qwen3-Coder-30B-A3B-Instruct-FP8,None
526,Bar,Extra Hard,0.6238553524017334,1.2477107048034668,2,0.0,0.0,0.0,0.0,0.0,0.0,0.0,0.0,0.0,0.0,1.0,0.0,0.0,True,Qwen/Qwen3-Coder-30B-A3B-Instruct-FP8,None
526,Bar,Extra Hard,0.6238553524017334,1.2477107048034668,2,0.0,0.0,0.0,0.0,0.0,0.0,0.0,0.0,0.0,0.0,1.0,0.0,0.0,True,Qwen/Qwen3-Coder-30B-A3B-Instruct-FP8,None
527,Pie,Extra Hard,0.5790398120880127,1.1580796241760254,2,0.0,0.0,0.0,0.0,0.0,0.0,0.0,0.0,0.0,0.0,1.0,0.0,0.0,True,Qwen/Qwen3-Coder-30B-A3B-Instruct-FP8,None
527,Pie,Extra Hard,0.5790398120880127,1.1580796241760254,2,0.0,0.0,0.0,0.0,0.0,0.0,0.0,0.0,0.0,0.0,1.0,0.0,0.0,True,Qwen/Qwen3-Coder-30B-A3B-Instruct-FP8,None
527,Pie,Extra Hard,0.5790398120880127,1.1580796241760254,2,0.0,0.0,0.0,0.0,0.0,0.0,0.0,0.0,0.0,0.0,1.0,0.0,0.0,True,Qwen/Qwen3-Coder-30B-A3B-Instruct-FP8,None
536,Scatter,Easy,4.622641921043396,9.245283842086792,2,0.0,0.0,0.0,0.0,0.0,0.0,0.0,0.0,0.0,0.0,1.0,0.0,0.0,False,Qwen/Qwen3-Coder-30B-A3B-Instruct-FP8,None
536,Scatter,Easy,4.622641921043396,9.245283842086792,2,0.0,0.0,0.0,0.0,0.0,0.0,0.0,0.0,0.0,0.0,1.0,0.0,0.0,False,Qwen/Qwen3-Coder-30B-A3B-Instruct-FP8,None
536,Scatter,Easy,4.622641921043396,9.245283842086792,2,0.0,0.0,0.0,0.0,0.0,0.0,0.0,0.0,0.0,0.0,1.0,0.0,0.0,False,Qwen/Qwen3-Coder-30B-A3B-Instruct-FP8,None
539,Grouping Scatter,Easy,0.5046037038167318,1.5138111114501953,3,0.0,0.0,0.0,0.0,0.0,0.0,0.0,0.0,0.0,0.0,1.0,0.0,0.0,False,Qwen/Qwen3-Coder-30B-A3B-Instruct-FP8,None
539,Grouping Scatter,Easy,0.5046037038167318,1.5138111114501953,3,0.0,0.0,0.0,0.0,0.0,0.0,0.0,0.0,0.0,0.0,1.0,0.0,0.0,False,Qwen/Qwen3-Coder-30B-A3B-Instruct-FP8,None
539,Grouping Scatter,Easy,0.5046037038167318,1.5138111114501953,3,0.0,0.0,0.0,0.0,0.0,0.0,0.0,0.0,0.0,0.0,1.0,0.0,0.0,False,Qwen/Qwen3-Coder-30B-A3B-Instruct-FP8,None
540,Grouping Scatter,Easy,0.5032630761464437,1.509789228439331,3,0.0,0.0,0.0,0.0,0.0,0.0,0.0,0.0,0.0,0.0,1.0,0.0,0.0,False,Qwen/Qwen3-Coder-30B-A3B-Instruct-FP8,None
540,Grouping Scatter,Easy,0.5032630761464437,1.509789228439331,3,0.0,0.0,0.0,0.0,0.0,0.0,0.0,0.0,0.0,0.0,1.0,0.0,0.0,False,Qwen/Qwen3-Coder-30B-A3B-Instruct-FP8,None
540,Grouping Scatter,Easy,0.5032630761464437,1.509789228439331,3,0.0,0.0,0.0,0.0,0.0,0.0,0.0,0.0,0.0,0.0,1.0,0.0,0.0,False,Qwen/Qwen3-Coder-30B-A3B-Instruct-FP8,None
541,Grouping Scatter,Easy,0.49605512619018555,1.4881653785705566,3,0.0,0.0,0.0,0.0,0.0,0.0,0.0,0.0,0.0,0.0,1.0,0.0,0.0,False,Qwen/Qwen3-Coder-30B-A3B-Instruct-FP8,None
541,Grouping Scatter,Easy,0.49605512619018555,1.4881653785705566,3,0.0,0.0,0.0,0.0,0.0,0.0,0.0,0.0,0.0,0.0,1.0,0.0,0.0,False,Qwen/Qwen3-Coder-30B-A3B-Instruct-FP8,None
541,Grouping Scatter,Easy,0.49605512619018555,1.4881653785705566,3,0.0,0.0,0.0,0.0,0.0,0.0,0.0,0.0,0.0,0.0,1.0,0.0,0.0,False,Qwen/Qwen3-Coder-30B-A3B-Instruct-FP8,None
542,Pie,Medium,0.2934010823567708,0.8802032470703125,3,0.0,0.0,0.0,0.0,0.0,0.0,0.0,0.0,0.0,0.0,1.0,0.0,0.0,False,Qwen/Qwen3-Coder-30B-A3B-Instruct-FP8,None
542,Pie,Medium,0.2934010823567708,0.8802032470703125,3,0.0,0.0,0.0,0.0,0.0,0.0,0.0,0.0,0.0,0.0,1.0,0.0,0.0,False,Qwen/Qwen3-Coder-30B-A3B-Instruct-FP8,None
542,Pie,Medium,0.2934010823567708,0.8802032470703125,3,0.0,0.0,0.0,0.0,0.0,0.0,0.0,0.0,0.0,0.0,1.0,0.0,0.0,False,Qwen/Qwen3-Coder-30B-A3B-Instruct-FP8,None
551,Bar,Extra Hard,9.651668667793274,19.303337335586548,2,0.5,0.0,0.0,0.0,0.0,0.0,0.0,0.0,0.5,0.0,0.5,0.0,0.0,True,Qwen/Qwen3-Coder-30B-A3B-Instruct-FP8,None
551,Bar,Extra Hard,9.651668667793274,19.303337335586548,2,0.5,0.0,0.0,0.0,0.0,0.0,0.0,0.0,0.5,0.0,0.5,0.0,0.0,True,Qwen/Qwen3-Coder-30B-A3B-Instruct-FP8,None
551,Bar,Extra Hard,9.651668667793274,19.303337335586548,2,0.5,0.0,0.0,0.0,0.0,0.0,0.0,0.0,0.5,0.0,0.5,0.0,0.0,True,Qwen/Qwen3-Coder-30B-A3B-Instruct-FP8,None
561,Bar,Medium,0.6954464912414551,1.3908929824829102,2,0.0,0.0,0.0,0.0,0.0,0.0,0.0,0.0,0.0,0.0,1.0,0.0,0.0,True,Qwen/Qwen3-Coder-30B-A3B-Instruct-FP8,None
561,Bar,Medium,0.6954464912414551,1.3908929824829102,2,0.0,0.0,0.0,0.0,0.0,0.0,0.0,0.0,0.0,0.0,1.0,0.0,0.0,True,Qwen/Qwen3-Coder-30B-A3B-Instruct-FP8,None
561,Bar,Medium,0.6954464912414551,1.3908929824829102,2,0.0,0.0,0.0,0.0,0.0,0.0,0.0,0.0,0.0,0.0,1.0,0.0,0.0,True,Qwen/Qwen3-Coder-30B-A3B-Instruct-FP8,None
567,Bar,Medium,0.3984295129776001,0.7968590259552002,2,0.0,0.0,0.0,0.0,0.0,0.0,0.0,0.0,0.0,0.0,1.0,0.0,0.0,False,Qwen/Qwen3-Coder-30B-A3B-Instruct-FP8,None
567,Bar,Medium,0.3984295129776001,0.7968590259552002,2,0.0,0.0,0.0,0.0,0.0,0.0,0.0,0.0,0.0,0.0,1.0,0.0,0.0,False,Qwen/Qwen3-Coder-30B-A3B-Instruct-FP8,None
567,Bar,Medium,0.3984295129776001,0.7968590259552002,2,0.0,0.0,0.0,0.0,0.0,0.0,0.0,0.0,0.0,0.0,1.0,0.0,0.0,False,Qwen/Qwen3-Coder-30B-A3B-Instruct-FP8,None
574,Bar,Medium,0.5325092792510986,2.662546396255493,5,0.0,0.0,0.0,0.0,0.0,0.0,0.0,0.0,0.0,0.0,1.0,0.0,0.0,True,Qwen/Qwen3-Coder-30B-A3B-Instruct-FP8,None
574,Bar,Medium,0.5325092792510986,2.662546396255493,5,0.0,0.0,0.0,0.0,0.0,0.0,0.0,0.0,0.0,0.0,1.0,0.0,0.0,True,Qwen/Qwen3-Coder-30B-A3B-Instruct-FP8,None
574,Bar,Medium,0.5325092792510986,2.662546396255493,5,0.0,0.0,0.0,0.0,0.0,0.0,0.0,0.0,0.0,0.0,1.0,0.0,0.0,True,Qwen/Qwen3-Coder-30B-A3B-Instruct-FP8,None
577,Pie,Extra Hard,0.6321290731430054,1.2642581462860107,2,0.0,0.0,0.0,0.0,0.0,0.0,0.0,0.0,0.0,0.0,1.0,0.0,0.0,True,Qwen/Qwen3-Coder-30B-A3B-Instruct-FP8,None
577,Pie,Extra Hard,0.6321290731430054,1.2642581462860107,2,0.0,0.0,0.0,0.0,0.0,0.0,0.0,0.0,0.0,0.0,1.0,0.0,0.0,True,Qwen/Qwen3-Coder-30B-A3B-Instruct-FP8,None
577,Pie,Extra Hard,0.6321290731430054,1.2642581462860107,2,0.0,0.0,0.0,0.0,0.0,0.0,0.0,0.0,0.0,0.0,1.0,0.0,0.0,True,Qwen/Qwen3-Coder-30B-A3B-Instruct-FP8,None
582,Stacked Bar,Hard,7.284624099731445,14.56924819946289,2,0.0,0.0,0.0,0.0,0.0,0.0,0.0,0.0,0.0,0.0,1.0,0.0,0.0,True,Qwen/Qwen3-Coder-30B-A3B-Instruct-FP8,None
582,Stacked Bar,Hard,7.284624099731445,14.56924819946289,2,0.0,0.0,0.0,0.0,0.0,0.0,0.0,0.0,0.0,0.0,1.0,0.0,0.0,True,Qwen/Qwen3-Coder-30B-A3B-Instruct-FP8,None
582,Stacked Bar,Hard,7.284624099731445,14.56924819946289,2,0.0,0.0,0.0,0.0,0.0,0.0,0.0,0.0,0.0,0.0,1.0,0.0,0.0,True,Qwen/Qwen3-Coder-30B-A3B-Instruct-FP8,None
591,Grouping Line,Extra Hard,10.309669137001038,20.619338274002075,2,0.5,0.0,0.0,0.0,0.5,0.0,0.0,0.0,0.5,0.5,0.0,,0.0,True,Qwen/Qwen3-Coder-30B-A3B-Instruct-FP8,None
591,Grouping Line,Extra Hard,10.309669137001038,20.619338274002075,2,0.5,0.0,0.0,0.0,0.5,0.0,0.0,0.0,0.5,0.5,0.0,,0.0,True,Qwen/Qwen3-Coder-30B-A3B-Instruct-FP8,None
591,Grouping Line,Extra Hard,10.309669137001038,20.619338274002075,2,0.5,0.0,0.0,0.0,0.5,0.0,0.0,0.0,0.5,0.5,0.0,,0.0,True,Qwen/Qwen3-Coder-30B-A3B-Instruct-FP8,None
593,Bar,Extra Hard,0.5641622543334961,1.1283245086669922,2,0.0,0.0,0.0,0.0,0.0,0.0,0.0,0.0,0.0,0.0,1.0,0.0,0.0,True,Qwen/Qwen3-Coder-30B-A3B-Instruct-FP8,None
593,Bar,Extra Hard,0.5641622543334961,1.1283245086669922,2,0.0,0.0,0.0,0.0,0.0,0.0,0.0,0.0,0.0,0.0,1.0,0.0,0.0,True,Qwen/Qwen3-Coder-30B-A3B-Instruct-FP8,None
593,Bar,Extra Hard,0.5641622543334961,1.1283245086669922,2,0.0,0.0,0.0,0.0,0.0,0.0,0.0,0.0,0.0,0.0,1.0,0.0,0.0,True,Qwen/Qwen3-Coder-30B-A3B-Instruct-FP8,None
610,Pie,Hard,0.5538978576660156,1.1077957153320312,2,0.0,0.0,0.0,0.0,0.0,0.0,0.0,0.0,0.0,0.0,1.0,0.0,0.0,True,Qwen/Qwen3-Coder-30B-A3B-Instruct-FP8,None
610,Pie,Hard,0.5538978576660156,1.1077957153320312,2,0.0,0.0,0.0,0.0,0.0,0.0,0.0,0.0,0.0,0.0,1.0,0.0,0.0,True,Qwen/Qwen3-Coder-30B-A3B-Instruct-FP8,None
610,Pie,Hard,0.5538978576660156,1.1077957153320312,2,0.0,0.0,0.0,0.0,0.0,0.0,0.0,0.0,0.0,0.0,1.0,0.0,0.0,True,Qwen/Qwen3-Coder-30B-A3B-Instruct-FP8,None
611,Line,Hard,0.5926729440689087,1.1853458881378174,2,0.0,0.0,0.0,0.0,0.0,0.0,0.0,0.0,0.0,0.0,1.0,0.0,0.0,True,Qwen/Qwen3-Coder-30B-A3B-Instruct-FP8,None
611,Line,Hard,0.5926729440689087,1.1853458881378174,2,0.0,0.0,0.0,0.0,0.0,0.0,0.0,0.0,0.0,0.0,1.0,0.0,0.0,True,Qwen/Qwen3-Coder-30B-A3B-Instruct-FP8,None
611,Line,Hard,0.5926729440689087,1.1853458881378174,2,0.0,0.0,0.0,0.0,0.0,0.0,0.0,0.0,0.0,0.0,1.0,0.0,0.0,True,Qwen/Qwen3-Coder-30B-A3B-Instruct-FP8,None
612,Line,Hard,0.5609371662139893,1.1218743324279785,2,0.0,0.0,0.0,0.0,0.0,0.0,0.0,0.0,0.0,0.0,1.0,0.0,0.0,True,Qwen/Qwen3-Coder-30B-A3B-Instruct-FP8,None
612,Line,Hard,0.5609371662139893,1.1218743324279785,2,0.0,0.0,0.0,0.0,0.0,0.0,0.0,0.0,0.0,0.0,1.0,0.0,0.0,True,Qwen/Qwen3-Coder-30B-A3B-Instruct-FP8,None
612,Line,Hard,0.5609371662139893,1.1218743324279785,2,0.0,0.0,0.0,0.0,0.0,0.0,0.0,0.0,0.0,0.0,1.0,0.0,0.0,True,Qwen/Qwen3-Coder-30B-A3B-Instruct-FP8,None
616,Bar,Medium,0.41399121284484863,0.8279824256896973,2,0.0,0.0,0.0,0.0,0.0,0.0,0.0,0.0,0.0,0.0,1.0,0.0,0.0,False,Qwen/Qwen3-Coder-30B-A3B-Instruct-FP8,None
616,Bar,Medium,0.41399121284484863,0.8279824256896973,2,0.0,0.0,0.0,0.0,0.0,0.0,0.0,0.0,0.0,0.0,1.0,0.0,0.0,False,Qwen/Qwen3-Coder-30B-A3B-Instruct-FP8,None
616,Bar,Medium,0.41399121284484863,0.8279824256896973,2,0.0,0.0,0.0,0.0,0.0,0.0,0.0,0.0,0.0,0.0,1.0,0.0,0.0,False,Qwen/Qwen3-Coder-30B-A3B-Instruct-FP8,None
617,Bar,Medium,0.43464410305023193,0.8692882061004639,2,0.0,0.0,0.0,0.0,0.0,0.0,0.0,0.0,0.0,0.0,1.0,0.0,0.0,False,Qwen/Qwen3-Coder-30B-A3B-Instruct-FP8,None
617,Bar,Medium,0.43464410305023193,0.8692882061004639,2,0.0,0.0,0.0,0.0,0.0,0.0,0.0,0.0,0.0,0.0,1.0,0.0,0.0,False,Qwen/Qwen3-Coder-30B-A3B-Instruct-FP8,None
617,Bar,Medium,0.43464410305023193,0.8692882061004639,2,0.0,0.0,0.0,0.0,0.0,0.0,0.0,0.0,0.0,0.0,1.0,0.0,0.0,False,Qwen/Qwen3-Coder-30B-A3B-Instruct-FP8,None
622,Scatter,Easy,0.3600999116897583,0.7201998233795166,2,0.0,0.0,0.0,0.0,0.0,0.0,0.0,0.0,0.0,0.0,1.0,0.0,0.0,False,Qwen/Qwen3-Coder-30B-A3B-Instruct-FP8,None
622,Scatter,Easy,0.3600999116897583,0.7201998233795166,2,0.0,0.0,0.0,0.0,0.0,0.0,0.0,0.0,0.0,0.0,1.0,0.0,0.0,False,Qwen/Qwen3-Coder-30B-A3B-Instruct-FP8,None
622,Scatter,Easy,0.3600999116897583,0.7201998233795166,2,0.0,0.0,0.0,0.0,0.0,0.0,0.0,0.0,0.0,0.0,1.0,0.0,0.0,False,Qwen/Qwen3-Coder-30B-A3B-Instruct-FP8,None
628,Scatter,Extra Hard,2.2310378551483154,4.462075710296631,2,0.0,0.0,0.0,0.0,1.0,0.0,0.0,0.0,0.0,1.0,0.0,,0.0,True,Qwen/Qwen3-Coder-30B-A3B-Instruct-FP8,None
628,Scatter,Extra Hard,2.2310378551483154,4.462075710296631,2,0.0,0.0,0.0,0.0,1.0,0.0,0.0,0.0,0.0,1.0,0.0,,0.0,True,Qwen/Qwen3-Coder-30B-A3B-Instruct-FP8,None
628,Scatter,Extra Hard,2.2310378551483154,4.462075710296631,2,0.0,0.0,0.0,0.0,1.0,0.0,0.0,0.0,0.0,1.0,0.0,,0.0,True,Qwen/Qwen3-Coder-30B-A3B-Instruct-FP8,None
659,Bar,Hard,0.49812042713165283,0.9962408542633057,2,0.0,0.0,0.0,0.0,0.0,0.0,0.0,0.0,0.0,0.0,1.0,0.0,0.0,False,Qwen/Qwen3-Coder-30B-A3B-Instruct-FP8,None
659,Bar,Hard,0.49812042713165283,0.9962408542633057,2,0.0,0.0,0.0,0.0,0.0,0.0,0.0,0.0,0.0,0.0,1.0,0.0,0.0,False,Qwen/Qwen3-Coder-30B-A3B-Instruct-FP8,None
659,Bar,Hard,0.49812042713165283,0.9962408542633057,2,0.0,0.0,0.0,0.0,0.0,0.0,0.0,0.0,0.0,0.0,1.0,0.0,0.0,False,Qwen/Qwen3-Coder-30B-A3B-Instruct-FP8,None
664,Bar,Medium,0.5011943181355795,1.5035829544067383,3,0.0,0.0,0.0,0.0,0.0,0.0,0.0,0.0,0.0,0.0,1.0,0.0,0.0,False,Qwen/Qwen3-Coder-30B-A3B-Instruct-FP8,None
664,Bar,Medium,0.5011943181355795,1.5035829544067383,3,0.0,0.0,0.0,0.0,0.0,0.0,0.0,0.0,0.0,0.0,1.0,0.0,0.0,False,Qwen/Qwen3-Coder-30B-A3B-Instruct-FP8,None
664,Bar,Medium,0.5011943181355795,1.5035829544067383,3,0.0,0.0,0.0,0.0,0.0,0.0,0.0,0.0,0.0,0.0,1.0,0.0,0.0,False,Qwen/Qwen3-Coder-30B-A3B-Instruct-FP8,None
665,Bar,Medium,0.35411643981933594,0.7082328796386719,2,0.0,0.0,0.0,0.0,0.5,0.0,0.0,0.0,0.0,0.5,0.5,0.0,0.0,False,Qwen/Qwen3-Coder-30B-A3B-Instruct-FP8,None
665,Bar,Medium,0.35411643981933594,0.7082328796386719,2,0.0,0.0,0.0,0.0,0.5,0.0,0.0,0.0,0.0,0.5,0.5,0.0,0.0,False,Qwen/Qwen3-Coder-30B-A3B-Instruct-FP8,None
665,Bar,Medium,0.35411643981933594,0.7082328796386719,2,0.0,0.0,0.0,0.0,0.5,0.0,0.0,0.0,0.0,0.5,0.5,0.0,0.0,False,Qwen/Qwen3-Coder-30B-A3B-Instruct-FP8,None
674,Scatter,Easy,0.2690012454986572,0.2690012454986572,1,0.0,0.0,0.0,0.0,0.0,0.0,0.0,0.0,0.0,0.0,1.0,0.0,0.0,False,Qwen/Qwen3-Coder-30B-A3B-Instruct-FP8,None
674,Scatter,Easy,0.2690012454986572,0.2690012454986572,1,0.0,0.0,0.0,0.0,0.0,0.0,0.0,0.0,0.0,0.0,1.0,0.0,0.0,False,Qwen/Qwen3-Coder-30B-A3B-Instruct-FP8,None
674,Scatter,Easy,0.2690012454986572,0.2690012454986572,1,0.0,0.0,0.0,0.0,0.0,0.0,0.0,0.0,0.0,0.0,1.0,0.0,0.0,False,Qwen/Qwen3-Coder-30B-A3B-Instruct-FP8,None
676,Bar,Hard,0.721710205078125,1.44342041015625,2,0.0,0.0,0.0,0.0,1.0,0.0,0.0,0.0,0.0,1.0,0.0,,0.0,True,Qwen/Qwen3-Coder-30B-A3B-Instruct-FP8,None
676,Bar,Hard,0.721710205078125,1.44342041015625,2,0.0,0.0,0.0,0.0,1.0,0.0,0.0,0.0,0.0,1.0,0.0,,0.0,True,Qwen/Qwen3-Coder-30B-A3B-Instruct-FP8,None
676,Bar,Hard,0.721710205078125,1.44342041015625,2,0.0,0.0,0.0,0.0,1.0,0.0,0.0,0.0,0.0,1.0,0.0,,0.0,True,Qwen/Qwen3-Coder-30B-A3B-Instruct-FP8,None
688,Bar,Easy,0.35670745372772217,1.4268298149108887,4,0.0,0.0,0.0,0.0,0.0,0.0,0.0,0.0,0.0,0.0,1.0,0.0,0.0,False,Qwen/Qwen3-Coder-30B-A3B-Instruct-FP8,None
688,Bar,Easy,0.35670745372772217,1.4268298149108887,4,0.0,0.0,0.0,0.0,0.0,0.0,0.0,0.0,0.0,0.0,1.0,0.0,0.0,False,Qwen/Qwen3-Coder-30B-A3B-Instruct-FP8,None
688,Bar,Easy,0.35670745372772217,1.4268298149108887,4,0.0,0.0,0.0,0.0,0.0,0.0,0.0,0.0,0.0,0.0,1.0,0.0,0.0,False,Qwen/Qwen3-Coder-30B-A3B-Instruct-FP8,None
691,Pie,Hard,0.6551578044891357,1.9654734134674072,3,0.0,0.0,0.0,0.0,0.0,0.0,0.0,0.0,0.0,0.0,1.0,0.0,0.0,True,Qwen/Qwen3-Coder-30B-A3B-Instruct-FP8,None
691,Pie,Hard,0.6551578044891357,1.9654734134674072,3,0.0,0.0,0.0,0.0,0.0,0.0,0.0,0.0,0.0,0.0,1.0,0.0,0.0,True,Qwen/Qwen3-Coder-30B-A3B-Instruct-FP8,None
691,Pie,Hard,0.6551578044891357,1.9654734134674072,3,0.0,0.0,0.0,0.0,0.0,0.0,0.0,0.0,0.0,0.0,1.0,0.0,0.0,True,Qwen/Qwen3-Coder-30B-A3B-Instruct-FP8,None
693,Bar,Easy,0.2766372362772624,0.8299117088317871,3,0.0,0.0,0.0,0.0,0.0,0.0,0.0,0.0,0.0,0.0,1.0,0.0,0.0,False,Qwen/Qwen3-Coder-30B-A3B-Instruct-FP8,None
693,Bar,Easy,0.2766372362772624,0.8299117088317871,3,0.0,0.0,0.0,0.0,0.0,0.0,0.0,0.0,0.0,0.0,1.0,0.0,0.0,False,Qwen/Qwen3-Coder-30B-A3B-Instruct-FP8,None
693,Bar,Easy,0.2766372362772624,0.8299117088317871,3,0.0,0.0,0.0,0.0,0.0,0.0,0.0,0.0,0.0,0.0,1.0,0.0,0.0,False,Qwen/Qwen3-Coder-30B-A3B-Instruct-FP8,None
697,Bar,Easy,0.26814889907836914,0.5362977981567383,2,0.0,0.0,0.0,0.0,0.0,0.0,0.0,0.0,0.0,0.0,1.0,0.0,0.0,False,Qwen/Qwen3-Coder-30B-A3B-Instruct-FP8,None
697,Bar,Easy,0.26814889907836914,0.5362977981567383,2,0.0,0.0,0.0,0.0,0.0,0.0,0.0,0.0,0.0,0.0,1.0,0.0,0.0,False,Qwen/Qwen3-Coder-30B-A3B-Instruct-FP8,None
697,Bar,Easy,0.26814889907836914,0.5362977981567383,2,0.0,0.0,0.0,0.0,0.0,0.0,0.0,0.0,0.0,0.0,1.0,0.0,0.0,False,Qwen/Qwen3-Coder-30B-A3B-Instruct-FP8,None
699,Pie,Medium,0.4803274869918823,0.9606549739837646,2,0.0,0.0,0.0,0.0,0.0,0.0,0.0,0.0,0.0,0.0,1.0,0.0,0.0,True,Qwen/Qwen3-Coder-30B-A3B-Instruct-FP8,None
699,Pie,Medium,0.4803274869918823,0.9606549739837646,2,0.0,0.0,0.0,0.0,0.0,0.0,0.0,0.0,0.0,0.0,1.0,0.0,0.0,True,Qwen/Qwen3-Coder-30B-A3B-Instruct-FP8,None
699,Pie,Medium,0.4803274869918823,0.9606549739837646,2,0.0,0.0,0.0,0.0,0.0,0.0,0.0,0.0,0.0,0.0,1.0,0.0,0.0,True,Qwen/Qwen3-Coder-30B-A3B-Instruct-FP8,None
707,Scatter,Easy,0.45847463607788086,1.8338985443115234,4,0.0,0.0,0.0,0.0,0.0,0.0,0.0,0.0,0.0,0.0,1.0,0.0,0.0,True,Qwen/Qwen3-Coder-30B-A3B-Instruct-FP8,None
707,Scatter,Easy,0.45847463607788086,1.8338985443115234,4,0.0,0.0,0.0,0.0,0.0,0.0,0.0,0.0,0.0,0.0,1.0,0.0,0.0,True,Qwen/Qwen3-Coder-30B-A3B-Instruct-FP8,None
707,Scatter,Easy,0.45847463607788086,1.8338985443115234,4,0.0,0.0,0.0,0.0,0.0,0.0,0.0,0.0,0.0,0.0,1.0,0.0,0.0,True,Qwen/Qwen3-Coder-30B-A3B-Instruct-FP8,None
708,Pie,Easy,0.286618709564209,0.573237419128418,2,0.0,0.0,0.0,0.0,0.0,0.0,0.0,0.0,0.0,0.0,1.0,0.0,0.0,False,Qwen/Qwen3-Coder-30B-A3B-Instruct-FP8,None
708,Pie,Easy,0.286618709564209,0.573237419128418,2,0.0,0.0,0.0,0.0,0.0,0.0,0.0,0.0,0.0,0.0,1.0,0.0,0.0,False,Qwen/Qwen3-Coder-30B-A3B-Instruct-FP8,None
708,Pie,Easy,0.286618709564209,0.573237419128418,2,0.0,0.0,0.0,0.0,0.0,0.0,0.0,0.0,0.0,0.0,1.0,0.0,0.0,False,Qwen/Qwen3-Coder-30B-A3B-Instruct-FP8,None
712,Pie,Medium,0.4305428663889567,1.2916285991668701,3,0.0,0.0,0.0,0.0,0.0,0.0,0.0,0.0,0.0,0.0,1.0,0.0,0.0,True,Qwen/Qwen3-Coder-30B-A3B-Instruct-FP8,None
712,Pie,Medium,0.4305428663889567,1.2916285991668701,3,0.0,0.0,0.0,0.0,0.0,0.0,0.0,0.0,0.0,0.0,1.0,0.0,0.0,True,Qwen/Qwen3-Coder-30B-A3B-Instruct-FP8,None
712,Pie,Medium,0.4305428663889567,1.2916285991668701,3,0.0,0.0,0.0,0.0,0.0,0.0,0.0,0.0,0.0,0.0,1.0,0.0,0.0,True,Qwen/Qwen3-Coder-30B-A3B-Instruct-FP8,None
714,Pie,Medium,0.4588555097579956,0.9177110195159912,2,0.0,0.0,0.0,0.0,0.5,0.0,0.0,0.0,0.0,0.5,0.5,0.0,0.0,True,Qwen/Qwen3-Coder-30B-A3B-Instruct-FP8,None
714,Pie,Medium,0.4588555097579956,0.9177110195159912,2,0.0,0.0,0.0,0.0,0.5,0.0,0.0,0.0,0.0,0.5,0.5,0.0,0.0,True,Qwen/Qwen3-Coder-30B-A3B-Instruct-FP8,None
714,Pie,Medium,0.4588555097579956,0.9177110195159912,2,0.0,0.0,0.0,0.0,0.5,0.0,0.0,0.0,0.0,0.5,0.5,0.0,0.0,True,Qwen/Qwen3-Coder-30B-A3B-Instruct-FP8,None
718,Pie,Medium,0.4353083372116089,0.8706166744232178,2,0.0,0.0,0.0,0.0,0.0,0.0,0.0,0.0,0.0,0.0,1.0,0.0,0.0,True,Qwen/Qwen3-Coder-30B-A3B-Instruct-FP8,None
718,Pie,Medium,0.4353083372116089,0.8706166744232178,2,0.0,0.0,0.0,0.0,0.0,0.0,0.0,0.0,0.0,0.0,1.0,0.0,0.0,True,Qwen/Qwen3-Coder-30B-A3B-Instruct-FP8,None
718,Pie,Medium,0.4353083372116089,0.8706166744232178,2,0.0,0.0,0.0,0.0,0.0,0.0,0.0,0.0,0.0,0.0,1.0,0.0,0.0,True,Qwen/Qwen3-Coder-30B-A3B-Instruct-FP8,None
722,Pie,Medium,0.4498579502105713,0.4498579502105713,1,0.0,0.0,0.0,0.0,0.0,0.0,0.0,0.0,0.0,0.0,1.0,0.0,0.0,True,Qwen/Qwen3-Coder-30B-A3B-Instruct-FP8,None
722,Pie,Medium,0.4498579502105713,0.4498579502105713,1,0.0,0.0,0.0,0.0,0.0,0.0,0.0,0.0,0.0,0.0,1.0,0.0,0.0,True,Qwen/Qwen3-Coder-30B-A3B-Instruct-FP8,None
722,Pie,Medium,0.4498579502105713,0.4498579502105713,1,0.0,0.0,0.0,0.0,0.0,0.0,0.0,0.0,0.0,0.0,1.0,0.0,0.0,True,Qwen/Qwen3-Coder-30B-A3B-Instruct-FP8,None
743,Pie,Medium,0.4449559450149536,0.8899118900299072,2,0.0,0.0,0.0,0.0,1.0,0.0,0.0,0.0,0.0,1.0,0.0,,0.0,True,Qwen/Qwen3-Coder-30B-A3B-Instruct-FP8,None
743,Pie,Medium,0.4449559450149536,0.8899118900299072,2,0.0,0.0,0.0,0.0,1.0,0.0,0.0,0.0,0.0,1.0,0.0,,0.0,True,Qwen/Qwen3-Coder-30B-A3B-Instruct-FP8,None
743,Pie,Medium,0.4449559450149536,0.8899118900299072,2,0.0,0.0,0.0,0.0,1.0,0.0,0.0,0.0,0.0,1.0,0.0,,0.0,True,Qwen/Qwen3-Coder-30B-A3B-Instruct-FP8,None
744,Bar,Medium,0.4461439251899719,1.7845757007598877,4,0.0,0.0,0.0,0.0,0.0,0.0,0.0,0.0,0.0,0.0,1.0,0.0,0.0,True,Qwen/Qwen3-Coder-30B-A3B-Instruct-FP8,None
744,Bar,Medium,0.4461439251899719,1.7845757007598877,4,0.0,0.0,0.0,0.0,0.0,0.0,0.0,0.0,0.0,0.0,1.0,0.0,0.0,True,Qwen/Qwen3-Coder-30B-A3B-Instruct-FP8,None
744,Bar,Medium,0.4461439251899719,1.7845757007598877,4,0.0,0.0,0.0,0.0,0.0,0.0,0.0,0.0,0.0,0.0,1.0,0.0,0.0,True,Qwen/Qwen3-Coder-30B-A3B-Instruct-FP8,None
747,Pie,Hard,0.5258974234263102,1.5776922702789307,3,0.0,0.0,0.0,0.0,0.0,0.0,0.0,0.0,0.0,0.0,1.0,0.0,0.0,True,Qwen/Qwen3-Coder-30B-A3B-Instruct-FP8,None
747,Pie,Hard,0.5258974234263102,1.5776922702789307,3,0.0,0.0,0.0,0.0,0.0,0.0,0.0,0.0,0.0,0.0,1.0,0.0,0.0,True,Qwen/Qwen3-Coder-30B-A3B-Instruct-FP8,None
747,Pie,Hard,0.5258974234263102,1.5776922702789307,3,0.0,0.0,0.0,0.0,0.0,0.0,0.0,0.0,0.0,0.0,1.0,0.0,0.0,True,Qwen/Qwen3-Coder-30B-A3B-Instruct-FP8,None
770,Line,Easy,0.5172147750854492,1.5516443252563477,3,0.0,0.0,0.0,0.0,0.0,0.0,0.0,0.0,0.0,0.0,1.0,0.0,0.0,False,Qwen/Qwen3-Coder-30B-A3B-Instruct-FP8,None
770,Line,Easy,0.5172147750854492,1.5516443252563477,3,0.0,0.0,0.0,0.0,0.0,0.0,0.0,0.0,0.0,0.0,1.0,0.0,0.0,False,Qwen/Qwen3-Coder-30B-A3B-Instruct-FP8,None
770,Line,Easy,0.5172147750854492,1.5516443252563477,3,0.0,0.0,0.0,0.0,0.0,0.0,0.0,0.0,0.0,0.0,1.0,0.0,0.0,False,Qwen/Qwen3-Coder-30B-A3B-Instruct-FP8,None
778,Grouping Line,Hard,11.99240517616272,11.99240517616272,1,1.0,0.0,0.0,0.0,0.0,0.0,0.0,0.0,1.0,0.0,0.0,,0.0,False,Qwen/Qwen3-Coder-30B-A3B-Instruct-FP8,None
778,Grouping Line,Hard,11.99240517616272,11.99240517616272,1,1.0,0.0,0.0,0.0,0.0,0.0,0.0,0.0,1.0,0.0,0.0,,0.0,False,Qwen/Qwen3-Coder-30B-A3B-Instruct-FP8,None
778,Grouping Line,Hard,11.99240517616272,11.99240517616272,1,1.0,0.0,0.0,0.0,0.0,0.0,0.0,0.0,1.0,0.0,0.0,,0.0,False,Qwen/Qwen3-Coder-30B-A3B-Instruct-FP8,None
781,Pie,Easy,0.2904823422431946,1.1619293689727783,4,0.0,0.0,0.0,0.0,0.0,0.0,0.0,0.0,0.0,0.0,1.0,0.0,0.0,False,Qwen/Qwen3-Coder-30B-A3B-Instruct-FP8,None
781,Pie,Easy,0.2904823422431946,1.1619293689727783,4,0.0,0.0,0.0,0.0,0.0,0.0,0.0,0.0,0.0,0.0,1.0,0.0,0.0,False,Qwen/Qwen3-Coder-30B-A3B-Instruct-FP8,None
781,Pie,Easy,0.2904823422431946,1.1619293689727783,4,0.0,0.0,0.0,0.0,0.0,0.0,0.0,0.0,0.0,0.0,1.0,0.0,0.0,False,Qwen/Qwen3-Coder-30B-A3B-Instruct-FP8,None
789,Line,Easy,3.947744369506836,11.843233108520508,3,0.0,0.0,0.0,0.0,0.0,0.0,0.0,0.0,0.0,0.0,1.0,0.0,0.0,False,Qwen/Qwen3-Coder-30B-A3B-Instruct-FP8,None
789,Line,Easy,3.947744369506836,11.843233108520508,3,0.0,0.0,0.0,0.0,0.0,0.0,0.0,0.0,0.0,0.0,1.0,0.0,0.0,False,Qwen/Qwen3-Coder-30B-A3B-Instruct-FP8,None
789,Line,Easy,3.947744369506836,11.843233108520508,3,0.0,0.0,0.0,0.0,0.0,0.0,0.0,0.0,0.0,0.0,1.0,0.0,0.0,False,Qwen/Qwen3-Coder-30B-A3B-Instruct-FP8,None
790,Pie,Easy,0.3115943431854248,1.557971715927124,5,0.0,0.0,0.0,0.0,0.0,0.0,0.0,0.0,0.0,0.0,1.0,0.0,0.0,False,Qwen/Qwen3-Coder-30B-A3B-Instruct-FP8,None
790,Pie,Easy,0.3115943431854248,1.557971715927124,5,0.0,0.0,0.0,0.0,0.0,0.0,0.0,0.0,0.0,0.0,1.0,0.0,0.0,False,Qwen/Qwen3-Coder-30B-A3B-Instruct-FP8,None
790,Pie,Easy,0.3115943431854248,1.557971715927124,5,0.0,0.0,0.0,0.0,0.0,0.0,0.0,0.0,0.0,0.0,1.0,0.0,0.0,False,Qwen/Qwen3-Coder-30B-A3B-Instruct-FP8,None
793,Bar,Medium,2.4798983335494995,4.959796667098999,2,0.0,0.0,0.0,0.0,1.0,0.0,0.0,0.0,0.0,1.0,0.0,,0.0,True,Qwen/Qwen3-Coder-30B-A3B-Instruct-FP8,None
793,Bar,Medium,2.4798983335494995,4.959796667098999,2,0.0,0.0,0.0,0.0,1.0,0.0,0.0,0.0,0.0,1.0,0.0,,0.0,True,Qwen/Qwen3-Coder-30B-A3B-Instruct-FP8,None
793,Bar,Medium,2.4798983335494995,4.959796667098999,2,0.0,0.0,0.0,0.0,1.0,0.0,0.0,0.0,0.0,1.0,0.0,,0.0,True,Qwen/Qwen3-Coder-30B-A3B-Instruct-FP8,None
802,Pie,Easy,0.3518564701080322,1.407425880432129,4,0.0,0.0,0.0,0.0,0.0,0.0,0.0,0.0,0.0,0.0,1.0,0.0,0.0,False,Qwen/Qwen3-Coder-30B-A3B-Instruct-FP8,None
802,Pie,Easy,0.3518564701080322,1.407425880432129,4,0.0,0.0,0.0,0.0,0.0,0.0,0.0,0.0,0.0,0.0,1.0,0.0,0.0,False,Qwen/Qwen3-Coder-30B-A3B-Instruct-FP8,None
802,Pie,Easy,0.3518564701080322,1.407425880432129,4,0.0,0.0,0.0,0.0,0.0,0.0,0.0,0.0,0.0,0.0,1.0,0.0,0.0,False,Qwen/Qwen3-Coder-30B-A3B-Instruct-FP8,None
803,Bar,Easy,0.46203041076660156,2.310152053833008,5,0.0,0.0,0.0,0.0,0.0,0.0,0.0,0.0,0.0,0.0,1.0,0.0,0.0,False,Qwen/Qwen3-Coder-30B-A3B-Instruct-FP8,None
803,Bar,Easy,0.46203041076660156,2.310152053833008,5,0.0,0.0,0.0,0.0,0.0,0.0,0.0,0.0,0.0,0.0,1.0,0.0,0.0,False,Qwen/Qwen3-Coder-30B-A3B-Instruct-FP8,None
803,Bar,Easy,0.46203041076660156,2.310152053833008,5,0.0,0.0,0.0,0.0,0.0,0.0,0.0,0.0,0.0,0.0,1.0,0.0,0.0,False,Qwen/Qwen3-Coder-30B-A3B-Instruct-FP8,None
809,Bar,Easy,0.34371217091878253,1.0311365127563477,3,0.0,0.0,0.0,0.0,0.0,0.0,0.0,0.0,0.0,0.0,1.0,0.0,0.0,False,Qwen/Qwen3-Coder-30B-A3B-Instruct-FP8,None
809,Bar,Easy,0.34371217091878253,1.0311365127563477,3,0.0,0.0,0.0,0.0,0.0,0.0,0.0,0.0,0.0,0.0,1.0,0.0,0.0,False,Qwen/Qwen3-Coder-30B-A3B-Instruct-FP8,None
809,Bar,Easy,0.34371217091878253,1.0311365127563477,3,0.0,0.0,0.0,0.0,0.0,0.0,0.0,0.0,0.0,0.0,1.0,0.0,0.0,False,Qwen/Qwen3-Coder-30B-A3B-Instruct-FP8,None
812,Bar,Medium,0.42414796352386475,0.8482959270477295,2,0.0,0.0,0.0,0.0,0.0,0.0,0.0,0.0,0.0,0.0,1.0,0.0,0.0,True,Qwen/Qwen3-Coder-30B-A3B-Instruct-FP8,None
812,Bar,Medium,0.42414796352386475,0.8482959270477295,2,0.0,0.0,0.0,0.0,0.0,0.0,0.0,0.0,0.0,0.0,1.0,0.0,0.0,True,Qwen/Qwen3-Coder-30B-A3B-Instruct-FP8,None
812,Bar,Medium,0.42414796352386475,0.8482959270477295,2,0.0,0.0,0.0,0.0,0.0,0.0,0.0,0.0,0.0,0.0,1.0,0.0,0.0,True,Qwen/Qwen3-Coder-30B-A3B-Instruct-FP8,None
815,Pie,Medium,0.4023010730743408,0.4023010730743408,1,0.0,0.0,0.0,0.0,0.0,0.0,0.0,0.0,0.0,0.0,1.0,0.0,0.0,True,Qwen/Qwen3-Coder-30B-A3B-Instruct-FP8,None
815,Pie,Medium,0.4023010730743408,0.4023010730743408,1,0.0,0.0,0.0,0.0,0.0,0.0,0.0,0.0,0.0,0.0,1.0,0.0,0.0,True,Qwen/Qwen3-Coder-30B-A3B-Instruct-FP8,None
815,Pie,Medium,0.4023010730743408,0.4023010730743408,1,0.0,0.0,0.0,0.0,0.0,0.0,0.0,0.0,0.0,0.0,1.0,0.0,0.0,True,Qwen/Qwen3-Coder-30B-A3B-Instruct-FP8,None
817,Bar,Medium,0.42937183380126953,0.42937183380126953,1,0.0,0.0,0.0,0.0,0.0,0.0,0.0,0.0,0.0,0.0,1.0,0.0,0.0,True,Qwen/Qwen3-Coder-30B-A3B-Instruct-FP8,None
817,Bar,Medium,0.42937183380126953,0.42937183380126953,1,0.0,0.0,0.0,0.0,0.0,0.0,0.0,0.0,0.0,0.0,1.0,0.0,0.0,True,Qwen/Qwen3-Coder-30B-A3B-Instruct-FP8,None
817,Bar,Medium,0.42937183380126953,0.42937183380126953,1,0.0,0.0,0.0,0.0,0.0,0.0,0.0,0.0,0.0,0.0,1.0,0.0,0.0,True,Qwen/Qwen3-Coder-30B-A3B-Instruct-FP8,None
832,Bar,Medium,0.4082688093185425,0.816537618637085,2,0.0,0.0,0.0,0.0,0.0,0.0,0.0,0.0,0.0,0.0,1.0,0.0,0.0,True,Qwen/Qwen3-Coder-30B-A3B-Instruct-FP8,None
832,Bar,Medium,0.4082688093185425,0.816537618637085,2,0.0,0.0,0.0,0.0,0.0,0.0,0.0,0.0,0.0,0.0,1.0,0.0,0.0,True,Qwen/Qwen3-Coder-30B-A3B-Instruct-FP8,None
832,Bar,Medium,0.4082688093185425,0.816537618637085,2,0.0,0.0,0.0,0.0,0.0,0.0,0.0,0.0,0.0,0.0,1.0,0.0,0.0,True,Qwen/Qwen3-Coder-30B-A3B-Instruct-FP8,None
834,Pie,Medium,0.5587970018386841,1.1175940036773682,2,0.0,0.0,0.0,0.0,0.0,0.0,0.0,0.0,0.0,0.0,1.0,0.0,0.0,True,Qwen/Qwen3-Coder-30B-A3B-Instruct-FP8,None
834,Pie,Medium,0.5587970018386841,1.1175940036773682,2,0.0,0.0,0.0,0.0,0.0,0.0,0.0,0.0,0.0,0.0,1.0,0.0,0.0,True,Qwen/Qwen3-Coder-30B-A3B-Instruct-FP8,None
834,Pie,Medium,0.5587970018386841,1.1175940036773682,2,0.0,0.0,0.0,0.0,0.0,0.0,0.0,0.0,0.0,0.0,1.0,0.0,0.0,True,Qwen/Qwen3-Coder-30B-A3B-Instruct-FP8,None
838,Pie,Medium,0.550783634185791,1.101567268371582,2,0.0,0.0,0.0,0.0,0.0,0.0,0.0,0.0,0.0,0.0,1.0,0.0,0.0,True,Qwen/Qwen3-Coder-30B-A3B-Instruct-FP8,None
838,Pie,Medium,0.550783634185791,1.101567268371582,2,0.0,0.0,0.0,0.0,0.0,0.0,0.0,0.0,0.0,0.0,1.0,0.0,0.0,True,Qwen/Qwen3-Coder-30B-A3B-Instruct-FP8,None
838,Pie,Medium,0.550783634185791,1.101567268371582,2,0.0,0.0,0.0,0.0,0.0,0.0,0.0,0.0,0.0,0.0,1.0,0.0,0.0,True,Qwen/Qwen3-Coder-30B-A3B-Instruct-FP8,None
856,Pie,Hard,0.6790852546691895,0.6790852546691895,1,0.0,0.0,0.0,0.0,0.0,0.0,0.0,0.0,0.0,0.0,1.0,0.0,0.0,True,Qwen/Qwen3-Coder-30B-A3B-Instruct-FP8,None
856,Pie,Hard,0.6790852546691895,0.6790852546691895,1,0.0,0.0,0.0,0.0,0.0,0.0,0.0,0.0,0.0,0.0,1.0,0.0,0.0,True,Qwen/Qwen3-Coder-30B-A3B-Instruct-FP8,None
856,Pie,Hard,0.6790852546691895,0.6790852546691895,1,0.0,0.0,0.0,0.0,0.0,0.0,0.0,0.0,0.0,0.0,1.0,0.0,0.0,True,Qwen/Qwen3-Coder-30B-A3B-Instruct-FP8,None
858,Pie,Easy,0.3196725845336914,0.3196725845336914,1,0.0,0.0,0.0,0.0,0.0,0.0,0.0,0.0,0.0,0.0,1.0,0.0,0.0,False,Qwen/Qwen3-Coder-30B-A3B-Instruct-FP8,None
858,Pie,Easy,0.3196725845336914,0.3196725845336914,1,0.0,0.0,0.0,0.0,0.0,0.0,0.0,0.0,0.0,0.0,1.0,0.0,0.0,False,Qwen/Qwen3-Coder-30B-A3B-Instruct-FP8,None
858,Pie,Easy,0.3196725845336914,0.3196725845336914,1,0.0,0.0,0.0,0.0,0.0,0.0,0.0,0.0,0.0,0.0,1.0,0.0,0.0,False,Qwen/Qwen3-Coder-30B-A3B-Instruct-FP8,None
868,Line,Hard,1.7393062710762024,6.95722508430481,4,0.0,0.0,0.0,0.0,0.0,0.0,0.0,0.0,0.0,0.0,1.0,0.0,0.0,True,Qwen/Qwen3-Coder-30B-A3B-Instruct-FP8,None
868,Line,Hard,1.7393062710762024,6.95722508430481,4,0.0,0.0,0.0,0.0,0.0,0.0,0.0,0.0,0.0,0.0,1.0,0.0,0.0,True,Qwen/Qwen3-Coder-30B-A3B-Instruct-FP8,None
868,Line,Hard,1.7393062710762024,6.95722508430481,4,0.0,0.0,0.0,0.0,0.0,0.0,0.0,0.0,0.0,0.0,1.0,0.0,0.0,True,Qwen/Qwen3-Coder-30B-A3B-Instruct-FP8,None
874,Pie,Medium,0.5088251829147339,1.0176503658294678,2,0.0,0.0,0.0,0.0,0.0,0.0,0.0,0.0,0.0,0.0,1.0,0.0,0.0,True,Qwen/Qwen3-Coder-30B-A3B-Instruct-FP8,None
874,Pie,Medium,0.5088251829147339,1.0176503658294678,2,0.0,0.0,0.0,0.0,0.0,0.0,0.0,0.0,0.0,0.0,1.0,0.0,0.0,True,Qwen/Qwen3-Coder-30B-A3B-Instruct-FP8,None
874,Pie,Medium,0.5088251829147339,1.0176503658294678,2,0.0,0.0,0.0,0.0,0.0,0.0,0.0,0.0,0.0,0.0,1.0,0.0,0.0,True,Qwen/Qwen3-Coder-30B-A3B-Instruct-FP8,None
875,Bar,Medium,0.8002166748046875,1.600433349609375,2,0.0,0.0,0.0,0.0,0.0,0.0,0.0,0.0,0.0,0.0,1.0,0.0,0.0,True,Qwen/Qwen3-Coder-30B-A3B-Instruct-FP8,None
875,Bar,Medium,0.8002166748046875,1.600433349609375,2,0.0,0.0,0.0,0.0,0.0,0.0,0.0,0.0,0.0,0.0,1.0,0.0,0.0,True,Qwen/Qwen3-Coder-30B-A3B-Instruct-FP8,None
875,Bar,Medium,0.8002166748046875,1.600433349609375,2,0.0,0.0,0.0,0.0,0.0,0.0,0.0,0.0,0.0,0.0,1.0,0.0,0.0,True,Qwen/Qwen3-Coder-30B-A3B-Instruct-FP8,None
880,Line,Hard,4.687344868977864,14.062034606933594,3,0.0,0.0,0.0,0.0,0.6666666666666666,0.0,0.0,0.0,0.0,0.6666666666666666,0.3333333333333333,0.0,0.0,True,Qwen/Qwen3-Coder-30B-A3B-Instruct-FP8,None
880,Line,Hard,4.687344868977864,14.062034606933594,3,0.0,0.0,0.0,0.0,0.6666666666666666,0.0,0.0,0.0,0.0,0.6666666666666666,0.3333333333333333,0.0,0.0,True,Qwen/Qwen3-Coder-30B-A3B-Instruct-FP8,None
880,Line,Hard,4.687344868977864,14.062034606933594,3,0.0,0.0,0.0,0.0,0.6666666666666666,0.0,0.0,0.0,0.0,0.6666666666666666,0.3333333333333333,0.0,0.0,True,Qwen/Qwen3-Coder-30B-A3B-Instruct-FP8,None
883,Pie,Hard,0.5614643692970276,2.2458574771881104,4,0.0,0.0,0.0,0.0,0.25,0.0,0.0,0.0,0.0,0.25,0.75,0.0,0.0,True,Qwen/Qwen3-Coder-30B-A3B-Instruct-FP8,None
883,Pie,Hard,0.5614643692970276,2.2458574771881104,4,0.0,0.0,0.0,0.0,0.25,0.0,0.0,0.0,0.0,0.25,0.75,0.0,0.0,True,Qwen/Qwen3-Coder-30B-A3B-Instruct-FP8,None
883,Pie,Hard,0.5614643692970276,2.2458574771881104,4,0.0,0.0,0.0,0.0,0.25,0.0,0.0,0.0,0.0,0.25,0.75,0.0,0.0,True,Qwen/Qwen3-Coder-30B-A3B-Instruct-FP8,None
887,Pie,Easy,0.4446362257003784,1.7785449028015137,4,0.0,0.0,0.0,0.0,0.0,0.0,0.0,0.0,0.0,0.0,1.0,0.0,0.0,False,Qwen/Qwen3-Coder-30B-A3B-Instruct-FP8,None
887,Pie,Easy,0.4446362257003784,1.7785449028015137,4,0.0,0.0,0.0,0.0,0.0,0.0,0.0,0.0,0.0,0.0,1.0,0.0,0.0,False,Qwen/Qwen3-Coder-30B-A3B-Instruct-FP8,None
887,Pie,Easy,0.4446362257003784,1.7785449028015137,4,0.0,0.0,0.0,0.0,0.0,0.0,0.0,0.0,0.0,0.0,1.0,0.0,0.0,False,Qwen/Qwen3-Coder-30B-A3B-Instruct-FP8,None
906,Pie,Easy,0.2838644504547119,1.4193222522735596,5,0.0,0.0,0.0,0.0,0.0,0.0,0.0,0.0,0.0,0.0,1.0,0.0,0.0,False,Qwen/Qwen3-Coder-30B-A3B-Instruct-FP8,None
906,Pie,Easy,0.2838644504547119,1.4193222522735596,5,0.0,0.0,0.0,0.0,0.0,0.0,0.0,0.0,0.0,0.0,1.0,0.0,0.0,False,Qwen/Qwen3-Coder-30B-A3B-Instruct-FP8,None
906,Pie,Easy,0.2838644504547119,1.4193222522735596,5,0.0,0.0,0.0,0.0,0.0,0.0,0.0,0.0,0.0,0.0,1.0,0.0,0.0,False,Qwen/Qwen3-Coder-30B-A3B-Instruct-FP8,None
908,Pie,Easy,0.3184203624725342,1.592101812362671,5,0.0,0.0,0.0,0.0,0.0,0.0,0.0,0.0,0.0,0.0,1.0,0.0,0.0,False,Qwen/Qwen3-Coder-30B-A3B-Instruct-FP8,None
908,Pie,Easy,0.3184203624725342,1.592101812362671,5,0.0,0.0,0.0,0.0,0.0,0.0,0.0,0.0,0.0,0.0,1.0,0.0,0.0,False,Qwen/Qwen3-Coder-30B-A3B-Instruct-FP8,None
908,Pie,Easy,0.3184203624725342,1.592101812362671,5,0.0,0.0,0.0,0.0,0.0,0.0,0.0,0.0,0.0,0.0,1.0,0.0,0.0,False,Qwen/Qwen3-Coder-30B-A3B-Instruct-FP8,None
910,Pie,Medium,0.44399112462997437,1.7759644985198975,4,0.0,0.0,0.0,0.0,0.0,0.0,0.0,0.0,0.0,0.0,1.0,0.0,0.0,True,Qwen/Qwen3-Coder-30B-A3B-Instruct-FP8,None
910,Pie,Medium,0.44399112462997437,1.7759644985198975,4,0.0,0.0,0.0,0.0,0.0,0.0,0.0,0.0,0.0,0.0,1.0,0.0,0.0,True,Qwen/Qwen3-Coder-30B-A3B-Instruct-FP8,None
910,Pie,Medium,0.44399112462997437,1.7759644985198975,4,0.0,0.0,0.0,0.0,0.0,0.0,0.0,0.0,0.0,0.0,1.0,0.0,0.0,True,Qwen/Qwen3-Coder-30B-A3B-Instruct-FP8,None
912,Bar,Medium,0.5191946029663086,0.5191946029663086,1,0.0,0.0,0.0,0.0,0.0,0.0,0.0,0.0,0.0,0.0,1.0,0.0,0.0,True,Qwen/Qwen3-Coder-30B-A3B-Instruct-FP8,None
912,Bar,Medium,0.5191946029663086,0.5191946029663086,1,0.0,0.0,0.0,0.0,0.0,0.0,0.0,0.0,0.0,0.0,1.0,0.0,0.0,True,Qwen/Qwen3-Coder-30B-A3B-Instruct-FP8,None
912,Bar,Medium,0.5191946029663086,0.5191946029663086,1,0.0,0.0,0.0,0.0,0.0,0.0,0.0,0.0,0.0,0.0,1.0,0.0,0.0,True,Qwen/Qwen3-Coder-30B-A3B-Instruct-FP8,None
914,Bar,Hard,0.5557651519775391,1.1115303039550781,2,0.0,0.0,0.0,0.0,0.0,0.0,0.0,0.0,0.0,0.0,1.0,0.0,0.0,True,Qwen/Qwen3-Coder-30B-A3B-Instruct-FP8,None
914,Bar,Hard,0.5557651519775391,1.1115303039550781,2,0.0,0.0,0.0,0.0,0.0,0.0,0.0,0.0,0.0,0.0,1.0,0.0,0.0,True,Qwen/Qwen3-Coder-30B-A3B-Instruct-FP8,None
914,Bar,Hard,0.5557651519775391,1.1115303039550781,2,0.0,0.0,0.0,0.0,0.0,0.0,0.0,0.0,0.0,0.0,1.0,0.0,0.0,True,Qwen/Qwen3-Coder-30B-A3B-Instruct-FP8,None
924,Bar,Medium,5.13337779045105,5.13337779045105,1,0.0,0.0,0.0,0.0,0.0,0.0,0.0,0.0,0.0,0.0,1.0,0.0,0.0,False,Qwen/Qwen3-Coder-30B-A3B-Instruct-FP8,None
924,Bar,Medium,5.13337779045105,5.13337779045105,1,0.0,0.0,0.0,0.0,0.0,0.0,0.0,0.0,0.0,0.0,1.0,0.0,0.0,False,Qwen/Qwen3-Coder-30B-A3B-Instruct-FP8,None
924,Bar,Medium,5.13337779045105,5.13337779045105,1,0.0,0.0,0.0,0.0,0.0,0.0,0.0,0.0,0.0,0.0,1.0,0.0,0.0,False,Qwen/Qwen3-Coder-30B-A3B-Instruct-FP8,None
926,Bar,Easy,0.3639333248138428,1.0917999744415283,3,0.0,0.0,0.0,0.0,0.0,0.0,0.0,0.0,0.0,0.0,1.0,0.0,0.0,False,Qwen/Qwen3-Coder-30B-A3B-Instruct-FP8,None
926,Bar,Easy,0.3639333248138428,1.0917999744415283,3,0.0,0.0,0.0,0.0,0.0,0.0,0.0,0.0,0.0,0.0,1.0,0.0,0.0,False,Qwen/Qwen3-Coder-30B-A3B-Instruct-FP8,None
926,Bar,Easy,0.3639333248138428,1.0917999744415283,3,0.0,0.0,0.0,0.0,0.0,0.0,0.0,0.0,0.0,0.0,1.0,0.0,0.0,False,Qwen/Qwen3-Coder-30B-A3B-Instruct-FP8,None
961,Bar,Medium,0.5117632746696472,2.047053098678589,4,0.0,0.0,0.0,0.0,0.0,0.0,0.0,0.0,0.0,0.0,1.0,0.0,0.0,True,Qwen/Qwen3-Coder-30B-A3B-Instruct-FP8,None
961,Bar,Medium,0.5117632746696472,2.047053098678589,4,0.0,0.0,0.0,0.0,0.0,0.0,0.0,0.0,0.0,0.0,1.0,0.0,0.0,True,Qwen/Qwen3-Coder-30B-A3B-Instruct-FP8,None
961,Bar,Medium,0.5117632746696472,2.047053098678589,4,0.0,0.0,0.0,0.0,0.0,0.0,0.0,0.0,0.0,0.0,1.0,0.0,0.0,True,Qwen/Qwen3-Coder-30B-A3B-Instruct-FP8,None
971,Pie,Easy,0.3194880485534668,0.9584641456604004,3,0.0,0.0,0.0,0.0,0.0,0.0,0.0,0.0,0.0,0.0,1.0,0.0,0.0,False,Qwen/Qwen3-Coder-30B-A3B-Instruct-FP8,None
971,Pie,Easy,0.3194880485534668,0.9584641456604004,3,0.0,0.0,0.0,0.0,0.0,0.0,0.0,0.0,0.0,0.0,1.0,0.0,0.0,False,Qwen/Qwen3-Coder-30B-A3B-Instruct-FP8,None
971,Pie,Easy,0.3194880485534668,0.9584641456604004,3,0.0,0.0,0.0,0.0,0.0,0.0,0.0,0.0,0.0,0.0,1.0,0.0,0.0,False,Qwen/Qwen3-Coder-30B-A3B-Instruct-FP8,None
975,Bar,Hard,0.6710233688354492,1.3420467376708984,2,0.0,0.0,0.0,0.0,0.0,0.0,0.0,0.0,0.0,0.0,1.0,0.0,0.0,True,Qwen/Qwen3-Coder-30B-A3B-Instruct-FP8,None
975,Bar,Hard,0.6710233688354492,1.3420467376708984,2,0.0,0.0,0.0,0.0,0.0,0.0,0.0,0.0,0.0,0.0,1.0,0.0,0.0,True,Qwen/Qwen3-Coder-30B-A3B-Instruct-FP8,None
975,Bar,Hard,0.6710233688354492,1.3420467376708984,2,0.0,0.0,0.0,0.0,0.0,0.0,0.0,0.0,0.0,0.0,1.0,0.0,0.0,True,Qwen/Qwen3-Coder-30B-A3B-Instruct-FP8,None
990,Bar,Medium,0.47977185249328613,0.9595437049865723,2,0.0,0.0,0.0,0.0,0.0,0.0,0.0,0.0,0.0,0.0,1.0,0.0,0.0,True,Qwen/Qwen3-Coder-30B-A3B-Instruct-FP8,None
990,Bar,Medium,0.47977185249328613,0.9595437049865723,2,0.0,0.0,0.0,0.0,0.0,0.0,0.0,0.0,0.0,0.0,1.0,0.0,0.0,True,Qwen/Qwen3-Coder-30B-A3B-Instruct-FP8,None
990,Bar,Medium,0.47977185249328613,0.9595437049865723,2,0.0,0.0,0.0,0.0,0.0,0.0,0.0,0.0,0.0,0.0,1.0,0.0,0.0,True,Qwen/Qwen3-Coder-30B-A3B-Instruct-FP8,None
994,Bar,Medium,0.46190404891967773,0.46190404891967773,1,0.0,0.0,0.0,0.0,0.0,0.0,0.0,0.0,0.0,0.0,1.0,0.0,0.0,True,Qwen/Qwen3-Coder-30B-A3B-Instruct-FP8,None
994,Bar,Medium,0.46190404891967773,0.46190404891967773,1,0.0,0.0,0.0,0.0,0.0,0.0,0.0,0.0,0.0,0.0,1.0,0.0,0.0,True,Qwen/Qwen3-Coder-30B-A3B-Instruct-FP8,None
994,Bar,Medium,0.46190404891967773,0.46190404891967773,1,0.0,0.0,0.0,0.0,0.0,0.0,0.0,0.0,0.0,0.0,1.0,0.0,0.0,True,Qwen/Qwen3-Coder-30B-A3B-Instruct-FP8,None
998,Line,Medium,0.47124552726745605,0.47124552726745605,1,0.0,0.0,0.0,0.0,1.0,0.0,0.0,0.0,0.0,1.0,0.0,,0.0,True,Qwen/Qwen3-Coder-30B-A3B-Instruct-FP8,None
998,Line,Medium,0.47124552726745605,0.47124552726745605,1,0.0,0.0,0.0,0.0,1.0,0.0,0.0,0.0,0.0,1.0,0.0,,0.0,True,Qwen/Qwen3-Coder-30B-A3B-Instruct-FP8,None
998,Line,Medium,0.47124552726745605,0.47124552726745605,1,0.0,0.0,0.0,0.0,1.0,0.0,0.0,0.0,0.0,1.0,0.0,,0.0,True,Qwen/Qwen3-Coder-30B-A3B-Instruct-FP8,None
999,Pie,Easy,0.2970702648162842,0.2970702648162842,1,0.0,0.0,0.0,0.0,0.0,0.0,0.0,0.0,0.0,0.0,1.0,0.0,0.0,False,Qwen/Qwen3-Coder-30B-A3B-Instruct-FP8,None
999,Pie,Easy,0.2970702648162842,0.2970702648162842,1,0.0,0.0,0.0,0.0,0.0,0.0,0.0,0.0,0.0,0.0,1.0,0.0,0.0,False,Qwen/Qwen3-Coder-30B-A3B-Instruct-FP8,None
999,Pie,Easy,0.2970702648162842,0.2970702648162842,1,0.0,0.0,0.0,0.0,0.0,0.0,0.0,0.0,0.0,0.0,1.0,0.0,0.0,False,Qwen/Qwen3-Coder-30B-A3B-Instruct-FP8,None
1001,Bar,Medium,8.514328479766846,17.02865695953369,2,0.5,0.0,0.0,0.0,0.0,0.0,0.0,0.0,0.5,0.0,0.5,0.0,0.0,True,Qwen/Qwen3-Coder-30B-A3B-Instruct-FP8,None
1001,Bar,Medium,8.514328479766846,17.02865695953369,2,0.5,0.0,0.0,0.0,0.0,0.0,0.0,0.0,0.5,0.0,0.5,0.0,0.0,True,Qwen/Qwen3-Coder-30B-A3B-Instruct-FP8,None
1001,Bar,Medium,8.514328479766846,17.02865695953369,2,0.5,0.0,0.0,0.0,0.0,0.0,0.0,0.0,0.5,0.0,0.5,0.0,0.0,True,Qwen/Qwen3-Coder-30B-A3B-Instruct-FP8,None
1003,Pie,Medium,9.108347058296204,18.216694116592407,2,0.5,0.0,0.0,0.0,0.0,0.0,0.0,0.0,0.5,0.0,0.5,0.0,0.0,True,Qwen/Qwen3-Coder-30B-A3B-Instruct-FP8,None
1003,Pie,Medium,9.108347058296204,18.216694116592407,2,0.5,0.0,0.0,0.0,0.0,0.0,0.0,0.0,0.5,0.0,0.5,0.0,0.0,True,Qwen/Qwen3-Coder-30B-A3B-Instruct-FP8,None
1003,Pie,Medium,9.108347058296204,18.216694116592407,2,0.5,0.0,0.0,0.0,0.0,0.0,0.0,0.0,0.5,0.0,0.5,0.0,0.0,True,Qwen/Qwen3-Coder-30B-A3B-Instruct-FP8,None
1007,Pie,Hard,0.4876887798309326,0.4876887798309326,1,0.0,0.0,0.0,0.0,0.0,0.0,0.0,0.0,0.0,0.0,1.0,0.0,0.0,False,Qwen/Qwen3-Coder-30B-A3B-Instruct-FP8,None
1007,Pie,Hard,0.4876887798309326,0.4876887798309326,1,0.0,0.0,0.0,0.0,0.0,0.0,0.0,0.0,0.0,0.0,1.0,0.0,0.0,False,Qwen/Qwen3-Coder-30B-A3B-Instruct-FP8,None
1007,Pie,Hard,0.4876887798309326,0.4876887798309326,1,0.0,0.0,0.0,0.0,0.0,0.0,0.0,0.0,0.0,0.0,1.0,0.0,0.0,False,Qwen/Qwen3-Coder-30B-A3B-Instruct-FP8,None
1008,Pie,Hard,0.42150282859802246,0.42150282859802246,1,0.0,0.0,0.0,0.0,0.0,0.0,0.0,0.0,0.0,0.0,1.0,0.0,0.0,False,Qwen/Qwen3-Coder-30B-A3B-Instruct-FP8,None
1008,Pie,Hard,0.42150282859802246,0.42150282859802246,1,0.0,0.0,0.0,0.0,0.0,0.0,0.0,0.0,0.0,0.0,1.0,0.0,0.0,False,Qwen/Qwen3-Coder-30B-A3B-Instruct-FP8,None
1008,Pie,Hard,0.42150282859802246,0.42150282859802246,1,0.0,0.0,0.0,0.0,0.0,0.0,0.0,0.0,0.0,0.0,1.0,0.0,0.0,False,Qwen/Qwen3-Coder-30B-A3B-Instruct-FP8,None
1012,Bar,Easy,0.35792144139607746,1.0737643241882324,3,0.0,0.0,0.0,0.0,0.0,0.0,0.0,0.0,0.0,0.0,1.0,0.0,0.0,False,Qwen/Qwen3-Coder-30B-A3B-Instruct-FP8,None
1012,Bar,Easy,0.35792144139607746,1.0737643241882324,3,0.0,0.0,0.0,0.0,0.0,0.0,0.0,0.0,0.0,0.0,1.0,0.0,0.0,False,Qwen/Qwen3-Coder-30B-A3B-Instruct-FP8,None
1012,Bar,Easy,0.35792144139607746,1.0737643241882324,3,0.0,0.0,0.0,0.0,0.0,0.0,0.0,0.0,0.0,0.0,1.0,0.0,0.0,False,Qwen/Qwen3-Coder-30B-A3B-Instruct-FP8,None
1014,Pie,Easy,0.3320493698120117,0.6640987396240234,2,0.0,0.0,0.0,0.0,0.0,0.0,0.0,0.0,0.0,0.0,1.0,0.0,0.0,False,Qwen/Qwen3-Coder-30B-A3B-Instruct-FP8,None
1014,Pie,Easy,0.3320493698120117,0.6640987396240234,2,0.0,0.0,0.0,0.0,0.0,0.0,0.0,0.0,0.0,0.0,1.0,0.0,0.0,False,Qwen/Qwen3-Coder-30B-A3B-Instruct-FP8,None
1014,Pie,Easy,0.3320493698120117,0.6640987396240234,2,0.0,0.0,0.0,0.0,0.0,0.0,0.0,0.0,0.0,0.0,1.0,0.0,0.0,False,Qwen/Qwen3-Coder-30B-A3B-Instruct-FP8,None
1018,Pie,Medium,0.523453950881958,0.523453950881958,1,0.0,0.0,0.0,0.0,0.0,0.0,0.0,0.0,0.0,0.0,1.0,0.0,0.0,True,Qwen/Qwen3-Coder-30B-A3B-Instruct-FP8,None
1018,Pie,Medium,0.523453950881958,0.523453950881958,1,0.0,0.0,0.0,0.0,0.0,0.0,0.0,0.0,0.0,0.0,1.0,0.0,0.0,True,Qwen/Qwen3-Coder-30B-A3B-Instruct-FP8,None
1018,Pie,Medium,0.523453950881958,0.523453950881958,1,0.0,0.0,0.0,0.0,0.0,0.0,0.0,0.0,0.0,0.0,1.0,0.0,0.0,True,Qwen/Qwen3-Coder-30B-A3B-Instruct-FP8,None
1021,Pie,Easy,0.3463555574417114,0.6927111148834229,2,0.0,0.0,0.0,0.0,0.0,0.0,0.0,0.0,0.0,0.0,1.0,0.0,0.0,False,Qwen/Qwen3-Coder-30B-A3B-Instruct-FP8,None
1021,Pie,Easy,0.3463555574417114,0.6927111148834229,2,0.0,0.0,0.0,0.0,0.0,0.0,0.0,0.0,0.0,0.0,1.0,0.0,0.0,False,Qwen/Qwen3-Coder-30B-A3B-Instruct-FP8,None
1021,Pie,Easy,0.3463555574417114,0.6927111148834229,2,0.0,0.0,0.0,0.0,0.0,0.0,0.0,0.0,0.0,0.0,1.0,0.0,0.0,False,Qwen/Qwen3-Coder-30B-A3B-Instruct-FP8,None
1024,Bar,Medium,0.32539820671081543,0.32539820671081543,1,0.0,0.0,0.0,0.0,0.0,0.0,0.0,0.0,0.0,0.0,1.0,0.0,0.0,False,Qwen/Qwen3-Coder-30B-A3B-Instruct-FP8,None
1024,Bar,Medium,0.32539820671081543,0.32539820671081543,1,0.0,0.0,0.0,0.0,0.0,0.0,0.0,0.0,0.0,0.0,1.0,0.0,0.0,False,Qwen/Qwen3-Coder-30B-A3B-Instruct-FP8,None
1024,Bar,Medium,0.32539820671081543,0.32539820671081543,1,0.0,0.0,0.0,0.0,0.0,0.0,0.0,0.0,0.0,0.0,1.0,0.0,0.0,False,Qwen/Qwen3-Coder-30B-A3B-Instruct-FP8,None
1037,Bar,Easy,0.5023859341939291,1.507157802581787,3,0.0,0.0,0.0,0.0,0.0,0.0,0.0,0.0,0.0,0.0,1.0,0.0,0.0,False,Qwen/Qwen3-Coder-30B-A3B-Instruct-FP8,None
1037,Bar,Easy,0.5023859341939291,1.507157802581787,3,0.0,0.0,0.0,0.0,0.0,0.0,0.0,0.0,0.0,0.0,1.0,0.0,0.0,False,Qwen/Qwen3-Coder-30B-A3B-Instruct-FP8,None
1037,Bar,Easy,0.5023859341939291,1.507157802581787,3,0.0,0.0,0.0,0.0,0.0,0.0,0.0,0.0,0.0,0.0,1.0,0.0,0.0,False,Qwen/Qwen3-Coder-30B-A3B-Instruct-FP8,None
1059,Pie,Medium,0.4684779644012451,1.8739118576049805,4,0.0,0.0,0.0,0.0,0.0,0.0,0.0,0.0,0.0,0.0,1.0,0.0,0.0,True,Qwen/Qwen3-Coder-30B-A3B-Instruct-FP8,None
1059,Pie,Medium,0.4684779644012451,1.8739118576049805,4,0.0,0.0,0.0,0.0,0.0,0.0,0.0,0.0,0.0,0.0,1.0,0.0,0.0,True,Qwen/Qwen3-Coder-30B-A3B-Instruct-FP8,None
1059,Pie,Medium,0.4684779644012451,1.8739118576049805,4,0.0,0.0,0.0,0.0,0.0,0.0,0.0,0.0,0.0,0.0,1.0,0.0,0.0,True,Qwen/Qwen3-Coder-30B-A3B-Instruct-FP8,None
1061,Pie,Easy,0.31488828659057616,1.5744414329528809,5,0.0,0.0,0.0,0.0,0.0,0.0,0.0,0.0,0.0,0.0,1.0,0.0,0.0,False,Qwen/Qwen3-Coder-30B-A3B-Instruct-FP8,None
1061,Pie,Easy,0.31488828659057616,1.5744414329528809,5,0.0,0.0,0.0,0.0,0.0,0.0,0.0,0.0,0.0,0.0,1.0,0.0,0.0,False,Qwen/Qwen3-Coder-30B-A3B-Instruct-FP8,None
1061,Pie,Easy,0.31488828659057616,1.5744414329528809,5,0.0,0.0,0.0,0.0,0.0,0.0,0.0,0.0,0.0,0.0,1.0,0.0,0.0,False,Qwen/Qwen3-Coder-30B-A3B-Instruct-FP8,None
1071,Bar,Medium,0.47894930839538574,0.47894930839538574,1,0.0,0.0,0.0,0.0,0.0,0.0,0.0,0.0,0.0,0.0,1.0,0.0,0.0,False,Qwen/Qwen3-Coder-30B-A3B-Instruct-FP8,None
1071,Bar,Medium,0.47894930839538574,0.47894930839538574,1,0.0,0.0,0.0,0.0,0.0,0.0,0.0,0.0,0.0,0.0,1.0,0.0,0.0,False,Qwen/Qwen3-Coder-30B-A3B-Instruct-FP8,None
1071,Bar,Medium,0.47894930839538574,0.47894930839538574,1,0.0,0.0,0.0,0.0,0.0,0.0,0.0,0.0,0.0,0.0,1.0,0.0,0.0,False,Qwen/Qwen3-Coder-30B-A3B-Instruct-FP8,None
1072,Bar,Hard,0.666377067565918,0.666377067565918,1,0.0,0.0,0.0,0.0,0.0,0.0,0.0,0.0,0.0,0.0,1.0,0.0,0.0,True,Qwen/Qwen3-Coder-30B-A3B-Instruct-FP8,None
1072,Bar,Hard,0.666377067565918,0.666377067565918,1,0.0,0.0,0.0,0.0,0.0,0.0,0.0,0.0,0.0,0.0,1.0,0.0,0.0,True,Qwen/Qwen3-Coder-30B-A3B-Instruct-FP8,None
1072,Bar,Hard,0.666377067565918,0.666377067565918,1,0.0,0.0,0.0,0.0,0.0,0.0,0.0,0.0,0.0,0.0,1.0,0.0,0.0,True,Qwen/Qwen3-Coder-30B-A3B-Instruct-FP8,None
1073,Pie,Medium,0.5471706390380859,0.5471706390380859,1,0.0,0.0,0.0,0.0,0.0,0.0,0.0,0.0,0.0,0.0,1.0,0.0,0.0,True,Qwen/Qwen3-Coder-30B-A3B-Instruct-FP8,None
1073,Pie,Medium,0.5471706390380859,0.5471706390380859,1,0.0,0.0,0.0,0.0,0.0,0.0,0.0,0.0,0.0,0.0,1.0,0.0,0.0,True,Qwen/Qwen3-Coder-30B-A3B-Instruct-FP8,None
1073,Pie,Medium,0.5471706390380859,0.5471706390380859,1,0.0,0.0,0.0,0.0,0.0,0.0,0.0,0.0,0.0,0.0,1.0,0.0,0.0,True,Qwen/Qwen3-Coder-30B-A3B-Instruct-FP8,None
1074,Bar,Hard,0.6128513813018799,0.6128513813018799,1,0.0,0.0,0.0,0.0,0.0,0.0,0.0,0.0,0.0,0.0,1.0,0.0,0.0,True,Qwen/Qwen3-Coder-30B-A3B-Instruct-FP8,None
1074,Bar,Hard,0.6128513813018799,0.6128513813018799,1,0.0,0.0,0.0,0.0,0.0,0.0,0.0,0.0,0.0,0.0,1.0,0.0,0.0,True,Qwen/Qwen3-Coder-30B-A3B-Instruct-FP8,None
1074,Bar,Hard,0.6128513813018799,0.6128513813018799,1,0.0,0.0,0.0,0.0,0.0,0.0,0.0,0.0,0.0,0.0,1.0,0.0,0.0,True,Qwen/Qwen3-Coder-30B-A3B-Instruct-FP8,None
1079,Pie,Medium,0.5681312084197998,0.5681312084197998,1,0.0,0.0,0.0,0.0,1.0,0.0,0.0,0.0,0.0,1.0,0.0,,0.0,True,Qwen/Qwen3-Coder-30B-A3B-Instruct-FP8,None
1079,Pie,Medium,0.5681312084197998,0.5681312084197998,1,0.0,0.0,0.0,0.0,1.0,0.0,0.0,0.0,0.0,1.0,0.0,,0.0,True,Qwen/Qwen3-Coder-30B-A3B-Instruct-FP8,None
1079,Pie,Medium,0.5681312084197998,0.5681312084197998,1,0.0,0.0,0.0,0.0,1.0,0.0,0.0,0.0,0.0,1.0,0.0,,0.0,True,Qwen/Qwen3-Coder-30B-A3B-Instruct-FP8,None
1081,Pie,Medium,4.973077297210693,4.973077297210693,1,0.0,0.0,0.0,0.0,0.0,0.0,0.0,0.0,0.0,0.0,1.0,0.0,0.0,True,Qwen/Qwen3-Coder-30B-A3B-Instruct-FP8,None
1081,Pie,Medium,4.973077297210693,4.973077297210693,1,0.0,0.0,0.0,0.0,0.0,0.0,0.0,0.0,0.0,0.0,1.0,0.0,0.0,True,Qwen/Qwen3-Coder-30B-A3B-Instruct-FP8,None
1081,Pie,Medium,4.973077297210693,4.973077297210693,1,0.0,0.0,0.0,0.0,0.0,0.0,0.0,0.0,0.0,0.0,1.0,0.0,0.0,True,Qwen/Qwen3-Coder-30B-A3B-Instruct-FP8,None
1082,Pie,Medium,0.4418809413909912,0.8837618827819824,2,0.0,0.0,0.0,0.0,1.0,0.0,0.0,0.0,0.0,1.0,0.0,,0.0,True,Qwen/Qwen3-Coder-30B-A3B-Instruct-FP8,None
1082,Pie,Medium,0.4418809413909912,0.8837618827819824,2,0.0,0.0,0.0,0.0,1.0,0.0,0.0,0.0,0.0,1.0,0.0,,0.0,True,Qwen/Qwen3-Coder-30B-A3B-Instruct-FP8,None
1082,Pie,Medium,0.4418809413909912,0.8837618827819824,2,0.0,0.0,0.0,0.0,1.0,0.0,0.0,0.0,0.0,1.0,0.0,,0.0,True,Qwen/Qwen3-Coder-30B-A3B-Instruct-FP8,None
1088,Pie,Medium,0.4285550117492676,0.4285550117492676,1,0.0,0.0,0.0,0.0,0.0,0.0,0.0,0.0,0.0,0.0,1.0,0.0,0.0,True,Qwen/Qwen3-Coder-30B-A3B-Instruct-FP8,None
1088,Pie,Medium,0.4285550117492676,0.4285550117492676,1,0.0,0.0,0.0,0.0,0.0,0.0,0.0,0.0,0.0,0.0,1.0,0.0,0.0,True,Qwen/Qwen3-Coder-30B-A3B-Instruct-FP8,None
1088,Pie,Medium,0.4285550117492676,0.4285550117492676,1,0.0,0.0,0.0,0.0,0.0,0.0,0.0,0.0,0.0,0.0,1.0,0.0,0.0,True,Qwen/Qwen3-Coder-30B-A3B-Instruct-FP8,None
1090,Pie,Easy,0.26020848751068115,0.5204169750213623,2,0.0,0.0,0.0,0.0,0.0,0.0,0.0,0.0,0.0,0.0,1.0,0.0,0.0,False,Qwen/Qwen3-Coder-30B-A3B-Instruct-FP8,None
1090,Pie,Easy,0.26020848751068115,0.5204169750213623,2,0.0,0.0,0.0,0.0,0.0,0.0,0.0,0.0,0.0,0.0,1.0,0.0,0.0,False,Qwen/Qwen3-Coder-30B-A3B-Instruct-FP8,None
1090,Pie,Easy,0.26020848751068115,0.5204169750213623,2,0.0,0.0,0.0,0.0,0.0,0.0,0.0,0.0,0.0,0.0,1.0,0.0,0.0,False,Qwen/Qwen3-Coder-30B-A3B-Instruct-FP8,None
1104,Pie,Hard,0.46646547317504883,0.46646547317504883,1,0.0,0.0,0.0,0.0,1.0,0.0,0.0,0.0,0.0,1.0,0.0,,0.0,True,Qwen/Qwen3-Coder-30B-A3B-Instruct-FP8,None
1104,Pie,Hard,0.46646547317504883,0.46646547317504883,1,0.0,0.0,0.0,0.0,1.0,0.0,0.0,0.0,0.0,1.0,0.0,,0.0,True,Qwen/Qwen3-Coder-30B-A3B-Instruct-FP8,None
1104,Pie,Hard,0.46646547317504883,0.46646547317504883,1,0.0,0.0,0.0,0.0,1.0,0.0,0.0,0.0,0.0,1.0,0.0,,0.0,True,Qwen/Qwen3-Coder-30B-A3B-Instruct-FP8,None
1113,Bar,Easy,0.29272961616516113,0.29272961616516113,1,0.0,0.0,0.0,0.0,0.0,0.0,0.0,0.0,0.0,0.0,1.0,0.0,0.0,False,Qwen/Qwen3-Coder-30B-A3B-Instruct-FP8,None
1113,Bar,Easy,0.29272961616516113,0.29272961616516113,1,0.0,0.0,0.0,0.0,0.0,0.0,0.0,0.0,0.0,0.0,1.0,0.0,0.0,False,Qwen/Qwen3-Coder-30B-A3B-Instruct-FP8,None
1113,Bar,Easy,0.29272961616516113,0.29272961616516113,1,0.0,0.0,0.0,0.0,0.0,0.0,0.0,0.0,0.0,0.0,1.0,0.0,0.0,False,Qwen/Qwen3-Coder-30B-A3B-Instruct-FP8,None
1129,Bar,Easy,0.3591592311859131,1.0774776935577393,3,0.0,0.0,0.0,0.0,0.0,0.0,0.0,0.0,0.0,0.0,1.0,0.0,0.0,False,Qwen/Qwen3-Coder-30B-A3B-Instruct-FP8,None
1129,Bar,Easy,0.3591592311859131,1.0774776935577393,3,0.0,0.0,0.0,0.0,0.0,0.0,0.0,0.0,0.0,0.0,1.0,0.0,0.0,False,Qwen/Qwen3-Coder-30B-A3B-Instruct-FP8,None
1129,Bar,Easy,0.3591592311859131,1.0774776935577393,3,0.0,0.0,0.0,0.0,0.0,0.0,0.0,0.0,0.0,0.0,1.0,0.0,0.0,False,Qwen/Qwen3-Coder-30B-A3B-Instruct-FP8,None
1130,Bar,Easy,0.3344596227010091,1.0033788681030273,3,0.0,0.0,0.0,0.0,0.0,0.0,0.0,0.0,0.0,0.0,1.0,0.0,0.0,False,Qwen/Qwen3-Coder-30B-A3B-Instruct-FP8,None
1130,Bar,Easy,0.3344596227010091,1.0033788681030273,3,0.0,0.0,0.0,0.0,0.0,0.0,0.0,0.0,0.0,0.0,1.0,0.0,0.0,False,Qwen/Qwen3-Coder-30B-A3B-Instruct-FP8,None
1130,Bar,Easy,0.3344596227010091,1.0033788681030273,3,0.0,0.0,0.0,0.0,0.0,0.0,0.0,0.0,0.0,0.0,1.0,0.0,0.0,False,Qwen/Qwen3-Coder-30B-A3B-Instruct-FP8,None
1133,Grouping Scatter,Easy,0.4248312711715698,0.8496625423431396,2,0.0,0.0,0.0,0.0,0.0,0.0,0.0,0.0,0.0,0.0,1.0,0.0,0.0,False,Qwen/Qwen3-Coder-30B-A3B-Instruct-FP8,None
1133,Grouping Scatter,Easy,0.4248312711715698,0.8496625423431396,2,0.0,0.0,0.0,0.0,0.0,0.0,0.0,0.0,0.0,0.0,1.0,0.0,0.0,False,Qwen/Qwen3-Coder-30B-A3B-Instruct-FP8,None
1133,Grouping Scatter,Easy,0.4248312711715698,0.8496625423431396,2,0.0,0.0,0.0,0.0,0.0,0.0,0.0,0.0,0.0,0.0,1.0,0.0,0.0,False,Qwen/Qwen3-Coder-30B-A3B-Instruct-FP8,None
1152,Bar,Easy,0.3156604766845703,1.2626419067382812,4,0.0,0.0,0.0,0.0,0.0,0.0,0.0,0.0,0.0,0.0,1.0,0.0,0.0,False,Qwen/Qwen3-Coder-30B-A3B-Instruct-FP8,None
1152,Bar,Easy,0.3156604766845703,1.2626419067382812,4,0.0,0.0,0.0,0.0,0.0,0.0,0.0,0.0,0.0,0.0,1.0,0.0,0.0,False,Qwen/Qwen3-Coder-30B-A3B-Instruct-FP8,None
1152,Bar,Easy,0.3156604766845703,1.2626419067382812,4,0.0,0.0,0.0,0.0,0.0,0.0,0.0,0.0,0.0,0.0,1.0,0.0,0.0,False,Qwen/Qwen3-Coder-30B-A3B-Instruct-FP8,None
1153,Bar,Easy,0.34340842564900714,1.0302252769470215,3,0.0,0.0,0.0,0.0,0.0,0.0,0.0,0.0,0.0,0.0,1.0,0.0,0.0,False,Qwen/Qwen3-Coder-30B-A3B-Instruct-FP8,None
1153,Bar,Easy,0.34340842564900714,1.0302252769470215,3,0.0,0.0,0.0,0.0,0.0,0.0,0.0,0.0,0.0,0.0,1.0,0.0,0.0,False,Qwen/Qwen3-Coder-30B-A3B-Instruct-FP8,None
1153,Bar,Easy,0.34340842564900714,1.0302252769470215,3,0.0,0.0,0.0,0.0,0.0,0.0,0.0,0.0,0.0,0.0,1.0,0.0,0.0,False,Qwen/Qwen3-Coder-30B-A3B-Instruct-FP8,None
1172,Grouping Scatter,Medium,6.894057393074036,13.788114786148071,2,0.0,0.0,0.0,0.0,0.0,0.0,0.0,0.0,0.0,0.0,1.0,0.0,0.0,False,Qwen/Qwen3-Coder-30B-A3B-Instruct-FP8,None
1172,Grouping Scatter,Medium,6.894057393074036,13.788114786148071,2,0.0,0.0,0.0,0.0,0.0,0.0,0.0,0.0,0.0,0.0,1.0,0.0,0.0,False,Qwen/Qwen3-Coder-30B-A3B-Instruct-FP8,None
1172,Grouping Scatter,Medium,6.894057393074036,13.788114786148071,2,0.0,0.0,0.0,0.0,0.0,0.0,0.0,0.0,0.0,0.0,1.0,0.0,0.0,False,Qwen/Qwen3-Coder-30B-A3B-Instruct-FP8,None
1182,Bar,Easy,0.4871959686279297,0.9743919372558594,2,0.0,0.0,0.0,0.0,1.0,0.0,0.0,0.0,0.0,1.0,0.0,,0.0,False,Qwen/Qwen3-Coder-30B-A3B-Instruct-FP8,None
1182,Bar,Easy,0.4871959686279297,0.9743919372558594,2,0.0,0.0,0.0,0.0,1.0,0.0,0.0,0.0,0.0,1.0,0.0,,0.0,False,Qwen/Qwen3-Coder-30B-A3B-Instruct-FP8,None
1182,Bar,Easy,0.4871959686279297,0.9743919372558594,2,0.0,0.0,0.0,0.0,1.0,0.0,0.0,0.0,0.0,1.0,0.0,,0.0,False,Qwen/Qwen3-Coder-30B-A3B-Instruct-FP8,None
1187,Bar,Medium,0.534882664680481,1.069765329360962,2,0.0,0.0,0.0,0.0,1.0,0.0,0.0,0.0,0.0,1.0,0.0,,0.0,True,Qwen/Qwen3-Coder-30B-A3B-Instruct-FP8,None
1187,Bar,Medium,0.534882664680481,1.069765329360962,2,0.0,0.0,0.0,0.0,1.0,0.0,0.0,0.0,0.0,1.0,0.0,,0.0,True,Qwen/Qwen3-Coder-30B-A3B-Instruct-FP8,None
1187,Bar,Medium,0.534882664680481,1.069765329360962,2,0.0,0.0,0.0,0.0,1.0,0.0,0.0,0.0,0.0,1.0,0.0,,0.0,True,Qwen/Qwen3-Coder-30B-A3B-Instruct-FP8,None
1188,Bar,Medium,0.570284366607666,1.140568733215332,2,0.0,0.0,0.0,0.0,1.0,0.0,0.0,0.0,0.0,1.0,0.0,,0.0,True,Qwen/Qwen3-Coder-30B-A3B-Instruct-FP8,None
1188,Bar,Medium,0.570284366607666,1.140568733215332,2,0.0,0.0,0.0,0.0,1.0,0.0,0.0,0.0,0.0,1.0,0.0,,0.0,True,Qwen/Qwen3-Coder-30B-A3B-Instruct-FP8,None
1188,Bar,Medium,0.570284366607666,1.140568733215332,2,0.0,0.0,0.0,0.0,1.0,0.0,0.0,0.0,0.0,1.0,0.0,,0.0,True,Qwen/Qwen3-Coder-30B-A3B-Instruct-FP8,None
1192,Line,Medium,0.5925941467285156,1.1851882934570312,2,0.0,0.0,0.0,0.0,0.0,0.0,0.0,0.0,0.0,0.0,1.0,0.0,0.0,True,Qwen/Qwen3-Coder-30B-A3B-Instruct-FP8,None
1192,Line,Medium,0.5925941467285156,1.1851882934570312,2,0.0,0.0,0.0,0.0,0.0,0.0,0.0,0.0,0.0,0.0,1.0,0.0,0.0,True,Qwen/Qwen3-Coder-30B-A3B-Instruct-FP8,None
1192,Line,Medium,0.5925941467285156,1.1851882934570312,2,0.0,0.0,0.0,0.0,0.0,0.0,0.0,0.0,0.0,0.0,1.0,0.0,0.0,True,Qwen/Qwen3-Coder-30B-A3B-Instruct-FP8,None
1198,Pie,Medium,8.38977837562561,25.16933512687683,3,0.3333333333333333,0.0,0.0,0.0,0.0,0.0,0.0,0.0,0.3333333333333333,0.0,0.6666666666666666,0.0,0.0,True,Qwen/Qwen3-Coder-30B-A3B-Instruct-FP8,None
1198,Pie,Medium,8.38977837562561,25.16933512687683,3,0.3333333333333333,0.0,0.0,0.0,0.0,0.0,0.0,0.0,0.3333333333333333,0.0,0.6666666666666666,0.0,0.0,True,Qwen/Qwen3-Coder-30B-A3B-Instruct-FP8,None
1198,Pie,Medium,8.38977837562561,25.16933512687683,3,0.3333333333333333,0.0,0.0,0.0,0.0,0.0,0.0,0.0,0.3333333333333333,0.0,0.6666666666666666,0.0,0.0,True,Qwen/Qwen3-Coder-30B-A3B-Instruct-FP8,None
1204,Bar,Medium,0.5328574180603027,1.0657148361206055,2,0.0,0.0,0.0,0.0,0.0,0.0,0.0,0.0,0.0,0.0,1.0,0.0,0.0,True,Qwen/Qwen3-Coder-30B-A3B-Instruct-FP8,None
1204,Bar,Medium,0.5328574180603027,1.0657148361206055,2,0.0,0.0,0.0,0.0,0.0,0.0,0.0,0.0,0.0,0.0,1.0,0.0,0.0,True,Qwen/Qwen3-Coder-30B-A3B-Instruct-FP8,None
1204,Bar,Medium,0.5328574180603027,1.0657148361206055,2,0.0,0.0,0.0,0.0,0.0,0.0,0.0,0.0,0.0,0.0,1.0,0.0,0.0,True,Qwen/Qwen3-Coder-30B-A3B-Instruct-FP8,None
1211,Bar,Easy,0.2879517873128255,0.8638553619384766,3,0.0,0.0,0.0,0.0,0.0,0.0,0.0,0.0,0.0,0.0,1.0,0.0,0.0,False,Qwen/Qwen3-Coder-30B-A3B-Instruct-FP8,None
1211,Bar,Easy,0.2879517873128255,0.8638553619384766,3,0.0,0.0,0.0,0.0,0.0,0.0,0.0,0.0,0.0,0.0,1.0,0.0,0.0,False,Qwen/Qwen3-Coder-30B-A3B-Instruct-FP8,None
1211,Bar,Easy,0.2879517873128255,0.8638553619384766,3,0.0,0.0,0.0,0.0,0.0,0.0,0.0,0.0,0.0,0.0,1.0,0.0,0.0,False,Qwen/Qwen3-Coder-30B-A3B-Instruct-FP8,None
1213,Pie,Easy,0.2666998704274495,0.8000996112823486,3,0.0,0.0,0.0,0.0,0.0,0.0,0.0,0.0,0.0,0.0,1.0,0.0,0.0,False,Qwen/Qwen3-Coder-30B-A3B-Instruct-FP8,None
1213,Pie,Easy,0.2666998704274495,0.8000996112823486,3,0.0,0.0,0.0,0.0,0.0,0.0,0.0,0.0,0.0,0.0,1.0,0.0,0.0,False,Qwen/Qwen3-Coder-30B-A3B-Instruct-FP8,None
1213,Pie,Easy,0.2666998704274495,0.8000996112823486,3,0.0,0.0,0.0,0.0,0.0,0.0,0.0,0.0,0.0,0.0,1.0,0.0,0.0,False,Qwen/Qwen3-Coder-30B-A3B-Instruct-FP8,None
1214,Grouping Scatter,Medium,0.4114952087402344,0.4114952087402344,1,0.0,0.0,0.0,0.0,0.0,0.0,0.0,0.0,0.0,0.0,1.0,0.0,0.0,False,Qwen/Qwen3-Coder-30B-A3B-Instruct-FP8,None
1214,Grouping Scatter,Medium,0.4114952087402344,0.4114952087402344,1,0.0,0.0,0.0,0.0,0.0,0.0,0.0,0.0,0.0,0.0,1.0,0.0,0.0,False,Qwen/Qwen3-Coder-30B-A3B-Instruct-FP8,None
1214,Grouping Scatter,Medium,0.4114952087402344,0.4114952087402344,1,0.0,0.0,0.0,0.0,0.0,0.0,0.0,0.0,0.0,0.0,1.0,0.0,0.0,False,Qwen/Qwen3-Coder-30B-A3B-Instruct-FP8,None
1216,Pie,Hard,0.65739506483078,2.62958025932312,4,0.0,0.0,0.0,0.0,0.0,0.0,0.0,0.0,0.0,0.0,1.0,0.0,0.0,True,Qwen/Qwen3-Coder-30B-A3B-Instruct-FP8,None
1216,Pie,Hard,0.65739506483078,2.62958025932312,4,0.0,0.0,0.0,0.0,0.0,0.0,0.0,0.0,0.0,0.0,1.0,0.0,0.0,True,Qwen/Qwen3-Coder-30B-A3B-Instruct-FP8,None
1216,Pie,Hard,0.65739506483078,2.62958025932312,4,0.0,0.0,0.0,0.0,0.0,0.0,0.0,0.0,0.0,0.0,1.0,0.0,0.0,True,Qwen/Qwen3-Coder-30B-A3B-Instruct-FP8,None
1223,Pie,Hard,0.6355339288711548,1.2710678577423096,2,0.0,0.0,0.0,0.0,0.0,0.0,0.0,0.0,0.0,0.0,1.0,0.0,0.0,True,Qwen/Qwen3-Coder-30B-A3B-Instruct-FP8,None
1223,Pie,Hard,0.6355339288711548,1.2710678577423096,2,0.0,0.0,0.0,0.0,0.0,0.0,0.0,0.0,0.0,0.0,1.0,0.0,0.0,True,Qwen/Qwen3-Coder-30B-A3B-Instruct-FP8,None
1223,Pie,Hard,0.6355339288711548,1.2710678577423096,2,0.0,0.0,0.0,0.0,0.0,0.0,0.0,0.0,0.0,0.0,1.0,0.0,0.0,True,Qwen/Qwen3-Coder-30B-A3B-Instruct-FP8,None
1229,Bar,Easy,0.3430609703063965,0.3430609703063965,1,0.0,0.0,0.0,0.0,0.0,0.0,0.0,0.0,0.0,0.0,1.0,0.0,0.0,False,Qwen/Qwen3-Coder-30B-A3B-Instruct-FP8,None
1229,Bar,Easy,0.3430609703063965,0.3430609703063965,1,0.0,0.0,0.0,0.0,0.0,0.0,0.0,0.0,0.0,0.0,1.0,0.0,0.0,False,Qwen/Qwen3-Coder-30B-A3B-Instruct-FP8,None
1229,Bar,Easy,0.3430609703063965,0.3430609703063965,1,0.0,0.0,0.0,0.0,0.0,0.0,0.0,0.0,0.0,0.0,1.0,0.0,0.0,False,Qwen/Qwen3-Coder-30B-A3B-Instruct-FP8,None
1232,Bar,Easy,0.33079369862874347,0.9923810958862305,3,0.0,0.0,0.0,0.0,0.0,0.0,0.0,0.0,0.0,0.0,1.0,0.0,0.0,False,Qwen/Qwen3-Coder-30B-A3B-Instruct-FP8,None
1232,Bar,Easy,0.33079369862874347,0.9923810958862305,3,0.0,0.0,0.0,0.0,0.0,0.0,0.0,0.0,0.0,0.0,1.0,0.0,0.0,False,Qwen/Qwen3-Coder-30B-A3B-Instruct-FP8,None
1232,Bar,Easy,0.33079369862874347,0.9923810958862305,3,0.0,0.0,0.0,0.0,0.0,0.0,0.0,0.0,0.0,0.0,1.0,0.0,0.0,False,Qwen/Qwen3-Coder-30B-A3B-Instruct-FP8,None
1233,Bar,Easy,0.44013147354125975,2.200657367706299,5,0.0,0.0,0.0,0.0,0.0,0.0,0.0,0.0,0.0,0.0,1.0,0.0,0.0,False,Qwen/Qwen3-Coder-30B-A3B-Instruct-FP8,None
1233,Bar,Easy,0.44013147354125975,2.200657367706299,5,0.0,0.0,0.0,0.0,0.0,0.0,0.0,0.0,0.0,0.0,1.0,0.0,0.0,False,Qwen/Qwen3-Coder-30B-A3B-Instruct-FP8,None
1233,Bar,Easy,0.44013147354125975,2.200657367706299,5,0.0,0.0,0.0,0.0,0.0,0.0,0.0,0.0,0.0,0.0,1.0,0.0,0.0,False,Qwen/Qwen3-Coder-30B-A3B-Instruct-FP8,None
1234,Pie,Medium,0.37185057004292804,1.1155517101287842,3,0.0,0.0,0.0,0.0,0.0,0.0,0.0,0.0,0.0,0.0,1.0,0.0,0.0,False,Qwen/Qwen3-Coder-30B-A3B-Instruct-FP8,None
1234,Pie,Medium,0.37185057004292804,1.1155517101287842,3,0.0,0.0,0.0,0.0,0.0,0.0,0.0,0.0,0.0,0.0,1.0,0.0,0.0,False,Qwen/Qwen3-Coder-30B-A3B-Instruct-FP8,None
1234,Pie,Medium,0.37185057004292804,1.1155517101287842,3,0.0,0.0,0.0,0.0,0.0,0.0,0.0,0.0,0.0,0.0,1.0,0.0,0.0,False,Qwen/Qwen3-Coder-30B-A3B-Instruct-FP8,None
1236,Pie,Easy,0.26224493980407715,0.5244898796081543,2,0.0,0.0,0.0,0.0,0.0,0.0,0.0,0.0,0.0,0.0,1.0,0.0,0.0,False,Qwen/Qwen3-Coder-30B-A3B-Instruct-FP8,None
1236,Pie,Easy,0.26224493980407715,0.5244898796081543,2,0.0,0.0,0.0,0.0,0.0,0.0,0.0,0.0,0.0,0.0,1.0,0.0,0.0,False,Qwen/Qwen3-Coder-30B-A3B-Instruct-FP8,None
1236,Pie,Easy,0.26224493980407715,0.5244898796081543,2,0.0,0.0,0.0,0.0,0.0,0.0,0.0,0.0,0.0,0.0,1.0,0.0,0.0,False,Qwen/Qwen3-Coder-30B-A3B-Instruct-FP8,None
1241,Grouping Scatter,Easy,0.38878166675567627,0.7775633335113525,2,0.0,0.0,0.0,0.0,0.0,0.0,0.0,0.0,0.0,0.0,1.0,0.0,0.0,False,Qwen/Qwen3-Coder-30B-A3B-Instruct-FP8,None
1241,Grouping Scatter,Easy,0.38878166675567627,0.7775633335113525,2,0.0,0.0,0.0,0.0,0.0,0.0,0.0,0.0,0.0,0.0,1.0,0.0,0.0,False,Qwen/Qwen3-Coder-30B-A3B-Instruct-FP8,None
1241,Grouping Scatter,Easy,0.38878166675567627,0.7775633335113525,2,0.0,0.0,0.0,0.0,0.0,0.0,0.0,0.0,0.0,0.0,1.0,0.0,0.0,False,Qwen/Qwen3-Coder-30B-A3B-Instruct-FP8,None
1274,Pie,Medium,0.3816373348236084,0.3816373348236084,1,0.0,0.0,0.0,0.0,0.0,0.0,0.0,0.0,0.0,0.0,1.0,0.0,0.0,False,Qwen/Qwen3-Coder-30B-A3B-Instruct-FP8,None
1274,Pie,Medium,0.3816373348236084,0.3816373348236084,1,0.0,0.0,0.0,0.0,0.0,0.0,0.0,0.0,0.0,0.0,1.0,0.0,0.0,False,Qwen/Qwen3-Coder-30B-A3B-Instruct-FP8,None
1274,Pie,Medium,0.3816373348236084,0.3816373348236084,1,0.0,0.0,0.0,0.0,0.0,0.0,0.0,0.0,0.0,0.0,1.0,0.0,0.0,False,Qwen/Qwen3-Coder-30B-A3B-Instruct-FP8,None
1275,Bar,Medium,0.4501146078109741,0.9002292156219482,2,0.0,0.0,0.0,0.0,0.0,0.0,0.0,0.0,0.0,0.0,1.0,0.0,0.0,False,Qwen/Qwen3-Coder-30B-A3B-Instruct-FP8,None
1275,Bar,Medium,0.4501146078109741,0.9002292156219482,2,0.0,0.0,0.0,0.0,0.0,0.0,0.0,0.0,0.0,0.0,1.0,0.0,0.0,False,Qwen/Qwen3-Coder-30B-A3B-Instruct-FP8,None
1275,Bar,Medium,0.4501146078109741,0.9002292156219482,2,0.0,0.0,0.0,0.0,0.0,0.0,0.0,0.0,0.0,0.0,1.0,0.0,0.0,False,Qwen/Qwen3-Coder-30B-A3B-Instruct-FP8,None
1277,Pie,Medium,0.42267560958862305,0.8453512191772461,2,0.0,0.0,0.0,0.0,0.0,0.0,0.0,0.0,0.0,0.0,1.0,0.0,0.0,True,Qwen/Qwen3-Coder-30B-A3B-Instruct-FP8,None
1277,Pie,Medium,0.42267560958862305,0.8453512191772461,2,0.0,0.0,0.0,0.0,0.0,0.0,0.0,0.0,0.0,0.0,1.0,0.0,0.0,True,Qwen/Qwen3-Coder-30B-A3B-Instruct-FP8,None
1277,Pie,Medium,0.42267560958862305,0.8453512191772461,2,0.0,0.0,0.0,0.0,0.0,0.0,0.0,0.0,0.0,0.0,1.0,0.0,0.0,True,Qwen/Qwen3-Coder-30B-A3B-Instruct-FP8,None
1285,Line,Medium,1.1828982830047607,1.1828982830047607,1,0.0,0.0,0.0,0.0,0.0,0.0,0.0,0.0,0.0,0.0,1.0,0.0,0.0,False,Qwen/Qwen3-Coder-30B-A3B-Instruct-FP8,None
1285,Line,Medium,1.1828982830047607,1.1828982830047607,1,0.0,0.0,0.0,0.0,0.0,0.0,0.0,0.0,0.0,0.0,1.0,0.0,0.0,False,Qwen/Qwen3-Coder-30B-A3B-Instruct-FP8,None
1285,Line,Medium,1.1828982830047607,1.1828982830047607,1,0.0,0.0,0.0,0.0,0.0,0.0,0.0,0.0,0.0,0.0,1.0,0.0,0.0,False,Qwen/Qwen3-Coder-30B-A3B-Instruct-FP8,None
1288,Pie,Medium,0.3986591100692749,0.7973182201385498,2,0.0,0.0,0.0,0.0,0.0,0.0,0.0,0.0,0.0,0.0,1.0,0.0,0.0,True,Qwen/Qwen3-Coder-30B-A3B-Instruct-FP8,None
1288,Pie,Medium,0.3986591100692749,0.7973182201385498,2,0.0,0.0,0.0,0.0,0.0,0.0,0.0,0.0,0.0,0.0,1.0,0.0,0.0,True,Qwen/Qwen3-Coder-30B-A3B-Instruct-FP8,None
1288,Pie,Medium,0.3986591100692749,0.7973182201385498,2,0.0,0.0,0.0,0.0,0.0,0.0,0.0,0.0,0.0,0.0,1.0,0.0,0.0,True,Qwen/Qwen3-Coder-30B-A3B-Instruct-FP8,None
1296,Bar,Easy,0.4347097873687744,0.8694195747375488,2,0.0,0.0,0.0,0.0,0.0,0.0,0.0,0.0,0.0,0.0,1.0,0.0,0.0,False,Qwen/Qwen3-Coder-30B-A3B-Instruct-FP8,None
1296,Bar,Easy,0.4347097873687744,0.8694195747375488,2,0.0,0.0,0.0,0.0,0.0,0.0,0.0,0.0,0.0,0.0,1.0,0.0,0.0,False,Qwen/Qwen3-Coder-30B-A3B-Instruct-FP8,None
1296,Bar,Easy,0.4347097873687744,0.8694195747375488,2,0.0,0.0,0.0,0.0,0.0,0.0,0.0,0.0,0.0,0.0,1.0,0.0,0.0,False,Qwen/Qwen3-Coder-30B-A3B-Instruct-FP8,None
1297,Bar,Easy,0.453072190284729,0.906144380569458,2,0.0,0.0,0.0,0.0,0.0,0.0,0.0,0.0,0.0,0.0,1.0,0.0,0.0,False,Qwen/Qwen3-Coder-30B-A3B-Instruct-FP8,None
1297,Bar,Easy,0.453072190284729,0.906144380569458,2,0.0,0.0,0.0,0.0,0.0,0.0,0.0,0.0,0.0,0.0,1.0,0.0,0.0,False,Qwen/Qwen3-Coder-30B-A3B-Instruct-FP8,None
1297,Bar,Easy,0.453072190284729,0.906144380569458,2,0.0,0.0,0.0,0.0,0.0,0.0,0.0,0.0,0.0,0.0,1.0,0.0,0.0,False,Qwen/Qwen3-Coder-30B-A3B-Instruct-FP8,None
1303,Pie,Easy,0.22509209314982095,0.6752762794494629,3,0.0,0.0,0.0,0.0,0.0,0.0,0.0,0.0,0.0,0.0,1.0,0.0,0.0,False,Qwen/Qwen3-Coder-30B-A3B-Instruct-FP8,None
1303,Pie,Easy,0.22509209314982095,0.6752762794494629,3,0.0,0.0,0.0,0.0,0.0,0.0,0.0,0.0,0.0,0.0,1.0,0.0,0.0,False,Qwen/Qwen3-Coder-30B-A3B-Instruct-FP8,None
1303,Pie,Easy,0.22509209314982095,0.6752762794494629,3,0.0,0.0,0.0,0.0,0.0,0.0,0.0,0.0,0.0,0.0,1.0,0.0,0.0,False,Qwen/Qwen3-Coder-30B-A3B-Instruct-FP8,None
1309,Pie,Medium,0.46459031105041504,0.46459031105041504,1,0.0,0.0,0.0,0.0,0.0,0.0,0.0,0.0,0.0,0.0,1.0,0.0,0.0,True,Qwen/Qwen3-Coder-30B-A3B-Instruct-FP8,None
1309,Pie,Medium,0.46459031105041504,0.46459031105041504,1,0.0,0.0,0.0,0.0,0.0,0.0,0.0,0.0,0.0,0.0,1.0,0.0,0.0,True,Qwen/Qwen3-Coder-30B-A3B-Instruct-FP8,None
1309,Pie,Medium,0.46459031105041504,0.46459031105041504,1,0.0,0.0,0.0,0.0,0.0,0.0,0.0,0.0,0.0,0.0,1.0,0.0,0.0,True,Qwen/Qwen3-Coder-30B-A3B-Instruct-FP8,None
1310,Pie,Medium,0.34159672260284424,0.6831934452056885,2,0.0,0.0,0.0,0.0,0.5,0.0,0.0,0.0,0.0,0.5,0.5,0.0,0.0,True,Qwen/Qwen3-Coder-30B-A3B-Instruct-FP8,None
1310,Pie,Medium,0.34159672260284424,0.6831934452056885,2,0.0,0.0,0.0,0.0,0.5,0.0,0.0,0.0,0.0,0.5,0.5,0.0,0.0,True,Qwen/Qwen3-Coder-30B-A3B-Instruct-FP8,None
1310,Pie,Medium,0.34159672260284424,0.6831934452056885,2,0.0,0.0,0.0,0.0,0.5,0.0,0.0,0.0,0.0,0.5,0.5,0.0,0.0,True,Qwen/Qwen3-Coder-30B-A3B-Instruct-FP8,None
1314,Pie,Medium,13.94841456413269,13.94841456413269,1,1.0,0.0,0.0,0.0,0.0,0.0,0.0,0.0,1.0,0.0,0.0,,0.0,True,Qwen/Qwen3-Coder-30B-A3B-Instruct-FP8,None
1314,Pie,Medium,13.94841456413269,13.94841456413269,1,1.0,0.0,0.0,0.0,0.0,0.0,0.0,0.0,1.0,0.0,0.0,,0.0,True,Qwen/Qwen3-Coder-30B-A3B-Instruct-FP8,None
1314,Pie,Medium,13.94841456413269,13.94841456413269,1,1.0,0.0,0.0,0.0,0.0,0.0,0.0,0.0,1.0,0.0,0.0,,0.0,True,Qwen/Qwen3-Coder-30B-A3B-Instruct-FP8,None
1316,Pie,Hard,0.4904510974884033,0.9809021949768066,2,0.0,0.0,0.0,0.0,0.0,0.0,0.0,0.0,0.0,0.0,1.0,0.0,0.0,True,Qwen/Qwen3-Coder-30B-A3B-Instruct-FP8,None
1316,Pie,Hard,0.4904510974884033,0.9809021949768066,2,0.0,0.0,0.0,0.0,0.0,0.0,0.0,0.0,0.0,0.0,1.0,0.0,0.0,True,Qwen/Qwen3-Coder-30B-A3B-Instruct-FP8,None
1316,Pie,Hard,0.4904510974884033,0.9809021949768066,2,0.0,0.0,0.0,0.0,0.0,0.0,0.0,0.0,0.0,0.0,1.0,0.0,0.0,True,Qwen/Qwen3-Coder-30B-A3B-Instruct-FP8,None
1317,Bar,Hard,0.5106016397476196,1.0212032794952393,2,0.0,0.0,0.0,0.0,0.0,0.0,0.0,0.0,0.0,0.0,1.0,0.0,0.0,True,Qwen/Qwen3-Coder-30B-A3B-Instruct-FP8,None
1317,Bar,Hard,0.5106016397476196,1.0212032794952393,2,0.0,0.0,0.0,0.0,0.0,0.0,0.0,0.0,0.0,0.0,1.0,0.0,0.0,True,Qwen/Qwen3-Coder-30B-A3B-Instruct-FP8,None
1317,Bar,Hard,0.5106016397476196,1.0212032794952393,2,0.0,0.0,0.0,0.0,0.0,0.0,0.0,0.0,0.0,0.0,1.0,0.0,0.0,True,Qwen/Qwen3-Coder-30B-A3B-Instruct-FP8,None
1318,Pie,Hard,0.5015251636505127,0.5015251636505127,1,0.0,0.0,0.0,0.0,0.0,0.0,0.0,0.0,0.0,0.0,1.0,0.0,0.0,True,Qwen/Qwen3-Coder-30B-A3B-Instruct-FP8,None
1318,Pie,Hard,0.5015251636505127,0.5015251636505127,1,0.0,0.0,0.0,0.0,0.0,0.0,0.0,0.0,0.0,0.0,1.0,0.0,0.0,True,Qwen/Qwen3-Coder-30B-A3B-Instruct-FP8,None
1318,Pie,Hard,0.5015251636505127,0.5015251636505127,1,0.0,0.0,0.0,0.0,0.0,0.0,0.0,0.0,0.0,0.0,1.0,0.0,0.0,True,Qwen/Qwen3-Coder-30B-A3B-Instruct-FP8,None
1319,Bar,Hard,0.5210392475128174,0.5210392475128174,1,0.0,0.0,0.0,0.0,0.0,0.0,0.0,0.0,0.0,0.0,1.0,0.0,0.0,True,Qwen/Qwen3-Coder-30B-A3B-Instruct-FP8,None
1319,Bar,Hard,0.5210392475128174,0.5210392475128174,1,0.0,0.0,0.0,0.0,0.0,0.0,0.0,0.0,0.0,0.0,1.0,0.0,0.0,True,Qwen/Qwen3-Coder-30B-A3B-Instruct-FP8,None
1319,Bar,Hard,0.5210392475128174,0.5210392475128174,1,0.0,0.0,0.0,0.0,0.0,0.0,0.0,0.0,0.0,0.0,1.0,0.0,0.0,True,Qwen/Qwen3-Coder-30B-A3B-Instruct-FP8,None
1325,Pie,Easy,2.534385323524475,5.06877064704895,2,0.0,0.0,0.0,0.0,0.0,0.0,0.0,0.0,0.0,0.0,1.0,0.0,0.0,False,Qwen/Qwen3-Coder-30B-A3B-Instruct-FP8,None
1325,Pie,Easy,2.534385323524475,5.06877064704895,2,0.0,0.0,0.0,0.0,0.0,0.0,0.0,0.0,0.0,0.0,1.0,0.0,0.0,False,Qwen/Qwen3-Coder-30B-A3B-Instruct-FP8,None
1325,Pie,Easy,2.534385323524475,5.06877064704895,2,0.0,0.0,0.0,0.0,0.0,0.0,0.0,0.0,0.0,0.0,1.0,0.0,0.0,False,Qwen/Qwen3-Coder-30B-A3B-Instruct-FP8,None
1326,Bar,Easy,8.299309849739075,16.59861969947815,2,0.0,0.0,0.0,0.0,0.0,0.0,0.0,0.0,0.0,0.0,1.0,0.0,0.0,False,Qwen/Qwen3-Coder-30B-A3B-Instruct-FP8,None
1326,Bar,Easy,8.299309849739075,16.59861969947815,2,0.0,0.0,0.0,0.0,0.0,0.0,0.0,0.0,0.0,0.0,1.0,0.0,0.0,False,Qwen/Qwen3-Coder-30B-A3B-Instruct-FP8,None
1326,Bar,Easy,8.299309849739075,16.59861969947815,2,0.0,0.0,0.0,0.0,0.0,0.0,0.0,0.0,0.0,0.0,1.0,0.0,0.0,False,Qwen/Qwen3-Coder-30B-A3B-Instruct-FP8,None
1354,Pie,Easy,0.3124319314956665,1.249727725982666,4,0.0,0.0,0.0,0.0,0.0,0.0,0.0,0.0,0.0,0.0,1.0,0.0,0.0,False,Qwen/Qwen3-Coder-30B-A3B-Instruct-FP8,None
1354,Pie,Easy,0.3124319314956665,1.249727725982666,4,0.0,0.0,0.0,0.0,0.0,0.0,0.0,0.0,0.0,0.0,1.0,0.0,0.0,False,Qwen/Qwen3-Coder-30B-A3B-Instruct-FP8,None
1354,Pie,Easy,0.3124319314956665,1.249727725982666,4,0.0,0.0,0.0,0.0,0.0,0.0,0.0,0.0,0.0,0.0,1.0,0.0,0.0,False,Qwen/Qwen3-Coder-30B-A3B-Instruct-FP8,None
1363,Bar,Easy,0.29071271419525146,1.1628508567810059,4,0.0,0.0,0.0,0.0,0.0,0.0,0.0,0.0,0.0,0.0,1.0,0.0,0.0,False,Qwen/Qwen3-Coder-30B-A3B-Instruct-FP8,None
1363,Bar,Easy,0.29071271419525146,1.1628508567810059,4,0.0,0.0,0.0,0.0,0.0,0.0,0.0,0.0,0.0,0.0,1.0,0.0,0.0,False,Qwen/Qwen3-Coder-30B-A3B-Instruct-FP8,None
1363,Bar,Easy,0.29071271419525146,1.1628508567810059,4,0.0,0.0,0.0,0.0,0.0,0.0,0.0,0.0,0.0,0.0,1.0,0.0,0.0,False,Qwen/Qwen3-Coder-30B-A3B-Instruct-FP8,None
1376,Pie,Medium,0.4119739532470703,0.4119739532470703,1,0.0,0.0,0.0,0.0,0.0,0.0,0.0,0.0,0.0,0.0,1.0,0.0,0.0,True,Qwen/Qwen3-Coder-30B-A3B-Instruct-FP8,None
1376,Pie,Medium,0.4119739532470703,0.4119739532470703,1,0.0,0.0,0.0,0.0,0.0,0.0,0.0,0.0,0.0,0.0,1.0,0.0,0.0,True,Qwen/Qwen3-Coder-30B-A3B-Instruct-FP8,None
1376,Pie,Medium,0.4119739532470703,0.4119739532470703,1,0.0,0.0,0.0,0.0,0.0,0.0,0.0,0.0,0.0,0.0,1.0,0.0,0.0,True,Qwen/Qwen3-Coder-30B-A3B-Instruct-FP8,None
1377,Bar,Medium,0.4173896312713623,0.4173896312713623,1,0.0,0.0,0.0,0.0,0.0,0.0,0.0,0.0,0.0,0.0,1.0,0.0,0.0,True,Qwen/Qwen3-Coder-30B-A3B-Instruct-FP8,None
1377,Bar,Medium,0.4173896312713623,0.4173896312713623,1,0.0,0.0,0.0,0.0,0.0,0.0,0.0,0.0,0.0,0.0,1.0,0.0,0.0,True,Qwen/Qwen3-Coder-30B-A3B-Instruct-FP8,None
1377,Bar,Medium,0.4173896312713623,0.4173896312713623,1,0.0,0.0,0.0,0.0,0.0,0.0,0.0,0.0,0.0,0.0,1.0,0.0,0.0,True,Qwen/Qwen3-Coder-30B-A3B-Instruct-FP8,None
1379,Pie,Medium,0.43494224548339844,0.43494224548339844,1,0.0,0.0,0.0,0.0,0.0,0.0,0.0,0.0,0.0,0.0,1.0,0.0,0.0,True,Qwen/Qwen3-Coder-30B-A3B-Instruct-FP8,None
1379,Pie,Medium,0.43494224548339844,0.43494224548339844,1,0.0,0.0,0.0,0.0,0.0,0.0,0.0,0.0,0.0,0.0,1.0,0.0,0.0,True,Qwen/Qwen3-Coder-30B-A3B-Instruct-FP8,None
1379,Pie,Medium,0.43494224548339844,0.43494224548339844,1,0.0,0.0,0.0,0.0,0.0,0.0,0.0,0.0,0.0,0.0,1.0,0.0,0.0,True,Qwen/Qwen3-Coder-30B-A3B-Instruct-FP8,None
1381,Pie,Medium,0.40089893341064453,0.40089893341064453,1,0.0,0.0,0.0,0.0,0.0,0.0,0.0,0.0,0.0,0.0,1.0,0.0,0.0,True,Qwen/Qwen3-Coder-30B-A3B-Instruct-FP8,None
1381,Pie,Medium,0.40089893341064453,0.40089893341064453,1,0.0,0.0,0.0,0.0,0.0,0.0,0.0,0.0,0.0,0.0,1.0,0.0,0.0,True,Qwen/Qwen3-Coder-30B-A3B-Instruct-FP8,None
1381,Pie,Medium,0.40089893341064453,0.40089893341064453,1,0.0,0.0,0.0,0.0,0.0,0.0,0.0,0.0,0.0,0.0,1.0,0.0,0.0,True,Qwen/Qwen3-Coder-30B-A3B-Instruct-FP8,None
1383,Pie,Easy,0.28034472465515137,0.28034472465515137,1,0.0,0.0,0.0,0.0,0.0,0.0,0.0,0.0,0.0,0.0,1.0,0.0,0.0,False,Qwen/Qwen3-Coder-30B-A3B-Instruct-FP8,None
1383,Pie,Easy,0.28034472465515137,0.28034472465515137,1,0.0,0.0,0.0,0.0,0.0,0.0,0.0,0.0,0.0,0.0,1.0,0.0,0.0,False,Qwen/Qwen3-Coder-30B-A3B-Instruct-FP8,None
1383,Pie,Easy,0.28034472465515137,0.28034472465515137,1,0.0,0.0,0.0,0.0,0.0,0.0,0.0,0.0,0.0,0.0,1.0,0.0,0.0,False,Qwen/Qwen3-Coder-30B-A3B-Instruct-FP8,None
1389,Pie,Medium,0.48238909244537354,0.9647781848907471,2,0.0,0.0,0.0,0.0,0.0,0.0,0.0,0.0,0.0,0.0,1.0,0.0,0.0,True,Qwen/Qwen3-Coder-30B-A3B-Instruct-FP8,None
1389,Pie,Medium,0.48238909244537354,0.9647781848907471,2,0.0,0.0,0.0,0.0,0.0,0.0,0.0,0.0,0.0,0.0,1.0,0.0,0.0,True,Qwen/Qwen3-Coder-30B-A3B-Instruct-FP8,None
1389,Pie,Medium,0.48238909244537354,0.9647781848907471,2,0.0,0.0,0.0,0.0,0.0,0.0,0.0,0.0,0.0,0.0,1.0,0.0,0.0,True,Qwen/Qwen3-Coder-30B-A3B-Instruct-FP8,None
1392,Bar,Medium,0.3202381134033203,0.6404762268066406,2,0.0,0.0,0.0,0.0,0.0,0.0,0.0,0.0,0.0,0.0,1.0,0.0,0.0,True,Qwen/Qwen3-Coder-30B-A3B-Instruct-FP8,None
1392,Bar,Medium,0.3202381134033203,0.6404762268066406,2,0.0,0.0,0.0,0.0,0.0,0.0,0.0,0.0,0.0,0.0,1.0,0.0,0.0,True,Qwen/Qwen3-Coder-30B-A3B-Instruct-FP8,None
1392,Bar,Medium,0.3202381134033203,0.6404762268066406,2,0.0,0.0,0.0,0.0,0.0,0.0,0.0,0.0,0.0,0.0,1.0,0.0,0.0,True,Qwen/Qwen3-Coder-30B-A3B-Instruct-FP8,None
1395,Pie,Medium,0.2806798219680786,0.5613596439361572,2,0.0,0.0,0.0,0.0,1.0,0.0,0.0,0.0,0.0,1.0,0.0,,0.0,True,Qwen/Qwen3-Coder-30B-A3B-Instruct-FP8,None
1395,Pie,Medium,0.2806798219680786,0.5613596439361572,2,0.0,0.0,0.0,0.0,1.0,0.0,0.0,0.0,0.0,1.0,0.0,,0.0,True,Qwen/Qwen3-Coder-30B-A3B-Instruct-FP8,None
1395,Pie,Medium,0.2806798219680786,0.5613596439361572,2,0.0,0.0,0.0,0.0,1.0,0.0,0.0,0.0,0.0,1.0,0.0,,0.0,True,Qwen/Qwen3-Coder-30B-A3B-Instruct-FP8,None
1398,Scatter,Easy,0.4415813684463501,2.6494882106781006,6,0.0,0.0,0.0,0.0,0.0,0.0,0.0,0.0,0.0,0.0,1.0,0.0,0.0,False,Qwen/Qwen3-Coder-30B-A3B-Instruct-FP8,None
1398,Scatter,Easy,0.4415813684463501,2.6494882106781006,6,0.0,0.0,0.0,0.0,0.0,0.0,0.0,0.0,0.0,0.0,1.0,0.0,0.0,False,Qwen/Qwen3-Coder-30B-A3B-Instruct-FP8,None
1398,Scatter,Easy,0.4415813684463501,2.6494882106781006,6,0.0,0.0,0.0,0.0,0.0,0.0,0.0,0.0,0.0,0.0,1.0,0.0,0.0,False,Qwen/Qwen3-Coder-30B-A3B-Instruct-FP8,None
1400,Pie,Easy,0.25636690855026245,1.0254676342010498,4,0.0,0.0,0.0,0.0,0.0,0.0,0.0,0.0,0.0,0.0,1.0,0.0,0.0,False,Qwen/Qwen3-Coder-30B-A3B-Instruct-FP8,None
1400,Pie,Easy,0.25636690855026245,1.0254676342010498,4,0.0,0.0,0.0,0.0,0.0,0.0,0.0,0.0,0.0,0.0,1.0,0.0,0.0,False,Qwen/Qwen3-Coder-30B-A3B-Instruct-FP8,None
1400,Pie,Easy,0.25636690855026245,1.0254676342010498,4,0.0,0.0,0.0,0.0,0.0,0.0,0.0,0.0,0.0,0.0,1.0,0.0,0.0,False,Qwen/Qwen3-Coder-30B-A3B-Instruct-FP8,None
1408,Bar,Easy,0.29476996262868244,1.7686197757720947,6,0.0,0.0,0.0,0.0,0.0,0.0,0.0,0.0,0.0,0.0,1.0,0.0,0.0,False,Qwen/Qwen3-Coder-30B-A3B-Instruct-FP8,None
1408,Bar,Easy,0.29476996262868244,1.7686197757720947,6,0.0,0.0,0.0,0.0,0.0,0.0,0.0,0.0,0.0,0.0,1.0,0.0,0.0,False,Qwen/Qwen3-Coder-30B-A3B-Instruct-FP8,None
1408,Bar,Easy,0.29476996262868244,1.7686197757720947,6,0.0,0.0,0.0,0.0,0.0,0.0,0.0,0.0,0.0,0.0,1.0,0.0,0.0,False,Qwen/Qwen3-Coder-30B-A3B-Instruct-FP8,None
1411,Bar,Easy,0.2681078314781189,1.0724313259124756,4,0.0,0.0,0.0,0.0,0.0,0.0,0.0,0.0,0.0,0.0,1.0,0.0,0.0,False,Qwen/Qwen3-Coder-30B-A3B-Instruct-FP8,None
1411,Bar,Easy,0.2681078314781189,1.0724313259124756,4,0.0,0.0,0.0,0.0,0.0,0.0,0.0,0.0,0.0,0.0,1.0,0.0,0.0,False,Qwen/Qwen3-Coder-30B-A3B-Instruct-FP8,None
1411,Bar,Easy,0.2681078314781189,1.0724313259124756,4,0.0,0.0,0.0,0.0,0.0,0.0,0.0,0.0,0.0,0.0,1.0,0.0,0.0,False,Qwen/Qwen3-Coder-30B-A3B-Instruct-FP8,None
1434,Pie,Hard,0.7732700109481812,3.0930800437927246,4,0.0,0.0,0.0,0.0,0.25,0.0,0.0,0.0,0.0,0.25,0.75,0.0,0.0,True,Qwen/Qwen3-Coder-30B-A3B-Instruct-FP8,None
1434,Pie,Hard,0.7732700109481812,3.0930800437927246,4,0.0,0.0,0.0,0.0,0.25,0.0,0.0,0.0,0.0,0.25,0.75,0.0,0.0,True,Qwen/Qwen3-Coder-30B-A3B-Instruct-FP8,None
1434,Pie,Hard,0.7732700109481812,3.0930800437927246,4,0.0,0.0,0.0,0.0,0.25,0.0,0.0,0.0,0.0,0.25,0.75,0.0,0.0,True,Qwen/Qwen3-Coder-30B-A3B-Instruct-FP8,None
1435,Bar,Hard,0.7618613839149475,3.04744553565979,4,0.0,0.0,0.0,0.0,0.25,0.0,0.0,0.0,0.0,0.25,0.75,0.0,0.0,True,Qwen/Qwen3-Coder-30B-A3B-Instruct-FP8,None
1435,Bar,Hard,0.7618613839149475,3.04744553565979,4,0.0,0.0,0.0,0.0,0.25,0.0,0.0,0.0,0.0,0.25,0.75,0.0,0.0,True,Qwen/Qwen3-Coder-30B-A3B-Instruct-FP8,None
1435,Bar,Hard,0.7618613839149475,3.04744553565979,4,0.0,0.0,0.0,0.0,0.25,0.0,0.0,0.0,0.0,0.25,0.75,0.0,0.0,True,Qwen/Qwen3-Coder-30B-A3B-Instruct-FP8,None
1460,Bar,Medium,0.686912477016449,2.747649908065796,4,0.0,0.0,0.0,0.0,0.0,0.0,0.0,0.0,0.0,0.0,1.0,0.0,0.0,False,Qwen/Qwen3-Coder-30B-A3B-Instruct-FP8,None
1460,Bar,Medium,0.686912477016449,2.747649908065796,4,0.0,0.0,0.0,0.0,0.0,0.0,0.0,0.0,0.0,0.0,1.0,0.0,0.0,False,Qwen/Qwen3-Coder-30B-A3B-Instruct-FP8,None
1460,Bar,Medium,0.686912477016449,2.747649908065796,4,0.0,0.0,0.0,0.0,0.0,0.0,0.0,0.0,0.0,0.0,1.0,0.0,0.0,False,Qwen/Qwen3-Coder-30B-A3B-Instruct-FP8,None
1465,Scatter,Easy,4.413809061050415,4.413809061050415,1,0.0,0.0,0.0,0.0,0.0,0.0,0.0,0.0,0.0,0.0,1.0,0.0,0.0,False,Qwen/Qwen3-Coder-30B-A3B-Instruct-FP8,None
1465,Scatter,Easy,4.413809061050415,4.413809061050415,1,0.0,0.0,0.0,0.0,0.0,0.0,0.0,0.0,0.0,0.0,1.0,0.0,0.0,False,Qwen/Qwen3-Coder-30B-A3B-Instruct-FP8,None
1465,Scatter,Easy,4.413809061050415,4.413809061050415,1,0.0,0.0,0.0,0.0,0.0,0.0,0.0,0.0,0.0,0.0,1.0,0.0,0.0,False,Qwen/Qwen3-Coder-30B-A3B-Instruct-FP8,None
1468,Grouping Scatter,Medium,0.4157741069793701,0.8315482139587402,2,0.0,0.0,0.0,0.0,0.0,0.0,0.0,0.0,0.0,0.0,1.0,0.0,0.0,False,Qwen/Qwen3-Coder-30B-A3B-Instruct-FP8,None
1468,Grouping Scatter,Medium,0.4157741069793701,0.8315482139587402,2,0.0,0.0,0.0,0.0,0.0,0.0,0.0,0.0,0.0,0.0,1.0,0.0,0.0,False,Qwen/Qwen3-Coder-30B-A3B-Instruct-FP8,None
1468,Grouping Scatter,Medium,0.4157741069793701,0.8315482139587402,2,0.0,0.0,0.0,0.0,0.0,0.0,0.0,0.0,0.0,0.0,1.0,0.0,0.0,False,Qwen/Qwen3-Coder-30B-A3B-Instruct-FP8,None
1482,Grouping Line,Hard,4.513209342956543,4.513209342956543,1,0.0,0.0,0.0,1.0,1.0,0.0,0.0,0.0,0.0,1.0,0.0,,0.0,False,Qwen/Qwen3-Coder-30B-A3B-Instruct-FP8,None
1482,Grouping Line,Hard,4.513209342956543,4.513209342956543,1,0.0,0.0,0.0,1.0,1.0,0.0,0.0,0.0,0.0,1.0,0.0,,0.0,False,Qwen/Qwen3-Coder-30B-A3B-Instruct-FP8,None
1482,Grouping Line,Hard,4.513209342956543,4.513209342956543,1,0.0,0.0,0.0,1.0,1.0,0.0,0.0,0.0,0.0,1.0,0.0,,0.0,False,Qwen/Qwen3-Coder-30B-A3B-Instruct-FP8,None
1496,Pie,Easy,0.27512526512145996,0.27512526512145996,1,0.0,0.0,0.0,0.0,0.0,0.0,0.0,0.0,0.0,0.0,1.0,0.0,0.0,False,Qwen/Qwen3-Coder-30B-A3B-Instruct-FP8,None
1496,Pie,Easy,0.27512526512145996,0.27512526512145996,1,0.0,0.0,0.0,0.0,0.0,0.0,0.0,0.0,0.0,0.0,1.0,0.0,0.0,False,Qwen/Qwen3-Coder-30B-A3B-Instruct-FP8,None
1496,Pie,Easy,0.27512526512145996,0.27512526512145996,1,0.0,0.0,0.0,0.0,0.0,0.0,0.0,0.0,0.0,0.0,1.0,0.0,0.0,False,Qwen/Qwen3-Coder-30B-A3B-Instruct-FP8,None
1497,Pie,Easy,0.2764982382456462,0.8294947147369385,3,0.0,0.0,0.0,0.0,0.0,0.0,0.0,0.0,0.0,0.0,1.0,0.0,0.0,False,Qwen/Qwen3-Coder-30B-A3B-Instruct-FP8,None
1497,Pie,Easy,0.2764982382456462,0.8294947147369385,3,0.0,0.0,0.0,0.0,0.0,0.0,0.0,0.0,0.0,0.0,1.0,0.0,0.0,False,Qwen/Qwen3-Coder-30B-A3B-Instruct-FP8,None
1497,Pie,Easy,0.2764982382456462,0.8294947147369385,3,0.0,0.0,0.0,0.0,0.0,0.0,0.0,0.0,0.0,0.0,1.0,0.0,0.0,False,Qwen/Qwen3-Coder-30B-A3B-Instruct-FP8,None
1499,Bar,Medium,5.128751277923584,5.128751277923584,1,0.0,0.0,0.0,0.0,1.0,0.0,0.0,0.0,0.0,1.0,0.0,,0.0,False,Qwen/Qwen3-Coder-30B-A3B-Instruct-FP8,None
1499,Bar,Medium,5.128751277923584,5.128751277923584,1,0.0,0.0,0.0,0.0,1.0,0.0,0.0,0.0,0.0,1.0,0.0,,0.0,False,Qwen/Qwen3-Coder-30B-A3B-Instruct-FP8,None
1499,Bar,Medium,5.128751277923584,5.128751277923584,1,0.0,0.0,0.0,0.0,1.0,0.0,0.0,0.0,0.0,1.0,0.0,,0.0,False,Qwen/Qwen3-Coder-30B-A3B-Instruct-FP8,None
1500,Pie,Easy,0.2994457483291626,0.5988914966583252,2,0.0,0.0,0.0,0.0,0.0,0.0,0.0,0.0,0.0,0.0,1.0,0.0,0.0,False,Qwen/Qwen3-Coder-30B-A3B-Instruct-FP8,None
1500,Pie,Easy,0.2994457483291626,0.5988914966583252,2,0.0,0.0,0.0,0.0,0.0,0.0,0.0,0.0,0.0,0.0,1.0,0.0,0.0,False,Qwen/Qwen3-Coder-30B-A3B-Instruct-FP8,None
1500,Pie,Easy,0.2994457483291626,0.5988914966583252,2,0.0,0.0,0.0,0.0,0.0,0.0,0.0,0.0,0.0,0.0,1.0,0.0,0.0,False,Qwen/Qwen3-Coder-30B-A3B-Instruct-FP8,None
1504,Grouping Scatter,Medium,7.152859210968018,7.152859210968018,1,0.0,0.0,0.0,0.0,0.0,0.0,0.0,0.0,0.0,0.0,1.0,0.0,0.0,False,Qwen/Qwen3-Coder-30B-A3B-Instruct-FP8,None
1504,Grouping Scatter,Medium,7.152859210968018,7.152859210968018,1,0.0,0.0,0.0,0.0,0.0,0.0,0.0,0.0,0.0,0.0,1.0,0.0,0.0,False,Qwen/Qwen3-Coder-30B-A3B-Instruct-FP8,None
1504,Grouping Scatter,Medium,7.152859210968018,7.152859210968018,1,0.0,0.0,0.0,0.0,0.0,0.0,0.0,0.0,0.0,0.0,1.0,0.0,0.0,False,Qwen/Qwen3-Coder-30B-A3B-Instruct-FP8,None
1507,Pie,Easy,0.29973167181015015,1.1989266872406006,4,0.0,0.0,0.0,0.0,0.0,0.0,0.0,0.0,0.0,0.0,1.0,0.0,0.0,False,Qwen/Qwen3-Coder-30B-A3B-Instruct-FP8,None
1507,Pie,Easy,0.29973167181015015,1.1989266872406006,4,0.0,0.0,0.0,0.0,0.0,0.0,0.0,0.0,0.0,0.0,1.0,0.0,0.0,False,Qwen/Qwen3-Coder-30B-A3B-Instruct-FP8,None
1507,Pie,Easy,0.29973167181015015,1.1989266872406006,4,0.0,0.0,0.0,0.0,0.0,0.0,0.0,0.0,0.0,0.0,1.0,0.0,0.0,False,Qwen/Qwen3-Coder-30B-A3B-Instruct-FP8,None
1509,Pie,Medium,0.36688482761383057,0.7337696552276611,2,0.0,0.0,0.0,0.0,1.0,0.0,0.0,0.0,0.0,1.0,0.0,,0.0,False,Qwen/Qwen3-Coder-30B-A3B-Instruct-FP8,None
1509,Pie,Medium,0.36688482761383057,0.7337696552276611,2,0.0,0.0,0.0,0.0,1.0,0.0,0.0,0.0,0.0,1.0,0.0,,0.0,False,Qwen/Qwen3-Coder-30B-A3B-Instruct-FP8,None
1509,Pie,Medium,0.36688482761383057,0.7337696552276611,2,0.0,0.0,0.0,0.0,1.0,0.0,0.0,0.0,0.0,1.0,0.0,,0.0,False,Qwen/Qwen3-Coder-30B-A3B-Instruct-FP8,None
1515,Pie,Medium,0.44637632369995117,0.44637632369995117,1,0.0,0.0,0.0,0.0,0.0,0.0,0.0,0.0,0.0,0.0,1.0,0.0,0.0,True,Qwen/Qwen3-Coder-30B-A3B-Instruct-FP8,None
1515,Pie,Medium,0.44637632369995117,0.44637632369995117,1,0.0,0.0,0.0,0.0,0.0,0.0,0.0,0.0,0.0,0.0,1.0,0.0,0.0,True,Qwen/Qwen3-Coder-30B-A3B-Instruct-FP8,None
1515,Pie,Medium,0.44637632369995117,0.44637632369995117,1,0.0,0.0,0.0,0.0,0.0,0.0,0.0,0.0,0.0,0.0,1.0,0.0,0.0,True,Qwen/Qwen3-Coder-30B-A3B-Instruct-FP8,None
1517,Pie,Easy,0.26188600063323975,0.5237720012664795,2,0.0,0.0,0.0,0.0,0.0,0.0,0.0,0.0,0.0,0.0,1.0,0.0,0.0,False,Qwen/Qwen3-Coder-30B-A3B-Instruct-FP8,None
1517,Pie,Easy,0.26188600063323975,0.5237720012664795,2,0.0,0.0,0.0,0.0,0.0,0.0,0.0,0.0,0.0,0.0,1.0,0.0,0.0,False,Qwen/Qwen3-Coder-30B-A3B-Instruct-FP8,None
1517,Pie,Easy,0.26188600063323975,0.5237720012664795,2,0.0,0.0,0.0,0.0,0.0,0.0,0.0,0.0,0.0,0.0,1.0,0.0,0.0,False,Qwen/Qwen3-Coder-30B-A3B-Instruct-FP8,None
1520,Pie,Medium,0.4644972324371338,2.322486162185669,5,0.0,0.0,0.0,0.0,0.4,0.0,0.0,0.0,0.0,0.4,0.6,0.0,0.0,True,Qwen/Qwen3-Coder-30B-A3B-Instruct-FP8,None
1520,Pie,Medium,0.4644972324371338,2.322486162185669,5,0.0,0.0,0.0,0.0,0.4,0.0,0.0,0.0,0.0,0.4,0.6,0.0,0.0,True,Qwen/Qwen3-Coder-30B-A3B-Instruct-FP8,None
1520,Pie,Medium,0.4644972324371338,2.322486162185669,5,0.0,0.0,0.0,0.0,0.4,0.0,0.0,0.0,0.0,0.4,0.6,0.0,0.0,True,Qwen/Qwen3-Coder-30B-A3B-Instruct-FP8,None
1522,Pie,Hard,0.6186544895172119,0.6186544895172119,1,0.0,0.0,0.0,0.0,1.0,0.0,0.0,0.0,0.0,1.0,0.0,,0.0,True,Qwen/Qwen3-Coder-30B-A3B-Instruct-FP8,None
1522,Pie,Hard,0.6186544895172119,0.6186544895172119,1,0.0,0.0,0.0,0.0,1.0,0.0,0.0,0.0,0.0,1.0,0.0,,0.0,True,Qwen/Qwen3-Coder-30B-A3B-Instruct-FP8,None
1522,Pie,Hard,0.6186544895172119,0.6186544895172119,1,0.0,0.0,0.0,0.0,1.0,0.0,0.0,0.0,0.0,1.0,0.0,,0.0,True,Qwen/Qwen3-Coder-30B-A3B-Instruct-FP8,None
1524,Pie,Medium,0.416790246963501,1.250370740890503,3,0.0,0.0,0.0,0.0,0.0,0.0,0.0,0.0,0.0,0.0,1.0,0.0,0.0,True,Qwen/Qwen3-Coder-30B-A3B-Instruct-FP8,None
1524,Pie,Medium,0.416790246963501,1.250370740890503,3,0.0,0.0,0.0,0.0,0.0,0.0,0.0,0.0,0.0,0.0,1.0,0.0,0.0,True,Qwen/Qwen3-Coder-30B-A3B-Instruct-FP8,None
1524,Pie,Medium,0.416790246963501,1.250370740890503,3,0.0,0.0,0.0,0.0,0.0,0.0,0.0,0.0,0.0,0.0,1.0,0.0,0.0,True,Qwen/Qwen3-Coder-30B-A3B-Instruct-FP8,None
1526,Bar,Easy,0.3466089963912964,0.6932179927825928,2,0.0,0.0,0.0,0.0,0.0,0.0,0.0,0.0,0.0,0.0,1.0,0.0,0.0,False,Qwen/Qwen3-Coder-30B-A3B-Instruct-FP8,None
1526,Bar,Easy,0.3466089963912964,0.6932179927825928,2,0.0,0.0,0.0,0.0,0.0,0.0,0.0,0.0,0.0,0.0,1.0,0.0,0.0,False,Qwen/Qwen3-Coder-30B-A3B-Instruct-FP8,None
1526,Bar,Easy,0.3466089963912964,0.6932179927825928,2,0.0,0.0,0.0,0.0,0.0,0.0,0.0,0.0,0.0,0.0,1.0,0.0,0.0,False,Qwen/Qwen3-Coder-30B-A3B-Instruct-FP8,None
1527,Pie,Hard,1.919333855311076,5.7580015659332275,3,0.0,0.0,0.0,0.0,0.6666666666666666,0.0,0.0,0.0,0.0,0.6666666666666666,0.3333333333333333,0.0,0.0,True,Qwen/Qwen3-Coder-30B-A3B-Instruct-FP8,None
1527,Pie,Hard,1.919333855311076,5.7580015659332275,3,0.0,0.0,0.0,0.0,0.6666666666666666,0.0,0.0,0.0,0.0,0.6666666666666666,0.3333333333333333,0.0,0.0,True,Qwen/Qwen3-Coder-30B-A3B-Instruct-FP8,None
1527,Pie,Hard,1.919333855311076,5.7580015659332275,3,0.0,0.0,0.0,0.0,0.6666666666666666,0.0,0.0,0.0,0.0,0.6666666666666666,0.3333333333333333,0.0,0.0,True,Qwen/Qwen3-Coder-30B-A3B-Instruct-FP8,None
1528,Bar,Hard,0.6412741343180338,1.9238224029541016,3,0.0,0.0,0.0,0.0,0.0,0.0,0.0,0.0,0.0,0.0,1.0,0.0,0.0,True,Qwen/Qwen3-Coder-30B-A3B-Instruct-FP8,None
1528,Bar,Hard,0.6412741343180338,1.9238224029541016,3,0.0,0.0,0.0,0.0,0.0,0.0,0.0,0.0,0.0,0.0,1.0,0.0,0.0,True,Qwen/Qwen3-Coder-30B-A3B-Instruct-FP8,None
1528,Bar,Hard,0.6412741343180338,1.9238224029541016,3,0.0,0.0,0.0,0.0,0.0,0.0,0.0,0.0,0.0,0.0,1.0,0.0,0.0,True,Qwen/Qwen3-Coder-30B-A3B-Instruct-FP8,None
1529,Pie,Medium,0.41896478335062665,1.2568943500518799,3,0.0,0.0,0.0,0.0,0.3333333333333333,0.0,0.0,0.0,0.0,0.3333333333333333,0.6666666666666666,0.0,0.0,True,Qwen/Qwen3-Coder-30B-A3B-Instruct-FP8,None
1529,Pie,Medium,0.41896478335062665,1.2568943500518799,3,0.0,0.0,0.0,0.0,0.3333333333333333,0.0,0.0,0.0,0.0,0.3333333333333333,0.6666666666666666,0.0,0.0,True,Qwen/Qwen3-Coder-30B-A3B-Instruct-FP8,None
1529,Pie,Medium,0.41896478335062665,1.2568943500518799,3,0.0,0.0,0.0,0.0,0.3333333333333333,0.0,0.0,0.0,0.0,0.3333333333333333,0.6666666666666666,0.0,0.0,True,Qwen/Qwen3-Coder-30B-A3B-Instruct-FP8,None
1530,Bar,Medium,0.44586706161499023,1.3376011848449707,3,0.0,0.0,0.0,0.0,0.0,0.0,0.0,0.0,0.0,0.0,1.0,0.0,0.0,True,Qwen/Qwen3-Coder-30B-A3B-Instruct-FP8,None
1530,Bar,Medium,0.44586706161499023,1.3376011848449707,3,0.0,0.0,0.0,0.0,0.0,0.0,0.0,0.0,0.0,0.0,1.0,0.0,0.0,True,Qwen/Qwen3-Coder-30B-A3B-Instruct-FP8,None
1530,Bar,Medium,0.44586706161499023,1.3376011848449707,3,0.0,0.0,0.0,0.0,0.0,0.0,0.0,0.0,0.0,0.0,1.0,0.0,0.0,True,Qwen/Qwen3-Coder-30B-A3B-Instruct-FP8,None
1531,Pie,Medium,0.4208211898803711,1.2624635696411133,3,0.0,0.0,0.0,0.0,0.0,0.0,0.0,0.0,0.0,0.0,1.0,0.0,0.0,True,Qwen/Qwen3-Coder-30B-A3B-Instruct-FP8,None
1531,Pie,Medium,0.4208211898803711,1.2624635696411133,3,0.0,0.0,0.0,0.0,0.0,0.0,0.0,0.0,0.0,0.0,1.0,0.0,0.0,True,Qwen/Qwen3-Coder-30B-A3B-Instruct-FP8,None
1531,Pie,Medium,0.4208211898803711,1.2624635696411133,3,0.0,0.0,0.0,0.0,0.0,0.0,0.0,0.0,0.0,0.0,1.0,0.0,0.0,True,Qwen/Qwen3-Coder-30B-A3B-Instruct-FP8,None
1534,Pie,Medium,0.4748578866322835,2.849147319793701,6,0.0,0.0,0.0,0.0,0.6666666666666666,0.0,0.0,0.0,0.0,0.6666666666666666,0.3333333333333333,0.0,0.0,True,Qwen/Qwen3-Coder-30B-A3B-Instruct-FP8,None
1534,Pie,Medium,0.4748578866322835,2.849147319793701,6,0.0,0.0,0.0,0.0,0.6666666666666666,0.0,0.0,0.0,0.0,0.6666666666666666,0.3333333333333333,0.0,0.0,True,Qwen/Qwen3-Coder-30B-A3B-Instruct-FP8,None
1534,Pie,Medium,0.4748578866322835,2.849147319793701,6,0.0,0.0,0.0,0.0,0.6666666666666666,0.0,0.0,0.0,0.0,0.6666666666666666,0.3333333333333333,0.0,0.0,True,Qwen/Qwen3-Coder-30B-A3B-Instruct-FP8,None
1535,Bar,Medium,0.502923583984375,2.514617919921875,5,0.0,0.0,0.0,0.0,0.8,0.0,0.0,0.0,0.0,0.8,0.2,0.0,0.0,True,Qwen/Qwen3-Coder-30B-A3B-Instruct-FP8,None
1535,Bar,Medium,0.502923583984375,2.514617919921875,5,0.0,0.0,0.0,0.0,0.8,0.0,0.0,0.0,0.0,0.8,0.2,0.0,0.0,True,Qwen/Qwen3-Coder-30B-A3B-Instruct-FP8,None
1535,Bar,Medium,0.502923583984375,2.514617919921875,5,0.0,0.0,0.0,0.0,0.8,0.0,0.0,0.0,0.0,0.8,0.2,0.0,0.0,True,Qwen/Qwen3-Coder-30B-A3B-Instruct-FP8,None
1537,Bar,Medium,0.664682149887085,0.664682149887085,1,0.0,0.0,0.0,0.0,0.0,0.0,0.0,0.0,0.0,0.0,1.0,0.0,0.0,False,Qwen/Qwen3-Coder-30B-A3B-Instruct-FP8,None
1537,Bar,Medium,0.664682149887085,0.664682149887085,1,0.0,0.0,0.0,0.0,0.0,0.0,0.0,0.0,0.0,0.0,1.0,0.0,0.0,False,Qwen/Qwen3-Coder-30B-A3B-Instruct-FP8,None
1537,Bar,Medium,0.664682149887085,0.664682149887085,1,0.0,0.0,0.0,0.0,0.0,0.0,0.0,0.0,0.0,0.0,1.0,0.0,0.0,False,Qwen/Qwen3-Coder-30B-A3B-Instruct-FP8,None
1556,Line,Hard,4.372944235801697,17.491776943206787,4,0.0,0.0,0.0,1.0,1.0,0.0,0.0,0.0,0.0,1.0,0.0,,0.0,False,Qwen/Qwen3-Coder-30B-A3B-Instruct-FP8,None
1556,Line,Hard,4.372944235801697,17.491776943206787,4,0.0,0.0,0.0,1.0,1.0,0.0,0.0,0.0,0.0,1.0,0.0,,0.0,False,Qwen/Qwen3-Coder-30B-A3B-Instruct-FP8,None
1556,Line,Hard,4.372944235801697,17.491776943206787,4,0.0,0.0,0.0,1.0,1.0,0.0,0.0,0.0,0.0,1.0,0.0,,0.0,False,Qwen/Qwen3-Coder-30B-A3B-Instruct-FP8,None
1563,Bar,Extra Hard,0.5525477886199951,2.7627389430999756,5,0.0,0.0,0.0,0.0,1.0,0.0,0.0,0.0,0.0,1.0,0.0,,0.0,False,Qwen/Qwen3-Coder-30B-A3B-Instruct-FP8,None
1563,Bar,Extra Hard,0.5525477886199951,2.7627389430999756,5,0.0,0.0,0.0,0.0,1.0,0.0,0.0,0.0,0.0,1.0,0.0,,0.0,False,Qwen/Qwen3-Coder-30B-A3B-Instruct-FP8,None
1563,Bar,Extra Hard,0.5525477886199951,2.7627389430999756,5,0.0,0.0,0.0,0.0,1.0,0.0,0.0,0.0,0.0,1.0,0.0,,0.0,False,Qwen/Qwen3-Coder-30B-A3B-Instruct-FP8,None
1574,Scatter,Hard,0.6340017914772034,2.5360071659088135,4,0.0,0.0,0.0,0.0,1.0,0.0,0.0,0.0,0.0,1.0,0.0,,0.0,False,Qwen/Qwen3-Coder-30B-A3B-Instruct-FP8,None
1574,Scatter,Hard,0.6340017914772034,2.5360071659088135,4,0.0,0.0,0.0,0.0,1.0,0.0,0.0,0.0,0.0,1.0,0.0,,0.0,False,Qwen/Qwen3-Coder-30B-A3B-Instruct-FP8,None
1574,Scatter,Hard,0.6340017914772034,2.5360071659088135,4,0.0,0.0,0.0,0.0,1.0,0.0,0.0,0.0,0.0,1.0,0.0,,0.0,False,Qwen/Qwen3-Coder-30B-A3B-Instruct-FP8,None
1580,Bar,Hard,0.783781111240387,3.135124444961548,4,0.0,0.0,0.0,0.0,0.0,0.0,0.0,0.0,0.0,0.0,1.0,0.0,0.0,False,Qwen/Qwen3-Coder-30B-A3B-Instruct-FP8,None
1580,Bar,Hard,0.783781111240387,3.135124444961548,4,0.0,0.0,0.0,0.0,0.0,0.0,0.0,0.0,0.0,0.0,1.0,0.0,0.0,False,Qwen/Qwen3-Coder-30B-A3B-Instruct-FP8,None
1580,Bar,Hard,0.783781111240387,3.135124444961548,4,0.0,0.0,0.0,0.0,0.0,0.0,0.0,0.0,0.0,0.0,1.0,0.0,0.0,False,Qwen/Qwen3-Coder-30B-A3B-Instruct-FP8,None
1611,Scatter,Medium,0.6824711163838705,2.0474133491516113,3,0.0,0.0,0.0,0.0,0.0,0.0,0.0,0.0,0.0,0.0,1.0,0.0,0.0,False,Qwen/Qwen3-Coder-30B-A3B-Instruct-FP8,None
1611,Scatter,Medium,0.6824711163838705,2.0474133491516113,3,0.0,0.0,0.0,0.0,0.0,0.0,0.0,0.0,0.0,0.0,1.0,0.0,0.0,False,Qwen/Qwen3-Coder-30B-A3B-Instruct-FP8,None
1611,Scatter,Medium,0.6824711163838705,2.0474133491516113,3,0.0,0.0,0.0,0.0,0.0,0.0,0.0,0.0,0.0,0.0,1.0,0.0,0.0,False,Qwen/Qwen3-Coder-30B-A3B-Instruct-FP8,None
1621,Line,Medium,4.515170057614644,27.091020345687866,6,0.0,0.0,0.0,0.3333333333333333,1.0,0.0,0.0,0.0,0.0,1.0,0.0,,0.0,False,Qwen/Qwen3-Coder-30B-A3B-Instruct-FP8,None
1621,Line,Medium,4.515170057614644,27.091020345687866,6,0.0,0.0,0.0,0.3333333333333333,1.0,0.0,0.0,0.0,0.0,1.0,0.0,,0.0,False,Qwen/Qwen3-Coder-30B-A3B-Instruct-FP8,None
1621,Line,Medium,4.515170057614644,27.091020345687866,6,0.0,0.0,0.0,0.3333333333333333,1.0,0.0,0.0,0.0,0.0,1.0,0.0,,0.0,False,Qwen/Qwen3-Coder-30B-A3B-Instruct-FP8,None
1630,Bar,Medium,0.5573439598083496,0.5573439598083496,1,0.0,0.0,0.0,0.0,0.0,0.0,0.0,0.0,0.0,0.0,1.0,0.0,0.0,False,Qwen/Qwen3-Coder-30B-A3B-Instruct-FP8,None
1630,Bar,Medium,0.5573439598083496,0.5573439598083496,1,0.0,0.0,0.0,0.0,0.0,0.0,0.0,0.0,0.0,0.0,1.0,0.0,0.0,False,Qwen/Qwen3-Coder-30B-A3B-Instruct-FP8,None
1630,Bar,Medium,0.5573439598083496,0.5573439598083496,1,0.0,0.0,0.0,0.0,0.0,0.0,0.0,0.0,0.0,0.0,1.0,0.0,0.0,False,Qwen/Qwen3-Coder-30B-A3B-Instruct-FP8,None
1652,Bar,Medium,0.687508225440979,2.750032901763916,4,0.0,0.0,0.0,0.0,0.0,0.0,0.0,0.0,0.0,0.0,1.0,0.0,0.0,False,Qwen/Qwen3-Coder-30B-A3B-Instruct-FP8,None
1652,Bar,Medium,0.687508225440979,2.750032901763916,4,0.0,0.0,0.0,0.0,0.0,0.0,0.0,0.0,0.0,0.0,1.0,0.0,0.0,False,Qwen/Qwen3-Coder-30B-A3B-Instruct-FP8,None
1652,Bar,Medium,0.687508225440979,2.750032901763916,4,0.0,0.0,0.0,0.0,0.0,0.0,0.0,0.0,0.0,0.0,1.0,0.0,0.0,False,Qwen/Qwen3-Coder-30B-A3B-Instruct-FP8,None
1663,Line,Extra Hard,0.7189756631851196,1.4379513263702393,2,0.0,0.0,0.0,1.0,1.0,0.0,0.0,0.0,0.0,1.0,0.0,,0.0,False,Qwen/Qwen3-Coder-30B-A3B-Instruct-FP8,None
1663,Line,Extra Hard,0.7189756631851196,1.4379513263702393,2,0.0,0.0,0.0,1.0,1.0,0.0,0.0,0.0,0.0,1.0,0.0,,0.0,False,Qwen/Qwen3-Coder-30B-A3B-Instruct-FP8,None
1663,Line,Extra Hard,0.7189756631851196,1.4379513263702393,2,0.0,0.0,0.0,1.0,1.0,0.0,0.0,0.0,0.0,1.0,0.0,,0.0,False,Qwen/Qwen3-Coder-30B-A3B-Instruct-FP8,None
1690,Scatter,Extra Hard,0.6088147640228272,3.0440738201141357,5,0.0,0.0,0.0,0.0,0.0,0.0,0.0,0.0,0.0,0.0,1.0,0.0,0.0,False,Qwen/Qwen3-Coder-30B-A3B-Instruct-FP8,None
1690,Scatter,Extra Hard,0.6088147640228272,3.0440738201141357,5,0.0,0.0,0.0,0.0,0.0,0.0,0.0,0.0,0.0,0.0,1.0,0.0,0.0,False,Qwen/Qwen3-Coder-30B-A3B-Instruct-FP8,None
1690,Scatter,Extra Hard,0.6088147640228272,3.0440738201141357,5,0.0,0.0,0.0,0.0,0.0,0.0,0.0,0.0,0.0,0.0,1.0,0.0,0.0,False,Qwen/Qwen3-Coder-30B-A3B-Instruct-FP8,None
1715,Bar,Medium,0.6294758319854736,3.147379159927368,5,0.0,0.0,0.0,0.0,0.6,0.0,0.0,0.0,0.0,0.6,0.4,0.0,0.0,False,Qwen/Qwen3-Coder-30B-A3B-Instruct-FP8,None
1715,Bar,Medium,0.6294758319854736,3.147379159927368,5,0.0,0.0,0.0,0.0,0.6,0.0,0.0,0.0,0.0,0.6,0.4,0.0,0.0,False,Qwen/Qwen3-Coder-30B-A3B-Instruct-FP8,None
1715,Bar,Medium,0.6294758319854736,3.147379159927368,5,0.0,0.0,0.0,0.0,0.6,0.0,0.0,0.0,0.0,0.6,0.4,0.0,0.0,False,Qwen/Qwen3-Coder-30B-A3B-Instruct-FP8,None
1741,Scatter,Easy,1.6117120385169983,6.446848154067993,4,0.0,0.0,0.0,0.0,1.0,0.0,0.0,0.0,0.0,1.0,0.0,,0.0,False,Qwen/Qwen3-Coder-30B-A3B-Instruct-FP8,None
1741,Scatter,Easy,1.6117120385169983,6.446848154067993,4,0.0,0.0,0.0,0.0,1.0,0.0,0.0,0.0,0.0,1.0,0.0,,0.0,False,Qwen/Qwen3-Coder-30B-A3B-Instruct-FP8,None
1741,Scatter,Easy,1.6117120385169983,6.446848154067993,4,0.0,0.0,0.0,0.0,1.0,0.0,0.0,0.0,0.0,1.0,0.0,,0.0,False,Qwen/Qwen3-Coder-30B-A3B-Instruct-FP8,None
1807,Pie,Hard,0.3568519353866577,0.7137038707733154,2,0.0,0.0,0.0,0.0,0.0,0.0,0.0,0.0,0.0,0.0,1.0,0.0,0.0,False,Qwen/Qwen3-Coder-30B-A3B-Instruct-FP8,None
1807,Pie,Hard,0.3568519353866577,0.7137038707733154,2,0.0,0.0,0.0,0.0,0.0,0.0,0.0,0.0,0.0,0.0,1.0,0.0,0.0,False,Qwen/Qwen3-Coder-30B-A3B-Instruct-FP8,None
1807,Pie,Hard,0.3568519353866577,0.7137038707733154,2,0.0,0.0,0.0,0.0,0.0,0.0,0.0,0.0,0.0,0.0,1.0,0.0,0.0,False,Qwen/Qwen3-Coder-30B-A3B-Instruct-FP8,None
1831,Bar,Hard,4.888277649879456,9.776555299758911,2,0.5,0.0,0.0,0.0,0.5,0.0,0.0,0.0,0.5,0.5,0.0,,0.0,False,Qwen/Qwen3-Coder-30B-A3B-Instruct-FP8,None
1831,Bar,Hard,4.888277649879456,9.776555299758911,2,0.5,0.0,0.0,0.0,0.5,0.0,0.0,0.0,0.5,0.5,0.0,,0.0,False,Qwen/Qwen3-Coder-30B-A3B-Instruct-FP8,None
1831,Bar,Hard,4.888277649879456,9.776555299758911,2,0.5,0.0,0.0,0.0,0.5,0.0,0.0,0.0,0.5,0.5,0.0,,0.0,False,Qwen/Qwen3-Coder-30B-A3B-Instruct-FP8,None
1839,Bar,Easy,2.170640707015991,4.341281414031982,2,0.0,0.0,0.0,0.0,0.0,0.0,0.0,0.0,0.0,0.0,1.0,0.0,0.0,False,Qwen/Qwen3-Coder-30B-A3B-Instruct-FP8,None
1839,Bar,Easy,2.170640707015991,4.341281414031982,2,0.0,0.0,0.0,0.0,0.0,0.0,0.0,0.0,0.0,0.0,1.0,0.0,0.0,False,Qwen/Qwen3-Coder-30B-A3B-Instruct-FP8,None
1839,Bar,Easy,2.170640707015991,4.341281414031982,2,0.0,0.0,0.0,0.0,0.0,0.0,0.0,0.0,0.0,0.0,1.0,0.0,0.0,False,Qwen/Qwen3-Coder-30B-A3B-Instruct-FP8,None
1955,Pie,Hard,0.577059268951416,1.154118537902832,2,0.0,0.0,0.0,0.0,1.0,0.0,0.0,0.0,0.0,1.0,0.0,,0.0,True,Qwen/Qwen3-Coder-30B-A3B-Instruct-FP8,None
1955,Pie,Hard,0.577059268951416,1.154118537902832,2,0.0,0.0,0.0,0.0,1.0,0.0,0.0,0.0,0.0,1.0,0.0,,0.0,True,Qwen/Qwen3-Coder-30B-A3B-Instruct-FP8,None
1955,Pie,Hard,0.577059268951416,1.154118537902832,2,0.0,0.0,0.0,0.0,1.0,0.0,0.0,0.0,0.0,1.0,0.0,,0.0,True,Qwen/Qwen3-Coder-30B-A3B-Instruct-FP8,None
1961,Pie,Hard,0.5888893604278564,0.5888893604278564,1,0.0,0.0,0.0,0.0,0.0,0.0,0.0,0.0,0.0,0.0,1.0,0.0,0.0,True,Qwen/Qwen3-Coder-30B-A3B-Instruct-FP8,None
1961,Pie,Hard,0.5888893604278564,0.5888893604278564,1,0.0,0.0,0.0,0.0,0.0,0.0,0.0,0.0,0.0,0.0,1.0,0.0,0.0,True,Qwen/Qwen3-Coder-30B-A3B-Instruct-FP8,None
1961,Pie,Hard,0.5888893604278564,0.5888893604278564,1,0.0,0.0,0.0,0.0,0.0,0.0,0.0,0.0,0.0,0.0,1.0,0.0,0.0,True,Qwen/Qwen3-Coder-30B-A3B-Instruct-FP8,None
1966,Pie,Easy,0.288421630859375,1.1536865234375,4,0.0,0.0,0.0,0.0,0.0,0.0,0.0,0.0,0.0,0.0,1.0,0.0,0.0,False,Qwen/Qwen3-Coder-30B-A3B-Instruct-FP8,None
1966,Pie,Easy,0.288421630859375,1.1536865234375,4,0.0,0.0,0.0,0.0,0.0,0.0,0.0,0.0,0.0,0.0,1.0,0.0,0.0,False,Qwen/Qwen3-Coder-30B-A3B-Instruct-FP8,None
1966,Pie,Easy,0.288421630859375,1.1536865234375,4,0.0,0.0,0.0,0.0,0.0,0.0,0.0,0.0,0.0,0.0,1.0,0.0,0.0,False,Qwen/Qwen3-Coder-30B-A3B-Instruct-FP8,None
1968,Pie,Easy,0.2794078191121419,0.8382234573364258,3,0.0,0.0,0.0,0.0,0.0,0.0,0.0,0.0,0.0,0.0,1.0,0.0,0.0,False,Qwen/Qwen3-Coder-30B-A3B-Instruct-FP8,None
1968,Pie,Easy,0.2794078191121419,0.8382234573364258,3,0.0,0.0,0.0,0.0,0.0,0.0,0.0,0.0,0.0,0.0,1.0,0.0,0.0,False,Qwen/Qwen3-Coder-30B-A3B-Instruct-FP8,None
1968,Pie,Easy,0.2794078191121419,0.8382234573364258,3,0.0,0.0,0.0,0.0,0.0,0.0,0.0,0.0,0.0,0.0,1.0,0.0,0.0,False,Qwen/Qwen3-Coder-30B-A3B-Instruct-FP8,None
1969,Bar,Easy,0.29202985763549805,1.1681194305419922,4,0.0,0.0,0.0,0.0,0.0,0.0,0.0,0.0,0.0,0.0,1.0,0.0,0.0,False,Qwen/Qwen3-Coder-30B-A3B-Instruct-FP8,None
1969,Bar,Easy,0.29202985763549805,1.1681194305419922,4,0.0,0.0,0.0,0.0,0.0,0.0,0.0,0.0,0.0,0.0,1.0,0.0,0.0,False,Qwen/Qwen3-Coder-30B-A3B-Instruct-FP8,None
1969,Bar,Easy,0.29202985763549805,1.1681194305419922,4,0.0,0.0,0.0,0.0,0.0,0.0,0.0,0.0,0.0,0.0,1.0,0.0,0.0,False,Qwen/Qwen3-Coder-30B-A3B-Instruct-FP8,None
1971,Pie,Easy,0.27887511253356934,0.836625337600708,3,0.0,0.0,0.0,0.0,0.0,0.0,0.0,0.0,0.0,0.0,1.0,0.0,0.0,False,Qwen/Qwen3-Coder-30B-A3B-Instruct-FP8,None
1971,Pie,Easy,0.27887511253356934,0.836625337600708,3,0.0,0.0,0.0,0.0,0.0,0.0,0.0,0.0,0.0,0.0,1.0,0.0,0.0,False,Qwen/Qwen3-Coder-30B-A3B-Instruct-FP8,None
1971,Pie,Easy,0.27887511253356934,0.836625337600708,3,0.0,0.0,0.0,0.0,0.0,0.0,0.0,0.0,0.0,0.0,1.0,0.0,0.0,False,Qwen/Qwen3-Coder-30B-A3B-Instruct-FP8,None
1972,Scatter,Easy,0.33300280570983887,0.33300280570983887,1,0.0,0.0,0.0,0.0,0.0,0.0,0.0,0.0,0.0,0.0,1.0,0.0,0.0,False,Qwen/Qwen3-Coder-30B-A3B-Instruct-FP8,None
1972,Scatter,Easy,0.33300280570983887,0.33300280570983887,1,0.0,0.0,0.0,0.0,0.0,0.0,0.0,0.0,0.0,0.0,1.0,0.0,0.0,False,Qwen/Qwen3-Coder-30B-A3B-Instruct-FP8,None
1972,Scatter,Easy,0.33300280570983887,0.33300280570983887,1,0.0,0.0,0.0,0.0,0.0,0.0,0.0,0.0,0.0,0.0,1.0,0.0,0.0,False,Qwen/Qwen3-Coder-30B-A3B-Instruct-FP8,None
1973,Grouping Scatter,Easy,5.093095898628235,10.18619179725647,2,0.0,0.0,0.0,0.0,0.0,0.0,0.0,0.0,0.0,0.0,1.0,0.0,0.0,False,Qwen/Qwen3-Coder-30B-A3B-Instruct-FP8,None
1973,Grouping Scatter,Easy,5.093095898628235,10.18619179725647,2,0.0,0.0,0.0,0.0,0.0,0.0,0.0,0.0,0.0,0.0,1.0,0.0,0.0,False,Qwen/Qwen3-Coder-30B-A3B-Instruct-FP8,None
1973,Grouping Scatter,Easy,5.093095898628235,10.18619179725647,2,0.0,0.0,0.0,0.0,0.0,0.0,0.0,0.0,0.0,0.0,1.0,0.0,0.0,False,Qwen/Qwen3-Coder-30B-A3B-Instruct-FP8,None
1974,Pie,Medium,0.3530609607696533,0.7061219215393066,2,0.0,0.0,0.0,0.0,0.0,0.0,0.0,0.0,0.0,0.0,1.0,0.0,0.0,False,Qwen/Qwen3-Coder-30B-A3B-Instruct-FP8,None
1974,Pie,Medium,0.3530609607696533,0.7061219215393066,2,0.0,0.0,0.0,0.0,0.0,0.0,0.0,0.0,0.0,0.0,1.0,0.0,0.0,False,Qwen/Qwen3-Coder-30B-A3B-Instruct-FP8,None
1974,Pie,Medium,0.3530609607696533,0.7061219215393066,2,0.0,0.0,0.0,0.0,0.0,0.0,0.0,0.0,0.0,0.0,1.0,0.0,0.0,False,Qwen/Qwen3-Coder-30B-A3B-Instruct-FP8,None
1975,Bar,Medium,0.3860194683074951,0.7720389366149902,2,0.0,0.0,0.0,0.0,0.0,0.0,0.0,0.0,0.0,0.0,1.0,0.0,0.0,False,Qwen/Qwen3-Coder-30B-A3B-Instruct-FP8,None
1975,Bar,Medium,0.3860194683074951,0.7720389366149902,2,0.0,0.0,0.0,0.0,0.0,0.0,0.0,0.0,0.0,0.0,1.0,0.0,0.0,False,Qwen/Qwen3-Coder-30B-A3B-Instruct-FP8,None
1975,Bar,Medium,0.3860194683074951,0.7720389366149902,2,0.0,0.0,0.0,0.0,0.0,0.0,0.0,0.0,0.0,0.0,1.0,0.0,0.0,False,Qwen/Qwen3-Coder-30B-A3B-Instruct-FP8,None
1976,Pie,Easy,0.3127254843711853,2.5018038749694824,8,0.0,0.0,0.0,0.0,0.0,0.0,0.0,0.0,0.0,0.0,1.0,0.0,0.0,False,Qwen/Qwen3-Coder-30B-A3B-Instruct-FP8,None
1976,Pie,Easy,0.3127254843711853,2.5018038749694824,8,0.0,0.0,0.0,0.0,0.0,0.0,0.0,0.0,0.0,0.0,1.0,0.0,0.0,False,Qwen/Qwen3-Coder-30B-A3B-Instruct-FP8,None
1976,Pie,Easy,0.3127254843711853,2.5018038749694824,8,0.0,0.0,0.0,0.0,0.0,0.0,0.0,0.0,0.0,0.0,1.0,0.0,0.0,False,Qwen/Qwen3-Coder-30B-A3B-Instruct-FP8,None
1978,Pie,Medium,0.37369346618652344,0.7473869323730469,2,0.0,0.0,0.0,0.0,0.0,0.0,0.0,0.0,0.0,0.0,1.0,0.0,0.0,False,Qwen/Qwen3-Coder-30B-A3B-Instruct-FP8,None
1978,Pie,Medium,0.37369346618652344,0.7473869323730469,2,0.0,0.0,0.0,0.0,0.0,0.0,0.0,0.0,0.0,0.0,1.0,0.0,0.0,False,Qwen/Qwen3-Coder-30B-A3B-Instruct-FP8,None
1978,Pie,Medium,0.37369346618652344,0.7473869323730469,2,0.0,0.0,0.0,0.0,0.0,0.0,0.0,0.0,0.0,0.0,1.0,0.0,0.0,False,Qwen/Qwen3-Coder-30B-A3B-Instruct-FP8,None
1980,Pie,Extra Hard,0.502659797668457,2.010639190673828,4,0.0,0.0,0.0,0.0,0.5,0.0,0.0,0.0,0.0,0.5,0.5,0.0,0.0,True,Qwen/Qwen3-Coder-30B-A3B-Instruct-FP8,None
1980,Pie,Extra Hard,0.502659797668457,2.010639190673828,4,0.0,0.0,0.0,0.0,0.5,0.0,0.0,0.0,0.0,0.5,0.5,0.0,0.0,True,Qwen/Qwen3-Coder-30B-A3B-Instruct-FP8,None
1980,Pie,Extra Hard,0.502659797668457,2.010639190673828,4,0.0,0.0,0.0,0.0,0.5,0.0,0.0,0.0,0.0,0.5,0.5,0.0,0.0,True,Qwen/Qwen3-Coder-30B-A3B-Instruct-FP8,None
1990,Bar,Extra Hard,0.6419613361358643,0.6419613361358643,1,0.0,0.0,0.0,0.0,0.0,0.0,0.0,0.0,0.0,0.0,1.0,0.0,0.0,True,Qwen/Qwen3-Coder-30B-A3B-Instruct-FP8,None
1990,Bar,Extra Hard,0.6419613361358643,0.6419613361358643,1,0.0,0.0,0.0,0.0,0.0,0.0,0.0,0.0,0.0,0.0,1.0,0.0,0.0,True,Qwen/Qwen3-Coder-30B-A3B-Instruct-FP8,None
1990,Bar,Extra Hard,0.6419613361358643,0.6419613361358643,1,0.0,0.0,0.0,0.0,0.0,0.0,0.0,0.0,0.0,0.0,1.0,0.0,0.0,True,Qwen/Qwen3-Coder-30B-A3B-Instruct-FP8,None
1992,Bar,Medium,5.32753312587738,10.65506625175476,2,0.0,0.0,0.0,0.0,0.0,0.0,0.0,0.0,0.0,0.0,1.0,0.0,0.0,False,Qwen/Qwen3-Coder-30B-A3B-Instruct-FP8,None
1992,Bar,Medium,5.32753312587738,10.65506625175476,2,0.0,0.0,0.0,0.0,0.0,0.0,0.0,0.0,0.0,0.0,1.0,0.0,0.0,False,Qwen/Qwen3-Coder-30B-A3B-Instruct-FP8,None
1992,Bar,Medium,5.32753312587738,10.65506625175476,2,0.0,0.0,0.0,0.0,0.0,0.0,0.0,0.0,0.0,0.0,1.0,0.0,0.0,False,Qwen/Qwen3-Coder-30B-A3B-Instruct-FP8,None
2005,Grouping Line,Medium,12.061882972717285,12.061882972717285,1,1.0,0.0,0.0,0.0,0.0,0.0,0.0,0.0,1.0,0.0,0.0,,0.0,False,Qwen/Qwen3-Coder-30B-A3B-Instruct-FP8,None
2005,Grouping Line,Medium,12.061882972717285,12.061882972717285,1,1.0,0.0,0.0,0.0,0.0,0.0,0.0,0.0,1.0,0.0,0.0,,0.0,False,Qwen/Qwen3-Coder-30B-A3B-Instruct-FP8,None
2005,Grouping Line,Medium,12.061882972717285,12.061882972717285,1,1.0,0.0,0.0,0.0,0.0,0.0,0.0,0.0,1.0,0.0,0.0,,0.0,False,Qwen/Qwen3-Coder-30B-A3B-Instruct-FP8,None
2009,Pie,Easy,0.32914161682128906,0.32914161682128906,1,0.0,0.0,0.0,0.0,0.0,0.0,0.0,0.0,0.0,0.0,1.0,0.0,0.0,False,Qwen/Qwen3-Coder-30B-A3B-Instruct-FP8,None
2009,Pie,Easy,0.32914161682128906,0.32914161682128906,1,0.0,0.0,0.0,0.0,0.0,0.0,0.0,0.0,0.0,0.0,1.0,0.0,0.0,False,Qwen/Qwen3-Coder-30B-A3B-Instruct-FP8,None
2009,Pie,Easy,0.32914161682128906,0.32914161682128906,1,0.0,0.0,0.0,0.0,0.0,0.0,0.0,0.0,0.0,0.0,1.0,0.0,0.0,False,Qwen/Qwen3-Coder-30B-A3B-Instruct-FP8,None
2011,Bar,Easy,0.3690970738728841,1.1072912216186523,3,0.0,0.0,0.0,0.0,0.0,0.0,0.0,0.0,0.0,0.0,1.0,0.0,0.0,False,Qwen/Qwen3-Coder-30B-A3B-Instruct-FP8,None
2011,Bar,Easy,0.3690970738728841,1.1072912216186523,3,0.0,0.0,0.0,0.0,0.0,0.0,0.0,0.0,0.0,0.0,1.0,0.0,0.0,False,Qwen/Qwen3-Coder-30B-A3B-Instruct-FP8,None
2011,Bar,Easy,0.3690970738728841,1.1072912216186523,3,0.0,0.0,0.0,0.0,0.0,0.0,0.0,0.0,0.0,0.0,1.0,0.0,0.0,False,Qwen/Qwen3-Coder-30B-A3B-Instruct-FP8,None
2012,Bar,Easy,0.3548319339752197,1.0644958019256592,3,0.0,0.0,0.0,0.0,0.0,0.0,0.0,0.0,0.0,0.0,1.0,0.0,0.0,False,Qwen/Qwen3-Coder-30B-A3B-Instruct-FP8,None
2012,Bar,Easy,0.3548319339752197,1.0644958019256592,3,0.0,0.0,0.0,0.0,0.0,0.0,0.0,0.0,0.0,0.0,1.0,0.0,0.0,False,Qwen/Qwen3-Coder-30B-A3B-Instruct-FP8,None
2012,Bar,Easy,0.3548319339752197,1.0644958019256592,3,0.0,0.0,0.0,0.0,0.0,0.0,0.0,0.0,0.0,0.0,1.0,0.0,0.0,False,Qwen/Qwen3-Coder-30B-A3B-Instruct-FP8,None
2013,Pie,Easy,0.32115983963012695,0.9634795188903809,3,0.0,0.0,0.0,0.0,0.0,0.0,0.0,0.0,0.0,0.0,1.0,0.0,0.0,False,Qwen/Qwen3-Coder-30B-A3B-Instruct-FP8,None
2013,Pie,Easy,0.32115983963012695,0.9634795188903809,3,0.0,0.0,0.0,0.0,0.0,0.0,0.0,0.0,0.0,0.0,1.0,0.0,0.0,False,Qwen/Qwen3-Coder-30B-A3B-Instruct-FP8,None
2013,Pie,Easy,0.32115983963012695,0.9634795188903809,3,0.0,0.0,0.0,0.0,0.0,0.0,0.0,0.0,0.0,0.0,1.0,0.0,0.0,False,Qwen/Qwen3-Coder-30B-A3B-Instruct-FP8,None
2014,Line,Medium,0.5908581018447876,1.1817162036895752,2,0.0,0.0,0.0,0.0,0.0,0.0,0.0,0.0,0.0,0.0,1.0,0.0,0.0,False,Qwen/Qwen3-Coder-30B-A3B-Instruct-FP8,None
2014,Line,Medium,0.5908581018447876,1.1817162036895752,2,0.0,0.0,0.0,0.0,0.0,0.0,0.0,0.0,0.0,0.0,1.0,0.0,0.0,False,Qwen/Qwen3-Coder-30B-A3B-Instruct-FP8,None
2014,Line,Medium,0.5908581018447876,1.1817162036895752,2,0.0,0.0,0.0,0.0,0.0,0.0,0.0,0.0,0.0,0.0,1.0,0.0,0.0,False,Qwen/Qwen3-Coder-30B-A3B-Instruct-FP8,None
2015,Line,Medium,0.5695189634958903,1.708556890487671,3,0.0,0.0,0.0,0.0,0.0,0.0,0.0,0.0,0.0,0.0,1.0,0.0,0.0,False,Qwen/Qwen3-Coder-30B-A3B-Instruct-FP8,None
2015,Line,Medium,0.5695189634958903,1.708556890487671,3,0.0,0.0,0.0,0.0,0.0,0.0,0.0,0.0,0.0,0.0,1.0,0.0,0.0,False,Qwen/Qwen3-Coder-30B-A3B-Instruct-FP8,None
2015,Line,Medium,0.5695189634958903,1.708556890487671,3,0.0,0.0,0.0,0.0,0.0,0.0,0.0,0.0,0.0,0.0,1.0,0.0,0.0,False,Qwen/Qwen3-Coder-30B-A3B-Instruct-FP8,None
2018,Bar,Easy,8.78953218460083,8.78953218460083,1,1.0,0.0,0.0,0.0,0.0,0.0,0.0,0.0,1.0,0.0,0.0,,0.0,False,Qwen/Qwen3-Coder-30B-A3B-Instruct-FP8,None
2018,Bar,Easy,8.78953218460083,8.78953218460083,1,1.0,0.0,0.0,0.0,0.0,0.0,0.0,0.0,1.0,0.0,0.0,,0.0,False,Qwen/Qwen3-Coder-30B-A3B-Instruct-FP8,None
2018,Bar,Easy,8.78953218460083,8.78953218460083,1,1.0,0.0,0.0,0.0,0.0,0.0,0.0,0.0,1.0,0.0,0.0,,0.0,False,Qwen/Qwen3-Coder-30B-A3B-Instruct-FP8,None
2019,Bar,Easy,0.46755290031433105,0.46755290031433105,1,0.0,0.0,0.0,0.0,0.0,0.0,0.0,0.0,0.0,0.0,1.0,0.0,0.0,False,Qwen/Qwen3-Coder-30B-A3B-Instruct-FP8,None
2019,Bar,Easy,0.46755290031433105,0.46755290031433105,1,0.0,0.0,0.0,0.0,0.0,0.0,0.0,0.0,0.0,0.0,1.0,0.0,0.0,False,Qwen/Qwen3-Coder-30B-A3B-Instruct-FP8,None
2019,Bar,Easy,0.46755290031433105,0.46755290031433105,1,0.0,0.0,0.0,0.0,0.0,0.0,0.0,0.0,0.0,0.0,1.0,0.0,0.0,False,Qwen/Qwen3-Coder-30B-A3B-Instruct-FP8,None
2021,Line,Easy,0.6390292644500732,0.6390292644500732,1,0.0,0.0,0.0,0.0,0.0,0.0,0.0,0.0,0.0,0.0,1.0,0.0,0.0,False,Qwen/Qwen3-Coder-30B-A3B-Instruct-FP8,None
2021,Line,Easy,0.6390292644500732,0.6390292644500732,1,0.0,0.0,0.0,0.0,0.0,0.0,0.0,0.0,0.0,0.0,1.0,0.0,0.0,False,Qwen/Qwen3-Coder-30B-A3B-Instruct-FP8,None
2021,Line,Easy,0.6390292644500732,0.6390292644500732,1,0.0,0.0,0.0,0.0,0.0,0.0,0.0,0.0,0.0,0.0,1.0,0.0,0.0,False,Qwen/Qwen3-Coder-30B-A3B-Instruct-FP8,None
2027,Bar,Medium,53.14680337905884,53.14680337905884,1,0.0,0.0,0.0,0.0,0.0,0.0,0.0,0.0,0.0,0.0,1.0,0.0,0.0,False,Qwen/Qwen3-Coder-30B-A3B-Instruct-FP8,None
2027,Bar,Medium,53.14680337905884,53.14680337905884,1,0.0,0.0,0.0,0.0,0.0,0.0,0.0,0.0,0.0,0.0,1.0,0.0,0.0,False,Qwen/Qwen3-Coder-30B-A3B-Instruct-FP8,None
2027,Bar,Medium,53.14680337905884,53.14680337905884,1,0.0,0.0,0.0,0.0,0.0,0.0,0.0,0.0,0.0,0.0,1.0,0.0,0.0,False,Qwen/Qwen3-Coder-30B-A3B-Instruct-FP8,None
2036,Bar,Medium,11.156398057937622,11.156398057937622,1,1.0,0.0,0.0,0.0,0.0,0.0,0.0,0.0,1.0,0.0,0.0,,0.0,False,Qwen/Qwen3-Coder-30B-A3B-Instruct-FP8,None
2036,Bar,Medium,11.156398057937622,11.156398057937622,1,1.0,0.0,0.0,0.0,0.0,0.0,0.0,0.0,1.0,0.0,0.0,,0.0,False,Qwen/Qwen3-Coder-30B-A3B-Instruct-FP8,None
2036,Bar,Medium,11.156398057937622,11.156398057937622,1,1.0,0.0,0.0,0.0,0.0,0.0,0.0,0.0,1.0,0.0,0.0,,0.0,False,Qwen/Qwen3-Coder-30B-A3B-Instruct-FP8,None
2059,Pie,Hard,24.290759205818176,48.58151841163635,2,0.0,0.0,0.0,0.0,0.0,0.0,0.0,0.0,0.0,0.0,1.0,0.0,0.0,True,Qwen/Qwen3-Coder-30B-A3B-Instruct-FP8,None
2059,Pie,Hard,24.290759205818176,48.58151841163635,2,0.0,0.0,0.0,0.0,0.0,0.0,0.0,0.0,0.0,0.0,1.0,0.0,0.0,True,Qwen/Qwen3-Coder-30B-A3B-Instruct-FP8,None
2059,Pie,Hard,24.290759205818176,48.58151841163635,2,0.0,0.0,0.0,0.0,0.0,0.0,0.0,0.0,0.0,0.0,1.0,0.0,0.0,True,Qwen/Qwen3-Coder-30B-A3B-Instruct-FP8,None
2065,Pie,Medium,19.91920320192973,59.757609605789185,3,0.0,0.0,0.0,0.0,0.0,0.0,0.0,0.0,0.0,0.0,1.0,0.0,0.0,False,Qwen/Qwen3-Coder-30B-A3B-Instruct-FP8,None
2065,Pie,Medium,19.91920320192973,59.757609605789185,3,0.0,0.0,0.0,0.0,0.0,0.0,0.0,0.0,0.0,0.0,1.0,0.0,0.0,False,Qwen/Qwen3-Coder-30B-A3B-Instruct-FP8,None
2065,Pie,Medium,19.91920320192973,59.757609605789185,3,0.0,0.0,0.0,0.0,0.0,0.0,0.0,0.0,0.0,0.0,1.0,0.0,0.0,False,Qwen/Qwen3-Coder-30B-A3B-Instruct-FP8,None
2067,Pie,Medium,0.3698127269744873,0.7396254539489746,2,0.0,0.0,0.0,0.0,0.0,0.0,0.0,0.0,0.0,0.0,1.0,0.0,0.0,False,Qwen/Qwen3-Coder-30B-A3B-Instruct-FP8,None
2067,Pie,Medium,0.3698127269744873,0.7396254539489746,2,0.0,0.0,0.0,0.0,0.0,0.0,0.0,0.0,0.0,0.0,1.0,0.0,0.0,False,Qwen/Qwen3-Coder-30B-A3B-Instruct-FP8,None
2067,Pie,Medium,0.3698127269744873,0.7396254539489746,2,0.0,0.0,0.0,0.0,0.0,0.0,0.0,0.0,0.0,0.0,1.0,0.0,0.0,False,Qwen/Qwen3-Coder-30B-A3B-Instruct-FP8,None
2071,Pie,Medium,29.524749994277954,59.04949998855591,2,0.0,0.0,0.0,0.0,0.0,0.0,0.0,0.0,0.0,0.0,1.0,0.0,0.0,True,Qwen/Qwen3-Coder-30B-A3B-Instruct-FP8,None
2071,Pie,Medium,29.524749994277954,59.04949998855591,2,0.0,0.0,0.0,0.0,0.0,0.0,0.0,0.0,0.0,0.0,1.0,0.0,0.0,True,Qwen/Qwen3-Coder-30B-A3B-Instruct-FP8,None
2071,Pie,Medium,29.524749994277954,59.04949998855591,2,0.0,0.0,0.0,0.0,0.0,0.0,0.0,0.0,0.0,0.0,1.0,0.0,0.0,True,Qwen/Qwen3-Coder-30B-A3B-Instruct-FP8,None
2074,Pie,Extra Hard,0.8960051536560059,0.8960051536560059,1,0.0,0.0,0.0,0.0,0.0,0.0,0.0,0.0,0.0,0.0,1.0,0.0,0.0,True,Qwen/Qwen3-Coder-30B-A3B-Instruct-FP8,None
2074,Pie,Extra Hard,0.8960051536560059,0.8960051536560059,1,0.0,0.0,0.0,0.0,0.0,0.0,0.0,0.0,0.0,0.0,1.0,0.0,0.0,True,Qwen/Qwen3-Coder-30B-A3B-Instruct-FP8,None
2074,Pie,Extra Hard,0.8960051536560059,0.8960051536560059,1,0.0,0.0,0.0,0.0,0.0,0.0,0.0,0.0,0.0,0.0,1.0,0.0,0.0,True,Qwen/Qwen3-Coder-30B-A3B-Instruct-FP8,None
2093,Pie,Medium,29.415308475494385,58.83061695098877,2,0.0,0.0,0.0,0.0,1.0,0.0,0.0,0.0,0.0,1.0,0.0,,0.0,True,Qwen/Qwen3-Coder-30B-A3B-Instruct-FP8,None
2093,Pie,Medium,29.415308475494385,58.83061695098877,2,0.0,0.0,0.0,0.0,1.0,0.0,0.0,0.0,0.0,1.0,0.0,,0.0,True,Qwen/Qwen3-Coder-30B-A3B-Instruct-FP8,None
2093,Pie,Medium,29.415308475494385,58.83061695098877,2,0.0,0.0,0.0,0.0,1.0,0.0,0.0,0.0,0.0,1.0,0.0,,0.0,True,Qwen/Qwen3-Coder-30B-A3B-Instruct-FP8,None
2096,Bar,Medium,59.354990005493164,59.354990005493164,1,0.0,0.0,0.0,0.0,0.0,0.0,0.0,0.0,0.0,0.0,1.0,0.0,0.0,True,Qwen/Qwen3-Coder-30B-A3B-Instruct-FP8,None
2096,Bar,Medium,59.354990005493164,59.354990005493164,1,0.0,0.0,0.0,0.0,0.0,0.0,0.0,0.0,0.0,0.0,1.0,0.0,0.0,True,Qwen/Qwen3-Coder-30B-A3B-Instruct-FP8,None
2096,Bar,Medium,59.354990005493164,59.354990005493164,1,0.0,0.0,0.0,0.0,0.0,0.0,0.0,0.0,0.0,0.0,1.0,0.0,0.0,True,Qwen/Qwen3-Coder-30B-A3B-Instruct-FP8,None
2110,Bar,Easy,0.48382019996643066,0.9676403999328613,2,0.0,0.0,0.0,0.0,0.0,0.0,0.0,0.0,0.0,0.0,1.0,0.0,0.0,False,Qwen/Qwen3-Coder-30B-A3B-Instruct-FP8,None
2110,Bar,Easy,0.48382019996643066,0.9676403999328613,2,0.0,0.0,0.0,0.0,0.0,0.0,0.0,0.0,0.0,0.0,1.0,0.0,0.0,False,Qwen/Qwen3-Coder-30B-A3B-Instruct-FP8,None
2110,Bar,Easy,0.48382019996643066,0.9676403999328613,2,0.0,0.0,0.0,0.0,0.0,0.0,0.0,0.0,0.0,0.0,1.0,0.0,0.0,False,Qwen/Qwen3-Coder-30B-A3B-Instruct-FP8,None
2119,Bar,Easy,31.829166531562805,63.65833306312561,2,0.0,0.0,0.0,0.0,0.0,0.0,0.0,0.0,0.0,0.0,1.0,0.0,0.0,False,Qwen/Qwen3-Coder-30B-A3B-Instruct-FP8,None
2119,Bar,Easy,31.829166531562805,63.65833306312561,2,0.0,0.0,0.0,0.0,0.0,0.0,0.0,0.0,0.0,0.0,1.0,0.0,0.0,False,Qwen/Qwen3-Coder-30B-A3B-Instruct-FP8,None
2119,Bar,Easy,31.829166531562805,63.65833306312561,2,0.0,0.0,0.0,0.0,0.0,0.0,0.0,0.0,0.0,0.0,1.0,0.0,0.0,False,Qwen/Qwen3-Coder-30B-A3B-Instruct-FP8,None
2132,Pie,Hard,54.4965124130249,54.4965124130249,1,0.0,0.0,0.0,0.0,0.0,0.0,0.0,0.0,0.0,0.0,1.0,0.0,0.0,True,Qwen/Qwen3-Coder-30B-A3B-Instruct-FP8,None
2132,Pie,Hard,54.4965124130249,54.4965124130249,1,0.0,0.0,0.0,0.0,0.0,0.0,0.0,0.0,0.0,0.0,1.0,0.0,0.0,True,Qwen/Qwen3-Coder-30B-A3B-Instruct-FP8,None
2132,Pie,Hard,54.4965124130249,54.4965124130249,1,0.0,0.0,0.0,0.0,0.0,0.0,0.0,0.0,0.0,0.0,1.0,0.0,0.0,True,Qwen/Qwen3-Coder-30B-A3B-Instruct-FP8,None
2144,Bar,Medium,7.326219797134399,7.326219797134399,1,0.0,0.0,0.0,0.0,0.0,0.0,0.0,0.0,0.0,0.0,1.0,0.0,0.0,True,Qwen/Qwen3-Coder-30B-A3B-Instruct-FP8,None
2144,Bar,Medium,7.326219797134399,7.326219797134399,1,0.0,0.0,0.0,0.0,0.0,0.0,0.0,0.0,0.0,0.0,1.0,0.0,0.0,True,Qwen/Qwen3-Coder-30B-A3B-Instruct-FP8,None
2144,Bar,Medium,7.326219797134399,7.326219797134399,1,0.0,0.0,0.0,0.0,0.0,0.0,0.0,0.0,0.0,0.0,1.0,0.0,0.0,True,Qwen/Qwen3-Coder-30B-A3B-Instruct-FP8,None
2155,Pie,Hard,52.41480326652527,52.41480326652527,1,0.0,0.0,0.0,0.0,1.0,0.0,0.0,0.0,0.0,1.0,0.0,,0.0,True,Qwen/Qwen3-Coder-30B-A3B-Instruct-FP8,None
2155,Pie,Hard,52.41480326652527,52.41480326652527,1,0.0,0.0,0.0,0.0,1.0,0.0,0.0,0.0,0.0,1.0,0.0,,0.0,True,Qwen/Qwen3-Coder-30B-A3B-Instruct-FP8,None
2155,Pie,Hard,52.41480326652527,52.41480326652527,1,0.0,0.0,0.0,0.0,1.0,0.0,0.0,0.0,0.0,1.0,0.0,,0.0,True,Qwen/Qwen3-Coder-30B-A3B-Instruct-FP8,None
2161,Pie,Hard,19.90740958849589,59.72222876548767,3,0.0,0.0,0.0,0.0,0.0,0.0,0.0,0.0,0.0,0.0,1.0,0.0,0.0,True,Qwen/Qwen3-Coder-30B-A3B-Instruct-FP8,None
2161,Pie,Hard,19.90740958849589,59.72222876548767,3,0.0,0.0,0.0,0.0,0.0,0.0,0.0,0.0,0.0,0.0,1.0,0.0,0.0,True,Qwen/Qwen3-Coder-30B-A3B-Instruct-FP8,None
2161,Pie,Hard,19.90740958849589,59.72222876548767,3,0.0,0.0,0.0,0.0,0.0,0.0,0.0,0.0,0.0,0.0,1.0,0.0,0.0,True,Qwen/Qwen3-Coder-30B-A3B-Instruct-FP8,None
2166,Pie,Medium,0.46357011795043945,0.46357011795043945,1,0.0,0.0,0.0,0.0,0.0,0.0,0.0,0.0,0.0,0.0,1.0,0.0,0.0,True,Qwen/Qwen3-Coder-30B-A3B-Instruct-FP8,None
2166,Pie,Medium,0.46357011795043945,0.46357011795043945,1,0.0,0.0,0.0,0.0,0.0,0.0,0.0,0.0,0.0,0.0,1.0,0.0,0.0,True,Qwen/Qwen3-Coder-30B-A3B-Instruct-FP8,None
2166,Pie,Medium,0.46357011795043945,0.46357011795043945,1,0.0,0.0,0.0,0.0,0.0,0.0,0.0,0.0,0.0,0.0,1.0,0.0,0.0,True,Qwen/Qwen3-Coder-30B-A3B-Instruct-FP8,None
2167,Bar,Medium,20.097140471140545,60.29142141342163,3,0.0,0.0,0.0,0.0,0.0,0.0,0.0,0.0,0.0,0.0,1.0,0.0,0.0,True,Qwen/Qwen3-Coder-30B-A3B-Instruct-FP8,None
2167,Bar,Medium,20.097140471140545,60.29142141342163,3,0.0,0.0,0.0,0.0,0.0,0.0,0.0,0.0,0.0,0.0,1.0,0.0,0.0,True,Qwen/Qwen3-Coder-30B-A3B-Instruct-FP8,None
2167,Bar,Medium,20.097140471140545,60.29142141342163,3,0.0,0.0,0.0,0.0,0.0,0.0,0.0,0.0,0.0,0.0,1.0,0.0,0.0,True,Qwen/Qwen3-Coder-30B-A3B-Instruct-FP8,None
2168,Pie,Easy,19.722922404607136,59.16876721382141,3,0.0,0.0,0.0,0.0,0.0,0.0,0.0,0.0,0.0,0.0,1.0,0.0,0.0,False,Qwen/Qwen3-Coder-30B-A3B-Instruct-FP8,None
2168,Pie,Easy,19.722922404607136,59.16876721382141,3,0.0,0.0,0.0,0.0,0.0,0.0,0.0,0.0,0.0,0.0,1.0,0.0,0.0,False,Qwen/Qwen3-Coder-30B-A3B-Instruct-FP8,None
2168,Pie,Easy,19.722922404607136,59.16876721382141,3,0.0,0.0,0.0,0.0,0.0,0.0,0.0,0.0,0.0,0.0,1.0,0.0,0.0,False,Qwen/Qwen3-Coder-30B-A3B-Instruct-FP8,None
2170,Pie,Hard,7.882254362106323,7.882254362106323,1,0.0,0.0,0.0,0.0,1.0,0.0,0.0,0.0,0.0,1.0,0.0,,0.0,True,Qwen/Qwen3-Coder-30B-A3B-Instruct-FP8,None
2170,Pie,Hard,7.882254362106323,7.882254362106323,1,0.0,0.0,0.0,0.0,1.0,0.0,0.0,0.0,0.0,1.0,0.0,,0.0,True,Qwen/Qwen3-Coder-30B-A3B-Instruct-FP8,None
2170,Pie,Hard,7.882254362106323,7.882254362106323,1,0.0,0.0,0.0,0.0,1.0,0.0,0.0,0.0,0.0,1.0,0.0,,0.0,True,Qwen/Qwen3-Coder-30B-A3B-Instruct-FP8,None
2171,Bar,Hard,4.92881965637207,14.786458969116211,3,0.0,0.0,0.0,0.0,0.0,0.0,0.0,0.0,0.0,0.0,1.0,0.0,0.0,True,Qwen/Qwen3-Coder-30B-A3B-Instruct-FP8,None
2171,Bar,Hard,4.92881965637207,14.786458969116211,3,0.0,0.0,0.0,0.0,0.0,0.0,0.0,0.0,0.0,0.0,1.0,0.0,0.0,True,Qwen/Qwen3-Coder-30B-A3B-Instruct-FP8,None
2171,Bar,Hard,4.92881965637207,14.786458969116211,3,0.0,0.0,0.0,0.0,0.0,0.0,0.0,0.0,0.0,0.0,1.0,0.0,0.0,True,Qwen/Qwen3-Coder-30B-A3B-Instruct-FP8,None
2172,Bar,Medium,0.3890223503112793,1.167067050933838,3,0.0,0.0,0.0,0.0,0.3333333333333333,0.0,0.0,0.0,0.0,0.3333333333333333,0.6666666666666666,0.0,0.0,False,Qwen/Qwen3-Coder-30B-A3B-Instruct-FP8,None
2172,Bar,Medium,0.3890223503112793,1.167067050933838,3,0.0,0.0,0.0,0.0,0.3333333333333333,0.0,0.0,0.0,0.0,0.3333333333333333,0.6666666666666666,0.0,0.0,False,Qwen/Qwen3-Coder-30B-A3B-Instruct-FP8,None
2172,Bar,Medium,0.3890223503112793,1.167067050933838,3,0.0,0.0,0.0,0.0,0.3333333333333333,0.0,0.0,0.0,0.0,0.3333333333333333,0.6666666666666666,0.0,0.0,False,Qwen/Qwen3-Coder-30B-A3B-Instruct-FP8,None
2174,Bar,Easy,4.899921178817749,4.899921178817749,1,0.0,0.0,0.0,0.0,0.0,0.0,0.0,0.0,0.0,0.0,1.0,0.0,0.0,False,Qwen/Qwen3-Coder-30B-A3B-Instruct-FP8,None
2174,Bar,Easy,4.899921178817749,4.899921178817749,1,0.0,0.0,0.0,0.0,0.0,0.0,0.0,0.0,0.0,0.0,1.0,0.0,0.0,False,Qwen/Qwen3-Coder-30B-A3B-Instruct-FP8,None
2174,Bar,Easy,4.899921178817749,4.899921178817749,1,0.0,0.0,0.0,0.0,0.0,0.0,0.0,0.0,0.0,0.0,1.0,0.0,0.0,False,Qwen/Qwen3-Coder-30B-A3B-Instruct-FP8,None
2180,Bar,Easy,0.28448088963826496,0.8534426689147949,3,0.0,0.0,0.0,0.0,0.0,0.0,0.0,0.0,0.0,0.0,1.0,0.0,0.0,False,Qwen/Qwen3-Coder-30B-A3B-Instruct-FP8,None
2180,Bar,Easy,0.28448088963826496,0.8534426689147949,3,0.0,0.0,0.0,0.0,0.0,0.0,0.0,0.0,0.0,0.0,1.0,0.0,0.0,False,Qwen/Qwen3-Coder-30B-A3B-Instruct-FP8,None
2180,Bar,Easy,0.28448088963826496,0.8534426689147949,3,0.0,0.0,0.0,0.0,0.0,0.0,0.0,0.0,0.0,0.0,1.0,0.0,0.0,False,Qwen/Qwen3-Coder-30B-A3B-Instruct-FP8,None
2181,Bar,Easy,0.2919887900352478,1.1679551601409912,4,0.0,0.0,0.0,0.0,0.0,0.0,0.0,0.0,0.0,0.0,1.0,0.0,0.0,False,Qwen/Qwen3-Coder-30B-A3B-Instruct-FP8,None
2181,Bar,Easy,0.2919887900352478,1.1679551601409912,4,0.0,0.0,0.0,0.0,0.0,0.0,0.0,0.0,0.0,0.0,1.0,0.0,0.0,False,Qwen/Qwen3-Coder-30B-A3B-Instruct-FP8,None
2181,Bar,Easy,0.2919887900352478,1.1679551601409912,4,0.0,0.0,0.0,0.0,0.0,0.0,0.0,0.0,0.0,0.0,1.0,0.0,0.0,False,Qwen/Qwen3-Coder-30B-A3B-Instruct-FP8,None
2218,Bar,Medium,0.41711015701293946,2.0855507850646973,5,0.0,0.0,0.0,0.0,0.0,0.0,0.0,0.0,0.0,0.0,1.0,0.0,0.0,True,Qwen/Qwen3-Coder-30B-A3B-Instruct-FP8,None
2218,Bar,Medium,0.41711015701293946,2.0855507850646973,5,0.0,0.0,0.0,0.0,0.0,0.0,0.0,0.0,0.0,0.0,1.0,0.0,0.0,True,Qwen/Qwen3-Coder-30B-A3B-Instruct-FP8,None
2218,Bar,Medium,0.41711015701293946,2.0855507850646973,5,0.0,0.0,0.0,0.0,0.0,0.0,0.0,0.0,0.0,0.0,1.0,0.0,0.0,True,Qwen/Qwen3-Coder-30B-A3B-Instruct-FP8,None
2219,Bar,Medium,0.4050779938697815,1.620311975479126,4,0.0,0.0,0.0,0.0,0.0,0.0,0.0,0.0,0.0,0.0,1.0,0.0,0.0,True,Qwen/Qwen3-Coder-30B-A3B-Instruct-FP8,None
2219,Bar,Medium,0.4050779938697815,1.620311975479126,4,0.0,0.0,0.0,0.0,0.0,0.0,0.0,0.0,0.0,0.0,1.0,0.0,0.0,True,Qwen/Qwen3-Coder-30B-A3B-Instruct-FP8,None
2219,Bar,Medium,0.4050779938697815,1.620311975479126,4,0.0,0.0,0.0,0.0,0.0,0.0,0.0,0.0,0.0,0.0,1.0,0.0,0.0,True,Qwen/Qwen3-Coder-30B-A3B-Instruct-FP8,None
2226,Bar,Medium,0.4329092979431152,2.164546489715576,5,0.0,0.0,0.0,0.0,0.0,0.0,0.0,0.0,0.0,0.0,1.0,0.0,0.0,True,Qwen/Qwen3-Coder-30B-A3B-Instruct-FP8,None
2226,Bar,Medium,0.4329092979431152,2.164546489715576,5,0.0,0.0,0.0,0.0,0.0,0.0,0.0,0.0,0.0,0.0,1.0,0.0,0.0,True,Qwen/Qwen3-Coder-30B-A3B-Instruct-FP8,None
2226,Bar,Medium,0.4329092979431152,2.164546489715576,5,0.0,0.0,0.0,0.0,0.0,0.0,0.0,0.0,0.0,0.0,1.0,0.0,0.0,True,Qwen/Qwen3-Coder-30B-A3B-Instruct-FP8,None
2229,Bar,Medium,0.41202497482299805,2.0601248741149902,5,0.0,0.0,0.0,0.0,0.0,0.0,0.0,0.0,0.0,0.0,1.0,0.0,0.0,True,Qwen/Qwen3-Coder-30B-A3B-Instruct-FP8,None
2229,Bar,Medium,0.41202497482299805,2.0601248741149902,5,0.0,0.0,0.0,0.0,0.0,0.0,0.0,0.0,0.0,0.0,1.0,0.0,0.0,True,Qwen/Qwen3-Coder-30B-A3B-Instruct-FP8,None
2229,Bar,Medium,0.41202497482299805,2.0601248741149902,5,0.0,0.0,0.0,0.0,0.0,0.0,0.0,0.0,0.0,0.0,1.0,0.0,0.0,True,Qwen/Qwen3-Coder-30B-A3B-Instruct-FP8,None
2230,Bar,Medium,1.1746572971343994,5.873286485671997,5,0.0,0.0,0.0,0.0,0.0,0.0,0.0,0.0,0.0,0.0,1.0,0.0,0.0,True,Qwen/Qwen3-Coder-30B-A3B-Instruct-FP8,None
2230,Bar,Medium,1.1746572971343994,5.873286485671997,5,0.0,0.0,0.0,0.0,0.0,0.0,0.0,0.0,0.0,0.0,1.0,0.0,0.0,True,Qwen/Qwen3-Coder-30B-A3B-Instruct-FP8,None
2230,Bar,Medium,1.1746572971343994,5.873286485671997,5,0.0,0.0,0.0,0.0,0.0,0.0,0.0,0.0,0.0,0.0,1.0,0.0,0.0,True,Qwen/Qwen3-Coder-30B-A3B-Instruct-FP8,None
2270,Scatter,Easy,0.3711584806442261,1.4846339225769043,4,0.0,0.0,0.0,0.0,0.0,0.0,0.0,0.0,0.0,0.0,1.0,0.0,0.0,True,Qwen/Qwen3-Coder-30B-A3B-Instruct-FP8,None
2270,Scatter,Easy,0.3711584806442261,1.4846339225769043,4,0.0,0.0,0.0,0.0,0.0,0.0,0.0,0.0,0.0,0.0,1.0,0.0,0.0,True,Qwen/Qwen3-Coder-30B-A3B-Instruct-FP8,None
2270,Scatter,Easy,0.3711584806442261,1.4846339225769043,4,0.0,0.0,0.0,0.0,0.0,0.0,0.0,0.0,0.0,0.0,1.0,0.0,0.0,True,Qwen/Qwen3-Coder-30B-A3B-Instruct-FP8,None
2280,Grouping Scatter,Medium,12.22882080078125,24.4576416015625,2,1.0,0.0,0.0,0.0,0.0,0.0,0.0,0.0,1.0,0.0,0.0,,0.0,True,Qwen/Qwen3-Coder-30B-A3B-Instruct-FP8,None
2280,Grouping Scatter,Medium,12.22882080078125,24.4576416015625,2,1.0,0.0,0.0,0.0,0.0,0.0,0.0,0.0,1.0,0.0,0.0,,0.0,True,Qwen/Qwen3-Coder-30B-A3B-Instruct-FP8,None
2280,Grouping Scatter,Medium,12.22882080078125,24.4576416015625,2,1.0,0.0,0.0,0.0,0.0,0.0,0.0,0.0,1.0,0.0,0.0,,0.0,True,Qwen/Qwen3-Coder-30B-A3B-Instruct-FP8,None
2289,Grouping Scatter,Medium,10.179609298706055,50.89804649353027,5,0.4,0.0,0.0,0.0,0.6,0.0,0.0,0.0,0.4,0.6,0.0,,0.0,True,Qwen/Qwen3-Coder-30B-A3B-Instruct-FP8,None
2289,Grouping Scatter,Medium,10.179609298706055,50.89804649353027,5,0.4,0.0,0.0,0.0,0.6,0.0,0.0,0.0,0.4,0.6,0.0,,0.0,True,Qwen/Qwen3-Coder-30B-A3B-Instruct-FP8,None
2289,Grouping Scatter,Medium,10.179609298706055,50.89804649353027,5,0.4,0.0,0.0,0.0,0.6,0.0,0.0,0.0,0.4,0.6,0.0,,0.0,True,Qwen/Qwen3-Coder-30B-A3B-Instruct-FP8,None
2299,Grouping Scatter,Medium,10.818264722824097,10.818264722824097,1,1.0,0.0,0.0,0.0,0.0,0.0,0.0,0.0,1.0,0.0,0.0,,0.0,True,Qwen/Qwen3-Coder-30B-A3B-Instruct-FP8,None
2299,Grouping Scatter,Medium,10.818264722824097,10.818264722824097,1,1.0,0.0,0.0,0.0,0.0,0.0,0.0,0.0,1.0,0.0,0.0,,0.0,True,Qwen/Qwen3-Coder-30B-A3B-Instruct-FP8,None
2299,Grouping Scatter,Medium,10.818264722824097,10.818264722824097,1,1.0,0.0,0.0,0.0,0.0,0.0,0.0,0.0,1.0,0.0,0.0,,0.0,True,Qwen/Qwen3-Coder-30B-A3B-Instruct-FP8,None
2303,Bar,Easy,0.3118218183517456,0.6236436367034912,2,0.0,0.0,0.0,0.0,0.0,0.0,0.0,0.0,0.0,0.0,1.0,0.0,0.0,False,Qwen/Qwen3-Coder-30B-A3B-Instruct-FP8,None
2303,Bar,Easy,0.3118218183517456,0.6236436367034912,2,0.0,0.0,0.0,0.0,0.0,0.0,0.0,0.0,0.0,0.0,1.0,0.0,0.0,False,Qwen/Qwen3-Coder-30B-A3B-Instruct-FP8,None
2303,Bar,Easy,0.3118218183517456,0.6236436367034912,2,0.0,0.0,0.0,0.0,0.0,0.0,0.0,0.0,0.0,0.0,1.0,0.0,0.0,False,Qwen/Qwen3-Coder-30B-A3B-Instruct-FP8,None
2304,Bar,Easy,0.3583660125732422,0.3583660125732422,1,0.0,0.0,0.0,0.0,0.0,0.0,0.0,0.0,0.0,0.0,1.0,0.0,0.0,False,Qwen/Qwen3-Coder-30B-A3B-Instruct-FP8,None
2304,Bar,Easy,0.3583660125732422,0.3583660125732422,1,0.0,0.0,0.0,0.0,0.0,0.0,0.0,0.0,0.0,0.0,1.0,0.0,0.0,False,Qwen/Qwen3-Coder-30B-A3B-Instruct-FP8,None
2304,Bar,Easy,0.3583660125732422,0.3583660125732422,1,0.0,0.0,0.0,0.0,0.0,0.0,0.0,0.0,0.0,0.0,1.0,0.0,0.0,False,Qwen/Qwen3-Coder-30B-A3B-Instruct-FP8,None
2307,Pie,Easy,0.2970309257507324,0.2970309257507324,1,0.0,0.0,0.0,0.0,0.0,0.0,0.0,0.0,0.0,0.0,1.0,0.0,0.0,False,Qwen/Qwen3-Coder-30B-A3B-Instruct-FP8,None
2307,Pie,Easy,0.2970309257507324,0.2970309257507324,1,0.0,0.0,0.0,0.0,0.0,0.0,0.0,0.0,0.0,0.0,1.0,0.0,0.0,False,Qwen/Qwen3-Coder-30B-A3B-Instruct-FP8,None
2307,Pie,Easy,0.2970309257507324,0.2970309257507324,1,0.0,0.0,0.0,0.0,0.0,0.0,0.0,0.0,0.0,0.0,1.0,0.0,0.0,False,Qwen/Qwen3-Coder-30B-A3B-Instruct-FP8,None
2309,Pie,Medium,0.4612863063812256,0.4612863063812256,1,0.0,0.0,0.0,0.0,1.0,0.0,0.0,0.0,0.0,1.0,0.0,,0.0,True,Qwen/Qwen3-Coder-30B-A3B-Instruct-FP8,None
2309,Pie,Medium,0.4612863063812256,0.4612863063812256,1,0.0,0.0,0.0,0.0,1.0,0.0,0.0,0.0,0.0,1.0,0.0,,0.0,True,Qwen/Qwen3-Coder-30B-A3B-Instruct-FP8,None
2309,Pie,Medium,0.4612863063812256,0.4612863063812256,1,0.0,0.0,0.0,0.0,1.0,0.0,0.0,0.0,0.0,1.0,0.0,,0.0,True,Qwen/Qwen3-Coder-30B-A3B-Instruct-FP8,None
2311,Pie,Easy,2.7124366760253906,5.424873352050781,2,0.0,0.0,0.0,0.0,1.0,0.0,0.0,0.0,0.0,1.0,0.0,,0.0,False,Qwen/Qwen3-Coder-30B-A3B-Instruct-FP8,None
2311,Pie,Easy,2.7124366760253906,5.424873352050781,2,0.0,0.0,0.0,0.0,1.0,0.0,0.0,0.0,0.0,1.0,0.0,,0.0,False,Qwen/Qwen3-Coder-30B-A3B-Instruct-FP8,None
2311,Pie,Easy,2.7124366760253906,5.424873352050781,2,0.0,0.0,0.0,0.0,1.0,0.0,0.0,0.0,0.0,1.0,0.0,,0.0,False,Qwen/Qwen3-Coder-30B-A3B-Instruct-FP8,None
2343,Pie,Hard,0.46367406845092773,1.3910222053527832,3,0.0,0.0,0.0,0.0,1.0,0.0,0.0,0.0,0.0,1.0,0.0,,0.0,True,Qwen/Qwen3-Coder-30B-A3B-Instruct-FP8,None
2343,Pie,Hard,0.46367406845092773,1.3910222053527832,3,0.0,0.0,0.0,0.0,1.0,0.0,0.0,0.0,0.0,1.0,0.0,,0.0,True,Qwen/Qwen3-Coder-30B-A3B-Instruct-FP8,None
2343,Pie,Hard,0.46367406845092773,1.3910222053527832,3,0.0,0.0,0.0,0.0,1.0,0.0,0.0,0.0,0.0,1.0,0.0,,0.0,True,Qwen/Qwen3-Coder-30B-A3B-Instruct-FP8,None
2344,Bar,Hard,0.6248345375061035,1.8745036125183105,3,0.0,0.0,0.0,0.0,0.0,0.0,0.0,0.0,0.0,0.0,1.0,0.0,0.0,True,Qwen/Qwen3-Coder-30B-A3B-Instruct-FP8,None
2344,Bar,Hard,0.6248345375061035,1.8745036125183105,3,0.0,0.0,0.0,0.0,0.0,0.0,0.0,0.0,0.0,0.0,1.0,0.0,0.0,True,Qwen/Qwen3-Coder-30B-A3B-Instruct-FP8,None
2344,Bar,Hard,0.6248345375061035,1.8745036125183105,3,0.0,0.0,0.0,0.0,0.0,0.0,0.0,0.0,0.0,0.0,1.0,0.0,0.0,True,Qwen/Qwen3-Coder-30B-A3B-Instruct-FP8,None
2346,Pie,Extra Hard,0.5412065982818604,1.0824131965637207,2,0.0,0.0,0.0,0.0,0.0,0.0,0.0,0.0,0.0,0.0,1.0,0.0,0.0,True,Qwen/Qwen3-Coder-30B-A3B-Instruct-FP8,None
2346,Pie,Extra Hard,0.5412065982818604,1.0824131965637207,2,0.0,0.0,0.0,0.0,0.0,0.0,0.0,0.0,0.0,0.0,1.0,0.0,0.0,True,Qwen/Qwen3-Coder-30B-A3B-Instruct-FP8,None
2346,Pie,Extra Hard,0.5412065982818604,1.0824131965637207,2,0.0,0.0,0.0,0.0,0.0,0.0,0.0,0.0,0.0,0.0,1.0,0.0,0.0,True,Qwen/Qwen3-Coder-30B-A3B-Instruct-FP8,None
2348,Pie,Easy,0.26836466789245605,0.5367293357849121,2,0.0,0.0,0.0,0.0,0.0,0.0,0.0,0.0,0.0,0.0,1.0,0.0,0.0,False,Qwen/Qwen3-Coder-30B-A3B-Instruct-FP8,None
2348,Pie,Easy,0.26836466789245605,0.5367293357849121,2,0.0,0.0,0.0,0.0,0.0,0.0,0.0,0.0,0.0,0.0,1.0,0.0,0.0,False,Qwen/Qwen3-Coder-30B-A3B-Instruct-FP8,None
2348,Pie,Easy,0.26836466789245605,0.5367293357849121,2,0.0,0.0,0.0,0.0,0.0,0.0,0.0,0.0,0.0,0.0,1.0,0.0,0.0,False,Qwen/Qwen3-Coder-30B-A3B-Instruct-FP8,None
2350,Pie,Easy,0.2581484317779541,0.2581484317779541,1,0.0,0.0,0.0,0.0,0.0,0.0,0.0,0.0,0.0,0.0,1.0,0.0,0.0,False,Qwen/Qwen3-Coder-30B-A3B-Instruct-FP8,None
2350,Pie,Easy,0.2581484317779541,0.2581484317779541,1,0.0,0.0,0.0,0.0,0.0,0.0,0.0,0.0,0.0,0.0,1.0,0.0,0.0,False,Qwen/Qwen3-Coder-30B-A3B-Instruct-FP8,None
2350,Pie,Easy,0.2581484317779541,0.2581484317779541,1,0.0,0.0,0.0,0.0,0.0,0.0,0.0,0.0,0.0,0.0,1.0,0.0,0.0,False,Qwen/Qwen3-Coder-30B-A3B-Instruct-FP8,None
2351,Bar,Easy,0.26786263783772785,0.8035879135131836,3,0.0,0.0,0.0,0.0,0.0,0.0,0.0,0.0,0.0,0.0,1.0,0.0,0.0,False,Qwen/Qwen3-Coder-30B-A3B-Instruct-FP8,None
2351,Bar,Easy,0.26786263783772785,0.8035879135131836,3,0.0,0.0,0.0,0.0,0.0,0.0,0.0,0.0,0.0,0.0,1.0,0.0,0.0,False,Qwen/Qwen3-Coder-30B-A3B-Instruct-FP8,None
2351,Bar,Easy,0.26786263783772785,0.8035879135131836,3,0.0,0.0,0.0,0.0,0.0,0.0,0.0,0.0,0.0,0.0,1.0,0.0,0.0,False,Qwen/Qwen3-Coder-30B-A3B-Instruct-FP8,None
2359,Pie,Medium,0.41761048634847003,1.2528314590454102,3,0.0,0.0,0.0,0.0,1.0,0.0,0.0,0.0,0.0,1.0,0.0,,0.0,True,Qwen/Qwen3-Coder-30B-A3B-Instruct-FP8,None
2359,Pie,Medium,0.41761048634847003,1.2528314590454102,3,0.0,0.0,0.0,0.0,1.0,0.0,0.0,0.0,0.0,1.0,0.0,,0.0,True,Qwen/Qwen3-Coder-30B-A3B-Instruct-FP8,None
2359,Pie,Medium,0.41761048634847003,1.2528314590454102,3,0.0,0.0,0.0,0.0,1.0,0.0,0.0,0.0,0.0,1.0,0.0,,0.0,True,Qwen/Qwen3-Coder-30B-A3B-Instruct-FP8,None
2371,Bar,Medium,0.44376222292582196,1.3312866687774658,3,0.0,0.0,0.0,0.0,0.0,0.0,0.0,0.0,0.0,0.0,1.0,0.0,0.0,True,Qwen/Qwen3-Coder-30B-A3B-Instruct-FP8,None
2371,Bar,Medium,0.44376222292582196,1.3312866687774658,3,0.0,0.0,0.0,0.0,0.0,0.0,0.0,0.0,0.0,0.0,1.0,0.0,0.0,True,Qwen/Qwen3-Coder-30B-A3B-Instruct-FP8,None
2371,Bar,Medium,0.44376222292582196,1.3312866687774658,3,0.0,0.0,0.0,0.0,0.0,0.0,0.0,0.0,0.0,0.0,1.0,0.0,0.0,True,Qwen/Qwen3-Coder-30B-A3B-Instruct-FP8,None
2387,Bar,Easy,12.237622261047363,36.71286678314209,3,1.0,0.0,0.0,0.0,0.0,0.0,0.0,0.0,1.0,0.0,0.0,,0.0,True,Qwen/Qwen3-Coder-30B-A3B-Instruct-FP8,None
2387,Bar,Easy,12.237622261047363,36.71286678314209,3,1.0,0.0,0.0,0.0,0.0,0.0,0.0,0.0,1.0,0.0,0.0,,0.0,True,Qwen/Qwen3-Coder-30B-A3B-Instruct-FP8,None
2387,Bar,Easy,12.237622261047363,36.71286678314209,3,1.0,0.0,0.0,0.0,0.0,0.0,0.0,0.0,1.0,0.0,0.0,,0.0,True,Qwen/Qwen3-Coder-30B-A3B-Instruct-FP8,None
2397,Pie,Medium,0.4732794761657715,0.4732794761657715,1,0.0,0.0,0.0,0.0,0.0,0.0,0.0,0.0,0.0,0.0,1.0,0.0,0.0,True,Qwen/Qwen3-Coder-30B-A3B-Instruct-FP8,None
2397,Pie,Medium,0.4732794761657715,0.4732794761657715,1,0.0,0.0,0.0,0.0,0.0,0.0,0.0,0.0,0.0,0.0,1.0,0.0,0.0,True,Qwen/Qwen3-Coder-30B-A3B-Instruct-FP8,None
2397,Pie,Medium,0.4732794761657715,0.4732794761657715,1,0.0,0.0,0.0,0.0,0.0,0.0,0.0,0.0,0.0,0.0,1.0,0.0,0.0,True,Qwen/Qwen3-Coder-30B-A3B-Instruct-FP8,None
2403,Bar,Extra Hard,0.5284945964813232,0.5284945964813232,1,0.0,0.0,0.0,0.0,1.0,0.0,0.0,0.0,0.0,1.0,0.0,,0.0,True,Qwen/Qwen3-Coder-30B-A3B-Instruct-FP8,None
2403,Bar,Extra Hard,0.5284945964813232,0.5284945964813232,1,0.0,0.0,0.0,0.0,1.0,0.0,0.0,0.0,0.0,1.0,0.0,,0.0,True,Qwen/Qwen3-Coder-30B-A3B-Instruct-FP8,None
2403,Bar,Extra Hard,0.5284945964813232,0.5284945964813232,1,0.0,0.0,0.0,0.0,1.0,0.0,0.0,0.0,0.0,1.0,0.0,,0.0,True,Qwen/Qwen3-Coder-30B-A3B-Instruct-FP8,None
2416,Pie,Easy,0.29204249382019043,0.29204249382019043,1,0.0,0.0,0.0,0.0,0.0,0.0,0.0,0.0,0.0,0.0,1.0,0.0,0.0,False,Qwen/Qwen3-Coder-30B-A3B-Instruct-FP8,None
2416,Pie,Easy,0.29204249382019043,0.29204249382019043,1,0.0,0.0,0.0,0.0,0.0,0.0,0.0,0.0,0.0,0.0,1.0,0.0,0.0,False,Qwen/Qwen3-Coder-30B-A3B-Instruct-FP8,None
2416,Pie,Easy,0.29204249382019043,0.29204249382019043,1,0.0,0.0,0.0,0.0,0.0,0.0,0.0,0.0,0.0,0.0,1.0,0.0,0.0,False,Qwen/Qwen3-Coder-30B-A3B-Instruct-FP8,None
2422,Pie,Easy,0.25839555263519287,1.0335822105407715,4,0.0,0.0,0.0,0.0,0.0,0.0,0.0,0.0,0.0,0.0,1.0,0.0,0.0,False,Qwen/Qwen3-Coder-30B-A3B-Instruct-FP8,None
2422,Pie,Easy,0.25839555263519287,1.0335822105407715,4,0.0,0.0,0.0,0.0,0.0,0.0,0.0,0.0,0.0,0.0,1.0,0.0,0.0,False,Qwen/Qwen3-Coder-30B-A3B-Instruct-FP8,None
2422,Pie,Easy,0.25839555263519287,1.0335822105407715,4,0.0,0.0,0.0,0.0,0.0,0.0,0.0,0.0,0.0,0.0,1.0,0.0,0.0,False,Qwen/Qwen3-Coder-30B-A3B-Instruct-FP8,None
2428,Bar,Easy,0.2700952529907227,1.3504762649536133,5,0.0,0.0,0.0,0.0,0.0,0.0,0.0,0.0,0.0,0.0,1.0,0.0,0.0,False,Qwen/Qwen3-Coder-30B-A3B-Instruct-FP8,None
2428,Bar,Easy,0.2700952529907227,1.3504762649536133,5,0.0,0.0,0.0,0.0,0.0,0.0,0.0,0.0,0.0,0.0,1.0,0.0,0.0,False,Qwen/Qwen3-Coder-30B-A3B-Instruct-FP8,None
2428,Bar,Easy,0.2700952529907227,1.3504762649536133,5,0.0,0.0,0.0,0.0,0.0,0.0,0.0,0.0,0.0,0.0,1.0,0.0,0.0,False,Qwen/Qwen3-Coder-30B-A3B-Instruct-FP8,None
2429,Pie,Hard,0.5016236305236816,1.0032472610473633,2,0.0,0.0,0.0,0.0,0.0,0.0,0.0,0.0,0.0,0.0,1.0,0.0,0.0,True,Qwen/Qwen3-Coder-30B-A3B-Instruct-FP8,None
2429,Pie,Hard,0.5016236305236816,1.0032472610473633,2,0.0,0.0,0.0,0.0,0.0,0.0,0.0,0.0,0.0,0.0,1.0,0.0,0.0,True,Qwen/Qwen3-Coder-30B-A3B-Instruct-FP8,None
2429,Pie,Hard,0.5016236305236816,1.0032472610473633,2,0.0,0.0,0.0,0.0,0.0,0.0,0.0,0.0,0.0,0.0,1.0,0.0,0.0,True,Qwen/Qwen3-Coder-30B-A3B-Instruct-FP8,None
2432,Bar,Medium,0.397052526473999,0.794105052947998,2,0.0,0.0,0.0,0.0,0.0,0.0,0.0,0.0,0.0,0.0,1.0,0.0,0.0,True,Qwen/Qwen3-Coder-30B-A3B-Instruct-FP8,None
2432,Bar,Medium,0.397052526473999,0.794105052947998,2,0.0,0.0,0.0,0.0,0.0,0.0,0.0,0.0,0.0,0.0,1.0,0.0,0.0,True,Qwen/Qwen3-Coder-30B-A3B-Instruct-FP8,None
2432,Bar,Medium,0.397052526473999,0.794105052947998,2,0.0,0.0,0.0,0.0,0.0,0.0,0.0,0.0,0.0,0.0,1.0,0.0,0.0,True,Qwen/Qwen3-Coder-30B-A3B-Instruct-FP8,None
2437,Bar,Easy,0.3208448886871338,0.3208448886871338,1,0.0,0.0,0.0,0.0,1.0,0.0,0.0,0.0,0.0,1.0,0.0,,0.0,False,Qwen/Qwen3-Coder-30B-A3B-Instruct-FP8,None
2437,Bar,Easy,0.3208448886871338,0.3208448886871338,1,0.0,0.0,0.0,0.0,1.0,0.0,0.0,0.0,0.0,1.0,0.0,,0.0,False,Qwen/Qwen3-Coder-30B-A3B-Instruct-FP8,None
2437,Bar,Easy,0.3208448886871338,0.3208448886871338,1,0.0,0.0,0.0,0.0,1.0,0.0,0.0,0.0,0.0,1.0,0.0,,0.0,False,Qwen/Qwen3-Coder-30B-A3B-Instruct-FP8,None
2440,Pie,Easy,0.2803393602371216,1.1213574409484863,4,0.0,0.0,0.0,0.0,0.25,0.0,0.0,0.0,0.0,0.25,0.75,0.0,0.0,False,Qwen/Qwen3-Coder-30B-A3B-Instruct-FP8,None
2440,Pie,Easy,0.2803393602371216,1.1213574409484863,4,0.0,0.0,0.0,0.0,0.25,0.0,0.0,0.0,0.0,0.25,0.75,0.0,0.0,False,Qwen/Qwen3-Coder-30B-A3B-Instruct-FP8,None
2440,Pie,Easy,0.2803393602371216,1.1213574409484863,4,0.0,0.0,0.0,0.0,0.25,0.0,0.0,0.0,0.0,0.25,0.75,0.0,0.0,False,Qwen/Qwen3-Coder-30B-A3B-Instruct-FP8,None
2442,Pie,Medium,1.3456549644470215,5.382619857788086,4,0.0,0.0,0.0,0.0,0.5,0.0,0.0,0.0,0.0,0.5,0.5,0.0,0.0,True,Qwen/Qwen3-Coder-30B-A3B-Instruct-FP8,None
2442,Pie,Medium,1.3456549644470215,5.382619857788086,4,0.0,0.0,0.0,0.0,0.5,0.0,0.0,0.0,0.0,0.5,0.5,0.0,0.0,True,Qwen/Qwen3-Coder-30B-A3B-Instruct-FP8,None
2442,Pie,Medium,1.3456549644470215,5.382619857788086,4,0.0,0.0,0.0,0.0,0.5,0.0,0.0,0.0,0.0,0.5,0.5,0.0,0.0,True,Qwen/Qwen3-Coder-30B-A3B-Instruct-FP8,None
2457,Bar,Medium,0.48081286748250324,1.4424386024475098,3,0.0,0.0,0.0,0.0,0.0,0.0,0.0,0.0,0.0,0.0,1.0,0.0,0.0,True,Qwen/Qwen3-Coder-30B-A3B-Instruct-FP8,None
2457,Bar,Medium,0.48081286748250324,1.4424386024475098,3,0.0,0.0,0.0,0.0,0.0,0.0,0.0,0.0,0.0,0.0,1.0,0.0,0.0,True,Qwen/Qwen3-Coder-30B-A3B-Instruct-FP8,None
2457,Bar,Medium,0.48081286748250324,1.4424386024475098,3,0.0,0.0,0.0,0.0,0.0,0.0,0.0,0.0,0.0,0.0,1.0,0.0,0.0,True,Qwen/Qwen3-Coder-30B-A3B-Instruct-FP8,None
2464,Pie,Medium,0.30996227264404297,0.6199245452880859,2,0.0,0.0,0.0,0.0,0.0,0.0,0.0,0.0,0.0,0.0,1.0,0.0,0.0,False,Qwen/Qwen3-Coder-30B-A3B-Instruct-FP8,None
2464,Pie,Medium,0.30996227264404297,0.6199245452880859,2,0.0,0.0,0.0,0.0,0.0,0.0,0.0,0.0,0.0,0.0,1.0,0.0,0.0,False,Qwen/Qwen3-Coder-30B-A3B-Instruct-FP8,None
2464,Pie,Medium,0.30996227264404297,0.6199245452880859,2,0.0,0.0,0.0,0.0,0.0,0.0,0.0,0.0,0.0,0.0,1.0,0.0,0.0,False,Qwen/Qwen3-Coder-30B-A3B-Instruct-FP8,None
2466,Pie,Easy,0.2504824797312419,0.7514474391937256,3,0.0,0.0,0.0,0.0,0.0,0.0,0.0,0.0,0.0,0.0,1.0,0.0,0.0,False,Qwen/Qwen3-Coder-30B-A3B-Instruct-FP8,None
2466,Pie,Easy,0.2504824797312419,0.7514474391937256,3,0.0,0.0,0.0,0.0,0.0,0.0,0.0,0.0,0.0,0.0,1.0,0.0,0.0,False,Qwen/Qwen3-Coder-30B-A3B-Instruct-FP8,None
2466,Pie,Easy,0.2504824797312419,0.7514474391937256,3,0.0,0.0,0.0,0.0,0.0,0.0,0.0,0.0,0.0,0.0,1.0,0.0,0.0,False,Qwen/Qwen3-Coder-30B-A3B-Instruct-FP8,None
2471,Bar,Medium,5.066214323043823,5.066214323043823,1,0.0,0.0,0.0,0.0,1.0,0.0,0.0,0.0,0.0,1.0,0.0,,0.0,True,Qwen/Qwen3-Coder-30B-A3B-Instruct-FP8,None
2471,Bar,Medium,5.066214323043823,5.066214323043823,1,0.0,0.0,0.0,0.0,1.0,0.0,0.0,0.0,0.0,1.0,0.0,,0.0,True,Qwen/Qwen3-Coder-30B-A3B-Instruct-FP8,None
2471,Bar,Medium,5.066214323043823,5.066214323043823,1,0.0,0.0,0.0,0.0,1.0,0.0,0.0,0.0,0.0,1.0,0.0,,0.0,True,Qwen/Qwen3-Coder-30B-A3B-Instruct-FP8,None
2473,Bar,Easy,0.2832667487008231,1.9828672409057617,7,0.0,0.0,0.0,0.0,0.0,0.0,0.0,0.0,0.0,0.0,1.0,0.0,0.0,False,Qwen/Qwen3-Coder-30B-A3B-Instruct-FP8,None
2473,Bar,Easy,0.2832667487008231,1.9828672409057617,7,0.0,0.0,0.0,0.0,0.0,0.0,0.0,0.0,0.0,0.0,1.0,0.0,0.0,False,Qwen/Qwen3-Coder-30B-A3B-Instruct-FP8,None
2473,Bar,Easy,0.2832667487008231,1.9828672409057617,7,0.0,0.0,0.0,0.0,0.0,0.0,0.0,0.0,0.0,0.0,1.0,0.0,0.0,False,Qwen/Qwen3-Coder-30B-A3B-Instruct-FP8,None
2474,Pie,Medium,0.4596104621887207,0.4596104621887207,1,0.0,0.0,0.0,0.0,0.0,0.0,0.0,0.0,0.0,0.0,1.0,0.0,0.0,True,Qwen/Qwen3-Coder-30B-A3B-Instruct-FP8,None
2474,Pie,Medium,0.4596104621887207,0.4596104621887207,1,0.0,0.0,0.0,0.0,0.0,0.0,0.0,0.0,0.0,0.0,1.0,0.0,0.0,True,Qwen/Qwen3-Coder-30B-A3B-Instruct-FP8,None
2474,Pie,Medium,0.4596104621887207,0.4596104621887207,1,0.0,0.0,0.0,0.0,0.0,0.0,0.0,0.0,0.0,0.0,1.0,0.0,0.0,True,Qwen/Qwen3-Coder-30B-A3B-Instruct-FP8,None
2476,Bar,Medium,0.4945034980773926,0.9890069961547852,2,0.0,0.0,0.0,0.0,0.0,0.0,0.0,0.0,0.0,0.0,1.0,0.0,0.0,True,Qwen/Qwen3-Coder-30B-A3B-Instruct-FP8,None
2476,Bar,Medium,0.4945034980773926,0.9890069961547852,2,0.0,0.0,0.0,0.0,0.0,0.0,0.0,0.0,0.0,0.0,1.0,0.0,0.0,True,Qwen/Qwen3-Coder-30B-A3B-Instruct-FP8,None
2476,Bar,Medium,0.4945034980773926,0.9890069961547852,2,0.0,0.0,0.0,0.0,0.0,0.0,0.0,0.0,0.0,0.0,1.0,0.0,0.0,True,Qwen/Qwen3-Coder-30B-A3B-Instruct-FP8,None
2478,Pie,Medium,0.4361311197280884,0.8722622394561768,2,0.0,0.0,0.0,0.0,0.0,0.0,0.0,0.0,0.0,0.0,1.0,0.0,0.0,True,Qwen/Qwen3-Coder-30B-A3B-Instruct-FP8,None
2478,Pie,Medium,0.4361311197280884,0.8722622394561768,2,0.0,0.0,0.0,0.0,0.0,0.0,0.0,0.0,0.0,0.0,1.0,0.0,0.0,True,Qwen/Qwen3-Coder-30B-A3B-Instruct-FP8,None
2478,Pie,Medium,0.4361311197280884,0.8722622394561768,2,0.0,0.0,0.0,0.0,0.0,0.0,0.0,0.0,0.0,0.0,1.0,0.0,0.0,True,Qwen/Qwen3-Coder-30B-A3B-Instruct-FP8,None
2479,Grouping Scatter,Medium,0.6076974868774414,1.2153949737548828,2,0.0,0.0,0.0,0.0,0.0,0.0,0.0,0.0,0.0,0.0,1.0,0.0,0.0,True,Qwen/Qwen3-Coder-30B-A3B-Instruct-FP8,None
2479,Grouping Scatter,Medium,0.6076974868774414,1.2153949737548828,2,0.0,0.0,0.0,0.0,0.0,0.0,0.0,0.0,0.0,0.0,1.0,0.0,0.0,True,Qwen/Qwen3-Coder-30B-A3B-Instruct-FP8,None
2479,Grouping Scatter,Medium,0.6076974868774414,1.2153949737548828,2,0.0,0.0,0.0,0.0,0.0,0.0,0.0,0.0,0.0,0.0,1.0,0.0,0.0,True,Qwen/Qwen3-Coder-30B-A3B-Instruct-FP8,None
2483,Pie,Easy,0.2768460512161255,0.553692102432251,2,0.0,0.0,0.0,0.0,0.0,0.0,0.0,0.0,0.0,0.0,1.0,0.0,0.0,False,Qwen/Qwen3-Coder-30B-A3B-Instruct-FP8,None
2483,Pie,Easy,0.2768460512161255,0.553692102432251,2,0.0,0.0,0.0,0.0,0.0,0.0,0.0,0.0,0.0,0.0,1.0,0.0,0.0,False,Qwen/Qwen3-Coder-30B-A3B-Instruct-FP8,None
2483,Pie,Easy,0.2768460512161255,0.553692102432251,2,0.0,0.0,0.0,0.0,0.0,0.0,0.0,0.0,0.0,0.0,1.0,0.0,0.0,False,Qwen/Qwen3-Coder-30B-A3B-Instruct-FP8,None
2485,Pie,Easy,4.412660241127014,8.825320482254028,2,0.0,0.0,0.0,0.0,0.0,0.0,0.0,0.0,0.0,0.0,1.0,0.0,0.0,False,Qwen/Qwen3-Coder-30B-A3B-Instruct-FP8,None
2485,Pie,Easy,4.412660241127014,8.825320482254028,2,0.0,0.0,0.0,0.0,0.0,0.0,0.0,0.0,0.0,0.0,1.0,0.0,0.0,False,Qwen/Qwen3-Coder-30B-A3B-Instruct-FP8,None
2485,Pie,Easy,4.412660241127014,8.825320482254028,2,0.0,0.0,0.0,0.0,0.0,0.0,0.0,0.0,0.0,0.0,1.0,0.0,0.0,False,Qwen/Qwen3-Coder-30B-A3B-Instruct-FP8,None
2489,Pie,Easy,0.2868525981903076,0.8605577945709229,3,0.0,0.0,0.0,0.0,0.0,0.0,0.0,0.0,0.0,0.0,1.0,0.0,0.0,False,Qwen/Qwen3-Coder-30B-A3B-Instruct-FP8,None
2489,Pie,Easy,0.2868525981903076,0.8605577945709229,3,0.0,0.0,0.0,0.0,0.0,0.0,0.0,0.0,0.0,0.0,1.0,0.0,0.0,False,Qwen/Qwen3-Coder-30B-A3B-Instruct-FP8,None
2489,Pie,Easy,0.2868525981903076,0.8605577945709229,3,0.0,0.0,0.0,0.0,0.0,0.0,0.0,0.0,0.0,0.0,1.0,0.0,0.0,False,Qwen/Qwen3-Coder-30B-A3B-Instruct-FP8,None
2503,Bar,Easy,0.3598508494240897,2.518955945968628,7,0.0,0.0,0.0,0.0,0.0,0.0,0.0,0.0,0.0,0.0,1.0,0.0,0.0,False,Qwen/Qwen3-Coder-30B-A3B-Instruct-FP8,None
2503,Bar,Easy,0.3598508494240897,2.518955945968628,7,0.0,0.0,0.0,0.0,0.0,0.0,0.0,0.0,0.0,0.0,1.0,0.0,0.0,False,Qwen/Qwen3-Coder-30B-A3B-Instruct-FP8,None
2503,Bar,Easy,0.3598508494240897,2.518955945968628,7,0.0,0.0,0.0,0.0,0.0,0.0,0.0,0.0,0.0,0.0,1.0,0.0,0.0,False,Qwen/Qwen3-Coder-30B-A3B-Instruct-FP8,None
2506,Pie,Easy,0.26976855595906574,0.8093056678771973,3,0.0,0.0,0.0,0.0,1.0,0.0,0.0,0.0,0.0,1.0,0.0,,0.0,False,Qwen/Qwen3-Coder-30B-A3B-Instruct-FP8,None
2506,Pie,Easy,0.26976855595906574,0.8093056678771973,3,0.0,0.0,0.0,0.0,1.0,0.0,0.0,0.0,0.0,1.0,0.0,,0.0,False,Qwen/Qwen3-Coder-30B-A3B-Instruct-FP8,None
2506,Pie,Easy,0.26976855595906574,0.8093056678771973,3,0.0,0.0,0.0,0.0,1.0,0.0,0.0,0.0,0.0,1.0,0.0,,0.0,False,Qwen/Qwen3-Coder-30B-A3B-Instruct-FP8,None
2508,Pie,Medium,0.48512754440307615,2.425637722015381,5,0.0,0.0,0.0,0.0,0.2,0.0,0.0,0.0,0.0,0.2,0.8,0.0,0.0,True,Qwen/Qwen3-Coder-30B-A3B-Instruct-FP8,None
2508,Pie,Medium,0.48512754440307615,2.425637722015381,5,0.0,0.0,0.0,0.0,0.2,0.0,0.0,0.0,0.0,0.2,0.8,0.0,0.0,True,Qwen/Qwen3-Coder-30B-A3B-Instruct-FP8,None
2508,Pie,Medium,0.48512754440307615,2.425637722015381,5,0.0,0.0,0.0,0.0,0.2,0.0,0.0,0.0,0.0,0.2,0.8,0.0,0.0,True,Qwen/Qwen3-Coder-30B-A3B-Instruct-FP8,None
2512,Pie,Medium,0.45622460047403973,1.3686738014221191,3,0.0,0.0,0.0,0.0,0.3333333333333333,0.0,0.0,0.0,0.0,0.3333333333333333,0.6666666666666666,0.0,0.0,True,Qwen/Qwen3-Coder-30B-A3B-Instruct-FP8,None
2512,Pie,Medium,0.45622460047403973,1.3686738014221191,3,0.0,0.0,0.0,0.0,0.3333333333333333,0.0,0.0,0.0,0.0,0.3333333333333333,0.6666666666666666,0.0,0.0,True,Qwen/Qwen3-Coder-30B-A3B-Instruct-FP8,None
2512,Pie,Medium,0.45622460047403973,1.3686738014221191,3,0.0,0.0,0.0,0.0,0.3333333333333333,0.0,0.0,0.0,0.0,0.3333333333333333,0.6666666666666666,0.0,0.0,True,Qwen/Qwen3-Coder-30B-A3B-Instruct-FP8,None
2516,Pie,Medium,0.39794468879699707,0.7958893775939941,2,0.0,0.0,0.0,0.0,1.0,0.0,0.0,0.0,0.0,1.0,0.0,,0.0,False,Qwen/Qwen3-Coder-30B-A3B-Instruct-FP8,None
2516,Pie,Medium,0.39794468879699707,0.7958893775939941,2,0.0,0.0,0.0,0.0,1.0,0.0,0.0,0.0,0.0,1.0,0.0,,0.0,False,Qwen/Qwen3-Coder-30B-A3B-Instruct-FP8,None
2516,Pie,Medium,0.39794468879699707,0.7958893775939941,2,0.0,0.0,0.0,0.0,1.0,0.0,0.0,0.0,0.0,1.0,0.0,,0.0,False,Qwen/Qwen3-Coder-30B-A3B-Instruct-FP8,None
2526,Pie,Easy,0.28068649768829346,0.5613729953765869,2,0.0,0.0,0.0,0.0,1.0,0.0,0.0,0.0,0.0,1.0,0.0,,0.0,False,Qwen/Qwen3-Coder-30B-A3B-Instruct-FP8,None
2526,Pie,Easy,0.28068649768829346,0.5613729953765869,2,0.0,0.0,0.0,0.0,1.0,0.0,0.0,0.0,0.0,1.0,0.0,,0.0,False,Qwen/Qwen3-Coder-30B-A3B-Instruct-FP8,None
2526,Pie,Easy,0.28068649768829346,0.5613729953765869,2,0.0,0.0,0.0,0.0,1.0,0.0,0.0,0.0,0.0,1.0,0.0,,0.0,False,Qwen/Qwen3-Coder-30B-A3B-Instruct-FP8,None
2536,Pie,Hard,4.932662487030029,9.865324974060059,2,0.0,0.0,0.0,0.0,1.0,0.0,0.0,0.0,0.0,1.0,0.0,,0.0,True,Qwen/Qwen3-Coder-30B-A3B-Instruct-FP8,None
2536,Pie,Hard,4.932662487030029,9.865324974060059,2,0.0,0.0,0.0,0.0,1.0,0.0,0.0,0.0,0.0,1.0,0.0,,0.0,True,Qwen/Qwen3-Coder-30B-A3B-Instruct-FP8,None
2536,Pie,Hard,4.932662487030029,9.865324974060059,2,0.0,0.0,0.0,0.0,1.0,0.0,0.0,0.0,0.0,1.0,0.0,,0.0,True,Qwen/Qwen3-Coder-30B-A3B-Instruct-FP8,None
2543,Pie,Easy,0.27982139587402344,0.27982139587402344,1,0.0,0.0,0.0,0.0,0.0,0.0,0.0,0.0,0.0,0.0,1.0,0.0,0.0,False,Qwen/Qwen3-Coder-30B-A3B-Instruct-FP8,None
2543,Pie,Easy,0.27982139587402344,0.27982139587402344,1,0.0,0.0,0.0,0.0,0.0,0.0,0.0,0.0,0.0,0.0,1.0,0.0,0.0,False,Qwen/Qwen3-Coder-30B-A3B-Instruct-FP8,None
2543,Pie,Easy,0.27982139587402344,0.27982139587402344,1,0.0,0.0,0.0,0.0,0.0,0.0,0.0,0.0,0.0,0.0,1.0,0.0,0.0,False,Qwen/Qwen3-Coder-30B-A3B-Instruct-FP8,None
2548,Scatter,Easy,0.34787440299987793,0.6957488059997559,2,0.0,0.0,0.0,0.0,0.0,0.0,0.0,0.0,0.0,0.0,1.0,0.0,0.0,False,Qwen/Qwen3-Coder-30B-A3B-Instruct-FP8,None
2548,Scatter,Easy,0.34787440299987793,0.6957488059997559,2,0.0,0.0,0.0,0.0,0.0,0.0,0.0,0.0,0.0,0.0,1.0,0.0,0.0,False,Qwen/Qwen3-Coder-30B-A3B-Instruct-FP8,None
2548,Scatter,Easy,0.34787440299987793,0.6957488059997559,2,0.0,0.0,0.0,0.0,0.0,0.0,0.0,0.0,0.0,0.0,1.0,0.0,0.0,False,Qwen/Qwen3-Coder-30B-A3B-Instruct-FP8,None
2549,Pie,Easy,0.27459466457366943,0.5491893291473389,2,0.0,0.0,0.0,0.0,0.0,0.0,0.0,0.0,0.0,0.0,1.0,0.0,0.0,False,Qwen/Qwen3-Coder-30B-A3B-Instruct-FP8,None
2549,Pie,Easy,0.27459466457366943,0.5491893291473389,2,0.0,0.0,0.0,0.0,0.0,0.0,0.0,0.0,0.0,0.0,1.0,0.0,0.0,False,Qwen/Qwen3-Coder-30B-A3B-Instruct-FP8,None
2549,Pie,Easy,0.27459466457366943,0.5491893291473389,2,0.0,0.0,0.0,0.0,0.0,0.0,0.0,0.0,0.0,0.0,1.0,0.0,0.0,False,Qwen/Qwen3-Coder-30B-A3B-Instruct-FP8,None
2550,Grouping Scatter,Easy,0.5627606709798177,1.6882820129394531,3,0.0,0.0,0.0,0.0,0.0,0.0,0.0,0.0,0.0,0.0,1.0,0.0,0.0,False,Qwen/Qwen3-Coder-30B-A3B-Instruct-FP8,None
2550,Grouping Scatter,Easy,0.5627606709798177,1.6882820129394531,3,0.0,0.0,0.0,0.0,0.0,0.0,0.0,0.0,0.0,0.0,1.0,0.0,0.0,False,Qwen/Qwen3-Coder-30B-A3B-Instruct-FP8,None
2550,Grouping Scatter,Easy,0.5627606709798177,1.6882820129394531,3,0.0,0.0,0.0,0.0,0.0,0.0,0.0,0.0,0.0,0.0,1.0,0.0,0.0,False,Qwen/Qwen3-Coder-30B-A3B-Instruct-FP8,None
2564,Pie,Hard,0.5188870429992676,0.5188870429992676,1,0.0,0.0,0.0,0.0,0.0,0.0,0.0,0.0,0.0,0.0,1.0,0.0,0.0,True,Qwen/Qwen3-Coder-30B-A3B-Instruct-FP8,None
2564,Pie,Hard,0.5188870429992676,0.5188870429992676,1,0.0,0.0,0.0,0.0,0.0,0.0,0.0,0.0,0.0,0.0,1.0,0.0,0.0,True,Qwen/Qwen3-Coder-30B-A3B-Instruct-FP8,None
2564,Pie,Hard,0.5188870429992676,0.5188870429992676,1,0.0,0.0,0.0,0.0,0.0,0.0,0.0,0.0,0.0,0.0,1.0,0.0,0.0,True,Qwen/Qwen3-Coder-30B-A3B-Instruct-FP8,None
2567,Pie,Easy,0.27659034729003906,0.27659034729003906,1,0.0,0.0,0.0,0.0,0.0,0.0,0.0,0.0,0.0,0.0,1.0,0.0,0.0,False,Qwen/Qwen3-Coder-30B-A3B-Instruct-FP8,None
2567,Pie,Easy,0.27659034729003906,0.27659034729003906,1,0.0,0.0,0.0,0.0,0.0,0.0,0.0,0.0,0.0,0.0,1.0,0.0,0.0,False,Qwen/Qwen3-Coder-30B-A3B-Instruct-FP8,None
2567,Pie,Easy,0.27659034729003906,0.27659034729003906,1,0.0,0.0,0.0,0.0,0.0,0.0,0.0,0.0,0.0,0.0,1.0,0.0,0.0,False,Qwen/Qwen3-Coder-30B-A3B-Instruct-FP8,None
2568,Bar,Easy,0.27703317006429035,0.8310995101928711,3,0.0,0.0,0.0,0.0,0.0,0.0,0.0,0.0,0.0,0.0,1.0,0.0,0.0,False,Qwen/Qwen3-Coder-30B-A3B-Instruct-FP8,None
2568,Bar,Easy,0.27703317006429035,0.8310995101928711,3,0.0,0.0,0.0,0.0,0.0,0.0,0.0,0.0,0.0,0.0,1.0,0.0,0.0,False,Qwen/Qwen3-Coder-30B-A3B-Instruct-FP8,None
2568,Bar,Easy,0.27703317006429035,0.8310995101928711,3,0.0,0.0,0.0,0.0,0.0,0.0,0.0,0.0,0.0,0.0,1.0,0.0,0.0,False,Qwen/Qwen3-Coder-30B-A3B-Instruct-FP8,None
2569,Bar,Easy,0.2854012648264567,0.8562037944793701,3,0.0,0.0,0.0,0.0,0.0,0.0,0.0,0.0,0.0,0.0,1.0,0.0,0.0,False,Qwen/Qwen3-Coder-30B-A3B-Instruct-FP8,None
2569,Bar,Easy,0.2854012648264567,0.8562037944793701,3,0.0,0.0,0.0,0.0,0.0,0.0,0.0,0.0,0.0,0.0,1.0,0.0,0.0,False,Qwen/Qwen3-Coder-30B-A3B-Instruct-FP8,None
2569,Bar,Easy,0.2854012648264567,0.8562037944793701,3,0.0,0.0,0.0,0.0,0.0,0.0,0.0,0.0,0.0,0.0,1.0,0.0,0.0,False,Qwen/Qwen3-Coder-30B-A3B-Instruct-FP8,None
2570,Pie,Easy,0.2754415273666382,0.5508830547332764,2,0.0,0.0,0.0,0.0,0.0,0.0,0.0,0.0,0.0,0.0,1.0,0.0,0.0,False,Qwen/Qwen3-Coder-30B-A3B-Instruct-FP8,None
2570,Pie,Easy,0.2754415273666382,0.5508830547332764,2,0.0,0.0,0.0,0.0,0.0,0.0,0.0,0.0,0.0,0.0,1.0,0.0,0.0,False,Qwen/Qwen3-Coder-30B-A3B-Instruct-FP8,None
2570,Pie,Easy,0.2754415273666382,0.5508830547332764,2,0.0,0.0,0.0,0.0,0.0,0.0,0.0,0.0,0.0,0.0,1.0,0.0,0.0,False,Qwen/Qwen3-Coder-30B-A3B-Instruct-FP8,None
2571,Pie,Easy,0.26229286193847656,0.26229286193847656,1,0.0,0.0,0.0,0.0,0.0,0.0,0.0,0.0,0.0,0.0,1.0,0.0,0.0,False,Qwen/Qwen3-Coder-30B-A3B-Instruct-FP8,None
2571,Pie,Easy,0.26229286193847656,0.26229286193847656,1,0.0,0.0,0.0,0.0,0.0,0.0,0.0,0.0,0.0,0.0,1.0,0.0,0.0,False,Qwen/Qwen3-Coder-30B-A3B-Instruct-FP8,None
2571,Pie,Easy,0.26229286193847656,0.26229286193847656,1,0.0,0.0,0.0,0.0,0.0,0.0,0.0,0.0,0.0,0.0,1.0,0.0,0.0,False,Qwen/Qwen3-Coder-30B-A3B-Instruct-FP8,None
2576,Pie,Medium,0.44048285484313965,0.44048285484313965,1,0.0,0.0,0.0,0.0,0.0,0.0,0.0,0.0,0.0,0.0,1.0,0.0,0.0,True,Qwen/Qwen3-Coder-30B-A3B-Instruct-FP8,None
2576,Pie,Medium,0.44048285484313965,0.44048285484313965,1,0.0,0.0,0.0,0.0,0.0,0.0,0.0,0.0,0.0,0.0,1.0,0.0,0.0,True,Qwen/Qwen3-Coder-30B-A3B-Instruct-FP8,None
2576,Pie,Medium,0.44048285484313965,0.44048285484313965,1,0.0,0.0,0.0,0.0,0.0,0.0,0.0,0.0,0.0,0.0,1.0,0.0,0.0,True,Qwen/Qwen3-Coder-30B-A3B-Instruct-FP8,None
2578,Bar,Hard,4.6803624629974365,4.6803624629974365,1,0.0,0.0,0.0,0.0,1.0,0.0,0.0,0.0,0.0,1.0,0.0,,0.0,True,Qwen/Qwen3-Coder-30B-A3B-Instruct-FP8,None
2578,Bar,Hard,4.6803624629974365,4.6803624629974365,1,0.0,0.0,0.0,0.0,1.0,0.0,0.0,0.0,0.0,1.0,0.0,,0.0,True,Qwen/Qwen3-Coder-30B-A3B-Instruct-FP8,None
2578,Bar,Hard,4.6803624629974365,4.6803624629974365,1,0.0,0.0,0.0,0.0,1.0,0.0,0.0,0.0,0.0,1.0,0.0,,0.0,True,Qwen/Qwen3-Coder-30B-A3B-Instruct-FP8,None
2579,Pie,Medium,0.3268609046936035,0.3268609046936035,1,0.0,0.0,0.0,0.0,1.0,0.0,0.0,0.0,0.0,1.0,0.0,,0.0,True,Qwen/Qwen3-Coder-30B-A3B-Instruct-FP8,None
2579,Pie,Medium,0.3268609046936035,0.3268609046936035,1,0.0,0.0,0.0,0.0,1.0,0.0,0.0,0.0,0.0,1.0,0.0,,0.0,True,Qwen/Qwen3-Coder-30B-A3B-Instruct-FP8,None
2579,Pie,Medium,0.3268609046936035,0.3268609046936035,1,0.0,0.0,0.0,0.0,1.0,0.0,0.0,0.0,0.0,1.0,0.0,,0.0,True,Qwen/Qwen3-Coder-30B-A3B-Instruct-FP8,None
2593,Pie,Easy,0.28000036875406903,0.840001106262207,3,0.0,0.0,0.0,0.0,0.0,0.0,0.0,0.0,0.0,0.0,1.0,0.0,0.0,False,Qwen/Qwen3-Coder-30B-A3B-Instruct-FP8,None
2593,Pie,Easy,0.28000036875406903,0.840001106262207,3,0.0,0.0,0.0,0.0,0.0,0.0,0.0,0.0,0.0,0.0,1.0,0.0,0.0,False,Qwen/Qwen3-Coder-30B-A3B-Instruct-FP8,None
2593,Pie,Easy,0.28000036875406903,0.840001106262207,3,0.0,0.0,0.0,0.0,0.0,0.0,0.0,0.0,0.0,0.0,1.0,0.0,0.0,False,Qwen/Qwen3-Coder-30B-A3B-Instruct-FP8,None
2595,Pie,Hard,0.5746140480041504,0.5746140480041504,1,0.0,0.0,0.0,0.0,0.0,0.0,0.0,0.0,0.0,0.0,1.0,0.0,0.0,True,Qwen/Qwen3-Coder-30B-A3B-Instruct-FP8,None
2595,Pie,Hard,0.5746140480041504,0.5746140480041504,1,0.0,0.0,0.0,0.0,0.0,0.0,0.0,0.0,0.0,0.0,1.0,0.0,0.0,True,Qwen/Qwen3-Coder-30B-A3B-Instruct-FP8,None
2595,Pie,Hard,0.5746140480041504,0.5746140480041504,1,0.0,0.0,0.0,0.0,0.0,0.0,0.0,0.0,0.0,0.0,1.0,0.0,0.0,True,Qwen/Qwen3-Coder-30B-A3B-Instruct-FP8,None
2604,Pie,Easy,0.3590230941772461,0.3590230941772461,1,0.0,0.0,0.0,0.0,0.0,0.0,0.0,0.0,0.0,0.0,1.0,0.0,0.0,False,Qwen/Qwen3-Coder-30B-A3B-Instruct-FP8,None
2604,Pie,Easy,0.3590230941772461,0.3590230941772461,1,0.0,0.0,0.0,0.0,0.0,0.0,0.0,0.0,0.0,0.0,1.0,0.0,0.0,False,Qwen/Qwen3-Coder-30B-A3B-Instruct-FP8,None
2604,Pie,Easy,0.3590230941772461,0.3590230941772461,1,0.0,0.0,0.0,0.0,0.0,0.0,0.0,0.0,0.0,0.0,1.0,0.0,0.0,False,Qwen/Qwen3-Coder-30B-A3B-Instruct-FP8,None
2605,Bar,Easy,6.332346081733704,12.664692163467407,2,0.5,0.0,0.0,0.0,0.0,0.0,0.0,0.0,0.5,0.0,0.5,0.0,0.0,False,Qwen/Qwen3-Coder-30B-A3B-Instruct-FP8,None
2605,Bar,Easy,6.332346081733704,12.664692163467407,2,0.5,0.0,0.0,0.0,0.0,0.0,0.0,0.0,0.5,0.0,0.5,0.0,0.0,False,Qwen/Qwen3-Coder-30B-A3B-Instruct-FP8,None
2605,Bar,Easy,6.332346081733704,12.664692163467407,2,0.5,0.0,0.0,0.0,0.0,0.0,0.0,0.0,0.5,0.0,0.5,0.0,0.0,False,Qwen/Qwen3-Coder-30B-A3B-Instruct-FP8,None
2606,Pie,Easy,0.36181847254435223,1.0854554176330566,3,0.0,0.0,0.0,0.0,0.0,0.0,0.0,0.0,0.0,0.0,1.0,0.0,0.0,False,Qwen/Qwen3-Coder-30B-A3B-Instruct-FP8,None
2606,Pie,Easy,0.36181847254435223,1.0854554176330566,3,0.0,0.0,0.0,0.0,0.0,0.0,0.0,0.0,0.0,0.0,1.0,0.0,0.0,False,Qwen/Qwen3-Coder-30B-A3B-Instruct-FP8,None
2606,Pie,Easy,0.36181847254435223,1.0854554176330566,3,0.0,0.0,0.0,0.0,0.0,0.0,0.0,0.0,0.0,0.0,1.0,0.0,0.0,False,Qwen/Qwen3-Coder-30B-A3B-Instruct-FP8,None
2615,Bar,Hard,0.5473945140838623,0.5473945140838623,1,0.0,0.0,0.0,0.0,0.0,0.0,0.0,0.0,0.0,0.0,1.0,0.0,0.0,False,Qwen/Qwen3-Coder-30B-A3B-Instruct-FP8,None
2615,Bar,Hard,0.5473945140838623,0.5473945140838623,1,0.0,0.0,0.0,0.0,0.0,0.0,0.0,0.0,0.0,0.0,1.0,0.0,0.0,False,Qwen/Qwen3-Coder-30B-A3B-Instruct-FP8,None
2615,Bar,Hard,0.5473945140838623,0.5473945140838623,1,0.0,0.0,0.0,0.0,0.0,0.0,0.0,0.0,0.0,0.0,1.0,0.0,0.0,False,Qwen/Qwen3-Coder-30B-A3B-Instruct-FP8,None
2617,Line,Hard,0.5777537822723389,0.5777537822723389,1,0.0,0.0,0.0,0.0,0.0,0.0,0.0,0.0,0.0,0.0,1.0,0.0,0.0,False,Qwen/Qwen3-Coder-30B-A3B-Instruct-FP8,None
2617,Line,Hard,0.5777537822723389,0.5777537822723389,1,0.0,0.0,0.0,0.0,0.0,0.0,0.0,0.0,0.0,0.0,1.0,0.0,0.0,False,Qwen/Qwen3-Coder-30B-A3B-Instruct-FP8,None
2617,Line,Hard,0.5777537822723389,0.5777537822723389,1,0.0,0.0,0.0,0.0,0.0,0.0,0.0,0.0,0.0,0.0,1.0,0.0,0.0,False,Qwen/Qwen3-Coder-30B-A3B-Instruct-FP8,None
2620,Pie,Extra Hard,0.5551693439483643,2.220677375793457,4,0.0,0.0,0.0,0.0,0.0,0.0,0.0,0.0,0.0,0.0,1.0,0.0,0.0,True,Qwen/Qwen3-Coder-30B-A3B-Instruct-FP8,None
2620,Pie,Extra Hard,0.5551693439483643,2.220677375793457,4,0.0,0.0,0.0,0.0,0.0,0.0,0.0,0.0,0.0,0.0,1.0,0.0,0.0,True,Qwen/Qwen3-Coder-30B-A3B-Instruct-FP8,None
2620,Pie,Extra Hard,0.5551693439483643,2.220677375793457,4,0.0,0.0,0.0,0.0,0.0,0.0,0.0,0.0,0.0,0.0,1.0,0.0,0.0,True,Qwen/Qwen3-Coder-30B-A3B-Instruct-FP8,None
2622,Pie,Easy,0.3282378911972046,0.6564757823944092,2,0.0,0.0,0.0,0.0,0.0,0.0,0.0,0.0,0.0,0.0,1.0,0.0,0.0,False,Qwen/Qwen3-Coder-30B-A3B-Instruct-FP8,None
2622,Pie,Easy,0.3282378911972046,0.6564757823944092,2,0.0,0.0,0.0,0.0,0.0,0.0,0.0,0.0,0.0,0.0,1.0,0.0,0.0,False,Qwen/Qwen3-Coder-30B-A3B-Instruct-FP8,None
2622,Pie,Easy,0.3282378911972046,0.6564757823944092,2,0.0,0.0,0.0,0.0,0.0,0.0,0.0,0.0,0.0,0.0,1.0,0.0,0.0,False,Qwen/Qwen3-Coder-30B-A3B-Instruct-FP8,None
2624,Pie,Easy,0.3009004592895508,1.2036018371582031,4,0.0,0.0,0.0,0.0,0.0,0.0,0.0,0.0,0.0,0.0,1.0,0.0,0.0,False,Qwen/Qwen3-Coder-30B-A3B-Instruct-FP8,None
2624,Pie,Easy,0.3009004592895508,1.2036018371582031,4,0.0,0.0,0.0,0.0,0.0,0.0,0.0,0.0,0.0,0.0,1.0,0.0,0.0,False,Qwen/Qwen3-Coder-30B-A3B-Instruct-FP8,None
2624,Pie,Easy,0.3009004592895508,1.2036018371582031,4,0.0,0.0,0.0,0.0,0.0,0.0,0.0,0.0,0.0,0.0,1.0,0.0,0.0,False,Qwen/Qwen3-Coder-30B-A3B-Instruct-FP8,None
2630,Pie,Easy,0.28186972935994464,0.845609188079834,3,0.0,0.0,0.0,0.0,0.0,0.0,0.0,0.0,0.0,0.0,1.0,0.0,0.0,False,Qwen/Qwen3-Coder-30B-A3B-Instruct-FP8,None
2630,Pie,Easy,0.28186972935994464,0.845609188079834,3,0.0,0.0,0.0,0.0,0.0,0.0,0.0,0.0,0.0,0.0,1.0,0.0,0.0,False,Qwen/Qwen3-Coder-30B-A3B-Instruct-FP8,None
2630,Pie,Easy,0.28186972935994464,0.845609188079834,3,0.0,0.0,0.0,0.0,0.0,0.0,0.0,0.0,0.0,0.0,1.0,0.0,0.0,False,Qwen/Qwen3-Coder-30B-A3B-Instruct-FP8,None
2631,Bar,Easy,0.3003184000651042,0.9009552001953125,3,0.0,0.0,0.0,0.0,0.0,0.0,0.0,0.0,0.0,0.0,1.0,0.0,0.0,False,Qwen/Qwen3-Coder-30B-A3B-Instruct-FP8,None
2631,Bar,Easy,0.3003184000651042,0.9009552001953125,3,0.0,0.0,0.0,0.0,0.0,0.0,0.0,0.0,0.0,0.0,1.0,0.0,0.0,False,Qwen/Qwen3-Coder-30B-A3B-Instruct-FP8,None
2631,Bar,Easy,0.3003184000651042,0.9009552001953125,3,0.0,0.0,0.0,0.0,0.0,0.0,0.0,0.0,0.0,0.0,1.0,0.0,0.0,False,Qwen/Qwen3-Coder-30B-A3B-Instruct-FP8,None
2633,Scatter,Medium,3.875467300415039,3.875467300415039,1,0.0,0.0,0.0,0.0,0.0,0.0,0.0,0.0,0.0,0.0,1.0,0.0,0.0,False,Qwen/Qwen3-Coder-30B-A3B-Instruct-FP8,None
2633,Scatter,Medium,3.875467300415039,3.875467300415039,1,0.0,0.0,0.0,0.0,0.0,0.0,0.0,0.0,0.0,0.0,1.0,0.0,0.0,False,Qwen/Qwen3-Coder-30B-A3B-Instruct-FP8,None
2633,Scatter,Medium,3.875467300415039,3.875467300415039,1,0.0,0.0,0.0,0.0,0.0,0.0,0.0,0.0,0.0,0.0,1.0,0.0,0.0,False,Qwen/Qwen3-Coder-30B-A3B-Instruct-FP8,None
2634,Grouping Scatter,Medium,0.38408923149108887,0.38408923149108887,1,0.0,0.0,0.0,0.0,0.0,0.0,0.0,0.0,0.0,0.0,1.0,0.0,0.0,False,Qwen/Qwen3-Coder-30B-A3B-Instruct-FP8,None
2634,Grouping Scatter,Medium,0.38408923149108887,0.38408923149108887,1,0.0,0.0,0.0,0.0,0.0,0.0,0.0,0.0,0.0,0.0,1.0,0.0,0.0,False,Qwen/Qwen3-Coder-30B-A3B-Instruct-FP8,None
2634,Grouping Scatter,Medium,0.38408923149108887,0.38408923149108887,1,0.0,0.0,0.0,0.0,0.0,0.0,0.0,0.0,0.0,0.0,1.0,0.0,0.0,False,Qwen/Qwen3-Coder-30B-A3B-Instruct-FP8,None
2635,Pie,Medium,0.6705539226531982,0.6705539226531982,1,0.0,0.0,0.0,0.0,0.0,0.0,0.0,0.0,0.0,0.0,1.0,0.0,0.0,True,Qwen/Qwen3-Coder-30B-A3B-Instruct-FP8,None
2635,Pie,Medium,0.6705539226531982,0.6705539226531982,1,0.0,0.0,0.0,0.0,0.0,0.0,0.0,0.0,0.0,0.0,1.0,0.0,0.0,True,Qwen/Qwen3-Coder-30B-A3B-Instruct-FP8,None
2635,Pie,Medium,0.6705539226531982,0.6705539226531982,1,0.0,0.0,0.0,0.0,0.0,0.0,0.0,0.0,0.0,0.0,1.0,0.0,0.0,True,Qwen/Qwen3-Coder-30B-A3B-Instruct-FP8,None
2637,Bar,Easy,0.2790600061416626,0.5581200122833252,2,0.0,0.0,0.0,0.0,0.0,0.0,0.0,0.0,0.0,0.0,1.0,0.0,0.0,False,Qwen/Qwen3-Coder-30B-A3B-Instruct-FP8,None
2637,Bar,Easy,0.2790600061416626,0.5581200122833252,2,0.0,0.0,0.0,0.0,0.0,0.0,0.0,0.0,0.0,0.0,1.0,0.0,0.0,False,Qwen/Qwen3-Coder-30B-A3B-Instruct-FP8,None
2637,Bar,Easy,0.2790600061416626,0.5581200122833252,2,0.0,0.0,0.0,0.0,0.0,0.0,0.0,0.0,0.0,0.0,1.0,0.0,0.0,False,Qwen/Qwen3-Coder-30B-A3B-Instruct-FP8,None
2638,Bar,Easy,0.38514482975006104,0.7702896595001221,2,0.0,0.0,0.0,0.0,0.5,0.0,0.0,0.0,0.0,0.5,0.5,0.0,0.0,False,Qwen/Qwen3-Coder-30B-A3B-Instruct-FP8,None
2638,Bar,Easy,0.38514482975006104,0.7702896595001221,2,0.0,0.0,0.0,0.0,0.5,0.0,0.0,0.0,0.0,0.5,0.5,0.0,0.0,False,Qwen/Qwen3-Coder-30B-A3B-Instruct-FP8,None
2638,Bar,Easy,0.38514482975006104,0.7702896595001221,2,0.0,0.0,0.0,0.0,0.5,0.0,0.0,0.0,0.0,0.5,0.5,0.0,0.0,False,Qwen/Qwen3-Coder-30B-A3B-Instruct-FP8,None
2640,Bar,Medium,0.48653721809387207,0.48653721809387207,1,0.0,0.0,0.0,0.0,0.0,0.0,0.0,0.0,0.0,0.0,1.0,0.0,0.0,True,Qwen/Qwen3-Coder-30B-A3B-Instruct-FP8,None
2640,Bar,Medium,0.48653721809387207,0.48653721809387207,1,0.0,0.0,0.0,0.0,0.0,0.0,0.0,0.0,0.0,0.0,1.0,0.0,0.0,True,Qwen/Qwen3-Coder-30B-A3B-Instruct-FP8,None
2640,Bar,Medium,0.48653721809387207,0.48653721809387207,1,0.0,0.0,0.0,0.0,0.0,0.0,0.0,0.0,0.0,0.0,1.0,0.0,0.0,True,Qwen/Qwen3-Coder-30B-A3B-Instruct-FP8,None
2641,Bar,Medium,0.45818328857421875,2.2909164428710938,5,0.0,0.0,0.0,0.0,0.0,0.0,0.0,0.0,0.0,0.0,1.0,0.0,0.0,True,Qwen/Qwen3-Coder-30B-A3B-Instruct-FP8,None
2641,Bar,Medium,0.45818328857421875,2.2909164428710938,5,0.0,0.0,0.0,0.0,0.0,0.0,0.0,0.0,0.0,0.0,1.0,0.0,0.0,True,Qwen/Qwen3-Coder-30B-A3B-Instruct-FP8,None
2641,Bar,Medium,0.45818328857421875,2.2909164428710938,5,0.0,0.0,0.0,0.0,0.0,0.0,0.0,0.0,0.0,0.0,1.0,0.0,0.0,True,Qwen/Qwen3-Coder-30B-A3B-Instruct-FP8,None
2642,Pie,Easy,0.24141967296600342,0.48283934593200684,2,0.0,0.0,0.0,0.0,0.0,0.0,0.0,0.0,0.0,0.0,1.0,0.0,0.0,False,Qwen/Qwen3-Coder-30B-A3B-Instruct-FP8,None
2642,Pie,Easy,0.24141967296600342,0.48283934593200684,2,0.0,0.0,0.0,0.0,0.0,0.0,0.0,0.0,0.0,0.0,1.0,0.0,0.0,False,Qwen/Qwen3-Coder-30B-A3B-Instruct-FP8,None
2642,Pie,Easy,0.24141967296600342,0.48283934593200684,2,0.0,0.0,0.0,0.0,0.0,0.0,0.0,0.0,0.0,0.0,1.0,0.0,0.0,False,Qwen/Qwen3-Coder-30B-A3B-Instruct-FP8,None
2645,Pie,Easy,0.30197441577911377,0.6039488315582275,2,0.0,0.0,0.0,0.0,0.0,0.0,0.0,0.0,0.0,0.0,1.0,0.0,0.0,False,Qwen/Qwen3-Coder-30B-A3B-Instruct-FP8,None
2645,Pie,Easy,0.30197441577911377,0.6039488315582275,2,0.0,0.0,0.0,0.0,0.0,0.0,0.0,0.0,0.0,0.0,1.0,0.0,0.0,False,Qwen/Qwen3-Coder-30B-A3B-Instruct-FP8,None
2645,Pie,Easy,0.30197441577911377,0.6039488315582275,2,0.0,0.0,0.0,0.0,0.0,0.0,0.0,0.0,0.0,0.0,1.0,0.0,0.0,False,Qwen/Qwen3-Coder-30B-A3B-Instruct-FP8,None
2646,Bar,Medium,0.4062548279762268,1.6250193119049072,4,0.0,0.0,0.0,0.0,0.0,0.0,0.0,0.0,0.0,0.0,1.0,0.0,0.0,False,Qwen/Qwen3-Coder-30B-A3B-Instruct-FP8,None
2646,Bar,Medium,0.4062548279762268,1.6250193119049072,4,0.0,0.0,0.0,0.0,0.0,0.0,0.0,0.0,0.0,0.0,1.0,0.0,0.0,False,Qwen/Qwen3-Coder-30B-A3B-Instruct-FP8,None
2646,Bar,Medium,0.4062548279762268,1.6250193119049072,4,0.0,0.0,0.0,0.0,0.0,0.0,0.0,0.0,0.0,0.0,1.0,0.0,0.0,False,Qwen/Qwen3-Coder-30B-A3B-Instruct-FP8,None
2652,Bar,Medium,0.3776588439941406,0.7553176879882812,2,0.0,0.0,0.0,0.0,0.0,1.0,0.0,0.0,0.0,1.0,0.0,,0.0,False,Qwen/Qwen3-Coder-30B-A3B-Instruct-FP8,None
2652,Bar,Medium,0.3776588439941406,0.7553176879882812,2,0.0,0.0,0.0,0.0,0.0,1.0,0.0,0.0,0.0,1.0,0.0,,0.0,False,Qwen/Qwen3-Coder-30B-A3B-Instruct-FP8,None
2652,Bar,Medium,0.3776588439941406,0.7553176879882812,2,0.0,0.0,0.0,0.0,0.0,1.0,0.0,0.0,0.0,1.0,0.0,,0.0,False,Qwen/Qwen3-Coder-30B-A3B-Instruct-FP8,None
2656,Pie,Hard,0.36289215087890625,0.7257843017578125,2,0.0,0.0,0.0,0.0,0.0,0.0,0.0,0.0,0.0,0.0,1.0,0.0,0.0,False,Qwen/Qwen3-Coder-30B-A3B-Instruct-FP8,None
2656,Pie,Hard,0.36289215087890625,0.7257843017578125,2,0.0,0.0,0.0,0.0,0.0,0.0,0.0,0.0,0.0,0.0,1.0,0.0,0.0,False,Qwen/Qwen3-Coder-30B-A3B-Instruct-FP8,None
2656,Pie,Hard,0.36289215087890625,0.7257843017578125,2,0.0,0.0,0.0,0.0,0.0,0.0,0.0,0.0,0.0,0.0,1.0,0.0,0.0,False,Qwen/Qwen3-Coder-30B-A3B-Instruct-FP8,None
2657,Bar,Hard,0.3795813322067261,0.7591626644134521,2,0.0,0.0,0.0,0.0,0.0,0.0,0.0,0.0,0.0,0.0,1.0,0.0,0.0,False,Qwen/Qwen3-Coder-30B-A3B-Instruct-FP8,None
2657,Bar,Hard,0.3795813322067261,0.7591626644134521,2,0.0,0.0,0.0,0.0,0.0,0.0,0.0,0.0,0.0,0.0,1.0,0.0,0.0,False,Qwen/Qwen3-Coder-30B-A3B-Instruct-FP8,None
2657,Bar,Hard,0.3795813322067261,0.7591626644134521,2,0.0,0.0,0.0,0.0,0.0,0.0,0.0,0.0,0.0,0.0,1.0,0.0,0.0,False,Qwen/Qwen3-Coder-30B-A3B-Instruct-FP8,None
2693,Pie,Medium,0.2983025312423706,0.5966050624847412,2,0.0,0.0,0.0,0.0,1.0,0.0,0.0,0.0,0.0,1.0,0.0,,0.0,True,Qwen/Qwen3-Coder-30B-A3B-Instruct-FP8,None
2693,Pie,Medium,0.2983025312423706,0.5966050624847412,2,0.0,0.0,0.0,0.0,1.0,0.0,0.0,0.0,0.0,1.0,0.0,,0.0,True,Qwen/Qwen3-Coder-30B-A3B-Instruct-FP8,None
2693,Pie,Medium,0.2983025312423706,0.5966050624847412,2,0.0,0.0,0.0,0.0,1.0,0.0,0.0,0.0,0.0,1.0,0.0,,0.0,True,Qwen/Qwen3-Coder-30B-A3B-Instruct-FP8,None
2694,Bar,Medium,0.29372358322143555,0.29372358322143555,1,0.0,0.0,0.0,0.0,1.0,0.0,0.0,0.0,0.0,1.0,0.0,,0.0,True,Qwen/Qwen3-Coder-30B-A3B-Instruct-FP8,None
2694,Bar,Medium,0.29372358322143555,0.29372358322143555,1,0.0,0.0,0.0,0.0,1.0,0.0,0.0,0.0,0.0,1.0,0.0,,0.0,True,Qwen/Qwen3-Coder-30B-A3B-Instruct-FP8,None
2694,Bar,Medium,0.29372358322143555,0.29372358322143555,1,0.0,0.0,0.0,0.0,1.0,0.0,0.0,0.0,0.0,1.0,0.0,,0.0,True,Qwen/Qwen3-Coder-30B-A3B-Instruct-FP8,None
2695,Pie,Easy,0.2955210208892822,0.8865630626678467,3,0.0,0.0,0.0,0.0,0.0,0.0,0.0,0.0,0.0,0.0,1.0,0.0,0.0,False,Qwen/Qwen3-Coder-30B-A3B-Instruct-FP8,None
2695,Pie,Easy,0.2955210208892822,0.8865630626678467,3,0.0,0.0,0.0,0.0,0.0,0.0,0.0,0.0,0.0,0.0,1.0,0.0,0.0,False,Qwen/Qwen3-Coder-30B-A3B-Instruct-FP8,None
2695,Pie,Easy,0.2955210208892822,0.8865630626678467,3,0.0,0.0,0.0,0.0,0.0,0.0,0.0,0.0,0.0,0.0,1.0,0.0,0.0,False,Qwen/Qwen3-Coder-30B-A3B-Instruct-FP8,None
2703,Bar,Medium,0.45191526412963867,0.9038305282592773,2,0.0,0.0,0.0,0.0,0.0,0.0,0.0,0.0,0.0,0.0,1.0,0.0,0.0,False,Qwen/Qwen3-Coder-30B-A3B-Instruct-FP8,None
2703,Bar,Medium,0.45191526412963867,0.9038305282592773,2,0.0,0.0,0.0,0.0,0.0,0.0,0.0,0.0,0.0,0.0,1.0,0.0,0.0,False,Qwen/Qwen3-Coder-30B-A3B-Instruct-FP8,None
2703,Bar,Medium,0.45191526412963867,0.9038305282592773,2,0.0,0.0,0.0,0.0,0.0,0.0,0.0,0.0,0.0,0.0,1.0,0.0,0.0,False,Qwen/Qwen3-Coder-30B-A3B-Instruct-FP8,None
2705,Pie,Easy,0.28511325518290204,0.855339765548706,3,0.0,0.0,0.0,0.0,0.3333333333333333,0.0,0.0,0.0,0.0,0.3333333333333333,0.6666666666666666,0.0,0.0,False,Qwen/Qwen3-Coder-30B-A3B-Instruct-FP8,None
2705,Pie,Easy,0.28511325518290204,0.855339765548706,3,0.0,0.0,0.0,0.0,0.3333333333333333,0.0,0.0,0.0,0.0,0.3333333333333333,0.6666666666666666,0.0,0.0,False,Qwen/Qwen3-Coder-30B-A3B-Instruct-FP8,None
2705,Pie,Easy,0.28511325518290204,0.855339765548706,3,0.0,0.0,0.0,0.0,0.3333333333333333,0.0,0.0,0.0,0.0,0.3333333333333333,0.6666666666666666,0.0,0.0,False,Qwen/Qwen3-Coder-30B-A3B-Instruct-FP8,None
2708,Scatter,Medium,4.604942083358765,9.20988416671753,2,0.0,0.5,0.0,0.0,0.0,0.0,0.0,0.0,0.5,0.0,0.5,0.0,0.0,False,Qwen/Qwen3-Coder-30B-A3B-Instruct-FP8,None
2708,Scatter,Medium,4.604942083358765,9.20988416671753,2,0.0,0.5,0.0,0.0,0.0,0.0,0.0,0.0,0.5,0.0,0.5,0.0,0.0,False,Qwen/Qwen3-Coder-30B-A3B-Instruct-FP8,None
2708,Scatter,Medium,4.604942083358765,9.20988416671753,2,0.0,0.5,0.0,0.0,0.0,0.0,0.0,0.0,0.5,0.0,0.5,0.0,0.0,False,Qwen/Qwen3-Coder-30B-A3B-Instruct-FP8,None
2709,Grouping Scatter,Medium,4.983167250951131,14.949501752853394,3,0.3333333333333333,0.0,0.0,0.0,0.0,0.0,0.0,0.0,0.3333333333333333,0.0,0.6666666666666666,0.0,0.0,False,Qwen/Qwen3-Coder-30B-A3B-Instruct-FP8,None
2709,Grouping Scatter,Medium,4.983167250951131,14.949501752853394,3,0.3333333333333333,0.0,0.0,0.0,0.0,0.0,0.0,0.0,0.3333333333333333,0.0,0.6666666666666666,0.0,0.0,False,Qwen/Qwen3-Coder-30B-A3B-Instruct-FP8,None
2709,Grouping Scatter,Medium,4.983167250951131,14.949501752853394,3,0.3333333333333333,0.0,0.0,0.0,0.0,0.0,0.0,0.0,0.3333333333333333,0.0,0.6666666666666666,0.0,0.0,False,Qwen/Qwen3-Coder-30B-A3B-Instruct-FP8,None
2724,Bar,Easy,0.32342100143432617,0.6468420028686523,2,0.0,0.0,0.0,0.0,0.0,0.0,0.0,0.0,0.0,0.0,1.0,0.0,0.0,False,Qwen/Qwen3-Coder-30B-A3B-Instruct-FP8,None
2724,Bar,Easy,0.32342100143432617,0.6468420028686523,2,0.0,0.0,0.0,0.0,0.0,0.0,0.0,0.0,0.0,0.0,1.0,0.0,0.0,False,Qwen/Qwen3-Coder-30B-A3B-Instruct-FP8,None
2724,Bar,Easy,0.32342100143432617,0.6468420028686523,2,0.0,0.0,0.0,0.0,0.0,0.0,0.0,0.0,0.0,0.0,1.0,0.0,0.0,False,Qwen/Qwen3-Coder-30B-A3B-Instruct-FP8,None
2734,Pie,Medium,0.5185927152633667,1.0371854305267334,2,0.0,0.0,0.0,0.0,0.5,0.0,0.0,0.0,0.0,0.5,0.5,0.0,0.0,False,Qwen/Qwen3-Coder-30B-A3B-Instruct-FP8,None
2734,Pie,Medium,0.5185927152633667,1.0371854305267334,2,0.0,0.0,0.0,0.0,0.5,0.0,0.0,0.0,0.0,0.5,0.5,0.0,0.0,False,Qwen/Qwen3-Coder-30B-A3B-Instruct-FP8,None
2734,Pie,Medium,0.5185927152633667,1.0371854305267334,2,0.0,0.0,0.0,0.0,0.5,0.0,0.0,0.0,0.0,0.5,0.5,0.0,0.0,False,Qwen/Qwen3-Coder-30B-A3B-Instruct-FP8,None
2736,Pie,Medium,0.3634048104286194,1.4536192417144775,4,0.0,0.0,0.0,0.0,0.0,0.0,0.0,0.0,0.0,0.0,1.0,0.0,0.0,False,Qwen/Qwen3-Coder-30B-A3B-Instruct-FP8,None
2736,Pie,Medium,0.3634048104286194,1.4536192417144775,4,0.0,0.0,0.0,0.0,0.0,0.0,0.0,0.0,0.0,0.0,1.0,0.0,0.0,False,Qwen/Qwen3-Coder-30B-A3B-Instruct-FP8,None
2736,Pie,Medium,0.3634048104286194,1.4536192417144775,4,0.0,0.0,0.0,0.0,0.0,0.0,0.0,0.0,0.0,0.0,1.0,0.0,0.0,False,Qwen/Qwen3-Coder-30B-A3B-Instruct-FP8,None
2743,Scatter,Easy,4.369549036026001,4.369549036026001,1,0.0,0.0,0.0,0.0,0.0,0.0,0.0,0.0,0.0,0.0,1.0,0.0,0.0,False,Qwen/Qwen3-Coder-30B-A3B-Instruct-FP8,None
2743,Scatter,Easy,4.369549036026001,4.369549036026001,1,0.0,0.0,0.0,0.0,0.0,0.0,0.0,0.0,0.0,0.0,1.0,0.0,0.0,False,Qwen/Qwen3-Coder-30B-A3B-Instruct-FP8,None
2743,Scatter,Easy,4.369549036026001,4.369549036026001,1,0.0,0.0,0.0,0.0,0.0,0.0,0.0,0.0,0.0,0.0,1.0,0.0,0.0,False,Qwen/Qwen3-Coder-30B-A3B-Instruct-FP8,None
2745,Grouping Scatter,Easy,0.9167883396148682,0.9167883396148682,1,0.0,0.0,0.0,0.0,0.0,0.0,0.0,0.0,0.0,0.0,1.0,0.0,0.0,False,Qwen/Qwen3-Coder-30B-A3B-Instruct-FP8,None
2745,Grouping Scatter,Easy,0.9167883396148682,0.9167883396148682,1,0.0,0.0,0.0,0.0,0.0,0.0,0.0,0.0,0.0,0.0,1.0,0.0,0.0,False,Qwen/Qwen3-Coder-30B-A3B-Instruct-FP8,None
2745,Grouping Scatter,Easy,0.9167883396148682,0.9167883396148682,1,0.0,0.0,0.0,0.0,0.0,0.0,0.0,0.0,0.0,0.0,1.0,0.0,0.0,False,Qwen/Qwen3-Coder-30B-A3B-Instruct-FP8,None
2748,Pie,Medium,2.5820629596710205,5.164125919342041,2,0.0,0.0,0.0,0.0,1.0,0.0,0.0,0.0,0.0,1.0,0.0,,0.0,False,Qwen/Qwen3-Coder-30B-A3B-Instruct-FP8,None
2748,Pie,Medium,2.5820629596710205,5.164125919342041,2,0.0,0.0,0.0,0.0,1.0,0.0,0.0,0.0,0.0,1.0,0.0,,0.0,False,Qwen/Qwen3-Coder-30B-A3B-Instruct-FP8,None
2748,Pie,Medium,2.5820629596710205,5.164125919342041,2,0.0,0.0,0.0,0.0,1.0,0.0,0.0,0.0,0.0,1.0,0.0,,0.0,False,Qwen/Qwen3-Coder-30B-A3B-Instruct-FP8,None
2749,Bar,Medium,0.26786065101623535,0.26786065101623535,1,0.0,0.0,0.0,0.0,1.0,0.0,0.0,0.0,0.0,1.0,0.0,,0.0,False,Qwen/Qwen3-Coder-30B-A3B-Instruct-FP8,None
2749,Bar,Medium,0.26786065101623535,0.26786065101623535,1,0.0,0.0,0.0,0.0,1.0,0.0,0.0,0.0,0.0,1.0,0.0,,0.0,False,Qwen/Qwen3-Coder-30B-A3B-Instruct-FP8,None
2749,Bar,Medium,0.26786065101623535,0.26786065101623535,1,0.0,0.0,0.0,0.0,1.0,0.0,0.0,0.0,0.0,1.0,0.0,,0.0,False,Qwen/Qwen3-Coder-30B-A3B-Instruct-FP8,None
2750,Stacked Bar,Hard,0.4143521785736084,0.8287043571472168,2,0.0,0.0,0.0,0.0,0.0,0.0,0.0,0.0,0.0,0.0,1.0,0.0,0.0,False,Qwen/Qwen3-Coder-30B-A3B-Instruct-FP8,None
2750,Stacked Bar,Hard,0.4143521785736084,0.8287043571472168,2,0.0,0.0,0.0,0.0,0.0,0.0,0.0,0.0,0.0,0.0,1.0,0.0,0.0,False,Qwen/Qwen3-Coder-30B-A3B-Instruct-FP8,None
2750,Stacked Bar,Hard,0.4143521785736084,0.8287043571472168,2,0.0,0.0,0.0,0.0,0.0,0.0,0.0,0.0,0.0,0.0,1.0,0.0,0.0,False,Qwen/Qwen3-Coder-30B-A3B-Instruct-FP8,None
2752,Pie,Easy,0.25233133633931476,0.7569940090179443,3,0.0,0.0,0.0,0.0,1.0,0.0,0.0,0.0,0.0,1.0,0.0,,0.0,False,Qwen/Qwen3-Coder-30B-A3B-Instruct-FP8,None
2752,Pie,Easy,0.25233133633931476,0.7569940090179443,3,0.0,0.0,0.0,0.0,1.0,0.0,0.0,0.0,0.0,1.0,0.0,,0.0,False,Qwen/Qwen3-Coder-30B-A3B-Instruct-FP8,None
2752,Pie,Easy,0.25233133633931476,0.7569940090179443,3,0.0,0.0,0.0,0.0,1.0,0.0,0.0,0.0,0.0,1.0,0.0,,0.0,False,Qwen/Qwen3-Coder-30B-A3B-Instruct-FP8,None
2757,Pie,Easy,0.2501481771469116,0.5002963542938232,2,0.0,0.0,0.0,0.0,0.0,0.0,0.0,0.0,0.0,0.0,1.0,0.0,0.0,False,Qwen/Qwen3-Coder-30B-A3B-Instruct-FP8,None
2757,Pie,Easy,0.2501481771469116,0.5002963542938232,2,0.0,0.0,0.0,0.0,0.0,0.0,0.0,0.0,0.0,0.0,1.0,0.0,0.0,False,Qwen/Qwen3-Coder-30B-A3B-Instruct-FP8,None
2757,Pie,Easy,0.2501481771469116,0.5002963542938232,2,0.0,0.0,0.0,0.0,0.0,0.0,0.0,0.0,0.0,0.0,1.0,0.0,0.0,False,Qwen/Qwen3-Coder-30B-A3B-Instruct-FP8,None
2759,Pie,Easy,0.28326884905497235,0.849806547164917,3,0.0,0.0,0.0,0.0,0.0,0.0,0.0,0.0,0.0,0.0,1.0,0.0,0.0,False,Qwen/Qwen3-Coder-30B-A3B-Instruct-FP8,None
2759,Pie,Easy,0.28326884905497235,0.849806547164917,3,0.0,0.0,0.0,0.0,0.0,0.0,0.0,0.0,0.0,0.0,1.0,0.0,0.0,False,Qwen/Qwen3-Coder-30B-A3B-Instruct-FP8,None
2759,Pie,Easy,0.28326884905497235,0.849806547164917,3,0.0,0.0,0.0,0.0,0.0,0.0,0.0,0.0,0.0,0.0,1.0,0.0,0.0,False,Qwen/Qwen3-Coder-30B-A3B-Instruct-FP8,None
2764,Pie,Easy,0.2736192544301351,0.8208577632904053,3,0.0,0.0,0.0,0.0,0.0,0.0,0.0,0.0,0.0,0.0,1.0,0.0,0.0,False,Qwen/Qwen3-Coder-30B-A3B-Instruct-FP8,None
2764,Pie,Easy,0.2736192544301351,0.8208577632904053,3,0.0,0.0,0.0,0.0,0.0,0.0,0.0,0.0,0.0,0.0,1.0,0.0,0.0,False,Qwen/Qwen3-Coder-30B-A3B-Instruct-FP8,None
2764,Pie,Easy,0.2736192544301351,0.8208577632904053,3,0.0,0.0,0.0,0.0,0.0,0.0,0.0,0.0,0.0,0.0,1.0,0.0,0.0,False,Qwen/Qwen3-Coder-30B-A3B-Instruct-FP8,None
2767,Pie,Easy,0.2698242664337158,0.2698242664337158,1,0.0,0.0,0.0,0.0,0.0,0.0,0.0,0.0,0.0,0.0,1.0,0.0,0.0,False,Qwen/Qwen3-Coder-30B-A3B-Instruct-FP8,None
2767,Pie,Easy,0.2698242664337158,0.2698242664337158,1,0.0,0.0,0.0,0.0,0.0,0.0,0.0,0.0,0.0,0.0,1.0,0.0,0.0,False,Qwen/Qwen3-Coder-30B-A3B-Instruct-FP8,None
2767,Pie,Easy,0.2698242664337158,0.2698242664337158,1,0.0,0.0,0.0,0.0,0.0,0.0,0.0,0.0,0.0,0.0,1.0,0.0,0.0,False,Qwen/Qwen3-Coder-30B-A3B-Instruct-FP8,None
2775,Pie,Easy,0.3061567147572835,0.9184701442718506,3,0.0,0.0,0.0,0.0,0.0,0.0,0.0,0.0,0.0,0.0,1.0,0.0,0.0,False,Qwen/Qwen3-Coder-30B-A3B-Instruct-FP8,None
2775,Pie,Easy,0.3061567147572835,0.9184701442718506,3,0.0,0.0,0.0,0.0,0.0,0.0,0.0,0.0,0.0,0.0,1.0,0.0,0.0,False,Qwen/Qwen3-Coder-30B-A3B-Instruct-FP8,None
2775,Pie,Easy,0.3061567147572835,0.9184701442718506,3,0.0,0.0,0.0,0.0,0.0,0.0,0.0,0.0,0.0,0.0,1.0,0.0,0.0,False,Qwen/Qwen3-Coder-30B-A3B-Instruct-FP8,None
2780,Bar,Extra Hard,2.443044900894165,2.443044900894165,1,0.0,0.0,0.0,0.0,1.0,0.0,0.0,0.0,0.0,1.0,0.0,,0.0,True,Qwen/Qwen3-Coder-30B-A3B-Instruct-FP8,None
2780,Bar,Extra Hard,2.443044900894165,2.443044900894165,1,0.0,0.0,0.0,0.0,1.0,0.0,0.0,0.0,0.0,1.0,0.0,,0.0,True,Qwen/Qwen3-Coder-30B-A3B-Instruct-FP8,None
2780,Bar,Extra Hard,2.443044900894165,2.443044900894165,1,0.0,0.0,0.0,0.0,1.0,0.0,0.0,0.0,0.0,1.0,0.0,,0.0,True,Qwen/Qwen3-Coder-30B-A3B-Instruct-FP8,None
2781,Grouping Line,Extra Hard,2.2368345260620117,2.2368345260620117,1,0.0,0.0,0.0,1.0,1.0,0.0,0.0,0.0,0.0,1.0,0.0,,0.0,True,Qwen/Qwen3-Coder-30B-A3B-Instruct-FP8,None
2781,Grouping Line,Extra Hard,2.2368345260620117,2.2368345260620117,1,0.0,0.0,0.0,1.0,1.0,0.0,0.0,0.0,0.0,1.0,0.0,,0.0,True,Qwen/Qwen3-Coder-30B-A3B-Instruct-FP8,None
2781,Grouping Line,Extra Hard,2.2368345260620117,2.2368345260620117,1,0.0,0.0,0.0,1.0,1.0,0.0,0.0,0.0,0.0,1.0,0.0,,0.0,True,Qwen/Qwen3-Coder-30B-A3B-Instruct-FP8,None
2782,Line,Extra Hard,11.111912965774536,11.111912965774536,1,0.0,0.0,0.0,0.0,1.0,0.0,0.0,0.0,0.0,1.0,0.0,,0.0,True,Qwen/Qwen3-Coder-30B-A3B-Instruct-FP8,None
2782,Line,Extra Hard,11.111912965774536,11.111912965774536,1,0.0,0.0,0.0,0.0,1.0,0.0,0.0,0.0,0.0,1.0,0.0,,0.0,True,Qwen/Qwen3-Coder-30B-A3B-Instruct-FP8,None
2782,Line,Extra Hard,11.111912965774536,11.111912965774536,1,0.0,0.0,0.0,0.0,1.0,0.0,0.0,0.0,0.0,1.0,0.0,,0.0,True,Qwen/Qwen3-Coder-30B-A3B-Instruct-FP8,None
2785,Pie,Hard,0.4351232846577962,1.3053698539733887,3,0.0,0.0,0.0,0.0,0.3333333333333333,0.0,0.0,0.0,0.0,0.3333333333333333,0.6666666666666666,0.0,0.0,True,Qwen/Qwen3-Coder-30B-A3B-Instruct-FP8,None
2785,Pie,Hard,0.4351232846577962,1.3053698539733887,3,0.0,0.0,0.0,0.0,0.3333333333333333,0.0,0.0,0.0,0.0,0.3333333333333333,0.6666666666666666,0.0,0.0,True,Qwen/Qwen3-Coder-30B-A3B-Instruct-FP8,None
2785,Pie,Hard,0.4351232846577962,1.3053698539733887,3,0.0,0.0,0.0,0.0,0.3333333333333333,0.0,0.0,0.0,0.0,0.3333333333333333,0.6666666666666666,0.0,0.0,True,Qwen/Qwen3-Coder-30B-A3B-Instruct-FP8,None
2787,Pie,Easy,0.41588008403778076,0.8317601680755615,2,0.0,0.0,0.0,0.0,0.0,0.0,0.0,0.0,0.0,0.0,1.0,0.0,0.0,True,Qwen/Qwen3-Coder-30B-A3B-Instruct-FP8,None
2787,Pie,Easy,0.41588008403778076,0.8317601680755615,2,0.0,0.0,0.0,0.0,0.0,0.0,0.0,0.0,0.0,0.0,1.0,0.0,0.0,True,Qwen/Qwen3-Coder-30B-A3B-Instruct-FP8,None
2787,Pie,Easy,0.41588008403778076,0.8317601680755615,2,0.0,0.0,0.0,0.0,0.0,0.0,0.0,0.0,0.0,0.0,1.0,0.0,0.0,True,Qwen/Qwen3-Coder-30B-A3B-Instruct-FP8,None
2795,Pie,Medium,0.5048747857411703,1.5146243572235107,3,0.0,0.0,0.0,0.0,0.0,0.0,0.0,0.0,0.0,0.0,1.0,0.0,0.0,True,Qwen/Qwen3-Coder-30B-A3B-Instruct-FP8,None
2795,Pie,Medium,0.5048747857411703,1.5146243572235107,3,0.0,0.0,0.0,0.0,0.0,0.0,0.0,0.0,0.0,0.0,1.0,0.0,0.0,True,Qwen/Qwen3-Coder-30B-A3B-Instruct-FP8,None
2795,Pie,Medium,0.5048747857411703,1.5146243572235107,3,0.0,0.0,0.0,0.0,0.0,0.0,0.0,0.0,0.0,0.0,1.0,0.0,0.0,True,Qwen/Qwen3-Coder-30B-A3B-Instruct-FP8,None
2799,Pie,Easy,0.2628967761993408,0.5257935523986816,2,0.0,0.0,0.0,0.0,0.0,0.0,0.0,0.0,0.0,0.0,1.0,0.0,0.0,False,Qwen/Qwen3-Coder-30B-A3B-Instruct-FP8,None
2799,Pie,Easy,0.2628967761993408,0.5257935523986816,2,0.0,0.0,0.0,0.0,0.0,0.0,0.0,0.0,0.0,0.0,1.0,0.0,0.0,False,Qwen/Qwen3-Coder-30B-A3B-Instruct-FP8,None
2799,Pie,Easy,0.2628967761993408,0.5257935523986816,2,0.0,0.0,0.0,0.0,0.0,0.0,0.0,0.0,0.0,0.0,1.0,0.0,0.0,False,Qwen/Qwen3-Coder-30B-A3B-Instruct-FP8,None
2802,Bar,Medium,0.4087796211242676,1.6351184844970703,4,0.0,0.0,0.0,0.0,0.0,0.0,0.0,0.0,0.0,0.0,1.0,0.0,0.0,False,Qwen/Qwen3-Coder-30B-A3B-Instruct-FP8,None
2802,Bar,Medium,0.4087796211242676,1.6351184844970703,4,0.0,0.0,0.0,0.0,0.0,0.0,0.0,0.0,0.0,0.0,1.0,0.0,0.0,False,Qwen/Qwen3-Coder-30B-A3B-Instruct-FP8,None
2802,Bar,Medium,0.4087796211242676,1.6351184844970703,4,0.0,0.0,0.0,0.0,0.0,0.0,0.0,0.0,0.0,0.0,1.0,0.0,0.0,False,Qwen/Qwen3-Coder-30B-A3B-Instruct-FP8,None
2804,Pie,Medium,0.44138431549072266,0.8827686309814453,2,0.0,0.0,0.0,0.0,1.0,0.0,0.0,0.0,0.0,1.0,0.0,,0.0,False,Qwen/Qwen3-Coder-30B-A3B-Instruct-FP8,None
2804,Pie,Medium,0.44138431549072266,0.8827686309814453,2,0.0,0.0,0.0,0.0,1.0,0.0,0.0,0.0,0.0,1.0,0.0,,0.0,False,Qwen/Qwen3-Coder-30B-A3B-Instruct-FP8,None
2804,Pie,Medium,0.44138431549072266,0.8827686309814453,2,0.0,0.0,0.0,0.0,1.0,0.0,0.0,0.0,0.0,1.0,0.0,,0.0,False,Qwen/Qwen3-Coder-30B-A3B-Instruct-FP8,None
2806,Pie,Easy,0.3202441930770874,0.6404883861541748,2,0.0,0.0,0.0,0.0,0.0,0.0,0.0,0.0,0.0,0.0,1.0,0.0,0.0,False,Qwen/Qwen3-Coder-30B-A3B-Instruct-FP8,None
2806,Pie,Easy,0.3202441930770874,0.6404883861541748,2,0.0,0.0,0.0,0.0,0.0,0.0,0.0,0.0,0.0,0.0,1.0,0.0,0.0,False,Qwen/Qwen3-Coder-30B-A3B-Instruct-FP8,None
2806,Pie,Easy,0.3202441930770874,0.6404883861541748,2,0.0,0.0,0.0,0.0,0.0,0.0,0.0,0.0,0.0,0.0,1.0,0.0,0.0,False,Qwen/Qwen3-Coder-30B-A3B-Instruct-FP8,None
2807,Bar,Easy,0.3288718859354655,0.9866156578063965,3,0.0,0.0,0.0,0.0,0.0,0.0,0.0,0.0,0.0,0.0,1.0,0.0,0.0,False,Qwen/Qwen3-Coder-30B-A3B-Instruct-FP8,None
2807,Bar,Easy,0.3288718859354655,0.9866156578063965,3,0.0,0.0,0.0,0.0,0.0,0.0,0.0,0.0,0.0,0.0,1.0,0.0,0.0,False,Qwen/Qwen3-Coder-30B-A3B-Instruct-FP8,None
2807,Bar,Easy,0.3288718859354655,0.9866156578063965,3,0.0,0.0,0.0,0.0,0.0,0.0,0.0,0.0,0.0,0.0,1.0,0.0,0.0,False,Qwen/Qwen3-Coder-30B-A3B-Instruct-FP8,None
2808,Bar,Hard,0.5742045640945435,1.148409128189087,2,0.0,0.0,0.0,0.0,1.0,0.0,0.0,0.0,0.0,1.0,0.0,,0.0,True,Qwen/Qwen3-Coder-30B-A3B-Instruct-FP8,None
2808,Bar,Hard,0.5742045640945435,1.148409128189087,2,0.0,0.0,0.0,0.0,1.0,0.0,0.0,0.0,0.0,1.0,0.0,,0.0,True,Qwen/Qwen3-Coder-30B-A3B-Instruct-FP8,None
2808,Bar,Hard,0.5742045640945435,1.148409128189087,2,0.0,0.0,0.0,0.0,1.0,0.0,0.0,0.0,0.0,1.0,0.0,,0.0,True,Qwen/Qwen3-Coder-30B-A3B-Instruct-FP8,None
2809,Pie,Easy,0.33741211891174316,0.33741211891174316,1,0.0,0.0,0.0,0.0,0.0,0.0,0.0,0.0,0.0,0.0,1.0,0.0,0.0,False,Qwen/Qwen3-Coder-30B-A3B-Instruct-FP8,None
2809,Pie,Easy,0.33741211891174316,0.33741211891174316,1,0.0,0.0,0.0,0.0,0.0,0.0,0.0,0.0,0.0,0.0,1.0,0.0,0.0,False,Qwen/Qwen3-Coder-30B-A3B-Instruct-FP8,None
2809,Pie,Easy,0.33741211891174316,0.33741211891174316,1,0.0,0.0,0.0,0.0,0.0,0.0,0.0,0.0,0.0,0.0,1.0,0.0,0.0,False,Qwen/Qwen3-Coder-30B-A3B-Instruct-FP8,None
2810,Bar,Easy,0.3391990661621094,0.6783981323242188,2,0.0,0.0,0.0,0.0,0.0,0.0,0.0,0.0,0.0,0.0,1.0,0.0,0.0,False,Qwen/Qwen3-Coder-30B-A3B-Instruct-FP8,None
2810,Bar,Easy,0.3391990661621094,0.6783981323242188,2,0.0,0.0,0.0,0.0,0.0,0.0,0.0,0.0,0.0,0.0,1.0,0.0,0.0,False,Qwen/Qwen3-Coder-30B-A3B-Instruct-FP8,None
2810,Bar,Easy,0.3391990661621094,0.6783981323242188,2,0.0,0.0,0.0,0.0,0.0,0.0,0.0,0.0,0.0,0.0,1.0,0.0,0.0,False,Qwen/Qwen3-Coder-30B-A3B-Instruct-FP8,None
2817,Pie,Medium,0.34973740577697754,0.34973740577697754,1,0.0,0.0,0.0,0.0,0.0,0.0,0.0,0.0,0.0,0.0,1.0,0.0,0.0,False,Qwen/Qwen3-Coder-30B-A3B-Instruct-FP8,None
2817,Pie,Medium,0.34973740577697754,0.34973740577697754,1,0.0,0.0,0.0,0.0,0.0,0.0,0.0,0.0,0.0,0.0,1.0,0.0,0.0,False,Qwen/Qwen3-Coder-30B-A3B-Instruct-FP8,None
2817,Pie,Medium,0.34973740577697754,0.34973740577697754,1,0.0,0.0,0.0,0.0,0.0,0.0,0.0,0.0,0.0,0.0,1.0,0.0,0.0,False,Qwen/Qwen3-Coder-30B-A3B-Instruct-FP8,None
2818,Bar,Medium,0.3952054977416992,0.7904109954833984,2,0.0,0.0,0.0,0.0,0.0,0.0,0.0,0.0,0.0,0.0,1.0,0.0,0.0,False,Qwen/Qwen3-Coder-30B-A3B-Instruct-FP8,None
2818,Bar,Medium,0.3952054977416992,0.7904109954833984,2,0.0,0.0,0.0,0.0,0.0,0.0,0.0,0.0,0.0,0.0,1.0,0.0,0.0,False,Qwen/Qwen3-Coder-30B-A3B-Instruct-FP8,None
2818,Bar,Medium,0.3952054977416992,0.7904109954833984,2,0.0,0.0,0.0,0.0,0.0,0.0,0.0,0.0,0.0,0.0,1.0,0.0,0.0,False,Qwen/Qwen3-Coder-30B-A3B-Instruct-FP8,None
2820,Bar,Easy,0.3256158431371053,1.9536950588226318,6,0.0,0.0,0.0,0.0,0.0,0.0,0.0,0.0,0.0,0.0,1.0,0.0,0.0,False,Qwen/Qwen3-Coder-30B-A3B-Instruct-FP8,None
2820,Bar,Easy,0.3256158431371053,1.9536950588226318,6,0.0,0.0,0.0,0.0,0.0,0.0,0.0,0.0,0.0,0.0,1.0,0.0,0.0,False,Qwen/Qwen3-Coder-30B-A3B-Instruct-FP8,None
2820,Bar,Easy,0.3256158431371053,1.9536950588226318,6,0.0,0.0,0.0,0.0,0.0,0.0,0.0,0.0,0.0,0.0,1.0,0.0,0.0,False,Qwen/Qwen3-Coder-30B-A3B-Instruct-FP8,None
2822,Pie,Medium,0.45938587188720703,0.45938587188720703,1,0.0,0.0,0.0,0.0,0.0,0.0,0.0,0.0,0.0,0.0,1.0,0.0,0.0,True,Qwen/Qwen3-Coder-30B-A3B-Instruct-FP8,None
2822,Pie,Medium,0.45938587188720703,0.45938587188720703,1,0.0,0.0,0.0,0.0,0.0,0.0,0.0,0.0,0.0,0.0,1.0,0.0,0.0,True,Qwen/Qwen3-Coder-30B-A3B-Instruct-FP8,None
2822,Pie,Medium,0.45938587188720703,0.45938587188720703,1,0.0,0.0,0.0,0.0,0.0,0.0,0.0,0.0,0.0,0.0,1.0,0.0,0.0,True,Qwen/Qwen3-Coder-30B-A3B-Instruct-FP8,None
2830,Bar,Easy,0.3611457347869873,0.3611457347869873,1,0.0,0.0,0.0,0.0,0.0,0.0,0.0,0.0,0.0,0.0,1.0,0.0,0.0,False,Qwen/Qwen3-Coder-30B-A3B-Instruct-FP8,None
2830,Bar,Easy,0.3611457347869873,0.3611457347869873,1,0.0,0.0,0.0,0.0,0.0,0.0,0.0,0.0,0.0,0.0,1.0,0.0,0.0,False,Qwen/Qwen3-Coder-30B-A3B-Instruct-FP8,None
2830,Bar,Easy,0.3611457347869873,0.3611457347869873,1,0.0,0.0,0.0,0.0,0.0,0.0,0.0,0.0,0.0,0.0,1.0,0.0,0.0,False,Qwen/Qwen3-Coder-30B-A3B-Instruct-FP8,None
2847,Pie,Extra Hard,0.572037398815155,2.28814959526062,4,0.0,0.0,0.0,0.0,0.0,0.0,0.0,0.0,0.0,0.0,1.0,0.0,0.0,True,Qwen/Qwen3-Coder-30B-A3B-Instruct-FP8,None
2847,Pie,Extra Hard,0.572037398815155,2.28814959526062,4,0.0,0.0,0.0,0.0,0.0,0.0,0.0,0.0,0.0,0.0,1.0,0.0,0.0,True,Qwen/Qwen3-Coder-30B-A3B-Instruct-FP8,None
2847,Pie,Extra Hard,0.572037398815155,2.28814959526062,4,0.0,0.0,0.0,0.0,0.0,0.0,0.0,0.0,0.0,0.0,1.0,0.0,0.0,True,Qwen/Qwen3-Coder-30B-A3B-Instruct-FP8,None
2848,Bar,Extra Hard,0.6805282592773437,3.4026412963867188,5,0.0,0.0,0.0,0.0,0.0,0.0,0.0,0.0,0.0,0.0,1.0,0.0,0.0,True,Qwen/Qwen3-Coder-30B-A3B-Instruct-FP8,None
2848,Bar,Extra Hard,0.6805282592773437,3.4026412963867188,5,0.0,0.0,0.0,0.0,0.0,0.0,0.0,0.0,0.0,0.0,1.0,0.0,0.0,True,Qwen/Qwen3-Coder-30B-A3B-Instruct-FP8,None
2848,Bar,Extra Hard,0.6805282592773437,3.4026412963867188,5,0.0,0.0,0.0,0.0,0.0,0.0,0.0,0.0,0.0,0.0,1.0,0.0,0.0,True,Qwen/Qwen3-Coder-30B-A3B-Instruct-FP8,None
2850,Bar,Hard,0.48060178756713867,0.9612035751342773,2,0.0,0.0,0.0,0.0,0.0,0.0,0.0,0.0,0.0,0.0,1.0,0.0,0.0,False,Qwen/Qwen3-Coder-30B-A3B-Instruct-FP8,None
2850,Bar,Hard,0.48060178756713867,0.9612035751342773,2,0.0,0.0,0.0,0.0,0.0,0.0,0.0,0.0,0.0,0.0,1.0,0.0,0.0,False,Qwen/Qwen3-Coder-30B-A3B-Instruct-FP8,None
2850,Bar,Hard,0.48060178756713867,0.9612035751342773,2,0.0,0.0,0.0,0.0,0.0,0.0,0.0,0.0,0.0,0.0,1.0,0.0,0.0,False,Qwen/Qwen3-Coder-30B-A3B-Instruct-FP8,None
2851,Bar,Hard,0.43680596351623535,0.43680596351623535,1,0.0,0.0,0.0,0.0,1.0,0.0,0.0,0.0,0.0,1.0,0.0,,0.0,False,Qwen/Qwen3-Coder-30B-A3B-Instruct-FP8,None
2851,Bar,Hard,0.43680596351623535,0.43680596351623535,1,0.0,0.0,0.0,0.0,1.0,0.0,0.0,0.0,0.0,1.0,0.0,,0.0,False,Qwen/Qwen3-Coder-30B-A3B-Instruct-FP8,None
2851,Bar,Hard,0.43680596351623535,0.43680596351623535,1,0.0,0.0,0.0,0.0,1.0,0.0,0.0,0.0,0.0,1.0,0.0,,0.0,False,Qwen/Qwen3-Coder-30B-A3B-Instruct-FP8,None
2852,Bar,Extra Hard,0.6753973960876465,0.6753973960876465,1,0.0,0.0,0.0,0.0,1.0,0.0,0.0,0.0,0.0,1.0,0.0,,0.0,True,Qwen/Qwen3-Coder-30B-A3B-Instruct-FP8,None
2852,Bar,Extra Hard,0.6753973960876465,0.6753973960876465,1,0.0,0.0,0.0,0.0,1.0,0.0,0.0,0.0,0.0,1.0,0.0,,0.0,True,Qwen/Qwen3-Coder-30B-A3B-Instruct-FP8,None
2852,Bar,Extra Hard,0.6753973960876465,0.6753973960876465,1,0.0,0.0,0.0,0.0,1.0,0.0,0.0,0.0,0.0,1.0,0.0,,0.0,True,Qwen/Qwen3-Coder-30B-A3B-Instruct-FP8,None
2857,Bar,Hard,0.4562098979949951,1.3686296939849854,3,0.0,0.0,0.0,0.0,0.0,0.0,0.0,0.0,0.0,0.0,1.0,0.0,0.0,False,Qwen/Qwen3-Coder-30B-A3B-Instruct-FP8,None
2857,Bar,Hard,0.4562098979949951,1.3686296939849854,3,0.0,0.0,0.0,0.0,0.0,0.0,0.0,0.0,0.0,0.0,1.0,0.0,0.0,False,Qwen/Qwen3-Coder-30B-A3B-Instruct-FP8,None
2857,Bar,Hard,0.4562098979949951,1.3686296939849854,3,0.0,0.0,0.0,0.0,0.0,0.0,0.0,0.0,0.0,0.0,1.0,0.0,0.0,False,Qwen/Qwen3-Coder-30B-A3B-Instruct-FP8,None
2858,Pie,Medium,0.5776167710622152,1.7328503131866455,3,0.0,0.0,0.0,0.0,0.3333333333333333,0.0,0.0,0.0,0.0,0.3333333333333333,0.6666666666666666,0.0,0.0,True,Qwen/Qwen3-Coder-30B-A3B-Instruct-FP8,None
2858,Pie,Medium,0.5776167710622152,1.7328503131866455,3,0.0,0.0,0.0,0.0,0.3333333333333333,0.0,0.0,0.0,0.0,0.3333333333333333,0.6666666666666666,0.0,0.0,True,Qwen/Qwen3-Coder-30B-A3B-Instruct-FP8,None
2858,Pie,Medium,0.5776167710622152,1.7328503131866455,3,0.0,0.0,0.0,0.0,0.3333333333333333,0.0,0.0,0.0,0.0,0.3333333333333333,0.6666666666666666,0.0,0.0,True,Qwen/Qwen3-Coder-30B-A3B-Instruct-FP8,None
2861,Pie,Easy,0.24043941497802734,0.24043941497802734,1,0.0,0.0,0.0,0.0,0.0,0.0,0.0,0.0,0.0,0.0,1.0,0.0,0.0,False,Qwen/Qwen3-Coder-30B-A3B-Instruct-FP8,None
2861,Pie,Easy,0.24043941497802734,0.24043941497802734,1,0.0,0.0,0.0,0.0,0.0,0.0,0.0,0.0,0.0,0.0,1.0,0.0,0.0,False,Qwen/Qwen3-Coder-30B-A3B-Instruct-FP8,None
2861,Pie,Easy,0.24043941497802734,0.24043941497802734,1,0.0,0.0,0.0,0.0,0.0,0.0,0.0,0.0,0.0,0.0,1.0,0.0,0.0,False,Qwen/Qwen3-Coder-30B-A3B-Instruct-FP8,None
2864,Pie,Medium,0.43010149002075193,2.1505074501037598,5,0.0,0.0,0.0,0.0,0.0,0.0,0.0,0.0,0.0,0.0,1.0,0.0,0.0,True,Qwen/Qwen3-Coder-30B-A3B-Instruct-FP8,None
2864,Pie,Medium,0.43010149002075193,2.1505074501037598,5,0.0,0.0,0.0,0.0,0.0,0.0,0.0,0.0,0.0,0.0,1.0,0.0,0.0,True,Qwen/Qwen3-Coder-30B-A3B-Instruct-FP8,None
2864,Pie,Medium,0.43010149002075193,2.1505074501037598,5,0.0,0.0,0.0,0.0,0.0,0.0,0.0,0.0,0.0,0.0,1.0,0.0,0.0,True,Qwen/Qwen3-Coder-30B-A3B-Instruct-FP8,None
2866,Pie,Medium,0.42632657289505005,1.7053062915802002,4,0.0,0.0,0.0,0.0,0.0,0.0,0.0,0.0,0.0,0.0,1.0,0.0,0.0,True,Qwen/Qwen3-Coder-30B-A3B-Instruct-FP8,None
2866,Pie,Medium,0.42632657289505005,1.7053062915802002,4,0.0,0.0,0.0,0.0,0.0,0.0,0.0,0.0,0.0,0.0,1.0,0.0,0.0,True,Qwen/Qwen3-Coder-30B-A3B-Instruct-FP8,None
2866,Pie,Medium,0.42632657289505005,1.7053062915802002,4,0.0,0.0,0.0,0.0,0.0,0.0,0.0,0.0,0.0,0.0,1.0,0.0,0.0,True,Qwen/Qwen3-Coder-30B-A3B-Instruct-FP8,None
2874,Scatter,Easy,0.3187682628631592,0.3187682628631592,1,0.0,0.0,0.0,0.0,0.0,0.0,0.0,0.0,0.0,0.0,1.0,0.0,0.0,False,Qwen/Qwen3-Coder-30B-A3B-Instruct-FP8,None
2874,Scatter,Easy,0.3187682628631592,0.3187682628631592,1,0.0,0.0,0.0,0.0,0.0,0.0,0.0,0.0,0.0,0.0,1.0,0.0,0.0,False,Qwen/Qwen3-Coder-30B-A3B-Instruct-FP8,None
2874,Scatter,Easy,0.3187682628631592,0.3187682628631592,1,0.0,0.0,0.0,0.0,0.0,0.0,0.0,0.0,0.0,0.0,1.0,0.0,0.0,False,Qwen/Qwen3-Coder-30B-A3B-Instruct-FP8,None
2881,Pie,Easy,0.3020104169845581,0.6040208339691162,2,0.0,0.0,0.0,0.0,0.0,0.0,0.0,0.0,0.0,0.0,1.0,0.0,0.0,False,Qwen/Qwen3-Coder-30B-A3B-Instruct-FP8,None
2881,Pie,Easy,0.3020104169845581,0.6040208339691162,2,0.0,0.0,0.0,0.0,0.0,0.0,0.0,0.0,0.0,0.0,1.0,0.0,0.0,False,Qwen/Qwen3-Coder-30B-A3B-Instruct-FP8,None
2881,Pie,Easy,0.3020104169845581,0.6040208339691162,2,0.0,0.0,0.0,0.0,0.0,0.0,0.0,0.0,0.0,0.0,1.0,0.0,0.0,False,Qwen/Qwen3-Coder-30B-A3B-Instruct-FP8,None
2885,Pie,Medium,0.4947342872619629,0.9894685745239258,2,0.0,0.0,0.0,0.0,0.5,0.0,0.0,0.0,0.0,0.5,0.5,0.0,0.0,True,Qwen/Qwen3-Coder-30B-A3B-Instruct-FP8,None
2885,Pie,Medium,0.4947342872619629,0.9894685745239258,2,0.0,0.0,0.0,0.0,0.5,0.0,0.0,0.0,0.0,0.5,0.5,0.0,0.0,True,Qwen/Qwen3-Coder-30B-A3B-Instruct-FP8,None
2885,Pie,Medium,0.4947342872619629,0.9894685745239258,2,0.0,0.0,0.0,0.0,0.5,0.0,0.0,0.0,0.0,0.5,0.5,0.0,0.0,True,Qwen/Qwen3-Coder-30B-A3B-Instruct-FP8,None
2900,Bar,Medium,4.597736120223999,4.597736120223999,1,0.0,0.0,0.0,0.0,1.0,0.0,0.0,0.0,0.0,1.0,0.0,,0.0,False,Qwen/Qwen3-Coder-30B-A3B-Instruct-FP8,None
2900,Bar,Medium,4.597736120223999,4.597736120223999,1,0.0,0.0,0.0,0.0,1.0,0.0,0.0,0.0,0.0,1.0,0.0,,0.0,False,Qwen/Qwen3-Coder-30B-A3B-Instruct-FP8,None
2900,Bar,Medium,4.597736120223999,4.597736120223999,1,0.0,0.0,0.0,0.0,1.0,0.0,0.0,0.0,0.0,1.0,0.0,,0.0,False,Qwen/Qwen3-Coder-30B-A3B-Instruct-FP8,None
2903,Bar,Hard,0.5342596769332886,1.0685193538665771,2,0.0,0.0,0.0,0.0,0.0,0.0,0.0,0.0,0.0,0.0,1.0,0.0,0.0,True,Qwen/Qwen3-Coder-30B-A3B-Instruct-FP8,None
2903,Bar,Hard,0.5342596769332886,1.0685193538665771,2,0.0,0.0,0.0,0.0,0.0,0.0,0.0,0.0,0.0,0.0,1.0,0.0,0.0,True,Qwen/Qwen3-Coder-30B-A3B-Instruct-FP8,None
2903,Bar,Hard,0.5342596769332886,1.0685193538665771,2,0.0,0.0,0.0,0.0,0.0,0.0,0.0,0.0,0.0,0.0,1.0,0.0,0.0,True,Qwen/Qwen3-Coder-30B-A3B-Instruct-FP8,None
2928,Bar,Easy,0.34284067153930664,1.7142033576965332,5,0.0,0.0,0.0,0.0,0.0,0.0,0.0,0.0,0.0,0.0,1.0,0.0,0.0,False,Qwen/Qwen3-Coder-30B-A3B-Instruct-FP8,None
2928,Bar,Easy,0.34284067153930664,1.7142033576965332,5,0.0,0.0,0.0,0.0,0.0,0.0,0.0,0.0,0.0,0.0,1.0,0.0,0.0,False,Qwen/Qwen3-Coder-30B-A3B-Instruct-FP8,None
2928,Bar,Easy,0.34284067153930664,1.7142033576965332,5,0.0,0.0,0.0,0.0,0.0,0.0,0.0,0.0,0.0,0.0,1.0,0.0,0.0,False,Qwen/Qwen3-Coder-30B-A3B-Instruct-FP8,None
2930,Pie,Hard,0.7007501125335693,1.4015002250671387,2,0.0,0.0,0.0,0.0,0.5,0.0,0.0,0.0,0.0,0.5,0.5,0.0,0.0,True,Qwen/Qwen3-Coder-30B-A3B-Instruct-FP8,None
2930,Pie,Hard,0.7007501125335693,1.4015002250671387,2,0.0,0.0,0.0,0.0,0.5,0.0,0.0,0.0,0.0,0.5,0.5,0.0,0.0,True,Qwen/Qwen3-Coder-30B-A3B-Instruct-FP8,None
2930,Pie,Hard,0.7007501125335693,1.4015002250671387,2,0.0,0.0,0.0,0.0,0.5,0.0,0.0,0.0,0.0,0.5,0.5,0.0,0.0,True,Qwen/Qwen3-Coder-30B-A3B-Instruct-FP8,None
2932,Pie,Medium,0.4470553398132324,0.8941106796264648,2,0.0,0.0,0.0,0.0,0.5,0.0,0.0,0.0,0.0,0.5,0.5,0.0,0.0,True,Qwen/Qwen3-Coder-30B-A3B-Instruct-FP8,None
2932,Pie,Medium,0.4470553398132324,0.8941106796264648,2,0.0,0.0,0.0,0.0,0.5,0.0,0.0,0.0,0.0,0.5,0.5,0.0,0.0,True,Qwen/Qwen3-Coder-30B-A3B-Instruct-FP8,None
2932,Pie,Medium,0.4470553398132324,0.8941106796264648,2,0.0,0.0,0.0,0.0,0.5,0.0,0.0,0.0,0.0,0.5,0.5,0.0,0.0,True,Qwen/Qwen3-Coder-30B-A3B-Instruct-FP8,None
2934,Pie,Medium,0.46132826805114746,0.46132826805114746,1,0.0,0.0,0.0,0.0,0.0,0.0,0.0,0.0,0.0,0.0,1.0,0.0,0.0,True,Qwen/Qwen3-Coder-30B-A3B-Instruct-FP8,None
2934,Pie,Medium,0.46132826805114746,0.46132826805114746,1,0.0,0.0,0.0,0.0,0.0,0.0,0.0,0.0,0.0,0.0,1.0,0.0,0.0,True,Qwen/Qwen3-Coder-30B-A3B-Instruct-FP8,None
2934,Pie,Medium,0.46132826805114746,0.46132826805114746,1,0.0,0.0,0.0,0.0,0.0,0.0,0.0,0.0,0.0,0.0,1.0,0.0,0.0,True,Qwen/Qwen3-Coder-30B-A3B-Instruct-FP8,None
2941,Bar,Easy,0.2833516597747803,0.2833516597747803,1,0.0,0.0,0.0,0.0,0.0,0.0,0.0,0.0,0.0,0.0,1.0,0.0,0.0,False,Qwen/Qwen3-Coder-30B-A3B-Instruct-FP8,None
2941,Bar,Easy,0.2833516597747803,0.2833516597747803,1,0.0,0.0,0.0,0.0,0.0,0.0,0.0,0.0,0.0,0.0,1.0,0.0,0.0,False,Qwen/Qwen3-Coder-30B-A3B-Instruct-FP8,None
2941,Bar,Easy,0.2833516597747803,0.2833516597747803,1,0.0,0.0,0.0,0.0,0.0,0.0,0.0,0.0,0.0,0.0,1.0,0.0,0.0,False,Qwen/Qwen3-Coder-30B-A3B-Instruct-FP8,None
2958,Pie,Medium,0.4885489344596863,1.9541957378387451,4,0.0,0.0,0.0,0.0,0.0,0.0,0.0,0.0,0.0,0.0,1.0,0.0,0.0,True,Qwen/Qwen3-Coder-30B-A3B-Instruct-FP8,None
2958,Pie,Medium,0.4885489344596863,1.9541957378387451,4,0.0,0.0,0.0,0.0,0.0,0.0,0.0,0.0,0.0,0.0,1.0,0.0,0.0,True,Qwen/Qwen3-Coder-30B-A3B-Instruct-FP8,None
2958,Pie,Medium,0.4885489344596863,1.9541957378387451,4,0.0,0.0,0.0,0.0,0.0,0.0,0.0,0.0,0.0,0.0,1.0,0.0,0.0,True,Qwen/Qwen3-Coder-30B-A3B-Instruct-FP8,None
2960,Bar,Medium,0.4944124221801758,0.9888248443603516,2,0.0,0.0,0.0,0.0,0.0,1.0,0.0,0.0,0.0,1.0,0.0,,0.0,False,Qwen/Qwen3-Coder-30B-A3B-Instruct-FP8,None
2960,Bar,Medium,0.4944124221801758,0.9888248443603516,2,0.0,0.0,0.0,0.0,0.0,1.0,0.0,0.0,0.0,1.0,0.0,,0.0,False,Qwen/Qwen3-Coder-30B-A3B-Instruct-FP8,None
2960,Bar,Medium,0.4944124221801758,0.9888248443603516,2,0.0,0.0,0.0,0.0,0.0,1.0,0.0,0.0,0.0,1.0,0.0,,0.0,False,Qwen/Qwen3-Coder-30B-A3B-Instruct-FP8,None
2962,Bar,Easy,0.5027952194213867,0.5027952194213867,1,0.0,0.0,0.0,0.0,0.0,0.0,0.0,0.0,0.0,0.0,1.0,0.0,0.0,False,Qwen/Qwen3-Coder-30B-A3B-Instruct-FP8,None
2962,Bar,Easy,0.5027952194213867,0.5027952194213867,1,0.0,0.0,0.0,0.0,0.0,0.0,0.0,0.0,0.0,0.0,1.0,0.0,0.0,False,Qwen/Qwen3-Coder-30B-A3B-Instruct-FP8,None
2962,Bar,Easy,0.5027952194213867,0.5027952194213867,1,0.0,0.0,0.0,0.0,0.0,0.0,0.0,0.0,0.0,0.0,1.0,0.0,0.0,False,Qwen/Qwen3-Coder-30B-A3B-Instruct-FP8,None
2963,Bar,Easy,0.47379088401794434,0.47379088401794434,1,0.0,0.0,0.0,0.0,0.0,0.0,0.0,0.0,0.0,0.0,1.0,0.0,0.0,False,Qwen/Qwen3-Coder-30B-A3B-Instruct-FP8,None
2963,Bar,Easy,0.47379088401794434,0.47379088401794434,1,0.0,0.0,0.0,0.0,0.0,0.0,0.0,0.0,0.0,0.0,1.0,0.0,0.0,False,Qwen/Qwen3-Coder-30B-A3B-Instruct-FP8,None
2963,Bar,Easy,0.47379088401794434,0.47379088401794434,1,0.0,0.0,0.0,0.0,0.0,0.0,0.0,0.0,0.0,0.0,1.0,0.0,0.0,False,Qwen/Qwen3-Coder-30B-A3B-Instruct-FP8,None
2969,Bar,Medium,2.084518551826477,4.169037103652954,2,0.0,0.0,0.0,0.0,0.0,0.0,0.0,0.0,0.0,0.0,1.0,0.0,0.0,True,Qwen/Qwen3-Coder-30B-A3B-Instruct-FP8,None
2969,Bar,Medium,2.084518551826477,4.169037103652954,2,0.0,0.0,0.0,0.0,0.0,0.0,0.0,0.0,0.0,0.0,1.0,0.0,0.0,True,Qwen/Qwen3-Coder-30B-A3B-Instruct-FP8,None
2969,Bar,Medium,2.084518551826477,4.169037103652954,2,0.0,0.0,0.0,0.0,0.0,0.0,0.0,0.0,0.0,0.0,1.0,0.0,0.0,True,Qwen/Qwen3-Coder-30B-A3B-Instruct-FP8,None
2971,Pie,Medium,0.4927448034286499,0.9854896068572998,2,0.0,0.0,0.0,0.0,0.0,0.0,0.0,0.0,0.0,0.0,1.0,0.0,0.0,True,Qwen/Qwen3-Coder-30B-A3B-Instruct-FP8,None
2971,Pie,Medium,0.4927448034286499,0.9854896068572998,2,0.0,0.0,0.0,0.0,0.0,0.0,0.0,0.0,0.0,0.0,1.0,0.0,0.0,True,Qwen/Qwen3-Coder-30B-A3B-Instruct-FP8,None
2971,Pie,Medium,0.4927448034286499,0.9854896068572998,2,0.0,0.0,0.0,0.0,0.0,0.0,0.0,0.0,0.0,0.0,1.0,0.0,0.0,True,Qwen/Qwen3-Coder-30B-A3B-Instruct-FP8,None
2972,Pie,Medium,0.5187361240386963,0.5187361240386963,1,0.0,0.0,0.0,0.0,0.0,0.0,0.0,0.0,0.0,0.0,1.0,0.0,0.0,True,Qwen/Qwen3-Coder-30B-A3B-Instruct-FP8,None
2972,Pie,Medium,0.5187361240386963,0.5187361240386963,1,0.0,0.0,0.0,0.0,0.0,0.0,0.0,0.0,0.0,0.0,1.0,0.0,0.0,True,Qwen/Qwen3-Coder-30B-A3B-Instruct-FP8,None
2972,Pie,Medium,0.5187361240386963,0.5187361240386963,1,0.0,0.0,0.0,0.0,0.0,0.0,0.0,0.0,0.0,0.0,1.0,0.0,0.0,True,Qwen/Qwen3-Coder-30B-A3B-Instruct-FP8,None
2973,Bar,Medium,0.5198273658752441,0.5198273658752441,1,0.0,0.0,0.0,0.0,0.0,0.0,0.0,0.0,0.0,0.0,1.0,0.0,0.0,True,Qwen/Qwen3-Coder-30B-A3B-Instruct-FP8,None
2973,Bar,Medium,0.5198273658752441,0.5198273658752441,1,0.0,0.0,0.0,0.0,0.0,0.0,0.0,0.0,0.0,0.0,1.0,0.0,0.0,True,Qwen/Qwen3-Coder-30B-A3B-Instruct-FP8,None
2973,Bar,Medium,0.5198273658752441,0.5198273658752441,1,0.0,0.0,0.0,0.0,0.0,0.0,0.0,0.0,0.0,0.0,1.0,0.0,0.0,True,Qwen/Qwen3-Coder-30B-A3B-Instruct-FP8,None
2979,Bar,Hard,0.5300118923187256,0.5300118923187256,1,0.0,0.0,0.0,0.0,0.0,0.0,0.0,0.0,0.0,0.0,1.0,0.0,0.0,True,Qwen/Qwen3-Coder-30B-A3B-Instruct-FP8,None
2979,Bar,Hard,0.5300118923187256,0.5300118923187256,1,0.0,0.0,0.0,0.0,0.0,0.0,0.0,0.0,0.0,0.0,1.0,0.0,0.0,True,Qwen/Qwen3-Coder-30B-A3B-Instruct-FP8,None
2979,Bar,Hard,0.5300118923187256,0.5300118923187256,1,0.0,0.0,0.0,0.0,0.0,0.0,0.0,0.0,0.0,0.0,1.0,0.0,0.0,True,Qwen/Qwen3-Coder-30B-A3B-Instruct-FP8,None
2980,Pie,Hard,0.4927254915237427,0.9854509830474854,2,0.0,0.0,0.0,0.0,0.0,0.0,0.0,0.0,0.0,0.0,1.0,0.0,0.0,True,Qwen/Qwen3-Coder-30B-A3B-Instruct-FP8,None
2980,Pie,Hard,0.4927254915237427,0.9854509830474854,2,0.0,0.0,0.0,0.0,0.0,0.0,0.0,0.0,0.0,0.0,1.0,0.0,0.0,True,Qwen/Qwen3-Coder-30B-A3B-Instruct-FP8,None
2980,Pie,Hard,0.4927254915237427,0.9854509830474854,2,0.0,0.0,0.0,0.0,0.0,0.0,0.0,0.0,0.0,0.0,1.0,0.0,0.0,True,Qwen/Qwen3-Coder-30B-A3B-Instruct-FP8,None
2998,Bar,Hard,0.6263519525527954,1.2527039051055908,2,0.0,0.0,0.0,0.0,0.0,0.0,0.0,0.0,0.0,0.0,1.0,0.0,0.0,False,Qwen/Qwen3-Coder-30B-A3B-Instruct-FP8,None
2998,Bar,Hard,0.6263519525527954,1.2527039051055908,2,0.0,0.0,0.0,0.0,0.0,0.0,0.0,0.0,0.0,0.0,1.0,0.0,0.0,False,Qwen/Qwen3-Coder-30B-A3B-Instruct-FP8,None
2998,Bar,Hard,0.6263519525527954,1.2527039051055908,2,0.0,0.0,0.0,0.0,0.0,0.0,0.0,0.0,0.0,0.0,1.0,0.0,0.0,False,Qwen/Qwen3-Coder-30B-A3B-Instruct-FP8,None
3004,Pie,Easy,0.3115033308664958,0.9345099925994873,3,0.0,0.0,0.0,0.0,0.0,0.0,0.0,0.0,0.0,0.0,1.0,0.0,0.0,False,Qwen/Qwen3-Coder-30B-A3B-Instruct-FP8,None
3004,Pie,Easy,0.3115033308664958,0.9345099925994873,3,0.0,0.0,0.0,0.0,0.0,0.0,0.0,0.0,0.0,0.0,1.0,0.0,0.0,False,Qwen/Qwen3-Coder-30B-A3B-Instruct-FP8,None
3004,Pie,Easy,0.3115033308664958,0.9345099925994873,3,0.0,0.0,0.0,0.0,0.0,0.0,0.0,0.0,0.0,0.0,1.0,0.0,0.0,False,Qwen/Qwen3-Coder-30B-A3B-Instruct-FP8,None
3009,Bar,Easy,0.39018702507019043,0.39018702507019043,1,0.0,0.0,0.0,0.0,0.0,0.0,0.0,0.0,0.0,0.0,1.0,0.0,0.0,False,Qwen/Qwen3-Coder-30B-A3B-Instruct-FP8,None
3009,Bar,Easy,0.39018702507019043,0.39018702507019043,1,0.0,0.0,0.0,0.0,0.0,0.0,0.0,0.0,0.0,0.0,1.0,0.0,0.0,False,Qwen/Qwen3-Coder-30B-A3B-Instruct-FP8,None
3009,Bar,Easy,0.39018702507019043,0.39018702507019043,1,0.0,0.0,0.0,0.0,0.0,0.0,0.0,0.0,0.0,0.0,1.0,0.0,0.0,False,Qwen/Qwen3-Coder-30B-A3B-Instruct-FP8,None
3021,Pie,Hard,0.5352308750152588,1.0704617500305176,2,0.0,0.0,0.0,0.0,0.0,0.0,0.0,0.0,0.0,0.0,1.0,0.0,0.0,True,Qwen/Qwen3-Coder-30B-A3B-Instruct-FP8,None
3021,Pie,Hard,0.5352308750152588,1.0704617500305176,2,0.0,0.0,0.0,0.0,0.0,0.0,0.0,0.0,0.0,0.0,1.0,0.0,0.0,True,Qwen/Qwen3-Coder-30B-A3B-Instruct-FP8,None
3021,Pie,Hard,0.5352308750152588,1.0704617500305176,2,0.0,0.0,0.0,0.0,0.0,0.0,0.0,0.0,0.0,0.0,1.0,0.0,0.0,True,Qwen/Qwen3-Coder-30B-A3B-Instruct-FP8,None
3046,Bar,Easy,0.3192457358042399,0.9577372074127197,3,0.0,0.0,0.0,0.0,0.0,0.0,0.0,0.0,0.0,0.0,1.0,0.0,0.0,False,Qwen/Qwen3-Coder-30B-A3B-Instruct-FP8,None
3046,Bar,Easy,0.3192457358042399,0.9577372074127197,3,0.0,0.0,0.0,0.0,0.0,0.0,0.0,0.0,0.0,0.0,1.0,0.0,0.0,False,Qwen/Qwen3-Coder-30B-A3B-Instruct-FP8,None
3046,Bar,Easy,0.3192457358042399,0.9577372074127197,3,0.0,0.0,0.0,0.0,0.0,0.0,0.0,0.0,0.0,0.0,1.0,0.0,0.0,False,Qwen/Qwen3-Coder-30B-A3B-Instruct-FP8,None
3047,Pie,Easy,2.557563304901123,5.115126609802246,2,0.0,0.0,0.0,0.0,0.0,0.0,0.0,0.0,0.0,0.0,1.0,0.0,0.0,False,Qwen/Qwen3-Coder-30B-A3B-Instruct-FP8,None
3047,Pie,Easy,2.557563304901123,5.115126609802246,2,0.0,0.0,0.0,0.0,0.0,0.0,0.0,0.0,0.0,0.0,1.0,0.0,0.0,False,Qwen/Qwen3-Coder-30B-A3B-Instruct-FP8,None
3047,Pie,Easy,2.557563304901123,5.115126609802246,2,0.0,0.0,0.0,0.0,0.0,0.0,0.0,0.0,0.0,0.0,1.0,0.0,0.0,False,Qwen/Qwen3-Coder-30B-A3B-Instruct-FP8,None
3051,Pie,Easy,0.28988003730773926,0.8696401119232178,3,0.0,0.0,0.0,0.0,0.0,0.0,0.0,0.0,0.0,0.0,1.0,0.0,0.0,False,Qwen/Qwen3-Coder-30B-A3B-Instruct-FP8,None
3051,Pie,Easy,0.28988003730773926,0.8696401119232178,3,0.0,0.0,0.0,0.0,0.0,0.0,0.0,0.0,0.0,0.0,1.0,0.0,0.0,False,Qwen/Qwen3-Coder-30B-A3B-Instruct-FP8,None
3051,Pie,Easy,0.28988003730773926,0.8696401119232178,3,0.0,0.0,0.0,0.0,0.0,0.0,0.0,0.0,0.0,0.0,1.0,0.0,0.0,False,Qwen/Qwen3-Coder-30B-A3B-Instruct-FP8,None
3054,Pie,Easy,0.2832256555557251,0.5664513111114502,2,0.0,0.0,0.0,0.0,0.0,0.0,0.0,0.0,0.0,0.0,1.0,0.0,0.0,False,Qwen/Qwen3-Coder-30B-A3B-Instruct-FP8,None
3054,Pie,Easy,0.2832256555557251,0.5664513111114502,2,0.0,0.0,0.0,0.0,0.0,0.0,0.0,0.0,0.0,0.0,1.0,0.0,0.0,False,Qwen/Qwen3-Coder-30B-A3B-Instruct-FP8,None
3054,Pie,Easy,0.2832256555557251,0.5664513111114502,2,0.0,0.0,0.0,0.0,0.0,0.0,0.0,0.0,0.0,0.0,1.0,0.0,0.0,False,Qwen/Qwen3-Coder-30B-A3B-Instruct-FP8,None
3056,Grouping Scatter,Medium,0.44161224365234375,0.44161224365234375,1,0.0,0.0,0.0,0.0,0.0,0.0,0.0,0.0,0.0,0.0,1.0,0.0,0.0,False,Qwen/Qwen3-Coder-30B-A3B-Instruct-FP8,None
3056,Grouping Scatter,Medium,0.44161224365234375,0.44161224365234375,1,0.0,0.0,0.0,0.0,0.0,0.0,0.0,0.0,0.0,0.0,1.0,0.0,0.0,False,Qwen/Qwen3-Coder-30B-A3B-Instruct-FP8,None
3056,Grouping Scatter,Medium,0.44161224365234375,0.44161224365234375,1,0.0,0.0,0.0,0.0,0.0,0.0,0.0,0.0,0.0,0.0,1.0,0.0,0.0,False,Qwen/Qwen3-Coder-30B-A3B-Instruct-FP8,None
3063,Pie,Medium,0.5633353392283121,1.6900060176849365,3,0.0,0.0,0.0,0.0,1.0,0.0,0.0,0.0,0.0,1.0,0.0,,0.0,False,Qwen/Qwen3-Coder-30B-A3B-Instruct-FP8,None
3063,Pie,Medium,0.5633353392283121,1.6900060176849365,3,0.0,0.0,0.0,0.0,1.0,0.0,0.0,0.0,0.0,1.0,0.0,,0.0,False,Qwen/Qwen3-Coder-30B-A3B-Instruct-FP8,None
3063,Pie,Medium,0.5633353392283121,1.6900060176849365,3,0.0,0.0,0.0,0.0,1.0,0.0,0.0,0.0,0.0,1.0,0.0,,0.0,False,Qwen/Qwen3-Coder-30B-A3B-Instruct-FP8,None
3064,Bar,Medium,0.5782326857248942,1.7346980571746826,3,0.0,0.0,0.0,0.0,0.3333333333333333,0.0,0.0,0.0,0.0,0.3333333333333333,0.6666666666666666,0.0,0.0,False,Qwen/Qwen3-Coder-30B-A3B-Instruct-FP8,None
3064,Bar,Medium,0.5782326857248942,1.7346980571746826,3,0.0,0.0,0.0,0.0,0.3333333333333333,0.0,0.0,0.0,0.0,0.3333333333333333,0.6666666666666666,0.0,0.0,False,Qwen/Qwen3-Coder-30B-A3B-Instruct-FP8,None
3064,Bar,Medium,0.5782326857248942,1.7346980571746826,3,0.0,0.0,0.0,0.0,0.3333333333333333,0.0,0.0,0.0,0.0,0.3333333333333333,0.6666666666666666,0.0,0.0,False,Qwen/Qwen3-Coder-30B-A3B-Instruct-FP8,None
3067,Bar,Easy,0.34375452995300293,0.34375452995300293,1,0.0,0.0,0.0,0.0,1.0,0.0,0.0,0.0,0.0,1.0,0.0,,0.0,False,Qwen/Qwen3-Coder-30B-A3B-Instruct-FP8,None
3067,Bar,Easy,0.34375452995300293,0.34375452995300293,1,0.0,0.0,0.0,0.0,1.0,0.0,0.0,0.0,0.0,1.0,0.0,,0.0,False,Qwen/Qwen3-Coder-30B-A3B-Instruct-FP8,None
3067,Bar,Easy,0.34375452995300293,0.34375452995300293,1,0.0,0.0,0.0,0.0,1.0,0.0,0.0,0.0,0.0,1.0,0.0,,0.0,False,Qwen/Qwen3-Coder-30B-A3B-Instruct-FP8,None
3068,Pie,Medium,0.41587018966674805,0.41587018966674805,1,0.0,0.0,0.0,0.0,1.0,0.0,0.0,0.0,0.0,1.0,0.0,,0.0,True,Qwen/Qwen3-Coder-30B-A3B-Instruct-FP8,None
3068,Pie,Medium,0.41587018966674805,0.41587018966674805,1,0.0,0.0,0.0,0.0,1.0,0.0,0.0,0.0,0.0,1.0,0.0,,0.0,True,Qwen/Qwen3-Coder-30B-A3B-Instruct-FP8,None
3068,Pie,Medium,0.41587018966674805,0.41587018966674805,1,0.0,0.0,0.0,0.0,1.0,0.0,0.0,0.0,0.0,1.0,0.0,,0.0,True,Qwen/Qwen3-Coder-30B-A3B-Instruct-FP8,None
3070,Pie,Easy,0.28684931993484497,1.1473972797393799,4,0.0,0.0,0.0,0.0,0.0,0.0,0.0,0.0,0.0,0.0,1.0,0.0,0.0,False,Qwen/Qwen3-Coder-30B-A3B-Instruct-FP8,None
3070,Pie,Easy,0.28684931993484497,1.1473972797393799,4,0.0,0.0,0.0,0.0,0.0,0.0,0.0,0.0,0.0,0.0,1.0,0.0,0.0,False,Qwen/Qwen3-Coder-30B-A3B-Instruct-FP8,None
3070,Pie,Easy,0.28684931993484497,1.1473972797393799,4,0.0,0.0,0.0,0.0,0.0,0.0,0.0,0.0,0.0,0.0,1.0,0.0,0.0,False,Qwen/Qwen3-Coder-30B-A3B-Instruct-FP8,None
3079,Grouping Scatter,Easy,8.832557201385498,17.665114402770996,2,0.5,0.0,0.0,0.0,0.5,0.0,0.0,0.0,0.5,0.5,0.0,,0.0,False,Qwen/Qwen3-Coder-30B-A3B-Instruct-FP8,None
3079,Grouping Scatter,Easy,8.832557201385498,17.665114402770996,2,0.5,0.0,0.0,0.0,0.5,0.0,0.0,0.0,0.5,0.5,0.0,,0.0,False,Qwen/Qwen3-Coder-30B-A3B-Instruct-FP8,None
3079,Grouping Scatter,Easy,8.832557201385498,17.665114402770996,2,0.5,0.0,0.0,0.0,0.5,0.0,0.0,0.0,0.5,0.5,0.0,,0.0,False,Qwen/Qwen3-Coder-30B-A3B-Instruct-FP8,None
3085,Grouping Scatter,Easy,11.93452274799347,23.86904549598694,2,1.0,0.0,0.0,0.0,0.0,0.0,0.0,0.0,1.0,0.0,0.0,,0.0,False,Qwen/Qwen3-Coder-30B-A3B-Instruct-FP8,None
3085,Grouping Scatter,Easy,11.93452274799347,23.86904549598694,2,1.0,0.0,0.0,0.0,0.0,0.0,0.0,0.0,1.0,0.0,0.0,,0.0,False,Qwen/Qwen3-Coder-30B-A3B-Instruct-FP8,None
3085,Grouping Scatter,Easy,11.93452274799347,23.86904549598694,2,1.0,0.0,0.0,0.0,0.0,0.0,0.0,0.0,1.0,0.0,0.0,,0.0,False,Qwen/Qwen3-Coder-30B-A3B-Instruct-FP8,None
3097,Grouping Scatter,Easy,8.415174722671509,8.415174722671509,1,0.0,0.0,0.0,0.0,1.0,0.0,0.0,0.0,0.0,1.0,0.0,,0.0,False,Qwen/Qwen3-Coder-30B-A3B-Instruct-FP8,None
3097,Grouping Scatter,Easy,8.415174722671509,8.415174722671509,1,0.0,0.0,0.0,0.0,1.0,0.0,0.0,0.0,0.0,1.0,0.0,,0.0,False,Qwen/Qwen3-Coder-30B-A3B-Instruct-FP8,None
3097,Grouping Scatter,Easy,8.415174722671509,8.415174722671509,1,0.0,0.0,0.0,0.0,1.0,0.0,0.0,0.0,0.0,1.0,0.0,,0.0,False,Qwen/Qwen3-Coder-30B-A3B-Instruct-FP8,None
3121,Scatter,Easy,0.30984604358673096,1.2393841743469238,4,0.0,0.0,0.0,0.0,0.0,0.0,0.0,0.0,0.0,0.0,1.0,0.0,0.0,False,Qwen/Qwen3-Coder-30B-A3B-Instruct-FP8,None
3121,Scatter,Easy,0.30984604358673096,1.2393841743469238,4,0.0,0.0,0.0,0.0,0.0,0.0,0.0,0.0,0.0,0.0,1.0,0.0,0.0,False,Qwen/Qwen3-Coder-30B-A3B-Instruct-FP8,None
3121,Scatter,Easy,0.30984604358673096,1.2393841743469238,4,0.0,0.0,0.0,0.0,0.0,0.0,0.0,0.0,0.0,0.0,1.0,0.0,0.0,False,Qwen/Qwen3-Coder-30B-A3B-Instruct-FP8,None
3139,Pie,Easy,0.3935568332672119,0.3935568332672119,1,0.0,0.0,0.0,0.0,1.0,0.0,0.0,0.0,0.0,1.0,0.0,,0.0,False,Qwen/Qwen3-Coder-30B-A3B-Instruct-FP8,None
3139,Pie,Easy,0.3935568332672119,0.3935568332672119,1,0.0,0.0,0.0,0.0,1.0,0.0,0.0,0.0,0.0,1.0,0.0,,0.0,False,Qwen/Qwen3-Coder-30B-A3B-Instruct-FP8,None
3139,Pie,Easy,0.3935568332672119,0.3935568332672119,1,0.0,0.0,0.0,0.0,1.0,0.0,0.0,0.0,0.0,1.0,0.0,,0.0,False,Qwen/Qwen3-Coder-30B-A3B-Instruct-FP8,None
3150,Pie,Easy,0.27062976360321045,0.5412595272064209,2,0.0,0.0,0.0,0.0,0.0,0.0,0.0,0.0,0.0,0.0,1.0,0.0,0.0,False,Qwen/Qwen3-Coder-30B-A3B-Instruct-FP8,None
3150,Pie,Easy,0.27062976360321045,0.5412595272064209,2,0.0,0.0,0.0,0.0,0.0,0.0,0.0,0.0,0.0,0.0,1.0,0.0,0.0,False,Qwen/Qwen3-Coder-30B-A3B-Instruct-FP8,None
3150,Pie,Easy,0.27062976360321045,0.5412595272064209,2,0.0,0.0,0.0,0.0,0.0,0.0,0.0,0.0,0.0,0.0,1.0,0.0,0.0,False,Qwen/Qwen3-Coder-30B-A3B-Instruct-FP8,None
3165,Grouping Scatter,Easy,13.883870124816895,13.883870124816895,1,1.0,0.0,0.0,0.0,0.0,0.0,0.0,0.0,1.0,0.0,0.0,,0.0,False,Qwen/Qwen3-Coder-30B-A3B-Instruct-FP8,None
3165,Grouping Scatter,Easy,13.883870124816895,13.883870124816895,1,1.0,0.0,0.0,0.0,0.0,0.0,0.0,0.0,1.0,0.0,0.0,,0.0,False,Qwen/Qwen3-Coder-30B-A3B-Instruct-FP8,None
3165,Grouping Scatter,Easy,13.883870124816895,13.883870124816895,1,1.0,0.0,0.0,0.0,0.0,0.0,0.0,0.0,1.0,0.0,0.0,,0.0,False,Qwen/Qwen3-Coder-30B-A3B-Instruct-FP8,None
3171,Grouping Scatter,Easy,13.375919580459595,13.375919580459595,1,1.0,0.0,0.0,0.0,0.0,0.0,0.0,0.0,1.0,0.0,0.0,,0.0,False,Qwen/Qwen3-Coder-30B-A3B-Instruct-FP8,None
3171,Grouping Scatter,Easy,13.375919580459595,13.375919580459595,1,1.0,0.0,0.0,0.0,0.0,0.0,0.0,0.0,1.0,0.0,0.0,,0.0,False,Qwen/Qwen3-Coder-30B-A3B-Instruct-FP8,None
3171,Grouping Scatter,Easy,13.375919580459595,13.375919580459595,1,1.0,0.0,0.0,0.0,0.0,0.0,0.0,0.0,1.0,0.0,0.0,,0.0,False,Qwen/Qwen3-Coder-30B-A3B-Instruct-FP8,None
3177,Grouping Scatter,Easy,7.762635231018066,7.762635231018066,1,0.0,0.0,0.0,0.0,0.0,0.0,0.0,0.0,0.0,0.0,1.0,0.0,0.0,False,Qwen/Qwen3-Coder-30B-A3B-Instruct-FP8,None
3177,Grouping Scatter,Easy,7.762635231018066,7.762635231018066,1,0.0,0.0,0.0,0.0,0.0,0.0,0.0,0.0,0.0,0.0,1.0,0.0,0.0,False,Qwen/Qwen3-Coder-30B-A3B-Instruct-FP8,None
3177,Grouping Scatter,Easy,7.762635231018066,7.762635231018066,1,0.0,0.0,0.0,0.0,0.0,0.0,0.0,0.0,0.0,0.0,1.0,0.0,0.0,False,Qwen/Qwen3-Coder-30B-A3B-Instruct-FP8,None
3198,Pie,Easy,0.2859063148498535,0.2859063148498535,1,0.0,0.0,0.0,0.0,0.0,0.0,0.0,0.0,0.0,0.0,1.0,0.0,0.0,False,Qwen/Qwen3-Coder-30B-A3B-Instruct-FP8,None
3198,Pie,Easy,0.2859063148498535,0.2859063148498535,1,0.0,0.0,0.0,0.0,0.0,0.0,0.0,0.0,0.0,0.0,1.0,0.0,0.0,False,Qwen/Qwen3-Coder-30B-A3B-Instruct-FP8,None
3198,Pie,Easy,0.2859063148498535,0.2859063148498535,1,0.0,0.0,0.0,0.0,0.0,0.0,0.0,0.0,0.0,0.0,1.0,0.0,0.0,False,Qwen/Qwen3-Coder-30B-A3B-Instruct-FP8,None
3207,Bar,Easy,4.638721823692322,9.277443647384644,2,0.0,0.0,0.0,0.5,1.0,0.0,0.0,0.0,0.0,1.0,0.0,,0.0,False,Qwen/Qwen3-Coder-30B-A3B-Instruct-FP8,None
3207,Bar,Easy,4.638721823692322,9.277443647384644,2,0.0,0.0,0.0,0.5,1.0,0.0,0.0,0.0,0.0,1.0,0.0,,0.0,False,Qwen/Qwen3-Coder-30B-A3B-Instruct-FP8,None
3207,Bar,Easy,4.638721823692322,9.277443647384644,2,0.0,0.0,0.0,0.5,1.0,0.0,0.0,0.0,0.0,1.0,0.0,,0.0,False,Qwen/Qwen3-Coder-30B-A3B-Instruct-FP8,None
3213,Pie,Medium,0.35216832160949707,0.35216832160949707,1,0.0,0.0,0.0,0.0,0.0,0.0,0.0,0.0,0.0,0.0,1.0,0.0,0.0,False,Qwen/Qwen3-Coder-30B-A3B-Instruct-FP8,None
3213,Pie,Medium,0.35216832160949707,0.35216832160949707,1,0.0,0.0,0.0,0.0,0.0,0.0,0.0,0.0,0.0,0.0,1.0,0.0,0.0,False,Qwen/Qwen3-Coder-30B-A3B-Instruct-FP8,None
3213,Pie,Medium,0.35216832160949707,0.35216832160949707,1,0.0,0.0,0.0,0.0,0.0,0.0,0.0,0.0,0.0,0.0,1.0,0.0,0.0,False,Qwen/Qwen3-Coder-30B-A3B-Instruct-FP8,None
3215,Pie,Easy,0.2642498016357422,0.5284996032714844,2,0.0,0.0,0.0,0.0,0.0,0.0,0.0,0.0,0.0,0.0,1.0,0.0,0.0,False,Qwen/Qwen3-Coder-30B-A3B-Instruct-FP8,None
3215,Pie,Easy,0.2642498016357422,0.5284996032714844,2,0.0,0.0,0.0,0.0,0.0,0.0,0.0,0.0,0.0,0.0,1.0,0.0,0.0,False,Qwen/Qwen3-Coder-30B-A3B-Instruct-FP8,None
3215,Pie,Easy,0.2642498016357422,0.5284996032714844,2,0.0,0.0,0.0,0.0,0.0,0.0,0.0,0.0,0.0,0.0,1.0,0.0,0.0,False,Qwen/Qwen3-Coder-30B-A3B-Instruct-FP8,None
3222,Bar,Hard,8.271599769592285,8.271599769592285,1,0.0,0.0,0.0,0.0,0.0,0.0,0.0,0.0,0.0,0.0,1.0,0.0,0.0,False,Qwen/Qwen3-Coder-30B-A3B-Instruct-FP8,None
3222,Bar,Hard,8.271599769592285,8.271599769592285,1,0.0,0.0,0.0,0.0,0.0,0.0,0.0,0.0,0.0,0.0,1.0,0.0,0.0,False,Qwen/Qwen3-Coder-30B-A3B-Instruct-FP8,None
3222,Bar,Hard,8.271599769592285,8.271599769592285,1,0.0,0.0,0.0,0.0,0.0,0.0,0.0,0.0,0.0,0.0,1.0,0.0,0.0,False,Qwen/Qwen3-Coder-30B-A3B-Instruct-FP8,None
3227,Stacked Bar,Extra Hard,0.524493932723999,0.524493932723999,1,0.0,0.0,0.0,1.0,1.0,0.0,0.0,0.0,0.0,1.0,0.0,,0.0,False,Qwen/Qwen3-Coder-30B-A3B-Instruct-FP8,None
3227,Stacked Bar,Extra Hard,0.524493932723999,0.524493932723999,1,0.0,0.0,0.0,1.0,1.0,0.0,0.0,0.0,0.0,1.0,0.0,,0.0,False,Qwen/Qwen3-Coder-30B-A3B-Instruct-FP8,None
3227,Stacked Bar,Extra Hard,0.524493932723999,0.524493932723999,1,0.0,0.0,0.0,1.0,1.0,0.0,0.0,0.0,0.0,1.0,0.0,,0.0,False,Qwen/Qwen3-Coder-30B-A3B-Instruct-FP8,None
3229,Bar,Hard,0.5018087228139242,1.5054261684417725,3,0.0,0.0,0.0,0.0,0.0,0.0,0.0,0.0,0.0,0.0,1.0,0.0,0.0,False,Qwen/Qwen3-Coder-30B-A3B-Instruct-FP8,None
3229,Bar,Hard,0.5018087228139242,1.5054261684417725,3,0.0,0.0,0.0,0.0,0.0,0.0,0.0,0.0,0.0,0.0,1.0,0.0,0.0,False,Qwen/Qwen3-Coder-30B-A3B-Instruct-FP8,None
3229,Bar,Hard,0.5018087228139242,1.5054261684417725,3,0.0,0.0,0.0,0.0,0.0,0.0,0.0,0.0,0.0,0.0,1.0,0.0,0.0,False,Qwen/Qwen3-Coder-30B-A3B-Instruct-FP8,None
3230,Bar,Medium,0.45978450775146484,0.9195690155029297,2,0.0,0.0,0.0,0.0,0.0,0.0,0.0,0.0,0.0,0.0,1.0,0.0,0.0,False,Qwen/Qwen3-Coder-30B-A3B-Instruct-FP8,None
3230,Bar,Medium,0.45978450775146484,0.9195690155029297,2,0.0,0.0,0.0,0.0,0.0,0.0,0.0,0.0,0.0,0.0,1.0,0.0,0.0,False,Qwen/Qwen3-Coder-30B-A3B-Instruct-FP8,None
3230,Bar,Medium,0.45978450775146484,0.9195690155029297,2,0.0,0.0,0.0,0.0,0.0,0.0,0.0,0.0,0.0,0.0,1.0,0.0,0.0,False,Qwen/Qwen3-Coder-30B-A3B-Instruct-FP8,None
3240,Line,Easy,0.37464356422424316,0.37464356422424316,1,0.0,0.0,0.0,0.0,0.0,0.0,0.0,0.0,0.0,0.0,1.0,0.0,0.0,False,Qwen/Qwen3-Coder-30B-A3B-Instruct-FP8,None
3240,Line,Easy,0.37464356422424316,0.37464356422424316,1,0.0,0.0,0.0,0.0,0.0,0.0,0.0,0.0,0.0,0.0,1.0,0.0,0.0,False,Qwen/Qwen3-Coder-30B-A3B-Instruct-FP8,None
3240,Line,Easy,0.37464356422424316,0.37464356422424316,1,0.0,0.0,0.0,0.0,0.0,0.0,0.0,0.0,0.0,0.0,1.0,0.0,0.0,False,Qwen/Qwen3-Coder-30B-A3B-Instruct-FP8,None
3259,Pie,Easy,0.27682697772979736,0.5536539554595947,2,0.0,0.0,0.0,0.0,1.0,0.0,0.0,0.0,0.0,1.0,0.0,,0.0,False,Qwen/Qwen3-Coder-30B-A3B-Instruct-FP8,None
3259,Pie,Easy,0.27682697772979736,0.5536539554595947,2,0.0,0.0,0.0,0.0,1.0,0.0,0.0,0.0,0.0,1.0,0.0,,0.0,False,Qwen/Qwen3-Coder-30B-A3B-Instruct-FP8,None
3259,Pie,Easy,0.27682697772979736,0.5536539554595947,2,0.0,0.0,0.0,0.0,1.0,0.0,0.0,0.0,0.0,1.0,0.0,,0.0,False,Qwen/Qwen3-Coder-30B-A3B-Instruct-FP8,None
3260,Bar,Easy,0.34172213077545166,0.6834442615509033,2,0.0,0.0,0.0,0.0,0.5,0.0,0.0,0.0,0.0,0.5,0.5,0.0,0.0,False,Qwen/Qwen3-Coder-30B-A3B-Instruct-FP8,None
3260,Bar,Easy,0.34172213077545166,0.6834442615509033,2,0.0,0.0,0.0,0.0,0.5,0.0,0.0,0.0,0.0,0.5,0.5,0.0,0.0,False,Qwen/Qwen3-Coder-30B-A3B-Instruct-FP8,None
3260,Bar,Easy,0.34172213077545166,0.6834442615509033,2,0.0,0.0,0.0,0.0,0.5,0.0,0.0,0.0,0.0,0.5,0.5,0.0,0.0,False,Qwen/Qwen3-Coder-30B-A3B-Instruct-FP8,None
3262,Pie,Easy,0.2839146852493286,0.5678293704986572,2,0.0,0.0,0.0,0.0,0.5,0.0,0.0,0.0,0.0,0.5,0.5,0.0,0.0,False,Qwen/Qwen3-Coder-30B-A3B-Instruct-FP8,None
3262,Pie,Easy,0.2839146852493286,0.5678293704986572,2,0.0,0.0,0.0,0.0,0.5,0.0,0.0,0.0,0.0,0.5,0.5,0.0,0.0,False,Qwen/Qwen3-Coder-30B-A3B-Instruct-FP8,None
3262,Pie,Easy,0.2839146852493286,0.5678293704986572,2,0.0,0.0,0.0,0.0,0.5,0.0,0.0,0.0,0.0,0.5,0.5,0.0,0.0,False,Qwen/Qwen3-Coder-30B-A3B-Instruct-FP8,None
3263,Bar,Easy,0.29081042607625324,0.8724312782287598,3,0.0,0.0,0.0,0.0,0.0,0.0,0.0,0.0,0.0,0.0,1.0,0.0,0.0,False,Qwen/Qwen3-Coder-30B-A3B-Instruct-FP8,None
3263,Bar,Easy,0.29081042607625324,0.8724312782287598,3,0.0,0.0,0.0,0.0,0.0,0.0,0.0,0.0,0.0,0.0,1.0,0.0,0.0,False,Qwen/Qwen3-Coder-30B-A3B-Instruct-FP8,None
3263,Bar,Easy,0.29081042607625324,0.8724312782287598,3,0.0,0.0,0.0,0.0,0.0,0.0,0.0,0.0,0.0,0.0,1.0,0.0,0.0,False,Qwen/Qwen3-Coder-30B-A3B-Instruct-FP8,None
3264,Pie,Easy,0.24734723567962646,0.49469447135925293,2,0.0,0.0,0.0,0.0,0.0,0.0,0.0,0.0,0.0,0.0,1.0,0.0,0.0,False,Qwen/Qwen3-Coder-30B-A3B-Instruct-FP8,None
3264,Pie,Easy,0.24734723567962646,0.49469447135925293,2,0.0,0.0,0.0,0.0,0.0,0.0,0.0,0.0,0.0,0.0,1.0,0.0,0.0,False,Qwen/Qwen3-Coder-30B-A3B-Instruct-FP8,None
3264,Pie,Easy,0.24734723567962646,0.49469447135925293,2,0.0,0.0,0.0,0.0,0.0,0.0,0.0,0.0,0.0,0.0,1.0,0.0,0.0,False,Qwen/Qwen3-Coder-30B-A3B-Instruct-FP8,None
3265,Pie,Medium,0.4149584372838338,2.489750623703003,6,0.0,0.0,0.0,0.0,0.0,0.0,0.0,0.0,0.0,0.0,1.0,0.0,0.0,True,Qwen/Qwen3-Coder-30B-A3B-Instruct-FP8,None
3265,Pie,Medium,0.4149584372838338,2.489750623703003,6,0.0,0.0,0.0,0.0,0.0,0.0,0.0,0.0,0.0,0.0,1.0,0.0,0.0,True,Qwen/Qwen3-Coder-30B-A3B-Instruct-FP8,None
3265,Pie,Medium,0.4149584372838338,2.489750623703003,6,0.0,0.0,0.0,0.0,0.0,0.0,0.0,0.0,0.0,0.0,1.0,0.0,0.0,True,Qwen/Qwen3-Coder-30B-A3B-Instruct-FP8,None
3268,Pie,Medium,1.844375491142273,3.688750982284546,2,0.0,0.0,0.0,0.0,0.0,0.0,0.0,0.0,0.0,0.0,1.0,0.0,0.0,False,Qwen/Qwen3-Coder-30B-A3B-Instruct-FP8,None
3268,Pie,Medium,1.844375491142273,3.688750982284546,2,0.0,0.0,0.0,0.0,0.0,0.0,0.0,0.0,0.0,0.0,1.0,0.0,0.0,False,Qwen/Qwen3-Coder-30B-A3B-Instruct-FP8,None
3268,Pie,Medium,1.844375491142273,3.688750982284546,2,0.0,0.0,0.0,0.0,0.0,0.0,0.0,0.0,0.0,0.0,1.0,0.0,0.0,False,Qwen/Qwen3-Coder-30B-A3B-Instruct-FP8,None
3270,Scatter,Medium,3.7326645851135254,3.7326645851135254,1,0.0,0.0,0.0,0.0,0.0,0.0,0.0,0.0,0.0,0.0,1.0,0.0,0.0,False,Qwen/Qwen3-Coder-30B-A3B-Instruct-FP8,None
3270,Scatter,Medium,3.7326645851135254,3.7326645851135254,1,0.0,0.0,0.0,0.0,0.0,0.0,0.0,0.0,0.0,0.0,1.0,0.0,0.0,False,Qwen/Qwen3-Coder-30B-A3B-Instruct-FP8,None
3270,Scatter,Medium,3.7326645851135254,3.7326645851135254,1,0.0,0.0,0.0,0.0,0.0,0.0,0.0,0.0,0.0,0.0,1.0,0.0,0.0,False,Qwen/Qwen3-Coder-30B-A3B-Instruct-FP8,None
3271,Pie,Medium,0.43922924995422363,0.8784584999084473,2,0.0,0.0,0.0,0.0,0.5,0.0,0.0,0.0,0.0,0.5,0.5,0.0,0.0,False,Qwen/Qwen3-Coder-30B-A3B-Instruct-FP8,None
3271,Pie,Medium,0.43922924995422363,0.8784584999084473,2,0.0,0.0,0.0,0.0,0.5,0.0,0.0,0.0,0.0,0.5,0.5,0.0,0.0,False,Qwen/Qwen3-Coder-30B-A3B-Instruct-FP8,None
3271,Pie,Medium,0.43922924995422363,0.8784584999084473,2,0.0,0.0,0.0,0.0,0.5,0.0,0.0,0.0,0.0,0.5,0.5,0.0,0.0,False,Qwen/Qwen3-Coder-30B-A3B-Instruct-FP8,None
3272,Grouping Scatter,Medium,0.48122620582580566,0.48122620582580566,1,0.0,0.0,0.0,0.0,1.0,0.0,0.0,0.0,0.0,1.0,0.0,,0.0,False,Qwen/Qwen3-Coder-30B-A3B-Instruct-FP8,None
3272,Grouping Scatter,Medium,0.48122620582580566,0.48122620582580566,1,0.0,0.0,0.0,0.0,1.0,0.0,0.0,0.0,0.0,1.0,0.0,,0.0,False,Qwen/Qwen3-Coder-30B-A3B-Instruct-FP8,None
3272,Grouping Scatter,Medium,0.48122620582580566,0.48122620582580566,1,0.0,0.0,0.0,0.0,1.0,0.0,0.0,0.0,0.0,1.0,0.0,,0.0,False,Qwen/Qwen3-Coder-30B-A3B-Instruct-FP8,None
3273,Pie,Hard,0.5927295684814453,1.1854591369628906,2,0.0,0.0,0.0,0.0,0.0,0.0,0.0,0.0,0.0,0.0,1.0,0.0,0.0,True,Qwen/Qwen3-Coder-30B-A3B-Instruct-FP8,None
3273,Pie,Hard,0.5927295684814453,1.1854591369628906,2,0.0,0.0,0.0,0.0,0.0,0.0,0.0,0.0,0.0,0.0,1.0,0.0,0.0,True,Qwen/Qwen3-Coder-30B-A3B-Instruct-FP8,None
3273,Pie,Hard,0.5927295684814453,1.1854591369628906,2,0.0,0.0,0.0,0.0,0.0,0.0,0.0,0.0,0.0,0.0,1.0,0.0,0.0,True,Qwen/Qwen3-Coder-30B-A3B-Instruct-FP8,None
3274,Bar,Hard,0.6136667728424072,1.2273335456848145,2,0.0,0.0,0.0,0.0,0.0,0.0,0.0,0.0,0.0,0.0,1.0,0.0,0.0,True,Qwen/Qwen3-Coder-30B-A3B-Instruct-FP8,None
3274,Bar,Hard,0.6136667728424072,1.2273335456848145,2,0.0,0.0,0.0,0.0,0.0,0.0,0.0,0.0,0.0,0.0,1.0,0.0,0.0,True,Qwen/Qwen3-Coder-30B-A3B-Instruct-FP8,None
3274,Bar,Hard,0.6136667728424072,1.2273335456848145,2,0.0,0.0,0.0,0.0,0.0,0.0,0.0,0.0,0.0,0.0,1.0,0.0,0.0,True,Qwen/Qwen3-Coder-30B-A3B-Instruct-FP8,None
3278,Pie,Easy,0.2728395462036133,1.0913581848144531,4,0.0,0.0,0.0,0.0,0.5,0.0,0.0,0.0,0.0,0.5,0.5,0.0,0.0,False,Qwen/Qwen3-Coder-30B-A3B-Instruct-FP8,None
3278,Pie,Easy,0.2728395462036133,1.0913581848144531,4,0.0,0.0,0.0,0.0,0.5,0.0,0.0,0.0,0.0,0.5,0.5,0.0,0.0,False,Qwen/Qwen3-Coder-30B-A3B-Instruct-FP8,None
3278,Pie,Easy,0.2728395462036133,1.0913581848144531,4,0.0,0.0,0.0,0.0,0.5,0.0,0.0,0.0,0.0,0.5,0.5,0.0,0.0,False,Qwen/Qwen3-Coder-30B-A3B-Instruct-FP8,None
3291,Bar,Medium,0.4356365203857422,0.4356365203857422,1,0.0,0.0,0.0,0.0,0.0,0.0,0.0,0.0,0.0,0.0,1.0,0.0,0.0,False,Qwen/Qwen3-Coder-30B-A3B-Instruct-FP8,None
3291,Bar,Medium,0.4356365203857422,0.4356365203857422,1,0.0,0.0,0.0,0.0,0.0,0.0,0.0,0.0,0.0,0.0,1.0,0.0,0.0,False,Qwen/Qwen3-Coder-30B-A3B-Instruct-FP8,None
3291,Bar,Medium,0.4356365203857422,0.4356365203857422,1,0.0,0.0,0.0,0.0,0.0,0.0,0.0,0.0,0.0,0.0,1.0,0.0,0.0,False,Qwen/Qwen3-Coder-30B-A3B-Instruct-FP8,None
372@y_name@DESC,Bar,Medium,0.4805145263671875,0.4805145263671875,1,0.0,0.0,0.0,0.0,0.0,0.0,0.0,0.0,0.0,0.0,1.0,0.0,0.0,False,Qwen/Qwen3-Coder-30B-A3B-Instruct-FP8,None
372@y_name@DESC,Bar,Medium,0.4805145263671875,0.4805145263671875,1,0.0,0.0,0.0,0.0,0.0,0.0,0.0,0.0,0.0,0.0,1.0,0.0,0.0,False,Qwen/Qwen3-Coder-30B-A3B-Instruct-FP8,None
372@y_name@DESC,Bar,Medium,0.4805145263671875,0.4805145263671875,1,0.0,0.0,0.0,0.0,0.0,0.0,0.0,0.0,0.0,0.0,1.0,0.0,0.0,False,Qwen/Qwen3-Coder-30B-A3B-Instruct-FP8,None
2443@y_name@ASC,Bar,Hard,0.5372787117958069,2.1491148471832275,4,0.0,0.0,0.0,0.0,0.0,0.0,0.0,0.0,0.0,0.0,1.0,0.0,0.0,True,Qwen/Qwen3-Coder-30B-A3B-Instruct-FP8,None
2443@y_name@ASC,Bar,Hard,0.5372787117958069,2.1491148471832275,4,0.0,0.0,0.0,0.0,0.0,0.0,0.0,0.0,0.0,0.0,1.0,0.0,0.0,True,Qwen/Qwen3-Coder-30B-A3B-Instruct-FP8,None
2443@y_name@ASC,Bar,Hard,0.5372787117958069,2.1491148471832275,4,0.0,0.0,0.0,0.0,0.0,0.0,0.0,0.0,0.0,0.0,1.0,0.0,0.0,True,Qwen/Qwen3-Coder-30B-A3B-Instruct-FP8,None
2450@x_name@DESC,Bar,Medium,1.1458609580993653,5.729304790496826,5,0.0,0.0,0.0,0.2,0.2,0.6,0.0,0.0,0.0,0.8,0.2,0.0,0.0,False,Qwen/Qwen3-Coder-30B-A3B-Instruct-FP8,None
2450@x_name@DESC,Bar,Medium,1.1458609580993653,5.729304790496826,5,0.0,0.0,0.0,0.2,0.2,0.6,0.0,0.0,0.0,0.8,0.2,0.0,0.0,False,Qwen/Qwen3-Coder-30B-A3B-Instruct-FP8,None
2450@x_name@DESC,Bar,Medium,1.1458609580993653,5.729304790496826,5,0.0,0.0,0.0,0.2,0.2,0.6,0.0,0.0,0.0,0.8,0.2,0.0,0.0,False,Qwen/Qwen3-Coder-30B-A3B-Instruct-FP8,None
1384@y_name@ASC,Bar,Medium,0.35652315616607666,0.7130463123321533,2,0.0,0.0,0.0,0.0,0.0,0.0,0.0,0.0,0.0,0.0,1.0,0.0,0.0,False,Qwen/Qwen3-Coder-30B-A3B-Instruct-FP8,None
1384@y_name@ASC,Bar,Medium,0.35652315616607666,0.7130463123321533,2,0.0,0.0,0.0,0.0,0.0,0.0,0.0,0.0,0.0,0.0,1.0,0.0,0.0,False,Qwen/Qwen3-Coder-30B-A3B-Instruct-FP8,None
1384@y_name@ASC,Bar,Medium,0.35652315616607666,0.7130463123321533,2,0.0,0.0,0.0,0.0,0.0,0.0,0.0,0.0,0.0,0.0,1.0,0.0,0.0,False,Qwen/Qwen3-Coder-30B-A3B-Instruct-FP8,None
1388@x_name@ASC,Line,Hard,0.43620502948760986,0.8724100589752197,2,0.0,0.0,0.0,0.0,0.0,0.0,0.0,0.0,0.0,0.0,1.0,0.0,0.0,True,Qwen/Qwen3-Coder-30B-A3B-Instruct-FP8,None
1388@x_name@ASC,Line,Hard,0.43620502948760986,0.8724100589752197,2,0.0,0.0,0.0,0.0,0.0,0.0,0.0,0.0,0.0,0.0,1.0,0.0,0.0,True,Qwen/Qwen3-Coder-30B-A3B-Instruct-FP8,None
1388@x_name@ASC,Line,Hard,0.43620502948760986,0.8724100589752197,2,0.0,0.0,0.0,0.0,0.0,0.0,0.0,0.0,0.0,0.0,1.0,0.0,0.0,True,Qwen/Qwen3-Coder-30B-A3B-Instruct-FP8,None
1390@y_name@DESC,Bar,Hard,0.5696998834609985,1.139399766921997,2,0.0,0.0,0.0,0.0,0.0,0.0,0.0,0.0,0.0,0.0,1.0,0.0,0.0,True,Qwen/Qwen3-Coder-30B-A3B-Instruct-FP8,None
1390@y_name@DESC,Bar,Hard,0.5696998834609985,1.139399766921997,2,0.0,0.0,0.0,0.0,0.0,0.0,0.0,0.0,0.0,0.0,1.0,0.0,0.0,True,Qwen/Qwen3-Coder-30B-A3B-Instruct-FP8,None
1390@y_name@DESC,Bar,Hard,0.5696998834609985,1.139399766921997,2,0.0,0.0,0.0,0.0,0.0,0.0,0.0,0.0,0.0,0.0,1.0,0.0,0.0,True,Qwen/Qwen3-Coder-30B-A3B-Instruct-FP8,None
3204@y_name@DESC,Bar,Medium,0.34998488426208496,1.0499546527862549,3,0.0,0.0,0.0,0.0,0.3333333333333333,0.0,0.0,0.0,0.0,0.3333333333333333,0.6666666666666666,0.0,0.0,False,Qwen/Qwen3-Coder-30B-A3B-Instruct-FP8,None
3204@y_name@DESC,Bar,Medium,0.34998488426208496,1.0499546527862549,3,0.0,0.0,0.0,0.0,0.3333333333333333,0.0,0.0,0.0,0.0,0.3333333333333333,0.6666666666666666,0.0,0.0,False,Qwen/Qwen3-Coder-30B-A3B-Instruct-FP8,None
3204@y_name@DESC,Bar,Medium,0.34998488426208496,1.0499546527862549,3,0.0,0.0,0.0,0.0,0.3333333333333333,0.0,0.0,0.0,0.0,0.3333333333333333,0.6666666666666666,0.0,0.0,False,Qwen/Qwen3-Coder-30B-A3B-Instruct-FP8,None
1475@y_name@DESC,Bar,Hard,3.6460111141204834,3.6460111141204834,1,0.0,0.0,0.0,0.0,0.0,0.0,0.0,0.0,0.0,0.0,1.0,0.0,0.0,True,Qwen/Qwen3-Coder-30B-A3B-Instruct-FP8,None
1475@y_name@DESC,Bar,Hard,3.6460111141204834,3.6460111141204834,1,0.0,0.0,0.0,0.0,0.0,0.0,0.0,0.0,0.0,0.0,1.0,0.0,0.0,True,Qwen/Qwen3-Coder-30B-A3B-Instruct-FP8,None
1475@y_name@DESC,Bar,Hard,3.6460111141204834,3.6460111141204834,1,0.0,0.0,0.0,0.0,0.0,0.0,0.0,0.0,0.0,0.0,1.0,0.0,0.0,True,Qwen/Qwen3-Coder-30B-A3B-Instruct-FP8,None
1478@y_name@DESC,Bar,Extra Hard,0.7356874942779541,0.7356874942779541,1,0.0,0.0,0.0,0.0,0.0,0.0,0.0,0.0,0.0,0.0,1.0,0.0,0.0,True,Qwen/Qwen3-Coder-30B-A3B-Instruct-FP8,None
1478@y_name@DESC,Bar,Extra Hard,0.7356874942779541,0.7356874942779541,1,0.0,0.0,0.0,0.0,0.0,0.0,0.0,0.0,0.0,0.0,1.0,0.0,0.0,True,Qwen/Qwen3-Coder-30B-A3B-Instruct-FP8,None
1478@y_name@DESC,Bar,Extra Hard,0.7356874942779541,0.7356874942779541,1,0.0,0.0,0.0,0.0,0.0,0.0,0.0,0.0,0.0,0.0,1.0,0.0,0.0,True,Qwen/Qwen3-Coder-30B-A3B-Instruct-FP8,None
1484@x_name@ASC,Grouping Line,Hard,4.363484144210815,4.363484144210815,1,0.0,0.0,0.0,0.0,1.0,0.0,0.0,0.0,0.0,1.0,0.0,,0.0,False,Qwen/Qwen3-Coder-30B-A3B-Instruct-FP8,None
1484@x_name@ASC,Grouping Line,Hard,4.363484144210815,4.363484144210815,1,0.0,0.0,0.0,0.0,1.0,0.0,0.0,0.0,0.0,1.0,0.0,,0.0,False,Qwen/Qwen3-Coder-30B-A3B-Instruct-FP8,None
1484@x_name@ASC,Grouping Line,Hard,4.363484144210815,4.363484144210815,1,0.0,0.0,0.0,0.0,1.0,0.0,0.0,0.0,0.0,1.0,0.0,,0.0,False,Qwen/Qwen3-Coder-30B-A3B-Instruct-FP8,None
1487@y_name@ASC,Stacked Bar,Hard,0.5371168851852417,1.0742337703704834,2,0.0,0.0,0.0,0.0,0.0,1.0,0.0,0.0,0.0,1.0,0.0,,0.0,False,Qwen/Qwen3-Coder-30B-A3B-Instruct-FP8,None
1487@y_name@ASC,Stacked Bar,Hard,0.5371168851852417,1.0742337703704834,2,0.0,0.0,0.0,0.0,0.0,1.0,0.0,0.0,0.0,1.0,0.0,,0.0,False,Qwen/Qwen3-Coder-30B-A3B-Instruct-FP8,None
1487@y_name@ASC,Stacked Bar,Hard,0.5371168851852417,1.0742337703704834,2,0.0,0.0,0.0,0.0,0.0,1.0,0.0,0.0,0.0,1.0,0.0,,0.0,False,Qwen/Qwen3-Coder-30B-A3B-Instruct-FP8,None
1488@x_name@DESC,Stacked Bar,Hard,3.8605785369873047,3.8605785369873047,1,0.0,0.0,0.0,0.0,1.0,0.0,0.0,0.0,0.0,1.0,0.0,,0.0,False,Qwen/Qwen3-Coder-30B-A3B-Instruct-FP8,None
1488@x_name@DESC,Stacked Bar,Hard,3.8605785369873047,3.8605785369873047,1,0.0,0.0,0.0,0.0,1.0,0.0,0.0,0.0,0.0,1.0,0.0,,0.0,False,Qwen/Qwen3-Coder-30B-A3B-Instruct-FP8,None
1488@x_name@DESC,Stacked Bar,Hard,3.8605785369873047,3.8605785369873047,1,0.0,0.0,0.0,0.0,1.0,0.0,0.0,0.0,0.0,1.0,0.0,,0.0,False,Qwen/Qwen3-Coder-30B-A3B-Instruct-FP8,None
1491@y_name@DESC,Bar,Medium,0.3788512945175171,0.7577025890350342,2,0.0,0.0,0.0,0.0,0.0,0.0,0.0,0.0,0.0,0.0,1.0,0.0,0.0,False,Qwen/Qwen3-Coder-30B-A3B-Instruct-FP8,None
1491@y_name@DESC,Bar,Medium,0.3788512945175171,0.7577025890350342,2,0.0,0.0,0.0,0.0,0.0,0.0,0.0,0.0,0.0,0.0,1.0,0.0,0.0,False,Qwen/Qwen3-Coder-30B-A3B-Instruct-FP8,None
1491@y_name@DESC,Bar,Medium,0.3788512945175171,0.7577025890350342,2,0.0,0.0,0.0,0.0,0.0,0.0,0.0,0.0,0.0,0.0,1.0,0.0,0.0,False,Qwen/Qwen3-Coder-30B-A3B-Instruct-FP8,None
1493@y_name@ASC,Bar,Medium,0.5815094709396362,1.1630189418792725,2,0.0,0.0,0.0,0.0,0.0,0.0,0.0,0.0,0.0,0.0,1.0,0.0,0.0,False,Qwen/Qwen3-Coder-30B-A3B-Instruct-FP8,None
1493@y_name@ASC,Bar,Medium,0.5815094709396362,1.1630189418792725,2,0.0,0.0,0.0,0.0,0.0,0.0,0.0,0.0,0.0,0.0,1.0,0.0,0.0,False,Qwen/Qwen3-Coder-30B-A3B-Instruct-FP8,None
1493@y_name@ASC,Bar,Medium,0.5815094709396362,1.1630189418792725,2,0.0,0.0,0.0,0.0,0.0,0.0,0.0,0.0,0.0,0.0,1.0,0.0,0.0,False,Qwen/Qwen3-Coder-30B-A3B-Instruct-FP8,None
1494@x_name@ASC,Line,Medium,0.4490480422973633,0.4490480422973633,1,0.0,0.0,0.0,0.0,0.0,0.0,0.0,0.0,0.0,0.0,1.0,0.0,0.0,False,Qwen/Qwen3-Coder-30B-A3B-Instruct-FP8,None
1494@x_name@ASC,Line,Medium,0.4490480422973633,0.4490480422973633,1,0.0,0.0,0.0,0.0,0.0,0.0,0.0,0.0,0.0,0.0,1.0,0.0,0.0,False,Qwen/Qwen3-Coder-30B-A3B-Instruct-FP8,None
1494@x_name@ASC,Line,Medium,0.4490480422973633,0.4490480422973633,1,0.0,0.0,0.0,0.0,0.0,0.0,0.0,0.0,0.0,0.0,1.0,0.0,0.0,False,Qwen/Qwen3-Coder-30B-A3B-Instruct-FP8,None
1495@x_name@ASC,Line,Medium,0.4285735289255778,1.2857205867767334,3,0.0,0.0,0.0,0.0,0.0,0.0,0.0,0.0,0.0,0.0,1.0,0.0,0.0,False,Qwen/Qwen3-Coder-30B-A3B-Instruct-FP8,None
1495@x_name@ASC,Line,Medium,0.4285735289255778,1.2857205867767334,3,0.0,0.0,0.0,0.0,0.0,0.0,0.0,0.0,0.0,0.0,1.0,0.0,0.0,False,Qwen/Qwen3-Coder-30B-A3B-Instruct-FP8,None
1495@x_name@ASC,Line,Medium,0.4285735289255778,1.2857205867767334,3,0.0,0.0,0.0,0.0,0.0,0.0,0.0,0.0,0.0,0.0,1.0,0.0,0.0,False,Qwen/Qwen3-Coder-30B-A3B-Instruct-FP8,None
1523@x_name@DESC,Bar,Extra Hard,0.6872093677520752,0.6872093677520752,1,0.0,0.0,0.0,0.0,0.0,0.0,0.0,0.0,0.0,0.0,1.0,0.0,0.0,True,Qwen/Qwen3-Coder-30B-A3B-Instruct-FP8,None
1523@x_name@DESC,Bar,Extra Hard,0.6872093677520752,0.6872093677520752,1,0.0,0.0,0.0,0.0,0.0,0.0,0.0,0.0,0.0,0.0,1.0,0.0,0.0,True,Qwen/Qwen3-Coder-30B-A3B-Instruct-FP8,None
1523@x_name@DESC,Bar,Extra Hard,0.6872093677520752,0.6872093677520752,1,0.0,0.0,0.0,0.0,0.0,0.0,0.0,0.0,0.0,0.0,1.0,0.0,0.0,True,Qwen/Qwen3-Coder-30B-A3B-Instruct-FP8,None
1525@y_name@ASC,Bar,Hard,0.5024072329203287,1.5072216987609863,3,0.0,0.0,0.0,0.0,0.0,0.0,0.0,0.0,0.0,0.0,1.0,0.0,0.0,True,Qwen/Qwen3-Coder-30B-A3B-Instruct-FP8,None
1525@y_name@ASC,Bar,Hard,0.5024072329203287,1.5072216987609863,3,0.0,0.0,0.0,0.0,0.0,0.0,0.0,0.0,0.0,0.0,1.0,0.0,0.0,True,Qwen/Qwen3-Coder-30B-A3B-Instruct-FP8,None
1525@y_name@ASC,Bar,Hard,0.5024072329203287,1.5072216987609863,3,0.0,0.0,0.0,0.0,0.0,0.0,0.0,0.0,0.0,0.0,1.0,0.0,0.0,True,Qwen/Qwen3-Coder-30B-A3B-Instruct-FP8,None
1532@x_name@DESC,Bar,Hard,0.4964389006296794,1.489316701889038,3,0.0,0.0,0.0,0.0,0.0,0.3333333333333333,0.0,0.0,0.0,0.3333333333333333,0.6666666666666666,0.0,0.0,True,Qwen/Qwen3-Coder-30B-A3B-Instruct-FP8,None
1532@x_name@DESC,Bar,Hard,0.4964389006296794,1.489316701889038,3,0.0,0.0,0.0,0.0,0.0,0.3333333333333333,0.0,0.0,0.0,0.3333333333333333,0.6666666666666666,0.0,0.0,True,Qwen/Qwen3-Coder-30B-A3B-Instruct-FP8,None
1532@x_name@DESC,Bar,Hard,0.4964389006296794,1.489316701889038,3,0.0,0.0,0.0,0.0,0.0,0.3333333333333333,0.0,0.0,0.0,0.3333333333333333,0.6666666666666666,0.0,0.0,True,Qwen/Qwen3-Coder-30B-A3B-Instruct-FP8,None
2308@y_name@DESC,Bar,Medium,0.41654181480407715,0.41654181480407715,1,0.0,0.0,0.0,0.0,0.0,0.0,0.0,0.0,0.0,0.0,1.0,0.0,0.0,False,Qwen/Qwen3-Coder-30B-A3B-Instruct-FP8,None
2308@y_name@DESC,Bar,Medium,0.41654181480407715,0.41654181480407715,1,0.0,0.0,0.0,0.0,0.0,0.0,0.0,0.0,0.0,0.0,1.0,0.0,0.0,False,Qwen/Qwen3-Coder-30B-A3B-Instruct-FP8,None
2308@y_name@DESC,Bar,Medium,0.41654181480407715,0.41654181480407715,1,0.0,0.0,0.0,0.0,0.0,0.0,0.0,0.0,0.0,0.0,1.0,0.0,0.0,False,Qwen/Qwen3-Coder-30B-A3B-Instruct-FP8,None
2310@x_name@DESC,Bar,Hard,0.5639188289642334,0.5639188289642334,1,0.0,0.0,0.0,0.0,0.0,1.0,0.0,0.0,0.0,1.0,0.0,,0.0,True,Qwen/Qwen3-Coder-30B-A3B-Instruct-FP8,None
2310@x_name@DESC,Bar,Hard,0.5639188289642334,0.5639188289642334,1,0.0,0.0,0.0,0.0,0.0,1.0,0.0,0.0,0.0,1.0,0.0,,0.0,True,Qwen/Qwen3-Coder-30B-A3B-Instruct-FP8,None
2310@x_name@DESC,Bar,Hard,0.5639188289642334,0.5639188289642334,1,0.0,0.0,0.0,0.0,0.0,1.0,0.0,0.0,0.0,1.0,0.0,,0.0,True,Qwen/Qwen3-Coder-30B-A3B-Instruct-FP8,None
2314@x_name@DESC,Bar,Medium,2.344740629196167,4.689481258392334,2,0.0,0.0,0.0,0.0,0.0,0.0,0.0,0.0,0.0,0.0,1.0,0.0,0.0,True,Qwen/Qwen3-Coder-30B-A3B-Instruct-FP8,None
2314@x_name@DESC,Bar,Medium,2.344740629196167,4.689481258392334,2,0.0,0.0,0.0,0.0,0.0,0.0,0.0,0.0,0.0,0.0,1.0,0.0,0.0,True,Qwen/Qwen3-Coder-30B-A3B-Instruct-FP8,None
2314@x_name@DESC,Bar,Medium,2.344740629196167,4.689481258392334,2,0.0,0.0,0.0,0.0,0.0,0.0,0.0,0.0,0.0,0.0,1.0,0.0,0.0,True,Qwen/Qwen3-Coder-30B-A3B-Instruct-FP8,None
2831@x_name@DESC,Bar,Medium,0.3615267276763916,1.0845801830291748,3,0.0,0.0,0.0,0.0,0.0,0.6666666666666666,0.0,0.0,0.0,0.6666666666666666,0.3333333333333333,0.0,0.0,False,Qwen/Qwen3-Coder-30B-A3B-Instruct-FP8,None
2831@x_name@DESC,Bar,Medium,0.3615267276763916,1.0845801830291748,3,0.0,0.0,0.0,0.0,0.0,0.6666666666666666,0.0,0.0,0.0,0.6666666666666666,0.3333333333333333,0.0,0.0,False,Qwen/Qwen3-Coder-30B-A3B-Instruct-FP8,None
2831@x_name@DESC,Bar,Medium,0.3615267276763916,1.0845801830291748,3,0.0,0.0,0.0,0.0,0.0,0.6666666666666666,0.0,0.0,0.0,0.6666666666666666,0.3333333333333333,0.0,0.0,False,Qwen/Qwen3-Coder-30B-A3B-Instruct-FP8,None
2834@x_name@DESC,Bar,Medium,0.35573887825012207,0.35573887825012207,1,0.0,0.0,0.0,0.0,0.0,1.0,0.0,0.0,0.0,1.0,0.0,,0.0,False,Qwen/Qwen3-Coder-30B-A3B-Instruct-FP8,None
2834@x_name@DESC,Bar,Medium,0.35573887825012207,0.35573887825012207,1,0.0,0.0,0.0,0.0,0.0,1.0,0.0,0.0,0.0,1.0,0.0,,0.0,False,Qwen/Qwen3-Coder-30B-A3B-Instruct-FP8,None
2834@x_name@DESC,Bar,Medium,0.35573887825012207,0.35573887825012207,1,0.0,0.0,0.0,0.0,0.0,1.0,0.0,0.0,0.0,1.0,0.0,,0.0,False,Qwen/Qwen3-Coder-30B-A3B-Instruct-FP8,None
2838@x_name@ASC,Bar,Medium,0.33023059368133545,0.6604611873626709,2,0.0,0.0,0.0,0.0,0.0,0.0,0.0,0.0,0.0,0.0,1.0,0.0,0.0,False,Qwen/Qwen3-Coder-30B-A3B-Instruct-FP8,None
2838@x_name@ASC,Bar,Medium,0.33023059368133545,0.6604611873626709,2,0.0,0.0,0.0,0.0,0.0,0.0,0.0,0.0,0.0,0.0,1.0,0.0,0.0,False,Qwen/Qwen3-Coder-30B-A3B-Instruct-FP8,None
2838@x_name@ASC,Bar,Medium,0.33023059368133545,0.6604611873626709,2,0.0,0.0,0.0,0.0,0.0,0.0,0.0,0.0,0.0,0.0,1.0,0.0,0.0,False,Qwen/Qwen3-Coder-30B-A3B-Instruct-FP8,None
2841@y_name@ASC,Bar,Medium,0.4473217725753784,0.8946435451507568,2,0.0,0.0,0.0,0.0,0.0,0.0,0.0,0.0,0.0,0.0,1.0,0.0,0.0,False,Qwen/Qwen3-Coder-30B-A3B-Instruct-FP8,None
2841@y_name@ASC,Bar,Medium,0.4473217725753784,0.8946435451507568,2,0.0,0.0,0.0,0.0,0.0,0.0,0.0,0.0,0.0,0.0,1.0,0.0,0.0,False,Qwen/Qwen3-Coder-30B-A3B-Instruct-FP8,None
2841@y_name@ASC,Bar,Medium,0.4473217725753784,0.8946435451507568,2,0.0,0.0,0.0,0.0,0.0,0.0,0.0,0.0,0.0,0.0,1.0,0.0,0.0,False,Qwen/Qwen3-Coder-30B-A3B-Instruct-FP8,None
2844@y_name@DESC,Bar,Medium,1.8123469352722168,3.6246938705444336,2,0.0,0.0,0.0,0.0,0.0,0.0,0.0,0.0,0.0,0.0,1.0,0.0,0.0,False,Qwen/Qwen3-Coder-30B-A3B-Instruct-FP8,None
2844@y_name@DESC,Bar,Medium,1.8123469352722168,3.6246938705444336,2,0.0,0.0,0.0,0.0,0.0,0.0,0.0,0.0,0.0,0.0,1.0,0.0,0.0,False,Qwen/Qwen3-Coder-30B-A3B-Instruct-FP8,None
2844@y_name@DESC,Bar,Medium,1.8123469352722168,3.6246938705444336,2,0.0,0.0,0.0,0.0,0.0,0.0,0.0,0.0,0.0,0.0,1.0,0.0,0.0,False,Qwen/Qwen3-Coder-30B-A3B-Instruct-FP8,None
2845@y_name@ASC,Bar,Extra Hard,0.6825747489929199,0.6825747489929199,1,0.0,0.0,0.0,0.0,0.0,0.0,0.0,0.0,0.0,0.0,1.0,0.0,0.0,True,Qwen/Qwen3-Coder-30B-A3B-Instruct-FP8,None
2845@y_name@ASC,Bar,Extra Hard,0.6825747489929199,0.6825747489929199,1,0.0,0.0,0.0,0.0,0.0,0.0,0.0,0.0,0.0,0.0,1.0,0.0,0.0,True,Qwen/Qwen3-Coder-30B-A3B-Instruct-FP8,None
2845@y_name@ASC,Bar,Extra Hard,0.6825747489929199,0.6825747489929199,1,0.0,0.0,0.0,0.0,0.0,0.0,0.0,0.0,0.0,0.0,1.0,0.0,0.0,True,Qwen/Qwen3-Coder-30B-A3B-Instruct-FP8,None
2544@y_name@ASC,Bar,Medium,0.3801538944244385,1.1404616832733154,3,0.0,0.0,0.0,0.0,0.0,0.0,0.0,0.0,0.0,0.0,1.0,0.0,0.0,False,Qwen/Qwen3-Coder-30B-A3B-Instruct-FP8,None
2544@y_name@ASC,Bar,Medium,0.3801538944244385,1.1404616832733154,3,0.0,0.0,0.0,0.0,0.0,0.0,0.0,0.0,0.0,0.0,1.0,0.0,0.0,False,Qwen/Qwen3-Coder-30B-A3B-Instruct-FP8,None
2544@y_name@ASC,Bar,Medium,0.3801538944244385,1.1404616832733154,3,0.0,0.0,0.0,0.0,0.0,0.0,0.0,0.0,0.0,0.0,1.0,0.0,0.0,False,Qwen/Qwen3-Coder-30B-A3B-Instruct-FP8,None
2865@y_name@ASC,Bar,Hard,0.5496919949849447,1.649075984954834,3,0.0,0.0,0.0,0.0,0.0,0.0,0.0,0.0,0.0,0.0,1.0,0.0,0.0,True,Qwen/Qwen3-Coder-30B-A3B-Instruct-FP8,None
2865@y_name@ASC,Bar,Hard,0.5496919949849447,1.649075984954834,3,0.0,0.0,0.0,0.0,0.0,0.0,0.0,0.0,0.0,0.0,1.0,0.0,0.0,True,Qwen/Qwen3-Coder-30B-A3B-Instruct-FP8,None
2865@y_name@ASC,Bar,Hard,0.5496919949849447,1.649075984954834,3,0.0,0.0,0.0,0.0,0.0,0.0,0.0,0.0,0.0,0.0,1.0,0.0,0.0,True,Qwen/Qwen3-Coder-30B-A3B-Instruct-FP8,None
2867@x_name@ASC,Bar,Hard,0.5069303512573242,1.0138607025146484,2,0.0,0.0,0.0,0.0,0.0,0.0,0.0,0.0,0.0,0.0,1.0,0.0,0.0,True,Qwen/Qwen3-Coder-30B-A3B-Instruct-FP8,None
2867@x_name@ASC,Bar,Hard,0.5069303512573242,1.0138607025146484,2,0.0,0.0,0.0,0.0,0.0,0.0,0.0,0.0,0.0,0.0,1.0,0.0,0.0,True,Qwen/Qwen3-Coder-30B-A3B-Instruct-FP8,None
2867@x_name@ASC,Bar,Hard,0.5069303512573242,1.0138607025146484,2,0.0,0.0,0.0,0.0,0.0,0.0,0.0,0.0,0.0,0.0,1.0,0.0,0.0,True,Qwen/Qwen3-Coder-30B-A3B-Instruct-FP8,None
2868@y_name@ASC,Bar,Medium,0.45180177688598633,0.9036035537719727,2,0.0,0.0,0.0,0.0,0.5,0.0,0.0,0.0,0.0,0.5,0.5,0.0,0.0,False,Qwen/Qwen3-Coder-30B-A3B-Instruct-FP8,None
2868@y_name@ASC,Bar,Medium,0.45180177688598633,0.9036035537719727,2,0.0,0.0,0.0,0.0,0.5,0.0,0.0,0.0,0.0,0.5,0.5,0.0,0.0,False,Qwen/Qwen3-Coder-30B-A3B-Instruct-FP8,None
2868@y_name@ASC,Bar,Medium,0.45180177688598633,0.9036035537719727,2,0.0,0.0,0.0,0.0,0.5,0.0,0.0,0.0,0.0,0.5,0.5,0.0,0.0,False,Qwen/Qwen3-Coder-30B-A3B-Instruct-FP8,None
2869@y_name@DESC,Bar,Medium,0.5172771215438843,1.0345542430877686,2,0.0,0.0,0.0,0.0,0.5,0.0,0.0,0.0,0.0,0.5,0.5,0.0,0.0,False,Qwen/Qwen3-Coder-30B-A3B-Instruct-FP8,None
2869@y_name@DESC,Bar,Medium,0.5172771215438843,1.0345542430877686,2,0.0,0.0,0.0,0.0,0.5,0.0,0.0,0.0,0.0,0.5,0.5,0.0,0.0,False,Qwen/Qwen3-Coder-30B-A3B-Instruct-FP8,None
2869@y_name@DESC,Bar,Medium,0.5172771215438843,1.0345542430877686,2,0.0,0.0,0.0,0.0,0.5,0.0,0.0,0.0,0.0,0.5,0.5,0.0,0.0,False,Qwen/Qwen3-Coder-30B-A3B-Instruct-FP8,None
1407@y_name@DESC,Bar,Medium,0.36013996601104736,1.4405598640441895,4,0.0,0.0,0.0,0.0,0.0,0.0,0.0,0.0,0.0,0.0,1.0,0.0,0.0,False,Qwen/Qwen3-Coder-30B-A3B-Instruct-FP8,None
1407@y_name@DESC,Bar,Medium,0.36013996601104736,1.4405598640441895,4,0.0,0.0,0.0,0.0,0.0,0.0,0.0,0.0,0.0,0.0,1.0,0.0,0.0,False,Qwen/Qwen3-Coder-30B-A3B-Instruct-FP8,None
1407@y_name@DESC,Bar,Medium,0.36013996601104736,1.4405598640441895,4,0.0,0.0,0.0,0.0,0.0,0.0,0.0,0.0,0.0,0.0,1.0,0.0,0.0,False,Qwen/Qwen3-Coder-30B-A3B-Instruct-FP8,None
1409@y_name@DESC,Bar,Hard,0.5976697206497192,2.390678882598877,4,0.0,0.0,0.0,0.0,0.0,0.0,0.0,0.0,0.0,0.0,1.0,0.0,0.0,True,Qwen/Qwen3-Coder-30B-A3B-Instruct-FP8,None
1409@y_name@DESC,Bar,Hard,0.5976697206497192,2.390678882598877,4,0.0,0.0,0.0,0.0,0.0,0.0,0.0,0.0,0.0,0.0,1.0,0.0,0.0,True,Qwen/Qwen3-Coder-30B-A3B-Instruct-FP8,None
1409@y_name@DESC,Bar,Hard,0.5976697206497192,2.390678882598877,4,0.0,0.0,0.0,0.0,0.0,0.0,0.0,0.0,0.0,0.0,1.0,0.0,0.0,True,Qwen/Qwen3-Coder-30B-A3B-Instruct-FP8,None
1413@y_name@ASC,Bar,Hard,0.3826855421066284,0.7653710842132568,2,0.0,0.0,0.0,0.0,0.0,0.0,0.0,0.0,0.0,0.0,1.0,0.0,0.0,False,Qwen/Qwen3-Coder-30B-A3B-Instruct-FP8,None
1413@y_name@ASC,Bar,Hard,0.3826855421066284,0.7653710842132568,2,0.0,0.0,0.0,0.0,0.0,0.0,0.0,0.0,0.0,0.0,1.0,0.0,0.0,False,Qwen/Qwen3-Coder-30B-A3B-Instruct-FP8,None
1413@y_name@ASC,Bar,Hard,0.3826855421066284,0.7653710842132568,2,0.0,0.0,0.0,0.0,0.0,0.0,0.0,0.0,0.0,0.0,1.0,0.0,0.0,False,Qwen/Qwen3-Coder-30B-A3B-Instruct-FP8,None
1414@y_name@DESC,Bar,Easy,0.3070632219314575,0.614126443862915,2,0.0,0.0,0.0,0.0,0.0,0.0,0.0,0.0,0.0,0.0,1.0,0.0,0.0,False,Qwen/Qwen3-Coder-30B-A3B-Instruct-FP8,None
1414@y_name@DESC,Bar,Easy,0.3070632219314575,0.614126443862915,2,0.0,0.0,0.0,0.0,0.0,0.0,0.0,0.0,0.0,0.0,1.0,0.0,0.0,False,Qwen/Qwen3-Coder-30B-A3B-Instruct-FP8,None
1414@y_name@DESC,Bar,Easy,0.3070632219314575,0.614126443862915,2,0.0,0.0,0.0,0.0,0.0,0.0,0.0,0.0,0.0,0.0,1.0,0.0,0.0,False,Qwen/Qwen3-Coder-30B-A3B-Instruct-FP8,None
2173@y_name@DESC,Bar,Hard,0.4778435230255127,1.433530569076538,3,0.0,0.0,0.0,0.0,0.0,0.0,0.0,0.0,0.0,0.0,1.0,0.0,0.0,True,Qwen/Qwen3-Coder-30B-A3B-Instruct-FP8,None
2173@y_name@DESC,Bar,Hard,0.4778435230255127,1.433530569076538,3,0.0,0.0,0.0,0.0,0.0,0.0,0.0,0.0,0.0,0.0,1.0,0.0,0.0,True,Qwen/Qwen3-Coder-30B-A3B-Instruct-FP8,None
2173@y_name@DESC,Bar,Hard,0.4778435230255127,1.433530569076538,3,0.0,0.0,0.0,0.0,0.0,0.0,0.0,0.0,0.0,0.0,1.0,0.0,0.0,True,Qwen/Qwen3-Coder-30B-A3B-Instruct-FP8,None
2175@y_name@ASC,Bar,Medium,0.4115457534790039,0.4115457534790039,1,0.0,0.0,0.0,0.0,0.0,0.0,0.0,0.0,0.0,0.0,1.0,0.0,0.0,False,Qwen/Qwen3-Coder-30B-A3B-Instruct-FP8,None
2175@y_name@ASC,Bar,Medium,0.4115457534790039,0.4115457534790039,1,0.0,0.0,0.0,0.0,0.0,0.0,0.0,0.0,0.0,0.0,1.0,0.0,0.0,False,Qwen/Qwen3-Coder-30B-A3B-Instruct-FP8,None
2175@y_name@ASC,Bar,Medium,0.4115457534790039,0.4115457534790039,1,0.0,0.0,0.0,0.0,0.0,0.0,0.0,0.0,0.0,0.0,1.0,0.0,0.0,False,Qwen/Qwen3-Coder-30B-A3B-Instruct-FP8,None
2176@y_name@DESC,Bar,Medium,0.49797701835632324,0.9959540367126465,2,0.0,0.0,0.0,0.0,0.0,0.0,0.0,0.0,0.0,0.0,1.0,0.0,0.0,True,Qwen/Qwen3-Coder-30B-A3B-Instruct-FP8,None
2176@y_name@DESC,Bar,Medium,0.49797701835632324,0.9959540367126465,2,0.0,0.0,0.0,0.0,0.0,0.0,0.0,0.0,0.0,0.0,1.0,0.0,0.0,True,Qwen/Qwen3-Coder-30B-A3B-Instruct-FP8,None
2176@y_name@DESC,Bar,Medium,0.49797701835632324,0.9959540367126465,2,0.0,0.0,0.0,0.0,0.0,0.0,0.0,0.0,0.0,0.0,1.0,0.0,0.0,True,Qwen/Qwen3-Coder-30B-A3B-Instruct-FP8,None
2177@x_name@ASC,Bar,Medium,0.32212769985198975,0.6442553997039795,2,0.0,0.0,0.0,0.0,0.5,0.0,0.0,0.0,0.0,0.5,0.5,0.0,0.0,False,Qwen/Qwen3-Coder-30B-A3B-Instruct-FP8,None
2177@x_name@ASC,Bar,Medium,0.32212769985198975,0.6442553997039795,2,0.0,0.0,0.0,0.0,0.5,0.0,0.0,0.0,0.0,0.5,0.5,0.0,0.0,False,Qwen/Qwen3-Coder-30B-A3B-Instruct-FP8,None
2177@x_name@ASC,Bar,Medium,0.32212769985198975,0.6442553997039795,2,0.0,0.0,0.0,0.0,0.5,0.0,0.0,0.0,0.0,0.5,0.5,0.0,0.0,False,Qwen/Qwen3-Coder-30B-A3B-Instruct-FP8,None
2178@x_name@DESC,Bar,Medium,0.38757967948913574,0.38757967948913574,1,0.0,0.0,0.0,0.0,0.0,1.0,0.0,0.0,0.0,1.0,0.0,,0.0,False,Qwen/Qwen3-Coder-30B-A3B-Instruct-FP8,None
2178@x_name@DESC,Bar,Medium,0.38757967948913574,0.38757967948913574,1,0.0,0.0,0.0,0.0,0.0,1.0,0.0,0.0,0.0,1.0,0.0,,0.0,False,Qwen/Qwen3-Coder-30B-A3B-Instruct-FP8,None
2178@x_name@DESC,Bar,Medium,0.38757967948913574,0.38757967948913574,1,0.0,0.0,0.0,0.0,0.0,1.0,0.0,0.0,0.0,1.0,0.0,,0.0,False,Qwen/Qwen3-Coder-30B-A3B-Instruct-FP8,None
2179@y_name@DESC,Bar,Medium,1.9033740758895874,3.806748151779175,2,0.0,0.0,0.0,0.0,0.0,0.0,0.0,0.0,0.0,0.0,1.0,0.0,0.0,False,Qwen/Qwen3-Coder-30B-A3B-Instruct-FP8,None
2179@y_name@DESC,Bar,Medium,1.9033740758895874,3.806748151779175,2,0.0,0.0,0.0,0.0,0.0,0.0,0.0,0.0,0.0,0.0,1.0,0.0,0.0,False,Qwen/Qwen3-Coder-30B-A3B-Instruct-FP8,None
2179@y_name@DESC,Bar,Medium,1.9033740758895874,3.806748151779175,2,0.0,0.0,0.0,0.0,0.0,0.0,0.0,0.0,0.0,0.0,1.0,0.0,0.0,False,Qwen/Qwen3-Coder-30B-A3B-Instruct-FP8,None
2191@x_name@DESC,Bar,Medium,0.40505274136861164,1.215158224105835,3,0.0,0.0,0.0,0.0,0.0,0.3333333333333333,0.0,0.0,0.0,0.3333333333333333,0.6666666666666666,0.0,0.0,False,Qwen/Qwen3-Coder-30B-A3B-Instruct-FP8,None
2191@x_name@DESC,Bar,Medium,0.40505274136861164,1.215158224105835,3,0.0,0.0,0.0,0.0,0.0,0.3333333333333333,0.0,0.0,0.0,0.3333333333333333,0.6666666666666666,0.0,0.0,False,Qwen/Qwen3-Coder-30B-A3B-Instruct-FP8,None
2191@x_name@DESC,Bar,Medium,0.40505274136861164,1.215158224105835,3,0.0,0.0,0.0,0.0,0.0,0.3333333333333333,0.0,0.0,0.0,0.3333333333333333,0.6666666666666666,0.0,0.0,False,Qwen/Qwen3-Coder-30B-A3B-Instruct-FP8,None
2201@x_name@DESC,Bar,Medium,0.4148343801498413,0.8296687602996826,2,0.0,0.0,0.0,0.0,0.0,0.5,0.0,0.0,0.0,0.5,0.5,0.0,0.0,False,Qwen/Qwen3-Coder-30B-A3B-Instruct-FP8,None
2201@x_name@DESC,Bar,Medium,0.4148343801498413,0.8296687602996826,2,0.0,0.0,0.0,0.0,0.0,0.5,0.0,0.0,0.0,0.5,0.5,0.0,0.0,False,Qwen/Qwen3-Coder-30B-A3B-Instruct-FP8,None
2201@x_name@DESC,Bar,Medium,0.4148343801498413,0.8296687602996826,2,0.0,0.0,0.0,0.0,0.0,0.5,0.0,0.0,0.0,0.5,0.5,0.0,0.0,False,Qwen/Qwen3-Coder-30B-A3B-Instruct-FP8,None
2203@x_name@DESC,Bar,Medium,0.4687180519104004,0.4687180519104004,1,0.0,0.0,0.0,0.0,0.0,1.0,0.0,0.0,0.0,1.0,0.0,,0.0,True,Qwen/Qwen3-Coder-30B-A3B-Instruct-FP8,None
2203@x_name@DESC,Bar,Medium,0.4687180519104004,0.4687180519104004,1,0.0,0.0,0.0,0.0,0.0,1.0,0.0,0.0,0.0,1.0,0.0,,0.0,True,Qwen/Qwen3-Coder-30B-A3B-Instruct-FP8,None
2203@x_name@DESC,Bar,Medium,0.4687180519104004,0.4687180519104004,1,0.0,0.0,0.0,0.0,0.0,1.0,0.0,0.0,0.0,1.0,0.0,,0.0,True,Qwen/Qwen3-Coder-30B-A3B-Instruct-FP8,None
2215@x_name@ASC,Bar,Hard,0.4865068197250366,0.9730136394500732,2,0.0,0.0,0.0,0.0,0.0,0.0,0.0,0.0,0.0,0.0,1.0,0.0,0.0,True,Qwen/Qwen3-Coder-30B-A3B-Instruct-FP8,None
2215@x_name@ASC,Bar,Hard,0.4865068197250366,0.9730136394500732,2,0.0,0.0,0.0,0.0,0.0,0.0,0.0,0.0,0.0,0.0,1.0,0.0,0.0,True,Qwen/Qwen3-Coder-30B-A3B-Instruct-FP8,None
2215@x_name@ASC,Bar,Hard,0.4865068197250366,0.9730136394500732,2,0.0,0.0,0.0,0.0,0.0,0.0,0.0,0.0,0.0,0.0,1.0,0.0,0.0,True,Qwen/Qwen3-Coder-30B-A3B-Instruct-FP8,None
2224@x_name@ASC,Bar,Hard,0.4910210768381755,1.4730632305145264,3,0.0,0.0,0.0,0.0,0.0,0.0,0.0,0.0,0.0,0.0,1.0,0.0,0.0,True,Qwen/Qwen3-Coder-30B-A3B-Instruct-FP8,None
2224@x_name@ASC,Bar,Hard,0.4910210768381755,1.4730632305145264,3,0.0,0.0,0.0,0.0,0.0,0.0,0.0,0.0,0.0,0.0,1.0,0.0,0.0,True,Qwen/Qwen3-Coder-30B-A3B-Instruct-FP8,None
2224@x_name@ASC,Bar,Hard,0.4910210768381755,1.4730632305145264,3,0.0,0.0,0.0,0.0,0.0,0.0,0.0,0.0,0.0,0.0,1.0,0.0,0.0,True,Qwen/Qwen3-Coder-30B-A3B-Instruct-FP8,None
2225@y_name@DESC,Bar,Hard,0.5060590902964274,1.5181772708892822,3,0.0,0.0,0.0,0.0,0.0,0.0,0.0,0.0,0.0,0.0,1.0,0.0,0.0,True,Qwen/Qwen3-Coder-30B-A3B-Instruct-FP8,None
2225@y_name@DESC,Bar,Hard,0.5060590902964274,1.5181772708892822,3,0.0,0.0,0.0,0.0,0.0,0.0,0.0,0.0,0.0,0.0,1.0,0.0,0.0,True,Qwen/Qwen3-Coder-30B-A3B-Instruct-FP8,None
2225@y_name@DESC,Bar,Hard,0.5060590902964274,1.5181772708892822,3,0.0,0.0,0.0,0.0,0.0,0.0,0.0,0.0,0.0,0.0,1.0,0.0,0.0,True,Qwen/Qwen3-Coder-30B-A3B-Instruct-FP8,None
2235@x_name@DESC,Bar,Hard,0.5118569135665894,1.0237138271331787,2,0.0,0.0,0.0,0.0,0.0,1.0,0.0,0.0,0.0,1.0,0.0,,0.0,True,Qwen/Qwen3-Coder-30B-A3B-Instruct-FP8,None
2235@x_name@DESC,Bar,Hard,0.5118569135665894,1.0237138271331787,2,0.0,0.0,0.0,0.0,0.0,1.0,0.0,0.0,0.0,1.0,0.0,,0.0,True,Qwen/Qwen3-Coder-30B-A3B-Instruct-FP8,None
2235@x_name@DESC,Bar,Hard,0.5118569135665894,1.0237138271331787,2,0.0,0.0,0.0,0.0,0.0,1.0,0.0,0.0,0.0,1.0,0.0,,0.0,True,Qwen/Qwen3-Coder-30B-A3B-Instruct-FP8,None
2236@y_name@ASC,Bar,Hard,1.3864765763282776,5.54590630531311,4,0.0,0.0,0.0,0.0,0.0,0.25,0.0,0.0,0.0,0.25,0.75,0.0,0.0,True,Qwen/Qwen3-Coder-30B-A3B-Instruct-FP8,None
2236@y_name@ASC,Bar,Hard,1.3864765763282776,5.54590630531311,4,0.0,0.0,0.0,0.0,0.0,0.25,0.0,0.0,0.0,0.25,0.75,0.0,0.0,True,Qwen/Qwen3-Coder-30B-A3B-Instruct-FP8,None
2236@y_name@ASC,Bar,Hard,1.3864765763282776,5.54590630531311,4,0.0,0.0,0.0,0.0,0.0,0.25,0.0,0.0,0.0,0.25,0.75,0.0,0.0,True,Qwen/Qwen3-Coder-30B-A3B-Instruct-FP8,None
2305@y_name@ASC,Bar,Hard,0.46666836738586426,0.9333367347717285,2,0.0,0.0,0.0,0.0,0.0,0.0,0.0,0.0,0.0,0.0,1.0,0.0,0.0,True,Qwen/Qwen3-Coder-30B-A3B-Instruct-FP8,None
2305@y_name@ASC,Bar,Hard,0.46666836738586426,0.9333367347717285,2,0.0,0.0,0.0,0.0,0.0,0.0,0.0,0.0,0.0,0.0,1.0,0.0,0.0,True,Qwen/Qwen3-Coder-30B-A3B-Instruct-FP8,None
2305@y_name@ASC,Bar,Hard,0.46666836738586426,0.9333367347717285,2,0.0,0.0,0.0,0.0,0.0,0.0,0.0,0.0,0.0,0.0,1.0,0.0,0.0,True,Qwen/Qwen3-Coder-30B-A3B-Instruct-FP8,None
894@y_name@DESC,Bar,Medium,0.5384124517440796,1.0768249034881592,2,0.0,0.0,0.0,0.0,0.0,0.0,0.0,0.0,0.0,0.0,1.0,0.0,0.0,False,Qwen/Qwen3-Coder-30B-A3B-Instruct-FP8,None
894@y_name@DESC,Bar,Medium,0.5384124517440796,1.0768249034881592,2,0.0,0.0,0.0,0.0,0.0,0.0,0.0,0.0,0.0,0.0,1.0,0.0,0.0,False,Qwen/Qwen3-Coder-30B-A3B-Instruct-FP8,None
894@y_name@DESC,Bar,Medium,0.5384124517440796,1.0768249034881592,2,0.0,0.0,0.0,0.0,0.0,0.0,0.0,0.0,0.0,0.0,1.0,0.0,0.0,False,Qwen/Qwen3-Coder-30B-A3B-Instruct-FP8,None
2643@x_name@DESC,Bar,Medium,0.33660292625427246,0.33660292625427246,1,0.0,0.0,0.0,0.0,0.0,1.0,0.0,0.0,0.0,1.0,0.0,,0.0,False,Qwen/Qwen3-Coder-30B-A3B-Instruct-FP8,None
2643@x_name@DESC,Bar,Medium,0.33660292625427246,0.33660292625427246,1,0.0,0.0,0.0,0.0,0.0,1.0,0.0,0.0,0.0,1.0,0.0,,0.0,False,Qwen/Qwen3-Coder-30B-A3B-Instruct-FP8,None
2643@x_name@DESC,Bar,Medium,0.33660292625427246,0.33660292625427246,1,0.0,0.0,0.0,0.0,0.0,1.0,0.0,0.0,0.0,1.0,0.0,,0.0,False,Qwen/Qwen3-Coder-30B-A3B-Instruct-FP8,None
2648@y_name@ASC,Bar,Medium,0.4055773258209229,2.0278866291046143,5,0.0,0.0,0.0,0.0,0.0,0.0,0.0,0.0,0.0,0.0,1.0,0.0,0.0,False,Qwen/Qwen3-Coder-30B-A3B-Instruct-FP8,None
2648@y_name@ASC,Bar,Medium,0.4055773258209229,2.0278866291046143,5,0.0,0.0,0.0,0.0,0.0,0.0,0.0,0.0,0.0,0.0,1.0,0.0,0.0,False,Qwen/Qwen3-Coder-30B-A3B-Instruct-FP8,None
2648@y_name@ASC,Bar,Medium,0.4055773258209229,2.0278866291046143,5,0.0,0.0,0.0,0.0,0.0,0.0,0.0,0.0,0.0,0.0,1.0,0.0,0.0,False,Qwen/Qwen3-Coder-30B-A3B-Instruct-FP8,None
2788@x_name@DESC,Bar,Medium,0.5132753849029541,0.5132753849029541,1,0.0,0.0,0.0,0.0,0.0,0.0,0.0,0.0,0.0,0.0,1.0,0.0,0.0,True,Qwen/Qwen3-Coder-30B-A3B-Instruct-FP8,None
2788@x_name@DESC,Bar,Medium,0.5132753849029541,0.5132753849029541,1,0.0,0.0,0.0,0.0,0.0,0.0,0.0,0.0,0.0,0.0,1.0,0.0,0.0,True,Qwen/Qwen3-Coder-30B-A3B-Instruct-FP8,None
2788@x_name@DESC,Bar,Medium,0.5132753849029541,0.5132753849029541,1,0.0,0.0,0.0,0.0,0.0,0.0,0.0,0.0,0.0,0.0,1.0,0.0,0.0,True,Qwen/Qwen3-Coder-30B-A3B-Instruct-FP8,None
2790@x_name@DESC,Bar,Medium,0.40822744369506836,0.8164548873901367,2,0.0,0.0,0.0,0.0,0.0,0.0,0.0,0.0,0.0,0.0,1.0,0.0,0.0,False,Qwen/Qwen3-Coder-30B-A3B-Instruct-FP8,None
2790@x_name@DESC,Bar,Medium,0.40822744369506836,0.8164548873901367,2,0.0,0.0,0.0,0.0,0.0,0.0,0.0,0.0,0.0,0.0,1.0,0.0,0.0,False,Qwen/Qwen3-Coder-30B-A3B-Instruct-FP8,None
2790@x_name@DESC,Bar,Medium,0.40822744369506836,0.8164548873901367,2,0.0,0.0,0.0,0.0,0.0,0.0,0.0,0.0,0.0,0.0,1.0,0.0,0.0,False,Qwen/Qwen3-Coder-30B-A3B-Instruct-FP8,None
2800@y_name@ASC,Bar,Medium,0.3602285385131836,0.7204570770263672,2,0.0,0.0,0.0,0.0,0.0,0.0,0.0,0.0,0.0,0.0,1.0,0.0,0.0,False,Qwen/Qwen3-Coder-30B-A3B-Instruct-FP8,None
2800@y_name@ASC,Bar,Medium,0.3602285385131836,0.7204570770263672,2,0.0,0.0,0.0,0.0,0.0,0.0,0.0,0.0,0.0,0.0,1.0,0.0,0.0,False,Qwen/Qwen3-Coder-30B-A3B-Instruct-FP8,None
2800@y_name@ASC,Bar,Medium,0.3602285385131836,0.7204570770263672,2,0.0,0.0,0.0,0.0,0.0,0.0,0.0,0.0,0.0,0.0,1.0,0.0,0.0,False,Qwen/Qwen3-Coder-30B-A3B-Instruct-FP8,None
298@y_name@DESC,Bar,Hard,13.285633087158203,13.285633087158203,1,1.0,0.0,0.0,0.0,0.0,0.0,0.0,0.0,1.0,0.0,0.0,,0.0,False,Qwen/Qwen3-Coder-30B-A3B-Instruct-FP8,None
298@y_name@DESC,Bar,Hard,13.285633087158203,13.285633087158203,1,1.0,0.0,0.0,0.0,0.0,0.0,0.0,0.0,1.0,0.0,0.0,,0.0,False,Qwen/Qwen3-Coder-30B-A3B-Instruct-FP8,None
298@y_name@DESC,Bar,Hard,13.285633087158203,13.285633087158203,1,1.0,0.0,0.0,0.0,0.0,0.0,0.0,0.0,1.0,0.0,0.0,,0.0,False,Qwen/Qwen3-Coder-30B-A3B-Instruct-FP8,None
303@x_name@DESC,Line,Hard,4.411307096481323,4.411307096481323,1,0.0,0.0,0.0,1.0,1.0,0.0,0.0,0.0,0.0,1.0,0.0,,0.0,False,Qwen/Qwen3-Coder-30B-A3B-Instruct-FP8,None
303@x_name@DESC,Line,Hard,4.411307096481323,4.411307096481323,1,0.0,0.0,0.0,1.0,1.0,0.0,0.0,0.0,0.0,1.0,0.0,,0.0,False,Qwen/Qwen3-Coder-30B-A3B-Instruct-FP8,None
303@x_name@DESC,Line,Hard,4.411307096481323,4.411307096481323,1,0.0,0.0,0.0,1.0,1.0,0.0,0.0,0.0,0.0,1.0,0.0,,0.0,False,Qwen/Qwen3-Coder-30B-A3B-Instruct-FP8,None
317@y_name@DESC,Bar,Medium,0.5788410902023315,1.157682180404663,2,0.0,0.0,0.0,0.0,0.0,0.0,0.0,0.0,0.0,0.0,1.0,0.0,0.0,False,Qwen/Qwen3-Coder-30B-A3B-Instruct-FP8,None
317@y_name@DESC,Bar,Medium,0.5788410902023315,1.157682180404663,2,0.0,0.0,0.0,0.0,0.0,0.0,0.0,0.0,0.0,0.0,1.0,0.0,0.0,False,Qwen/Qwen3-Coder-30B-A3B-Instruct-FP8,None
317@y_name@DESC,Bar,Medium,0.5788410902023315,1.157682180404663,2,0.0,0.0,0.0,0.0,0.0,0.0,0.0,0.0,0.0,0.0,1.0,0.0,0.0,False,Qwen/Qwen3-Coder-30B-A3B-Instruct-FP8,None
330@y_name@ASC,Bar,Hard,8.10083019733429,16.20166039466858,2,0.0,0.0,0.0,0.0,1.0,0.0,0.0,0.0,0.0,1.0,0.0,,0.0,False,Qwen/Qwen3-Coder-30B-A3B-Instruct-FP8,None
330@y_name@ASC,Bar,Hard,8.10083019733429,16.20166039466858,2,0.0,0.0,0.0,0.0,1.0,0.0,0.0,0.0,0.0,1.0,0.0,,0.0,False,Qwen/Qwen3-Coder-30B-A3B-Instruct-FP8,None
330@y_name@ASC,Bar,Hard,8.10083019733429,16.20166039466858,2,0.0,0.0,0.0,0.0,1.0,0.0,0.0,0.0,0.0,1.0,0.0,,0.0,False,Qwen/Qwen3-Coder-30B-A3B-Instruct-FP8,None
339@x_name@DESC,Bar,Medium,0.5099623203277588,0.5099623203277588,1,0.0,0.0,0.0,0.0,0.0,0.0,0.0,0.0,0.0,0.0,1.0,0.0,0.0,False,Qwen/Qwen3-Coder-30B-A3B-Instruct-FP8,None
339@x_name@DESC,Bar,Medium,0.5099623203277588,0.5099623203277588,1,0.0,0.0,0.0,0.0,0.0,0.0,0.0,0.0,0.0,0.0,1.0,0.0,0.0,False,Qwen/Qwen3-Coder-30B-A3B-Instruct-FP8,None
339@x_name@DESC,Bar,Medium,0.5099623203277588,0.5099623203277588,1,0.0,0.0,0.0,0.0,0.0,0.0,0.0,0.0,0.0,0.0,1.0,0.0,0.0,False,Qwen/Qwen3-Coder-30B-A3B-Instruct-FP8,None
349@y_name@DESC,Bar,Hard,0.7482603788375854,1.496520757675171,2,0.0,0.0,0.0,0.0,1.0,0.0,0.0,0.0,0.0,1.0,0.0,,0.0,False,Qwen/Qwen3-Coder-30B-A3B-Instruct-FP8,None
349@y_name@DESC,Bar,Hard,0.7482603788375854,1.496520757675171,2,0.0,0.0,0.0,0.0,1.0,0.0,0.0,0.0,0.0,1.0,0.0,,0.0,False,Qwen/Qwen3-Coder-30B-A3B-Instruct-FP8,None
349@y_name@DESC,Bar,Hard,0.7482603788375854,1.496520757675171,2,0.0,0.0,0.0,0.0,1.0,0.0,0.0,0.0,0.0,1.0,0.0,,0.0,False,Qwen/Qwen3-Coder-30B-A3B-Instruct-FP8,None
2585@x_name@ASC,Bar,Medium,0.34766125679016113,0.34766125679016113,1,0.0,0.0,0.0,0.0,0.0,1.0,0.0,0.0,0.0,1.0,0.0,,0.0,False,Qwen/Qwen3-Coder-30B-A3B-Instruct-FP8,None
2585@x_name@ASC,Bar,Medium,0.34766125679016113,0.34766125679016113,1,0.0,0.0,0.0,0.0,0.0,1.0,0.0,0.0,0.0,1.0,0.0,,0.0,False,Qwen/Qwen3-Coder-30B-A3B-Instruct-FP8,None
2585@x_name@ASC,Bar,Medium,0.34766125679016113,0.34766125679016113,1,0.0,0.0,0.0,0.0,0.0,1.0,0.0,0.0,0.0,1.0,0.0,,0.0,False,Qwen/Qwen3-Coder-30B-A3B-Instruct-FP8,None
2587@y_name@ASC,Bar,Medium,0.37400293350219727,1.1220088005065918,3,0.0,0.0,0.0,0.0,0.0,0.0,0.0,0.0,0.0,0.0,1.0,0.0,0.0,False,Qwen/Qwen3-Coder-30B-A3B-Instruct-FP8,None
2587@y_name@ASC,Bar,Medium,0.37400293350219727,1.1220088005065918,3,0.0,0.0,0.0,0.0,0.0,0.0,0.0,0.0,0.0,0.0,1.0,0.0,0.0,False,Qwen/Qwen3-Coder-30B-A3B-Instruct-FP8,None
2587@y_name@ASC,Bar,Medium,0.37400293350219727,1.1220088005065918,3,0.0,0.0,0.0,0.0,0.0,0.0,0.0,0.0,0.0,0.0,1.0,0.0,0.0,False,Qwen/Qwen3-Coder-30B-A3B-Instruct-FP8,None
927@y_name@ASC,Stacked Bar,Extra Hard,11.03217363357544,11.03217363357544,1,1.0,0.0,0.0,0.0,0.0,0.0,0.0,0.0,1.0,0.0,0.0,,0.0,False,Qwen/Qwen3-Coder-30B-A3B-Instruct-FP8,None
927@y_name@ASC,Stacked Bar,Extra Hard,11.03217363357544,11.03217363357544,1,1.0,0.0,0.0,0.0,0.0,0.0,0.0,0.0,1.0,0.0,0.0,,0.0,False,Qwen/Qwen3-Coder-30B-A3B-Instruct-FP8,None
927@y_name@ASC,Stacked Bar,Extra Hard,11.03217363357544,11.03217363357544,1,1.0,0.0,0.0,0.0,0.0,0.0,0.0,0.0,1.0,0.0,0.0,,0.0,False,Qwen/Qwen3-Coder-30B-A3B-Instruct-FP8,None
932@y_name@DESC,Bar,Medium,0.4385479688644409,0.8770959377288818,2,0.0,0.0,0.0,0.0,0.0,0.0,0.0,0.0,0.0,0.0,1.0,0.0,0.0,False,Qwen/Qwen3-Coder-30B-A3B-Instruct-FP8,None
932@y_name@DESC,Bar,Medium,0.4385479688644409,0.8770959377288818,2,0.0,0.0,0.0,0.0,0.0,0.0,0.0,0.0,0.0,0.0,1.0,0.0,0.0,False,Qwen/Qwen3-Coder-30B-A3B-Instruct-FP8,None
932@y_name@DESC,Bar,Medium,0.4385479688644409,0.8770959377288818,2,0.0,0.0,0.0,0.0,0.0,0.0,0.0,0.0,0.0,0.0,1.0,0.0,0.0,False,Qwen/Qwen3-Coder-30B-A3B-Instruct-FP8,None
942@x_name@DESC,Grouping Line,Extra Hard,12.164920330047607,12.164920330047607,1,1.0,0.0,0.0,0.0,0.0,0.0,0.0,0.0,1.0,0.0,0.0,,0.0,False,Qwen/Qwen3-Coder-30B-A3B-Instruct-FP8,None
942@x_name@DESC,Grouping Line,Extra Hard,12.164920330047607,12.164920330047607,1,1.0,0.0,0.0,0.0,0.0,0.0,0.0,0.0,1.0,0.0,0.0,,0.0,False,Qwen/Qwen3-Coder-30B-A3B-Instruct-FP8,None
942@x_name@DESC,Grouping Line,Extra Hard,12.164920330047607,12.164920330047607,1,1.0,0.0,0.0,0.0,0.0,0.0,0.0,0.0,1.0,0.0,0.0,,0.0,False,Qwen/Qwen3-Coder-30B-A3B-Instruct-FP8,None
988@x_name@DESC,Bar,Hard,0.5970335006713867,0.5970335006713867,1,0.0,0.0,0.0,0.0,0.0,0.0,0.0,0.0,0.0,0.0,1.0,0.0,0.0,True,Qwen/Qwen3-Coder-30B-A3B-Instruct-FP8,None
988@x_name@DESC,Bar,Hard,0.5970335006713867,0.5970335006713867,1,0.0,0.0,0.0,0.0,0.0,0.0,0.0,0.0,0.0,0.0,1.0,0.0,0.0,True,Qwen/Qwen3-Coder-30B-A3B-Instruct-FP8,None
988@x_name@DESC,Bar,Hard,0.5970335006713867,0.5970335006713867,1,0.0,0.0,0.0,0.0,0.0,0.0,0.0,0.0,0.0,0.0,1.0,0.0,0.0,True,Qwen/Qwen3-Coder-30B-A3B-Instruct-FP8,None
1099@x_name@ASC,Bar,Easy,0.33625006675720215,0.33625006675720215,1,0.0,0.0,0.0,0.0,0.0,0.0,0.0,0.0,0.0,0.0,1.0,0.0,0.0,False,Qwen/Qwen3-Coder-30B-A3B-Instruct-FP8,None
1099@x_name@ASC,Bar,Easy,0.33625006675720215,0.33625006675720215,1,0.0,0.0,0.0,0.0,0.0,0.0,0.0,0.0,0.0,0.0,1.0,0.0,0.0,False,Qwen/Qwen3-Coder-30B-A3B-Instruct-FP8,None
1099@x_name@ASC,Bar,Easy,0.33625006675720215,0.33625006675720215,1,0.0,0.0,0.0,0.0,0.0,0.0,0.0,0.0,0.0,0.0,1.0,0.0,0.0,False,Qwen/Qwen3-Coder-30B-A3B-Instruct-FP8,None
1100@x_name@ASC,Line,Medium,0.4709506034851074,0.4709506034851074,1,0.0,0.0,0.0,0.0,0.0,0.0,0.0,0.0,0.0,0.0,1.0,0.0,0.0,False,Qwen/Qwen3-Coder-30B-A3B-Instruct-FP8,None
1100@x_name@ASC,Line,Medium,0.4709506034851074,0.4709506034851074,1,0.0,0.0,0.0,0.0,0.0,0.0,0.0,0.0,0.0,0.0,1.0,0.0,0.0,False,Qwen/Qwen3-Coder-30B-A3B-Instruct-FP8,None
1100@x_name@ASC,Line,Medium,0.4709506034851074,0.4709506034851074,1,0.0,0.0,0.0,0.0,0.0,0.0,0.0,0.0,0.0,0.0,1.0,0.0,0.0,False,Qwen/Qwen3-Coder-30B-A3B-Instruct-FP8,None
1101@x_name@ASC,Line,Medium,0.442305326461792,0.884610652923584,2,0.0,0.0,0.0,0.0,0.0,0.0,0.0,0.0,0.0,0.0,1.0,0.0,0.0,False,Qwen/Qwen3-Coder-30B-A3B-Instruct-FP8,None
1101@x_name@ASC,Line,Medium,0.442305326461792,0.884610652923584,2,0.0,0.0,0.0,0.0,0.0,0.0,0.0,0.0,0.0,0.0,1.0,0.0,0.0,False,Qwen/Qwen3-Coder-30B-A3B-Instruct-FP8,None
1101@x_name@ASC,Line,Medium,0.442305326461792,0.884610652923584,2,0.0,0.0,0.0,0.0,0.0,0.0,0.0,0.0,0.0,0.0,1.0,0.0,0.0,False,Qwen/Qwen3-Coder-30B-A3B-Instruct-FP8,None
1105@y_name@ASC,Bar,Extra Hard,0.5401320457458496,0.5401320457458496,1,0.0,0.0,0.0,0.0,1.0,0.0,0.0,0.0,0.0,1.0,0.0,,0.0,True,Qwen/Qwen3-Coder-30B-A3B-Instruct-FP8,None
1105@y_name@ASC,Bar,Extra Hard,0.5401320457458496,0.5401320457458496,1,0.0,0.0,0.0,0.0,1.0,0.0,0.0,0.0,0.0,1.0,0.0,,0.0,True,Qwen/Qwen3-Coder-30B-A3B-Instruct-FP8,None
1105@y_name@ASC,Bar,Extra Hard,0.5401320457458496,0.5401320457458496,1,0.0,0.0,0.0,0.0,1.0,0.0,0.0,0.0,0.0,1.0,0.0,,0.0,True,Qwen/Qwen3-Coder-30B-A3B-Instruct-FP8,None
1112@x_name@DESC,Bar,Medium,0.4126870632171631,0.4126870632171631,1,0.0,0.0,0.0,0.0,0.0,0.0,0.0,0.0,0.0,0.0,1.0,0.0,0.0,False,Qwen/Qwen3-Coder-30B-A3B-Instruct-FP8,None
1112@x_name@DESC,Bar,Medium,0.4126870632171631,0.4126870632171631,1,0.0,0.0,0.0,0.0,0.0,0.0,0.0,0.0,0.0,0.0,1.0,0.0,0.0,False,Qwen/Qwen3-Coder-30B-A3B-Instruct-FP8,None
1112@x_name@DESC,Bar,Medium,0.4126870632171631,0.4126870632171631,1,0.0,0.0,0.0,0.0,0.0,0.0,0.0,0.0,0.0,0.0,1.0,0.0,0.0,False,Qwen/Qwen3-Coder-30B-A3B-Instruct-FP8,None
2475@y_name@DESC,Bar,Hard,0.5377752780914307,0.5377752780914307,1,0.0,0.0,0.0,0.0,0.0,0.0,0.0,0.0,0.0,0.0,1.0,0.0,0.0,True,Qwen/Qwen3-Coder-30B-A3B-Instruct-FP8,None
2475@y_name@DESC,Bar,Hard,0.5377752780914307,0.5377752780914307,1,0.0,0.0,0.0,0.0,0.0,0.0,0.0,0.0,0.0,0.0,1.0,0.0,0.0,True,Qwen/Qwen3-Coder-30B-A3B-Instruct-FP8,None
2475@y_name@DESC,Bar,Hard,0.5377752780914307,0.5377752780914307,1,0.0,0.0,0.0,0.0,0.0,0.0,0.0,0.0,0.0,0.0,1.0,0.0,0.0,True,Qwen/Qwen3-Coder-30B-A3B-Instruct-FP8,None
2486@x_name@DESC,Bar,Medium,0.3608190218607585,1.0824570655822754,3,0.0,0.0,0.0,0.0,0.0,0.6666666666666666,0.0,0.0,0.0,0.6666666666666666,0.3333333333333333,0.0,0.0,False,Qwen/Qwen3-Coder-30B-A3B-Instruct-FP8,None
2486@x_name@DESC,Bar,Medium,0.3608190218607585,1.0824570655822754,3,0.0,0.0,0.0,0.0,0.0,0.6666666666666666,0.0,0.0,0.0,0.6666666666666666,0.3333333333333333,0.0,0.0,False,Qwen/Qwen3-Coder-30B-A3B-Instruct-FP8,None
2486@x_name@DESC,Bar,Medium,0.3608190218607585,1.0824570655822754,3,0.0,0.0,0.0,0.0,0.0,0.6666666666666666,0.0,0.0,0.0,0.6666666666666666,0.3333333333333333,0.0,0.0,False,Qwen/Qwen3-Coder-30B-A3B-Instruct-FP8,None
2488@y_name@DESC,Bar,Medium,0.3504542112350464,0.7009084224700928,2,0.0,0.0,0.0,0.0,0.0,0.0,0.0,0.0,0.0,0.0,1.0,0.0,0.0,False,Qwen/Qwen3-Coder-30B-A3B-Instruct-FP8,None
2488@y_name@DESC,Bar,Medium,0.3504542112350464,0.7009084224700928,2,0.0,0.0,0.0,0.0,0.0,0.0,0.0,0.0,0.0,0.0,1.0,0.0,0.0,False,Qwen/Qwen3-Coder-30B-A3B-Instruct-FP8,None
2488@y_name@DESC,Bar,Medium,0.3504542112350464,0.7009084224700928,2,0.0,0.0,0.0,0.0,0.0,0.0,0.0,0.0,0.0,0.0,1.0,0.0,0.0,False,Qwen/Qwen3-Coder-30B-A3B-Instruct-FP8,None
2493@y_name@DESC,Bar,Hard,0.5739898681640625,0.5739898681640625,1,0.0,0.0,0.0,0.0,0.0,0.0,0.0,0.0,0.0,0.0,1.0,0.0,0.0,True,Qwen/Qwen3-Coder-30B-A3B-Instruct-FP8,None
2493@y_name@DESC,Bar,Hard,0.5739898681640625,0.5739898681640625,1,0.0,0.0,0.0,0.0,0.0,0.0,0.0,0.0,0.0,0.0,1.0,0.0,0.0,True,Qwen/Qwen3-Coder-30B-A3B-Instruct-FP8,None
2493@y_name@DESC,Bar,Hard,0.5739898681640625,0.5739898681640625,1,0.0,0.0,0.0,0.0,0.0,0.0,0.0,0.0,0.0,0.0,1.0,0.0,0.0,True,Qwen/Qwen3-Coder-30B-A3B-Instruct-FP8,None
3058@y_name@ASC,Bar,Medium,0.33174800872802734,1.3269920349121094,4,0.0,0.0,0.0,0.0,0.0,0.0,0.0,0.0,0.0,0.0,1.0,0.0,0.0,False,Qwen/Qwen3-Coder-30B-A3B-Instruct-FP8,None
3058@y_name@ASC,Bar,Medium,0.33174800872802734,1.3269920349121094,4,0.0,0.0,0.0,0.0,0.0,0.0,0.0,0.0,0.0,0.0,1.0,0.0,0.0,False,Qwen/Qwen3-Coder-30B-A3B-Instruct-FP8,None
3058@y_name@ASC,Bar,Medium,0.33174800872802734,1.3269920349121094,4,0.0,0.0,0.0,0.0,0.0,0.0,0.0,0.0,0.0,0.0,1.0,0.0,0.0,False,Qwen/Qwen3-Coder-30B-A3B-Instruct-FP8,None
2421@y_name@DESC,Bar,Medium,0.3456622362136841,0.6913244724273682,2,0.0,0.0,0.0,0.0,0.0,0.0,0.0,0.0,0.0,0.0,1.0,0.0,0.0,False,Qwen/Qwen3-Coder-30B-A3B-Instruct-FP8,None
2421@y_name@DESC,Bar,Medium,0.3456622362136841,0.6913244724273682,2,0.0,0.0,0.0,0.0,0.0,0.0,0.0,0.0,0.0,0.0,1.0,0.0,0.0,False,Qwen/Qwen3-Coder-30B-A3B-Instruct-FP8,None
2421@y_name@DESC,Bar,Medium,0.3456622362136841,0.6913244724273682,2,0.0,0.0,0.0,0.0,0.0,0.0,0.0,0.0,0.0,0.0,1.0,0.0,0.0,False,Qwen/Qwen3-Coder-30B-A3B-Instruct-FP8,None
2423@y_name@DESC,Bar,Medium,0.36284512281417847,1.4513804912567139,4,0.0,0.0,0.0,0.0,0.0,0.0,0.0,0.0,0.0,0.0,1.0,0.0,0.0,False,Qwen/Qwen3-Coder-30B-A3B-Instruct-FP8,None
2423@y_name@DESC,Bar,Medium,0.36284512281417847,1.4513804912567139,4,0.0,0.0,0.0,0.0,0.0,0.0,0.0,0.0,0.0,0.0,1.0,0.0,0.0,False,Qwen/Qwen3-Coder-30B-A3B-Instruct-FP8,None
2423@y_name@DESC,Bar,Medium,0.36284512281417847,1.4513804912567139,4,0.0,0.0,0.0,0.0,0.0,0.0,0.0,0.0,0.0,0.0,1.0,0.0,0.0,False,Qwen/Qwen3-Coder-30B-A3B-Instruct-FP8,None
2430@y_name@ASC,Bar,Extra Hard,0.6229023933410645,0.6229023933410645,1,0.0,0.0,0.0,0.0,0.0,0.0,0.0,0.0,0.0,0.0,1.0,0.0,0.0,True,Qwen/Qwen3-Coder-30B-A3B-Instruct-FP8,None
2430@y_name@ASC,Bar,Extra Hard,0.6229023933410645,0.6229023933410645,1,0.0,0.0,0.0,0.0,0.0,0.0,0.0,0.0,0.0,0.0,1.0,0.0,0.0,True,Qwen/Qwen3-Coder-30B-A3B-Instruct-FP8,None
2430@y_name@ASC,Bar,Extra Hard,0.6229023933410645,0.6229023933410645,1,0.0,0.0,0.0,0.0,0.0,0.0,0.0,0.0,0.0,0.0,1.0,0.0,0.0,True,Qwen/Qwen3-Coder-30B-A3B-Instruct-FP8,None
2859@y_name@ASC,Bar,Hard,0.6745542287826538,2.6982169151306152,4,0.0,0.0,0.0,0.0,0.0,0.0,0.0,0.0,0.0,0.0,1.0,0.0,0.0,True,Qwen/Qwen3-Coder-30B-A3B-Instruct-FP8,None
2859@y_name@ASC,Bar,Hard,0.6745542287826538,2.6982169151306152,4,0.0,0.0,0.0,0.0,0.0,0.0,0.0,0.0,0.0,0.0,1.0,0.0,0.0,True,Qwen/Qwen3-Coder-30B-A3B-Instruct-FP8,None
2859@y_name@ASC,Bar,Hard,0.6745542287826538,2.6982169151306152,4,0.0,0.0,0.0,0.0,0.0,0.0,0.0,0.0,0.0,0.0,1.0,0.0,0.0,True,Qwen/Qwen3-Coder-30B-A3B-Instruct-FP8,None
2860@x_name@DESC,Bar,Medium,0.5393505096435547,0.5393505096435547,1,0.0,0.0,0.0,0.0,0.0,0.0,0.0,0.0,0.0,0.0,1.0,0.0,0.0,False,Qwen/Qwen3-Coder-30B-A3B-Instruct-FP8,None
2860@x_name@DESC,Bar,Medium,0.5393505096435547,0.5393505096435547,1,0.0,0.0,0.0,0.0,0.0,0.0,0.0,0.0,0.0,0.0,1.0,0.0,0.0,False,Qwen/Qwen3-Coder-30B-A3B-Instruct-FP8,None
2860@x_name@DESC,Bar,Medium,0.5393505096435547,0.5393505096435547,1,0.0,0.0,0.0,0.0,0.0,0.0,0.0,0.0,0.0,0.0,1.0,0.0,0.0,False,Qwen/Qwen3-Coder-30B-A3B-Instruct-FP8,None
2862@x_name@ASC,Bar,Medium,0.30028533935546875,0.30028533935546875,1,0.0,0.0,0.0,0.0,0.0,0.0,0.0,0.0,0.0,0.0,1.0,0.0,0.0,False,Qwen/Qwen3-Coder-30B-A3B-Instruct-FP8,None
2862@x_name@ASC,Bar,Medium,0.30028533935546875,0.30028533935546875,1,0.0,0.0,0.0,0.0,0.0,0.0,0.0,0.0,0.0,0.0,1.0,0.0,0.0,False,Qwen/Qwen3-Coder-30B-A3B-Instruct-FP8,None
2862@x_name@ASC,Bar,Medium,0.30028533935546875,0.30028533935546875,1,0.0,0.0,0.0,0.0,0.0,0.0,0.0,0.0,0.0,0.0,1.0,0.0,0.0,False,Qwen/Qwen3-Coder-30B-A3B-Instruct-FP8,None
2497@y_name@DESC,Bar,Hard,0.6052111387252808,1.2104222774505615,2,0.0,0.0,0.0,0.0,0.0,0.0,0.0,0.0,0.0,0.0,1.0,0.0,0.0,False,Qwen/Qwen3-Coder-30B-A3B-Instruct-FP8,None
2497@y_name@DESC,Bar,Hard,0.6052111387252808,1.2104222774505615,2,0.0,0.0,0.0,0.0,0.0,0.0,0.0,0.0,0.0,0.0,1.0,0.0,0.0,False,Qwen/Qwen3-Coder-30B-A3B-Instruct-FP8,None
2497@y_name@DESC,Bar,Hard,0.6052111387252808,1.2104222774505615,2,0.0,0.0,0.0,0.0,0.0,0.0,0.0,0.0,0.0,0.0,1.0,0.0,0.0,False,Qwen/Qwen3-Coder-30B-A3B-Instruct-FP8,None
2507@y_name@ASC,Bar,Medium,0.32567059993743896,0.6513411998748779,2,0.0,0.0,0.0,0.0,0.0,0.0,0.0,0.0,0.0,0.0,1.0,0.0,0.0,False,Qwen/Qwen3-Coder-30B-A3B-Instruct-FP8,None
2507@y_name@ASC,Bar,Medium,0.32567059993743896,0.6513411998748779,2,0.0,0.0,0.0,0.0,0.0,0.0,0.0,0.0,0.0,0.0,1.0,0.0,0.0,False,Qwen/Qwen3-Coder-30B-A3B-Instruct-FP8,None
2507@y_name@ASC,Bar,Medium,0.32567059993743896,0.6513411998748779,2,0.0,0.0,0.0,0.0,0.0,0.0,0.0,0.0,0.0,0.0,1.0,0.0,0.0,False,Qwen/Qwen3-Coder-30B-A3B-Instruct-FP8,None
2735@x_name@DESC,Bar,Hard,0.5893317461013794,1.1786634922027588,2,0.0,0.0,0.0,0.0,0.5,0.0,0.0,0.0,0.0,0.5,0.5,0.0,0.0,False,Qwen/Qwen3-Coder-30B-A3B-Instruct-FP8,None
2735@x_name@DESC,Bar,Hard,0.5893317461013794,1.1786634922027588,2,0.0,0.0,0.0,0.0,0.5,0.0,0.0,0.0,0.0,0.5,0.5,0.0,0.0,False,Qwen/Qwen3-Coder-30B-A3B-Instruct-FP8,None
2735@x_name@DESC,Bar,Hard,0.5893317461013794,1.1786634922027588,2,0.0,0.0,0.0,0.0,0.5,0.0,0.0,0.0,0.0,0.5,0.5,0.0,0.0,False,Qwen/Qwen3-Coder-30B-A3B-Instruct-FP8,None
2737@y_name@DESC,Bar,Hard,0.45230674743652344,1.3569202423095703,3,0.0,0.0,0.0,0.0,0.0,0.0,0.0,0.0,0.0,0.0,1.0,0.0,0.0,False,Qwen/Qwen3-Coder-30B-A3B-Instruct-FP8,None
2737@y_name@DESC,Bar,Hard,0.45230674743652344,1.3569202423095703,3,0.0,0.0,0.0,0.0,0.0,0.0,0.0,0.0,0.0,0.0,1.0,0.0,0.0,False,Qwen/Qwen3-Coder-30B-A3B-Instruct-FP8,None
2737@y_name@DESC,Bar,Hard,0.45230674743652344,1.3569202423095703,3,0.0,0.0,0.0,0.0,0.0,0.0,0.0,0.0,0.0,0.0,1.0,0.0,0.0,False,Qwen/Qwen3-Coder-30B-A3B-Instruct-FP8,None
2739@x_name@ASC,Bar,Medium,0.33284616470336914,0.33284616470336914,1,0.0,0.0,0.0,0.0,0.0,0.0,0.0,0.0,0.0,0.0,1.0,0.0,0.0,False,Qwen/Qwen3-Coder-30B-A3B-Instruct-FP8,None
2739@x_name@ASC,Bar,Medium,0.33284616470336914,0.33284616470336914,1,0.0,0.0,0.0,0.0,0.0,0.0,0.0,0.0,0.0,0.0,1.0,0.0,0.0,False,Qwen/Qwen3-Coder-30B-A3B-Instruct-FP8,None
2739@x_name@ASC,Bar,Medium,0.33284616470336914,0.33284616470336914,1,0.0,0.0,0.0,0.0,0.0,0.0,0.0,0.0,0.0,0.0,1.0,0.0,0.0,False,Qwen/Qwen3-Coder-30B-A3B-Instruct-FP8,None
2740@y_name@DESC,Bar,Medium,0.3281524181365967,0.3281524181365967,1,0.0,0.0,0.0,0.0,0.0,0.0,0.0,0.0,0.0,0.0,1.0,0.0,0.0,False,Qwen/Qwen3-Coder-30B-A3B-Instruct-FP8,None
2740@y_name@DESC,Bar,Medium,0.3281524181365967,0.3281524181365967,1,0.0,0.0,0.0,0.0,0.0,0.0,0.0,0.0,0.0,0.0,1.0,0.0,0.0,False,Qwen/Qwen3-Coder-30B-A3B-Instruct-FP8,None
2740@y_name@DESC,Bar,Medium,0.3281524181365967,0.3281524181365967,1,0.0,0.0,0.0,0.0,0.0,0.0,0.0,0.0,0.0,0.0,1.0,0.0,0.0,False,Qwen/Qwen3-Coder-30B-A3B-Instruct-FP8,None
2747@x_name@DESC,Bar,Medium,0.3325319290161133,0.3325319290161133,1,0.0,0.0,0.0,0.0,0.0,0.0,0.0,0.0,0.0,0.0,1.0,0.0,0.0,False,Qwen/Qwen3-Coder-30B-A3B-Instruct-FP8,None
2747@x_name@DESC,Bar,Medium,0.3325319290161133,0.3325319290161133,1,0.0,0.0,0.0,0.0,0.0,0.0,0.0,0.0,0.0,0.0,1.0,0.0,0.0,False,Qwen/Qwen3-Coder-30B-A3B-Instruct-FP8,None
2747@x_name@DESC,Bar,Medium,0.3325319290161133,0.3325319290161133,1,0.0,0.0,0.0,0.0,0.0,0.0,0.0,0.0,0.0,0.0,1.0,0.0,0.0,False,Qwen/Qwen3-Coder-30B-A3B-Instruct-FP8,None
2751@x_name@ASC,Bar,Medium,0.30503177642822266,0.30503177642822266,1,0.0,0.0,0.0,0.0,0.0,0.0,0.0,0.0,0.0,0.0,1.0,0.0,0.0,False,Qwen/Qwen3-Coder-30B-A3B-Instruct-FP8,None
2751@x_name@ASC,Bar,Medium,0.30503177642822266,0.30503177642822266,1,0.0,0.0,0.0,0.0,0.0,0.0,0.0,0.0,0.0,0.0,1.0,0.0,0.0,False,Qwen/Qwen3-Coder-30B-A3B-Instruct-FP8,None
2751@x_name@ASC,Bar,Medium,0.30503177642822266,0.30503177642822266,1,0.0,0.0,0.0,0.0,0.0,0.0,0.0,0.0,0.0,0.0,1.0,0.0,0.0,False,Qwen/Qwen3-Coder-30B-A3B-Instruct-FP8,None
2753@y_name@DESC,Bar,Medium,0.3167959849039714,0.9503879547119141,3,0.0,0.0,0.0,0.0,0.0,0.0,0.0,0.0,0.0,0.0,1.0,0.0,0.0,False,Qwen/Qwen3-Coder-30B-A3B-Instruct-FP8,None
2753@y_name@DESC,Bar,Medium,0.3167959849039714,0.9503879547119141,3,0.0,0.0,0.0,0.0,0.0,0.0,0.0,0.0,0.0,0.0,1.0,0.0,0.0,False,Qwen/Qwen3-Coder-30B-A3B-Instruct-FP8,None
2753@y_name@DESC,Bar,Medium,0.3167959849039714,0.9503879547119141,3,0.0,0.0,0.0,0.0,0.0,0.0,0.0,0.0,0.0,0.0,1.0,0.0,0.0,False,Qwen/Qwen3-Coder-30B-A3B-Instruct-FP8,None
2803@y_name@ASC,Bar,Hard,0.5655347108840942,1.1310694217681885,2,0.0,0.0,0.0,0.0,0.0,0.0,0.0,0.0,0.0,0.0,1.0,0.0,0.0,True,Qwen/Qwen3-Coder-30B-A3B-Instruct-FP8,None
2803@y_name@ASC,Bar,Hard,0.5655347108840942,1.1310694217681885,2,0.0,0.0,0.0,0.0,0.0,0.0,0.0,0.0,0.0,0.0,1.0,0.0,0.0,True,Qwen/Qwen3-Coder-30B-A3B-Instruct-FP8,None
2803@y_name@ASC,Bar,Hard,0.5655347108840942,1.1310694217681885,2,0.0,0.0,0.0,0.0,0.0,0.0,0.0,0.0,0.0,0.0,1.0,0.0,0.0,True,Qwen/Qwen3-Coder-30B-A3B-Instruct-FP8,None
2805@y_name@ASC,Bar,Hard,0.4972442388534546,0.9944884777069092,2,0.0,0.0,0.0,0.0,0.5,0.0,0.0,0.0,0.0,0.5,0.5,0.0,0.0,False,Qwen/Qwen3-Coder-30B-A3B-Instruct-FP8,None
2805@y_name@ASC,Bar,Hard,0.4972442388534546,0.9944884777069092,2,0.0,0.0,0.0,0.0,0.5,0.0,0.0,0.0,0.0,0.5,0.5,0.0,0.0,False,Qwen/Qwen3-Coder-30B-A3B-Instruct-FP8,None
2805@y_name@ASC,Bar,Hard,0.4972442388534546,0.9944884777069092,2,0.0,0.0,0.0,0.0,0.5,0.0,0.0,0.0,0.0,0.5,0.5,0.0,0.0,False,Qwen/Qwen3-Coder-30B-A3B-Instruct-FP8,None
2811@x_name@ASC,Bar,Medium,0.37256932258605957,0.7451386451721191,2,0.0,0.0,0.0,0.0,0.5,0.0,0.0,0.0,0.0,0.5,0.5,0.0,0.0,False,Qwen/Qwen3-Coder-30B-A3B-Instruct-FP8,None
2811@x_name@ASC,Bar,Medium,0.37256932258605957,0.7451386451721191,2,0.0,0.0,0.0,0.0,0.5,0.0,0.0,0.0,0.0,0.5,0.5,0.0,0.0,False,Qwen/Qwen3-Coder-30B-A3B-Instruct-FP8,None
2811@x_name@ASC,Bar,Medium,0.37256932258605957,0.7451386451721191,2,0.0,0.0,0.0,0.0,0.5,0.0,0.0,0.0,0.0,0.5,0.5,0.0,0.0,False,Qwen/Qwen3-Coder-30B-A3B-Instruct-FP8,None
2621@y_name@DESC,Bar,Extra Hard,0.6540898084640503,2.616359233856201,4,0.0,0.0,0.0,0.0,0.0,0.0,0.0,0.0,0.0,0.0,1.0,0.0,0.0,True,Qwen/Qwen3-Coder-30B-A3B-Instruct-FP8,None
2621@y_name@DESC,Bar,Extra Hard,0.6540898084640503,2.616359233856201,4,0.0,0.0,0.0,0.0,0.0,0.0,0.0,0.0,0.0,0.0,1.0,0.0,0.0,True,Qwen/Qwen3-Coder-30B-A3B-Instruct-FP8,None
2621@y_name@DESC,Bar,Extra Hard,0.6540898084640503,2.616359233856201,4,0.0,0.0,0.0,0.0,0.0,0.0,0.0,0.0,0.0,0.0,1.0,0.0,0.0,True,Qwen/Qwen3-Coder-30B-A3B-Instruct-FP8,None
1163@y_name@ASC,Bar,Hard,0.5311009883880615,0.5311009883880615,1,0.0,0.0,0.0,0.0,0.0,0.0,0.0,0.0,0.0,0.0,1.0,0.0,0.0,True,Qwen/Qwen3-Coder-30B-A3B-Instruct-FP8,None
1163@y_name@ASC,Bar,Hard,0.5311009883880615,0.5311009883880615,1,0.0,0.0,0.0,0.0,0.0,0.0,0.0,0.0,0.0,0.0,1.0,0.0,0.0,True,Qwen/Qwen3-Coder-30B-A3B-Instruct-FP8,None
1163@y_name@ASC,Bar,Hard,0.5311009883880615,0.5311009883880615,1,0.0,0.0,0.0,0.0,0.0,0.0,0.0,0.0,0.0,0.0,1.0,0.0,0.0,True,Qwen/Qwen3-Coder-30B-A3B-Instruct-FP8,None
1164@y_name@ASC,Bar,Hard,0.5220838785171509,1.0441677570343018,2,0.0,0.0,0.0,0.0,0.0,0.0,0.0,0.0,0.0,0.0,1.0,0.0,0.0,True,Qwen/Qwen3-Coder-30B-A3B-Instruct-FP8,None
1164@y_name@ASC,Bar,Hard,0.5220838785171509,1.0441677570343018,2,0.0,0.0,0.0,0.0,0.0,0.0,0.0,0.0,0.0,0.0,1.0,0.0,0.0,True,Qwen/Qwen3-Coder-30B-A3B-Instruct-FP8,None
1164@y_name@ASC,Bar,Hard,0.5220838785171509,1.0441677570343018,2,0.0,0.0,0.0,0.0,0.0,0.0,0.0,0.0,0.0,0.0,1.0,0.0,0.0,True,Qwen/Qwen3-Coder-30B-A3B-Instruct-FP8,None
1165@x_name@DESC,Line,Hard,0.5663354396820068,0.5663354396820068,1,0.0,0.0,0.0,0.0,0.0,0.0,0.0,0.0,0.0,0.0,1.0,0.0,0.0,True,Qwen/Qwen3-Coder-30B-A3B-Instruct-FP8,None
1165@x_name@DESC,Line,Hard,0.5663354396820068,0.5663354396820068,1,0.0,0.0,0.0,0.0,0.0,0.0,0.0,0.0,0.0,0.0,1.0,0.0,0.0,True,Qwen/Qwen3-Coder-30B-A3B-Instruct-FP8,None
1165@x_name@DESC,Line,Hard,0.5663354396820068,0.5663354396820068,1,0.0,0.0,0.0,0.0,0.0,0.0,0.0,0.0,0.0,0.0,1.0,0.0,0.0,True,Qwen/Qwen3-Coder-30B-A3B-Instruct-FP8,None
1166@y_name@ASC,Bar,Hard,0.5680288076400757,1.1360576152801514,2,0.0,0.0,0.0,0.0,0.0,0.0,0.0,0.0,0.0,0.0,1.0,0.0,0.0,True,Qwen/Qwen3-Coder-30B-A3B-Instruct-FP8,None
1166@y_name@ASC,Bar,Hard,0.5680288076400757,1.1360576152801514,2,0.0,0.0,0.0,0.0,0.0,0.0,0.0,0.0,0.0,0.0,1.0,0.0,0.0,True,Qwen/Qwen3-Coder-30B-A3B-Instruct-FP8,None
1166@y_name@ASC,Bar,Hard,0.5680288076400757,1.1360576152801514,2,0.0,0.0,0.0,0.0,0.0,0.0,0.0,0.0,0.0,0.0,1.0,0.0,0.0,True,Qwen/Qwen3-Coder-30B-A3B-Instruct-FP8,None
1167@y_name@ASC,Bar,Medium,0.3996288776397705,0.3996288776397705,1,0.0,0.0,0.0,0.0,0.0,0.0,0.0,0.0,0.0,0.0,1.0,0.0,0.0,False,Qwen/Qwen3-Coder-30B-A3B-Instruct-FP8,None
1167@y_name@ASC,Bar,Medium,0.3996288776397705,0.3996288776397705,1,0.0,0.0,0.0,0.0,0.0,0.0,0.0,0.0,0.0,0.0,1.0,0.0,0.0,False,Qwen/Qwen3-Coder-30B-A3B-Instruct-FP8,None
1167@y_name@ASC,Bar,Medium,0.3996288776397705,0.3996288776397705,1,0.0,0.0,0.0,0.0,0.0,0.0,0.0,0.0,0.0,0.0,1.0,0.0,0.0,False,Qwen/Qwen3-Coder-30B-A3B-Instruct-FP8,None
1169@y_name@DESC,Bar,Medium,0.3857640027999878,0.7715280055999756,2,0.0,0.0,0.0,0.0,0.0,0.0,0.0,0.0,0.0,0.0,1.0,0.0,0.0,False,Qwen/Qwen3-Coder-30B-A3B-Instruct-FP8,None
1169@y_name@DESC,Bar,Medium,0.3857640027999878,0.7715280055999756,2,0.0,0.0,0.0,0.0,0.0,0.0,0.0,0.0,0.0,0.0,1.0,0.0,0.0,False,Qwen/Qwen3-Coder-30B-A3B-Instruct-FP8,None
1169@y_name@DESC,Bar,Medium,0.3857640027999878,0.7715280055999756,2,0.0,0.0,0.0,0.0,0.0,0.0,0.0,0.0,0.0,0.0,1.0,0.0,0.0,False,Qwen/Qwen3-Coder-30B-A3B-Instruct-FP8,None
1181@y_name@DESC,Bar,Medium,0.5294253826141357,1.0588507652282715,2,0.0,0.0,0.0,0.0,0.0,0.0,0.0,0.0,0.0,0.0,1.0,0.0,0.0,False,Qwen/Qwen3-Coder-30B-A3B-Instruct-FP8,None
1181@y_name@DESC,Bar,Medium,0.5294253826141357,1.0588507652282715,2,0.0,0.0,0.0,0.0,0.0,0.0,0.0,0.0,0.0,0.0,1.0,0.0,0.0,False,Qwen/Qwen3-Coder-30B-A3B-Instruct-FP8,None
1181@y_name@DESC,Bar,Medium,0.5294253826141357,1.0588507652282715,2,0.0,0.0,0.0,0.0,0.0,0.0,0.0,0.0,0.0,0.0,1.0,0.0,0.0,False,Qwen/Qwen3-Coder-30B-A3B-Instruct-FP8,None
1184@y_name@ASC,Bar,Medium,0.4926224946975708,0.9852449893951416,2,0.0,0.0,0.0,0.0,0.0,0.0,0.0,0.0,0.0,0.0,1.0,0.0,0.0,False,Qwen/Qwen3-Coder-30B-A3B-Instruct-FP8,None
1184@y_name@ASC,Bar,Medium,0.4926224946975708,0.9852449893951416,2,0.0,0.0,0.0,0.0,0.0,0.0,0.0,0.0,0.0,0.0,1.0,0.0,0.0,False,Qwen/Qwen3-Coder-30B-A3B-Instruct-FP8,None
1184@y_name@ASC,Bar,Medium,0.4926224946975708,0.9852449893951416,2,0.0,0.0,0.0,0.0,0.0,0.0,0.0,0.0,0.0,0.0,1.0,0.0,0.0,False,Qwen/Qwen3-Coder-30B-A3B-Instruct-FP8,None
1185@y_name@DESC,Bar,Medium,0.48656022548675537,0.9731204509735107,2,0.0,0.0,0.0,0.0,0.0,0.0,0.0,0.0,0.0,0.0,1.0,0.0,0.0,False,Qwen/Qwen3-Coder-30B-A3B-Instruct-FP8,None
1185@y_name@DESC,Bar,Medium,0.48656022548675537,0.9731204509735107,2,0.0,0.0,0.0,0.0,0.0,0.0,0.0,0.0,0.0,0.0,1.0,0.0,0.0,False,Qwen/Qwen3-Coder-30B-A3B-Instruct-FP8,None
1185@y_name@DESC,Bar,Medium,0.48656022548675537,0.9731204509735107,2,0.0,0.0,0.0,0.0,0.0,0.0,0.0,0.0,0.0,0.0,1.0,0.0,0.0,False,Qwen/Qwen3-Coder-30B-A3B-Instruct-FP8,None
1190@y_name@ASC,Bar,Hard,0.6175776720046997,1.2351553440093994,2,0.0,0.0,0.0,0.0,1.0,0.0,0.0,0.0,0.0,1.0,0.0,,0.0,True,Qwen/Qwen3-Coder-30B-A3B-Instruct-FP8,None
1190@y_name@ASC,Bar,Hard,0.6175776720046997,1.2351553440093994,2,0.0,0.0,0.0,0.0,1.0,0.0,0.0,0.0,0.0,1.0,0.0,,0.0,True,Qwen/Qwen3-Coder-30B-A3B-Instruct-FP8,None
1190@y_name@ASC,Bar,Hard,0.6175776720046997,1.2351553440093994,2,0.0,0.0,0.0,0.0,1.0,0.0,0.0,0.0,0.0,1.0,0.0,,0.0,True,Qwen/Qwen3-Coder-30B-A3B-Instruct-FP8,None
1197@x_name@ASC,Bar,Hard,0.5733861923217773,1.1467723846435547,2,0.0,0.0,0.0,0.0,0.0,0.0,0.0,0.0,0.0,0.0,1.0,0.0,0.0,True,Qwen/Qwen3-Coder-30B-A3B-Instruct-FP8,None
1197@x_name@ASC,Bar,Hard,0.5733861923217773,1.1467723846435547,2,0.0,0.0,0.0,0.0,0.0,0.0,0.0,0.0,0.0,0.0,1.0,0.0,0.0,True,Qwen/Qwen3-Coder-30B-A3B-Instruct-FP8,None
1197@x_name@ASC,Bar,Hard,0.5733861923217773,1.1467723846435547,2,0.0,0.0,0.0,0.0,0.0,0.0,0.0,0.0,0.0,0.0,1.0,0.0,0.0,True,Qwen/Qwen3-Coder-30B-A3B-Instruct-FP8,None
1200@y_name@ASC,Bar,Hard,2.1462186574935913,4.292437314987183,2,0.0,0.0,0.0,0.0,0.0,0.0,0.0,0.0,0.0,0.0,1.0,0.0,0.0,True,Qwen/Qwen3-Coder-30B-A3B-Instruct-FP8,None
1200@y_name@ASC,Bar,Hard,2.1462186574935913,4.292437314987183,2,0.0,0.0,0.0,0.0,0.0,0.0,0.0,0.0,0.0,0.0,1.0,0.0,0.0,True,Qwen/Qwen3-Coder-30B-A3B-Instruct-FP8,None
1200@y_name@ASC,Bar,Hard,2.1462186574935913,4.292437314987183,2,0.0,0.0,0.0,0.0,0.0,0.0,0.0,0.0,0.0,0.0,1.0,0.0,0.0,True,Qwen/Qwen3-Coder-30B-A3B-Instruct-FP8,None
2075@y_name@DESC,Bar,Extra Hard,1.0151853561401367,1.0151853561401367,1,0.0,0.0,0.0,0.0,0.0,0.0,0.0,0.0,0.0,0.0,1.0,0.0,0.0,True,Qwen/Qwen3-Coder-30B-A3B-Instruct-FP8,None
2075@y_name@DESC,Bar,Extra Hard,1.0151853561401367,1.0151853561401367,1,0.0,0.0,0.0,0.0,0.0,0.0,0.0,0.0,0.0,0.0,1.0,0.0,0.0,True,Qwen/Qwen3-Coder-30B-A3B-Instruct-FP8,None
2075@y_name@DESC,Bar,Extra Hard,1.0151853561401367,1.0151853561401367,1,0.0,0.0,0.0,0.0,0.0,0.0,0.0,0.0,0.0,0.0,1.0,0.0,0.0,True,Qwen/Qwen3-Coder-30B-A3B-Instruct-FP8,None
2079@y_name@DESC,Bar,Medium,0.577751874923706,0.577751874923706,1,0.0,0.0,0.0,0.0,1.0,0.0,0.0,0.0,0.0,1.0,0.0,,0.0,False,Qwen/Qwen3-Coder-30B-A3B-Instruct-FP8,None
2079@y_name@DESC,Bar,Medium,0.577751874923706,0.577751874923706,1,0.0,0.0,0.0,0.0,1.0,0.0,0.0,0.0,0.0,1.0,0.0,,0.0,False,Qwen/Qwen3-Coder-30B-A3B-Instruct-FP8,None
2079@y_name@DESC,Bar,Medium,0.577751874923706,0.577751874923706,1,0.0,0.0,0.0,0.0,1.0,0.0,0.0,0.0,0.0,1.0,0.0,,0.0,False,Qwen/Qwen3-Coder-30B-A3B-Instruct-FP8,None
2087@y_name@DESC,Bar,Medium,0.4775352478027344,0.4775352478027344,1,0.0,0.0,0.0,0.0,0.0,0.0,0.0,0.0,0.0,0.0,1.0,0.0,0.0,False,Qwen/Qwen3-Coder-30B-A3B-Instruct-FP8,None
2087@y_name@DESC,Bar,Medium,0.4775352478027344,0.4775352478027344,1,0.0,0.0,0.0,0.0,0.0,0.0,0.0,0.0,0.0,0.0,1.0,0.0,0.0,False,Qwen/Qwen3-Coder-30B-A3B-Instruct-FP8,None
2087@y_name@DESC,Bar,Medium,0.4775352478027344,0.4775352478027344,1,0.0,0.0,0.0,0.0,0.0,0.0,0.0,0.0,0.0,0.0,1.0,0.0,0.0,False,Qwen/Qwen3-Coder-30B-A3B-Instruct-FP8,None
2088@x_name@ASC,Bar,Hard,0.5520694255828857,0.5520694255828857,1,0.0,0.0,0.0,0.0,0.0,1.0,0.0,0.0,0.0,1.0,0.0,,0.0,True,Qwen/Qwen3-Coder-30B-A3B-Instruct-FP8,None
2088@x_name@ASC,Bar,Hard,0.5520694255828857,0.5520694255828857,1,0.0,0.0,0.0,0.0,0.0,1.0,0.0,0.0,0.0,1.0,0.0,,0.0,True,Qwen/Qwen3-Coder-30B-A3B-Instruct-FP8,None
2088@x_name@ASC,Bar,Hard,0.5520694255828857,0.5520694255828857,1,0.0,0.0,0.0,0.0,0.0,1.0,0.0,0.0,0.0,1.0,0.0,,0.0,True,Qwen/Qwen3-Coder-30B-A3B-Instruct-FP8,None
2097@y_name@DESC,Bar,Hard,0.5974893569946289,0.5974893569946289,1,0.0,0.0,0.0,0.0,0.0,0.0,0.0,0.0,0.0,0.0,1.0,0.0,0.0,True,Qwen/Qwen3-Coder-30B-A3B-Instruct-FP8,None
2097@y_name@DESC,Bar,Hard,0.5974893569946289,0.5974893569946289,1,0.0,0.0,0.0,0.0,0.0,0.0,0.0,0.0,0.0,0.0,1.0,0.0,0.0,True,Qwen/Qwen3-Coder-30B-A3B-Instruct-FP8,None
2097@y_name@DESC,Bar,Hard,0.5974893569946289,0.5974893569946289,1,0.0,0.0,0.0,0.0,0.0,0.0,0.0,0.0,0.0,0.0,1.0,0.0,0.0,True,Qwen/Qwen3-Coder-30B-A3B-Instruct-FP8,None
2102@y_name@DESC,Bar,Hard,0.5290911197662354,0.5290911197662354,1,0.0,0.0,0.0,0.0,0.0,0.0,0.0,0.0,0.0,0.0,1.0,0.0,0.0,True,Qwen/Qwen3-Coder-30B-A3B-Instruct-FP8,None
2102@y_name@DESC,Bar,Hard,0.5290911197662354,0.5290911197662354,1,0.0,0.0,0.0,0.0,0.0,0.0,0.0,0.0,0.0,0.0,1.0,0.0,0.0,True,Qwen/Qwen3-Coder-30B-A3B-Instruct-FP8,None
2102@y_name@DESC,Bar,Hard,0.5290911197662354,0.5290911197662354,1,0.0,0.0,0.0,0.0,0.0,0.0,0.0,0.0,0.0,0.0,1.0,0.0,0.0,True,Qwen/Qwen3-Coder-30B-A3B-Instruct-FP8,None
2109@y_name@ASC,Bar,Medium,0.5706528027852377,1.711958408355713,3,0.0,0.0,0.0,0.0,0.0,1.0,0.0,0.0,0.0,1.0,0.0,,0.0,False,Qwen/Qwen3-Coder-30B-A3B-Instruct-FP8,None
2109@y_name@ASC,Bar,Medium,0.5706528027852377,1.711958408355713,3,0.0,0.0,0.0,0.0,0.0,1.0,0.0,0.0,0.0,1.0,0.0,,0.0,False,Qwen/Qwen3-Coder-30B-A3B-Instruct-FP8,None
2109@y_name@ASC,Bar,Medium,0.5706528027852377,1.711958408355713,3,0.0,0.0,0.0,0.0,0.0,1.0,0.0,0.0,0.0,1.0,0.0,,0.0,False,Qwen/Qwen3-Coder-30B-A3B-Instruct-FP8,None
907@x_name@ASC,Bar,Medium,0.32859373092651367,0.6571874618530273,2,0.0,0.0,0.0,0.0,0.0,0.0,0.0,0.0,0.0,0.0,1.0,0.0,0.0,False,Qwen/Qwen3-Coder-30B-A3B-Instruct-FP8,None
907@x_name@ASC,Bar,Medium,0.32859373092651367,0.6571874618530273,2,0.0,0.0,0.0,0.0,0.0,0.0,0.0,0.0,0.0,0.0,1.0,0.0,0.0,False,Qwen/Qwen3-Coder-30B-A3B-Instruct-FP8,None
907@x_name@ASC,Bar,Medium,0.32859373092651367,0.6571874618530273,2,0.0,0.0,0.0,0.0,0.0,0.0,0.0,0.0,0.0,0.0,1.0,0.0,0.0,False,Qwen/Qwen3-Coder-30B-A3B-Instruct-FP8,None
3288@x_name@DESC,Bar,Medium,0.4300973415374756,0.8601946830749512,2,0.0,0.0,0.0,0.0,0.0,1.0,0.0,0.0,0.0,1.0,0.0,,0.0,False,Qwen/Qwen3-Coder-30B-A3B-Instruct-FP8,None
3288@x_name@DESC,Bar,Medium,0.4300973415374756,0.8601946830749512,2,0.0,0.0,0.0,0.0,0.0,1.0,0.0,0.0,0.0,1.0,0.0,,0.0,False,Qwen/Qwen3-Coder-30B-A3B-Instruct-FP8,None
3288@x_name@DESC,Bar,Medium,0.4300973415374756,0.8601946830749512,2,0.0,0.0,0.0,0.0,0.0,1.0,0.0,0.0,0.0,1.0,0.0,,0.0,False,Qwen/Qwen3-Coder-30B-A3B-Instruct-FP8,None
3290@y_name@ASC,Bar,Medium,0.43131422996520996,1.2939426898956299,3,0.0,0.0,0.0,0.0,0.0,1.0,0.0,0.0,0.0,1.0,0.0,,0.0,False,Qwen/Qwen3-Coder-30B-A3B-Instruct-FP8,None
3290@y_name@ASC,Bar,Medium,0.43131422996520996,1.2939426898956299,3,0.0,0.0,0.0,0.0,0.0,1.0,0.0,0.0,0.0,1.0,0.0,,0.0,False,Qwen/Qwen3-Coder-30B-A3B-Instruct-FP8,None
3290@y_name@ASC,Bar,Medium,0.43131422996520996,1.2939426898956299,3,0.0,0.0,0.0,0.0,0.0,1.0,0.0,0.0,0.0,1.0,0.0,,0.0,False,Qwen/Qwen3-Coder-30B-A3B-Instruct-FP8,None
443@x_name@ASC,Bar,Medium,0.36389708518981934,0.7277941703796387,2,0.0,0.0,0.0,0.0,0.0,0.5,0.0,0.0,0.0,0.5,0.5,0.0,0.0,False,Qwen/Qwen3-Coder-30B-A3B-Instruct-FP8,None
443@x_name@ASC,Bar,Medium,0.36389708518981934,0.7277941703796387,2,0.0,0.0,0.0,0.0,0.0,0.5,0.0,0.0,0.0,0.5,0.5,0.0,0.0,False,Qwen/Qwen3-Coder-30B-A3B-Instruct-FP8,None
443@x_name@ASC,Bar,Medium,0.36389708518981934,0.7277941703796387,2,0.0,0.0,0.0,0.0,0.0,0.5,0.0,0.0,0.0,0.5,0.5,0.0,0.0,False,Qwen/Qwen3-Coder-30B-A3B-Instruct-FP8,None
445@x_name@ASC,Bar,Medium,0.3618605136871338,0.3618605136871338,1,0.0,0.0,0.0,0.0,0.0,0.0,0.0,0.0,0.0,0.0,1.0,0.0,0.0,False,Qwen/Qwen3-Coder-30B-A3B-Instruct-FP8,None
445@x_name@ASC,Bar,Medium,0.3618605136871338,0.3618605136871338,1,0.0,0.0,0.0,0.0,0.0,0.0,0.0,0.0,0.0,0.0,1.0,0.0,0.0,False,Qwen/Qwen3-Coder-30B-A3B-Instruct-FP8,None
445@x_name@ASC,Bar,Medium,0.3618605136871338,0.3618605136871338,1,0.0,0.0,0.0,0.0,0.0,0.0,0.0,0.0,0.0,0.0,1.0,0.0,0.0,False,Qwen/Qwen3-Coder-30B-A3B-Instruct-FP8,None
447@x_name@ASC,Bar,Medium,0.4945993423461914,1.9783973693847656,4,0.0,0.0,0.0,0.0,0.0,0.0,0.0,0.0,0.0,0.0,1.0,0.0,0.0,True,Qwen/Qwen3-Coder-30B-A3B-Instruct-FP8,None
447@x_name@ASC,Bar,Medium,0.4945993423461914,1.9783973693847656,4,0.0,0.0,0.0,0.0,0.0,0.0,0.0,0.0,0.0,0.0,1.0,0.0,0.0,True,Qwen/Qwen3-Coder-30B-A3B-Instruct-FP8,None
447@x_name@ASC,Bar,Medium,0.4945993423461914,1.9783973693847656,4,0.0,0.0,0.0,0.0,0.0,0.0,0.0,0.0,0.0,0.0,1.0,0.0,0.0,True,Qwen/Qwen3-Coder-30B-A3B-Instruct-FP8,None
453@y_name@ASC,Bar,Hard,0.5285146236419678,0.5285146236419678,1,0.0,0.0,0.0,0.0,0.0,0.0,0.0,0.0,0.0,0.0,1.0,0.0,0.0,True,Qwen/Qwen3-Coder-30B-A3B-Instruct-FP8,None
453@y_name@ASC,Bar,Hard,0.5285146236419678,0.5285146236419678,1,0.0,0.0,0.0,0.0,0.0,0.0,0.0,0.0,0.0,0.0,1.0,0.0,0.0,True,Qwen/Qwen3-Coder-30B-A3B-Instruct-FP8,None
453@y_name@ASC,Bar,Hard,0.5285146236419678,0.5285146236419678,1,0.0,0.0,0.0,0.0,0.0,0.0,0.0,0.0,0.0,0.0,1.0,0.0,0.0,True,Qwen/Qwen3-Coder-30B-A3B-Instruct-FP8,None
455@y_name@ASC,Bar,Hard,0.5285484790802002,0.5285484790802002,1,0.0,0.0,0.0,0.0,0.0,0.0,0.0,0.0,0.0,0.0,1.0,0.0,0.0,True,Qwen/Qwen3-Coder-30B-A3B-Instruct-FP8,None
455@y_name@ASC,Bar,Hard,0.5285484790802002,0.5285484790802002,1,0.0,0.0,0.0,0.0,0.0,0.0,0.0,0.0,0.0,0.0,1.0,0.0,0.0,True,Qwen/Qwen3-Coder-30B-A3B-Instruct-FP8,None
455@y_name@ASC,Bar,Hard,0.5285484790802002,0.5285484790802002,1,0.0,0.0,0.0,0.0,0.0,0.0,0.0,0.0,0.0,0.0,1.0,0.0,0.0,True,Qwen/Qwen3-Coder-30B-A3B-Instruct-FP8,None
458@x_name@DESC,Bar,Hard,0.5559608936309814,0.5559608936309814,1,0.0,0.0,0.0,0.0,0.0,1.0,0.0,0.0,0.0,1.0,0.0,,0.0,True,Qwen/Qwen3-Coder-30B-A3B-Instruct-FP8,None
458@x_name@DESC,Bar,Hard,0.5559608936309814,0.5559608936309814,1,0.0,0.0,0.0,0.0,0.0,1.0,0.0,0.0,0.0,1.0,0.0,,0.0,True,Qwen/Qwen3-Coder-30B-A3B-Instruct-FP8,None
458@x_name@DESC,Bar,Hard,0.5559608936309814,0.5559608936309814,1,0.0,0.0,0.0,0.0,0.0,1.0,0.0,0.0,0.0,1.0,0.0,,0.0,True,Qwen/Qwen3-Coder-30B-A3B-Instruct-FP8,None
459@x_name@DESC,Bar,Hard,0.3817465305328369,0.3817465305328369,1,0.0,0.0,0.0,0.0,0.0,0.0,0.0,0.0,0.0,0.0,1.0,0.0,0.0,True,Qwen/Qwen3-Coder-30B-A3B-Instruct-FP8,None
459@x_name@DESC,Bar,Hard,0.3817465305328369,0.3817465305328369,1,0.0,0.0,0.0,0.0,0.0,0.0,0.0,0.0,0.0,0.0,1.0,0.0,0.0,True,Qwen/Qwen3-Coder-30B-A3B-Instruct-FP8,None
459@x_name@DESC,Bar,Hard,0.3817465305328369,0.3817465305328369,1,0.0,0.0,0.0,0.0,0.0,0.0,0.0,0.0,0.0,0.0,1.0,0.0,0.0,True,Qwen/Qwen3-Coder-30B-A3B-Instruct-FP8,None
465@y_name@ASC,Bar,Medium,0.46585798263549805,0.9317159652709961,2,0.0,0.0,0.0,0.0,0.0,1.0,0.0,0.0,0.0,1.0,0.0,,0.0,False,Qwen/Qwen3-Coder-30B-A3B-Instruct-FP8,None
465@y_name@ASC,Bar,Medium,0.46585798263549805,0.9317159652709961,2,0.0,0.0,0.0,0.0,0.0,1.0,0.0,0.0,0.0,1.0,0.0,,0.0,False,Qwen/Qwen3-Coder-30B-A3B-Instruct-FP8,None
465@y_name@ASC,Bar,Medium,0.46585798263549805,0.9317159652709961,2,0.0,0.0,0.0,0.0,0.0,1.0,0.0,0.0,0.0,1.0,0.0,,0.0,False,Qwen/Qwen3-Coder-30B-A3B-Instruct-FP8,None
468@y_name@DESC,Bar,Medium,0.4459437131881714,0.8918874263763428,2,0.0,0.0,0.0,0.0,0.0,1.0,0.0,0.0,0.0,1.0,0.0,,0.0,False,Qwen/Qwen3-Coder-30B-A3B-Instruct-FP8,None
468@y_name@DESC,Bar,Medium,0.4459437131881714,0.8918874263763428,2,0.0,0.0,0.0,0.0,0.0,1.0,0.0,0.0,0.0,1.0,0.0,,0.0,False,Qwen/Qwen3-Coder-30B-A3B-Instruct-FP8,None
468@y_name@DESC,Bar,Medium,0.4459437131881714,0.8918874263763428,2,0.0,0.0,0.0,0.0,0.0,1.0,0.0,0.0,0.0,1.0,0.0,,0.0,False,Qwen/Qwen3-Coder-30B-A3B-Instruct-FP8,None
469@y_name@DESC,Bar,Medium,0.42795777320861816,0.42795777320861816,1,0.0,0.0,0.0,0.0,0.0,1.0,0.0,0.0,0.0,1.0,0.0,,0.0,False,Qwen/Qwen3-Coder-30B-A3B-Instruct-FP8,None
469@y_name@DESC,Bar,Medium,0.42795777320861816,0.42795777320861816,1,0.0,0.0,0.0,0.0,0.0,1.0,0.0,0.0,0.0,1.0,0.0,,0.0,False,Qwen/Qwen3-Coder-30B-A3B-Instruct-FP8,None
469@y_name@DESC,Bar,Medium,0.42795777320861816,0.42795777320861816,1,0.0,0.0,0.0,0.0,0.0,1.0,0.0,0.0,0.0,1.0,0.0,,0.0,False,Qwen/Qwen3-Coder-30B-A3B-Instruct-FP8,None
474@x_name@DESC,Bar,Easy,0.2934224605560303,0.2934224605560303,1,0.0,0.0,0.0,0.0,0.0,0.0,0.0,0.0,0.0,0.0,1.0,0.0,0.0,False,Qwen/Qwen3-Coder-30B-A3B-Instruct-FP8,None
474@x_name@DESC,Bar,Easy,0.2934224605560303,0.2934224605560303,1,0.0,0.0,0.0,0.0,0.0,0.0,0.0,0.0,0.0,0.0,1.0,0.0,0.0,False,Qwen/Qwen3-Coder-30B-A3B-Instruct-FP8,None
474@x_name@DESC,Bar,Easy,0.2934224605560303,0.2934224605560303,1,0.0,0.0,0.0,0.0,0.0,0.0,0.0,0.0,0.0,0.0,1.0,0.0,0.0,False,Qwen/Qwen3-Coder-30B-A3B-Instruct-FP8,None
1437@x_name@DESC,Bar,Extra Hard,1.0318830013275146,1.0318830013275146,1,0.0,0.0,0.0,0.0,0.0,1.0,0.0,0.0,0.0,1.0,0.0,,0.0,True,Qwen/Qwen3-Coder-30B-A3B-Instruct-FP8,None
1437@x_name@DESC,Bar,Extra Hard,1.0318830013275146,1.0318830013275146,1,0.0,0.0,0.0,0.0,0.0,1.0,0.0,0.0,0.0,1.0,0.0,,0.0,True,Qwen/Qwen3-Coder-30B-A3B-Instruct-FP8,None
1437@x_name@DESC,Bar,Extra Hard,1.0318830013275146,1.0318830013275146,1,0.0,0.0,0.0,0.0,0.0,1.0,0.0,0.0,0.0,1.0,0.0,,0.0,True,Qwen/Qwen3-Coder-30B-A3B-Instruct-FP8,None
1448@x_name@ASC,Line,Extra Hard,1.13618004322052,4.54472017288208,4,0.0,0.0,0.0,0.0,0.0,0.0,0.0,0.0,0.0,0.0,1.0,0.0,0.0,True,Qwen/Qwen3-Coder-30B-A3B-Instruct-FP8,None
1448@x_name@ASC,Line,Extra Hard,1.13618004322052,4.54472017288208,4,0.0,0.0,0.0,0.0,0.0,0.0,0.0,0.0,0.0,0.0,1.0,0.0,0.0,True,Qwen/Qwen3-Coder-30B-A3B-Instruct-FP8,None
1448@x_name@ASC,Line,Extra Hard,1.13618004322052,4.54472017288208,4,0.0,0.0,0.0,0.0,0.0,0.0,0.0,0.0,0.0,0.0,1.0,0.0,0.0,True,Qwen/Qwen3-Coder-30B-A3B-Instruct-FP8,None
3220@x_name@ASC,Bar,Medium,0.41147029399871826,0.8229405879974365,2,0.0,0.0,0.0,0.0,0.0,0.5,0.0,0.0,0.0,0.5,0.5,0.0,0.0,False,Qwen/Qwen3-Coder-30B-A3B-Instruct-FP8,None
3220@x_name@ASC,Bar,Medium,0.41147029399871826,0.8229405879974365,2,0.0,0.0,0.0,0.0,0.0,0.5,0.0,0.0,0.0,0.5,0.5,0.0,0.0,False,Qwen/Qwen3-Coder-30B-A3B-Instruct-FP8,None
3220@x_name@ASC,Bar,Medium,0.41147029399871826,0.8229405879974365,2,0.0,0.0,0.0,0.0,0.0,0.5,0.0,0.0,0.0,0.5,0.5,0.0,0.0,False,Qwen/Qwen3-Coder-30B-A3B-Instruct-FP8,None
3224@x_name@DESC,Bar,Medium,0.38645505905151367,0.7729101181030273,2,0.0,0.0,0.0,0.0,1.0,0.0,0.0,0.0,0.0,1.0,0.0,,0.0,False,Qwen/Qwen3-Coder-30B-A3B-Instruct-FP8,None
3224@x_name@DESC,Bar,Medium,0.38645505905151367,0.7729101181030273,2,0.0,0.0,0.0,0.0,1.0,0.0,0.0,0.0,0.0,1.0,0.0,,0.0,False,Qwen/Qwen3-Coder-30B-A3B-Instruct-FP8,None
3224@x_name@DESC,Bar,Medium,0.38645505905151367,0.7729101181030273,2,0.0,0.0,0.0,0.0,1.0,0.0,0.0,0.0,0.0,1.0,0.0,,0.0,False,Qwen/Qwen3-Coder-30B-A3B-Instruct-FP8,None
3226@y_name@DESC,Bar,Extra Hard,0.7119588057200114,2.135876417160034,3,0.0,0.0,0.0,0.0,0.0,0.0,0.0,0.0,0.0,0.0,1.0,0.0,0.0,True,Qwen/Qwen3-Coder-30B-A3B-Instruct-FP8,None
3226@y_name@DESC,Bar,Extra Hard,0.7119588057200114,2.135876417160034,3,0.0,0.0,0.0,0.0,0.0,0.0,0.0,0.0,0.0,0.0,1.0,0.0,0.0,True,Qwen/Qwen3-Coder-30B-A3B-Instruct-FP8,None
3226@y_name@DESC,Bar,Extra Hard,0.7119588057200114,2.135876417160034,3,0.0,0.0,0.0,0.0,0.0,0.0,0.0,0.0,0.0,0.0,1.0,0.0,0.0,True,Qwen/Qwen3-Coder-30B-A3B-Instruct-FP8,None
3236@x_name@ASC,Bar,Hard,0.5421600341796875,0.5421600341796875,1,0.0,0.0,0.0,0.0,0.0,1.0,0.0,0.0,0.0,1.0,0.0,,0.0,False,Qwen/Qwen3-Coder-30B-A3B-Instruct-FP8,None
3236@x_name@ASC,Bar,Hard,0.5421600341796875,0.5421600341796875,1,0.0,0.0,0.0,0.0,0.0,1.0,0.0,0.0,0.0,1.0,0.0,,0.0,False,Qwen/Qwen3-Coder-30B-A3B-Instruct-FP8,None
3236@x_name@ASC,Bar,Hard,0.5421600341796875,0.5421600341796875,1,0.0,0.0,0.0,0.0,0.0,1.0,0.0,0.0,0.0,1.0,0.0,,0.0,False,Qwen/Qwen3-Coder-30B-A3B-Instruct-FP8,None
3238@y_name@ASC,Bar,Medium,0.40389337539672854,2.0194668769836426,5,0.0,0.0,0.0,0.0,0.0,0.0,0.0,0.0,0.0,0.0,1.0,0.0,0.0,False,Qwen/Qwen3-Coder-30B-A3B-Instruct-FP8,None
3238@y_name@ASC,Bar,Medium,0.40389337539672854,2.0194668769836426,5,0.0,0.0,0.0,0.0,0.0,0.0,0.0,0.0,0.0,0.0,1.0,0.0,0.0,False,Qwen/Qwen3-Coder-30B-A3B-Instruct-FP8,None
3238@y_name@ASC,Bar,Medium,0.40389337539672854,2.0194668769836426,5,0.0,0.0,0.0,0.0,0.0,0.0,0.0,0.0,0.0,0.0,1.0,0.0,0.0,False,Qwen/Qwen3-Coder-30B-A3B-Instruct-FP8,None
3247@x_name@ASC,Line,Easy,0.43745529651641846,0.8749105930328369,2,0.0,0.0,0.0,0.0,0.0,0.0,0.0,0.0,0.0,0.0,1.0,0.0,0.0,False,Qwen/Qwen3-Coder-30B-A3B-Instruct-FP8,None
3247@x_name@ASC,Line,Easy,0.43745529651641846,0.8749105930328369,2,0.0,0.0,0.0,0.0,0.0,0.0,0.0,0.0,0.0,0.0,1.0,0.0,0.0,False,Qwen/Qwen3-Coder-30B-A3B-Instruct-FP8,None
3247@x_name@ASC,Line,Easy,0.43745529651641846,0.8749105930328369,2,0.0,0.0,0.0,0.0,0.0,0.0,0.0,0.0,0.0,0.0,1.0,0.0,0.0,False,Qwen/Qwen3-Coder-30B-A3B-Instruct-FP8,None
3256@x_name@ASC,Line,Easy,0.45285487174987793,0.45285487174987793,1,0.0,0.0,0.0,0.0,0.0,0.0,0.0,0.0,0.0,0.0,1.0,0.0,0.0,False,Qwen/Qwen3-Coder-30B-A3B-Instruct-FP8,None
3256@x_name@ASC,Line,Easy,0.45285487174987793,0.45285487174987793,1,0.0,0.0,0.0,0.0,0.0,0.0,0.0,0.0,0.0,0.0,1.0,0.0,0.0,False,Qwen/Qwen3-Coder-30B-A3B-Instruct-FP8,None
3256@x_name@ASC,Line,Easy,0.45285487174987793,0.45285487174987793,1,0.0,0.0,0.0,0.0,0.0,0.0,0.0,0.0,0.0,0.0,1.0,0.0,0.0,False,Qwen/Qwen3-Coder-30B-A3B-Instruct-FP8,None
1498@y_name@DESC,Bar,Medium,0.37977997461954754,1.1393399238586426,3,0.0,0.0,0.0,0.0,0.0,0.0,0.0,0.0,0.0,0.0,1.0,0.0,0.0,False,Qwen/Qwen3-Coder-30B-A3B-Instruct-FP8,None
1498@y_name@DESC,Bar,Medium,0.37977997461954754,1.1393399238586426,3,0.0,0.0,0.0,0.0,0.0,0.0,0.0,0.0,0.0,0.0,1.0,0.0,0.0,False,Qwen/Qwen3-Coder-30B-A3B-Instruct-FP8,None
1498@y_name@DESC,Bar,Medium,0.37977997461954754,1.1393399238586426,3,0.0,0.0,0.0,0.0,0.0,0.0,0.0,0.0,0.0,0.0,1.0,0.0,0.0,False,Qwen/Qwen3-Coder-30B-A3B-Instruct-FP8,None
1508@x_name@ASC,Bar,Medium,0.4046785831451416,1.2140357494354248,3,0.0,0.0,0.0,0.0,0.0,0.0,0.0,0.0,0.0,0.0,1.0,0.0,0.0,False,Qwen/Qwen3-Coder-30B-A3B-Instruct-FP8,None
1508@x_name@ASC,Bar,Medium,0.4046785831451416,1.2140357494354248,3,0.0,0.0,0.0,0.0,0.0,0.0,0.0,0.0,0.0,0.0,1.0,0.0,0.0,False,Qwen/Qwen3-Coder-30B-A3B-Instruct-FP8,None
1508@x_name@ASC,Bar,Medium,0.4046785831451416,1.2140357494354248,3,0.0,0.0,0.0,0.0,0.0,0.0,0.0,0.0,0.0,0.0,1.0,0.0,0.0,False,Qwen/Qwen3-Coder-30B-A3B-Instruct-FP8,None
1510@y_name@ASC,Bar,Hard,0.49576759338378906,0.9915351867675781,2,0.0,0.0,0.0,0.0,1.0,0.0,0.0,0.0,0.0,1.0,0.0,,0.0,False,Qwen/Qwen3-Coder-30B-A3B-Instruct-FP8,None
1510@y_name@ASC,Bar,Hard,0.49576759338378906,0.9915351867675781,2,0.0,0.0,0.0,0.0,1.0,0.0,0.0,0.0,0.0,1.0,0.0,,0.0,False,Qwen/Qwen3-Coder-30B-A3B-Instruct-FP8,None
1510@y_name@ASC,Bar,Hard,0.49576759338378906,0.9915351867675781,2,0.0,0.0,0.0,0.0,1.0,0.0,0.0,0.0,0.0,1.0,0.0,,0.0,False,Qwen/Qwen3-Coder-30B-A3B-Instruct-FP8,None
1511@x_name@ASC,Bar,Medium,0.4332747459411621,0.8665494918823242,2,0.0,0.0,0.0,0.0,0.0,1.0,0.0,0.0,0.0,1.0,0.0,,0.0,False,Qwen/Qwen3-Coder-30B-A3B-Instruct-FP8,None
1511@x_name@ASC,Bar,Medium,0.4332747459411621,0.8665494918823242,2,0.0,0.0,0.0,0.0,0.0,1.0,0.0,0.0,0.0,1.0,0.0,,0.0,False,Qwen/Qwen3-Coder-30B-A3B-Instruct-FP8,None
1511@x_name@ASC,Bar,Medium,0.4332747459411621,0.8665494918823242,2,0.0,0.0,0.0,0.0,0.0,1.0,0.0,0.0,0.0,1.0,0.0,,0.0,False,Qwen/Qwen3-Coder-30B-A3B-Instruct-FP8,None
1516@x_name@DESC,Bar,Hard,0.5085598230361938,1.0171196460723877,2,0.0,0.0,0.0,0.0,0.0,0.5,0.0,0.0,0.0,0.5,0.5,0.0,0.0,True,Qwen/Qwen3-Coder-30B-A3B-Instruct-FP8,None
1516@x_name@DESC,Bar,Hard,0.5085598230361938,1.0171196460723877,2,0.0,0.0,0.0,0.0,0.0,0.5,0.0,0.0,0.0,0.5,0.5,0.0,0.0,True,Qwen/Qwen3-Coder-30B-A3B-Instruct-FP8,None
1516@x_name@DESC,Bar,Hard,0.5085598230361938,1.0171196460723877,2,0.0,0.0,0.0,0.0,0.0,0.5,0.0,0.0,0.0,0.5,0.5,0.0,0.0,True,Qwen/Qwen3-Coder-30B-A3B-Instruct-FP8,None
1518@x_name@ASC,Bar,Medium,0.3571193218231201,0.7142386436462402,2,0.0,0.0,0.0,0.0,0.0,1.0,0.0,0.0,0.0,1.0,0.0,,0.0,False,Qwen/Qwen3-Coder-30B-A3B-Instruct-FP8,None
1518@x_name@ASC,Bar,Medium,0.3571193218231201,0.7142386436462402,2,0.0,0.0,0.0,0.0,0.0,1.0,0.0,0.0,0.0,1.0,0.0,,0.0,False,Qwen/Qwen3-Coder-30B-A3B-Instruct-FP8,None
1518@x_name@ASC,Bar,Medium,0.3571193218231201,0.7142386436462402,2,0.0,0.0,0.0,0.0,0.0,1.0,0.0,0.0,0.0,1.0,0.0,,0.0,False,Qwen/Qwen3-Coder-30B-A3B-Instruct-FP8,None
2459@y_name@DESC,Bar,Medium,0.32503779729207355,1.9502267837524414,6,0.0,0.0,0.0,0.0,0.16666666666666666,0.16666666666666666,0.0,0.0,0.0,0.3333333333333333,0.6666666666666666,0.0,0.0,False,Qwen/Qwen3-Coder-30B-A3B-Instruct-FP8,None
2459@y_name@DESC,Bar,Medium,0.32503779729207355,1.9502267837524414,6,0.0,0.0,0.0,0.0,0.16666666666666666,0.16666666666666666,0.0,0.0,0.0,0.3333333333333333,0.6666666666666666,0.0,0.0,False,Qwen/Qwen3-Coder-30B-A3B-Instruct-FP8,None
2459@y_name@DESC,Bar,Medium,0.32503779729207355,1.9502267837524414,6,0.0,0.0,0.0,0.0,0.16666666666666666,0.16666666666666666,0.0,0.0,0.0,0.3333333333333333,0.6666666666666666,0.0,0.0,False,Qwen/Qwen3-Coder-30B-A3B-Instruct-FP8,None
2461@y_name@DESC,Bar,Hard,0.41116957664489745,2.0558478832244873,5,0.0,0.0,0.0,0.0,0.0,0.0,0.0,0.0,0.0,0.0,1.0,0.0,0.0,False,Qwen/Qwen3-Coder-30B-A3B-Instruct-FP8,None
2461@y_name@DESC,Bar,Hard,0.41116957664489745,2.0558478832244873,5,0.0,0.0,0.0,0.0,0.0,0.0,0.0,0.0,0.0,0.0,1.0,0.0,0.0,False,Qwen/Qwen3-Coder-30B-A3B-Instruct-FP8,None
2461@y_name@DESC,Bar,Hard,0.41116957664489745,2.0558478832244873,5,0.0,0.0,0.0,0.0,0.0,0.0,0.0,0.0,0.0,0.0,1.0,0.0,0.0,False,Qwen/Qwen3-Coder-30B-A3B-Instruct-FP8,None
2465@x_name@DESC,Bar,Hard,0.42114555835723877,0.8422911167144775,2,0.0,0.0,0.0,0.0,0.0,1.0,0.0,0.0,0.0,1.0,0.0,,0.0,False,Qwen/Qwen3-Coder-30B-A3B-Instruct-FP8,None
2465@x_name@DESC,Bar,Hard,0.42114555835723877,0.8422911167144775,2,0.0,0.0,0.0,0.0,0.0,1.0,0.0,0.0,0.0,1.0,0.0,,0.0,False,Qwen/Qwen3-Coder-30B-A3B-Instruct-FP8,None
2465@x_name@DESC,Bar,Hard,0.42114555835723877,0.8422911167144775,2,0.0,0.0,0.0,0.0,0.0,1.0,0.0,0.0,0.0,1.0,0.0,,0.0,False,Qwen/Qwen3-Coder-30B-A3B-Instruct-FP8,None
2317@x_name@ASC,Bar,Medium,0.6007139682769775,0.6007139682769775,1,0.0,0.0,0.0,0.0,1.0,0.0,0.0,0.0,0.0,1.0,0.0,,0.0,False,Qwen/Qwen3-Coder-30B-A3B-Instruct-FP8,None
2317@x_name@ASC,Bar,Medium,0.6007139682769775,0.6007139682769775,1,0.0,0.0,0.0,0.0,1.0,0.0,0.0,0.0,0.0,1.0,0.0,,0.0,False,Qwen/Qwen3-Coder-30B-A3B-Instruct-FP8,None
2317@x_name@ASC,Bar,Medium,0.6007139682769775,0.6007139682769775,1,0.0,0.0,0.0,0.0,1.0,0.0,0.0,0.0,0.0,1.0,0.0,,0.0,False,Qwen/Qwen3-Coder-30B-A3B-Instruct-FP8,None
2321@y_name@ASC,Bar,Medium,0.3325844208399455,1.9955065250396729,6,0.0,0.0,0.0,0.0,0.0,0.0,0.0,0.0,0.0,0.0,1.0,0.0,0.0,False,Qwen/Qwen3-Coder-30B-A3B-Instruct-FP8,None
2321@y_name@ASC,Bar,Medium,0.3325844208399455,1.9955065250396729,6,0.0,0.0,0.0,0.0,0.0,0.0,0.0,0.0,0.0,0.0,1.0,0.0,0.0,False,Qwen/Qwen3-Coder-30B-A3B-Instruct-FP8,None
2321@y_name@ASC,Bar,Medium,0.3325844208399455,1.9955065250396729,6,0.0,0.0,0.0,0.0,0.0,0.0,0.0,0.0,0.0,0.0,1.0,0.0,0.0,False,Qwen/Qwen3-Coder-30B-A3B-Instruct-FP8,None
2565@y_name@ASC,Bar,Extra Hard,0.6258621215820312,0.6258621215820312,1,0.0,0.0,0.0,0.0,0.0,0.0,0.0,0.0,0.0,0.0,1.0,0.0,0.0,True,Qwen/Qwen3-Coder-30B-A3B-Instruct-FP8,None
2565@y_name@ASC,Bar,Extra Hard,0.6258621215820312,0.6258621215820312,1,0.0,0.0,0.0,0.0,0.0,0.0,0.0,0.0,0.0,0.0,1.0,0.0,0.0,True,Qwen/Qwen3-Coder-30B-A3B-Instruct-FP8,None
2565@y_name@ASC,Bar,Extra Hard,0.6258621215820312,0.6258621215820312,1,0.0,0.0,0.0,0.0,0.0,0.0,0.0,0.0,0.0,0.0,1.0,0.0,0.0,True,Qwen/Qwen3-Coder-30B-A3B-Instruct-FP8,None
2566@y_name@DESC,Bar,Extra Hard,0.7627353668212891,0.7627353668212891,1,0.0,0.0,0.0,0.0,0.0,0.0,0.0,0.0,0.0,0.0,1.0,0.0,0.0,True,Qwen/Qwen3-Coder-30B-A3B-Instruct-FP8,None
2566@y_name@DESC,Bar,Extra Hard,0.7627353668212891,0.7627353668212891,1,0.0,0.0,0.0,0.0,0.0,0.0,0.0,0.0,0.0,0.0,1.0,0.0,0.0,True,Qwen/Qwen3-Coder-30B-A3B-Instruct-FP8,None
2566@y_name@DESC,Bar,Extra Hard,0.7627353668212891,0.7627353668212891,1,0.0,0.0,0.0,0.0,0.0,0.0,0.0,0.0,0.0,0.0,1.0,0.0,0.0,True,Qwen/Qwen3-Coder-30B-A3B-Instruct-FP8,None
2551@y_name@ASC,Bar,Medium,0.3624567985534668,1.0873703956604004,3,0.0,0.0,0.0,0.0,0.0,0.0,0.0,0.0,0.0,0.0,1.0,0.0,0.0,False,Qwen/Qwen3-Coder-30B-A3B-Instruct-FP8,None
2551@y_name@ASC,Bar,Medium,0.3624567985534668,1.0873703956604004,3,0.0,0.0,0.0,0.0,0.0,0.0,0.0,0.0,0.0,0.0,1.0,0.0,0.0,False,Qwen/Qwen3-Coder-30B-A3B-Instruct-FP8,None
2551@y_name@ASC,Bar,Medium,0.3624567985534668,1.0873703956604004,3,0.0,0.0,0.0,0.0,0.0,0.0,0.0,0.0,0.0,0.0,1.0,0.0,0.0,False,Qwen/Qwen3-Coder-30B-A3B-Instruct-FP8,None
2558@x_name@ASC,Bar,Easy,0.3542602062225342,0.7085204124450684,2,0.0,0.0,0.0,0.0,0.0,0.0,0.0,0.0,0.0,0.0,1.0,0.0,0.0,False,Qwen/Qwen3-Coder-30B-A3B-Instruct-FP8,None
2558@x_name@ASC,Bar,Easy,0.3542602062225342,0.7085204124450684,2,0.0,0.0,0.0,0.0,0.0,0.0,0.0,0.0,0.0,0.0,1.0,0.0,0.0,False,Qwen/Qwen3-Coder-30B-A3B-Instruct-FP8,None
2558@x_name@ASC,Bar,Easy,0.3542602062225342,0.7085204124450684,2,0.0,0.0,0.0,0.0,0.0,0.0,0.0,0.0,0.0,0.0,1.0,0.0,0.0,False,Qwen/Qwen3-Coder-30B-A3B-Instruct-FP8,None
2560@y_name@DESC,Bar,Medium,0.32765571276346844,0.9829671382904053,3,0.0,0.0,0.0,0.0,0.0,0.0,0.0,0.0,0.0,0.0,1.0,0.0,0.0,False,Qwen/Qwen3-Coder-30B-A3B-Instruct-FP8,None
2560@y_name@DESC,Bar,Medium,0.32765571276346844,0.9829671382904053,3,0.0,0.0,0.0,0.0,0.0,0.0,0.0,0.0,0.0,0.0,1.0,0.0,0.0,False,Qwen/Qwen3-Coder-30B-A3B-Instruct-FP8,None
2560@y_name@DESC,Bar,Medium,0.32765571276346844,0.9829671382904053,3,0.0,0.0,0.0,0.0,0.0,0.0,0.0,0.0,0.0,0.0,1.0,0.0,0.0,False,Qwen/Qwen3-Coder-30B-A3B-Instruct-FP8,None
2959@y_name@ASC,Bar,Hard,0.7180232405662537,2.8720929622650146,4,0.0,0.0,0.0,0.0,0.0,0.0,0.0,0.0,0.0,0.0,1.0,0.0,0.0,True,Qwen/Qwen3-Coder-30B-A3B-Instruct-FP8,None
2959@y_name@ASC,Bar,Hard,0.7180232405662537,2.8720929622650146,4,0.0,0.0,0.0,0.0,0.0,0.0,0.0,0.0,0.0,0.0,1.0,0.0,0.0,True,Qwen/Qwen3-Coder-30B-A3B-Instruct-FP8,None
2959@y_name@ASC,Bar,Hard,0.7180232405662537,2.8720929622650146,4,0.0,0.0,0.0,0.0,0.0,0.0,0.0,0.0,0.0,0.0,1.0,0.0,0.0,True,Qwen/Qwen3-Coder-30B-A3B-Instruct-FP8,None
2509@x_name@ASC,Bar,Hard,0.551224946975708,0.551224946975708,1,0.0,0.0,0.0,0.0,0.0,0.0,0.0,0.0,0.0,0.0,1.0,0.0,0.0,True,Qwen/Qwen3-Coder-30B-A3B-Instruct-FP8,None
2509@x_name@ASC,Bar,Hard,0.551224946975708,0.551224946975708,1,0.0,0.0,0.0,0.0,0.0,0.0,0.0,0.0,0.0,0.0,1.0,0.0,0.0,True,Qwen/Qwen3-Coder-30B-A3B-Instruct-FP8,None
2509@x_name@ASC,Bar,Hard,0.551224946975708,0.551224946975708,1,0.0,0.0,0.0,0.0,0.0,0.0,0.0,0.0,0.0,0.0,1.0,0.0,0.0,True,Qwen/Qwen3-Coder-30B-A3B-Instruct-FP8,None
2513@x_name@ASC,Bar,Hard,0.5412282943725586,0.5412282943725586,1,0.0,0.0,0.0,0.0,0.0,0.0,0.0,0.0,0.0,0.0,1.0,0.0,0.0,True,Qwen/Qwen3-Coder-30B-A3B-Instruct-FP8,None
2513@x_name@ASC,Bar,Hard,0.5412282943725586,0.5412282943725586,1,0.0,0.0,0.0,0.0,0.0,0.0,0.0,0.0,0.0,0.0,1.0,0.0,0.0,True,Qwen/Qwen3-Coder-30B-A3B-Instruct-FP8,None
2513@x_name@ASC,Bar,Hard,0.5412282943725586,0.5412282943725586,1,0.0,0.0,0.0,0.0,0.0,0.0,0.0,0.0,0.0,0.0,1.0,0.0,0.0,True,Qwen/Qwen3-Coder-30B-A3B-Instruct-FP8,None
2517@y_name@ASC,Bar,Hard,0.4992908239364624,0.9985816478729248,2,0.0,0.0,0.0,0.0,0.0,0.0,0.0,0.0,0.0,0.0,1.0,0.0,0.0,False,Qwen/Qwen3-Coder-30B-A3B-Instruct-FP8,None
2517@y_name@ASC,Bar,Hard,0.4992908239364624,0.9985816478729248,2,0.0,0.0,0.0,0.0,0.0,0.0,0.0,0.0,0.0,0.0,1.0,0.0,0.0,False,Qwen/Qwen3-Coder-30B-A3B-Instruct-FP8,None
2517@y_name@ASC,Bar,Hard,0.4992908239364624,0.9985816478729248,2,0.0,0.0,0.0,0.0,0.0,0.0,0.0,0.0,0.0,0.0,1.0,0.0,0.0,False,Qwen/Qwen3-Coder-30B-A3B-Instruct-FP8,None
1551@y_name@ASC,Bar,Extra Hard,2.455425500869751,12.277127504348755,5,0.0,0.0,0.0,0.0,1.0,0.0,0.0,0.0,0.0,1.0,0.0,,0.0,False,Qwen/Qwen3-Coder-30B-A3B-Instruct-FP8,None
1551@y_name@ASC,Bar,Extra Hard,2.455425500869751,12.277127504348755,5,0.0,0.0,0.0,0.0,1.0,0.0,0.0,0.0,0.0,1.0,0.0,,0.0,False,Qwen/Qwen3-Coder-30B-A3B-Instruct-FP8,None
1551@y_name@ASC,Bar,Extra Hard,2.455425500869751,12.277127504348755,5,0.0,0.0,0.0,0.0,1.0,0.0,0.0,0.0,0.0,1.0,0.0,,0.0,False,Qwen/Qwen3-Coder-30B-A3B-Instruct-FP8,None
1622@y_name@ASC,Bar,Hard,0.7718911170959473,0.7718911170959473,1,0.0,0.0,0.0,1.0,1.0,0.0,0.0,0.0,0.0,1.0,0.0,,0.0,False,Qwen/Qwen3-Coder-30B-A3B-Instruct-FP8,None
1622@y_name@ASC,Bar,Hard,0.7718911170959473,0.7718911170959473,1,0.0,0.0,0.0,1.0,1.0,0.0,0.0,0.0,0.0,1.0,0.0,,0.0,False,Qwen/Qwen3-Coder-30B-A3B-Instruct-FP8,None
1622@y_name@ASC,Bar,Hard,0.7718911170959473,0.7718911170959473,1,0.0,0.0,0.0,1.0,1.0,0.0,0.0,0.0,0.0,1.0,0.0,,0.0,False,Qwen/Qwen3-Coder-30B-A3B-Instruct-FP8,None
1626@y_name@ASC,Bar,Hard,0.6310293674468994,1.8930881023406982,3,0.0,0.0,0.0,0.0,0.0,0.0,0.0,0.0,0.0,0.0,1.0,0.0,0.0,True,Qwen/Qwen3-Coder-30B-A3B-Instruct-FP8,None
1626@y_name@ASC,Bar,Hard,0.6310293674468994,1.8930881023406982,3,0.0,0.0,0.0,0.0,0.0,0.0,0.0,0.0,0.0,0.0,1.0,0.0,0.0,True,Qwen/Qwen3-Coder-30B-A3B-Instruct-FP8,None
1626@y_name@ASC,Bar,Hard,0.6310293674468994,1.8930881023406982,3,0.0,0.0,0.0,0.0,0.0,0.0,0.0,0.0,0.0,0.0,1.0,0.0,0.0,True,Qwen/Qwen3-Coder-30B-A3B-Instruct-FP8,None
1627@x_name@DESC,Bar,Hard,0.6851100921630859,0.6851100921630859,1,0.0,0.0,0.0,0.0,0.0,0.0,0.0,0.0,0.0,0.0,1.0,0.0,0.0,False,Qwen/Qwen3-Coder-30B-A3B-Instruct-FP8,None
1627@x_name@DESC,Bar,Hard,0.6851100921630859,0.6851100921630859,1,0.0,0.0,0.0,0.0,0.0,0.0,0.0,0.0,0.0,0.0,1.0,0.0,0.0,False,Qwen/Qwen3-Coder-30B-A3B-Instruct-FP8,None
1627@x_name@DESC,Bar,Hard,0.6851100921630859,0.6851100921630859,1,0.0,0.0,0.0,0.0,0.0,0.0,0.0,0.0,0.0,0.0,1.0,0.0,0.0,False,Qwen/Qwen3-Coder-30B-A3B-Instruct-FP8,None
1632@y_name@ASC,Bar,Hard,0.68440047899882,2.05320143699646,3,0.0,0.0,0.0,0.0,0.0,0.0,0.0,0.0,0.0,0.0,1.0,0.0,0.0,True,Qwen/Qwen3-Coder-30B-A3B-Instruct-FP8,None
1632@y_name@ASC,Bar,Hard,0.68440047899882,2.05320143699646,3,0.0,0.0,0.0,0.0,0.0,0.0,0.0,0.0,0.0,0.0,1.0,0.0,0.0,True,Qwen/Qwen3-Coder-30B-A3B-Instruct-FP8,None
1632@y_name@ASC,Bar,Hard,0.68440047899882,2.05320143699646,3,0.0,0.0,0.0,0.0,0.0,0.0,0.0,0.0,0.0,0.0,1.0,0.0,0.0,True,Qwen/Qwen3-Coder-30B-A3B-Instruct-FP8,None
1671@y_name@ASC,Bar,Medium,0.6818000475565592,2.0454001426696777,3,0.0,0.0,0.0,0.0,0.3333333333333333,0.0,0.0,0.0,0.0,0.3333333333333333,0.6666666666666666,0.0,0.0,False,Qwen/Qwen3-Coder-30B-A3B-Instruct-FP8,None
1671@y_name@ASC,Bar,Medium,0.6818000475565592,2.0454001426696777,3,0.0,0.0,0.0,0.0,0.3333333333333333,0.0,0.0,0.0,0.0,0.3333333333333333,0.6666666666666666,0.0,0.0,False,Qwen/Qwen3-Coder-30B-A3B-Instruct-FP8,None
1671@y_name@ASC,Bar,Medium,0.6818000475565592,2.0454001426696777,3,0.0,0.0,0.0,0.0,0.3333333333333333,0.0,0.0,0.0,0.0,0.3333333333333333,0.6666666666666666,0.0,0.0,False,Qwen/Qwen3-Coder-30B-A3B-Instruct-FP8,None
1696@x_name@DESC,Line,Medium,4.173377692699432,16.69351077079773,4,0.0,0.0,0.0,1.0,1.0,0.0,0.0,0.0,0.0,1.0,0.0,,0.0,False,Qwen/Qwen3-Coder-30B-A3B-Instruct-FP8,None
1696@x_name@DESC,Line,Medium,4.173377692699432,16.69351077079773,4,0.0,0.0,0.0,1.0,1.0,0.0,0.0,0.0,0.0,1.0,0.0,,0.0,False,Qwen/Qwen3-Coder-30B-A3B-Instruct-FP8,None
1696@x_name@DESC,Line,Medium,4.173377692699432,16.69351077079773,4,0.0,0.0,0.0,1.0,1.0,0.0,0.0,0.0,0.0,1.0,0.0,,0.0,False,Qwen/Qwen3-Coder-30B-A3B-Instruct-FP8,None
1702@y_name@ASC,Bar,Medium,0.684899091720581,0.684899091720581,1,0.0,0.0,0.0,0.0,0.0,0.0,0.0,0.0,0.0,0.0,1.0,0.0,0.0,False,Qwen/Qwen3-Coder-30B-A3B-Instruct-FP8,None
1702@y_name@ASC,Bar,Medium,0.684899091720581,0.684899091720581,1,0.0,0.0,0.0,0.0,0.0,0.0,0.0,0.0,0.0,0.0,1.0,0.0,0.0,False,Qwen/Qwen3-Coder-30B-A3B-Instruct-FP8,None
1702@y_name@ASC,Bar,Medium,0.684899091720581,0.684899091720581,1,0.0,0.0,0.0,0.0,0.0,0.0,0.0,0.0,0.0,0.0,1.0,0.0,0.0,False,Qwen/Qwen3-Coder-30B-A3B-Instruct-FP8,None
1703@y_name@DESC,Bar,Hard,0.5851190090179443,0.5851190090179443,1,0.0,0.0,0.0,0.0,0.0,0.0,0.0,0.0,0.0,0.0,1.0,0.0,0.0,False,Qwen/Qwen3-Coder-30B-A3B-Instruct-FP8,None
1703@y_name@DESC,Bar,Hard,0.5851190090179443,0.5851190090179443,1,0.0,0.0,0.0,0.0,0.0,0.0,0.0,0.0,0.0,0.0,1.0,0.0,0.0,False,Qwen/Qwen3-Coder-30B-A3B-Instruct-FP8,None
1703@y_name@DESC,Bar,Hard,0.5851190090179443,0.5851190090179443,1,0.0,0.0,0.0,0.0,0.0,0.0,0.0,0.0,0.0,0.0,1.0,0.0,0.0,False,Qwen/Qwen3-Coder-30B-A3B-Instruct-FP8,None
1746@x_name@ASC,Line,Medium,5.5809935331344604,22.323974132537842,4,0.0,0.0,0.0,1.0,1.0,0.0,0.0,0.0,0.0,1.0,0.0,,0.0,False,Qwen/Qwen3-Coder-30B-A3B-Instruct-FP8,None
1746@x_name@ASC,Line,Medium,5.5809935331344604,22.323974132537842,4,0.0,0.0,0.0,1.0,1.0,0.0,0.0,0.0,0.0,1.0,0.0,,0.0,False,Qwen/Qwen3-Coder-30B-A3B-Instruct-FP8,None
1746@x_name@ASC,Line,Medium,5.5809935331344604,22.323974132537842,4,0.0,0.0,0.0,1.0,1.0,0.0,0.0,0.0,0.0,1.0,0.0,,0.0,False,Qwen/Qwen3-Coder-30B-A3B-Instruct-FP8,None
1795@x_name@DESC,Line,Medium,4.822294473648071,14.466883420944214,3,0.0,0.0,0.0,1.0,1.0,0.0,0.0,0.0,0.0,1.0,0.0,,0.0,False,Qwen/Qwen3-Coder-30B-A3B-Instruct-FP8,None
1795@x_name@DESC,Line,Medium,4.822294473648071,14.466883420944214,3,0.0,0.0,0.0,1.0,1.0,0.0,0.0,0.0,0.0,1.0,0.0,,0.0,False,Qwen/Qwen3-Coder-30B-A3B-Instruct-FP8,None
1795@x_name@DESC,Line,Medium,4.822294473648071,14.466883420944214,3,0.0,0.0,0.0,1.0,1.0,0.0,0.0,0.0,0.0,1.0,0.0,,0.0,False,Qwen/Qwen3-Coder-30B-A3B-Instruct-FP8,None
1802@y_name@DESC,Bar,Extra Hard,0.4535975456237793,0.9071950912475586,2,0.0,0.0,0.0,0.0,0.0,0.0,0.0,0.0,0.0,0.0,1.0,0.0,0.0,False,Qwen/Qwen3-Coder-30B-A3B-Instruct-FP8,None
1802@y_name@DESC,Bar,Extra Hard,0.4535975456237793,0.9071950912475586,2,0.0,0.0,0.0,0.0,0.0,0.0,0.0,0.0,0.0,0.0,1.0,0.0,0.0,False,Qwen/Qwen3-Coder-30B-A3B-Instruct-FP8,None
1802@y_name@DESC,Bar,Extra Hard,0.4535975456237793,0.9071950912475586,2,0.0,0.0,0.0,0.0,0.0,0.0,0.0,0.0,0.0,0.0,1.0,0.0,0.0,False,Qwen/Qwen3-Coder-30B-A3B-Instruct-FP8,None
1835@x_name@ASC,Line,Hard,1.6561758518218994,4.968527555465698,3,0.0,0.0,0.0,0.3333333333333333,1.0,0.0,0.0,0.0,0.0,1.0,0.0,,0.0,False,Qwen/Qwen3-Coder-30B-A3B-Instruct-FP8,None
1835@x_name@ASC,Line,Hard,1.6561758518218994,4.968527555465698,3,0.0,0.0,0.0,0.3333333333333333,1.0,0.0,0.0,0.0,0.0,1.0,0.0,,0.0,False,Qwen/Qwen3-Coder-30B-A3B-Instruct-FP8,None
1835@x_name@ASC,Line,Hard,1.6561758518218994,4.968527555465698,3,0.0,0.0,0.0,0.3333333333333333,1.0,0.0,0.0,0.0,0.0,1.0,0.0,,0.0,False,Qwen/Qwen3-Coder-30B-A3B-Instruct-FP8,None
1869@x_name@ASC,Line,Easy,3.1411503156026206,9.423450946807861,3,0.0,0.0,0.0,0.6666666666666666,0.6666666666666666,0.0,0.0,0.0,0.0,0.6666666666666666,0.3333333333333333,0.0,0.0,False,Qwen/Qwen3-Coder-30B-A3B-Instruct-FP8,None
1869@x_name@ASC,Line,Easy,3.1411503156026206,9.423450946807861,3,0.0,0.0,0.0,0.6666666666666666,0.6666666666666666,0.0,0.0,0.0,0.0,0.6666666666666666,0.3333333333333333,0.0,0.0,False,Qwen/Qwen3-Coder-30B-A3B-Instruct-FP8,None
1869@x_name@ASC,Line,Easy,3.1411503156026206,9.423450946807861,3,0.0,0.0,0.0,0.6666666666666666,0.6666666666666666,0.0,0.0,0.0,0.0,0.6666666666666666,0.3333333333333333,0.0,0.0,False,Qwen/Qwen3-Coder-30B-A3B-Instruct-FP8,None
1956@y_name@DESC,Bar,Extra Hard,0.687820553779602,1.375641107559204,2,0.0,0.0,0.0,0.0,0.0,0.0,0.0,0.0,0.0,0.0,1.0,0.0,0.0,True,Qwen/Qwen3-Coder-30B-A3B-Instruct-FP8,None
1956@y_name@DESC,Bar,Extra Hard,0.687820553779602,1.375641107559204,2,0.0,0.0,0.0,0.0,0.0,0.0,0.0,0.0,0.0,0.0,1.0,0.0,0.0,True,Qwen/Qwen3-Coder-30B-A3B-Instruct-FP8,None
1956@y_name@DESC,Bar,Extra Hard,0.687820553779602,1.375641107559204,2,0.0,0.0,0.0,0.0,0.0,0.0,0.0,0.0,0.0,0.0,1.0,0.0,0.0,True,Qwen/Qwen3-Coder-30B-A3B-Instruct-FP8,None
1963@y_name@DESC,Bar,Hard,0.7441003322601318,1.4882006645202637,2,0.0,0.0,0.0,0.0,0.0,0.0,0.0,0.0,0.0,0.0,1.0,0.0,0.0,True,Qwen/Qwen3-Coder-30B-A3B-Instruct-FP8,None
1963@y_name@DESC,Bar,Hard,0.7441003322601318,1.4882006645202637,2,0.0,0.0,0.0,0.0,0.0,0.0,0.0,0.0,0.0,0.0,1.0,0.0,0.0,True,Qwen/Qwen3-Coder-30B-A3B-Instruct-FP8,None
1963@y_name@DESC,Bar,Hard,0.7441003322601318,1.4882006645202637,2,0.0,0.0,0.0,0.0,0.0,0.0,0.0,0.0,0.0,0.0,1.0,0.0,0.0,True,Qwen/Qwen3-Coder-30B-A3B-Instruct-FP8,None
2726@x_name@DESC,Bar,Extra Hard,0.5947024822235107,0.5947024822235107,1,0.0,0.0,0.0,0.0,0.0,1.0,0.0,0.0,0.0,1.0,0.0,,0.0,True,Qwen/Qwen3-Coder-30B-A3B-Instruct-FP8,None
2726@x_name@DESC,Bar,Extra Hard,0.5947024822235107,0.5947024822235107,1,0.0,0.0,0.0,0.0,0.0,1.0,0.0,0.0,0.0,1.0,0.0,,0.0,True,Qwen/Qwen3-Coder-30B-A3B-Instruct-FP8,None
2726@x_name@DESC,Bar,Extra Hard,0.5947024822235107,0.5947024822235107,1,0.0,0.0,0.0,0.0,0.0,1.0,0.0,0.0,0.0,1.0,0.0,,0.0,True,Qwen/Qwen3-Coder-30B-A3B-Instruct-FP8,None
2733@y_name@ASC,Bar,Extra Hard,0.6294304529825846,1.888291358947754,3,0.0,0.0,0.0,0.0,1.0,0.0,0.0,0.0,0.0,1.0,0.0,,0.0,True,Qwen/Qwen3-Coder-30B-A3B-Instruct-FP8,None
2733@y_name@ASC,Bar,Extra Hard,0.6294304529825846,1.888291358947754,3,0.0,0.0,0.0,0.0,1.0,0.0,0.0,0.0,0.0,1.0,0.0,,0.0,True,Qwen/Qwen3-Coder-30B-A3B-Instruct-FP8,None
2733@y_name@ASC,Bar,Extra Hard,0.6294304529825846,1.888291358947754,3,0.0,0.0,0.0,0.0,1.0,0.0,0.0,0.0,0.0,1.0,0.0,,0.0,True,Qwen/Qwen3-Coder-30B-A3B-Instruct-FP8,None
733@y_name@DESC,Bar,Medium,0.4093747138977051,0.8187494277954102,2,0.0,0.0,0.0,0.0,0.0,0.0,0.0,0.0,0.0,0.0,1.0,0.0,0.0,False,Qwen/Qwen3-Coder-30B-A3B-Instruct-FP8,None
733@y_name@DESC,Bar,Medium,0.4093747138977051,0.8187494277954102,2,0.0,0.0,0.0,0.0,0.0,0.0,0.0,0.0,0.0,0.0,1.0,0.0,0.0,False,Qwen/Qwen3-Coder-30B-A3B-Instruct-FP8,None
733@y_name@DESC,Bar,Medium,0.4093747138977051,0.8187494277954102,2,0.0,0.0,0.0,0.0,0.0,0.0,0.0,0.0,0.0,0.0,1.0,0.0,0.0,False,Qwen/Qwen3-Coder-30B-A3B-Instruct-FP8,None
748@y_name@DESC,Bar,Extra Hard,0.6378265221913656,1.9134795665740967,3,0.0,0.0,0.0,0.0,0.0,0.0,0.0,0.0,0.0,0.0,1.0,0.0,0.0,True,Qwen/Qwen3-Coder-30B-A3B-Instruct-FP8,None
748@y_name@DESC,Bar,Extra Hard,0.6378265221913656,1.9134795665740967,3,0.0,0.0,0.0,0.0,0.0,0.0,0.0,0.0,0.0,0.0,1.0,0.0,0.0,True,Qwen/Qwen3-Coder-30B-A3B-Instruct-FP8,None
748@y_name@DESC,Bar,Extra Hard,0.6378265221913656,1.9134795665740967,3,0.0,0.0,0.0,0.0,0.0,0.0,0.0,0.0,0.0,0.0,1.0,0.0,0.0,True,Qwen/Qwen3-Coder-30B-A3B-Instruct-FP8,None
753@x_name@DESC,Bar,Medium,0.410952885945638,1.232858657836914,3,0.0,0.0,0.0,0.0,0.0,0.3333333333333333,0.0,0.0,0.0,0.3333333333333333,0.6666666666666666,0.0,0.0,False,Qwen/Qwen3-Coder-30B-A3B-Instruct-FP8,None
753@x_name@DESC,Bar,Medium,0.410952885945638,1.232858657836914,3,0.0,0.0,0.0,0.0,0.0,0.3333333333333333,0.0,0.0,0.0,0.3333333333333333,0.6666666666666666,0.0,0.0,False,Qwen/Qwen3-Coder-30B-A3B-Instruct-FP8,None
753@x_name@DESC,Bar,Medium,0.410952885945638,1.232858657836914,3,0.0,0.0,0.0,0.0,0.0,0.3333333333333333,0.0,0.0,0.0,0.3333333333333333,0.6666666666666666,0.0,0.0,False,Qwen/Qwen3-Coder-30B-A3B-Instruct-FP8,None
754@y_name@ASC,Bar,Hard,0.7965130805969238,1.5930261611938477,2,0.0,0.0,0.0,0.0,0.0,0.0,0.0,0.0,0.0,0.0,1.0,0.0,0.0,False,Qwen/Qwen3-Coder-30B-A3B-Instruct-FP8,None
754@y_name@ASC,Bar,Hard,0.7965130805969238,1.5930261611938477,2,0.0,0.0,0.0,0.0,0.0,0.0,0.0,0.0,0.0,0.0,1.0,0.0,0.0,False,Qwen/Qwen3-Coder-30B-A3B-Instruct-FP8,None
754@y_name@ASC,Bar,Hard,0.7965130805969238,1.5930261611938477,2,0.0,0.0,0.0,0.0,0.0,0.0,0.0,0.0,0.0,0.0,1.0,0.0,0.0,False,Qwen/Qwen3-Coder-30B-A3B-Instruct-FP8,None
763@y_name@ASC,Bar,Medium,0.3949007987976074,1.1847023963928223,3,0.0,0.0,0.0,0.0,0.0,0.0,0.0,0.0,0.0,0.0,1.0,0.0,0.0,False,Qwen/Qwen3-Coder-30B-A3B-Instruct-FP8,None
763@y_name@ASC,Bar,Medium,0.3949007987976074,1.1847023963928223,3,0.0,0.0,0.0,0.0,0.0,0.0,0.0,0.0,0.0,0.0,1.0,0.0,0.0,False,Qwen/Qwen3-Coder-30B-A3B-Instruct-FP8,None
763@y_name@ASC,Bar,Medium,0.3949007987976074,1.1847023963928223,3,0.0,0.0,0.0,0.0,0.0,0.0,0.0,0.0,0.0,0.0,1.0,0.0,0.0,False,Qwen/Qwen3-Coder-30B-A3B-Instruct-FP8,None
2625@x_name@ASC,Bar,Medium,0.4232217073440552,1.6928868293762207,4,0.0,0.0,0.0,0.0,0.0,0.5,0.0,0.0,0.0,0.5,0.5,0.0,0.0,False,Qwen/Qwen3-Coder-30B-A3B-Instruct-FP8,None
2625@x_name@ASC,Bar,Medium,0.4232217073440552,1.6928868293762207,4,0.0,0.0,0.0,0.0,0.0,0.5,0.0,0.0,0.0,0.5,0.5,0.0,0.0,False,Qwen/Qwen3-Coder-30B-A3B-Instruct-FP8,None
2625@x_name@ASC,Bar,Medium,0.4232217073440552,1.6928868293762207,4,0.0,0.0,0.0,0.0,0.0,0.5,0.0,0.0,0.0,0.5,0.5,0.0,0.0,False,Qwen/Qwen3-Coder-30B-A3B-Instruct-FP8,None
609@x_name@ASC,Bar,Extra Hard,0.6832770109176636,1.3665540218353271,2,0.0,0.0,0.0,0.0,0.0,0.5,0.0,0.0,0.0,0.5,0.5,0.0,0.0,True,Qwen/Qwen3-Coder-30B-A3B-Instruct-FP8,None
609@x_name@ASC,Bar,Extra Hard,0.6832770109176636,1.3665540218353271,2,0.0,0.0,0.0,0.0,0.0,0.5,0.0,0.0,0.0,0.5,0.5,0.0,0.0,True,Qwen/Qwen3-Coder-30B-A3B-Instruct-FP8,None
609@x_name@ASC,Bar,Extra Hard,0.6832770109176636,1.3665540218353271,2,0.0,0.0,0.0,0.0,0.0,0.5,0.0,0.0,0.0,0.5,0.5,0.0,0.0,True,Qwen/Qwen3-Coder-30B-A3B-Instruct-FP8,None
619@x_name@ASC,Bar,Easy,0.45700693130493164,0.45700693130493164,1,0.0,0.0,0.0,0.0,0.0,0.0,0.0,0.0,0.0,0.0,1.0,0.0,0.0,False,Qwen/Qwen3-Coder-30B-A3B-Instruct-FP8,None
619@x_name@ASC,Bar,Easy,0.45700693130493164,0.45700693130493164,1,0.0,0.0,0.0,0.0,0.0,0.0,0.0,0.0,0.0,0.0,1.0,0.0,0.0,False,Qwen/Qwen3-Coder-30B-A3B-Instruct-FP8,None
619@x_name@ASC,Bar,Easy,0.45700693130493164,0.45700693130493164,1,0.0,0.0,0.0,0.0,0.0,0.0,0.0,0.0,0.0,0.0,1.0,0.0,0.0,False,Qwen/Qwen3-Coder-30B-A3B-Instruct-FP8,None
620@x_name@ASC,Bar,Hard,0.5530946254730225,0.5530946254730225,1,0.0,0.0,0.0,0.0,0.0,0.0,0.0,0.0,0.0,0.0,1.0,0.0,0.0,False,Qwen/Qwen3-Coder-30B-A3B-Instruct-FP8,None
620@x_name@ASC,Bar,Hard,0.5530946254730225,0.5530946254730225,1,0.0,0.0,0.0,0.0,0.0,0.0,0.0,0.0,0.0,0.0,1.0,0.0,0.0,False,Qwen/Qwen3-Coder-30B-A3B-Instruct-FP8,None
620@x_name@ASC,Bar,Hard,0.5530946254730225,0.5530946254730225,1,0.0,0.0,0.0,0.0,0.0,0.0,0.0,0.0,0.0,0.0,1.0,0.0,0.0,False,Qwen/Qwen3-Coder-30B-A3B-Instruct-FP8,None
621@y_name@ASC,Bar,Medium,0.5325340270996094,2.662670135498047,5,0.0,0.0,0.0,0.0,0.0,0.0,0.0,0.0,0.0,0.0,1.0,0.0,0.0,False,Qwen/Qwen3-Coder-30B-A3B-Instruct-FP8,None
621@y_name@ASC,Bar,Medium,0.5325340270996094,2.662670135498047,5,0.0,0.0,0.0,0.0,0.0,0.0,0.0,0.0,0.0,0.0,1.0,0.0,0.0,False,Qwen/Qwen3-Coder-30B-A3B-Instruct-FP8,None
621@y_name@ASC,Bar,Medium,0.5325340270996094,2.662670135498047,5,0.0,0.0,0.0,0.0,0.0,0.0,0.0,0.0,0.0,0.0,1.0,0.0,0.0,False,Qwen/Qwen3-Coder-30B-A3B-Instruct-FP8,None
624@y_name@ASC,Bar,Medium,0.4859785238901774,1.4579355716705322,3,0.0,0.0,0.0,0.0,0.0,0.0,0.0,0.0,0.0,0.0,1.0,0.0,0.0,False,Qwen/Qwen3-Coder-30B-A3B-Instruct-FP8,None
624@y_name@ASC,Bar,Medium,0.4859785238901774,1.4579355716705322,3,0.0,0.0,0.0,0.0,0.0,0.0,0.0,0.0,0.0,0.0,1.0,0.0,0.0,False,Qwen/Qwen3-Coder-30B-A3B-Instruct-FP8,None
624@y_name@ASC,Bar,Medium,0.4859785238901774,1.4579355716705322,3,0.0,0.0,0.0,0.0,0.0,0.0,0.0,0.0,0.0,0.0,1.0,0.0,0.0,False,Qwen/Qwen3-Coder-30B-A3B-Instruct-FP8,None
627@y_name@DESC,Bar,Medium,0.44765162467956543,0.44765162467956543,1,0.0,0.0,0.0,0.0,0.0,0.0,0.0,0.0,0.0,0.0,1.0,0.0,0.0,False,Qwen/Qwen3-Coder-30B-A3B-Instruct-FP8,None
627@y_name@DESC,Bar,Medium,0.44765162467956543,0.44765162467956543,1,0.0,0.0,0.0,0.0,0.0,0.0,0.0,0.0,0.0,0.0,1.0,0.0,0.0,False,Qwen/Qwen3-Coder-30B-A3B-Instruct-FP8,None
627@y_name@DESC,Bar,Medium,0.44765162467956543,0.44765162467956543,1,0.0,0.0,0.0,0.0,0.0,0.0,0.0,0.0,0.0,0.0,1.0,0.0,0.0,False,Qwen/Qwen3-Coder-30B-A3B-Instruct-FP8,None
630@y_name@DESC,Bar,Medium,0.5588303804397583,1.1176607608795166,2,0.0,0.0,0.0,0.0,0.0,1.0,0.0,0.0,0.0,1.0,0.0,,0.0,True,Qwen/Qwen3-Coder-30B-A3B-Instruct-FP8,None
630@y_name@DESC,Bar,Medium,0.5588303804397583,1.1176607608795166,2,0.0,0.0,0.0,0.0,0.0,1.0,0.0,0.0,0.0,1.0,0.0,,0.0,True,Qwen/Qwen3-Coder-30B-A3B-Instruct-FP8,None
630@y_name@DESC,Bar,Medium,0.5588303804397583,1.1176607608795166,2,0.0,0.0,0.0,0.0,0.0,1.0,0.0,0.0,0.0,1.0,0.0,,0.0,True,Qwen/Qwen3-Coder-30B-A3B-Instruct-FP8,None
633@y_name@DESC,Bar,Hard,0.6590611934661865,0.6590611934661865,1,0.0,0.0,0.0,0.0,0.0,0.0,0.0,0.0,0.0,0.0,1.0,0.0,0.0,True,Qwen/Qwen3-Coder-30B-A3B-Instruct-FP8,None
633@y_name@DESC,Bar,Hard,0.6590611934661865,0.6590611934661865,1,0.0,0.0,0.0,0.0,0.0,0.0,0.0,0.0,0.0,0.0,1.0,0.0,0.0,True,Qwen/Qwen3-Coder-30B-A3B-Instruct-FP8,None
633@y_name@DESC,Bar,Hard,0.6590611934661865,0.6590611934661865,1,0.0,0.0,0.0,0.0,0.0,0.0,0.0,0.0,0.0,0.0,1.0,0.0,0.0,True,Qwen/Qwen3-Coder-30B-A3B-Instruct-FP8,None
636@y_name@DESC,Bar,Hard,0.746816873550415,0.746816873550415,1,0.0,0.0,0.0,0.0,1.0,0.0,0.0,0.0,0.0,1.0,0.0,,0.0,True,Qwen/Qwen3-Coder-30B-A3B-Instruct-FP8,None
636@y_name@DESC,Bar,Hard,0.746816873550415,0.746816873550415,1,0.0,0.0,0.0,0.0,1.0,0.0,0.0,0.0,0.0,1.0,0.0,,0.0,True,Qwen/Qwen3-Coder-30B-A3B-Instruct-FP8,None
636@y_name@DESC,Bar,Hard,0.746816873550415,0.746816873550415,1,0.0,0.0,0.0,0.0,1.0,0.0,0.0,0.0,0.0,1.0,0.0,,0.0,True,Qwen/Qwen3-Coder-30B-A3B-Instruct-FP8,None
640@x_name@ASC,Line,Medium,0.5171220302581787,1.0342440605163574,2,0.0,0.0,0.0,0.0,0.0,0.0,0.0,0.0,0.0,0.0,1.0,0.0,0.0,False,Qwen/Qwen3-Coder-30B-A3B-Instruct-FP8,None
640@x_name@ASC,Line,Medium,0.5171220302581787,1.0342440605163574,2,0.0,0.0,0.0,0.0,0.0,0.0,0.0,0.0,0.0,0.0,1.0,0.0,0.0,False,Qwen/Qwen3-Coder-30B-A3B-Instruct-FP8,None
640@x_name@ASC,Line,Medium,0.5171220302581787,1.0342440605163574,2,0.0,0.0,0.0,0.0,0.0,0.0,0.0,0.0,0.0,0.0,1.0,0.0,0.0,False,Qwen/Qwen3-Coder-30B-A3B-Instruct-FP8,None
642@x_name@DESC,Line,Medium,0.4668954213460286,1.400686264038086,3,0.0,0.0,0.0,0.0,0.0,1.0,0.0,0.0,0.0,1.0,0.0,,0.0,False,Qwen/Qwen3-Coder-30B-A3B-Instruct-FP8,None
642@x_name@DESC,Line,Medium,0.4668954213460286,1.400686264038086,3,0.0,0.0,0.0,0.0,0.0,1.0,0.0,0.0,0.0,1.0,0.0,,0.0,False,Qwen/Qwen3-Coder-30B-A3B-Instruct-FP8,None
642@x_name@DESC,Line,Medium,0.4668954213460286,1.400686264038086,3,0.0,0.0,0.0,0.0,0.0,1.0,0.0,0.0,0.0,1.0,0.0,,0.0,False,Qwen/Qwen3-Coder-30B-A3B-Instruct-FP8,None
647@x_name@DESC,Grouping Line,Hard,0.5013675689697266,0.5013675689697266,1,0.0,0.0,0.0,0.0,0.0,0.0,0.0,0.0,0.0,0.0,1.0,0.0,0.0,False,Qwen/Qwen3-Coder-30B-A3B-Instruct-FP8,None
647@x_name@DESC,Grouping Line,Hard,0.5013675689697266,0.5013675689697266,1,0.0,0.0,0.0,0.0,0.0,0.0,0.0,0.0,0.0,0.0,1.0,0.0,0.0,False,Qwen/Qwen3-Coder-30B-A3B-Instruct-FP8,None
647@x_name@DESC,Grouping Line,Hard,0.5013675689697266,0.5013675689697266,1,0.0,0.0,0.0,0.0,0.0,0.0,0.0,0.0,0.0,0.0,1.0,0.0,0.0,False,Qwen/Qwen3-Coder-30B-A3B-Instruct-FP8,None
648@x_name@ASC,Grouping Line,Extra Hard,6.214372158050537,12.428744316101074,2,0.5,0.0,0.0,0.0,0.0,0.0,0.0,0.0,0.5,0.0,0.5,0.0,0.0,False,Qwen/Qwen3-Coder-30B-A3B-Instruct-FP8,None
648@x_name@ASC,Grouping Line,Extra Hard,6.214372158050537,12.428744316101074,2,0.5,0.0,0.0,0.0,0.0,0.0,0.0,0.0,0.5,0.0,0.5,0.0,0.0,False,Qwen/Qwen3-Coder-30B-A3B-Instruct-FP8,None
648@x_name@ASC,Grouping Line,Extra Hard,6.214372158050537,12.428744316101074,2,0.5,0.0,0.0,0.0,0.0,0.0,0.0,0.0,0.5,0.0,0.5,0.0,0.0,False,Qwen/Qwen3-Coder-30B-A3B-Instruct-FP8,None
652@x_name@DESC,Bar,Extra Hard,0.7338364124298096,0.7338364124298096,1,0.0,0.0,0.0,0.0,0.0,1.0,0.0,0.0,0.0,1.0,0.0,,0.0,True,Qwen/Qwen3-Coder-30B-A3B-Instruct-FP8,None
652@x_name@DESC,Bar,Extra Hard,0.7338364124298096,0.7338364124298096,1,0.0,0.0,0.0,0.0,0.0,1.0,0.0,0.0,0.0,1.0,0.0,,0.0,True,Qwen/Qwen3-Coder-30B-A3B-Instruct-FP8,None
652@x_name@DESC,Bar,Extra Hard,0.7338364124298096,0.7338364124298096,1,0.0,0.0,0.0,0.0,0.0,1.0,0.0,0.0,0.0,1.0,0.0,,0.0,True,Qwen/Qwen3-Coder-30B-A3B-Instruct-FP8,None
653@x_name@DESC,Bar,Extra Hard,0.6803433895111084,0.6803433895111084,1,0.0,0.0,0.0,0.0,0.0,0.0,0.0,0.0,0.0,0.0,1.0,0.0,0.0,True,Qwen/Qwen3-Coder-30B-A3B-Instruct-FP8,None
653@x_name@DESC,Bar,Extra Hard,0.6803433895111084,0.6803433895111084,1,0.0,0.0,0.0,0.0,0.0,0.0,0.0,0.0,0.0,0.0,1.0,0.0,0.0,True,Qwen/Qwen3-Coder-30B-A3B-Instruct-FP8,None
653@x_name@DESC,Bar,Extra Hard,0.6803433895111084,0.6803433895111084,1,0.0,0.0,0.0,0.0,0.0,0.0,0.0,0.0,0.0,0.0,1.0,0.0,0.0,True,Qwen/Qwen3-Coder-30B-A3B-Instruct-FP8,None
654@x_name@DESC,Bar,Medium,0.5602219700813293,2.2408878803253174,4,0.0,0.0,0.0,0.0,0.0,1.0,0.0,0.0,0.0,1.0,0.0,,0.0,False,Qwen/Qwen3-Coder-30B-A3B-Instruct-FP8,None
654@x_name@DESC,Bar,Medium,0.5602219700813293,2.2408878803253174,4,0.0,0.0,0.0,0.0,0.0,1.0,0.0,0.0,0.0,1.0,0.0,,0.0,False,Qwen/Qwen3-Coder-30B-A3B-Instruct-FP8,None
654@x_name@DESC,Bar,Medium,0.5602219700813293,2.2408878803253174,4,0.0,0.0,0.0,0.0,0.0,1.0,0.0,0.0,0.0,1.0,0.0,,0.0,False,Qwen/Qwen3-Coder-30B-A3B-Instruct-FP8,None
655@x_name@DESC,Bar,Medium,0.5228252410888672,0.5228252410888672,1,0.0,0.0,0.0,0.0,0.0,0.0,0.0,0.0,0.0,0.0,1.0,0.0,0.0,False,Qwen/Qwen3-Coder-30B-A3B-Instruct-FP8,None
655@x_name@DESC,Bar,Medium,0.5228252410888672,0.5228252410888672,1,0.0,0.0,0.0,0.0,0.0,0.0,0.0,0.0,0.0,0.0,1.0,0.0,0.0,False,Qwen/Qwen3-Coder-30B-A3B-Instruct-FP8,None
655@x_name@DESC,Bar,Medium,0.5228252410888672,0.5228252410888672,1,0.0,0.0,0.0,0.0,0.0,0.0,0.0,0.0,0.0,0.0,1.0,0.0,0.0,False,Qwen/Qwen3-Coder-30B-A3B-Instruct-FP8,None
657@y_name@ASC,Bar,Hard,0.601286768913269,1.202573537826538,2,0.0,0.0,0.0,0.0,0.0,0.0,0.0,0.0,0.0,0.0,1.0,0.0,0.0,False,Qwen/Qwen3-Coder-30B-A3B-Instruct-FP8,None
657@y_name@ASC,Bar,Hard,0.601286768913269,1.202573537826538,2,0.0,0.0,0.0,0.0,0.0,0.0,0.0,0.0,0.0,0.0,1.0,0.0,0.0,False,Qwen/Qwen3-Coder-30B-A3B-Instruct-FP8,None
657@y_name@ASC,Bar,Hard,0.601286768913269,1.202573537826538,2,0.0,0.0,0.0,0.0,0.0,0.0,0.0,0.0,0.0,0.0,1.0,0.0,0.0,False,Qwen/Qwen3-Coder-30B-A3B-Instruct-FP8,None
713@y_name@DESC,Bar,Hard,0.5242926478385925,2.09717059135437,4,0.0,0.0,0.0,0.0,0.0,0.0,0.0,0.0,0.0,0.0,1.0,0.0,0.0,True,Qwen/Qwen3-Coder-30B-A3B-Instruct-FP8,None
713@y_name@DESC,Bar,Hard,0.5242926478385925,2.09717059135437,4,0.0,0.0,0.0,0.0,0.0,0.0,0.0,0.0,0.0,0.0,1.0,0.0,0.0,True,Qwen/Qwen3-Coder-30B-A3B-Instruct-FP8,None
713@y_name@DESC,Bar,Hard,0.5242926478385925,2.09717059135437,4,0.0,0.0,0.0,0.0,0.0,0.0,0.0,0.0,0.0,0.0,1.0,0.0,0.0,True,Qwen/Qwen3-Coder-30B-A3B-Instruct-FP8,None
715@y_name@DESC,Bar,Hard,0.5389719009399414,1.0779438018798828,2,0.0,0.0,0.0,0.0,0.0,0.0,0.0,0.0,0.0,0.0,1.0,0.0,0.0,True,Qwen/Qwen3-Coder-30B-A3B-Instruct-FP8,None
715@y_name@DESC,Bar,Hard,0.5389719009399414,1.0779438018798828,2,0.0,0.0,0.0,0.0,0.0,0.0,0.0,0.0,0.0,0.0,1.0,0.0,0.0,True,Qwen/Qwen3-Coder-30B-A3B-Instruct-FP8,None
715@y_name@DESC,Bar,Hard,0.5389719009399414,1.0779438018798828,2,0.0,0.0,0.0,0.0,0.0,0.0,0.0,0.0,0.0,0.0,1.0,0.0,0.0,True,Qwen/Qwen3-Coder-30B-A3B-Instruct-FP8,None
719@x_name@DESC,Bar,Hard,0.5369420051574707,0.5369420051574707,1,0.0,0.0,0.0,0.0,0.0,1.0,0.0,0.0,0.0,1.0,0.0,,0.0,True,Qwen/Qwen3-Coder-30B-A3B-Instruct-FP8,None
719@x_name@DESC,Bar,Hard,0.5369420051574707,0.5369420051574707,1,0.0,0.0,0.0,0.0,0.0,1.0,0.0,0.0,0.0,1.0,0.0,,0.0,True,Qwen/Qwen3-Coder-30B-A3B-Instruct-FP8,None
719@x_name@DESC,Bar,Hard,0.5369420051574707,0.5369420051574707,1,0.0,0.0,0.0,0.0,0.0,1.0,0.0,0.0,0.0,1.0,0.0,,0.0,True,Qwen/Qwen3-Coder-30B-A3B-Instruct-FP8,None
380@x_name@ASC,Bar,Medium,0.3265406131744385,1.6327030658721924,5,0.0,0.0,0.0,0.0,0.0,0.0,0.0,0.0,0.0,0.0,1.0,0.0,0.0,False,Qwen/Qwen3-Coder-30B-A3B-Instruct-FP8,None
380@x_name@ASC,Bar,Medium,0.3265406131744385,1.6327030658721924,5,0.0,0.0,0.0,0.0,0.0,0.0,0.0,0.0,0.0,0.0,1.0,0.0,0.0,False,Qwen/Qwen3-Coder-30B-A3B-Instruct-FP8,None
380@x_name@ASC,Bar,Medium,0.3265406131744385,1.6327030658721924,5,0.0,0.0,0.0,0.0,0.0,0.0,0.0,0.0,0.0,0.0,1.0,0.0,0.0,False,Qwen/Qwen3-Coder-30B-A3B-Instruct-FP8,None
383@x_name@ASC,Bar,Medium,0.34817012151082355,1.0445103645324707,3,0.0,0.0,0.0,0.0,0.0,0.0,0.0,0.0,0.0,0.0,1.0,0.0,0.0,False,Qwen/Qwen3-Coder-30B-A3B-Instruct-FP8,None
383@x_name@ASC,Bar,Medium,0.34817012151082355,1.0445103645324707,3,0.0,0.0,0.0,0.0,0.0,0.0,0.0,0.0,0.0,0.0,1.0,0.0,0.0,False,Qwen/Qwen3-Coder-30B-A3B-Instruct-FP8,None
383@x_name@ASC,Bar,Medium,0.34817012151082355,1.0445103645324707,3,0.0,0.0,0.0,0.0,0.0,0.0,0.0,0.0,0.0,0.0,1.0,0.0,0.0,False,Qwen/Qwen3-Coder-30B-A3B-Instruct-FP8,None
394@y_name@DESC,Bar,Easy,0.2728326718012492,1.6369960308074951,6,0.0,0.0,0.0,0.0,0.0,0.0,0.0,0.0,0.0,0.0,1.0,0.0,0.0,False,Qwen/Qwen3-Coder-30B-A3B-Instruct-FP8,None
394@y_name@DESC,Bar,Easy,0.2728326718012492,1.6369960308074951,6,0.0,0.0,0.0,0.0,0.0,0.0,0.0,0.0,0.0,0.0,1.0,0.0,0.0,False,Qwen/Qwen3-Coder-30B-A3B-Instruct-FP8,None
394@y_name@DESC,Bar,Easy,0.2728326718012492,1.6369960308074951,6,0.0,0.0,0.0,0.0,0.0,0.0,0.0,0.0,0.0,0.0,1.0,0.0,0.0,False,Qwen/Qwen3-Coder-30B-A3B-Instruct-FP8,None
395@x_name@ASC,Bar,Easy,0.32327795028686523,0.32327795028686523,1,0.0,0.0,0.0,0.0,0.0,0.0,0.0,0.0,0.0,0.0,1.0,0.0,0.0,False,Qwen/Qwen3-Coder-30B-A3B-Instruct-FP8,None
395@x_name@ASC,Bar,Easy,0.32327795028686523,0.32327795028686523,1,0.0,0.0,0.0,0.0,0.0,0.0,0.0,0.0,0.0,0.0,1.0,0.0,0.0,False,Qwen/Qwen3-Coder-30B-A3B-Instruct-FP8,None
395@x_name@ASC,Bar,Easy,0.32327795028686523,0.32327795028686523,1,0.0,0.0,0.0,0.0,0.0,0.0,0.0,0.0,0.0,0.0,1.0,0.0,0.0,False,Qwen/Qwen3-Coder-30B-A3B-Instruct-FP8,None
406@x_name@ASC,Bar,Easy,0.29689526557922363,0.29689526557922363,1,0.0,0.0,0.0,0.0,0.0,0.0,0.0,0.0,0.0,0.0,1.0,0.0,0.0,False,Qwen/Qwen3-Coder-30B-A3B-Instruct-FP8,None
406@x_name@ASC,Bar,Easy,0.29689526557922363,0.29689526557922363,1,0.0,0.0,0.0,0.0,0.0,0.0,0.0,0.0,0.0,0.0,1.0,0.0,0.0,False,Qwen/Qwen3-Coder-30B-A3B-Instruct-FP8,None
406@x_name@ASC,Bar,Easy,0.29689526557922363,0.29689526557922363,1,0.0,0.0,0.0,0.0,0.0,0.0,0.0,0.0,0.0,0.0,1.0,0.0,0.0,False,Qwen/Qwen3-Coder-30B-A3B-Instruct-FP8,None
723@y_name@ASC,Bar,Hard,0.5192694664001465,0.5192694664001465,1,0.0,0.0,0.0,0.0,0.0,0.0,0.0,0.0,0.0,0.0,1.0,0.0,0.0,True,Qwen/Qwen3-Coder-30B-A3B-Instruct-FP8,None
723@y_name@ASC,Bar,Hard,0.5192694664001465,0.5192694664001465,1,0.0,0.0,0.0,0.0,0.0,0.0,0.0,0.0,0.0,0.0,1.0,0.0,0.0,True,Qwen/Qwen3-Coder-30B-A3B-Instruct-FP8,None
723@y_name@ASC,Bar,Hard,0.5192694664001465,0.5192694664001465,1,0.0,0.0,0.0,0.0,0.0,0.0,0.0,0.0,0.0,0.0,1.0,0.0,0.0,True,Qwen/Qwen3-Coder-30B-A3B-Instruct-FP8,None
725@x_name@DESC,Bar,Hard,0.5229482650756836,0.5229482650756836,1,0.0,0.0,0.0,0.0,0.0,1.0,0.0,0.0,0.0,1.0,0.0,,0.0,True,Qwen/Qwen3-Coder-30B-A3B-Instruct-FP8,None
725@x_name@DESC,Bar,Hard,0.5229482650756836,0.5229482650756836,1,0.0,0.0,0.0,0.0,0.0,1.0,0.0,0.0,0.0,1.0,0.0,,0.0,True,Qwen/Qwen3-Coder-30B-A3B-Instruct-FP8,None
725@x_name@DESC,Bar,Hard,0.5229482650756836,0.5229482650756836,1,0.0,0.0,0.0,0.0,0.0,1.0,0.0,0.0,0.0,1.0,0.0,,0.0,True,Qwen/Qwen3-Coder-30B-A3B-Instruct-FP8,None
726@y_name@DESC,Bar,Medium,0.47960972785949707,0.9592194557189941,2,0.0,0.0,0.0,0.0,0.0,0.0,0.0,0.0,0.0,0.0,1.0,0.0,0.0,False,Qwen/Qwen3-Coder-30B-A3B-Instruct-FP8,None
726@y_name@DESC,Bar,Medium,0.47960972785949707,0.9592194557189941,2,0.0,0.0,0.0,0.0,0.0,0.0,0.0,0.0,0.0,0.0,1.0,0.0,0.0,False,Qwen/Qwen3-Coder-30B-A3B-Instruct-FP8,None
726@y_name@DESC,Bar,Medium,0.47960972785949707,0.9592194557189941,2,0.0,0.0,0.0,0.0,0.0,0.0,0.0,0.0,0.0,0.0,1.0,0.0,0.0,False,Qwen/Qwen3-Coder-30B-A3B-Instruct-FP8,None
3208@x_name@DESC,Bar,Medium,8.691110134124756,8.691110134124756,1,0.0,0.0,0.0,0.0,1.0,0.0,0.0,0.0,0.0,1.0,0.0,,0.0,False,Qwen/Qwen3-Coder-30B-A3B-Instruct-FP8,None
3208@x_name@DESC,Bar,Medium,8.691110134124756,8.691110134124756,1,0.0,0.0,0.0,0.0,1.0,0.0,0.0,0.0,0.0,1.0,0.0,,0.0,False,Qwen/Qwen3-Coder-30B-A3B-Instruct-FP8,None
3208@x_name@DESC,Bar,Medium,8.691110134124756,8.691110134124756,1,0.0,0.0,0.0,0.0,1.0,0.0,0.0,0.0,0.0,1.0,0.0,,0.0,False,Qwen/Qwen3-Coder-30B-A3B-Instruct-FP8,None
3210@x_name@DESC,Line,Easy,0.45215368270874023,0.45215368270874023,1,0.0,0.0,0.0,0.0,0.0,0.0,0.0,0.0,0.0,0.0,1.0,0.0,0.0,False,Qwen/Qwen3-Coder-30B-A3B-Instruct-FP8,None
3210@x_name@DESC,Line,Easy,0.45215368270874023,0.45215368270874023,1,0.0,0.0,0.0,0.0,0.0,0.0,0.0,0.0,0.0,0.0,1.0,0.0,0.0,False,Qwen/Qwen3-Coder-30B-A3B-Instruct-FP8,None
3210@x_name@DESC,Line,Easy,0.45215368270874023,0.45215368270874023,1,0.0,0.0,0.0,0.0,0.0,0.0,0.0,0.0,0.0,0.0,1.0,0.0,0.0,False,Qwen/Qwen3-Coder-30B-A3B-Instruct-FP8,None
3214@x_name@DESC,Bar,Hard,0.406477689743042,0.406477689743042,1,0.0,0.0,0.0,0.0,0.0,0.0,0.0,0.0,0.0,0.0,1.0,0.0,0.0,False,Qwen/Qwen3-Coder-30B-A3B-Instruct-FP8,None
3214@x_name@DESC,Bar,Hard,0.406477689743042,0.406477689743042,1,0.0,0.0,0.0,0.0,0.0,0.0,0.0,0.0,0.0,0.0,1.0,0.0,0.0,False,Qwen/Qwen3-Coder-30B-A3B-Instruct-FP8,None
3214@x_name@DESC,Bar,Hard,0.406477689743042,0.406477689743042,1,0.0,0.0,0.0,0.0,0.0,0.0,0.0,0.0,0.0,0.0,1.0,0.0,0.0,False,Qwen/Qwen3-Coder-30B-A3B-Instruct-FP8,None
3216@y_name@ASC,Bar,Medium,0.3549082279205322,0.7098164558410645,2,0.0,0.0,0.0,0.0,0.0,0.0,0.0,0.0,0.0,0.0,1.0,0.0,0.0,False,Qwen/Qwen3-Coder-30B-A3B-Instruct-FP8,None
3216@y_name@ASC,Bar,Medium,0.3549082279205322,0.7098164558410645,2,0.0,0.0,0.0,0.0,0.0,0.0,0.0,0.0,0.0,0.0,1.0,0.0,0.0,False,Qwen/Qwen3-Coder-30B-A3B-Instruct-FP8,None
3216@y_name@ASC,Bar,Medium,0.3549082279205322,0.7098164558410645,2,0.0,0.0,0.0,0.0,0.0,0.0,0.0,0.0,0.0,0.0,1.0,0.0,0.0,False,Qwen/Qwen3-Coder-30B-A3B-Instruct-FP8,None
3218@x_name@DESC,Line,Medium,0.3958759307861328,0.7917518615722656,2,0.0,0.0,0.0,0.0,0.0,1.0,0.0,0.0,0.0,1.0,0.0,,0.0,False,Qwen/Qwen3-Coder-30B-A3B-Instruct-FP8,None
3218@x_name@DESC,Line,Medium,0.3958759307861328,0.7917518615722656,2,0.0,0.0,0.0,0.0,0.0,1.0,0.0,0.0,0.0,1.0,0.0,,0.0,False,Qwen/Qwen3-Coder-30B-A3B-Instruct-FP8,None
3218@x_name@DESC,Line,Medium,0.3958759307861328,0.7917518615722656,2,0.0,0.0,0.0,0.0,0.0,1.0,0.0,0.0,0.0,1.0,0.0,,0.0,False,Qwen/Qwen3-Coder-30B-A3B-Instruct-FP8,None
2066@y_name@DESC,Bar,Hard,0.3531026840209961,1.0593080520629883,3,0.0,0.0,0.0,0.0,0.0,0.0,0.0,0.0,0.0,0.0,1.0,0.0,0.0,False,Qwen/Qwen3-Coder-30B-A3B-Instruct-FP8,None
2066@y_name@DESC,Bar,Hard,0.3531026840209961,1.0593080520629883,3,0.0,0.0,0.0,0.0,0.0,0.0,0.0,0.0,0.0,0.0,1.0,0.0,0.0,False,Qwen/Qwen3-Coder-30B-A3B-Instruct-FP8,None
2066@y_name@DESC,Bar,Hard,0.3531026840209961,1.0593080520629883,3,0.0,0.0,0.0,0.0,0.0,0.0,0.0,0.0,0.0,0.0,1.0,0.0,0.0,False,Qwen/Qwen3-Coder-30B-A3B-Instruct-FP8,None
2072@y_name@ASC,Bar,Hard,0.5011377334594727,1.0022754669189453,2,0.0,0.0,0.0,0.0,0.0,0.0,0.0,0.0,0.0,0.0,1.0,0.0,0.0,True,Qwen/Qwen3-Coder-30B-A3B-Instruct-FP8,None
2072@y_name@ASC,Bar,Hard,0.5011377334594727,1.0022754669189453,2,0.0,0.0,0.0,0.0,0.0,0.0,0.0,0.0,0.0,0.0,1.0,0.0,0.0,True,Qwen/Qwen3-Coder-30B-A3B-Instruct-FP8,None
2072@y_name@ASC,Bar,Hard,0.5011377334594727,1.0022754669189453,2,0.0,0.0,0.0,0.0,0.0,0.0,0.0,0.0,0.0,0.0,1.0,0.0,0.0,True,Qwen/Qwen3-Coder-30B-A3B-Instruct-FP8,None
2655@x_name@ASC,Bar,Medium,0.3996199369430542,0.7992398738861084,2,0.0,0.0,0.0,0.0,0.0,1.0,0.0,0.0,0.0,1.0,0.0,,0.0,False,Qwen/Qwen3-Coder-30B-A3B-Instruct-FP8,None
2655@x_name@ASC,Bar,Medium,0.3996199369430542,0.7992398738861084,2,0.0,0.0,0.0,0.0,0.0,1.0,0.0,0.0,0.0,1.0,0.0,,0.0,False,Qwen/Qwen3-Coder-30B-A3B-Instruct-FP8,None
2655@x_name@ASC,Bar,Medium,0.3996199369430542,0.7992398738861084,2,0.0,0.0,0.0,0.0,0.0,1.0,0.0,0.0,0.0,1.0,0.0,,0.0,False,Qwen/Qwen3-Coder-30B-A3B-Instruct-FP8,None
2658@y_name@ASC,Bar,Medium,0.34720714886983234,1.041621446609497,3,0.0,0.0,0.0,0.0,0.0,0.0,0.0,0.0,0.0,0.0,1.0,0.0,0.0,False,Qwen/Qwen3-Coder-30B-A3B-Instruct-FP8,None
2658@y_name@ASC,Bar,Medium,0.34720714886983234,1.041621446609497,3,0.0,0.0,0.0,0.0,0.0,0.0,0.0,0.0,0.0,0.0,1.0,0.0,0.0,False,Qwen/Qwen3-Coder-30B-A3B-Instruct-FP8,None
2658@y_name@ASC,Bar,Medium,0.34720714886983234,1.041621446609497,3,0.0,0.0,0.0,0.0,0.0,0.0,0.0,0.0,0.0,0.0,1.0,0.0,0.0,False,Qwen/Qwen3-Coder-30B-A3B-Instruct-FP8,None
2659@x_name@ASC,Bar,Medium,12.485623598098755,24.97124719619751,2,1.0,0.0,0.0,0.0,0.0,0.0,0.0,0.0,1.0,0.0,0.0,,0.0,False,Qwen/Qwen3-Coder-30B-A3B-Instruct-FP8,None
2659@x_name@ASC,Bar,Medium,12.485623598098755,24.97124719619751,2,1.0,0.0,0.0,0.0,0.0,0.0,0.0,0.0,1.0,0.0,0.0,,0.0,False,Qwen/Qwen3-Coder-30B-A3B-Instruct-FP8,None
2659@x_name@ASC,Bar,Medium,12.485623598098755,24.97124719619751,2,1.0,0.0,0.0,0.0,0.0,0.0,0.0,0.0,1.0,0.0,0.0,,0.0,False,Qwen/Qwen3-Coder-30B-A3B-Instruct-FP8,None
2691@x_name@ASC,Bar,Hard,0.8425493240356445,0.8425493240356445,1,0.0,0.0,0.0,0.0,0.0,0.0,0.0,0.0,0.0,0.0,1.0,0.0,0.0,True,Qwen/Qwen3-Coder-30B-A3B-Instruct-FP8,None
2691@x_name@ASC,Bar,Hard,0.8425493240356445,0.8425493240356445,1,0.0,0.0,0.0,0.0,0.0,0.0,0.0,0.0,0.0,0.0,1.0,0.0,0.0,True,Qwen/Qwen3-Coder-30B-A3B-Instruct-FP8,None
2691@x_name@ASC,Bar,Hard,0.8425493240356445,0.8425493240356445,1,0.0,0.0,0.0,0.0,0.0,0.0,0.0,0.0,0.0,0.0,1.0,0.0,0.0,True,Qwen/Qwen3-Coder-30B-A3B-Instruct-FP8,None
2360@y_name@DESC,Bar,Hard,12.582904696464539,50.331618785858154,4,1.0,0.0,0.0,0.0,0.0,0.0,0.0,0.0,1.0,0.0,0.0,,0.0,True,Qwen/Qwen3-Coder-30B-A3B-Instruct-FP8,None
2360@y_name@DESC,Bar,Hard,12.582904696464539,50.331618785858154,4,1.0,0.0,0.0,0.0,0.0,0.0,0.0,0.0,1.0,0.0,0.0,,0.0,True,Qwen/Qwen3-Coder-30B-A3B-Instruct-FP8,None
2360@y_name@DESC,Bar,Hard,12.582904696464539,50.331618785858154,4,1.0,0.0,0.0,0.0,0.0,0.0,0.0,0.0,1.0,0.0,0.0,,0.0,True,Qwen/Qwen3-Coder-30B-A3B-Instruct-FP8,None
2369@y_name@DESC,Bar,Hard,0.48842302958170575,1.4652690887451172,3,0.0,0.0,0.0,0.0,0.0,0.0,0.0,0.0,0.0,0.0,1.0,0.0,0.0,True,Qwen/Qwen3-Coder-30B-A3B-Instruct-FP8,None
2369@y_name@DESC,Bar,Hard,0.48842302958170575,1.4652690887451172,3,0.0,0.0,0.0,0.0,0.0,0.0,0.0,0.0,0.0,0.0,1.0,0.0,0.0,True,Qwen/Qwen3-Coder-30B-A3B-Instruct-FP8,None
2369@y_name@DESC,Bar,Hard,0.48842302958170575,1.4652690887451172,3,0.0,0.0,0.0,0.0,0.0,0.0,0.0,0.0,0.0,0.0,1.0,0.0,0.0,True,Qwen/Qwen3-Coder-30B-A3B-Instruct-FP8,None
2383@x_name@ASC,Bar,Medium,0.47711658477783203,0.47711658477783203,1,0.0,0.0,0.0,0.0,0.0,0.0,0.0,0.0,0.0,0.0,1.0,0.0,0.0,True,Qwen/Qwen3-Coder-30B-A3B-Instruct-FP8,None
2383@x_name@ASC,Bar,Medium,0.47711658477783203,0.47711658477783203,1,0.0,0.0,0.0,0.0,0.0,0.0,0.0,0.0,0.0,0.0,1.0,0.0,0.0,True,Qwen/Qwen3-Coder-30B-A3B-Instruct-FP8,None
2383@x_name@ASC,Bar,Medium,0.47711658477783203,0.47711658477783203,1,0.0,0.0,0.0,0.0,0.0,0.0,0.0,0.0,0.0,0.0,1.0,0.0,0.0,True,Qwen/Qwen3-Coder-30B-A3B-Instruct-FP8,None
2398@y_name@DESC,Bar,Hard,0.5747480392456055,0.5747480392456055,1,0.0,0.0,0.0,0.0,0.0,0.0,0.0,0.0,0.0,0.0,1.0,0.0,0.0,True,Qwen/Qwen3-Coder-30B-A3B-Instruct-FP8,None
2398@y_name@DESC,Bar,Hard,0.5747480392456055,0.5747480392456055,1,0.0,0.0,0.0,0.0,0.0,0.0,0.0,0.0,0.0,0.0,1.0,0.0,0.0,True,Qwen/Qwen3-Coder-30B-A3B-Instruct-FP8,None
2398@y_name@DESC,Bar,Hard,0.5747480392456055,0.5747480392456055,1,0.0,0.0,0.0,0.0,0.0,0.0,0.0,0.0,0.0,0.0,1.0,0.0,0.0,True,Qwen/Qwen3-Coder-30B-A3B-Instruct-FP8,None
2402@y_name@ASC,Bar,Hard,4.0052421887715655,12.015726566314697,3,0.0,0.0,0.0,0.0,0.0,0.0,0.0,0.0,0.0,0.0,1.0,0.0,0.0,True,Qwen/Qwen3-Coder-30B-A3B-Instruct-FP8,None
2402@y_name@ASC,Bar,Hard,4.0052421887715655,12.015726566314697,3,0.0,0.0,0.0,0.0,0.0,0.0,0.0,0.0,0.0,0.0,1.0,0.0,0.0,True,Qwen/Qwen3-Coder-30B-A3B-Instruct-FP8,None
2402@y_name@ASC,Bar,Hard,4.0052421887715655,12.015726566314697,3,0.0,0.0,0.0,0.0,0.0,0.0,0.0,0.0,0.0,0.0,1.0,0.0,0.0,True,Qwen/Qwen3-Coder-30B-A3B-Instruct-FP8,None
2405@y_name@DESC,Bar,Extra Hard,0.5748629570007324,2.2994518280029297,4,0.0,0.0,0.0,0.0,0.0,0.0,0.0,0.0,0.0,0.0,1.0,0.0,0.0,True,Qwen/Qwen3-Coder-30B-A3B-Instruct-FP8,None
2405@y_name@DESC,Bar,Extra Hard,0.5748629570007324,2.2994518280029297,4,0.0,0.0,0.0,0.0,0.0,0.0,0.0,0.0,0.0,0.0,1.0,0.0,0.0,True,Qwen/Qwen3-Coder-30B-A3B-Instruct-FP8,None
2405@y_name@DESC,Bar,Extra Hard,0.5748629570007324,2.2994518280029297,4,0.0,0.0,0.0,0.0,0.0,0.0,0.0,0.0,0.0,0.0,1.0,0.0,0.0,True,Qwen/Qwen3-Coder-30B-A3B-Instruct-FP8,None
1432@y_name@DESC,Bar,Hard,0.5251200199127197,0.5251200199127197,1,0.0,0.0,0.0,0.0,0.0,0.0,0.0,0.0,0.0,0.0,1.0,0.0,0.0,True,Qwen/Qwen3-Coder-30B-A3B-Instruct-FP8,None
1432@y_name@DESC,Bar,Hard,0.5251200199127197,0.5251200199127197,1,0.0,0.0,0.0,0.0,0.0,0.0,0.0,0.0,0.0,0.0,1.0,0.0,0.0,True,Qwen/Qwen3-Coder-30B-A3B-Instruct-FP8,None
1432@y_name@DESC,Bar,Hard,0.5251200199127197,0.5251200199127197,1,0.0,0.0,0.0,0.0,0.0,0.0,0.0,0.0,0.0,0.0,1.0,0.0,0.0,True,Qwen/Qwen3-Coder-30B-A3B-Instruct-FP8,None
679@x_name@ASC,Bar,Medium,0.3722798824310303,0.3722798824310303,1,0.0,0.0,0.0,0.0,0.0,0.0,0.0,0.0,0.0,0.0,1.0,0.0,0.0,False,Qwen/Qwen3-Coder-30B-A3B-Instruct-FP8,None
679@x_name@ASC,Bar,Medium,0.3722798824310303,0.3722798824310303,1,0.0,0.0,0.0,0.0,0.0,0.0,0.0,0.0,0.0,0.0,1.0,0.0,0.0,False,Qwen/Qwen3-Coder-30B-A3B-Instruct-FP8,None
679@x_name@ASC,Bar,Medium,0.3722798824310303,0.3722798824310303,1,0.0,0.0,0.0,0.0,0.0,0.0,0.0,0.0,0.0,0.0,1.0,0.0,0.0,False,Qwen/Qwen3-Coder-30B-A3B-Instruct-FP8,None
680@y_name@DESC,Stacked Bar,Hard,4.180472731590271,8.360945463180542,2,0.0,0.0,0.0,0.0,0.0,1.0,0.0,0.0,0.0,1.0,0.0,,0.0,False,Qwen/Qwen3-Coder-30B-A3B-Instruct-FP8,None
680@y_name@DESC,Stacked Bar,Hard,4.180472731590271,8.360945463180542,2,0.0,0.0,0.0,0.0,0.0,1.0,0.0,0.0,0.0,1.0,0.0,,0.0,False,Qwen/Qwen3-Coder-30B-A3B-Instruct-FP8,None
680@y_name@DESC,Stacked Bar,Hard,4.180472731590271,8.360945463180542,2,0.0,0.0,0.0,0.0,0.0,1.0,0.0,0.0,0.0,1.0,0.0,,0.0,False,Qwen/Qwen3-Coder-30B-A3B-Instruct-FP8,None
682@x_name@ASC,Bar,Medium,0.325117826461792,0.325117826461792,1,0.0,0.0,0.0,0.0,0.0,0.0,0.0,0.0,0.0,0.0,1.0,0.0,0.0,False,Qwen/Qwen3-Coder-30B-A3B-Instruct-FP8,None
682@x_name@ASC,Bar,Medium,0.325117826461792,0.325117826461792,1,0.0,0.0,0.0,0.0,0.0,0.0,0.0,0.0,0.0,0.0,1.0,0.0,0.0,False,Qwen/Qwen3-Coder-30B-A3B-Instruct-FP8,None
682@x_name@ASC,Bar,Medium,0.325117826461792,0.325117826461792,1,0.0,0.0,0.0,0.0,0.0,0.0,0.0,0.0,0.0,0.0,1.0,0.0,0.0,False,Qwen/Qwen3-Coder-30B-A3B-Instruct-FP8,None
2494@x_name@DESC,Bar,Medium,9.16699767112732,9.16699767112732,1,1.0,0.0,0.0,0.0,0.0,0.0,0.0,0.0,1.0,0.0,0.0,,0.0,False,Qwen/Qwen3-Coder-30B-A3B-Instruct-FP8,None
2494@x_name@DESC,Bar,Medium,9.16699767112732,9.16699767112732,1,1.0,0.0,0.0,0.0,0.0,0.0,0.0,0.0,1.0,0.0,0.0,,0.0,False,Qwen/Qwen3-Coder-30B-A3B-Instruct-FP8,None
2494@x_name@DESC,Bar,Medium,9.16699767112732,9.16699767112732,1,1.0,0.0,0.0,0.0,0.0,0.0,0.0,0.0,1.0,0.0,0.0,,0.0,False,Qwen/Qwen3-Coder-30B-A3B-Instruct-FP8,None
415@x_name@DESC,Line,Medium,0.42825132608413696,1.7130053043365479,4,0.0,0.0,0.0,0.0,0.0,0.0,0.0,0.0,0.0,0.0,1.0,0.0,0.0,False,Qwen/Qwen3-Coder-30B-A3B-Instruct-FP8,None
415@x_name@DESC,Line,Medium,0.42825132608413696,1.7130053043365479,4,0.0,0.0,0.0,0.0,0.0,0.0,0.0,0.0,0.0,0.0,1.0,0.0,0.0,False,Qwen/Qwen3-Coder-30B-A3B-Instruct-FP8,None
415@x_name@DESC,Line,Medium,0.42825132608413696,1.7130053043365479,4,0.0,0.0,0.0,0.0,0.0,0.0,0.0,0.0,0.0,0.0,1.0,0.0,0.0,False,Qwen/Qwen3-Coder-30B-A3B-Instruct-FP8,None
420@x_name@ASC,Bar,Hard,0.4762730598449707,0.9525461196899414,2,0.0,0.0,0.0,0.0,1.0,0.0,0.0,0.0,0.0,1.0,0.0,,0.0,True,Qwen/Qwen3-Coder-30B-A3B-Instruct-FP8,None
420@x_name@ASC,Bar,Hard,0.4762730598449707,0.9525461196899414,2,0.0,0.0,0.0,0.0,1.0,0.0,0.0,0.0,0.0,1.0,0.0,,0.0,True,Qwen/Qwen3-Coder-30B-A3B-Instruct-FP8,None
420@x_name@ASC,Bar,Hard,0.4762730598449707,0.9525461196899414,2,0.0,0.0,0.0,0.0,1.0,0.0,0.0,0.0,0.0,1.0,0.0,,0.0,True,Qwen/Qwen3-Coder-30B-A3B-Instruct-FP8,None
434@y_name@DESC,Bar,Hard,2.4347803195317588,14.608681917190552,6,0.0,0.0,0.0,0.0,0.0,0.0,0.0,0.0,0.0,0.0,1.0,0.0,0.0,True,Qwen/Qwen3-Coder-30B-A3B-Instruct-FP8,None
434@y_name@DESC,Bar,Hard,2.4347803195317588,14.608681917190552,6,0.0,0.0,0.0,0.0,0.0,0.0,0.0,0.0,0.0,0.0,1.0,0.0,0.0,True,Qwen/Qwen3-Coder-30B-A3B-Instruct-FP8,None
434@y_name@DESC,Bar,Hard,2.4347803195317588,14.608681917190552,6,0.0,0.0,0.0,0.0,0.0,0.0,0.0,0.0,0.0,0.0,1.0,0.0,0.0,True,Qwen/Qwen3-Coder-30B-A3B-Instruct-FP8,None
1032@y_name@DESC,Bar,Medium,0.37935348351796466,2.276120901107788,6,0.0,0.0,0.0,0.0,0.0,0.0,0.0,0.0,0.0,0.0,1.0,0.0,0.0,False,Qwen/Qwen3-Coder-30B-A3B-Instruct-FP8,None
1032@y_name@DESC,Bar,Medium,0.37935348351796466,2.276120901107788,6,0.0,0.0,0.0,0.0,0.0,0.0,0.0,0.0,0.0,0.0,1.0,0.0,0.0,False,Qwen/Qwen3-Coder-30B-A3B-Instruct-FP8,None
1032@y_name@DESC,Bar,Medium,0.37935348351796466,2.276120901107788,6,0.0,0.0,0.0,0.0,0.0,0.0,0.0,0.0,0.0,0.0,1.0,0.0,0.0,False,Qwen/Qwen3-Coder-30B-A3B-Instruct-FP8,None
1043@y_name@DESC,Bar,Medium,0.43107906977335614,1.2932372093200684,3,0.0,0.0,0.0,0.0,0.0,0.0,0.0,0.0,0.0,0.0,1.0,0.0,0.0,False,Qwen/Qwen3-Coder-30B-A3B-Instruct-FP8,None
1043@y_name@DESC,Bar,Medium,0.43107906977335614,1.2932372093200684,3,0.0,0.0,0.0,0.0,0.0,0.0,0.0,0.0,0.0,0.0,1.0,0.0,0.0,False,Qwen/Qwen3-Coder-30B-A3B-Instruct-FP8,None
1043@y_name@DESC,Bar,Medium,0.43107906977335614,1.2932372093200684,3,0.0,0.0,0.0,0.0,0.0,0.0,0.0,0.0,0.0,0.0,1.0,0.0,0.0,False,Qwen/Qwen3-Coder-30B-A3B-Instruct-FP8,None
1060@y_name@DESC,Bar,Hard,0.5637326240539551,2.2549304962158203,4,0.0,0.0,0.0,0.0,0.0,0.0,0.0,0.0,0.0,0.0,1.0,0.0,0.0,True,Qwen/Qwen3-Coder-30B-A3B-Instruct-FP8,None
1060@y_name@DESC,Bar,Hard,0.5637326240539551,2.2549304962158203,4,0.0,0.0,0.0,0.0,0.0,0.0,0.0,0.0,0.0,0.0,1.0,0.0,0.0,True,Qwen/Qwen3-Coder-30B-A3B-Instruct-FP8,None
1060@y_name@DESC,Bar,Hard,0.5637326240539551,2.2549304962158203,4,0.0,0.0,0.0,0.0,0.0,0.0,0.0,0.0,0.0,0.0,1.0,0.0,0.0,True,Qwen/Qwen3-Coder-30B-A3B-Instruct-FP8,None
2162@y_name@ASC,Bar,Extra Hard,0.7152243455251058,2.1456730365753174,3,0.0,0.0,0.0,0.0,0.0,0.0,0.0,0.0,0.0,0.0,1.0,0.0,0.0,True,Qwen/Qwen3-Coder-30B-A3B-Instruct-FP8,None
2162@y_name@ASC,Bar,Extra Hard,0.7152243455251058,2.1456730365753174,3,0.0,0.0,0.0,0.0,0.0,0.0,0.0,0.0,0.0,0.0,1.0,0.0,0.0,True,Qwen/Qwen3-Coder-30B-A3B-Instruct-FP8,None
2162@y_name@ASC,Bar,Extra Hard,0.7152243455251058,2.1456730365753174,3,0.0,0.0,0.0,0.0,0.0,0.0,0.0,0.0,0.0,0.0,1.0,0.0,0.0,True,Qwen/Qwen3-Coder-30B-A3B-Instruct-FP8,None
2164@y_name@ASC,Bar,Hard,0.5430421829223633,0.5430421829223633,1,0.0,0.0,0.0,0.0,0.0,0.0,0.0,0.0,0.0,0.0,1.0,0.0,0.0,True,Qwen/Qwen3-Coder-30B-A3B-Instruct-FP8,None
2164@y_name@ASC,Bar,Hard,0.5430421829223633,0.5430421829223633,1,0.0,0.0,0.0,0.0,0.0,0.0,0.0,0.0,0.0,0.0,1.0,0.0,0.0,True,Qwen/Qwen3-Coder-30B-A3B-Instruct-FP8,None
2164@y_name@ASC,Bar,Hard,0.5430421829223633,0.5430421829223633,1,0.0,0.0,0.0,0.0,0.0,0.0,0.0,0.0,0.0,0.0,1.0,0.0,0.0,True,Qwen/Qwen3-Coder-30B-A3B-Instruct-FP8,None
2165@y_name@DESC,Bar,Hard,0.43985486030578613,1.3195645809173584,3,0.0,0.0,0.0,0.0,0.0,0.0,0.0,0.0,0.0,0.0,1.0,0.0,0.0,False,Qwen/Qwen3-Coder-30B-A3B-Instruct-FP8,None
2165@y_name@DESC,Bar,Hard,0.43985486030578613,1.3195645809173584,3,0.0,0.0,0.0,0.0,0.0,0.0,0.0,0.0,0.0,0.0,1.0,0.0,0.0,False,Qwen/Qwen3-Coder-30B-A3B-Instruct-FP8,None
2165@y_name@DESC,Bar,Hard,0.43985486030578613,1.3195645809173584,3,0.0,0.0,0.0,0.0,0.0,0.0,0.0,0.0,0.0,0.0,1.0,0.0,0.0,False,Qwen/Qwen3-Coder-30B-A3B-Instruct-FP8,None
2169@y_name@ASC,Bar,Medium,0.34664487838745117,0.6932897567749023,2,0.0,0.0,0.0,0.0,0.0,0.0,0.0,0.0,0.0,0.0,1.0,0.0,0.0,False,Qwen/Qwen3-Coder-30B-A3B-Instruct-FP8,None
2169@y_name@ASC,Bar,Medium,0.34664487838745117,0.6932897567749023,2,0.0,0.0,0.0,0.0,0.0,0.0,0.0,0.0,0.0,0.0,1.0,0.0,0.0,False,Qwen/Qwen3-Coder-30B-A3B-Instruct-FP8,None
2169@y_name@ASC,Bar,Medium,0.34664487838745117,0.6932897567749023,2,0.0,0.0,0.0,0.0,0.0,0.0,0.0,0.0,0.0,0.0,1.0,0.0,0.0,False,Qwen/Qwen3-Coder-30B-A3B-Instruct-FP8,None
2766@y_name@ASC,Bar,Extra Hard,0.6128909587860107,1.8386728763580322,3,0.0,0.0,0.0,0.0,0.3333333333333333,0.0,0.0,0.0,0.0,0.3333333333333333,0.6666666666666666,0.0,0.0,True,Qwen/Qwen3-Coder-30B-A3B-Instruct-FP8,None
2766@y_name@ASC,Bar,Extra Hard,0.6128909587860107,1.8386728763580322,3,0.0,0.0,0.0,0.0,0.3333333333333333,0.0,0.0,0.0,0.0,0.3333333333333333,0.6666666666666666,0.0,0.0,True,Qwen/Qwen3-Coder-30B-A3B-Instruct-FP8,None
2766@y_name@ASC,Bar,Extra Hard,0.6128909587860107,1.8386728763580322,3,0.0,0.0,0.0,0.0,0.3333333333333333,0.0,0.0,0.0,0.0,0.3333333333333333,0.6666666666666666,0.0,0.0,True,Qwen/Qwen3-Coder-30B-A3B-Instruct-FP8,None
3279@y_name@ASC,Bar,Medium,0.3655349413553874,2.193209648132324,6,0.0,0.0,0.0,0.0,0.0,0.0,0.0,0.0,0.0,0.0,1.0,0.0,0.0,False,Qwen/Qwen3-Coder-30B-A3B-Instruct-FP8,None
3279@y_name@ASC,Bar,Medium,0.3655349413553874,2.193209648132324,6,0.0,0.0,0.0,0.0,0.0,0.0,0.0,0.0,0.0,0.0,1.0,0.0,0.0,False,Qwen/Qwen3-Coder-30B-A3B-Instruct-FP8,None
3279@y_name@ASC,Bar,Medium,0.3655349413553874,2.193209648132324,6,0.0,0.0,0.0,0.0,0.0,0.0,0.0,0.0,0.0,0.0,1.0,0.0,0.0,False,Qwen/Qwen3-Coder-30B-A3B-Instruct-FP8,None
3283@y_name@ASC,Bar,Medium,0.341594934463501,1.366379737854004,4,0.0,0.0,0.0,0.0,0.0,0.0,0.0,0.0,0.0,0.0,1.0,0.0,0.0,False,Qwen/Qwen3-Coder-30B-A3B-Instruct-FP8,None
3283@y_name@ASC,Bar,Medium,0.341594934463501,1.366379737854004,4,0.0,0.0,0.0,0.0,0.0,0.0,0.0,0.0,0.0,0.0,1.0,0.0,0.0,False,Qwen/Qwen3-Coder-30B-A3B-Instruct-FP8,None
3283@y_name@ASC,Bar,Medium,0.341594934463501,1.366379737854004,4,0.0,0.0,0.0,0.0,0.0,0.0,0.0,0.0,0.0,0.0,1.0,0.0,0.0,False,Qwen/Qwen3-Coder-30B-A3B-Instruct-FP8,None
2537@y_name@DESC,Bar,Extra Hard,9.638425588607788,19.276851177215576,2,0.0,0.0,0.0,0.0,0.5,0.0,0.0,0.0,0.0,0.5,0.5,0.0,0.0,True,Qwen/Qwen3-Coder-30B-A3B-Instruct-FP8,None
2537@y_name@DESC,Bar,Extra Hard,9.638425588607788,19.276851177215576,2,0.0,0.0,0.0,0.0,0.5,0.0,0.0,0.0,0.0,0.5,0.5,0.0,0.0,True,Qwen/Qwen3-Coder-30B-A3B-Instruct-FP8,None
2537@y_name@DESC,Bar,Extra Hard,9.638425588607788,19.276851177215576,2,0.0,0.0,0.0,0.0,0.5,0.0,0.0,0.0,0.0,0.5,0.5,0.0,0.0,True,Qwen/Qwen3-Coder-30B-A3B-Instruct-FP8,None
2539@y_name@ASC,Bar,Medium,0.3382827043533325,0.676565408706665,2,0.0,0.0,0.0,0.0,0.0,0.0,0.0,0.0,0.0,0.0,1.0,0.0,0.0,False,Qwen/Qwen3-Coder-30B-A3B-Instruct-FP8,None
2539@y_name@ASC,Bar,Medium,0.3382827043533325,0.676565408706665,2,0.0,0.0,0.0,0.0,0.0,0.0,0.0,0.0,0.0,0.0,1.0,0.0,0.0,False,Qwen/Qwen3-Coder-30B-A3B-Instruct-FP8,None
2539@y_name@ASC,Bar,Medium,0.3382827043533325,0.676565408706665,2,0.0,0.0,0.0,0.0,0.0,0.0,0.0,0.0,0.0,0.0,1.0,0.0,0.0,False,Qwen/Qwen3-Coder-30B-A3B-Instruct-FP8,None
1069@x_name@DESC,Bar,Medium,0.36982929706573486,0.7396585941314697,2,0.0,0.0,0.0,0.0,0.0,1.0,0.0,0.0,0.0,1.0,0.0,,0.0,False,Qwen/Qwen3-Coder-30B-A3B-Instruct-FP8,None
1069@x_name@DESC,Bar,Medium,0.36982929706573486,0.7396585941314697,2,0.0,0.0,0.0,0.0,0.0,1.0,0.0,0.0,0.0,1.0,0.0,,0.0,False,Qwen/Qwen3-Coder-30B-A3B-Instruct-FP8,None
1069@x_name@DESC,Bar,Medium,0.36982929706573486,0.7396585941314697,2,0.0,0.0,0.0,0.0,0.0,1.0,0.0,0.0,0.0,1.0,0.0,,0.0,False,Qwen/Qwen3-Coder-30B-A3B-Instruct-FP8,None
1077@y_name@ASC,Bar,Medium,0.40348684787750244,0.8069736957550049,2,0.0,0.0,0.0,0.0,0.0,0.0,0.0,0.0,0.0,0.0,1.0,0.0,0.0,False,Qwen/Qwen3-Coder-30B-A3B-Instruct-FP8,None
1077@y_name@ASC,Bar,Medium,0.40348684787750244,0.8069736957550049,2,0.0,0.0,0.0,0.0,0.0,0.0,0.0,0.0,0.0,0.0,1.0,0.0,0.0,False,Qwen/Qwen3-Coder-30B-A3B-Instruct-FP8,None
1077@y_name@ASC,Bar,Medium,0.40348684787750244,0.8069736957550049,2,0.0,0.0,0.0,0.0,0.0,0.0,0.0,0.0,0.0,0.0,1.0,0.0,0.0,False,Qwen/Qwen3-Coder-30B-A3B-Instruct-FP8,None
1078@x_name@ASC,Bar,Hard,0.7021257877349854,0.7021257877349854,1,0.0,0.0,0.0,0.0,0.0,1.0,0.0,0.0,0.0,1.0,0.0,,0.0,True,Qwen/Qwen3-Coder-30B-A3B-Instruct-FP8,None
1078@x_name@ASC,Bar,Hard,0.7021257877349854,0.7021257877349854,1,0.0,0.0,0.0,0.0,0.0,1.0,0.0,0.0,0.0,1.0,0.0,,0.0,True,Qwen/Qwen3-Coder-30B-A3B-Instruct-FP8,None
1078@x_name@ASC,Bar,Hard,0.7021257877349854,0.7021257877349854,1,0.0,0.0,0.0,0.0,0.0,1.0,0.0,0.0,0.0,1.0,0.0,,0.0,True,Qwen/Qwen3-Coder-30B-A3B-Instruct-FP8,None
1080@x_name@DESC,Bar,Hard,0.6720998287200928,0.6720998287200928,1,0.0,0.0,0.0,0.0,0.0,0.0,0.0,0.0,0.0,0.0,1.0,0.0,0.0,True,Qwen/Qwen3-Coder-30B-A3B-Instruct-FP8,None
1080@x_name@DESC,Bar,Hard,0.6720998287200928,0.6720998287200928,1,0.0,0.0,0.0,0.0,0.0,0.0,0.0,0.0,0.0,0.0,1.0,0.0,0.0,True,Qwen/Qwen3-Coder-30B-A3B-Instruct-FP8,None
1080@x_name@DESC,Bar,Hard,0.6720998287200928,0.6720998287200928,1,0.0,0.0,0.0,0.0,0.0,0.0,0.0,0.0,0.0,0.0,1.0,0.0,0.0,True,Qwen/Qwen3-Coder-30B-A3B-Instruct-FP8,None
1083@x_name@DESC,Bar,Hard,0.5663752555847168,0.5663752555847168,1,0.0,0.0,0.0,0.0,0.0,1.0,0.0,0.0,0.0,1.0,0.0,,0.0,True,Qwen/Qwen3-Coder-30B-A3B-Instruct-FP8,None
1083@x_name@DESC,Bar,Hard,0.5663752555847168,0.5663752555847168,1,0.0,0.0,0.0,0.0,0.0,1.0,0.0,0.0,0.0,1.0,0.0,,0.0,True,Qwen/Qwen3-Coder-30B-A3B-Instruct-FP8,None
1083@x_name@DESC,Bar,Hard,0.5663752555847168,0.5663752555847168,1,0.0,0.0,0.0,0.0,0.0,1.0,0.0,0.0,0.0,1.0,0.0,,0.0,True,Qwen/Qwen3-Coder-30B-A3B-Instruct-FP8,None
1250@y_name@DESC,Bar,Extra Hard,4.7249539494514465,18.899815797805786,4,0.0,0.0,0.0,0.0,0.75,0.25,0.0,0.0,0.0,1.0,0.0,,0.0,True,Qwen/Qwen3-Coder-30B-A3B-Instruct-FP8,None
1250@y_name@DESC,Bar,Extra Hard,4.7249539494514465,18.899815797805786,4,0.0,0.0,0.0,0.0,0.75,0.25,0.0,0.0,0.0,1.0,0.0,,0.0,True,Qwen/Qwen3-Coder-30B-A3B-Instruct-FP8,None
1250@y_name@DESC,Bar,Extra Hard,4.7249539494514465,18.899815797805786,4,0.0,0.0,0.0,0.0,0.75,0.25,0.0,0.0,0.0,1.0,0.0,,0.0,True,Qwen/Qwen3-Coder-30B-A3B-Instruct-FP8,None
1254@x_name@ASC,Line,Extra Hard,0.8925176858901978,1.7850353717803955,2,0.0,0.0,0.0,0.0,0.0,0.0,0.0,0.0,0.0,0.0,1.0,0.0,0.0,True,Qwen/Qwen3-Coder-30B-A3B-Instruct-FP8,None
1254@x_name@ASC,Line,Extra Hard,0.8925176858901978,1.7850353717803955,2,0.0,0.0,0.0,0.0,0.0,0.0,0.0,0.0,0.0,0.0,1.0,0.0,0.0,True,Qwen/Qwen3-Coder-30B-A3B-Instruct-FP8,None
1254@x_name@ASC,Line,Extra Hard,0.8925176858901978,1.7850353717803955,2,0.0,0.0,0.0,0.0,0.0,0.0,0.0,0.0,0.0,0.0,1.0,0.0,0.0,True,Qwen/Qwen3-Coder-30B-A3B-Instruct-FP8,None
1273@x_name@DESC,Bar,Hard,0.6673701405525208,2.669480562210083,4,0.0,0.0,0.0,0.0,0.0,0.5,0.0,0.0,0.0,0.5,0.5,0.0,0.0,True,Qwen/Qwen3-Coder-30B-A3B-Instruct-FP8,None
1273@x_name@DESC,Bar,Hard,0.6673701405525208,2.669480562210083,4,0.0,0.0,0.0,0.0,0.0,0.5,0.0,0.0,0.0,0.5,0.5,0.0,0.0,True,Qwen/Qwen3-Coder-30B-A3B-Instruct-FP8,None
1273@x_name@DESC,Bar,Hard,0.6673701405525208,2.669480562210083,4,0.0,0.0,0.0,0.0,0.0,0.5,0.0,0.0,0.0,0.5,0.5,0.0,0.0,True,Qwen/Qwen3-Coder-30B-A3B-Instruct-FP8,None
1278@y_name@ASC,Bar,Hard,0.5130159854888916,1.0260319709777832,2,0.0,0.0,0.0,0.0,0.0,0.0,0.0,0.0,0.0,0.0,1.0,0.0,0.0,True,Qwen/Qwen3-Coder-30B-A3B-Instruct-FP8,None
1278@y_name@ASC,Bar,Hard,0.5130159854888916,1.0260319709777832,2,0.0,0.0,0.0,0.0,0.0,0.0,0.0,0.0,0.0,0.0,1.0,0.0,0.0,True,Qwen/Qwen3-Coder-30B-A3B-Instruct-FP8,None
1278@y_name@ASC,Bar,Hard,0.5130159854888916,1.0260319709777832,2,0.0,0.0,0.0,0.0,0.0,0.0,0.0,0.0,0.0,0.0,1.0,0.0,0.0,True,Qwen/Qwen3-Coder-30B-A3B-Instruct-FP8,None
1289@y_name@DESC,Bar,Hard,0.5042941570281982,1.0085883140563965,2,0.0,0.0,0.0,0.0,0.0,0.0,0.0,0.0,0.0,0.0,1.0,0.0,0.0,True,Qwen/Qwen3-Coder-30B-A3B-Instruct-FP8,None
1289@y_name@DESC,Bar,Hard,0.5042941570281982,1.0085883140563965,2,0.0,0.0,0.0,0.0,0.0,0.0,0.0,0.0,0.0,0.0,1.0,0.0,0.0,True,Qwen/Qwen3-Coder-30B-A3B-Instruct-FP8,None
1289@y_name@DESC,Bar,Hard,0.5042941570281982,1.0085883140563965,2,0.0,0.0,0.0,0.0,0.0,0.0,0.0,0.0,0.0,0.0,1.0,0.0,0.0,True,Qwen/Qwen3-Coder-30B-A3B-Instruct-FP8,None
1293@y_name@DESC,Bar,Extra Hard,0.7986607551574707,0.7986607551574707,1,0.0,0.0,0.0,0.0,0.0,0.0,0.0,0.0,0.0,0.0,1.0,0.0,0.0,True,Qwen/Qwen3-Coder-30B-A3B-Instruct-FP8,None
1293@y_name@DESC,Bar,Extra Hard,0.7986607551574707,0.7986607551574707,1,0.0,0.0,0.0,0.0,0.0,0.0,0.0,0.0,0.0,0.0,1.0,0.0,0.0,True,Qwen/Qwen3-Coder-30B-A3B-Instruct-FP8,None
1293@y_name@DESC,Bar,Extra Hard,0.7986607551574707,0.7986607551574707,1,0.0,0.0,0.0,0.0,0.0,0.0,0.0,0.0,0.0,0.0,1.0,0.0,0.0,True,Qwen/Qwen3-Coder-30B-A3B-Instruct-FP8,None
1298@y_name@ASC,Bar,Medium,0.527452826499939,1.054905652999878,2,0.0,0.0,0.0,0.0,0.0,0.0,0.0,0.0,0.0,0.0,1.0,0.0,0.0,False,Qwen/Qwen3-Coder-30B-A3B-Instruct-FP8,None
1298@y_name@ASC,Bar,Medium,0.527452826499939,1.054905652999878,2,0.0,0.0,0.0,0.0,0.0,0.0,0.0,0.0,0.0,0.0,1.0,0.0,0.0,False,Qwen/Qwen3-Coder-30B-A3B-Instruct-FP8,None
1298@y_name@ASC,Bar,Medium,0.527452826499939,1.054905652999878,2,0.0,0.0,0.0,0.0,0.0,0.0,0.0,0.0,0.0,0.0,1.0,0.0,0.0,False,Qwen/Qwen3-Coder-30B-A3B-Instruct-FP8,None
1299@y_name@DESC,Bar,Medium,0.5657697916030884,1.1315395832061768,2,0.0,0.0,0.0,0.0,0.0,0.0,0.0,0.0,0.0,0.0,1.0,0.0,0.0,False,Qwen/Qwen3-Coder-30B-A3B-Instruct-FP8,None
1299@y_name@DESC,Bar,Medium,0.5657697916030884,1.1315395832061768,2,0.0,0.0,0.0,0.0,0.0,0.0,0.0,0.0,0.0,0.0,1.0,0.0,0.0,False,Qwen/Qwen3-Coder-30B-A3B-Instruct-FP8,None
1299@y_name@DESC,Bar,Medium,0.5657697916030884,1.1315395832061768,2,0.0,0.0,0.0,0.0,0.0,0.0,0.0,0.0,0.0,0.0,1.0,0.0,0.0,False,Qwen/Qwen3-Coder-30B-A3B-Instruct-FP8,None
1300@x_name@DESC,Line,Medium,0.5581703186035156,0.5581703186035156,1,0.0,0.0,0.0,0.0,1.0,0.0,0.0,0.0,0.0,1.0,0.0,,0.0,False,Qwen/Qwen3-Coder-30B-A3B-Instruct-FP8,None
1300@x_name@DESC,Line,Medium,0.5581703186035156,0.5581703186035156,1,0.0,0.0,0.0,0.0,1.0,0.0,0.0,0.0,0.0,1.0,0.0,,0.0,False,Qwen/Qwen3-Coder-30B-A3B-Instruct-FP8,None
1300@x_name@DESC,Line,Medium,0.5581703186035156,0.5581703186035156,1,0.0,0.0,0.0,0.0,1.0,0.0,0.0,0.0,0.0,1.0,0.0,,0.0,False,Qwen/Qwen3-Coder-30B-A3B-Instruct-FP8,None
769@x_name@DESC,Bar,Medium,0.37909817695617676,0.37909817695617676,1,0.0,0.0,0.0,0.0,0.0,0.0,0.0,0.0,0.0,0.0,1.0,0.0,0.0,False,Qwen/Qwen3-Coder-30B-A3B-Instruct-FP8,None
769@x_name@DESC,Bar,Medium,0.37909817695617676,0.37909817695617676,1,0.0,0.0,0.0,0.0,0.0,0.0,0.0,0.0,0.0,0.0,1.0,0.0,0.0,False,Qwen/Qwen3-Coder-30B-A3B-Instruct-FP8,None
769@x_name@DESC,Bar,Medium,0.37909817695617676,0.37909817695617676,1,0.0,0.0,0.0,0.0,0.0,0.0,0.0,0.0,0.0,0.0,1.0,0.0,0.0,False,Qwen/Qwen3-Coder-30B-A3B-Instruct-FP8,None
772@y_name@DESC,Bar,Medium,0.5116274356842041,1.0232548713684082,2,0.0,0.0,0.0,0.0,0.0,0.0,0.0,0.0,0.0,0.0,1.0,0.0,0.0,False,Qwen/Qwen3-Coder-30B-A3B-Instruct-FP8,None
772@y_name@DESC,Bar,Medium,0.5116274356842041,1.0232548713684082,2,0.0,0.0,0.0,0.0,0.0,0.0,0.0,0.0,0.0,0.0,1.0,0.0,0.0,False,Qwen/Qwen3-Coder-30B-A3B-Instruct-FP8,None
772@y_name@DESC,Bar,Medium,0.5116274356842041,1.0232548713684082,2,0.0,0.0,0.0,0.0,0.0,0.0,0.0,0.0,0.0,0.0,1.0,0.0,0.0,False,Qwen/Qwen3-Coder-30B-A3B-Instruct-FP8,None
773@x_name@DESC,Line,Medium,0.6084474325180054,1.2168948650360107,2,0.0,0.0,0.0,0.0,0.0,0.0,0.0,0.0,0.0,0.0,1.0,0.0,0.0,False,Qwen/Qwen3-Coder-30B-A3B-Instruct-FP8,None
773@x_name@DESC,Line,Medium,0.6084474325180054,1.2168948650360107,2,0.0,0.0,0.0,0.0,0.0,0.0,0.0,0.0,0.0,0.0,1.0,0.0,0.0,False,Qwen/Qwen3-Coder-30B-A3B-Instruct-FP8,None
773@x_name@DESC,Line,Medium,0.6084474325180054,1.2168948650360107,2,0.0,0.0,0.0,0.0,0.0,0.0,0.0,0.0,0.0,0.0,1.0,0.0,0.0,False,Qwen/Qwen3-Coder-30B-A3B-Instruct-FP8,None
780@y_name@DESC,Stacked Bar,Extra Hard,14.308669567108154,14.308669567108154,1,1.0,0.0,0.0,0.0,0.0,0.0,0.0,0.0,1.0,0.0,0.0,,0.0,False,Qwen/Qwen3-Coder-30B-A3B-Instruct-FP8,None
780@y_name@DESC,Stacked Bar,Extra Hard,14.308669567108154,14.308669567108154,1,1.0,0.0,0.0,0.0,0.0,0.0,0.0,0.0,1.0,0.0,0.0,,0.0,False,Qwen/Qwen3-Coder-30B-A3B-Instruct-FP8,None
780@y_name@DESC,Stacked Bar,Extra Hard,14.308669567108154,14.308669567108154,1,1.0,0.0,0.0,0.0,0.0,0.0,0.0,0.0,1.0,0.0,0.0,,0.0,False,Qwen/Qwen3-Coder-30B-A3B-Instruct-FP8,None
782@y_name@ASC,Bar,Medium,0.4033912817637126,2.4203476905822754,6,0.0,0.0,0.0,0.0,0.0,0.0,0.0,0.0,0.0,0.0,1.0,0.0,0.0,False,Qwen/Qwen3-Coder-30B-A3B-Instruct-FP8,None
782@y_name@ASC,Bar,Medium,0.4033912817637126,2.4203476905822754,6,0.0,0.0,0.0,0.0,0.0,0.0,0.0,0.0,0.0,0.0,1.0,0.0,0.0,False,Qwen/Qwen3-Coder-30B-A3B-Instruct-FP8,None
782@y_name@ASC,Bar,Medium,0.4033912817637126,2.4203476905822754,6,0.0,0.0,0.0,0.0,0.0,0.0,0.0,0.0,0.0,0.0,1.0,0.0,0.0,False,Qwen/Qwen3-Coder-30B-A3B-Instruct-FP8,None
783@y_name@DESC,Bar,Medium,0.4857022762298584,0.9714045524597168,2,0.0,0.0,0.0,0.0,0.0,0.0,0.0,0.0,0.0,0.0,1.0,0.0,0.0,False,Qwen/Qwen3-Coder-30B-A3B-Instruct-FP8,None
783@y_name@DESC,Bar,Medium,0.4857022762298584,0.9714045524597168,2,0.0,0.0,0.0,0.0,0.0,0.0,0.0,0.0,0.0,0.0,1.0,0.0,0.0,False,Qwen/Qwen3-Coder-30B-A3B-Instruct-FP8,None
783@y_name@DESC,Bar,Medium,0.4857022762298584,0.9714045524597168,2,0.0,0.0,0.0,0.0,0.0,0.0,0.0,0.0,0.0,0.0,1.0,0.0,0.0,False,Qwen/Qwen3-Coder-30B-A3B-Instruct-FP8,None
791@x_name@DESC,Bar,Medium,0.39684486389160156,0.39684486389160156,1,0.0,0.0,0.0,0.0,0.0,1.0,0.0,0.0,0.0,1.0,0.0,,0.0,False,Qwen/Qwen3-Coder-30B-A3B-Instruct-FP8,None
791@x_name@DESC,Bar,Medium,0.39684486389160156,0.39684486389160156,1,0.0,0.0,0.0,0.0,0.0,1.0,0.0,0.0,0.0,1.0,0.0,,0.0,False,Qwen/Qwen3-Coder-30B-A3B-Instruct-FP8,None
791@x_name@DESC,Bar,Medium,0.39684486389160156,0.39684486389160156,1,0.0,0.0,0.0,0.0,0.0,1.0,0.0,0.0,0.0,1.0,0.0,,0.0,False,Qwen/Qwen3-Coder-30B-A3B-Instruct-FP8,None
1122@y_name@ASC,Bar,Medium,0.4157976309458415,1.2473928928375244,3,0.0,0.0,0.0,0.0,0.0,0.0,0.0,0.0,0.0,0.0,1.0,0.0,0.0,False,Qwen/Qwen3-Coder-30B-A3B-Instruct-FP8,None
1122@y_name@ASC,Bar,Medium,0.4157976309458415,1.2473928928375244,3,0.0,0.0,0.0,0.0,0.0,0.0,0.0,0.0,0.0,0.0,1.0,0.0,0.0,False,Qwen/Qwen3-Coder-30B-A3B-Instruct-FP8,None
1122@y_name@ASC,Bar,Medium,0.4157976309458415,1.2473928928375244,3,0.0,0.0,0.0,0.0,0.0,0.0,0.0,0.0,0.0,0.0,1.0,0.0,0.0,False,Qwen/Qwen3-Coder-30B-A3B-Instruct-FP8,None
1137@y_name@DESC,Bar,Extra Hard,0.6848611831665039,0.6848611831665039,1,0.0,0.0,0.0,0.0,0.0,0.0,0.0,0.0,0.0,0.0,1.0,0.0,0.0,True,Qwen/Qwen3-Coder-30B-A3B-Instruct-FP8,None
1137@y_name@DESC,Bar,Extra Hard,0.6848611831665039,0.6848611831665039,1,0.0,0.0,0.0,0.0,0.0,0.0,0.0,0.0,0.0,0.0,1.0,0.0,0.0,True,Qwen/Qwen3-Coder-30B-A3B-Instruct-FP8,None
1137@y_name@DESC,Bar,Extra Hard,0.6848611831665039,0.6848611831665039,1,0.0,0.0,0.0,0.0,0.0,0.0,0.0,0.0,0.0,0.0,1.0,0.0,0.0,True,Qwen/Qwen3-Coder-30B-A3B-Instruct-FP8,None
1138@y_name@ASC,Bar,Extra Hard,0.6491069793701172,0.6491069793701172,1,0.0,0.0,0.0,0.0,0.0,0.0,0.0,0.0,0.0,0.0,1.0,0.0,0.0,True,Qwen/Qwen3-Coder-30B-A3B-Instruct-FP8,None
1138@y_name@ASC,Bar,Extra Hard,0.6491069793701172,0.6491069793701172,1,0.0,0.0,0.0,0.0,0.0,0.0,0.0,0.0,0.0,0.0,1.0,0.0,0.0,True,Qwen/Qwen3-Coder-30B-A3B-Instruct-FP8,None
1138@y_name@ASC,Bar,Extra Hard,0.6491069793701172,0.6491069793701172,1,0.0,0.0,0.0,0.0,0.0,0.0,0.0,0.0,0.0,0.0,1.0,0.0,0.0,True,Qwen/Qwen3-Coder-30B-A3B-Instruct-FP8,None
1139@y_name@ASC,Bar,Extra Hard,0.64359450340271,0.64359450340271,1,0.0,0.0,0.0,0.0,0.0,0.0,0.0,0.0,0.0,0.0,1.0,0.0,0.0,True,Qwen/Qwen3-Coder-30B-A3B-Instruct-FP8,None
1139@y_name@ASC,Bar,Extra Hard,0.64359450340271,0.64359450340271,1,0.0,0.0,0.0,0.0,0.0,0.0,0.0,0.0,0.0,0.0,1.0,0.0,0.0,True,Qwen/Qwen3-Coder-30B-A3B-Instruct-FP8,None
1139@y_name@ASC,Bar,Extra Hard,0.64359450340271,0.64359450340271,1,0.0,0.0,0.0,0.0,0.0,0.0,0.0,0.0,0.0,0.0,1.0,0.0,0.0,True,Qwen/Qwen3-Coder-30B-A3B-Instruct-FP8,None
1142@y_name@ASC,Bar,Hard,0.5425564050674438,1.0851128101348877,2,0.0,0.0,0.0,0.0,0.0,0.0,0.0,0.0,0.0,0.0,1.0,0.0,0.0,True,Qwen/Qwen3-Coder-30B-A3B-Instruct-FP8,None
1142@y_name@ASC,Bar,Hard,0.5425564050674438,1.0851128101348877,2,0.0,0.0,0.0,0.0,0.0,0.0,0.0,0.0,0.0,0.0,1.0,0.0,0.0,True,Qwen/Qwen3-Coder-30B-A3B-Instruct-FP8,None
1142@y_name@ASC,Bar,Hard,0.5425564050674438,1.0851128101348877,2,0.0,0.0,0.0,0.0,0.0,0.0,0.0,0.0,0.0,0.0,1.0,0.0,0.0,True,Qwen/Qwen3-Coder-30B-A3B-Instruct-FP8,None
997@x_name@DESC,Line,Hard,0.5407967567443848,0.5407967567443848,1,0.0,0.0,0.0,0.0,0.0,1.0,0.0,0.0,0.0,1.0,0.0,,0.0,True,Qwen/Qwen3-Coder-30B-A3B-Instruct-FP8,None
997@x_name@DESC,Line,Hard,0.5407967567443848,0.5407967567443848,1,0.0,0.0,0.0,0.0,0.0,1.0,0.0,0.0,0.0,1.0,0.0,,0.0,True,Qwen/Qwen3-Coder-30B-A3B-Instruct-FP8,None
997@x_name@DESC,Line,Hard,0.5407967567443848,0.5407967567443848,1,0.0,0.0,0.0,0.0,0.0,1.0,0.0,0.0,0.0,1.0,0.0,,0.0,True,Qwen/Qwen3-Coder-30B-A3B-Instruct-FP8,None
1000@y_name@DESC,Bar,Medium,0.37659446398417157,1.1297833919525146,3,0.0,0.0,0.0,0.0,0.0,0.0,0.0,0.0,0.0,0.0,1.0,0.0,0.0,False,Qwen/Qwen3-Coder-30B-A3B-Instruct-FP8,None
1000@y_name@DESC,Bar,Medium,0.37659446398417157,1.1297833919525146,3,0.0,0.0,0.0,0.0,0.0,0.0,0.0,0.0,0.0,0.0,1.0,0.0,0.0,False,Qwen/Qwen3-Coder-30B-A3B-Instruct-FP8,None
1000@y_name@DESC,Bar,Medium,0.37659446398417157,1.1297833919525146,3,0.0,0.0,0.0,0.0,0.0,0.0,0.0,0.0,0.0,0.0,1.0,0.0,0.0,False,Qwen/Qwen3-Coder-30B-A3B-Instruct-FP8,None
1006@y_name@ASC,Bar,Extra Hard,0.6003518104553223,0.6003518104553223,1,0.0,0.0,0.0,0.0,0.0,0.0,0.0,0.0,0.0,0.0,1.0,0.0,0.0,False,Qwen/Qwen3-Coder-30B-A3B-Instruct-FP8,None
1006@y_name@ASC,Bar,Extra Hard,0.6003518104553223,0.6003518104553223,1,0.0,0.0,0.0,0.0,0.0,0.0,0.0,0.0,0.0,0.0,1.0,0.0,0.0,False,Qwen/Qwen3-Coder-30B-A3B-Instruct-FP8,None
1006@y_name@ASC,Bar,Extra Hard,0.6003518104553223,0.6003518104553223,1,0.0,0.0,0.0,0.0,0.0,0.0,0.0,0.0,0.0,0.0,1.0,0.0,0.0,False,Qwen/Qwen3-Coder-30B-A3B-Instruct-FP8,None
1009@y_name@DESC,Bar,Extra Hard,0.5290672779083252,0.5290672779083252,1,0.0,0.0,0.0,0.0,0.0,0.0,0.0,0.0,0.0,0.0,1.0,0.0,0.0,False,Qwen/Qwen3-Coder-30B-A3B-Instruct-FP8,None
1009@y_name@DESC,Bar,Extra Hard,0.5290672779083252,0.5290672779083252,1,0.0,0.0,0.0,0.0,0.0,0.0,0.0,0.0,0.0,0.0,1.0,0.0,0.0,False,Qwen/Qwen3-Coder-30B-A3B-Instruct-FP8,None
1009@y_name@DESC,Bar,Extra Hard,0.5290672779083252,0.5290672779083252,1,0.0,0.0,0.0,0.0,0.0,0.0,0.0,0.0,0.0,0.0,1.0,0.0,0.0,False,Qwen/Qwen3-Coder-30B-A3B-Instruct-FP8,None
1010@x_name@DESC,Bar,Medium,0.5263271331787109,0.5263271331787109,1,0.0,0.0,0.0,0.0,0.0,1.0,0.0,0.0,0.0,1.0,0.0,,0.0,False,Qwen/Qwen3-Coder-30B-A3B-Instruct-FP8,None
1010@x_name@DESC,Bar,Medium,0.5263271331787109,0.5263271331787109,1,0.0,0.0,0.0,0.0,0.0,1.0,0.0,0.0,0.0,1.0,0.0,,0.0,False,Qwen/Qwen3-Coder-30B-A3B-Instruct-FP8,None
1010@x_name@DESC,Bar,Medium,0.5263271331787109,0.5263271331787109,1,0.0,0.0,0.0,0.0,0.0,1.0,0.0,0.0,0.0,1.0,0.0,,0.0,False,Qwen/Qwen3-Coder-30B-A3B-Instruct-FP8,None
1242@y_name@ASC,Bar,Hard,12.28558349609375,12.28558349609375,1,0.0,0.0,0.0,0.0,1.0,0.0,0.0,0.0,0.0,1.0,0.0,,0.0,False,Qwen/Qwen3-Coder-30B-A3B-Instruct-FP8,None
1242@y_name@ASC,Bar,Hard,12.28558349609375,12.28558349609375,1,0.0,0.0,0.0,0.0,1.0,0.0,0.0,0.0,0.0,1.0,0.0,,0.0,False,Qwen/Qwen3-Coder-30B-A3B-Instruct-FP8,None
1242@y_name@ASC,Bar,Hard,12.28558349609375,12.28558349609375,1,0.0,0.0,0.0,0.0,1.0,0.0,0.0,0.0,0.0,1.0,0.0,,0.0,False,Qwen/Qwen3-Coder-30B-A3B-Instruct-FP8,None
1245@x_name@ASC,Bar,Medium,0.4078843593597412,0.4078843593597412,1,0.0,0.0,0.0,0.0,0.0,0.0,0.0,0.0,0.0,0.0,1.0,0.0,0.0,False,Qwen/Qwen3-Coder-30B-A3B-Instruct-FP8,None
1245@x_name@ASC,Bar,Medium,0.4078843593597412,0.4078843593597412,1,0.0,0.0,0.0,0.0,0.0,0.0,0.0,0.0,0.0,0.0,1.0,0.0,0.0,False,Qwen/Qwen3-Coder-30B-A3B-Instruct-FP8,None
1245@x_name@ASC,Bar,Medium,0.4078843593597412,0.4078843593597412,1,0.0,0.0,0.0,0.0,0.0,0.0,0.0,0.0,0.0,0.0,1.0,0.0,0.0,False,Qwen/Qwen3-Coder-30B-A3B-Instruct-FP8,None
1247@x_name@ASC,Bar,Medium,0.4796711206436157,0.9593422412872314,2,0.0,0.0,0.0,0.0,0.0,0.0,0.0,0.0,0.0,0.0,1.0,0.0,0.0,False,Qwen/Qwen3-Coder-30B-A3B-Instruct-FP8,None
1247@x_name@ASC,Bar,Medium,0.4796711206436157,0.9593422412872314,2,0.0,0.0,0.0,0.0,0.0,0.0,0.0,0.0,0.0,0.0,1.0,0.0,0.0,False,Qwen/Qwen3-Coder-30B-A3B-Instruct-FP8,None
1247@x_name@ASC,Bar,Medium,0.4796711206436157,0.9593422412872314,2,0.0,0.0,0.0,0.0,0.0,0.0,0.0,0.0,0.0,0.0,1.0,0.0,0.0,False,Qwen/Qwen3-Coder-30B-A3B-Instruct-FP8,None
2704@y_name@DESC,Bar,Medium,0.35128283500671387,0.7025656700134277,2,0.0,0.0,0.0,0.0,0.0,0.0,0.0,0.0,0.0,0.0,1.0,0.0,0.0,False,Qwen/Qwen3-Coder-30B-A3B-Instruct-FP8,None
2704@y_name@DESC,Bar,Medium,0.35128283500671387,0.7025656700134277,2,0.0,0.0,0.0,0.0,0.0,0.0,0.0,0.0,0.0,0.0,1.0,0.0,0.0,False,Qwen/Qwen3-Coder-30B-A3B-Instruct-FP8,None
2704@y_name@DESC,Bar,Medium,0.35128283500671387,0.7025656700134277,2,0.0,0.0,0.0,0.0,0.0,0.0,0.0,0.0,0.0,0.0,1.0,0.0,0.0,False,Qwen/Qwen3-Coder-30B-A3B-Instruct-FP8,None
2706@y_name@DESC,Bar,Medium,0.36991190910339355,0.7398238182067871,2,0.0,0.0,0.0,0.0,0.0,0.0,0.0,0.0,0.0,0.0,1.0,0.0,0.0,False,Qwen/Qwen3-Coder-30B-A3B-Instruct-FP8,None
2706@y_name@DESC,Bar,Medium,0.36991190910339355,0.7398238182067871,2,0.0,0.0,0.0,0.0,0.0,0.0,0.0,0.0,0.0,0.0,1.0,0.0,0.0,False,Qwen/Qwen3-Coder-30B-A3B-Instruct-FP8,None
2706@y_name@DESC,Bar,Medium,0.36991190910339355,0.7398238182067871,2,0.0,0.0,0.0,0.0,0.0,0.0,0.0,0.0,0.0,0.0,1.0,0.0,0.0,False,Qwen/Qwen3-Coder-30B-A3B-Instruct-FP8,None
2683@x_name@ASC,Bar,Hard,0.5165073871612549,0.5165073871612549,1,0.0,0.0,0.0,0.0,0.0,0.0,0.0,0.0,0.0,0.0,1.0,0.0,0.0,True,Qwen/Qwen3-Coder-30B-A3B-Instruct-FP8,None
2683@x_name@ASC,Bar,Hard,0.5165073871612549,0.5165073871612549,1,0.0,0.0,0.0,0.0,0.0,0.0,0.0,0.0,0.0,0.0,1.0,0.0,0.0,True,Qwen/Qwen3-Coder-30B-A3B-Instruct-FP8,None
2683@x_name@ASC,Bar,Hard,0.5165073871612549,0.5165073871612549,1,0.0,0.0,0.0,0.0,0.0,0.0,0.0,0.0,0.0,0.0,1.0,0.0,0.0,True,Qwen/Qwen3-Coder-30B-A3B-Instruct-FP8,None
2051@x_name@ASC,Bar,Extra Hard,0.5454611778259277,0.5454611778259277,1,0.0,0.0,0.0,0.0,0.0,0.0,0.0,0.0,0.0,0.0,1.0,0.0,0.0,True,Qwen/Qwen3-Coder-30B-A3B-Instruct-FP8,None
2051@x_name@ASC,Bar,Extra Hard,0.5454611778259277,0.5454611778259277,1,0.0,0.0,0.0,0.0,0.0,0.0,0.0,0.0,0.0,0.0,1.0,0.0,0.0,True,Qwen/Qwen3-Coder-30B-A3B-Instruct-FP8,None
2051@x_name@ASC,Bar,Extra Hard,0.5454611778259277,0.5454611778259277,1,0.0,0.0,0.0,0.0,0.0,0.0,0.0,0.0,0.0,0.0,1.0,0.0,0.0,True,Qwen/Qwen3-Coder-30B-A3B-Instruct-FP8,None
2052@y_name@ASC,Bar,Extra Hard,0.607663631439209,0.607663631439209,1,0.0,0.0,0.0,0.0,0.0,0.0,0.0,0.0,0.0,0.0,1.0,0.0,0.0,True,Qwen/Qwen3-Coder-30B-A3B-Instruct-FP8,None
2052@y_name@ASC,Bar,Extra Hard,0.607663631439209,0.607663631439209,1,0.0,0.0,0.0,0.0,0.0,0.0,0.0,0.0,0.0,0.0,1.0,0.0,0.0,True,Qwen/Qwen3-Coder-30B-A3B-Instruct-FP8,None
2052@y_name@ASC,Bar,Extra Hard,0.607663631439209,0.607663631439209,1,0.0,0.0,0.0,0.0,0.0,0.0,0.0,0.0,0.0,0.0,1.0,0.0,0.0,True,Qwen/Qwen3-Coder-30B-A3B-Instruct-FP8,None
2053@x_name@ASC,Bar,Easy,0.28736384709676105,0.8620915412902832,3,0.0,0.0,0.0,0.0,0.0,0.0,0.0,0.0,0.0,0.0,1.0,0.0,0.0,False,Qwen/Qwen3-Coder-30B-A3B-Instruct-FP8,None
2053@x_name@ASC,Bar,Easy,0.28736384709676105,0.8620915412902832,3,0.0,0.0,0.0,0.0,0.0,0.0,0.0,0.0,0.0,0.0,1.0,0.0,0.0,False,Qwen/Qwen3-Coder-30B-A3B-Instruct-FP8,None
2053@x_name@ASC,Bar,Easy,0.28736384709676105,0.8620915412902832,3,0.0,0.0,0.0,0.0,0.0,0.0,0.0,0.0,0.0,0.0,1.0,0.0,0.0,False,Qwen/Qwen3-Coder-30B-A3B-Instruct-FP8,None
2060@y_name@DESC,Bar,Extra Hard,0.6967272758483887,1.3934545516967773,2,0.0,0.0,0.0,0.0,0.0,0.0,0.0,0.0,0.0,0.0,1.0,0.0,0.0,True,Qwen/Qwen3-Coder-30B-A3B-Instruct-FP8,None
2060@y_name@DESC,Bar,Extra Hard,0.6967272758483887,1.3934545516967773,2,0.0,0.0,0.0,0.0,0.0,0.0,0.0,0.0,0.0,0.0,1.0,0.0,0.0,True,Qwen/Qwen3-Coder-30B-A3B-Instruct-FP8,None
2060@y_name@DESC,Bar,Extra Hard,0.6967272758483887,1.3934545516967773,2,0.0,0.0,0.0,0.0,0.0,0.0,0.0,0.0,0.0,0.0,1.0,0.0,0.0,True,Qwen/Qwen3-Coder-30B-A3B-Instruct-FP8,None
2063@y_name@ASC,Bar,Hard,0.5189311504364014,0.5189311504364014,1,0.0,0.0,0.0,0.0,0.0,0.0,0.0,0.0,0.0,0.0,1.0,0.0,0.0,True,Qwen/Qwen3-Coder-30B-A3B-Instruct-FP8,None
2063@y_name@ASC,Bar,Hard,0.5189311504364014,0.5189311504364014,1,0.0,0.0,0.0,0.0,0.0,0.0,0.0,0.0,0.0,0.0,1.0,0.0,0.0,True,Qwen/Qwen3-Coder-30B-A3B-Instruct-FP8,None
2063@y_name@ASC,Bar,Hard,0.5189311504364014,0.5189311504364014,1,0.0,0.0,0.0,0.0,0.0,0.0,0.0,0.0,0.0,0.0,1.0,0.0,0.0,True,Qwen/Qwen3-Coder-30B-A3B-Instruct-FP8,None
1416@y_name@ASC,Bar,Medium,0.561007022857666,1.122014045715332,2,0.0,0.0,0.0,0.0,0.0,0.0,0.0,0.0,0.0,0.0,1.0,0.0,0.0,False,Qwen/Qwen3-Coder-30B-A3B-Instruct-FP8,None
1416@y_name@ASC,Bar,Medium,0.561007022857666,1.122014045715332,2,0.0,0.0,0.0,0.0,0.0,0.0,0.0,0.0,0.0,0.0,1.0,0.0,0.0,False,Qwen/Qwen3-Coder-30B-A3B-Instruct-FP8,None
1416@y_name@ASC,Bar,Medium,0.561007022857666,1.122014045715332,2,0.0,0.0,0.0,0.0,0.0,0.0,0.0,0.0,0.0,0.0,1.0,0.0,0.0,False,Qwen/Qwen3-Coder-30B-A3B-Instruct-FP8,None
1419@y_name@ASC,Bar,Extra Hard,0.5537000298500061,2.2148001194000244,4,0.0,0.0,0.0,0.0,0.0,0.0,0.0,0.0,0.0,0.0,1.0,0.0,0.0,False,Qwen/Qwen3-Coder-30B-A3B-Instruct-FP8,None
1419@y_name@ASC,Bar,Extra Hard,0.5537000298500061,2.2148001194000244,4,0.0,0.0,0.0,0.0,0.0,0.0,0.0,0.0,0.0,0.0,1.0,0.0,0.0,False,Qwen/Qwen3-Coder-30B-A3B-Instruct-FP8,None
1419@y_name@ASC,Bar,Extra Hard,0.5537000298500061,2.2148001194000244,4,0.0,0.0,0.0,0.0,0.0,0.0,0.0,0.0,0.0,0.0,1.0,0.0,0.0,False,Qwen/Qwen3-Coder-30B-A3B-Instruct-FP8,None
1380@y_name@ASC,Bar,Hard,0.533250093460083,0.533250093460083,1,0.0,0.0,0.0,0.0,0.0,0.0,0.0,0.0,0.0,0.0,1.0,0.0,0.0,True,Qwen/Qwen3-Coder-30B-A3B-Instruct-FP8,None
1380@y_name@ASC,Bar,Hard,0.533250093460083,0.533250093460083,1,0.0,0.0,0.0,0.0,0.0,0.0,0.0,0.0,0.0,0.0,1.0,0.0,0.0,True,Qwen/Qwen3-Coder-30B-A3B-Instruct-FP8,None
1380@y_name@ASC,Bar,Hard,0.533250093460083,0.533250093460083,1,0.0,0.0,0.0,0.0,0.0,0.0,0.0,0.0,0.0,0.0,1.0,0.0,0.0,True,Qwen/Qwen3-Coder-30B-A3B-Instruct-FP8,None
1382@y_name@ASC,Bar,Hard,0.48648905754089355,0.48648905754089355,1,0.0,0.0,0.0,0.0,0.0,0.0,0.0,0.0,0.0,0.0,1.0,0.0,0.0,True,Qwen/Qwen3-Coder-30B-A3B-Instruct-FP8,None
1382@y_name@ASC,Bar,Hard,0.48648905754089355,0.48648905754089355,1,0.0,0.0,0.0,0.0,0.0,0.0,0.0,0.0,0.0,0.0,1.0,0.0,0.0,True,Qwen/Qwen3-Coder-30B-A3B-Instruct-FP8,None
1382@y_name@ASC,Bar,Hard,0.48648905754089355,0.48648905754089355,1,0.0,0.0,0.0,0.0,0.0,0.0,0.0,0.0,0.0,0.0,1.0,0.0,0.0,True,Qwen/Qwen3-Coder-30B-A3B-Instruct-FP8,None
1085@y_name@DESC,Bar,Medium,0.34282636642456055,0.6856527328491211,2,0.0,0.0,0.0,0.0,0.0,0.0,0.0,0.0,0.0,0.0,1.0,0.0,0.0,False,Qwen/Qwen3-Coder-30B-A3B-Instruct-FP8,None
1085@y_name@DESC,Bar,Medium,0.34282636642456055,0.6856527328491211,2,0.0,0.0,0.0,0.0,0.0,0.0,0.0,0.0,0.0,0.0,1.0,0.0,0.0,False,Qwen/Qwen3-Coder-30B-A3B-Instruct-FP8,None
1085@y_name@DESC,Bar,Medium,0.34282636642456055,0.6856527328491211,2,0.0,0.0,0.0,0.0,0.0,0.0,0.0,0.0,0.0,0.0,1.0,0.0,0.0,False,Qwen/Qwen3-Coder-30B-A3B-Instruct-FP8,None
1087@y_name@DESC,Bar,Hard,0.5537681579589844,0.5537681579589844,1,0.0,0.0,0.0,0.0,0.0,0.0,0.0,0.0,0.0,0.0,1.0,0.0,0.0,True,Qwen/Qwen3-Coder-30B-A3B-Instruct-FP8,None
1087@y_name@DESC,Bar,Hard,0.5537681579589844,0.5537681579589844,1,0.0,0.0,0.0,0.0,0.0,0.0,0.0,0.0,0.0,0.0,1.0,0.0,0.0,True,Qwen/Qwen3-Coder-30B-A3B-Instruct-FP8,None
1087@y_name@DESC,Bar,Hard,0.5537681579589844,0.5537681579589844,1,0.0,0.0,0.0,0.0,0.0,0.0,0.0,0.0,0.0,0.0,1.0,0.0,0.0,True,Qwen/Qwen3-Coder-30B-A3B-Instruct-FP8,None
1091@y_name@ASC,Bar,Medium,0.33284521102905273,0.9985356330871582,3,0.0,0.0,0.0,0.0,0.0,0.0,0.0,0.0,0.0,0.0,1.0,0.0,0.0,False,Qwen/Qwen3-Coder-30B-A3B-Instruct-FP8,None
1091@y_name@ASC,Bar,Medium,0.33284521102905273,0.9985356330871582,3,0.0,0.0,0.0,0.0,0.0,0.0,0.0,0.0,0.0,0.0,1.0,0.0,0.0,False,Qwen/Qwen3-Coder-30B-A3B-Instruct-FP8,None
1091@y_name@ASC,Bar,Medium,0.33284521102905273,0.9985356330871582,3,0.0,0.0,0.0,0.0,0.0,0.0,0.0,0.0,0.0,0.0,1.0,0.0,0.0,False,Qwen/Qwen3-Coder-30B-A3B-Instruct-FP8,None
3038@x_name@DESC,Bar,Medium,0.3937346935272217,0.3937346935272217,1,0.0,0.0,0.0,0.0,0.0,1.0,0.0,0.0,0.0,1.0,0.0,,0.0,False,Qwen/Qwen3-Coder-30B-A3B-Instruct-FP8,None
3038@x_name@DESC,Bar,Medium,0.3937346935272217,0.3937346935272217,1,0.0,0.0,0.0,0.0,0.0,1.0,0.0,0.0,0.0,1.0,0.0,,0.0,False,Qwen/Qwen3-Coder-30B-A3B-Instruct-FP8,None
3038@x_name@DESC,Bar,Medium,0.3937346935272217,0.3937346935272217,1,0.0,0.0,0.0,0.0,0.0,1.0,0.0,0.0,0.0,1.0,0.0,,0.0,False,Qwen/Qwen3-Coder-30B-A3B-Instruct-FP8,None
3043@y_name@ASC,Bar,Medium,0.3251151243845622,0.9753453731536865,3,0.0,0.0,0.0,0.0,0.0,0.0,0.0,0.0,0.0,0.0,1.0,0.0,0.0,False,Qwen/Qwen3-Coder-30B-A3B-Instruct-FP8,None
3043@y_name@ASC,Bar,Medium,0.3251151243845622,0.9753453731536865,3,0.0,0.0,0.0,0.0,0.0,0.0,0.0,0.0,0.0,0.0,1.0,0.0,0.0,False,Qwen/Qwen3-Coder-30B-A3B-Instruct-FP8,None
3043@y_name@ASC,Bar,Medium,0.3251151243845622,0.9753453731536865,3,0.0,0.0,0.0,0.0,0.0,0.0,0.0,0.0,0.0,0.0,1.0,0.0,0.0,False,Qwen/Qwen3-Coder-30B-A3B-Instruct-FP8,None
3045@y_name@ASC,Bar,Medium,0.3959065278371175,1.1877195835113525,3,0.0,0.0,0.0,0.0,0.0,0.0,0.0,0.0,0.0,0.0,1.0,0.0,0.0,False,Qwen/Qwen3-Coder-30B-A3B-Instruct-FP8,None
3045@y_name@ASC,Bar,Medium,0.3959065278371175,1.1877195835113525,3,0.0,0.0,0.0,0.0,0.0,0.0,0.0,0.0,0.0,0.0,1.0,0.0,0.0,False,Qwen/Qwen3-Coder-30B-A3B-Instruct-FP8,None
3045@y_name@ASC,Bar,Medium,0.3959065278371175,1.1877195835113525,3,0.0,0.0,0.0,0.0,0.0,0.0,0.0,0.0,0.0,0.0,1.0,0.0,0.0,False,Qwen/Qwen3-Coder-30B-A3B-Instruct-FP8,None
3050@x_name@ASC,Bar,Medium,0.33322596549987793,0.33322596549987793,1,0.0,0.0,0.0,0.0,0.0,0.0,0.0,0.0,0.0,0.0,1.0,0.0,0.0,False,Qwen/Qwen3-Coder-30B-A3B-Instruct-FP8,None
3050@x_name@ASC,Bar,Medium,0.33322596549987793,0.33322596549987793,1,0.0,0.0,0.0,0.0,0.0,0.0,0.0,0.0,0.0,0.0,1.0,0.0,0.0,False,Qwen/Qwen3-Coder-30B-A3B-Instruct-FP8,None
3050@x_name@ASC,Bar,Medium,0.33322596549987793,0.33322596549987793,1,0.0,0.0,0.0,0.0,0.0,0.0,0.0,0.0,0.0,0.0,1.0,0.0,0.0,False,Qwen/Qwen3-Coder-30B-A3B-Instruct-FP8,None
3052@x_name@ASC,Bar,Medium,0.3701437711715698,0.7402875423431396,2,0.0,0.0,0.0,0.0,0.0,0.0,0.0,0.0,0.0,0.0,1.0,0.0,0.0,False,Qwen/Qwen3-Coder-30B-A3B-Instruct-FP8,None
3052@x_name@ASC,Bar,Medium,0.3701437711715698,0.7402875423431396,2,0.0,0.0,0.0,0.0,0.0,0.0,0.0,0.0,0.0,0.0,1.0,0.0,0.0,False,Qwen/Qwen3-Coder-30B-A3B-Instruct-FP8,None
3052@x_name@ASC,Bar,Medium,0.3701437711715698,0.7402875423431396,2,0.0,0.0,0.0,0.0,0.0,0.0,0.0,0.0,0.0,0.0,1.0,0.0,0.0,False,Qwen/Qwen3-Coder-30B-A3B-Instruct-FP8,None
3053@x_name@DESC,Bar,Medium,0.39257168769836426,0.39257168769836426,1,0.0,0.0,0.0,0.0,0.0,1.0,0.0,0.0,0.0,1.0,0.0,,0.0,False,Qwen/Qwen3-Coder-30B-A3B-Instruct-FP8,None
3053@x_name@DESC,Bar,Medium,0.39257168769836426,0.39257168769836426,1,0.0,0.0,0.0,0.0,0.0,1.0,0.0,0.0,0.0,1.0,0.0,,0.0,False,Qwen/Qwen3-Coder-30B-A3B-Instruct-FP8,None
3053@x_name@DESC,Bar,Medium,0.39257168769836426,0.39257168769836426,1,0.0,0.0,0.0,0.0,0.0,1.0,0.0,0.0,0.0,1.0,0.0,,0.0,False,Qwen/Qwen3-Coder-30B-A3B-Instruct-FP8,None
38@x_name@DESC,Bar,Hard,10.241755962371826,10.241755962371826,1,1.0,0.0,0.0,0.0,0.0,0.0,0.0,0.0,1.0,0.0,0.0,,0.0,True,Qwen/Qwen3-Coder-30B-A3B-Instruct-FP8,None
38@x_name@DESC,Bar,Hard,10.241755962371826,10.241755962371826,1,1.0,0.0,0.0,0.0,0.0,0.0,0.0,0.0,1.0,0.0,0.0,,0.0,True,Qwen/Qwen3-Coder-30B-A3B-Instruct-FP8,None
38@x_name@DESC,Bar,Hard,10.241755962371826,10.241755962371826,1,1.0,0.0,0.0,0.0,0.0,0.0,0.0,0.0,1.0,0.0,0.0,,0.0,True,Qwen/Qwen3-Coder-30B-A3B-Instruct-FP8,None
41@y_name@ASC,Bar,Hard,0.4824948310852051,0.4824948310852051,1,0.0,0.0,0.0,0.0,0.0,0.0,0.0,0.0,0.0,0.0,1.0,0.0,0.0,False,Qwen/Qwen3-Coder-30B-A3B-Instruct-FP8,None
41@y_name@ASC,Bar,Hard,0.4824948310852051,0.4824948310852051,1,0.0,0.0,0.0,0.0,0.0,0.0,0.0,0.0,0.0,0.0,1.0,0.0,0.0,False,Qwen/Qwen3-Coder-30B-A3B-Instruct-FP8,None
41@y_name@ASC,Bar,Hard,0.4824948310852051,0.4824948310852051,1,0.0,0.0,0.0,0.0,0.0,0.0,0.0,0.0,0.0,0.0,1.0,0.0,0.0,False,Qwen/Qwen3-Coder-30B-A3B-Instruct-FP8,None
42@y_name@ASC,Bar,Hard,0.4370911121368408,0.8741822242736816,2,0.0,0.0,0.0,0.0,0.0,0.0,0.0,0.0,0.0,0.0,1.0,0.0,0.0,False,Qwen/Qwen3-Coder-30B-A3B-Instruct-FP8,None
42@y_name@ASC,Bar,Hard,0.4370911121368408,0.8741822242736816,2,0.0,0.0,0.0,0.0,0.0,0.0,0.0,0.0,0.0,0.0,1.0,0.0,0.0,False,Qwen/Qwen3-Coder-30B-A3B-Instruct-FP8,None
42@y_name@ASC,Bar,Hard,0.4370911121368408,0.8741822242736816,2,0.0,0.0,0.0,0.0,0.0,0.0,0.0,0.0,0.0,0.0,1.0,0.0,0.0,False,Qwen/Qwen3-Coder-30B-A3B-Instruct-FP8,None
44@y_name@DESC,Bar,Hard,0.4627265930175781,0.4627265930175781,1,0.0,0.0,0.0,0.0,0.0,0.0,0.0,0.0,0.0,0.0,1.0,0.0,0.0,False,Qwen/Qwen3-Coder-30B-A3B-Instruct-FP8,None
44@y_name@DESC,Bar,Hard,0.4627265930175781,0.4627265930175781,1,0.0,0.0,0.0,0.0,0.0,0.0,0.0,0.0,0.0,0.0,1.0,0.0,0.0,False,Qwen/Qwen3-Coder-30B-A3B-Instruct-FP8,None
44@y_name@DESC,Bar,Hard,0.4627265930175781,0.4627265930175781,1,0.0,0.0,0.0,0.0,0.0,0.0,0.0,0.0,0.0,0.0,1.0,0.0,0.0,False,Qwen/Qwen3-Coder-30B-A3B-Instruct-FP8,None
47@y_name@DESC,Bar,Medium,6.51116410891215,19.53349232673645,3,0.6666666666666666,0.0,0.0,0.0,0.0,0.0,0.0,0.0,0.6666666666666666,0.0,0.3333333333333333,0.0,0.0,False,Qwen/Qwen3-Coder-30B-A3B-Instruct-FP8,None
47@y_name@DESC,Bar,Medium,6.51116410891215,19.53349232673645,3,0.6666666666666666,0.0,0.0,0.0,0.0,0.0,0.0,0.0,0.6666666666666666,0.0,0.3333333333333333,0.0,0.0,False,Qwen/Qwen3-Coder-30B-A3B-Instruct-FP8,None
47@y_name@DESC,Bar,Medium,6.51116410891215,19.53349232673645,3,0.6666666666666666,0.0,0.0,0.0,0.0,0.0,0.0,0.0,0.6666666666666666,0.0,0.3333333333333333,0.0,0.0,False,Qwen/Qwen3-Coder-30B-A3B-Instruct-FP8,None
49@y_name@ASC,Bar,Extra Hard,0.8065022230148315,1.613004446029663,2,0.0,0.0,0.0,0.0,0.0,0.0,0.0,0.0,0.0,0.0,1.0,0.0,0.0,True,Qwen/Qwen3-Coder-30B-A3B-Instruct-FP8,None
49@y_name@ASC,Bar,Extra Hard,0.8065022230148315,1.613004446029663,2,0.0,0.0,0.0,0.0,0.0,0.0,0.0,0.0,0.0,0.0,1.0,0.0,0.0,True,Qwen/Qwen3-Coder-30B-A3B-Instruct-FP8,None
49@y_name@ASC,Bar,Extra Hard,0.8065022230148315,1.613004446029663,2,0.0,0.0,0.0,0.0,0.0,0.0,0.0,0.0,0.0,0.0,1.0,0.0,0.0,True,Qwen/Qwen3-Coder-30B-A3B-Instruct-FP8,None
53@x_name@ASC,Bar,Extra Hard,0.5750465393066406,0.5750465393066406,1,0.0,0.0,0.0,0.0,1.0,0.0,0.0,0.0,0.0,1.0,0.0,,0.0,False,Qwen/Qwen3-Coder-30B-A3B-Instruct-FP8,None
53@x_name@ASC,Bar,Extra Hard,0.5750465393066406,0.5750465393066406,1,0.0,0.0,0.0,0.0,1.0,0.0,0.0,0.0,0.0,1.0,0.0,,0.0,False,Qwen/Qwen3-Coder-30B-A3B-Instruct-FP8,None
53@x_name@ASC,Bar,Extra Hard,0.5750465393066406,0.5750465393066406,1,0.0,0.0,0.0,0.0,1.0,0.0,0.0,0.0,0.0,1.0,0.0,,0.0,False,Qwen/Qwen3-Coder-30B-A3B-Instruct-FP8,None
56@y_name@ASC,Bar,Extra Hard,0.6797056198120117,0.6797056198120117,1,0.0,0.0,0.0,0.0,0.0,1.0,0.0,0.0,0.0,1.0,0.0,,0.0,True,Qwen/Qwen3-Coder-30B-A3B-Instruct-FP8,None
56@y_name@ASC,Bar,Extra Hard,0.6797056198120117,0.6797056198120117,1,0.0,0.0,0.0,0.0,0.0,1.0,0.0,0.0,0.0,1.0,0.0,,0.0,True,Qwen/Qwen3-Coder-30B-A3B-Instruct-FP8,None
56@y_name@ASC,Bar,Extra Hard,0.6797056198120117,0.6797056198120117,1,0.0,0.0,0.0,0.0,0.0,1.0,0.0,0.0,0.0,1.0,0.0,,0.0,True,Qwen/Qwen3-Coder-30B-A3B-Instruct-FP8,None
58@y_name@ASC,Bar,Medium,0.9677793979644775,5.806676387786865,6,0.0,0.0,0.0,0.0,0.0,0.0,0.0,0.0,0.0,0.0,1.0,0.0,0.0,False,Qwen/Qwen3-Coder-30B-A3B-Instruct-FP8,None
58@y_name@ASC,Bar,Medium,0.9677793979644775,5.806676387786865,6,0.0,0.0,0.0,0.0,0.0,0.0,0.0,0.0,0.0,0.0,1.0,0.0,0.0,False,Qwen/Qwen3-Coder-30B-A3B-Instruct-FP8,None
58@y_name@ASC,Bar,Medium,0.9677793979644775,5.806676387786865,6,0.0,0.0,0.0,0.0,0.0,0.0,0.0,0.0,0.0,0.0,1.0,0.0,0.0,False,Qwen/Qwen3-Coder-30B-A3B-Instruct-FP8,None
59@y_name@ASC,Bar,Medium,0.3925605773925781,1.9628028869628906,5,0.0,0.0,0.0,0.0,0.0,0.0,0.0,0.0,0.0,0.0,1.0,0.0,0.0,False,Qwen/Qwen3-Coder-30B-A3B-Instruct-FP8,None
59@y_name@ASC,Bar,Medium,0.3925605773925781,1.9628028869628906,5,0.0,0.0,0.0,0.0,0.0,0.0,0.0,0.0,0.0,0.0,1.0,0.0,0.0,False,Qwen/Qwen3-Coder-30B-A3B-Instruct-FP8,None
59@y_name@ASC,Bar,Medium,0.3925605773925781,1.9628028869628906,5,0.0,0.0,0.0,0.0,0.0,0.0,0.0,0.0,0.0,0.0,1.0,0.0,0.0,False,Qwen/Qwen3-Coder-30B-A3B-Instruct-FP8,None
61@y_name@ASC,Bar,Medium,5.874944448471069,23.499777793884277,4,0.25,0.0,0.0,0.0,0.0,0.0,0.0,0.0,0.25,0.0,0.75,0.0,0.0,False,Qwen/Qwen3-Coder-30B-A3B-Instruct-FP8,None
61@y_name@ASC,Bar,Medium,5.874944448471069,23.499777793884277,4,0.25,0.0,0.0,0.0,0.0,0.0,0.0,0.0,0.25,0.0,0.75,0.0,0.0,False,Qwen/Qwen3-Coder-30B-A3B-Instruct-FP8,None
61@y_name@ASC,Bar,Medium,5.874944448471069,23.499777793884277,4,0.25,0.0,0.0,0.0,0.0,0.0,0.0,0.0,0.25,0.0,0.75,0.0,0.0,False,Qwen/Qwen3-Coder-30B-A3B-Instruct-FP8,None
1324@y_name@ASC,Bar,Medium,0.34846818447113037,0.6969363689422607,2,0.0,0.0,0.0,0.0,0.0,0.0,0.0,0.0,0.0,0.0,1.0,0.0,0.0,False,Qwen/Qwen3-Coder-30B-A3B-Instruct-FP8,None
1324@y_name@ASC,Bar,Medium,0.34846818447113037,0.6969363689422607,2,0.0,0.0,0.0,0.0,0.0,0.0,0.0,0.0,0.0,0.0,1.0,0.0,0.0,False,Qwen/Qwen3-Coder-30B-A3B-Instruct-FP8,None
1324@y_name@ASC,Bar,Medium,0.34846818447113037,0.6969363689422607,2,0.0,0.0,0.0,0.0,0.0,0.0,0.0,0.0,0.0,0.0,1.0,0.0,0.0,False,Qwen/Qwen3-Coder-30B-A3B-Instruct-FP8,None
1328@x_name@ASC,Bar,Medium,0.33121466636657715,0.33121466636657715,1,0.0,0.0,0.0,0.0,0.0,0.0,0.0,0.0,0.0,0.0,1.0,0.0,0.0,False,Qwen/Qwen3-Coder-30B-A3B-Instruct-FP8,None
1328@x_name@ASC,Bar,Medium,0.33121466636657715,0.33121466636657715,1,0.0,0.0,0.0,0.0,0.0,0.0,0.0,0.0,0.0,0.0,1.0,0.0,0.0,False,Qwen/Qwen3-Coder-30B-A3B-Instruct-FP8,None
1328@x_name@ASC,Bar,Medium,0.33121466636657715,0.33121466636657715,1,0.0,0.0,0.0,0.0,0.0,0.0,0.0,0.0,0.0,0.0,1.0,0.0,0.0,False,Qwen/Qwen3-Coder-30B-A3B-Instruct-FP8,None
483@x_name@ASC,Bar,Medium,0.38192784786224365,0.7638556957244873,2,0.0,0.0,0.0,0.0,0.0,0.5,0.0,0.0,0.0,0.5,0.5,0.0,0.0,False,Qwen/Qwen3-Coder-30B-A3B-Instruct-FP8,None
483@x_name@ASC,Bar,Medium,0.38192784786224365,0.7638556957244873,2,0.0,0.0,0.0,0.0,0.0,0.5,0.0,0.0,0.0,0.5,0.5,0.0,0.0,False,Qwen/Qwen3-Coder-30B-A3B-Instruct-FP8,None
483@x_name@ASC,Bar,Medium,0.38192784786224365,0.7638556957244873,2,0.0,0.0,0.0,0.0,0.0,0.5,0.0,0.0,0.0,0.5,0.5,0.0,0.0,False,Qwen/Qwen3-Coder-30B-A3B-Instruct-FP8,None
1015@y_name@DESC,Bar,Medium,0.4186828136444092,0.8373656272888184,2,0.0,0.0,0.0,0.0,0.0,0.0,0.0,0.0,0.0,0.0,1.0,0.0,0.0,False,Qwen/Qwen3-Coder-30B-A3B-Instruct-FP8,None
1015@y_name@DESC,Bar,Medium,0.4186828136444092,0.8373656272888184,2,0.0,0.0,0.0,0.0,0.0,0.0,0.0,0.0,0.0,0.0,1.0,0.0,0.0,False,Qwen/Qwen3-Coder-30B-A3B-Instruct-FP8,None
1015@y_name@DESC,Bar,Medium,0.4186828136444092,0.8373656272888184,2,0.0,0.0,0.0,0.0,0.0,0.0,0.0,0.0,0.0,0.0,1.0,0.0,0.0,False,Qwen/Qwen3-Coder-30B-A3B-Instruct-FP8,None
1017@y_name@ASC,Bar,Hard,0.482224702835083,0.482224702835083,1,0.0,0.0,0.0,0.0,0.0,0.0,0.0,0.0,0.0,0.0,1.0,0.0,0.0,True,Qwen/Qwen3-Coder-30B-A3B-Instruct-FP8,None
1017@y_name@ASC,Bar,Hard,0.482224702835083,0.482224702835083,1,0.0,0.0,0.0,0.0,0.0,0.0,0.0,0.0,0.0,0.0,1.0,0.0,0.0,True,Qwen/Qwen3-Coder-30B-A3B-Instruct-FP8,None
1017@y_name@ASC,Bar,Hard,0.482224702835083,0.482224702835083,1,0.0,0.0,0.0,0.0,0.0,0.0,0.0,0.0,0.0,0.0,1.0,0.0,0.0,True,Qwen/Qwen3-Coder-30B-A3B-Instruct-FP8,None
1019@x_name@DESC,Bar,Hard,0.6019864082336426,0.6019864082336426,1,0.0,0.0,0.0,0.0,0.0,1.0,0.0,0.0,0.0,1.0,0.0,,0.0,True,Qwen/Qwen3-Coder-30B-A3B-Instruct-FP8,None
1019@x_name@DESC,Bar,Hard,0.6019864082336426,0.6019864082336426,1,0.0,0.0,0.0,0.0,0.0,1.0,0.0,0.0,0.0,1.0,0.0,,0.0,True,Qwen/Qwen3-Coder-30B-A3B-Instruct-FP8,None
1019@x_name@DESC,Bar,Hard,0.6019864082336426,0.6019864082336426,1,0.0,0.0,0.0,0.0,0.0,1.0,0.0,0.0,0.0,1.0,0.0,,0.0,True,Qwen/Qwen3-Coder-30B-A3B-Instruct-FP8,None
1022@y_name@ASC,Bar,Medium,0.48398423194885254,0.9679684638977051,2,0.0,0.0,0.0,0.0,0.0,0.0,0.0,0.0,0.0,0.0,1.0,0.0,0.0,False,Qwen/Qwen3-Coder-30B-A3B-Instruct-FP8,None
1022@y_name@ASC,Bar,Medium,0.48398423194885254,0.9679684638977051,2,0.0,0.0,0.0,0.0,0.0,0.0,0.0,0.0,0.0,0.0,1.0,0.0,0.0,False,Qwen/Qwen3-Coder-30B-A3B-Instruct-FP8,None
1022@y_name@ASC,Bar,Medium,0.48398423194885254,0.9679684638977051,2,0.0,0.0,0.0,0.0,0.0,0.0,0.0,0.0,0.0,0.0,1.0,0.0,0.0,False,Qwen/Qwen3-Coder-30B-A3B-Instruct-FP8,None
2594@y_name@DESC,Bar,Medium,0.3767971197764079,2.2607827186584473,6,0.0,0.0,0.0,0.0,0.0,0.0,0.0,0.0,0.0,0.0,1.0,0.0,0.0,False,Qwen/Qwen3-Coder-30B-A3B-Instruct-FP8,None
2594@y_name@DESC,Bar,Medium,0.3767971197764079,2.2607827186584473,6,0.0,0.0,0.0,0.0,0.0,0.0,0.0,0.0,0.0,0.0,1.0,0.0,0.0,False,Qwen/Qwen3-Coder-30B-A3B-Instruct-FP8,None
2594@y_name@DESC,Bar,Medium,0.3767971197764079,2.2607827186584473,6,0.0,0.0,0.0,0.0,0.0,0.0,0.0,0.0,0.0,0.0,1.0,0.0,0.0,False,Qwen/Qwen3-Coder-30B-A3B-Instruct-FP8,None
909@y_name@ASC,Bar,Medium,0.395011305809021,1.580045223236084,4,0.0,0.0,0.0,0.0,0.0,0.0,0.0,0.0,0.0,0.0,1.0,0.0,0.0,False,Qwen/Qwen3-Coder-30B-A3B-Instruct-FP8,None
909@y_name@ASC,Bar,Medium,0.395011305809021,1.580045223236084,4,0.0,0.0,0.0,0.0,0.0,0.0,0.0,0.0,0.0,0.0,1.0,0.0,0.0,False,Qwen/Qwen3-Coder-30B-A3B-Instruct-FP8,None
909@y_name@ASC,Bar,Medium,0.395011305809021,1.580045223236084,4,0.0,0.0,0.0,0.0,0.0,0.0,0.0,0.0,0.0,0.0,1.0,0.0,0.0,False,Qwen/Qwen3-Coder-30B-A3B-Instruct-FP8,None
911@y_name@DESC,Bar,Hard,0.5455977121988932,1.6367931365966797,3,0.0,0.0,0.0,0.0,0.0,0.0,0.0,0.0,0.0,0.0,1.0,0.0,0.0,True,Qwen/Qwen3-Coder-30B-A3B-Instruct-FP8,None
911@y_name@DESC,Bar,Hard,0.5455977121988932,1.6367931365966797,3,0.0,0.0,0.0,0.0,0.0,0.0,0.0,0.0,0.0,0.0,1.0,0.0,0.0,True,Qwen/Qwen3-Coder-30B-A3B-Instruct-FP8,None
911@y_name@DESC,Bar,Hard,0.5455977121988932,1.6367931365966797,3,0.0,0.0,0.0,0.0,0.0,0.0,0.0,0.0,0.0,0.0,1.0,0.0,0.0,True,Qwen/Qwen3-Coder-30B-A3B-Instruct-FP8,None
690@y_name@DESC,Bar,Medium,0.3445754528045654,1.7228772640228271,5,0.0,0.0,0.0,0.0,0.0,0.0,0.0,0.0,0.0,0.0,1.0,0.0,0.0,False,Qwen/Qwen3-Coder-30B-A3B-Instruct-FP8,None
690@y_name@DESC,Bar,Medium,0.3445754528045654,1.7228772640228271,5,0.0,0.0,0.0,0.0,0.0,0.0,0.0,0.0,0.0,0.0,1.0,0.0,0.0,False,Qwen/Qwen3-Coder-30B-A3B-Instruct-FP8,None
690@y_name@DESC,Bar,Medium,0.3445754528045654,1.7228772640228271,5,0.0,0.0,0.0,0.0,0.0,0.0,0.0,0.0,0.0,0.0,1.0,0.0,0.0,False,Qwen/Qwen3-Coder-30B-A3B-Instruct-FP8,None
692@x_name@ASC,Bar,Extra Hard,0.7481753826141357,0.7481753826141357,1,0.0,0.0,0.0,0.0,0.0,1.0,0.0,0.0,0.0,1.0,0.0,,0.0,True,Qwen/Qwen3-Coder-30B-A3B-Instruct-FP8,None
692@x_name@ASC,Bar,Extra Hard,0.7481753826141357,0.7481753826141357,1,0.0,0.0,0.0,0.0,0.0,1.0,0.0,0.0,0.0,1.0,0.0,,0.0,True,Qwen/Qwen3-Coder-30B-A3B-Instruct-FP8,None
692@x_name@ASC,Bar,Extra Hard,0.7481753826141357,0.7481753826141357,1,0.0,0.0,0.0,0.0,0.0,1.0,0.0,0.0,0.0,1.0,0.0,,0.0,True,Qwen/Qwen3-Coder-30B-A3B-Instruct-FP8,None
700@x_name@DESC,Bar,Hard,0.541057825088501,1.623173475265503,3,0.0,0.0,0.0,0.0,0.0,0.3333333333333333,0.0,0.0,0.0,0.3333333333333333,0.6666666666666666,0.0,0.0,True,Qwen/Qwen3-Coder-30B-A3B-Instruct-FP8,None
700@x_name@DESC,Bar,Hard,0.541057825088501,1.623173475265503,3,0.0,0.0,0.0,0.0,0.0,0.3333333333333333,0.0,0.0,0.0,0.3333333333333333,0.6666666666666666,0.0,0.0,True,Qwen/Qwen3-Coder-30B-A3B-Instruct-FP8,None
700@x_name@DESC,Bar,Hard,0.541057825088501,1.623173475265503,3,0.0,0.0,0.0,0.0,0.0,0.3333333333333333,0.0,0.0,0.0,0.3333333333333333,0.6666666666666666,0.0,0.0,True,Qwen/Qwen3-Coder-30B-A3B-Instruct-FP8,None
816@y_name@DESC,Bar,Hard,0.5155539512634277,0.5155539512634277,1,0.0,0.0,0.0,0.0,0.0,0.0,0.0,0.0,0.0,0.0,1.0,0.0,0.0,True,Qwen/Qwen3-Coder-30B-A3B-Instruct-FP8,None
816@y_name@DESC,Bar,Hard,0.5155539512634277,0.5155539512634277,1,0.0,0.0,0.0,0.0,0.0,0.0,0.0,0.0,0.0,0.0,1.0,0.0,0.0,True,Qwen/Qwen3-Coder-30B-A3B-Instruct-FP8,None
816@y_name@DESC,Bar,Hard,0.5155539512634277,0.5155539512634277,1,0.0,0.0,0.0,0.0,0.0,0.0,0.0,0.0,0.0,0.0,1.0,0.0,0.0,True,Qwen/Qwen3-Coder-30B-A3B-Instruct-FP8,None
827@y_name@ASC,Bar,Medium,0.39247469902038573,1.9623734951019287,5,0.0,0.0,0.0,0.0,0.0,0.0,0.0,0.0,0.0,0.0,1.0,0.0,0.0,False,Qwen/Qwen3-Coder-30B-A3B-Instruct-FP8,None
827@y_name@ASC,Bar,Medium,0.39247469902038573,1.9623734951019287,5,0.0,0.0,0.0,0.0,0.0,0.0,0.0,0.0,0.0,0.0,1.0,0.0,0.0,False,Qwen/Qwen3-Coder-30B-A3B-Instruct-FP8,None
827@y_name@ASC,Bar,Medium,0.39247469902038573,1.9623734951019287,5,0.0,0.0,0.0,0.0,0.0,0.0,0.0,0.0,0.0,0.0,1.0,0.0,0.0,False,Qwen/Qwen3-Coder-30B-A3B-Instruct-FP8,None
829@x_name@ASC,Bar,Medium,0.4674733479817708,1.4024200439453125,3,0.0,0.0,0.0,0.0,0.0,0.0,0.0,0.0,0.0,0.0,1.0,0.0,0.0,False,Qwen/Qwen3-Coder-30B-A3B-Instruct-FP8,None
829@x_name@ASC,Bar,Medium,0.4674733479817708,1.4024200439453125,3,0.0,0.0,0.0,0.0,0.0,0.0,0.0,0.0,0.0,0.0,1.0,0.0,0.0,False,Qwen/Qwen3-Coder-30B-A3B-Instruct-FP8,None
829@x_name@ASC,Bar,Medium,0.4674733479817708,1.4024200439453125,3,0.0,0.0,0.0,0.0,0.0,0.0,0.0,0.0,0.0,0.0,1.0,0.0,0.0,False,Qwen/Qwen3-Coder-30B-A3B-Instruct-FP8,None
833@y_name@DESC,Bar,Hard,0.648154616355896,1.296309232711792,2,0.0,0.0,0.0,0.0,0.0,0.0,0.0,0.0,0.0,0.0,1.0,0.0,0.0,True,Qwen/Qwen3-Coder-30B-A3B-Instruct-FP8,None
833@y_name@DESC,Bar,Hard,0.648154616355896,1.296309232711792,2,0.0,0.0,0.0,0.0,0.0,0.0,0.0,0.0,0.0,0.0,1.0,0.0,0.0,True,Qwen/Qwen3-Coder-30B-A3B-Instruct-FP8,None
833@y_name@DESC,Bar,Hard,0.648154616355896,1.296309232711792,2,0.0,0.0,0.0,0.0,0.0,0.0,0.0,0.0,0.0,0.0,1.0,0.0,0.0,True,Qwen/Qwen3-Coder-30B-A3B-Instruct-FP8,None
847@y_name@DESC,Bar,Hard,0.45067036151885986,0.9013407230377197,2,0.0,0.0,0.0,0.0,0.0,0.0,0.0,0.0,0.0,0.0,1.0,0.0,0.0,True,Qwen/Qwen3-Coder-30B-A3B-Instruct-FP8,None
847@y_name@DESC,Bar,Hard,0.45067036151885986,0.9013407230377197,2,0.0,0.0,0.0,0.0,0.0,0.0,0.0,0.0,0.0,0.0,1.0,0.0,0.0,True,Qwen/Qwen3-Coder-30B-A3B-Instruct-FP8,None
847@y_name@DESC,Bar,Hard,0.45067036151885986,0.9013407230377197,2,0.0,0.0,0.0,0.0,0.0,0.0,0.0,0.0,0.0,0.0,1.0,0.0,0.0,True,Qwen/Qwen3-Coder-30B-A3B-Instruct-FP8,None
851@y_name@DESC,Stacked Bar,Extra Hard,12.214703798294067,24.429407596588135,2,0.5,0.5,0.0,0.0,0.0,0.0,0.0,0.0,1.0,0.0,0.0,,0.0,True,Qwen/Qwen3-Coder-30B-A3B-Instruct-FP8,None
851@y_name@DESC,Stacked Bar,Extra Hard,12.214703798294067,24.429407596588135,2,0.5,0.5,0.0,0.0,0.0,0.0,0.0,0.0,1.0,0.0,0.0,,0.0,True,Qwen/Qwen3-Coder-30B-A3B-Instruct-FP8,None
851@y_name@DESC,Stacked Bar,Extra Hard,12.214703798294067,24.429407596588135,2,0.5,0.5,0.0,0.0,0.0,0.0,0.0,0.0,1.0,0.0,0.0,,0.0,True,Qwen/Qwen3-Coder-30B-A3B-Instruct-FP8,None
853@y_name@DESC,Bar,Extra Hard,0.7153983116149902,0.7153983116149902,1,0.0,0.0,0.0,0.0,0.0,0.0,0.0,0.0,0.0,0.0,1.0,0.0,0.0,True,Qwen/Qwen3-Coder-30B-A3B-Instruct-FP8,None
853@y_name@DESC,Bar,Extra Hard,0.7153983116149902,0.7153983116149902,1,0.0,0.0,0.0,0.0,0.0,0.0,0.0,0.0,0.0,0.0,1.0,0.0,0.0,True,Qwen/Qwen3-Coder-30B-A3B-Instruct-FP8,None
853@y_name@DESC,Bar,Extra Hard,0.7153983116149902,0.7153983116149902,1,0.0,0.0,0.0,0.0,0.0,0.0,0.0,0.0,0.0,0.0,1.0,0.0,0.0,True,Qwen/Qwen3-Coder-30B-A3B-Instruct-FP8,None
1987@x_name@ASC,Bar,Medium,0.49158263206481934,0.49158263206481934,1,0.0,0.0,0.0,0.0,0.0,0.0,0.0,0.0,0.0,0.0,1.0,0.0,0.0,False,Qwen/Qwen3-Coder-30B-A3B-Instruct-FP8,None
1987@x_name@ASC,Bar,Medium,0.49158263206481934,0.49158263206481934,1,0.0,0.0,0.0,0.0,0.0,0.0,0.0,0.0,0.0,0.0,1.0,0.0,0.0,False,Qwen/Qwen3-Coder-30B-A3B-Instruct-FP8,None
1987@x_name@ASC,Bar,Medium,0.49158263206481934,0.49158263206481934,1,0.0,0.0,0.0,0.0,0.0,0.0,0.0,0.0,0.0,0.0,1.0,0.0,0.0,False,Qwen/Qwen3-Coder-30B-A3B-Instruct-FP8,None
1991@y_name@DESC,Bar,Hard,6.069394826889038,12.138789653778076,2,0.5,0.0,0.0,0.0,0.0,0.0,0.0,0.0,0.5,0.0,0.5,0.0,0.0,False,Qwen/Qwen3-Coder-30B-A3B-Instruct-FP8,None
1991@y_name@DESC,Bar,Hard,6.069394826889038,12.138789653778076,2,0.5,0.0,0.0,0.0,0.0,0.0,0.0,0.0,0.5,0.0,0.5,0.0,0.0,False,Qwen/Qwen3-Coder-30B-A3B-Instruct-FP8,None
1991@y_name@DESC,Bar,Hard,6.069394826889038,12.138789653778076,2,0.5,0.0,0.0,0.0,0.0,0.0,0.0,0.0,0.5,0.0,0.5,0.0,0.0,False,Qwen/Qwen3-Coder-30B-A3B-Instruct-FP8,None
2010@x_name@DESC,Bar,Medium,0.437503457069397,0.875006914138794,2,0.0,0.0,0.0,0.0,0.0,0.5,0.0,0.0,0.0,0.5,0.5,0.0,0.0,False,Qwen/Qwen3-Coder-30B-A3B-Instruct-FP8,None
2010@x_name@DESC,Bar,Medium,0.437503457069397,0.875006914138794,2,0.0,0.0,0.0,0.0,0.0,0.5,0.0,0.0,0.0,0.5,0.5,0.0,0.0,False,Qwen/Qwen3-Coder-30B-A3B-Instruct-FP8,None
2010@x_name@DESC,Bar,Medium,0.437503457069397,0.875006914138794,2,0.0,0.0,0.0,0.0,0.0,0.5,0.0,0.0,0.0,0.5,0.5,0.0,0.0,False,Qwen/Qwen3-Coder-30B-A3B-Instruct-FP8,None
2024@y_name@DESC,Bar,Hard,0.6300663948059082,1.2601327896118164,2,0.0,0.0,0.0,0.0,0.0,0.0,0.0,0.0,0.0,0.0,1.0,0.0,0.0,False,Qwen/Qwen3-Coder-30B-A3B-Instruct-FP8,None
2024@y_name@DESC,Bar,Hard,0.6300663948059082,1.2601327896118164,2,0.0,0.0,0.0,0.0,0.0,0.0,0.0,0.0,0.0,0.0,1.0,0.0,0.0,False,Qwen/Qwen3-Coder-30B-A3B-Instruct-FP8,None
2024@y_name@DESC,Bar,Hard,0.6300663948059082,1.2601327896118164,2,0.0,0.0,0.0,0.0,0.0,0.0,0.0,0.0,0.0,0.0,1.0,0.0,0.0,False,Qwen/Qwen3-Coder-30B-A3B-Instruct-FP8,None
2028@y_name@DESC,Bar,Hard,0.6531376838684082,0.6531376838684082,1,0.0,0.0,0.0,0.0,0.0,0.0,0.0,0.0,0.0,0.0,1.0,0.0,0.0,False,Qwen/Qwen3-Coder-30B-A3B-Instruct-FP8,None
2028@y_name@DESC,Bar,Hard,0.6531376838684082,0.6531376838684082,1,0.0,0.0,0.0,0.0,0.0,0.0,0.0,0.0,0.0,0.0,1.0,0.0,0.0,False,Qwen/Qwen3-Coder-30B-A3B-Instruct-FP8,None
2028@y_name@DESC,Bar,Hard,0.6531376838684082,0.6531376838684082,1,0.0,0.0,0.0,0.0,0.0,0.0,0.0,0.0,0.0,0.0,1.0,0.0,0.0,False,Qwen/Qwen3-Coder-30B-A3B-Instruct-FP8,None
2030@y_name@ASC,Bar,Medium,0.6104721228281657,1.831416368484497,3,0.0,0.0,0.0,0.0,0.0,1.0,0.0,0.0,0.0,1.0,0.0,,0.0,False,Qwen/Qwen3-Coder-30B-A3B-Instruct-FP8,None
2030@y_name@ASC,Bar,Medium,0.6104721228281657,1.831416368484497,3,0.0,0.0,0.0,0.0,0.0,1.0,0.0,0.0,0.0,1.0,0.0,,0.0,False,Qwen/Qwen3-Coder-30B-A3B-Instruct-FP8,None
2030@y_name@ASC,Bar,Medium,0.6104721228281657,1.831416368484497,3,0.0,0.0,0.0,0.0,0.0,1.0,0.0,0.0,0.0,1.0,0.0,,0.0,False,Qwen/Qwen3-Coder-30B-A3B-Instruct-FP8,None
2031@y_name@ASC,Bar,Hard,5.8165223598480225,11.633044719696045,2,0.5,0.0,0.0,0.0,0.0,0.0,0.0,0.0,0.5,0.0,0.5,0.0,0.0,False,Qwen/Qwen3-Coder-30B-A3B-Instruct-FP8,None
2031@y_name@ASC,Bar,Hard,5.8165223598480225,11.633044719696045,2,0.5,0.0,0.0,0.0,0.0,0.0,0.0,0.0,0.5,0.0,0.5,0.0,0.0,False,Qwen/Qwen3-Coder-30B-A3B-Instruct-FP8,None
2031@y_name@ASC,Bar,Hard,5.8165223598480225,11.633044719696045,2,0.5,0.0,0.0,0.0,0.0,0.0,0.0,0.0,0.5,0.0,0.5,0.0,0.0,False,Qwen/Qwen3-Coder-30B-A3B-Instruct-FP8,None
709@y_name@DESC,Bar,Medium,0.38117849826812744,0.7623569965362549,2,0.0,0.0,0.0,0.0,0.0,0.0,0.0,0.0,0.0,0.0,1.0,0.0,0.0,False,Qwen/Qwen3-Coder-30B-A3B-Instruct-FP8,None
709@y_name@DESC,Bar,Medium,0.38117849826812744,0.7623569965362549,2,0.0,0.0,0.0,0.0,0.0,0.0,0.0,0.0,0.0,0.0,1.0,0.0,0.0,False,Qwen/Qwen3-Coder-30B-A3B-Instruct-FP8,None
709@y_name@DESC,Bar,Medium,0.38117849826812744,0.7623569965362549,2,0.0,0.0,0.0,0.0,0.0,0.0,0.0,0.0,0.0,0.0,1.0,0.0,0.0,False,Qwen/Qwen3-Coder-30B-A3B-Instruct-FP8,None
171@x_name@DESC,Line,Medium,1.0996044874191284,2.199208974838257,2,0.0,0.0,0.0,0.0,0.0,0.0,0.0,0.0,0.0,0.0,1.0,0.0,0.0,False,Qwen/Qwen3-Coder-30B-A3B-Instruct-FP8,None
171@x_name@DESC,Line,Medium,1.0996044874191284,2.199208974838257,2,0.0,0.0,0.0,0.0,0.0,0.0,0.0,0.0,0.0,0.0,1.0,0.0,0.0,False,Qwen/Qwen3-Coder-30B-A3B-Instruct-FP8,None
171@x_name@DESC,Line,Medium,1.0996044874191284,2.199208974838257,2,0.0,0.0,0.0,0.0,0.0,0.0,0.0,0.0,0.0,0.0,1.0,0.0,0.0,False,Qwen/Qwen3-Coder-30B-A3B-Instruct-FP8,None
2451@y_name@ASC,Bar,Medium,0.37700915336608887,0.7540183067321777,2,0.0,0.0,0.0,0.0,0.0,0.0,0.0,0.0,0.0,0.0,1.0,0.0,0.0,False,Qwen/Qwen3-Coder-30B-A3B-Instruct-FP8,None
2451@y_name@ASC,Bar,Medium,0.37700915336608887,0.7540183067321777,2,0.0,0.0,0.0,0.0,0.0,0.0,0.0,0.0,0.0,0.0,1.0,0.0,0.0,False,Qwen/Qwen3-Coder-30B-A3B-Instruct-FP8,None
2451@y_name@ASC,Bar,Medium,0.37700915336608887,0.7540183067321777,2,0.0,0.0,0.0,0.0,0.0,0.0,0.0,0.0,0.0,0.0,1.0,0.0,0.0,False,Qwen/Qwen3-Coder-30B-A3B-Instruct-FP8,None
2453@y_name@DESC,Bar,Medium,0.4064544677734375,2.0322723388671875,5,0.0,0.0,0.0,0.0,0.0,0.0,0.0,0.0,0.0,0.0,1.0,0.0,0.0,False,Qwen/Qwen3-Coder-30B-A3B-Instruct-FP8,None
2453@y_name@DESC,Bar,Medium,0.4064544677734375,2.0322723388671875,5,0.0,0.0,0.0,0.0,0.0,0.0,0.0,0.0,0.0,0.0,1.0,0.0,0.0,False,Qwen/Qwen3-Coder-30B-A3B-Instruct-FP8,None
2453@y_name@DESC,Bar,Medium,0.4064544677734375,2.0322723388671875,5,0.0,0.0,0.0,0.0,0.0,0.0,0.0,0.0,0.0,0.0,1.0,0.0,0.0,False,Qwen/Qwen3-Coder-30B-A3B-Instruct-FP8,None
2454@y_name@DESC,Bar,Hard,0.3815445899963379,0.3815445899963379,1,0.0,0.0,0.0,0.0,1.0,0.0,0.0,0.0,0.0,1.0,0.0,,0.0,True,Qwen/Qwen3-Coder-30B-A3B-Instruct-FP8,None
2454@y_name@DESC,Bar,Hard,0.3815445899963379,0.3815445899963379,1,0.0,0.0,0.0,0.0,1.0,0.0,0.0,0.0,0.0,1.0,0.0,,0.0,True,Qwen/Qwen3-Coder-30B-A3B-Instruct-FP8,None
2454@y_name@DESC,Bar,Hard,0.3815445899963379,0.3815445899963379,1,0.0,0.0,0.0,0.0,1.0,0.0,0.0,0.0,0.0,1.0,0.0,,0.0,True,Qwen/Qwen3-Coder-30B-A3B-Instruct-FP8,None
2455@x_name@ASC,Bar,Hard,0.5016839504241943,1.505051851272583,3,0.0,0.0,0.0,0.0,0.0,0.0,0.0,0.0,0.0,0.0,1.0,0.0,0.0,True,Qwen/Qwen3-Coder-30B-A3B-Instruct-FP8,None
2455@x_name@ASC,Bar,Hard,0.5016839504241943,1.505051851272583,3,0.0,0.0,0.0,0.0,0.0,0.0,0.0,0.0,0.0,0.0,1.0,0.0,0.0,True,Qwen/Qwen3-Coder-30B-A3B-Instruct-FP8,None
2455@x_name@ASC,Bar,Hard,0.5016839504241943,1.505051851272583,3,0.0,0.0,0.0,0.0,0.0,0.0,0.0,0.0,0.0,0.0,1.0,0.0,0.0,True,Qwen/Qwen3-Coder-30B-A3B-Instruct-FP8,None
2456@y_name@ASC,Bar,Hard,0.5126766204833985,2.563383102416992,5,0.0,0.0,0.0,0.0,0.0,0.0,0.0,0.0,0.0,0.0,1.0,0.0,0.0,True,Qwen/Qwen3-Coder-30B-A3B-Instruct-FP8,None
2456@y_name@ASC,Bar,Hard,0.5126766204833985,2.563383102416992,5,0.0,0.0,0.0,0.0,0.0,0.0,0.0,0.0,0.0,0.0,1.0,0.0,0.0,True,Qwen/Qwen3-Coder-30B-A3B-Instruct-FP8,None
2456@y_name@ASC,Bar,Hard,0.5126766204833985,2.563383102416992,5,0.0,0.0,0.0,0.0,0.0,0.0,0.0,0.0,0.0,0.0,1.0,0.0,0.0,True,Qwen/Qwen3-Coder-30B-A3B-Instruct-FP8,None
486@y_name@DESC,Bar,Medium,0.46079957485198975,1.843198299407959,4,0.0,0.0,0.0,0.0,0.0,0.0,0.0,0.0,0.0,0.0,1.0,0.0,0.0,True,Qwen/Qwen3-Coder-30B-A3B-Instruct-FP8,None
486@y_name@DESC,Bar,Medium,0.46079957485198975,1.843198299407959,4,0.0,0.0,0.0,0.0,0.0,0.0,0.0,0.0,0.0,0.0,1.0,0.0,0.0,True,Qwen/Qwen3-Coder-30B-A3B-Instruct-FP8,None
486@y_name@DESC,Bar,Medium,0.46079957485198975,1.843198299407959,4,0.0,0.0,0.0,0.0,0.0,0.0,0.0,0.0,0.0,0.0,1.0,0.0,0.0,True,Qwen/Qwen3-Coder-30B-A3B-Instruct-FP8,None
490@y_name@ASC,Bar,Hard,0.40836888551712036,1.6334755420684814,4,0.0,0.0,0.0,0.0,0.0,0.0,0.0,0.0,0.0,0.0,1.0,0.0,0.0,False,Qwen/Qwen3-Coder-30B-A3B-Instruct-FP8,None
490@y_name@ASC,Bar,Hard,0.40836888551712036,1.6334755420684814,4,0.0,0.0,0.0,0.0,0.0,0.0,0.0,0.0,0.0,0.0,1.0,0.0,0.0,False,Qwen/Qwen3-Coder-30B-A3B-Instruct-FP8,None
490@y_name@ASC,Bar,Hard,0.40836888551712036,1.6334755420684814,4,0.0,0.0,0.0,0.0,0.0,0.0,0.0,0.0,0.0,0.0,1.0,0.0,0.0,False,Qwen/Qwen3-Coder-30B-A3B-Instruct-FP8,None
2904@y_name@DESC,Bar,Medium,0.3600342869758606,1.4401371479034424,4,0.0,0.0,0.0,0.0,0.0,0.0,0.0,0.0,0.0,0.0,1.0,0.0,0.0,False,Qwen/Qwen3-Coder-30B-A3B-Instruct-FP8,None
2904@y_name@DESC,Bar,Medium,0.3600342869758606,1.4401371479034424,4,0.0,0.0,0.0,0.0,0.0,0.0,0.0,0.0,0.0,0.0,1.0,0.0,0.0,False,Qwen/Qwen3-Coder-30B-A3B-Instruct-FP8,None
2904@y_name@DESC,Bar,Medium,0.3600342869758606,1.4401371479034424,4,0.0,0.0,0.0,0.0,0.0,0.0,0.0,0.0,0.0,0.0,1.0,0.0,0.0,False,Qwen/Qwen3-Coder-30B-A3B-Instruct-FP8,None
2909@x_name@ASC,Bar,Medium,0.4574035008748372,1.3722105026245117,3,0.0,0.0,0.0,0.0,0.0,0.0,0.0,0.0,0.0,0.0,1.0,0.0,0.0,False,Qwen/Qwen3-Coder-30B-A3B-Instruct-FP8,None
2909@x_name@ASC,Bar,Medium,0.4574035008748372,1.3722105026245117,3,0.0,0.0,0.0,0.0,0.0,0.0,0.0,0.0,0.0,0.0,1.0,0.0,0.0,False,Qwen/Qwen3-Coder-30B-A3B-Instruct-FP8,None
2909@x_name@ASC,Bar,Medium,0.4574035008748372,1.3722105026245117,3,0.0,0.0,0.0,0.0,0.0,0.0,0.0,0.0,0.0,0.0,1.0,0.0,0.0,False,Qwen/Qwen3-Coder-30B-A3B-Instruct-FP8,None
2915@y_name@ASC,Bar,Easy,0.3558351993560791,0.7116703987121582,2,0.0,0.0,0.0,0.0,0.0,0.0,0.0,0.0,0.0,0.0,1.0,0.0,0.0,False,Qwen/Qwen3-Coder-30B-A3B-Instruct-FP8,None
2915@y_name@ASC,Bar,Easy,0.3558351993560791,0.7116703987121582,2,0.0,0.0,0.0,0.0,0.0,0.0,0.0,0.0,0.0,0.0,1.0,0.0,0.0,False,Qwen/Qwen3-Coder-30B-A3B-Instruct-FP8,None
2915@y_name@ASC,Bar,Easy,0.3558351993560791,0.7116703987121582,2,0.0,0.0,0.0,0.0,0.0,0.0,0.0,0.0,0.0,0.0,1.0,0.0,0.0,False,Qwen/Qwen3-Coder-30B-A3B-Instruct-FP8,None
2931@y_name@DESC,Bar,Extra Hard,0.9607810974121094,1.9215621948242188,2,0.0,0.0,0.0,0.0,0.0,0.0,0.0,0.0,0.0,0.0,1.0,0.0,0.0,True,Qwen/Qwen3-Coder-30B-A3B-Instruct-FP8,None
2931@y_name@DESC,Bar,Extra Hard,0.9607810974121094,1.9215621948242188,2,0.0,0.0,0.0,0.0,0.0,0.0,0.0,0.0,0.0,0.0,1.0,0.0,0.0,True,Qwen/Qwen3-Coder-30B-A3B-Instruct-FP8,None
2931@y_name@DESC,Bar,Extra Hard,0.9607810974121094,1.9215621948242188,2,0.0,0.0,0.0,0.0,0.0,0.0,0.0,0.0,0.0,0.0,1.0,0.0,0.0,True,Qwen/Qwen3-Coder-30B-A3B-Instruct-FP8,None
920@y_name@ASC,Bar,Extra Hard,0.7880867719650269,1.5761735439300537,2,0.0,0.0,0.0,0.0,1.0,0.0,0.0,0.0,0.0,1.0,0.0,,0.0,True,Qwen/Qwen3-Coder-30B-A3B-Instruct-FP8,None
920@y_name@ASC,Bar,Extra Hard,0.7880867719650269,1.5761735439300537,2,0.0,0.0,0.0,0.0,1.0,0.0,0.0,0.0,0.0,1.0,0.0,,0.0,True,Qwen/Qwen3-Coder-30B-A3B-Instruct-FP8,None
920@y_name@ASC,Bar,Extra Hard,0.7880867719650269,1.5761735439300537,2,0.0,0.0,0.0,0.0,1.0,0.0,0.0,0.0,0.0,1.0,0.0,,0.0,True,Qwen/Qwen3-Coder-30B-A3B-Instruct-FP8,None
921@y_name@DESC,Stacked Bar,Hard,0.6519296169281006,0.6519296169281006,1,0.0,0.0,0.0,0.0,1.0,0.0,0.0,0.0,0.0,1.0,0.0,,0.0,True,Qwen/Qwen3-Coder-30B-A3B-Instruct-FP8,None
921@y_name@DESC,Stacked Bar,Hard,0.6519296169281006,0.6519296169281006,1,0.0,0.0,0.0,0.0,1.0,0.0,0.0,0.0,0.0,1.0,0.0,,0.0,True,Qwen/Qwen3-Coder-30B-A3B-Instruct-FP8,None
921@y_name@DESC,Stacked Bar,Hard,0.6519296169281006,0.6519296169281006,1,0.0,0.0,0.0,0.0,1.0,0.0,0.0,0.0,0.0,1.0,0.0,,0.0,True,Qwen/Qwen3-Coder-30B-A3B-Instruct-FP8,None
2985@y_name@DESC,Stacked Bar,Extra Hard,10.667516708374023,10.667516708374023,1,0.0,0.0,0.0,1.0,1.0,0.0,0.0,0.0,0.0,1.0,0.0,,0.0,True,Qwen/Qwen3-Coder-30B-A3B-Instruct-FP8,None
2985@y_name@DESC,Stacked Bar,Extra Hard,10.667516708374023,10.667516708374023,1,0.0,0.0,0.0,1.0,1.0,0.0,0.0,0.0,0.0,1.0,0.0,,0.0,True,Qwen/Qwen3-Coder-30B-A3B-Instruct-FP8,None
2985@y_name@DESC,Stacked Bar,Extra Hard,10.667516708374023,10.667516708374023,1,0.0,0.0,0.0,1.0,1.0,0.0,0.0,0.0,0.0,1.0,0.0,,0.0,True,Qwen/Qwen3-Coder-30B-A3B-Instruct-FP8,None
2993@y_name@ASC,Bar,Medium,0.42242419719696045,0.8448483943939209,2,0.0,0.0,0.0,0.0,0.0,0.0,0.0,0.0,0.0,0.0,1.0,0.0,0.0,False,Qwen/Qwen3-Coder-30B-A3B-Instruct-FP8,None
2993@y_name@ASC,Bar,Medium,0.42242419719696045,0.8448483943939209,2,0.0,0.0,0.0,0.0,0.0,0.0,0.0,0.0,0.0,0.0,1.0,0.0,0.0,False,Qwen/Qwen3-Coder-30B-A3B-Instruct-FP8,None
2993@y_name@ASC,Bar,Medium,0.42242419719696045,0.8448483943939209,2,0.0,0.0,0.0,0.0,0.0,0.0,0.0,0.0,0.0,0.0,1.0,0.0,0.0,False,Qwen/Qwen3-Coder-30B-A3B-Instruct-FP8,None
3001@x_name@ASC,Bar,Extra Hard,0.6285316944122314,1.257063388824463,2,0.0,0.0,0.0,0.0,0.0,0.5,0.0,0.0,0.0,0.5,0.5,0.0,0.0,True,Qwen/Qwen3-Coder-30B-A3B-Instruct-FP8,None
3001@x_name@ASC,Bar,Extra Hard,0.6285316944122314,1.257063388824463,2,0.0,0.0,0.0,0.0,0.0,0.5,0.0,0.0,0.0,0.5,0.5,0.0,0.0,True,Qwen/Qwen3-Coder-30B-A3B-Instruct-FP8,None
3001@x_name@ASC,Bar,Extra Hard,0.6285316944122314,1.257063388824463,2,0.0,0.0,0.0,0.0,0.0,0.5,0.0,0.0,0.0,0.5,0.5,0.0,0.0,True,Qwen/Qwen3-Coder-30B-A3B-Instruct-FP8,None
3002@y_name@ASC,Bar,Medium,0.4300355911254883,0.8600711822509766,2,0.0,0.0,0.0,0.0,0.0,0.0,0.0,0.0,0.0,0.0,1.0,0.0,0.0,False,Qwen/Qwen3-Coder-30B-A3B-Instruct-FP8,None
3002@y_name@ASC,Bar,Medium,0.4300355911254883,0.8600711822509766,2,0.0,0.0,0.0,0.0,0.0,0.0,0.0,0.0,0.0,0.0,1.0,0.0,0.0,False,Qwen/Qwen3-Coder-30B-A3B-Instruct-FP8,None
3002@y_name@ASC,Bar,Medium,0.4300355911254883,0.8600711822509766,2,0.0,0.0,0.0,0.0,0.0,0.0,0.0,0.0,0.0,0.0,1.0,0.0,0.0,False,Qwen/Qwen3-Coder-30B-A3B-Instruct-FP8,None
3005@x_name@ASC,Bar,Medium,0.43195223808288574,0.8639044761657715,2,0.0,0.0,0.0,0.0,0.0,0.0,0.0,0.0,0.0,0.0,1.0,0.0,0.0,False,Qwen/Qwen3-Coder-30B-A3B-Instruct-FP8,None
3005@x_name@ASC,Bar,Medium,0.43195223808288574,0.8639044761657715,2,0.0,0.0,0.0,0.0,0.0,0.0,0.0,0.0,0.0,0.0,1.0,0.0,0.0,False,Qwen/Qwen3-Coder-30B-A3B-Instruct-FP8,None
3005@x_name@ASC,Bar,Medium,0.43195223808288574,0.8639044761657715,2,0.0,0.0,0.0,0.0,0.0,0.0,0.0,0.0,0.0,0.0,1.0,0.0,0.0,False,Qwen/Qwen3-Coder-30B-A3B-Instruct-FP8,None
3007@y_name@ASC,Bar,Medium,0.48987674713134766,0.48987674713134766,1,0.0,0.0,0.0,0.0,0.0,0.0,0.0,0.0,0.0,0.0,1.0,0.0,0.0,False,Qwen/Qwen3-Coder-30B-A3B-Instruct-FP8,None
3007@y_name@ASC,Bar,Medium,0.48987674713134766,0.48987674713134766,1,0.0,0.0,0.0,0.0,0.0,0.0,0.0,0.0,0.0,0.0,1.0,0.0,0.0,False,Qwen/Qwen3-Coder-30B-A3B-Instruct-FP8,None
3007@y_name@ASC,Bar,Medium,0.48987674713134766,0.48987674713134766,1,0.0,0.0,0.0,0.0,0.0,0.0,0.0,0.0,0.0,0.0,1.0,0.0,0.0,False,Qwen/Qwen3-Coder-30B-A3B-Instruct-FP8,None
3014@y_name@ASC,Bar,Extra Hard,0.6251027584075928,0.6251027584075928,1,0.0,0.0,0.0,0.0,0.0,0.0,0.0,0.0,0.0,0.0,1.0,0.0,0.0,True,Qwen/Qwen3-Coder-30B-A3B-Instruct-FP8,None
3014@y_name@ASC,Bar,Extra Hard,0.6251027584075928,0.6251027584075928,1,0.0,0.0,0.0,0.0,0.0,0.0,0.0,0.0,0.0,0.0,1.0,0.0,0.0,True,Qwen/Qwen3-Coder-30B-A3B-Instruct-FP8,None
3014@y_name@ASC,Bar,Extra Hard,0.6251027584075928,0.6251027584075928,1,0.0,0.0,0.0,0.0,0.0,0.0,0.0,0.0,0.0,0.0,1.0,0.0,0.0,True,Qwen/Qwen3-Coder-30B-A3B-Instruct-FP8,None
3015@x_name@DESC,Bar,Extra Hard,0.6225121021270752,0.6225121021270752,1,0.0,0.0,0.0,0.0,0.0,1.0,0.0,0.0,0.0,1.0,0.0,,0.0,True,Qwen/Qwen3-Coder-30B-A3B-Instruct-FP8,None
3015@x_name@DESC,Bar,Extra Hard,0.6225121021270752,0.6225121021270752,1,0.0,0.0,0.0,0.0,0.0,1.0,0.0,0.0,0.0,1.0,0.0,,0.0,True,Qwen/Qwen3-Coder-30B-A3B-Instruct-FP8,None
3015@x_name@DESC,Bar,Extra Hard,0.6225121021270752,0.6225121021270752,1,0.0,0.0,0.0,0.0,0.0,1.0,0.0,0.0,0.0,1.0,0.0,,0.0,True,Qwen/Qwen3-Coder-30B-A3B-Instruct-FP8,None
3022@x_name@DESC,Bar,Extra Hard,0.6441383361816406,0.6441383361816406,1,0.0,0.0,0.0,0.0,1.0,0.0,0.0,0.0,0.0,1.0,0.0,,0.0,True,Qwen/Qwen3-Coder-30B-A3B-Instruct-FP8,None
3022@x_name@DESC,Bar,Extra Hard,0.6441383361816406,0.6441383361816406,1,0.0,0.0,0.0,0.0,1.0,0.0,0.0,0.0,0.0,1.0,0.0,,0.0,True,Qwen/Qwen3-Coder-30B-A3B-Instruct-FP8,None
3022@x_name@DESC,Bar,Extra Hard,0.6441383361816406,0.6441383361816406,1,0.0,0.0,0.0,0.0,1.0,0.0,0.0,0.0,0.0,1.0,0.0,,0.0,True,Qwen/Qwen3-Coder-30B-A3B-Instruct-FP8,None
1462@x_name@ASC,Bar,Medium,0.4134359359741211,0.4134359359741211,1,0.0,0.0,0.0,0.0,0.0,1.0,0.0,0.0,0.0,1.0,0.0,,0.0,False,Qwen/Qwen3-Coder-30B-A3B-Instruct-FP8,None
1462@x_name@ASC,Bar,Medium,0.4134359359741211,0.4134359359741211,1,0.0,0.0,0.0,0.0,0.0,1.0,0.0,0.0,0.0,1.0,0.0,,0.0,False,Qwen/Qwen3-Coder-30B-A3B-Instruct-FP8,None
1462@x_name@ASC,Bar,Medium,0.4134359359741211,0.4134359359741211,1,0.0,0.0,0.0,0.0,0.0,1.0,0.0,0.0,0.0,1.0,0.0,,0.0,False,Qwen/Qwen3-Coder-30B-A3B-Instruct-FP8,None
1470@y_name@ASC,Bar,Extra Hard,0.8056674798329672,2.4170024394989014,3,0.0,0.0,0.0,0.0,0.0,0.0,0.0,0.0,0.0,0.0,1.0,0.0,0.0,True,Qwen/Qwen3-Coder-30B-A3B-Instruct-FP8,None
1470@y_name@ASC,Bar,Extra Hard,0.8056674798329672,2.4170024394989014,3,0.0,0.0,0.0,0.0,0.0,0.0,0.0,0.0,0.0,0.0,1.0,0.0,0.0,True,Qwen/Qwen3-Coder-30B-A3B-Instruct-FP8,None
1470@y_name@ASC,Bar,Extra Hard,0.8056674798329672,2.4170024394989014,3,0.0,0.0,0.0,0.0,0.0,0.0,0.0,0.0,0.0,0.0,1.0,0.0,0.0,True,Qwen/Qwen3-Coder-30B-A3B-Instruct-FP8,None
857@x_name@DESC,Bar,Extra Hard,0.7341127395629883,2.202338218688965,3,0.0,0.0,0.0,0.0,0.0,1.0,0.0,0.0,0.0,1.0,0.0,,0.0,True,Qwen/Qwen3-Coder-30B-A3B-Instruct-FP8,None
857@x_name@DESC,Bar,Extra Hard,0.7341127395629883,2.202338218688965,3,0.0,0.0,0.0,0.0,0.0,1.0,0.0,0.0,0.0,1.0,0.0,,0.0,True,Qwen/Qwen3-Coder-30B-A3B-Instruct-FP8,None
857@x_name@DESC,Bar,Extra Hard,0.7341127395629883,2.202338218688965,3,0.0,0.0,0.0,0.0,0.0,1.0,0.0,0.0,0.0,1.0,0.0,,0.0,True,Qwen/Qwen3-Coder-30B-A3B-Instruct-FP8,None
859@x_name@ASC,Bar,Medium,0.3727414608001709,0.3727414608001709,1,0.0,0.0,0.0,0.0,0.0,0.0,0.0,0.0,0.0,0.0,1.0,0.0,0.0,False,Qwen/Qwen3-Coder-30B-A3B-Instruct-FP8,None
859@x_name@ASC,Bar,Medium,0.3727414608001709,0.3727414608001709,1,0.0,0.0,0.0,0.0,0.0,0.0,0.0,0.0,0.0,0.0,1.0,0.0,0.0,False,Qwen/Qwen3-Coder-30B-A3B-Instruct-FP8,None
859@x_name@ASC,Bar,Medium,0.3727414608001709,0.3727414608001709,1,0.0,0.0,0.0,0.0,0.0,0.0,0.0,0.0,0.0,0.0,1.0,0.0,0.0,False,Qwen/Qwen3-Coder-30B-A3B-Instruct-FP8,None
862@y_name@DESC,Bar,Medium,0.5961551666259766,0.5961551666259766,1,0.0,0.0,0.0,0.0,0.0,0.0,0.0,0.0,0.0,0.0,1.0,0.0,0.0,False,Qwen/Qwen3-Coder-30B-A3B-Instruct-FP8,None
862@y_name@DESC,Bar,Medium,0.5961551666259766,0.5961551666259766,1,0.0,0.0,0.0,0.0,0.0,0.0,0.0,0.0,0.0,0.0,1.0,0.0,0.0,False,Qwen/Qwen3-Coder-30B-A3B-Instruct-FP8,None
862@y_name@DESC,Bar,Medium,0.5961551666259766,0.5961551666259766,1,0.0,0.0,0.0,0.0,0.0,0.0,0.0,0.0,0.0,0.0,1.0,0.0,0.0,False,Qwen/Qwen3-Coder-30B-A3B-Instruct-FP8,None
863@y_name@ASC,Bar,Medium,0.5963807106018066,0.5963807106018066,1,0.0,0.0,0.0,0.0,0.0,0.0,0.0,0.0,0.0,0.0,1.0,0.0,0.0,False,Qwen/Qwen3-Coder-30B-A3B-Instruct-FP8,None
863@y_name@ASC,Bar,Medium,0.5963807106018066,0.5963807106018066,1,0.0,0.0,0.0,0.0,0.0,0.0,0.0,0.0,0.0,0.0,1.0,0.0,0.0,False,Qwen/Qwen3-Coder-30B-A3B-Instruct-FP8,None
863@y_name@ASC,Bar,Medium,0.5963807106018066,0.5963807106018066,1,0.0,0.0,0.0,0.0,0.0,0.0,0.0,0.0,0.0,0.0,1.0,0.0,0.0,False,Qwen/Qwen3-Coder-30B-A3B-Instruct-FP8,None
872@x_name@DESC,Bar,Medium,0.4422457814216614,1.7689831256866455,4,0.0,0.0,0.0,0.0,0.0,1.0,0.0,0.0,0.0,1.0,0.0,,0.0,False,Qwen/Qwen3-Coder-30B-A3B-Instruct-FP8,None
872@x_name@DESC,Bar,Medium,0.4422457814216614,1.7689831256866455,4,0.0,0.0,0.0,0.0,0.0,1.0,0.0,0.0,0.0,1.0,0.0,,0.0,False,Qwen/Qwen3-Coder-30B-A3B-Instruct-FP8,None
872@x_name@DESC,Bar,Medium,0.4422457814216614,1.7689831256866455,4,0.0,0.0,0.0,0.0,0.0,1.0,0.0,0.0,0.0,1.0,0.0,,0.0,False,Qwen/Qwen3-Coder-30B-A3B-Instruct-FP8,None
882@x_name@DESC,Bar,Hard,0.6150981585184733,1.84529447555542,3,0.0,0.0,0.0,0.0,0.0,0.3333333333333333,0.0,0.0,0.0,0.3333333333333333,0.6666666666666666,0.0,0.0,True,Qwen/Qwen3-Coder-30B-A3B-Instruct-FP8,None
882@x_name@DESC,Bar,Hard,0.6150981585184733,1.84529447555542,3,0.0,0.0,0.0,0.0,0.0,0.3333333333333333,0.0,0.0,0.0,0.3333333333333333,0.6666666666666666,0.0,0.0,True,Qwen/Qwen3-Coder-30B-A3B-Instruct-FP8,None
882@x_name@DESC,Bar,Hard,0.6150981585184733,1.84529447555542,3,0.0,0.0,0.0,0.0,0.0,0.3333333333333333,0.0,0.0,0.0,0.3333333333333333,0.6666666666666666,0.0,0.0,True,Qwen/Qwen3-Coder-30B-A3B-Instruct-FP8,None
884@x_name@DESC,Bar,Extra Hard,0.6788457632064819,1.3576915264129639,2,0.0,0.0,0.0,0.0,0.0,0.5,0.0,0.0,0.0,0.5,0.5,0.0,0.0,True,Qwen/Qwen3-Coder-30B-A3B-Instruct-FP8,None
884@x_name@DESC,Bar,Extra Hard,0.6788457632064819,1.3576915264129639,2,0.0,0.0,0.0,0.0,0.0,0.5,0.0,0.0,0.0,0.5,0.5,0.0,0.0,True,Qwen/Qwen3-Coder-30B-A3B-Instruct-FP8,None
884@x_name@DESC,Bar,Extra Hard,0.6788457632064819,1.3576915264129639,2,0.0,0.0,0.0,0.0,0.0,0.5,0.0,0.0,0.0,0.5,0.5,0.0,0.0,True,Qwen/Qwen3-Coder-30B-A3B-Instruct-FP8,None
1302@x_name@ASC,Bar,Hard,10.34276556968689,10.34276556968689,1,0.0,0.0,0.0,1.0,1.0,0.0,0.0,0.0,0.0,1.0,0.0,,0.0,True,Qwen/Qwen3-Coder-30B-A3B-Instruct-FP8,None
1302@x_name@ASC,Bar,Hard,10.34276556968689,10.34276556968689,1,0.0,0.0,0.0,1.0,1.0,0.0,0.0,0.0,0.0,1.0,0.0,,0.0,True,Qwen/Qwen3-Coder-30B-A3B-Instruct-FP8,None
1302@x_name@ASC,Bar,Hard,10.34276556968689,10.34276556968689,1,0.0,0.0,0.0,1.0,1.0,0.0,0.0,0.0,0.0,1.0,0.0,,0.0,True,Qwen/Qwen3-Coder-30B-A3B-Instruct-FP8,None
1304@y_name@ASC,Bar,Easy,0.2701680660247803,1.080672264099121,4,0.0,0.0,0.0,0.0,0.0,0.0,0.0,0.0,0.0,0.0,1.0,0.0,0.0,False,Qwen/Qwen3-Coder-30B-A3B-Instruct-FP8,None
1304@y_name@ASC,Bar,Easy,0.2701680660247803,1.080672264099121,4,0.0,0.0,0.0,0.0,0.0,0.0,0.0,0.0,0.0,0.0,1.0,0.0,0.0,False,Qwen/Qwen3-Coder-30B-A3B-Instruct-FP8,None
1304@y_name@ASC,Bar,Easy,0.2701680660247803,1.080672264099121,4,0.0,0.0,0.0,0.0,0.0,0.0,0.0,0.0,0.0,0.0,1.0,0.0,0.0,False,Qwen/Qwen3-Coder-30B-A3B-Instruct-FP8,None
1307@y_name@DESC,Bar,Hard,0.5316682656606039,1.5950047969818115,3,0.0,0.0,0.0,0.0,0.0,0.0,0.0,0.0,0.0,0.0,1.0,0.0,0.0,True,Qwen/Qwen3-Coder-30B-A3B-Instruct-FP8,None
1307@y_name@DESC,Bar,Hard,0.5316682656606039,1.5950047969818115,3,0.0,0.0,0.0,0.0,0.0,0.0,0.0,0.0,0.0,0.0,1.0,0.0,0.0,True,Qwen/Qwen3-Coder-30B-A3B-Instruct-FP8,None
1307@y_name@DESC,Bar,Hard,0.5316682656606039,1.5950047969818115,3,0.0,0.0,0.0,0.0,0.0,0.0,0.0,0.0,0.0,0.0,1.0,0.0,0.0,True,Qwen/Qwen3-Coder-30B-A3B-Instruct-FP8,None
1311@y_name@ASC,Bar,Hard,0.515434741973877,0.515434741973877,1,0.0,0.0,0.0,0.0,0.0,0.0,0.0,0.0,0.0,0.0,1.0,0.0,0.0,True,Qwen/Qwen3-Coder-30B-A3B-Instruct-FP8,None
1311@y_name@ASC,Bar,Hard,0.515434741973877,0.515434741973877,1,0.0,0.0,0.0,0.0,0.0,0.0,0.0,0.0,0.0,0.0,1.0,0.0,0.0,True,Qwen/Qwen3-Coder-30B-A3B-Instruct-FP8,None
1311@y_name@ASC,Bar,Hard,0.515434741973877,0.515434741973877,1,0.0,0.0,0.0,0.0,0.0,0.0,0.0,0.0,0.0,0.0,1.0,0.0,0.0,True,Qwen/Qwen3-Coder-30B-A3B-Instruct-FP8,None
1315@y_name@ASC,Bar,Hard,8.809889316558838,8.809889316558838,1,0.0,0.0,0.0,1.0,1.0,0.0,0.0,0.0,0.0,1.0,0.0,,0.0,True,Qwen/Qwen3-Coder-30B-A3B-Instruct-FP8,None
1315@y_name@ASC,Bar,Hard,8.809889316558838,8.809889316558838,1,0.0,0.0,0.0,1.0,1.0,0.0,0.0,0.0,0.0,1.0,0.0,,0.0,True,Qwen/Qwen3-Coder-30B-A3B-Instruct-FP8,None
1315@y_name@ASC,Bar,Hard,8.809889316558838,8.809889316558838,1,0.0,0.0,0.0,1.0,1.0,0.0,0.0,0.0,0.0,1.0,0.0,,0.0,True,Qwen/Qwen3-Coder-30B-A3B-Instruct-FP8,None
1320@y_name@ASC,Bar,Medium,0.3535001277923584,0.7070002555847168,2,0.0,0.0,0.0,0.0,0.5,0.0,0.0,0.0,0.0,0.5,0.5,0.0,0.0,False,Qwen/Qwen3-Coder-30B-A3B-Instruct-FP8,None
1320@y_name@ASC,Bar,Medium,0.3535001277923584,0.7070002555847168,2,0.0,0.0,0.0,0.0,0.5,0.0,0.0,0.0,0.0,0.5,0.5,0.0,0.0,False,Qwen/Qwen3-Coder-30B-A3B-Instruct-FP8,None
1320@y_name@ASC,Bar,Medium,0.3535001277923584,0.7070002555847168,2,0.0,0.0,0.0,0.0,0.5,0.0,0.0,0.0,0.0,0.5,0.5,0.0,0.0,False,Qwen/Qwen3-Coder-30B-A3B-Instruct-FP8,None
1322@x_name@ASC,Bar,Extra Hard,0.6405773162841797,1.2811546325683594,2,0.0,0.0,0.0,0.0,0.5,0.0,0.0,0.0,0.0,0.5,0.5,0.0,0.0,True,Qwen/Qwen3-Coder-30B-A3B-Instruct-FP8,None
1322@x_name@ASC,Bar,Extra Hard,0.6405773162841797,1.2811546325683594,2,0.0,0.0,0.0,0.0,0.5,0.0,0.0,0.0,0.0,0.5,0.5,0.0,0.0,True,Qwen/Qwen3-Coder-30B-A3B-Instruct-FP8,None
1322@x_name@ASC,Bar,Extra Hard,0.6405773162841797,1.2811546325683594,2,0.0,0.0,0.0,0.0,0.5,0.0,0.0,0.0,0.0,0.5,0.5,0.0,0.0,True,Qwen/Qwen3-Coder-30B-A3B-Instruct-FP8,None
364@y_name@ASC,Bar,Medium,0.3700517813364665,1.1101553440093994,3,0.0,0.0,0.0,0.0,0.0,0.0,0.0,0.0,0.0,0.0,1.0,0.0,0.0,False,Qwen/Qwen3-Coder-30B-A3B-Instruct-FP8,None
364@y_name@ASC,Bar,Medium,0.3700517813364665,1.1101553440093994,3,0.0,0.0,0.0,0.0,0.0,0.0,0.0,0.0,0.0,0.0,1.0,0.0,0.0,False,Qwen/Qwen3-Coder-30B-A3B-Instruct-FP8,None
364@y_name@ASC,Bar,Medium,0.3700517813364665,1.1101553440093994,3,0.0,0.0,0.0,0.0,0.0,0.0,0.0,0.0,0.0,0.0,1.0,0.0,0.0,False,Qwen/Qwen3-Coder-30B-A3B-Instruct-FP8,None
365@x_name@ASC,Bar,Medium,0.42446064949035645,0.8489212989807129,2,0.0,0.0,0.0,0.0,0.0,0.0,0.0,0.0,0.0,0.0,1.0,0.0,0.0,False,Qwen/Qwen3-Coder-30B-A3B-Instruct-FP8,None
365@x_name@ASC,Bar,Medium,0.42446064949035645,0.8489212989807129,2,0.0,0.0,0.0,0.0,0.0,0.0,0.0,0.0,0.0,0.0,1.0,0.0,0.0,False,Qwen/Qwen3-Coder-30B-A3B-Instruct-FP8,None
365@x_name@ASC,Bar,Medium,0.42446064949035645,0.8489212989807129,2,0.0,0.0,0.0,0.0,0.0,0.0,0.0,0.0,0.0,0.0,1.0,0.0,0.0,False,Qwen/Qwen3-Coder-30B-A3B-Instruct-FP8,None
2436@y_name@DESC,Bar,Medium,0.34106743335723877,0.6821348667144775,2,0.0,0.0,0.0,0.0,0.0,0.0,0.0,0.0,0.0,0.0,1.0,0.0,0.0,False,Qwen/Qwen3-Coder-30B-A3B-Instruct-FP8,None
2436@y_name@DESC,Bar,Medium,0.34106743335723877,0.6821348667144775,2,0.0,0.0,0.0,0.0,0.0,0.0,0.0,0.0,0.0,0.0,1.0,0.0,0.0,False,Qwen/Qwen3-Coder-30B-A3B-Instruct-FP8,None
2436@y_name@DESC,Bar,Medium,0.34106743335723877,0.6821348667144775,2,0.0,0.0,0.0,0.0,0.0,0.0,0.0,0.0,0.0,0.0,1.0,0.0,0.0,False,Qwen/Qwen3-Coder-30B-A3B-Instruct-FP8,None
2439@x_name@ASC,Bar,Hard,0.4166308641433716,0.8332617282867432,2,0.0,0.0,0.0,0.0,0.0,1.0,0.0,0.0,0.0,1.0,0.0,,0.0,False,Qwen/Qwen3-Coder-30B-A3B-Instruct-FP8,None
2439@x_name@ASC,Bar,Hard,0.4166308641433716,0.8332617282867432,2,0.0,0.0,0.0,0.0,0.0,1.0,0.0,0.0,0.0,1.0,0.0,,0.0,False,Qwen/Qwen3-Coder-30B-A3B-Instruct-FP8,None
2439@x_name@ASC,Bar,Hard,0.4166308641433716,0.8332617282867432,2,0.0,0.0,0.0,0.0,0.0,1.0,0.0,0.0,0.0,1.0,0.0,,0.0,False,Qwen/Qwen3-Coder-30B-A3B-Instruct-FP8,None
2441@x_name@DESC,Bar,Medium,0.3274264335632324,0.3274264335632324,1,0.0,0.0,0.0,0.0,0.0,0.0,0.0,0.0,0.0,0.0,1.0,0.0,0.0,False,Qwen/Qwen3-Coder-30B-A3B-Instruct-FP8,None
2441@x_name@DESC,Bar,Medium,0.3274264335632324,0.3274264335632324,1,0.0,0.0,0.0,0.0,0.0,0.0,0.0,0.0,0.0,0.0,1.0,0.0,0.0,False,Qwen/Qwen3-Coder-30B-A3B-Instruct-FP8,None
2441@x_name@DESC,Bar,Medium,0.3274264335632324,0.3274264335632324,1,0.0,0.0,0.0,0.0,0.0,0.0,0.0,0.0,0.0,0.0,1.0,0.0,0.0,False,Qwen/Qwen3-Coder-30B-A3B-Instruct-FP8,None
2127@x_name@ASC,Bar,Medium,0.46152830123901367,0.46152830123901367,1,0.0,0.0,0.0,0.0,0.0,0.0,0.0,0.0,0.0,0.0,1.0,0.0,0.0,False,Qwen/Qwen3-Coder-30B-A3B-Instruct-FP8,None
2127@x_name@ASC,Bar,Medium,0.46152830123901367,0.46152830123901367,1,0.0,0.0,0.0,0.0,0.0,0.0,0.0,0.0,0.0,0.0,1.0,0.0,0.0,False,Qwen/Qwen3-Coder-30B-A3B-Instruct-FP8,None
2127@x_name@ASC,Bar,Medium,0.46152830123901367,0.46152830123901367,1,0.0,0.0,0.0,0.0,0.0,0.0,0.0,0.0,0.0,0.0,1.0,0.0,0.0,False,Qwen/Qwen3-Coder-30B-A3B-Instruct-FP8,None
2135@x_name@DESC,Bar,Medium,0.38075685501098633,0.7615137100219727,2,0.0,0.0,0.0,0.0,0.0,0.5,0.0,0.0,0.0,0.5,0.5,0.0,0.0,False,Qwen/Qwen3-Coder-30B-A3B-Instruct-FP8,None
2135@x_name@DESC,Bar,Medium,0.38075685501098633,0.7615137100219727,2,0.0,0.0,0.0,0.0,0.0,0.5,0.0,0.0,0.0,0.5,0.5,0.0,0.0,False,Qwen/Qwen3-Coder-30B-A3B-Instruct-FP8,None
2135@x_name@DESC,Bar,Medium,0.38075685501098633,0.7615137100219727,2,0.0,0.0,0.0,0.0,0.0,0.5,0.0,0.0,0.0,0.5,0.5,0.0,0.0,False,Qwen/Qwen3-Coder-30B-A3B-Instruct-FP8,None
2143@y_name@DESC,Bar,Hard,0.5994176864624023,0.5994176864624023,1,0.0,0.0,0.0,0.0,0.0,0.0,0.0,0.0,0.0,0.0,1.0,0.0,0.0,True,Qwen/Qwen3-Coder-30B-A3B-Instruct-FP8,None
2143@y_name@DESC,Bar,Hard,0.5994176864624023,0.5994176864624023,1,0.0,0.0,0.0,0.0,0.0,0.0,0.0,0.0,0.0,0.0,1.0,0.0,0.0,True,Qwen/Qwen3-Coder-30B-A3B-Instruct-FP8,None
2143@y_name@DESC,Bar,Hard,0.5994176864624023,0.5994176864624023,1,0.0,0.0,0.0,0.0,0.0,0.0,0.0,0.0,0.0,0.0,1.0,0.0,0.0,True,Qwen/Qwen3-Coder-30B-A3B-Instruct-FP8,None
1149@x_name@DESC,Bar,Medium,0.3671973943710327,0.7343947887420654,2,0.0,0.0,0.0,0.0,0.0,0.5,0.0,0.0,0.0,0.5,0.5,0.0,0.0,False,Qwen/Qwen3-Coder-30B-A3B-Instruct-FP8,None
1149@x_name@DESC,Bar,Medium,0.3671973943710327,0.7343947887420654,2,0.0,0.0,0.0,0.0,0.0,0.5,0.0,0.0,0.0,0.5,0.5,0.0,0.0,False,Qwen/Qwen3-Coder-30B-A3B-Instruct-FP8,None
1149@x_name@DESC,Bar,Medium,0.3671973943710327,0.7343947887420654,2,0.0,0.0,0.0,0.0,0.0,0.5,0.0,0.0,0.0,0.5,0.5,0.0,0.0,False,Qwen/Qwen3-Coder-30B-A3B-Instruct-FP8,None
1150@y_name@ASC,Bar,Medium,0.34292733669281006,0.6858546733856201,2,0.0,0.0,0.0,0.0,0.0,0.0,0.0,0.0,0.0,0.0,1.0,0.0,0.0,False,Qwen/Qwen3-Coder-30B-A3B-Instruct-FP8,None
1150@y_name@ASC,Bar,Medium,0.34292733669281006,0.6858546733856201,2,0.0,0.0,0.0,0.0,0.0,0.0,0.0,0.0,0.0,0.0,1.0,0.0,0.0,False,Qwen/Qwen3-Coder-30B-A3B-Instruct-FP8,None
1150@y_name@ASC,Bar,Medium,0.34292733669281006,0.6858546733856201,2,0.0,0.0,0.0,0.0,0.0,0.0,0.0,0.0,0.0,0.0,1.0,0.0,0.0,False,Qwen/Qwen3-Coder-30B-A3B-Instruct-FP8,None
2814@y_name@ASC,Bar,Medium,0.4049925009409587,1.214977502822876,3,0.0,0.0,0.0,0.0,0.0,0.0,0.0,0.0,0.0,0.0,1.0,0.0,0.0,False,Qwen/Qwen3-Coder-30B-A3B-Instruct-FP8,None
2814@y_name@ASC,Bar,Medium,0.4049925009409587,1.214977502822876,3,0.0,0.0,0.0,0.0,0.0,0.0,0.0,0.0,0.0,0.0,1.0,0.0,0.0,False,Qwen/Qwen3-Coder-30B-A3B-Instruct-FP8,None
2814@y_name@ASC,Bar,Medium,0.4049925009409587,1.214977502822876,3,0.0,0.0,0.0,0.0,0.0,0.0,0.0,0.0,0.0,0.0,1.0,0.0,0.0,False,Qwen/Qwen3-Coder-30B-A3B-Instruct-FP8,None
2815@x_name@DESC,Stacked Bar,Hard,0.5225868225097656,0.5225868225097656,1,0.0,0.0,0.0,0.0,0.0,1.0,0.0,0.0,0.0,1.0,0.0,,0.0,False,Qwen/Qwen3-Coder-30B-A3B-Instruct-FP8,None
2815@x_name@DESC,Stacked Bar,Hard,0.5225868225097656,0.5225868225097656,1,0.0,0.0,0.0,0.0,0.0,1.0,0.0,0.0,0.0,1.0,0.0,,0.0,False,Qwen/Qwen3-Coder-30B-A3B-Instruct-FP8,None
2815@x_name@DESC,Stacked Bar,Hard,0.5225868225097656,0.5225868225097656,1,0.0,0.0,0.0,0.0,0.0,1.0,0.0,0.0,0.0,1.0,0.0,,0.0,False,Qwen/Qwen3-Coder-30B-A3B-Instruct-FP8,None
2816@y_name@ASC,Bar,Medium,0.36135709285736084,0.7227141857147217,2,0.0,0.0,0.0,0.0,0.0,0.0,0.0,0.0,0.0,0.0,1.0,0.0,0.0,False,Qwen/Qwen3-Coder-30B-A3B-Instruct-FP8,None
2816@y_name@ASC,Bar,Medium,0.36135709285736084,0.7227141857147217,2,0.0,0.0,0.0,0.0,0.0,0.0,0.0,0.0,0.0,0.0,1.0,0.0,0.0,False,Qwen/Qwen3-Coder-30B-A3B-Instruct-FP8,None
2816@y_name@ASC,Bar,Medium,0.36135709285736084,0.7227141857147217,2,0.0,0.0,0.0,0.0,0.0,0.0,0.0,0.0,0.0,0.0,1.0,0.0,0.0,False,Qwen/Qwen3-Coder-30B-A3B-Instruct-FP8,None
2823@x_name@ASC,Bar,Hard,0.3882420063018799,0.3882420063018799,1,0.0,0.0,0.0,0.0,1.0,0.0,0.0,0.0,0.0,1.0,0.0,,0.0,True,Qwen/Qwen3-Coder-30B-A3B-Instruct-FP8,None
2823@x_name@ASC,Bar,Hard,0.3882420063018799,0.3882420063018799,1,0.0,0.0,0.0,0.0,1.0,0.0,0.0,0.0,0.0,1.0,0.0,,0.0,True,Qwen/Qwen3-Coder-30B-A3B-Instruct-FP8,None
2823@x_name@ASC,Bar,Hard,0.3882420063018799,0.3882420063018799,1,0.0,0.0,0.0,0.0,1.0,0.0,0.0,0.0,0.0,1.0,0.0,,0.0,True,Qwen/Qwen3-Coder-30B-A3B-Instruct-FP8,None
2827@y_name@ASC,Bar,Medium,0.3884737491607666,1.5538949966430664,4,0.0,0.0,0.0,0.0,0.0,0.0,0.0,0.0,0.0,0.0,1.0,0.0,0.0,False,Qwen/Qwen3-Coder-30B-A3B-Instruct-FP8,None
2827@y_name@ASC,Bar,Medium,0.3884737491607666,1.5538949966430664,4,0.0,0.0,0.0,0.0,0.0,0.0,0.0,0.0,0.0,0.0,1.0,0.0,0.0,False,Qwen/Qwen3-Coder-30B-A3B-Instruct-FP8,None
2827@y_name@ASC,Bar,Medium,0.3884737491607666,1.5538949966430664,4,0.0,0.0,0.0,0.0,0.0,0.0,0.0,0.0,0.0,0.0,1.0,0.0,0.0,False,Qwen/Qwen3-Coder-30B-A3B-Instruct-FP8,None
3261@y_name@ASC,Bar,Medium,0.3386199474334717,1.015859842300415,3,0.0,0.0,0.0,0.0,0.0,0.0,0.0,0.0,0.0,0.0,1.0,0.0,0.0,False,Qwen/Qwen3-Coder-30B-A3B-Instruct-FP8,None
3261@y_name@ASC,Bar,Medium,0.3386199474334717,1.015859842300415,3,0.0,0.0,0.0,0.0,0.0,0.0,0.0,0.0,0.0,0.0,1.0,0.0,0.0,False,Qwen/Qwen3-Coder-30B-A3B-Instruct-FP8,None
3261@y_name@ASC,Bar,Medium,0.3386199474334717,1.015859842300415,3,0.0,0.0,0.0,0.0,0.0,0.0,0.0,0.0,0.0,0.0,1.0,0.0,0.0,False,Qwen/Qwen3-Coder-30B-A3B-Instruct-FP8,None
3266@x_name@DESC,Bar,Medium,0.5246711254119873,2.6233556270599365,5,0.0,0.0,0.0,0.0,0.0,0.8,0.0,0.0,0.0,0.8,0.2,0.0,0.0,True,Qwen/Qwen3-Coder-30B-A3B-Instruct-FP8,None
3266@x_name@DESC,Bar,Medium,0.5246711254119873,2.6233556270599365,5,0.0,0.0,0.0,0.0,0.0,0.8,0.0,0.0,0.0,0.8,0.2,0.0,0.0,True,Qwen/Qwen3-Coder-30B-A3B-Instruct-FP8,None
3266@x_name@DESC,Bar,Medium,0.5246711254119873,2.6233556270599365,5,0.0,0.0,0.0,0.0,0.0,0.8,0.0,0.0,0.0,0.8,0.2,0.0,0.0,True,Qwen/Qwen3-Coder-30B-A3B-Instruct-FP8,None
2698@y_name@DESC,Bar,Medium,0.38779735565185547,0.7755947113037109,2,0.0,0.0,0.0,0.0,0.0,0.5,0.0,0.0,0.0,0.5,0.5,0.0,0.0,False,Qwen/Qwen3-Coder-30B-A3B-Instruct-FP8,None
2698@y_name@DESC,Bar,Medium,0.38779735565185547,0.7755947113037109,2,0.0,0.0,0.0,0.0,0.0,0.5,0.0,0.0,0.0,0.5,0.5,0.0,0.0,False,Qwen/Qwen3-Coder-30B-A3B-Instruct-FP8,None
2698@y_name@DESC,Bar,Medium,0.38779735565185547,0.7755947113037109,2,0.0,0.0,0.0,0.0,0.0,0.5,0.0,0.0,0.0,0.5,0.5,0.0,0.0,False,Qwen/Qwen3-Coder-30B-A3B-Instruct-FP8,None
2702@y_name@DESC,Bar,Medium,0.3786337375640869,1.1359012126922607,3,0.0,0.0,0.0,0.0,0.0,0.0,0.0,0.0,0.0,0.0,1.0,0.0,0.0,False,Qwen/Qwen3-Coder-30B-A3B-Instruct-FP8,None
2702@y_name@DESC,Bar,Medium,0.3786337375640869,1.1359012126922607,3,0.0,0.0,0.0,0.0,0.0,0.0,0.0,0.0,0.0,0.0,1.0,0.0,0.0,False,Qwen/Qwen3-Coder-30B-A3B-Instruct-FP8,None
2702@y_name@DESC,Bar,Medium,0.3786337375640869,1.1359012126922607,3,0.0,0.0,0.0,0.0,0.0,0.0,0.0,0.0,0.0,0.0,1.0,0.0,0.0,False,Qwen/Qwen3-Coder-30B-A3B-Instruct-FP8,None
2626@y_name@ASC,Bar,Hard,0.6040003299713135,0.6040003299713135,1,0.0,0.0,0.0,0.0,0.0,0.0,0.0,0.0,0.0,0.0,1.0,0.0,0.0,True,Qwen/Qwen3-Coder-30B-A3B-Instruct-FP8,None
2626@y_name@ASC,Bar,Hard,0.6040003299713135,0.6040003299713135,1,0.0,0.0,0.0,0.0,0.0,0.0,0.0,0.0,0.0,0.0,1.0,0.0,0.0,True,Qwen/Qwen3-Coder-30B-A3B-Instruct-FP8,None
2626@y_name@ASC,Bar,Hard,0.6040003299713135,0.6040003299713135,1,0.0,0.0,0.0,0.0,0.0,0.0,0.0,0.0,0.0,0.0,1.0,0.0,0.0,True,Qwen/Qwen3-Coder-30B-A3B-Instruct-FP8,None
2629@x_name@ASC,Bar,Medium,0.3451439142227173,0.6902878284454346,2,0.0,0.0,0.0,0.0,0.0,0.5,0.0,0.0,0.0,0.5,0.5,0.0,0.0,False,Qwen/Qwen3-Coder-30B-A3B-Instruct-FP8,None
2629@x_name@ASC,Bar,Medium,0.3451439142227173,0.6902878284454346,2,0.0,0.0,0.0,0.0,0.0,0.5,0.0,0.0,0.0,0.5,0.5,0.0,0.0,False,Qwen/Qwen3-Coder-30B-A3B-Instruct-FP8,None
2629@x_name@ASC,Bar,Medium,0.3451439142227173,0.6902878284454346,2,0.0,0.0,0.0,0.0,0.0,0.5,0.0,0.0,0.0,0.5,0.5,0.0,0.0,False,Qwen/Qwen3-Coder-30B-A3B-Instruct-FP8,None
7@y_name@ASC,Bar,Medium,0.4158883435385568,2.9112184047698975,7,0.0,0.0,0.0,0.0,0.0,0.0,0.0,0.0,0.0,0.0,1.0,0.0,0.0,False,Qwen/Qwen3-Coder-30B-A3B-Instruct-FP8,None
7@y_name@ASC,Bar,Medium,0.4158883435385568,2.9112184047698975,7,0.0,0.0,0.0,0.0,0.0,0.0,0.0,0.0,0.0,0.0,1.0,0.0,0.0,False,Qwen/Qwen3-Coder-30B-A3B-Instruct-FP8,None
7@y_name@ASC,Bar,Medium,0.4158883435385568,2.9112184047698975,7,0.0,0.0,0.0,0.0,0.0,0.0,0.0,0.0,0.0,0.0,1.0,0.0,0.0,False,Qwen/Qwen3-Coder-30B-A3B-Instruct-FP8,None
11@y_name@ASC,Stacked Bar,Hard,0.4166245460510254,1.2498736381530762,3,0.0,0.0,0.0,0.6666666666666666,0.6666666666666666,0.3333333333333333,0.0,0.0,0.0,1.0,0.0,,0.0,False,Qwen/Qwen3-Coder-30B-A3B-Instruct-FP8,None
11@y_name@ASC,Stacked Bar,Hard,0.4166245460510254,1.2498736381530762,3,0.0,0.0,0.0,0.6666666666666666,0.6666666666666666,0.3333333333333333,0.0,0.0,0.0,1.0,0.0,,0.0,False,Qwen/Qwen3-Coder-30B-A3B-Instruct-FP8,None
11@y_name@ASC,Stacked Bar,Hard,0.4166245460510254,1.2498736381530762,3,0.0,0.0,0.0,0.6666666666666666,0.6666666666666666,0.3333333333333333,0.0,0.0,0.0,1.0,0.0,,0.0,False,Qwen/Qwen3-Coder-30B-A3B-Instruct-FP8,None
12@x_name@ASC,Bar,Medium,0.3517068227132161,1.0551204681396484,3,0.0,0.0,0.0,0.0,0.3333333333333333,0.0,0.0,0.0,0.0,0.3333333333333333,0.6666666666666666,0.0,0.0,False,Qwen/Qwen3-Coder-30B-A3B-Instruct-FP8,None
12@x_name@ASC,Bar,Medium,0.3517068227132161,1.0551204681396484,3,0.0,0.0,0.0,0.0,0.3333333333333333,0.0,0.0,0.0,0.0,0.3333333333333333,0.6666666666666666,0.0,0.0,False,Qwen/Qwen3-Coder-30B-A3B-Instruct-FP8,None
12@x_name@ASC,Bar,Medium,0.3517068227132161,1.0551204681396484,3,0.0,0.0,0.0,0.0,0.3333333333333333,0.0,0.0,0.0,0.0,0.3333333333333333,0.6666666666666666,0.0,0.0,False,Qwen/Qwen3-Coder-30B-A3B-Instruct-FP8,None
17@y_name@DESC,Bar,Medium,0.34608109792073566,1.038243293762207,3,0.0,0.0,0.0,0.0,0.0,0.0,0.0,0.0,0.0,0.0,1.0,0.0,0.0,False,Qwen/Qwen3-Coder-30B-A3B-Instruct-FP8,None
17@y_name@DESC,Bar,Medium,0.34608109792073566,1.038243293762207,3,0.0,0.0,0.0,0.0,0.0,0.0,0.0,0.0,0.0,0.0,1.0,0.0,0.0,False,Qwen/Qwen3-Coder-30B-A3B-Instruct-FP8,None
17@y_name@DESC,Bar,Medium,0.34608109792073566,1.038243293762207,3,0.0,0.0,0.0,0.0,0.0,0.0,0.0,0.0,0.0,0.0,1.0,0.0,0.0,False,Qwen/Qwen3-Coder-30B-A3B-Instruct-FP8,None
22@y_name@ASC,Bar,Hard,0.4448472857475281,1.7793891429901123,4,0.0,0.0,0.0,0.0,0.0,0.0,0.0,0.0,0.0,0.0,1.0,0.0,0.0,False,Qwen/Qwen3-Coder-30B-A3B-Instruct-FP8,None
22@y_name@ASC,Bar,Hard,0.4448472857475281,1.7793891429901123,4,0.0,0.0,0.0,0.0,0.0,0.0,0.0,0.0,0.0,0.0,1.0,0.0,0.0,False,Qwen/Qwen3-Coder-30B-A3B-Instruct-FP8,None
22@y_name@ASC,Bar,Hard,0.4448472857475281,1.7793891429901123,4,0.0,0.0,0.0,0.0,0.0,0.0,0.0,0.0,0.0,0.0,1.0,0.0,0.0,False,Qwen/Qwen3-Coder-30B-A3B-Instruct-FP8,None
24@x_name@ASC,Bar,Medium,0.3223097324371338,0.3223097324371338,1,0.0,0.0,0.0,0.0,0.0,0.0,0.0,0.0,0.0,0.0,1.0,0.0,0.0,False,Qwen/Qwen3-Coder-30B-A3B-Instruct-FP8,None
24@x_name@ASC,Bar,Medium,0.3223097324371338,0.3223097324371338,1,0.0,0.0,0.0,0.0,0.0,0.0,0.0,0.0,0.0,0.0,1.0,0.0,0.0,False,Qwen/Qwen3-Coder-30B-A3B-Instruct-FP8,None
24@x_name@ASC,Bar,Medium,0.3223097324371338,0.3223097324371338,1,0.0,0.0,0.0,0.0,0.0,0.0,0.0,0.0,0.0,0.0,1.0,0.0,0.0,False,Qwen/Qwen3-Coder-30B-A3B-Instruct-FP8,None
26@y_name@ASC,Bar,Hard,3.5501022338867188,7.1002044677734375,2,0.0,0.0,0.0,0.0,0.0,0.0,0.0,0.0,0.0,0.0,1.0,0.0,0.0,True,Qwen/Qwen3-Coder-30B-A3B-Instruct-FP8,None
26@y_name@ASC,Bar,Hard,3.5501022338867188,7.1002044677734375,2,0.0,0.0,0.0,0.0,0.0,0.0,0.0,0.0,0.0,0.0,1.0,0.0,0.0,True,Qwen/Qwen3-Coder-30B-A3B-Instruct-FP8,None
26@y_name@ASC,Bar,Hard,3.5501022338867188,7.1002044677734375,2,0.0,0.0,0.0,0.0,0.0,0.0,0.0,0.0,0.0,0.0,1.0,0.0,0.0,True,Qwen/Qwen3-Coder-30B-A3B-Instruct-FP8,None
30@y_name@ASC,Bar,Hard,0.5797167301177979,2.8985836505889893,5,0.0,0.0,0.0,0.0,0.0,0.0,0.0,0.0,0.0,0.0,1.0,0.0,0.0,True,Qwen/Qwen3-Coder-30B-A3B-Instruct-FP8,None
30@y_name@ASC,Bar,Hard,0.5797167301177979,2.8985836505889893,5,0.0,0.0,0.0,0.0,0.0,0.0,0.0,0.0,0.0,0.0,1.0,0.0,0.0,True,Qwen/Qwen3-Coder-30B-A3B-Instruct-FP8,None
30@y_name@ASC,Bar,Hard,0.5797167301177979,2.8985836505889893,5,0.0,0.0,0.0,0.0,0.0,0.0,0.0,0.0,0.0,0.0,1.0,0.0,0.0,True,Qwen/Qwen3-Coder-30B-A3B-Instruct-FP8,None
2575@y_name@ASC,Bar,Hard,0.539402961730957,0.539402961730957,1,0.0,0.0,0.0,0.0,0.0,0.0,0.0,0.0,0.0,0.0,1.0,0.0,0.0,True,Qwen/Qwen3-Coder-30B-A3B-Instruct-FP8,None
2575@y_name@ASC,Bar,Hard,0.539402961730957,0.539402961730957,1,0.0,0.0,0.0,0.0,0.0,0.0,0.0,0.0,0.0,0.0,1.0,0.0,0.0,True,Qwen/Qwen3-Coder-30B-A3B-Instruct-FP8,None
2575@y_name@ASC,Bar,Hard,0.539402961730957,0.539402961730957,1,0.0,0.0,0.0,0.0,0.0,0.0,0.0,0.0,0.0,0.0,1.0,0.0,0.0,True,Qwen/Qwen3-Coder-30B-A3B-Instruct-FP8,None
2581@y_name@DESC,Bar,Hard,0.5216021537780762,1.0432043075561523,2,0.0,0.0,0.0,0.0,0.0,0.0,0.0,0.0,0.0,0.0,1.0,0.0,0.0,True,Qwen/Qwen3-Coder-30B-A3B-Instruct-FP8,None
2581@y_name@DESC,Bar,Hard,0.5216021537780762,1.0432043075561523,2,0.0,0.0,0.0,0.0,0.0,0.0,0.0,0.0,0.0,0.0,1.0,0.0,0.0,True,Qwen/Qwen3-Coder-30B-A3B-Instruct-FP8,None
2581@y_name@DESC,Bar,Hard,0.5216021537780762,1.0432043075561523,2,0.0,0.0,0.0,0.0,0.0,0.0,0.0,0.0,0.0,0.0,1.0,0.0,0.0,True,Qwen/Qwen3-Coder-30B-A3B-Instruct-FP8,None
2582@y_name@DESC,Bar,Hard,0.43090033531188965,0.43090033531188965,1,0.0,0.0,0.0,0.0,1.0,0.0,0.0,0.0,0.0,1.0,0.0,,0.0,True,Qwen/Qwen3-Coder-30B-A3B-Instruct-FP8,None
2582@y_name@DESC,Bar,Hard,0.43090033531188965,0.43090033531188965,1,0.0,0.0,0.0,0.0,1.0,0.0,0.0,0.0,0.0,1.0,0.0,,0.0,True,Qwen/Qwen3-Coder-30B-A3B-Instruct-FP8,None
2582@y_name@DESC,Bar,Hard,0.43090033531188965,0.43090033531188965,1,0.0,0.0,0.0,0.0,1.0,0.0,0.0,0.0,0.0,1.0,0.0,,0.0,True,Qwen/Qwen3-Coder-30B-A3B-Instruct-FP8,None
1371@y_name@ASC,Bar,Medium,0.3562365372975667,1.0687096118927002,3,0.0,0.0,0.0,0.0,0.0,0.0,0.0,0.0,0.0,0.0,1.0,0.0,0.0,False,Qwen/Qwen3-Coder-30B-A3B-Instruct-FP8,None
1371@y_name@ASC,Bar,Medium,0.3562365372975667,1.0687096118927002,3,0.0,0.0,0.0,0.0,0.0,0.0,0.0,0.0,0.0,0.0,1.0,0.0,0.0,False,Qwen/Qwen3-Coder-30B-A3B-Instruct-FP8,None
1371@y_name@ASC,Bar,Medium,0.3562365372975667,1.0687096118927002,3,0.0,0.0,0.0,0.0,0.0,0.0,0.0,0.0,0.0,0.0,1.0,0.0,0.0,False,Qwen/Qwen3-Coder-30B-A3B-Instruct-FP8,None
1373@y_name@DESC,Bar,Medium,0.3731566270192464,1.1194698810577393,3,0.0,0.0,0.0,0.0,0.0,0.0,0.0,0.0,0.0,0.0,1.0,0.0,0.0,False,Qwen/Qwen3-Coder-30B-A3B-Instruct-FP8,None
1373@y_name@DESC,Bar,Medium,0.3731566270192464,1.1194698810577393,3,0.0,0.0,0.0,0.0,0.0,0.0,0.0,0.0,0.0,0.0,1.0,0.0,0.0,False,Qwen/Qwen3-Coder-30B-A3B-Instruct-FP8,None
1373@y_name@DESC,Bar,Medium,0.3731566270192464,1.1194698810577393,3,0.0,0.0,0.0,0.0,0.0,0.0,0.0,0.0,0.0,0.0,1.0,0.0,0.0,False,Qwen/Qwen3-Coder-30B-A3B-Instruct-FP8,None
1375@x_name@ASC,Line,Extra Hard,0.5996425151824951,1.1992850303649902,2,0.0,0.0,0.0,0.0,0.0,0.0,0.0,0.0,0.0,0.0,1.0,0.0,0.0,True,Qwen/Qwen3-Coder-30B-A3B-Instruct-FP8,None
1375@x_name@ASC,Line,Extra Hard,0.5996425151824951,1.1992850303649902,2,0.0,0.0,0.0,0.0,0.0,0.0,0.0,0.0,0.0,0.0,1.0,0.0,0.0,True,Qwen/Qwen3-Coder-30B-A3B-Instruct-FP8,None
1375@x_name@ASC,Line,Extra Hard,0.5996425151824951,1.1992850303649902,2,0.0,0.0,0.0,0.0,0.0,0.0,0.0,0.0,0.0,0.0,1.0,0.0,0.0,True,Qwen/Qwen3-Coder-30B-A3B-Instruct-FP8,None
66@y_name@ASC,Bar,Extra Hard,0.7456673383712769,1.4913346767425537,2,0.0,0.0,0.0,0.0,0.0,1.0,0.0,0.0,0.0,1.0,0.0,,0.0,True,Qwen/Qwen3-Coder-30B-A3B-Instruct-FP8,None
66@y_name@ASC,Bar,Extra Hard,0.7456673383712769,1.4913346767425537,2,0.0,0.0,0.0,0.0,0.0,1.0,0.0,0.0,0.0,1.0,0.0,,0.0,True,Qwen/Qwen3-Coder-30B-A3B-Instruct-FP8,None
66@y_name@ASC,Bar,Extra Hard,0.7456673383712769,1.4913346767425537,2,0.0,0.0,0.0,0.0,0.0,1.0,0.0,0.0,0.0,1.0,0.0,,0.0,True,Qwen/Qwen3-Coder-30B-A3B-Instruct-FP8,None
67@y_name@ASC,Bar,Extra Hard,12.063725709915161,24.127451419830322,2,1.0,0.0,0.0,0.0,0.0,0.0,0.0,0.0,1.0,0.0,0.0,,0.0,True,Qwen/Qwen3-Coder-30B-A3B-Instruct-FP8,None
67@y_name@ASC,Bar,Extra Hard,12.063725709915161,24.127451419830322,2,1.0,0.0,0.0,0.0,0.0,0.0,0.0,0.0,1.0,0.0,0.0,,0.0,True,Qwen/Qwen3-Coder-30B-A3B-Instruct-FP8,None
67@y_name@ASC,Bar,Extra Hard,12.063725709915161,24.127451419830322,2,1.0,0.0,0.0,0.0,0.0,0.0,0.0,0.0,1.0,0.0,0.0,,0.0,True,Qwen/Qwen3-Coder-30B-A3B-Instruct-FP8,None
70@y_name@ASC,Bar,Extra Hard,0.9149161577224731,1.8298323154449463,2,0.0,0.0,0.0,0.0,0.0,1.0,0.0,0.0,0.0,1.0,0.0,,0.0,True,Qwen/Qwen3-Coder-30B-A3B-Instruct-FP8,None
70@y_name@ASC,Bar,Extra Hard,0.9149161577224731,1.8298323154449463,2,0.0,0.0,0.0,0.0,0.0,1.0,0.0,0.0,0.0,1.0,0.0,,0.0,True,Qwen/Qwen3-Coder-30B-A3B-Instruct-FP8,None
70@y_name@ASC,Bar,Extra Hard,0.9149161577224731,1.8298323154449463,2,0.0,0.0,0.0,0.0,0.0,1.0,0.0,0.0,0.0,1.0,0.0,,0.0,True,Qwen/Qwen3-Coder-30B-A3B-Instruct-FP8,None
71@y_name@ASC,Bar,Extra Hard,0.7199287414550781,1.4398574829101562,2,0.0,0.0,0.0,0.0,0.0,0.0,0.0,0.0,0.0,0.0,1.0,0.0,0.0,True,Qwen/Qwen3-Coder-30B-A3B-Instruct-FP8,None
71@y_name@ASC,Bar,Extra Hard,0.7199287414550781,1.4398574829101562,2,0.0,0.0,0.0,0.0,0.0,0.0,0.0,0.0,0.0,0.0,1.0,0.0,0.0,True,Qwen/Qwen3-Coder-30B-A3B-Instruct-FP8,None
71@y_name@ASC,Bar,Extra Hard,0.7199287414550781,1.4398574829101562,2,0.0,0.0,0.0,0.0,0.0,0.0,0.0,0.0,0.0,0.0,1.0,0.0,0.0,True,Qwen/Qwen3-Coder-30B-A3B-Instruct-FP8,None
75@y_name@ASC,Bar,Extra Hard,0.7596704959869385,1.519340991973877,2,0.0,0.0,0.0,0.0,0.0,1.0,0.0,0.0,0.0,1.0,0.0,,0.0,True,Qwen/Qwen3-Coder-30B-A3B-Instruct-FP8,None
75@y_name@ASC,Bar,Extra Hard,0.7596704959869385,1.519340991973877,2,0.0,0.0,0.0,0.0,0.0,1.0,0.0,0.0,0.0,1.0,0.0,,0.0,True,Qwen/Qwen3-Coder-30B-A3B-Instruct-FP8,None
75@y_name@ASC,Bar,Extra Hard,0.7596704959869385,1.519340991973877,2,0.0,0.0,0.0,0.0,0.0,1.0,0.0,0.0,0.0,1.0,0.0,,0.0,True,Qwen/Qwen3-Coder-30B-A3B-Instruct-FP8,None
76@y_name@DESC,Bar,Extra Hard,0.7582244873046875,0.7582244873046875,1,0.0,0.0,0.0,0.0,0.0,0.0,0.0,0.0,0.0,0.0,1.0,0.0,0.0,True,Qwen/Qwen3-Coder-30B-A3B-Instruct-FP8,None
76@y_name@DESC,Bar,Extra Hard,0.7582244873046875,0.7582244873046875,1,0.0,0.0,0.0,0.0,0.0,0.0,0.0,0.0,0.0,0.0,1.0,0.0,0.0,True,Qwen/Qwen3-Coder-30B-A3B-Instruct-FP8,None
76@y_name@DESC,Bar,Extra Hard,0.7582244873046875,0.7582244873046875,1,0.0,0.0,0.0,0.0,0.0,0.0,0.0,0.0,0.0,0.0,1.0,0.0,0.0,True,Qwen/Qwen3-Coder-30B-A3B-Instruct-FP8,None
82@x_name@ASC,Bar,Extra Hard,0.6389778852462769,1.2779557704925537,2,0.0,0.0,0.0,0.0,0.0,0.0,0.0,0.0,0.0,0.0,1.0,0.0,0.0,True,Qwen/Qwen3-Coder-30B-A3B-Instruct-FP8,None
82@x_name@ASC,Bar,Extra Hard,0.6389778852462769,1.2779557704925537,2,0.0,0.0,0.0,0.0,0.0,0.0,0.0,0.0,0.0,0.0,1.0,0.0,0.0,True,Qwen/Qwen3-Coder-30B-A3B-Instruct-FP8,None
82@x_name@ASC,Bar,Extra Hard,0.6389778852462769,1.2779557704925537,2,0.0,0.0,0.0,0.0,0.0,0.0,0.0,0.0,0.0,0.0,1.0,0.0,0.0,True,Qwen/Qwen3-Coder-30B-A3B-Instruct-FP8,None
83@y_name@ASC,Bar,Medium,0.5356653928756714,1.0713307857513428,2,0.0,0.0,0.0,0.0,0.0,1.0,0.0,0.0,0.0,1.0,0.0,,0.0,False,Qwen/Qwen3-Coder-30B-A3B-Instruct-FP8,None
83@y_name@ASC,Bar,Medium,0.5356653928756714,1.0713307857513428,2,0.0,0.0,0.0,0.0,0.0,1.0,0.0,0.0,0.0,1.0,0.0,,0.0,False,Qwen/Qwen3-Coder-30B-A3B-Instruct-FP8,None
83@y_name@ASC,Bar,Medium,0.5356653928756714,1.0713307857513428,2,0.0,0.0,0.0,0.0,0.0,1.0,0.0,0.0,0.0,1.0,0.0,,0.0,False,Qwen/Qwen3-Coder-30B-A3B-Instruct-FP8,None
84@y_name@ASC,Bar,Medium,10.50857698917389,21.01715397834778,2,0.5,0.0,0.0,0.0,0.0,0.0,0.0,0.0,0.5,0.0,0.5,0.0,0.0,False,Qwen/Qwen3-Coder-30B-A3B-Instruct-FP8,None
84@y_name@ASC,Bar,Medium,10.50857698917389,21.01715397834778,2,0.5,0.0,0.0,0.0,0.0,0.0,0.0,0.0,0.5,0.0,0.5,0.0,0.0,False,Qwen/Qwen3-Coder-30B-A3B-Instruct-FP8,None
84@y_name@ASC,Bar,Medium,10.50857698917389,21.01715397834778,2,0.5,0.0,0.0,0.0,0.0,0.0,0.0,0.0,0.5,0.0,0.5,0.0,0.0,False,Qwen/Qwen3-Coder-30B-A3B-Instruct-FP8,None
87@x_name@DESC,Line,Medium,0.5388903617858887,0.5388903617858887,1,0.0,0.0,0.0,0.0,0.0,1.0,0.0,0.0,0.0,1.0,0.0,,0.0,False,Qwen/Qwen3-Coder-30B-A3B-Instruct-FP8,None
87@x_name@DESC,Line,Medium,0.5388903617858887,0.5388903617858887,1,0.0,0.0,0.0,0.0,0.0,1.0,0.0,0.0,0.0,1.0,0.0,,0.0,False,Qwen/Qwen3-Coder-30B-A3B-Instruct-FP8,None
87@x_name@DESC,Line,Medium,0.5388903617858887,0.5388903617858887,1,0.0,0.0,0.0,0.0,0.0,1.0,0.0,0.0,0.0,1.0,0.0,,0.0,False,Qwen/Qwen3-Coder-30B-A3B-Instruct-FP8,None
88@y_name@ASC,Bar,Hard,0.531842311223348,1.595526933670044,3,0.0,0.0,0.0,0.0,0.0,1.0,0.0,0.0,0.0,1.0,0.0,,0.0,True,Qwen/Qwen3-Coder-30B-A3B-Instruct-FP8,None
88@y_name@ASC,Bar,Hard,0.531842311223348,1.595526933670044,3,0.0,0.0,0.0,0.0,0.0,1.0,0.0,0.0,0.0,1.0,0.0,,0.0,True,Qwen/Qwen3-Coder-30B-A3B-Instruct-FP8,None
88@y_name@ASC,Bar,Hard,0.531842311223348,1.595526933670044,3,0.0,0.0,0.0,0.0,0.0,1.0,0.0,0.0,0.0,1.0,0.0,,0.0,True,Qwen/Qwen3-Coder-30B-A3B-Instruct-FP8,None
89@y_name@ASC,Bar,Hard,0.5012549161911011,1.0025098323822021,2,0.0,0.0,0.0,0.0,0.0,1.0,0.0,0.0,0.0,1.0,0.0,,0.0,True,Qwen/Qwen3-Coder-30B-A3B-Instruct-FP8,None
89@y_name@ASC,Bar,Hard,0.5012549161911011,1.0025098323822021,2,0.0,0.0,0.0,0.0,0.0,1.0,0.0,0.0,0.0,1.0,0.0,,0.0,True,Qwen/Qwen3-Coder-30B-A3B-Instruct-FP8,None
89@y_name@ASC,Bar,Hard,0.5012549161911011,1.0025098323822021,2,0.0,0.0,0.0,0.0,0.0,1.0,0.0,0.0,0.0,1.0,0.0,,0.0,True,Qwen/Qwen3-Coder-30B-A3B-Instruct-FP8,None
90@y_name@DESC,Bar,Hard,8.033397793769836,16.066795587539673,2,0.5,0.0,0.0,0.0,0.0,0.0,0.0,0.0,0.5,0.0,0.5,0.0,0.0,True,Qwen/Qwen3-Coder-30B-A3B-Instruct-FP8,None
90@y_name@DESC,Bar,Hard,8.033397793769836,16.066795587539673,2,0.5,0.0,0.0,0.0,0.0,0.0,0.0,0.0,0.5,0.0,0.5,0.0,0.0,True,Qwen/Qwen3-Coder-30B-A3B-Instruct-FP8,None
90@y_name@DESC,Bar,Hard,8.033397793769836,16.066795587539673,2,0.5,0.0,0.0,0.0,0.0,0.0,0.0,0.0,0.5,0.0,0.5,0.0,0.0,True,Qwen/Qwen3-Coder-30B-A3B-Instruct-FP8,None
91@y_name@ASC,Bar,Hard,12.145581603050232,24.291163206100464,2,0.5,0.0,0.0,0.0,0.0,0.0,0.0,0.0,0.5,0.0,0.5,0.0,0.0,True,Qwen/Qwen3-Coder-30B-A3B-Instruct-FP8,None
91@y_name@ASC,Bar,Hard,12.145581603050232,24.291163206100464,2,0.5,0.0,0.0,0.0,0.0,0.0,0.0,0.0,0.5,0.0,0.5,0.0,0.0,True,Qwen/Qwen3-Coder-30B-A3B-Instruct-FP8,None
91@y_name@ASC,Bar,Hard,12.145581603050232,24.291163206100464,2,0.5,0.0,0.0,0.0,0.0,0.0,0.0,0.0,0.5,0.0,0.5,0.0,0.0,True,Qwen/Qwen3-Coder-30B-A3B-Instruct-FP8,None
92@y_name@ASC,Bar,Hard,0.6569045782089233,1.3138091564178467,2,0.0,0.0,0.0,0.0,0.0,0.0,0.0,0.0,0.0,0.0,1.0,0.0,0.0,True,Qwen/Qwen3-Coder-30B-A3B-Instruct-FP8,None
92@y_name@ASC,Bar,Hard,0.6569045782089233,1.3138091564178467,2,0.0,0.0,0.0,0.0,0.0,0.0,0.0,0.0,0.0,0.0,1.0,0.0,0.0,True,Qwen/Qwen3-Coder-30B-A3B-Instruct-FP8,None
92@y_name@ASC,Bar,Hard,0.6569045782089233,1.3138091564178467,2,0.0,0.0,0.0,0.0,0.0,0.0,0.0,0.0,0.0,0.0,1.0,0.0,0.0,True,Qwen/Qwen3-Coder-30B-A3B-Instruct-FP8,None
99@y_name@DESC,Bar,Hard,0.55500328540802,1.11000657081604,2,0.0,0.0,0.0,0.0,0.0,0.0,0.0,0.0,0.0,0.0,1.0,0.0,0.0,True,Qwen/Qwen3-Coder-30B-A3B-Instruct-FP8,None
99@y_name@DESC,Bar,Hard,0.55500328540802,1.11000657081604,2,0.0,0.0,0.0,0.0,0.0,0.0,0.0,0.0,0.0,0.0,1.0,0.0,0.0,True,Qwen/Qwen3-Coder-30B-A3B-Instruct-FP8,None
99@y_name@DESC,Bar,Hard,0.55500328540802,1.11000657081604,2,0.0,0.0,0.0,0.0,0.0,0.0,0.0,0.0,0.0,0.0,1.0,0.0,0.0,True,Qwen/Qwen3-Coder-30B-A3B-Instruct-FP8,None
100@y_name@DESC,Bar,Hard,7.019928932189941,14.039857864379883,2,0.5,0.0,0.0,0.0,0.0,0.0,0.0,0.0,0.5,0.0,0.5,0.0,0.0,True,Qwen/Qwen3-Coder-30B-A3B-Instruct-FP8,None
100@y_name@DESC,Bar,Hard,7.019928932189941,14.039857864379883,2,0.5,0.0,0.0,0.0,0.0,0.0,0.0,0.0,0.5,0.0,0.5,0.0,0.0,True,Qwen/Qwen3-Coder-30B-A3B-Instruct-FP8,None
100@y_name@DESC,Bar,Hard,7.019928932189941,14.039857864379883,2,0.5,0.0,0.0,0.0,0.0,0.0,0.0,0.0,0.5,0.0,0.5,0.0,0.0,True,Qwen/Qwen3-Coder-30B-A3B-Instruct-FP8,None
102@y_name@ASC,Bar,Hard,0.6517695188522339,1.3035390377044678,2,0.0,0.0,0.0,0.0,0.0,0.0,0.0,0.0,0.0,0.0,1.0,0.0,0.0,True,Qwen/Qwen3-Coder-30B-A3B-Instruct-FP8,None
102@y_name@ASC,Bar,Hard,0.6517695188522339,1.3035390377044678,2,0.0,0.0,0.0,0.0,0.0,0.0,0.0,0.0,0.0,0.0,1.0,0.0,0.0,True,Qwen/Qwen3-Coder-30B-A3B-Instruct-FP8,None
102@y_name@ASC,Bar,Hard,0.6517695188522339,1.3035390377044678,2,0.0,0.0,0.0,0.0,0.0,0.0,0.0,0.0,0.0,0.0,1.0,0.0,0.0,True,Qwen/Qwen3-Coder-30B-A3B-Instruct-FP8,None
104@y_name@ASC,Bar,Extra Hard,27.32796573638916,54.65593147277832,2,0.0,0.0,0.0,0.0,0.0,0.0,0.0,0.0,0.0,0.0,1.0,0.0,0.0,True,Qwen/Qwen3-Coder-30B-A3B-Instruct-FP8,None
104@y_name@ASC,Bar,Extra Hard,27.32796573638916,54.65593147277832,2,0.0,0.0,0.0,0.0,0.0,0.0,0.0,0.0,0.0,0.0,1.0,0.0,0.0,True,Qwen/Qwen3-Coder-30B-A3B-Instruct-FP8,None
104@y_name@ASC,Bar,Extra Hard,27.32796573638916,54.65593147277832,2,0.0,0.0,0.0,0.0,0.0,0.0,0.0,0.0,0.0,0.0,1.0,0.0,0.0,True,Qwen/Qwen3-Coder-30B-A3B-Instruct-FP8,None
1521@y_name@ASC,Bar,Hard,23.68639373779297,118.43196868896484,5,0.0,0.0,0.0,0.0,0.0,0.0,0.0,0.0,0.0,0.0,1.0,0.0,0.0,True,Qwen/Qwen3-Coder-30B-A3B-Instruct-FP8,None
1521@y_name@ASC,Bar,Hard,23.68639373779297,118.43196868896484,5,0.0,0.0,0.0,0.0,0.0,0.0,0.0,0.0,0.0,0.0,1.0,0.0,0.0,True,Qwen/Qwen3-Coder-30B-A3B-Instruct-FP8,None
1521@y_name@ASC,Bar,Hard,23.68639373779297,118.43196868896484,5,0.0,0.0,0.0,0.0,0.0,0.0,0.0,0.0,0.0,0.0,1.0,0.0,0.0,True,Qwen/Qwen3-Coder-30B-A3B-Instruct-FP8,None
2855@x_name@ASC,Bar,Medium,0.43518439928690594,1.3055531978607178,3,0.0,0.0,0.0,0.0,1.0,0.0,0.0,0.0,0.0,1.0,0.0,,0.0,False,Qwen/Qwen3-Coder-30B-A3B-Instruct-FP8,None
2855@x_name@ASC,Bar,Medium,0.43518439928690594,1.3055531978607178,3,0.0,0.0,0.0,0.0,1.0,0.0,0.0,0.0,0.0,1.0,0.0,,0.0,False,Qwen/Qwen3-Coder-30B-A3B-Instruct-FP8,None
2855@x_name@ASC,Bar,Medium,0.43518439928690594,1.3055531978607178,3,0.0,0.0,0.0,0.0,1.0,0.0,0.0,0.0,0.0,1.0,0.0,,0.0,False,Qwen/Qwen3-Coder-30B-A3B-Instruct-FP8,None
1329@y_name@DESC,Bar,Hard,0.543599009513855,1.08719801902771,2,0.0,0.0,0.0,0.0,0.0,0.0,0.0,0.0,0.0,0.0,1.0,0.0,0.0,True,Qwen/Qwen3-Coder-30B-A3B-Instruct-FP8,None
1329@y_name@DESC,Bar,Hard,0.543599009513855,1.08719801902771,2,0.0,0.0,0.0,0.0,0.0,0.0,0.0,0.0,0.0,0.0,1.0,0.0,0.0,True,Qwen/Qwen3-Coder-30B-A3B-Instruct-FP8,None
1329@y_name@DESC,Bar,Hard,0.543599009513855,1.08719801902771,2,0.0,0.0,0.0,0.0,0.0,0.0,0.0,0.0,0.0,0.0,1.0,0.0,0.0,True,Qwen/Qwen3-Coder-30B-A3B-Instruct-FP8,None
1335@y_name@DESC,Bar,Medium,0.42981775601704914,2.578906536102295,6,0.0,0.0,0.0,0.0,1.0,0.0,0.0,0.0,0.0,1.0,0.0,,0.0,False,Qwen/Qwen3-Coder-30B-A3B-Instruct-FP8,None
1335@y_name@DESC,Bar,Medium,0.42981775601704914,2.578906536102295,6,0.0,0.0,0.0,0.0,1.0,0.0,0.0,0.0,0.0,1.0,0.0,,0.0,False,Qwen/Qwen3-Coder-30B-A3B-Instruct-FP8,None
1335@y_name@DESC,Bar,Medium,0.42981775601704914,2.578906536102295,6,0.0,0.0,0.0,0.0,1.0,0.0,0.0,0.0,0.0,1.0,0.0,,0.0,False,Qwen/Qwen3-Coder-30B-A3B-Instruct-FP8,None
1349@x_name@ASC,Grouping Line,Extra Hard,13.086798270543417,39.26039481163025,3,1.0,0.0,0.0,0.0,0.0,0.0,0.0,0.0,1.0,0.0,0.0,,0.0,False,Qwen/Qwen3-Coder-30B-A3B-Instruct-FP8,None
1349@x_name@ASC,Grouping Line,Extra Hard,13.086798270543417,39.26039481163025,3,1.0,0.0,0.0,0.0,0.0,0.0,0.0,0.0,1.0,0.0,0.0,,0.0,False,Qwen/Qwen3-Coder-30B-A3B-Instruct-FP8,None
1349@x_name@ASC,Grouping Line,Extra Hard,13.086798270543417,39.26039481163025,3,1.0,0.0,0.0,0.0,0.0,0.0,0.0,0.0,1.0,0.0,0.0,,0.0,False,Qwen/Qwen3-Coder-30B-A3B-Instruct-FP8,None
1356@x_name@ASC,Line,Medium,0.44242703914642334,1.7697081565856934,4,0.0,0.0,0.0,0.0,0.0,0.0,0.0,0.0,0.0,0.0,1.0,0.0,0.0,False,Qwen/Qwen3-Coder-30B-A3B-Instruct-FP8,None
1356@x_name@ASC,Line,Medium,0.44242703914642334,1.7697081565856934,4,0.0,0.0,0.0,0.0,0.0,0.0,0.0,0.0,0.0,0.0,1.0,0.0,0.0,False,Qwen/Qwen3-Coder-30B-A3B-Instruct-FP8,None
1356@x_name@ASC,Line,Medium,0.44242703914642334,1.7697081565856934,4,0.0,0.0,0.0,0.0,0.0,0.0,0.0,0.0,0.0,0.0,1.0,0.0,0.0,False,Qwen/Qwen3-Coder-30B-A3B-Instruct-FP8,None
515@y_name@ASC,Bar,Medium,0.39413267374038696,1.5765306949615479,4,0.0,0.0,0.0,0.0,0.0,0.0,0.0,0.0,0.0,0.0,1.0,0.0,0.0,False,Qwen/Qwen3-Coder-30B-A3B-Instruct-FP8,None
515@y_name@ASC,Bar,Medium,0.39413267374038696,1.5765306949615479,4,0.0,0.0,0.0,0.0,0.0,0.0,0.0,0.0,0.0,0.0,1.0,0.0,0.0,False,Qwen/Qwen3-Coder-30B-A3B-Instruct-FP8,None
515@y_name@ASC,Bar,Medium,0.39413267374038696,1.5765306949615479,4,0.0,0.0,0.0,0.0,0.0,0.0,0.0,0.0,0.0,0.0,1.0,0.0,0.0,False,Qwen/Qwen3-Coder-30B-A3B-Instruct-FP8,None
522@y_name@DESC,Stacked Bar,Extra Hard,6.671868324279785,6.671868324279785,1,0.0,0.0,0.0,0.0,1.0,0.0,0.0,0.0,0.0,1.0,0.0,,0.0,True,Qwen/Qwen3-Coder-30B-A3B-Instruct-FP8,None
522@y_name@DESC,Stacked Bar,Extra Hard,6.671868324279785,6.671868324279785,1,0.0,0.0,0.0,0.0,1.0,0.0,0.0,0.0,0.0,1.0,0.0,,0.0,True,Qwen/Qwen3-Coder-30B-A3B-Instruct-FP8,None
522@y_name@DESC,Stacked Bar,Extra Hard,6.671868324279785,6.671868324279785,1,0.0,0.0,0.0,0.0,1.0,0.0,0.0,0.0,0.0,1.0,0.0,,0.0,True,Qwen/Qwen3-Coder-30B-A3B-Instruct-FP8,None
523@x_name@ASC,Bar,Hard,0.5807015895843506,0.5807015895843506,1,0.0,0.0,0.0,0.0,0.0,0.0,0.0,0.0,0.0,0.0,1.0,0.0,0.0,True,Qwen/Qwen3-Coder-30B-A3B-Instruct-FP8,None
523@x_name@ASC,Bar,Hard,0.5807015895843506,0.5807015895843506,1,0.0,0.0,0.0,0.0,0.0,0.0,0.0,0.0,0.0,0.0,1.0,0.0,0.0,True,Qwen/Qwen3-Coder-30B-A3B-Instruct-FP8,None
523@x_name@ASC,Bar,Hard,0.5807015895843506,0.5807015895843506,1,0.0,0.0,0.0,0.0,0.0,0.0,0.0,0.0,0.0,0.0,1.0,0.0,0.0,True,Qwen/Qwen3-Coder-30B-A3B-Instruct-FP8,None
529@x_name@DESC,Bar,Hard,0.5784075260162354,0.5784075260162354,1,0.0,0.0,0.0,0.0,0.0,0.0,0.0,0.0,0.0,0.0,1.0,0.0,0.0,False,Qwen/Qwen3-Coder-30B-A3B-Instruct-FP8,None
529@x_name@DESC,Bar,Hard,0.5784075260162354,0.5784075260162354,1,0.0,0.0,0.0,0.0,0.0,0.0,0.0,0.0,0.0,0.0,1.0,0.0,0.0,False,Qwen/Qwen3-Coder-30B-A3B-Instruct-FP8,None
529@x_name@DESC,Bar,Hard,0.5784075260162354,0.5784075260162354,1,0.0,0.0,0.0,0.0,0.0,0.0,0.0,0.0,0.0,0.0,1.0,0.0,0.0,False,Qwen/Qwen3-Coder-30B-A3B-Instruct-FP8,None
533@y_name@DESC,Bar,Easy,0.4495912392934163,1.348773717880249,3,0.0,0.0,0.0,0.0,0.0,0.0,0.0,0.0,0.0,0.0,1.0,0.0,0.0,False,Qwen/Qwen3-Coder-30B-A3B-Instruct-FP8,None
533@y_name@DESC,Bar,Easy,0.4495912392934163,1.348773717880249,3,0.0,0.0,0.0,0.0,0.0,0.0,0.0,0.0,0.0,0.0,1.0,0.0,0.0,False,Qwen/Qwen3-Coder-30B-A3B-Instruct-FP8,None
533@y_name@DESC,Bar,Easy,0.4495912392934163,1.348773717880249,3,0.0,0.0,0.0,0.0,0.0,0.0,0.0,0.0,0.0,0.0,1.0,0.0,0.0,False,Qwen/Qwen3-Coder-30B-A3B-Instruct-FP8,None
543@x_name@DESC,Bar,Medium,0.41137099266052246,0.8227419853210449,2,0.0,0.0,0.0,0.0,0.0,0.5,0.0,0.0,0.0,0.5,0.5,0.0,0.0,False,Qwen/Qwen3-Coder-30B-A3B-Instruct-FP8,None
543@x_name@DESC,Bar,Medium,0.41137099266052246,0.8227419853210449,2,0.0,0.0,0.0,0.0,0.0,0.5,0.0,0.0,0.0,0.5,0.5,0.0,0.0,False,Qwen/Qwen3-Coder-30B-A3B-Instruct-FP8,None
543@x_name@DESC,Bar,Medium,0.41137099266052246,0.8227419853210449,2,0.0,0.0,0.0,0.0,0.0,0.5,0.0,0.0,0.0,0.5,0.5,0.0,0.0,False,Qwen/Qwen3-Coder-30B-A3B-Instruct-FP8,None
544@x_name@DESC,Bar,Hard,0.5903043746948242,0.5903043746948242,1,0.0,0.0,0.0,0.0,0.0,1.0,0.0,0.0,0.0,1.0,0.0,,0.0,True,Qwen/Qwen3-Coder-30B-A3B-Instruct-FP8,None
544@x_name@DESC,Bar,Hard,0.5903043746948242,0.5903043746948242,1,0.0,0.0,0.0,0.0,0.0,1.0,0.0,0.0,0.0,1.0,0.0,,0.0,True,Qwen/Qwen3-Coder-30B-A3B-Instruct-FP8,None
544@x_name@DESC,Bar,Hard,0.5903043746948242,0.5903043746948242,1,0.0,0.0,0.0,0.0,0.0,1.0,0.0,0.0,0.0,1.0,0.0,,0.0,True,Qwen/Qwen3-Coder-30B-A3B-Instruct-FP8,None
545@x_name@DESC,Bar,Hard,1.1215620040893555,1.1215620040893555,1,0.0,0.0,0.0,0.0,0.0,0.0,0.0,0.0,0.0,0.0,1.0,0.0,0.0,True,Qwen/Qwen3-Coder-30B-A3B-Instruct-FP8,None
545@x_name@DESC,Bar,Hard,1.1215620040893555,1.1215620040893555,1,0.0,0.0,0.0,0.0,0.0,0.0,0.0,0.0,0.0,0.0,1.0,0.0,0.0,True,Qwen/Qwen3-Coder-30B-A3B-Instruct-FP8,None
545@x_name@DESC,Bar,Hard,1.1215620040893555,1.1215620040893555,1,0.0,0.0,0.0,0.0,0.0,0.0,0.0,0.0,0.0,0.0,1.0,0.0,0.0,True,Qwen/Qwen3-Coder-30B-A3B-Instruct-FP8,None
548@x_name@ASC,Line,Extra Hard,2.8712252378463745,5.742450475692749,2,0.0,0.0,0.0,0.0,0.5,0.0,0.0,0.0,0.0,0.5,0.5,0.0,0.0,True,Qwen/Qwen3-Coder-30B-A3B-Instruct-FP8,None
548@x_name@ASC,Line,Extra Hard,2.8712252378463745,5.742450475692749,2,0.0,0.0,0.0,0.0,0.5,0.0,0.0,0.0,0.0,0.5,0.5,0.0,0.0,True,Qwen/Qwen3-Coder-30B-A3B-Instruct-FP8,None
548@x_name@ASC,Line,Extra Hard,2.8712252378463745,5.742450475692749,2,0.0,0.0,0.0,0.0,0.5,0.0,0.0,0.0,0.0,0.5,0.5,0.0,0.0,True,Qwen/Qwen3-Coder-30B-A3B-Instruct-FP8,None
550@y_name@DESC,Bar,Extra Hard,10.655673623085022,21.311347246170044,2,0.5,0.0,0.0,0.0,0.0,0.0,0.0,0.0,0.5,0.0,0.5,0.0,0.0,True,Qwen/Qwen3-Coder-30B-A3B-Instruct-FP8,None
550@y_name@DESC,Bar,Extra Hard,10.655673623085022,21.311347246170044,2,0.5,0.0,0.0,0.0,0.0,0.0,0.0,0.0,0.5,0.0,0.5,0.0,0.0,True,Qwen/Qwen3-Coder-30B-A3B-Instruct-FP8,None
550@y_name@DESC,Bar,Extra Hard,10.655673623085022,21.311347246170044,2,0.5,0.0,0.0,0.0,0.0,0.0,0.0,0.0,0.5,0.0,0.5,0.0,0.0,True,Qwen/Qwen3-Coder-30B-A3B-Instruct-FP8,None
552@y_name@ASC,Bar,Extra Hard,12.457599401473999,24.915198802947998,2,0.5,0.0,0.0,0.0,0.5,0.0,0.0,0.0,0.5,0.5,0.0,,0.0,True,Qwen/Qwen3-Coder-30B-A3B-Instruct-FP8,None
552@y_name@ASC,Bar,Extra Hard,12.457599401473999,24.915198802947998,2,0.5,0.0,0.0,0.0,0.5,0.0,0.0,0.0,0.5,0.5,0.0,,0.0,True,Qwen/Qwen3-Coder-30B-A3B-Instruct-FP8,None
552@y_name@ASC,Bar,Extra Hard,12.457599401473999,24.915198802947998,2,0.5,0.0,0.0,0.0,0.5,0.0,0.0,0.0,0.5,0.5,0.0,,0.0,True,Qwen/Qwen3-Coder-30B-A3B-Instruct-FP8,None
553@y_name@DESC,Bar,Medium,0.39514980316162107,1.9757490158081055,5,0.0,0.0,0.0,0.0,0.0,0.0,0.0,0.0,0.0,0.0,1.0,0.0,0.0,False,Qwen/Qwen3-Coder-30B-A3B-Instruct-FP8,None
553@y_name@DESC,Bar,Medium,0.39514980316162107,1.9757490158081055,5,0.0,0.0,0.0,0.0,0.0,0.0,0.0,0.0,0.0,0.0,1.0,0.0,0.0,False,Qwen/Qwen3-Coder-30B-A3B-Instruct-FP8,None
553@y_name@DESC,Bar,Medium,0.39514980316162107,1.9757490158081055,5,0.0,0.0,0.0,0.0,0.0,0.0,0.0,0.0,0.0,0.0,1.0,0.0,0.0,False,Qwen/Qwen3-Coder-30B-A3B-Instruct-FP8,None
555@y_name@DESC,Bar,Hard,16.00962084531784,64.03848338127136,4,0.0,0.0,0.0,0.0,0.5,0.0,0.0,0.0,0.0,0.5,0.5,0.0,0.0,True,Qwen/Qwen3-Coder-30B-A3B-Instruct-FP8,None
555@y_name@DESC,Bar,Hard,16.00962084531784,64.03848338127136,4,0.0,0.0,0.0,0.0,0.5,0.0,0.0,0.0,0.0,0.5,0.5,0.0,0.0,True,Qwen/Qwen3-Coder-30B-A3B-Instruct-FP8,None
555@y_name@DESC,Bar,Hard,16.00962084531784,64.03848338127136,4,0.0,0.0,0.0,0.0,0.5,0.0,0.0,0.0,0.0,0.5,0.5,0.0,0.0,True,Qwen/Qwen3-Coder-30B-A3B-Instruct-FP8,None
558@x_name@ASC,Stacked Bar,Extra Hard,30.199825167655945,60.39965033531189,2,0.0,0.0,0.0,0.0,0.0,0.0,0.0,0.0,0.0,0.0,1.0,0.0,0.0,True,Qwen/Qwen3-Coder-30B-A3B-Instruct-FP8,None
558@x_name@ASC,Stacked Bar,Extra Hard,30.199825167655945,60.39965033531189,2,0.0,0.0,0.0,0.0,0.0,0.0,0.0,0.0,0.0,0.0,1.0,0.0,0.0,True,Qwen/Qwen3-Coder-30B-A3B-Instruct-FP8,None
558@x_name@ASC,Stacked Bar,Extra Hard,30.199825167655945,60.39965033531189,2,0.0,0.0,0.0,0.0,0.0,0.0,0.0,0.0,0.0,0.0,1.0,0.0,0.0,True,Qwen/Qwen3-Coder-30B-A3B-Instruct-FP8,None
564@x_name@ASC,Bar,Medium,18.207661310831707,54.62298393249512,3,0.0,0.0,0.0,0.0,0.0,0.3333333333333333,0.0,0.0,0.0,0.3333333333333333,0.6666666666666666,0.0,0.0,False,Qwen/Qwen3-Coder-30B-A3B-Instruct-FP8,None
564@x_name@ASC,Bar,Medium,18.207661310831707,54.62298393249512,3,0.0,0.0,0.0,0.0,0.0,0.3333333333333333,0.0,0.0,0.0,0.3333333333333333,0.6666666666666666,0.0,0.0,False,Qwen/Qwen3-Coder-30B-A3B-Instruct-FP8,None
564@x_name@ASC,Bar,Medium,18.207661310831707,54.62298393249512,3,0.0,0.0,0.0,0.0,0.0,0.3333333333333333,0.0,0.0,0.0,0.3333333333333333,0.6666666666666666,0.0,0.0,False,Qwen/Qwen3-Coder-30B-A3B-Instruct-FP8,None
576@y_name@DESC,Bar,Extra Hard,29.71923303604126,59.43846607208252,2,0.0,0.0,0.0,0.0,0.0,0.0,0.0,0.0,0.0,0.0,1.0,0.0,0.0,True,Qwen/Qwen3-Coder-30B-A3B-Instruct-FP8,None
576@y_name@DESC,Bar,Extra Hard,29.71923303604126,59.43846607208252,2,0.0,0.0,0.0,0.0,0.0,0.0,0.0,0.0,0.0,0.0,1.0,0.0,0.0,True,Qwen/Qwen3-Coder-30B-A3B-Instruct-FP8,None
576@y_name@DESC,Bar,Extra Hard,29.71923303604126,59.43846607208252,2,0.0,0.0,0.0,0.0,0.0,0.0,0.0,0.0,0.0,0.0,1.0,0.0,0.0,True,Qwen/Qwen3-Coder-30B-A3B-Instruct-FP8,None
578@y_name@ASC,Bar,Extra Hard,0.9924384355545044,1.9848768711090088,2,0.0,0.0,0.0,0.0,0.0,0.0,0.0,0.0,0.0,0.0,1.0,0.0,0.0,True,Qwen/Qwen3-Coder-30B-A3B-Instruct-FP8,None
578@y_name@ASC,Bar,Extra Hard,0.9924384355545044,1.9848768711090088,2,0.0,0.0,0.0,0.0,0.0,0.0,0.0,0.0,0.0,0.0,1.0,0.0,0.0,True,Qwen/Qwen3-Coder-30B-A3B-Instruct-FP8,None
578@y_name@ASC,Bar,Extra Hard,0.9924384355545044,1.9848768711090088,2,0.0,0.0,0.0,0.0,0.0,0.0,0.0,0.0,0.0,0.0,1.0,0.0,0.0,True,Qwen/Qwen3-Coder-30B-A3B-Instruct-FP8,None
580@x_name@DESC,Bar,Medium,10.610482931137085,10.610482931137085,1,0.0,0.0,0.0,0.0,0.0,1.0,0.0,0.0,0.0,1.0,0.0,,0.0,False,Qwen/Qwen3-Coder-30B-A3B-Instruct-FP8,None
580@x_name@DESC,Bar,Medium,10.610482931137085,10.610482931137085,1,0.0,0.0,0.0,0.0,0.0,1.0,0.0,0.0,0.0,1.0,0.0,,0.0,False,Qwen/Qwen3-Coder-30B-A3B-Instruct-FP8,None
580@x_name@DESC,Bar,Medium,10.610482931137085,10.610482931137085,1,0.0,0.0,0.0,0.0,0.0,1.0,0.0,0.0,0.0,1.0,0.0,,0.0,False,Qwen/Qwen3-Coder-30B-A3B-Instruct-FP8,None
586@x_name@DESC,Bar,Medium,0.46923351287841797,1.407700538635254,3,0.0,0.0,0.0,0.0,0.0,0.0,0.0,0.0,0.0,0.0,1.0,0.0,0.0,False,Qwen/Qwen3-Coder-30B-A3B-Instruct-FP8,None
586@x_name@DESC,Bar,Medium,0.46923351287841797,1.407700538635254,3,0.0,0.0,0.0,0.0,0.0,0.0,0.0,0.0,0.0,0.0,1.0,0.0,0.0,False,Qwen/Qwen3-Coder-30B-A3B-Instruct-FP8,None
586@x_name@DESC,Bar,Medium,0.46923351287841797,1.407700538635254,3,0.0,0.0,0.0,0.0,0.0,0.0,0.0,0.0,0.0,0.0,1.0,0.0,0.0,False,Qwen/Qwen3-Coder-30B-A3B-Instruct-FP8,None
2156@y_name@DESC,Bar,Extra Hard,0.699777364730835,0.699777364730835,1,0.0,0.0,0.0,0.0,0.0,0.0,0.0,0.0,0.0,0.0,1.0,0.0,0.0,True,Qwen/Qwen3-Coder-30B-A3B-Instruct-FP8,None
2156@y_name@DESC,Bar,Extra Hard,0.699777364730835,0.699777364730835,1,0.0,0.0,0.0,0.0,0.0,0.0,0.0,0.0,0.0,0.0,1.0,0.0,0.0,True,Qwen/Qwen3-Coder-30B-A3B-Instruct-FP8,None
2156@y_name@DESC,Bar,Extra Hard,0.699777364730835,0.699777364730835,1,0.0,0.0,0.0,0.0,0.0,0.0,0.0,0.0,0.0,0.0,1.0,0.0,0.0,True,Qwen/Qwen3-Coder-30B-A3B-Instruct-FP8,None
686@y_name@DESC,Bar,Hard,0.5063331127166748,1.0126662254333496,2,0.0,0.0,0.0,0.0,0.0,0.0,0.0,0.0,0.0,0.0,1.0,0.0,0.0,True,Qwen/Qwen3-Coder-30B-A3B-Instruct-FP8,None
686@y_name@DESC,Bar,Hard,0.5063331127166748,1.0126662254333496,2,0.0,0.0,0.0,0.0,0.0,0.0,0.0,0.0,0.0,0.0,1.0,0.0,0.0,True,Qwen/Qwen3-Coder-30B-A3B-Instruct-FP8,None
686@y_name@DESC,Bar,Hard,0.5063331127166748,1.0126662254333496,2,0.0,0.0,0.0,0.0,0.0,0.0,0.0,0.0,0.0,0.0,1.0,0.0,0.0,True,Qwen/Qwen3-Coder-30B-A3B-Instruct-FP8,None
687@y_name@DESC,Bar,Hard,0.5828249454498291,0.5828249454498291,1,0.0,0.0,0.0,0.0,0.0,0.0,0.0,0.0,0.0,0.0,1.0,0.0,0.0,True,Qwen/Qwen3-Coder-30B-A3B-Instruct-FP8,None
687@y_name@DESC,Bar,Hard,0.5828249454498291,0.5828249454498291,1,0.0,0.0,0.0,0.0,0.0,0.0,0.0,0.0,0.0,0.0,1.0,0.0,0.0,True,Qwen/Qwen3-Coder-30B-A3B-Instruct-FP8,None
687@y_name@DESC,Bar,Hard,0.5828249454498291,0.5828249454498291,1,0.0,0.0,0.0,0.0,0.0,0.0,0.0,0.0,0.0,0.0,1.0,0.0,0.0,True,Qwen/Qwen3-Coder-30B-A3B-Instruct-FP8,None
172@y_name@ASC,Bar,Medium,0.3627355098724365,0.725471019744873,2,0.0,0.0,0.0,0.0,0.0,0.0,0.0,0.0,0.0,0.0,1.0,0.0,0.0,False,Qwen/Qwen3-Coder-30B-A3B-Instruct-FP8,None
172@y_name@ASC,Bar,Medium,0.3627355098724365,0.725471019744873,2,0.0,0.0,0.0,0.0,0.0,0.0,0.0,0.0,0.0,0.0,1.0,0.0,0.0,False,Qwen/Qwen3-Coder-30B-A3B-Instruct-FP8,None
172@y_name@ASC,Bar,Medium,0.3627355098724365,0.725471019744873,2,0.0,0.0,0.0,0.0,0.0,0.0,0.0,0.0,0.0,0.0,1.0,0.0,0.0,False,Qwen/Qwen3-Coder-30B-A3B-Instruct-FP8,None
1210@y_name@ASC,Bar,Medium,0.33847951889038086,0.6769590377807617,2,0.0,0.0,0.0,0.0,0.0,0.0,0.0,0.0,0.0,0.0,1.0,0.0,0.0,False,Qwen/Qwen3-Coder-30B-A3B-Instruct-FP8,None
1210@y_name@ASC,Bar,Medium,0.33847951889038086,0.6769590377807617,2,0.0,0.0,0.0,0.0,0.0,0.0,0.0,0.0,0.0,0.0,1.0,0.0,0.0,False,Qwen/Qwen3-Coder-30B-A3B-Instruct-FP8,None
1210@y_name@ASC,Bar,Medium,0.33847951889038086,0.6769590377807617,2,0.0,0.0,0.0,0.0,0.0,0.0,0.0,0.0,0.0,0.0,1.0,0.0,0.0,False,Qwen/Qwen3-Coder-30B-A3B-Instruct-FP8,None
1215@y_name@DESC,Bar,Hard,0.650212287902832,0.650212287902832,1,0.0,0.0,0.0,0.0,0.0,0.0,0.0,0.0,0.0,0.0,1.0,0.0,0.0,False,Qwen/Qwen3-Coder-30B-A3B-Instruct-FP8,None
1215@y_name@DESC,Bar,Hard,0.650212287902832,0.650212287902832,1,0.0,0.0,0.0,0.0,0.0,0.0,0.0,0.0,0.0,0.0,1.0,0.0,0.0,False,Qwen/Qwen3-Coder-30B-A3B-Instruct-FP8,None
1215@y_name@DESC,Bar,Hard,0.650212287902832,0.650212287902832,1,0.0,0.0,0.0,0.0,0.0,0.0,0.0,0.0,0.0,0.0,1.0,0.0,0.0,False,Qwen/Qwen3-Coder-30B-A3B-Instruct-FP8,None
1217@x_name@DESC,Bar,Extra Hard,0.7309607267379761,1.4619214534759521,2,0.0,0.0,0.0,0.0,0.0,0.5,0.0,0.0,0.0,0.5,0.5,0.0,0.0,True,Qwen/Qwen3-Coder-30B-A3B-Instruct-FP8,None
1217@x_name@DESC,Bar,Extra Hard,0.7309607267379761,1.4619214534759521,2,0.0,0.0,0.0,0.0,0.0,0.5,0.0,0.0,0.0,0.5,0.5,0.0,0.0,True,Qwen/Qwen3-Coder-30B-A3B-Instruct-FP8,None
1217@x_name@DESC,Bar,Extra Hard,0.7309607267379761,1.4619214534759521,2,0.0,0.0,0.0,0.0,0.0,0.5,0.0,0.0,0.0,0.5,0.5,0.0,0.0,True,Qwen/Qwen3-Coder-30B-A3B-Instruct-FP8,None
1220@x_name@DESC,Bar,Hard,0.4868648052215576,0.4868648052215576,1,0.0,0.0,0.0,0.0,0.0,1.0,0.0,0.0,0.0,1.0,0.0,,0.0,False,Qwen/Qwen3-Coder-30B-A3B-Instruct-FP8,None
1220@x_name@DESC,Bar,Hard,0.4868648052215576,0.4868648052215576,1,0.0,0.0,0.0,0.0,0.0,1.0,0.0,0.0,0.0,1.0,0.0,,0.0,False,Qwen/Qwen3-Coder-30B-A3B-Instruct-FP8,None
1220@x_name@DESC,Bar,Hard,0.4868648052215576,0.4868648052215576,1,0.0,0.0,0.0,0.0,0.0,1.0,0.0,0.0,0.0,1.0,0.0,,0.0,False,Qwen/Qwen3-Coder-30B-A3B-Instruct-FP8,None
1222@y_name@DESC,Bar,Hard,0.6453619003295898,1.9360857009887695,3,0.0,0.0,0.0,0.0,0.0,0.0,0.0,0.0,0.0,0.0,1.0,0.0,0.0,True,Qwen/Qwen3-Coder-30B-A3B-Instruct-FP8,None
1222@y_name@DESC,Bar,Hard,0.6453619003295898,1.9360857009887695,3,0.0,0.0,0.0,0.0,0.0,0.0,0.0,0.0,0.0,0.0,1.0,0.0,0.0,True,Qwen/Qwen3-Coder-30B-A3B-Instruct-FP8,None
1222@y_name@DESC,Bar,Hard,0.6453619003295898,1.9360857009887695,3,0.0,0.0,0.0,0.0,0.0,0.0,0.0,0.0,0.0,0.0,1.0,0.0,0.0,True,Qwen/Qwen3-Coder-30B-A3B-Instruct-FP8,None
1224@y_name@DESC,Bar,Extra Hard,2.595614433288574,10.382457733154297,4,0.0,0.0,0.0,0.0,0.0,0.0,0.0,0.0,0.0,0.0,1.0,0.0,0.0,True,Qwen/Qwen3-Coder-30B-A3B-Instruct-FP8,None
1224@y_name@DESC,Bar,Extra Hard,2.595614433288574,10.382457733154297,4,0.0,0.0,0.0,0.0,0.0,0.0,0.0,0.0,0.0,0.0,1.0,0.0,0.0,True,Qwen/Qwen3-Coder-30B-A3B-Instruct-FP8,None
1224@y_name@DESC,Bar,Extra Hard,2.595614433288574,10.382457733154297,4,0.0,0.0,0.0,0.0,0.0,0.0,0.0,0.0,0.0,0.0,1.0,0.0,0.0,True,Qwen/Qwen3-Coder-30B-A3B-Instruct-FP8,None
1225@y_name@DESC,Bar,Hard,0.5582222938537598,0.5582222938537598,1,0.0,0.0,0.0,0.0,0.0,0.0,0.0,0.0,0.0,0.0,1.0,0.0,0.0,False,Qwen/Qwen3-Coder-30B-A3B-Instruct-FP8,None
1225@y_name@DESC,Bar,Hard,0.5582222938537598,0.5582222938537598,1,0.0,0.0,0.0,0.0,0.0,0.0,0.0,0.0,0.0,0.0,1.0,0.0,0.0,False,Qwen/Qwen3-Coder-30B-A3B-Instruct-FP8,None
1225@y_name@DESC,Bar,Hard,0.5582222938537598,0.5582222938537598,1,0.0,0.0,0.0,0.0,0.0,0.0,0.0,0.0,0.0,0.0,1.0,0.0,0.0,False,Qwen/Qwen3-Coder-30B-A3B-Instruct-FP8,None
1226@y_name@DESC,Bar,Hard,0.5575790405273438,0.5575790405273438,1,0.0,0.0,0.0,0.0,0.0,0.0,0.0,0.0,0.0,0.0,1.0,0.0,0.0,False,Qwen/Qwen3-Coder-30B-A3B-Instruct-FP8,None
1226@y_name@DESC,Bar,Hard,0.5575790405273438,0.5575790405273438,1,0.0,0.0,0.0,0.0,0.0,0.0,0.0,0.0,0.0,0.0,1.0,0.0,0.0,False,Qwen/Qwen3-Coder-30B-A3B-Instruct-FP8,None
1226@y_name@DESC,Bar,Hard,0.5575790405273438,0.5575790405273438,1,0.0,0.0,0.0,0.0,0.0,0.0,0.0,0.0,0.0,0.0,1.0,0.0,0.0,False,Qwen/Qwen3-Coder-30B-A3B-Instruct-FP8,None
1227@x_name@DESC,Bar,Extra Hard,0.9287729263305664,0.9287729263305664,1,0.0,0.0,0.0,0.0,0.0,0.0,0.0,0.0,0.0,0.0,1.0,0.0,0.0,True,Qwen/Qwen3-Coder-30B-A3B-Instruct-FP8,None
1227@x_name@DESC,Bar,Extra Hard,0.9287729263305664,0.9287729263305664,1,0.0,0.0,0.0,0.0,0.0,0.0,0.0,0.0,0.0,0.0,1.0,0.0,0.0,True,Qwen/Qwen3-Coder-30B-A3B-Instruct-FP8,None
1227@x_name@DESC,Bar,Extra Hard,0.9287729263305664,0.9287729263305664,1,0.0,0.0,0.0,0.0,0.0,0.0,0.0,0.0,0.0,0.0,1.0,0.0,0.0,True,Qwen/Qwen3-Coder-30B-A3B-Instruct-FP8,None
1235@x_name@DESC,Bar,Medium,0.5016448497772217,0.5016448497772217,1,0.0,0.0,0.0,0.0,0.0,0.0,0.0,0.0,0.0,0.0,1.0,0.0,0.0,False,Qwen/Qwen3-Coder-30B-A3B-Instruct-FP8,None
1235@x_name@DESC,Bar,Medium,0.5016448497772217,0.5016448497772217,1,0.0,0.0,0.0,0.0,0.0,0.0,0.0,0.0,0.0,0.0,1.0,0.0,0.0,False,Qwen/Qwen3-Coder-30B-A3B-Instruct-FP8,None
1235@x_name@DESC,Bar,Medium,0.5016448497772217,0.5016448497772217,1,0.0,0.0,0.0,0.0,0.0,0.0,0.0,0.0,0.0,0.0,1.0,0.0,0.0,False,Qwen/Qwen3-Coder-30B-A3B-Instruct-FP8,None
1237@y_name@ASC,Bar,Medium,0.3397821585337321,1.0193464756011963,3,0.0,0.0,0.0,0.0,0.0,0.0,0.0,0.0,0.0,0.0,1.0,0.0,0.0,False,Qwen/Qwen3-Coder-30B-A3B-Instruct-FP8,None
1237@y_name@ASC,Bar,Medium,0.3397821585337321,1.0193464756011963,3,0.0,0.0,0.0,0.0,0.0,0.0,0.0,0.0,0.0,0.0,1.0,0.0,0.0,False,Qwen/Qwen3-Coder-30B-A3B-Instruct-FP8,None
1237@y_name@ASC,Bar,Medium,0.3397821585337321,1.0193464756011963,3,0.0,0.0,0.0,0.0,0.0,0.0,0.0,0.0,0.0,0.0,1.0,0.0,0.0,False,Qwen/Qwen3-Coder-30B-A3B-Instruct-FP8,None
1238@x_name@ASC,Bar,Easy,0.30938708782196045,0.6187741756439209,2,0.0,0.0,0.0,0.0,0.0,0.0,0.0,0.0,0.0,0.0,1.0,0.0,0.0,False,Qwen/Qwen3-Coder-30B-A3B-Instruct-FP8,None
1238@x_name@ASC,Bar,Easy,0.30938708782196045,0.6187741756439209,2,0.0,0.0,0.0,0.0,0.0,0.0,0.0,0.0,0.0,0.0,1.0,0.0,0.0,False,Qwen/Qwen3-Coder-30B-A3B-Instruct-FP8,None
1238@x_name@ASC,Bar,Easy,0.30938708782196045,0.6187741756439209,2,0.0,0.0,0.0,0.0,0.0,0.0,0.0,0.0,0.0,0.0,1.0,0.0,0.0,False,Qwen/Qwen3-Coder-30B-A3B-Instruct-FP8,None
2610@y_name@ASC,Bar,Medium,0.5563747882843018,0.5563747882843018,1,0.0,0.0,0.0,0.0,0.0,0.0,0.0,0.0,0.0,0.0,1.0,0.0,0.0,False,Qwen/Qwen3-Coder-30B-A3B-Instruct-FP8,None
2610@y_name@ASC,Bar,Medium,0.5563747882843018,0.5563747882843018,1,0.0,0.0,0.0,0.0,0.0,0.0,0.0,0.0,0.0,0.0,1.0,0.0,0.0,False,Qwen/Qwen3-Coder-30B-A3B-Instruct-FP8,None
2610@y_name@ASC,Bar,Medium,0.5563747882843018,0.5563747882843018,1,0.0,0.0,0.0,0.0,0.0,0.0,0.0,0.0,0.0,0.0,1.0,0.0,0.0,False,Qwen/Qwen3-Coder-30B-A3B-Instruct-FP8,None
2614@x_name@DESC,Bar,Hard,0.5631422996520996,0.5631422996520996,1,0.0,0.0,0.0,0.0,0.0,1.0,0.0,0.0,0.0,1.0,0.0,,0.0,True,Qwen/Qwen3-Coder-30B-A3B-Instruct-FP8,None
2614@x_name@DESC,Bar,Hard,0.5631422996520996,0.5631422996520996,1,0.0,0.0,0.0,0.0,0.0,1.0,0.0,0.0,0.0,1.0,0.0,,0.0,True,Qwen/Qwen3-Coder-30B-A3B-Instruct-FP8,None
2614@x_name@DESC,Bar,Hard,0.5631422996520996,0.5631422996520996,1,0.0,0.0,0.0,0.0,0.0,1.0,0.0,0.0,0.0,1.0,0.0,,0.0,True,Qwen/Qwen3-Coder-30B-A3B-Instruct-FP8,None
2771@x_name@ASC,Bar,Hard,0.5288982391357422,0.5288982391357422,1,0.0,0.0,0.0,0.0,0.0,0.0,0.0,0.0,0.0,0.0,1.0,0.0,0.0,True,Qwen/Qwen3-Coder-30B-A3B-Instruct-FP8,None
2771@x_name@ASC,Bar,Hard,0.5288982391357422,0.5288982391357422,1,0.0,0.0,0.0,0.0,0.0,0.0,0.0,0.0,0.0,0.0,1.0,0.0,0.0,True,Qwen/Qwen3-Coder-30B-A3B-Instruct-FP8,None
2771@x_name@ASC,Bar,Hard,0.5288982391357422,0.5288982391357422,1,0.0,0.0,0.0,0.0,0.0,0.0,0.0,0.0,0.0,0.0,1.0,0.0,0.0,True,Qwen/Qwen3-Coder-30B-A3B-Instruct-FP8,None
2772@y_name@ASC,Bar,Hard,0.544837474822998,0.544837474822998,1,0.0,0.0,0.0,0.0,0.0,0.0,0.0,0.0,0.0,0.0,1.0,0.0,0.0,True,Qwen/Qwen3-Coder-30B-A3B-Instruct-FP8,None
2772@y_name@ASC,Bar,Hard,0.544837474822998,0.544837474822998,1,0.0,0.0,0.0,0.0,0.0,0.0,0.0,0.0,0.0,0.0,1.0,0.0,0.0,True,Qwen/Qwen3-Coder-30B-A3B-Instruct-FP8,None
2772@y_name@ASC,Bar,Hard,0.544837474822998,0.544837474822998,1,0.0,0.0,0.0,0.0,0.0,0.0,0.0,0.0,0.0,0.0,1.0,0.0,0.0,True,Qwen/Qwen3-Coder-30B-A3B-Instruct-FP8,None
2774@x_name@ASC,Bar,Medium,0.31439733505249023,0.6287946701049805,2,0.0,0.0,0.0,0.0,0.0,0.0,0.0,0.0,0.0,0.0,1.0,0.0,0.0,False,Qwen/Qwen3-Coder-30B-A3B-Instruct-FP8,None
2774@x_name@ASC,Bar,Medium,0.31439733505249023,0.6287946701049805,2,0.0,0.0,0.0,0.0,0.0,0.0,0.0,0.0,0.0,0.0,1.0,0.0,0.0,False,Qwen/Qwen3-Coder-30B-A3B-Instruct-FP8,None
2774@x_name@ASC,Bar,Medium,0.31439733505249023,0.6287946701049805,2,0.0,0.0,0.0,0.0,0.0,0.0,0.0,0.0,0.0,0.0,1.0,0.0,0.0,False,Qwen/Qwen3-Coder-30B-A3B-Instruct-FP8,None
435@x_name@DESC,Bar,Medium,0.3659536838531494,0.7319073677062988,2,0.0,0.0,0.0,0.0,0.5,0.0,0.0,0.0,0.0,0.5,0.5,0.0,0.0,False,Qwen/Qwen3-Coder-30B-A3B-Instruct-FP8,None
435@x_name@DESC,Bar,Medium,0.3659536838531494,0.7319073677062988,2,0.0,0.0,0.0,0.0,0.5,0.0,0.0,0.0,0.0,0.5,0.5,0.0,0.0,False,Qwen/Qwen3-Coder-30B-A3B-Instruct-FP8,None
435@x_name@DESC,Bar,Medium,0.3659536838531494,0.7319073677062988,2,0.0,0.0,0.0,0.0,0.5,0.0,0.0,0.0,0.0,0.5,0.5,0.0,0.0,False,Qwen/Qwen3-Coder-30B-A3B-Instruct-FP8,None
279@y_name@DESC,Bar,Hard,0.6459517478942871,0.6459517478942871,1,0.0,0.0,0.0,0.0,0.0,0.0,0.0,0.0,0.0,0.0,1.0,0.0,0.0,False,Qwen/Qwen3-Coder-30B-A3B-Instruct-FP8,None
279@y_name@DESC,Bar,Hard,0.6459517478942871,0.6459517478942871,1,0.0,0.0,0.0,0.0,0.0,0.0,0.0,0.0,0.0,0.0,1.0,0.0,0.0,False,Qwen/Qwen3-Coder-30B-A3B-Instruct-FP8,None
279@y_name@DESC,Bar,Hard,0.6459517478942871,0.6459517478942871,1,0.0,0.0,0.0,0.0,0.0,0.0,0.0,0.0,0.0,0.0,1.0,0.0,0.0,False,Qwen/Qwen3-Coder-30B-A3B-Instruct-FP8,None
3267@y_name@ASC,Bar,Hard,0.6220177412033081,1.2440354824066162,2,0.0,0.0,0.0,0.0,0.0,0.0,0.0,0.0,0.0,0.0,1.0,0.0,0.0,False,Qwen/Qwen3-Coder-30B-A3B-Instruct-FP8,None
3267@y_name@ASC,Bar,Hard,0.6220177412033081,1.2440354824066162,2,0.0,0.0,0.0,0.0,0.0,0.0,0.0,0.0,0.0,0.0,1.0,0.0,0.0,False,Qwen/Qwen3-Coder-30B-A3B-Instruct-FP8,None
3267@y_name@ASC,Bar,Hard,0.6220177412033081,1.2440354824066162,2,0.0,0.0,0.0,0.0,0.0,0.0,0.0,0.0,0.0,0.0,1.0,0.0,0.0,False,Qwen/Qwen3-Coder-30B-A3B-Instruct-FP8,None
3269@y_name@ASC,Bar,Medium,0.38764524459838867,0.38764524459838867,1,0.0,0.0,0.0,0.0,0.0,1.0,0.0,0.0,0.0,1.0,0.0,,0.0,False,Qwen/Qwen3-Coder-30B-A3B-Instruct-FP8,None
3269@y_name@ASC,Bar,Medium,0.38764524459838867,0.38764524459838867,1,0.0,0.0,0.0,0.0,0.0,1.0,0.0,0.0,0.0,1.0,0.0,,0.0,False,Qwen/Qwen3-Coder-30B-A3B-Instruct-FP8,None
3269@y_name@ASC,Bar,Medium,0.38764524459838867,0.38764524459838867,1,0.0,0.0,0.0,0.0,0.0,1.0,0.0,0.0,0.0,1.0,0.0,,0.0,False,Qwen/Qwen3-Coder-30B-A3B-Instruct-FP8,None
3071@y_name@ASC,Bar,Medium,0.40090212821960447,2.0045106410980225,5,0.0,0.0,0.0,0.0,0.0,0.0,0.0,0.0,0.0,0.0,1.0,0.0,0.0,False,Qwen/Qwen3-Coder-30B-A3B-Instruct-FP8,None
3071@y_name@ASC,Bar,Medium,0.40090212821960447,2.0045106410980225,5,0.0,0.0,0.0,0.0,0.0,0.0,0.0,0.0,0.0,0.0,1.0,0.0,0.0,False,Qwen/Qwen3-Coder-30B-A3B-Instruct-FP8,None
3071@y_name@ASC,Bar,Medium,0.40090212821960447,2.0045106410980225,5,0.0,0.0,0.0,0.0,0.0,0.0,0.0,0.0,0.0,0.0,1.0,0.0,0.0,False,Qwen/Qwen3-Coder-30B-A3B-Instruct-FP8,None
3123@x_name@DESC,Bar,Medium,0.4223597049713135,1.2670791149139404,3,0.0,0.0,0.0,0.0,0.0,0.6666666666666666,0.0,0.0,0.0,0.6666666666666666,0.3333333333333333,0.0,0.0,False,Qwen/Qwen3-Coder-30B-A3B-Instruct-FP8,None
3123@x_name@DESC,Bar,Medium,0.4223597049713135,1.2670791149139404,3,0.0,0.0,0.0,0.0,0.0,0.6666666666666666,0.0,0.0,0.0,0.6666666666666666,0.3333333333333333,0.0,0.0,False,Qwen/Qwen3-Coder-30B-A3B-Instruct-FP8,None
3123@x_name@DESC,Bar,Medium,0.4223597049713135,1.2670791149139404,3,0.0,0.0,0.0,0.0,0.0,0.6666666666666666,0.0,0.0,0.0,0.6666666666666666,0.3333333333333333,0.0,0.0,False,Qwen/Qwen3-Coder-30B-A3B-Instruct-FP8,None
3124@x_name@ASC,Bar,Medium,0.4055338700612386,1.2166016101837158,3,0.0,0.0,0.0,0.0,0.0,0.0,0.0,0.0,0.0,0.0,1.0,0.0,0.0,False,Qwen/Qwen3-Coder-30B-A3B-Instruct-FP8,None
3124@x_name@ASC,Bar,Medium,0.4055338700612386,1.2166016101837158,3,0.0,0.0,0.0,0.0,0.0,0.0,0.0,0.0,0.0,0.0,1.0,0.0,0.0,False,Qwen/Qwen3-Coder-30B-A3B-Instruct-FP8,None
3124@x_name@ASC,Bar,Medium,0.4055338700612386,1.2166016101837158,3,0.0,0.0,0.0,0.0,0.0,0.0,0.0,0.0,0.0,0.0,1.0,0.0,0.0,False,Qwen/Qwen3-Coder-30B-A3B-Instruct-FP8,None
3134@y_name@ASC,Bar,Easy,0.34702310562133787,1.7351155281066895,5,0.0,0.0,0.0,0.0,0.0,0.0,0.0,0.0,0.0,0.0,1.0,0.0,0.0,False,Qwen/Qwen3-Coder-30B-A3B-Instruct-FP8,None
3134@y_name@ASC,Bar,Easy,0.34702310562133787,1.7351155281066895,5,0.0,0.0,0.0,0.0,0.0,0.0,0.0,0.0,0.0,0.0,1.0,0.0,0.0,False,Qwen/Qwen3-Coder-30B-A3B-Instruct-FP8,None
3134@y_name@ASC,Bar,Easy,0.34702310562133787,1.7351155281066895,5,0.0,0.0,0.0,0.0,0.0,0.0,0.0,0.0,0.0,0.0,1.0,0.0,0.0,False,Qwen/Qwen3-Coder-30B-A3B-Instruct-FP8,None
3135@y_name@ASC,Bar,Easy,0.349852720896403,1.049558162689209,3,0.0,0.0,0.0,0.0,0.0,0.0,0.0,0.0,0.0,0.0,1.0,0.0,0.0,False,Qwen/Qwen3-Coder-30B-A3B-Instruct-FP8,None
3135@y_name@ASC,Bar,Easy,0.349852720896403,1.049558162689209,3,0.0,0.0,0.0,0.0,0.0,0.0,0.0,0.0,0.0,0.0,1.0,0.0,0.0,False,Qwen/Qwen3-Coder-30B-A3B-Instruct-FP8,None
3135@y_name@ASC,Bar,Easy,0.349852720896403,1.049558162689209,3,0.0,0.0,0.0,0.0,0.0,0.0,0.0,0.0,0.0,0.0,1.0,0.0,0.0,False,Qwen/Qwen3-Coder-30B-A3B-Instruct-FP8,None
3137@y_name@DESC,Bar,Easy,0.377853536605835,1.8892676830291748,5,0.0,0.0,0.0,0.0,0.0,0.0,0.0,0.0,0.0,0.0,1.0,0.0,0.0,False,Qwen/Qwen3-Coder-30B-A3B-Instruct-FP8,None
3137@y_name@DESC,Bar,Easy,0.377853536605835,1.8892676830291748,5,0.0,0.0,0.0,0.0,0.0,0.0,0.0,0.0,0.0,0.0,1.0,0.0,0.0,False,Qwen/Qwen3-Coder-30B-A3B-Instruct-FP8,None
3137@y_name@DESC,Bar,Easy,0.377853536605835,1.8892676830291748,5,0.0,0.0,0.0,0.0,0.0,0.0,0.0,0.0,0.0,0.0,1.0,0.0,0.0,False,Qwen/Qwen3-Coder-30B-A3B-Instruct-FP8,None
3138@x_name@ASC,Bar,Easy,0.3250933885574341,1.3003735542297363,4,0.0,0.0,0.0,0.0,0.0,0.0,0.0,0.0,0.0,0.0,1.0,0.0,0.0,False,Qwen/Qwen3-Coder-30B-A3B-Instruct-FP8,None
3138@x_name@ASC,Bar,Easy,0.3250933885574341,1.3003735542297363,4,0.0,0.0,0.0,0.0,0.0,0.0,0.0,0.0,0.0,0.0,1.0,0.0,0.0,False,Qwen/Qwen3-Coder-30B-A3B-Instruct-FP8,None
3138@x_name@ASC,Bar,Easy,0.3250933885574341,1.3003735542297363,4,0.0,0.0,0.0,0.0,0.0,0.0,0.0,0.0,0.0,0.0,1.0,0.0,0.0,False,Qwen/Qwen3-Coder-30B-A3B-Instruct-FP8,None
3140@x_name@ASC,Bar,Easy,0.4744492769241333,1.8977971076965332,4,0.0,0.0,0.0,0.0,0.0,0.0,0.0,0.0,0.0,0.0,1.0,0.0,0.0,False,Qwen/Qwen3-Coder-30B-A3B-Instruct-FP8,None
3140@x_name@ASC,Bar,Easy,0.4744492769241333,1.8977971076965332,4,0.0,0.0,0.0,0.0,0.0,0.0,0.0,0.0,0.0,0.0,1.0,0.0,0.0,False,Qwen/Qwen3-Coder-30B-A3B-Instruct-FP8,None
3140@x_name@ASC,Bar,Easy,0.4744492769241333,1.8977971076965332,4,0.0,0.0,0.0,0.0,0.0,0.0,0.0,0.0,0.0,0.0,1.0,0.0,0.0,False,Qwen/Qwen3-Coder-30B-A3B-Instruct-FP8,None
3141@y_name@ASC,Bar,Easy,0.3339067300160726,1.0017201900482178,3,0.0,0.0,0.0,0.0,0.3333333333333333,0.0,0.0,0.0,0.0,0.3333333333333333,0.6666666666666666,0.0,0.0,False,Qwen/Qwen3-Coder-30B-A3B-Instruct-FP8,None
3141@y_name@ASC,Bar,Easy,0.3339067300160726,1.0017201900482178,3,0.0,0.0,0.0,0.0,0.3333333333333333,0.0,0.0,0.0,0.0,0.3333333333333333,0.6666666666666666,0.0,0.0,False,Qwen/Qwen3-Coder-30B-A3B-Instruct-FP8,None
3141@y_name@ASC,Bar,Easy,0.3339067300160726,1.0017201900482178,3,0.0,0.0,0.0,0.0,0.3333333333333333,0.0,0.0,0.0,0.0,0.3333333333333333,0.6666666666666666,0.0,0.0,False,Qwen/Qwen3-Coder-30B-A3B-Instruct-FP8,None
3144@x_name@DESC,Bar,Easy,0.3334670066833496,0.3334670066833496,1,0.0,0.0,0.0,0.0,0.0,0.0,0.0,0.0,0.0,0.0,1.0,0.0,0.0,False,Qwen/Qwen3-Coder-30B-A3B-Instruct-FP8,None
3144@x_name@DESC,Bar,Easy,0.3334670066833496,0.3334670066833496,1,0.0,0.0,0.0,0.0,0.0,0.0,0.0,0.0,0.0,0.0,1.0,0.0,0.0,False,Qwen/Qwen3-Coder-30B-A3B-Instruct-FP8,None
3144@x_name@DESC,Bar,Easy,0.3334670066833496,0.3334670066833496,1,0.0,0.0,0.0,0.0,0.0,0.0,0.0,0.0,0.0,0.0,1.0,0.0,0.0,False,Qwen/Qwen3-Coder-30B-A3B-Instruct-FP8,None
3146@x_name@DESC,Bar,Easy,0.3612963358561198,1.0838890075683594,3,0.0,0.0,0.0,0.0,0.0,0.0,0.0,0.0,0.0,0.0,1.0,0.0,0.0,False,Qwen/Qwen3-Coder-30B-A3B-Instruct-FP8,None
3146@x_name@DESC,Bar,Easy,0.3612963358561198,1.0838890075683594,3,0.0,0.0,0.0,0.0,0.0,0.0,0.0,0.0,0.0,0.0,1.0,0.0,0.0,False,Qwen/Qwen3-Coder-30B-A3B-Instruct-FP8,None
3146@x_name@DESC,Bar,Easy,0.3612963358561198,1.0838890075683594,3,0.0,0.0,0.0,0.0,0.0,0.0,0.0,0.0,0.0,0.0,1.0,0.0,0.0,False,Qwen/Qwen3-Coder-30B-A3B-Instruct-FP8,None
2349@y_name@ASC,Bar,Medium,0.3620429039001465,0.3620429039001465,1,0.0,0.0,0.0,0.0,0.0,0.0,0.0,0.0,0.0,0.0,1.0,0.0,0.0,False,Qwen/Qwen3-Coder-30B-A3B-Instruct-FP8,None
2349@y_name@ASC,Bar,Medium,0.3620429039001465,0.3620429039001465,1,0.0,0.0,0.0,0.0,0.0,0.0,0.0,0.0,0.0,0.0,1.0,0.0,0.0,False,Qwen/Qwen3-Coder-30B-A3B-Instruct-FP8,None
2349@y_name@ASC,Bar,Medium,0.3620429039001465,0.3620429039001465,1,0.0,0.0,0.0,0.0,0.0,0.0,0.0,0.0,0.0,0.0,1.0,0.0,0.0,False,Qwen/Qwen3-Coder-30B-A3B-Instruct-FP8,None
2596@x_name@ASC,Bar,Extra Hard,0.635080099105835,0.635080099105835,1,0.0,0.0,0.0,0.0,0.0,0.0,0.0,0.0,0.0,0.0,1.0,0.0,0.0,True,Qwen/Qwen3-Coder-30B-A3B-Instruct-FP8,None
2596@x_name@ASC,Bar,Extra Hard,0.635080099105835,0.635080099105835,1,0.0,0.0,0.0,0.0,0.0,0.0,0.0,0.0,0.0,0.0,1.0,0.0,0.0,True,Qwen/Qwen3-Coder-30B-A3B-Instruct-FP8,None
2596@x_name@ASC,Bar,Extra Hard,0.635080099105835,0.635080099105835,1,0.0,0.0,0.0,0.0,0.0,0.0,0.0,0.0,0.0,0.0,1.0,0.0,0.0,True,Qwen/Qwen3-Coder-30B-A3B-Instruct-FP8,None
2600@y_name@ASC,Stacked Bar,Extra Hard,16.615113019943237,16.615113019943237,1,1.0,0.0,0.0,0.0,0.0,0.0,0.0,0.0,1.0,0.0,0.0,,0.0,True,Qwen/Qwen3-Coder-30B-A3B-Instruct-FP8,None
2600@y_name@ASC,Stacked Bar,Extra Hard,16.615113019943237,16.615113019943237,1,1.0,0.0,0.0,0.0,0.0,0.0,0.0,0.0,1.0,0.0,0.0,,0.0,True,Qwen/Qwen3-Coder-30B-A3B-Instruct-FP8,None
2600@y_name@ASC,Stacked Bar,Extra Hard,16.615113019943237,16.615113019943237,1,1.0,0.0,0.0,0.0,0.0,0.0,0.0,0.0,1.0,0.0,0.0,,0.0,True,Qwen/Qwen3-Coder-30B-A3B-Instruct-FP8,None
2602@y_name@DESC,Bar,Medium,0.8574967384338379,0.8574967384338379,1,0.0,0.0,0.0,0.0,1.0,0.0,0.0,0.0,0.0,1.0,0.0,,0.0,False,Qwen/Qwen3-Coder-30B-A3B-Instruct-FP8,None
2602@y_name@DESC,Bar,Medium,0.8574967384338379,0.8574967384338379,1,0.0,0.0,0.0,0.0,1.0,0.0,0.0,0.0,0.0,1.0,0.0,,0.0,False,Qwen/Qwen3-Coder-30B-A3B-Instruct-FP8,None
2602@y_name@DESC,Bar,Medium,0.8574967384338379,0.8574967384338379,1,0.0,0.0,0.0,0.0,1.0,0.0,0.0,0.0,0.0,1.0,0.0,,0.0,False,Qwen/Qwen3-Coder-30B-A3B-Instruct-FP8,None
2607@x_name@DESC,Bar,Medium,0.5045089721679688,0.5045089721679688,1,0.0,0.0,0.0,0.0,0.0,1.0,0.0,0.0,0.0,1.0,0.0,,0.0,False,Qwen/Qwen3-Coder-30B-A3B-Instruct-FP8,None
2607@x_name@DESC,Bar,Medium,0.5045089721679688,0.5045089721679688,1,0.0,0.0,0.0,0.0,0.0,1.0,0.0,0.0,0.0,1.0,0.0,,0.0,False,Qwen/Qwen3-Coder-30B-A3B-Instruct-FP8,None
2607@x_name@DESC,Bar,Medium,0.5045089721679688,0.5045089721679688,1,0.0,0.0,0.0,0.0,0.0,1.0,0.0,0.0,0.0,1.0,0.0,,0.0,False,Qwen/Qwen3-Coder-30B-A3B-Instruct-FP8,None
2902@x_name@DESC,Bar,Medium,0.40137648582458496,0.40137648582458496,1,0.0,0.0,0.0,0.0,0.0,1.0,0.0,0.0,0.0,1.0,0.0,,0.0,False,Qwen/Qwen3-Coder-30B-A3B-Instruct-FP8,None
2902@x_name@DESC,Bar,Medium,0.40137648582458496,0.40137648582458496,1,0.0,0.0,0.0,0.0,0.0,1.0,0.0,0.0,0.0,1.0,0.0,,0.0,False,Qwen/Qwen3-Coder-30B-A3B-Instruct-FP8,None
2902@x_name@DESC,Bar,Medium,0.40137648582458496,0.40137648582458496,1,0.0,0.0,0.0,0.0,0.0,1.0,0.0,0.0,0.0,1.0,0.0,,0.0,False,Qwen/Qwen3-Coder-30B-A3B-Instruct-FP8,None
1399@x_name@ASC,Bar,Medium,0.41985082626342773,0.41985082626342773,1,0.0,0.0,0.0,0.0,0.0,0.0,0.0,0.0,0.0,0.0,1.0,0.0,0.0,False,Qwen/Qwen3-Coder-30B-A3B-Instruct-FP8,None
1399@x_name@ASC,Bar,Medium,0.41985082626342773,0.41985082626342773,1,0.0,0.0,0.0,0.0,0.0,0.0,0.0,0.0,0.0,0.0,1.0,0.0,0.0,False,Qwen/Qwen3-Coder-30B-A3B-Instruct-FP8,None
1399@x_name@ASC,Bar,Medium,0.41985082626342773,0.41985082626342773,1,0.0,0.0,0.0,0.0,0.0,0.0,0.0,0.0,0.0,0.0,1.0,0.0,0.0,False,Qwen/Qwen3-Coder-30B-A3B-Instruct-FP8,None
2933@x_name@DESC,Bar,Hard,0.5742909908294678,0.5742909908294678,1,0.0,0.0,0.0,0.0,0.0,1.0,0.0,0.0,0.0,1.0,0.0,,0.0,True,Qwen/Qwen3-Coder-30B-A3B-Instruct-FP8,None
2933@x_name@DESC,Bar,Hard,0.5742909908294678,0.5742909908294678,1,0.0,0.0,0.0,0.0,0.0,1.0,0.0,0.0,0.0,1.0,0.0,,0.0,True,Qwen/Qwen3-Coder-30B-A3B-Instruct-FP8,None
2933@x_name@DESC,Bar,Hard,0.5742909908294678,0.5742909908294678,1,0.0,0.0,0.0,0.0,0.0,1.0,0.0,0.0,0.0,1.0,0.0,,0.0,True,Qwen/Qwen3-Coder-30B-A3B-Instruct-FP8,None
2935@x_name@ASC,Bar,Hard,0.5443658828735352,0.5443658828735352,1,0.0,0.0,0.0,0.0,0.0,0.0,0.0,0.0,0.0,0.0,1.0,0.0,0.0,True,Qwen/Qwen3-Coder-30B-A3B-Instruct-FP8,None
2935@x_name@ASC,Bar,Hard,0.5443658828735352,0.5443658828735352,1,0.0,0.0,0.0,0.0,0.0,0.0,0.0,0.0,0.0,0.0,1.0,0.0,0.0,True,Qwen/Qwen3-Coder-30B-A3B-Instruct-FP8,None
2935@x_name@ASC,Bar,Hard,0.5443658828735352,0.5443658828735352,1,0.0,0.0,0.0,0.0,0.0,0.0,0.0,0.0,0.0,0.0,1.0,0.0,0.0,True,Qwen/Qwen3-Coder-30B-A3B-Instruct-FP8,None
2943@y_name@ASC,Bar,Medium,0.3528296947479248,0.3528296947479248,1,0.0,0.0,0.0,0.0,0.0,0.0,0.0,0.0,0.0,0.0,1.0,0.0,0.0,False,Qwen/Qwen3-Coder-30B-A3B-Instruct-FP8,None
2943@y_name@ASC,Bar,Medium,0.3528296947479248,0.3528296947479248,1,0.0,0.0,0.0,0.0,0.0,0.0,0.0,0.0,0.0,0.0,1.0,0.0,0.0,False,Qwen/Qwen3-Coder-30B-A3B-Instruct-FP8,None
2943@y_name@ASC,Bar,Medium,0.3528296947479248,0.3528296947479248,1,0.0,0.0,0.0,0.0,0.0,0.0,0.0,0.0,0.0,0.0,1.0,0.0,0.0,False,Qwen/Qwen3-Coder-30B-A3B-Instruct-FP8,None
2944@y_name@ASC,Bar,Easy,0.29735517501831055,0.29735517501831055,1,0.0,0.0,0.0,0.0,0.0,0.0,0.0,0.0,0.0,0.0,1.0,0.0,0.0,False,Qwen/Qwen3-Coder-30B-A3B-Instruct-FP8,None
2944@y_name@ASC,Bar,Easy,0.29735517501831055,0.29735517501831055,1,0.0,0.0,0.0,0.0,0.0,0.0,0.0,0.0,0.0,0.0,1.0,0.0,0.0,False,Qwen/Qwen3-Coder-30B-A3B-Instruct-FP8,None
2944@y_name@ASC,Bar,Easy,0.29735517501831055,0.29735517501831055,1,0.0,0.0,0.0,0.0,0.0,0.0,0.0,0.0,0.0,0.0,1.0,0.0,0.0,False,Qwen/Qwen3-Coder-30B-A3B-Instruct-FP8,None
2950@y_name@ASC,Bar,Hard,0.45467448234558105,0.45467448234558105,1,0.0,0.0,0.0,0.0,0.0,0.0,0.0,0.0,0.0,0.0,1.0,0.0,0.0,False,Qwen/Qwen3-Coder-30B-A3B-Instruct-FP8,None
2950@y_name@ASC,Bar,Hard,0.45467448234558105,0.45467448234558105,1,0.0,0.0,0.0,0.0,0.0,0.0,0.0,0.0,0.0,0.0,1.0,0.0,0.0,False,Qwen/Qwen3-Coder-30B-A3B-Instruct-FP8,None
2950@y_name@ASC,Bar,Hard,0.45467448234558105,0.45467448234558105,1,0.0,0.0,0.0,0.0,0.0,0.0,0.0,0.0,0.0,0.0,1.0,0.0,0.0,False,Qwen/Qwen3-Coder-30B-A3B-Instruct-FP8,None
1989@y_name@DESC,Bar,Extra Hard,10.523392677307129,10.523392677307129,1,1.0,0.0,0.0,0.0,0.0,0.0,0.0,0.0,1.0,0.0,0.0,,0.0,True,Qwen/Qwen3-Coder-30B-A3B-Instruct-FP8,None
1989@y_name@DESC,Bar,Extra Hard,10.523392677307129,10.523392677307129,1,1.0,0.0,0.0,0.0,0.0,0.0,0.0,0.0,1.0,0.0,0.0,,0.0,True,Qwen/Qwen3-Coder-30B-A3B-Instruct-FP8,None
1989@y_name@DESC,Bar,Extra Hard,10.523392677307129,10.523392677307129,1,1.0,0.0,0.0,0.0,0.0,0.0,0.0,0.0,1.0,0.0,0.0,,0.0,True,Qwen/Qwen3-Coder-30B-A3B-Instruct-FP8,None
1967@x_name@DESC,Bar,Medium,0.41242825984954834,0.8248565196990967,2,0.0,0.0,0.0,0.0,0.0,0.0,0.0,0.0,0.0,0.0,1.0,0.0,0.0,False,Qwen/Qwen3-Coder-30B-A3B-Instruct-FP8,None
1967@x_name@DESC,Bar,Medium,0.41242825984954834,0.8248565196990967,2,0.0,0.0,0.0,0.0,0.0,0.0,0.0,0.0,0.0,0.0,1.0,0.0,0.0,False,Qwen/Qwen3-Coder-30B-A3B-Instruct-FP8,None
1967@x_name@DESC,Bar,Medium,0.41242825984954834,0.8248565196990967,2,0.0,0.0,0.0,0.0,0.0,0.0,0.0,0.0,0.0,0.0,1.0,0.0,0.0,False,Qwen/Qwen3-Coder-30B-A3B-Instruct-FP8,None
1970@x_name@ASC,Bar,Easy,0.38861310482025146,0.7772262096405029,2,0.0,0.0,0.0,0.0,0.0,0.5,0.0,0.0,0.0,0.5,0.5,0.0,0.0,False,Qwen/Qwen3-Coder-30B-A3B-Instruct-FP8,None
1970@x_name@ASC,Bar,Easy,0.38861310482025146,0.7772262096405029,2,0.0,0.0,0.0,0.0,0.0,0.5,0.0,0.0,0.0,0.5,0.5,0.0,0.0,False,Qwen/Qwen3-Coder-30B-A3B-Instruct-FP8,None
1970@x_name@ASC,Bar,Easy,0.38861310482025146,0.7772262096405029,2,0.0,0.0,0.0,0.0,0.0,0.5,0.0,0.0,0.0,0.5,0.5,0.0,0.0,False,Qwen/Qwen3-Coder-30B-A3B-Instruct-FP8,None
1977@x_name@ASC,Bar,Medium,0.41182971000671387,1.2354891300201416,3,0.0,0.0,0.0,0.0,0.0,0.0,0.0,0.0,0.0,0.0,1.0,0.0,0.0,False,Qwen/Qwen3-Coder-30B-A3B-Instruct-FP8,None
1977@x_name@ASC,Bar,Medium,0.41182971000671387,1.2354891300201416,3,0.0,0.0,0.0,0.0,0.0,0.0,0.0,0.0,0.0,0.0,1.0,0.0,0.0,False,Qwen/Qwen3-Coder-30B-A3B-Instruct-FP8,None
1977@x_name@ASC,Bar,Medium,0.41182971000671387,1.2354891300201416,3,0.0,0.0,0.0,0.0,0.0,0.0,0.0,0.0,0.0,0.0,1.0,0.0,0.0,False,Qwen/Qwen3-Coder-30B-A3B-Instruct-FP8,None
1979@y_name@DESC,Bar,Hard,0.4843975901603699,1.9375903606414795,4,0.0,0.0,0.0,0.0,0.0,0.0,0.0,0.0,0.0,0.0,1.0,0.0,0.0,False,Qwen/Qwen3-Coder-30B-A3B-Instruct-FP8,None
1979@y_name@DESC,Bar,Hard,0.4843975901603699,1.9375903606414795,4,0.0,0.0,0.0,0.0,0.0,0.0,0.0,0.0,0.0,0.0,1.0,0.0,0.0,False,Qwen/Qwen3-Coder-30B-A3B-Instruct-FP8,None
1979@y_name@DESC,Bar,Hard,0.4843975901603699,1.9375903606414795,4,0.0,0.0,0.0,0.0,0.0,0.0,0.0,0.0,0.0,0.0,1.0,0.0,0.0,False,Qwen/Qwen3-Coder-30B-A3B-Instruct-FP8,None
1981@y_name@DESC,Bar,Extra Hard,0.6493825316429138,2.5975301265716553,4,0.0,0.0,0.0,0.0,0.0,0.0,0.0,0.0,0.0,0.0,1.0,0.0,0.0,True,Qwen/Qwen3-Coder-30B-A3B-Instruct-FP8,None
1981@y_name@DESC,Bar,Extra Hard,0.6493825316429138,2.5975301265716553,4,0.0,0.0,0.0,0.0,0.0,0.0,0.0,0.0,0.0,0.0,1.0,0.0,0.0,True,Qwen/Qwen3-Coder-30B-A3B-Instruct-FP8,None
1981@y_name@DESC,Bar,Extra Hard,0.6493825316429138,2.5975301265716553,4,0.0,0.0,0.0,0.0,0.0,0.0,0.0,0.0,0.0,0.0,1.0,0.0,0.0,True,Qwen/Qwen3-Coder-30B-A3B-Instruct-FP8,None
1984@y_name@DESC,Bar,Hard,0.5079611539840698,1.0159223079681396,2,0.0,0.0,0.0,0.0,0.0,0.0,0.0,0.0,0.0,0.0,1.0,0.0,0.0,True,Qwen/Qwen3-Coder-30B-A3B-Instruct-FP8,None
1984@y_name@DESC,Bar,Hard,0.5079611539840698,1.0159223079681396,2,0.0,0.0,0.0,0.0,0.0,0.0,0.0,0.0,0.0,0.0,1.0,0.0,0.0,True,Qwen/Qwen3-Coder-30B-A3B-Instruct-FP8,None
1984@y_name@DESC,Bar,Hard,0.5079611539840698,1.0159223079681396,2,0.0,0.0,0.0,0.0,0.0,0.0,0.0,0.0,0.0,0.0,1.0,0.0,0.0,True,Qwen/Qwen3-Coder-30B-A3B-Instruct-FP8,None
3033@y_name@ASC,Bar,Medium,0.4645957946777344,1.3937873840332031,3,0.0,0.0,0.0,0.0,0.3333333333333333,0.0,0.0,0.0,0.0,0.3333333333333333,0.6666666666666666,0.0,0.0,False,Qwen/Qwen3-Coder-30B-A3B-Instruct-FP8,None
3033@y_name@ASC,Bar,Medium,0.4645957946777344,1.3937873840332031,3,0.0,0.0,0.0,0.0,0.3333333333333333,0.0,0.0,0.0,0.0,0.3333333333333333,0.6666666666666666,0.0,0.0,False,Qwen/Qwen3-Coder-30B-A3B-Instruct-FP8,None
3033@y_name@ASC,Bar,Medium,0.4645957946777344,1.3937873840332031,3,0.0,0.0,0.0,0.0,0.3333333333333333,0.0,0.0,0.0,0.0,0.3333333333333333,0.6666666666666666,0.0,0.0,False,Qwen/Qwen3-Coder-30B-A3B-Instruct-FP8,None
2677@x_name@ASC,Bar,Medium,0.3442986011505127,0.3442986011505127,1,0.0,0.0,0.0,0.0,0.0,0.0,0.0,0.0,0.0,0.0,1.0,0.0,0.0,False,Qwen/Qwen3-Coder-30B-A3B-Instruct-FP8,None
2677@x_name@ASC,Bar,Medium,0.3442986011505127,0.3442986011505127,1,0.0,0.0,0.0,0.0,0.0,0.0,0.0,0.0,0.0,0.0,1.0,0.0,0.0,False,Qwen/Qwen3-Coder-30B-A3B-Instruct-FP8,None
2677@x_name@ASC,Bar,Medium,0.3442986011505127,0.3442986011505127,1,0.0,0.0,0.0,0.0,0.0,0.0,0.0,0.0,0.0,0.0,1.0,0.0,0.0,False,Qwen/Qwen3-Coder-30B-A3B-Instruct-FP8,None
2678@y_name@DESC,Bar,Medium,0.40472157796223956,1.2141647338867188,3,0.0,0.0,0.0,0.0,0.0,0.0,0.0,0.0,0.0,0.0,1.0,0.0,0.0,False,Qwen/Qwen3-Coder-30B-A3B-Instruct-FP8,None
2678@y_name@DESC,Bar,Medium,0.40472157796223956,1.2141647338867188,3,0.0,0.0,0.0,0.0,0.0,0.0,0.0,0.0,0.0,0.0,1.0,0.0,0.0,False,Qwen/Qwen3-Coder-30B-A3B-Instruct-FP8,None
2678@y_name@DESC,Bar,Medium,0.40472157796223956,1.2141647338867188,3,0.0,0.0,0.0,0.0,0.0,0.0,0.0,0.0,0.0,0.0,1.0,0.0,0.0,False,Qwen/Qwen3-Coder-30B-A3B-Instruct-FP8,None
2681@x_name@ASC,Bar,Medium,0.3672635555267334,0.3672635555267334,1,0.0,0.0,0.0,0.0,0.0,0.0,0.0,0.0,0.0,0.0,1.0,0.0,0.0,False,Qwen/Qwen3-Coder-30B-A3B-Instruct-FP8,None
2681@x_name@ASC,Bar,Medium,0.3672635555267334,0.3672635555267334,1,0.0,0.0,0.0,0.0,0.0,0.0,0.0,0.0,0.0,0.0,1.0,0.0,0.0,False,Qwen/Qwen3-Coder-30B-A3B-Instruct-FP8,None
2681@x_name@ASC,Bar,Medium,0.3672635555267334,0.3672635555267334,1,0.0,0.0,0.0,0.0,0.0,0.0,0.0,0.0,0.0,0.0,1.0,0.0,0.0,False,Qwen/Qwen3-Coder-30B-A3B-Instruct-FP8,None
2755@x_name@DESC,Stacked Bar,Hard,0.5418949127197266,0.5418949127197266,1,0.0,0.0,0.0,0.0,0.0,1.0,0.0,0.0,0.0,1.0,0.0,,0.0,False,Qwen/Qwen3-Coder-30B-A3B-Instruct-FP8,None
2755@x_name@DESC,Stacked Bar,Hard,0.5418949127197266,0.5418949127197266,1,0.0,0.0,0.0,0.0,0.0,1.0,0.0,0.0,0.0,1.0,0.0,,0.0,False,Qwen/Qwen3-Coder-30B-A3B-Instruct-FP8,None
2755@x_name@DESC,Stacked Bar,Hard,0.5418949127197266,0.5418949127197266,1,0.0,0.0,0.0,0.0,0.0,1.0,0.0,0.0,0.0,1.0,0.0,,0.0,False,Qwen/Qwen3-Coder-30B-A3B-Instruct-FP8,None
2756@x_name@DESC,Stacked Bar,Hard,4.3903584480285645,13.171075344085693,3,0.0,0.0,0.0,0.6666666666666666,1.0,0.0,0.0,0.0,0.0,1.0,0.0,,0.0,False,Qwen/Qwen3-Coder-30B-A3B-Instruct-FP8,None
2756@x_name@DESC,Stacked Bar,Hard,4.3903584480285645,13.171075344085693,3,0.0,0.0,0.0,0.6666666666666666,1.0,0.0,0.0,0.0,0.0,1.0,0.0,,0.0,False,Qwen/Qwen3-Coder-30B-A3B-Instruct-FP8,None
2756@x_name@DESC,Stacked Bar,Hard,4.3903584480285645,13.171075344085693,3,0.0,0.0,0.0,0.6666666666666666,1.0,0.0,0.0,0.0,0.0,1.0,0.0,,0.0,False,Qwen/Qwen3-Coder-30B-A3B-Instruct-FP8,None
2760@y_name@DESC,Bar,Medium,0.36658257246017456,1.4663302898406982,4,0.0,0.0,0.0,0.0,0.0,0.0,0.0,0.0,0.0,0.0,1.0,0.0,0.0,False,Qwen/Qwen3-Coder-30B-A3B-Instruct-FP8,None
2760@y_name@DESC,Bar,Medium,0.36658257246017456,1.4663302898406982,4,0.0,0.0,0.0,0.0,0.0,0.0,0.0,0.0,0.0,0.0,1.0,0.0,0.0,False,Qwen/Qwen3-Coder-30B-A3B-Instruct-FP8,None
2760@y_name@DESC,Bar,Medium,0.36658257246017456,1.4663302898406982,4,0.0,0.0,0.0,0.0,0.0,0.0,0.0,0.0,0.0,0.0,1.0,0.0,0.0,False,Qwen/Qwen3-Coder-30B-A3B-Instruct-FP8,None
2762@y_name@DESC,Bar,Medium,0.32671058177948,1.30684232711792,4,0.0,0.0,0.0,0.0,0.0,0.0,0.0,0.0,0.0,0.0,1.0,0.0,0.0,False,Qwen/Qwen3-Coder-30B-A3B-Instruct-FP8,None
2762@y_name@DESC,Bar,Medium,0.32671058177948,1.30684232711792,4,0.0,0.0,0.0,0.0,0.0,0.0,0.0,0.0,0.0,0.0,1.0,0.0,0.0,False,Qwen/Qwen3-Coder-30B-A3B-Instruct-FP8,None
2762@y_name@DESC,Bar,Medium,0.32671058177948,1.30684232711792,4,0.0,0.0,0.0,0.0,0.0,0.0,0.0,0.0,0.0,0.0,1.0,0.0,0.0,False,Qwen/Qwen3-Coder-30B-A3B-Instruct-FP8,None
2763@y_name@ASC,Bar,Medium,0.3629581928253174,0.7259163856506348,2,0.0,0.0,0.0,0.0,0.0,0.0,0.0,0.0,0.0,0.0,1.0,0.0,0.0,False,Qwen/Qwen3-Coder-30B-A3B-Instruct-FP8,None
2763@y_name@ASC,Bar,Medium,0.3629581928253174,0.7259163856506348,2,0.0,0.0,0.0,0.0,0.0,0.0,0.0,0.0,0.0,0.0,1.0,0.0,0.0,False,Qwen/Qwen3-Coder-30B-A3B-Instruct-FP8,None
2763@y_name@ASC,Bar,Medium,0.3629581928253174,0.7259163856506348,2,0.0,0.0,0.0,0.0,0.0,0.0,0.0,0.0,0.0,0.0,1.0,0.0,0.0,False,Qwen/Qwen3-Coder-30B-A3B-Instruct-FP8,None
2765@y_name@ASC,Bar,Medium,0.34884142875671387,1.0465242862701416,3,0.0,0.0,0.0,0.0,0.0,0.0,0.0,0.0,0.0,0.0,1.0,0.0,0.0,False,Qwen/Qwen3-Coder-30B-A3B-Instruct-FP8,None
2765@y_name@ASC,Bar,Medium,0.34884142875671387,1.0465242862701416,3,0.0,0.0,0.0,0.0,0.0,0.0,0.0,0.0,0.0,0.0,1.0,0.0,0.0,False,Qwen/Qwen3-Coder-30B-A3B-Instruct-FP8,None
2765@y_name@ASC,Bar,Medium,0.34884142875671387,1.0465242862701416,3,0.0,0.0,0.0,0.0,0.0,0.0,0.0,0.0,0.0,0.0,1.0,0.0,0.0,False,Qwen/Qwen3-Coder-30B-A3B-Instruct-FP8,None
2879@y_name@ASC,Bar,Medium,0.4056738615036011,0.8113477230072021,2,0.0,0.0,0.0,0.0,0.0,0.0,0.0,0.0,0.0,0.0,1.0,0.0,0.0,False,Qwen/Qwen3-Coder-30B-A3B-Instruct-FP8,None
2879@y_name@ASC,Bar,Medium,0.4056738615036011,0.8113477230072021,2,0.0,0.0,0.0,0.0,0.0,0.0,0.0,0.0,0.0,0.0,1.0,0.0,0.0,False,Qwen/Qwen3-Coder-30B-A3B-Instruct-FP8,None
2879@y_name@ASC,Bar,Medium,0.4056738615036011,0.8113477230072021,2,0.0,0.0,0.0,0.0,0.0,0.0,0.0,0.0,0.0,0.0,1.0,0.0,0.0,False,Qwen/Qwen3-Coder-30B-A3B-Instruct-FP8,None
2886@x_name@DESC,Bar,Hard,0.572380781173706,0.572380781173706,1,0.0,0.0,0.0,0.0,0.0,1.0,0.0,0.0,0.0,1.0,0.0,,0.0,True,Qwen/Qwen3-Coder-30B-A3B-Instruct-FP8,None
2886@x_name@DESC,Bar,Hard,0.572380781173706,0.572380781173706,1,0.0,0.0,0.0,0.0,0.0,1.0,0.0,0.0,0.0,1.0,0.0,,0.0,True,Qwen/Qwen3-Coder-30B-A3B-Instruct-FP8,None
2886@x_name@DESC,Bar,Hard,0.572380781173706,0.572380781173706,1,0.0,0.0,0.0,0.0,0.0,1.0,0.0,0.0,0.0,1.0,0.0,,0.0,True,Qwen/Qwen3-Coder-30B-A3B-Instruct-FP8,None
116@x_name@DESC,Bar,Hard,0.6505297422409058,1.3010594844818115,2,0.0,0.0,0.0,0.0,0.0,0.0,0.0,0.0,0.0,0.0,1.0,0.0,0.0,True,Qwen/Qwen3-Coder-30B-A3B-Instruct-FP8,None
116@x_name@DESC,Bar,Hard,0.6505297422409058,1.3010594844818115,2,0.0,0.0,0.0,0.0,0.0,0.0,0.0,0.0,0.0,0.0,1.0,0.0,0.0,True,Qwen/Qwen3-Coder-30B-A3B-Instruct-FP8,None
116@x_name@DESC,Bar,Hard,0.6505297422409058,1.3010594844818115,2,0.0,0.0,0.0,0.0,0.0,0.0,0.0,0.0,0.0,0.0,1.0,0.0,0.0,True,Qwen/Qwen3-Coder-30B-A3B-Instruct-FP8,None
117@y_name@ASC,Bar,Medium,0.39830827713012695,0.7966165542602539,2,0.0,0.0,0.0,0.0,0.0,0.0,0.0,0.0,0.0,0.0,1.0,0.0,0.0,False,Qwen/Qwen3-Coder-30B-A3B-Instruct-FP8,None
117@y_name@ASC,Bar,Medium,0.39830827713012695,0.7966165542602539,2,0.0,0.0,0.0,0.0,0.0,0.0,0.0,0.0,0.0,0.0,1.0,0.0,0.0,False,Qwen/Qwen3-Coder-30B-A3B-Instruct-FP8,None
117@y_name@ASC,Bar,Medium,0.39830827713012695,0.7966165542602539,2,0.0,0.0,0.0,0.0,0.0,0.0,0.0,0.0,0.0,0.0,1.0,0.0,0.0,False,Qwen/Qwen3-Coder-30B-A3B-Instruct-FP8,None
123@y_name@DESC,Bar,Hard,4.1426732540130615,4.1426732540130615,1,0.0,0.0,0.0,0.0,0.0,0.0,0.0,0.0,0.0,0.0,1.0,0.0,0.0,True,Qwen/Qwen3-Coder-30B-A3B-Instruct-FP8,None
123@y_name@DESC,Bar,Hard,4.1426732540130615,4.1426732540130615,1,0.0,0.0,0.0,0.0,0.0,0.0,0.0,0.0,0.0,0.0,1.0,0.0,0.0,True,Qwen/Qwen3-Coder-30B-A3B-Instruct-FP8,None
123@y_name@DESC,Bar,Hard,4.1426732540130615,4.1426732540130615,1,0.0,0.0,0.0,0.0,0.0,0.0,0.0,0.0,0.0,0.0,1.0,0.0,0.0,True,Qwen/Qwen3-Coder-30B-A3B-Instruct-FP8,None
127@y_name@ASC,Bar,Hard,0.6634538173675537,0.6634538173675537,1,0.0,0.0,0.0,0.0,0.0,0.0,0.0,0.0,0.0,0.0,1.0,0.0,0.0,True,Qwen/Qwen3-Coder-30B-A3B-Instruct-FP8,None
127@y_name@ASC,Bar,Hard,0.6634538173675537,0.6634538173675537,1,0.0,0.0,0.0,0.0,0.0,0.0,0.0,0.0,0.0,0.0,1.0,0.0,0.0,True,Qwen/Qwen3-Coder-30B-A3B-Instruct-FP8,None
127@y_name@ASC,Bar,Hard,0.6634538173675537,0.6634538173675537,1,0.0,0.0,0.0,0.0,0.0,0.0,0.0,0.0,0.0,0.0,1.0,0.0,0.0,True,Qwen/Qwen3-Coder-30B-A3B-Instruct-FP8,None
128@x_name@DESC,Bar,Hard,0.6985170841217041,0.6985170841217041,1,0.0,0.0,0.0,0.0,0.0,0.0,0.0,0.0,0.0,0.0,1.0,0.0,0.0,True,Qwen/Qwen3-Coder-30B-A3B-Instruct-FP8,None
128@x_name@DESC,Bar,Hard,0.6985170841217041,0.6985170841217041,1,0.0,0.0,0.0,0.0,0.0,0.0,0.0,0.0,0.0,0.0,1.0,0.0,0.0,True,Qwen/Qwen3-Coder-30B-A3B-Instruct-FP8,None
128@x_name@DESC,Bar,Hard,0.6985170841217041,0.6985170841217041,1,0.0,0.0,0.0,0.0,0.0,0.0,0.0,0.0,0.0,0.0,1.0,0.0,0.0,True,Qwen/Qwen3-Coder-30B-A3B-Instruct-FP8,None
134@x_name@DESC,Stacked Bar,Extra Hard,0.8574459552764893,0.8574459552764893,1,0.0,0.0,0.0,0.0,0.0,1.0,0.0,0.0,0.0,1.0,0.0,,0.0,True,Qwen/Qwen3-Coder-30B-A3B-Instruct-FP8,None
134@x_name@DESC,Stacked Bar,Extra Hard,0.8574459552764893,0.8574459552764893,1,0.0,0.0,0.0,0.0,0.0,1.0,0.0,0.0,0.0,1.0,0.0,,0.0,True,Qwen/Qwen3-Coder-30B-A3B-Instruct-FP8,None
134@x_name@DESC,Stacked Bar,Extra Hard,0.8574459552764893,0.8574459552764893,1,0.0,0.0,0.0,0.0,0.0,1.0,0.0,0.0,0.0,1.0,0.0,,0.0,True,Qwen/Qwen3-Coder-30B-A3B-Instruct-FP8,None
139@y_name@ASC,Bar,Hard,0.5376111268997192,1.0752222537994385,2,0.0,0.0,0.0,0.0,0.0,0.0,0.0,0.0,0.0,0.0,1.0,0.0,0.0,True,Qwen/Qwen3-Coder-30B-A3B-Instruct-FP8,None
139@y_name@ASC,Bar,Hard,0.5376111268997192,1.0752222537994385,2,0.0,0.0,0.0,0.0,0.0,0.0,0.0,0.0,0.0,0.0,1.0,0.0,0.0,True,Qwen/Qwen3-Coder-30B-A3B-Instruct-FP8,None
139@y_name@ASC,Bar,Hard,0.5376111268997192,1.0752222537994385,2,0.0,0.0,0.0,0.0,0.0,0.0,0.0,0.0,0.0,0.0,1.0,0.0,0.0,True,Qwen/Qwen3-Coder-30B-A3B-Instruct-FP8,None
140@y_name@ASC,Bar,Medium,0.39494335651397705,0.7898867130279541,2,0.0,0.0,0.0,0.0,0.0,0.0,0.0,0.0,0.0,0.0,1.0,0.0,0.0,False,Qwen/Qwen3-Coder-30B-A3B-Instruct-FP8,None
140@y_name@ASC,Bar,Medium,0.39494335651397705,0.7898867130279541,2,0.0,0.0,0.0,0.0,0.0,0.0,0.0,0.0,0.0,0.0,1.0,0.0,0.0,False,Qwen/Qwen3-Coder-30B-A3B-Instruct-FP8,None
140@y_name@ASC,Bar,Medium,0.39494335651397705,0.7898867130279541,2,0.0,0.0,0.0,0.0,0.0,0.0,0.0,0.0,0.0,0.0,1.0,0.0,0.0,False,Qwen/Qwen3-Coder-30B-A3B-Instruct-FP8,None
145@y_name@DESC,Stacked Bar,Extra Hard,4.703033924102783,4.703033924102783,1,0.0,0.0,0.0,0.0,1.0,0.0,0.0,0.0,0.0,1.0,0.0,,0.0,True,Qwen/Qwen3-Coder-30B-A3B-Instruct-FP8,None
145@y_name@DESC,Stacked Bar,Extra Hard,4.703033924102783,4.703033924102783,1,0.0,0.0,0.0,0.0,1.0,0.0,0.0,0.0,0.0,1.0,0.0,,0.0,True,Qwen/Qwen3-Coder-30B-A3B-Instruct-FP8,None
145@y_name@DESC,Stacked Bar,Extra Hard,4.703033924102783,4.703033924102783,1,0.0,0.0,0.0,0.0,1.0,0.0,0.0,0.0,0.0,1.0,0.0,,0.0,True,Qwen/Qwen3-Coder-30B-A3B-Instruct-FP8,None
149@x_name@DESC,Bar,Hard,0.7971851825714111,0.7971851825714111,1,0.0,0.0,0.0,0.0,0.0,0.0,0.0,0.0,0.0,0.0,1.0,0.0,0.0,True,Qwen/Qwen3-Coder-30B-A3B-Instruct-FP8,None
149@x_name@DESC,Bar,Hard,0.7971851825714111,0.7971851825714111,1,0.0,0.0,0.0,0.0,0.0,0.0,0.0,0.0,0.0,0.0,1.0,0.0,0.0,True,Qwen/Qwen3-Coder-30B-A3B-Instruct-FP8,None
149@x_name@DESC,Bar,Hard,0.7971851825714111,0.7971851825714111,1,0.0,0.0,0.0,0.0,0.0,0.0,0.0,0.0,0.0,0.0,1.0,0.0,0.0,True,Qwen/Qwen3-Coder-30B-A3B-Instruct-FP8,None
3069@x_name@ASC,Bar,Hard,0.4569258689880371,0.4569258689880371,1,0.0,0.0,0.0,0.0,0.0,0.0,0.0,0.0,0.0,0.0,1.0,0.0,0.0,True,Qwen/Qwen3-Coder-30B-A3B-Instruct-FP8,None
3069@x_name@ASC,Bar,Hard,0.4569258689880371,0.4569258689880371,1,0.0,0.0,0.0,0.0,0.0,0.0,0.0,0.0,0.0,0.0,1.0,0.0,0.0,True,Qwen/Qwen3-Coder-30B-A3B-Instruct-FP8,None
3069@x_name@ASC,Bar,Hard,0.4569258689880371,0.4569258689880371,1,0.0,0.0,0.0,0.0,0.0,0.0,0.0,0.0,0.0,0.0,1.0,0.0,0.0,True,Qwen/Qwen3-Coder-30B-A3B-Instruct-FP8,None
1424@y_name@ASC,Bar,Medium,0.36832284927368164,0.36832284927368164,1,0.0,0.0,0.0,0.0,0.0,0.0,0.0,0.0,0.0,0.0,1.0,0.0,0.0,False,Qwen/Qwen3-Coder-30B-A3B-Instruct-FP8,None
1424@y_name@ASC,Bar,Medium,0.36832284927368164,0.36832284927368164,1,0.0,0.0,0.0,0.0,0.0,0.0,0.0,0.0,0.0,0.0,1.0,0.0,0.0,False,Qwen/Qwen3-Coder-30B-A3B-Instruct-FP8,None
1424@y_name@ASC,Bar,Medium,0.36832284927368164,0.36832284927368164,1,0.0,0.0,0.0,0.0,0.0,0.0,0.0,0.0,0.0,0.0,1.0,0.0,0.0,False,Qwen/Qwen3-Coder-30B-A3B-Instruct-FP8,None
4001,Scatter,Hard,4.78380274772644,4.78380274772644,1,0.0,0.0,0.0,0.0,1.0,0.0,0.0,0.0,0.0,1.0,0.0,,0.0,True,Qwen/Qwen3-Coder-30B-A3B-Instruct-FP8,None
4001,Scatter,Hard,4.78380274772644,4.78380274772644,1,0.0,0.0,0.0,0.0,1.0,0.0,0.0,0.0,0.0,1.0,0.0,,0.0,True,Qwen/Qwen3-Coder-30B-A3B-Instruct-FP8,None
4001,Scatter,Hard,4.78380274772644,4.78380274772644,1,0.0,0.0,0.0,0.0,1.0,0.0,0.0,0.0,0.0,1.0,0.0,,0.0,True,Qwen/Qwen3-Coder-30B-A3B-Instruct-FP8,None
4002,Stacked Bar,Easy,0.4805631637573242,0.4805631637573242,1,0.0,0.0,0.0,0.0,0.0,0.0,0.0,0.0,0.0,0.0,1.0,0.0,0.0,False,Qwen/Qwen3-Coder-30B-A3B-Instruct-FP8,None
4002,Stacked Bar,Easy,0.4805631637573242,0.4805631637573242,1,0.0,0.0,0.0,0.0,0.0,0.0,0.0,0.0,0.0,0.0,1.0,0.0,0.0,False,Qwen/Qwen3-Coder-30B-A3B-Instruct-FP8,None
4002,Stacked Bar,Easy,0.4805631637573242,0.4805631637573242,1,0.0,0.0,0.0,0.0,0.0,0.0,0.0,0.0,0.0,0.0,1.0,0.0,0.0,False,Qwen/Qwen3-Coder-30B-A3B-Instruct-FP8,None
4003,Scatter,Easy,0.3760054111480713,0.3760054111480713,1,0.0,0.0,0.0,0.0,0.0,0.0,0.0,0.0,0.0,0.0,1.0,0.0,0.0,False,Qwen/Qwen3-Coder-30B-A3B-Instruct-FP8,None
4003,Scatter,Easy,0.3760054111480713,0.3760054111480713,1,0.0,0.0,0.0,0.0,0.0,0.0,0.0,0.0,0.0,0.0,1.0,0.0,0.0,False,Qwen/Qwen3-Coder-30B-A3B-Instruct-FP8,None
4003,Scatter,Easy,0.3760054111480713,0.3760054111480713,1,0.0,0.0,0.0,0.0,0.0,0.0,0.0,0.0,0.0,0.0,1.0,0.0,0.0,False,Qwen/Qwen3-Coder-30B-A3B-Instruct-FP8,None
4004,Stacked Bar,Hard,0.699364185333252,0.699364185333252,1,0.0,0.0,0.0,1.0,1.0,0.0,0.0,0.0,0.0,1.0,0.0,,0.0,True,Qwen/Qwen3-Coder-30B-A3B-Instruct-FP8,None
4004,Stacked Bar,Hard,0.699364185333252,0.699364185333252,1,0.0,0.0,0.0,1.0,1.0,0.0,0.0,0.0,0.0,1.0,0.0,,0.0,True,Qwen/Qwen3-Coder-30B-A3B-Instruct-FP8,None
4004,Stacked Bar,Hard,0.699364185333252,0.699364185333252,1,0.0,0.0,0.0,1.0,1.0,0.0,0.0,0.0,0.0,1.0,0.0,,0.0,True,Qwen/Qwen3-Coder-30B-A3B-Instruct-FP8,None
4005,Grouping Line,Easy,0.9946472644805908,0.9946472644805908,1,0.0,0.0,0.0,1.0,1.0,0.0,0.0,0.0,0.0,1.0,0.0,,0.0,False,Qwen/Qwen3-Coder-30B-A3B-Instruct-FP8,None
4005,Grouping Line,Easy,0.9946472644805908,0.9946472644805908,1,0.0,0.0,0.0,1.0,1.0,0.0,0.0,0.0,0.0,1.0,0.0,,0.0,False,Qwen/Qwen3-Coder-30B-A3B-Instruct-FP8,None
4005,Grouping Line,Easy,0.9946472644805908,0.9946472644805908,1,0.0,0.0,0.0,1.0,1.0,0.0,0.0,0.0,0.0,1.0,0.0,,0.0,False,Qwen/Qwen3-Coder-30B-A3B-Instruct-FP8,None
4006,Grouping Line,Medium,1.4475171566009521,1.4475171566009521,1,0.0,0.0,0.0,1.0,1.0,0.0,0.0,0.0,0.0,1.0,0.0,,0.0,False,Qwen/Qwen3-Coder-30B-A3B-Instruct-FP8,None
4006,Grouping Line,Medium,1.4475171566009521,1.4475171566009521,1,0.0,0.0,0.0,1.0,1.0,0.0,0.0,0.0,0.0,1.0,0.0,,0.0,False,Qwen/Qwen3-Coder-30B-A3B-Instruct-FP8,None
4006,Grouping Line,Medium,1.4475171566009521,1.4475171566009521,1,0.0,0.0,0.0,1.0,1.0,0.0,0.0,0.0,0.0,1.0,0.0,,0.0,False,Qwen/Qwen3-Coder-30B-A3B-Instruct-FP8,None
4007,Stacked Bar,Hard,14.509405612945557,14.509405612945557,1,1.0,0.0,0.0,0.0,0.0,0.0,0.0,0.0,1.0,0.0,0.0,,0.0,True,Qwen/Qwen3-Coder-30B-A3B-Instruct-FP8,None
4007,Stacked Bar,Hard,14.509405612945557,14.509405612945557,1,1.0,0.0,0.0,0.0,0.0,0.0,0.0,0.0,1.0,0.0,0.0,,0.0,True,Qwen/Qwen3-Coder-30B-A3B-Instruct-FP8,None
4007,Stacked Bar,Hard,14.509405612945557,14.509405612945557,1,1.0,0.0,0.0,0.0,0.0,0.0,0.0,0.0,1.0,0.0,0.0,,0.0,True,Qwen/Qwen3-Coder-30B-A3B-Instruct-FP8,None
4008,Grouping Line,Medium,4.839414119720459,4.839414119720459,1,0.0,0.0,0.0,0.0,0.0,0.0,0.0,0.0,0.0,0.0,1.0,0.0,0.0,False,Qwen/Qwen3-Coder-30B-A3B-Instruct-FP8,None
4008,Grouping Line,Medium,4.839414119720459,4.839414119720459,1,0.0,0.0,0.0,0.0,0.0,0.0,0.0,0.0,0.0,0.0,1.0,0.0,0.0,False,Qwen/Qwen3-Coder-30B-A3B-Instruct-FP8,None
4008,Grouping Line,Medium,4.839414119720459,4.839414119720459,1,0.0,0.0,0.0,0.0,0.0,0.0,0.0,0.0,0.0,0.0,1.0,0.0,0.0,False,Qwen/Qwen3-Coder-30B-A3B-Instruct-FP8,None
4009,Scatter,Medium,0.49019765853881836,0.49019765853881836,1,0.0,0.0,0.0,0.0,0.0,0.0,0.0,0.0,0.0,0.0,1.0,0.0,0.0,False,Qwen/Qwen3-Coder-30B-A3B-Instruct-FP8,None
4009,Scatter,Medium,0.49019765853881836,0.49019765853881836,1,0.0,0.0,0.0,0.0,0.0,0.0,0.0,0.0,0.0,0.0,1.0,0.0,0.0,False,Qwen/Qwen3-Coder-30B-A3B-Instruct-FP8,None
4009,Scatter,Medium,0.49019765853881836,0.49019765853881836,1,0.0,0.0,0.0,0.0,0.0,0.0,0.0,0.0,0.0,0.0,1.0,0.0,0.0,False,Qwen/Qwen3-Coder-30B-A3B-Instruct-FP8,None
4010,Stacked Bar,Hard,4.806195020675659,4.806195020675659,1,0.0,0.0,0.0,0.0,1.0,0.0,0.0,0.0,0.0,1.0,0.0,,0.0,True,Qwen/Qwen3-Coder-30B-A3B-Instruct-FP8,None
4010,Stacked Bar,Hard,4.806195020675659,4.806195020675659,1,0.0,0.0,0.0,0.0,1.0,0.0,0.0,0.0,0.0,1.0,0.0,,0.0,True,Qwen/Qwen3-Coder-30B-A3B-Instruct-FP8,None
4010,Stacked Bar,Hard,4.806195020675659,4.806195020675659,1,0.0,0.0,0.0,0.0,1.0,0.0,0.0,0.0,0.0,1.0,0.0,,0.0,True,Qwen/Qwen3-Coder-30B-A3B-Instruct-FP8,None
4011,Stacked Bar,Extra Hard,11.978934526443481,11.978934526443481,1,0.0,0.0,0.0,0.0,1.0,0.0,0.0,0.0,0.0,1.0,0.0,,0.0,True,Qwen/Qwen3-Coder-30B-A3B-Instruct-FP8,None
4011,Stacked Bar,Extra Hard,11.978934526443481,11.978934526443481,1,0.0,0.0,0.0,0.0,1.0,0.0,0.0,0.0,0.0,1.0,0.0,,0.0,True,Qwen/Qwen3-Coder-30B-A3B-Instruct-FP8,None
4011,Stacked Bar,Extra Hard,11.978934526443481,11.978934526443481,1,0.0,0.0,0.0,0.0,1.0,0.0,0.0,0.0,0.0,1.0,0.0,,0.0,True,Qwen/Qwen3-Coder-30B-A3B-Instruct-FP8,None
4012,Grouping Scatter,Extra Hard,14.07664442062378,14.07664442062378,1,1.0,0.0,0.0,0.0,0.0,0.0,0.0,0.0,1.0,0.0,0.0,,0.0,True,Qwen/Qwen3-Coder-30B-A3B-Instruct-FP8,None
4012,Grouping Scatter,Extra Hard,14.07664442062378,14.07664442062378,1,1.0,0.0,0.0,0.0,0.0,0.0,0.0,0.0,1.0,0.0,0.0,,0.0,True,Qwen/Qwen3-Coder-30B-A3B-Instruct-FP8,None
4012,Grouping Scatter,Extra Hard,14.07664442062378,14.07664442062378,1,1.0,0.0,0.0,0.0,0.0,0.0,0.0,0.0,1.0,0.0,0.0,,0.0,True,Qwen/Qwen3-Coder-30B-A3B-Instruct-FP8,None
4013,Stacked Bar,Extra Hard,14.630294561386108,14.630294561386108,1,1.0,0.0,0.0,0.0,0.0,0.0,0.0,0.0,1.0,0.0,0.0,,0.0,True,Qwen/Qwen3-Coder-30B-A3B-Instruct-FP8,None
4013,Stacked Bar,Extra Hard,14.630294561386108,14.630294561386108,1,1.0,0.0,0.0,0.0,0.0,0.0,0.0,0.0,1.0,0.0,0.0,,0.0,True,Qwen/Qwen3-Coder-30B-A3B-Instruct-FP8,None
4013,Stacked Bar,Extra Hard,14.630294561386108,14.630294561386108,1,1.0,0.0,0.0,0.0,0.0,0.0,0.0,0.0,1.0,0.0,0.0,,0.0,True,Qwen/Qwen3-Coder-30B-A3B-Instruct-FP8,None
4014,Grouping Line,Extra Hard,13.33108401298523,13.33108401298523,1,1.0,0.0,0.0,0.0,0.0,0.0,0.0,0.0,1.0,0.0,0.0,,0.0,True,Qwen/Qwen3-Coder-30B-A3B-Instruct-FP8,None
4014,Grouping Line,Extra Hard,13.33108401298523,13.33108401298523,1,1.0,0.0,0.0,0.0,0.0,0.0,0.0,0.0,1.0,0.0,0.0,,0.0,True,Qwen/Qwen3-Coder-30B-A3B-Instruct-FP8,None
4014,Grouping Line,Extra Hard,13.33108401298523,13.33108401298523,1,1.0,0.0,0.0,0.0,0.0,0.0,0.0,0.0,1.0,0.0,0.0,,0.0,True,Qwen/Qwen3-Coder-30B-A3B-Instruct-FP8,None
4015,Scatter,Extra Hard,0.31342172622680664,0.31342172622680664,1,0.0,0.0,0.0,0.0,0.0,0.0,0.0,0.0,0.0,0.0,1.0,0.0,0.0,False,Qwen/Qwen3-Coder-30B-A3B-Instruct-FP8,None
4015,Scatter,Extra Hard,0.31342172622680664,0.31342172622680664,1,0.0,0.0,0.0,0.0,0.0,0.0,0.0,0.0,0.0,0.0,1.0,0.0,0.0,False,Qwen/Qwen3-Coder-30B-A3B-Instruct-FP8,None
4015,Scatter,Extra Hard,0.31342172622680664,0.31342172622680664,1,0.0,0.0,0.0,0.0,0.0,0.0,0.0,0.0,0.0,0.0,1.0,0.0,0.0,False,Qwen/Qwen3-Coder-30B-A3B-Instruct-FP8,None
4016,Grouping Line,Medium,12.19862413406372,12.19862413406372,1,1.0,0.0,0.0,0.0,0.0,0.0,0.0,0.0,1.0,0.0,0.0,,0.0,False,Qwen/Qwen3-Coder-30B-A3B-Instruct-FP8,None
4016,Grouping Line,Medium,12.19862413406372,12.19862413406372,1,1.0,0.0,0.0,0.0,0.0,0.0,0.0,0.0,1.0,0.0,0.0,,0.0,False,Qwen/Qwen3-Coder-30B-A3B-Instruct-FP8,None
4016,Grouping Line,Medium,12.19862413406372,12.19862413406372,1,1.0,0.0,0.0,0.0,0.0,0.0,0.0,0.0,1.0,0.0,0.0,,0.0,False,Qwen/Qwen3-Coder-30B-A3B-Instruct-FP8,None
4017,Stacked Bar,Medium,9.369812250137329,9.369812250137329,1,0.0,0.0,0.0,0.0,0.0,0.0,0.0,0.0,0.0,0.0,1.0,0.0,0.0,False,Qwen/Qwen3-Coder-30B-A3B-Instruct-FP8,None
4017,Stacked Bar,Medium,9.369812250137329,9.369812250137329,1,0.0,0.0,0.0,0.0,0.0,0.0,0.0,0.0,0.0,0.0,1.0,0.0,0.0,False,Qwen/Qwen3-Coder-30B-A3B-Instruct-FP8,None
4017,Stacked Bar,Medium,9.369812250137329,9.369812250137329,1,0.0,0.0,0.0,0.0,0.0,0.0,0.0,0.0,0.0,0.0,1.0,0.0,0.0,False,Qwen/Qwen3-Coder-30B-A3B-Instruct-FP8,None
4018,Stacked Bar,Medium,4.652645587921143,4.652645587921143,1,0.0,0.0,0.0,0.0,0.0,0.0,0.0,0.0,0.0,0.0,1.0,0.0,0.0,True,Qwen/Qwen3-Coder-30B-A3B-Instruct-FP8,None
4018,Stacked Bar,Medium,4.652645587921143,4.652645587921143,1,0.0,0.0,0.0,0.0,0.0,0.0,0.0,0.0,0.0,0.0,1.0,0.0,0.0,True,Qwen/Qwen3-Coder-30B-A3B-Instruct-FP8,None
4018,Stacked Bar,Medium,4.652645587921143,4.652645587921143,1,0.0,0.0,0.0,0.0,0.0,0.0,0.0,0.0,0.0,0.0,1.0,0.0,0.0,True,Qwen/Qwen3-Coder-30B-A3B-Instruct-FP8,None
4019,Stacked Bar,Medium,4.082653999328613,4.082653999328613,1,0.0,0.0,0.0,0.0,0.0,0.0,0.0,0.0,0.0,0.0,1.0,0.0,0.0,True,Qwen/Qwen3-Coder-30B-A3B-Instruct-FP8,None
4019,Stacked Bar,Medium,4.082653999328613,4.082653999328613,1,0.0,0.0,0.0,0.0,0.0,0.0,0.0,0.0,0.0,0.0,1.0,0.0,0.0,True,Qwen/Qwen3-Coder-30B-A3B-Instruct-FP8,None
4019,Stacked Bar,Medium,4.082653999328613,4.082653999328613,1,0.0,0.0,0.0,0.0,0.0,0.0,0.0,0.0,0.0,0.0,1.0,0.0,0.0,True,Qwen/Qwen3-Coder-30B-A3B-Instruct-FP8,None
4020,Stacked Bar,Medium,12.123214960098267,12.123214960098267,1,1.0,0.0,0.0,0.0,0.0,0.0,0.0,0.0,1.0,0.0,0.0,,0.0,True,Qwen/Qwen3-Coder-30B-A3B-Instruct-FP8,None
4020,Stacked Bar,Medium,12.123214960098267,12.123214960098267,1,1.0,0.0,0.0,0.0,0.0,0.0,0.0,0.0,1.0,0.0,0.0,,0.0,True,Qwen/Qwen3-Coder-30B-A3B-Instruct-FP8,None
4020,Stacked Bar,Medium,12.123214960098267,12.123214960098267,1,1.0,0.0,0.0,0.0,0.0,0.0,0.0,0.0,1.0,0.0,0.0,,0.0,True,Qwen/Qwen3-Coder-30B-A3B-Instruct-FP8,None
4021,Scatter,Medium,0.42319464683532715,0.42319464683532715,1,0.0,0.0,0.0,0.0,0.0,0.0,0.0,0.0,0.0,0.0,1.0,0.0,0.0,False,Qwen/Qwen3-Coder-30B-A3B-Instruct-FP8,None
4021,Scatter,Medium,0.42319464683532715,0.42319464683532715,1,0.0,0.0,0.0,0.0,0.0,0.0,0.0,0.0,0.0,0.0,1.0,0.0,0.0,False,Qwen/Qwen3-Coder-30B-A3B-Instruct-FP8,None
4021,Scatter,Medium,0.42319464683532715,0.42319464683532715,1,0.0,0.0,0.0,0.0,0.0,0.0,0.0,0.0,0.0,0.0,1.0,0.0,0.0,False,Qwen/Qwen3-Coder-30B-A3B-Instruct-FP8,None
4022,Stacked Bar,Medium,5.042557954788208,5.042557954788208,1,0.0,0.0,0.0,0.0,0.0,0.0,0.0,0.0,0.0,0.0,1.0,0.0,0.0,True,Qwen/Qwen3-Coder-30B-A3B-Instruct-FP8,None
4022,Stacked Bar,Medium,5.042557954788208,5.042557954788208,1,0.0,0.0,0.0,0.0,0.0,0.0,0.0,0.0,0.0,0.0,1.0,0.0,0.0,True,Qwen/Qwen3-Coder-30B-A3B-Instruct-FP8,None
4022,Stacked Bar,Medium,5.042557954788208,5.042557954788208,1,0.0,0.0,0.0,0.0,0.0,0.0,0.0,0.0,0.0,0.0,1.0,0.0,0.0,True,Qwen/Qwen3-Coder-30B-A3B-Instruct-FP8,None
4023,Grouping Scatter,Easy,3.934974431991577,3.934974431991577,1,0.0,0.0,0.0,0.0,1.0,0.0,0.0,0.0,0.0,1.0,0.0,,0.0,False,Qwen/Qwen3-Coder-30B-A3B-Instruct-FP8,None
4023,Grouping Scatter,Easy,3.934974431991577,3.934974431991577,1,0.0,0.0,0.0,0.0,1.0,0.0,0.0,0.0,0.0,1.0,0.0,,0.0,False,Qwen/Qwen3-Coder-30B-A3B-Instruct-FP8,None
4023,Grouping Scatter,Easy,3.934974431991577,3.934974431991577,1,0.0,0.0,0.0,0.0,1.0,0.0,0.0,0.0,0.0,1.0,0.0,,0.0,False,Qwen/Qwen3-Coder-30B-A3B-Instruct-FP8,None
4024,Grouping Scatter,Easy,13.014785528182983,13.014785528182983,1,1.0,0.0,0.0,0.0,0.0,0.0,0.0,0.0,1.0,0.0,0.0,,0.0,False,Qwen/Qwen3-Coder-30B-A3B-Instruct-FP8,None
4024,Grouping Scatter,Easy,13.014785528182983,13.014785528182983,1,1.0,0.0,0.0,0.0,0.0,0.0,0.0,0.0,1.0,0.0,0.0,,0.0,False,Qwen/Qwen3-Coder-30B-A3B-Instruct-FP8,None
4024,Grouping Scatter,Easy,13.014785528182983,13.014785528182983,1,1.0,0.0,0.0,0.0,0.0,0.0,0.0,0.0,1.0,0.0,0.0,,0.0,False,Qwen/Qwen3-Coder-30B-A3B-Instruct-FP8,None
4025,Stacked Bar,Medium,8.302966117858887,8.302966117858887,1,0.0,0.0,0.0,0.0,0.0,0.0,0.0,0.0,0.0,0.0,1.0,0.0,0.0,False,Qwen/Qwen3-Coder-30B-A3B-Instruct-FP8,None
4025,Stacked Bar,Medium,8.302966117858887,8.302966117858887,1,0.0,0.0,0.0,0.0,0.0,0.0,0.0,0.0,0.0,0.0,1.0,0.0,0.0,False,Qwen/Qwen3-Coder-30B-A3B-Instruct-FP8,None
4025,Stacked Bar,Medium,8.302966117858887,8.302966117858887,1,0.0,0.0,0.0,0.0,0.0,0.0,0.0,0.0,0.0,0.0,1.0,0.0,0.0,False,Qwen/Qwen3-Coder-30B-A3B-Instruct-FP8,None
4026,Grouping Line,Easy,8.072922229766846,8.072922229766846,1,0.0,0.0,0.0,1.0,1.0,0.0,0.0,0.0,0.0,1.0,0.0,,0.0,False,Qwen/Qwen3-Coder-30B-A3B-Instruct-FP8,None
4026,Grouping Line,Easy,8.072922229766846,8.072922229766846,1,0.0,0.0,0.0,1.0,1.0,0.0,0.0,0.0,0.0,1.0,0.0,,0.0,False,Qwen/Qwen3-Coder-30B-A3B-Instruct-FP8,None
4026,Grouping Line,Easy,8.072922229766846,8.072922229766846,1,0.0,0.0,0.0,1.0,1.0,0.0,0.0,0.0,0.0,1.0,0.0,,0.0,False,Qwen/Qwen3-Coder-30B-A3B-Instruct-FP8,None
4027,Grouping Line,Easy,7.21363091468811,7.21363091468811,1,0.0,0.0,0.0,1.0,1.0,0.0,0.0,0.0,0.0,1.0,0.0,,0.0,False,Qwen/Qwen3-Coder-30B-A3B-Instruct-FP8,None
4027,Grouping Line,Easy,7.21363091468811,7.21363091468811,1,0.0,0.0,0.0,1.0,1.0,0.0,0.0,0.0,0.0,1.0,0.0,,0.0,False,Qwen/Qwen3-Coder-30B-A3B-Instruct-FP8,None
4027,Grouping Line,Easy,7.21363091468811,7.21363091468811,1,0.0,0.0,0.0,1.0,1.0,0.0,0.0,0.0,0.0,1.0,0.0,,0.0,False,Qwen/Qwen3-Coder-30B-A3B-Instruct-FP8,None
4028,Stacked Bar,Easy,6.901231288909912,6.901231288909912,1,0.0,0.0,0.0,0.0,0.0,0.0,0.0,0.0,0.0,0.0,1.0,0.0,0.0,False,Qwen/Qwen3-Coder-30B-A3B-Instruct-FP8,None
4028,Stacked Bar,Easy,6.901231288909912,6.901231288909912,1,0.0,0.0,0.0,0.0,0.0,0.0,0.0,0.0,0.0,0.0,1.0,0.0,0.0,False,Qwen/Qwen3-Coder-30B-A3B-Instruct-FP8,None
4028,Stacked Bar,Easy,6.901231288909912,6.901231288909912,1,0.0,0.0,0.0,0.0,0.0,0.0,0.0,0.0,0.0,0.0,1.0,0.0,0.0,False,Qwen/Qwen3-Coder-30B-A3B-Instruct-FP8,None
4029,Grouping Line,Hard,14.628167390823364,14.628167390823364,1,1.0,0.0,0.0,0.0,0.0,0.0,0.0,0.0,1.0,0.0,0.0,,0.0,True,Qwen/Qwen3-Coder-30B-A3B-Instruct-FP8,None
4029,Grouping Line,Hard,14.628167390823364,14.628167390823364,1,1.0,0.0,0.0,0.0,0.0,0.0,0.0,0.0,1.0,0.0,0.0,,0.0,True,Qwen/Qwen3-Coder-30B-A3B-Instruct-FP8,None
4029,Grouping Line,Hard,14.628167390823364,14.628167390823364,1,1.0,0.0,0.0,0.0,0.0,0.0,0.0,0.0,1.0,0.0,0.0,,0.0,True,Qwen/Qwen3-Coder-30B-A3B-Instruct-FP8,None
4030,Stacked Bar,Medium,11.60968828201294,11.60968828201294,1,1.0,0.0,0.0,0.0,0.0,0.0,0.0,0.0,1.0,0.0,0.0,,0.0,False,Qwen/Qwen3-Coder-30B-A3B-Instruct-FP8,None
4030,Stacked Bar,Medium,11.60968828201294,11.60968828201294,1,1.0,0.0,0.0,0.0,0.0,0.0,0.0,0.0,1.0,0.0,0.0,,0.0,False,Qwen/Qwen3-Coder-30B-A3B-Instruct-FP8,None
4030,Stacked Bar,Medium,11.60968828201294,11.60968828201294,1,1.0,0.0,0.0,0.0,0.0,0.0,0.0,0.0,1.0,0.0,0.0,,0.0,False,Qwen/Qwen3-Coder-30B-A3B-Instruct-FP8,None
4031,Stacked Bar,Medium,13.055846691131592,13.055846691131592,1,1.0,0.0,0.0,0.0,0.0,0.0,0.0,0.0,1.0,0.0,0.0,,0.0,False,Qwen/Qwen3-Coder-30B-A3B-Instruct-FP8,None
4031,Stacked Bar,Medium,13.055846691131592,13.055846691131592,1,1.0,0.0,0.0,0.0,0.0,0.0,0.0,0.0,1.0,0.0,0.0,,0.0,False,Qwen/Qwen3-Coder-30B-A3B-Instruct-FP8,None
4031,Stacked Bar,Medium,13.055846691131592,13.055846691131592,1,1.0,0.0,0.0,0.0,0.0,0.0,0.0,0.0,1.0,0.0,0.0,,0.0,False,Qwen/Qwen3-Coder-30B-A3B-Instruct-FP8,None
4032,Grouping Scatter,Medium,4.459081172943115,4.459081172943115,1,0.0,0.0,0.0,0.0,1.0,0.0,0.0,0.0,0.0,1.0,0.0,,0.0,False,Qwen/Qwen3-Coder-30B-A3B-Instruct-FP8,None
4032,Grouping Scatter,Medium,4.459081172943115,4.459081172943115,1,0.0,0.0,0.0,0.0,1.0,0.0,0.0,0.0,0.0,1.0,0.0,,0.0,False,Qwen/Qwen3-Coder-30B-A3B-Instruct-FP8,None
4032,Grouping Scatter,Medium,4.459081172943115,4.459081172943115,1,0.0,0.0,0.0,0.0,1.0,0.0,0.0,0.0,0.0,1.0,0.0,,0.0,False,Qwen/Qwen3-Coder-30B-A3B-Instruct-FP8,None
4033,Grouping Line,Hard,0.6563022136688232,0.6563022136688232,1,0.0,0.0,0.0,1.0,1.0,0.0,0.0,0.0,0.0,1.0,0.0,,0.0,False,Qwen/Qwen3-Coder-30B-A3B-Instruct-FP8,None
4033,Grouping Line,Hard,0.6563022136688232,0.6563022136688232,1,0.0,0.0,0.0,1.0,1.0,0.0,0.0,0.0,0.0,1.0,0.0,,0.0,False,Qwen/Qwen3-Coder-30B-A3B-Instruct-FP8,None
4033,Grouping Line,Hard,0.6563022136688232,0.6563022136688232,1,0.0,0.0,0.0,1.0,1.0,0.0,0.0,0.0,0.0,1.0,0.0,,0.0,False,Qwen/Qwen3-Coder-30B-A3B-Instruct-FP8,None
4034,Grouping Line,Medium,1.240410566329956,1.240410566329956,1,0.0,0.0,0.0,1.0,1.0,0.0,0.0,0.0,0.0,1.0,0.0,,0.0,False,Qwen/Qwen3-Coder-30B-A3B-Instruct-FP8,None
4034,Grouping Line,Medium,1.240410566329956,1.240410566329956,1,0.0,0.0,0.0,1.0,1.0,0.0,0.0,0.0,0.0,1.0,0.0,,0.0,False,Qwen/Qwen3-Coder-30B-A3B-Instruct-FP8,None
4034,Grouping Line,Medium,1.240410566329956,1.240410566329956,1,0.0,0.0,0.0,1.0,1.0,0.0,0.0,0.0,0.0,1.0,0.0,,0.0,False,Qwen/Qwen3-Coder-30B-A3B-Instruct-FP8,None
4035,Grouping Line,Medium,0.653151273727417,0.653151273727417,1,0.0,0.0,0.0,1.0,1.0,0.0,0.0,0.0,0.0,1.0,0.0,,0.0,True,Qwen/Qwen3-Coder-30B-A3B-Instruct-FP8,None
4035,Grouping Line,Medium,0.653151273727417,0.653151273727417,1,0.0,0.0,0.0,1.0,1.0,0.0,0.0,0.0,0.0,1.0,0.0,,0.0,True,Qwen/Qwen3-Coder-30B-A3B-Instruct-FP8,None
4035,Grouping Line,Medium,0.653151273727417,0.653151273727417,1,0.0,0.0,0.0,1.0,1.0,0.0,0.0,0.0,0.0,1.0,0.0,,0.0,True,Qwen/Qwen3-Coder-30B-A3B-Instruct-FP8,None
