id,chart,hardness,avg_inference_time,total_inference_time,inference_count,code execution_fail_rate,surface-form check_fail_rate,deconstruction_fail_rate,chart type check_fail_rate,data check_fail_rate,order check_fail_rate,layout check_fail_rate,scale and ticks check_fail_rate,invalid_rate,illegal rate,pass_rate,readability_score,quality_score,is_multi_table,text_model,vision_model
4,Pie,Medium,10.788,43.1521,4,0.0,0.0,0.0,0.0,0.0,0.0,0.0,0.0,0.0,0.0,1.0,0.0,0.0,True,Qwen/Qwen2.5-Coder-7B-Instruct,None
4,Pie,Medium,10.788,43.1521,4,0.0,0.0,0.0,0.0,0.0,0.0,0.0,0.0,0.0,0.0,1.0,0.0,0.0,True,Qwen/Qwen2.5-Coder-7B-Instruct,None
4,Pie,Medium,10.788,43.1521,4,0.0,0.0,0.0,0.0,0.0,0.0,0.0,0.0,0.0,0.0,1.0,0.0,0.0,True,Qwen/Qwen2.5-Coder-7B-Instruct,None
5,Bar,Medium,9.8416,49.2082,5,0.0,0.0,0.0,0.0,0.0,0.0,0.0,0.0,0.0,0.0,1.0,0.0,0.0,True,Qwen/Qwen2.5-Coder-7B-Instruct,None
5,Bar,Medium,9.8416,49.2082,5,0.0,0.0,0.0,0.0,0.0,0.0,0.0,0.0,0.0,0.0,1.0,0.0,0.0,True,Qwen/Qwen2.5-Coder-7B-Instruct,None
5,Bar,Medium,9.8416,49.2082,5,0.0,0.0,0.0,0.0,0.0,0.0,0.0,0.0,0.0,0.0,1.0,0.0,0.0,True,Qwen/Qwen2.5-Coder-7B-Instruct,None
8,Pie,Easy,3.5959,10.7877,3,0.0,0.0,0.0,0.0,0.0,0.0,0.0,0.0,0.0,0.0,1.0,0.0,0.0,False,Qwen/Qwen2.5-Coder-7B-Instruct,None
8,Pie,Easy,3.5959,10.7877,3,0.0,0.0,0.0,0.0,0.0,0.0,0.0,0.0,0.0,0.0,1.0,0.0,0.0,False,Qwen/Qwen2.5-Coder-7B-Instruct,None
8,Pie,Easy,3.5959,10.7877,3,0.0,0.0,0.0,0.0,0.0,0.0,0.0,0.0,0.0,0.0,1.0,0.0,0.0,False,Qwen/Qwen2.5-Coder-7B-Instruct,None
9,Bar,Easy,3.6206,7.2412,2,0.0,0.0,0.0,0.0,0.0,0.0,0.0,0.0,0.0,0.0,1.0,0.0,0.0,False,Qwen/Qwen2.5-Coder-7B-Instruct,None
9,Bar,Easy,3.6206,7.2412,2,0.0,0.0,0.0,0.0,0.0,0.0,0.0,0.0,0.0,0.0,1.0,0.0,0.0,False,Qwen/Qwen2.5-Coder-7B-Instruct,None
9,Bar,Easy,3.6206,7.2412,2,0.0,0.0,0.0,0.0,0.0,0.0,0.0,0.0,0.0,0.0,1.0,0.0,0.0,False,Qwen/Qwen2.5-Coder-7B-Instruct,None
14,Pie,Easy,3.4493,6.8987,2,0.0,0.0,0.0,0.0,0.0,0.0,0.0,0.0,0.0,0.0,1.0,0.0,0.0,False,Qwen/Qwen2.5-Coder-7B-Instruct,None
14,Pie,Easy,3.4493,6.8987,2,0.0,0.0,0.0,0.0,0.0,0.0,0.0,0.0,0.0,0.0,1.0,0.0,0.0,False,Qwen/Qwen2.5-Coder-7B-Instruct,None
14,Pie,Easy,3.4493,6.8987,2,0.0,0.0,0.0,0.0,0.0,0.0,0.0,0.0,0.0,0.0,1.0,0.0,0.0,False,Qwen/Qwen2.5-Coder-7B-Instruct,None
21,Pie,Medium,6.124,12.2479,2,0.0,0.0,0.0,0.0,0.0,0.0,0.0,0.0,0.0,0.0,1.0,0.0,0.0,False,Qwen/Qwen2.5-Coder-7B-Instruct,None
21,Pie,Medium,6.124,12.2479,2,0.0,0.0,0.0,0.0,0.0,0.0,0.0,0.0,0.0,0.0,1.0,0.0,0.0,False,Qwen/Qwen2.5-Coder-7B-Instruct,None
21,Pie,Medium,6.124,12.2479,2,0.0,0.0,0.0,0.0,0.0,0.0,0.0,0.0,0.0,0.0,1.0,0.0,0.0,False,Qwen/Qwen2.5-Coder-7B-Instruct,None
32,Bar,Medium,6.4781,19.4344,3,0.0,0.0,0.0,0.0,0.0,0.0,0.0,0.0,0.0,0.0,1.0,0.0,0.0,True,Qwen/Qwen2.5-Coder-7B-Instruct,None
32,Bar,Medium,6.4781,19.4344,3,0.0,0.0,0.0,0.0,0.0,0.0,0.0,0.0,0.0,0.0,1.0,0.0,0.0,True,Qwen/Qwen2.5-Coder-7B-Instruct,None
32,Bar,Medium,6.4781,19.4344,3,0.0,0.0,0.0,0.0,0.0,0.0,0.0,0.0,0.0,0.0,1.0,0.0,0.0,True,Qwen/Qwen2.5-Coder-7B-Instruct,None
33,Pie,Easy,3.5903,14.3614,4,0.0,0.0,0.0,0.0,0.75,0.0,0.0,0.0,0.0,0.75,0.25,0.0,0.0,False,Qwen/Qwen2.5-Coder-7B-Instruct,None
33,Pie,Easy,3.5903,14.3614,4,0.0,0.0,0.0,0.0,0.75,0.0,0.0,0.0,0.0,0.75,0.25,0.0,0.0,False,Qwen/Qwen2.5-Coder-7B-Instruct,None
33,Pie,Easy,3.5903,14.3614,4,0.0,0.0,0.0,0.0,0.75,0.0,0.0,0.0,0.0,0.75,0.25,0.0,0.0,False,Qwen/Qwen2.5-Coder-7B-Instruct,None
34,Bar,Easy,4.9267,24.6336,5,0.0,0.0,0.0,0.0,0.0,0.0,0.0,0.0,0.0,0.0,1.0,0.0,0.0,False,Qwen/Qwen2.5-Coder-7B-Instruct,None
34,Bar,Easy,4.9267,24.6336,5,0.0,0.0,0.0,0.0,0.0,0.0,0.0,0.0,0.0,0.0,1.0,0.0,0.0,False,Qwen/Qwen2.5-Coder-7B-Instruct,None
34,Bar,Easy,4.9267,24.6336,5,0.0,0.0,0.0,0.0,0.0,0.0,0.0,0.0,0.0,0.0,1.0,0.0,0.0,False,Qwen/Qwen2.5-Coder-7B-Instruct,None
35,Pie,Medium,5.8005,5.8005,1,0.0,0.0,0.0,0.0,1.0,0.0,0.0,0.0,0.0,1.0,0.0,,0.0,True,Qwen/Qwen2.5-Coder-7B-Instruct,None
35,Pie,Medium,5.8005,5.8005,1,0.0,0.0,0.0,0.0,1.0,0.0,0.0,0.0,0.0,1.0,0.0,,0.0,True,Qwen/Qwen2.5-Coder-7B-Instruct,None
35,Pie,Medium,5.8005,5.8005,1,0.0,0.0,0.0,0.0,1.0,0.0,0.0,0.0,0.0,1.0,0.0,,0.0,True,Qwen/Qwen2.5-Coder-7B-Instruct,None
36,Bar,Medium,5.3933,10.7866,2,0.0,0.0,0.0,0.0,1.0,0.0,0.0,0.0,0.0,1.0,0.0,,0.0,True,Qwen/Qwen2.5-Coder-7B-Instruct,None
36,Bar,Medium,5.3933,10.7866,2,0.0,0.0,0.0,0.0,1.0,0.0,0.0,0.0,0.0,1.0,0.0,,0.0,True,Qwen/Qwen2.5-Coder-7B-Instruct,None
36,Bar,Medium,5.3933,10.7866,2,0.0,0.0,0.0,0.0,1.0,0.0,0.0,0.0,0.0,1.0,0.0,,0.0,True,Qwen/Qwen2.5-Coder-7B-Instruct,None
37,Pie,Medium,8.5133,17.0267,2,0.0,0.0,0.0,0.5,0.5,0.0,0.0,0.0,0.0,0.5,0.5,0.0,0.0,True,Qwen/Qwen2.5-Coder-7B-Instruct,None
37,Pie,Medium,8.5133,17.0267,2,0.0,0.0,0.0,0.5,0.5,0.0,0.0,0.0,0.0,0.5,0.5,0.0,0.0,True,Qwen/Qwen2.5-Coder-7B-Instruct,None
37,Pie,Medium,8.5133,17.0267,2,0.0,0.0,0.0,0.5,0.5,0.0,0.0,0.0,0.0,0.5,0.5,0.0,0.0,True,Qwen/Qwen2.5-Coder-7B-Instruct,None
46,Pie,Easy,3.8761,7.7522,2,0.0,0.0,0.0,0.0,0.0,0.0,0.0,0.0,0.0,0.0,1.0,0.0,0.0,False,Qwen/Qwen2.5-Coder-7B-Instruct,None
46,Pie,Easy,3.8761,7.7522,2,0.0,0.0,0.0,0.0,0.0,0.0,0.0,0.0,0.0,0.0,1.0,0.0,0.0,False,Qwen/Qwen2.5-Coder-7B-Instruct,None
46,Pie,Easy,3.8761,7.7522,2,0.0,0.0,0.0,0.0,0.0,0.0,0.0,0.0,0.0,0.0,1.0,0.0,0.0,False,Qwen/Qwen2.5-Coder-7B-Instruct,None
54,Pie,Hard,8.9071,17.8141,2,0.0,0.0,0.0,0.0,0.5,0.0,0.0,0.0,0.0,0.5,0.5,0.0,0.0,True,Qwen/Qwen2.5-Coder-7B-Instruct,None
54,Pie,Hard,8.9071,17.8141,2,0.0,0.0,0.0,0.0,0.5,0.0,0.0,0.0,0.0,0.5,0.5,0.0,0.0,True,Qwen/Qwen2.5-Coder-7B-Instruct,None
54,Pie,Hard,8.9071,17.8141,2,0.0,0.0,0.0,0.0,0.5,0.0,0.0,0.0,0.0,0.5,0.5,0.0,0.0,True,Qwen/Qwen2.5-Coder-7B-Instruct,None
55,Bar,Hard,9.0233,18.0467,2,0.0,0.0,0.0,0.0,0.0,0.0,0.0,0.0,0.0,0.0,1.0,0.0,0.0,True,Qwen/Qwen2.5-Coder-7B-Instruct,None
55,Bar,Hard,9.0233,18.0467,2,0.0,0.0,0.0,0.0,0.0,0.0,0.0,0.0,0.0,0.0,1.0,0.0,0.0,True,Qwen/Qwen2.5-Coder-7B-Instruct,None
55,Bar,Hard,9.0233,18.0467,2,0.0,0.0,0.0,0.0,0.0,0.0,0.0,0.0,0.0,0.0,1.0,0.0,0.0,True,Qwen/Qwen2.5-Coder-7B-Instruct,None
62,Scatter,Easy,3.8619,7.7237,2,0.0,0.0,0.0,0.0,0.0,0.0,0.0,0.0,0.0,0.0,1.0,0.0,0.0,False,Qwen/Qwen2.5-Coder-7B-Instruct,None
62,Scatter,Easy,3.8619,7.7237,2,0.0,0.0,0.0,0.0,0.0,0.0,0.0,0.0,0.0,0.0,1.0,0.0,0.0,False,Qwen/Qwen2.5-Coder-7B-Instruct,None
62,Scatter,Easy,3.8619,7.7237,2,0.0,0.0,0.0,0.0,0.0,0.0,0.0,0.0,0.0,0.0,1.0,0.0,0.0,False,Qwen/Qwen2.5-Coder-7B-Instruct,None
63,Pie,Medium,4.1154,16.4617,4,0.0,0.0,0.0,0.0,0.0,0.0,0.0,0.0,0.0,0.0,1.0,0.0,0.0,False,Qwen/Qwen2.5-Coder-7B-Instruct,None
63,Pie,Medium,4.1154,16.4617,4,0.0,0.0,0.0,0.0,0.0,0.0,0.0,0.0,0.0,0.0,1.0,0.0,0.0,False,Qwen/Qwen2.5-Coder-7B-Instruct,None
63,Pie,Medium,4.1154,16.4617,4,0.0,0.0,0.0,0.0,0.0,0.0,0.0,0.0,0.0,0.0,1.0,0.0,0.0,False,Qwen/Qwen2.5-Coder-7B-Instruct,None
64,Bar,Medium,4.2414,12.7243,3,0.0,0.0,0.0,0.0,0.0,0.0,0.0,0.0,0.0,0.0,1.0,0.0,0.0,False,Qwen/Qwen2.5-Coder-7B-Instruct,None
64,Bar,Medium,4.2414,12.7243,3,0.0,0.0,0.0,0.0,0.0,0.0,0.0,0.0,0.0,0.0,1.0,0.0,0.0,False,Qwen/Qwen2.5-Coder-7B-Instruct,None
64,Bar,Medium,4.2414,12.7243,3,0.0,0.0,0.0,0.0,0.0,0.0,0.0,0.0,0.0,0.0,1.0,0.0,0.0,False,Qwen/Qwen2.5-Coder-7B-Instruct,None
65,Bar,Hard,9.2379,18.4758,2,0.0,0.0,0.0,0.0,0.0,0.0,0.0,0.0,0.0,0.0,1.0,0.0,0.0,True,Qwen/Qwen2.5-Coder-7B-Instruct,None
65,Bar,Hard,9.2379,18.4758,2,0.0,0.0,0.0,0.0,0.0,0.0,0.0,0.0,0.0,0.0,1.0,0.0,0.0,True,Qwen/Qwen2.5-Coder-7B-Instruct,None
65,Bar,Hard,9.2379,18.4758,2,0.0,0.0,0.0,0.0,0.0,0.0,0.0,0.0,0.0,0.0,1.0,0.0,0.0,True,Qwen/Qwen2.5-Coder-7B-Instruct,None
68,Bar,Hard,23.4353,46.8707,2,0.0,0.0,0.0,0.0,0.5,0.0,0.0,0.0,0.0,0.5,0.5,0.0,0.0,True,Qwen/Qwen2.5-Coder-7B-Instruct,None
68,Bar,Hard,23.4353,46.8707,2,0.0,0.0,0.0,0.0,0.5,0.0,0.0,0.0,0.0,0.5,0.5,0.0,0.0,True,Qwen/Qwen2.5-Coder-7B-Instruct,None
68,Bar,Hard,23.4353,46.8707,2,0.0,0.0,0.0,0.0,0.5,0.0,0.0,0.0,0.0,0.5,0.5,0.0,0.0,True,Qwen/Qwen2.5-Coder-7B-Instruct,None
69,Bar,Hard,7.2338,14.4676,2,0.0,0.0,0.0,0.0,0.0,0.0,0.0,0.0,0.0,0.0,1.0,0.0,0.0,True,Qwen/Qwen2.5-Coder-7B-Instruct,None
69,Bar,Hard,7.2338,14.4676,2,0.0,0.0,0.0,0.0,0.0,0.0,0.0,0.0,0.0,0.0,1.0,0.0,0.0,True,Qwen/Qwen2.5-Coder-7B-Instruct,None
69,Bar,Hard,7.2338,14.4676,2,0.0,0.0,0.0,0.0,0.0,0.0,0.0,0.0,0.0,0.0,1.0,0.0,0.0,True,Qwen/Qwen2.5-Coder-7B-Instruct,None
72,Bar,Hard,26.8794,53.7589,2,0.0,0.0,0.0,0.0,1.0,0.0,0.0,0.0,0.0,1.0,0.0,,0.0,True,Qwen/Qwen2.5-Coder-7B-Instruct,None
72,Bar,Hard,26.8794,53.7589,2,0.0,0.0,0.0,0.0,1.0,0.0,0.0,0.0,0.0,1.0,0.0,,0.0,True,Qwen/Qwen2.5-Coder-7B-Instruct,None
72,Bar,Hard,26.8794,53.7589,2,0.0,0.0,0.0,0.0,1.0,0.0,0.0,0.0,0.0,1.0,0.0,,0.0,True,Qwen/Qwen2.5-Coder-7B-Instruct,None
74,Bar,Easy,3.7646,22.5877,6,0.0,0.0,0.0,0.0,0.0,0.0,0.0,0.0,0.0,0.0,1.0,0.0,0.0,False,Qwen/Qwen2.5-Coder-7B-Instruct,None
74,Bar,Easy,3.7646,22.5877,6,0.0,0.0,0.0,0.0,0.0,0.0,0.0,0.0,0.0,0.0,1.0,0.0,0.0,False,Qwen/Qwen2.5-Coder-7B-Instruct,None
74,Bar,Easy,3.7646,22.5877,6,0.0,0.0,0.0,0.0,0.0,0.0,0.0,0.0,0.0,0.0,1.0,0.0,0.0,False,Qwen/Qwen2.5-Coder-7B-Instruct,None
77,Bar,Hard,7.1006,14.2013,2,0.0,0.0,0.0,0.0,0.0,0.0,0.0,0.0,0.0,0.0,1.0,0.0,0.0,True,Qwen/Qwen2.5-Coder-7B-Instruct,None
77,Bar,Hard,7.1006,14.2013,2,0.0,0.0,0.0,0.0,0.0,0.0,0.0,0.0,0.0,0.0,1.0,0.0,0.0,True,Qwen/Qwen2.5-Coder-7B-Instruct,None
77,Bar,Hard,7.1006,14.2013,2,0.0,0.0,0.0,0.0,0.0,0.0,0.0,0.0,0.0,0.0,1.0,0.0,0.0,True,Qwen/Qwen2.5-Coder-7B-Instruct,None
81,Pie,Hard,6.3281,25.3124,4,0.0,0.0,0.0,0.0,0.0,0.0,0.0,0.0,0.0,0.0,1.0,0.0,0.0,True,Qwen/Qwen2.5-Coder-7B-Instruct,None
81,Pie,Hard,6.3281,25.3124,4,0.0,0.0,0.0,0.0,0.0,0.0,0.0,0.0,0.0,0.0,1.0,0.0,0.0,True,Qwen/Qwen2.5-Coder-7B-Instruct,None
81,Pie,Hard,6.3281,25.3124,4,0.0,0.0,0.0,0.0,0.0,0.0,0.0,0.0,0.0,0.0,1.0,0.0,0.0,True,Qwen/Qwen2.5-Coder-7B-Instruct,None
86,Bar,Easy,8.0567,16.1134,2,0.0,0.0,0.0,0.0,0.0,0.0,0.0,0.0,0.0,0.0,1.0,0.0,0.0,False,Qwen/Qwen2.5-Coder-7B-Instruct,None
86,Bar,Easy,8.0567,16.1134,2,0.0,0.0,0.0,0.0,0.0,0.0,0.0,0.0,0.0,0.0,1.0,0.0,0.0,False,Qwen/Qwen2.5-Coder-7B-Instruct,None
86,Bar,Easy,8.0567,16.1134,2,0.0,0.0,0.0,0.0,0.0,0.0,0.0,0.0,0.0,0.0,1.0,0.0,0.0,False,Qwen/Qwen2.5-Coder-7B-Instruct,None
93,Pie,Medium,3.5147,14.059,4,0.0,0.0,0.0,0.0,0.0,0.0,0.0,0.0,0.0,0.0,1.0,0.0,0.0,False,Qwen/Qwen2.5-Coder-7B-Instruct,None
93,Pie,Medium,3.5147,14.059,4,0.0,0.0,0.0,0.0,0.0,0.0,0.0,0.0,0.0,0.0,1.0,0.0,0.0,False,Qwen/Qwen2.5-Coder-7B-Instruct,None
93,Pie,Medium,3.5147,14.059,4,0.0,0.0,0.0,0.0,0.0,0.0,0.0,0.0,0.0,0.0,1.0,0.0,0.0,False,Qwen/Qwen2.5-Coder-7B-Instruct,None
94,Bar,Medium,4.4666,17.8662,4,0.0,0.0,0.0,0.0,0.0,0.0,0.0,0.0,0.0,0.0,1.0,0.0,0.0,False,Qwen/Qwen2.5-Coder-7B-Instruct,None
94,Bar,Medium,4.4666,17.8662,4,0.0,0.0,0.0,0.0,0.0,0.0,0.0,0.0,0.0,0.0,1.0,0.0,0.0,False,Qwen/Qwen2.5-Coder-7B-Instruct,None
94,Bar,Medium,4.4666,17.8662,4,0.0,0.0,0.0,0.0,0.0,0.0,0.0,0.0,0.0,0.0,1.0,0.0,0.0,False,Qwen/Qwen2.5-Coder-7B-Instruct,None
95,Pie,Easy,6.8395,20.5184,3,0.0,0.0,0.0,0.3333333333333333,0.6666666666666666,0.0,0.0,0.0,0.0,0.6666666666666666,0.3333333333333333,0.0,0.0,False,Qwen/Qwen2.5-Coder-7B-Instruct,None
95,Pie,Easy,6.8395,20.5184,3,0.0,0.0,0.0,0.3333333333333333,0.6666666666666666,0.0,0.0,0.0,0.0,0.6666666666666666,0.3333333333333333,0.0,0.0,False,Qwen/Qwen2.5-Coder-7B-Instruct,None
95,Pie,Easy,6.8395,20.5184,3,0.0,0.0,0.0,0.3333333333333333,0.6666666666666666,0.0,0.0,0.0,0.0,0.6666666666666666,0.3333333333333333,0.0,0.0,False,Qwen/Qwen2.5-Coder-7B-Instruct,None
96,Bar,Easy,3.9069,11.7208,3,0.0,0.0,0.0,0.0,0.0,0.0,0.0,0.0,0.0,0.0,1.0,0.0,0.0,False,Qwen/Qwen2.5-Coder-7B-Instruct,None
96,Bar,Easy,3.9069,11.7208,3,0.0,0.0,0.0,0.0,0.0,0.0,0.0,0.0,0.0,0.0,1.0,0.0,0.0,False,Qwen/Qwen2.5-Coder-7B-Instruct,None
96,Bar,Easy,3.9069,11.7208,3,0.0,0.0,0.0,0.0,0.0,0.0,0.0,0.0,0.0,0.0,1.0,0.0,0.0,False,Qwen/Qwen2.5-Coder-7B-Instruct,None
98,Bar,Medium,4.3646,4.3646,1,0.0,0.0,0.0,0.0,1.0,0.0,0.0,0.0,0.0,1.0,0.0,,0.0,True,Qwen/Qwen2.5-Coder-7B-Instruct,None
98,Bar,Medium,4.3646,4.3646,1,0.0,0.0,0.0,0.0,1.0,0.0,0.0,0.0,0.0,1.0,0.0,,0.0,True,Qwen/Qwen2.5-Coder-7B-Instruct,None
98,Bar,Medium,4.3646,4.3646,1,0.0,0.0,0.0,0.0,1.0,0.0,0.0,0.0,0.0,1.0,0.0,,0.0,True,Qwen/Qwen2.5-Coder-7B-Instruct,None
103,Pie,Hard,7.6365,15.2729,2,0.0,0.0,0.0,0.0,0.0,0.0,0.0,0.0,0.0,0.0,1.0,0.0,0.0,True,Qwen/Qwen2.5-Coder-7B-Instruct,None
103,Pie,Hard,7.6365,15.2729,2,0.0,0.0,0.0,0.0,0.0,0.0,0.0,0.0,0.0,0.0,1.0,0.0,0.0,True,Qwen/Qwen2.5-Coder-7B-Instruct,None
103,Pie,Hard,7.6365,15.2729,2,0.0,0.0,0.0,0.0,0.0,0.0,0.0,0.0,0.0,0.0,1.0,0.0,0.0,True,Qwen/Qwen2.5-Coder-7B-Instruct,None
120,Bar,Medium,3.7528,3.7528,1,0.0,0.0,0.0,0.0,0.0,0.0,0.0,0.0,0.0,0.0,1.0,0.0,0.0,True,Qwen/Qwen2.5-Coder-7B-Instruct,None
120,Bar,Medium,3.7528,3.7528,1,0.0,0.0,0.0,0.0,0.0,0.0,0.0,0.0,0.0,0.0,1.0,0.0,0.0,True,Qwen/Qwen2.5-Coder-7B-Instruct,None
120,Bar,Medium,3.7528,3.7528,1,0.0,0.0,0.0,0.0,0.0,0.0,0.0,0.0,0.0,0.0,1.0,0.0,0.0,True,Qwen/Qwen2.5-Coder-7B-Instruct,None
131,Pie,Medium,22.7838,22.7838,1,1.0,0.0,0.0,0.0,0.0,0.0,0.0,0.0,1.0,0.0,0.0,,0.0,True,Qwen/Qwen2.5-Coder-7B-Instruct,None
131,Pie,Medium,22.7838,22.7838,1,1.0,0.0,0.0,0.0,0.0,0.0,0.0,0.0,1.0,0.0,0.0,,0.0,True,Qwen/Qwen2.5-Coder-7B-Instruct,None
131,Pie,Medium,22.7838,22.7838,1,1.0,0.0,0.0,0.0,0.0,0.0,0.0,0.0,1.0,0.0,0.0,,0.0,True,Qwen/Qwen2.5-Coder-7B-Instruct,None
138,Pie,Medium,6.0503,12.1006,2,0.0,0.0,0.0,0.0,0.0,0.0,0.0,0.0,0.0,0.0,1.0,0.0,0.0,True,Qwen/Qwen2.5-Coder-7B-Instruct,None
138,Pie,Medium,6.0503,12.1006,2,0.0,0.0,0.0,0.0,0.0,0.0,0.0,0.0,0.0,0.0,1.0,0.0,0.0,True,Qwen/Qwen2.5-Coder-7B-Instruct,None
138,Pie,Medium,6.0503,12.1006,2,0.0,0.0,0.0,0.0,0.0,0.0,0.0,0.0,0.0,0.0,1.0,0.0,0.0,True,Qwen/Qwen2.5-Coder-7B-Instruct,None
146,Stacked Bar,Hard,8.7162,8.7162,1,0.0,0.0,0.0,0.0,0.0,0.0,0.0,0.0,0.0,0.0,1.0,0.0,0.0,True,Qwen/Qwen2.5-Coder-7B-Instruct,None
146,Stacked Bar,Hard,8.7162,8.7162,1,0.0,0.0,0.0,0.0,0.0,0.0,0.0,0.0,0.0,0.0,1.0,0.0,0.0,True,Qwen/Qwen2.5-Coder-7B-Instruct,None
146,Stacked Bar,Hard,8.7162,8.7162,1,0.0,0.0,0.0,0.0,0.0,0.0,0.0,0.0,0.0,0.0,1.0,0.0,0.0,True,Qwen/Qwen2.5-Coder-7B-Instruct,None
150,Pie,Medium,6.9404,6.9404,1,0.0,0.0,0.0,0.0,1.0,0.0,0.0,0.0,0.0,1.0,0.0,,0.0,True,Qwen/Qwen2.5-Coder-7B-Instruct,None
150,Pie,Medium,6.9404,6.9404,1,0.0,0.0,0.0,0.0,1.0,0.0,0.0,0.0,0.0,1.0,0.0,,0.0,True,Qwen/Qwen2.5-Coder-7B-Instruct,None
150,Pie,Medium,6.9404,6.9404,1,0.0,0.0,0.0,0.0,1.0,0.0,0.0,0.0,0.0,1.0,0.0,,0.0,True,Qwen/Qwen2.5-Coder-7B-Instruct,None
158,Bar,Hard,8.7725,8.7725,1,0.0,0.0,0.0,1.0,1.0,0.0,0.0,0.0,0.0,1.0,0.0,,0.0,True,Qwen/Qwen2.5-Coder-7B-Instruct,None
158,Bar,Hard,8.7725,8.7725,1,0.0,0.0,0.0,1.0,1.0,0.0,0.0,0.0,0.0,1.0,0.0,,0.0,True,Qwen/Qwen2.5-Coder-7B-Instruct,None
158,Bar,Hard,8.7725,8.7725,1,0.0,0.0,0.0,1.0,1.0,0.0,0.0,0.0,0.0,1.0,0.0,,0.0,True,Qwen/Qwen2.5-Coder-7B-Instruct,None
163,Line,Hard,8.636,8.636,1,0.0,0.0,0.0,1.0,1.0,0.0,0.0,0.0,0.0,1.0,0.0,,0.0,True,Qwen/Qwen2.5-Coder-7B-Instruct,None
163,Line,Hard,8.636,8.636,1,0.0,0.0,0.0,1.0,1.0,0.0,0.0,0.0,0.0,1.0,0.0,,0.0,True,Qwen/Qwen2.5-Coder-7B-Instruct,None
163,Line,Hard,8.636,8.636,1,0.0,0.0,0.0,1.0,1.0,0.0,0.0,0.0,0.0,1.0,0.0,,0.0,True,Qwen/Qwen2.5-Coder-7B-Instruct,None
173,Pie,Medium,5.9777,5.9777,1,0.0,0.0,0.0,0.0,0.0,0.0,0.0,0.0,0.0,0.0,1.0,0.0,0.0,False,Qwen/Qwen2.5-Coder-7B-Instruct,None
173,Pie,Medium,5.9777,5.9777,1,0.0,0.0,0.0,0.0,0.0,0.0,0.0,0.0,0.0,0.0,1.0,0.0,0.0,False,Qwen/Qwen2.5-Coder-7B-Instruct,None
173,Pie,Medium,5.9777,5.9777,1,0.0,0.0,0.0,0.0,0.0,0.0,0.0,0.0,0.0,0.0,1.0,0.0,0.0,False,Qwen/Qwen2.5-Coder-7B-Instruct,None
175,Scatter,Medium,18.3399,55.0197,3,0.6666666666666666,0.0,0.0,0.0,0.0,0.0,0.0,0.0,0.6666666666666666,0.0,0.3333333333333333,0.0,0.0,True,Qwen/Qwen2.5-Coder-7B-Instruct,None
175,Scatter,Medium,18.3399,55.0197,3,0.6666666666666666,0.0,0.0,0.0,0.0,0.0,0.0,0.0,0.6666666666666666,0.0,0.3333333333333333,0.0,0.0,True,Qwen/Qwen2.5-Coder-7B-Instruct,None
175,Scatter,Medium,18.3399,55.0197,3,0.6666666666666666,0.0,0.0,0.0,0.0,0.0,0.0,0.0,0.6666666666666666,0.0,0.3333333333333333,0.0,0.0,True,Qwen/Qwen2.5-Coder-7B-Instruct,None
186,Bar,Medium,3.9946,3.9946,1,0.0,0.0,0.0,0.0,0.0,0.0,0.0,0.0,0.0,0.0,1.0,0.0,0.0,False,Qwen/Qwen2.5-Coder-7B-Instruct,None
186,Bar,Medium,3.9946,3.9946,1,0.0,0.0,0.0,0.0,0.0,0.0,0.0,0.0,0.0,0.0,1.0,0.0,0.0,False,Qwen/Qwen2.5-Coder-7B-Instruct,None
186,Bar,Medium,3.9946,3.9946,1,0.0,0.0,0.0,0.0,0.0,0.0,0.0,0.0,0.0,0.0,1.0,0.0,0.0,False,Qwen/Qwen2.5-Coder-7B-Instruct,None
189,Stacked Bar,Extra Hard,13.6372,54.5488,4,0.25,0.0,0.0,0.75,0.75,0.0,0.0,0.0,0.25,0.75,0.0,,0.0,False,Qwen/Qwen2.5-Coder-7B-Instruct,None
189,Stacked Bar,Extra Hard,13.6372,54.5488,4,0.25,0.0,0.0,0.75,0.75,0.0,0.0,0.0,0.25,0.75,0.0,,0.0,False,Qwen/Qwen2.5-Coder-7B-Instruct,None
189,Stacked Bar,Extra Hard,13.6372,54.5488,4,0.25,0.0,0.0,0.75,0.75,0.0,0.0,0.0,0.25,0.75,0.0,,0.0,False,Qwen/Qwen2.5-Coder-7B-Instruct,None
194,Stacked Bar,Extra Hard,23.437,23.437,1,0.0,0.0,0.0,0.0,0.0,0.0,0.0,0.0,0.0,0.0,1.0,0.0,0.0,False,Qwen/Qwen2.5-Coder-7B-Instruct,None
194,Stacked Bar,Extra Hard,23.437,23.437,1,0.0,0.0,0.0,0.0,0.0,0.0,0.0,0.0,0.0,0.0,1.0,0.0,0.0,False,Qwen/Qwen2.5-Coder-7B-Instruct,None
194,Stacked Bar,Extra Hard,23.437,23.437,1,0.0,0.0,0.0,0.0,0.0,0.0,0.0,0.0,0.0,0.0,1.0,0.0,0.0,False,Qwen/Qwen2.5-Coder-7B-Instruct,None
195,Stacked Bar,Extra Hard,21.0066,21.0066,1,0.0,0.0,0.0,0.0,1.0,0.0,0.0,0.0,0.0,1.0,0.0,,0.0,False,Qwen/Qwen2.5-Coder-7B-Instruct,None
195,Stacked Bar,Extra Hard,21.0066,21.0066,1,0.0,0.0,0.0,0.0,1.0,0.0,0.0,0.0,0.0,1.0,0.0,,0.0,False,Qwen/Qwen2.5-Coder-7B-Instruct,None
195,Stacked Bar,Extra Hard,21.0066,21.0066,1,0.0,0.0,0.0,0.0,1.0,0.0,0.0,0.0,0.0,1.0,0.0,,0.0,False,Qwen/Qwen2.5-Coder-7B-Instruct,None
196,Stacked Bar,Extra Hard,14.8244,74.122,5,0.0,0.0,0.0,1.0,1.0,0.0,0.0,0.0,0.0,1.0,0.0,,0.0,False,Qwen/Qwen2.5-Coder-7B-Instruct,None
196,Stacked Bar,Extra Hard,14.8244,74.122,5,0.0,0.0,0.0,1.0,1.0,0.0,0.0,0.0,0.0,1.0,0.0,,0.0,False,Qwen/Qwen2.5-Coder-7B-Instruct,None
196,Stacked Bar,Extra Hard,14.8244,74.122,5,0.0,0.0,0.0,1.0,1.0,0.0,0.0,0.0,0.0,1.0,0.0,,0.0,False,Qwen/Qwen2.5-Coder-7B-Instruct,None
201,Stacked Bar,Extra Hard,17.3318,86.659,5,0.6,0.0,0.0,0.2,0.2,0.0,0.0,0.0,0.6,0.2,0.2,0.0,0.0,False,Qwen/Qwen2.5-Coder-7B-Instruct,None
201,Stacked Bar,Extra Hard,17.3318,86.659,5,0.6,0.0,0.0,0.2,0.2,0.0,0.0,0.0,0.6,0.2,0.2,0.0,0.0,False,Qwen/Qwen2.5-Coder-7B-Instruct,None
201,Stacked Bar,Extra Hard,17.3318,86.659,5,0.6,0.0,0.0,0.2,0.2,0.0,0.0,0.0,0.6,0.2,0.2,0.0,0.0,False,Qwen/Qwen2.5-Coder-7B-Instruct,None
202,Stacked Bar,Extra Hard,23.805,47.6099,2,0.0,0.0,0.0,0.5,0.5,0.0,0.0,0.0,0.0,0.5,0.5,0.0,0.0,False,Qwen/Qwen2.5-Coder-7B-Instruct,None
202,Stacked Bar,Extra Hard,23.805,47.6099,2,0.0,0.0,0.0,0.5,0.5,0.0,0.0,0.0,0.0,0.5,0.5,0.0,0.0,False,Qwen/Qwen2.5-Coder-7B-Instruct,None
202,Stacked Bar,Extra Hard,23.805,47.6099,2,0.0,0.0,0.0,0.5,0.5,0.0,0.0,0.0,0.0,0.5,0.5,0.0,0.0,False,Qwen/Qwen2.5-Coder-7B-Instruct,None
205,Bar,Medium,15.4216,46.2648,3,0.6666666666666666,0.0,0.0,0.0,0.0,0.0,0.0,0.0,0.6666666666666666,0.0,0.3333333333333333,0.0,0.0,False,Qwen/Qwen2.5-Coder-7B-Instruct,None
205,Bar,Medium,15.4216,46.2648,3,0.6666666666666666,0.0,0.0,0.0,0.0,0.0,0.0,0.0,0.6666666666666666,0.0,0.3333333333333333,0.0,0.0,False,Qwen/Qwen2.5-Coder-7B-Instruct,None
205,Bar,Medium,15.4216,46.2648,3,0.6666666666666666,0.0,0.0,0.0,0.0,0.0,0.0,0.0,0.6666666666666666,0.0,0.3333333333333333,0.0,0.0,False,Qwen/Qwen2.5-Coder-7B-Instruct,None
210,Stacked Bar,Extra Hard,22.6462,22.6462,1,1.0,0.0,0.0,0.0,0.0,0.0,0.0,0.0,1.0,0.0,0.0,,0.0,False,Qwen/Qwen2.5-Coder-7B-Instruct,None
210,Stacked Bar,Extra Hard,22.6462,22.6462,1,1.0,0.0,0.0,0.0,0.0,0.0,0.0,0.0,1.0,0.0,0.0,,0.0,False,Qwen/Qwen2.5-Coder-7B-Instruct,None
210,Stacked Bar,Extra Hard,22.6462,22.6462,1,1.0,0.0,0.0,0.0,0.0,0.0,0.0,0.0,1.0,0.0,0.0,,0.0,False,Qwen/Qwen2.5-Coder-7B-Instruct,None
211,Stacked Bar,Extra Hard,11.7434,11.7434,1,0.0,0.0,0.0,1.0,1.0,0.0,0.0,0.0,0.0,1.0,0.0,,0.0,False,Qwen/Qwen2.5-Coder-7B-Instruct,None
211,Stacked Bar,Extra Hard,11.7434,11.7434,1,0.0,0.0,0.0,1.0,1.0,0.0,0.0,0.0,0.0,1.0,0.0,,0.0,False,Qwen/Qwen2.5-Coder-7B-Instruct,None
211,Stacked Bar,Extra Hard,11.7434,11.7434,1,0.0,0.0,0.0,1.0,1.0,0.0,0.0,0.0,0.0,1.0,0.0,,0.0,False,Qwen/Qwen2.5-Coder-7B-Instruct,None
219,Bar,Medium,5.1659,20.6635,4,0.0,0.0,0.0,0.0,0.0,0.0,0.0,0.0,0.0,0.0,1.0,0.0,0.0,False,Qwen/Qwen2.5-Coder-7B-Instruct,None
219,Bar,Medium,5.1659,20.6635,4,0.0,0.0,0.0,0.0,0.0,0.0,0.0,0.0,0.0,0.0,1.0,0.0,0.0,False,Qwen/Qwen2.5-Coder-7B-Instruct,None
219,Bar,Medium,5.1659,20.6635,4,0.0,0.0,0.0,0.0,0.0,0.0,0.0,0.0,0.0,0.0,1.0,0.0,0.0,False,Qwen/Qwen2.5-Coder-7B-Instruct,None
224,Stacked Bar,Extra Hard,21.138,63.4139,3,0.6666666666666666,0.0,0.0,0.3333333333333333,0.0,0.0,0.0,0.0,0.6666666666666666,0.3333333333333333,0.0,,0.0,False,Qwen/Qwen2.5-Coder-7B-Instruct,None
224,Stacked Bar,Extra Hard,21.138,63.4139,3,0.6666666666666666,0.0,0.0,0.3333333333333333,0.0,0.0,0.0,0.0,0.6666666666666666,0.3333333333333333,0.0,,0.0,False,Qwen/Qwen2.5-Coder-7B-Instruct,None
224,Stacked Bar,Extra Hard,21.138,63.4139,3,0.6666666666666666,0.0,0.0,0.3333333333333333,0.0,0.0,0.0,0.0,0.6666666666666666,0.3333333333333333,0.0,,0.0,False,Qwen/Qwen2.5-Coder-7B-Instruct,None
225,Stacked Bar,Extra Hard,12.5019,12.5019,1,0.0,0.0,0.0,0.0,0.0,0.0,0.0,0.0,0.0,0.0,1.0,0.0,0.0,False,Qwen/Qwen2.5-Coder-7B-Instruct,None
225,Stacked Bar,Extra Hard,12.5019,12.5019,1,0.0,0.0,0.0,0.0,0.0,0.0,0.0,0.0,0.0,0.0,1.0,0.0,0.0,False,Qwen/Qwen2.5-Coder-7B-Instruct,None
225,Stacked Bar,Extra Hard,12.5019,12.5019,1,0.0,0.0,0.0,0.0,0.0,0.0,0.0,0.0,0.0,0.0,1.0,0.0,0.0,False,Qwen/Qwen2.5-Coder-7B-Instruct,None
231,Bar,Medium,5.8844,23.5377,4,0.0,0.0,0.0,0.0,0.0,0.0,0.0,0.0,0.0,0.0,1.0,0.0,0.0,False,Qwen/Qwen2.5-Coder-7B-Instruct,None
231,Bar,Medium,5.8844,23.5377,4,0.0,0.0,0.0,0.0,0.0,0.0,0.0,0.0,0.0,0.0,1.0,0.0,0.0,False,Qwen/Qwen2.5-Coder-7B-Instruct,None
231,Bar,Medium,5.8844,23.5377,4,0.0,0.0,0.0,0.0,0.0,0.0,0.0,0.0,0.0,0.0,1.0,0.0,0.0,False,Qwen/Qwen2.5-Coder-7B-Instruct,None
233,Bar,Medium,14.8837,44.6511,3,0.6666666666666666,0.0,0.0,0.0,0.0,0.0,0.0,0.0,0.6666666666666666,0.0,0.3333333333333333,0.0,0.0,False,Qwen/Qwen2.5-Coder-7B-Instruct,None
233,Bar,Medium,14.8837,44.6511,3,0.6666666666666666,0.0,0.0,0.0,0.0,0.0,0.0,0.0,0.6666666666666666,0.0,0.3333333333333333,0.0,0.0,False,Qwen/Qwen2.5-Coder-7B-Instruct,None
233,Bar,Medium,14.8837,44.6511,3,0.6666666666666666,0.0,0.0,0.0,0.0,0.0,0.0,0.0,0.6666666666666666,0.0,0.3333333333333333,0.0,0.0,False,Qwen/Qwen2.5-Coder-7B-Instruct,None
238,Bar,Medium,5.9495,23.798,4,0.0,0.0,0.0,0.0,0.0,0.0,0.0,0.0,0.0,0.0,1.0,0.0,0.0,False,Qwen/Qwen2.5-Coder-7B-Instruct,None
238,Bar,Medium,5.9495,23.798,4,0.0,0.0,0.0,0.0,0.0,0.0,0.0,0.0,0.0,0.0,1.0,0.0,0.0,False,Qwen/Qwen2.5-Coder-7B-Instruct,None
238,Bar,Medium,5.9495,23.798,4,0.0,0.0,0.0,0.0,0.0,0.0,0.0,0.0,0.0,0.0,1.0,0.0,0.0,False,Qwen/Qwen2.5-Coder-7B-Instruct,None
246,Bar,Medium,20.0739,80.2957,4,0.75,0.0,0.0,0.25,0.25,0.0,0.0,0.0,0.75,0.25,0.0,,0.0,False,Qwen/Qwen2.5-Coder-7B-Instruct,None
246,Bar,Medium,20.0739,80.2957,4,0.75,0.0,0.0,0.25,0.25,0.0,0.0,0.0,0.75,0.25,0.0,,0.0,False,Qwen/Qwen2.5-Coder-7B-Instruct,None
246,Bar,Medium,20.0739,80.2957,4,0.75,0.0,0.0,0.25,0.25,0.0,0.0,0.0,0.75,0.25,0.0,,0.0,False,Qwen/Qwen2.5-Coder-7B-Instruct,None
247,Bar,Medium,16.1367,64.5468,4,0.0,0.0,0.0,0.0,0.5,0.0,0.0,0.0,0.0,0.5,0.5,0.0,0.0,False,Qwen/Qwen2.5-Coder-7B-Instruct,None
247,Bar,Medium,16.1367,64.5468,4,0.0,0.0,0.0,0.0,0.5,0.0,0.0,0.0,0.0,0.5,0.5,0.0,0.0,False,Qwen/Qwen2.5-Coder-7B-Instruct,None
247,Bar,Medium,16.1367,64.5468,4,0.0,0.0,0.0,0.0,0.5,0.0,0.0,0.0,0.0,0.5,0.5,0.0,0.0,False,Qwen/Qwen2.5-Coder-7B-Instruct,None
248,Bar,Medium,17.9025,17.9025,1,0.0,0.0,0.0,0.0,1.0,0.0,0.0,0.0,0.0,1.0,0.0,,0.0,False,Qwen/Qwen2.5-Coder-7B-Instruct,None
248,Bar,Medium,17.9025,17.9025,1,0.0,0.0,0.0,0.0,1.0,0.0,0.0,0.0,0.0,1.0,0.0,,0.0,False,Qwen/Qwen2.5-Coder-7B-Instruct,None
248,Bar,Medium,17.9025,17.9025,1,0.0,0.0,0.0,0.0,1.0,0.0,0.0,0.0,0.0,1.0,0.0,,0.0,False,Qwen/Qwen2.5-Coder-7B-Instruct,None
252,Pie,Medium,5.1354,10.2708,2,0.0,0.0,0.0,0.0,0.0,0.0,0.0,0.0,0.0,0.0,1.0,0.0,0.0,False,Qwen/Qwen2.5-Coder-7B-Instruct,None
252,Pie,Medium,5.1354,10.2708,2,0.0,0.0,0.0,0.0,0.0,0.0,0.0,0.0,0.0,0.0,1.0,0.0,0.0,False,Qwen/Qwen2.5-Coder-7B-Instruct,None
252,Pie,Medium,5.1354,10.2708,2,0.0,0.0,0.0,0.0,0.0,0.0,0.0,0.0,0.0,0.0,1.0,0.0,0.0,False,Qwen/Qwen2.5-Coder-7B-Instruct,None
264,Bar,Medium,8.9515,35.806,4,0.0,0.0,0.0,0.0,0.25,0.0,0.0,0.0,0.0,0.25,0.75,0.0,0.0,False,Qwen/Qwen2.5-Coder-7B-Instruct,None
264,Bar,Medium,8.9515,35.806,4,0.0,0.0,0.0,0.0,0.25,0.0,0.0,0.0,0.0,0.25,0.75,0.0,0.0,False,Qwen/Qwen2.5-Coder-7B-Instruct,None
264,Bar,Medium,8.9515,35.806,4,0.0,0.0,0.0,0.0,0.25,0.0,0.0,0.0,0.0,0.25,0.75,0.0,0.0,False,Qwen/Qwen2.5-Coder-7B-Instruct,None
265,Bar,Medium,15.7179,47.1537,3,0.0,0.0,0.0,0.0,0.6666666666666666,0.0,0.0,0.0,0.0,0.6666666666666666,0.3333333333333333,0.0,0.0,False,Qwen/Qwen2.5-Coder-7B-Instruct,None
265,Bar,Medium,15.7179,47.1537,3,0.0,0.0,0.0,0.0,0.6666666666666666,0.0,0.0,0.0,0.0,0.6666666666666666,0.3333333333333333,0.0,0.0,False,Qwen/Qwen2.5-Coder-7B-Instruct,None
265,Bar,Medium,15.7179,47.1537,3,0.0,0.0,0.0,0.0,0.6666666666666666,0.0,0.0,0.0,0.0,0.6666666666666666,0.3333333333333333,0.0,0.0,False,Qwen/Qwen2.5-Coder-7B-Instruct,None
267,Line,Easy,8.3152,24.9455,3,0.0,0.0,0.0,0.0,0.0,0.0,0.0,0.0,0.0,0.0,1.0,0.0,0.0,False,Qwen/Qwen2.5-Coder-7B-Instruct,None
267,Line,Easy,8.3152,24.9455,3,0.0,0.0,0.0,0.0,0.0,0.0,0.0,0.0,0.0,0.0,1.0,0.0,0.0,False,Qwen/Qwen2.5-Coder-7B-Instruct,None
267,Line,Easy,8.3152,24.9455,3,0.0,0.0,0.0,0.0,0.0,0.0,0.0,0.0,0.0,0.0,1.0,0.0,0.0,False,Qwen/Qwen2.5-Coder-7B-Instruct,None
273,Line,Medium,6.0152,24.0609,4,0.0,0.0,0.0,0.0,0.0,0.0,0.0,0.0,0.0,0.0,1.0,0.0,0.0,False,Qwen/Qwen2.5-Coder-7B-Instruct,None
273,Line,Medium,6.0152,24.0609,4,0.0,0.0,0.0,0.0,0.0,0.0,0.0,0.0,0.0,0.0,1.0,0.0,0.0,False,Qwen/Qwen2.5-Coder-7B-Instruct,None
273,Line,Medium,6.0152,24.0609,4,0.0,0.0,0.0,0.0,0.0,0.0,0.0,0.0,0.0,0.0,1.0,0.0,0.0,False,Qwen/Qwen2.5-Coder-7B-Instruct,None
285,Bar,Medium,15.1546,15.1546,1,0.0,0.0,0.0,0.0,1.0,0.0,0.0,0.0,0.0,1.0,0.0,,0.0,False,Qwen/Qwen2.5-Coder-7B-Instruct,None
285,Bar,Medium,15.1546,15.1546,1,0.0,0.0,0.0,0.0,1.0,0.0,0.0,0.0,0.0,1.0,0.0,,0.0,False,Qwen/Qwen2.5-Coder-7B-Instruct,None
285,Bar,Medium,15.1546,15.1546,1,0.0,0.0,0.0,0.0,1.0,0.0,0.0,0.0,0.0,1.0,0.0,,0.0,False,Qwen/Qwen2.5-Coder-7B-Instruct,None
286,Bar,Medium,5.7498,5.7498,1,0.0,0.0,0.0,0.0,0.0,0.0,0.0,0.0,0.0,0.0,1.0,0.0,0.0,False,Qwen/Qwen2.5-Coder-7B-Instruct,None
286,Bar,Medium,5.7498,5.7498,1,0.0,0.0,0.0,0.0,0.0,0.0,0.0,0.0,0.0,0.0,1.0,0.0,0.0,False,Qwen/Qwen2.5-Coder-7B-Instruct,None
286,Bar,Medium,5.7498,5.7498,1,0.0,0.0,0.0,0.0,0.0,0.0,0.0,0.0,0.0,0.0,1.0,0.0,0.0,False,Qwen/Qwen2.5-Coder-7B-Instruct,None
291,Bar,Hard,24.832,24.832,1,1.0,0.0,0.0,0.0,0.0,0.0,0.0,0.0,1.0,0.0,0.0,,0.0,False,Qwen/Qwen2.5-Coder-7B-Instruct,None
291,Bar,Hard,24.832,24.832,1,1.0,0.0,0.0,0.0,0.0,0.0,0.0,0.0,1.0,0.0,0.0,,0.0,False,Qwen/Qwen2.5-Coder-7B-Instruct,None
291,Bar,Hard,24.832,24.832,1,1.0,0.0,0.0,0.0,0.0,0.0,0.0,0.0,1.0,0.0,0.0,,0.0,False,Qwen/Qwen2.5-Coder-7B-Instruct,None
292,Scatter,Medium,13.2339,26.4677,2,0.5,0.0,0.0,0.0,0.0,0.0,0.0,0.0,0.5,0.0,0.5,0.0,0.0,False,Qwen/Qwen2.5-Coder-7B-Instruct,None
292,Scatter,Medium,13.2339,26.4677,2,0.5,0.0,0.0,0.0,0.0,0.0,0.0,0.0,0.5,0.0,0.5,0.0,0.0,False,Qwen/Qwen2.5-Coder-7B-Instruct,None
292,Scatter,Medium,13.2339,26.4677,2,0.5,0.0,0.0,0.0,0.0,0.0,0.0,0.0,0.5,0.0,0.5,0.0,0.0,False,Qwen/Qwen2.5-Coder-7B-Instruct,None
293,Bar,Hard,11.0074,11.0074,1,0.0,0.0,0.0,0.0,1.0,0.0,0.0,0.0,0.0,1.0,0.0,,0.0,False,Qwen/Qwen2.5-Coder-7B-Instruct,None
293,Bar,Hard,11.0074,11.0074,1,0.0,0.0,0.0,0.0,1.0,0.0,0.0,0.0,0.0,1.0,0.0,,0.0,False,Qwen/Qwen2.5-Coder-7B-Instruct,None
293,Bar,Hard,11.0074,11.0074,1,0.0,0.0,0.0,0.0,1.0,0.0,0.0,0.0,0.0,1.0,0.0,,0.0,False,Qwen/Qwen2.5-Coder-7B-Instruct,None
295,Bar,Hard,14.6544,29.3089,2,0.0,0.0,0.0,0.0,1.0,0.0,0.0,0.0,0.0,1.0,0.0,,0.0,False,Qwen/Qwen2.5-Coder-7B-Instruct,None
295,Bar,Hard,14.6544,29.3089,2,0.0,0.0,0.0,0.0,1.0,0.0,0.0,0.0,0.0,1.0,0.0,,0.0,False,Qwen/Qwen2.5-Coder-7B-Instruct,None
295,Bar,Hard,14.6544,29.3089,2,0.0,0.0,0.0,0.0,1.0,0.0,0.0,0.0,0.0,1.0,0.0,,0.0,False,Qwen/Qwen2.5-Coder-7B-Instruct,None
296,Bar,Hard,25.1996,25.1996,1,0.0,0.0,0.0,0.0,1.0,0.0,0.0,0.0,0.0,1.0,0.0,,0.0,False,Qwen/Qwen2.5-Coder-7B-Instruct,None
296,Bar,Hard,25.1996,25.1996,1,0.0,0.0,0.0,0.0,1.0,0.0,0.0,0.0,0.0,1.0,0.0,,0.0,False,Qwen/Qwen2.5-Coder-7B-Instruct,None
296,Bar,Hard,25.1996,25.1996,1,0.0,0.0,0.0,0.0,1.0,0.0,0.0,0.0,0.0,1.0,0.0,,0.0,False,Qwen/Qwen2.5-Coder-7B-Instruct,None
297,Bar,Medium,19.2994,38.5988,2,0.0,0.0,0.0,0.0,1.0,0.0,0.0,0.0,0.0,1.0,0.0,,0.0,False,Qwen/Qwen2.5-Coder-7B-Instruct,None
297,Bar,Medium,19.2994,38.5988,2,0.0,0.0,0.0,0.0,1.0,0.0,0.0,0.0,0.0,1.0,0.0,,0.0,False,Qwen/Qwen2.5-Coder-7B-Instruct,None
297,Bar,Medium,19.2994,38.5988,2,0.0,0.0,0.0,0.0,1.0,0.0,0.0,0.0,0.0,1.0,0.0,,0.0,False,Qwen/Qwen2.5-Coder-7B-Instruct,None
306,Pie,Easy,6.4125,19.2374,3,0.0,0.0,0.0,0.0,1.0,0.0,0.0,0.0,0.0,1.0,0.0,,0.0,False,Qwen/Qwen2.5-Coder-7B-Instruct,None
306,Pie,Easy,6.4125,19.2374,3,0.0,0.0,0.0,0.0,1.0,0.0,0.0,0.0,0.0,1.0,0.0,,0.0,False,Qwen/Qwen2.5-Coder-7B-Instruct,None
306,Pie,Easy,6.4125,19.2374,3,0.0,0.0,0.0,0.0,1.0,0.0,0.0,0.0,0.0,1.0,0.0,,0.0,False,Qwen/Qwen2.5-Coder-7B-Instruct,None
308,Scatter,Easy,16.8625,33.725,2,0.5,0.0,0.0,0.0,0.5,0.0,0.0,0.0,0.5,0.5,0.0,,0.0,True,Qwen/Qwen2.5-Coder-7B-Instruct,None
308,Scatter,Easy,16.8625,33.725,2,0.5,0.0,0.0,0.0,0.5,0.0,0.0,0.0,0.5,0.5,0.0,,0.0,True,Qwen/Qwen2.5-Coder-7B-Instruct,None
308,Scatter,Easy,16.8625,33.725,2,0.5,0.0,0.0,0.0,0.5,0.0,0.0,0.0,0.5,0.5,0.0,,0.0,True,Qwen/Qwen2.5-Coder-7B-Instruct,None
312,Pie,Hard,6.8455,13.691,2,0.0,0.0,0.0,0.0,0.5,0.0,0.0,0.0,0.0,0.5,0.5,0.0,0.0,False,Qwen/Qwen2.5-Coder-7B-Instruct,None
312,Pie,Hard,6.8455,13.691,2,0.0,0.0,0.0,0.0,0.5,0.0,0.0,0.0,0.0,0.5,0.5,0.0,0.0,False,Qwen/Qwen2.5-Coder-7B-Instruct,None
312,Pie,Hard,6.8455,13.691,2,0.0,0.0,0.0,0.0,0.5,0.0,0.0,0.0,0.0,0.5,0.5,0.0,0.0,False,Qwen/Qwen2.5-Coder-7B-Instruct,None
316,Line,Medium,21.1434,63.4303,3,0.0,0.0,0.0,0.0,1.0,0.0,0.0,0.0,0.0,1.0,0.0,,0.0,False,Qwen/Qwen2.5-Coder-7B-Instruct,None
316,Line,Medium,21.1434,63.4303,3,0.0,0.0,0.0,0.0,1.0,0.0,0.0,0.0,0.0,1.0,0.0,,0.0,False,Qwen/Qwen2.5-Coder-7B-Instruct,None
316,Line,Medium,21.1434,63.4303,3,0.0,0.0,0.0,0.0,1.0,0.0,0.0,0.0,0.0,1.0,0.0,,0.0,False,Qwen/Qwen2.5-Coder-7B-Instruct,None
328,Scatter,Medium,19.0122,38.0245,2,0.0,0.0,0.0,0.0,0.5,0.0,0.0,0.0,0.0,0.5,0.5,0.0,0.0,True,Qwen/Qwen2.5-Coder-7B-Instruct,None
328,Scatter,Medium,19.0122,38.0245,2,0.0,0.0,0.0,0.0,0.5,0.0,0.0,0.0,0.0,0.5,0.5,0.0,0.0,True,Qwen/Qwen2.5-Coder-7B-Instruct,None
328,Scatter,Medium,19.0122,38.0245,2,0.0,0.0,0.0,0.0,0.5,0.0,0.0,0.0,0.0,0.5,0.5,0.0,0.0,True,Qwen/Qwen2.5-Coder-7B-Instruct,None
335,Bar,Medium,7.4736,7.4736,1,0.0,0.0,0.0,0.0,0.0,0.0,0.0,0.0,0.0,0.0,1.0,0.0,0.0,False,Qwen/Qwen2.5-Coder-7B-Instruct,None
335,Bar,Medium,7.4736,7.4736,1,0.0,0.0,0.0,0.0,0.0,0.0,0.0,0.0,0.0,0.0,1.0,0.0,0.0,False,Qwen/Qwen2.5-Coder-7B-Instruct,None
335,Bar,Medium,7.4736,7.4736,1,0.0,0.0,0.0,0.0,0.0,0.0,0.0,0.0,0.0,0.0,1.0,0.0,0.0,False,Qwen/Qwen2.5-Coder-7B-Instruct,None
338,Pie,Easy,4.7199,4.7199,1,0.0,0.0,0.0,0.0,0.0,0.0,0.0,0.0,0.0,0.0,1.0,0.0,0.0,False,Qwen/Qwen2.5-Coder-7B-Instruct,None
338,Pie,Easy,4.7199,4.7199,1,0.0,0.0,0.0,0.0,0.0,0.0,0.0,0.0,0.0,0.0,1.0,0.0,0.0,False,Qwen/Qwen2.5-Coder-7B-Instruct,None
338,Pie,Easy,4.7199,4.7199,1,0.0,0.0,0.0,0.0,0.0,0.0,0.0,0.0,0.0,0.0,1.0,0.0,0.0,False,Qwen/Qwen2.5-Coder-7B-Instruct,None
340,Bar,Medium,16.7877,16.7877,1,0.0,0.0,0.0,0.0,1.0,0.0,0.0,0.0,0.0,1.0,0.0,,0.0,False,Qwen/Qwen2.5-Coder-7B-Instruct,None
340,Bar,Medium,16.7877,16.7877,1,0.0,0.0,0.0,0.0,1.0,0.0,0.0,0.0,0.0,1.0,0.0,,0.0,False,Qwen/Qwen2.5-Coder-7B-Instruct,None
340,Bar,Medium,16.7877,16.7877,1,0.0,0.0,0.0,0.0,1.0,0.0,0.0,0.0,0.0,1.0,0.0,,0.0,False,Qwen/Qwen2.5-Coder-7B-Instruct,None
342,Line,Medium,20.2433,40.4865,2,0.0,0.0,0.0,0.0,0.5,0.0,0.0,0.0,0.0,0.5,0.5,0.0,0.0,False,Qwen/Qwen2.5-Coder-7B-Instruct,None
342,Line,Medium,20.2433,40.4865,2,0.0,0.0,0.0,0.0,0.5,0.0,0.0,0.0,0.0,0.5,0.5,0.0,0.0,False,Qwen/Qwen2.5-Coder-7B-Instruct,None
342,Line,Medium,20.2433,40.4865,2,0.0,0.0,0.0,0.0,0.5,0.0,0.0,0.0,0.0,0.5,0.5,0.0,0.0,False,Qwen/Qwen2.5-Coder-7B-Instruct,None
354,Scatter,Easy,4.7307,23.6536,5,0.0,0.0,0.0,0.0,0.0,0.0,0.0,0.0,0.0,0.0,1.0,0.0,0.0,False,Qwen/Qwen2.5-Coder-7B-Instruct,None
354,Scatter,Easy,4.7307,23.6536,5,0.0,0.0,0.0,0.0,0.0,0.0,0.0,0.0,0.0,0.0,1.0,0.0,0.0,False,Qwen/Qwen2.5-Coder-7B-Instruct,None
354,Scatter,Easy,4.7307,23.6536,5,0.0,0.0,0.0,0.0,0.0,0.0,0.0,0.0,0.0,0.0,1.0,0.0,0.0,False,Qwen/Qwen2.5-Coder-7B-Instruct,None
367,Bar,Medium,3.9429,7.8858,2,0.0,0.0,0.0,0.0,0.0,0.0,0.0,0.0,0.0,0.0,1.0,0.0,0.0,False,Qwen/Qwen2.5-Coder-7B-Instruct,None
367,Bar,Medium,3.9429,7.8858,2,0.0,0.0,0.0,0.0,0.0,0.0,0.0,0.0,0.0,0.0,1.0,0.0,0.0,False,Qwen/Qwen2.5-Coder-7B-Instruct,None
367,Bar,Medium,3.9429,7.8858,2,0.0,0.0,0.0,0.0,0.0,0.0,0.0,0.0,0.0,0.0,1.0,0.0,0.0,False,Qwen/Qwen2.5-Coder-7B-Instruct,None
368,Bar,Hard,11.095,11.095,1,0.0,0.0,0.0,0.0,0.0,0.0,0.0,0.0,0.0,0.0,1.0,0.0,0.0,True,Qwen/Qwen2.5-Coder-7B-Instruct,None
368,Bar,Hard,11.095,11.095,1,0.0,0.0,0.0,0.0,0.0,0.0,0.0,0.0,0.0,0.0,1.0,0.0,0.0,True,Qwen/Qwen2.5-Coder-7B-Instruct,None
368,Bar,Hard,11.095,11.095,1,0.0,0.0,0.0,0.0,0.0,0.0,0.0,0.0,0.0,0.0,1.0,0.0,0.0,True,Qwen/Qwen2.5-Coder-7B-Instruct,None
370,Pie,Medium,8.4281,8.4281,1,0.0,0.0,0.0,0.0,0.0,0.0,0.0,0.0,0.0,0.0,1.0,0.0,0.0,True,Qwen/Qwen2.5-Coder-7B-Instruct,None
370,Pie,Medium,8.4281,8.4281,1,0.0,0.0,0.0,0.0,0.0,0.0,0.0,0.0,0.0,0.0,1.0,0.0,0.0,True,Qwen/Qwen2.5-Coder-7B-Instruct,None
370,Pie,Medium,8.4281,8.4281,1,0.0,0.0,0.0,0.0,0.0,0.0,0.0,0.0,0.0,0.0,1.0,0.0,0.0,True,Qwen/Qwen2.5-Coder-7B-Instruct,None
376,Bar,Easy,3.2997,16.4984,5,0.0,0.0,0.0,0.0,0.0,0.0,0.0,0.0,0.0,0.0,1.0,0.0,0.0,False,Qwen/Qwen2.5-Coder-7B-Instruct,None
376,Bar,Easy,3.2997,16.4984,5,0.0,0.0,0.0,0.0,0.0,0.0,0.0,0.0,0.0,0.0,1.0,0.0,0.0,False,Qwen/Qwen2.5-Coder-7B-Instruct,None
376,Bar,Easy,3.2997,16.4984,5,0.0,0.0,0.0,0.0,0.0,0.0,0.0,0.0,0.0,0.0,1.0,0.0,0.0,False,Qwen/Qwen2.5-Coder-7B-Instruct,None
387,Grouping Scatter,Easy,14.2343,56.9373,4,0.25,0.0,0.0,0.0,0.25,0.0,0.0,0.0,0.25,0.25,0.5,0.0,0.0,False,Qwen/Qwen2.5-Coder-7B-Instruct,None
387,Grouping Scatter,Easy,14.2343,56.9373,4,0.25,0.0,0.0,0.0,0.25,0.0,0.0,0.0,0.25,0.25,0.5,0.0,0.0,False,Qwen/Qwen2.5-Coder-7B-Instruct,None
387,Grouping Scatter,Easy,14.2343,56.9373,4,0.25,0.0,0.0,0.0,0.25,0.0,0.0,0.0,0.25,0.25,0.5,0.0,0.0,False,Qwen/Qwen2.5-Coder-7B-Instruct,None
399,Scatter,Easy,7.0007,21.0021,3,0.0,0.0,0.0,0.0,0.0,0.0,0.0,0.0,0.0,0.0,1.0,0.0,0.0,False,Qwen/Qwen2.5-Coder-7B-Instruct,None
399,Scatter,Easy,7.0007,21.0021,3,0.0,0.0,0.0,0.0,0.0,0.0,0.0,0.0,0.0,0.0,1.0,0.0,0.0,False,Qwen/Qwen2.5-Coder-7B-Instruct,None
399,Scatter,Easy,7.0007,21.0021,3,0.0,0.0,0.0,0.0,0.0,0.0,0.0,0.0,0.0,0.0,1.0,0.0,0.0,False,Qwen/Qwen2.5-Coder-7B-Instruct,None
400,Scatter,Easy,6.8859,13.7719,2,0.0,0.0,0.0,0.0,0.0,0.0,0.0,0.0,0.0,0.0,1.0,0.0,0.0,False,Qwen/Qwen2.5-Coder-7B-Instruct,None
400,Scatter,Easy,6.8859,13.7719,2,0.0,0.0,0.0,0.0,0.0,0.0,0.0,0.0,0.0,0.0,1.0,0.0,0.0,False,Qwen/Qwen2.5-Coder-7B-Instruct,None
400,Scatter,Easy,6.8859,13.7719,2,0.0,0.0,0.0,0.0,0.0,0.0,0.0,0.0,0.0,0.0,1.0,0.0,0.0,False,Qwen/Qwen2.5-Coder-7B-Instruct,None
402,Pie,Medium,4.4852,8.9704,2,0.0,0.0,0.0,0.0,0.0,0.0,0.0,0.0,0.0,0.0,1.0,0.0,0.0,False,Qwen/Qwen2.5-Coder-7B-Instruct,None
402,Pie,Medium,4.4852,8.9704,2,0.0,0.0,0.0,0.0,0.0,0.0,0.0,0.0,0.0,0.0,1.0,0.0,0.0,False,Qwen/Qwen2.5-Coder-7B-Instruct,None
402,Pie,Medium,4.4852,8.9704,2,0.0,0.0,0.0,0.0,0.0,0.0,0.0,0.0,0.0,0.0,1.0,0.0,0.0,False,Qwen/Qwen2.5-Coder-7B-Instruct,None
403,Bar,Medium,4.3997,4.3997,1,0.0,0.0,0.0,0.0,0.0,0.0,0.0,0.0,0.0,0.0,1.0,0.0,0.0,False,Qwen/Qwen2.5-Coder-7B-Instruct,None
403,Bar,Medium,4.3997,4.3997,1,0.0,0.0,0.0,0.0,0.0,0.0,0.0,0.0,0.0,0.0,1.0,0.0,0.0,False,Qwen/Qwen2.5-Coder-7B-Instruct,None
403,Bar,Medium,4.3997,4.3997,1,0.0,0.0,0.0,0.0,0.0,0.0,0.0,0.0,0.0,0.0,1.0,0.0,0.0,False,Qwen/Qwen2.5-Coder-7B-Instruct,None
405,Bar,Easy,4.3729,8.7459,2,0.0,0.0,0.0,0.0,0.0,0.0,0.0,0.0,0.0,0.0,1.0,0.0,0.0,False,Qwen/Qwen2.5-Coder-7B-Instruct,None
405,Bar,Easy,4.3729,8.7459,2,0.0,0.0,0.0,0.0,0.0,0.0,0.0,0.0,0.0,0.0,1.0,0.0,0.0,False,Qwen/Qwen2.5-Coder-7B-Instruct,None
405,Bar,Easy,4.3729,8.7459,2,0.0,0.0,0.0,0.0,0.0,0.0,0.0,0.0,0.0,0.0,1.0,0.0,0.0,False,Qwen/Qwen2.5-Coder-7B-Instruct,None
409,Grouping Scatter,Easy,5.6664,5.6664,1,0.0,0.0,0.0,0.0,0.0,0.0,0.0,0.0,0.0,0.0,1.0,0.0,0.0,False,Qwen/Qwen2.5-Coder-7B-Instruct,None
409,Grouping Scatter,Easy,5.6664,5.6664,1,0.0,0.0,0.0,0.0,0.0,0.0,0.0,0.0,0.0,0.0,1.0,0.0,0.0,False,Qwen/Qwen2.5-Coder-7B-Instruct,None
409,Grouping Scatter,Easy,5.6664,5.6664,1,0.0,0.0,0.0,0.0,0.0,0.0,0.0,0.0,0.0,0.0,1.0,0.0,0.0,False,Qwen/Qwen2.5-Coder-7B-Instruct,None
416,Line,Medium,5.0785,5.0785,1,0.0,0.0,0.0,0.0,0.0,0.0,0.0,0.0,0.0,0.0,1.0,0.0,0.0,False,Qwen/Qwen2.5-Coder-7B-Instruct,None
416,Line,Medium,5.0785,5.0785,1,0.0,0.0,0.0,0.0,0.0,0.0,0.0,0.0,0.0,0.0,1.0,0.0,0.0,False,Qwen/Qwen2.5-Coder-7B-Instruct,None
416,Line,Medium,5.0785,5.0785,1,0.0,0.0,0.0,0.0,0.0,0.0,0.0,0.0,0.0,0.0,1.0,0.0,0.0,False,Qwen/Qwen2.5-Coder-7B-Instruct,None
419,Pie,Medium,6.6309,13.2617,2,0.0,0.0,0.0,0.0,0.0,0.0,0.0,0.0,0.0,0.0,1.0,0.0,0.0,True,Qwen/Qwen2.5-Coder-7B-Instruct,None
419,Pie,Medium,6.6309,13.2617,2,0.0,0.0,0.0,0.0,0.0,0.0,0.0,0.0,0.0,0.0,1.0,0.0,0.0,True,Qwen/Qwen2.5-Coder-7B-Instruct,None
419,Pie,Medium,6.6309,13.2617,2,0.0,0.0,0.0,0.0,0.0,0.0,0.0,0.0,0.0,0.0,1.0,0.0,0.0,True,Qwen/Qwen2.5-Coder-7B-Instruct,None
432,Scatter,Easy,5.7703,17.311,3,0.0,0.0,0.0,0.0,0.0,0.0,0.0,0.0,0.0,0.0,1.0,0.0,0.0,False,Qwen/Qwen2.5-Coder-7B-Instruct,None
432,Scatter,Easy,5.7703,17.311,3,0.0,0.0,0.0,0.0,0.0,0.0,0.0,0.0,0.0,0.0,1.0,0.0,0.0,False,Qwen/Qwen2.5-Coder-7B-Instruct,None
432,Scatter,Easy,5.7703,17.311,3,0.0,0.0,0.0,0.0,0.0,0.0,0.0,0.0,0.0,0.0,1.0,0.0,0.0,False,Qwen/Qwen2.5-Coder-7B-Instruct,None
433,Pie,Medium,9.5345,28.6034,3,0.0,0.0,0.0,0.0,0.6666666666666666,0.0,0.0,0.0,0.0,0.6666666666666666,0.3333333333333333,0.0,0.0,True,Qwen/Qwen2.5-Coder-7B-Instruct,None
433,Pie,Medium,9.5345,28.6034,3,0.0,0.0,0.0,0.0,0.6666666666666666,0.0,0.0,0.0,0.0,0.6666666666666666,0.3333333333333333,0.0,0.0,True,Qwen/Qwen2.5-Coder-7B-Instruct,None
433,Pie,Medium,9.5345,28.6034,3,0.0,0.0,0.0,0.0,0.6666666666666666,0.0,0.0,0.0,0.0,0.6666666666666666,0.3333333333333333,0.0,0.0,True,Qwen/Qwen2.5-Coder-7B-Instruct,None
440,Bar,Hard,14.2231,14.2231,1,0.0,0.0,0.0,0.0,0.0,0.0,0.0,0.0,0.0,0.0,1.0,0.0,0.0,True,Qwen/Qwen2.5-Coder-7B-Instruct,None
440,Bar,Hard,14.2231,14.2231,1,0.0,0.0,0.0,0.0,0.0,0.0,0.0,0.0,0.0,0.0,1.0,0.0,0.0,True,Qwen/Qwen2.5-Coder-7B-Instruct,None
440,Bar,Hard,14.2231,14.2231,1,0.0,0.0,0.0,0.0,0.0,0.0,0.0,0.0,0.0,0.0,1.0,0.0,0.0,True,Qwen/Qwen2.5-Coder-7B-Instruct,None
441,Bar,Hard,8.3172,8.3172,1,0.0,0.0,0.0,0.0,0.0,0.0,0.0,0.0,0.0,0.0,1.0,0.0,0.0,True,Qwen/Qwen2.5-Coder-7B-Instruct,None
441,Bar,Hard,8.3172,8.3172,1,0.0,0.0,0.0,0.0,0.0,0.0,0.0,0.0,0.0,0.0,1.0,0.0,0.0,True,Qwen/Qwen2.5-Coder-7B-Instruct,None
441,Bar,Hard,8.3172,8.3172,1,0.0,0.0,0.0,0.0,0.0,0.0,0.0,0.0,0.0,0.0,1.0,0.0,0.0,True,Qwen/Qwen2.5-Coder-7B-Instruct,None
446,Pie,Easy,6.3474,19.0421,3,0.0,0.0,0.0,0.0,1.0,0.0,0.0,0.0,0.0,1.0,0.0,,0.0,True,Qwen/Qwen2.5-Coder-7B-Instruct,None
446,Pie,Easy,6.3474,19.0421,3,0.0,0.0,0.0,0.0,1.0,0.0,0.0,0.0,0.0,1.0,0.0,,0.0,True,Qwen/Qwen2.5-Coder-7B-Instruct,None
446,Pie,Easy,6.3474,19.0421,3,0.0,0.0,0.0,0.0,1.0,0.0,0.0,0.0,0.0,1.0,0.0,,0.0,True,Qwen/Qwen2.5-Coder-7B-Instruct,None
451,Bar,Medium,5.8606,5.8606,1,0.0,0.0,0.0,0.0,1.0,0.0,0.0,0.0,0.0,1.0,0.0,,0.0,True,Qwen/Qwen2.5-Coder-7B-Instruct,None
451,Bar,Medium,5.8606,5.8606,1,0.0,0.0,0.0,0.0,1.0,0.0,0.0,0.0,0.0,1.0,0.0,,0.0,True,Qwen/Qwen2.5-Coder-7B-Instruct,None
451,Bar,Medium,5.8606,5.8606,1,0.0,0.0,0.0,0.0,1.0,0.0,0.0,0.0,0.0,1.0,0.0,,0.0,True,Qwen/Qwen2.5-Coder-7B-Instruct,None
457,Pie,Medium,6.2692,6.2692,1,0.0,0.0,0.0,0.0,0.0,0.0,0.0,0.0,0.0,0.0,1.0,0.0,0.0,True,Qwen/Qwen2.5-Coder-7B-Instruct,None
457,Pie,Medium,6.2692,6.2692,1,0.0,0.0,0.0,0.0,0.0,0.0,0.0,0.0,0.0,0.0,1.0,0.0,0.0,True,Qwen/Qwen2.5-Coder-7B-Instruct,None
457,Pie,Medium,6.2692,6.2692,1,0.0,0.0,0.0,0.0,0.0,0.0,0.0,0.0,0.0,0.0,1.0,0.0,0.0,True,Qwen/Qwen2.5-Coder-7B-Instruct,None
461,Pie,Medium,16.8816,16.8816,1,0.0,0.0,0.0,0.0,1.0,0.0,0.0,0.0,0.0,1.0,0.0,,0.0,True,Qwen/Qwen2.5-Coder-7B-Instruct,None
461,Pie,Medium,16.8816,16.8816,1,0.0,0.0,0.0,0.0,1.0,0.0,0.0,0.0,0.0,1.0,0.0,,0.0,True,Qwen/Qwen2.5-Coder-7B-Instruct,None
461,Pie,Medium,16.8816,16.8816,1,0.0,0.0,0.0,0.0,1.0,0.0,0.0,0.0,0.0,1.0,0.0,,0.0,True,Qwen/Qwen2.5-Coder-7B-Instruct,None
462,Pie,Medium,5.9982,5.9982,1,0.0,0.0,0.0,0.0,1.0,0.0,0.0,0.0,0.0,1.0,0.0,,0.0,True,Qwen/Qwen2.5-Coder-7B-Instruct,None
462,Pie,Medium,5.9982,5.9982,1,0.0,0.0,0.0,0.0,1.0,0.0,0.0,0.0,0.0,1.0,0.0,,0.0,True,Qwen/Qwen2.5-Coder-7B-Instruct,None
462,Pie,Medium,5.9982,5.9982,1,0.0,0.0,0.0,0.0,1.0,0.0,0.0,0.0,0.0,1.0,0.0,,0.0,True,Qwen/Qwen2.5-Coder-7B-Instruct,None
463,Bar,Medium,5.9802,5.9802,1,0.0,0.0,0.0,0.0,0.0,0.0,0.0,0.0,0.0,0.0,1.0,0.0,0.0,True,Qwen/Qwen2.5-Coder-7B-Instruct,None
463,Bar,Medium,5.9802,5.9802,1,0.0,0.0,0.0,0.0,0.0,0.0,0.0,0.0,0.0,0.0,1.0,0.0,0.0,True,Qwen/Qwen2.5-Coder-7B-Instruct,None
463,Bar,Medium,5.9802,5.9802,1,0.0,0.0,0.0,0.0,0.0,0.0,0.0,0.0,0.0,0.0,1.0,0.0,0.0,True,Qwen/Qwen2.5-Coder-7B-Instruct,None
464,Bar,Easy,5.0194,15.0583,3,0.0,0.0,0.0,0.0,0.0,0.0,0.0,0.0,0.0,0.0,1.0,0.0,0.0,False,Qwen/Qwen2.5-Coder-7B-Instruct,None
464,Bar,Easy,5.0194,15.0583,3,0.0,0.0,0.0,0.0,0.0,0.0,0.0,0.0,0.0,0.0,1.0,0.0,0.0,False,Qwen/Qwen2.5-Coder-7B-Instruct,None
464,Bar,Easy,5.0194,15.0583,3,0.0,0.0,0.0,0.0,0.0,0.0,0.0,0.0,0.0,0.0,1.0,0.0,0.0,False,Qwen/Qwen2.5-Coder-7B-Instruct,None
470,Line,Easy,5.6078,11.2156,2,0.0,0.0,0.0,0.0,0.0,0.0,0.0,0.0,0.0,0.0,1.0,0.0,0.0,False,Qwen/Qwen2.5-Coder-7B-Instruct,None
470,Line,Easy,5.6078,11.2156,2,0.0,0.0,0.0,0.0,0.0,0.0,0.0,0.0,0.0,0.0,1.0,0.0,0.0,False,Qwen/Qwen2.5-Coder-7B-Instruct,None
470,Line,Easy,5.6078,11.2156,2,0.0,0.0,0.0,0.0,0.0,0.0,0.0,0.0,0.0,0.0,1.0,0.0,0.0,False,Qwen/Qwen2.5-Coder-7B-Instruct,None
471,Line,Easy,5.6738,5.6738,1,0.0,0.0,0.0,0.0,0.0,0.0,0.0,0.0,0.0,0.0,1.0,0.0,0.0,False,Qwen/Qwen2.5-Coder-7B-Instruct,None
471,Line,Easy,5.6738,5.6738,1,0.0,0.0,0.0,0.0,0.0,0.0,0.0,0.0,0.0,0.0,1.0,0.0,0.0,False,Qwen/Qwen2.5-Coder-7B-Instruct,None
471,Line,Easy,5.6738,5.6738,1,0.0,0.0,0.0,0.0,0.0,0.0,0.0,0.0,0.0,0.0,1.0,0.0,0.0,False,Qwen/Qwen2.5-Coder-7B-Instruct,None
478,Pie,Medium,15.3547,30.7093,2,0.5,0.0,0.0,0.0,0.5,0.0,0.0,0.0,0.5,0.5,0.0,,0.0,True,Qwen/Qwen2.5-Coder-7B-Instruct,None
478,Pie,Medium,15.3547,30.7093,2,0.5,0.0,0.0,0.0,0.5,0.0,0.0,0.0,0.5,0.5,0.0,,0.0,True,Qwen/Qwen2.5-Coder-7B-Instruct,None
478,Pie,Medium,15.3547,30.7093,2,0.5,0.0,0.0,0.0,0.5,0.0,0.0,0.0,0.5,0.5,0.0,,0.0,True,Qwen/Qwen2.5-Coder-7B-Instruct,None
479,Bar,Medium,6.5365,13.0731,2,0.0,0.0,0.0,0.0,0.0,0.0,0.0,0.0,0.0,0.0,1.0,0.0,0.0,True,Qwen/Qwen2.5-Coder-7B-Instruct,None
479,Bar,Medium,6.5365,13.0731,2,0.0,0.0,0.0,0.0,0.0,0.0,0.0,0.0,0.0,0.0,1.0,0.0,0.0,True,Qwen/Qwen2.5-Coder-7B-Instruct,None
479,Bar,Medium,6.5365,13.0731,2,0.0,0.0,0.0,0.0,0.0,0.0,0.0,0.0,0.0,0.0,1.0,0.0,0.0,True,Qwen/Qwen2.5-Coder-7B-Instruct,None
481,Bar,Medium,7.923,23.7691,3,0.0,0.0,0.0,0.0,0.6666666666666666,0.0,0.0,0.0,0.0,0.6666666666666666,0.3333333333333333,0.0,0.0,False,Qwen/Qwen2.5-Coder-7B-Instruct,None
481,Bar,Medium,7.923,23.7691,3,0.0,0.0,0.0,0.0,0.6666666666666666,0.0,0.0,0.0,0.0,0.6666666666666666,0.3333333333333333,0.0,0.0,False,Qwen/Qwen2.5-Coder-7B-Instruct,None
481,Bar,Medium,7.923,23.7691,3,0.0,0.0,0.0,0.0,0.6666666666666666,0.0,0.0,0.0,0.0,0.6666666666666666,0.3333333333333333,0.0,0.0,False,Qwen/Qwen2.5-Coder-7B-Instruct,None
487,Pie,Medium,12.6848,25.3695,2,0.0,0.0,0.0,0.0,1.0,0.0,0.0,0.0,0.0,1.0,0.0,,0.0,True,Qwen/Qwen2.5-Coder-7B-Instruct,None
487,Pie,Medium,12.6848,25.3695,2,0.0,0.0,0.0,0.0,1.0,0.0,0.0,0.0,0.0,1.0,0.0,,0.0,True,Qwen/Qwen2.5-Coder-7B-Instruct,None
487,Pie,Medium,12.6848,25.3695,2,0.0,0.0,0.0,0.0,1.0,0.0,0.0,0.0,0.0,1.0,0.0,,0.0,True,Qwen/Qwen2.5-Coder-7B-Instruct,None
488,Bar,Medium,7.4621,14.9242,2,0.0,0.0,0.0,0.0,0.0,0.0,0.0,0.0,0.0,0.0,1.0,0.0,0.0,True,Qwen/Qwen2.5-Coder-7B-Instruct,None
488,Bar,Medium,7.4621,14.9242,2,0.0,0.0,0.0,0.0,0.0,0.0,0.0,0.0,0.0,0.0,1.0,0.0,0.0,True,Qwen/Qwen2.5-Coder-7B-Instruct,None
488,Bar,Medium,7.4621,14.9242,2,0.0,0.0,0.0,0.0,0.0,0.0,0.0,0.0,0.0,0.0,1.0,0.0,0.0,True,Qwen/Qwen2.5-Coder-7B-Instruct,None
491,Pie,Easy,5.7523,5.7523,1,0.0,0.0,0.0,0.0,0.0,0.0,0.0,0.0,0.0,0.0,1.0,0.0,0.0,False,Qwen/Qwen2.5-Coder-7B-Instruct,None
491,Pie,Easy,5.7523,5.7523,1,0.0,0.0,0.0,0.0,0.0,0.0,0.0,0.0,0.0,0.0,1.0,0.0,0.0,False,Qwen/Qwen2.5-Coder-7B-Instruct,None
491,Pie,Easy,5.7523,5.7523,1,0.0,0.0,0.0,0.0,0.0,0.0,0.0,0.0,0.0,0.0,1.0,0.0,0.0,False,Qwen/Qwen2.5-Coder-7B-Instruct,None
492,Bar,Easy,5.9533,5.9533,1,0.0,0.0,0.0,0.0,0.0,0.0,0.0,0.0,0.0,0.0,1.0,0.0,0.0,False,Qwen/Qwen2.5-Coder-7B-Instruct,None
492,Bar,Easy,5.9533,5.9533,1,0.0,0.0,0.0,0.0,0.0,0.0,0.0,0.0,0.0,0.0,1.0,0.0,0.0,False,Qwen/Qwen2.5-Coder-7B-Instruct,None
492,Bar,Easy,5.9533,5.9533,1,0.0,0.0,0.0,0.0,0.0,0.0,0.0,0.0,0.0,0.0,1.0,0.0,0.0,False,Qwen/Qwen2.5-Coder-7B-Instruct,None
494,Pie,Easy,3.3536,3.3536,1,0.0,0.0,0.0,0.0,0.0,0.0,0.0,0.0,0.0,0.0,1.0,0.0,0.0,False,Qwen/Qwen2.5-Coder-7B-Instruct,None
494,Pie,Easy,3.3536,3.3536,1,0.0,0.0,0.0,0.0,0.0,0.0,0.0,0.0,0.0,0.0,1.0,0.0,0.0,False,Qwen/Qwen2.5-Coder-7B-Instruct,None
494,Pie,Easy,3.3536,3.3536,1,0.0,0.0,0.0,0.0,0.0,0.0,0.0,0.0,0.0,0.0,1.0,0.0,0.0,False,Qwen/Qwen2.5-Coder-7B-Instruct,None
505,Bar,Medium,4.0977,4.0977,1,0.0,0.0,0.0,0.0,0.0,0.0,0.0,0.0,0.0,0.0,1.0,0.0,0.0,False,Qwen/Qwen2.5-Coder-7B-Instruct,None
505,Bar,Medium,4.0977,4.0977,1,0.0,0.0,0.0,0.0,0.0,0.0,0.0,0.0,0.0,0.0,1.0,0.0,0.0,False,Qwen/Qwen2.5-Coder-7B-Instruct,None
505,Bar,Medium,4.0977,4.0977,1,0.0,0.0,0.0,0.0,0.0,0.0,0.0,0.0,0.0,0.0,1.0,0.0,0.0,False,Qwen/Qwen2.5-Coder-7B-Instruct,None
513,Bar,Medium,6.8152,20.4456,3,0.0,0.0,0.0,0.0,1.0,0.0,0.0,0.0,0.0,1.0,0.0,,0.0,True,Qwen/Qwen2.5-Coder-7B-Instruct,None
513,Bar,Medium,6.8152,20.4456,3,0.0,0.0,0.0,0.0,1.0,0.0,0.0,0.0,0.0,1.0,0.0,,0.0,True,Qwen/Qwen2.5-Coder-7B-Instruct,None
513,Bar,Medium,6.8152,20.4456,3,0.0,0.0,0.0,0.0,1.0,0.0,0.0,0.0,0.0,1.0,0.0,,0.0,True,Qwen/Qwen2.5-Coder-7B-Instruct,None
516,Bar,Hard,12.6357,37.9072,3,0.0,0.0,0.0,0.0,0.3333333333333333,0.0,0.0,0.0,0.0,0.3333333333333333,0.6666666666666666,0.0,0.0,False,Qwen/Qwen2.5-Coder-7B-Instruct,None
516,Bar,Hard,12.6357,37.9072,3,0.0,0.0,0.0,0.0,0.3333333333333333,0.0,0.0,0.0,0.0,0.3333333333333333,0.6666666666666666,0.0,0.0,False,Qwen/Qwen2.5-Coder-7B-Instruct,None
516,Bar,Hard,12.6357,37.9072,3,0.0,0.0,0.0,0.0,0.3333333333333333,0.0,0.0,0.0,0.0,0.3333333333333333,0.6666666666666666,0.0,0.0,False,Qwen/Qwen2.5-Coder-7B-Instruct,None
517,Pie,Medium,5.9737,11.9474,2,0.0,0.0,0.0,0.0,0.0,0.0,0.0,0.0,0.0,0.0,1.0,0.0,0.0,False,Qwen/Qwen2.5-Coder-7B-Instruct,None
517,Pie,Medium,5.9737,11.9474,2,0.0,0.0,0.0,0.0,0.0,0.0,0.0,0.0,0.0,0.0,1.0,0.0,0.0,False,Qwen/Qwen2.5-Coder-7B-Instruct,None
517,Pie,Medium,5.9737,11.9474,2,0.0,0.0,0.0,0.0,0.0,0.0,0.0,0.0,0.0,0.0,1.0,0.0,0.0,False,Qwen/Qwen2.5-Coder-7B-Instruct,None
526,Bar,Extra Hard,7.5699,15.1399,2,0.0,0.0,0.0,0.0,0.0,0.0,0.0,0.0,0.0,0.0,1.0,0.0,0.0,True,Qwen/Qwen2.5-Coder-7B-Instruct,None
526,Bar,Extra Hard,7.5699,15.1399,2,0.0,0.0,0.0,0.0,0.0,0.0,0.0,0.0,0.0,0.0,1.0,0.0,0.0,True,Qwen/Qwen2.5-Coder-7B-Instruct,None
526,Bar,Extra Hard,7.5699,15.1399,2,0.0,0.0,0.0,0.0,0.0,0.0,0.0,0.0,0.0,0.0,1.0,0.0,0.0,True,Qwen/Qwen2.5-Coder-7B-Instruct,None
527,Pie,Extra Hard,27.7468,55.4937,2,1.0,0.0,0.0,0.0,0.0,0.0,0.0,0.0,1.0,0.0,0.0,,0.0,True,Qwen/Qwen2.5-Coder-7B-Instruct,None
527,Pie,Extra Hard,27.7468,55.4937,2,1.0,0.0,0.0,0.0,0.0,0.0,0.0,0.0,1.0,0.0,0.0,,0.0,True,Qwen/Qwen2.5-Coder-7B-Instruct,None
527,Pie,Extra Hard,27.7468,55.4937,2,1.0,0.0,0.0,0.0,0.0,0.0,0.0,0.0,1.0,0.0,0.0,,0.0,True,Qwen/Qwen2.5-Coder-7B-Instruct,None
536,Scatter,Easy,11.5029,23.0058,2,0.0,0.0,0.0,1.0,1.0,0.0,0.0,0.0,0.0,1.0,0.0,,0.0,False,Qwen/Qwen2.5-Coder-7B-Instruct,None
536,Scatter,Easy,11.5029,23.0058,2,0.0,0.0,0.0,1.0,1.0,0.0,0.0,0.0,0.0,1.0,0.0,,0.0,False,Qwen/Qwen2.5-Coder-7B-Instruct,None
536,Scatter,Easy,11.5029,23.0058,2,0.0,0.0,0.0,1.0,1.0,0.0,0.0,0.0,0.0,1.0,0.0,,0.0,False,Qwen/Qwen2.5-Coder-7B-Instruct,None
539,Grouping Scatter,Easy,16.3956,49.1867,3,0.6666666666666666,0.0,0.0,0.0,0.0,0.0,0.0,0.0,0.6666666666666666,0.0,0.3333333333333333,0.0,0.0,False,Qwen/Qwen2.5-Coder-7B-Instruct,None
539,Grouping Scatter,Easy,16.3956,49.1867,3,0.6666666666666666,0.0,0.0,0.0,0.0,0.0,0.0,0.0,0.6666666666666666,0.0,0.3333333333333333,0.0,0.0,False,Qwen/Qwen2.5-Coder-7B-Instruct,None
539,Grouping Scatter,Easy,16.3956,49.1867,3,0.6666666666666666,0.0,0.0,0.0,0.0,0.0,0.0,0.0,0.6666666666666666,0.0,0.3333333333333333,0.0,0.0,False,Qwen/Qwen2.5-Coder-7B-Instruct,None
540,Grouping Scatter,Easy,4.2782,12.8345,3,0.0,0.0,0.0,0.0,0.0,0.0,0.0,0.0,0.0,0.0,1.0,0.0,0.0,False,Qwen/Qwen2.5-Coder-7B-Instruct,None
540,Grouping Scatter,Easy,4.2782,12.8345,3,0.0,0.0,0.0,0.0,0.0,0.0,0.0,0.0,0.0,0.0,1.0,0.0,0.0,False,Qwen/Qwen2.5-Coder-7B-Instruct,None
540,Grouping Scatter,Easy,4.2782,12.8345,3,0.0,0.0,0.0,0.0,0.0,0.0,0.0,0.0,0.0,0.0,1.0,0.0,0.0,False,Qwen/Qwen2.5-Coder-7B-Instruct,None
541,Grouping Scatter,Easy,4.241,12.723,3,0.0,0.0,0.0,0.0,0.0,0.0,0.0,0.0,0.0,0.0,1.0,0.0,0.0,False,Qwen/Qwen2.5-Coder-7B-Instruct,None
541,Grouping Scatter,Easy,4.241,12.723,3,0.0,0.0,0.0,0.0,0.0,0.0,0.0,0.0,0.0,0.0,1.0,0.0,0.0,False,Qwen/Qwen2.5-Coder-7B-Instruct,None
541,Grouping Scatter,Easy,4.241,12.723,3,0.0,0.0,0.0,0.0,0.0,0.0,0.0,0.0,0.0,0.0,1.0,0.0,0.0,False,Qwen/Qwen2.5-Coder-7B-Instruct,None
542,Pie,Medium,19.9414,59.8242,3,1.0,0.0,0.0,0.0,0.0,0.0,0.0,0.0,1.0,0.0,0.0,,0.0,False,Qwen/Qwen2.5-Coder-7B-Instruct,None
542,Pie,Medium,19.9414,59.8242,3,1.0,0.0,0.0,0.0,0.0,0.0,0.0,0.0,1.0,0.0,0.0,,0.0,False,Qwen/Qwen2.5-Coder-7B-Instruct,None
542,Pie,Medium,19.9414,59.8242,3,1.0,0.0,0.0,0.0,0.0,0.0,0.0,0.0,1.0,0.0,0.0,,0.0,False,Qwen/Qwen2.5-Coder-7B-Instruct,None
551,Bar,Extra Hard,9.3382,18.6764,2,0.0,0.0,0.0,0.0,0.0,0.0,0.0,0.0,0.0,0.0,1.0,0.0,0.0,True,Qwen/Qwen2.5-Coder-7B-Instruct,None
551,Bar,Extra Hard,9.3382,18.6764,2,0.0,0.0,0.0,0.0,0.0,0.0,0.0,0.0,0.0,0.0,1.0,0.0,0.0,True,Qwen/Qwen2.5-Coder-7B-Instruct,None
551,Bar,Extra Hard,9.3382,18.6764,2,0.0,0.0,0.0,0.0,0.0,0.0,0.0,0.0,0.0,0.0,1.0,0.0,0.0,True,Qwen/Qwen2.5-Coder-7B-Instruct,None
561,Bar,Medium,9.646,19.292,2,0.0,0.0,0.0,0.0,0.0,0.0,0.0,0.0,0.0,0.0,1.0,0.0,0.0,True,Qwen/Qwen2.5-Coder-7B-Instruct,None
561,Bar,Medium,9.646,19.292,2,0.0,0.0,0.0,0.0,0.0,0.0,0.0,0.0,0.0,0.0,1.0,0.0,0.0,True,Qwen/Qwen2.5-Coder-7B-Instruct,None
561,Bar,Medium,9.646,19.292,2,0.0,0.0,0.0,0.0,0.0,0.0,0.0,0.0,0.0,0.0,1.0,0.0,0.0,True,Qwen/Qwen2.5-Coder-7B-Instruct,None
567,Bar,Medium,5.7535,11.507,2,0.0,0.0,0.0,0.0,0.0,0.0,0.0,0.0,0.0,0.0,1.0,0.0,0.0,False,Qwen/Qwen2.5-Coder-7B-Instruct,None
567,Bar,Medium,5.7535,11.507,2,0.0,0.0,0.0,0.0,0.0,0.0,0.0,0.0,0.0,0.0,1.0,0.0,0.0,False,Qwen/Qwen2.5-Coder-7B-Instruct,None
567,Bar,Medium,5.7535,11.507,2,0.0,0.0,0.0,0.0,0.0,0.0,0.0,0.0,0.0,0.0,1.0,0.0,0.0,False,Qwen/Qwen2.5-Coder-7B-Instruct,None
574,Bar,Medium,7.049,35.2451,5,0.0,0.0,0.0,0.0,0.4,0.0,0.0,0.0,0.0,0.4,0.6,0.0,0.0,True,Qwen/Qwen2.5-Coder-7B-Instruct,None
574,Bar,Medium,7.049,35.2451,5,0.0,0.0,0.0,0.0,0.4,0.0,0.0,0.0,0.0,0.4,0.6,0.0,0.0,True,Qwen/Qwen2.5-Coder-7B-Instruct,None
574,Bar,Medium,7.049,35.2451,5,0.0,0.0,0.0,0.0,0.4,0.0,0.0,0.0,0.0,0.4,0.6,0.0,0.0,True,Qwen/Qwen2.5-Coder-7B-Instruct,None
577,Pie,Extra Hard,8.4056,16.8111,2,0.0,0.0,0.0,0.0,0.0,0.0,0.0,0.0,0.0,0.0,1.0,0.0,0.0,True,Qwen/Qwen2.5-Coder-7B-Instruct,None
577,Pie,Extra Hard,8.4056,16.8111,2,0.0,0.0,0.0,0.0,0.0,0.0,0.0,0.0,0.0,0.0,1.0,0.0,0.0,True,Qwen/Qwen2.5-Coder-7B-Instruct,None
577,Pie,Extra Hard,8.4056,16.8111,2,0.0,0.0,0.0,0.0,0.0,0.0,0.0,0.0,0.0,0.0,1.0,0.0,0.0,True,Qwen/Qwen2.5-Coder-7B-Instruct,None
582,Stacked Bar,Hard,13.1099,26.2198,2,0.0,0.0,0.0,0.0,0.0,0.0,0.0,0.0,0.0,0.0,1.0,0.0,0.0,True,Qwen/Qwen2.5-Coder-7B-Instruct,None
582,Stacked Bar,Hard,13.1099,26.2198,2,0.0,0.0,0.0,0.0,0.0,0.0,0.0,0.0,0.0,0.0,1.0,0.0,0.0,True,Qwen/Qwen2.5-Coder-7B-Instruct,None
582,Stacked Bar,Hard,13.1099,26.2198,2,0.0,0.0,0.0,0.0,0.0,0.0,0.0,0.0,0.0,0.0,1.0,0.0,0.0,True,Qwen/Qwen2.5-Coder-7B-Instruct,None
591,Grouping Line,Extra Hard,11.2719,22.5437,2,0.0,0.0,0.0,0.5,1.0,0.0,0.0,0.0,0.0,1.0,0.0,,0.0,True,Qwen/Qwen2.5-Coder-7B-Instruct,None
591,Grouping Line,Extra Hard,11.2719,22.5437,2,0.0,0.0,0.0,0.5,1.0,0.0,0.0,0.0,0.0,1.0,0.0,,0.0,True,Qwen/Qwen2.5-Coder-7B-Instruct,None
591,Grouping Line,Extra Hard,11.2719,22.5437,2,0.0,0.0,0.0,0.5,1.0,0.0,0.0,0.0,0.0,1.0,0.0,,0.0,True,Qwen/Qwen2.5-Coder-7B-Instruct,None
593,Bar,Extra Hard,10.1098,20.2197,2,0.0,0.0,0.0,0.0,0.0,0.0,0.0,0.0,0.0,0.0,1.0,0.0,0.0,True,Qwen/Qwen2.5-Coder-7B-Instruct,None
593,Bar,Extra Hard,10.1098,20.2197,2,0.0,0.0,0.0,0.0,0.0,0.0,0.0,0.0,0.0,0.0,1.0,0.0,0.0,True,Qwen/Qwen2.5-Coder-7B-Instruct,None
593,Bar,Extra Hard,10.1098,20.2197,2,0.0,0.0,0.0,0.0,0.0,0.0,0.0,0.0,0.0,0.0,1.0,0.0,0.0,True,Qwen/Qwen2.5-Coder-7B-Instruct,None
610,Pie,Hard,10.0847,20.1694,2,0.0,0.0,0.0,0.0,0.0,0.0,0.0,0.0,0.0,0.0,1.0,0.0,0.0,True,Qwen/Qwen2.5-Coder-7B-Instruct,None
610,Pie,Hard,10.0847,20.1694,2,0.0,0.0,0.0,0.0,0.0,0.0,0.0,0.0,0.0,0.0,1.0,0.0,0.0,True,Qwen/Qwen2.5-Coder-7B-Instruct,None
610,Pie,Hard,10.0847,20.1694,2,0.0,0.0,0.0,0.0,0.0,0.0,0.0,0.0,0.0,0.0,1.0,0.0,0.0,True,Qwen/Qwen2.5-Coder-7B-Instruct,None
611,Line,Hard,25.2546,50.5092,2,0.5,0.0,0.0,0.0,0.5,0.0,0.0,0.0,0.5,0.5,0.0,,0.0,True,Qwen/Qwen2.5-Coder-7B-Instruct,None
611,Line,Hard,25.2546,50.5092,2,0.5,0.0,0.0,0.0,0.5,0.0,0.0,0.0,0.5,0.5,0.0,,0.0,True,Qwen/Qwen2.5-Coder-7B-Instruct,None
611,Line,Hard,25.2546,50.5092,2,0.5,0.0,0.0,0.0,0.5,0.0,0.0,0.0,0.5,0.5,0.0,,0.0,True,Qwen/Qwen2.5-Coder-7B-Instruct,None
612,Line,Hard,21.9855,43.971,2,0.5,0.0,0.0,0.0,0.0,0.0,0.0,0.0,0.5,0.0,0.5,0.0,0.0,True,Qwen/Qwen2.5-Coder-7B-Instruct,None
612,Line,Hard,21.9855,43.971,2,0.5,0.0,0.0,0.0,0.0,0.0,0.0,0.0,0.5,0.0,0.5,0.0,0.0,True,Qwen/Qwen2.5-Coder-7B-Instruct,None
612,Line,Hard,21.9855,43.971,2,0.5,0.0,0.0,0.0,0.0,0.0,0.0,0.0,0.5,0.0,0.5,0.0,0.0,True,Qwen/Qwen2.5-Coder-7B-Instruct,None
616,Bar,Medium,5.4298,10.8596,2,0.0,0.0,0.0,0.0,0.0,0.0,0.0,0.0,0.0,0.0,1.0,0.0,0.0,False,Qwen/Qwen2.5-Coder-7B-Instruct,None
616,Bar,Medium,5.4298,10.8596,2,0.0,0.0,0.0,0.0,0.0,0.0,0.0,0.0,0.0,0.0,1.0,0.0,0.0,False,Qwen/Qwen2.5-Coder-7B-Instruct,None
616,Bar,Medium,5.4298,10.8596,2,0.0,0.0,0.0,0.0,0.0,0.0,0.0,0.0,0.0,0.0,1.0,0.0,0.0,False,Qwen/Qwen2.5-Coder-7B-Instruct,None
617,Bar,Medium,5.4925,10.9851,2,0.0,0.0,0.0,0.0,0.0,0.0,0.0,0.0,0.0,0.0,1.0,0.0,0.0,False,Qwen/Qwen2.5-Coder-7B-Instruct,None
617,Bar,Medium,5.4925,10.9851,2,0.0,0.0,0.0,0.0,0.0,0.0,0.0,0.0,0.0,0.0,1.0,0.0,0.0,False,Qwen/Qwen2.5-Coder-7B-Instruct,None
617,Bar,Medium,5.4925,10.9851,2,0.0,0.0,0.0,0.0,0.0,0.0,0.0,0.0,0.0,0.0,1.0,0.0,0.0,False,Qwen/Qwen2.5-Coder-7B-Instruct,None
622,Scatter,Easy,8.4937,16.9873,2,0.0,0.0,0.0,0.0,1.0,0.0,0.0,0.0,0.0,1.0,0.0,,0.0,False,Qwen/Qwen2.5-Coder-7B-Instruct,None
622,Scatter,Easy,8.4937,16.9873,2,0.0,0.0,0.0,0.0,1.0,0.0,0.0,0.0,0.0,1.0,0.0,,0.0,False,Qwen/Qwen2.5-Coder-7B-Instruct,None
622,Scatter,Easy,8.4937,16.9873,2,0.0,0.0,0.0,0.0,1.0,0.0,0.0,0.0,0.0,1.0,0.0,,0.0,False,Qwen/Qwen2.5-Coder-7B-Instruct,None
628,Scatter,Extra Hard,18.4528,36.9057,2,0.5,0.0,0.0,0.0,0.5,0.0,0.0,0.0,0.5,0.5,0.0,,0.0,True,Qwen/Qwen2.5-Coder-7B-Instruct,None
628,Scatter,Extra Hard,18.4528,36.9057,2,0.5,0.0,0.0,0.0,0.5,0.0,0.0,0.0,0.5,0.5,0.0,,0.0,True,Qwen/Qwen2.5-Coder-7B-Instruct,None
628,Scatter,Extra Hard,18.4528,36.9057,2,0.5,0.0,0.0,0.0,0.5,0.0,0.0,0.0,0.5,0.5,0.0,,0.0,True,Qwen/Qwen2.5-Coder-7B-Instruct,None
659,Bar,Hard,12.4006,24.8013,2,0.5,0.0,0.0,0.0,0.0,0.0,0.0,0.0,0.5,0.0,0.5,0.0,0.0,False,Qwen/Qwen2.5-Coder-7B-Instruct,None
659,Bar,Hard,12.4006,24.8013,2,0.5,0.0,0.0,0.0,0.0,0.0,0.0,0.0,0.5,0.0,0.5,0.0,0.0,False,Qwen/Qwen2.5-Coder-7B-Instruct,None
659,Bar,Hard,12.4006,24.8013,2,0.5,0.0,0.0,0.0,0.0,0.0,0.0,0.0,0.5,0.0,0.5,0.0,0.0,False,Qwen/Qwen2.5-Coder-7B-Instruct,None
664,Bar,Medium,6.3672,19.1016,3,0.0,0.0,0.0,0.0,0.0,0.0,0.0,0.0,0.0,0.0,1.0,0.0,0.0,False,Qwen/Qwen2.5-Coder-7B-Instruct,None
664,Bar,Medium,6.3672,19.1016,3,0.0,0.0,0.0,0.0,0.0,0.0,0.0,0.0,0.0,0.0,1.0,0.0,0.0,False,Qwen/Qwen2.5-Coder-7B-Instruct,None
664,Bar,Medium,6.3672,19.1016,3,0.0,0.0,0.0,0.0,0.0,0.0,0.0,0.0,0.0,0.0,1.0,0.0,0.0,False,Qwen/Qwen2.5-Coder-7B-Instruct,None
665,Bar,Medium,6.0747,12.1494,2,0.0,0.0,0.0,0.0,0.5,0.0,0.0,0.0,0.0,0.5,0.5,0.0,0.0,False,Qwen/Qwen2.5-Coder-7B-Instruct,None
665,Bar,Medium,6.0747,12.1494,2,0.0,0.0,0.0,0.0,0.5,0.0,0.0,0.0,0.0,0.5,0.5,0.0,0.0,False,Qwen/Qwen2.5-Coder-7B-Instruct,None
665,Bar,Medium,6.0747,12.1494,2,0.0,0.0,0.0,0.0,0.5,0.0,0.0,0.0,0.0,0.5,0.5,0.0,0.0,False,Qwen/Qwen2.5-Coder-7B-Instruct,None
674,Scatter,Easy,4.4154,4.4154,1,0.0,0.0,0.0,0.0,0.0,0.0,0.0,0.0,0.0,0.0,1.0,0.0,0.0,False,Qwen/Qwen2.5-Coder-7B-Instruct,None
674,Scatter,Easy,4.4154,4.4154,1,0.0,0.0,0.0,0.0,0.0,0.0,0.0,0.0,0.0,0.0,1.0,0.0,0.0,False,Qwen/Qwen2.5-Coder-7B-Instruct,None
674,Scatter,Easy,4.4154,4.4154,1,0.0,0.0,0.0,0.0,0.0,0.0,0.0,0.0,0.0,0.0,1.0,0.0,0.0,False,Qwen/Qwen2.5-Coder-7B-Instruct,None
676,Bar,Hard,11.2544,22.5087,2,0.0,0.0,0.0,0.0,1.0,0.0,0.0,0.0,0.0,1.0,0.0,,0.0,True,Qwen/Qwen2.5-Coder-7B-Instruct,None
676,Bar,Hard,11.2544,22.5087,2,0.0,0.0,0.0,0.0,1.0,0.0,0.0,0.0,0.0,1.0,0.0,,0.0,True,Qwen/Qwen2.5-Coder-7B-Instruct,None
676,Bar,Hard,11.2544,22.5087,2,0.0,0.0,0.0,0.0,1.0,0.0,0.0,0.0,0.0,1.0,0.0,,0.0,True,Qwen/Qwen2.5-Coder-7B-Instruct,None
688,Bar,Easy,16.2794,65.1175,4,0.0,0.0,0.0,0.0,0.0,0.0,0.0,0.0,0.0,0.0,1.0,0.0,0.0,False,Qwen/Qwen2.5-Coder-7B-Instruct,None
688,Bar,Easy,16.2794,65.1175,4,0.0,0.0,0.0,0.0,0.0,0.0,0.0,0.0,0.0,0.0,1.0,0.0,0.0,False,Qwen/Qwen2.5-Coder-7B-Instruct,None
688,Bar,Easy,16.2794,65.1175,4,0.0,0.0,0.0,0.0,0.0,0.0,0.0,0.0,0.0,0.0,1.0,0.0,0.0,False,Qwen/Qwen2.5-Coder-7B-Instruct,None
691,Pie,Hard,29.3128,87.9384,3,0.3333333333333333,0.0,0.0,0.0,0.0,0.0,0.0,0.0,0.3333333333333333,0.0,0.6666666666666666,0.0,0.0,True,Qwen/Qwen2.5-Coder-7B-Instruct,None
691,Pie,Hard,29.3128,87.9384,3,0.3333333333333333,0.0,0.0,0.0,0.0,0.0,0.0,0.0,0.3333333333333333,0.0,0.6666666666666666,0.0,0.0,True,Qwen/Qwen2.5-Coder-7B-Instruct,None
691,Pie,Hard,29.3128,87.9384,3,0.3333333333333333,0.0,0.0,0.0,0.0,0.0,0.0,0.0,0.3333333333333333,0.0,0.6666666666666666,0.0,0.0,True,Qwen/Qwen2.5-Coder-7B-Instruct,None
693,Bar,Easy,10.2872,30.8617,3,0.0,0.0,0.0,0.0,0.0,0.0,0.0,0.0,0.0,0.0,1.0,0.0,0.0,False,Qwen/Qwen2.5-Coder-7B-Instruct,None
693,Bar,Easy,10.2872,30.8617,3,0.0,0.0,0.0,0.0,0.0,0.0,0.0,0.0,0.0,0.0,1.0,0.0,0.0,False,Qwen/Qwen2.5-Coder-7B-Instruct,None
693,Bar,Easy,10.2872,30.8617,3,0.0,0.0,0.0,0.0,0.0,0.0,0.0,0.0,0.0,0.0,1.0,0.0,0.0,False,Qwen/Qwen2.5-Coder-7B-Instruct,None
697,Bar,Easy,4.8643,9.7286,2,0.0,0.0,0.0,0.0,0.0,0.0,0.0,0.0,0.0,0.0,1.0,0.0,0.0,False,Qwen/Qwen2.5-Coder-7B-Instruct,None
697,Bar,Easy,4.8643,9.7286,2,0.0,0.0,0.0,0.0,0.0,0.0,0.0,0.0,0.0,0.0,1.0,0.0,0.0,False,Qwen/Qwen2.5-Coder-7B-Instruct,None
697,Bar,Easy,4.8643,9.7286,2,0.0,0.0,0.0,0.0,0.0,0.0,0.0,0.0,0.0,0.0,1.0,0.0,0.0,False,Qwen/Qwen2.5-Coder-7B-Instruct,None
699,Pie,Medium,28.308,56.6161,2,0.0,0.0,0.0,0.0,0.0,0.0,0.0,0.0,0.0,0.0,1.0,0.0,0.0,True,Qwen/Qwen2.5-Coder-7B-Instruct,None
699,Pie,Medium,28.308,56.6161,2,0.0,0.0,0.0,0.0,0.0,0.0,0.0,0.0,0.0,0.0,1.0,0.0,0.0,True,Qwen/Qwen2.5-Coder-7B-Instruct,None
699,Pie,Medium,28.308,56.6161,2,0.0,0.0,0.0,0.0,0.0,0.0,0.0,0.0,0.0,0.0,1.0,0.0,0.0,True,Qwen/Qwen2.5-Coder-7B-Instruct,None
707,Scatter,Easy,28.1251,112.5006,4,0.0,0.0,0.0,0.0,0.0,0.0,0.0,0.0,0.0,0.0,1.0,0.0,0.0,True,Qwen/Qwen2.5-Coder-7B-Instruct,None
707,Scatter,Easy,28.1251,112.5006,4,0.0,0.0,0.0,0.0,0.0,0.0,0.0,0.0,0.0,0.0,1.0,0.0,0.0,True,Qwen/Qwen2.5-Coder-7B-Instruct,None
707,Scatter,Easy,28.1251,112.5006,4,0.0,0.0,0.0,0.0,0.0,0.0,0.0,0.0,0.0,0.0,1.0,0.0,0.0,True,Qwen/Qwen2.5-Coder-7B-Instruct,None
708,Pie,Easy,3.803,7.606,2,0.0,0.0,0.0,0.0,0.0,0.0,0.0,0.0,0.0,0.0,1.0,0.0,0.0,False,Qwen/Qwen2.5-Coder-7B-Instruct,None
708,Pie,Easy,3.803,7.606,2,0.0,0.0,0.0,0.0,0.0,0.0,0.0,0.0,0.0,0.0,1.0,0.0,0.0,False,Qwen/Qwen2.5-Coder-7B-Instruct,None
708,Pie,Easy,3.803,7.606,2,0.0,0.0,0.0,0.0,0.0,0.0,0.0,0.0,0.0,0.0,1.0,0.0,0.0,False,Qwen/Qwen2.5-Coder-7B-Instruct,None
712,Pie,Medium,6.3012,18.9037,3,0.0,0.0,0.0,0.0,0.3333333333333333,0.0,0.0,0.0,0.0,0.3333333333333333,0.6666666666666666,0.0,0.0,True,Qwen/Qwen2.5-Coder-7B-Instruct,None
712,Pie,Medium,6.3012,18.9037,3,0.0,0.0,0.0,0.0,0.3333333333333333,0.0,0.0,0.0,0.0,0.3333333333333333,0.6666666666666666,0.0,0.0,True,Qwen/Qwen2.5-Coder-7B-Instruct,None
712,Pie,Medium,6.3012,18.9037,3,0.0,0.0,0.0,0.0,0.3333333333333333,0.0,0.0,0.0,0.0,0.3333333333333333,0.6666666666666666,0.0,0.0,True,Qwen/Qwen2.5-Coder-7B-Instruct,None
714,Pie,Medium,6.3412,12.6823,2,0.0,0.0,0.0,0.0,1.0,0.0,0.0,0.0,0.0,1.0,0.0,,0.0,True,Qwen/Qwen2.5-Coder-7B-Instruct,None
714,Pie,Medium,6.3412,12.6823,2,0.0,0.0,0.0,0.0,1.0,0.0,0.0,0.0,0.0,1.0,0.0,,0.0,True,Qwen/Qwen2.5-Coder-7B-Instruct,None
714,Pie,Medium,6.3412,12.6823,2,0.0,0.0,0.0,0.0,1.0,0.0,0.0,0.0,0.0,1.0,0.0,,0.0,True,Qwen/Qwen2.5-Coder-7B-Instruct,None
718,Pie,Medium,6.2915,12.5831,2,0.0,0.0,0.0,0.0,0.5,0.0,0.0,0.0,0.0,0.5,0.5,0.0,0.0,True,Qwen/Qwen2.5-Coder-7B-Instruct,None
718,Pie,Medium,6.2915,12.5831,2,0.0,0.0,0.0,0.0,0.5,0.0,0.0,0.0,0.0,0.5,0.5,0.0,0.0,True,Qwen/Qwen2.5-Coder-7B-Instruct,None
718,Pie,Medium,6.2915,12.5831,2,0.0,0.0,0.0,0.0,0.5,0.0,0.0,0.0,0.0,0.5,0.5,0.0,0.0,True,Qwen/Qwen2.5-Coder-7B-Instruct,None
722,Pie,Medium,5.2653,5.2653,1,0.0,0.0,0.0,0.0,1.0,0.0,0.0,0.0,0.0,1.0,0.0,,0.0,True,Qwen/Qwen2.5-Coder-7B-Instruct,None
722,Pie,Medium,5.2653,5.2653,1,0.0,0.0,0.0,0.0,1.0,0.0,0.0,0.0,0.0,1.0,0.0,,0.0,True,Qwen/Qwen2.5-Coder-7B-Instruct,None
722,Pie,Medium,5.2653,5.2653,1,0.0,0.0,0.0,0.0,1.0,0.0,0.0,0.0,0.0,1.0,0.0,,0.0,True,Qwen/Qwen2.5-Coder-7B-Instruct,None
743,Pie,Medium,5.8812,11.7624,2,0.0,0.0,0.0,0.0,1.0,0.0,0.0,0.0,0.0,1.0,0.0,,0.0,True,Qwen/Qwen2.5-Coder-7B-Instruct,None
743,Pie,Medium,5.8812,11.7624,2,0.0,0.0,0.0,0.0,1.0,0.0,0.0,0.0,0.0,1.0,0.0,,0.0,True,Qwen/Qwen2.5-Coder-7B-Instruct,None
743,Pie,Medium,5.8812,11.7624,2,0.0,0.0,0.0,0.0,1.0,0.0,0.0,0.0,0.0,1.0,0.0,,0.0,True,Qwen/Qwen2.5-Coder-7B-Instruct,None
744,Bar,Medium,5.9947,23.9787,4,0.0,0.0,0.0,0.0,0.0,0.0,0.0,0.0,0.0,0.0,1.0,0.0,0.0,True,Qwen/Qwen2.5-Coder-7B-Instruct,None
744,Bar,Medium,5.9947,23.9787,4,0.0,0.0,0.0,0.0,0.0,0.0,0.0,0.0,0.0,0.0,1.0,0.0,0.0,True,Qwen/Qwen2.5-Coder-7B-Instruct,None
744,Bar,Medium,5.9947,23.9787,4,0.0,0.0,0.0,0.0,0.0,0.0,0.0,0.0,0.0,0.0,1.0,0.0,0.0,True,Qwen/Qwen2.5-Coder-7B-Instruct,None
747,Pie,Hard,9.8815,29.6444,3,0.0,0.0,0.0,0.0,0.3333333333333333,0.0,0.0,0.0,0.0,0.3333333333333333,0.6666666666666666,0.0,0.0,True,Qwen/Qwen2.5-Coder-7B-Instruct,None
747,Pie,Hard,9.8815,29.6444,3,0.0,0.0,0.0,0.0,0.3333333333333333,0.0,0.0,0.0,0.0,0.3333333333333333,0.6666666666666666,0.0,0.0,True,Qwen/Qwen2.5-Coder-7B-Instruct,None
747,Pie,Hard,9.8815,29.6444,3,0.0,0.0,0.0,0.0,0.3333333333333333,0.0,0.0,0.0,0.0,0.3333333333333333,0.6666666666666666,0.0,0.0,True,Qwen/Qwen2.5-Coder-7B-Instruct,None
770,Line,Easy,19.7612,59.2836,3,0.0,0.0,0.0,0.0,0.0,0.0,0.0,0.0,0.0,0.0,1.0,0.0,0.0,False,Qwen/Qwen2.5-Coder-7B-Instruct,None
770,Line,Easy,19.7612,59.2836,3,0.0,0.0,0.0,0.0,0.0,0.0,0.0,0.0,0.0,0.0,1.0,0.0,0.0,False,Qwen/Qwen2.5-Coder-7B-Instruct,None
770,Line,Easy,19.7612,59.2836,3,0.0,0.0,0.0,0.0,0.0,0.0,0.0,0.0,0.0,0.0,1.0,0.0,0.0,False,Qwen/Qwen2.5-Coder-7B-Instruct,None
778,Grouping Line,Hard,181.6423,181.6423,1,0.0,0.0,0.0,0.0,0.0,0.0,0.0,0.0,0.0,0.0,1.0,0.0,0.0,False,Qwen/Qwen2.5-Coder-7B-Instruct,None
778,Grouping Line,Hard,181.6423,181.6423,1,0.0,0.0,0.0,0.0,0.0,0.0,0.0,0.0,0.0,0.0,1.0,0.0,0.0,False,Qwen/Qwen2.5-Coder-7B-Instruct,None
778,Grouping Line,Hard,181.6423,181.6423,1,0.0,0.0,0.0,0.0,0.0,0.0,0.0,0.0,0.0,0.0,1.0,0.0,0.0,False,Qwen/Qwen2.5-Coder-7B-Instruct,None
781,Pie,Easy,25.9907,103.9628,4,0.0,0.0,0.0,0.0,0.0,0.0,0.0,0.0,0.0,0.0,1.0,0.0,0.0,False,Qwen/Qwen2.5-Coder-7B-Instruct,None
781,Pie,Easy,25.9907,103.9628,4,0.0,0.0,0.0,0.0,0.0,0.0,0.0,0.0,0.0,0.0,1.0,0.0,0.0,False,Qwen/Qwen2.5-Coder-7B-Instruct,None
781,Pie,Easy,25.9907,103.9628,4,0.0,0.0,0.0,0.0,0.0,0.0,0.0,0.0,0.0,0.0,1.0,0.0,0.0,False,Qwen/Qwen2.5-Coder-7B-Instruct,None
789,Line,Easy,3.695,11.0851,3,0.0,0.0,0.0,0.0,0.0,0.0,0.0,0.0,0.0,0.0,1.0,0.0,0.0,False,Qwen/Qwen2.5-Coder-7B-Instruct,None
789,Line,Easy,3.695,11.0851,3,0.0,0.0,0.0,0.0,0.0,0.0,0.0,0.0,0.0,0.0,1.0,0.0,0.0,False,Qwen/Qwen2.5-Coder-7B-Instruct,None
789,Line,Easy,3.695,11.0851,3,0.0,0.0,0.0,0.0,0.0,0.0,0.0,0.0,0.0,0.0,1.0,0.0,0.0,False,Qwen/Qwen2.5-Coder-7B-Instruct,None
790,Pie,Easy,3.1847,15.9234,5,0.0,0.0,0.0,0.0,0.0,0.0,0.0,0.0,0.0,0.0,1.0,0.0,0.0,False,Qwen/Qwen2.5-Coder-7B-Instruct,None
790,Pie,Easy,3.1847,15.9234,5,0.0,0.0,0.0,0.0,0.0,0.0,0.0,0.0,0.0,0.0,1.0,0.0,0.0,False,Qwen/Qwen2.5-Coder-7B-Instruct,None
790,Pie,Easy,3.1847,15.9234,5,0.0,0.0,0.0,0.0,0.0,0.0,0.0,0.0,0.0,0.0,1.0,0.0,0.0,False,Qwen/Qwen2.5-Coder-7B-Instruct,None
793,Bar,Medium,6.7324,13.4648,2,0.0,0.0,0.0,0.0,1.0,0.0,0.0,0.0,0.0,1.0,0.0,,0.0,True,Qwen/Qwen2.5-Coder-7B-Instruct,None
793,Bar,Medium,6.7324,13.4648,2,0.0,0.0,0.0,0.0,1.0,0.0,0.0,0.0,0.0,1.0,0.0,,0.0,True,Qwen/Qwen2.5-Coder-7B-Instruct,None
793,Bar,Medium,6.7324,13.4648,2,0.0,0.0,0.0,0.0,1.0,0.0,0.0,0.0,0.0,1.0,0.0,,0.0,True,Qwen/Qwen2.5-Coder-7B-Instruct,None
802,Pie,Easy,4.0649,16.2596,4,0.0,0.0,0.0,0.0,0.0,0.0,0.0,0.0,0.0,0.0,1.0,0.0,0.0,False,Qwen/Qwen2.5-Coder-7B-Instruct,None
802,Pie,Easy,4.0649,16.2596,4,0.0,0.0,0.0,0.0,0.0,0.0,0.0,0.0,0.0,0.0,1.0,0.0,0.0,False,Qwen/Qwen2.5-Coder-7B-Instruct,None
802,Pie,Easy,4.0649,16.2596,4,0.0,0.0,0.0,0.0,0.0,0.0,0.0,0.0,0.0,0.0,1.0,0.0,0.0,False,Qwen/Qwen2.5-Coder-7B-Instruct,None
803,Bar,Easy,4.0666,20.3331,5,0.0,0.0,0.0,0.0,0.0,0.0,0.0,0.0,0.0,0.0,1.0,0.0,0.0,False,Qwen/Qwen2.5-Coder-7B-Instruct,None
803,Bar,Easy,4.0666,20.3331,5,0.0,0.0,0.0,0.0,0.0,0.0,0.0,0.0,0.0,0.0,1.0,0.0,0.0,False,Qwen/Qwen2.5-Coder-7B-Instruct,None
803,Bar,Easy,4.0666,20.3331,5,0.0,0.0,0.0,0.0,0.0,0.0,0.0,0.0,0.0,0.0,1.0,0.0,0.0,False,Qwen/Qwen2.5-Coder-7B-Instruct,None
809,Bar,Easy,4.4227,13.2681,3,0.0,0.0,0.0,0.0,0.0,0.0,0.0,0.0,0.0,0.0,1.0,0.0,0.0,False,Qwen/Qwen2.5-Coder-7B-Instruct,None
809,Bar,Easy,4.4227,13.2681,3,0.0,0.0,0.0,0.0,0.0,0.0,0.0,0.0,0.0,0.0,1.0,0.0,0.0,False,Qwen/Qwen2.5-Coder-7B-Instruct,None
809,Bar,Easy,4.4227,13.2681,3,0.0,0.0,0.0,0.0,0.0,0.0,0.0,0.0,0.0,0.0,1.0,0.0,0.0,False,Qwen/Qwen2.5-Coder-7B-Instruct,None
812,Bar,Medium,5.6122,11.2244,2,0.0,0.0,0.0,0.0,0.0,0.0,0.0,0.0,0.0,0.0,1.0,0.0,0.0,True,Qwen/Qwen2.5-Coder-7B-Instruct,None
812,Bar,Medium,5.6122,11.2244,2,0.0,0.0,0.0,0.0,0.0,0.0,0.0,0.0,0.0,0.0,1.0,0.0,0.0,True,Qwen/Qwen2.5-Coder-7B-Instruct,None
812,Bar,Medium,5.6122,11.2244,2,0.0,0.0,0.0,0.0,0.0,0.0,0.0,0.0,0.0,0.0,1.0,0.0,0.0,True,Qwen/Qwen2.5-Coder-7B-Instruct,None
815,Pie,Medium,11.5679,11.5679,1,0.0,0.0,0.0,0.0,0.0,0.0,0.0,0.0,0.0,0.0,1.0,0.0,0.0,True,Qwen/Qwen2.5-Coder-7B-Instruct,None
815,Pie,Medium,11.5679,11.5679,1,0.0,0.0,0.0,0.0,0.0,0.0,0.0,0.0,0.0,0.0,1.0,0.0,0.0,True,Qwen/Qwen2.5-Coder-7B-Instruct,None
815,Pie,Medium,11.5679,11.5679,1,0.0,0.0,0.0,0.0,0.0,0.0,0.0,0.0,0.0,0.0,1.0,0.0,0.0,True,Qwen/Qwen2.5-Coder-7B-Instruct,None
817,Bar,Medium,6.461,6.461,1,0.0,0.0,0.0,0.0,1.0,0.0,0.0,0.0,0.0,1.0,0.0,,0.0,True,Qwen/Qwen2.5-Coder-7B-Instruct,None
817,Bar,Medium,6.461,6.461,1,0.0,0.0,0.0,0.0,1.0,0.0,0.0,0.0,0.0,1.0,0.0,,0.0,True,Qwen/Qwen2.5-Coder-7B-Instruct,None
817,Bar,Medium,6.461,6.461,1,0.0,0.0,0.0,0.0,1.0,0.0,0.0,0.0,0.0,1.0,0.0,,0.0,True,Qwen/Qwen2.5-Coder-7B-Instruct,None
832,Bar,Medium,5.8576,11.7151,2,0.0,0.0,0.0,0.0,0.0,0.0,0.0,0.0,0.0,0.0,1.0,0.0,0.0,True,Qwen/Qwen2.5-Coder-7B-Instruct,None
832,Bar,Medium,5.8576,11.7151,2,0.0,0.0,0.0,0.0,0.0,0.0,0.0,0.0,0.0,0.0,1.0,0.0,0.0,True,Qwen/Qwen2.5-Coder-7B-Instruct,None
832,Bar,Medium,5.8576,11.7151,2,0.0,0.0,0.0,0.0,0.0,0.0,0.0,0.0,0.0,0.0,1.0,0.0,0.0,True,Qwen/Qwen2.5-Coder-7B-Instruct,None
834,Pie,Medium,5.8108,11.6216,2,0.0,0.0,0.0,0.0,0.0,0.0,0.0,0.0,0.0,0.0,1.0,0.0,0.0,True,Qwen/Qwen2.5-Coder-7B-Instruct,None
834,Pie,Medium,5.8108,11.6216,2,0.0,0.0,0.0,0.0,0.0,0.0,0.0,0.0,0.0,0.0,1.0,0.0,0.0,True,Qwen/Qwen2.5-Coder-7B-Instruct,None
834,Pie,Medium,5.8108,11.6216,2,0.0,0.0,0.0,0.0,0.0,0.0,0.0,0.0,0.0,0.0,1.0,0.0,0.0,True,Qwen/Qwen2.5-Coder-7B-Instruct,None
838,Pie,Medium,6.7633,13.5267,2,0.0,0.0,0.0,0.0,0.0,0.0,0.0,0.0,0.0,0.0,1.0,0.0,0.0,True,Qwen/Qwen2.5-Coder-7B-Instruct,None
838,Pie,Medium,6.7633,13.5267,2,0.0,0.0,0.0,0.0,0.0,0.0,0.0,0.0,0.0,0.0,1.0,0.0,0.0,True,Qwen/Qwen2.5-Coder-7B-Instruct,None
838,Pie,Medium,6.7633,13.5267,2,0.0,0.0,0.0,0.0,0.0,0.0,0.0,0.0,0.0,0.0,1.0,0.0,0.0,True,Qwen/Qwen2.5-Coder-7B-Instruct,None
856,Pie,Hard,6.9203,6.9203,1,0.0,0.0,0.0,0.0,0.0,0.0,0.0,0.0,0.0,0.0,1.0,0.0,0.0,True,Qwen/Qwen2.5-Coder-7B-Instruct,None
856,Pie,Hard,6.9203,6.9203,1,0.0,0.0,0.0,0.0,0.0,0.0,0.0,0.0,0.0,0.0,1.0,0.0,0.0,True,Qwen/Qwen2.5-Coder-7B-Instruct,None
856,Pie,Hard,6.9203,6.9203,1,0.0,0.0,0.0,0.0,0.0,0.0,0.0,0.0,0.0,0.0,1.0,0.0,0.0,True,Qwen/Qwen2.5-Coder-7B-Instruct,None
858,Pie,Easy,4.1064,4.1064,1,0.0,0.0,0.0,0.0,0.0,0.0,0.0,0.0,0.0,0.0,1.0,0.0,0.0,False,Qwen/Qwen2.5-Coder-7B-Instruct,None
858,Pie,Easy,4.1064,4.1064,1,0.0,0.0,0.0,0.0,0.0,0.0,0.0,0.0,0.0,0.0,1.0,0.0,0.0,False,Qwen/Qwen2.5-Coder-7B-Instruct,None
858,Pie,Easy,4.1064,4.1064,1,0.0,0.0,0.0,0.0,0.0,0.0,0.0,0.0,0.0,0.0,1.0,0.0,0.0,False,Qwen/Qwen2.5-Coder-7B-Instruct,None
868,Line,Hard,16.4078,65.6314,4,0.0,0.0,0.0,0.0,0.0,0.0,0.0,0.0,0.0,0.0,1.0,0.0,0.0,True,Qwen/Qwen2.5-Coder-7B-Instruct,None
868,Line,Hard,16.4078,65.6314,4,0.0,0.0,0.0,0.0,0.0,0.0,0.0,0.0,0.0,0.0,1.0,0.0,0.0,True,Qwen/Qwen2.5-Coder-7B-Instruct,None
868,Line,Hard,16.4078,65.6314,4,0.0,0.0,0.0,0.0,0.0,0.0,0.0,0.0,0.0,0.0,1.0,0.0,0.0,True,Qwen/Qwen2.5-Coder-7B-Instruct,None
874,Pie,Medium,6.042,12.0839,2,0.0,0.0,0.0,0.0,0.0,0.0,0.0,0.0,0.0,0.0,1.0,0.0,0.0,True,Qwen/Qwen2.5-Coder-7B-Instruct,None
874,Pie,Medium,6.042,12.0839,2,0.0,0.0,0.0,0.0,0.0,0.0,0.0,0.0,0.0,0.0,1.0,0.0,0.0,True,Qwen/Qwen2.5-Coder-7B-Instruct,None
874,Pie,Medium,6.042,12.0839,2,0.0,0.0,0.0,0.0,0.0,0.0,0.0,0.0,0.0,0.0,1.0,0.0,0.0,True,Qwen/Qwen2.5-Coder-7B-Instruct,None
875,Bar,Medium,10.3253,20.6507,2,0.0,0.0,0.0,0.0,0.0,0.0,0.0,0.0,0.0,0.0,1.0,0.0,0.0,True,Qwen/Qwen2.5-Coder-7B-Instruct,None
875,Bar,Medium,10.3253,20.6507,2,0.0,0.0,0.0,0.0,0.0,0.0,0.0,0.0,0.0,0.0,1.0,0.0,0.0,True,Qwen/Qwen2.5-Coder-7B-Instruct,None
875,Bar,Medium,10.3253,20.6507,2,0.0,0.0,0.0,0.0,0.0,0.0,0.0,0.0,0.0,0.0,1.0,0.0,0.0,True,Qwen/Qwen2.5-Coder-7B-Instruct,None
880,Line,Hard,5.947,17.841,3,0.0,0.0,0.0,0.0,0.0,0.0,0.0,0.0,0.0,0.0,1.0,0.0,0.0,True,Qwen/Qwen2.5-Coder-7B-Instruct,None
880,Line,Hard,5.947,17.841,3,0.0,0.0,0.0,0.0,0.0,0.0,0.0,0.0,0.0,0.0,1.0,0.0,0.0,True,Qwen/Qwen2.5-Coder-7B-Instruct,None
880,Line,Hard,5.947,17.841,3,0.0,0.0,0.0,0.0,0.0,0.0,0.0,0.0,0.0,0.0,1.0,0.0,0.0,True,Qwen/Qwen2.5-Coder-7B-Instruct,None
883,Pie,Hard,9.9331,39.7324,4,0.0,0.0,0.0,0.0,0.5,0.0,0.0,0.0,0.0,0.5,0.5,0.0,0.0,True,Qwen/Qwen2.5-Coder-7B-Instruct,None
883,Pie,Hard,9.9331,39.7324,4,0.0,0.0,0.0,0.0,0.5,0.0,0.0,0.0,0.0,0.5,0.5,0.0,0.0,True,Qwen/Qwen2.5-Coder-7B-Instruct,None
883,Pie,Hard,9.9331,39.7324,4,0.0,0.0,0.0,0.0,0.5,0.0,0.0,0.0,0.0,0.5,0.5,0.0,0.0,True,Qwen/Qwen2.5-Coder-7B-Instruct,None
887,Pie,Easy,4.0977,16.3909,4,0.0,0.0,0.0,0.0,0.0,0.0,0.0,0.0,0.0,0.0,1.0,0.0,0.0,False,Qwen/Qwen2.5-Coder-7B-Instruct,None
887,Pie,Easy,4.0977,16.3909,4,0.0,0.0,0.0,0.0,0.0,0.0,0.0,0.0,0.0,0.0,1.0,0.0,0.0,False,Qwen/Qwen2.5-Coder-7B-Instruct,None
887,Pie,Easy,4.0977,16.3909,4,0.0,0.0,0.0,0.0,0.0,0.0,0.0,0.0,0.0,0.0,1.0,0.0,0.0,False,Qwen/Qwen2.5-Coder-7B-Instruct,None
906,Pie,Easy,3.7162,18.5812,5,0.0,0.0,0.0,0.0,0.0,0.0,0.0,0.0,0.0,0.0,1.0,0.0,0.0,False,Qwen/Qwen2.5-Coder-7B-Instruct,None
906,Pie,Easy,3.7162,18.5812,5,0.0,0.0,0.0,0.0,0.0,0.0,0.0,0.0,0.0,0.0,1.0,0.0,0.0,False,Qwen/Qwen2.5-Coder-7B-Instruct,None
906,Pie,Easy,3.7162,18.5812,5,0.0,0.0,0.0,0.0,0.0,0.0,0.0,0.0,0.0,0.0,1.0,0.0,0.0,False,Qwen/Qwen2.5-Coder-7B-Instruct,None
908,Pie,Easy,13.199,65.9951,5,0.2,0.0,0.0,0.0,0.0,0.0,0.0,0.0,0.2,0.0,0.8,0.0,0.0,False,Qwen/Qwen2.5-Coder-7B-Instruct,None
908,Pie,Easy,13.199,65.9951,5,0.2,0.0,0.0,0.0,0.0,0.0,0.0,0.0,0.2,0.0,0.8,0.0,0.0,False,Qwen/Qwen2.5-Coder-7B-Instruct,None
908,Pie,Easy,13.199,65.9951,5,0.2,0.0,0.0,0.0,0.0,0.0,0.0,0.0,0.2,0.0,0.8,0.0,0.0,False,Qwen/Qwen2.5-Coder-7B-Instruct,None
910,Pie,Medium,28.7793,115.117,4,0.0,0.0,0.0,0.0,0.0,0.0,0.0,0.0,0.0,0.0,1.0,0.0,0.0,True,Qwen/Qwen2.5-Coder-7B-Instruct,None
910,Pie,Medium,28.7793,115.117,4,0.0,0.0,0.0,0.0,0.0,0.0,0.0,0.0,0.0,0.0,1.0,0.0,0.0,True,Qwen/Qwen2.5-Coder-7B-Instruct,None
910,Pie,Medium,28.7793,115.117,4,0.0,0.0,0.0,0.0,0.0,0.0,0.0,0.0,0.0,0.0,1.0,0.0,0.0,True,Qwen/Qwen2.5-Coder-7B-Instruct,None
912,Bar,Medium,6.6427,6.6427,1,0.0,0.0,0.0,0.0,0.0,0.0,0.0,0.0,0.0,0.0,1.0,0.0,0.0,True,Qwen/Qwen2.5-Coder-7B-Instruct,None
912,Bar,Medium,6.6427,6.6427,1,0.0,0.0,0.0,0.0,0.0,0.0,0.0,0.0,0.0,0.0,1.0,0.0,0.0,True,Qwen/Qwen2.5-Coder-7B-Instruct,None
912,Bar,Medium,6.6427,6.6427,1,0.0,0.0,0.0,0.0,0.0,0.0,0.0,0.0,0.0,0.0,1.0,0.0,0.0,True,Qwen/Qwen2.5-Coder-7B-Instruct,None
914,Bar,Hard,26.5399,53.0798,2,0.5,0.0,0.0,0.0,0.0,0.0,0.0,0.0,0.5,0.0,0.5,0.0,0.0,True,Qwen/Qwen2.5-Coder-7B-Instruct,None
914,Bar,Hard,26.5399,53.0798,2,0.5,0.0,0.0,0.0,0.0,0.0,0.0,0.0,0.5,0.0,0.5,0.0,0.0,True,Qwen/Qwen2.5-Coder-7B-Instruct,None
914,Bar,Hard,26.5399,53.0798,2,0.5,0.0,0.0,0.0,0.0,0.0,0.0,0.0,0.5,0.0,0.5,0.0,0.0,True,Qwen/Qwen2.5-Coder-7B-Instruct,None
924,Bar,Medium,65.5805,65.5805,1,0.0,0.0,0.0,0.0,1.0,0.0,0.0,0.0,0.0,1.0,0.0,,0.0,False,Qwen/Qwen2.5-Coder-7B-Instruct,None
924,Bar,Medium,65.5805,65.5805,1,0.0,0.0,0.0,0.0,1.0,0.0,0.0,0.0,0.0,1.0,0.0,,0.0,False,Qwen/Qwen2.5-Coder-7B-Instruct,None
924,Bar,Medium,65.5805,65.5805,1,0.0,0.0,0.0,0.0,1.0,0.0,0.0,0.0,0.0,1.0,0.0,,0.0,False,Qwen/Qwen2.5-Coder-7B-Instruct,None
926,Bar,Easy,4.0673,12.2018,3,0.0,0.0,0.0,0.0,0.0,0.0,0.0,0.0,0.0,0.0,1.0,0.0,0.0,False,Qwen/Qwen2.5-Coder-7B-Instruct,None
926,Bar,Easy,4.0673,12.2018,3,0.0,0.0,0.0,0.0,0.0,0.0,0.0,0.0,0.0,0.0,1.0,0.0,0.0,False,Qwen/Qwen2.5-Coder-7B-Instruct,None
926,Bar,Easy,4.0673,12.2018,3,0.0,0.0,0.0,0.0,0.0,0.0,0.0,0.0,0.0,0.0,1.0,0.0,0.0,False,Qwen/Qwen2.5-Coder-7B-Instruct,None
961,Bar,Medium,26.8784,107.5136,4,0.0,0.0,0.0,0.0,0.0,0.0,0.0,0.0,0.0,0.0,1.0,0.0,0.0,True,Qwen/Qwen2.5-Coder-7B-Instruct,None
961,Bar,Medium,26.8784,107.5136,4,0.0,0.0,0.0,0.0,0.0,0.0,0.0,0.0,0.0,0.0,1.0,0.0,0.0,True,Qwen/Qwen2.5-Coder-7B-Instruct,None
961,Bar,Medium,26.8784,107.5136,4,0.0,0.0,0.0,0.0,0.0,0.0,0.0,0.0,0.0,0.0,1.0,0.0,0.0,True,Qwen/Qwen2.5-Coder-7B-Instruct,None
971,Pie,Easy,20.3859,61.1578,3,0.0,0.0,0.0,0.0,0.0,0.0,0.0,0.0,0.0,0.0,1.0,0.0,0.0,False,Qwen/Qwen2.5-Coder-7B-Instruct,None
971,Pie,Easy,20.3859,61.1578,3,0.0,0.0,0.0,0.0,0.0,0.0,0.0,0.0,0.0,0.0,1.0,0.0,0.0,False,Qwen/Qwen2.5-Coder-7B-Instruct,None
971,Pie,Easy,20.3859,61.1578,3,0.0,0.0,0.0,0.0,0.0,0.0,0.0,0.0,0.0,0.0,1.0,0.0,0.0,False,Qwen/Qwen2.5-Coder-7B-Instruct,None
975,Bar,Hard,21.3368,42.6737,2,0.0,0.0,0.0,0.0,0.0,0.0,0.0,0.0,0.0,0.0,1.0,0.0,0.0,True,Qwen/Qwen2.5-Coder-7B-Instruct,None
975,Bar,Hard,21.3368,42.6737,2,0.0,0.0,0.0,0.0,0.0,0.0,0.0,0.0,0.0,0.0,1.0,0.0,0.0,True,Qwen/Qwen2.5-Coder-7B-Instruct,None
975,Bar,Hard,21.3368,42.6737,2,0.0,0.0,0.0,0.0,0.0,0.0,0.0,0.0,0.0,0.0,1.0,0.0,0.0,True,Qwen/Qwen2.5-Coder-7B-Instruct,None
990,Bar,Medium,6.4464,12.8929,2,0.0,0.0,0.0,0.0,0.0,0.0,0.0,0.0,0.0,0.0,1.0,0.0,0.0,True,Qwen/Qwen2.5-Coder-7B-Instruct,None
990,Bar,Medium,6.4464,12.8929,2,0.0,0.0,0.0,0.0,0.0,0.0,0.0,0.0,0.0,0.0,1.0,0.0,0.0,True,Qwen/Qwen2.5-Coder-7B-Instruct,None
990,Bar,Medium,6.4464,12.8929,2,0.0,0.0,0.0,0.0,0.0,0.0,0.0,0.0,0.0,0.0,1.0,0.0,0.0,True,Qwen/Qwen2.5-Coder-7B-Instruct,None
994,Bar,Medium,9.7754,9.7754,1,0.0,0.0,0.0,0.0,0.0,0.0,0.0,0.0,0.0,0.0,1.0,0.0,0.0,True,Qwen/Qwen2.5-Coder-7B-Instruct,None
994,Bar,Medium,9.7754,9.7754,1,0.0,0.0,0.0,0.0,0.0,0.0,0.0,0.0,0.0,0.0,1.0,0.0,0.0,True,Qwen/Qwen2.5-Coder-7B-Instruct,None
994,Bar,Medium,9.7754,9.7754,1,0.0,0.0,0.0,0.0,0.0,0.0,0.0,0.0,0.0,0.0,1.0,0.0,0.0,True,Qwen/Qwen2.5-Coder-7B-Instruct,None
998,Line,Medium,9.0772,9.0772,1,0.0,0.0,0.0,0.0,1.0,0.0,0.0,0.0,0.0,1.0,0.0,,0.0,True,Qwen/Qwen2.5-Coder-7B-Instruct,None
998,Line,Medium,9.0772,9.0772,1,0.0,0.0,0.0,0.0,1.0,0.0,0.0,0.0,0.0,1.0,0.0,,0.0,True,Qwen/Qwen2.5-Coder-7B-Instruct,None
998,Line,Medium,9.0772,9.0772,1,0.0,0.0,0.0,0.0,1.0,0.0,0.0,0.0,0.0,1.0,0.0,,0.0,True,Qwen/Qwen2.5-Coder-7B-Instruct,None
999,Pie,Easy,3.5061,3.5061,1,0.0,0.0,0.0,0.0,0.0,0.0,0.0,0.0,0.0,0.0,1.0,0.0,0.0,False,Qwen/Qwen2.5-Coder-7B-Instruct,None
999,Pie,Easy,3.5061,3.5061,1,0.0,0.0,0.0,0.0,0.0,0.0,0.0,0.0,0.0,0.0,1.0,0.0,0.0,False,Qwen/Qwen2.5-Coder-7B-Instruct,None
999,Pie,Easy,3.5061,3.5061,1,0.0,0.0,0.0,0.0,0.0,0.0,0.0,0.0,0.0,0.0,1.0,0.0,0.0,False,Qwen/Qwen2.5-Coder-7B-Instruct,None
1001,Bar,Medium,21.6974,43.3949,2,1.0,0.0,0.0,0.0,0.0,0.0,0.0,0.0,1.0,0.0,0.0,,0.0,True,Qwen/Qwen2.5-Coder-7B-Instruct,None
1001,Bar,Medium,21.6974,43.3949,2,1.0,0.0,0.0,0.0,0.0,0.0,0.0,0.0,1.0,0.0,0.0,,0.0,True,Qwen/Qwen2.5-Coder-7B-Instruct,None
1001,Bar,Medium,21.6974,43.3949,2,1.0,0.0,0.0,0.0,0.0,0.0,0.0,0.0,1.0,0.0,0.0,,0.0,True,Qwen/Qwen2.5-Coder-7B-Instruct,None
1003,Pie,Medium,16.1808,32.3615,2,0.5,0.5,0.0,0.0,0.0,0.0,0.0,0.0,1.0,0.0,0.0,,0.0,True,Qwen/Qwen2.5-Coder-7B-Instruct,None
1003,Pie,Medium,16.1808,32.3615,2,0.5,0.5,0.0,0.0,0.0,0.0,0.0,0.0,1.0,0.0,0.0,,0.0,True,Qwen/Qwen2.5-Coder-7B-Instruct,None
1003,Pie,Medium,16.1808,32.3615,2,0.5,0.5,0.0,0.0,0.0,0.0,0.0,0.0,1.0,0.0,0.0,,0.0,True,Qwen/Qwen2.5-Coder-7B-Instruct,None
1007,Pie,Hard,5.3387,5.3387,1,0.0,0.0,0.0,0.0,0.0,0.0,0.0,0.0,0.0,0.0,1.0,0.0,0.0,False,Qwen/Qwen2.5-Coder-7B-Instruct,None
1007,Pie,Hard,5.3387,5.3387,1,0.0,0.0,0.0,0.0,0.0,0.0,0.0,0.0,0.0,0.0,1.0,0.0,0.0,False,Qwen/Qwen2.5-Coder-7B-Instruct,None
1007,Pie,Hard,5.3387,5.3387,1,0.0,0.0,0.0,0.0,0.0,0.0,0.0,0.0,0.0,0.0,1.0,0.0,0.0,False,Qwen/Qwen2.5-Coder-7B-Instruct,None
1008,Pie,Hard,5.517,5.517,1,0.0,0.0,0.0,0.0,0.0,0.0,0.0,0.0,0.0,0.0,1.0,0.0,0.0,False,Qwen/Qwen2.5-Coder-7B-Instruct,None
1008,Pie,Hard,5.517,5.517,1,0.0,0.0,0.0,0.0,0.0,0.0,0.0,0.0,0.0,0.0,1.0,0.0,0.0,False,Qwen/Qwen2.5-Coder-7B-Instruct,None
1008,Pie,Hard,5.517,5.517,1,0.0,0.0,0.0,0.0,0.0,0.0,0.0,0.0,0.0,0.0,1.0,0.0,0.0,False,Qwen/Qwen2.5-Coder-7B-Instruct,None
1012,Bar,Easy,3.413,10.2389,3,0.0,0.0,0.0,0.0,0.0,0.0,0.0,0.0,0.0,0.0,1.0,0.0,0.0,False,Qwen/Qwen2.5-Coder-7B-Instruct,None
1012,Bar,Easy,3.413,10.2389,3,0.0,0.0,0.0,0.0,0.0,0.0,0.0,0.0,0.0,0.0,1.0,0.0,0.0,False,Qwen/Qwen2.5-Coder-7B-Instruct,None
1012,Bar,Easy,3.413,10.2389,3,0.0,0.0,0.0,0.0,0.0,0.0,0.0,0.0,0.0,0.0,1.0,0.0,0.0,False,Qwen/Qwen2.5-Coder-7B-Instruct,None
1014,Pie,Easy,27.1428,54.2855,2,0.0,0.0,0.0,0.0,0.0,0.0,0.0,0.0,0.0,0.0,1.0,0.0,0.0,False,Qwen/Qwen2.5-Coder-7B-Instruct,None
1014,Pie,Easy,27.1428,54.2855,2,0.0,0.0,0.0,0.0,0.0,0.0,0.0,0.0,0.0,0.0,1.0,0.0,0.0,False,Qwen/Qwen2.5-Coder-7B-Instruct,None
1014,Pie,Easy,27.1428,54.2855,2,0.0,0.0,0.0,0.0,0.0,0.0,0.0,0.0,0.0,0.0,1.0,0.0,0.0,False,Qwen/Qwen2.5-Coder-7B-Instruct,None
1018,Pie,Medium,10.1376,10.1376,1,0.0,0.0,0.0,1.0,0.0,0.0,0.0,0.0,0.0,1.0,0.0,,0.0,True,Qwen/Qwen2.5-Coder-7B-Instruct,None
1018,Pie,Medium,10.1376,10.1376,1,0.0,0.0,0.0,1.0,0.0,0.0,0.0,0.0,0.0,1.0,0.0,,0.0,True,Qwen/Qwen2.5-Coder-7B-Instruct,None
1018,Pie,Medium,10.1376,10.1376,1,0.0,0.0,0.0,1.0,0.0,0.0,0.0,0.0,0.0,1.0,0.0,,0.0,True,Qwen/Qwen2.5-Coder-7B-Instruct,None
1021,Pie,Easy,24.7466,49.4932,2,0.0,0.0,0.0,0.0,0.0,0.0,0.0,0.0,0.0,0.0,1.0,0.0,0.0,False,Qwen/Qwen2.5-Coder-7B-Instruct,None
1021,Pie,Easy,24.7466,49.4932,2,0.0,0.0,0.0,0.0,0.0,0.0,0.0,0.0,0.0,0.0,1.0,0.0,0.0,False,Qwen/Qwen2.5-Coder-7B-Instruct,None
1021,Pie,Easy,24.7466,49.4932,2,0.0,0.0,0.0,0.0,0.0,0.0,0.0,0.0,0.0,0.0,1.0,0.0,0.0,False,Qwen/Qwen2.5-Coder-7B-Instruct,None
1024,Bar,Medium,4.1336,4.1336,1,0.0,0.0,0.0,0.0,0.0,0.0,0.0,0.0,0.0,0.0,1.0,0.0,0.0,False,Qwen/Qwen2.5-Coder-7B-Instruct,None
1024,Bar,Medium,4.1336,4.1336,1,0.0,0.0,0.0,0.0,0.0,0.0,0.0,0.0,0.0,0.0,1.0,0.0,0.0,False,Qwen/Qwen2.5-Coder-7B-Instruct,None
1024,Bar,Medium,4.1336,4.1336,1,0.0,0.0,0.0,0.0,0.0,0.0,0.0,0.0,0.0,0.0,1.0,0.0,0.0,False,Qwen/Qwen2.5-Coder-7B-Instruct,None
1037,Bar,Easy,19.7452,59.2356,3,0.0,0.0,0.0,0.0,0.0,0.0,0.0,0.0,0.0,0.0,1.0,0.0,0.0,False,Qwen/Qwen2.5-Coder-7B-Instruct,None
1037,Bar,Easy,19.7452,59.2356,3,0.0,0.0,0.0,0.0,0.0,0.0,0.0,0.0,0.0,0.0,1.0,0.0,0.0,False,Qwen/Qwen2.5-Coder-7B-Instruct,None
1037,Bar,Easy,19.7452,59.2356,3,0.0,0.0,0.0,0.0,0.0,0.0,0.0,0.0,0.0,0.0,1.0,0.0,0.0,False,Qwen/Qwen2.5-Coder-7B-Instruct,None
1059,Pie,Medium,28.7696,115.0784,4,0.0,0.0,0.0,0.0,0.0,0.0,0.0,0.0,0.0,0.0,1.0,0.0,0.0,True,Qwen/Qwen2.5-Coder-7B-Instruct,None
1059,Pie,Medium,28.7696,115.0784,4,0.0,0.0,0.0,0.0,0.0,0.0,0.0,0.0,0.0,0.0,1.0,0.0,0.0,True,Qwen/Qwen2.5-Coder-7B-Instruct,None
1059,Pie,Medium,28.7696,115.0784,4,0.0,0.0,0.0,0.0,0.0,0.0,0.0,0.0,0.0,0.0,1.0,0.0,0.0,True,Qwen/Qwen2.5-Coder-7B-Instruct,None
1061,Pie,Easy,12.6831,63.4157,5,0.0,0.0,0.0,0.0,0.0,0.0,0.0,0.0,0.0,0.0,1.0,0.0,0.0,False,Qwen/Qwen2.5-Coder-7B-Instruct,None
1061,Pie,Easy,12.6831,63.4157,5,0.0,0.0,0.0,0.0,0.0,0.0,0.0,0.0,0.0,0.0,1.0,0.0,0.0,False,Qwen/Qwen2.5-Coder-7B-Instruct,None
1061,Pie,Easy,12.6831,63.4157,5,0.0,0.0,0.0,0.0,0.0,0.0,0.0,0.0,0.0,0.0,1.0,0.0,0.0,False,Qwen/Qwen2.5-Coder-7B-Instruct,None
1071,Bar,Medium,5.7503,5.7503,1,0.0,0.0,0.0,0.0,0.0,0.0,0.0,0.0,0.0,0.0,1.0,0.0,0.0,False,Qwen/Qwen2.5-Coder-7B-Instruct,None
1071,Bar,Medium,5.7503,5.7503,1,0.0,0.0,0.0,0.0,0.0,0.0,0.0,0.0,0.0,0.0,1.0,0.0,0.0,False,Qwen/Qwen2.5-Coder-7B-Instruct,None
1071,Bar,Medium,5.7503,5.7503,1,0.0,0.0,0.0,0.0,0.0,0.0,0.0,0.0,0.0,0.0,1.0,0.0,0.0,False,Qwen/Qwen2.5-Coder-7B-Instruct,None
1072,Bar,Hard,50.2229,50.2229,1,0.0,0.0,0.0,0.0,0.0,0.0,0.0,0.0,0.0,0.0,1.0,0.0,0.0,True,Qwen/Qwen2.5-Coder-7B-Instruct,None
1072,Bar,Hard,50.2229,50.2229,1,0.0,0.0,0.0,0.0,0.0,0.0,0.0,0.0,0.0,0.0,1.0,0.0,0.0,True,Qwen/Qwen2.5-Coder-7B-Instruct,None
1072,Bar,Hard,50.2229,50.2229,1,0.0,0.0,0.0,0.0,0.0,0.0,0.0,0.0,0.0,0.0,1.0,0.0,0.0,True,Qwen/Qwen2.5-Coder-7B-Instruct,None
1073,Pie,Medium,6.3414,6.3414,1,0.0,0.0,0.0,0.0,0.0,0.0,0.0,0.0,0.0,0.0,1.0,0.0,0.0,True,Qwen/Qwen2.5-Coder-7B-Instruct,None
1073,Pie,Medium,6.3414,6.3414,1,0.0,0.0,0.0,0.0,0.0,0.0,0.0,0.0,0.0,0.0,1.0,0.0,0.0,True,Qwen/Qwen2.5-Coder-7B-Instruct,None
1073,Pie,Medium,6.3414,6.3414,1,0.0,0.0,0.0,0.0,0.0,0.0,0.0,0.0,0.0,0.0,1.0,0.0,0.0,True,Qwen/Qwen2.5-Coder-7B-Instruct,None
1074,Bar,Hard,27.0831,27.0831,1,1.0,0.0,0.0,0.0,0.0,0.0,0.0,0.0,1.0,0.0,0.0,,0.0,True,Qwen/Qwen2.5-Coder-7B-Instruct,None
1074,Bar,Hard,27.0831,27.0831,1,1.0,0.0,0.0,0.0,0.0,0.0,0.0,0.0,1.0,0.0,0.0,,0.0,True,Qwen/Qwen2.5-Coder-7B-Instruct,None
1074,Bar,Hard,27.0831,27.0831,1,1.0,0.0,0.0,0.0,0.0,0.0,0.0,0.0,1.0,0.0,0.0,,0.0,True,Qwen/Qwen2.5-Coder-7B-Instruct,None
1079,Pie,Medium,26.3284,26.3284,1,0.0,0.0,0.0,0.0,1.0,0.0,0.0,0.0,0.0,1.0,0.0,,0.0,True,Qwen/Qwen2.5-Coder-7B-Instruct,None
1079,Pie,Medium,26.3284,26.3284,1,0.0,0.0,0.0,0.0,1.0,0.0,0.0,0.0,0.0,1.0,0.0,,0.0,True,Qwen/Qwen2.5-Coder-7B-Instruct,None
1079,Pie,Medium,26.3284,26.3284,1,0.0,0.0,0.0,0.0,1.0,0.0,0.0,0.0,0.0,1.0,0.0,,0.0,True,Qwen/Qwen2.5-Coder-7B-Instruct,None
1081,Pie,Medium,6.6808,6.6808,1,0.0,0.0,0.0,0.0,0.0,0.0,0.0,0.0,0.0,0.0,1.0,0.0,0.0,True,Qwen/Qwen2.5-Coder-7B-Instruct,None
1081,Pie,Medium,6.6808,6.6808,1,0.0,0.0,0.0,0.0,0.0,0.0,0.0,0.0,0.0,0.0,1.0,0.0,0.0,True,Qwen/Qwen2.5-Coder-7B-Instruct,None
1081,Pie,Medium,6.6808,6.6808,1,0.0,0.0,0.0,0.0,0.0,0.0,0.0,0.0,0.0,0.0,1.0,0.0,0.0,True,Qwen/Qwen2.5-Coder-7B-Instruct,None
1082,Pie,Medium,26.5134,53.0269,2,0.0,0.0,0.0,0.0,1.0,0.0,0.0,0.0,0.0,1.0,0.0,,0.0,True,Qwen/Qwen2.5-Coder-7B-Instruct,None
1082,Pie,Medium,26.5134,53.0269,2,0.0,0.0,0.0,0.0,1.0,0.0,0.0,0.0,0.0,1.0,0.0,,0.0,True,Qwen/Qwen2.5-Coder-7B-Instruct,None
1082,Pie,Medium,26.5134,53.0269,2,0.0,0.0,0.0,0.0,1.0,0.0,0.0,0.0,0.0,1.0,0.0,,0.0,True,Qwen/Qwen2.5-Coder-7B-Instruct,None
1088,Pie,Medium,24.5107,24.5107,1,1.0,0.0,0.0,0.0,0.0,0.0,0.0,0.0,1.0,0.0,0.0,,0.0,True,Qwen/Qwen2.5-Coder-7B-Instruct,None
1088,Pie,Medium,24.5107,24.5107,1,1.0,0.0,0.0,0.0,0.0,0.0,0.0,0.0,1.0,0.0,0.0,,0.0,True,Qwen/Qwen2.5-Coder-7B-Instruct,None
1088,Pie,Medium,24.5107,24.5107,1,1.0,0.0,0.0,0.0,0.0,0.0,0.0,0.0,1.0,0.0,0.0,,0.0,True,Qwen/Qwen2.5-Coder-7B-Instruct,None
1090,Pie,Easy,4.3332,8.6665,2,0.0,0.0,0.0,0.0,0.0,0.0,0.0,0.0,0.0,0.0,1.0,0.0,0.0,False,Qwen/Qwen2.5-Coder-7B-Instruct,None
1090,Pie,Easy,4.3332,8.6665,2,0.0,0.0,0.0,0.0,0.0,0.0,0.0,0.0,0.0,0.0,1.0,0.0,0.0,False,Qwen/Qwen2.5-Coder-7B-Instruct,None
1090,Pie,Easy,4.3332,8.6665,2,0.0,0.0,0.0,0.0,0.0,0.0,0.0,0.0,0.0,0.0,1.0,0.0,0.0,False,Qwen/Qwen2.5-Coder-7B-Instruct,None
1104,Pie,Hard,26.5533,26.5533,1,0.0,0.0,0.0,0.0,1.0,0.0,0.0,0.0,0.0,1.0,0.0,,0.0,True,Qwen/Qwen2.5-Coder-7B-Instruct,None
1104,Pie,Hard,26.5533,26.5533,1,0.0,0.0,0.0,0.0,1.0,0.0,0.0,0.0,0.0,1.0,0.0,,0.0,True,Qwen/Qwen2.5-Coder-7B-Instruct,None
1104,Pie,Hard,26.5533,26.5533,1,0.0,0.0,0.0,0.0,1.0,0.0,0.0,0.0,0.0,1.0,0.0,,0.0,True,Qwen/Qwen2.5-Coder-7B-Instruct,None
1113,Bar,Easy,3.8488,3.8488,1,0.0,0.0,0.0,0.0,1.0,0.0,0.0,0.0,0.0,1.0,0.0,,0.0,False,Qwen/Qwen2.5-Coder-7B-Instruct,None
1113,Bar,Easy,3.8488,3.8488,1,0.0,0.0,0.0,0.0,1.0,0.0,0.0,0.0,0.0,1.0,0.0,,0.0,False,Qwen/Qwen2.5-Coder-7B-Instruct,None
1113,Bar,Easy,3.8488,3.8488,1,0.0,0.0,0.0,0.0,1.0,0.0,0.0,0.0,0.0,1.0,0.0,,0.0,False,Qwen/Qwen2.5-Coder-7B-Instruct,None
1129,Bar,Easy,20.4136,61.2409,3,0.0,0.0,0.0,0.0,0.0,0.0,0.0,0.0,0.0,0.0,1.0,0.0,0.0,False,Qwen/Qwen2.5-Coder-7B-Instruct,None
1129,Bar,Easy,20.4136,61.2409,3,0.0,0.0,0.0,0.0,0.0,0.0,0.0,0.0,0.0,0.0,1.0,0.0,0.0,False,Qwen/Qwen2.5-Coder-7B-Instruct,None
1129,Bar,Easy,20.4136,61.2409,3,0.0,0.0,0.0,0.0,0.0,0.0,0.0,0.0,0.0,0.0,1.0,0.0,0.0,False,Qwen/Qwen2.5-Coder-7B-Instruct,None
1130,Bar,Easy,19.8004,59.4011,3,0.0,0.0,0.0,0.0,0.0,0.0,0.0,0.0,0.0,0.0,1.0,0.0,0.0,False,Qwen/Qwen2.5-Coder-7B-Instruct,None
1130,Bar,Easy,19.8004,59.4011,3,0.0,0.0,0.0,0.0,0.0,0.0,0.0,0.0,0.0,0.0,1.0,0.0,0.0,False,Qwen/Qwen2.5-Coder-7B-Instruct,None
1130,Bar,Easy,19.8004,59.4011,3,0.0,0.0,0.0,0.0,0.0,0.0,0.0,0.0,0.0,0.0,1.0,0.0,0.0,False,Qwen/Qwen2.5-Coder-7B-Instruct,None
1133,Grouping Scatter,Easy,29.6386,59.2772,2,0.0,0.0,0.0,0.0,0.0,0.0,0.0,0.0,0.0,0.0,1.0,0.0,0.0,False,Qwen/Qwen2.5-Coder-7B-Instruct,None
1133,Grouping Scatter,Easy,29.6386,59.2772,2,0.0,0.0,0.0,0.0,0.0,0.0,0.0,0.0,0.0,0.0,1.0,0.0,0.0,False,Qwen/Qwen2.5-Coder-7B-Instruct,None
1133,Grouping Scatter,Easy,29.6386,59.2772,2,0.0,0.0,0.0,0.0,0.0,0.0,0.0,0.0,0.0,0.0,1.0,0.0,0.0,False,Qwen/Qwen2.5-Coder-7B-Instruct,None
1152,Bar,Easy,15.2738,61.0953,4,0.0,0.0,0.0,0.0,0.0,0.0,0.0,0.0,0.0,0.0,1.0,0.0,0.0,False,Qwen/Qwen2.5-Coder-7B-Instruct,None
1152,Bar,Easy,15.2738,61.0953,4,0.0,0.0,0.0,0.0,0.0,0.0,0.0,0.0,0.0,0.0,1.0,0.0,0.0,False,Qwen/Qwen2.5-Coder-7B-Instruct,None
1152,Bar,Easy,15.2738,61.0953,4,0.0,0.0,0.0,0.0,0.0,0.0,0.0,0.0,0.0,0.0,1.0,0.0,0.0,False,Qwen/Qwen2.5-Coder-7B-Instruct,None
1153,Bar,Easy,39.0573,117.172,3,0.0,0.0,0.0,0.0,0.0,0.0,0.0,0.0,0.0,0.0,1.0,0.0,0.0,False,Qwen/Qwen2.5-Coder-7B-Instruct,None
1153,Bar,Easy,39.0573,117.172,3,0.0,0.0,0.0,0.0,0.0,0.0,0.0,0.0,0.0,0.0,1.0,0.0,0.0,False,Qwen/Qwen2.5-Coder-7B-Instruct,None
1153,Bar,Easy,39.0573,117.172,3,0.0,0.0,0.0,0.0,0.0,0.0,0.0,0.0,0.0,0.0,1.0,0.0,0.0,False,Qwen/Qwen2.5-Coder-7B-Instruct,None
1172,Grouping Scatter,Medium,32.8661,65.7322,2,0.0,0.0,0.0,0.0,0.0,0.0,0.0,0.0,0.0,0.0,1.0,0.0,0.0,False,Qwen/Qwen2.5-Coder-7B-Instruct,None
1172,Grouping Scatter,Medium,32.8661,65.7322,2,0.0,0.0,0.0,0.0,0.0,0.0,0.0,0.0,0.0,0.0,1.0,0.0,0.0,False,Qwen/Qwen2.5-Coder-7B-Instruct,None
1172,Grouping Scatter,Medium,32.8661,65.7322,2,0.0,0.0,0.0,0.0,0.0,0.0,0.0,0.0,0.0,0.0,1.0,0.0,0.0,False,Qwen/Qwen2.5-Coder-7B-Instruct,None
1182,Bar,Easy,24.3146,48.6292,2,0.0,0.0,0.0,0.0,1.0,0.0,0.0,0.0,0.0,1.0,0.0,,0.0,False,Qwen/Qwen2.5-Coder-7B-Instruct,None
1182,Bar,Easy,24.3146,48.6292,2,0.0,0.0,0.0,0.0,1.0,0.0,0.0,0.0,0.0,1.0,0.0,,0.0,False,Qwen/Qwen2.5-Coder-7B-Instruct,None
1182,Bar,Easy,24.3146,48.6292,2,0.0,0.0,0.0,0.0,1.0,0.0,0.0,0.0,0.0,1.0,0.0,,0.0,False,Qwen/Qwen2.5-Coder-7B-Instruct,None
1187,Bar,Medium,45.1004,90.2008,2,0.0,0.0,0.0,0.0,1.0,0.0,0.0,0.0,0.0,1.0,0.0,,0.0,True,Qwen/Qwen2.5-Coder-7B-Instruct,None
1187,Bar,Medium,45.1004,90.2008,2,0.0,0.0,0.0,0.0,1.0,0.0,0.0,0.0,0.0,1.0,0.0,,0.0,True,Qwen/Qwen2.5-Coder-7B-Instruct,None
1187,Bar,Medium,45.1004,90.2008,2,0.0,0.0,0.0,0.0,1.0,0.0,0.0,0.0,0.0,1.0,0.0,,0.0,True,Qwen/Qwen2.5-Coder-7B-Instruct,None
1188,Bar,Medium,14.5111,29.0223,2,0.0,0.0,0.0,0.0,1.0,0.0,0.0,0.0,0.0,1.0,0.0,,0.0,True,Qwen/Qwen2.5-Coder-7B-Instruct,None
1188,Bar,Medium,14.5111,29.0223,2,0.0,0.0,0.0,0.0,1.0,0.0,0.0,0.0,0.0,1.0,0.0,,0.0,True,Qwen/Qwen2.5-Coder-7B-Instruct,None
1188,Bar,Medium,14.5111,29.0223,2,0.0,0.0,0.0,0.0,1.0,0.0,0.0,0.0,0.0,1.0,0.0,,0.0,True,Qwen/Qwen2.5-Coder-7B-Instruct,None
1192,Line,Medium,29.7952,59.5904,2,0.0,0.0,0.0,0.0,1.0,0.0,0.0,0.0,0.0,1.0,0.0,,0.0,True,Qwen/Qwen2.5-Coder-7B-Instruct,None
1192,Line,Medium,29.7952,59.5904,2,0.0,0.0,0.0,0.0,1.0,0.0,0.0,0.0,0.0,1.0,0.0,,0.0,True,Qwen/Qwen2.5-Coder-7B-Instruct,None
1192,Line,Medium,29.7952,59.5904,2,0.0,0.0,0.0,0.0,1.0,0.0,0.0,0.0,0.0,1.0,0.0,,0.0,True,Qwen/Qwen2.5-Coder-7B-Instruct,None
1198,Pie,Medium,19.8889,59.6668,3,0.6666666666666666,0.0,0.0,0.0,0.0,0.0,0.0,0.0,0.6666666666666666,0.0,0.3333333333333333,0.0,0.0,True,Qwen/Qwen2.5-Coder-7B-Instruct,None
1198,Pie,Medium,19.8889,59.6668,3,0.6666666666666666,0.0,0.0,0.0,0.0,0.0,0.0,0.0,0.6666666666666666,0.0,0.3333333333333333,0.0,0.0,True,Qwen/Qwen2.5-Coder-7B-Instruct,None
1198,Pie,Medium,19.8889,59.6668,3,0.6666666666666666,0.0,0.0,0.0,0.0,0.0,0.0,0.0,0.6666666666666666,0.0,0.3333333333333333,0.0,0.0,True,Qwen/Qwen2.5-Coder-7B-Instruct,None
1204,Bar,Medium,6.258,12.516,2,0.0,0.0,0.0,0.0,0.0,0.0,0.0,0.0,0.0,0.0,1.0,0.0,0.0,True,Qwen/Qwen2.5-Coder-7B-Instruct,None
1204,Bar,Medium,6.258,12.516,2,0.0,0.0,0.0,0.0,0.0,0.0,0.0,0.0,0.0,0.0,1.0,0.0,0.0,True,Qwen/Qwen2.5-Coder-7B-Instruct,None
1204,Bar,Medium,6.258,12.516,2,0.0,0.0,0.0,0.0,0.0,0.0,0.0,0.0,0.0,0.0,1.0,0.0,0.0,True,Qwen/Qwen2.5-Coder-7B-Instruct,None
1211,Bar,Easy,19.669,59.0069,3,0.0,0.0,0.0,0.0,0.0,0.0,0.0,0.0,0.0,0.0,1.0,0.0,0.0,False,Qwen/Qwen2.5-Coder-7B-Instruct,None
1211,Bar,Easy,19.669,59.0069,3,0.0,0.0,0.0,0.0,0.0,0.0,0.0,0.0,0.0,0.0,1.0,0.0,0.0,False,Qwen/Qwen2.5-Coder-7B-Instruct,None
1211,Bar,Easy,19.669,59.0069,3,0.0,0.0,0.0,0.0,0.0,0.0,0.0,0.0,0.0,0.0,1.0,0.0,0.0,False,Qwen/Qwen2.5-Coder-7B-Instruct,None
1213,Pie,Easy,17.5758,52.7275,3,0.0,0.0,0.0,0.0,0.0,0.0,0.0,0.0,0.0,0.0,1.0,0.0,0.0,False,Qwen/Qwen2.5-Coder-7B-Instruct,None
1213,Pie,Easy,17.5758,52.7275,3,0.0,0.0,0.0,0.0,0.0,0.0,0.0,0.0,0.0,0.0,1.0,0.0,0.0,False,Qwen/Qwen2.5-Coder-7B-Instruct,None
1213,Pie,Easy,17.5758,52.7275,3,0.0,0.0,0.0,0.0,0.0,0.0,0.0,0.0,0.0,0.0,1.0,0.0,0.0,False,Qwen/Qwen2.5-Coder-7B-Instruct,None
1214,Grouping Scatter,Medium,54.2994,54.2994,1,0.0,0.0,0.0,0.0,0.0,0.0,0.0,0.0,0.0,0.0,1.0,0.0,0.0,False,Qwen/Qwen2.5-Coder-7B-Instruct,None
1214,Grouping Scatter,Medium,54.2994,54.2994,1,0.0,0.0,0.0,0.0,0.0,0.0,0.0,0.0,0.0,0.0,1.0,0.0,0.0,False,Qwen/Qwen2.5-Coder-7B-Instruct,None
1214,Grouping Scatter,Medium,54.2994,54.2994,1,0.0,0.0,0.0,0.0,0.0,0.0,0.0,0.0,0.0,0.0,1.0,0.0,0.0,False,Qwen/Qwen2.5-Coder-7B-Instruct,None
1216,Pie,Hard,22.1977,88.791,4,1.0,0.0,0.0,0.0,0.0,0.0,0.0,0.0,1.0,0.0,0.0,,0.0,True,Qwen/Qwen2.5-Coder-7B-Instruct,None
1216,Pie,Hard,22.1977,88.791,4,1.0,0.0,0.0,0.0,0.0,0.0,0.0,0.0,1.0,0.0,0.0,,0.0,True,Qwen/Qwen2.5-Coder-7B-Instruct,None
1216,Pie,Hard,22.1977,88.791,4,1.0,0.0,0.0,0.0,0.0,0.0,0.0,0.0,1.0,0.0,0.0,,0.0,True,Qwen/Qwen2.5-Coder-7B-Instruct,None
1223,Pie,Hard,10.317,20.634,2,0.0,0.0,0.0,0.0,0.0,0.0,0.0,0.0,0.0,0.0,1.0,0.0,0.0,True,Qwen/Qwen2.5-Coder-7B-Instruct,None
1223,Pie,Hard,10.317,20.634,2,0.0,0.0,0.0,0.0,0.0,0.0,0.0,0.0,0.0,0.0,1.0,0.0,0.0,True,Qwen/Qwen2.5-Coder-7B-Instruct,None
1223,Pie,Hard,10.317,20.634,2,0.0,0.0,0.0,0.0,0.0,0.0,0.0,0.0,0.0,0.0,1.0,0.0,0.0,True,Qwen/Qwen2.5-Coder-7B-Instruct,None
1229,Bar,Easy,10.0473,10.0473,1,0.0,0.0,0.0,0.0,0.0,0.0,0.0,0.0,0.0,0.0,1.0,0.0,0.0,False,Qwen/Qwen2.5-Coder-7B-Instruct,None
1229,Bar,Easy,10.0473,10.0473,1,0.0,0.0,0.0,0.0,0.0,0.0,0.0,0.0,0.0,0.0,1.0,0.0,0.0,False,Qwen/Qwen2.5-Coder-7B-Instruct,None
1229,Bar,Easy,10.0473,10.0473,1,0.0,0.0,0.0,0.0,0.0,0.0,0.0,0.0,0.0,0.0,1.0,0.0,0.0,False,Qwen/Qwen2.5-Coder-7B-Instruct,None
1232,Bar,Easy,19.7955,59.3865,3,0.0,0.0,0.0,0.0,1.0,0.0,0.0,0.0,0.0,1.0,0.0,,0.0,False,Qwen/Qwen2.5-Coder-7B-Instruct,None
1232,Bar,Easy,19.7955,59.3865,3,0.0,0.0,0.0,0.0,1.0,0.0,0.0,0.0,0.0,1.0,0.0,,0.0,False,Qwen/Qwen2.5-Coder-7B-Instruct,None
1232,Bar,Easy,19.7955,59.3865,3,0.0,0.0,0.0,0.0,1.0,0.0,0.0,0.0,0.0,1.0,0.0,,0.0,False,Qwen/Qwen2.5-Coder-7B-Instruct,None
1233,Bar,Easy,13.6175,68.0876,5,0.0,0.0,0.0,0.0,1.0,0.0,0.0,0.0,0.0,1.0,0.0,,0.0,False,Qwen/Qwen2.5-Coder-7B-Instruct,None
1233,Bar,Easy,13.6175,68.0876,5,0.0,0.0,0.0,0.0,1.0,0.0,0.0,0.0,0.0,1.0,0.0,,0.0,False,Qwen/Qwen2.5-Coder-7B-Instruct,None
1233,Bar,Easy,13.6175,68.0876,5,0.0,0.0,0.0,0.0,1.0,0.0,0.0,0.0,0.0,1.0,0.0,,0.0,False,Qwen/Qwen2.5-Coder-7B-Instruct,None
1234,Pie,Medium,13.295,39.885,3,0.0,0.0,0.0,0.0,0.0,0.0,0.0,0.0,0.0,0.0,1.0,0.0,0.0,False,Qwen/Qwen2.5-Coder-7B-Instruct,None
1234,Pie,Medium,13.295,39.885,3,0.0,0.0,0.0,0.0,0.0,0.0,0.0,0.0,0.0,0.0,1.0,0.0,0.0,False,Qwen/Qwen2.5-Coder-7B-Instruct,None
1234,Pie,Medium,13.295,39.885,3,0.0,0.0,0.0,0.0,0.0,0.0,0.0,0.0,0.0,0.0,1.0,0.0,0.0,False,Qwen/Qwen2.5-Coder-7B-Instruct,None
1236,Pie,Easy,14.2896,28.5792,2,0.5,0.0,0.0,0.5,0.0,0.0,0.0,0.0,0.5,0.5,0.0,,0.0,False,Qwen/Qwen2.5-Coder-7B-Instruct,None
1236,Pie,Easy,14.2896,28.5792,2,0.5,0.0,0.0,0.5,0.0,0.0,0.0,0.0,0.5,0.5,0.0,,0.0,False,Qwen/Qwen2.5-Coder-7B-Instruct,None
1236,Pie,Easy,14.2896,28.5792,2,0.5,0.0,0.0,0.5,0.0,0.0,0.0,0.0,0.5,0.5,0.0,,0.0,False,Qwen/Qwen2.5-Coder-7B-Instruct,None
1241,Grouping Scatter,Easy,5.4378,10.8756,2,0.0,0.0,0.0,0.0,0.0,0.0,0.0,0.0,0.0,0.0,1.0,0.0,0.0,False,Qwen/Qwen2.5-Coder-7B-Instruct,None
1241,Grouping Scatter,Easy,5.4378,10.8756,2,0.0,0.0,0.0,0.0,0.0,0.0,0.0,0.0,0.0,0.0,1.0,0.0,0.0,False,Qwen/Qwen2.5-Coder-7B-Instruct,None
1241,Grouping Scatter,Easy,5.4378,10.8756,2,0.0,0.0,0.0,0.0,0.0,0.0,0.0,0.0,0.0,0.0,1.0,0.0,0.0,False,Qwen/Qwen2.5-Coder-7B-Instruct,None
1274,Pie,Medium,4.7769,4.7769,1,0.0,0.0,0.0,0.0,0.0,0.0,0.0,0.0,0.0,0.0,1.0,0.0,0.0,False,Qwen/Qwen2.5-Coder-7B-Instruct,None
1274,Pie,Medium,4.7769,4.7769,1,0.0,0.0,0.0,0.0,0.0,0.0,0.0,0.0,0.0,0.0,1.0,0.0,0.0,False,Qwen/Qwen2.5-Coder-7B-Instruct,None
1274,Pie,Medium,4.7769,4.7769,1,0.0,0.0,0.0,0.0,0.0,0.0,0.0,0.0,0.0,0.0,1.0,0.0,0.0,False,Qwen/Qwen2.5-Coder-7B-Instruct,None
1275,Bar,Medium,4.8092,9.6183,2,0.0,0.0,0.0,0.0,0.0,0.0,0.0,0.0,0.0,0.0,1.0,0.0,0.0,False,Qwen/Qwen2.5-Coder-7B-Instruct,None
1275,Bar,Medium,4.8092,9.6183,2,0.0,0.0,0.0,0.0,0.0,0.0,0.0,0.0,0.0,0.0,1.0,0.0,0.0,False,Qwen/Qwen2.5-Coder-7B-Instruct,None
1275,Bar,Medium,4.8092,9.6183,2,0.0,0.0,0.0,0.0,0.0,0.0,0.0,0.0,0.0,0.0,1.0,0.0,0.0,False,Qwen/Qwen2.5-Coder-7B-Instruct,None
1277,Pie,Medium,5.5033,11.0066,2,0.0,0.0,0.0,0.0,0.0,0.0,0.0,0.0,0.0,0.0,1.0,0.0,0.0,True,Qwen/Qwen2.5-Coder-7B-Instruct,None
1277,Pie,Medium,5.5033,11.0066,2,0.0,0.0,0.0,0.0,0.0,0.0,0.0,0.0,0.0,0.0,1.0,0.0,0.0,True,Qwen/Qwen2.5-Coder-7B-Instruct,None
1277,Pie,Medium,5.5033,11.0066,2,0.0,0.0,0.0,0.0,0.0,0.0,0.0,0.0,0.0,0.0,1.0,0.0,0.0,True,Qwen/Qwen2.5-Coder-7B-Instruct,None
1285,Line,Medium,4.9178,4.9178,1,0.0,0.0,0.0,0.0,1.0,0.0,0.0,0.0,0.0,1.0,0.0,,0.0,False,Qwen/Qwen2.5-Coder-7B-Instruct,None
1285,Line,Medium,4.9178,4.9178,1,0.0,0.0,0.0,0.0,1.0,0.0,0.0,0.0,0.0,1.0,0.0,,0.0,False,Qwen/Qwen2.5-Coder-7B-Instruct,None
1285,Line,Medium,4.9178,4.9178,1,0.0,0.0,0.0,0.0,1.0,0.0,0.0,0.0,0.0,1.0,0.0,,0.0,False,Qwen/Qwen2.5-Coder-7B-Instruct,None
1288,Pie,Medium,5.4831,10.9663,2,0.0,0.0,0.0,0.0,0.0,0.0,0.0,0.0,0.0,0.0,1.0,0.0,0.0,True,Qwen/Qwen2.5-Coder-7B-Instruct,None
1288,Pie,Medium,5.4831,10.9663,2,0.0,0.0,0.0,0.0,0.0,0.0,0.0,0.0,0.0,0.0,1.0,0.0,0.0,True,Qwen/Qwen2.5-Coder-7B-Instruct,None
1288,Pie,Medium,5.4831,10.9663,2,0.0,0.0,0.0,0.0,0.0,0.0,0.0,0.0,0.0,0.0,1.0,0.0,0.0,True,Qwen/Qwen2.5-Coder-7B-Instruct,None
1296,Bar,Easy,11.3824,22.7648,2,0.5,0.0,0.0,0.0,0.0,0.0,0.0,0.0,0.5,0.0,0.5,0.0,0.0,False,Qwen/Qwen2.5-Coder-7B-Instruct,None
1296,Bar,Easy,11.3824,22.7648,2,0.5,0.0,0.0,0.0,0.0,0.0,0.0,0.0,0.5,0.0,0.5,0.0,0.0,False,Qwen/Qwen2.5-Coder-7B-Instruct,None
1296,Bar,Easy,11.3824,22.7648,2,0.5,0.0,0.0,0.0,0.0,0.0,0.0,0.0,0.5,0.0,0.5,0.0,0.0,False,Qwen/Qwen2.5-Coder-7B-Instruct,None
1297,Bar,Easy,6.3991,12.7983,2,0.0,0.0,0.0,0.0,0.0,0.0,0.0,0.0,0.0,0.0,1.0,0.0,0.0,False,Qwen/Qwen2.5-Coder-7B-Instruct,None
1297,Bar,Easy,6.3991,12.7983,2,0.0,0.0,0.0,0.0,0.0,0.0,0.0,0.0,0.0,0.0,1.0,0.0,0.0,False,Qwen/Qwen2.5-Coder-7B-Instruct,None
1297,Bar,Easy,6.3991,12.7983,2,0.0,0.0,0.0,0.0,0.0,0.0,0.0,0.0,0.0,0.0,1.0,0.0,0.0,False,Qwen/Qwen2.5-Coder-7B-Instruct,None
1303,Pie,Easy,4.4851,13.4553,3,0.0,0.0,0.0,0.0,0.0,0.0,0.0,0.0,0.0,0.0,1.0,0.0,0.0,False,Qwen/Qwen2.5-Coder-7B-Instruct,None
1303,Pie,Easy,4.4851,13.4553,3,0.0,0.0,0.0,0.0,0.0,0.0,0.0,0.0,0.0,0.0,1.0,0.0,0.0,False,Qwen/Qwen2.5-Coder-7B-Instruct,None
1303,Pie,Easy,4.4851,13.4553,3,0.0,0.0,0.0,0.0,0.0,0.0,0.0,0.0,0.0,0.0,1.0,0.0,0.0,False,Qwen/Qwen2.5-Coder-7B-Instruct,None
1309,Pie,Medium,6.7324,6.7324,1,0.0,0.0,0.0,0.0,1.0,0.0,0.0,0.0,0.0,1.0,0.0,,0.0,True,Qwen/Qwen2.5-Coder-7B-Instruct,None
1309,Pie,Medium,6.7324,6.7324,1,0.0,0.0,0.0,0.0,1.0,0.0,0.0,0.0,0.0,1.0,0.0,,0.0,True,Qwen/Qwen2.5-Coder-7B-Instruct,None
1309,Pie,Medium,6.7324,6.7324,1,0.0,0.0,0.0,0.0,1.0,0.0,0.0,0.0,0.0,1.0,0.0,,0.0,True,Qwen/Qwen2.5-Coder-7B-Instruct,None
1310,Pie,Medium,6.6983,13.3966,2,0.0,0.0,0.0,0.0,0.0,0.0,0.0,0.0,0.0,0.0,1.0,0.0,0.0,True,Qwen/Qwen2.5-Coder-7B-Instruct,None
1310,Pie,Medium,6.6983,13.3966,2,0.0,0.0,0.0,0.0,0.0,0.0,0.0,0.0,0.0,0.0,1.0,0.0,0.0,True,Qwen/Qwen2.5-Coder-7B-Instruct,None
1310,Pie,Medium,6.6983,13.3966,2,0.0,0.0,0.0,0.0,0.0,0.0,0.0,0.0,0.0,0.0,1.0,0.0,0.0,True,Qwen/Qwen2.5-Coder-7B-Instruct,None
1314,Pie,Medium,28.666,28.666,1,1.0,0.0,0.0,0.0,0.0,0.0,0.0,0.0,1.0,0.0,0.0,,0.0,True,Qwen/Qwen2.5-Coder-7B-Instruct,None
1314,Pie,Medium,28.666,28.666,1,1.0,0.0,0.0,0.0,0.0,0.0,0.0,0.0,1.0,0.0,0.0,,0.0,True,Qwen/Qwen2.5-Coder-7B-Instruct,None
1314,Pie,Medium,28.666,28.666,1,1.0,0.0,0.0,0.0,0.0,0.0,0.0,0.0,1.0,0.0,0.0,,0.0,True,Qwen/Qwen2.5-Coder-7B-Instruct,None
1316,Pie,Hard,8.6941,17.3883,2,0.0,0.0,0.0,0.5,0.5,0.0,0.0,0.0,0.0,0.5,0.5,0.0,0.0,True,Qwen/Qwen2.5-Coder-7B-Instruct,None
1316,Pie,Hard,8.6941,17.3883,2,0.0,0.0,0.0,0.5,0.5,0.0,0.0,0.0,0.0,0.5,0.5,0.0,0.0,True,Qwen/Qwen2.5-Coder-7B-Instruct,None
1316,Pie,Hard,8.6941,17.3883,2,0.0,0.0,0.0,0.5,0.5,0.0,0.0,0.0,0.0,0.5,0.5,0.0,0.0,True,Qwen/Qwen2.5-Coder-7B-Instruct,None
1317,Bar,Hard,8.7656,17.5313,2,0.0,0.0,0.0,0.5,0.5,0.0,0.0,0.0,0.0,0.5,0.5,0.0,0.0,True,Qwen/Qwen2.5-Coder-7B-Instruct,None
1317,Bar,Hard,8.7656,17.5313,2,0.0,0.0,0.0,0.5,0.5,0.0,0.0,0.0,0.0,0.5,0.5,0.0,0.0,True,Qwen/Qwen2.5-Coder-7B-Instruct,None
1317,Bar,Hard,8.7656,17.5313,2,0.0,0.0,0.0,0.5,0.5,0.0,0.0,0.0,0.0,0.5,0.5,0.0,0.0,True,Qwen/Qwen2.5-Coder-7B-Instruct,None
1318,Pie,Hard,7.5488,7.5488,1,0.0,0.0,0.0,0.0,0.0,0.0,0.0,0.0,0.0,0.0,1.0,0.0,0.0,True,Qwen/Qwen2.5-Coder-7B-Instruct,None
1318,Pie,Hard,7.5488,7.5488,1,0.0,0.0,0.0,0.0,0.0,0.0,0.0,0.0,0.0,0.0,1.0,0.0,0.0,True,Qwen/Qwen2.5-Coder-7B-Instruct,None
1318,Pie,Hard,7.5488,7.5488,1,0.0,0.0,0.0,0.0,0.0,0.0,0.0,0.0,0.0,0.0,1.0,0.0,0.0,True,Qwen/Qwen2.5-Coder-7B-Instruct,None
1319,Bar,Hard,7.536,7.536,1,0.0,0.0,0.0,0.0,0.0,0.0,0.0,0.0,0.0,0.0,1.0,0.0,0.0,True,Qwen/Qwen2.5-Coder-7B-Instruct,None
1319,Bar,Hard,7.536,7.536,1,0.0,0.0,0.0,0.0,0.0,0.0,0.0,0.0,0.0,0.0,1.0,0.0,0.0,True,Qwen/Qwen2.5-Coder-7B-Instruct,None
1319,Bar,Hard,7.536,7.536,1,0.0,0.0,0.0,0.0,0.0,0.0,0.0,0.0,0.0,0.0,1.0,0.0,0.0,True,Qwen/Qwen2.5-Coder-7B-Instruct,None
1325,Pie,Easy,6.6897,13.3795,2,0.0,0.0,0.0,0.0,0.0,0.0,0.0,0.0,0.0,0.0,1.0,0.0,0.0,False,Qwen/Qwen2.5-Coder-7B-Instruct,None
1325,Pie,Easy,6.6897,13.3795,2,0.0,0.0,0.0,0.0,0.0,0.0,0.0,0.0,0.0,0.0,1.0,0.0,0.0,False,Qwen/Qwen2.5-Coder-7B-Instruct,None
1325,Pie,Easy,6.6897,13.3795,2,0.0,0.0,0.0,0.0,0.0,0.0,0.0,0.0,0.0,0.0,1.0,0.0,0.0,False,Qwen/Qwen2.5-Coder-7B-Instruct,None
1326,Bar,Easy,4.5641,9.1283,2,0.0,0.0,0.0,0.0,0.0,0.0,0.0,0.0,0.0,0.0,1.0,0.0,0.0,False,Qwen/Qwen2.5-Coder-7B-Instruct,None
1326,Bar,Easy,4.5641,9.1283,2,0.0,0.0,0.0,0.0,0.0,0.0,0.0,0.0,0.0,0.0,1.0,0.0,0.0,False,Qwen/Qwen2.5-Coder-7B-Instruct,None
1326,Bar,Easy,4.5641,9.1283,2,0.0,0.0,0.0,0.0,0.0,0.0,0.0,0.0,0.0,0.0,1.0,0.0,0.0,False,Qwen/Qwen2.5-Coder-7B-Instruct,None
1354,Pie,Easy,5.282,21.1279,4,0.0,0.0,0.0,0.0,0.0,0.0,0.0,0.0,0.0,0.0,1.0,0.0,0.0,False,Qwen/Qwen2.5-Coder-7B-Instruct,None
1354,Pie,Easy,5.282,21.1279,4,0.0,0.0,0.0,0.0,0.0,0.0,0.0,0.0,0.0,0.0,1.0,0.0,0.0,False,Qwen/Qwen2.5-Coder-7B-Instruct,None
1354,Pie,Easy,5.282,21.1279,4,0.0,0.0,0.0,0.0,0.0,0.0,0.0,0.0,0.0,0.0,1.0,0.0,0.0,False,Qwen/Qwen2.5-Coder-7B-Instruct,None
1363,Bar,Easy,4.4712,17.8848,4,0.0,0.0,0.0,0.0,0.0,0.0,0.0,0.0,0.0,0.0,1.0,0.0,0.0,False,Qwen/Qwen2.5-Coder-7B-Instruct,None
1363,Bar,Easy,4.4712,17.8848,4,0.0,0.0,0.0,0.0,0.0,0.0,0.0,0.0,0.0,0.0,1.0,0.0,0.0,False,Qwen/Qwen2.5-Coder-7B-Instruct,None
1363,Bar,Easy,4.4712,17.8848,4,0.0,0.0,0.0,0.0,0.0,0.0,0.0,0.0,0.0,0.0,1.0,0.0,0.0,False,Qwen/Qwen2.5-Coder-7B-Instruct,None
1376,Pie,Medium,6.2932,6.2932,1,0.0,0.0,0.0,0.0,0.0,0.0,0.0,0.0,0.0,0.0,1.0,0.0,0.0,True,Qwen/Qwen2.5-Coder-7B-Instruct,None
1376,Pie,Medium,6.2932,6.2932,1,0.0,0.0,0.0,0.0,0.0,0.0,0.0,0.0,0.0,0.0,1.0,0.0,0.0,True,Qwen/Qwen2.5-Coder-7B-Instruct,None
1376,Pie,Medium,6.2932,6.2932,1,0.0,0.0,0.0,0.0,0.0,0.0,0.0,0.0,0.0,0.0,1.0,0.0,0.0,True,Qwen/Qwen2.5-Coder-7B-Instruct,None
1377,Bar,Medium,6.2439,6.2439,1,0.0,0.0,0.0,0.0,0.0,0.0,0.0,0.0,0.0,0.0,1.0,0.0,0.0,True,Qwen/Qwen2.5-Coder-7B-Instruct,None
1377,Bar,Medium,6.2439,6.2439,1,0.0,0.0,0.0,0.0,0.0,0.0,0.0,0.0,0.0,0.0,1.0,0.0,0.0,True,Qwen/Qwen2.5-Coder-7B-Instruct,None
1377,Bar,Medium,6.2439,6.2439,1,0.0,0.0,0.0,0.0,0.0,0.0,0.0,0.0,0.0,0.0,1.0,0.0,0.0,True,Qwen/Qwen2.5-Coder-7B-Instruct,None
1379,Pie,Medium,7.2076,7.2076,1,0.0,0.0,0.0,0.0,0.0,0.0,0.0,0.0,0.0,0.0,1.0,0.0,0.0,True,Qwen/Qwen2.5-Coder-7B-Instruct,None
1379,Pie,Medium,7.2076,7.2076,1,0.0,0.0,0.0,0.0,0.0,0.0,0.0,0.0,0.0,0.0,1.0,0.0,0.0,True,Qwen/Qwen2.5-Coder-7B-Instruct,None
1379,Pie,Medium,7.2076,7.2076,1,0.0,0.0,0.0,0.0,0.0,0.0,0.0,0.0,0.0,0.0,1.0,0.0,0.0,True,Qwen/Qwen2.5-Coder-7B-Instruct,None
1381,Pie,Medium,5.916,5.916,1,0.0,0.0,0.0,0.0,0.0,0.0,0.0,0.0,0.0,0.0,1.0,0.0,0.0,True,Qwen/Qwen2.5-Coder-7B-Instruct,None
1381,Pie,Medium,5.916,5.916,1,0.0,0.0,0.0,0.0,0.0,0.0,0.0,0.0,0.0,0.0,1.0,0.0,0.0,True,Qwen/Qwen2.5-Coder-7B-Instruct,None
1381,Pie,Medium,5.916,5.916,1,0.0,0.0,0.0,0.0,0.0,0.0,0.0,0.0,0.0,0.0,1.0,0.0,0.0,True,Qwen/Qwen2.5-Coder-7B-Instruct,None
1383,Pie,Easy,4.2935,4.2935,1,0.0,0.0,0.0,0.0,0.0,0.0,0.0,0.0,0.0,0.0,1.0,0.0,0.0,False,Qwen/Qwen2.5-Coder-7B-Instruct,None
1383,Pie,Easy,4.2935,4.2935,1,0.0,0.0,0.0,0.0,0.0,0.0,0.0,0.0,0.0,0.0,1.0,0.0,0.0,False,Qwen/Qwen2.5-Coder-7B-Instruct,None
1383,Pie,Easy,4.2935,4.2935,1,0.0,0.0,0.0,0.0,0.0,0.0,0.0,0.0,0.0,0.0,1.0,0.0,0.0,False,Qwen/Qwen2.5-Coder-7B-Instruct,None
1389,Pie,Medium,6.5287,13.0574,2,0.0,0.0,0.0,0.0,0.5,0.0,0.0,0.0,0.0,0.5,0.5,0.0,0.0,True,Qwen/Qwen2.5-Coder-7B-Instruct,None
1389,Pie,Medium,6.5287,13.0574,2,0.0,0.0,0.0,0.0,0.5,0.0,0.0,0.0,0.0,0.5,0.5,0.0,0.0,True,Qwen/Qwen2.5-Coder-7B-Instruct,None
1389,Pie,Medium,6.5287,13.0574,2,0.0,0.0,0.0,0.0,0.5,0.0,0.0,0.0,0.0,0.5,0.5,0.0,0.0,True,Qwen/Qwen2.5-Coder-7B-Instruct,None
1392,Bar,Medium,12.0365,24.0729,2,0.0,0.0,0.0,0.0,0.0,0.0,0.0,0.0,0.0,0.0,1.0,0.0,0.0,True,Qwen/Qwen2.5-Coder-7B-Instruct,None
1392,Bar,Medium,12.0365,24.0729,2,0.0,0.0,0.0,0.0,0.0,0.0,0.0,0.0,0.0,0.0,1.0,0.0,0.0,True,Qwen/Qwen2.5-Coder-7B-Instruct,None
1392,Bar,Medium,12.0365,24.0729,2,0.0,0.0,0.0,0.0,0.0,0.0,0.0,0.0,0.0,0.0,1.0,0.0,0.0,True,Qwen/Qwen2.5-Coder-7B-Instruct,None
1395,Pie,Medium,7.4109,14.8218,2,0.0,0.0,0.0,0.0,1.0,0.0,0.0,0.0,0.0,1.0,0.0,,0.0,True,Qwen/Qwen2.5-Coder-7B-Instruct,None
1395,Pie,Medium,7.4109,14.8218,2,0.0,0.0,0.0,0.0,1.0,0.0,0.0,0.0,0.0,1.0,0.0,,0.0,True,Qwen/Qwen2.5-Coder-7B-Instruct,None
1395,Pie,Medium,7.4109,14.8218,2,0.0,0.0,0.0,0.0,1.0,0.0,0.0,0.0,0.0,1.0,0.0,,0.0,True,Qwen/Qwen2.5-Coder-7B-Instruct,None
1398,Scatter,Easy,5.2784,31.6705,6,0.0,0.0,0.0,0.0,0.0,0.0,0.0,0.0,0.0,0.0,1.0,0.0,0.0,False,Qwen/Qwen2.5-Coder-7B-Instruct,None
1398,Scatter,Easy,5.2784,31.6705,6,0.0,0.0,0.0,0.0,0.0,0.0,0.0,0.0,0.0,0.0,1.0,0.0,0.0,False,Qwen/Qwen2.5-Coder-7B-Instruct,None
1398,Scatter,Easy,5.2784,31.6705,6,0.0,0.0,0.0,0.0,0.0,0.0,0.0,0.0,0.0,0.0,1.0,0.0,0.0,False,Qwen/Qwen2.5-Coder-7B-Instruct,None
1400,Pie,Easy,5.1065,20.426,4,0.0,0.0,0.0,0.0,0.0,0.0,0.0,0.0,0.0,0.0,1.0,0.0,0.0,False,Qwen/Qwen2.5-Coder-7B-Instruct,None
1400,Pie,Easy,5.1065,20.426,4,0.0,0.0,0.0,0.0,0.0,0.0,0.0,0.0,0.0,0.0,1.0,0.0,0.0,False,Qwen/Qwen2.5-Coder-7B-Instruct,None
1400,Pie,Easy,5.1065,20.426,4,0.0,0.0,0.0,0.0,0.0,0.0,0.0,0.0,0.0,0.0,1.0,0.0,0.0,False,Qwen/Qwen2.5-Coder-7B-Instruct,None
1408,Bar,Easy,3.9504,23.7025,6,0.0,0.0,0.0,0.0,0.0,0.0,0.0,0.0,0.0,0.0,1.0,0.0,0.0,False,Qwen/Qwen2.5-Coder-7B-Instruct,None
1408,Bar,Easy,3.9504,23.7025,6,0.0,0.0,0.0,0.0,0.0,0.0,0.0,0.0,0.0,0.0,1.0,0.0,0.0,False,Qwen/Qwen2.5-Coder-7B-Instruct,None
1408,Bar,Easy,3.9504,23.7025,6,0.0,0.0,0.0,0.0,0.0,0.0,0.0,0.0,0.0,0.0,1.0,0.0,0.0,False,Qwen/Qwen2.5-Coder-7B-Instruct,None
1411,Bar,Easy,10.2264,40.9057,4,0.0,0.0,0.0,0.0,0.0,0.0,0.0,0.0,0.0,0.0,1.0,0.0,0.0,False,Qwen/Qwen2.5-Coder-7B-Instruct,None
1411,Bar,Easy,10.2264,40.9057,4,0.0,0.0,0.0,0.0,0.0,0.0,0.0,0.0,0.0,0.0,1.0,0.0,0.0,False,Qwen/Qwen2.5-Coder-7B-Instruct,None
1411,Bar,Easy,10.2264,40.9057,4,0.0,0.0,0.0,0.0,0.0,0.0,0.0,0.0,0.0,0.0,1.0,0.0,0.0,False,Qwen/Qwen2.5-Coder-7B-Instruct,None
1434,Pie,Hard,7.239,28.956,4,0.0,0.0,0.0,0.0,0.0,0.0,0.0,0.0,0.0,0.0,1.0,0.0,0.0,True,Qwen/Qwen2.5-Coder-7B-Instruct,None
1434,Pie,Hard,7.239,28.956,4,0.0,0.0,0.0,0.0,0.0,0.0,0.0,0.0,0.0,0.0,1.0,0.0,0.0,True,Qwen/Qwen2.5-Coder-7B-Instruct,None
1434,Pie,Hard,7.239,28.956,4,0.0,0.0,0.0,0.0,0.0,0.0,0.0,0.0,0.0,0.0,1.0,0.0,0.0,True,Qwen/Qwen2.5-Coder-7B-Instruct,None
1435,Bar,Hard,7.2548,29.0192,4,0.0,0.0,0.0,0.0,0.0,0.0,0.0,0.0,0.0,0.0,1.0,0.0,0.0,True,Qwen/Qwen2.5-Coder-7B-Instruct,None
1435,Bar,Hard,7.2548,29.0192,4,0.0,0.0,0.0,0.0,0.0,0.0,0.0,0.0,0.0,0.0,1.0,0.0,0.0,True,Qwen/Qwen2.5-Coder-7B-Instruct,None
1435,Bar,Hard,7.2548,29.0192,4,0.0,0.0,0.0,0.0,0.0,0.0,0.0,0.0,0.0,0.0,1.0,0.0,0.0,True,Qwen/Qwen2.5-Coder-7B-Instruct,None
1460,Bar,Medium,4.9937,19.9747,4,0.0,0.0,0.0,0.0,0.5,0.0,0.0,0.0,0.0,0.5,0.5,0.0,0.0,False,Qwen/Qwen2.5-Coder-7B-Instruct,None
1460,Bar,Medium,4.9937,19.9747,4,0.0,0.0,0.0,0.0,0.5,0.0,0.0,0.0,0.0,0.5,0.5,0.0,0.0,False,Qwen/Qwen2.5-Coder-7B-Instruct,None
1460,Bar,Medium,4.9937,19.9747,4,0.0,0.0,0.0,0.0,0.5,0.0,0.0,0.0,0.0,0.5,0.5,0.0,0.0,False,Qwen/Qwen2.5-Coder-7B-Instruct,None
1465,Scatter,Easy,10.1196,10.1196,1,0.0,0.0,0.0,0.0,1.0,0.0,0.0,0.0,0.0,1.0,0.0,,0.0,False,Qwen/Qwen2.5-Coder-7B-Instruct,None
1465,Scatter,Easy,10.1196,10.1196,1,0.0,0.0,0.0,0.0,1.0,0.0,0.0,0.0,0.0,1.0,0.0,,0.0,False,Qwen/Qwen2.5-Coder-7B-Instruct,None
1465,Scatter,Easy,10.1196,10.1196,1,0.0,0.0,0.0,0.0,1.0,0.0,0.0,0.0,0.0,1.0,0.0,,0.0,False,Qwen/Qwen2.5-Coder-7B-Instruct,None
1468,Grouping Scatter,Medium,5.8209,11.6419,2,0.0,0.0,0.0,0.0,0.0,0.0,0.0,0.0,0.0,0.0,1.0,0.0,0.0,False,Qwen/Qwen2.5-Coder-7B-Instruct,None
1468,Grouping Scatter,Medium,5.8209,11.6419,2,0.0,0.0,0.0,0.0,0.0,0.0,0.0,0.0,0.0,0.0,1.0,0.0,0.0,False,Qwen/Qwen2.5-Coder-7B-Instruct,None
1468,Grouping Scatter,Medium,5.8209,11.6419,2,0.0,0.0,0.0,0.0,0.0,0.0,0.0,0.0,0.0,0.0,1.0,0.0,0.0,False,Qwen/Qwen2.5-Coder-7B-Instruct,None
1482,Grouping Line,Hard,4.9379,4.9379,1,0.0,0.0,0.0,0.0,1.0,0.0,0.0,0.0,0.0,1.0,0.0,,0.0,False,Qwen/Qwen2.5-Coder-7B-Instruct,None
1482,Grouping Line,Hard,4.9379,4.9379,1,0.0,0.0,0.0,0.0,1.0,0.0,0.0,0.0,0.0,1.0,0.0,,0.0,False,Qwen/Qwen2.5-Coder-7B-Instruct,None
1482,Grouping Line,Hard,4.9379,4.9379,1,0.0,0.0,0.0,0.0,1.0,0.0,0.0,0.0,0.0,1.0,0.0,,0.0,False,Qwen/Qwen2.5-Coder-7B-Instruct,None
1496,Pie,Easy,3.8109,3.8109,1,0.0,0.0,0.0,0.0,0.0,0.0,0.0,0.0,0.0,0.0,1.0,0.0,0.0,False,Qwen/Qwen2.5-Coder-7B-Instruct,None
1496,Pie,Easy,3.8109,3.8109,1,0.0,0.0,0.0,0.0,0.0,0.0,0.0,0.0,0.0,0.0,1.0,0.0,0.0,False,Qwen/Qwen2.5-Coder-7B-Instruct,None
1496,Pie,Easy,3.8109,3.8109,1,0.0,0.0,0.0,0.0,0.0,0.0,0.0,0.0,0.0,0.0,1.0,0.0,0.0,False,Qwen/Qwen2.5-Coder-7B-Instruct,None
1497,Pie,Easy,8.4804,25.4412,3,0.0,0.0,0.0,0.0,0.0,0.0,0.0,0.0,0.0,0.0,1.0,0.0,0.0,False,Qwen/Qwen2.5-Coder-7B-Instruct,None
1497,Pie,Easy,8.4804,25.4412,3,0.0,0.0,0.0,0.0,0.0,0.0,0.0,0.0,0.0,0.0,1.0,0.0,0.0,False,Qwen/Qwen2.5-Coder-7B-Instruct,None
1497,Pie,Easy,8.4804,25.4412,3,0.0,0.0,0.0,0.0,0.0,0.0,0.0,0.0,0.0,0.0,1.0,0.0,0.0,False,Qwen/Qwen2.5-Coder-7B-Instruct,None
1499,Bar,Medium,13.2053,13.2053,1,0.0,0.0,0.0,0.0,1.0,0.0,0.0,0.0,0.0,1.0,0.0,,0.0,False,Qwen/Qwen2.5-Coder-7B-Instruct,None
1499,Bar,Medium,13.2053,13.2053,1,0.0,0.0,0.0,0.0,1.0,0.0,0.0,0.0,0.0,1.0,0.0,,0.0,False,Qwen/Qwen2.5-Coder-7B-Instruct,None
1499,Bar,Medium,13.2053,13.2053,1,0.0,0.0,0.0,0.0,1.0,0.0,0.0,0.0,0.0,1.0,0.0,,0.0,False,Qwen/Qwen2.5-Coder-7B-Instruct,None
1500,Pie,Easy,9.4324,18.8648,2,0.0,0.0,0.0,0.0,0.5,0.0,0.0,0.0,0.0,0.5,0.5,0.0,0.0,False,Qwen/Qwen2.5-Coder-7B-Instruct,None
1500,Pie,Easy,9.4324,18.8648,2,0.0,0.0,0.0,0.0,0.5,0.0,0.0,0.0,0.0,0.5,0.5,0.0,0.0,False,Qwen/Qwen2.5-Coder-7B-Instruct,None
1500,Pie,Easy,9.4324,18.8648,2,0.0,0.0,0.0,0.0,0.5,0.0,0.0,0.0,0.0,0.5,0.5,0.0,0.0,False,Qwen/Qwen2.5-Coder-7B-Instruct,None
1504,Grouping Scatter,Medium,17.3889,17.3889,1,1.0,0.0,0.0,0.0,0.0,0.0,0.0,0.0,1.0,0.0,0.0,,0.0,False,Qwen/Qwen2.5-Coder-7B-Instruct,None
1504,Grouping Scatter,Medium,17.3889,17.3889,1,1.0,0.0,0.0,0.0,0.0,0.0,0.0,0.0,1.0,0.0,0.0,,0.0,False,Qwen/Qwen2.5-Coder-7B-Instruct,None
1504,Grouping Scatter,Medium,17.3889,17.3889,1,1.0,0.0,0.0,0.0,0.0,0.0,0.0,0.0,1.0,0.0,0.0,,0.0,False,Qwen/Qwen2.5-Coder-7B-Instruct,None
1507,Pie,Easy,6.7654,27.0615,4,0.0,0.0,0.0,0.0,0.0,0.0,0.0,0.0,0.0,0.0,1.0,0.0,0.0,False,Qwen/Qwen2.5-Coder-7B-Instruct,None
1507,Pie,Easy,6.7654,27.0615,4,0.0,0.0,0.0,0.0,0.0,0.0,0.0,0.0,0.0,0.0,1.0,0.0,0.0,False,Qwen/Qwen2.5-Coder-7B-Instruct,None
1507,Pie,Easy,6.7654,27.0615,4,0.0,0.0,0.0,0.0,0.0,0.0,0.0,0.0,0.0,0.0,1.0,0.0,0.0,False,Qwen/Qwen2.5-Coder-7B-Instruct,None
1509,Pie,Medium,12.5196,25.0392,2,0.5,0.0,0.0,0.5,0.5,0.0,0.0,0.0,0.5,0.5,0.0,,0.0,False,Qwen/Qwen2.5-Coder-7B-Instruct,None
1509,Pie,Medium,12.5196,25.0392,2,0.5,0.0,0.0,0.5,0.5,0.0,0.0,0.0,0.5,0.5,0.0,,0.0,False,Qwen/Qwen2.5-Coder-7B-Instruct,None
1509,Pie,Medium,12.5196,25.0392,2,0.5,0.0,0.0,0.5,0.5,0.0,0.0,0.0,0.5,0.5,0.0,,0.0,False,Qwen/Qwen2.5-Coder-7B-Instruct,None
1515,Pie,Medium,6.5381,6.5381,1,0.0,0.0,0.0,0.0,0.0,0.0,0.0,0.0,0.0,0.0,1.0,0.0,0.0,True,Qwen/Qwen2.5-Coder-7B-Instruct,None
1515,Pie,Medium,6.5381,6.5381,1,0.0,0.0,0.0,0.0,0.0,0.0,0.0,0.0,0.0,0.0,1.0,0.0,0.0,True,Qwen/Qwen2.5-Coder-7B-Instruct,None
1515,Pie,Medium,6.5381,6.5381,1,0.0,0.0,0.0,0.0,0.0,0.0,0.0,0.0,0.0,0.0,1.0,0.0,0.0,True,Qwen/Qwen2.5-Coder-7B-Instruct,None
1517,Pie,Easy,3.3167,6.6333,2,0.0,0.0,0.0,0.0,0.0,0.0,0.0,0.0,0.0,0.0,1.0,0.0,0.0,False,Qwen/Qwen2.5-Coder-7B-Instruct,None
1517,Pie,Easy,3.3167,6.6333,2,0.0,0.0,0.0,0.0,0.0,0.0,0.0,0.0,0.0,0.0,1.0,0.0,0.0,False,Qwen/Qwen2.5-Coder-7B-Instruct,None
1517,Pie,Easy,3.3167,6.6333,2,0.0,0.0,0.0,0.0,0.0,0.0,0.0,0.0,0.0,0.0,1.0,0.0,0.0,False,Qwen/Qwen2.5-Coder-7B-Instruct,None
1520,Pie,Medium,7.6102,38.0511,5,0.0,0.0,0.0,0.0,0.4,0.0,0.0,0.0,0.0,0.4,0.6,0.0,0.0,True,Qwen/Qwen2.5-Coder-7B-Instruct,None
1520,Pie,Medium,7.6102,38.0511,5,0.0,0.0,0.0,0.0,0.4,0.0,0.0,0.0,0.0,0.4,0.6,0.0,0.0,True,Qwen/Qwen2.5-Coder-7B-Instruct,None
1520,Pie,Medium,7.6102,38.0511,5,0.0,0.0,0.0,0.0,0.4,0.0,0.0,0.0,0.0,0.4,0.6,0.0,0.0,True,Qwen/Qwen2.5-Coder-7B-Instruct,None
1522,Pie,Hard,6.6764,6.6764,1,0.0,0.0,0.0,0.0,0.0,0.0,0.0,0.0,0.0,0.0,1.0,0.0,0.0,True,Qwen/Qwen2.5-Coder-7B-Instruct,None
1522,Pie,Hard,6.6764,6.6764,1,0.0,0.0,0.0,0.0,0.0,0.0,0.0,0.0,0.0,0.0,1.0,0.0,0.0,True,Qwen/Qwen2.5-Coder-7B-Instruct,None
1522,Pie,Hard,6.6764,6.6764,1,0.0,0.0,0.0,0.0,0.0,0.0,0.0,0.0,0.0,0.0,1.0,0.0,0.0,True,Qwen/Qwen2.5-Coder-7B-Instruct,None
1524,Pie,Medium,9.7352,29.2056,3,0.0,0.0,0.0,0.0,0.0,0.0,0.0,0.0,0.0,0.0,1.0,0.0,0.0,True,Qwen/Qwen2.5-Coder-7B-Instruct,None
1524,Pie,Medium,9.7352,29.2056,3,0.0,0.0,0.0,0.0,0.0,0.0,0.0,0.0,0.0,0.0,1.0,0.0,0.0,True,Qwen/Qwen2.5-Coder-7B-Instruct,None
1524,Pie,Medium,9.7352,29.2056,3,0.0,0.0,0.0,0.0,0.0,0.0,0.0,0.0,0.0,0.0,1.0,0.0,0.0,True,Qwen/Qwen2.5-Coder-7B-Instruct,None
1526,Bar,Easy,5.3356,10.6711,2,0.0,0.0,0.0,0.0,0.0,0.0,0.0,0.0,0.0,0.0,1.0,0.0,0.0,False,Qwen/Qwen2.5-Coder-7B-Instruct,None
1526,Bar,Easy,5.3356,10.6711,2,0.0,0.0,0.0,0.0,0.0,0.0,0.0,0.0,0.0,0.0,1.0,0.0,0.0,False,Qwen/Qwen2.5-Coder-7B-Instruct,None
1526,Bar,Easy,5.3356,10.6711,2,0.0,0.0,0.0,0.0,0.0,0.0,0.0,0.0,0.0,0.0,1.0,0.0,0.0,False,Qwen/Qwen2.5-Coder-7B-Instruct,None
1527,Pie,Hard,16.5253,49.5759,3,0.3333333333333333,0.0,0.0,0.0,0.0,0.0,0.0,0.0,0.3333333333333333,0.0,0.6666666666666666,0.0,0.0,True,Qwen/Qwen2.5-Coder-7B-Instruct,None
1527,Pie,Hard,16.5253,49.5759,3,0.3333333333333333,0.0,0.0,0.0,0.0,0.0,0.0,0.0,0.3333333333333333,0.0,0.6666666666666666,0.0,0.0,True,Qwen/Qwen2.5-Coder-7B-Instruct,None
1527,Pie,Hard,16.5253,49.5759,3,0.3333333333333333,0.0,0.0,0.0,0.0,0.0,0.0,0.0,0.3333333333333333,0.0,0.6666666666666666,0.0,0.0,True,Qwen/Qwen2.5-Coder-7B-Instruct,None
1528,Bar,Hard,12.4413,37.3238,3,0.0,0.0,0.0,0.0,0.3333333333333333,0.0,0.0,0.0,0.0,0.3333333333333333,0.6666666666666666,0.0,0.0,True,Qwen/Qwen2.5-Coder-7B-Instruct,None
1528,Bar,Hard,12.4413,37.3238,3,0.0,0.0,0.0,0.0,0.3333333333333333,0.0,0.0,0.0,0.0,0.3333333333333333,0.6666666666666666,0.0,0.0,True,Qwen/Qwen2.5-Coder-7B-Instruct,None
1528,Bar,Hard,12.4413,37.3238,3,0.0,0.0,0.0,0.0,0.3333333333333333,0.0,0.0,0.0,0.0,0.3333333333333333,0.6666666666666666,0.0,0.0,True,Qwen/Qwen2.5-Coder-7B-Instruct,None
1529,Pie,Medium,14.2217,42.6652,3,0.0,0.3333333333333333,0.0,0.0,0.0,0.0,0.0,0.0,0.3333333333333333,0.0,0.6666666666666666,0.0,0.0,True,Qwen/Qwen2.5-Coder-7B-Instruct,None
1529,Pie,Medium,14.2217,42.6652,3,0.0,0.3333333333333333,0.0,0.0,0.0,0.0,0.0,0.0,0.3333333333333333,0.0,0.6666666666666666,0.0,0.0,True,Qwen/Qwen2.5-Coder-7B-Instruct,None
1529,Pie,Medium,14.2217,42.6652,3,0.0,0.3333333333333333,0.0,0.0,0.0,0.0,0.0,0.0,0.3333333333333333,0.0,0.6666666666666666,0.0,0.0,True,Qwen/Qwen2.5-Coder-7B-Instruct,None
1530,Bar,Medium,9.0161,27.0483,3,0.0,0.0,0.0,0.0,0.0,0.0,0.0,0.0,0.0,0.0,1.0,0.0,0.0,True,Qwen/Qwen2.5-Coder-7B-Instruct,None
1530,Bar,Medium,9.0161,27.0483,3,0.0,0.0,0.0,0.0,0.0,0.0,0.0,0.0,0.0,0.0,1.0,0.0,0.0,True,Qwen/Qwen2.5-Coder-7B-Instruct,None
1530,Bar,Medium,9.0161,27.0483,3,0.0,0.0,0.0,0.0,0.0,0.0,0.0,0.0,0.0,0.0,1.0,0.0,0.0,True,Qwen/Qwen2.5-Coder-7B-Instruct,None
1531,Pie,Medium,5.3308,15.9924,3,0.0,0.0,0.0,0.0,0.0,0.0,0.0,0.0,0.0,0.0,1.0,0.0,0.0,True,Qwen/Qwen2.5-Coder-7B-Instruct,None
1531,Pie,Medium,5.3308,15.9924,3,0.0,0.0,0.0,0.0,0.0,0.0,0.0,0.0,0.0,0.0,1.0,0.0,0.0,True,Qwen/Qwen2.5-Coder-7B-Instruct,None
1531,Pie,Medium,5.3308,15.9924,3,0.0,0.0,0.0,0.0,0.0,0.0,0.0,0.0,0.0,0.0,1.0,0.0,0.0,True,Qwen/Qwen2.5-Coder-7B-Instruct,None
1534,Pie,Medium,9.9168,59.5008,6,0.0,0.0,0.0,0.0,0.3333333333333333,0.0,0.0,0.0,0.0,0.3333333333333333,0.6666666666666666,0.0,0.0,True,Qwen/Qwen2.5-Coder-7B-Instruct,None
1534,Pie,Medium,9.9168,59.5008,6,0.0,0.0,0.0,0.0,0.3333333333333333,0.0,0.0,0.0,0.0,0.3333333333333333,0.6666666666666666,0.0,0.0,True,Qwen/Qwen2.5-Coder-7B-Instruct,None
1534,Pie,Medium,9.9168,59.5008,6,0.0,0.0,0.0,0.0,0.3333333333333333,0.0,0.0,0.0,0.0,0.3333333333333333,0.6666666666666666,0.0,0.0,True,Qwen/Qwen2.5-Coder-7B-Instruct,None
1535,Bar,Medium,10.4693,52.3464,5,0.0,0.0,0.0,0.0,0.0,0.0,0.0,0.0,0.0,0.0,1.0,0.0,0.0,True,Qwen/Qwen2.5-Coder-7B-Instruct,None
1535,Bar,Medium,10.4693,52.3464,5,0.0,0.0,0.0,0.0,0.0,0.0,0.0,0.0,0.0,0.0,1.0,0.0,0.0,True,Qwen/Qwen2.5-Coder-7B-Instruct,None
1535,Bar,Medium,10.4693,52.3464,5,0.0,0.0,0.0,0.0,0.0,0.0,0.0,0.0,0.0,0.0,1.0,0.0,0.0,True,Qwen/Qwen2.5-Coder-7B-Instruct,None
1537,Bar,Medium,8.3156,8.3156,1,0.0,0.0,0.0,1.0,1.0,0.0,0.0,0.0,0.0,1.0,0.0,,0.0,False,Qwen/Qwen2.5-Coder-7B-Instruct,None
1537,Bar,Medium,8.3156,8.3156,1,0.0,0.0,0.0,1.0,1.0,0.0,0.0,0.0,0.0,1.0,0.0,,0.0,False,Qwen/Qwen2.5-Coder-7B-Instruct,None
1537,Bar,Medium,8.3156,8.3156,1,0.0,0.0,0.0,1.0,1.0,0.0,0.0,0.0,0.0,1.0,0.0,,0.0,False,Qwen/Qwen2.5-Coder-7B-Instruct,None
1556,Line,Hard,6.0758,24.3032,4,0.0,0.0,0.0,0.0,1.0,0.0,0.0,0.0,0.0,1.0,0.0,,0.0,False,Qwen/Qwen2.5-Coder-7B-Instruct,None
1556,Line,Hard,6.0758,24.3032,4,0.0,0.0,0.0,0.0,1.0,0.0,0.0,0.0,0.0,1.0,0.0,,0.0,False,Qwen/Qwen2.5-Coder-7B-Instruct,None
1556,Line,Hard,6.0758,24.3032,4,0.0,0.0,0.0,0.0,1.0,0.0,0.0,0.0,0.0,1.0,0.0,,0.0,False,Qwen/Qwen2.5-Coder-7B-Instruct,None
1563,Bar,Extra Hard,6.8049,34.0247,5,0.0,0.0,0.0,0.0,1.0,0.0,0.0,0.0,0.0,1.0,0.0,,0.0,False,Qwen/Qwen2.5-Coder-7B-Instruct,None
1563,Bar,Extra Hard,6.8049,34.0247,5,0.0,0.0,0.0,0.0,1.0,0.0,0.0,0.0,0.0,1.0,0.0,,0.0,False,Qwen/Qwen2.5-Coder-7B-Instruct,None
1563,Bar,Extra Hard,6.8049,34.0247,5,0.0,0.0,0.0,0.0,1.0,0.0,0.0,0.0,0.0,1.0,0.0,,0.0,False,Qwen/Qwen2.5-Coder-7B-Instruct,None
1574,Scatter,Hard,10.0278,40.1112,4,0.0,0.0,0.0,0.0,1.0,0.0,0.0,0.0,0.0,1.0,0.0,,0.0,False,Qwen/Qwen2.5-Coder-7B-Instruct,None
1574,Scatter,Hard,10.0278,40.1112,4,0.0,0.0,0.0,0.0,1.0,0.0,0.0,0.0,0.0,1.0,0.0,,0.0,False,Qwen/Qwen2.5-Coder-7B-Instruct,None
1574,Scatter,Hard,10.0278,40.1112,4,0.0,0.0,0.0,0.0,1.0,0.0,0.0,0.0,0.0,1.0,0.0,,0.0,False,Qwen/Qwen2.5-Coder-7B-Instruct,None
1580,Bar,Hard,8.2151,32.8603,4,0.0,0.0,0.0,0.0,0.75,0.0,0.0,0.0,0.0,0.75,0.25,0.0,0.0,False,Qwen/Qwen2.5-Coder-7B-Instruct,None
1580,Bar,Hard,8.2151,32.8603,4,0.0,0.0,0.0,0.0,0.75,0.0,0.0,0.0,0.0,0.75,0.25,0.0,0.0,False,Qwen/Qwen2.5-Coder-7B-Instruct,None
1580,Bar,Hard,8.2151,32.8603,4,0.0,0.0,0.0,0.0,0.75,0.0,0.0,0.0,0.0,0.75,0.25,0.0,0.0,False,Qwen/Qwen2.5-Coder-7B-Instruct,None
1611,Scatter,Medium,6.8104,20.4313,3,0.0,0.0,0.0,0.0,1.0,0.0,0.0,0.0,0.0,1.0,0.0,,0.0,False,Qwen/Qwen2.5-Coder-7B-Instruct,None
1611,Scatter,Medium,6.8104,20.4313,3,0.0,0.0,0.0,0.0,1.0,0.0,0.0,0.0,0.0,1.0,0.0,,0.0,False,Qwen/Qwen2.5-Coder-7B-Instruct,None
1611,Scatter,Medium,6.8104,20.4313,3,0.0,0.0,0.0,0.0,1.0,0.0,0.0,0.0,0.0,1.0,0.0,,0.0,False,Qwen/Qwen2.5-Coder-7B-Instruct,None
1621,Line,Medium,8.7422,52.4531,6,0.0,0.0,0.0,0.0,1.0,0.0,0.0,0.0,0.0,1.0,0.0,,0.0,False,Qwen/Qwen2.5-Coder-7B-Instruct,None
1621,Line,Medium,8.7422,52.4531,6,0.0,0.0,0.0,0.0,1.0,0.0,0.0,0.0,0.0,1.0,0.0,,0.0,False,Qwen/Qwen2.5-Coder-7B-Instruct,None
1621,Line,Medium,8.7422,52.4531,6,0.0,0.0,0.0,0.0,1.0,0.0,0.0,0.0,0.0,1.0,0.0,,0.0,False,Qwen/Qwen2.5-Coder-7B-Instruct,None
1630,Bar,Medium,6.4452,6.4452,1,0.0,0.0,0.0,0.0,0.0,0.0,0.0,0.0,0.0,0.0,1.0,0.0,0.0,False,Qwen/Qwen2.5-Coder-7B-Instruct,None
1630,Bar,Medium,6.4452,6.4452,1,0.0,0.0,0.0,0.0,0.0,0.0,0.0,0.0,0.0,0.0,1.0,0.0,0.0,False,Qwen/Qwen2.5-Coder-7B-Instruct,None
1630,Bar,Medium,6.4452,6.4452,1,0.0,0.0,0.0,0.0,0.0,0.0,0.0,0.0,0.0,0.0,1.0,0.0,0.0,False,Qwen/Qwen2.5-Coder-7B-Instruct,None
1652,Bar,Medium,14.5144,58.0575,4,0.0,0.25,0.0,0.25,0.25,0.0,0.0,0.0,0.25,0.25,0.5,0.0,0.0,False,Qwen/Qwen2.5-Coder-7B-Instruct,None
1652,Bar,Medium,14.5144,58.0575,4,0.0,0.25,0.0,0.25,0.25,0.0,0.0,0.0,0.25,0.25,0.5,0.0,0.0,False,Qwen/Qwen2.5-Coder-7B-Instruct,None
1652,Bar,Medium,14.5144,58.0575,4,0.0,0.25,0.0,0.25,0.25,0.0,0.0,0.0,0.25,0.25,0.5,0.0,0.0,False,Qwen/Qwen2.5-Coder-7B-Instruct,None
1663,Line,Extra Hard,9.9968,19.9936,2,0.0,0.0,0.0,0.0,1.0,0.0,0.0,0.0,0.0,1.0,0.0,,0.0,False,Qwen/Qwen2.5-Coder-7B-Instruct,None
1663,Line,Extra Hard,9.9968,19.9936,2,0.0,0.0,0.0,0.0,1.0,0.0,0.0,0.0,0.0,1.0,0.0,,0.0,False,Qwen/Qwen2.5-Coder-7B-Instruct,None
1663,Line,Extra Hard,9.9968,19.9936,2,0.0,0.0,0.0,0.0,1.0,0.0,0.0,0.0,0.0,1.0,0.0,,0.0,False,Qwen/Qwen2.5-Coder-7B-Instruct,None
1690,Scatter,Extra Hard,8.143,40.7149,5,0.0,0.0,0.0,0.0,0.2,0.0,0.0,0.0,0.0,0.2,0.8,0.0,0.0,False,Qwen/Qwen2.5-Coder-7B-Instruct,None
1690,Scatter,Extra Hard,8.143,40.7149,5,0.0,0.0,0.0,0.0,0.2,0.0,0.0,0.0,0.0,0.2,0.8,0.0,0.0,False,Qwen/Qwen2.5-Coder-7B-Instruct,None
1690,Scatter,Extra Hard,8.143,40.7149,5,0.0,0.0,0.0,0.0,0.2,0.0,0.0,0.0,0.0,0.2,0.8,0.0,0.0,False,Qwen/Qwen2.5-Coder-7B-Instruct,None
1715,Bar,Medium,5.9604,29.802,5,0.0,0.0,0.0,0.4,1.0,0.0,0.0,0.0,0.0,1.0,0.0,,0.0,False,Qwen/Qwen2.5-Coder-7B-Instruct,None
1715,Bar,Medium,5.9604,29.802,5,0.0,0.0,0.0,0.4,1.0,0.0,0.0,0.0,0.0,1.0,0.0,,0.0,False,Qwen/Qwen2.5-Coder-7B-Instruct,None
1715,Bar,Medium,5.9604,29.802,5,0.0,0.0,0.0,0.4,1.0,0.0,0.0,0.0,0.0,1.0,0.0,,0.0,False,Qwen/Qwen2.5-Coder-7B-Instruct,None
1741,Scatter,Easy,4.9095,19.6379,4,0.0,0.0,0.0,0.5,1.0,0.0,0.0,0.0,0.0,1.0,0.0,,0.0,False,Qwen/Qwen2.5-Coder-7B-Instruct,None
1741,Scatter,Easy,4.9095,19.6379,4,0.0,0.0,0.0,0.5,1.0,0.0,0.0,0.0,0.0,1.0,0.0,,0.0,False,Qwen/Qwen2.5-Coder-7B-Instruct,None
1741,Scatter,Easy,4.9095,19.6379,4,0.0,0.0,0.0,0.5,1.0,0.0,0.0,0.0,0.0,1.0,0.0,,0.0,False,Qwen/Qwen2.5-Coder-7B-Instruct,None
1807,Pie,Hard,9.5353,19.0707,2,0.0,0.0,0.0,0.5,0.5,0.0,0.0,0.0,0.0,0.5,0.5,0.0,0.0,False,Qwen/Qwen2.5-Coder-7B-Instruct,None
1807,Pie,Hard,9.5353,19.0707,2,0.0,0.0,0.0,0.5,0.5,0.0,0.0,0.0,0.0,0.5,0.5,0.0,0.0,False,Qwen/Qwen2.5-Coder-7B-Instruct,None
1807,Pie,Hard,9.5353,19.0707,2,0.0,0.0,0.0,0.5,0.5,0.0,0.0,0.0,0.0,0.5,0.5,0.0,0.0,False,Qwen/Qwen2.5-Coder-7B-Instruct,None
1831,Bar,Hard,15.094,30.1879,2,0.0,0.0,0.0,0.0,1.0,0.0,0.0,0.0,0.0,1.0,0.0,,0.0,False,Qwen/Qwen2.5-Coder-7B-Instruct,None
1831,Bar,Hard,15.094,30.1879,2,0.0,0.0,0.0,0.0,1.0,0.0,0.0,0.0,0.0,1.0,0.0,,0.0,False,Qwen/Qwen2.5-Coder-7B-Instruct,None
1831,Bar,Hard,15.094,30.1879,2,0.0,0.0,0.0,0.0,1.0,0.0,0.0,0.0,0.0,1.0,0.0,,0.0,False,Qwen/Qwen2.5-Coder-7B-Instruct,None
1839,Bar,Easy,6.3233,12.6466,2,0.0,0.0,0.0,0.0,0.5,0.0,0.0,0.0,0.0,0.5,0.5,0.0,0.0,False,Qwen/Qwen2.5-Coder-7B-Instruct,None
1839,Bar,Easy,6.3233,12.6466,2,0.0,0.0,0.0,0.0,0.5,0.0,0.0,0.0,0.0,0.5,0.5,0.0,0.0,False,Qwen/Qwen2.5-Coder-7B-Instruct,None
1839,Bar,Easy,6.3233,12.6466,2,0.0,0.0,0.0,0.0,0.5,0.0,0.0,0.0,0.0,0.5,0.5,0.0,0.0,False,Qwen/Qwen2.5-Coder-7B-Instruct,None
1955,Pie,Hard,7.3347,14.6694,2,0.0,0.0,0.0,0.0,1.0,0.0,0.0,0.0,0.0,1.0,0.0,,0.0,True,Qwen/Qwen2.5-Coder-7B-Instruct,None
1955,Pie,Hard,7.3347,14.6694,2,0.0,0.0,0.0,0.0,1.0,0.0,0.0,0.0,0.0,1.0,0.0,,0.0,True,Qwen/Qwen2.5-Coder-7B-Instruct,None
1955,Pie,Hard,7.3347,14.6694,2,0.0,0.0,0.0,0.0,1.0,0.0,0.0,0.0,0.0,1.0,0.0,,0.0,True,Qwen/Qwen2.5-Coder-7B-Instruct,None
1961,Pie,Hard,8.3753,8.3753,1,0.0,0.0,0.0,0.0,0.0,0.0,0.0,0.0,0.0,0.0,1.0,0.0,0.0,True,Qwen/Qwen2.5-Coder-7B-Instruct,None
1961,Pie,Hard,8.3753,8.3753,1,0.0,0.0,0.0,0.0,0.0,0.0,0.0,0.0,0.0,0.0,1.0,0.0,0.0,True,Qwen/Qwen2.5-Coder-7B-Instruct,None
1961,Pie,Hard,8.3753,8.3753,1,0.0,0.0,0.0,0.0,0.0,0.0,0.0,0.0,0.0,0.0,1.0,0.0,0.0,True,Qwen/Qwen2.5-Coder-7B-Instruct,None
1966,Pie,Easy,4.5789,18.3158,4,0.0,0.0,0.0,0.0,0.0,0.0,0.0,0.0,0.0,0.0,1.0,0.0,0.0,False,Qwen/Qwen2.5-Coder-7B-Instruct,None
1966,Pie,Easy,4.5789,18.3158,4,0.0,0.0,0.0,0.0,0.0,0.0,0.0,0.0,0.0,0.0,1.0,0.0,0.0,False,Qwen/Qwen2.5-Coder-7B-Instruct,None
1966,Pie,Easy,4.5789,18.3158,4,0.0,0.0,0.0,0.0,0.0,0.0,0.0,0.0,0.0,0.0,1.0,0.0,0.0,False,Qwen/Qwen2.5-Coder-7B-Instruct,None
1968,Pie,Easy,19.6688,59.0063,3,1.0,0.0,0.0,0.0,0.0,0.0,0.0,0.0,1.0,0.0,0.0,,0.0,False,Qwen/Qwen2.5-Coder-7B-Instruct,None
1968,Pie,Easy,19.6688,59.0063,3,1.0,0.0,0.0,0.0,0.0,0.0,0.0,0.0,1.0,0.0,0.0,,0.0,False,Qwen/Qwen2.5-Coder-7B-Instruct,None
1968,Pie,Easy,19.6688,59.0063,3,1.0,0.0,0.0,0.0,0.0,0.0,0.0,0.0,1.0,0.0,0.0,,0.0,False,Qwen/Qwen2.5-Coder-7B-Instruct,None
1969,Bar,Easy,5.3648,21.4593,4,0.0,0.0,0.0,0.0,0.0,0.0,0.0,0.0,0.0,0.0,1.0,0.0,0.0,False,Qwen/Qwen2.5-Coder-7B-Instruct,None
1969,Bar,Easy,5.3648,21.4593,4,0.0,0.0,0.0,0.0,0.0,0.0,0.0,0.0,0.0,0.0,1.0,0.0,0.0,False,Qwen/Qwen2.5-Coder-7B-Instruct,None
1969,Bar,Easy,5.3648,21.4593,4,0.0,0.0,0.0,0.0,0.0,0.0,0.0,0.0,0.0,0.0,1.0,0.0,0.0,False,Qwen/Qwen2.5-Coder-7B-Instruct,None
1971,Pie,Easy,11.9929,35.9788,3,0.0,0.0,0.0,0.3333333333333333,0.6666666666666666,0.0,0.0,0.0,0.0,0.6666666666666666,0.3333333333333333,0.0,0.0,False,Qwen/Qwen2.5-Coder-7B-Instruct,None
1971,Pie,Easy,11.9929,35.9788,3,0.0,0.0,0.0,0.3333333333333333,0.6666666666666666,0.0,0.0,0.0,0.0,0.6666666666666666,0.3333333333333333,0.0,0.0,False,Qwen/Qwen2.5-Coder-7B-Instruct,None
1971,Pie,Easy,11.9929,35.9788,3,0.0,0.0,0.0,0.3333333333333333,0.6666666666666666,0.0,0.0,0.0,0.0,0.6666666666666666,0.3333333333333333,0.0,0.0,False,Qwen/Qwen2.5-Coder-7B-Instruct,None
1972,Scatter,Easy,9.0737,9.0737,1,0.0,0.0,0.0,0.0,0.0,0.0,0.0,0.0,0.0,0.0,1.0,0.0,0.0,False,Qwen/Qwen2.5-Coder-7B-Instruct,None
1972,Scatter,Easy,9.0737,9.0737,1,0.0,0.0,0.0,0.0,0.0,0.0,0.0,0.0,0.0,0.0,1.0,0.0,0.0,False,Qwen/Qwen2.5-Coder-7B-Instruct,None
1972,Scatter,Easy,9.0737,9.0737,1,0.0,0.0,0.0,0.0,0.0,0.0,0.0,0.0,0.0,0.0,1.0,0.0,0.0,False,Qwen/Qwen2.5-Coder-7B-Instruct,None
1973,Grouping Scatter,Easy,8.3558,16.7115,2,0.0,0.0,0.0,0.0,0.0,0.0,0.0,0.0,0.0,0.0,1.0,0.0,0.0,False,Qwen/Qwen2.5-Coder-7B-Instruct,None
1973,Grouping Scatter,Easy,8.3558,16.7115,2,0.0,0.0,0.0,0.0,0.0,0.0,0.0,0.0,0.0,0.0,1.0,0.0,0.0,False,Qwen/Qwen2.5-Coder-7B-Instruct,None
1973,Grouping Scatter,Easy,8.3558,16.7115,2,0.0,0.0,0.0,0.0,0.0,0.0,0.0,0.0,0.0,0.0,1.0,0.0,0.0,False,Qwen/Qwen2.5-Coder-7B-Instruct,None
1974,Pie,Medium,4.8285,9.657,2,0.0,0.0,0.0,0.0,0.0,0.0,0.0,0.0,0.0,0.0,1.0,0.0,0.0,False,Qwen/Qwen2.5-Coder-7B-Instruct,None
1974,Pie,Medium,4.8285,9.657,2,0.0,0.0,0.0,0.0,0.0,0.0,0.0,0.0,0.0,0.0,1.0,0.0,0.0,False,Qwen/Qwen2.5-Coder-7B-Instruct,None
1974,Pie,Medium,4.8285,9.657,2,0.0,0.0,0.0,0.0,0.0,0.0,0.0,0.0,0.0,0.0,1.0,0.0,0.0,False,Qwen/Qwen2.5-Coder-7B-Instruct,None
1975,Bar,Medium,8.0954,16.1908,2,0.0,0.0,0.0,0.0,0.0,0.0,0.0,0.0,0.0,0.0,1.0,0.0,0.0,False,Qwen/Qwen2.5-Coder-7B-Instruct,None
1975,Bar,Medium,8.0954,16.1908,2,0.0,0.0,0.0,0.0,0.0,0.0,0.0,0.0,0.0,0.0,1.0,0.0,0.0,False,Qwen/Qwen2.5-Coder-7B-Instruct,None
1975,Bar,Medium,8.0954,16.1908,2,0.0,0.0,0.0,0.0,0.0,0.0,0.0,0.0,0.0,0.0,1.0,0.0,0.0,False,Qwen/Qwen2.5-Coder-7B-Instruct,None
1976,Pie,Easy,4.9121,39.2972,8,0.0,0.0,0.0,0.0,0.0,0.0,0.0,0.0,0.0,0.0,1.0,0.0,0.0,False,Qwen/Qwen2.5-Coder-7B-Instruct,None
1976,Pie,Easy,4.9121,39.2972,8,0.0,0.0,0.0,0.0,0.0,0.0,0.0,0.0,0.0,0.0,1.0,0.0,0.0,False,Qwen/Qwen2.5-Coder-7B-Instruct,None
1976,Pie,Easy,4.9121,39.2972,8,0.0,0.0,0.0,0.0,0.0,0.0,0.0,0.0,0.0,0.0,1.0,0.0,0.0,False,Qwen/Qwen2.5-Coder-7B-Instruct,None
1978,Pie,Medium,4.5403,9.0807,2,0.0,0.0,0.0,0.0,0.0,0.0,0.0,0.0,0.0,0.0,1.0,0.0,0.0,False,Qwen/Qwen2.5-Coder-7B-Instruct,None
1978,Pie,Medium,4.5403,9.0807,2,0.0,0.0,0.0,0.0,0.0,0.0,0.0,0.0,0.0,0.0,1.0,0.0,0.0,False,Qwen/Qwen2.5-Coder-7B-Instruct,None
1978,Pie,Medium,4.5403,9.0807,2,0.0,0.0,0.0,0.0,0.0,0.0,0.0,0.0,0.0,0.0,1.0,0.0,0.0,False,Qwen/Qwen2.5-Coder-7B-Instruct,None
1980,Pie,Extra Hard,10.4546,41.8186,4,0.0,0.0,0.0,0.0,0.75,0.0,0.0,0.0,0.0,0.75,0.25,0.0,0.0,True,Qwen/Qwen2.5-Coder-7B-Instruct,None
1980,Pie,Extra Hard,10.4546,41.8186,4,0.0,0.0,0.0,0.0,0.75,0.0,0.0,0.0,0.0,0.75,0.25,0.0,0.0,True,Qwen/Qwen2.5-Coder-7B-Instruct,None
1980,Pie,Extra Hard,10.4546,41.8186,4,0.0,0.0,0.0,0.0,0.75,0.0,0.0,0.0,0.0,0.75,0.25,0.0,0.0,True,Qwen/Qwen2.5-Coder-7B-Instruct,None
1990,Bar,Extra Hard,7.7781,7.7781,1,0.0,0.0,0.0,0.0,0.0,0.0,0.0,0.0,0.0,0.0,1.0,0.0,0.0,True,Qwen/Qwen2.5-Coder-7B-Instruct,None
1990,Bar,Extra Hard,7.7781,7.7781,1,0.0,0.0,0.0,0.0,0.0,0.0,0.0,0.0,0.0,0.0,1.0,0.0,0.0,True,Qwen/Qwen2.5-Coder-7B-Instruct,None
1990,Bar,Extra Hard,7.7781,7.7781,1,0.0,0.0,0.0,0.0,0.0,0.0,0.0,0.0,0.0,0.0,1.0,0.0,0.0,True,Qwen/Qwen2.5-Coder-7B-Instruct,None
1992,Bar,Medium,14.1512,28.3025,2,0.5,0.0,0.0,0.0,0.0,0.0,0.0,0.0,0.5,0.0,0.5,0.0,0.0,False,Qwen/Qwen2.5-Coder-7B-Instruct,None
1992,Bar,Medium,14.1512,28.3025,2,0.5,0.0,0.0,0.0,0.0,0.0,0.0,0.0,0.5,0.0,0.5,0.0,0.0,False,Qwen/Qwen2.5-Coder-7B-Instruct,None
1992,Bar,Medium,14.1512,28.3025,2,0.5,0.0,0.0,0.0,0.0,0.0,0.0,0.0,0.5,0.0,0.5,0.0,0.0,False,Qwen/Qwen2.5-Coder-7B-Instruct,None
2005,Grouping Line,Medium,16.4216,16.4216,1,0.0,0.0,0.0,0.0,1.0,0.0,0.0,0.0,0.0,1.0,0.0,,0.0,False,Qwen/Qwen2.5-Coder-7B-Instruct,None
2005,Grouping Line,Medium,16.4216,16.4216,1,0.0,0.0,0.0,0.0,1.0,0.0,0.0,0.0,0.0,1.0,0.0,,0.0,False,Qwen/Qwen2.5-Coder-7B-Instruct,None
2005,Grouping Line,Medium,16.4216,16.4216,1,0.0,0.0,0.0,0.0,1.0,0.0,0.0,0.0,0.0,1.0,0.0,,0.0,False,Qwen/Qwen2.5-Coder-7B-Instruct,None
2009,Pie,Easy,5.7498,5.7498,1,0.0,0.0,0.0,0.0,0.0,0.0,0.0,0.0,0.0,0.0,1.0,0.0,0.0,False,Qwen/Qwen2.5-Coder-7B-Instruct,None
2009,Pie,Easy,5.7498,5.7498,1,0.0,0.0,0.0,0.0,0.0,0.0,0.0,0.0,0.0,0.0,1.0,0.0,0.0,False,Qwen/Qwen2.5-Coder-7B-Instruct,None
2009,Pie,Easy,5.7498,5.7498,1,0.0,0.0,0.0,0.0,0.0,0.0,0.0,0.0,0.0,0.0,1.0,0.0,0.0,False,Qwen/Qwen2.5-Coder-7B-Instruct,None
2011,Bar,Easy,4.366,13.0979,3,0.0,0.0,0.0,0.0,0.0,0.0,0.0,0.0,0.0,0.0,1.0,0.0,0.0,False,Qwen/Qwen2.5-Coder-7B-Instruct,None
2011,Bar,Easy,4.366,13.0979,3,0.0,0.0,0.0,0.0,0.0,0.0,0.0,0.0,0.0,0.0,1.0,0.0,0.0,False,Qwen/Qwen2.5-Coder-7B-Instruct,None
2011,Bar,Easy,4.366,13.0979,3,0.0,0.0,0.0,0.0,0.0,0.0,0.0,0.0,0.0,0.0,1.0,0.0,0.0,False,Qwen/Qwen2.5-Coder-7B-Instruct,None
2012,Bar,Easy,6.325,18.975,3,0.0,0.0,0.0,0.0,0.0,0.0,0.0,0.0,0.0,0.0,1.0,0.0,0.0,False,Qwen/Qwen2.5-Coder-7B-Instruct,None
2012,Bar,Easy,6.325,18.975,3,0.0,0.0,0.0,0.0,0.0,0.0,0.0,0.0,0.0,0.0,1.0,0.0,0.0,False,Qwen/Qwen2.5-Coder-7B-Instruct,None
2012,Bar,Easy,6.325,18.975,3,0.0,0.0,0.0,0.0,0.0,0.0,0.0,0.0,0.0,0.0,1.0,0.0,0.0,False,Qwen/Qwen2.5-Coder-7B-Instruct,None
2013,Pie,Easy,4.7004,14.1011,3,0.0,0.0,0.0,0.0,0.0,0.0,0.0,0.0,0.0,0.0,1.0,0.0,0.0,False,Qwen/Qwen2.5-Coder-7B-Instruct,None
2013,Pie,Easy,4.7004,14.1011,3,0.0,0.0,0.0,0.0,0.0,0.0,0.0,0.0,0.0,0.0,1.0,0.0,0.0,False,Qwen/Qwen2.5-Coder-7B-Instruct,None
2013,Pie,Easy,4.7004,14.1011,3,0.0,0.0,0.0,0.0,0.0,0.0,0.0,0.0,0.0,0.0,1.0,0.0,0.0,False,Qwen/Qwen2.5-Coder-7B-Instruct,None
2014,Line,Medium,5.3035,10.607,2,0.0,0.0,0.0,0.0,0.0,0.0,0.0,0.0,0.0,0.0,1.0,0.0,0.0,False,Qwen/Qwen2.5-Coder-7B-Instruct,None
2014,Line,Medium,5.3035,10.607,2,0.0,0.0,0.0,0.0,0.0,0.0,0.0,0.0,0.0,0.0,1.0,0.0,0.0,False,Qwen/Qwen2.5-Coder-7B-Instruct,None
2014,Line,Medium,5.3035,10.607,2,0.0,0.0,0.0,0.0,0.0,0.0,0.0,0.0,0.0,0.0,1.0,0.0,0.0,False,Qwen/Qwen2.5-Coder-7B-Instruct,None
2015,Line,Medium,5.306,15.918,3,0.0,0.0,0.0,0.0,0.0,0.0,0.0,0.0,0.0,0.0,1.0,0.0,0.0,False,Qwen/Qwen2.5-Coder-7B-Instruct,None
2015,Line,Medium,5.306,15.918,3,0.0,0.0,0.0,0.0,0.0,0.0,0.0,0.0,0.0,0.0,1.0,0.0,0.0,False,Qwen/Qwen2.5-Coder-7B-Instruct,None
2015,Line,Medium,5.306,15.918,3,0.0,0.0,0.0,0.0,0.0,0.0,0.0,0.0,0.0,0.0,1.0,0.0,0.0,False,Qwen/Qwen2.5-Coder-7B-Instruct,None
2018,Bar,Easy,14.3089,14.3089,1,0.0,1.0,0.0,0.0,0.0,0.0,0.0,0.0,1.0,0.0,0.0,,0.0,False,Qwen/Qwen2.5-Coder-7B-Instruct,None
2018,Bar,Easy,14.3089,14.3089,1,0.0,1.0,0.0,0.0,0.0,0.0,0.0,0.0,1.0,0.0,0.0,,0.0,False,Qwen/Qwen2.5-Coder-7B-Instruct,None
2018,Bar,Easy,14.3089,14.3089,1,0.0,1.0,0.0,0.0,0.0,0.0,0.0,0.0,1.0,0.0,0.0,,0.0,False,Qwen/Qwen2.5-Coder-7B-Instruct,None
2019,Bar,Easy,9.1713,9.1713,1,0.0,0.0,0.0,0.0,0.0,0.0,0.0,0.0,0.0,0.0,1.0,0.0,0.0,False,Qwen/Qwen2.5-Coder-7B-Instruct,None
2019,Bar,Easy,9.1713,9.1713,1,0.0,0.0,0.0,0.0,0.0,0.0,0.0,0.0,0.0,0.0,1.0,0.0,0.0,False,Qwen/Qwen2.5-Coder-7B-Instruct,None
2019,Bar,Easy,9.1713,9.1713,1,0.0,0.0,0.0,0.0,0.0,0.0,0.0,0.0,0.0,0.0,1.0,0.0,0.0,False,Qwen/Qwen2.5-Coder-7B-Instruct,None
2021,Line,Easy,3.4439,3.4439,1,0.0,0.0,0.0,0.0,1.0,0.0,0.0,0.0,0.0,1.0,0.0,,0.0,False,Qwen/Qwen2.5-Coder-7B-Instruct,None
2021,Line,Easy,3.4439,3.4439,1,0.0,0.0,0.0,0.0,1.0,0.0,0.0,0.0,0.0,1.0,0.0,,0.0,False,Qwen/Qwen2.5-Coder-7B-Instruct,None
2021,Line,Easy,3.4439,3.4439,1,0.0,0.0,0.0,0.0,1.0,0.0,0.0,0.0,0.0,1.0,0.0,,0.0,False,Qwen/Qwen2.5-Coder-7B-Instruct,None
2027,Bar,Medium,6.7802,6.7802,1,0.0,0.0,0.0,0.0,0.0,0.0,0.0,0.0,0.0,0.0,1.0,0.0,0.0,False,Qwen/Qwen2.5-Coder-7B-Instruct,None
2027,Bar,Medium,6.7802,6.7802,1,0.0,0.0,0.0,0.0,0.0,0.0,0.0,0.0,0.0,0.0,1.0,0.0,0.0,False,Qwen/Qwen2.5-Coder-7B-Instruct,None
2027,Bar,Medium,6.7802,6.7802,1,0.0,0.0,0.0,0.0,0.0,0.0,0.0,0.0,0.0,0.0,1.0,0.0,0.0,False,Qwen/Qwen2.5-Coder-7B-Instruct,None
2036,Bar,Medium,6.8694,6.8694,1,0.0,0.0,0.0,0.0,0.0,0.0,0.0,0.0,0.0,0.0,1.0,0.0,0.0,False,Qwen/Qwen2.5-Coder-7B-Instruct,None
2036,Bar,Medium,6.8694,6.8694,1,0.0,0.0,0.0,0.0,0.0,0.0,0.0,0.0,0.0,0.0,1.0,0.0,0.0,False,Qwen/Qwen2.5-Coder-7B-Instruct,None
2036,Bar,Medium,6.8694,6.8694,1,0.0,0.0,0.0,0.0,0.0,0.0,0.0,0.0,0.0,0.0,1.0,0.0,0.0,False,Qwen/Qwen2.5-Coder-7B-Instruct,None
2059,Pie,Hard,17.8991,35.7982,2,0.5,0.0,0.0,0.0,0.5,0.0,0.0,0.0,0.5,0.5,0.0,,0.0,True,Qwen/Qwen2.5-Coder-7B-Instruct,None
2059,Pie,Hard,17.8991,35.7982,2,0.5,0.0,0.0,0.0,0.5,0.0,0.0,0.0,0.5,0.5,0.0,,0.0,True,Qwen/Qwen2.5-Coder-7B-Instruct,None
2059,Pie,Hard,17.8991,35.7982,2,0.5,0.0,0.0,0.0,0.5,0.0,0.0,0.0,0.5,0.5,0.0,,0.0,True,Qwen/Qwen2.5-Coder-7B-Instruct,None
2065,Pie,Medium,3.9231,11.7692,3,0.0,0.0,0.0,0.0,0.0,0.0,0.0,0.0,0.0,0.0,1.0,0.0,0.0,False,Qwen/Qwen2.5-Coder-7B-Instruct,None
2065,Pie,Medium,3.9231,11.7692,3,0.0,0.0,0.0,0.0,0.0,0.0,0.0,0.0,0.0,0.0,1.0,0.0,0.0,False,Qwen/Qwen2.5-Coder-7B-Instruct,None
2065,Pie,Medium,3.9231,11.7692,3,0.0,0.0,0.0,0.0,0.0,0.0,0.0,0.0,0.0,0.0,1.0,0.0,0.0,False,Qwen/Qwen2.5-Coder-7B-Instruct,None
2067,Pie,Medium,7.4292,14.8584,2,0.0,0.0,0.0,0.0,0.0,0.0,0.0,0.0,0.0,0.0,1.0,0.0,0.0,False,Qwen/Qwen2.5-Coder-7B-Instruct,None
2067,Pie,Medium,7.4292,14.8584,2,0.0,0.0,0.0,0.0,0.0,0.0,0.0,0.0,0.0,0.0,1.0,0.0,0.0,False,Qwen/Qwen2.5-Coder-7B-Instruct,None
2067,Pie,Medium,7.4292,14.8584,2,0.0,0.0,0.0,0.0,0.0,0.0,0.0,0.0,0.0,0.0,1.0,0.0,0.0,False,Qwen/Qwen2.5-Coder-7B-Instruct,None
2071,Pie,Medium,5.7739,11.5478,2,0.0,0.0,0.0,0.0,0.0,0.0,0.0,0.0,0.0,0.0,1.0,0.0,0.0,True,Qwen/Qwen2.5-Coder-7B-Instruct,None
2071,Pie,Medium,5.7739,11.5478,2,0.0,0.0,0.0,0.0,0.0,0.0,0.0,0.0,0.0,0.0,1.0,0.0,0.0,True,Qwen/Qwen2.5-Coder-7B-Instruct,None
2071,Pie,Medium,5.7739,11.5478,2,0.0,0.0,0.0,0.0,0.0,0.0,0.0,0.0,0.0,0.0,1.0,0.0,0.0,True,Qwen/Qwen2.5-Coder-7B-Instruct,None
2074,Pie,Extra Hard,8.6431,8.6431,1,0.0,0.0,0.0,0.0,0.0,0.0,0.0,0.0,0.0,0.0,1.0,0.0,0.0,True,Qwen/Qwen2.5-Coder-7B-Instruct,None
2074,Pie,Extra Hard,8.6431,8.6431,1,0.0,0.0,0.0,0.0,0.0,0.0,0.0,0.0,0.0,0.0,1.0,0.0,0.0,True,Qwen/Qwen2.5-Coder-7B-Instruct,None
2074,Pie,Extra Hard,8.6431,8.6431,1,0.0,0.0,0.0,0.0,0.0,0.0,0.0,0.0,0.0,0.0,1.0,0.0,0.0,True,Qwen/Qwen2.5-Coder-7B-Instruct,None
2093,Pie,Medium,6.4708,12.9415,2,0.0,0.0,0.0,0.0,0.5,0.0,0.0,0.0,0.0,0.5,0.5,0.0,0.0,True,Qwen/Qwen2.5-Coder-7B-Instruct,None
2093,Pie,Medium,6.4708,12.9415,2,0.0,0.0,0.0,0.0,0.5,0.0,0.0,0.0,0.0,0.5,0.5,0.0,0.0,True,Qwen/Qwen2.5-Coder-7B-Instruct,None
2093,Pie,Medium,6.4708,12.9415,2,0.0,0.0,0.0,0.0,0.5,0.0,0.0,0.0,0.0,0.5,0.5,0.0,0.0,True,Qwen/Qwen2.5-Coder-7B-Instruct,None
2096,Bar,Medium,6.8696,6.8696,1,0.0,0.0,0.0,0.0,0.0,0.0,0.0,0.0,0.0,0.0,1.0,0.0,0.0,True,Qwen/Qwen2.5-Coder-7B-Instruct,None
2096,Bar,Medium,6.8696,6.8696,1,0.0,0.0,0.0,0.0,0.0,0.0,0.0,0.0,0.0,0.0,1.0,0.0,0.0,True,Qwen/Qwen2.5-Coder-7B-Instruct,None
2096,Bar,Medium,6.8696,6.8696,1,0.0,0.0,0.0,0.0,0.0,0.0,0.0,0.0,0.0,0.0,1.0,0.0,0.0,True,Qwen/Qwen2.5-Coder-7B-Instruct,None
2110,Bar,Easy,9.9164,19.8327,2,0.0,0.0,0.0,0.0,0.5,0.0,0.0,0.0,0.0,0.5,0.5,0.0,0.0,False,Qwen/Qwen2.5-Coder-7B-Instruct,None
2110,Bar,Easy,9.9164,19.8327,2,0.0,0.0,0.0,0.0,0.5,0.0,0.0,0.0,0.0,0.5,0.5,0.0,0.0,False,Qwen/Qwen2.5-Coder-7B-Instruct,None
2110,Bar,Easy,9.9164,19.8327,2,0.0,0.0,0.0,0.0,0.5,0.0,0.0,0.0,0.0,0.5,0.5,0.0,0.0,False,Qwen/Qwen2.5-Coder-7B-Instruct,None
2119,Bar,Easy,13.2663,26.5327,2,0.0,0.0,0.0,0.0,0.0,0.0,0.0,0.0,0.0,0.0,1.0,0.0,0.0,False,Qwen/Qwen2.5-Coder-7B-Instruct,None
2119,Bar,Easy,13.2663,26.5327,2,0.0,0.0,0.0,0.0,0.0,0.0,0.0,0.0,0.0,0.0,1.0,0.0,0.0,False,Qwen/Qwen2.5-Coder-7B-Instruct,None
2119,Bar,Easy,13.2663,26.5327,2,0.0,0.0,0.0,0.0,0.0,0.0,0.0,0.0,0.0,0.0,1.0,0.0,0.0,False,Qwen/Qwen2.5-Coder-7B-Instruct,None
2132,Pie,Hard,6.0869,6.0869,1,0.0,0.0,0.0,0.0,0.0,0.0,0.0,0.0,0.0,0.0,1.0,0.0,0.0,True,Qwen/Qwen2.5-Coder-7B-Instruct,None
2132,Pie,Hard,6.0869,6.0869,1,0.0,0.0,0.0,0.0,0.0,0.0,0.0,0.0,0.0,0.0,1.0,0.0,0.0,True,Qwen/Qwen2.5-Coder-7B-Instruct,None
2132,Pie,Hard,6.0869,6.0869,1,0.0,0.0,0.0,0.0,0.0,0.0,0.0,0.0,0.0,0.0,1.0,0.0,0.0,True,Qwen/Qwen2.5-Coder-7B-Instruct,None
2144,Bar,Medium,26.71,26.71,1,0.0,0.0,0.0,0.0,1.0,0.0,0.0,0.0,0.0,1.0,0.0,,0.0,True,Qwen/Qwen2.5-Coder-7B-Instruct,None
2144,Bar,Medium,26.71,26.71,1,0.0,0.0,0.0,0.0,1.0,0.0,0.0,0.0,0.0,1.0,0.0,,0.0,True,Qwen/Qwen2.5-Coder-7B-Instruct,None
2144,Bar,Medium,26.71,26.71,1,0.0,0.0,0.0,0.0,1.0,0.0,0.0,0.0,0.0,1.0,0.0,,0.0,True,Qwen/Qwen2.5-Coder-7B-Instruct,None
2155,Pie,Hard,7.6,7.6,1,0.0,0.0,0.0,0.0,0.0,0.0,0.0,0.0,0.0,0.0,1.0,0.0,0.0,True,Qwen/Qwen2.5-Coder-7B-Instruct,None
2155,Pie,Hard,7.6,7.6,1,0.0,0.0,0.0,0.0,0.0,0.0,0.0,0.0,0.0,0.0,1.0,0.0,0.0,True,Qwen/Qwen2.5-Coder-7B-Instruct,None
2155,Pie,Hard,7.6,7.6,1,0.0,0.0,0.0,0.0,0.0,0.0,0.0,0.0,0.0,0.0,1.0,0.0,0.0,True,Qwen/Qwen2.5-Coder-7B-Instruct,None
2161,Pie,Hard,21.1857,63.5572,3,0.6666666666666666,0.0,0.0,0.0,0.0,0.0,0.0,0.0,0.6666666666666666,0.0,0.3333333333333333,0.0,0.0,True,Qwen/Qwen2.5-Coder-7B-Instruct,None
2161,Pie,Hard,21.1857,63.5572,3,0.6666666666666666,0.0,0.0,0.0,0.0,0.0,0.0,0.0,0.6666666666666666,0.0,0.3333333333333333,0.0,0.0,True,Qwen/Qwen2.5-Coder-7B-Instruct,None
2161,Pie,Hard,21.1857,63.5572,3,0.6666666666666666,0.0,0.0,0.0,0.0,0.0,0.0,0.0,0.6666666666666666,0.0,0.3333333333333333,0.0,0.0,True,Qwen/Qwen2.5-Coder-7B-Instruct,None
2166,Pie,Medium,6.4754,6.4754,1,0.0,0.0,0.0,0.0,0.0,0.0,0.0,0.0,0.0,0.0,1.0,0.0,0.0,True,Qwen/Qwen2.5-Coder-7B-Instruct,None
2166,Pie,Medium,6.4754,6.4754,1,0.0,0.0,0.0,0.0,0.0,0.0,0.0,0.0,0.0,0.0,1.0,0.0,0.0,True,Qwen/Qwen2.5-Coder-7B-Instruct,None
2166,Pie,Medium,6.4754,6.4754,1,0.0,0.0,0.0,0.0,0.0,0.0,0.0,0.0,0.0,0.0,1.0,0.0,0.0,True,Qwen/Qwen2.5-Coder-7B-Instruct,None
2167,Bar,Medium,6.6159,19.8476,3,0.0,0.0,0.0,0.0,0.0,0.0,0.0,0.0,0.0,0.0,1.0,0.0,0.0,True,Qwen/Qwen2.5-Coder-7B-Instruct,None
2167,Bar,Medium,6.6159,19.8476,3,0.0,0.0,0.0,0.0,0.0,0.0,0.0,0.0,0.0,0.0,1.0,0.0,0.0,True,Qwen/Qwen2.5-Coder-7B-Instruct,None
2167,Bar,Medium,6.6159,19.8476,3,0.0,0.0,0.0,0.0,0.0,0.0,0.0,0.0,0.0,0.0,1.0,0.0,0.0,True,Qwen/Qwen2.5-Coder-7B-Instruct,None
2168,Pie,Easy,4.7765,14.3294,3,0.0,0.0,0.0,0.0,0.0,0.0,0.0,0.0,0.0,0.0,1.0,0.0,0.0,False,Qwen/Qwen2.5-Coder-7B-Instruct,None
2168,Pie,Easy,4.7765,14.3294,3,0.0,0.0,0.0,0.0,0.0,0.0,0.0,0.0,0.0,0.0,1.0,0.0,0.0,False,Qwen/Qwen2.5-Coder-7B-Instruct,None
2168,Pie,Easy,4.7765,14.3294,3,0.0,0.0,0.0,0.0,0.0,0.0,0.0,0.0,0.0,0.0,1.0,0.0,0.0,False,Qwen/Qwen2.5-Coder-7B-Instruct,None
2170,Pie,Hard,13.5858,13.5858,1,0.0,0.0,0.0,0.0,0.0,0.0,0.0,0.0,0.0,0.0,1.0,0.0,0.0,True,Qwen/Qwen2.5-Coder-7B-Instruct,None
2170,Pie,Hard,13.5858,13.5858,1,0.0,0.0,0.0,0.0,0.0,0.0,0.0,0.0,0.0,0.0,1.0,0.0,0.0,True,Qwen/Qwen2.5-Coder-7B-Instruct,None
2170,Pie,Hard,13.5858,13.5858,1,0.0,0.0,0.0,0.0,0.0,0.0,0.0,0.0,0.0,0.0,1.0,0.0,0.0,True,Qwen/Qwen2.5-Coder-7B-Instruct,None
2171,Bar,Hard,24.8331,74.4992,3,0.6666666666666666,0.0,0.0,0.0,0.0,0.0,0.0,0.0,0.6666666666666666,0.0,0.3333333333333333,0.0,0.0,True,Qwen/Qwen2.5-Coder-7B-Instruct,None
2171,Bar,Hard,24.8331,74.4992,3,0.6666666666666666,0.0,0.0,0.0,0.0,0.0,0.0,0.0,0.6666666666666666,0.0,0.3333333333333333,0.0,0.0,True,Qwen/Qwen2.5-Coder-7B-Instruct,None
2171,Bar,Hard,24.8331,74.4992,3,0.6666666666666666,0.0,0.0,0.0,0.0,0.0,0.0,0.0,0.6666666666666666,0.0,0.3333333333333333,0.0,0.0,True,Qwen/Qwen2.5-Coder-7B-Instruct,None
2172,Bar,Medium,4.145,12.435,3,0.0,0.0,0.0,0.0,0.0,0.0,0.0,0.0,0.0,0.0,1.0,0.0,0.0,False,Qwen/Qwen2.5-Coder-7B-Instruct,None
2172,Bar,Medium,4.145,12.435,3,0.0,0.0,0.0,0.0,0.0,0.0,0.0,0.0,0.0,0.0,1.0,0.0,0.0,False,Qwen/Qwen2.5-Coder-7B-Instruct,None
2172,Bar,Medium,4.145,12.435,3,0.0,0.0,0.0,0.0,0.0,0.0,0.0,0.0,0.0,0.0,1.0,0.0,0.0,False,Qwen/Qwen2.5-Coder-7B-Instruct,None
2174,Bar,Easy,10.6726,10.6726,1,0.0,0.0,0.0,0.0,1.0,0.0,0.0,0.0,0.0,1.0,0.0,,0.0,False,Qwen/Qwen2.5-Coder-7B-Instruct,None
2174,Bar,Easy,10.6726,10.6726,1,0.0,0.0,0.0,0.0,1.0,0.0,0.0,0.0,0.0,1.0,0.0,,0.0,False,Qwen/Qwen2.5-Coder-7B-Instruct,None
2174,Bar,Easy,10.6726,10.6726,1,0.0,0.0,0.0,0.0,1.0,0.0,0.0,0.0,0.0,1.0,0.0,,0.0,False,Qwen/Qwen2.5-Coder-7B-Instruct,None
2180,Bar,Easy,3.3154,9.9461,3,0.0,0.0,0.0,0.0,0.0,0.0,0.0,0.0,0.0,0.0,1.0,0.0,0.0,False,Qwen/Qwen2.5-Coder-7B-Instruct,None
2180,Bar,Easy,3.3154,9.9461,3,0.0,0.0,0.0,0.0,0.0,0.0,0.0,0.0,0.0,0.0,1.0,0.0,0.0,False,Qwen/Qwen2.5-Coder-7B-Instruct,None
2180,Bar,Easy,3.3154,9.9461,3,0.0,0.0,0.0,0.0,0.0,0.0,0.0,0.0,0.0,0.0,1.0,0.0,0.0,False,Qwen/Qwen2.5-Coder-7B-Instruct,None
2181,Bar,Easy,4.1884,16.7537,4,0.0,0.0,0.0,0.0,0.0,0.0,0.0,0.0,0.0,0.0,1.0,0.0,0.0,False,Qwen/Qwen2.5-Coder-7B-Instruct,None
2181,Bar,Easy,4.1884,16.7537,4,0.0,0.0,0.0,0.0,0.0,0.0,0.0,0.0,0.0,0.0,1.0,0.0,0.0,False,Qwen/Qwen2.5-Coder-7B-Instruct,None
2181,Bar,Easy,4.1884,16.7537,4,0.0,0.0,0.0,0.0,0.0,0.0,0.0,0.0,0.0,0.0,1.0,0.0,0.0,False,Qwen/Qwen2.5-Coder-7B-Instruct,None
2218,Bar,Medium,7.598,37.9899,5,0.0,0.0,0.0,0.0,0.0,0.0,0.0,0.0,0.0,0.0,1.0,0.0,0.0,True,Qwen/Qwen2.5-Coder-7B-Instruct,None
2218,Bar,Medium,7.598,37.9899,5,0.0,0.0,0.0,0.0,0.0,0.0,0.0,0.0,0.0,0.0,1.0,0.0,0.0,True,Qwen/Qwen2.5-Coder-7B-Instruct,None
2218,Bar,Medium,7.598,37.9899,5,0.0,0.0,0.0,0.0,0.0,0.0,0.0,0.0,0.0,0.0,1.0,0.0,0.0,True,Qwen/Qwen2.5-Coder-7B-Instruct,None
2219,Bar,Medium,7.2992,29.1966,4,0.0,0.0,0.0,0.0,0.25,0.0,0.0,0.0,0.0,0.25,0.75,0.0,0.0,True,Qwen/Qwen2.5-Coder-7B-Instruct,None
2219,Bar,Medium,7.2992,29.1966,4,0.0,0.0,0.0,0.0,0.25,0.0,0.0,0.0,0.0,0.25,0.75,0.0,0.0,True,Qwen/Qwen2.5-Coder-7B-Instruct,None
2219,Bar,Medium,7.2992,29.1966,4,0.0,0.0,0.0,0.0,0.25,0.0,0.0,0.0,0.0,0.25,0.75,0.0,0.0,True,Qwen/Qwen2.5-Coder-7B-Instruct,None
2226,Bar,Medium,6.95,34.75,5,0.0,0.0,0.0,0.0,0.0,0.0,0.0,0.0,0.0,0.0,1.0,0.0,0.0,True,Qwen/Qwen2.5-Coder-7B-Instruct,None
2226,Bar,Medium,6.95,34.75,5,0.0,0.0,0.0,0.0,0.0,0.0,0.0,0.0,0.0,0.0,1.0,0.0,0.0,True,Qwen/Qwen2.5-Coder-7B-Instruct,None
2226,Bar,Medium,6.95,34.75,5,0.0,0.0,0.0,0.0,0.0,0.0,0.0,0.0,0.0,0.0,1.0,0.0,0.0,True,Qwen/Qwen2.5-Coder-7B-Instruct,None
2229,Bar,Medium,7.5083,37.5417,5,0.0,0.0,0.0,0.0,0.0,0.0,0.0,0.0,0.0,0.0,1.0,0.0,0.0,True,Qwen/Qwen2.5-Coder-7B-Instruct,None
2229,Bar,Medium,7.5083,37.5417,5,0.0,0.0,0.0,0.0,0.0,0.0,0.0,0.0,0.0,0.0,1.0,0.0,0.0,True,Qwen/Qwen2.5-Coder-7B-Instruct,None
2229,Bar,Medium,7.5083,37.5417,5,0.0,0.0,0.0,0.0,0.0,0.0,0.0,0.0,0.0,0.0,1.0,0.0,0.0,True,Qwen/Qwen2.5-Coder-7B-Instruct,None
2230,Bar,Medium,7.3622,36.8111,5,0.0,0.0,0.0,0.0,0.2,0.0,0.0,0.0,0.0,0.2,0.8,0.0,0.0,True,Qwen/Qwen2.5-Coder-7B-Instruct,None
2230,Bar,Medium,7.3622,36.8111,5,0.0,0.0,0.0,0.0,0.2,0.0,0.0,0.0,0.0,0.2,0.8,0.0,0.0,True,Qwen/Qwen2.5-Coder-7B-Instruct,None
2230,Bar,Medium,7.3622,36.8111,5,0.0,0.0,0.0,0.0,0.2,0.0,0.0,0.0,0.0,0.2,0.8,0.0,0.0,True,Qwen/Qwen2.5-Coder-7B-Instruct,None
2270,Scatter,Easy,7.7096,30.8386,4,0.0,0.0,0.0,0.0,0.0,0.0,0.0,0.0,0.0,0.0,1.0,0.0,0.0,True,Qwen/Qwen2.5-Coder-7B-Instruct,None
2270,Scatter,Easy,7.7096,30.8386,4,0.0,0.0,0.0,0.0,0.0,0.0,0.0,0.0,0.0,0.0,1.0,0.0,0.0,True,Qwen/Qwen2.5-Coder-7B-Instruct,None
2270,Scatter,Easy,7.7096,30.8386,4,0.0,0.0,0.0,0.0,0.0,0.0,0.0,0.0,0.0,0.0,1.0,0.0,0.0,True,Qwen/Qwen2.5-Coder-7B-Instruct,None
2280,Grouping Scatter,Medium,22.3674,44.7347,2,1.0,0.0,0.0,0.0,0.0,0.0,0.0,0.0,1.0,0.0,0.0,,0.0,True,Qwen/Qwen2.5-Coder-7B-Instruct,None
2280,Grouping Scatter,Medium,22.3674,44.7347,2,1.0,0.0,0.0,0.0,0.0,0.0,0.0,0.0,1.0,0.0,0.0,,0.0,True,Qwen/Qwen2.5-Coder-7B-Instruct,None
2280,Grouping Scatter,Medium,22.3674,44.7347,2,1.0,0.0,0.0,0.0,0.0,0.0,0.0,0.0,1.0,0.0,0.0,,0.0,True,Qwen/Qwen2.5-Coder-7B-Instruct,None
2289,Grouping Scatter,Medium,19.7018,98.509,5,0.6,0.0,0.0,0.2,0.4,0.0,0.0,0.0,0.6,0.4,0.0,,0.0,True,Qwen/Qwen2.5-Coder-7B-Instruct,None
2289,Grouping Scatter,Medium,19.7018,98.509,5,0.6,0.0,0.0,0.2,0.4,0.0,0.0,0.0,0.6,0.4,0.0,,0.0,True,Qwen/Qwen2.5-Coder-7B-Instruct,None
2289,Grouping Scatter,Medium,19.7018,98.509,5,0.6,0.0,0.0,0.2,0.4,0.0,0.0,0.0,0.6,0.4,0.0,,0.0,True,Qwen/Qwen2.5-Coder-7B-Instruct,None
2299,Grouping Scatter,Medium,21.822,21.822,1,1.0,0.0,0.0,0.0,0.0,0.0,0.0,0.0,1.0,0.0,0.0,,0.0,True,Qwen/Qwen2.5-Coder-7B-Instruct,None
2299,Grouping Scatter,Medium,21.822,21.822,1,1.0,0.0,0.0,0.0,0.0,0.0,0.0,0.0,1.0,0.0,0.0,,0.0,True,Qwen/Qwen2.5-Coder-7B-Instruct,None
2299,Grouping Scatter,Medium,21.822,21.822,1,1.0,0.0,0.0,0.0,0.0,0.0,0.0,0.0,1.0,0.0,0.0,,0.0,True,Qwen/Qwen2.5-Coder-7B-Instruct,None
2303,Bar,Easy,4.7908,9.5816,2,0.0,0.0,0.0,0.0,0.0,0.0,0.0,0.0,0.0,0.0,1.0,0.0,0.0,False,Qwen/Qwen2.5-Coder-7B-Instruct,None
2303,Bar,Easy,4.7908,9.5816,2,0.0,0.0,0.0,0.0,0.0,0.0,0.0,0.0,0.0,0.0,1.0,0.0,0.0,False,Qwen/Qwen2.5-Coder-7B-Instruct,None
2303,Bar,Easy,4.7908,9.5816,2,0.0,0.0,0.0,0.0,0.0,0.0,0.0,0.0,0.0,0.0,1.0,0.0,0.0,False,Qwen/Qwen2.5-Coder-7B-Instruct,None
2304,Bar,Easy,5.3252,5.3252,1,0.0,0.0,0.0,0.0,0.0,0.0,0.0,0.0,0.0,0.0,1.0,0.0,0.0,False,Qwen/Qwen2.5-Coder-7B-Instruct,None
2304,Bar,Easy,5.3252,5.3252,1,0.0,0.0,0.0,0.0,0.0,0.0,0.0,0.0,0.0,0.0,1.0,0.0,0.0,False,Qwen/Qwen2.5-Coder-7B-Instruct,None
2304,Bar,Easy,5.3252,5.3252,1,0.0,0.0,0.0,0.0,0.0,0.0,0.0,0.0,0.0,0.0,1.0,0.0,0.0,False,Qwen/Qwen2.5-Coder-7B-Instruct,None
2307,Pie,Easy,10.8323,10.8323,1,0.0,0.0,0.0,0.0,1.0,0.0,0.0,0.0,0.0,1.0,0.0,,0.0,False,Qwen/Qwen2.5-Coder-7B-Instruct,None
2307,Pie,Easy,10.8323,10.8323,1,0.0,0.0,0.0,0.0,1.0,0.0,0.0,0.0,0.0,1.0,0.0,,0.0,False,Qwen/Qwen2.5-Coder-7B-Instruct,None
2307,Pie,Easy,10.8323,10.8323,1,0.0,0.0,0.0,0.0,1.0,0.0,0.0,0.0,0.0,1.0,0.0,,0.0,False,Qwen/Qwen2.5-Coder-7B-Instruct,None
2309,Pie,Medium,6.6066,6.6066,1,0.0,0.0,0.0,0.0,1.0,0.0,0.0,0.0,0.0,1.0,0.0,,0.0,True,Qwen/Qwen2.5-Coder-7B-Instruct,None
2309,Pie,Medium,6.6066,6.6066,1,0.0,0.0,0.0,0.0,1.0,0.0,0.0,0.0,0.0,1.0,0.0,,0.0,True,Qwen/Qwen2.5-Coder-7B-Instruct,None
2309,Pie,Medium,6.6066,6.6066,1,0.0,0.0,0.0,0.0,1.0,0.0,0.0,0.0,0.0,1.0,0.0,,0.0,True,Qwen/Qwen2.5-Coder-7B-Instruct,None
2311,Pie,Easy,8.1815,16.3629,2,0.0,0.0,0.0,0.5,1.0,0.0,0.0,0.0,0.0,1.0,0.0,,0.0,False,Qwen/Qwen2.5-Coder-7B-Instruct,None
2311,Pie,Easy,8.1815,16.3629,2,0.0,0.0,0.0,0.5,1.0,0.0,0.0,0.0,0.0,1.0,0.0,,0.0,False,Qwen/Qwen2.5-Coder-7B-Instruct,None
2311,Pie,Easy,8.1815,16.3629,2,0.0,0.0,0.0,0.5,1.0,0.0,0.0,0.0,0.0,1.0,0.0,,0.0,False,Qwen/Qwen2.5-Coder-7B-Instruct,None
2343,Pie,Hard,8.2844,24.8531,3,0.0,0.0,0.0,0.0,1.0,0.0,0.0,0.0,0.0,1.0,0.0,,0.0,True,Qwen/Qwen2.5-Coder-7B-Instruct,None
2343,Pie,Hard,8.2844,24.8531,3,0.0,0.0,0.0,0.0,1.0,0.0,0.0,0.0,0.0,1.0,0.0,,0.0,True,Qwen/Qwen2.5-Coder-7B-Instruct,None
2343,Pie,Hard,8.2844,24.8531,3,0.0,0.0,0.0,0.0,1.0,0.0,0.0,0.0,0.0,1.0,0.0,,0.0,True,Qwen/Qwen2.5-Coder-7B-Instruct,None
2344,Bar,Hard,8.1973,24.592,3,0.0,0.0,0.0,0.0,0.0,0.0,0.0,0.0,0.0,0.0,1.0,0.0,0.0,True,Qwen/Qwen2.5-Coder-7B-Instruct,None
2344,Bar,Hard,8.1973,24.592,3,0.0,0.0,0.0,0.0,0.0,0.0,0.0,0.0,0.0,0.0,1.0,0.0,0.0,True,Qwen/Qwen2.5-Coder-7B-Instruct,None
2344,Bar,Hard,8.1973,24.592,3,0.0,0.0,0.0,0.0,0.0,0.0,0.0,0.0,0.0,0.0,1.0,0.0,0.0,True,Qwen/Qwen2.5-Coder-7B-Instruct,None
2346,Pie,Extra Hard,17.9167,35.8333,2,0.5,0.0,0.0,0.0,0.0,0.0,0.0,0.0,0.5,0.0,0.5,0.0,0.0,True,Qwen/Qwen2.5-Coder-7B-Instruct,None
2346,Pie,Extra Hard,17.9167,35.8333,2,0.5,0.0,0.0,0.0,0.0,0.0,0.0,0.0,0.5,0.0,0.5,0.0,0.0,True,Qwen/Qwen2.5-Coder-7B-Instruct,None
2346,Pie,Extra Hard,17.9167,35.8333,2,0.5,0.0,0.0,0.0,0.0,0.0,0.0,0.0,0.5,0.0,0.5,0.0,0.0,True,Qwen/Qwen2.5-Coder-7B-Instruct,None
2348,Pie,Easy,3.5084,7.0168,2,0.0,0.0,0.0,0.0,0.0,0.0,0.0,0.0,0.0,0.0,1.0,0.0,0.0,False,Qwen/Qwen2.5-Coder-7B-Instruct,None
2348,Pie,Easy,3.5084,7.0168,2,0.0,0.0,0.0,0.0,0.0,0.0,0.0,0.0,0.0,0.0,1.0,0.0,0.0,False,Qwen/Qwen2.5-Coder-7B-Instruct,None
2348,Pie,Easy,3.5084,7.0168,2,0.0,0.0,0.0,0.0,0.0,0.0,0.0,0.0,0.0,0.0,1.0,0.0,0.0,False,Qwen/Qwen2.5-Coder-7B-Instruct,None
2350,Pie,Easy,3.2625,3.2625,1,0.0,0.0,0.0,0.0,0.0,0.0,0.0,0.0,0.0,0.0,1.0,0.0,0.0,False,Qwen/Qwen2.5-Coder-7B-Instruct,None
2350,Pie,Easy,3.2625,3.2625,1,0.0,0.0,0.0,0.0,0.0,0.0,0.0,0.0,0.0,0.0,1.0,0.0,0.0,False,Qwen/Qwen2.5-Coder-7B-Instruct,None
2350,Pie,Easy,3.2625,3.2625,1,0.0,0.0,0.0,0.0,0.0,0.0,0.0,0.0,0.0,0.0,1.0,0.0,0.0,False,Qwen/Qwen2.5-Coder-7B-Instruct,None
2351,Bar,Easy,3.3324,9.9971,3,0.0,0.0,0.0,0.0,0.0,0.0,0.0,0.0,0.0,0.0,1.0,0.0,0.0,False,Qwen/Qwen2.5-Coder-7B-Instruct,None
2351,Bar,Easy,3.3324,9.9971,3,0.0,0.0,0.0,0.0,0.0,0.0,0.0,0.0,0.0,0.0,1.0,0.0,0.0,False,Qwen/Qwen2.5-Coder-7B-Instruct,None
2351,Bar,Easy,3.3324,9.9971,3,0.0,0.0,0.0,0.0,0.0,0.0,0.0,0.0,0.0,0.0,1.0,0.0,0.0,False,Qwen/Qwen2.5-Coder-7B-Instruct,None
2359,Pie,Medium,5.6671,17.0013,3,0.0,0.0,0.0,0.0,1.0,0.0,0.0,0.0,0.0,1.0,0.0,,0.0,True,Qwen/Qwen2.5-Coder-7B-Instruct,None
2359,Pie,Medium,5.6671,17.0013,3,0.0,0.0,0.0,0.0,1.0,0.0,0.0,0.0,0.0,1.0,0.0,,0.0,True,Qwen/Qwen2.5-Coder-7B-Instruct,None
2359,Pie,Medium,5.6671,17.0013,3,0.0,0.0,0.0,0.0,1.0,0.0,0.0,0.0,0.0,1.0,0.0,,0.0,True,Qwen/Qwen2.5-Coder-7B-Instruct,None
2371,Bar,Medium,6.2393,18.7179,3,0.0,0.0,0.0,0.0,0.3333333333333333,0.0,0.0,0.0,0.0,0.3333333333333333,0.6666666666666666,0.0,0.0,True,Qwen/Qwen2.5-Coder-7B-Instruct,None
2371,Bar,Medium,6.2393,18.7179,3,0.0,0.0,0.0,0.0,0.3333333333333333,0.0,0.0,0.0,0.0,0.3333333333333333,0.6666666666666666,0.0,0.0,True,Qwen/Qwen2.5-Coder-7B-Instruct,None
2371,Bar,Medium,6.2393,18.7179,3,0.0,0.0,0.0,0.0,0.3333333333333333,0.0,0.0,0.0,0.0,0.3333333333333333,0.6666666666666666,0.0,0.0,True,Qwen/Qwen2.5-Coder-7B-Instruct,None
2387,Bar,Easy,22.2717,66.8152,3,1.0,0.0,0.0,0.0,0.0,0.0,0.0,0.0,1.0,0.0,0.0,,0.0,True,Qwen/Qwen2.5-Coder-7B-Instruct,None
2387,Bar,Easy,22.2717,66.8152,3,1.0,0.0,0.0,0.0,0.0,0.0,0.0,0.0,1.0,0.0,0.0,,0.0,True,Qwen/Qwen2.5-Coder-7B-Instruct,None
2387,Bar,Easy,22.2717,66.8152,3,1.0,0.0,0.0,0.0,0.0,0.0,0.0,0.0,1.0,0.0,0.0,,0.0,True,Qwen/Qwen2.5-Coder-7B-Instruct,None
2397,Pie,Medium,8.638,8.638,1,0.0,0.0,0.0,0.0,0.0,0.0,0.0,0.0,0.0,0.0,1.0,0.0,0.0,True,Qwen/Qwen2.5-Coder-7B-Instruct,None
2397,Pie,Medium,8.638,8.638,1,0.0,0.0,0.0,0.0,0.0,0.0,0.0,0.0,0.0,0.0,1.0,0.0,0.0,True,Qwen/Qwen2.5-Coder-7B-Instruct,None
2397,Pie,Medium,8.638,8.638,1,0.0,0.0,0.0,0.0,0.0,0.0,0.0,0.0,0.0,0.0,1.0,0.0,0.0,True,Qwen/Qwen2.5-Coder-7B-Instruct,None
2403,Bar,Extra Hard,7.6814,7.6814,1,0.0,0.0,0.0,0.0,0.0,0.0,0.0,0.0,0.0,0.0,1.0,0.0,0.0,True,Qwen/Qwen2.5-Coder-7B-Instruct,None
2403,Bar,Extra Hard,7.6814,7.6814,1,0.0,0.0,0.0,0.0,0.0,0.0,0.0,0.0,0.0,0.0,1.0,0.0,0.0,True,Qwen/Qwen2.5-Coder-7B-Instruct,None
2403,Bar,Extra Hard,7.6814,7.6814,1,0.0,0.0,0.0,0.0,0.0,0.0,0.0,0.0,0.0,0.0,1.0,0.0,0.0,True,Qwen/Qwen2.5-Coder-7B-Instruct,None
2416,Pie,Easy,5.1764,5.1764,1,0.0,0.0,0.0,0.0,0.0,0.0,0.0,0.0,0.0,0.0,1.0,0.0,0.0,False,Qwen/Qwen2.5-Coder-7B-Instruct,None
2416,Pie,Easy,5.1764,5.1764,1,0.0,0.0,0.0,0.0,0.0,0.0,0.0,0.0,0.0,0.0,1.0,0.0,0.0,False,Qwen/Qwen2.5-Coder-7B-Instruct,None
2416,Pie,Easy,5.1764,5.1764,1,0.0,0.0,0.0,0.0,0.0,0.0,0.0,0.0,0.0,0.0,1.0,0.0,0.0,False,Qwen/Qwen2.5-Coder-7B-Instruct,None
2422,Pie,Easy,7.4346,29.7383,4,0.25,0.0,0.0,0.0,0.0,0.0,0.0,0.0,0.25,0.0,0.75,0.0,0.0,False,Qwen/Qwen2.5-Coder-7B-Instruct,None
2422,Pie,Easy,7.4346,29.7383,4,0.25,0.0,0.0,0.0,0.0,0.0,0.0,0.0,0.25,0.0,0.75,0.0,0.0,False,Qwen/Qwen2.5-Coder-7B-Instruct,None
2422,Pie,Easy,7.4346,29.7383,4,0.25,0.0,0.0,0.0,0.0,0.0,0.0,0.0,0.25,0.0,0.75,0.0,0.0,False,Qwen/Qwen2.5-Coder-7B-Instruct,None
2428,Bar,Easy,3.6679,18.3397,5,0.0,0.0,0.0,0.0,0.0,0.0,0.0,0.0,0.0,0.0,1.0,0.0,0.0,False,Qwen/Qwen2.5-Coder-7B-Instruct,None
2428,Bar,Easy,3.6679,18.3397,5,0.0,0.0,0.0,0.0,0.0,0.0,0.0,0.0,0.0,0.0,1.0,0.0,0.0,False,Qwen/Qwen2.5-Coder-7B-Instruct,None
2428,Bar,Easy,3.6679,18.3397,5,0.0,0.0,0.0,0.0,0.0,0.0,0.0,0.0,0.0,0.0,1.0,0.0,0.0,False,Qwen/Qwen2.5-Coder-7B-Instruct,None
2429,Pie,Hard,7.172,14.344,2,0.0,0.0,0.0,0.0,0.5,0.0,0.0,0.0,0.0,0.5,0.5,0.0,0.0,True,Qwen/Qwen2.5-Coder-7B-Instruct,None
2429,Pie,Hard,7.172,14.344,2,0.0,0.0,0.0,0.0,0.5,0.0,0.0,0.0,0.0,0.5,0.5,0.0,0.0,True,Qwen/Qwen2.5-Coder-7B-Instruct,None
2429,Pie,Hard,7.172,14.344,2,0.0,0.0,0.0,0.0,0.5,0.0,0.0,0.0,0.0,0.5,0.5,0.0,0.0,True,Qwen/Qwen2.5-Coder-7B-Instruct,None
2432,Bar,Medium,6.7277,13.4554,2,0.0,0.0,0.0,0.0,0.5,0.0,0.0,0.0,0.0,0.5,0.5,0.0,0.0,True,Qwen/Qwen2.5-Coder-7B-Instruct,None
2432,Bar,Medium,6.7277,13.4554,2,0.0,0.0,0.0,0.0,0.5,0.0,0.0,0.0,0.0,0.5,0.5,0.0,0.0,True,Qwen/Qwen2.5-Coder-7B-Instruct,None
2432,Bar,Medium,6.7277,13.4554,2,0.0,0.0,0.0,0.0,0.5,0.0,0.0,0.0,0.0,0.5,0.5,0.0,0.0,True,Qwen/Qwen2.5-Coder-7B-Instruct,None
2437,Bar,Easy,6.2246,6.2246,1,0.0,0.0,0.0,0.0,1.0,0.0,0.0,0.0,0.0,1.0,0.0,,0.0,False,Qwen/Qwen2.5-Coder-7B-Instruct,None
2437,Bar,Easy,6.2246,6.2246,1,0.0,0.0,0.0,0.0,1.0,0.0,0.0,0.0,0.0,1.0,0.0,,0.0,False,Qwen/Qwen2.5-Coder-7B-Instruct,None
2437,Bar,Easy,6.2246,6.2246,1,0.0,0.0,0.0,0.0,1.0,0.0,0.0,0.0,0.0,1.0,0.0,,0.0,False,Qwen/Qwen2.5-Coder-7B-Instruct,None
2440,Pie,Easy,4.3292,17.3167,4,0.0,0.0,0.0,0.0,0.25,0.0,0.0,0.0,0.0,0.25,0.75,0.0,0.0,False,Qwen/Qwen2.5-Coder-7B-Instruct,None
2440,Pie,Easy,4.3292,17.3167,4,0.0,0.0,0.0,0.0,0.25,0.0,0.0,0.0,0.0,0.25,0.75,0.0,0.0,False,Qwen/Qwen2.5-Coder-7B-Instruct,None
2440,Pie,Easy,4.3292,17.3167,4,0.0,0.0,0.0,0.0,0.25,0.0,0.0,0.0,0.0,0.25,0.75,0.0,0.0,False,Qwen/Qwen2.5-Coder-7B-Instruct,None
2442,Pie,Medium,7.325,29.2998,4,0.0,0.0,0.0,0.25,0.25,0.0,0.0,0.0,0.0,0.5,0.5,0.0,0.0,True,Qwen/Qwen2.5-Coder-7B-Instruct,None
2442,Pie,Medium,7.325,29.2998,4,0.0,0.0,0.0,0.25,0.25,0.0,0.0,0.0,0.0,0.5,0.5,0.0,0.0,True,Qwen/Qwen2.5-Coder-7B-Instruct,None
2442,Pie,Medium,7.325,29.2998,4,0.0,0.0,0.0,0.25,0.25,0.0,0.0,0.0,0.0,0.5,0.5,0.0,0.0,True,Qwen/Qwen2.5-Coder-7B-Instruct,None
2457,Bar,Medium,6.8996,20.6989,3,0.0,0.0,0.0,0.0,0.0,0.0,0.0,0.0,0.0,0.0,1.0,0.0,0.0,True,Qwen/Qwen2.5-Coder-7B-Instruct,None
2457,Bar,Medium,6.8996,20.6989,3,0.0,0.0,0.0,0.0,0.0,0.0,0.0,0.0,0.0,0.0,1.0,0.0,0.0,True,Qwen/Qwen2.5-Coder-7B-Instruct,None
2457,Bar,Medium,6.8996,20.6989,3,0.0,0.0,0.0,0.0,0.0,0.0,0.0,0.0,0.0,0.0,1.0,0.0,0.0,True,Qwen/Qwen2.5-Coder-7B-Instruct,None
2464,Pie,Medium,3.7321,7.4643,2,0.0,0.0,0.0,0.0,0.0,0.0,0.0,0.0,0.0,0.0,1.0,0.0,0.0,False,Qwen/Qwen2.5-Coder-7B-Instruct,None
2464,Pie,Medium,3.7321,7.4643,2,0.0,0.0,0.0,0.0,0.0,0.0,0.0,0.0,0.0,0.0,1.0,0.0,0.0,False,Qwen/Qwen2.5-Coder-7B-Instruct,None
2464,Pie,Medium,3.7321,7.4643,2,0.0,0.0,0.0,0.0,0.0,0.0,0.0,0.0,0.0,0.0,1.0,0.0,0.0,False,Qwen/Qwen2.5-Coder-7B-Instruct,None
2466,Pie,Easy,3.9431,11.8292,3,0.0,0.0,0.0,0.0,0.0,0.0,0.0,0.0,0.0,0.0,1.0,0.0,0.0,False,Qwen/Qwen2.5-Coder-7B-Instruct,None
2466,Pie,Easy,3.9431,11.8292,3,0.0,0.0,0.0,0.0,0.0,0.0,0.0,0.0,0.0,0.0,1.0,0.0,0.0,False,Qwen/Qwen2.5-Coder-7B-Instruct,None
2466,Pie,Easy,3.9431,11.8292,3,0.0,0.0,0.0,0.0,0.0,0.0,0.0,0.0,0.0,0.0,1.0,0.0,0.0,False,Qwen/Qwen2.5-Coder-7B-Instruct,None
2471,Bar,Medium,12.9536,12.9536,1,0.0,0.0,0.0,0.0,1.0,0.0,0.0,0.0,0.0,1.0,0.0,,0.0,True,Qwen/Qwen2.5-Coder-7B-Instruct,None
2471,Bar,Medium,12.9536,12.9536,1,0.0,0.0,0.0,0.0,1.0,0.0,0.0,0.0,0.0,1.0,0.0,,0.0,True,Qwen/Qwen2.5-Coder-7B-Instruct,None
2471,Bar,Medium,12.9536,12.9536,1,0.0,0.0,0.0,0.0,1.0,0.0,0.0,0.0,0.0,1.0,0.0,,0.0,True,Qwen/Qwen2.5-Coder-7B-Instruct,None
2473,Bar,Easy,4.2834,29.9835,7,0.0,0.0,0.0,0.0,0.5714285714285714,0.0,0.0,0.0,0.0,0.5714285714285714,0.42857142857142855,0.0,0.0,False,Qwen/Qwen2.5-Coder-7B-Instruct,None
2473,Bar,Easy,4.2834,29.9835,7,0.0,0.0,0.0,0.0,0.5714285714285714,0.0,0.0,0.0,0.0,0.5714285714285714,0.42857142857142855,0.0,0.0,False,Qwen/Qwen2.5-Coder-7B-Instruct,None
2473,Bar,Easy,4.2834,29.9835,7,0.0,0.0,0.0,0.0,0.5714285714285714,0.0,0.0,0.0,0.0,0.5714285714285714,0.42857142857142855,0.0,0.0,False,Qwen/Qwen2.5-Coder-7B-Instruct,None
2474,Pie,Medium,29.1993,29.1993,1,1.0,0.0,0.0,0.0,0.0,0.0,0.0,0.0,1.0,0.0,0.0,,0.0,True,Qwen/Qwen2.5-Coder-7B-Instruct,None
2474,Pie,Medium,29.1993,29.1993,1,1.0,0.0,0.0,0.0,0.0,0.0,0.0,0.0,1.0,0.0,0.0,,0.0,True,Qwen/Qwen2.5-Coder-7B-Instruct,None
2474,Pie,Medium,29.1993,29.1993,1,1.0,0.0,0.0,0.0,0.0,0.0,0.0,0.0,1.0,0.0,0.0,,0.0,True,Qwen/Qwen2.5-Coder-7B-Instruct,None
2476,Bar,Medium,6.3155,12.6311,2,0.0,0.0,0.0,0.0,1.0,0.0,0.0,0.0,0.0,1.0,0.0,,0.0,True,Qwen/Qwen2.5-Coder-7B-Instruct,None
2476,Bar,Medium,6.3155,12.6311,2,0.0,0.0,0.0,0.0,1.0,0.0,0.0,0.0,0.0,1.0,0.0,,0.0,True,Qwen/Qwen2.5-Coder-7B-Instruct,None
2476,Bar,Medium,6.3155,12.6311,2,0.0,0.0,0.0,0.0,1.0,0.0,0.0,0.0,0.0,1.0,0.0,,0.0,True,Qwen/Qwen2.5-Coder-7B-Instruct,None
2478,Pie,Medium,19.6405,39.281,2,0.5,0.0,0.0,0.0,0.0,0.0,0.0,0.0,0.5,0.0,0.5,0.0,0.0,True,Qwen/Qwen2.5-Coder-7B-Instruct,None
2478,Pie,Medium,19.6405,39.281,2,0.5,0.0,0.0,0.0,0.0,0.0,0.0,0.0,0.5,0.0,0.5,0.0,0.0,True,Qwen/Qwen2.5-Coder-7B-Instruct,None
2478,Pie,Medium,19.6405,39.281,2,0.5,0.0,0.0,0.0,0.0,0.0,0.0,0.0,0.5,0.0,0.5,0.0,0.0,True,Qwen/Qwen2.5-Coder-7B-Instruct,None
2479,Grouping Scatter,Medium,7.5123,15.0246,2,0.0,0.0,0.0,0.0,0.0,0.0,0.0,0.0,0.0,0.0,1.0,0.0,0.0,True,Qwen/Qwen2.5-Coder-7B-Instruct,None
2479,Grouping Scatter,Medium,7.5123,15.0246,2,0.0,0.0,0.0,0.0,0.0,0.0,0.0,0.0,0.0,0.0,1.0,0.0,0.0,True,Qwen/Qwen2.5-Coder-7B-Instruct,None
2479,Grouping Scatter,Medium,7.5123,15.0246,2,0.0,0.0,0.0,0.0,0.0,0.0,0.0,0.0,0.0,0.0,1.0,0.0,0.0,True,Qwen/Qwen2.5-Coder-7B-Instruct,None
2483,Pie,Easy,4.1234,8.2467,2,0.0,0.0,0.0,0.0,0.0,0.0,0.0,0.0,0.0,0.0,1.0,0.0,0.0,False,Qwen/Qwen2.5-Coder-7B-Instruct,None
2483,Pie,Easy,4.1234,8.2467,2,0.0,0.0,0.0,0.0,0.0,0.0,0.0,0.0,0.0,0.0,1.0,0.0,0.0,False,Qwen/Qwen2.5-Coder-7B-Instruct,None
2483,Pie,Easy,4.1234,8.2467,2,0.0,0.0,0.0,0.0,0.0,0.0,0.0,0.0,0.0,0.0,1.0,0.0,0.0,False,Qwen/Qwen2.5-Coder-7B-Instruct,None
2485,Pie,Easy,3.6156,7.2313,2,0.0,0.0,0.0,0.0,0.0,0.0,0.0,0.0,0.0,0.0,1.0,0.0,0.0,False,Qwen/Qwen2.5-Coder-7B-Instruct,None
2485,Pie,Easy,3.6156,7.2313,2,0.0,0.0,0.0,0.0,0.0,0.0,0.0,0.0,0.0,0.0,1.0,0.0,0.0,False,Qwen/Qwen2.5-Coder-7B-Instruct,None
2485,Pie,Easy,3.6156,7.2313,2,0.0,0.0,0.0,0.0,0.0,0.0,0.0,0.0,0.0,0.0,1.0,0.0,0.0,False,Qwen/Qwen2.5-Coder-7B-Instruct,None
2489,Pie,Easy,4.9646,14.8938,3,0.0,0.0,0.0,0.0,0.0,0.0,0.0,0.0,0.0,0.0,1.0,0.0,0.0,False,Qwen/Qwen2.5-Coder-7B-Instruct,None
2489,Pie,Easy,4.9646,14.8938,3,0.0,0.0,0.0,0.0,0.0,0.0,0.0,0.0,0.0,0.0,1.0,0.0,0.0,False,Qwen/Qwen2.5-Coder-7B-Instruct,None
2489,Pie,Easy,4.9646,14.8938,3,0.0,0.0,0.0,0.0,0.0,0.0,0.0,0.0,0.0,0.0,1.0,0.0,0.0,False,Qwen/Qwen2.5-Coder-7B-Instruct,None
2503,Bar,Easy,3.3839,23.6876,7,0.0,0.0,0.0,0.0,0.0,0.0,0.0,0.0,0.0,0.0,1.0,0.0,0.0,False,Qwen/Qwen2.5-Coder-7B-Instruct,None
2503,Bar,Easy,3.3839,23.6876,7,0.0,0.0,0.0,0.0,0.0,0.0,0.0,0.0,0.0,0.0,1.0,0.0,0.0,False,Qwen/Qwen2.5-Coder-7B-Instruct,None
2503,Bar,Easy,3.3839,23.6876,7,0.0,0.0,0.0,0.0,0.0,0.0,0.0,0.0,0.0,0.0,1.0,0.0,0.0,False,Qwen/Qwen2.5-Coder-7B-Instruct,None
2506,Pie,Easy,9.4328,28.2985,3,0.3333333333333333,0.0,0.0,0.0,0.6666666666666666,0.0,0.0,0.0,0.3333333333333333,0.6666666666666666,0.0,,0.0,False,Qwen/Qwen2.5-Coder-7B-Instruct,None
2506,Pie,Easy,9.4328,28.2985,3,0.3333333333333333,0.0,0.0,0.0,0.6666666666666666,0.0,0.0,0.0,0.3333333333333333,0.6666666666666666,0.0,,0.0,False,Qwen/Qwen2.5-Coder-7B-Instruct,None
2506,Pie,Easy,9.4328,28.2985,3,0.3333333333333333,0.0,0.0,0.0,0.6666666666666666,0.0,0.0,0.0,0.3333333333333333,0.6666666666666666,0.0,,0.0,False,Qwen/Qwen2.5-Coder-7B-Instruct,None
2508,Pie,Medium,6.4496,32.2478,5,0.0,0.0,0.0,0.0,0.4,0.0,0.0,0.0,0.0,0.4,0.6,0.0,0.0,True,Qwen/Qwen2.5-Coder-7B-Instruct,None
2508,Pie,Medium,6.4496,32.2478,5,0.0,0.0,0.0,0.0,0.4,0.0,0.0,0.0,0.0,0.4,0.6,0.0,0.0,True,Qwen/Qwen2.5-Coder-7B-Instruct,None
2508,Pie,Medium,6.4496,32.2478,5,0.0,0.0,0.0,0.0,0.4,0.0,0.0,0.0,0.0,0.4,0.6,0.0,0.0,True,Qwen/Qwen2.5-Coder-7B-Instruct,None
2512,Pie,Medium,12.9434,38.8303,3,0.0,0.0,0.0,0.3333333333333333,1.0,0.0,0.0,0.0,0.0,1.0,0.0,,0.0,True,Qwen/Qwen2.5-Coder-7B-Instruct,None
2512,Pie,Medium,12.9434,38.8303,3,0.0,0.0,0.0,0.3333333333333333,1.0,0.0,0.0,0.0,0.0,1.0,0.0,,0.0,True,Qwen/Qwen2.5-Coder-7B-Instruct,None
2512,Pie,Medium,12.9434,38.8303,3,0.0,0.0,0.0,0.3333333333333333,1.0,0.0,0.0,0.0,0.0,1.0,0.0,,0.0,True,Qwen/Qwen2.5-Coder-7B-Instruct,None
2516,Pie,Medium,20.7432,41.4864,2,1.0,0.0,0.0,0.0,0.0,0.0,0.0,0.0,1.0,0.0,0.0,,0.0,False,Qwen/Qwen2.5-Coder-7B-Instruct,None
2516,Pie,Medium,20.7432,41.4864,2,1.0,0.0,0.0,0.0,0.0,0.0,0.0,0.0,1.0,0.0,0.0,,0.0,False,Qwen/Qwen2.5-Coder-7B-Instruct,None
2516,Pie,Medium,20.7432,41.4864,2,1.0,0.0,0.0,0.0,0.0,0.0,0.0,0.0,1.0,0.0,0.0,,0.0,False,Qwen/Qwen2.5-Coder-7B-Instruct,None
2526,Pie,Easy,3.5725,7.1451,2,0.0,0.0,0.0,0.0,1.0,0.0,0.0,0.0,0.0,1.0,0.0,,0.0,False,Qwen/Qwen2.5-Coder-7B-Instruct,None
2526,Pie,Easy,3.5725,7.1451,2,0.0,0.0,0.0,0.0,1.0,0.0,0.0,0.0,0.0,1.0,0.0,,0.0,False,Qwen/Qwen2.5-Coder-7B-Instruct,None
2526,Pie,Easy,3.5725,7.1451,2,0.0,0.0,0.0,0.0,1.0,0.0,0.0,0.0,0.0,1.0,0.0,,0.0,False,Qwen/Qwen2.5-Coder-7B-Instruct,None
2536,Pie,Hard,12.045,24.09,2,0.0,0.0,0.0,0.0,0.0,0.0,0.0,0.0,0.0,0.0,1.0,0.0,0.0,True,Qwen/Qwen2.5-Coder-7B-Instruct,None
2536,Pie,Hard,12.045,24.09,2,0.0,0.0,0.0,0.0,0.0,0.0,0.0,0.0,0.0,0.0,1.0,0.0,0.0,True,Qwen/Qwen2.5-Coder-7B-Instruct,None
2536,Pie,Hard,12.045,24.09,2,0.0,0.0,0.0,0.0,0.0,0.0,0.0,0.0,0.0,0.0,1.0,0.0,0.0,True,Qwen/Qwen2.5-Coder-7B-Instruct,None
2543,Pie,Easy,3.6708,3.6708,1,0.0,0.0,0.0,0.0,0.0,0.0,0.0,0.0,0.0,0.0,1.0,0.0,0.0,False,Qwen/Qwen2.5-Coder-7B-Instruct,None
2543,Pie,Easy,3.6708,3.6708,1,0.0,0.0,0.0,0.0,0.0,0.0,0.0,0.0,0.0,0.0,1.0,0.0,0.0,False,Qwen/Qwen2.5-Coder-7B-Instruct,None
2543,Pie,Easy,3.6708,3.6708,1,0.0,0.0,0.0,0.0,0.0,0.0,0.0,0.0,0.0,0.0,1.0,0.0,0.0,False,Qwen/Qwen2.5-Coder-7B-Instruct,None
2548,Scatter,Easy,8.4322,16.8643,2,0.0,0.5,0.0,0.0,0.0,0.0,0.0,0.0,0.5,0.0,0.5,0.0,0.0,False,Qwen/Qwen2.5-Coder-7B-Instruct,None
2548,Scatter,Easy,8.4322,16.8643,2,0.0,0.5,0.0,0.0,0.0,0.0,0.0,0.0,0.5,0.0,0.5,0.0,0.0,False,Qwen/Qwen2.5-Coder-7B-Instruct,None
2548,Scatter,Easy,8.4322,16.8643,2,0.0,0.5,0.0,0.0,0.0,0.0,0.0,0.0,0.5,0.0,0.5,0.0,0.0,False,Qwen/Qwen2.5-Coder-7B-Instruct,None
2549,Pie,Easy,3.7183,7.4366,2,0.0,0.0,0.0,0.0,0.0,0.0,0.0,0.0,0.0,0.0,1.0,0.0,0.0,False,Qwen/Qwen2.5-Coder-7B-Instruct,None
2549,Pie,Easy,3.7183,7.4366,2,0.0,0.0,0.0,0.0,0.0,0.0,0.0,0.0,0.0,0.0,1.0,0.0,0.0,False,Qwen/Qwen2.5-Coder-7B-Instruct,None
2549,Pie,Easy,3.7183,7.4366,2,0.0,0.0,0.0,0.0,0.0,0.0,0.0,0.0,0.0,0.0,1.0,0.0,0.0,False,Qwen/Qwen2.5-Coder-7B-Instruct,None
2550,Grouping Scatter,Easy,8.06,24.1799,3,0.3333333333333333,0.0,0.0,0.0,0.0,0.0,0.0,0.0,0.3333333333333333,0.0,0.6666666666666666,0.0,0.0,False,Qwen/Qwen2.5-Coder-7B-Instruct,None
2550,Grouping Scatter,Easy,8.06,24.1799,3,0.3333333333333333,0.0,0.0,0.0,0.0,0.0,0.0,0.0,0.3333333333333333,0.0,0.6666666666666666,0.0,0.0,False,Qwen/Qwen2.5-Coder-7B-Instruct,None
2550,Grouping Scatter,Easy,8.06,24.1799,3,0.3333333333333333,0.0,0.0,0.0,0.0,0.0,0.0,0.0,0.3333333333333333,0.0,0.6666666666666666,0.0,0.0,False,Qwen/Qwen2.5-Coder-7B-Instruct,None
2564,Pie,Hard,13.3019,13.3019,1,0.0,0.0,0.0,0.0,1.0,0.0,0.0,0.0,0.0,1.0,0.0,,0.0,True,Qwen/Qwen2.5-Coder-7B-Instruct,None
2564,Pie,Hard,13.3019,13.3019,1,0.0,0.0,0.0,0.0,1.0,0.0,0.0,0.0,0.0,1.0,0.0,,0.0,True,Qwen/Qwen2.5-Coder-7B-Instruct,None
2564,Pie,Hard,13.3019,13.3019,1,0.0,0.0,0.0,0.0,1.0,0.0,0.0,0.0,0.0,1.0,0.0,,0.0,True,Qwen/Qwen2.5-Coder-7B-Instruct,None
2567,Pie,Easy,3.1587,3.1587,1,0.0,0.0,0.0,0.0,0.0,0.0,0.0,0.0,0.0,0.0,1.0,0.0,0.0,False,Qwen/Qwen2.5-Coder-7B-Instruct,None
2567,Pie,Easy,3.1587,3.1587,1,0.0,0.0,0.0,0.0,0.0,0.0,0.0,0.0,0.0,0.0,1.0,0.0,0.0,False,Qwen/Qwen2.5-Coder-7B-Instruct,None
2567,Pie,Easy,3.1587,3.1587,1,0.0,0.0,0.0,0.0,0.0,0.0,0.0,0.0,0.0,0.0,1.0,0.0,0.0,False,Qwen/Qwen2.5-Coder-7B-Instruct,None
2568,Bar,Easy,3.883,11.649,3,0.0,0.0,0.0,0.0,0.0,0.0,0.0,0.0,0.0,0.0,1.0,0.0,0.0,False,Qwen/Qwen2.5-Coder-7B-Instruct,None
2568,Bar,Easy,3.883,11.649,3,0.0,0.0,0.0,0.0,0.0,0.0,0.0,0.0,0.0,0.0,1.0,0.0,0.0,False,Qwen/Qwen2.5-Coder-7B-Instruct,None
2568,Bar,Easy,3.883,11.649,3,0.0,0.0,0.0,0.0,0.0,0.0,0.0,0.0,0.0,0.0,1.0,0.0,0.0,False,Qwen/Qwen2.5-Coder-7B-Instruct,None
2569,Bar,Easy,4.9252,14.7757,3,0.0,0.0,0.0,0.0,0.0,0.0,0.0,0.0,0.0,0.0,1.0,0.0,0.0,False,Qwen/Qwen2.5-Coder-7B-Instruct,None
2569,Bar,Easy,4.9252,14.7757,3,0.0,0.0,0.0,0.0,0.0,0.0,0.0,0.0,0.0,0.0,1.0,0.0,0.0,False,Qwen/Qwen2.5-Coder-7B-Instruct,None
2569,Bar,Easy,4.9252,14.7757,3,0.0,0.0,0.0,0.0,0.0,0.0,0.0,0.0,0.0,0.0,1.0,0.0,0.0,False,Qwen/Qwen2.5-Coder-7B-Instruct,None
2570,Pie,Easy,5.1249,10.2498,2,0.0,0.0,0.0,0.0,0.0,0.0,0.0,0.0,0.0,0.0,1.0,0.0,0.0,False,Qwen/Qwen2.5-Coder-7B-Instruct,None
2570,Pie,Easy,5.1249,10.2498,2,0.0,0.0,0.0,0.0,0.0,0.0,0.0,0.0,0.0,0.0,1.0,0.0,0.0,False,Qwen/Qwen2.5-Coder-7B-Instruct,None
2570,Pie,Easy,5.1249,10.2498,2,0.0,0.0,0.0,0.0,0.0,0.0,0.0,0.0,0.0,0.0,1.0,0.0,0.0,False,Qwen/Qwen2.5-Coder-7B-Instruct,None
2571,Pie,Easy,3.4833,3.4833,1,0.0,0.0,0.0,0.0,0.0,0.0,0.0,0.0,0.0,0.0,1.0,0.0,0.0,False,Qwen/Qwen2.5-Coder-7B-Instruct,None
2571,Pie,Easy,3.4833,3.4833,1,0.0,0.0,0.0,0.0,0.0,0.0,0.0,0.0,0.0,0.0,1.0,0.0,0.0,False,Qwen/Qwen2.5-Coder-7B-Instruct,None
2571,Pie,Easy,3.4833,3.4833,1,0.0,0.0,0.0,0.0,0.0,0.0,0.0,0.0,0.0,0.0,1.0,0.0,0.0,False,Qwen/Qwen2.5-Coder-7B-Instruct,None
2576,Pie,Medium,6.4054,6.4054,1,0.0,0.0,0.0,0.0,0.0,0.0,0.0,0.0,0.0,0.0,1.0,0.0,0.0,True,Qwen/Qwen2.5-Coder-7B-Instruct,None
2576,Pie,Medium,6.4054,6.4054,1,0.0,0.0,0.0,0.0,0.0,0.0,0.0,0.0,0.0,0.0,1.0,0.0,0.0,True,Qwen/Qwen2.5-Coder-7B-Instruct,None
2576,Pie,Medium,6.4054,6.4054,1,0.0,0.0,0.0,0.0,0.0,0.0,0.0,0.0,0.0,0.0,1.0,0.0,0.0,True,Qwen/Qwen2.5-Coder-7B-Instruct,None
2578,Bar,Hard,11.9792,11.9792,1,0.0,0.0,0.0,0.0,0.0,0.0,0.0,0.0,0.0,0.0,1.0,0.0,0.0,True,Qwen/Qwen2.5-Coder-7B-Instruct,None
2578,Bar,Hard,11.9792,11.9792,1,0.0,0.0,0.0,0.0,0.0,0.0,0.0,0.0,0.0,0.0,1.0,0.0,0.0,True,Qwen/Qwen2.5-Coder-7B-Instruct,None
2578,Bar,Hard,11.9792,11.9792,1,0.0,0.0,0.0,0.0,0.0,0.0,0.0,0.0,0.0,0.0,1.0,0.0,0.0,True,Qwen/Qwen2.5-Coder-7B-Instruct,None
2579,Pie,Medium,5.1118,5.1118,1,0.0,0.0,0.0,0.0,1.0,0.0,0.0,0.0,0.0,1.0,0.0,,0.0,True,Qwen/Qwen2.5-Coder-7B-Instruct,None
2579,Pie,Medium,5.1118,5.1118,1,0.0,0.0,0.0,0.0,1.0,0.0,0.0,0.0,0.0,1.0,0.0,,0.0,True,Qwen/Qwen2.5-Coder-7B-Instruct,None
2579,Pie,Medium,5.1118,5.1118,1,0.0,0.0,0.0,0.0,1.0,0.0,0.0,0.0,0.0,1.0,0.0,,0.0,True,Qwen/Qwen2.5-Coder-7B-Instruct,None
2593,Pie,Easy,3.1948,9.5844,3,0.0,0.0,0.0,0.0,0.0,0.0,0.0,0.0,0.0,0.0,1.0,0.0,0.0,False,Qwen/Qwen2.5-Coder-7B-Instruct,None
2593,Pie,Easy,3.1948,9.5844,3,0.0,0.0,0.0,0.0,0.0,0.0,0.0,0.0,0.0,0.0,1.0,0.0,0.0,False,Qwen/Qwen2.5-Coder-7B-Instruct,None
2593,Pie,Easy,3.1948,9.5844,3,0.0,0.0,0.0,0.0,0.0,0.0,0.0,0.0,0.0,0.0,1.0,0.0,0.0,False,Qwen/Qwen2.5-Coder-7B-Instruct,None
2595,Pie,Hard,7.8172,7.8172,1,0.0,0.0,0.0,0.0,0.0,0.0,0.0,0.0,0.0,0.0,1.0,0.0,0.0,True,Qwen/Qwen2.5-Coder-7B-Instruct,None
2595,Pie,Hard,7.8172,7.8172,1,0.0,0.0,0.0,0.0,0.0,0.0,0.0,0.0,0.0,0.0,1.0,0.0,0.0,True,Qwen/Qwen2.5-Coder-7B-Instruct,None
2595,Pie,Hard,7.8172,7.8172,1,0.0,0.0,0.0,0.0,0.0,0.0,0.0,0.0,0.0,0.0,1.0,0.0,0.0,True,Qwen/Qwen2.5-Coder-7B-Instruct,None
2604,Pie,Easy,4.5808,4.5808,1,0.0,0.0,0.0,0.0,0.0,0.0,0.0,0.0,0.0,0.0,1.0,0.0,0.0,False,Qwen/Qwen2.5-Coder-7B-Instruct,None
2604,Pie,Easy,4.5808,4.5808,1,0.0,0.0,0.0,0.0,0.0,0.0,0.0,0.0,0.0,0.0,1.0,0.0,0.0,False,Qwen/Qwen2.5-Coder-7B-Instruct,None
2604,Pie,Easy,4.5808,4.5808,1,0.0,0.0,0.0,0.0,0.0,0.0,0.0,0.0,0.0,0.0,1.0,0.0,0.0,False,Qwen/Qwen2.5-Coder-7B-Instruct,None
2605,Bar,Easy,4.7647,9.5294,2,0.0,0.0,0.0,0.0,0.5,0.0,0.0,0.0,0.0,0.5,0.5,0.0,0.0,False,Qwen/Qwen2.5-Coder-7B-Instruct,None
2605,Bar,Easy,4.7647,9.5294,2,0.0,0.0,0.0,0.0,0.5,0.0,0.0,0.0,0.0,0.5,0.5,0.0,0.0,False,Qwen/Qwen2.5-Coder-7B-Instruct,None
2605,Bar,Easy,4.7647,9.5294,2,0.0,0.0,0.0,0.0,0.5,0.0,0.0,0.0,0.0,0.5,0.5,0.0,0.0,False,Qwen/Qwen2.5-Coder-7B-Instruct,None
2606,Pie,Easy,5.8593,17.5779,3,0.0,0.0,0.0,0.0,0.0,0.0,0.0,0.0,0.0,0.0,1.0,0.0,0.0,False,Qwen/Qwen2.5-Coder-7B-Instruct,None
2606,Pie,Easy,5.8593,17.5779,3,0.0,0.0,0.0,0.0,0.0,0.0,0.0,0.0,0.0,0.0,1.0,0.0,0.0,False,Qwen/Qwen2.5-Coder-7B-Instruct,None
2606,Pie,Easy,5.8593,17.5779,3,0.0,0.0,0.0,0.0,0.0,0.0,0.0,0.0,0.0,0.0,1.0,0.0,0.0,False,Qwen/Qwen2.5-Coder-7B-Instruct,None
2615,Bar,Hard,6.4553,6.4553,1,0.0,0.0,0.0,0.0,0.0,0.0,0.0,0.0,0.0,0.0,1.0,0.0,0.0,False,Qwen/Qwen2.5-Coder-7B-Instruct,None
2615,Bar,Hard,6.4553,6.4553,1,0.0,0.0,0.0,0.0,0.0,0.0,0.0,0.0,0.0,0.0,1.0,0.0,0.0,False,Qwen/Qwen2.5-Coder-7B-Instruct,None
2615,Bar,Hard,6.4553,6.4553,1,0.0,0.0,0.0,0.0,0.0,0.0,0.0,0.0,0.0,0.0,1.0,0.0,0.0,False,Qwen/Qwen2.5-Coder-7B-Instruct,None
2617,Line,Hard,5.663,5.663,1,0.0,0.0,0.0,0.0,1.0,0.0,0.0,0.0,0.0,1.0,0.0,,0.0,False,Qwen/Qwen2.5-Coder-7B-Instruct,None
2617,Line,Hard,5.663,5.663,1,0.0,0.0,0.0,0.0,1.0,0.0,0.0,0.0,0.0,1.0,0.0,,0.0,False,Qwen/Qwen2.5-Coder-7B-Instruct,None
2617,Line,Hard,5.663,5.663,1,0.0,0.0,0.0,0.0,1.0,0.0,0.0,0.0,0.0,1.0,0.0,,0.0,False,Qwen/Qwen2.5-Coder-7B-Instruct,None
2620,Pie,Extra Hard,10.6945,42.7779,4,0.0,0.0,0.0,0.0,0.0,0.0,0.0,0.0,0.0,0.0,1.0,0.0,0.0,True,Qwen/Qwen2.5-Coder-7B-Instruct,None
2620,Pie,Extra Hard,10.6945,42.7779,4,0.0,0.0,0.0,0.0,0.0,0.0,0.0,0.0,0.0,0.0,1.0,0.0,0.0,True,Qwen/Qwen2.5-Coder-7B-Instruct,None
2620,Pie,Extra Hard,10.6945,42.7779,4,0.0,0.0,0.0,0.0,0.0,0.0,0.0,0.0,0.0,0.0,1.0,0.0,0.0,True,Qwen/Qwen2.5-Coder-7B-Instruct,None
2622,Pie,Easy,4.0908,8.1816,2,0.0,0.0,0.0,0.0,0.0,0.0,0.0,0.0,0.0,0.0,1.0,0.0,0.0,False,Qwen/Qwen2.5-Coder-7B-Instruct,None
2622,Pie,Easy,4.0908,8.1816,2,0.0,0.0,0.0,0.0,0.0,0.0,0.0,0.0,0.0,0.0,1.0,0.0,0.0,False,Qwen/Qwen2.5-Coder-7B-Instruct,None
2622,Pie,Easy,4.0908,8.1816,2,0.0,0.0,0.0,0.0,0.0,0.0,0.0,0.0,0.0,0.0,1.0,0.0,0.0,False,Qwen/Qwen2.5-Coder-7B-Instruct,None
2624,Pie,Easy,5.0218,20.0871,4,0.0,0.0,0.0,0.0,0.0,0.0,0.0,0.0,0.0,0.0,1.0,0.0,0.0,False,Qwen/Qwen2.5-Coder-7B-Instruct,None
2624,Pie,Easy,5.0218,20.0871,4,0.0,0.0,0.0,0.0,0.0,0.0,0.0,0.0,0.0,0.0,1.0,0.0,0.0,False,Qwen/Qwen2.5-Coder-7B-Instruct,None
2624,Pie,Easy,5.0218,20.0871,4,0.0,0.0,0.0,0.0,0.0,0.0,0.0,0.0,0.0,0.0,1.0,0.0,0.0,False,Qwen/Qwen2.5-Coder-7B-Instruct,None
2630,Pie,Easy,7.2703,21.8108,3,0.0,0.0,0.0,0.0,0.0,0.0,0.0,0.0,0.0,0.0,1.0,0.0,0.0,False,Qwen/Qwen2.5-Coder-7B-Instruct,None
2630,Pie,Easy,7.2703,21.8108,3,0.0,0.0,0.0,0.0,0.0,0.0,0.0,0.0,0.0,0.0,1.0,0.0,0.0,False,Qwen/Qwen2.5-Coder-7B-Instruct,None
2630,Pie,Easy,7.2703,21.8108,3,0.0,0.0,0.0,0.0,0.0,0.0,0.0,0.0,0.0,0.0,1.0,0.0,0.0,False,Qwen/Qwen2.5-Coder-7B-Instruct,None
2631,Bar,Easy,4.295,12.8849,3,0.0,0.0,0.0,0.0,0.0,0.0,0.0,0.0,0.0,0.0,1.0,0.0,0.0,False,Qwen/Qwen2.5-Coder-7B-Instruct,None
2631,Bar,Easy,4.295,12.8849,3,0.0,0.0,0.0,0.0,0.0,0.0,0.0,0.0,0.0,0.0,1.0,0.0,0.0,False,Qwen/Qwen2.5-Coder-7B-Instruct,None
2631,Bar,Easy,4.295,12.8849,3,0.0,0.0,0.0,0.0,0.0,0.0,0.0,0.0,0.0,0.0,1.0,0.0,0.0,False,Qwen/Qwen2.5-Coder-7B-Instruct,None
2633,Scatter,Medium,22.4101,22.4101,1,1.0,0.0,0.0,0.0,0.0,0.0,0.0,0.0,1.0,0.0,0.0,,0.0,False,Qwen/Qwen2.5-Coder-7B-Instruct,None
2633,Scatter,Medium,22.4101,22.4101,1,1.0,0.0,0.0,0.0,0.0,0.0,0.0,0.0,1.0,0.0,0.0,,0.0,False,Qwen/Qwen2.5-Coder-7B-Instruct,None
2633,Scatter,Medium,22.4101,22.4101,1,1.0,0.0,0.0,0.0,0.0,0.0,0.0,0.0,1.0,0.0,0.0,,0.0,False,Qwen/Qwen2.5-Coder-7B-Instruct,None
2634,Grouping Scatter,Medium,4.4958,4.4958,1,0.0,0.0,0.0,0.0,0.0,0.0,0.0,0.0,0.0,0.0,1.0,0.0,0.0,False,Qwen/Qwen2.5-Coder-7B-Instruct,None
2634,Grouping Scatter,Medium,4.4958,4.4958,1,0.0,0.0,0.0,0.0,0.0,0.0,0.0,0.0,0.0,0.0,1.0,0.0,0.0,False,Qwen/Qwen2.5-Coder-7B-Instruct,None
2634,Grouping Scatter,Medium,4.4958,4.4958,1,0.0,0.0,0.0,0.0,0.0,0.0,0.0,0.0,0.0,0.0,1.0,0.0,0.0,False,Qwen/Qwen2.5-Coder-7B-Instruct,None
2635,Pie,Medium,15.0877,15.0877,1,0.0,0.0,0.0,0.0,1.0,0.0,0.0,0.0,0.0,1.0,0.0,,0.0,True,Qwen/Qwen2.5-Coder-7B-Instruct,None
2635,Pie,Medium,15.0877,15.0877,1,0.0,0.0,0.0,0.0,1.0,0.0,0.0,0.0,0.0,1.0,0.0,,0.0,True,Qwen/Qwen2.5-Coder-7B-Instruct,None
2635,Pie,Medium,15.0877,15.0877,1,0.0,0.0,0.0,0.0,1.0,0.0,0.0,0.0,0.0,1.0,0.0,,0.0,True,Qwen/Qwen2.5-Coder-7B-Instruct,None
2637,Bar,Easy,4.9843,9.9686,2,0.0,0.0,0.0,0.0,0.0,0.0,0.0,0.0,0.0,0.0,1.0,0.0,0.0,False,Qwen/Qwen2.5-Coder-7B-Instruct,None
2637,Bar,Easy,4.9843,9.9686,2,0.0,0.0,0.0,0.0,0.0,0.0,0.0,0.0,0.0,0.0,1.0,0.0,0.0,False,Qwen/Qwen2.5-Coder-7B-Instruct,None
2637,Bar,Easy,4.9843,9.9686,2,0.0,0.0,0.0,0.0,0.0,0.0,0.0,0.0,0.0,0.0,1.0,0.0,0.0,False,Qwen/Qwen2.5-Coder-7B-Instruct,None
2638,Bar,Easy,4.9371,9.8742,2,0.0,0.0,0.0,0.0,0.5,0.0,0.0,0.0,0.0,0.5,0.5,0.0,0.0,False,Qwen/Qwen2.5-Coder-7B-Instruct,None
2638,Bar,Easy,4.9371,9.8742,2,0.0,0.0,0.0,0.0,0.5,0.0,0.0,0.0,0.0,0.5,0.5,0.0,0.0,False,Qwen/Qwen2.5-Coder-7B-Instruct,None
2638,Bar,Easy,4.9371,9.8742,2,0.0,0.0,0.0,0.0,0.5,0.0,0.0,0.0,0.0,0.5,0.5,0.0,0.0,False,Qwen/Qwen2.5-Coder-7B-Instruct,None
2640,Bar,Medium,5.6282,5.6282,1,0.0,0.0,0.0,0.0,0.0,0.0,0.0,0.0,0.0,0.0,1.0,0.0,0.0,True,Qwen/Qwen2.5-Coder-7B-Instruct,None
2640,Bar,Medium,5.6282,5.6282,1,0.0,0.0,0.0,0.0,0.0,0.0,0.0,0.0,0.0,0.0,1.0,0.0,0.0,True,Qwen/Qwen2.5-Coder-7B-Instruct,None
2640,Bar,Medium,5.6282,5.6282,1,0.0,0.0,0.0,0.0,0.0,0.0,0.0,0.0,0.0,0.0,1.0,0.0,0.0,True,Qwen/Qwen2.5-Coder-7B-Instruct,None
2641,Bar,Medium,6.9631,34.8156,5,0.0,0.0,0.0,0.0,0.0,0.0,0.0,0.0,0.0,0.0,1.0,0.0,0.0,True,Qwen/Qwen2.5-Coder-7B-Instruct,None
2641,Bar,Medium,6.9631,34.8156,5,0.0,0.0,0.0,0.0,0.0,0.0,0.0,0.0,0.0,0.0,1.0,0.0,0.0,True,Qwen/Qwen2.5-Coder-7B-Instruct,None
2641,Bar,Medium,6.9631,34.8156,5,0.0,0.0,0.0,0.0,0.0,0.0,0.0,0.0,0.0,0.0,1.0,0.0,0.0,True,Qwen/Qwen2.5-Coder-7B-Instruct,None
2642,Pie,Easy,3.3817,6.7634,2,0.0,0.0,0.0,0.0,0.0,0.0,0.0,0.0,0.0,0.0,1.0,0.0,0.0,False,Qwen/Qwen2.5-Coder-7B-Instruct,None
2642,Pie,Easy,3.3817,6.7634,2,0.0,0.0,0.0,0.0,0.0,0.0,0.0,0.0,0.0,0.0,1.0,0.0,0.0,False,Qwen/Qwen2.5-Coder-7B-Instruct,None
2642,Pie,Easy,3.3817,6.7634,2,0.0,0.0,0.0,0.0,0.0,0.0,0.0,0.0,0.0,0.0,1.0,0.0,0.0,False,Qwen/Qwen2.5-Coder-7B-Instruct,None
2645,Pie,Easy,6.8331,13.6663,2,0.0,0.0,0.0,0.0,0.0,0.0,0.0,0.0,0.0,0.0,1.0,0.0,0.0,False,Qwen/Qwen2.5-Coder-7B-Instruct,None
2645,Pie,Easy,6.8331,13.6663,2,0.0,0.0,0.0,0.0,0.0,0.0,0.0,0.0,0.0,0.0,1.0,0.0,0.0,False,Qwen/Qwen2.5-Coder-7B-Instruct,None
2645,Pie,Easy,6.8331,13.6663,2,0.0,0.0,0.0,0.0,0.0,0.0,0.0,0.0,0.0,0.0,1.0,0.0,0.0,False,Qwen/Qwen2.5-Coder-7B-Instruct,None
2646,Bar,Medium,7.0648,28.2593,4,0.0,0.0,0.0,0.0,0.0,0.0,0.0,0.0,0.0,0.0,1.0,0.0,0.0,False,Qwen/Qwen2.5-Coder-7B-Instruct,None
2646,Bar,Medium,7.0648,28.2593,4,0.0,0.0,0.0,0.0,0.0,0.0,0.0,0.0,0.0,0.0,1.0,0.0,0.0,False,Qwen/Qwen2.5-Coder-7B-Instruct,None
2646,Bar,Medium,7.0648,28.2593,4,0.0,0.0,0.0,0.0,0.0,0.0,0.0,0.0,0.0,0.0,1.0,0.0,0.0,False,Qwen/Qwen2.5-Coder-7B-Instruct,None
2652,Bar,Medium,3.7453,7.4906,2,0.0,0.0,0.0,0.0,0.0,0.0,0.0,0.0,0.0,0.0,1.0,0.0,0.0,False,Qwen/Qwen2.5-Coder-7B-Instruct,None
2652,Bar,Medium,3.7453,7.4906,2,0.0,0.0,0.0,0.0,0.0,0.0,0.0,0.0,0.0,0.0,1.0,0.0,0.0,False,Qwen/Qwen2.5-Coder-7B-Instruct,None
2652,Bar,Medium,3.7453,7.4906,2,0.0,0.0,0.0,0.0,0.0,0.0,0.0,0.0,0.0,0.0,1.0,0.0,0.0,False,Qwen/Qwen2.5-Coder-7B-Instruct,None
2656,Pie,Hard,5.1217,10.2434,2,0.0,0.0,0.0,0.0,0.0,0.0,0.0,0.0,0.0,0.0,1.0,0.0,0.0,False,Qwen/Qwen2.5-Coder-7B-Instruct,None
2656,Pie,Hard,5.1217,10.2434,2,0.0,0.0,0.0,0.0,0.0,0.0,0.0,0.0,0.0,0.0,1.0,0.0,0.0,False,Qwen/Qwen2.5-Coder-7B-Instruct,None
2656,Pie,Hard,5.1217,10.2434,2,0.0,0.0,0.0,0.0,0.0,0.0,0.0,0.0,0.0,0.0,1.0,0.0,0.0,False,Qwen/Qwen2.5-Coder-7B-Instruct,None
2657,Bar,Hard,4.7848,9.5695,2,0.0,0.0,0.0,0.0,0.0,0.0,0.0,0.0,0.0,0.0,1.0,0.0,0.0,False,Qwen/Qwen2.5-Coder-7B-Instruct,None
2657,Bar,Hard,4.7848,9.5695,2,0.0,0.0,0.0,0.0,0.0,0.0,0.0,0.0,0.0,0.0,1.0,0.0,0.0,False,Qwen/Qwen2.5-Coder-7B-Instruct,None
2657,Bar,Hard,4.7848,9.5695,2,0.0,0.0,0.0,0.0,0.0,0.0,0.0,0.0,0.0,0.0,1.0,0.0,0.0,False,Qwen/Qwen2.5-Coder-7B-Instruct,None
2693,Pie,Medium,5.2448,10.4897,2,0.0,0.0,0.0,0.0,0.0,0.0,0.0,0.0,0.0,0.0,1.0,0.0,0.0,True,Qwen/Qwen2.5-Coder-7B-Instruct,None
2693,Pie,Medium,5.2448,10.4897,2,0.0,0.0,0.0,0.0,0.0,0.0,0.0,0.0,0.0,0.0,1.0,0.0,0.0,True,Qwen/Qwen2.5-Coder-7B-Instruct,None
2693,Pie,Medium,5.2448,10.4897,2,0.0,0.0,0.0,0.0,0.0,0.0,0.0,0.0,0.0,0.0,1.0,0.0,0.0,True,Qwen/Qwen2.5-Coder-7B-Instruct,None
2694,Bar,Medium,5.2809,5.2809,1,0.0,0.0,0.0,0.0,0.0,0.0,0.0,0.0,0.0,0.0,1.0,0.0,0.0,True,Qwen/Qwen2.5-Coder-7B-Instruct,None
2694,Bar,Medium,5.2809,5.2809,1,0.0,0.0,0.0,0.0,0.0,0.0,0.0,0.0,0.0,0.0,1.0,0.0,0.0,True,Qwen/Qwen2.5-Coder-7B-Instruct,None
2694,Bar,Medium,5.2809,5.2809,1,0.0,0.0,0.0,0.0,0.0,0.0,0.0,0.0,0.0,0.0,1.0,0.0,0.0,True,Qwen/Qwen2.5-Coder-7B-Instruct,None
2695,Pie,Easy,4.7452,14.2357,3,0.0,0.0,0.0,0.0,0.0,0.0,0.0,0.0,0.0,0.0,1.0,0.0,0.0,False,Qwen/Qwen2.5-Coder-7B-Instruct,None
2695,Pie,Easy,4.7452,14.2357,3,0.0,0.0,0.0,0.0,0.0,0.0,0.0,0.0,0.0,0.0,1.0,0.0,0.0,False,Qwen/Qwen2.5-Coder-7B-Instruct,None
2695,Pie,Easy,4.7452,14.2357,3,0.0,0.0,0.0,0.0,0.0,0.0,0.0,0.0,0.0,0.0,1.0,0.0,0.0,False,Qwen/Qwen2.5-Coder-7B-Instruct,None
2703,Bar,Medium,5.3191,10.6383,2,0.0,0.0,0.0,0.0,0.0,0.0,0.0,0.0,0.0,0.0,1.0,0.0,0.0,False,Qwen/Qwen2.5-Coder-7B-Instruct,None
2703,Bar,Medium,5.3191,10.6383,2,0.0,0.0,0.0,0.0,0.0,0.0,0.0,0.0,0.0,0.0,1.0,0.0,0.0,False,Qwen/Qwen2.5-Coder-7B-Instruct,None
2703,Bar,Medium,5.3191,10.6383,2,0.0,0.0,0.0,0.0,0.0,0.0,0.0,0.0,0.0,0.0,1.0,0.0,0.0,False,Qwen/Qwen2.5-Coder-7B-Instruct,None
2705,Pie,Easy,4.7752,14.3257,3,0.0,0.0,0.0,0.0,0.0,0.0,0.0,0.0,0.0,0.0,1.0,0.0,0.0,False,Qwen/Qwen2.5-Coder-7B-Instruct,None
2705,Pie,Easy,4.7752,14.3257,3,0.0,0.0,0.0,0.0,0.0,0.0,0.0,0.0,0.0,0.0,1.0,0.0,0.0,False,Qwen/Qwen2.5-Coder-7B-Instruct,None
2705,Pie,Easy,4.7752,14.3257,3,0.0,0.0,0.0,0.0,0.0,0.0,0.0,0.0,0.0,0.0,1.0,0.0,0.0,False,Qwen/Qwen2.5-Coder-7B-Instruct,None
2708,Scatter,Medium,17.2208,34.4416,2,0.5,0.5,0.0,0.0,0.0,0.0,0.0,0.0,1.0,0.0,0.0,,0.0,False,Qwen/Qwen2.5-Coder-7B-Instruct,None
2708,Scatter,Medium,17.2208,34.4416,2,0.5,0.5,0.0,0.0,0.0,0.0,0.0,0.0,1.0,0.0,0.0,,0.0,False,Qwen/Qwen2.5-Coder-7B-Instruct,None
2708,Scatter,Medium,17.2208,34.4416,2,0.5,0.5,0.0,0.0,0.0,0.0,0.0,0.0,1.0,0.0,0.0,,0.0,False,Qwen/Qwen2.5-Coder-7B-Instruct,None
2709,Grouping Scatter,Medium,14.13,42.3901,3,0.6666666666666666,0.0,0.0,0.0,0.0,0.0,0.0,0.0,0.6666666666666666,0.0,0.3333333333333333,0.0,0.0,False,Qwen/Qwen2.5-Coder-7B-Instruct,None
2709,Grouping Scatter,Medium,14.13,42.3901,3,0.6666666666666666,0.0,0.0,0.0,0.0,0.0,0.0,0.0,0.6666666666666666,0.0,0.3333333333333333,0.0,0.0,False,Qwen/Qwen2.5-Coder-7B-Instruct,None
2709,Grouping Scatter,Medium,14.13,42.3901,3,0.6666666666666666,0.0,0.0,0.0,0.0,0.0,0.0,0.0,0.6666666666666666,0.0,0.3333333333333333,0.0,0.0,False,Qwen/Qwen2.5-Coder-7B-Instruct,None
2724,Bar,Easy,4.3534,8.7067,2,0.0,0.0,0.0,0.0,0.0,0.0,0.0,0.0,0.0,0.0,1.0,0.0,0.0,False,Qwen/Qwen2.5-Coder-7B-Instruct,None
2724,Bar,Easy,4.3534,8.7067,2,0.0,0.0,0.0,0.0,0.0,0.0,0.0,0.0,0.0,0.0,1.0,0.0,0.0,False,Qwen/Qwen2.5-Coder-7B-Instruct,None
2724,Bar,Easy,4.3534,8.7067,2,0.0,0.0,0.0,0.0,0.0,0.0,0.0,0.0,0.0,0.0,1.0,0.0,0.0,False,Qwen/Qwen2.5-Coder-7B-Instruct,None
2734,Pie,Medium,9.64,19.28,2,0.0,0.0,0.0,0.0,1.0,0.0,0.0,0.0,0.0,1.0,0.0,,0.0,False,Qwen/Qwen2.5-Coder-7B-Instruct,None
2734,Pie,Medium,9.64,19.28,2,0.0,0.0,0.0,0.0,1.0,0.0,0.0,0.0,0.0,1.0,0.0,,0.0,False,Qwen/Qwen2.5-Coder-7B-Instruct,None
2734,Pie,Medium,9.64,19.28,2,0.0,0.0,0.0,0.0,1.0,0.0,0.0,0.0,0.0,1.0,0.0,,0.0,False,Qwen/Qwen2.5-Coder-7B-Instruct,None
2736,Pie,Medium,5.7974,23.1898,4,0.0,0.0,0.0,0.0,0.0,0.0,0.0,0.0,0.0,0.0,1.0,0.0,0.0,False,Qwen/Qwen2.5-Coder-7B-Instruct,None
2736,Pie,Medium,5.7974,23.1898,4,0.0,0.0,0.0,0.0,0.0,0.0,0.0,0.0,0.0,0.0,1.0,0.0,0.0,False,Qwen/Qwen2.5-Coder-7B-Instruct,None
2736,Pie,Medium,5.7974,23.1898,4,0.0,0.0,0.0,0.0,0.0,0.0,0.0,0.0,0.0,0.0,1.0,0.0,0.0,False,Qwen/Qwen2.5-Coder-7B-Instruct,None
2743,Scatter,Easy,10.6316,10.6316,1,0.0,0.0,0.0,0.0,0.0,0.0,0.0,0.0,0.0,0.0,1.0,0.0,0.0,False,Qwen/Qwen2.5-Coder-7B-Instruct,None
2743,Scatter,Easy,10.6316,10.6316,1,0.0,0.0,0.0,0.0,0.0,0.0,0.0,0.0,0.0,0.0,1.0,0.0,0.0,False,Qwen/Qwen2.5-Coder-7B-Instruct,None
2743,Scatter,Easy,10.6316,10.6316,1,0.0,0.0,0.0,0.0,0.0,0.0,0.0,0.0,0.0,0.0,1.0,0.0,0.0,False,Qwen/Qwen2.5-Coder-7B-Instruct,None
2745,Grouping Scatter,Easy,6.3728,6.3728,1,0.0,0.0,0.0,0.0,0.0,0.0,0.0,0.0,0.0,0.0,1.0,0.0,0.0,False,Qwen/Qwen2.5-Coder-7B-Instruct,None
2745,Grouping Scatter,Easy,6.3728,6.3728,1,0.0,0.0,0.0,0.0,0.0,0.0,0.0,0.0,0.0,0.0,1.0,0.0,0.0,False,Qwen/Qwen2.5-Coder-7B-Instruct,None
2745,Grouping Scatter,Easy,6.3728,6.3728,1,0.0,0.0,0.0,0.0,0.0,0.0,0.0,0.0,0.0,0.0,1.0,0.0,0.0,False,Qwen/Qwen2.5-Coder-7B-Instruct,None
2748,Pie,Medium,4.0747,8.1493,2,0.0,0.0,0.0,0.0,0.0,0.0,0.0,0.0,0.0,0.0,1.0,0.0,0.0,False,Qwen/Qwen2.5-Coder-7B-Instruct,None
2748,Pie,Medium,4.0747,8.1493,2,0.0,0.0,0.0,0.0,0.0,0.0,0.0,0.0,0.0,0.0,1.0,0.0,0.0,False,Qwen/Qwen2.5-Coder-7B-Instruct,None
2748,Pie,Medium,4.0747,8.1493,2,0.0,0.0,0.0,0.0,0.0,0.0,0.0,0.0,0.0,0.0,1.0,0.0,0.0,False,Qwen/Qwen2.5-Coder-7B-Instruct,None
2749,Bar,Medium,4.043,4.043,1,0.0,0.0,0.0,0.0,0.0,0.0,0.0,0.0,0.0,0.0,1.0,0.0,0.0,False,Qwen/Qwen2.5-Coder-7B-Instruct,None
2749,Bar,Medium,4.043,4.043,1,0.0,0.0,0.0,0.0,0.0,0.0,0.0,0.0,0.0,0.0,1.0,0.0,0.0,False,Qwen/Qwen2.5-Coder-7B-Instruct,None
2749,Bar,Medium,4.043,4.043,1,0.0,0.0,0.0,0.0,0.0,0.0,0.0,0.0,0.0,0.0,1.0,0.0,0.0,False,Qwen/Qwen2.5-Coder-7B-Instruct,None
2750,Stacked Bar,Hard,5.9417,11.8835,2,0.0,0.0,0.0,0.0,0.0,0.0,0.0,0.0,0.0,0.0,1.0,0.0,0.0,False,Qwen/Qwen2.5-Coder-7B-Instruct,None
2750,Stacked Bar,Hard,5.9417,11.8835,2,0.0,0.0,0.0,0.0,0.0,0.0,0.0,0.0,0.0,0.0,1.0,0.0,0.0,False,Qwen/Qwen2.5-Coder-7B-Instruct,None
2750,Stacked Bar,Hard,5.9417,11.8835,2,0.0,0.0,0.0,0.0,0.0,0.0,0.0,0.0,0.0,0.0,1.0,0.0,0.0,False,Qwen/Qwen2.5-Coder-7B-Instruct,None
2752,Pie,Easy,3.5375,10.6126,3,0.0,0.0,0.0,0.0,1.0,0.0,0.0,0.0,0.0,1.0,0.0,,0.0,False,Qwen/Qwen2.5-Coder-7B-Instruct,None
2752,Pie,Easy,3.5375,10.6126,3,0.0,0.0,0.0,0.0,1.0,0.0,0.0,0.0,0.0,1.0,0.0,,0.0,False,Qwen/Qwen2.5-Coder-7B-Instruct,None
2752,Pie,Easy,3.5375,10.6126,3,0.0,0.0,0.0,0.0,1.0,0.0,0.0,0.0,0.0,1.0,0.0,,0.0,False,Qwen/Qwen2.5-Coder-7B-Instruct,None
2757,Pie,Easy,4.3183,8.6366,2,0.0,0.0,0.0,0.0,0.0,0.0,0.0,0.0,0.0,0.0,1.0,0.0,0.0,False,Qwen/Qwen2.5-Coder-7B-Instruct,None
2757,Pie,Easy,4.3183,8.6366,2,0.0,0.0,0.0,0.0,0.0,0.0,0.0,0.0,0.0,0.0,1.0,0.0,0.0,False,Qwen/Qwen2.5-Coder-7B-Instruct,None
2757,Pie,Easy,4.3183,8.6366,2,0.0,0.0,0.0,0.0,0.0,0.0,0.0,0.0,0.0,0.0,1.0,0.0,0.0,False,Qwen/Qwen2.5-Coder-7B-Instruct,None
2759,Pie,Easy,3.209,9.6269,3,0.0,0.0,0.0,0.0,0.0,0.0,0.0,0.0,0.0,0.0,1.0,0.0,0.0,False,Qwen/Qwen2.5-Coder-7B-Instruct,None
2759,Pie,Easy,3.209,9.6269,3,0.0,0.0,0.0,0.0,0.0,0.0,0.0,0.0,0.0,0.0,1.0,0.0,0.0,False,Qwen/Qwen2.5-Coder-7B-Instruct,None
2759,Pie,Easy,3.209,9.6269,3,0.0,0.0,0.0,0.0,0.0,0.0,0.0,0.0,0.0,0.0,1.0,0.0,0.0,False,Qwen/Qwen2.5-Coder-7B-Instruct,None
2764,Pie,Easy,7.0901,21.2702,3,0.0,0.0,0.0,0.0,0.0,0.0,0.0,0.0,0.0,0.0,1.0,0.0,0.0,False,Qwen/Qwen2.5-Coder-7B-Instruct,None
2764,Pie,Easy,7.0901,21.2702,3,0.0,0.0,0.0,0.0,0.0,0.0,0.0,0.0,0.0,0.0,1.0,0.0,0.0,False,Qwen/Qwen2.5-Coder-7B-Instruct,None
2764,Pie,Easy,7.0901,21.2702,3,0.0,0.0,0.0,0.0,0.0,0.0,0.0,0.0,0.0,0.0,1.0,0.0,0.0,False,Qwen/Qwen2.5-Coder-7B-Instruct,None
2767,Pie,Easy,4.5967,4.5967,1,0.0,0.0,0.0,0.0,0.0,0.0,0.0,0.0,0.0,0.0,1.0,0.0,0.0,False,Qwen/Qwen2.5-Coder-7B-Instruct,None
2767,Pie,Easy,4.5967,4.5967,1,0.0,0.0,0.0,0.0,0.0,0.0,0.0,0.0,0.0,0.0,1.0,0.0,0.0,False,Qwen/Qwen2.5-Coder-7B-Instruct,None
2767,Pie,Easy,4.5967,4.5967,1,0.0,0.0,0.0,0.0,0.0,0.0,0.0,0.0,0.0,0.0,1.0,0.0,0.0,False,Qwen/Qwen2.5-Coder-7B-Instruct,None
2775,Pie,Easy,5.338,16.014,3,0.0,0.0,0.0,0.0,0.0,0.0,0.0,0.0,0.0,0.0,1.0,0.0,0.0,False,Qwen/Qwen2.5-Coder-7B-Instruct,None
2775,Pie,Easy,5.338,16.014,3,0.0,0.0,0.0,0.0,0.0,0.0,0.0,0.0,0.0,0.0,1.0,0.0,0.0,False,Qwen/Qwen2.5-Coder-7B-Instruct,None
2775,Pie,Easy,5.338,16.014,3,0.0,0.0,0.0,0.0,0.0,0.0,0.0,0.0,0.0,0.0,1.0,0.0,0.0,False,Qwen/Qwen2.5-Coder-7B-Instruct,None
2780,Bar,Extra Hard,22.2655,22.2655,1,0.0,1.0,0.0,0.0,0.0,0.0,0.0,0.0,1.0,0.0,0.0,,0.0,True,Qwen/Qwen2.5-Coder-7B-Instruct,None
2780,Bar,Extra Hard,22.2655,22.2655,1,0.0,1.0,0.0,0.0,0.0,0.0,0.0,0.0,1.0,0.0,0.0,,0.0,True,Qwen/Qwen2.5-Coder-7B-Instruct,None
2780,Bar,Extra Hard,22.2655,22.2655,1,0.0,1.0,0.0,0.0,0.0,0.0,0.0,0.0,1.0,0.0,0.0,,0.0,True,Qwen/Qwen2.5-Coder-7B-Instruct,None
2781,Grouping Line,Extra Hard,31.0437,31.0437,1,1.0,0.0,0.0,0.0,0.0,0.0,0.0,0.0,1.0,0.0,0.0,,0.0,True,Qwen/Qwen2.5-Coder-7B-Instruct,None
2781,Grouping Line,Extra Hard,31.0437,31.0437,1,1.0,0.0,0.0,0.0,0.0,0.0,0.0,0.0,1.0,0.0,0.0,,0.0,True,Qwen/Qwen2.5-Coder-7B-Instruct,None
2781,Grouping Line,Extra Hard,31.0437,31.0437,1,1.0,0.0,0.0,0.0,0.0,0.0,0.0,0.0,1.0,0.0,0.0,,0.0,True,Qwen/Qwen2.5-Coder-7B-Instruct,None
2782,Line,Extra Hard,13.6077,13.6077,1,0.0,0.0,0.0,0.0,1.0,0.0,0.0,0.0,0.0,1.0,0.0,,0.0,True,Qwen/Qwen2.5-Coder-7B-Instruct,None
2782,Line,Extra Hard,13.6077,13.6077,1,0.0,0.0,0.0,0.0,1.0,0.0,0.0,0.0,0.0,1.0,0.0,,0.0,True,Qwen/Qwen2.5-Coder-7B-Instruct,None
2782,Line,Extra Hard,13.6077,13.6077,1,0.0,0.0,0.0,0.0,1.0,0.0,0.0,0.0,0.0,1.0,0.0,,0.0,True,Qwen/Qwen2.5-Coder-7B-Instruct,None
2785,Pie,Hard,7.3203,21.9609,3,0.0,0.0,0.0,0.0,0.0,0.0,0.0,0.0,0.0,0.0,1.0,0.0,0.0,True,Qwen/Qwen2.5-Coder-7B-Instruct,None
2785,Pie,Hard,7.3203,21.9609,3,0.0,0.0,0.0,0.0,0.0,0.0,0.0,0.0,0.0,0.0,1.0,0.0,0.0,True,Qwen/Qwen2.5-Coder-7B-Instruct,None
2785,Pie,Hard,7.3203,21.9609,3,0.0,0.0,0.0,0.0,0.0,0.0,0.0,0.0,0.0,0.0,1.0,0.0,0.0,True,Qwen/Qwen2.5-Coder-7B-Instruct,None
2787,Pie,Easy,15.2255,30.4511,2,0.0,0.0,0.0,0.0,0.0,0.0,0.0,0.0,0.0,0.0,1.0,0.0,0.0,True,Qwen/Qwen2.5-Coder-7B-Instruct,None
2787,Pie,Easy,15.2255,30.4511,2,0.0,0.0,0.0,0.0,0.0,0.0,0.0,0.0,0.0,0.0,1.0,0.0,0.0,True,Qwen/Qwen2.5-Coder-7B-Instruct,None
2787,Pie,Easy,15.2255,30.4511,2,0.0,0.0,0.0,0.0,0.0,0.0,0.0,0.0,0.0,0.0,1.0,0.0,0.0,True,Qwen/Qwen2.5-Coder-7B-Instruct,None
2795,Pie,Medium,5.9795,17.9386,3,0.0,0.0,0.0,0.0,0.6666666666666666,0.0,0.0,0.0,0.0,0.6666666666666666,0.3333333333333333,0.0,0.0,True,Qwen/Qwen2.5-Coder-7B-Instruct,None
2795,Pie,Medium,5.9795,17.9386,3,0.0,0.0,0.0,0.0,0.6666666666666666,0.0,0.0,0.0,0.0,0.6666666666666666,0.3333333333333333,0.0,0.0,True,Qwen/Qwen2.5-Coder-7B-Instruct,None
2795,Pie,Medium,5.9795,17.9386,3,0.0,0.0,0.0,0.0,0.6666666666666666,0.0,0.0,0.0,0.0,0.6666666666666666,0.3333333333333333,0.0,0.0,True,Qwen/Qwen2.5-Coder-7B-Instruct,None
2799,Pie,Easy,6.4941,12.9883,2,0.0,0.0,0.0,0.0,0.0,0.0,0.0,0.0,0.0,0.0,1.0,0.0,0.0,False,Qwen/Qwen2.5-Coder-7B-Instruct,None
2799,Pie,Easy,6.4941,12.9883,2,0.0,0.0,0.0,0.0,0.0,0.0,0.0,0.0,0.0,0.0,1.0,0.0,0.0,False,Qwen/Qwen2.5-Coder-7B-Instruct,None
2799,Pie,Easy,6.4941,12.9883,2,0.0,0.0,0.0,0.0,0.0,0.0,0.0,0.0,0.0,0.0,1.0,0.0,0.0,False,Qwen/Qwen2.5-Coder-7B-Instruct,None
2802,Bar,Medium,4.4496,17.7983,4,0.0,0.0,0.0,0.0,0.0,0.0,0.0,0.0,0.0,0.0,1.0,0.0,0.0,False,Qwen/Qwen2.5-Coder-7B-Instruct,None
2802,Bar,Medium,4.4496,17.7983,4,0.0,0.0,0.0,0.0,0.0,0.0,0.0,0.0,0.0,0.0,1.0,0.0,0.0,False,Qwen/Qwen2.5-Coder-7B-Instruct,None
2802,Bar,Medium,4.4496,17.7983,4,0.0,0.0,0.0,0.0,0.0,0.0,0.0,0.0,0.0,0.0,1.0,0.0,0.0,False,Qwen/Qwen2.5-Coder-7B-Instruct,None
2804,Pie,Medium,4.4387,8.8775,2,0.0,0.0,0.0,0.0,1.0,0.0,0.0,0.0,0.0,1.0,0.0,,0.0,False,Qwen/Qwen2.5-Coder-7B-Instruct,None
2804,Pie,Medium,4.4387,8.8775,2,0.0,0.0,0.0,0.0,1.0,0.0,0.0,0.0,0.0,1.0,0.0,,0.0,False,Qwen/Qwen2.5-Coder-7B-Instruct,None
2804,Pie,Medium,4.4387,8.8775,2,0.0,0.0,0.0,0.0,1.0,0.0,0.0,0.0,0.0,1.0,0.0,,0.0,False,Qwen/Qwen2.5-Coder-7B-Instruct,None
2806,Pie,Easy,3.4154,6.8308,2,0.0,0.0,0.0,0.0,0.0,0.0,0.0,0.0,0.0,0.0,1.0,0.0,0.0,False,Qwen/Qwen2.5-Coder-7B-Instruct,None
2806,Pie,Easy,3.4154,6.8308,2,0.0,0.0,0.0,0.0,0.0,0.0,0.0,0.0,0.0,0.0,1.0,0.0,0.0,False,Qwen/Qwen2.5-Coder-7B-Instruct,None
2806,Pie,Easy,3.4154,6.8308,2,0.0,0.0,0.0,0.0,0.0,0.0,0.0,0.0,0.0,0.0,1.0,0.0,0.0,False,Qwen/Qwen2.5-Coder-7B-Instruct,None
2807,Bar,Easy,3.4942,10.4827,3,0.0,0.0,0.0,0.0,0.0,0.0,0.0,0.0,0.0,0.0,1.0,0.0,0.0,False,Qwen/Qwen2.5-Coder-7B-Instruct,None
2807,Bar,Easy,3.4942,10.4827,3,0.0,0.0,0.0,0.0,0.0,0.0,0.0,0.0,0.0,0.0,1.0,0.0,0.0,False,Qwen/Qwen2.5-Coder-7B-Instruct,None
2807,Bar,Easy,3.4942,10.4827,3,0.0,0.0,0.0,0.0,0.0,0.0,0.0,0.0,0.0,0.0,1.0,0.0,0.0,False,Qwen/Qwen2.5-Coder-7B-Instruct,None
2808,Bar,Hard,7.2371,14.4743,2,0.0,0.0,0.0,0.0,0.0,0.0,0.0,0.0,0.0,0.0,1.0,0.0,0.0,True,Qwen/Qwen2.5-Coder-7B-Instruct,None
2808,Bar,Hard,7.2371,14.4743,2,0.0,0.0,0.0,0.0,0.0,0.0,0.0,0.0,0.0,0.0,1.0,0.0,0.0,True,Qwen/Qwen2.5-Coder-7B-Instruct,None
2808,Bar,Hard,7.2371,14.4743,2,0.0,0.0,0.0,0.0,0.0,0.0,0.0,0.0,0.0,0.0,1.0,0.0,0.0,True,Qwen/Qwen2.5-Coder-7B-Instruct,None
2809,Pie,Easy,3.5726,3.5726,1,0.0,0.0,0.0,0.0,0.0,0.0,0.0,0.0,0.0,0.0,1.0,0.0,0.0,False,Qwen/Qwen2.5-Coder-7B-Instruct,None
2809,Pie,Easy,3.5726,3.5726,1,0.0,0.0,0.0,0.0,0.0,0.0,0.0,0.0,0.0,0.0,1.0,0.0,0.0,False,Qwen/Qwen2.5-Coder-7B-Instruct,None
2809,Pie,Easy,3.5726,3.5726,1,0.0,0.0,0.0,0.0,0.0,0.0,0.0,0.0,0.0,0.0,1.0,0.0,0.0,False,Qwen/Qwen2.5-Coder-7B-Instruct,None
2810,Bar,Easy,3.5032,7.0065,2,0.0,0.0,0.0,0.0,0.0,0.0,0.0,0.0,0.0,0.0,1.0,0.0,0.0,False,Qwen/Qwen2.5-Coder-7B-Instruct,None
2810,Bar,Easy,3.5032,7.0065,2,0.0,0.0,0.0,0.0,0.0,0.0,0.0,0.0,0.0,0.0,1.0,0.0,0.0,False,Qwen/Qwen2.5-Coder-7B-Instruct,None
2810,Bar,Easy,3.5032,7.0065,2,0.0,0.0,0.0,0.0,0.0,0.0,0.0,0.0,0.0,0.0,1.0,0.0,0.0,False,Qwen/Qwen2.5-Coder-7B-Instruct,None
2817,Pie,Medium,5.915,5.915,1,0.0,0.0,0.0,0.0,0.0,0.0,0.0,0.0,0.0,0.0,1.0,0.0,0.0,False,Qwen/Qwen2.5-Coder-7B-Instruct,None
2817,Pie,Medium,5.915,5.915,1,0.0,0.0,0.0,0.0,0.0,0.0,0.0,0.0,0.0,0.0,1.0,0.0,0.0,False,Qwen/Qwen2.5-Coder-7B-Instruct,None
2817,Pie,Medium,5.915,5.915,1,0.0,0.0,0.0,0.0,0.0,0.0,0.0,0.0,0.0,0.0,1.0,0.0,0.0,False,Qwen/Qwen2.5-Coder-7B-Instruct,None
2818,Bar,Medium,5.7574,11.5148,2,0.0,0.0,0.0,0.0,0.0,0.0,0.0,0.0,0.0,0.0,1.0,0.0,0.0,False,Qwen/Qwen2.5-Coder-7B-Instruct,None
2818,Bar,Medium,5.7574,11.5148,2,0.0,0.0,0.0,0.0,0.0,0.0,0.0,0.0,0.0,0.0,1.0,0.0,0.0,False,Qwen/Qwen2.5-Coder-7B-Instruct,None
2818,Bar,Medium,5.7574,11.5148,2,0.0,0.0,0.0,0.0,0.0,0.0,0.0,0.0,0.0,0.0,1.0,0.0,0.0,False,Qwen/Qwen2.5-Coder-7B-Instruct,None
2820,Bar,Easy,3.3808,20.2847,6,0.0,0.0,0.0,0.0,0.0,0.0,0.0,0.0,0.0,0.0,1.0,0.0,0.0,False,Qwen/Qwen2.5-Coder-7B-Instruct,None
2820,Bar,Easy,3.3808,20.2847,6,0.0,0.0,0.0,0.0,0.0,0.0,0.0,0.0,0.0,0.0,1.0,0.0,0.0,False,Qwen/Qwen2.5-Coder-7B-Instruct,None
2820,Bar,Easy,3.3808,20.2847,6,0.0,0.0,0.0,0.0,0.0,0.0,0.0,0.0,0.0,0.0,1.0,0.0,0.0,False,Qwen/Qwen2.5-Coder-7B-Instruct,None
2822,Pie,Medium,7.0,7.0,1,0.0,0.0,0.0,0.0,0.0,0.0,0.0,0.0,0.0,0.0,1.0,0.0,0.0,True,Qwen/Qwen2.5-Coder-7B-Instruct,None
2822,Pie,Medium,7.0,7.0,1,0.0,0.0,0.0,0.0,0.0,0.0,0.0,0.0,0.0,0.0,1.0,0.0,0.0,True,Qwen/Qwen2.5-Coder-7B-Instruct,None
2822,Pie,Medium,7.0,7.0,1,0.0,0.0,0.0,0.0,0.0,0.0,0.0,0.0,0.0,0.0,1.0,0.0,0.0,True,Qwen/Qwen2.5-Coder-7B-Instruct,None
2830,Bar,Easy,3.9628,3.9628,1,0.0,0.0,0.0,0.0,0.0,0.0,0.0,0.0,0.0,0.0,1.0,0.0,0.0,False,Qwen/Qwen2.5-Coder-7B-Instruct,None
2830,Bar,Easy,3.9628,3.9628,1,0.0,0.0,0.0,0.0,0.0,0.0,0.0,0.0,0.0,0.0,1.0,0.0,0.0,False,Qwen/Qwen2.5-Coder-7B-Instruct,None
2830,Bar,Easy,3.9628,3.9628,1,0.0,0.0,0.0,0.0,0.0,0.0,0.0,0.0,0.0,0.0,1.0,0.0,0.0,False,Qwen/Qwen2.5-Coder-7B-Instruct,None
2847,Pie,Extra Hard,6.6917,26.7669,4,0.0,0.0,0.0,0.0,0.0,0.0,0.0,0.0,0.0,0.0,1.0,0.0,0.0,True,Qwen/Qwen2.5-Coder-7B-Instruct,None
2847,Pie,Extra Hard,6.6917,26.7669,4,0.0,0.0,0.0,0.0,0.0,0.0,0.0,0.0,0.0,0.0,1.0,0.0,0.0,True,Qwen/Qwen2.5-Coder-7B-Instruct,None
2847,Pie,Extra Hard,6.6917,26.7669,4,0.0,0.0,0.0,0.0,0.0,0.0,0.0,0.0,0.0,0.0,1.0,0.0,0.0,True,Qwen/Qwen2.5-Coder-7B-Instruct,None
2848,Bar,Extra Hard,6.7806,33.9029,5,0.0,0.0,0.0,0.0,0.0,0.0,0.0,0.0,0.0,0.0,1.0,0.0,0.0,True,Qwen/Qwen2.5-Coder-7B-Instruct,None
2848,Bar,Extra Hard,6.7806,33.9029,5,0.0,0.0,0.0,0.0,0.0,0.0,0.0,0.0,0.0,0.0,1.0,0.0,0.0,True,Qwen/Qwen2.5-Coder-7B-Instruct,None
2848,Bar,Extra Hard,6.7806,33.9029,5,0.0,0.0,0.0,0.0,0.0,0.0,0.0,0.0,0.0,0.0,1.0,0.0,0.0,True,Qwen/Qwen2.5-Coder-7B-Instruct,None
2850,Bar,Hard,4.6617,9.3235,2,0.0,0.0,0.0,0.0,0.0,0.0,0.0,0.0,0.0,0.0,1.0,0.0,0.0,False,Qwen/Qwen2.5-Coder-7B-Instruct,None
2850,Bar,Hard,4.6617,9.3235,2,0.0,0.0,0.0,0.0,0.0,0.0,0.0,0.0,0.0,0.0,1.0,0.0,0.0,False,Qwen/Qwen2.5-Coder-7B-Instruct,None
2850,Bar,Hard,4.6617,9.3235,2,0.0,0.0,0.0,0.0,0.0,0.0,0.0,0.0,0.0,0.0,1.0,0.0,0.0,False,Qwen/Qwen2.5-Coder-7B-Instruct,None
2851,Bar,Hard,5.419,5.419,1,0.0,0.0,0.0,0.0,0.0,0.0,0.0,0.0,0.0,0.0,1.0,0.0,0.0,False,Qwen/Qwen2.5-Coder-7B-Instruct,None
2851,Bar,Hard,5.419,5.419,1,0.0,0.0,0.0,0.0,0.0,0.0,0.0,0.0,0.0,0.0,1.0,0.0,0.0,False,Qwen/Qwen2.5-Coder-7B-Instruct,None
2851,Bar,Hard,5.419,5.419,1,0.0,0.0,0.0,0.0,0.0,0.0,0.0,0.0,0.0,0.0,1.0,0.0,0.0,False,Qwen/Qwen2.5-Coder-7B-Instruct,None
2852,Bar,Extra Hard,7.9057,7.9057,1,0.0,0.0,0.0,0.0,1.0,0.0,0.0,0.0,0.0,1.0,0.0,,0.0,True,Qwen/Qwen2.5-Coder-7B-Instruct,None
2852,Bar,Extra Hard,7.9057,7.9057,1,0.0,0.0,0.0,0.0,1.0,0.0,0.0,0.0,0.0,1.0,0.0,,0.0,True,Qwen/Qwen2.5-Coder-7B-Instruct,None
2852,Bar,Extra Hard,7.9057,7.9057,1,0.0,0.0,0.0,0.0,1.0,0.0,0.0,0.0,0.0,1.0,0.0,,0.0,True,Qwen/Qwen2.5-Coder-7B-Instruct,None
2857,Bar,Hard,5.206,15.6181,3,0.0,0.0,0.0,0.0,0.0,0.0,0.0,0.0,0.0,0.0,1.0,0.0,0.0,False,Qwen/Qwen2.5-Coder-7B-Instruct,None
2857,Bar,Hard,5.206,15.6181,3,0.0,0.0,0.0,0.0,0.0,0.0,0.0,0.0,0.0,0.0,1.0,0.0,0.0,False,Qwen/Qwen2.5-Coder-7B-Instruct,None
2857,Bar,Hard,5.206,15.6181,3,0.0,0.0,0.0,0.0,0.0,0.0,0.0,0.0,0.0,0.0,1.0,0.0,0.0,False,Qwen/Qwen2.5-Coder-7B-Instruct,None
2858,Pie,Medium,7.6899,23.0698,3,0.0,0.0,0.0,0.0,0.3333333333333333,0.0,0.0,0.0,0.0,0.3333333333333333,0.6666666666666666,0.0,0.0,True,Qwen/Qwen2.5-Coder-7B-Instruct,None
2858,Pie,Medium,7.6899,23.0698,3,0.0,0.0,0.0,0.0,0.3333333333333333,0.0,0.0,0.0,0.0,0.3333333333333333,0.6666666666666666,0.0,0.0,True,Qwen/Qwen2.5-Coder-7B-Instruct,None
2858,Pie,Medium,7.6899,23.0698,3,0.0,0.0,0.0,0.0,0.3333333333333333,0.0,0.0,0.0,0.0,0.3333333333333333,0.6666666666666666,0.0,0.0,True,Qwen/Qwen2.5-Coder-7B-Instruct,None
2861,Pie,Easy,3.1157,3.1157,1,0.0,0.0,0.0,0.0,0.0,0.0,0.0,0.0,0.0,0.0,1.0,0.0,0.0,False,Qwen/Qwen2.5-Coder-7B-Instruct,None
2861,Pie,Easy,3.1157,3.1157,1,0.0,0.0,0.0,0.0,0.0,0.0,0.0,0.0,0.0,0.0,1.0,0.0,0.0,False,Qwen/Qwen2.5-Coder-7B-Instruct,None
2861,Pie,Easy,3.1157,3.1157,1,0.0,0.0,0.0,0.0,0.0,0.0,0.0,0.0,0.0,0.0,1.0,0.0,0.0,False,Qwen/Qwen2.5-Coder-7B-Instruct,None
2864,Pie,Medium,6.9406,34.7031,5,0.0,0.0,0.0,0.0,0.4,0.0,0.0,0.0,0.0,0.4,0.6,0.0,0.0,True,Qwen/Qwen2.5-Coder-7B-Instruct,None
2864,Pie,Medium,6.9406,34.7031,5,0.0,0.0,0.0,0.0,0.4,0.0,0.0,0.0,0.0,0.4,0.6,0.0,0.0,True,Qwen/Qwen2.5-Coder-7B-Instruct,None
2864,Pie,Medium,6.9406,34.7031,5,0.0,0.0,0.0,0.0,0.4,0.0,0.0,0.0,0.0,0.4,0.6,0.0,0.0,True,Qwen/Qwen2.5-Coder-7B-Instruct,None
2866,Pie,Medium,6.1972,24.7887,4,0.0,0.0,0.0,0.0,0.0,0.0,0.0,0.0,0.0,0.0,1.0,0.0,0.0,True,Qwen/Qwen2.5-Coder-7B-Instruct,None
2866,Pie,Medium,6.1972,24.7887,4,0.0,0.0,0.0,0.0,0.0,0.0,0.0,0.0,0.0,0.0,1.0,0.0,0.0,True,Qwen/Qwen2.5-Coder-7B-Instruct,None
2866,Pie,Medium,6.1972,24.7887,4,0.0,0.0,0.0,0.0,0.0,0.0,0.0,0.0,0.0,0.0,1.0,0.0,0.0,True,Qwen/Qwen2.5-Coder-7B-Instruct,None
2874,Scatter,Easy,2.8344,2.8344,1,0.0,0.0,0.0,0.0,0.0,0.0,0.0,0.0,0.0,0.0,1.0,0.0,0.0,False,Qwen/Qwen2.5-Coder-7B-Instruct,None
2874,Scatter,Easy,2.8344,2.8344,1,0.0,0.0,0.0,0.0,0.0,0.0,0.0,0.0,0.0,0.0,1.0,0.0,0.0,False,Qwen/Qwen2.5-Coder-7B-Instruct,None
2874,Scatter,Easy,2.8344,2.8344,1,0.0,0.0,0.0,0.0,0.0,0.0,0.0,0.0,0.0,0.0,1.0,0.0,0.0,False,Qwen/Qwen2.5-Coder-7B-Instruct,None
2881,Pie,Easy,10.6509,21.3017,2,0.5,0.0,0.0,0.0,0.0,0.0,0.0,0.0,0.5,0.0,0.5,0.0,0.0,False,Qwen/Qwen2.5-Coder-7B-Instruct,None
2881,Pie,Easy,10.6509,21.3017,2,0.5,0.0,0.0,0.0,0.0,0.0,0.0,0.0,0.5,0.0,0.5,0.0,0.0,False,Qwen/Qwen2.5-Coder-7B-Instruct,None
2881,Pie,Easy,10.6509,21.3017,2,0.5,0.0,0.0,0.0,0.0,0.0,0.0,0.0,0.5,0.0,0.5,0.0,0.0,False,Qwen/Qwen2.5-Coder-7B-Instruct,None
2885,Pie,Medium,10.8616,21.7232,2,0.0,0.5,0.0,0.0,0.0,0.0,0.0,0.0,0.5,0.0,0.5,0.0,0.0,True,Qwen/Qwen2.5-Coder-7B-Instruct,None
2885,Pie,Medium,10.8616,21.7232,2,0.0,0.5,0.0,0.0,0.0,0.0,0.0,0.0,0.5,0.0,0.5,0.0,0.0,True,Qwen/Qwen2.5-Coder-7B-Instruct,None
2885,Pie,Medium,10.8616,21.7232,2,0.0,0.5,0.0,0.0,0.0,0.0,0.0,0.0,0.5,0.0,0.5,0.0,0.0,True,Qwen/Qwen2.5-Coder-7B-Instruct,None
2900,Bar,Medium,6.8139,6.8139,1,0.0,0.0,0.0,0.0,1.0,0.0,0.0,0.0,0.0,1.0,0.0,,0.0,False,Qwen/Qwen2.5-Coder-7B-Instruct,None
2900,Bar,Medium,6.8139,6.8139,1,0.0,0.0,0.0,0.0,1.0,0.0,0.0,0.0,0.0,1.0,0.0,,0.0,False,Qwen/Qwen2.5-Coder-7B-Instruct,None
2900,Bar,Medium,6.8139,6.8139,1,0.0,0.0,0.0,0.0,1.0,0.0,0.0,0.0,0.0,1.0,0.0,,0.0,False,Qwen/Qwen2.5-Coder-7B-Instruct,None
2903,Bar,Hard,6.9222,13.8445,2,0.0,0.0,0.0,0.0,0.0,0.0,0.0,0.0,0.0,0.0,1.0,0.0,0.0,True,Qwen/Qwen2.5-Coder-7B-Instruct,None
2903,Bar,Hard,6.9222,13.8445,2,0.0,0.0,0.0,0.0,0.0,0.0,0.0,0.0,0.0,0.0,1.0,0.0,0.0,True,Qwen/Qwen2.5-Coder-7B-Instruct,None
2903,Bar,Hard,6.9222,13.8445,2,0.0,0.0,0.0,0.0,0.0,0.0,0.0,0.0,0.0,0.0,1.0,0.0,0.0,True,Qwen/Qwen2.5-Coder-7B-Instruct,None
2928,Bar,Easy,4.3019,21.5094,5,0.0,0.0,0.0,0.0,0.0,0.0,0.0,0.0,0.0,0.0,1.0,0.0,0.0,False,Qwen/Qwen2.5-Coder-7B-Instruct,None
2928,Bar,Easy,4.3019,21.5094,5,0.0,0.0,0.0,0.0,0.0,0.0,0.0,0.0,0.0,0.0,1.0,0.0,0.0,False,Qwen/Qwen2.5-Coder-7B-Instruct,None
2928,Bar,Easy,4.3019,21.5094,5,0.0,0.0,0.0,0.0,0.0,0.0,0.0,0.0,0.0,0.0,1.0,0.0,0.0,False,Qwen/Qwen2.5-Coder-7B-Instruct,None
2930,Pie,Hard,18.7463,37.4926,2,0.5,0.0,0.0,0.0,0.5,0.0,0.0,0.0,0.5,0.5,0.0,,0.0,True,Qwen/Qwen2.5-Coder-7B-Instruct,None
2930,Pie,Hard,18.7463,37.4926,2,0.5,0.0,0.0,0.0,0.5,0.0,0.0,0.0,0.5,0.5,0.0,,0.0,True,Qwen/Qwen2.5-Coder-7B-Instruct,None
2930,Pie,Hard,18.7463,37.4926,2,0.5,0.0,0.0,0.0,0.5,0.0,0.0,0.0,0.5,0.5,0.0,,0.0,True,Qwen/Qwen2.5-Coder-7B-Instruct,None
2932,Pie,Medium,8.2394,16.4789,2,0.0,0.0,0.0,0.0,0.5,0.0,0.0,0.0,0.0,0.5,0.5,0.0,0.0,True,Qwen/Qwen2.5-Coder-7B-Instruct,None
2932,Pie,Medium,8.2394,16.4789,2,0.0,0.0,0.0,0.0,0.5,0.0,0.0,0.0,0.0,0.5,0.5,0.0,0.0,True,Qwen/Qwen2.5-Coder-7B-Instruct,None
2932,Pie,Medium,8.2394,16.4789,2,0.0,0.0,0.0,0.0,0.5,0.0,0.0,0.0,0.0,0.5,0.5,0.0,0.0,True,Qwen/Qwen2.5-Coder-7B-Instruct,None
2934,Pie,Medium,16.417,16.417,1,0.0,0.0,0.0,0.0,0.0,0.0,0.0,0.0,0.0,0.0,1.0,0.0,0.0,True,Qwen/Qwen2.5-Coder-7B-Instruct,None
2934,Pie,Medium,16.417,16.417,1,0.0,0.0,0.0,0.0,0.0,0.0,0.0,0.0,0.0,0.0,1.0,0.0,0.0,True,Qwen/Qwen2.5-Coder-7B-Instruct,None
2934,Pie,Medium,16.417,16.417,1,0.0,0.0,0.0,0.0,0.0,0.0,0.0,0.0,0.0,0.0,1.0,0.0,0.0,True,Qwen/Qwen2.5-Coder-7B-Instruct,None
2941,Bar,Easy,3.2513,3.2513,1,0.0,0.0,0.0,0.0,0.0,0.0,0.0,0.0,0.0,0.0,1.0,0.0,0.0,False,Qwen/Qwen2.5-Coder-7B-Instruct,None
2941,Bar,Easy,3.2513,3.2513,1,0.0,0.0,0.0,0.0,0.0,0.0,0.0,0.0,0.0,0.0,1.0,0.0,0.0,False,Qwen/Qwen2.5-Coder-7B-Instruct,None
2941,Bar,Easy,3.2513,3.2513,1,0.0,0.0,0.0,0.0,0.0,0.0,0.0,0.0,0.0,0.0,1.0,0.0,0.0,False,Qwen/Qwen2.5-Coder-7B-Instruct,None
2958,Pie,Medium,5.6823,22.7291,4,0.0,0.0,0.0,0.0,0.5,0.0,0.0,0.0,0.0,0.5,0.5,0.0,0.0,True,Qwen/Qwen2.5-Coder-7B-Instruct,None
2958,Pie,Medium,5.6823,22.7291,4,0.0,0.0,0.0,0.0,0.5,0.0,0.0,0.0,0.0,0.5,0.5,0.0,0.0,True,Qwen/Qwen2.5-Coder-7B-Instruct,None
2958,Pie,Medium,5.6823,22.7291,4,0.0,0.0,0.0,0.0,0.5,0.0,0.0,0.0,0.0,0.5,0.5,0.0,0.0,True,Qwen/Qwen2.5-Coder-7B-Instruct,None
2960,Bar,Medium,4.2736,8.5473,2,0.0,0.0,0.0,0.0,0.0,0.5,0.0,0.0,0.0,0.5,0.5,0.0,0.0,False,Qwen/Qwen2.5-Coder-7B-Instruct,None
2960,Bar,Medium,4.2736,8.5473,2,0.0,0.0,0.0,0.0,0.0,0.5,0.0,0.0,0.0,0.5,0.5,0.0,0.0,False,Qwen/Qwen2.5-Coder-7B-Instruct,None
2960,Bar,Medium,4.2736,8.5473,2,0.0,0.0,0.0,0.0,0.0,0.5,0.0,0.0,0.0,0.5,0.5,0.0,0.0,False,Qwen/Qwen2.5-Coder-7B-Instruct,None
2962,Bar,Easy,25.267,25.267,1,0.0,0.0,0.0,0.0,1.0,0.0,0.0,0.0,0.0,1.0,0.0,,0.0,False,Qwen/Qwen2.5-Coder-7B-Instruct,None
2962,Bar,Easy,25.267,25.267,1,0.0,0.0,0.0,0.0,1.0,0.0,0.0,0.0,0.0,1.0,0.0,,0.0,False,Qwen/Qwen2.5-Coder-7B-Instruct,None
2962,Bar,Easy,25.267,25.267,1,0.0,0.0,0.0,0.0,1.0,0.0,0.0,0.0,0.0,1.0,0.0,,0.0,False,Qwen/Qwen2.5-Coder-7B-Instruct,None
2963,Bar,Easy,17.8609,17.8609,1,1.0,0.0,0.0,0.0,0.0,0.0,0.0,0.0,1.0,0.0,0.0,,0.0,False,Qwen/Qwen2.5-Coder-7B-Instruct,None
2963,Bar,Easy,17.8609,17.8609,1,1.0,0.0,0.0,0.0,0.0,0.0,0.0,0.0,1.0,0.0,0.0,,0.0,False,Qwen/Qwen2.5-Coder-7B-Instruct,None
2963,Bar,Easy,17.8609,17.8609,1,1.0,0.0,0.0,0.0,0.0,0.0,0.0,0.0,1.0,0.0,0.0,,0.0,False,Qwen/Qwen2.5-Coder-7B-Instruct,None
2969,Bar,Medium,6.9004,13.8008,2,0.0,0.0,0.0,0.0,0.0,0.0,0.0,0.0,0.0,0.0,1.0,0.0,0.0,True,Qwen/Qwen2.5-Coder-7B-Instruct,None
2969,Bar,Medium,6.9004,13.8008,2,0.0,0.0,0.0,0.0,0.0,0.0,0.0,0.0,0.0,0.0,1.0,0.0,0.0,True,Qwen/Qwen2.5-Coder-7B-Instruct,None
2969,Bar,Medium,6.9004,13.8008,2,0.0,0.0,0.0,0.0,0.0,0.0,0.0,0.0,0.0,0.0,1.0,0.0,0.0,True,Qwen/Qwen2.5-Coder-7B-Instruct,None
2971,Pie,Medium,8.0366,16.0733,2,0.0,0.0,0.0,0.0,0.0,0.0,0.0,0.0,0.0,0.0,1.0,0.0,0.0,True,Qwen/Qwen2.5-Coder-7B-Instruct,None
2971,Pie,Medium,8.0366,16.0733,2,0.0,0.0,0.0,0.0,0.0,0.0,0.0,0.0,0.0,0.0,1.0,0.0,0.0,True,Qwen/Qwen2.5-Coder-7B-Instruct,None
2971,Pie,Medium,8.0366,16.0733,2,0.0,0.0,0.0,0.0,0.0,0.0,0.0,0.0,0.0,0.0,1.0,0.0,0.0,True,Qwen/Qwen2.5-Coder-7B-Instruct,None
2972,Pie,Medium,12.7617,12.7617,1,0.0,0.0,0.0,0.0,0.0,0.0,0.0,0.0,0.0,0.0,1.0,0.0,0.0,True,Qwen/Qwen2.5-Coder-7B-Instruct,None
2972,Pie,Medium,12.7617,12.7617,1,0.0,0.0,0.0,0.0,0.0,0.0,0.0,0.0,0.0,0.0,1.0,0.0,0.0,True,Qwen/Qwen2.5-Coder-7B-Instruct,None
2972,Pie,Medium,12.7617,12.7617,1,0.0,0.0,0.0,0.0,0.0,0.0,0.0,0.0,0.0,0.0,1.0,0.0,0.0,True,Qwen/Qwen2.5-Coder-7B-Instruct,None
2973,Bar,Medium,15.4246,15.4246,1,0.0,0.0,0.0,0.0,0.0,0.0,0.0,0.0,0.0,0.0,1.0,0.0,0.0,True,Qwen/Qwen2.5-Coder-7B-Instruct,None
2973,Bar,Medium,15.4246,15.4246,1,0.0,0.0,0.0,0.0,0.0,0.0,0.0,0.0,0.0,0.0,1.0,0.0,0.0,True,Qwen/Qwen2.5-Coder-7B-Instruct,None
2973,Bar,Medium,15.4246,15.4246,1,0.0,0.0,0.0,0.0,0.0,0.0,0.0,0.0,0.0,0.0,1.0,0.0,0.0,True,Qwen/Qwen2.5-Coder-7B-Instruct,None
2979,Bar,Hard,6.9096,6.9096,1,0.0,0.0,0.0,0.0,0.0,0.0,0.0,0.0,0.0,0.0,1.0,0.0,0.0,True,Qwen/Qwen2.5-Coder-7B-Instruct,None
2979,Bar,Hard,6.9096,6.9096,1,0.0,0.0,0.0,0.0,0.0,0.0,0.0,0.0,0.0,0.0,1.0,0.0,0.0,True,Qwen/Qwen2.5-Coder-7B-Instruct,None
2979,Bar,Hard,6.9096,6.9096,1,0.0,0.0,0.0,0.0,0.0,0.0,0.0,0.0,0.0,0.0,1.0,0.0,0.0,True,Qwen/Qwen2.5-Coder-7B-Instruct,None
2980,Pie,Hard,6.887,13.774,2,0.0,0.0,0.0,0.0,0.0,0.0,0.0,0.0,0.0,0.0,1.0,0.0,0.0,True,Qwen/Qwen2.5-Coder-7B-Instruct,None
2980,Pie,Hard,6.887,13.774,2,0.0,0.0,0.0,0.0,0.0,0.0,0.0,0.0,0.0,0.0,1.0,0.0,0.0,True,Qwen/Qwen2.5-Coder-7B-Instruct,None
2980,Pie,Hard,6.887,13.774,2,0.0,0.0,0.0,0.0,0.0,0.0,0.0,0.0,0.0,0.0,1.0,0.0,0.0,True,Qwen/Qwen2.5-Coder-7B-Instruct,None
2998,Bar,Hard,15.8588,31.7176,2,0.5,0.0,0.0,0.0,0.5,0.0,0.0,0.0,0.5,0.5,0.0,,0.0,False,Qwen/Qwen2.5-Coder-7B-Instruct,None
2998,Bar,Hard,15.8588,31.7176,2,0.5,0.0,0.0,0.0,0.5,0.0,0.0,0.0,0.5,0.5,0.0,,0.0,False,Qwen/Qwen2.5-Coder-7B-Instruct,None
2998,Bar,Hard,15.8588,31.7176,2,0.5,0.0,0.0,0.0,0.5,0.0,0.0,0.0,0.5,0.5,0.0,,0.0,False,Qwen/Qwen2.5-Coder-7B-Instruct,None
3004,Pie,Easy,4.0475,12.1425,3,0.0,0.0,0.0,0.0,0.0,0.0,0.0,0.0,0.0,0.0,1.0,0.0,0.0,False,Qwen/Qwen2.5-Coder-7B-Instruct,None
3004,Pie,Easy,4.0475,12.1425,3,0.0,0.0,0.0,0.0,0.0,0.0,0.0,0.0,0.0,0.0,1.0,0.0,0.0,False,Qwen/Qwen2.5-Coder-7B-Instruct,None
3004,Pie,Easy,4.0475,12.1425,3,0.0,0.0,0.0,0.0,0.0,0.0,0.0,0.0,0.0,0.0,1.0,0.0,0.0,False,Qwen/Qwen2.5-Coder-7B-Instruct,None
3009,Bar,Easy,19.3852,19.3852,1,1.0,0.0,0.0,0.0,0.0,0.0,0.0,0.0,1.0,0.0,0.0,,0.0,False,Qwen/Qwen2.5-Coder-7B-Instruct,None
3009,Bar,Easy,19.3852,19.3852,1,1.0,0.0,0.0,0.0,0.0,0.0,0.0,0.0,1.0,0.0,0.0,,0.0,False,Qwen/Qwen2.5-Coder-7B-Instruct,None
3009,Bar,Easy,19.3852,19.3852,1,1.0,0.0,0.0,0.0,0.0,0.0,0.0,0.0,1.0,0.0,0.0,,0.0,False,Qwen/Qwen2.5-Coder-7B-Instruct,None
3021,Pie,Hard,9.4342,18.8685,2,0.0,0.0,0.0,0.0,0.0,0.0,0.0,0.0,0.0,0.0,1.0,0.0,0.0,True,Qwen/Qwen2.5-Coder-7B-Instruct,None
3021,Pie,Hard,9.4342,18.8685,2,0.0,0.0,0.0,0.0,0.0,0.0,0.0,0.0,0.0,0.0,1.0,0.0,0.0,True,Qwen/Qwen2.5-Coder-7B-Instruct,None
3021,Pie,Hard,9.4342,18.8685,2,0.0,0.0,0.0,0.0,0.0,0.0,0.0,0.0,0.0,0.0,1.0,0.0,0.0,True,Qwen/Qwen2.5-Coder-7B-Instruct,None
3046,Bar,Easy,4.6422,13.9266,3,0.0,0.0,0.0,0.0,0.0,0.0,0.0,0.0,0.0,0.0,1.0,0.0,0.0,False,Qwen/Qwen2.5-Coder-7B-Instruct,None
3046,Bar,Easy,4.6422,13.9266,3,0.0,0.0,0.0,0.0,0.0,0.0,0.0,0.0,0.0,0.0,1.0,0.0,0.0,False,Qwen/Qwen2.5-Coder-7B-Instruct,None
3046,Bar,Easy,4.6422,13.9266,3,0.0,0.0,0.0,0.0,0.0,0.0,0.0,0.0,0.0,0.0,1.0,0.0,0.0,False,Qwen/Qwen2.5-Coder-7B-Instruct,None
3047,Pie,Easy,3.3154,6.6307,2,0.0,0.0,0.0,0.0,0.0,0.0,0.0,0.0,0.0,0.0,1.0,0.0,0.0,False,Qwen/Qwen2.5-Coder-7B-Instruct,None
3047,Pie,Easy,3.3154,6.6307,2,0.0,0.0,0.0,0.0,0.0,0.0,0.0,0.0,0.0,0.0,1.0,0.0,0.0,False,Qwen/Qwen2.5-Coder-7B-Instruct,None
3047,Pie,Easy,3.3154,6.6307,2,0.0,0.0,0.0,0.0,0.0,0.0,0.0,0.0,0.0,0.0,1.0,0.0,0.0,False,Qwen/Qwen2.5-Coder-7B-Instruct,None
3051,Pie,Easy,4.3508,13.0525,3,0.0,0.0,0.0,0.0,0.0,0.0,0.0,0.0,0.0,0.0,1.0,0.0,0.0,False,Qwen/Qwen2.5-Coder-7B-Instruct,None
3051,Pie,Easy,4.3508,13.0525,3,0.0,0.0,0.0,0.0,0.0,0.0,0.0,0.0,0.0,0.0,1.0,0.0,0.0,False,Qwen/Qwen2.5-Coder-7B-Instruct,None
3051,Pie,Easy,4.3508,13.0525,3,0.0,0.0,0.0,0.0,0.0,0.0,0.0,0.0,0.0,0.0,1.0,0.0,0.0,False,Qwen/Qwen2.5-Coder-7B-Instruct,None
3054,Pie,Easy,6.862,13.724,2,0.0,0.0,0.0,0.0,0.0,0.0,0.0,0.0,0.0,0.0,1.0,0.0,0.0,False,Qwen/Qwen2.5-Coder-7B-Instruct,None
3054,Pie,Easy,6.862,13.724,2,0.0,0.0,0.0,0.0,0.0,0.0,0.0,0.0,0.0,0.0,1.0,0.0,0.0,False,Qwen/Qwen2.5-Coder-7B-Instruct,None
3054,Pie,Easy,6.862,13.724,2,0.0,0.0,0.0,0.0,0.0,0.0,0.0,0.0,0.0,0.0,1.0,0.0,0.0,False,Qwen/Qwen2.5-Coder-7B-Instruct,None
3056,Grouping Scatter,Medium,11.211,11.211,1,0.0,0.0,0.0,0.0,0.0,0.0,0.0,0.0,0.0,0.0,1.0,0.0,0.0,False,Qwen/Qwen2.5-Coder-7B-Instruct,None
3056,Grouping Scatter,Medium,11.211,11.211,1,0.0,0.0,0.0,0.0,0.0,0.0,0.0,0.0,0.0,0.0,1.0,0.0,0.0,False,Qwen/Qwen2.5-Coder-7B-Instruct,None
3056,Grouping Scatter,Medium,11.211,11.211,1,0.0,0.0,0.0,0.0,0.0,0.0,0.0,0.0,0.0,0.0,1.0,0.0,0.0,False,Qwen/Qwen2.5-Coder-7B-Instruct,None
3063,Pie,Medium,6.8622,20.5866,3,0.0,0.0,0.0,0.0,1.0,0.0,0.0,0.0,0.0,1.0,0.0,,0.0,False,Qwen/Qwen2.5-Coder-7B-Instruct,None
3063,Pie,Medium,6.8622,20.5866,3,0.0,0.0,0.0,0.0,1.0,0.0,0.0,0.0,0.0,1.0,0.0,,0.0,False,Qwen/Qwen2.5-Coder-7B-Instruct,None
3063,Pie,Medium,6.8622,20.5866,3,0.0,0.0,0.0,0.0,1.0,0.0,0.0,0.0,0.0,1.0,0.0,,0.0,False,Qwen/Qwen2.5-Coder-7B-Instruct,None
3064,Bar,Medium,6.8902,20.6707,3,0.0,0.0,0.0,0.0,1.0,0.0,0.0,0.0,0.0,1.0,0.0,,0.0,False,Qwen/Qwen2.5-Coder-7B-Instruct,None
3064,Bar,Medium,6.8902,20.6707,3,0.0,0.0,0.0,0.0,1.0,0.0,0.0,0.0,0.0,1.0,0.0,,0.0,False,Qwen/Qwen2.5-Coder-7B-Instruct,None
3064,Bar,Medium,6.8902,20.6707,3,0.0,0.0,0.0,0.0,1.0,0.0,0.0,0.0,0.0,1.0,0.0,,0.0,False,Qwen/Qwen2.5-Coder-7B-Instruct,None
3067,Bar,Easy,5.3121,5.3121,1,0.0,0.0,0.0,0.0,1.0,0.0,0.0,0.0,0.0,1.0,0.0,,0.0,False,Qwen/Qwen2.5-Coder-7B-Instruct,None
3067,Bar,Easy,5.3121,5.3121,1,0.0,0.0,0.0,0.0,1.0,0.0,0.0,0.0,0.0,1.0,0.0,,0.0,False,Qwen/Qwen2.5-Coder-7B-Instruct,None
3067,Bar,Easy,5.3121,5.3121,1,0.0,0.0,0.0,0.0,1.0,0.0,0.0,0.0,0.0,1.0,0.0,,0.0,False,Qwen/Qwen2.5-Coder-7B-Instruct,None
3068,Pie,Medium,6.1215,6.1215,1,0.0,0.0,0.0,0.0,0.0,0.0,0.0,0.0,0.0,0.0,1.0,0.0,0.0,True,Qwen/Qwen2.5-Coder-7B-Instruct,None
3068,Pie,Medium,6.1215,6.1215,1,0.0,0.0,0.0,0.0,0.0,0.0,0.0,0.0,0.0,0.0,1.0,0.0,0.0,True,Qwen/Qwen2.5-Coder-7B-Instruct,None
3068,Pie,Medium,6.1215,6.1215,1,0.0,0.0,0.0,0.0,0.0,0.0,0.0,0.0,0.0,0.0,1.0,0.0,0.0,True,Qwen/Qwen2.5-Coder-7B-Instruct,None
3070,Pie,Easy,17.0682,68.2727,4,1.0,0.0,0.0,0.0,0.0,0.0,0.0,0.0,1.0,0.0,0.0,,0.0,False,Qwen/Qwen2.5-Coder-7B-Instruct,None
3070,Pie,Easy,17.0682,68.2727,4,1.0,0.0,0.0,0.0,0.0,0.0,0.0,0.0,1.0,0.0,0.0,,0.0,False,Qwen/Qwen2.5-Coder-7B-Instruct,None
3070,Pie,Easy,17.0682,68.2727,4,1.0,0.0,0.0,0.0,0.0,0.0,0.0,0.0,1.0,0.0,0.0,,0.0,False,Qwen/Qwen2.5-Coder-7B-Instruct,None
3079,Grouping Scatter,Easy,20.625,41.2501,2,1.0,0.0,0.0,0.0,0.0,0.0,0.0,0.0,1.0,0.0,0.0,,0.0,False,Qwen/Qwen2.5-Coder-7B-Instruct,None
3079,Grouping Scatter,Easy,20.625,41.2501,2,1.0,0.0,0.0,0.0,0.0,0.0,0.0,0.0,1.0,0.0,0.0,,0.0,False,Qwen/Qwen2.5-Coder-7B-Instruct,None
3079,Grouping Scatter,Easy,20.625,41.2501,2,1.0,0.0,0.0,0.0,0.0,0.0,0.0,0.0,1.0,0.0,0.0,,0.0,False,Qwen/Qwen2.5-Coder-7B-Instruct,None
3085,Grouping Scatter,Easy,13.6469,27.2938,2,0.5,0.0,0.0,0.5,0.5,0.0,0.0,0.0,0.5,0.5,0.0,,0.0,False,Qwen/Qwen2.5-Coder-7B-Instruct,None
3085,Grouping Scatter,Easy,13.6469,27.2938,2,0.5,0.0,0.0,0.5,0.5,0.0,0.0,0.0,0.5,0.5,0.0,,0.0,False,Qwen/Qwen2.5-Coder-7B-Instruct,None
3085,Grouping Scatter,Easy,13.6469,27.2938,2,0.5,0.0,0.0,0.5,0.5,0.0,0.0,0.0,0.5,0.5,0.0,,0.0,False,Qwen/Qwen2.5-Coder-7B-Instruct,None
3097,Grouping Scatter,Easy,19.2599,19.2599,1,1.0,0.0,0.0,0.0,0.0,0.0,0.0,0.0,1.0,0.0,0.0,,0.0,False,Qwen/Qwen2.5-Coder-7B-Instruct,None
3097,Grouping Scatter,Easy,19.2599,19.2599,1,1.0,0.0,0.0,0.0,0.0,0.0,0.0,0.0,1.0,0.0,0.0,,0.0,False,Qwen/Qwen2.5-Coder-7B-Instruct,None
3097,Grouping Scatter,Easy,19.2599,19.2599,1,1.0,0.0,0.0,0.0,0.0,0.0,0.0,0.0,1.0,0.0,0.0,,0.0,False,Qwen/Qwen2.5-Coder-7B-Instruct,None
3121,Scatter,Easy,5.245,20.9801,4,0.0,0.0,0.0,0.0,0.0,0.0,0.0,0.0,0.0,0.0,1.0,0.0,0.0,False,Qwen/Qwen2.5-Coder-7B-Instruct,None
3121,Scatter,Easy,5.245,20.9801,4,0.0,0.0,0.0,0.0,0.0,0.0,0.0,0.0,0.0,0.0,1.0,0.0,0.0,False,Qwen/Qwen2.5-Coder-7B-Instruct,None
3121,Scatter,Easy,5.245,20.9801,4,0.0,0.0,0.0,0.0,0.0,0.0,0.0,0.0,0.0,0.0,1.0,0.0,0.0,False,Qwen/Qwen2.5-Coder-7B-Instruct,None
3139,Pie,Easy,3.7343,3.7343,1,0.0,0.0,0.0,0.0,1.0,0.0,0.0,0.0,0.0,1.0,0.0,,0.0,False,Qwen/Qwen2.5-Coder-7B-Instruct,None
3139,Pie,Easy,3.7343,3.7343,1,0.0,0.0,0.0,0.0,1.0,0.0,0.0,0.0,0.0,1.0,0.0,,0.0,False,Qwen/Qwen2.5-Coder-7B-Instruct,None
3139,Pie,Easy,3.7343,3.7343,1,0.0,0.0,0.0,0.0,1.0,0.0,0.0,0.0,0.0,1.0,0.0,,0.0,False,Qwen/Qwen2.5-Coder-7B-Instruct,None
3150,Pie,Easy,5.2391,10.4782,2,0.0,0.0,0.0,0.0,0.0,0.0,0.0,0.0,0.0,0.0,1.0,0.0,0.0,False,Qwen/Qwen2.5-Coder-7B-Instruct,None
3150,Pie,Easy,5.2391,10.4782,2,0.0,0.0,0.0,0.0,0.0,0.0,0.0,0.0,0.0,0.0,1.0,0.0,0.0,False,Qwen/Qwen2.5-Coder-7B-Instruct,None
3150,Pie,Easy,5.2391,10.4782,2,0.0,0.0,0.0,0.0,0.0,0.0,0.0,0.0,0.0,0.0,1.0,0.0,0.0,False,Qwen/Qwen2.5-Coder-7B-Instruct,None
3165,Grouping Scatter,Easy,10.2785,10.2785,1,0.0,0.0,0.0,1.0,1.0,0.0,0.0,0.0,0.0,1.0,0.0,,0.0,False,Qwen/Qwen2.5-Coder-7B-Instruct,None
3165,Grouping Scatter,Easy,10.2785,10.2785,1,0.0,0.0,0.0,1.0,1.0,0.0,0.0,0.0,0.0,1.0,0.0,,0.0,False,Qwen/Qwen2.5-Coder-7B-Instruct,None
3165,Grouping Scatter,Easy,10.2785,10.2785,1,0.0,0.0,0.0,1.0,1.0,0.0,0.0,0.0,0.0,1.0,0.0,,0.0,False,Qwen/Qwen2.5-Coder-7B-Instruct,None
3171,Grouping Scatter,Easy,19.9321,19.9321,1,1.0,0.0,0.0,0.0,0.0,0.0,0.0,0.0,1.0,0.0,0.0,,0.0,False,Qwen/Qwen2.5-Coder-7B-Instruct,None
3171,Grouping Scatter,Easy,19.9321,19.9321,1,1.0,0.0,0.0,0.0,0.0,0.0,0.0,0.0,1.0,0.0,0.0,,0.0,False,Qwen/Qwen2.5-Coder-7B-Instruct,None
3171,Grouping Scatter,Easy,19.9321,19.9321,1,1.0,0.0,0.0,0.0,0.0,0.0,0.0,0.0,1.0,0.0,0.0,,0.0,False,Qwen/Qwen2.5-Coder-7B-Instruct,None
3177,Grouping Scatter,Easy,18.5255,18.5255,1,0.0,0.0,0.0,0.0,1.0,0.0,0.0,0.0,0.0,1.0,0.0,,0.0,False,Qwen/Qwen2.5-Coder-7B-Instruct,None
3177,Grouping Scatter,Easy,18.5255,18.5255,1,0.0,0.0,0.0,0.0,1.0,0.0,0.0,0.0,0.0,1.0,0.0,,0.0,False,Qwen/Qwen2.5-Coder-7B-Instruct,None
3177,Grouping Scatter,Easy,18.5255,18.5255,1,0.0,0.0,0.0,0.0,1.0,0.0,0.0,0.0,0.0,1.0,0.0,,0.0,False,Qwen/Qwen2.5-Coder-7B-Instruct,None
3198,Pie,Easy,4.8222,4.8222,1,0.0,0.0,0.0,0.0,0.0,0.0,0.0,0.0,0.0,0.0,1.0,0.0,0.0,False,Qwen/Qwen2.5-Coder-7B-Instruct,None
3198,Pie,Easy,4.8222,4.8222,1,0.0,0.0,0.0,0.0,0.0,0.0,0.0,0.0,0.0,0.0,1.0,0.0,0.0,False,Qwen/Qwen2.5-Coder-7B-Instruct,None
3198,Pie,Easy,4.8222,4.8222,1,0.0,0.0,0.0,0.0,0.0,0.0,0.0,0.0,0.0,0.0,1.0,0.0,0.0,False,Qwen/Qwen2.5-Coder-7B-Instruct,None
3207,Bar,Easy,9.6743,19.3486,2,0.0,0.0,0.0,0.0,1.0,0.0,0.0,0.0,0.0,1.0,0.0,,0.0,False,Qwen/Qwen2.5-Coder-7B-Instruct,None
3207,Bar,Easy,9.6743,19.3486,2,0.0,0.0,0.0,0.0,1.0,0.0,0.0,0.0,0.0,1.0,0.0,,0.0,False,Qwen/Qwen2.5-Coder-7B-Instruct,None
3207,Bar,Easy,9.6743,19.3486,2,0.0,0.0,0.0,0.0,1.0,0.0,0.0,0.0,0.0,1.0,0.0,,0.0,False,Qwen/Qwen2.5-Coder-7B-Instruct,None
3213,Pie,Medium,5.9767,5.9767,1,0.0,0.0,0.0,0.0,0.0,0.0,0.0,0.0,0.0,0.0,1.0,0.0,0.0,False,Qwen/Qwen2.5-Coder-7B-Instruct,None
3213,Pie,Medium,5.9767,5.9767,1,0.0,0.0,0.0,0.0,0.0,0.0,0.0,0.0,0.0,0.0,1.0,0.0,0.0,False,Qwen/Qwen2.5-Coder-7B-Instruct,None
3213,Pie,Medium,5.9767,5.9767,1,0.0,0.0,0.0,0.0,0.0,0.0,0.0,0.0,0.0,0.0,1.0,0.0,0.0,False,Qwen/Qwen2.5-Coder-7B-Instruct,None
3215,Pie,Easy,3.4882,6.9764,2,0.0,0.0,0.0,0.0,0.0,0.0,0.0,0.0,0.0,0.0,1.0,0.0,0.0,False,Qwen/Qwen2.5-Coder-7B-Instruct,None
3215,Pie,Easy,3.4882,6.9764,2,0.0,0.0,0.0,0.0,0.0,0.0,0.0,0.0,0.0,0.0,1.0,0.0,0.0,False,Qwen/Qwen2.5-Coder-7B-Instruct,None
3215,Pie,Easy,3.4882,6.9764,2,0.0,0.0,0.0,0.0,0.0,0.0,0.0,0.0,0.0,0.0,1.0,0.0,0.0,False,Qwen/Qwen2.5-Coder-7B-Instruct,None
3222,Bar,Hard,5.1343,5.1343,1,0.0,0.0,0.0,0.0,1.0,0.0,0.0,0.0,0.0,1.0,0.0,,0.0,False,Qwen/Qwen2.5-Coder-7B-Instruct,None
3222,Bar,Hard,5.1343,5.1343,1,0.0,0.0,0.0,0.0,1.0,0.0,0.0,0.0,0.0,1.0,0.0,,0.0,False,Qwen/Qwen2.5-Coder-7B-Instruct,None
3222,Bar,Hard,5.1343,5.1343,1,0.0,0.0,0.0,0.0,1.0,0.0,0.0,0.0,0.0,1.0,0.0,,0.0,False,Qwen/Qwen2.5-Coder-7B-Instruct,None
3227,Stacked Bar,Extra Hard,20.1747,20.1747,1,0.0,0.0,0.0,0.0,1.0,0.0,0.0,0.0,0.0,1.0,0.0,,0.0,False,Qwen/Qwen2.5-Coder-7B-Instruct,None
3227,Stacked Bar,Extra Hard,20.1747,20.1747,1,0.0,0.0,0.0,0.0,1.0,0.0,0.0,0.0,0.0,1.0,0.0,,0.0,False,Qwen/Qwen2.5-Coder-7B-Instruct,None
3227,Stacked Bar,Extra Hard,20.1747,20.1747,1,0.0,0.0,0.0,0.0,1.0,0.0,0.0,0.0,0.0,1.0,0.0,,0.0,False,Qwen/Qwen2.5-Coder-7B-Instruct,None
3229,Bar,Hard,4.2999,12.8998,3,0.0,0.0,0.0,0.0,0.0,0.0,0.0,0.0,0.0,0.0,1.0,0.0,0.0,False,Qwen/Qwen2.5-Coder-7B-Instruct,None
3229,Bar,Hard,4.2999,12.8998,3,0.0,0.0,0.0,0.0,0.0,0.0,0.0,0.0,0.0,0.0,1.0,0.0,0.0,False,Qwen/Qwen2.5-Coder-7B-Instruct,None
3229,Bar,Hard,4.2999,12.8998,3,0.0,0.0,0.0,0.0,0.0,0.0,0.0,0.0,0.0,0.0,1.0,0.0,0.0,False,Qwen/Qwen2.5-Coder-7B-Instruct,None
3230,Bar,Medium,4.2771,8.5542,2,0.0,0.0,0.0,0.0,0.0,0.0,0.0,0.0,0.0,0.0,1.0,0.0,0.0,False,Qwen/Qwen2.5-Coder-7B-Instruct,None
3230,Bar,Medium,4.2771,8.5542,2,0.0,0.0,0.0,0.0,0.0,0.0,0.0,0.0,0.0,0.0,1.0,0.0,0.0,False,Qwen/Qwen2.5-Coder-7B-Instruct,None
3230,Bar,Medium,4.2771,8.5542,2,0.0,0.0,0.0,0.0,0.0,0.0,0.0,0.0,0.0,0.0,1.0,0.0,0.0,False,Qwen/Qwen2.5-Coder-7B-Instruct,None
3240,Line,Easy,3.549,3.549,1,0.0,0.0,0.0,0.0,0.0,0.0,0.0,0.0,0.0,0.0,1.0,0.0,0.0,False,Qwen/Qwen2.5-Coder-7B-Instruct,None
3240,Line,Easy,3.549,3.549,1,0.0,0.0,0.0,0.0,0.0,0.0,0.0,0.0,0.0,0.0,1.0,0.0,0.0,False,Qwen/Qwen2.5-Coder-7B-Instruct,None
3240,Line,Easy,3.549,3.549,1,0.0,0.0,0.0,0.0,0.0,0.0,0.0,0.0,0.0,0.0,1.0,0.0,0.0,False,Qwen/Qwen2.5-Coder-7B-Instruct,None
3259,Pie,Easy,3.562,7.1239,2,0.0,0.0,0.0,0.0,0.5,0.0,0.0,0.0,0.0,0.5,0.5,0.0,0.0,False,Qwen/Qwen2.5-Coder-7B-Instruct,None
3259,Pie,Easy,3.562,7.1239,2,0.0,0.0,0.0,0.0,0.5,0.0,0.0,0.0,0.0,0.5,0.5,0.0,0.0,False,Qwen/Qwen2.5-Coder-7B-Instruct,None
3259,Pie,Easy,3.562,7.1239,2,0.0,0.0,0.0,0.0,0.5,0.0,0.0,0.0,0.0,0.5,0.5,0.0,0.0,False,Qwen/Qwen2.5-Coder-7B-Instruct,None
3260,Bar,Easy,3.9819,7.9638,2,0.0,0.0,0.0,0.0,0.0,0.0,0.0,0.0,0.0,0.0,1.0,0.0,0.0,False,Qwen/Qwen2.5-Coder-7B-Instruct,None
3260,Bar,Easy,3.9819,7.9638,2,0.0,0.0,0.0,0.0,0.0,0.0,0.0,0.0,0.0,0.0,1.0,0.0,0.0,False,Qwen/Qwen2.5-Coder-7B-Instruct,None
3260,Bar,Easy,3.9819,7.9638,2,0.0,0.0,0.0,0.0,0.0,0.0,0.0,0.0,0.0,0.0,1.0,0.0,0.0,False,Qwen/Qwen2.5-Coder-7B-Instruct,None
3262,Pie,Easy,3.6613,7.3225,2,0.0,0.0,0.0,0.0,1.0,0.0,0.0,0.0,0.0,1.0,0.0,,0.0,False,Qwen/Qwen2.5-Coder-7B-Instruct,None
3262,Pie,Easy,3.6613,7.3225,2,0.0,0.0,0.0,0.0,1.0,0.0,0.0,0.0,0.0,1.0,0.0,,0.0,False,Qwen/Qwen2.5-Coder-7B-Instruct,None
3262,Pie,Easy,3.6613,7.3225,2,0.0,0.0,0.0,0.0,1.0,0.0,0.0,0.0,0.0,1.0,0.0,,0.0,False,Qwen/Qwen2.5-Coder-7B-Instruct,None
3263,Bar,Easy,3.9093,11.7278,3,0.0,0.0,0.0,0.0,0.0,0.0,0.0,0.0,0.0,0.0,1.0,0.0,0.0,False,Qwen/Qwen2.5-Coder-7B-Instruct,None
3263,Bar,Easy,3.9093,11.7278,3,0.0,0.0,0.0,0.0,0.0,0.0,0.0,0.0,0.0,0.0,1.0,0.0,0.0,False,Qwen/Qwen2.5-Coder-7B-Instruct,None
3263,Bar,Easy,3.9093,11.7278,3,0.0,0.0,0.0,0.0,0.0,0.0,0.0,0.0,0.0,0.0,1.0,0.0,0.0,False,Qwen/Qwen2.5-Coder-7B-Instruct,None
3264,Pie,Easy,3.6716,7.3432,2,0.0,0.0,0.0,0.0,0.0,0.0,0.0,0.0,0.0,0.0,1.0,0.0,0.0,False,Qwen/Qwen2.5-Coder-7B-Instruct,None
3264,Pie,Easy,3.6716,7.3432,2,0.0,0.0,0.0,0.0,0.0,0.0,0.0,0.0,0.0,0.0,1.0,0.0,0.0,False,Qwen/Qwen2.5-Coder-7B-Instruct,None
3264,Pie,Easy,3.6716,7.3432,2,0.0,0.0,0.0,0.0,0.0,0.0,0.0,0.0,0.0,0.0,1.0,0.0,0.0,False,Qwen/Qwen2.5-Coder-7B-Instruct,None
3265,Pie,Medium,11.6982,70.1891,6,0.16666666666666666,0.0,0.0,0.0,0.5,0.0,0.0,0.0,0.16666666666666666,0.5,0.3333333333333333,0.0,0.0,True,Qwen/Qwen2.5-Coder-7B-Instruct,None
3265,Pie,Medium,11.6982,70.1891,6,0.16666666666666666,0.0,0.0,0.0,0.5,0.0,0.0,0.0,0.16666666666666666,0.5,0.3333333333333333,0.0,0.0,True,Qwen/Qwen2.5-Coder-7B-Instruct,None
3265,Pie,Medium,11.6982,70.1891,6,0.16666666666666666,0.0,0.0,0.0,0.5,0.0,0.0,0.0,0.16666666666666666,0.5,0.3333333333333333,0.0,0.0,True,Qwen/Qwen2.5-Coder-7B-Instruct,None
3268,Pie,Medium,17.7173,35.4346,2,0.0,0.0,0.0,0.0,0.0,0.0,0.0,0.0,0.0,0.0,1.0,0.0,0.0,False,Qwen/Qwen2.5-Coder-7B-Instruct,None
3268,Pie,Medium,17.7173,35.4346,2,0.0,0.0,0.0,0.0,0.0,0.0,0.0,0.0,0.0,0.0,1.0,0.0,0.0,False,Qwen/Qwen2.5-Coder-7B-Instruct,None
3268,Pie,Medium,17.7173,35.4346,2,0.0,0.0,0.0,0.0,0.0,0.0,0.0,0.0,0.0,0.0,1.0,0.0,0.0,False,Qwen/Qwen2.5-Coder-7B-Instruct,None
3270,Scatter,Medium,21.1294,21.1294,1,1.0,0.0,0.0,0.0,0.0,0.0,0.0,0.0,1.0,0.0,0.0,,0.0,False,Qwen/Qwen2.5-Coder-7B-Instruct,None
3270,Scatter,Medium,21.1294,21.1294,1,1.0,0.0,0.0,0.0,0.0,0.0,0.0,0.0,1.0,0.0,0.0,,0.0,False,Qwen/Qwen2.5-Coder-7B-Instruct,None
3270,Scatter,Medium,21.1294,21.1294,1,1.0,0.0,0.0,0.0,0.0,0.0,0.0,0.0,1.0,0.0,0.0,,0.0,False,Qwen/Qwen2.5-Coder-7B-Instruct,None
3271,Pie,Medium,11.6685,23.3371,2,0.0,0.0,0.0,0.0,0.5,0.0,0.0,0.0,0.0,0.5,0.5,0.0,0.0,False,Qwen/Qwen2.5-Coder-7B-Instruct,None
3271,Pie,Medium,11.6685,23.3371,2,0.0,0.0,0.0,0.0,0.5,0.0,0.0,0.0,0.0,0.5,0.5,0.0,0.0,False,Qwen/Qwen2.5-Coder-7B-Instruct,None
3271,Pie,Medium,11.6685,23.3371,2,0.0,0.0,0.0,0.0,0.5,0.0,0.0,0.0,0.0,0.5,0.5,0.0,0.0,False,Qwen/Qwen2.5-Coder-7B-Instruct,None
3272,Grouping Scatter,Medium,18.4074,18.4074,1,1.0,0.0,0.0,0.0,0.0,0.0,0.0,0.0,1.0,0.0,0.0,,0.0,False,Qwen/Qwen2.5-Coder-7B-Instruct,None
3272,Grouping Scatter,Medium,18.4074,18.4074,1,1.0,0.0,0.0,0.0,0.0,0.0,0.0,0.0,1.0,0.0,0.0,,0.0,False,Qwen/Qwen2.5-Coder-7B-Instruct,None
3272,Grouping Scatter,Medium,18.4074,18.4074,1,1.0,0.0,0.0,0.0,0.0,0.0,0.0,0.0,1.0,0.0,0.0,,0.0,False,Qwen/Qwen2.5-Coder-7B-Instruct,None
3273,Pie,Hard,7.0104,14.0209,2,0.0,0.0,0.0,0.0,0.0,0.0,0.0,0.0,0.0,0.0,1.0,0.0,0.0,True,Qwen/Qwen2.5-Coder-7B-Instruct,None
3273,Pie,Hard,7.0104,14.0209,2,0.0,0.0,0.0,0.0,0.0,0.0,0.0,0.0,0.0,0.0,1.0,0.0,0.0,True,Qwen/Qwen2.5-Coder-7B-Instruct,None
3273,Pie,Hard,7.0104,14.0209,2,0.0,0.0,0.0,0.0,0.0,0.0,0.0,0.0,0.0,0.0,1.0,0.0,0.0,True,Qwen/Qwen2.5-Coder-7B-Instruct,None
3274,Bar,Hard,7.0412,14.0824,2,0.0,0.0,0.0,0.0,0.0,0.0,0.0,0.0,0.0,0.0,1.0,0.0,0.0,True,Qwen/Qwen2.5-Coder-7B-Instruct,None
3274,Bar,Hard,7.0412,14.0824,2,0.0,0.0,0.0,0.0,0.0,0.0,0.0,0.0,0.0,0.0,1.0,0.0,0.0,True,Qwen/Qwen2.5-Coder-7B-Instruct,None
3274,Bar,Hard,7.0412,14.0824,2,0.0,0.0,0.0,0.0,0.0,0.0,0.0,0.0,0.0,0.0,1.0,0.0,0.0,True,Qwen/Qwen2.5-Coder-7B-Instruct,None
3278,Pie,Easy,3.7616,15.0465,4,0.0,0.0,0.0,0.0,0.75,0.0,0.0,0.0,0.0,0.75,0.25,0.0,0.0,False,Qwen/Qwen2.5-Coder-7B-Instruct,None
3278,Pie,Easy,3.7616,15.0465,4,0.0,0.0,0.0,0.0,0.75,0.0,0.0,0.0,0.0,0.75,0.25,0.0,0.0,False,Qwen/Qwen2.5-Coder-7B-Instruct,None
3278,Pie,Easy,3.7616,15.0465,4,0.0,0.0,0.0,0.0,0.75,0.0,0.0,0.0,0.0,0.75,0.25,0.0,0.0,False,Qwen/Qwen2.5-Coder-7B-Instruct,None
3291,Bar,Medium,5.0456,5.0456,1,0.0,0.0,0.0,0.0,0.0,0.0,0.0,0.0,0.0,0.0,1.0,0.0,0.0,False,Qwen/Qwen2.5-Coder-7B-Instruct,None
3291,Bar,Medium,5.0456,5.0456,1,0.0,0.0,0.0,0.0,0.0,0.0,0.0,0.0,0.0,0.0,1.0,0.0,0.0,False,Qwen/Qwen2.5-Coder-7B-Instruct,None
3291,Bar,Medium,5.0456,5.0456,1,0.0,0.0,0.0,0.0,0.0,0.0,0.0,0.0,0.0,0.0,1.0,0.0,0.0,False,Qwen/Qwen2.5-Coder-7B-Instruct,None
372@y_name@DESC,Bar,Medium,5.064,5.064,1,0.0,0.0,0.0,0.0,0.0,0.0,0.0,0.0,0.0,0.0,1.0,0.0,0.0,False,Qwen/Qwen2.5-Coder-7B-Instruct,None
372@y_name@DESC,Bar,Medium,5.064,5.064,1,0.0,0.0,0.0,0.0,0.0,0.0,0.0,0.0,0.0,0.0,1.0,0.0,0.0,False,Qwen/Qwen2.5-Coder-7B-Instruct,None
372@y_name@DESC,Bar,Medium,5.064,5.064,1,0.0,0.0,0.0,0.0,0.0,0.0,0.0,0.0,0.0,0.0,1.0,0.0,0.0,False,Qwen/Qwen2.5-Coder-7B-Instruct,None
2443@y_name@ASC,Bar,Hard,6.6,26.3998,4,0.0,0.0,0.0,0.0,0.0,0.0,0.0,0.0,0.0,0.0,1.0,0.0,0.0,True,Qwen/Qwen2.5-Coder-7B-Instruct,None
2443@y_name@ASC,Bar,Hard,6.6,26.3998,4,0.0,0.0,0.0,0.0,0.0,0.0,0.0,0.0,0.0,0.0,1.0,0.0,0.0,True,Qwen/Qwen2.5-Coder-7B-Instruct,None
2443@y_name@ASC,Bar,Hard,6.6,26.3998,4,0.0,0.0,0.0,0.0,0.0,0.0,0.0,0.0,0.0,0.0,1.0,0.0,0.0,True,Qwen/Qwen2.5-Coder-7B-Instruct,None
2450@x_name@DESC,Bar,Medium,4.7217,23.6086,5,0.0,0.0,0.0,0.0,0.0,0.6,0.0,0.0,0.0,0.6,0.4,0.0,0.0,False,Qwen/Qwen2.5-Coder-7B-Instruct,None
2450@x_name@DESC,Bar,Medium,4.7217,23.6086,5,0.0,0.0,0.0,0.0,0.0,0.6,0.0,0.0,0.0,0.6,0.4,0.0,0.0,False,Qwen/Qwen2.5-Coder-7B-Instruct,None
2450@x_name@DESC,Bar,Medium,4.7217,23.6086,5,0.0,0.0,0.0,0.0,0.0,0.6,0.0,0.0,0.0,0.6,0.4,0.0,0.0,False,Qwen/Qwen2.5-Coder-7B-Instruct,None
1384@y_name@ASC,Bar,Medium,4.9557,9.9115,2,0.0,0.0,0.0,0.0,0.0,0.0,0.0,0.0,0.0,0.0,1.0,0.0,0.0,False,Qwen/Qwen2.5-Coder-7B-Instruct,None
1384@y_name@ASC,Bar,Medium,4.9557,9.9115,2,0.0,0.0,0.0,0.0,0.0,0.0,0.0,0.0,0.0,0.0,1.0,0.0,0.0,False,Qwen/Qwen2.5-Coder-7B-Instruct,None
1384@y_name@ASC,Bar,Medium,4.9557,9.9115,2,0.0,0.0,0.0,0.0,0.0,0.0,0.0,0.0,0.0,0.0,1.0,0.0,0.0,False,Qwen/Qwen2.5-Coder-7B-Instruct,None
1388@x_name@ASC,Line,Hard,4.0374,8.0749,2,0.0,0.0,0.0,0.0,0.0,0.0,0.0,0.0,0.0,0.0,1.0,0.0,0.0,True,Qwen/Qwen2.5-Coder-7B-Instruct,None
1388@x_name@ASC,Line,Hard,4.0374,8.0749,2,0.0,0.0,0.0,0.0,0.0,0.0,0.0,0.0,0.0,0.0,1.0,0.0,0.0,True,Qwen/Qwen2.5-Coder-7B-Instruct,None
1388@x_name@ASC,Line,Hard,4.0374,8.0749,2,0.0,0.0,0.0,0.0,0.0,0.0,0.0,0.0,0.0,0.0,1.0,0.0,0.0,True,Qwen/Qwen2.5-Coder-7B-Instruct,None
1390@y_name@DESC,Bar,Hard,6.9899,13.9797,2,0.0,0.0,0.0,0.0,0.0,0.0,0.0,0.0,0.0,0.0,1.0,0.0,0.0,True,Qwen/Qwen2.5-Coder-7B-Instruct,None
1390@y_name@DESC,Bar,Hard,6.9899,13.9797,2,0.0,0.0,0.0,0.0,0.0,0.0,0.0,0.0,0.0,0.0,1.0,0.0,0.0,True,Qwen/Qwen2.5-Coder-7B-Instruct,None
1390@y_name@DESC,Bar,Hard,6.9899,13.9797,2,0.0,0.0,0.0,0.0,0.0,0.0,0.0,0.0,0.0,0.0,1.0,0.0,0.0,True,Qwen/Qwen2.5-Coder-7B-Instruct,None
3204@y_name@DESC,Bar,Medium,4.6629,13.9886,3,0.0,0.0,0.0,0.0,0.3333333333333333,0.0,0.0,0.0,0.0,0.3333333333333333,0.6666666666666666,0.0,0.0,False,Qwen/Qwen2.5-Coder-7B-Instruct,None
3204@y_name@DESC,Bar,Medium,4.6629,13.9886,3,0.0,0.0,0.0,0.0,0.3333333333333333,0.0,0.0,0.0,0.0,0.3333333333333333,0.6666666666666666,0.0,0.0,False,Qwen/Qwen2.5-Coder-7B-Instruct,None
3204@y_name@DESC,Bar,Medium,4.6629,13.9886,3,0.0,0.0,0.0,0.0,0.3333333333333333,0.0,0.0,0.0,0.0,0.3333333333333333,0.6666666666666666,0.0,0.0,False,Qwen/Qwen2.5-Coder-7B-Instruct,None
1475@y_name@DESC,Bar,Hard,7.3335,7.3335,1,0.0,0.0,0.0,0.0,0.0,0.0,0.0,0.0,0.0,0.0,1.0,0.0,0.0,True,Qwen/Qwen2.5-Coder-7B-Instruct,None
1475@y_name@DESC,Bar,Hard,7.3335,7.3335,1,0.0,0.0,0.0,0.0,0.0,0.0,0.0,0.0,0.0,0.0,1.0,0.0,0.0,True,Qwen/Qwen2.5-Coder-7B-Instruct,None
1475@y_name@DESC,Bar,Hard,7.3335,7.3335,1,0.0,0.0,0.0,0.0,0.0,0.0,0.0,0.0,0.0,0.0,1.0,0.0,0.0,True,Qwen/Qwen2.5-Coder-7B-Instruct,None
1478@y_name@DESC,Bar,Extra Hard,8.2467,8.2467,1,0.0,0.0,0.0,0.0,0.0,0.0,0.0,0.0,0.0,0.0,1.0,0.0,0.0,True,Qwen/Qwen2.5-Coder-7B-Instruct,None
1478@y_name@DESC,Bar,Extra Hard,8.2467,8.2467,1,0.0,0.0,0.0,0.0,0.0,0.0,0.0,0.0,0.0,0.0,1.0,0.0,0.0,True,Qwen/Qwen2.5-Coder-7B-Instruct,None
1478@y_name@DESC,Bar,Extra Hard,8.2467,8.2467,1,0.0,0.0,0.0,0.0,0.0,0.0,0.0,0.0,0.0,0.0,1.0,0.0,0.0,True,Qwen/Qwen2.5-Coder-7B-Instruct,None
1484@x_name@ASC,Grouping Line,Hard,4.7964,4.7964,1,0.0,0.0,0.0,0.0,1.0,0.0,0.0,0.0,0.0,1.0,0.0,,0.0,False,Qwen/Qwen2.5-Coder-7B-Instruct,None
1484@x_name@ASC,Grouping Line,Hard,4.7964,4.7964,1,0.0,0.0,0.0,0.0,1.0,0.0,0.0,0.0,0.0,1.0,0.0,,0.0,False,Qwen/Qwen2.5-Coder-7B-Instruct,None
1484@x_name@ASC,Grouping Line,Hard,4.7964,4.7964,1,0.0,0.0,0.0,0.0,1.0,0.0,0.0,0.0,0.0,1.0,0.0,,0.0,False,Qwen/Qwen2.5-Coder-7B-Instruct,None
1487@y_name@ASC,Stacked Bar,Hard,4.6943,9.3886,2,0.0,0.0,0.0,0.0,0.0,1.0,0.0,0.0,0.0,1.0,0.0,,0.0,False,Qwen/Qwen2.5-Coder-7B-Instruct,None
1487@y_name@ASC,Stacked Bar,Hard,4.6943,9.3886,2,0.0,0.0,0.0,0.0,0.0,1.0,0.0,0.0,0.0,1.0,0.0,,0.0,False,Qwen/Qwen2.5-Coder-7B-Instruct,None
1487@y_name@ASC,Stacked Bar,Hard,4.6943,9.3886,2,0.0,0.0,0.0,0.0,0.0,1.0,0.0,0.0,0.0,1.0,0.0,,0.0,False,Qwen/Qwen2.5-Coder-7B-Instruct,None
1488@x_name@DESC,Stacked Bar,Hard,5.1506,5.1506,1,0.0,0.0,0.0,0.0,0.0,1.0,0.0,0.0,0.0,1.0,0.0,,0.0,False,Qwen/Qwen2.5-Coder-7B-Instruct,None
1488@x_name@DESC,Stacked Bar,Hard,5.1506,5.1506,1,0.0,0.0,0.0,0.0,0.0,1.0,0.0,0.0,0.0,1.0,0.0,,0.0,False,Qwen/Qwen2.5-Coder-7B-Instruct,None
1488@x_name@DESC,Stacked Bar,Hard,5.1506,5.1506,1,0.0,0.0,0.0,0.0,0.0,1.0,0.0,0.0,0.0,1.0,0.0,,0.0,False,Qwen/Qwen2.5-Coder-7B-Instruct,None
1491@y_name@DESC,Bar,Medium,3.9456,7.8912,2,0.0,0.0,0.0,0.0,0.0,0.0,0.0,0.0,0.0,0.0,1.0,0.0,0.0,False,Qwen/Qwen2.5-Coder-7B-Instruct,None
1491@y_name@DESC,Bar,Medium,3.9456,7.8912,2,0.0,0.0,0.0,0.0,0.0,0.0,0.0,0.0,0.0,0.0,1.0,0.0,0.0,False,Qwen/Qwen2.5-Coder-7B-Instruct,None
1491@y_name@DESC,Bar,Medium,3.9456,7.8912,2,0.0,0.0,0.0,0.0,0.0,0.0,0.0,0.0,0.0,0.0,1.0,0.0,0.0,False,Qwen/Qwen2.5-Coder-7B-Instruct,None
1493@y_name@ASC,Bar,Medium,4.0115,8.023,2,0.0,0.0,0.0,0.0,0.0,0.0,0.0,0.0,0.0,0.0,1.0,0.0,0.0,False,Qwen/Qwen2.5-Coder-7B-Instruct,None
1493@y_name@ASC,Bar,Medium,4.0115,8.023,2,0.0,0.0,0.0,0.0,0.0,0.0,0.0,0.0,0.0,0.0,1.0,0.0,0.0,False,Qwen/Qwen2.5-Coder-7B-Instruct,None
1493@y_name@ASC,Bar,Medium,4.0115,8.023,2,0.0,0.0,0.0,0.0,0.0,0.0,0.0,0.0,0.0,0.0,1.0,0.0,0.0,False,Qwen/Qwen2.5-Coder-7B-Instruct,None
1494@x_name@ASC,Line,Medium,4.3187,4.3187,1,0.0,0.0,0.0,0.0,0.0,0.0,0.0,0.0,0.0,0.0,1.0,0.0,0.0,False,Qwen/Qwen2.5-Coder-7B-Instruct,None
1494@x_name@ASC,Line,Medium,4.3187,4.3187,1,0.0,0.0,0.0,0.0,0.0,0.0,0.0,0.0,0.0,0.0,1.0,0.0,0.0,False,Qwen/Qwen2.5-Coder-7B-Instruct,None
1494@x_name@ASC,Line,Medium,4.3187,4.3187,1,0.0,0.0,0.0,0.0,0.0,0.0,0.0,0.0,0.0,0.0,1.0,0.0,0.0,False,Qwen/Qwen2.5-Coder-7B-Instruct,None
1495@x_name@ASC,Line,Medium,3.651,10.953,3,0.0,0.0,0.0,0.0,0.0,0.0,0.0,0.0,0.0,0.0,1.0,0.0,0.0,False,Qwen/Qwen2.5-Coder-7B-Instruct,None
1495@x_name@ASC,Line,Medium,3.651,10.953,3,0.0,0.0,0.0,0.0,0.0,0.0,0.0,0.0,0.0,0.0,1.0,0.0,0.0,False,Qwen/Qwen2.5-Coder-7B-Instruct,None
1495@x_name@ASC,Line,Medium,3.651,10.953,3,0.0,0.0,0.0,0.0,0.0,0.0,0.0,0.0,0.0,0.0,1.0,0.0,0.0,False,Qwen/Qwen2.5-Coder-7B-Instruct,None
1523@x_name@DESC,Bar,Extra Hard,7.0165,7.0165,1,0.0,0.0,0.0,0.0,0.0,1.0,0.0,0.0,0.0,1.0,0.0,,0.0,True,Qwen/Qwen2.5-Coder-7B-Instruct,None
1523@x_name@DESC,Bar,Extra Hard,7.0165,7.0165,1,0.0,0.0,0.0,0.0,0.0,1.0,0.0,0.0,0.0,1.0,0.0,,0.0,True,Qwen/Qwen2.5-Coder-7B-Instruct,None
1523@x_name@DESC,Bar,Extra Hard,7.0165,7.0165,1,0.0,0.0,0.0,0.0,0.0,1.0,0.0,0.0,0.0,1.0,0.0,,0.0,True,Qwen/Qwen2.5-Coder-7B-Instruct,None
1525@y_name@ASC,Bar,Hard,10.0485,30.1454,3,0.0,0.0,0.0,0.0,0.0,0.0,0.0,0.0,0.0,0.0,1.0,0.0,0.0,True,Qwen/Qwen2.5-Coder-7B-Instruct,None
1525@y_name@ASC,Bar,Hard,10.0485,30.1454,3,0.0,0.0,0.0,0.0,0.0,0.0,0.0,0.0,0.0,0.0,1.0,0.0,0.0,True,Qwen/Qwen2.5-Coder-7B-Instruct,None
1525@y_name@ASC,Bar,Hard,10.0485,30.1454,3,0.0,0.0,0.0,0.0,0.0,0.0,0.0,0.0,0.0,0.0,1.0,0.0,0.0,True,Qwen/Qwen2.5-Coder-7B-Instruct,None
1532@x_name@DESC,Bar,Hard,6.4607,19.3822,3,0.0,0.0,0.0,0.0,0.0,1.0,0.0,0.0,0.0,1.0,0.0,,0.0,True,Qwen/Qwen2.5-Coder-7B-Instruct,None
1532@x_name@DESC,Bar,Hard,6.4607,19.3822,3,0.0,0.0,0.0,0.0,0.0,1.0,0.0,0.0,0.0,1.0,0.0,,0.0,True,Qwen/Qwen2.5-Coder-7B-Instruct,None
1532@x_name@DESC,Bar,Hard,6.4607,19.3822,3,0.0,0.0,0.0,0.0,0.0,1.0,0.0,0.0,0.0,1.0,0.0,,0.0,True,Qwen/Qwen2.5-Coder-7B-Instruct,None
2308@y_name@DESC,Bar,Medium,4.9421,4.9421,1,0.0,0.0,0.0,0.0,0.0,0.0,0.0,0.0,0.0,0.0,1.0,0.0,0.0,False,Qwen/Qwen2.5-Coder-7B-Instruct,None
2308@y_name@DESC,Bar,Medium,4.9421,4.9421,1,0.0,0.0,0.0,0.0,0.0,0.0,0.0,0.0,0.0,0.0,1.0,0.0,0.0,False,Qwen/Qwen2.5-Coder-7B-Instruct,None
2308@y_name@DESC,Bar,Medium,4.9421,4.9421,1,0.0,0.0,0.0,0.0,0.0,0.0,0.0,0.0,0.0,0.0,1.0,0.0,0.0,False,Qwen/Qwen2.5-Coder-7B-Instruct,None
2310@x_name@DESC,Bar,Hard,6.9888,6.9888,1,0.0,0.0,0.0,0.0,0.0,1.0,0.0,0.0,0.0,1.0,0.0,,0.0,True,Qwen/Qwen2.5-Coder-7B-Instruct,None
2310@x_name@DESC,Bar,Hard,6.9888,6.9888,1,0.0,0.0,0.0,0.0,0.0,1.0,0.0,0.0,0.0,1.0,0.0,,0.0,True,Qwen/Qwen2.5-Coder-7B-Instruct,None
2310@x_name@DESC,Bar,Hard,6.9888,6.9888,1,0.0,0.0,0.0,0.0,0.0,1.0,0.0,0.0,0.0,1.0,0.0,,0.0,True,Qwen/Qwen2.5-Coder-7B-Instruct,None
2314@x_name@DESC,Bar,Medium,7.4435,14.8869,2,0.0,0.0,0.0,0.0,0.0,0.0,0.0,0.0,0.0,0.0,1.0,0.0,0.0,True,Qwen/Qwen2.5-Coder-7B-Instruct,None
2314@x_name@DESC,Bar,Medium,7.4435,14.8869,2,0.0,0.0,0.0,0.0,0.0,0.0,0.0,0.0,0.0,0.0,1.0,0.0,0.0,True,Qwen/Qwen2.5-Coder-7B-Instruct,None
2314@x_name@DESC,Bar,Medium,7.4435,14.8869,2,0.0,0.0,0.0,0.0,0.0,0.0,0.0,0.0,0.0,0.0,1.0,0.0,0.0,True,Qwen/Qwen2.5-Coder-7B-Instruct,None
2831@x_name@DESC,Bar,Medium,3.9307,11.792,3,0.0,0.0,0.0,0.0,0.0,1.0,0.0,0.0,0.0,1.0,0.0,,0.0,False,Qwen/Qwen2.5-Coder-7B-Instruct,None
2831@x_name@DESC,Bar,Medium,3.9307,11.792,3,0.0,0.0,0.0,0.0,0.0,1.0,0.0,0.0,0.0,1.0,0.0,,0.0,False,Qwen/Qwen2.5-Coder-7B-Instruct,None
2831@x_name@DESC,Bar,Medium,3.9307,11.792,3,0.0,0.0,0.0,0.0,0.0,1.0,0.0,0.0,0.0,1.0,0.0,,0.0,False,Qwen/Qwen2.5-Coder-7B-Instruct,None
2834@x_name@DESC,Bar,Medium,4.1205,4.1205,1,0.0,0.0,0.0,0.0,0.0,1.0,0.0,0.0,0.0,1.0,0.0,,0.0,False,Qwen/Qwen2.5-Coder-7B-Instruct,None
2834@x_name@DESC,Bar,Medium,4.1205,4.1205,1,0.0,0.0,0.0,0.0,0.0,1.0,0.0,0.0,0.0,1.0,0.0,,0.0,False,Qwen/Qwen2.5-Coder-7B-Instruct,None
2834@x_name@DESC,Bar,Medium,4.1205,4.1205,1,0.0,0.0,0.0,0.0,0.0,1.0,0.0,0.0,0.0,1.0,0.0,,0.0,False,Qwen/Qwen2.5-Coder-7B-Instruct,None
2838@x_name@ASC,Bar,Medium,4.0196,8.0392,2,0.0,0.0,0.0,0.0,0.5,0.5,0.0,0.0,0.0,1.0,0.0,,0.0,False,Qwen/Qwen2.5-Coder-7B-Instruct,None
2838@x_name@ASC,Bar,Medium,4.0196,8.0392,2,0.0,0.0,0.0,0.0,0.5,0.5,0.0,0.0,0.0,1.0,0.0,,0.0,False,Qwen/Qwen2.5-Coder-7B-Instruct,None
2838@x_name@ASC,Bar,Medium,4.0196,8.0392,2,0.0,0.0,0.0,0.0,0.5,0.5,0.0,0.0,0.0,1.0,0.0,,0.0,False,Qwen/Qwen2.5-Coder-7B-Instruct,None
2841@y_name@ASC,Bar,Medium,4.8354,9.6709,2,0.0,0.0,0.0,0.0,0.0,0.0,0.0,0.0,0.0,0.0,1.0,0.0,0.0,False,Qwen/Qwen2.5-Coder-7B-Instruct,None
2841@y_name@ASC,Bar,Medium,4.8354,9.6709,2,0.0,0.0,0.0,0.0,0.0,0.0,0.0,0.0,0.0,0.0,1.0,0.0,0.0,False,Qwen/Qwen2.5-Coder-7B-Instruct,None
2841@y_name@ASC,Bar,Medium,4.8354,9.6709,2,0.0,0.0,0.0,0.0,0.0,0.0,0.0,0.0,0.0,0.0,1.0,0.0,0.0,False,Qwen/Qwen2.5-Coder-7B-Instruct,None
2844@y_name@DESC,Bar,Medium,4.0383,8.0767,2,0.0,0.0,0.0,0.0,0.0,0.0,0.0,0.0,0.0,0.0,1.0,0.0,0.0,False,Qwen/Qwen2.5-Coder-7B-Instruct,None
2844@y_name@DESC,Bar,Medium,4.0383,8.0767,2,0.0,0.0,0.0,0.0,0.0,0.0,0.0,0.0,0.0,0.0,1.0,0.0,0.0,False,Qwen/Qwen2.5-Coder-7B-Instruct,None
2844@y_name@DESC,Bar,Medium,4.0383,8.0767,2,0.0,0.0,0.0,0.0,0.0,0.0,0.0,0.0,0.0,0.0,1.0,0.0,0.0,False,Qwen/Qwen2.5-Coder-7B-Instruct,None
2845@y_name@ASC,Bar,Extra Hard,8.5366,8.5366,1,0.0,0.0,0.0,0.0,0.0,0.0,0.0,0.0,0.0,0.0,1.0,0.0,0.0,True,Qwen/Qwen2.5-Coder-7B-Instruct,None
2845@y_name@ASC,Bar,Extra Hard,8.5366,8.5366,1,0.0,0.0,0.0,0.0,0.0,0.0,0.0,0.0,0.0,0.0,1.0,0.0,0.0,True,Qwen/Qwen2.5-Coder-7B-Instruct,None
2845@y_name@ASC,Bar,Extra Hard,8.5366,8.5366,1,0.0,0.0,0.0,0.0,0.0,0.0,0.0,0.0,0.0,0.0,1.0,0.0,0.0,True,Qwen/Qwen2.5-Coder-7B-Instruct,None
2544@y_name@ASC,Bar,Medium,3.9061,11.7183,3,0.0,0.0,0.0,0.0,0.0,0.0,0.0,0.0,0.0,0.0,1.0,0.0,0.0,False,Qwen/Qwen2.5-Coder-7B-Instruct,None
2544@y_name@ASC,Bar,Medium,3.9061,11.7183,3,0.0,0.0,0.0,0.0,0.0,0.0,0.0,0.0,0.0,0.0,1.0,0.0,0.0,False,Qwen/Qwen2.5-Coder-7B-Instruct,None
2544@y_name@ASC,Bar,Medium,3.9061,11.7183,3,0.0,0.0,0.0,0.0,0.0,0.0,0.0,0.0,0.0,0.0,1.0,0.0,0.0,False,Qwen/Qwen2.5-Coder-7B-Instruct,None
2865@y_name@ASC,Bar,Hard,7.4951,22.4852,3,0.0,0.0,0.0,0.0,0.6666666666666666,0.0,0.0,0.0,0.0,0.6666666666666666,0.3333333333333333,0.0,0.0,True,Qwen/Qwen2.5-Coder-7B-Instruct,None
2865@y_name@ASC,Bar,Hard,7.4951,22.4852,3,0.0,0.0,0.0,0.0,0.6666666666666666,0.0,0.0,0.0,0.0,0.6666666666666666,0.3333333333333333,0.0,0.0,True,Qwen/Qwen2.5-Coder-7B-Instruct,None
2865@y_name@ASC,Bar,Hard,7.4951,22.4852,3,0.0,0.0,0.0,0.0,0.6666666666666666,0.0,0.0,0.0,0.0,0.6666666666666666,0.3333333333333333,0.0,0.0,True,Qwen/Qwen2.5-Coder-7B-Instruct,None
2867@x_name@ASC,Bar,Hard,6.796,13.592,2,0.0,0.0,0.0,0.0,0.0,0.5,0.0,0.0,0.0,0.5,0.5,0.0,0.0,True,Qwen/Qwen2.5-Coder-7B-Instruct,None
2867@x_name@ASC,Bar,Hard,6.796,13.592,2,0.0,0.0,0.0,0.0,0.0,0.5,0.0,0.0,0.0,0.5,0.5,0.0,0.0,True,Qwen/Qwen2.5-Coder-7B-Instruct,None
2867@x_name@ASC,Bar,Hard,6.796,13.592,2,0.0,0.0,0.0,0.0,0.0,0.5,0.0,0.0,0.0,0.5,0.5,0.0,0.0,True,Qwen/Qwen2.5-Coder-7B-Instruct,None
2868@y_name@ASC,Bar,Medium,4.8873,9.7746,2,0.0,0.0,0.0,0.0,0.0,0.0,0.0,0.0,0.0,0.0,1.0,0.0,0.0,False,Qwen/Qwen2.5-Coder-7B-Instruct,None
2868@y_name@ASC,Bar,Medium,4.8873,9.7746,2,0.0,0.0,0.0,0.0,0.0,0.0,0.0,0.0,0.0,0.0,1.0,0.0,0.0,False,Qwen/Qwen2.5-Coder-7B-Instruct,None
2868@y_name@ASC,Bar,Medium,4.8873,9.7746,2,0.0,0.0,0.0,0.0,0.0,0.0,0.0,0.0,0.0,0.0,1.0,0.0,0.0,False,Qwen/Qwen2.5-Coder-7B-Instruct,None
2869@y_name@DESC,Bar,Medium,8.1031,16.2062,2,0.0,0.0,0.0,0.0,0.0,0.0,0.0,0.0,0.0,0.0,1.0,0.0,0.0,False,Qwen/Qwen2.5-Coder-7B-Instruct,None
2869@y_name@DESC,Bar,Medium,8.1031,16.2062,2,0.0,0.0,0.0,0.0,0.0,0.0,0.0,0.0,0.0,0.0,1.0,0.0,0.0,False,Qwen/Qwen2.5-Coder-7B-Instruct,None
2869@y_name@DESC,Bar,Medium,8.1031,16.2062,2,0.0,0.0,0.0,0.0,0.0,0.0,0.0,0.0,0.0,0.0,1.0,0.0,0.0,False,Qwen/Qwen2.5-Coder-7B-Instruct,None
1407@y_name@DESC,Bar,Medium,4.6151,18.4605,4,0.0,0.25,0.0,0.0,0.0,0.0,0.0,0.0,0.25,0.0,0.75,0.0,0.0,False,Qwen/Qwen2.5-Coder-7B-Instruct,None
1407@y_name@DESC,Bar,Medium,4.6151,18.4605,4,0.0,0.25,0.0,0.0,0.0,0.0,0.0,0.0,0.25,0.0,0.75,0.0,0.0,False,Qwen/Qwen2.5-Coder-7B-Instruct,None
1407@y_name@DESC,Bar,Medium,4.6151,18.4605,4,0.0,0.25,0.0,0.0,0.0,0.0,0.0,0.0,0.25,0.0,0.75,0.0,0.0,False,Qwen/Qwen2.5-Coder-7B-Instruct,None
1409@y_name@DESC,Bar,Hard,6.8203,27.2814,4,0.0,0.0,0.0,0.0,0.0,0.0,0.0,0.0,0.0,0.0,1.0,0.0,0.0,True,Qwen/Qwen2.5-Coder-7B-Instruct,None
1409@y_name@DESC,Bar,Hard,6.8203,27.2814,4,0.0,0.0,0.0,0.0,0.0,0.0,0.0,0.0,0.0,0.0,1.0,0.0,0.0,True,Qwen/Qwen2.5-Coder-7B-Instruct,None
1409@y_name@DESC,Bar,Hard,6.8203,27.2814,4,0.0,0.0,0.0,0.0,0.0,0.0,0.0,0.0,0.0,0.0,1.0,0.0,0.0,True,Qwen/Qwen2.5-Coder-7B-Instruct,None
1413@y_name@ASC,Bar,Hard,4.8854,9.7709,2,0.0,0.0,0.0,0.0,0.0,0.0,0.0,0.0,0.0,0.0,1.0,0.0,0.0,False,Qwen/Qwen2.5-Coder-7B-Instruct,None
1413@y_name@ASC,Bar,Hard,4.8854,9.7709,2,0.0,0.0,0.0,0.0,0.0,0.0,0.0,0.0,0.0,0.0,1.0,0.0,0.0,False,Qwen/Qwen2.5-Coder-7B-Instruct,None
1413@y_name@ASC,Bar,Hard,4.8854,9.7709,2,0.0,0.0,0.0,0.0,0.0,0.0,0.0,0.0,0.0,0.0,1.0,0.0,0.0,False,Qwen/Qwen2.5-Coder-7B-Instruct,None
1414@y_name@DESC,Bar,Easy,5.0148,10.0296,2,0.0,0.0,0.0,0.0,0.0,0.0,0.0,0.0,0.0,0.0,1.0,0.0,0.0,False,Qwen/Qwen2.5-Coder-7B-Instruct,None
1414@y_name@DESC,Bar,Easy,5.0148,10.0296,2,0.0,0.0,0.0,0.0,0.0,0.0,0.0,0.0,0.0,0.0,1.0,0.0,0.0,False,Qwen/Qwen2.5-Coder-7B-Instruct,None
1414@y_name@DESC,Bar,Easy,5.0148,10.0296,2,0.0,0.0,0.0,0.0,0.0,0.0,0.0,0.0,0.0,0.0,1.0,0.0,0.0,False,Qwen/Qwen2.5-Coder-7B-Instruct,None
2173@y_name@DESC,Bar,Hard,6.2879,18.8637,3,0.0,0.0,0.0,0.0,1.0,0.0,0.0,0.0,0.0,1.0,0.0,,0.0,True,Qwen/Qwen2.5-Coder-7B-Instruct,None
2173@y_name@DESC,Bar,Hard,6.2879,18.8637,3,0.0,0.0,0.0,0.0,1.0,0.0,0.0,0.0,0.0,1.0,0.0,,0.0,True,Qwen/Qwen2.5-Coder-7B-Instruct,None
2173@y_name@DESC,Bar,Hard,6.2879,18.8637,3,0.0,0.0,0.0,0.0,1.0,0.0,0.0,0.0,0.0,1.0,0.0,,0.0,True,Qwen/Qwen2.5-Coder-7B-Instruct,None
2175@y_name@ASC,Bar,Medium,5.8008,5.8008,1,0.0,0.0,0.0,0.0,0.0,0.0,0.0,0.0,0.0,0.0,1.0,0.0,0.0,False,Qwen/Qwen2.5-Coder-7B-Instruct,None
2175@y_name@ASC,Bar,Medium,5.8008,5.8008,1,0.0,0.0,0.0,0.0,0.0,0.0,0.0,0.0,0.0,0.0,1.0,0.0,0.0,False,Qwen/Qwen2.5-Coder-7B-Instruct,None
2175@y_name@ASC,Bar,Medium,5.8008,5.8008,1,0.0,0.0,0.0,0.0,0.0,0.0,0.0,0.0,0.0,0.0,1.0,0.0,0.0,False,Qwen/Qwen2.5-Coder-7B-Instruct,None
2176@y_name@DESC,Bar,Medium,7.0055,14.011,2,0.0,0.0,0.0,0.0,0.0,0.0,0.0,0.0,0.0,0.0,1.0,0.0,0.0,True,Qwen/Qwen2.5-Coder-7B-Instruct,None
2176@y_name@DESC,Bar,Medium,7.0055,14.011,2,0.0,0.0,0.0,0.0,0.0,0.0,0.0,0.0,0.0,0.0,1.0,0.0,0.0,True,Qwen/Qwen2.5-Coder-7B-Instruct,None
2176@y_name@DESC,Bar,Medium,7.0055,14.011,2,0.0,0.0,0.0,0.0,0.0,0.0,0.0,0.0,0.0,0.0,1.0,0.0,0.0,True,Qwen/Qwen2.5-Coder-7B-Instruct,None
2177@x_name@ASC,Bar,Medium,4.1528,8.3056,2,0.0,0.0,0.0,0.0,0.0,0.0,0.0,0.0,0.0,0.0,1.0,0.0,0.0,False,Qwen/Qwen2.5-Coder-7B-Instruct,None
2177@x_name@ASC,Bar,Medium,4.1528,8.3056,2,0.0,0.0,0.0,0.0,0.0,0.0,0.0,0.0,0.0,0.0,1.0,0.0,0.0,False,Qwen/Qwen2.5-Coder-7B-Instruct,None
2177@x_name@ASC,Bar,Medium,4.1528,8.3056,2,0.0,0.0,0.0,0.0,0.0,0.0,0.0,0.0,0.0,0.0,1.0,0.0,0.0,False,Qwen/Qwen2.5-Coder-7B-Instruct,None
2178@x_name@DESC,Bar,Medium,4.3004,4.3004,1,0.0,0.0,0.0,0.0,0.0,1.0,0.0,0.0,0.0,1.0,0.0,,0.0,False,Qwen/Qwen2.5-Coder-7B-Instruct,None
2178@x_name@DESC,Bar,Medium,4.3004,4.3004,1,0.0,0.0,0.0,0.0,0.0,1.0,0.0,0.0,0.0,1.0,0.0,,0.0,False,Qwen/Qwen2.5-Coder-7B-Instruct,None
2178@x_name@DESC,Bar,Medium,4.3004,4.3004,1,0.0,0.0,0.0,0.0,0.0,1.0,0.0,0.0,0.0,1.0,0.0,,0.0,False,Qwen/Qwen2.5-Coder-7B-Instruct,None
2179@y_name@DESC,Bar,Medium,6.4789,12.9577,2,0.0,0.0,0.0,0.0,0.5,0.0,0.0,0.0,0.0,0.5,0.5,0.0,0.0,False,Qwen/Qwen2.5-Coder-7B-Instruct,None
2179@y_name@DESC,Bar,Medium,6.4789,12.9577,2,0.0,0.0,0.0,0.0,0.5,0.0,0.0,0.0,0.0,0.5,0.5,0.0,0.0,False,Qwen/Qwen2.5-Coder-7B-Instruct,None
2179@y_name@DESC,Bar,Medium,6.4789,12.9577,2,0.0,0.0,0.0,0.0,0.5,0.0,0.0,0.0,0.0,0.5,0.5,0.0,0.0,False,Qwen/Qwen2.5-Coder-7B-Instruct,None
2191@x_name@DESC,Bar,Medium,4.8182,14.4547,3,0.0,0.0,0.0,0.0,0.0,0.3333333333333333,0.0,0.0,0.0,0.3333333333333333,0.6666666666666666,0.0,0.0,False,Qwen/Qwen2.5-Coder-7B-Instruct,None
2191@x_name@DESC,Bar,Medium,4.8182,14.4547,3,0.0,0.0,0.0,0.0,0.0,0.3333333333333333,0.0,0.0,0.0,0.3333333333333333,0.6666666666666666,0.0,0.0,False,Qwen/Qwen2.5-Coder-7B-Instruct,None
2191@x_name@DESC,Bar,Medium,4.8182,14.4547,3,0.0,0.0,0.0,0.0,0.0,0.3333333333333333,0.0,0.0,0.0,0.3333333333333333,0.6666666666666666,0.0,0.0,False,Qwen/Qwen2.5-Coder-7B-Instruct,None
2201@x_name@DESC,Bar,Medium,5.7882,11.5765,2,0.0,0.0,0.0,0.0,0.0,1.0,0.0,0.0,0.0,1.0,0.0,,0.0,False,Qwen/Qwen2.5-Coder-7B-Instruct,None
2201@x_name@DESC,Bar,Medium,5.7882,11.5765,2,0.0,0.0,0.0,0.0,0.0,1.0,0.0,0.0,0.0,1.0,0.0,,0.0,False,Qwen/Qwen2.5-Coder-7B-Instruct,None
2201@x_name@DESC,Bar,Medium,5.7882,11.5765,2,0.0,0.0,0.0,0.0,0.0,1.0,0.0,0.0,0.0,1.0,0.0,,0.0,False,Qwen/Qwen2.5-Coder-7B-Instruct,None
2203@x_name@DESC,Bar,Medium,7.3252,7.3252,1,0.0,0.0,0.0,0.0,0.0,1.0,0.0,0.0,0.0,1.0,0.0,,0.0,True,Qwen/Qwen2.5-Coder-7B-Instruct,None
2203@x_name@DESC,Bar,Medium,7.3252,7.3252,1,0.0,0.0,0.0,0.0,0.0,1.0,0.0,0.0,0.0,1.0,0.0,,0.0,True,Qwen/Qwen2.5-Coder-7B-Instruct,None
2203@x_name@DESC,Bar,Medium,7.3252,7.3252,1,0.0,0.0,0.0,0.0,0.0,1.0,0.0,0.0,0.0,1.0,0.0,,0.0,True,Qwen/Qwen2.5-Coder-7B-Instruct,None
2215@x_name@ASC,Bar,Hard,7.1901,14.3802,2,0.0,0.0,0.0,0.0,0.0,1.0,0.0,0.0,0.0,1.0,0.0,,0.0,True,Qwen/Qwen2.5-Coder-7B-Instruct,None
2215@x_name@ASC,Bar,Hard,7.1901,14.3802,2,0.0,0.0,0.0,0.0,0.0,1.0,0.0,0.0,0.0,1.0,0.0,,0.0,True,Qwen/Qwen2.5-Coder-7B-Instruct,None
2215@x_name@ASC,Bar,Hard,7.1901,14.3802,2,0.0,0.0,0.0,0.0,0.0,1.0,0.0,0.0,0.0,1.0,0.0,,0.0,True,Qwen/Qwen2.5-Coder-7B-Instruct,None
2224@x_name@ASC,Bar,Hard,8.4546,25.3638,3,0.0,0.0,0.0,0.0,0.0,0.3333333333333333,0.0,0.0,0.0,0.3333333333333333,0.6666666666666666,0.0,0.0,True,Qwen/Qwen2.5-Coder-7B-Instruct,None
2224@x_name@ASC,Bar,Hard,8.4546,25.3638,3,0.0,0.0,0.0,0.0,0.0,0.3333333333333333,0.0,0.0,0.0,0.3333333333333333,0.6666666666666666,0.0,0.0,True,Qwen/Qwen2.5-Coder-7B-Instruct,None
2224@x_name@ASC,Bar,Hard,8.4546,25.3638,3,0.0,0.0,0.0,0.0,0.0,0.3333333333333333,0.0,0.0,0.0,0.3333333333333333,0.6666666666666666,0.0,0.0,True,Qwen/Qwen2.5-Coder-7B-Instruct,None
2225@y_name@DESC,Bar,Hard,8.4021,25.2064,3,0.0,0.0,0.0,0.0,0.0,0.0,0.0,0.0,0.0,0.0,1.0,0.0,0.0,True,Qwen/Qwen2.5-Coder-7B-Instruct,None
2225@y_name@DESC,Bar,Hard,8.4021,25.2064,3,0.0,0.0,0.0,0.0,0.0,0.0,0.0,0.0,0.0,0.0,1.0,0.0,0.0,True,Qwen/Qwen2.5-Coder-7B-Instruct,None
2225@y_name@DESC,Bar,Hard,8.4021,25.2064,3,0.0,0.0,0.0,0.0,0.0,0.0,0.0,0.0,0.0,0.0,1.0,0.0,0.0,True,Qwen/Qwen2.5-Coder-7B-Instruct,None
2235@x_name@DESC,Bar,Hard,8.5812,17.1624,2,0.0,0.0,0.0,0.0,0.0,0.5,0.0,0.0,0.0,0.5,0.5,0.0,0.0,True,Qwen/Qwen2.5-Coder-7B-Instruct,None
2235@x_name@DESC,Bar,Hard,8.5812,17.1624,2,0.0,0.0,0.0,0.0,0.0,0.5,0.0,0.0,0.0,0.5,0.5,0.0,0.0,True,Qwen/Qwen2.5-Coder-7B-Instruct,None
2235@x_name@DESC,Bar,Hard,8.5812,17.1624,2,0.0,0.0,0.0,0.0,0.0,0.5,0.0,0.0,0.0,0.5,0.5,0.0,0.0,True,Qwen/Qwen2.5-Coder-7B-Instruct,None
2236@y_name@ASC,Bar,Hard,8.6036,34.4143,4,0.0,0.0,0.0,0.0,0.25,0.25,0.0,0.0,0.0,0.5,0.5,0.0,0.0,True,Qwen/Qwen2.5-Coder-7B-Instruct,None
2236@y_name@ASC,Bar,Hard,8.6036,34.4143,4,0.0,0.0,0.0,0.0,0.25,0.25,0.0,0.0,0.0,0.5,0.5,0.0,0.0,True,Qwen/Qwen2.5-Coder-7B-Instruct,None
2236@y_name@ASC,Bar,Hard,8.6036,34.4143,4,0.0,0.0,0.0,0.0,0.25,0.25,0.0,0.0,0.0,0.5,0.5,0.0,0.0,True,Qwen/Qwen2.5-Coder-7B-Instruct,None
2305@y_name@ASC,Bar,Hard,6.5371,13.0742,2,0.0,0.0,0.0,0.0,1.0,0.0,0.0,0.0,0.0,1.0,0.0,,0.0,True,Qwen/Qwen2.5-Coder-7B-Instruct,None
2305@y_name@ASC,Bar,Hard,6.5371,13.0742,2,0.0,0.0,0.0,0.0,1.0,0.0,0.0,0.0,0.0,1.0,0.0,,0.0,True,Qwen/Qwen2.5-Coder-7B-Instruct,None
2305@y_name@ASC,Bar,Hard,6.5371,13.0742,2,0.0,0.0,0.0,0.0,1.0,0.0,0.0,0.0,0.0,1.0,0.0,,0.0,True,Qwen/Qwen2.5-Coder-7B-Instruct,None
894@y_name@DESC,Bar,Medium,4.0798,8.1596,2,0.0,0.0,0.0,0.0,0.0,0.0,0.0,0.0,0.0,0.0,1.0,0.0,0.0,False,Qwen/Qwen2.5-Coder-7B-Instruct,None
894@y_name@DESC,Bar,Medium,4.0798,8.1596,2,0.0,0.0,0.0,0.0,0.0,0.0,0.0,0.0,0.0,0.0,1.0,0.0,0.0,False,Qwen/Qwen2.5-Coder-7B-Instruct,None
894@y_name@DESC,Bar,Medium,4.0798,8.1596,2,0.0,0.0,0.0,0.0,0.0,0.0,0.0,0.0,0.0,0.0,1.0,0.0,0.0,False,Qwen/Qwen2.5-Coder-7B-Instruct,None
2643@x_name@DESC,Bar,Medium,3.4437,3.4437,1,0.0,0.0,0.0,0.0,0.0,1.0,0.0,0.0,0.0,1.0,0.0,,0.0,False,Qwen/Qwen2.5-Coder-7B-Instruct,None
2643@x_name@DESC,Bar,Medium,3.4437,3.4437,1,0.0,0.0,0.0,0.0,0.0,1.0,0.0,0.0,0.0,1.0,0.0,,0.0,False,Qwen/Qwen2.5-Coder-7B-Instruct,None
2643@x_name@DESC,Bar,Medium,3.4437,3.4437,1,0.0,0.0,0.0,0.0,0.0,1.0,0.0,0.0,0.0,1.0,0.0,,0.0,False,Qwen/Qwen2.5-Coder-7B-Instruct,None
2648@y_name@ASC,Bar,Medium,3.8629,19.3144,5,0.0,0.0,0.0,0.0,0.0,0.0,0.0,0.0,0.0,0.0,1.0,0.0,0.0,False,Qwen/Qwen2.5-Coder-7B-Instruct,None
2648@y_name@ASC,Bar,Medium,3.8629,19.3144,5,0.0,0.0,0.0,0.0,0.0,0.0,0.0,0.0,0.0,0.0,1.0,0.0,0.0,False,Qwen/Qwen2.5-Coder-7B-Instruct,None
2648@y_name@ASC,Bar,Medium,3.8629,19.3144,5,0.0,0.0,0.0,0.0,0.0,0.0,0.0,0.0,0.0,0.0,1.0,0.0,0.0,False,Qwen/Qwen2.5-Coder-7B-Instruct,None
2788@x_name@DESC,Bar,Medium,8.3872,8.3872,1,0.0,0.0,0.0,0.0,1.0,0.0,0.0,0.0,0.0,1.0,0.0,,0.0,True,Qwen/Qwen2.5-Coder-7B-Instruct,None
2788@x_name@DESC,Bar,Medium,8.3872,8.3872,1,0.0,0.0,0.0,0.0,1.0,0.0,0.0,0.0,0.0,1.0,0.0,,0.0,True,Qwen/Qwen2.5-Coder-7B-Instruct,None
2788@x_name@DESC,Bar,Medium,8.3872,8.3872,1,0.0,0.0,0.0,0.0,1.0,0.0,0.0,0.0,0.0,1.0,0.0,,0.0,True,Qwen/Qwen2.5-Coder-7B-Instruct,None
2790@x_name@DESC,Bar,Medium,5.2197,10.4395,2,0.0,0.0,0.0,0.0,0.5,0.0,0.0,0.0,0.0,0.5,0.5,0.0,0.0,False,Qwen/Qwen2.5-Coder-7B-Instruct,None
2790@x_name@DESC,Bar,Medium,5.2197,10.4395,2,0.0,0.0,0.0,0.0,0.5,0.0,0.0,0.0,0.0,0.5,0.5,0.0,0.0,False,Qwen/Qwen2.5-Coder-7B-Instruct,None
2790@x_name@DESC,Bar,Medium,5.2197,10.4395,2,0.0,0.0,0.0,0.0,0.5,0.0,0.0,0.0,0.0,0.5,0.5,0.0,0.0,False,Qwen/Qwen2.5-Coder-7B-Instruct,None
2800@y_name@ASC,Bar,Medium,4.8089,9.6179,2,0.0,0.0,0.0,0.0,0.0,0.0,0.0,0.0,0.0,0.0,1.0,0.0,0.0,False,Qwen/Qwen2.5-Coder-7B-Instruct,None
2800@y_name@ASC,Bar,Medium,4.8089,9.6179,2,0.0,0.0,0.0,0.0,0.0,0.0,0.0,0.0,0.0,0.0,1.0,0.0,0.0,False,Qwen/Qwen2.5-Coder-7B-Instruct,None
2800@y_name@ASC,Bar,Medium,4.8089,9.6179,2,0.0,0.0,0.0,0.0,0.0,0.0,0.0,0.0,0.0,0.0,1.0,0.0,0.0,False,Qwen/Qwen2.5-Coder-7B-Instruct,None
298@y_name@DESC,Bar,Hard,19.9277,19.9277,1,1.0,0.0,0.0,0.0,0.0,0.0,0.0,0.0,1.0,0.0,0.0,,0.0,False,Qwen/Qwen2.5-Coder-7B-Instruct,None
298@y_name@DESC,Bar,Hard,19.9277,19.9277,1,1.0,0.0,0.0,0.0,0.0,0.0,0.0,0.0,1.0,0.0,0.0,,0.0,False,Qwen/Qwen2.5-Coder-7B-Instruct,None
298@y_name@DESC,Bar,Hard,19.9277,19.9277,1,1.0,0.0,0.0,0.0,0.0,0.0,0.0,0.0,1.0,0.0,0.0,,0.0,False,Qwen/Qwen2.5-Coder-7B-Instruct,None
303@x_name@DESC,Line,Hard,15.0184,15.0184,1,0.0,0.0,0.0,0.0,0.0,0.0,0.0,0.0,0.0,0.0,1.0,0.0,0.0,False,Qwen/Qwen2.5-Coder-7B-Instruct,None
303@x_name@DESC,Line,Hard,15.0184,15.0184,1,0.0,0.0,0.0,0.0,0.0,0.0,0.0,0.0,0.0,0.0,1.0,0.0,0.0,False,Qwen/Qwen2.5-Coder-7B-Instruct,None
303@x_name@DESC,Line,Hard,15.0184,15.0184,1,0.0,0.0,0.0,0.0,0.0,0.0,0.0,0.0,0.0,0.0,1.0,0.0,0.0,False,Qwen/Qwen2.5-Coder-7B-Instruct,None
317@y_name@DESC,Bar,Medium,14.1607,28.3214,2,0.5,0.0,0.0,0.0,0.0,0.0,0.0,0.0,0.5,0.0,0.5,0.0,0.0,False,Qwen/Qwen2.5-Coder-7B-Instruct,None
317@y_name@DESC,Bar,Medium,14.1607,28.3214,2,0.5,0.0,0.0,0.0,0.0,0.0,0.0,0.0,0.5,0.0,0.5,0.0,0.0,False,Qwen/Qwen2.5-Coder-7B-Instruct,None
317@y_name@DESC,Bar,Medium,14.1607,28.3214,2,0.5,0.0,0.0,0.0,0.0,0.0,0.0,0.0,0.5,0.0,0.5,0.0,0.0,False,Qwen/Qwen2.5-Coder-7B-Instruct,None
330@y_name@ASC,Bar,Hard,26.052,52.1039,2,0.5,0.0,0.0,0.0,0.5,0.0,0.0,0.0,0.5,0.5,0.0,,0.0,False,Qwen/Qwen2.5-Coder-7B-Instruct,None
330@y_name@ASC,Bar,Hard,26.052,52.1039,2,0.5,0.0,0.0,0.0,0.5,0.0,0.0,0.0,0.5,0.5,0.0,,0.0,False,Qwen/Qwen2.5-Coder-7B-Instruct,None
330@y_name@ASC,Bar,Hard,26.052,52.1039,2,0.5,0.0,0.0,0.0,0.5,0.0,0.0,0.0,0.5,0.5,0.0,,0.0,False,Qwen/Qwen2.5-Coder-7B-Instruct,None
339@x_name@DESC,Bar,Medium,10.3692,10.3692,1,0.0,0.0,0.0,0.0,1.0,0.0,0.0,0.0,0.0,1.0,0.0,,0.0,False,Qwen/Qwen2.5-Coder-7B-Instruct,None
339@x_name@DESC,Bar,Medium,10.3692,10.3692,1,0.0,0.0,0.0,0.0,1.0,0.0,0.0,0.0,0.0,1.0,0.0,,0.0,False,Qwen/Qwen2.5-Coder-7B-Instruct,None
339@x_name@DESC,Bar,Medium,10.3692,10.3692,1,0.0,0.0,0.0,0.0,1.0,0.0,0.0,0.0,0.0,1.0,0.0,,0.0,False,Qwen/Qwen2.5-Coder-7B-Instruct,None
349@y_name@DESC,Bar,Hard,13.3401,26.6803,2,0.5,0.0,0.0,0.5,0.5,0.0,0.0,0.0,0.5,0.5,0.0,,0.0,False,Qwen/Qwen2.5-Coder-7B-Instruct,None
349@y_name@DESC,Bar,Hard,13.3401,26.6803,2,0.5,0.0,0.0,0.5,0.5,0.0,0.0,0.0,0.5,0.5,0.0,,0.0,False,Qwen/Qwen2.5-Coder-7B-Instruct,None
349@y_name@DESC,Bar,Hard,13.3401,26.6803,2,0.5,0.0,0.0,0.5,0.5,0.0,0.0,0.0,0.5,0.5,0.0,,0.0,False,Qwen/Qwen2.5-Coder-7B-Instruct,None
2585@x_name@ASC,Bar,Medium,3.5943,3.5943,1,0.0,0.0,0.0,0.0,0.0,1.0,0.0,0.0,0.0,1.0,0.0,,0.0,False,Qwen/Qwen2.5-Coder-7B-Instruct,None
2585@x_name@ASC,Bar,Medium,3.5943,3.5943,1,0.0,0.0,0.0,0.0,0.0,1.0,0.0,0.0,0.0,1.0,0.0,,0.0,False,Qwen/Qwen2.5-Coder-7B-Instruct,None
2585@x_name@ASC,Bar,Medium,3.5943,3.5943,1,0.0,0.0,0.0,0.0,0.0,1.0,0.0,0.0,0.0,1.0,0.0,,0.0,False,Qwen/Qwen2.5-Coder-7B-Instruct,None
2587@y_name@ASC,Bar,Medium,3.7645,11.2936,3,0.0,0.0,0.0,0.0,0.0,0.0,0.0,0.0,0.0,0.0,1.0,0.0,0.0,False,Qwen/Qwen2.5-Coder-7B-Instruct,None
2587@y_name@ASC,Bar,Medium,3.7645,11.2936,3,0.0,0.0,0.0,0.0,0.0,0.0,0.0,0.0,0.0,0.0,1.0,0.0,0.0,False,Qwen/Qwen2.5-Coder-7B-Instruct,None
2587@y_name@ASC,Bar,Medium,3.7645,11.2936,3,0.0,0.0,0.0,0.0,0.0,0.0,0.0,0.0,0.0,0.0,1.0,0.0,0.0,False,Qwen/Qwen2.5-Coder-7B-Instruct,None
927@y_name@ASC,Stacked Bar,Extra Hard,26.221,26.221,1,1.0,0.0,0.0,0.0,0.0,0.0,0.0,0.0,1.0,0.0,0.0,,0.0,False,Qwen/Qwen2.5-Coder-7B-Instruct,None
927@y_name@ASC,Stacked Bar,Extra Hard,26.221,26.221,1,1.0,0.0,0.0,0.0,0.0,0.0,0.0,0.0,1.0,0.0,0.0,,0.0,False,Qwen/Qwen2.5-Coder-7B-Instruct,None
927@y_name@ASC,Stacked Bar,Extra Hard,26.221,26.221,1,1.0,0.0,0.0,0.0,0.0,0.0,0.0,0.0,1.0,0.0,0.0,,0.0,False,Qwen/Qwen2.5-Coder-7B-Instruct,None
932@y_name@DESC,Bar,Medium,4.2777,8.5555,2,0.0,0.0,0.0,0.0,0.0,0.0,0.0,0.0,0.0,0.0,1.0,0.0,0.0,False,Qwen/Qwen2.5-Coder-7B-Instruct,None
932@y_name@DESC,Bar,Medium,4.2777,8.5555,2,0.0,0.0,0.0,0.0,0.0,0.0,0.0,0.0,0.0,0.0,1.0,0.0,0.0,False,Qwen/Qwen2.5-Coder-7B-Instruct,None
932@y_name@DESC,Bar,Medium,4.2777,8.5555,2,0.0,0.0,0.0,0.0,0.0,0.0,0.0,0.0,0.0,0.0,1.0,0.0,0.0,False,Qwen/Qwen2.5-Coder-7B-Instruct,None
942@x_name@DESC,Grouping Line,Extra Hard,21.1447,21.1447,1,0.0,0.0,0.0,0.0,1.0,0.0,0.0,0.0,0.0,1.0,0.0,,0.0,False,Qwen/Qwen2.5-Coder-7B-Instruct,None
942@x_name@DESC,Grouping Line,Extra Hard,21.1447,21.1447,1,0.0,0.0,0.0,0.0,1.0,0.0,0.0,0.0,0.0,1.0,0.0,,0.0,False,Qwen/Qwen2.5-Coder-7B-Instruct,None
942@x_name@DESC,Grouping Line,Extra Hard,21.1447,21.1447,1,0.0,0.0,0.0,0.0,1.0,0.0,0.0,0.0,0.0,1.0,0.0,,0.0,False,Qwen/Qwen2.5-Coder-7B-Instruct,None
988@x_name@DESC,Bar,Hard,6.6158,6.6158,1,0.0,0.0,0.0,0.0,0.0,1.0,0.0,0.0,0.0,1.0,0.0,,0.0,True,Qwen/Qwen2.5-Coder-7B-Instruct,None
988@x_name@DESC,Bar,Hard,6.6158,6.6158,1,0.0,0.0,0.0,0.0,0.0,1.0,0.0,0.0,0.0,1.0,0.0,,0.0,True,Qwen/Qwen2.5-Coder-7B-Instruct,None
988@x_name@DESC,Bar,Hard,6.6158,6.6158,1,0.0,0.0,0.0,0.0,0.0,1.0,0.0,0.0,0.0,1.0,0.0,,0.0,True,Qwen/Qwen2.5-Coder-7B-Instruct,None
1099@x_name@ASC,Bar,Easy,4.7224,4.7224,1,0.0,0.0,0.0,0.0,0.0,0.0,0.0,0.0,0.0,0.0,1.0,0.0,0.0,False,Qwen/Qwen2.5-Coder-7B-Instruct,None
1099@x_name@ASC,Bar,Easy,4.7224,4.7224,1,0.0,0.0,0.0,0.0,0.0,0.0,0.0,0.0,0.0,0.0,1.0,0.0,0.0,False,Qwen/Qwen2.5-Coder-7B-Instruct,None
1099@x_name@ASC,Bar,Easy,4.7224,4.7224,1,0.0,0.0,0.0,0.0,0.0,0.0,0.0,0.0,0.0,0.0,1.0,0.0,0.0,False,Qwen/Qwen2.5-Coder-7B-Instruct,None
1100@x_name@ASC,Line,Medium,4.9504,4.9504,1,0.0,0.0,0.0,0.0,0.0,0.0,0.0,0.0,0.0,0.0,1.0,0.0,0.0,False,Qwen/Qwen2.5-Coder-7B-Instruct,None
1100@x_name@ASC,Line,Medium,4.9504,4.9504,1,0.0,0.0,0.0,0.0,0.0,0.0,0.0,0.0,0.0,0.0,1.0,0.0,0.0,False,Qwen/Qwen2.5-Coder-7B-Instruct,None
1100@x_name@ASC,Line,Medium,4.9504,4.9504,1,0.0,0.0,0.0,0.0,0.0,0.0,0.0,0.0,0.0,0.0,1.0,0.0,0.0,False,Qwen/Qwen2.5-Coder-7B-Instruct,None
1101@x_name@ASC,Line,Medium,5.2551,10.5102,2,0.0,0.0,0.0,0.0,1.0,0.0,0.0,0.0,0.0,1.0,0.0,,0.0,False,Qwen/Qwen2.5-Coder-7B-Instruct,None
1101@x_name@ASC,Line,Medium,5.2551,10.5102,2,0.0,0.0,0.0,0.0,1.0,0.0,0.0,0.0,0.0,1.0,0.0,,0.0,False,Qwen/Qwen2.5-Coder-7B-Instruct,None
1101@x_name@ASC,Line,Medium,5.2551,10.5102,2,0.0,0.0,0.0,0.0,1.0,0.0,0.0,0.0,0.0,1.0,0.0,,0.0,False,Qwen/Qwen2.5-Coder-7B-Instruct,None
1105@y_name@ASC,Bar,Extra Hard,7.8078,7.8078,1,0.0,0.0,0.0,0.0,1.0,0.0,0.0,0.0,0.0,1.0,0.0,,0.0,True,Qwen/Qwen2.5-Coder-7B-Instruct,None
1105@y_name@ASC,Bar,Extra Hard,7.8078,7.8078,1,0.0,0.0,0.0,0.0,1.0,0.0,0.0,0.0,0.0,1.0,0.0,,0.0,True,Qwen/Qwen2.5-Coder-7B-Instruct,None
1105@y_name@ASC,Bar,Extra Hard,7.8078,7.8078,1,0.0,0.0,0.0,0.0,1.0,0.0,0.0,0.0,0.0,1.0,0.0,,0.0,True,Qwen/Qwen2.5-Coder-7B-Instruct,None
1112@x_name@DESC,Bar,Medium,5.9312,5.9312,1,0.0,0.0,0.0,0.0,0.0,1.0,0.0,0.0,0.0,1.0,0.0,,0.0,False,Qwen/Qwen2.5-Coder-7B-Instruct,None
1112@x_name@DESC,Bar,Medium,5.9312,5.9312,1,0.0,0.0,0.0,0.0,0.0,1.0,0.0,0.0,0.0,1.0,0.0,,0.0,False,Qwen/Qwen2.5-Coder-7B-Instruct,None
1112@x_name@DESC,Bar,Medium,5.9312,5.9312,1,0.0,0.0,0.0,0.0,0.0,1.0,0.0,0.0,0.0,1.0,0.0,,0.0,False,Qwen/Qwen2.5-Coder-7B-Instruct,None
2475@y_name@DESC,Bar,Hard,7.844,7.844,1,0.0,0.0,0.0,0.0,1.0,0.0,0.0,0.0,0.0,1.0,0.0,,0.0,True,Qwen/Qwen2.5-Coder-7B-Instruct,None
2475@y_name@DESC,Bar,Hard,7.844,7.844,1,0.0,0.0,0.0,0.0,1.0,0.0,0.0,0.0,0.0,1.0,0.0,,0.0,True,Qwen/Qwen2.5-Coder-7B-Instruct,None
2475@y_name@DESC,Bar,Hard,7.844,7.844,1,0.0,0.0,0.0,0.0,1.0,0.0,0.0,0.0,0.0,1.0,0.0,,0.0,True,Qwen/Qwen2.5-Coder-7B-Instruct,None
2486@x_name@DESC,Bar,Medium,4.1484,12.4453,3,0.0,0.0,0.0,0.0,0.0,1.0,0.0,0.0,0.0,1.0,0.0,,0.0,False,Qwen/Qwen2.5-Coder-7B-Instruct,None
2486@x_name@DESC,Bar,Medium,4.1484,12.4453,3,0.0,0.0,0.0,0.0,0.0,1.0,0.0,0.0,0.0,1.0,0.0,,0.0,False,Qwen/Qwen2.5-Coder-7B-Instruct,None
2486@x_name@DESC,Bar,Medium,4.1484,12.4453,3,0.0,0.0,0.0,0.0,0.0,1.0,0.0,0.0,0.0,1.0,0.0,,0.0,False,Qwen/Qwen2.5-Coder-7B-Instruct,None
2488@y_name@DESC,Bar,Medium,4.1956,8.3913,2,0.0,0.0,0.0,0.0,0.0,0.0,0.0,0.0,0.0,0.0,1.0,0.0,0.0,False,Qwen/Qwen2.5-Coder-7B-Instruct,None
2488@y_name@DESC,Bar,Medium,4.1956,8.3913,2,0.0,0.0,0.0,0.0,0.0,0.0,0.0,0.0,0.0,0.0,1.0,0.0,0.0,False,Qwen/Qwen2.5-Coder-7B-Instruct,None
2488@y_name@DESC,Bar,Medium,4.1956,8.3913,2,0.0,0.0,0.0,0.0,0.0,0.0,0.0,0.0,0.0,0.0,1.0,0.0,0.0,False,Qwen/Qwen2.5-Coder-7B-Instruct,None
2493@y_name@DESC,Bar,Hard,6.3918,6.3918,1,0.0,0.0,0.0,0.0,0.0,0.0,0.0,0.0,0.0,0.0,1.0,0.0,0.0,True,Qwen/Qwen2.5-Coder-7B-Instruct,None
2493@y_name@DESC,Bar,Hard,6.3918,6.3918,1,0.0,0.0,0.0,0.0,0.0,0.0,0.0,0.0,0.0,0.0,1.0,0.0,0.0,True,Qwen/Qwen2.5-Coder-7B-Instruct,None
2493@y_name@DESC,Bar,Hard,6.3918,6.3918,1,0.0,0.0,0.0,0.0,0.0,0.0,0.0,0.0,0.0,0.0,1.0,0.0,0.0,True,Qwen/Qwen2.5-Coder-7B-Instruct,None
3058@y_name@ASC,Bar,Medium,3.7895,15.1579,4,0.0,0.0,0.0,0.0,0.0,0.0,0.0,0.0,0.0,0.0,1.0,0.0,0.0,False,Qwen/Qwen2.5-Coder-7B-Instruct,None
3058@y_name@ASC,Bar,Medium,3.7895,15.1579,4,0.0,0.0,0.0,0.0,0.0,0.0,0.0,0.0,0.0,0.0,1.0,0.0,0.0,False,Qwen/Qwen2.5-Coder-7B-Instruct,None
3058@y_name@ASC,Bar,Medium,3.7895,15.1579,4,0.0,0.0,0.0,0.0,0.0,0.0,0.0,0.0,0.0,0.0,1.0,0.0,0.0,False,Qwen/Qwen2.5-Coder-7B-Instruct,None
2421@y_name@DESC,Bar,Medium,4.7694,9.5388,2,0.0,0.0,0.0,0.0,0.0,0.0,0.0,0.0,0.0,0.0,1.0,0.0,0.0,False,Qwen/Qwen2.5-Coder-7B-Instruct,None
2421@y_name@DESC,Bar,Medium,4.7694,9.5388,2,0.0,0.0,0.0,0.0,0.0,0.0,0.0,0.0,0.0,0.0,1.0,0.0,0.0,False,Qwen/Qwen2.5-Coder-7B-Instruct,None
2421@y_name@DESC,Bar,Medium,4.7694,9.5388,2,0.0,0.0,0.0,0.0,0.0,0.0,0.0,0.0,0.0,0.0,1.0,0.0,0.0,False,Qwen/Qwen2.5-Coder-7B-Instruct,None
2423@y_name@DESC,Bar,Medium,5.8279,23.3117,4,0.0,0.0,0.0,0.0,0.0,0.0,0.0,0.0,0.0,0.0,1.0,0.0,0.0,False,Qwen/Qwen2.5-Coder-7B-Instruct,None
2423@y_name@DESC,Bar,Medium,5.8279,23.3117,4,0.0,0.0,0.0,0.0,0.0,0.0,0.0,0.0,0.0,0.0,1.0,0.0,0.0,False,Qwen/Qwen2.5-Coder-7B-Instruct,None
2423@y_name@DESC,Bar,Medium,5.8279,23.3117,4,0.0,0.0,0.0,0.0,0.0,0.0,0.0,0.0,0.0,0.0,1.0,0.0,0.0,False,Qwen/Qwen2.5-Coder-7B-Instruct,None
2430@y_name@ASC,Bar,Extra Hard,7.8428,7.8428,1,0.0,0.0,0.0,0.0,0.0,0.0,0.0,0.0,0.0,0.0,1.0,0.0,0.0,True,Qwen/Qwen2.5-Coder-7B-Instruct,None
2430@y_name@ASC,Bar,Extra Hard,7.8428,7.8428,1,0.0,0.0,0.0,0.0,0.0,0.0,0.0,0.0,0.0,0.0,1.0,0.0,0.0,True,Qwen/Qwen2.5-Coder-7B-Instruct,None
2430@y_name@ASC,Bar,Extra Hard,7.8428,7.8428,1,0.0,0.0,0.0,0.0,0.0,0.0,0.0,0.0,0.0,0.0,1.0,0.0,0.0,True,Qwen/Qwen2.5-Coder-7B-Instruct,None
2859@y_name@ASC,Bar,Hard,8.659,34.6362,4,0.0,0.0,0.0,0.0,0.25,0.0,0.0,0.0,0.0,0.25,0.75,0.0,0.0,True,Qwen/Qwen2.5-Coder-7B-Instruct,None
2859@y_name@ASC,Bar,Hard,8.659,34.6362,4,0.0,0.0,0.0,0.0,0.25,0.0,0.0,0.0,0.0,0.25,0.75,0.0,0.0,True,Qwen/Qwen2.5-Coder-7B-Instruct,None
2859@y_name@ASC,Bar,Hard,8.659,34.6362,4,0.0,0.0,0.0,0.0,0.25,0.0,0.0,0.0,0.0,0.25,0.75,0.0,0.0,True,Qwen/Qwen2.5-Coder-7B-Instruct,None
2860@x_name@DESC,Bar,Medium,6.824,6.824,1,0.0,0.0,0.0,0.0,0.0,1.0,0.0,0.0,0.0,1.0,0.0,,0.0,False,Qwen/Qwen2.5-Coder-7B-Instruct,None
2860@x_name@DESC,Bar,Medium,6.824,6.824,1,0.0,0.0,0.0,0.0,0.0,1.0,0.0,0.0,0.0,1.0,0.0,,0.0,False,Qwen/Qwen2.5-Coder-7B-Instruct,None
2860@x_name@DESC,Bar,Medium,6.824,6.824,1,0.0,0.0,0.0,0.0,0.0,1.0,0.0,0.0,0.0,1.0,0.0,,0.0,False,Qwen/Qwen2.5-Coder-7B-Instruct,None
2862@x_name@ASC,Bar,Medium,4.9563,4.9563,1,0.0,0.0,0.0,0.0,0.0,0.0,0.0,0.0,0.0,0.0,1.0,0.0,0.0,False,Qwen/Qwen2.5-Coder-7B-Instruct,None
2862@x_name@ASC,Bar,Medium,4.9563,4.9563,1,0.0,0.0,0.0,0.0,0.0,0.0,0.0,0.0,0.0,0.0,1.0,0.0,0.0,False,Qwen/Qwen2.5-Coder-7B-Instruct,None
2862@x_name@ASC,Bar,Medium,4.9563,4.9563,1,0.0,0.0,0.0,0.0,0.0,0.0,0.0,0.0,0.0,0.0,1.0,0.0,0.0,False,Qwen/Qwen2.5-Coder-7B-Instruct,None
2497@y_name@DESC,Bar,Hard,5.7952,11.5904,2,0.0,0.0,0.0,0.0,0.0,0.0,0.0,0.0,0.0,0.0,1.0,0.0,0.0,False,Qwen/Qwen2.5-Coder-7B-Instruct,None
2497@y_name@DESC,Bar,Hard,5.7952,11.5904,2,0.0,0.0,0.0,0.0,0.0,0.0,0.0,0.0,0.0,0.0,1.0,0.0,0.0,False,Qwen/Qwen2.5-Coder-7B-Instruct,None
2497@y_name@DESC,Bar,Hard,5.7952,11.5904,2,0.0,0.0,0.0,0.0,0.0,0.0,0.0,0.0,0.0,0.0,1.0,0.0,0.0,False,Qwen/Qwen2.5-Coder-7B-Instruct,None
2507@y_name@ASC,Bar,Medium,5.1199,10.2398,2,0.0,0.0,0.0,0.0,0.0,0.0,0.0,0.0,0.0,0.0,1.0,0.0,0.0,False,Qwen/Qwen2.5-Coder-7B-Instruct,None
2507@y_name@ASC,Bar,Medium,5.1199,10.2398,2,0.0,0.0,0.0,0.0,0.0,0.0,0.0,0.0,0.0,0.0,1.0,0.0,0.0,False,Qwen/Qwen2.5-Coder-7B-Instruct,None
2507@y_name@ASC,Bar,Medium,5.1199,10.2398,2,0.0,0.0,0.0,0.0,0.0,0.0,0.0,0.0,0.0,0.0,1.0,0.0,0.0,False,Qwen/Qwen2.5-Coder-7B-Instruct,None
2735@x_name@DESC,Bar,Hard,6.8457,13.6915,2,0.0,0.0,0.0,0.5,1.0,0.0,0.0,0.0,0.0,1.0,0.0,,0.0,False,Qwen/Qwen2.5-Coder-7B-Instruct,None
2735@x_name@DESC,Bar,Hard,6.8457,13.6915,2,0.0,0.0,0.0,0.5,1.0,0.0,0.0,0.0,0.0,1.0,0.0,,0.0,False,Qwen/Qwen2.5-Coder-7B-Instruct,None
2735@x_name@DESC,Bar,Hard,6.8457,13.6915,2,0.0,0.0,0.0,0.5,1.0,0.0,0.0,0.0,0.0,1.0,0.0,,0.0,False,Qwen/Qwen2.5-Coder-7B-Instruct,None
2737@y_name@DESC,Bar,Hard,6.0974,18.2922,3,0.0,0.0,0.0,0.0,0.0,0.0,0.0,0.0,0.0,0.0,1.0,0.0,0.0,False,Qwen/Qwen2.5-Coder-7B-Instruct,None
2737@y_name@DESC,Bar,Hard,6.0974,18.2922,3,0.0,0.0,0.0,0.0,0.0,0.0,0.0,0.0,0.0,0.0,1.0,0.0,0.0,False,Qwen/Qwen2.5-Coder-7B-Instruct,None
2737@y_name@DESC,Bar,Hard,6.0974,18.2922,3,0.0,0.0,0.0,0.0,0.0,0.0,0.0,0.0,0.0,0.0,1.0,0.0,0.0,False,Qwen/Qwen2.5-Coder-7B-Instruct,None
2739@x_name@ASC,Bar,Medium,4.8258,4.8258,1,0.0,0.0,0.0,0.0,0.0,0.0,0.0,0.0,0.0,0.0,1.0,0.0,0.0,False,Qwen/Qwen2.5-Coder-7B-Instruct,None
2739@x_name@ASC,Bar,Medium,4.8258,4.8258,1,0.0,0.0,0.0,0.0,0.0,0.0,0.0,0.0,0.0,0.0,1.0,0.0,0.0,False,Qwen/Qwen2.5-Coder-7B-Instruct,None
2739@x_name@ASC,Bar,Medium,4.8258,4.8258,1,0.0,0.0,0.0,0.0,0.0,0.0,0.0,0.0,0.0,0.0,1.0,0.0,0.0,False,Qwen/Qwen2.5-Coder-7B-Instruct,None
2740@y_name@DESC,Bar,Medium,6.8621,6.8621,1,0.0,0.0,0.0,0.0,0.0,0.0,0.0,0.0,0.0,0.0,1.0,0.0,0.0,False,Qwen/Qwen2.5-Coder-7B-Instruct,None
2740@y_name@DESC,Bar,Medium,6.8621,6.8621,1,0.0,0.0,0.0,0.0,0.0,0.0,0.0,0.0,0.0,0.0,1.0,0.0,0.0,False,Qwen/Qwen2.5-Coder-7B-Instruct,None
2740@y_name@DESC,Bar,Medium,6.8621,6.8621,1,0.0,0.0,0.0,0.0,0.0,0.0,0.0,0.0,0.0,0.0,1.0,0.0,0.0,False,Qwen/Qwen2.5-Coder-7B-Instruct,None
2747@x_name@DESC,Bar,Medium,3.521,3.521,1,0.0,0.0,0.0,0.0,0.0,0.0,0.0,0.0,0.0,0.0,1.0,0.0,0.0,False,Qwen/Qwen2.5-Coder-7B-Instruct,None
2747@x_name@DESC,Bar,Medium,3.521,3.521,1,0.0,0.0,0.0,0.0,0.0,0.0,0.0,0.0,0.0,0.0,1.0,0.0,0.0,False,Qwen/Qwen2.5-Coder-7B-Instruct,None
2747@x_name@DESC,Bar,Medium,3.521,3.521,1,0.0,0.0,0.0,0.0,0.0,0.0,0.0,0.0,0.0,0.0,1.0,0.0,0.0,False,Qwen/Qwen2.5-Coder-7B-Instruct,None
2751@x_name@ASC,Bar,Medium,3.6135,3.6135,1,0.0,0.0,0.0,0.0,0.0,0.0,0.0,0.0,0.0,0.0,1.0,0.0,0.0,False,Qwen/Qwen2.5-Coder-7B-Instruct,None
2751@x_name@ASC,Bar,Medium,3.6135,3.6135,1,0.0,0.0,0.0,0.0,0.0,0.0,0.0,0.0,0.0,0.0,1.0,0.0,0.0,False,Qwen/Qwen2.5-Coder-7B-Instruct,None
2751@x_name@ASC,Bar,Medium,3.6135,3.6135,1,0.0,0.0,0.0,0.0,0.0,0.0,0.0,0.0,0.0,0.0,1.0,0.0,0.0,False,Qwen/Qwen2.5-Coder-7B-Instruct,None
2753@y_name@DESC,Bar,Medium,4.6136,13.8409,3,0.0,0.0,0.0,0.0,0.0,0.0,0.0,0.0,0.0,0.0,1.0,0.0,0.0,False,Qwen/Qwen2.5-Coder-7B-Instruct,None
2753@y_name@DESC,Bar,Medium,4.6136,13.8409,3,0.0,0.0,0.0,0.0,0.0,0.0,0.0,0.0,0.0,0.0,1.0,0.0,0.0,False,Qwen/Qwen2.5-Coder-7B-Instruct,None
2753@y_name@DESC,Bar,Medium,4.6136,13.8409,3,0.0,0.0,0.0,0.0,0.0,0.0,0.0,0.0,0.0,0.0,1.0,0.0,0.0,False,Qwen/Qwen2.5-Coder-7B-Instruct,None
2803@y_name@ASC,Bar,Hard,7.0902,14.1805,2,0.0,0.0,0.0,0.0,1.0,0.0,0.0,0.0,0.0,1.0,0.0,,0.0,True,Qwen/Qwen2.5-Coder-7B-Instruct,None
2803@y_name@ASC,Bar,Hard,7.0902,14.1805,2,0.0,0.0,0.0,0.0,1.0,0.0,0.0,0.0,0.0,1.0,0.0,,0.0,True,Qwen/Qwen2.5-Coder-7B-Instruct,None
2803@y_name@ASC,Bar,Hard,7.0902,14.1805,2,0.0,0.0,0.0,0.0,1.0,0.0,0.0,0.0,0.0,1.0,0.0,,0.0,True,Qwen/Qwen2.5-Coder-7B-Instruct,None
2805@y_name@ASC,Bar,Hard,4.5774,9.1548,2,0.0,0.0,0.0,0.0,1.0,0.0,0.0,0.0,0.0,1.0,0.0,,0.0,False,Qwen/Qwen2.5-Coder-7B-Instruct,None
2805@y_name@ASC,Bar,Hard,4.5774,9.1548,2,0.0,0.0,0.0,0.0,1.0,0.0,0.0,0.0,0.0,1.0,0.0,,0.0,False,Qwen/Qwen2.5-Coder-7B-Instruct,None
2805@y_name@ASC,Bar,Hard,4.5774,9.1548,2,0.0,0.0,0.0,0.0,1.0,0.0,0.0,0.0,0.0,1.0,0.0,,0.0,False,Qwen/Qwen2.5-Coder-7B-Instruct,None
2811@x_name@ASC,Bar,Medium,3.9856,7.9712,2,0.0,0.0,0.0,0.0,0.5,0.5,0.0,0.0,0.0,1.0,0.0,,0.0,False,Qwen/Qwen2.5-Coder-7B-Instruct,None
2811@x_name@ASC,Bar,Medium,3.9856,7.9712,2,0.0,0.0,0.0,0.0,0.5,0.5,0.0,0.0,0.0,1.0,0.0,,0.0,False,Qwen/Qwen2.5-Coder-7B-Instruct,None
2811@x_name@ASC,Bar,Medium,3.9856,7.9712,2,0.0,0.0,0.0,0.0,0.5,0.5,0.0,0.0,0.0,1.0,0.0,,0.0,False,Qwen/Qwen2.5-Coder-7B-Instruct,None
2621@y_name@DESC,Bar,Extra Hard,8.0301,32.1204,4,0.0,0.0,0.0,0.0,0.25,0.0,0.0,0.0,0.0,0.25,0.75,0.0,0.0,True,Qwen/Qwen2.5-Coder-7B-Instruct,None
2621@y_name@DESC,Bar,Extra Hard,8.0301,32.1204,4,0.0,0.0,0.0,0.0,0.25,0.0,0.0,0.0,0.0,0.25,0.75,0.0,0.0,True,Qwen/Qwen2.5-Coder-7B-Instruct,None
2621@y_name@DESC,Bar,Extra Hard,8.0301,32.1204,4,0.0,0.0,0.0,0.0,0.25,0.0,0.0,0.0,0.0,0.25,0.75,0.0,0.0,True,Qwen/Qwen2.5-Coder-7B-Instruct,None
1163@y_name@ASC,Bar,Hard,4.5348,4.5348,1,0.0,0.0,0.0,0.0,0.0,0.0,0.0,0.0,0.0,0.0,1.0,0.0,0.0,True,Qwen/Qwen2.5-Coder-7B-Instruct,None
1163@y_name@ASC,Bar,Hard,4.5348,4.5348,1,0.0,0.0,0.0,0.0,0.0,0.0,0.0,0.0,0.0,0.0,1.0,0.0,0.0,True,Qwen/Qwen2.5-Coder-7B-Instruct,None
1163@y_name@ASC,Bar,Hard,4.5348,4.5348,1,0.0,0.0,0.0,0.0,0.0,0.0,0.0,0.0,0.0,0.0,1.0,0.0,0.0,True,Qwen/Qwen2.5-Coder-7B-Instruct,None
1164@y_name@ASC,Bar,Hard,4.2763,8.5526,2,0.0,0.0,0.0,0.0,0.0,0.0,0.0,0.0,0.0,0.0,1.0,0.0,0.0,True,Qwen/Qwen2.5-Coder-7B-Instruct,None
1164@y_name@ASC,Bar,Hard,4.2763,8.5526,2,0.0,0.0,0.0,0.0,0.0,0.0,0.0,0.0,0.0,0.0,1.0,0.0,0.0,True,Qwen/Qwen2.5-Coder-7B-Instruct,None
1164@y_name@ASC,Bar,Hard,4.2763,8.5526,2,0.0,0.0,0.0,0.0,0.0,0.0,0.0,0.0,0.0,0.0,1.0,0.0,0.0,True,Qwen/Qwen2.5-Coder-7B-Instruct,None
1165@x_name@DESC,Line,Hard,4.0282,4.0282,1,0.0,0.0,0.0,0.0,1.0,0.0,0.0,0.0,0.0,1.0,0.0,,0.0,True,Qwen/Qwen2.5-Coder-7B-Instruct,None
1165@x_name@DESC,Line,Hard,4.0282,4.0282,1,0.0,0.0,0.0,0.0,1.0,0.0,0.0,0.0,0.0,1.0,0.0,,0.0,True,Qwen/Qwen2.5-Coder-7B-Instruct,None
1165@x_name@DESC,Line,Hard,4.0282,4.0282,1,0.0,0.0,0.0,0.0,1.0,0.0,0.0,0.0,0.0,1.0,0.0,,0.0,True,Qwen/Qwen2.5-Coder-7B-Instruct,None
1166@y_name@ASC,Bar,Hard,6.4918,12.9835,2,0.0,0.0,0.0,0.0,0.0,0.0,0.0,0.0,0.0,0.0,1.0,0.0,0.0,True,Qwen/Qwen2.5-Coder-7B-Instruct,None
1166@y_name@ASC,Bar,Hard,6.4918,12.9835,2,0.0,0.0,0.0,0.0,0.0,0.0,0.0,0.0,0.0,0.0,1.0,0.0,0.0,True,Qwen/Qwen2.5-Coder-7B-Instruct,None
1166@y_name@ASC,Bar,Hard,6.4918,12.9835,2,0.0,0.0,0.0,0.0,0.0,0.0,0.0,0.0,0.0,0.0,1.0,0.0,0.0,True,Qwen/Qwen2.5-Coder-7B-Instruct,None
1167@y_name@ASC,Bar,Medium,4.5593,4.5593,1,0.0,0.0,0.0,0.0,1.0,0.0,0.0,0.0,0.0,1.0,0.0,,0.0,False,Qwen/Qwen2.5-Coder-7B-Instruct,None
1167@y_name@ASC,Bar,Medium,4.5593,4.5593,1,0.0,0.0,0.0,0.0,1.0,0.0,0.0,0.0,0.0,1.0,0.0,,0.0,False,Qwen/Qwen2.5-Coder-7B-Instruct,None
1167@y_name@ASC,Bar,Medium,4.5593,4.5593,1,0.0,0.0,0.0,0.0,1.0,0.0,0.0,0.0,0.0,1.0,0.0,,0.0,False,Qwen/Qwen2.5-Coder-7B-Instruct,None
1169@y_name@DESC,Bar,Medium,4.5396,9.0792,2,0.0,0.0,0.0,0.0,0.0,0.0,0.0,0.0,0.0,0.0,1.0,0.0,0.0,False,Qwen/Qwen2.5-Coder-7B-Instruct,None
1169@y_name@DESC,Bar,Medium,4.5396,9.0792,2,0.0,0.0,0.0,0.0,0.0,0.0,0.0,0.0,0.0,0.0,1.0,0.0,0.0,False,Qwen/Qwen2.5-Coder-7B-Instruct,None
1169@y_name@DESC,Bar,Medium,4.5396,9.0792,2,0.0,0.0,0.0,0.0,0.0,0.0,0.0,0.0,0.0,0.0,1.0,0.0,0.0,False,Qwen/Qwen2.5-Coder-7B-Instruct,None
1181@y_name@DESC,Bar,Medium,21.3819,42.7637,2,0.5,0.0,0.0,0.0,0.0,0.0,0.0,0.0,0.5,0.0,0.5,0.0,0.0,False,Qwen/Qwen2.5-Coder-7B-Instruct,None
1181@y_name@DESC,Bar,Medium,21.3819,42.7637,2,0.5,0.0,0.0,0.0,0.0,0.0,0.0,0.0,0.5,0.0,0.5,0.0,0.0,False,Qwen/Qwen2.5-Coder-7B-Instruct,None
1181@y_name@DESC,Bar,Medium,21.3819,42.7637,2,0.5,0.0,0.0,0.0,0.0,0.0,0.0,0.0,0.5,0.0,0.5,0.0,0.0,False,Qwen/Qwen2.5-Coder-7B-Instruct,None
1184@y_name@ASC,Bar,Medium,4.0485,8.097,2,0.0,0.0,0.0,0.0,0.0,0.0,0.0,0.0,0.0,0.0,1.0,0.0,0.0,False,Qwen/Qwen2.5-Coder-7B-Instruct,None
1184@y_name@ASC,Bar,Medium,4.0485,8.097,2,0.0,0.0,0.0,0.0,0.0,0.0,0.0,0.0,0.0,0.0,1.0,0.0,0.0,False,Qwen/Qwen2.5-Coder-7B-Instruct,None
1184@y_name@ASC,Bar,Medium,4.0485,8.097,2,0.0,0.0,0.0,0.0,0.0,0.0,0.0,0.0,0.0,0.0,1.0,0.0,0.0,False,Qwen/Qwen2.5-Coder-7B-Instruct,None
1185@y_name@DESC,Bar,Medium,3.8889,7.7777,2,0.0,0.0,0.0,0.0,0.5,0.0,0.0,0.0,0.0,0.5,0.5,0.0,0.0,False,Qwen/Qwen2.5-Coder-7B-Instruct,None
1185@y_name@DESC,Bar,Medium,3.8889,7.7777,2,0.0,0.0,0.0,0.0,0.5,0.0,0.0,0.0,0.0,0.5,0.5,0.0,0.0,False,Qwen/Qwen2.5-Coder-7B-Instruct,None
1185@y_name@DESC,Bar,Medium,3.8889,7.7777,2,0.0,0.0,0.0,0.0,0.5,0.0,0.0,0.0,0.0,0.5,0.5,0.0,0.0,False,Qwen/Qwen2.5-Coder-7B-Instruct,None
1190@y_name@ASC,Bar,Hard,21.9356,43.8712,2,0.5,0.0,0.0,0.0,0.5,0.0,0.0,0.0,0.5,0.5,0.0,,0.0,True,Qwen/Qwen2.5-Coder-7B-Instruct,None
1190@y_name@ASC,Bar,Hard,21.9356,43.8712,2,0.5,0.0,0.0,0.0,0.5,0.0,0.0,0.0,0.5,0.5,0.0,,0.0,True,Qwen/Qwen2.5-Coder-7B-Instruct,None
1190@y_name@ASC,Bar,Hard,21.9356,43.8712,2,0.5,0.0,0.0,0.0,0.5,0.0,0.0,0.0,0.5,0.5,0.0,,0.0,True,Qwen/Qwen2.5-Coder-7B-Instruct,None
1197@x_name@ASC,Bar,Hard,6.4257,12.8513,2,0.0,0.0,0.0,0.0,0.0,0.0,0.0,0.0,0.0,0.0,1.0,0.0,0.0,True,Qwen/Qwen2.5-Coder-7B-Instruct,None
1197@x_name@ASC,Bar,Hard,6.4257,12.8513,2,0.0,0.0,0.0,0.0,0.0,0.0,0.0,0.0,0.0,0.0,1.0,0.0,0.0,True,Qwen/Qwen2.5-Coder-7B-Instruct,None
1197@x_name@ASC,Bar,Hard,6.4257,12.8513,2,0.0,0.0,0.0,0.0,0.0,0.0,0.0,0.0,0.0,0.0,1.0,0.0,0.0,True,Qwen/Qwen2.5-Coder-7B-Instruct,None
1200@y_name@ASC,Bar,Hard,7.1772,14.3544,2,0.0,0.0,0.0,0.0,0.0,0.0,0.0,0.0,0.0,0.0,1.0,0.0,0.0,True,Qwen/Qwen2.5-Coder-7B-Instruct,None
1200@y_name@ASC,Bar,Hard,7.1772,14.3544,2,0.0,0.0,0.0,0.0,0.0,0.0,0.0,0.0,0.0,0.0,1.0,0.0,0.0,True,Qwen/Qwen2.5-Coder-7B-Instruct,None
1200@y_name@ASC,Bar,Hard,7.1772,14.3544,2,0.0,0.0,0.0,0.0,0.0,0.0,0.0,0.0,0.0,0.0,1.0,0.0,0.0,True,Qwen/Qwen2.5-Coder-7B-Instruct,None
2075@y_name@DESC,Bar,Extra Hard,14.0187,14.0187,1,0.0,0.0,0.0,0.0,0.0,0.0,0.0,0.0,0.0,0.0,1.0,0.0,0.0,True,Qwen/Qwen2.5-Coder-7B-Instruct,None
2075@y_name@DESC,Bar,Extra Hard,14.0187,14.0187,1,0.0,0.0,0.0,0.0,0.0,0.0,0.0,0.0,0.0,0.0,1.0,0.0,0.0,True,Qwen/Qwen2.5-Coder-7B-Instruct,None
2075@y_name@DESC,Bar,Extra Hard,14.0187,14.0187,1,0.0,0.0,0.0,0.0,0.0,0.0,0.0,0.0,0.0,0.0,1.0,0.0,0.0,True,Qwen/Qwen2.5-Coder-7B-Instruct,None
2079@y_name@DESC,Bar,Medium,4.5033,4.5033,1,0.0,0.0,0.0,0.0,1.0,0.0,0.0,0.0,0.0,1.0,0.0,,0.0,False,Qwen/Qwen2.5-Coder-7B-Instruct,None
2079@y_name@DESC,Bar,Medium,4.5033,4.5033,1,0.0,0.0,0.0,0.0,1.0,0.0,0.0,0.0,0.0,1.0,0.0,,0.0,False,Qwen/Qwen2.5-Coder-7B-Instruct,None
2079@y_name@DESC,Bar,Medium,4.5033,4.5033,1,0.0,0.0,0.0,0.0,1.0,0.0,0.0,0.0,0.0,1.0,0.0,,0.0,False,Qwen/Qwen2.5-Coder-7B-Instruct,None
2087@y_name@DESC,Bar,Medium,4.0961,4.0961,1,0.0,0.0,0.0,0.0,0.0,0.0,0.0,0.0,0.0,0.0,1.0,0.0,0.0,False,Qwen/Qwen2.5-Coder-7B-Instruct,None
2087@y_name@DESC,Bar,Medium,4.0961,4.0961,1,0.0,0.0,0.0,0.0,0.0,0.0,0.0,0.0,0.0,0.0,1.0,0.0,0.0,False,Qwen/Qwen2.5-Coder-7B-Instruct,None
2087@y_name@DESC,Bar,Medium,4.0961,4.0961,1,0.0,0.0,0.0,0.0,0.0,0.0,0.0,0.0,0.0,0.0,1.0,0.0,0.0,False,Qwen/Qwen2.5-Coder-7B-Instruct,None
2088@x_name@ASC,Bar,Hard,7.2458,7.2458,1,0.0,0.0,0.0,0.0,0.0,1.0,0.0,0.0,0.0,1.0,0.0,,0.0,True,Qwen/Qwen2.5-Coder-7B-Instruct,None
2088@x_name@ASC,Bar,Hard,7.2458,7.2458,1,0.0,0.0,0.0,0.0,0.0,1.0,0.0,0.0,0.0,1.0,0.0,,0.0,True,Qwen/Qwen2.5-Coder-7B-Instruct,None
2088@x_name@ASC,Bar,Hard,7.2458,7.2458,1,0.0,0.0,0.0,0.0,0.0,1.0,0.0,0.0,0.0,1.0,0.0,,0.0,True,Qwen/Qwen2.5-Coder-7B-Instruct,None
2097@y_name@DESC,Bar,Hard,7.0872,7.0872,1,0.0,0.0,0.0,0.0,0.0,0.0,0.0,0.0,0.0,0.0,1.0,0.0,0.0,True,Qwen/Qwen2.5-Coder-7B-Instruct,None
2097@y_name@DESC,Bar,Hard,7.0872,7.0872,1,0.0,0.0,0.0,0.0,0.0,0.0,0.0,0.0,0.0,0.0,1.0,0.0,0.0,True,Qwen/Qwen2.5-Coder-7B-Instruct,None
2097@y_name@DESC,Bar,Hard,7.0872,7.0872,1,0.0,0.0,0.0,0.0,0.0,0.0,0.0,0.0,0.0,0.0,1.0,0.0,0.0,True,Qwen/Qwen2.5-Coder-7B-Instruct,None
2102@y_name@DESC,Bar,Hard,22.2865,22.2865,1,1.0,0.0,0.0,0.0,0.0,0.0,0.0,0.0,1.0,0.0,0.0,,0.0,True,Qwen/Qwen2.5-Coder-7B-Instruct,None
2102@y_name@DESC,Bar,Hard,22.2865,22.2865,1,1.0,0.0,0.0,0.0,0.0,0.0,0.0,0.0,1.0,0.0,0.0,,0.0,True,Qwen/Qwen2.5-Coder-7B-Instruct,None
2102@y_name@DESC,Bar,Hard,22.2865,22.2865,1,1.0,0.0,0.0,0.0,0.0,0.0,0.0,0.0,1.0,0.0,0.0,,0.0,True,Qwen/Qwen2.5-Coder-7B-Instruct,None
2109@y_name@ASC,Bar,Medium,4.2213,12.664,3,0.0,0.0,0.0,0.0,0.0,1.0,0.0,0.0,0.0,1.0,0.0,,0.0,False,Qwen/Qwen2.5-Coder-7B-Instruct,None
2109@y_name@ASC,Bar,Medium,4.2213,12.664,3,0.0,0.0,0.0,0.0,0.0,1.0,0.0,0.0,0.0,1.0,0.0,,0.0,False,Qwen/Qwen2.5-Coder-7B-Instruct,None
2109@y_name@ASC,Bar,Medium,4.2213,12.664,3,0.0,0.0,0.0,0.0,0.0,1.0,0.0,0.0,0.0,1.0,0.0,,0.0,False,Qwen/Qwen2.5-Coder-7B-Instruct,None
907@x_name@ASC,Bar,Medium,4.185,8.37,2,0.0,0.0,0.0,0.0,0.0,0.5,0.0,0.0,0.0,0.5,0.5,0.0,0.0,False,Qwen/Qwen2.5-Coder-7B-Instruct,None
907@x_name@ASC,Bar,Medium,4.185,8.37,2,0.0,0.0,0.0,0.0,0.0,0.5,0.0,0.0,0.0,0.5,0.5,0.0,0.0,False,Qwen/Qwen2.5-Coder-7B-Instruct,None
907@x_name@ASC,Bar,Medium,4.185,8.37,2,0.0,0.0,0.0,0.0,0.0,0.5,0.0,0.0,0.0,0.5,0.5,0.0,0.0,False,Qwen/Qwen2.5-Coder-7B-Instruct,None
3288@x_name@DESC,Bar,Medium,4.624,9.2481,2,0.0,0.0,0.0,0.0,0.0,1.0,0.0,0.0,0.0,1.0,0.0,,0.0,False,Qwen/Qwen2.5-Coder-7B-Instruct,None
3288@x_name@DESC,Bar,Medium,4.624,9.2481,2,0.0,0.0,0.0,0.0,0.0,1.0,0.0,0.0,0.0,1.0,0.0,,0.0,False,Qwen/Qwen2.5-Coder-7B-Instruct,None
3288@x_name@DESC,Bar,Medium,4.624,9.2481,2,0.0,0.0,0.0,0.0,0.0,1.0,0.0,0.0,0.0,1.0,0.0,,0.0,False,Qwen/Qwen2.5-Coder-7B-Instruct,None
3290@y_name@ASC,Bar,Medium,6.3069,18.9208,3,0.0,0.0,0.0,0.0,0.3333333333333333,0.6666666666666666,0.0,0.0,0.0,1.0,0.0,,0.0,False,Qwen/Qwen2.5-Coder-7B-Instruct,None
3290@y_name@ASC,Bar,Medium,6.3069,18.9208,3,0.0,0.0,0.0,0.0,0.3333333333333333,0.6666666666666666,0.0,0.0,0.0,1.0,0.0,,0.0,False,Qwen/Qwen2.5-Coder-7B-Instruct,None
3290@y_name@ASC,Bar,Medium,6.3069,18.9208,3,0.0,0.0,0.0,0.0,0.3333333333333333,0.6666666666666666,0.0,0.0,0.0,1.0,0.0,,0.0,False,Qwen/Qwen2.5-Coder-7B-Instruct,None
443@x_name@ASC,Bar,Medium,3.6338,7.2677,2,0.0,0.0,0.0,0.0,0.0,0.5,0.0,0.0,0.0,0.5,0.5,0.0,0.0,False,Qwen/Qwen2.5-Coder-7B-Instruct,None
443@x_name@ASC,Bar,Medium,3.6338,7.2677,2,0.0,0.0,0.0,0.0,0.0,0.5,0.0,0.0,0.0,0.5,0.5,0.0,0.0,False,Qwen/Qwen2.5-Coder-7B-Instruct,None
443@x_name@ASC,Bar,Medium,3.6338,7.2677,2,0.0,0.0,0.0,0.0,0.0,0.5,0.0,0.0,0.0,0.5,0.5,0.0,0.0,False,Qwen/Qwen2.5-Coder-7B-Instruct,None
445@x_name@ASC,Bar,Medium,3.6325,3.6325,1,0.0,0.0,0.0,0.0,0.0,1.0,0.0,0.0,0.0,1.0,0.0,,0.0,False,Qwen/Qwen2.5-Coder-7B-Instruct,None
445@x_name@ASC,Bar,Medium,3.6325,3.6325,1,0.0,0.0,0.0,0.0,0.0,1.0,0.0,0.0,0.0,1.0,0.0,,0.0,False,Qwen/Qwen2.5-Coder-7B-Instruct,None
445@x_name@ASC,Bar,Medium,3.6325,3.6325,1,0.0,0.0,0.0,0.0,0.0,1.0,0.0,0.0,0.0,1.0,0.0,,0.0,False,Qwen/Qwen2.5-Coder-7B-Instruct,None
447@x_name@ASC,Bar,Medium,6.4756,25.9024,4,0.0,0.0,0.0,0.0,0.0,0.5,0.0,0.0,0.0,0.5,0.5,0.0,0.0,True,Qwen/Qwen2.5-Coder-7B-Instruct,None
447@x_name@ASC,Bar,Medium,6.4756,25.9024,4,0.0,0.0,0.0,0.0,0.0,0.5,0.0,0.0,0.0,0.5,0.5,0.0,0.0,True,Qwen/Qwen2.5-Coder-7B-Instruct,None
447@x_name@ASC,Bar,Medium,6.4756,25.9024,4,0.0,0.0,0.0,0.0,0.0,0.5,0.0,0.0,0.0,0.5,0.5,0.0,0.0,True,Qwen/Qwen2.5-Coder-7B-Instruct,None
453@y_name@ASC,Bar,Hard,6.2952,6.2952,1,0.0,0.0,0.0,0.0,1.0,0.0,0.0,0.0,0.0,1.0,0.0,,0.0,True,Qwen/Qwen2.5-Coder-7B-Instruct,None
453@y_name@ASC,Bar,Hard,6.2952,6.2952,1,0.0,0.0,0.0,0.0,1.0,0.0,0.0,0.0,0.0,1.0,0.0,,0.0,True,Qwen/Qwen2.5-Coder-7B-Instruct,None
453@y_name@ASC,Bar,Hard,6.2952,6.2952,1,0.0,0.0,0.0,0.0,1.0,0.0,0.0,0.0,0.0,1.0,0.0,,0.0,True,Qwen/Qwen2.5-Coder-7B-Instruct,None
455@y_name@ASC,Bar,Hard,8.777,8.777,1,0.0,0.0,0.0,0.0,0.0,0.0,0.0,0.0,0.0,0.0,1.0,0.0,0.0,True,Qwen/Qwen2.5-Coder-7B-Instruct,None
455@y_name@ASC,Bar,Hard,8.777,8.777,1,0.0,0.0,0.0,0.0,0.0,0.0,0.0,0.0,0.0,0.0,1.0,0.0,0.0,True,Qwen/Qwen2.5-Coder-7B-Instruct,None
455@y_name@ASC,Bar,Hard,8.777,8.777,1,0.0,0.0,0.0,0.0,0.0,0.0,0.0,0.0,0.0,0.0,1.0,0.0,0.0,True,Qwen/Qwen2.5-Coder-7B-Instruct,None
458@x_name@DESC,Bar,Hard,6.3978,6.3978,1,0.0,0.0,0.0,0.0,1.0,0.0,0.0,0.0,0.0,1.0,0.0,,0.0,True,Qwen/Qwen2.5-Coder-7B-Instruct,None
458@x_name@DESC,Bar,Hard,6.3978,6.3978,1,0.0,0.0,0.0,0.0,1.0,0.0,0.0,0.0,0.0,1.0,0.0,,0.0,True,Qwen/Qwen2.5-Coder-7B-Instruct,None
458@x_name@DESC,Bar,Hard,6.3978,6.3978,1,0.0,0.0,0.0,0.0,1.0,0.0,0.0,0.0,0.0,1.0,0.0,,0.0,True,Qwen/Qwen2.5-Coder-7B-Instruct,None
459@x_name@DESC,Bar,Hard,5.7405,5.7405,1,0.0,0.0,0.0,0.0,0.0,0.0,0.0,0.0,0.0,0.0,1.0,0.0,0.0,True,Qwen/Qwen2.5-Coder-7B-Instruct,None
459@x_name@DESC,Bar,Hard,5.7405,5.7405,1,0.0,0.0,0.0,0.0,0.0,0.0,0.0,0.0,0.0,0.0,1.0,0.0,0.0,True,Qwen/Qwen2.5-Coder-7B-Instruct,None
459@x_name@DESC,Bar,Hard,5.7405,5.7405,1,0.0,0.0,0.0,0.0,0.0,0.0,0.0,0.0,0.0,0.0,1.0,0.0,0.0,True,Qwen/Qwen2.5-Coder-7B-Instruct,None
465@y_name@ASC,Bar,Medium,5.2704,10.5409,2,0.0,0.0,0.0,0.0,0.0,1.0,0.0,0.0,0.0,1.0,0.0,,0.0,False,Qwen/Qwen2.5-Coder-7B-Instruct,None
465@y_name@ASC,Bar,Medium,5.2704,10.5409,2,0.0,0.0,0.0,0.0,0.0,1.0,0.0,0.0,0.0,1.0,0.0,,0.0,False,Qwen/Qwen2.5-Coder-7B-Instruct,None
465@y_name@ASC,Bar,Medium,5.2704,10.5409,2,0.0,0.0,0.0,0.0,0.0,1.0,0.0,0.0,0.0,1.0,0.0,,0.0,False,Qwen/Qwen2.5-Coder-7B-Instruct,None
468@y_name@DESC,Bar,Medium,5.399,10.798,2,0.0,0.0,0.0,0.0,0.0,1.0,0.0,0.0,0.0,1.0,0.0,,0.0,False,Qwen/Qwen2.5-Coder-7B-Instruct,None
468@y_name@DESC,Bar,Medium,5.399,10.798,2,0.0,0.0,0.0,0.0,0.0,1.0,0.0,0.0,0.0,1.0,0.0,,0.0,False,Qwen/Qwen2.5-Coder-7B-Instruct,None
468@y_name@DESC,Bar,Medium,5.399,10.798,2,0.0,0.0,0.0,0.0,0.0,1.0,0.0,0.0,0.0,1.0,0.0,,0.0,False,Qwen/Qwen2.5-Coder-7B-Instruct,None
469@y_name@DESC,Bar,Medium,5.5744,5.5744,1,0.0,0.0,0.0,0.0,0.0,1.0,0.0,0.0,0.0,1.0,0.0,,0.0,False,Qwen/Qwen2.5-Coder-7B-Instruct,None
469@y_name@DESC,Bar,Medium,5.5744,5.5744,1,0.0,0.0,0.0,0.0,0.0,1.0,0.0,0.0,0.0,1.0,0.0,,0.0,False,Qwen/Qwen2.5-Coder-7B-Instruct,None
469@y_name@DESC,Bar,Medium,5.5744,5.5744,1,0.0,0.0,0.0,0.0,0.0,1.0,0.0,0.0,0.0,1.0,0.0,,0.0,False,Qwen/Qwen2.5-Coder-7B-Instruct,None
474@x_name@DESC,Bar,Easy,4.9285,4.9285,1,0.0,0.0,0.0,0.0,0.0,0.0,0.0,0.0,0.0,0.0,1.0,0.0,0.0,False,Qwen/Qwen2.5-Coder-7B-Instruct,None
474@x_name@DESC,Bar,Easy,4.9285,4.9285,1,0.0,0.0,0.0,0.0,0.0,0.0,0.0,0.0,0.0,0.0,1.0,0.0,0.0,False,Qwen/Qwen2.5-Coder-7B-Instruct,None
474@x_name@DESC,Bar,Easy,4.9285,4.9285,1,0.0,0.0,0.0,0.0,0.0,0.0,0.0,0.0,0.0,0.0,1.0,0.0,0.0,False,Qwen/Qwen2.5-Coder-7B-Instruct,None
1437@x_name@DESC,Bar,Extra Hard,6.3601,6.3601,1,0.0,0.0,0.0,0.0,0.0,1.0,0.0,0.0,0.0,1.0,0.0,,0.0,True,Qwen/Qwen2.5-Coder-7B-Instruct,None
1437@x_name@DESC,Bar,Extra Hard,6.3601,6.3601,1,0.0,0.0,0.0,0.0,0.0,1.0,0.0,0.0,0.0,1.0,0.0,,0.0,True,Qwen/Qwen2.5-Coder-7B-Instruct,None
1437@x_name@DESC,Bar,Extra Hard,6.3601,6.3601,1,0.0,0.0,0.0,0.0,0.0,1.0,0.0,0.0,0.0,1.0,0.0,,0.0,True,Qwen/Qwen2.5-Coder-7B-Instruct,None
1448@x_name@ASC,Line,Extra Hard,19.4993,77.9972,4,0.5,0.0,0.0,0.0,0.5,0.0,0.0,0.0,0.5,0.5,0.0,,0.0,True,Qwen/Qwen2.5-Coder-7B-Instruct,None
1448@x_name@ASC,Line,Extra Hard,19.4993,77.9972,4,0.5,0.0,0.0,0.0,0.5,0.0,0.0,0.0,0.5,0.5,0.0,,0.0,True,Qwen/Qwen2.5-Coder-7B-Instruct,None
1448@x_name@ASC,Line,Extra Hard,19.4993,77.9972,4,0.5,0.0,0.0,0.0,0.5,0.0,0.0,0.0,0.5,0.5,0.0,,0.0,True,Qwen/Qwen2.5-Coder-7B-Instruct,None
3220@x_name@ASC,Bar,Medium,3.9007,7.8013,2,0.0,0.0,0.0,0.0,0.5,0.5,0.0,0.0,0.0,1.0,0.0,,0.0,False,Qwen/Qwen2.5-Coder-7B-Instruct,None
3220@x_name@ASC,Bar,Medium,3.9007,7.8013,2,0.0,0.0,0.0,0.0,0.5,0.5,0.0,0.0,0.0,1.0,0.0,,0.0,False,Qwen/Qwen2.5-Coder-7B-Instruct,None
3220@x_name@ASC,Bar,Medium,3.9007,7.8013,2,0.0,0.0,0.0,0.0,0.5,0.5,0.0,0.0,0.0,1.0,0.0,,0.0,False,Qwen/Qwen2.5-Coder-7B-Instruct,None
3224@x_name@DESC,Bar,Medium,5.7621,11.5243,2,0.0,0.0,0.0,0.0,1.0,0.0,0.0,0.0,0.0,1.0,0.0,,0.0,False,Qwen/Qwen2.5-Coder-7B-Instruct,None
3224@x_name@DESC,Bar,Medium,5.7621,11.5243,2,0.0,0.0,0.0,0.0,1.0,0.0,0.0,0.0,0.0,1.0,0.0,,0.0,False,Qwen/Qwen2.5-Coder-7B-Instruct,None
3224@x_name@DESC,Bar,Medium,5.7621,11.5243,2,0.0,0.0,0.0,0.0,1.0,0.0,0.0,0.0,0.0,1.0,0.0,,0.0,False,Qwen/Qwen2.5-Coder-7B-Instruct,None
3226@y_name@DESC,Bar,Extra Hard,8.5773,25.732,3,0.0,0.0,0.0,0.0,0.0,0.0,0.0,0.0,0.0,0.0,1.0,0.0,0.0,True,Qwen/Qwen2.5-Coder-7B-Instruct,None
3226@y_name@DESC,Bar,Extra Hard,8.5773,25.732,3,0.0,0.0,0.0,0.0,0.0,0.0,0.0,0.0,0.0,0.0,1.0,0.0,0.0,True,Qwen/Qwen2.5-Coder-7B-Instruct,None
3226@y_name@DESC,Bar,Extra Hard,8.5773,25.732,3,0.0,0.0,0.0,0.0,0.0,0.0,0.0,0.0,0.0,0.0,1.0,0.0,0.0,True,Qwen/Qwen2.5-Coder-7B-Instruct,None
3236@x_name@ASC,Bar,Hard,4.1068,4.1068,1,0.0,0.0,0.0,0.0,0.0,1.0,0.0,0.0,0.0,1.0,0.0,,0.0,False,Qwen/Qwen2.5-Coder-7B-Instruct,None
3236@x_name@ASC,Bar,Hard,4.1068,4.1068,1,0.0,0.0,0.0,0.0,0.0,1.0,0.0,0.0,0.0,1.0,0.0,,0.0,False,Qwen/Qwen2.5-Coder-7B-Instruct,None
3236@x_name@ASC,Bar,Hard,4.1068,4.1068,1,0.0,0.0,0.0,0.0,0.0,1.0,0.0,0.0,0.0,1.0,0.0,,0.0,False,Qwen/Qwen2.5-Coder-7B-Instruct,None
3238@y_name@ASC,Bar,Medium,4.3083,21.5417,5,0.0,0.0,0.0,0.0,0.0,0.0,0.0,0.0,0.0,0.0,1.0,0.0,0.0,False,Qwen/Qwen2.5-Coder-7B-Instruct,None
3238@y_name@ASC,Bar,Medium,4.3083,21.5417,5,0.0,0.0,0.0,0.0,0.0,0.0,0.0,0.0,0.0,0.0,1.0,0.0,0.0,False,Qwen/Qwen2.5-Coder-7B-Instruct,None
3238@y_name@ASC,Bar,Medium,4.3083,21.5417,5,0.0,0.0,0.0,0.0,0.0,0.0,0.0,0.0,0.0,0.0,1.0,0.0,0.0,False,Qwen/Qwen2.5-Coder-7B-Instruct,None
3247@x_name@ASC,Line,Easy,3.7323,7.4646,2,0.0,0.0,0.0,0.0,0.0,0.0,0.0,0.0,0.0,0.0,1.0,0.0,0.0,False,Qwen/Qwen2.5-Coder-7B-Instruct,None
3247@x_name@ASC,Line,Easy,3.7323,7.4646,2,0.0,0.0,0.0,0.0,0.0,0.0,0.0,0.0,0.0,0.0,1.0,0.0,0.0,False,Qwen/Qwen2.5-Coder-7B-Instruct,None
3247@x_name@ASC,Line,Easy,3.7323,7.4646,2,0.0,0.0,0.0,0.0,0.0,0.0,0.0,0.0,0.0,0.0,1.0,0.0,0.0,False,Qwen/Qwen2.5-Coder-7B-Instruct,None
3256@x_name@ASC,Line,Easy,3.5257,3.5257,1,0.0,0.0,0.0,0.0,0.0,0.0,0.0,0.0,0.0,0.0,1.0,0.0,0.0,False,Qwen/Qwen2.5-Coder-7B-Instruct,None
3256@x_name@ASC,Line,Easy,3.5257,3.5257,1,0.0,0.0,0.0,0.0,0.0,0.0,0.0,0.0,0.0,0.0,1.0,0.0,0.0,False,Qwen/Qwen2.5-Coder-7B-Instruct,None
3256@x_name@ASC,Line,Easy,3.5257,3.5257,1,0.0,0.0,0.0,0.0,0.0,0.0,0.0,0.0,0.0,0.0,1.0,0.0,0.0,False,Qwen/Qwen2.5-Coder-7B-Instruct,None
1498@y_name@DESC,Bar,Medium,4.3139,12.9418,3,0.0,0.0,0.0,0.0,0.0,0.0,0.0,0.0,0.0,0.0,1.0,0.0,0.0,False,Qwen/Qwen2.5-Coder-7B-Instruct,None
1498@y_name@DESC,Bar,Medium,4.3139,12.9418,3,0.0,0.0,0.0,0.0,0.0,0.0,0.0,0.0,0.0,0.0,1.0,0.0,0.0,False,Qwen/Qwen2.5-Coder-7B-Instruct,None
1498@y_name@DESC,Bar,Medium,4.3139,12.9418,3,0.0,0.0,0.0,0.0,0.0,0.0,0.0,0.0,0.0,0.0,1.0,0.0,0.0,False,Qwen/Qwen2.5-Coder-7B-Instruct,None
1508@x_name@ASC,Bar,Medium,8.0204,24.0612,3,0.0,0.0,0.0,0.0,0.0,0.6666666666666666,0.0,0.0,0.0,0.6666666666666666,0.3333333333333333,0.0,0.0,False,Qwen/Qwen2.5-Coder-7B-Instruct,None
1508@x_name@ASC,Bar,Medium,8.0204,24.0612,3,0.0,0.0,0.0,0.0,0.0,0.6666666666666666,0.0,0.0,0.0,0.6666666666666666,0.3333333333333333,0.0,0.0,False,Qwen/Qwen2.5-Coder-7B-Instruct,None
1508@x_name@ASC,Bar,Medium,8.0204,24.0612,3,0.0,0.0,0.0,0.0,0.0,0.6666666666666666,0.0,0.0,0.0,0.6666666666666666,0.3333333333333333,0.0,0.0,False,Qwen/Qwen2.5-Coder-7B-Instruct,None
1510@y_name@ASC,Bar,Hard,6.8334,13.6668,2,0.0,0.0,0.0,0.5,0.5,0.0,0.0,0.0,0.0,0.5,0.5,0.0,0.0,False,Qwen/Qwen2.5-Coder-7B-Instruct,None
1510@y_name@ASC,Bar,Hard,6.8334,13.6668,2,0.0,0.0,0.0,0.5,0.5,0.0,0.0,0.0,0.0,0.5,0.5,0.0,0.0,False,Qwen/Qwen2.5-Coder-7B-Instruct,None
1510@y_name@ASC,Bar,Hard,6.8334,13.6668,2,0.0,0.0,0.0,0.5,0.5,0.0,0.0,0.0,0.0,0.5,0.5,0.0,0.0,False,Qwen/Qwen2.5-Coder-7B-Instruct,None
1511@x_name@ASC,Bar,Medium,5.9776,11.9551,2,0.0,0.0,0.0,0.0,0.0,0.0,0.0,0.0,0.0,0.0,1.0,0.0,0.0,False,Qwen/Qwen2.5-Coder-7B-Instruct,None
1511@x_name@ASC,Bar,Medium,5.9776,11.9551,2,0.0,0.0,0.0,0.0,0.0,0.0,0.0,0.0,0.0,0.0,1.0,0.0,0.0,False,Qwen/Qwen2.5-Coder-7B-Instruct,None
1511@x_name@ASC,Bar,Medium,5.9776,11.9551,2,0.0,0.0,0.0,0.0,0.0,0.0,0.0,0.0,0.0,0.0,1.0,0.0,0.0,False,Qwen/Qwen2.5-Coder-7B-Instruct,None
1516@x_name@DESC,Bar,Hard,6.8953,13.7906,2,0.0,0.0,0.0,0.0,0.0,0.5,0.0,0.0,0.0,0.5,0.5,0.0,0.0,True,Qwen/Qwen2.5-Coder-7B-Instruct,None
1516@x_name@DESC,Bar,Hard,6.8953,13.7906,2,0.0,0.0,0.0,0.0,0.0,0.5,0.0,0.0,0.0,0.5,0.5,0.0,0.0,True,Qwen/Qwen2.5-Coder-7B-Instruct,None
1516@x_name@DESC,Bar,Hard,6.8953,13.7906,2,0.0,0.0,0.0,0.0,0.0,0.5,0.0,0.0,0.0,0.5,0.5,0.0,0.0,True,Qwen/Qwen2.5-Coder-7B-Instruct,None
1518@x_name@ASC,Bar,Medium,5.9379,11.8758,2,0.0,0.0,0.0,0.0,0.0,0.5,0.0,0.0,0.0,0.5,0.5,0.0,0.0,False,Qwen/Qwen2.5-Coder-7B-Instruct,None
1518@x_name@ASC,Bar,Medium,5.9379,11.8758,2,0.0,0.0,0.0,0.0,0.0,0.5,0.0,0.0,0.0,0.5,0.5,0.0,0.0,False,Qwen/Qwen2.5-Coder-7B-Instruct,None
1518@x_name@ASC,Bar,Medium,5.9379,11.8758,2,0.0,0.0,0.0,0.0,0.0,0.5,0.0,0.0,0.0,0.5,0.5,0.0,0.0,False,Qwen/Qwen2.5-Coder-7B-Instruct,None
2459@y_name@DESC,Bar,Medium,4.4367,26.62,6,0.0,0.0,0.0,0.0,0.16666666666666666,0.16666666666666666,0.0,0.0,0.0,0.3333333333333333,0.6666666666666666,0.0,0.0,False,Qwen/Qwen2.5-Coder-7B-Instruct,None
2459@y_name@DESC,Bar,Medium,4.4367,26.62,6,0.0,0.0,0.0,0.0,0.16666666666666666,0.16666666666666666,0.0,0.0,0.0,0.3333333333333333,0.6666666666666666,0.0,0.0,False,Qwen/Qwen2.5-Coder-7B-Instruct,None
2459@y_name@DESC,Bar,Medium,4.4367,26.62,6,0.0,0.0,0.0,0.0,0.16666666666666666,0.16666666666666666,0.0,0.0,0.0,0.3333333333333333,0.6666666666666666,0.0,0.0,False,Qwen/Qwen2.5-Coder-7B-Instruct,None
2461@y_name@DESC,Bar,Hard,4.6165,23.0826,5,0.0,0.0,0.0,0.0,1.0,0.0,0.0,0.0,0.0,1.0,0.0,,0.0,False,Qwen/Qwen2.5-Coder-7B-Instruct,None
2461@y_name@DESC,Bar,Hard,4.6165,23.0826,5,0.0,0.0,0.0,0.0,1.0,0.0,0.0,0.0,0.0,1.0,0.0,,0.0,False,Qwen/Qwen2.5-Coder-7B-Instruct,None
2461@y_name@DESC,Bar,Hard,4.6165,23.0826,5,0.0,0.0,0.0,0.0,1.0,0.0,0.0,0.0,0.0,1.0,0.0,,0.0,False,Qwen/Qwen2.5-Coder-7B-Instruct,None
2465@x_name@DESC,Bar,Hard,3.8583,7.7166,2,0.0,0.0,0.0,0.0,0.0,1.0,0.0,0.0,0.0,1.0,0.0,,0.0,False,Qwen/Qwen2.5-Coder-7B-Instruct,None
2465@x_name@DESC,Bar,Hard,3.8583,7.7166,2,0.0,0.0,0.0,0.0,0.0,1.0,0.0,0.0,0.0,1.0,0.0,,0.0,False,Qwen/Qwen2.5-Coder-7B-Instruct,None
2465@x_name@DESC,Bar,Hard,3.8583,7.7166,2,0.0,0.0,0.0,0.0,0.0,1.0,0.0,0.0,0.0,1.0,0.0,,0.0,False,Qwen/Qwen2.5-Coder-7B-Instruct,None
2317@x_name@ASC,Bar,Medium,7.3499,7.3499,1,0.0,0.0,0.0,0.0,1.0,0.0,0.0,0.0,0.0,1.0,0.0,,0.0,False,Qwen/Qwen2.5-Coder-7B-Instruct,None
2317@x_name@ASC,Bar,Medium,7.3499,7.3499,1,0.0,0.0,0.0,0.0,1.0,0.0,0.0,0.0,0.0,1.0,0.0,,0.0,False,Qwen/Qwen2.5-Coder-7B-Instruct,None
2317@x_name@ASC,Bar,Medium,7.3499,7.3499,1,0.0,0.0,0.0,0.0,1.0,0.0,0.0,0.0,0.0,1.0,0.0,,0.0,False,Qwen/Qwen2.5-Coder-7B-Instruct,None
2321@y_name@ASC,Bar,Medium,4.4911,26.9467,6,0.0,0.0,0.0,0.0,0.0,0.0,0.0,0.0,0.0,0.0,1.0,0.0,0.0,False,Qwen/Qwen2.5-Coder-7B-Instruct,None
2321@y_name@ASC,Bar,Medium,4.4911,26.9467,6,0.0,0.0,0.0,0.0,0.0,0.0,0.0,0.0,0.0,0.0,1.0,0.0,0.0,False,Qwen/Qwen2.5-Coder-7B-Instruct,None
2321@y_name@ASC,Bar,Medium,4.4911,26.9467,6,0.0,0.0,0.0,0.0,0.0,0.0,0.0,0.0,0.0,0.0,1.0,0.0,0.0,False,Qwen/Qwen2.5-Coder-7B-Instruct,None
2565@y_name@ASC,Bar,Extra Hard,14.5498,14.5498,1,0.0,0.0,0.0,0.0,0.0,0.0,0.0,0.0,0.0,0.0,1.0,0.0,0.0,True,Qwen/Qwen2.5-Coder-7B-Instruct,None
2565@y_name@ASC,Bar,Extra Hard,14.5498,14.5498,1,0.0,0.0,0.0,0.0,0.0,0.0,0.0,0.0,0.0,0.0,1.0,0.0,0.0,True,Qwen/Qwen2.5-Coder-7B-Instruct,None
2565@y_name@ASC,Bar,Extra Hard,14.5498,14.5498,1,0.0,0.0,0.0,0.0,0.0,0.0,0.0,0.0,0.0,0.0,1.0,0.0,0.0,True,Qwen/Qwen2.5-Coder-7B-Instruct,None
2566@y_name@DESC,Bar,Extra Hard,19.7585,19.7585,1,0.0,0.0,0.0,0.0,0.0,0.0,0.0,0.0,0.0,0.0,1.0,0.0,0.0,True,Qwen/Qwen2.5-Coder-7B-Instruct,None
2566@y_name@DESC,Bar,Extra Hard,19.7585,19.7585,1,0.0,0.0,0.0,0.0,0.0,0.0,0.0,0.0,0.0,0.0,1.0,0.0,0.0,True,Qwen/Qwen2.5-Coder-7B-Instruct,None
2566@y_name@DESC,Bar,Extra Hard,19.7585,19.7585,1,0.0,0.0,0.0,0.0,0.0,0.0,0.0,0.0,0.0,0.0,1.0,0.0,0.0,True,Qwen/Qwen2.5-Coder-7B-Instruct,None
2551@y_name@ASC,Bar,Medium,4.4707,13.4121,3,0.0,0.0,0.0,0.0,0.0,0.0,0.0,0.0,0.0,0.0,1.0,0.0,0.0,False,Qwen/Qwen2.5-Coder-7B-Instruct,None
2551@y_name@ASC,Bar,Medium,4.4707,13.4121,3,0.0,0.0,0.0,0.0,0.0,0.0,0.0,0.0,0.0,0.0,1.0,0.0,0.0,False,Qwen/Qwen2.5-Coder-7B-Instruct,None
2551@y_name@ASC,Bar,Medium,4.4707,13.4121,3,0.0,0.0,0.0,0.0,0.0,0.0,0.0,0.0,0.0,0.0,1.0,0.0,0.0,False,Qwen/Qwen2.5-Coder-7B-Instruct,None
2558@x_name@ASC,Bar,Easy,4.6856,9.3712,2,0.0,0.0,0.0,0.0,0.0,0.0,0.0,0.0,0.0,0.0,1.0,0.0,0.0,False,Qwen/Qwen2.5-Coder-7B-Instruct,None
2558@x_name@ASC,Bar,Easy,4.6856,9.3712,2,0.0,0.0,0.0,0.0,0.0,0.0,0.0,0.0,0.0,0.0,1.0,0.0,0.0,False,Qwen/Qwen2.5-Coder-7B-Instruct,None
2558@x_name@ASC,Bar,Easy,4.6856,9.3712,2,0.0,0.0,0.0,0.0,0.0,0.0,0.0,0.0,0.0,0.0,1.0,0.0,0.0,False,Qwen/Qwen2.5-Coder-7B-Instruct,None
2560@y_name@DESC,Bar,Medium,4.0478,12.1435,3,0.0,0.0,0.0,0.0,0.0,0.0,0.0,0.0,0.0,0.0,1.0,0.0,0.0,False,Qwen/Qwen2.5-Coder-7B-Instruct,None
2560@y_name@DESC,Bar,Medium,4.0478,12.1435,3,0.0,0.0,0.0,0.0,0.0,0.0,0.0,0.0,0.0,0.0,1.0,0.0,0.0,False,Qwen/Qwen2.5-Coder-7B-Instruct,None
2560@y_name@DESC,Bar,Medium,4.0478,12.1435,3,0.0,0.0,0.0,0.0,0.0,0.0,0.0,0.0,0.0,0.0,1.0,0.0,0.0,False,Qwen/Qwen2.5-Coder-7B-Instruct,None
2959@y_name@ASC,Bar,Hard,6.2479,24.9917,4,0.0,0.0,0.0,0.25,0.25,0.0,0.0,0.0,0.0,0.25,0.75,0.0,0.0,True,Qwen/Qwen2.5-Coder-7B-Instruct,None
2959@y_name@ASC,Bar,Hard,6.2479,24.9917,4,0.0,0.0,0.0,0.25,0.25,0.0,0.0,0.0,0.0,0.25,0.75,0.0,0.0,True,Qwen/Qwen2.5-Coder-7B-Instruct,None
2959@y_name@ASC,Bar,Hard,6.2479,24.9917,4,0.0,0.0,0.0,0.25,0.25,0.0,0.0,0.0,0.0,0.25,0.75,0.0,0.0,True,Qwen/Qwen2.5-Coder-7B-Instruct,None
2509@x_name@ASC,Bar,Hard,6.3067,6.3067,1,0.0,0.0,0.0,0.0,0.0,1.0,0.0,0.0,0.0,1.0,0.0,,0.0,True,Qwen/Qwen2.5-Coder-7B-Instruct,None
2509@x_name@ASC,Bar,Hard,6.3067,6.3067,1,0.0,0.0,0.0,0.0,0.0,1.0,0.0,0.0,0.0,1.0,0.0,,0.0,True,Qwen/Qwen2.5-Coder-7B-Instruct,None
2509@x_name@ASC,Bar,Hard,6.3067,6.3067,1,0.0,0.0,0.0,0.0,0.0,1.0,0.0,0.0,0.0,1.0,0.0,,0.0,True,Qwen/Qwen2.5-Coder-7B-Instruct,None
2513@x_name@ASC,Bar,Hard,6.7611,6.7611,1,0.0,0.0,0.0,0.0,1.0,0.0,0.0,0.0,0.0,1.0,0.0,,0.0,True,Qwen/Qwen2.5-Coder-7B-Instruct,None
2513@x_name@ASC,Bar,Hard,6.7611,6.7611,1,0.0,0.0,0.0,0.0,1.0,0.0,0.0,0.0,0.0,1.0,0.0,,0.0,True,Qwen/Qwen2.5-Coder-7B-Instruct,None
2513@x_name@ASC,Bar,Hard,6.7611,6.7611,1,0.0,0.0,0.0,0.0,1.0,0.0,0.0,0.0,0.0,1.0,0.0,,0.0,True,Qwen/Qwen2.5-Coder-7B-Instruct,None
2517@y_name@ASC,Bar,Hard,12.6606,25.3211,2,0.5,0.0,0.0,0.0,0.0,0.0,0.0,0.0,0.5,0.0,0.5,0.0,0.0,False,Qwen/Qwen2.5-Coder-7B-Instruct,None
2517@y_name@ASC,Bar,Hard,12.6606,25.3211,2,0.5,0.0,0.0,0.0,0.0,0.0,0.0,0.0,0.5,0.0,0.5,0.0,0.0,False,Qwen/Qwen2.5-Coder-7B-Instruct,None
2517@y_name@ASC,Bar,Hard,12.6606,25.3211,2,0.5,0.0,0.0,0.0,0.0,0.0,0.0,0.0,0.5,0.0,0.5,0.0,0.0,False,Qwen/Qwen2.5-Coder-7B-Instruct,None
1551@y_name@ASC,Bar,Extra Hard,9.8534,49.2669,5,0.0,0.0,0.0,0.0,1.0,0.0,0.0,0.0,0.0,1.0,0.0,,0.0,False,Qwen/Qwen2.5-Coder-7B-Instruct,None
1551@y_name@ASC,Bar,Extra Hard,9.8534,49.2669,5,0.0,0.0,0.0,0.0,1.0,0.0,0.0,0.0,0.0,1.0,0.0,,0.0,False,Qwen/Qwen2.5-Coder-7B-Instruct,None
1551@y_name@ASC,Bar,Extra Hard,9.8534,49.2669,5,0.0,0.0,0.0,0.0,1.0,0.0,0.0,0.0,0.0,1.0,0.0,,0.0,False,Qwen/Qwen2.5-Coder-7B-Instruct,None
1622@y_name@ASC,Bar,Hard,7.7126,7.7126,1,0.0,0.0,0.0,1.0,1.0,0.0,0.0,0.0,0.0,1.0,0.0,,0.0,False,Qwen/Qwen2.5-Coder-7B-Instruct,None
1622@y_name@ASC,Bar,Hard,7.7126,7.7126,1,0.0,0.0,0.0,1.0,1.0,0.0,0.0,0.0,0.0,1.0,0.0,,0.0,False,Qwen/Qwen2.5-Coder-7B-Instruct,None
1622@y_name@ASC,Bar,Hard,7.7126,7.7126,1,0.0,0.0,0.0,1.0,1.0,0.0,0.0,0.0,0.0,1.0,0.0,,0.0,False,Qwen/Qwen2.5-Coder-7B-Instruct,None
1626@y_name@ASC,Bar,Hard,9.3867,28.16,3,0.0,0.0,0.0,0.0,0.0,0.0,0.0,0.0,0.0,0.0,1.0,0.0,0.0,True,Qwen/Qwen2.5-Coder-7B-Instruct,None
1626@y_name@ASC,Bar,Hard,9.3867,28.16,3,0.0,0.0,0.0,0.0,0.0,0.0,0.0,0.0,0.0,0.0,1.0,0.0,0.0,True,Qwen/Qwen2.5-Coder-7B-Instruct,None
1626@y_name@ASC,Bar,Hard,9.3867,28.16,3,0.0,0.0,0.0,0.0,0.0,0.0,0.0,0.0,0.0,0.0,1.0,0.0,0.0,True,Qwen/Qwen2.5-Coder-7B-Instruct,None
1627@x_name@DESC,Bar,Hard,7.2549,7.2549,1,0.0,0.0,0.0,0.0,0.0,0.0,0.0,0.0,0.0,0.0,1.0,0.0,0.0,False,Qwen/Qwen2.5-Coder-7B-Instruct,None
1627@x_name@DESC,Bar,Hard,7.2549,7.2549,1,0.0,0.0,0.0,0.0,0.0,0.0,0.0,0.0,0.0,0.0,1.0,0.0,0.0,False,Qwen/Qwen2.5-Coder-7B-Instruct,None
1627@x_name@DESC,Bar,Hard,7.2549,7.2549,1,0.0,0.0,0.0,0.0,0.0,0.0,0.0,0.0,0.0,0.0,1.0,0.0,0.0,False,Qwen/Qwen2.5-Coder-7B-Instruct,None
1632@y_name@ASC,Bar,Hard,6.5873,19.7619,3,0.0,0.0,0.0,0.0,0.0,0.0,0.0,0.0,0.0,0.0,1.0,0.0,0.0,True,Qwen/Qwen2.5-Coder-7B-Instruct,None
1632@y_name@ASC,Bar,Hard,6.5873,19.7619,3,0.0,0.0,0.0,0.0,0.0,0.0,0.0,0.0,0.0,0.0,1.0,0.0,0.0,True,Qwen/Qwen2.5-Coder-7B-Instruct,None
1632@y_name@ASC,Bar,Hard,6.5873,19.7619,3,0.0,0.0,0.0,0.0,0.0,0.0,0.0,0.0,0.0,0.0,1.0,0.0,0.0,True,Qwen/Qwen2.5-Coder-7B-Instruct,None
1671@y_name@ASC,Bar,Medium,8.6588,25.9765,3,0.0,0.0,0.0,0.0,0.6666666666666666,0.0,0.0,0.0,0.0,0.6666666666666666,0.3333333333333333,0.0,0.0,False,Qwen/Qwen2.5-Coder-7B-Instruct,None
1671@y_name@ASC,Bar,Medium,8.6588,25.9765,3,0.0,0.0,0.0,0.0,0.6666666666666666,0.0,0.0,0.0,0.0,0.6666666666666666,0.3333333333333333,0.0,0.0,False,Qwen/Qwen2.5-Coder-7B-Instruct,None
1671@y_name@ASC,Bar,Medium,8.6588,25.9765,3,0.0,0.0,0.0,0.0,0.6666666666666666,0.0,0.0,0.0,0.0,0.6666666666666666,0.3333333333333333,0.0,0.0,False,Qwen/Qwen2.5-Coder-7B-Instruct,None
1696@x_name@DESC,Line,Medium,8.4349,33.7398,4,0.0,0.0,0.0,0.0,1.0,0.0,0.0,0.0,0.0,1.0,0.0,,0.0,False,Qwen/Qwen2.5-Coder-7B-Instruct,None
1696@x_name@DESC,Line,Medium,8.4349,33.7398,4,0.0,0.0,0.0,0.0,1.0,0.0,0.0,0.0,0.0,1.0,0.0,,0.0,False,Qwen/Qwen2.5-Coder-7B-Instruct,None
1696@x_name@DESC,Line,Medium,8.4349,33.7398,4,0.0,0.0,0.0,0.0,1.0,0.0,0.0,0.0,0.0,1.0,0.0,,0.0,False,Qwen/Qwen2.5-Coder-7B-Instruct,None
1702@y_name@ASC,Bar,Medium,24.7102,24.7102,1,1.0,0.0,0.0,0.0,0.0,0.0,0.0,0.0,1.0,0.0,0.0,,0.0,False,Qwen/Qwen2.5-Coder-7B-Instruct,None
1702@y_name@ASC,Bar,Medium,24.7102,24.7102,1,1.0,0.0,0.0,0.0,0.0,0.0,0.0,0.0,1.0,0.0,0.0,,0.0,False,Qwen/Qwen2.5-Coder-7B-Instruct,None
1702@y_name@ASC,Bar,Medium,24.7102,24.7102,1,1.0,0.0,0.0,0.0,0.0,0.0,0.0,0.0,1.0,0.0,0.0,,0.0,False,Qwen/Qwen2.5-Coder-7B-Instruct,None
1703@y_name@DESC,Bar,Hard,5.8719,5.8719,1,0.0,0.0,0.0,0.0,0.0,0.0,0.0,0.0,0.0,0.0,1.0,0.0,0.0,False,Qwen/Qwen2.5-Coder-7B-Instruct,None
1703@y_name@DESC,Bar,Hard,5.8719,5.8719,1,0.0,0.0,0.0,0.0,0.0,0.0,0.0,0.0,0.0,0.0,1.0,0.0,0.0,False,Qwen/Qwen2.5-Coder-7B-Instruct,None
1703@y_name@DESC,Bar,Hard,5.8719,5.8719,1,0.0,0.0,0.0,0.0,0.0,0.0,0.0,0.0,0.0,0.0,1.0,0.0,0.0,False,Qwen/Qwen2.5-Coder-7B-Instruct,None
1746@x_name@ASC,Line,Medium,6.0376,24.1503,4,0.0,0.0,0.0,0.0,1.0,0.0,0.0,0.0,0.0,1.0,0.0,,0.0,False,Qwen/Qwen2.5-Coder-7B-Instruct,None
1746@x_name@ASC,Line,Medium,6.0376,24.1503,4,0.0,0.0,0.0,0.0,1.0,0.0,0.0,0.0,0.0,1.0,0.0,,0.0,False,Qwen/Qwen2.5-Coder-7B-Instruct,None
1746@x_name@ASC,Line,Medium,6.0376,24.1503,4,0.0,0.0,0.0,0.0,1.0,0.0,0.0,0.0,0.0,1.0,0.0,,0.0,False,Qwen/Qwen2.5-Coder-7B-Instruct,None
1795@x_name@DESC,Line,Medium,7.1433,21.4299,3,0.0,0.0,0.0,0.0,1.0,0.0,0.0,0.0,0.0,1.0,0.0,,0.0,False,Qwen/Qwen2.5-Coder-7B-Instruct,None
1795@x_name@DESC,Line,Medium,7.1433,21.4299,3,0.0,0.0,0.0,0.0,1.0,0.0,0.0,0.0,0.0,1.0,0.0,,0.0,False,Qwen/Qwen2.5-Coder-7B-Instruct,None
1795@x_name@DESC,Line,Medium,7.1433,21.4299,3,0.0,0.0,0.0,0.0,1.0,0.0,0.0,0.0,0.0,1.0,0.0,,0.0,False,Qwen/Qwen2.5-Coder-7B-Instruct,None
1802@y_name@DESC,Bar,Extra Hard,5.8838,11.7676,2,0.0,0.0,0.0,0.0,0.0,0.0,0.0,0.0,0.0,0.0,1.0,0.0,0.0,False,Qwen/Qwen2.5-Coder-7B-Instruct,None
1802@y_name@DESC,Bar,Extra Hard,5.8838,11.7676,2,0.0,0.0,0.0,0.0,0.0,0.0,0.0,0.0,0.0,0.0,1.0,0.0,0.0,False,Qwen/Qwen2.5-Coder-7B-Instruct,None
1802@y_name@DESC,Bar,Extra Hard,5.8838,11.7676,2,0.0,0.0,0.0,0.0,0.0,0.0,0.0,0.0,0.0,0.0,1.0,0.0,0.0,False,Qwen/Qwen2.5-Coder-7B-Instruct,None
1835@x_name@ASC,Line,Hard,6.098,18.2939,3,0.0,0.0,0.0,0.0,1.0,0.0,0.0,0.0,0.0,1.0,0.0,,0.0,False,Qwen/Qwen2.5-Coder-7B-Instruct,None
1835@x_name@ASC,Line,Hard,6.098,18.2939,3,0.0,0.0,0.0,0.0,1.0,0.0,0.0,0.0,0.0,1.0,0.0,,0.0,False,Qwen/Qwen2.5-Coder-7B-Instruct,None
1835@x_name@ASC,Line,Hard,6.098,18.2939,3,0.0,0.0,0.0,0.0,1.0,0.0,0.0,0.0,0.0,1.0,0.0,,0.0,False,Qwen/Qwen2.5-Coder-7B-Instruct,None
1869@x_name@ASC,Line,Easy,5.8002,17.4007,3,0.0,0.0,0.0,0.0,0.0,0.0,0.0,0.0,0.0,0.0,1.0,0.0,0.0,False,Qwen/Qwen2.5-Coder-7B-Instruct,None
1869@x_name@ASC,Line,Easy,5.8002,17.4007,3,0.0,0.0,0.0,0.0,0.0,0.0,0.0,0.0,0.0,0.0,1.0,0.0,0.0,False,Qwen/Qwen2.5-Coder-7B-Instruct,None
1869@x_name@ASC,Line,Easy,5.8002,17.4007,3,0.0,0.0,0.0,0.0,0.0,0.0,0.0,0.0,0.0,0.0,1.0,0.0,0.0,False,Qwen/Qwen2.5-Coder-7B-Instruct,None
1956@y_name@DESC,Bar,Extra Hard,7.7878,15.5755,2,0.0,0.0,0.0,0.0,0.5,0.0,0.0,0.0,0.0,0.5,0.5,0.0,0.0,True,Qwen/Qwen2.5-Coder-7B-Instruct,None
1956@y_name@DESC,Bar,Extra Hard,7.7878,15.5755,2,0.0,0.0,0.0,0.0,0.5,0.0,0.0,0.0,0.0,0.5,0.5,0.0,0.0,True,Qwen/Qwen2.5-Coder-7B-Instruct,None
1956@y_name@DESC,Bar,Extra Hard,7.7878,15.5755,2,0.0,0.0,0.0,0.0,0.5,0.0,0.0,0.0,0.0,0.5,0.5,0.0,0.0,True,Qwen/Qwen2.5-Coder-7B-Instruct,None
1963@y_name@DESC,Bar,Hard,6.5726,13.1452,2,0.0,0.0,0.0,0.0,0.0,0.0,0.0,0.0,0.0,0.0,1.0,0.0,0.0,True,Qwen/Qwen2.5-Coder-7B-Instruct,None
1963@y_name@DESC,Bar,Hard,6.5726,13.1452,2,0.0,0.0,0.0,0.0,0.0,0.0,0.0,0.0,0.0,0.0,1.0,0.0,0.0,True,Qwen/Qwen2.5-Coder-7B-Instruct,None
1963@y_name@DESC,Bar,Hard,6.5726,13.1452,2,0.0,0.0,0.0,0.0,0.0,0.0,0.0,0.0,0.0,0.0,1.0,0.0,0.0,True,Qwen/Qwen2.5-Coder-7B-Instruct,None
2726@x_name@DESC,Bar,Extra Hard,7.6944,7.6944,1,0.0,0.0,0.0,0.0,0.0,1.0,0.0,0.0,0.0,1.0,0.0,,0.0,True,Qwen/Qwen2.5-Coder-7B-Instruct,None
2726@x_name@DESC,Bar,Extra Hard,7.6944,7.6944,1,0.0,0.0,0.0,0.0,0.0,1.0,0.0,0.0,0.0,1.0,0.0,,0.0,True,Qwen/Qwen2.5-Coder-7B-Instruct,None
2726@x_name@DESC,Bar,Extra Hard,7.6944,7.6944,1,0.0,0.0,0.0,0.0,0.0,1.0,0.0,0.0,0.0,1.0,0.0,,0.0,True,Qwen/Qwen2.5-Coder-7B-Instruct,None
2733@y_name@ASC,Bar,Extra Hard,10.4977,31.4932,3,0.0,0.0,0.0,0.0,1.0,0.0,0.0,0.0,0.0,1.0,0.0,,0.0,True,Qwen/Qwen2.5-Coder-7B-Instruct,None
2733@y_name@ASC,Bar,Extra Hard,10.4977,31.4932,3,0.0,0.0,0.0,0.0,1.0,0.0,0.0,0.0,0.0,1.0,0.0,,0.0,True,Qwen/Qwen2.5-Coder-7B-Instruct,None
2733@y_name@ASC,Bar,Extra Hard,10.4977,31.4932,3,0.0,0.0,0.0,0.0,1.0,0.0,0.0,0.0,0.0,1.0,0.0,,0.0,True,Qwen/Qwen2.5-Coder-7B-Instruct,None
733@y_name@DESC,Bar,Medium,3.5928,7.1856,2,0.0,0.0,0.0,0.0,0.0,0.0,0.0,0.0,0.0,0.0,1.0,0.0,0.0,False,Qwen/Qwen2.5-Coder-7B-Instruct,None
733@y_name@DESC,Bar,Medium,3.5928,7.1856,2,0.0,0.0,0.0,0.0,0.0,0.0,0.0,0.0,0.0,0.0,1.0,0.0,0.0,False,Qwen/Qwen2.5-Coder-7B-Instruct,None
733@y_name@DESC,Bar,Medium,3.5928,7.1856,2,0.0,0.0,0.0,0.0,0.0,0.0,0.0,0.0,0.0,0.0,1.0,0.0,0.0,False,Qwen/Qwen2.5-Coder-7B-Instruct,None
748@y_name@DESC,Bar,Extra Hard,7.4975,22.4926,3,0.0,0.0,0.0,0.0,0.3333333333333333,0.0,0.0,0.0,0.0,0.3333333333333333,0.6666666666666666,0.0,0.0,True,Qwen/Qwen2.5-Coder-7B-Instruct,None
748@y_name@DESC,Bar,Extra Hard,7.4975,22.4926,3,0.0,0.0,0.0,0.0,0.3333333333333333,0.0,0.0,0.0,0.0,0.3333333333333333,0.6666666666666666,0.0,0.0,True,Qwen/Qwen2.5-Coder-7B-Instruct,None
748@y_name@DESC,Bar,Extra Hard,7.4975,22.4926,3,0.0,0.0,0.0,0.0,0.3333333333333333,0.0,0.0,0.0,0.0,0.3333333333333333,0.6666666666666666,0.0,0.0,True,Qwen/Qwen2.5-Coder-7B-Instruct,None
753@x_name@DESC,Bar,Medium,3.6364,10.9092,3,0.0,0.0,0.0,0.0,0.0,0.6666666666666666,0.0,0.0,0.0,0.6666666666666666,0.3333333333333333,0.0,0.0,False,Qwen/Qwen2.5-Coder-7B-Instruct,None
753@x_name@DESC,Bar,Medium,3.6364,10.9092,3,0.0,0.0,0.0,0.0,0.0,0.6666666666666666,0.0,0.0,0.0,0.6666666666666666,0.3333333333333333,0.0,0.0,False,Qwen/Qwen2.5-Coder-7B-Instruct,None
753@x_name@DESC,Bar,Medium,3.6364,10.9092,3,0.0,0.0,0.0,0.0,0.0,0.6666666666666666,0.0,0.0,0.0,0.6666666666666666,0.3333333333333333,0.0,0.0,False,Qwen/Qwen2.5-Coder-7B-Instruct,None
754@y_name@ASC,Bar,Hard,4.4791,8.9582,2,0.0,0.0,0.0,0.0,0.0,0.0,0.0,0.0,0.0,0.0,1.0,0.0,0.0,False,Qwen/Qwen2.5-Coder-7B-Instruct,None
754@y_name@ASC,Bar,Hard,4.4791,8.9582,2,0.0,0.0,0.0,0.0,0.0,0.0,0.0,0.0,0.0,0.0,1.0,0.0,0.0,False,Qwen/Qwen2.5-Coder-7B-Instruct,None
754@y_name@ASC,Bar,Hard,4.4791,8.9582,2,0.0,0.0,0.0,0.0,0.0,0.0,0.0,0.0,0.0,0.0,1.0,0.0,0.0,False,Qwen/Qwen2.5-Coder-7B-Instruct,None
763@y_name@ASC,Bar,Medium,4.5307,13.5921,3,0.0,0.0,0.0,0.0,0.0,0.0,0.0,0.0,0.0,0.0,1.0,0.0,0.0,False,Qwen/Qwen2.5-Coder-7B-Instruct,None
763@y_name@ASC,Bar,Medium,4.5307,13.5921,3,0.0,0.0,0.0,0.0,0.0,0.0,0.0,0.0,0.0,0.0,1.0,0.0,0.0,False,Qwen/Qwen2.5-Coder-7B-Instruct,None
763@y_name@ASC,Bar,Medium,4.5307,13.5921,3,0.0,0.0,0.0,0.0,0.0,0.0,0.0,0.0,0.0,0.0,1.0,0.0,0.0,False,Qwen/Qwen2.5-Coder-7B-Instruct,None
2625@x_name@ASC,Bar,Medium,5.4268,21.7074,4,0.0,0.0,0.0,0.0,0.0,1.0,0.0,0.0,0.0,1.0,0.0,,0.0,False,Qwen/Qwen2.5-Coder-7B-Instruct,None
2625@x_name@ASC,Bar,Medium,5.4268,21.7074,4,0.0,0.0,0.0,0.0,0.0,1.0,0.0,0.0,0.0,1.0,0.0,,0.0,False,Qwen/Qwen2.5-Coder-7B-Instruct,None
2625@x_name@ASC,Bar,Medium,5.4268,21.7074,4,0.0,0.0,0.0,0.0,0.0,1.0,0.0,0.0,0.0,1.0,0.0,,0.0,False,Qwen/Qwen2.5-Coder-7B-Instruct,None
609@x_name@ASC,Bar,Extra Hard,10.9642,21.9283,2,0.0,0.0,0.0,0.0,0.0,0.5,0.0,0.0,0.0,0.5,0.5,0.0,0.0,True,Qwen/Qwen2.5-Coder-7B-Instruct,None
609@x_name@ASC,Bar,Extra Hard,10.9642,21.9283,2,0.0,0.0,0.0,0.0,0.0,0.5,0.0,0.0,0.0,0.5,0.5,0.0,0.0,True,Qwen/Qwen2.5-Coder-7B-Instruct,None
609@x_name@ASC,Bar,Extra Hard,10.9642,21.9283,2,0.0,0.0,0.0,0.0,0.0,0.5,0.0,0.0,0.0,0.5,0.5,0.0,0.0,True,Qwen/Qwen2.5-Coder-7B-Instruct,None
619@x_name@ASC,Bar,Easy,5.3297,5.3297,1,0.0,0.0,0.0,0.0,0.0,0.0,0.0,0.0,0.0,0.0,1.0,0.0,0.0,False,Qwen/Qwen2.5-Coder-7B-Instruct,None
619@x_name@ASC,Bar,Easy,5.3297,5.3297,1,0.0,0.0,0.0,0.0,0.0,0.0,0.0,0.0,0.0,0.0,1.0,0.0,0.0,False,Qwen/Qwen2.5-Coder-7B-Instruct,None
619@x_name@ASC,Bar,Easy,5.3297,5.3297,1,0.0,0.0,0.0,0.0,0.0,0.0,0.0,0.0,0.0,0.0,1.0,0.0,0.0,False,Qwen/Qwen2.5-Coder-7B-Instruct,None
620@x_name@ASC,Bar,Hard,4.9225,4.9225,1,0.0,0.0,0.0,0.0,0.0,0.0,0.0,0.0,0.0,0.0,1.0,0.0,0.0,False,Qwen/Qwen2.5-Coder-7B-Instruct,None
620@x_name@ASC,Bar,Hard,4.9225,4.9225,1,0.0,0.0,0.0,0.0,0.0,0.0,0.0,0.0,0.0,0.0,1.0,0.0,0.0,False,Qwen/Qwen2.5-Coder-7B-Instruct,None
620@x_name@ASC,Bar,Hard,4.9225,4.9225,1,0.0,0.0,0.0,0.0,0.0,0.0,0.0,0.0,0.0,0.0,1.0,0.0,0.0,False,Qwen/Qwen2.5-Coder-7B-Instruct,None
621@y_name@ASC,Bar,Medium,5.1946,25.9728,5,0.0,0.0,0.0,0.0,0.4,0.0,0.0,0.0,0.0,0.4,0.6,0.0,0.0,False,Qwen/Qwen2.5-Coder-7B-Instruct,None
621@y_name@ASC,Bar,Medium,5.1946,25.9728,5,0.0,0.0,0.0,0.0,0.4,0.0,0.0,0.0,0.0,0.4,0.6,0.0,0.0,False,Qwen/Qwen2.5-Coder-7B-Instruct,None
621@y_name@ASC,Bar,Medium,5.1946,25.9728,5,0.0,0.0,0.0,0.0,0.4,0.0,0.0,0.0,0.0,0.4,0.6,0.0,0.0,False,Qwen/Qwen2.5-Coder-7B-Instruct,None
624@y_name@ASC,Bar,Medium,3.609,10.8271,3,0.0,0.0,0.0,0.0,0.0,0.0,0.0,0.0,0.0,0.0,1.0,0.0,0.0,False,Qwen/Qwen2.5-Coder-7B-Instruct,None
624@y_name@ASC,Bar,Medium,3.609,10.8271,3,0.0,0.0,0.0,0.0,0.0,0.0,0.0,0.0,0.0,0.0,1.0,0.0,0.0,False,Qwen/Qwen2.5-Coder-7B-Instruct,None
624@y_name@ASC,Bar,Medium,3.609,10.8271,3,0.0,0.0,0.0,0.0,0.0,0.0,0.0,0.0,0.0,0.0,1.0,0.0,0.0,False,Qwen/Qwen2.5-Coder-7B-Instruct,None
627@y_name@DESC,Bar,Medium,6.0879,6.0879,1,0.0,0.0,0.0,0.0,0.0,0.0,0.0,0.0,0.0,0.0,1.0,0.0,0.0,False,Qwen/Qwen2.5-Coder-7B-Instruct,None
627@y_name@DESC,Bar,Medium,6.0879,6.0879,1,0.0,0.0,0.0,0.0,0.0,0.0,0.0,0.0,0.0,0.0,1.0,0.0,0.0,False,Qwen/Qwen2.5-Coder-7B-Instruct,None
627@y_name@DESC,Bar,Medium,6.0879,6.0879,1,0.0,0.0,0.0,0.0,0.0,0.0,0.0,0.0,0.0,0.0,1.0,0.0,0.0,False,Qwen/Qwen2.5-Coder-7B-Instruct,None
630@y_name@DESC,Bar,Medium,6.5713,13.1426,2,0.0,0.0,0.0,0.0,0.0,1.0,0.0,0.0,0.0,1.0,0.0,,0.0,True,Qwen/Qwen2.5-Coder-7B-Instruct,None
630@y_name@DESC,Bar,Medium,6.5713,13.1426,2,0.0,0.0,0.0,0.0,0.0,1.0,0.0,0.0,0.0,1.0,0.0,,0.0,True,Qwen/Qwen2.5-Coder-7B-Instruct,None
630@y_name@DESC,Bar,Medium,6.5713,13.1426,2,0.0,0.0,0.0,0.0,0.0,1.0,0.0,0.0,0.0,1.0,0.0,,0.0,True,Qwen/Qwen2.5-Coder-7B-Instruct,None
633@y_name@DESC,Bar,Hard,7.8954,7.8954,1,0.0,0.0,0.0,0.0,0.0,0.0,0.0,0.0,0.0,0.0,1.0,0.0,0.0,True,Qwen/Qwen2.5-Coder-7B-Instruct,None
633@y_name@DESC,Bar,Hard,7.8954,7.8954,1,0.0,0.0,0.0,0.0,0.0,0.0,0.0,0.0,0.0,0.0,1.0,0.0,0.0,True,Qwen/Qwen2.5-Coder-7B-Instruct,None
633@y_name@DESC,Bar,Hard,7.8954,7.8954,1,0.0,0.0,0.0,0.0,0.0,0.0,0.0,0.0,0.0,0.0,1.0,0.0,0.0,True,Qwen/Qwen2.5-Coder-7B-Instruct,None
636@y_name@DESC,Bar,Hard,7.4803,7.4803,1,0.0,0.0,0.0,0.0,1.0,0.0,0.0,0.0,0.0,1.0,0.0,,0.0,True,Qwen/Qwen2.5-Coder-7B-Instruct,None
636@y_name@DESC,Bar,Hard,7.4803,7.4803,1,0.0,0.0,0.0,0.0,1.0,0.0,0.0,0.0,0.0,1.0,0.0,,0.0,True,Qwen/Qwen2.5-Coder-7B-Instruct,None
636@y_name@DESC,Bar,Hard,7.4803,7.4803,1,0.0,0.0,0.0,0.0,1.0,0.0,0.0,0.0,0.0,1.0,0.0,,0.0,True,Qwen/Qwen2.5-Coder-7B-Instruct,None
640@x_name@ASC,Line,Medium,4.1571,8.3143,2,0.0,0.0,0.0,0.0,0.0,0.0,0.0,0.0,0.0,0.0,1.0,0.0,0.0,False,Qwen/Qwen2.5-Coder-7B-Instruct,None
640@x_name@ASC,Line,Medium,4.1571,8.3143,2,0.0,0.0,0.0,0.0,0.0,0.0,0.0,0.0,0.0,0.0,1.0,0.0,0.0,False,Qwen/Qwen2.5-Coder-7B-Instruct,None
640@x_name@ASC,Line,Medium,4.1571,8.3143,2,0.0,0.0,0.0,0.0,0.0,0.0,0.0,0.0,0.0,0.0,1.0,0.0,0.0,False,Qwen/Qwen2.5-Coder-7B-Instruct,None
642@x_name@DESC,Line,Medium,5.1392,15.4177,3,0.0,0.0,0.0,0.0,0.0,1.0,0.0,0.0,0.0,1.0,0.0,,0.0,False,Qwen/Qwen2.5-Coder-7B-Instruct,None
642@x_name@DESC,Line,Medium,5.1392,15.4177,3,0.0,0.0,0.0,0.0,0.0,1.0,0.0,0.0,0.0,1.0,0.0,,0.0,False,Qwen/Qwen2.5-Coder-7B-Instruct,None
642@x_name@DESC,Line,Medium,5.1392,15.4177,3,0.0,0.0,0.0,0.0,0.0,1.0,0.0,0.0,0.0,1.0,0.0,,0.0,False,Qwen/Qwen2.5-Coder-7B-Instruct,None
647@x_name@DESC,Grouping Line,Hard,4.5477,4.5477,1,0.0,0.0,0.0,0.0,0.0,0.0,0.0,0.0,0.0,0.0,1.0,0.0,0.0,False,Qwen/Qwen2.5-Coder-7B-Instruct,None
647@x_name@DESC,Grouping Line,Hard,4.5477,4.5477,1,0.0,0.0,0.0,0.0,0.0,0.0,0.0,0.0,0.0,0.0,1.0,0.0,0.0,False,Qwen/Qwen2.5-Coder-7B-Instruct,None
647@x_name@DESC,Grouping Line,Hard,4.5477,4.5477,1,0.0,0.0,0.0,0.0,0.0,0.0,0.0,0.0,0.0,0.0,1.0,0.0,0.0,False,Qwen/Qwen2.5-Coder-7B-Instruct,None
648@x_name@ASC,Grouping Line,Extra Hard,7.8135,15.627,2,0.0,0.0,0.0,0.0,0.0,0.0,0.0,0.0,0.0,0.0,1.0,0.0,0.0,False,Qwen/Qwen2.5-Coder-7B-Instruct,None
648@x_name@ASC,Grouping Line,Extra Hard,7.8135,15.627,2,0.0,0.0,0.0,0.0,0.0,0.0,0.0,0.0,0.0,0.0,1.0,0.0,0.0,False,Qwen/Qwen2.5-Coder-7B-Instruct,None
648@x_name@ASC,Grouping Line,Extra Hard,7.8135,15.627,2,0.0,0.0,0.0,0.0,0.0,0.0,0.0,0.0,0.0,0.0,1.0,0.0,0.0,False,Qwen/Qwen2.5-Coder-7B-Instruct,None
652@x_name@DESC,Bar,Extra Hard,10.1123,10.1123,1,0.0,0.0,0.0,0.0,0.0,1.0,0.0,0.0,0.0,1.0,0.0,,0.0,True,Qwen/Qwen2.5-Coder-7B-Instruct,None
652@x_name@DESC,Bar,Extra Hard,10.1123,10.1123,1,0.0,0.0,0.0,0.0,0.0,1.0,0.0,0.0,0.0,1.0,0.0,,0.0,True,Qwen/Qwen2.5-Coder-7B-Instruct,None
652@x_name@DESC,Bar,Extra Hard,10.1123,10.1123,1,0.0,0.0,0.0,0.0,0.0,1.0,0.0,0.0,0.0,1.0,0.0,,0.0,True,Qwen/Qwen2.5-Coder-7B-Instruct,None
653@x_name@DESC,Bar,Extra Hard,11.1453,11.1453,1,0.0,0.0,0.0,0.0,0.0,1.0,0.0,0.0,0.0,1.0,0.0,,0.0,True,Qwen/Qwen2.5-Coder-7B-Instruct,None
653@x_name@DESC,Bar,Extra Hard,11.1453,11.1453,1,0.0,0.0,0.0,0.0,0.0,1.0,0.0,0.0,0.0,1.0,0.0,,0.0,True,Qwen/Qwen2.5-Coder-7B-Instruct,None
653@x_name@DESC,Bar,Extra Hard,11.1453,11.1453,1,0.0,0.0,0.0,0.0,0.0,1.0,0.0,0.0,0.0,1.0,0.0,,0.0,True,Qwen/Qwen2.5-Coder-7B-Instruct,None
654@x_name@DESC,Bar,Medium,5.7953,23.181,4,0.0,0.0,0.0,0.0,0.0,1.0,0.0,0.0,0.0,1.0,0.0,,0.0,False,Qwen/Qwen2.5-Coder-7B-Instruct,None
654@x_name@DESC,Bar,Medium,5.7953,23.181,4,0.0,0.0,0.0,0.0,0.0,1.0,0.0,0.0,0.0,1.0,0.0,,0.0,False,Qwen/Qwen2.5-Coder-7B-Instruct,None
654@x_name@DESC,Bar,Medium,5.7953,23.181,4,0.0,0.0,0.0,0.0,0.0,1.0,0.0,0.0,0.0,1.0,0.0,,0.0,False,Qwen/Qwen2.5-Coder-7B-Instruct,None
655@x_name@DESC,Bar,Medium,5.0871,5.0871,1,0.0,0.0,0.0,0.0,0.0,0.0,0.0,0.0,0.0,0.0,1.0,0.0,0.0,False,Qwen/Qwen2.5-Coder-7B-Instruct,None
655@x_name@DESC,Bar,Medium,5.0871,5.0871,1,0.0,0.0,0.0,0.0,0.0,0.0,0.0,0.0,0.0,0.0,1.0,0.0,0.0,False,Qwen/Qwen2.5-Coder-7B-Instruct,None
655@x_name@DESC,Bar,Medium,5.0871,5.0871,1,0.0,0.0,0.0,0.0,0.0,0.0,0.0,0.0,0.0,0.0,1.0,0.0,0.0,False,Qwen/Qwen2.5-Coder-7B-Instruct,None
657@y_name@ASC,Bar,Hard,6.0523,12.1046,2,0.0,0.0,0.0,0.0,1.0,0.0,0.0,0.0,0.0,1.0,0.0,,0.0,False,Qwen/Qwen2.5-Coder-7B-Instruct,None
657@y_name@ASC,Bar,Hard,6.0523,12.1046,2,0.0,0.0,0.0,0.0,1.0,0.0,0.0,0.0,0.0,1.0,0.0,,0.0,False,Qwen/Qwen2.5-Coder-7B-Instruct,None
657@y_name@ASC,Bar,Hard,6.0523,12.1046,2,0.0,0.0,0.0,0.0,1.0,0.0,0.0,0.0,0.0,1.0,0.0,,0.0,False,Qwen/Qwen2.5-Coder-7B-Instruct,None
713@y_name@DESC,Bar,Hard,6.3291,25.3165,4,0.0,0.0,0.0,0.0,0.0,0.0,0.0,0.0,0.0,0.0,1.0,0.0,0.0,True,Qwen/Qwen2.5-Coder-7B-Instruct,None
713@y_name@DESC,Bar,Hard,6.3291,25.3165,4,0.0,0.0,0.0,0.0,0.0,0.0,0.0,0.0,0.0,0.0,1.0,0.0,0.0,True,Qwen/Qwen2.5-Coder-7B-Instruct,None
713@y_name@DESC,Bar,Hard,6.3291,25.3165,4,0.0,0.0,0.0,0.0,0.0,0.0,0.0,0.0,0.0,0.0,1.0,0.0,0.0,True,Qwen/Qwen2.5-Coder-7B-Instruct,None
715@y_name@DESC,Bar,Hard,6.9376,13.8752,2,0.0,0.0,0.0,0.0,0.0,0.0,0.0,0.0,0.0,0.0,1.0,0.0,0.0,True,Qwen/Qwen2.5-Coder-7B-Instruct,None
715@y_name@DESC,Bar,Hard,6.9376,13.8752,2,0.0,0.0,0.0,0.0,0.0,0.0,0.0,0.0,0.0,0.0,1.0,0.0,0.0,True,Qwen/Qwen2.5-Coder-7B-Instruct,None
715@y_name@DESC,Bar,Hard,6.9376,13.8752,2,0.0,0.0,0.0,0.0,0.0,0.0,0.0,0.0,0.0,0.0,1.0,0.0,0.0,True,Qwen/Qwen2.5-Coder-7B-Instruct,None
719@x_name@DESC,Bar,Hard,6.576,6.576,1,0.0,0.0,0.0,0.0,0.0,0.0,0.0,0.0,0.0,0.0,1.0,0.0,0.0,True,Qwen/Qwen2.5-Coder-7B-Instruct,None
719@x_name@DESC,Bar,Hard,6.576,6.576,1,0.0,0.0,0.0,0.0,0.0,0.0,0.0,0.0,0.0,0.0,1.0,0.0,0.0,True,Qwen/Qwen2.5-Coder-7B-Instruct,None
719@x_name@DESC,Bar,Hard,6.576,6.576,1,0.0,0.0,0.0,0.0,0.0,0.0,0.0,0.0,0.0,0.0,1.0,0.0,0.0,True,Qwen/Qwen2.5-Coder-7B-Instruct,None
380@x_name@ASC,Bar,Medium,4.4702,22.3509,5,0.0,0.0,0.0,0.0,0.0,0.0,0.0,0.0,0.0,0.0,1.0,0.0,0.0,False,Qwen/Qwen2.5-Coder-7B-Instruct,None
380@x_name@ASC,Bar,Medium,4.4702,22.3509,5,0.0,0.0,0.0,0.0,0.0,0.0,0.0,0.0,0.0,0.0,1.0,0.0,0.0,False,Qwen/Qwen2.5-Coder-7B-Instruct,None
380@x_name@ASC,Bar,Medium,4.4702,22.3509,5,0.0,0.0,0.0,0.0,0.0,0.0,0.0,0.0,0.0,0.0,1.0,0.0,0.0,False,Qwen/Qwen2.5-Coder-7B-Instruct,None
383@x_name@ASC,Bar,Medium,4.6336,13.9009,3,0.0,0.0,0.0,0.0,0.3333333333333333,0.0,0.0,0.0,0.0,0.3333333333333333,0.6666666666666666,0.0,0.0,False,Qwen/Qwen2.5-Coder-7B-Instruct,None
383@x_name@ASC,Bar,Medium,4.6336,13.9009,3,0.0,0.0,0.0,0.0,0.3333333333333333,0.0,0.0,0.0,0.0,0.3333333333333333,0.6666666666666666,0.0,0.0,False,Qwen/Qwen2.5-Coder-7B-Instruct,None
383@x_name@ASC,Bar,Medium,4.6336,13.9009,3,0.0,0.0,0.0,0.0,0.3333333333333333,0.0,0.0,0.0,0.0,0.3333333333333333,0.6666666666666666,0.0,0.0,False,Qwen/Qwen2.5-Coder-7B-Instruct,None
394@y_name@DESC,Bar,Easy,5.2506,31.5033,6,0.0,0.0,0.0,0.0,0.0,0.0,0.0,0.0,0.0,0.0,1.0,0.0,0.0,False,Qwen/Qwen2.5-Coder-7B-Instruct,None
394@y_name@DESC,Bar,Easy,5.2506,31.5033,6,0.0,0.0,0.0,0.0,0.0,0.0,0.0,0.0,0.0,0.0,1.0,0.0,0.0,False,Qwen/Qwen2.5-Coder-7B-Instruct,None
394@y_name@DESC,Bar,Easy,5.2506,31.5033,6,0.0,0.0,0.0,0.0,0.0,0.0,0.0,0.0,0.0,0.0,1.0,0.0,0.0,False,Qwen/Qwen2.5-Coder-7B-Instruct,None
395@x_name@ASC,Bar,Easy,5.1313,5.1313,1,0.0,0.0,0.0,0.0,0.0,0.0,0.0,0.0,0.0,0.0,1.0,0.0,0.0,False,Qwen/Qwen2.5-Coder-7B-Instruct,None
395@x_name@ASC,Bar,Easy,5.1313,5.1313,1,0.0,0.0,0.0,0.0,0.0,0.0,0.0,0.0,0.0,0.0,1.0,0.0,0.0,False,Qwen/Qwen2.5-Coder-7B-Instruct,None
395@x_name@ASC,Bar,Easy,5.1313,5.1313,1,0.0,0.0,0.0,0.0,0.0,0.0,0.0,0.0,0.0,0.0,1.0,0.0,0.0,False,Qwen/Qwen2.5-Coder-7B-Instruct,None
406@x_name@ASC,Bar,Easy,4.5098,4.5098,1,0.0,0.0,0.0,0.0,0.0,0.0,0.0,0.0,0.0,0.0,1.0,0.0,0.0,False,Qwen/Qwen2.5-Coder-7B-Instruct,None
406@x_name@ASC,Bar,Easy,4.5098,4.5098,1,0.0,0.0,0.0,0.0,0.0,0.0,0.0,0.0,0.0,0.0,1.0,0.0,0.0,False,Qwen/Qwen2.5-Coder-7B-Instruct,None
406@x_name@ASC,Bar,Easy,4.5098,4.5098,1,0.0,0.0,0.0,0.0,0.0,0.0,0.0,0.0,0.0,0.0,1.0,0.0,0.0,False,Qwen/Qwen2.5-Coder-7B-Instruct,None
723@y_name@ASC,Bar,Hard,5.493,5.493,1,0.0,0.0,0.0,0.0,1.0,0.0,0.0,0.0,0.0,1.0,0.0,,0.0,True,Qwen/Qwen2.5-Coder-7B-Instruct,None
723@y_name@ASC,Bar,Hard,5.493,5.493,1,0.0,0.0,0.0,0.0,1.0,0.0,0.0,0.0,0.0,1.0,0.0,,0.0,True,Qwen/Qwen2.5-Coder-7B-Instruct,None
723@y_name@ASC,Bar,Hard,5.493,5.493,1,0.0,0.0,0.0,0.0,1.0,0.0,0.0,0.0,0.0,1.0,0.0,,0.0,True,Qwen/Qwen2.5-Coder-7B-Instruct,None
725@x_name@DESC,Bar,Hard,5.0873,5.0873,1,0.0,0.0,0.0,0.0,0.0,1.0,0.0,0.0,0.0,1.0,0.0,,0.0,True,Qwen/Qwen2.5-Coder-7B-Instruct,None
725@x_name@DESC,Bar,Hard,5.0873,5.0873,1,0.0,0.0,0.0,0.0,0.0,1.0,0.0,0.0,0.0,1.0,0.0,,0.0,True,Qwen/Qwen2.5-Coder-7B-Instruct,None
725@x_name@DESC,Bar,Hard,5.0873,5.0873,1,0.0,0.0,0.0,0.0,0.0,1.0,0.0,0.0,0.0,1.0,0.0,,0.0,True,Qwen/Qwen2.5-Coder-7B-Instruct,None
726@y_name@DESC,Bar,Medium,3.9039,7.8077,2,0.0,0.0,0.0,0.0,0.0,0.0,0.0,0.0,0.0,0.0,1.0,0.0,0.0,False,Qwen/Qwen2.5-Coder-7B-Instruct,None
726@y_name@DESC,Bar,Medium,3.9039,7.8077,2,0.0,0.0,0.0,0.0,0.0,0.0,0.0,0.0,0.0,0.0,1.0,0.0,0.0,False,Qwen/Qwen2.5-Coder-7B-Instruct,None
726@y_name@DESC,Bar,Medium,3.9039,7.8077,2,0.0,0.0,0.0,0.0,0.0,0.0,0.0,0.0,0.0,0.0,1.0,0.0,0.0,False,Qwen/Qwen2.5-Coder-7B-Instruct,None
3208@x_name@DESC,Bar,Medium,9.324,9.324,1,0.0,0.0,0.0,0.0,1.0,0.0,0.0,0.0,0.0,1.0,0.0,,0.0,False,Qwen/Qwen2.5-Coder-7B-Instruct,None
3208@x_name@DESC,Bar,Medium,9.324,9.324,1,0.0,0.0,0.0,0.0,1.0,0.0,0.0,0.0,0.0,1.0,0.0,,0.0,False,Qwen/Qwen2.5-Coder-7B-Instruct,None
3208@x_name@DESC,Bar,Medium,9.324,9.324,1,0.0,0.0,0.0,0.0,1.0,0.0,0.0,0.0,0.0,1.0,0.0,,0.0,False,Qwen/Qwen2.5-Coder-7B-Instruct,None
3210@x_name@DESC,Line,Easy,4.1009,4.1009,1,0.0,0.0,0.0,0.0,0.0,0.0,0.0,0.0,0.0,0.0,1.0,0.0,0.0,False,Qwen/Qwen2.5-Coder-7B-Instruct,None
3210@x_name@DESC,Line,Easy,4.1009,4.1009,1,0.0,0.0,0.0,0.0,0.0,0.0,0.0,0.0,0.0,0.0,1.0,0.0,0.0,False,Qwen/Qwen2.5-Coder-7B-Instruct,None
3210@x_name@DESC,Line,Easy,4.1009,4.1009,1,0.0,0.0,0.0,0.0,0.0,0.0,0.0,0.0,0.0,0.0,1.0,0.0,0.0,False,Qwen/Qwen2.5-Coder-7B-Instruct,None
3214@x_name@DESC,Bar,Hard,6.0762,6.0762,1,0.0,0.0,0.0,0.0,0.0,0.0,0.0,0.0,0.0,0.0,1.0,0.0,0.0,False,Qwen/Qwen2.5-Coder-7B-Instruct,None
3214@x_name@DESC,Bar,Hard,6.0762,6.0762,1,0.0,0.0,0.0,0.0,0.0,0.0,0.0,0.0,0.0,0.0,1.0,0.0,0.0,False,Qwen/Qwen2.5-Coder-7B-Instruct,None
3214@x_name@DESC,Bar,Hard,6.0762,6.0762,1,0.0,0.0,0.0,0.0,0.0,0.0,0.0,0.0,0.0,0.0,1.0,0.0,0.0,False,Qwen/Qwen2.5-Coder-7B-Instruct,None
3216@y_name@ASC,Bar,Medium,3.6381,7.2761,2,0.0,0.0,0.0,0.0,0.0,0.0,0.0,0.0,0.0,0.0,1.0,0.0,0.0,False,Qwen/Qwen2.5-Coder-7B-Instruct,None
3216@y_name@ASC,Bar,Medium,3.6381,7.2761,2,0.0,0.0,0.0,0.0,0.0,0.0,0.0,0.0,0.0,0.0,1.0,0.0,0.0,False,Qwen/Qwen2.5-Coder-7B-Instruct,None
3216@y_name@ASC,Bar,Medium,3.6381,7.2761,2,0.0,0.0,0.0,0.0,0.0,0.0,0.0,0.0,0.0,0.0,1.0,0.0,0.0,False,Qwen/Qwen2.5-Coder-7B-Instruct,None
3218@x_name@DESC,Line,Medium,3.9903,7.9807,2,0.0,0.0,0.0,0.0,0.0,1.0,0.0,0.0,0.0,1.0,0.0,,0.0,False,Qwen/Qwen2.5-Coder-7B-Instruct,None
3218@x_name@DESC,Line,Medium,3.9903,7.9807,2,0.0,0.0,0.0,0.0,0.0,1.0,0.0,0.0,0.0,1.0,0.0,,0.0,False,Qwen/Qwen2.5-Coder-7B-Instruct,None
3218@x_name@DESC,Line,Medium,3.9903,7.9807,2,0.0,0.0,0.0,0.0,0.0,1.0,0.0,0.0,0.0,1.0,0.0,,0.0,False,Qwen/Qwen2.5-Coder-7B-Instruct,None
2066@y_name@DESC,Bar,Hard,4.5105,13.5314,3,0.0,0.0,0.0,0.0,0.0,0.0,0.0,0.0,0.0,0.0,1.0,0.0,0.0,False,Qwen/Qwen2.5-Coder-7B-Instruct,None
2066@y_name@DESC,Bar,Hard,4.5105,13.5314,3,0.0,0.0,0.0,0.0,0.0,0.0,0.0,0.0,0.0,0.0,1.0,0.0,0.0,False,Qwen/Qwen2.5-Coder-7B-Instruct,None
2066@y_name@DESC,Bar,Hard,4.5105,13.5314,3,0.0,0.0,0.0,0.0,0.0,0.0,0.0,0.0,0.0,0.0,1.0,0.0,0.0,False,Qwen/Qwen2.5-Coder-7B-Instruct,None
2072@y_name@ASC,Bar,Hard,9.492,18.9841,2,0.0,0.0,0.0,0.0,0.0,0.0,0.0,0.0,0.0,0.0,1.0,0.0,0.0,True,Qwen/Qwen2.5-Coder-7B-Instruct,None
2072@y_name@ASC,Bar,Hard,9.492,18.9841,2,0.0,0.0,0.0,0.0,0.0,0.0,0.0,0.0,0.0,0.0,1.0,0.0,0.0,True,Qwen/Qwen2.5-Coder-7B-Instruct,None
2072@y_name@ASC,Bar,Hard,9.492,18.9841,2,0.0,0.0,0.0,0.0,0.0,0.0,0.0,0.0,0.0,0.0,1.0,0.0,0.0,True,Qwen/Qwen2.5-Coder-7B-Instruct,None
2655@x_name@ASC,Bar,Medium,4.5988,9.1976,2,0.0,0.0,0.0,0.0,0.0,0.5,0.0,0.0,0.0,0.5,0.5,0.0,0.0,False,Qwen/Qwen2.5-Coder-7B-Instruct,None
2655@x_name@ASC,Bar,Medium,4.5988,9.1976,2,0.0,0.0,0.0,0.0,0.0,0.5,0.0,0.0,0.0,0.5,0.5,0.0,0.0,False,Qwen/Qwen2.5-Coder-7B-Instruct,None
2655@x_name@ASC,Bar,Medium,4.5988,9.1976,2,0.0,0.0,0.0,0.0,0.0,0.5,0.0,0.0,0.0,0.5,0.5,0.0,0.0,False,Qwen/Qwen2.5-Coder-7B-Instruct,None
2658@y_name@ASC,Bar,Medium,4.0252,12.0755,3,0.0,0.0,0.0,0.0,0.0,0.0,0.0,0.0,0.0,0.0,1.0,0.0,0.0,False,Qwen/Qwen2.5-Coder-7B-Instruct,None
2658@y_name@ASC,Bar,Medium,4.0252,12.0755,3,0.0,0.0,0.0,0.0,0.0,0.0,0.0,0.0,0.0,0.0,1.0,0.0,0.0,False,Qwen/Qwen2.5-Coder-7B-Instruct,None
2658@y_name@ASC,Bar,Medium,4.0252,12.0755,3,0.0,0.0,0.0,0.0,0.0,0.0,0.0,0.0,0.0,0.0,1.0,0.0,0.0,False,Qwen/Qwen2.5-Coder-7B-Instruct,None
2659@x_name@ASC,Bar,Medium,13.8059,27.6118,2,0.0,0.0,0.0,0.0,0.5,0.0,0.0,0.0,0.0,0.5,0.5,0.0,0.0,False,Qwen/Qwen2.5-Coder-7B-Instruct,None
2659@x_name@ASC,Bar,Medium,13.8059,27.6118,2,0.0,0.0,0.0,0.0,0.5,0.0,0.0,0.0,0.0,0.5,0.5,0.0,0.0,False,Qwen/Qwen2.5-Coder-7B-Instruct,None
2659@x_name@ASC,Bar,Medium,13.8059,27.6118,2,0.0,0.0,0.0,0.0,0.5,0.0,0.0,0.0,0.0,0.5,0.5,0.0,0.0,False,Qwen/Qwen2.5-Coder-7B-Instruct,None
2691@x_name@ASC,Bar,Hard,6.7214,6.7214,1,0.0,0.0,0.0,0.0,0.0,1.0,0.0,0.0,0.0,1.0,0.0,,0.0,True,Qwen/Qwen2.5-Coder-7B-Instruct,None
2691@x_name@ASC,Bar,Hard,6.7214,6.7214,1,0.0,0.0,0.0,0.0,0.0,1.0,0.0,0.0,0.0,1.0,0.0,,0.0,True,Qwen/Qwen2.5-Coder-7B-Instruct,None
2691@x_name@ASC,Bar,Hard,6.7214,6.7214,1,0.0,0.0,0.0,0.0,0.0,1.0,0.0,0.0,0.0,1.0,0.0,,0.0,True,Qwen/Qwen2.5-Coder-7B-Instruct,None
2360@y_name@DESC,Bar,Hard,23.6997,94.7988,4,1.0,0.0,0.0,0.0,0.0,0.0,0.0,0.0,1.0,0.0,0.0,,0.0,True,Qwen/Qwen2.5-Coder-7B-Instruct,None
2360@y_name@DESC,Bar,Hard,23.6997,94.7988,4,1.0,0.0,0.0,0.0,0.0,0.0,0.0,0.0,1.0,0.0,0.0,,0.0,True,Qwen/Qwen2.5-Coder-7B-Instruct,None
2360@y_name@DESC,Bar,Hard,23.6997,94.7988,4,1.0,0.0,0.0,0.0,0.0,0.0,0.0,0.0,1.0,0.0,0.0,,0.0,True,Qwen/Qwen2.5-Coder-7B-Instruct,None
2369@y_name@DESC,Bar,Hard,6.646,19.938,3,0.0,0.0,0.0,0.0,0.0,0.0,0.0,0.0,0.0,0.0,1.0,0.0,0.0,True,Qwen/Qwen2.5-Coder-7B-Instruct,None
2369@y_name@DESC,Bar,Hard,6.646,19.938,3,0.0,0.0,0.0,0.0,0.0,0.0,0.0,0.0,0.0,0.0,1.0,0.0,0.0,True,Qwen/Qwen2.5-Coder-7B-Instruct,None
2369@y_name@DESC,Bar,Hard,6.646,19.938,3,0.0,0.0,0.0,0.0,0.0,0.0,0.0,0.0,0.0,0.0,1.0,0.0,0.0,True,Qwen/Qwen2.5-Coder-7B-Instruct,None
2383@x_name@ASC,Bar,Medium,6.5086,6.5086,1,0.0,0.0,0.0,0.0,0.0,0.0,0.0,0.0,0.0,0.0,1.0,0.0,0.0,True,Qwen/Qwen2.5-Coder-7B-Instruct,None
2383@x_name@ASC,Bar,Medium,6.5086,6.5086,1,0.0,0.0,0.0,0.0,0.0,0.0,0.0,0.0,0.0,0.0,1.0,0.0,0.0,True,Qwen/Qwen2.5-Coder-7B-Instruct,None
2383@x_name@ASC,Bar,Medium,6.5086,6.5086,1,0.0,0.0,0.0,0.0,0.0,0.0,0.0,0.0,0.0,0.0,1.0,0.0,0.0,True,Qwen/Qwen2.5-Coder-7B-Instruct,None
2398@y_name@DESC,Bar,Hard,9.3435,9.3435,1,0.0,0.0,0.0,0.0,0.0,0.0,0.0,0.0,0.0,0.0,1.0,0.0,0.0,True,Qwen/Qwen2.5-Coder-7B-Instruct,None
2398@y_name@DESC,Bar,Hard,9.3435,9.3435,1,0.0,0.0,0.0,0.0,0.0,0.0,0.0,0.0,0.0,0.0,1.0,0.0,0.0,True,Qwen/Qwen2.5-Coder-7B-Instruct,None
2398@y_name@DESC,Bar,Hard,9.3435,9.3435,1,0.0,0.0,0.0,0.0,0.0,0.0,0.0,0.0,0.0,0.0,1.0,0.0,0.0,True,Qwen/Qwen2.5-Coder-7B-Instruct,None
2402@y_name@ASC,Bar,Hard,6.5591,19.6774,3,0.0,0.0,0.0,0.0,0.0,0.0,0.0,0.0,0.0,0.0,1.0,0.0,0.0,True,Qwen/Qwen2.5-Coder-7B-Instruct,None
2402@y_name@ASC,Bar,Hard,6.5591,19.6774,3,0.0,0.0,0.0,0.0,0.0,0.0,0.0,0.0,0.0,0.0,1.0,0.0,0.0,True,Qwen/Qwen2.5-Coder-7B-Instruct,None
2402@y_name@ASC,Bar,Hard,6.5591,19.6774,3,0.0,0.0,0.0,0.0,0.0,0.0,0.0,0.0,0.0,0.0,1.0,0.0,0.0,True,Qwen/Qwen2.5-Coder-7B-Instruct,None
2405@y_name@DESC,Bar,Extra Hard,6.8664,27.4658,4,0.0,0.0,0.0,0.0,0.0,0.0,0.0,0.0,0.0,0.0,1.0,0.0,0.0,True,Qwen/Qwen2.5-Coder-7B-Instruct,None
2405@y_name@DESC,Bar,Extra Hard,6.8664,27.4658,4,0.0,0.0,0.0,0.0,0.0,0.0,0.0,0.0,0.0,0.0,1.0,0.0,0.0,True,Qwen/Qwen2.5-Coder-7B-Instruct,None
2405@y_name@DESC,Bar,Extra Hard,6.8664,27.4658,4,0.0,0.0,0.0,0.0,0.0,0.0,0.0,0.0,0.0,0.0,1.0,0.0,0.0,True,Qwen/Qwen2.5-Coder-7B-Instruct,None
1432@y_name@DESC,Bar,Hard,6.8396,6.8396,1,0.0,0.0,0.0,0.0,0.0,0.0,0.0,0.0,0.0,0.0,1.0,0.0,0.0,True,Qwen/Qwen2.5-Coder-7B-Instruct,None
1432@y_name@DESC,Bar,Hard,6.8396,6.8396,1,0.0,0.0,0.0,0.0,0.0,0.0,0.0,0.0,0.0,0.0,1.0,0.0,0.0,True,Qwen/Qwen2.5-Coder-7B-Instruct,None
1432@y_name@DESC,Bar,Hard,6.8396,6.8396,1,0.0,0.0,0.0,0.0,0.0,0.0,0.0,0.0,0.0,0.0,1.0,0.0,0.0,True,Qwen/Qwen2.5-Coder-7B-Instruct,None
679@x_name@ASC,Bar,Medium,5.077,5.077,1,0.0,0.0,0.0,0.0,0.0,0.0,0.0,0.0,0.0,0.0,1.0,0.0,0.0,False,Qwen/Qwen2.5-Coder-7B-Instruct,None
679@x_name@ASC,Bar,Medium,5.077,5.077,1,0.0,0.0,0.0,0.0,0.0,0.0,0.0,0.0,0.0,0.0,1.0,0.0,0.0,False,Qwen/Qwen2.5-Coder-7B-Instruct,None
679@x_name@ASC,Bar,Medium,5.077,5.077,1,0.0,0.0,0.0,0.0,0.0,0.0,0.0,0.0,0.0,0.0,1.0,0.0,0.0,False,Qwen/Qwen2.5-Coder-7B-Instruct,None
680@y_name@DESC,Stacked Bar,Hard,5.0559,10.1118,2,0.0,0.0,0.0,0.0,0.0,1.0,0.0,0.0,0.0,1.0,0.0,,0.0,False,Qwen/Qwen2.5-Coder-7B-Instruct,None
680@y_name@DESC,Stacked Bar,Hard,5.0559,10.1118,2,0.0,0.0,0.0,0.0,0.0,1.0,0.0,0.0,0.0,1.0,0.0,,0.0,False,Qwen/Qwen2.5-Coder-7B-Instruct,None
680@y_name@DESC,Stacked Bar,Hard,5.0559,10.1118,2,0.0,0.0,0.0,0.0,0.0,1.0,0.0,0.0,0.0,1.0,0.0,,0.0,False,Qwen/Qwen2.5-Coder-7B-Instruct,None
682@x_name@ASC,Bar,Medium,4.0576,4.0576,1,0.0,0.0,0.0,0.0,0.0,0.0,0.0,0.0,0.0,0.0,1.0,0.0,0.0,False,Qwen/Qwen2.5-Coder-7B-Instruct,None
682@x_name@ASC,Bar,Medium,4.0576,4.0576,1,0.0,0.0,0.0,0.0,0.0,0.0,0.0,0.0,0.0,0.0,1.0,0.0,0.0,False,Qwen/Qwen2.5-Coder-7B-Instruct,None
682@x_name@ASC,Bar,Medium,4.0576,4.0576,1,0.0,0.0,0.0,0.0,0.0,0.0,0.0,0.0,0.0,0.0,1.0,0.0,0.0,False,Qwen/Qwen2.5-Coder-7B-Instruct,None
2494@x_name@DESC,Bar,Medium,8.6794,8.6794,1,0.0,1.0,0.0,0.0,0.0,0.0,0.0,0.0,1.0,0.0,0.0,,0.0,False,Qwen/Qwen2.5-Coder-7B-Instruct,None
2494@x_name@DESC,Bar,Medium,8.6794,8.6794,1,0.0,1.0,0.0,0.0,0.0,0.0,0.0,0.0,1.0,0.0,0.0,,0.0,False,Qwen/Qwen2.5-Coder-7B-Instruct,None
2494@x_name@DESC,Bar,Medium,8.6794,8.6794,1,0.0,1.0,0.0,0.0,0.0,0.0,0.0,0.0,1.0,0.0,0.0,,0.0,False,Qwen/Qwen2.5-Coder-7B-Instruct,None
415@x_name@DESC,Line,Medium,5.2888,21.1551,4,0.0,0.0,0.0,0.0,0.0,0.0,0.0,0.0,0.0,0.0,1.0,0.0,0.0,False,Qwen/Qwen2.5-Coder-7B-Instruct,None
415@x_name@DESC,Line,Medium,5.2888,21.1551,4,0.0,0.0,0.0,0.0,0.0,0.0,0.0,0.0,0.0,0.0,1.0,0.0,0.0,False,Qwen/Qwen2.5-Coder-7B-Instruct,None
415@x_name@DESC,Line,Medium,5.2888,21.1551,4,0.0,0.0,0.0,0.0,0.0,0.0,0.0,0.0,0.0,0.0,1.0,0.0,0.0,False,Qwen/Qwen2.5-Coder-7B-Instruct,None
420@x_name@ASC,Bar,Hard,7.0349,14.0698,2,0.0,0.0,0.0,0.0,0.0,1.0,0.0,0.0,0.0,1.0,0.0,,0.0,True,Qwen/Qwen2.5-Coder-7B-Instruct,None
420@x_name@ASC,Bar,Hard,7.0349,14.0698,2,0.0,0.0,0.0,0.0,0.0,1.0,0.0,0.0,0.0,1.0,0.0,,0.0,True,Qwen/Qwen2.5-Coder-7B-Instruct,None
420@x_name@ASC,Bar,Hard,7.0349,14.0698,2,0.0,0.0,0.0,0.0,0.0,1.0,0.0,0.0,0.0,1.0,0.0,,0.0,True,Qwen/Qwen2.5-Coder-7B-Instruct,None
434@y_name@DESC,Bar,Hard,8.5451,51.2704,6,0.0,0.0,0.0,0.0,0.5,0.0,0.0,0.0,0.0,0.5,0.5,0.0,0.0,True,Qwen/Qwen2.5-Coder-7B-Instruct,None
434@y_name@DESC,Bar,Hard,8.5451,51.2704,6,0.0,0.0,0.0,0.0,0.5,0.0,0.0,0.0,0.0,0.5,0.5,0.0,0.0,True,Qwen/Qwen2.5-Coder-7B-Instruct,None
434@y_name@DESC,Bar,Hard,8.5451,51.2704,6,0.0,0.0,0.0,0.0,0.5,0.0,0.0,0.0,0.0,0.5,0.5,0.0,0.0,True,Qwen/Qwen2.5-Coder-7B-Instruct,None
1032@y_name@DESC,Bar,Medium,4.5493,27.2955,6,0.0,0.0,0.0,0.0,0.0,0.0,0.0,0.0,0.0,0.0,1.0,0.0,0.0,False,Qwen/Qwen2.5-Coder-7B-Instruct,None
1032@y_name@DESC,Bar,Medium,4.5493,27.2955,6,0.0,0.0,0.0,0.0,0.0,0.0,0.0,0.0,0.0,0.0,1.0,0.0,0.0,False,Qwen/Qwen2.5-Coder-7B-Instruct,None
1032@y_name@DESC,Bar,Medium,4.5493,27.2955,6,0.0,0.0,0.0,0.0,0.0,0.0,0.0,0.0,0.0,0.0,1.0,0.0,0.0,False,Qwen/Qwen2.5-Coder-7B-Instruct,None
1043@y_name@DESC,Bar,Medium,3.4414,10.3242,3,0.0,0.0,0.0,0.0,0.0,0.0,0.0,0.0,0.0,0.0,1.0,0.0,0.0,False,Qwen/Qwen2.5-Coder-7B-Instruct,None
1043@y_name@DESC,Bar,Medium,3.4414,10.3242,3,0.0,0.0,0.0,0.0,0.0,0.0,0.0,0.0,0.0,0.0,1.0,0.0,0.0,False,Qwen/Qwen2.5-Coder-7B-Instruct,None
1043@y_name@DESC,Bar,Medium,3.4414,10.3242,3,0.0,0.0,0.0,0.0,0.0,0.0,0.0,0.0,0.0,0.0,1.0,0.0,0.0,False,Qwen/Qwen2.5-Coder-7B-Instruct,None
1060@y_name@DESC,Bar,Hard,6.701,26.804,4,0.0,0.0,0.0,0.0,0.0,0.0,0.0,0.0,0.0,0.0,1.0,0.0,0.0,True,Qwen/Qwen2.5-Coder-7B-Instruct,None
1060@y_name@DESC,Bar,Hard,6.701,26.804,4,0.0,0.0,0.0,0.0,0.0,0.0,0.0,0.0,0.0,0.0,1.0,0.0,0.0,True,Qwen/Qwen2.5-Coder-7B-Instruct,None
1060@y_name@DESC,Bar,Hard,6.701,26.804,4,0.0,0.0,0.0,0.0,0.0,0.0,0.0,0.0,0.0,0.0,1.0,0.0,0.0,True,Qwen/Qwen2.5-Coder-7B-Instruct,None
2162@y_name@ASC,Bar,Extra Hard,9.2919,27.8756,3,0.0,0.0,0.0,0.0,0.0,0.0,0.0,0.0,0.0,0.0,1.0,0.0,0.0,True,Qwen/Qwen2.5-Coder-7B-Instruct,None
2162@y_name@ASC,Bar,Extra Hard,9.2919,27.8756,3,0.0,0.0,0.0,0.0,0.0,0.0,0.0,0.0,0.0,0.0,1.0,0.0,0.0,True,Qwen/Qwen2.5-Coder-7B-Instruct,None
2162@y_name@ASC,Bar,Extra Hard,9.2919,27.8756,3,0.0,0.0,0.0,0.0,0.0,0.0,0.0,0.0,0.0,0.0,1.0,0.0,0.0,True,Qwen/Qwen2.5-Coder-7B-Instruct,None
2164@y_name@ASC,Bar,Hard,7.1871,7.1871,1,0.0,0.0,0.0,0.0,0.0,0.0,0.0,0.0,0.0,0.0,1.0,0.0,0.0,True,Qwen/Qwen2.5-Coder-7B-Instruct,None
2164@y_name@ASC,Bar,Hard,7.1871,7.1871,1,0.0,0.0,0.0,0.0,0.0,0.0,0.0,0.0,0.0,0.0,1.0,0.0,0.0,True,Qwen/Qwen2.5-Coder-7B-Instruct,None
2164@y_name@ASC,Bar,Hard,7.1871,7.1871,1,0.0,0.0,0.0,0.0,0.0,0.0,0.0,0.0,0.0,0.0,1.0,0.0,0.0,True,Qwen/Qwen2.5-Coder-7B-Instruct,None
2165@y_name@DESC,Bar,Hard,5.1258,15.3774,3,0.0,0.0,0.0,0.0,0.0,0.0,0.0,0.0,0.0,0.0,1.0,0.0,0.0,False,Qwen/Qwen2.5-Coder-7B-Instruct,None
2165@y_name@DESC,Bar,Hard,5.1258,15.3774,3,0.0,0.0,0.0,0.0,0.0,0.0,0.0,0.0,0.0,0.0,1.0,0.0,0.0,False,Qwen/Qwen2.5-Coder-7B-Instruct,None
2165@y_name@DESC,Bar,Hard,5.1258,15.3774,3,0.0,0.0,0.0,0.0,0.0,0.0,0.0,0.0,0.0,0.0,1.0,0.0,0.0,False,Qwen/Qwen2.5-Coder-7B-Instruct,None
2169@y_name@ASC,Bar,Medium,5.4476,10.8951,2,0.0,0.0,0.0,0.0,0.0,0.0,0.0,0.0,0.0,0.0,1.0,0.0,0.0,False,Qwen/Qwen2.5-Coder-7B-Instruct,None
2169@y_name@ASC,Bar,Medium,5.4476,10.8951,2,0.0,0.0,0.0,0.0,0.0,0.0,0.0,0.0,0.0,0.0,1.0,0.0,0.0,False,Qwen/Qwen2.5-Coder-7B-Instruct,None
2169@y_name@ASC,Bar,Medium,5.4476,10.8951,2,0.0,0.0,0.0,0.0,0.0,0.0,0.0,0.0,0.0,0.0,1.0,0.0,0.0,False,Qwen/Qwen2.5-Coder-7B-Instruct,None
2766@y_name@ASC,Bar,Extra Hard,13.564,40.692,3,0.3333333333333333,0.0,0.0,0.0,0.0,0.0,0.0,0.0,0.3333333333333333,0.0,0.6666666666666666,0.0,0.0,True,Qwen/Qwen2.5-Coder-7B-Instruct,None
2766@y_name@ASC,Bar,Extra Hard,13.564,40.692,3,0.3333333333333333,0.0,0.0,0.0,0.0,0.0,0.0,0.0,0.3333333333333333,0.0,0.6666666666666666,0.0,0.0,True,Qwen/Qwen2.5-Coder-7B-Instruct,None
2766@y_name@ASC,Bar,Extra Hard,13.564,40.692,3,0.3333333333333333,0.0,0.0,0.0,0.0,0.0,0.0,0.0,0.3333333333333333,0.0,0.6666666666666666,0.0,0.0,True,Qwen/Qwen2.5-Coder-7B-Instruct,None
3279@y_name@ASC,Bar,Medium,5.2532,31.519,6,0.0,0.0,0.0,0.0,0.0,0.0,0.0,0.0,0.0,0.0,1.0,0.0,0.0,False,Qwen/Qwen2.5-Coder-7B-Instruct,None
3279@y_name@ASC,Bar,Medium,5.2532,31.519,6,0.0,0.0,0.0,0.0,0.0,0.0,0.0,0.0,0.0,0.0,1.0,0.0,0.0,False,Qwen/Qwen2.5-Coder-7B-Instruct,None
3279@y_name@ASC,Bar,Medium,5.2532,31.519,6,0.0,0.0,0.0,0.0,0.0,0.0,0.0,0.0,0.0,0.0,1.0,0.0,0.0,False,Qwen/Qwen2.5-Coder-7B-Instruct,None
3283@y_name@ASC,Bar,Medium,3.9034,15.6136,4,0.0,0.0,0.0,0.0,0.0,0.0,0.0,0.0,0.0,0.0,1.0,0.0,0.0,False,Qwen/Qwen2.5-Coder-7B-Instruct,None
3283@y_name@ASC,Bar,Medium,3.9034,15.6136,4,0.0,0.0,0.0,0.0,0.0,0.0,0.0,0.0,0.0,0.0,1.0,0.0,0.0,False,Qwen/Qwen2.5-Coder-7B-Instruct,None
3283@y_name@ASC,Bar,Medium,3.9034,15.6136,4,0.0,0.0,0.0,0.0,0.0,0.0,0.0,0.0,0.0,0.0,1.0,0.0,0.0,False,Qwen/Qwen2.5-Coder-7B-Instruct,None
2537@y_name@DESC,Bar,Extra Hard,11.5581,23.1162,2,0.0,0.0,0.0,0.0,0.5,0.0,0.0,0.0,0.0,0.5,0.5,0.0,0.0,True,Qwen/Qwen2.5-Coder-7B-Instruct,None
2537@y_name@DESC,Bar,Extra Hard,11.5581,23.1162,2,0.0,0.0,0.0,0.0,0.5,0.0,0.0,0.0,0.0,0.5,0.5,0.0,0.0,True,Qwen/Qwen2.5-Coder-7B-Instruct,None
2537@y_name@DESC,Bar,Extra Hard,11.5581,23.1162,2,0.0,0.0,0.0,0.0,0.5,0.0,0.0,0.0,0.0,0.5,0.5,0.0,0.0,True,Qwen/Qwen2.5-Coder-7B-Instruct,None
2539@y_name@ASC,Bar,Medium,6.4539,12.9078,2,0.0,0.0,0.0,0.0,0.0,0.0,0.0,0.0,0.0,0.0,1.0,0.0,0.0,False,Qwen/Qwen2.5-Coder-7B-Instruct,None
2539@y_name@ASC,Bar,Medium,6.4539,12.9078,2,0.0,0.0,0.0,0.0,0.0,0.0,0.0,0.0,0.0,0.0,1.0,0.0,0.0,False,Qwen/Qwen2.5-Coder-7B-Instruct,None
2539@y_name@ASC,Bar,Medium,6.4539,12.9078,2,0.0,0.0,0.0,0.0,0.0,0.0,0.0,0.0,0.0,0.0,1.0,0.0,0.0,False,Qwen/Qwen2.5-Coder-7B-Instruct,None
1069@x_name@DESC,Bar,Medium,4.7645,9.529,2,0.0,0.0,0.0,0.0,0.0,1.0,0.0,0.0,0.0,1.0,0.0,,0.0,False,Qwen/Qwen2.5-Coder-7B-Instruct,None
1069@x_name@DESC,Bar,Medium,4.7645,9.529,2,0.0,0.0,0.0,0.0,0.0,1.0,0.0,0.0,0.0,1.0,0.0,,0.0,False,Qwen/Qwen2.5-Coder-7B-Instruct,None
1069@x_name@DESC,Bar,Medium,4.7645,9.529,2,0.0,0.0,0.0,0.0,0.0,1.0,0.0,0.0,0.0,1.0,0.0,,0.0,False,Qwen/Qwen2.5-Coder-7B-Instruct,None
1077@y_name@ASC,Bar,Medium,4.5639,9.1278,2,0.0,0.0,0.0,0.0,0.0,0.0,0.0,0.0,0.0,0.0,1.0,0.0,0.0,False,Qwen/Qwen2.5-Coder-7B-Instruct,None
1077@y_name@ASC,Bar,Medium,4.5639,9.1278,2,0.0,0.0,0.0,0.0,0.0,0.0,0.0,0.0,0.0,0.0,1.0,0.0,0.0,False,Qwen/Qwen2.5-Coder-7B-Instruct,None
1077@y_name@ASC,Bar,Medium,4.5639,9.1278,2,0.0,0.0,0.0,0.0,0.0,0.0,0.0,0.0,0.0,0.0,1.0,0.0,0.0,False,Qwen/Qwen2.5-Coder-7B-Instruct,None
1078@x_name@ASC,Bar,Hard,6.7612,6.7612,1,0.0,0.0,0.0,0.0,0.0,0.0,0.0,0.0,0.0,0.0,1.0,0.0,0.0,True,Qwen/Qwen2.5-Coder-7B-Instruct,None
1078@x_name@ASC,Bar,Hard,6.7612,6.7612,1,0.0,0.0,0.0,0.0,0.0,0.0,0.0,0.0,0.0,0.0,1.0,0.0,0.0,True,Qwen/Qwen2.5-Coder-7B-Instruct,None
1078@x_name@ASC,Bar,Hard,6.7612,6.7612,1,0.0,0.0,0.0,0.0,0.0,0.0,0.0,0.0,0.0,0.0,1.0,0.0,0.0,True,Qwen/Qwen2.5-Coder-7B-Instruct,None
1080@x_name@DESC,Bar,Hard,6.7608,6.7608,1,0.0,0.0,0.0,0.0,0.0,1.0,0.0,0.0,0.0,1.0,0.0,,0.0,True,Qwen/Qwen2.5-Coder-7B-Instruct,None
1080@x_name@DESC,Bar,Hard,6.7608,6.7608,1,0.0,0.0,0.0,0.0,0.0,1.0,0.0,0.0,0.0,1.0,0.0,,0.0,True,Qwen/Qwen2.5-Coder-7B-Instruct,None
1080@x_name@DESC,Bar,Hard,6.7608,6.7608,1,0.0,0.0,0.0,0.0,0.0,1.0,0.0,0.0,0.0,1.0,0.0,,0.0,True,Qwen/Qwen2.5-Coder-7B-Instruct,None
1083@x_name@DESC,Bar,Hard,6.6134,6.6134,1,0.0,0.0,0.0,0.0,0.0,1.0,0.0,0.0,0.0,1.0,0.0,,0.0,True,Qwen/Qwen2.5-Coder-7B-Instruct,None
1083@x_name@DESC,Bar,Hard,6.6134,6.6134,1,0.0,0.0,0.0,0.0,0.0,1.0,0.0,0.0,0.0,1.0,0.0,,0.0,True,Qwen/Qwen2.5-Coder-7B-Instruct,None
1083@x_name@DESC,Bar,Hard,6.6134,6.6134,1,0.0,0.0,0.0,0.0,0.0,1.0,0.0,0.0,0.0,1.0,0.0,,0.0,True,Qwen/Qwen2.5-Coder-7B-Instruct,None
1250@y_name@DESC,Bar,Extra Hard,10.3428,41.3714,4,0.0,0.0,0.0,0.0,1.0,0.0,0.0,0.0,0.0,1.0,0.0,,0.0,True,Qwen/Qwen2.5-Coder-7B-Instruct,None
1250@y_name@DESC,Bar,Extra Hard,10.3428,41.3714,4,0.0,0.0,0.0,0.0,1.0,0.0,0.0,0.0,0.0,1.0,0.0,,0.0,True,Qwen/Qwen2.5-Coder-7B-Instruct,None
1250@y_name@DESC,Bar,Extra Hard,10.3428,41.3714,4,0.0,0.0,0.0,0.0,1.0,0.0,0.0,0.0,0.0,1.0,0.0,,0.0,True,Qwen/Qwen2.5-Coder-7B-Instruct,None
1254@x_name@ASC,Line,Extra Hard,8.0807,16.1614,2,0.0,0.0,0.0,0.0,0.0,0.0,0.0,0.0,0.0,0.0,1.0,0.0,0.0,True,Qwen/Qwen2.5-Coder-7B-Instruct,None
1254@x_name@ASC,Line,Extra Hard,8.0807,16.1614,2,0.0,0.0,0.0,0.0,0.0,0.0,0.0,0.0,0.0,0.0,1.0,0.0,0.0,True,Qwen/Qwen2.5-Coder-7B-Instruct,None
1254@x_name@ASC,Line,Extra Hard,8.0807,16.1614,2,0.0,0.0,0.0,0.0,0.0,0.0,0.0,0.0,0.0,0.0,1.0,0.0,0.0,True,Qwen/Qwen2.5-Coder-7B-Instruct,None
1273@x_name@DESC,Bar,Hard,8.6772,34.7088,4,0.0,0.0,0.0,0.25,0.25,0.25,0.0,0.0,0.0,0.5,0.5,0.0,0.0,True,Qwen/Qwen2.5-Coder-7B-Instruct,None
1273@x_name@DESC,Bar,Hard,8.6772,34.7088,4,0.0,0.0,0.0,0.25,0.25,0.25,0.0,0.0,0.0,0.5,0.5,0.0,0.0,True,Qwen/Qwen2.5-Coder-7B-Instruct,None
1273@x_name@DESC,Bar,Hard,8.6772,34.7088,4,0.0,0.0,0.0,0.25,0.25,0.25,0.0,0.0,0.0,0.5,0.5,0.0,0.0,True,Qwen/Qwen2.5-Coder-7B-Instruct,None
1278@y_name@ASC,Bar,Hard,5.6657,11.3314,2,0.0,0.0,0.0,0.0,0.0,0.0,0.0,0.0,0.0,0.0,1.0,0.0,0.0,True,Qwen/Qwen2.5-Coder-7B-Instruct,None
1278@y_name@ASC,Bar,Hard,5.6657,11.3314,2,0.0,0.0,0.0,0.0,0.0,0.0,0.0,0.0,0.0,0.0,1.0,0.0,0.0,True,Qwen/Qwen2.5-Coder-7B-Instruct,None
1278@y_name@ASC,Bar,Hard,5.6657,11.3314,2,0.0,0.0,0.0,0.0,0.0,0.0,0.0,0.0,0.0,0.0,1.0,0.0,0.0,True,Qwen/Qwen2.5-Coder-7B-Instruct,None
1289@y_name@DESC,Bar,Hard,9.7802,19.5604,2,0.0,0.0,0.0,0.0,0.0,0.0,0.0,0.0,0.0,0.0,1.0,0.0,0.0,True,Qwen/Qwen2.5-Coder-7B-Instruct,None
1289@y_name@DESC,Bar,Hard,9.7802,19.5604,2,0.0,0.0,0.0,0.0,0.0,0.0,0.0,0.0,0.0,0.0,1.0,0.0,0.0,True,Qwen/Qwen2.5-Coder-7B-Instruct,None
1289@y_name@DESC,Bar,Hard,9.7802,19.5604,2,0.0,0.0,0.0,0.0,0.0,0.0,0.0,0.0,0.0,0.0,1.0,0.0,0.0,True,Qwen/Qwen2.5-Coder-7B-Instruct,None
1293@y_name@DESC,Bar,Extra Hard,33.3623,33.3623,1,1.0,0.0,0.0,0.0,0.0,0.0,0.0,0.0,1.0,0.0,0.0,,0.0,True,Qwen/Qwen2.5-Coder-7B-Instruct,None
1293@y_name@DESC,Bar,Extra Hard,33.3623,33.3623,1,1.0,0.0,0.0,0.0,0.0,0.0,0.0,0.0,1.0,0.0,0.0,,0.0,True,Qwen/Qwen2.5-Coder-7B-Instruct,None
1293@y_name@DESC,Bar,Extra Hard,33.3623,33.3623,1,1.0,0.0,0.0,0.0,0.0,0.0,0.0,0.0,1.0,0.0,0.0,,0.0,True,Qwen/Qwen2.5-Coder-7B-Instruct,None
1298@y_name@ASC,Bar,Medium,4.8448,9.6895,2,0.0,0.0,0.0,0.0,0.0,0.0,0.0,0.0,0.0,0.0,1.0,0.0,0.0,False,Qwen/Qwen2.5-Coder-7B-Instruct,None
1298@y_name@ASC,Bar,Medium,4.8448,9.6895,2,0.0,0.0,0.0,0.0,0.0,0.0,0.0,0.0,0.0,0.0,1.0,0.0,0.0,False,Qwen/Qwen2.5-Coder-7B-Instruct,None
1298@y_name@ASC,Bar,Medium,4.8448,9.6895,2,0.0,0.0,0.0,0.0,0.0,0.0,0.0,0.0,0.0,0.0,1.0,0.0,0.0,False,Qwen/Qwen2.5-Coder-7B-Instruct,None
1299@y_name@DESC,Bar,Medium,4.9567,9.9135,2,0.0,0.0,0.0,0.0,0.0,0.0,0.0,0.0,0.0,0.0,1.0,0.0,0.0,False,Qwen/Qwen2.5-Coder-7B-Instruct,None
1299@y_name@DESC,Bar,Medium,4.9567,9.9135,2,0.0,0.0,0.0,0.0,0.0,0.0,0.0,0.0,0.0,0.0,1.0,0.0,0.0,False,Qwen/Qwen2.5-Coder-7B-Instruct,None
1299@y_name@DESC,Bar,Medium,4.9567,9.9135,2,0.0,0.0,0.0,0.0,0.0,0.0,0.0,0.0,0.0,0.0,1.0,0.0,0.0,False,Qwen/Qwen2.5-Coder-7B-Instruct,None
1300@x_name@DESC,Line,Medium,6.7192,6.7192,1,0.0,0.0,0.0,0.0,1.0,0.0,0.0,0.0,0.0,1.0,0.0,,0.0,False,Qwen/Qwen2.5-Coder-7B-Instruct,None
1300@x_name@DESC,Line,Medium,6.7192,6.7192,1,0.0,0.0,0.0,0.0,1.0,0.0,0.0,0.0,0.0,1.0,0.0,,0.0,False,Qwen/Qwen2.5-Coder-7B-Instruct,None
1300@x_name@DESC,Line,Medium,6.7192,6.7192,1,0.0,0.0,0.0,0.0,1.0,0.0,0.0,0.0,0.0,1.0,0.0,,0.0,False,Qwen/Qwen2.5-Coder-7B-Instruct,None
769@x_name@DESC,Bar,Medium,,,0,0.0,0.0,0.0,0.0,0.0,0.0,0.0,0.0,0.0,0.0,1.0,0.0,0.0,False,Qwen/Qwen2.5-Coder-7B-Instruct,None
769@x_name@DESC,Bar,Medium,,,0,0.0,0.0,0.0,0.0,0.0,0.0,0.0,0.0,0.0,0.0,1.0,0.0,0.0,False,Qwen/Qwen2.5-Coder-7B-Instruct,None
769@x_name@DESC,Bar,Medium,,,0,0.0,0.0,0.0,0.0,0.0,0.0,0.0,0.0,0.0,0.0,1.0,0.0,0.0,False,Qwen/Qwen2.5-Coder-7B-Instruct,None
772@y_name@DESC,Bar,Medium,4.8018,9.6036,2,0.0,0.0,0.0,0.0,0.0,0.0,0.0,0.0,0.0,0.0,1.0,0.0,0.0,False,Qwen/Qwen2.5-Coder-7B-Instruct,None
772@y_name@DESC,Bar,Medium,4.8018,9.6036,2,0.0,0.0,0.0,0.0,0.0,0.0,0.0,0.0,0.0,0.0,1.0,0.0,0.0,False,Qwen/Qwen2.5-Coder-7B-Instruct,None
772@y_name@DESC,Bar,Medium,4.8018,9.6036,2,0.0,0.0,0.0,0.0,0.0,0.0,0.0,0.0,0.0,0.0,1.0,0.0,0.0,False,Qwen/Qwen2.5-Coder-7B-Instruct,None
773@x_name@DESC,Line,Medium,4.5155,9.031,2,0.0,0.0,0.0,0.0,0.0,0.0,0.0,0.0,0.0,0.0,1.0,0.0,0.0,False,Qwen/Qwen2.5-Coder-7B-Instruct,None
773@x_name@DESC,Line,Medium,4.5155,9.031,2,0.0,0.0,0.0,0.0,0.0,0.0,0.0,0.0,0.0,0.0,1.0,0.0,0.0,False,Qwen/Qwen2.5-Coder-7B-Instruct,None
773@x_name@DESC,Line,Medium,4.5155,9.031,2,0.0,0.0,0.0,0.0,0.0,0.0,0.0,0.0,0.0,0.0,1.0,0.0,0.0,False,Qwen/Qwen2.5-Coder-7B-Instruct,None
780@y_name@DESC,Stacked Bar,Extra Hard,28.0147,28.0147,1,1.0,0.0,0.0,0.0,0.0,0.0,0.0,0.0,1.0,0.0,0.0,,0.0,False,Qwen/Qwen2.5-Coder-7B-Instruct,None
780@y_name@DESC,Stacked Bar,Extra Hard,28.0147,28.0147,1,1.0,0.0,0.0,0.0,0.0,0.0,0.0,0.0,1.0,0.0,0.0,,0.0,False,Qwen/Qwen2.5-Coder-7B-Instruct,None
780@y_name@DESC,Stacked Bar,Extra Hard,28.0147,28.0147,1,1.0,0.0,0.0,0.0,0.0,0.0,0.0,0.0,1.0,0.0,0.0,,0.0,False,Qwen/Qwen2.5-Coder-7B-Instruct,None
782@y_name@ASC,Bar,Medium,3.9703,23.822,6,0.0,0.0,0.0,0.0,0.0,0.0,0.0,0.0,0.0,0.0,1.0,0.0,0.0,False,Qwen/Qwen2.5-Coder-7B-Instruct,None
782@y_name@ASC,Bar,Medium,3.9703,23.822,6,0.0,0.0,0.0,0.0,0.0,0.0,0.0,0.0,0.0,0.0,1.0,0.0,0.0,False,Qwen/Qwen2.5-Coder-7B-Instruct,None
782@y_name@ASC,Bar,Medium,3.9703,23.822,6,0.0,0.0,0.0,0.0,0.0,0.0,0.0,0.0,0.0,0.0,1.0,0.0,0.0,False,Qwen/Qwen2.5-Coder-7B-Instruct,None
783@y_name@DESC,Bar,Medium,7.446,14.8921,2,0.0,0.0,0.0,0.0,0.0,0.0,0.0,0.0,0.0,0.0,1.0,0.0,0.0,False,Qwen/Qwen2.5-Coder-7B-Instruct,None
783@y_name@DESC,Bar,Medium,7.446,14.8921,2,0.0,0.0,0.0,0.0,0.0,0.0,0.0,0.0,0.0,0.0,1.0,0.0,0.0,False,Qwen/Qwen2.5-Coder-7B-Instruct,None
783@y_name@DESC,Bar,Medium,7.446,14.8921,2,0.0,0.0,0.0,0.0,0.0,0.0,0.0,0.0,0.0,0.0,1.0,0.0,0.0,False,Qwen/Qwen2.5-Coder-7B-Instruct,None
791@x_name@DESC,Bar,Medium,3.9095,3.9095,1,0.0,0.0,0.0,0.0,0.0,1.0,0.0,0.0,0.0,1.0,0.0,,0.0,False,Qwen/Qwen2.5-Coder-7B-Instruct,None
791@x_name@DESC,Bar,Medium,3.9095,3.9095,1,0.0,0.0,0.0,0.0,0.0,1.0,0.0,0.0,0.0,1.0,0.0,,0.0,False,Qwen/Qwen2.5-Coder-7B-Instruct,None
791@x_name@DESC,Bar,Medium,3.9095,3.9095,1,0.0,0.0,0.0,0.0,0.0,1.0,0.0,0.0,0.0,1.0,0.0,,0.0,False,Qwen/Qwen2.5-Coder-7B-Instruct,None
1122@y_name@ASC,Bar,Medium,3.5591,10.6772,3,0.0,0.0,0.0,0.0,0.0,0.0,0.0,0.0,0.0,0.0,1.0,0.0,0.0,False,Qwen/Qwen2.5-Coder-7B-Instruct,None
1122@y_name@ASC,Bar,Medium,3.5591,10.6772,3,0.0,0.0,0.0,0.0,0.0,0.0,0.0,0.0,0.0,0.0,1.0,0.0,0.0,False,Qwen/Qwen2.5-Coder-7B-Instruct,None
1122@y_name@ASC,Bar,Medium,3.5591,10.6772,3,0.0,0.0,0.0,0.0,0.0,0.0,0.0,0.0,0.0,0.0,1.0,0.0,0.0,False,Qwen/Qwen2.5-Coder-7B-Instruct,None
1137@y_name@DESC,Bar,Extra Hard,7.3674,7.3674,1,0.0,0.0,0.0,0.0,0.0,0.0,0.0,0.0,0.0,0.0,1.0,0.0,0.0,True,Qwen/Qwen2.5-Coder-7B-Instruct,None
1137@y_name@DESC,Bar,Extra Hard,7.3674,7.3674,1,0.0,0.0,0.0,0.0,0.0,0.0,0.0,0.0,0.0,0.0,1.0,0.0,0.0,True,Qwen/Qwen2.5-Coder-7B-Instruct,None
1137@y_name@DESC,Bar,Extra Hard,7.3674,7.3674,1,0.0,0.0,0.0,0.0,0.0,0.0,0.0,0.0,0.0,0.0,1.0,0.0,0.0,True,Qwen/Qwen2.5-Coder-7B-Instruct,None
1138@y_name@ASC,Bar,Extra Hard,10.2365,10.2365,1,0.0,0.0,0.0,0.0,1.0,0.0,0.0,0.0,0.0,1.0,0.0,,0.0,True,Qwen/Qwen2.5-Coder-7B-Instruct,None
1138@y_name@ASC,Bar,Extra Hard,10.2365,10.2365,1,0.0,0.0,0.0,0.0,1.0,0.0,0.0,0.0,0.0,1.0,0.0,,0.0,True,Qwen/Qwen2.5-Coder-7B-Instruct,None
1138@y_name@ASC,Bar,Extra Hard,10.2365,10.2365,1,0.0,0.0,0.0,0.0,1.0,0.0,0.0,0.0,0.0,1.0,0.0,,0.0,True,Qwen/Qwen2.5-Coder-7B-Instruct,None
1139@y_name@ASC,Bar,Extra Hard,8.0534,8.0534,1,0.0,0.0,0.0,0.0,1.0,0.0,0.0,0.0,0.0,1.0,0.0,,0.0,True,Qwen/Qwen2.5-Coder-7B-Instruct,None
1139@y_name@ASC,Bar,Extra Hard,8.0534,8.0534,1,0.0,0.0,0.0,0.0,1.0,0.0,0.0,0.0,0.0,1.0,0.0,,0.0,True,Qwen/Qwen2.5-Coder-7B-Instruct,None
1139@y_name@ASC,Bar,Extra Hard,8.0534,8.0534,1,0.0,0.0,0.0,0.0,1.0,0.0,0.0,0.0,0.0,1.0,0.0,,0.0,True,Qwen/Qwen2.5-Coder-7B-Instruct,None
1142@y_name@ASC,Bar,Hard,8.8553,17.7106,2,0.0,0.0,0.0,0.0,0.5,0.0,0.0,0.0,0.0,0.5,0.5,0.0,0.0,True,Qwen/Qwen2.5-Coder-7B-Instruct,None
1142@y_name@ASC,Bar,Hard,8.8553,17.7106,2,0.0,0.0,0.0,0.0,0.5,0.0,0.0,0.0,0.0,0.5,0.5,0.0,0.0,True,Qwen/Qwen2.5-Coder-7B-Instruct,None
1142@y_name@ASC,Bar,Hard,8.8553,17.7106,2,0.0,0.0,0.0,0.0,0.5,0.0,0.0,0.0,0.0,0.5,0.5,0.0,0.0,True,Qwen/Qwen2.5-Coder-7B-Instruct,None
997@x_name@DESC,Line,Hard,25.0519,25.0519,1,1.0,0.0,0.0,0.0,0.0,0.0,0.0,0.0,1.0,0.0,0.0,,0.0,True,Qwen/Qwen2.5-Coder-7B-Instruct,None
997@x_name@DESC,Line,Hard,25.0519,25.0519,1,1.0,0.0,0.0,0.0,0.0,0.0,0.0,0.0,1.0,0.0,0.0,,0.0,True,Qwen/Qwen2.5-Coder-7B-Instruct,None
997@x_name@DESC,Line,Hard,25.0519,25.0519,1,1.0,0.0,0.0,0.0,0.0,0.0,0.0,0.0,1.0,0.0,0.0,,0.0,True,Qwen/Qwen2.5-Coder-7B-Instruct,None
1000@y_name@DESC,Bar,Medium,3.5656,10.6967,3,0.0,0.0,0.0,0.0,0.0,0.0,0.0,0.0,0.0,0.0,1.0,0.0,0.0,False,Qwen/Qwen2.5-Coder-7B-Instruct,None
1000@y_name@DESC,Bar,Medium,3.5656,10.6967,3,0.0,0.0,0.0,0.0,0.0,0.0,0.0,0.0,0.0,0.0,1.0,0.0,0.0,False,Qwen/Qwen2.5-Coder-7B-Instruct,None
1000@y_name@DESC,Bar,Medium,3.5656,10.6967,3,0.0,0.0,0.0,0.0,0.0,0.0,0.0,0.0,0.0,0.0,1.0,0.0,0.0,False,Qwen/Qwen2.5-Coder-7B-Instruct,None
1006@y_name@ASC,Bar,Extra Hard,5.494,5.494,1,0.0,0.0,0.0,0.0,0.0,0.0,0.0,0.0,0.0,0.0,1.0,0.0,0.0,False,Qwen/Qwen2.5-Coder-7B-Instruct,None
1006@y_name@ASC,Bar,Extra Hard,5.494,5.494,1,0.0,0.0,0.0,0.0,0.0,0.0,0.0,0.0,0.0,0.0,1.0,0.0,0.0,False,Qwen/Qwen2.5-Coder-7B-Instruct,None
1006@y_name@ASC,Bar,Extra Hard,5.494,5.494,1,0.0,0.0,0.0,0.0,0.0,0.0,0.0,0.0,0.0,0.0,1.0,0.0,0.0,False,Qwen/Qwen2.5-Coder-7B-Instruct,None
1009@y_name@DESC,Bar,Extra Hard,5.478,5.478,1,0.0,0.0,0.0,0.0,0.0,0.0,0.0,0.0,0.0,0.0,1.0,0.0,0.0,False,Qwen/Qwen2.5-Coder-7B-Instruct,None
1009@y_name@DESC,Bar,Extra Hard,5.478,5.478,1,0.0,0.0,0.0,0.0,0.0,0.0,0.0,0.0,0.0,0.0,1.0,0.0,0.0,False,Qwen/Qwen2.5-Coder-7B-Instruct,None
1009@y_name@DESC,Bar,Extra Hard,5.478,5.478,1,0.0,0.0,0.0,0.0,0.0,0.0,0.0,0.0,0.0,0.0,1.0,0.0,0.0,False,Qwen/Qwen2.5-Coder-7B-Instruct,None
1010@x_name@DESC,Bar,Medium,3.9212,3.9212,1,0.0,0.0,0.0,0.0,0.0,1.0,0.0,0.0,0.0,1.0,0.0,,0.0,False,Qwen/Qwen2.5-Coder-7B-Instruct,None
1010@x_name@DESC,Bar,Medium,3.9212,3.9212,1,0.0,0.0,0.0,0.0,0.0,1.0,0.0,0.0,0.0,1.0,0.0,,0.0,False,Qwen/Qwen2.5-Coder-7B-Instruct,None
1010@x_name@DESC,Bar,Medium,3.9212,3.9212,1,0.0,0.0,0.0,0.0,0.0,1.0,0.0,0.0,0.0,1.0,0.0,,0.0,False,Qwen/Qwen2.5-Coder-7B-Instruct,None
1242@y_name@ASC,Bar,Hard,4.9716,4.9716,1,0.0,0.0,0.0,0.0,0.0,0.0,0.0,0.0,0.0,0.0,1.0,0.0,0.0,False,Qwen/Qwen2.5-Coder-7B-Instruct,None
1242@y_name@ASC,Bar,Hard,4.9716,4.9716,1,0.0,0.0,0.0,0.0,0.0,0.0,0.0,0.0,0.0,0.0,1.0,0.0,0.0,False,Qwen/Qwen2.5-Coder-7B-Instruct,None
1242@y_name@ASC,Bar,Hard,4.9716,4.9716,1,0.0,0.0,0.0,0.0,0.0,0.0,0.0,0.0,0.0,0.0,1.0,0.0,0.0,False,Qwen/Qwen2.5-Coder-7B-Instruct,None
1245@x_name@ASC,Bar,Medium,3.6069,3.6069,1,0.0,0.0,0.0,0.0,0.0,0.0,0.0,0.0,0.0,0.0,1.0,0.0,0.0,False,Qwen/Qwen2.5-Coder-7B-Instruct,None
1245@x_name@ASC,Bar,Medium,3.6069,3.6069,1,0.0,0.0,0.0,0.0,0.0,0.0,0.0,0.0,0.0,0.0,1.0,0.0,0.0,False,Qwen/Qwen2.5-Coder-7B-Instruct,None
1245@x_name@ASC,Bar,Medium,3.6069,3.6069,1,0.0,0.0,0.0,0.0,0.0,0.0,0.0,0.0,0.0,0.0,1.0,0.0,0.0,False,Qwen/Qwen2.5-Coder-7B-Instruct,None
1247@x_name@ASC,Bar,Medium,3.9533,7.9066,2,0.0,0.0,0.0,0.0,0.0,0.0,0.0,0.0,0.0,0.0,1.0,0.0,0.0,False,Qwen/Qwen2.5-Coder-7B-Instruct,None
1247@x_name@ASC,Bar,Medium,3.9533,7.9066,2,0.0,0.0,0.0,0.0,0.0,0.0,0.0,0.0,0.0,0.0,1.0,0.0,0.0,False,Qwen/Qwen2.5-Coder-7B-Instruct,None
1247@x_name@ASC,Bar,Medium,3.9533,7.9066,2,0.0,0.0,0.0,0.0,0.0,0.0,0.0,0.0,0.0,0.0,1.0,0.0,0.0,False,Qwen/Qwen2.5-Coder-7B-Instruct,None
2704@y_name@DESC,Bar,Medium,4.2626,8.5252,2,0.0,0.0,0.0,0.0,0.0,0.0,0.0,0.0,0.0,0.0,1.0,0.0,0.0,False,Qwen/Qwen2.5-Coder-7B-Instruct,None
2704@y_name@DESC,Bar,Medium,4.2626,8.5252,2,0.0,0.0,0.0,0.0,0.0,0.0,0.0,0.0,0.0,0.0,1.0,0.0,0.0,False,Qwen/Qwen2.5-Coder-7B-Instruct,None
2704@y_name@DESC,Bar,Medium,4.2626,8.5252,2,0.0,0.0,0.0,0.0,0.0,0.0,0.0,0.0,0.0,0.0,1.0,0.0,0.0,False,Qwen/Qwen2.5-Coder-7B-Instruct,None
2706@y_name@DESC,Bar,Medium,4.984,9.9679,2,0.0,0.0,0.0,0.0,0.0,0.0,0.0,0.0,0.0,0.0,1.0,0.0,0.0,False,Qwen/Qwen2.5-Coder-7B-Instruct,None
2706@y_name@DESC,Bar,Medium,4.984,9.9679,2,0.0,0.0,0.0,0.0,0.0,0.0,0.0,0.0,0.0,0.0,1.0,0.0,0.0,False,Qwen/Qwen2.5-Coder-7B-Instruct,None
2706@y_name@DESC,Bar,Medium,4.984,9.9679,2,0.0,0.0,0.0,0.0,0.0,0.0,0.0,0.0,0.0,0.0,1.0,0.0,0.0,False,Qwen/Qwen2.5-Coder-7B-Instruct,None
2683@x_name@ASC,Bar,Hard,6.3735,6.3735,1,0.0,0.0,0.0,0.0,0.0,0.0,0.0,0.0,0.0,0.0,1.0,0.0,0.0,True,Qwen/Qwen2.5-Coder-7B-Instruct,None
2683@x_name@ASC,Bar,Hard,6.3735,6.3735,1,0.0,0.0,0.0,0.0,0.0,0.0,0.0,0.0,0.0,0.0,1.0,0.0,0.0,True,Qwen/Qwen2.5-Coder-7B-Instruct,None
2683@x_name@ASC,Bar,Hard,6.3735,6.3735,1,0.0,0.0,0.0,0.0,0.0,0.0,0.0,0.0,0.0,0.0,1.0,0.0,0.0,True,Qwen/Qwen2.5-Coder-7B-Instruct,None
2051@x_name@ASC,Bar,Extra Hard,7.3912,7.3912,1,0.0,0.0,0.0,0.0,0.0,0.0,0.0,0.0,0.0,0.0,1.0,0.0,0.0,True,Qwen/Qwen2.5-Coder-7B-Instruct,None
2051@x_name@ASC,Bar,Extra Hard,7.3912,7.3912,1,0.0,0.0,0.0,0.0,0.0,0.0,0.0,0.0,0.0,0.0,1.0,0.0,0.0,True,Qwen/Qwen2.5-Coder-7B-Instruct,None
2051@x_name@ASC,Bar,Extra Hard,7.3912,7.3912,1,0.0,0.0,0.0,0.0,0.0,0.0,0.0,0.0,0.0,0.0,1.0,0.0,0.0,True,Qwen/Qwen2.5-Coder-7B-Instruct,None
2052@y_name@ASC,Bar,Extra Hard,7.6685,7.6685,1,0.0,0.0,0.0,0.0,0.0,0.0,0.0,0.0,0.0,0.0,1.0,0.0,0.0,True,Qwen/Qwen2.5-Coder-7B-Instruct,None
2052@y_name@ASC,Bar,Extra Hard,7.6685,7.6685,1,0.0,0.0,0.0,0.0,0.0,0.0,0.0,0.0,0.0,0.0,1.0,0.0,0.0,True,Qwen/Qwen2.5-Coder-7B-Instruct,None
2052@y_name@ASC,Bar,Extra Hard,7.6685,7.6685,1,0.0,0.0,0.0,0.0,0.0,0.0,0.0,0.0,0.0,0.0,1.0,0.0,0.0,True,Qwen/Qwen2.5-Coder-7B-Instruct,None
2053@x_name@ASC,Bar,Easy,5.1351,15.4053,3,0.0,0.0,0.0,0.0,0.0,1.0,0.0,0.0,0.0,1.0,0.0,,0.0,False,Qwen/Qwen2.5-Coder-7B-Instruct,None
2053@x_name@ASC,Bar,Easy,5.1351,15.4053,3,0.0,0.0,0.0,0.0,0.0,1.0,0.0,0.0,0.0,1.0,0.0,,0.0,False,Qwen/Qwen2.5-Coder-7B-Instruct,None
2053@x_name@ASC,Bar,Easy,5.1351,15.4053,3,0.0,0.0,0.0,0.0,0.0,1.0,0.0,0.0,0.0,1.0,0.0,,0.0,False,Qwen/Qwen2.5-Coder-7B-Instruct,None
2060@y_name@DESC,Bar,Extra Hard,9.6099,19.2197,2,0.0,0.0,0.0,0.0,0.0,0.0,0.0,0.0,0.0,0.0,1.0,0.0,0.0,True,Qwen/Qwen2.5-Coder-7B-Instruct,None
2060@y_name@DESC,Bar,Extra Hard,9.6099,19.2197,2,0.0,0.0,0.0,0.0,0.0,0.0,0.0,0.0,0.0,0.0,1.0,0.0,0.0,True,Qwen/Qwen2.5-Coder-7B-Instruct,None
2060@y_name@DESC,Bar,Extra Hard,9.6099,19.2197,2,0.0,0.0,0.0,0.0,0.0,0.0,0.0,0.0,0.0,0.0,1.0,0.0,0.0,True,Qwen/Qwen2.5-Coder-7B-Instruct,None
2063@y_name@ASC,Bar,Hard,7.0523,7.0523,1,0.0,0.0,0.0,0.0,0.0,0.0,0.0,0.0,0.0,0.0,1.0,0.0,0.0,True,Qwen/Qwen2.5-Coder-7B-Instruct,None
2063@y_name@ASC,Bar,Hard,7.0523,7.0523,1,0.0,0.0,0.0,0.0,0.0,0.0,0.0,0.0,0.0,0.0,1.0,0.0,0.0,True,Qwen/Qwen2.5-Coder-7B-Instruct,None
2063@y_name@ASC,Bar,Hard,7.0523,7.0523,1,0.0,0.0,0.0,0.0,0.0,0.0,0.0,0.0,0.0,0.0,1.0,0.0,0.0,True,Qwen/Qwen2.5-Coder-7B-Instruct,None
1416@y_name@ASC,Bar,Medium,5.9966,11.9931,2,0.0,0.0,0.0,1.0,1.0,0.0,0.0,0.0,0.0,1.0,0.0,,0.0,False,Qwen/Qwen2.5-Coder-7B-Instruct,None
1416@y_name@ASC,Bar,Medium,5.9966,11.9931,2,0.0,0.0,0.0,1.0,1.0,0.0,0.0,0.0,0.0,1.0,0.0,,0.0,False,Qwen/Qwen2.5-Coder-7B-Instruct,None
1416@y_name@ASC,Bar,Medium,5.9966,11.9931,2,0.0,0.0,0.0,1.0,1.0,0.0,0.0,0.0,0.0,1.0,0.0,,0.0,False,Qwen/Qwen2.5-Coder-7B-Instruct,None
1419@y_name@ASC,Bar,Extra Hard,5.2661,21.0642,4,0.0,0.0,0.0,0.0,0.5,0.0,0.0,0.0,0.0,0.5,0.5,0.0,0.0,False,Qwen/Qwen2.5-Coder-7B-Instruct,None
1419@y_name@ASC,Bar,Extra Hard,5.2661,21.0642,4,0.0,0.0,0.0,0.0,0.5,0.0,0.0,0.0,0.0,0.5,0.5,0.0,0.0,False,Qwen/Qwen2.5-Coder-7B-Instruct,None
1419@y_name@ASC,Bar,Extra Hard,5.2661,21.0642,4,0.0,0.0,0.0,0.0,0.5,0.0,0.0,0.0,0.0,0.5,0.5,0.0,0.0,False,Qwen/Qwen2.5-Coder-7B-Instruct,None
1380@y_name@ASC,Bar,Hard,7.358,7.358,1,0.0,0.0,0.0,0.0,0.0,0.0,0.0,0.0,0.0,0.0,1.0,0.0,0.0,True,Qwen/Qwen2.5-Coder-7B-Instruct,None
1380@y_name@ASC,Bar,Hard,7.358,7.358,1,0.0,0.0,0.0,0.0,0.0,0.0,0.0,0.0,0.0,0.0,1.0,0.0,0.0,True,Qwen/Qwen2.5-Coder-7B-Instruct,None
1380@y_name@ASC,Bar,Hard,7.358,7.358,1,0.0,0.0,0.0,0.0,0.0,0.0,0.0,0.0,0.0,0.0,1.0,0.0,0.0,True,Qwen/Qwen2.5-Coder-7B-Instruct,None
1382@y_name@ASC,Bar,Hard,6.0929,6.0929,1,0.0,0.0,0.0,0.0,0.0,0.0,0.0,0.0,0.0,0.0,1.0,0.0,0.0,True,Qwen/Qwen2.5-Coder-7B-Instruct,None
1382@y_name@ASC,Bar,Hard,6.0929,6.0929,1,0.0,0.0,0.0,0.0,0.0,0.0,0.0,0.0,0.0,0.0,1.0,0.0,0.0,True,Qwen/Qwen2.5-Coder-7B-Instruct,None
1382@y_name@ASC,Bar,Hard,6.0929,6.0929,1,0.0,0.0,0.0,0.0,0.0,0.0,0.0,0.0,0.0,0.0,1.0,0.0,0.0,True,Qwen/Qwen2.5-Coder-7B-Instruct,None
1085@y_name@DESC,Bar,Medium,4.4455,8.8909,2,0.0,0.0,0.0,0.0,0.0,0.0,0.0,0.0,0.0,0.0,1.0,0.0,0.0,False,Qwen/Qwen2.5-Coder-7B-Instruct,None
1085@y_name@DESC,Bar,Medium,4.4455,8.8909,2,0.0,0.0,0.0,0.0,0.0,0.0,0.0,0.0,0.0,0.0,1.0,0.0,0.0,False,Qwen/Qwen2.5-Coder-7B-Instruct,None
1085@y_name@DESC,Bar,Medium,4.4455,8.8909,2,0.0,0.0,0.0,0.0,0.0,0.0,0.0,0.0,0.0,0.0,1.0,0.0,0.0,False,Qwen/Qwen2.5-Coder-7B-Instruct,None
1087@y_name@DESC,Bar,Hard,6.6806,6.6806,1,0.0,0.0,0.0,0.0,0.0,0.0,0.0,0.0,0.0,0.0,1.0,0.0,0.0,True,Qwen/Qwen2.5-Coder-7B-Instruct,None
1087@y_name@DESC,Bar,Hard,6.6806,6.6806,1,0.0,0.0,0.0,0.0,0.0,0.0,0.0,0.0,0.0,0.0,1.0,0.0,0.0,True,Qwen/Qwen2.5-Coder-7B-Instruct,None
1087@y_name@DESC,Bar,Hard,6.6806,6.6806,1,0.0,0.0,0.0,0.0,0.0,0.0,0.0,0.0,0.0,0.0,1.0,0.0,0.0,True,Qwen/Qwen2.5-Coder-7B-Instruct,None
1091@y_name@ASC,Bar,Medium,5.2086,15.6257,3,0.0,0.0,0.0,0.0,0.0,0.0,0.0,0.0,0.0,0.0,1.0,0.0,0.0,False,Qwen/Qwen2.5-Coder-7B-Instruct,None
1091@y_name@ASC,Bar,Medium,5.2086,15.6257,3,0.0,0.0,0.0,0.0,0.0,0.0,0.0,0.0,0.0,0.0,1.0,0.0,0.0,False,Qwen/Qwen2.5-Coder-7B-Instruct,None
1091@y_name@ASC,Bar,Medium,5.2086,15.6257,3,0.0,0.0,0.0,0.0,0.0,0.0,0.0,0.0,0.0,0.0,1.0,0.0,0.0,False,Qwen/Qwen2.5-Coder-7B-Instruct,None
3038@x_name@DESC,Bar,Medium,4.8672,4.8672,1,0.0,0.0,0.0,0.0,0.0,1.0,0.0,0.0,0.0,1.0,0.0,,0.0,False,Qwen/Qwen2.5-Coder-7B-Instruct,None
3038@x_name@DESC,Bar,Medium,4.8672,4.8672,1,0.0,0.0,0.0,0.0,0.0,1.0,0.0,0.0,0.0,1.0,0.0,,0.0,False,Qwen/Qwen2.5-Coder-7B-Instruct,None
3038@x_name@DESC,Bar,Medium,4.8672,4.8672,1,0.0,0.0,0.0,0.0,0.0,1.0,0.0,0.0,0.0,1.0,0.0,,0.0,False,Qwen/Qwen2.5-Coder-7B-Instruct,None
3043@y_name@ASC,Bar,Medium,5.7238,17.1713,3,0.0,0.0,0.0,0.0,0.0,0.0,0.0,0.0,0.0,0.0,1.0,0.0,0.0,False,Qwen/Qwen2.5-Coder-7B-Instruct,None
3043@y_name@ASC,Bar,Medium,5.7238,17.1713,3,0.0,0.0,0.0,0.0,0.0,0.0,0.0,0.0,0.0,0.0,1.0,0.0,0.0,False,Qwen/Qwen2.5-Coder-7B-Instruct,None
3043@y_name@ASC,Bar,Medium,5.7238,17.1713,3,0.0,0.0,0.0,0.0,0.0,0.0,0.0,0.0,0.0,0.0,1.0,0.0,0.0,False,Qwen/Qwen2.5-Coder-7B-Instruct,None
3045@y_name@ASC,Bar,Medium,7.882,23.6459,3,0.0,0.0,0.0,0.0,0.3333333333333333,0.0,0.0,0.0,0.0,0.3333333333333333,0.6666666666666666,0.0,0.0,False,Qwen/Qwen2.5-Coder-7B-Instruct,None
3045@y_name@ASC,Bar,Medium,7.882,23.6459,3,0.0,0.0,0.0,0.0,0.3333333333333333,0.0,0.0,0.0,0.0,0.3333333333333333,0.6666666666666666,0.0,0.0,False,Qwen/Qwen2.5-Coder-7B-Instruct,None
3045@y_name@ASC,Bar,Medium,7.882,23.6459,3,0.0,0.0,0.0,0.0,0.3333333333333333,0.0,0.0,0.0,0.0,0.3333333333333333,0.6666666666666666,0.0,0.0,False,Qwen/Qwen2.5-Coder-7B-Instruct,None
3050@x_name@ASC,Bar,Medium,5.7704,5.7704,1,0.0,0.0,0.0,0.0,0.0,0.0,0.0,0.0,0.0,0.0,1.0,0.0,0.0,False,Qwen/Qwen2.5-Coder-7B-Instruct,None
3050@x_name@ASC,Bar,Medium,5.7704,5.7704,1,0.0,0.0,0.0,0.0,0.0,0.0,0.0,0.0,0.0,0.0,1.0,0.0,0.0,False,Qwen/Qwen2.5-Coder-7B-Instruct,None
3050@x_name@ASC,Bar,Medium,5.7704,5.7704,1,0.0,0.0,0.0,0.0,0.0,0.0,0.0,0.0,0.0,0.0,1.0,0.0,0.0,False,Qwen/Qwen2.5-Coder-7B-Instruct,None
3052@x_name@ASC,Bar,Medium,7.4143,14.8285,2,0.0,0.0,0.0,0.0,0.5,0.0,0.0,0.0,0.0,0.5,0.5,0.0,0.0,False,Qwen/Qwen2.5-Coder-7B-Instruct,None
3052@x_name@ASC,Bar,Medium,7.4143,14.8285,2,0.0,0.0,0.0,0.0,0.5,0.0,0.0,0.0,0.0,0.5,0.5,0.0,0.0,False,Qwen/Qwen2.5-Coder-7B-Instruct,None
3052@x_name@ASC,Bar,Medium,7.4143,14.8285,2,0.0,0.0,0.0,0.0,0.5,0.0,0.0,0.0,0.0,0.5,0.5,0.0,0.0,False,Qwen/Qwen2.5-Coder-7B-Instruct,None
3053@x_name@DESC,Bar,Medium,5.8512,5.8512,1,0.0,0.0,0.0,0.0,0.0,1.0,0.0,0.0,0.0,1.0,0.0,,0.0,False,Qwen/Qwen2.5-Coder-7B-Instruct,None
3053@x_name@DESC,Bar,Medium,5.8512,5.8512,1,0.0,0.0,0.0,0.0,0.0,1.0,0.0,0.0,0.0,1.0,0.0,,0.0,False,Qwen/Qwen2.5-Coder-7B-Instruct,None
3053@x_name@DESC,Bar,Medium,5.8512,5.8512,1,0.0,0.0,0.0,0.0,0.0,1.0,0.0,0.0,0.0,1.0,0.0,,0.0,False,Qwen/Qwen2.5-Coder-7B-Instruct,None
38@x_name@DESC,Bar,Hard,7.0562,7.0562,1,0.0,0.0,0.0,0.0,0.0,0.0,0.0,0.0,0.0,0.0,1.0,0.0,0.0,True,Qwen/Qwen2.5-Coder-7B-Instruct,None
38@x_name@DESC,Bar,Hard,7.0562,7.0562,1,0.0,0.0,0.0,0.0,0.0,0.0,0.0,0.0,0.0,0.0,1.0,0.0,0.0,True,Qwen/Qwen2.5-Coder-7B-Instruct,None
38@x_name@DESC,Bar,Hard,7.0562,7.0562,1,0.0,0.0,0.0,0.0,0.0,0.0,0.0,0.0,0.0,0.0,1.0,0.0,0.0,True,Qwen/Qwen2.5-Coder-7B-Instruct,None
41@y_name@ASC,Bar,Hard,4.794,4.794,1,0.0,0.0,0.0,0.0,0.0,0.0,0.0,0.0,0.0,0.0,1.0,0.0,0.0,False,Qwen/Qwen2.5-Coder-7B-Instruct,None
41@y_name@ASC,Bar,Hard,4.794,4.794,1,0.0,0.0,0.0,0.0,0.0,0.0,0.0,0.0,0.0,0.0,1.0,0.0,0.0,False,Qwen/Qwen2.5-Coder-7B-Instruct,None
41@y_name@ASC,Bar,Hard,4.794,4.794,1,0.0,0.0,0.0,0.0,0.0,0.0,0.0,0.0,0.0,0.0,1.0,0.0,0.0,False,Qwen/Qwen2.5-Coder-7B-Instruct,None
42@y_name@ASC,Bar,Hard,3.8023,7.6046,2,0.0,0.0,0.0,0.0,0.0,0.0,0.0,0.0,0.0,0.0,1.0,0.0,0.0,False,Qwen/Qwen2.5-Coder-7B-Instruct,None
42@y_name@ASC,Bar,Hard,3.8023,7.6046,2,0.0,0.0,0.0,0.0,0.0,0.0,0.0,0.0,0.0,0.0,1.0,0.0,0.0,False,Qwen/Qwen2.5-Coder-7B-Instruct,None
42@y_name@ASC,Bar,Hard,3.8023,7.6046,2,0.0,0.0,0.0,0.0,0.0,0.0,0.0,0.0,0.0,0.0,1.0,0.0,0.0,False,Qwen/Qwen2.5-Coder-7B-Instruct,None
44@y_name@DESC,Bar,Hard,5.3422,5.3422,1,0.0,0.0,0.0,0.0,0.0,0.0,0.0,0.0,0.0,0.0,1.0,0.0,0.0,False,Qwen/Qwen2.5-Coder-7B-Instruct,None
44@y_name@DESC,Bar,Hard,5.3422,5.3422,1,0.0,0.0,0.0,0.0,0.0,0.0,0.0,0.0,0.0,0.0,1.0,0.0,0.0,False,Qwen/Qwen2.5-Coder-7B-Instruct,None
44@y_name@DESC,Bar,Hard,5.3422,5.3422,1,0.0,0.0,0.0,0.0,0.0,0.0,0.0,0.0,0.0,0.0,1.0,0.0,0.0,False,Qwen/Qwen2.5-Coder-7B-Instruct,None
47@y_name@DESC,Bar,Medium,4.0194,12.0582,3,0.0,0.0,0.0,0.0,0.0,0.0,0.0,0.0,0.0,0.0,1.0,0.0,0.0,False,Qwen/Qwen2.5-Coder-7B-Instruct,None
47@y_name@DESC,Bar,Medium,4.0194,12.0582,3,0.0,0.0,0.0,0.0,0.0,0.0,0.0,0.0,0.0,0.0,1.0,0.0,0.0,False,Qwen/Qwen2.5-Coder-7B-Instruct,None
47@y_name@DESC,Bar,Medium,4.0194,12.0582,3,0.0,0.0,0.0,0.0,0.0,0.0,0.0,0.0,0.0,0.0,1.0,0.0,0.0,False,Qwen/Qwen2.5-Coder-7B-Instruct,None
49@y_name@ASC,Bar,Extra Hard,10.2347,20.4695,2,0.0,0.0,0.0,0.0,0.5,0.0,0.0,0.0,0.0,0.5,0.5,0.0,0.0,True,Qwen/Qwen2.5-Coder-7B-Instruct,None
49@y_name@ASC,Bar,Extra Hard,10.2347,20.4695,2,0.0,0.0,0.0,0.0,0.5,0.0,0.0,0.0,0.0,0.5,0.5,0.0,0.0,True,Qwen/Qwen2.5-Coder-7B-Instruct,None
49@y_name@ASC,Bar,Extra Hard,10.2347,20.4695,2,0.0,0.0,0.0,0.0,0.5,0.0,0.0,0.0,0.0,0.5,0.5,0.0,0.0,True,Qwen/Qwen2.5-Coder-7B-Instruct,None
53@x_name@ASC,Bar,Extra Hard,18.3058,18.3058,1,0.0,0.0,0.0,0.0,1.0,0.0,0.0,0.0,0.0,1.0,0.0,,0.0,False,Qwen/Qwen2.5-Coder-7B-Instruct,None
53@x_name@ASC,Bar,Extra Hard,18.3058,18.3058,1,0.0,0.0,0.0,0.0,1.0,0.0,0.0,0.0,0.0,1.0,0.0,,0.0,False,Qwen/Qwen2.5-Coder-7B-Instruct,None
53@x_name@ASC,Bar,Extra Hard,18.3058,18.3058,1,0.0,0.0,0.0,0.0,1.0,0.0,0.0,0.0,0.0,1.0,0.0,,0.0,False,Qwen/Qwen2.5-Coder-7B-Instruct,None
56@y_name@ASC,Bar,Extra Hard,7.7386,7.7386,1,0.0,0.0,0.0,0.0,0.0,1.0,0.0,0.0,0.0,1.0,0.0,,0.0,True,Qwen/Qwen2.5-Coder-7B-Instruct,None
56@y_name@ASC,Bar,Extra Hard,7.7386,7.7386,1,0.0,0.0,0.0,0.0,0.0,1.0,0.0,0.0,0.0,1.0,0.0,,0.0,True,Qwen/Qwen2.5-Coder-7B-Instruct,None
56@y_name@ASC,Bar,Extra Hard,7.7386,7.7386,1,0.0,0.0,0.0,0.0,0.0,1.0,0.0,0.0,0.0,1.0,0.0,,0.0,True,Qwen/Qwen2.5-Coder-7B-Instruct,None
58@y_name@ASC,Bar,Medium,12.9809,77.8852,6,0.16666666666666666,0.0,0.0,0.0,0.0,0.0,0.0,0.0,0.16666666666666666,0.0,0.8333333333333334,0.0,0.0,False,Qwen/Qwen2.5-Coder-7B-Instruct,None
58@y_name@ASC,Bar,Medium,12.9809,77.8852,6,0.16666666666666666,0.0,0.0,0.0,0.0,0.0,0.0,0.0,0.16666666666666666,0.0,0.8333333333333334,0.0,0.0,False,Qwen/Qwen2.5-Coder-7B-Instruct,None
58@y_name@ASC,Bar,Medium,12.9809,77.8852,6,0.16666666666666666,0.0,0.0,0.0,0.0,0.0,0.0,0.0,0.16666666666666666,0.0,0.8333333333333334,0.0,0.0,False,Qwen/Qwen2.5-Coder-7B-Instruct,None
59@y_name@ASC,Bar,Medium,4.7557,23.7785,5,0.0,0.0,0.0,0.0,0.0,0.0,0.0,0.0,0.0,0.0,1.0,0.0,0.0,False,Qwen/Qwen2.5-Coder-7B-Instruct,None
59@y_name@ASC,Bar,Medium,4.7557,23.7785,5,0.0,0.0,0.0,0.0,0.0,0.0,0.0,0.0,0.0,0.0,1.0,0.0,0.0,False,Qwen/Qwen2.5-Coder-7B-Instruct,None
59@y_name@ASC,Bar,Medium,4.7557,23.7785,5,0.0,0.0,0.0,0.0,0.0,0.0,0.0,0.0,0.0,0.0,1.0,0.0,0.0,False,Qwen/Qwen2.5-Coder-7B-Instruct,None
61@y_name@ASC,Bar,Medium,4.1085,16.434,4,0.0,0.0,0.0,0.0,0.0,0.0,0.0,0.0,0.0,0.0,1.0,0.0,0.0,False,Qwen/Qwen2.5-Coder-7B-Instruct,None
61@y_name@ASC,Bar,Medium,4.1085,16.434,4,0.0,0.0,0.0,0.0,0.0,0.0,0.0,0.0,0.0,0.0,1.0,0.0,0.0,False,Qwen/Qwen2.5-Coder-7B-Instruct,None
61@y_name@ASC,Bar,Medium,4.1085,16.434,4,0.0,0.0,0.0,0.0,0.0,0.0,0.0,0.0,0.0,0.0,1.0,0.0,0.0,False,Qwen/Qwen2.5-Coder-7B-Instruct,None
1324@y_name@ASC,Bar,Medium,5.0089,10.0178,2,0.0,0.0,0.0,0.0,0.0,0.0,0.0,0.0,0.0,0.0,1.0,0.0,0.0,False,Qwen/Qwen2.5-Coder-7B-Instruct,None
1324@y_name@ASC,Bar,Medium,5.0089,10.0178,2,0.0,0.0,0.0,0.0,0.0,0.0,0.0,0.0,0.0,0.0,1.0,0.0,0.0,False,Qwen/Qwen2.5-Coder-7B-Instruct,None
1324@y_name@ASC,Bar,Medium,5.0089,10.0178,2,0.0,0.0,0.0,0.0,0.0,0.0,0.0,0.0,0.0,0.0,1.0,0.0,0.0,False,Qwen/Qwen2.5-Coder-7B-Instruct,None
1328@x_name@ASC,Bar,Medium,4.8412,4.8412,1,0.0,0.0,0.0,0.0,0.0,0.0,0.0,0.0,0.0,0.0,1.0,0.0,0.0,False,Qwen/Qwen2.5-Coder-7B-Instruct,None
1328@x_name@ASC,Bar,Medium,4.8412,4.8412,1,0.0,0.0,0.0,0.0,0.0,0.0,0.0,0.0,0.0,0.0,1.0,0.0,0.0,False,Qwen/Qwen2.5-Coder-7B-Instruct,None
1328@x_name@ASC,Bar,Medium,4.8412,4.8412,1,0.0,0.0,0.0,0.0,0.0,0.0,0.0,0.0,0.0,0.0,1.0,0.0,0.0,False,Qwen/Qwen2.5-Coder-7B-Instruct,None
483@x_name@ASC,Bar,Medium,4.5896,9.1791,2,0.0,0.0,0.0,0.0,0.0,1.0,0.0,0.0,0.0,1.0,0.0,,0.0,False,Qwen/Qwen2.5-Coder-7B-Instruct,None
483@x_name@ASC,Bar,Medium,4.5896,9.1791,2,0.0,0.0,0.0,0.0,0.0,1.0,0.0,0.0,0.0,1.0,0.0,,0.0,False,Qwen/Qwen2.5-Coder-7B-Instruct,None
483@x_name@ASC,Bar,Medium,4.5896,9.1791,2,0.0,0.0,0.0,0.0,0.0,1.0,0.0,0.0,0.0,1.0,0.0,,0.0,False,Qwen/Qwen2.5-Coder-7B-Instruct,None
1015@y_name@DESC,Bar,Medium,3.8148,7.6296,2,0.0,0.0,0.0,0.0,0.0,0.0,0.0,0.0,0.0,0.0,1.0,0.0,0.0,False,Qwen/Qwen2.5-Coder-7B-Instruct,None
1015@y_name@DESC,Bar,Medium,3.8148,7.6296,2,0.0,0.0,0.0,0.0,0.0,0.0,0.0,0.0,0.0,0.0,1.0,0.0,0.0,False,Qwen/Qwen2.5-Coder-7B-Instruct,None
1015@y_name@DESC,Bar,Medium,3.8148,7.6296,2,0.0,0.0,0.0,0.0,0.0,0.0,0.0,0.0,0.0,0.0,1.0,0.0,0.0,False,Qwen/Qwen2.5-Coder-7B-Instruct,None
1017@y_name@ASC,Bar,Hard,3.7332,3.7332,1,0.0,0.0,0.0,0.0,0.0,0.0,0.0,0.0,0.0,0.0,1.0,0.0,0.0,True,Qwen/Qwen2.5-Coder-7B-Instruct,None
1017@y_name@ASC,Bar,Hard,3.7332,3.7332,1,0.0,0.0,0.0,0.0,0.0,0.0,0.0,0.0,0.0,0.0,1.0,0.0,0.0,True,Qwen/Qwen2.5-Coder-7B-Instruct,None
1017@y_name@ASC,Bar,Hard,3.7332,3.7332,1,0.0,0.0,0.0,0.0,0.0,0.0,0.0,0.0,0.0,0.0,1.0,0.0,0.0,True,Qwen/Qwen2.5-Coder-7B-Instruct,None
1019@x_name@DESC,Bar,Hard,6.5819,6.5819,1,0.0,0.0,0.0,0.0,0.0,1.0,0.0,0.0,0.0,1.0,0.0,,0.0,True,Qwen/Qwen2.5-Coder-7B-Instruct,None
1019@x_name@DESC,Bar,Hard,6.5819,6.5819,1,0.0,0.0,0.0,0.0,0.0,1.0,0.0,0.0,0.0,1.0,0.0,,0.0,True,Qwen/Qwen2.5-Coder-7B-Instruct,None
1019@x_name@DESC,Bar,Hard,6.5819,6.5819,1,0.0,0.0,0.0,0.0,0.0,1.0,0.0,0.0,0.0,1.0,0.0,,0.0,True,Qwen/Qwen2.5-Coder-7B-Instruct,None
1022@y_name@ASC,Bar,Medium,3.7223,7.4445,2,0.0,0.0,0.0,0.0,0.0,0.0,0.0,0.0,0.0,0.0,1.0,0.0,0.0,False,Qwen/Qwen2.5-Coder-7B-Instruct,None
1022@y_name@ASC,Bar,Medium,3.7223,7.4445,2,0.0,0.0,0.0,0.0,0.0,0.0,0.0,0.0,0.0,0.0,1.0,0.0,0.0,False,Qwen/Qwen2.5-Coder-7B-Instruct,None
1022@y_name@ASC,Bar,Medium,3.7223,7.4445,2,0.0,0.0,0.0,0.0,0.0,0.0,0.0,0.0,0.0,0.0,1.0,0.0,0.0,False,Qwen/Qwen2.5-Coder-7B-Instruct,None
2594@y_name@DESC,Bar,Medium,4.0611,24.3664,6,0.0,0.0,0.0,0.0,0.0,0.0,0.0,0.0,0.0,0.0,1.0,0.0,0.0,False,Qwen/Qwen2.5-Coder-7B-Instruct,None
2594@y_name@DESC,Bar,Medium,4.0611,24.3664,6,0.0,0.0,0.0,0.0,0.0,0.0,0.0,0.0,0.0,0.0,1.0,0.0,0.0,False,Qwen/Qwen2.5-Coder-7B-Instruct,None
2594@y_name@DESC,Bar,Medium,4.0611,24.3664,6,0.0,0.0,0.0,0.0,0.0,0.0,0.0,0.0,0.0,0.0,1.0,0.0,0.0,False,Qwen/Qwen2.5-Coder-7B-Instruct,None
909@y_name@ASC,Bar,Medium,4.6507,18.6029,4,0.0,0.0,0.0,0.0,0.0,0.0,0.0,0.0,0.0,0.0,1.0,0.0,0.0,False,Qwen/Qwen2.5-Coder-7B-Instruct,None
909@y_name@ASC,Bar,Medium,4.6507,18.6029,4,0.0,0.0,0.0,0.0,0.0,0.0,0.0,0.0,0.0,0.0,1.0,0.0,0.0,False,Qwen/Qwen2.5-Coder-7B-Instruct,None
909@y_name@ASC,Bar,Medium,4.6507,18.6029,4,0.0,0.0,0.0,0.0,0.0,0.0,0.0,0.0,0.0,0.0,1.0,0.0,0.0,False,Qwen/Qwen2.5-Coder-7B-Instruct,None
911@y_name@DESC,Bar,Hard,6.4668,19.4005,3,0.0,0.0,0.0,0.0,0.0,0.0,0.0,0.0,0.0,0.0,1.0,0.0,0.0,True,Qwen/Qwen2.5-Coder-7B-Instruct,None
911@y_name@DESC,Bar,Hard,6.4668,19.4005,3,0.0,0.0,0.0,0.0,0.0,0.0,0.0,0.0,0.0,0.0,1.0,0.0,0.0,True,Qwen/Qwen2.5-Coder-7B-Instruct,None
911@y_name@DESC,Bar,Hard,6.4668,19.4005,3,0.0,0.0,0.0,0.0,0.0,0.0,0.0,0.0,0.0,0.0,1.0,0.0,0.0,True,Qwen/Qwen2.5-Coder-7B-Instruct,None
690@y_name@DESC,Bar,Medium,4.2486,21.2429,5,0.0,0.0,0.0,0.0,0.0,0.0,0.0,0.0,0.0,0.0,1.0,0.0,0.0,False,Qwen/Qwen2.5-Coder-7B-Instruct,None
690@y_name@DESC,Bar,Medium,4.2486,21.2429,5,0.0,0.0,0.0,0.0,0.0,0.0,0.0,0.0,0.0,0.0,1.0,0.0,0.0,False,Qwen/Qwen2.5-Coder-7B-Instruct,None
690@y_name@DESC,Bar,Medium,4.2486,21.2429,5,0.0,0.0,0.0,0.0,0.0,0.0,0.0,0.0,0.0,0.0,1.0,0.0,0.0,False,Qwen/Qwen2.5-Coder-7B-Instruct,None
692@x_name@ASC,Bar,Extra Hard,8.9402,8.9402,1,0.0,0.0,0.0,0.0,0.0,1.0,0.0,0.0,0.0,1.0,0.0,,0.0,True,Qwen/Qwen2.5-Coder-7B-Instruct,None
692@x_name@ASC,Bar,Extra Hard,8.9402,8.9402,1,0.0,0.0,0.0,0.0,0.0,1.0,0.0,0.0,0.0,1.0,0.0,,0.0,True,Qwen/Qwen2.5-Coder-7B-Instruct,None
692@x_name@ASC,Bar,Extra Hard,8.9402,8.9402,1,0.0,0.0,0.0,0.0,0.0,1.0,0.0,0.0,0.0,1.0,0.0,,0.0,True,Qwen/Qwen2.5-Coder-7B-Instruct,None
700@x_name@DESC,Bar,Hard,9.0341,27.1024,3,0.0,0.0,0.0,0.0,0.0,0.3333333333333333,0.0,0.0,0.0,0.3333333333333333,0.6666666666666666,0.0,0.0,True,Qwen/Qwen2.5-Coder-7B-Instruct,None
700@x_name@DESC,Bar,Hard,9.0341,27.1024,3,0.0,0.0,0.0,0.0,0.0,0.3333333333333333,0.0,0.0,0.0,0.3333333333333333,0.6666666666666666,0.0,0.0,True,Qwen/Qwen2.5-Coder-7B-Instruct,None
700@x_name@DESC,Bar,Hard,9.0341,27.1024,3,0.0,0.0,0.0,0.0,0.0,0.3333333333333333,0.0,0.0,0.0,0.3333333333333333,0.6666666666666666,0.0,0.0,True,Qwen/Qwen2.5-Coder-7B-Instruct,None
816@y_name@DESC,Bar,Hard,6.4486,6.4486,1,0.0,0.0,0.0,0.0,0.0,0.0,0.0,0.0,0.0,0.0,1.0,0.0,0.0,True,Qwen/Qwen2.5-Coder-7B-Instruct,None
816@y_name@DESC,Bar,Hard,6.4486,6.4486,1,0.0,0.0,0.0,0.0,0.0,0.0,0.0,0.0,0.0,0.0,1.0,0.0,0.0,True,Qwen/Qwen2.5-Coder-7B-Instruct,None
816@y_name@DESC,Bar,Hard,6.4486,6.4486,1,0.0,0.0,0.0,0.0,0.0,0.0,0.0,0.0,0.0,0.0,1.0,0.0,0.0,True,Qwen/Qwen2.5-Coder-7B-Instruct,None
827@y_name@ASC,Bar,Medium,5.7713,28.8566,5,0.0,0.0,0.0,0.0,0.0,0.0,0.0,0.0,0.0,0.0,1.0,0.0,0.0,False,Qwen/Qwen2.5-Coder-7B-Instruct,None
827@y_name@ASC,Bar,Medium,5.7713,28.8566,5,0.0,0.0,0.0,0.0,0.0,0.0,0.0,0.0,0.0,0.0,1.0,0.0,0.0,False,Qwen/Qwen2.5-Coder-7B-Instruct,None
827@y_name@ASC,Bar,Medium,5.7713,28.8566,5,0.0,0.0,0.0,0.0,0.0,0.0,0.0,0.0,0.0,0.0,1.0,0.0,0.0,False,Qwen/Qwen2.5-Coder-7B-Instruct,None
829@x_name@ASC,Bar,Medium,4.163,12.4891,3,0.0,0.0,0.0,0.0,0.0,1.0,0.0,0.0,0.0,1.0,0.0,,0.0,False,Qwen/Qwen2.5-Coder-7B-Instruct,None
829@x_name@ASC,Bar,Medium,4.163,12.4891,3,0.0,0.0,0.0,0.0,0.0,1.0,0.0,0.0,0.0,1.0,0.0,,0.0,False,Qwen/Qwen2.5-Coder-7B-Instruct,None
829@x_name@ASC,Bar,Medium,4.163,12.4891,3,0.0,0.0,0.0,0.0,0.0,1.0,0.0,0.0,0.0,1.0,0.0,,0.0,False,Qwen/Qwen2.5-Coder-7B-Instruct,None
833@y_name@DESC,Bar,Hard,6.9854,13.9708,2,0.0,0.0,0.0,0.0,0.0,0.0,0.0,0.0,0.0,0.0,1.0,0.0,0.0,True,Qwen/Qwen2.5-Coder-7B-Instruct,None
833@y_name@DESC,Bar,Hard,6.9854,13.9708,2,0.0,0.0,0.0,0.0,0.0,0.0,0.0,0.0,0.0,0.0,1.0,0.0,0.0,True,Qwen/Qwen2.5-Coder-7B-Instruct,None
833@y_name@DESC,Bar,Hard,6.9854,13.9708,2,0.0,0.0,0.0,0.0,0.0,0.0,0.0,0.0,0.0,0.0,1.0,0.0,0.0,True,Qwen/Qwen2.5-Coder-7B-Instruct,None
847@y_name@DESC,Bar,Hard,3.93,7.86,2,0.0,0.0,0.0,0.0,0.0,0.0,0.0,0.0,0.0,0.0,1.0,0.0,0.0,True,Qwen/Qwen2.5-Coder-7B-Instruct,None
847@y_name@DESC,Bar,Hard,3.93,7.86,2,0.0,0.0,0.0,0.0,0.0,0.0,0.0,0.0,0.0,0.0,1.0,0.0,0.0,True,Qwen/Qwen2.5-Coder-7B-Instruct,None
847@y_name@DESC,Bar,Hard,3.93,7.86,2,0.0,0.0,0.0,0.0,0.0,0.0,0.0,0.0,0.0,0.0,1.0,0.0,0.0,True,Qwen/Qwen2.5-Coder-7B-Instruct,None
851@y_name@DESC,Stacked Bar,Extra Hard,21.5568,43.1136,2,0.5,0.0,0.0,0.0,0.5,0.0,0.0,0.0,0.5,0.5,0.0,,0.0,True,Qwen/Qwen2.5-Coder-7B-Instruct,None
851@y_name@DESC,Stacked Bar,Extra Hard,21.5568,43.1136,2,0.5,0.0,0.0,0.0,0.5,0.0,0.0,0.0,0.5,0.5,0.0,,0.0,True,Qwen/Qwen2.5-Coder-7B-Instruct,None
851@y_name@DESC,Stacked Bar,Extra Hard,21.5568,43.1136,2,0.5,0.0,0.0,0.0,0.5,0.0,0.0,0.0,0.5,0.5,0.0,,0.0,True,Qwen/Qwen2.5-Coder-7B-Instruct,None
853@y_name@DESC,Bar,Extra Hard,14.1778,14.1778,1,0.0,1.0,0.0,0.0,0.0,0.0,0.0,0.0,1.0,0.0,0.0,,0.0,True,Qwen/Qwen2.5-Coder-7B-Instruct,None
853@y_name@DESC,Bar,Extra Hard,14.1778,14.1778,1,0.0,1.0,0.0,0.0,0.0,0.0,0.0,0.0,1.0,0.0,0.0,,0.0,True,Qwen/Qwen2.5-Coder-7B-Instruct,None
853@y_name@DESC,Bar,Extra Hard,14.1778,14.1778,1,0.0,1.0,0.0,0.0,0.0,0.0,0.0,0.0,1.0,0.0,0.0,,0.0,True,Qwen/Qwen2.5-Coder-7B-Instruct,None
1987@x_name@ASC,Bar,Medium,3.8025,3.8025,1,0.0,0.0,0.0,0.0,0.0,0.0,0.0,0.0,0.0,0.0,1.0,0.0,0.0,False,Qwen/Qwen2.5-Coder-7B-Instruct,None
1987@x_name@ASC,Bar,Medium,3.8025,3.8025,1,0.0,0.0,0.0,0.0,0.0,0.0,0.0,0.0,0.0,0.0,1.0,0.0,0.0,False,Qwen/Qwen2.5-Coder-7B-Instruct,None
1987@x_name@ASC,Bar,Medium,3.8025,3.8025,1,0.0,0.0,0.0,0.0,0.0,0.0,0.0,0.0,0.0,0.0,1.0,0.0,0.0,False,Qwen/Qwen2.5-Coder-7B-Instruct,None
1991@y_name@DESC,Bar,Hard,24.0977,48.1953,2,1.0,0.0,0.0,0.0,0.0,0.0,0.0,0.0,1.0,0.0,0.0,,0.0,False,Qwen/Qwen2.5-Coder-7B-Instruct,None
1991@y_name@DESC,Bar,Hard,24.0977,48.1953,2,1.0,0.0,0.0,0.0,0.0,0.0,0.0,0.0,1.0,0.0,0.0,,0.0,False,Qwen/Qwen2.5-Coder-7B-Instruct,None
1991@y_name@DESC,Bar,Hard,24.0977,48.1953,2,1.0,0.0,0.0,0.0,0.0,0.0,0.0,0.0,1.0,0.0,0.0,,0.0,False,Qwen/Qwen2.5-Coder-7B-Instruct,None
2010@x_name@DESC,Bar,Medium,212.4117,424.8234,2,0.0,0.0,0.0,0.0,0.0,1.0,0.0,0.0,0.0,1.0,0.0,,0.0,False,Qwen/Qwen2.5-Coder-7B-Instruct,None
2010@x_name@DESC,Bar,Medium,212.4117,424.8234,2,0.0,0.0,0.0,0.0,0.0,1.0,0.0,0.0,0.0,1.0,0.0,,0.0,False,Qwen/Qwen2.5-Coder-7B-Instruct,None
2010@x_name@DESC,Bar,Medium,212.4117,424.8234,2,0.0,0.0,0.0,0.0,0.0,1.0,0.0,0.0,0.0,1.0,0.0,,0.0,False,Qwen/Qwen2.5-Coder-7B-Instruct,None
2024@y_name@DESC,Bar,Hard,5.9057,11.8114,2,0.0,0.0,0.0,0.0,0.0,0.0,0.0,0.0,0.0,0.0,1.0,0.0,0.0,False,Qwen/Qwen2.5-Coder-7B-Instruct,None
2024@y_name@DESC,Bar,Hard,5.9057,11.8114,2,0.0,0.0,0.0,0.0,0.0,0.0,0.0,0.0,0.0,0.0,1.0,0.0,0.0,False,Qwen/Qwen2.5-Coder-7B-Instruct,None
2024@y_name@DESC,Bar,Hard,5.9057,11.8114,2,0.0,0.0,0.0,0.0,0.0,0.0,0.0,0.0,0.0,0.0,1.0,0.0,0.0,False,Qwen/Qwen2.5-Coder-7B-Instruct,None
2028@y_name@DESC,Bar,Hard,27.0469,27.0469,1,0.0,0.0,0.0,0.0,1.0,0.0,0.0,0.0,0.0,1.0,0.0,,0.0,False,Qwen/Qwen2.5-Coder-7B-Instruct,None
2028@y_name@DESC,Bar,Hard,27.0469,27.0469,1,0.0,0.0,0.0,0.0,1.0,0.0,0.0,0.0,0.0,1.0,0.0,,0.0,False,Qwen/Qwen2.5-Coder-7B-Instruct,None
2028@y_name@DESC,Bar,Hard,27.0469,27.0469,1,0.0,0.0,0.0,0.0,1.0,0.0,0.0,0.0,0.0,1.0,0.0,,0.0,False,Qwen/Qwen2.5-Coder-7B-Instruct,None
2030@y_name@ASC,Bar,Medium,7.6711,23.0133,3,0.0,0.0,0.0,0.0,0.0,1.0,0.0,0.0,0.0,1.0,0.0,,0.0,False,Qwen/Qwen2.5-Coder-7B-Instruct,None
2030@y_name@ASC,Bar,Medium,7.6711,23.0133,3,0.0,0.0,0.0,0.0,0.0,1.0,0.0,0.0,0.0,1.0,0.0,,0.0,False,Qwen/Qwen2.5-Coder-7B-Instruct,None
2030@y_name@ASC,Bar,Medium,7.6711,23.0133,3,0.0,0.0,0.0,0.0,0.0,1.0,0.0,0.0,0.0,1.0,0.0,,0.0,False,Qwen/Qwen2.5-Coder-7B-Instruct,None
2031@y_name@ASC,Bar,Hard,5.1569,10.3137,2,0.0,0.0,0.0,0.0,0.0,0.0,0.0,0.0,0.0,0.0,1.0,0.0,0.0,False,Qwen/Qwen2.5-Coder-7B-Instruct,None
2031@y_name@ASC,Bar,Hard,5.1569,10.3137,2,0.0,0.0,0.0,0.0,0.0,0.0,0.0,0.0,0.0,0.0,1.0,0.0,0.0,False,Qwen/Qwen2.5-Coder-7B-Instruct,None
2031@y_name@ASC,Bar,Hard,5.1569,10.3137,2,0.0,0.0,0.0,0.0,0.0,0.0,0.0,0.0,0.0,0.0,1.0,0.0,0.0,False,Qwen/Qwen2.5-Coder-7B-Instruct,None
709@y_name@DESC,Bar,Medium,3.7944,7.5888,2,0.0,0.0,0.0,0.0,0.0,0.0,0.0,0.0,0.0,0.0,1.0,0.0,0.0,False,Qwen/Qwen2.5-Coder-7B-Instruct,None
709@y_name@DESC,Bar,Medium,3.7944,7.5888,2,0.0,0.0,0.0,0.0,0.0,0.0,0.0,0.0,0.0,0.0,1.0,0.0,0.0,False,Qwen/Qwen2.5-Coder-7B-Instruct,None
709@y_name@DESC,Bar,Medium,3.7944,7.5888,2,0.0,0.0,0.0,0.0,0.0,0.0,0.0,0.0,0.0,0.0,1.0,0.0,0.0,False,Qwen/Qwen2.5-Coder-7B-Instruct,None
171@x_name@DESC,Line,Medium,7.9809,15.9617,2,0.0,0.0,0.0,0.0,0.0,0.0,0.0,0.0,0.0,0.0,1.0,0.0,0.0,False,Qwen/Qwen2.5-Coder-7B-Instruct,None
171@x_name@DESC,Line,Medium,7.9809,15.9617,2,0.0,0.0,0.0,0.0,0.0,0.0,0.0,0.0,0.0,0.0,1.0,0.0,0.0,False,Qwen/Qwen2.5-Coder-7B-Instruct,None
171@x_name@DESC,Line,Medium,7.9809,15.9617,2,0.0,0.0,0.0,0.0,0.0,0.0,0.0,0.0,0.0,0.0,1.0,0.0,0.0,False,Qwen/Qwen2.5-Coder-7B-Instruct,None
2451@y_name@ASC,Bar,Medium,4.7549,9.5097,2,0.0,0.0,0.0,0.0,0.0,0.0,0.0,0.0,0.0,0.0,1.0,0.0,0.0,False,Qwen/Qwen2.5-Coder-7B-Instruct,None
2451@y_name@ASC,Bar,Medium,4.7549,9.5097,2,0.0,0.0,0.0,0.0,0.0,0.0,0.0,0.0,0.0,0.0,1.0,0.0,0.0,False,Qwen/Qwen2.5-Coder-7B-Instruct,None
2451@y_name@ASC,Bar,Medium,4.7549,9.5097,2,0.0,0.0,0.0,0.0,0.0,0.0,0.0,0.0,0.0,0.0,1.0,0.0,0.0,False,Qwen/Qwen2.5-Coder-7B-Instruct,None
2453@y_name@DESC,Bar,Medium,4.7005,23.5027,5,0.0,0.0,0.0,0.0,0.0,0.0,0.0,0.0,0.0,0.0,1.0,0.0,0.0,False,Qwen/Qwen2.5-Coder-7B-Instruct,None
2453@y_name@DESC,Bar,Medium,4.7005,23.5027,5,0.0,0.0,0.0,0.0,0.0,0.0,0.0,0.0,0.0,0.0,1.0,0.0,0.0,False,Qwen/Qwen2.5-Coder-7B-Instruct,None
2453@y_name@DESC,Bar,Medium,4.7005,23.5027,5,0.0,0.0,0.0,0.0,0.0,0.0,0.0,0.0,0.0,0.0,1.0,0.0,0.0,False,Qwen/Qwen2.5-Coder-7B-Instruct,None
2454@y_name@DESC,Bar,Hard,6.7515,6.7515,1,0.0,0.0,0.0,0.0,1.0,0.0,0.0,0.0,0.0,1.0,0.0,,0.0,True,Qwen/Qwen2.5-Coder-7B-Instruct,None
2454@y_name@DESC,Bar,Hard,6.7515,6.7515,1,0.0,0.0,0.0,0.0,1.0,0.0,0.0,0.0,0.0,1.0,0.0,,0.0,True,Qwen/Qwen2.5-Coder-7B-Instruct,None
2454@y_name@DESC,Bar,Hard,6.7515,6.7515,1,0.0,0.0,0.0,0.0,1.0,0.0,0.0,0.0,0.0,1.0,0.0,,0.0,True,Qwen/Qwen2.5-Coder-7B-Instruct,None
2455@x_name@ASC,Bar,Hard,7.5381,22.6144,3,0.0,0.0,0.0,0.0,0.0,0.6666666666666666,0.0,0.0,0.0,0.6666666666666666,0.3333333333333333,0.0,0.0,True,Qwen/Qwen2.5-Coder-7B-Instruct,None
2455@x_name@ASC,Bar,Hard,7.5381,22.6144,3,0.0,0.0,0.0,0.0,0.0,0.6666666666666666,0.0,0.0,0.0,0.6666666666666666,0.3333333333333333,0.0,0.0,True,Qwen/Qwen2.5-Coder-7B-Instruct,None
2455@x_name@ASC,Bar,Hard,7.5381,22.6144,3,0.0,0.0,0.0,0.0,0.0,0.6666666666666666,0.0,0.0,0.0,0.6666666666666666,0.3333333333333333,0.0,0.0,True,Qwen/Qwen2.5-Coder-7B-Instruct,None
2456@y_name@ASC,Bar,Hard,7.1914,35.9569,5,0.0,0.0,0.0,0.0,0.0,0.0,0.0,0.0,0.0,0.0,1.0,0.0,0.0,True,Qwen/Qwen2.5-Coder-7B-Instruct,None
2456@y_name@ASC,Bar,Hard,7.1914,35.9569,5,0.0,0.0,0.0,0.0,0.0,0.0,0.0,0.0,0.0,0.0,1.0,0.0,0.0,True,Qwen/Qwen2.5-Coder-7B-Instruct,None
2456@y_name@ASC,Bar,Hard,7.1914,35.9569,5,0.0,0.0,0.0,0.0,0.0,0.0,0.0,0.0,0.0,0.0,1.0,0.0,0.0,True,Qwen/Qwen2.5-Coder-7B-Instruct,None
486@y_name@DESC,Bar,Medium,113.7637,455.0546,4,0.25,0.0,0.0,0.0,0.25,0.0,0.0,0.0,0.25,0.25,0.5,0.0,0.0,True,Qwen/Qwen2.5-Coder-7B-Instruct,None
486@y_name@DESC,Bar,Medium,113.7637,455.0546,4,0.25,0.0,0.0,0.0,0.25,0.0,0.0,0.0,0.25,0.25,0.5,0.0,0.0,True,Qwen/Qwen2.5-Coder-7B-Instruct,None
486@y_name@DESC,Bar,Medium,113.7637,455.0546,4,0.25,0.0,0.0,0.0,0.25,0.0,0.0,0.0,0.25,0.25,0.5,0.0,0.0,True,Qwen/Qwen2.5-Coder-7B-Instruct,None
490@y_name@ASC,Bar,Hard,6.6387,26.555,4,0.0,0.0,0.0,0.0,0.0,0.0,0.0,0.0,0.0,0.0,1.0,0.0,0.0,False,Qwen/Qwen2.5-Coder-7B-Instruct,None
490@y_name@ASC,Bar,Hard,6.6387,26.555,4,0.0,0.0,0.0,0.0,0.0,0.0,0.0,0.0,0.0,0.0,1.0,0.0,0.0,False,Qwen/Qwen2.5-Coder-7B-Instruct,None
490@y_name@ASC,Bar,Hard,6.6387,26.555,4,0.0,0.0,0.0,0.0,0.0,0.0,0.0,0.0,0.0,0.0,1.0,0.0,0.0,False,Qwen/Qwen2.5-Coder-7B-Instruct,None
2904@y_name@DESC,Bar,Medium,10.688,42.752,4,0.0,0.0,0.0,0.0,0.0,0.0,0.0,0.0,0.0,0.0,1.0,0.0,0.0,False,Qwen/Qwen2.5-Coder-7B-Instruct,None
2904@y_name@DESC,Bar,Medium,10.688,42.752,4,0.0,0.0,0.0,0.0,0.0,0.0,0.0,0.0,0.0,0.0,1.0,0.0,0.0,False,Qwen/Qwen2.5-Coder-7B-Instruct,None
2904@y_name@DESC,Bar,Medium,10.688,42.752,4,0.0,0.0,0.0,0.0,0.0,0.0,0.0,0.0,0.0,0.0,1.0,0.0,0.0,False,Qwen/Qwen2.5-Coder-7B-Instruct,None
2909@x_name@ASC,Bar,Medium,6.175,18.5249,3,0.0,0.0,0.0,0.0,0.0,0.3333333333333333,0.0,0.0,0.0,0.3333333333333333,0.6666666666666666,0.0,0.0,False,Qwen/Qwen2.5-Coder-7B-Instruct,None
2909@x_name@ASC,Bar,Medium,6.175,18.5249,3,0.0,0.0,0.0,0.0,0.0,0.3333333333333333,0.0,0.0,0.0,0.3333333333333333,0.6666666666666666,0.0,0.0,False,Qwen/Qwen2.5-Coder-7B-Instruct,None
2909@x_name@ASC,Bar,Medium,6.175,18.5249,3,0.0,0.0,0.0,0.0,0.0,0.3333333333333333,0.0,0.0,0.0,0.3333333333333333,0.6666666666666666,0.0,0.0,False,Qwen/Qwen2.5-Coder-7B-Instruct,None
2915@y_name@ASC,Bar,Easy,8.5025,17.0049,2,0.0,0.0,0.0,0.0,0.0,0.0,0.0,0.0,0.0,0.0,1.0,0.0,0.0,False,Qwen/Qwen2.5-Coder-7B-Instruct,None
2915@y_name@ASC,Bar,Easy,8.5025,17.0049,2,0.0,0.0,0.0,0.0,0.0,0.0,0.0,0.0,0.0,0.0,1.0,0.0,0.0,False,Qwen/Qwen2.5-Coder-7B-Instruct,None
2915@y_name@ASC,Bar,Easy,8.5025,17.0049,2,0.0,0.0,0.0,0.0,0.0,0.0,0.0,0.0,0.0,0.0,1.0,0.0,0.0,False,Qwen/Qwen2.5-Coder-7B-Instruct,None
2931@y_name@DESC,Bar,Extra Hard,11.9138,23.8275,2,0.0,0.0,0.0,0.0,1.0,0.0,0.0,0.0,0.0,1.0,0.0,,0.0,True,Qwen/Qwen2.5-Coder-7B-Instruct,None
2931@y_name@DESC,Bar,Extra Hard,11.9138,23.8275,2,0.0,0.0,0.0,0.0,1.0,0.0,0.0,0.0,0.0,1.0,0.0,,0.0,True,Qwen/Qwen2.5-Coder-7B-Instruct,None
2931@y_name@DESC,Bar,Extra Hard,11.9138,23.8275,2,0.0,0.0,0.0,0.0,1.0,0.0,0.0,0.0,0.0,1.0,0.0,,0.0,True,Qwen/Qwen2.5-Coder-7B-Instruct,None
920@y_name@ASC,Bar,Extra Hard,26.8288,53.6576,2,1.0,0.0,0.0,0.0,0.0,0.0,0.0,0.0,1.0,0.0,0.0,,0.0,True,Qwen/Qwen2.5-Coder-7B-Instruct,None
920@y_name@ASC,Bar,Extra Hard,26.8288,53.6576,2,1.0,0.0,0.0,0.0,0.0,0.0,0.0,0.0,1.0,0.0,0.0,,0.0,True,Qwen/Qwen2.5-Coder-7B-Instruct,None
920@y_name@ASC,Bar,Extra Hard,26.8288,53.6576,2,1.0,0.0,0.0,0.0,0.0,0.0,0.0,0.0,1.0,0.0,0.0,,0.0,True,Qwen/Qwen2.5-Coder-7B-Instruct,None
921@y_name@DESC,Stacked Bar,Hard,6.9628,6.9628,1,0.0,0.0,0.0,0.0,1.0,0.0,0.0,0.0,0.0,1.0,0.0,,0.0,True,Qwen/Qwen2.5-Coder-7B-Instruct,None
921@y_name@DESC,Stacked Bar,Hard,6.9628,6.9628,1,0.0,0.0,0.0,0.0,1.0,0.0,0.0,0.0,0.0,1.0,0.0,,0.0,True,Qwen/Qwen2.5-Coder-7B-Instruct,None
921@y_name@DESC,Stacked Bar,Hard,6.9628,6.9628,1,0.0,0.0,0.0,0.0,1.0,0.0,0.0,0.0,0.0,1.0,0.0,,0.0,True,Qwen/Qwen2.5-Coder-7B-Instruct,None
2985@y_name@DESC,Stacked Bar,Extra Hard,28.5268,28.5268,1,1.0,0.0,0.0,0.0,0.0,0.0,0.0,0.0,1.0,0.0,0.0,,0.0,True,Qwen/Qwen2.5-Coder-7B-Instruct,None
2985@y_name@DESC,Stacked Bar,Extra Hard,28.5268,28.5268,1,1.0,0.0,0.0,0.0,0.0,0.0,0.0,0.0,1.0,0.0,0.0,,0.0,True,Qwen/Qwen2.5-Coder-7B-Instruct,None
2985@y_name@DESC,Stacked Bar,Extra Hard,28.5268,28.5268,1,1.0,0.0,0.0,0.0,0.0,0.0,0.0,0.0,1.0,0.0,0.0,,0.0,True,Qwen/Qwen2.5-Coder-7B-Instruct,None
2993@y_name@ASC,Bar,Medium,3.6383,7.2765,2,0.0,0.0,0.0,0.0,0.0,0.0,0.0,0.0,0.0,0.0,1.0,0.0,0.0,False,Qwen/Qwen2.5-Coder-7B-Instruct,None
2993@y_name@ASC,Bar,Medium,3.6383,7.2765,2,0.0,0.0,0.0,0.0,0.0,0.0,0.0,0.0,0.0,0.0,1.0,0.0,0.0,False,Qwen/Qwen2.5-Coder-7B-Instruct,None
2993@y_name@ASC,Bar,Medium,3.6383,7.2765,2,0.0,0.0,0.0,0.0,0.0,0.0,0.0,0.0,0.0,0.0,1.0,0.0,0.0,False,Qwen/Qwen2.5-Coder-7B-Instruct,None
3001@x_name@ASC,Bar,Extra Hard,6.9091,13.8181,2,0.0,0.0,0.0,0.0,0.0,0.5,0.0,0.0,0.0,0.5,0.5,0.0,0.0,True,Qwen/Qwen2.5-Coder-7B-Instruct,None
3001@x_name@ASC,Bar,Extra Hard,6.9091,13.8181,2,0.0,0.0,0.0,0.0,0.0,0.5,0.0,0.0,0.0,0.5,0.5,0.0,0.0,True,Qwen/Qwen2.5-Coder-7B-Instruct,None
3001@x_name@ASC,Bar,Extra Hard,6.9091,13.8181,2,0.0,0.0,0.0,0.0,0.0,0.5,0.0,0.0,0.0,0.5,0.5,0.0,0.0,True,Qwen/Qwen2.5-Coder-7B-Instruct,None
3002@y_name@ASC,Bar,Medium,3.7096,7.4192,2,0.0,0.0,0.0,0.0,0.0,0.0,0.0,0.0,0.0,0.0,1.0,0.0,0.0,False,Qwen/Qwen2.5-Coder-7B-Instruct,None
3002@y_name@ASC,Bar,Medium,3.7096,7.4192,2,0.0,0.0,0.0,0.0,0.0,0.0,0.0,0.0,0.0,0.0,1.0,0.0,0.0,False,Qwen/Qwen2.5-Coder-7B-Instruct,None
3002@y_name@ASC,Bar,Medium,3.7096,7.4192,2,0.0,0.0,0.0,0.0,0.0,0.0,0.0,0.0,0.0,0.0,1.0,0.0,0.0,False,Qwen/Qwen2.5-Coder-7B-Instruct,None
3005@x_name@ASC,Bar,Medium,4.5513,9.1025,2,0.0,0.0,0.0,0.0,0.0,0.0,0.0,0.0,0.0,0.0,1.0,0.0,0.0,False,Qwen/Qwen2.5-Coder-7B-Instruct,None
3005@x_name@ASC,Bar,Medium,4.5513,9.1025,2,0.0,0.0,0.0,0.0,0.0,0.0,0.0,0.0,0.0,0.0,1.0,0.0,0.0,False,Qwen/Qwen2.5-Coder-7B-Instruct,None
3005@x_name@ASC,Bar,Medium,4.5513,9.1025,2,0.0,0.0,0.0,0.0,0.0,0.0,0.0,0.0,0.0,0.0,1.0,0.0,0.0,False,Qwen/Qwen2.5-Coder-7B-Instruct,None
3007@y_name@ASC,Bar,Medium,22.3344,22.3344,1,1.0,0.0,0.0,0.0,0.0,0.0,0.0,0.0,1.0,0.0,0.0,,0.0,False,Qwen/Qwen2.5-Coder-7B-Instruct,None
3007@y_name@ASC,Bar,Medium,22.3344,22.3344,1,1.0,0.0,0.0,0.0,0.0,0.0,0.0,0.0,1.0,0.0,0.0,,0.0,False,Qwen/Qwen2.5-Coder-7B-Instruct,None
3007@y_name@ASC,Bar,Medium,22.3344,22.3344,1,1.0,0.0,0.0,0.0,0.0,0.0,0.0,0.0,1.0,0.0,0.0,,0.0,False,Qwen/Qwen2.5-Coder-7B-Instruct,None
3014@y_name@ASC,Bar,Extra Hard,7.503,7.503,1,0.0,0.0,0.0,0.0,0.0,0.0,0.0,0.0,0.0,0.0,1.0,0.0,0.0,True,Qwen/Qwen2.5-Coder-7B-Instruct,None
3014@y_name@ASC,Bar,Extra Hard,7.503,7.503,1,0.0,0.0,0.0,0.0,0.0,0.0,0.0,0.0,0.0,0.0,1.0,0.0,0.0,True,Qwen/Qwen2.5-Coder-7B-Instruct,None
3014@y_name@ASC,Bar,Extra Hard,7.503,7.503,1,0.0,0.0,0.0,0.0,0.0,0.0,0.0,0.0,0.0,0.0,1.0,0.0,0.0,True,Qwen/Qwen2.5-Coder-7B-Instruct,None
3015@x_name@DESC,Bar,Extra Hard,7.4968,7.4968,1,0.0,0.0,0.0,0.0,0.0,1.0,0.0,0.0,0.0,1.0,0.0,,0.0,True,Qwen/Qwen2.5-Coder-7B-Instruct,None
3015@x_name@DESC,Bar,Extra Hard,7.4968,7.4968,1,0.0,0.0,0.0,0.0,0.0,1.0,0.0,0.0,0.0,1.0,0.0,,0.0,True,Qwen/Qwen2.5-Coder-7B-Instruct,None
3015@x_name@DESC,Bar,Extra Hard,7.4968,7.4968,1,0.0,0.0,0.0,0.0,0.0,1.0,0.0,0.0,0.0,1.0,0.0,,0.0,True,Qwen/Qwen2.5-Coder-7B-Instruct,None
3022@x_name@DESC,Bar,Extra Hard,6.7814,6.7814,1,0.0,0.0,0.0,0.0,0.0,1.0,0.0,0.0,0.0,1.0,0.0,,0.0,True,Qwen/Qwen2.5-Coder-7B-Instruct,None
3022@x_name@DESC,Bar,Extra Hard,6.7814,6.7814,1,0.0,0.0,0.0,0.0,0.0,1.0,0.0,0.0,0.0,1.0,0.0,,0.0,True,Qwen/Qwen2.5-Coder-7B-Instruct,None
3022@x_name@DESC,Bar,Extra Hard,6.7814,6.7814,1,0.0,0.0,0.0,0.0,0.0,1.0,0.0,0.0,0.0,1.0,0.0,,0.0,True,Qwen/Qwen2.5-Coder-7B-Instruct,None
1462@x_name@ASC,Bar,Medium,4.6577,4.6577,1,0.0,0.0,0.0,0.0,0.0,1.0,0.0,0.0,0.0,1.0,0.0,,0.0,False,Qwen/Qwen2.5-Coder-7B-Instruct,None
1462@x_name@ASC,Bar,Medium,4.6577,4.6577,1,0.0,0.0,0.0,0.0,0.0,1.0,0.0,0.0,0.0,1.0,0.0,,0.0,False,Qwen/Qwen2.5-Coder-7B-Instruct,None
1462@x_name@ASC,Bar,Medium,4.6577,4.6577,1,0.0,0.0,0.0,0.0,0.0,1.0,0.0,0.0,0.0,1.0,0.0,,0.0,False,Qwen/Qwen2.5-Coder-7B-Instruct,None
1470@y_name@ASC,Bar,Extra Hard,7.622,22.8659,3,0.0,0.0,0.0,0.0,0.0,0.0,0.0,0.0,0.0,0.0,1.0,0.0,0.0,True,Qwen/Qwen2.5-Coder-7B-Instruct,None
1470@y_name@ASC,Bar,Extra Hard,7.622,22.8659,3,0.0,0.0,0.0,0.0,0.0,0.0,0.0,0.0,0.0,0.0,1.0,0.0,0.0,True,Qwen/Qwen2.5-Coder-7B-Instruct,None
1470@y_name@ASC,Bar,Extra Hard,7.622,22.8659,3,0.0,0.0,0.0,0.0,0.0,0.0,0.0,0.0,0.0,0.0,1.0,0.0,0.0,True,Qwen/Qwen2.5-Coder-7B-Instruct,None
857@x_name@DESC,Bar,Extra Hard,7.9652,23.8955,3,0.0,0.0,0.0,0.0,0.0,0.6666666666666666,0.0,0.0,0.0,0.6666666666666666,0.3333333333333333,0.0,0.0,True,Qwen/Qwen2.5-Coder-7B-Instruct,None
857@x_name@DESC,Bar,Extra Hard,7.9652,23.8955,3,0.0,0.0,0.0,0.0,0.0,0.6666666666666666,0.0,0.0,0.0,0.6666666666666666,0.3333333333333333,0.0,0.0,True,Qwen/Qwen2.5-Coder-7B-Instruct,None
857@x_name@DESC,Bar,Extra Hard,7.9652,23.8955,3,0.0,0.0,0.0,0.0,0.0,0.6666666666666666,0.0,0.0,0.0,0.6666666666666666,0.3333333333333333,0.0,0.0,True,Qwen/Qwen2.5-Coder-7B-Instruct,None
859@x_name@ASC,Bar,Medium,4.3775,4.3775,1,0.0,0.0,0.0,0.0,0.0,1.0,0.0,0.0,0.0,1.0,0.0,,0.0,False,Qwen/Qwen2.5-Coder-7B-Instruct,None
859@x_name@ASC,Bar,Medium,4.3775,4.3775,1,0.0,0.0,0.0,0.0,0.0,1.0,0.0,0.0,0.0,1.0,0.0,,0.0,False,Qwen/Qwen2.5-Coder-7B-Instruct,None
859@x_name@ASC,Bar,Medium,4.3775,4.3775,1,0.0,0.0,0.0,0.0,0.0,1.0,0.0,0.0,0.0,1.0,0.0,,0.0,False,Qwen/Qwen2.5-Coder-7B-Instruct,None
862@y_name@DESC,Bar,Medium,8.6078,8.6078,1,0.0,0.0,0.0,0.0,1.0,0.0,0.0,0.0,0.0,1.0,0.0,,0.0,False,Qwen/Qwen2.5-Coder-7B-Instruct,None
862@y_name@DESC,Bar,Medium,8.6078,8.6078,1,0.0,0.0,0.0,0.0,1.0,0.0,0.0,0.0,0.0,1.0,0.0,,0.0,False,Qwen/Qwen2.5-Coder-7B-Instruct,None
862@y_name@DESC,Bar,Medium,8.6078,8.6078,1,0.0,0.0,0.0,0.0,1.0,0.0,0.0,0.0,0.0,1.0,0.0,,0.0,False,Qwen/Qwen2.5-Coder-7B-Instruct,None
863@y_name@ASC,Bar,Medium,8.6301,8.6301,1,0.0,0.0,0.0,0.0,1.0,0.0,0.0,0.0,0.0,1.0,0.0,,0.0,False,Qwen/Qwen2.5-Coder-7B-Instruct,None
863@y_name@ASC,Bar,Medium,8.6301,8.6301,1,0.0,0.0,0.0,0.0,1.0,0.0,0.0,0.0,0.0,1.0,0.0,,0.0,False,Qwen/Qwen2.5-Coder-7B-Instruct,None
863@y_name@ASC,Bar,Medium,8.6301,8.6301,1,0.0,0.0,0.0,0.0,1.0,0.0,0.0,0.0,0.0,1.0,0.0,,0.0,False,Qwen/Qwen2.5-Coder-7B-Instruct,None
872@x_name@DESC,Bar,Medium,5.0861,20.3445,4,0.0,0.0,0.0,0.0,0.0,1.0,0.0,0.0,0.0,1.0,0.0,,0.0,False,Qwen/Qwen2.5-Coder-7B-Instruct,None
872@x_name@DESC,Bar,Medium,5.0861,20.3445,4,0.0,0.0,0.0,0.0,0.0,1.0,0.0,0.0,0.0,1.0,0.0,,0.0,False,Qwen/Qwen2.5-Coder-7B-Instruct,None
872@x_name@DESC,Bar,Medium,5.0861,20.3445,4,0.0,0.0,0.0,0.0,0.0,1.0,0.0,0.0,0.0,1.0,0.0,,0.0,False,Qwen/Qwen2.5-Coder-7B-Instruct,None
882@x_name@DESC,Bar,Hard,9.143,27.4289,3,0.0,0.0,0.0,0.0,0.0,1.0,0.0,0.0,0.0,1.0,0.0,,0.0,True,Qwen/Qwen2.5-Coder-7B-Instruct,None
882@x_name@DESC,Bar,Hard,9.143,27.4289,3,0.0,0.0,0.0,0.0,0.0,1.0,0.0,0.0,0.0,1.0,0.0,,0.0,True,Qwen/Qwen2.5-Coder-7B-Instruct,None
882@x_name@DESC,Bar,Hard,9.143,27.4289,3,0.0,0.0,0.0,0.0,0.0,1.0,0.0,0.0,0.0,1.0,0.0,,0.0,True,Qwen/Qwen2.5-Coder-7B-Instruct,None
884@x_name@DESC,Bar,Extra Hard,8.0005,16.0011,2,0.0,0.0,0.0,0.0,0.0,1.0,0.0,0.0,0.0,1.0,0.0,,0.0,True,Qwen/Qwen2.5-Coder-7B-Instruct,None
884@x_name@DESC,Bar,Extra Hard,8.0005,16.0011,2,0.0,0.0,0.0,0.0,0.0,1.0,0.0,0.0,0.0,1.0,0.0,,0.0,True,Qwen/Qwen2.5-Coder-7B-Instruct,None
884@x_name@DESC,Bar,Extra Hard,8.0005,16.0011,2,0.0,0.0,0.0,0.0,0.0,1.0,0.0,0.0,0.0,1.0,0.0,,0.0,True,Qwen/Qwen2.5-Coder-7B-Instruct,None
1302@x_name@ASC,Bar,Hard,28.7269,28.7269,1,1.0,0.0,0.0,0.0,0.0,0.0,0.0,0.0,1.0,0.0,0.0,,0.0,True,Qwen/Qwen2.5-Coder-7B-Instruct,None
1302@x_name@ASC,Bar,Hard,28.7269,28.7269,1,1.0,0.0,0.0,0.0,0.0,0.0,0.0,0.0,1.0,0.0,0.0,,0.0,True,Qwen/Qwen2.5-Coder-7B-Instruct,None
1302@x_name@ASC,Bar,Hard,28.7269,28.7269,1,1.0,0.0,0.0,0.0,0.0,0.0,0.0,0.0,1.0,0.0,0.0,,0.0,True,Qwen/Qwen2.5-Coder-7B-Instruct,None
1304@y_name@ASC,Bar,Easy,55.2014,220.8057,4,0.0,0.0,0.0,0.0,0.0,0.0,0.0,0.0,0.0,0.0,1.0,0.0,0.0,False,Qwen/Qwen2.5-Coder-7B-Instruct,None
1304@y_name@ASC,Bar,Easy,55.2014,220.8057,4,0.0,0.0,0.0,0.0,0.0,0.0,0.0,0.0,0.0,0.0,1.0,0.0,0.0,False,Qwen/Qwen2.5-Coder-7B-Instruct,None
1304@y_name@ASC,Bar,Easy,55.2014,220.8057,4,0.0,0.0,0.0,0.0,0.0,0.0,0.0,0.0,0.0,0.0,1.0,0.0,0.0,False,Qwen/Qwen2.5-Coder-7B-Instruct,None
1307@y_name@DESC,Bar,Hard,70.0363,210.1089,3,0.0,0.0,0.0,0.3333333333333333,0.3333333333333333,0.0,0.0,0.0,0.0,0.3333333333333333,0.6666666666666666,0.0,0.0,True,Qwen/Qwen2.5-Coder-7B-Instruct,None
1307@y_name@DESC,Bar,Hard,70.0363,210.1089,3,0.0,0.0,0.0,0.3333333333333333,0.3333333333333333,0.0,0.0,0.0,0.0,0.3333333333333333,0.6666666666666666,0.0,0.0,True,Qwen/Qwen2.5-Coder-7B-Instruct,None
1307@y_name@DESC,Bar,Hard,70.0363,210.1089,3,0.0,0.0,0.0,0.3333333333333333,0.3333333333333333,0.0,0.0,0.0,0.0,0.3333333333333333,0.6666666666666666,0.0,0.0,True,Qwen/Qwen2.5-Coder-7B-Instruct,None
1311@y_name@ASC,Bar,Hard,16.8993,16.8993,1,0.0,0.0,0.0,0.0,0.0,0.0,0.0,0.0,0.0,0.0,1.0,0.0,0.0,True,Qwen/Qwen2.5-Coder-7B-Instruct,None
1311@y_name@ASC,Bar,Hard,16.8993,16.8993,1,0.0,0.0,0.0,0.0,0.0,0.0,0.0,0.0,0.0,0.0,1.0,0.0,0.0,True,Qwen/Qwen2.5-Coder-7B-Instruct,None
1311@y_name@ASC,Bar,Hard,16.8993,16.8993,1,0.0,0.0,0.0,0.0,0.0,0.0,0.0,0.0,0.0,0.0,1.0,0.0,0.0,True,Qwen/Qwen2.5-Coder-7B-Instruct,None
1315@y_name@ASC,Bar,Hard,19.6757,19.6757,1,0.0,0.0,0.0,1.0,1.0,0.0,0.0,0.0,0.0,1.0,0.0,,0.0,True,Qwen/Qwen2.5-Coder-7B-Instruct,None
1315@y_name@ASC,Bar,Hard,19.6757,19.6757,1,0.0,0.0,0.0,1.0,1.0,0.0,0.0,0.0,0.0,1.0,0.0,,0.0,True,Qwen/Qwen2.5-Coder-7B-Instruct,None
1315@y_name@ASC,Bar,Hard,19.6757,19.6757,1,0.0,0.0,0.0,1.0,1.0,0.0,0.0,0.0,0.0,1.0,0.0,,0.0,True,Qwen/Qwen2.5-Coder-7B-Instruct,None
1320@y_name@ASC,Bar,Medium,5.3725,10.745,2,0.0,0.0,0.0,0.0,0.5,0.0,0.0,0.0,0.0,0.5,0.5,0.0,0.0,False,Qwen/Qwen2.5-Coder-7B-Instruct,None
1320@y_name@ASC,Bar,Medium,5.3725,10.745,2,0.0,0.0,0.0,0.0,0.5,0.0,0.0,0.0,0.0,0.5,0.5,0.0,0.0,False,Qwen/Qwen2.5-Coder-7B-Instruct,None
1320@y_name@ASC,Bar,Medium,5.3725,10.745,2,0.0,0.0,0.0,0.0,0.5,0.0,0.0,0.0,0.0,0.5,0.5,0.0,0.0,False,Qwen/Qwen2.5-Coder-7B-Instruct,None
1322@x_name@ASC,Bar,Extra Hard,14.5886,29.1773,2,0.0,0.0,0.0,0.0,0.5,0.5,0.0,0.0,0.0,1.0,0.0,,0.0,True,Qwen/Qwen2.5-Coder-7B-Instruct,None
1322@x_name@ASC,Bar,Extra Hard,14.5886,29.1773,2,0.0,0.0,0.0,0.0,0.5,0.5,0.0,0.0,0.0,1.0,0.0,,0.0,True,Qwen/Qwen2.5-Coder-7B-Instruct,None
1322@x_name@ASC,Bar,Extra Hard,14.5886,29.1773,2,0.0,0.0,0.0,0.0,0.5,0.5,0.0,0.0,0.0,1.0,0.0,,0.0,True,Qwen/Qwen2.5-Coder-7B-Instruct,None
364@y_name@ASC,Bar,Medium,5.0756,15.2269,3,0.0,0.0,0.0,0.0,0.0,0.0,0.0,0.0,0.0,0.0,1.0,0.0,0.0,False,Qwen/Qwen2.5-Coder-7B-Instruct,None
364@y_name@ASC,Bar,Medium,5.0756,15.2269,3,0.0,0.0,0.0,0.0,0.0,0.0,0.0,0.0,0.0,0.0,1.0,0.0,0.0,False,Qwen/Qwen2.5-Coder-7B-Instruct,None
364@y_name@ASC,Bar,Medium,5.0756,15.2269,3,0.0,0.0,0.0,0.0,0.0,0.0,0.0,0.0,0.0,0.0,1.0,0.0,0.0,False,Qwen/Qwen2.5-Coder-7B-Instruct,None
365@x_name@ASC,Bar,Medium,4.146,8.2921,2,0.0,0.0,0.0,0.0,0.0,0.0,0.0,0.0,0.0,0.0,1.0,0.0,0.0,False,Qwen/Qwen2.5-Coder-7B-Instruct,None
365@x_name@ASC,Bar,Medium,4.146,8.2921,2,0.0,0.0,0.0,0.0,0.0,0.0,0.0,0.0,0.0,0.0,1.0,0.0,0.0,False,Qwen/Qwen2.5-Coder-7B-Instruct,None
365@x_name@ASC,Bar,Medium,4.146,8.2921,2,0.0,0.0,0.0,0.0,0.0,0.0,0.0,0.0,0.0,0.0,1.0,0.0,0.0,False,Qwen/Qwen2.5-Coder-7B-Instruct,None
2436@y_name@DESC,Bar,Medium,4.8121,9.6242,2,0.0,0.0,0.0,0.0,0.0,0.0,0.0,0.0,0.0,0.0,1.0,0.0,0.0,False,Qwen/Qwen2.5-Coder-7B-Instruct,None
2436@y_name@DESC,Bar,Medium,4.8121,9.6242,2,0.0,0.0,0.0,0.0,0.0,0.0,0.0,0.0,0.0,0.0,1.0,0.0,0.0,False,Qwen/Qwen2.5-Coder-7B-Instruct,None
2436@y_name@DESC,Bar,Medium,4.8121,9.6242,2,0.0,0.0,0.0,0.0,0.0,0.0,0.0,0.0,0.0,0.0,1.0,0.0,0.0,False,Qwen/Qwen2.5-Coder-7B-Instruct,None
2439@x_name@ASC,Bar,Hard,4.9888,9.9776,2,0.0,0.0,0.0,0.0,0.0,0.0,0.0,0.0,0.0,0.0,1.0,0.0,0.0,False,Qwen/Qwen2.5-Coder-7B-Instruct,None
2439@x_name@ASC,Bar,Hard,4.9888,9.9776,2,0.0,0.0,0.0,0.0,0.0,0.0,0.0,0.0,0.0,0.0,1.0,0.0,0.0,False,Qwen/Qwen2.5-Coder-7B-Instruct,None
2439@x_name@ASC,Bar,Hard,4.9888,9.9776,2,0.0,0.0,0.0,0.0,0.0,0.0,0.0,0.0,0.0,0.0,1.0,0.0,0.0,False,Qwen/Qwen2.5-Coder-7B-Instruct,None
2441@x_name@DESC,Bar,Medium,4.9002,4.9002,1,0.0,0.0,0.0,0.0,1.0,0.0,0.0,0.0,0.0,1.0,0.0,,0.0,False,Qwen/Qwen2.5-Coder-7B-Instruct,None
2441@x_name@DESC,Bar,Medium,4.9002,4.9002,1,0.0,0.0,0.0,0.0,1.0,0.0,0.0,0.0,0.0,1.0,0.0,,0.0,False,Qwen/Qwen2.5-Coder-7B-Instruct,None
2441@x_name@DESC,Bar,Medium,4.9002,4.9002,1,0.0,0.0,0.0,0.0,1.0,0.0,0.0,0.0,0.0,1.0,0.0,,0.0,False,Qwen/Qwen2.5-Coder-7B-Instruct,None
2127@x_name@ASC,Bar,Medium,3.4539,3.4539,1,0.0,0.0,0.0,0.0,0.0,0.0,0.0,0.0,0.0,0.0,1.0,0.0,0.0,False,Qwen/Qwen2.5-Coder-7B-Instruct,None
2127@x_name@ASC,Bar,Medium,3.4539,3.4539,1,0.0,0.0,0.0,0.0,0.0,0.0,0.0,0.0,0.0,0.0,1.0,0.0,0.0,False,Qwen/Qwen2.5-Coder-7B-Instruct,None
2127@x_name@ASC,Bar,Medium,3.4539,3.4539,1,0.0,0.0,0.0,0.0,0.0,0.0,0.0,0.0,0.0,0.0,1.0,0.0,0.0,False,Qwen/Qwen2.5-Coder-7B-Instruct,None
2135@x_name@DESC,Bar,Medium,3.4548,6.9095,2,0.0,0.0,0.0,0.0,0.0,0.5,0.0,0.0,0.0,0.5,0.5,0.0,0.0,False,Qwen/Qwen2.5-Coder-7B-Instruct,None
2135@x_name@DESC,Bar,Medium,3.4548,6.9095,2,0.0,0.0,0.0,0.0,0.0,0.5,0.0,0.0,0.0,0.5,0.5,0.0,0.0,False,Qwen/Qwen2.5-Coder-7B-Instruct,None
2135@x_name@DESC,Bar,Medium,3.4548,6.9095,2,0.0,0.0,0.0,0.0,0.0,0.5,0.0,0.0,0.0,0.5,0.5,0.0,0.0,False,Qwen/Qwen2.5-Coder-7B-Instruct,None
2143@y_name@DESC,Bar,Hard,13.2048,13.2048,1,0.0,0.0,0.0,0.0,1.0,0.0,0.0,0.0,0.0,1.0,0.0,,0.0,True,Qwen/Qwen2.5-Coder-7B-Instruct,None
2143@y_name@DESC,Bar,Hard,13.2048,13.2048,1,0.0,0.0,0.0,0.0,1.0,0.0,0.0,0.0,0.0,1.0,0.0,,0.0,True,Qwen/Qwen2.5-Coder-7B-Instruct,None
2143@y_name@DESC,Bar,Hard,13.2048,13.2048,1,0.0,0.0,0.0,0.0,1.0,0.0,0.0,0.0,0.0,1.0,0.0,,0.0,True,Qwen/Qwen2.5-Coder-7B-Instruct,None
1149@x_name@DESC,Bar,Medium,3.6129,7.2258,2,0.0,0.0,0.0,0.0,0.0,1.0,0.0,0.0,0.0,1.0,0.0,,0.0,False,Qwen/Qwen2.5-Coder-7B-Instruct,None
1149@x_name@DESC,Bar,Medium,3.6129,7.2258,2,0.0,0.0,0.0,0.0,0.0,1.0,0.0,0.0,0.0,1.0,0.0,,0.0,False,Qwen/Qwen2.5-Coder-7B-Instruct,None
1149@x_name@DESC,Bar,Medium,3.6129,7.2258,2,0.0,0.0,0.0,0.0,0.0,1.0,0.0,0.0,0.0,1.0,0.0,,0.0,False,Qwen/Qwen2.5-Coder-7B-Instruct,None
1150@y_name@ASC,Bar,Medium,3.7032,7.4063,2,0.0,0.0,0.0,0.0,0.0,0.0,0.0,0.0,0.0,0.0,1.0,0.0,0.0,False,Qwen/Qwen2.5-Coder-7B-Instruct,None
1150@y_name@ASC,Bar,Medium,3.7032,7.4063,2,0.0,0.0,0.0,0.0,0.0,0.0,0.0,0.0,0.0,0.0,1.0,0.0,0.0,False,Qwen/Qwen2.5-Coder-7B-Instruct,None
1150@y_name@ASC,Bar,Medium,3.7032,7.4063,2,0.0,0.0,0.0,0.0,0.0,0.0,0.0,0.0,0.0,0.0,1.0,0.0,0.0,False,Qwen/Qwen2.5-Coder-7B-Instruct,None
2814@y_name@ASC,Bar,Medium,3.5984,10.7953,3,0.0,0.0,0.0,0.0,0.0,0.0,0.0,0.0,0.0,0.0,1.0,0.0,0.0,False,Qwen/Qwen2.5-Coder-7B-Instruct,None
2814@y_name@ASC,Bar,Medium,3.5984,10.7953,3,0.0,0.0,0.0,0.0,0.0,0.0,0.0,0.0,0.0,0.0,1.0,0.0,0.0,False,Qwen/Qwen2.5-Coder-7B-Instruct,None
2814@y_name@ASC,Bar,Medium,3.5984,10.7953,3,0.0,0.0,0.0,0.0,0.0,0.0,0.0,0.0,0.0,0.0,1.0,0.0,0.0,False,Qwen/Qwen2.5-Coder-7B-Instruct,None
2815@x_name@DESC,Stacked Bar,Hard,4.7278,4.7278,1,0.0,0.0,0.0,0.0,0.0,1.0,0.0,0.0,0.0,1.0,0.0,,0.0,False,Qwen/Qwen2.5-Coder-7B-Instruct,None
2815@x_name@DESC,Stacked Bar,Hard,4.7278,4.7278,1,0.0,0.0,0.0,0.0,0.0,1.0,0.0,0.0,0.0,1.0,0.0,,0.0,False,Qwen/Qwen2.5-Coder-7B-Instruct,None
2815@x_name@DESC,Stacked Bar,Hard,4.7278,4.7278,1,0.0,0.0,0.0,0.0,0.0,1.0,0.0,0.0,0.0,1.0,0.0,,0.0,False,Qwen/Qwen2.5-Coder-7B-Instruct,None
2816@y_name@ASC,Bar,Medium,4.0991,8.1981,2,0.0,0.0,0.0,0.0,0.0,0.0,0.0,0.0,0.0,0.0,1.0,0.0,0.0,False,Qwen/Qwen2.5-Coder-7B-Instruct,None
2816@y_name@ASC,Bar,Medium,4.0991,8.1981,2,0.0,0.0,0.0,0.0,0.0,0.0,0.0,0.0,0.0,0.0,1.0,0.0,0.0,False,Qwen/Qwen2.5-Coder-7B-Instruct,None
2816@y_name@ASC,Bar,Medium,4.0991,8.1981,2,0.0,0.0,0.0,0.0,0.0,0.0,0.0,0.0,0.0,0.0,1.0,0.0,0.0,False,Qwen/Qwen2.5-Coder-7B-Instruct,None
2823@x_name@ASC,Bar,Hard,7.2644,7.2644,1,0.0,0.0,0.0,0.0,1.0,0.0,0.0,0.0,0.0,1.0,0.0,,0.0,True,Qwen/Qwen2.5-Coder-7B-Instruct,None
2823@x_name@ASC,Bar,Hard,7.2644,7.2644,1,0.0,0.0,0.0,0.0,1.0,0.0,0.0,0.0,0.0,1.0,0.0,,0.0,True,Qwen/Qwen2.5-Coder-7B-Instruct,None
2823@x_name@ASC,Bar,Hard,7.2644,7.2644,1,0.0,0.0,0.0,0.0,1.0,0.0,0.0,0.0,0.0,1.0,0.0,,0.0,True,Qwen/Qwen2.5-Coder-7B-Instruct,None
2827@y_name@ASC,Bar,Medium,5.3432,21.3728,4,0.0,0.0,0.0,0.0,0.0,0.25,0.0,0.0,0.0,0.25,0.75,0.0,0.0,False,Qwen/Qwen2.5-Coder-7B-Instruct,None
2827@y_name@ASC,Bar,Medium,5.3432,21.3728,4,0.0,0.0,0.0,0.0,0.0,0.25,0.0,0.0,0.0,0.25,0.75,0.0,0.0,False,Qwen/Qwen2.5-Coder-7B-Instruct,None
2827@y_name@ASC,Bar,Medium,5.3432,21.3728,4,0.0,0.0,0.0,0.0,0.0,0.25,0.0,0.0,0.0,0.25,0.75,0.0,0.0,False,Qwen/Qwen2.5-Coder-7B-Instruct,None
3261@y_name@ASC,Bar,Medium,5.5466,16.6398,3,0.0,0.0,0.0,0.0,0.0,0.0,0.0,0.0,0.0,0.0,1.0,0.0,0.0,False,Qwen/Qwen2.5-Coder-7B-Instruct,None
3261@y_name@ASC,Bar,Medium,5.5466,16.6398,3,0.0,0.0,0.0,0.0,0.0,0.0,0.0,0.0,0.0,0.0,1.0,0.0,0.0,False,Qwen/Qwen2.5-Coder-7B-Instruct,None
3261@y_name@ASC,Bar,Medium,5.5466,16.6398,3,0.0,0.0,0.0,0.0,0.0,0.0,0.0,0.0,0.0,0.0,1.0,0.0,0.0,False,Qwen/Qwen2.5-Coder-7B-Instruct,None
3266@x_name@DESC,Bar,Medium,14.8104,74.0521,5,0.2,0.0,0.0,0.0,0.2,0.6,0.0,0.0,0.2,0.8,0.0,,0.0,True,Qwen/Qwen2.5-Coder-7B-Instruct,None
3266@x_name@DESC,Bar,Medium,14.8104,74.0521,5,0.2,0.0,0.0,0.0,0.2,0.6,0.0,0.0,0.2,0.8,0.0,,0.0,True,Qwen/Qwen2.5-Coder-7B-Instruct,None
3266@x_name@DESC,Bar,Medium,14.8104,74.0521,5,0.2,0.0,0.0,0.0,0.2,0.6,0.0,0.0,0.2,0.8,0.0,,0.0,True,Qwen/Qwen2.5-Coder-7B-Instruct,None
2698@y_name@DESC,Bar,Medium,5.2498,10.4996,2,0.0,0.0,0.0,0.0,0.0,0.5,0.0,0.0,0.0,0.5,0.5,0.0,0.0,False,Qwen/Qwen2.5-Coder-7B-Instruct,None
2698@y_name@DESC,Bar,Medium,5.2498,10.4996,2,0.0,0.0,0.0,0.0,0.0,0.5,0.0,0.0,0.0,0.5,0.5,0.0,0.0,False,Qwen/Qwen2.5-Coder-7B-Instruct,None
2698@y_name@DESC,Bar,Medium,5.2498,10.4996,2,0.0,0.0,0.0,0.0,0.0,0.5,0.0,0.0,0.0,0.5,0.5,0.0,0.0,False,Qwen/Qwen2.5-Coder-7B-Instruct,None
2702@y_name@DESC,Bar,Medium,4.832,14.496,3,0.0,0.0,0.0,0.0,0.0,0.0,0.0,0.0,0.0,0.0,1.0,0.0,0.0,False,Qwen/Qwen2.5-Coder-7B-Instruct,None
2702@y_name@DESC,Bar,Medium,4.832,14.496,3,0.0,0.0,0.0,0.0,0.0,0.0,0.0,0.0,0.0,0.0,1.0,0.0,0.0,False,Qwen/Qwen2.5-Coder-7B-Instruct,None
2702@y_name@DESC,Bar,Medium,4.832,14.496,3,0.0,0.0,0.0,0.0,0.0,0.0,0.0,0.0,0.0,0.0,1.0,0.0,0.0,False,Qwen/Qwen2.5-Coder-7B-Instruct,None
2626@y_name@ASC,Bar,Hard,6.7932,6.7932,1,0.0,0.0,0.0,0.0,0.0,0.0,0.0,0.0,0.0,0.0,1.0,0.0,0.0,True,Qwen/Qwen2.5-Coder-7B-Instruct,None
2626@y_name@ASC,Bar,Hard,6.7932,6.7932,1,0.0,0.0,0.0,0.0,0.0,0.0,0.0,0.0,0.0,0.0,1.0,0.0,0.0,True,Qwen/Qwen2.5-Coder-7B-Instruct,None
2626@y_name@ASC,Bar,Hard,6.7932,6.7932,1,0.0,0.0,0.0,0.0,0.0,0.0,0.0,0.0,0.0,0.0,1.0,0.0,0.0,True,Qwen/Qwen2.5-Coder-7B-Instruct,None
2629@x_name@ASC,Bar,Medium,4.2966,8.5933,2,0.0,0.0,0.0,0.0,0.0,1.0,0.0,0.0,0.0,1.0,0.0,,0.0,False,Qwen/Qwen2.5-Coder-7B-Instruct,None
2629@x_name@ASC,Bar,Medium,4.2966,8.5933,2,0.0,0.0,0.0,0.0,0.0,1.0,0.0,0.0,0.0,1.0,0.0,,0.0,False,Qwen/Qwen2.5-Coder-7B-Instruct,None
2629@x_name@ASC,Bar,Medium,4.2966,8.5933,2,0.0,0.0,0.0,0.0,0.0,1.0,0.0,0.0,0.0,1.0,0.0,,0.0,False,Qwen/Qwen2.5-Coder-7B-Instruct,None
7@y_name@ASC,Bar,Medium,6.0127,42.0891,7,0.0,0.0,0.0,0.0,0.0,0.0,0.0,0.0,0.0,0.0,1.0,0.0,0.0,False,Qwen/Qwen2.5-Coder-7B-Instruct,None
7@y_name@ASC,Bar,Medium,6.0127,42.0891,7,0.0,0.0,0.0,0.0,0.0,0.0,0.0,0.0,0.0,0.0,1.0,0.0,0.0,False,Qwen/Qwen2.5-Coder-7B-Instruct,None
7@y_name@ASC,Bar,Medium,6.0127,42.0891,7,0.0,0.0,0.0,0.0,0.0,0.0,0.0,0.0,0.0,0.0,1.0,0.0,0.0,False,Qwen/Qwen2.5-Coder-7B-Instruct,None
11@y_name@ASC,Stacked Bar,Hard,9.0929,27.2786,3,0.3333333333333333,0.0,0.0,0.0,0.0,0.6666666666666666,0.0,0.0,0.3333333333333333,0.6666666666666666,0.0,,0.0,False,Qwen/Qwen2.5-Coder-7B-Instruct,None
11@y_name@ASC,Stacked Bar,Hard,9.0929,27.2786,3,0.3333333333333333,0.0,0.0,0.0,0.0,0.6666666666666666,0.0,0.0,0.3333333333333333,0.6666666666666666,0.0,,0.0,False,Qwen/Qwen2.5-Coder-7B-Instruct,None
11@y_name@ASC,Stacked Bar,Hard,9.0929,27.2786,3,0.3333333333333333,0.0,0.0,0.0,0.0,0.6666666666666666,0.0,0.0,0.3333333333333333,0.6666666666666666,0.0,,0.0,False,Qwen/Qwen2.5-Coder-7B-Instruct,None
12@x_name@ASC,Bar,Medium,7.2004,21.6011,3,0.0,0.0,0.0,0.0,0.0,0.0,0.0,0.0,0.0,0.0,1.0,0.0,0.0,False,Qwen/Qwen2.5-Coder-7B-Instruct,None
12@x_name@ASC,Bar,Medium,7.2004,21.6011,3,0.0,0.0,0.0,0.0,0.0,0.0,0.0,0.0,0.0,0.0,1.0,0.0,0.0,False,Qwen/Qwen2.5-Coder-7B-Instruct,None
12@x_name@ASC,Bar,Medium,7.2004,21.6011,3,0.0,0.0,0.0,0.0,0.0,0.0,0.0,0.0,0.0,0.0,1.0,0.0,0.0,False,Qwen/Qwen2.5-Coder-7B-Instruct,None
17@y_name@DESC,Bar,Medium,3.5195,10.5586,3,0.0,0.0,0.0,0.0,0.0,0.0,0.0,0.0,0.0,0.0,1.0,0.0,0.0,False,Qwen/Qwen2.5-Coder-7B-Instruct,None
17@y_name@DESC,Bar,Medium,3.5195,10.5586,3,0.0,0.0,0.0,0.0,0.0,0.0,0.0,0.0,0.0,0.0,1.0,0.0,0.0,False,Qwen/Qwen2.5-Coder-7B-Instruct,None
17@y_name@DESC,Bar,Medium,3.5195,10.5586,3,0.0,0.0,0.0,0.0,0.0,0.0,0.0,0.0,0.0,0.0,1.0,0.0,0.0,False,Qwen/Qwen2.5-Coder-7B-Instruct,None
22@y_name@ASC,Bar,Hard,6.1424,24.5695,4,0.0,0.0,0.0,0.0,0.0,0.0,0.0,0.0,0.0,0.0,1.0,0.0,0.0,False,Qwen/Qwen2.5-Coder-7B-Instruct,None
22@y_name@ASC,Bar,Hard,6.1424,24.5695,4,0.0,0.0,0.0,0.0,0.0,0.0,0.0,0.0,0.0,0.0,1.0,0.0,0.0,False,Qwen/Qwen2.5-Coder-7B-Instruct,None
22@y_name@ASC,Bar,Hard,6.1424,24.5695,4,0.0,0.0,0.0,0.0,0.0,0.0,0.0,0.0,0.0,0.0,1.0,0.0,0.0,False,Qwen/Qwen2.5-Coder-7B-Instruct,None
24@x_name@ASC,Bar,Medium,3.9963,3.9963,1,0.0,0.0,0.0,0.0,0.0,0.0,0.0,0.0,0.0,0.0,1.0,0.0,0.0,False,Qwen/Qwen2.5-Coder-7B-Instruct,None
24@x_name@ASC,Bar,Medium,3.9963,3.9963,1,0.0,0.0,0.0,0.0,0.0,0.0,0.0,0.0,0.0,0.0,1.0,0.0,0.0,False,Qwen/Qwen2.5-Coder-7B-Instruct,None
24@x_name@ASC,Bar,Medium,3.9963,3.9963,1,0.0,0.0,0.0,0.0,0.0,0.0,0.0,0.0,0.0,0.0,1.0,0.0,0.0,False,Qwen/Qwen2.5-Coder-7B-Instruct,None
26@y_name@ASC,Bar,Hard,9.2909,18.5817,2,0.0,0.0,0.0,0.0,0.0,0.0,0.0,0.0,0.0,0.0,1.0,0.0,0.0,True,Qwen/Qwen2.5-Coder-7B-Instruct,None
26@y_name@ASC,Bar,Hard,9.2909,18.5817,2,0.0,0.0,0.0,0.0,0.0,0.0,0.0,0.0,0.0,0.0,1.0,0.0,0.0,True,Qwen/Qwen2.5-Coder-7B-Instruct,None
26@y_name@ASC,Bar,Hard,9.2909,18.5817,2,0.0,0.0,0.0,0.0,0.0,0.0,0.0,0.0,0.0,0.0,1.0,0.0,0.0,True,Qwen/Qwen2.5-Coder-7B-Instruct,None
30@y_name@ASC,Bar,Hard,7.5543,37.7715,5,0.0,0.0,0.0,0.0,0.0,0.0,0.0,0.0,0.0,0.0,1.0,0.0,0.0,True,Qwen/Qwen2.5-Coder-7B-Instruct,None
30@y_name@ASC,Bar,Hard,7.5543,37.7715,5,0.0,0.0,0.0,0.0,0.0,0.0,0.0,0.0,0.0,0.0,1.0,0.0,0.0,True,Qwen/Qwen2.5-Coder-7B-Instruct,None
30@y_name@ASC,Bar,Hard,7.5543,37.7715,5,0.0,0.0,0.0,0.0,0.0,0.0,0.0,0.0,0.0,0.0,1.0,0.0,0.0,True,Qwen/Qwen2.5-Coder-7B-Instruct,None
2575@y_name@ASC,Bar,Hard,6.795,6.795,1,0.0,0.0,0.0,0.0,0.0,0.0,0.0,0.0,0.0,0.0,1.0,0.0,0.0,True,Qwen/Qwen2.5-Coder-7B-Instruct,None
2575@y_name@ASC,Bar,Hard,6.795,6.795,1,0.0,0.0,0.0,0.0,0.0,0.0,0.0,0.0,0.0,0.0,1.0,0.0,0.0,True,Qwen/Qwen2.5-Coder-7B-Instruct,None
2575@y_name@ASC,Bar,Hard,6.795,6.795,1,0.0,0.0,0.0,0.0,0.0,0.0,0.0,0.0,0.0,0.0,1.0,0.0,0.0,True,Qwen/Qwen2.5-Coder-7B-Instruct,None
2581@y_name@DESC,Bar,Hard,7.1722,14.3443,2,0.0,0.0,0.0,0.0,0.0,0.0,0.0,0.0,0.0,0.0,1.0,0.0,0.0,True,Qwen/Qwen2.5-Coder-7B-Instruct,None
2581@y_name@DESC,Bar,Hard,7.1722,14.3443,2,0.0,0.0,0.0,0.0,0.0,0.0,0.0,0.0,0.0,0.0,1.0,0.0,0.0,True,Qwen/Qwen2.5-Coder-7B-Instruct,None
2581@y_name@DESC,Bar,Hard,7.1722,14.3443,2,0.0,0.0,0.0,0.0,0.0,0.0,0.0,0.0,0.0,0.0,1.0,0.0,0.0,True,Qwen/Qwen2.5-Coder-7B-Instruct,None
2582@y_name@DESC,Bar,Hard,8.3758,8.3758,1,0.0,0.0,0.0,0.0,1.0,0.0,0.0,0.0,0.0,1.0,0.0,,0.0,True,Qwen/Qwen2.5-Coder-7B-Instruct,None
2582@y_name@DESC,Bar,Hard,8.3758,8.3758,1,0.0,0.0,0.0,0.0,1.0,0.0,0.0,0.0,0.0,1.0,0.0,,0.0,True,Qwen/Qwen2.5-Coder-7B-Instruct,None
2582@y_name@DESC,Bar,Hard,8.3758,8.3758,1,0.0,0.0,0.0,0.0,1.0,0.0,0.0,0.0,0.0,1.0,0.0,,0.0,True,Qwen/Qwen2.5-Coder-7B-Instruct,None
1371@y_name@ASC,Bar,Medium,188.1506,564.4518,3,0.0,0.0,0.0,0.0,0.0,0.0,0.0,0.0,0.0,0.0,1.0,0.0,0.0,False,Qwen/Qwen2.5-Coder-7B-Instruct,None
1371@y_name@ASC,Bar,Medium,188.1506,564.4518,3,0.0,0.0,0.0,0.0,0.0,0.0,0.0,0.0,0.0,0.0,1.0,0.0,0.0,False,Qwen/Qwen2.5-Coder-7B-Instruct,None
1371@y_name@ASC,Bar,Medium,188.1506,564.4518,3,0.0,0.0,0.0,0.0,0.0,0.0,0.0,0.0,0.0,0.0,1.0,0.0,0.0,False,Qwen/Qwen2.5-Coder-7B-Instruct,None
1373@y_name@DESC,Bar,Medium,24.5992,73.7977,3,0.0,0.0,0.0,0.0,0.0,0.0,0.0,0.0,0.0,0.0,1.0,0.0,0.0,False,Qwen/Qwen2.5-Coder-7B-Instruct,None
1373@y_name@DESC,Bar,Medium,24.5992,73.7977,3,0.0,0.0,0.0,0.0,0.0,0.0,0.0,0.0,0.0,0.0,1.0,0.0,0.0,False,Qwen/Qwen2.5-Coder-7B-Instruct,None
1373@y_name@DESC,Bar,Medium,24.5992,73.7977,3,0.0,0.0,0.0,0.0,0.0,0.0,0.0,0.0,0.0,0.0,1.0,0.0,0.0,False,Qwen/Qwen2.5-Coder-7B-Instruct,None
1375@x_name@ASC,Line,Extra Hard,8.8724,17.7448,2,0.0,0.0,0.0,0.0,0.5,0.0,0.0,0.0,0.0,0.5,0.5,0.0,0.0,True,Qwen/Qwen2.5-Coder-7B-Instruct,None
1375@x_name@ASC,Line,Extra Hard,8.8724,17.7448,2,0.0,0.0,0.0,0.0,0.5,0.0,0.0,0.0,0.0,0.5,0.5,0.0,0.0,True,Qwen/Qwen2.5-Coder-7B-Instruct,None
1375@x_name@ASC,Line,Extra Hard,8.8724,17.7448,2,0.0,0.0,0.0,0.0,0.5,0.0,0.0,0.0,0.0,0.5,0.5,0.0,0.0,True,Qwen/Qwen2.5-Coder-7B-Instruct,None
66@y_name@ASC,Bar,Extra Hard,9.3353,18.6705,2,0.0,0.0,0.0,0.0,0.0,1.0,0.0,0.0,0.0,1.0,0.0,,0.0,True,Qwen/Qwen2.5-Coder-7B-Instruct,None
66@y_name@ASC,Bar,Extra Hard,9.3353,18.6705,2,0.0,0.0,0.0,0.0,0.0,1.0,0.0,0.0,0.0,1.0,0.0,,0.0,True,Qwen/Qwen2.5-Coder-7B-Instruct,None
66@y_name@ASC,Bar,Extra Hard,9.3353,18.6705,2,0.0,0.0,0.0,0.0,0.0,1.0,0.0,0.0,0.0,1.0,0.0,,0.0,True,Qwen/Qwen2.5-Coder-7B-Instruct,None
67@y_name@ASC,Bar,Extra Hard,30.2372,60.4744,2,0.5,0.0,0.0,0.0,0.0,0.5,0.0,0.0,0.5,0.5,0.0,,0.0,True,Qwen/Qwen2.5-Coder-7B-Instruct,None
67@y_name@ASC,Bar,Extra Hard,30.2372,60.4744,2,0.5,0.0,0.0,0.0,0.0,0.5,0.0,0.0,0.5,0.5,0.0,,0.0,True,Qwen/Qwen2.5-Coder-7B-Instruct,None
67@y_name@ASC,Bar,Extra Hard,30.2372,60.4744,2,0.5,0.0,0.0,0.0,0.0,0.5,0.0,0.0,0.5,0.5,0.0,,0.0,True,Qwen/Qwen2.5-Coder-7B-Instruct,None
70@y_name@ASC,Bar,Extra Hard,10.223,20.4461,2,0.0,0.0,0.0,0.0,0.0,1.0,0.0,0.0,0.0,1.0,0.0,,0.0,True,Qwen/Qwen2.5-Coder-7B-Instruct,None
70@y_name@ASC,Bar,Extra Hard,10.223,20.4461,2,0.0,0.0,0.0,0.0,0.0,1.0,0.0,0.0,0.0,1.0,0.0,,0.0,True,Qwen/Qwen2.5-Coder-7B-Instruct,None
70@y_name@ASC,Bar,Extra Hard,10.223,20.4461,2,0.0,0.0,0.0,0.0,0.0,1.0,0.0,0.0,0.0,1.0,0.0,,0.0,True,Qwen/Qwen2.5-Coder-7B-Instruct,None
71@y_name@ASC,Bar,Extra Hard,25.7206,51.4412,2,0.5,0.0,0.0,0.0,0.5,0.0,0.0,0.0,0.5,0.5,0.0,,0.0,True,Qwen/Qwen2.5-Coder-7B-Instruct,None
71@y_name@ASC,Bar,Extra Hard,25.7206,51.4412,2,0.5,0.0,0.0,0.0,0.5,0.0,0.0,0.0,0.5,0.5,0.0,,0.0,True,Qwen/Qwen2.5-Coder-7B-Instruct,None
71@y_name@ASC,Bar,Extra Hard,25.7206,51.4412,2,0.5,0.0,0.0,0.0,0.5,0.0,0.0,0.0,0.5,0.5,0.0,,0.0,True,Qwen/Qwen2.5-Coder-7B-Instruct,None
75@y_name@ASC,Bar,Extra Hard,7.4487,14.8974,2,0.0,0.0,0.0,0.0,0.0,1.0,0.0,0.0,0.0,1.0,0.0,,0.0,True,Qwen/Qwen2.5-Coder-7B-Instruct,None
75@y_name@ASC,Bar,Extra Hard,7.4487,14.8974,2,0.0,0.0,0.0,0.0,0.0,1.0,0.0,0.0,0.0,1.0,0.0,,0.0,True,Qwen/Qwen2.5-Coder-7B-Instruct,None
75@y_name@ASC,Bar,Extra Hard,7.4487,14.8974,2,0.0,0.0,0.0,0.0,0.0,1.0,0.0,0.0,0.0,1.0,0.0,,0.0,True,Qwen/Qwen2.5-Coder-7B-Instruct,None
76@y_name@DESC,Bar,Extra Hard,8.7622,8.7622,1,0.0,0.0,0.0,0.0,0.0,0.0,0.0,0.0,0.0,0.0,1.0,0.0,0.0,True,Qwen/Qwen2.5-Coder-7B-Instruct,None
76@y_name@DESC,Bar,Extra Hard,8.7622,8.7622,1,0.0,0.0,0.0,0.0,0.0,0.0,0.0,0.0,0.0,0.0,1.0,0.0,0.0,True,Qwen/Qwen2.5-Coder-7B-Instruct,None
76@y_name@DESC,Bar,Extra Hard,8.7622,8.7622,1,0.0,0.0,0.0,0.0,0.0,0.0,0.0,0.0,0.0,0.0,1.0,0.0,0.0,True,Qwen/Qwen2.5-Coder-7B-Instruct,None
82@x_name@ASC,Bar,Extra Hard,7.0176,14.0352,2,0.0,0.0,0.0,0.0,0.0,0.0,0.0,0.0,0.0,0.0,1.0,0.0,0.0,True,Qwen/Qwen2.5-Coder-7B-Instruct,None
82@x_name@ASC,Bar,Extra Hard,7.0176,14.0352,2,0.0,0.0,0.0,0.0,0.0,0.0,0.0,0.0,0.0,0.0,1.0,0.0,0.0,True,Qwen/Qwen2.5-Coder-7B-Instruct,None
82@x_name@ASC,Bar,Extra Hard,7.0176,14.0352,2,0.0,0.0,0.0,0.0,0.0,0.0,0.0,0.0,0.0,0.0,1.0,0.0,0.0,True,Qwen/Qwen2.5-Coder-7B-Instruct,None
83@y_name@ASC,Bar,Medium,5.4104,10.8208,2,0.0,0.0,0.0,0.0,0.0,1.0,0.0,0.0,0.0,1.0,0.0,,0.0,False,Qwen/Qwen2.5-Coder-7B-Instruct,None
83@y_name@ASC,Bar,Medium,5.4104,10.8208,2,0.0,0.0,0.0,0.0,0.0,1.0,0.0,0.0,0.0,1.0,0.0,,0.0,False,Qwen/Qwen2.5-Coder-7B-Instruct,None
83@y_name@ASC,Bar,Medium,5.4104,10.8208,2,0.0,0.0,0.0,0.0,0.0,1.0,0.0,0.0,0.0,1.0,0.0,,0.0,False,Qwen/Qwen2.5-Coder-7B-Instruct,None
84@y_name@ASC,Bar,Medium,22.3338,44.6676,2,1.0,0.0,0.0,0.0,0.0,0.0,0.0,0.0,1.0,0.0,0.0,,0.0,False,Qwen/Qwen2.5-Coder-7B-Instruct,None
84@y_name@ASC,Bar,Medium,22.3338,44.6676,2,1.0,0.0,0.0,0.0,0.0,0.0,0.0,0.0,1.0,0.0,0.0,,0.0,False,Qwen/Qwen2.5-Coder-7B-Instruct,None
84@y_name@ASC,Bar,Medium,22.3338,44.6676,2,1.0,0.0,0.0,0.0,0.0,0.0,0.0,0.0,1.0,0.0,0.0,,0.0,False,Qwen/Qwen2.5-Coder-7B-Instruct,None
87@x_name@DESC,Line,Medium,5.0879,5.0879,1,0.0,0.0,0.0,0.0,1.0,0.0,0.0,0.0,0.0,1.0,0.0,,0.0,False,Qwen/Qwen2.5-Coder-7B-Instruct,None
87@x_name@DESC,Line,Medium,5.0879,5.0879,1,0.0,0.0,0.0,0.0,1.0,0.0,0.0,0.0,0.0,1.0,0.0,,0.0,False,Qwen/Qwen2.5-Coder-7B-Instruct,None
87@x_name@DESC,Line,Medium,5.0879,5.0879,1,0.0,0.0,0.0,0.0,1.0,0.0,0.0,0.0,0.0,1.0,0.0,,0.0,False,Qwen/Qwen2.5-Coder-7B-Instruct,None
88@y_name@ASC,Bar,Hard,4.3994,13.1981,3,0.0,0.0,0.0,0.0,1.0,0.0,0.0,0.0,0.0,1.0,0.0,,0.0,True,Qwen/Qwen2.5-Coder-7B-Instruct,None
88@y_name@ASC,Bar,Hard,4.3994,13.1981,3,0.0,0.0,0.0,0.0,1.0,0.0,0.0,0.0,0.0,1.0,0.0,,0.0,True,Qwen/Qwen2.5-Coder-7B-Instruct,None
88@y_name@ASC,Bar,Hard,4.3994,13.1981,3,0.0,0.0,0.0,0.0,1.0,0.0,0.0,0.0,0.0,1.0,0.0,,0.0,True,Qwen/Qwen2.5-Coder-7B-Instruct,None
89@y_name@ASC,Bar,Hard,4.3826,8.7652,2,0.0,0.0,0.0,0.0,1.0,0.0,0.0,0.0,0.0,1.0,0.0,,0.0,True,Qwen/Qwen2.5-Coder-7B-Instruct,None
89@y_name@ASC,Bar,Hard,4.3826,8.7652,2,0.0,0.0,0.0,0.0,1.0,0.0,0.0,0.0,0.0,1.0,0.0,,0.0,True,Qwen/Qwen2.5-Coder-7B-Instruct,None
89@y_name@ASC,Bar,Hard,4.3826,8.7652,2,0.0,0.0,0.0,0.0,1.0,0.0,0.0,0.0,0.0,1.0,0.0,,0.0,True,Qwen/Qwen2.5-Coder-7B-Instruct,None
90@y_name@DESC,Bar,Hard,25.3287,50.6574,2,1.0,0.0,0.0,0.0,0.0,0.0,0.0,0.0,1.0,0.0,0.0,,0.0,True,Qwen/Qwen2.5-Coder-7B-Instruct,None
90@y_name@DESC,Bar,Hard,25.3287,50.6574,2,1.0,0.0,0.0,0.0,0.0,0.0,0.0,0.0,1.0,0.0,0.0,,0.0,True,Qwen/Qwen2.5-Coder-7B-Instruct,None
90@y_name@DESC,Bar,Hard,25.3287,50.6574,2,1.0,0.0,0.0,0.0,0.0,0.0,0.0,0.0,1.0,0.0,0.0,,0.0,True,Qwen/Qwen2.5-Coder-7B-Instruct,None
91@y_name@ASC,Bar,Hard,29.9498,59.8997,2,1.0,0.0,0.0,0.0,0.0,0.0,0.0,0.0,1.0,0.0,0.0,,0.0,True,Qwen/Qwen2.5-Coder-7B-Instruct,None
91@y_name@ASC,Bar,Hard,29.9498,59.8997,2,1.0,0.0,0.0,0.0,0.0,0.0,0.0,0.0,1.0,0.0,0.0,,0.0,True,Qwen/Qwen2.5-Coder-7B-Instruct,None
91@y_name@ASC,Bar,Hard,29.9498,59.8997,2,1.0,0.0,0.0,0.0,0.0,0.0,0.0,0.0,1.0,0.0,0.0,,0.0,True,Qwen/Qwen2.5-Coder-7B-Instruct,None
92@y_name@ASC,Bar,Hard,7.031,14.062,2,0.0,0.0,0.0,0.0,0.0,0.0,0.0,0.0,0.0,0.0,1.0,0.0,0.0,True,Qwen/Qwen2.5-Coder-7B-Instruct,None
92@y_name@ASC,Bar,Hard,7.031,14.062,2,0.0,0.0,0.0,0.0,0.0,0.0,0.0,0.0,0.0,0.0,1.0,0.0,0.0,True,Qwen/Qwen2.5-Coder-7B-Instruct,None
92@y_name@ASC,Bar,Hard,7.031,14.062,2,0.0,0.0,0.0,0.0,0.0,0.0,0.0,0.0,0.0,0.0,1.0,0.0,0.0,True,Qwen/Qwen2.5-Coder-7B-Instruct,None
99@y_name@DESC,Bar,Hard,4.7306,9.4612,2,0.0,0.0,0.0,0.0,0.0,0.0,0.0,0.0,0.0,0.0,1.0,0.0,0.0,True,Qwen/Qwen2.5-Coder-7B-Instruct,None
99@y_name@DESC,Bar,Hard,4.7306,9.4612,2,0.0,0.0,0.0,0.0,0.0,0.0,0.0,0.0,0.0,0.0,1.0,0.0,0.0,True,Qwen/Qwen2.5-Coder-7B-Instruct,None
99@y_name@DESC,Bar,Hard,4.7306,9.4612,2,0.0,0.0,0.0,0.0,0.0,0.0,0.0,0.0,0.0,0.0,1.0,0.0,0.0,True,Qwen/Qwen2.5-Coder-7B-Instruct,None
100@y_name@DESC,Bar,Hard,24.1193,48.2385,2,0.5,0.0,0.0,0.0,0.5,0.0,0.0,0.0,0.5,0.5,0.0,,0.0,True,Qwen/Qwen2.5-Coder-7B-Instruct,None
100@y_name@DESC,Bar,Hard,24.1193,48.2385,2,0.5,0.0,0.0,0.0,0.5,0.0,0.0,0.0,0.5,0.5,0.0,,0.0,True,Qwen/Qwen2.5-Coder-7B-Instruct,None
100@y_name@DESC,Bar,Hard,24.1193,48.2385,2,0.5,0.0,0.0,0.0,0.5,0.0,0.0,0.0,0.5,0.5,0.0,,0.0,True,Qwen/Qwen2.5-Coder-7B-Instruct,None
102@y_name@ASC,Bar,Hard,7.4038,14.8076,2,0.0,0.0,0.0,0.0,0.0,0.0,0.0,0.0,0.0,0.0,1.0,0.0,0.0,True,Qwen/Qwen2.5-Coder-7B-Instruct,None
102@y_name@ASC,Bar,Hard,7.4038,14.8076,2,0.0,0.0,0.0,0.0,0.0,0.0,0.0,0.0,0.0,0.0,1.0,0.0,0.0,True,Qwen/Qwen2.5-Coder-7B-Instruct,None
102@y_name@ASC,Bar,Hard,7.4038,14.8076,2,0.0,0.0,0.0,0.0,0.0,0.0,0.0,0.0,0.0,0.0,1.0,0.0,0.0,True,Qwen/Qwen2.5-Coder-7B-Instruct,None
104@y_name@ASC,Bar,Extra Hard,7.941,15.8821,2,0.0,0.0,0.0,0.0,0.0,0.0,0.0,0.0,0.0,0.0,1.0,0.0,0.0,True,Qwen/Qwen2.5-Coder-7B-Instruct,None
104@y_name@ASC,Bar,Extra Hard,7.941,15.8821,2,0.0,0.0,0.0,0.0,0.0,0.0,0.0,0.0,0.0,0.0,1.0,0.0,0.0,True,Qwen/Qwen2.5-Coder-7B-Instruct,None
104@y_name@ASC,Bar,Extra Hard,7.941,15.8821,2,0.0,0.0,0.0,0.0,0.0,0.0,0.0,0.0,0.0,0.0,1.0,0.0,0.0,True,Qwen/Qwen2.5-Coder-7B-Instruct,None
1521@y_name@ASC,Bar,Hard,10.3427,51.7136,5,0.0,0.0,0.0,0.0,0.0,0.0,0.0,0.0,0.0,0.0,1.0,0.0,0.0,True,Qwen/Qwen2.5-Coder-7B-Instruct,None
1521@y_name@ASC,Bar,Hard,10.3427,51.7136,5,0.0,0.0,0.0,0.0,0.0,0.0,0.0,0.0,0.0,0.0,1.0,0.0,0.0,True,Qwen/Qwen2.5-Coder-7B-Instruct,None
1521@y_name@ASC,Bar,Hard,10.3427,51.7136,5,0.0,0.0,0.0,0.0,0.0,0.0,0.0,0.0,0.0,0.0,1.0,0.0,0.0,True,Qwen/Qwen2.5-Coder-7B-Instruct,None
2855@x_name@ASC,Bar,Medium,3.9781,11.9343,3,0.0,0.0,0.0,0.0,1.0,0.0,0.0,0.0,0.0,1.0,0.0,,0.0,False,Qwen/Qwen2.5-Coder-7B-Instruct,None
2855@x_name@ASC,Bar,Medium,3.9781,11.9343,3,0.0,0.0,0.0,0.0,1.0,0.0,0.0,0.0,0.0,1.0,0.0,,0.0,False,Qwen/Qwen2.5-Coder-7B-Instruct,None
2855@x_name@ASC,Bar,Medium,3.9781,11.9343,3,0.0,0.0,0.0,0.0,1.0,0.0,0.0,0.0,0.0,1.0,0.0,,0.0,False,Qwen/Qwen2.5-Coder-7B-Instruct,None
1329@y_name@DESC,Bar,Hard,6.5686,13.1372,2,0.0,0.0,0.0,0.0,0.5,0.0,0.0,0.0,0.0,0.5,0.5,0.0,0.0,True,Qwen/Qwen2.5-Coder-7B-Instruct,None
1329@y_name@DESC,Bar,Hard,6.5686,13.1372,2,0.0,0.0,0.0,0.0,0.5,0.0,0.0,0.0,0.0,0.5,0.5,0.0,0.0,True,Qwen/Qwen2.5-Coder-7B-Instruct,None
1329@y_name@DESC,Bar,Hard,6.5686,13.1372,2,0.0,0.0,0.0,0.0,0.5,0.0,0.0,0.0,0.0,0.5,0.5,0.0,0.0,True,Qwen/Qwen2.5-Coder-7B-Instruct,None
1335@y_name@DESC,Bar,Medium,5.4336,32.6015,6,0.0,0.0,0.0,0.0,1.0,0.0,0.0,0.0,0.0,1.0,0.0,,0.0,False,Qwen/Qwen2.5-Coder-7B-Instruct,None
1335@y_name@DESC,Bar,Medium,5.4336,32.6015,6,0.0,0.0,0.0,0.0,1.0,0.0,0.0,0.0,0.0,1.0,0.0,,0.0,False,Qwen/Qwen2.5-Coder-7B-Instruct,None
1335@y_name@DESC,Bar,Medium,5.4336,32.6015,6,0.0,0.0,0.0,0.0,1.0,0.0,0.0,0.0,0.0,1.0,0.0,,0.0,False,Qwen/Qwen2.5-Coder-7B-Instruct,None
1349@x_name@ASC,Grouping Line,Extra Hard,16.0113,48.034,3,0.3333333333333333,0.0,0.0,0.6666666666666666,0.6666666666666666,0.0,0.0,0.0,0.3333333333333333,0.6666666666666666,0.0,,0.0,False,Qwen/Qwen2.5-Coder-7B-Instruct,None
1349@x_name@ASC,Grouping Line,Extra Hard,16.0113,48.034,3,0.3333333333333333,0.0,0.0,0.6666666666666666,0.6666666666666666,0.0,0.0,0.0,0.3333333333333333,0.6666666666666666,0.0,,0.0,False,Qwen/Qwen2.5-Coder-7B-Instruct,None
1349@x_name@ASC,Grouping Line,Extra Hard,16.0113,48.034,3,0.3333333333333333,0.0,0.0,0.6666666666666666,0.6666666666666666,0.0,0.0,0.0,0.3333333333333333,0.6666666666666666,0.0,,0.0,False,Qwen/Qwen2.5-Coder-7B-Instruct,None
1356@x_name@ASC,Line,Medium,80.9442,323.7769,4,0.0,0.0,0.0,0.0,0.0,0.0,0.0,0.0,0.0,0.0,1.0,0.0,0.0,False,Qwen/Qwen2.5-Coder-7B-Instruct,None
1356@x_name@ASC,Line,Medium,80.9442,323.7769,4,0.0,0.0,0.0,0.0,0.0,0.0,0.0,0.0,0.0,0.0,1.0,0.0,0.0,False,Qwen/Qwen2.5-Coder-7B-Instruct,None
1356@x_name@ASC,Line,Medium,80.9442,323.7769,4,0.0,0.0,0.0,0.0,0.0,0.0,0.0,0.0,0.0,0.0,1.0,0.0,0.0,False,Qwen/Qwen2.5-Coder-7B-Instruct,None
515@y_name@ASC,Bar,Medium,5.559,22.2358,4,0.0,0.0,0.0,0.0,0.75,0.0,0.0,0.0,0.0,0.75,0.25,0.0,0.0,False,Qwen/Qwen2.5-Coder-7B-Instruct,None
515@y_name@ASC,Bar,Medium,5.559,22.2358,4,0.0,0.0,0.0,0.0,0.75,0.0,0.0,0.0,0.0,0.75,0.25,0.0,0.0,False,Qwen/Qwen2.5-Coder-7B-Instruct,None
515@y_name@ASC,Bar,Medium,5.559,22.2358,4,0.0,0.0,0.0,0.0,0.75,0.0,0.0,0.0,0.0,0.75,0.25,0.0,0.0,False,Qwen/Qwen2.5-Coder-7B-Instruct,None
522@y_name@DESC,Stacked Bar,Extra Hard,9.4951,9.4951,1,0.0,0.0,0.0,0.0,0.0,1.0,0.0,0.0,0.0,1.0,0.0,,0.0,True,Qwen/Qwen2.5-Coder-7B-Instruct,None
522@y_name@DESC,Stacked Bar,Extra Hard,9.4951,9.4951,1,0.0,0.0,0.0,0.0,0.0,1.0,0.0,0.0,0.0,1.0,0.0,,0.0,True,Qwen/Qwen2.5-Coder-7B-Instruct,None
522@y_name@DESC,Stacked Bar,Extra Hard,9.4951,9.4951,1,0.0,0.0,0.0,0.0,0.0,1.0,0.0,0.0,0.0,1.0,0.0,,0.0,True,Qwen/Qwen2.5-Coder-7B-Instruct,None
523@x_name@ASC,Bar,Hard,8.6878,8.6878,1,0.0,0.0,0.0,0.0,0.0,0.0,0.0,0.0,0.0,0.0,1.0,0.0,0.0,True,Qwen/Qwen2.5-Coder-7B-Instruct,None
523@x_name@ASC,Bar,Hard,8.6878,8.6878,1,0.0,0.0,0.0,0.0,0.0,0.0,0.0,0.0,0.0,0.0,1.0,0.0,0.0,True,Qwen/Qwen2.5-Coder-7B-Instruct,None
523@x_name@ASC,Bar,Hard,8.6878,8.6878,1,0.0,0.0,0.0,0.0,0.0,0.0,0.0,0.0,0.0,0.0,1.0,0.0,0.0,True,Qwen/Qwen2.5-Coder-7B-Instruct,None
529@x_name@DESC,Bar,Hard,5.9049,5.9049,1,0.0,0.0,0.0,0.0,0.0,1.0,0.0,0.0,0.0,1.0,0.0,,0.0,False,Qwen/Qwen2.5-Coder-7B-Instruct,None
529@x_name@DESC,Bar,Hard,5.9049,5.9049,1,0.0,0.0,0.0,0.0,0.0,1.0,0.0,0.0,0.0,1.0,0.0,,0.0,False,Qwen/Qwen2.5-Coder-7B-Instruct,None
529@x_name@DESC,Bar,Hard,5.9049,5.9049,1,0.0,0.0,0.0,0.0,0.0,1.0,0.0,0.0,0.0,1.0,0.0,,0.0,False,Qwen/Qwen2.5-Coder-7B-Instruct,None
533@y_name@DESC,Bar,Easy,4.3446,13.0339,3,0.0,0.0,0.0,0.0,0.0,0.0,0.0,0.0,0.0,0.0,1.0,0.0,0.0,False,Qwen/Qwen2.5-Coder-7B-Instruct,None
533@y_name@DESC,Bar,Easy,4.3446,13.0339,3,0.0,0.0,0.0,0.0,0.0,0.0,0.0,0.0,0.0,0.0,1.0,0.0,0.0,False,Qwen/Qwen2.5-Coder-7B-Instruct,None
533@y_name@DESC,Bar,Easy,4.3446,13.0339,3,0.0,0.0,0.0,0.0,0.0,0.0,0.0,0.0,0.0,0.0,1.0,0.0,0.0,False,Qwen/Qwen2.5-Coder-7B-Instruct,None
543@x_name@DESC,Bar,Medium,11.3016,22.6032,2,0.0,0.0,0.0,0.0,0.0,0.5,0.0,0.0,0.0,0.5,0.5,0.0,0.0,False,Qwen/Qwen2.5-Coder-7B-Instruct,None
543@x_name@DESC,Bar,Medium,11.3016,22.6032,2,0.0,0.0,0.0,0.0,0.0,0.5,0.0,0.0,0.0,0.5,0.5,0.0,0.0,False,Qwen/Qwen2.5-Coder-7B-Instruct,None
543@x_name@DESC,Bar,Medium,11.3016,22.6032,2,0.0,0.0,0.0,0.0,0.0,0.5,0.0,0.0,0.0,0.5,0.5,0.0,0.0,False,Qwen/Qwen2.5-Coder-7B-Instruct,None
544@x_name@DESC,Bar,Hard,6.5048,6.5048,1,0.0,0.0,0.0,0.0,0.0,1.0,0.0,0.0,0.0,1.0,0.0,,0.0,True,Qwen/Qwen2.5-Coder-7B-Instruct,None
544@x_name@DESC,Bar,Hard,6.5048,6.5048,1,0.0,0.0,0.0,0.0,0.0,1.0,0.0,0.0,0.0,1.0,0.0,,0.0,True,Qwen/Qwen2.5-Coder-7B-Instruct,None
544@x_name@DESC,Bar,Hard,6.5048,6.5048,1,0.0,0.0,0.0,0.0,0.0,1.0,0.0,0.0,0.0,1.0,0.0,,0.0,True,Qwen/Qwen2.5-Coder-7B-Instruct,None
545@x_name@DESC,Bar,Hard,7.173,7.173,1,0.0,0.0,0.0,0.0,0.0,0.0,0.0,0.0,0.0,0.0,1.0,0.0,0.0,True,Qwen/Qwen2.5-Coder-7B-Instruct,None
545@x_name@DESC,Bar,Hard,7.173,7.173,1,0.0,0.0,0.0,0.0,0.0,0.0,0.0,0.0,0.0,0.0,1.0,0.0,0.0,True,Qwen/Qwen2.5-Coder-7B-Instruct,None
545@x_name@DESC,Bar,Hard,7.173,7.173,1,0.0,0.0,0.0,0.0,0.0,0.0,0.0,0.0,0.0,0.0,1.0,0.0,0.0,True,Qwen/Qwen2.5-Coder-7B-Instruct,None
548@x_name@ASC,Line,Extra Hard,22.8468,45.6936,2,0.0,0.0,0.0,0.0,0.5,0.0,0.0,0.0,0.0,0.5,0.5,0.0,0.0,True,Qwen/Qwen2.5-Coder-7B-Instruct,None
548@x_name@ASC,Line,Extra Hard,22.8468,45.6936,2,0.0,0.0,0.0,0.0,0.5,0.0,0.0,0.0,0.0,0.5,0.5,0.0,0.0,True,Qwen/Qwen2.5-Coder-7B-Instruct,None
548@x_name@ASC,Line,Extra Hard,22.8468,45.6936,2,0.0,0.0,0.0,0.0,0.5,0.0,0.0,0.0,0.0,0.5,0.5,0.0,0.0,True,Qwen/Qwen2.5-Coder-7B-Instruct,None
550@y_name@DESC,Bar,Extra Hard,9.4976,18.9952,2,0.0,0.0,0.0,0.0,0.0,0.0,0.0,0.0,0.0,0.0,1.0,0.0,0.0,True,Qwen/Qwen2.5-Coder-7B-Instruct,None
550@y_name@DESC,Bar,Extra Hard,9.4976,18.9952,2,0.0,0.0,0.0,0.0,0.0,0.0,0.0,0.0,0.0,0.0,1.0,0.0,0.0,True,Qwen/Qwen2.5-Coder-7B-Instruct,None
550@y_name@DESC,Bar,Extra Hard,9.4976,18.9952,2,0.0,0.0,0.0,0.0,0.0,0.0,0.0,0.0,0.0,0.0,1.0,0.0,0.0,True,Qwen/Qwen2.5-Coder-7B-Instruct,None
552@y_name@ASC,Bar,Extra Hard,21.8668,43.7336,2,0.5,0.0,0.0,0.0,0.0,0.0,0.0,0.0,0.5,0.0,0.5,0.0,0.0,True,Qwen/Qwen2.5-Coder-7B-Instruct,None
552@y_name@ASC,Bar,Extra Hard,21.8668,43.7336,2,0.5,0.0,0.0,0.0,0.0,0.0,0.0,0.0,0.5,0.0,0.5,0.0,0.0,True,Qwen/Qwen2.5-Coder-7B-Instruct,None
552@y_name@ASC,Bar,Extra Hard,21.8668,43.7336,2,0.5,0.0,0.0,0.0,0.0,0.0,0.0,0.0,0.5,0.0,0.5,0.0,0.0,True,Qwen/Qwen2.5-Coder-7B-Instruct,None
553@y_name@DESC,Bar,Medium,26.69,133.45,5,0.0,0.0,0.0,0.0,0.0,0.0,0.0,0.0,0.0,0.0,1.0,0.0,0.0,False,Qwen/Qwen2.5-Coder-7B-Instruct,None
553@y_name@DESC,Bar,Medium,26.69,133.45,5,0.0,0.0,0.0,0.0,0.0,0.0,0.0,0.0,0.0,0.0,1.0,0.0,0.0,False,Qwen/Qwen2.5-Coder-7B-Instruct,None
553@y_name@DESC,Bar,Medium,26.69,133.45,5,0.0,0.0,0.0,0.0,0.0,0.0,0.0,0.0,0.0,0.0,1.0,0.0,0.0,False,Qwen/Qwen2.5-Coder-7B-Instruct,None
555@y_name@DESC,Bar,Hard,13.9222,55.6888,4,0.25,0.0,0.0,0.0,0.75,0.0,0.0,0.0,0.25,0.75,0.0,,0.0,True,Qwen/Qwen2.5-Coder-7B-Instruct,None
555@y_name@DESC,Bar,Hard,13.9222,55.6888,4,0.25,0.0,0.0,0.0,0.75,0.0,0.0,0.0,0.25,0.75,0.0,,0.0,True,Qwen/Qwen2.5-Coder-7B-Instruct,None
555@y_name@DESC,Bar,Hard,13.9222,55.6888,4,0.25,0.0,0.0,0.0,0.75,0.0,0.0,0.0,0.25,0.75,0.0,,0.0,True,Qwen/Qwen2.5-Coder-7B-Instruct,None
558@x_name@ASC,Stacked Bar,Extra Hard,33.6967,67.3934,2,1.0,0.0,0.0,0.0,0.0,0.0,0.0,0.0,1.0,0.0,0.0,,0.0,True,Qwen/Qwen2.5-Coder-7B-Instruct,None
558@x_name@ASC,Stacked Bar,Extra Hard,33.6967,67.3934,2,1.0,0.0,0.0,0.0,0.0,0.0,0.0,0.0,1.0,0.0,0.0,,0.0,True,Qwen/Qwen2.5-Coder-7B-Instruct,None
558@x_name@ASC,Stacked Bar,Extra Hard,33.6967,67.3934,2,1.0,0.0,0.0,0.0,0.0,0.0,0.0,0.0,1.0,0.0,0.0,,0.0,True,Qwen/Qwen2.5-Coder-7B-Instruct,None
564@x_name@ASC,Bar,Medium,11.3594,34.0782,3,0.0,0.0,0.0,0.0,0.0,0.3333333333333333,0.0,0.0,0.0,0.3333333333333333,0.6666666666666666,0.0,0.0,False,Qwen/Qwen2.5-Coder-7B-Instruct,None
564@x_name@ASC,Bar,Medium,11.3594,34.0782,3,0.0,0.0,0.0,0.0,0.0,0.3333333333333333,0.0,0.0,0.0,0.3333333333333333,0.6666666666666666,0.0,0.0,False,Qwen/Qwen2.5-Coder-7B-Instruct,None
564@x_name@ASC,Bar,Medium,11.3594,34.0782,3,0.0,0.0,0.0,0.0,0.0,0.3333333333333333,0.0,0.0,0.0,0.3333333333333333,0.6666666666666666,0.0,0.0,False,Qwen/Qwen2.5-Coder-7B-Instruct,None
576@y_name@DESC,Bar,Extra Hard,8.5499,17.0999,2,0.0,0.0,0.0,0.0,0.0,0.0,0.0,0.0,0.0,0.0,1.0,0.0,0.0,True,Qwen/Qwen2.5-Coder-7B-Instruct,None
576@y_name@DESC,Bar,Extra Hard,8.5499,17.0999,2,0.0,0.0,0.0,0.0,0.0,0.0,0.0,0.0,0.0,0.0,1.0,0.0,0.0,True,Qwen/Qwen2.5-Coder-7B-Instruct,None
576@y_name@DESC,Bar,Extra Hard,8.5499,17.0999,2,0.0,0.0,0.0,0.0,0.0,0.0,0.0,0.0,0.0,0.0,1.0,0.0,0.0,True,Qwen/Qwen2.5-Coder-7B-Instruct,None
578@y_name@ASC,Bar,Extra Hard,8.3696,16.7392,2,0.0,0.0,0.0,0.0,0.0,0.0,0.0,0.0,0.0,0.0,1.0,0.0,0.0,True,Qwen/Qwen2.5-Coder-7B-Instruct,None
578@y_name@ASC,Bar,Extra Hard,8.3696,16.7392,2,0.0,0.0,0.0,0.0,0.0,0.0,0.0,0.0,0.0,0.0,1.0,0.0,0.0,True,Qwen/Qwen2.5-Coder-7B-Instruct,None
578@y_name@ASC,Bar,Extra Hard,8.3696,16.7392,2,0.0,0.0,0.0,0.0,0.0,0.0,0.0,0.0,0.0,0.0,1.0,0.0,0.0,True,Qwen/Qwen2.5-Coder-7B-Instruct,None
580@x_name@DESC,Bar,Medium,4.5322,4.5322,1,0.0,0.0,0.0,0.0,0.0,1.0,0.0,0.0,0.0,1.0,0.0,,0.0,False,Qwen/Qwen2.5-Coder-7B-Instruct,None
580@x_name@DESC,Bar,Medium,4.5322,4.5322,1,0.0,0.0,0.0,0.0,0.0,1.0,0.0,0.0,0.0,1.0,0.0,,0.0,False,Qwen/Qwen2.5-Coder-7B-Instruct,None
580@x_name@DESC,Bar,Medium,4.5322,4.5322,1,0.0,0.0,0.0,0.0,0.0,1.0,0.0,0.0,0.0,1.0,0.0,,0.0,False,Qwen/Qwen2.5-Coder-7B-Instruct,None
586@x_name@DESC,Bar,Medium,5.5617,16.6852,3,0.0,0.0,0.0,0.0,0.0,0.0,0.0,0.0,0.0,0.0,1.0,0.0,0.0,False,Qwen/Qwen2.5-Coder-7B-Instruct,None
586@x_name@DESC,Bar,Medium,5.5617,16.6852,3,0.0,0.0,0.0,0.0,0.0,0.0,0.0,0.0,0.0,0.0,1.0,0.0,0.0,False,Qwen/Qwen2.5-Coder-7B-Instruct,None
586@x_name@DESC,Bar,Medium,5.5617,16.6852,3,0.0,0.0,0.0,0.0,0.0,0.0,0.0,0.0,0.0,0.0,1.0,0.0,0.0,False,Qwen/Qwen2.5-Coder-7B-Instruct,None
2156@y_name@DESC,Bar,Extra Hard,8.1393,8.1393,1,0.0,0.0,0.0,0.0,0.0,0.0,0.0,0.0,0.0,0.0,1.0,0.0,0.0,True,Qwen/Qwen2.5-Coder-7B-Instruct,None
2156@y_name@DESC,Bar,Extra Hard,8.1393,8.1393,1,0.0,0.0,0.0,0.0,0.0,0.0,0.0,0.0,0.0,0.0,1.0,0.0,0.0,True,Qwen/Qwen2.5-Coder-7B-Instruct,None
2156@y_name@DESC,Bar,Extra Hard,8.1393,8.1393,1,0.0,0.0,0.0,0.0,0.0,0.0,0.0,0.0,0.0,0.0,1.0,0.0,0.0,True,Qwen/Qwen2.5-Coder-7B-Instruct,None
686@y_name@DESC,Bar,Hard,6.5892,13.1784,2,0.0,0.0,0.0,0.0,0.0,0.0,0.0,0.0,0.0,0.0,1.0,0.0,0.0,True,Qwen/Qwen2.5-Coder-7B-Instruct,None
686@y_name@DESC,Bar,Hard,6.5892,13.1784,2,0.0,0.0,0.0,0.0,0.0,0.0,0.0,0.0,0.0,0.0,1.0,0.0,0.0,True,Qwen/Qwen2.5-Coder-7B-Instruct,None
686@y_name@DESC,Bar,Hard,6.5892,13.1784,2,0.0,0.0,0.0,0.0,0.0,0.0,0.0,0.0,0.0,0.0,1.0,0.0,0.0,True,Qwen/Qwen2.5-Coder-7B-Instruct,None
687@y_name@DESC,Bar,Hard,6.8119,6.8119,1,0.0,0.0,0.0,0.0,0.0,0.0,0.0,0.0,0.0,0.0,1.0,0.0,0.0,True,Qwen/Qwen2.5-Coder-7B-Instruct,None
687@y_name@DESC,Bar,Hard,6.8119,6.8119,1,0.0,0.0,0.0,0.0,0.0,0.0,0.0,0.0,0.0,0.0,1.0,0.0,0.0,True,Qwen/Qwen2.5-Coder-7B-Instruct,None
687@y_name@DESC,Bar,Hard,6.8119,6.8119,1,0.0,0.0,0.0,0.0,0.0,0.0,0.0,0.0,0.0,0.0,1.0,0.0,0.0,True,Qwen/Qwen2.5-Coder-7B-Instruct,None
172@y_name@ASC,Bar,Medium,4.0214,8.0428,2,0.0,0.0,0.0,0.0,0.0,0.0,0.0,0.0,0.0,0.0,1.0,0.0,0.0,False,Qwen/Qwen2.5-Coder-7B-Instruct,None
172@y_name@ASC,Bar,Medium,4.0214,8.0428,2,0.0,0.0,0.0,0.0,0.0,0.0,0.0,0.0,0.0,0.0,1.0,0.0,0.0,False,Qwen/Qwen2.5-Coder-7B-Instruct,None
172@y_name@ASC,Bar,Medium,4.0214,8.0428,2,0.0,0.0,0.0,0.0,0.0,0.0,0.0,0.0,0.0,0.0,1.0,0.0,0.0,False,Qwen/Qwen2.5-Coder-7B-Instruct,None
1210@y_name@ASC,Bar,Medium,5.699,11.398,2,0.0,0.0,0.0,0.0,0.0,0.0,0.0,0.0,0.0,0.0,1.0,0.0,0.0,False,Qwen/Qwen2.5-Coder-7B-Instruct,None
1210@y_name@ASC,Bar,Medium,5.699,11.398,2,0.0,0.0,0.0,0.0,0.0,0.0,0.0,0.0,0.0,0.0,1.0,0.0,0.0,False,Qwen/Qwen2.5-Coder-7B-Instruct,None
1210@y_name@ASC,Bar,Medium,5.699,11.398,2,0.0,0.0,0.0,0.0,0.0,0.0,0.0,0.0,0.0,0.0,1.0,0.0,0.0,False,Qwen/Qwen2.5-Coder-7B-Instruct,None
1215@y_name@DESC,Bar,Hard,5.7235,5.7235,1,0.0,0.0,0.0,0.0,0.0,0.0,0.0,0.0,0.0,0.0,1.0,0.0,0.0,False,Qwen/Qwen2.5-Coder-7B-Instruct,None
1215@y_name@DESC,Bar,Hard,5.7235,5.7235,1,0.0,0.0,0.0,0.0,0.0,0.0,0.0,0.0,0.0,0.0,1.0,0.0,0.0,False,Qwen/Qwen2.5-Coder-7B-Instruct,None
1215@y_name@DESC,Bar,Hard,5.7235,5.7235,1,0.0,0.0,0.0,0.0,0.0,0.0,0.0,0.0,0.0,0.0,1.0,0.0,0.0,False,Qwen/Qwen2.5-Coder-7B-Instruct,None
1217@x_name@DESC,Bar,Extra Hard,26.0217,52.0435,2,1.0,0.0,0.0,0.0,0.0,0.0,0.0,0.0,1.0,0.0,0.0,,0.0,True,Qwen/Qwen2.5-Coder-7B-Instruct,None
1217@x_name@DESC,Bar,Extra Hard,26.0217,52.0435,2,1.0,0.0,0.0,0.0,0.0,0.0,0.0,0.0,1.0,0.0,0.0,,0.0,True,Qwen/Qwen2.5-Coder-7B-Instruct,None
1217@x_name@DESC,Bar,Extra Hard,26.0217,52.0435,2,1.0,0.0,0.0,0.0,0.0,0.0,0.0,0.0,1.0,0.0,0.0,,0.0,True,Qwen/Qwen2.5-Coder-7B-Instruct,None
1220@x_name@DESC,Bar,Hard,6.9885,6.9885,1,0.0,0.0,0.0,0.0,1.0,0.0,0.0,0.0,0.0,1.0,0.0,,0.0,False,Qwen/Qwen2.5-Coder-7B-Instruct,None
1220@x_name@DESC,Bar,Hard,6.9885,6.9885,1,0.0,0.0,0.0,0.0,1.0,0.0,0.0,0.0,0.0,1.0,0.0,,0.0,False,Qwen/Qwen2.5-Coder-7B-Instruct,None
1220@x_name@DESC,Bar,Hard,6.9885,6.9885,1,0.0,0.0,0.0,0.0,1.0,0.0,0.0,0.0,0.0,1.0,0.0,,0.0,False,Qwen/Qwen2.5-Coder-7B-Instruct,None
1222@y_name@DESC,Bar,Hard,19.9791,59.9372,3,0.6666666666666666,0.0,0.0,0.0,0.3333333333333333,0.0,0.0,0.0,0.6666666666666666,0.3333333333333333,0.0,,0.0,True,Qwen/Qwen2.5-Coder-7B-Instruct,None
1222@y_name@DESC,Bar,Hard,19.9791,59.9372,3,0.6666666666666666,0.0,0.0,0.0,0.3333333333333333,0.0,0.0,0.0,0.6666666666666666,0.3333333333333333,0.0,,0.0,True,Qwen/Qwen2.5-Coder-7B-Instruct,None
1222@y_name@DESC,Bar,Hard,19.9791,59.9372,3,0.6666666666666666,0.0,0.0,0.0,0.3333333333333333,0.0,0.0,0.0,0.6666666666666666,0.3333333333333333,0.0,,0.0,True,Qwen/Qwen2.5-Coder-7B-Instruct,None
1224@y_name@DESC,Bar,Extra Hard,12.358,49.432,4,0.0,0.0,0.0,0.0,0.25,0.0,0.0,0.0,0.0,0.25,0.75,0.0,0.0,True,Qwen/Qwen2.5-Coder-7B-Instruct,None
1224@y_name@DESC,Bar,Extra Hard,12.358,49.432,4,0.0,0.0,0.0,0.0,0.25,0.0,0.0,0.0,0.0,0.25,0.75,0.0,0.0,True,Qwen/Qwen2.5-Coder-7B-Instruct,None
1224@y_name@DESC,Bar,Extra Hard,12.358,49.432,4,0.0,0.0,0.0,0.0,0.25,0.0,0.0,0.0,0.0,0.25,0.75,0.0,0.0,True,Qwen/Qwen2.5-Coder-7B-Instruct,None
1225@y_name@DESC,Bar,Hard,4.7293,4.7293,1,0.0,0.0,0.0,0.0,0.0,0.0,0.0,0.0,0.0,0.0,1.0,0.0,0.0,False,Qwen/Qwen2.5-Coder-7B-Instruct,None
1225@y_name@DESC,Bar,Hard,4.7293,4.7293,1,0.0,0.0,0.0,0.0,0.0,0.0,0.0,0.0,0.0,0.0,1.0,0.0,0.0,False,Qwen/Qwen2.5-Coder-7B-Instruct,None
1225@y_name@DESC,Bar,Hard,4.7293,4.7293,1,0.0,0.0,0.0,0.0,0.0,0.0,0.0,0.0,0.0,0.0,1.0,0.0,0.0,False,Qwen/Qwen2.5-Coder-7B-Instruct,None
1226@y_name@DESC,Bar,Hard,5.3974,5.3974,1,0.0,0.0,0.0,0.0,0.0,0.0,0.0,0.0,0.0,0.0,1.0,0.0,0.0,False,Qwen/Qwen2.5-Coder-7B-Instruct,None
1226@y_name@DESC,Bar,Hard,5.3974,5.3974,1,0.0,0.0,0.0,0.0,0.0,0.0,0.0,0.0,0.0,0.0,1.0,0.0,0.0,False,Qwen/Qwen2.5-Coder-7B-Instruct,None
1226@y_name@DESC,Bar,Hard,5.3974,5.3974,1,0.0,0.0,0.0,0.0,0.0,0.0,0.0,0.0,0.0,0.0,1.0,0.0,0.0,False,Qwen/Qwen2.5-Coder-7B-Instruct,None
1227@x_name@DESC,Bar,Extra Hard,11.607,11.607,1,0.0,0.0,0.0,0.0,0.0,1.0,0.0,0.0,0.0,1.0,0.0,,0.0,True,Qwen/Qwen2.5-Coder-7B-Instruct,None
1227@x_name@DESC,Bar,Extra Hard,11.607,11.607,1,0.0,0.0,0.0,0.0,0.0,1.0,0.0,0.0,0.0,1.0,0.0,,0.0,True,Qwen/Qwen2.5-Coder-7B-Instruct,None
1227@x_name@DESC,Bar,Extra Hard,11.607,11.607,1,0.0,0.0,0.0,0.0,0.0,1.0,0.0,0.0,0.0,1.0,0.0,,0.0,True,Qwen/Qwen2.5-Coder-7B-Instruct,None
1235@x_name@DESC,Bar,Medium,5.3963,5.3963,1,0.0,0.0,0.0,0.0,0.0,0.0,0.0,0.0,0.0,0.0,1.0,0.0,0.0,False,Qwen/Qwen2.5-Coder-7B-Instruct,None
1235@x_name@DESC,Bar,Medium,5.3963,5.3963,1,0.0,0.0,0.0,0.0,0.0,0.0,0.0,0.0,0.0,0.0,1.0,0.0,0.0,False,Qwen/Qwen2.5-Coder-7B-Instruct,None
1235@x_name@DESC,Bar,Medium,5.3963,5.3963,1,0.0,0.0,0.0,0.0,0.0,0.0,0.0,0.0,0.0,0.0,1.0,0.0,0.0,False,Qwen/Qwen2.5-Coder-7B-Instruct,None
1237@y_name@ASC,Bar,Medium,3.6151,10.8452,3,0.0,0.0,0.0,0.0,0.0,0.0,0.0,0.0,0.0,0.0,1.0,0.0,0.0,False,Qwen/Qwen2.5-Coder-7B-Instruct,None
1237@y_name@ASC,Bar,Medium,3.6151,10.8452,3,0.0,0.0,0.0,0.0,0.0,0.0,0.0,0.0,0.0,0.0,1.0,0.0,0.0,False,Qwen/Qwen2.5-Coder-7B-Instruct,None
1237@y_name@ASC,Bar,Medium,3.6151,10.8452,3,0.0,0.0,0.0,0.0,0.0,0.0,0.0,0.0,0.0,0.0,1.0,0.0,0.0,False,Qwen/Qwen2.5-Coder-7B-Instruct,None
1238@x_name@ASC,Bar,Easy,6.6326,13.2651,2,0.0,0.0,0.0,0.0,0.0,0.0,0.0,0.0,0.0,0.0,1.0,0.0,0.0,False,Qwen/Qwen2.5-Coder-7B-Instruct,None
1238@x_name@ASC,Bar,Easy,6.6326,13.2651,2,0.0,0.0,0.0,0.0,0.0,0.0,0.0,0.0,0.0,0.0,1.0,0.0,0.0,False,Qwen/Qwen2.5-Coder-7B-Instruct,None
1238@x_name@ASC,Bar,Easy,6.6326,13.2651,2,0.0,0.0,0.0,0.0,0.0,0.0,0.0,0.0,0.0,0.0,1.0,0.0,0.0,False,Qwen/Qwen2.5-Coder-7B-Instruct,None
2610@y_name@ASC,Bar,Medium,5.6845,5.6845,1,0.0,0.0,0.0,0.0,0.0,0.0,0.0,0.0,0.0,0.0,1.0,0.0,0.0,False,Qwen/Qwen2.5-Coder-7B-Instruct,None
2610@y_name@ASC,Bar,Medium,5.6845,5.6845,1,0.0,0.0,0.0,0.0,0.0,0.0,0.0,0.0,0.0,0.0,1.0,0.0,0.0,False,Qwen/Qwen2.5-Coder-7B-Instruct,None
2610@y_name@ASC,Bar,Medium,5.6845,5.6845,1,0.0,0.0,0.0,0.0,0.0,0.0,0.0,0.0,0.0,0.0,1.0,0.0,0.0,False,Qwen/Qwen2.5-Coder-7B-Instruct,None
2614@x_name@DESC,Bar,Hard,6.9484,6.9484,1,0.0,0.0,0.0,0.0,0.0,1.0,0.0,0.0,0.0,1.0,0.0,,0.0,True,Qwen/Qwen2.5-Coder-7B-Instruct,None
2614@x_name@DESC,Bar,Hard,6.9484,6.9484,1,0.0,0.0,0.0,0.0,0.0,1.0,0.0,0.0,0.0,1.0,0.0,,0.0,True,Qwen/Qwen2.5-Coder-7B-Instruct,None
2614@x_name@DESC,Bar,Hard,6.9484,6.9484,1,0.0,0.0,0.0,0.0,0.0,1.0,0.0,0.0,0.0,1.0,0.0,,0.0,True,Qwen/Qwen2.5-Coder-7B-Instruct,None
2771@x_name@ASC,Bar,Hard,7.1583,7.1583,1,0.0,0.0,0.0,0.0,0.0,0.0,0.0,0.0,0.0,0.0,1.0,0.0,0.0,True,Qwen/Qwen2.5-Coder-7B-Instruct,None
2771@x_name@ASC,Bar,Hard,7.1583,7.1583,1,0.0,0.0,0.0,0.0,0.0,0.0,0.0,0.0,0.0,0.0,1.0,0.0,0.0,True,Qwen/Qwen2.5-Coder-7B-Instruct,None
2771@x_name@ASC,Bar,Hard,7.1583,7.1583,1,0.0,0.0,0.0,0.0,0.0,0.0,0.0,0.0,0.0,0.0,1.0,0.0,0.0,True,Qwen/Qwen2.5-Coder-7B-Instruct,None
2772@y_name@ASC,Bar,Hard,6.0866,6.0866,1,0.0,0.0,0.0,0.0,0.0,0.0,0.0,0.0,0.0,0.0,1.0,0.0,0.0,True,Qwen/Qwen2.5-Coder-7B-Instruct,None
2772@y_name@ASC,Bar,Hard,6.0866,6.0866,1,0.0,0.0,0.0,0.0,0.0,0.0,0.0,0.0,0.0,0.0,1.0,0.0,0.0,True,Qwen/Qwen2.5-Coder-7B-Instruct,None
2772@y_name@ASC,Bar,Hard,6.0866,6.0866,1,0.0,0.0,0.0,0.0,0.0,0.0,0.0,0.0,0.0,0.0,1.0,0.0,0.0,True,Qwen/Qwen2.5-Coder-7B-Instruct,None
2774@x_name@ASC,Bar,Medium,4.8187,9.6374,2,0.0,0.0,0.0,0.0,0.0,0.0,0.0,0.0,0.0,0.0,1.0,0.0,0.0,False,Qwen/Qwen2.5-Coder-7B-Instruct,None
2774@x_name@ASC,Bar,Medium,4.8187,9.6374,2,0.0,0.0,0.0,0.0,0.0,0.0,0.0,0.0,0.0,0.0,1.0,0.0,0.0,False,Qwen/Qwen2.5-Coder-7B-Instruct,None
2774@x_name@ASC,Bar,Medium,4.8187,9.6374,2,0.0,0.0,0.0,0.0,0.0,0.0,0.0,0.0,0.0,0.0,1.0,0.0,0.0,False,Qwen/Qwen2.5-Coder-7B-Instruct,None
435@x_name@DESC,Bar,Medium,5.3667,10.7335,2,0.0,0.0,0.0,0.0,0.5,0.0,0.0,0.0,0.0,0.5,0.5,0.0,0.0,False,Qwen/Qwen2.5-Coder-7B-Instruct,None
435@x_name@DESC,Bar,Medium,5.3667,10.7335,2,0.0,0.0,0.0,0.0,0.5,0.0,0.0,0.0,0.0,0.5,0.5,0.0,0.0,False,Qwen/Qwen2.5-Coder-7B-Instruct,None
435@x_name@DESC,Bar,Medium,5.3667,10.7335,2,0.0,0.0,0.0,0.0,0.5,0.0,0.0,0.0,0.0,0.5,0.5,0.0,0.0,False,Qwen/Qwen2.5-Coder-7B-Instruct,None
279@y_name@DESC,Bar,Hard,5.8262,5.8262,1,0.0,0.0,0.0,0.0,0.0,0.0,0.0,0.0,0.0,0.0,1.0,0.0,0.0,False,Qwen/Qwen2.5-Coder-7B-Instruct,None
279@y_name@DESC,Bar,Hard,5.8262,5.8262,1,0.0,0.0,0.0,0.0,0.0,0.0,0.0,0.0,0.0,0.0,1.0,0.0,0.0,False,Qwen/Qwen2.5-Coder-7B-Instruct,None
279@y_name@DESC,Bar,Hard,5.8262,5.8262,1,0.0,0.0,0.0,0.0,0.0,0.0,0.0,0.0,0.0,0.0,1.0,0.0,0.0,False,Qwen/Qwen2.5-Coder-7B-Instruct,None
3267@y_name@ASC,Bar,Hard,9.0129,18.0257,2,0.0,0.0,0.0,0.0,0.5,0.0,0.0,0.0,0.0,0.5,0.5,0.0,0.0,False,Qwen/Qwen2.5-Coder-7B-Instruct,None
3267@y_name@ASC,Bar,Hard,9.0129,18.0257,2,0.0,0.0,0.0,0.0,0.5,0.0,0.0,0.0,0.0,0.5,0.5,0.0,0.0,False,Qwen/Qwen2.5-Coder-7B-Instruct,None
3267@y_name@ASC,Bar,Hard,9.0129,18.0257,2,0.0,0.0,0.0,0.0,0.5,0.0,0.0,0.0,0.0,0.5,0.5,0.0,0.0,False,Qwen/Qwen2.5-Coder-7B-Instruct,None
3269@y_name@ASC,Bar,Medium,12.991,12.991,1,0.0,0.0,0.0,0.0,0.0,1.0,0.0,0.0,0.0,1.0,0.0,,0.0,False,Qwen/Qwen2.5-Coder-7B-Instruct,None
3269@y_name@ASC,Bar,Medium,12.991,12.991,1,0.0,0.0,0.0,0.0,0.0,1.0,0.0,0.0,0.0,1.0,0.0,,0.0,False,Qwen/Qwen2.5-Coder-7B-Instruct,None
3269@y_name@ASC,Bar,Medium,12.991,12.991,1,0.0,0.0,0.0,0.0,0.0,1.0,0.0,0.0,0.0,1.0,0.0,,0.0,False,Qwen/Qwen2.5-Coder-7B-Instruct,None
3071@y_name@ASC,Bar,Medium,4.6304,23.1522,5,0.0,0.0,0.0,0.0,0.8,0.0,0.0,0.0,0.0,0.8,0.2,0.0,0.0,False,Qwen/Qwen2.5-Coder-7B-Instruct,None
3071@y_name@ASC,Bar,Medium,4.6304,23.1522,5,0.0,0.0,0.0,0.0,0.8,0.0,0.0,0.0,0.0,0.8,0.2,0.0,0.0,False,Qwen/Qwen2.5-Coder-7B-Instruct,None
3071@y_name@ASC,Bar,Medium,4.6304,23.1522,5,0.0,0.0,0.0,0.0,0.8,0.0,0.0,0.0,0.0,0.8,0.2,0.0,0.0,False,Qwen/Qwen2.5-Coder-7B-Instruct,None
3123@x_name@DESC,Bar,Medium,5.3175,15.9526,3,0.0,0.0,0.0,0.0,0.0,0.3333333333333333,0.0,0.0,0.0,0.3333333333333333,0.6666666666666666,0.0,0.0,False,Qwen/Qwen2.5-Coder-7B-Instruct,None
3123@x_name@DESC,Bar,Medium,5.3175,15.9526,3,0.0,0.0,0.0,0.0,0.0,0.3333333333333333,0.0,0.0,0.0,0.3333333333333333,0.6666666666666666,0.0,0.0,False,Qwen/Qwen2.5-Coder-7B-Instruct,None
3123@x_name@DESC,Bar,Medium,5.3175,15.9526,3,0.0,0.0,0.0,0.0,0.0,0.3333333333333333,0.0,0.0,0.0,0.3333333333333333,0.6666666666666666,0.0,0.0,False,Qwen/Qwen2.5-Coder-7B-Instruct,None
3124@x_name@ASC,Bar,Medium,3.981,11.9431,3,0.0,0.0,0.0,0.0,0.0,0.0,0.0,0.0,0.0,0.0,1.0,0.0,0.0,False,Qwen/Qwen2.5-Coder-7B-Instruct,None
3124@x_name@ASC,Bar,Medium,3.981,11.9431,3,0.0,0.0,0.0,0.0,0.0,0.0,0.0,0.0,0.0,0.0,1.0,0.0,0.0,False,Qwen/Qwen2.5-Coder-7B-Instruct,None
3124@x_name@ASC,Bar,Medium,3.981,11.9431,3,0.0,0.0,0.0,0.0,0.0,0.0,0.0,0.0,0.0,0.0,1.0,0.0,0.0,False,Qwen/Qwen2.5-Coder-7B-Instruct,None
3134@y_name@ASC,Bar,Easy,5.3274,26.6369,5,0.0,0.0,0.0,0.0,0.0,0.0,0.0,0.0,0.0,0.0,1.0,0.0,0.0,False,Qwen/Qwen2.5-Coder-7B-Instruct,None
3134@y_name@ASC,Bar,Easy,5.3274,26.6369,5,0.0,0.0,0.0,0.0,0.0,0.0,0.0,0.0,0.0,0.0,1.0,0.0,0.0,False,Qwen/Qwen2.5-Coder-7B-Instruct,None
3134@y_name@ASC,Bar,Easy,5.3274,26.6369,5,0.0,0.0,0.0,0.0,0.0,0.0,0.0,0.0,0.0,0.0,1.0,0.0,0.0,False,Qwen/Qwen2.5-Coder-7B-Instruct,None
3135@y_name@ASC,Bar,Easy,6.1766,18.5297,3,0.0,0.0,0.0,0.0,0.0,0.0,0.0,0.0,0.0,0.0,1.0,0.0,0.0,False,Qwen/Qwen2.5-Coder-7B-Instruct,None
3135@y_name@ASC,Bar,Easy,6.1766,18.5297,3,0.0,0.0,0.0,0.0,0.0,0.0,0.0,0.0,0.0,0.0,1.0,0.0,0.0,False,Qwen/Qwen2.5-Coder-7B-Instruct,None
3135@y_name@ASC,Bar,Easy,6.1766,18.5297,3,0.0,0.0,0.0,0.0,0.0,0.0,0.0,0.0,0.0,0.0,1.0,0.0,0.0,False,Qwen/Qwen2.5-Coder-7B-Instruct,None
3137@y_name@DESC,Bar,Easy,6.8933,34.4665,5,0.0,0.0,0.0,0.0,0.0,0.0,0.0,0.0,0.0,0.0,1.0,0.0,0.0,False,Qwen/Qwen2.5-Coder-7B-Instruct,None
3137@y_name@DESC,Bar,Easy,6.8933,34.4665,5,0.0,0.0,0.0,0.0,0.0,0.0,0.0,0.0,0.0,0.0,1.0,0.0,0.0,False,Qwen/Qwen2.5-Coder-7B-Instruct,None
3137@y_name@DESC,Bar,Easy,6.8933,34.4665,5,0.0,0.0,0.0,0.0,0.0,0.0,0.0,0.0,0.0,0.0,1.0,0.0,0.0,False,Qwen/Qwen2.5-Coder-7B-Instruct,None
3138@x_name@ASC,Bar,Easy,5.5068,22.0274,4,0.0,0.0,0.0,0.0,0.0,0.0,0.0,0.0,0.0,0.0,1.0,0.0,0.0,False,Qwen/Qwen2.5-Coder-7B-Instruct,None
3138@x_name@ASC,Bar,Easy,5.5068,22.0274,4,0.0,0.0,0.0,0.0,0.0,0.0,0.0,0.0,0.0,0.0,1.0,0.0,0.0,False,Qwen/Qwen2.5-Coder-7B-Instruct,None
3138@x_name@ASC,Bar,Easy,5.5068,22.0274,4,0.0,0.0,0.0,0.0,0.0,0.0,0.0,0.0,0.0,0.0,1.0,0.0,0.0,False,Qwen/Qwen2.5-Coder-7B-Instruct,None
3140@x_name@ASC,Bar,Easy,5.4089,21.6357,4,0.0,0.0,0.0,0.0,0.0,0.0,0.0,0.0,0.0,0.0,1.0,0.0,0.0,False,Qwen/Qwen2.5-Coder-7B-Instruct,None
3140@x_name@ASC,Bar,Easy,5.4089,21.6357,4,0.0,0.0,0.0,0.0,0.0,0.0,0.0,0.0,0.0,0.0,1.0,0.0,0.0,False,Qwen/Qwen2.5-Coder-7B-Instruct,None
3140@x_name@ASC,Bar,Easy,5.4089,21.6357,4,0.0,0.0,0.0,0.0,0.0,0.0,0.0,0.0,0.0,0.0,1.0,0.0,0.0,False,Qwen/Qwen2.5-Coder-7B-Instruct,None
3141@y_name@ASC,Bar,Easy,4.9957,14.9872,3,0.0,0.0,0.0,0.0,0.3333333333333333,0.0,0.0,0.0,0.0,0.3333333333333333,0.6666666666666666,0.0,0.0,False,Qwen/Qwen2.5-Coder-7B-Instruct,None
3141@y_name@ASC,Bar,Easy,4.9957,14.9872,3,0.0,0.0,0.0,0.0,0.3333333333333333,0.0,0.0,0.0,0.0,0.3333333333333333,0.6666666666666666,0.0,0.0,False,Qwen/Qwen2.5-Coder-7B-Instruct,None
3141@y_name@ASC,Bar,Easy,4.9957,14.9872,3,0.0,0.0,0.0,0.0,0.3333333333333333,0.0,0.0,0.0,0.0,0.3333333333333333,0.6666666666666666,0.0,0.0,False,Qwen/Qwen2.5-Coder-7B-Instruct,None
3144@x_name@DESC,Bar,Easy,4.5018,4.5018,1,0.0,0.0,0.0,0.0,0.0,0.0,0.0,0.0,0.0,0.0,1.0,0.0,0.0,False,Qwen/Qwen2.5-Coder-7B-Instruct,None
3144@x_name@DESC,Bar,Easy,4.5018,4.5018,1,0.0,0.0,0.0,0.0,0.0,0.0,0.0,0.0,0.0,0.0,1.0,0.0,0.0,False,Qwen/Qwen2.5-Coder-7B-Instruct,None
3144@x_name@DESC,Bar,Easy,4.5018,4.5018,1,0.0,0.0,0.0,0.0,0.0,0.0,0.0,0.0,0.0,0.0,1.0,0.0,0.0,False,Qwen/Qwen2.5-Coder-7B-Instruct,None
3146@x_name@DESC,Bar,Easy,5.3564,16.0693,3,0.0,0.0,0.0,0.0,0.6666666666666666,0.0,0.0,0.0,0.0,0.6666666666666666,0.3333333333333333,0.0,0.0,False,Qwen/Qwen2.5-Coder-7B-Instruct,None
3146@x_name@DESC,Bar,Easy,5.3564,16.0693,3,0.0,0.0,0.0,0.0,0.6666666666666666,0.0,0.0,0.0,0.0,0.6666666666666666,0.3333333333333333,0.0,0.0,False,Qwen/Qwen2.5-Coder-7B-Instruct,None
3146@x_name@DESC,Bar,Easy,5.3564,16.0693,3,0.0,0.0,0.0,0.0,0.6666666666666666,0.0,0.0,0.0,0.0,0.6666666666666666,0.3333333333333333,0.0,0.0,False,Qwen/Qwen2.5-Coder-7B-Instruct,None
2349@y_name@ASC,Bar,Medium,3.4407,3.4407,1,0.0,0.0,0.0,0.0,0.0,0.0,0.0,0.0,0.0,0.0,1.0,0.0,0.0,False,Qwen/Qwen2.5-Coder-7B-Instruct,None
2349@y_name@ASC,Bar,Medium,3.4407,3.4407,1,0.0,0.0,0.0,0.0,0.0,0.0,0.0,0.0,0.0,0.0,1.0,0.0,0.0,False,Qwen/Qwen2.5-Coder-7B-Instruct,None
2349@y_name@ASC,Bar,Medium,3.4407,3.4407,1,0.0,0.0,0.0,0.0,0.0,0.0,0.0,0.0,0.0,0.0,1.0,0.0,0.0,False,Qwen/Qwen2.5-Coder-7B-Instruct,None
2596@x_name@ASC,Bar,Extra Hard,8.4579,8.4579,1,0.0,0.0,0.0,0.0,0.0,1.0,0.0,0.0,0.0,1.0,0.0,,0.0,True,Qwen/Qwen2.5-Coder-7B-Instruct,None
2596@x_name@ASC,Bar,Extra Hard,8.4579,8.4579,1,0.0,0.0,0.0,0.0,0.0,1.0,0.0,0.0,0.0,1.0,0.0,,0.0,True,Qwen/Qwen2.5-Coder-7B-Instruct,None
2596@x_name@ASC,Bar,Extra Hard,8.4579,8.4579,1,0.0,0.0,0.0,0.0,0.0,1.0,0.0,0.0,0.0,1.0,0.0,,0.0,True,Qwen/Qwen2.5-Coder-7B-Instruct,None
2600@y_name@ASC,Stacked Bar,Extra Hard,30.6263,30.6263,1,1.0,0.0,0.0,0.0,0.0,0.0,0.0,0.0,1.0,0.0,0.0,,0.0,True,Qwen/Qwen2.5-Coder-7B-Instruct,None
2600@y_name@ASC,Stacked Bar,Extra Hard,30.6263,30.6263,1,1.0,0.0,0.0,0.0,0.0,0.0,0.0,0.0,1.0,0.0,0.0,,0.0,True,Qwen/Qwen2.5-Coder-7B-Instruct,None
2600@y_name@ASC,Stacked Bar,Extra Hard,30.6263,30.6263,1,1.0,0.0,0.0,0.0,0.0,0.0,0.0,0.0,1.0,0.0,0.0,,0.0,True,Qwen/Qwen2.5-Coder-7B-Instruct,None
2602@y_name@DESC,Bar,Medium,18.9403,18.9403,1,1.0,0.0,0.0,0.0,0.0,0.0,0.0,0.0,1.0,0.0,0.0,,0.0,False,Qwen/Qwen2.5-Coder-7B-Instruct,None
2602@y_name@DESC,Bar,Medium,18.9403,18.9403,1,1.0,0.0,0.0,0.0,0.0,0.0,0.0,0.0,1.0,0.0,0.0,,0.0,False,Qwen/Qwen2.5-Coder-7B-Instruct,None
2602@y_name@DESC,Bar,Medium,18.9403,18.9403,1,1.0,0.0,0.0,0.0,0.0,0.0,0.0,0.0,1.0,0.0,0.0,,0.0,False,Qwen/Qwen2.5-Coder-7B-Instruct,None
2607@x_name@DESC,Bar,Medium,6.6659,6.6659,1,0.0,0.0,0.0,0.0,0.0,1.0,0.0,0.0,0.0,1.0,0.0,,0.0,False,Qwen/Qwen2.5-Coder-7B-Instruct,None
2607@x_name@DESC,Bar,Medium,6.6659,6.6659,1,0.0,0.0,0.0,0.0,0.0,1.0,0.0,0.0,0.0,1.0,0.0,,0.0,False,Qwen/Qwen2.5-Coder-7B-Instruct,None
2607@x_name@DESC,Bar,Medium,6.6659,6.6659,1,0.0,0.0,0.0,0.0,0.0,1.0,0.0,0.0,0.0,1.0,0.0,,0.0,False,Qwen/Qwen2.5-Coder-7B-Instruct,None
2902@x_name@DESC,Bar,Medium,3.4176,3.4176,1,0.0,0.0,0.0,0.0,0.0,1.0,0.0,0.0,0.0,1.0,0.0,,0.0,False,Qwen/Qwen2.5-Coder-7B-Instruct,None
2902@x_name@DESC,Bar,Medium,3.4176,3.4176,1,0.0,0.0,0.0,0.0,0.0,1.0,0.0,0.0,0.0,1.0,0.0,,0.0,False,Qwen/Qwen2.5-Coder-7B-Instruct,None
2902@x_name@DESC,Bar,Medium,3.4176,3.4176,1,0.0,0.0,0.0,0.0,0.0,1.0,0.0,0.0,0.0,1.0,0.0,,0.0,False,Qwen/Qwen2.5-Coder-7B-Instruct,None
1399@x_name@ASC,Bar,Medium,6.6212,6.6212,1,0.0,0.0,0.0,0.0,0.0,0.0,0.0,0.0,0.0,0.0,1.0,0.0,0.0,False,Qwen/Qwen2.5-Coder-7B-Instruct,None
1399@x_name@ASC,Bar,Medium,6.6212,6.6212,1,0.0,0.0,0.0,0.0,0.0,0.0,0.0,0.0,0.0,0.0,1.0,0.0,0.0,False,Qwen/Qwen2.5-Coder-7B-Instruct,None
1399@x_name@ASC,Bar,Medium,6.6212,6.6212,1,0.0,0.0,0.0,0.0,0.0,0.0,0.0,0.0,0.0,0.0,1.0,0.0,0.0,False,Qwen/Qwen2.5-Coder-7B-Instruct,None
2933@x_name@DESC,Bar,Hard,6.3797,6.3797,1,0.0,0.0,0.0,0.0,0.0,1.0,0.0,0.0,0.0,1.0,0.0,,0.0,True,Qwen/Qwen2.5-Coder-7B-Instruct,None
2933@x_name@DESC,Bar,Hard,6.3797,6.3797,1,0.0,0.0,0.0,0.0,0.0,1.0,0.0,0.0,0.0,1.0,0.0,,0.0,True,Qwen/Qwen2.5-Coder-7B-Instruct,None
2933@x_name@DESC,Bar,Hard,6.3797,6.3797,1,0.0,0.0,0.0,0.0,0.0,1.0,0.0,0.0,0.0,1.0,0.0,,0.0,True,Qwen/Qwen2.5-Coder-7B-Instruct,None
2935@x_name@ASC,Bar,Hard,20.5645,20.5645,1,0.0,0.0,0.0,0.0,1.0,0.0,0.0,0.0,0.0,1.0,0.0,,0.0,True,Qwen/Qwen2.5-Coder-7B-Instruct,None
2935@x_name@ASC,Bar,Hard,20.5645,20.5645,1,0.0,0.0,0.0,0.0,1.0,0.0,0.0,0.0,0.0,1.0,0.0,,0.0,True,Qwen/Qwen2.5-Coder-7B-Instruct,None
2935@x_name@ASC,Bar,Hard,20.5645,20.5645,1,0.0,0.0,0.0,0.0,1.0,0.0,0.0,0.0,0.0,1.0,0.0,,0.0,True,Qwen/Qwen2.5-Coder-7B-Instruct,None
2943@y_name@ASC,Bar,Medium,4.3674,4.3674,1,0.0,0.0,0.0,0.0,0.0,0.0,0.0,0.0,0.0,0.0,1.0,0.0,0.0,False,Qwen/Qwen2.5-Coder-7B-Instruct,None
2943@y_name@ASC,Bar,Medium,4.3674,4.3674,1,0.0,0.0,0.0,0.0,0.0,0.0,0.0,0.0,0.0,0.0,1.0,0.0,0.0,False,Qwen/Qwen2.5-Coder-7B-Instruct,None
2943@y_name@ASC,Bar,Medium,4.3674,4.3674,1,0.0,0.0,0.0,0.0,0.0,0.0,0.0,0.0,0.0,0.0,1.0,0.0,0.0,False,Qwen/Qwen2.5-Coder-7B-Instruct,None
2944@y_name@ASC,Bar,Easy,4.7676,4.7676,1,0.0,0.0,0.0,0.0,0.0,0.0,0.0,0.0,0.0,0.0,1.0,0.0,0.0,False,Qwen/Qwen2.5-Coder-7B-Instruct,None
2944@y_name@ASC,Bar,Easy,4.7676,4.7676,1,0.0,0.0,0.0,0.0,0.0,0.0,0.0,0.0,0.0,0.0,1.0,0.0,0.0,False,Qwen/Qwen2.5-Coder-7B-Instruct,None
2944@y_name@ASC,Bar,Easy,4.7676,4.7676,1,0.0,0.0,0.0,0.0,0.0,0.0,0.0,0.0,0.0,0.0,1.0,0.0,0.0,False,Qwen/Qwen2.5-Coder-7B-Instruct,None
2950@y_name@ASC,Bar,Hard,5.6195,5.6195,1,0.0,0.0,0.0,0.0,0.0,0.0,0.0,0.0,0.0,0.0,1.0,0.0,0.0,False,Qwen/Qwen2.5-Coder-7B-Instruct,None
2950@y_name@ASC,Bar,Hard,5.6195,5.6195,1,0.0,0.0,0.0,0.0,0.0,0.0,0.0,0.0,0.0,0.0,1.0,0.0,0.0,False,Qwen/Qwen2.5-Coder-7B-Instruct,None
2950@y_name@ASC,Bar,Hard,5.6195,5.6195,1,0.0,0.0,0.0,0.0,0.0,0.0,0.0,0.0,0.0,0.0,1.0,0.0,0.0,False,Qwen/Qwen2.5-Coder-7B-Instruct,None
1989@y_name@DESC,Bar,Extra Hard,8.0803,8.0803,1,0.0,0.0,0.0,0.0,0.0,0.0,0.0,0.0,0.0,0.0,1.0,0.0,0.0,True,Qwen/Qwen2.5-Coder-7B-Instruct,None
1989@y_name@DESC,Bar,Extra Hard,8.0803,8.0803,1,0.0,0.0,0.0,0.0,0.0,0.0,0.0,0.0,0.0,0.0,1.0,0.0,0.0,True,Qwen/Qwen2.5-Coder-7B-Instruct,None
1989@y_name@DESC,Bar,Extra Hard,8.0803,8.0803,1,0.0,0.0,0.0,0.0,0.0,0.0,0.0,0.0,0.0,0.0,1.0,0.0,0.0,True,Qwen/Qwen2.5-Coder-7B-Instruct,None
1967@x_name@DESC,Bar,Medium,5.1996,10.3991,2,0.0,0.0,0.0,0.0,0.0,0.5,0.0,0.0,0.0,0.5,0.5,0.0,0.0,False,Qwen/Qwen2.5-Coder-7B-Instruct,None
1967@x_name@DESC,Bar,Medium,5.1996,10.3991,2,0.0,0.0,0.0,0.0,0.0,0.5,0.0,0.0,0.0,0.5,0.5,0.0,0.0,False,Qwen/Qwen2.5-Coder-7B-Instruct,None
1967@x_name@DESC,Bar,Medium,5.1996,10.3991,2,0.0,0.0,0.0,0.0,0.0,0.5,0.0,0.0,0.0,0.5,0.5,0.0,0.0,False,Qwen/Qwen2.5-Coder-7B-Instruct,None
1970@x_name@ASC,Bar,Easy,5.5345,11.069,2,0.0,0.0,0.0,0.0,0.5,0.0,0.0,0.0,0.0,0.5,0.5,0.0,0.0,False,Qwen/Qwen2.5-Coder-7B-Instruct,None
1970@x_name@ASC,Bar,Easy,5.5345,11.069,2,0.0,0.0,0.0,0.0,0.5,0.0,0.0,0.0,0.0,0.5,0.5,0.0,0.0,False,Qwen/Qwen2.5-Coder-7B-Instruct,None
1970@x_name@ASC,Bar,Easy,5.5345,11.069,2,0.0,0.0,0.0,0.0,0.5,0.0,0.0,0.0,0.0,0.5,0.5,0.0,0.0,False,Qwen/Qwen2.5-Coder-7B-Instruct,None
1977@x_name@ASC,Bar,Medium,4.253,12.7589,3,0.0,0.0,0.0,0.0,0.0,0.0,0.0,0.0,0.0,0.0,1.0,0.0,0.0,False,Qwen/Qwen2.5-Coder-7B-Instruct,None
1977@x_name@ASC,Bar,Medium,4.253,12.7589,3,0.0,0.0,0.0,0.0,0.0,0.0,0.0,0.0,0.0,0.0,1.0,0.0,0.0,False,Qwen/Qwen2.5-Coder-7B-Instruct,None
1977@x_name@ASC,Bar,Medium,4.253,12.7589,3,0.0,0.0,0.0,0.0,0.0,0.0,0.0,0.0,0.0,0.0,1.0,0.0,0.0,False,Qwen/Qwen2.5-Coder-7B-Instruct,None
1979@y_name@DESC,Bar,Hard,8.3444,33.3775,4,0.0,0.0,0.0,0.0,0.25,0.0,0.0,0.0,0.0,0.25,0.75,0.0,0.0,False,Qwen/Qwen2.5-Coder-7B-Instruct,None
1979@y_name@DESC,Bar,Hard,8.3444,33.3775,4,0.0,0.0,0.0,0.0,0.25,0.0,0.0,0.0,0.0,0.25,0.75,0.0,0.0,False,Qwen/Qwen2.5-Coder-7B-Instruct,None
1979@y_name@DESC,Bar,Hard,8.3444,33.3775,4,0.0,0.0,0.0,0.0,0.25,0.0,0.0,0.0,0.0,0.25,0.75,0.0,0.0,False,Qwen/Qwen2.5-Coder-7B-Instruct,None
1981@y_name@DESC,Bar,Extra Hard,8.6243,34.497,4,0.0,0.0,0.0,0.0,0.0,0.0,0.0,0.0,0.0,0.0,1.0,0.0,0.0,True,Qwen/Qwen2.5-Coder-7B-Instruct,None
1981@y_name@DESC,Bar,Extra Hard,8.6243,34.497,4,0.0,0.0,0.0,0.0,0.0,0.0,0.0,0.0,0.0,0.0,1.0,0.0,0.0,True,Qwen/Qwen2.5-Coder-7B-Instruct,None
1981@y_name@DESC,Bar,Extra Hard,8.6243,34.497,4,0.0,0.0,0.0,0.0,0.0,0.0,0.0,0.0,0.0,0.0,1.0,0.0,0.0,True,Qwen/Qwen2.5-Coder-7B-Instruct,None
1984@y_name@DESC,Bar,Hard,6.8264,13.6528,2,0.0,0.0,0.0,0.0,0.0,0.0,0.0,0.0,0.0,0.0,1.0,0.0,0.0,True,Qwen/Qwen2.5-Coder-7B-Instruct,None
1984@y_name@DESC,Bar,Hard,6.8264,13.6528,2,0.0,0.0,0.0,0.0,0.0,0.0,0.0,0.0,0.0,0.0,1.0,0.0,0.0,True,Qwen/Qwen2.5-Coder-7B-Instruct,None
1984@y_name@DESC,Bar,Hard,6.8264,13.6528,2,0.0,0.0,0.0,0.0,0.0,0.0,0.0,0.0,0.0,0.0,1.0,0.0,0.0,True,Qwen/Qwen2.5-Coder-7B-Instruct,None
3033@y_name@ASC,Bar,Medium,4.1032,12.3096,3,0.0,0.0,0.0,0.0,0.0,0.0,0.0,0.0,0.0,0.0,1.0,0.0,0.0,False,Qwen/Qwen2.5-Coder-7B-Instruct,None
3033@y_name@ASC,Bar,Medium,4.1032,12.3096,3,0.0,0.0,0.0,0.0,0.0,0.0,0.0,0.0,0.0,0.0,1.0,0.0,0.0,False,Qwen/Qwen2.5-Coder-7B-Instruct,None
3033@y_name@ASC,Bar,Medium,4.1032,12.3096,3,0.0,0.0,0.0,0.0,0.0,0.0,0.0,0.0,0.0,0.0,1.0,0.0,0.0,False,Qwen/Qwen2.5-Coder-7B-Instruct,None
2677@x_name@ASC,Bar,Medium,4.0362,4.0362,1,0.0,0.0,0.0,0.0,0.0,0.0,0.0,0.0,0.0,0.0,1.0,0.0,0.0,False,Qwen/Qwen2.5-Coder-7B-Instruct,None
2677@x_name@ASC,Bar,Medium,4.0362,4.0362,1,0.0,0.0,0.0,0.0,0.0,0.0,0.0,0.0,0.0,0.0,1.0,0.0,0.0,False,Qwen/Qwen2.5-Coder-7B-Instruct,None
2677@x_name@ASC,Bar,Medium,4.0362,4.0362,1,0.0,0.0,0.0,0.0,0.0,0.0,0.0,0.0,0.0,0.0,1.0,0.0,0.0,False,Qwen/Qwen2.5-Coder-7B-Instruct,None
2678@y_name@DESC,Bar,Medium,4.5575,13.6726,3,0.0,0.0,0.0,0.0,0.0,0.0,0.0,0.0,0.0,0.0,1.0,0.0,0.0,False,Qwen/Qwen2.5-Coder-7B-Instruct,None
2678@y_name@DESC,Bar,Medium,4.5575,13.6726,3,0.0,0.0,0.0,0.0,0.0,0.0,0.0,0.0,0.0,0.0,1.0,0.0,0.0,False,Qwen/Qwen2.5-Coder-7B-Instruct,None
2678@y_name@DESC,Bar,Medium,4.5575,13.6726,3,0.0,0.0,0.0,0.0,0.0,0.0,0.0,0.0,0.0,0.0,1.0,0.0,0.0,False,Qwen/Qwen2.5-Coder-7B-Instruct,None
2681@x_name@ASC,Bar,Medium,4.6004,4.6004,1,0.0,0.0,0.0,0.0,0.0,0.0,0.0,0.0,0.0,0.0,1.0,0.0,0.0,False,Qwen/Qwen2.5-Coder-7B-Instruct,None
2681@x_name@ASC,Bar,Medium,4.6004,4.6004,1,0.0,0.0,0.0,0.0,0.0,0.0,0.0,0.0,0.0,0.0,1.0,0.0,0.0,False,Qwen/Qwen2.5-Coder-7B-Instruct,None
2681@x_name@ASC,Bar,Medium,4.6004,4.6004,1,0.0,0.0,0.0,0.0,0.0,0.0,0.0,0.0,0.0,0.0,1.0,0.0,0.0,False,Qwen/Qwen2.5-Coder-7B-Instruct,None
2755@x_name@DESC,Stacked Bar,Hard,6.0584,6.0584,1,0.0,0.0,0.0,0.0,0.0,1.0,0.0,0.0,0.0,1.0,0.0,,0.0,False,Qwen/Qwen2.5-Coder-7B-Instruct,None
2755@x_name@DESC,Stacked Bar,Hard,6.0584,6.0584,1,0.0,0.0,0.0,0.0,0.0,1.0,0.0,0.0,0.0,1.0,0.0,,0.0,False,Qwen/Qwen2.5-Coder-7B-Instruct,None
2755@x_name@DESC,Stacked Bar,Hard,6.0584,6.0584,1,0.0,0.0,0.0,0.0,0.0,1.0,0.0,0.0,0.0,1.0,0.0,,0.0,False,Qwen/Qwen2.5-Coder-7B-Instruct,None
2756@x_name@DESC,Stacked Bar,Hard,16.1448,48.4345,3,0.3333333333333333,0.0,0.0,0.0,0.3333333333333333,0.3333333333333333,0.0,0.0,0.3333333333333333,0.6666666666666666,0.0,,0.0,False,Qwen/Qwen2.5-Coder-7B-Instruct,None
2756@x_name@DESC,Stacked Bar,Hard,16.1448,48.4345,3,0.3333333333333333,0.0,0.0,0.0,0.3333333333333333,0.3333333333333333,0.0,0.0,0.3333333333333333,0.6666666666666666,0.0,,0.0,False,Qwen/Qwen2.5-Coder-7B-Instruct,None
2756@x_name@DESC,Stacked Bar,Hard,16.1448,48.4345,3,0.3333333333333333,0.0,0.0,0.0,0.3333333333333333,0.3333333333333333,0.0,0.0,0.3333333333333333,0.6666666666666666,0.0,,0.0,False,Qwen/Qwen2.5-Coder-7B-Instruct,None
2760@y_name@DESC,Bar,Medium,3.58,14.3201,4,0.0,0.0,0.0,0.0,0.25,0.0,0.0,0.0,0.0,0.25,0.75,0.0,0.0,False,Qwen/Qwen2.5-Coder-7B-Instruct,None
2760@y_name@DESC,Bar,Medium,3.58,14.3201,4,0.0,0.0,0.0,0.0,0.25,0.0,0.0,0.0,0.0,0.25,0.75,0.0,0.0,False,Qwen/Qwen2.5-Coder-7B-Instruct,None
2760@y_name@DESC,Bar,Medium,3.58,14.3201,4,0.0,0.0,0.0,0.0,0.25,0.0,0.0,0.0,0.0,0.25,0.75,0.0,0.0,False,Qwen/Qwen2.5-Coder-7B-Instruct,None
2762@y_name@DESC,Bar,Medium,5.1747,20.6987,4,0.0,0.0,0.0,0.0,0.5,0.0,0.0,0.0,0.0,0.5,0.5,0.0,0.0,False,Qwen/Qwen2.5-Coder-7B-Instruct,None
2762@y_name@DESC,Bar,Medium,5.1747,20.6987,4,0.0,0.0,0.0,0.0,0.5,0.0,0.0,0.0,0.0,0.5,0.5,0.0,0.0,False,Qwen/Qwen2.5-Coder-7B-Instruct,None
2762@y_name@DESC,Bar,Medium,5.1747,20.6987,4,0.0,0.0,0.0,0.0,0.5,0.0,0.0,0.0,0.0,0.5,0.5,0.0,0.0,False,Qwen/Qwen2.5-Coder-7B-Instruct,None
2763@y_name@ASC,Bar,Medium,4.6439,9.2878,2,0.0,0.0,0.0,0.0,0.0,0.0,0.0,0.0,0.0,0.0,1.0,0.0,0.0,False,Qwen/Qwen2.5-Coder-7B-Instruct,None
2763@y_name@ASC,Bar,Medium,4.6439,9.2878,2,0.0,0.0,0.0,0.0,0.0,0.0,0.0,0.0,0.0,0.0,1.0,0.0,0.0,False,Qwen/Qwen2.5-Coder-7B-Instruct,None
2763@y_name@ASC,Bar,Medium,4.6439,9.2878,2,0.0,0.0,0.0,0.0,0.0,0.0,0.0,0.0,0.0,0.0,1.0,0.0,0.0,False,Qwen/Qwen2.5-Coder-7B-Instruct,None
2765@y_name@ASC,Bar,Medium,7.3315,21.9945,3,0.0,0.0,0.0,0.0,0.3333333333333333,0.0,0.0,0.0,0.0,0.3333333333333333,0.6666666666666666,0.0,0.0,False,Qwen/Qwen2.5-Coder-7B-Instruct,None
2765@y_name@ASC,Bar,Medium,7.3315,21.9945,3,0.0,0.0,0.0,0.0,0.3333333333333333,0.0,0.0,0.0,0.0,0.3333333333333333,0.6666666666666666,0.0,0.0,False,Qwen/Qwen2.5-Coder-7B-Instruct,None
2765@y_name@ASC,Bar,Medium,7.3315,21.9945,3,0.0,0.0,0.0,0.0,0.3333333333333333,0.0,0.0,0.0,0.0,0.3333333333333333,0.6666666666666666,0.0,0.0,False,Qwen/Qwen2.5-Coder-7B-Instruct,None
2879@y_name@ASC,Bar,Medium,4.633,9.2661,2,0.0,0.0,0.0,0.0,0.0,0.0,0.0,0.0,0.0,0.0,1.0,0.0,0.0,False,Qwen/Qwen2.5-Coder-7B-Instruct,None
2879@y_name@ASC,Bar,Medium,4.633,9.2661,2,0.0,0.0,0.0,0.0,0.0,0.0,0.0,0.0,0.0,0.0,1.0,0.0,0.0,False,Qwen/Qwen2.5-Coder-7B-Instruct,None
2879@y_name@ASC,Bar,Medium,4.633,9.2661,2,0.0,0.0,0.0,0.0,0.0,0.0,0.0,0.0,0.0,0.0,1.0,0.0,0.0,False,Qwen/Qwen2.5-Coder-7B-Instruct,None
2886@x_name@DESC,Bar,Hard,7.6033,7.6033,1,0.0,0.0,0.0,0.0,0.0,1.0,0.0,0.0,0.0,1.0,0.0,,0.0,True,Qwen/Qwen2.5-Coder-7B-Instruct,None
2886@x_name@DESC,Bar,Hard,7.6033,7.6033,1,0.0,0.0,0.0,0.0,0.0,1.0,0.0,0.0,0.0,1.0,0.0,,0.0,True,Qwen/Qwen2.5-Coder-7B-Instruct,None
2886@x_name@DESC,Bar,Hard,7.6033,7.6033,1,0.0,0.0,0.0,0.0,0.0,1.0,0.0,0.0,0.0,1.0,0.0,,0.0,True,Qwen/Qwen2.5-Coder-7B-Instruct,None
116@x_name@DESC,Bar,Hard,6.8293,13.6585,2,0.0,0.0,0.0,0.0,0.0,0.0,0.0,0.0,0.0,0.0,1.0,0.0,0.0,True,Qwen/Qwen2.5-Coder-7B-Instruct,None
116@x_name@DESC,Bar,Hard,6.8293,13.6585,2,0.0,0.0,0.0,0.0,0.0,0.0,0.0,0.0,0.0,0.0,1.0,0.0,0.0,True,Qwen/Qwen2.5-Coder-7B-Instruct,None
116@x_name@DESC,Bar,Hard,6.8293,13.6585,2,0.0,0.0,0.0,0.0,0.0,0.0,0.0,0.0,0.0,0.0,1.0,0.0,0.0,True,Qwen/Qwen2.5-Coder-7B-Instruct,None
117@y_name@ASC,Bar,Medium,4.134,8.2679,2,0.0,0.0,0.0,0.0,0.0,0.0,0.0,0.0,0.0,0.0,1.0,0.0,0.0,False,Qwen/Qwen2.5-Coder-7B-Instruct,None
117@y_name@ASC,Bar,Medium,4.134,8.2679,2,0.0,0.0,0.0,0.0,0.0,0.0,0.0,0.0,0.0,0.0,1.0,0.0,0.0,False,Qwen/Qwen2.5-Coder-7B-Instruct,None
117@y_name@ASC,Bar,Medium,4.134,8.2679,2,0.0,0.0,0.0,0.0,0.0,0.0,0.0,0.0,0.0,0.0,1.0,0.0,0.0,False,Qwen/Qwen2.5-Coder-7B-Instruct,None
123@y_name@DESC,Bar,Hard,5.7864,5.7864,1,0.0,0.0,0.0,0.0,0.0,0.0,0.0,0.0,0.0,0.0,1.0,0.0,0.0,True,Qwen/Qwen2.5-Coder-7B-Instruct,None
123@y_name@DESC,Bar,Hard,5.7864,5.7864,1,0.0,0.0,0.0,0.0,0.0,0.0,0.0,0.0,0.0,0.0,1.0,0.0,0.0,True,Qwen/Qwen2.5-Coder-7B-Instruct,None
123@y_name@DESC,Bar,Hard,5.7864,5.7864,1,0.0,0.0,0.0,0.0,0.0,0.0,0.0,0.0,0.0,0.0,1.0,0.0,0.0,True,Qwen/Qwen2.5-Coder-7B-Instruct,None
127@y_name@ASC,Bar,Hard,10.152,10.152,1,0.0,0.0,0.0,0.0,1.0,0.0,0.0,0.0,0.0,1.0,0.0,,0.0,True,Qwen/Qwen2.5-Coder-7B-Instruct,None
127@y_name@ASC,Bar,Hard,10.152,10.152,1,0.0,0.0,0.0,0.0,1.0,0.0,0.0,0.0,0.0,1.0,0.0,,0.0,True,Qwen/Qwen2.5-Coder-7B-Instruct,None
127@y_name@ASC,Bar,Hard,10.152,10.152,1,0.0,0.0,0.0,0.0,1.0,0.0,0.0,0.0,0.0,1.0,0.0,,0.0,True,Qwen/Qwen2.5-Coder-7B-Instruct,None
128@x_name@DESC,Bar,Hard,13.8114,13.8114,1,0.0,0.0,0.0,0.0,0.0,0.0,0.0,0.0,0.0,0.0,1.0,0.0,0.0,True,Qwen/Qwen2.5-Coder-7B-Instruct,None
128@x_name@DESC,Bar,Hard,13.8114,13.8114,1,0.0,0.0,0.0,0.0,0.0,0.0,0.0,0.0,0.0,0.0,1.0,0.0,0.0,True,Qwen/Qwen2.5-Coder-7B-Instruct,None
128@x_name@DESC,Bar,Hard,13.8114,13.8114,1,0.0,0.0,0.0,0.0,0.0,0.0,0.0,0.0,0.0,0.0,1.0,0.0,0.0,True,Qwen/Qwen2.5-Coder-7B-Instruct,None
134@x_name@DESC,Stacked Bar,Extra Hard,8.6318,8.6318,1,0.0,0.0,0.0,0.0,0.0,1.0,0.0,0.0,0.0,1.0,0.0,,0.0,True,Qwen/Qwen2.5-Coder-7B-Instruct,None
134@x_name@DESC,Stacked Bar,Extra Hard,8.6318,8.6318,1,0.0,0.0,0.0,0.0,0.0,1.0,0.0,0.0,0.0,1.0,0.0,,0.0,True,Qwen/Qwen2.5-Coder-7B-Instruct,None
134@x_name@DESC,Stacked Bar,Extra Hard,8.6318,8.6318,1,0.0,0.0,0.0,0.0,0.0,1.0,0.0,0.0,0.0,1.0,0.0,,0.0,True,Qwen/Qwen2.5-Coder-7B-Instruct,None
139@y_name@ASC,Bar,Hard,6.1811,12.3622,2,0.0,0.0,0.0,0.0,0.0,0.0,0.0,0.0,0.0,0.0,1.0,0.0,0.0,True,Qwen/Qwen2.5-Coder-7B-Instruct,None
139@y_name@ASC,Bar,Hard,6.1811,12.3622,2,0.0,0.0,0.0,0.0,0.0,0.0,0.0,0.0,0.0,0.0,1.0,0.0,0.0,True,Qwen/Qwen2.5-Coder-7B-Instruct,None
139@y_name@ASC,Bar,Hard,6.1811,12.3622,2,0.0,0.0,0.0,0.0,0.0,0.0,0.0,0.0,0.0,0.0,1.0,0.0,0.0,True,Qwen/Qwen2.5-Coder-7B-Instruct,None
140@y_name@ASC,Bar,Medium,4.0963,8.1927,2,0.0,0.0,0.0,0.0,0.0,0.0,0.0,0.0,0.0,0.0,1.0,0.0,0.0,False,Qwen/Qwen2.5-Coder-7B-Instruct,None
140@y_name@ASC,Bar,Medium,4.0963,8.1927,2,0.0,0.0,0.0,0.0,0.0,0.0,0.0,0.0,0.0,0.0,1.0,0.0,0.0,False,Qwen/Qwen2.5-Coder-7B-Instruct,None
140@y_name@ASC,Bar,Medium,4.0963,8.1927,2,0.0,0.0,0.0,0.0,0.0,0.0,0.0,0.0,0.0,0.0,1.0,0.0,0.0,False,Qwen/Qwen2.5-Coder-7B-Instruct,None
145@y_name@DESC,Stacked Bar,Extra Hard,9.6941,9.6941,1,0.0,0.0,0.0,0.0,0.0,1.0,0.0,0.0,0.0,1.0,0.0,,0.0,True,Qwen/Qwen2.5-Coder-7B-Instruct,None
145@y_name@DESC,Stacked Bar,Extra Hard,9.6941,9.6941,1,0.0,0.0,0.0,0.0,0.0,1.0,0.0,0.0,0.0,1.0,0.0,,0.0,True,Qwen/Qwen2.5-Coder-7B-Instruct,None
145@y_name@DESC,Stacked Bar,Extra Hard,9.6941,9.6941,1,0.0,0.0,0.0,0.0,0.0,1.0,0.0,0.0,0.0,1.0,0.0,,0.0,True,Qwen/Qwen2.5-Coder-7B-Instruct,None
149@x_name@DESC,Bar,Hard,7.3562,7.3562,1,0.0,0.0,0.0,0.0,1.0,0.0,0.0,0.0,0.0,1.0,0.0,,0.0,True,Qwen/Qwen2.5-Coder-7B-Instruct,None
149@x_name@DESC,Bar,Hard,7.3562,7.3562,1,0.0,0.0,0.0,0.0,1.0,0.0,0.0,0.0,0.0,1.0,0.0,,0.0,True,Qwen/Qwen2.5-Coder-7B-Instruct,None
149@x_name@DESC,Bar,Hard,7.3562,7.3562,1,0.0,0.0,0.0,0.0,1.0,0.0,0.0,0.0,0.0,1.0,0.0,,0.0,True,Qwen/Qwen2.5-Coder-7B-Instruct,None
3069@x_name@ASC,Bar,Hard,6.2006,6.2006,1,0.0,0.0,0.0,0.0,0.0,1.0,0.0,0.0,0.0,1.0,0.0,,0.0,True,Qwen/Qwen2.5-Coder-7B-Instruct,None
3069@x_name@ASC,Bar,Hard,6.2006,6.2006,1,0.0,0.0,0.0,0.0,0.0,1.0,0.0,0.0,0.0,1.0,0.0,,0.0,True,Qwen/Qwen2.5-Coder-7B-Instruct,None
3069@x_name@ASC,Bar,Hard,6.2006,6.2006,1,0.0,0.0,0.0,0.0,0.0,1.0,0.0,0.0,0.0,1.0,0.0,,0.0,True,Qwen/Qwen2.5-Coder-7B-Instruct,None
1424@y_name@ASC,Bar,Medium,3.8039,3.8039,1,0.0,0.0,0.0,0.0,0.0,0.0,0.0,0.0,0.0,0.0,1.0,0.0,0.0,False,Qwen/Qwen2.5-Coder-7B-Instruct,None
1424@y_name@ASC,Bar,Medium,3.8039,3.8039,1,0.0,0.0,0.0,0.0,0.0,0.0,0.0,0.0,0.0,0.0,1.0,0.0,0.0,False,Qwen/Qwen2.5-Coder-7B-Instruct,None
1424@y_name@ASC,Bar,Medium,3.8039,3.8039,1,0.0,0.0,0.0,0.0,0.0,0.0,0.0,0.0,0.0,0.0,1.0,0.0,0.0,False,Qwen/Qwen2.5-Coder-7B-Instruct,None
4001,Scatter,Hard,13.6787,13.6787,1,0.0,1.0,0.0,0.0,0.0,0.0,0.0,0.0,1.0,0.0,0.0,,0.0,True,Qwen/Qwen2.5-Coder-7B-Instruct,None
4001,Scatter,Hard,13.6787,13.6787,1,0.0,1.0,0.0,0.0,0.0,0.0,0.0,0.0,1.0,0.0,0.0,,0.0,True,Qwen/Qwen2.5-Coder-7B-Instruct,None
4001,Scatter,Hard,13.6787,13.6787,1,0.0,1.0,0.0,0.0,0.0,0.0,0.0,0.0,1.0,0.0,0.0,,0.0,True,Qwen/Qwen2.5-Coder-7B-Instruct,None
4002,Stacked Bar,Easy,5.7086,5.7086,1,0.0,0.0,0.0,0.0,0.0,0.0,0.0,0.0,0.0,0.0,1.0,0.0,0.0,False,Qwen/Qwen2.5-Coder-7B-Instruct,None
4002,Stacked Bar,Easy,5.7086,5.7086,1,0.0,0.0,0.0,0.0,0.0,0.0,0.0,0.0,0.0,0.0,1.0,0.0,0.0,False,Qwen/Qwen2.5-Coder-7B-Instruct,None
4002,Stacked Bar,Easy,5.7086,5.7086,1,0.0,0.0,0.0,0.0,0.0,0.0,0.0,0.0,0.0,0.0,1.0,0.0,0.0,False,Qwen/Qwen2.5-Coder-7B-Instruct,None
4003,Scatter,Easy,6.3481,6.3481,1,0.0,0.0,0.0,0.0,0.0,0.0,0.0,0.0,0.0,0.0,1.0,0.0,0.0,False,Qwen/Qwen2.5-Coder-7B-Instruct,None
4003,Scatter,Easy,6.3481,6.3481,1,0.0,0.0,0.0,0.0,0.0,0.0,0.0,0.0,0.0,0.0,1.0,0.0,0.0,False,Qwen/Qwen2.5-Coder-7B-Instruct,None
4003,Scatter,Easy,6.3481,6.3481,1,0.0,0.0,0.0,0.0,0.0,0.0,0.0,0.0,0.0,0.0,1.0,0.0,0.0,False,Qwen/Qwen2.5-Coder-7B-Instruct,None
4004,Stacked Bar,Hard,13.6902,13.6902,1,0.0,1.0,0.0,0.0,0.0,0.0,0.0,0.0,1.0,0.0,0.0,,0.0,True,Qwen/Qwen2.5-Coder-7B-Instruct,None
4004,Stacked Bar,Hard,13.6902,13.6902,1,0.0,1.0,0.0,0.0,0.0,0.0,0.0,0.0,1.0,0.0,0.0,,0.0,True,Qwen/Qwen2.5-Coder-7B-Instruct,None
4004,Stacked Bar,Hard,13.6902,13.6902,1,0.0,1.0,0.0,0.0,0.0,0.0,0.0,0.0,1.0,0.0,0.0,,0.0,True,Qwen/Qwen2.5-Coder-7B-Instruct,None
4005,Grouping Line,Easy,5.9014,5.9014,1,0.0,0.0,0.0,1.0,1.0,0.0,0.0,0.0,0.0,1.0,0.0,,0.0,False,Qwen/Qwen2.5-Coder-7B-Instruct,None
4005,Grouping Line,Easy,5.9014,5.9014,1,0.0,0.0,0.0,1.0,1.0,0.0,0.0,0.0,0.0,1.0,0.0,,0.0,False,Qwen/Qwen2.5-Coder-7B-Instruct,None
4005,Grouping Line,Easy,5.9014,5.9014,1,0.0,0.0,0.0,1.0,1.0,0.0,0.0,0.0,0.0,1.0,0.0,,0.0,False,Qwen/Qwen2.5-Coder-7B-Instruct,None
4006,Grouping Line,Medium,5.6687,5.6687,1,0.0,0.0,0.0,1.0,1.0,0.0,0.0,0.0,0.0,1.0,0.0,,0.0,False,Qwen/Qwen2.5-Coder-7B-Instruct,None
4006,Grouping Line,Medium,5.6687,5.6687,1,0.0,0.0,0.0,1.0,1.0,0.0,0.0,0.0,0.0,1.0,0.0,,0.0,False,Qwen/Qwen2.5-Coder-7B-Instruct,None
4006,Grouping Line,Medium,5.6687,5.6687,1,0.0,0.0,0.0,1.0,1.0,0.0,0.0,0.0,0.0,1.0,0.0,,0.0,False,Qwen/Qwen2.5-Coder-7B-Instruct,None
4007,Stacked Bar,Hard,15.771,15.771,1,0.0,0.0,0.0,0.0,0.0,0.0,0.0,0.0,0.0,0.0,1.0,0.0,0.0,True,Qwen/Qwen2.5-Coder-7B-Instruct,None
4007,Stacked Bar,Hard,15.771,15.771,1,0.0,0.0,0.0,0.0,0.0,0.0,0.0,0.0,0.0,0.0,1.0,0.0,0.0,True,Qwen/Qwen2.5-Coder-7B-Instruct,None
4007,Stacked Bar,Hard,15.771,15.771,1,0.0,0.0,0.0,0.0,0.0,0.0,0.0,0.0,0.0,0.0,1.0,0.0,0.0,True,Qwen/Qwen2.5-Coder-7B-Instruct,None
4008,Grouping Line,Medium,16.7721,16.7721,1,0.0,0.0,0.0,0.0,1.0,0.0,0.0,0.0,0.0,1.0,0.0,,0.0,False,Qwen/Qwen2.5-Coder-7B-Instruct,None
4008,Grouping Line,Medium,16.7721,16.7721,1,0.0,0.0,0.0,0.0,1.0,0.0,0.0,0.0,0.0,1.0,0.0,,0.0,False,Qwen/Qwen2.5-Coder-7B-Instruct,None
4008,Grouping Line,Medium,16.7721,16.7721,1,0.0,0.0,0.0,0.0,1.0,0.0,0.0,0.0,0.0,1.0,0.0,,0.0,False,Qwen/Qwen2.5-Coder-7B-Instruct,None
4009,Scatter,Medium,6.2139,6.2139,1,0.0,0.0,0.0,0.0,0.0,0.0,0.0,0.0,0.0,0.0,1.0,0.0,0.0,False,Qwen/Qwen2.5-Coder-7B-Instruct,None
4009,Scatter,Medium,6.2139,6.2139,1,0.0,0.0,0.0,0.0,0.0,0.0,0.0,0.0,0.0,0.0,1.0,0.0,0.0,False,Qwen/Qwen2.5-Coder-7B-Instruct,None
4009,Scatter,Medium,6.2139,6.2139,1,0.0,0.0,0.0,0.0,0.0,0.0,0.0,0.0,0.0,0.0,1.0,0.0,0.0,False,Qwen/Qwen2.5-Coder-7B-Instruct,None
4010,Stacked Bar,Hard,8.9747,8.9747,1,0.0,0.0,0.0,0.0,0.0,0.0,0.0,0.0,0.0,0.0,1.0,0.0,0.0,True,Qwen/Qwen2.5-Coder-7B-Instruct,None
4010,Stacked Bar,Hard,8.9747,8.9747,1,0.0,0.0,0.0,0.0,0.0,0.0,0.0,0.0,0.0,0.0,1.0,0.0,0.0,True,Qwen/Qwen2.5-Coder-7B-Instruct,None
4010,Stacked Bar,Hard,8.9747,8.9747,1,0.0,0.0,0.0,0.0,0.0,0.0,0.0,0.0,0.0,0.0,1.0,0.0,0.0,True,Qwen/Qwen2.5-Coder-7B-Instruct,None
4011,Stacked Bar,Extra Hard,8.7586,8.7586,1,0.0,0.0,0.0,0.0,1.0,0.0,0.0,0.0,0.0,1.0,0.0,,0.0,True,Qwen/Qwen2.5-Coder-7B-Instruct,None
4011,Stacked Bar,Extra Hard,8.7586,8.7586,1,0.0,0.0,0.0,0.0,1.0,0.0,0.0,0.0,0.0,1.0,0.0,,0.0,True,Qwen/Qwen2.5-Coder-7B-Instruct,None
4011,Stacked Bar,Extra Hard,8.7586,8.7586,1,0.0,0.0,0.0,0.0,1.0,0.0,0.0,0.0,0.0,1.0,0.0,,0.0,True,Qwen/Qwen2.5-Coder-7B-Instruct,None
4012,Grouping Scatter,Extra Hard,15.7068,15.7068,1,0.0,0.0,0.0,1.0,1.0,0.0,0.0,0.0,0.0,1.0,0.0,,0.0,True,Qwen/Qwen2.5-Coder-7B-Instruct,None
4012,Grouping Scatter,Extra Hard,15.7068,15.7068,1,0.0,0.0,0.0,1.0,1.0,0.0,0.0,0.0,0.0,1.0,0.0,,0.0,True,Qwen/Qwen2.5-Coder-7B-Instruct,None
4012,Grouping Scatter,Extra Hard,15.7068,15.7068,1,0.0,0.0,0.0,1.0,1.0,0.0,0.0,0.0,0.0,1.0,0.0,,0.0,True,Qwen/Qwen2.5-Coder-7B-Instruct,None
4013,Stacked Bar,Extra Hard,9.8213,9.8213,1,0.0,0.0,0.0,1.0,1.0,0.0,0.0,0.0,0.0,1.0,0.0,,0.0,True,Qwen/Qwen2.5-Coder-7B-Instruct,None
4013,Stacked Bar,Extra Hard,9.8213,9.8213,1,0.0,0.0,0.0,1.0,1.0,0.0,0.0,0.0,0.0,1.0,0.0,,0.0,True,Qwen/Qwen2.5-Coder-7B-Instruct,None
4013,Stacked Bar,Extra Hard,9.8213,9.8213,1,0.0,0.0,0.0,1.0,1.0,0.0,0.0,0.0,0.0,1.0,0.0,,0.0,True,Qwen/Qwen2.5-Coder-7B-Instruct,None
4014,Grouping Line,Extra Hard,17.0692,17.0692,1,0.0,0.0,0.0,1.0,1.0,0.0,0.0,0.0,0.0,1.0,0.0,,0.0,True,Qwen/Qwen2.5-Coder-7B-Instruct,None
4014,Grouping Line,Extra Hard,17.0692,17.0692,1,0.0,0.0,0.0,1.0,1.0,0.0,0.0,0.0,0.0,1.0,0.0,,0.0,True,Qwen/Qwen2.5-Coder-7B-Instruct,None
4014,Grouping Line,Extra Hard,17.0692,17.0692,1,0.0,0.0,0.0,1.0,1.0,0.0,0.0,0.0,0.0,1.0,0.0,,0.0,True,Qwen/Qwen2.5-Coder-7B-Instruct,None
4015,Scatter,Extra Hard,4.7345,4.7345,1,0.0,0.0,0.0,0.0,0.0,0.0,0.0,0.0,0.0,0.0,1.0,0.0,0.0,False,Qwen/Qwen2.5-Coder-7B-Instruct,None
4015,Scatter,Extra Hard,4.7345,4.7345,1,0.0,0.0,0.0,0.0,0.0,0.0,0.0,0.0,0.0,0.0,1.0,0.0,0.0,False,Qwen/Qwen2.5-Coder-7B-Instruct,None
4015,Scatter,Extra Hard,4.7345,4.7345,1,0.0,0.0,0.0,0.0,0.0,0.0,0.0,0.0,0.0,0.0,1.0,0.0,0.0,False,Qwen/Qwen2.5-Coder-7B-Instruct,None
4016,Grouping Line,Medium,5.8372,5.8372,1,0.0,0.0,0.0,0.0,1.0,0.0,0.0,0.0,0.0,1.0,0.0,,0.0,False,Qwen/Qwen2.5-Coder-7B-Instruct,None
4016,Grouping Line,Medium,5.8372,5.8372,1,0.0,0.0,0.0,0.0,1.0,0.0,0.0,0.0,0.0,1.0,0.0,,0.0,False,Qwen/Qwen2.5-Coder-7B-Instruct,None
4016,Grouping Line,Medium,5.8372,5.8372,1,0.0,0.0,0.0,0.0,1.0,0.0,0.0,0.0,0.0,1.0,0.0,,0.0,False,Qwen/Qwen2.5-Coder-7B-Instruct,None
4017,Stacked Bar,Medium,6.4714,6.4714,1,0.0,0.0,0.0,0.0,0.0,0.0,0.0,0.0,0.0,0.0,1.0,0.0,0.0,False,Qwen/Qwen2.5-Coder-7B-Instruct,None
4017,Stacked Bar,Medium,6.4714,6.4714,1,0.0,0.0,0.0,0.0,0.0,0.0,0.0,0.0,0.0,0.0,1.0,0.0,0.0,False,Qwen/Qwen2.5-Coder-7B-Instruct,None
4017,Stacked Bar,Medium,6.4714,6.4714,1,0.0,0.0,0.0,0.0,0.0,0.0,0.0,0.0,0.0,0.0,1.0,0.0,0.0,False,Qwen/Qwen2.5-Coder-7B-Instruct,None
4018,Stacked Bar,Medium,6.8469,6.8469,1,0.0,0.0,0.0,0.0,0.0,0.0,0.0,0.0,0.0,0.0,1.0,0.0,0.0,True,Qwen/Qwen2.5-Coder-7B-Instruct,None
4018,Stacked Bar,Medium,6.8469,6.8469,1,0.0,0.0,0.0,0.0,0.0,0.0,0.0,0.0,0.0,0.0,1.0,0.0,0.0,True,Qwen/Qwen2.5-Coder-7B-Instruct,None
4018,Stacked Bar,Medium,6.8469,6.8469,1,0.0,0.0,0.0,0.0,0.0,0.0,0.0,0.0,0.0,0.0,1.0,0.0,0.0,True,Qwen/Qwen2.5-Coder-7B-Instruct,None
4019,Stacked Bar,Medium,9.1529,9.1529,1,0.0,0.0,0.0,0.0,0.0,0.0,0.0,0.0,0.0,0.0,1.0,0.0,0.0,True,Qwen/Qwen2.5-Coder-7B-Instruct,None
4019,Stacked Bar,Medium,9.1529,9.1529,1,0.0,0.0,0.0,0.0,0.0,0.0,0.0,0.0,0.0,0.0,1.0,0.0,0.0,True,Qwen/Qwen2.5-Coder-7B-Instruct,None
4019,Stacked Bar,Medium,9.1529,9.1529,1,0.0,0.0,0.0,0.0,0.0,0.0,0.0,0.0,0.0,0.0,1.0,0.0,0.0,True,Qwen/Qwen2.5-Coder-7B-Instruct,None
4020,Stacked Bar,Medium,19.2291,19.2291,1,1.0,0.0,0.0,0.0,0.0,0.0,0.0,0.0,1.0,0.0,0.0,,0.0,True,Qwen/Qwen2.5-Coder-7B-Instruct,None
4020,Stacked Bar,Medium,19.2291,19.2291,1,1.0,0.0,0.0,0.0,0.0,0.0,0.0,0.0,1.0,0.0,0.0,,0.0,True,Qwen/Qwen2.5-Coder-7B-Instruct,None
4020,Stacked Bar,Medium,19.2291,19.2291,1,1.0,0.0,0.0,0.0,0.0,0.0,0.0,0.0,1.0,0.0,0.0,,0.0,True,Qwen/Qwen2.5-Coder-7B-Instruct,None
4021,Scatter,Medium,9.4769,9.4769,1,0.0,0.0,0.0,0.0,0.0,0.0,0.0,0.0,0.0,0.0,1.0,0.0,0.0,False,Qwen/Qwen2.5-Coder-7B-Instruct,None
4021,Scatter,Medium,9.4769,9.4769,1,0.0,0.0,0.0,0.0,0.0,0.0,0.0,0.0,0.0,0.0,1.0,0.0,0.0,False,Qwen/Qwen2.5-Coder-7B-Instruct,None
4021,Scatter,Medium,9.4769,9.4769,1,0.0,0.0,0.0,0.0,0.0,0.0,0.0,0.0,0.0,0.0,1.0,0.0,0.0,False,Qwen/Qwen2.5-Coder-7B-Instruct,None
4022,Stacked Bar,Medium,7.6803,7.6803,1,0.0,0.0,0.0,0.0,0.0,0.0,0.0,0.0,0.0,0.0,1.0,0.0,0.0,True,Qwen/Qwen2.5-Coder-7B-Instruct,None
4022,Stacked Bar,Medium,7.6803,7.6803,1,0.0,0.0,0.0,0.0,0.0,0.0,0.0,0.0,0.0,0.0,1.0,0.0,0.0,True,Qwen/Qwen2.5-Coder-7B-Instruct,None
4022,Stacked Bar,Medium,7.6803,7.6803,1,0.0,0.0,0.0,0.0,0.0,0.0,0.0,0.0,0.0,0.0,1.0,0.0,0.0,True,Qwen/Qwen2.5-Coder-7B-Instruct,None
4023,Grouping Scatter,Easy,10.207,10.207,1,0.0,1.0,0.0,0.0,0.0,0.0,0.0,0.0,1.0,0.0,0.0,,0.0,False,Qwen/Qwen2.5-Coder-7B-Instruct,None
4023,Grouping Scatter,Easy,10.207,10.207,1,0.0,1.0,0.0,0.0,0.0,0.0,0.0,0.0,1.0,0.0,0.0,,0.0,False,Qwen/Qwen2.5-Coder-7B-Instruct,None
4023,Grouping Scatter,Easy,10.207,10.207,1,0.0,1.0,0.0,0.0,0.0,0.0,0.0,0.0,1.0,0.0,0.0,,0.0,False,Qwen/Qwen2.5-Coder-7B-Instruct,None
4024,Grouping Scatter,Easy,16.3442,16.3442,1,0.0,0.0,0.0,1.0,1.0,0.0,0.0,0.0,0.0,1.0,0.0,,0.0,False,Qwen/Qwen2.5-Coder-7B-Instruct,None
4024,Grouping Scatter,Easy,16.3442,16.3442,1,0.0,0.0,0.0,1.0,1.0,0.0,0.0,0.0,0.0,1.0,0.0,,0.0,False,Qwen/Qwen2.5-Coder-7B-Instruct,None
4024,Grouping Scatter,Easy,16.3442,16.3442,1,0.0,0.0,0.0,1.0,1.0,0.0,0.0,0.0,0.0,1.0,0.0,,0.0,False,Qwen/Qwen2.5-Coder-7B-Instruct,None
4025,Stacked Bar,Medium,7.5903,7.5903,1,0.0,0.0,0.0,0.0,0.0,0.0,0.0,0.0,0.0,0.0,1.0,0.0,0.0,False,Qwen/Qwen2.5-Coder-7B-Instruct,None
4025,Stacked Bar,Medium,7.5903,7.5903,1,0.0,0.0,0.0,0.0,0.0,0.0,0.0,0.0,0.0,0.0,1.0,0.0,0.0,False,Qwen/Qwen2.5-Coder-7B-Instruct,None
4025,Stacked Bar,Medium,7.5903,7.5903,1,0.0,0.0,0.0,0.0,0.0,0.0,0.0,0.0,0.0,0.0,1.0,0.0,0.0,False,Qwen/Qwen2.5-Coder-7B-Instruct,None
4026,Grouping Line,Easy,5.1033,5.1033,1,0.0,0.0,0.0,0.0,1.0,0.0,0.0,0.0,0.0,1.0,0.0,,0.0,False,Qwen/Qwen2.5-Coder-7B-Instruct,None
4026,Grouping Line,Easy,5.1033,5.1033,1,0.0,0.0,0.0,0.0,1.0,0.0,0.0,0.0,0.0,1.0,0.0,,0.0,False,Qwen/Qwen2.5-Coder-7B-Instruct,None
4026,Grouping Line,Easy,5.1033,5.1033,1,0.0,0.0,0.0,0.0,1.0,0.0,0.0,0.0,0.0,1.0,0.0,,0.0,False,Qwen/Qwen2.5-Coder-7B-Instruct,None
4027,Grouping Line,Easy,5.8544,5.8544,1,0.0,0.0,0.0,0.0,1.0,0.0,0.0,0.0,0.0,1.0,0.0,,0.0,False,Qwen/Qwen2.5-Coder-7B-Instruct,None
4027,Grouping Line,Easy,5.8544,5.8544,1,0.0,0.0,0.0,0.0,1.0,0.0,0.0,0.0,0.0,1.0,0.0,,0.0,False,Qwen/Qwen2.5-Coder-7B-Instruct,None
4027,Grouping Line,Easy,5.8544,5.8544,1,0.0,0.0,0.0,0.0,1.0,0.0,0.0,0.0,0.0,1.0,0.0,,0.0,False,Qwen/Qwen2.5-Coder-7B-Instruct,None
4028,Stacked Bar,Easy,22.2909,22.2909,1,1.0,0.0,0.0,0.0,0.0,0.0,0.0,0.0,1.0,0.0,0.0,,0.0,False,Qwen/Qwen2.5-Coder-7B-Instruct,None
4028,Stacked Bar,Easy,22.2909,22.2909,1,1.0,0.0,0.0,0.0,0.0,0.0,0.0,0.0,1.0,0.0,0.0,,0.0,False,Qwen/Qwen2.5-Coder-7B-Instruct,None
4028,Stacked Bar,Easy,22.2909,22.2909,1,1.0,0.0,0.0,0.0,0.0,0.0,0.0,0.0,1.0,0.0,0.0,,0.0,False,Qwen/Qwen2.5-Coder-7B-Instruct,None
4029,Grouping Line,Hard,34.7592,34.7592,1,0.0,0.0,0.0,1.0,1.0,0.0,0.0,0.0,0.0,1.0,0.0,,0.0,True,Qwen/Qwen2.5-Coder-7B-Instruct,None
4029,Grouping Line,Hard,34.7592,34.7592,1,0.0,0.0,0.0,1.0,1.0,0.0,0.0,0.0,0.0,1.0,0.0,,0.0,True,Qwen/Qwen2.5-Coder-7B-Instruct,None
4029,Grouping Line,Hard,34.7592,34.7592,1,0.0,0.0,0.0,1.0,1.0,0.0,0.0,0.0,0.0,1.0,0.0,,0.0,True,Qwen/Qwen2.5-Coder-7B-Instruct,None
4030,Stacked Bar,Medium,5.8984,5.8984,1,0.0,0.0,0.0,0.0,0.0,0.0,0.0,0.0,0.0,0.0,1.0,0.0,0.0,False,Qwen/Qwen2.5-Coder-7B-Instruct,None
4030,Stacked Bar,Medium,5.8984,5.8984,1,0.0,0.0,0.0,0.0,0.0,0.0,0.0,0.0,0.0,0.0,1.0,0.0,0.0,False,Qwen/Qwen2.5-Coder-7B-Instruct,None
4030,Stacked Bar,Medium,5.8984,5.8984,1,0.0,0.0,0.0,0.0,0.0,0.0,0.0,0.0,0.0,0.0,1.0,0.0,0.0,False,Qwen/Qwen2.5-Coder-7B-Instruct,None
4031,Stacked Bar,Medium,4.9393,4.9393,1,0.0,0.0,0.0,0.0,0.0,0.0,0.0,0.0,0.0,0.0,1.0,0.0,0.0,False,Qwen/Qwen2.5-Coder-7B-Instruct,None
4031,Stacked Bar,Medium,4.9393,4.9393,1,0.0,0.0,0.0,0.0,0.0,0.0,0.0,0.0,0.0,0.0,1.0,0.0,0.0,False,Qwen/Qwen2.5-Coder-7B-Instruct,None
4031,Stacked Bar,Medium,4.9393,4.9393,1,0.0,0.0,0.0,0.0,0.0,0.0,0.0,0.0,0.0,0.0,1.0,0.0,0.0,False,Qwen/Qwen2.5-Coder-7B-Instruct,None
4032,Grouping Scatter,Medium,14.7526,14.7526,1,0.0,0.0,0.0,1.0,1.0,0.0,0.0,0.0,0.0,1.0,0.0,,0.0,False,Qwen/Qwen2.5-Coder-7B-Instruct,None
4032,Grouping Scatter,Medium,14.7526,14.7526,1,0.0,0.0,0.0,1.0,1.0,0.0,0.0,0.0,0.0,1.0,0.0,,0.0,False,Qwen/Qwen2.5-Coder-7B-Instruct,None
4032,Grouping Scatter,Medium,14.7526,14.7526,1,0.0,0.0,0.0,1.0,1.0,0.0,0.0,0.0,0.0,1.0,0.0,,0.0,False,Qwen/Qwen2.5-Coder-7B-Instruct,None
4033,Grouping Line,Hard,6.4759,6.4759,1,0.0,0.0,0.0,1.0,1.0,0.0,0.0,0.0,0.0,1.0,0.0,,0.0,False,Qwen/Qwen2.5-Coder-7B-Instruct,None
4033,Grouping Line,Hard,6.4759,6.4759,1,0.0,0.0,0.0,1.0,1.0,0.0,0.0,0.0,0.0,1.0,0.0,,0.0,False,Qwen/Qwen2.5-Coder-7B-Instruct,None
4033,Grouping Line,Hard,6.4759,6.4759,1,0.0,0.0,0.0,1.0,1.0,0.0,0.0,0.0,0.0,1.0,0.0,,0.0,False,Qwen/Qwen2.5-Coder-7B-Instruct,None
4034,Grouping Line,Medium,22.7761,22.7761,1,1.0,0.0,0.0,0.0,0.0,0.0,0.0,0.0,1.0,0.0,0.0,,0.0,False,Qwen/Qwen2.5-Coder-7B-Instruct,None
4034,Grouping Line,Medium,22.7761,22.7761,1,1.0,0.0,0.0,0.0,0.0,0.0,0.0,0.0,1.0,0.0,0.0,,0.0,False,Qwen/Qwen2.5-Coder-7B-Instruct,None
4034,Grouping Line,Medium,22.7761,22.7761,1,1.0,0.0,0.0,0.0,0.0,0.0,0.0,0.0,1.0,0.0,0.0,,0.0,False,Qwen/Qwen2.5-Coder-7B-Instruct,None
4035,Grouping Line,Medium,17.3933,17.3933,1,0.0,1.0,0.0,0.0,0.0,0.0,0.0,0.0,1.0,0.0,0.0,,0.0,True,Qwen/Qwen2.5-Coder-7B-Instruct,None
4035,Grouping Line,Medium,17.3933,17.3933,1,0.0,1.0,0.0,0.0,0.0,0.0,0.0,0.0,1.0,0.0,0.0,,0.0,True,Qwen/Qwen2.5-Coder-7B-Instruct,None
4035,Grouping Line,Medium,17.3933,17.3933,1,0.0,1.0,0.0,0.0,0.0,0.0,0.0,0.0,1.0,0.0,0.0,,0.0,True,Qwen/Qwen2.5-Coder-7B-Instruct,None
