id,chart,hardness,avg_inference_time_seconds,total_inference_time_seconds,inference_count,code execution_fail_rate,surface-form check_fail_rate,deconstruction_fail_rate,chart type check_fail_rate,data check_fail_rate,order check_fail_rate,layout check_fail_rate,scale and ticks check_fail_rate,invalid_rate,illegal rate,pass_rate,readability_score,quality_score,is_multi_table,text_model,vision_model
4,Pie,Medium,3.482424795627594,13.929699182510376,4,0.0,0.0,0.0,0.0,0.0,0.0,0.0,0.0,0.0,0.0,1.0,0.0,0.0,True,Qwen/Qwen3-Coder-30B-A3B-Instruct-FP8,None
4,Pie,Medium,3.482424795627594,13.929699182510376,4,0.0,0.0,0.0,0.0,0.0,0.0,0.0,0.0,0.0,0.0,1.0,0.0,0.0,True,Qwen/Qwen3-Coder-30B-A3B-Instruct-FP8,None
4,Pie,Medium,3.482424795627594,13.929699182510376,4,0.0,0.0,0.0,0.0,0.0,0.0,0.0,0.0,0.0,0.0,1.0,0.0,0.0,True,Qwen/Qwen3-Coder-30B-A3B-Instruct-FP8,None
5,Bar,Medium,3.322705364227295,16.613526821136475,5,0.0,0.0,0.0,0.0,0.0,0.0,0.0,0.0,0.0,0.0,1.0,0.0,0.0,True,Qwen/Qwen3-Coder-30B-A3B-Instruct-FP8,None
5,Bar,Medium,3.322705364227295,16.613526821136475,5,0.0,0.0,0.0,0.0,0.0,0.0,0.0,0.0,0.0,0.0,1.0,0.0,0.0,True,Qwen/Qwen3-Coder-30B-A3B-Instruct-FP8,None
5,Bar,Medium,3.322705364227295,16.613526821136475,5,0.0,0.0,0.0,0.0,0.0,0.0,0.0,0.0,0.0,0.0,1.0,0.0,0.0,True,Qwen/Qwen3-Coder-30B-A3B-Instruct-FP8,None
8,Pie,Easy,1.8081378936767578,5.424413681030273,3,0.0,0.0,0.0,0.0,0.0,0.0,0.0,0.0,0.0,0.0,1.0,0.0,0.0,False,Qwen/Qwen3-Coder-30B-A3B-Instruct-FP8,None
8,Pie,Easy,1.8081378936767578,5.424413681030273,3,0.0,0.0,0.0,0.0,0.0,0.0,0.0,0.0,0.0,0.0,1.0,0.0,0.0,False,Qwen/Qwen3-Coder-30B-A3B-Instruct-FP8,None
8,Pie,Easy,1.8081378936767578,5.424413681030273,3,0.0,0.0,0.0,0.0,0.0,0.0,0.0,0.0,0.0,0.0,1.0,0.0,0.0,False,Qwen/Qwen3-Coder-30B-A3B-Instruct-FP8,None
9,Bar,Easy,1.8305716514587402,3.6611433029174805,2,0.0,0.0,0.0,0.0,0.0,0.0,0.0,0.0,0.0,0.0,1.0,0.0,0.0,False,Qwen/Qwen3-Coder-30B-A3B-Instruct-FP8,None
9,Bar,Easy,1.8305716514587402,3.6611433029174805,2,0.0,0.0,0.0,0.0,0.0,0.0,0.0,0.0,0.0,0.0,1.0,0.0,0.0,False,Qwen/Qwen3-Coder-30B-A3B-Instruct-FP8,None
9,Bar,Easy,1.8305716514587402,3.6611433029174805,2,0.0,0.0,0.0,0.0,0.0,0.0,0.0,0.0,0.0,0.0,1.0,0.0,0.0,False,Qwen/Qwen3-Coder-30B-A3B-Instruct-FP8,None
14,Pie,Easy,1.847594141960144,3.695188283920288,2,0.0,0.0,0.0,0.0,0.0,0.0,0.0,0.0,0.0,0.0,1.0,0.0,0.0,False,Qwen/Qwen3-Coder-30B-A3B-Instruct-FP8,None
14,Pie,Easy,1.847594141960144,3.695188283920288,2,0.0,0.0,0.0,0.0,0.0,0.0,0.0,0.0,0.0,0.0,1.0,0.0,0.0,False,Qwen/Qwen3-Coder-30B-A3B-Instruct-FP8,None
14,Pie,Easy,1.847594141960144,3.695188283920288,2,0.0,0.0,0.0,0.0,0.0,0.0,0.0,0.0,0.0,0.0,1.0,0.0,0.0,False,Qwen/Qwen3-Coder-30B-A3B-Instruct-FP8,None
21,Pie,Medium,3.098970890045166,6.197941780090332,2,0.0,0.0,0.0,0.0,0.0,0.0,0.0,0.0,0.0,0.0,1.0,0.0,0.0,False,Qwen/Qwen3-Coder-30B-A3B-Instruct-FP8,None
21,Pie,Medium,3.098970890045166,6.197941780090332,2,0.0,0.0,0.0,0.0,0.0,0.0,0.0,0.0,0.0,0.0,1.0,0.0,0.0,False,Qwen/Qwen3-Coder-30B-A3B-Instruct-FP8,None
21,Pie,Medium,3.098970890045166,6.197941780090332,2,0.0,0.0,0.0,0.0,0.0,0.0,0.0,0.0,0.0,0.0,1.0,0.0,0.0,False,Qwen/Qwen3-Coder-30B-A3B-Instruct-FP8,None
32,Bar,Medium,3.556405862172445,10.669217586517334,3,0.0,0.0,0.0,0.0,0.0,0.0,0.0,0.0,0.0,0.0,1.0,0.0,0.0,True,Qwen/Qwen3-Coder-30B-A3B-Instruct-FP8,None
32,Bar,Medium,3.556405862172445,10.669217586517334,3,0.0,0.0,0.0,0.0,0.0,0.0,0.0,0.0,0.0,0.0,1.0,0.0,0.0,True,Qwen/Qwen3-Coder-30B-A3B-Instruct-FP8,None
32,Bar,Medium,3.556405862172445,10.669217586517334,3,0.0,0.0,0.0,0.0,0.0,0.0,0.0,0.0,0.0,0.0,1.0,0.0,0.0,True,Qwen/Qwen3-Coder-30B-A3B-Instruct-FP8,None
33,Pie,Easy,1.935730755329132,7.742923021316528,4,0.0,0.0,0.0,0.0,0.5,0.0,0.0,0.0,0.0,0.5,0.5,0.0,0.0,False,Qwen/Qwen3-Coder-30B-A3B-Instruct-FP8,None
33,Pie,Easy,1.935730755329132,7.742923021316528,4,0.0,0.0,0.0,0.0,0.5,0.0,0.0,0.0,0.0,0.5,0.5,0.0,0.0,False,Qwen/Qwen3-Coder-30B-A3B-Instruct-FP8,None
33,Pie,Easy,1.935730755329132,7.742923021316528,4,0.0,0.0,0.0,0.0,0.5,0.0,0.0,0.0,0.0,0.5,0.5,0.0,0.0,False,Qwen/Qwen3-Coder-30B-A3B-Instruct-FP8,None
34,Bar,Easy,1.9305704593658448,9.652852296829224,5,0.0,0.0,0.0,0.0,0.0,0.0,0.0,0.0,0.0,0.0,1.0,0.0,0.0,False,Qwen/Qwen3-Coder-30B-A3B-Instruct-FP8,None
34,Bar,Easy,1.9305704593658448,9.652852296829224,5,0.0,0.0,0.0,0.0,0.0,0.0,0.0,0.0,0.0,0.0,1.0,0.0,0.0,False,Qwen/Qwen3-Coder-30B-A3B-Instruct-FP8,None
34,Bar,Easy,1.9305704593658448,9.652852296829224,5,0.0,0.0,0.0,0.0,0.0,0.0,0.0,0.0,0.0,0.0,1.0,0.0,0.0,False,Qwen/Qwen3-Coder-30B-A3B-Instruct-FP8,None
35,Pie,Medium,3.3782079219818115,3.3782079219818115,1,0.0,0.0,0.0,0.0,0.0,0.0,0.0,0.0,0.0,0.0,1.0,0.0,0.0,True,Qwen/Qwen3-Coder-30B-A3B-Instruct-FP8,None
35,Pie,Medium,3.3782079219818115,3.3782079219818115,1,0.0,0.0,0.0,0.0,0.0,0.0,0.0,0.0,0.0,0.0,1.0,0.0,0.0,True,Qwen/Qwen3-Coder-30B-A3B-Instruct-FP8,None
35,Pie,Medium,3.3782079219818115,3.3782079219818115,1,0.0,0.0,0.0,0.0,0.0,0.0,0.0,0.0,0.0,0.0,1.0,0.0,0.0,True,Qwen/Qwen3-Coder-30B-A3B-Instruct-FP8,None
36,Bar,Medium,3.0043694972991943,6.008738994598389,2,0.0,0.0,0.0,0.0,0.5,0.0,0.0,0.0,0.0,0.5,0.5,0.0,0.0,True,Qwen/Qwen3-Coder-30B-A3B-Instruct-FP8,None
36,Bar,Medium,3.0043694972991943,6.008738994598389,2,0.0,0.0,0.0,0.0,0.5,0.0,0.0,0.0,0.0,0.5,0.5,0.0,0.0,True,Qwen/Qwen3-Coder-30B-A3B-Instruct-FP8,None
36,Bar,Medium,3.0043694972991943,6.008738994598389,2,0.0,0.0,0.0,0.0,0.5,0.0,0.0,0.0,0.0,0.5,0.5,0.0,0.0,True,Qwen/Qwen3-Coder-30B-A3B-Instruct-FP8,None
37,Pie,Medium,12.659878492355347,25.319756984710693,2,0.5,0.0,0.0,0.5,0.5,0.0,0.0,0.0,0.5,0.5,0.0,,0.0,True,Qwen/Qwen3-Coder-30B-A3B-Instruct-FP8,None
37,Pie,Medium,12.659878492355347,25.319756984710693,2,0.5,0.0,0.0,0.5,0.5,0.0,0.0,0.0,0.5,0.5,0.0,,0.0,True,Qwen/Qwen3-Coder-30B-A3B-Instruct-FP8,None
37,Pie,Medium,12.659878492355347,25.319756984710693,2,0.5,0.0,0.0,0.5,0.5,0.0,0.0,0.0,0.5,0.5,0.0,,0.0,True,Qwen/Qwen3-Coder-30B-A3B-Instruct-FP8,None
46,Pie,Easy,2.2433459758758545,4.486691951751709,2,0.0,0.0,0.0,0.0,0.0,0.0,0.0,0.0,0.0,0.0,1.0,0.0,0.0,False,Qwen/Qwen3-Coder-30B-A3B-Instruct-FP8,None
46,Pie,Easy,2.2433459758758545,4.486691951751709,2,0.0,0.0,0.0,0.0,0.0,0.0,0.0,0.0,0.0,0.0,1.0,0.0,0.0,False,Qwen/Qwen3-Coder-30B-A3B-Instruct-FP8,None
46,Pie,Easy,2.2433459758758545,4.486691951751709,2,0.0,0.0,0.0,0.0,0.0,0.0,0.0,0.0,0.0,0.0,1.0,0.0,0.0,False,Qwen/Qwen3-Coder-30B-A3B-Instruct-FP8,None
54,Pie,Hard,16.4441237449646,32.8882474899292,2,1.0,0.0,0.0,0.0,0.0,0.0,0.0,0.0,1.0,0.0,0.0,,0.0,True,Qwen/Qwen3-Coder-30B-A3B-Instruct-FP8,None
54,Pie,Hard,16.4441237449646,32.8882474899292,2,1.0,0.0,0.0,0.0,0.0,0.0,0.0,0.0,1.0,0.0,0.0,,0.0,True,Qwen/Qwen3-Coder-30B-A3B-Instruct-FP8,None
54,Pie,Hard,16.4441237449646,32.8882474899292,2,1.0,0.0,0.0,0.0,0.0,0.0,0.0,0.0,1.0,0.0,0.0,,0.0,True,Qwen/Qwen3-Coder-30B-A3B-Instruct-FP8,None
55,Bar,Hard,16.20944392681122,32.41888785362244,2,1.0,0.0,0.0,0.0,0.0,0.0,0.0,0.0,1.0,0.0,0.0,,0.0,True,Qwen/Qwen3-Coder-30B-A3B-Instruct-FP8,None
55,Bar,Hard,16.20944392681122,32.41888785362244,2,1.0,0.0,0.0,0.0,0.0,0.0,0.0,0.0,1.0,0.0,0.0,,0.0,True,Qwen/Qwen3-Coder-30B-A3B-Instruct-FP8,None
55,Bar,Hard,16.20944392681122,32.41888785362244,2,1.0,0.0,0.0,0.0,0.0,0.0,0.0,0.0,1.0,0.0,0.0,,0.0,True,Qwen/Qwen3-Coder-30B-A3B-Instruct-FP8,None
62,Scatter,Easy,2.5960806608200073,5.192161321640015,2,0.0,0.0,0.0,0.0,0.0,0.0,0.0,0.0,0.0,0.0,1.0,0.0,0.0,False,Qwen/Qwen3-Coder-30B-A3B-Instruct-FP8,None
62,Scatter,Easy,2.5960806608200073,5.192161321640015,2,0.0,0.0,0.0,0.0,0.0,0.0,0.0,0.0,0.0,0.0,1.0,0.0,0.0,False,Qwen/Qwen3-Coder-30B-A3B-Instruct-FP8,None
62,Scatter,Easy,2.5960806608200073,5.192161321640015,2,0.0,0.0,0.0,0.0,0.0,0.0,0.0,0.0,0.0,0.0,1.0,0.0,0.0,False,Qwen/Qwen3-Coder-30B-A3B-Instruct-FP8,None
63,Pie,Medium,1.9214498400688171,7.6857993602752686,4,0.0,0.0,0.0,0.0,0.0,0.0,0.0,0.0,0.0,0.0,1.0,0.0,0.0,False,Qwen/Qwen3-Coder-30B-A3B-Instruct-FP8,None
63,Pie,Medium,1.9214498400688171,7.6857993602752686,4,0.0,0.0,0.0,0.0,0.0,0.0,0.0,0.0,0.0,0.0,1.0,0.0,0.0,False,Qwen/Qwen3-Coder-30B-A3B-Instruct-FP8,None
63,Pie,Medium,1.9214498400688171,7.6857993602752686,4,0.0,0.0,0.0,0.0,0.0,0.0,0.0,0.0,0.0,0.0,1.0,0.0,0.0,False,Qwen/Qwen3-Coder-30B-A3B-Instruct-FP8,None
64,Bar,Medium,1.9622034231821697,5.886610269546509,3,0.0,0.0,0.0,0.0,0.0,0.0,0.0,0.0,0.0,0.0,1.0,0.0,0.0,False,Qwen/Qwen3-Coder-30B-A3B-Instruct-FP8,None
64,Bar,Medium,1.9622034231821697,5.886610269546509,3,0.0,0.0,0.0,0.0,0.0,0.0,0.0,0.0,0.0,0.0,1.0,0.0,0.0,False,Qwen/Qwen3-Coder-30B-A3B-Instruct-FP8,None
64,Bar,Medium,1.9622034231821697,5.886610269546509,3,0.0,0.0,0.0,0.0,0.0,0.0,0.0,0.0,0.0,0.0,1.0,0.0,0.0,False,Qwen/Qwen3-Coder-30B-A3B-Instruct-FP8,None
65,Bar,Hard,11.356940984725952,22.713881969451904,2,0.5,0.0,0.0,0.0,0.0,0.0,0.0,0.0,0.5,0.0,0.5,0.0,0.0,True,Qwen/Qwen3-Coder-30B-A3B-Instruct-FP8,None
65,Bar,Hard,11.356940984725952,22.713881969451904,2,0.5,0.0,0.0,0.0,0.0,0.0,0.0,0.0,0.5,0.0,0.5,0.0,0.0,True,Qwen/Qwen3-Coder-30B-A3B-Instruct-FP8,None
65,Bar,Hard,11.356940984725952,22.713881969451904,2,0.5,0.0,0.0,0.0,0.0,0.0,0.0,0.0,0.5,0.0,0.5,0.0,0.0,True,Qwen/Qwen3-Coder-30B-A3B-Instruct-FP8,None
68,Bar,Hard,11.12566614151001,22.25133228302002,2,0.0,0.0,0.0,0.0,0.5,0.0,0.0,0.0,0.0,0.5,0.5,0.0,0.0,True,Qwen/Qwen3-Coder-30B-A3B-Instruct-FP8,None
68,Bar,Hard,11.12566614151001,22.25133228302002,2,0.0,0.0,0.0,0.0,0.5,0.0,0.0,0.0,0.0,0.5,0.5,0.0,0.0,True,Qwen/Qwen3-Coder-30B-A3B-Instruct-FP8,None
68,Bar,Hard,11.12566614151001,22.25133228302002,2,0.0,0.0,0.0,0.0,0.5,0.0,0.0,0.0,0.0,0.5,0.5,0.0,0.0,True,Qwen/Qwen3-Coder-30B-A3B-Instruct-FP8,None
69,Bar,Hard,3.4995285272598267,6.999057054519653,2,0.0,0.0,0.0,0.0,0.0,0.0,0.0,0.0,0.0,0.0,1.0,0.0,0.0,True,Qwen/Qwen3-Coder-30B-A3B-Instruct-FP8,None
69,Bar,Hard,3.4995285272598267,6.999057054519653,2,0.0,0.0,0.0,0.0,0.0,0.0,0.0,0.0,0.0,0.0,1.0,0.0,0.0,True,Qwen/Qwen3-Coder-30B-A3B-Instruct-FP8,None
69,Bar,Hard,3.4995285272598267,6.999057054519653,2,0.0,0.0,0.0,0.0,0.0,0.0,0.0,0.0,0.0,0.0,1.0,0.0,0.0,True,Qwen/Qwen3-Coder-30B-A3B-Instruct-FP8,None
72,Bar,Hard,8.607404470443726,17.21480894088745,2,0.5,0.0,0.0,0.0,0.0,0.0,0.0,0.0,0.5,0.0,0.5,0.0,0.0,True,Qwen/Qwen3-Coder-30B-A3B-Instruct-FP8,None
72,Bar,Hard,8.607404470443726,17.21480894088745,2,0.5,0.0,0.0,0.0,0.0,0.0,0.0,0.0,0.5,0.0,0.5,0.0,0.0,True,Qwen/Qwen3-Coder-30B-A3B-Instruct-FP8,None
72,Bar,Hard,8.607404470443726,17.21480894088745,2,0.5,0.0,0.0,0.0,0.0,0.0,0.0,0.0,0.5,0.0,0.5,0.0,0.0,True,Qwen/Qwen3-Coder-30B-A3B-Instruct-FP8,None
74,Bar,Easy,2.8743340969085693,17.246004581451416,6,0.0,0.0,0.0,0.0,0.0,0.0,0.0,0.0,0.0,0.0,1.0,0.0,0.0,False,Qwen/Qwen3-Coder-30B-A3B-Instruct-FP8,None
74,Bar,Easy,2.8743340969085693,17.246004581451416,6,0.0,0.0,0.0,0.0,0.0,0.0,0.0,0.0,0.0,0.0,1.0,0.0,0.0,False,Qwen/Qwen3-Coder-30B-A3B-Instruct-FP8,None
74,Bar,Easy,2.8743340969085693,17.246004581451416,6,0.0,0.0,0.0,0.0,0.0,0.0,0.0,0.0,0.0,0.0,1.0,0.0,0.0,False,Qwen/Qwen3-Coder-30B-A3B-Instruct-FP8,None
77,Bar,Hard,3.74404776096344,7.48809552192688,2,0.0,0.0,0.0,0.0,0.0,0.0,0.0,0.0,0.0,0.0,1.0,0.0,0.0,True,Qwen/Qwen3-Coder-30B-A3B-Instruct-FP8,None
77,Bar,Hard,3.74404776096344,7.48809552192688,2,0.0,0.0,0.0,0.0,0.0,0.0,0.0,0.0,0.0,0.0,1.0,0.0,0.0,True,Qwen/Qwen3-Coder-30B-A3B-Instruct-FP8,None
77,Bar,Hard,3.74404776096344,7.48809552192688,2,0.0,0.0,0.0,0.0,0.0,0.0,0.0,0.0,0.0,0.0,1.0,0.0,0.0,True,Qwen/Qwen3-Coder-30B-A3B-Instruct-FP8,None
81,Pie,Hard,3.4771496057510376,13.90859842300415,4,0.0,0.0,0.0,0.0,0.0,0.0,0.0,0.0,0.0,0.0,1.0,0.0,0.0,True,Qwen/Qwen3-Coder-30B-A3B-Instruct-FP8,None
81,Pie,Hard,3.4771496057510376,13.90859842300415,4,0.0,0.0,0.0,0.0,0.0,0.0,0.0,0.0,0.0,0.0,1.0,0.0,0.0,True,Qwen/Qwen3-Coder-30B-A3B-Instruct-FP8,None
81,Pie,Hard,3.4771496057510376,13.90859842300415,4,0.0,0.0,0.0,0.0,0.0,0.0,0.0,0.0,0.0,0.0,1.0,0.0,0.0,True,Qwen/Qwen3-Coder-30B-A3B-Instruct-FP8,None
86,Bar,Easy,7.567827582359314,15.135655164718628,2,0.5,0.0,0.0,0.0,0.0,0.0,0.0,0.0,0.5,0.0,0.5,0.0,0.0,False,Qwen/Qwen3-Coder-30B-A3B-Instruct-FP8,None
86,Bar,Easy,7.567827582359314,15.135655164718628,2,0.5,0.0,0.0,0.0,0.0,0.0,0.0,0.0,0.5,0.0,0.5,0.0,0.0,False,Qwen/Qwen3-Coder-30B-A3B-Instruct-FP8,None
86,Bar,Easy,7.567827582359314,15.135655164718628,2,0.5,0.0,0.0,0.0,0.0,0.0,0.0,0.0,0.5,0.0,0.5,0.0,0.0,False,Qwen/Qwen3-Coder-30B-A3B-Instruct-FP8,None
93,Pie,Medium,3.212365210056305,12.84946084022522,4,0.0,0.0,0.0,0.0,0.0,0.0,0.0,0.0,0.0,0.0,1.0,0.0,0.0,False,Qwen/Qwen3-Coder-30B-A3B-Instruct-FP8,None
93,Pie,Medium,3.212365210056305,12.84946084022522,4,0.0,0.0,0.0,0.0,0.0,0.0,0.0,0.0,0.0,0.0,1.0,0.0,0.0,False,Qwen/Qwen3-Coder-30B-A3B-Instruct-FP8,None
93,Pie,Medium,3.212365210056305,12.84946084022522,4,0.0,0.0,0.0,0.0,0.0,0.0,0.0,0.0,0.0,0.0,1.0,0.0,0.0,False,Qwen/Qwen3-Coder-30B-A3B-Instruct-FP8,None
94,Bar,Medium,3.0532056093215942,12.212822437286377,4,0.0,0.0,0.0,0.0,0.0,0.0,0.0,0.0,0.0,0.0,1.0,0.0,0.0,False,Qwen/Qwen3-Coder-30B-A3B-Instruct-FP8,None
94,Bar,Medium,3.0532056093215942,12.212822437286377,4,0.0,0.0,0.0,0.0,0.0,0.0,0.0,0.0,0.0,0.0,1.0,0.0,0.0,False,Qwen/Qwen3-Coder-30B-A3B-Instruct-FP8,None
94,Bar,Medium,3.0532056093215942,12.212822437286377,4,0.0,0.0,0.0,0.0,0.0,0.0,0.0,0.0,0.0,0.0,1.0,0.0,0.0,False,Qwen/Qwen3-Coder-30B-A3B-Instruct-FP8,None
95,Pie,Easy,2.1555769443511963,6.466730833053589,3,0.0,0.0,0.0,0.0,0.0,0.0,0.0,0.0,0.0,0.0,1.0,0.0,0.0,False,Qwen/Qwen3-Coder-30B-A3B-Instruct-FP8,None
95,Pie,Easy,2.1555769443511963,6.466730833053589,3,0.0,0.0,0.0,0.0,0.0,0.0,0.0,0.0,0.0,0.0,1.0,0.0,0.0,False,Qwen/Qwen3-Coder-30B-A3B-Instruct-FP8,None
95,Pie,Easy,2.1555769443511963,6.466730833053589,3,0.0,0.0,0.0,0.0,0.0,0.0,0.0,0.0,0.0,0.0,1.0,0.0,0.0,False,Qwen/Qwen3-Coder-30B-A3B-Instruct-FP8,None
96,Bar,Easy,2.2671473026275635,6.80144190788269,3,0.0,0.0,0.0,0.0,0.0,0.0,0.0,0.0,0.0,0.0,1.0,0.0,0.0,False,Qwen/Qwen3-Coder-30B-A3B-Instruct-FP8,None
96,Bar,Easy,2.2671473026275635,6.80144190788269,3,0.0,0.0,0.0,0.0,0.0,0.0,0.0,0.0,0.0,0.0,1.0,0.0,0.0,False,Qwen/Qwen3-Coder-30B-A3B-Instruct-FP8,None
96,Bar,Easy,2.2671473026275635,6.80144190788269,3,0.0,0.0,0.0,0.0,0.0,0.0,0.0,0.0,0.0,0.0,1.0,0.0,0.0,False,Qwen/Qwen3-Coder-30B-A3B-Instruct-FP8,None
98,Bar,Medium,3.7295584678649902,3.7295584678649902,1,0.0,0.0,0.0,0.0,0.0,0.0,0.0,0.0,0.0,0.0,1.0,0.0,0.0,True,Qwen/Qwen3-Coder-30B-A3B-Instruct-FP8,None
98,Bar,Medium,3.7295584678649902,3.7295584678649902,1,0.0,0.0,0.0,0.0,0.0,0.0,0.0,0.0,0.0,0.0,1.0,0.0,0.0,True,Qwen/Qwen3-Coder-30B-A3B-Instruct-FP8,None
98,Bar,Medium,3.7295584678649902,3.7295584678649902,1,0.0,0.0,0.0,0.0,0.0,0.0,0.0,0.0,0.0,0.0,1.0,0.0,0.0,True,Qwen/Qwen3-Coder-30B-A3B-Instruct-FP8,None
103,Pie,Hard,4.113522171974182,8.227044343948364,2,0.0,0.0,0.0,0.0,0.0,0.0,0.0,0.0,0.0,0.0,1.0,0.0,0.0,True,Qwen/Qwen3-Coder-30B-A3B-Instruct-FP8,None
103,Pie,Hard,4.113522171974182,8.227044343948364,2,0.0,0.0,0.0,0.0,0.0,0.0,0.0,0.0,0.0,0.0,1.0,0.0,0.0,True,Qwen/Qwen3-Coder-30B-A3B-Instruct-FP8,None
103,Pie,Hard,4.113522171974182,8.227044343948364,2,0.0,0.0,0.0,0.0,0.0,0.0,0.0,0.0,0.0,0.0,1.0,0.0,0.0,True,Qwen/Qwen3-Coder-30B-A3B-Instruct-FP8,None
120,Bar,Medium,2.5672714710235596,2.5672714710235596,1,0.0,0.0,0.0,0.0,0.0,0.0,0.0,0.0,0.0,0.0,1.0,0.0,0.0,True,Qwen/Qwen3-Coder-30B-A3B-Instruct-FP8,None
120,Bar,Medium,2.5672714710235596,2.5672714710235596,1,0.0,0.0,0.0,0.0,0.0,0.0,0.0,0.0,0.0,0.0,1.0,0.0,0.0,True,Qwen/Qwen3-Coder-30B-A3B-Instruct-FP8,None
120,Bar,Medium,2.5672714710235596,2.5672714710235596,1,0.0,0.0,0.0,0.0,0.0,0.0,0.0,0.0,0.0,0.0,1.0,0.0,0.0,True,Qwen/Qwen3-Coder-30B-A3B-Instruct-FP8,None
131,Pie,Medium,3.962468147277832,3.962468147277832,1,0.0,0.0,0.0,0.0,0.0,0.0,0.0,0.0,0.0,0.0,1.0,0.0,0.0,True,Qwen/Qwen3-Coder-30B-A3B-Instruct-FP8,None
131,Pie,Medium,3.962468147277832,3.962468147277832,1,0.0,0.0,0.0,0.0,0.0,0.0,0.0,0.0,0.0,0.0,1.0,0.0,0.0,True,Qwen/Qwen3-Coder-30B-A3B-Instruct-FP8,None
131,Pie,Medium,3.962468147277832,3.962468147277832,1,0.0,0.0,0.0,0.0,0.0,0.0,0.0,0.0,0.0,0.0,1.0,0.0,0.0,True,Qwen/Qwen3-Coder-30B-A3B-Instruct-FP8,None
138,Pie,Medium,3.254736542701721,6.509473085403442,2,0.0,0.0,0.0,0.0,0.0,0.0,0.0,0.0,0.0,0.0,1.0,0.0,0.0,True,Qwen/Qwen3-Coder-30B-A3B-Instruct-FP8,None
138,Pie,Medium,3.254736542701721,6.509473085403442,2,0.0,0.0,0.0,0.0,0.0,0.0,0.0,0.0,0.0,0.0,1.0,0.0,0.0,True,Qwen/Qwen3-Coder-30B-A3B-Instruct-FP8,None
138,Pie,Medium,3.254736542701721,6.509473085403442,2,0.0,0.0,0.0,0.0,0.0,0.0,0.0,0.0,0.0,0.0,1.0,0.0,0.0,True,Qwen/Qwen3-Coder-30B-A3B-Instruct-FP8,None
146,Stacked Bar,Hard,8.950631141662598,8.950631141662598,1,0.0,0.0,0.0,0.0,0.0,0.0,0.0,0.0,0.0,0.0,1.0,0.0,0.0,True,Qwen/Qwen3-Coder-30B-A3B-Instruct-FP8,None
146,Stacked Bar,Hard,8.950631141662598,8.950631141662598,1,0.0,0.0,0.0,0.0,0.0,0.0,0.0,0.0,0.0,0.0,1.0,0.0,0.0,True,Qwen/Qwen3-Coder-30B-A3B-Instruct-FP8,None
146,Stacked Bar,Hard,8.950631141662598,8.950631141662598,1,0.0,0.0,0.0,0.0,0.0,0.0,0.0,0.0,0.0,0.0,1.0,0.0,0.0,True,Qwen/Qwen3-Coder-30B-A3B-Instruct-FP8,None
150,Pie,Medium,4.387791872024536,4.387791872024536,1,0.0,0.0,0.0,0.0,0.0,0.0,0.0,0.0,0.0,0.0,1.0,0.0,0.0,True,Qwen/Qwen3-Coder-30B-A3B-Instruct-FP8,None
150,Pie,Medium,4.387791872024536,4.387791872024536,1,0.0,0.0,0.0,0.0,0.0,0.0,0.0,0.0,0.0,0.0,1.0,0.0,0.0,True,Qwen/Qwen3-Coder-30B-A3B-Instruct-FP8,None
150,Pie,Medium,4.387791872024536,4.387791872024536,1,0.0,0.0,0.0,0.0,0.0,0.0,0.0,0.0,0.0,0.0,1.0,0.0,0.0,True,Qwen/Qwen3-Coder-30B-A3B-Instruct-FP8,None
158,Bar,Hard,13.401679515838623,13.401679515838623,1,0.0,1.0,0.0,0.0,0.0,0.0,0.0,0.0,1.0,0.0,0.0,,0.0,True,Qwen/Qwen3-Coder-30B-A3B-Instruct-FP8,None
158,Bar,Hard,13.401679515838623,13.401679515838623,1,0.0,1.0,0.0,0.0,0.0,0.0,0.0,0.0,1.0,0.0,0.0,,0.0,True,Qwen/Qwen3-Coder-30B-A3B-Instruct-FP8,None
158,Bar,Hard,13.401679515838623,13.401679515838623,1,0.0,1.0,0.0,0.0,0.0,0.0,0.0,0.0,1.0,0.0,0.0,,0.0,True,Qwen/Qwen3-Coder-30B-A3B-Instruct-FP8,None
163,Line,Hard,4.630814790725708,4.630814790725708,1,0.0,0.0,0.0,1.0,1.0,0.0,0.0,0.0,0.0,1.0,0.0,,0.0,True,Qwen/Qwen3-Coder-30B-A3B-Instruct-FP8,None
163,Line,Hard,4.630814790725708,4.630814790725708,1,0.0,0.0,0.0,1.0,1.0,0.0,0.0,0.0,0.0,1.0,0.0,,0.0,True,Qwen/Qwen3-Coder-30B-A3B-Instruct-FP8,None
163,Line,Hard,4.630814790725708,4.630814790725708,1,0.0,0.0,0.0,1.0,1.0,0.0,0.0,0.0,0.0,1.0,0.0,,0.0,True,Qwen/Qwen3-Coder-30B-A3B-Instruct-FP8,None
173,Pie,Medium,2.491466999053955,2.491466999053955,1,0.0,0.0,0.0,0.0,0.0,0.0,0.0,0.0,0.0,0.0,1.0,0.0,0.0,False,Qwen/Qwen3-Coder-30B-A3B-Instruct-FP8,None
173,Pie,Medium,2.491466999053955,2.491466999053955,1,0.0,0.0,0.0,0.0,0.0,0.0,0.0,0.0,0.0,0.0,1.0,0.0,0.0,False,Qwen/Qwen3-Coder-30B-A3B-Instruct-FP8,None
173,Pie,Medium,2.491466999053955,2.491466999053955,1,0.0,0.0,0.0,0.0,0.0,0.0,0.0,0.0,0.0,0.0,1.0,0.0,0.0,False,Qwen/Qwen3-Coder-30B-A3B-Instruct-FP8,None
175,Scatter,Medium,4.0325084527333575,12.097525358200073,3,0.0,0.0,0.0,0.0,0.0,0.0,0.0,0.0,0.0,0.0,1.0,0.0,0.0,True,Qwen/Qwen3-Coder-30B-A3B-Instruct-FP8,None
175,Scatter,Medium,4.0325084527333575,12.097525358200073,3,0.0,0.0,0.0,0.0,0.0,0.0,0.0,0.0,0.0,0.0,1.0,0.0,0.0,True,Qwen/Qwen3-Coder-30B-A3B-Instruct-FP8,None
175,Scatter,Medium,4.0325084527333575,12.097525358200073,3,0.0,0.0,0.0,0.0,0.0,0.0,0.0,0.0,0.0,0.0,1.0,0.0,0.0,True,Qwen/Qwen3-Coder-30B-A3B-Instruct-FP8,None
186,Bar,Medium,2.2015180587768555,2.2015180587768555,1,0.0,0.0,0.0,0.0,0.0,0.0,0.0,0.0,0.0,0.0,1.0,0.0,0.0,False,Qwen/Qwen3-Coder-30B-A3B-Instruct-FP8,None
186,Bar,Medium,2.2015180587768555,2.2015180587768555,1,0.0,0.0,0.0,0.0,0.0,0.0,0.0,0.0,0.0,0.0,1.0,0.0,0.0,False,Qwen/Qwen3-Coder-30B-A3B-Instruct-FP8,None
186,Bar,Medium,2.2015180587768555,2.2015180587768555,1,0.0,0.0,0.0,0.0,0.0,0.0,0.0,0.0,0.0,0.0,1.0,0.0,0.0,False,Qwen/Qwen3-Coder-30B-A3B-Instruct-FP8,None
189,Stacked Bar,Extra Hard,15.379741966724396,61.51896786689758,4,1.0,0.0,0.0,0.0,0.0,0.0,0.0,0.0,1.0,0.0,0.0,,0.0,False,Qwen/Qwen3-Coder-30B-A3B-Instruct-FP8,None
189,Stacked Bar,Extra Hard,15.379741966724396,61.51896786689758,4,1.0,0.0,0.0,0.0,0.0,0.0,0.0,0.0,1.0,0.0,0.0,,0.0,False,Qwen/Qwen3-Coder-30B-A3B-Instruct-FP8,None
189,Stacked Bar,Extra Hard,15.379741966724396,61.51896786689758,4,1.0,0.0,0.0,0.0,0.0,0.0,0.0,0.0,1.0,0.0,0.0,,0.0,False,Qwen/Qwen3-Coder-30B-A3B-Instruct-FP8,None
194,Stacked Bar,Extra Hard,6.0226569175720215,6.0226569175720215,1,0.0,0.0,0.0,0.0,0.0,0.0,0.0,0.0,0.0,0.0,1.0,0.0,0.0,False,Qwen/Qwen3-Coder-30B-A3B-Instruct-FP8,None
194,Stacked Bar,Extra Hard,6.0226569175720215,6.0226569175720215,1,0.0,0.0,0.0,0.0,0.0,0.0,0.0,0.0,0.0,0.0,1.0,0.0,0.0,False,Qwen/Qwen3-Coder-30B-A3B-Instruct-FP8,None
194,Stacked Bar,Extra Hard,6.0226569175720215,6.0226569175720215,1,0.0,0.0,0.0,0.0,0.0,0.0,0.0,0.0,0.0,0.0,1.0,0.0,0.0,False,Qwen/Qwen3-Coder-30B-A3B-Instruct-FP8,None
195,Stacked Bar,Extra Hard,7.5360634326934814,7.5360634326934814,1,0.0,0.0,0.0,0.0,0.0,0.0,0.0,0.0,0.0,0.0,1.0,0.0,0.0,False,Qwen/Qwen3-Coder-30B-A3B-Instruct-FP8,None
195,Stacked Bar,Extra Hard,7.5360634326934814,7.5360634326934814,1,0.0,0.0,0.0,0.0,0.0,0.0,0.0,0.0,0.0,0.0,1.0,0.0,0.0,False,Qwen/Qwen3-Coder-30B-A3B-Instruct-FP8,None
195,Stacked Bar,Extra Hard,7.5360634326934814,7.5360634326934814,1,0.0,0.0,0.0,0.0,0.0,0.0,0.0,0.0,0.0,0.0,1.0,0.0,0.0,False,Qwen/Qwen3-Coder-30B-A3B-Instruct-FP8,None
196,Stacked Bar,Extra Hard,13.959173107147217,69.79586553573608,5,1.0,0.0,0.0,0.0,0.0,0.0,0.0,0.0,1.0,0.0,0.0,,0.0,False,Qwen/Qwen3-Coder-30B-A3B-Instruct-FP8,None
196,Stacked Bar,Extra Hard,13.959173107147217,69.79586553573608,5,1.0,0.0,0.0,0.0,0.0,0.0,0.0,0.0,1.0,0.0,0.0,,0.0,False,Qwen/Qwen3-Coder-30B-A3B-Instruct-FP8,None
196,Stacked Bar,Extra Hard,13.959173107147217,69.79586553573608,5,1.0,0.0,0.0,0.0,0.0,0.0,0.0,0.0,1.0,0.0,0.0,,0.0,False,Qwen/Qwen3-Coder-30B-A3B-Instruct-FP8,None
201,Stacked Bar,Extra Hard,6.8598188877105715,34.299094438552856,5,0.0,0.0,0.0,0.2,0.0,0.0,0.0,0.0,0.0,0.2,0.8,0.0,0.0,False,Qwen/Qwen3-Coder-30B-A3B-Instruct-FP8,None
201,Stacked Bar,Extra Hard,6.8598188877105715,34.299094438552856,5,0.0,0.0,0.0,0.2,0.0,0.0,0.0,0.0,0.0,0.2,0.8,0.0,0.0,False,Qwen/Qwen3-Coder-30B-A3B-Instruct-FP8,None
201,Stacked Bar,Extra Hard,6.8598188877105715,34.299094438552856,5,0.0,0.0,0.0,0.2,0.0,0.0,0.0,0.0,0.0,0.2,0.8,0.0,0.0,False,Qwen/Qwen3-Coder-30B-A3B-Instruct-FP8,None
202,Stacked Bar,Extra Hard,7.410812258720398,14.821624517440796,2,0.0,0.0,0.0,0.0,0.0,0.0,0.0,0.0,0.0,0.0,1.0,0.0,0.0,False,Qwen/Qwen3-Coder-30B-A3B-Instruct-FP8,None
202,Stacked Bar,Extra Hard,7.410812258720398,14.821624517440796,2,0.0,0.0,0.0,0.0,0.0,0.0,0.0,0.0,0.0,0.0,1.0,0.0,0.0,False,Qwen/Qwen3-Coder-30B-A3B-Instruct-FP8,None
202,Stacked Bar,Extra Hard,7.410812258720398,14.821624517440796,2,0.0,0.0,0.0,0.0,0.0,0.0,0.0,0.0,0.0,0.0,1.0,0.0,0.0,False,Qwen/Qwen3-Coder-30B-A3B-Instruct-FP8,None
205,Bar,Medium,3.10854164759318,9.325624942779541,3,0.0,0.0,0.0,0.0,0.0,0.0,0.0,0.0,0.0,0.0,1.0,0.0,0.0,False,Qwen/Qwen3-Coder-30B-A3B-Instruct-FP8,None
205,Bar,Medium,3.10854164759318,9.325624942779541,3,0.0,0.0,0.0,0.0,0.0,0.0,0.0,0.0,0.0,0.0,1.0,0.0,0.0,False,Qwen/Qwen3-Coder-30B-A3B-Instruct-FP8,None
205,Bar,Medium,3.10854164759318,9.325624942779541,3,0.0,0.0,0.0,0.0,0.0,0.0,0.0,0.0,0.0,0.0,1.0,0.0,0.0,False,Qwen/Qwen3-Coder-30B-A3B-Instruct-FP8,None
210,Stacked Bar,Extra Hard,10.759051084518433,10.759051084518433,1,0.0,0.0,0.0,0.0,0.0,0.0,0.0,0.0,0.0,0.0,1.0,0.0,0.0,False,Qwen/Qwen3-Coder-30B-A3B-Instruct-FP8,None
210,Stacked Bar,Extra Hard,10.759051084518433,10.759051084518433,1,0.0,0.0,0.0,0.0,0.0,0.0,0.0,0.0,0.0,0.0,1.0,0.0,0.0,False,Qwen/Qwen3-Coder-30B-A3B-Instruct-FP8,None
210,Stacked Bar,Extra Hard,10.759051084518433,10.759051084518433,1,0.0,0.0,0.0,0.0,0.0,0.0,0.0,0.0,0.0,0.0,1.0,0.0,0.0,False,Qwen/Qwen3-Coder-30B-A3B-Instruct-FP8,None
211,Stacked Bar,Extra Hard,6.100711822509766,6.100711822509766,1,0.0,0.0,0.0,0.0,0.0,0.0,0.0,0.0,0.0,0.0,1.0,0.0,0.0,False,Qwen/Qwen3-Coder-30B-A3B-Instruct-FP8,None
211,Stacked Bar,Extra Hard,6.100711822509766,6.100711822509766,1,0.0,0.0,0.0,0.0,0.0,0.0,0.0,0.0,0.0,0.0,1.0,0.0,0.0,False,Qwen/Qwen3-Coder-30B-A3B-Instruct-FP8,None
211,Stacked Bar,Extra Hard,6.100711822509766,6.100711822509766,1,0.0,0.0,0.0,0.0,0.0,0.0,0.0,0.0,0.0,0.0,1.0,0.0,0.0,False,Qwen/Qwen3-Coder-30B-A3B-Instruct-FP8,None
219,Bar,Medium,3.6563327312469482,14.625330924987793,4,0.0,0.0,0.0,0.0,0.0,0.0,0.0,0.0,0.0,0.0,1.0,0.0,0.0,False,Qwen/Qwen3-Coder-30B-A3B-Instruct-FP8,None
219,Bar,Medium,3.6563327312469482,14.625330924987793,4,0.0,0.0,0.0,0.0,0.0,0.0,0.0,0.0,0.0,0.0,1.0,0.0,0.0,False,Qwen/Qwen3-Coder-30B-A3B-Instruct-FP8,None
219,Bar,Medium,3.6563327312469482,14.625330924987793,4,0.0,0.0,0.0,0.0,0.0,0.0,0.0,0.0,0.0,0.0,1.0,0.0,0.0,False,Qwen/Qwen3-Coder-30B-A3B-Instruct-FP8,None
224,Stacked Bar,Extra Hard,9.095822016398111,27.287466049194336,3,0.0,0.0,0.0,0.3333333333333333,0.0,0.0,0.0,0.0,0.0,0.3333333333333333,0.6666666666666666,0.0,0.0,False,Qwen/Qwen3-Coder-30B-A3B-Instruct-FP8,None
224,Stacked Bar,Extra Hard,9.095822016398111,27.287466049194336,3,0.0,0.0,0.0,0.3333333333333333,0.0,0.0,0.0,0.0,0.0,0.3333333333333333,0.6666666666666666,0.0,0.0,False,Qwen/Qwen3-Coder-30B-A3B-Instruct-FP8,None
224,Stacked Bar,Extra Hard,9.095822016398111,27.287466049194336,3,0.0,0.0,0.0,0.3333333333333333,0.0,0.0,0.0,0.0,0.0,0.3333333333333333,0.6666666666666666,0.0,0.0,False,Qwen/Qwen3-Coder-30B-A3B-Instruct-FP8,None
225,Stacked Bar,Extra Hard,10.574784278869629,10.574784278869629,1,0.0,0.0,0.0,0.0,0.0,0.0,0.0,0.0,0.0,0.0,1.0,0.0,0.0,False,Qwen/Qwen3-Coder-30B-A3B-Instruct-FP8,None
225,Stacked Bar,Extra Hard,10.574784278869629,10.574784278869629,1,0.0,0.0,0.0,0.0,0.0,0.0,0.0,0.0,0.0,0.0,1.0,0.0,0.0,False,Qwen/Qwen3-Coder-30B-A3B-Instruct-FP8,None
225,Stacked Bar,Extra Hard,10.574784278869629,10.574784278869629,1,0.0,0.0,0.0,0.0,0.0,0.0,0.0,0.0,0.0,0.0,1.0,0.0,0.0,False,Qwen/Qwen3-Coder-30B-A3B-Instruct-FP8,None
231,Bar,Medium,2.6956006288528442,10.782402515411377,4,0.0,0.0,0.0,0.0,0.0,0.0,0.0,0.0,0.0,0.0,1.0,0.0,0.0,False,Qwen/Qwen3-Coder-30B-A3B-Instruct-FP8,None
231,Bar,Medium,2.6956006288528442,10.782402515411377,4,0.0,0.0,0.0,0.0,0.0,0.0,0.0,0.0,0.0,0.0,1.0,0.0,0.0,False,Qwen/Qwen3-Coder-30B-A3B-Instruct-FP8,None
231,Bar,Medium,2.6956006288528442,10.782402515411377,4,0.0,0.0,0.0,0.0,0.0,0.0,0.0,0.0,0.0,0.0,1.0,0.0,0.0,False,Qwen/Qwen3-Coder-30B-A3B-Instruct-FP8,None
233,Bar,Medium,2.4978205362955728,7.493461608886719,3,0.0,0.0,0.0,0.0,0.0,0.0,0.0,0.0,0.0,0.0,1.0,0.0,0.0,False,Qwen/Qwen3-Coder-30B-A3B-Instruct-FP8,None
233,Bar,Medium,2.4978205362955728,7.493461608886719,3,0.0,0.0,0.0,0.0,0.0,0.0,0.0,0.0,0.0,0.0,1.0,0.0,0.0,False,Qwen/Qwen3-Coder-30B-A3B-Instruct-FP8,None
233,Bar,Medium,2.4978205362955728,7.493461608886719,3,0.0,0.0,0.0,0.0,0.0,0.0,0.0,0.0,0.0,0.0,1.0,0.0,0.0,False,Qwen/Qwen3-Coder-30B-A3B-Instruct-FP8,None
238,Bar,Medium,2.6008573174476624,10.40342926979065,4,0.0,0.0,0.0,0.0,0.0,0.0,0.0,0.0,0.0,0.0,1.0,0.0,0.0,False,Qwen/Qwen3-Coder-30B-A3B-Instruct-FP8,None
238,Bar,Medium,2.6008573174476624,10.40342926979065,4,0.0,0.0,0.0,0.0,0.0,0.0,0.0,0.0,0.0,0.0,1.0,0.0,0.0,False,Qwen/Qwen3-Coder-30B-A3B-Instruct-FP8,None
238,Bar,Medium,2.6008573174476624,10.40342926979065,4,0.0,0.0,0.0,0.0,0.0,0.0,0.0,0.0,0.0,0.0,1.0,0.0,0.0,False,Qwen/Qwen3-Coder-30B-A3B-Instruct-FP8,None
246,Bar,Medium,3.4532694220542908,13.813077688217163,4,0.0,0.0,0.0,0.0,0.0,0.0,0.0,0.0,0.0,0.0,1.0,0.0,0.0,False,Qwen/Qwen3-Coder-30B-A3B-Instruct-FP8,None
246,Bar,Medium,3.4532694220542908,13.813077688217163,4,0.0,0.0,0.0,0.0,0.0,0.0,0.0,0.0,0.0,0.0,1.0,0.0,0.0,False,Qwen/Qwen3-Coder-30B-A3B-Instruct-FP8,None
246,Bar,Medium,3.4532694220542908,13.813077688217163,4,0.0,0.0,0.0,0.0,0.0,0.0,0.0,0.0,0.0,0.0,1.0,0.0,0.0,False,Qwen/Qwen3-Coder-30B-A3B-Instruct-FP8,None
247,Bar,Medium,3.196156919002533,12.784627676010132,4,0.0,0.0,0.0,0.0,0.0,0.0,0.0,0.0,0.0,0.0,1.0,0.0,0.0,False,Qwen/Qwen3-Coder-30B-A3B-Instruct-FP8,None
247,Bar,Medium,3.196156919002533,12.784627676010132,4,0.0,0.0,0.0,0.0,0.0,0.0,0.0,0.0,0.0,0.0,1.0,0.0,0.0,False,Qwen/Qwen3-Coder-30B-A3B-Instruct-FP8,None
247,Bar,Medium,3.196156919002533,12.784627676010132,4,0.0,0.0,0.0,0.0,0.0,0.0,0.0,0.0,0.0,0.0,1.0,0.0,0.0,False,Qwen/Qwen3-Coder-30B-A3B-Instruct-FP8,None
248,Bar,Medium,2.100457191467285,2.100457191467285,1,0.0,0.0,0.0,0.0,0.0,0.0,0.0,0.0,0.0,0.0,1.0,0.0,0.0,False,Qwen/Qwen3-Coder-30B-A3B-Instruct-FP8,None
248,Bar,Medium,2.100457191467285,2.100457191467285,1,0.0,0.0,0.0,0.0,0.0,0.0,0.0,0.0,0.0,0.0,1.0,0.0,0.0,False,Qwen/Qwen3-Coder-30B-A3B-Instruct-FP8,None
248,Bar,Medium,2.100457191467285,2.100457191467285,1,0.0,0.0,0.0,0.0,0.0,0.0,0.0,0.0,0.0,0.0,1.0,0.0,0.0,False,Qwen/Qwen3-Coder-30B-A3B-Instruct-FP8,None
252,Pie,Medium,3.6870968341827393,7.3741936683654785,2,0.0,0.0,0.0,0.0,0.0,0.0,0.0,0.0,0.0,0.0,1.0,0.0,0.0,False,Qwen/Qwen3-Coder-30B-A3B-Instruct-FP8,None
252,Pie,Medium,3.6870968341827393,7.3741936683654785,2,0.0,0.0,0.0,0.0,0.0,0.0,0.0,0.0,0.0,0.0,1.0,0.0,0.0,False,Qwen/Qwen3-Coder-30B-A3B-Instruct-FP8,None
252,Pie,Medium,3.6870968341827393,7.3741936683654785,2,0.0,0.0,0.0,0.0,0.0,0.0,0.0,0.0,0.0,0.0,1.0,0.0,0.0,False,Qwen/Qwen3-Coder-30B-A3B-Instruct-FP8,None
264,Bar,Medium,3.224014639854431,12.896058559417725,4,0.0,0.0,0.0,0.0,0.0,0.0,0.0,0.0,0.0,0.0,1.0,0.0,0.0,False,Qwen/Qwen3-Coder-30B-A3B-Instruct-FP8,None
264,Bar,Medium,3.224014639854431,12.896058559417725,4,0.0,0.0,0.0,0.0,0.0,0.0,0.0,0.0,0.0,0.0,1.0,0.0,0.0,False,Qwen/Qwen3-Coder-30B-A3B-Instruct-FP8,None
264,Bar,Medium,3.224014639854431,12.896058559417725,4,0.0,0.0,0.0,0.0,0.0,0.0,0.0,0.0,0.0,0.0,1.0,0.0,0.0,False,Qwen/Qwen3-Coder-30B-A3B-Instruct-FP8,None
265,Bar,Medium,3.4387704531351724,10.316311359405518,3,0.0,0.0,0.0,0.0,0.0,0.0,0.0,0.0,0.0,0.0,1.0,0.0,0.0,False,Qwen/Qwen3-Coder-30B-A3B-Instruct-FP8,None
265,Bar,Medium,3.4387704531351724,10.316311359405518,3,0.0,0.0,0.0,0.0,0.0,0.0,0.0,0.0,0.0,0.0,1.0,0.0,0.0,False,Qwen/Qwen3-Coder-30B-A3B-Instruct-FP8,None
265,Bar,Medium,3.4387704531351724,10.316311359405518,3,0.0,0.0,0.0,0.0,0.0,0.0,0.0,0.0,0.0,0.0,1.0,0.0,0.0,False,Qwen/Qwen3-Coder-30B-A3B-Instruct-FP8,None
267,Line,Easy,6.416120449701945,19.248361349105835,3,0.0,0.0,0.0,0.0,1.0,0.0,0.0,0.0,0.0,1.0,0.0,,0.0,False,Qwen/Qwen3-Coder-30B-A3B-Instruct-FP8,None
267,Line,Easy,6.416120449701945,19.248361349105835,3,0.0,0.0,0.0,0.0,1.0,0.0,0.0,0.0,0.0,1.0,0.0,,0.0,False,Qwen/Qwen3-Coder-30B-A3B-Instruct-FP8,None
267,Line,Easy,6.416120449701945,19.248361349105835,3,0.0,0.0,0.0,0.0,1.0,0.0,0.0,0.0,0.0,1.0,0.0,,0.0,False,Qwen/Qwen3-Coder-30B-A3B-Instruct-FP8,None
273,Line,Medium,2.9499828815460205,11.799931526184082,4,0.0,0.0,0.0,0.0,1.0,0.0,0.0,0.0,0.0,1.0,0.0,,0.0,False,Qwen/Qwen3-Coder-30B-A3B-Instruct-FP8,None
273,Line,Medium,2.9499828815460205,11.799931526184082,4,0.0,0.0,0.0,0.0,1.0,0.0,0.0,0.0,0.0,1.0,0.0,,0.0,False,Qwen/Qwen3-Coder-30B-A3B-Instruct-FP8,None
273,Line,Medium,2.9499828815460205,11.799931526184082,4,0.0,0.0,0.0,0.0,1.0,0.0,0.0,0.0,0.0,1.0,0.0,,0.0,False,Qwen/Qwen3-Coder-30B-A3B-Instruct-FP8,None
285,Bar,Medium,7.619620323181152,7.619620323181152,1,0.0,0.0,0.0,0.0,1.0,0.0,0.0,0.0,0.0,1.0,0.0,,0.0,False,Qwen/Qwen3-Coder-30B-A3B-Instruct-FP8,None
285,Bar,Medium,7.619620323181152,7.619620323181152,1,0.0,0.0,0.0,0.0,1.0,0.0,0.0,0.0,0.0,1.0,0.0,,0.0,False,Qwen/Qwen3-Coder-30B-A3B-Instruct-FP8,None
285,Bar,Medium,7.619620323181152,7.619620323181152,1,0.0,0.0,0.0,0.0,1.0,0.0,0.0,0.0,0.0,1.0,0.0,,0.0,False,Qwen/Qwen3-Coder-30B-A3B-Instruct-FP8,None
286,Bar,Medium,3.3052821159362793,3.3052821159362793,1,0.0,0.0,0.0,0.0,0.0,0.0,0.0,0.0,0.0,0.0,1.0,0.0,0.0,False,Qwen/Qwen3-Coder-30B-A3B-Instruct-FP8,None
286,Bar,Medium,3.3052821159362793,3.3052821159362793,1,0.0,0.0,0.0,0.0,0.0,0.0,0.0,0.0,0.0,0.0,1.0,0.0,0.0,False,Qwen/Qwen3-Coder-30B-A3B-Instruct-FP8,None
286,Bar,Medium,3.3052821159362793,3.3052821159362793,1,0.0,0.0,0.0,0.0,0.0,0.0,0.0,0.0,0.0,0.0,1.0,0.0,0.0,False,Qwen/Qwen3-Coder-30B-A3B-Instruct-FP8,None
291,Bar,Hard,12.812583684921265,12.812583684921265,1,1.0,0.0,0.0,0.0,0.0,0.0,0.0,0.0,1.0,0.0,0.0,,0.0,False,Qwen/Qwen3-Coder-30B-A3B-Instruct-FP8,None
291,Bar,Hard,12.812583684921265,12.812583684921265,1,1.0,0.0,0.0,0.0,0.0,0.0,0.0,0.0,1.0,0.0,0.0,,0.0,False,Qwen/Qwen3-Coder-30B-A3B-Instruct-FP8,None
291,Bar,Hard,12.812583684921265,12.812583684921265,1,1.0,0.0,0.0,0.0,0.0,0.0,0.0,0.0,1.0,0.0,0.0,,0.0,False,Qwen/Qwen3-Coder-30B-A3B-Instruct-FP8,None
292,Scatter,Medium,7.318219542503357,14.636439085006714,2,0.0,0.0,0.0,0.0,1.0,0.0,0.0,0.0,0.0,1.0,0.0,,0.0,False,Qwen/Qwen3-Coder-30B-A3B-Instruct-FP8,None
292,Scatter,Medium,7.318219542503357,14.636439085006714,2,0.0,0.0,0.0,0.0,1.0,0.0,0.0,0.0,0.0,1.0,0.0,,0.0,False,Qwen/Qwen3-Coder-30B-A3B-Instruct-FP8,None
292,Scatter,Medium,7.318219542503357,14.636439085006714,2,0.0,0.0,0.0,0.0,1.0,0.0,0.0,0.0,0.0,1.0,0.0,,0.0,False,Qwen/Qwen3-Coder-30B-A3B-Instruct-FP8,None
293,Bar,Hard,14.93720006942749,14.93720006942749,1,1.0,0.0,0.0,0.0,0.0,0.0,0.0,0.0,1.0,0.0,0.0,,0.0,False,Qwen/Qwen3-Coder-30B-A3B-Instruct-FP8,None
293,Bar,Hard,14.93720006942749,14.93720006942749,1,1.0,0.0,0.0,0.0,0.0,0.0,0.0,0.0,1.0,0.0,0.0,,0.0,False,Qwen/Qwen3-Coder-30B-A3B-Instruct-FP8,None
293,Bar,Hard,14.93720006942749,14.93720006942749,1,1.0,0.0,0.0,0.0,0.0,0.0,0.0,0.0,1.0,0.0,0.0,,0.0,False,Qwen/Qwen3-Coder-30B-A3B-Instruct-FP8,None
295,Bar,Hard,8.839433312416077,17.678866624832153,2,0.5,0.0,0.0,0.0,0.5,0.0,0.0,0.0,0.5,0.5,0.0,,0.0,False,Qwen/Qwen3-Coder-30B-A3B-Instruct-FP8,None
295,Bar,Hard,8.839433312416077,17.678866624832153,2,0.5,0.0,0.0,0.0,0.5,0.0,0.0,0.0,0.5,0.5,0.0,,0.0,False,Qwen/Qwen3-Coder-30B-A3B-Instruct-FP8,None
295,Bar,Hard,8.839433312416077,17.678866624832153,2,0.5,0.0,0.0,0.0,0.5,0.0,0.0,0.0,0.5,0.5,0.0,,0.0,False,Qwen/Qwen3-Coder-30B-A3B-Instruct-FP8,None
296,Bar,Hard,3.7365365028381348,3.7365365028381348,1,0.0,0.0,0.0,0.0,1.0,0.0,0.0,0.0,0.0,1.0,0.0,,0.0,False,Qwen/Qwen3-Coder-30B-A3B-Instruct-FP8,None
296,Bar,Hard,3.7365365028381348,3.7365365028381348,1,0.0,0.0,0.0,0.0,1.0,0.0,0.0,0.0,0.0,1.0,0.0,,0.0,False,Qwen/Qwen3-Coder-30B-A3B-Instruct-FP8,None
296,Bar,Hard,3.7365365028381348,3.7365365028381348,1,0.0,0.0,0.0,0.0,1.0,0.0,0.0,0.0,0.0,1.0,0.0,,0.0,False,Qwen/Qwen3-Coder-30B-A3B-Instruct-FP8,None
297,Bar,Medium,2.770524740219116,5.541049480438232,2,0.0,0.0,0.0,0.0,1.0,0.0,0.0,0.0,0.0,1.0,0.0,,0.0,False,Qwen/Qwen3-Coder-30B-A3B-Instruct-FP8,None
297,Bar,Medium,2.770524740219116,5.541049480438232,2,0.0,0.0,0.0,0.0,1.0,0.0,0.0,0.0,0.0,1.0,0.0,,0.0,False,Qwen/Qwen3-Coder-30B-A3B-Instruct-FP8,None
297,Bar,Medium,2.770524740219116,5.541049480438232,2,0.0,0.0,0.0,0.0,1.0,0.0,0.0,0.0,0.0,1.0,0.0,,0.0,False,Qwen/Qwen3-Coder-30B-A3B-Instruct-FP8,None
306,Pie,Easy,2.5189006328582764,7.556701898574829,3,0.0,0.0,0.0,0.0,0.6666666666666666,0.0,0.0,0.0,0.0,0.6666666666666666,0.3333333333333333,0.0,0.0,False,Qwen/Qwen3-Coder-30B-A3B-Instruct-FP8,None
306,Pie,Easy,2.5189006328582764,7.556701898574829,3,0.0,0.0,0.0,0.0,0.6666666666666666,0.0,0.0,0.0,0.0,0.6666666666666666,0.3333333333333333,0.0,0.0,False,Qwen/Qwen3-Coder-30B-A3B-Instruct-FP8,None
306,Pie,Easy,2.5189006328582764,7.556701898574829,3,0.0,0.0,0.0,0.0,0.6666666666666666,0.0,0.0,0.0,0.0,0.6666666666666666,0.3333333333333333,0.0,0.0,False,Qwen/Qwen3-Coder-30B-A3B-Instruct-FP8,None
308,Scatter,Easy,7.6994558572769165,15.398911714553833,2,0.0,0.0,0.0,0.0,0.0,0.0,0.0,0.0,0.0,0.0,1.0,0.0,0.0,True,Qwen/Qwen3-Coder-30B-A3B-Instruct-FP8,None
308,Scatter,Easy,7.6994558572769165,15.398911714553833,2,0.0,0.0,0.0,0.0,0.0,0.0,0.0,0.0,0.0,0.0,1.0,0.0,0.0,True,Qwen/Qwen3-Coder-30B-A3B-Instruct-FP8,None
308,Scatter,Easy,7.6994558572769165,15.398911714553833,2,0.0,0.0,0.0,0.0,0.0,0.0,0.0,0.0,0.0,0.0,1.0,0.0,0.0,True,Qwen/Qwen3-Coder-30B-A3B-Instruct-FP8,None
312,Pie,Hard,4.9069132804870605,9.813826560974121,2,0.0,0.0,0.0,0.0,0.5,0.0,0.0,0.0,0.0,0.5,0.5,0.0,0.0,False,Qwen/Qwen3-Coder-30B-A3B-Instruct-FP8,None
312,Pie,Hard,4.9069132804870605,9.813826560974121,2,0.0,0.0,0.0,0.0,0.5,0.0,0.0,0.0,0.0,0.5,0.5,0.0,0.0,False,Qwen/Qwen3-Coder-30B-A3B-Instruct-FP8,None
312,Pie,Hard,4.9069132804870605,9.813826560974121,2,0.0,0.0,0.0,0.0,0.5,0.0,0.0,0.0,0.0,0.5,0.5,0.0,0.0,False,Qwen/Qwen3-Coder-30B-A3B-Instruct-FP8,None
316,Line,Medium,2.9510463078816733,8.85313892364502,3,0.0,0.0,0.0,0.0,1.0,0.0,0.0,0.0,0.0,1.0,0.0,,0.0,False,Qwen/Qwen3-Coder-30B-A3B-Instruct-FP8,None
316,Line,Medium,2.9510463078816733,8.85313892364502,3,0.0,0.0,0.0,0.0,1.0,0.0,0.0,0.0,0.0,1.0,0.0,,0.0,False,Qwen/Qwen3-Coder-30B-A3B-Instruct-FP8,None
316,Line,Medium,2.9510463078816733,8.85313892364502,3,0.0,0.0,0.0,0.0,1.0,0.0,0.0,0.0,0.0,1.0,0.0,,0.0,False,Qwen/Qwen3-Coder-30B-A3B-Instruct-FP8,None
328,Scatter,Medium,3.6803650856018066,7.360730171203613,2,0.0,0.0,0.0,0.0,0.0,0.0,0.0,0.0,0.0,0.0,1.0,0.0,0.0,True,Qwen/Qwen3-Coder-30B-A3B-Instruct-FP8,None
328,Scatter,Medium,3.6803650856018066,7.360730171203613,2,0.0,0.0,0.0,0.0,0.0,0.0,0.0,0.0,0.0,0.0,1.0,0.0,0.0,True,Qwen/Qwen3-Coder-30B-A3B-Instruct-FP8,None
328,Scatter,Medium,3.6803650856018066,7.360730171203613,2,0.0,0.0,0.0,0.0,0.0,0.0,0.0,0.0,0.0,0.0,1.0,0.0,0.0,True,Qwen/Qwen3-Coder-30B-A3B-Instruct-FP8,None
335,Bar,Medium,16.177379846572876,16.177379846572876,1,1.0,0.0,0.0,0.0,0.0,0.0,0.0,0.0,1.0,0.0,0.0,,0.0,False,Qwen/Qwen3-Coder-30B-A3B-Instruct-FP8,None
335,Bar,Medium,16.177379846572876,16.177379846572876,1,1.0,0.0,0.0,0.0,0.0,0.0,0.0,0.0,1.0,0.0,0.0,,0.0,False,Qwen/Qwen3-Coder-30B-A3B-Instruct-FP8,None
335,Bar,Medium,16.177379846572876,16.177379846572876,1,1.0,0.0,0.0,0.0,0.0,0.0,0.0,0.0,1.0,0.0,0.0,,0.0,False,Qwen/Qwen3-Coder-30B-A3B-Instruct-FP8,None
338,Pie,Easy,2.3477630615234375,2.3477630615234375,1,0.0,0.0,0.0,0.0,1.0,0.0,0.0,0.0,0.0,1.0,0.0,,0.0,False,Qwen/Qwen3-Coder-30B-A3B-Instruct-FP8,None
338,Pie,Easy,2.3477630615234375,2.3477630615234375,1,0.0,0.0,0.0,0.0,1.0,0.0,0.0,0.0,0.0,1.0,0.0,,0.0,False,Qwen/Qwen3-Coder-30B-A3B-Instruct-FP8,None
338,Pie,Easy,2.3477630615234375,2.3477630615234375,1,0.0,0.0,0.0,0.0,1.0,0.0,0.0,0.0,0.0,1.0,0.0,,0.0,False,Qwen/Qwen3-Coder-30B-A3B-Instruct-FP8,None
340,Bar,Medium,3.281019926071167,3.281019926071167,1,0.0,0.0,0.0,0.0,1.0,0.0,0.0,0.0,0.0,1.0,0.0,,0.0,False,Qwen/Qwen3-Coder-30B-A3B-Instruct-FP8,None
340,Bar,Medium,3.281019926071167,3.281019926071167,1,0.0,0.0,0.0,0.0,1.0,0.0,0.0,0.0,0.0,1.0,0.0,,0.0,False,Qwen/Qwen3-Coder-30B-A3B-Instruct-FP8,None
340,Bar,Medium,3.281019926071167,3.281019926071167,1,0.0,0.0,0.0,0.0,1.0,0.0,0.0,0.0,0.0,1.0,0.0,,0.0,False,Qwen/Qwen3-Coder-30B-A3B-Instruct-FP8,None
342,Line,Medium,3.7926710844039917,7.585342168807983,2,0.0,0.0,0.0,0.0,0.0,0.0,0.0,0.0,0.0,0.0,1.0,0.0,0.0,False,Qwen/Qwen3-Coder-30B-A3B-Instruct-FP8,None
342,Line,Medium,3.7926710844039917,7.585342168807983,2,0.0,0.0,0.0,0.0,0.0,0.0,0.0,0.0,0.0,0.0,1.0,0.0,0.0,False,Qwen/Qwen3-Coder-30B-A3B-Instruct-FP8,None
342,Line,Medium,3.7926710844039917,7.585342168807983,2,0.0,0.0,0.0,0.0,0.0,0.0,0.0,0.0,0.0,0.0,1.0,0.0,0.0,False,Qwen/Qwen3-Coder-30B-A3B-Instruct-FP8,None
354,Scatter,Easy,1.9951550006866454,9.975775003433228,5,0.0,0.0,0.0,0.0,0.0,0.0,0.0,0.0,0.0,0.0,1.0,0.0,0.0,False,Qwen/Qwen3-Coder-30B-A3B-Instruct-FP8,None
354,Scatter,Easy,1.9951550006866454,9.975775003433228,5,0.0,0.0,0.0,0.0,0.0,0.0,0.0,0.0,0.0,0.0,1.0,0.0,0.0,False,Qwen/Qwen3-Coder-30B-A3B-Instruct-FP8,None
354,Scatter,Easy,1.9951550006866454,9.975775003433228,5,0.0,0.0,0.0,0.0,0.0,0.0,0.0,0.0,0.0,0.0,1.0,0.0,0.0,False,Qwen/Qwen3-Coder-30B-A3B-Instruct-FP8,None
367,Bar,Medium,2.527130961418152,5.054261922836304,2,0.0,0.0,0.0,0.0,0.0,0.5,0.0,0.0,0.0,0.5,0.5,0.0,0.0,False,Qwen/Qwen3-Coder-30B-A3B-Instruct-FP8,None
367,Bar,Medium,2.527130961418152,5.054261922836304,2,0.0,0.0,0.0,0.0,0.0,0.5,0.0,0.0,0.0,0.5,0.5,0.0,0.0,False,Qwen/Qwen3-Coder-30B-A3B-Instruct-FP8,None
367,Bar,Medium,2.527130961418152,5.054261922836304,2,0.0,0.0,0.0,0.0,0.0,0.5,0.0,0.0,0.0,0.5,0.5,0.0,0.0,False,Qwen/Qwen3-Coder-30B-A3B-Instruct-FP8,None
368,Bar,Hard,3.7731192111968994,3.7731192111968994,1,0.0,0.0,0.0,0.0,0.0,0.0,0.0,0.0,0.0,0.0,1.0,0.0,0.0,True,Qwen/Qwen3-Coder-30B-A3B-Instruct-FP8,None
368,Bar,Hard,3.7731192111968994,3.7731192111968994,1,0.0,0.0,0.0,0.0,0.0,0.0,0.0,0.0,0.0,0.0,1.0,0.0,0.0,True,Qwen/Qwen3-Coder-30B-A3B-Instruct-FP8,None
368,Bar,Hard,3.7731192111968994,3.7731192111968994,1,0.0,0.0,0.0,0.0,0.0,0.0,0.0,0.0,0.0,0.0,1.0,0.0,0.0,True,Qwen/Qwen3-Coder-30B-A3B-Instruct-FP8,None
370,Pie,Medium,4.033753156661987,4.033753156661987,1,0.0,0.0,0.0,0.0,0.0,0.0,0.0,0.0,0.0,0.0,1.0,0.0,0.0,True,Qwen/Qwen3-Coder-30B-A3B-Instruct-FP8,None
370,Pie,Medium,4.033753156661987,4.033753156661987,1,0.0,0.0,0.0,0.0,0.0,0.0,0.0,0.0,0.0,0.0,1.0,0.0,0.0,True,Qwen/Qwen3-Coder-30B-A3B-Instruct-FP8,None
370,Pie,Medium,4.033753156661987,4.033753156661987,1,0.0,0.0,0.0,0.0,0.0,0.0,0.0,0.0,0.0,0.0,1.0,0.0,0.0,True,Qwen/Qwen3-Coder-30B-A3B-Instruct-FP8,None
376,Bar,Easy,2.003245496749878,10.01622748374939,5,0.0,0.0,0.0,0.0,0.0,0.0,0.0,0.0,0.0,0.0,1.0,0.0,0.0,False,Qwen/Qwen3-Coder-30B-A3B-Instruct-FP8,None
376,Bar,Easy,2.003245496749878,10.01622748374939,5,0.0,0.0,0.0,0.0,0.0,0.0,0.0,0.0,0.0,0.0,1.0,0.0,0.0,False,Qwen/Qwen3-Coder-30B-A3B-Instruct-FP8,None
376,Bar,Easy,2.003245496749878,10.01622748374939,5,0.0,0.0,0.0,0.0,0.0,0.0,0.0,0.0,0.0,0.0,1.0,0.0,0.0,False,Qwen/Qwen3-Coder-30B-A3B-Instruct-FP8,None
387,Grouping Scatter,Easy,12.562551140785217,50.25020456314087,4,1.0,0.0,0.0,0.0,0.0,0.0,0.0,0.0,1.0,0.0,0.0,,0.0,False,Qwen/Qwen3-Coder-30B-A3B-Instruct-FP8,None
387,Grouping Scatter,Easy,12.562551140785217,50.25020456314087,4,1.0,0.0,0.0,0.0,0.0,0.0,0.0,0.0,1.0,0.0,0.0,,0.0,False,Qwen/Qwen3-Coder-30B-A3B-Instruct-FP8,None
387,Grouping Scatter,Easy,12.562551140785217,50.25020456314087,4,1.0,0.0,0.0,0.0,0.0,0.0,0.0,0.0,1.0,0.0,0.0,,0.0,False,Qwen/Qwen3-Coder-30B-A3B-Instruct-FP8,None
399,Scatter,Easy,2.727370818456014,8.182112455368042,3,0.0,0.0,0.0,0.0,0.0,0.0,0.0,0.0,0.0,0.0,1.0,0.0,0.0,False,Qwen/Qwen3-Coder-30B-A3B-Instruct-FP8,None
399,Scatter,Easy,2.727370818456014,8.182112455368042,3,0.0,0.0,0.0,0.0,0.0,0.0,0.0,0.0,0.0,0.0,1.0,0.0,0.0,False,Qwen/Qwen3-Coder-30B-A3B-Instruct-FP8,None
399,Scatter,Easy,2.727370818456014,8.182112455368042,3,0.0,0.0,0.0,0.0,0.0,0.0,0.0,0.0,0.0,0.0,1.0,0.0,0.0,False,Qwen/Qwen3-Coder-30B-A3B-Instruct-FP8,None
400,Scatter,Easy,2.4465492963790894,4.893098592758179,2,0.0,0.0,0.0,0.0,0.0,0.0,0.0,0.0,0.0,0.0,1.0,0.0,0.0,False,Qwen/Qwen3-Coder-30B-A3B-Instruct-FP8,None
400,Scatter,Easy,2.4465492963790894,4.893098592758179,2,0.0,0.0,0.0,0.0,0.0,0.0,0.0,0.0,0.0,0.0,1.0,0.0,0.0,False,Qwen/Qwen3-Coder-30B-A3B-Instruct-FP8,None
400,Scatter,Easy,2.4465492963790894,4.893098592758179,2,0.0,0.0,0.0,0.0,0.0,0.0,0.0,0.0,0.0,0.0,1.0,0.0,0.0,False,Qwen/Qwen3-Coder-30B-A3B-Instruct-FP8,None
402,Pie,Medium,2.4455406665802,4.8910813331604,2,0.0,0.0,0.0,0.0,0.0,0.0,0.0,0.0,0.0,0.0,1.0,0.0,0.0,False,Qwen/Qwen3-Coder-30B-A3B-Instruct-FP8,None
402,Pie,Medium,2.4455406665802,4.8910813331604,2,0.0,0.0,0.0,0.0,0.0,0.0,0.0,0.0,0.0,0.0,1.0,0.0,0.0,False,Qwen/Qwen3-Coder-30B-A3B-Instruct-FP8,None
402,Pie,Medium,2.4455406665802,4.8910813331604,2,0.0,0.0,0.0,0.0,0.0,0.0,0.0,0.0,0.0,0.0,1.0,0.0,0.0,False,Qwen/Qwen3-Coder-30B-A3B-Instruct-FP8,None
403,Bar,Medium,2.2636630535125732,2.2636630535125732,1,0.0,0.0,0.0,0.0,0.0,0.0,0.0,0.0,0.0,0.0,1.0,0.0,0.0,False,Qwen/Qwen3-Coder-30B-A3B-Instruct-FP8,None
403,Bar,Medium,2.2636630535125732,2.2636630535125732,1,0.0,0.0,0.0,0.0,0.0,0.0,0.0,0.0,0.0,0.0,1.0,0.0,0.0,False,Qwen/Qwen3-Coder-30B-A3B-Instruct-FP8,None
403,Bar,Medium,2.2636630535125732,2.2636630535125732,1,0.0,0.0,0.0,0.0,0.0,0.0,0.0,0.0,0.0,0.0,1.0,0.0,0.0,False,Qwen/Qwen3-Coder-30B-A3B-Instruct-FP8,None
405,Bar,Easy,2.017573595046997,4.035147190093994,2,0.0,0.0,0.0,0.0,0.0,0.0,0.0,0.0,0.0,0.0,1.0,0.0,0.0,False,Qwen/Qwen3-Coder-30B-A3B-Instruct-FP8,None
405,Bar,Easy,2.017573595046997,4.035147190093994,2,0.0,0.0,0.0,0.0,0.0,0.0,0.0,0.0,0.0,0.0,1.0,0.0,0.0,False,Qwen/Qwen3-Coder-30B-A3B-Instruct-FP8,None
405,Bar,Easy,2.017573595046997,4.035147190093994,2,0.0,0.0,0.0,0.0,0.0,0.0,0.0,0.0,0.0,0.0,1.0,0.0,0.0,False,Qwen/Qwen3-Coder-30B-A3B-Instruct-FP8,None
409,Grouping Scatter,Easy,1.9581289291381836,1.9581289291381836,1,0.0,0.0,0.0,0.0,0.0,0.0,0.0,0.0,0.0,0.0,1.0,0.0,0.0,False,Qwen/Qwen3-Coder-30B-A3B-Instruct-FP8,None
409,Grouping Scatter,Easy,1.9581289291381836,1.9581289291381836,1,0.0,0.0,0.0,0.0,0.0,0.0,0.0,0.0,0.0,0.0,1.0,0.0,0.0,False,Qwen/Qwen3-Coder-30B-A3B-Instruct-FP8,None
409,Grouping Scatter,Easy,1.9581289291381836,1.9581289291381836,1,0.0,0.0,0.0,0.0,0.0,0.0,0.0,0.0,0.0,0.0,1.0,0.0,0.0,False,Qwen/Qwen3-Coder-30B-A3B-Instruct-FP8,None
416,Line,Medium,2.393343210220337,2.393343210220337,1,0.0,0.0,0.0,0.0,0.0,0.0,0.0,0.0,0.0,0.0,1.0,0.0,0.0,False,Qwen/Qwen3-Coder-30B-A3B-Instruct-FP8,None
416,Line,Medium,2.393343210220337,2.393343210220337,1,0.0,0.0,0.0,0.0,0.0,0.0,0.0,0.0,0.0,0.0,1.0,0.0,0.0,False,Qwen/Qwen3-Coder-30B-A3B-Instruct-FP8,None
416,Line,Medium,2.393343210220337,2.393343210220337,1,0.0,0.0,0.0,0.0,0.0,0.0,0.0,0.0,0.0,0.0,1.0,0.0,0.0,False,Qwen/Qwen3-Coder-30B-A3B-Instruct-FP8,None
419,Pie,Medium,3.476027488708496,6.952054977416992,2,0.0,0.0,0.0,0.0,1.0,0.0,0.0,0.0,0.0,1.0,0.0,,0.0,True,Qwen/Qwen3-Coder-30B-A3B-Instruct-FP8,None
419,Pie,Medium,3.476027488708496,6.952054977416992,2,0.0,0.0,0.0,0.0,1.0,0.0,0.0,0.0,0.0,1.0,0.0,,0.0,True,Qwen/Qwen3-Coder-30B-A3B-Instruct-FP8,None
419,Pie,Medium,3.476027488708496,6.952054977416992,2,0.0,0.0,0.0,0.0,1.0,0.0,0.0,0.0,0.0,1.0,0.0,,0.0,True,Qwen/Qwen3-Coder-30B-A3B-Instruct-FP8,None
432,Scatter,Easy,2.50003711382548,7.50011134147644,3,0.0,0.0,0.0,0.0,0.0,0.0,0.0,0.0,0.0,0.0,1.0,0.0,0.0,False,Qwen/Qwen3-Coder-30B-A3B-Instruct-FP8,None
432,Scatter,Easy,2.50003711382548,7.50011134147644,3,0.0,0.0,0.0,0.0,0.0,0.0,0.0,0.0,0.0,0.0,1.0,0.0,0.0,False,Qwen/Qwen3-Coder-30B-A3B-Instruct-FP8,None
432,Scatter,Easy,2.50003711382548,7.50011134147644,3,0.0,0.0,0.0,0.0,0.0,0.0,0.0,0.0,0.0,0.0,1.0,0.0,0.0,False,Qwen/Qwen3-Coder-30B-A3B-Instruct-FP8,None
433,Pie,Medium,4.94947870572408,14.848436117172241,3,0.0,0.0,0.0,0.0,0.0,0.0,0.0,0.0,0.0,0.0,1.0,0.0,0.0,True,Qwen/Qwen3-Coder-30B-A3B-Instruct-FP8,None
433,Pie,Medium,4.94947870572408,14.848436117172241,3,0.0,0.0,0.0,0.0,0.0,0.0,0.0,0.0,0.0,0.0,1.0,0.0,0.0,True,Qwen/Qwen3-Coder-30B-A3B-Instruct-FP8,None
433,Pie,Medium,4.94947870572408,14.848436117172241,3,0.0,0.0,0.0,0.0,0.0,0.0,0.0,0.0,0.0,0.0,1.0,0.0,0.0,True,Qwen/Qwen3-Coder-30B-A3B-Instruct-FP8,None
440,Bar,Hard,7.638019800186157,7.638019800186157,1,0.0,0.0,0.0,0.0,0.0,0.0,0.0,0.0,0.0,0.0,1.0,0.0,0.0,True,Qwen/Qwen3-Coder-30B-A3B-Instruct-FP8,None
440,Bar,Hard,7.638019800186157,7.638019800186157,1,0.0,0.0,0.0,0.0,0.0,0.0,0.0,0.0,0.0,0.0,1.0,0.0,0.0,True,Qwen/Qwen3-Coder-30B-A3B-Instruct-FP8,None
440,Bar,Hard,7.638019800186157,7.638019800186157,1,0.0,0.0,0.0,0.0,0.0,0.0,0.0,0.0,0.0,0.0,1.0,0.0,0.0,True,Qwen/Qwen3-Coder-30B-A3B-Instruct-FP8,None
441,Bar,Hard,13.328585624694824,13.328585624694824,1,1.0,0.0,0.0,0.0,0.0,0.0,0.0,0.0,1.0,0.0,0.0,,0.0,True,Qwen/Qwen3-Coder-30B-A3B-Instruct-FP8,None
441,Bar,Hard,13.328585624694824,13.328585624694824,1,1.0,0.0,0.0,0.0,0.0,0.0,0.0,0.0,1.0,0.0,0.0,,0.0,True,Qwen/Qwen3-Coder-30B-A3B-Instruct-FP8,None
441,Bar,Hard,13.328585624694824,13.328585624694824,1,1.0,0.0,0.0,0.0,0.0,0.0,0.0,0.0,1.0,0.0,0.0,,0.0,True,Qwen/Qwen3-Coder-30B-A3B-Instruct-FP8,None
446,Pie,Easy,3.4792449474334717,10.437734842300415,3,0.0,0.0,0.0,0.0,1.0,0.0,0.0,0.0,0.0,1.0,0.0,,0.0,True,Qwen/Qwen3-Coder-30B-A3B-Instruct-FP8,None
446,Pie,Easy,3.4792449474334717,10.437734842300415,3,0.0,0.0,0.0,0.0,1.0,0.0,0.0,0.0,0.0,1.0,0.0,,0.0,True,Qwen/Qwen3-Coder-30B-A3B-Instruct-FP8,None
446,Pie,Easy,3.4792449474334717,10.437734842300415,3,0.0,0.0,0.0,0.0,1.0,0.0,0.0,0.0,0.0,1.0,0.0,,0.0,True,Qwen/Qwen3-Coder-30B-A3B-Instruct-FP8,None
451,Bar,Medium,3.263857126235962,3.263857126235962,1,0.0,0.0,0.0,0.0,0.0,0.0,0.0,0.0,0.0,0.0,1.0,0.0,0.0,True,Qwen/Qwen3-Coder-30B-A3B-Instruct-FP8,None
451,Bar,Medium,3.263857126235962,3.263857126235962,1,0.0,0.0,0.0,0.0,0.0,0.0,0.0,0.0,0.0,0.0,1.0,0.0,0.0,True,Qwen/Qwen3-Coder-30B-A3B-Instruct-FP8,None
451,Bar,Medium,3.263857126235962,3.263857126235962,1,0.0,0.0,0.0,0.0,0.0,0.0,0.0,0.0,0.0,0.0,1.0,0.0,0.0,True,Qwen/Qwen3-Coder-30B-A3B-Instruct-FP8,None
457,Pie,Medium,3.657541275024414,3.657541275024414,1,0.0,0.0,0.0,0.0,0.0,0.0,0.0,0.0,0.0,0.0,1.0,0.0,0.0,True,Qwen/Qwen3-Coder-30B-A3B-Instruct-FP8,None
457,Pie,Medium,3.657541275024414,3.657541275024414,1,0.0,0.0,0.0,0.0,0.0,0.0,0.0,0.0,0.0,0.0,1.0,0.0,0.0,True,Qwen/Qwen3-Coder-30B-A3B-Instruct-FP8,None
457,Pie,Medium,3.657541275024414,3.657541275024414,1,0.0,0.0,0.0,0.0,0.0,0.0,0.0,0.0,0.0,0.0,1.0,0.0,0.0,True,Qwen/Qwen3-Coder-30B-A3B-Instruct-FP8,None
461,Pie,Medium,3.5370187759399414,3.5370187759399414,1,0.0,0.0,0.0,0.0,0.0,0.0,0.0,0.0,0.0,0.0,1.0,0.0,0.0,True,Qwen/Qwen3-Coder-30B-A3B-Instruct-FP8,None
461,Pie,Medium,3.5370187759399414,3.5370187759399414,1,0.0,0.0,0.0,0.0,0.0,0.0,0.0,0.0,0.0,0.0,1.0,0.0,0.0,True,Qwen/Qwen3-Coder-30B-A3B-Instruct-FP8,None
461,Pie,Medium,3.5370187759399414,3.5370187759399414,1,0.0,0.0,0.0,0.0,0.0,0.0,0.0,0.0,0.0,0.0,1.0,0.0,0.0,True,Qwen/Qwen3-Coder-30B-A3B-Instruct-FP8,None
462,Pie,Medium,3.7427690029144287,3.7427690029144287,1,0.0,0.0,0.0,0.0,1.0,0.0,0.0,0.0,0.0,1.0,0.0,,0.0,True,Qwen/Qwen3-Coder-30B-A3B-Instruct-FP8,None
462,Pie,Medium,3.7427690029144287,3.7427690029144287,1,0.0,0.0,0.0,0.0,1.0,0.0,0.0,0.0,0.0,1.0,0.0,,0.0,True,Qwen/Qwen3-Coder-30B-A3B-Instruct-FP8,None
462,Pie,Medium,3.7427690029144287,3.7427690029144287,1,0.0,0.0,0.0,0.0,1.0,0.0,0.0,0.0,0.0,1.0,0.0,,0.0,True,Qwen/Qwen3-Coder-30B-A3B-Instruct-FP8,None
463,Bar,Medium,3.3678855895996094,3.3678855895996094,1,0.0,0.0,0.0,0.0,0.0,0.0,0.0,0.0,0.0,0.0,1.0,0.0,0.0,True,Qwen/Qwen3-Coder-30B-A3B-Instruct-FP8,None
463,Bar,Medium,3.3678855895996094,3.3678855895996094,1,0.0,0.0,0.0,0.0,0.0,0.0,0.0,0.0,0.0,0.0,1.0,0.0,0.0,True,Qwen/Qwen3-Coder-30B-A3B-Instruct-FP8,None
463,Bar,Medium,3.3678855895996094,3.3678855895996094,1,0.0,0.0,0.0,0.0,0.0,0.0,0.0,0.0,0.0,0.0,1.0,0.0,0.0,True,Qwen/Qwen3-Coder-30B-A3B-Instruct-FP8,None
464,Bar,Easy,2.3987921873728433,7.19637656211853,3,0.0,0.0,0.0,0.0,0.0,0.0,0.0,0.0,0.0,0.0,1.0,0.0,0.0,False,Qwen/Qwen3-Coder-30B-A3B-Instruct-FP8,None
464,Bar,Easy,2.3987921873728433,7.19637656211853,3,0.0,0.0,0.0,0.0,0.0,0.0,0.0,0.0,0.0,0.0,1.0,0.0,0.0,False,Qwen/Qwen3-Coder-30B-A3B-Instruct-FP8,None
464,Bar,Easy,2.3987921873728433,7.19637656211853,3,0.0,0.0,0.0,0.0,0.0,0.0,0.0,0.0,0.0,0.0,1.0,0.0,0.0,False,Qwen/Qwen3-Coder-30B-A3B-Instruct-FP8,None
470,Line,Easy,3.556798219680786,7.113596439361572,2,0.0,0.0,0.0,0.0,0.0,0.0,0.0,0.0,0.0,0.0,1.0,0.0,0.0,False,Qwen/Qwen3-Coder-30B-A3B-Instruct-FP8,None
470,Line,Easy,3.556798219680786,7.113596439361572,2,0.0,0.0,0.0,0.0,0.0,0.0,0.0,0.0,0.0,0.0,1.0,0.0,0.0,False,Qwen/Qwen3-Coder-30B-A3B-Instruct-FP8,None
470,Line,Easy,3.556798219680786,7.113596439361572,2,0.0,0.0,0.0,0.0,0.0,0.0,0.0,0.0,0.0,0.0,1.0,0.0,0.0,False,Qwen/Qwen3-Coder-30B-A3B-Instruct-FP8,None
471,Line,Easy,3.665341377258301,3.665341377258301,1,0.0,0.0,0.0,0.0,0.0,0.0,0.0,0.0,0.0,0.0,1.0,0.0,0.0,False,Qwen/Qwen3-Coder-30B-A3B-Instruct-FP8,None
471,Line,Easy,3.665341377258301,3.665341377258301,1,0.0,0.0,0.0,0.0,0.0,0.0,0.0,0.0,0.0,0.0,1.0,0.0,0.0,False,Qwen/Qwen3-Coder-30B-A3B-Instruct-FP8,None
471,Line,Easy,3.665341377258301,3.665341377258301,1,0.0,0.0,0.0,0.0,0.0,0.0,0.0,0.0,0.0,0.0,1.0,0.0,0.0,False,Qwen/Qwen3-Coder-30B-A3B-Instruct-FP8,None
478,Pie,Medium,7.75380551815033,15.50761103630066,2,0.0,0.0,0.0,0.0,0.0,0.0,0.0,0.0,0.0,0.0,1.0,0.0,0.0,True,Qwen/Qwen3-Coder-30B-A3B-Instruct-FP8,None
478,Pie,Medium,7.75380551815033,15.50761103630066,2,0.0,0.0,0.0,0.0,0.0,0.0,0.0,0.0,0.0,0.0,1.0,0.0,0.0,True,Qwen/Qwen3-Coder-30B-A3B-Instruct-FP8,None
478,Pie,Medium,7.75380551815033,15.50761103630066,2,0.0,0.0,0.0,0.0,0.0,0.0,0.0,0.0,0.0,0.0,1.0,0.0,0.0,True,Qwen/Qwen3-Coder-30B-A3B-Instruct-FP8,None
479,Bar,Medium,5.719629526138306,11.439259052276611,2,0.0,0.0,0.0,0.0,0.5,0.0,0.0,0.0,0.0,0.5,0.5,0.0,0.0,True,Qwen/Qwen3-Coder-30B-A3B-Instruct-FP8,None
479,Bar,Medium,5.719629526138306,11.439259052276611,2,0.0,0.0,0.0,0.0,0.5,0.0,0.0,0.0,0.0,0.5,0.5,0.0,0.0,True,Qwen/Qwen3-Coder-30B-A3B-Instruct-FP8,None
479,Bar,Medium,5.719629526138306,11.439259052276611,2,0.0,0.0,0.0,0.0,0.5,0.0,0.0,0.0,0.0,0.5,0.5,0.0,0.0,True,Qwen/Qwen3-Coder-30B-A3B-Instruct-FP8,None
481,Bar,Medium,7.457592884699504,22.37277865409851,3,0.0,0.0,0.0,0.0,0.3333333333333333,0.0,0.0,0.0,0.0,0.3333333333333333,0.6666666666666666,0.0,0.0,False,Qwen/Qwen3-Coder-30B-A3B-Instruct-FP8,None
481,Bar,Medium,7.457592884699504,22.37277865409851,3,0.0,0.0,0.0,0.0,0.3333333333333333,0.0,0.0,0.0,0.0,0.3333333333333333,0.6666666666666666,0.0,0.0,False,Qwen/Qwen3-Coder-30B-A3B-Instruct-FP8,None
481,Bar,Medium,7.457592884699504,22.37277865409851,3,0.0,0.0,0.0,0.0,0.3333333333333333,0.0,0.0,0.0,0.0,0.3333333333333333,0.6666666666666666,0.0,0.0,False,Qwen/Qwen3-Coder-30B-A3B-Instruct-FP8,None
487,Pie,Medium,3.3665744066238403,6.733148813247681,2,0.0,0.0,0.0,0.0,1.0,0.0,0.0,0.0,0.0,1.0,0.0,,0.0,True,Qwen/Qwen3-Coder-30B-A3B-Instruct-FP8,None
487,Pie,Medium,3.3665744066238403,6.733148813247681,2,0.0,0.0,0.0,0.0,1.0,0.0,0.0,0.0,0.0,1.0,0.0,,0.0,True,Qwen/Qwen3-Coder-30B-A3B-Instruct-FP8,None
487,Pie,Medium,3.3665744066238403,6.733148813247681,2,0.0,0.0,0.0,0.0,1.0,0.0,0.0,0.0,0.0,1.0,0.0,,0.0,True,Qwen/Qwen3-Coder-30B-A3B-Instruct-FP8,None
488,Bar,Medium,3.674920678138733,7.349841356277466,2,0.0,0.0,0.0,0.0,0.0,0.0,0.0,0.0,0.0,0.0,1.0,0.0,0.0,True,Qwen/Qwen3-Coder-30B-A3B-Instruct-FP8,None
488,Bar,Medium,3.674920678138733,7.349841356277466,2,0.0,0.0,0.0,0.0,0.0,0.0,0.0,0.0,0.0,0.0,1.0,0.0,0.0,True,Qwen/Qwen3-Coder-30B-A3B-Instruct-FP8,None
488,Bar,Medium,3.674920678138733,7.349841356277466,2,0.0,0.0,0.0,0.0,0.0,0.0,0.0,0.0,0.0,0.0,1.0,0.0,0.0,True,Qwen/Qwen3-Coder-30B-A3B-Instruct-FP8,None
491,Pie,Easy,3.498522996902466,3.498522996902466,1,0.0,0.0,0.0,0.0,0.0,0.0,0.0,0.0,0.0,0.0,1.0,0.0,0.0,False,Qwen/Qwen3-Coder-30B-A3B-Instruct-FP8,None
491,Pie,Easy,3.498522996902466,3.498522996902466,1,0.0,0.0,0.0,0.0,0.0,0.0,0.0,0.0,0.0,0.0,1.0,0.0,0.0,False,Qwen/Qwen3-Coder-30B-A3B-Instruct-FP8,None
491,Pie,Easy,3.498522996902466,3.498522996902466,1,0.0,0.0,0.0,0.0,0.0,0.0,0.0,0.0,0.0,0.0,1.0,0.0,0.0,False,Qwen/Qwen3-Coder-30B-A3B-Instruct-FP8,None
492,Bar,Easy,8.399920463562012,8.399920463562012,1,0.0,0.0,0.0,0.0,1.0,0.0,0.0,0.0,0.0,1.0,0.0,,0.0,False,Qwen/Qwen3-Coder-30B-A3B-Instruct-FP8,None
492,Bar,Easy,8.399920463562012,8.399920463562012,1,0.0,0.0,0.0,0.0,1.0,0.0,0.0,0.0,0.0,1.0,0.0,,0.0,False,Qwen/Qwen3-Coder-30B-A3B-Instruct-FP8,None
492,Bar,Easy,8.399920463562012,8.399920463562012,1,0.0,0.0,0.0,0.0,1.0,0.0,0.0,0.0,0.0,1.0,0.0,,0.0,False,Qwen/Qwen3-Coder-30B-A3B-Instruct-FP8,None
494,Pie,Easy,1.8613522052764893,1.8613522052764893,1,0.0,0.0,0.0,0.0,0.0,0.0,0.0,0.0,0.0,0.0,1.0,0.0,0.0,False,Qwen/Qwen3-Coder-30B-A3B-Instruct-FP8,None
494,Pie,Easy,1.8613522052764893,1.8613522052764893,1,0.0,0.0,0.0,0.0,0.0,0.0,0.0,0.0,0.0,0.0,1.0,0.0,0.0,False,Qwen/Qwen3-Coder-30B-A3B-Instruct-FP8,None
494,Pie,Easy,1.8613522052764893,1.8613522052764893,1,0.0,0.0,0.0,0.0,0.0,0.0,0.0,0.0,0.0,0.0,1.0,0.0,0.0,False,Qwen/Qwen3-Coder-30B-A3B-Instruct-FP8,None
505,Bar,Medium,2.3626019954681396,2.3626019954681396,1,0.0,0.0,0.0,0.0,0.0,0.0,0.0,0.0,0.0,0.0,1.0,0.0,0.0,False,Qwen/Qwen3-Coder-30B-A3B-Instruct-FP8,None
505,Bar,Medium,2.3626019954681396,2.3626019954681396,1,0.0,0.0,0.0,0.0,0.0,0.0,0.0,0.0,0.0,0.0,1.0,0.0,0.0,False,Qwen/Qwen3-Coder-30B-A3B-Instruct-FP8,None
505,Bar,Medium,2.3626019954681396,2.3626019954681396,1,0.0,0.0,0.0,0.0,0.0,0.0,0.0,0.0,0.0,0.0,1.0,0.0,0.0,False,Qwen/Qwen3-Coder-30B-A3B-Instruct-FP8,None
513,Bar,Medium,3.142338673273722,9.427016019821167,3,0.0,0.0,0.0,0.0,0.6666666666666666,0.0,0.0,0.0,0.0,0.6666666666666666,0.3333333333333333,0.0,0.0,True,Qwen/Qwen3-Coder-30B-A3B-Instruct-FP8,None
513,Bar,Medium,3.142338673273722,9.427016019821167,3,0.0,0.0,0.0,0.0,0.6666666666666666,0.0,0.0,0.0,0.0,0.6666666666666666,0.3333333333333333,0.0,0.0,True,Qwen/Qwen3-Coder-30B-A3B-Instruct-FP8,None
513,Bar,Medium,3.142338673273722,9.427016019821167,3,0.0,0.0,0.0,0.0,0.6666666666666666,0.0,0.0,0.0,0.0,0.6666666666666666,0.3333333333333333,0.0,0.0,True,Qwen/Qwen3-Coder-30B-A3B-Instruct-FP8,None
516,Bar,Hard,8.651067972183228,25.953203916549683,3,0.0,0.0,0.0,0.0,1.0,0.0,0.0,0.0,0.0,1.0,0.0,,0.0,False,Qwen/Qwen3-Coder-30B-A3B-Instruct-FP8,None
516,Bar,Hard,8.651067972183228,25.953203916549683,3,0.0,0.0,0.0,0.0,1.0,0.0,0.0,0.0,0.0,1.0,0.0,,0.0,False,Qwen/Qwen3-Coder-30B-A3B-Instruct-FP8,None
516,Bar,Hard,8.651067972183228,25.953203916549683,3,0.0,0.0,0.0,0.0,1.0,0.0,0.0,0.0,0.0,1.0,0.0,,0.0,False,Qwen/Qwen3-Coder-30B-A3B-Instruct-FP8,None
517,Pie,Medium,2.752876043319702,5.505752086639404,2,0.0,0.0,0.0,0.0,0.0,0.0,0.0,0.0,0.0,0.0,1.0,0.0,0.0,False,Qwen/Qwen3-Coder-30B-A3B-Instruct-FP8,None
517,Pie,Medium,2.752876043319702,5.505752086639404,2,0.0,0.0,0.0,0.0,0.0,0.0,0.0,0.0,0.0,0.0,1.0,0.0,0.0,False,Qwen/Qwen3-Coder-30B-A3B-Instruct-FP8,None
517,Pie,Medium,2.752876043319702,5.505752086639404,2,0.0,0.0,0.0,0.0,0.0,0.0,0.0,0.0,0.0,0.0,1.0,0.0,0.0,False,Qwen/Qwen3-Coder-30B-A3B-Instruct-FP8,None
526,Bar,Extra Hard,4.075925588607788,8.151851177215576,2,0.0,0.0,0.0,0.0,0.0,0.0,0.0,0.0,0.0,0.0,1.0,0.0,0.0,True,Qwen/Qwen3-Coder-30B-A3B-Instruct-FP8,None
526,Bar,Extra Hard,4.075925588607788,8.151851177215576,2,0.0,0.0,0.0,0.0,0.0,0.0,0.0,0.0,0.0,0.0,1.0,0.0,0.0,True,Qwen/Qwen3-Coder-30B-A3B-Instruct-FP8,None
526,Bar,Extra Hard,4.075925588607788,8.151851177215576,2,0.0,0.0,0.0,0.0,0.0,0.0,0.0,0.0,0.0,0.0,1.0,0.0,0.0,True,Qwen/Qwen3-Coder-30B-A3B-Instruct-FP8,None
527,Pie,Extra Hard,4.808281421661377,9.616562843322754,2,0.0,0.0,0.0,0.0,0.0,0.0,0.0,0.0,0.0,0.0,1.0,0.0,0.0,True,Qwen/Qwen3-Coder-30B-A3B-Instruct-FP8,None
527,Pie,Extra Hard,4.808281421661377,9.616562843322754,2,0.0,0.0,0.0,0.0,0.0,0.0,0.0,0.0,0.0,0.0,1.0,0.0,0.0,True,Qwen/Qwen3-Coder-30B-A3B-Instruct-FP8,None
527,Pie,Extra Hard,4.808281421661377,9.616562843322754,2,0.0,0.0,0.0,0.0,0.0,0.0,0.0,0.0,0.0,0.0,1.0,0.0,0.0,True,Qwen/Qwen3-Coder-30B-A3B-Instruct-FP8,None
536,Scatter,Easy,6.540913462638855,13.08182692527771,2,0.0,0.0,0.0,0.0,0.0,0.0,0.0,0.0,0.0,0.0,1.0,0.0,0.0,False,Qwen/Qwen3-Coder-30B-A3B-Instruct-FP8,None
536,Scatter,Easy,6.540913462638855,13.08182692527771,2,0.0,0.0,0.0,0.0,0.0,0.0,0.0,0.0,0.0,0.0,1.0,0.0,0.0,False,Qwen/Qwen3-Coder-30B-A3B-Instruct-FP8,None
536,Scatter,Easy,6.540913462638855,13.08182692527771,2,0.0,0.0,0.0,0.0,0.0,0.0,0.0,0.0,0.0,0.0,1.0,0.0,0.0,False,Qwen/Qwen3-Coder-30B-A3B-Instruct-FP8,None
539,Grouping Scatter,Easy,2.640933116277059,7.922799348831177,3,0.0,0.0,0.0,0.0,0.0,0.0,0.0,0.0,0.0,0.0,1.0,0.0,0.0,False,Qwen/Qwen3-Coder-30B-A3B-Instruct-FP8,None
539,Grouping Scatter,Easy,2.640933116277059,7.922799348831177,3,0.0,0.0,0.0,0.0,0.0,0.0,0.0,0.0,0.0,0.0,1.0,0.0,0.0,False,Qwen/Qwen3-Coder-30B-A3B-Instruct-FP8,None
539,Grouping Scatter,Easy,2.640933116277059,7.922799348831177,3,0.0,0.0,0.0,0.0,0.0,0.0,0.0,0.0,0.0,0.0,1.0,0.0,0.0,False,Qwen/Qwen3-Coder-30B-A3B-Instruct-FP8,None
540,Grouping Scatter,Easy,2.6803983052571616,8.041194915771484,3,0.0,0.0,0.0,0.0,0.0,0.0,0.0,0.0,0.0,0.0,1.0,0.0,0.0,False,Qwen/Qwen3-Coder-30B-A3B-Instruct-FP8,None
540,Grouping Scatter,Easy,2.6803983052571616,8.041194915771484,3,0.0,0.0,0.0,0.0,0.0,0.0,0.0,0.0,0.0,0.0,1.0,0.0,0.0,False,Qwen/Qwen3-Coder-30B-A3B-Instruct-FP8,None
540,Grouping Scatter,Easy,2.6803983052571616,8.041194915771484,3,0.0,0.0,0.0,0.0,0.0,0.0,0.0,0.0,0.0,0.0,1.0,0.0,0.0,False,Qwen/Qwen3-Coder-30B-A3B-Instruct-FP8,None
541,Grouping Scatter,Easy,2.5916579564412436,7.7749738693237305,3,0.0,0.0,0.0,0.0,0.0,0.0,0.0,0.0,0.0,0.0,1.0,0.0,0.0,False,Qwen/Qwen3-Coder-30B-A3B-Instruct-FP8,None
541,Grouping Scatter,Easy,2.5916579564412436,7.7749738693237305,3,0.0,0.0,0.0,0.0,0.0,0.0,0.0,0.0,0.0,0.0,1.0,0.0,0.0,False,Qwen/Qwen3-Coder-30B-A3B-Instruct-FP8,None
541,Grouping Scatter,Easy,2.5916579564412436,7.7749738693237305,3,0.0,0.0,0.0,0.0,0.0,0.0,0.0,0.0,0.0,0.0,1.0,0.0,0.0,False,Qwen/Qwen3-Coder-30B-A3B-Instruct-FP8,None
542,Pie,Medium,2.85752272605896,8.57256817817688,3,0.0,0.0,0.0,0.0,0.0,0.0,0.0,0.0,0.0,0.0,1.0,0.0,0.0,False,Qwen/Qwen3-Coder-30B-A3B-Instruct-FP8,None
542,Pie,Medium,2.85752272605896,8.57256817817688,3,0.0,0.0,0.0,0.0,0.0,0.0,0.0,0.0,0.0,0.0,1.0,0.0,0.0,False,Qwen/Qwen3-Coder-30B-A3B-Instruct-FP8,None
542,Pie,Medium,2.85752272605896,8.57256817817688,3,0.0,0.0,0.0,0.0,0.0,0.0,0.0,0.0,0.0,0.0,1.0,0.0,0.0,False,Qwen/Qwen3-Coder-30B-A3B-Instruct-FP8,None
551,Bar,Extra Hard,10.620996594429016,21.241993188858032,2,0.5,0.0,0.0,0.0,0.0,0.0,0.0,0.0,0.5,0.0,0.5,0.0,0.0,True,Qwen/Qwen3-Coder-30B-A3B-Instruct-FP8,None
551,Bar,Extra Hard,10.620996594429016,21.241993188858032,2,0.5,0.0,0.0,0.0,0.0,0.0,0.0,0.0,0.5,0.0,0.5,0.0,0.0,True,Qwen/Qwen3-Coder-30B-A3B-Instruct-FP8,None
551,Bar,Extra Hard,10.620996594429016,21.241993188858032,2,0.5,0.0,0.0,0.0,0.0,0.0,0.0,0.0,0.5,0.0,0.5,0.0,0.0,True,Qwen/Qwen3-Coder-30B-A3B-Instruct-FP8,None
561,Bar,Medium,5.249669194221497,10.499338388442993,2,0.0,0.0,0.0,0.0,0.0,0.0,0.0,0.0,0.0,0.0,1.0,0.0,0.0,True,Qwen/Qwen3-Coder-30B-A3B-Instruct-FP8,None
561,Bar,Medium,5.249669194221497,10.499338388442993,2,0.0,0.0,0.0,0.0,0.0,0.0,0.0,0.0,0.0,0.0,1.0,0.0,0.0,True,Qwen/Qwen3-Coder-30B-A3B-Instruct-FP8,None
561,Bar,Medium,5.249669194221497,10.499338388442993,2,0.0,0.0,0.0,0.0,0.0,0.0,0.0,0.0,0.0,0.0,1.0,0.0,0.0,True,Qwen/Qwen3-Coder-30B-A3B-Instruct-FP8,None
567,Bar,Medium,2.62794291973114,5.25588583946228,2,0.0,0.0,0.0,0.0,0.0,0.0,0.0,0.0,0.0,0.0,1.0,0.0,0.0,False,Qwen/Qwen3-Coder-30B-A3B-Instruct-FP8,None
567,Bar,Medium,2.62794291973114,5.25588583946228,2,0.0,0.0,0.0,0.0,0.0,0.0,0.0,0.0,0.0,0.0,1.0,0.0,0.0,False,Qwen/Qwen3-Coder-30B-A3B-Instruct-FP8,None
567,Bar,Medium,2.62794291973114,5.25588583946228,2,0.0,0.0,0.0,0.0,0.0,0.0,0.0,0.0,0.0,0.0,1.0,0.0,0.0,False,Qwen/Qwen3-Coder-30B-A3B-Instruct-FP8,None
574,Bar,Medium,3.3398914337158203,16.6994571685791,5,0.0,0.0,0.0,0.0,0.0,0.0,0.0,0.0,0.0,0.0,1.0,0.0,0.0,True,Qwen/Qwen3-Coder-30B-A3B-Instruct-FP8,None
574,Bar,Medium,3.3398914337158203,16.6994571685791,5,0.0,0.0,0.0,0.0,0.0,0.0,0.0,0.0,0.0,0.0,1.0,0.0,0.0,True,Qwen/Qwen3-Coder-30B-A3B-Instruct-FP8,None
574,Bar,Medium,3.3398914337158203,16.6994571685791,5,0.0,0.0,0.0,0.0,0.0,0.0,0.0,0.0,0.0,0.0,1.0,0.0,0.0,True,Qwen/Qwen3-Coder-30B-A3B-Instruct-FP8,None
577,Pie,Extra Hard,4.514993786811829,9.029987573623657,2,0.0,0.0,0.0,0.0,0.0,0.0,0.0,0.0,0.0,0.0,1.0,0.0,0.0,True,Qwen/Qwen3-Coder-30B-A3B-Instruct-FP8,None
577,Pie,Extra Hard,4.514993786811829,9.029987573623657,2,0.0,0.0,0.0,0.0,0.0,0.0,0.0,0.0,0.0,0.0,1.0,0.0,0.0,True,Qwen/Qwen3-Coder-30B-A3B-Instruct-FP8,None
577,Pie,Extra Hard,4.514993786811829,9.029987573623657,2,0.0,0.0,0.0,0.0,0.0,0.0,0.0,0.0,0.0,0.0,1.0,0.0,0.0,True,Qwen/Qwen3-Coder-30B-A3B-Instruct-FP8,None
582,Stacked Bar,Hard,14.193583846092224,28.38716769218445,2,0.0,0.0,0.0,0.0,1.0,0.0,0.0,0.0,0.0,1.0,0.0,,0.0,True,Qwen/Qwen3-Coder-30B-A3B-Instruct-FP8,None
582,Stacked Bar,Hard,14.193583846092224,28.38716769218445,2,0.0,0.0,0.0,0.0,1.0,0.0,0.0,0.0,0.0,1.0,0.0,,0.0,True,Qwen/Qwen3-Coder-30B-A3B-Instruct-FP8,None
582,Stacked Bar,Hard,14.193583846092224,28.38716769218445,2,0.0,0.0,0.0,0.0,1.0,0.0,0.0,0.0,0.0,1.0,0.0,,0.0,True,Qwen/Qwen3-Coder-30B-A3B-Instruct-FP8,None
591,Grouping Line,Extra Hard,13.292163610458374,26.584327220916748,2,0.5,0.0,0.0,0.0,0.5,0.0,0.0,0.0,0.5,0.5,0.0,,0.0,True,Qwen/Qwen3-Coder-30B-A3B-Instruct-FP8,None
591,Grouping Line,Extra Hard,13.292163610458374,26.584327220916748,2,0.5,0.0,0.0,0.0,0.5,0.0,0.0,0.0,0.5,0.5,0.0,,0.0,True,Qwen/Qwen3-Coder-30B-A3B-Instruct-FP8,None
591,Grouping Line,Extra Hard,13.292163610458374,26.584327220916748,2,0.5,0.0,0.0,0.0,0.5,0.0,0.0,0.0,0.5,0.5,0.0,,0.0,True,Qwen/Qwen3-Coder-30B-A3B-Instruct-FP8,None
593,Bar,Extra Hard,3.4744452238082886,6.948890447616577,2,0.0,0.0,0.0,0.0,0.0,0.0,0.0,0.0,0.0,0.0,1.0,0.0,0.0,True,Qwen/Qwen3-Coder-30B-A3B-Instruct-FP8,None
593,Bar,Extra Hard,3.4744452238082886,6.948890447616577,2,0.0,0.0,0.0,0.0,0.0,0.0,0.0,0.0,0.0,0.0,1.0,0.0,0.0,True,Qwen/Qwen3-Coder-30B-A3B-Instruct-FP8,None
593,Bar,Extra Hard,3.4744452238082886,6.948890447616577,2,0.0,0.0,0.0,0.0,0.0,0.0,0.0,0.0,0.0,0.0,1.0,0.0,0.0,True,Qwen/Qwen3-Coder-30B-A3B-Instruct-FP8,None
610,Pie,Hard,3.4362215995788574,6.872443199157715,2,0.0,0.0,0.0,0.0,0.0,0.0,0.0,0.0,0.0,0.0,1.0,0.0,0.0,True,Qwen/Qwen3-Coder-30B-A3B-Instruct-FP8,None
610,Pie,Hard,3.4362215995788574,6.872443199157715,2,0.0,0.0,0.0,0.0,0.0,0.0,0.0,0.0,0.0,0.0,1.0,0.0,0.0,True,Qwen/Qwen3-Coder-30B-A3B-Instruct-FP8,None
610,Pie,Hard,3.4362215995788574,6.872443199157715,2,0.0,0.0,0.0,0.0,0.0,0.0,0.0,0.0,0.0,0.0,1.0,0.0,0.0,True,Qwen/Qwen3-Coder-30B-A3B-Instruct-FP8,None
611,Line,Hard,3.8132548332214355,7.626509666442871,2,0.0,0.0,0.0,0.0,0.0,0.0,0.0,0.0,0.0,0.0,1.0,0.0,0.0,True,Qwen/Qwen3-Coder-30B-A3B-Instruct-FP8,None
611,Line,Hard,3.8132548332214355,7.626509666442871,2,0.0,0.0,0.0,0.0,0.0,0.0,0.0,0.0,0.0,0.0,1.0,0.0,0.0,True,Qwen/Qwen3-Coder-30B-A3B-Instruct-FP8,None
611,Line,Hard,3.8132548332214355,7.626509666442871,2,0.0,0.0,0.0,0.0,0.0,0.0,0.0,0.0,0.0,0.0,1.0,0.0,0.0,True,Qwen/Qwen3-Coder-30B-A3B-Instruct-FP8,None
612,Line,Hard,3.710089325904846,7.420178651809692,2,0.0,0.0,0.0,0.0,0.0,0.0,0.0,0.0,0.0,0.0,1.0,0.0,0.0,True,Qwen/Qwen3-Coder-30B-A3B-Instruct-FP8,None
612,Line,Hard,3.710089325904846,7.420178651809692,2,0.0,0.0,0.0,0.0,0.0,0.0,0.0,0.0,0.0,0.0,1.0,0.0,0.0,True,Qwen/Qwen3-Coder-30B-A3B-Instruct-FP8,None
612,Line,Hard,3.710089325904846,7.420178651809692,2,0.0,0.0,0.0,0.0,0.0,0.0,0.0,0.0,0.0,0.0,1.0,0.0,0.0,True,Qwen/Qwen3-Coder-30B-A3B-Instruct-FP8,None
616,Bar,Medium,3.0739115476608276,6.147823095321655,2,0.0,0.0,0.0,0.0,0.0,0.0,0.0,0.0,0.0,0.0,1.0,0.0,0.0,False,Qwen/Qwen3-Coder-30B-A3B-Instruct-FP8,None
616,Bar,Medium,3.0739115476608276,6.147823095321655,2,0.0,0.0,0.0,0.0,0.0,0.0,0.0,0.0,0.0,0.0,1.0,0.0,0.0,False,Qwen/Qwen3-Coder-30B-A3B-Instruct-FP8,None
616,Bar,Medium,3.0739115476608276,6.147823095321655,2,0.0,0.0,0.0,0.0,0.0,0.0,0.0,0.0,0.0,0.0,1.0,0.0,0.0,False,Qwen/Qwen3-Coder-30B-A3B-Instruct-FP8,None
617,Bar,Medium,3.232763648033142,6.465527296066284,2,0.0,0.0,0.0,0.0,0.0,0.0,0.0,0.0,0.0,0.0,1.0,0.0,0.0,False,Qwen/Qwen3-Coder-30B-A3B-Instruct-FP8,None
617,Bar,Medium,3.232763648033142,6.465527296066284,2,0.0,0.0,0.0,0.0,0.0,0.0,0.0,0.0,0.0,0.0,1.0,0.0,0.0,False,Qwen/Qwen3-Coder-30B-A3B-Instruct-FP8,None
617,Bar,Medium,3.232763648033142,6.465527296066284,2,0.0,0.0,0.0,0.0,0.0,0.0,0.0,0.0,0.0,0.0,1.0,0.0,0.0,False,Qwen/Qwen3-Coder-30B-A3B-Instruct-FP8,None
622,Scatter,Easy,2.3992196321487427,4.798439264297485,2,0.0,0.0,0.0,0.0,0.0,0.0,0.0,0.0,0.0,0.0,1.0,0.0,0.0,False,Qwen/Qwen3-Coder-30B-A3B-Instruct-FP8,None
622,Scatter,Easy,2.3992196321487427,4.798439264297485,2,0.0,0.0,0.0,0.0,0.0,0.0,0.0,0.0,0.0,0.0,1.0,0.0,0.0,False,Qwen/Qwen3-Coder-30B-A3B-Instruct-FP8,None
622,Scatter,Easy,2.3992196321487427,4.798439264297485,2,0.0,0.0,0.0,0.0,0.0,0.0,0.0,0.0,0.0,0.0,1.0,0.0,0.0,False,Qwen/Qwen3-Coder-30B-A3B-Instruct-FP8,None
628,Scatter,Extra Hard,2.5043145418167114,5.008629083633423,2,0.0,0.0,0.0,0.0,1.0,0.0,0.0,0.0,0.0,1.0,0.0,,0.0,True,Qwen/Qwen3-Coder-30B-A3B-Instruct-FP8,None
628,Scatter,Extra Hard,2.5043145418167114,5.008629083633423,2,0.0,0.0,0.0,0.0,1.0,0.0,0.0,0.0,0.0,1.0,0.0,,0.0,True,Qwen/Qwen3-Coder-30B-A3B-Instruct-FP8,None
628,Scatter,Extra Hard,2.5043145418167114,5.008629083633423,2,0.0,0.0,0.0,0.0,1.0,0.0,0.0,0.0,0.0,1.0,0.0,,0.0,True,Qwen/Qwen3-Coder-30B-A3B-Instruct-FP8,None
659,Bar,Hard,2.6451895236968994,5.290379047393799,2,0.0,0.0,0.0,0.0,0.0,0.0,0.0,0.0,0.0,0.0,1.0,0.0,0.0,False,Qwen/Qwen3-Coder-30B-A3B-Instruct-FP8,None
659,Bar,Hard,2.6451895236968994,5.290379047393799,2,0.0,0.0,0.0,0.0,0.0,0.0,0.0,0.0,0.0,0.0,1.0,0.0,0.0,False,Qwen/Qwen3-Coder-30B-A3B-Instruct-FP8,None
659,Bar,Hard,2.6451895236968994,5.290379047393799,2,0.0,0.0,0.0,0.0,0.0,0.0,0.0,0.0,0.0,0.0,1.0,0.0,0.0,False,Qwen/Qwen3-Coder-30B-A3B-Instruct-FP8,None
664,Bar,Medium,2.194676240285238,6.584028720855713,3,0.0,0.0,0.0,0.0,0.0,0.0,0.0,0.0,0.0,0.0,1.0,0.0,0.0,False,Qwen/Qwen3-Coder-30B-A3B-Instruct-FP8,None
664,Bar,Medium,2.194676240285238,6.584028720855713,3,0.0,0.0,0.0,0.0,0.0,0.0,0.0,0.0,0.0,0.0,1.0,0.0,0.0,False,Qwen/Qwen3-Coder-30B-A3B-Instruct-FP8,None
664,Bar,Medium,2.194676240285238,6.584028720855713,3,0.0,0.0,0.0,0.0,0.0,0.0,0.0,0.0,0.0,0.0,1.0,0.0,0.0,False,Qwen/Qwen3-Coder-30B-A3B-Instruct-FP8,None
665,Bar,Medium,2.2520560026168823,4.504112005233765,2,0.0,0.0,0.0,0.0,0.0,0.0,0.0,0.0,0.0,0.0,1.0,0.0,0.0,False,Qwen/Qwen3-Coder-30B-A3B-Instruct-FP8,None
665,Bar,Medium,2.2520560026168823,4.504112005233765,2,0.0,0.0,0.0,0.0,0.0,0.0,0.0,0.0,0.0,0.0,1.0,0.0,0.0,False,Qwen/Qwen3-Coder-30B-A3B-Instruct-FP8,None
665,Bar,Medium,2.2520560026168823,4.504112005233765,2,0.0,0.0,0.0,0.0,0.0,0.0,0.0,0.0,0.0,0.0,1.0,0.0,0.0,False,Qwen/Qwen3-Coder-30B-A3B-Instruct-FP8,None
674,Scatter,Easy,1.739992618560791,1.739992618560791,1,0.0,0.0,0.0,0.0,0.0,0.0,0.0,0.0,0.0,0.0,1.0,0.0,0.0,False,Qwen/Qwen3-Coder-30B-A3B-Instruct-FP8,None
674,Scatter,Easy,1.739992618560791,1.739992618560791,1,0.0,0.0,0.0,0.0,0.0,0.0,0.0,0.0,0.0,0.0,1.0,0.0,0.0,False,Qwen/Qwen3-Coder-30B-A3B-Instruct-FP8,None
674,Scatter,Easy,1.739992618560791,1.739992618560791,1,0.0,0.0,0.0,0.0,0.0,0.0,0.0,0.0,0.0,0.0,1.0,0.0,0.0,False,Qwen/Qwen3-Coder-30B-A3B-Instruct-FP8,None
676,Bar,Hard,4.235034108161926,8.470068216323853,2,0.0,0.0,0.0,0.0,1.0,0.0,0.0,0.0,0.0,1.0,0.0,,0.0,True,Qwen/Qwen3-Coder-30B-A3B-Instruct-FP8,None
676,Bar,Hard,4.235034108161926,8.470068216323853,2,0.0,0.0,0.0,0.0,1.0,0.0,0.0,0.0,0.0,1.0,0.0,,0.0,True,Qwen/Qwen3-Coder-30B-A3B-Instruct-FP8,None
676,Bar,Hard,4.235034108161926,8.470068216323853,2,0.0,0.0,0.0,0.0,1.0,0.0,0.0,0.0,0.0,1.0,0.0,,0.0,True,Qwen/Qwen3-Coder-30B-A3B-Instruct-FP8,None
688,Bar,Easy,2.3668431639671326,9.46737265586853,4,0.0,0.0,0.0,0.0,0.0,0.0,0.0,0.0,0.0,0.0,1.0,0.0,0.0,False,Qwen/Qwen3-Coder-30B-A3B-Instruct-FP8,None
688,Bar,Easy,2.3668431639671326,9.46737265586853,4,0.0,0.0,0.0,0.0,0.0,0.0,0.0,0.0,0.0,0.0,1.0,0.0,0.0,False,Qwen/Qwen3-Coder-30B-A3B-Instruct-FP8,None
688,Bar,Easy,2.3668431639671326,9.46737265586853,4,0.0,0.0,0.0,0.0,0.0,0.0,0.0,0.0,0.0,0.0,1.0,0.0,0.0,False,Qwen/Qwen3-Coder-30B-A3B-Instruct-FP8,None
691,Pie,Hard,4.485425392786662,13.456276178359985,3,0.0,0.0,0.0,0.0,0.0,0.0,0.0,0.0,0.0,0.0,1.0,0.0,0.0,True,Qwen/Qwen3-Coder-30B-A3B-Instruct-FP8,None
691,Pie,Hard,4.485425392786662,13.456276178359985,3,0.0,0.0,0.0,0.0,0.0,0.0,0.0,0.0,0.0,0.0,1.0,0.0,0.0,True,Qwen/Qwen3-Coder-30B-A3B-Instruct-FP8,None
691,Pie,Hard,4.485425392786662,13.456276178359985,3,0.0,0.0,0.0,0.0,0.0,0.0,0.0,0.0,0.0,0.0,1.0,0.0,0.0,True,Qwen/Qwen3-Coder-30B-A3B-Instruct-FP8,None
693,Bar,Easy,1.82427183787028,5.47281551361084,3,0.0,0.0,0.0,0.0,0.0,0.0,0.0,0.0,0.0,0.0,1.0,0.0,0.0,False,Qwen/Qwen3-Coder-30B-A3B-Instruct-FP8,None
693,Bar,Easy,1.82427183787028,5.47281551361084,3,0.0,0.0,0.0,0.0,0.0,0.0,0.0,0.0,0.0,0.0,1.0,0.0,0.0,False,Qwen/Qwen3-Coder-30B-A3B-Instruct-FP8,None
693,Bar,Easy,1.82427183787028,5.47281551361084,3,0.0,0.0,0.0,0.0,0.0,0.0,0.0,0.0,0.0,0.0,1.0,0.0,0.0,False,Qwen/Qwen3-Coder-30B-A3B-Instruct-FP8,None
697,Bar,Easy,2.312901735305786,4.625803470611572,2,0.0,0.0,0.0,0.0,0.0,0.0,0.0,0.0,0.0,0.0,1.0,0.0,0.0,False,Qwen/Qwen3-Coder-30B-A3B-Instruct-FP8,None
697,Bar,Easy,2.312901735305786,4.625803470611572,2,0.0,0.0,0.0,0.0,0.0,0.0,0.0,0.0,0.0,0.0,1.0,0.0,0.0,False,Qwen/Qwen3-Coder-30B-A3B-Instruct-FP8,None
697,Bar,Easy,2.312901735305786,4.625803470611572,2,0.0,0.0,0.0,0.0,0.0,0.0,0.0,0.0,0.0,0.0,1.0,0.0,0.0,False,Qwen/Qwen3-Coder-30B-A3B-Instruct-FP8,None
699,Pie,Medium,3.6732252836227417,7.346450567245483,2,0.0,0.0,0.0,0.0,0.0,0.0,0.0,0.0,0.0,0.0,1.0,0.0,0.0,True,Qwen/Qwen3-Coder-30B-A3B-Instruct-FP8,None
699,Pie,Medium,3.6732252836227417,7.346450567245483,2,0.0,0.0,0.0,0.0,0.0,0.0,0.0,0.0,0.0,0.0,1.0,0.0,0.0,True,Qwen/Qwen3-Coder-30B-A3B-Instruct-FP8,None
699,Pie,Medium,3.6732252836227417,7.346450567245483,2,0.0,0.0,0.0,0.0,0.0,0.0,0.0,0.0,0.0,0.0,1.0,0.0,0.0,True,Qwen/Qwen3-Coder-30B-A3B-Instruct-FP8,None
707,Scatter,Easy,4.398903429508209,17.595613718032837,4,0.0,0.0,0.0,0.0,0.5,0.0,0.0,0.0,0.0,0.5,0.5,0.0,0.0,True,Qwen/Qwen3-Coder-30B-A3B-Instruct-FP8,None
707,Scatter,Easy,4.398903429508209,17.595613718032837,4,0.0,0.0,0.0,0.0,0.5,0.0,0.0,0.0,0.0,0.5,0.5,0.0,0.0,True,Qwen/Qwen3-Coder-30B-A3B-Instruct-FP8,None
707,Scatter,Easy,4.398903429508209,17.595613718032837,4,0.0,0.0,0.0,0.0,0.5,0.0,0.0,0.0,0.0,0.5,0.5,0.0,0.0,True,Qwen/Qwen3-Coder-30B-A3B-Instruct-FP8,None
708,Pie,Easy,2.2973724603652954,4.594744920730591,2,0.0,0.0,0.0,0.0,0.0,0.0,0.0,0.0,0.0,0.0,1.0,0.0,0.0,False,Qwen/Qwen3-Coder-30B-A3B-Instruct-FP8,None
708,Pie,Easy,2.2973724603652954,4.594744920730591,2,0.0,0.0,0.0,0.0,0.0,0.0,0.0,0.0,0.0,0.0,1.0,0.0,0.0,False,Qwen/Qwen3-Coder-30B-A3B-Instruct-FP8,None
708,Pie,Easy,2.2973724603652954,4.594744920730591,2,0.0,0.0,0.0,0.0,0.0,0.0,0.0,0.0,0.0,0.0,1.0,0.0,0.0,False,Qwen/Qwen3-Coder-30B-A3B-Instruct-FP8,None
712,Pie,Medium,3.56363574663798,10.69090723991394,3,0.0,0.0,0.0,0.0,0.0,0.0,0.0,0.0,0.0,0.0,1.0,0.0,0.0,True,Qwen/Qwen3-Coder-30B-A3B-Instruct-FP8,None
712,Pie,Medium,3.56363574663798,10.69090723991394,3,0.0,0.0,0.0,0.0,0.0,0.0,0.0,0.0,0.0,0.0,1.0,0.0,0.0,True,Qwen/Qwen3-Coder-30B-A3B-Instruct-FP8,None
712,Pie,Medium,3.56363574663798,10.69090723991394,3,0.0,0.0,0.0,0.0,0.0,0.0,0.0,0.0,0.0,0.0,1.0,0.0,0.0,True,Qwen/Qwen3-Coder-30B-A3B-Instruct-FP8,None
714,Pie,Medium,3.7132407426834106,7.426481485366821,2,0.0,0.0,0.0,0.0,0.0,0.0,0.0,0.0,0.0,0.0,1.0,0.0,0.0,True,Qwen/Qwen3-Coder-30B-A3B-Instruct-FP8,None
714,Pie,Medium,3.7132407426834106,7.426481485366821,2,0.0,0.0,0.0,0.0,0.0,0.0,0.0,0.0,0.0,0.0,1.0,0.0,0.0,True,Qwen/Qwen3-Coder-30B-A3B-Instruct-FP8,None
714,Pie,Medium,3.7132407426834106,7.426481485366821,2,0.0,0.0,0.0,0.0,0.0,0.0,0.0,0.0,0.0,0.0,1.0,0.0,0.0,True,Qwen/Qwen3-Coder-30B-A3B-Instruct-FP8,None
718,Pie,Medium,3.6692460775375366,7.338492155075073,2,0.0,0.0,0.0,0.0,0.5,0.0,0.0,0.0,0.0,0.5,0.5,0.0,0.0,True,Qwen/Qwen3-Coder-30B-A3B-Instruct-FP8,None
718,Pie,Medium,3.6692460775375366,7.338492155075073,2,0.0,0.0,0.0,0.0,0.5,0.0,0.0,0.0,0.0,0.5,0.5,0.0,0.0,True,Qwen/Qwen3-Coder-30B-A3B-Instruct-FP8,None
718,Pie,Medium,3.6692460775375366,7.338492155075073,2,0.0,0.0,0.0,0.0,0.5,0.0,0.0,0.0,0.0,0.5,0.5,0.0,0.0,True,Qwen/Qwen3-Coder-30B-A3B-Instruct-FP8,None
722,Pie,Medium,3.4553909301757812,3.4553909301757812,1,0.0,0.0,0.0,0.0,0.0,0.0,0.0,0.0,0.0,0.0,1.0,0.0,0.0,True,Qwen/Qwen3-Coder-30B-A3B-Instruct-FP8,None
722,Pie,Medium,3.4553909301757812,3.4553909301757812,1,0.0,0.0,0.0,0.0,0.0,0.0,0.0,0.0,0.0,0.0,1.0,0.0,0.0,True,Qwen/Qwen3-Coder-30B-A3B-Instruct-FP8,None
722,Pie,Medium,3.4553909301757812,3.4553909301757812,1,0.0,0.0,0.0,0.0,0.0,0.0,0.0,0.0,0.0,0.0,1.0,0.0,0.0,True,Qwen/Qwen3-Coder-30B-A3B-Instruct-FP8,None
743,Pie,Medium,2.9743610620498657,5.9487221240997314,2,0.0,0.0,0.0,0.0,1.0,0.0,0.0,0.0,0.0,1.0,0.0,,0.0,True,Qwen/Qwen3-Coder-30B-A3B-Instruct-FP8,None
743,Pie,Medium,2.9743610620498657,5.9487221240997314,2,0.0,0.0,0.0,0.0,1.0,0.0,0.0,0.0,0.0,1.0,0.0,,0.0,True,Qwen/Qwen3-Coder-30B-A3B-Instruct-FP8,None
743,Pie,Medium,2.9743610620498657,5.9487221240997314,2,0.0,0.0,0.0,0.0,1.0,0.0,0.0,0.0,0.0,1.0,0.0,,0.0,True,Qwen/Qwen3-Coder-30B-A3B-Instruct-FP8,None
744,Bar,Medium,8.361941933631897,33.44776773452759,4,0.5,0.0,0.0,0.0,0.0,0.0,0.0,0.0,0.5,0.0,0.5,0.0,0.0,True,Qwen/Qwen3-Coder-30B-A3B-Instruct-FP8,None
744,Bar,Medium,8.361941933631897,33.44776773452759,4,0.5,0.0,0.0,0.0,0.0,0.0,0.0,0.0,0.5,0.0,0.5,0.0,0.0,True,Qwen/Qwen3-Coder-30B-A3B-Instruct-FP8,None
744,Bar,Medium,8.361941933631897,33.44776773452759,4,0.5,0.0,0.0,0.0,0.0,0.0,0.0,0.0,0.5,0.0,0.5,0.0,0.0,True,Qwen/Qwen3-Coder-30B-A3B-Instruct-FP8,None
747,Pie,Hard,3.9392033418019614,11.817610025405884,3,0.0,0.0,0.0,0.0,0.0,0.0,0.0,0.0,0.0,0.0,1.0,0.0,0.0,True,Qwen/Qwen3-Coder-30B-A3B-Instruct-FP8,None
747,Pie,Hard,3.9392033418019614,11.817610025405884,3,0.0,0.0,0.0,0.0,0.0,0.0,0.0,0.0,0.0,0.0,1.0,0.0,0.0,True,Qwen/Qwen3-Coder-30B-A3B-Instruct-FP8,None
747,Pie,Hard,3.9392033418019614,11.817610025405884,3,0.0,0.0,0.0,0.0,0.0,0.0,0.0,0.0,0.0,0.0,1.0,0.0,0.0,True,Qwen/Qwen3-Coder-30B-A3B-Instruct-FP8,None
770,Line,Easy,2.9534031550089517,8.860209465026855,3,0.0,0.0,0.0,0.0,0.0,0.0,0.0,0.0,0.0,0.0,1.0,0.0,0.0,False,Qwen/Qwen3-Coder-30B-A3B-Instruct-FP8,None
770,Line,Easy,2.9534031550089517,8.860209465026855,3,0.0,0.0,0.0,0.0,0.0,0.0,0.0,0.0,0.0,0.0,1.0,0.0,0.0,False,Qwen/Qwen3-Coder-30B-A3B-Instruct-FP8,None
770,Line,Easy,2.9534031550089517,8.860209465026855,3,0.0,0.0,0.0,0.0,0.0,0.0,0.0,0.0,0.0,0.0,1.0,0.0,0.0,False,Qwen/Qwen3-Coder-30B-A3B-Instruct-FP8,None
778,Grouping Line,Hard,14.95837140083313,14.95837140083313,1,1.0,0.0,0.0,0.0,0.0,0.0,0.0,0.0,1.0,0.0,0.0,,0.0,False,Qwen/Qwen3-Coder-30B-A3B-Instruct-FP8,None
778,Grouping Line,Hard,14.95837140083313,14.95837140083313,1,1.0,0.0,0.0,0.0,0.0,0.0,0.0,0.0,1.0,0.0,0.0,,0.0,False,Qwen/Qwen3-Coder-30B-A3B-Instruct-FP8,None
778,Grouping Line,Hard,14.95837140083313,14.95837140083313,1,1.0,0.0,0.0,0.0,0.0,0.0,0.0,0.0,1.0,0.0,0.0,,0.0,False,Qwen/Qwen3-Coder-30B-A3B-Instruct-FP8,None
781,Pie,Easy,1.9467023015022278,7.786809206008911,4,0.0,0.0,0.0,0.0,0.0,0.0,0.0,0.0,0.0,0.0,1.0,0.0,0.0,False,Qwen/Qwen3-Coder-30B-A3B-Instruct-FP8,None
781,Pie,Easy,1.9467023015022278,7.786809206008911,4,0.0,0.0,0.0,0.0,0.0,0.0,0.0,0.0,0.0,0.0,1.0,0.0,0.0,False,Qwen/Qwen3-Coder-30B-A3B-Instruct-FP8,None
781,Pie,Easy,1.9467023015022278,7.786809206008911,4,0.0,0.0,0.0,0.0,0.0,0.0,0.0,0.0,0.0,0.0,1.0,0.0,0.0,False,Qwen/Qwen3-Coder-30B-A3B-Instruct-FP8,None
789,Line,Easy,5.470387538274129,16.411162614822388,3,0.0,0.0,0.0,0.0,0.0,0.0,0.0,0.0,0.0,0.0,1.0,0.0,0.0,False,Qwen/Qwen3-Coder-30B-A3B-Instruct-FP8,None
789,Line,Easy,5.470387538274129,16.411162614822388,3,0.0,0.0,0.0,0.0,0.0,0.0,0.0,0.0,0.0,0.0,1.0,0.0,0.0,False,Qwen/Qwen3-Coder-30B-A3B-Instruct-FP8,None
789,Line,Easy,5.470387538274129,16.411162614822388,3,0.0,0.0,0.0,0.0,0.0,0.0,0.0,0.0,0.0,0.0,1.0,0.0,0.0,False,Qwen/Qwen3-Coder-30B-A3B-Instruct-FP8,None
790,Pie,Easy,3.0514665126800535,15.257332563400269,5,0.0,0.0,0.0,0.0,0.0,0.0,0.0,0.0,0.0,0.0,1.0,0.0,0.0,False,Qwen/Qwen3-Coder-30B-A3B-Instruct-FP8,None
790,Pie,Easy,3.0514665126800535,15.257332563400269,5,0.0,0.0,0.0,0.0,0.0,0.0,0.0,0.0,0.0,0.0,1.0,0.0,0.0,False,Qwen/Qwen3-Coder-30B-A3B-Instruct-FP8,None
790,Pie,Easy,3.0514665126800535,15.257332563400269,5,0.0,0.0,0.0,0.0,0.0,0.0,0.0,0.0,0.0,0.0,1.0,0.0,0.0,False,Qwen/Qwen3-Coder-30B-A3B-Instruct-FP8,None
793,Bar,Medium,8.624149560928345,17.24829912185669,2,0.5,0.0,0.0,0.5,0.5,0.0,0.0,0.0,0.5,0.5,0.0,,0.0,True,Qwen/Qwen3-Coder-30B-A3B-Instruct-FP8,None
793,Bar,Medium,8.624149560928345,17.24829912185669,2,0.5,0.0,0.0,0.5,0.5,0.0,0.0,0.0,0.5,0.5,0.0,,0.0,True,Qwen/Qwen3-Coder-30B-A3B-Instruct-FP8,None
793,Bar,Medium,8.624149560928345,17.24829912185669,2,0.5,0.0,0.0,0.5,0.5,0.0,0.0,0.0,0.5,0.5,0.0,,0.0,True,Qwen/Qwen3-Coder-30B-A3B-Instruct-FP8,None
802,Pie,Easy,2.5433582067489624,10.17343282699585,4,0.0,0.0,0.0,0.0,0.0,0.0,0.0,0.0,0.0,0.0,1.0,0.0,0.0,False,Qwen/Qwen3-Coder-30B-A3B-Instruct-FP8,None
802,Pie,Easy,2.5433582067489624,10.17343282699585,4,0.0,0.0,0.0,0.0,0.0,0.0,0.0,0.0,0.0,0.0,1.0,0.0,0.0,False,Qwen/Qwen3-Coder-30B-A3B-Instruct-FP8,None
802,Pie,Easy,2.5433582067489624,10.17343282699585,4,0.0,0.0,0.0,0.0,0.0,0.0,0.0,0.0,0.0,0.0,1.0,0.0,0.0,False,Qwen/Qwen3-Coder-30B-A3B-Instruct-FP8,None
803,Bar,Easy,2.5690677642822264,12.845338821411133,5,0.0,0.0,0.0,0.0,0.0,0.0,0.0,0.0,0.0,0.0,1.0,0.0,0.0,False,Qwen/Qwen3-Coder-30B-A3B-Instruct-FP8,None
803,Bar,Easy,2.5690677642822264,12.845338821411133,5,0.0,0.0,0.0,0.0,0.0,0.0,0.0,0.0,0.0,0.0,1.0,0.0,0.0,False,Qwen/Qwen3-Coder-30B-A3B-Instruct-FP8,None
803,Bar,Easy,2.5690677642822264,12.845338821411133,5,0.0,0.0,0.0,0.0,0.0,0.0,0.0,0.0,0.0,0.0,1.0,0.0,0.0,False,Qwen/Qwen3-Coder-30B-A3B-Instruct-FP8,None
809,Bar,Easy,1.8271570205688477,5.481471061706543,3,0.0,0.0,0.0,0.0,0.0,0.0,0.0,0.0,0.0,0.0,1.0,0.0,0.0,False,Qwen/Qwen3-Coder-30B-A3B-Instruct-FP8,None
809,Bar,Easy,1.8271570205688477,5.481471061706543,3,0.0,0.0,0.0,0.0,0.0,0.0,0.0,0.0,0.0,0.0,1.0,0.0,0.0,False,Qwen/Qwen3-Coder-30B-A3B-Instruct-FP8,None
809,Bar,Easy,1.8271570205688477,5.481471061706543,3,0.0,0.0,0.0,0.0,0.0,0.0,0.0,0.0,0.0,0.0,1.0,0.0,0.0,False,Qwen/Qwen3-Coder-30B-A3B-Instruct-FP8,None
812,Bar,Medium,3.1551445722579956,6.310289144515991,2,0.0,0.0,0.0,0.0,0.0,0.0,0.0,0.0,0.0,0.0,1.0,0.0,0.0,True,Qwen/Qwen3-Coder-30B-A3B-Instruct-FP8,None
812,Bar,Medium,3.1551445722579956,6.310289144515991,2,0.0,0.0,0.0,0.0,0.0,0.0,0.0,0.0,0.0,0.0,1.0,0.0,0.0,True,Qwen/Qwen3-Coder-30B-A3B-Instruct-FP8,None
812,Bar,Medium,3.1551445722579956,6.310289144515991,2,0.0,0.0,0.0,0.0,0.0,0.0,0.0,0.0,0.0,0.0,1.0,0.0,0.0,True,Qwen/Qwen3-Coder-30B-A3B-Instruct-FP8,None
815,Pie,Medium,3.4992215633392334,3.4992215633392334,1,0.0,0.0,0.0,0.0,0.0,0.0,0.0,0.0,0.0,0.0,1.0,0.0,0.0,True,Qwen/Qwen3-Coder-30B-A3B-Instruct-FP8,None
815,Pie,Medium,3.4992215633392334,3.4992215633392334,1,0.0,0.0,0.0,0.0,0.0,0.0,0.0,0.0,0.0,0.0,1.0,0.0,0.0,True,Qwen/Qwen3-Coder-30B-A3B-Instruct-FP8,None
815,Pie,Medium,3.4992215633392334,3.4992215633392334,1,0.0,0.0,0.0,0.0,0.0,0.0,0.0,0.0,0.0,0.0,1.0,0.0,0.0,True,Qwen/Qwen3-Coder-30B-A3B-Instruct-FP8,None
817,Bar,Medium,3.538874626159668,3.538874626159668,1,0.0,0.0,0.0,0.0,0.0,0.0,0.0,0.0,0.0,0.0,1.0,0.0,0.0,True,Qwen/Qwen3-Coder-30B-A3B-Instruct-FP8,None
817,Bar,Medium,3.538874626159668,3.538874626159668,1,0.0,0.0,0.0,0.0,0.0,0.0,0.0,0.0,0.0,0.0,1.0,0.0,0.0,True,Qwen/Qwen3-Coder-30B-A3B-Instruct-FP8,None
817,Bar,Medium,3.538874626159668,3.538874626159668,1,0.0,0.0,0.0,0.0,0.0,0.0,0.0,0.0,0.0,0.0,1.0,0.0,0.0,True,Qwen/Qwen3-Coder-30B-A3B-Instruct-FP8,None
832,Bar,Medium,3.3029829263687134,6.605965852737427,2,0.0,0.0,0.0,0.0,0.0,0.0,0.0,0.0,0.0,0.0,1.0,0.0,0.0,True,Qwen/Qwen3-Coder-30B-A3B-Instruct-FP8,None
832,Bar,Medium,3.3029829263687134,6.605965852737427,2,0.0,0.0,0.0,0.0,0.0,0.0,0.0,0.0,0.0,0.0,1.0,0.0,0.0,True,Qwen/Qwen3-Coder-30B-A3B-Instruct-FP8,None
832,Bar,Medium,3.3029829263687134,6.605965852737427,2,0.0,0.0,0.0,0.0,0.0,0.0,0.0,0.0,0.0,0.0,1.0,0.0,0.0,True,Qwen/Qwen3-Coder-30B-A3B-Instruct-FP8,None
834,Pie,Medium,3.4678070545196533,6.935614109039307,2,0.0,0.0,0.0,0.0,0.0,0.0,0.0,0.0,0.0,0.0,1.0,0.0,0.0,True,Qwen/Qwen3-Coder-30B-A3B-Instruct-FP8,None
834,Pie,Medium,3.4678070545196533,6.935614109039307,2,0.0,0.0,0.0,0.0,0.0,0.0,0.0,0.0,0.0,0.0,1.0,0.0,0.0,True,Qwen/Qwen3-Coder-30B-A3B-Instruct-FP8,None
834,Pie,Medium,3.4678070545196533,6.935614109039307,2,0.0,0.0,0.0,0.0,0.0,0.0,0.0,0.0,0.0,0.0,1.0,0.0,0.0,True,Qwen/Qwen3-Coder-30B-A3B-Instruct-FP8,None
838,Pie,Medium,3.1445668935775757,6.289133787155151,2,0.0,0.0,0.0,0.0,0.0,0.0,0.0,0.0,0.0,0.0,1.0,0.0,0.0,True,Qwen/Qwen3-Coder-30B-A3B-Instruct-FP8,None
838,Pie,Medium,3.1445668935775757,6.289133787155151,2,0.0,0.0,0.0,0.0,0.0,0.0,0.0,0.0,0.0,0.0,1.0,0.0,0.0,True,Qwen/Qwen3-Coder-30B-A3B-Instruct-FP8,None
838,Pie,Medium,3.1445668935775757,6.289133787155151,2,0.0,0.0,0.0,0.0,0.0,0.0,0.0,0.0,0.0,0.0,1.0,0.0,0.0,True,Qwen/Qwen3-Coder-30B-A3B-Instruct-FP8,None
856,Pie,Hard,3.9592862129211426,3.9592862129211426,1,0.0,0.0,0.0,0.0,0.0,0.0,0.0,0.0,0.0,0.0,1.0,0.0,0.0,True,Qwen/Qwen3-Coder-30B-A3B-Instruct-FP8,None
856,Pie,Hard,3.9592862129211426,3.9592862129211426,1,0.0,0.0,0.0,0.0,0.0,0.0,0.0,0.0,0.0,0.0,1.0,0.0,0.0,True,Qwen/Qwen3-Coder-30B-A3B-Instruct-FP8,None
856,Pie,Hard,3.9592862129211426,3.9592862129211426,1,0.0,0.0,0.0,0.0,0.0,0.0,0.0,0.0,0.0,0.0,1.0,0.0,0.0,True,Qwen/Qwen3-Coder-30B-A3B-Instruct-FP8,None
858,Pie,Easy,2.551210403442383,2.551210403442383,1,0.0,0.0,0.0,0.0,0.0,0.0,0.0,0.0,0.0,0.0,1.0,0.0,0.0,False,Qwen/Qwen3-Coder-30B-A3B-Instruct-FP8,None
858,Pie,Easy,2.551210403442383,2.551210403442383,1,0.0,0.0,0.0,0.0,0.0,0.0,0.0,0.0,0.0,0.0,1.0,0.0,0.0,False,Qwen/Qwen3-Coder-30B-A3B-Instruct-FP8,None
858,Pie,Easy,2.551210403442383,2.551210403442383,1,0.0,0.0,0.0,0.0,0.0,0.0,0.0,0.0,0.0,0.0,1.0,0.0,0.0,False,Qwen/Qwen3-Coder-30B-A3B-Instruct-FP8,None
868,Line,Hard,6.9502692222595215,27.801076889038086,4,0.0,0.0,0.0,0.0,0.5,0.0,0.0,0.0,0.0,0.5,0.5,0.0,0.0,True,Qwen/Qwen3-Coder-30B-A3B-Instruct-FP8,None
868,Line,Hard,6.9502692222595215,27.801076889038086,4,0.0,0.0,0.0,0.0,0.5,0.0,0.0,0.0,0.0,0.5,0.5,0.0,0.0,True,Qwen/Qwen3-Coder-30B-A3B-Instruct-FP8,None
868,Line,Hard,6.9502692222595215,27.801076889038086,4,0.0,0.0,0.0,0.0,0.5,0.0,0.0,0.0,0.0,0.5,0.5,0.0,0.0,True,Qwen/Qwen3-Coder-30B-A3B-Instruct-FP8,None
874,Pie,Medium,3.060063123703003,6.120126247406006,2,0.0,0.0,0.0,0.0,0.0,0.0,0.0,0.0,0.0,0.0,1.0,0.0,0.0,True,Qwen/Qwen3-Coder-30B-A3B-Instruct-FP8,None
874,Pie,Medium,3.060063123703003,6.120126247406006,2,0.0,0.0,0.0,0.0,0.0,0.0,0.0,0.0,0.0,0.0,1.0,0.0,0.0,True,Qwen/Qwen3-Coder-30B-A3B-Instruct-FP8,None
874,Pie,Medium,3.060063123703003,6.120126247406006,2,0.0,0.0,0.0,0.0,0.0,0.0,0.0,0.0,0.0,0.0,1.0,0.0,0.0,True,Qwen/Qwen3-Coder-30B-A3B-Instruct-FP8,None
875,Bar,Medium,3.0180699825286865,6.036139965057373,2,0.0,0.0,0.0,0.0,0.0,0.0,0.0,0.0,0.0,0.0,1.0,0.0,0.0,True,Qwen/Qwen3-Coder-30B-A3B-Instruct-FP8,None
875,Bar,Medium,3.0180699825286865,6.036139965057373,2,0.0,0.0,0.0,0.0,0.0,0.0,0.0,0.0,0.0,0.0,1.0,0.0,0.0,True,Qwen/Qwen3-Coder-30B-A3B-Instruct-FP8,None
875,Bar,Medium,3.0180699825286865,6.036139965057373,2,0.0,0.0,0.0,0.0,0.0,0.0,0.0,0.0,0.0,0.0,1.0,0.0,0.0,True,Qwen/Qwen3-Coder-30B-A3B-Instruct-FP8,None
880,Line,Hard,6.987478892008464,20.96243667602539,3,0.0,0.0,0.0,0.0,0.0,0.0,0.0,0.0,0.0,0.0,1.0,0.0,0.0,True,Qwen/Qwen3-Coder-30B-A3B-Instruct-FP8,None
880,Line,Hard,6.987478892008464,20.96243667602539,3,0.0,0.0,0.0,0.0,0.0,0.0,0.0,0.0,0.0,0.0,1.0,0.0,0.0,True,Qwen/Qwen3-Coder-30B-A3B-Instruct-FP8,None
880,Line,Hard,6.987478892008464,20.96243667602539,3,0.0,0.0,0.0,0.0,0.0,0.0,0.0,0.0,0.0,0.0,1.0,0.0,0.0,True,Qwen/Qwen3-Coder-30B-A3B-Instruct-FP8,None
883,Pie,Hard,3.9165015816688538,15.666006326675415,4,0.0,0.0,0.0,0.0,0.25,0.0,0.0,0.0,0.0,0.25,0.75,0.0,0.0,True,Qwen/Qwen3-Coder-30B-A3B-Instruct-FP8,None
883,Pie,Hard,3.9165015816688538,15.666006326675415,4,0.0,0.0,0.0,0.0,0.25,0.0,0.0,0.0,0.0,0.25,0.75,0.0,0.0,True,Qwen/Qwen3-Coder-30B-A3B-Instruct-FP8,None
883,Pie,Hard,3.9165015816688538,15.666006326675415,4,0.0,0.0,0.0,0.0,0.25,0.0,0.0,0.0,0.0,0.25,0.75,0.0,0.0,True,Qwen/Qwen3-Coder-30B-A3B-Instruct-FP8,None
887,Pie,Easy,2.496259391307831,9.985037565231323,4,0.0,0.0,0.0,0.0,0.0,0.0,0.0,0.0,0.0,0.0,1.0,0.0,0.0,False,Qwen/Qwen3-Coder-30B-A3B-Instruct-FP8,None
887,Pie,Easy,2.496259391307831,9.985037565231323,4,0.0,0.0,0.0,0.0,0.0,0.0,0.0,0.0,0.0,0.0,1.0,0.0,0.0,False,Qwen/Qwen3-Coder-30B-A3B-Instruct-FP8,None
887,Pie,Easy,2.496259391307831,9.985037565231323,4,0.0,0.0,0.0,0.0,0.0,0.0,0.0,0.0,0.0,0.0,1.0,0.0,0.0,False,Qwen/Qwen3-Coder-30B-A3B-Instruct-FP8,None
906,Pie,Easy,2.140607976913452,10.70303988456726,5,0.0,0.0,0.0,0.0,0.0,0.0,0.0,0.0,0.0,0.0,1.0,0.0,0.0,False,Qwen/Qwen3-Coder-30B-A3B-Instruct-FP8,None
906,Pie,Easy,2.140607976913452,10.70303988456726,5,0.0,0.0,0.0,0.0,0.0,0.0,0.0,0.0,0.0,0.0,1.0,0.0,0.0,False,Qwen/Qwen3-Coder-30B-A3B-Instruct-FP8,None
906,Pie,Easy,2.140607976913452,10.70303988456726,5,0.0,0.0,0.0,0.0,0.0,0.0,0.0,0.0,0.0,0.0,1.0,0.0,0.0,False,Qwen/Qwen3-Coder-30B-A3B-Instruct-FP8,None
908,Pie,Easy,2.1683044910430906,10.841522455215454,5,0.0,0.0,0.0,0.0,0.0,0.0,0.0,0.0,0.0,0.0,1.0,0.0,0.0,False,Qwen/Qwen3-Coder-30B-A3B-Instruct-FP8,None
908,Pie,Easy,2.1683044910430906,10.841522455215454,5,0.0,0.0,0.0,0.0,0.0,0.0,0.0,0.0,0.0,0.0,1.0,0.0,0.0,False,Qwen/Qwen3-Coder-30B-A3B-Instruct-FP8,None
908,Pie,Easy,2.1683044910430906,10.841522455215454,5,0.0,0.0,0.0,0.0,0.0,0.0,0.0,0.0,0.0,0.0,1.0,0.0,0.0,False,Qwen/Qwen3-Coder-30B-A3B-Instruct-FP8,None
910,Pie,Medium,3.292356848716736,13.169427394866943,4,0.0,0.0,0.0,0.0,0.0,0.0,0.0,0.0,0.0,0.0,1.0,0.0,0.0,True,Qwen/Qwen3-Coder-30B-A3B-Instruct-FP8,None
910,Pie,Medium,3.292356848716736,13.169427394866943,4,0.0,0.0,0.0,0.0,0.0,0.0,0.0,0.0,0.0,0.0,1.0,0.0,0.0,True,Qwen/Qwen3-Coder-30B-A3B-Instruct-FP8,None
910,Pie,Medium,3.292356848716736,13.169427394866943,4,0.0,0.0,0.0,0.0,0.0,0.0,0.0,0.0,0.0,0.0,1.0,0.0,0.0,True,Qwen/Qwen3-Coder-30B-A3B-Instruct-FP8,None
912,Bar,Medium,3.553823232650757,3.553823232650757,1,0.0,0.0,0.0,0.0,0.0,0.0,0.0,0.0,0.0,0.0,1.0,0.0,0.0,True,Qwen/Qwen3-Coder-30B-A3B-Instruct-FP8,None
912,Bar,Medium,3.553823232650757,3.553823232650757,1,0.0,0.0,0.0,0.0,0.0,0.0,0.0,0.0,0.0,0.0,1.0,0.0,0.0,True,Qwen/Qwen3-Coder-30B-A3B-Instruct-FP8,None
912,Bar,Medium,3.553823232650757,3.553823232650757,1,0.0,0.0,0.0,0.0,0.0,0.0,0.0,0.0,0.0,0.0,1.0,0.0,0.0,True,Qwen/Qwen3-Coder-30B-A3B-Instruct-FP8,None
914,Bar,Hard,3.631119966506958,7.262239933013916,2,0.0,0.0,0.0,0.0,0.0,0.0,0.0,0.0,0.0,0.0,1.0,0.0,0.0,True,Qwen/Qwen3-Coder-30B-A3B-Instruct-FP8,None
914,Bar,Hard,3.631119966506958,7.262239933013916,2,0.0,0.0,0.0,0.0,0.0,0.0,0.0,0.0,0.0,0.0,1.0,0.0,0.0,True,Qwen/Qwen3-Coder-30B-A3B-Instruct-FP8,None
914,Bar,Hard,3.631119966506958,7.262239933013916,2,0.0,0.0,0.0,0.0,0.0,0.0,0.0,0.0,0.0,0.0,1.0,0.0,0.0,True,Qwen/Qwen3-Coder-30B-A3B-Instruct-FP8,None
924,Bar,Medium,11.060189485549927,11.060189485549927,1,0.0,0.0,0.0,0.0,0.0,0.0,0.0,0.0,0.0,0.0,1.0,0.0,0.0,False,Qwen/Qwen3-Coder-30B-A3B-Instruct-FP8,None
924,Bar,Medium,11.060189485549927,11.060189485549927,1,0.0,0.0,0.0,0.0,0.0,0.0,0.0,0.0,0.0,0.0,1.0,0.0,0.0,False,Qwen/Qwen3-Coder-30B-A3B-Instruct-FP8,None
924,Bar,Medium,11.060189485549927,11.060189485549927,1,0.0,0.0,0.0,0.0,0.0,0.0,0.0,0.0,0.0,0.0,1.0,0.0,0.0,False,Qwen/Qwen3-Coder-30B-A3B-Instruct-FP8,None
926,Bar,Easy,1.9814451535542805,5.944335460662842,3,0.0,0.0,0.0,0.0,0.0,0.0,0.0,0.0,0.0,0.0,1.0,0.0,0.0,False,Qwen/Qwen3-Coder-30B-A3B-Instruct-FP8,None
926,Bar,Easy,1.9814451535542805,5.944335460662842,3,0.0,0.0,0.0,0.0,0.0,0.0,0.0,0.0,0.0,0.0,1.0,0.0,0.0,False,Qwen/Qwen3-Coder-30B-A3B-Instruct-FP8,None
926,Bar,Easy,1.9814451535542805,5.944335460662842,3,0.0,0.0,0.0,0.0,0.0,0.0,0.0,0.0,0.0,0.0,1.0,0.0,0.0,False,Qwen/Qwen3-Coder-30B-A3B-Instruct-FP8,None
961,Bar,Medium,3.5751571655273438,14.300628662109375,4,0.0,0.0,0.0,0.0,0.0,0.0,0.0,0.0,0.0,0.0,1.0,0.0,0.0,True,Qwen/Qwen3-Coder-30B-A3B-Instruct-FP8,None
961,Bar,Medium,3.5751571655273438,14.300628662109375,4,0.0,0.0,0.0,0.0,0.0,0.0,0.0,0.0,0.0,0.0,1.0,0.0,0.0,True,Qwen/Qwen3-Coder-30B-A3B-Instruct-FP8,None
961,Bar,Medium,3.5751571655273438,14.300628662109375,4,0.0,0.0,0.0,0.0,0.0,0.0,0.0,0.0,0.0,0.0,1.0,0.0,0.0,True,Qwen/Qwen3-Coder-30B-A3B-Instruct-FP8,None
971,Pie,Easy,2.1893097559611,6.567929267883301,3,0.0,0.0,0.0,0.0,0.0,0.0,0.0,0.0,0.0,0.0,1.0,0.0,0.0,False,Qwen/Qwen3-Coder-30B-A3B-Instruct-FP8,None
971,Pie,Easy,2.1893097559611,6.567929267883301,3,0.0,0.0,0.0,0.0,0.0,0.0,0.0,0.0,0.0,0.0,1.0,0.0,0.0,False,Qwen/Qwen3-Coder-30B-A3B-Instruct-FP8,None
971,Pie,Easy,2.1893097559611,6.567929267883301,3,0.0,0.0,0.0,0.0,0.0,0.0,0.0,0.0,0.0,0.0,1.0,0.0,0.0,False,Qwen/Qwen3-Coder-30B-A3B-Instruct-FP8,None
975,Bar,Hard,4.30037260055542,8.60074520111084,2,0.0,0.0,0.0,0.0,0.0,0.0,0.0,0.0,0.0,0.0,1.0,0.0,0.0,True,Qwen/Qwen3-Coder-30B-A3B-Instruct-FP8,None
975,Bar,Hard,4.30037260055542,8.60074520111084,2,0.0,0.0,0.0,0.0,0.0,0.0,0.0,0.0,0.0,0.0,1.0,0.0,0.0,True,Qwen/Qwen3-Coder-30B-A3B-Instruct-FP8,None
975,Bar,Hard,4.30037260055542,8.60074520111084,2,0.0,0.0,0.0,0.0,0.0,0.0,0.0,0.0,0.0,0.0,1.0,0.0,0.0,True,Qwen/Qwen3-Coder-30B-A3B-Instruct-FP8,None
990,Bar,Medium,3.5337573289871216,7.067514657974243,2,0.0,0.0,0.0,0.0,0.0,0.0,0.0,0.0,0.0,0.0,1.0,0.0,0.0,True,Qwen/Qwen3-Coder-30B-A3B-Instruct-FP8,None
990,Bar,Medium,3.5337573289871216,7.067514657974243,2,0.0,0.0,0.0,0.0,0.0,0.0,0.0,0.0,0.0,0.0,1.0,0.0,0.0,True,Qwen/Qwen3-Coder-30B-A3B-Instruct-FP8,None
990,Bar,Medium,3.5337573289871216,7.067514657974243,2,0.0,0.0,0.0,0.0,0.0,0.0,0.0,0.0,0.0,0.0,1.0,0.0,0.0,True,Qwen/Qwen3-Coder-30B-A3B-Instruct-FP8,None
994,Bar,Medium,2.3562171459198,2.3562171459198,1,0.0,0.0,0.0,0.0,0.0,0.0,0.0,0.0,0.0,0.0,1.0,0.0,0.0,True,Qwen/Qwen3-Coder-30B-A3B-Instruct-FP8,None
994,Bar,Medium,2.3562171459198,2.3562171459198,1,0.0,0.0,0.0,0.0,0.0,0.0,0.0,0.0,0.0,0.0,1.0,0.0,0.0,True,Qwen/Qwen3-Coder-30B-A3B-Instruct-FP8,None
994,Bar,Medium,2.3562171459198,2.3562171459198,1,0.0,0.0,0.0,0.0,0.0,0.0,0.0,0.0,0.0,0.0,1.0,0.0,0.0,True,Qwen/Qwen3-Coder-30B-A3B-Instruct-FP8,None
998,Line,Medium,3.2977535724639893,3.2977535724639893,1,0.0,0.0,0.0,0.0,1.0,0.0,0.0,0.0,0.0,1.0,0.0,,0.0,True,Qwen/Qwen3-Coder-30B-A3B-Instruct-FP8,None
998,Line,Medium,3.2977535724639893,3.2977535724639893,1,0.0,0.0,0.0,0.0,1.0,0.0,0.0,0.0,0.0,1.0,0.0,,0.0,True,Qwen/Qwen3-Coder-30B-A3B-Instruct-FP8,None
998,Line,Medium,3.2977535724639893,3.2977535724639893,1,0.0,0.0,0.0,0.0,1.0,0.0,0.0,0.0,0.0,1.0,0.0,,0.0,True,Qwen/Qwen3-Coder-30B-A3B-Instruct-FP8,None
999,Pie,Easy,3.4719605445861816,3.4719605445861816,1,0.0,0.0,0.0,0.0,0.0,0.0,0.0,0.0,0.0,0.0,1.0,0.0,0.0,False,Qwen/Qwen3-Coder-30B-A3B-Instruct-FP8,None
999,Pie,Easy,3.4719605445861816,3.4719605445861816,1,0.0,0.0,0.0,0.0,0.0,0.0,0.0,0.0,0.0,0.0,1.0,0.0,0.0,False,Qwen/Qwen3-Coder-30B-A3B-Instruct-FP8,None
999,Pie,Easy,3.4719605445861816,3.4719605445861816,1,0.0,0.0,0.0,0.0,0.0,0.0,0.0,0.0,0.0,0.0,1.0,0.0,0.0,False,Qwen/Qwen3-Coder-30B-A3B-Instruct-FP8,None
1001,Bar,Medium,13.545544981956482,27.091089963912964,2,1.0,0.0,0.0,0.0,0.0,0.0,0.0,0.0,1.0,0.0,0.0,,0.0,True,Qwen/Qwen3-Coder-30B-A3B-Instruct-FP8,None
1001,Bar,Medium,13.545544981956482,27.091089963912964,2,1.0,0.0,0.0,0.0,0.0,0.0,0.0,0.0,1.0,0.0,0.0,,0.0,True,Qwen/Qwen3-Coder-30B-A3B-Instruct-FP8,None
1001,Bar,Medium,13.545544981956482,27.091089963912964,2,1.0,0.0,0.0,0.0,0.0,0.0,0.0,0.0,1.0,0.0,0.0,,0.0,True,Qwen/Qwen3-Coder-30B-A3B-Instruct-FP8,None
1003,Pie,Medium,11.321659088134766,22.64331817626953,2,0.5,0.0,0.0,0.0,0.0,0.0,0.0,0.0,0.5,0.0,0.5,0.0,0.0,True,Qwen/Qwen3-Coder-30B-A3B-Instruct-FP8,None
1003,Pie,Medium,11.321659088134766,22.64331817626953,2,0.5,0.0,0.0,0.0,0.0,0.0,0.0,0.0,0.5,0.0,0.5,0.0,0.0,True,Qwen/Qwen3-Coder-30B-A3B-Instruct-FP8,None
1003,Pie,Medium,11.321659088134766,22.64331817626953,2,0.5,0.0,0.0,0.0,0.0,0.0,0.0,0.0,0.5,0.0,0.5,0.0,0.0,True,Qwen/Qwen3-Coder-30B-A3B-Instruct-FP8,None
1007,Pie,Hard,3.4828388690948486,3.4828388690948486,1,0.0,0.0,0.0,0.0,0.0,0.0,0.0,0.0,0.0,0.0,1.0,0.0,0.0,False,Qwen/Qwen3-Coder-30B-A3B-Instruct-FP8,None
1007,Pie,Hard,3.4828388690948486,3.4828388690948486,1,0.0,0.0,0.0,0.0,0.0,0.0,0.0,0.0,0.0,0.0,1.0,0.0,0.0,False,Qwen/Qwen3-Coder-30B-A3B-Instruct-FP8,None
1007,Pie,Hard,3.4828388690948486,3.4828388690948486,1,0.0,0.0,0.0,0.0,0.0,0.0,0.0,0.0,0.0,0.0,1.0,0.0,0.0,False,Qwen/Qwen3-Coder-30B-A3B-Instruct-FP8,None
1008,Pie,Hard,3.456865072250366,3.456865072250366,1,0.0,0.0,0.0,0.0,0.0,0.0,0.0,0.0,0.0,0.0,1.0,0.0,0.0,False,Qwen/Qwen3-Coder-30B-A3B-Instruct-FP8,None
1008,Pie,Hard,3.456865072250366,3.456865072250366,1,0.0,0.0,0.0,0.0,0.0,0.0,0.0,0.0,0.0,0.0,1.0,0.0,0.0,False,Qwen/Qwen3-Coder-30B-A3B-Instruct-FP8,None
1008,Pie,Hard,3.456865072250366,3.456865072250366,1,0.0,0.0,0.0,0.0,0.0,0.0,0.0,0.0,0.0,0.0,1.0,0.0,0.0,False,Qwen/Qwen3-Coder-30B-A3B-Instruct-FP8,None
1012,Bar,Easy,2.638542572657267,7.915627717971802,3,0.0,0.0,0.0,0.0,0.0,0.0,0.0,0.0,0.0,0.0,1.0,0.0,0.0,False,Qwen/Qwen3-Coder-30B-A3B-Instruct-FP8,None
1012,Bar,Easy,2.638542572657267,7.915627717971802,3,0.0,0.0,0.0,0.0,0.0,0.0,0.0,0.0,0.0,0.0,1.0,0.0,0.0,False,Qwen/Qwen3-Coder-30B-A3B-Instruct-FP8,None
1012,Bar,Easy,2.638542572657267,7.915627717971802,3,0.0,0.0,0.0,0.0,0.0,0.0,0.0,0.0,0.0,0.0,1.0,0.0,0.0,False,Qwen/Qwen3-Coder-30B-A3B-Instruct-FP8,None
1014,Pie,Easy,2.267402768135071,4.534805536270142,2,0.0,0.0,0.0,0.0,0.0,0.0,0.0,0.0,0.0,0.0,1.0,0.0,0.0,False,Qwen/Qwen3-Coder-30B-A3B-Instruct-FP8,None
1014,Pie,Easy,2.267402768135071,4.534805536270142,2,0.0,0.0,0.0,0.0,0.0,0.0,0.0,0.0,0.0,0.0,1.0,0.0,0.0,False,Qwen/Qwen3-Coder-30B-A3B-Instruct-FP8,None
1014,Pie,Easy,2.267402768135071,4.534805536270142,2,0.0,0.0,0.0,0.0,0.0,0.0,0.0,0.0,0.0,0.0,1.0,0.0,0.0,False,Qwen/Qwen3-Coder-30B-A3B-Instruct-FP8,None
1018,Pie,Medium,3.3293473720550537,3.3293473720550537,1,0.0,0.0,0.0,0.0,0.0,0.0,0.0,0.0,0.0,0.0,1.0,0.0,0.0,True,Qwen/Qwen3-Coder-30B-A3B-Instruct-FP8,None
1018,Pie,Medium,3.3293473720550537,3.3293473720550537,1,0.0,0.0,0.0,0.0,0.0,0.0,0.0,0.0,0.0,0.0,1.0,0.0,0.0,True,Qwen/Qwen3-Coder-30B-A3B-Instruct-FP8,None
1018,Pie,Medium,3.3293473720550537,3.3293473720550537,1,0.0,0.0,0.0,0.0,0.0,0.0,0.0,0.0,0.0,0.0,1.0,0.0,0.0,True,Qwen/Qwen3-Coder-30B-A3B-Instruct-FP8,None
1021,Pie,Easy,1.9772593975067139,3.9545187950134277,2,0.0,0.0,0.0,0.0,0.0,0.0,0.0,0.0,0.0,0.0,1.0,0.0,0.0,False,Qwen/Qwen3-Coder-30B-A3B-Instruct-FP8,None
1021,Pie,Easy,1.9772593975067139,3.9545187950134277,2,0.0,0.0,0.0,0.0,0.0,0.0,0.0,0.0,0.0,0.0,1.0,0.0,0.0,False,Qwen/Qwen3-Coder-30B-A3B-Instruct-FP8,None
1021,Pie,Easy,1.9772593975067139,3.9545187950134277,2,0.0,0.0,0.0,0.0,0.0,0.0,0.0,0.0,0.0,0.0,1.0,0.0,0.0,False,Qwen/Qwen3-Coder-30B-A3B-Instruct-FP8,None
1024,Bar,Medium,2.329498767852783,2.329498767852783,1,0.0,0.0,0.0,0.0,0.0,0.0,0.0,0.0,0.0,0.0,1.0,0.0,0.0,False,Qwen/Qwen3-Coder-30B-A3B-Instruct-FP8,None
1024,Bar,Medium,2.329498767852783,2.329498767852783,1,0.0,0.0,0.0,0.0,0.0,0.0,0.0,0.0,0.0,0.0,1.0,0.0,0.0,False,Qwen/Qwen3-Coder-30B-A3B-Instruct-FP8,None
1024,Bar,Medium,2.329498767852783,2.329498767852783,1,0.0,0.0,0.0,0.0,0.0,0.0,0.0,0.0,0.0,0.0,1.0,0.0,0.0,False,Qwen/Qwen3-Coder-30B-A3B-Instruct-FP8,None
1037,Bar,Easy,2.4749123255411782,7.424736976623535,3,0.0,0.0,0.0,0.0,0.0,0.0,0.0,0.0,0.0,0.0,1.0,0.0,0.0,False,Qwen/Qwen3-Coder-30B-A3B-Instruct-FP8,None
1037,Bar,Easy,2.4749123255411782,7.424736976623535,3,0.0,0.0,0.0,0.0,0.0,0.0,0.0,0.0,0.0,0.0,1.0,0.0,0.0,False,Qwen/Qwen3-Coder-30B-A3B-Instruct-FP8,None
1037,Bar,Easy,2.4749123255411782,7.424736976623535,3,0.0,0.0,0.0,0.0,0.0,0.0,0.0,0.0,0.0,0.0,1.0,0.0,0.0,False,Qwen/Qwen3-Coder-30B-A3B-Instruct-FP8,None
1059,Pie,Medium,3.2111067175865173,12.84442687034607,4,0.0,0.0,0.0,0.0,0.0,0.0,0.0,0.0,0.0,0.0,1.0,0.0,0.0,True,Qwen/Qwen3-Coder-30B-A3B-Instruct-FP8,None
1059,Pie,Medium,3.2111067175865173,12.84442687034607,4,0.0,0.0,0.0,0.0,0.0,0.0,0.0,0.0,0.0,0.0,1.0,0.0,0.0,True,Qwen/Qwen3-Coder-30B-A3B-Instruct-FP8,None
1059,Pie,Medium,3.2111067175865173,12.84442687034607,4,0.0,0.0,0.0,0.0,0.0,0.0,0.0,0.0,0.0,0.0,1.0,0.0,0.0,True,Qwen/Qwen3-Coder-30B-A3B-Instruct-FP8,None
1061,Pie,Easy,1.9999407291412354,9.999703645706177,5,0.0,0.0,0.0,0.0,0.0,0.0,0.0,0.0,0.0,0.0,1.0,0.0,0.0,False,Qwen/Qwen3-Coder-30B-A3B-Instruct-FP8,None
1061,Pie,Easy,1.9999407291412354,9.999703645706177,5,0.0,0.0,0.0,0.0,0.0,0.0,0.0,0.0,0.0,0.0,1.0,0.0,0.0,False,Qwen/Qwen3-Coder-30B-A3B-Instruct-FP8,None
1061,Pie,Easy,1.9999407291412354,9.999703645706177,5,0.0,0.0,0.0,0.0,0.0,0.0,0.0,0.0,0.0,0.0,1.0,0.0,0.0,False,Qwen/Qwen3-Coder-30B-A3B-Instruct-FP8,None
1071,Bar,Medium,2.6173810958862305,2.6173810958862305,1,0.0,0.0,0.0,0.0,0.0,0.0,0.0,0.0,0.0,0.0,1.0,0.0,0.0,False,Qwen/Qwen3-Coder-30B-A3B-Instruct-FP8,None
1071,Bar,Medium,2.6173810958862305,2.6173810958862305,1,0.0,0.0,0.0,0.0,0.0,0.0,0.0,0.0,0.0,0.0,1.0,0.0,0.0,False,Qwen/Qwen3-Coder-30B-A3B-Instruct-FP8,None
1071,Bar,Medium,2.6173810958862305,2.6173810958862305,1,0.0,0.0,0.0,0.0,0.0,0.0,0.0,0.0,0.0,0.0,1.0,0.0,0.0,False,Qwen/Qwen3-Coder-30B-A3B-Instruct-FP8,None
1072,Bar,Hard,5.099103927612305,5.099103927612305,1,0.0,0.0,0.0,0.0,0.0,0.0,0.0,0.0,0.0,0.0,1.0,0.0,0.0,True,Qwen/Qwen3-Coder-30B-A3B-Instruct-FP8,None
1072,Bar,Hard,5.099103927612305,5.099103927612305,1,0.0,0.0,0.0,0.0,0.0,0.0,0.0,0.0,0.0,0.0,1.0,0.0,0.0,True,Qwen/Qwen3-Coder-30B-A3B-Instruct-FP8,None
1072,Bar,Hard,5.099103927612305,5.099103927612305,1,0.0,0.0,0.0,0.0,0.0,0.0,0.0,0.0,0.0,0.0,1.0,0.0,0.0,True,Qwen/Qwen3-Coder-30B-A3B-Instruct-FP8,None
1073,Pie,Medium,3.558359146118164,3.558359146118164,1,0.0,0.0,0.0,0.0,1.0,0.0,0.0,0.0,0.0,1.0,0.0,,0.0,True,Qwen/Qwen3-Coder-30B-A3B-Instruct-FP8,None
1073,Pie,Medium,3.558359146118164,3.558359146118164,1,0.0,0.0,0.0,0.0,1.0,0.0,0.0,0.0,0.0,1.0,0.0,,0.0,True,Qwen/Qwen3-Coder-30B-A3B-Instruct-FP8,None
1073,Pie,Medium,3.558359146118164,3.558359146118164,1,0.0,0.0,0.0,0.0,1.0,0.0,0.0,0.0,0.0,1.0,0.0,,0.0,True,Qwen/Qwen3-Coder-30B-A3B-Instruct-FP8,None
1074,Bar,Hard,3.539351463317871,3.539351463317871,1,0.0,0.0,0.0,0.0,0.0,0.0,0.0,0.0,0.0,0.0,1.0,0.0,0.0,True,Qwen/Qwen3-Coder-30B-A3B-Instruct-FP8,None
1074,Bar,Hard,3.539351463317871,3.539351463317871,1,0.0,0.0,0.0,0.0,0.0,0.0,0.0,0.0,0.0,0.0,1.0,0.0,0.0,True,Qwen/Qwen3-Coder-30B-A3B-Instruct-FP8,None
1074,Bar,Hard,3.539351463317871,3.539351463317871,1,0.0,0.0,0.0,0.0,0.0,0.0,0.0,0.0,0.0,0.0,1.0,0.0,0.0,True,Qwen/Qwen3-Coder-30B-A3B-Instruct-FP8,None
1079,Pie,Medium,3.6261301040649414,3.6261301040649414,1,0.0,0.0,0.0,0.0,1.0,0.0,0.0,0.0,0.0,1.0,0.0,,0.0,True,Qwen/Qwen3-Coder-30B-A3B-Instruct-FP8,None
1079,Pie,Medium,3.6261301040649414,3.6261301040649414,1,0.0,0.0,0.0,0.0,1.0,0.0,0.0,0.0,0.0,1.0,0.0,,0.0,True,Qwen/Qwen3-Coder-30B-A3B-Instruct-FP8,None
1079,Pie,Medium,3.6261301040649414,3.6261301040649414,1,0.0,0.0,0.0,0.0,1.0,0.0,0.0,0.0,0.0,1.0,0.0,,0.0,True,Qwen/Qwen3-Coder-30B-A3B-Instruct-FP8,None
1081,Pie,Medium,3.6906840801239014,3.6906840801239014,1,0.0,0.0,0.0,0.0,0.0,0.0,0.0,0.0,0.0,0.0,1.0,0.0,0.0,True,Qwen/Qwen3-Coder-30B-A3B-Instruct-FP8,None
1081,Pie,Medium,3.6906840801239014,3.6906840801239014,1,0.0,0.0,0.0,0.0,0.0,0.0,0.0,0.0,0.0,0.0,1.0,0.0,0.0,True,Qwen/Qwen3-Coder-30B-A3B-Instruct-FP8,None
1081,Pie,Medium,3.6906840801239014,3.6906840801239014,1,0.0,0.0,0.0,0.0,0.0,0.0,0.0,0.0,0.0,0.0,1.0,0.0,0.0,True,Qwen/Qwen3-Coder-30B-A3B-Instruct-FP8,None
1082,Pie,Medium,3.6578257083892822,7.3156514167785645,2,0.0,0.0,0.0,0.0,0.0,0.0,0.0,0.0,0.0,0.0,1.0,0.0,0.0,True,Qwen/Qwen3-Coder-30B-A3B-Instruct-FP8,None
1082,Pie,Medium,3.6578257083892822,7.3156514167785645,2,0.0,0.0,0.0,0.0,0.0,0.0,0.0,0.0,0.0,0.0,1.0,0.0,0.0,True,Qwen/Qwen3-Coder-30B-A3B-Instruct-FP8,None
1082,Pie,Medium,3.6578257083892822,7.3156514167785645,2,0.0,0.0,0.0,0.0,0.0,0.0,0.0,0.0,0.0,0.0,1.0,0.0,0.0,True,Qwen/Qwen3-Coder-30B-A3B-Instruct-FP8,None
1088,Pie,Medium,3.4450643062591553,3.4450643062591553,1,0.0,0.0,0.0,0.0,0.0,0.0,0.0,0.0,0.0,0.0,1.0,0.0,0.0,True,Qwen/Qwen3-Coder-30B-A3B-Instruct-FP8,None
1088,Pie,Medium,3.4450643062591553,3.4450643062591553,1,0.0,0.0,0.0,0.0,0.0,0.0,0.0,0.0,0.0,0.0,1.0,0.0,0.0,True,Qwen/Qwen3-Coder-30B-A3B-Instruct-FP8,None
1088,Pie,Medium,3.4450643062591553,3.4450643062591553,1,0.0,0.0,0.0,0.0,0.0,0.0,0.0,0.0,0.0,0.0,1.0,0.0,0.0,True,Qwen/Qwen3-Coder-30B-A3B-Instruct-FP8,None
1090,Pie,Easy,2.27296781539917,4.54593563079834,2,0.0,0.0,0.0,0.0,0.0,0.0,0.0,0.0,0.0,0.0,1.0,0.0,0.0,False,Qwen/Qwen3-Coder-30B-A3B-Instruct-FP8,None
1090,Pie,Easy,2.27296781539917,4.54593563079834,2,0.0,0.0,0.0,0.0,0.0,0.0,0.0,0.0,0.0,0.0,1.0,0.0,0.0,False,Qwen/Qwen3-Coder-30B-A3B-Instruct-FP8,None
1090,Pie,Easy,2.27296781539917,4.54593563079834,2,0.0,0.0,0.0,0.0,0.0,0.0,0.0,0.0,0.0,0.0,1.0,0.0,0.0,False,Qwen/Qwen3-Coder-30B-A3B-Instruct-FP8,None
1104,Pie,Hard,3.735518217086792,3.735518217086792,1,0.0,0.0,0.0,0.0,1.0,0.0,0.0,0.0,0.0,1.0,0.0,,0.0,True,Qwen/Qwen3-Coder-30B-A3B-Instruct-FP8,None
1104,Pie,Hard,3.735518217086792,3.735518217086792,1,0.0,0.0,0.0,0.0,1.0,0.0,0.0,0.0,0.0,1.0,0.0,,0.0,True,Qwen/Qwen3-Coder-30B-A3B-Instruct-FP8,None
1104,Pie,Hard,3.735518217086792,3.735518217086792,1,0.0,0.0,0.0,0.0,1.0,0.0,0.0,0.0,0.0,1.0,0.0,,0.0,True,Qwen/Qwen3-Coder-30B-A3B-Instruct-FP8,None
1113,Bar,Easy,2.2773962020874023,2.2773962020874023,1,0.0,0.0,0.0,0.0,0.0,0.0,0.0,0.0,0.0,0.0,1.0,0.0,0.0,False,Qwen/Qwen3-Coder-30B-A3B-Instruct-FP8,None
1113,Bar,Easy,2.2773962020874023,2.2773962020874023,1,0.0,0.0,0.0,0.0,0.0,0.0,0.0,0.0,0.0,0.0,1.0,0.0,0.0,False,Qwen/Qwen3-Coder-30B-A3B-Instruct-FP8,None
1113,Bar,Easy,2.2773962020874023,2.2773962020874023,1,0.0,0.0,0.0,0.0,0.0,0.0,0.0,0.0,0.0,0.0,1.0,0.0,0.0,False,Qwen/Qwen3-Coder-30B-A3B-Instruct-FP8,None
1129,Bar,Easy,2.585874875386556,7.757624626159668,3,0.0,0.0,0.0,0.0,0.0,0.0,0.0,0.0,0.0,0.0,1.0,0.0,0.0,False,Qwen/Qwen3-Coder-30B-A3B-Instruct-FP8,None
1129,Bar,Easy,2.585874875386556,7.757624626159668,3,0.0,0.0,0.0,0.0,0.0,0.0,0.0,0.0,0.0,0.0,1.0,0.0,0.0,False,Qwen/Qwen3-Coder-30B-A3B-Instruct-FP8,None
1129,Bar,Easy,2.585874875386556,7.757624626159668,3,0.0,0.0,0.0,0.0,0.0,0.0,0.0,0.0,0.0,0.0,1.0,0.0,0.0,False,Qwen/Qwen3-Coder-30B-A3B-Instruct-FP8,None
1130,Bar,Easy,2.593374331792196,7.780122995376587,3,0.0,0.0,0.0,0.0,0.0,0.0,0.0,0.0,0.0,0.0,1.0,0.0,0.0,False,Qwen/Qwen3-Coder-30B-A3B-Instruct-FP8,None
1130,Bar,Easy,2.593374331792196,7.780122995376587,3,0.0,0.0,0.0,0.0,0.0,0.0,0.0,0.0,0.0,0.0,1.0,0.0,0.0,False,Qwen/Qwen3-Coder-30B-A3B-Instruct-FP8,None
1130,Bar,Easy,2.593374331792196,7.780122995376587,3,0.0,0.0,0.0,0.0,0.0,0.0,0.0,0.0,0.0,0.0,1.0,0.0,0.0,False,Qwen/Qwen3-Coder-30B-A3B-Instruct-FP8,None
1133,Grouping Scatter,Easy,3.100706458091736,6.201412916183472,2,0.0,0.0,0.0,0.0,0.0,0.0,0.0,0.0,0.0,0.0,1.0,0.0,0.0,False,Qwen/Qwen3-Coder-30B-A3B-Instruct-FP8,None
1133,Grouping Scatter,Easy,3.100706458091736,6.201412916183472,2,0.0,0.0,0.0,0.0,0.0,0.0,0.0,0.0,0.0,0.0,1.0,0.0,0.0,False,Qwen/Qwen3-Coder-30B-A3B-Instruct-FP8,None
1133,Grouping Scatter,Easy,3.100706458091736,6.201412916183472,2,0.0,0.0,0.0,0.0,0.0,0.0,0.0,0.0,0.0,0.0,1.0,0.0,0.0,False,Qwen/Qwen3-Coder-30B-A3B-Instruct-FP8,None
1152,Bar,Easy,2.0419039726257324,8.16761589050293,4,0.0,0.0,0.0,0.0,0.0,0.0,0.0,0.0,0.0,0.0,1.0,0.0,0.0,False,Qwen/Qwen3-Coder-30B-A3B-Instruct-FP8,None
1152,Bar,Easy,2.0419039726257324,8.16761589050293,4,0.0,0.0,0.0,0.0,0.0,0.0,0.0,0.0,0.0,0.0,1.0,0.0,0.0,False,Qwen/Qwen3-Coder-30B-A3B-Instruct-FP8,None
1152,Bar,Easy,2.0419039726257324,8.16761589050293,4,0.0,0.0,0.0,0.0,0.0,0.0,0.0,0.0,0.0,0.0,1.0,0.0,0.0,False,Qwen/Qwen3-Coder-30B-A3B-Instruct-FP8,None
1153,Bar,Easy,2.260751644770304,6.782254934310913,3,0.0,0.0,0.0,0.0,0.0,0.0,0.0,0.0,0.0,0.0,1.0,0.0,0.0,False,Qwen/Qwen3-Coder-30B-A3B-Instruct-FP8,None
1153,Bar,Easy,2.260751644770304,6.782254934310913,3,0.0,0.0,0.0,0.0,0.0,0.0,0.0,0.0,0.0,0.0,1.0,0.0,0.0,False,Qwen/Qwen3-Coder-30B-A3B-Instruct-FP8,None
1153,Bar,Easy,2.260751644770304,6.782254934310913,3,0.0,0.0,0.0,0.0,0.0,0.0,0.0,0.0,0.0,0.0,1.0,0.0,0.0,False,Qwen/Qwen3-Coder-30B-A3B-Instruct-FP8,None
1172,Grouping Scatter,Medium,8.651201844215393,17.302403688430786,2,0.0,0.0,0.0,0.0,0.0,0.0,0.0,0.0,0.0,0.0,1.0,0.0,0.0,False,Qwen/Qwen3-Coder-30B-A3B-Instruct-FP8,None
1172,Grouping Scatter,Medium,8.651201844215393,17.302403688430786,2,0.0,0.0,0.0,0.0,0.0,0.0,0.0,0.0,0.0,0.0,1.0,0.0,0.0,False,Qwen/Qwen3-Coder-30B-A3B-Instruct-FP8,None
1172,Grouping Scatter,Medium,8.651201844215393,17.302403688430786,2,0.0,0.0,0.0,0.0,0.0,0.0,0.0,0.0,0.0,0.0,1.0,0.0,0.0,False,Qwen/Qwen3-Coder-30B-A3B-Instruct-FP8,None
1182,Bar,Easy,2.4247597455978394,4.849519491195679,2,0.0,0.0,0.0,0.0,1.0,0.0,0.0,0.0,0.0,1.0,0.0,,0.0,False,Qwen/Qwen3-Coder-30B-A3B-Instruct-FP8,None
1182,Bar,Easy,2.4247597455978394,4.849519491195679,2,0.0,0.0,0.0,0.0,1.0,0.0,0.0,0.0,0.0,1.0,0.0,,0.0,False,Qwen/Qwen3-Coder-30B-A3B-Instruct-FP8,None
1182,Bar,Easy,2.4247597455978394,4.849519491195679,2,0.0,0.0,0.0,0.0,1.0,0.0,0.0,0.0,0.0,1.0,0.0,,0.0,False,Qwen/Qwen3-Coder-30B-A3B-Instruct-FP8,None
1187,Bar,Medium,3.855175018310547,7.710350036621094,2,0.0,0.0,0.0,0.0,0.5,0.0,0.0,0.0,0.0,0.5,0.5,0.0,0.0,True,Qwen/Qwen3-Coder-30B-A3B-Instruct-FP8,None
1187,Bar,Medium,3.855175018310547,7.710350036621094,2,0.0,0.0,0.0,0.0,0.5,0.0,0.0,0.0,0.0,0.5,0.5,0.0,0.0,True,Qwen/Qwen3-Coder-30B-A3B-Instruct-FP8,None
1187,Bar,Medium,3.855175018310547,7.710350036621094,2,0.0,0.0,0.0,0.0,0.5,0.0,0.0,0.0,0.0,0.5,0.5,0.0,0.0,True,Qwen/Qwen3-Coder-30B-A3B-Instruct-FP8,None
1188,Bar,Medium,3.7379099130630493,7.475819826126099,2,0.0,0.0,0.0,0.0,1.0,0.0,0.0,0.0,0.0,1.0,0.0,,0.0,True,Qwen/Qwen3-Coder-30B-A3B-Instruct-FP8,None
1188,Bar,Medium,3.7379099130630493,7.475819826126099,2,0.0,0.0,0.0,0.0,1.0,0.0,0.0,0.0,0.0,1.0,0.0,,0.0,True,Qwen/Qwen3-Coder-30B-A3B-Instruct-FP8,None
1188,Bar,Medium,3.7379099130630493,7.475819826126099,2,0.0,0.0,0.0,0.0,1.0,0.0,0.0,0.0,0.0,1.0,0.0,,0.0,True,Qwen/Qwen3-Coder-30B-A3B-Instruct-FP8,None
1192,Line,Medium,3.83001172542572,7.66002345085144,2,0.0,0.0,0.0,0.0,0.0,0.0,0.0,0.0,0.0,0.0,1.0,0.0,0.0,True,Qwen/Qwen3-Coder-30B-A3B-Instruct-FP8,None
1192,Line,Medium,3.83001172542572,7.66002345085144,2,0.0,0.0,0.0,0.0,0.0,0.0,0.0,0.0,0.0,0.0,1.0,0.0,0.0,True,Qwen/Qwen3-Coder-30B-A3B-Instruct-FP8,None
1192,Line,Medium,3.83001172542572,7.66002345085144,2,0.0,0.0,0.0,0.0,0.0,0.0,0.0,0.0,0.0,0.0,1.0,0.0,0.0,True,Qwen/Qwen3-Coder-30B-A3B-Instruct-FP8,None
1198,Pie,Medium,9.61556307474772,28.846689224243164,3,0.0,0.0,0.0,0.0,0.0,0.0,0.0,0.0,0.0,0.0,1.0,0.0,0.0,True,Qwen/Qwen3-Coder-30B-A3B-Instruct-FP8,None
1198,Pie,Medium,9.61556307474772,28.846689224243164,3,0.0,0.0,0.0,0.0,0.0,0.0,0.0,0.0,0.0,0.0,1.0,0.0,0.0,True,Qwen/Qwen3-Coder-30B-A3B-Instruct-FP8,None
1198,Pie,Medium,9.61556307474772,28.846689224243164,3,0.0,0.0,0.0,0.0,0.0,0.0,0.0,0.0,0.0,0.0,1.0,0.0,0.0,True,Qwen/Qwen3-Coder-30B-A3B-Instruct-FP8,None
1204,Bar,Medium,3.6379531621932983,7.275906324386597,2,0.0,0.0,0.0,0.0,0.0,0.0,0.0,0.0,0.0,0.0,1.0,0.0,0.0,True,Qwen/Qwen3-Coder-30B-A3B-Instruct-FP8,None
1204,Bar,Medium,3.6379531621932983,7.275906324386597,2,0.0,0.0,0.0,0.0,0.0,0.0,0.0,0.0,0.0,0.0,1.0,0.0,0.0,True,Qwen/Qwen3-Coder-30B-A3B-Instruct-FP8,None
1204,Bar,Medium,3.6379531621932983,7.275906324386597,2,0.0,0.0,0.0,0.0,0.0,0.0,0.0,0.0,0.0,0.0,1.0,0.0,0.0,True,Qwen/Qwen3-Coder-30B-A3B-Instruct-FP8,None
1211,Bar,Easy,2.8668638865152993,8.600591659545898,3,0.0,0.0,0.0,0.0,0.0,0.0,0.0,0.0,0.0,0.0,1.0,0.0,0.0,False,Qwen/Qwen3-Coder-30B-A3B-Instruct-FP8,None
1211,Bar,Easy,2.8668638865152993,8.600591659545898,3,0.0,0.0,0.0,0.0,0.0,0.0,0.0,0.0,0.0,0.0,1.0,0.0,0.0,False,Qwen/Qwen3-Coder-30B-A3B-Instruct-FP8,None
1211,Bar,Easy,2.8668638865152993,8.600591659545898,3,0.0,0.0,0.0,0.0,0.0,0.0,0.0,0.0,0.0,0.0,1.0,0.0,0.0,False,Qwen/Qwen3-Coder-30B-A3B-Instruct-FP8,None
1213,Pie,Easy,3.1300044854482016,9.390013456344604,3,0.0,0.0,0.0,0.0,0.0,0.0,0.0,0.0,0.0,0.0,1.0,0.0,0.0,False,Qwen/Qwen3-Coder-30B-A3B-Instruct-FP8,None
1213,Pie,Easy,3.1300044854482016,9.390013456344604,3,0.0,0.0,0.0,0.0,0.0,0.0,0.0,0.0,0.0,0.0,1.0,0.0,0.0,False,Qwen/Qwen3-Coder-30B-A3B-Instruct-FP8,None
1213,Pie,Easy,3.1300044854482016,9.390013456344604,3,0.0,0.0,0.0,0.0,0.0,0.0,0.0,0.0,0.0,0.0,1.0,0.0,0.0,False,Qwen/Qwen3-Coder-30B-A3B-Instruct-FP8,None
1214,Grouping Scatter,Medium,2.4939167499542236,2.4939167499542236,1,0.0,0.0,0.0,0.0,0.0,0.0,0.0,0.0,0.0,0.0,1.0,0.0,0.0,False,Qwen/Qwen3-Coder-30B-A3B-Instruct-FP8,None
1214,Grouping Scatter,Medium,2.4939167499542236,2.4939167499542236,1,0.0,0.0,0.0,0.0,0.0,0.0,0.0,0.0,0.0,0.0,1.0,0.0,0.0,False,Qwen/Qwen3-Coder-30B-A3B-Instruct-FP8,None
1214,Grouping Scatter,Medium,2.4939167499542236,2.4939167499542236,1,0.0,0.0,0.0,0.0,0.0,0.0,0.0,0.0,0.0,0.0,1.0,0.0,0.0,False,Qwen/Qwen3-Coder-30B-A3B-Instruct-FP8,None
1216,Pie,Hard,4.91149228811264,19.64596915245056,4,0.0,0.0,0.0,0.0,0.0,0.0,0.0,0.0,0.0,0.0,1.0,0.0,0.0,True,Qwen/Qwen3-Coder-30B-A3B-Instruct-FP8,None
1216,Pie,Hard,4.91149228811264,19.64596915245056,4,0.0,0.0,0.0,0.0,0.0,0.0,0.0,0.0,0.0,0.0,1.0,0.0,0.0,True,Qwen/Qwen3-Coder-30B-A3B-Instruct-FP8,None
1216,Pie,Hard,4.91149228811264,19.64596915245056,4,0.0,0.0,0.0,0.0,0.0,0.0,0.0,0.0,0.0,0.0,1.0,0.0,0.0,True,Qwen/Qwen3-Coder-30B-A3B-Instruct-FP8,None
1223,Pie,Hard,16.41589653491974,32.83179306983948,2,1.0,0.0,0.0,0.0,0.0,0.0,0.0,0.0,1.0,0.0,0.0,,0.0,True,Qwen/Qwen3-Coder-30B-A3B-Instruct-FP8,None
1223,Pie,Hard,16.41589653491974,32.83179306983948,2,1.0,0.0,0.0,0.0,0.0,0.0,0.0,0.0,1.0,0.0,0.0,,0.0,True,Qwen/Qwen3-Coder-30B-A3B-Instruct-FP8,None
1223,Pie,Hard,16.41589653491974,32.83179306983948,2,1.0,0.0,0.0,0.0,0.0,0.0,0.0,0.0,1.0,0.0,0.0,,0.0,True,Qwen/Qwen3-Coder-30B-A3B-Instruct-FP8,None
1229,Bar,Easy,2.0714612007141113,2.0714612007141113,1,0.0,0.0,0.0,0.0,0.0,0.0,0.0,0.0,0.0,0.0,1.0,0.0,0.0,False,Qwen/Qwen3-Coder-30B-A3B-Instruct-FP8,None
1229,Bar,Easy,2.0714612007141113,2.0714612007141113,1,0.0,0.0,0.0,0.0,0.0,0.0,0.0,0.0,0.0,0.0,1.0,0.0,0.0,False,Qwen/Qwen3-Coder-30B-A3B-Instruct-FP8,None
1229,Bar,Easy,2.0714612007141113,2.0714612007141113,1,0.0,0.0,0.0,0.0,0.0,0.0,0.0,0.0,0.0,0.0,1.0,0.0,0.0,False,Qwen/Qwen3-Coder-30B-A3B-Instruct-FP8,None
1232,Bar,Easy,2.5442658265431723,7.632797479629517,3,0.0,0.0,0.0,0.0,0.0,0.0,0.0,0.0,0.0,0.0,1.0,0.0,0.0,False,Qwen/Qwen3-Coder-30B-A3B-Instruct-FP8,None
1232,Bar,Easy,2.5442658265431723,7.632797479629517,3,0.0,0.0,0.0,0.0,0.0,0.0,0.0,0.0,0.0,0.0,1.0,0.0,0.0,False,Qwen/Qwen3-Coder-30B-A3B-Instruct-FP8,None
1232,Bar,Easy,2.5442658265431723,7.632797479629517,3,0.0,0.0,0.0,0.0,0.0,0.0,0.0,0.0,0.0,0.0,1.0,0.0,0.0,False,Qwen/Qwen3-Coder-30B-A3B-Instruct-FP8,None
1233,Bar,Easy,2.348509359359741,11.742546796798706,5,0.0,0.0,0.0,0.0,0.0,0.0,0.0,0.0,0.0,0.0,1.0,0.0,0.0,False,Qwen/Qwen3-Coder-30B-A3B-Instruct-FP8,None
1233,Bar,Easy,2.348509359359741,11.742546796798706,5,0.0,0.0,0.0,0.0,0.0,0.0,0.0,0.0,0.0,0.0,1.0,0.0,0.0,False,Qwen/Qwen3-Coder-30B-A3B-Instruct-FP8,None
1233,Bar,Easy,2.348509359359741,11.742546796798706,5,0.0,0.0,0.0,0.0,0.0,0.0,0.0,0.0,0.0,0.0,1.0,0.0,0.0,False,Qwen/Qwen3-Coder-30B-A3B-Instruct-FP8,None
1234,Pie,Medium,2.668607711791992,8.005823135375977,3,0.0,0.0,0.0,0.0,0.0,0.0,0.0,0.0,0.0,0.0,1.0,0.0,0.0,False,Qwen/Qwen3-Coder-30B-A3B-Instruct-FP8,None
1234,Pie,Medium,2.668607711791992,8.005823135375977,3,0.0,0.0,0.0,0.0,0.0,0.0,0.0,0.0,0.0,0.0,1.0,0.0,0.0,False,Qwen/Qwen3-Coder-30B-A3B-Instruct-FP8,None
1234,Pie,Medium,2.668607711791992,8.005823135375977,3,0.0,0.0,0.0,0.0,0.0,0.0,0.0,0.0,0.0,0.0,1.0,0.0,0.0,False,Qwen/Qwen3-Coder-30B-A3B-Instruct-FP8,None
1236,Pie,Easy,1.8315753936767578,3.6631507873535156,2,0.0,0.0,0.0,0.0,0.0,0.0,0.0,0.0,0.0,0.0,1.0,0.0,0.0,False,Qwen/Qwen3-Coder-30B-A3B-Instruct-FP8,None
1236,Pie,Easy,1.8315753936767578,3.6631507873535156,2,0.0,0.0,0.0,0.0,0.0,0.0,0.0,0.0,0.0,0.0,1.0,0.0,0.0,False,Qwen/Qwen3-Coder-30B-A3B-Instruct-FP8,None
1236,Pie,Easy,1.8315753936767578,3.6631507873535156,2,0.0,0.0,0.0,0.0,0.0,0.0,0.0,0.0,0.0,0.0,1.0,0.0,0.0,False,Qwen/Qwen3-Coder-30B-A3B-Instruct-FP8,None
1241,Grouping Scatter,Easy,1.911858320236206,3.823716640472412,2,0.0,0.0,0.0,0.0,0.0,0.0,0.0,0.0,0.0,0.0,1.0,0.0,0.0,False,Qwen/Qwen3-Coder-30B-A3B-Instruct-FP8,None
1241,Grouping Scatter,Easy,1.911858320236206,3.823716640472412,2,0.0,0.0,0.0,0.0,0.0,0.0,0.0,0.0,0.0,0.0,1.0,0.0,0.0,False,Qwen/Qwen3-Coder-30B-A3B-Instruct-FP8,None
1241,Grouping Scatter,Easy,1.911858320236206,3.823716640472412,2,0.0,0.0,0.0,0.0,0.0,0.0,0.0,0.0,0.0,0.0,1.0,0.0,0.0,False,Qwen/Qwen3-Coder-30B-A3B-Instruct-FP8,None
1274,Pie,Medium,2.0798799991607666,2.0798799991607666,1,0.0,0.0,0.0,0.0,0.0,0.0,0.0,0.0,0.0,0.0,1.0,0.0,0.0,False,Qwen/Qwen3-Coder-30B-A3B-Instruct-FP8,None
1274,Pie,Medium,2.0798799991607666,2.0798799991607666,1,0.0,0.0,0.0,0.0,0.0,0.0,0.0,0.0,0.0,0.0,1.0,0.0,0.0,False,Qwen/Qwen3-Coder-30B-A3B-Instruct-FP8,None
1274,Pie,Medium,2.0798799991607666,2.0798799991607666,1,0.0,0.0,0.0,0.0,0.0,0.0,0.0,0.0,0.0,0.0,1.0,0.0,0.0,False,Qwen/Qwen3-Coder-30B-A3B-Instruct-FP8,None
1275,Bar,Medium,2.168792963027954,4.337585926055908,2,0.0,0.0,0.0,0.0,0.0,0.0,0.0,0.0,0.0,0.0,1.0,0.0,0.0,False,Qwen/Qwen3-Coder-30B-A3B-Instruct-FP8,None
1275,Bar,Medium,2.168792963027954,4.337585926055908,2,0.0,0.0,0.0,0.0,0.0,0.0,0.0,0.0,0.0,0.0,1.0,0.0,0.0,False,Qwen/Qwen3-Coder-30B-A3B-Instruct-FP8,None
1275,Bar,Medium,2.168792963027954,4.337585926055908,2,0.0,0.0,0.0,0.0,0.0,0.0,0.0,0.0,0.0,0.0,1.0,0.0,0.0,False,Qwen/Qwen3-Coder-30B-A3B-Instruct-FP8,None
1277,Pie,Medium,3.1130738258361816,6.226147651672363,2,0.0,0.0,0.0,0.0,0.0,0.0,0.0,0.0,0.0,0.0,1.0,0.0,0.0,True,Qwen/Qwen3-Coder-30B-A3B-Instruct-FP8,None
1277,Pie,Medium,3.1130738258361816,6.226147651672363,2,0.0,0.0,0.0,0.0,0.0,0.0,0.0,0.0,0.0,0.0,1.0,0.0,0.0,True,Qwen/Qwen3-Coder-30B-A3B-Instruct-FP8,None
1277,Pie,Medium,3.1130738258361816,6.226147651672363,2,0.0,0.0,0.0,0.0,0.0,0.0,0.0,0.0,0.0,0.0,1.0,0.0,0.0,True,Qwen/Qwen3-Coder-30B-A3B-Instruct-FP8,None
1285,Line,Medium,3.7083141803741455,3.7083141803741455,1,0.0,0.0,0.0,0.0,0.0,0.0,0.0,0.0,0.0,0.0,1.0,0.0,0.0,False,Qwen/Qwen3-Coder-30B-A3B-Instruct-FP8,None
1285,Line,Medium,3.7083141803741455,3.7083141803741455,1,0.0,0.0,0.0,0.0,0.0,0.0,0.0,0.0,0.0,0.0,1.0,0.0,0.0,False,Qwen/Qwen3-Coder-30B-A3B-Instruct-FP8,None
1285,Line,Medium,3.7083141803741455,3.7083141803741455,1,0.0,0.0,0.0,0.0,0.0,0.0,0.0,0.0,0.0,0.0,1.0,0.0,0.0,False,Qwen/Qwen3-Coder-30B-A3B-Instruct-FP8,None
1288,Pie,Medium,3.1055692434310913,6.211138486862183,2,0.0,0.0,0.0,0.0,0.0,0.0,0.0,0.0,0.0,0.0,1.0,0.0,0.0,True,Qwen/Qwen3-Coder-30B-A3B-Instruct-FP8,None
1288,Pie,Medium,3.1055692434310913,6.211138486862183,2,0.0,0.0,0.0,0.0,0.0,0.0,0.0,0.0,0.0,0.0,1.0,0.0,0.0,True,Qwen/Qwen3-Coder-30B-A3B-Instruct-FP8,None
1288,Pie,Medium,3.1055692434310913,6.211138486862183,2,0.0,0.0,0.0,0.0,0.0,0.0,0.0,0.0,0.0,0.0,1.0,0.0,0.0,True,Qwen/Qwen3-Coder-30B-A3B-Instruct-FP8,None
1296,Bar,Easy,2.287585735321045,4.57517147064209,2,0.0,0.0,0.0,0.0,0.0,0.0,0.0,0.0,0.0,0.0,1.0,0.0,0.0,False,Qwen/Qwen3-Coder-30B-A3B-Instruct-FP8,None
1296,Bar,Easy,2.287585735321045,4.57517147064209,2,0.0,0.0,0.0,0.0,0.0,0.0,0.0,0.0,0.0,0.0,1.0,0.0,0.0,False,Qwen/Qwen3-Coder-30B-A3B-Instruct-FP8,None
1296,Bar,Easy,2.287585735321045,4.57517147064209,2,0.0,0.0,0.0,0.0,0.0,0.0,0.0,0.0,0.0,0.0,1.0,0.0,0.0,False,Qwen/Qwen3-Coder-30B-A3B-Instruct-FP8,None
1297,Bar,Easy,2.323358416557312,4.646716833114624,2,0.0,0.0,0.0,0.0,0.0,0.0,0.0,0.0,0.0,0.0,1.0,0.0,0.0,False,Qwen/Qwen3-Coder-30B-A3B-Instruct-FP8,None
1297,Bar,Easy,2.323358416557312,4.646716833114624,2,0.0,0.0,0.0,0.0,0.0,0.0,0.0,0.0,0.0,0.0,1.0,0.0,0.0,False,Qwen/Qwen3-Coder-30B-A3B-Instruct-FP8,None
1297,Bar,Easy,2.323358416557312,4.646716833114624,2,0.0,0.0,0.0,0.0,0.0,0.0,0.0,0.0,0.0,0.0,1.0,0.0,0.0,False,Qwen/Qwen3-Coder-30B-A3B-Instruct-FP8,None
1303,Pie,Easy,2.8866283098856607,8.659884929656982,3,0.0,0.0,0.0,0.0,0.0,0.0,0.0,0.0,0.0,0.0,1.0,0.0,0.0,False,Qwen/Qwen3-Coder-30B-A3B-Instruct-FP8,None
1303,Pie,Easy,2.8866283098856607,8.659884929656982,3,0.0,0.0,0.0,0.0,0.0,0.0,0.0,0.0,0.0,0.0,1.0,0.0,0.0,False,Qwen/Qwen3-Coder-30B-A3B-Instruct-FP8,None
1303,Pie,Easy,2.8866283098856607,8.659884929656982,3,0.0,0.0,0.0,0.0,0.0,0.0,0.0,0.0,0.0,0.0,1.0,0.0,0.0,False,Qwen/Qwen3-Coder-30B-A3B-Instruct-FP8,None
1309,Pie,Medium,3.856471538543701,3.856471538543701,1,0.0,0.0,0.0,0.0,0.0,0.0,0.0,0.0,0.0,0.0,1.0,0.0,0.0,True,Qwen/Qwen3-Coder-30B-A3B-Instruct-FP8,None
1309,Pie,Medium,3.856471538543701,3.856471538543701,1,0.0,0.0,0.0,0.0,0.0,0.0,0.0,0.0,0.0,0.0,1.0,0.0,0.0,True,Qwen/Qwen3-Coder-30B-A3B-Instruct-FP8,None
1309,Pie,Medium,3.856471538543701,3.856471538543701,1,0.0,0.0,0.0,0.0,0.0,0.0,0.0,0.0,0.0,0.0,1.0,0.0,0.0,True,Qwen/Qwen3-Coder-30B-A3B-Instruct-FP8,None
1310,Pie,Medium,3.233820676803589,6.467641353607178,2,0.0,0.0,0.0,0.0,0.5,0.0,0.0,0.0,0.0,0.5,0.5,0.0,0.0,True,Qwen/Qwen3-Coder-30B-A3B-Instruct-FP8,None
1310,Pie,Medium,3.233820676803589,6.467641353607178,2,0.0,0.0,0.0,0.0,0.5,0.0,0.0,0.0,0.0,0.5,0.5,0.0,0.0,True,Qwen/Qwen3-Coder-30B-A3B-Instruct-FP8,None
1310,Pie,Medium,3.233820676803589,6.467641353607178,2,0.0,0.0,0.0,0.0,0.5,0.0,0.0,0.0,0.0,0.5,0.5,0.0,0.0,True,Qwen/Qwen3-Coder-30B-A3B-Instruct-FP8,None
1314,Pie,Medium,9.532809734344482,9.532809734344482,1,0.0,0.0,0.0,1.0,1.0,0.0,0.0,0.0,0.0,1.0,0.0,,0.0,True,Qwen/Qwen3-Coder-30B-A3B-Instruct-FP8,None
1314,Pie,Medium,9.532809734344482,9.532809734344482,1,0.0,0.0,0.0,1.0,1.0,0.0,0.0,0.0,0.0,1.0,0.0,,0.0,True,Qwen/Qwen3-Coder-30B-A3B-Instruct-FP8,None
1314,Pie,Medium,9.532809734344482,9.532809734344482,1,0.0,0.0,0.0,1.0,1.0,0.0,0.0,0.0,0.0,1.0,0.0,,0.0,True,Qwen/Qwen3-Coder-30B-A3B-Instruct-FP8,None
1316,Pie,Hard,3.4626872539520264,6.925374507904053,2,0.0,0.0,0.0,0.0,0.0,0.0,0.0,0.0,0.0,0.0,1.0,0.0,0.0,True,Qwen/Qwen3-Coder-30B-A3B-Instruct-FP8,None
1316,Pie,Hard,3.4626872539520264,6.925374507904053,2,0.0,0.0,0.0,0.0,0.0,0.0,0.0,0.0,0.0,0.0,1.0,0.0,0.0,True,Qwen/Qwen3-Coder-30B-A3B-Instruct-FP8,None
1316,Pie,Hard,3.4626872539520264,6.925374507904053,2,0.0,0.0,0.0,0.0,0.0,0.0,0.0,0.0,0.0,0.0,1.0,0.0,0.0,True,Qwen/Qwen3-Coder-30B-A3B-Instruct-FP8,None
1317,Bar,Hard,3.7192327976226807,7.438465595245361,2,0.0,0.0,0.0,0.0,0.0,0.0,0.0,0.0,0.0,0.0,1.0,0.0,0.0,True,Qwen/Qwen3-Coder-30B-A3B-Instruct-FP8,None
1317,Bar,Hard,3.7192327976226807,7.438465595245361,2,0.0,0.0,0.0,0.0,0.0,0.0,0.0,0.0,0.0,0.0,1.0,0.0,0.0,True,Qwen/Qwen3-Coder-30B-A3B-Instruct-FP8,None
1317,Bar,Hard,3.7192327976226807,7.438465595245361,2,0.0,0.0,0.0,0.0,0.0,0.0,0.0,0.0,0.0,0.0,1.0,0.0,0.0,True,Qwen/Qwen3-Coder-30B-A3B-Instruct-FP8,None
1318,Pie,Hard,3.365961790084839,3.365961790084839,1,0.0,0.0,0.0,0.0,0.0,0.0,0.0,0.0,0.0,0.0,1.0,0.0,0.0,True,Qwen/Qwen3-Coder-30B-A3B-Instruct-FP8,None
1318,Pie,Hard,3.365961790084839,3.365961790084839,1,0.0,0.0,0.0,0.0,0.0,0.0,0.0,0.0,0.0,0.0,1.0,0.0,0.0,True,Qwen/Qwen3-Coder-30B-A3B-Instruct-FP8,None
1318,Pie,Hard,3.365961790084839,3.365961790084839,1,0.0,0.0,0.0,0.0,0.0,0.0,0.0,0.0,0.0,0.0,1.0,0.0,0.0,True,Qwen/Qwen3-Coder-30B-A3B-Instruct-FP8,None
1319,Bar,Hard,3.3233022689819336,3.3233022689819336,1,0.0,0.0,0.0,0.0,0.0,0.0,0.0,0.0,0.0,0.0,1.0,0.0,0.0,True,Qwen/Qwen3-Coder-30B-A3B-Instruct-FP8,None
1319,Bar,Hard,3.3233022689819336,3.3233022689819336,1,0.0,0.0,0.0,0.0,0.0,0.0,0.0,0.0,0.0,0.0,1.0,0.0,0.0,True,Qwen/Qwen3-Coder-30B-A3B-Instruct-FP8,None
1319,Bar,Hard,3.3233022689819336,3.3233022689819336,1,0.0,0.0,0.0,0.0,0.0,0.0,0.0,0.0,0.0,0.0,1.0,0.0,0.0,True,Qwen/Qwen3-Coder-30B-A3B-Instruct-FP8,None
1325,Pie,Easy,6.832892179489136,13.665784358978271,2,0.0,0.0,0.0,0.0,0.5,0.0,0.0,0.0,0.0,0.5,0.5,0.0,0.0,False,Qwen/Qwen3-Coder-30B-A3B-Instruct-FP8,None
1325,Pie,Easy,6.832892179489136,13.665784358978271,2,0.0,0.0,0.0,0.0,0.5,0.0,0.0,0.0,0.0,0.5,0.5,0.0,0.0,False,Qwen/Qwen3-Coder-30B-A3B-Instruct-FP8,None
1325,Pie,Easy,6.832892179489136,13.665784358978271,2,0.0,0.0,0.0,0.0,0.5,0.0,0.0,0.0,0.0,0.5,0.5,0.0,0.0,False,Qwen/Qwen3-Coder-30B-A3B-Instruct-FP8,None
1326,Bar,Easy,9.28122866153717,18.56245732307434,2,0.0,0.0,0.0,0.0,0.5,0.0,0.0,0.0,0.0,0.5,0.5,0.0,0.0,False,Qwen/Qwen3-Coder-30B-A3B-Instruct-FP8,None
1326,Bar,Easy,9.28122866153717,18.56245732307434,2,0.0,0.0,0.0,0.0,0.5,0.0,0.0,0.0,0.0,0.5,0.5,0.0,0.0,False,Qwen/Qwen3-Coder-30B-A3B-Instruct-FP8,None
1326,Bar,Easy,9.28122866153717,18.56245732307434,2,0.0,0.0,0.0,0.0,0.5,0.0,0.0,0.0,0.0,0.5,0.5,0.0,0.0,False,Qwen/Qwen3-Coder-30B-A3B-Instruct-FP8,None
1354,Pie,Easy,1.8904855847358704,7.5619423389434814,4,0.0,0.0,0.0,0.0,0.0,0.0,0.0,0.0,0.0,0.0,1.0,0.0,0.0,False,Qwen/Qwen3-Coder-30B-A3B-Instruct-FP8,None
1354,Pie,Easy,1.8904855847358704,7.5619423389434814,4,0.0,0.0,0.0,0.0,0.0,0.0,0.0,0.0,0.0,0.0,1.0,0.0,0.0,False,Qwen/Qwen3-Coder-30B-A3B-Instruct-FP8,None
1354,Pie,Easy,1.8904855847358704,7.5619423389434814,4,0.0,0.0,0.0,0.0,0.0,0.0,0.0,0.0,0.0,0.0,1.0,0.0,0.0,False,Qwen/Qwen3-Coder-30B-A3B-Instruct-FP8,None
1363,Bar,Easy,2.205686926841736,8.822747707366943,4,0.0,0.0,0.0,0.0,0.0,0.0,0.0,0.0,0.0,0.0,1.0,0.0,0.0,False,Qwen/Qwen3-Coder-30B-A3B-Instruct-FP8,None
1363,Bar,Easy,2.205686926841736,8.822747707366943,4,0.0,0.0,0.0,0.0,0.0,0.0,0.0,0.0,0.0,0.0,1.0,0.0,0.0,False,Qwen/Qwen3-Coder-30B-A3B-Instruct-FP8,None
1363,Bar,Easy,2.205686926841736,8.822747707366943,4,0.0,0.0,0.0,0.0,0.0,0.0,0.0,0.0,0.0,0.0,1.0,0.0,0.0,False,Qwen/Qwen3-Coder-30B-A3B-Instruct-FP8,None
1376,Pie,Medium,3.165065288543701,3.165065288543701,1,0.0,0.0,0.0,0.0,0.0,0.0,0.0,0.0,0.0,0.0,1.0,0.0,0.0,True,Qwen/Qwen3-Coder-30B-A3B-Instruct-FP8,None
1376,Pie,Medium,3.165065288543701,3.165065288543701,1,0.0,0.0,0.0,0.0,0.0,0.0,0.0,0.0,0.0,0.0,1.0,0.0,0.0,True,Qwen/Qwen3-Coder-30B-A3B-Instruct-FP8,None
1376,Pie,Medium,3.165065288543701,3.165065288543701,1,0.0,0.0,0.0,0.0,0.0,0.0,0.0,0.0,0.0,0.0,1.0,0.0,0.0,True,Qwen/Qwen3-Coder-30B-A3B-Instruct-FP8,None
1377,Bar,Medium,3.3142333030700684,3.3142333030700684,1,0.0,0.0,0.0,0.0,0.0,0.0,0.0,0.0,0.0,0.0,1.0,0.0,0.0,True,Qwen/Qwen3-Coder-30B-A3B-Instruct-FP8,None
1377,Bar,Medium,3.3142333030700684,3.3142333030700684,1,0.0,0.0,0.0,0.0,0.0,0.0,0.0,0.0,0.0,0.0,1.0,0.0,0.0,True,Qwen/Qwen3-Coder-30B-A3B-Instruct-FP8,None
1377,Bar,Medium,3.3142333030700684,3.3142333030700684,1,0.0,0.0,0.0,0.0,0.0,0.0,0.0,0.0,0.0,0.0,1.0,0.0,0.0,True,Qwen/Qwen3-Coder-30B-A3B-Instruct-FP8,None
1379,Pie,Medium,3.9006800651550293,3.9006800651550293,1,0.0,0.0,0.0,0.0,0.0,0.0,0.0,0.0,0.0,0.0,1.0,0.0,0.0,True,Qwen/Qwen3-Coder-30B-A3B-Instruct-FP8,None
1379,Pie,Medium,3.9006800651550293,3.9006800651550293,1,0.0,0.0,0.0,0.0,0.0,0.0,0.0,0.0,0.0,0.0,1.0,0.0,0.0,True,Qwen/Qwen3-Coder-30B-A3B-Instruct-FP8,None
1379,Pie,Medium,3.9006800651550293,3.9006800651550293,1,0.0,0.0,0.0,0.0,0.0,0.0,0.0,0.0,0.0,0.0,1.0,0.0,0.0,True,Qwen/Qwen3-Coder-30B-A3B-Instruct-FP8,None
1381,Pie,Medium,3.2902700901031494,3.2902700901031494,1,0.0,0.0,0.0,0.0,0.0,0.0,0.0,0.0,0.0,0.0,1.0,0.0,0.0,True,Qwen/Qwen3-Coder-30B-A3B-Instruct-FP8,None
1381,Pie,Medium,3.2902700901031494,3.2902700901031494,1,0.0,0.0,0.0,0.0,0.0,0.0,0.0,0.0,0.0,0.0,1.0,0.0,0.0,True,Qwen/Qwen3-Coder-30B-A3B-Instruct-FP8,None
1381,Pie,Medium,3.2902700901031494,3.2902700901031494,1,0.0,0.0,0.0,0.0,0.0,0.0,0.0,0.0,0.0,0.0,1.0,0.0,0.0,True,Qwen/Qwen3-Coder-30B-A3B-Instruct-FP8,None
1383,Pie,Easy,2.190399646759033,2.190399646759033,1,0.0,0.0,0.0,0.0,0.0,0.0,0.0,0.0,0.0,0.0,1.0,0.0,0.0,False,Qwen/Qwen3-Coder-30B-A3B-Instruct-FP8,None
1383,Pie,Easy,2.190399646759033,2.190399646759033,1,0.0,0.0,0.0,0.0,0.0,0.0,0.0,0.0,0.0,0.0,1.0,0.0,0.0,False,Qwen/Qwen3-Coder-30B-A3B-Instruct-FP8,None
1383,Pie,Easy,2.190399646759033,2.190399646759033,1,0.0,0.0,0.0,0.0,0.0,0.0,0.0,0.0,0.0,0.0,1.0,0.0,0.0,False,Qwen/Qwen3-Coder-30B-A3B-Instruct-FP8,None
1389,Pie,Medium,3.4694442749023438,6.9388885498046875,2,0.0,0.0,0.0,0.0,0.0,0.0,0.0,0.0,0.0,0.0,1.0,0.0,0.0,True,Qwen/Qwen3-Coder-30B-A3B-Instruct-FP8,None
1389,Pie,Medium,3.4694442749023438,6.9388885498046875,2,0.0,0.0,0.0,0.0,0.0,0.0,0.0,0.0,0.0,0.0,1.0,0.0,0.0,True,Qwen/Qwen3-Coder-30B-A3B-Instruct-FP8,None
1389,Pie,Medium,3.4694442749023438,6.9388885498046875,2,0.0,0.0,0.0,0.0,0.0,0.0,0.0,0.0,0.0,0.0,1.0,0.0,0.0,True,Qwen/Qwen3-Coder-30B-A3B-Instruct-FP8,None
1392,Bar,Medium,2.3953497409820557,4.790699481964111,2,0.0,0.0,0.0,0.0,0.0,0.0,0.0,0.0,0.0,0.0,1.0,0.0,0.0,True,Qwen/Qwen3-Coder-30B-A3B-Instruct-FP8,None
1392,Bar,Medium,2.3953497409820557,4.790699481964111,2,0.0,0.0,0.0,0.0,0.0,0.0,0.0,0.0,0.0,0.0,1.0,0.0,0.0,True,Qwen/Qwen3-Coder-30B-A3B-Instruct-FP8,None
1392,Bar,Medium,2.3953497409820557,4.790699481964111,2,0.0,0.0,0.0,0.0,0.0,0.0,0.0,0.0,0.0,0.0,1.0,0.0,0.0,True,Qwen/Qwen3-Coder-30B-A3B-Instruct-FP8,None
1395,Pie,Medium,2.439258575439453,4.878517150878906,2,0.0,0.0,0.0,0.0,1.0,0.0,0.0,0.0,0.0,1.0,0.0,,0.0,True,Qwen/Qwen3-Coder-30B-A3B-Instruct-FP8,None
1395,Pie,Medium,2.439258575439453,4.878517150878906,2,0.0,0.0,0.0,0.0,1.0,0.0,0.0,0.0,0.0,1.0,0.0,,0.0,True,Qwen/Qwen3-Coder-30B-A3B-Instruct-FP8,None
1395,Pie,Medium,2.439258575439453,4.878517150878906,2,0.0,0.0,0.0,0.0,1.0,0.0,0.0,0.0,0.0,1.0,0.0,,0.0,True,Qwen/Qwen3-Coder-30B-A3B-Instruct-FP8,None
1398,Scatter,Easy,3.1194605429967246,18.716763257980347,6,0.0,0.0,0.0,0.0,0.0,0.0,0.0,0.0,0.0,0.0,1.0,0.0,0.0,False,Qwen/Qwen3-Coder-30B-A3B-Instruct-FP8,None
1398,Scatter,Easy,3.1194605429967246,18.716763257980347,6,0.0,0.0,0.0,0.0,0.0,0.0,0.0,0.0,0.0,0.0,1.0,0.0,0.0,False,Qwen/Qwen3-Coder-30B-A3B-Instruct-FP8,None
1398,Scatter,Easy,3.1194605429967246,18.716763257980347,6,0.0,0.0,0.0,0.0,0.0,0.0,0.0,0.0,0.0,0.0,1.0,0.0,0.0,False,Qwen/Qwen3-Coder-30B-A3B-Instruct-FP8,None
1400,Pie,Easy,1.732463300228119,6.929853200912476,4,0.0,0.0,0.0,0.0,0.0,0.0,0.0,0.0,0.0,0.0,1.0,0.0,0.0,False,Qwen/Qwen3-Coder-30B-A3B-Instruct-FP8,None
1400,Pie,Easy,1.732463300228119,6.929853200912476,4,0.0,0.0,0.0,0.0,0.0,0.0,0.0,0.0,0.0,0.0,1.0,0.0,0.0,False,Qwen/Qwen3-Coder-30B-A3B-Instruct-FP8,None
1400,Pie,Easy,1.732463300228119,6.929853200912476,4,0.0,0.0,0.0,0.0,0.0,0.0,0.0,0.0,0.0,0.0,1.0,0.0,0.0,False,Qwen/Qwen3-Coder-30B-A3B-Instruct-FP8,None
1408,Bar,Easy,1.9961953560511272,11.977172136306763,6,0.0,0.0,0.0,0.0,0.0,0.0,0.0,0.0,0.0,0.0,1.0,0.0,0.0,False,Qwen/Qwen3-Coder-30B-A3B-Instruct-FP8,None
1408,Bar,Easy,1.9961953560511272,11.977172136306763,6,0.0,0.0,0.0,0.0,0.0,0.0,0.0,0.0,0.0,0.0,1.0,0.0,0.0,False,Qwen/Qwen3-Coder-30B-A3B-Instruct-FP8,None
1408,Bar,Easy,1.9961953560511272,11.977172136306763,6,0.0,0.0,0.0,0.0,0.0,0.0,0.0,0.0,0.0,0.0,1.0,0.0,0.0,False,Qwen/Qwen3-Coder-30B-A3B-Instruct-FP8,None
1411,Bar,Easy,1.9291284680366516,7.7165138721466064,4,0.0,0.0,0.0,0.0,0.0,0.0,0.0,0.0,0.0,0.0,1.0,0.0,0.0,False,Qwen/Qwen3-Coder-30B-A3B-Instruct-FP8,None
1411,Bar,Easy,1.9291284680366516,7.7165138721466064,4,0.0,0.0,0.0,0.0,0.0,0.0,0.0,0.0,0.0,0.0,1.0,0.0,0.0,False,Qwen/Qwen3-Coder-30B-A3B-Instruct-FP8,None
1411,Bar,Easy,1.9291284680366516,7.7165138721466064,4,0.0,0.0,0.0,0.0,0.0,0.0,0.0,0.0,0.0,0.0,1.0,0.0,0.0,False,Qwen/Qwen3-Coder-30B-A3B-Instruct-FP8,None
1434,Pie,Hard,6.583505690097809,26.334022760391235,4,0.0,0.0,0.0,0.0,0.25,0.0,0.0,0.0,0.0,0.25,0.75,0.0,0.0,True,Qwen/Qwen3-Coder-30B-A3B-Instruct-FP8,None
1434,Pie,Hard,6.583505690097809,26.334022760391235,4,0.0,0.0,0.0,0.0,0.25,0.0,0.0,0.0,0.0,0.25,0.75,0.0,0.0,True,Qwen/Qwen3-Coder-30B-A3B-Instruct-FP8,None
1434,Pie,Hard,6.583505690097809,26.334022760391235,4,0.0,0.0,0.0,0.0,0.25,0.0,0.0,0.0,0.0,0.25,0.75,0.0,0.0,True,Qwen/Qwen3-Coder-30B-A3B-Instruct-FP8,None
1435,Bar,Hard,4.008845508098602,16.03538203239441,4,0.0,0.0,0.0,0.0,0.25,0.0,0.0,0.0,0.0,0.25,0.75,0.0,0.0,True,Qwen/Qwen3-Coder-30B-A3B-Instruct-FP8,None
1435,Bar,Hard,4.008845508098602,16.03538203239441,4,0.0,0.0,0.0,0.0,0.25,0.0,0.0,0.0,0.0,0.25,0.75,0.0,0.0,True,Qwen/Qwen3-Coder-30B-A3B-Instruct-FP8,None
1435,Bar,Hard,4.008845508098602,16.03538203239441,4,0.0,0.0,0.0,0.0,0.25,0.0,0.0,0.0,0.0,0.25,0.75,0.0,0.0,True,Qwen/Qwen3-Coder-30B-A3B-Instruct-FP8,None
1460,Bar,Medium,2.958709716796875,11.8348388671875,4,0.0,0.0,0.0,0.0,0.0,0.0,0.0,0.0,0.0,0.0,1.0,0.0,0.0,False,Qwen/Qwen3-Coder-30B-A3B-Instruct-FP8,None
1460,Bar,Medium,2.958709716796875,11.8348388671875,4,0.0,0.0,0.0,0.0,0.0,0.0,0.0,0.0,0.0,0.0,1.0,0.0,0.0,False,Qwen/Qwen3-Coder-30B-A3B-Instruct-FP8,None
1460,Bar,Medium,2.958709716796875,11.8348388671875,4,0.0,0.0,0.0,0.0,0.0,0.0,0.0,0.0,0.0,0.0,1.0,0.0,0.0,False,Qwen/Qwen3-Coder-30B-A3B-Instruct-FP8,None
1465,Scatter,Easy,5.618075132369995,5.618075132369995,1,0.0,0.0,0.0,0.0,0.0,0.0,0.0,0.0,0.0,0.0,1.0,0.0,0.0,False,Qwen/Qwen3-Coder-30B-A3B-Instruct-FP8,None
1465,Scatter,Easy,5.618075132369995,5.618075132369995,1,0.0,0.0,0.0,0.0,0.0,0.0,0.0,0.0,0.0,0.0,1.0,0.0,0.0,False,Qwen/Qwen3-Coder-30B-A3B-Instruct-FP8,None
1465,Scatter,Easy,5.618075132369995,5.618075132369995,1,0.0,0.0,0.0,0.0,0.0,0.0,0.0,0.0,0.0,0.0,1.0,0.0,0.0,False,Qwen/Qwen3-Coder-30B-A3B-Instruct-FP8,None
1468,Grouping Scatter,Medium,2.4858126640319824,4.971625328063965,2,0.0,0.0,0.0,0.0,0.0,0.0,0.0,0.0,0.0,0.0,1.0,0.0,0.0,False,Qwen/Qwen3-Coder-30B-A3B-Instruct-FP8,None
1468,Grouping Scatter,Medium,2.4858126640319824,4.971625328063965,2,0.0,0.0,0.0,0.0,0.0,0.0,0.0,0.0,0.0,0.0,1.0,0.0,0.0,False,Qwen/Qwen3-Coder-30B-A3B-Instruct-FP8,None
1468,Grouping Scatter,Medium,2.4858126640319824,4.971625328063965,2,0.0,0.0,0.0,0.0,0.0,0.0,0.0,0.0,0.0,0.0,1.0,0.0,0.0,False,Qwen/Qwen3-Coder-30B-A3B-Instruct-FP8,None
1482,Grouping Line,Hard,6.676952362060547,6.676952362060547,1,0.0,0.0,0.0,0.0,1.0,0.0,0.0,0.0,0.0,1.0,0.0,,0.0,False,Qwen/Qwen3-Coder-30B-A3B-Instruct-FP8,None
1482,Grouping Line,Hard,6.676952362060547,6.676952362060547,1,0.0,0.0,0.0,0.0,1.0,0.0,0.0,0.0,0.0,1.0,0.0,,0.0,False,Qwen/Qwen3-Coder-30B-A3B-Instruct-FP8,None
1482,Grouping Line,Hard,6.676952362060547,6.676952362060547,1,0.0,0.0,0.0,0.0,1.0,0.0,0.0,0.0,0.0,1.0,0.0,,0.0,False,Qwen/Qwen3-Coder-30B-A3B-Instruct-FP8,None
1496,Pie,Easy,2.3044955730438232,2.3044955730438232,1,0.0,0.0,0.0,0.0,0.0,0.0,0.0,0.0,0.0,0.0,1.0,0.0,0.0,False,Qwen/Qwen3-Coder-30B-A3B-Instruct-FP8,None
1496,Pie,Easy,2.3044955730438232,2.3044955730438232,1,0.0,0.0,0.0,0.0,0.0,0.0,0.0,0.0,0.0,0.0,1.0,0.0,0.0,False,Qwen/Qwen3-Coder-30B-A3B-Instruct-FP8,None
1496,Pie,Easy,2.3044955730438232,2.3044955730438232,1,0.0,0.0,0.0,0.0,0.0,0.0,0.0,0.0,0.0,0.0,1.0,0.0,0.0,False,Qwen/Qwen3-Coder-30B-A3B-Instruct-FP8,None
1497,Pie,Easy,1.770582914352417,5.311748743057251,3,0.0,0.0,0.0,0.0,0.0,0.0,0.0,0.0,0.0,0.0,1.0,0.0,0.0,False,Qwen/Qwen3-Coder-30B-A3B-Instruct-FP8,None
1497,Pie,Easy,1.770582914352417,5.311748743057251,3,0.0,0.0,0.0,0.0,0.0,0.0,0.0,0.0,0.0,0.0,1.0,0.0,0.0,False,Qwen/Qwen3-Coder-30B-A3B-Instruct-FP8,None
1497,Pie,Easy,1.770582914352417,5.311748743057251,3,0.0,0.0,0.0,0.0,0.0,0.0,0.0,0.0,0.0,0.0,1.0,0.0,0.0,False,Qwen/Qwen3-Coder-30B-A3B-Instruct-FP8,None
1499,Bar,Medium,7.408422946929932,7.408422946929932,1,0.0,0.0,0.0,0.0,1.0,0.0,0.0,0.0,0.0,1.0,0.0,,0.0,False,Qwen/Qwen3-Coder-30B-A3B-Instruct-FP8,None
1499,Bar,Medium,7.408422946929932,7.408422946929932,1,0.0,0.0,0.0,0.0,1.0,0.0,0.0,0.0,0.0,1.0,0.0,,0.0,False,Qwen/Qwen3-Coder-30B-A3B-Instruct-FP8,None
1499,Bar,Medium,7.408422946929932,7.408422946929932,1,0.0,0.0,0.0,0.0,1.0,0.0,0.0,0.0,0.0,1.0,0.0,,0.0,False,Qwen/Qwen3-Coder-30B-A3B-Instruct-FP8,None
1500,Pie,Easy,2.602426767349243,5.204853534698486,2,0.0,0.0,0.0,0.0,0.0,0.0,0.0,0.0,0.0,0.0,1.0,0.0,0.0,False,Qwen/Qwen3-Coder-30B-A3B-Instruct-FP8,None
1500,Pie,Easy,2.602426767349243,5.204853534698486,2,0.0,0.0,0.0,0.0,0.0,0.0,0.0,0.0,0.0,0.0,1.0,0.0,0.0,False,Qwen/Qwen3-Coder-30B-A3B-Instruct-FP8,None
1500,Pie,Easy,2.602426767349243,5.204853534698486,2,0.0,0.0,0.0,0.0,0.0,0.0,0.0,0.0,0.0,0.0,1.0,0.0,0.0,False,Qwen/Qwen3-Coder-30B-A3B-Instruct-FP8,None
1504,Grouping Scatter,Medium,9.927227973937988,9.927227973937988,1,0.0,0.0,0.0,0.0,0.0,0.0,0.0,0.0,0.0,0.0,1.0,0.0,0.0,False,Qwen/Qwen3-Coder-30B-A3B-Instruct-FP8,None
1504,Grouping Scatter,Medium,9.927227973937988,9.927227973937988,1,0.0,0.0,0.0,0.0,0.0,0.0,0.0,0.0,0.0,0.0,1.0,0.0,0.0,False,Qwen/Qwen3-Coder-30B-A3B-Instruct-FP8,None
1504,Grouping Scatter,Medium,9.927227973937988,9.927227973937988,1,0.0,0.0,0.0,0.0,0.0,0.0,0.0,0.0,0.0,0.0,1.0,0.0,0.0,False,Qwen/Qwen3-Coder-30B-A3B-Instruct-FP8,None
1507,Pie,Easy,2.341327428817749,9.365309715270996,4,0.0,0.0,0.0,0.0,0.0,0.0,0.0,0.0,0.0,0.0,1.0,0.0,0.0,False,Qwen/Qwen3-Coder-30B-A3B-Instruct-FP8,None
1507,Pie,Easy,2.341327428817749,9.365309715270996,4,0.0,0.0,0.0,0.0,0.0,0.0,0.0,0.0,0.0,0.0,1.0,0.0,0.0,False,Qwen/Qwen3-Coder-30B-A3B-Instruct-FP8,None
1507,Pie,Easy,2.341327428817749,9.365309715270996,4,0.0,0.0,0.0,0.0,0.0,0.0,0.0,0.0,0.0,0.0,1.0,0.0,0.0,False,Qwen/Qwen3-Coder-30B-A3B-Instruct-FP8,None
1509,Pie,Medium,2.279378294944763,4.558756589889526,2,0.0,0.0,0.0,0.0,1.0,0.0,0.0,0.0,0.0,1.0,0.0,,0.0,False,Qwen/Qwen3-Coder-30B-A3B-Instruct-FP8,None
1509,Pie,Medium,2.279378294944763,4.558756589889526,2,0.0,0.0,0.0,0.0,1.0,0.0,0.0,0.0,0.0,1.0,0.0,,0.0,False,Qwen/Qwen3-Coder-30B-A3B-Instruct-FP8,None
1509,Pie,Medium,2.279378294944763,4.558756589889526,2,0.0,0.0,0.0,0.0,1.0,0.0,0.0,0.0,0.0,1.0,0.0,,0.0,False,Qwen/Qwen3-Coder-30B-A3B-Instruct-FP8,None
1515,Pie,Medium,3.515868902206421,3.515868902206421,1,0.0,0.0,0.0,0.0,0.0,0.0,0.0,0.0,0.0,0.0,1.0,0.0,0.0,True,Qwen/Qwen3-Coder-30B-A3B-Instruct-FP8,None
1515,Pie,Medium,3.515868902206421,3.515868902206421,1,0.0,0.0,0.0,0.0,0.0,0.0,0.0,0.0,0.0,0.0,1.0,0.0,0.0,True,Qwen/Qwen3-Coder-30B-A3B-Instruct-FP8,None
1515,Pie,Medium,3.515868902206421,3.515868902206421,1,0.0,0.0,0.0,0.0,0.0,0.0,0.0,0.0,0.0,0.0,1.0,0.0,0.0,True,Qwen/Qwen3-Coder-30B-A3B-Instruct-FP8,None
1517,Pie,Easy,2.0370110273361206,4.074022054672241,2,0.0,0.0,0.0,0.0,0.0,0.0,0.0,0.0,0.0,0.0,1.0,0.0,0.0,False,Qwen/Qwen3-Coder-30B-A3B-Instruct-FP8,None
1517,Pie,Easy,2.0370110273361206,4.074022054672241,2,0.0,0.0,0.0,0.0,0.0,0.0,0.0,0.0,0.0,0.0,1.0,0.0,0.0,False,Qwen/Qwen3-Coder-30B-A3B-Instruct-FP8,None
1517,Pie,Easy,2.0370110273361206,4.074022054672241,2,0.0,0.0,0.0,0.0,0.0,0.0,0.0,0.0,0.0,0.0,1.0,0.0,0.0,False,Qwen/Qwen3-Coder-30B-A3B-Instruct-FP8,None
1520,Pie,Medium,3.571504259109497,17.857521295547485,5,0.0,0.0,0.0,0.0,0.0,0.0,0.0,0.0,0.0,0.0,1.0,0.0,0.0,True,Qwen/Qwen3-Coder-30B-A3B-Instruct-FP8,None
1520,Pie,Medium,3.571504259109497,17.857521295547485,5,0.0,0.0,0.0,0.0,0.0,0.0,0.0,0.0,0.0,0.0,1.0,0.0,0.0,True,Qwen/Qwen3-Coder-30B-A3B-Instruct-FP8,None
1520,Pie,Medium,3.571504259109497,17.857521295547485,5,0.0,0.0,0.0,0.0,0.0,0.0,0.0,0.0,0.0,0.0,1.0,0.0,0.0,True,Qwen/Qwen3-Coder-30B-A3B-Instruct-FP8,None
1522,Pie,Hard,4.270160436630249,4.270160436630249,1,0.0,0.0,0.0,0.0,0.0,0.0,0.0,0.0,0.0,0.0,1.0,0.0,0.0,True,Qwen/Qwen3-Coder-30B-A3B-Instruct-FP8,None
1522,Pie,Hard,4.270160436630249,4.270160436630249,1,0.0,0.0,0.0,0.0,0.0,0.0,0.0,0.0,0.0,0.0,1.0,0.0,0.0,True,Qwen/Qwen3-Coder-30B-A3B-Instruct-FP8,None
1522,Pie,Hard,4.270160436630249,4.270160436630249,1,0.0,0.0,0.0,0.0,0.0,0.0,0.0,0.0,0.0,0.0,1.0,0.0,0.0,True,Qwen/Qwen3-Coder-30B-A3B-Instruct-FP8,None
1524,Pie,Medium,2.9466306368509927,8.839891910552979,3,0.0,0.0,0.0,0.0,0.0,0.0,0.0,0.0,0.0,0.0,1.0,0.0,0.0,True,Qwen/Qwen3-Coder-30B-A3B-Instruct-FP8,None
1524,Pie,Medium,2.9466306368509927,8.839891910552979,3,0.0,0.0,0.0,0.0,0.0,0.0,0.0,0.0,0.0,0.0,1.0,0.0,0.0,True,Qwen/Qwen3-Coder-30B-A3B-Instruct-FP8,None
1524,Pie,Medium,2.9466306368509927,8.839891910552979,3,0.0,0.0,0.0,0.0,0.0,0.0,0.0,0.0,0.0,0.0,1.0,0.0,0.0,True,Qwen/Qwen3-Coder-30B-A3B-Instruct-FP8,None
1526,Bar,Easy,2.8378703594207764,5.675740718841553,2,0.0,0.0,0.0,0.0,0.0,0.0,0.0,0.0,0.0,0.0,1.0,0.0,0.0,False,Qwen/Qwen3-Coder-30B-A3B-Instruct-FP8,None
1526,Bar,Easy,2.8378703594207764,5.675740718841553,2,0.0,0.0,0.0,0.0,0.0,0.0,0.0,0.0,0.0,0.0,1.0,0.0,0.0,False,Qwen/Qwen3-Coder-30B-A3B-Instruct-FP8,None
1526,Bar,Easy,2.8378703594207764,5.675740718841553,2,0.0,0.0,0.0,0.0,0.0,0.0,0.0,0.0,0.0,0.0,1.0,0.0,0.0,False,Qwen/Qwen3-Coder-30B-A3B-Instruct-FP8,None
1527,Pie,Hard,8.218706448872885,24.656119346618652,3,0.3333333333333333,0.0,0.0,0.0,0.3333333333333333,0.0,0.0,0.0,0.3333333333333333,0.3333333333333333,0.3333333333333333,0.0,0.0,True,Qwen/Qwen3-Coder-30B-A3B-Instruct-FP8,None
1527,Pie,Hard,8.218706448872885,24.656119346618652,3,0.3333333333333333,0.0,0.0,0.0,0.3333333333333333,0.0,0.0,0.0,0.3333333333333333,0.3333333333333333,0.3333333333333333,0.0,0.0,True,Qwen/Qwen3-Coder-30B-A3B-Instruct-FP8,None
1527,Pie,Hard,8.218706448872885,24.656119346618652,3,0.3333333333333333,0.0,0.0,0.0,0.3333333333333333,0.0,0.0,0.0,0.3333333333333333,0.3333333333333333,0.3333333333333333,0.0,0.0,True,Qwen/Qwen3-Coder-30B-A3B-Instruct-FP8,None
1528,Bar,Hard,4.462551832199097,13.38765549659729,3,0.0,0.0,0.0,0.0,0.3333333333333333,0.0,0.0,0.0,0.0,0.3333333333333333,0.6666666666666666,0.0,0.0,True,Qwen/Qwen3-Coder-30B-A3B-Instruct-FP8,None
1528,Bar,Hard,4.462551832199097,13.38765549659729,3,0.0,0.0,0.0,0.0,0.3333333333333333,0.0,0.0,0.0,0.0,0.3333333333333333,0.6666666666666666,0.0,0.0,True,Qwen/Qwen3-Coder-30B-A3B-Instruct-FP8,None
1528,Bar,Hard,4.462551832199097,13.38765549659729,3,0.0,0.0,0.0,0.0,0.3333333333333333,0.0,0.0,0.0,0.0,0.3333333333333333,0.6666666666666666,0.0,0.0,True,Qwen/Qwen3-Coder-30B-A3B-Instruct-FP8,None
1529,Pie,Medium,3.335646470387777,10.00693941116333,3,0.0,0.0,0.0,0.0,0.0,0.0,0.0,0.0,0.0,0.0,1.0,0.0,0.0,True,Qwen/Qwen3-Coder-30B-A3B-Instruct-FP8,None
1529,Pie,Medium,3.335646470387777,10.00693941116333,3,0.0,0.0,0.0,0.0,0.0,0.0,0.0,0.0,0.0,0.0,1.0,0.0,0.0,True,Qwen/Qwen3-Coder-30B-A3B-Instruct-FP8,None
1529,Pie,Medium,3.335646470387777,10.00693941116333,3,0.0,0.0,0.0,0.0,0.0,0.0,0.0,0.0,0.0,0.0,1.0,0.0,0.0,True,Qwen/Qwen3-Coder-30B-A3B-Instruct-FP8,None
1530,Bar,Medium,3.4213205178578696,10.263961553573608,3,0.0,0.0,0.0,0.0,0.0,0.0,0.0,0.0,0.0,0.0,1.0,0.0,0.0,True,Qwen/Qwen3-Coder-30B-A3B-Instruct-FP8,None
1530,Bar,Medium,3.4213205178578696,10.263961553573608,3,0.0,0.0,0.0,0.0,0.0,0.0,0.0,0.0,0.0,0.0,1.0,0.0,0.0,True,Qwen/Qwen3-Coder-30B-A3B-Instruct-FP8,None
1530,Bar,Medium,3.4213205178578696,10.263961553573608,3,0.0,0.0,0.0,0.0,0.0,0.0,0.0,0.0,0.0,0.0,1.0,0.0,0.0,True,Qwen/Qwen3-Coder-30B-A3B-Instruct-FP8,None
1531,Pie,Medium,2.95369283358256,8.86107850074768,3,0.0,0.0,0.0,0.0,0.0,0.0,0.0,0.0,0.0,0.0,1.0,0.0,0.0,True,Qwen/Qwen3-Coder-30B-A3B-Instruct-FP8,None
1531,Pie,Medium,2.95369283358256,8.86107850074768,3,0.0,0.0,0.0,0.0,0.0,0.0,0.0,0.0,0.0,0.0,1.0,0.0,0.0,True,Qwen/Qwen3-Coder-30B-A3B-Instruct-FP8,None
1531,Pie,Medium,2.95369283358256,8.86107850074768,3,0.0,0.0,0.0,0.0,0.0,0.0,0.0,0.0,0.0,0.0,1.0,0.0,0.0,True,Qwen/Qwen3-Coder-30B-A3B-Instruct-FP8,None
1534,Pie,Medium,4.7504182656606035,28.502509593963623,6,0.0,0.0,0.0,0.0,0.6666666666666666,0.0,0.0,0.0,0.0,0.6666666666666666,0.3333333333333333,0.0,0.0,True,Qwen/Qwen3-Coder-30B-A3B-Instruct-FP8,None
1534,Pie,Medium,4.7504182656606035,28.502509593963623,6,0.0,0.0,0.0,0.0,0.6666666666666666,0.0,0.0,0.0,0.0,0.6666666666666666,0.3333333333333333,0.0,0.0,True,Qwen/Qwen3-Coder-30B-A3B-Instruct-FP8,None
1534,Pie,Medium,4.7504182656606035,28.502509593963623,6,0.0,0.0,0.0,0.0,0.6666666666666666,0.0,0.0,0.0,0.0,0.6666666666666666,0.3333333333333333,0.0,0.0,True,Qwen/Qwen3-Coder-30B-A3B-Instruct-FP8,None
1535,Bar,Medium,5.57652440071106,27.882622003555298,5,0.0,0.0,0.0,0.0,0.2,0.0,0.0,0.0,0.0,0.2,0.8,0.0,0.0,True,Qwen/Qwen3-Coder-30B-A3B-Instruct-FP8,None
1535,Bar,Medium,5.57652440071106,27.882622003555298,5,0.0,0.0,0.0,0.0,0.2,0.0,0.0,0.0,0.0,0.2,0.8,0.0,0.0,True,Qwen/Qwen3-Coder-30B-A3B-Instruct-FP8,None
1535,Bar,Medium,5.57652440071106,27.882622003555298,5,0.0,0.0,0.0,0.0,0.2,0.0,0.0,0.0,0.0,0.2,0.8,0.0,0.0,True,Qwen/Qwen3-Coder-30B-A3B-Instruct-FP8,None
1537,Bar,Medium,3.4587292671203613,3.4587292671203613,1,0.0,0.0,0.0,0.0,0.0,0.0,0.0,0.0,0.0,0.0,1.0,0.0,0.0,False,Qwen/Qwen3-Coder-30B-A3B-Instruct-FP8,None
1537,Bar,Medium,3.4587292671203613,3.4587292671203613,1,0.0,0.0,0.0,0.0,0.0,0.0,0.0,0.0,0.0,0.0,1.0,0.0,0.0,False,Qwen/Qwen3-Coder-30B-A3B-Instruct-FP8,None
1537,Bar,Medium,3.4587292671203613,3.4587292671203613,1,0.0,0.0,0.0,0.0,0.0,0.0,0.0,0.0,0.0,0.0,1.0,0.0,0.0,False,Qwen/Qwen3-Coder-30B-A3B-Instruct-FP8,None
1556,Line,Hard,9.650538146495819,38.602152585983276,4,0.25,0.0,0.0,0.75,0.75,0.0,0.0,0.0,0.25,0.75,0.0,,0.0,False,Qwen/Qwen3-Coder-30B-A3B-Instruct-FP8,None
1556,Line,Hard,9.650538146495819,38.602152585983276,4,0.25,0.0,0.0,0.75,0.75,0.0,0.0,0.0,0.25,0.75,0.0,,0.0,False,Qwen/Qwen3-Coder-30B-A3B-Instruct-FP8,None
1556,Line,Hard,9.650538146495819,38.602152585983276,4,0.25,0.0,0.0,0.75,0.75,0.0,0.0,0.0,0.25,0.75,0.0,,0.0,False,Qwen/Qwen3-Coder-30B-A3B-Instruct-FP8,None
1563,Bar,Extra Hard,3.53419828414917,17.67099142074585,5,0.0,0.0,0.0,0.0,1.0,0.0,0.0,0.0,0.0,1.0,0.0,,0.0,False,Qwen/Qwen3-Coder-30B-A3B-Instruct-FP8,None
1563,Bar,Extra Hard,3.53419828414917,17.67099142074585,5,0.0,0.0,0.0,0.0,1.0,0.0,0.0,0.0,0.0,1.0,0.0,,0.0,False,Qwen/Qwen3-Coder-30B-A3B-Instruct-FP8,None
1563,Bar,Extra Hard,3.53419828414917,17.67099142074585,5,0.0,0.0,0.0,0.0,1.0,0.0,0.0,0.0,0.0,1.0,0.0,,0.0,False,Qwen/Qwen3-Coder-30B-A3B-Instruct-FP8,None
1574,Scatter,Hard,3.2752634286880493,13.101053714752197,4,0.0,0.0,0.0,0.0,1.0,0.0,0.0,0.0,0.0,1.0,0.0,,0.0,False,Qwen/Qwen3-Coder-30B-A3B-Instruct-FP8,None
1574,Scatter,Hard,3.2752634286880493,13.101053714752197,4,0.0,0.0,0.0,0.0,1.0,0.0,0.0,0.0,0.0,1.0,0.0,,0.0,False,Qwen/Qwen3-Coder-30B-A3B-Instruct-FP8,None
1574,Scatter,Hard,3.2752634286880493,13.101053714752197,4,0.0,0.0,0.0,0.0,1.0,0.0,0.0,0.0,0.0,1.0,0.0,,0.0,False,Qwen/Qwen3-Coder-30B-A3B-Instruct-FP8,None
1580,Bar,Hard,4.156762897968292,16.62705159187317,4,0.0,0.0,0.0,0.0,0.0,0.0,0.0,0.0,0.0,0.0,1.0,0.0,0.0,False,Qwen/Qwen3-Coder-30B-A3B-Instruct-FP8,None
1580,Bar,Hard,4.156762897968292,16.62705159187317,4,0.0,0.0,0.0,0.0,0.0,0.0,0.0,0.0,0.0,0.0,1.0,0.0,0.0,False,Qwen/Qwen3-Coder-30B-A3B-Instruct-FP8,None
1580,Bar,Hard,4.156762897968292,16.62705159187317,4,0.0,0.0,0.0,0.0,0.0,0.0,0.0,0.0,0.0,0.0,1.0,0.0,0.0,False,Qwen/Qwen3-Coder-30B-A3B-Instruct-FP8,None
1611,Scatter,Medium,3.4442800680796304,10.332840204238892,3,0.0,0.0,0.0,0.0,0.0,0.0,0.0,0.0,0.0,0.0,1.0,0.0,0.0,False,Qwen/Qwen3-Coder-30B-A3B-Instruct-FP8,None
1611,Scatter,Medium,3.4442800680796304,10.332840204238892,3,0.0,0.0,0.0,0.0,0.0,0.0,0.0,0.0,0.0,0.0,1.0,0.0,0.0,False,Qwen/Qwen3-Coder-30B-A3B-Instruct-FP8,None
1611,Scatter,Medium,3.4442800680796304,10.332840204238892,3,0.0,0.0,0.0,0.0,0.0,0.0,0.0,0.0,0.0,0.0,1.0,0.0,0.0,False,Qwen/Qwen3-Coder-30B-A3B-Instruct-FP8,None
1621,Line,Medium,8.346643964449564,50.07986378669739,6,0.0,0.0,0.0,0.3333333333333333,1.0,0.0,0.0,0.0,0.0,1.0,0.0,,0.0,False,Qwen/Qwen3-Coder-30B-A3B-Instruct-FP8,None
1621,Line,Medium,8.346643964449564,50.07986378669739,6,0.0,0.0,0.0,0.3333333333333333,1.0,0.0,0.0,0.0,0.0,1.0,0.0,,0.0,False,Qwen/Qwen3-Coder-30B-A3B-Instruct-FP8,None
1621,Line,Medium,8.346643964449564,50.07986378669739,6,0.0,0.0,0.0,0.3333333333333333,1.0,0.0,0.0,0.0,0.0,1.0,0.0,,0.0,False,Qwen/Qwen3-Coder-30B-A3B-Instruct-FP8,None
1630,Bar,Medium,3.1245391368865967,3.1245391368865967,1,0.0,0.0,0.0,0.0,0.0,0.0,0.0,0.0,0.0,0.0,1.0,0.0,0.0,False,Qwen/Qwen3-Coder-30B-A3B-Instruct-FP8,None
1630,Bar,Medium,3.1245391368865967,3.1245391368865967,1,0.0,0.0,0.0,0.0,0.0,0.0,0.0,0.0,0.0,0.0,1.0,0.0,0.0,False,Qwen/Qwen3-Coder-30B-A3B-Instruct-FP8,None
1630,Bar,Medium,3.1245391368865967,3.1245391368865967,1,0.0,0.0,0.0,0.0,0.0,0.0,0.0,0.0,0.0,0.0,1.0,0.0,0.0,False,Qwen/Qwen3-Coder-30B-A3B-Instruct-FP8,None
1652,Bar,Medium,4.1513723731040955,16.605489492416382,4,0.0,0.0,0.0,0.0,1.0,0.0,0.0,0.0,0.0,1.0,0.0,,0.0,False,Qwen/Qwen3-Coder-30B-A3B-Instruct-FP8,None
1652,Bar,Medium,4.1513723731040955,16.605489492416382,4,0.0,0.0,0.0,0.0,1.0,0.0,0.0,0.0,0.0,1.0,0.0,,0.0,False,Qwen/Qwen3-Coder-30B-A3B-Instruct-FP8,None
1652,Bar,Medium,4.1513723731040955,16.605489492416382,4,0.0,0.0,0.0,0.0,1.0,0.0,0.0,0.0,0.0,1.0,0.0,,0.0,False,Qwen/Qwen3-Coder-30B-A3B-Instruct-FP8,None
1663,Line,Extra Hard,4.458817958831787,8.917635917663574,2,0.0,0.0,0.0,1.0,1.0,0.0,0.0,0.0,0.0,1.0,0.0,,0.0,False,Qwen/Qwen3-Coder-30B-A3B-Instruct-FP8,None
1663,Line,Extra Hard,4.458817958831787,8.917635917663574,2,0.0,0.0,0.0,1.0,1.0,0.0,0.0,0.0,0.0,1.0,0.0,,0.0,False,Qwen/Qwen3-Coder-30B-A3B-Instruct-FP8,None
1663,Line,Extra Hard,4.458817958831787,8.917635917663574,2,0.0,0.0,0.0,1.0,1.0,0.0,0.0,0.0,0.0,1.0,0.0,,0.0,False,Qwen/Qwen3-Coder-30B-A3B-Instruct-FP8,None
1690,Scatter,Extra Hard,4.519484949111939,22.597424745559692,5,0.0,0.0,0.0,0.0,1.0,0.0,0.0,0.0,0.0,1.0,0.0,,0.0,False,Qwen/Qwen3-Coder-30B-A3B-Instruct-FP8,None
1690,Scatter,Extra Hard,4.519484949111939,22.597424745559692,5,0.0,0.0,0.0,0.0,1.0,0.0,0.0,0.0,0.0,1.0,0.0,,0.0,False,Qwen/Qwen3-Coder-30B-A3B-Instruct-FP8,None
1690,Scatter,Extra Hard,4.519484949111939,22.597424745559692,5,0.0,0.0,0.0,0.0,1.0,0.0,0.0,0.0,0.0,1.0,0.0,,0.0,False,Qwen/Qwen3-Coder-30B-A3B-Instruct-FP8,None
1715,Bar,Medium,3.540984582901001,17.704922914505005,5,0.0,0.0,0.0,0.0,0.6,0.0,0.0,0.0,0.0,0.6,0.4,0.0,0.0,False,Qwen/Qwen3-Coder-30B-A3B-Instruct-FP8,None
1715,Bar,Medium,3.540984582901001,17.704922914505005,5,0.0,0.0,0.0,0.0,0.6,0.0,0.0,0.0,0.0,0.6,0.4,0.0,0.0,False,Qwen/Qwen3-Coder-30B-A3B-Instruct-FP8,None
1715,Bar,Medium,3.540984582901001,17.704922914505005,5,0.0,0.0,0.0,0.0,0.6,0.0,0.0,0.0,0.0,0.6,0.4,0.0,0.0,False,Qwen/Qwen3-Coder-30B-A3B-Instruct-FP8,None
1741,Scatter,Easy,4.1471609473228455,16.588643789291382,4,0.0,0.0,0.0,0.0,1.0,0.0,0.0,0.0,0.0,1.0,0.0,,0.0,False,Qwen/Qwen3-Coder-30B-A3B-Instruct-FP8,None
1741,Scatter,Easy,4.1471609473228455,16.588643789291382,4,0.0,0.0,0.0,0.0,1.0,0.0,0.0,0.0,0.0,1.0,0.0,,0.0,False,Qwen/Qwen3-Coder-30B-A3B-Instruct-FP8,None
1741,Scatter,Easy,4.1471609473228455,16.588643789291382,4,0.0,0.0,0.0,0.0,1.0,0.0,0.0,0.0,0.0,1.0,0.0,,0.0,False,Qwen/Qwen3-Coder-30B-A3B-Instruct-FP8,None
1807,Pie,Hard,2.087147355079651,4.174294710159302,2,0.0,0.0,0.0,0.0,0.0,0.0,0.0,0.0,0.0,0.0,1.0,0.0,0.0,False,Qwen/Qwen3-Coder-30B-A3B-Instruct-FP8,None
1807,Pie,Hard,2.087147355079651,4.174294710159302,2,0.0,0.0,0.0,0.0,0.0,0.0,0.0,0.0,0.0,0.0,1.0,0.0,0.0,False,Qwen/Qwen3-Coder-30B-A3B-Instruct-FP8,None
1807,Pie,Hard,2.087147355079651,4.174294710159302,2,0.0,0.0,0.0,0.0,0.0,0.0,0.0,0.0,0.0,0.0,1.0,0.0,0.0,False,Qwen/Qwen3-Coder-30B-A3B-Instruct-FP8,None
1831,Bar,Hard,7.167209625244141,14.334419250488281,2,0.5,0.0,0.0,0.0,0.5,0.0,0.0,0.0,0.5,0.5,0.0,,0.0,False,Qwen/Qwen3-Coder-30B-A3B-Instruct-FP8,None
1831,Bar,Hard,7.167209625244141,14.334419250488281,2,0.5,0.0,0.0,0.0,0.5,0.0,0.0,0.0,0.5,0.5,0.0,,0.0,False,Qwen/Qwen3-Coder-30B-A3B-Instruct-FP8,None
1831,Bar,Hard,7.167209625244141,14.334419250488281,2,0.5,0.0,0.0,0.0,0.5,0.0,0.0,0.0,0.5,0.5,0.0,,0.0,False,Qwen/Qwen3-Coder-30B-A3B-Instruct-FP8,None
1839,Bar,Easy,5.161831021308899,10.323662042617798,2,0.0,0.0,0.0,0.0,0.0,0.0,0.0,0.0,0.0,0.0,1.0,0.0,0.0,False,Qwen/Qwen3-Coder-30B-A3B-Instruct-FP8,None
1839,Bar,Easy,5.161831021308899,10.323662042617798,2,0.0,0.0,0.0,0.0,0.0,0.0,0.0,0.0,0.0,0.0,1.0,0.0,0.0,False,Qwen/Qwen3-Coder-30B-A3B-Instruct-FP8,None
1839,Bar,Easy,5.161831021308899,10.323662042617798,2,0.0,0.0,0.0,0.0,0.0,0.0,0.0,0.0,0.0,0.0,1.0,0.0,0.0,False,Qwen/Qwen3-Coder-30B-A3B-Instruct-FP8,None
1955,Pie,Hard,4.223647594451904,8.447295188903809,2,0.0,0.0,0.0,0.0,0.5,0.0,0.0,0.0,0.0,0.5,0.5,0.0,0.0,True,Qwen/Qwen3-Coder-30B-A3B-Instruct-FP8,None
1955,Pie,Hard,4.223647594451904,8.447295188903809,2,0.0,0.0,0.0,0.0,0.5,0.0,0.0,0.0,0.0,0.5,0.5,0.0,0.0,True,Qwen/Qwen3-Coder-30B-A3B-Instruct-FP8,None
1955,Pie,Hard,4.223647594451904,8.447295188903809,2,0.0,0.0,0.0,0.0,0.5,0.0,0.0,0.0,0.0,0.5,0.5,0.0,0.0,True,Qwen/Qwen3-Coder-30B-A3B-Instruct-FP8,None
1961,Pie,Hard,4.085142612457275,4.085142612457275,1,0.0,0.0,0.0,0.0,0.0,0.0,0.0,0.0,0.0,0.0,1.0,0.0,0.0,True,Qwen/Qwen3-Coder-30B-A3B-Instruct-FP8,None
1961,Pie,Hard,4.085142612457275,4.085142612457275,1,0.0,0.0,0.0,0.0,0.0,0.0,0.0,0.0,0.0,0.0,1.0,0.0,0.0,True,Qwen/Qwen3-Coder-30B-A3B-Instruct-FP8,None
1961,Pie,Hard,4.085142612457275,4.085142612457275,1,0.0,0.0,0.0,0.0,0.0,0.0,0.0,0.0,0.0,0.0,1.0,0.0,0.0,True,Qwen/Qwen3-Coder-30B-A3B-Instruct-FP8,None
1966,Pie,Easy,2.2708192467689514,9.083276987075806,4,0.0,0.0,0.0,0.0,0.0,0.0,0.0,0.0,0.0,0.0,1.0,0.0,0.0,False,Qwen/Qwen3-Coder-30B-A3B-Instruct-FP8,None
1966,Pie,Easy,2.2708192467689514,9.083276987075806,4,0.0,0.0,0.0,0.0,0.0,0.0,0.0,0.0,0.0,0.0,1.0,0.0,0.0,False,Qwen/Qwen3-Coder-30B-A3B-Instruct-FP8,None
1966,Pie,Easy,2.2708192467689514,9.083276987075806,4,0.0,0.0,0.0,0.0,0.0,0.0,0.0,0.0,0.0,0.0,1.0,0.0,0.0,False,Qwen/Qwen3-Coder-30B-A3B-Instruct-FP8,None
1968,Pie,Easy,3.602715810139974,10.808147430419922,3,0.0,0.0,0.0,0.0,0.0,0.0,0.0,0.0,0.0,0.0,1.0,0.0,0.0,False,Qwen/Qwen3-Coder-30B-A3B-Instruct-FP8,None
1968,Pie,Easy,3.602715810139974,10.808147430419922,3,0.0,0.0,0.0,0.0,0.0,0.0,0.0,0.0,0.0,0.0,1.0,0.0,0.0,False,Qwen/Qwen3-Coder-30B-A3B-Instruct-FP8,None
1968,Pie,Easy,3.602715810139974,10.808147430419922,3,0.0,0.0,0.0,0.0,0.0,0.0,0.0,0.0,0.0,0.0,1.0,0.0,0.0,False,Qwen/Qwen3-Coder-30B-A3B-Instruct-FP8,None
1969,Bar,Easy,3.265312969684601,13.061251878738403,4,0.0,0.0,0.0,0.0,0.0,0.0,0.0,0.0,0.0,0.0,1.0,0.0,0.0,False,Qwen/Qwen3-Coder-30B-A3B-Instruct-FP8,None
1969,Bar,Easy,3.265312969684601,13.061251878738403,4,0.0,0.0,0.0,0.0,0.0,0.0,0.0,0.0,0.0,0.0,1.0,0.0,0.0,False,Qwen/Qwen3-Coder-30B-A3B-Instruct-FP8,None
1969,Bar,Easy,3.265312969684601,13.061251878738403,4,0.0,0.0,0.0,0.0,0.0,0.0,0.0,0.0,0.0,0.0,1.0,0.0,0.0,False,Qwen/Qwen3-Coder-30B-A3B-Instruct-FP8,None
1971,Pie,Easy,3.733290672302246,11.199872016906738,3,0.0,0.0,0.0,0.0,0.0,0.0,0.0,0.0,0.0,0.0,1.0,0.0,0.0,False,Qwen/Qwen3-Coder-30B-A3B-Instruct-FP8,None
1971,Pie,Easy,3.733290672302246,11.199872016906738,3,0.0,0.0,0.0,0.0,0.0,0.0,0.0,0.0,0.0,0.0,1.0,0.0,0.0,False,Qwen/Qwen3-Coder-30B-A3B-Instruct-FP8,None
1971,Pie,Easy,3.733290672302246,11.199872016906738,3,0.0,0.0,0.0,0.0,0.0,0.0,0.0,0.0,0.0,0.0,1.0,0.0,0.0,False,Qwen/Qwen3-Coder-30B-A3B-Instruct-FP8,None
1972,Scatter,Easy,3.6290102005004883,3.6290102005004883,1,0.0,0.0,0.0,0.0,0.0,0.0,0.0,0.0,0.0,0.0,1.0,0.0,0.0,False,Qwen/Qwen3-Coder-30B-A3B-Instruct-FP8,None
1972,Scatter,Easy,3.6290102005004883,3.6290102005004883,1,0.0,0.0,0.0,0.0,0.0,0.0,0.0,0.0,0.0,0.0,1.0,0.0,0.0,False,Qwen/Qwen3-Coder-30B-A3B-Instruct-FP8,None
1972,Scatter,Easy,3.6290102005004883,3.6290102005004883,1,0.0,0.0,0.0,0.0,0.0,0.0,0.0,0.0,0.0,0.0,1.0,0.0,0.0,False,Qwen/Qwen3-Coder-30B-A3B-Instruct-FP8,None
1973,Grouping Scatter,Easy,4.824250340461731,9.648500680923462,2,0.0,0.0,0.0,0.0,0.0,0.0,0.0,0.0,0.0,0.0,1.0,0.0,0.0,False,Qwen/Qwen3-Coder-30B-A3B-Instruct-FP8,None
1973,Grouping Scatter,Easy,4.824250340461731,9.648500680923462,2,0.0,0.0,0.0,0.0,0.0,0.0,0.0,0.0,0.0,0.0,1.0,0.0,0.0,False,Qwen/Qwen3-Coder-30B-A3B-Instruct-FP8,None
1973,Grouping Scatter,Easy,4.824250340461731,9.648500680923462,2,0.0,0.0,0.0,0.0,0.0,0.0,0.0,0.0,0.0,0.0,1.0,0.0,0.0,False,Qwen/Qwen3-Coder-30B-A3B-Instruct-FP8,None
1974,Pie,Medium,2.3551504611968994,4.710300922393799,2,0.0,0.0,0.0,0.0,0.0,0.0,0.0,0.0,0.0,0.0,1.0,0.0,0.0,False,Qwen/Qwen3-Coder-30B-A3B-Instruct-FP8,None
1974,Pie,Medium,2.3551504611968994,4.710300922393799,2,0.0,0.0,0.0,0.0,0.0,0.0,0.0,0.0,0.0,0.0,1.0,0.0,0.0,False,Qwen/Qwen3-Coder-30B-A3B-Instruct-FP8,None
1974,Pie,Medium,2.3551504611968994,4.710300922393799,2,0.0,0.0,0.0,0.0,0.0,0.0,0.0,0.0,0.0,0.0,1.0,0.0,0.0,False,Qwen/Qwen3-Coder-30B-A3B-Instruct-FP8,None
1975,Bar,Medium,2.787216305732727,5.574432611465454,2,0.0,0.0,0.0,0.0,0.0,0.0,0.0,0.0,0.0,0.0,1.0,0.0,0.0,False,Qwen/Qwen3-Coder-30B-A3B-Instruct-FP8,None
1975,Bar,Medium,2.787216305732727,5.574432611465454,2,0.0,0.0,0.0,0.0,0.0,0.0,0.0,0.0,0.0,0.0,1.0,0.0,0.0,False,Qwen/Qwen3-Coder-30B-A3B-Instruct-FP8,None
1975,Bar,Medium,2.787216305732727,5.574432611465454,2,0.0,0.0,0.0,0.0,0.0,0.0,0.0,0.0,0.0,0.0,1.0,0.0,0.0,False,Qwen/Qwen3-Coder-30B-A3B-Instruct-FP8,None
1976,Pie,Easy,2.597848743200302,20.782789945602417,8,0.0,0.0,0.0,0.0,0.0,0.0,0.0,0.0,0.0,0.0,1.0,0.0,0.0,False,Qwen/Qwen3-Coder-30B-A3B-Instruct-FP8,None
1976,Pie,Easy,2.597848743200302,20.782789945602417,8,0.0,0.0,0.0,0.0,0.0,0.0,0.0,0.0,0.0,0.0,1.0,0.0,0.0,False,Qwen/Qwen3-Coder-30B-A3B-Instruct-FP8,None
1976,Pie,Easy,2.597848743200302,20.782789945602417,8,0.0,0.0,0.0,0.0,0.0,0.0,0.0,0.0,0.0,0.0,1.0,0.0,0.0,False,Qwen/Qwen3-Coder-30B-A3B-Instruct-FP8,None
1978,Pie,Medium,3.2706658840179443,6.541331768035889,2,0.0,0.0,0.0,0.0,0.0,0.0,0.0,0.0,0.0,0.0,1.0,0.0,0.0,False,Qwen/Qwen3-Coder-30B-A3B-Instruct-FP8,None
1978,Pie,Medium,3.2706658840179443,6.541331768035889,2,0.0,0.0,0.0,0.0,0.0,0.0,0.0,0.0,0.0,0.0,1.0,0.0,0.0,False,Qwen/Qwen3-Coder-30B-A3B-Instruct-FP8,None
1978,Pie,Medium,3.2706658840179443,6.541331768035889,2,0.0,0.0,0.0,0.0,0.0,0.0,0.0,0.0,0.0,0.0,1.0,0.0,0.0,False,Qwen/Qwen3-Coder-30B-A3B-Instruct-FP8,None
1980,Pie,Extra Hard,3.8932429552078247,15.572971820831299,4,0.0,0.0,0.0,0.0,1.0,0.0,0.0,0.0,0.0,1.0,0.0,,0.0,True,Qwen/Qwen3-Coder-30B-A3B-Instruct-FP8,None
1980,Pie,Extra Hard,3.8932429552078247,15.572971820831299,4,0.0,0.0,0.0,0.0,1.0,0.0,0.0,0.0,0.0,1.0,0.0,,0.0,True,Qwen/Qwen3-Coder-30B-A3B-Instruct-FP8,None
1980,Pie,Extra Hard,3.8932429552078247,15.572971820831299,4,0.0,0.0,0.0,0.0,1.0,0.0,0.0,0.0,0.0,1.0,0.0,,0.0,True,Qwen/Qwen3-Coder-30B-A3B-Instruct-FP8,None
1990,Bar,Extra Hard,4.196902513504028,4.196902513504028,1,0.0,0.0,0.0,0.0,0.0,0.0,0.0,0.0,0.0,0.0,1.0,0.0,0.0,True,Qwen/Qwen3-Coder-30B-A3B-Instruct-FP8,None
1990,Bar,Extra Hard,4.196902513504028,4.196902513504028,1,0.0,0.0,0.0,0.0,0.0,0.0,0.0,0.0,0.0,0.0,1.0,0.0,0.0,True,Qwen/Qwen3-Coder-30B-A3B-Instruct-FP8,None
1990,Bar,Extra Hard,4.196902513504028,4.196902513504028,1,0.0,0.0,0.0,0.0,0.0,0.0,0.0,0.0,0.0,0.0,1.0,0.0,0.0,True,Qwen/Qwen3-Coder-30B-A3B-Instruct-FP8,None
1992,Bar,Medium,8.24082863330841,16.48165726661682,2,0.5,0.0,0.0,0.0,0.0,0.0,0.0,0.0,0.5,0.0,0.5,0.0,0.0,False,Qwen/Qwen3-Coder-30B-A3B-Instruct-FP8,None
1992,Bar,Medium,8.24082863330841,16.48165726661682,2,0.5,0.0,0.0,0.0,0.0,0.0,0.0,0.0,0.5,0.0,0.5,0.0,0.0,False,Qwen/Qwen3-Coder-30B-A3B-Instruct-FP8,None
1992,Bar,Medium,8.24082863330841,16.48165726661682,2,0.5,0.0,0.0,0.0,0.0,0.0,0.0,0.0,0.5,0.0,0.5,0.0,0.0,False,Qwen/Qwen3-Coder-30B-A3B-Instruct-FP8,None
2005,Grouping Line,Medium,15.370210886001587,15.370210886001587,1,1.0,0.0,0.0,0.0,0.0,0.0,0.0,0.0,1.0,0.0,0.0,,0.0,False,Qwen/Qwen3-Coder-30B-A3B-Instruct-FP8,None
2005,Grouping Line,Medium,15.370210886001587,15.370210886001587,1,1.0,0.0,0.0,0.0,0.0,0.0,0.0,0.0,1.0,0.0,0.0,,0.0,False,Qwen/Qwen3-Coder-30B-A3B-Instruct-FP8,None
2005,Grouping Line,Medium,15.370210886001587,15.370210886001587,1,1.0,0.0,0.0,0.0,0.0,0.0,0.0,0.0,1.0,0.0,0.0,,0.0,False,Qwen/Qwen3-Coder-30B-A3B-Instruct-FP8,None
2009,Pie,Easy,3.231610059738159,3.231610059738159,1,0.0,0.0,0.0,0.0,0.0,0.0,0.0,0.0,0.0,0.0,1.0,0.0,0.0,False,Qwen/Qwen3-Coder-30B-A3B-Instruct-FP8,None
2009,Pie,Easy,3.231610059738159,3.231610059738159,1,0.0,0.0,0.0,0.0,0.0,0.0,0.0,0.0,0.0,0.0,1.0,0.0,0.0,False,Qwen/Qwen3-Coder-30B-A3B-Instruct-FP8,None
2009,Pie,Easy,3.231610059738159,3.231610059738159,1,0.0,0.0,0.0,0.0,0.0,0.0,0.0,0.0,0.0,0.0,1.0,0.0,0.0,False,Qwen/Qwen3-Coder-30B-A3B-Instruct-FP8,None
2011,Bar,Easy,3.0331717332204184,9.099515199661255,3,0.0,0.0,0.0,0.0,0.0,0.0,0.0,0.0,0.0,0.0,1.0,0.0,0.0,False,Qwen/Qwen3-Coder-30B-A3B-Instruct-FP8,None
2011,Bar,Easy,3.0331717332204184,9.099515199661255,3,0.0,0.0,0.0,0.0,0.0,0.0,0.0,0.0,0.0,0.0,1.0,0.0,0.0,False,Qwen/Qwen3-Coder-30B-A3B-Instruct-FP8,None
2011,Bar,Easy,3.0331717332204184,9.099515199661255,3,0.0,0.0,0.0,0.0,0.0,0.0,0.0,0.0,0.0,0.0,1.0,0.0,0.0,False,Qwen/Qwen3-Coder-30B-A3B-Instruct-FP8,None
2012,Bar,Easy,2.914416790008545,8.743250370025635,3,0.0,0.0,0.0,0.0,0.0,0.0,0.0,0.0,0.0,0.0,1.0,0.0,0.0,False,Qwen/Qwen3-Coder-30B-A3B-Instruct-FP8,None
2012,Bar,Easy,2.914416790008545,8.743250370025635,3,0.0,0.0,0.0,0.0,0.0,0.0,0.0,0.0,0.0,0.0,1.0,0.0,0.0,False,Qwen/Qwen3-Coder-30B-A3B-Instruct-FP8,None
2012,Bar,Easy,2.914416790008545,8.743250370025635,3,0.0,0.0,0.0,0.0,0.0,0.0,0.0,0.0,0.0,0.0,1.0,0.0,0.0,False,Qwen/Qwen3-Coder-30B-A3B-Instruct-FP8,None
2013,Pie,Easy,2.545767148335775,7.637301445007324,3,0.0,0.0,0.0,0.0,0.0,0.0,0.0,0.0,0.0,0.0,1.0,0.0,0.0,False,Qwen/Qwen3-Coder-30B-A3B-Instruct-FP8,None
2013,Pie,Easy,2.545767148335775,7.637301445007324,3,0.0,0.0,0.0,0.0,0.0,0.0,0.0,0.0,0.0,0.0,1.0,0.0,0.0,False,Qwen/Qwen3-Coder-30B-A3B-Instruct-FP8,None
2013,Pie,Easy,2.545767148335775,7.637301445007324,3,0.0,0.0,0.0,0.0,0.0,0.0,0.0,0.0,0.0,0.0,1.0,0.0,0.0,False,Qwen/Qwen3-Coder-30B-A3B-Instruct-FP8,None
2014,Line,Medium,3.54537832736969,7.09075665473938,2,0.0,0.0,0.0,0.0,0.0,0.0,0.0,0.0,0.0,0.0,1.0,0.0,0.0,False,Qwen/Qwen3-Coder-30B-A3B-Instruct-FP8,None
2014,Line,Medium,3.54537832736969,7.09075665473938,2,0.0,0.0,0.0,0.0,0.0,0.0,0.0,0.0,0.0,0.0,1.0,0.0,0.0,False,Qwen/Qwen3-Coder-30B-A3B-Instruct-FP8,None
2014,Line,Medium,3.54537832736969,7.09075665473938,2,0.0,0.0,0.0,0.0,0.0,0.0,0.0,0.0,0.0,0.0,1.0,0.0,0.0,False,Qwen/Qwen3-Coder-30B-A3B-Instruct-FP8,None
2015,Line,Medium,3.3927443822224936,10.17823314666748,3,0.0,0.0,0.0,0.0,0.0,0.0,0.0,0.0,0.0,0.0,1.0,0.0,0.0,False,Qwen/Qwen3-Coder-30B-A3B-Instruct-FP8,None
2015,Line,Medium,3.3927443822224936,10.17823314666748,3,0.0,0.0,0.0,0.0,0.0,0.0,0.0,0.0,0.0,0.0,1.0,0.0,0.0,False,Qwen/Qwen3-Coder-30B-A3B-Instruct-FP8,None
2015,Line,Medium,3.3927443822224936,10.17823314666748,3,0.0,0.0,0.0,0.0,0.0,0.0,0.0,0.0,0.0,0.0,1.0,0.0,0.0,False,Qwen/Qwen3-Coder-30B-A3B-Instruct-FP8,None
2018,Bar,Easy,10.692967653274536,10.692967653274536,1,1.0,0.0,0.0,0.0,0.0,0.0,0.0,0.0,1.0,0.0,0.0,,0.0,False,Qwen/Qwen3-Coder-30B-A3B-Instruct-FP8,None
2018,Bar,Easy,10.692967653274536,10.692967653274536,1,1.0,0.0,0.0,0.0,0.0,0.0,0.0,0.0,1.0,0.0,0.0,,0.0,False,Qwen/Qwen3-Coder-30B-A3B-Instruct-FP8,None
2018,Bar,Easy,10.692967653274536,10.692967653274536,1,1.0,0.0,0.0,0.0,0.0,0.0,0.0,0.0,1.0,0.0,0.0,,0.0,False,Qwen/Qwen3-Coder-30B-A3B-Instruct-FP8,None
2019,Bar,Easy,2.033611536026001,2.033611536026001,1,0.0,0.0,0.0,0.0,0.0,0.0,0.0,0.0,0.0,0.0,1.0,0.0,0.0,False,Qwen/Qwen3-Coder-30B-A3B-Instruct-FP8,None
2019,Bar,Easy,2.033611536026001,2.033611536026001,1,0.0,0.0,0.0,0.0,0.0,0.0,0.0,0.0,0.0,0.0,1.0,0.0,0.0,False,Qwen/Qwen3-Coder-30B-A3B-Instruct-FP8,None
2019,Bar,Easy,2.033611536026001,2.033611536026001,1,0.0,0.0,0.0,0.0,0.0,0.0,0.0,0.0,0.0,0.0,1.0,0.0,0.0,False,Qwen/Qwen3-Coder-30B-A3B-Instruct-FP8,None
2021,Line,Easy,4.216423988342285,4.216423988342285,1,0.0,0.0,0.0,0.0,0.0,0.0,0.0,0.0,0.0,0.0,1.0,0.0,0.0,False,Qwen/Qwen3-Coder-30B-A3B-Instruct-FP8,None
2021,Line,Easy,4.216423988342285,4.216423988342285,1,0.0,0.0,0.0,0.0,0.0,0.0,0.0,0.0,0.0,0.0,1.0,0.0,0.0,False,Qwen/Qwen3-Coder-30B-A3B-Instruct-FP8,None
2021,Line,Easy,4.216423988342285,4.216423988342285,1,0.0,0.0,0.0,0.0,0.0,0.0,0.0,0.0,0.0,0.0,1.0,0.0,0.0,False,Qwen/Qwen3-Coder-30B-A3B-Instruct-FP8,None
2027,Bar,Medium,3.682640790939331,3.682640790939331,1,0.0,0.0,0.0,0.0,0.0,0.0,0.0,0.0,0.0,0.0,1.0,0.0,0.0,False,Qwen/Qwen3-Coder-30B-A3B-Instruct-FP8,None
2027,Bar,Medium,3.682640790939331,3.682640790939331,1,0.0,0.0,0.0,0.0,0.0,0.0,0.0,0.0,0.0,0.0,1.0,0.0,0.0,False,Qwen/Qwen3-Coder-30B-A3B-Instruct-FP8,None
2027,Bar,Medium,3.682640790939331,3.682640790939331,1,0.0,0.0,0.0,0.0,0.0,0.0,0.0,0.0,0.0,0.0,1.0,0.0,0.0,False,Qwen/Qwen3-Coder-30B-A3B-Instruct-FP8,None
2036,Bar,Medium,7.1574811935424805,7.1574811935424805,1,0.0,0.0,0.0,0.0,0.0,0.0,0.0,0.0,0.0,0.0,1.0,0.0,0.0,False,Qwen/Qwen3-Coder-30B-A3B-Instruct-FP8,None
2036,Bar,Medium,7.1574811935424805,7.1574811935424805,1,0.0,0.0,0.0,0.0,0.0,0.0,0.0,0.0,0.0,0.0,1.0,0.0,0.0,False,Qwen/Qwen3-Coder-30B-A3B-Instruct-FP8,None
2036,Bar,Medium,7.1574811935424805,7.1574811935424805,1,0.0,0.0,0.0,0.0,0.0,0.0,0.0,0.0,0.0,0.0,1.0,0.0,0.0,False,Qwen/Qwen3-Coder-30B-A3B-Instruct-FP8,None
2059,Pie,Hard,8.661309719085693,17.322619438171387,2,0.0,0.0,0.0,0.0,0.5,0.0,0.0,0.0,0.0,0.5,0.5,0.0,0.0,True,Qwen/Qwen3-Coder-30B-A3B-Instruct-FP8,None
2059,Pie,Hard,8.661309719085693,17.322619438171387,2,0.0,0.0,0.0,0.0,0.5,0.0,0.0,0.0,0.0,0.5,0.5,0.0,0.0,True,Qwen/Qwen3-Coder-30B-A3B-Instruct-FP8,None
2059,Pie,Hard,8.661309719085693,17.322619438171387,2,0.0,0.0,0.0,0.0,0.5,0.0,0.0,0.0,0.0,0.5,0.5,0.0,0.0,True,Qwen/Qwen3-Coder-30B-A3B-Instruct-FP8,None
2065,Pie,Medium,2.183898369471232,6.551695108413696,3,0.0,0.0,0.0,0.0,0.0,0.0,0.0,0.0,0.0,0.0,1.0,0.0,0.0,False,Qwen/Qwen3-Coder-30B-A3B-Instruct-FP8,None
2065,Pie,Medium,2.183898369471232,6.551695108413696,3,0.0,0.0,0.0,0.0,0.0,0.0,0.0,0.0,0.0,0.0,1.0,0.0,0.0,False,Qwen/Qwen3-Coder-30B-A3B-Instruct-FP8,None
2065,Pie,Medium,2.183898369471232,6.551695108413696,3,0.0,0.0,0.0,0.0,0.0,0.0,0.0,0.0,0.0,0.0,1.0,0.0,0.0,False,Qwen/Qwen3-Coder-30B-A3B-Instruct-FP8,None
2067,Pie,Medium,2.5339972972869873,5.067994594573975,2,0.0,0.0,0.0,0.0,0.0,0.0,0.0,0.0,0.0,0.0,1.0,0.0,0.0,False,Qwen/Qwen3-Coder-30B-A3B-Instruct-FP8,None
2067,Pie,Medium,2.5339972972869873,5.067994594573975,2,0.0,0.0,0.0,0.0,0.0,0.0,0.0,0.0,0.0,0.0,1.0,0.0,0.0,False,Qwen/Qwen3-Coder-30B-A3B-Instruct-FP8,None
2067,Pie,Medium,2.5339972972869873,5.067994594573975,2,0.0,0.0,0.0,0.0,0.0,0.0,0.0,0.0,0.0,0.0,1.0,0.0,0.0,False,Qwen/Qwen3-Coder-30B-A3B-Instruct-FP8,None
2071,Pie,Medium,3.209414839744568,6.418829679489136,2,0.0,0.0,0.0,0.0,0.0,0.0,0.0,0.0,0.0,0.0,1.0,0.0,0.0,True,Qwen/Qwen3-Coder-30B-A3B-Instruct-FP8,None
2071,Pie,Medium,3.209414839744568,6.418829679489136,2,0.0,0.0,0.0,0.0,0.0,0.0,0.0,0.0,0.0,0.0,1.0,0.0,0.0,True,Qwen/Qwen3-Coder-30B-A3B-Instruct-FP8,None
2071,Pie,Medium,3.209414839744568,6.418829679489136,2,0.0,0.0,0.0,0.0,0.0,0.0,0.0,0.0,0.0,0.0,1.0,0.0,0.0,True,Qwen/Qwen3-Coder-30B-A3B-Instruct-FP8,None
2074,Pie,Extra Hard,4.476045608520508,4.476045608520508,1,0.0,0.0,0.0,0.0,0.0,0.0,0.0,0.0,0.0,0.0,1.0,0.0,0.0,True,Qwen/Qwen3-Coder-30B-A3B-Instruct-FP8,None
2074,Pie,Extra Hard,4.476045608520508,4.476045608520508,1,0.0,0.0,0.0,0.0,0.0,0.0,0.0,0.0,0.0,0.0,1.0,0.0,0.0,True,Qwen/Qwen3-Coder-30B-A3B-Instruct-FP8,None
2074,Pie,Extra Hard,4.476045608520508,4.476045608520508,1,0.0,0.0,0.0,0.0,0.0,0.0,0.0,0.0,0.0,0.0,1.0,0.0,0.0,True,Qwen/Qwen3-Coder-30B-A3B-Instruct-FP8,None
2093,Pie,Medium,3.3694276809692383,6.738855361938477,2,0.0,0.0,0.0,0.0,0.5,0.0,0.0,0.0,0.0,0.5,0.5,0.0,0.0,True,Qwen/Qwen3-Coder-30B-A3B-Instruct-FP8,None
2093,Pie,Medium,3.3694276809692383,6.738855361938477,2,0.0,0.0,0.0,0.0,0.5,0.0,0.0,0.0,0.0,0.5,0.5,0.0,0.0,True,Qwen/Qwen3-Coder-30B-A3B-Instruct-FP8,None
2093,Pie,Medium,3.3694276809692383,6.738855361938477,2,0.0,0.0,0.0,0.0,0.5,0.0,0.0,0.0,0.0,0.5,0.5,0.0,0.0,True,Qwen/Qwen3-Coder-30B-A3B-Instruct-FP8,None
2096,Bar,Medium,3.179898738861084,3.179898738861084,1,0.0,0.0,0.0,0.0,0.0,0.0,0.0,0.0,0.0,0.0,1.0,0.0,0.0,True,Qwen/Qwen3-Coder-30B-A3B-Instruct-FP8,None
2096,Bar,Medium,3.179898738861084,3.179898738861084,1,0.0,0.0,0.0,0.0,0.0,0.0,0.0,0.0,0.0,0.0,1.0,0.0,0.0,True,Qwen/Qwen3-Coder-30B-A3B-Instruct-FP8,None
2096,Bar,Medium,3.179898738861084,3.179898738861084,1,0.0,0.0,0.0,0.0,0.0,0.0,0.0,0.0,0.0,0.0,1.0,0.0,0.0,True,Qwen/Qwen3-Coder-30B-A3B-Instruct-FP8,None
2110,Bar,Easy,2.281304955482483,4.562609910964966,2,0.0,0.0,0.0,0.0,0.0,0.0,0.0,0.0,0.0,0.0,1.0,0.0,0.0,False,Qwen/Qwen3-Coder-30B-A3B-Instruct-FP8,None
2110,Bar,Easy,2.281304955482483,4.562609910964966,2,0.0,0.0,0.0,0.0,0.0,0.0,0.0,0.0,0.0,0.0,1.0,0.0,0.0,False,Qwen/Qwen3-Coder-30B-A3B-Instruct-FP8,None
2110,Bar,Easy,2.281304955482483,4.562609910964966,2,0.0,0.0,0.0,0.0,0.0,0.0,0.0,0.0,0.0,0.0,1.0,0.0,0.0,False,Qwen/Qwen3-Coder-30B-A3B-Instruct-FP8,None
2119,Bar,Easy,5.177456736564636,10.354913473129272,2,0.0,0.0,0.0,0.0,0.0,0.0,0.0,0.0,0.0,0.0,1.0,0.0,0.0,False,Qwen/Qwen3-Coder-30B-A3B-Instruct-FP8,None
2119,Bar,Easy,5.177456736564636,10.354913473129272,2,0.0,0.0,0.0,0.0,0.0,0.0,0.0,0.0,0.0,0.0,1.0,0.0,0.0,False,Qwen/Qwen3-Coder-30B-A3B-Instruct-FP8,None
2119,Bar,Easy,5.177456736564636,10.354913473129272,2,0.0,0.0,0.0,0.0,0.0,0.0,0.0,0.0,0.0,0.0,1.0,0.0,0.0,False,Qwen/Qwen3-Coder-30B-A3B-Instruct-FP8,None
2132,Pie,Hard,3.598579168319702,3.598579168319702,1,0.0,0.0,0.0,0.0,0.0,0.0,0.0,0.0,0.0,0.0,1.0,0.0,0.0,True,Qwen/Qwen3-Coder-30B-A3B-Instruct-FP8,None
2132,Pie,Hard,3.598579168319702,3.598579168319702,1,0.0,0.0,0.0,0.0,0.0,0.0,0.0,0.0,0.0,0.0,1.0,0.0,0.0,True,Qwen/Qwen3-Coder-30B-A3B-Instruct-FP8,None
2132,Pie,Hard,3.598579168319702,3.598579168319702,1,0.0,0.0,0.0,0.0,0.0,0.0,0.0,0.0,0.0,0.0,1.0,0.0,0.0,True,Qwen/Qwen3-Coder-30B-A3B-Instruct-FP8,None
2144,Bar,Medium,3.6195719242095947,3.6195719242095947,1,0.0,0.0,0.0,0.0,1.0,0.0,0.0,0.0,0.0,1.0,0.0,,0.0,True,Qwen/Qwen3-Coder-30B-A3B-Instruct-FP8,None
2144,Bar,Medium,3.6195719242095947,3.6195719242095947,1,0.0,0.0,0.0,0.0,1.0,0.0,0.0,0.0,0.0,1.0,0.0,,0.0,True,Qwen/Qwen3-Coder-30B-A3B-Instruct-FP8,None
2144,Bar,Medium,3.6195719242095947,3.6195719242095947,1,0.0,0.0,0.0,0.0,1.0,0.0,0.0,0.0,0.0,1.0,0.0,,0.0,True,Qwen/Qwen3-Coder-30B-A3B-Instruct-FP8,None
2155,Pie,Hard,4.549786329269409,4.549786329269409,1,0.0,0.0,0.0,0.0,1.0,0.0,0.0,0.0,0.0,1.0,0.0,,0.0,True,Qwen/Qwen3-Coder-30B-A3B-Instruct-FP8,None
2155,Pie,Hard,4.549786329269409,4.549786329269409,1,0.0,0.0,0.0,0.0,1.0,0.0,0.0,0.0,0.0,1.0,0.0,,0.0,True,Qwen/Qwen3-Coder-30B-A3B-Instruct-FP8,None
2155,Pie,Hard,4.549786329269409,4.549786329269409,1,0.0,0.0,0.0,0.0,1.0,0.0,0.0,0.0,0.0,1.0,0.0,,0.0,True,Qwen/Qwen3-Coder-30B-A3B-Instruct-FP8,None
2161,Pie,Hard,4.828149159749349,14.484447479248047,3,0.0,0.0,0.0,0.0,0.0,0.0,0.0,0.0,0.0,0.0,1.0,0.0,0.0,True,Qwen/Qwen3-Coder-30B-A3B-Instruct-FP8,None
2161,Pie,Hard,4.828149159749349,14.484447479248047,3,0.0,0.0,0.0,0.0,0.0,0.0,0.0,0.0,0.0,0.0,1.0,0.0,0.0,True,Qwen/Qwen3-Coder-30B-A3B-Instruct-FP8,None
2161,Pie,Hard,4.828149159749349,14.484447479248047,3,0.0,0.0,0.0,0.0,0.0,0.0,0.0,0.0,0.0,0.0,1.0,0.0,0.0,True,Qwen/Qwen3-Coder-30B-A3B-Instruct-FP8,None
2166,Pie,Medium,3.7543694972991943,3.7543694972991943,1,0.0,0.0,0.0,0.0,0.0,0.0,0.0,0.0,0.0,0.0,1.0,0.0,0.0,True,Qwen/Qwen3-Coder-30B-A3B-Instruct-FP8,None
2166,Pie,Medium,3.7543694972991943,3.7543694972991943,1,0.0,0.0,0.0,0.0,0.0,0.0,0.0,0.0,0.0,0.0,1.0,0.0,0.0,True,Qwen/Qwen3-Coder-30B-A3B-Instruct-FP8,None
2166,Pie,Medium,3.7543694972991943,3.7543694972991943,1,0.0,0.0,0.0,0.0,0.0,0.0,0.0,0.0,0.0,0.0,1.0,0.0,0.0,True,Qwen/Qwen3-Coder-30B-A3B-Instruct-FP8,None
2167,Bar,Medium,3.646172364552816,10.938517093658447,3,0.0,0.0,0.0,0.0,0.0,0.0,0.0,0.0,0.0,0.0,1.0,0.0,0.0,True,Qwen/Qwen3-Coder-30B-A3B-Instruct-FP8,None
2167,Bar,Medium,3.646172364552816,10.938517093658447,3,0.0,0.0,0.0,0.0,0.0,0.0,0.0,0.0,0.0,0.0,1.0,0.0,0.0,True,Qwen/Qwen3-Coder-30B-A3B-Instruct-FP8,None
2167,Bar,Medium,3.646172364552816,10.938517093658447,3,0.0,0.0,0.0,0.0,0.0,0.0,0.0,0.0,0.0,0.0,1.0,0.0,0.0,True,Qwen/Qwen3-Coder-30B-A3B-Instruct-FP8,None
2168,Pie,Easy,2.1560685634613037,6.468205690383911,3,0.0,0.0,0.0,0.0,0.0,0.0,0.0,0.0,0.0,0.0,1.0,0.0,0.0,False,Qwen/Qwen3-Coder-30B-A3B-Instruct-FP8,None
2168,Pie,Easy,2.1560685634613037,6.468205690383911,3,0.0,0.0,0.0,0.0,0.0,0.0,0.0,0.0,0.0,0.0,1.0,0.0,0.0,False,Qwen/Qwen3-Coder-30B-A3B-Instruct-FP8,None
2168,Pie,Easy,2.1560685634613037,6.468205690383911,3,0.0,0.0,0.0,0.0,0.0,0.0,0.0,0.0,0.0,0.0,1.0,0.0,0.0,False,Qwen/Qwen3-Coder-30B-A3B-Instruct-FP8,None
2170,Pie,Hard,8.528483629226685,8.528483629226685,1,0.0,0.0,0.0,0.0,1.0,0.0,0.0,0.0,0.0,1.0,0.0,,0.0,True,Qwen/Qwen3-Coder-30B-A3B-Instruct-FP8,None
2170,Pie,Hard,8.528483629226685,8.528483629226685,1,0.0,0.0,0.0,0.0,1.0,0.0,0.0,0.0,0.0,1.0,0.0,,0.0,True,Qwen/Qwen3-Coder-30B-A3B-Instruct-FP8,None
2170,Pie,Hard,8.528483629226685,8.528483629226685,1,0.0,0.0,0.0,0.0,1.0,0.0,0.0,0.0,0.0,1.0,0.0,,0.0,True,Qwen/Qwen3-Coder-30B-A3B-Instruct-FP8,None
2171,Bar,Hard,10.213392575581869,30.640177726745605,3,0.0,0.0,0.0,0.0,0.0,0.0,0.0,0.0,0.0,0.0,1.0,0.0,0.0,True,Qwen/Qwen3-Coder-30B-A3B-Instruct-FP8,None
2171,Bar,Hard,10.213392575581869,30.640177726745605,3,0.0,0.0,0.0,0.0,0.0,0.0,0.0,0.0,0.0,0.0,1.0,0.0,0.0,True,Qwen/Qwen3-Coder-30B-A3B-Instruct-FP8,None
2171,Bar,Hard,10.213392575581869,30.640177726745605,3,0.0,0.0,0.0,0.0,0.0,0.0,0.0,0.0,0.0,0.0,1.0,0.0,0.0,True,Qwen/Qwen3-Coder-30B-A3B-Instruct-FP8,None
2172,Bar,Medium,2.7731516361236572,8.319454908370972,3,0.0,0.0,0.0,0.0,0.3333333333333333,0.0,0.0,0.0,0.0,0.3333333333333333,0.6666666666666666,0.0,0.0,False,Qwen/Qwen3-Coder-30B-A3B-Instruct-FP8,None
2172,Bar,Medium,2.7731516361236572,8.319454908370972,3,0.0,0.0,0.0,0.0,0.3333333333333333,0.0,0.0,0.0,0.0,0.3333333333333333,0.6666666666666666,0.0,0.0,False,Qwen/Qwen3-Coder-30B-A3B-Instruct-FP8,None
2172,Bar,Medium,2.7731516361236572,8.319454908370972,3,0.0,0.0,0.0,0.0,0.3333333333333333,0.0,0.0,0.0,0.0,0.3333333333333333,0.6666666666666666,0.0,0.0,False,Qwen/Qwen3-Coder-30B-A3B-Instruct-FP8,None
2174,Bar,Easy,7.905139923095703,7.905139923095703,1,0.0,0.0,0.0,0.0,1.0,0.0,0.0,0.0,0.0,1.0,0.0,,0.0,False,Qwen/Qwen3-Coder-30B-A3B-Instruct-FP8,None
2174,Bar,Easy,7.905139923095703,7.905139923095703,1,0.0,0.0,0.0,0.0,1.0,0.0,0.0,0.0,0.0,1.0,0.0,,0.0,False,Qwen/Qwen3-Coder-30B-A3B-Instruct-FP8,None
2174,Bar,Easy,7.905139923095703,7.905139923095703,1,0.0,0.0,0.0,0.0,1.0,0.0,0.0,0.0,0.0,1.0,0.0,,0.0,False,Qwen/Qwen3-Coder-30B-A3B-Instruct-FP8,None
2180,Bar,Easy,1.863802433013916,5.591407299041748,3,0.0,0.0,0.0,0.0,0.0,0.0,0.0,0.0,0.0,0.0,1.0,0.0,0.0,False,Qwen/Qwen3-Coder-30B-A3B-Instruct-FP8,None
2180,Bar,Easy,1.863802433013916,5.591407299041748,3,0.0,0.0,0.0,0.0,0.0,0.0,0.0,0.0,0.0,0.0,1.0,0.0,0.0,False,Qwen/Qwen3-Coder-30B-A3B-Instruct-FP8,None
2180,Bar,Easy,1.863802433013916,5.591407299041748,3,0.0,0.0,0.0,0.0,0.0,0.0,0.0,0.0,0.0,0.0,1.0,0.0,0.0,False,Qwen/Qwen3-Coder-30B-A3B-Instruct-FP8,None
2181,Bar,Easy,2.829318940639496,11.317275762557983,4,0.0,0.0,0.0,0.0,0.0,0.0,0.0,0.0,0.0,0.0,1.0,0.0,0.0,False,Qwen/Qwen3-Coder-30B-A3B-Instruct-FP8,None
2181,Bar,Easy,2.829318940639496,11.317275762557983,4,0.0,0.0,0.0,0.0,0.0,0.0,0.0,0.0,0.0,0.0,1.0,0.0,0.0,False,Qwen/Qwen3-Coder-30B-A3B-Instruct-FP8,None
2181,Bar,Easy,2.829318940639496,11.317275762557983,4,0.0,0.0,0.0,0.0,0.0,0.0,0.0,0.0,0.0,0.0,1.0,0.0,0.0,False,Qwen/Qwen3-Coder-30B-A3B-Instruct-FP8,None
2218,Bar,Medium,3.1551231384277343,15.775615692138672,5,0.0,0.0,0.0,0.0,0.0,0.0,0.0,0.0,0.0,0.0,1.0,0.0,0.0,True,Qwen/Qwen3-Coder-30B-A3B-Instruct-FP8,None
2218,Bar,Medium,3.1551231384277343,15.775615692138672,5,0.0,0.0,0.0,0.0,0.0,0.0,0.0,0.0,0.0,0.0,1.0,0.0,0.0,True,Qwen/Qwen3-Coder-30B-A3B-Instruct-FP8,None
2218,Bar,Medium,3.1551231384277343,15.775615692138672,5,0.0,0.0,0.0,0.0,0.0,0.0,0.0,0.0,0.0,0.0,1.0,0.0,0.0,True,Qwen/Qwen3-Coder-30B-A3B-Instruct-FP8,None
2219,Bar,Medium,3.3615111112594604,13.446044445037842,4,0.0,0.0,0.0,0.0,0.0,0.0,0.0,0.0,0.0,0.0,1.0,0.0,0.0,True,Qwen/Qwen3-Coder-30B-A3B-Instruct-FP8,None
2219,Bar,Medium,3.3615111112594604,13.446044445037842,4,0.0,0.0,0.0,0.0,0.0,0.0,0.0,0.0,0.0,0.0,1.0,0.0,0.0,True,Qwen/Qwen3-Coder-30B-A3B-Instruct-FP8,None
2219,Bar,Medium,3.3615111112594604,13.446044445037842,4,0.0,0.0,0.0,0.0,0.0,0.0,0.0,0.0,0.0,0.0,1.0,0.0,0.0,True,Qwen/Qwen3-Coder-30B-A3B-Instruct-FP8,None
2226,Bar,Medium,4.890353202819824,24.45176601409912,5,0.0,0.0,0.0,0.0,0.0,0.0,0.0,0.0,0.0,0.0,1.0,0.0,0.0,True,Qwen/Qwen3-Coder-30B-A3B-Instruct-FP8,None
2226,Bar,Medium,4.890353202819824,24.45176601409912,5,0.0,0.0,0.0,0.0,0.0,0.0,0.0,0.0,0.0,0.0,1.0,0.0,0.0,True,Qwen/Qwen3-Coder-30B-A3B-Instruct-FP8,None
2226,Bar,Medium,4.890353202819824,24.45176601409912,5,0.0,0.0,0.0,0.0,0.0,0.0,0.0,0.0,0.0,0.0,1.0,0.0,0.0,True,Qwen/Qwen3-Coder-30B-A3B-Instruct-FP8,None
2229,Bar,Medium,4.126001167297363,20.630005836486816,5,0.0,0.0,0.0,0.0,0.0,0.0,0.0,0.0,0.0,0.0,1.0,0.0,0.0,True,Qwen/Qwen3-Coder-30B-A3B-Instruct-FP8,None
2229,Bar,Medium,4.126001167297363,20.630005836486816,5,0.0,0.0,0.0,0.0,0.0,0.0,0.0,0.0,0.0,0.0,1.0,0.0,0.0,True,Qwen/Qwen3-Coder-30B-A3B-Instruct-FP8,None
2229,Bar,Medium,4.126001167297363,20.630005836486816,5,0.0,0.0,0.0,0.0,0.0,0.0,0.0,0.0,0.0,0.0,1.0,0.0,0.0,True,Qwen/Qwen3-Coder-30B-A3B-Instruct-FP8,None
2230,Bar,Medium,3.7002573013305664,18.501286506652832,5,0.0,0.0,0.0,0.0,0.0,0.0,0.0,0.0,0.0,0.0,1.0,0.0,0.0,True,Qwen/Qwen3-Coder-30B-A3B-Instruct-FP8,None
2230,Bar,Medium,3.7002573013305664,18.501286506652832,5,0.0,0.0,0.0,0.0,0.0,0.0,0.0,0.0,0.0,0.0,1.0,0.0,0.0,True,Qwen/Qwen3-Coder-30B-A3B-Instruct-FP8,None
2230,Bar,Medium,3.7002573013305664,18.501286506652832,5,0.0,0.0,0.0,0.0,0.0,0.0,0.0,0.0,0.0,0.0,1.0,0.0,0.0,True,Qwen/Qwen3-Coder-30B-A3B-Instruct-FP8,None
2270,Scatter,Easy,3.3172653317451477,13.26906132698059,4,0.0,0.0,0.0,0.0,0.0,0.0,0.0,0.0,0.0,0.0,1.0,0.0,0.0,True,Qwen/Qwen3-Coder-30B-A3B-Instruct-FP8,None
2270,Scatter,Easy,3.3172653317451477,13.26906132698059,4,0.0,0.0,0.0,0.0,0.0,0.0,0.0,0.0,0.0,0.0,1.0,0.0,0.0,True,Qwen/Qwen3-Coder-30B-A3B-Instruct-FP8,None
2270,Scatter,Easy,3.3172653317451477,13.26906132698059,4,0.0,0.0,0.0,0.0,0.0,0.0,0.0,0.0,0.0,0.0,1.0,0.0,0.0,True,Qwen/Qwen3-Coder-30B-A3B-Instruct-FP8,None
2280,Grouping Scatter,Medium,15.63253140449524,31.26506280899048,2,1.0,0.0,0.0,0.0,0.0,0.0,0.0,0.0,1.0,0.0,0.0,,0.0,True,Qwen/Qwen3-Coder-30B-A3B-Instruct-FP8,None
2280,Grouping Scatter,Medium,15.63253140449524,31.26506280899048,2,1.0,0.0,0.0,0.0,0.0,0.0,0.0,0.0,1.0,0.0,0.0,,0.0,True,Qwen/Qwen3-Coder-30B-A3B-Instruct-FP8,None
2280,Grouping Scatter,Medium,15.63253140449524,31.26506280899048,2,1.0,0.0,0.0,0.0,0.0,0.0,0.0,0.0,1.0,0.0,0.0,,0.0,True,Qwen/Qwen3-Coder-30B-A3B-Instruct-FP8,None
2289,Grouping Scatter,Medium,11.635492992401122,58.177464962005615,5,0.2,0.0,0.0,0.0,0.8,0.0,0.0,0.0,0.2,0.8,0.0,,0.0,True,Qwen/Qwen3-Coder-30B-A3B-Instruct-FP8,None
2289,Grouping Scatter,Medium,11.635492992401122,58.177464962005615,5,0.2,0.0,0.0,0.0,0.8,0.0,0.0,0.0,0.2,0.8,0.0,,0.0,True,Qwen/Qwen3-Coder-30B-A3B-Instruct-FP8,None
2289,Grouping Scatter,Medium,11.635492992401122,58.177464962005615,5,0.2,0.0,0.0,0.0,0.8,0.0,0.0,0.0,0.2,0.8,0.0,,0.0,True,Qwen/Qwen3-Coder-30B-A3B-Instruct-FP8,None
2299,Grouping Scatter,Medium,10.56856393814087,10.56856393814087,1,0.0,0.0,0.0,0.0,0.0,0.0,0.0,0.0,0.0,0.0,1.0,0.0,0.0,True,Qwen/Qwen3-Coder-30B-A3B-Instruct-FP8,None
2299,Grouping Scatter,Medium,10.56856393814087,10.56856393814087,1,0.0,0.0,0.0,0.0,0.0,0.0,0.0,0.0,0.0,0.0,1.0,0.0,0.0,True,Qwen/Qwen3-Coder-30B-A3B-Instruct-FP8,None
2299,Grouping Scatter,Medium,10.56856393814087,10.56856393814087,1,0.0,0.0,0.0,0.0,0.0,0.0,0.0,0.0,0.0,0.0,1.0,0.0,0.0,True,Qwen/Qwen3-Coder-30B-A3B-Instruct-FP8,None
2303,Bar,Easy,2.704495668411255,5.40899133682251,2,0.0,0.0,0.0,0.0,0.0,0.0,0.0,0.0,0.0,0.0,1.0,0.0,0.0,False,Qwen/Qwen3-Coder-30B-A3B-Instruct-FP8,None
2303,Bar,Easy,2.704495668411255,5.40899133682251,2,0.0,0.0,0.0,0.0,0.0,0.0,0.0,0.0,0.0,0.0,1.0,0.0,0.0,False,Qwen/Qwen3-Coder-30B-A3B-Instruct-FP8,None
2303,Bar,Easy,2.704495668411255,5.40899133682251,2,0.0,0.0,0.0,0.0,0.0,0.0,0.0,0.0,0.0,0.0,1.0,0.0,0.0,False,Qwen/Qwen3-Coder-30B-A3B-Instruct-FP8,None
2304,Bar,Easy,2.570646047592163,2.570646047592163,1,0.0,0.0,0.0,0.0,0.0,0.0,0.0,0.0,0.0,0.0,1.0,0.0,0.0,False,Qwen/Qwen3-Coder-30B-A3B-Instruct-FP8,None
2304,Bar,Easy,2.570646047592163,2.570646047592163,1,0.0,0.0,0.0,0.0,0.0,0.0,0.0,0.0,0.0,0.0,1.0,0.0,0.0,False,Qwen/Qwen3-Coder-30B-A3B-Instruct-FP8,None
2304,Bar,Easy,2.570646047592163,2.570646047592163,1,0.0,0.0,0.0,0.0,0.0,0.0,0.0,0.0,0.0,0.0,1.0,0.0,0.0,False,Qwen/Qwen3-Coder-30B-A3B-Instruct-FP8,None
2307,Pie,Easy,2.7711260318756104,2.7711260318756104,1,0.0,0.0,0.0,0.0,0.0,0.0,0.0,0.0,0.0,0.0,1.0,0.0,0.0,False,Qwen/Qwen3-Coder-30B-A3B-Instruct-FP8,None
2307,Pie,Easy,2.7711260318756104,2.7711260318756104,1,0.0,0.0,0.0,0.0,0.0,0.0,0.0,0.0,0.0,0.0,1.0,0.0,0.0,False,Qwen/Qwen3-Coder-30B-A3B-Instruct-FP8,None
2307,Pie,Easy,2.7711260318756104,2.7711260318756104,1,0.0,0.0,0.0,0.0,0.0,0.0,0.0,0.0,0.0,0.0,1.0,0.0,0.0,False,Qwen/Qwen3-Coder-30B-A3B-Instruct-FP8,None
2309,Pie,Medium,3.735499143600464,3.735499143600464,1,0.0,0.0,0.0,0.0,1.0,0.0,0.0,0.0,0.0,1.0,0.0,,0.0,True,Qwen/Qwen3-Coder-30B-A3B-Instruct-FP8,None
2309,Pie,Medium,3.735499143600464,3.735499143600464,1,0.0,0.0,0.0,0.0,1.0,0.0,0.0,0.0,0.0,1.0,0.0,,0.0,True,Qwen/Qwen3-Coder-30B-A3B-Instruct-FP8,None
2309,Pie,Medium,3.735499143600464,3.735499143600464,1,0.0,0.0,0.0,0.0,1.0,0.0,0.0,0.0,0.0,1.0,0.0,,0.0,True,Qwen/Qwen3-Coder-30B-A3B-Instruct-FP8,None
2311,Pie,Easy,5.583100438117981,11.166200876235962,2,0.0,0.0,0.0,0.0,1.0,0.0,0.0,0.0,0.0,1.0,0.0,,0.0,False,Qwen/Qwen3-Coder-30B-A3B-Instruct-FP8,None
2311,Pie,Easy,5.583100438117981,11.166200876235962,2,0.0,0.0,0.0,0.0,1.0,0.0,0.0,0.0,0.0,1.0,0.0,,0.0,False,Qwen/Qwen3-Coder-30B-A3B-Instruct-FP8,None
2311,Pie,Easy,5.583100438117981,11.166200876235962,2,0.0,0.0,0.0,0.0,1.0,0.0,0.0,0.0,0.0,1.0,0.0,,0.0,False,Qwen/Qwen3-Coder-30B-A3B-Instruct-FP8,None
2343,Pie,Hard,3.9933298428853354,11.979989528656006,3,0.0,0.0,0.0,0.0,1.0,0.0,0.0,0.0,0.0,1.0,0.0,,0.0,True,Qwen/Qwen3-Coder-30B-A3B-Instruct-FP8,None
2343,Pie,Hard,3.9933298428853354,11.979989528656006,3,0.0,0.0,0.0,0.0,1.0,0.0,0.0,0.0,0.0,1.0,0.0,,0.0,True,Qwen/Qwen3-Coder-30B-A3B-Instruct-FP8,None
2343,Pie,Hard,3.9933298428853354,11.979989528656006,3,0.0,0.0,0.0,0.0,1.0,0.0,0.0,0.0,0.0,1.0,0.0,,0.0,True,Qwen/Qwen3-Coder-30B-A3B-Instruct-FP8,None
2344,Bar,Hard,4.063725074132283,12.19117522239685,3,0.0,0.0,0.0,0.0,0.0,0.0,0.0,0.0,0.0,0.0,1.0,0.0,0.0,True,Qwen/Qwen3-Coder-30B-A3B-Instruct-FP8,None
2344,Bar,Hard,4.063725074132283,12.19117522239685,3,0.0,0.0,0.0,0.0,0.0,0.0,0.0,0.0,0.0,0.0,1.0,0.0,0.0,True,Qwen/Qwen3-Coder-30B-A3B-Instruct-FP8,None
2344,Bar,Hard,4.063725074132283,12.19117522239685,3,0.0,0.0,0.0,0.0,0.0,0.0,0.0,0.0,0.0,0.0,1.0,0.0,0.0,True,Qwen/Qwen3-Coder-30B-A3B-Instruct-FP8,None
2346,Pie,Extra Hard,4.594496846199036,9.188993692398071,2,0.0,0.0,0.0,0.0,0.0,0.0,0.0,0.0,0.0,0.0,1.0,0.0,0.0,True,Qwen/Qwen3-Coder-30B-A3B-Instruct-FP8,None
2346,Pie,Extra Hard,4.594496846199036,9.188993692398071,2,0.0,0.0,0.0,0.0,0.0,0.0,0.0,0.0,0.0,0.0,1.0,0.0,0.0,True,Qwen/Qwen3-Coder-30B-A3B-Instruct-FP8,None
2346,Pie,Extra Hard,4.594496846199036,9.188993692398071,2,0.0,0.0,0.0,0.0,0.0,0.0,0.0,0.0,0.0,0.0,1.0,0.0,0.0,True,Qwen/Qwen3-Coder-30B-A3B-Instruct-FP8,None
2348,Pie,Easy,1.9116084575653076,3.8232169151306152,2,0.0,0.0,0.0,0.0,0.5,0.0,0.0,0.0,0.0,0.5,0.5,0.0,0.0,False,Qwen/Qwen3-Coder-30B-A3B-Instruct-FP8,None
2348,Pie,Easy,1.9116084575653076,3.8232169151306152,2,0.0,0.0,0.0,0.0,0.5,0.0,0.0,0.0,0.0,0.5,0.5,0.0,0.0,False,Qwen/Qwen3-Coder-30B-A3B-Instruct-FP8,None
2348,Pie,Easy,1.9116084575653076,3.8232169151306152,2,0.0,0.0,0.0,0.0,0.5,0.0,0.0,0.0,0.0,0.5,0.5,0.0,0.0,False,Qwen/Qwen3-Coder-30B-A3B-Instruct-FP8,None
2350,Pie,Easy,3.008113384246826,3.008113384246826,1,0.0,0.0,0.0,0.0,0.0,0.0,0.0,0.0,0.0,0.0,1.0,0.0,0.0,False,Qwen/Qwen3-Coder-30B-A3B-Instruct-FP8,None
2350,Pie,Easy,3.008113384246826,3.008113384246826,1,0.0,0.0,0.0,0.0,0.0,0.0,0.0,0.0,0.0,0.0,1.0,0.0,0.0,False,Qwen/Qwen3-Coder-30B-A3B-Instruct-FP8,None
2350,Pie,Easy,3.008113384246826,3.008113384246826,1,0.0,0.0,0.0,0.0,0.0,0.0,0.0,0.0,0.0,0.0,1.0,0.0,0.0,False,Qwen/Qwen3-Coder-30B-A3B-Instruct-FP8,None
2351,Bar,Easy,2.0111376444498696,6.033412933349609,3,0.0,0.0,0.0,0.0,0.0,0.0,0.0,0.0,0.0,0.0,1.0,0.0,0.0,False,Qwen/Qwen3-Coder-30B-A3B-Instruct-FP8,None
2351,Bar,Easy,2.0111376444498696,6.033412933349609,3,0.0,0.0,0.0,0.0,0.0,0.0,0.0,0.0,0.0,0.0,1.0,0.0,0.0,False,Qwen/Qwen3-Coder-30B-A3B-Instruct-FP8,None
2351,Bar,Easy,2.0111376444498696,6.033412933349609,3,0.0,0.0,0.0,0.0,0.0,0.0,0.0,0.0,0.0,0.0,1.0,0.0,0.0,False,Qwen/Qwen3-Coder-30B-A3B-Instruct-FP8,None
2359,Pie,Medium,3.551458756128947,10.65437626838684,3,0.0,0.0,0.0,0.0,1.0,0.0,0.0,0.0,0.0,1.0,0.0,,0.0,True,Qwen/Qwen3-Coder-30B-A3B-Instruct-FP8,None
2359,Pie,Medium,3.551458756128947,10.65437626838684,3,0.0,0.0,0.0,0.0,1.0,0.0,0.0,0.0,0.0,1.0,0.0,,0.0,True,Qwen/Qwen3-Coder-30B-A3B-Instruct-FP8,None
2359,Pie,Medium,3.551458756128947,10.65437626838684,3,0.0,0.0,0.0,0.0,1.0,0.0,0.0,0.0,0.0,1.0,0.0,,0.0,True,Qwen/Qwen3-Coder-30B-A3B-Instruct-FP8,None
2371,Bar,Medium,3.740574677785238,11.221724033355713,3,0.0,0.0,0.0,0.0,0.0,0.0,0.0,0.0,0.0,0.0,1.0,0.0,0.0,True,Qwen/Qwen3-Coder-30B-A3B-Instruct-FP8,None
2371,Bar,Medium,3.740574677785238,11.221724033355713,3,0.0,0.0,0.0,0.0,0.0,0.0,0.0,0.0,0.0,0.0,1.0,0.0,0.0,True,Qwen/Qwen3-Coder-30B-A3B-Instruct-FP8,None
2371,Bar,Medium,3.740574677785238,11.221724033355713,3,0.0,0.0,0.0,0.0,0.0,0.0,0.0,0.0,0.0,0.0,1.0,0.0,0.0,True,Qwen/Qwen3-Coder-30B-A3B-Instruct-FP8,None
2387,Bar,Easy,15.643454551696777,46.93036365509033,3,1.0,0.0,0.0,0.0,0.0,0.0,0.0,0.0,1.0,0.0,0.0,,0.0,True,Qwen/Qwen3-Coder-30B-A3B-Instruct-FP8,None
2387,Bar,Easy,15.643454551696777,46.93036365509033,3,1.0,0.0,0.0,0.0,0.0,0.0,0.0,0.0,1.0,0.0,0.0,,0.0,True,Qwen/Qwen3-Coder-30B-A3B-Instruct-FP8,None
2387,Bar,Easy,15.643454551696777,46.93036365509033,3,1.0,0.0,0.0,0.0,0.0,0.0,0.0,0.0,1.0,0.0,0.0,,0.0,True,Qwen/Qwen3-Coder-30B-A3B-Instruct-FP8,None
2397,Pie,Medium,3.4555001258850098,3.4555001258850098,1,0.0,0.0,0.0,0.0,0.0,0.0,0.0,0.0,0.0,0.0,1.0,0.0,0.0,True,Qwen/Qwen3-Coder-30B-A3B-Instruct-FP8,None
2397,Pie,Medium,3.4555001258850098,3.4555001258850098,1,0.0,0.0,0.0,0.0,0.0,0.0,0.0,0.0,0.0,0.0,1.0,0.0,0.0,True,Qwen/Qwen3-Coder-30B-A3B-Instruct-FP8,None
2397,Pie,Medium,3.4555001258850098,3.4555001258850098,1,0.0,0.0,0.0,0.0,0.0,0.0,0.0,0.0,0.0,0.0,1.0,0.0,0.0,True,Qwen/Qwen3-Coder-30B-A3B-Instruct-FP8,None
2403,Bar,Extra Hard,3.8407177925109863,3.8407177925109863,1,0.0,0.0,0.0,0.0,0.0,0.0,0.0,0.0,0.0,0.0,1.0,0.0,0.0,True,Qwen/Qwen3-Coder-30B-A3B-Instruct-FP8,None
2403,Bar,Extra Hard,3.8407177925109863,3.8407177925109863,1,0.0,0.0,0.0,0.0,0.0,0.0,0.0,0.0,0.0,0.0,1.0,0.0,0.0,True,Qwen/Qwen3-Coder-30B-A3B-Instruct-FP8,None
2403,Bar,Extra Hard,3.8407177925109863,3.8407177925109863,1,0.0,0.0,0.0,0.0,0.0,0.0,0.0,0.0,0.0,0.0,1.0,0.0,0.0,True,Qwen/Qwen3-Coder-30B-A3B-Instruct-FP8,None
2416,Pie,Easy,2.982072591781616,2.982072591781616,1,0.0,0.0,0.0,0.0,0.0,0.0,0.0,0.0,0.0,0.0,1.0,0.0,0.0,False,Qwen/Qwen3-Coder-30B-A3B-Instruct-FP8,None
2416,Pie,Easy,2.982072591781616,2.982072591781616,1,0.0,0.0,0.0,0.0,0.0,0.0,0.0,0.0,0.0,0.0,1.0,0.0,0.0,False,Qwen/Qwen3-Coder-30B-A3B-Instruct-FP8,None
2416,Pie,Easy,2.982072591781616,2.982072591781616,1,0.0,0.0,0.0,0.0,0.0,0.0,0.0,0.0,0.0,0.0,1.0,0.0,0.0,False,Qwen/Qwen3-Coder-30B-A3B-Instruct-FP8,None
2422,Pie,Easy,2.0740808844566345,8.296323537826538,4,0.0,0.0,0.0,0.0,0.0,0.0,0.0,0.0,0.0,0.0,1.0,0.0,0.0,False,Qwen/Qwen3-Coder-30B-A3B-Instruct-FP8,None
2422,Pie,Easy,2.0740808844566345,8.296323537826538,4,0.0,0.0,0.0,0.0,0.0,0.0,0.0,0.0,0.0,0.0,1.0,0.0,0.0,False,Qwen/Qwen3-Coder-30B-A3B-Instruct-FP8,None
2422,Pie,Easy,2.0740808844566345,8.296323537826538,4,0.0,0.0,0.0,0.0,0.0,0.0,0.0,0.0,0.0,0.0,1.0,0.0,0.0,False,Qwen/Qwen3-Coder-30B-A3B-Instruct-FP8,None
2428,Bar,Easy,2.1167635917663574,10.583817958831787,5,0.0,0.0,0.0,0.0,0.0,0.0,0.0,0.0,0.0,0.0,1.0,0.0,0.0,False,Qwen/Qwen3-Coder-30B-A3B-Instruct-FP8,None
2428,Bar,Easy,2.1167635917663574,10.583817958831787,5,0.0,0.0,0.0,0.0,0.0,0.0,0.0,0.0,0.0,0.0,1.0,0.0,0.0,False,Qwen/Qwen3-Coder-30B-A3B-Instruct-FP8,None
2428,Bar,Easy,2.1167635917663574,10.583817958831787,5,0.0,0.0,0.0,0.0,0.0,0.0,0.0,0.0,0.0,0.0,1.0,0.0,0.0,False,Qwen/Qwen3-Coder-30B-A3B-Instruct-FP8,None
2429,Pie,Hard,3.244894862174988,6.489789724349976,2,0.0,0.0,0.0,0.0,0.0,0.0,0.0,0.0,0.0,0.0,1.0,0.0,0.0,True,Qwen/Qwen3-Coder-30B-A3B-Instruct-FP8,None
2429,Pie,Hard,3.244894862174988,6.489789724349976,2,0.0,0.0,0.0,0.0,0.0,0.0,0.0,0.0,0.0,0.0,1.0,0.0,0.0,True,Qwen/Qwen3-Coder-30B-A3B-Instruct-FP8,None
2429,Pie,Hard,3.244894862174988,6.489789724349976,2,0.0,0.0,0.0,0.0,0.0,0.0,0.0,0.0,0.0,0.0,1.0,0.0,0.0,True,Qwen/Qwen3-Coder-30B-A3B-Instruct-FP8,None
2432,Bar,Medium,2.8009482622146606,5.601896524429321,2,0.0,0.0,0.0,0.0,0.0,0.0,0.0,0.0,0.0,0.0,1.0,0.0,0.0,True,Qwen/Qwen3-Coder-30B-A3B-Instruct-FP8,None
2432,Bar,Medium,2.8009482622146606,5.601896524429321,2,0.0,0.0,0.0,0.0,0.0,0.0,0.0,0.0,0.0,0.0,1.0,0.0,0.0,True,Qwen/Qwen3-Coder-30B-A3B-Instruct-FP8,None
2432,Bar,Medium,2.8009482622146606,5.601896524429321,2,0.0,0.0,0.0,0.0,0.0,0.0,0.0,0.0,0.0,0.0,1.0,0.0,0.0,True,Qwen/Qwen3-Coder-30B-A3B-Instruct-FP8,None
2437,Bar,Easy,3.056828737258911,3.056828737258911,1,0.0,0.0,0.0,0.0,1.0,0.0,0.0,0.0,0.0,1.0,0.0,,0.0,False,Qwen/Qwen3-Coder-30B-A3B-Instruct-FP8,None
2437,Bar,Easy,3.056828737258911,3.056828737258911,1,0.0,0.0,0.0,0.0,1.0,0.0,0.0,0.0,0.0,1.0,0.0,,0.0,False,Qwen/Qwen3-Coder-30B-A3B-Instruct-FP8,None
2437,Bar,Easy,3.056828737258911,3.056828737258911,1,0.0,0.0,0.0,0.0,1.0,0.0,0.0,0.0,0.0,1.0,0.0,,0.0,False,Qwen/Qwen3-Coder-30B-A3B-Instruct-FP8,None
2440,Pie,Easy,2.317298114299774,9.269192457199097,4,0.0,0.0,0.0,0.0,0.25,0.0,0.0,0.0,0.0,0.25,0.75,0.0,0.0,False,Qwen/Qwen3-Coder-30B-A3B-Instruct-FP8,None
2440,Pie,Easy,2.317298114299774,9.269192457199097,4,0.0,0.0,0.0,0.0,0.25,0.0,0.0,0.0,0.0,0.25,0.75,0.0,0.0,False,Qwen/Qwen3-Coder-30B-A3B-Instruct-FP8,None
2440,Pie,Easy,2.317298114299774,9.269192457199097,4,0.0,0.0,0.0,0.0,0.25,0.0,0.0,0.0,0.0,0.25,0.75,0.0,0.0,False,Qwen/Qwen3-Coder-30B-A3B-Instruct-FP8,None
2442,Pie,Medium,3.2704221606254578,13.081688642501831,4,0.0,0.0,0.0,0.0,0.25,0.0,0.0,0.0,0.0,0.25,0.75,0.0,0.0,True,Qwen/Qwen3-Coder-30B-A3B-Instruct-FP8,None
2442,Pie,Medium,3.2704221606254578,13.081688642501831,4,0.0,0.0,0.0,0.0,0.25,0.0,0.0,0.0,0.0,0.25,0.75,0.0,0.0,True,Qwen/Qwen3-Coder-30B-A3B-Instruct-FP8,None
2442,Pie,Medium,3.2704221606254578,13.081688642501831,4,0.0,0.0,0.0,0.0,0.25,0.0,0.0,0.0,0.0,0.25,0.75,0.0,0.0,True,Qwen/Qwen3-Coder-30B-A3B-Instruct-FP8,None
2457,Bar,Medium,4.228245496749878,12.684736490249634,3,0.0,0.0,0.0,0.0,1.0,0.0,0.0,0.0,0.0,1.0,0.0,,0.0,True,Qwen/Qwen3-Coder-30B-A3B-Instruct-FP8,None
2457,Bar,Medium,4.228245496749878,12.684736490249634,3,0.0,0.0,0.0,0.0,1.0,0.0,0.0,0.0,0.0,1.0,0.0,,0.0,True,Qwen/Qwen3-Coder-30B-A3B-Instruct-FP8,None
2457,Bar,Medium,4.228245496749878,12.684736490249634,3,0.0,0.0,0.0,0.0,1.0,0.0,0.0,0.0,0.0,1.0,0.0,,0.0,True,Qwen/Qwen3-Coder-30B-A3B-Instruct-FP8,None
2464,Pie,Medium,2.015599012374878,4.031198024749756,2,0.0,0.0,0.0,0.0,0.0,0.0,0.0,0.0,0.0,0.0,1.0,0.0,0.0,False,Qwen/Qwen3-Coder-30B-A3B-Instruct-FP8,None
2464,Pie,Medium,2.015599012374878,4.031198024749756,2,0.0,0.0,0.0,0.0,0.0,0.0,0.0,0.0,0.0,0.0,1.0,0.0,0.0,False,Qwen/Qwen3-Coder-30B-A3B-Instruct-FP8,None
2464,Pie,Medium,2.015599012374878,4.031198024749756,2,0.0,0.0,0.0,0.0,0.0,0.0,0.0,0.0,0.0,0.0,1.0,0.0,0.0,False,Qwen/Qwen3-Coder-30B-A3B-Instruct-FP8,None
2466,Pie,Easy,1.745010773340861,5.235032320022583,3,0.0,0.0,0.0,0.0,0.0,0.0,0.0,0.0,0.0,0.0,1.0,0.0,0.0,False,Qwen/Qwen3-Coder-30B-A3B-Instruct-FP8,None
2466,Pie,Easy,1.745010773340861,5.235032320022583,3,0.0,0.0,0.0,0.0,0.0,0.0,0.0,0.0,0.0,0.0,1.0,0.0,0.0,False,Qwen/Qwen3-Coder-30B-A3B-Instruct-FP8,None
2466,Pie,Easy,1.745010773340861,5.235032320022583,3,0.0,0.0,0.0,0.0,0.0,0.0,0.0,0.0,0.0,0.0,1.0,0.0,0.0,False,Qwen/Qwen3-Coder-30B-A3B-Instruct-FP8,None
2471,Bar,Medium,7.574902057647705,7.574902057647705,1,0.0,0.0,0.0,0.0,1.0,0.0,0.0,0.0,0.0,1.0,0.0,,0.0,True,Qwen/Qwen3-Coder-30B-A3B-Instruct-FP8,None
2471,Bar,Medium,7.574902057647705,7.574902057647705,1,0.0,0.0,0.0,0.0,1.0,0.0,0.0,0.0,0.0,1.0,0.0,,0.0,True,Qwen/Qwen3-Coder-30B-A3B-Instruct-FP8,None
2471,Bar,Medium,7.574902057647705,7.574902057647705,1,0.0,0.0,0.0,0.0,1.0,0.0,0.0,0.0,0.0,1.0,0.0,,0.0,True,Qwen/Qwen3-Coder-30B-A3B-Instruct-FP8,None
2473,Bar,Easy,1.8589870929718018,13.012909650802612,7,0.0,0.0,0.0,0.0,0.0,0.0,0.0,0.0,0.0,0.0,1.0,0.0,0.0,False,Qwen/Qwen3-Coder-30B-A3B-Instruct-FP8,None
2473,Bar,Easy,1.8589870929718018,13.012909650802612,7,0.0,0.0,0.0,0.0,0.0,0.0,0.0,0.0,0.0,0.0,1.0,0.0,0.0,False,Qwen/Qwen3-Coder-30B-A3B-Instruct-FP8,None
2473,Bar,Easy,1.8589870929718018,13.012909650802612,7,0.0,0.0,0.0,0.0,0.0,0.0,0.0,0.0,0.0,0.0,1.0,0.0,0.0,False,Qwen/Qwen3-Coder-30B-A3B-Instruct-FP8,None
2474,Pie,Medium,14.701169490814209,14.701169490814209,1,0.0,0.0,0.0,0.0,0.0,0.0,0.0,0.0,0.0,0.0,1.0,0.0,0.0,True,Qwen/Qwen3-Coder-30B-A3B-Instruct-FP8,None
2474,Pie,Medium,14.701169490814209,14.701169490814209,1,0.0,0.0,0.0,0.0,0.0,0.0,0.0,0.0,0.0,0.0,1.0,0.0,0.0,True,Qwen/Qwen3-Coder-30B-A3B-Instruct-FP8,None
2474,Pie,Medium,14.701169490814209,14.701169490814209,1,0.0,0.0,0.0,0.0,0.0,0.0,0.0,0.0,0.0,0.0,1.0,0.0,0.0,True,Qwen/Qwen3-Coder-30B-A3B-Instruct-FP8,None
2476,Bar,Medium,3.4307100772857666,6.861420154571533,2,0.0,0.0,0.0,0.0,0.0,0.0,0.0,0.0,0.0,0.0,1.0,0.0,0.0,True,Qwen/Qwen3-Coder-30B-A3B-Instruct-FP8,None
2476,Bar,Medium,3.4307100772857666,6.861420154571533,2,0.0,0.0,0.0,0.0,0.0,0.0,0.0,0.0,0.0,0.0,1.0,0.0,0.0,True,Qwen/Qwen3-Coder-30B-A3B-Instruct-FP8,None
2476,Bar,Medium,3.4307100772857666,6.861420154571533,2,0.0,0.0,0.0,0.0,0.0,0.0,0.0,0.0,0.0,0.0,1.0,0.0,0.0,True,Qwen/Qwen3-Coder-30B-A3B-Instruct-FP8,None
2478,Pie,Medium,7.943594217300415,15.88718843460083,2,0.0,0.0,0.0,0.0,0.0,0.0,0.0,0.0,0.0,0.0,1.0,0.0,0.0,True,Qwen/Qwen3-Coder-30B-A3B-Instruct-FP8,None
2478,Pie,Medium,7.943594217300415,15.88718843460083,2,0.0,0.0,0.0,0.0,0.0,0.0,0.0,0.0,0.0,0.0,1.0,0.0,0.0,True,Qwen/Qwen3-Coder-30B-A3B-Instruct-FP8,None
2478,Pie,Medium,7.943594217300415,15.88718843460083,2,0.0,0.0,0.0,0.0,0.0,0.0,0.0,0.0,0.0,0.0,1.0,0.0,0.0,True,Qwen/Qwen3-Coder-30B-A3B-Instruct-FP8,None
2479,Grouping Scatter,Medium,3.8267756700515747,7.653551340103149,2,0.0,0.0,0.0,0.0,0.0,0.0,0.0,0.0,0.0,0.0,1.0,0.0,0.0,True,Qwen/Qwen3-Coder-30B-A3B-Instruct-FP8,None
2479,Grouping Scatter,Medium,3.8267756700515747,7.653551340103149,2,0.0,0.0,0.0,0.0,0.0,0.0,0.0,0.0,0.0,0.0,1.0,0.0,0.0,True,Qwen/Qwen3-Coder-30B-A3B-Instruct-FP8,None
2479,Grouping Scatter,Medium,3.8267756700515747,7.653551340103149,2,0.0,0.0,0.0,0.0,0.0,0.0,0.0,0.0,0.0,0.0,1.0,0.0,0.0,True,Qwen/Qwen3-Coder-30B-A3B-Instruct-FP8,None
2483,Pie,Easy,2.591036796569824,5.182073593139648,2,0.0,0.0,0.0,0.0,0.0,0.0,0.0,0.0,0.0,0.0,1.0,0.0,0.0,False,Qwen/Qwen3-Coder-30B-A3B-Instruct-FP8,None
2483,Pie,Easy,2.591036796569824,5.182073593139648,2,0.0,0.0,0.0,0.0,0.0,0.0,0.0,0.0,0.0,0.0,1.0,0.0,0.0,False,Qwen/Qwen3-Coder-30B-A3B-Instruct-FP8,None
2483,Pie,Easy,2.591036796569824,5.182073593139648,2,0.0,0.0,0.0,0.0,0.0,0.0,0.0,0.0,0.0,0.0,1.0,0.0,0.0,False,Qwen/Qwen3-Coder-30B-A3B-Instruct-FP8,None
2485,Pie,Easy,1.7444616556167603,3.4889233112335205,2,0.0,0.0,0.0,0.0,0.0,0.0,0.0,0.0,0.0,0.0,1.0,0.0,0.0,False,Qwen/Qwen3-Coder-30B-A3B-Instruct-FP8,None
2485,Pie,Easy,1.7444616556167603,3.4889233112335205,2,0.0,0.0,0.0,0.0,0.0,0.0,0.0,0.0,0.0,0.0,1.0,0.0,0.0,False,Qwen/Qwen3-Coder-30B-A3B-Instruct-FP8,None
2485,Pie,Easy,1.7444616556167603,3.4889233112335205,2,0.0,0.0,0.0,0.0,0.0,0.0,0.0,0.0,0.0,0.0,1.0,0.0,0.0,False,Qwen/Qwen3-Coder-30B-A3B-Instruct-FP8,None
2489,Pie,Easy,2.5058716932932534,7.517615079879761,3,0.0,0.0,0.0,0.0,0.0,0.0,0.0,0.0,0.0,0.0,1.0,0.0,0.0,False,Qwen/Qwen3-Coder-30B-A3B-Instruct-FP8,None
2489,Pie,Easy,2.5058716932932534,7.517615079879761,3,0.0,0.0,0.0,0.0,0.0,0.0,0.0,0.0,0.0,0.0,1.0,0.0,0.0,False,Qwen/Qwen3-Coder-30B-A3B-Instruct-FP8,None
2489,Pie,Easy,2.5058716932932534,7.517615079879761,3,0.0,0.0,0.0,0.0,0.0,0.0,0.0,0.0,0.0,0.0,1.0,0.0,0.0,False,Qwen/Qwen3-Coder-30B-A3B-Instruct-FP8,None
2503,Bar,Easy,2.2702645574297224,15.891851902008057,7,0.0,0.0,0.0,0.0,0.0,0.0,0.0,0.0,0.0,0.0,1.0,0.0,0.0,False,Qwen/Qwen3-Coder-30B-A3B-Instruct-FP8,None
2503,Bar,Easy,2.2702645574297224,15.891851902008057,7,0.0,0.0,0.0,0.0,0.0,0.0,0.0,0.0,0.0,0.0,1.0,0.0,0.0,False,Qwen/Qwen3-Coder-30B-A3B-Instruct-FP8,None
2503,Bar,Easy,2.2702645574297224,15.891851902008057,7,0.0,0.0,0.0,0.0,0.0,0.0,0.0,0.0,0.0,0.0,1.0,0.0,0.0,False,Qwen/Qwen3-Coder-30B-A3B-Instruct-FP8,None
2506,Pie,Easy,2.0736339886983237,6.220901966094971,3,0.0,0.0,0.0,0.0,1.0,0.0,0.0,0.0,0.0,1.0,0.0,,0.0,False,Qwen/Qwen3-Coder-30B-A3B-Instruct-FP8,None
2506,Pie,Easy,2.0736339886983237,6.220901966094971,3,0.0,0.0,0.0,0.0,1.0,0.0,0.0,0.0,0.0,1.0,0.0,,0.0,False,Qwen/Qwen3-Coder-30B-A3B-Instruct-FP8,None
2506,Pie,Easy,2.0736339886983237,6.220901966094971,3,0.0,0.0,0.0,0.0,1.0,0.0,0.0,0.0,0.0,1.0,0.0,,0.0,False,Qwen/Qwen3-Coder-30B-A3B-Instruct-FP8,None
2508,Pie,Medium,3.2666913509368896,16.33345675468445,5,0.0,0.0,0.0,0.0,0.2,0.0,0.0,0.0,0.0,0.2,0.8,0.0,0.0,True,Qwen/Qwen3-Coder-30B-A3B-Instruct-FP8,None
2508,Pie,Medium,3.2666913509368896,16.33345675468445,5,0.0,0.0,0.0,0.0,0.2,0.0,0.0,0.0,0.0,0.2,0.8,0.0,0.0,True,Qwen/Qwen3-Coder-30B-A3B-Instruct-FP8,None
2508,Pie,Medium,3.2666913509368896,16.33345675468445,5,0.0,0.0,0.0,0.0,0.2,0.0,0.0,0.0,0.0,0.2,0.8,0.0,0.0,True,Qwen/Qwen3-Coder-30B-A3B-Instruct-FP8,None
2512,Pie,Medium,3.2368356386820474,9.710506916046143,3,0.0,0.0,0.0,0.0,0.3333333333333333,0.0,0.0,0.0,0.0,0.3333333333333333,0.6666666666666666,0.0,0.0,True,Qwen/Qwen3-Coder-30B-A3B-Instruct-FP8,None
2512,Pie,Medium,3.2368356386820474,9.710506916046143,3,0.0,0.0,0.0,0.0,0.3333333333333333,0.0,0.0,0.0,0.0,0.3333333333333333,0.6666666666666666,0.0,0.0,True,Qwen/Qwen3-Coder-30B-A3B-Instruct-FP8,None
2512,Pie,Medium,3.2368356386820474,9.710506916046143,3,0.0,0.0,0.0,0.0,0.3333333333333333,0.0,0.0,0.0,0.0,0.3333333333333333,0.6666666666666666,0.0,0.0,True,Qwen/Qwen3-Coder-30B-A3B-Instruct-FP8,None
2516,Pie,Medium,3.271540403366089,6.543080806732178,2,0.0,0.0,0.0,0.0,1.0,0.0,0.0,0.0,0.0,1.0,0.0,,0.0,False,Qwen/Qwen3-Coder-30B-A3B-Instruct-FP8,None
2516,Pie,Medium,3.271540403366089,6.543080806732178,2,0.0,0.0,0.0,0.0,1.0,0.0,0.0,0.0,0.0,1.0,0.0,,0.0,False,Qwen/Qwen3-Coder-30B-A3B-Instruct-FP8,None
2516,Pie,Medium,3.271540403366089,6.543080806732178,2,0.0,0.0,0.0,0.0,1.0,0.0,0.0,0.0,0.0,1.0,0.0,,0.0,False,Qwen/Qwen3-Coder-30B-A3B-Instruct-FP8,None
2526,Pie,Easy,2.0843565464019775,4.168713092803955,2,0.0,0.0,0.0,0.0,1.0,0.0,0.0,0.0,0.0,1.0,0.0,,0.0,False,Qwen/Qwen3-Coder-30B-A3B-Instruct-FP8,None
2526,Pie,Easy,2.0843565464019775,4.168713092803955,2,0.0,0.0,0.0,0.0,1.0,0.0,0.0,0.0,0.0,1.0,0.0,,0.0,False,Qwen/Qwen3-Coder-30B-A3B-Instruct-FP8,None
2526,Pie,Easy,2.0843565464019775,4.168713092803955,2,0.0,0.0,0.0,0.0,1.0,0.0,0.0,0.0,0.0,1.0,0.0,,0.0,False,Qwen/Qwen3-Coder-30B-A3B-Instruct-FP8,None
2536,Pie,Hard,12.484649538993835,24.96929907798767,2,0.0,0.0,0.0,0.0,0.5,0.0,0.0,0.0,0.0,0.5,0.5,0.0,0.0,True,Qwen/Qwen3-Coder-30B-A3B-Instruct-FP8,None
2536,Pie,Hard,12.484649538993835,24.96929907798767,2,0.0,0.0,0.0,0.0,0.5,0.0,0.0,0.0,0.0,0.5,0.5,0.0,0.0,True,Qwen/Qwen3-Coder-30B-A3B-Instruct-FP8,None
2536,Pie,Hard,12.484649538993835,24.96929907798767,2,0.0,0.0,0.0,0.0,0.5,0.0,0.0,0.0,0.0,0.5,0.5,0.0,0.0,True,Qwen/Qwen3-Coder-30B-A3B-Instruct-FP8,None
2543,Pie,Easy,2.1128618717193604,2.1128618717193604,1,0.0,0.0,0.0,0.0,0.0,0.0,0.0,0.0,0.0,0.0,1.0,0.0,0.0,False,Qwen/Qwen3-Coder-30B-A3B-Instruct-FP8,None
2543,Pie,Easy,2.1128618717193604,2.1128618717193604,1,0.0,0.0,0.0,0.0,0.0,0.0,0.0,0.0,0.0,0.0,1.0,0.0,0.0,False,Qwen/Qwen3-Coder-30B-A3B-Instruct-FP8,None
2543,Pie,Easy,2.1128618717193604,2.1128618717193604,1,0.0,0.0,0.0,0.0,0.0,0.0,0.0,0.0,0.0,0.0,1.0,0.0,0.0,False,Qwen/Qwen3-Coder-30B-A3B-Instruct-FP8,None
2548,Scatter,Easy,2.7107123136520386,5.421424627304077,2,0.0,0.0,0.0,0.0,0.0,0.0,0.0,0.0,0.0,0.0,1.0,0.0,0.0,False,Qwen/Qwen3-Coder-30B-A3B-Instruct-FP8,None
2548,Scatter,Easy,2.7107123136520386,5.421424627304077,2,0.0,0.0,0.0,0.0,0.0,0.0,0.0,0.0,0.0,0.0,1.0,0.0,0.0,False,Qwen/Qwen3-Coder-30B-A3B-Instruct-FP8,None
2548,Scatter,Easy,2.7107123136520386,5.421424627304077,2,0.0,0.0,0.0,0.0,0.0,0.0,0.0,0.0,0.0,0.0,1.0,0.0,0.0,False,Qwen/Qwen3-Coder-30B-A3B-Instruct-FP8,None
2549,Pie,Easy,2.082167148590088,4.164334297180176,2,0.0,0.0,0.0,0.0,0.0,0.0,0.0,0.0,0.0,0.0,1.0,0.0,0.0,False,Qwen/Qwen3-Coder-30B-A3B-Instruct-FP8,None
2549,Pie,Easy,2.082167148590088,4.164334297180176,2,0.0,0.0,0.0,0.0,0.0,0.0,0.0,0.0,0.0,0.0,1.0,0.0,0.0,False,Qwen/Qwen3-Coder-30B-A3B-Instruct-FP8,None
2549,Pie,Easy,2.082167148590088,4.164334297180176,2,0.0,0.0,0.0,0.0,0.0,0.0,0.0,0.0,0.0,0.0,1.0,0.0,0.0,False,Qwen/Qwen3-Coder-30B-A3B-Instruct-FP8,None
2550,Grouping Scatter,Easy,2.294851462046305,6.884554386138916,3,0.0,0.0,0.0,0.0,0.0,0.0,0.0,0.0,0.0,0.0,1.0,0.0,0.0,False,Qwen/Qwen3-Coder-30B-A3B-Instruct-FP8,None
2550,Grouping Scatter,Easy,2.294851462046305,6.884554386138916,3,0.0,0.0,0.0,0.0,0.0,0.0,0.0,0.0,0.0,0.0,1.0,0.0,0.0,False,Qwen/Qwen3-Coder-30B-A3B-Instruct-FP8,None
2550,Grouping Scatter,Easy,2.294851462046305,6.884554386138916,3,0.0,0.0,0.0,0.0,0.0,0.0,0.0,0.0,0.0,0.0,1.0,0.0,0.0,False,Qwen/Qwen3-Coder-30B-A3B-Instruct-FP8,None
2564,Pie,Hard,4.19036078453064,4.19036078453064,1,0.0,0.0,0.0,0.0,0.0,0.0,0.0,0.0,0.0,0.0,1.0,0.0,0.0,True,Qwen/Qwen3-Coder-30B-A3B-Instruct-FP8,None
2564,Pie,Hard,4.19036078453064,4.19036078453064,1,0.0,0.0,0.0,0.0,0.0,0.0,0.0,0.0,0.0,0.0,1.0,0.0,0.0,True,Qwen/Qwen3-Coder-30B-A3B-Instruct-FP8,None
2564,Pie,Hard,4.19036078453064,4.19036078453064,1,0.0,0.0,0.0,0.0,0.0,0.0,0.0,0.0,0.0,0.0,1.0,0.0,0.0,True,Qwen/Qwen3-Coder-30B-A3B-Instruct-FP8,None
2567,Pie,Easy,1.8095407485961914,1.8095407485961914,1,0.0,0.0,0.0,0.0,0.0,0.0,0.0,0.0,0.0,0.0,1.0,0.0,0.0,False,Qwen/Qwen3-Coder-30B-A3B-Instruct-FP8,None
2567,Pie,Easy,1.8095407485961914,1.8095407485961914,1,0.0,0.0,0.0,0.0,0.0,0.0,0.0,0.0,0.0,0.0,1.0,0.0,0.0,False,Qwen/Qwen3-Coder-30B-A3B-Instruct-FP8,None
2567,Pie,Easy,1.8095407485961914,1.8095407485961914,1,0.0,0.0,0.0,0.0,0.0,0.0,0.0,0.0,0.0,0.0,1.0,0.0,0.0,False,Qwen/Qwen3-Coder-30B-A3B-Instruct-FP8,None
2568,Bar,Easy,2.169464349746704,6.508393049240112,3,0.0,0.0,0.0,0.0,0.0,0.0,0.0,0.0,0.0,0.0,1.0,0.0,0.0,False,Qwen/Qwen3-Coder-30B-A3B-Instruct-FP8,None
2568,Bar,Easy,2.169464349746704,6.508393049240112,3,0.0,0.0,0.0,0.0,0.0,0.0,0.0,0.0,0.0,0.0,1.0,0.0,0.0,False,Qwen/Qwen3-Coder-30B-A3B-Instruct-FP8,None
2568,Bar,Easy,2.169464349746704,6.508393049240112,3,0.0,0.0,0.0,0.0,0.0,0.0,0.0,0.0,0.0,0.0,1.0,0.0,0.0,False,Qwen/Qwen3-Coder-30B-A3B-Instruct-FP8,None
2569,Bar,Easy,1.7626210848490398,5.287863254547119,3,0.0,0.0,0.0,0.0,0.0,0.0,0.0,0.0,0.0,0.0,1.0,0.0,0.0,False,Qwen/Qwen3-Coder-30B-A3B-Instruct-FP8,None
2569,Bar,Easy,1.7626210848490398,5.287863254547119,3,0.0,0.0,0.0,0.0,0.0,0.0,0.0,0.0,0.0,0.0,1.0,0.0,0.0,False,Qwen/Qwen3-Coder-30B-A3B-Instruct-FP8,None
2569,Bar,Easy,1.7626210848490398,5.287863254547119,3,0.0,0.0,0.0,0.0,0.0,0.0,0.0,0.0,0.0,0.0,1.0,0.0,0.0,False,Qwen/Qwen3-Coder-30B-A3B-Instruct-FP8,None
2570,Pie,Easy,1.5266664028167725,3.053332805633545,2,0.0,0.0,0.0,0.0,0.0,0.0,0.0,0.0,0.0,0.0,1.0,0.0,0.0,False,Qwen/Qwen3-Coder-30B-A3B-Instruct-FP8,None
2570,Pie,Easy,1.5266664028167725,3.053332805633545,2,0.0,0.0,0.0,0.0,0.0,0.0,0.0,0.0,0.0,0.0,1.0,0.0,0.0,False,Qwen/Qwen3-Coder-30B-A3B-Instruct-FP8,None
2570,Pie,Easy,1.5266664028167725,3.053332805633545,2,0.0,0.0,0.0,0.0,0.0,0.0,0.0,0.0,0.0,0.0,1.0,0.0,0.0,False,Qwen/Qwen3-Coder-30B-A3B-Instruct-FP8,None
2571,Pie,Easy,1.786773920059204,1.786773920059204,1,0.0,0.0,0.0,0.0,0.0,0.0,0.0,0.0,0.0,0.0,1.0,0.0,0.0,False,Qwen/Qwen3-Coder-30B-A3B-Instruct-FP8,None
2571,Pie,Easy,1.786773920059204,1.786773920059204,1,0.0,0.0,0.0,0.0,0.0,0.0,0.0,0.0,0.0,0.0,1.0,0.0,0.0,False,Qwen/Qwen3-Coder-30B-A3B-Instruct-FP8,None
2571,Pie,Easy,1.786773920059204,1.786773920059204,1,0.0,0.0,0.0,0.0,0.0,0.0,0.0,0.0,0.0,0.0,1.0,0.0,0.0,False,Qwen/Qwen3-Coder-30B-A3B-Instruct-FP8,None
2576,Pie,Medium,3.400259494781494,3.400259494781494,1,0.0,0.0,0.0,0.0,0.0,0.0,0.0,0.0,0.0,0.0,1.0,0.0,0.0,True,Qwen/Qwen3-Coder-30B-A3B-Instruct-FP8,None
2576,Pie,Medium,3.400259494781494,3.400259494781494,1,0.0,0.0,0.0,0.0,0.0,0.0,0.0,0.0,0.0,0.0,1.0,0.0,0.0,True,Qwen/Qwen3-Coder-30B-A3B-Instruct-FP8,None
2576,Pie,Medium,3.400259494781494,3.400259494781494,1,0.0,0.0,0.0,0.0,0.0,0.0,0.0,0.0,0.0,0.0,1.0,0.0,0.0,True,Qwen/Qwen3-Coder-30B-A3B-Instruct-FP8,None
2578,Bar,Hard,6.527292251586914,6.527292251586914,1,0.0,0.0,0.0,0.0,1.0,0.0,0.0,0.0,0.0,1.0,0.0,,0.0,True,Qwen/Qwen3-Coder-30B-A3B-Instruct-FP8,None
2578,Bar,Hard,6.527292251586914,6.527292251586914,1,0.0,0.0,0.0,0.0,1.0,0.0,0.0,0.0,0.0,1.0,0.0,,0.0,True,Qwen/Qwen3-Coder-30B-A3B-Instruct-FP8,None
2578,Bar,Hard,6.527292251586914,6.527292251586914,1,0.0,0.0,0.0,0.0,1.0,0.0,0.0,0.0,0.0,1.0,0.0,,0.0,True,Qwen/Qwen3-Coder-30B-A3B-Instruct-FP8,None
2579,Pie,Medium,2.0171587467193604,2.0171587467193604,1,0.0,0.0,0.0,0.0,1.0,0.0,0.0,0.0,0.0,1.0,0.0,,0.0,True,Qwen/Qwen3-Coder-30B-A3B-Instruct-FP8,None
2579,Pie,Medium,2.0171587467193604,2.0171587467193604,1,0.0,0.0,0.0,0.0,1.0,0.0,0.0,0.0,0.0,1.0,0.0,,0.0,True,Qwen/Qwen3-Coder-30B-A3B-Instruct-FP8,None
2579,Pie,Medium,2.0171587467193604,2.0171587467193604,1,0.0,0.0,0.0,0.0,1.0,0.0,0.0,0.0,0.0,1.0,0.0,,0.0,True,Qwen/Qwen3-Coder-30B-A3B-Instruct-FP8,None
2593,Pie,Easy,3.188236713409424,9.564710140228271,3,0.0,0.0,0.0,0.0,0.0,0.0,0.0,0.0,0.0,0.0,1.0,0.0,0.0,False,Qwen/Qwen3-Coder-30B-A3B-Instruct-FP8,None
2593,Pie,Easy,3.188236713409424,9.564710140228271,3,0.0,0.0,0.0,0.0,0.0,0.0,0.0,0.0,0.0,0.0,1.0,0.0,0.0,False,Qwen/Qwen3-Coder-30B-A3B-Instruct-FP8,None
2593,Pie,Easy,3.188236713409424,9.564710140228271,3,0.0,0.0,0.0,0.0,0.0,0.0,0.0,0.0,0.0,0.0,1.0,0.0,0.0,False,Qwen/Qwen3-Coder-30B-A3B-Instruct-FP8,None
2595,Pie,Hard,3.597853422164917,3.597853422164917,1,0.0,0.0,0.0,0.0,0.0,0.0,0.0,0.0,0.0,0.0,1.0,0.0,0.0,True,Qwen/Qwen3-Coder-30B-A3B-Instruct-FP8,None
2595,Pie,Hard,3.597853422164917,3.597853422164917,1,0.0,0.0,0.0,0.0,0.0,0.0,0.0,0.0,0.0,0.0,1.0,0.0,0.0,True,Qwen/Qwen3-Coder-30B-A3B-Instruct-FP8,None
2595,Pie,Hard,3.597853422164917,3.597853422164917,1,0.0,0.0,0.0,0.0,0.0,0.0,0.0,0.0,0.0,0.0,1.0,0.0,0.0,True,Qwen/Qwen3-Coder-30B-A3B-Instruct-FP8,None
2604,Pie,Easy,2.786480188369751,2.786480188369751,1,0.0,0.0,0.0,0.0,0.0,0.0,0.0,0.0,0.0,0.0,1.0,0.0,0.0,False,Qwen/Qwen3-Coder-30B-A3B-Instruct-FP8,None
2604,Pie,Easy,2.786480188369751,2.786480188369751,1,0.0,0.0,0.0,0.0,0.0,0.0,0.0,0.0,0.0,0.0,1.0,0.0,0.0,False,Qwen/Qwen3-Coder-30B-A3B-Instruct-FP8,None
2604,Pie,Easy,2.786480188369751,2.786480188369751,1,0.0,0.0,0.0,0.0,0.0,0.0,0.0,0.0,0.0,0.0,1.0,0.0,0.0,False,Qwen/Qwen3-Coder-30B-A3B-Instruct-FP8,None
2605,Bar,Easy,4.868054270744324,9.736108541488647,2,0.0,0.0,0.0,0.0,0.5,0.0,0.0,0.0,0.0,0.5,0.5,0.0,0.0,False,Qwen/Qwen3-Coder-30B-A3B-Instruct-FP8,None
2605,Bar,Easy,4.868054270744324,9.736108541488647,2,0.0,0.0,0.0,0.0,0.5,0.0,0.0,0.0,0.0,0.5,0.5,0.0,0.0,False,Qwen/Qwen3-Coder-30B-A3B-Instruct-FP8,None
2605,Bar,Easy,4.868054270744324,9.736108541488647,2,0.0,0.0,0.0,0.0,0.5,0.0,0.0,0.0,0.0,0.5,0.5,0.0,0.0,False,Qwen/Qwen3-Coder-30B-A3B-Instruct-FP8,None
2606,Pie,Easy,3.0487736066182456,9.146320819854736,3,0.0,0.0,0.0,0.0,0.0,0.0,0.0,0.0,0.0,0.0,1.0,0.0,0.0,False,Qwen/Qwen3-Coder-30B-A3B-Instruct-FP8,None
2606,Pie,Easy,3.0487736066182456,9.146320819854736,3,0.0,0.0,0.0,0.0,0.0,0.0,0.0,0.0,0.0,0.0,1.0,0.0,0.0,False,Qwen/Qwen3-Coder-30B-A3B-Instruct-FP8,None
2606,Pie,Easy,3.0487736066182456,9.146320819854736,3,0.0,0.0,0.0,0.0,0.0,0.0,0.0,0.0,0.0,0.0,1.0,0.0,0.0,False,Qwen/Qwen3-Coder-30B-A3B-Instruct-FP8,None
2615,Bar,Hard,3.0964415073394775,3.0964415073394775,1,0.0,0.0,0.0,0.0,0.0,0.0,0.0,0.0,0.0,0.0,1.0,0.0,0.0,False,Qwen/Qwen3-Coder-30B-A3B-Instruct-FP8,None
2615,Bar,Hard,3.0964415073394775,3.0964415073394775,1,0.0,0.0,0.0,0.0,0.0,0.0,0.0,0.0,0.0,0.0,1.0,0.0,0.0,False,Qwen/Qwen3-Coder-30B-A3B-Instruct-FP8,None
2615,Bar,Hard,3.0964415073394775,3.0964415073394775,1,0.0,0.0,0.0,0.0,0.0,0.0,0.0,0.0,0.0,0.0,1.0,0.0,0.0,False,Qwen/Qwen3-Coder-30B-A3B-Instruct-FP8,None
2617,Line,Hard,2.701059103012085,2.701059103012085,1,0.0,0.0,0.0,0.0,0.0,0.0,0.0,0.0,0.0,0.0,1.0,0.0,0.0,False,Qwen/Qwen3-Coder-30B-A3B-Instruct-FP8,None
2617,Line,Hard,2.701059103012085,2.701059103012085,1,0.0,0.0,0.0,0.0,0.0,0.0,0.0,0.0,0.0,0.0,1.0,0.0,0.0,False,Qwen/Qwen3-Coder-30B-A3B-Instruct-FP8,None
2617,Line,Hard,2.701059103012085,2.701059103012085,1,0.0,0.0,0.0,0.0,0.0,0.0,0.0,0.0,0.0,0.0,1.0,0.0,0.0,False,Qwen/Qwen3-Coder-30B-A3B-Instruct-FP8,None
2620,Pie,Extra Hard,3.6704758405685425,14.68190336227417,4,0.0,0.0,0.0,0.0,0.0,0.0,0.0,0.0,0.0,0.0,1.0,0.0,0.0,True,Qwen/Qwen3-Coder-30B-A3B-Instruct-FP8,None
2620,Pie,Extra Hard,3.6704758405685425,14.68190336227417,4,0.0,0.0,0.0,0.0,0.0,0.0,0.0,0.0,0.0,0.0,1.0,0.0,0.0,True,Qwen/Qwen3-Coder-30B-A3B-Instruct-FP8,None
2620,Pie,Extra Hard,3.6704758405685425,14.68190336227417,4,0.0,0.0,0.0,0.0,0.0,0.0,0.0,0.0,0.0,0.0,1.0,0.0,0.0,True,Qwen/Qwen3-Coder-30B-A3B-Instruct-FP8,None
2622,Pie,Easy,2.30431866645813,4.60863733291626,2,0.0,0.0,0.0,0.0,0.0,0.0,0.0,0.0,0.0,0.0,1.0,0.0,0.0,False,Qwen/Qwen3-Coder-30B-A3B-Instruct-FP8,None
2622,Pie,Easy,2.30431866645813,4.60863733291626,2,0.0,0.0,0.0,0.0,0.0,0.0,0.0,0.0,0.0,0.0,1.0,0.0,0.0,False,Qwen/Qwen3-Coder-30B-A3B-Instruct-FP8,None
2622,Pie,Easy,2.30431866645813,4.60863733291626,2,0.0,0.0,0.0,0.0,0.0,0.0,0.0,0.0,0.0,0.0,1.0,0.0,0.0,False,Qwen/Qwen3-Coder-30B-A3B-Instruct-FP8,None
2624,Pie,Easy,2.5754143595695496,10.301657438278198,4,0.0,0.0,0.0,0.0,0.0,0.0,0.0,0.0,0.0,0.0,1.0,0.0,0.0,False,Qwen/Qwen3-Coder-30B-A3B-Instruct-FP8,None
2624,Pie,Easy,2.5754143595695496,10.301657438278198,4,0.0,0.0,0.0,0.0,0.0,0.0,0.0,0.0,0.0,0.0,1.0,0.0,0.0,False,Qwen/Qwen3-Coder-30B-A3B-Instruct-FP8,None
2624,Pie,Easy,2.5754143595695496,10.301657438278198,4,0.0,0.0,0.0,0.0,0.0,0.0,0.0,0.0,0.0,0.0,1.0,0.0,0.0,False,Qwen/Qwen3-Coder-30B-A3B-Instruct-FP8,None
2630,Pie,Easy,2.215189297993978,6.645567893981934,3,0.0,0.0,0.0,0.0,0.0,0.0,0.0,0.0,0.0,0.0,1.0,0.0,0.0,False,Qwen/Qwen3-Coder-30B-A3B-Instruct-FP8,None
2630,Pie,Easy,2.215189297993978,6.645567893981934,3,0.0,0.0,0.0,0.0,0.0,0.0,0.0,0.0,0.0,0.0,1.0,0.0,0.0,False,Qwen/Qwen3-Coder-30B-A3B-Instruct-FP8,None
2630,Pie,Easy,2.215189297993978,6.645567893981934,3,0.0,0.0,0.0,0.0,0.0,0.0,0.0,0.0,0.0,0.0,1.0,0.0,0.0,False,Qwen/Qwen3-Coder-30B-A3B-Instruct-FP8,None
2631,Bar,Easy,2.202690919240316,6.608072757720947,3,0.0,0.0,0.0,0.0,0.0,0.0,0.0,0.0,0.0,0.0,1.0,0.0,0.0,False,Qwen/Qwen3-Coder-30B-A3B-Instruct-FP8,None
2631,Bar,Easy,2.202690919240316,6.608072757720947,3,0.0,0.0,0.0,0.0,0.0,0.0,0.0,0.0,0.0,0.0,1.0,0.0,0.0,False,Qwen/Qwen3-Coder-30B-A3B-Instruct-FP8,None
2631,Bar,Easy,2.202690919240316,6.608072757720947,3,0.0,0.0,0.0,0.0,0.0,0.0,0.0,0.0,0.0,0.0,1.0,0.0,0.0,False,Qwen/Qwen3-Coder-30B-A3B-Instruct-FP8,None
2633,Scatter,Medium,6.415896892547607,6.415896892547607,1,0.0,0.0,0.0,0.0,0.0,0.0,0.0,0.0,0.0,0.0,1.0,0.0,0.0,False,Qwen/Qwen3-Coder-30B-A3B-Instruct-FP8,None
2633,Scatter,Medium,6.415896892547607,6.415896892547607,1,0.0,0.0,0.0,0.0,0.0,0.0,0.0,0.0,0.0,0.0,1.0,0.0,0.0,False,Qwen/Qwen3-Coder-30B-A3B-Instruct-FP8,None
2633,Scatter,Medium,6.415896892547607,6.415896892547607,1,0.0,0.0,0.0,0.0,0.0,0.0,0.0,0.0,0.0,0.0,1.0,0.0,0.0,False,Qwen/Qwen3-Coder-30B-A3B-Instruct-FP8,None
2634,Grouping Scatter,Medium,2.3866002559661865,2.3866002559661865,1,0.0,0.0,0.0,0.0,0.0,0.0,0.0,0.0,0.0,0.0,1.0,0.0,0.0,False,Qwen/Qwen3-Coder-30B-A3B-Instruct-FP8,None
2634,Grouping Scatter,Medium,2.3866002559661865,2.3866002559661865,1,0.0,0.0,0.0,0.0,0.0,0.0,0.0,0.0,0.0,0.0,1.0,0.0,0.0,False,Qwen/Qwen3-Coder-30B-A3B-Instruct-FP8,None
2634,Grouping Scatter,Medium,2.3866002559661865,2.3866002559661865,1,0.0,0.0,0.0,0.0,0.0,0.0,0.0,0.0,0.0,0.0,1.0,0.0,0.0,False,Qwen/Qwen3-Coder-30B-A3B-Instruct-FP8,None
2635,Pie,Medium,11.825924396514893,11.825924396514893,1,0.0,0.0,0.0,0.0,1.0,0.0,0.0,0.0,0.0,1.0,0.0,,0.0,True,Qwen/Qwen3-Coder-30B-A3B-Instruct-FP8,None
2635,Pie,Medium,11.825924396514893,11.825924396514893,1,0.0,0.0,0.0,0.0,1.0,0.0,0.0,0.0,0.0,1.0,0.0,,0.0,True,Qwen/Qwen3-Coder-30B-A3B-Instruct-FP8,None
2635,Pie,Medium,11.825924396514893,11.825924396514893,1,0.0,0.0,0.0,0.0,1.0,0.0,0.0,0.0,0.0,1.0,0.0,,0.0,True,Qwen/Qwen3-Coder-30B-A3B-Instruct-FP8,None
2637,Bar,Easy,4.328166127204895,8.65633225440979,2,0.0,0.0,0.0,0.0,0.0,0.0,0.0,0.0,0.0,0.0,1.0,0.0,0.0,False,Qwen/Qwen3-Coder-30B-A3B-Instruct-FP8,None
2637,Bar,Easy,4.328166127204895,8.65633225440979,2,0.0,0.0,0.0,0.0,0.0,0.0,0.0,0.0,0.0,0.0,1.0,0.0,0.0,False,Qwen/Qwen3-Coder-30B-A3B-Instruct-FP8,None
2637,Bar,Easy,4.328166127204895,8.65633225440979,2,0.0,0.0,0.0,0.0,0.0,0.0,0.0,0.0,0.0,0.0,1.0,0.0,0.0,False,Qwen/Qwen3-Coder-30B-A3B-Instruct-FP8,None
2638,Bar,Easy,2.7961078882217407,5.5922157764434814,2,0.0,0.0,0.0,0.0,0.5,0.0,0.0,0.0,0.0,0.5,0.5,0.0,0.0,False,Qwen/Qwen3-Coder-30B-A3B-Instruct-FP8,None
2638,Bar,Easy,2.7961078882217407,5.5922157764434814,2,0.0,0.0,0.0,0.0,0.5,0.0,0.0,0.0,0.0,0.5,0.5,0.0,0.0,False,Qwen/Qwen3-Coder-30B-A3B-Instruct-FP8,None
2638,Bar,Easy,2.7961078882217407,5.5922157764434814,2,0.0,0.0,0.0,0.0,0.5,0.0,0.0,0.0,0.0,0.5,0.5,0.0,0.0,False,Qwen/Qwen3-Coder-30B-A3B-Instruct-FP8,None
2640,Bar,Medium,3.4375293254852295,3.4375293254852295,1,0.0,0.0,0.0,0.0,0.0,0.0,0.0,0.0,0.0,0.0,1.0,0.0,0.0,True,Qwen/Qwen3-Coder-30B-A3B-Instruct-FP8,None
2640,Bar,Medium,3.4375293254852295,3.4375293254852295,1,0.0,0.0,0.0,0.0,0.0,0.0,0.0,0.0,0.0,0.0,1.0,0.0,0.0,True,Qwen/Qwen3-Coder-30B-A3B-Instruct-FP8,None
2640,Bar,Medium,3.4375293254852295,3.4375293254852295,1,0.0,0.0,0.0,0.0,0.0,0.0,0.0,0.0,0.0,0.0,1.0,0.0,0.0,True,Qwen/Qwen3-Coder-30B-A3B-Instruct-FP8,None
2641,Bar,Medium,4.113334083557129,20.566670417785645,5,0.0,0.0,0.0,0.0,0.0,0.0,0.0,0.0,0.0,0.0,1.0,0.0,0.0,True,Qwen/Qwen3-Coder-30B-A3B-Instruct-FP8,None
2641,Bar,Medium,4.113334083557129,20.566670417785645,5,0.0,0.0,0.0,0.0,0.0,0.0,0.0,0.0,0.0,0.0,1.0,0.0,0.0,True,Qwen/Qwen3-Coder-30B-A3B-Instruct-FP8,None
2641,Bar,Medium,4.113334083557129,20.566670417785645,5,0.0,0.0,0.0,0.0,0.0,0.0,0.0,0.0,0.0,0.0,1.0,0.0,0.0,True,Qwen/Qwen3-Coder-30B-A3B-Instruct-FP8,None
2642,Pie,Easy,1.6465251445770264,3.2930502891540527,2,0.0,0.0,0.0,0.0,0.0,0.0,0.0,0.0,0.0,0.0,1.0,0.0,0.0,False,Qwen/Qwen3-Coder-30B-A3B-Instruct-FP8,None
2642,Pie,Easy,1.6465251445770264,3.2930502891540527,2,0.0,0.0,0.0,0.0,0.0,0.0,0.0,0.0,0.0,0.0,1.0,0.0,0.0,False,Qwen/Qwen3-Coder-30B-A3B-Instruct-FP8,None
2642,Pie,Easy,1.6465251445770264,3.2930502891540527,2,0.0,0.0,0.0,0.0,0.0,0.0,0.0,0.0,0.0,0.0,1.0,0.0,0.0,False,Qwen/Qwen3-Coder-30B-A3B-Instruct-FP8,None
2645,Pie,Easy,4.141998052597046,8.283996105194092,2,0.0,0.0,0.0,0.0,0.0,0.0,0.0,0.0,0.0,0.0,1.0,0.0,0.0,False,Qwen/Qwen3-Coder-30B-A3B-Instruct-FP8,None
2645,Pie,Easy,4.141998052597046,8.283996105194092,2,0.0,0.0,0.0,0.0,0.0,0.0,0.0,0.0,0.0,0.0,1.0,0.0,0.0,False,Qwen/Qwen3-Coder-30B-A3B-Instruct-FP8,None
2645,Pie,Easy,4.141998052597046,8.283996105194092,2,0.0,0.0,0.0,0.0,0.0,0.0,0.0,0.0,0.0,0.0,1.0,0.0,0.0,False,Qwen/Qwen3-Coder-30B-A3B-Instruct-FP8,None
2646,Bar,Medium,4.038133025169373,16.15253210067749,4,0.0,0.0,0.0,0.0,0.0,0.0,0.0,0.0,0.0,0.0,1.0,0.0,0.0,False,Qwen/Qwen3-Coder-30B-A3B-Instruct-FP8,None
2646,Bar,Medium,4.038133025169373,16.15253210067749,4,0.0,0.0,0.0,0.0,0.0,0.0,0.0,0.0,0.0,0.0,1.0,0.0,0.0,False,Qwen/Qwen3-Coder-30B-A3B-Instruct-FP8,None
2646,Bar,Medium,4.038133025169373,16.15253210067749,4,0.0,0.0,0.0,0.0,0.0,0.0,0.0,0.0,0.0,0.0,1.0,0.0,0.0,False,Qwen/Qwen3-Coder-30B-A3B-Instruct-FP8,None
2652,Bar,Medium,2.0291324853897095,4.058264970779419,2,0.0,0.0,0.0,0.0,0.0,1.0,0.0,0.0,0.0,1.0,0.0,,0.0,False,Qwen/Qwen3-Coder-30B-A3B-Instruct-FP8,None
2652,Bar,Medium,2.0291324853897095,4.058264970779419,2,0.0,0.0,0.0,0.0,0.0,1.0,0.0,0.0,0.0,1.0,0.0,,0.0,False,Qwen/Qwen3-Coder-30B-A3B-Instruct-FP8,None
2652,Bar,Medium,2.0291324853897095,4.058264970779419,2,0.0,0.0,0.0,0.0,0.0,1.0,0.0,0.0,0.0,1.0,0.0,,0.0,False,Qwen/Qwen3-Coder-30B-A3B-Instruct-FP8,None
2656,Pie,Hard,2.5178585052490234,5.035717010498047,2,0.0,0.0,0.0,0.0,0.0,0.0,0.0,0.0,0.0,0.0,1.0,0.0,0.0,False,Qwen/Qwen3-Coder-30B-A3B-Instruct-FP8,None
2656,Pie,Hard,2.5178585052490234,5.035717010498047,2,0.0,0.0,0.0,0.0,0.0,0.0,0.0,0.0,0.0,0.0,1.0,0.0,0.0,False,Qwen/Qwen3-Coder-30B-A3B-Instruct-FP8,None
2656,Pie,Hard,2.5178585052490234,5.035717010498047,2,0.0,0.0,0.0,0.0,0.0,0.0,0.0,0.0,0.0,0.0,1.0,0.0,0.0,False,Qwen/Qwen3-Coder-30B-A3B-Instruct-FP8,None
2657,Bar,Hard,2.5044585466384888,5.0089170932769775,2,0.0,0.0,0.0,0.0,0.0,0.0,0.0,0.0,0.0,0.0,1.0,0.0,0.0,False,Qwen/Qwen3-Coder-30B-A3B-Instruct-FP8,None
2657,Bar,Hard,2.5044585466384888,5.0089170932769775,2,0.0,0.0,0.0,0.0,0.0,0.0,0.0,0.0,0.0,0.0,1.0,0.0,0.0,False,Qwen/Qwen3-Coder-30B-A3B-Instruct-FP8,None
2657,Bar,Hard,2.5044585466384888,5.0089170932769775,2,0.0,0.0,0.0,0.0,0.0,0.0,0.0,0.0,0.0,0.0,1.0,0.0,0.0,False,Qwen/Qwen3-Coder-30B-A3B-Instruct-FP8,None
2693,Pie,Medium,2.969973087310791,5.939946174621582,2,0.0,0.0,0.0,0.0,0.0,0.0,0.0,0.0,0.0,0.0,1.0,0.0,0.0,True,Qwen/Qwen3-Coder-30B-A3B-Instruct-FP8,None
2693,Pie,Medium,2.969973087310791,5.939946174621582,2,0.0,0.0,0.0,0.0,0.0,0.0,0.0,0.0,0.0,0.0,1.0,0.0,0.0,True,Qwen/Qwen3-Coder-30B-A3B-Instruct-FP8,None
2693,Pie,Medium,2.969973087310791,5.939946174621582,2,0.0,0.0,0.0,0.0,0.0,0.0,0.0,0.0,0.0,0.0,1.0,0.0,0.0,True,Qwen/Qwen3-Coder-30B-A3B-Instruct-FP8,None
2694,Bar,Medium,3.115753650665283,3.115753650665283,1,0.0,0.0,0.0,0.0,0.0,0.0,0.0,0.0,0.0,0.0,1.0,0.0,0.0,True,Qwen/Qwen3-Coder-30B-A3B-Instruct-FP8,None
2694,Bar,Medium,3.115753650665283,3.115753650665283,1,0.0,0.0,0.0,0.0,0.0,0.0,0.0,0.0,0.0,0.0,1.0,0.0,0.0,True,Qwen/Qwen3-Coder-30B-A3B-Instruct-FP8,None
2694,Bar,Medium,3.115753650665283,3.115753650665283,1,0.0,0.0,0.0,0.0,0.0,0.0,0.0,0.0,0.0,0.0,1.0,0.0,0.0,True,Qwen/Qwen3-Coder-30B-A3B-Instruct-FP8,None
2695,Pie,Easy,1.9673505624135335,5.902051687240601,3,0.0,0.0,0.0,0.0,0.0,0.0,0.0,0.0,0.0,0.0,1.0,0.0,0.0,False,Qwen/Qwen3-Coder-30B-A3B-Instruct-FP8,None
2695,Pie,Easy,1.9673505624135335,5.902051687240601,3,0.0,0.0,0.0,0.0,0.0,0.0,0.0,0.0,0.0,0.0,1.0,0.0,0.0,False,Qwen/Qwen3-Coder-30B-A3B-Instruct-FP8,None
2695,Pie,Easy,1.9673505624135335,5.902051687240601,3,0.0,0.0,0.0,0.0,0.0,0.0,0.0,0.0,0.0,0.0,1.0,0.0,0.0,False,Qwen/Qwen3-Coder-30B-A3B-Instruct-FP8,None
2703,Bar,Medium,2.8936948776245117,5.787389755249023,2,0.0,0.0,0.0,0.0,0.0,0.0,0.0,0.0,0.0,0.0,1.0,0.0,0.0,False,Qwen/Qwen3-Coder-30B-A3B-Instruct-FP8,None
2703,Bar,Medium,2.8936948776245117,5.787389755249023,2,0.0,0.0,0.0,0.0,0.0,0.0,0.0,0.0,0.0,0.0,1.0,0.0,0.0,False,Qwen/Qwen3-Coder-30B-A3B-Instruct-FP8,None
2703,Bar,Medium,2.8936948776245117,5.787389755249023,2,0.0,0.0,0.0,0.0,0.0,0.0,0.0,0.0,0.0,0.0,1.0,0.0,0.0,False,Qwen/Qwen3-Coder-30B-A3B-Instruct-FP8,None
2705,Pie,Easy,2.4374047120412192,7.312214136123657,3,0.0,0.0,0.0,0.0,0.3333333333333333,0.0,0.0,0.0,0.0,0.3333333333333333,0.6666666666666666,0.0,0.0,False,Qwen/Qwen3-Coder-30B-A3B-Instruct-FP8,None
2705,Pie,Easy,2.4374047120412192,7.312214136123657,3,0.0,0.0,0.0,0.0,0.3333333333333333,0.0,0.0,0.0,0.0,0.3333333333333333,0.6666666666666666,0.0,0.0,False,Qwen/Qwen3-Coder-30B-A3B-Instruct-FP8,None
2705,Pie,Easy,2.4374047120412192,7.312214136123657,3,0.0,0.0,0.0,0.0,0.3333333333333333,0.0,0.0,0.0,0.0,0.3333333333333333,0.6666666666666666,0.0,0.0,False,Qwen/Qwen3-Coder-30B-A3B-Instruct-FP8,None
2708,Scatter,Medium,5.061038374900818,10.122076749801636,2,0.0,0.0,0.0,0.0,0.5,0.0,0.0,0.0,0.0,0.5,0.5,0.0,0.0,False,Qwen/Qwen3-Coder-30B-A3B-Instruct-FP8,None
2708,Scatter,Medium,5.061038374900818,10.122076749801636,2,0.0,0.0,0.0,0.0,0.5,0.0,0.0,0.0,0.0,0.5,0.5,0.0,0.0,False,Qwen/Qwen3-Coder-30B-A3B-Instruct-FP8,None
2708,Scatter,Medium,5.061038374900818,10.122076749801636,2,0.0,0.0,0.0,0.0,0.5,0.0,0.0,0.0,0.0,0.5,0.5,0.0,0.0,False,Qwen/Qwen3-Coder-30B-A3B-Instruct-FP8,None
2709,Grouping Scatter,Medium,5.966532468795776,17.89959740638733,3,0.3333333333333333,0.0,0.0,0.0,0.0,0.0,0.0,0.0,0.3333333333333333,0.0,0.6666666666666666,0.0,0.0,False,Qwen/Qwen3-Coder-30B-A3B-Instruct-FP8,None
2709,Grouping Scatter,Medium,5.966532468795776,17.89959740638733,3,0.3333333333333333,0.0,0.0,0.0,0.0,0.0,0.0,0.0,0.3333333333333333,0.0,0.6666666666666666,0.0,0.0,False,Qwen/Qwen3-Coder-30B-A3B-Instruct-FP8,None
2709,Grouping Scatter,Medium,5.966532468795776,17.89959740638733,3,0.3333333333333333,0.0,0.0,0.0,0.0,0.0,0.0,0.0,0.3333333333333333,0.0,0.6666666666666666,0.0,0.0,False,Qwen/Qwen3-Coder-30B-A3B-Instruct-FP8,None
2724,Bar,Easy,2.215855121612549,4.431710243225098,2,0.0,0.0,0.0,0.0,0.0,0.0,0.0,0.0,0.0,0.0,1.0,0.0,0.0,False,Qwen/Qwen3-Coder-30B-A3B-Instruct-FP8,None
2724,Bar,Easy,2.215855121612549,4.431710243225098,2,0.0,0.0,0.0,0.0,0.0,0.0,0.0,0.0,0.0,0.0,1.0,0.0,0.0,False,Qwen/Qwen3-Coder-30B-A3B-Instruct-FP8,None
2724,Bar,Easy,2.215855121612549,4.431710243225098,2,0.0,0.0,0.0,0.0,0.0,0.0,0.0,0.0,0.0,0.0,1.0,0.0,0.0,False,Qwen/Qwen3-Coder-30B-A3B-Instruct-FP8,None
2734,Pie,Medium,3.7777260541915894,7.555452108383179,2,0.0,0.0,0.0,0.0,0.5,0.0,0.0,0.0,0.0,0.5,0.5,0.0,0.0,False,Qwen/Qwen3-Coder-30B-A3B-Instruct-FP8,None
2734,Pie,Medium,3.7777260541915894,7.555452108383179,2,0.0,0.0,0.0,0.0,0.5,0.0,0.0,0.0,0.0,0.5,0.5,0.0,0.0,False,Qwen/Qwen3-Coder-30B-A3B-Instruct-FP8,None
2734,Pie,Medium,3.7777260541915894,7.555452108383179,2,0.0,0.0,0.0,0.0,0.5,0.0,0.0,0.0,0.0,0.5,0.5,0.0,0.0,False,Qwen/Qwen3-Coder-30B-A3B-Instruct-FP8,None
2736,Pie,Medium,2.498064875602722,9.992259502410889,4,0.0,0.0,0.0,0.0,0.0,0.0,0.0,0.0,0.0,0.0,1.0,0.0,0.0,False,Qwen/Qwen3-Coder-30B-A3B-Instruct-FP8,None
2736,Pie,Medium,2.498064875602722,9.992259502410889,4,0.0,0.0,0.0,0.0,0.0,0.0,0.0,0.0,0.0,0.0,1.0,0.0,0.0,False,Qwen/Qwen3-Coder-30B-A3B-Instruct-FP8,None
2736,Pie,Medium,2.498064875602722,9.992259502410889,4,0.0,0.0,0.0,0.0,0.0,0.0,0.0,0.0,0.0,0.0,1.0,0.0,0.0,False,Qwen/Qwen3-Coder-30B-A3B-Instruct-FP8,None
2743,Scatter,Easy,7.607105493545532,7.607105493545532,1,0.0,0.0,0.0,0.0,0.0,0.0,0.0,0.0,0.0,0.0,1.0,0.0,0.0,False,Qwen/Qwen3-Coder-30B-A3B-Instruct-FP8,None
2743,Scatter,Easy,7.607105493545532,7.607105493545532,1,0.0,0.0,0.0,0.0,0.0,0.0,0.0,0.0,0.0,0.0,1.0,0.0,0.0,False,Qwen/Qwen3-Coder-30B-A3B-Instruct-FP8,None
2743,Scatter,Easy,7.607105493545532,7.607105493545532,1,0.0,0.0,0.0,0.0,0.0,0.0,0.0,0.0,0.0,0.0,1.0,0.0,0.0,False,Qwen/Qwen3-Coder-30B-A3B-Instruct-FP8,None
2745,Grouping Scatter,Easy,2.6698615550994873,2.6698615550994873,1,0.0,0.0,0.0,0.0,0.0,0.0,0.0,0.0,0.0,0.0,1.0,0.0,0.0,False,Qwen/Qwen3-Coder-30B-A3B-Instruct-FP8,None
2745,Grouping Scatter,Easy,2.6698615550994873,2.6698615550994873,1,0.0,0.0,0.0,0.0,0.0,0.0,0.0,0.0,0.0,0.0,1.0,0.0,0.0,False,Qwen/Qwen3-Coder-30B-A3B-Instruct-FP8,None
2745,Grouping Scatter,Easy,2.6698615550994873,2.6698615550994873,1,0.0,0.0,0.0,0.0,0.0,0.0,0.0,0.0,0.0,0.0,1.0,0.0,0.0,False,Qwen/Qwen3-Coder-30B-A3B-Instruct-FP8,None
2748,Pie,Medium,7.675595760345459,15.351191520690918,2,0.5,0.0,0.0,0.0,0.5,0.0,0.0,0.0,0.5,0.5,0.0,,0.0,False,Qwen/Qwen3-Coder-30B-A3B-Instruct-FP8,None
2748,Pie,Medium,7.675595760345459,15.351191520690918,2,0.5,0.0,0.0,0.0,0.5,0.0,0.0,0.0,0.5,0.5,0.0,,0.0,False,Qwen/Qwen3-Coder-30B-A3B-Instruct-FP8,None
2748,Pie,Medium,7.675595760345459,15.351191520690918,2,0.5,0.0,0.0,0.0,0.5,0.0,0.0,0.0,0.5,0.5,0.0,,0.0,False,Qwen/Qwen3-Coder-30B-A3B-Instruct-FP8,None
2749,Bar,Medium,2.713569164276123,2.713569164276123,1,0.0,0.0,0.0,0.0,1.0,0.0,0.0,0.0,0.0,1.0,0.0,,0.0,False,Qwen/Qwen3-Coder-30B-A3B-Instruct-FP8,None
2749,Bar,Medium,2.713569164276123,2.713569164276123,1,0.0,0.0,0.0,0.0,1.0,0.0,0.0,0.0,0.0,1.0,0.0,,0.0,False,Qwen/Qwen3-Coder-30B-A3B-Instruct-FP8,None
2749,Bar,Medium,2.713569164276123,2.713569164276123,1,0.0,0.0,0.0,0.0,1.0,0.0,0.0,0.0,0.0,1.0,0.0,,0.0,False,Qwen/Qwen3-Coder-30B-A3B-Instruct-FP8,None
2750,Stacked Bar,Hard,3.3490614891052246,6.698122978210449,2,0.0,0.0,0.0,0.0,0.0,0.0,0.0,0.0,0.0,0.0,1.0,0.0,0.0,False,Qwen/Qwen3-Coder-30B-A3B-Instruct-FP8,None
2750,Stacked Bar,Hard,3.3490614891052246,6.698122978210449,2,0.0,0.0,0.0,0.0,0.0,0.0,0.0,0.0,0.0,0.0,1.0,0.0,0.0,False,Qwen/Qwen3-Coder-30B-A3B-Instruct-FP8,None
2750,Stacked Bar,Hard,3.3490614891052246,6.698122978210449,2,0.0,0.0,0.0,0.0,0.0,0.0,0.0,0.0,0.0,0.0,1.0,0.0,0.0,False,Qwen/Qwen3-Coder-30B-A3B-Instruct-FP8,None
2752,Pie,Easy,1.9746874968210857,5.924062490463257,3,0.0,0.0,0.0,0.0,1.0,0.0,0.0,0.0,0.0,1.0,0.0,,0.0,False,Qwen/Qwen3-Coder-30B-A3B-Instruct-FP8,None
2752,Pie,Easy,1.9746874968210857,5.924062490463257,3,0.0,0.0,0.0,0.0,1.0,0.0,0.0,0.0,0.0,1.0,0.0,,0.0,False,Qwen/Qwen3-Coder-30B-A3B-Instruct-FP8,None
2752,Pie,Easy,1.9746874968210857,5.924062490463257,3,0.0,0.0,0.0,0.0,1.0,0.0,0.0,0.0,0.0,1.0,0.0,,0.0,False,Qwen/Qwen3-Coder-30B-A3B-Instruct-FP8,None
2757,Pie,Easy,2.2314205169677734,4.462841033935547,2,0.0,0.0,0.0,0.0,0.0,0.0,0.0,0.0,0.0,0.0,1.0,0.0,0.0,False,Qwen/Qwen3-Coder-30B-A3B-Instruct-FP8,None
2757,Pie,Easy,2.2314205169677734,4.462841033935547,2,0.0,0.0,0.0,0.0,0.0,0.0,0.0,0.0,0.0,0.0,1.0,0.0,0.0,False,Qwen/Qwen3-Coder-30B-A3B-Instruct-FP8,None
2757,Pie,Easy,2.2314205169677734,4.462841033935547,2,0.0,0.0,0.0,0.0,0.0,0.0,0.0,0.0,0.0,0.0,1.0,0.0,0.0,False,Qwen/Qwen3-Coder-30B-A3B-Instruct-FP8,None
2759,Pie,Easy,2.6372835636138916,7.911850690841675,3,0.0,0.0,0.0,0.0,0.0,0.0,0.0,0.0,0.0,0.0,1.0,0.0,0.0,False,Qwen/Qwen3-Coder-30B-A3B-Instruct-FP8,None
2759,Pie,Easy,2.6372835636138916,7.911850690841675,3,0.0,0.0,0.0,0.0,0.0,0.0,0.0,0.0,0.0,0.0,1.0,0.0,0.0,False,Qwen/Qwen3-Coder-30B-A3B-Instruct-FP8,None
2759,Pie,Easy,2.6372835636138916,7.911850690841675,3,0.0,0.0,0.0,0.0,0.0,0.0,0.0,0.0,0.0,0.0,1.0,0.0,0.0,False,Qwen/Qwen3-Coder-30B-A3B-Instruct-FP8,None
2764,Pie,Easy,2.3025084336598716,6.907525300979614,3,0.0,0.0,0.0,0.0,0.0,0.0,0.0,0.0,0.0,0.0,1.0,0.0,0.0,False,Qwen/Qwen3-Coder-30B-A3B-Instruct-FP8,None
2764,Pie,Easy,2.3025084336598716,6.907525300979614,3,0.0,0.0,0.0,0.0,0.0,0.0,0.0,0.0,0.0,0.0,1.0,0.0,0.0,False,Qwen/Qwen3-Coder-30B-A3B-Instruct-FP8,None
2764,Pie,Easy,2.3025084336598716,6.907525300979614,3,0.0,0.0,0.0,0.0,0.0,0.0,0.0,0.0,0.0,0.0,1.0,0.0,0.0,False,Qwen/Qwen3-Coder-30B-A3B-Instruct-FP8,None
2767,Pie,Easy,1.793081283569336,1.793081283569336,1,0.0,0.0,0.0,0.0,0.0,0.0,0.0,0.0,0.0,0.0,1.0,0.0,0.0,False,Qwen/Qwen3-Coder-30B-A3B-Instruct-FP8,None
2767,Pie,Easy,1.793081283569336,1.793081283569336,1,0.0,0.0,0.0,0.0,0.0,0.0,0.0,0.0,0.0,0.0,1.0,0.0,0.0,False,Qwen/Qwen3-Coder-30B-A3B-Instruct-FP8,None
2767,Pie,Easy,1.793081283569336,1.793081283569336,1,0.0,0.0,0.0,0.0,0.0,0.0,0.0,0.0,0.0,0.0,1.0,0.0,0.0,False,Qwen/Qwen3-Coder-30B-A3B-Instruct-FP8,None
2775,Pie,Easy,2.4929563204447427,7.4788689613342285,3,0.0,0.0,0.0,0.0,0.0,0.0,0.0,0.0,0.0,0.0,1.0,0.0,0.0,False,Qwen/Qwen3-Coder-30B-A3B-Instruct-FP8,None
2775,Pie,Easy,2.4929563204447427,7.4788689613342285,3,0.0,0.0,0.0,0.0,0.0,0.0,0.0,0.0,0.0,0.0,1.0,0.0,0.0,False,Qwen/Qwen3-Coder-30B-A3B-Instruct-FP8,None
2775,Pie,Easy,2.4929563204447427,7.4788689613342285,3,0.0,0.0,0.0,0.0,0.0,0.0,0.0,0.0,0.0,0.0,1.0,0.0,0.0,False,Qwen/Qwen3-Coder-30B-A3B-Instruct-FP8,None
2780,Bar,Extra Hard,22.16558074951172,22.16558074951172,1,0.0,0.0,0.0,0.0,1.0,0.0,0.0,0.0,0.0,1.0,0.0,,0.0,True,Qwen/Qwen3-Coder-30B-A3B-Instruct-FP8,None
2780,Bar,Extra Hard,22.16558074951172,22.16558074951172,1,0.0,0.0,0.0,0.0,1.0,0.0,0.0,0.0,0.0,1.0,0.0,,0.0,True,Qwen/Qwen3-Coder-30B-A3B-Instruct-FP8,None
2780,Bar,Extra Hard,22.16558074951172,22.16558074951172,1,0.0,0.0,0.0,0.0,1.0,0.0,0.0,0.0,0.0,1.0,0.0,,0.0,True,Qwen/Qwen3-Coder-30B-A3B-Instruct-FP8,None
2781,Grouping Line,Extra Hard,16.767226934432983,16.767226934432983,1,1.0,0.0,0.0,0.0,0.0,0.0,0.0,0.0,1.0,0.0,0.0,,0.0,True,Qwen/Qwen3-Coder-30B-A3B-Instruct-FP8,None
2781,Grouping Line,Extra Hard,16.767226934432983,16.767226934432983,1,1.0,0.0,0.0,0.0,0.0,0.0,0.0,0.0,1.0,0.0,0.0,,0.0,True,Qwen/Qwen3-Coder-30B-A3B-Instruct-FP8,None
2781,Grouping Line,Extra Hard,16.767226934432983,16.767226934432983,1,1.0,0.0,0.0,0.0,0.0,0.0,0.0,0.0,1.0,0.0,0.0,,0.0,True,Qwen/Qwen3-Coder-30B-A3B-Instruct-FP8,None
2782,Line,Extra Hard,19.699013710021973,19.699013710021973,1,1.0,0.0,0.0,0.0,0.0,0.0,0.0,0.0,1.0,0.0,0.0,,0.0,True,Qwen/Qwen3-Coder-30B-A3B-Instruct-FP8,None
2782,Line,Extra Hard,19.699013710021973,19.699013710021973,1,1.0,0.0,0.0,0.0,0.0,0.0,0.0,0.0,1.0,0.0,0.0,,0.0,True,Qwen/Qwen3-Coder-30B-A3B-Instruct-FP8,None
2782,Line,Extra Hard,19.699013710021973,19.699013710021973,1,1.0,0.0,0.0,0.0,0.0,0.0,0.0,0.0,1.0,0.0,0.0,,0.0,True,Qwen/Qwen3-Coder-30B-A3B-Instruct-FP8,None
2785,Pie,Hard,3.7931390603383384,11.379417181015015,3,0.0,0.0,0.0,0.0,0.0,0.0,0.0,0.0,0.0,0.0,1.0,0.0,0.0,True,Qwen/Qwen3-Coder-30B-A3B-Instruct-FP8,None
2785,Pie,Hard,3.7931390603383384,11.379417181015015,3,0.0,0.0,0.0,0.0,0.0,0.0,0.0,0.0,0.0,0.0,1.0,0.0,0.0,True,Qwen/Qwen3-Coder-30B-A3B-Instruct-FP8,None
2785,Pie,Hard,3.7931390603383384,11.379417181015015,3,0.0,0.0,0.0,0.0,0.0,0.0,0.0,0.0,0.0,0.0,1.0,0.0,0.0,True,Qwen/Qwen3-Coder-30B-A3B-Instruct-FP8,None
2787,Pie,Easy,3.6568888425827026,7.313777685165405,2,0.0,0.0,0.0,0.0,0.0,0.0,0.0,0.0,0.0,0.0,1.0,0.0,0.0,True,Qwen/Qwen3-Coder-30B-A3B-Instruct-FP8,None
2787,Pie,Easy,3.6568888425827026,7.313777685165405,2,0.0,0.0,0.0,0.0,0.0,0.0,0.0,0.0,0.0,0.0,1.0,0.0,0.0,True,Qwen/Qwen3-Coder-30B-A3B-Instruct-FP8,None
2787,Pie,Easy,3.6568888425827026,7.313777685165405,2,0.0,0.0,0.0,0.0,0.0,0.0,0.0,0.0,0.0,0.0,1.0,0.0,0.0,True,Qwen/Qwen3-Coder-30B-A3B-Instruct-FP8,None
2795,Pie,Medium,6.188361485799153,18.56508445739746,3,0.0,0.0,0.0,0.0,0.0,0.0,0.0,0.0,0.0,0.0,1.0,0.0,0.0,True,Qwen/Qwen3-Coder-30B-A3B-Instruct-FP8,None
2795,Pie,Medium,6.188361485799153,18.56508445739746,3,0.0,0.0,0.0,0.0,0.0,0.0,0.0,0.0,0.0,0.0,1.0,0.0,0.0,True,Qwen/Qwen3-Coder-30B-A3B-Instruct-FP8,None
2795,Pie,Medium,6.188361485799153,18.56508445739746,3,0.0,0.0,0.0,0.0,0.0,0.0,0.0,0.0,0.0,0.0,1.0,0.0,0.0,True,Qwen/Qwen3-Coder-30B-A3B-Instruct-FP8,None
2799,Pie,Easy,2.263480067253113,4.526960134506226,2,0.0,0.0,0.0,0.0,0.0,0.0,0.0,0.0,0.0,0.0,1.0,0.0,0.0,False,Qwen/Qwen3-Coder-30B-A3B-Instruct-FP8,None
2799,Pie,Easy,2.263480067253113,4.526960134506226,2,0.0,0.0,0.0,0.0,0.0,0.0,0.0,0.0,0.0,0.0,1.0,0.0,0.0,False,Qwen/Qwen3-Coder-30B-A3B-Instruct-FP8,None
2799,Pie,Easy,2.263480067253113,4.526960134506226,2,0.0,0.0,0.0,0.0,0.0,0.0,0.0,0.0,0.0,0.0,1.0,0.0,0.0,False,Qwen/Qwen3-Coder-30B-A3B-Instruct-FP8,None
2802,Bar,Medium,2.5750295519828796,10.300118207931519,4,0.0,0.0,0.0,0.0,0.0,0.0,0.0,0.0,0.0,0.0,1.0,0.0,0.0,False,Qwen/Qwen3-Coder-30B-A3B-Instruct-FP8,None
2802,Bar,Medium,2.5750295519828796,10.300118207931519,4,0.0,0.0,0.0,0.0,0.0,0.0,0.0,0.0,0.0,0.0,1.0,0.0,0.0,False,Qwen/Qwen3-Coder-30B-A3B-Instruct-FP8,None
2802,Bar,Medium,2.5750295519828796,10.300118207931519,4,0.0,0.0,0.0,0.0,0.0,0.0,0.0,0.0,0.0,0.0,1.0,0.0,0.0,False,Qwen/Qwen3-Coder-30B-A3B-Instruct-FP8,None
2804,Pie,Medium,2.755342960357666,5.510685920715332,2,0.0,0.0,0.0,0.0,1.0,0.0,0.0,0.0,0.0,1.0,0.0,,0.0,False,Qwen/Qwen3-Coder-30B-A3B-Instruct-FP8,None
2804,Pie,Medium,2.755342960357666,5.510685920715332,2,0.0,0.0,0.0,0.0,1.0,0.0,0.0,0.0,0.0,1.0,0.0,,0.0,False,Qwen/Qwen3-Coder-30B-A3B-Instruct-FP8,None
2804,Pie,Medium,2.755342960357666,5.510685920715332,2,0.0,0.0,0.0,0.0,1.0,0.0,0.0,0.0,0.0,1.0,0.0,,0.0,False,Qwen/Qwen3-Coder-30B-A3B-Instruct-FP8,None
2806,Pie,Easy,2.092901110649109,4.185802221298218,2,0.0,0.0,0.0,0.0,0.0,0.0,0.0,0.0,0.0,0.0,1.0,0.0,0.0,False,Qwen/Qwen3-Coder-30B-A3B-Instruct-FP8,None
2806,Pie,Easy,2.092901110649109,4.185802221298218,2,0.0,0.0,0.0,0.0,0.0,0.0,0.0,0.0,0.0,0.0,1.0,0.0,0.0,False,Qwen/Qwen3-Coder-30B-A3B-Instruct-FP8,None
2806,Pie,Easy,2.092901110649109,4.185802221298218,2,0.0,0.0,0.0,0.0,0.0,0.0,0.0,0.0,0.0,0.0,1.0,0.0,0.0,False,Qwen/Qwen3-Coder-30B-A3B-Instruct-FP8,None
2807,Bar,Easy,2.2196385065714517,6.6589155197143555,3,0.0,0.0,0.0,0.0,0.0,0.0,0.0,0.0,0.0,0.0,1.0,0.0,0.0,False,Qwen/Qwen3-Coder-30B-A3B-Instruct-FP8,None
2807,Bar,Easy,2.2196385065714517,6.6589155197143555,3,0.0,0.0,0.0,0.0,0.0,0.0,0.0,0.0,0.0,0.0,1.0,0.0,0.0,False,Qwen/Qwen3-Coder-30B-A3B-Instruct-FP8,None
2807,Bar,Easy,2.2196385065714517,6.6589155197143555,3,0.0,0.0,0.0,0.0,0.0,0.0,0.0,0.0,0.0,0.0,1.0,0.0,0.0,False,Qwen/Qwen3-Coder-30B-A3B-Instruct-FP8,None
2808,Bar,Hard,3.944586157798767,7.889172315597534,2,0.0,0.0,0.0,0.0,0.5,0.0,0.0,0.0,0.0,0.5,0.5,0.0,0.0,True,Qwen/Qwen3-Coder-30B-A3B-Instruct-FP8,None
2808,Bar,Hard,3.944586157798767,7.889172315597534,2,0.0,0.0,0.0,0.0,0.5,0.0,0.0,0.0,0.0,0.5,0.5,0.0,0.0,True,Qwen/Qwen3-Coder-30B-A3B-Instruct-FP8,None
2808,Bar,Hard,3.944586157798767,7.889172315597534,2,0.0,0.0,0.0,0.0,0.5,0.0,0.0,0.0,0.0,0.5,0.5,0.0,0.0,True,Qwen/Qwen3-Coder-30B-A3B-Instruct-FP8,None
2809,Pie,Easy,1.9202814102172852,1.9202814102172852,1,0.0,0.0,0.0,0.0,0.0,0.0,0.0,0.0,0.0,0.0,1.0,0.0,0.0,False,Qwen/Qwen3-Coder-30B-A3B-Instruct-FP8,None
2809,Pie,Easy,1.9202814102172852,1.9202814102172852,1,0.0,0.0,0.0,0.0,0.0,0.0,0.0,0.0,0.0,0.0,1.0,0.0,0.0,False,Qwen/Qwen3-Coder-30B-A3B-Instruct-FP8,None
2809,Pie,Easy,1.9202814102172852,1.9202814102172852,1,0.0,0.0,0.0,0.0,0.0,0.0,0.0,0.0,0.0,0.0,1.0,0.0,0.0,False,Qwen/Qwen3-Coder-30B-A3B-Instruct-FP8,None
2810,Bar,Easy,2.006336212158203,4.012672424316406,2,0.0,0.0,0.0,0.0,0.0,0.0,0.0,0.0,0.0,0.0,1.0,0.0,0.0,False,Qwen/Qwen3-Coder-30B-A3B-Instruct-FP8,None
2810,Bar,Easy,2.006336212158203,4.012672424316406,2,0.0,0.0,0.0,0.0,0.0,0.0,0.0,0.0,0.0,0.0,1.0,0.0,0.0,False,Qwen/Qwen3-Coder-30B-A3B-Instruct-FP8,None
2810,Bar,Easy,2.006336212158203,4.012672424316406,2,0.0,0.0,0.0,0.0,0.0,0.0,0.0,0.0,0.0,0.0,1.0,0.0,0.0,False,Qwen/Qwen3-Coder-30B-A3B-Instruct-FP8,None
2817,Pie,Medium,2.1394670009613037,2.1394670009613037,1,0.0,0.0,0.0,0.0,0.0,0.0,0.0,0.0,0.0,0.0,1.0,0.0,0.0,False,Qwen/Qwen3-Coder-30B-A3B-Instruct-FP8,None
2817,Pie,Medium,2.1394670009613037,2.1394670009613037,1,0.0,0.0,0.0,0.0,0.0,0.0,0.0,0.0,0.0,0.0,1.0,0.0,0.0,False,Qwen/Qwen3-Coder-30B-A3B-Instruct-FP8,None
2817,Pie,Medium,2.1394670009613037,2.1394670009613037,1,0.0,0.0,0.0,0.0,0.0,0.0,0.0,0.0,0.0,0.0,1.0,0.0,0.0,False,Qwen/Qwen3-Coder-30B-A3B-Instruct-FP8,None
2818,Bar,Medium,2.2418161630630493,4.483632326126099,2,0.0,0.0,0.0,0.0,0.0,0.0,0.0,0.0,0.0,0.0,1.0,0.0,0.0,False,Qwen/Qwen3-Coder-30B-A3B-Instruct-FP8,None
2818,Bar,Medium,2.2418161630630493,4.483632326126099,2,0.0,0.0,0.0,0.0,0.0,0.0,0.0,0.0,0.0,0.0,1.0,0.0,0.0,False,Qwen/Qwen3-Coder-30B-A3B-Instruct-FP8,None
2818,Bar,Medium,2.2418161630630493,4.483632326126099,2,0.0,0.0,0.0,0.0,0.0,0.0,0.0,0.0,0.0,0.0,1.0,0.0,0.0,False,Qwen/Qwen3-Coder-30B-A3B-Instruct-FP8,None
2820,Bar,Easy,1.9484649896621704,11.690789937973022,6,0.0,0.0,0.0,0.0,0.0,0.0,0.0,0.0,0.0,0.0,1.0,0.0,0.0,False,Qwen/Qwen3-Coder-30B-A3B-Instruct-FP8,None
2820,Bar,Easy,1.9484649896621704,11.690789937973022,6,0.0,0.0,0.0,0.0,0.0,0.0,0.0,0.0,0.0,0.0,1.0,0.0,0.0,False,Qwen/Qwen3-Coder-30B-A3B-Instruct-FP8,None
2820,Bar,Easy,1.9484649896621704,11.690789937973022,6,0.0,0.0,0.0,0.0,0.0,0.0,0.0,0.0,0.0,0.0,1.0,0.0,0.0,False,Qwen/Qwen3-Coder-30B-A3B-Instruct-FP8,None
2822,Pie,Medium,5.942739725112915,5.942739725112915,1,0.0,0.0,0.0,0.0,0.0,0.0,0.0,0.0,0.0,0.0,1.0,0.0,0.0,True,Qwen/Qwen3-Coder-30B-A3B-Instruct-FP8,None
2822,Pie,Medium,5.942739725112915,5.942739725112915,1,0.0,0.0,0.0,0.0,0.0,0.0,0.0,0.0,0.0,0.0,1.0,0.0,0.0,True,Qwen/Qwen3-Coder-30B-A3B-Instruct-FP8,None
2822,Pie,Medium,5.942739725112915,5.942739725112915,1,0.0,0.0,0.0,0.0,0.0,0.0,0.0,0.0,0.0,0.0,1.0,0.0,0.0,True,Qwen/Qwen3-Coder-30B-A3B-Instruct-FP8,None
2830,Bar,Easy,1.6385080814361572,1.6385080814361572,1,0.0,0.0,0.0,0.0,0.0,0.0,0.0,0.0,0.0,0.0,1.0,0.0,0.0,False,Qwen/Qwen3-Coder-30B-A3B-Instruct-FP8,None
2830,Bar,Easy,1.6385080814361572,1.6385080814361572,1,0.0,0.0,0.0,0.0,0.0,0.0,0.0,0.0,0.0,0.0,1.0,0.0,0.0,False,Qwen/Qwen3-Coder-30B-A3B-Instruct-FP8,None
2830,Bar,Easy,1.6385080814361572,1.6385080814361572,1,0.0,0.0,0.0,0.0,0.0,0.0,0.0,0.0,0.0,0.0,1.0,0.0,0.0,False,Qwen/Qwen3-Coder-30B-A3B-Instruct-FP8,None
2847,Pie,Extra Hard,4.1800156235694885,16.720062494277954,4,0.0,0.0,0.0,0.0,0.0,0.0,0.0,0.0,0.0,0.0,1.0,0.0,0.0,True,Qwen/Qwen3-Coder-30B-A3B-Instruct-FP8,None
2847,Pie,Extra Hard,4.1800156235694885,16.720062494277954,4,0.0,0.0,0.0,0.0,0.0,0.0,0.0,0.0,0.0,0.0,1.0,0.0,0.0,True,Qwen/Qwen3-Coder-30B-A3B-Instruct-FP8,None
2847,Pie,Extra Hard,4.1800156235694885,16.720062494277954,4,0.0,0.0,0.0,0.0,0.0,0.0,0.0,0.0,0.0,0.0,1.0,0.0,0.0,True,Qwen/Qwen3-Coder-30B-A3B-Instruct-FP8,None
2848,Bar,Extra Hard,3.18810658454895,15.940532922744751,5,0.0,0.0,0.0,0.0,0.0,0.0,0.0,0.0,0.0,0.0,1.0,0.0,0.0,True,Qwen/Qwen3-Coder-30B-A3B-Instruct-FP8,None
2848,Bar,Extra Hard,3.18810658454895,15.940532922744751,5,0.0,0.0,0.0,0.0,0.0,0.0,0.0,0.0,0.0,0.0,1.0,0.0,0.0,True,Qwen/Qwen3-Coder-30B-A3B-Instruct-FP8,None
2848,Bar,Extra Hard,3.18810658454895,15.940532922744751,5,0.0,0.0,0.0,0.0,0.0,0.0,0.0,0.0,0.0,0.0,1.0,0.0,0.0,True,Qwen/Qwen3-Coder-30B-A3B-Instruct-FP8,None
2850,Bar,Hard,2.107248067855835,4.21449613571167,2,0.0,0.0,0.0,0.0,0.0,0.0,0.0,0.0,0.0,0.0,1.0,0.0,0.0,False,Qwen/Qwen3-Coder-30B-A3B-Instruct-FP8,None
2850,Bar,Hard,2.107248067855835,4.21449613571167,2,0.0,0.0,0.0,0.0,0.0,0.0,0.0,0.0,0.0,0.0,1.0,0.0,0.0,False,Qwen/Qwen3-Coder-30B-A3B-Instruct-FP8,None
2850,Bar,Hard,2.107248067855835,4.21449613571167,2,0.0,0.0,0.0,0.0,0.0,0.0,0.0,0.0,0.0,0.0,1.0,0.0,0.0,False,Qwen/Qwen3-Coder-30B-A3B-Instruct-FP8,None
2851,Bar,Hard,2.572181224822998,2.572181224822998,1,0.0,0.0,0.0,0.0,1.0,0.0,0.0,0.0,0.0,1.0,0.0,,0.0,False,Qwen/Qwen3-Coder-30B-A3B-Instruct-FP8,None
2851,Bar,Hard,2.572181224822998,2.572181224822998,1,0.0,0.0,0.0,0.0,1.0,0.0,0.0,0.0,0.0,1.0,0.0,,0.0,False,Qwen/Qwen3-Coder-30B-A3B-Instruct-FP8,None
2851,Bar,Hard,2.572181224822998,2.572181224822998,1,0.0,0.0,0.0,0.0,1.0,0.0,0.0,0.0,0.0,1.0,0.0,,0.0,False,Qwen/Qwen3-Coder-30B-A3B-Instruct-FP8,None
2852,Bar,Extra Hard,3.7569735050201416,3.7569735050201416,1,0.0,0.0,0.0,0.0,1.0,0.0,0.0,0.0,0.0,1.0,0.0,,0.0,True,Qwen/Qwen3-Coder-30B-A3B-Instruct-FP8,None
2852,Bar,Extra Hard,3.7569735050201416,3.7569735050201416,1,0.0,0.0,0.0,0.0,1.0,0.0,0.0,0.0,0.0,1.0,0.0,,0.0,True,Qwen/Qwen3-Coder-30B-A3B-Instruct-FP8,None
2852,Bar,Extra Hard,3.7569735050201416,3.7569735050201416,1,0.0,0.0,0.0,0.0,1.0,0.0,0.0,0.0,0.0,1.0,0.0,,0.0,True,Qwen/Qwen3-Coder-30B-A3B-Instruct-FP8,None
2857,Bar,Hard,2.2756059169769287,6.826817750930786,3,0.0,0.0,0.0,0.0,0.0,0.0,0.0,0.0,0.0,0.0,1.0,0.0,0.0,False,Qwen/Qwen3-Coder-30B-A3B-Instruct-FP8,None
2857,Bar,Hard,2.2756059169769287,6.826817750930786,3,0.0,0.0,0.0,0.0,0.0,0.0,0.0,0.0,0.0,0.0,1.0,0.0,0.0,False,Qwen/Qwen3-Coder-30B-A3B-Instruct-FP8,None
2857,Bar,Hard,2.2756059169769287,6.826817750930786,3,0.0,0.0,0.0,0.0,0.0,0.0,0.0,0.0,0.0,0.0,1.0,0.0,0.0,False,Qwen/Qwen3-Coder-30B-A3B-Instruct-FP8,None
2858,Pie,Medium,5.439205884933472,16.317617654800415,3,0.0,0.0,0.0,0.0,0.0,0.0,0.0,0.0,0.0,0.0,1.0,0.0,0.0,True,Qwen/Qwen3-Coder-30B-A3B-Instruct-FP8,None
2858,Pie,Medium,5.439205884933472,16.317617654800415,3,0.0,0.0,0.0,0.0,0.0,0.0,0.0,0.0,0.0,0.0,1.0,0.0,0.0,True,Qwen/Qwen3-Coder-30B-A3B-Instruct-FP8,None
2858,Pie,Medium,5.439205884933472,16.317617654800415,3,0.0,0.0,0.0,0.0,0.0,0.0,0.0,0.0,0.0,0.0,1.0,0.0,0.0,True,Qwen/Qwen3-Coder-30B-A3B-Instruct-FP8,None
2861,Pie,Easy,1.793670892715454,1.793670892715454,1,0.0,0.0,0.0,0.0,0.0,0.0,0.0,0.0,0.0,0.0,1.0,0.0,0.0,False,Qwen/Qwen3-Coder-30B-A3B-Instruct-FP8,None
2861,Pie,Easy,1.793670892715454,1.793670892715454,1,0.0,0.0,0.0,0.0,0.0,0.0,0.0,0.0,0.0,0.0,1.0,0.0,0.0,False,Qwen/Qwen3-Coder-30B-A3B-Instruct-FP8,None
2861,Pie,Easy,1.793670892715454,1.793670892715454,1,0.0,0.0,0.0,0.0,0.0,0.0,0.0,0.0,0.0,0.0,1.0,0.0,0.0,False,Qwen/Qwen3-Coder-30B-A3B-Instruct-FP8,None
2864,Pie,Medium,3.442349910736084,17.21174955368042,5,0.0,0.0,0.0,0.0,0.0,0.0,0.0,0.0,0.0,0.0,1.0,0.0,0.0,True,Qwen/Qwen3-Coder-30B-A3B-Instruct-FP8,None
2864,Pie,Medium,3.442349910736084,17.21174955368042,5,0.0,0.0,0.0,0.0,0.0,0.0,0.0,0.0,0.0,0.0,1.0,0.0,0.0,True,Qwen/Qwen3-Coder-30B-A3B-Instruct-FP8,None
2864,Pie,Medium,3.442349910736084,17.21174955368042,5,0.0,0.0,0.0,0.0,0.0,0.0,0.0,0.0,0.0,0.0,1.0,0.0,0.0,True,Qwen/Qwen3-Coder-30B-A3B-Instruct-FP8,None
2866,Pie,Medium,3.377987504005432,13.511950016021729,4,0.0,0.0,0.0,0.0,0.0,0.0,0.0,0.0,0.0,0.0,1.0,0.0,0.0,True,Qwen/Qwen3-Coder-30B-A3B-Instruct-FP8,None
2866,Pie,Medium,3.377987504005432,13.511950016021729,4,0.0,0.0,0.0,0.0,0.0,0.0,0.0,0.0,0.0,0.0,1.0,0.0,0.0,True,Qwen/Qwen3-Coder-30B-A3B-Instruct-FP8,None
2866,Pie,Medium,3.377987504005432,13.511950016021729,4,0.0,0.0,0.0,0.0,0.0,0.0,0.0,0.0,0.0,0.0,1.0,0.0,0.0,True,Qwen/Qwen3-Coder-30B-A3B-Instruct-FP8,None
2874,Scatter,Easy,2.128840208053589,2.128840208053589,1,0.0,0.0,0.0,0.0,0.0,0.0,0.0,0.0,0.0,0.0,1.0,0.0,0.0,False,Qwen/Qwen3-Coder-30B-A3B-Instruct-FP8,None
2874,Scatter,Easy,2.128840208053589,2.128840208053589,1,0.0,0.0,0.0,0.0,0.0,0.0,0.0,0.0,0.0,0.0,1.0,0.0,0.0,False,Qwen/Qwen3-Coder-30B-A3B-Instruct-FP8,None
2874,Scatter,Easy,2.128840208053589,2.128840208053589,1,0.0,0.0,0.0,0.0,0.0,0.0,0.0,0.0,0.0,0.0,1.0,0.0,0.0,False,Qwen/Qwen3-Coder-30B-A3B-Instruct-FP8,None
2881,Pie,Easy,1.967949390411377,3.935898780822754,2,0.0,0.0,0.0,0.0,0.0,0.0,0.0,0.0,0.0,0.0,1.0,0.0,0.0,False,Qwen/Qwen3-Coder-30B-A3B-Instruct-FP8,None
2881,Pie,Easy,1.967949390411377,3.935898780822754,2,0.0,0.0,0.0,0.0,0.0,0.0,0.0,0.0,0.0,0.0,1.0,0.0,0.0,False,Qwen/Qwen3-Coder-30B-A3B-Instruct-FP8,None
2881,Pie,Easy,1.967949390411377,3.935898780822754,2,0.0,0.0,0.0,0.0,0.0,0.0,0.0,0.0,0.0,0.0,1.0,0.0,0.0,False,Qwen/Qwen3-Coder-30B-A3B-Instruct-FP8,None
2885,Pie,Medium,3.960807204246521,7.921614408493042,2,0.0,0.0,0.0,0.0,0.0,0.0,0.0,0.0,0.0,0.0,1.0,0.0,0.0,True,Qwen/Qwen3-Coder-30B-A3B-Instruct-FP8,None
2885,Pie,Medium,3.960807204246521,7.921614408493042,2,0.0,0.0,0.0,0.0,0.0,0.0,0.0,0.0,0.0,0.0,1.0,0.0,0.0,True,Qwen/Qwen3-Coder-30B-A3B-Instruct-FP8,None
2885,Pie,Medium,3.960807204246521,7.921614408493042,2,0.0,0.0,0.0,0.0,0.0,0.0,0.0,0.0,0.0,0.0,1.0,0.0,0.0,True,Qwen/Qwen3-Coder-30B-A3B-Instruct-FP8,None
2900,Bar,Medium,10.692330121994019,10.692330121994019,1,0.0,0.0,0.0,0.0,1.0,0.0,0.0,0.0,0.0,1.0,0.0,,0.0,False,Qwen/Qwen3-Coder-30B-A3B-Instruct-FP8,None
2900,Bar,Medium,10.692330121994019,10.692330121994019,1,0.0,0.0,0.0,0.0,1.0,0.0,0.0,0.0,0.0,1.0,0.0,,0.0,False,Qwen/Qwen3-Coder-30B-A3B-Instruct-FP8,None
2900,Bar,Medium,10.692330121994019,10.692330121994019,1,0.0,0.0,0.0,0.0,1.0,0.0,0.0,0.0,0.0,1.0,0.0,,0.0,False,Qwen/Qwen3-Coder-30B-A3B-Instruct-FP8,None
2903,Bar,Hard,9.587357521057129,19.174715042114258,2,0.0,0.0,0.0,0.0,0.0,0.0,0.0,0.0,0.0,0.0,1.0,0.0,0.0,True,Qwen/Qwen3-Coder-30B-A3B-Instruct-FP8,None
2903,Bar,Hard,9.587357521057129,19.174715042114258,2,0.0,0.0,0.0,0.0,0.0,0.0,0.0,0.0,0.0,0.0,1.0,0.0,0.0,True,Qwen/Qwen3-Coder-30B-A3B-Instruct-FP8,None
2903,Bar,Hard,9.587357521057129,19.174715042114258,2,0.0,0.0,0.0,0.0,0.0,0.0,0.0,0.0,0.0,0.0,1.0,0.0,0.0,True,Qwen/Qwen3-Coder-30B-A3B-Instruct-FP8,None
2928,Bar,Easy,2.0505764484405518,10.252882242202759,5,0.0,0.0,0.0,0.0,0.0,0.0,0.0,0.0,0.0,0.0,1.0,0.0,0.0,False,Qwen/Qwen3-Coder-30B-A3B-Instruct-FP8,None
2928,Bar,Easy,2.0505764484405518,10.252882242202759,5,0.0,0.0,0.0,0.0,0.0,0.0,0.0,0.0,0.0,0.0,1.0,0.0,0.0,False,Qwen/Qwen3-Coder-30B-A3B-Instruct-FP8,None
2928,Bar,Easy,2.0505764484405518,10.252882242202759,5,0.0,0.0,0.0,0.0,0.0,0.0,0.0,0.0,0.0,0.0,1.0,0.0,0.0,False,Qwen/Qwen3-Coder-30B-A3B-Instruct-FP8,None
2930,Pie,Hard,6.660319566726685,13.32063913345337,2,0.0,0.0,0.0,0.0,1.0,0.0,0.0,0.0,0.0,1.0,0.0,,0.0,True,Qwen/Qwen3-Coder-30B-A3B-Instruct-FP8,None
2930,Pie,Hard,6.660319566726685,13.32063913345337,2,0.0,0.0,0.0,0.0,1.0,0.0,0.0,0.0,0.0,1.0,0.0,,0.0,True,Qwen/Qwen3-Coder-30B-A3B-Instruct-FP8,None
2930,Pie,Hard,6.660319566726685,13.32063913345337,2,0.0,0.0,0.0,0.0,1.0,0.0,0.0,0.0,0.0,1.0,0.0,,0.0,True,Qwen/Qwen3-Coder-30B-A3B-Instruct-FP8,None
2932,Pie,Medium,3.1012284755706787,6.202456951141357,2,0.0,0.0,0.0,0.0,0.0,0.0,0.0,0.0,0.0,0.0,1.0,0.0,0.0,True,Qwen/Qwen3-Coder-30B-A3B-Instruct-FP8,None
2932,Pie,Medium,3.1012284755706787,6.202456951141357,2,0.0,0.0,0.0,0.0,0.0,0.0,0.0,0.0,0.0,0.0,1.0,0.0,0.0,True,Qwen/Qwen3-Coder-30B-A3B-Instruct-FP8,None
2932,Pie,Medium,3.1012284755706787,6.202456951141357,2,0.0,0.0,0.0,0.0,0.0,0.0,0.0,0.0,0.0,0.0,1.0,0.0,0.0,True,Qwen/Qwen3-Coder-30B-A3B-Instruct-FP8,None
2934,Pie,Medium,4.05292534828186,4.05292534828186,1,0.0,0.0,0.0,0.0,0.0,0.0,0.0,0.0,0.0,0.0,1.0,0.0,0.0,True,Qwen/Qwen3-Coder-30B-A3B-Instruct-FP8,None
2934,Pie,Medium,4.05292534828186,4.05292534828186,1,0.0,0.0,0.0,0.0,0.0,0.0,0.0,0.0,0.0,0.0,1.0,0.0,0.0,True,Qwen/Qwen3-Coder-30B-A3B-Instruct-FP8,None
2934,Pie,Medium,4.05292534828186,4.05292534828186,1,0.0,0.0,0.0,0.0,0.0,0.0,0.0,0.0,0.0,0.0,1.0,0.0,0.0,True,Qwen/Qwen3-Coder-30B-A3B-Instruct-FP8,None
2941,Bar,Easy,1.7360756397247314,1.7360756397247314,1,0.0,0.0,0.0,0.0,0.0,0.0,0.0,0.0,0.0,0.0,1.0,0.0,0.0,False,Qwen/Qwen3-Coder-30B-A3B-Instruct-FP8,None
2941,Bar,Easy,1.7360756397247314,1.7360756397247314,1,0.0,0.0,0.0,0.0,0.0,0.0,0.0,0.0,0.0,0.0,1.0,0.0,0.0,False,Qwen/Qwen3-Coder-30B-A3B-Instruct-FP8,None
2941,Bar,Easy,1.7360756397247314,1.7360756397247314,1,0.0,0.0,0.0,0.0,0.0,0.0,0.0,0.0,0.0,0.0,1.0,0.0,0.0,False,Qwen/Qwen3-Coder-30B-A3B-Instruct-FP8,None
2958,Pie,Medium,3.1265408396720886,12.506163358688354,4,0.0,0.0,0.0,0.0,0.5,0.0,0.0,0.0,0.0,0.5,0.5,0.0,0.0,True,Qwen/Qwen3-Coder-30B-A3B-Instruct-FP8,None
2958,Pie,Medium,3.1265408396720886,12.506163358688354,4,0.0,0.0,0.0,0.0,0.5,0.0,0.0,0.0,0.0,0.5,0.5,0.0,0.0,True,Qwen/Qwen3-Coder-30B-A3B-Instruct-FP8,None
2958,Pie,Medium,3.1265408396720886,12.506163358688354,4,0.0,0.0,0.0,0.0,0.5,0.0,0.0,0.0,0.0,0.5,0.5,0.0,0.0,True,Qwen/Qwen3-Coder-30B-A3B-Instruct-FP8,None
2960,Bar,Medium,2.457497000694275,4.91499400138855,2,0.0,0.0,0.0,0.0,0.0,1.0,0.0,0.0,0.0,1.0,0.0,,0.0,False,Qwen/Qwen3-Coder-30B-A3B-Instruct-FP8,None
2960,Bar,Medium,2.457497000694275,4.91499400138855,2,0.0,0.0,0.0,0.0,0.0,1.0,0.0,0.0,0.0,1.0,0.0,,0.0,False,Qwen/Qwen3-Coder-30B-A3B-Instruct-FP8,None
2960,Bar,Medium,2.457497000694275,4.91499400138855,2,0.0,0.0,0.0,0.0,0.0,1.0,0.0,0.0,0.0,1.0,0.0,,0.0,False,Qwen/Qwen3-Coder-30B-A3B-Instruct-FP8,None
2962,Bar,Easy,2.960664749145508,2.960664749145508,1,0.0,0.0,0.0,0.0,0.0,0.0,0.0,0.0,0.0,0.0,1.0,0.0,0.0,False,Qwen/Qwen3-Coder-30B-A3B-Instruct-FP8,None
2962,Bar,Easy,2.960664749145508,2.960664749145508,1,0.0,0.0,0.0,0.0,0.0,0.0,0.0,0.0,0.0,0.0,1.0,0.0,0.0,False,Qwen/Qwen3-Coder-30B-A3B-Instruct-FP8,None
2962,Bar,Easy,2.960664749145508,2.960664749145508,1,0.0,0.0,0.0,0.0,0.0,0.0,0.0,0.0,0.0,0.0,1.0,0.0,0.0,False,Qwen/Qwen3-Coder-30B-A3B-Instruct-FP8,None
2963,Bar,Easy,3.0683491230010986,3.0683491230010986,1,0.0,0.0,0.0,0.0,0.0,0.0,0.0,0.0,0.0,0.0,1.0,0.0,0.0,False,Qwen/Qwen3-Coder-30B-A3B-Instruct-FP8,None
2963,Bar,Easy,3.0683491230010986,3.0683491230010986,1,0.0,0.0,0.0,0.0,0.0,0.0,0.0,0.0,0.0,0.0,1.0,0.0,0.0,False,Qwen/Qwen3-Coder-30B-A3B-Instruct-FP8,None
2963,Bar,Easy,3.0683491230010986,3.0683491230010986,1,0.0,0.0,0.0,0.0,0.0,0.0,0.0,0.0,0.0,0.0,1.0,0.0,0.0,False,Qwen/Qwen3-Coder-30B-A3B-Instruct-FP8,None
2969,Bar,Medium,3.5795260667800903,7.159052133560181,2,0.0,0.0,0.0,0.0,0.0,0.0,0.0,0.0,0.0,0.0,1.0,0.0,0.0,True,Qwen/Qwen3-Coder-30B-A3B-Instruct-FP8,None
2969,Bar,Medium,3.5795260667800903,7.159052133560181,2,0.0,0.0,0.0,0.0,0.0,0.0,0.0,0.0,0.0,0.0,1.0,0.0,0.0,True,Qwen/Qwen3-Coder-30B-A3B-Instruct-FP8,None
2969,Bar,Medium,3.5795260667800903,7.159052133560181,2,0.0,0.0,0.0,0.0,0.0,0.0,0.0,0.0,0.0,0.0,1.0,0.0,0.0,True,Qwen/Qwen3-Coder-30B-A3B-Instruct-FP8,None
2971,Pie,Medium,3.592854857444763,7.185709714889526,2,0.0,0.0,0.0,0.0,0.0,0.0,0.0,0.0,0.0,0.0,1.0,0.0,0.0,True,Qwen/Qwen3-Coder-30B-A3B-Instruct-FP8,None
2971,Pie,Medium,3.592854857444763,7.185709714889526,2,0.0,0.0,0.0,0.0,0.0,0.0,0.0,0.0,0.0,0.0,1.0,0.0,0.0,True,Qwen/Qwen3-Coder-30B-A3B-Instruct-FP8,None
2971,Pie,Medium,3.592854857444763,7.185709714889526,2,0.0,0.0,0.0,0.0,0.0,0.0,0.0,0.0,0.0,0.0,1.0,0.0,0.0,True,Qwen/Qwen3-Coder-30B-A3B-Instruct-FP8,None
2972,Pie,Medium,3.402357339859009,3.402357339859009,1,0.0,0.0,0.0,0.0,0.0,0.0,0.0,0.0,0.0,0.0,1.0,0.0,0.0,True,Qwen/Qwen3-Coder-30B-A3B-Instruct-FP8,None
2972,Pie,Medium,3.402357339859009,3.402357339859009,1,0.0,0.0,0.0,0.0,0.0,0.0,0.0,0.0,0.0,0.0,1.0,0.0,0.0,True,Qwen/Qwen3-Coder-30B-A3B-Instruct-FP8,None
2972,Pie,Medium,3.402357339859009,3.402357339859009,1,0.0,0.0,0.0,0.0,0.0,0.0,0.0,0.0,0.0,0.0,1.0,0.0,0.0,True,Qwen/Qwen3-Coder-30B-A3B-Instruct-FP8,None
2973,Bar,Medium,3.466655731201172,3.466655731201172,1,0.0,0.0,0.0,0.0,0.0,0.0,0.0,0.0,0.0,0.0,1.0,0.0,0.0,True,Qwen/Qwen3-Coder-30B-A3B-Instruct-FP8,None
2973,Bar,Medium,3.466655731201172,3.466655731201172,1,0.0,0.0,0.0,0.0,0.0,0.0,0.0,0.0,0.0,0.0,1.0,0.0,0.0,True,Qwen/Qwen3-Coder-30B-A3B-Instruct-FP8,None
2973,Bar,Medium,3.466655731201172,3.466655731201172,1,0.0,0.0,0.0,0.0,0.0,0.0,0.0,0.0,0.0,0.0,1.0,0.0,0.0,True,Qwen/Qwen3-Coder-30B-A3B-Instruct-FP8,None
2979,Bar,Hard,3.719957113265991,3.719957113265991,1,0.0,0.0,0.0,0.0,0.0,0.0,0.0,0.0,0.0,0.0,1.0,0.0,0.0,True,Qwen/Qwen3-Coder-30B-A3B-Instruct-FP8,None
2979,Bar,Hard,3.719957113265991,3.719957113265991,1,0.0,0.0,0.0,0.0,0.0,0.0,0.0,0.0,0.0,0.0,1.0,0.0,0.0,True,Qwen/Qwen3-Coder-30B-A3B-Instruct-FP8,None
2979,Bar,Hard,3.719957113265991,3.719957113265991,1,0.0,0.0,0.0,0.0,0.0,0.0,0.0,0.0,0.0,0.0,1.0,0.0,0.0,True,Qwen/Qwen3-Coder-30B-A3B-Instruct-FP8,None
2980,Pie,Hard,3.652477741241455,7.30495548248291,2,0.0,0.0,0.0,0.0,0.0,0.0,0.0,0.0,0.0,0.0,1.0,0.0,0.0,True,Qwen/Qwen3-Coder-30B-A3B-Instruct-FP8,None
2980,Pie,Hard,3.652477741241455,7.30495548248291,2,0.0,0.0,0.0,0.0,0.0,0.0,0.0,0.0,0.0,0.0,1.0,0.0,0.0,True,Qwen/Qwen3-Coder-30B-A3B-Instruct-FP8,None
2980,Pie,Hard,3.652477741241455,7.30495548248291,2,0.0,0.0,0.0,0.0,0.0,0.0,0.0,0.0,0.0,0.0,1.0,0.0,0.0,True,Qwen/Qwen3-Coder-30B-A3B-Instruct-FP8,None
2998,Bar,Hard,3.0341447591781616,6.068289518356323,2,0.0,0.0,0.0,0.0,0.0,0.0,0.0,0.0,0.0,0.0,1.0,0.0,0.0,False,Qwen/Qwen3-Coder-30B-A3B-Instruct-FP8,None
2998,Bar,Hard,3.0341447591781616,6.068289518356323,2,0.0,0.0,0.0,0.0,0.0,0.0,0.0,0.0,0.0,0.0,1.0,0.0,0.0,False,Qwen/Qwen3-Coder-30B-A3B-Instruct-FP8,None
2998,Bar,Hard,3.0341447591781616,6.068289518356323,2,0.0,0.0,0.0,0.0,0.0,0.0,0.0,0.0,0.0,0.0,1.0,0.0,0.0,False,Qwen/Qwen3-Coder-30B-A3B-Instruct-FP8,None
3004,Pie,Easy,2.190911849339803,6.572735548019409,3,0.0,0.0,0.0,0.0,0.0,0.0,0.0,0.0,0.0,0.0,1.0,0.0,0.0,False,Qwen/Qwen3-Coder-30B-A3B-Instruct-FP8,None
3004,Pie,Easy,2.190911849339803,6.572735548019409,3,0.0,0.0,0.0,0.0,0.0,0.0,0.0,0.0,0.0,0.0,1.0,0.0,0.0,False,Qwen/Qwen3-Coder-30B-A3B-Instruct-FP8,None
3004,Pie,Easy,2.190911849339803,6.572735548019409,3,0.0,0.0,0.0,0.0,0.0,0.0,0.0,0.0,0.0,0.0,1.0,0.0,0.0,False,Qwen/Qwen3-Coder-30B-A3B-Instruct-FP8,None
3009,Bar,Easy,2.1172192096710205,2.1172192096710205,1,0.0,0.0,0.0,0.0,0.0,0.0,0.0,0.0,0.0,0.0,1.0,0.0,0.0,False,Qwen/Qwen3-Coder-30B-A3B-Instruct-FP8,None
3009,Bar,Easy,2.1172192096710205,2.1172192096710205,1,0.0,0.0,0.0,0.0,0.0,0.0,0.0,0.0,0.0,0.0,1.0,0.0,0.0,False,Qwen/Qwen3-Coder-30B-A3B-Instruct-FP8,None
3009,Bar,Easy,2.1172192096710205,2.1172192096710205,1,0.0,0.0,0.0,0.0,0.0,0.0,0.0,0.0,0.0,0.0,1.0,0.0,0.0,False,Qwen/Qwen3-Coder-30B-A3B-Instruct-FP8,None
3021,Pie,Hard,3.741450548171997,7.482901096343994,2,0.0,0.0,0.0,0.0,0.0,0.0,0.0,0.0,0.0,0.0,1.0,0.0,0.0,True,Qwen/Qwen3-Coder-30B-A3B-Instruct-FP8,None
3021,Pie,Hard,3.741450548171997,7.482901096343994,2,0.0,0.0,0.0,0.0,0.0,0.0,0.0,0.0,0.0,0.0,1.0,0.0,0.0,True,Qwen/Qwen3-Coder-30B-A3B-Instruct-FP8,None
3021,Pie,Hard,3.741450548171997,7.482901096343994,2,0.0,0.0,0.0,0.0,0.0,0.0,0.0,0.0,0.0,0.0,1.0,0.0,0.0,True,Qwen/Qwen3-Coder-30B-A3B-Instruct-FP8,None
3046,Bar,Easy,2.217536767323812,6.6526103019714355,3,0.0,0.0,0.0,0.0,0.0,0.0,0.0,0.0,0.0,0.0,1.0,0.0,0.0,False,Qwen/Qwen3-Coder-30B-A3B-Instruct-FP8,None
3046,Bar,Easy,2.217536767323812,6.6526103019714355,3,0.0,0.0,0.0,0.0,0.0,0.0,0.0,0.0,0.0,0.0,1.0,0.0,0.0,False,Qwen/Qwen3-Coder-30B-A3B-Instruct-FP8,None
3046,Bar,Easy,2.217536767323812,6.6526103019714355,3,0.0,0.0,0.0,0.0,0.0,0.0,0.0,0.0,0.0,0.0,1.0,0.0,0.0,False,Qwen/Qwen3-Coder-30B-A3B-Instruct-FP8,None
3047,Pie,Easy,5.308196783065796,10.616393566131592,2,0.0,0.0,0.0,0.0,0.0,0.0,0.0,0.0,0.0,0.0,1.0,0.0,0.0,False,Qwen/Qwen3-Coder-30B-A3B-Instruct-FP8,None
3047,Pie,Easy,5.308196783065796,10.616393566131592,2,0.0,0.0,0.0,0.0,0.0,0.0,0.0,0.0,0.0,0.0,1.0,0.0,0.0,False,Qwen/Qwen3-Coder-30B-A3B-Instruct-FP8,None
3047,Pie,Easy,5.308196783065796,10.616393566131592,2,0.0,0.0,0.0,0.0,0.0,0.0,0.0,0.0,0.0,0.0,1.0,0.0,0.0,False,Qwen/Qwen3-Coder-30B-A3B-Instruct-FP8,None
3051,Pie,Easy,2.239513079325358,6.718539237976074,3,0.0,0.0,0.0,0.0,0.0,0.0,0.0,0.0,0.0,0.0,1.0,0.0,0.0,False,Qwen/Qwen3-Coder-30B-A3B-Instruct-FP8,None
3051,Pie,Easy,2.239513079325358,6.718539237976074,3,0.0,0.0,0.0,0.0,0.0,0.0,0.0,0.0,0.0,0.0,1.0,0.0,0.0,False,Qwen/Qwen3-Coder-30B-A3B-Instruct-FP8,None
3051,Pie,Easy,2.239513079325358,6.718539237976074,3,0.0,0.0,0.0,0.0,0.0,0.0,0.0,0.0,0.0,0.0,1.0,0.0,0.0,False,Qwen/Qwen3-Coder-30B-A3B-Instruct-FP8,None
3054,Pie,Easy,2.1597635746002197,4.3195271492004395,2,0.0,0.0,0.0,0.0,0.0,0.0,0.0,0.0,0.0,0.0,1.0,0.0,0.0,False,Qwen/Qwen3-Coder-30B-A3B-Instruct-FP8,None
3054,Pie,Easy,2.1597635746002197,4.3195271492004395,2,0.0,0.0,0.0,0.0,0.0,0.0,0.0,0.0,0.0,0.0,1.0,0.0,0.0,False,Qwen/Qwen3-Coder-30B-A3B-Instruct-FP8,None
3054,Pie,Easy,2.1597635746002197,4.3195271492004395,2,0.0,0.0,0.0,0.0,0.0,0.0,0.0,0.0,0.0,0.0,1.0,0.0,0.0,False,Qwen/Qwen3-Coder-30B-A3B-Instruct-FP8,None
3056,Grouping Scatter,Medium,3.157799243927002,3.157799243927002,1,0.0,0.0,0.0,0.0,0.0,0.0,0.0,0.0,0.0,0.0,1.0,0.0,0.0,False,Qwen/Qwen3-Coder-30B-A3B-Instruct-FP8,None
3056,Grouping Scatter,Medium,3.157799243927002,3.157799243927002,1,0.0,0.0,0.0,0.0,0.0,0.0,0.0,0.0,0.0,0.0,1.0,0.0,0.0,False,Qwen/Qwen3-Coder-30B-A3B-Instruct-FP8,None
3056,Grouping Scatter,Medium,3.157799243927002,3.157799243927002,1,0.0,0.0,0.0,0.0,0.0,0.0,0.0,0.0,0.0,0.0,1.0,0.0,0.0,False,Qwen/Qwen3-Coder-30B-A3B-Instruct-FP8,None
3063,Pie,Medium,3.512216806411743,10.53665041923523,3,0.0,0.0,0.0,0.0,1.0,0.0,0.0,0.0,0.0,1.0,0.0,,0.0,False,Qwen/Qwen3-Coder-30B-A3B-Instruct-FP8,None
3063,Pie,Medium,3.512216806411743,10.53665041923523,3,0.0,0.0,0.0,0.0,1.0,0.0,0.0,0.0,0.0,1.0,0.0,,0.0,False,Qwen/Qwen3-Coder-30B-A3B-Instruct-FP8,None
3063,Pie,Medium,3.512216806411743,10.53665041923523,3,0.0,0.0,0.0,0.0,1.0,0.0,0.0,0.0,0.0,1.0,0.0,,0.0,False,Qwen/Qwen3-Coder-30B-A3B-Instruct-FP8,None
3064,Bar,Medium,3.7975270748138428,11.392581224441528,3,0.0,0.0,0.0,0.0,0.0,0.0,0.0,0.0,0.0,0.0,1.0,0.0,0.0,False,Qwen/Qwen3-Coder-30B-A3B-Instruct-FP8,None
3064,Bar,Medium,3.7975270748138428,11.392581224441528,3,0.0,0.0,0.0,0.0,0.0,0.0,0.0,0.0,0.0,0.0,1.0,0.0,0.0,False,Qwen/Qwen3-Coder-30B-A3B-Instruct-FP8,None
3064,Bar,Medium,3.7975270748138428,11.392581224441528,3,0.0,0.0,0.0,0.0,0.0,0.0,0.0,0.0,0.0,0.0,1.0,0.0,0.0,False,Qwen/Qwen3-Coder-30B-A3B-Instruct-FP8,None
3067,Bar,Easy,3.3756985664367676,3.3756985664367676,1,0.0,0.0,0.0,0.0,1.0,0.0,0.0,0.0,0.0,1.0,0.0,,0.0,False,Qwen/Qwen3-Coder-30B-A3B-Instruct-FP8,None
3067,Bar,Easy,3.3756985664367676,3.3756985664367676,1,0.0,0.0,0.0,0.0,1.0,0.0,0.0,0.0,0.0,1.0,0.0,,0.0,False,Qwen/Qwen3-Coder-30B-A3B-Instruct-FP8,None
3067,Bar,Easy,3.3756985664367676,3.3756985664367676,1,0.0,0.0,0.0,0.0,1.0,0.0,0.0,0.0,0.0,1.0,0.0,,0.0,False,Qwen/Qwen3-Coder-30B-A3B-Instruct-FP8,None
3068,Pie,Medium,3.1458582878112793,3.1458582878112793,1,0.0,0.0,0.0,0.0,0.0,0.0,0.0,0.0,0.0,0.0,1.0,0.0,0.0,True,Qwen/Qwen3-Coder-30B-A3B-Instruct-FP8,None
3068,Pie,Medium,3.1458582878112793,3.1458582878112793,1,0.0,0.0,0.0,0.0,0.0,0.0,0.0,0.0,0.0,0.0,1.0,0.0,0.0,True,Qwen/Qwen3-Coder-30B-A3B-Instruct-FP8,None
3068,Pie,Medium,3.1458582878112793,3.1458582878112793,1,0.0,0.0,0.0,0.0,0.0,0.0,0.0,0.0,0.0,0.0,1.0,0.0,0.0,True,Qwen/Qwen3-Coder-30B-A3B-Instruct-FP8,None
3070,Pie,Easy,2.154365360736847,8.617461442947388,4,0.0,0.0,0.0,0.0,0.0,0.0,0.0,0.0,0.0,0.0,1.0,0.0,0.0,False,Qwen/Qwen3-Coder-30B-A3B-Instruct-FP8,None
3070,Pie,Easy,2.154365360736847,8.617461442947388,4,0.0,0.0,0.0,0.0,0.0,0.0,0.0,0.0,0.0,0.0,1.0,0.0,0.0,False,Qwen/Qwen3-Coder-30B-A3B-Instruct-FP8,None
3070,Pie,Easy,2.154365360736847,8.617461442947388,4,0.0,0.0,0.0,0.0,0.0,0.0,0.0,0.0,0.0,0.0,1.0,0.0,0.0,False,Qwen/Qwen3-Coder-30B-A3B-Instruct-FP8,None
3079,Grouping Scatter,Easy,11.652871131896973,23.305742263793945,2,0.5,0.0,0.0,0.0,0.5,0.0,0.0,0.0,0.5,0.5,0.0,,0.0,False,Qwen/Qwen3-Coder-30B-A3B-Instruct-FP8,None
3079,Grouping Scatter,Easy,11.652871131896973,23.305742263793945,2,0.5,0.0,0.0,0.0,0.5,0.0,0.0,0.0,0.5,0.5,0.0,,0.0,False,Qwen/Qwen3-Coder-30B-A3B-Instruct-FP8,None
3079,Grouping Scatter,Easy,11.652871131896973,23.305742263793945,2,0.5,0.0,0.0,0.0,0.5,0.0,0.0,0.0,0.5,0.5,0.0,,0.0,False,Qwen/Qwen3-Coder-30B-A3B-Instruct-FP8,None
3085,Grouping Scatter,Easy,9.989776849746704,19.979553699493408,2,0.0,0.0,0.0,0.0,0.5,0.0,0.0,0.0,0.0,0.5,0.5,0.0,0.0,False,Qwen/Qwen3-Coder-30B-A3B-Instruct-FP8,None
3085,Grouping Scatter,Easy,9.989776849746704,19.979553699493408,2,0.0,0.0,0.0,0.0,0.5,0.0,0.0,0.0,0.0,0.5,0.5,0.0,0.0,False,Qwen/Qwen3-Coder-30B-A3B-Instruct-FP8,None
3085,Grouping Scatter,Easy,9.989776849746704,19.979553699493408,2,0.0,0.0,0.0,0.0,0.5,0.0,0.0,0.0,0.0,0.5,0.5,0.0,0.0,False,Qwen/Qwen3-Coder-30B-A3B-Instruct-FP8,None
3097,Grouping Scatter,Easy,6.96316123008728,6.96316123008728,1,0.0,0.0,0.0,1.0,1.0,0.0,0.0,0.0,0.0,1.0,0.0,,0.0,False,Qwen/Qwen3-Coder-30B-A3B-Instruct-FP8,None
3097,Grouping Scatter,Easy,6.96316123008728,6.96316123008728,1,0.0,0.0,0.0,1.0,1.0,0.0,0.0,0.0,0.0,1.0,0.0,,0.0,False,Qwen/Qwen3-Coder-30B-A3B-Instruct-FP8,None
3097,Grouping Scatter,Easy,6.96316123008728,6.96316123008728,1,0.0,0.0,0.0,1.0,1.0,0.0,0.0,0.0,0.0,1.0,0.0,,0.0,False,Qwen/Qwen3-Coder-30B-A3B-Instruct-FP8,None
3121,Scatter,Easy,2.3649351596832275,9.45974063873291,4,0.0,0.0,0.0,0.0,0.0,0.0,0.0,0.0,0.0,0.0,1.0,0.0,0.0,False,Qwen/Qwen3-Coder-30B-A3B-Instruct-FP8,None
3121,Scatter,Easy,2.3649351596832275,9.45974063873291,4,0.0,0.0,0.0,0.0,0.0,0.0,0.0,0.0,0.0,0.0,1.0,0.0,0.0,False,Qwen/Qwen3-Coder-30B-A3B-Instruct-FP8,None
3121,Scatter,Easy,2.3649351596832275,9.45974063873291,4,0.0,0.0,0.0,0.0,0.0,0.0,0.0,0.0,0.0,0.0,1.0,0.0,0.0,False,Qwen/Qwen3-Coder-30B-A3B-Instruct-FP8,None
3139,Pie,Easy,2.471895456314087,2.471895456314087,1,0.0,0.0,0.0,0.0,1.0,0.0,0.0,0.0,0.0,1.0,0.0,,0.0,False,Qwen/Qwen3-Coder-30B-A3B-Instruct-FP8,None
3139,Pie,Easy,2.471895456314087,2.471895456314087,1,0.0,0.0,0.0,0.0,1.0,0.0,0.0,0.0,0.0,1.0,0.0,,0.0,False,Qwen/Qwen3-Coder-30B-A3B-Instruct-FP8,None
3139,Pie,Easy,2.471895456314087,2.471895456314087,1,0.0,0.0,0.0,0.0,1.0,0.0,0.0,0.0,0.0,1.0,0.0,,0.0,False,Qwen/Qwen3-Coder-30B-A3B-Instruct-FP8,None
3150,Pie,Easy,2.4720762968063354,4.944152593612671,2,0.0,0.0,0.0,0.0,0.0,0.0,0.0,0.0,0.0,0.0,1.0,0.0,0.0,False,Qwen/Qwen3-Coder-30B-A3B-Instruct-FP8,None
3150,Pie,Easy,2.4720762968063354,4.944152593612671,2,0.0,0.0,0.0,0.0,0.0,0.0,0.0,0.0,0.0,0.0,1.0,0.0,0.0,False,Qwen/Qwen3-Coder-30B-A3B-Instruct-FP8,None
3150,Pie,Easy,2.4720762968063354,4.944152593612671,2,0.0,0.0,0.0,0.0,0.0,0.0,0.0,0.0,0.0,0.0,1.0,0.0,0.0,False,Qwen/Qwen3-Coder-30B-A3B-Instruct-FP8,None
3165,Grouping Scatter,Easy,12.877582550048828,12.877582550048828,1,1.0,0.0,0.0,0.0,0.0,0.0,0.0,0.0,1.0,0.0,0.0,,0.0,False,Qwen/Qwen3-Coder-30B-A3B-Instruct-FP8,None
3165,Grouping Scatter,Easy,12.877582550048828,12.877582550048828,1,1.0,0.0,0.0,0.0,0.0,0.0,0.0,0.0,1.0,0.0,0.0,,0.0,False,Qwen/Qwen3-Coder-30B-A3B-Instruct-FP8,None
3165,Grouping Scatter,Easy,12.877582550048828,12.877582550048828,1,1.0,0.0,0.0,0.0,0.0,0.0,0.0,0.0,1.0,0.0,0.0,,0.0,False,Qwen/Qwen3-Coder-30B-A3B-Instruct-FP8,None
3171,Grouping Scatter,Easy,14.773310422897339,14.773310422897339,1,1.0,0.0,0.0,0.0,0.0,0.0,0.0,0.0,1.0,0.0,0.0,,0.0,False,Qwen/Qwen3-Coder-30B-A3B-Instruct-FP8,None
3171,Grouping Scatter,Easy,14.773310422897339,14.773310422897339,1,1.0,0.0,0.0,0.0,0.0,0.0,0.0,0.0,1.0,0.0,0.0,,0.0,False,Qwen/Qwen3-Coder-30B-A3B-Instruct-FP8,None
3171,Grouping Scatter,Easy,14.773310422897339,14.773310422897339,1,1.0,0.0,0.0,0.0,0.0,0.0,0.0,0.0,1.0,0.0,0.0,,0.0,False,Qwen/Qwen3-Coder-30B-A3B-Instruct-FP8,None
3177,Grouping Scatter,Easy,14.987988471984863,14.987988471984863,1,1.0,0.0,0.0,0.0,0.0,0.0,0.0,0.0,1.0,0.0,0.0,,0.0,False,Qwen/Qwen3-Coder-30B-A3B-Instruct-FP8,None
3177,Grouping Scatter,Easy,14.987988471984863,14.987988471984863,1,1.0,0.0,0.0,0.0,0.0,0.0,0.0,0.0,1.0,0.0,0.0,,0.0,False,Qwen/Qwen3-Coder-30B-A3B-Instruct-FP8,None
3177,Grouping Scatter,Easy,14.987988471984863,14.987988471984863,1,1.0,0.0,0.0,0.0,0.0,0.0,0.0,0.0,1.0,0.0,0.0,,0.0,False,Qwen/Qwen3-Coder-30B-A3B-Instruct-FP8,None
3198,Pie,Easy,1.9449470043182373,1.9449470043182373,1,0.0,0.0,0.0,0.0,0.0,0.0,0.0,0.0,0.0,0.0,1.0,0.0,0.0,False,Qwen/Qwen3-Coder-30B-A3B-Instruct-FP8,None
3198,Pie,Easy,1.9449470043182373,1.9449470043182373,1,0.0,0.0,0.0,0.0,0.0,0.0,0.0,0.0,0.0,0.0,1.0,0.0,0.0,False,Qwen/Qwen3-Coder-30B-A3B-Instruct-FP8,None
3198,Pie,Easy,1.9449470043182373,1.9449470043182373,1,0.0,0.0,0.0,0.0,0.0,0.0,0.0,0.0,0.0,0.0,1.0,0.0,0.0,False,Qwen/Qwen3-Coder-30B-A3B-Instruct-FP8,None
3207,Bar,Easy,6.918007969856262,13.836015939712524,2,0.0,0.0,0.0,0.0,1.0,0.0,0.0,0.0,0.0,1.0,0.0,,0.0,False,Qwen/Qwen3-Coder-30B-A3B-Instruct-FP8,None
3207,Bar,Easy,6.918007969856262,13.836015939712524,2,0.0,0.0,0.0,0.0,1.0,0.0,0.0,0.0,0.0,1.0,0.0,,0.0,False,Qwen/Qwen3-Coder-30B-A3B-Instruct-FP8,None
3207,Bar,Easy,6.918007969856262,13.836015939712524,2,0.0,0.0,0.0,0.0,1.0,0.0,0.0,0.0,0.0,1.0,0.0,,0.0,False,Qwen/Qwen3-Coder-30B-A3B-Instruct-FP8,None
3213,Pie,Medium,2.681858539581299,2.681858539581299,1,0.0,0.0,0.0,0.0,0.0,0.0,0.0,0.0,0.0,0.0,1.0,0.0,0.0,False,Qwen/Qwen3-Coder-30B-A3B-Instruct-FP8,None
3213,Pie,Medium,2.681858539581299,2.681858539581299,1,0.0,0.0,0.0,0.0,0.0,0.0,0.0,0.0,0.0,0.0,1.0,0.0,0.0,False,Qwen/Qwen3-Coder-30B-A3B-Instruct-FP8,None
3213,Pie,Medium,2.681858539581299,2.681858539581299,1,0.0,0.0,0.0,0.0,0.0,0.0,0.0,0.0,0.0,0.0,1.0,0.0,0.0,False,Qwen/Qwen3-Coder-30B-A3B-Instruct-FP8,None
3215,Pie,Easy,2.9044735431671143,5.8089470863342285,2,0.0,0.0,0.0,0.0,0.0,0.0,0.0,0.0,0.0,0.0,1.0,0.0,0.0,False,Qwen/Qwen3-Coder-30B-A3B-Instruct-FP8,None
3215,Pie,Easy,2.9044735431671143,5.8089470863342285,2,0.0,0.0,0.0,0.0,0.0,0.0,0.0,0.0,0.0,0.0,1.0,0.0,0.0,False,Qwen/Qwen3-Coder-30B-A3B-Instruct-FP8,None
3215,Pie,Easy,2.9044735431671143,5.8089470863342285,2,0.0,0.0,0.0,0.0,0.0,0.0,0.0,0.0,0.0,0.0,1.0,0.0,0.0,False,Qwen/Qwen3-Coder-30B-A3B-Instruct-FP8,None
3222,Bar,Hard,6.83080267906189,6.83080267906189,1,0.0,0.0,0.0,0.0,0.0,0.0,0.0,0.0,0.0,0.0,1.0,0.0,0.0,False,Qwen/Qwen3-Coder-30B-A3B-Instruct-FP8,None
3222,Bar,Hard,6.83080267906189,6.83080267906189,1,0.0,0.0,0.0,0.0,0.0,0.0,0.0,0.0,0.0,0.0,1.0,0.0,0.0,False,Qwen/Qwen3-Coder-30B-A3B-Instruct-FP8,None
3222,Bar,Hard,6.83080267906189,6.83080267906189,1,0.0,0.0,0.0,0.0,0.0,0.0,0.0,0.0,0.0,0.0,1.0,0.0,0.0,False,Qwen/Qwen3-Coder-30B-A3B-Instruct-FP8,None
3227,Stacked Bar,Extra Hard,2.6540024280548096,2.6540024280548096,1,0.0,0.0,0.0,1.0,1.0,0.0,0.0,0.0,0.0,1.0,0.0,,0.0,False,Qwen/Qwen3-Coder-30B-A3B-Instruct-FP8,None
3227,Stacked Bar,Extra Hard,2.6540024280548096,2.6540024280548096,1,0.0,0.0,0.0,1.0,1.0,0.0,0.0,0.0,0.0,1.0,0.0,,0.0,False,Qwen/Qwen3-Coder-30B-A3B-Instruct-FP8,None
3227,Stacked Bar,Extra Hard,2.6540024280548096,2.6540024280548096,1,0.0,0.0,0.0,1.0,1.0,0.0,0.0,0.0,0.0,1.0,0.0,,0.0,False,Qwen/Qwen3-Coder-30B-A3B-Instruct-FP8,None
3229,Bar,Hard,2.3707223733266196,7.112167119979858,3,0.0,0.0,0.0,0.0,0.0,0.0,0.0,0.0,0.0,0.0,1.0,0.0,0.0,False,Qwen/Qwen3-Coder-30B-A3B-Instruct-FP8,None
3229,Bar,Hard,2.3707223733266196,7.112167119979858,3,0.0,0.0,0.0,0.0,0.0,0.0,0.0,0.0,0.0,0.0,1.0,0.0,0.0,False,Qwen/Qwen3-Coder-30B-A3B-Instruct-FP8,None
3229,Bar,Hard,2.3707223733266196,7.112167119979858,3,0.0,0.0,0.0,0.0,0.0,0.0,0.0,0.0,0.0,0.0,1.0,0.0,0.0,False,Qwen/Qwen3-Coder-30B-A3B-Instruct-FP8,None
3230,Bar,Medium,2.326673984527588,4.653347969055176,2,0.0,0.0,0.0,0.0,0.0,0.0,0.0,0.0,0.0,0.0,1.0,0.0,0.0,False,Qwen/Qwen3-Coder-30B-A3B-Instruct-FP8,None
3230,Bar,Medium,2.326673984527588,4.653347969055176,2,0.0,0.0,0.0,0.0,0.0,0.0,0.0,0.0,0.0,0.0,1.0,0.0,0.0,False,Qwen/Qwen3-Coder-30B-A3B-Instruct-FP8,None
3230,Bar,Medium,2.326673984527588,4.653347969055176,2,0.0,0.0,0.0,0.0,0.0,0.0,0.0,0.0,0.0,0.0,1.0,0.0,0.0,False,Qwen/Qwen3-Coder-30B-A3B-Instruct-FP8,None
3240,Line,Easy,2.440324544906616,2.440324544906616,1,0.0,0.0,0.0,0.0,0.0,0.0,0.0,0.0,0.0,0.0,1.0,0.0,0.0,False,Qwen/Qwen3-Coder-30B-A3B-Instruct-FP8,None
3240,Line,Easy,2.440324544906616,2.440324544906616,1,0.0,0.0,0.0,0.0,0.0,0.0,0.0,0.0,0.0,0.0,1.0,0.0,0.0,False,Qwen/Qwen3-Coder-30B-A3B-Instruct-FP8,None
3240,Line,Easy,2.440324544906616,2.440324544906616,1,0.0,0.0,0.0,0.0,0.0,0.0,0.0,0.0,0.0,0.0,1.0,0.0,0.0,False,Qwen/Qwen3-Coder-30B-A3B-Instruct-FP8,None
3259,Pie,Easy,2.2636008262634277,4.5272016525268555,2,0.0,0.0,0.0,0.0,1.0,0.0,0.0,0.0,0.0,1.0,0.0,,0.0,False,Qwen/Qwen3-Coder-30B-A3B-Instruct-FP8,None
3259,Pie,Easy,2.2636008262634277,4.5272016525268555,2,0.0,0.0,0.0,0.0,1.0,0.0,0.0,0.0,0.0,1.0,0.0,,0.0,False,Qwen/Qwen3-Coder-30B-A3B-Instruct-FP8,None
3259,Pie,Easy,2.2636008262634277,4.5272016525268555,2,0.0,0.0,0.0,0.0,1.0,0.0,0.0,0.0,0.0,1.0,0.0,,0.0,False,Qwen/Qwen3-Coder-30B-A3B-Instruct-FP8,None
3260,Bar,Easy,2.2296794652938843,4.4593589305877686,2,0.0,0.0,0.0,0.0,0.5,0.0,0.0,0.0,0.0,0.5,0.5,0.0,0.0,False,Qwen/Qwen3-Coder-30B-A3B-Instruct-FP8,None
3260,Bar,Easy,2.2296794652938843,4.4593589305877686,2,0.0,0.0,0.0,0.0,0.5,0.0,0.0,0.0,0.0,0.5,0.5,0.0,0.0,False,Qwen/Qwen3-Coder-30B-A3B-Instruct-FP8,None
3260,Bar,Easy,2.2296794652938843,4.4593589305877686,2,0.0,0.0,0.0,0.0,0.5,0.0,0.0,0.0,0.0,0.5,0.5,0.0,0.0,False,Qwen/Qwen3-Coder-30B-A3B-Instruct-FP8,None
3262,Pie,Easy,2.1083003282546997,4.216600656509399,2,0.0,0.0,0.0,0.0,0.0,0.0,0.0,0.0,0.0,0.0,1.0,0.0,0.0,False,Qwen/Qwen3-Coder-30B-A3B-Instruct-FP8,None
3262,Pie,Easy,2.1083003282546997,4.216600656509399,2,0.0,0.0,0.0,0.0,0.0,0.0,0.0,0.0,0.0,0.0,1.0,0.0,0.0,False,Qwen/Qwen3-Coder-30B-A3B-Instruct-FP8,None
3262,Pie,Easy,2.1083003282546997,4.216600656509399,2,0.0,0.0,0.0,0.0,0.0,0.0,0.0,0.0,0.0,0.0,1.0,0.0,0.0,False,Qwen/Qwen3-Coder-30B-A3B-Instruct-FP8,None
3263,Bar,Easy,2.194430351257324,6.583291053771973,3,0.0,0.0,0.0,0.0,0.0,0.0,0.0,0.0,0.0,0.0,1.0,0.0,0.0,False,Qwen/Qwen3-Coder-30B-A3B-Instruct-FP8,None
3263,Bar,Easy,2.194430351257324,6.583291053771973,3,0.0,0.0,0.0,0.0,0.0,0.0,0.0,0.0,0.0,0.0,1.0,0.0,0.0,False,Qwen/Qwen3-Coder-30B-A3B-Instruct-FP8,None
3263,Bar,Easy,2.194430351257324,6.583291053771973,3,0.0,0.0,0.0,0.0,0.0,0.0,0.0,0.0,0.0,0.0,1.0,0.0,0.0,False,Qwen/Qwen3-Coder-30B-A3B-Instruct-FP8,None
3264,Pie,Easy,1.7668681144714355,3.533736228942871,2,0.0,0.0,0.0,0.0,0.0,0.0,0.0,0.0,0.0,0.0,1.0,0.0,0.0,False,Qwen/Qwen3-Coder-30B-A3B-Instruct-FP8,None
3264,Pie,Easy,1.7668681144714355,3.533736228942871,2,0.0,0.0,0.0,0.0,0.0,0.0,0.0,0.0,0.0,0.0,1.0,0.0,0.0,False,Qwen/Qwen3-Coder-30B-A3B-Instruct-FP8,None
3264,Pie,Easy,1.7668681144714355,3.533736228942871,2,0.0,0.0,0.0,0.0,0.0,0.0,0.0,0.0,0.0,0.0,1.0,0.0,0.0,False,Qwen/Qwen3-Coder-30B-A3B-Instruct-FP8,None
3265,Pie,Medium,3.516708334287008,21.100250005722046,6,0.0,0.0,0.0,0.0,0.16666666666666666,0.0,0.0,0.0,0.0,0.16666666666666666,0.8333333333333334,0.0,0.0,True,Qwen/Qwen3-Coder-30B-A3B-Instruct-FP8,None
3265,Pie,Medium,3.516708334287008,21.100250005722046,6,0.0,0.0,0.0,0.0,0.16666666666666666,0.0,0.0,0.0,0.0,0.16666666666666666,0.8333333333333334,0.0,0.0,True,Qwen/Qwen3-Coder-30B-A3B-Instruct-FP8,None
3265,Pie,Medium,3.516708334287008,21.100250005722046,6,0.0,0.0,0.0,0.0,0.16666666666666666,0.0,0.0,0.0,0.0,0.16666666666666666,0.8333333333333334,0.0,0.0,True,Qwen/Qwen3-Coder-30B-A3B-Instruct-FP8,None
3268,Pie,Medium,3.7461719512939453,7.492343902587891,2,0.0,0.0,0.0,0.0,0.0,0.0,0.0,0.0,0.0,0.0,1.0,0.0,0.0,False,Qwen/Qwen3-Coder-30B-A3B-Instruct-FP8,None
3268,Pie,Medium,3.7461719512939453,7.492343902587891,2,0.0,0.0,0.0,0.0,0.0,0.0,0.0,0.0,0.0,0.0,1.0,0.0,0.0,False,Qwen/Qwen3-Coder-30B-A3B-Instruct-FP8,None
3268,Pie,Medium,3.7461719512939453,7.492343902587891,2,0.0,0.0,0.0,0.0,0.0,0.0,0.0,0.0,0.0,0.0,1.0,0.0,0.0,False,Qwen/Qwen3-Coder-30B-A3B-Instruct-FP8,None
3270,Scatter,Medium,7.113146543502808,7.113146543502808,1,0.0,0.0,0.0,0.0,1.0,0.0,0.0,0.0,0.0,1.0,0.0,,0.0,False,Qwen/Qwen3-Coder-30B-A3B-Instruct-FP8,None
3270,Scatter,Medium,7.113146543502808,7.113146543502808,1,0.0,0.0,0.0,0.0,1.0,0.0,0.0,0.0,0.0,1.0,0.0,,0.0,False,Qwen/Qwen3-Coder-30B-A3B-Instruct-FP8,None
3270,Scatter,Medium,7.113146543502808,7.113146543502808,1,0.0,0.0,0.0,0.0,1.0,0.0,0.0,0.0,0.0,1.0,0.0,,0.0,False,Qwen/Qwen3-Coder-30B-A3B-Instruct-FP8,None
3271,Pie,Medium,2.644252896308899,5.288505792617798,2,0.0,0.0,0.0,0.0,0.5,0.0,0.0,0.0,0.0,0.5,0.5,0.0,0.0,False,Qwen/Qwen3-Coder-30B-A3B-Instruct-FP8,None
3271,Pie,Medium,2.644252896308899,5.288505792617798,2,0.0,0.0,0.0,0.0,0.5,0.0,0.0,0.0,0.0,0.5,0.5,0.0,0.0,False,Qwen/Qwen3-Coder-30B-A3B-Instruct-FP8,None
3271,Pie,Medium,2.644252896308899,5.288505792617798,2,0.0,0.0,0.0,0.0,0.5,0.0,0.0,0.0,0.0,0.5,0.5,0.0,0.0,False,Qwen/Qwen3-Coder-30B-A3B-Instruct-FP8,None
3272,Grouping Scatter,Medium,2.9457108974456787,2.9457108974456787,1,0.0,0.0,0.0,0.0,1.0,0.0,0.0,0.0,0.0,1.0,0.0,,0.0,False,Qwen/Qwen3-Coder-30B-A3B-Instruct-FP8,None
3272,Grouping Scatter,Medium,2.9457108974456787,2.9457108974456787,1,0.0,0.0,0.0,0.0,1.0,0.0,0.0,0.0,0.0,1.0,0.0,,0.0,False,Qwen/Qwen3-Coder-30B-A3B-Instruct-FP8,None
3272,Grouping Scatter,Medium,2.9457108974456787,2.9457108974456787,1,0.0,0.0,0.0,0.0,1.0,0.0,0.0,0.0,0.0,1.0,0.0,,0.0,False,Qwen/Qwen3-Coder-30B-A3B-Instruct-FP8,None
3273,Pie,Hard,3.9051276445388794,7.810255289077759,2,0.0,0.0,0.0,0.0,0.0,0.0,0.0,0.0,0.0,0.0,1.0,0.0,0.0,True,Qwen/Qwen3-Coder-30B-A3B-Instruct-FP8,None
3273,Pie,Hard,3.9051276445388794,7.810255289077759,2,0.0,0.0,0.0,0.0,0.0,0.0,0.0,0.0,0.0,0.0,1.0,0.0,0.0,True,Qwen/Qwen3-Coder-30B-A3B-Instruct-FP8,None
3273,Pie,Hard,3.9051276445388794,7.810255289077759,2,0.0,0.0,0.0,0.0,0.0,0.0,0.0,0.0,0.0,0.0,1.0,0.0,0.0,True,Qwen/Qwen3-Coder-30B-A3B-Instruct-FP8,None
3274,Bar,Hard,4.018695116043091,8.037390232086182,2,0.0,0.0,0.0,0.0,0.0,0.0,0.0,0.0,0.0,0.0,1.0,0.0,0.0,True,Qwen/Qwen3-Coder-30B-A3B-Instruct-FP8,None
3274,Bar,Hard,4.018695116043091,8.037390232086182,2,0.0,0.0,0.0,0.0,0.0,0.0,0.0,0.0,0.0,0.0,1.0,0.0,0.0,True,Qwen/Qwen3-Coder-30B-A3B-Instruct-FP8,None
3274,Bar,Hard,4.018695116043091,8.037390232086182,2,0.0,0.0,0.0,0.0,0.0,0.0,0.0,0.0,0.0,0.0,1.0,0.0,0.0,True,Qwen/Qwen3-Coder-30B-A3B-Instruct-FP8,None
3278,Pie,Easy,2.36428701877594,9.45714807510376,4,0.0,0.0,0.0,0.0,0.5,0.0,0.0,0.0,0.0,0.5,0.5,0.0,0.0,False,Qwen/Qwen3-Coder-30B-A3B-Instruct-FP8,None
3278,Pie,Easy,2.36428701877594,9.45714807510376,4,0.0,0.0,0.0,0.0,0.5,0.0,0.0,0.0,0.0,0.5,0.5,0.0,0.0,False,Qwen/Qwen3-Coder-30B-A3B-Instruct-FP8,None
3278,Pie,Easy,2.36428701877594,9.45714807510376,4,0.0,0.0,0.0,0.0,0.5,0.0,0.0,0.0,0.0,0.5,0.5,0.0,0.0,False,Qwen/Qwen3-Coder-30B-A3B-Instruct-FP8,None
3291,Bar,Medium,2.2365450859069824,2.2365450859069824,1,0.0,0.0,0.0,0.0,0.0,0.0,0.0,0.0,0.0,0.0,1.0,0.0,0.0,False,Qwen/Qwen3-Coder-30B-A3B-Instruct-FP8,None
3291,Bar,Medium,2.2365450859069824,2.2365450859069824,1,0.0,0.0,0.0,0.0,0.0,0.0,0.0,0.0,0.0,0.0,1.0,0.0,0.0,False,Qwen/Qwen3-Coder-30B-A3B-Instruct-FP8,None
3291,Bar,Medium,2.2365450859069824,2.2365450859069824,1,0.0,0.0,0.0,0.0,0.0,0.0,0.0,0.0,0.0,0.0,1.0,0.0,0.0,False,Qwen/Qwen3-Coder-30B-A3B-Instruct-FP8,None
372@y_name@DESC,Bar,Medium,2.35463809967041,2.35463809967041,1,0.0,0.0,0.0,0.0,0.0,0.0,0.0,0.0,0.0,0.0,1.0,0.0,0.0,False,Qwen/Qwen3-Coder-30B-A3B-Instruct-FP8,None
372@y_name@DESC,Bar,Medium,2.35463809967041,2.35463809967041,1,0.0,0.0,0.0,0.0,0.0,0.0,0.0,0.0,0.0,0.0,1.0,0.0,0.0,False,Qwen/Qwen3-Coder-30B-A3B-Instruct-FP8,None
372@y_name@DESC,Bar,Medium,2.35463809967041,2.35463809967041,1,0.0,0.0,0.0,0.0,0.0,0.0,0.0,0.0,0.0,0.0,1.0,0.0,0.0,False,Qwen/Qwen3-Coder-30B-A3B-Instruct-FP8,None
2443@y_name@ASC,Bar,Hard,3.6586992144584656,14.634796857833862,4,0.0,0.0,0.0,0.0,0.0,0.0,0.0,0.0,0.0,0.0,1.0,0.0,0.0,True,Qwen/Qwen3-Coder-30B-A3B-Instruct-FP8,None
2443@y_name@ASC,Bar,Hard,3.6586992144584656,14.634796857833862,4,0.0,0.0,0.0,0.0,0.0,0.0,0.0,0.0,0.0,0.0,1.0,0.0,0.0,True,Qwen/Qwen3-Coder-30B-A3B-Instruct-FP8,None
2443@y_name@ASC,Bar,Hard,3.6586992144584656,14.634796857833862,4,0.0,0.0,0.0,0.0,0.0,0.0,0.0,0.0,0.0,0.0,1.0,0.0,0.0,True,Qwen/Qwen3-Coder-30B-A3B-Instruct-FP8,None
2450@x_name@DESC,Bar,Medium,3.1484281539916994,15.742140769958496,5,0.0,0.0,0.0,0.0,0.0,0.6,0.0,0.0,0.0,0.6,0.4,0.0,0.0,False,Qwen/Qwen3-Coder-30B-A3B-Instruct-FP8,None
2450@x_name@DESC,Bar,Medium,3.1484281539916994,15.742140769958496,5,0.0,0.0,0.0,0.0,0.0,0.6,0.0,0.0,0.0,0.6,0.4,0.0,0.0,False,Qwen/Qwen3-Coder-30B-A3B-Instruct-FP8,None
2450@x_name@DESC,Bar,Medium,3.1484281539916994,15.742140769958496,5,0.0,0.0,0.0,0.0,0.0,0.6,0.0,0.0,0.0,0.6,0.4,0.0,0.0,False,Qwen/Qwen3-Coder-30B-A3B-Instruct-FP8,None
1384@y_name@ASC,Bar,Medium,2.1676985025405884,4.335397005081177,2,0.0,0.0,0.0,0.0,0.0,0.0,0.0,0.0,0.0,0.0,1.0,0.0,0.0,False,Qwen/Qwen3-Coder-30B-A3B-Instruct-FP8,None
1384@y_name@ASC,Bar,Medium,2.1676985025405884,4.335397005081177,2,0.0,0.0,0.0,0.0,0.0,0.0,0.0,0.0,0.0,0.0,1.0,0.0,0.0,False,Qwen/Qwen3-Coder-30B-A3B-Instruct-FP8,None
1384@y_name@ASC,Bar,Medium,2.1676985025405884,4.335397005081177,2,0.0,0.0,0.0,0.0,0.0,0.0,0.0,0.0,0.0,0.0,1.0,0.0,0.0,False,Qwen/Qwen3-Coder-30B-A3B-Instruct-FP8,None
1388@x_name@ASC,Line,Hard,2.611476421356201,5.222952842712402,2,0.0,0.0,0.0,0.0,0.0,0.0,0.0,0.0,0.0,0.0,1.0,0.0,0.0,True,Qwen/Qwen3-Coder-30B-A3B-Instruct-FP8,None
1388@x_name@ASC,Line,Hard,2.611476421356201,5.222952842712402,2,0.0,0.0,0.0,0.0,0.0,0.0,0.0,0.0,0.0,0.0,1.0,0.0,0.0,True,Qwen/Qwen3-Coder-30B-A3B-Instruct-FP8,None
1388@x_name@ASC,Line,Hard,2.611476421356201,5.222952842712402,2,0.0,0.0,0.0,0.0,0.0,0.0,0.0,0.0,0.0,0.0,1.0,0.0,0.0,True,Qwen/Qwen3-Coder-30B-A3B-Instruct-FP8,None
1390@y_name@DESC,Bar,Hard,3.480430841445923,6.960861682891846,2,0.0,0.0,0.0,0.0,0.0,0.0,0.0,0.0,0.0,0.0,1.0,0.0,0.0,True,Qwen/Qwen3-Coder-30B-A3B-Instruct-FP8,None
1390@y_name@DESC,Bar,Hard,3.480430841445923,6.960861682891846,2,0.0,0.0,0.0,0.0,0.0,0.0,0.0,0.0,0.0,0.0,1.0,0.0,0.0,True,Qwen/Qwen3-Coder-30B-A3B-Instruct-FP8,None
1390@y_name@DESC,Bar,Hard,3.480430841445923,6.960861682891846,2,0.0,0.0,0.0,0.0,0.0,0.0,0.0,0.0,0.0,0.0,1.0,0.0,0.0,True,Qwen/Qwen3-Coder-30B-A3B-Instruct-FP8,None
3204@y_name@DESC,Bar,Medium,1.894371747970581,5.683115243911743,3,0.0,0.0,0.0,0.0,0.3333333333333333,0.0,0.0,0.0,0.0,0.3333333333333333,0.6666666666666666,0.0,0.0,False,Qwen/Qwen3-Coder-30B-A3B-Instruct-FP8,None
3204@y_name@DESC,Bar,Medium,1.894371747970581,5.683115243911743,3,0.0,0.0,0.0,0.0,0.3333333333333333,0.0,0.0,0.0,0.0,0.3333333333333333,0.6666666666666666,0.0,0.0,False,Qwen/Qwen3-Coder-30B-A3B-Instruct-FP8,None
3204@y_name@DESC,Bar,Medium,1.894371747970581,5.683115243911743,3,0.0,0.0,0.0,0.0,0.3333333333333333,0.0,0.0,0.0,0.0,0.3333333333333333,0.6666666666666666,0.0,0.0,False,Qwen/Qwen3-Coder-30B-A3B-Instruct-FP8,None
1475@y_name@DESC,Bar,Hard,4.164888858795166,4.164888858795166,1,0.0,0.0,0.0,0.0,0.0,0.0,0.0,0.0,0.0,0.0,1.0,0.0,0.0,True,Qwen/Qwen3-Coder-30B-A3B-Instruct-FP8,None
1475@y_name@DESC,Bar,Hard,4.164888858795166,4.164888858795166,1,0.0,0.0,0.0,0.0,0.0,0.0,0.0,0.0,0.0,0.0,1.0,0.0,0.0,True,Qwen/Qwen3-Coder-30B-A3B-Instruct-FP8,None
1475@y_name@DESC,Bar,Hard,4.164888858795166,4.164888858795166,1,0.0,0.0,0.0,0.0,0.0,0.0,0.0,0.0,0.0,0.0,1.0,0.0,0.0,True,Qwen/Qwen3-Coder-30B-A3B-Instruct-FP8,None
1478@y_name@DESC,Bar,Extra Hard,10.22668719291687,10.22668719291687,1,0.0,0.0,0.0,0.0,0.0,0.0,0.0,0.0,0.0,0.0,1.0,0.0,0.0,True,Qwen/Qwen3-Coder-30B-A3B-Instruct-FP8,None
1478@y_name@DESC,Bar,Extra Hard,10.22668719291687,10.22668719291687,1,0.0,0.0,0.0,0.0,0.0,0.0,0.0,0.0,0.0,0.0,1.0,0.0,0.0,True,Qwen/Qwen3-Coder-30B-A3B-Instruct-FP8,None
1478@y_name@DESC,Bar,Extra Hard,10.22668719291687,10.22668719291687,1,0.0,0.0,0.0,0.0,0.0,0.0,0.0,0.0,0.0,0.0,1.0,0.0,0.0,True,Qwen/Qwen3-Coder-30B-A3B-Instruct-FP8,None
1484@x_name@ASC,Grouping Line,Hard,6.430813789367676,6.430813789367676,1,0.0,0.0,0.0,0.0,1.0,0.0,0.0,0.0,0.0,1.0,0.0,,0.0,False,Qwen/Qwen3-Coder-30B-A3B-Instruct-FP8,None
1484@x_name@ASC,Grouping Line,Hard,6.430813789367676,6.430813789367676,1,0.0,0.0,0.0,0.0,1.0,0.0,0.0,0.0,0.0,1.0,0.0,,0.0,False,Qwen/Qwen3-Coder-30B-A3B-Instruct-FP8,None
1484@x_name@ASC,Grouping Line,Hard,6.430813789367676,6.430813789367676,1,0.0,0.0,0.0,0.0,1.0,0.0,0.0,0.0,0.0,1.0,0.0,,0.0,False,Qwen/Qwen3-Coder-30B-A3B-Instruct-FP8,None
1487@y_name@ASC,Stacked Bar,Hard,2.7209993600845337,5.441998720169067,2,0.0,0.0,0.0,0.0,0.0,1.0,0.0,0.0,0.0,1.0,0.0,,0.0,False,Qwen/Qwen3-Coder-30B-A3B-Instruct-FP8,None
1487@y_name@ASC,Stacked Bar,Hard,2.7209993600845337,5.441998720169067,2,0.0,0.0,0.0,0.0,0.0,1.0,0.0,0.0,0.0,1.0,0.0,,0.0,False,Qwen/Qwen3-Coder-30B-A3B-Instruct-FP8,None
1487@y_name@ASC,Stacked Bar,Hard,2.7209993600845337,5.441998720169067,2,0.0,0.0,0.0,0.0,0.0,1.0,0.0,0.0,0.0,1.0,0.0,,0.0,False,Qwen/Qwen3-Coder-30B-A3B-Instruct-FP8,None
1488@x_name@DESC,Stacked Bar,Hard,7.7075560092926025,7.7075560092926025,1,0.0,0.0,0.0,0.0,0.0,1.0,0.0,0.0,0.0,1.0,0.0,,0.0,False,Qwen/Qwen3-Coder-30B-A3B-Instruct-FP8,None
1488@x_name@DESC,Stacked Bar,Hard,7.7075560092926025,7.7075560092926025,1,0.0,0.0,0.0,0.0,0.0,1.0,0.0,0.0,0.0,1.0,0.0,,0.0,False,Qwen/Qwen3-Coder-30B-A3B-Instruct-FP8,None
1488@x_name@DESC,Stacked Bar,Hard,7.7075560092926025,7.7075560092926025,1,0.0,0.0,0.0,0.0,0.0,1.0,0.0,0.0,0.0,1.0,0.0,,0.0,False,Qwen/Qwen3-Coder-30B-A3B-Instruct-FP8,None
1491@y_name@DESC,Bar,Medium,2.2187769412994385,4.437553882598877,2,0.0,0.0,0.0,0.0,0.0,0.0,0.0,0.0,0.0,0.0,1.0,0.0,0.0,False,Qwen/Qwen3-Coder-30B-A3B-Instruct-FP8,None
1491@y_name@DESC,Bar,Medium,2.2187769412994385,4.437553882598877,2,0.0,0.0,0.0,0.0,0.0,0.0,0.0,0.0,0.0,0.0,1.0,0.0,0.0,False,Qwen/Qwen3-Coder-30B-A3B-Instruct-FP8,None
1491@y_name@DESC,Bar,Medium,2.2187769412994385,4.437553882598877,2,0.0,0.0,0.0,0.0,0.0,0.0,0.0,0.0,0.0,0.0,1.0,0.0,0.0,False,Qwen/Qwen3-Coder-30B-A3B-Instruct-FP8,None
1493@y_name@ASC,Bar,Medium,2.220677375793457,4.441354751586914,2,0.0,0.0,0.0,0.0,0.0,0.0,0.0,0.0,0.0,0.0,1.0,0.0,0.0,False,Qwen/Qwen3-Coder-30B-A3B-Instruct-FP8,None
1493@y_name@ASC,Bar,Medium,2.220677375793457,4.441354751586914,2,0.0,0.0,0.0,0.0,0.0,0.0,0.0,0.0,0.0,0.0,1.0,0.0,0.0,False,Qwen/Qwen3-Coder-30B-A3B-Instruct-FP8,None
1493@y_name@ASC,Bar,Medium,2.220677375793457,4.441354751586914,2,0.0,0.0,0.0,0.0,0.0,0.0,0.0,0.0,0.0,0.0,1.0,0.0,0.0,False,Qwen/Qwen3-Coder-30B-A3B-Instruct-FP8,None
1494@x_name@ASC,Line,Medium,2.6037380695343018,2.6037380695343018,1,0.0,0.0,0.0,0.0,0.0,0.0,0.0,0.0,0.0,0.0,1.0,0.0,0.0,False,Qwen/Qwen3-Coder-30B-A3B-Instruct-FP8,None
1494@x_name@ASC,Line,Medium,2.6037380695343018,2.6037380695343018,1,0.0,0.0,0.0,0.0,0.0,0.0,0.0,0.0,0.0,0.0,1.0,0.0,0.0,False,Qwen/Qwen3-Coder-30B-A3B-Instruct-FP8,None
1494@x_name@ASC,Line,Medium,2.6037380695343018,2.6037380695343018,1,0.0,0.0,0.0,0.0,0.0,0.0,0.0,0.0,0.0,0.0,1.0,0.0,0.0,False,Qwen/Qwen3-Coder-30B-A3B-Instruct-FP8,None
1495@x_name@ASC,Line,Medium,2.436650196711222,7.309950590133667,3,0.0,0.0,0.0,0.0,0.0,0.0,0.0,0.0,0.0,0.0,1.0,0.0,0.0,False,Qwen/Qwen3-Coder-30B-A3B-Instruct-FP8,None
1495@x_name@ASC,Line,Medium,2.436650196711222,7.309950590133667,3,0.0,0.0,0.0,0.0,0.0,0.0,0.0,0.0,0.0,0.0,1.0,0.0,0.0,False,Qwen/Qwen3-Coder-30B-A3B-Instruct-FP8,None
1495@x_name@ASC,Line,Medium,2.436650196711222,7.309950590133667,3,0.0,0.0,0.0,0.0,0.0,0.0,0.0,0.0,0.0,0.0,1.0,0.0,0.0,False,Qwen/Qwen3-Coder-30B-A3B-Instruct-FP8,None
1523@x_name@DESC,Bar,Extra Hard,4.067485809326172,4.067485809326172,1,0.0,0.0,0.0,0.0,0.0,0.0,0.0,0.0,0.0,0.0,1.0,0.0,0.0,True,Qwen/Qwen3-Coder-30B-A3B-Instruct-FP8,None
1523@x_name@DESC,Bar,Extra Hard,4.067485809326172,4.067485809326172,1,0.0,0.0,0.0,0.0,0.0,0.0,0.0,0.0,0.0,0.0,1.0,0.0,0.0,True,Qwen/Qwen3-Coder-30B-A3B-Instruct-FP8,None
1523@x_name@DESC,Bar,Extra Hard,4.067485809326172,4.067485809326172,1,0.0,0.0,0.0,0.0,0.0,0.0,0.0,0.0,0.0,0.0,1.0,0.0,0.0,True,Qwen/Qwen3-Coder-30B-A3B-Instruct-FP8,None
1525@y_name@ASC,Bar,Hard,3.163715442021688,9.491146326065063,3,0.0,0.0,0.0,0.0,0.0,0.0,0.0,0.0,0.0,0.0,1.0,0.0,0.0,True,Qwen/Qwen3-Coder-30B-A3B-Instruct-FP8,None
1525@y_name@ASC,Bar,Hard,3.163715442021688,9.491146326065063,3,0.0,0.0,0.0,0.0,0.0,0.0,0.0,0.0,0.0,0.0,1.0,0.0,0.0,True,Qwen/Qwen3-Coder-30B-A3B-Instruct-FP8,None
1525@y_name@ASC,Bar,Hard,3.163715442021688,9.491146326065063,3,0.0,0.0,0.0,0.0,0.0,0.0,0.0,0.0,0.0,0.0,1.0,0.0,0.0,True,Qwen/Qwen3-Coder-30B-A3B-Instruct-FP8,None
1532@x_name@DESC,Bar,Hard,3.305134932200114,9.915404796600342,3,0.0,0.0,0.0,0.0,0.0,0.3333333333333333,0.0,0.0,0.0,0.3333333333333333,0.6666666666666666,0.0,0.0,True,Qwen/Qwen3-Coder-30B-A3B-Instruct-FP8,None
1532@x_name@DESC,Bar,Hard,3.305134932200114,9.915404796600342,3,0.0,0.0,0.0,0.0,0.0,0.3333333333333333,0.0,0.0,0.0,0.3333333333333333,0.6666666666666666,0.0,0.0,True,Qwen/Qwen3-Coder-30B-A3B-Instruct-FP8,None
1532@x_name@DESC,Bar,Hard,3.305134932200114,9.915404796600342,3,0.0,0.0,0.0,0.0,0.0,0.3333333333333333,0.0,0.0,0.0,0.3333333333333333,0.6666666666666666,0.0,0.0,True,Qwen/Qwen3-Coder-30B-A3B-Instruct-FP8,None
2308@y_name@DESC,Bar,Medium,2.879138946533203,2.879138946533203,1,0.0,0.0,0.0,0.0,0.0,0.0,0.0,0.0,0.0,0.0,1.0,0.0,0.0,False,Qwen/Qwen3-Coder-30B-A3B-Instruct-FP8,None
2308@y_name@DESC,Bar,Medium,2.879138946533203,2.879138946533203,1,0.0,0.0,0.0,0.0,0.0,0.0,0.0,0.0,0.0,0.0,1.0,0.0,0.0,False,Qwen/Qwen3-Coder-30B-A3B-Instruct-FP8,None
2308@y_name@DESC,Bar,Medium,2.879138946533203,2.879138946533203,1,0.0,0.0,0.0,0.0,0.0,0.0,0.0,0.0,0.0,0.0,1.0,0.0,0.0,False,Qwen/Qwen3-Coder-30B-A3B-Instruct-FP8,None
2310@x_name@DESC,Bar,Hard,3.807339906692505,3.807339906692505,1,0.0,0.0,0.0,0.0,0.0,1.0,0.0,0.0,0.0,1.0,0.0,,0.0,True,Qwen/Qwen3-Coder-30B-A3B-Instruct-FP8,None
2310@x_name@DESC,Bar,Hard,3.807339906692505,3.807339906692505,1,0.0,0.0,0.0,0.0,0.0,1.0,0.0,0.0,0.0,1.0,0.0,,0.0,True,Qwen/Qwen3-Coder-30B-A3B-Instruct-FP8,None
2310@x_name@DESC,Bar,Hard,3.807339906692505,3.807339906692505,1,0.0,0.0,0.0,0.0,0.0,1.0,0.0,0.0,0.0,1.0,0.0,,0.0,True,Qwen/Qwen3-Coder-30B-A3B-Instruct-FP8,None
2314@x_name@DESC,Bar,Medium,4.225276827812195,8.45055365562439,2,0.0,0.0,0.0,0.0,0.0,0.0,0.0,0.0,0.0,0.0,1.0,0.0,0.0,True,Qwen/Qwen3-Coder-30B-A3B-Instruct-FP8,None
2314@x_name@DESC,Bar,Medium,4.225276827812195,8.45055365562439,2,0.0,0.0,0.0,0.0,0.0,0.0,0.0,0.0,0.0,0.0,1.0,0.0,0.0,True,Qwen/Qwen3-Coder-30B-A3B-Instruct-FP8,None
2314@x_name@DESC,Bar,Medium,4.225276827812195,8.45055365562439,2,0.0,0.0,0.0,0.0,0.0,0.0,0.0,0.0,0.0,0.0,1.0,0.0,0.0,True,Qwen/Qwen3-Coder-30B-A3B-Instruct-FP8,None
2831@x_name@DESC,Bar,Medium,2.9589076042175293,8.876722812652588,3,0.0,0.0,0.0,0.0,0.0,0.6666666666666666,0.0,0.0,0.0,0.6666666666666666,0.3333333333333333,0.0,0.0,False,Qwen/Qwen3-Coder-30B-A3B-Instruct-FP8,None
2831@x_name@DESC,Bar,Medium,2.9589076042175293,8.876722812652588,3,0.0,0.0,0.0,0.0,0.0,0.6666666666666666,0.0,0.0,0.0,0.6666666666666666,0.3333333333333333,0.0,0.0,False,Qwen/Qwen3-Coder-30B-A3B-Instruct-FP8,None
2831@x_name@DESC,Bar,Medium,2.9589076042175293,8.876722812652588,3,0.0,0.0,0.0,0.0,0.0,0.6666666666666666,0.0,0.0,0.0,0.6666666666666666,0.3333333333333333,0.0,0.0,False,Qwen/Qwen3-Coder-30B-A3B-Instruct-FP8,None
2834@x_name@DESC,Bar,Medium,2.1484038829803467,2.1484038829803467,1,0.0,0.0,0.0,0.0,0.0,1.0,0.0,0.0,0.0,1.0,0.0,,0.0,False,Qwen/Qwen3-Coder-30B-A3B-Instruct-FP8,None
2834@x_name@DESC,Bar,Medium,2.1484038829803467,2.1484038829803467,1,0.0,0.0,0.0,0.0,0.0,1.0,0.0,0.0,0.0,1.0,0.0,,0.0,False,Qwen/Qwen3-Coder-30B-A3B-Instruct-FP8,None
2834@x_name@DESC,Bar,Medium,2.1484038829803467,2.1484038829803467,1,0.0,0.0,0.0,0.0,0.0,1.0,0.0,0.0,0.0,1.0,0.0,,0.0,False,Qwen/Qwen3-Coder-30B-A3B-Instruct-FP8,None
2838@x_name@ASC,Bar,Medium,1.9634897708892822,3.9269795417785645,2,0.0,0.0,0.0,0.0,0.0,0.0,0.0,0.0,0.0,0.0,1.0,0.0,0.0,False,Qwen/Qwen3-Coder-30B-A3B-Instruct-FP8,None
2838@x_name@ASC,Bar,Medium,1.9634897708892822,3.9269795417785645,2,0.0,0.0,0.0,0.0,0.0,0.0,0.0,0.0,0.0,0.0,1.0,0.0,0.0,False,Qwen/Qwen3-Coder-30B-A3B-Instruct-FP8,None
2838@x_name@ASC,Bar,Medium,1.9634897708892822,3.9269795417785645,2,0.0,0.0,0.0,0.0,0.0,0.0,0.0,0.0,0.0,0.0,1.0,0.0,0.0,False,Qwen/Qwen3-Coder-30B-A3B-Instruct-FP8,None
2841@y_name@ASC,Bar,Medium,2.824676513671875,5.64935302734375,2,0.0,0.0,0.0,0.0,0.0,0.0,0.0,0.0,0.0,0.0,1.0,0.0,0.0,False,Qwen/Qwen3-Coder-30B-A3B-Instruct-FP8,None
2841@y_name@ASC,Bar,Medium,2.824676513671875,5.64935302734375,2,0.0,0.0,0.0,0.0,0.0,0.0,0.0,0.0,0.0,0.0,1.0,0.0,0.0,False,Qwen/Qwen3-Coder-30B-A3B-Instruct-FP8,None
2841@y_name@ASC,Bar,Medium,2.824676513671875,5.64935302734375,2,0.0,0.0,0.0,0.0,0.0,0.0,0.0,0.0,0.0,0.0,1.0,0.0,0.0,False,Qwen/Qwen3-Coder-30B-A3B-Instruct-FP8,None
2844@y_name@DESC,Bar,Medium,3.991254210472107,7.982508420944214,2,0.0,0.0,0.0,0.0,0.0,0.0,0.0,0.0,0.0,0.0,1.0,0.0,0.0,False,Qwen/Qwen3-Coder-30B-A3B-Instruct-FP8,None
2844@y_name@DESC,Bar,Medium,3.991254210472107,7.982508420944214,2,0.0,0.0,0.0,0.0,0.0,0.0,0.0,0.0,0.0,0.0,1.0,0.0,0.0,False,Qwen/Qwen3-Coder-30B-A3B-Instruct-FP8,None
2844@y_name@DESC,Bar,Medium,3.991254210472107,7.982508420944214,2,0.0,0.0,0.0,0.0,0.0,0.0,0.0,0.0,0.0,0.0,1.0,0.0,0.0,False,Qwen/Qwen3-Coder-30B-A3B-Instruct-FP8,None
2845@y_name@ASC,Bar,Extra Hard,4.427705764770508,4.427705764770508,1,0.0,0.0,0.0,0.0,0.0,0.0,0.0,0.0,0.0,0.0,1.0,0.0,0.0,True,Qwen/Qwen3-Coder-30B-A3B-Instruct-FP8,None
2845@y_name@ASC,Bar,Extra Hard,4.427705764770508,4.427705764770508,1,0.0,0.0,0.0,0.0,0.0,0.0,0.0,0.0,0.0,0.0,1.0,0.0,0.0,True,Qwen/Qwen3-Coder-30B-A3B-Instruct-FP8,None
2845@y_name@ASC,Bar,Extra Hard,4.427705764770508,4.427705764770508,1,0.0,0.0,0.0,0.0,0.0,0.0,0.0,0.0,0.0,0.0,1.0,0.0,0.0,True,Qwen/Qwen3-Coder-30B-A3B-Instruct-FP8,None
2544@y_name@ASC,Bar,Medium,2.3383156458536782,7.014946937561035,3,0.0,0.0,0.0,0.0,0.0,0.0,0.0,0.0,0.0,0.0,1.0,0.0,0.0,False,Qwen/Qwen3-Coder-30B-A3B-Instruct-FP8,None
2544@y_name@ASC,Bar,Medium,2.3383156458536782,7.014946937561035,3,0.0,0.0,0.0,0.0,0.0,0.0,0.0,0.0,0.0,0.0,1.0,0.0,0.0,False,Qwen/Qwen3-Coder-30B-A3B-Instruct-FP8,None
2544@y_name@ASC,Bar,Medium,2.3383156458536782,7.014946937561035,3,0.0,0.0,0.0,0.0,0.0,0.0,0.0,0.0,0.0,0.0,1.0,0.0,0.0,False,Qwen/Qwen3-Coder-30B-A3B-Instruct-FP8,None
2865@y_name@ASC,Bar,Hard,3.6101452509562173,10.830435752868652,3,0.0,0.0,0.0,0.0,0.0,0.0,0.0,0.0,0.0,0.0,1.0,0.0,0.0,True,Qwen/Qwen3-Coder-30B-A3B-Instruct-FP8,None
2865@y_name@ASC,Bar,Hard,3.6101452509562173,10.830435752868652,3,0.0,0.0,0.0,0.0,0.0,0.0,0.0,0.0,0.0,0.0,1.0,0.0,0.0,True,Qwen/Qwen3-Coder-30B-A3B-Instruct-FP8,None
2865@y_name@ASC,Bar,Hard,3.6101452509562173,10.830435752868652,3,0.0,0.0,0.0,0.0,0.0,0.0,0.0,0.0,0.0,0.0,1.0,0.0,0.0,True,Qwen/Qwen3-Coder-30B-A3B-Instruct-FP8,None
2867@x_name@ASC,Bar,Hard,3.5383496284484863,7.076699256896973,2,0.0,0.0,0.0,0.0,0.0,0.0,0.0,0.0,0.0,0.0,1.0,0.0,0.0,True,Qwen/Qwen3-Coder-30B-A3B-Instruct-FP8,None
2867@x_name@ASC,Bar,Hard,3.5383496284484863,7.076699256896973,2,0.0,0.0,0.0,0.0,0.0,0.0,0.0,0.0,0.0,0.0,1.0,0.0,0.0,True,Qwen/Qwen3-Coder-30B-A3B-Instruct-FP8,None
2867@x_name@ASC,Bar,Hard,3.5383496284484863,7.076699256896973,2,0.0,0.0,0.0,0.0,0.0,0.0,0.0,0.0,0.0,0.0,1.0,0.0,0.0,True,Qwen/Qwen3-Coder-30B-A3B-Instruct-FP8,None
2868@y_name@ASC,Bar,Medium,2.475988268852234,4.951976537704468,2,0.0,0.0,0.0,0.0,0.5,0.0,0.0,0.0,0.0,0.5,0.5,0.0,0.0,False,Qwen/Qwen3-Coder-30B-A3B-Instruct-FP8,None
2868@y_name@ASC,Bar,Medium,2.475988268852234,4.951976537704468,2,0.0,0.0,0.0,0.0,0.5,0.0,0.0,0.0,0.0,0.5,0.5,0.0,0.0,False,Qwen/Qwen3-Coder-30B-A3B-Instruct-FP8,None
2868@y_name@ASC,Bar,Medium,2.475988268852234,4.951976537704468,2,0.0,0.0,0.0,0.0,0.5,0.0,0.0,0.0,0.0,0.5,0.5,0.0,0.0,False,Qwen/Qwen3-Coder-30B-A3B-Instruct-FP8,None
2869@y_name@DESC,Bar,Medium,3.045593023300171,6.091186046600342,2,0.0,0.0,0.0,0.0,0.5,0.0,0.0,0.0,0.0,0.5,0.5,0.0,0.0,False,Qwen/Qwen3-Coder-30B-A3B-Instruct-FP8,None
2869@y_name@DESC,Bar,Medium,3.045593023300171,6.091186046600342,2,0.0,0.0,0.0,0.0,0.5,0.0,0.0,0.0,0.0,0.5,0.5,0.0,0.0,False,Qwen/Qwen3-Coder-30B-A3B-Instruct-FP8,None
2869@y_name@DESC,Bar,Medium,3.045593023300171,6.091186046600342,2,0.0,0.0,0.0,0.0,0.5,0.0,0.0,0.0,0.0,0.5,0.5,0.0,0.0,False,Qwen/Qwen3-Coder-30B-A3B-Instruct-FP8,None
1407@y_name@DESC,Bar,Medium,2.1812278032302856,8.724911212921143,4,0.0,0.0,0.0,0.0,0.0,0.0,0.0,0.0,0.0,0.0,1.0,0.0,0.0,False,Qwen/Qwen3-Coder-30B-A3B-Instruct-FP8,None
1407@y_name@DESC,Bar,Medium,2.1812278032302856,8.724911212921143,4,0.0,0.0,0.0,0.0,0.0,0.0,0.0,0.0,0.0,0.0,1.0,0.0,0.0,False,Qwen/Qwen3-Coder-30B-A3B-Instruct-FP8,None
1407@y_name@DESC,Bar,Medium,2.1812278032302856,8.724911212921143,4,0.0,0.0,0.0,0.0,0.0,0.0,0.0,0.0,0.0,0.0,1.0,0.0,0.0,False,Qwen/Qwen3-Coder-30B-A3B-Instruct-FP8,None
1409@y_name@DESC,Bar,Hard,3.482056140899658,13.928224563598633,4,0.0,0.0,0.0,0.0,0.0,0.0,0.0,0.0,0.0,0.0,1.0,0.0,0.0,True,Qwen/Qwen3-Coder-30B-A3B-Instruct-FP8,None
1409@y_name@DESC,Bar,Hard,3.482056140899658,13.928224563598633,4,0.0,0.0,0.0,0.0,0.0,0.0,0.0,0.0,0.0,0.0,1.0,0.0,0.0,True,Qwen/Qwen3-Coder-30B-A3B-Instruct-FP8,None
1409@y_name@DESC,Bar,Hard,3.482056140899658,13.928224563598633,4,0.0,0.0,0.0,0.0,0.0,0.0,0.0,0.0,0.0,0.0,1.0,0.0,0.0,True,Qwen/Qwen3-Coder-30B-A3B-Instruct-FP8,None
1413@y_name@ASC,Bar,Hard,2.4736835956573486,4.947367191314697,2,0.0,0.0,0.0,0.0,0.0,0.0,0.0,0.0,0.0,0.0,1.0,0.0,0.0,False,Qwen/Qwen3-Coder-30B-A3B-Instruct-FP8,None
1413@y_name@ASC,Bar,Hard,2.4736835956573486,4.947367191314697,2,0.0,0.0,0.0,0.0,0.0,0.0,0.0,0.0,0.0,0.0,1.0,0.0,0.0,False,Qwen/Qwen3-Coder-30B-A3B-Instruct-FP8,None
1413@y_name@ASC,Bar,Hard,2.4736835956573486,4.947367191314697,2,0.0,0.0,0.0,0.0,0.0,0.0,0.0,0.0,0.0,0.0,1.0,0.0,0.0,False,Qwen/Qwen3-Coder-30B-A3B-Instruct-FP8,None
1414@y_name@DESC,Bar,Easy,2.819094657897949,5.638189315795898,2,0.0,0.0,0.0,0.0,0.0,0.0,0.0,0.0,0.0,0.0,1.0,0.0,0.0,False,Qwen/Qwen3-Coder-30B-A3B-Instruct-FP8,None
1414@y_name@DESC,Bar,Easy,2.819094657897949,5.638189315795898,2,0.0,0.0,0.0,0.0,0.0,0.0,0.0,0.0,0.0,0.0,1.0,0.0,0.0,False,Qwen/Qwen3-Coder-30B-A3B-Instruct-FP8,None
1414@y_name@DESC,Bar,Easy,2.819094657897949,5.638189315795898,2,0.0,0.0,0.0,0.0,0.0,0.0,0.0,0.0,0.0,0.0,1.0,0.0,0.0,False,Qwen/Qwen3-Coder-30B-A3B-Instruct-FP8,None
2173@y_name@DESC,Bar,Hard,3.3228683471679688,9.968605041503906,3,0.0,0.0,0.0,0.0,0.0,0.0,0.0,0.0,0.0,0.0,1.0,0.0,0.0,True,Qwen/Qwen3-Coder-30B-A3B-Instruct-FP8,None
2173@y_name@DESC,Bar,Hard,3.3228683471679688,9.968605041503906,3,0.0,0.0,0.0,0.0,0.0,0.0,0.0,0.0,0.0,0.0,1.0,0.0,0.0,True,Qwen/Qwen3-Coder-30B-A3B-Instruct-FP8,None
2173@y_name@DESC,Bar,Hard,3.3228683471679688,9.968605041503906,3,0.0,0.0,0.0,0.0,0.0,0.0,0.0,0.0,0.0,0.0,1.0,0.0,0.0,True,Qwen/Qwen3-Coder-30B-A3B-Instruct-FP8,None
2175@y_name@ASC,Bar,Medium,2.6365597248077393,2.6365597248077393,1,0.0,0.0,0.0,0.0,0.0,0.0,0.0,0.0,0.0,0.0,1.0,0.0,0.0,False,Qwen/Qwen3-Coder-30B-A3B-Instruct-FP8,None
2175@y_name@ASC,Bar,Medium,2.6365597248077393,2.6365597248077393,1,0.0,0.0,0.0,0.0,0.0,0.0,0.0,0.0,0.0,0.0,1.0,0.0,0.0,False,Qwen/Qwen3-Coder-30B-A3B-Instruct-FP8,None
2175@y_name@ASC,Bar,Medium,2.6365597248077393,2.6365597248077393,1,0.0,0.0,0.0,0.0,0.0,0.0,0.0,0.0,0.0,0.0,1.0,0.0,0.0,False,Qwen/Qwen3-Coder-30B-A3B-Instruct-FP8,None
2176@y_name@DESC,Bar,Medium,3.0171258449554443,6.034251689910889,2,0.0,0.0,0.0,0.0,0.0,0.0,0.0,0.0,0.0,0.0,1.0,0.0,0.0,True,Qwen/Qwen3-Coder-30B-A3B-Instruct-FP8,None
2176@y_name@DESC,Bar,Medium,3.0171258449554443,6.034251689910889,2,0.0,0.0,0.0,0.0,0.0,0.0,0.0,0.0,0.0,0.0,1.0,0.0,0.0,True,Qwen/Qwen3-Coder-30B-A3B-Instruct-FP8,None
2176@y_name@DESC,Bar,Medium,3.0171258449554443,6.034251689910889,2,0.0,0.0,0.0,0.0,0.0,0.0,0.0,0.0,0.0,0.0,1.0,0.0,0.0,True,Qwen/Qwen3-Coder-30B-A3B-Instruct-FP8,None
2177@x_name@ASC,Bar,Medium,1.7420706748962402,3.4841413497924805,2,0.0,0.0,0.0,0.0,0.5,0.0,0.0,0.0,0.0,0.5,0.5,0.0,0.0,False,Qwen/Qwen3-Coder-30B-A3B-Instruct-FP8,None
2177@x_name@ASC,Bar,Medium,1.7420706748962402,3.4841413497924805,2,0.0,0.0,0.0,0.0,0.5,0.0,0.0,0.0,0.0,0.5,0.5,0.0,0.0,False,Qwen/Qwen3-Coder-30B-A3B-Instruct-FP8,None
2177@x_name@ASC,Bar,Medium,1.7420706748962402,3.4841413497924805,2,0.0,0.0,0.0,0.0,0.5,0.0,0.0,0.0,0.0,0.5,0.5,0.0,0.0,False,Qwen/Qwen3-Coder-30B-A3B-Instruct-FP8,None
2178@x_name@DESC,Bar,Medium,2.5194151401519775,2.5194151401519775,1,0.0,0.0,0.0,0.0,0.0,1.0,0.0,0.0,0.0,1.0,0.0,,0.0,False,Qwen/Qwen3-Coder-30B-A3B-Instruct-FP8,None
2178@x_name@DESC,Bar,Medium,2.5194151401519775,2.5194151401519775,1,0.0,0.0,0.0,0.0,0.0,1.0,0.0,0.0,0.0,1.0,0.0,,0.0,False,Qwen/Qwen3-Coder-30B-A3B-Instruct-FP8,None
2178@x_name@DESC,Bar,Medium,2.5194151401519775,2.5194151401519775,1,0.0,0.0,0.0,0.0,0.0,1.0,0.0,0.0,0.0,1.0,0.0,,0.0,False,Qwen/Qwen3-Coder-30B-A3B-Instruct-FP8,None
2179@y_name@DESC,Bar,Medium,4.416815876960754,8.833631753921509,2,0.0,0.0,0.0,0.0,0.0,0.0,0.0,0.0,0.0,0.0,1.0,0.0,0.0,False,Qwen/Qwen3-Coder-30B-A3B-Instruct-FP8,None
2179@y_name@DESC,Bar,Medium,4.416815876960754,8.833631753921509,2,0.0,0.0,0.0,0.0,0.0,0.0,0.0,0.0,0.0,0.0,1.0,0.0,0.0,False,Qwen/Qwen3-Coder-30B-A3B-Instruct-FP8,None
2179@y_name@DESC,Bar,Medium,4.416815876960754,8.833631753921509,2,0.0,0.0,0.0,0.0,0.0,0.0,0.0,0.0,0.0,0.0,1.0,0.0,0.0,False,Qwen/Qwen3-Coder-30B-A3B-Instruct-FP8,None
2191@x_name@DESC,Bar,Medium,2.560752789179484,7.682258367538452,3,0.0,0.0,0.0,0.0,0.0,0.3333333333333333,0.0,0.0,0.0,0.3333333333333333,0.6666666666666666,0.0,0.0,False,Qwen/Qwen3-Coder-30B-A3B-Instruct-FP8,None
2191@x_name@DESC,Bar,Medium,2.560752789179484,7.682258367538452,3,0.0,0.0,0.0,0.0,0.0,0.3333333333333333,0.0,0.0,0.0,0.3333333333333333,0.6666666666666666,0.0,0.0,False,Qwen/Qwen3-Coder-30B-A3B-Instruct-FP8,None
2191@x_name@DESC,Bar,Medium,2.560752789179484,7.682258367538452,3,0.0,0.0,0.0,0.0,0.0,0.3333333333333333,0.0,0.0,0.0,0.3333333333333333,0.6666666666666666,0.0,0.0,False,Qwen/Qwen3-Coder-30B-A3B-Instruct-FP8,None
2201@x_name@DESC,Bar,Medium,2.9629257917404175,5.925851583480835,2,0.0,0.0,0.0,0.0,0.0,0.5,0.0,0.0,0.0,0.5,0.5,0.0,0.0,False,Qwen/Qwen3-Coder-30B-A3B-Instruct-FP8,None
2201@x_name@DESC,Bar,Medium,2.9629257917404175,5.925851583480835,2,0.0,0.0,0.0,0.0,0.0,0.5,0.0,0.0,0.0,0.5,0.5,0.0,0.0,False,Qwen/Qwen3-Coder-30B-A3B-Instruct-FP8,None
2201@x_name@DESC,Bar,Medium,2.9629257917404175,5.925851583480835,2,0.0,0.0,0.0,0.0,0.0,0.5,0.0,0.0,0.0,0.5,0.5,0.0,0.0,False,Qwen/Qwen3-Coder-30B-A3B-Instruct-FP8,None
2203@x_name@DESC,Bar,Medium,3.877199411392212,3.877199411392212,1,0.0,0.0,0.0,0.0,0.0,1.0,0.0,0.0,0.0,1.0,0.0,,0.0,True,Qwen/Qwen3-Coder-30B-A3B-Instruct-FP8,None
2203@x_name@DESC,Bar,Medium,3.877199411392212,3.877199411392212,1,0.0,0.0,0.0,0.0,0.0,1.0,0.0,0.0,0.0,1.0,0.0,,0.0,True,Qwen/Qwen3-Coder-30B-A3B-Instruct-FP8,None
2203@x_name@DESC,Bar,Medium,3.877199411392212,3.877199411392212,1,0.0,0.0,0.0,0.0,0.0,1.0,0.0,0.0,0.0,1.0,0.0,,0.0,True,Qwen/Qwen3-Coder-30B-A3B-Instruct-FP8,None
2215@x_name@ASC,Bar,Hard,4.461259722709656,8.922519445419312,2,0.0,0.0,0.0,0.0,0.0,0.0,0.0,0.0,0.0,0.0,1.0,0.0,0.0,True,Qwen/Qwen3-Coder-30B-A3B-Instruct-FP8,None
2215@x_name@ASC,Bar,Hard,4.461259722709656,8.922519445419312,2,0.0,0.0,0.0,0.0,0.0,0.0,0.0,0.0,0.0,0.0,1.0,0.0,0.0,True,Qwen/Qwen3-Coder-30B-A3B-Instruct-FP8,None
2215@x_name@ASC,Bar,Hard,4.461259722709656,8.922519445419312,2,0.0,0.0,0.0,0.0,0.0,0.0,0.0,0.0,0.0,0.0,1.0,0.0,0.0,True,Qwen/Qwen3-Coder-30B-A3B-Instruct-FP8,None
2224@x_name@ASC,Bar,Hard,4.726676305135091,14.180028915405273,3,0.0,0.0,0.0,0.0,0.0,0.0,0.0,0.0,0.0,0.0,1.0,0.0,0.0,True,Qwen/Qwen3-Coder-30B-A3B-Instruct-FP8,None
2224@x_name@ASC,Bar,Hard,4.726676305135091,14.180028915405273,3,0.0,0.0,0.0,0.0,0.0,0.0,0.0,0.0,0.0,0.0,1.0,0.0,0.0,True,Qwen/Qwen3-Coder-30B-A3B-Instruct-FP8,None
2224@x_name@ASC,Bar,Hard,4.726676305135091,14.180028915405273,3,0.0,0.0,0.0,0.0,0.0,0.0,0.0,0.0,0.0,0.0,1.0,0.0,0.0,True,Qwen/Qwen3-Coder-30B-A3B-Instruct-FP8,None
2225@y_name@DESC,Bar,Hard,4.724124590555827,14.17237377166748,3,0.0,0.0,0.0,0.0,0.0,0.0,0.0,0.0,0.0,0.0,1.0,0.0,0.0,True,Qwen/Qwen3-Coder-30B-A3B-Instruct-FP8,None
2225@y_name@DESC,Bar,Hard,4.724124590555827,14.17237377166748,3,0.0,0.0,0.0,0.0,0.0,0.0,0.0,0.0,0.0,0.0,1.0,0.0,0.0,True,Qwen/Qwen3-Coder-30B-A3B-Instruct-FP8,None
2225@y_name@DESC,Bar,Hard,4.724124590555827,14.17237377166748,3,0.0,0.0,0.0,0.0,0.0,0.0,0.0,0.0,0.0,0.0,1.0,0.0,0.0,True,Qwen/Qwen3-Coder-30B-A3B-Instruct-FP8,None
2235@x_name@DESC,Bar,Hard,4.946194529533386,9.892389059066772,2,0.0,0.0,0.0,0.0,0.0,1.0,0.0,0.0,0.0,1.0,0.0,,0.0,True,Qwen/Qwen3-Coder-30B-A3B-Instruct-FP8,None
2235@x_name@DESC,Bar,Hard,4.946194529533386,9.892389059066772,2,0.0,0.0,0.0,0.0,0.0,1.0,0.0,0.0,0.0,1.0,0.0,,0.0,True,Qwen/Qwen3-Coder-30B-A3B-Instruct-FP8,None
2235@x_name@DESC,Bar,Hard,4.946194529533386,9.892389059066772,2,0.0,0.0,0.0,0.0,0.0,1.0,0.0,0.0,0.0,1.0,0.0,,0.0,True,Qwen/Qwen3-Coder-30B-A3B-Instruct-FP8,None
2236@y_name@ASC,Bar,Hard,4.778430342674255,19.11372137069702,4,0.0,0.0,0.0,0.0,0.0,0.25,0.0,0.0,0.0,0.25,0.75,0.0,0.0,True,Qwen/Qwen3-Coder-30B-A3B-Instruct-FP8,None
2236@y_name@ASC,Bar,Hard,4.778430342674255,19.11372137069702,4,0.0,0.0,0.0,0.0,0.0,0.25,0.0,0.0,0.0,0.25,0.75,0.0,0.0,True,Qwen/Qwen3-Coder-30B-A3B-Instruct-FP8,None
2236@y_name@ASC,Bar,Hard,4.778430342674255,19.11372137069702,4,0.0,0.0,0.0,0.0,0.0,0.25,0.0,0.0,0.0,0.25,0.75,0.0,0.0,True,Qwen/Qwen3-Coder-30B-A3B-Instruct-FP8,None
2305@y_name@ASC,Bar,Hard,3.5149247646331787,7.029849529266357,2,0.0,0.0,0.0,0.0,0.0,0.0,0.0,0.0,0.0,0.0,1.0,0.0,0.0,True,Qwen/Qwen3-Coder-30B-A3B-Instruct-FP8,None
2305@y_name@ASC,Bar,Hard,3.5149247646331787,7.029849529266357,2,0.0,0.0,0.0,0.0,0.0,0.0,0.0,0.0,0.0,0.0,1.0,0.0,0.0,True,Qwen/Qwen3-Coder-30B-A3B-Instruct-FP8,None
2305@y_name@ASC,Bar,Hard,3.5149247646331787,7.029849529266357,2,0.0,0.0,0.0,0.0,0.0,0.0,0.0,0.0,0.0,0.0,1.0,0.0,0.0,True,Qwen/Qwen3-Coder-30B-A3B-Instruct-FP8,None
894@y_name@DESC,Bar,Medium,2.10992968082428,4.21985936164856,2,0.0,0.0,0.0,0.0,0.0,0.0,0.0,0.0,0.0,0.0,1.0,0.0,0.0,False,Qwen/Qwen3-Coder-30B-A3B-Instruct-FP8,None
894@y_name@DESC,Bar,Medium,2.10992968082428,4.21985936164856,2,0.0,0.0,0.0,0.0,0.0,0.0,0.0,0.0,0.0,0.0,1.0,0.0,0.0,False,Qwen/Qwen3-Coder-30B-A3B-Instruct-FP8,None
894@y_name@DESC,Bar,Medium,2.10992968082428,4.21985936164856,2,0.0,0.0,0.0,0.0,0.0,0.0,0.0,0.0,0.0,0.0,1.0,0.0,0.0,False,Qwen/Qwen3-Coder-30B-A3B-Instruct-FP8,None
2643@x_name@DESC,Bar,Medium,2.2396838665008545,2.2396838665008545,1,0.0,0.0,0.0,0.0,0.0,1.0,0.0,0.0,0.0,1.0,0.0,,0.0,False,Qwen/Qwen3-Coder-30B-A3B-Instruct-FP8,None
2643@x_name@DESC,Bar,Medium,2.2396838665008545,2.2396838665008545,1,0.0,0.0,0.0,0.0,0.0,1.0,0.0,0.0,0.0,1.0,0.0,,0.0,False,Qwen/Qwen3-Coder-30B-A3B-Instruct-FP8,None
2643@x_name@DESC,Bar,Medium,2.2396838665008545,2.2396838665008545,1,0.0,0.0,0.0,0.0,0.0,1.0,0.0,0.0,0.0,1.0,0.0,,0.0,False,Qwen/Qwen3-Coder-30B-A3B-Instruct-FP8,None
2648@y_name@ASC,Bar,Medium,2.0442709922790527,10.221354961395264,5,0.0,0.0,0.0,0.0,0.0,0.0,0.0,0.0,0.0,0.0,1.0,0.0,0.0,False,Qwen/Qwen3-Coder-30B-A3B-Instruct-FP8,None
2648@y_name@ASC,Bar,Medium,2.0442709922790527,10.221354961395264,5,0.0,0.0,0.0,0.0,0.0,0.0,0.0,0.0,0.0,0.0,1.0,0.0,0.0,False,Qwen/Qwen3-Coder-30B-A3B-Instruct-FP8,None
2648@y_name@ASC,Bar,Medium,2.0442709922790527,10.221354961395264,5,0.0,0.0,0.0,0.0,0.0,0.0,0.0,0.0,0.0,0.0,1.0,0.0,0.0,False,Qwen/Qwen3-Coder-30B-A3B-Instruct-FP8,None
2788@x_name@DESC,Bar,Medium,3.9175453186035156,3.9175453186035156,1,0.0,0.0,0.0,0.0,0.0,0.0,0.0,0.0,0.0,0.0,1.0,0.0,0.0,True,Qwen/Qwen3-Coder-30B-A3B-Instruct-FP8,None
2788@x_name@DESC,Bar,Medium,3.9175453186035156,3.9175453186035156,1,0.0,0.0,0.0,0.0,0.0,0.0,0.0,0.0,0.0,0.0,1.0,0.0,0.0,True,Qwen/Qwen3-Coder-30B-A3B-Instruct-FP8,None
2788@x_name@DESC,Bar,Medium,3.9175453186035156,3.9175453186035156,1,0.0,0.0,0.0,0.0,0.0,0.0,0.0,0.0,0.0,0.0,1.0,0.0,0.0,True,Qwen/Qwen3-Coder-30B-A3B-Instruct-FP8,None
2790@x_name@DESC,Bar,Medium,2.5363000631332397,5.0726001262664795,2,0.0,0.0,0.0,0.0,0.0,0.0,0.0,0.0,0.0,0.0,1.0,0.0,0.0,False,Qwen/Qwen3-Coder-30B-A3B-Instruct-FP8,None
2790@x_name@DESC,Bar,Medium,2.5363000631332397,5.0726001262664795,2,0.0,0.0,0.0,0.0,0.0,0.0,0.0,0.0,0.0,0.0,1.0,0.0,0.0,False,Qwen/Qwen3-Coder-30B-A3B-Instruct-FP8,None
2790@x_name@DESC,Bar,Medium,2.5363000631332397,5.0726001262664795,2,0.0,0.0,0.0,0.0,0.0,0.0,0.0,0.0,0.0,0.0,1.0,0.0,0.0,False,Qwen/Qwen3-Coder-30B-A3B-Instruct-FP8,None
2800@y_name@ASC,Bar,Medium,2.1993755102157593,4.3987510204315186,2,0.0,0.0,0.0,0.0,0.0,0.0,0.0,0.0,0.0,0.0,1.0,0.0,0.0,False,Qwen/Qwen3-Coder-30B-A3B-Instruct-FP8,None
2800@y_name@ASC,Bar,Medium,2.1993755102157593,4.3987510204315186,2,0.0,0.0,0.0,0.0,0.0,0.0,0.0,0.0,0.0,0.0,1.0,0.0,0.0,False,Qwen/Qwen3-Coder-30B-A3B-Instruct-FP8,None
2800@y_name@ASC,Bar,Medium,2.1993755102157593,4.3987510204315186,2,0.0,0.0,0.0,0.0,0.0,0.0,0.0,0.0,0.0,0.0,1.0,0.0,0.0,False,Qwen/Qwen3-Coder-30B-A3B-Instruct-FP8,None
298@y_name@DESC,Bar,Hard,14.193502187728882,14.193502187728882,1,1.0,0.0,0.0,0.0,0.0,0.0,0.0,0.0,1.0,0.0,0.0,,0.0,False,Qwen/Qwen3-Coder-30B-A3B-Instruct-FP8,None
298@y_name@DESC,Bar,Hard,14.193502187728882,14.193502187728882,1,1.0,0.0,0.0,0.0,0.0,0.0,0.0,0.0,1.0,0.0,0.0,,0.0,False,Qwen/Qwen3-Coder-30B-A3B-Instruct-FP8,None
298@y_name@DESC,Bar,Hard,14.193502187728882,14.193502187728882,1,1.0,0.0,0.0,0.0,0.0,0.0,0.0,0.0,1.0,0.0,0.0,,0.0,False,Qwen/Qwen3-Coder-30B-A3B-Instruct-FP8,None
303@x_name@DESC,Line,Hard,15.308536529541016,15.308536529541016,1,1.0,0.0,0.0,0.0,0.0,0.0,0.0,0.0,1.0,0.0,0.0,,0.0,False,Qwen/Qwen3-Coder-30B-A3B-Instruct-FP8,None
303@x_name@DESC,Line,Hard,15.308536529541016,15.308536529541016,1,1.0,0.0,0.0,0.0,0.0,0.0,0.0,0.0,1.0,0.0,0.0,,0.0,False,Qwen/Qwen3-Coder-30B-A3B-Instruct-FP8,None
303@x_name@DESC,Line,Hard,15.308536529541016,15.308536529541016,1,1.0,0.0,0.0,0.0,0.0,0.0,0.0,0.0,1.0,0.0,0.0,,0.0,False,Qwen/Qwen3-Coder-30B-A3B-Instruct-FP8,None
317@y_name@DESC,Bar,Medium,2.6717029809951782,5.3434059619903564,2,0.0,0.0,0.0,0.0,0.0,0.0,0.0,0.0,0.0,0.0,1.0,0.0,0.0,False,Qwen/Qwen3-Coder-30B-A3B-Instruct-FP8,None
317@y_name@DESC,Bar,Medium,2.6717029809951782,5.3434059619903564,2,0.0,0.0,0.0,0.0,0.0,0.0,0.0,0.0,0.0,0.0,1.0,0.0,0.0,False,Qwen/Qwen3-Coder-30B-A3B-Instruct-FP8,None
317@y_name@DESC,Bar,Medium,2.6717029809951782,5.3434059619903564,2,0.0,0.0,0.0,0.0,0.0,0.0,0.0,0.0,0.0,0.0,1.0,0.0,0.0,False,Qwen/Qwen3-Coder-30B-A3B-Instruct-FP8,None
330@y_name@ASC,Bar,Hard,9.858590841293335,19.71718168258667,2,0.0,0.0,0.0,0.0,1.0,0.0,0.0,0.0,0.0,1.0,0.0,,0.0,False,Qwen/Qwen3-Coder-30B-A3B-Instruct-FP8,None
330@y_name@ASC,Bar,Hard,9.858590841293335,19.71718168258667,2,0.0,0.0,0.0,0.0,1.0,0.0,0.0,0.0,0.0,1.0,0.0,,0.0,False,Qwen/Qwen3-Coder-30B-A3B-Instruct-FP8,None
330@y_name@ASC,Bar,Hard,9.858590841293335,19.71718168258667,2,0.0,0.0,0.0,0.0,1.0,0.0,0.0,0.0,0.0,1.0,0.0,,0.0,False,Qwen/Qwen3-Coder-30B-A3B-Instruct-FP8,None
339@x_name@DESC,Bar,Medium,2.8939132690429688,2.8939132690429688,1,0.0,0.0,0.0,0.0,0.0,0.0,0.0,0.0,0.0,0.0,1.0,0.0,0.0,False,Qwen/Qwen3-Coder-30B-A3B-Instruct-FP8,None
339@x_name@DESC,Bar,Medium,2.8939132690429688,2.8939132690429688,1,0.0,0.0,0.0,0.0,0.0,0.0,0.0,0.0,0.0,0.0,1.0,0.0,0.0,False,Qwen/Qwen3-Coder-30B-A3B-Instruct-FP8,None
339@x_name@DESC,Bar,Medium,2.8939132690429688,2.8939132690429688,1,0.0,0.0,0.0,0.0,0.0,0.0,0.0,0.0,0.0,0.0,1.0,0.0,0.0,False,Qwen/Qwen3-Coder-30B-A3B-Instruct-FP8,None
349@y_name@DESC,Bar,Hard,3.8227972984313965,7.645594596862793,2,0.0,0.0,0.0,0.0,1.0,0.0,0.0,0.0,0.0,1.0,0.0,,0.0,False,Qwen/Qwen3-Coder-30B-A3B-Instruct-FP8,None
349@y_name@DESC,Bar,Hard,3.8227972984313965,7.645594596862793,2,0.0,0.0,0.0,0.0,1.0,0.0,0.0,0.0,0.0,1.0,0.0,,0.0,False,Qwen/Qwen3-Coder-30B-A3B-Instruct-FP8,None
349@y_name@DESC,Bar,Hard,3.8227972984313965,7.645594596862793,2,0.0,0.0,0.0,0.0,1.0,0.0,0.0,0.0,0.0,1.0,0.0,,0.0,False,Qwen/Qwen3-Coder-30B-A3B-Instruct-FP8,None
2585@x_name@ASC,Bar,Medium,1.923151969909668,1.923151969909668,1,0.0,0.0,0.0,0.0,0.0,1.0,0.0,0.0,0.0,1.0,0.0,,0.0,False,Qwen/Qwen3-Coder-30B-A3B-Instruct-FP8,None
2585@x_name@ASC,Bar,Medium,1.923151969909668,1.923151969909668,1,0.0,0.0,0.0,0.0,0.0,1.0,0.0,0.0,0.0,1.0,0.0,,0.0,False,Qwen/Qwen3-Coder-30B-A3B-Instruct-FP8,None
2585@x_name@ASC,Bar,Medium,1.923151969909668,1.923151969909668,1,0.0,0.0,0.0,0.0,0.0,1.0,0.0,0.0,0.0,1.0,0.0,,0.0,False,Qwen/Qwen3-Coder-30B-A3B-Instruct-FP8,None
2587@y_name@ASC,Bar,Medium,1.9343393643697102,5.803018093109131,3,0.0,0.0,0.0,0.0,0.0,0.0,0.0,0.0,0.0,0.0,1.0,0.0,0.0,False,Qwen/Qwen3-Coder-30B-A3B-Instruct-FP8,None
2587@y_name@ASC,Bar,Medium,1.9343393643697102,5.803018093109131,3,0.0,0.0,0.0,0.0,0.0,0.0,0.0,0.0,0.0,0.0,1.0,0.0,0.0,False,Qwen/Qwen3-Coder-30B-A3B-Instruct-FP8,None
2587@y_name@ASC,Bar,Medium,1.9343393643697102,5.803018093109131,3,0.0,0.0,0.0,0.0,0.0,0.0,0.0,0.0,0.0,0.0,1.0,0.0,0.0,False,Qwen/Qwen3-Coder-30B-A3B-Instruct-FP8,None
927@y_name@ASC,Stacked Bar,Extra Hard,13.374621629714966,13.374621629714966,1,1.0,0.0,0.0,0.0,0.0,0.0,0.0,0.0,1.0,0.0,0.0,,0.0,False,Qwen/Qwen3-Coder-30B-A3B-Instruct-FP8,None
927@y_name@ASC,Stacked Bar,Extra Hard,13.374621629714966,13.374621629714966,1,1.0,0.0,0.0,0.0,0.0,0.0,0.0,0.0,1.0,0.0,0.0,,0.0,False,Qwen/Qwen3-Coder-30B-A3B-Instruct-FP8,None
927@y_name@ASC,Stacked Bar,Extra Hard,13.374621629714966,13.374621629714966,1,1.0,0.0,0.0,0.0,0.0,0.0,0.0,0.0,1.0,0.0,0.0,,0.0,False,Qwen/Qwen3-Coder-30B-A3B-Instruct-FP8,None
932@y_name@DESC,Bar,Medium,2.696876287460327,5.393752574920654,2,0.0,0.0,0.0,0.0,0.0,0.0,0.0,0.0,0.0,0.0,1.0,0.0,0.0,False,Qwen/Qwen3-Coder-30B-A3B-Instruct-FP8,None
932@y_name@DESC,Bar,Medium,2.696876287460327,5.393752574920654,2,0.0,0.0,0.0,0.0,0.0,0.0,0.0,0.0,0.0,0.0,1.0,0.0,0.0,False,Qwen/Qwen3-Coder-30B-A3B-Instruct-FP8,None
932@y_name@DESC,Bar,Medium,2.696876287460327,5.393752574920654,2,0.0,0.0,0.0,0.0,0.0,0.0,0.0,0.0,0.0,0.0,1.0,0.0,0.0,False,Qwen/Qwen3-Coder-30B-A3B-Instruct-FP8,None
942@x_name@DESC,Grouping Line,Extra Hard,12.90558910369873,12.90558910369873,1,1.0,0.0,0.0,0.0,0.0,0.0,0.0,0.0,1.0,0.0,0.0,,0.0,False,Qwen/Qwen3-Coder-30B-A3B-Instruct-FP8,None
942@x_name@DESC,Grouping Line,Extra Hard,12.90558910369873,12.90558910369873,1,1.0,0.0,0.0,0.0,0.0,0.0,0.0,0.0,1.0,0.0,0.0,,0.0,False,Qwen/Qwen3-Coder-30B-A3B-Instruct-FP8,None
942@x_name@DESC,Grouping Line,Extra Hard,12.90558910369873,12.90558910369873,1,1.0,0.0,0.0,0.0,0.0,0.0,0.0,0.0,1.0,0.0,0.0,,0.0,False,Qwen/Qwen3-Coder-30B-A3B-Instruct-FP8,None
988@x_name@DESC,Bar,Hard,3.7049834728240967,3.7049834728240967,1,0.0,0.0,0.0,0.0,0.0,0.0,0.0,0.0,0.0,0.0,1.0,0.0,0.0,True,Qwen/Qwen3-Coder-30B-A3B-Instruct-FP8,None
988@x_name@DESC,Bar,Hard,3.7049834728240967,3.7049834728240967,1,0.0,0.0,0.0,0.0,0.0,0.0,0.0,0.0,0.0,0.0,1.0,0.0,0.0,True,Qwen/Qwen3-Coder-30B-A3B-Instruct-FP8,None
988@x_name@DESC,Bar,Hard,3.7049834728240967,3.7049834728240967,1,0.0,0.0,0.0,0.0,0.0,0.0,0.0,0.0,0.0,0.0,1.0,0.0,0.0,True,Qwen/Qwen3-Coder-30B-A3B-Instruct-FP8,None
1099@x_name@ASC,Bar,Easy,2.333116054534912,2.333116054534912,1,0.0,0.0,0.0,0.0,0.0,0.0,0.0,0.0,0.0,0.0,1.0,0.0,0.0,False,Qwen/Qwen3-Coder-30B-A3B-Instruct-FP8,None
1099@x_name@ASC,Bar,Easy,2.333116054534912,2.333116054534912,1,0.0,0.0,0.0,0.0,0.0,0.0,0.0,0.0,0.0,0.0,1.0,0.0,0.0,False,Qwen/Qwen3-Coder-30B-A3B-Instruct-FP8,None
1099@x_name@ASC,Bar,Easy,2.333116054534912,2.333116054534912,1,0.0,0.0,0.0,0.0,0.0,0.0,0.0,0.0,0.0,0.0,1.0,0.0,0.0,False,Qwen/Qwen3-Coder-30B-A3B-Instruct-FP8,None
1100@x_name@ASC,Line,Medium,2.961172580718994,2.961172580718994,1,0.0,0.0,0.0,0.0,0.0,0.0,0.0,0.0,0.0,0.0,1.0,0.0,0.0,False,Qwen/Qwen3-Coder-30B-A3B-Instruct-FP8,None
1100@x_name@ASC,Line,Medium,2.961172580718994,2.961172580718994,1,0.0,0.0,0.0,0.0,0.0,0.0,0.0,0.0,0.0,0.0,1.0,0.0,0.0,False,Qwen/Qwen3-Coder-30B-A3B-Instruct-FP8,None
1100@x_name@ASC,Line,Medium,2.961172580718994,2.961172580718994,1,0.0,0.0,0.0,0.0,0.0,0.0,0.0,0.0,0.0,0.0,1.0,0.0,0.0,False,Qwen/Qwen3-Coder-30B-A3B-Instruct-FP8,None
1101@x_name@ASC,Line,Medium,2.854870557785034,5.709741115570068,2,0.0,0.0,0.0,0.0,0.0,0.0,0.0,0.0,0.0,0.0,1.0,0.0,0.0,False,Qwen/Qwen3-Coder-30B-A3B-Instruct-FP8,None
1101@x_name@ASC,Line,Medium,2.854870557785034,5.709741115570068,2,0.0,0.0,0.0,0.0,0.0,0.0,0.0,0.0,0.0,0.0,1.0,0.0,0.0,False,Qwen/Qwen3-Coder-30B-A3B-Instruct-FP8,None
1101@x_name@ASC,Line,Medium,2.854870557785034,5.709741115570068,2,0.0,0.0,0.0,0.0,0.0,0.0,0.0,0.0,0.0,0.0,1.0,0.0,0.0,False,Qwen/Qwen3-Coder-30B-A3B-Instruct-FP8,None
1105@y_name@ASC,Bar,Extra Hard,3.9421582221984863,3.9421582221984863,1,0.0,0.0,0.0,0.0,1.0,0.0,0.0,0.0,0.0,1.0,0.0,,0.0,True,Qwen/Qwen3-Coder-30B-A3B-Instruct-FP8,None
1105@y_name@ASC,Bar,Extra Hard,3.9421582221984863,3.9421582221984863,1,0.0,0.0,0.0,0.0,1.0,0.0,0.0,0.0,0.0,1.0,0.0,,0.0,True,Qwen/Qwen3-Coder-30B-A3B-Instruct-FP8,None
1105@y_name@ASC,Bar,Extra Hard,3.9421582221984863,3.9421582221984863,1,0.0,0.0,0.0,0.0,1.0,0.0,0.0,0.0,0.0,1.0,0.0,,0.0,True,Qwen/Qwen3-Coder-30B-A3B-Instruct-FP8,None
1112@x_name@DESC,Bar,Medium,2.96952223777771,2.96952223777771,1,0.0,0.0,0.0,0.0,0.0,0.0,0.0,0.0,0.0,0.0,1.0,0.0,0.0,False,Qwen/Qwen3-Coder-30B-A3B-Instruct-FP8,None
1112@x_name@DESC,Bar,Medium,2.96952223777771,2.96952223777771,1,0.0,0.0,0.0,0.0,0.0,0.0,0.0,0.0,0.0,0.0,1.0,0.0,0.0,False,Qwen/Qwen3-Coder-30B-A3B-Instruct-FP8,None
1112@x_name@DESC,Bar,Medium,2.96952223777771,2.96952223777771,1,0.0,0.0,0.0,0.0,0.0,0.0,0.0,0.0,0.0,0.0,1.0,0.0,0.0,False,Qwen/Qwen3-Coder-30B-A3B-Instruct-FP8,None
2475@y_name@DESC,Bar,Hard,3.7419087886810303,3.7419087886810303,1,0.0,0.0,0.0,0.0,0.0,0.0,0.0,0.0,0.0,0.0,1.0,0.0,0.0,True,Qwen/Qwen3-Coder-30B-A3B-Instruct-FP8,None
2475@y_name@DESC,Bar,Hard,3.7419087886810303,3.7419087886810303,1,0.0,0.0,0.0,0.0,0.0,0.0,0.0,0.0,0.0,0.0,1.0,0.0,0.0,True,Qwen/Qwen3-Coder-30B-A3B-Instruct-FP8,None
2475@y_name@DESC,Bar,Hard,3.7419087886810303,3.7419087886810303,1,0.0,0.0,0.0,0.0,0.0,0.0,0.0,0.0,0.0,0.0,1.0,0.0,0.0,True,Qwen/Qwen3-Coder-30B-A3B-Instruct-FP8,None
2486@x_name@DESC,Bar,Medium,2.2684308687845864,6.80529260635376,3,0.0,0.0,0.0,0.0,0.0,0.6666666666666666,0.0,0.0,0.0,0.6666666666666666,0.3333333333333333,0.0,0.0,False,Qwen/Qwen3-Coder-30B-A3B-Instruct-FP8,None
2486@x_name@DESC,Bar,Medium,2.2684308687845864,6.80529260635376,3,0.0,0.0,0.0,0.0,0.0,0.6666666666666666,0.0,0.0,0.0,0.6666666666666666,0.3333333333333333,0.0,0.0,False,Qwen/Qwen3-Coder-30B-A3B-Instruct-FP8,None
2486@x_name@DESC,Bar,Medium,2.2684308687845864,6.80529260635376,3,0.0,0.0,0.0,0.0,0.0,0.6666666666666666,0.0,0.0,0.0,0.6666666666666666,0.3333333333333333,0.0,0.0,False,Qwen/Qwen3-Coder-30B-A3B-Instruct-FP8,None
2488@y_name@DESC,Bar,Medium,2.961850881576538,5.923701763153076,2,0.0,0.0,0.0,0.0,0.0,0.0,0.0,0.0,0.0,0.0,1.0,0.0,0.0,False,Qwen/Qwen3-Coder-30B-A3B-Instruct-FP8,None
2488@y_name@DESC,Bar,Medium,2.961850881576538,5.923701763153076,2,0.0,0.0,0.0,0.0,0.0,0.0,0.0,0.0,0.0,0.0,1.0,0.0,0.0,False,Qwen/Qwen3-Coder-30B-A3B-Instruct-FP8,None
2488@y_name@DESC,Bar,Medium,2.961850881576538,5.923701763153076,2,0.0,0.0,0.0,0.0,0.0,0.0,0.0,0.0,0.0,0.0,1.0,0.0,0.0,False,Qwen/Qwen3-Coder-30B-A3B-Instruct-FP8,None
2493@y_name@DESC,Bar,Hard,3.693018913269043,3.693018913269043,1,0.0,0.0,0.0,0.0,0.0,0.0,0.0,0.0,0.0,0.0,1.0,0.0,0.0,True,Qwen/Qwen3-Coder-30B-A3B-Instruct-FP8,None
2493@y_name@DESC,Bar,Hard,3.693018913269043,3.693018913269043,1,0.0,0.0,0.0,0.0,0.0,0.0,0.0,0.0,0.0,0.0,1.0,0.0,0.0,True,Qwen/Qwen3-Coder-30B-A3B-Instruct-FP8,None
2493@y_name@DESC,Bar,Hard,3.693018913269043,3.693018913269043,1,0.0,0.0,0.0,0.0,0.0,0.0,0.0,0.0,0.0,0.0,1.0,0.0,0.0,True,Qwen/Qwen3-Coder-30B-A3B-Instruct-FP8,None
3058@y_name@ASC,Bar,Medium,2.050505578517914,8.202022314071655,4,0.0,0.0,0.0,0.0,0.0,0.0,0.0,0.0,0.0,0.0,1.0,0.0,0.0,False,Qwen/Qwen3-Coder-30B-A3B-Instruct-FP8,None
3058@y_name@ASC,Bar,Medium,2.050505578517914,8.202022314071655,4,0.0,0.0,0.0,0.0,0.0,0.0,0.0,0.0,0.0,0.0,1.0,0.0,0.0,False,Qwen/Qwen3-Coder-30B-A3B-Instruct-FP8,None
3058@y_name@ASC,Bar,Medium,2.050505578517914,8.202022314071655,4,0.0,0.0,0.0,0.0,0.0,0.0,0.0,0.0,0.0,0.0,1.0,0.0,0.0,False,Qwen/Qwen3-Coder-30B-A3B-Instruct-FP8,None
2421@y_name@DESC,Bar,Medium,2.8251047134399414,5.650209426879883,2,0.0,0.0,0.0,0.0,0.0,0.0,0.0,0.0,0.0,0.0,1.0,0.0,0.0,False,Qwen/Qwen3-Coder-30B-A3B-Instruct-FP8,None
2421@y_name@DESC,Bar,Medium,2.8251047134399414,5.650209426879883,2,0.0,0.0,0.0,0.0,0.0,0.0,0.0,0.0,0.0,0.0,1.0,0.0,0.0,False,Qwen/Qwen3-Coder-30B-A3B-Instruct-FP8,None
2421@y_name@DESC,Bar,Medium,2.8251047134399414,5.650209426879883,2,0.0,0.0,0.0,0.0,0.0,0.0,0.0,0.0,0.0,0.0,1.0,0.0,0.0,False,Qwen/Qwen3-Coder-30B-A3B-Instruct-FP8,None
2423@y_name@DESC,Bar,Medium,2.1195741295814514,8.478296518325806,4,0.0,0.0,0.0,0.0,0.0,0.0,0.0,0.0,0.0,0.0,1.0,0.0,0.0,False,Qwen/Qwen3-Coder-30B-A3B-Instruct-FP8,None
2423@y_name@DESC,Bar,Medium,2.1195741295814514,8.478296518325806,4,0.0,0.0,0.0,0.0,0.0,0.0,0.0,0.0,0.0,0.0,1.0,0.0,0.0,False,Qwen/Qwen3-Coder-30B-A3B-Instruct-FP8,None
2423@y_name@DESC,Bar,Medium,2.1195741295814514,8.478296518325806,4,0.0,0.0,0.0,0.0,0.0,0.0,0.0,0.0,0.0,0.0,1.0,0.0,0.0,False,Qwen/Qwen3-Coder-30B-A3B-Instruct-FP8,None
2430@y_name@ASC,Bar,Extra Hard,3.518991708755493,3.518991708755493,1,0.0,0.0,0.0,0.0,0.0,0.0,0.0,0.0,0.0,0.0,1.0,0.0,0.0,True,Qwen/Qwen3-Coder-30B-A3B-Instruct-FP8,None
2430@y_name@ASC,Bar,Extra Hard,3.518991708755493,3.518991708755493,1,0.0,0.0,0.0,0.0,0.0,0.0,0.0,0.0,0.0,0.0,1.0,0.0,0.0,True,Qwen/Qwen3-Coder-30B-A3B-Instruct-FP8,None
2430@y_name@ASC,Bar,Extra Hard,3.518991708755493,3.518991708755493,1,0.0,0.0,0.0,0.0,0.0,0.0,0.0,0.0,0.0,0.0,1.0,0.0,0.0,True,Qwen/Qwen3-Coder-30B-A3B-Instruct-FP8,None
2859@y_name@ASC,Bar,Hard,5.851272463798523,23.405089855194092,4,0.0,0.0,0.0,0.0,0.0,0.0,0.0,0.0,0.0,0.0,1.0,0.0,0.0,True,Qwen/Qwen3-Coder-30B-A3B-Instruct-FP8,None
2859@y_name@ASC,Bar,Hard,5.851272463798523,23.405089855194092,4,0.0,0.0,0.0,0.0,0.0,0.0,0.0,0.0,0.0,0.0,1.0,0.0,0.0,True,Qwen/Qwen3-Coder-30B-A3B-Instruct-FP8,None
2859@y_name@ASC,Bar,Hard,5.851272463798523,23.405089855194092,4,0.0,0.0,0.0,0.0,0.0,0.0,0.0,0.0,0.0,0.0,1.0,0.0,0.0,True,Qwen/Qwen3-Coder-30B-A3B-Instruct-FP8,None
2860@x_name@DESC,Bar,Medium,3.2524259090423584,3.2524259090423584,1,0.0,0.0,0.0,0.0,0.0,0.0,0.0,0.0,0.0,0.0,1.0,0.0,0.0,False,Qwen/Qwen3-Coder-30B-A3B-Instruct-FP8,None
2860@x_name@DESC,Bar,Medium,3.2524259090423584,3.2524259090423584,1,0.0,0.0,0.0,0.0,0.0,0.0,0.0,0.0,0.0,0.0,1.0,0.0,0.0,False,Qwen/Qwen3-Coder-30B-A3B-Instruct-FP8,None
2860@x_name@DESC,Bar,Medium,3.2524259090423584,3.2524259090423584,1,0.0,0.0,0.0,0.0,0.0,0.0,0.0,0.0,0.0,0.0,1.0,0.0,0.0,False,Qwen/Qwen3-Coder-30B-A3B-Instruct-FP8,None
2862@x_name@ASC,Bar,Medium,1.8613040447235107,1.8613040447235107,1,0.0,0.0,0.0,0.0,0.0,0.0,0.0,0.0,0.0,0.0,1.0,0.0,0.0,False,Qwen/Qwen3-Coder-30B-A3B-Instruct-FP8,None
2862@x_name@ASC,Bar,Medium,1.8613040447235107,1.8613040447235107,1,0.0,0.0,0.0,0.0,0.0,0.0,0.0,0.0,0.0,0.0,1.0,0.0,0.0,False,Qwen/Qwen3-Coder-30B-A3B-Instruct-FP8,None
2862@x_name@ASC,Bar,Medium,1.8613040447235107,1.8613040447235107,1,0.0,0.0,0.0,0.0,0.0,0.0,0.0,0.0,0.0,0.0,1.0,0.0,0.0,False,Qwen/Qwen3-Coder-30B-A3B-Instruct-FP8,None
2497@y_name@DESC,Bar,Hard,2.9886667728424072,5.9773335456848145,2,0.0,0.0,0.0,0.0,0.0,0.0,0.0,0.0,0.0,0.0,1.0,0.0,0.0,False,Qwen/Qwen3-Coder-30B-A3B-Instruct-FP8,None
2497@y_name@DESC,Bar,Hard,2.9886667728424072,5.9773335456848145,2,0.0,0.0,0.0,0.0,0.0,0.0,0.0,0.0,0.0,0.0,1.0,0.0,0.0,False,Qwen/Qwen3-Coder-30B-A3B-Instruct-FP8,None
2497@y_name@DESC,Bar,Hard,2.9886667728424072,5.9773335456848145,2,0.0,0.0,0.0,0.0,0.0,0.0,0.0,0.0,0.0,0.0,1.0,0.0,0.0,False,Qwen/Qwen3-Coder-30B-A3B-Instruct-FP8,None
2507@y_name@ASC,Bar,Medium,2.239729166030884,4.479458332061768,2,0.0,0.0,0.0,0.0,0.0,0.0,0.0,0.0,0.0,0.0,1.0,0.0,0.0,False,Qwen/Qwen3-Coder-30B-A3B-Instruct-FP8,None
2507@y_name@ASC,Bar,Medium,2.239729166030884,4.479458332061768,2,0.0,0.0,0.0,0.0,0.0,0.0,0.0,0.0,0.0,0.0,1.0,0.0,0.0,False,Qwen/Qwen3-Coder-30B-A3B-Instruct-FP8,None
2507@y_name@ASC,Bar,Medium,2.239729166030884,4.479458332061768,2,0.0,0.0,0.0,0.0,0.0,0.0,0.0,0.0,0.0,0.0,1.0,0.0,0.0,False,Qwen/Qwen3-Coder-30B-A3B-Instruct-FP8,None
2735@x_name@DESC,Bar,Hard,3.939637780189514,7.879275560379028,2,0.0,0.0,0.0,0.0,1.0,0.0,0.0,0.0,0.0,1.0,0.0,,0.0,False,Qwen/Qwen3-Coder-30B-A3B-Instruct-FP8,None
2735@x_name@DESC,Bar,Hard,3.939637780189514,7.879275560379028,2,0.0,0.0,0.0,0.0,1.0,0.0,0.0,0.0,0.0,1.0,0.0,,0.0,False,Qwen/Qwen3-Coder-30B-A3B-Instruct-FP8,None
2735@x_name@DESC,Bar,Hard,3.939637780189514,7.879275560379028,2,0.0,0.0,0.0,0.0,1.0,0.0,0.0,0.0,0.0,1.0,0.0,,0.0,False,Qwen/Qwen3-Coder-30B-A3B-Instruct-FP8,None
2737@y_name@DESC,Bar,Hard,2.409544070561727,7.228632211685181,3,0.0,0.0,0.0,0.0,0.0,0.0,0.0,0.0,0.0,0.0,1.0,0.0,0.0,False,Qwen/Qwen3-Coder-30B-A3B-Instruct-FP8,None
2737@y_name@DESC,Bar,Hard,2.409544070561727,7.228632211685181,3,0.0,0.0,0.0,0.0,0.0,0.0,0.0,0.0,0.0,0.0,1.0,0.0,0.0,False,Qwen/Qwen3-Coder-30B-A3B-Instruct-FP8,None
2737@y_name@DESC,Bar,Hard,2.409544070561727,7.228632211685181,3,0.0,0.0,0.0,0.0,0.0,0.0,0.0,0.0,0.0,0.0,1.0,0.0,0.0,False,Qwen/Qwen3-Coder-30B-A3B-Instruct-FP8,None
2739@x_name@ASC,Bar,Medium,2.7693164348602295,2.7693164348602295,1,0.0,0.0,0.0,0.0,0.0,0.0,0.0,0.0,0.0,0.0,1.0,0.0,0.0,False,Qwen/Qwen3-Coder-30B-A3B-Instruct-FP8,None
2739@x_name@ASC,Bar,Medium,2.7693164348602295,2.7693164348602295,1,0.0,0.0,0.0,0.0,0.0,0.0,0.0,0.0,0.0,0.0,1.0,0.0,0.0,False,Qwen/Qwen3-Coder-30B-A3B-Instruct-FP8,None
2739@x_name@ASC,Bar,Medium,2.7693164348602295,2.7693164348602295,1,0.0,0.0,0.0,0.0,0.0,0.0,0.0,0.0,0.0,0.0,1.0,0.0,0.0,False,Qwen/Qwen3-Coder-30B-A3B-Instruct-FP8,None
2740@y_name@DESC,Bar,Medium,2.5251364707946777,2.5251364707946777,1,0.0,0.0,0.0,0.0,0.0,0.0,0.0,0.0,0.0,0.0,1.0,0.0,0.0,False,Qwen/Qwen3-Coder-30B-A3B-Instruct-FP8,None
2740@y_name@DESC,Bar,Medium,2.5251364707946777,2.5251364707946777,1,0.0,0.0,0.0,0.0,0.0,0.0,0.0,0.0,0.0,0.0,1.0,0.0,0.0,False,Qwen/Qwen3-Coder-30B-A3B-Instruct-FP8,None
2740@y_name@DESC,Bar,Medium,2.5251364707946777,2.5251364707946777,1,0.0,0.0,0.0,0.0,0.0,0.0,0.0,0.0,0.0,0.0,1.0,0.0,0.0,False,Qwen/Qwen3-Coder-30B-A3B-Instruct-FP8,None
2747@x_name@DESC,Bar,Medium,1.567286491394043,1.567286491394043,1,0.0,0.0,0.0,0.0,0.0,0.0,0.0,0.0,0.0,0.0,1.0,0.0,0.0,False,Qwen/Qwen3-Coder-30B-A3B-Instruct-FP8,None
2747@x_name@DESC,Bar,Medium,1.567286491394043,1.567286491394043,1,0.0,0.0,0.0,0.0,0.0,0.0,0.0,0.0,0.0,0.0,1.0,0.0,0.0,False,Qwen/Qwen3-Coder-30B-A3B-Instruct-FP8,None
2747@x_name@DESC,Bar,Medium,1.567286491394043,1.567286491394043,1,0.0,0.0,0.0,0.0,0.0,0.0,0.0,0.0,0.0,0.0,1.0,0.0,0.0,False,Qwen/Qwen3-Coder-30B-A3B-Instruct-FP8,None
2751@x_name@ASC,Bar,Medium,1.8641479015350342,1.8641479015350342,1,0.0,0.0,0.0,0.0,0.0,0.0,0.0,0.0,0.0,0.0,1.0,0.0,0.0,False,Qwen/Qwen3-Coder-30B-A3B-Instruct-FP8,None
2751@x_name@ASC,Bar,Medium,1.8641479015350342,1.8641479015350342,1,0.0,0.0,0.0,0.0,0.0,0.0,0.0,0.0,0.0,0.0,1.0,0.0,0.0,False,Qwen/Qwen3-Coder-30B-A3B-Instruct-FP8,None
2751@x_name@ASC,Bar,Medium,1.8641479015350342,1.8641479015350342,1,0.0,0.0,0.0,0.0,0.0,0.0,0.0,0.0,0.0,0.0,1.0,0.0,0.0,False,Qwen/Qwen3-Coder-30B-A3B-Instruct-FP8,None
2753@y_name@DESC,Bar,Medium,2.2469430764516196,6.740829229354858,3,0.0,0.0,0.0,0.0,0.0,0.0,0.0,0.0,0.0,0.0,1.0,0.0,0.0,False,Qwen/Qwen3-Coder-30B-A3B-Instruct-FP8,None
2753@y_name@DESC,Bar,Medium,2.2469430764516196,6.740829229354858,3,0.0,0.0,0.0,0.0,0.0,0.0,0.0,0.0,0.0,0.0,1.0,0.0,0.0,False,Qwen/Qwen3-Coder-30B-A3B-Instruct-FP8,None
2753@y_name@DESC,Bar,Medium,2.2469430764516196,6.740829229354858,3,0.0,0.0,0.0,0.0,0.0,0.0,0.0,0.0,0.0,0.0,1.0,0.0,0.0,False,Qwen/Qwen3-Coder-30B-A3B-Instruct-FP8,None
2803@y_name@ASC,Bar,Hard,3.903138041496277,7.806276082992554,2,0.0,0.0,0.0,0.0,0.5,0.0,0.0,0.0,0.0,0.5,0.5,0.0,0.0,True,Qwen/Qwen3-Coder-30B-A3B-Instruct-FP8,None
2803@y_name@ASC,Bar,Hard,3.903138041496277,7.806276082992554,2,0.0,0.0,0.0,0.0,0.5,0.0,0.0,0.0,0.0,0.5,0.5,0.0,0.0,True,Qwen/Qwen3-Coder-30B-A3B-Instruct-FP8,None
2803@y_name@ASC,Bar,Hard,3.903138041496277,7.806276082992554,2,0.0,0.0,0.0,0.0,0.5,0.0,0.0,0.0,0.0,0.5,0.5,0.0,0.0,True,Qwen/Qwen3-Coder-30B-A3B-Instruct-FP8,None
2805@y_name@ASC,Bar,Hard,2.8854739665985107,5.7709479331970215,2,0.0,0.0,0.0,0.0,0.0,0.0,0.0,0.0,0.0,0.0,1.0,0.0,0.0,False,Qwen/Qwen3-Coder-30B-A3B-Instruct-FP8,None
2805@y_name@ASC,Bar,Hard,2.8854739665985107,5.7709479331970215,2,0.0,0.0,0.0,0.0,0.0,0.0,0.0,0.0,0.0,0.0,1.0,0.0,0.0,False,Qwen/Qwen3-Coder-30B-A3B-Instruct-FP8,None
2805@y_name@ASC,Bar,Hard,2.8854739665985107,5.7709479331970215,2,0.0,0.0,0.0,0.0,0.0,0.0,0.0,0.0,0.0,0.0,1.0,0.0,0.0,False,Qwen/Qwen3-Coder-30B-A3B-Instruct-FP8,None
2811@x_name@ASC,Bar,Medium,2.0907334089279175,4.181466817855835,2,0.0,0.0,0.0,0.0,0.5,0.0,0.0,0.0,0.0,0.5,0.5,0.0,0.0,False,Qwen/Qwen3-Coder-30B-A3B-Instruct-FP8,None
2811@x_name@ASC,Bar,Medium,2.0907334089279175,4.181466817855835,2,0.0,0.0,0.0,0.0,0.5,0.0,0.0,0.0,0.0,0.5,0.5,0.0,0.0,False,Qwen/Qwen3-Coder-30B-A3B-Instruct-FP8,None
2811@x_name@ASC,Bar,Medium,2.0907334089279175,4.181466817855835,2,0.0,0.0,0.0,0.0,0.5,0.0,0.0,0.0,0.0,0.5,0.5,0.0,0.0,False,Qwen/Qwen3-Coder-30B-A3B-Instruct-FP8,None
2621@y_name@DESC,Bar,Extra Hard,3.6778178811073303,14.711271524429321,4,0.0,0.0,0.0,0.0,0.0,0.0,0.0,0.0,0.0,0.0,1.0,0.0,0.0,True,Qwen/Qwen3-Coder-30B-A3B-Instruct-FP8,None
2621@y_name@DESC,Bar,Extra Hard,3.6778178811073303,14.711271524429321,4,0.0,0.0,0.0,0.0,0.0,0.0,0.0,0.0,0.0,0.0,1.0,0.0,0.0,True,Qwen/Qwen3-Coder-30B-A3B-Instruct-FP8,None
2621@y_name@DESC,Bar,Extra Hard,3.6778178811073303,14.711271524429321,4,0.0,0.0,0.0,0.0,0.0,0.0,0.0,0.0,0.0,0.0,1.0,0.0,0.0,True,Qwen/Qwen3-Coder-30B-A3B-Instruct-FP8,None
1163@y_name@ASC,Bar,Hard,2.646054744720459,2.646054744720459,1,0.0,0.0,0.0,0.0,0.0,0.0,0.0,0.0,0.0,0.0,1.0,0.0,0.0,True,Qwen/Qwen3-Coder-30B-A3B-Instruct-FP8,None
1163@y_name@ASC,Bar,Hard,2.646054744720459,2.646054744720459,1,0.0,0.0,0.0,0.0,0.0,0.0,0.0,0.0,0.0,0.0,1.0,0.0,0.0,True,Qwen/Qwen3-Coder-30B-A3B-Instruct-FP8,None
1163@y_name@ASC,Bar,Hard,2.646054744720459,2.646054744720459,1,0.0,0.0,0.0,0.0,0.0,0.0,0.0,0.0,0.0,0.0,1.0,0.0,0.0,True,Qwen/Qwen3-Coder-30B-A3B-Instruct-FP8,None
1164@y_name@ASC,Bar,Hard,2.7051557302474976,5.410311460494995,2,0.0,0.0,0.0,0.0,0.0,0.0,0.0,0.0,0.0,0.0,1.0,0.0,0.0,True,Qwen/Qwen3-Coder-30B-A3B-Instruct-FP8,None
1164@y_name@ASC,Bar,Hard,2.7051557302474976,5.410311460494995,2,0.0,0.0,0.0,0.0,0.0,0.0,0.0,0.0,0.0,0.0,1.0,0.0,0.0,True,Qwen/Qwen3-Coder-30B-A3B-Instruct-FP8,None
1164@y_name@ASC,Bar,Hard,2.7051557302474976,5.410311460494995,2,0.0,0.0,0.0,0.0,0.0,0.0,0.0,0.0,0.0,0.0,1.0,0.0,0.0,True,Qwen/Qwen3-Coder-30B-A3B-Instruct-FP8,None
1165@x_name@DESC,Line,Hard,2.7792978286743164,2.7792978286743164,1,0.0,0.0,0.0,0.0,0.0,0.0,0.0,0.0,0.0,0.0,1.0,0.0,0.0,True,Qwen/Qwen3-Coder-30B-A3B-Instruct-FP8,None
1165@x_name@DESC,Line,Hard,2.7792978286743164,2.7792978286743164,1,0.0,0.0,0.0,0.0,0.0,0.0,0.0,0.0,0.0,0.0,1.0,0.0,0.0,True,Qwen/Qwen3-Coder-30B-A3B-Instruct-FP8,None
1165@x_name@DESC,Line,Hard,2.7792978286743164,2.7792978286743164,1,0.0,0.0,0.0,0.0,0.0,0.0,0.0,0.0,0.0,0.0,1.0,0.0,0.0,True,Qwen/Qwen3-Coder-30B-A3B-Instruct-FP8,None
1166@y_name@ASC,Bar,Hard,3.5606048107147217,7.121209621429443,2,0.0,0.0,0.0,0.0,0.0,0.0,0.0,0.0,0.0,0.0,1.0,0.0,0.0,True,Qwen/Qwen3-Coder-30B-A3B-Instruct-FP8,None
1166@y_name@ASC,Bar,Hard,3.5606048107147217,7.121209621429443,2,0.0,0.0,0.0,0.0,0.0,0.0,0.0,0.0,0.0,0.0,1.0,0.0,0.0,True,Qwen/Qwen3-Coder-30B-A3B-Instruct-FP8,None
1166@y_name@ASC,Bar,Hard,3.5606048107147217,7.121209621429443,2,0.0,0.0,0.0,0.0,0.0,0.0,0.0,0.0,0.0,0.0,1.0,0.0,0.0,True,Qwen/Qwen3-Coder-30B-A3B-Instruct-FP8,None
1167@y_name@ASC,Bar,Medium,2.492016315460205,2.492016315460205,1,0.0,0.0,0.0,0.0,0.0,0.0,0.0,0.0,0.0,0.0,1.0,0.0,0.0,False,Qwen/Qwen3-Coder-30B-A3B-Instruct-FP8,None
1167@y_name@ASC,Bar,Medium,2.492016315460205,2.492016315460205,1,0.0,0.0,0.0,0.0,0.0,0.0,0.0,0.0,0.0,0.0,1.0,0.0,0.0,False,Qwen/Qwen3-Coder-30B-A3B-Instruct-FP8,None
1167@y_name@ASC,Bar,Medium,2.492016315460205,2.492016315460205,1,0.0,0.0,0.0,0.0,0.0,0.0,0.0,0.0,0.0,0.0,1.0,0.0,0.0,False,Qwen/Qwen3-Coder-30B-A3B-Instruct-FP8,None
1169@y_name@DESC,Bar,Medium,2.8904491662979126,5.780898332595825,2,0.0,0.0,0.0,0.0,0.0,0.0,0.0,0.0,0.0,0.0,1.0,0.0,0.0,False,Qwen/Qwen3-Coder-30B-A3B-Instruct-FP8,None
1169@y_name@DESC,Bar,Medium,2.8904491662979126,5.780898332595825,2,0.0,0.0,0.0,0.0,0.0,0.0,0.0,0.0,0.0,0.0,1.0,0.0,0.0,False,Qwen/Qwen3-Coder-30B-A3B-Instruct-FP8,None
1169@y_name@DESC,Bar,Medium,2.8904491662979126,5.780898332595825,2,0.0,0.0,0.0,0.0,0.0,0.0,0.0,0.0,0.0,0.0,1.0,0.0,0.0,False,Qwen/Qwen3-Coder-30B-A3B-Instruct-FP8,None
1181@y_name@DESC,Bar,Medium,2.269874691963196,4.539749383926392,2,0.0,0.0,0.0,0.0,0.0,0.0,0.0,0.0,0.0,0.0,1.0,0.0,0.0,False,Qwen/Qwen3-Coder-30B-A3B-Instruct-FP8,None
1181@y_name@DESC,Bar,Medium,2.269874691963196,4.539749383926392,2,0.0,0.0,0.0,0.0,0.0,0.0,0.0,0.0,0.0,0.0,1.0,0.0,0.0,False,Qwen/Qwen3-Coder-30B-A3B-Instruct-FP8,None
1181@y_name@DESC,Bar,Medium,2.269874691963196,4.539749383926392,2,0.0,0.0,0.0,0.0,0.0,0.0,0.0,0.0,0.0,0.0,1.0,0.0,0.0,False,Qwen/Qwen3-Coder-30B-A3B-Instruct-FP8,None
1184@y_name@ASC,Bar,Medium,2.0569076538085938,4.1138153076171875,2,0.0,0.0,0.0,0.0,0.0,0.0,0.0,0.0,0.0,0.0,1.0,0.0,0.0,False,Qwen/Qwen3-Coder-30B-A3B-Instruct-FP8,None
1184@y_name@ASC,Bar,Medium,2.0569076538085938,4.1138153076171875,2,0.0,0.0,0.0,0.0,0.0,0.0,0.0,0.0,0.0,0.0,1.0,0.0,0.0,False,Qwen/Qwen3-Coder-30B-A3B-Instruct-FP8,None
1184@y_name@ASC,Bar,Medium,2.0569076538085938,4.1138153076171875,2,0.0,0.0,0.0,0.0,0.0,0.0,0.0,0.0,0.0,0.0,1.0,0.0,0.0,False,Qwen/Qwen3-Coder-30B-A3B-Instruct-FP8,None
1185@y_name@DESC,Bar,Medium,2.629615068435669,5.259230136871338,2,0.0,0.0,0.0,0.0,0.0,0.0,0.0,0.0,0.0,0.0,1.0,0.0,0.0,False,Qwen/Qwen3-Coder-30B-A3B-Instruct-FP8,None
1185@y_name@DESC,Bar,Medium,2.629615068435669,5.259230136871338,2,0.0,0.0,0.0,0.0,0.0,0.0,0.0,0.0,0.0,0.0,1.0,0.0,0.0,False,Qwen/Qwen3-Coder-30B-A3B-Instruct-FP8,None
1185@y_name@DESC,Bar,Medium,2.629615068435669,5.259230136871338,2,0.0,0.0,0.0,0.0,0.0,0.0,0.0,0.0,0.0,0.0,1.0,0.0,0.0,False,Qwen/Qwen3-Coder-30B-A3B-Instruct-FP8,None
1190@y_name@ASC,Bar,Hard,4.067077279090881,8.134154558181763,2,0.0,0.0,0.0,0.0,1.0,0.0,0.0,0.0,0.0,1.0,0.0,,0.0,True,Qwen/Qwen3-Coder-30B-A3B-Instruct-FP8,None
1190@y_name@ASC,Bar,Hard,4.067077279090881,8.134154558181763,2,0.0,0.0,0.0,0.0,1.0,0.0,0.0,0.0,0.0,1.0,0.0,,0.0,True,Qwen/Qwen3-Coder-30B-A3B-Instruct-FP8,None
1190@y_name@ASC,Bar,Hard,4.067077279090881,8.134154558181763,2,0.0,0.0,0.0,0.0,1.0,0.0,0.0,0.0,0.0,1.0,0.0,,0.0,True,Qwen/Qwen3-Coder-30B-A3B-Instruct-FP8,None
1197@x_name@ASC,Bar,Hard,3.682216167449951,7.364432334899902,2,0.0,0.0,0.0,0.0,0.0,0.0,0.0,0.0,0.0,0.0,1.0,0.0,0.0,True,Qwen/Qwen3-Coder-30B-A3B-Instruct-FP8,None
1197@x_name@ASC,Bar,Hard,3.682216167449951,7.364432334899902,2,0.0,0.0,0.0,0.0,0.0,0.0,0.0,0.0,0.0,0.0,1.0,0.0,0.0,True,Qwen/Qwen3-Coder-30B-A3B-Instruct-FP8,None
1197@x_name@ASC,Bar,Hard,3.682216167449951,7.364432334899902,2,0.0,0.0,0.0,0.0,0.0,0.0,0.0,0.0,0.0,0.0,1.0,0.0,0.0,True,Qwen/Qwen3-Coder-30B-A3B-Instruct-FP8,None
1200@y_name@ASC,Bar,Hard,5.282788157463074,10.565576314926147,2,0.0,0.0,0.0,0.0,0.0,0.0,0.0,0.0,0.0,0.0,1.0,0.0,0.0,True,Qwen/Qwen3-Coder-30B-A3B-Instruct-FP8,None
1200@y_name@ASC,Bar,Hard,5.282788157463074,10.565576314926147,2,0.0,0.0,0.0,0.0,0.0,0.0,0.0,0.0,0.0,0.0,1.0,0.0,0.0,True,Qwen/Qwen3-Coder-30B-A3B-Instruct-FP8,None
1200@y_name@ASC,Bar,Hard,5.282788157463074,10.565576314926147,2,0.0,0.0,0.0,0.0,0.0,0.0,0.0,0.0,0.0,0.0,1.0,0.0,0.0,True,Qwen/Qwen3-Coder-30B-A3B-Instruct-FP8,None
2075@y_name@DESC,Bar,Extra Hard,5.022119522094727,5.022119522094727,1,0.0,0.0,0.0,0.0,0.0,0.0,0.0,0.0,0.0,0.0,1.0,0.0,0.0,True,Qwen/Qwen3-Coder-30B-A3B-Instruct-FP8,None
2075@y_name@DESC,Bar,Extra Hard,5.022119522094727,5.022119522094727,1,0.0,0.0,0.0,0.0,0.0,0.0,0.0,0.0,0.0,0.0,1.0,0.0,0.0,True,Qwen/Qwen3-Coder-30B-A3B-Instruct-FP8,None
2075@y_name@DESC,Bar,Extra Hard,5.022119522094727,5.022119522094727,1,0.0,0.0,0.0,0.0,0.0,0.0,0.0,0.0,0.0,0.0,1.0,0.0,0.0,True,Qwen/Qwen3-Coder-30B-A3B-Instruct-FP8,None
2079@y_name@DESC,Bar,Medium,2.4051358699798584,2.4051358699798584,1,0.0,0.0,0.0,0.0,1.0,0.0,0.0,0.0,0.0,1.0,0.0,,0.0,False,Qwen/Qwen3-Coder-30B-A3B-Instruct-FP8,None
2079@y_name@DESC,Bar,Medium,2.4051358699798584,2.4051358699798584,1,0.0,0.0,0.0,0.0,1.0,0.0,0.0,0.0,0.0,1.0,0.0,,0.0,False,Qwen/Qwen3-Coder-30B-A3B-Instruct-FP8,None
2079@y_name@DESC,Bar,Medium,2.4051358699798584,2.4051358699798584,1,0.0,0.0,0.0,0.0,1.0,0.0,0.0,0.0,0.0,1.0,0.0,,0.0,False,Qwen/Qwen3-Coder-30B-A3B-Instruct-FP8,None
2087@y_name@DESC,Bar,Medium,3.4967246055603027,3.4967246055603027,1,0.0,0.0,0.0,0.0,0.0,0.0,0.0,0.0,0.0,0.0,1.0,0.0,0.0,False,Qwen/Qwen3-Coder-30B-A3B-Instruct-FP8,None
2087@y_name@DESC,Bar,Medium,3.4967246055603027,3.4967246055603027,1,0.0,0.0,0.0,0.0,0.0,0.0,0.0,0.0,0.0,0.0,1.0,0.0,0.0,False,Qwen/Qwen3-Coder-30B-A3B-Instruct-FP8,None
2087@y_name@DESC,Bar,Medium,3.4967246055603027,3.4967246055603027,1,0.0,0.0,0.0,0.0,0.0,0.0,0.0,0.0,0.0,0.0,1.0,0.0,0.0,False,Qwen/Qwen3-Coder-30B-A3B-Instruct-FP8,None
2088@x_name@ASC,Bar,Hard,3.5469651222229004,3.5469651222229004,1,0.0,0.0,0.0,0.0,0.0,0.0,0.0,0.0,0.0,0.0,1.0,0.0,0.0,True,Qwen/Qwen3-Coder-30B-A3B-Instruct-FP8,None
2088@x_name@ASC,Bar,Hard,3.5469651222229004,3.5469651222229004,1,0.0,0.0,0.0,0.0,0.0,0.0,0.0,0.0,0.0,0.0,1.0,0.0,0.0,True,Qwen/Qwen3-Coder-30B-A3B-Instruct-FP8,None
2088@x_name@ASC,Bar,Hard,3.5469651222229004,3.5469651222229004,1,0.0,0.0,0.0,0.0,0.0,0.0,0.0,0.0,0.0,0.0,1.0,0.0,0.0,True,Qwen/Qwen3-Coder-30B-A3B-Instruct-FP8,None
2097@y_name@DESC,Bar,Hard,3.447666883468628,3.447666883468628,1,0.0,0.0,0.0,0.0,0.0,0.0,0.0,0.0,0.0,0.0,1.0,0.0,0.0,True,Qwen/Qwen3-Coder-30B-A3B-Instruct-FP8,None
2097@y_name@DESC,Bar,Hard,3.447666883468628,3.447666883468628,1,0.0,0.0,0.0,0.0,0.0,0.0,0.0,0.0,0.0,0.0,1.0,0.0,0.0,True,Qwen/Qwen3-Coder-30B-A3B-Instruct-FP8,None
2097@y_name@DESC,Bar,Hard,3.447666883468628,3.447666883468628,1,0.0,0.0,0.0,0.0,0.0,0.0,0.0,0.0,0.0,0.0,1.0,0.0,0.0,True,Qwen/Qwen3-Coder-30B-A3B-Instruct-FP8,None
2102@y_name@DESC,Bar,Hard,15.260141134262085,15.260141134262085,1,1.0,0.0,0.0,0.0,0.0,0.0,0.0,0.0,1.0,0.0,0.0,,0.0,True,Qwen/Qwen3-Coder-30B-A3B-Instruct-FP8,None
2102@y_name@DESC,Bar,Hard,15.260141134262085,15.260141134262085,1,1.0,0.0,0.0,0.0,0.0,0.0,0.0,0.0,1.0,0.0,0.0,,0.0,True,Qwen/Qwen3-Coder-30B-A3B-Instruct-FP8,None
2102@y_name@DESC,Bar,Hard,15.260141134262085,15.260141134262085,1,1.0,0.0,0.0,0.0,0.0,0.0,0.0,0.0,1.0,0.0,0.0,,0.0,True,Qwen/Qwen3-Coder-30B-A3B-Instruct-FP8,None
2109@y_name@ASC,Bar,Medium,2.4350611368815103,7.305183410644531,3,0.0,0.0,0.0,0.0,0.0,1.0,0.0,0.0,0.0,1.0,0.0,,0.0,False,Qwen/Qwen3-Coder-30B-A3B-Instruct-FP8,None
2109@y_name@ASC,Bar,Medium,2.4350611368815103,7.305183410644531,3,0.0,0.0,0.0,0.0,0.0,1.0,0.0,0.0,0.0,1.0,0.0,,0.0,False,Qwen/Qwen3-Coder-30B-A3B-Instruct-FP8,None
2109@y_name@ASC,Bar,Medium,2.4350611368815103,7.305183410644531,3,0.0,0.0,0.0,0.0,0.0,1.0,0.0,0.0,0.0,1.0,0.0,,0.0,False,Qwen/Qwen3-Coder-30B-A3B-Instruct-FP8,None
907@x_name@ASC,Bar,Medium,2.1789956092834473,4.3579912185668945,2,0.0,0.0,0.0,0.0,0.0,0.0,0.0,0.0,0.0,0.0,1.0,0.0,0.0,False,Qwen/Qwen3-Coder-30B-A3B-Instruct-FP8,None
907@x_name@ASC,Bar,Medium,2.1789956092834473,4.3579912185668945,2,0.0,0.0,0.0,0.0,0.0,0.0,0.0,0.0,0.0,0.0,1.0,0.0,0.0,False,Qwen/Qwen3-Coder-30B-A3B-Instruct-FP8,None
907@x_name@ASC,Bar,Medium,2.1789956092834473,4.3579912185668945,2,0.0,0.0,0.0,0.0,0.0,0.0,0.0,0.0,0.0,0.0,1.0,0.0,0.0,False,Qwen/Qwen3-Coder-30B-A3B-Instruct-FP8,None
3288@x_name@DESC,Bar,Medium,2.750308871269226,5.500617742538452,2,0.0,0.0,0.0,0.0,0.0,1.0,0.0,0.0,0.0,1.0,0.0,,0.0,False,Qwen/Qwen3-Coder-30B-A3B-Instruct-FP8,None
3288@x_name@DESC,Bar,Medium,2.750308871269226,5.500617742538452,2,0.0,0.0,0.0,0.0,0.0,1.0,0.0,0.0,0.0,1.0,0.0,,0.0,False,Qwen/Qwen3-Coder-30B-A3B-Instruct-FP8,None
3288@x_name@DESC,Bar,Medium,2.750308871269226,5.500617742538452,2,0.0,0.0,0.0,0.0,0.0,1.0,0.0,0.0,0.0,1.0,0.0,,0.0,False,Qwen/Qwen3-Coder-30B-A3B-Instruct-FP8,None
3290@y_name@ASC,Bar,Medium,2.4886387983957925,7.465916395187378,3,0.0,0.0,0.0,0.0,0.0,1.0,0.0,0.0,0.0,1.0,0.0,,0.0,False,Qwen/Qwen3-Coder-30B-A3B-Instruct-FP8,None
3290@y_name@ASC,Bar,Medium,2.4886387983957925,7.465916395187378,3,0.0,0.0,0.0,0.0,0.0,1.0,0.0,0.0,0.0,1.0,0.0,,0.0,False,Qwen/Qwen3-Coder-30B-A3B-Instruct-FP8,None
3290@y_name@ASC,Bar,Medium,2.4886387983957925,7.465916395187378,3,0.0,0.0,0.0,0.0,0.0,1.0,0.0,0.0,0.0,1.0,0.0,,0.0,False,Qwen/Qwen3-Coder-30B-A3B-Instruct-FP8,None
443@x_name@ASC,Bar,Medium,1.9847966432571411,3.9695932865142822,2,0.0,0.0,0.0,0.0,0.0,0.5,0.0,0.0,0.0,0.5,0.5,0.0,0.0,False,Qwen/Qwen3-Coder-30B-A3B-Instruct-FP8,None
443@x_name@ASC,Bar,Medium,1.9847966432571411,3.9695932865142822,2,0.0,0.0,0.0,0.0,0.0,0.5,0.0,0.0,0.0,0.5,0.5,0.0,0.0,False,Qwen/Qwen3-Coder-30B-A3B-Instruct-FP8,None
443@x_name@ASC,Bar,Medium,1.9847966432571411,3.9695932865142822,2,0.0,0.0,0.0,0.0,0.0,0.5,0.0,0.0,0.0,0.5,0.5,0.0,0.0,False,Qwen/Qwen3-Coder-30B-A3B-Instruct-FP8,None
445@x_name@ASC,Bar,Medium,2.34704327583313,2.34704327583313,1,0.0,0.0,0.0,0.0,0.0,0.0,0.0,0.0,0.0,0.0,1.0,0.0,0.0,False,Qwen/Qwen3-Coder-30B-A3B-Instruct-FP8,None
445@x_name@ASC,Bar,Medium,2.34704327583313,2.34704327583313,1,0.0,0.0,0.0,0.0,0.0,0.0,0.0,0.0,0.0,0.0,1.0,0.0,0.0,False,Qwen/Qwen3-Coder-30B-A3B-Instruct-FP8,None
445@x_name@ASC,Bar,Medium,2.34704327583313,2.34704327583313,1,0.0,0.0,0.0,0.0,0.0,0.0,0.0,0.0,0.0,0.0,1.0,0.0,0.0,False,Qwen/Qwen3-Coder-30B-A3B-Instruct-FP8,None
447@x_name@ASC,Bar,Medium,3.696184754371643,14.784739017486572,4,0.0,0.0,0.0,0.0,0.0,0.0,0.0,0.0,0.0,0.0,1.0,0.0,0.0,True,Qwen/Qwen3-Coder-30B-A3B-Instruct-FP8,None
447@x_name@ASC,Bar,Medium,3.696184754371643,14.784739017486572,4,0.0,0.0,0.0,0.0,0.0,0.0,0.0,0.0,0.0,0.0,1.0,0.0,0.0,True,Qwen/Qwen3-Coder-30B-A3B-Instruct-FP8,None
447@x_name@ASC,Bar,Medium,3.696184754371643,14.784739017486572,4,0.0,0.0,0.0,0.0,0.0,0.0,0.0,0.0,0.0,0.0,1.0,0.0,0.0,True,Qwen/Qwen3-Coder-30B-A3B-Instruct-FP8,None
453@y_name@ASC,Bar,Hard,3.6787164211273193,3.6787164211273193,1,0.0,0.0,0.0,0.0,0.0,0.0,0.0,0.0,0.0,0.0,1.0,0.0,0.0,True,Qwen/Qwen3-Coder-30B-A3B-Instruct-FP8,None
453@y_name@ASC,Bar,Hard,3.6787164211273193,3.6787164211273193,1,0.0,0.0,0.0,0.0,0.0,0.0,0.0,0.0,0.0,0.0,1.0,0.0,0.0,True,Qwen/Qwen3-Coder-30B-A3B-Instruct-FP8,None
453@y_name@ASC,Bar,Hard,3.6787164211273193,3.6787164211273193,1,0.0,0.0,0.0,0.0,0.0,0.0,0.0,0.0,0.0,0.0,1.0,0.0,0.0,True,Qwen/Qwen3-Coder-30B-A3B-Instruct-FP8,None
455@y_name@ASC,Bar,Hard,3.730168581008911,3.730168581008911,1,0.0,0.0,0.0,0.0,0.0,0.0,0.0,0.0,0.0,0.0,1.0,0.0,0.0,True,Qwen/Qwen3-Coder-30B-A3B-Instruct-FP8,None
455@y_name@ASC,Bar,Hard,3.730168581008911,3.730168581008911,1,0.0,0.0,0.0,0.0,0.0,0.0,0.0,0.0,0.0,0.0,1.0,0.0,0.0,True,Qwen/Qwen3-Coder-30B-A3B-Instruct-FP8,None
455@y_name@ASC,Bar,Hard,3.730168581008911,3.730168581008911,1,0.0,0.0,0.0,0.0,0.0,0.0,0.0,0.0,0.0,0.0,1.0,0.0,0.0,True,Qwen/Qwen3-Coder-30B-A3B-Instruct-FP8,None
458@x_name@DESC,Bar,Hard,3.819918394088745,3.819918394088745,1,0.0,0.0,0.0,0.0,0.0,0.0,0.0,0.0,0.0,0.0,1.0,0.0,0.0,True,Qwen/Qwen3-Coder-30B-A3B-Instruct-FP8,None
458@x_name@DESC,Bar,Hard,3.819918394088745,3.819918394088745,1,0.0,0.0,0.0,0.0,0.0,0.0,0.0,0.0,0.0,0.0,1.0,0.0,0.0,True,Qwen/Qwen3-Coder-30B-A3B-Instruct-FP8,None
458@x_name@DESC,Bar,Hard,3.819918394088745,3.819918394088745,1,0.0,0.0,0.0,0.0,0.0,0.0,0.0,0.0,0.0,0.0,1.0,0.0,0.0,True,Qwen/Qwen3-Coder-30B-A3B-Instruct-FP8,None
459@x_name@DESC,Bar,Hard,2.65851092338562,2.65851092338562,1,0.0,0.0,0.0,0.0,0.0,0.0,0.0,0.0,0.0,0.0,1.0,0.0,0.0,True,Qwen/Qwen3-Coder-30B-A3B-Instruct-FP8,None
459@x_name@DESC,Bar,Hard,2.65851092338562,2.65851092338562,1,0.0,0.0,0.0,0.0,0.0,0.0,0.0,0.0,0.0,0.0,1.0,0.0,0.0,True,Qwen/Qwen3-Coder-30B-A3B-Instruct-FP8,None
459@x_name@DESC,Bar,Hard,2.65851092338562,2.65851092338562,1,0.0,0.0,0.0,0.0,0.0,0.0,0.0,0.0,0.0,0.0,1.0,0.0,0.0,True,Qwen/Qwen3-Coder-30B-A3B-Instruct-FP8,None
465@y_name@ASC,Bar,Medium,2.327292323112488,4.654584646224976,2,0.0,0.0,0.0,0.0,0.0,1.0,0.0,0.0,0.0,1.0,0.0,,0.0,False,Qwen/Qwen3-Coder-30B-A3B-Instruct-FP8,None
465@y_name@ASC,Bar,Medium,2.327292323112488,4.654584646224976,2,0.0,0.0,0.0,0.0,0.0,1.0,0.0,0.0,0.0,1.0,0.0,,0.0,False,Qwen/Qwen3-Coder-30B-A3B-Instruct-FP8,None
465@y_name@ASC,Bar,Medium,2.327292323112488,4.654584646224976,2,0.0,0.0,0.0,0.0,0.0,1.0,0.0,0.0,0.0,1.0,0.0,,0.0,False,Qwen/Qwen3-Coder-30B-A3B-Instruct-FP8,None
468@y_name@DESC,Bar,Medium,2.6054431200027466,5.210886240005493,2,0.0,0.0,0.0,0.0,0.0,1.0,0.0,0.0,0.0,1.0,0.0,,0.0,False,Qwen/Qwen3-Coder-30B-A3B-Instruct-FP8,None
468@y_name@DESC,Bar,Medium,2.6054431200027466,5.210886240005493,2,0.0,0.0,0.0,0.0,0.0,1.0,0.0,0.0,0.0,1.0,0.0,,0.0,False,Qwen/Qwen3-Coder-30B-A3B-Instruct-FP8,None
468@y_name@DESC,Bar,Medium,2.6054431200027466,5.210886240005493,2,0.0,0.0,0.0,0.0,0.0,1.0,0.0,0.0,0.0,1.0,0.0,,0.0,False,Qwen/Qwen3-Coder-30B-A3B-Instruct-FP8,None
469@y_name@DESC,Bar,Medium,3.608708381652832,3.608708381652832,1,0.0,0.0,0.0,0.0,0.0,1.0,0.0,0.0,0.0,1.0,0.0,,0.0,False,Qwen/Qwen3-Coder-30B-A3B-Instruct-FP8,None
469@y_name@DESC,Bar,Medium,3.608708381652832,3.608708381652832,1,0.0,0.0,0.0,0.0,0.0,1.0,0.0,0.0,0.0,1.0,0.0,,0.0,False,Qwen/Qwen3-Coder-30B-A3B-Instruct-FP8,None
469@y_name@DESC,Bar,Medium,3.608708381652832,3.608708381652832,1,0.0,0.0,0.0,0.0,0.0,1.0,0.0,0.0,0.0,1.0,0.0,,0.0,False,Qwen/Qwen3-Coder-30B-A3B-Instruct-FP8,None
474@x_name@DESC,Bar,Easy,2.3652515411376953,2.3652515411376953,1,0.0,0.0,0.0,0.0,0.0,0.0,0.0,0.0,0.0,0.0,1.0,0.0,0.0,False,Qwen/Qwen3-Coder-30B-A3B-Instruct-FP8,None
474@x_name@DESC,Bar,Easy,2.3652515411376953,2.3652515411376953,1,0.0,0.0,0.0,0.0,0.0,0.0,0.0,0.0,0.0,0.0,1.0,0.0,0.0,False,Qwen/Qwen3-Coder-30B-A3B-Instruct-FP8,None
474@x_name@DESC,Bar,Easy,2.3652515411376953,2.3652515411376953,1,0.0,0.0,0.0,0.0,0.0,0.0,0.0,0.0,0.0,0.0,1.0,0.0,0.0,False,Qwen/Qwen3-Coder-30B-A3B-Instruct-FP8,None
1437@x_name@DESC,Bar,Extra Hard,4.013851642608643,4.013851642608643,1,0.0,0.0,0.0,0.0,0.0,1.0,0.0,0.0,0.0,1.0,0.0,,0.0,True,Qwen/Qwen3-Coder-30B-A3B-Instruct-FP8,None
1437@x_name@DESC,Bar,Extra Hard,4.013851642608643,4.013851642608643,1,0.0,0.0,0.0,0.0,0.0,1.0,0.0,0.0,0.0,1.0,0.0,,0.0,True,Qwen/Qwen3-Coder-30B-A3B-Instruct-FP8,None
1437@x_name@DESC,Bar,Extra Hard,4.013851642608643,4.013851642608643,1,0.0,0.0,0.0,0.0,0.0,1.0,0.0,0.0,0.0,1.0,0.0,,0.0,True,Qwen/Qwen3-Coder-30B-A3B-Instruct-FP8,None
1448@x_name@ASC,Line,Extra Hard,6.218490958213806,24.873963832855225,4,0.0,0.0,0.0,0.0,0.25,0.0,0.0,0.0,0.0,0.25,0.75,0.0,0.0,True,Qwen/Qwen3-Coder-30B-A3B-Instruct-FP8,None
1448@x_name@ASC,Line,Extra Hard,6.218490958213806,24.873963832855225,4,0.0,0.0,0.0,0.0,0.25,0.0,0.0,0.0,0.0,0.25,0.75,0.0,0.0,True,Qwen/Qwen3-Coder-30B-A3B-Instruct-FP8,None
1448@x_name@ASC,Line,Extra Hard,6.218490958213806,24.873963832855225,4,0.0,0.0,0.0,0.0,0.25,0.0,0.0,0.0,0.0,0.25,0.75,0.0,0.0,True,Qwen/Qwen3-Coder-30B-A3B-Instruct-FP8,None
3220@x_name@ASC,Bar,Medium,2.4711984395980835,4.942396879196167,2,0.0,0.0,0.0,0.0,0.0,0.5,0.0,0.0,0.0,0.5,0.5,0.0,0.0,False,Qwen/Qwen3-Coder-30B-A3B-Instruct-FP8,None
3220@x_name@ASC,Bar,Medium,2.4711984395980835,4.942396879196167,2,0.0,0.0,0.0,0.0,0.0,0.5,0.0,0.0,0.0,0.5,0.5,0.0,0.0,False,Qwen/Qwen3-Coder-30B-A3B-Instruct-FP8,None
3220@x_name@ASC,Bar,Medium,2.4711984395980835,4.942396879196167,2,0.0,0.0,0.0,0.0,0.0,0.5,0.0,0.0,0.0,0.5,0.5,0.0,0.0,False,Qwen/Qwen3-Coder-30B-A3B-Instruct-FP8,None
3224@x_name@DESC,Bar,Medium,1.7865060567855835,3.573012113571167,2,0.0,0.0,0.0,0.0,1.0,0.0,0.0,0.0,0.0,1.0,0.0,,0.0,False,Qwen/Qwen3-Coder-30B-A3B-Instruct-FP8,None
3224@x_name@DESC,Bar,Medium,1.7865060567855835,3.573012113571167,2,0.0,0.0,0.0,0.0,1.0,0.0,0.0,0.0,0.0,1.0,0.0,,0.0,False,Qwen/Qwen3-Coder-30B-A3B-Instruct-FP8,None
3224@x_name@DESC,Bar,Medium,1.7865060567855835,3.573012113571167,2,0.0,0.0,0.0,0.0,1.0,0.0,0.0,0.0,0.0,1.0,0.0,,0.0,False,Qwen/Qwen3-Coder-30B-A3B-Instruct-FP8,None
3226@y_name@DESC,Bar,Extra Hard,4.1462423006693525,12.438726902008057,3,0.0,0.0,0.0,0.0,0.6666666666666666,0.0,0.0,0.0,0.0,0.6666666666666666,0.3333333333333333,0.0,0.0,True,Qwen/Qwen3-Coder-30B-A3B-Instruct-FP8,None
3226@y_name@DESC,Bar,Extra Hard,4.1462423006693525,12.438726902008057,3,0.0,0.0,0.0,0.0,0.6666666666666666,0.0,0.0,0.0,0.0,0.6666666666666666,0.3333333333333333,0.0,0.0,True,Qwen/Qwen3-Coder-30B-A3B-Instruct-FP8,None
3226@y_name@DESC,Bar,Extra Hard,4.1462423006693525,12.438726902008057,3,0.0,0.0,0.0,0.0,0.6666666666666666,0.0,0.0,0.0,0.0,0.6666666666666666,0.3333333333333333,0.0,0.0,True,Qwen/Qwen3-Coder-30B-A3B-Instruct-FP8,None
3236@x_name@ASC,Bar,Hard,2.7151780128479004,2.7151780128479004,1,0.0,0.0,0.0,0.0,0.0,1.0,0.0,0.0,0.0,1.0,0.0,,0.0,False,Qwen/Qwen3-Coder-30B-A3B-Instruct-FP8,None
3236@x_name@ASC,Bar,Hard,2.7151780128479004,2.7151780128479004,1,0.0,0.0,0.0,0.0,0.0,1.0,0.0,0.0,0.0,1.0,0.0,,0.0,False,Qwen/Qwen3-Coder-30B-A3B-Instruct-FP8,None
3236@x_name@ASC,Bar,Hard,2.7151780128479004,2.7151780128479004,1,0.0,0.0,0.0,0.0,0.0,1.0,0.0,0.0,0.0,1.0,0.0,,0.0,False,Qwen/Qwen3-Coder-30B-A3B-Instruct-FP8,None
3238@y_name@ASC,Bar,Medium,2.453456926345825,12.267284631729126,5,0.0,0.0,0.0,0.0,0.0,0.0,0.0,0.0,0.0,0.0,1.0,0.0,0.0,False,Qwen/Qwen3-Coder-30B-A3B-Instruct-FP8,None
3238@y_name@ASC,Bar,Medium,2.453456926345825,12.267284631729126,5,0.0,0.0,0.0,0.0,0.0,0.0,0.0,0.0,0.0,0.0,1.0,0.0,0.0,False,Qwen/Qwen3-Coder-30B-A3B-Instruct-FP8,None
3238@y_name@ASC,Bar,Medium,2.453456926345825,12.267284631729126,5,0.0,0.0,0.0,0.0,0.0,0.0,0.0,0.0,0.0,0.0,1.0,0.0,0.0,False,Qwen/Qwen3-Coder-30B-A3B-Instruct-FP8,None
3247@x_name@ASC,Line,Easy,2.4708898067474365,4.941779613494873,2,0.0,0.0,0.0,0.0,0.0,0.0,0.0,0.0,0.0,0.0,1.0,0.0,0.0,False,Qwen/Qwen3-Coder-30B-A3B-Instruct-FP8,None
3247@x_name@ASC,Line,Easy,2.4708898067474365,4.941779613494873,2,0.0,0.0,0.0,0.0,0.0,0.0,0.0,0.0,0.0,0.0,1.0,0.0,0.0,False,Qwen/Qwen3-Coder-30B-A3B-Instruct-FP8,None
3247@x_name@ASC,Line,Easy,2.4708898067474365,4.941779613494873,2,0.0,0.0,0.0,0.0,0.0,0.0,0.0,0.0,0.0,0.0,1.0,0.0,0.0,False,Qwen/Qwen3-Coder-30B-A3B-Instruct-FP8,None
3256@x_name@ASC,Line,Easy,2.519975185394287,2.519975185394287,1,0.0,0.0,0.0,0.0,0.0,0.0,0.0,0.0,0.0,0.0,1.0,0.0,0.0,False,Qwen/Qwen3-Coder-30B-A3B-Instruct-FP8,None
3256@x_name@ASC,Line,Easy,2.519975185394287,2.519975185394287,1,0.0,0.0,0.0,0.0,0.0,0.0,0.0,0.0,0.0,0.0,1.0,0.0,0.0,False,Qwen/Qwen3-Coder-30B-A3B-Instruct-FP8,None
3256@x_name@ASC,Line,Easy,2.519975185394287,2.519975185394287,1,0.0,0.0,0.0,0.0,0.0,0.0,0.0,0.0,0.0,0.0,1.0,0.0,0.0,False,Qwen/Qwen3-Coder-30B-A3B-Instruct-FP8,None
1498@y_name@DESC,Bar,Medium,2.356311877568563,7.0689356327056885,3,0.0,0.0,0.0,0.0,0.0,0.0,0.0,0.0,0.0,0.0,1.0,0.0,0.0,False,Qwen/Qwen3-Coder-30B-A3B-Instruct-FP8,None
1498@y_name@DESC,Bar,Medium,2.356311877568563,7.0689356327056885,3,0.0,0.0,0.0,0.0,0.0,0.0,0.0,0.0,0.0,0.0,1.0,0.0,0.0,False,Qwen/Qwen3-Coder-30B-A3B-Instruct-FP8,None
1498@y_name@DESC,Bar,Medium,2.356311877568563,7.0689356327056885,3,0.0,0.0,0.0,0.0,0.0,0.0,0.0,0.0,0.0,0.0,1.0,0.0,0.0,False,Qwen/Qwen3-Coder-30B-A3B-Instruct-FP8,None
1508@x_name@ASC,Bar,Medium,2.6501181920369468,7.95035457611084,3,0.0,0.0,0.0,0.0,0.0,0.0,0.0,0.0,0.0,0.0,1.0,0.0,0.0,False,Qwen/Qwen3-Coder-30B-A3B-Instruct-FP8,None
1508@x_name@ASC,Bar,Medium,2.6501181920369468,7.95035457611084,3,0.0,0.0,0.0,0.0,0.0,0.0,0.0,0.0,0.0,0.0,1.0,0.0,0.0,False,Qwen/Qwen3-Coder-30B-A3B-Instruct-FP8,None
1508@x_name@ASC,Bar,Medium,2.6501181920369468,7.95035457611084,3,0.0,0.0,0.0,0.0,0.0,0.0,0.0,0.0,0.0,0.0,1.0,0.0,0.0,False,Qwen/Qwen3-Coder-30B-A3B-Instruct-FP8,None
1510@y_name@ASC,Bar,Hard,2.884294629096985,5.76858925819397,2,0.0,0.0,0.0,0.0,1.0,0.0,0.0,0.0,0.0,1.0,0.0,,0.0,False,Qwen/Qwen3-Coder-30B-A3B-Instruct-FP8,None
1510@y_name@ASC,Bar,Hard,2.884294629096985,5.76858925819397,2,0.0,0.0,0.0,0.0,1.0,0.0,0.0,0.0,0.0,1.0,0.0,,0.0,False,Qwen/Qwen3-Coder-30B-A3B-Instruct-FP8,None
1510@y_name@ASC,Bar,Hard,2.884294629096985,5.76858925819397,2,0.0,0.0,0.0,0.0,1.0,0.0,0.0,0.0,0.0,1.0,0.0,,0.0,False,Qwen/Qwen3-Coder-30B-A3B-Instruct-FP8,None
1511@x_name@ASC,Bar,Medium,2.5991772413253784,5.198354482650757,2,0.0,0.0,0.0,0.0,0.0,1.0,0.0,0.0,0.0,1.0,0.0,,0.0,False,Qwen/Qwen3-Coder-30B-A3B-Instruct-FP8,None
1511@x_name@ASC,Bar,Medium,2.5991772413253784,5.198354482650757,2,0.0,0.0,0.0,0.0,0.0,1.0,0.0,0.0,0.0,1.0,0.0,,0.0,False,Qwen/Qwen3-Coder-30B-A3B-Instruct-FP8,None
1511@x_name@ASC,Bar,Medium,2.5991772413253784,5.198354482650757,2,0.0,0.0,0.0,0.0,0.0,1.0,0.0,0.0,0.0,1.0,0.0,,0.0,False,Qwen/Qwen3-Coder-30B-A3B-Instruct-FP8,None
1516@x_name@DESC,Bar,Hard,3.735470175743103,7.470940351486206,2,0.0,0.0,0.0,0.0,0.0,0.5,0.0,0.0,0.0,0.5,0.5,0.0,0.0,True,Qwen/Qwen3-Coder-30B-A3B-Instruct-FP8,None
1516@x_name@DESC,Bar,Hard,3.735470175743103,7.470940351486206,2,0.0,0.0,0.0,0.0,0.0,0.5,0.0,0.0,0.0,0.5,0.5,0.0,0.0,True,Qwen/Qwen3-Coder-30B-A3B-Instruct-FP8,None
1516@x_name@DESC,Bar,Hard,3.735470175743103,7.470940351486206,2,0.0,0.0,0.0,0.0,0.0,0.5,0.0,0.0,0.0,0.5,0.5,0.0,0.0,True,Qwen/Qwen3-Coder-30B-A3B-Instruct-FP8,None
1518@x_name@ASC,Bar,Medium,2.2780234813690186,4.556046962738037,2,0.0,0.0,0.0,0.0,0.0,1.0,0.0,0.0,0.0,1.0,0.0,,0.0,False,Qwen/Qwen3-Coder-30B-A3B-Instruct-FP8,None
1518@x_name@ASC,Bar,Medium,2.2780234813690186,4.556046962738037,2,0.0,0.0,0.0,0.0,0.0,1.0,0.0,0.0,0.0,1.0,0.0,,0.0,False,Qwen/Qwen3-Coder-30B-A3B-Instruct-FP8,None
1518@x_name@ASC,Bar,Medium,2.2780234813690186,4.556046962738037,2,0.0,0.0,0.0,0.0,0.0,1.0,0.0,0.0,0.0,1.0,0.0,,0.0,False,Qwen/Qwen3-Coder-30B-A3B-Instruct-FP8,None
2459@y_name@DESC,Bar,Medium,2.039138396581014,12.234830379486084,6,0.0,0.0,0.0,0.0,0.16666666666666666,0.16666666666666666,0.0,0.0,0.0,0.3333333333333333,0.6666666666666666,0.0,0.0,False,Qwen/Qwen3-Coder-30B-A3B-Instruct-FP8,None
2459@y_name@DESC,Bar,Medium,2.039138396581014,12.234830379486084,6,0.0,0.0,0.0,0.0,0.16666666666666666,0.16666666666666666,0.0,0.0,0.0,0.3333333333333333,0.6666666666666666,0.0,0.0,False,Qwen/Qwen3-Coder-30B-A3B-Instruct-FP8,None
2459@y_name@DESC,Bar,Medium,2.039138396581014,12.234830379486084,6,0.0,0.0,0.0,0.0,0.16666666666666666,0.16666666666666666,0.0,0.0,0.0,0.3333333333333333,0.6666666666666666,0.0,0.0,False,Qwen/Qwen3-Coder-30B-A3B-Instruct-FP8,None
2461@y_name@DESC,Bar,Hard,2.4375913619995115,12.187956809997559,5,0.0,0.0,0.0,0.0,0.0,0.0,0.0,0.0,0.0,0.0,1.0,0.0,0.0,False,Qwen/Qwen3-Coder-30B-A3B-Instruct-FP8,None
2461@y_name@DESC,Bar,Hard,2.4375913619995115,12.187956809997559,5,0.0,0.0,0.0,0.0,0.0,0.0,0.0,0.0,0.0,0.0,1.0,0.0,0.0,False,Qwen/Qwen3-Coder-30B-A3B-Instruct-FP8,None
2461@y_name@DESC,Bar,Hard,2.4375913619995115,12.187956809997559,5,0.0,0.0,0.0,0.0,0.0,0.0,0.0,0.0,0.0,0.0,1.0,0.0,0.0,False,Qwen/Qwen3-Coder-30B-A3B-Instruct-FP8,None
2465@x_name@DESC,Bar,Hard,2.5124013423919678,5.0248026847839355,2,0.0,0.0,0.0,0.0,0.0,1.0,0.0,0.0,0.0,1.0,0.0,,0.0,False,Qwen/Qwen3-Coder-30B-A3B-Instruct-FP8,None
2465@x_name@DESC,Bar,Hard,2.5124013423919678,5.0248026847839355,2,0.0,0.0,0.0,0.0,0.0,1.0,0.0,0.0,0.0,1.0,0.0,,0.0,False,Qwen/Qwen3-Coder-30B-A3B-Instruct-FP8,None
2465@x_name@DESC,Bar,Hard,2.5124013423919678,5.0248026847839355,2,0.0,0.0,0.0,0.0,0.0,1.0,0.0,0.0,0.0,1.0,0.0,,0.0,False,Qwen/Qwen3-Coder-30B-A3B-Instruct-FP8,None
2317@x_name@ASC,Bar,Medium,2.825498342514038,2.825498342514038,1,0.0,0.0,0.0,0.0,1.0,0.0,0.0,0.0,0.0,1.0,0.0,,0.0,False,Qwen/Qwen3-Coder-30B-A3B-Instruct-FP8,None
2317@x_name@ASC,Bar,Medium,2.825498342514038,2.825498342514038,1,0.0,0.0,0.0,0.0,1.0,0.0,0.0,0.0,0.0,1.0,0.0,,0.0,False,Qwen/Qwen3-Coder-30B-A3B-Instruct-FP8,None
2317@x_name@ASC,Bar,Medium,2.825498342514038,2.825498342514038,1,0.0,0.0,0.0,0.0,1.0,0.0,0.0,0.0,0.0,1.0,0.0,,0.0,False,Qwen/Qwen3-Coder-30B-A3B-Instruct-FP8,None
2321@y_name@ASC,Bar,Medium,2.1149635314941406,12.689781188964844,6,0.0,0.0,0.0,0.0,0.0,0.0,0.0,0.0,0.0,0.0,1.0,0.0,0.0,False,Qwen/Qwen3-Coder-30B-A3B-Instruct-FP8,None
2321@y_name@ASC,Bar,Medium,2.1149635314941406,12.689781188964844,6,0.0,0.0,0.0,0.0,0.0,0.0,0.0,0.0,0.0,0.0,1.0,0.0,0.0,False,Qwen/Qwen3-Coder-30B-A3B-Instruct-FP8,None
2321@y_name@ASC,Bar,Medium,2.1149635314941406,12.689781188964844,6,0.0,0.0,0.0,0.0,0.0,0.0,0.0,0.0,0.0,0.0,1.0,0.0,0.0,False,Qwen/Qwen3-Coder-30B-A3B-Instruct-FP8,None
2565@y_name@ASC,Bar,Extra Hard,4.305553197860718,4.305553197860718,1,0.0,0.0,0.0,0.0,0.0,0.0,0.0,0.0,0.0,0.0,1.0,0.0,0.0,True,Qwen/Qwen3-Coder-30B-A3B-Instruct-FP8,None
2565@y_name@ASC,Bar,Extra Hard,4.305553197860718,4.305553197860718,1,0.0,0.0,0.0,0.0,0.0,0.0,0.0,0.0,0.0,0.0,1.0,0.0,0.0,True,Qwen/Qwen3-Coder-30B-A3B-Instruct-FP8,None
2565@y_name@ASC,Bar,Extra Hard,4.305553197860718,4.305553197860718,1,0.0,0.0,0.0,0.0,0.0,0.0,0.0,0.0,0.0,0.0,1.0,0.0,0.0,True,Qwen/Qwen3-Coder-30B-A3B-Instruct-FP8,None
2566@y_name@DESC,Bar,Extra Hard,4.649794578552246,4.649794578552246,1,0.0,0.0,0.0,0.0,0.0,0.0,0.0,0.0,0.0,0.0,1.0,0.0,0.0,True,Qwen/Qwen3-Coder-30B-A3B-Instruct-FP8,None
2566@y_name@DESC,Bar,Extra Hard,4.649794578552246,4.649794578552246,1,0.0,0.0,0.0,0.0,0.0,0.0,0.0,0.0,0.0,0.0,1.0,0.0,0.0,True,Qwen/Qwen3-Coder-30B-A3B-Instruct-FP8,None
2566@y_name@DESC,Bar,Extra Hard,4.649794578552246,4.649794578552246,1,0.0,0.0,0.0,0.0,0.0,0.0,0.0,0.0,0.0,0.0,1.0,0.0,0.0,True,Qwen/Qwen3-Coder-30B-A3B-Instruct-FP8,None
2551@y_name@ASC,Bar,Medium,2.493910471598307,7.481731414794922,3,0.0,0.0,0.0,0.0,0.0,0.0,0.0,0.0,0.0,0.0,1.0,0.0,0.0,False,Qwen/Qwen3-Coder-30B-A3B-Instruct-FP8,None
2551@y_name@ASC,Bar,Medium,2.493910471598307,7.481731414794922,3,0.0,0.0,0.0,0.0,0.0,0.0,0.0,0.0,0.0,0.0,1.0,0.0,0.0,False,Qwen/Qwen3-Coder-30B-A3B-Instruct-FP8,None
2551@y_name@ASC,Bar,Medium,2.493910471598307,7.481731414794922,3,0.0,0.0,0.0,0.0,0.0,0.0,0.0,0.0,0.0,0.0,1.0,0.0,0.0,False,Qwen/Qwen3-Coder-30B-A3B-Instruct-FP8,None
2558@x_name@ASC,Bar,Easy,1.9865585565567017,3.9731171131134033,2,0.0,0.0,0.0,0.0,0.0,0.0,0.0,0.0,0.0,0.0,1.0,0.0,0.0,False,Qwen/Qwen3-Coder-30B-A3B-Instruct-FP8,None
2558@x_name@ASC,Bar,Easy,1.9865585565567017,3.9731171131134033,2,0.0,0.0,0.0,0.0,0.0,0.0,0.0,0.0,0.0,0.0,1.0,0.0,0.0,False,Qwen/Qwen3-Coder-30B-A3B-Instruct-FP8,None
2558@x_name@ASC,Bar,Easy,1.9865585565567017,3.9731171131134033,2,0.0,0.0,0.0,0.0,0.0,0.0,0.0,0.0,0.0,0.0,1.0,0.0,0.0,False,Qwen/Qwen3-Coder-30B-A3B-Instruct-FP8,None
2560@y_name@DESC,Bar,Medium,2.063258647918701,6.1897759437561035,3,0.0,0.0,0.0,0.0,0.0,0.0,0.0,0.0,0.0,0.0,1.0,0.0,0.0,False,Qwen/Qwen3-Coder-30B-A3B-Instruct-FP8,None
2560@y_name@DESC,Bar,Medium,2.063258647918701,6.1897759437561035,3,0.0,0.0,0.0,0.0,0.0,0.0,0.0,0.0,0.0,0.0,1.0,0.0,0.0,False,Qwen/Qwen3-Coder-30B-A3B-Instruct-FP8,None
2560@y_name@DESC,Bar,Medium,2.063258647918701,6.1897759437561035,3,0.0,0.0,0.0,0.0,0.0,0.0,0.0,0.0,0.0,0.0,1.0,0.0,0.0,False,Qwen/Qwen3-Coder-30B-A3B-Instruct-FP8,None
2959@y_name@ASC,Bar,Hard,3.2251835465431213,12.900734186172485,4,0.0,0.0,0.0,0.0,0.0,0.0,0.0,0.0,0.0,0.0,1.0,0.0,0.0,True,Qwen/Qwen3-Coder-30B-A3B-Instruct-FP8,None
2959@y_name@ASC,Bar,Hard,3.2251835465431213,12.900734186172485,4,0.0,0.0,0.0,0.0,0.0,0.0,0.0,0.0,0.0,0.0,1.0,0.0,0.0,True,Qwen/Qwen3-Coder-30B-A3B-Instruct-FP8,None
2959@y_name@ASC,Bar,Hard,3.2251835465431213,12.900734186172485,4,0.0,0.0,0.0,0.0,0.0,0.0,0.0,0.0,0.0,0.0,1.0,0.0,0.0,True,Qwen/Qwen3-Coder-30B-A3B-Instruct-FP8,None
2509@x_name@ASC,Bar,Hard,3.6138882637023926,3.6138882637023926,1,0.0,0.0,0.0,0.0,0.0,0.0,0.0,0.0,0.0,0.0,1.0,0.0,0.0,True,Qwen/Qwen3-Coder-30B-A3B-Instruct-FP8,None
2509@x_name@ASC,Bar,Hard,3.6138882637023926,3.6138882637023926,1,0.0,0.0,0.0,0.0,0.0,0.0,0.0,0.0,0.0,0.0,1.0,0.0,0.0,True,Qwen/Qwen3-Coder-30B-A3B-Instruct-FP8,None
2509@x_name@ASC,Bar,Hard,3.6138882637023926,3.6138882637023926,1,0.0,0.0,0.0,0.0,0.0,0.0,0.0,0.0,0.0,0.0,1.0,0.0,0.0,True,Qwen/Qwen3-Coder-30B-A3B-Instruct-FP8,None
2513@x_name@ASC,Bar,Hard,3.476229667663574,3.476229667663574,1,0.0,0.0,0.0,0.0,0.0,0.0,0.0,0.0,0.0,0.0,1.0,0.0,0.0,True,Qwen/Qwen3-Coder-30B-A3B-Instruct-FP8,None
2513@x_name@ASC,Bar,Hard,3.476229667663574,3.476229667663574,1,0.0,0.0,0.0,0.0,0.0,0.0,0.0,0.0,0.0,0.0,1.0,0.0,0.0,True,Qwen/Qwen3-Coder-30B-A3B-Instruct-FP8,None
2513@x_name@ASC,Bar,Hard,3.476229667663574,3.476229667663574,1,0.0,0.0,0.0,0.0,0.0,0.0,0.0,0.0,0.0,0.0,1.0,0.0,0.0,True,Qwen/Qwen3-Coder-30B-A3B-Instruct-FP8,None
2517@y_name@ASC,Bar,Hard,2.6786131858825684,5.357226371765137,2,0.0,0.0,0.0,0.0,0.0,0.0,0.0,0.0,0.0,0.0,1.0,0.0,0.0,False,Qwen/Qwen3-Coder-30B-A3B-Instruct-FP8,None
2517@y_name@ASC,Bar,Hard,2.6786131858825684,5.357226371765137,2,0.0,0.0,0.0,0.0,0.0,0.0,0.0,0.0,0.0,0.0,1.0,0.0,0.0,False,Qwen/Qwen3-Coder-30B-A3B-Instruct-FP8,None
2517@y_name@ASC,Bar,Hard,2.6786131858825684,5.357226371765137,2,0.0,0.0,0.0,0.0,0.0,0.0,0.0,0.0,0.0,0.0,1.0,0.0,0.0,False,Qwen/Qwen3-Coder-30B-A3B-Instruct-FP8,None
1551@y_name@ASC,Bar,Extra Hard,7.4387514114379885,37.19375705718994,5,0.2,0.0,0.0,0.0,0.8,0.0,0.0,0.0,0.2,0.8,0.0,,0.0,False,Qwen/Qwen3-Coder-30B-A3B-Instruct-FP8,None
1551@y_name@ASC,Bar,Extra Hard,7.4387514114379885,37.19375705718994,5,0.2,0.0,0.0,0.0,0.8,0.0,0.0,0.0,0.2,0.8,0.0,,0.0,False,Qwen/Qwen3-Coder-30B-A3B-Instruct-FP8,None
1551@y_name@ASC,Bar,Extra Hard,7.4387514114379885,37.19375705718994,5,0.2,0.0,0.0,0.0,0.8,0.0,0.0,0.0,0.2,0.8,0.0,,0.0,False,Qwen/Qwen3-Coder-30B-A3B-Instruct-FP8,None
1622@y_name@ASC,Bar,Hard,3.906078577041626,3.906078577041626,1,0.0,0.0,0.0,1.0,1.0,0.0,0.0,0.0,0.0,1.0,0.0,,0.0,False,Qwen/Qwen3-Coder-30B-A3B-Instruct-FP8,None
1622@y_name@ASC,Bar,Hard,3.906078577041626,3.906078577041626,1,0.0,0.0,0.0,1.0,1.0,0.0,0.0,0.0,0.0,1.0,0.0,,0.0,False,Qwen/Qwen3-Coder-30B-A3B-Instruct-FP8,None
1622@y_name@ASC,Bar,Hard,3.906078577041626,3.906078577041626,1,0.0,0.0,0.0,1.0,1.0,0.0,0.0,0.0,0.0,1.0,0.0,,0.0,False,Qwen/Qwen3-Coder-30B-A3B-Instruct-FP8,None
1626@y_name@ASC,Bar,Hard,4.07123597462972,12.21370792388916,3,0.0,0.0,0.0,0.0,0.0,0.0,0.0,0.0,0.0,0.0,1.0,0.0,0.0,True,Qwen/Qwen3-Coder-30B-A3B-Instruct-FP8,None
1626@y_name@ASC,Bar,Hard,4.07123597462972,12.21370792388916,3,0.0,0.0,0.0,0.0,0.0,0.0,0.0,0.0,0.0,0.0,1.0,0.0,0.0,True,Qwen/Qwen3-Coder-30B-A3B-Instruct-FP8,None
1626@y_name@ASC,Bar,Hard,4.07123597462972,12.21370792388916,3,0.0,0.0,0.0,0.0,0.0,0.0,0.0,0.0,0.0,0.0,1.0,0.0,0.0,True,Qwen/Qwen3-Coder-30B-A3B-Instruct-FP8,None
1627@x_name@DESC,Bar,Hard,3.555673599243164,3.555673599243164,1,0.0,0.0,0.0,0.0,0.0,0.0,0.0,0.0,0.0,0.0,1.0,0.0,0.0,False,Qwen/Qwen3-Coder-30B-A3B-Instruct-FP8,None
1627@x_name@DESC,Bar,Hard,3.555673599243164,3.555673599243164,1,0.0,0.0,0.0,0.0,0.0,0.0,0.0,0.0,0.0,0.0,1.0,0.0,0.0,False,Qwen/Qwen3-Coder-30B-A3B-Instruct-FP8,None
1627@x_name@DESC,Bar,Hard,3.555673599243164,3.555673599243164,1,0.0,0.0,0.0,0.0,0.0,0.0,0.0,0.0,0.0,0.0,1.0,0.0,0.0,False,Qwen/Qwen3-Coder-30B-A3B-Instruct-FP8,None
1632@y_name@ASC,Bar,Hard,3.817606767018636,11.452820301055908,3,0.0,0.0,0.0,0.0,0.0,0.0,0.0,0.0,0.0,0.0,1.0,0.0,0.0,True,Qwen/Qwen3-Coder-30B-A3B-Instruct-FP8,None
1632@y_name@ASC,Bar,Hard,3.817606767018636,11.452820301055908,3,0.0,0.0,0.0,0.0,0.0,0.0,0.0,0.0,0.0,0.0,1.0,0.0,0.0,True,Qwen/Qwen3-Coder-30B-A3B-Instruct-FP8,None
1632@y_name@ASC,Bar,Hard,3.817606767018636,11.452820301055908,3,0.0,0.0,0.0,0.0,0.0,0.0,0.0,0.0,0.0,0.0,1.0,0.0,0.0,True,Qwen/Qwen3-Coder-30B-A3B-Instruct-FP8,None
1671@y_name@ASC,Bar,Medium,4.426690022150676,13.280070066452026,3,0.0,0.0,0.0,0.0,1.0,0.0,0.0,0.0,0.0,1.0,0.0,,0.0,False,Qwen/Qwen3-Coder-30B-A3B-Instruct-FP8,None
1671@y_name@ASC,Bar,Medium,4.426690022150676,13.280070066452026,3,0.0,0.0,0.0,0.0,1.0,0.0,0.0,0.0,0.0,1.0,0.0,,0.0,False,Qwen/Qwen3-Coder-30B-A3B-Instruct-FP8,None
1671@y_name@ASC,Bar,Medium,4.426690022150676,13.280070066452026,3,0.0,0.0,0.0,0.0,1.0,0.0,0.0,0.0,0.0,1.0,0.0,,0.0,False,Qwen/Qwen3-Coder-30B-A3B-Instruct-FP8,None
1696@x_name@DESC,Line,Medium,7.976842820644379,31.907371282577515,4,0.0,0.0,0.0,1.0,1.0,0.0,0.0,0.0,0.0,1.0,0.0,,0.0,False,Qwen/Qwen3-Coder-30B-A3B-Instruct-FP8,None
1696@x_name@DESC,Line,Medium,7.976842820644379,31.907371282577515,4,0.0,0.0,0.0,1.0,1.0,0.0,0.0,0.0,0.0,1.0,0.0,,0.0,False,Qwen/Qwen3-Coder-30B-A3B-Instruct-FP8,None
1696@x_name@DESC,Line,Medium,7.976842820644379,31.907371282577515,4,0.0,0.0,0.0,1.0,1.0,0.0,0.0,0.0,0.0,1.0,0.0,,0.0,False,Qwen/Qwen3-Coder-30B-A3B-Instruct-FP8,None
1702@y_name@ASC,Bar,Medium,3.5231096744537354,3.5231096744537354,1,0.0,0.0,0.0,0.0,0.0,0.0,0.0,0.0,0.0,0.0,1.0,0.0,0.0,False,Qwen/Qwen3-Coder-30B-A3B-Instruct-FP8,None
1702@y_name@ASC,Bar,Medium,3.5231096744537354,3.5231096744537354,1,0.0,0.0,0.0,0.0,0.0,0.0,0.0,0.0,0.0,0.0,1.0,0.0,0.0,False,Qwen/Qwen3-Coder-30B-A3B-Instruct-FP8,None
1702@y_name@ASC,Bar,Medium,3.5231096744537354,3.5231096744537354,1,0.0,0.0,0.0,0.0,0.0,0.0,0.0,0.0,0.0,0.0,1.0,0.0,0.0,False,Qwen/Qwen3-Coder-30B-A3B-Instruct-FP8,None
1703@y_name@DESC,Bar,Hard,2.6341285705566406,2.6341285705566406,1,0.0,0.0,0.0,0.0,0.0,0.0,0.0,0.0,0.0,0.0,1.0,0.0,0.0,False,Qwen/Qwen3-Coder-30B-A3B-Instruct-FP8,None
1703@y_name@DESC,Bar,Hard,2.6341285705566406,2.6341285705566406,1,0.0,0.0,0.0,0.0,0.0,0.0,0.0,0.0,0.0,0.0,1.0,0.0,0.0,False,Qwen/Qwen3-Coder-30B-A3B-Instruct-FP8,None
1703@y_name@DESC,Bar,Hard,2.6341285705566406,2.6341285705566406,1,0.0,0.0,0.0,0.0,0.0,0.0,0.0,0.0,0.0,0.0,1.0,0.0,0.0,False,Qwen/Qwen3-Coder-30B-A3B-Instruct-FP8,None
1746@x_name@ASC,Line,Medium,7.62151712179184,30.48606848716736,4,0.0,0.0,0.0,1.0,1.0,0.0,0.0,0.0,0.0,1.0,0.0,,0.0,False,Qwen/Qwen3-Coder-30B-A3B-Instruct-FP8,None
1746@x_name@ASC,Line,Medium,7.62151712179184,30.48606848716736,4,0.0,0.0,0.0,1.0,1.0,0.0,0.0,0.0,0.0,1.0,0.0,,0.0,False,Qwen/Qwen3-Coder-30B-A3B-Instruct-FP8,None
1746@x_name@ASC,Line,Medium,7.62151712179184,30.48606848716736,4,0.0,0.0,0.0,1.0,1.0,0.0,0.0,0.0,0.0,1.0,0.0,,0.0,False,Qwen/Qwen3-Coder-30B-A3B-Instruct-FP8,None
1795@x_name@DESC,Line,Medium,6.559968948364258,19.679906845092773,3,0.0,0.0,0.0,1.0,1.0,0.0,0.0,0.0,0.0,1.0,0.0,,0.0,False,Qwen/Qwen3-Coder-30B-A3B-Instruct-FP8,None
1795@x_name@DESC,Line,Medium,6.559968948364258,19.679906845092773,3,0.0,0.0,0.0,1.0,1.0,0.0,0.0,0.0,0.0,1.0,0.0,,0.0,False,Qwen/Qwen3-Coder-30B-A3B-Instruct-FP8,None
1795@x_name@DESC,Line,Medium,6.559968948364258,19.679906845092773,3,0.0,0.0,0.0,1.0,1.0,0.0,0.0,0.0,0.0,1.0,0.0,,0.0,False,Qwen/Qwen3-Coder-30B-A3B-Instruct-FP8,None
1802@y_name@DESC,Bar,Extra Hard,2.194854259490967,4.389708518981934,2,0.0,0.0,0.0,0.0,0.0,0.0,0.0,0.0,0.0,0.0,1.0,0.0,0.0,False,Qwen/Qwen3-Coder-30B-A3B-Instruct-FP8,None
1802@y_name@DESC,Bar,Extra Hard,2.194854259490967,4.389708518981934,2,0.0,0.0,0.0,0.0,0.0,0.0,0.0,0.0,0.0,0.0,1.0,0.0,0.0,False,Qwen/Qwen3-Coder-30B-A3B-Instruct-FP8,None
1802@y_name@DESC,Bar,Extra Hard,2.194854259490967,4.389708518981934,2,0.0,0.0,0.0,0.0,0.0,0.0,0.0,0.0,0.0,0.0,1.0,0.0,0.0,False,Qwen/Qwen3-Coder-30B-A3B-Instruct-FP8,None
1835@x_name@ASC,Line,Hard,4.703106005986531,14.109318017959595,3,0.0,0.0,0.0,0.3333333333333333,1.0,0.0,0.0,0.0,0.0,1.0,0.0,,0.0,False,Qwen/Qwen3-Coder-30B-A3B-Instruct-FP8,None
1835@x_name@ASC,Line,Hard,4.703106005986531,14.109318017959595,3,0.0,0.0,0.0,0.3333333333333333,1.0,0.0,0.0,0.0,0.0,1.0,0.0,,0.0,False,Qwen/Qwen3-Coder-30B-A3B-Instruct-FP8,None
1835@x_name@ASC,Line,Hard,4.703106005986531,14.109318017959595,3,0.0,0.0,0.0,0.3333333333333333,1.0,0.0,0.0,0.0,0.0,1.0,0.0,,0.0,False,Qwen/Qwen3-Coder-30B-A3B-Instruct-FP8,None
1869@x_name@ASC,Line,Easy,4.936175425847371,14.808526277542114,3,0.0,0.0,0.0,0.6666666666666666,0.6666666666666666,0.0,0.0,0.0,0.0,0.6666666666666666,0.3333333333333333,0.0,0.0,False,Qwen/Qwen3-Coder-30B-A3B-Instruct-FP8,None
1869@x_name@ASC,Line,Easy,4.936175425847371,14.808526277542114,3,0.0,0.0,0.0,0.6666666666666666,0.6666666666666666,0.0,0.0,0.0,0.0,0.6666666666666666,0.3333333333333333,0.0,0.0,False,Qwen/Qwen3-Coder-30B-A3B-Instruct-FP8,None
1869@x_name@ASC,Line,Easy,4.936175425847371,14.808526277542114,3,0.0,0.0,0.0,0.6666666666666666,0.6666666666666666,0.0,0.0,0.0,0.0,0.6666666666666666,0.3333333333333333,0.0,0.0,False,Qwen/Qwen3-Coder-30B-A3B-Instruct-FP8,None
1956@y_name@DESC,Bar,Extra Hard,4.459546685218811,8.919093370437622,2,0.0,0.0,0.0,0.0,0.0,0.0,0.0,0.0,0.0,0.0,1.0,0.0,0.0,True,Qwen/Qwen3-Coder-30B-A3B-Instruct-FP8,None
1956@y_name@DESC,Bar,Extra Hard,4.459546685218811,8.919093370437622,2,0.0,0.0,0.0,0.0,0.0,0.0,0.0,0.0,0.0,0.0,1.0,0.0,0.0,True,Qwen/Qwen3-Coder-30B-A3B-Instruct-FP8,None
1956@y_name@DESC,Bar,Extra Hard,4.459546685218811,8.919093370437622,2,0.0,0.0,0.0,0.0,0.0,0.0,0.0,0.0,0.0,0.0,1.0,0.0,0.0,True,Qwen/Qwen3-Coder-30B-A3B-Instruct-FP8,None
1963@y_name@DESC,Bar,Hard,3.6175557374954224,7.235111474990845,2,0.0,0.0,0.0,0.0,0.0,0.0,0.0,0.0,0.0,0.0,1.0,0.0,0.0,True,Qwen/Qwen3-Coder-30B-A3B-Instruct-FP8,None
1963@y_name@DESC,Bar,Hard,3.6175557374954224,7.235111474990845,2,0.0,0.0,0.0,0.0,0.0,0.0,0.0,0.0,0.0,0.0,1.0,0.0,0.0,True,Qwen/Qwen3-Coder-30B-A3B-Instruct-FP8,None
1963@y_name@DESC,Bar,Hard,3.6175557374954224,7.235111474990845,2,0.0,0.0,0.0,0.0,0.0,0.0,0.0,0.0,0.0,0.0,1.0,0.0,0.0,True,Qwen/Qwen3-Coder-30B-A3B-Instruct-FP8,None
2726@x_name@DESC,Bar,Extra Hard,4.800602436065674,4.800602436065674,1,0.0,0.0,0.0,0.0,0.0,1.0,0.0,0.0,0.0,1.0,0.0,,0.0,True,Qwen/Qwen3-Coder-30B-A3B-Instruct-FP8,None
2726@x_name@DESC,Bar,Extra Hard,4.800602436065674,4.800602436065674,1,0.0,0.0,0.0,0.0,0.0,1.0,0.0,0.0,0.0,1.0,0.0,,0.0,True,Qwen/Qwen3-Coder-30B-A3B-Instruct-FP8,None
2726@x_name@DESC,Bar,Extra Hard,4.800602436065674,4.800602436065674,1,0.0,0.0,0.0,0.0,0.0,1.0,0.0,0.0,0.0,1.0,0.0,,0.0,True,Qwen/Qwen3-Coder-30B-A3B-Instruct-FP8,None
2733@y_name@ASC,Bar,Extra Hard,5.296332438786824,15.888997316360474,3,0.0,0.0,0.0,0.0,1.0,0.0,0.0,0.0,0.0,1.0,0.0,,0.0,True,Qwen/Qwen3-Coder-30B-A3B-Instruct-FP8,None
2733@y_name@ASC,Bar,Extra Hard,5.296332438786824,15.888997316360474,3,0.0,0.0,0.0,0.0,1.0,0.0,0.0,0.0,0.0,1.0,0.0,,0.0,True,Qwen/Qwen3-Coder-30B-A3B-Instruct-FP8,None
2733@y_name@ASC,Bar,Extra Hard,5.296332438786824,15.888997316360474,3,0.0,0.0,0.0,0.0,1.0,0.0,0.0,0.0,0.0,1.0,0.0,,0.0,True,Qwen/Qwen3-Coder-30B-A3B-Instruct-FP8,None
733@y_name@DESC,Bar,Medium,2.226417303085327,4.452834606170654,2,0.0,0.0,0.0,0.0,0.0,0.0,0.0,0.0,0.0,0.0,1.0,0.0,0.0,False,Qwen/Qwen3-Coder-30B-A3B-Instruct-FP8,None
733@y_name@DESC,Bar,Medium,2.226417303085327,4.452834606170654,2,0.0,0.0,0.0,0.0,0.0,0.0,0.0,0.0,0.0,0.0,1.0,0.0,0.0,False,Qwen/Qwen3-Coder-30B-A3B-Instruct-FP8,None
733@y_name@DESC,Bar,Medium,2.226417303085327,4.452834606170654,2,0.0,0.0,0.0,0.0,0.0,0.0,0.0,0.0,0.0,0.0,1.0,0.0,0.0,False,Qwen/Qwen3-Coder-30B-A3B-Instruct-FP8,None
748@y_name@DESC,Bar,Extra Hard,4.10876218477885,12.326286554336548,3,0.0,0.0,0.0,0.0,0.0,0.0,0.0,0.0,0.0,0.0,1.0,0.0,0.0,True,Qwen/Qwen3-Coder-30B-A3B-Instruct-FP8,None
748@y_name@DESC,Bar,Extra Hard,4.10876218477885,12.326286554336548,3,0.0,0.0,0.0,0.0,0.0,0.0,0.0,0.0,0.0,0.0,1.0,0.0,0.0,True,Qwen/Qwen3-Coder-30B-A3B-Instruct-FP8,None
748@y_name@DESC,Bar,Extra Hard,4.10876218477885,12.326286554336548,3,0.0,0.0,0.0,0.0,0.0,0.0,0.0,0.0,0.0,0.0,1.0,0.0,0.0,True,Qwen/Qwen3-Coder-30B-A3B-Instruct-FP8,None
753@x_name@DESC,Bar,Medium,2.4808414777119956,7.442524433135986,3,0.0,0.0,0.0,0.0,0.0,0.3333333333333333,0.0,0.0,0.0,0.3333333333333333,0.6666666666666666,0.0,0.0,False,Qwen/Qwen3-Coder-30B-A3B-Instruct-FP8,None
753@x_name@DESC,Bar,Medium,2.4808414777119956,7.442524433135986,3,0.0,0.0,0.0,0.0,0.0,0.3333333333333333,0.0,0.0,0.0,0.3333333333333333,0.6666666666666666,0.0,0.0,False,Qwen/Qwen3-Coder-30B-A3B-Instruct-FP8,None
753@x_name@DESC,Bar,Medium,2.4808414777119956,7.442524433135986,3,0.0,0.0,0.0,0.0,0.0,0.3333333333333333,0.0,0.0,0.0,0.3333333333333333,0.6666666666666666,0.0,0.0,False,Qwen/Qwen3-Coder-30B-A3B-Instruct-FP8,None
754@y_name@ASC,Bar,Hard,2.692986845970154,5.385973691940308,2,0.0,0.0,0.0,0.0,0.0,0.0,0.0,0.0,0.0,0.0,1.0,0.0,0.0,False,Qwen/Qwen3-Coder-30B-A3B-Instruct-FP8,None
754@y_name@ASC,Bar,Hard,2.692986845970154,5.385973691940308,2,0.0,0.0,0.0,0.0,0.0,0.0,0.0,0.0,0.0,0.0,1.0,0.0,0.0,False,Qwen/Qwen3-Coder-30B-A3B-Instruct-FP8,None
754@y_name@ASC,Bar,Hard,2.692986845970154,5.385973691940308,2,0.0,0.0,0.0,0.0,0.0,0.0,0.0,0.0,0.0,0.0,1.0,0.0,0.0,False,Qwen/Qwen3-Coder-30B-A3B-Instruct-FP8,None
763@y_name@ASC,Bar,Medium,2.1549856662750244,6.464956998825073,3,0.0,0.0,0.0,0.0,0.0,0.0,0.0,0.0,0.0,0.0,1.0,0.0,0.0,False,Qwen/Qwen3-Coder-30B-A3B-Instruct-FP8,None
763@y_name@ASC,Bar,Medium,2.1549856662750244,6.464956998825073,3,0.0,0.0,0.0,0.0,0.0,0.0,0.0,0.0,0.0,0.0,1.0,0.0,0.0,False,Qwen/Qwen3-Coder-30B-A3B-Instruct-FP8,None
763@y_name@ASC,Bar,Medium,2.1549856662750244,6.464956998825073,3,0.0,0.0,0.0,0.0,0.0,0.0,0.0,0.0,0.0,0.0,1.0,0.0,0.0,False,Qwen/Qwen3-Coder-30B-A3B-Instruct-FP8,None
2625@x_name@ASC,Bar,Medium,2.6549314856529236,10.619725942611694,4,0.0,0.0,0.0,0.0,0.0,0.5,0.0,0.0,0.0,0.5,0.5,0.0,0.0,False,Qwen/Qwen3-Coder-30B-A3B-Instruct-FP8,None
2625@x_name@ASC,Bar,Medium,2.6549314856529236,10.619725942611694,4,0.0,0.0,0.0,0.0,0.0,0.5,0.0,0.0,0.0,0.5,0.5,0.0,0.0,False,Qwen/Qwen3-Coder-30B-A3B-Instruct-FP8,None
2625@x_name@ASC,Bar,Medium,2.6549314856529236,10.619725942611694,4,0.0,0.0,0.0,0.0,0.0,0.5,0.0,0.0,0.0,0.5,0.5,0.0,0.0,False,Qwen/Qwen3-Coder-30B-A3B-Instruct-FP8,None
609@x_name@ASC,Bar,Extra Hard,3.766031503677368,7.532063007354736,2,0.0,0.0,0.0,0.0,0.0,0.5,0.0,0.0,0.0,0.5,0.5,0.0,0.0,True,Qwen/Qwen3-Coder-30B-A3B-Instruct-FP8,None
609@x_name@ASC,Bar,Extra Hard,3.766031503677368,7.532063007354736,2,0.0,0.0,0.0,0.0,0.0,0.5,0.0,0.0,0.0,0.5,0.5,0.0,0.0,True,Qwen/Qwen3-Coder-30B-A3B-Instruct-FP8,None
609@x_name@ASC,Bar,Extra Hard,3.766031503677368,7.532063007354736,2,0.0,0.0,0.0,0.0,0.0,0.5,0.0,0.0,0.0,0.5,0.5,0.0,0.0,True,Qwen/Qwen3-Coder-30B-A3B-Instruct-FP8,None
619@x_name@ASC,Bar,Easy,3.3269851207733154,3.3269851207733154,1,0.0,0.0,0.0,0.0,0.0,0.0,0.0,0.0,0.0,0.0,1.0,0.0,0.0,False,Qwen/Qwen3-Coder-30B-A3B-Instruct-FP8,None
619@x_name@ASC,Bar,Easy,3.3269851207733154,3.3269851207733154,1,0.0,0.0,0.0,0.0,0.0,0.0,0.0,0.0,0.0,0.0,1.0,0.0,0.0,False,Qwen/Qwen3-Coder-30B-A3B-Instruct-FP8,None
619@x_name@ASC,Bar,Easy,3.3269851207733154,3.3269851207733154,1,0.0,0.0,0.0,0.0,0.0,0.0,0.0,0.0,0.0,0.0,1.0,0.0,0.0,False,Qwen/Qwen3-Coder-30B-A3B-Instruct-FP8,None
620@x_name@ASC,Bar,Hard,2.106311321258545,2.106311321258545,1,0.0,0.0,0.0,0.0,0.0,0.0,0.0,0.0,0.0,0.0,1.0,0.0,0.0,False,Qwen/Qwen3-Coder-30B-A3B-Instruct-FP8,None
620@x_name@ASC,Bar,Hard,2.106311321258545,2.106311321258545,1,0.0,0.0,0.0,0.0,0.0,0.0,0.0,0.0,0.0,0.0,1.0,0.0,0.0,False,Qwen/Qwen3-Coder-30B-A3B-Instruct-FP8,None
620@x_name@ASC,Bar,Hard,2.106311321258545,2.106311321258545,1,0.0,0.0,0.0,0.0,0.0,0.0,0.0,0.0,0.0,0.0,1.0,0.0,0.0,False,Qwen/Qwen3-Coder-30B-A3B-Instruct-FP8,None
621@y_name@ASC,Bar,Medium,2.9214016914367678,14.607008457183838,5,0.0,0.0,0.0,0.0,0.0,0.0,0.0,0.0,0.0,0.0,1.0,0.0,0.0,False,Qwen/Qwen3-Coder-30B-A3B-Instruct-FP8,None
621@y_name@ASC,Bar,Medium,2.9214016914367678,14.607008457183838,5,0.0,0.0,0.0,0.0,0.0,0.0,0.0,0.0,0.0,0.0,1.0,0.0,0.0,False,Qwen/Qwen3-Coder-30B-A3B-Instruct-FP8,None
621@y_name@ASC,Bar,Medium,2.9214016914367678,14.607008457183838,5,0.0,0.0,0.0,0.0,0.0,0.0,0.0,0.0,0.0,0.0,1.0,0.0,0.0,False,Qwen/Qwen3-Coder-30B-A3B-Instruct-FP8,None
624@y_name@ASC,Bar,Medium,2.419607083002726,7.258821249008179,3,0.0,0.0,0.0,0.0,0.0,0.0,0.0,0.0,0.0,0.0,1.0,0.0,0.0,False,Qwen/Qwen3-Coder-30B-A3B-Instruct-FP8,None
624@y_name@ASC,Bar,Medium,2.419607083002726,7.258821249008179,3,0.0,0.0,0.0,0.0,0.0,0.0,0.0,0.0,0.0,0.0,1.0,0.0,0.0,False,Qwen/Qwen3-Coder-30B-A3B-Instruct-FP8,None
624@y_name@ASC,Bar,Medium,2.419607083002726,7.258821249008179,3,0.0,0.0,0.0,0.0,0.0,0.0,0.0,0.0,0.0,0.0,1.0,0.0,0.0,False,Qwen/Qwen3-Coder-30B-A3B-Instruct-FP8,None
627@y_name@DESC,Bar,Medium,3.2563531398773193,3.2563531398773193,1,0.0,0.0,0.0,0.0,0.0,0.0,0.0,0.0,0.0,0.0,1.0,0.0,0.0,False,Qwen/Qwen3-Coder-30B-A3B-Instruct-FP8,None
627@y_name@DESC,Bar,Medium,3.2563531398773193,3.2563531398773193,1,0.0,0.0,0.0,0.0,0.0,0.0,0.0,0.0,0.0,0.0,1.0,0.0,0.0,False,Qwen/Qwen3-Coder-30B-A3B-Instruct-FP8,None
627@y_name@DESC,Bar,Medium,3.2563531398773193,3.2563531398773193,1,0.0,0.0,0.0,0.0,0.0,0.0,0.0,0.0,0.0,0.0,1.0,0.0,0.0,False,Qwen/Qwen3-Coder-30B-A3B-Instruct-FP8,None
630@y_name@DESC,Bar,Medium,2.990984797477722,5.981969594955444,2,0.0,0.0,0.0,0.0,0.0,1.0,0.0,0.0,0.0,1.0,0.0,,0.0,True,Qwen/Qwen3-Coder-30B-A3B-Instruct-FP8,None
630@y_name@DESC,Bar,Medium,2.990984797477722,5.981969594955444,2,0.0,0.0,0.0,0.0,0.0,1.0,0.0,0.0,0.0,1.0,0.0,,0.0,True,Qwen/Qwen3-Coder-30B-A3B-Instruct-FP8,None
630@y_name@DESC,Bar,Medium,2.990984797477722,5.981969594955444,2,0.0,0.0,0.0,0.0,0.0,1.0,0.0,0.0,0.0,1.0,0.0,,0.0,True,Qwen/Qwen3-Coder-30B-A3B-Instruct-FP8,None
633@y_name@DESC,Bar,Hard,4.425998687744141,4.425998687744141,1,0.0,0.0,0.0,0.0,0.0,0.0,0.0,0.0,0.0,0.0,1.0,0.0,0.0,True,Qwen/Qwen3-Coder-30B-A3B-Instruct-FP8,None
633@y_name@DESC,Bar,Hard,4.425998687744141,4.425998687744141,1,0.0,0.0,0.0,0.0,0.0,0.0,0.0,0.0,0.0,0.0,1.0,0.0,0.0,True,Qwen/Qwen3-Coder-30B-A3B-Instruct-FP8,None
633@y_name@DESC,Bar,Hard,4.425998687744141,4.425998687744141,1,0.0,0.0,0.0,0.0,0.0,0.0,0.0,0.0,0.0,0.0,1.0,0.0,0.0,True,Qwen/Qwen3-Coder-30B-A3B-Instruct-FP8,None
636@y_name@DESC,Bar,Hard,4.438801527023315,4.438801527023315,1,0.0,0.0,0.0,0.0,1.0,0.0,0.0,0.0,0.0,1.0,0.0,,0.0,True,Qwen/Qwen3-Coder-30B-A3B-Instruct-FP8,None
636@y_name@DESC,Bar,Hard,4.438801527023315,4.438801527023315,1,0.0,0.0,0.0,0.0,1.0,0.0,0.0,0.0,0.0,1.0,0.0,,0.0,True,Qwen/Qwen3-Coder-30B-A3B-Instruct-FP8,None
636@y_name@DESC,Bar,Hard,4.438801527023315,4.438801527023315,1,0.0,0.0,0.0,0.0,1.0,0.0,0.0,0.0,0.0,1.0,0.0,,0.0,True,Qwen/Qwen3-Coder-30B-A3B-Instruct-FP8,None
640@x_name@ASC,Line,Medium,2.6886186599731445,5.377237319946289,2,0.0,0.0,0.0,0.0,0.0,0.0,0.0,0.0,0.0,0.0,1.0,0.0,0.0,False,Qwen/Qwen3-Coder-30B-A3B-Instruct-FP8,None
640@x_name@ASC,Line,Medium,2.6886186599731445,5.377237319946289,2,0.0,0.0,0.0,0.0,0.0,0.0,0.0,0.0,0.0,0.0,1.0,0.0,0.0,False,Qwen/Qwen3-Coder-30B-A3B-Instruct-FP8,None
640@x_name@ASC,Line,Medium,2.6886186599731445,5.377237319946289,2,0.0,0.0,0.0,0.0,0.0,0.0,0.0,0.0,0.0,0.0,1.0,0.0,0.0,False,Qwen/Qwen3-Coder-30B-A3B-Instruct-FP8,None
642@x_name@DESC,Line,Medium,2.5121599038441977,7.536479711532593,3,0.0,0.0,0.0,0.0,0.0,1.0,0.0,0.0,0.0,1.0,0.0,,0.0,False,Qwen/Qwen3-Coder-30B-A3B-Instruct-FP8,None
642@x_name@DESC,Line,Medium,2.5121599038441977,7.536479711532593,3,0.0,0.0,0.0,0.0,0.0,1.0,0.0,0.0,0.0,1.0,0.0,,0.0,False,Qwen/Qwen3-Coder-30B-A3B-Instruct-FP8,None
642@x_name@DESC,Line,Medium,2.5121599038441977,7.536479711532593,3,0.0,0.0,0.0,0.0,0.0,1.0,0.0,0.0,0.0,1.0,0.0,,0.0,False,Qwen/Qwen3-Coder-30B-A3B-Instruct-FP8,None
647@x_name@DESC,Grouping Line,Hard,2.988306999206543,2.988306999206543,1,0.0,0.0,0.0,0.0,0.0,0.0,0.0,0.0,0.0,0.0,1.0,0.0,0.0,False,Qwen/Qwen3-Coder-30B-A3B-Instruct-FP8,None
647@x_name@DESC,Grouping Line,Hard,2.988306999206543,2.988306999206543,1,0.0,0.0,0.0,0.0,0.0,0.0,0.0,0.0,0.0,0.0,1.0,0.0,0.0,False,Qwen/Qwen3-Coder-30B-A3B-Instruct-FP8,None
647@x_name@DESC,Grouping Line,Hard,2.988306999206543,2.988306999206543,1,0.0,0.0,0.0,0.0,0.0,0.0,0.0,0.0,0.0,0.0,1.0,0.0,0.0,False,Qwen/Qwen3-Coder-30B-A3B-Instruct-FP8,None
648@x_name@ASC,Grouping Line,Extra Hard,8.58769428730011,17.17538857460022,2,0.5,0.0,0.0,0.0,0.0,0.0,0.0,0.0,0.5,0.0,0.5,0.0,0.0,False,Qwen/Qwen3-Coder-30B-A3B-Instruct-FP8,None
648@x_name@ASC,Grouping Line,Extra Hard,8.58769428730011,17.17538857460022,2,0.5,0.0,0.0,0.0,0.0,0.0,0.0,0.0,0.5,0.0,0.5,0.0,0.0,False,Qwen/Qwen3-Coder-30B-A3B-Instruct-FP8,None
648@x_name@ASC,Grouping Line,Extra Hard,8.58769428730011,17.17538857460022,2,0.5,0.0,0.0,0.0,0.0,0.0,0.0,0.0,0.5,0.0,0.5,0.0,0.0,False,Qwen/Qwen3-Coder-30B-A3B-Instruct-FP8,None
652@x_name@DESC,Bar,Extra Hard,4.5951526165008545,4.5951526165008545,1,0.0,0.0,0.0,0.0,0.0,1.0,0.0,0.0,0.0,1.0,0.0,,0.0,True,Qwen/Qwen3-Coder-30B-A3B-Instruct-FP8,None
652@x_name@DESC,Bar,Extra Hard,4.5951526165008545,4.5951526165008545,1,0.0,0.0,0.0,0.0,0.0,1.0,0.0,0.0,0.0,1.0,0.0,,0.0,True,Qwen/Qwen3-Coder-30B-A3B-Instruct-FP8,None
652@x_name@DESC,Bar,Extra Hard,4.5951526165008545,4.5951526165008545,1,0.0,0.0,0.0,0.0,0.0,1.0,0.0,0.0,0.0,1.0,0.0,,0.0,True,Qwen/Qwen3-Coder-30B-A3B-Instruct-FP8,None
653@x_name@DESC,Bar,Extra Hard,4.721774101257324,4.721774101257324,1,0.0,0.0,0.0,0.0,0.0,0.0,0.0,0.0,0.0,0.0,1.0,0.0,0.0,True,Qwen/Qwen3-Coder-30B-A3B-Instruct-FP8,None
653@x_name@DESC,Bar,Extra Hard,4.721774101257324,4.721774101257324,1,0.0,0.0,0.0,0.0,0.0,0.0,0.0,0.0,0.0,0.0,1.0,0.0,0.0,True,Qwen/Qwen3-Coder-30B-A3B-Instruct-FP8,None
653@x_name@DESC,Bar,Extra Hard,4.721774101257324,4.721774101257324,1,0.0,0.0,0.0,0.0,0.0,0.0,0.0,0.0,0.0,0.0,1.0,0.0,0.0,True,Qwen/Qwen3-Coder-30B-A3B-Instruct-FP8,None
654@x_name@DESC,Bar,Medium,2.553130269050598,10.212521076202393,4,0.0,0.0,0.0,0.0,0.0,1.0,0.0,0.0,0.0,1.0,0.0,,0.0,False,Qwen/Qwen3-Coder-30B-A3B-Instruct-FP8,None
654@x_name@DESC,Bar,Medium,2.553130269050598,10.212521076202393,4,0.0,0.0,0.0,0.0,0.0,1.0,0.0,0.0,0.0,1.0,0.0,,0.0,False,Qwen/Qwen3-Coder-30B-A3B-Instruct-FP8,None
654@x_name@DESC,Bar,Medium,2.553130269050598,10.212521076202393,4,0.0,0.0,0.0,0.0,0.0,1.0,0.0,0.0,0.0,1.0,0.0,,0.0,False,Qwen/Qwen3-Coder-30B-A3B-Instruct-FP8,None
655@x_name@DESC,Bar,Medium,2.933584690093994,2.933584690093994,1,0.0,0.0,0.0,0.0,0.0,0.0,0.0,0.0,0.0,0.0,1.0,0.0,0.0,False,Qwen/Qwen3-Coder-30B-A3B-Instruct-FP8,None
655@x_name@DESC,Bar,Medium,2.933584690093994,2.933584690093994,1,0.0,0.0,0.0,0.0,0.0,0.0,0.0,0.0,0.0,0.0,1.0,0.0,0.0,False,Qwen/Qwen3-Coder-30B-A3B-Instruct-FP8,None
655@x_name@DESC,Bar,Medium,2.933584690093994,2.933584690093994,1,0.0,0.0,0.0,0.0,0.0,0.0,0.0,0.0,0.0,0.0,1.0,0.0,0.0,False,Qwen/Qwen3-Coder-30B-A3B-Instruct-FP8,None
657@y_name@ASC,Bar,Hard,3.3935229778289795,6.787045955657959,2,0.0,0.0,0.0,0.0,0.0,0.0,0.0,0.0,0.0,0.0,1.0,0.0,0.0,False,Qwen/Qwen3-Coder-30B-A3B-Instruct-FP8,None
657@y_name@ASC,Bar,Hard,3.3935229778289795,6.787045955657959,2,0.0,0.0,0.0,0.0,0.0,0.0,0.0,0.0,0.0,0.0,1.0,0.0,0.0,False,Qwen/Qwen3-Coder-30B-A3B-Instruct-FP8,None
657@y_name@ASC,Bar,Hard,3.3935229778289795,6.787045955657959,2,0.0,0.0,0.0,0.0,0.0,0.0,0.0,0.0,0.0,0.0,1.0,0.0,0.0,False,Qwen/Qwen3-Coder-30B-A3B-Instruct-FP8,None
713@y_name@DESC,Bar,Hard,3.7980405688285828,15.192162275314331,4,0.0,0.0,0.0,0.0,0.0,0.0,0.0,0.0,0.0,0.0,1.0,0.0,0.0,True,Qwen/Qwen3-Coder-30B-A3B-Instruct-FP8,None
713@y_name@DESC,Bar,Hard,3.7980405688285828,15.192162275314331,4,0.0,0.0,0.0,0.0,0.0,0.0,0.0,0.0,0.0,0.0,1.0,0.0,0.0,True,Qwen/Qwen3-Coder-30B-A3B-Instruct-FP8,None
713@y_name@DESC,Bar,Hard,3.7980405688285828,15.192162275314331,4,0.0,0.0,0.0,0.0,0.0,0.0,0.0,0.0,0.0,0.0,1.0,0.0,0.0,True,Qwen/Qwen3-Coder-30B-A3B-Instruct-FP8,None
715@y_name@DESC,Bar,Hard,3.575974225997925,7.15194845199585,2,0.0,0.0,0.0,0.0,0.0,0.0,0.0,0.0,0.0,0.0,1.0,0.0,0.0,True,Qwen/Qwen3-Coder-30B-A3B-Instruct-FP8,None
715@y_name@DESC,Bar,Hard,3.575974225997925,7.15194845199585,2,0.0,0.0,0.0,0.0,0.0,0.0,0.0,0.0,0.0,0.0,1.0,0.0,0.0,True,Qwen/Qwen3-Coder-30B-A3B-Instruct-FP8,None
715@y_name@DESC,Bar,Hard,3.575974225997925,7.15194845199585,2,0.0,0.0,0.0,0.0,0.0,0.0,0.0,0.0,0.0,0.0,1.0,0.0,0.0,True,Qwen/Qwen3-Coder-30B-A3B-Instruct-FP8,None
719@x_name@DESC,Bar,Hard,3.449822425842285,3.449822425842285,1,0.0,0.0,0.0,0.0,0.0,0.0,0.0,0.0,0.0,0.0,1.0,0.0,0.0,True,Qwen/Qwen3-Coder-30B-A3B-Instruct-FP8,None
719@x_name@DESC,Bar,Hard,3.449822425842285,3.449822425842285,1,0.0,0.0,0.0,0.0,0.0,0.0,0.0,0.0,0.0,0.0,1.0,0.0,0.0,True,Qwen/Qwen3-Coder-30B-A3B-Instruct-FP8,None
719@x_name@DESC,Bar,Hard,3.449822425842285,3.449822425842285,1,0.0,0.0,0.0,0.0,0.0,0.0,0.0,0.0,0.0,0.0,1.0,0.0,0.0,True,Qwen/Qwen3-Coder-30B-A3B-Instruct-FP8,None
380@x_name@ASC,Bar,Medium,2.704160451889038,13.52080225944519,5,0.0,0.0,0.0,0.0,0.0,0.0,0.0,0.0,0.0,0.0,1.0,0.0,0.0,False,Qwen/Qwen3-Coder-30B-A3B-Instruct-FP8,None
380@x_name@ASC,Bar,Medium,2.704160451889038,13.52080225944519,5,0.0,0.0,0.0,0.0,0.0,0.0,0.0,0.0,0.0,0.0,1.0,0.0,0.0,False,Qwen/Qwen3-Coder-30B-A3B-Instruct-FP8,None
380@x_name@ASC,Bar,Medium,2.704160451889038,13.52080225944519,5,0.0,0.0,0.0,0.0,0.0,0.0,0.0,0.0,0.0,0.0,1.0,0.0,0.0,False,Qwen/Qwen3-Coder-30B-A3B-Instruct-FP8,None
383@x_name@ASC,Bar,Medium,2.974936087926229,8.924808263778687,3,0.0,0.0,0.0,0.0,0.0,0.0,0.0,0.0,0.0,0.0,1.0,0.0,0.0,False,Qwen/Qwen3-Coder-30B-A3B-Instruct-FP8,None
383@x_name@ASC,Bar,Medium,2.974936087926229,8.924808263778687,3,0.0,0.0,0.0,0.0,0.0,0.0,0.0,0.0,0.0,0.0,1.0,0.0,0.0,False,Qwen/Qwen3-Coder-30B-A3B-Instruct-FP8,None
383@x_name@ASC,Bar,Medium,2.974936087926229,8.924808263778687,3,0.0,0.0,0.0,0.0,0.0,0.0,0.0,0.0,0.0,0.0,1.0,0.0,0.0,False,Qwen/Qwen3-Coder-30B-A3B-Instruct-FP8,None
394@y_name@DESC,Bar,Easy,3.061184366544088,18.367106199264526,6,0.0,0.0,0.0,0.0,0.0,0.0,0.0,0.0,0.0,0.0,1.0,0.0,0.0,False,Qwen/Qwen3-Coder-30B-A3B-Instruct-FP8,None
394@y_name@DESC,Bar,Easy,3.061184366544088,18.367106199264526,6,0.0,0.0,0.0,0.0,0.0,0.0,0.0,0.0,0.0,0.0,1.0,0.0,0.0,False,Qwen/Qwen3-Coder-30B-A3B-Instruct-FP8,None
394@y_name@DESC,Bar,Easy,3.061184366544088,18.367106199264526,6,0.0,0.0,0.0,0.0,0.0,0.0,0.0,0.0,0.0,0.0,1.0,0.0,0.0,False,Qwen/Qwen3-Coder-30B-A3B-Instruct-FP8,None
395@x_name@ASC,Bar,Easy,2.277284860610962,2.277284860610962,1,0.0,0.0,0.0,0.0,0.0,0.0,0.0,0.0,0.0,0.0,1.0,0.0,0.0,False,Qwen/Qwen3-Coder-30B-A3B-Instruct-FP8,None
395@x_name@ASC,Bar,Easy,2.277284860610962,2.277284860610962,1,0.0,0.0,0.0,0.0,0.0,0.0,0.0,0.0,0.0,0.0,1.0,0.0,0.0,False,Qwen/Qwen3-Coder-30B-A3B-Instruct-FP8,None
395@x_name@ASC,Bar,Easy,2.277284860610962,2.277284860610962,1,0.0,0.0,0.0,0.0,0.0,0.0,0.0,0.0,0.0,0.0,1.0,0.0,0.0,False,Qwen/Qwen3-Coder-30B-A3B-Instruct-FP8,None
406@x_name@ASC,Bar,Easy,2.328486680984497,2.328486680984497,1,0.0,0.0,0.0,0.0,0.0,0.0,0.0,0.0,0.0,0.0,1.0,0.0,0.0,False,Qwen/Qwen3-Coder-30B-A3B-Instruct-FP8,None
406@x_name@ASC,Bar,Easy,2.328486680984497,2.328486680984497,1,0.0,0.0,0.0,0.0,0.0,0.0,0.0,0.0,0.0,0.0,1.0,0.0,0.0,False,Qwen/Qwen3-Coder-30B-A3B-Instruct-FP8,None
406@x_name@ASC,Bar,Easy,2.328486680984497,2.328486680984497,1,0.0,0.0,0.0,0.0,0.0,0.0,0.0,0.0,0.0,0.0,1.0,0.0,0.0,False,Qwen/Qwen3-Coder-30B-A3B-Instruct-FP8,None
723@y_name@ASC,Bar,Hard,3.3052971363067627,3.3052971363067627,1,0.0,0.0,0.0,0.0,0.0,0.0,0.0,0.0,0.0,0.0,1.0,0.0,0.0,True,Qwen/Qwen3-Coder-30B-A3B-Instruct-FP8,None
723@y_name@ASC,Bar,Hard,3.3052971363067627,3.3052971363067627,1,0.0,0.0,0.0,0.0,0.0,0.0,0.0,0.0,0.0,0.0,1.0,0.0,0.0,True,Qwen/Qwen3-Coder-30B-A3B-Instruct-FP8,None
723@y_name@ASC,Bar,Hard,3.3052971363067627,3.3052971363067627,1,0.0,0.0,0.0,0.0,0.0,0.0,0.0,0.0,0.0,0.0,1.0,0.0,0.0,True,Qwen/Qwen3-Coder-30B-A3B-Instruct-FP8,None
725@x_name@DESC,Bar,Hard,3.2158079147338867,3.2158079147338867,1,0.0,0.0,0.0,0.0,0.0,0.0,0.0,0.0,0.0,0.0,1.0,0.0,0.0,True,Qwen/Qwen3-Coder-30B-A3B-Instruct-FP8,None
725@x_name@DESC,Bar,Hard,3.2158079147338867,3.2158079147338867,1,0.0,0.0,0.0,0.0,0.0,0.0,0.0,0.0,0.0,0.0,1.0,0.0,0.0,True,Qwen/Qwen3-Coder-30B-A3B-Instruct-FP8,None
725@x_name@DESC,Bar,Hard,3.2158079147338867,3.2158079147338867,1,0.0,0.0,0.0,0.0,0.0,0.0,0.0,0.0,0.0,0.0,1.0,0.0,0.0,True,Qwen/Qwen3-Coder-30B-A3B-Instruct-FP8,None
726@y_name@DESC,Bar,Medium,2.2005404233932495,4.401080846786499,2,0.0,0.0,0.0,0.0,0.0,0.0,0.0,0.0,0.0,0.0,1.0,0.0,0.0,False,Qwen/Qwen3-Coder-30B-A3B-Instruct-FP8,None
726@y_name@DESC,Bar,Medium,2.2005404233932495,4.401080846786499,2,0.0,0.0,0.0,0.0,0.0,0.0,0.0,0.0,0.0,0.0,1.0,0.0,0.0,False,Qwen/Qwen3-Coder-30B-A3B-Instruct-FP8,None
726@y_name@DESC,Bar,Medium,2.2005404233932495,4.401080846786499,2,0.0,0.0,0.0,0.0,0.0,0.0,0.0,0.0,0.0,0.0,1.0,0.0,0.0,False,Qwen/Qwen3-Coder-30B-A3B-Instruct-FP8,None
3208@x_name@DESC,Bar,Medium,11.110008716583252,11.110008716583252,1,0.0,0.0,0.0,0.0,1.0,0.0,0.0,0.0,0.0,1.0,0.0,,0.0,False,Qwen/Qwen3-Coder-30B-A3B-Instruct-FP8,None
3208@x_name@DESC,Bar,Medium,11.110008716583252,11.110008716583252,1,0.0,0.0,0.0,0.0,1.0,0.0,0.0,0.0,0.0,1.0,0.0,,0.0,False,Qwen/Qwen3-Coder-30B-A3B-Instruct-FP8,None
3208@x_name@DESC,Bar,Medium,11.110008716583252,11.110008716583252,1,0.0,0.0,0.0,0.0,1.0,0.0,0.0,0.0,0.0,1.0,0.0,,0.0,False,Qwen/Qwen3-Coder-30B-A3B-Instruct-FP8,None
3210@x_name@DESC,Line,Easy,2.4271552562713623,2.4271552562713623,1,0.0,0.0,0.0,0.0,0.0,0.0,0.0,0.0,0.0,0.0,1.0,0.0,0.0,False,Qwen/Qwen3-Coder-30B-A3B-Instruct-FP8,None
3210@x_name@DESC,Line,Easy,2.4271552562713623,2.4271552562713623,1,0.0,0.0,0.0,0.0,0.0,0.0,0.0,0.0,0.0,0.0,1.0,0.0,0.0,False,Qwen/Qwen3-Coder-30B-A3B-Instruct-FP8,None
3210@x_name@DESC,Line,Easy,2.4271552562713623,2.4271552562713623,1,0.0,0.0,0.0,0.0,0.0,0.0,0.0,0.0,0.0,0.0,1.0,0.0,0.0,False,Qwen/Qwen3-Coder-30B-A3B-Instruct-FP8,None
3214@x_name@DESC,Bar,Hard,3.2585368156433105,3.2585368156433105,1,0.0,0.0,0.0,0.0,0.0,0.0,0.0,0.0,0.0,0.0,1.0,0.0,0.0,False,Qwen/Qwen3-Coder-30B-A3B-Instruct-FP8,None
3214@x_name@DESC,Bar,Hard,3.2585368156433105,3.2585368156433105,1,0.0,0.0,0.0,0.0,0.0,0.0,0.0,0.0,0.0,0.0,1.0,0.0,0.0,False,Qwen/Qwen3-Coder-30B-A3B-Instruct-FP8,None
3214@x_name@DESC,Bar,Hard,3.2585368156433105,3.2585368156433105,1,0.0,0.0,0.0,0.0,0.0,0.0,0.0,0.0,0.0,0.0,1.0,0.0,0.0,False,Qwen/Qwen3-Coder-30B-A3B-Instruct-FP8,None
3216@y_name@ASC,Bar,Medium,3.0344067811965942,6.0688135623931885,2,0.0,0.0,0.0,0.0,0.0,0.0,0.0,0.0,0.0,0.0,1.0,0.0,0.0,False,Qwen/Qwen3-Coder-30B-A3B-Instruct-FP8,None
3216@y_name@ASC,Bar,Medium,3.0344067811965942,6.0688135623931885,2,0.0,0.0,0.0,0.0,0.0,0.0,0.0,0.0,0.0,0.0,1.0,0.0,0.0,False,Qwen/Qwen3-Coder-30B-A3B-Instruct-FP8,None
3216@y_name@ASC,Bar,Medium,3.0344067811965942,6.0688135623931885,2,0.0,0.0,0.0,0.0,0.0,0.0,0.0,0.0,0.0,0.0,1.0,0.0,0.0,False,Qwen/Qwen3-Coder-30B-A3B-Instruct-FP8,None
3218@x_name@DESC,Line,Medium,2.265107750892639,4.530215501785278,2,0.0,0.0,0.0,0.0,0.0,1.0,0.0,0.0,0.0,1.0,0.0,,0.0,False,Qwen/Qwen3-Coder-30B-A3B-Instruct-FP8,None
3218@x_name@DESC,Line,Medium,2.265107750892639,4.530215501785278,2,0.0,0.0,0.0,0.0,0.0,1.0,0.0,0.0,0.0,1.0,0.0,,0.0,False,Qwen/Qwen3-Coder-30B-A3B-Instruct-FP8,None
3218@x_name@DESC,Line,Medium,2.265107750892639,4.530215501785278,2,0.0,0.0,0.0,0.0,0.0,1.0,0.0,0.0,0.0,1.0,0.0,,0.0,False,Qwen/Qwen3-Coder-30B-A3B-Instruct-FP8,None
2066@y_name@DESC,Bar,Hard,2.065798203150431,6.197394609451294,3,0.0,0.0,0.0,0.0,0.0,0.0,0.0,0.0,0.0,0.0,1.0,0.0,0.0,False,Qwen/Qwen3-Coder-30B-A3B-Instruct-FP8,None
2066@y_name@DESC,Bar,Hard,2.065798203150431,6.197394609451294,3,0.0,0.0,0.0,0.0,0.0,0.0,0.0,0.0,0.0,0.0,1.0,0.0,0.0,False,Qwen/Qwen3-Coder-30B-A3B-Instruct-FP8,None
2066@y_name@DESC,Bar,Hard,2.065798203150431,6.197394609451294,3,0.0,0.0,0.0,0.0,0.0,0.0,0.0,0.0,0.0,0.0,1.0,0.0,0.0,False,Qwen/Qwen3-Coder-30B-A3B-Instruct-FP8,None
2072@y_name@ASC,Bar,Hard,3.3169373273849487,6.6338746547698975,2,0.0,0.0,0.0,0.0,0.0,0.0,0.0,0.0,0.0,0.0,1.0,0.0,0.0,True,Qwen/Qwen3-Coder-30B-A3B-Instruct-FP8,None
2072@y_name@ASC,Bar,Hard,3.3169373273849487,6.6338746547698975,2,0.0,0.0,0.0,0.0,0.0,0.0,0.0,0.0,0.0,0.0,1.0,0.0,0.0,True,Qwen/Qwen3-Coder-30B-A3B-Instruct-FP8,None
2072@y_name@ASC,Bar,Hard,3.3169373273849487,6.6338746547698975,2,0.0,0.0,0.0,0.0,0.0,0.0,0.0,0.0,0.0,0.0,1.0,0.0,0.0,True,Qwen/Qwen3-Coder-30B-A3B-Instruct-FP8,None
2655@x_name@ASC,Bar,Medium,2.607194185256958,5.214388370513916,2,0.0,0.0,0.0,0.0,0.0,1.0,0.0,0.0,0.0,1.0,0.0,,0.0,False,Qwen/Qwen3-Coder-30B-A3B-Instruct-FP8,None
2655@x_name@ASC,Bar,Medium,2.607194185256958,5.214388370513916,2,0.0,0.0,0.0,0.0,0.0,1.0,0.0,0.0,0.0,1.0,0.0,,0.0,False,Qwen/Qwen3-Coder-30B-A3B-Instruct-FP8,None
2655@x_name@ASC,Bar,Medium,2.607194185256958,5.214388370513916,2,0.0,0.0,0.0,0.0,0.0,1.0,0.0,0.0,0.0,1.0,0.0,,0.0,False,Qwen/Qwen3-Coder-30B-A3B-Instruct-FP8,None
2658@y_name@ASC,Bar,Medium,2.582655668258667,7.747967004776001,3,0.0,0.0,0.0,0.0,0.0,0.0,0.0,0.0,0.0,0.0,1.0,0.0,0.0,False,Qwen/Qwen3-Coder-30B-A3B-Instruct-FP8,None
2658@y_name@ASC,Bar,Medium,2.582655668258667,7.747967004776001,3,0.0,0.0,0.0,0.0,0.0,0.0,0.0,0.0,0.0,0.0,1.0,0.0,0.0,False,Qwen/Qwen3-Coder-30B-A3B-Instruct-FP8,None
2658@y_name@ASC,Bar,Medium,2.582655668258667,7.747967004776001,3,0.0,0.0,0.0,0.0,0.0,0.0,0.0,0.0,0.0,0.0,1.0,0.0,0.0,False,Qwen/Qwen3-Coder-30B-A3B-Instruct-FP8,None
2659@x_name@ASC,Bar,Medium,13.565972685813904,27.131945371627808,2,1.0,0.0,0.0,0.0,0.0,0.0,0.0,0.0,1.0,0.0,0.0,,0.0,False,Qwen/Qwen3-Coder-30B-A3B-Instruct-FP8,None
2659@x_name@ASC,Bar,Medium,13.565972685813904,27.131945371627808,2,1.0,0.0,0.0,0.0,0.0,0.0,0.0,0.0,1.0,0.0,0.0,,0.0,False,Qwen/Qwen3-Coder-30B-A3B-Instruct-FP8,None
2659@x_name@ASC,Bar,Medium,13.565972685813904,27.131945371627808,2,1.0,0.0,0.0,0.0,0.0,0.0,0.0,0.0,1.0,0.0,0.0,,0.0,False,Qwen/Qwen3-Coder-30B-A3B-Instruct-FP8,None
2691@x_name@ASC,Bar,Hard,3.8377208709716797,3.8377208709716797,1,0.0,0.0,0.0,0.0,0.0,0.0,0.0,0.0,0.0,0.0,1.0,0.0,0.0,True,Qwen/Qwen3-Coder-30B-A3B-Instruct-FP8,None
2691@x_name@ASC,Bar,Hard,3.8377208709716797,3.8377208709716797,1,0.0,0.0,0.0,0.0,0.0,0.0,0.0,0.0,0.0,0.0,1.0,0.0,0.0,True,Qwen/Qwen3-Coder-30B-A3B-Instruct-FP8,None
2691@x_name@ASC,Bar,Hard,3.8377208709716797,3.8377208709716797,1,0.0,0.0,0.0,0.0,0.0,0.0,0.0,0.0,0.0,0.0,1.0,0.0,0.0,True,Qwen/Qwen3-Coder-30B-A3B-Instruct-FP8,None
2360@y_name@DESC,Bar,Hard,15.743862271308899,62.975449085235596,4,1.0,0.0,0.0,0.0,0.0,0.0,0.0,0.0,1.0,0.0,0.0,,0.0,True,Qwen/Qwen3-Coder-30B-A3B-Instruct-FP8,None
2360@y_name@DESC,Bar,Hard,15.743862271308899,62.975449085235596,4,1.0,0.0,0.0,0.0,0.0,0.0,0.0,0.0,1.0,0.0,0.0,,0.0,True,Qwen/Qwen3-Coder-30B-A3B-Instruct-FP8,None
2360@y_name@DESC,Bar,Hard,15.743862271308899,62.975449085235596,4,1.0,0.0,0.0,0.0,0.0,0.0,0.0,0.0,1.0,0.0,0.0,,0.0,True,Qwen/Qwen3-Coder-30B-A3B-Instruct-FP8,None
2369@y_name@DESC,Bar,Hard,3.5635828177134194,10.690748453140259,3,0.0,0.0,0.0,0.0,0.0,0.0,0.0,0.0,0.0,0.0,1.0,0.0,0.0,True,Qwen/Qwen3-Coder-30B-A3B-Instruct-FP8,None
2369@y_name@DESC,Bar,Hard,3.5635828177134194,10.690748453140259,3,0.0,0.0,0.0,0.0,0.0,0.0,0.0,0.0,0.0,0.0,1.0,0.0,0.0,True,Qwen/Qwen3-Coder-30B-A3B-Instruct-FP8,None
2369@y_name@DESC,Bar,Hard,3.5635828177134194,10.690748453140259,3,0.0,0.0,0.0,0.0,0.0,0.0,0.0,0.0,0.0,0.0,1.0,0.0,0.0,True,Qwen/Qwen3-Coder-30B-A3B-Instruct-FP8,None
2383@x_name@ASC,Bar,Medium,3.698289394378662,3.698289394378662,1,0.0,0.0,0.0,0.0,0.0,0.0,0.0,0.0,0.0,0.0,1.0,0.0,0.0,True,Qwen/Qwen3-Coder-30B-A3B-Instruct-FP8,None
2383@x_name@ASC,Bar,Medium,3.698289394378662,3.698289394378662,1,0.0,0.0,0.0,0.0,0.0,0.0,0.0,0.0,0.0,0.0,1.0,0.0,0.0,True,Qwen/Qwen3-Coder-30B-A3B-Instruct-FP8,None
2383@x_name@ASC,Bar,Medium,3.698289394378662,3.698289394378662,1,0.0,0.0,0.0,0.0,0.0,0.0,0.0,0.0,0.0,0.0,1.0,0.0,0.0,True,Qwen/Qwen3-Coder-30B-A3B-Instruct-FP8,None
2398@y_name@DESC,Bar,Hard,3.7427358627319336,3.7427358627319336,1,0.0,0.0,0.0,0.0,0.0,0.0,0.0,0.0,0.0,0.0,1.0,0.0,0.0,True,Qwen/Qwen3-Coder-30B-A3B-Instruct-FP8,None
2398@y_name@DESC,Bar,Hard,3.7427358627319336,3.7427358627319336,1,0.0,0.0,0.0,0.0,0.0,0.0,0.0,0.0,0.0,0.0,1.0,0.0,0.0,True,Qwen/Qwen3-Coder-30B-A3B-Instruct-FP8,None
2398@y_name@DESC,Bar,Hard,3.7427358627319336,3.7427358627319336,1,0.0,0.0,0.0,0.0,0.0,0.0,0.0,0.0,0.0,0.0,1.0,0.0,0.0,True,Qwen/Qwen3-Coder-30B-A3B-Instruct-FP8,None
2402@y_name@ASC,Bar,Hard,5.191744327545166,15.575232982635498,3,0.0,0.0,0.0,0.0,0.3333333333333333,0.0,0.0,0.0,0.0,0.3333333333333333,0.6666666666666666,0.0,0.0,True,Qwen/Qwen3-Coder-30B-A3B-Instruct-FP8,None
2402@y_name@ASC,Bar,Hard,5.191744327545166,15.575232982635498,3,0.0,0.0,0.0,0.0,0.3333333333333333,0.0,0.0,0.0,0.0,0.3333333333333333,0.6666666666666666,0.0,0.0,True,Qwen/Qwen3-Coder-30B-A3B-Instruct-FP8,None
2402@y_name@ASC,Bar,Hard,5.191744327545166,15.575232982635498,3,0.0,0.0,0.0,0.0,0.3333333333333333,0.0,0.0,0.0,0.0,0.3333333333333333,0.6666666666666666,0.0,0.0,True,Qwen/Qwen3-Coder-30B-A3B-Instruct-FP8,None
2405@y_name@DESC,Bar,Extra Hard,3.8447089791297913,15.378835916519165,4,0.0,0.0,0.0,0.0,0.25,0.0,0.0,0.0,0.0,0.25,0.75,0.0,0.0,True,Qwen/Qwen3-Coder-30B-A3B-Instruct-FP8,None
2405@y_name@DESC,Bar,Extra Hard,3.8447089791297913,15.378835916519165,4,0.0,0.0,0.0,0.0,0.25,0.0,0.0,0.0,0.0,0.25,0.75,0.0,0.0,True,Qwen/Qwen3-Coder-30B-A3B-Instruct-FP8,None
2405@y_name@DESC,Bar,Extra Hard,3.8447089791297913,15.378835916519165,4,0.0,0.0,0.0,0.0,0.25,0.0,0.0,0.0,0.0,0.25,0.75,0.0,0.0,True,Qwen/Qwen3-Coder-30B-A3B-Instruct-FP8,None
1432@y_name@DESC,Bar,Hard,3.23112416267395,3.23112416267395,1,0.0,0.0,0.0,0.0,1.0,0.0,0.0,0.0,0.0,1.0,0.0,,0.0,True,Qwen/Qwen3-Coder-30B-A3B-Instruct-FP8,None
1432@y_name@DESC,Bar,Hard,3.23112416267395,3.23112416267395,1,0.0,0.0,0.0,0.0,1.0,0.0,0.0,0.0,0.0,1.0,0.0,,0.0,True,Qwen/Qwen3-Coder-30B-A3B-Instruct-FP8,None
1432@y_name@DESC,Bar,Hard,3.23112416267395,3.23112416267395,1,0.0,0.0,0.0,0.0,1.0,0.0,0.0,0.0,0.0,1.0,0.0,,0.0,True,Qwen/Qwen3-Coder-30B-A3B-Instruct-FP8,None
679@x_name@ASC,Bar,Medium,2.3718042373657227,2.3718042373657227,1,0.0,0.0,0.0,0.0,0.0,0.0,0.0,0.0,0.0,0.0,1.0,0.0,0.0,False,Qwen/Qwen3-Coder-30B-A3B-Instruct-FP8,None
679@x_name@ASC,Bar,Medium,2.3718042373657227,2.3718042373657227,1,0.0,0.0,0.0,0.0,0.0,0.0,0.0,0.0,0.0,0.0,1.0,0.0,0.0,False,Qwen/Qwen3-Coder-30B-A3B-Instruct-FP8,None
679@x_name@ASC,Bar,Medium,2.3718042373657227,2.3718042373657227,1,0.0,0.0,0.0,0.0,0.0,0.0,0.0,0.0,0.0,0.0,1.0,0.0,0.0,False,Qwen/Qwen3-Coder-30B-A3B-Instruct-FP8,None
680@y_name@DESC,Stacked Bar,Hard,4.902056574821472,9.804113149642944,2,0.0,0.0,0.0,0.0,0.5,0.5,0.0,0.0,0.0,1.0,0.0,,0.0,False,Qwen/Qwen3-Coder-30B-A3B-Instruct-FP8,None
680@y_name@DESC,Stacked Bar,Hard,4.902056574821472,9.804113149642944,2,0.0,0.0,0.0,0.0,0.5,0.5,0.0,0.0,0.0,1.0,0.0,,0.0,False,Qwen/Qwen3-Coder-30B-A3B-Instruct-FP8,None
680@y_name@DESC,Stacked Bar,Hard,4.902056574821472,9.804113149642944,2,0.0,0.0,0.0,0.0,0.5,0.5,0.0,0.0,0.0,1.0,0.0,,0.0,False,Qwen/Qwen3-Coder-30B-A3B-Instruct-FP8,None
682@x_name@ASC,Bar,Medium,2.0673182010650635,2.0673182010650635,1,0.0,0.0,0.0,0.0,0.0,0.0,0.0,0.0,0.0,0.0,1.0,0.0,0.0,False,Qwen/Qwen3-Coder-30B-A3B-Instruct-FP8,None
682@x_name@ASC,Bar,Medium,2.0673182010650635,2.0673182010650635,1,0.0,0.0,0.0,0.0,0.0,0.0,0.0,0.0,0.0,0.0,1.0,0.0,0.0,False,Qwen/Qwen3-Coder-30B-A3B-Instruct-FP8,None
682@x_name@ASC,Bar,Medium,2.0673182010650635,2.0673182010650635,1,0.0,0.0,0.0,0.0,0.0,0.0,0.0,0.0,0.0,0.0,1.0,0.0,0.0,False,Qwen/Qwen3-Coder-30B-A3B-Instruct-FP8,None
2494@x_name@DESC,Bar,Medium,12.739264488220215,12.739264488220215,1,1.0,0.0,0.0,0.0,0.0,0.0,0.0,0.0,1.0,0.0,0.0,,0.0,False,Qwen/Qwen3-Coder-30B-A3B-Instruct-FP8,None
2494@x_name@DESC,Bar,Medium,12.739264488220215,12.739264488220215,1,1.0,0.0,0.0,0.0,0.0,0.0,0.0,0.0,1.0,0.0,0.0,,0.0,False,Qwen/Qwen3-Coder-30B-A3B-Instruct-FP8,None
2494@x_name@DESC,Bar,Medium,12.739264488220215,12.739264488220215,1,1.0,0.0,0.0,0.0,0.0,0.0,0.0,0.0,1.0,0.0,0.0,,0.0,False,Qwen/Qwen3-Coder-30B-A3B-Instruct-FP8,None
415@x_name@DESC,Line,Medium,2.5088321566581726,10.03532862663269,4,0.0,0.0,0.0,0.0,0.0,0.0,0.0,0.0,0.0,0.0,1.0,0.0,0.0,False,Qwen/Qwen3-Coder-30B-A3B-Instruct-FP8,None
415@x_name@DESC,Line,Medium,2.5088321566581726,10.03532862663269,4,0.0,0.0,0.0,0.0,0.0,0.0,0.0,0.0,0.0,0.0,1.0,0.0,0.0,False,Qwen/Qwen3-Coder-30B-A3B-Instruct-FP8,None
415@x_name@DESC,Line,Medium,2.5088321566581726,10.03532862663269,4,0.0,0.0,0.0,0.0,0.0,0.0,0.0,0.0,0.0,0.0,1.0,0.0,0.0,False,Qwen/Qwen3-Coder-30B-A3B-Instruct-FP8,None
420@x_name@ASC,Bar,Hard,7.826488971710205,15.65297794342041,2,0.0,0.0,0.0,0.0,0.5,0.0,0.0,0.0,0.0,0.5,0.5,0.0,0.0,True,Qwen/Qwen3-Coder-30B-A3B-Instruct-FP8,None
420@x_name@ASC,Bar,Hard,7.826488971710205,15.65297794342041,2,0.0,0.0,0.0,0.0,0.5,0.0,0.0,0.0,0.0,0.5,0.5,0.0,0.0,True,Qwen/Qwen3-Coder-30B-A3B-Instruct-FP8,None
420@x_name@ASC,Bar,Hard,7.826488971710205,15.65297794342041,2,0.0,0.0,0.0,0.0,0.5,0.0,0.0,0.0,0.0,0.5,0.5,0.0,0.0,True,Qwen/Qwen3-Coder-30B-A3B-Instruct-FP8,None
434@y_name@DESC,Bar,Hard,5.055331826210022,30.331990957260132,6,0.0,0.0,0.0,0.0,0.3333333333333333,0.0,0.0,0.0,0.0,0.3333333333333333,0.6666666666666666,0.0,0.0,True,Qwen/Qwen3-Coder-30B-A3B-Instruct-FP8,None
434@y_name@DESC,Bar,Hard,5.055331826210022,30.331990957260132,6,0.0,0.0,0.0,0.0,0.3333333333333333,0.0,0.0,0.0,0.0,0.3333333333333333,0.6666666666666666,0.0,0.0,True,Qwen/Qwen3-Coder-30B-A3B-Instruct-FP8,None
434@y_name@DESC,Bar,Hard,5.055331826210022,30.331990957260132,6,0.0,0.0,0.0,0.0,0.3333333333333333,0.0,0.0,0.0,0.0,0.3333333333333333,0.6666666666666666,0.0,0.0,True,Qwen/Qwen3-Coder-30B-A3B-Instruct-FP8,None
1032@y_name@DESC,Bar,Medium,2.224753657976786,13.348521947860718,6,0.0,0.0,0.0,0.0,0.0,0.0,0.0,0.0,0.0,0.0,1.0,0.0,0.0,False,Qwen/Qwen3-Coder-30B-A3B-Instruct-FP8,None
1032@y_name@DESC,Bar,Medium,2.224753657976786,13.348521947860718,6,0.0,0.0,0.0,0.0,0.0,0.0,0.0,0.0,0.0,0.0,1.0,0.0,0.0,False,Qwen/Qwen3-Coder-30B-A3B-Instruct-FP8,None
1032@y_name@DESC,Bar,Medium,2.224753657976786,13.348521947860718,6,0.0,0.0,0.0,0.0,0.0,0.0,0.0,0.0,0.0,0.0,1.0,0.0,0.0,False,Qwen/Qwen3-Coder-30B-A3B-Instruct-FP8,None
1043@y_name@DESC,Bar,Medium,1.9489773909250896,5.8469321727752686,3,0.0,0.0,0.0,0.0,0.0,0.0,0.0,0.0,0.0,0.0,1.0,0.0,0.0,False,Qwen/Qwen3-Coder-30B-A3B-Instruct-FP8,None
1043@y_name@DESC,Bar,Medium,1.9489773909250896,5.8469321727752686,3,0.0,0.0,0.0,0.0,0.0,0.0,0.0,0.0,0.0,0.0,1.0,0.0,0.0,False,Qwen/Qwen3-Coder-30B-A3B-Instruct-FP8,None
1043@y_name@DESC,Bar,Medium,1.9489773909250896,5.8469321727752686,3,0.0,0.0,0.0,0.0,0.0,0.0,0.0,0.0,0.0,0.0,1.0,0.0,0.0,False,Qwen/Qwen3-Coder-30B-A3B-Instruct-FP8,None
1060@y_name@DESC,Bar,Hard,3.5110636353492737,14.044254541397095,4,0.0,0.0,0.0,0.0,0.0,0.0,0.0,0.0,0.0,0.0,1.0,0.0,0.0,True,Qwen/Qwen3-Coder-30B-A3B-Instruct-FP8,None
1060@y_name@DESC,Bar,Hard,3.5110636353492737,14.044254541397095,4,0.0,0.0,0.0,0.0,0.0,0.0,0.0,0.0,0.0,0.0,1.0,0.0,0.0,True,Qwen/Qwen3-Coder-30B-A3B-Instruct-FP8,None
1060@y_name@DESC,Bar,Hard,3.5110636353492737,14.044254541397095,4,0.0,0.0,0.0,0.0,0.0,0.0,0.0,0.0,0.0,0.0,1.0,0.0,0.0,True,Qwen/Qwen3-Coder-30B-A3B-Instruct-FP8,None
2162@y_name@ASC,Bar,Extra Hard,4.983627557754517,14.95088267326355,3,0.0,0.0,0.0,0.0,0.0,0.0,0.0,0.0,0.0,0.0,1.0,0.0,0.0,True,Qwen/Qwen3-Coder-30B-A3B-Instruct-FP8,None
2162@y_name@ASC,Bar,Extra Hard,4.983627557754517,14.95088267326355,3,0.0,0.0,0.0,0.0,0.0,0.0,0.0,0.0,0.0,0.0,1.0,0.0,0.0,True,Qwen/Qwen3-Coder-30B-A3B-Instruct-FP8,None
2162@y_name@ASC,Bar,Extra Hard,4.983627557754517,14.95088267326355,3,0.0,0.0,0.0,0.0,0.0,0.0,0.0,0.0,0.0,0.0,1.0,0.0,0.0,True,Qwen/Qwen3-Coder-30B-A3B-Instruct-FP8,None
2164@y_name@ASC,Bar,Hard,4.57360053062439,4.57360053062439,1,0.0,0.0,0.0,0.0,0.0,0.0,0.0,0.0,0.0,0.0,1.0,0.0,0.0,True,Qwen/Qwen3-Coder-30B-A3B-Instruct-FP8,None
2164@y_name@ASC,Bar,Hard,4.57360053062439,4.57360053062439,1,0.0,0.0,0.0,0.0,0.0,0.0,0.0,0.0,0.0,0.0,1.0,0.0,0.0,True,Qwen/Qwen3-Coder-30B-A3B-Instruct-FP8,None
2164@y_name@ASC,Bar,Hard,4.57360053062439,4.57360053062439,1,0.0,0.0,0.0,0.0,0.0,0.0,0.0,0.0,0.0,0.0,1.0,0.0,0.0,True,Qwen/Qwen3-Coder-30B-A3B-Instruct-FP8,None
2165@y_name@DESC,Bar,Hard,3.053740660349528,9.161221981048584,3,0.0,0.0,0.0,0.0,0.0,0.0,0.0,0.0,0.0,0.0,1.0,0.0,0.0,False,Qwen/Qwen3-Coder-30B-A3B-Instruct-FP8,None
2165@y_name@DESC,Bar,Hard,3.053740660349528,9.161221981048584,3,0.0,0.0,0.0,0.0,0.0,0.0,0.0,0.0,0.0,0.0,1.0,0.0,0.0,False,Qwen/Qwen3-Coder-30B-A3B-Instruct-FP8,None
2165@y_name@DESC,Bar,Hard,3.053740660349528,9.161221981048584,3,0.0,0.0,0.0,0.0,0.0,0.0,0.0,0.0,0.0,0.0,1.0,0.0,0.0,False,Qwen/Qwen3-Coder-30B-A3B-Instruct-FP8,None
2169@y_name@ASC,Bar,Medium,2.3776841163635254,4.755368232727051,2,0.0,0.0,0.0,0.0,0.0,0.0,0.0,0.0,0.0,0.0,1.0,0.0,0.0,False,Qwen/Qwen3-Coder-30B-A3B-Instruct-FP8,None
2169@y_name@ASC,Bar,Medium,2.3776841163635254,4.755368232727051,2,0.0,0.0,0.0,0.0,0.0,0.0,0.0,0.0,0.0,0.0,1.0,0.0,0.0,False,Qwen/Qwen3-Coder-30B-A3B-Instruct-FP8,None
2169@y_name@ASC,Bar,Medium,2.3776841163635254,4.755368232727051,2,0.0,0.0,0.0,0.0,0.0,0.0,0.0,0.0,0.0,0.0,1.0,0.0,0.0,False,Qwen/Qwen3-Coder-30B-A3B-Instruct-FP8,None
2766@y_name@ASC,Bar,Extra Hard,3.789658705393473,11.36897611618042,3,0.0,0.0,0.0,0.0,0.0,0.0,0.0,0.0,0.0,0.0,1.0,0.0,0.0,True,Qwen/Qwen3-Coder-30B-A3B-Instruct-FP8,None
2766@y_name@ASC,Bar,Extra Hard,3.789658705393473,11.36897611618042,3,0.0,0.0,0.0,0.0,0.0,0.0,0.0,0.0,0.0,0.0,1.0,0.0,0.0,True,Qwen/Qwen3-Coder-30B-A3B-Instruct-FP8,None
2766@y_name@ASC,Bar,Extra Hard,3.789658705393473,11.36897611618042,3,0.0,0.0,0.0,0.0,0.0,0.0,0.0,0.0,0.0,0.0,1.0,0.0,0.0,True,Qwen/Qwen3-Coder-30B-A3B-Instruct-FP8,None
3279@y_name@ASC,Bar,Medium,2.5892667373021445,15.535600423812866,6,0.0,0.0,0.0,0.0,0.0,0.0,0.0,0.0,0.0,0.0,1.0,0.0,0.0,False,Qwen/Qwen3-Coder-30B-A3B-Instruct-FP8,None
3279@y_name@ASC,Bar,Medium,2.5892667373021445,15.535600423812866,6,0.0,0.0,0.0,0.0,0.0,0.0,0.0,0.0,0.0,0.0,1.0,0.0,0.0,False,Qwen/Qwen3-Coder-30B-A3B-Instruct-FP8,None
3279@y_name@ASC,Bar,Medium,2.5892667373021445,15.535600423812866,6,0.0,0.0,0.0,0.0,0.0,0.0,0.0,0.0,0.0,0.0,1.0,0.0,0.0,False,Qwen/Qwen3-Coder-30B-A3B-Instruct-FP8,None
3283@y_name@ASC,Bar,Medium,1.784774124622345,7.13909649848938,4,0.0,0.0,0.0,0.0,0.0,0.0,0.0,0.0,0.0,0.0,1.0,0.0,0.0,False,Qwen/Qwen3-Coder-30B-A3B-Instruct-FP8,None
3283@y_name@ASC,Bar,Medium,1.784774124622345,7.13909649848938,4,0.0,0.0,0.0,0.0,0.0,0.0,0.0,0.0,0.0,0.0,1.0,0.0,0.0,False,Qwen/Qwen3-Coder-30B-A3B-Instruct-FP8,None
3283@y_name@ASC,Bar,Medium,1.784774124622345,7.13909649848938,4,0.0,0.0,0.0,0.0,0.0,0.0,0.0,0.0,0.0,0.0,1.0,0.0,0.0,False,Qwen/Qwen3-Coder-30B-A3B-Instruct-FP8,None
2537@y_name@DESC,Bar,Extra Hard,4.89156186580658,9.78312373161316,2,0.0,0.0,0.0,0.0,0.0,0.0,0.0,0.0,0.0,0.0,1.0,0.0,0.0,True,Qwen/Qwen3-Coder-30B-A3B-Instruct-FP8,None
2537@y_name@DESC,Bar,Extra Hard,4.89156186580658,9.78312373161316,2,0.0,0.0,0.0,0.0,0.0,0.0,0.0,0.0,0.0,0.0,1.0,0.0,0.0,True,Qwen/Qwen3-Coder-30B-A3B-Instruct-FP8,None
2537@y_name@DESC,Bar,Extra Hard,4.89156186580658,9.78312373161316,2,0.0,0.0,0.0,0.0,0.0,0.0,0.0,0.0,0.0,0.0,1.0,0.0,0.0,True,Qwen/Qwen3-Coder-30B-A3B-Instruct-FP8,None
2539@y_name@ASC,Bar,Medium,2.484171152114868,4.968342304229736,2,0.0,0.0,0.0,0.0,0.0,0.0,0.0,0.0,0.0,0.0,1.0,0.0,0.0,False,Qwen/Qwen3-Coder-30B-A3B-Instruct-FP8,None
2539@y_name@ASC,Bar,Medium,2.484171152114868,4.968342304229736,2,0.0,0.0,0.0,0.0,0.0,0.0,0.0,0.0,0.0,0.0,1.0,0.0,0.0,False,Qwen/Qwen3-Coder-30B-A3B-Instruct-FP8,None
2539@y_name@ASC,Bar,Medium,2.484171152114868,4.968342304229736,2,0.0,0.0,0.0,0.0,0.0,0.0,0.0,0.0,0.0,0.0,1.0,0.0,0.0,False,Qwen/Qwen3-Coder-30B-A3B-Instruct-FP8,None
1069@x_name@DESC,Bar,Medium,2.401149868965149,4.802299737930298,2,0.0,0.0,0.0,0.0,0.0,1.0,0.0,0.0,0.0,1.0,0.0,,0.0,False,Qwen/Qwen3-Coder-30B-A3B-Instruct-FP8,None
1069@x_name@DESC,Bar,Medium,2.401149868965149,4.802299737930298,2,0.0,0.0,0.0,0.0,0.0,1.0,0.0,0.0,0.0,1.0,0.0,,0.0,False,Qwen/Qwen3-Coder-30B-A3B-Instruct-FP8,None
1069@x_name@DESC,Bar,Medium,2.401149868965149,4.802299737930298,2,0.0,0.0,0.0,0.0,0.0,1.0,0.0,0.0,0.0,1.0,0.0,,0.0,False,Qwen/Qwen3-Coder-30B-A3B-Instruct-FP8,None
1077@y_name@ASC,Bar,Medium,2.172653913497925,4.34530782699585,2,0.0,0.0,0.0,0.0,0.0,0.0,0.0,0.0,0.0,0.0,1.0,0.0,0.0,False,Qwen/Qwen3-Coder-30B-A3B-Instruct-FP8,None
1077@y_name@ASC,Bar,Medium,2.172653913497925,4.34530782699585,2,0.0,0.0,0.0,0.0,0.0,0.0,0.0,0.0,0.0,0.0,1.0,0.0,0.0,False,Qwen/Qwen3-Coder-30B-A3B-Instruct-FP8,None
1077@y_name@ASC,Bar,Medium,2.172653913497925,4.34530782699585,2,0.0,0.0,0.0,0.0,0.0,0.0,0.0,0.0,0.0,0.0,1.0,0.0,0.0,False,Qwen/Qwen3-Coder-30B-A3B-Instruct-FP8,None
1078@x_name@ASC,Bar,Hard,3.895289182662964,3.895289182662964,1,0.0,0.0,0.0,0.0,0.0,1.0,0.0,0.0,0.0,1.0,0.0,,0.0,True,Qwen/Qwen3-Coder-30B-A3B-Instruct-FP8,None
1078@x_name@ASC,Bar,Hard,3.895289182662964,3.895289182662964,1,0.0,0.0,0.0,0.0,0.0,1.0,0.0,0.0,0.0,1.0,0.0,,0.0,True,Qwen/Qwen3-Coder-30B-A3B-Instruct-FP8,None
1078@x_name@ASC,Bar,Hard,3.895289182662964,3.895289182662964,1,0.0,0.0,0.0,0.0,0.0,1.0,0.0,0.0,0.0,1.0,0.0,,0.0,True,Qwen/Qwen3-Coder-30B-A3B-Instruct-FP8,None
1080@x_name@DESC,Bar,Hard,4.406992673873901,4.406992673873901,1,0.0,0.0,0.0,0.0,0.0,1.0,0.0,0.0,0.0,1.0,0.0,,0.0,True,Qwen/Qwen3-Coder-30B-A3B-Instruct-FP8,None
1080@x_name@DESC,Bar,Hard,4.406992673873901,4.406992673873901,1,0.0,0.0,0.0,0.0,0.0,1.0,0.0,0.0,0.0,1.0,0.0,,0.0,True,Qwen/Qwen3-Coder-30B-A3B-Instruct-FP8,None
1080@x_name@DESC,Bar,Hard,4.406992673873901,4.406992673873901,1,0.0,0.0,0.0,0.0,0.0,1.0,0.0,0.0,0.0,1.0,0.0,,0.0,True,Qwen/Qwen3-Coder-30B-A3B-Instruct-FP8,None
1083@x_name@DESC,Bar,Hard,3.4633402824401855,3.4633402824401855,1,0.0,0.0,0.0,0.0,0.0,1.0,0.0,0.0,0.0,1.0,0.0,,0.0,True,Qwen/Qwen3-Coder-30B-A3B-Instruct-FP8,None
1083@x_name@DESC,Bar,Hard,3.4633402824401855,3.4633402824401855,1,0.0,0.0,0.0,0.0,0.0,1.0,0.0,0.0,0.0,1.0,0.0,,0.0,True,Qwen/Qwen3-Coder-30B-A3B-Instruct-FP8,None
1083@x_name@DESC,Bar,Hard,3.4633402824401855,3.4633402824401855,1,0.0,0.0,0.0,0.0,0.0,1.0,0.0,0.0,0.0,1.0,0.0,,0.0,True,Qwen/Qwen3-Coder-30B-A3B-Instruct-FP8,None
1250@y_name@DESC,Bar,Extra Hard,6.951303243637085,27.80521297454834,4,0.25,0.0,0.0,0.0,0.25,0.5,0.0,0.0,0.25,0.75,0.0,,0.0,True,Qwen/Qwen3-Coder-30B-A3B-Instruct-FP8,None
1250@y_name@DESC,Bar,Extra Hard,6.951303243637085,27.80521297454834,4,0.25,0.0,0.0,0.0,0.25,0.5,0.0,0.0,0.25,0.75,0.0,,0.0,True,Qwen/Qwen3-Coder-30B-A3B-Instruct-FP8,None
1250@y_name@DESC,Bar,Extra Hard,6.951303243637085,27.80521297454834,4,0.25,0.0,0.0,0.0,0.25,0.5,0.0,0.0,0.25,0.75,0.0,,0.0,True,Qwen/Qwen3-Coder-30B-A3B-Instruct-FP8,None
1254@x_name@ASC,Line,Extra Hard,4.003581285476685,8.00716257095337,2,0.0,0.0,0.0,0.0,0.0,0.0,0.0,0.0,0.0,0.0,1.0,0.0,0.0,True,Qwen/Qwen3-Coder-30B-A3B-Instruct-FP8,None
1254@x_name@ASC,Line,Extra Hard,4.003581285476685,8.00716257095337,2,0.0,0.0,0.0,0.0,0.0,0.0,0.0,0.0,0.0,0.0,1.0,0.0,0.0,True,Qwen/Qwen3-Coder-30B-A3B-Instruct-FP8,None
1254@x_name@ASC,Line,Extra Hard,4.003581285476685,8.00716257095337,2,0.0,0.0,0.0,0.0,0.0,0.0,0.0,0.0,0.0,0.0,1.0,0.0,0.0,True,Qwen/Qwen3-Coder-30B-A3B-Instruct-FP8,None
1273@x_name@DESC,Bar,Hard,3.7683115005493164,15.073246002197266,4,0.0,0.0,0.0,0.0,0.0,0.25,0.0,0.0,0.0,0.25,0.75,0.0,0.0,True,Qwen/Qwen3-Coder-30B-A3B-Instruct-FP8,None
1273@x_name@DESC,Bar,Hard,3.7683115005493164,15.073246002197266,4,0.0,0.0,0.0,0.0,0.0,0.25,0.0,0.0,0.0,0.25,0.75,0.0,0.0,True,Qwen/Qwen3-Coder-30B-A3B-Instruct-FP8,None
1273@x_name@DESC,Bar,Hard,3.7683115005493164,15.073246002197266,4,0.0,0.0,0.0,0.0,0.0,0.25,0.0,0.0,0.0,0.25,0.75,0.0,0.0,True,Qwen/Qwen3-Coder-30B-A3B-Instruct-FP8,None
1278@y_name@ASC,Bar,Hard,3.257284641265869,6.514569282531738,2,0.0,0.0,0.0,0.0,0.0,0.0,0.0,0.0,0.0,0.0,1.0,0.0,0.0,True,Qwen/Qwen3-Coder-30B-A3B-Instruct-FP8,None
1278@y_name@ASC,Bar,Hard,3.257284641265869,6.514569282531738,2,0.0,0.0,0.0,0.0,0.0,0.0,0.0,0.0,0.0,0.0,1.0,0.0,0.0,True,Qwen/Qwen3-Coder-30B-A3B-Instruct-FP8,None
1278@y_name@ASC,Bar,Hard,3.257284641265869,6.514569282531738,2,0.0,0.0,0.0,0.0,0.0,0.0,0.0,0.0,0.0,0.0,1.0,0.0,0.0,True,Qwen/Qwen3-Coder-30B-A3B-Instruct-FP8,None
1289@y_name@DESC,Bar,Hard,3.2818158864974976,6.563631772994995,2,0.0,0.0,0.0,0.0,0.0,0.0,0.0,0.0,0.0,0.0,1.0,0.0,0.0,True,Qwen/Qwen3-Coder-30B-A3B-Instruct-FP8,None
1289@y_name@DESC,Bar,Hard,3.2818158864974976,6.563631772994995,2,0.0,0.0,0.0,0.0,0.0,0.0,0.0,0.0,0.0,0.0,1.0,0.0,0.0,True,Qwen/Qwen3-Coder-30B-A3B-Instruct-FP8,None
1289@y_name@DESC,Bar,Hard,3.2818158864974976,6.563631772994995,2,0.0,0.0,0.0,0.0,0.0,0.0,0.0,0.0,0.0,0.0,1.0,0.0,0.0,True,Qwen/Qwen3-Coder-30B-A3B-Instruct-FP8,None
1293@y_name@DESC,Bar,Extra Hard,4.078452110290527,4.078452110290527,1,0.0,0.0,0.0,0.0,0.0,0.0,0.0,0.0,0.0,0.0,1.0,0.0,0.0,True,Qwen/Qwen3-Coder-30B-A3B-Instruct-FP8,None
1293@y_name@DESC,Bar,Extra Hard,4.078452110290527,4.078452110290527,1,0.0,0.0,0.0,0.0,0.0,0.0,0.0,0.0,0.0,0.0,1.0,0.0,0.0,True,Qwen/Qwen3-Coder-30B-A3B-Instruct-FP8,None
1293@y_name@DESC,Bar,Extra Hard,4.078452110290527,4.078452110290527,1,0.0,0.0,0.0,0.0,0.0,0.0,0.0,0.0,0.0,0.0,1.0,0.0,0.0,True,Qwen/Qwen3-Coder-30B-A3B-Instruct-FP8,None
1298@y_name@ASC,Bar,Medium,2.510164260864258,5.020328521728516,2,0.0,0.0,0.0,0.0,0.0,0.0,0.0,0.0,0.0,0.0,1.0,0.0,0.0,False,Qwen/Qwen3-Coder-30B-A3B-Instruct-FP8,None
1298@y_name@ASC,Bar,Medium,2.510164260864258,5.020328521728516,2,0.0,0.0,0.0,0.0,0.0,0.0,0.0,0.0,0.0,0.0,1.0,0.0,0.0,False,Qwen/Qwen3-Coder-30B-A3B-Instruct-FP8,None
1298@y_name@ASC,Bar,Medium,2.510164260864258,5.020328521728516,2,0.0,0.0,0.0,0.0,0.0,0.0,0.0,0.0,0.0,0.0,1.0,0.0,0.0,False,Qwen/Qwen3-Coder-30B-A3B-Instruct-FP8,None
1299@y_name@DESC,Bar,Medium,2.7239787578582764,5.447957515716553,2,0.0,0.0,0.0,0.0,0.0,0.0,0.0,0.0,0.0,0.0,1.0,0.0,0.0,False,Qwen/Qwen3-Coder-30B-A3B-Instruct-FP8,None
1299@y_name@DESC,Bar,Medium,2.7239787578582764,5.447957515716553,2,0.0,0.0,0.0,0.0,0.0,0.0,0.0,0.0,0.0,0.0,1.0,0.0,0.0,False,Qwen/Qwen3-Coder-30B-A3B-Instruct-FP8,None
1299@y_name@DESC,Bar,Medium,2.7239787578582764,5.447957515716553,2,0.0,0.0,0.0,0.0,0.0,0.0,0.0,0.0,0.0,0.0,1.0,0.0,0.0,False,Qwen/Qwen3-Coder-30B-A3B-Instruct-FP8,None
1300@x_name@DESC,Line,Medium,2.4113504886627197,2.4113504886627197,1,0.0,0.0,0.0,0.0,1.0,0.0,0.0,0.0,0.0,1.0,0.0,,0.0,False,Qwen/Qwen3-Coder-30B-A3B-Instruct-FP8,None
1300@x_name@DESC,Line,Medium,2.4113504886627197,2.4113504886627197,1,0.0,0.0,0.0,0.0,1.0,0.0,0.0,0.0,0.0,1.0,0.0,,0.0,False,Qwen/Qwen3-Coder-30B-A3B-Instruct-FP8,None
1300@x_name@DESC,Line,Medium,2.4113504886627197,2.4113504886627197,1,0.0,0.0,0.0,0.0,1.0,0.0,0.0,0.0,0.0,1.0,0.0,,0.0,False,Qwen/Qwen3-Coder-30B-A3B-Instruct-FP8,None
769@x_name@DESC,Bar,Medium,3.403843641281128,3.403843641281128,1,0.0,0.0,0.0,0.0,0.0,0.0,0.0,0.0,0.0,0.0,1.0,0.0,0.0,False,Qwen/Qwen3-Coder-30B-A3B-Instruct-FP8,None
769@x_name@DESC,Bar,Medium,3.403843641281128,3.403843641281128,1,0.0,0.0,0.0,0.0,0.0,0.0,0.0,0.0,0.0,0.0,1.0,0.0,0.0,False,Qwen/Qwen3-Coder-30B-A3B-Instruct-FP8,None
769@x_name@DESC,Bar,Medium,3.403843641281128,3.403843641281128,1,0.0,0.0,0.0,0.0,0.0,0.0,0.0,0.0,0.0,0.0,1.0,0.0,0.0,False,Qwen/Qwen3-Coder-30B-A3B-Instruct-FP8,None
772@y_name@DESC,Bar,Medium,2.757496953010559,5.514993906021118,2,0.0,0.0,0.0,0.0,0.0,0.0,0.0,0.0,0.0,0.0,1.0,0.0,0.0,False,Qwen/Qwen3-Coder-30B-A3B-Instruct-FP8,None
772@y_name@DESC,Bar,Medium,2.757496953010559,5.514993906021118,2,0.0,0.0,0.0,0.0,0.0,0.0,0.0,0.0,0.0,0.0,1.0,0.0,0.0,False,Qwen/Qwen3-Coder-30B-A3B-Instruct-FP8,None
772@y_name@DESC,Bar,Medium,2.757496953010559,5.514993906021118,2,0.0,0.0,0.0,0.0,0.0,0.0,0.0,0.0,0.0,0.0,1.0,0.0,0.0,False,Qwen/Qwen3-Coder-30B-A3B-Instruct-FP8,None
773@x_name@DESC,Line,Medium,2.966040849685669,5.932081699371338,2,0.0,0.0,0.0,0.0,0.0,0.0,0.0,0.0,0.0,0.0,1.0,0.0,0.0,False,Qwen/Qwen3-Coder-30B-A3B-Instruct-FP8,None
773@x_name@DESC,Line,Medium,2.966040849685669,5.932081699371338,2,0.0,0.0,0.0,0.0,0.0,0.0,0.0,0.0,0.0,0.0,1.0,0.0,0.0,False,Qwen/Qwen3-Coder-30B-A3B-Instruct-FP8,None
773@x_name@DESC,Line,Medium,2.966040849685669,5.932081699371338,2,0.0,0.0,0.0,0.0,0.0,0.0,0.0,0.0,0.0,0.0,1.0,0.0,0.0,False,Qwen/Qwen3-Coder-30B-A3B-Instruct-FP8,None
780@y_name@DESC,Stacked Bar,Extra Hard,13.874468088150024,13.874468088150024,1,1.0,0.0,0.0,0.0,0.0,0.0,0.0,0.0,1.0,0.0,0.0,,0.0,False,Qwen/Qwen3-Coder-30B-A3B-Instruct-FP8,None
780@y_name@DESC,Stacked Bar,Extra Hard,13.874468088150024,13.874468088150024,1,1.0,0.0,0.0,0.0,0.0,0.0,0.0,0.0,1.0,0.0,0.0,,0.0,False,Qwen/Qwen3-Coder-30B-A3B-Instruct-FP8,None
780@y_name@DESC,Stacked Bar,Extra Hard,13.874468088150024,13.874468088150024,1,1.0,0.0,0.0,0.0,0.0,0.0,0.0,0.0,1.0,0.0,0.0,,0.0,False,Qwen/Qwen3-Coder-30B-A3B-Instruct-FP8,None
782@y_name@ASC,Bar,Medium,2.2399373054504395,13.439623832702637,6,0.0,0.0,0.0,0.0,0.0,0.0,0.0,0.0,0.0,0.0,1.0,0.0,0.0,False,Qwen/Qwen3-Coder-30B-A3B-Instruct-FP8,None
782@y_name@ASC,Bar,Medium,2.2399373054504395,13.439623832702637,6,0.0,0.0,0.0,0.0,0.0,0.0,0.0,0.0,0.0,0.0,1.0,0.0,0.0,False,Qwen/Qwen3-Coder-30B-A3B-Instruct-FP8,None
782@y_name@ASC,Bar,Medium,2.2399373054504395,13.439623832702637,6,0.0,0.0,0.0,0.0,0.0,0.0,0.0,0.0,0.0,0.0,1.0,0.0,0.0,False,Qwen/Qwen3-Coder-30B-A3B-Instruct-FP8,None
783@y_name@DESC,Bar,Medium,2.36423659324646,4.72847318649292,2,0.0,0.0,0.0,0.0,0.0,0.0,0.0,0.0,0.0,0.0,1.0,0.0,0.0,False,Qwen/Qwen3-Coder-30B-A3B-Instruct-FP8,None
783@y_name@DESC,Bar,Medium,2.36423659324646,4.72847318649292,2,0.0,0.0,0.0,0.0,0.0,0.0,0.0,0.0,0.0,0.0,1.0,0.0,0.0,False,Qwen/Qwen3-Coder-30B-A3B-Instruct-FP8,None
783@y_name@DESC,Bar,Medium,2.36423659324646,4.72847318649292,2,0.0,0.0,0.0,0.0,0.0,0.0,0.0,0.0,0.0,0.0,1.0,0.0,0.0,False,Qwen/Qwen3-Coder-30B-A3B-Instruct-FP8,None
791@x_name@DESC,Bar,Medium,2.6957497596740723,2.6957497596740723,1,0.0,0.0,0.0,0.0,0.0,1.0,0.0,0.0,0.0,1.0,0.0,,0.0,False,Qwen/Qwen3-Coder-30B-A3B-Instruct-FP8,None
791@x_name@DESC,Bar,Medium,2.6957497596740723,2.6957497596740723,1,0.0,0.0,0.0,0.0,0.0,1.0,0.0,0.0,0.0,1.0,0.0,,0.0,False,Qwen/Qwen3-Coder-30B-A3B-Instruct-FP8,None
791@x_name@DESC,Bar,Medium,2.6957497596740723,2.6957497596740723,1,0.0,0.0,0.0,0.0,0.0,1.0,0.0,0.0,0.0,1.0,0.0,,0.0,False,Qwen/Qwen3-Coder-30B-A3B-Instruct-FP8,None
1122@y_name@ASC,Bar,Medium,2.055989424387614,6.167968273162842,3,0.0,0.0,0.0,0.0,0.0,0.0,0.0,0.0,0.0,0.0,1.0,0.0,0.0,False,Qwen/Qwen3-Coder-30B-A3B-Instruct-FP8,None
1122@y_name@ASC,Bar,Medium,2.055989424387614,6.167968273162842,3,0.0,0.0,0.0,0.0,0.0,0.0,0.0,0.0,0.0,0.0,1.0,0.0,0.0,False,Qwen/Qwen3-Coder-30B-A3B-Instruct-FP8,None
1122@y_name@ASC,Bar,Medium,2.055989424387614,6.167968273162842,3,0.0,0.0,0.0,0.0,0.0,0.0,0.0,0.0,0.0,0.0,1.0,0.0,0.0,False,Qwen/Qwen3-Coder-30B-A3B-Instruct-FP8,None
1137@y_name@DESC,Bar,Extra Hard,3.574842929840088,3.574842929840088,1,0.0,0.0,0.0,0.0,0.0,0.0,0.0,0.0,0.0,0.0,1.0,0.0,0.0,True,Qwen/Qwen3-Coder-30B-A3B-Instruct-FP8,None
1137@y_name@DESC,Bar,Extra Hard,3.574842929840088,3.574842929840088,1,0.0,0.0,0.0,0.0,0.0,0.0,0.0,0.0,0.0,0.0,1.0,0.0,0.0,True,Qwen/Qwen3-Coder-30B-A3B-Instruct-FP8,None
1137@y_name@DESC,Bar,Extra Hard,3.574842929840088,3.574842929840088,1,0.0,0.0,0.0,0.0,0.0,0.0,0.0,0.0,0.0,0.0,1.0,0.0,0.0,True,Qwen/Qwen3-Coder-30B-A3B-Instruct-FP8,None
1138@y_name@ASC,Bar,Extra Hard,4.6732752323150635,4.6732752323150635,1,0.0,0.0,0.0,0.0,0.0,0.0,0.0,0.0,0.0,0.0,1.0,0.0,0.0,True,Qwen/Qwen3-Coder-30B-A3B-Instruct-FP8,None
1138@y_name@ASC,Bar,Extra Hard,4.6732752323150635,4.6732752323150635,1,0.0,0.0,0.0,0.0,0.0,0.0,0.0,0.0,0.0,0.0,1.0,0.0,0.0,True,Qwen/Qwen3-Coder-30B-A3B-Instruct-FP8,None
1138@y_name@ASC,Bar,Extra Hard,4.6732752323150635,4.6732752323150635,1,0.0,0.0,0.0,0.0,0.0,0.0,0.0,0.0,0.0,0.0,1.0,0.0,0.0,True,Qwen/Qwen3-Coder-30B-A3B-Instruct-FP8,None
1139@y_name@ASC,Bar,Extra Hard,4.057315349578857,4.057315349578857,1,0.0,0.0,0.0,0.0,0.0,0.0,0.0,0.0,0.0,0.0,1.0,0.0,0.0,True,Qwen/Qwen3-Coder-30B-A3B-Instruct-FP8,None
1139@y_name@ASC,Bar,Extra Hard,4.057315349578857,4.057315349578857,1,0.0,0.0,0.0,0.0,0.0,0.0,0.0,0.0,0.0,0.0,1.0,0.0,0.0,True,Qwen/Qwen3-Coder-30B-A3B-Instruct-FP8,None
1139@y_name@ASC,Bar,Extra Hard,4.057315349578857,4.057315349578857,1,0.0,0.0,0.0,0.0,0.0,0.0,0.0,0.0,0.0,0.0,1.0,0.0,0.0,True,Qwen/Qwen3-Coder-30B-A3B-Instruct-FP8,None
1142@y_name@ASC,Bar,Hard,3.9736528396606445,7.947305679321289,2,0.0,0.0,0.0,0.0,0.0,0.0,0.0,0.0,0.0,0.0,1.0,0.0,0.0,True,Qwen/Qwen3-Coder-30B-A3B-Instruct-FP8,None
1142@y_name@ASC,Bar,Hard,3.9736528396606445,7.947305679321289,2,0.0,0.0,0.0,0.0,0.0,0.0,0.0,0.0,0.0,0.0,1.0,0.0,0.0,True,Qwen/Qwen3-Coder-30B-A3B-Instruct-FP8,None
1142@y_name@ASC,Bar,Hard,3.9736528396606445,7.947305679321289,2,0.0,0.0,0.0,0.0,0.0,0.0,0.0,0.0,0.0,0.0,1.0,0.0,0.0,True,Qwen/Qwen3-Coder-30B-A3B-Instruct-FP8,None
997@x_name@DESC,Line,Hard,3.3922033309936523,3.3922033309936523,1,0.0,0.0,0.0,0.0,0.0,1.0,0.0,0.0,0.0,1.0,0.0,,0.0,True,Qwen/Qwen3-Coder-30B-A3B-Instruct-FP8,None
997@x_name@DESC,Line,Hard,3.3922033309936523,3.3922033309936523,1,0.0,0.0,0.0,0.0,0.0,1.0,0.0,0.0,0.0,1.0,0.0,,0.0,True,Qwen/Qwen3-Coder-30B-A3B-Instruct-FP8,None
997@x_name@DESC,Line,Hard,3.3922033309936523,3.3922033309936523,1,0.0,0.0,0.0,0.0,0.0,1.0,0.0,0.0,0.0,1.0,0.0,,0.0,True,Qwen/Qwen3-Coder-30B-A3B-Instruct-FP8,None
1000@y_name@DESC,Bar,Medium,2.1188934644063315,6.356680393218994,3,0.0,0.0,0.0,0.0,0.0,0.0,0.0,0.0,0.0,0.0,1.0,0.0,0.0,False,Qwen/Qwen3-Coder-30B-A3B-Instruct-FP8,None
1000@y_name@DESC,Bar,Medium,2.1188934644063315,6.356680393218994,3,0.0,0.0,0.0,0.0,0.0,0.0,0.0,0.0,0.0,0.0,1.0,0.0,0.0,False,Qwen/Qwen3-Coder-30B-A3B-Instruct-FP8,None
1000@y_name@DESC,Bar,Medium,2.1188934644063315,6.356680393218994,3,0.0,0.0,0.0,0.0,0.0,0.0,0.0,0.0,0.0,0.0,1.0,0.0,0.0,False,Qwen/Qwen3-Coder-30B-A3B-Instruct-FP8,None
1006@y_name@ASC,Bar,Extra Hard,3.50308895111084,3.50308895111084,1,0.0,0.0,0.0,0.0,0.0,0.0,0.0,0.0,0.0,0.0,1.0,0.0,0.0,False,Qwen/Qwen3-Coder-30B-A3B-Instruct-FP8,None
1006@y_name@ASC,Bar,Extra Hard,3.50308895111084,3.50308895111084,1,0.0,0.0,0.0,0.0,0.0,0.0,0.0,0.0,0.0,0.0,1.0,0.0,0.0,False,Qwen/Qwen3-Coder-30B-A3B-Instruct-FP8,None
1006@y_name@ASC,Bar,Extra Hard,3.50308895111084,3.50308895111084,1,0.0,0.0,0.0,0.0,0.0,0.0,0.0,0.0,0.0,0.0,1.0,0.0,0.0,False,Qwen/Qwen3-Coder-30B-A3B-Instruct-FP8,None
1009@y_name@DESC,Bar,Extra Hard,2.619900703430176,2.619900703430176,1,0.0,0.0,0.0,0.0,0.0,0.0,0.0,0.0,0.0,0.0,1.0,0.0,0.0,False,Qwen/Qwen3-Coder-30B-A3B-Instruct-FP8,None
1009@y_name@DESC,Bar,Extra Hard,2.619900703430176,2.619900703430176,1,0.0,0.0,0.0,0.0,0.0,0.0,0.0,0.0,0.0,0.0,1.0,0.0,0.0,False,Qwen/Qwen3-Coder-30B-A3B-Instruct-FP8,None
1009@y_name@DESC,Bar,Extra Hard,2.619900703430176,2.619900703430176,1,0.0,0.0,0.0,0.0,0.0,0.0,0.0,0.0,0.0,0.0,1.0,0.0,0.0,False,Qwen/Qwen3-Coder-30B-A3B-Instruct-FP8,None
1010@x_name@DESC,Bar,Medium,2.1938204765319824,2.1938204765319824,1,0.0,0.0,0.0,0.0,0.0,1.0,0.0,0.0,0.0,1.0,0.0,,0.0,False,Qwen/Qwen3-Coder-30B-A3B-Instruct-FP8,None
1010@x_name@DESC,Bar,Medium,2.1938204765319824,2.1938204765319824,1,0.0,0.0,0.0,0.0,0.0,1.0,0.0,0.0,0.0,1.0,0.0,,0.0,False,Qwen/Qwen3-Coder-30B-A3B-Instruct-FP8,None
1010@x_name@DESC,Bar,Medium,2.1938204765319824,2.1938204765319824,1,0.0,0.0,0.0,0.0,0.0,1.0,0.0,0.0,0.0,1.0,0.0,,0.0,False,Qwen/Qwen3-Coder-30B-A3B-Instruct-FP8,None
1242@y_name@ASC,Bar,Hard,11.466142892837524,11.466142892837524,1,1.0,0.0,0.0,0.0,0.0,0.0,0.0,0.0,1.0,0.0,0.0,,0.0,False,Qwen/Qwen3-Coder-30B-A3B-Instruct-FP8,None
1242@y_name@ASC,Bar,Hard,11.466142892837524,11.466142892837524,1,1.0,0.0,0.0,0.0,0.0,0.0,0.0,0.0,1.0,0.0,0.0,,0.0,False,Qwen/Qwen3-Coder-30B-A3B-Instruct-FP8,None
1242@y_name@ASC,Bar,Hard,11.466142892837524,11.466142892837524,1,1.0,0.0,0.0,0.0,0.0,0.0,0.0,0.0,1.0,0.0,0.0,,0.0,False,Qwen/Qwen3-Coder-30B-A3B-Instruct-FP8,None
1245@x_name@ASC,Bar,Medium,2.2292652130126953,2.2292652130126953,1,0.0,0.0,0.0,0.0,0.0,0.0,0.0,0.0,0.0,0.0,1.0,0.0,0.0,False,Qwen/Qwen3-Coder-30B-A3B-Instruct-FP8,None
1245@x_name@ASC,Bar,Medium,2.2292652130126953,2.2292652130126953,1,0.0,0.0,0.0,0.0,0.0,0.0,0.0,0.0,0.0,0.0,1.0,0.0,0.0,False,Qwen/Qwen3-Coder-30B-A3B-Instruct-FP8,None
1245@x_name@ASC,Bar,Medium,2.2292652130126953,2.2292652130126953,1,0.0,0.0,0.0,0.0,0.0,0.0,0.0,0.0,0.0,0.0,1.0,0.0,0.0,False,Qwen/Qwen3-Coder-30B-A3B-Instruct-FP8,None
1247@x_name@ASC,Bar,Medium,2.7309423685073853,5.4618847370147705,2,0.0,0.0,0.0,0.0,0.0,0.0,0.0,0.0,0.0,0.0,1.0,0.0,0.0,False,Qwen/Qwen3-Coder-30B-A3B-Instruct-FP8,None
1247@x_name@ASC,Bar,Medium,2.7309423685073853,5.4618847370147705,2,0.0,0.0,0.0,0.0,0.0,0.0,0.0,0.0,0.0,0.0,1.0,0.0,0.0,False,Qwen/Qwen3-Coder-30B-A3B-Instruct-FP8,None
1247@x_name@ASC,Bar,Medium,2.7309423685073853,5.4618847370147705,2,0.0,0.0,0.0,0.0,0.0,0.0,0.0,0.0,0.0,0.0,1.0,0.0,0.0,False,Qwen/Qwen3-Coder-30B-A3B-Instruct-FP8,None
2704@y_name@DESC,Bar,Medium,2.3332489728927612,4.6664979457855225,2,0.0,0.0,0.0,0.0,0.0,0.0,0.0,0.0,0.0,0.0,1.0,0.0,0.0,False,Qwen/Qwen3-Coder-30B-A3B-Instruct-FP8,None
2704@y_name@DESC,Bar,Medium,2.3332489728927612,4.6664979457855225,2,0.0,0.0,0.0,0.0,0.0,0.0,0.0,0.0,0.0,0.0,1.0,0.0,0.0,False,Qwen/Qwen3-Coder-30B-A3B-Instruct-FP8,None
2704@y_name@DESC,Bar,Medium,2.3332489728927612,4.6664979457855225,2,0.0,0.0,0.0,0.0,0.0,0.0,0.0,0.0,0.0,0.0,1.0,0.0,0.0,False,Qwen/Qwen3-Coder-30B-A3B-Instruct-FP8,None
2706@y_name@DESC,Bar,Medium,2.611944079399109,5.223888158798218,2,0.0,0.0,0.0,0.0,0.0,0.0,0.0,0.0,0.0,0.0,1.0,0.0,0.0,False,Qwen/Qwen3-Coder-30B-A3B-Instruct-FP8,None
2706@y_name@DESC,Bar,Medium,2.611944079399109,5.223888158798218,2,0.0,0.0,0.0,0.0,0.0,0.0,0.0,0.0,0.0,0.0,1.0,0.0,0.0,False,Qwen/Qwen3-Coder-30B-A3B-Instruct-FP8,None
2706@y_name@DESC,Bar,Medium,2.611944079399109,5.223888158798218,2,0.0,0.0,0.0,0.0,0.0,0.0,0.0,0.0,0.0,0.0,1.0,0.0,0.0,False,Qwen/Qwen3-Coder-30B-A3B-Instruct-FP8,None
2683@x_name@ASC,Bar,Hard,3.3088772296905518,3.3088772296905518,1,0.0,0.0,0.0,0.0,0.0,0.0,0.0,0.0,0.0,0.0,1.0,0.0,0.0,True,Qwen/Qwen3-Coder-30B-A3B-Instruct-FP8,None
2683@x_name@ASC,Bar,Hard,3.3088772296905518,3.3088772296905518,1,0.0,0.0,0.0,0.0,0.0,0.0,0.0,0.0,0.0,0.0,1.0,0.0,0.0,True,Qwen/Qwen3-Coder-30B-A3B-Instruct-FP8,None
2683@x_name@ASC,Bar,Hard,3.3088772296905518,3.3088772296905518,1,0.0,0.0,0.0,0.0,0.0,0.0,0.0,0.0,0.0,0.0,1.0,0.0,0.0,True,Qwen/Qwen3-Coder-30B-A3B-Instruct-FP8,None
2051@x_name@ASC,Bar,Extra Hard,4.25185751914978,4.25185751914978,1,0.0,0.0,0.0,0.0,0.0,0.0,0.0,0.0,0.0,0.0,1.0,0.0,0.0,True,Qwen/Qwen3-Coder-30B-A3B-Instruct-FP8,None
2051@x_name@ASC,Bar,Extra Hard,4.25185751914978,4.25185751914978,1,0.0,0.0,0.0,0.0,0.0,0.0,0.0,0.0,0.0,0.0,1.0,0.0,0.0,True,Qwen/Qwen3-Coder-30B-A3B-Instruct-FP8,None
2051@x_name@ASC,Bar,Extra Hard,4.25185751914978,4.25185751914978,1,0.0,0.0,0.0,0.0,0.0,0.0,0.0,0.0,0.0,0.0,1.0,0.0,0.0,True,Qwen/Qwen3-Coder-30B-A3B-Instruct-FP8,None
2052@y_name@ASC,Bar,Extra Hard,3.883863687515259,3.883863687515259,1,0.0,0.0,0.0,0.0,0.0,0.0,0.0,0.0,0.0,0.0,1.0,0.0,0.0,True,Qwen/Qwen3-Coder-30B-A3B-Instruct-FP8,None
2052@y_name@ASC,Bar,Extra Hard,3.883863687515259,3.883863687515259,1,0.0,0.0,0.0,0.0,0.0,0.0,0.0,0.0,0.0,0.0,1.0,0.0,0.0,True,Qwen/Qwen3-Coder-30B-A3B-Instruct-FP8,None
2052@y_name@ASC,Bar,Extra Hard,3.883863687515259,3.883863687515259,1,0.0,0.0,0.0,0.0,0.0,0.0,0.0,0.0,0.0,0.0,1.0,0.0,0.0,True,Qwen/Qwen3-Coder-30B-A3B-Instruct-FP8,None
2053@x_name@ASC,Bar,Easy,2.7281290690104165,8.18438720703125,3,0.0,0.0,0.0,0.0,0.0,0.0,0.0,0.0,0.0,0.0,1.0,0.0,0.0,False,Qwen/Qwen3-Coder-30B-A3B-Instruct-FP8,None
2053@x_name@ASC,Bar,Easy,2.7281290690104165,8.18438720703125,3,0.0,0.0,0.0,0.0,0.0,0.0,0.0,0.0,0.0,0.0,1.0,0.0,0.0,False,Qwen/Qwen3-Coder-30B-A3B-Instruct-FP8,None
2053@x_name@ASC,Bar,Easy,2.7281290690104165,8.18438720703125,3,0.0,0.0,0.0,0.0,0.0,0.0,0.0,0.0,0.0,0.0,1.0,0.0,0.0,False,Qwen/Qwen3-Coder-30B-A3B-Instruct-FP8,None
2060@y_name@DESC,Bar,Extra Hard,4.832499742507935,9.66499948501587,2,0.0,0.0,0.0,0.0,0.0,0.0,0.0,0.0,0.0,0.0,1.0,0.0,0.0,True,Qwen/Qwen3-Coder-30B-A3B-Instruct-FP8,None
2060@y_name@DESC,Bar,Extra Hard,4.832499742507935,9.66499948501587,2,0.0,0.0,0.0,0.0,0.0,0.0,0.0,0.0,0.0,0.0,1.0,0.0,0.0,True,Qwen/Qwen3-Coder-30B-A3B-Instruct-FP8,None
2060@y_name@DESC,Bar,Extra Hard,4.832499742507935,9.66499948501587,2,0.0,0.0,0.0,0.0,0.0,0.0,0.0,0.0,0.0,0.0,1.0,0.0,0.0,True,Qwen/Qwen3-Coder-30B-A3B-Instruct-FP8,None
2063@y_name@ASC,Bar,Hard,4.088339328765869,4.088339328765869,1,0.0,0.0,0.0,0.0,0.0,0.0,0.0,0.0,0.0,0.0,1.0,0.0,0.0,True,Qwen/Qwen3-Coder-30B-A3B-Instruct-FP8,None
2063@y_name@ASC,Bar,Hard,4.088339328765869,4.088339328765869,1,0.0,0.0,0.0,0.0,0.0,0.0,0.0,0.0,0.0,0.0,1.0,0.0,0.0,True,Qwen/Qwen3-Coder-30B-A3B-Instruct-FP8,None
2063@y_name@ASC,Bar,Hard,4.088339328765869,4.088339328765869,1,0.0,0.0,0.0,0.0,0.0,0.0,0.0,0.0,0.0,0.0,1.0,0.0,0.0,True,Qwen/Qwen3-Coder-30B-A3B-Instruct-FP8,None
1416@y_name@ASC,Bar,Medium,2.6631839275360107,5.3263678550720215,2,0.0,0.0,0.0,0.0,0.0,0.0,0.0,0.0,0.0,0.0,1.0,0.0,0.0,False,Qwen/Qwen3-Coder-30B-A3B-Instruct-FP8,None
1416@y_name@ASC,Bar,Medium,2.6631839275360107,5.3263678550720215,2,0.0,0.0,0.0,0.0,0.0,0.0,0.0,0.0,0.0,0.0,1.0,0.0,0.0,False,Qwen/Qwen3-Coder-30B-A3B-Instruct-FP8,None
1416@y_name@ASC,Bar,Medium,2.6631839275360107,5.3263678550720215,2,0.0,0.0,0.0,0.0,0.0,0.0,0.0,0.0,0.0,0.0,1.0,0.0,0.0,False,Qwen/Qwen3-Coder-30B-A3B-Instruct-FP8,None
1419@y_name@ASC,Bar,Extra Hard,2.545884907245636,10.183539628982544,4,0.0,0.0,0.0,0.0,0.0,0.0,0.0,0.0,0.0,0.0,1.0,0.0,0.0,False,Qwen/Qwen3-Coder-30B-A3B-Instruct-FP8,None
1419@y_name@ASC,Bar,Extra Hard,2.545884907245636,10.183539628982544,4,0.0,0.0,0.0,0.0,0.0,0.0,0.0,0.0,0.0,0.0,1.0,0.0,0.0,False,Qwen/Qwen3-Coder-30B-A3B-Instruct-FP8,None
1419@y_name@ASC,Bar,Extra Hard,2.545884907245636,10.183539628982544,4,0.0,0.0,0.0,0.0,0.0,0.0,0.0,0.0,0.0,0.0,1.0,0.0,0.0,False,Qwen/Qwen3-Coder-30B-A3B-Instruct-FP8,None
1380@y_name@ASC,Bar,Hard,4.042927503585815,4.042927503585815,1,0.0,0.0,0.0,0.0,0.0,0.0,0.0,0.0,0.0,0.0,1.0,0.0,0.0,True,Qwen/Qwen3-Coder-30B-A3B-Instruct-FP8,None
1380@y_name@ASC,Bar,Hard,4.042927503585815,4.042927503585815,1,0.0,0.0,0.0,0.0,0.0,0.0,0.0,0.0,0.0,0.0,1.0,0.0,0.0,True,Qwen/Qwen3-Coder-30B-A3B-Instruct-FP8,None
1380@y_name@ASC,Bar,Hard,4.042927503585815,4.042927503585815,1,0.0,0.0,0.0,0.0,0.0,0.0,0.0,0.0,0.0,0.0,1.0,0.0,0.0,True,Qwen/Qwen3-Coder-30B-A3B-Instruct-FP8,None
1382@y_name@ASC,Bar,Hard,3.3525922298431396,3.3525922298431396,1,0.0,0.0,0.0,0.0,0.0,0.0,0.0,0.0,0.0,0.0,1.0,0.0,0.0,True,Qwen/Qwen3-Coder-30B-A3B-Instruct-FP8,None
1382@y_name@ASC,Bar,Hard,3.3525922298431396,3.3525922298431396,1,0.0,0.0,0.0,0.0,0.0,0.0,0.0,0.0,0.0,0.0,1.0,0.0,0.0,True,Qwen/Qwen3-Coder-30B-A3B-Instruct-FP8,None
1382@y_name@ASC,Bar,Hard,3.3525922298431396,3.3525922298431396,1,0.0,0.0,0.0,0.0,0.0,0.0,0.0,0.0,0.0,0.0,1.0,0.0,0.0,True,Qwen/Qwen3-Coder-30B-A3B-Instruct-FP8,None
1085@y_name@DESC,Bar,Medium,2.0637989044189453,4.127597808837891,2,0.0,0.0,0.0,0.0,0.0,0.0,0.0,0.0,0.0,0.0,1.0,0.0,0.0,False,Qwen/Qwen3-Coder-30B-A3B-Instruct-FP8,None
1085@y_name@DESC,Bar,Medium,2.0637989044189453,4.127597808837891,2,0.0,0.0,0.0,0.0,0.0,0.0,0.0,0.0,0.0,0.0,1.0,0.0,0.0,False,Qwen/Qwen3-Coder-30B-A3B-Instruct-FP8,None
1085@y_name@DESC,Bar,Medium,2.0637989044189453,4.127597808837891,2,0.0,0.0,0.0,0.0,0.0,0.0,0.0,0.0,0.0,0.0,1.0,0.0,0.0,False,Qwen/Qwen3-Coder-30B-A3B-Instruct-FP8,None
1087@y_name@DESC,Bar,Hard,3.0626790523529053,3.0626790523529053,1,0.0,0.0,0.0,0.0,0.0,0.0,0.0,0.0,0.0,0.0,1.0,0.0,0.0,True,Qwen/Qwen3-Coder-30B-A3B-Instruct-FP8,None
1087@y_name@DESC,Bar,Hard,3.0626790523529053,3.0626790523529053,1,0.0,0.0,0.0,0.0,0.0,0.0,0.0,0.0,0.0,0.0,1.0,0.0,0.0,True,Qwen/Qwen3-Coder-30B-A3B-Instruct-FP8,None
1087@y_name@DESC,Bar,Hard,3.0626790523529053,3.0626790523529053,1,0.0,0.0,0.0,0.0,0.0,0.0,0.0,0.0,0.0,0.0,1.0,0.0,0.0,True,Qwen/Qwen3-Coder-30B-A3B-Instruct-FP8,None
1091@y_name@ASC,Bar,Medium,1.9793388843536377,5.938016653060913,3,0.0,0.0,0.0,0.0,0.0,0.0,0.0,0.0,0.0,0.0,1.0,0.0,0.0,False,Qwen/Qwen3-Coder-30B-A3B-Instruct-FP8,None
1091@y_name@ASC,Bar,Medium,1.9793388843536377,5.938016653060913,3,0.0,0.0,0.0,0.0,0.0,0.0,0.0,0.0,0.0,0.0,1.0,0.0,0.0,False,Qwen/Qwen3-Coder-30B-A3B-Instruct-FP8,None
1091@y_name@ASC,Bar,Medium,1.9793388843536377,5.938016653060913,3,0.0,0.0,0.0,0.0,0.0,0.0,0.0,0.0,0.0,0.0,1.0,0.0,0.0,False,Qwen/Qwen3-Coder-30B-A3B-Instruct-FP8,None
3038@x_name@DESC,Bar,Medium,2.0957448482513428,2.0957448482513428,1,0.0,0.0,0.0,0.0,0.0,1.0,0.0,0.0,0.0,1.0,0.0,,0.0,False,Qwen/Qwen3-Coder-30B-A3B-Instruct-FP8,None
3038@x_name@DESC,Bar,Medium,2.0957448482513428,2.0957448482513428,1,0.0,0.0,0.0,0.0,0.0,1.0,0.0,0.0,0.0,1.0,0.0,,0.0,False,Qwen/Qwen3-Coder-30B-A3B-Instruct-FP8,None
3038@x_name@DESC,Bar,Medium,2.0957448482513428,2.0957448482513428,1,0.0,0.0,0.0,0.0,0.0,1.0,0.0,0.0,0.0,1.0,0.0,,0.0,False,Qwen/Qwen3-Coder-30B-A3B-Instruct-FP8,None
3043@y_name@ASC,Bar,Medium,2.1966072718302407,6.589821815490723,3,0.0,0.0,0.0,0.0,0.0,0.0,0.0,0.0,0.0,0.0,1.0,0.0,0.0,False,Qwen/Qwen3-Coder-30B-A3B-Instruct-FP8,None
3043@y_name@ASC,Bar,Medium,2.1966072718302407,6.589821815490723,3,0.0,0.0,0.0,0.0,0.0,0.0,0.0,0.0,0.0,0.0,1.0,0.0,0.0,False,Qwen/Qwen3-Coder-30B-A3B-Instruct-FP8,None
3043@y_name@ASC,Bar,Medium,2.1966072718302407,6.589821815490723,3,0.0,0.0,0.0,0.0,0.0,0.0,0.0,0.0,0.0,0.0,1.0,0.0,0.0,False,Qwen/Qwen3-Coder-30B-A3B-Instruct-FP8,None
3045@y_name@ASC,Bar,Medium,2.303997834523519,6.911993503570557,3,0.0,0.0,0.0,0.0,0.0,0.0,0.0,0.0,0.0,0.0,1.0,0.0,0.0,False,Qwen/Qwen3-Coder-30B-A3B-Instruct-FP8,None
3045@y_name@ASC,Bar,Medium,2.303997834523519,6.911993503570557,3,0.0,0.0,0.0,0.0,0.0,0.0,0.0,0.0,0.0,0.0,1.0,0.0,0.0,False,Qwen/Qwen3-Coder-30B-A3B-Instruct-FP8,None
3045@y_name@ASC,Bar,Medium,2.303997834523519,6.911993503570557,3,0.0,0.0,0.0,0.0,0.0,0.0,0.0,0.0,0.0,0.0,1.0,0.0,0.0,False,Qwen/Qwen3-Coder-30B-A3B-Instruct-FP8,None
3050@x_name@ASC,Bar,Medium,2.7145886421203613,2.7145886421203613,1,0.0,0.0,0.0,0.0,0.0,0.0,0.0,0.0,0.0,0.0,1.0,0.0,0.0,False,Qwen/Qwen3-Coder-30B-A3B-Instruct-FP8,None
3050@x_name@ASC,Bar,Medium,2.7145886421203613,2.7145886421203613,1,0.0,0.0,0.0,0.0,0.0,0.0,0.0,0.0,0.0,0.0,1.0,0.0,0.0,False,Qwen/Qwen3-Coder-30B-A3B-Instruct-FP8,None
3050@x_name@ASC,Bar,Medium,2.7145886421203613,2.7145886421203613,1,0.0,0.0,0.0,0.0,0.0,0.0,0.0,0.0,0.0,0.0,1.0,0.0,0.0,False,Qwen/Qwen3-Coder-30B-A3B-Instruct-FP8,None
3052@x_name@ASC,Bar,Medium,2.350369453430176,4.700738906860352,2,0.0,0.0,0.0,0.0,0.0,0.0,0.0,0.0,0.0,0.0,1.0,0.0,0.0,False,Qwen/Qwen3-Coder-30B-A3B-Instruct-FP8,None
3052@x_name@ASC,Bar,Medium,2.350369453430176,4.700738906860352,2,0.0,0.0,0.0,0.0,0.0,0.0,0.0,0.0,0.0,0.0,1.0,0.0,0.0,False,Qwen/Qwen3-Coder-30B-A3B-Instruct-FP8,None
3052@x_name@ASC,Bar,Medium,2.350369453430176,4.700738906860352,2,0.0,0.0,0.0,0.0,0.0,0.0,0.0,0.0,0.0,0.0,1.0,0.0,0.0,False,Qwen/Qwen3-Coder-30B-A3B-Instruct-FP8,None
3053@x_name@DESC,Bar,Medium,2.1102421283721924,2.1102421283721924,1,0.0,0.0,0.0,0.0,0.0,1.0,0.0,0.0,0.0,1.0,0.0,,0.0,False,Qwen/Qwen3-Coder-30B-A3B-Instruct-FP8,None
3053@x_name@DESC,Bar,Medium,2.1102421283721924,2.1102421283721924,1,0.0,0.0,0.0,0.0,0.0,1.0,0.0,0.0,0.0,1.0,0.0,,0.0,False,Qwen/Qwen3-Coder-30B-A3B-Instruct-FP8,None
3053@x_name@DESC,Bar,Medium,2.1102421283721924,2.1102421283721924,1,0.0,0.0,0.0,0.0,0.0,1.0,0.0,0.0,0.0,1.0,0.0,,0.0,False,Qwen/Qwen3-Coder-30B-A3B-Instruct-FP8,None
38@x_name@DESC,Bar,Hard,14.402073621749878,14.402073621749878,1,1.0,0.0,0.0,0.0,0.0,0.0,0.0,0.0,1.0,0.0,0.0,,0.0,True,Qwen/Qwen3-Coder-30B-A3B-Instruct-FP8,None
38@x_name@DESC,Bar,Hard,14.402073621749878,14.402073621749878,1,1.0,0.0,0.0,0.0,0.0,0.0,0.0,0.0,1.0,0.0,0.0,,0.0,True,Qwen/Qwen3-Coder-30B-A3B-Instruct-FP8,None
38@x_name@DESC,Bar,Hard,14.402073621749878,14.402073621749878,1,1.0,0.0,0.0,0.0,0.0,0.0,0.0,0.0,1.0,0.0,0.0,,0.0,True,Qwen/Qwen3-Coder-30B-A3B-Instruct-FP8,None
41@y_name@ASC,Bar,Hard,2.68387508392334,2.68387508392334,1,0.0,0.0,0.0,0.0,0.0,0.0,0.0,0.0,0.0,0.0,1.0,0.0,0.0,False,Qwen/Qwen3-Coder-30B-A3B-Instruct-FP8,None
41@y_name@ASC,Bar,Hard,2.68387508392334,2.68387508392334,1,0.0,0.0,0.0,0.0,0.0,0.0,0.0,0.0,0.0,0.0,1.0,0.0,0.0,False,Qwen/Qwen3-Coder-30B-A3B-Instruct-FP8,None
41@y_name@ASC,Bar,Hard,2.68387508392334,2.68387508392334,1,0.0,0.0,0.0,0.0,0.0,0.0,0.0,0.0,0.0,0.0,1.0,0.0,0.0,False,Qwen/Qwen3-Coder-30B-A3B-Instruct-FP8,None
42@y_name@ASC,Bar,Hard,2.5993402004241943,5.198680400848389,2,0.0,0.0,0.0,0.0,0.0,0.0,0.0,0.0,0.0,0.0,1.0,0.0,0.0,False,Qwen/Qwen3-Coder-30B-A3B-Instruct-FP8,None
42@y_name@ASC,Bar,Hard,2.5993402004241943,5.198680400848389,2,0.0,0.0,0.0,0.0,0.0,0.0,0.0,0.0,0.0,0.0,1.0,0.0,0.0,False,Qwen/Qwen3-Coder-30B-A3B-Instruct-FP8,None
42@y_name@ASC,Bar,Hard,2.5993402004241943,5.198680400848389,2,0.0,0.0,0.0,0.0,0.0,0.0,0.0,0.0,0.0,0.0,1.0,0.0,0.0,False,Qwen/Qwen3-Coder-30B-A3B-Instruct-FP8,None
44@y_name@DESC,Bar,Hard,2.871375322341919,2.871375322341919,1,0.0,0.0,0.0,0.0,0.0,0.0,0.0,0.0,0.0,0.0,1.0,0.0,0.0,False,Qwen/Qwen3-Coder-30B-A3B-Instruct-FP8,None
44@y_name@DESC,Bar,Hard,2.871375322341919,2.871375322341919,1,0.0,0.0,0.0,0.0,0.0,0.0,0.0,0.0,0.0,0.0,1.0,0.0,0.0,False,Qwen/Qwen3-Coder-30B-A3B-Instruct-FP8,None
44@y_name@DESC,Bar,Hard,2.871375322341919,2.871375322341919,1,0.0,0.0,0.0,0.0,0.0,0.0,0.0,0.0,0.0,0.0,1.0,0.0,0.0,False,Qwen/Qwen3-Coder-30B-A3B-Instruct-FP8,None
47@y_name@DESC,Bar,Medium,7.695449113845825,23.086347341537476,3,0.6666666666666666,0.0,0.0,0.0,0.0,0.0,0.0,0.0,0.6666666666666666,0.0,0.3333333333333333,0.0,0.0,False,Qwen/Qwen3-Coder-30B-A3B-Instruct-FP8,None
47@y_name@DESC,Bar,Medium,7.695449113845825,23.086347341537476,3,0.6666666666666666,0.0,0.0,0.0,0.0,0.0,0.0,0.0,0.6666666666666666,0.0,0.3333333333333333,0.0,0.0,False,Qwen/Qwen3-Coder-30B-A3B-Instruct-FP8,None
47@y_name@DESC,Bar,Medium,7.695449113845825,23.086347341537476,3,0.6666666666666666,0.0,0.0,0.0,0.0,0.0,0.0,0.0,0.6666666666666666,0.0,0.3333333333333333,0.0,0.0,False,Qwen/Qwen3-Coder-30B-A3B-Instruct-FP8,None
49@y_name@ASC,Bar,Extra Hard,11.762492895126343,23.524985790252686,2,0.5,0.0,0.0,0.0,0.0,0.0,0.0,0.0,0.5,0.0,0.5,0.0,0.0,True,Qwen/Qwen3-Coder-30B-A3B-Instruct-FP8,None
49@y_name@ASC,Bar,Extra Hard,11.762492895126343,23.524985790252686,2,0.5,0.0,0.0,0.0,0.0,0.0,0.0,0.0,0.5,0.0,0.5,0.0,0.0,True,Qwen/Qwen3-Coder-30B-A3B-Instruct-FP8,None
49@y_name@ASC,Bar,Extra Hard,11.762492895126343,23.524985790252686,2,0.5,0.0,0.0,0.0,0.0,0.0,0.0,0.0,0.5,0.0,0.5,0.0,0.0,True,Qwen/Qwen3-Coder-30B-A3B-Instruct-FP8,None
53@x_name@ASC,Bar,Extra Hard,4.547292470932007,4.547292470932007,1,0.0,0.0,0.0,0.0,1.0,0.0,0.0,0.0,0.0,1.0,0.0,,0.0,False,Qwen/Qwen3-Coder-30B-A3B-Instruct-FP8,None
53@x_name@ASC,Bar,Extra Hard,4.547292470932007,4.547292470932007,1,0.0,0.0,0.0,0.0,1.0,0.0,0.0,0.0,0.0,1.0,0.0,,0.0,False,Qwen/Qwen3-Coder-30B-A3B-Instruct-FP8,None
53@x_name@ASC,Bar,Extra Hard,4.547292470932007,4.547292470932007,1,0.0,0.0,0.0,0.0,1.0,0.0,0.0,0.0,0.0,1.0,0.0,,0.0,False,Qwen/Qwen3-Coder-30B-A3B-Instruct-FP8,None
56@y_name@ASC,Bar,Extra Hard,16.735808849334717,16.735808849334717,1,1.0,0.0,0.0,0.0,0.0,0.0,0.0,0.0,1.0,0.0,0.0,,0.0,True,Qwen/Qwen3-Coder-30B-A3B-Instruct-FP8,None
56@y_name@ASC,Bar,Extra Hard,16.735808849334717,16.735808849334717,1,1.0,0.0,0.0,0.0,0.0,0.0,0.0,0.0,1.0,0.0,0.0,,0.0,True,Qwen/Qwen3-Coder-30B-A3B-Instruct-FP8,None
56@y_name@ASC,Bar,Extra Hard,16.735808849334717,16.735808849334717,1,1.0,0.0,0.0,0.0,0.0,0.0,0.0,0.0,1.0,0.0,0.0,,0.0,True,Qwen/Qwen3-Coder-30B-A3B-Instruct-FP8,None
58@y_name@ASC,Bar,Medium,2.775138258934021,16.650829553604126,6,0.0,0.0,0.0,0.0,0.0,0.0,0.0,0.0,0.0,0.0,1.0,0.0,0.0,False,Qwen/Qwen3-Coder-30B-A3B-Instruct-FP8,None
58@y_name@ASC,Bar,Medium,2.775138258934021,16.650829553604126,6,0.0,0.0,0.0,0.0,0.0,0.0,0.0,0.0,0.0,0.0,1.0,0.0,0.0,False,Qwen/Qwen3-Coder-30B-A3B-Instruct-FP8,None
58@y_name@ASC,Bar,Medium,2.775138258934021,16.650829553604126,6,0.0,0.0,0.0,0.0,0.0,0.0,0.0,0.0,0.0,0.0,1.0,0.0,0.0,False,Qwen/Qwen3-Coder-30B-A3B-Instruct-FP8,None
59@y_name@ASC,Bar,Medium,2.245251941680908,11.226259708404541,5,0.0,0.0,0.0,0.0,0.0,0.0,0.0,0.0,0.0,0.0,1.0,0.0,0.0,False,Qwen/Qwen3-Coder-30B-A3B-Instruct-FP8,None
59@y_name@ASC,Bar,Medium,2.245251941680908,11.226259708404541,5,0.0,0.0,0.0,0.0,0.0,0.0,0.0,0.0,0.0,0.0,1.0,0.0,0.0,False,Qwen/Qwen3-Coder-30B-A3B-Instruct-FP8,None
59@y_name@ASC,Bar,Medium,2.245251941680908,11.226259708404541,5,0.0,0.0,0.0,0.0,0.0,0.0,0.0,0.0,0.0,0.0,1.0,0.0,0.0,False,Qwen/Qwen3-Coder-30B-A3B-Instruct-FP8,None
61@y_name@ASC,Bar,Medium,6.491103529930115,25.96441411972046,4,0.0,0.0,0.0,0.0,0.0,0.0,0.0,0.0,0.0,0.0,1.0,0.0,0.0,False,Qwen/Qwen3-Coder-30B-A3B-Instruct-FP8,None
61@y_name@ASC,Bar,Medium,6.491103529930115,25.96441411972046,4,0.0,0.0,0.0,0.0,0.0,0.0,0.0,0.0,0.0,0.0,1.0,0.0,0.0,False,Qwen/Qwen3-Coder-30B-A3B-Instruct-FP8,None
61@y_name@ASC,Bar,Medium,6.491103529930115,25.96441411972046,4,0.0,0.0,0.0,0.0,0.0,0.0,0.0,0.0,0.0,0.0,1.0,0.0,0.0,False,Qwen/Qwen3-Coder-30B-A3B-Instruct-FP8,None
1324@y_name@ASC,Bar,Medium,1.9070756435394287,3.8141512870788574,2,0.0,0.0,0.0,0.0,0.0,0.0,0.0,0.0,0.0,0.0,1.0,0.0,0.0,False,Qwen/Qwen3-Coder-30B-A3B-Instruct-FP8,None
1324@y_name@ASC,Bar,Medium,1.9070756435394287,3.8141512870788574,2,0.0,0.0,0.0,0.0,0.0,0.0,0.0,0.0,0.0,0.0,1.0,0.0,0.0,False,Qwen/Qwen3-Coder-30B-A3B-Instruct-FP8,None
1324@y_name@ASC,Bar,Medium,1.9070756435394287,3.8141512870788574,2,0.0,0.0,0.0,0.0,0.0,0.0,0.0,0.0,0.0,0.0,1.0,0.0,0.0,False,Qwen/Qwen3-Coder-30B-A3B-Instruct-FP8,None
1328@x_name@ASC,Bar,Medium,1.7141516208648682,1.7141516208648682,1,0.0,0.0,0.0,0.0,0.0,0.0,0.0,0.0,0.0,0.0,1.0,0.0,0.0,False,Qwen/Qwen3-Coder-30B-A3B-Instruct-FP8,None
1328@x_name@ASC,Bar,Medium,1.7141516208648682,1.7141516208648682,1,0.0,0.0,0.0,0.0,0.0,0.0,0.0,0.0,0.0,0.0,1.0,0.0,0.0,False,Qwen/Qwen3-Coder-30B-A3B-Instruct-FP8,None
1328@x_name@ASC,Bar,Medium,1.7141516208648682,1.7141516208648682,1,0.0,0.0,0.0,0.0,0.0,0.0,0.0,0.0,0.0,0.0,1.0,0.0,0.0,False,Qwen/Qwen3-Coder-30B-A3B-Instruct-FP8,None
483@x_name@ASC,Bar,Medium,2.554639220237732,5.109278440475464,2,0.0,0.0,0.0,0.0,0.0,0.5,0.0,0.0,0.0,0.5,0.5,0.0,0.0,False,Qwen/Qwen3-Coder-30B-A3B-Instruct-FP8,None
483@x_name@ASC,Bar,Medium,2.554639220237732,5.109278440475464,2,0.0,0.0,0.0,0.0,0.0,0.5,0.0,0.0,0.0,0.5,0.5,0.0,0.0,False,Qwen/Qwen3-Coder-30B-A3B-Instruct-FP8,None
483@x_name@ASC,Bar,Medium,2.554639220237732,5.109278440475464,2,0.0,0.0,0.0,0.0,0.0,0.5,0.0,0.0,0.0,0.5,0.5,0.0,0.0,False,Qwen/Qwen3-Coder-30B-A3B-Instruct-FP8,None
1015@y_name@DESC,Bar,Medium,2.500714063644409,5.001428127288818,2,0.0,0.0,0.0,0.0,0.0,0.0,0.0,0.0,0.0,0.0,1.0,0.0,0.0,False,Qwen/Qwen3-Coder-30B-A3B-Instruct-FP8,None
1015@y_name@DESC,Bar,Medium,2.500714063644409,5.001428127288818,2,0.0,0.0,0.0,0.0,0.0,0.0,0.0,0.0,0.0,0.0,1.0,0.0,0.0,False,Qwen/Qwen3-Coder-30B-A3B-Instruct-FP8,None
1015@y_name@DESC,Bar,Medium,2.500714063644409,5.001428127288818,2,0.0,0.0,0.0,0.0,0.0,0.0,0.0,0.0,0.0,0.0,1.0,0.0,0.0,False,Qwen/Qwen3-Coder-30B-A3B-Instruct-FP8,None
1017@y_name@ASC,Bar,Hard,2.196040391921997,2.196040391921997,1,0.0,0.0,0.0,0.0,0.0,0.0,0.0,0.0,0.0,0.0,1.0,0.0,0.0,True,Qwen/Qwen3-Coder-30B-A3B-Instruct-FP8,None
1017@y_name@ASC,Bar,Hard,2.196040391921997,2.196040391921997,1,0.0,0.0,0.0,0.0,0.0,0.0,0.0,0.0,0.0,0.0,1.0,0.0,0.0,True,Qwen/Qwen3-Coder-30B-A3B-Instruct-FP8,None
1017@y_name@ASC,Bar,Hard,2.196040391921997,2.196040391921997,1,0.0,0.0,0.0,0.0,0.0,0.0,0.0,0.0,0.0,0.0,1.0,0.0,0.0,True,Qwen/Qwen3-Coder-30B-A3B-Instruct-FP8,None
1019@x_name@DESC,Bar,Hard,3.581655263900757,3.581655263900757,1,0.0,0.0,0.0,0.0,0.0,1.0,0.0,0.0,0.0,1.0,0.0,,0.0,True,Qwen/Qwen3-Coder-30B-A3B-Instruct-FP8,None
1019@x_name@DESC,Bar,Hard,3.581655263900757,3.581655263900757,1,0.0,0.0,0.0,0.0,0.0,1.0,0.0,0.0,0.0,1.0,0.0,,0.0,True,Qwen/Qwen3-Coder-30B-A3B-Instruct-FP8,None
1019@x_name@DESC,Bar,Hard,3.581655263900757,3.581655263900757,1,0.0,0.0,0.0,0.0,0.0,1.0,0.0,0.0,0.0,1.0,0.0,,0.0,True,Qwen/Qwen3-Coder-30B-A3B-Instruct-FP8,None
1022@y_name@ASC,Bar,Medium,1.981658697128296,3.963317394256592,2,0.0,0.0,0.0,0.0,0.0,0.0,0.0,0.0,0.0,0.0,1.0,0.0,0.0,False,Qwen/Qwen3-Coder-30B-A3B-Instruct-FP8,None
1022@y_name@ASC,Bar,Medium,1.981658697128296,3.963317394256592,2,0.0,0.0,0.0,0.0,0.0,0.0,0.0,0.0,0.0,0.0,1.0,0.0,0.0,False,Qwen/Qwen3-Coder-30B-A3B-Instruct-FP8,None
1022@y_name@ASC,Bar,Medium,1.981658697128296,3.963317394256592,2,0.0,0.0,0.0,0.0,0.0,0.0,0.0,0.0,0.0,0.0,1.0,0.0,0.0,False,Qwen/Qwen3-Coder-30B-A3B-Instruct-FP8,None
2594@y_name@DESC,Bar,Medium,2.474485476811727,14.846912860870361,6,0.0,0.0,0.0,0.0,0.0,0.0,0.0,0.0,0.0,0.0,1.0,0.0,0.0,False,Qwen/Qwen3-Coder-30B-A3B-Instruct-FP8,None
2594@y_name@DESC,Bar,Medium,2.474485476811727,14.846912860870361,6,0.0,0.0,0.0,0.0,0.0,0.0,0.0,0.0,0.0,0.0,1.0,0.0,0.0,False,Qwen/Qwen3-Coder-30B-A3B-Instruct-FP8,None
2594@y_name@DESC,Bar,Medium,2.474485476811727,14.846912860870361,6,0.0,0.0,0.0,0.0,0.0,0.0,0.0,0.0,0.0,0.0,1.0,0.0,0.0,False,Qwen/Qwen3-Coder-30B-A3B-Instruct-FP8,None
909@y_name@ASC,Bar,Medium,2.025332748889923,8.101330995559692,4,0.0,0.0,0.0,0.0,0.0,0.0,0.0,0.0,0.0,0.0,1.0,0.0,0.0,False,Qwen/Qwen3-Coder-30B-A3B-Instruct-FP8,None
909@y_name@ASC,Bar,Medium,2.025332748889923,8.101330995559692,4,0.0,0.0,0.0,0.0,0.0,0.0,0.0,0.0,0.0,0.0,1.0,0.0,0.0,False,Qwen/Qwen3-Coder-30B-A3B-Instruct-FP8,None
909@y_name@ASC,Bar,Medium,2.025332748889923,8.101330995559692,4,0.0,0.0,0.0,0.0,0.0,0.0,0.0,0.0,0.0,0.0,1.0,0.0,0.0,False,Qwen/Qwen3-Coder-30B-A3B-Instruct-FP8,None
911@y_name@DESC,Bar,Hard,3.527311325073242,10.581933975219727,3,0.0,0.0,0.0,0.0,0.0,0.0,0.0,0.0,0.0,0.0,1.0,0.0,0.0,True,Qwen/Qwen3-Coder-30B-A3B-Instruct-FP8,None
911@y_name@DESC,Bar,Hard,3.527311325073242,10.581933975219727,3,0.0,0.0,0.0,0.0,0.0,0.0,0.0,0.0,0.0,0.0,1.0,0.0,0.0,True,Qwen/Qwen3-Coder-30B-A3B-Instruct-FP8,None
911@y_name@DESC,Bar,Hard,3.527311325073242,10.581933975219727,3,0.0,0.0,0.0,0.0,0.0,0.0,0.0,0.0,0.0,0.0,1.0,0.0,0.0,True,Qwen/Qwen3-Coder-30B-A3B-Instruct-FP8,None
690@y_name@DESC,Bar,Medium,1.8001686096191407,9.000843048095703,5,0.0,0.0,0.0,0.0,0.0,0.0,0.0,0.0,0.0,0.0,1.0,0.0,0.0,False,Qwen/Qwen3-Coder-30B-A3B-Instruct-FP8,None
690@y_name@DESC,Bar,Medium,1.8001686096191407,9.000843048095703,5,0.0,0.0,0.0,0.0,0.0,0.0,0.0,0.0,0.0,0.0,1.0,0.0,0.0,False,Qwen/Qwen3-Coder-30B-A3B-Instruct-FP8,None
690@y_name@DESC,Bar,Medium,1.8001686096191407,9.000843048095703,5,0.0,0.0,0.0,0.0,0.0,0.0,0.0,0.0,0.0,0.0,1.0,0.0,0.0,False,Qwen/Qwen3-Coder-30B-A3B-Instruct-FP8,None
692@x_name@ASC,Bar,Extra Hard,4.728801965713501,4.728801965713501,1,0.0,0.0,0.0,0.0,0.0,1.0,0.0,0.0,0.0,1.0,0.0,,0.0,True,Qwen/Qwen3-Coder-30B-A3B-Instruct-FP8,None
692@x_name@ASC,Bar,Extra Hard,4.728801965713501,4.728801965713501,1,0.0,0.0,0.0,0.0,0.0,1.0,0.0,0.0,0.0,1.0,0.0,,0.0,True,Qwen/Qwen3-Coder-30B-A3B-Instruct-FP8,None
692@x_name@ASC,Bar,Extra Hard,4.728801965713501,4.728801965713501,1,0.0,0.0,0.0,0.0,0.0,1.0,0.0,0.0,0.0,1.0,0.0,,0.0,True,Qwen/Qwen3-Coder-30B-A3B-Instruct-FP8,None
700@x_name@DESC,Bar,Hard,3.8455182711283364,11.53655481338501,3,0.0,0.0,0.0,0.0,0.0,0.0,0.0,0.0,0.0,0.0,1.0,0.0,0.0,True,Qwen/Qwen3-Coder-30B-A3B-Instruct-FP8,None
700@x_name@DESC,Bar,Hard,3.8455182711283364,11.53655481338501,3,0.0,0.0,0.0,0.0,0.0,0.0,0.0,0.0,0.0,0.0,1.0,0.0,0.0,True,Qwen/Qwen3-Coder-30B-A3B-Instruct-FP8,None
700@x_name@DESC,Bar,Hard,3.8455182711283364,11.53655481338501,3,0.0,0.0,0.0,0.0,0.0,0.0,0.0,0.0,0.0,0.0,1.0,0.0,0.0,True,Qwen/Qwen3-Coder-30B-A3B-Instruct-FP8,None
816@y_name@DESC,Bar,Hard,3.5879831314086914,3.5879831314086914,1,0.0,0.0,0.0,0.0,0.0,0.0,0.0,0.0,0.0,0.0,1.0,0.0,0.0,True,Qwen/Qwen3-Coder-30B-A3B-Instruct-FP8,None
816@y_name@DESC,Bar,Hard,3.5879831314086914,3.5879831314086914,1,0.0,0.0,0.0,0.0,0.0,0.0,0.0,0.0,0.0,0.0,1.0,0.0,0.0,True,Qwen/Qwen3-Coder-30B-A3B-Instruct-FP8,None
816@y_name@DESC,Bar,Hard,3.5879831314086914,3.5879831314086914,1,0.0,0.0,0.0,0.0,0.0,0.0,0.0,0.0,0.0,0.0,1.0,0.0,0.0,True,Qwen/Qwen3-Coder-30B-A3B-Instruct-FP8,None
827@y_name@ASC,Bar,Medium,1.9667328357696534,9.833664178848267,5,0.0,0.0,0.0,0.0,0.0,0.0,0.0,0.0,0.0,0.0,1.0,0.0,0.0,False,Qwen/Qwen3-Coder-30B-A3B-Instruct-FP8,None
827@y_name@ASC,Bar,Medium,1.9667328357696534,9.833664178848267,5,0.0,0.0,0.0,0.0,0.0,0.0,0.0,0.0,0.0,0.0,1.0,0.0,0.0,False,Qwen/Qwen3-Coder-30B-A3B-Instruct-FP8,None
827@y_name@ASC,Bar,Medium,1.9667328357696534,9.833664178848267,5,0.0,0.0,0.0,0.0,0.0,0.0,0.0,0.0,0.0,0.0,1.0,0.0,0.0,False,Qwen/Qwen3-Coder-30B-A3B-Instruct-FP8,None
829@x_name@ASC,Bar,Medium,2.365998109181722,7.097994327545166,3,0.0,0.0,0.0,0.0,0.0,0.0,0.0,0.0,0.0,0.0,1.0,0.0,0.0,False,Qwen/Qwen3-Coder-30B-A3B-Instruct-FP8,None
829@x_name@ASC,Bar,Medium,2.365998109181722,7.097994327545166,3,0.0,0.0,0.0,0.0,0.0,0.0,0.0,0.0,0.0,0.0,1.0,0.0,0.0,False,Qwen/Qwen3-Coder-30B-A3B-Instruct-FP8,None
829@x_name@ASC,Bar,Medium,2.365998109181722,7.097994327545166,3,0.0,0.0,0.0,0.0,0.0,0.0,0.0,0.0,0.0,0.0,1.0,0.0,0.0,False,Qwen/Qwen3-Coder-30B-A3B-Instruct-FP8,None
833@y_name@DESC,Bar,Hard,3.243333339691162,6.486666679382324,2,0.0,0.0,0.0,0.0,0.0,0.0,0.0,0.0,0.0,0.0,1.0,0.0,0.0,True,Qwen/Qwen3-Coder-30B-A3B-Instruct-FP8,None
833@y_name@DESC,Bar,Hard,3.243333339691162,6.486666679382324,2,0.0,0.0,0.0,0.0,0.0,0.0,0.0,0.0,0.0,0.0,1.0,0.0,0.0,True,Qwen/Qwen3-Coder-30B-A3B-Instruct-FP8,None
833@y_name@DESC,Bar,Hard,3.243333339691162,6.486666679382324,2,0.0,0.0,0.0,0.0,0.0,0.0,0.0,0.0,0.0,0.0,1.0,0.0,0.0,True,Qwen/Qwen3-Coder-30B-A3B-Instruct-FP8,None
847@y_name@DESC,Bar,Hard,2.2894022464752197,4.5788044929504395,2,0.0,0.0,0.0,0.0,0.0,0.0,0.0,0.0,0.0,0.0,1.0,0.0,0.0,True,Qwen/Qwen3-Coder-30B-A3B-Instruct-FP8,None
847@y_name@DESC,Bar,Hard,2.2894022464752197,4.5788044929504395,2,0.0,0.0,0.0,0.0,0.0,0.0,0.0,0.0,0.0,0.0,1.0,0.0,0.0,True,Qwen/Qwen3-Coder-30B-A3B-Instruct-FP8,None
847@y_name@DESC,Bar,Hard,2.2894022464752197,4.5788044929504395,2,0.0,0.0,0.0,0.0,0.0,0.0,0.0,0.0,0.0,0.0,1.0,0.0,0.0,True,Qwen/Qwen3-Coder-30B-A3B-Instruct-FP8,None
851@y_name@DESC,Stacked Bar,Extra Hard,15.691680312156677,31.383360624313354,2,1.0,0.0,0.0,0.0,0.0,0.0,0.0,0.0,1.0,0.0,0.0,,0.0,True,Qwen/Qwen3-Coder-30B-A3B-Instruct-FP8,None
851@y_name@DESC,Stacked Bar,Extra Hard,15.691680312156677,31.383360624313354,2,1.0,0.0,0.0,0.0,0.0,0.0,0.0,0.0,1.0,0.0,0.0,,0.0,True,Qwen/Qwen3-Coder-30B-A3B-Instruct-FP8,None
851@y_name@DESC,Stacked Bar,Extra Hard,15.691680312156677,31.383360624313354,2,1.0,0.0,0.0,0.0,0.0,0.0,0.0,0.0,1.0,0.0,0.0,,0.0,True,Qwen/Qwen3-Coder-30B-A3B-Instruct-FP8,None
853@y_name@DESC,Bar,Extra Hard,4.734453916549683,4.734453916549683,1,0.0,0.0,0.0,0.0,0.0,0.0,0.0,0.0,0.0,0.0,1.0,0.0,0.0,True,Qwen/Qwen3-Coder-30B-A3B-Instruct-FP8,None
853@y_name@DESC,Bar,Extra Hard,4.734453916549683,4.734453916549683,1,0.0,0.0,0.0,0.0,0.0,0.0,0.0,0.0,0.0,0.0,1.0,0.0,0.0,True,Qwen/Qwen3-Coder-30B-A3B-Instruct-FP8,None
853@y_name@DESC,Bar,Extra Hard,4.734453916549683,4.734453916549683,1,0.0,0.0,0.0,0.0,0.0,0.0,0.0,0.0,0.0,0.0,1.0,0.0,0.0,True,Qwen/Qwen3-Coder-30B-A3B-Instruct-FP8,None
1987@x_name@ASC,Bar,Medium,2.219724178314209,2.219724178314209,1,0.0,0.0,0.0,0.0,0.0,0.0,0.0,0.0,0.0,0.0,1.0,0.0,0.0,False,Qwen/Qwen3-Coder-30B-A3B-Instruct-FP8,None
1987@x_name@ASC,Bar,Medium,2.219724178314209,2.219724178314209,1,0.0,0.0,0.0,0.0,0.0,0.0,0.0,0.0,0.0,0.0,1.0,0.0,0.0,False,Qwen/Qwen3-Coder-30B-A3B-Instruct-FP8,None
1987@x_name@ASC,Bar,Medium,2.219724178314209,2.219724178314209,1,0.0,0.0,0.0,0.0,0.0,0.0,0.0,0.0,0.0,0.0,1.0,0.0,0.0,False,Qwen/Qwen3-Coder-30B-A3B-Instruct-FP8,None
1991@y_name@DESC,Bar,Hard,8.748361468315125,17.49672293663025,2,0.5,0.0,0.0,0.0,0.0,0.0,0.0,0.0,0.5,0.0,0.5,0.0,0.0,False,Qwen/Qwen3-Coder-30B-A3B-Instruct-FP8,None
1991@y_name@DESC,Bar,Hard,8.748361468315125,17.49672293663025,2,0.5,0.0,0.0,0.0,0.0,0.0,0.0,0.0,0.5,0.0,0.5,0.0,0.0,False,Qwen/Qwen3-Coder-30B-A3B-Instruct-FP8,None
1991@y_name@DESC,Bar,Hard,8.748361468315125,17.49672293663025,2,0.5,0.0,0.0,0.0,0.0,0.0,0.0,0.0,0.5,0.0,0.5,0.0,0.0,False,Qwen/Qwen3-Coder-30B-A3B-Instruct-FP8,None
2010@x_name@DESC,Bar,Medium,2.093546748161316,4.187093496322632,2,0.0,0.0,0.0,0.0,0.0,0.5,0.0,0.0,0.0,0.5,0.5,0.0,0.0,False,Qwen/Qwen3-Coder-30B-A3B-Instruct-FP8,None
2010@x_name@DESC,Bar,Medium,2.093546748161316,4.187093496322632,2,0.0,0.0,0.0,0.0,0.0,0.5,0.0,0.0,0.0,0.5,0.5,0.0,0.0,False,Qwen/Qwen3-Coder-30B-A3B-Instruct-FP8,None
2010@x_name@DESC,Bar,Medium,2.093546748161316,4.187093496322632,2,0.0,0.0,0.0,0.0,0.0,0.5,0.0,0.0,0.0,0.5,0.5,0.0,0.0,False,Qwen/Qwen3-Coder-30B-A3B-Instruct-FP8,None
2024@y_name@DESC,Bar,Hard,3.4716845750808716,6.943369150161743,2,0.0,0.0,0.0,0.0,0.0,0.0,0.0,0.0,0.0,0.0,1.0,0.0,0.0,False,Qwen/Qwen3-Coder-30B-A3B-Instruct-FP8,None
2024@y_name@DESC,Bar,Hard,3.4716845750808716,6.943369150161743,2,0.0,0.0,0.0,0.0,0.0,0.0,0.0,0.0,0.0,0.0,1.0,0.0,0.0,False,Qwen/Qwen3-Coder-30B-A3B-Instruct-FP8,None
2024@y_name@DESC,Bar,Hard,3.4716845750808716,6.943369150161743,2,0.0,0.0,0.0,0.0,0.0,0.0,0.0,0.0,0.0,0.0,1.0,0.0,0.0,False,Qwen/Qwen3-Coder-30B-A3B-Instruct-FP8,None
2028@y_name@DESC,Bar,Hard,4.023413419723511,4.023413419723511,1,0.0,0.0,0.0,0.0,0.0,0.0,0.0,0.0,0.0,0.0,1.0,0.0,0.0,False,Qwen/Qwen3-Coder-30B-A3B-Instruct-FP8,None
2028@y_name@DESC,Bar,Hard,4.023413419723511,4.023413419723511,1,0.0,0.0,0.0,0.0,0.0,0.0,0.0,0.0,0.0,0.0,1.0,0.0,0.0,False,Qwen/Qwen3-Coder-30B-A3B-Instruct-FP8,None
2028@y_name@DESC,Bar,Hard,4.023413419723511,4.023413419723511,1,0.0,0.0,0.0,0.0,0.0,0.0,0.0,0.0,0.0,0.0,1.0,0.0,0.0,False,Qwen/Qwen3-Coder-30B-A3B-Instruct-FP8,None
2030@y_name@ASC,Bar,Medium,3.6371916929880777,10.911575078964233,3,0.0,0.0,0.0,0.0,0.0,1.0,0.0,0.0,0.0,1.0,0.0,,0.0,False,Qwen/Qwen3-Coder-30B-A3B-Instruct-FP8,None
2030@y_name@ASC,Bar,Medium,3.6371916929880777,10.911575078964233,3,0.0,0.0,0.0,0.0,0.0,1.0,0.0,0.0,0.0,1.0,0.0,,0.0,False,Qwen/Qwen3-Coder-30B-A3B-Instruct-FP8,None
2030@y_name@ASC,Bar,Medium,3.6371916929880777,10.911575078964233,3,0.0,0.0,0.0,0.0,0.0,1.0,0.0,0.0,0.0,1.0,0.0,,0.0,False,Qwen/Qwen3-Coder-30B-A3B-Instruct-FP8,None
2031@y_name@ASC,Bar,Hard,8.190617799758911,16.381235599517822,2,0.5,0.0,0.0,0.0,0.0,0.0,0.0,0.0,0.5,0.0,0.5,0.0,0.0,False,Qwen/Qwen3-Coder-30B-A3B-Instruct-FP8,None
2031@y_name@ASC,Bar,Hard,8.190617799758911,16.381235599517822,2,0.5,0.0,0.0,0.0,0.0,0.0,0.0,0.0,0.5,0.0,0.5,0.0,0.0,False,Qwen/Qwen3-Coder-30B-A3B-Instruct-FP8,None
2031@y_name@ASC,Bar,Hard,8.190617799758911,16.381235599517822,2,0.5,0.0,0.0,0.0,0.0,0.0,0.0,0.0,0.5,0.0,0.5,0.0,0.0,False,Qwen/Qwen3-Coder-30B-A3B-Instruct-FP8,None
709@y_name@DESC,Bar,Medium,2.2939566373825073,4.587913274765015,2,0.0,0.0,0.0,0.0,0.0,0.0,0.0,0.0,0.0,0.0,1.0,0.0,0.0,False,Qwen/Qwen3-Coder-30B-A3B-Instruct-FP8,None
709@y_name@DESC,Bar,Medium,2.2939566373825073,4.587913274765015,2,0.0,0.0,0.0,0.0,0.0,0.0,0.0,0.0,0.0,0.0,1.0,0.0,0.0,False,Qwen/Qwen3-Coder-30B-A3B-Instruct-FP8,None
709@y_name@DESC,Bar,Medium,2.2939566373825073,4.587913274765015,2,0.0,0.0,0.0,0.0,0.0,0.0,0.0,0.0,0.0,0.0,1.0,0.0,0.0,False,Qwen/Qwen3-Coder-30B-A3B-Instruct-FP8,None
171@x_name@DESC,Line,Medium,3.7475708723068237,7.4951417446136475,2,0.0,0.0,0.0,0.0,0.0,0.0,0.0,0.0,0.0,0.0,1.0,0.0,0.0,False,Qwen/Qwen3-Coder-30B-A3B-Instruct-FP8,None
171@x_name@DESC,Line,Medium,3.7475708723068237,7.4951417446136475,2,0.0,0.0,0.0,0.0,0.0,0.0,0.0,0.0,0.0,0.0,1.0,0.0,0.0,False,Qwen/Qwen3-Coder-30B-A3B-Instruct-FP8,None
171@x_name@DESC,Line,Medium,3.7475708723068237,7.4951417446136475,2,0.0,0.0,0.0,0.0,0.0,0.0,0.0,0.0,0.0,0.0,1.0,0.0,0.0,False,Qwen/Qwen3-Coder-30B-A3B-Instruct-FP8,None
2451@y_name@ASC,Bar,Medium,2.227341890335083,4.454683780670166,2,0.0,0.0,0.0,0.0,0.0,0.0,0.0,0.0,0.0,0.0,1.0,0.0,0.0,False,Qwen/Qwen3-Coder-30B-A3B-Instruct-FP8,None
2451@y_name@ASC,Bar,Medium,2.227341890335083,4.454683780670166,2,0.0,0.0,0.0,0.0,0.0,0.0,0.0,0.0,0.0,0.0,1.0,0.0,0.0,False,Qwen/Qwen3-Coder-30B-A3B-Instruct-FP8,None
2451@y_name@ASC,Bar,Medium,2.227341890335083,4.454683780670166,2,0.0,0.0,0.0,0.0,0.0,0.0,0.0,0.0,0.0,0.0,1.0,0.0,0.0,False,Qwen/Qwen3-Coder-30B-A3B-Instruct-FP8,None
2453@y_name@DESC,Bar,Medium,2.8943896770477293,14.471948385238647,5,0.0,0.0,0.0,0.0,0.0,0.0,0.0,0.0,0.0,0.0,1.0,0.0,0.0,False,Qwen/Qwen3-Coder-30B-A3B-Instruct-FP8,None
2453@y_name@DESC,Bar,Medium,2.8943896770477293,14.471948385238647,5,0.0,0.0,0.0,0.0,0.0,0.0,0.0,0.0,0.0,0.0,1.0,0.0,0.0,False,Qwen/Qwen3-Coder-30B-A3B-Instruct-FP8,None
2453@y_name@DESC,Bar,Medium,2.8943896770477293,14.471948385238647,5,0.0,0.0,0.0,0.0,0.0,0.0,0.0,0.0,0.0,0.0,1.0,0.0,0.0,False,Qwen/Qwen3-Coder-30B-A3B-Instruct-FP8,None
2454@y_name@DESC,Bar,Hard,2.622982978820801,2.622982978820801,1,0.0,0.0,0.0,0.0,1.0,0.0,0.0,0.0,0.0,1.0,0.0,,0.0,True,Qwen/Qwen3-Coder-30B-A3B-Instruct-FP8,None
2454@y_name@DESC,Bar,Hard,2.622982978820801,2.622982978820801,1,0.0,0.0,0.0,0.0,1.0,0.0,0.0,0.0,0.0,1.0,0.0,,0.0,True,Qwen/Qwen3-Coder-30B-A3B-Instruct-FP8,None
2454@y_name@DESC,Bar,Hard,2.622982978820801,2.622982978820801,1,0.0,0.0,0.0,0.0,1.0,0.0,0.0,0.0,0.0,1.0,0.0,,0.0,True,Qwen/Qwen3-Coder-30B-A3B-Instruct-FP8,None
2455@x_name@ASC,Bar,Hard,3.897358258565267,11.6920747756958,3,0.0,0.0,0.0,0.0,0.0,0.3333333333333333,0.0,0.0,0.0,0.3333333333333333,0.6666666666666666,0.0,0.0,True,Qwen/Qwen3-Coder-30B-A3B-Instruct-FP8,None
2455@x_name@ASC,Bar,Hard,3.897358258565267,11.6920747756958,3,0.0,0.0,0.0,0.0,0.0,0.3333333333333333,0.0,0.0,0.0,0.3333333333333333,0.6666666666666666,0.0,0.0,True,Qwen/Qwen3-Coder-30B-A3B-Instruct-FP8,None
2455@x_name@ASC,Bar,Hard,3.897358258565267,11.6920747756958,3,0.0,0.0,0.0,0.0,0.0,0.3333333333333333,0.0,0.0,0.0,0.3333333333333333,0.6666666666666666,0.0,0.0,True,Qwen/Qwen3-Coder-30B-A3B-Instruct-FP8,None
2456@y_name@ASC,Bar,Hard,3.9297146797180176,19.648573398590088,5,0.0,0.0,0.0,0.0,0.0,0.0,0.0,0.0,0.0,0.0,1.0,0.0,0.0,True,Qwen/Qwen3-Coder-30B-A3B-Instruct-FP8,None
2456@y_name@ASC,Bar,Hard,3.9297146797180176,19.648573398590088,5,0.0,0.0,0.0,0.0,0.0,0.0,0.0,0.0,0.0,0.0,1.0,0.0,0.0,True,Qwen/Qwen3-Coder-30B-A3B-Instruct-FP8,None
2456@y_name@ASC,Bar,Hard,3.9297146797180176,19.648573398590088,5,0.0,0.0,0.0,0.0,0.0,0.0,0.0,0.0,0.0,0.0,1.0,0.0,0.0,True,Qwen/Qwen3-Coder-30B-A3B-Instruct-FP8,None
486@y_name@DESC,Bar,Medium,4.044687807559967,16.178751230239868,4,0.0,0.0,0.0,0.0,0.0,0.0,0.0,0.0,0.0,0.0,1.0,0.0,0.0,True,Qwen/Qwen3-Coder-30B-A3B-Instruct-FP8,None
486@y_name@DESC,Bar,Medium,4.044687807559967,16.178751230239868,4,0.0,0.0,0.0,0.0,0.0,0.0,0.0,0.0,0.0,0.0,1.0,0.0,0.0,True,Qwen/Qwen3-Coder-30B-A3B-Instruct-FP8,None
486@y_name@DESC,Bar,Medium,4.044687807559967,16.178751230239868,4,0.0,0.0,0.0,0.0,0.0,0.0,0.0,0.0,0.0,0.0,1.0,0.0,0.0,True,Qwen/Qwen3-Coder-30B-A3B-Instruct-FP8,None
490@y_name@ASC,Bar,Hard,2.4283958673477173,9.71358346939087,4,0.0,0.0,0.0,0.0,0.0,0.0,0.0,0.0,0.0,0.0,1.0,0.0,0.0,False,Qwen/Qwen3-Coder-30B-A3B-Instruct-FP8,None
490@y_name@ASC,Bar,Hard,2.4283958673477173,9.71358346939087,4,0.0,0.0,0.0,0.0,0.0,0.0,0.0,0.0,0.0,0.0,1.0,0.0,0.0,False,Qwen/Qwen3-Coder-30B-A3B-Instruct-FP8,None
490@y_name@ASC,Bar,Hard,2.4283958673477173,9.71358346939087,4,0.0,0.0,0.0,0.0,0.0,0.0,0.0,0.0,0.0,0.0,1.0,0.0,0.0,False,Qwen/Qwen3-Coder-30B-A3B-Instruct-FP8,None
2904@y_name@DESC,Bar,Medium,1.8969141244888306,7.587656497955322,4,0.0,0.0,0.0,0.0,0.0,0.0,0.0,0.0,0.0,0.0,1.0,0.0,0.0,False,Qwen/Qwen3-Coder-30B-A3B-Instruct-FP8,None
2904@y_name@DESC,Bar,Medium,1.8969141244888306,7.587656497955322,4,0.0,0.0,0.0,0.0,0.0,0.0,0.0,0.0,0.0,0.0,1.0,0.0,0.0,False,Qwen/Qwen3-Coder-30B-A3B-Instruct-FP8,None
2904@y_name@DESC,Bar,Medium,1.8969141244888306,7.587656497955322,4,0.0,0.0,0.0,0.0,0.0,0.0,0.0,0.0,0.0,0.0,1.0,0.0,0.0,False,Qwen/Qwen3-Coder-30B-A3B-Instruct-FP8,None
2909@x_name@ASC,Bar,Medium,2.9226508140563965,8.76795244216919,3,0.0,0.0,0.0,0.0,0.0,0.0,0.0,0.0,0.0,0.0,1.0,0.0,0.0,False,Qwen/Qwen3-Coder-30B-A3B-Instruct-FP8,None
2909@x_name@ASC,Bar,Medium,2.9226508140563965,8.76795244216919,3,0.0,0.0,0.0,0.0,0.0,0.0,0.0,0.0,0.0,0.0,1.0,0.0,0.0,False,Qwen/Qwen3-Coder-30B-A3B-Instruct-FP8,None
2909@x_name@ASC,Bar,Medium,2.9226508140563965,8.76795244216919,3,0.0,0.0,0.0,0.0,0.0,0.0,0.0,0.0,0.0,0.0,1.0,0.0,0.0,False,Qwen/Qwen3-Coder-30B-A3B-Instruct-FP8,None
2915@y_name@ASC,Bar,Easy,2.6177412271499634,5.235482454299927,2,0.0,0.0,0.0,0.0,0.0,0.0,0.0,0.0,0.0,0.0,1.0,0.0,0.0,False,Qwen/Qwen3-Coder-30B-A3B-Instruct-FP8,None
2915@y_name@ASC,Bar,Easy,2.6177412271499634,5.235482454299927,2,0.0,0.0,0.0,0.0,0.0,0.0,0.0,0.0,0.0,0.0,1.0,0.0,0.0,False,Qwen/Qwen3-Coder-30B-A3B-Instruct-FP8,None
2915@y_name@ASC,Bar,Easy,2.6177412271499634,5.235482454299927,2,0.0,0.0,0.0,0.0,0.0,0.0,0.0,0.0,0.0,0.0,1.0,0.0,0.0,False,Qwen/Qwen3-Coder-30B-A3B-Instruct-FP8,None
2931@y_name@DESC,Bar,Extra Hard,6.639513373374939,13.279026746749878,2,0.0,0.0,0.0,0.0,0.0,0.0,0.0,0.0,0.0,0.0,1.0,0.0,0.0,True,Qwen/Qwen3-Coder-30B-A3B-Instruct-FP8,None
2931@y_name@DESC,Bar,Extra Hard,6.639513373374939,13.279026746749878,2,0.0,0.0,0.0,0.0,0.0,0.0,0.0,0.0,0.0,0.0,1.0,0.0,0.0,True,Qwen/Qwen3-Coder-30B-A3B-Instruct-FP8,None
2931@y_name@DESC,Bar,Extra Hard,6.639513373374939,13.279026746749878,2,0.0,0.0,0.0,0.0,0.0,0.0,0.0,0.0,0.0,0.0,1.0,0.0,0.0,True,Qwen/Qwen3-Coder-30B-A3B-Instruct-FP8,None
920@y_name@ASC,Bar,Extra Hard,7.409122943878174,14.818245887756348,2,0.0,0.0,0.0,0.0,0.5,0.5,0.0,0.0,0.0,1.0,0.0,,0.0,True,Qwen/Qwen3-Coder-30B-A3B-Instruct-FP8,None
920@y_name@ASC,Bar,Extra Hard,7.409122943878174,14.818245887756348,2,0.0,0.0,0.0,0.0,0.5,0.5,0.0,0.0,0.0,1.0,0.0,,0.0,True,Qwen/Qwen3-Coder-30B-A3B-Instruct-FP8,None
920@y_name@ASC,Bar,Extra Hard,7.409122943878174,14.818245887756348,2,0.0,0.0,0.0,0.0,0.5,0.5,0.0,0.0,0.0,1.0,0.0,,0.0,True,Qwen/Qwen3-Coder-30B-A3B-Instruct-FP8,None
921@y_name@DESC,Stacked Bar,Hard,3.769627809524536,3.769627809524536,1,0.0,0.0,0.0,0.0,1.0,0.0,0.0,0.0,0.0,1.0,0.0,,0.0,True,Qwen/Qwen3-Coder-30B-A3B-Instruct-FP8,None
921@y_name@DESC,Stacked Bar,Hard,3.769627809524536,3.769627809524536,1,0.0,0.0,0.0,0.0,1.0,0.0,0.0,0.0,0.0,1.0,0.0,,0.0,True,Qwen/Qwen3-Coder-30B-A3B-Instruct-FP8,None
921@y_name@DESC,Stacked Bar,Hard,3.769627809524536,3.769627809524536,1,0.0,0.0,0.0,0.0,1.0,0.0,0.0,0.0,0.0,1.0,0.0,,0.0,True,Qwen/Qwen3-Coder-30B-A3B-Instruct-FP8,None
2985@y_name@DESC,Stacked Bar,Extra Hard,13.035015344619751,13.035015344619751,1,0.0,0.0,0.0,1.0,1.0,0.0,0.0,0.0,0.0,1.0,0.0,,0.0,True,Qwen/Qwen3-Coder-30B-A3B-Instruct-FP8,None
2985@y_name@DESC,Stacked Bar,Extra Hard,13.035015344619751,13.035015344619751,1,0.0,0.0,0.0,1.0,1.0,0.0,0.0,0.0,0.0,1.0,0.0,,0.0,True,Qwen/Qwen3-Coder-30B-A3B-Instruct-FP8,None
2985@y_name@DESC,Stacked Bar,Extra Hard,13.035015344619751,13.035015344619751,1,0.0,0.0,0.0,1.0,1.0,0.0,0.0,0.0,0.0,1.0,0.0,,0.0,True,Qwen/Qwen3-Coder-30B-A3B-Instruct-FP8,None
2993@y_name@ASC,Bar,Medium,2.849016785621643,5.698033571243286,2,0.0,0.0,0.0,0.0,0.0,0.0,0.0,0.0,0.0,0.0,1.0,0.0,0.0,False,Qwen/Qwen3-Coder-30B-A3B-Instruct-FP8,None
2993@y_name@ASC,Bar,Medium,2.849016785621643,5.698033571243286,2,0.0,0.0,0.0,0.0,0.0,0.0,0.0,0.0,0.0,0.0,1.0,0.0,0.0,False,Qwen/Qwen3-Coder-30B-A3B-Instruct-FP8,None
2993@y_name@ASC,Bar,Medium,2.849016785621643,5.698033571243286,2,0.0,0.0,0.0,0.0,0.0,0.0,0.0,0.0,0.0,0.0,1.0,0.0,0.0,False,Qwen/Qwen3-Coder-30B-A3B-Instruct-FP8,None
3001@x_name@ASC,Bar,Extra Hard,3.916837453842163,7.833674907684326,2,0.0,0.0,0.0,0.0,0.0,1.0,0.0,0.0,0.0,1.0,0.0,,0.0,True,Qwen/Qwen3-Coder-30B-A3B-Instruct-FP8,None
3001@x_name@ASC,Bar,Extra Hard,3.916837453842163,7.833674907684326,2,0.0,0.0,0.0,0.0,0.0,1.0,0.0,0.0,0.0,1.0,0.0,,0.0,True,Qwen/Qwen3-Coder-30B-A3B-Instruct-FP8,None
3001@x_name@ASC,Bar,Extra Hard,3.916837453842163,7.833674907684326,2,0.0,0.0,0.0,0.0,0.0,1.0,0.0,0.0,0.0,1.0,0.0,,0.0,True,Qwen/Qwen3-Coder-30B-A3B-Instruct-FP8,None
3002@y_name@ASC,Bar,Medium,2.4820029735565186,4.964005947113037,2,0.0,0.0,0.0,0.0,0.0,0.0,0.0,0.0,0.0,0.0,1.0,0.0,0.0,False,Qwen/Qwen3-Coder-30B-A3B-Instruct-FP8,None
3002@y_name@ASC,Bar,Medium,2.4820029735565186,4.964005947113037,2,0.0,0.0,0.0,0.0,0.0,0.0,0.0,0.0,0.0,0.0,1.0,0.0,0.0,False,Qwen/Qwen3-Coder-30B-A3B-Instruct-FP8,None
3002@y_name@ASC,Bar,Medium,2.4820029735565186,4.964005947113037,2,0.0,0.0,0.0,0.0,0.0,0.0,0.0,0.0,0.0,0.0,1.0,0.0,0.0,False,Qwen/Qwen3-Coder-30B-A3B-Instruct-FP8,None
3005@x_name@ASC,Bar,Medium,2.215767741203308,4.431535482406616,2,0.0,0.0,0.0,0.0,0.0,0.0,0.0,0.0,0.0,0.0,1.0,0.0,0.0,False,Qwen/Qwen3-Coder-30B-A3B-Instruct-FP8,None
3005@x_name@ASC,Bar,Medium,2.215767741203308,4.431535482406616,2,0.0,0.0,0.0,0.0,0.0,0.0,0.0,0.0,0.0,0.0,1.0,0.0,0.0,False,Qwen/Qwen3-Coder-30B-A3B-Instruct-FP8,None
3005@x_name@ASC,Bar,Medium,2.215767741203308,4.431535482406616,2,0.0,0.0,0.0,0.0,0.0,0.0,0.0,0.0,0.0,0.0,1.0,0.0,0.0,False,Qwen/Qwen3-Coder-30B-A3B-Instruct-FP8,None
3007@y_name@ASC,Bar,Medium,2.5089948177337646,2.5089948177337646,1,0.0,0.0,0.0,0.0,0.0,0.0,0.0,0.0,0.0,0.0,1.0,0.0,0.0,False,Qwen/Qwen3-Coder-30B-A3B-Instruct-FP8,None
3007@y_name@ASC,Bar,Medium,2.5089948177337646,2.5089948177337646,1,0.0,0.0,0.0,0.0,0.0,0.0,0.0,0.0,0.0,0.0,1.0,0.0,0.0,False,Qwen/Qwen3-Coder-30B-A3B-Instruct-FP8,None
3007@y_name@ASC,Bar,Medium,2.5089948177337646,2.5089948177337646,1,0.0,0.0,0.0,0.0,0.0,0.0,0.0,0.0,0.0,0.0,1.0,0.0,0.0,False,Qwen/Qwen3-Coder-30B-A3B-Instruct-FP8,None
3014@y_name@ASC,Bar,Extra Hard,14.577824354171753,14.577824354171753,1,1.0,0.0,0.0,0.0,0.0,0.0,0.0,0.0,1.0,0.0,0.0,,0.0,True,Qwen/Qwen3-Coder-30B-A3B-Instruct-FP8,None
3014@y_name@ASC,Bar,Extra Hard,14.577824354171753,14.577824354171753,1,1.0,0.0,0.0,0.0,0.0,0.0,0.0,0.0,1.0,0.0,0.0,,0.0,True,Qwen/Qwen3-Coder-30B-A3B-Instruct-FP8,None
3014@y_name@ASC,Bar,Extra Hard,14.577824354171753,14.577824354171753,1,1.0,0.0,0.0,0.0,0.0,0.0,0.0,0.0,1.0,0.0,0.0,,0.0,True,Qwen/Qwen3-Coder-30B-A3B-Instruct-FP8,None
3015@x_name@DESC,Bar,Extra Hard,16.358121871948242,16.358121871948242,1,1.0,0.0,0.0,0.0,0.0,0.0,0.0,0.0,1.0,0.0,0.0,,0.0,True,Qwen/Qwen3-Coder-30B-A3B-Instruct-FP8,None
3015@x_name@DESC,Bar,Extra Hard,16.358121871948242,16.358121871948242,1,1.0,0.0,0.0,0.0,0.0,0.0,0.0,0.0,1.0,0.0,0.0,,0.0,True,Qwen/Qwen3-Coder-30B-A3B-Instruct-FP8,None
3015@x_name@DESC,Bar,Extra Hard,16.358121871948242,16.358121871948242,1,1.0,0.0,0.0,0.0,0.0,0.0,0.0,0.0,1.0,0.0,0.0,,0.0,True,Qwen/Qwen3-Coder-30B-A3B-Instruct-FP8,None
3022@x_name@DESC,Bar,Extra Hard,3.5679848194122314,3.5679848194122314,1,0.0,0.0,0.0,0.0,0.0,1.0,0.0,0.0,0.0,1.0,0.0,,0.0,True,Qwen/Qwen3-Coder-30B-A3B-Instruct-FP8,None
3022@x_name@DESC,Bar,Extra Hard,3.5679848194122314,3.5679848194122314,1,0.0,0.0,0.0,0.0,0.0,1.0,0.0,0.0,0.0,1.0,0.0,,0.0,True,Qwen/Qwen3-Coder-30B-A3B-Instruct-FP8,None
3022@x_name@DESC,Bar,Extra Hard,3.5679848194122314,3.5679848194122314,1,0.0,0.0,0.0,0.0,0.0,1.0,0.0,0.0,0.0,1.0,0.0,,0.0,True,Qwen/Qwen3-Coder-30B-A3B-Instruct-FP8,None
1462@x_name@ASC,Bar,Medium,2.842000961303711,2.842000961303711,1,0.0,0.0,0.0,0.0,0.0,1.0,0.0,0.0,0.0,1.0,0.0,,0.0,False,Qwen/Qwen3-Coder-30B-A3B-Instruct-FP8,None
1462@x_name@ASC,Bar,Medium,2.842000961303711,2.842000961303711,1,0.0,0.0,0.0,0.0,0.0,1.0,0.0,0.0,0.0,1.0,0.0,,0.0,False,Qwen/Qwen3-Coder-30B-A3B-Instruct-FP8,None
1462@x_name@ASC,Bar,Medium,2.842000961303711,2.842000961303711,1,0.0,0.0,0.0,0.0,0.0,1.0,0.0,0.0,0.0,1.0,0.0,,0.0,False,Qwen/Qwen3-Coder-30B-A3B-Instruct-FP8,None
1470@y_name@ASC,Bar,Extra Hard,3.919721762339274,11.759165287017822,3,0.0,0.0,0.0,0.0,0.0,0.0,0.0,0.0,0.0,0.0,1.0,0.0,0.0,True,Qwen/Qwen3-Coder-30B-A3B-Instruct-FP8,None
1470@y_name@ASC,Bar,Extra Hard,3.919721762339274,11.759165287017822,3,0.0,0.0,0.0,0.0,0.0,0.0,0.0,0.0,0.0,0.0,1.0,0.0,0.0,True,Qwen/Qwen3-Coder-30B-A3B-Instruct-FP8,None
1470@y_name@ASC,Bar,Extra Hard,3.919721762339274,11.759165287017822,3,0.0,0.0,0.0,0.0,0.0,0.0,0.0,0.0,0.0,0.0,1.0,0.0,0.0,True,Qwen/Qwen3-Coder-30B-A3B-Instruct-FP8,None
857@x_name@DESC,Bar,Extra Hard,4.135426918665568,12.406280755996704,3,0.0,0.0,0.0,0.0,0.0,0.6666666666666666,0.0,0.0,0.0,0.6666666666666666,0.3333333333333333,0.0,0.0,True,Qwen/Qwen3-Coder-30B-A3B-Instruct-FP8,None
857@x_name@DESC,Bar,Extra Hard,4.135426918665568,12.406280755996704,3,0.0,0.0,0.0,0.0,0.0,0.6666666666666666,0.0,0.0,0.0,0.6666666666666666,0.3333333333333333,0.0,0.0,True,Qwen/Qwen3-Coder-30B-A3B-Instruct-FP8,None
857@x_name@DESC,Bar,Extra Hard,4.135426918665568,12.406280755996704,3,0.0,0.0,0.0,0.0,0.0,0.6666666666666666,0.0,0.0,0.0,0.6666666666666666,0.3333333333333333,0.0,0.0,True,Qwen/Qwen3-Coder-30B-A3B-Instruct-FP8,None
859@x_name@ASC,Bar,Medium,2.914896011352539,2.914896011352539,1,0.0,0.0,0.0,0.0,0.0,0.0,0.0,0.0,0.0,0.0,1.0,0.0,0.0,False,Qwen/Qwen3-Coder-30B-A3B-Instruct-FP8,None
859@x_name@ASC,Bar,Medium,2.914896011352539,2.914896011352539,1,0.0,0.0,0.0,0.0,0.0,0.0,0.0,0.0,0.0,0.0,1.0,0.0,0.0,False,Qwen/Qwen3-Coder-30B-A3B-Instruct-FP8,None
859@x_name@ASC,Bar,Medium,2.914896011352539,2.914896011352539,1,0.0,0.0,0.0,0.0,0.0,0.0,0.0,0.0,0.0,0.0,1.0,0.0,0.0,False,Qwen/Qwen3-Coder-30B-A3B-Instruct-FP8,None
862@y_name@DESC,Bar,Medium,2.443603992462158,2.443603992462158,1,0.0,0.0,0.0,0.0,0.0,0.0,0.0,0.0,0.0,0.0,1.0,0.0,0.0,False,Qwen/Qwen3-Coder-30B-A3B-Instruct-FP8,None
862@y_name@DESC,Bar,Medium,2.443603992462158,2.443603992462158,1,0.0,0.0,0.0,0.0,0.0,0.0,0.0,0.0,0.0,0.0,1.0,0.0,0.0,False,Qwen/Qwen3-Coder-30B-A3B-Instruct-FP8,None
862@y_name@DESC,Bar,Medium,2.443603992462158,2.443603992462158,1,0.0,0.0,0.0,0.0,0.0,0.0,0.0,0.0,0.0,0.0,1.0,0.0,0.0,False,Qwen/Qwen3-Coder-30B-A3B-Instruct-FP8,None
863@y_name@ASC,Bar,Medium,2.322277069091797,2.322277069091797,1,0.0,0.0,0.0,0.0,0.0,0.0,0.0,0.0,0.0,0.0,1.0,0.0,0.0,False,Qwen/Qwen3-Coder-30B-A3B-Instruct-FP8,None
863@y_name@ASC,Bar,Medium,2.322277069091797,2.322277069091797,1,0.0,0.0,0.0,0.0,0.0,0.0,0.0,0.0,0.0,0.0,1.0,0.0,0.0,False,Qwen/Qwen3-Coder-30B-A3B-Instruct-FP8,None
863@y_name@ASC,Bar,Medium,2.322277069091797,2.322277069091797,1,0.0,0.0,0.0,0.0,0.0,0.0,0.0,0.0,0.0,0.0,1.0,0.0,0.0,False,Qwen/Qwen3-Coder-30B-A3B-Instruct-FP8,None
872@x_name@DESC,Bar,Medium,2.64838844537735,10.5935537815094,4,0.0,0.0,0.0,0.0,0.0,1.0,0.0,0.0,0.0,1.0,0.0,,0.0,False,Qwen/Qwen3-Coder-30B-A3B-Instruct-FP8,None
872@x_name@DESC,Bar,Medium,2.64838844537735,10.5935537815094,4,0.0,0.0,0.0,0.0,0.0,1.0,0.0,0.0,0.0,1.0,0.0,,0.0,False,Qwen/Qwen3-Coder-30B-A3B-Instruct-FP8,None
872@x_name@DESC,Bar,Medium,2.64838844537735,10.5935537815094,4,0.0,0.0,0.0,0.0,0.0,1.0,0.0,0.0,0.0,1.0,0.0,,0.0,False,Qwen/Qwen3-Coder-30B-A3B-Instruct-FP8,None
882@x_name@DESC,Bar,Hard,3.630167007446289,10.890501022338867,3,0.0,0.0,0.0,0.0,0.0,0.6666666666666666,0.0,0.0,0.0,0.6666666666666666,0.3333333333333333,0.0,0.0,True,Qwen/Qwen3-Coder-30B-A3B-Instruct-FP8,None
882@x_name@DESC,Bar,Hard,3.630167007446289,10.890501022338867,3,0.0,0.0,0.0,0.0,0.0,0.6666666666666666,0.0,0.0,0.0,0.6666666666666666,0.3333333333333333,0.0,0.0,True,Qwen/Qwen3-Coder-30B-A3B-Instruct-FP8,None
882@x_name@DESC,Bar,Hard,3.630167007446289,10.890501022338867,3,0.0,0.0,0.0,0.0,0.0,0.6666666666666666,0.0,0.0,0.0,0.6666666666666666,0.3333333333333333,0.0,0.0,True,Qwen/Qwen3-Coder-30B-A3B-Instruct-FP8,None
884@x_name@DESC,Bar,Extra Hard,4.114099740982056,8.228199481964111,2,0.0,0.0,0.0,0.0,0.0,1.0,0.0,0.0,0.0,1.0,0.0,,0.0,True,Qwen/Qwen3-Coder-30B-A3B-Instruct-FP8,None
884@x_name@DESC,Bar,Extra Hard,4.114099740982056,8.228199481964111,2,0.0,0.0,0.0,0.0,0.0,1.0,0.0,0.0,0.0,1.0,0.0,,0.0,True,Qwen/Qwen3-Coder-30B-A3B-Instruct-FP8,None
884@x_name@DESC,Bar,Extra Hard,4.114099740982056,8.228199481964111,2,0.0,0.0,0.0,0.0,0.0,1.0,0.0,0.0,0.0,1.0,0.0,,0.0,True,Qwen/Qwen3-Coder-30B-A3B-Instruct-FP8,None
1302@x_name@ASC,Bar,Hard,17.87527322769165,17.87527322769165,1,1.0,0.0,0.0,0.0,0.0,0.0,0.0,0.0,1.0,0.0,0.0,,0.0,True,Qwen/Qwen3-Coder-30B-A3B-Instruct-FP8,None
1302@x_name@ASC,Bar,Hard,17.87527322769165,17.87527322769165,1,1.0,0.0,0.0,0.0,0.0,0.0,0.0,0.0,1.0,0.0,0.0,,0.0,True,Qwen/Qwen3-Coder-30B-A3B-Instruct-FP8,None
1302@x_name@ASC,Bar,Hard,17.87527322769165,17.87527322769165,1,1.0,0.0,0.0,0.0,0.0,0.0,0.0,0.0,1.0,0.0,0.0,,0.0,True,Qwen/Qwen3-Coder-30B-A3B-Instruct-FP8,None
1304@y_name@ASC,Bar,Easy,2.9737020134925842,11.894808053970337,4,0.0,0.0,0.0,0.0,0.0,0.0,0.0,0.0,0.0,0.0,1.0,0.0,0.0,False,Qwen/Qwen3-Coder-30B-A3B-Instruct-FP8,None
1304@y_name@ASC,Bar,Easy,2.9737020134925842,11.894808053970337,4,0.0,0.0,0.0,0.0,0.0,0.0,0.0,0.0,0.0,0.0,1.0,0.0,0.0,False,Qwen/Qwen3-Coder-30B-A3B-Instruct-FP8,None
1304@y_name@ASC,Bar,Easy,2.9737020134925842,11.894808053970337,4,0.0,0.0,0.0,0.0,0.0,0.0,0.0,0.0,0.0,0.0,1.0,0.0,0.0,False,Qwen/Qwen3-Coder-30B-A3B-Instruct-FP8,None
1307@y_name@DESC,Bar,Hard,3.811740001042684,11.435220003128052,3,0.0,0.0,0.0,0.0,0.0,0.0,0.0,0.0,0.0,0.0,1.0,0.0,0.0,True,Qwen/Qwen3-Coder-30B-A3B-Instruct-FP8,None
1307@y_name@DESC,Bar,Hard,3.811740001042684,11.435220003128052,3,0.0,0.0,0.0,0.0,0.0,0.0,0.0,0.0,0.0,0.0,1.0,0.0,0.0,True,Qwen/Qwen3-Coder-30B-A3B-Instruct-FP8,None
1307@y_name@DESC,Bar,Hard,3.811740001042684,11.435220003128052,3,0.0,0.0,0.0,0.0,0.0,0.0,0.0,0.0,0.0,0.0,1.0,0.0,0.0,True,Qwen/Qwen3-Coder-30B-A3B-Instruct-FP8,None
1311@y_name@ASC,Bar,Hard,2.9289798736572266,2.9289798736572266,1,0.0,0.0,0.0,0.0,0.0,0.0,0.0,0.0,0.0,0.0,1.0,0.0,0.0,True,Qwen/Qwen3-Coder-30B-A3B-Instruct-FP8,None
1311@y_name@ASC,Bar,Hard,2.9289798736572266,2.9289798736572266,1,0.0,0.0,0.0,0.0,0.0,0.0,0.0,0.0,0.0,0.0,1.0,0.0,0.0,True,Qwen/Qwen3-Coder-30B-A3B-Instruct-FP8,None
1311@y_name@ASC,Bar,Hard,2.9289798736572266,2.9289798736572266,1,0.0,0.0,0.0,0.0,0.0,0.0,0.0,0.0,0.0,0.0,1.0,0.0,0.0,True,Qwen/Qwen3-Coder-30B-A3B-Instruct-FP8,None
1315@y_name@ASC,Bar,Hard,15.00063180923462,15.00063180923462,1,1.0,0.0,0.0,0.0,0.0,0.0,0.0,0.0,1.0,0.0,0.0,,0.0,True,Qwen/Qwen3-Coder-30B-A3B-Instruct-FP8,None
1315@y_name@ASC,Bar,Hard,15.00063180923462,15.00063180923462,1,1.0,0.0,0.0,0.0,0.0,0.0,0.0,0.0,1.0,0.0,0.0,,0.0,True,Qwen/Qwen3-Coder-30B-A3B-Instruct-FP8,None
1315@y_name@ASC,Bar,Hard,15.00063180923462,15.00063180923462,1,1.0,0.0,0.0,0.0,0.0,0.0,0.0,0.0,1.0,0.0,0.0,,0.0,True,Qwen/Qwen3-Coder-30B-A3B-Instruct-FP8,None
1320@y_name@ASC,Bar,Medium,2.9422441720962524,5.884488344192505,2,0.0,0.0,0.0,0.0,0.0,0.0,0.0,0.0,0.0,0.0,1.0,0.0,0.0,False,Qwen/Qwen3-Coder-30B-A3B-Instruct-FP8,None
1320@y_name@ASC,Bar,Medium,2.9422441720962524,5.884488344192505,2,0.0,0.0,0.0,0.0,0.0,0.0,0.0,0.0,0.0,0.0,1.0,0.0,0.0,False,Qwen/Qwen3-Coder-30B-A3B-Instruct-FP8,None
1320@y_name@ASC,Bar,Medium,2.9422441720962524,5.884488344192505,2,0.0,0.0,0.0,0.0,0.0,0.0,0.0,0.0,0.0,0.0,1.0,0.0,0.0,False,Qwen/Qwen3-Coder-30B-A3B-Instruct-FP8,None
1322@x_name@ASC,Bar,Extra Hard,4.5180968046188354,9.036193609237671,2,0.0,0.0,0.0,0.0,0.5,0.0,0.0,0.0,0.0,0.5,0.5,0.0,0.0,True,Qwen/Qwen3-Coder-30B-A3B-Instruct-FP8,None
1322@x_name@ASC,Bar,Extra Hard,4.5180968046188354,9.036193609237671,2,0.0,0.0,0.0,0.0,0.5,0.0,0.0,0.0,0.0,0.5,0.5,0.0,0.0,True,Qwen/Qwen3-Coder-30B-A3B-Instruct-FP8,None
1322@x_name@ASC,Bar,Extra Hard,4.5180968046188354,9.036193609237671,2,0.0,0.0,0.0,0.0,0.5,0.0,0.0,0.0,0.0,0.5,0.5,0.0,0.0,True,Qwen/Qwen3-Coder-30B-A3B-Instruct-FP8,None
364@y_name@ASC,Bar,Medium,2.189344882965088,6.568034648895264,3,0.0,0.0,0.0,0.0,0.0,0.0,0.0,0.0,0.0,0.0,1.0,0.0,0.0,False,Qwen/Qwen3-Coder-30B-A3B-Instruct-FP8,None
364@y_name@ASC,Bar,Medium,2.189344882965088,6.568034648895264,3,0.0,0.0,0.0,0.0,0.0,0.0,0.0,0.0,0.0,0.0,1.0,0.0,0.0,False,Qwen/Qwen3-Coder-30B-A3B-Instruct-FP8,None
364@y_name@ASC,Bar,Medium,2.189344882965088,6.568034648895264,3,0.0,0.0,0.0,0.0,0.0,0.0,0.0,0.0,0.0,0.0,1.0,0.0,0.0,False,Qwen/Qwen3-Coder-30B-A3B-Instruct-FP8,None
365@x_name@ASC,Bar,Medium,2.5903048515319824,5.180609703063965,2,0.0,0.0,0.0,0.0,0.0,0.0,0.0,0.0,0.0,0.0,1.0,0.0,0.0,False,Qwen/Qwen3-Coder-30B-A3B-Instruct-FP8,None
365@x_name@ASC,Bar,Medium,2.5903048515319824,5.180609703063965,2,0.0,0.0,0.0,0.0,0.0,0.0,0.0,0.0,0.0,0.0,1.0,0.0,0.0,False,Qwen/Qwen3-Coder-30B-A3B-Instruct-FP8,None
365@x_name@ASC,Bar,Medium,2.5903048515319824,5.180609703063965,2,0.0,0.0,0.0,0.0,0.0,0.0,0.0,0.0,0.0,0.0,1.0,0.0,0.0,False,Qwen/Qwen3-Coder-30B-A3B-Instruct-FP8,None
2436@y_name@DESC,Bar,Medium,2.2629388570785522,4.5258777141571045,2,0.0,0.0,0.0,0.0,0.0,0.0,0.0,0.0,0.0,0.0,1.0,0.0,0.0,False,Qwen/Qwen3-Coder-30B-A3B-Instruct-FP8,None
2436@y_name@DESC,Bar,Medium,2.2629388570785522,4.5258777141571045,2,0.0,0.0,0.0,0.0,0.0,0.0,0.0,0.0,0.0,0.0,1.0,0.0,0.0,False,Qwen/Qwen3-Coder-30B-A3B-Instruct-FP8,None
2436@y_name@DESC,Bar,Medium,2.2629388570785522,4.5258777141571045,2,0.0,0.0,0.0,0.0,0.0,0.0,0.0,0.0,0.0,0.0,1.0,0.0,0.0,False,Qwen/Qwen3-Coder-30B-A3B-Instruct-FP8,None
2439@x_name@ASC,Bar,Hard,2.1280264854431152,4.2560529708862305,2,0.0,0.0,0.0,0.0,0.0,1.0,0.0,0.0,0.0,1.0,0.0,,0.0,False,Qwen/Qwen3-Coder-30B-A3B-Instruct-FP8,None
2439@x_name@ASC,Bar,Hard,2.1280264854431152,4.2560529708862305,2,0.0,0.0,0.0,0.0,0.0,1.0,0.0,0.0,0.0,1.0,0.0,,0.0,False,Qwen/Qwen3-Coder-30B-A3B-Instruct-FP8,None
2439@x_name@ASC,Bar,Hard,2.1280264854431152,4.2560529708862305,2,0.0,0.0,0.0,0.0,0.0,1.0,0.0,0.0,0.0,1.0,0.0,,0.0,False,Qwen/Qwen3-Coder-30B-A3B-Instruct-FP8,None
2441@x_name@DESC,Bar,Medium,2.575286388397217,2.575286388397217,1,0.0,0.0,0.0,0.0,0.0,0.0,0.0,0.0,0.0,0.0,1.0,0.0,0.0,False,Qwen/Qwen3-Coder-30B-A3B-Instruct-FP8,None
2441@x_name@DESC,Bar,Medium,2.575286388397217,2.575286388397217,1,0.0,0.0,0.0,0.0,0.0,0.0,0.0,0.0,0.0,0.0,1.0,0.0,0.0,False,Qwen/Qwen3-Coder-30B-A3B-Instruct-FP8,None
2441@x_name@DESC,Bar,Medium,2.575286388397217,2.575286388397217,1,0.0,0.0,0.0,0.0,0.0,0.0,0.0,0.0,0.0,0.0,1.0,0.0,0.0,False,Qwen/Qwen3-Coder-30B-A3B-Instruct-FP8,None
2127@x_name@ASC,Bar,Medium,2.0837745666503906,2.0837745666503906,1,0.0,0.0,0.0,0.0,0.0,0.0,0.0,0.0,0.0,0.0,1.0,0.0,0.0,False,Qwen/Qwen3-Coder-30B-A3B-Instruct-FP8,None
2127@x_name@ASC,Bar,Medium,2.0837745666503906,2.0837745666503906,1,0.0,0.0,0.0,0.0,0.0,0.0,0.0,0.0,0.0,0.0,1.0,0.0,0.0,False,Qwen/Qwen3-Coder-30B-A3B-Instruct-FP8,None
2127@x_name@ASC,Bar,Medium,2.0837745666503906,2.0837745666503906,1,0.0,0.0,0.0,0.0,0.0,0.0,0.0,0.0,0.0,0.0,1.0,0.0,0.0,False,Qwen/Qwen3-Coder-30B-A3B-Instruct-FP8,None
2135@x_name@DESC,Bar,Medium,2.197721481323242,4.395442962646484,2,0.0,0.0,0.0,0.0,0.0,0.5,0.0,0.0,0.0,0.5,0.5,0.0,0.0,False,Qwen/Qwen3-Coder-30B-A3B-Instruct-FP8,None
2135@x_name@DESC,Bar,Medium,2.197721481323242,4.395442962646484,2,0.0,0.0,0.0,0.0,0.0,0.5,0.0,0.0,0.0,0.5,0.5,0.0,0.0,False,Qwen/Qwen3-Coder-30B-A3B-Instruct-FP8,None
2135@x_name@DESC,Bar,Medium,2.197721481323242,4.395442962646484,2,0.0,0.0,0.0,0.0,0.0,0.5,0.0,0.0,0.0,0.5,0.5,0.0,0.0,False,Qwen/Qwen3-Coder-30B-A3B-Instruct-FP8,None
2143@y_name@DESC,Bar,Hard,3.7410757541656494,3.7410757541656494,1,0.0,0.0,0.0,0.0,0.0,0.0,0.0,0.0,0.0,0.0,1.0,0.0,0.0,True,Qwen/Qwen3-Coder-30B-A3B-Instruct-FP8,None
2143@y_name@DESC,Bar,Hard,3.7410757541656494,3.7410757541656494,1,0.0,0.0,0.0,0.0,0.0,0.0,0.0,0.0,0.0,0.0,1.0,0.0,0.0,True,Qwen/Qwen3-Coder-30B-A3B-Instruct-FP8,None
2143@y_name@DESC,Bar,Hard,3.7410757541656494,3.7410757541656494,1,0.0,0.0,0.0,0.0,0.0,0.0,0.0,0.0,0.0,0.0,1.0,0.0,0.0,True,Qwen/Qwen3-Coder-30B-A3B-Instruct-FP8,None
1149@x_name@DESC,Bar,Medium,2.184821128845215,4.36964225769043,2,0.0,0.0,0.0,0.0,0.0,0.5,0.0,0.0,0.0,0.5,0.5,0.0,0.0,False,Qwen/Qwen3-Coder-30B-A3B-Instruct-FP8,None
1149@x_name@DESC,Bar,Medium,2.184821128845215,4.36964225769043,2,0.0,0.0,0.0,0.0,0.0,0.5,0.0,0.0,0.0,0.5,0.5,0.0,0.0,False,Qwen/Qwen3-Coder-30B-A3B-Instruct-FP8,None
1149@x_name@DESC,Bar,Medium,2.184821128845215,4.36964225769043,2,0.0,0.0,0.0,0.0,0.0,0.5,0.0,0.0,0.0,0.5,0.5,0.0,0.0,False,Qwen/Qwen3-Coder-30B-A3B-Instruct-FP8,None
1150@y_name@ASC,Bar,Medium,1.893120288848877,3.786240577697754,2,0.0,0.0,0.0,0.0,0.0,0.0,0.0,0.0,0.0,0.0,1.0,0.0,0.0,False,Qwen/Qwen3-Coder-30B-A3B-Instruct-FP8,None
1150@y_name@ASC,Bar,Medium,1.893120288848877,3.786240577697754,2,0.0,0.0,0.0,0.0,0.0,0.0,0.0,0.0,0.0,0.0,1.0,0.0,0.0,False,Qwen/Qwen3-Coder-30B-A3B-Instruct-FP8,None
1150@y_name@ASC,Bar,Medium,1.893120288848877,3.786240577697754,2,0.0,0.0,0.0,0.0,0.0,0.0,0.0,0.0,0.0,0.0,1.0,0.0,0.0,False,Qwen/Qwen3-Coder-30B-A3B-Instruct-FP8,None
2814@y_name@ASC,Bar,Medium,2.030438264211019,6.091314792633057,3,0.0,0.0,0.0,0.0,0.0,0.0,0.0,0.0,0.0,0.0,1.0,0.0,0.0,False,Qwen/Qwen3-Coder-30B-A3B-Instruct-FP8,None
2814@y_name@ASC,Bar,Medium,2.030438264211019,6.091314792633057,3,0.0,0.0,0.0,0.0,0.0,0.0,0.0,0.0,0.0,0.0,1.0,0.0,0.0,False,Qwen/Qwen3-Coder-30B-A3B-Instruct-FP8,None
2814@y_name@ASC,Bar,Medium,2.030438264211019,6.091314792633057,3,0.0,0.0,0.0,0.0,0.0,0.0,0.0,0.0,0.0,0.0,1.0,0.0,0.0,False,Qwen/Qwen3-Coder-30B-A3B-Instruct-FP8,None
2815@x_name@DESC,Stacked Bar,Hard,2.702446222305298,2.702446222305298,1,0.0,0.0,0.0,0.0,0.0,1.0,0.0,0.0,0.0,1.0,0.0,,0.0,False,Qwen/Qwen3-Coder-30B-A3B-Instruct-FP8,None
2815@x_name@DESC,Stacked Bar,Hard,2.702446222305298,2.702446222305298,1,0.0,0.0,0.0,0.0,0.0,1.0,0.0,0.0,0.0,1.0,0.0,,0.0,False,Qwen/Qwen3-Coder-30B-A3B-Instruct-FP8,None
2815@x_name@DESC,Stacked Bar,Hard,2.702446222305298,2.702446222305298,1,0.0,0.0,0.0,0.0,0.0,1.0,0.0,0.0,0.0,1.0,0.0,,0.0,False,Qwen/Qwen3-Coder-30B-A3B-Instruct-FP8,None
2816@y_name@ASC,Bar,Medium,1.9552180767059326,3.9104361534118652,2,0.0,0.0,0.0,0.0,0.0,0.0,0.0,0.0,0.0,0.0,1.0,0.0,0.0,False,Qwen/Qwen3-Coder-30B-A3B-Instruct-FP8,None
2816@y_name@ASC,Bar,Medium,1.9552180767059326,3.9104361534118652,2,0.0,0.0,0.0,0.0,0.0,0.0,0.0,0.0,0.0,0.0,1.0,0.0,0.0,False,Qwen/Qwen3-Coder-30B-A3B-Instruct-FP8,None
2816@y_name@ASC,Bar,Medium,1.9552180767059326,3.9104361534118652,2,0.0,0.0,0.0,0.0,0.0,0.0,0.0,0.0,0.0,0.0,1.0,0.0,0.0,False,Qwen/Qwen3-Coder-30B-A3B-Instruct-FP8,None
2823@x_name@ASC,Bar,Hard,3.7594802379608154,3.7594802379608154,1,0.0,0.0,0.0,0.0,0.0,0.0,0.0,0.0,0.0,0.0,1.0,0.0,0.0,True,Qwen/Qwen3-Coder-30B-A3B-Instruct-FP8,None
2823@x_name@ASC,Bar,Hard,3.7594802379608154,3.7594802379608154,1,0.0,0.0,0.0,0.0,0.0,0.0,0.0,0.0,0.0,0.0,1.0,0.0,0.0,True,Qwen/Qwen3-Coder-30B-A3B-Instruct-FP8,None
2823@x_name@ASC,Bar,Hard,3.7594802379608154,3.7594802379608154,1,0.0,0.0,0.0,0.0,0.0,0.0,0.0,0.0,0.0,0.0,1.0,0.0,0.0,True,Qwen/Qwen3-Coder-30B-A3B-Instruct-FP8,None
2827@y_name@ASC,Bar,Medium,2.3834862112998962,9.533944845199585,4,0.0,0.0,0.0,0.0,0.0,0.0,0.0,0.0,0.0,0.0,1.0,0.0,0.0,False,Qwen/Qwen3-Coder-30B-A3B-Instruct-FP8,None
2827@y_name@ASC,Bar,Medium,2.3834862112998962,9.533944845199585,4,0.0,0.0,0.0,0.0,0.0,0.0,0.0,0.0,0.0,0.0,1.0,0.0,0.0,False,Qwen/Qwen3-Coder-30B-A3B-Instruct-FP8,None
2827@y_name@ASC,Bar,Medium,2.3834862112998962,9.533944845199585,4,0.0,0.0,0.0,0.0,0.0,0.0,0.0,0.0,0.0,0.0,1.0,0.0,0.0,False,Qwen/Qwen3-Coder-30B-A3B-Instruct-FP8,None
3261@y_name@ASC,Bar,Medium,1.9988102118174236,5.9964306354522705,3,0.0,0.0,0.0,0.0,0.0,0.0,0.0,0.0,0.0,0.0,1.0,0.0,0.0,False,Qwen/Qwen3-Coder-30B-A3B-Instruct-FP8,None
3261@y_name@ASC,Bar,Medium,1.9988102118174236,5.9964306354522705,3,0.0,0.0,0.0,0.0,0.0,0.0,0.0,0.0,0.0,0.0,1.0,0.0,0.0,False,Qwen/Qwen3-Coder-30B-A3B-Instruct-FP8,None
3261@y_name@ASC,Bar,Medium,1.9988102118174236,5.9964306354522705,3,0.0,0.0,0.0,0.0,0.0,0.0,0.0,0.0,0.0,0.0,1.0,0.0,0.0,False,Qwen/Qwen3-Coder-30B-A3B-Instruct-FP8,None
3266@x_name@DESC,Bar,Medium,3.603444147109985,18.017220735549927,5,0.0,0.0,0.0,0.0,0.0,0.6,0.0,0.0,0.0,0.6,0.4,0.0,0.0,True,Qwen/Qwen3-Coder-30B-A3B-Instruct-FP8,None
3266@x_name@DESC,Bar,Medium,3.603444147109985,18.017220735549927,5,0.0,0.0,0.0,0.0,0.0,0.6,0.0,0.0,0.0,0.6,0.4,0.0,0.0,True,Qwen/Qwen3-Coder-30B-A3B-Instruct-FP8,None
3266@x_name@DESC,Bar,Medium,3.603444147109985,18.017220735549927,5,0.0,0.0,0.0,0.0,0.0,0.6,0.0,0.0,0.0,0.6,0.4,0.0,0.0,True,Qwen/Qwen3-Coder-30B-A3B-Instruct-FP8,None
2698@y_name@DESC,Bar,Medium,2.4499021768569946,4.899804353713989,2,0.0,0.0,0.0,0.0,0.0,0.5,0.0,0.0,0.0,0.5,0.5,0.0,0.0,False,Qwen/Qwen3-Coder-30B-A3B-Instruct-FP8,None
2698@y_name@DESC,Bar,Medium,2.4499021768569946,4.899804353713989,2,0.0,0.0,0.0,0.0,0.0,0.5,0.0,0.0,0.0,0.5,0.5,0.0,0.0,False,Qwen/Qwen3-Coder-30B-A3B-Instruct-FP8,None
2698@y_name@DESC,Bar,Medium,2.4499021768569946,4.899804353713989,2,0.0,0.0,0.0,0.0,0.0,0.5,0.0,0.0,0.0,0.5,0.5,0.0,0.0,False,Qwen/Qwen3-Coder-30B-A3B-Instruct-FP8,None
2702@y_name@DESC,Bar,Medium,2.5406899452209473,7.622069835662842,3,0.0,0.0,0.0,0.0,0.0,0.0,0.0,0.0,0.0,0.0,1.0,0.0,0.0,False,Qwen/Qwen3-Coder-30B-A3B-Instruct-FP8,None
2702@y_name@DESC,Bar,Medium,2.5406899452209473,7.622069835662842,3,0.0,0.0,0.0,0.0,0.0,0.0,0.0,0.0,0.0,0.0,1.0,0.0,0.0,False,Qwen/Qwen3-Coder-30B-A3B-Instruct-FP8,None
2702@y_name@DESC,Bar,Medium,2.5406899452209473,7.622069835662842,3,0.0,0.0,0.0,0.0,0.0,0.0,0.0,0.0,0.0,0.0,1.0,0.0,0.0,False,Qwen/Qwen3-Coder-30B-A3B-Instruct-FP8,None
2626@y_name@ASC,Bar,Hard,3.896667242050171,3.896667242050171,1,0.0,0.0,0.0,0.0,0.0,0.0,0.0,0.0,0.0,0.0,1.0,0.0,0.0,True,Qwen/Qwen3-Coder-30B-A3B-Instruct-FP8,None
2626@y_name@ASC,Bar,Hard,3.896667242050171,3.896667242050171,1,0.0,0.0,0.0,0.0,0.0,0.0,0.0,0.0,0.0,0.0,1.0,0.0,0.0,True,Qwen/Qwen3-Coder-30B-A3B-Instruct-FP8,None
2626@y_name@ASC,Bar,Hard,3.896667242050171,3.896667242050171,1,0.0,0.0,0.0,0.0,0.0,0.0,0.0,0.0,0.0,0.0,1.0,0.0,0.0,True,Qwen/Qwen3-Coder-30B-A3B-Instruct-FP8,None
2629@x_name@ASC,Bar,Medium,1.757432222366333,3.514864444732666,2,0.0,0.0,0.0,0.0,0.0,0.5,0.0,0.0,0.0,0.5,0.5,0.0,0.0,False,Qwen/Qwen3-Coder-30B-A3B-Instruct-FP8,None
2629@x_name@ASC,Bar,Medium,1.757432222366333,3.514864444732666,2,0.0,0.0,0.0,0.0,0.0,0.5,0.0,0.0,0.0,0.5,0.5,0.0,0.0,False,Qwen/Qwen3-Coder-30B-A3B-Instruct-FP8,None
2629@x_name@ASC,Bar,Medium,1.757432222366333,3.514864444732666,2,0.0,0.0,0.0,0.0,0.0,0.5,0.0,0.0,0.0,0.5,0.5,0.0,0.0,False,Qwen/Qwen3-Coder-30B-A3B-Instruct-FP8,None
7@y_name@ASC,Bar,Medium,2.2123827253069197,15.486679077148438,7,0.0,0.0,0.0,0.0,0.0,0.0,0.0,0.0,0.0,0.0,1.0,0.0,0.0,False,Qwen/Qwen3-Coder-30B-A3B-Instruct-FP8,None
7@y_name@ASC,Bar,Medium,2.2123827253069197,15.486679077148438,7,0.0,0.0,0.0,0.0,0.0,0.0,0.0,0.0,0.0,0.0,1.0,0.0,0.0,False,Qwen/Qwen3-Coder-30B-A3B-Instruct-FP8,None
7@y_name@ASC,Bar,Medium,2.2123827253069197,15.486679077148438,7,0.0,0.0,0.0,0.0,0.0,0.0,0.0,0.0,0.0,0.0,1.0,0.0,0.0,False,Qwen/Qwen3-Coder-30B-A3B-Instruct-FP8,None
11@y_name@ASC,Stacked Bar,Hard,2.138383626937866,6.415150880813599,3,0.0,0.0,0.0,0.6666666666666666,0.6666666666666666,0.3333333333333333,0.0,0.0,0.0,1.0,0.0,,0.0,False,Qwen/Qwen3-Coder-30B-A3B-Instruct-FP8,None
11@y_name@ASC,Stacked Bar,Hard,2.138383626937866,6.415150880813599,3,0.0,0.0,0.0,0.6666666666666666,0.6666666666666666,0.3333333333333333,0.0,0.0,0.0,1.0,0.0,,0.0,False,Qwen/Qwen3-Coder-30B-A3B-Instruct-FP8,None
11@y_name@ASC,Stacked Bar,Hard,2.138383626937866,6.415150880813599,3,0.0,0.0,0.0,0.6666666666666666,0.6666666666666666,0.3333333333333333,0.0,0.0,0.0,1.0,0.0,,0.0,False,Qwen/Qwen3-Coder-30B-A3B-Instruct-FP8,None
12@x_name@ASC,Bar,Medium,2.7262775897979736,8.178832769393921,3,0.0,0.0,0.0,0.0,0.3333333333333333,0.0,0.0,0.0,0.0,0.3333333333333333,0.6666666666666666,0.0,0.0,False,Qwen/Qwen3-Coder-30B-A3B-Instruct-FP8,None
12@x_name@ASC,Bar,Medium,2.7262775897979736,8.178832769393921,3,0.0,0.0,0.0,0.0,0.3333333333333333,0.0,0.0,0.0,0.0,0.3333333333333333,0.6666666666666666,0.0,0.0,False,Qwen/Qwen3-Coder-30B-A3B-Instruct-FP8,None
12@x_name@ASC,Bar,Medium,2.7262775897979736,8.178832769393921,3,0.0,0.0,0.0,0.0,0.3333333333333333,0.0,0.0,0.0,0.0,0.3333333333333333,0.6666666666666666,0.0,0.0,False,Qwen/Qwen3-Coder-30B-A3B-Instruct-FP8,None
17@y_name@DESC,Bar,Medium,1.8196557362874348,5.458967208862305,3,0.0,0.0,0.0,0.0,0.0,0.0,0.0,0.0,0.0,0.0,1.0,0.0,0.0,False,Qwen/Qwen3-Coder-30B-A3B-Instruct-FP8,None
17@y_name@DESC,Bar,Medium,1.8196557362874348,5.458967208862305,3,0.0,0.0,0.0,0.0,0.0,0.0,0.0,0.0,0.0,0.0,1.0,0.0,0.0,False,Qwen/Qwen3-Coder-30B-A3B-Instruct-FP8,None
17@y_name@DESC,Bar,Medium,1.8196557362874348,5.458967208862305,3,0.0,0.0,0.0,0.0,0.0,0.0,0.0,0.0,0.0,0.0,1.0,0.0,0.0,False,Qwen/Qwen3-Coder-30B-A3B-Instruct-FP8,None
22@y_name@ASC,Bar,Hard,2.7439610362052917,10.975844144821167,4,0.0,0.0,0.0,0.0,0.0,0.0,0.0,0.0,0.0,0.0,1.0,0.0,0.0,False,Qwen/Qwen3-Coder-30B-A3B-Instruct-FP8,None
22@y_name@ASC,Bar,Hard,2.7439610362052917,10.975844144821167,4,0.0,0.0,0.0,0.0,0.0,0.0,0.0,0.0,0.0,0.0,1.0,0.0,0.0,False,Qwen/Qwen3-Coder-30B-A3B-Instruct-FP8,None
22@y_name@ASC,Bar,Hard,2.7439610362052917,10.975844144821167,4,0.0,0.0,0.0,0.0,0.0,0.0,0.0,0.0,0.0,0.0,1.0,0.0,0.0,False,Qwen/Qwen3-Coder-30B-A3B-Instruct-FP8,None
24@x_name@ASC,Bar,Medium,1.9380824565887451,1.9380824565887451,1,0.0,0.0,0.0,0.0,0.0,0.0,0.0,0.0,0.0,0.0,1.0,0.0,0.0,False,Qwen/Qwen3-Coder-30B-A3B-Instruct-FP8,None
24@x_name@ASC,Bar,Medium,1.9380824565887451,1.9380824565887451,1,0.0,0.0,0.0,0.0,0.0,0.0,0.0,0.0,0.0,0.0,1.0,0.0,0.0,False,Qwen/Qwen3-Coder-30B-A3B-Instruct-FP8,None
24@x_name@ASC,Bar,Medium,1.9380824565887451,1.9380824565887451,1,0.0,0.0,0.0,0.0,0.0,0.0,0.0,0.0,0.0,0.0,1.0,0.0,0.0,False,Qwen/Qwen3-Coder-30B-A3B-Instruct-FP8,None
26@y_name@ASC,Bar,Hard,3.9049553871154785,7.809910774230957,2,0.0,0.0,0.0,0.0,0.0,0.0,0.0,0.0,0.0,0.0,1.0,0.0,0.0,True,Qwen/Qwen3-Coder-30B-A3B-Instruct-FP8,None
26@y_name@ASC,Bar,Hard,3.9049553871154785,7.809910774230957,2,0.0,0.0,0.0,0.0,0.0,0.0,0.0,0.0,0.0,0.0,1.0,0.0,0.0,True,Qwen/Qwen3-Coder-30B-A3B-Instruct-FP8,None
26@y_name@ASC,Bar,Hard,3.9049553871154785,7.809910774230957,2,0.0,0.0,0.0,0.0,0.0,0.0,0.0,0.0,0.0,0.0,1.0,0.0,0.0,True,Qwen/Qwen3-Coder-30B-A3B-Instruct-FP8,None
30@y_name@ASC,Bar,Hard,3.788304853439331,18.941524267196655,5,0.0,0.0,0.0,0.0,0.0,0.0,0.0,0.0,0.0,0.0,1.0,0.0,0.0,True,Qwen/Qwen3-Coder-30B-A3B-Instruct-FP8,None
30@y_name@ASC,Bar,Hard,3.788304853439331,18.941524267196655,5,0.0,0.0,0.0,0.0,0.0,0.0,0.0,0.0,0.0,0.0,1.0,0.0,0.0,True,Qwen/Qwen3-Coder-30B-A3B-Instruct-FP8,None
30@y_name@ASC,Bar,Hard,3.788304853439331,18.941524267196655,5,0.0,0.0,0.0,0.0,0.0,0.0,0.0,0.0,0.0,0.0,1.0,0.0,0.0,True,Qwen/Qwen3-Coder-30B-A3B-Instruct-FP8,None
2575@y_name@ASC,Bar,Hard,3.6913437843322754,3.6913437843322754,1,0.0,0.0,0.0,0.0,0.0,0.0,0.0,0.0,0.0,0.0,1.0,0.0,0.0,True,Qwen/Qwen3-Coder-30B-A3B-Instruct-FP8,None
2575@y_name@ASC,Bar,Hard,3.6913437843322754,3.6913437843322754,1,0.0,0.0,0.0,0.0,0.0,0.0,0.0,0.0,0.0,0.0,1.0,0.0,0.0,True,Qwen/Qwen3-Coder-30B-A3B-Instruct-FP8,None
2575@y_name@ASC,Bar,Hard,3.6913437843322754,3.6913437843322754,1,0.0,0.0,0.0,0.0,0.0,0.0,0.0,0.0,0.0,0.0,1.0,0.0,0.0,True,Qwen/Qwen3-Coder-30B-A3B-Instruct-FP8,None
2581@y_name@DESC,Bar,Hard,4.477819323539734,8.955638647079468,2,0.0,0.0,0.0,0.0,0.0,0.0,0.0,0.0,0.0,0.0,1.0,0.0,0.0,True,Qwen/Qwen3-Coder-30B-A3B-Instruct-FP8,None
2581@y_name@DESC,Bar,Hard,4.477819323539734,8.955638647079468,2,0.0,0.0,0.0,0.0,0.0,0.0,0.0,0.0,0.0,0.0,1.0,0.0,0.0,True,Qwen/Qwen3-Coder-30B-A3B-Instruct-FP8,None
2581@y_name@DESC,Bar,Hard,4.477819323539734,8.955638647079468,2,0.0,0.0,0.0,0.0,0.0,0.0,0.0,0.0,0.0,0.0,1.0,0.0,0.0,True,Qwen/Qwen3-Coder-30B-A3B-Instruct-FP8,None
2582@y_name@DESC,Bar,Hard,2.5369694232940674,2.5369694232940674,1,0.0,0.0,0.0,0.0,1.0,0.0,0.0,0.0,0.0,1.0,0.0,,0.0,True,Qwen/Qwen3-Coder-30B-A3B-Instruct-FP8,None
2582@y_name@DESC,Bar,Hard,2.5369694232940674,2.5369694232940674,1,0.0,0.0,0.0,0.0,1.0,0.0,0.0,0.0,0.0,1.0,0.0,,0.0,True,Qwen/Qwen3-Coder-30B-A3B-Instruct-FP8,None
2582@y_name@DESC,Bar,Hard,2.5369694232940674,2.5369694232940674,1,0.0,0.0,0.0,0.0,1.0,0.0,0.0,0.0,0.0,1.0,0.0,,0.0,True,Qwen/Qwen3-Coder-30B-A3B-Instruct-FP8,None
1371@y_name@ASC,Bar,Medium,2.338567018508911,7.015701055526733,3,0.0,0.0,0.0,0.0,0.0,0.0,0.0,0.0,0.0,0.0,1.0,0.0,0.0,False,Qwen/Qwen3-Coder-30B-A3B-Instruct-FP8,None
1371@y_name@ASC,Bar,Medium,2.338567018508911,7.015701055526733,3,0.0,0.0,0.0,0.0,0.0,0.0,0.0,0.0,0.0,0.0,1.0,0.0,0.0,False,Qwen/Qwen3-Coder-30B-A3B-Instruct-FP8,None
1371@y_name@ASC,Bar,Medium,2.338567018508911,7.015701055526733,3,0.0,0.0,0.0,0.0,0.0,0.0,0.0,0.0,0.0,0.0,1.0,0.0,0.0,False,Qwen/Qwen3-Coder-30B-A3B-Instruct-FP8,None
1373@y_name@DESC,Bar,Medium,2.366504510243734,7.099513530731201,3,0.0,0.0,0.0,0.0,0.0,0.0,0.0,0.0,0.0,0.0,1.0,0.0,0.0,False,Qwen/Qwen3-Coder-30B-A3B-Instruct-FP8,None
1373@y_name@DESC,Bar,Medium,2.366504510243734,7.099513530731201,3,0.0,0.0,0.0,0.0,0.0,0.0,0.0,0.0,0.0,0.0,1.0,0.0,0.0,False,Qwen/Qwen3-Coder-30B-A3B-Instruct-FP8,None
1373@y_name@DESC,Bar,Medium,2.366504510243734,7.099513530731201,3,0.0,0.0,0.0,0.0,0.0,0.0,0.0,0.0,0.0,0.0,1.0,0.0,0.0,False,Qwen/Qwen3-Coder-30B-A3B-Instruct-FP8,None
1375@x_name@ASC,Line,Extra Hard,8.656858563423157,17.313717126846313,2,0.0,0.0,0.0,0.0,0.5,0.0,0.0,0.0,0.0,0.5,0.5,0.0,0.0,True,Qwen/Qwen3-Coder-30B-A3B-Instruct-FP8,None
1375@x_name@ASC,Line,Extra Hard,8.656858563423157,17.313717126846313,2,0.0,0.0,0.0,0.0,0.5,0.0,0.0,0.0,0.0,0.5,0.5,0.0,0.0,True,Qwen/Qwen3-Coder-30B-A3B-Instruct-FP8,None
1375@x_name@ASC,Line,Extra Hard,8.656858563423157,17.313717126846313,2,0.0,0.0,0.0,0.0,0.5,0.0,0.0,0.0,0.0,0.5,0.5,0.0,0.0,True,Qwen/Qwen3-Coder-30B-A3B-Instruct-FP8,None
66@y_name@ASC,Bar,Extra Hard,4.104660511016846,8.209321022033691,2,0.0,0.0,0.0,0.0,0.0,1.0,0.0,0.0,0.0,1.0,0.0,,0.0,True,Qwen/Qwen3-Coder-30B-A3B-Instruct-FP8,None
66@y_name@ASC,Bar,Extra Hard,4.104660511016846,8.209321022033691,2,0.0,0.0,0.0,0.0,0.0,1.0,0.0,0.0,0.0,1.0,0.0,,0.0,True,Qwen/Qwen3-Coder-30B-A3B-Instruct-FP8,None
66@y_name@ASC,Bar,Extra Hard,4.104660511016846,8.209321022033691,2,0.0,0.0,0.0,0.0,0.0,1.0,0.0,0.0,0.0,1.0,0.0,,0.0,True,Qwen/Qwen3-Coder-30B-A3B-Instruct-FP8,None
67@y_name@ASC,Bar,Extra Hard,13.774739027023315,27.54947805404663,2,0.5,0.0,0.0,0.0,0.5,0.0,0.0,0.0,0.5,0.5,0.0,,0.0,True,Qwen/Qwen3-Coder-30B-A3B-Instruct-FP8,None
67@y_name@ASC,Bar,Extra Hard,13.774739027023315,27.54947805404663,2,0.5,0.0,0.0,0.0,0.5,0.0,0.0,0.0,0.5,0.5,0.0,,0.0,True,Qwen/Qwen3-Coder-30B-A3B-Instruct-FP8,None
67@y_name@ASC,Bar,Extra Hard,13.774739027023315,27.54947805404663,2,0.5,0.0,0.0,0.0,0.5,0.0,0.0,0.0,0.5,0.5,0.0,,0.0,True,Qwen/Qwen3-Coder-30B-A3B-Instruct-FP8,None
70@y_name@ASC,Bar,Extra Hard,3.6314975023269653,7.262995004653931,2,0.0,0.0,0.0,0.0,0.0,1.0,0.0,0.0,0.0,1.0,0.0,,0.0,True,Qwen/Qwen3-Coder-30B-A3B-Instruct-FP8,None
70@y_name@ASC,Bar,Extra Hard,3.6314975023269653,7.262995004653931,2,0.0,0.0,0.0,0.0,0.0,1.0,0.0,0.0,0.0,1.0,0.0,,0.0,True,Qwen/Qwen3-Coder-30B-A3B-Instruct-FP8,None
70@y_name@ASC,Bar,Extra Hard,3.6314975023269653,7.262995004653931,2,0.0,0.0,0.0,0.0,0.0,1.0,0.0,0.0,0.0,1.0,0.0,,0.0,True,Qwen/Qwen3-Coder-30B-A3B-Instruct-FP8,None
71@y_name@ASC,Bar,Extra Hard,9.53319525718689,19.06639051437378,2,0.5,0.0,0.0,0.0,0.0,0.0,0.0,0.0,0.5,0.0,0.5,0.0,0.0,True,Qwen/Qwen3-Coder-30B-A3B-Instruct-FP8,None
71@y_name@ASC,Bar,Extra Hard,9.53319525718689,19.06639051437378,2,0.5,0.0,0.0,0.0,0.0,0.0,0.0,0.0,0.5,0.0,0.5,0.0,0.0,True,Qwen/Qwen3-Coder-30B-A3B-Instruct-FP8,None
71@y_name@ASC,Bar,Extra Hard,9.53319525718689,19.06639051437378,2,0.5,0.0,0.0,0.0,0.0,0.0,0.0,0.0,0.5,0.0,0.5,0.0,0.0,True,Qwen/Qwen3-Coder-30B-A3B-Instruct-FP8,None
75@y_name@ASC,Bar,Extra Hard,4.069691181182861,8.139382362365723,2,0.0,0.0,0.0,0.0,0.0,1.0,0.0,0.0,0.0,1.0,0.0,,0.0,True,Qwen/Qwen3-Coder-30B-A3B-Instruct-FP8,None
75@y_name@ASC,Bar,Extra Hard,4.069691181182861,8.139382362365723,2,0.0,0.0,0.0,0.0,0.0,1.0,0.0,0.0,0.0,1.0,0.0,,0.0,True,Qwen/Qwen3-Coder-30B-A3B-Instruct-FP8,None
75@y_name@ASC,Bar,Extra Hard,4.069691181182861,8.139382362365723,2,0.0,0.0,0.0,0.0,0.0,1.0,0.0,0.0,0.0,1.0,0.0,,0.0,True,Qwen/Qwen3-Coder-30B-A3B-Instruct-FP8,None
76@y_name@DESC,Bar,Extra Hard,4.48680567741394,4.48680567741394,1,0.0,0.0,0.0,0.0,0.0,0.0,0.0,0.0,0.0,0.0,1.0,0.0,0.0,True,Qwen/Qwen3-Coder-30B-A3B-Instruct-FP8,None
76@y_name@DESC,Bar,Extra Hard,4.48680567741394,4.48680567741394,1,0.0,0.0,0.0,0.0,0.0,0.0,0.0,0.0,0.0,0.0,1.0,0.0,0.0,True,Qwen/Qwen3-Coder-30B-A3B-Instruct-FP8,None
76@y_name@DESC,Bar,Extra Hard,4.48680567741394,4.48680567741394,1,0.0,0.0,0.0,0.0,0.0,0.0,0.0,0.0,0.0,0.0,1.0,0.0,0.0,True,Qwen/Qwen3-Coder-30B-A3B-Instruct-FP8,None
82@x_name@ASC,Bar,Extra Hard,3.610152244567871,7.220304489135742,2,0.0,0.0,0.0,0.0,0.0,0.0,0.0,0.0,0.0,0.0,1.0,0.0,0.0,True,Qwen/Qwen3-Coder-30B-A3B-Instruct-FP8,None
82@x_name@ASC,Bar,Extra Hard,3.610152244567871,7.220304489135742,2,0.0,0.0,0.0,0.0,0.0,0.0,0.0,0.0,0.0,0.0,1.0,0.0,0.0,True,Qwen/Qwen3-Coder-30B-A3B-Instruct-FP8,None
82@x_name@ASC,Bar,Extra Hard,3.610152244567871,7.220304489135742,2,0.0,0.0,0.0,0.0,0.0,0.0,0.0,0.0,0.0,0.0,1.0,0.0,0.0,True,Qwen/Qwen3-Coder-30B-A3B-Instruct-FP8,None
83@y_name@ASC,Bar,Medium,2.663588285446167,5.327176570892334,2,0.0,0.0,0.0,0.0,0.0,1.0,0.0,0.0,0.0,1.0,0.0,,0.0,False,Qwen/Qwen3-Coder-30B-A3B-Instruct-FP8,None
83@y_name@ASC,Bar,Medium,2.663588285446167,5.327176570892334,2,0.0,0.0,0.0,0.0,0.0,1.0,0.0,0.0,0.0,1.0,0.0,,0.0,False,Qwen/Qwen3-Coder-30B-A3B-Instruct-FP8,None
83@y_name@ASC,Bar,Medium,2.663588285446167,5.327176570892334,2,0.0,0.0,0.0,0.0,0.0,1.0,0.0,0.0,0.0,1.0,0.0,,0.0,False,Qwen/Qwen3-Coder-30B-A3B-Instruct-FP8,None
84@y_name@ASC,Bar,Medium,15.06053614616394,30.12107229232788,2,0.5,0.0,0.0,0.0,0.5,0.0,0.0,0.0,0.5,0.5,0.0,,0.0,False,Qwen/Qwen3-Coder-30B-A3B-Instruct-FP8,None
84@y_name@ASC,Bar,Medium,15.06053614616394,30.12107229232788,2,0.5,0.0,0.0,0.0,0.5,0.0,0.0,0.0,0.5,0.5,0.0,,0.0,False,Qwen/Qwen3-Coder-30B-A3B-Instruct-FP8,None
84@y_name@ASC,Bar,Medium,15.06053614616394,30.12107229232788,2,0.5,0.0,0.0,0.0,0.5,0.0,0.0,0.0,0.5,0.5,0.0,,0.0,False,Qwen/Qwen3-Coder-30B-A3B-Instruct-FP8,None
87@x_name@DESC,Line,Medium,2.812425374984741,2.812425374984741,1,0.0,0.0,0.0,0.0,0.0,1.0,0.0,0.0,0.0,1.0,0.0,,0.0,False,Qwen/Qwen3-Coder-30B-A3B-Instruct-FP8,None
87@x_name@DESC,Line,Medium,2.812425374984741,2.812425374984741,1,0.0,0.0,0.0,0.0,0.0,1.0,0.0,0.0,0.0,1.0,0.0,,0.0,False,Qwen/Qwen3-Coder-30B-A3B-Instruct-FP8,None
87@x_name@DESC,Line,Medium,2.812425374984741,2.812425374984741,1,0.0,0.0,0.0,0.0,0.0,1.0,0.0,0.0,0.0,1.0,0.0,,0.0,False,Qwen/Qwen3-Coder-30B-A3B-Instruct-FP8,None
88@y_name@ASC,Bar,Hard,2.927850087483724,8.783550262451172,3,0.0,0.0,0.0,0.0,0.0,1.0,0.0,0.0,0.0,1.0,0.0,,0.0,True,Qwen/Qwen3-Coder-30B-A3B-Instruct-FP8,None
88@y_name@ASC,Bar,Hard,2.927850087483724,8.783550262451172,3,0.0,0.0,0.0,0.0,0.0,1.0,0.0,0.0,0.0,1.0,0.0,,0.0,True,Qwen/Qwen3-Coder-30B-A3B-Instruct-FP8,None
88@y_name@ASC,Bar,Hard,2.927850087483724,8.783550262451172,3,0.0,0.0,0.0,0.0,0.0,1.0,0.0,0.0,0.0,1.0,0.0,,0.0,True,Qwen/Qwen3-Coder-30B-A3B-Instruct-FP8,None
89@y_name@ASC,Bar,Hard,2.762209415435791,5.524418830871582,2,0.0,0.0,0.0,0.0,0.0,1.0,0.0,0.0,0.0,1.0,0.0,,0.0,True,Qwen/Qwen3-Coder-30B-A3B-Instruct-FP8,None
89@y_name@ASC,Bar,Hard,2.762209415435791,5.524418830871582,2,0.0,0.0,0.0,0.0,0.0,1.0,0.0,0.0,0.0,1.0,0.0,,0.0,True,Qwen/Qwen3-Coder-30B-A3B-Instruct-FP8,None
89@y_name@ASC,Bar,Hard,2.762209415435791,5.524418830871582,2,0.0,0.0,0.0,0.0,0.0,1.0,0.0,0.0,0.0,1.0,0.0,,0.0,True,Qwen/Qwen3-Coder-30B-A3B-Instruct-FP8,None
90@y_name@DESC,Bar,Hard,11.657739877700806,23.31547975540161,2,0.5,0.0,0.0,0.0,0.0,0.0,0.0,0.0,0.5,0.0,0.5,0.0,0.0,True,Qwen/Qwen3-Coder-30B-A3B-Instruct-FP8,None
90@y_name@DESC,Bar,Hard,11.657739877700806,23.31547975540161,2,0.5,0.0,0.0,0.0,0.0,0.0,0.0,0.0,0.5,0.0,0.5,0.0,0.0,True,Qwen/Qwen3-Coder-30B-A3B-Instruct-FP8,None
90@y_name@DESC,Bar,Hard,11.657739877700806,23.31547975540161,2,0.5,0.0,0.0,0.0,0.0,0.0,0.0,0.0,0.5,0.0,0.5,0.0,0.0,True,Qwen/Qwen3-Coder-30B-A3B-Instruct-FP8,None
91@y_name@ASC,Bar,Hard,7.838533997535706,15.677067995071411,2,0.0,0.0,0.0,0.0,0.0,0.0,0.0,0.0,0.0,0.0,1.0,0.0,0.0,True,Qwen/Qwen3-Coder-30B-A3B-Instruct-FP8,None
91@y_name@ASC,Bar,Hard,7.838533997535706,15.677067995071411,2,0.0,0.0,0.0,0.0,0.0,0.0,0.0,0.0,0.0,0.0,1.0,0.0,0.0,True,Qwen/Qwen3-Coder-30B-A3B-Instruct-FP8,None
91@y_name@ASC,Bar,Hard,7.838533997535706,15.677067995071411,2,0.0,0.0,0.0,0.0,0.0,0.0,0.0,0.0,0.0,0.0,1.0,0.0,0.0,True,Qwen/Qwen3-Coder-30B-A3B-Instruct-FP8,None
92@y_name@ASC,Bar,Hard,3.814505934715271,7.629011869430542,2,0.0,0.0,0.0,0.0,0.0,0.0,0.0,0.0,0.0,0.0,1.0,0.0,0.0,True,Qwen/Qwen3-Coder-30B-A3B-Instruct-FP8,None
92@y_name@ASC,Bar,Hard,3.814505934715271,7.629011869430542,2,0.0,0.0,0.0,0.0,0.0,0.0,0.0,0.0,0.0,0.0,1.0,0.0,0.0,True,Qwen/Qwen3-Coder-30B-A3B-Instruct-FP8,None
92@y_name@ASC,Bar,Hard,3.814505934715271,7.629011869430542,2,0.0,0.0,0.0,0.0,0.0,0.0,0.0,0.0,0.0,0.0,1.0,0.0,0.0,True,Qwen/Qwen3-Coder-30B-A3B-Instruct-FP8,None
99@y_name@DESC,Bar,Hard,3.069103717803955,6.13820743560791,2,0.0,0.0,0.0,0.0,0.0,0.0,0.0,0.0,0.0,0.0,1.0,0.0,0.0,True,Qwen/Qwen3-Coder-30B-A3B-Instruct-FP8,None
99@y_name@DESC,Bar,Hard,3.069103717803955,6.13820743560791,2,0.0,0.0,0.0,0.0,0.0,0.0,0.0,0.0,0.0,0.0,1.0,0.0,0.0,True,Qwen/Qwen3-Coder-30B-A3B-Instruct-FP8,None
99@y_name@DESC,Bar,Hard,3.069103717803955,6.13820743560791,2,0.0,0.0,0.0,0.0,0.0,0.0,0.0,0.0,0.0,0.0,1.0,0.0,0.0,True,Qwen/Qwen3-Coder-30B-A3B-Instruct-FP8,None
100@y_name@DESC,Bar,Hard,7.096018195152283,14.192036390304565,2,0.0,0.0,0.0,0.0,0.5,0.0,0.0,0.0,0.0,0.5,0.5,0.0,0.0,True,Qwen/Qwen3-Coder-30B-A3B-Instruct-FP8,None
100@y_name@DESC,Bar,Hard,7.096018195152283,14.192036390304565,2,0.0,0.0,0.0,0.0,0.5,0.0,0.0,0.0,0.0,0.5,0.5,0.0,0.0,True,Qwen/Qwen3-Coder-30B-A3B-Instruct-FP8,None
100@y_name@DESC,Bar,Hard,7.096018195152283,14.192036390304565,2,0.0,0.0,0.0,0.0,0.5,0.0,0.0,0.0,0.0,0.5,0.5,0.0,0.0,True,Qwen/Qwen3-Coder-30B-A3B-Instruct-FP8,None
102@y_name@ASC,Bar,Hard,3.6913976669311523,7.382795333862305,2,0.0,0.0,0.0,0.0,0.0,0.0,0.0,0.0,0.0,0.0,1.0,0.0,0.0,True,Qwen/Qwen3-Coder-30B-A3B-Instruct-FP8,None
102@y_name@ASC,Bar,Hard,3.6913976669311523,7.382795333862305,2,0.0,0.0,0.0,0.0,0.0,0.0,0.0,0.0,0.0,0.0,1.0,0.0,0.0,True,Qwen/Qwen3-Coder-30B-A3B-Instruct-FP8,None
102@y_name@ASC,Bar,Hard,3.6913976669311523,7.382795333862305,2,0.0,0.0,0.0,0.0,0.0,0.0,0.0,0.0,0.0,0.0,1.0,0.0,0.0,True,Qwen/Qwen3-Coder-30B-A3B-Instruct-FP8,None
104@y_name@ASC,Bar,Extra Hard,3.9390180110931396,7.878036022186279,2,0.0,0.0,0.0,0.0,0.0,0.0,0.0,0.0,0.0,0.0,1.0,0.0,0.0,True,Qwen/Qwen3-Coder-30B-A3B-Instruct-FP8,None
104@y_name@ASC,Bar,Extra Hard,3.9390180110931396,7.878036022186279,2,0.0,0.0,0.0,0.0,0.0,0.0,0.0,0.0,0.0,0.0,1.0,0.0,0.0,True,Qwen/Qwen3-Coder-30B-A3B-Instruct-FP8,None
104@y_name@ASC,Bar,Extra Hard,3.9390180110931396,7.878036022186279,2,0.0,0.0,0.0,0.0,0.0,0.0,0.0,0.0,0.0,0.0,1.0,0.0,0.0,True,Qwen/Qwen3-Coder-30B-A3B-Instruct-FP8,None
1521@y_name@ASC,Bar,Hard,3.6248817920684813,18.124408960342407,5,0.0,0.0,0.0,0.0,0.0,0.0,0.0,0.0,0.0,0.0,1.0,0.0,0.0,True,Qwen/Qwen3-Coder-30B-A3B-Instruct-FP8,None
1521@y_name@ASC,Bar,Hard,3.6248817920684813,18.124408960342407,5,0.0,0.0,0.0,0.0,0.0,0.0,0.0,0.0,0.0,0.0,1.0,0.0,0.0,True,Qwen/Qwen3-Coder-30B-A3B-Instruct-FP8,None
1521@y_name@ASC,Bar,Hard,3.6248817920684813,18.124408960342407,5,0.0,0.0,0.0,0.0,0.0,0.0,0.0,0.0,0.0,0.0,1.0,0.0,0.0,True,Qwen/Qwen3-Coder-30B-A3B-Instruct-FP8,None
2855@x_name@ASC,Bar,Medium,2.281726519266764,6.845179557800293,3,0.0,0.0,0.0,0.0,0.6666666666666666,0.3333333333333333,0.0,0.0,0.0,1.0,0.0,,0.0,False,Qwen/Qwen3-Coder-30B-A3B-Instruct-FP8,None
2855@x_name@ASC,Bar,Medium,2.281726519266764,6.845179557800293,3,0.0,0.0,0.0,0.0,0.6666666666666666,0.3333333333333333,0.0,0.0,0.0,1.0,0.0,,0.0,False,Qwen/Qwen3-Coder-30B-A3B-Instruct-FP8,None
2855@x_name@ASC,Bar,Medium,2.281726519266764,6.845179557800293,3,0.0,0.0,0.0,0.0,0.6666666666666666,0.3333333333333333,0.0,0.0,0.0,1.0,0.0,,0.0,False,Qwen/Qwen3-Coder-30B-A3B-Instruct-FP8,None
1329@y_name@DESC,Bar,Hard,3.661731719970703,7.323463439941406,2,0.0,0.0,0.0,0.0,0.0,0.0,0.0,0.0,0.0,0.0,1.0,0.0,0.0,True,Qwen/Qwen3-Coder-30B-A3B-Instruct-FP8,None
1329@y_name@DESC,Bar,Hard,3.661731719970703,7.323463439941406,2,0.0,0.0,0.0,0.0,0.0,0.0,0.0,0.0,0.0,0.0,1.0,0.0,0.0,True,Qwen/Qwen3-Coder-30B-A3B-Instruct-FP8,None
1329@y_name@DESC,Bar,Hard,3.661731719970703,7.323463439941406,2,0.0,0.0,0.0,0.0,0.0,0.0,0.0,0.0,0.0,0.0,1.0,0.0,0.0,True,Qwen/Qwen3-Coder-30B-A3B-Instruct-FP8,None
1335@y_name@DESC,Bar,Medium,2.0049036741256714,12.029422044754028,6,0.0,0.0,0.0,0.0,1.0,0.0,0.0,0.0,0.0,1.0,0.0,,0.0,False,Qwen/Qwen3-Coder-30B-A3B-Instruct-FP8,None
1335@y_name@DESC,Bar,Medium,2.0049036741256714,12.029422044754028,6,0.0,0.0,0.0,0.0,1.0,0.0,0.0,0.0,0.0,1.0,0.0,,0.0,False,Qwen/Qwen3-Coder-30B-A3B-Instruct-FP8,None
1335@y_name@DESC,Bar,Medium,2.0049036741256714,12.029422044754028,6,0.0,0.0,0.0,0.0,1.0,0.0,0.0,0.0,0.0,1.0,0.0,,0.0,False,Qwen/Qwen3-Coder-30B-A3B-Instruct-FP8,None
1349@x_name@ASC,Grouping Line,Extra Hard,13.889273484547934,41.6678204536438,3,1.0,0.0,0.0,0.0,0.0,0.0,0.0,0.0,1.0,0.0,0.0,,0.0,False,Qwen/Qwen3-Coder-30B-A3B-Instruct-FP8,None
1349@x_name@ASC,Grouping Line,Extra Hard,13.889273484547934,41.6678204536438,3,1.0,0.0,0.0,0.0,0.0,0.0,0.0,0.0,1.0,0.0,0.0,,0.0,False,Qwen/Qwen3-Coder-30B-A3B-Instruct-FP8,None
1349@x_name@ASC,Grouping Line,Extra Hard,13.889273484547934,41.6678204536438,3,1.0,0.0,0.0,0.0,0.0,0.0,0.0,0.0,1.0,0.0,0.0,,0.0,False,Qwen/Qwen3-Coder-30B-A3B-Instruct-FP8,None
1356@x_name@ASC,Line,Medium,2.3726508021354675,9.49060320854187,4,0.0,0.0,0.0,0.0,0.0,0.0,0.0,0.0,0.0,0.0,1.0,0.0,0.0,False,Qwen/Qwen3-Coder-30B-A3B-Instruct-FP8,None
1356@x_name@ASC,Line,Medium,2.3726508021354675,9.49060320854187,4,0.0,0.0,0.0,0.0,0.0,0.0,0.0,0.0,0.0,0.0,1.0,0.0,0.0,False,Qwen/Qwen3-Coder-30B-A3B-Instruct-FP8,None
1356@x_name@ASC,Line,Medium,2.3726508021354675,9.49060320854187,4,0.0,0.0,0.0,0.0,0.0,0.0,0.0,0.0,0.0,0.0,1.0,0.0,0.0,False,Qwen/Qwen3-Coder-30B-A3B-Instruct-FP8,None
515@y_name@ASC,Bar,Medium,2.4834377765655518,9.933751106262207,4,0.0,0.0,0.0,0.0,0.0,0.0,0.0,0.0,0.0,0.0,1.0,0.0,0.0,False,Qwen/Qwen3-Coder-30B-A3B-Instruct-FP8,None
515@y_name@ASC,Bar,Medium,2.4834377765655518,9.933751106262207,4,0.0,0.0,0.0,0.0,0.0,0.0,0.0,0.0,0.0,0.0,1.0,0.0,0.0,False,Qwen/Qwen3-Coder-30B-A3B-Instruct-FP8,None
515@y_name@ASC,Bar,Medium,2.4834377765655518,9.933751106262207,4,0.0,0.0,0.0,0.0,0.0,0.0,0.0,0.0,0.0,0.0,1.0,0.0,0.0,False,Qwen/Qwen3-Coder-30B-A3B-Instruct-FP8,None
522@y_name@DESC,Stacked Bar,Extra Hard,8.004551887512207,8.004551887512207,1,0.0,0.0,0.0,0.0,0.0,1.0,0.0,0.0,0.0,1.0,0.0,,0.0,True,Qwen/Qwen3-Coder-30B-A3B-Instruct-FP8,None
522@y_name@DESC,Stacked Bar,Extra Hard,8.004551887512207,8.004551887512207,1,0.0,0.0,0.0,0.0,0.0,1.0,0.0,0.0,0.0,1.0,0.0,,0.0,True,Qwen/Qwen3-Coder-30B-A3B-Instruct-FP8,None
522@y_name@DESC,Stacked Bar,Extra Hard,8.004551887512207,8.004551887512207,1,0.0,0.0,0.0,0.0,0.0,1.0,0.0,0.0,0.0,1.0,0.0,,0.0,True,Qwen/Qwen3-Coder-30B-A3B-Instruct-FP8,None
523@x_name@ASC,Bar,Hard,8.167812824249268,8.167812824249268,1,0.0,0.0,0.0,0.0,0.0,0.0,0.0,0.0,0.0,0.0,1.0,0.0,0.0,True,Qwen/Qwen3-Coder-30B-A3B-Instruct-FP8,None
523@x_name@ASC,Bar,Hard,8.167812824249268,8.167812824249268,1,0.0,0.0,0.0,0.0,0.0,0.0,0.0,0.0,0.0,0.0,1.0,0.0,0.0,True,Qwen/Qwen3-Coder-30B-A3B-Instruct-FP8,None
523@x_name@ASC,Bar,Hard,8.167812824249268,8.167812824249268,1,0.0,0.0,0.0,0.0,0.0,0.0,0.0,0.0,0.0,0.0,1.0,0.0,0.0,True,Qwen/Qwen3-Coder-30B-A3B-Instruct-FP8,None
529@x_name@DESC,Bar,Hard,2.956984519958496,2.956984519958496,1,0.0,0.0,0.0,0.0,0.0,0.0,0.0,0.0,0.0,0.0,1.0,0.0,0.0,False,Qwen/Qwen3-Coder-30B-A3B-Instruct-FP8,None
529@x_name@DESC,Bar,Hard,2.956984519958496,2.956984519958496,1,0.0,0.0,0.0,0.0,0.0,0.0,0.0,0.0,0.0,0.0,1.0,0.0,0.0,False,Qwen/Qwen3-Coder-30B-A3B-Instruct-FP8,None
529@x_name@DESC,Bar,Hard,2.956984519958496,2.956984519958496,1,0.0,0.0,0.0,0.0,0.0,0.0,0.0,0.0,0.0,0.0,1.0,0.0,0.0,False,Qwen/Qwen3-Coder-30B-A3B-Instruct-FP8,None
533@y_name@DESC,Bar,Easy,2.5990236600240073,7.7970709800720215,3,0.0,0.0,0.0,0.0,0.0,0.0,0.0,0.0,0.0,0.0,1.0,0.0,0.0,False,Qwen/Qwen3-Coder-30B-A3B-Instruct-FP8,None
533@y_name@DESC,Bar,Easy,2.5990236600240073,7.7970709800720215,3,0.0,0.0,0.0,0.0,0.0,0.0,0.0,0.0,0.0,0.0,1.0,0.0,0.0,False,Qwen/Qwen3-Coder-30B-A3B-Instruct-FP8,None
533@y_name@DESC,Bar,Easy,2.5990236600240073,7.7970709800720215,3,0.0,0.0,0.0,0.0,0.0,0.0,0.0,0.0,0.0,0.0,1.0,0.0,0.0,False,Qwen/Qwen3-Coder-30B-A3B-Instruct-FP8,None
543@x_name@DESC,Bar,Medium,3.071023941040039,6.142047882080078,2,0.0,0.0,0.0,0.0,0.0,0.5,0.0,0.0,0.0,0.5,0.5,0.0,0.0,False,Qwen/Qwen3-Coder-30B-A3B-Instruct-FP8,None
543@x_name@DESC,Bar,Medium,3.071023941040039,6.142047882080078,2,0.0,0.0,0.0,0.0,0.0,0.5,0.0,0.0,0.0,0.5,0.5,0.0,0.0,False,Qwen/Qwen3-Coder-30B-A3B-Instruct-FP8,None
543@x_name@DESC,Bar,Medium,3.071023941040039,6.142047882080078,2,0.0,0.0,0.0,0.0,0.0,0.5,0.0,0.0,0.0,0.5,0.5,0.0,0.0,False,Qwen/Qwen3-Coder-30B-A3B-Instruct-FP8,None
544@x_name@DESC,Bar,Hard,2.646230697631836,2.646230697631836,1,0.0,0.0,0.0,0.0,0.0,1.0,0.0,0.0,0.0,1.0,0.0,,0.0,True,Qwen/Qwen3-Coder-30B-A3B-Instruct-FP8,None
544@x_name@DESC,Bar,Hard,2.646230697631836,2.646230697631836,1,0.0,0.0,0.0,0.0,0.0,1.0,0.0,0.0,0.0,1.0,0.0,,0.0,True,Qwen/Qwen3-Coder-30B-A3B-Instruct-FP8,None
544@x_name@DESC,Bar,Hard,2.646230697631836,2.646230697631836,1,0.0,0.0,0.0,0.0,0.0,1.0,0.0,0.0,0.0,1.0,0.0,,0.0,True,Qwen/Qwen3-Coder-30B-A3B-Instruct-FP8,None
545@x_name@DESC,Bar,Hard,3.497272491455078,3.497272491455078,1,0.0,0.0,0.0,0.0,0.0,0.0,0.0,0.0,0.0,0.0,1.0,0.0,0.0,True,Qwen/Qwen3-Coder-30B-A3B-Instruct-FP8,None
545@x_name@DESC,Bar,Hard,3.497272491455078,3.497272491455078,1,0.0,0.0,0.0,0.0,0.0,0.0,0.0,0.0,0.0,0.0,1.0,0.0,0.0,True,Qwen/Qwen3-Coder-30B-A3B-Instruct-FP8,None
545@x_name@DESC,Bar,Hard,3.497272491455078,3.497272491455078,1,0.0,0.0,0.0,0.0,0.0,0.0,0.0,0.0,0.0,0.0,1.0,0.0,0.0,True,Qwen/Qwen3-Coder-30B-A3B-Instruct-FP8,None
548@x_name@ASC,Line,Extra Hard,6.692969083786011,13.385938167572021,2,0.0,0.0,0.0,0.0,0.5,0.0,0.0,0.0,0.0,0.5,0.5,0.0,0.0,True,Qwen/Qwen3-Coder-30B-A3B-Instruct-FP8,None
548@x_name@ASC,Line,Extra Hard,6.692969083786011,13.385938167572021,2,0.0,0.0,0.0,0.0,0.5,0.0,0.0,0.0,0.0,0.5,0.5,0.0,0.0,True,Qwen/Qwen3-Coder-30B-A3B-Instruct-FP8,None
548@x_name@ASC,Line,Extra Hard,6.692969083786011,13.385938167572021,2,0.0,0.0,0.0,0.0,0.5,0.0,0.0,0.0,0.0,0.5,0.5,0.0,0.0,True,Qwen/Qwen3-Coder-30B-A3B-Instruct-FP8,None
550@y_name@DESC,Bar,Extra Hard,4.880431532859802,9.760863065719604,2,0.0,0.0,0.0,0.0,0.0,0.0,0.0,0.0,0.0,0.0,1.0,0.0,0.0,True,Qwen/Qwen3-Coder-30B-A3B-Instruct-FP8,None
550@y_name@DESC,Bar,Extra Hard,4.880431532859802,9.760863065719604,2,0.0,0.0,0.0,0.0,0.0,0.0,0.0,0.0,0.0,0.0,1.0,0.0,0.0,True,Qwen/Qwen3-Coder-30B-A3B-Instruct-FP8,None
550@y_name@DESC,Bar,Extra Hard,4.880431532859802,9.760863065719604,2,0.0,0.0,0.0,0.0,0.0,0.0,0.0,0.0,0.0,0.0,1.0,0.0,0.0,True,Qwen/Qwen3-Coder-30B-A3B-Instruct-FP8,None
552@y_name@ASC,Bar,Extra Hard,10.903297662734985,21.80659532546997,2,0.5,0.0,0.0,0.0,0.0,0.0,0.0,0.0,0.5,0.0,0.5,0.0,0.0,True,Qwen/Qwen3-Coder-30B-A3B-Instruct-FP8,None
552@y_name@ASC,Bar,Extra Hard,10.903297662734985,21.80659532546997,2,0.5,0.0,0.0,0.0,0.0,0.0,0.0,0.0,0.5,0.0,0.5,0.0,0.0,True,Qwen/Qwen3-Coder-30B-A3B-Instruct-FP8,None
552@y_name@ASC,Bar,Extra Hard,10.903297662734985,21.80659532546997,2,0.5,0.0,0.0,0.0,0.0,0.0,0.0,0.0,0.5,0.0,0.5,0.0,0.0,True,Qwen/Qwen3-Coder-30B-A3B-Instruct-FP8,None
553@y_name@DESC,Bar,Medium,2.9738146305084228,14.869073152542114,5,0.0,0.0,0.0,0.0,0.0,0.0,0.0,0.0,0.0,0.0,1.0,0.0,0.0,False,Qwen/Qwen3-Coder-30B-A3B-Instruct-FP8,None
553@y_name@DESC,Bar,Medium,2.9738146305084228,14.869073152542114,5,0.0,0.0,0.0,0.0,0.0,0.0,0.0,0.0,0.0,0.0,1.0,0.0,0.0,False,Qwen/Qwen3-Coder-30B-A3B-Instruct-FP8,None
553@y_name@DESC,Bar,Medium,2.9738146305084228,14.869073152542114,5,0.0,0.0,0.0,0.0,0.0,0.0,0.0,0.0,0.0,0.0,1.0,0.0,0.0,False,Qwen/Qwen3-Coder-30B-A3B-Instruct-FP8,None
555@y_name@DESC,Bar,Hard,7.135248780250549,28.540995121002197,4,0.25,0.0,0.0,0.0,0.0,0.0,0.0,0.0,0.25,0.0,0.75,0.0,0.0,True,Qwen/Qwen3-Coder-30B-A3B-Instruct-FP8,None
555@y_name@DESC,Bar,Hard,7.135248780250549,28.540995121002197,4,0.25,0.0,0.0,0.0,0.0,0.0,0.0,0.0,0.25,0.0,0.75,0.0,0.0,True,Qwen/Qwen3-Coder-30B-A3B-Instruct-FP8,None
555@y_name@DESC,Bar,Hard,7.135248780250549,28.540995121002197,4,0.25,0.0,0.0,0.0,0.0,0.0,0.0,0.0,0.25,0.0,0.75,0.0,0.0,True,Qwen/Qwen3-Coder-30B-A3B-Instruct-FP8,None
558@x_name@ASC,Stacked Bar,Extra Hard,9.2147616147995,18.429523229599,2,0.0,0.0,0.0,0.0,0.0,0.0,0.0,0.0,0.0,0.0,1.0,0.0,0.0,True,Qwen/Qwen3-Coder-30B-A3B-Instruct-FP8,None
558@x_name@ASC,Stacked Bar,Extra Hard,9.2147616147995,18.429523229599,2,0.0,0.0,0.0,0.0,0.0,0.0,0.0,0.0,0.0,0.0,1.0,0.0,0.0,True,Qwen/Qwen3-Coder-30B-A3B-Instruct-FP8,None
558@x_name@ASC,Stacked Bar,Extra Hard,9.2147616147995,18.429523229599,2,0.0,0.0,0.0,0.0,0.0,0.0,0.0,0.0,0.0,0.0,1.0,0.0,0.0,True,Qwen/Qwen3-Coder-30B-A3B-Instruct-FP8,None
564@x_name@ASC,Bar,Medium,2.2299116452534995,6.689734935760498,3,0.0,0.0,0.0,0.0,0.0,0.3333333333333333,0.0,0.0,0.0,0.3333333333333333,0.6666666666666666,0.0,0.0,False,Qwen/Qwen3-Coder-30B-A3B-Instruct-FP8,None
564@x_name@ASC,Bar,Medium,2.2299116452534995,6.689734935760498,3,0.0,0.0,0.0,0.0,0.0,0.3333333333333333,0.0,0.0,0.0,0.3333333333333333,0.6666666666666666,0.0,0.0,False,Qwen/Qwen3-Coder-30B-A3B-Instruct-FP8,None
564@x_name@ASC,Bar,Medium,2.2299116452534995,6.689734935760498,3,0.0,0.0,0.0,0.0,0.0,0.3333333333333333,0.0,0.0,0.0,0.3333333333333333,0.6666666666666666,0.0,0.0,False,Qwen/Qwen3-Coder-30B-A3B-Instruct-FP8,None
576@y_name@DESC,Bar,Extra Hard,4.17778754234314,8.35557508468628,2,0.0,0.0,0.0,0.0,0.0,0.0,0.0,0.0,0.0,0.0,1.0,0.0,0.0,True,Qwen/Qwen3-Coder-30B-A3B-Instruct-FP8,None
576@y_name@DESC,Bar,Extra Hard,4.17778754234314,8.35557508468628,2,0.0,0.0,0.0,0.0,0.0,0.0,0.0,0.0,0.0,0.0,1.0,0.0,0.0,True,Qwen/Qwen3-Coder-30B-A3B-Instruct-FP8,None
576@y_name@DESC,Bar,Extra Hard,4.17778754234314,8.35557508468628,2,0.0,0.0,0.0,0.0,0.0,0.0,0.0,0.0,0.0,0.0,1.0,0.0,0.0,True,Qwen/Qwen3-Coder-30B-A3B-Instruct-FP8,None
578@y_name@ASC,Bar,Extra Hard,4.654201865196228,9.308403730392456,2,0.0,0.0,0.0,0.0,0.0,0.0,0.0,0.0,0.0,0.0,1.0,0.0,0.0,True,Qwen/Qwen3-Coder-30B-A3B-Instruct-FP8,None
578@y_name@ASC,Bar,Extra Hard,4.654201865196228,9.308403730392456,2,0.0,0.0,0.0,0.0,0.0,0.0,0.0,0.0,0.0,0.0,1.0,0.0,0.0,True,Qwen/Qwen3-Coder-30B-A3B-Instruct-FP8,None
578@y_name@ASC,Bar,Extra Hard,4.654201865196228,9.308403730392456,2,0.0,0.0,0.0,0.0,0.0,0.0,0.0,0.0,0.0,0.0,1.0,0.0,0.0,True,Qwen/Qwen3-Coder-30B-A3B-Instruct-FP8,None
580@x_name@DESC,Bar,Medium,2.28714919090271,2.28714919090271,1,0.0,0.0,0.0,0.0,0.0,1.0,0.0,0.0,0.0,1.0,0.0,,0.0,False,Qwen/Qwen3-Coder-30B-A3B-Instruct-FP8,None
580@x_name@DESC,Bar,Medium,2.28714919090271,2.28714919090271,1,0.0,0.0,0.0,0.0,0.0,1.0,0.0,0.0,0.0,1.0,0.0,,0.0,False,Qwen/Qwen3-Coder-30B-A3B-Instruct-FP8,None
580@x_name@DESC,Bar,Medium,2.28714919090271,2.28714919090271,1,0.0,0.0,0.0,0.0,0.0,1.0,0.0,0.0,0.0,1.0,0.0,,0.0,False,Qwen/Qwen3-Coder-30B-A3B-Instruct-FP8,None
586@x_name@DESC,Bar,Medium,2.1306920051574707,6.392076015472412,3,0.0,0.0,0.0,0.0,0.0,0.0,0.0,0.0,0.0,0.0,1.0,0.0,0.0,False,Qwen/Qwen3-Coder-30B-A3B-Instruct-FP8,None
586@x_name@DESC,Bar,Medium,2.1306920051574707,6.392076015472412,3,0.0,0.0,0.0,0.0,0.0,0.0,0.0,0.0,0.0,0.0,1.0,0.0,0.0,False,Qwen/Qwen3-Coder-30B-A3B-Instruct-FP8,None
586@x_name@DESC,Bar,Medium,2.1306920051574707,6.392076015472412,3,0.0,0.0,0.0,0.0,0.0,0.0,0.0,0.0,0.0,0.0,1.0,0.0,0.0,False,Qwen/Qwen3-Coder-30B-A3B-Instruct-FP8,None
2156@y_name@DESC,Bar,Extra Hard,4.519673824310303,4.519673824310303,1,0.0,0.0,0.0,0.0,0.0,0.0,0.0,0.0,0.0,0.0,1.0,0.0,0.0,True,Qwen/Qwen3-Coder-30B-A3B-Instruct-FP8,None
2156@y_name@DESC,Bar,Extra Hard,4.519673824310303,4.519673824310303,1,0.0,0.0,0.0,0.0,0.0,0.0,0.0,0.0,0.0,0.0,1.0,0.0,0.0,True,Qwen/Qwen3-Coder-30B-A3B-Instruct-FP8,None
2156@y_name@DESC,Bar,Extra Hard,4.519673824310303,4.519673824310303,1,0.0,0.0,0.0,0.0,0.0,0.0,0.0,0.0,0.0,0.0,1.0,0.0,0.0,True,Qwen/Qwen3-Coder-30B-A3B-Instruct-FP8,None
686@y_name@DESC,Bar,Hard,3.6805810928344727,7.361162185668945,2,0.0,0.0,0.0,0.0,0.5,0.0,0.0,0.0,0.0,0.5,0.5,0.0,0.0,True,Qwen/Qwen3-Coder-30B-A3B-Instruct-FP8,None
686@y_name@DESC,Bar,Hard,3.6805810928344727,7.361162185668945,2,0.0,0.0,0.0,0.0,0.5,0.0,0.0,0.0,0.0,0.5,0.5,0.0,0.0,True,Qwen/Qwen3-Coder-30B-A3B-Instruct-FP8,None
686@y_name@DESC,Bar,Hard,3.6805810928344727,7.361162185668945,2,0.0,0.0,0.0,0.0,0.5,0.0,0.0,0.0,0.0,0.5,0.5,0.0,0.0,True,Qwen/Qwen3-Coder-30B-A3B-Instruct-FP8,None
687@y_name@DESC,Bar,Hard,4.6453704833984375,4.6453704833984375,1,0.0,0.0,0.0,0.0,0.0,0.0,0.0,0.0,0.0,0.0,1.0,0.0,0.0,True,Qwen/Qwen3-Coder-30B-A3B-Instruct-FP8,None
687@y_name@DESC,Bar,Hard,4.6453704833984375,4.6453704833984375,1,0.0,0.0,0.0,0.0,0.0,0.0,0.0,0.0,0.0,0.0,1.0,0.0,0.0,True,Qwen/Qwen3-Coder-30B-A3B-Instruct-FP8,None
687@y_name@DESC,Bar,Hard,4.6453704833984375,4.6453704833984375,1,0.0,0.0,0.0,0.0,0.0,0.0,0.0,0.0,0.0,0.0,1.0,0.0,0.0,True,Qwen/Qwen3-Coder-30B-A3B-Instruct-FP8,None
172@y_name@ASC,Bar,Medium,2.3465534448623657,4.6931068897247314,2,0.0,0.0,0.0,0.0,0.0,0.0,0.0,0.0,0.0,0.0,1.0,0.0,0.0,False,Qwen/Qwen3-Coder-30B-A3B-Instruct-FP8,None
172@y_name@ASC,Bar,Medium,2.3465534448623657,4.6931068897247314,2,0.0,0.0,0.0,0.0,0.0,0.0,0.0,0.0,0.0,0.0,1.0,0.0,0.0,False,Qwen/Qwen3-Coder-30B-A3B-Instruct-FP8,None
172@y_name@ASC,Bar,Medium,2.3465534448623657,4.6931068897247314,2,0.0,0.0,0.0,0.0,0.0,0.0,0.0,0.0,0.0,0.0,1.0,0.0,0.0,False,Qwen/Qwen3-Coder-30B-A3B-Instruct-FP8,None
1210@y_name@ASC,Bar,Medium,2.449093818664551,4.898187637329102,2,0.0,0.0,0.0,0.0,0.0,0.0,0.0,0.0,0.0,0.0,1.0,0.0,0.0,False,Qwen/Qwen3-Coder-30B-A3B-Instruct-FP8,None
1210@y_name@ASC,Bar,Medium,2.449093818664551,4.898187637329102,2,0.0,0.0,0.0,0.0,0.0,0.0,0.0,0.0,0.0,0.0,1.0,0.0,0.0,False,Qwen/Qwen3-Coder-30B-A3B-Instruct-FP8,None
1210@y_name@ASC,Bar,Medium,2.449093818664551,4.898187637329102,2,0.0,0.0,0.0,0.0,0.0,0.0,0.0,0.0,0.0,0.0,1.0,0.0,0.0,False,Qwen/Qwen3-Coder-30B-A3B-Instruct-FP8,None
1215@y_name@DESC,Bar,Hard,3.1284565925598145,3.1284565925598145,1,0.0,0.0,0.0,0.0,0.0,0.0,0.0,0.0,0.0,0.0,1.0,0.0,0.0,False,Qwen/Qwen3-Coder-30B-A3B-Instruct-FP8,None
1215@y_name@DESC,Bar,Hard,3.1284565925598145,3.1284565925598145,1,0.0,0.0,0.0,0.0,0.0,0.0,0.0,0.0,0.0,0.0,1.0,0.0,0.0,False,Qwen/Qwen3-Coder-30B-A3B-Instruct-FP8,None
1215@y_name@DESC,Bar,Hard,3.1284565925598145,3.1284565925598145,1,0.0,0.0,0.0,0.0,0.0,0.0,0.0,0.0,0.0,0.0,1.0,0.0,0.0,False,Qwen/Qwen3-Coder-30B-A3B-Instruct-FP8,None
1217@x_name@DESC,Bar,Extra Hard,5.680965781211853,11.361931562423706,2,0.0,0.0,0.0,0.0,0.0,1.0,0.0,0.0,0.0,1.0,0.0,,0.0,True,Qwen/Qwen3-Coder-30B-A3B-Instruct-FP8,None
1217@x_name@DESC,Bar,Extra Hard,5.680965781211853,11.361931562423706,2,0.0,0.0,0.0,0.0,0.0,1.0,0.0,0.0,0.0,1.0,0.0,,0.0,True,Qwen/Qwen3-Coder-30B-A3B-Instruct-FP8,None
1217@x_name@DESC,Bar,Extra Hard,5.680965781211853,11.361931562423706,2,0.0,0.0,0.0,0.0,0.0,1.0,0.0,0.0,0.0,1.0,0.0,,0.0,True,Qwen/Qwen3-Coder-30B-A3B-Instruct-FP8,None
1220@x_name@DESC,Bar,Hard,2.357186794281006,2.357186794281006,1,0.0,0.0,0.0,0.0,0.0,1.0,0.0,0.0,0.0,1.0,0.0,,0.0,False,Qwen/Qwen3-Coder-30B-A3B-Instruct-FP8,None
1220@x_name@DESC,Bar,Hard,2.357186794281006,2.357186794281006,1,0.0,0.0,0.0,0.0,0.0,1.0,0.0,0.0,0.0,1.0,0.0,,0.0,False,Qwen/Qwen3-Coder-30B-A3B-Instruct-FP8,None
1220@x_name@DESC,Bar,Hard,2.357186794281006,2.357186794281006,1,0.0,0.0,0.0,0.0,0.0,1.0,0.0,0.0,0.0,1.0,0.0,,0.0,False,Qwen/Qwen3-Coder-30B-A3B-Instruct-FP8,None
1222@y_name@DESC,Bar,Hard,5.092941045761108,15.278823137283325,3,0.0,0.0,0.0,0.0,0.0,0.0,0.0,0.0,0.0,0.0,1.0,0.0,0.0,True,Qwen/Qwen3-Coder-30B-A3B-Instruct-FP8,None
1222@y_name@DESC,Bar,Hard,5.092941045761108,15.278823137283325,3,0.0,0.0,0.0,0.0,0.0,0.0,0.0,0.0,0.0,0.0,1.0,0.0,0.0,True,Qwen/Qwen3-Coder-30B-A3B-Instruct-FP8,None
1222@y_name@DESC,Bar,Hard,5.092941045761108,15.278823137283325,3,0.0,0.0,0.0,0.0,0.0,0.0,0.0,0.0,0.0,0.0,1.0,0.0,0.0,True,Qwen/Qwen3-Coder-30B-A3B-Instruct-FP8,None
1224@y_name@DESC,Bar,Extra Hard,11.604547441005707,46.41818976402283,4,0.5,0.0,0.0,0.0,0.0,0.0,0.0,0.0,0.5,0.0,0.5,0.0,0.0,True,Qwen/Qwen3-Coder-30B-A3B-Instruct-FP8,None
1224@y_name@DESC,Bar,Extra Hard,11.604547441005707,46.41818976402283,4,0.5,0.0,0.0,0.0,0.0,0.0,0.0,0.0,0.5,0.0,0.5,0.0,0.0,True,Qwen/Qwen3-Coder-30B-A3B-Instruct-FP8,None
1224@y_name@DESC,Bar,Extra Hard,11.604547441005707,46.41818976402283,4,0.5,0.0,0.0,0.0,0.0,0.0,0.0,0.0,0.5,0.0,0.5,0.0,0.0,True,Qwen/Qwen3-Coder-30B-A3B-Instruct-FP8,None
1225@y_name@DESC,Bar,Hard,2.679630756378174,2.679630756378174,1,0.0,0.0,0.0,0.0,0.0,0.0,0.0,0.0,0.0,0.0,1.0,0.0,0.0,False,Qwen/Qwen3-Coder-30B-A3B-Instruct-FP8,None
1225@y_name@DESC,Bar,Hard,2.679630756378174,2.679630756378174,1,0.0,0.0,0.0,0.0,0.0,0.0,0.0,0.0,0.0,0.0,1.0,0.0,0.0,False,Qwen/Qwen3-Coder-30B-A3B-Instruct-FP8,None
1225@y_name@DESC,Bar,Hard,2.679630756378174,2.679630756378174,1,0.0,0.0,0.0,0.0,0.0,0.0,0.0,0.0,0.0,0.0,1.0,0.0,0.0,False,Qwen/Qwen3-Coder-30B-A3B-Instruct-FP8,None
1226@y_name@DESC,Bar,Hard,3.193380117416382,3.193380117416382,1,0.0,0.0,0.0,0.0,0.0,0.0,0.0,0.0,0.0,0.0,1.0,0.0,0.0,False,Qwen/Qwen3-Coder-30B-A3B-Instruct-FP8,None
1226@y_name@DESC,Bar,Hard,3.193380117416382,3.193380117416382,1,0.0,0.0,0.0,0.0,0.0,0.0,0.0,0.0,0.0,0.0,1.0,0.0,0.0,False,Qwen/Qwen3-Coder-30B-A3B-Instruct-FP8,None
1226@y_name@DESC,Bar,Hard,3.193380117416382,3.193380117416382,1,0.0,0.0,0.0,0.0,0.0,0.0,0.0,0.0,0.0,0.0,1.0,0.0,0.0,False,Qwen/Qwen3-Coder-30B-A3B-Instruct-FP8,None
1227@x_name@DESC,Bar,Extra Hard,5.899004697799683,5.899004697799683,1,0.0,0.0,0.0,0.0,0.0,0.0,0.0,0.0,0.0,0.0,1.0,0.0,0.0,True,Qwen/Qwen3-Coder-30B-A3B-Instruct-FP8,None
1227@x_name@DESC,Bar,Extra Hard,5.899004697799683,5.899004697799683,1,0.0,0.0,0.0,0.0,0.0,0.0,0.0,0.0,0.0,0.0,1.0,0.0,0.0,True,Qwen/Qwen3-Coder-30B-A3B-Instruct-FP8,None
1227@x_name@DESC,Bar,Extra Hard,5.899004697799683,5.899004697799683,1,0.0,0.0,0.0,0.0,0.0,0.0,0.0,0.0,0.0,0.0,1.0,0.0,0.0,True,Qwen/Qwen3-Coder-30B-A3B-Instruct-FP8,None
1235@x_name@DESC,Bar,Medium,2.8574910163879395,2.8574910163879395,1,0.0,0.0,0.0,0.0,0.0,0.0,0.0,0.0,0.0,0.0,1.0,0.0,0.0,False,Qwen/Qwen3-Coder-30B-A3B-Instruct-FP8,None
1235@x_name@DESC,Bar,Medium,2.8574910163879395,2.8574910163879395,1,0.0,0.0,0.0,0.0,0.0,0.0,0.0,0.0,0.0,0.0,1.0,0.0,0.0,False,Qwen/Qwen3-Coder-30B-A3B-Instruct-FP8,None
1235@x_name@DESC,Bar,Medium,2.8574910163879395,2.8574910163879395,1,0.0,0.0,0.0,0.0,0.0,0.0,0.0,0.0,0.0,0.0,1.0,0.0,0.0,False,Qwen/Qwen3-Coder-30B-A3B-Instruct-FP8,None
1237@y_name@ASC,Bar,Medium,2.1057304541269937,6.3171913623809814,3,0.0,0.0,0.0,0.0,0.0,0.0,0.0,0.0,0.0,0.0,1.0,0.0,0.0,False,Qwen/Qwen3-Coder-30B-A3B-Instruct-FP8,None
1237@y_name@ASC,Bar,Medium,2.1057304541269937,6.3171913623809814,3,0.0,0.0,0.0,0.0,0.0,0.0,0.0,0.0,0.0,0.0,1.0,0.0,0.0,False,Qwen/Qwen3-Coder-30B-A3B-Instruct-FP8,None
1237@y_name@ASC,Bar,Medium,2.1057304541269937,6.3171913623809814,3,0.0,0.0,0.0,0.0,0.0,0.0,0.0,0.0,0.0,0.0,1.0,0.0,0.0,False,Qwen/Qwen3-Coder-30B-A3B-Instruct-FP8,None
1238@x_name@ASC,Bar,Easy,1.7872984409332275,3.574596881866455,2,0.0,0.0,0.0,0.0,0.0,0.0,0.0,0.0,0.0,0.0,1.0,0.0,0.0,False,Qwen/Qwen3-Coder-30B-A3B-Instruct-FP8,None
1238@x_name@ASC,Bar,Easy,1.7872984409332275,3.574596881866455,2,0.0,0.0,0.0,0.0,0.0,0.0,0.0,0.0,0.0,0.0,1.0,0.0,0.0,False,Qwen/Qwen3-Coder-30B-A3B-Instruct-FP8,None
1238@x_name@ASC,Bar,Easy,1.7872984409332275,3.574596881866455,2,0.0,0.0,0.0,0.0,0.0,0.0,0.0,0.0,0.0,0.0,1.0,0.0,0.0,False,Qwen/Qwen3-Coder-30B-A3B-Instruct-FP8,None
2610@y_name@ASC,Bar,Medium,3.200322151184082,3.200322151184082,1,0.0,0.0,0.0,0.0,0.0,0.0,0.0,0.0,0.0,0.0,1.0,0.0,0.0,False,Qwen/Qwen3-Coder-30B-A3B-Instruct-FP8,None
2610@y_name@ASC,Bar,Medium,3.200322151184082,3.200322151184082,1,0.0,0.0,0.0,0.0,0.0,0.0,0.0,0.0,0.0,0.0,1.0,0.0,0.0,False,Qwen/Qwen3-Coder-30B-A3B-Instruct-FP8,None
2610@y_name@ASC,Bar,Medium,3.200322151184082,3.200322151184082,1,0.0,0.0,0.0,0.0,0.0,0.0,0.0,0.0,0.0,0.0,1.0,0.0,0.0,False,Qwen/Qwen3-Coder-30B-A3B-Instruct-FP8,None
2614@x_name@DESC,Bar,Hard,3.6753082275390625,3.6753082275390625,1,0.0,0.0,0.0,0.0,0.0,0.0,0.0,0.0,0.0,0.0,1.0,0.0,0.0,True,Qwen/Qwen3-Coder-30B-A3B-Instruct-FP8,None
2614@x_name@DESC,Bar,Hard,3.6753082275390625,3.6753082275390625,1,0.0,0.0,0.0,0.0,0.0,0.0,0.0,0.0,0.0,0.0,1.0,0.0,0.0,True,Qwen/Qwen3-Coder-30B-A3B-Instruct-FP8,None
2614@x_name@DESC,Bar,Hard,3.6753082275390625,3.6753082275390625,1,0.0,0.0,0.0,0.0,0.0,0.0,0.0,0.0,0.0,0.0,1.0,0.0,0.0,True,Qwen/Qwen3-Coder-30B-A3B-Instruct-FP8,None
2771@x_name@ASC,Bar,Hard,4.130811452865601,4.130811452865601,1,0.0,0.0,0.0,0.0,0.0,0.0,0.0,0.0,0.0,0.0,1.0,0.0,0.0,True,Qwen/Qwen3-Coder-30B-A3B-Instruct-FP8,None
2771@x_name@ASC,Bar,Hard,4.130811452865601,4.130811452865601,1,0.0,0.0,0.0,0.0,0.0,0.0,0.0,0.0,0.0,0.0,1.0,0.0,0.0,True,Qwen/Qwen3-Coder-30B-A3B-Instruct-FP8,None
2771@x_name@ASC,Bar,Hard,4.130811452865601,4.130811452865601,1,0.0,0.0,0.0,0.0,0.0,0.0,0.0,0.0,0.0,0.0,1.0,0.0,0.0,True,Qwen/Qwen3-Coder-30B-A3B-Instruct-FP8,None
2772@y_name@ASC,Bar,Hard,3.4944851398468018,3.4944851398468018,1,0.0,0.0,0.0,0.0,0.0,0.0,0.0,0.0,0.0,0.0,1.0,0.0,0.0,True,Qwen/Qwen3-Coder-30B-A3B-Instruct-FP8,None
2772@y_name@ASC,Bar,Hard,3.4944851398468018,3.4944851398468018,1,0.0,0.0,0.0,0.0,0.0,0.0,0.0,0.0,0.0,0.0,1.0,0.0,0.0,True,Qwen/Qwen3-Coder-30B-A3B-Instruct-FP8,None
2772@y_name@ASC,Bar,Hard,3.4944851398468018,3.4944851398468018,1,0.0,0.0,0.0,0.0,0.0,0.0,0.0,0.0,0.0,0.0,1.0,0.0,0.0,True,Qwen/Qwen3-Coder-30B-A3B-Instruct-FP8,None
2774@x_name@ASC,Bar,Medium,1.8888105154037476,3.777621030807495,2,0.0,0.0,0.0,0.0,0.0,0.0,0.0,0.0,0.0,0.0,1.0,0.0,0.0,False,Qwen/Qwen3-Coder-30B-A3B-Instruct-FP8,None
2774@x_name@ASC,Bar,Medium,1.8888105154037476,3.777621030807495,2,0.0,0.0,0.0,0.0,0.0,0.0,0.0,0.0,0.0,0.0,1.0,0.0,0.0,False,Qwen/Qwen3-Coder-30B-A3B-Instruct-FP8,None
2774@x_name@ASC,Bar,Medium,1.8888105154037476,3.777621030807495,2,0.0,0.0,0.0,0.0,0.0,0.0,0.0,0.0,0.0,0.0,1.0,0.0,0.0,False,Qwen/Qwen3-Coder-30B-A3B-Instruct-FP8,None
435@x_name@DESC,Bar,Medium,2.7346088886260986,5.469217777252197,2,0.0,0.0,0.0,0.0,0.5,0.0,0.0,0.0,0.0,0.5,0.5,0.0,0.0,False,Qwen/Qwen3-Coder-30B-A3B-Instruct-FP8,None
435@x_name@DESC,Bar,Medium,2.7346088886260986,5.469217777252197,2,0.0,0.0,0.0,0.0,0.5,0.0,0.0,0.0,0.0,0.5,0.5,0.0,0.0,False,Qwen/Qwen3-Coder-30B-A3B-Instruct-FP8,None
435@x_name@DESC,Bar,Medium,2.7346088886260986,5.469217777252197,2,0.0,0.0,0.0,0.0,0.5,0.0,0.0,0.0,0.0,0.5,0.5,0.0,0.0,False,Qwen/Qwen3-Coder-30B-A3B-Instruct-FP8,None
279@y_name@DESC,Bar,Hard,2.935544967651367,2.935544967651367,1,0.0,0.0,0.0,0.0,0.0,0.0,0.0,0.0,0.0,0.0,1.0,0.0,0.0,False,Qwen/Qwen3-Coder-30B-A3B-Instruct-FP8,None
279@y_name@DESC,Bar,Hard,2.935544967651367,2.935544967651367,1,0.0,0.0,0.0,0.0,0.0,0.0,0.0,0.0,0.0,0.0,1.0,0.0,0.0,False,Qwen/Qwen3-Coder-30B-A3B-Instruct-FP8,None
279@y_name@DESC,Bar,Hard,2.935544967651367,2.935544967651367,1,0.0,0.0,0.0,0.0,0.0,0.0,0.0,0.0,0.0,0.0,1.0,0.0,0.0,False,Qwen/Qwen3-Coder-30B-A3B-Instruct-FP8,None
3267@y_name@ASC,Bar,Hard,2.944539427757263,5.889078855514526,2,0.0,0.0,0.0,0.0,0.0,0.0,0.0,0.0,0.0,0.0,1.0,0.0,0.0,False,Qwen/Qwen3-Coder-30B-A3B-Instruct-FP8,None
3267@y_name@ASC,Bar,Hard,2.944539427757263,5.889078855514526,2,0.0,0.0,0.0,0.0,0.0,0.0,0.0,0.0,0.0,0.0,1.0,0.0,0.0,False,Qwen/Qwen3-Coder-30B-A3B-Instruct-FP8,None
3267@y_name@ASC,Bar,Hard,2.944539427757263,5.889078855514526,2,0.0,0.0,0.0,0.0,0.0,0.0,0.0,0.0,0.0,0.0,1.0,0.0,0.0,False,Qwen/Qwen3-Coder-30B-A3B-Instruct-FP8,None
3269@y_name@ASC,Bar,Medium,2.3836801052093506,2.3836801052093506,1,0.0,0.0,0.0,0.0,0.0,1.0,0.0,0.0,0.0,1.0,0.0,,0.0,False,Qwen/Qwen3-Coder-30B-A3B-Instruct-FP8,None
3269@y_name@ASC,Bar,Medium,2.3836801052093506,2.3836801052093506,1,0.0,0.0,0.0,0.0,0.0,1.0,0.0,0.0,0.0,1.0,0.0,,0.0,False,Qwen/Qwen3-Coder-30B-A3B-Instruct-FP8,None
3269@y_name@ASC,Bar,Medium,2.3836801052093506,2.3836801052093506,1,0.0,0.0,0.0,0.0,0.0,1.0,0.0,0.0,0.0,1.0,0.0,,0.0,False,Qwen/Qwen3-Coder-30B-A3B-Instruct-FP8,None
3071@y_name@ASC,Bar,Medium,2.4635934352874758,12.317967176437378,5,0.0,0.0,0.0,0.0,0.0,0.0,0.0,0.0,0.0,0.0,1.0,0.0,0.0,False,Qwen/Qwen3-Coder-30B-A3B-Instruct-FP8,None
3071@y_name@ASC,Bar,Medium,2.4635934352874758,12.317967176437378,5,0.0,0.0,0.0,0.0,0.0,0.0,0.0,0.0,0.0,0.0,1.0,0.0,0.0,False,Qwen/Qwen3-Coder-30B-A3B-Instruct-FP8,None
3071@y_name@ASC,Bar,Medium,2.4635934352874758,12.317967176437378,5,0.0,0.0,0.0,0.0,0.0,0.0,0.0,0.0,0.0,0.0,1.0,0.0,0.0,False,Qwen/Qwen3-Coder-30B-A3B-Instruct-FP8,None
3123@x_name@DESC,Bar,Medium,2.535465399424235,7.606396198272705,3,0.0,0.0,0.0,0.0,0.0,0.6666666666666666,0.0,0.0,0.0,0.6666666666666666,0.3333333333333333,0.0,0.0,False,Qwen/Qwen3-Coder-30B-A3B-Instruct-FP8,None
3123@x_name@DESC,Bar,Medium,2.535465399424235,7.606396198272705,3,0.0,0.0,0.0,0.0,0.0,0.6666666666666666,0.0,0.0,0.0,0.6666666666666666,0.3333333333333333,0.0,0.0,False,Qwen/Qwen3-Coder-30B-A3B-Instruct-FP8,None
3123@x_name@DESC,Bar,Medium,2.535465399424235,7.606396198272705,3,0.0,0.0,0.0,0.0,0.0,0.6666666666666666,0.0,0.0,0.0,0.6666666666666666,0.3333333333333333,0.0,0.0,False,Qwen/Qwen3-Coder-30B-A3B-Instruct-FP8,None
3124@x_name@ASC,Bar,Medium,2.5396416187286377,7.618924856185913,3,0.0,0.0,0.0,0.0,0.0,0.0,0.0,0.0,0.0,0.0,1.0,0.0,0.0,False,Qwen/Qwen3-Coder-30B-A3B-Instruct-FP8,None
3124@x_name@ASC,Bar,Medium,2.5396416187286377,7.618924856185913,3,0.0,0.0,0.0,0.0,0.0,0.0,0.0,0.0,0.0,0.0,1.0,0.0,0.0,False,Qwen/Qwen3-Coder-30B-A3B-Instruct-FP8,None
3124@x_name@ASC,Bar,Medium,2.5396416187286377,7.618924856185913,3,0.0,0.0,0.0,0.0,0.0,0.0,0.0,0.0,0.0,0.0,1.0,0.0,0.0,False,Qwen/Qwen3-Coder-30B-A3B-Instruct-FP8,None
3134@y_name@ASC,Bar,Easy,2.36531457901001,11.826572895050049,5,0.0,0.0,0.0,0.0,0.0,0.0,0.0,0.0,0.0,0.0,1.0,0.0,0.0,False,Qwen/Qwen3-Coder-30B-A3B-Instruct-FP8,None
3134@y_name@ASC,Bar,Easy,2.36531457901001,11.826572895050049,5,0.0,0.0,0.0,0.0,0.0,0.0,0.0,0.0,0.0,0.0,1.0,0.0,0.0,False,Qwen/Qwen3-Coder-30B-A3B-Instruct-FP8,None
3134@y_name@ASC,Bar,Easy,2.36531457901001,11.826572895050049,5,0.0,0.0,0.0,0.0,0.0,0.0,0.0,0.0,0.0,0.0,1.0,0.0,0.0,False,Qwen/Qwen3-Coder-30B-A3B-Instruct-FP8,None
3135@y_name@ASC,Bar,Easy,2.302231709162394,6.906695127487183,3,0.0,0.0,0.0,0.0,0.0,0.0,0.0,0.0,0.0,0.0,1.0,0.0,0.0,False,Qwen/Qwen3-Coder-30B-A3B-Instruct-FP8,None
3135@y_name@ASC,Bar,Easy,2.302231709162394,6.906695127487183,3,0.0,0.0,0.0,0.0,0.0,0.0,0.0,0.0,0.0,0.0,1.0,0.0,0.0,False,Qwen/Qwen3-Coder-30B-A3B-Instruct-FP8,None
3135@y_name@ASC,Bar,Easy,2.302231709162394,6.906695127487183,3,0.0,0.0,0.0,0.0,0.0,0.0,0.0,0.0,0.0,0.0,1.0,0.0,0.0,False,Qwen/Qwen3-Coder-30B-A3B-Instruct-FP8,None
3137@y_name@DESC,Bar,Easy,2.579262351989746,12.89631175994873,5,0.0,0.0,0.0,0.0,0.0,0.0,0.0,0.0,0.0,0.0,1.0,0.0,0.0,False,Qwen/Qwen3-Coder-30B-A3B-Instruct-FP8,None
3137@y_name@DESC,Bar,Easy,2.579262351989746,12.89631175994873,5,0.0,0.0,0.0,0.0,0.0,0.0,0.0,0.0,0.0,0.0,1.0,0.0,0.0,False,Qwen/Qwen3-Coder-30B-A3B-Instruct-FP8,None
3137@y_name@DESC,Bar,Easy,2.579262351989746,12.89631175994873,5,0.0,0.0,0.0,0.0,0.0,0.0,0.0,0.0,0.0,0.0,1.0,0.0,0.0,False,Qwen/Qwen3-Coder-30B-A3B-Instruct-FP8,None
3138@x_name@ASC,Bar,Easy,2.7372575998306274,10.94903039932251,4,0.0,0.0,0.0,0.0,0.0,0.0,0.0,0.0,0.0,0.0,1.0,0.0,0.0,False,Qwen/Qwen3-Coder-30B-A3B-Instruct-FP8,None
3138@x_name@ASC,Bar,Easy,2.7372575998306274,10.94903039932251,4,0.0,0.0,0.0,0.0,0.0,0.0,0.0,0.0,0.0,0.0,1.0,0.0,0.0,False,Qwen/Qwen3-Coder-30B-A3B-Instruct-FP8,None
3138@x_name@ASC,Bar,Easy,2.7372575998306274,10.94903039932251,4,0.0,0.0,0.0,0.0,0.0,0.0,0.0,0.0,0.0,0.0,1.0,0.0,0.0,False,Qwen/Qwen3-Coder-30B-A3B-Instruct-FP8,None
3140@x_name@ASC,Bar,Easy,2.613322138786316,10.453288555145264,4,0.0,0.0,0.0,0.0,0.0,0.0,0.0,0.0,0.0,0.0,1.0,0.0,0.0,False,Qwen/Qwen3-Coder-30B-A3B-Instruct-FP8,None
3140@x_name@ASC,Bar,Easy,2.613322138786316,10.453288555145264,4,0.0,0.0,0.0,0.0,0.0,0.0,0.0,0.0,0.0,0.0,1.0,0.0,0.0,False,Qwen/Qwen3-Coder-30B-A3B-Instruct-FP8,None
3140@x_name@ASC,Bar,Easy,2.613322138786316,10.453288555145264,4,0.0,0.0,0.0,0.0,0.0,0.0,0.0,0.0,0.0,0.0,1.0,0.0,0.0,False,Qwen/Qwen3-Coder-30B-A3B-Instruct-FP8,None
3141@y_name@ASC,Bar,Easy,2.357344309488932,7.072032928466797,3,0.0,0.0,0.0,0.0,0.3333333333333333,0.0,0.0,0.0,0.0,0.3333333333333333,0.6666666666666666,0.0,0.0,False,Qwen/Qwen3-Coder-30B-A3B-Instruct-FP8,None
3141@y_name@ASC,Bar,Easy,2.357344309488932,7.072032928466797,3,0.0,0.0,0.0,0.0,0.3333333333333333,0.0,0.0,0.0,0.0,0.3333333333333333,0.6666666666666666,0.0,0.0,False,Qwen/Qwen3-Coder-30B-A3B-Instruct-FP8,None
3141@y_name@ASC,Bar,Easy,2.357344309488932,7.072032928466797,3,0.0,0.0,0.0,0.0,0.3333333333333333,0.0,0.0,0.0,0.0,0.3333333333333333,0.6666666666666666,0.0,0.0,False,Qwen/Qwen3-Coder-30B-A3B-Instruct-FP8,None
3144@x_name@DESC,Bar,Easy,2.1478021144866943,2.1478021144866943,1,0.0,0.0,0.0,0.0,0.0,0.0,0.0,0.0,0.0,0.0,1.0,0.0,0.0,False,Qwen/Qwen3-Coder-30B-A3B-Instruct-FP8,None
3144@x_name@DESC,Bar,Easy,2.1478021144866943,2.1478021144866943,1,0.0,0.0,0.0,0.0,0.0,0.0,0.0,0.0,0.0,0.0,1.0,0.0,0.0,False,Qwen/Qwen3-Coder-30B-A3B-Instruct-FP8,None
3144@x_name@DESC,Bar,Easy,2.1478021144866943,2.1478021144866943,1,0.0,0.0,0.0,0.0,0.0,0.0,0.0,0.0,0.0,0.0,1.0,0.0,0.0,False,Qwen/Qwen3-Coder-30B-A3B-Instruct-FP8,None
3146@x_name@DESC,Bar,Easy,2.82478133837382,8.47434401512146,3,0.0,0.0,0.0,0.0,0.0,0.0,0.0,0.0,0.0,0.0,1.0,0.0,0.0,False,Qwen/Qwen3-Coder-30B-A3B-Instruct-FP8,None
3146@x_name@DESC,Bar,Easy,2.82478133837382,8.47434401512146,3,0.0,0.0,0.0,0.0,0.0,0.0,0.0,0.0,0.0,0.0,1.0,0.0,0.0,False,Qwen/Qwen3-Coder-30B-A3B-Instruct-FP8,None
3146@x_name@DESC,Bar,Easy,2.82478133837382,8.47434401512146,3,0.0,0.0,0.0,0.0,0.0,0.0,0.0,0.0,0.0,0.0,1.0,0.0,0.0,False,Qwen/Qwen3-Coder-30B-A3B-Instruct-FP8,None
2349@y_name@ASC,Bar,Medium,1.8705880641937256,1.8705880641937256,1,0.0,0.0,0.0,0.0,0.0,0.0,0.0,0.0,0.0,0.0,1.0,0.0,0.0,False,Qwen/Qwen3-Coder-30B-A3B-Instruct-FP8,None
2349@y_name@ASC,Bar,Medium,1.8705880641937256,1.8705880641937256,1,0.0,0.0,0.0,0.0,0.0,0.0,0.0,0.0,0.0,0.0,1.0,0.0,0.0,False,Qwen/Qwen3-Coder-30B-A3B-Instruct-FP8,None
2349@y_name@ASC,Bar,Medium,1.8705880641937256,1.8705880641937256,1,0.0,0.0,0.0,0.0,0.0,0.0,0.0,0.0,0.0,0.0,1.0,0.0,0.0,False,Qwen/Qwen3-Coder-30B-A3B-Instruct-FP8,None
2596@x_name@ASC,Bar,Extra Hard,3.67881441116333,3.67881441116333,1,0.0,0.0,0.0,0.0,0.0,0.0,0.0,0.0,0.0,0.0,1.0,0.0,0.0,True,Qwen/Qwen3-Coder-30B-A3B-Instruct-FP8,None
2596@x_name@ASC,Bar,Extra Hard,3.67881441116333,3.67881441116333,1,0.0,0.0,0.0,0.0,0.0,0.0,0.0,0.0,0.0,0.0,1.0,0.0,0.0,True,Qwen/Qwen3-Coder-30B-A3B-Instruct-FP8,None
2596@x_name@ASC,Bar,Extra Hard,3.67881441116333,3.67881441116333,1,0.0,0.0,0.0,0.0,0.0,0.0,0.0,0.0,0.0,0.0,1.0,0.0,0.0,True,Qwen/Qwen3-Coder-30B-A3B-Instruct-FP8,None
2600@y_name@ASC,Stacked Bar,Extra Hard,18.15565824508667,18.15565824508667,1,1.0,0.0,0.0,0.0,0.0,0.0,0.0,0.0,1.0,0.0,0.0,,0.0,True,Qwen/Qwen3-Coder-30B-A3B-Instruct-FP8,None
2600@y_name@ASC,Stacked Bar,Extra Hard,18.15565824508667,18.15565824508667,1,1.0,0.0,0.0,0.0,0.0,0.0,0.0,0.0,1.0,0.0,0.0,,0.0,True,Qwen/Qwen3-Coder-30B-A3B-Instruct-FP8,None
2600@y_name@ASC,Stacked Bar,Extra Hard,18.15565824508667,18.15565824508667,1,1.0,0.0,0.0,0.0,0.0,0.0,0.0,0.0,1.0,0.0,0.0,,0.0,True,Qwen/Qwen3-Coder-30B-A3B-Instruct-FP8,None
2602@y_name@DESC,Bar,Medium,3.541295289993286,3.541295289993286,1,0.0,0.0,0.0,0.0,1.0,0.0,0.0,0.0,0.0,1.0,0.0,,0.0,False,Qwen/Qwen3-Coder-30B-A3B-Instruct-FP8,None
2602@y_name@DESC,Bar,Medium,3.541295289993286,3.541295289993286,1,0.0,0.0,0.0,0.0,1.0,0.0,0.0,0.0,0.0,1.0,0.0,,0.0,False,Qwen/Qwen3-Coder-30B-A3B-Instruct-FP8,None
2602@y_name@DESC,Bar,Medium,3.541295289993286,3.541295289993286,1,0.0,0.0,0.0,0.0,1.0,0.0,0.0,0.0,0.0,1.0,0.0,,0.0,False,Qwen/Qwen3-Coder-30B-A3B-Instruct-FP8,None
2607@x_name@DESC,Bar,Medium,3.345454692840576,3.345454692840576,1,0.0,0.0,0.0,0.0,0.0,1.0,0.0,0.0,0.0,1.0,0.0,,0.0,False,Qwen/Qwen3-Coder-30B-A3B-Instruct-FP8,None
2607@x_name@DESC,Bar,Medium,3.345454692840576,3.345454692840576,1,0.0,0.0,0.0,0.0,0.0,1.0,0.0,0.0,0.0,1.0,0.0,,0.0,False,Qwen/Qwen3-Coder-30B-A3B-Instruct-FP8,None
2607@x_name@DESC,Bar,Medium,3.345454692840576,3.345454692840576,1,0.0,0.0,0.0,0.0,0.0,1.0,0.0,0.0,0.0,1.0,0.0,,0.0,False,Qwen/Qwen3-Coder-30B-A3B-Instruct-FP8,None
2902@x_name@DESC,Bar,Medium,2.1559255123138428,2.1559255123138428,1,0.0,0.0,0.0,0.0,0.0,1.0,0.0,0.0,0.0,1.0,0.0,,0.0,False,Qwen/Qwen3-Coder-30B-A3B-Instruct-FP8,None
2902@x_name@DESC,Bar,Medium,2.1559255123138428,2.1559255123138428,1,0.0,0.0,0.0,0.0,0.0,1.0,0.0,0.0,0.0,1.0,0.0,,0.0,False,Qwen/Qwen3-Coder-30B-A3B-Instruct-FP8,None
2902@x_name@DESC,Bar,Medium,2.1559255123138428,2.1559255123138428,1,0.0,0.0,0.0,0.0,0.0,1.0,0.0,0.0,0.0,1.0,0.0,,0.0,False,Qwen/Qwen3-Coder-30B-A3B-Instruct-FP8,None
1399@x_name@ASC,Bar,Medium,2.6374058723449707,2.6374058723449707,1,0.0,0.0,0.0,0.0,0.0,0.0,0.0,0.0,0.0,0.0,1.0,0.0,0.0,False,Qwen/Qwen3-Coder-30B-A3B-Instruct-FP8,None
1399@x_name@ASC,Bar,Medium,2.6374058723449707,2.6374058723449707,1,0.0,0.0,0.0,0.0,0.0,0.0,0.0,0.0,0.0,0.0,1.0,0.0,0.0,False,Qwen/Qwen3-Coder-30B-A3B-Instruct-FP8,None
1399@x_name@ASC,Bar,Medium,2.6374058723449707,2.6374058723449707,1,0.0,0.0,0.0,0.0,0.0,0.0,0.0,0.0,0.0,0.0,1.0,0.0,0.0,False,Qwen/Qwen3-Coder-30B-A3B-Instruct-FP8,None
2933@x_name@DESC,Bar,Hard,3.2259232997894287,3.2259232997894287,1,0.0,0.0,0.0,0.0,0.0,1.0,0.0,0.0,0.0,1.0,0.0,,0.0,True,Qwen/Qwen3-Coder-30B-A3B-Instruct-FP8,None
2933@x_name@DESC,Bar,Hard,3.2259232997894287,3.2259232997894287,1,0.0,0.0,0.0,0.0,0.0,1.0,0.0,0.0,0.0,1.0,0.0,,0.0,True,Qwen/Qwen3-Coder-30B-A3B-Instruct-FP8,None
2933@x_name@DESC,Bar,Hard,3.2259232997894287,3.2259232997894287,1,0.0,0.0,0.0,0.0,0.0,1.0,0.0,0.0,0.0,1.0,0.0,,0.0,True,Qwen/Qwen3-Coder-30B-A3B-Instruct-FP8,None
2935@x_name@ASC,Bar,Hard,4.190373182296753,4.190373182296753,1,0.0,0.0,0.0,0.0,0.0,0.0,0.0,0.0,0.0,0.0,1.0,0.0,0.0,True,Qwen/Qwen3-Coder-30B-A3B-Instruct-FP8,None
2935@x_name@ASC,Bar,Hard,4.190373182296753,4.190373182296753,1,0.0,0.0,0.0,0.0,0.0,0.0,0.0,0.0,0.0,0.0,1.0,0.0,0.0,True,Qwen/Qwen3-Coder-30B-A3B-Instruct-FP8,None
2935@x_name@ASC,Bar,Hard,4.190373182296753,4.190373182296753,1,0.0,0.0,0.0,0.0,0.0,0.0,0.0,0.0,0.0,0.0,1.0,0.0,0.0,True,Qwen/Qwen3-Coder-30B-A3B-Instruct-FP8,None
2943@y_name@ASC,Bar,Medium,1.897791862487793,1.897791862487793,1,0.0,0.0,0.0,0.0,0.0,0.0,0.0,0.0,0.0,0.0,1.0,0.0,0.0,False,Qwen/Qwen3-Coder-30B-A3B-Instruct-FP8,None
2943@y_name@ASC,Bar,Medium,1.897791862487793,1.897791862487793,1,0.0,0.0,0.0,0.0,0.0,0.0,0.0,0.0,0.0,0.0,1.0,0.0,0.0,False,Qwen/Qwen3-Coder-30B-A3B-Instruct-FP8,None
2943@y_name@ASC,Bar,Medium,1.897791862487793,1.897791862487793,1,0.0,0.0,0.0,0.0,0.0,0.0,0.0,0.0,0.0,0.0,1.0,0.0,0.0,False,Qwen/Qwen3-Coder-30B-A3B-Instruct-FP8,None
2944@y_name@ASC,Bar,Easy,3.163780927658081,3.163780927658081,1,0.0,0.0,0.0,0.0,0.0,0.0,0.0,0.0,0.0,0.0,1.0,0.0,0.0,False,Qwen/Qwen3-Coder-30B-A3B-Instruct-FP8,None
2944@y_name@ASC,Bar,Easy,3.163780927658081,3.163780927658081,1,0.0,0.0,0.0,0.0,0.0,0.0,0.0,0.0,0.0,0.0,1.0,0.0,0.0,False,Qwen/Qwen3-Coder-30B-A3B-Instruct-FP8,None
2944@y_name@ASC,Bar,Easy,3.163780927658081,3.163780927658081,1,0.0,0.0,0.0,0.0,0.0,0.0,0.0,0.0,0.0,0.0,1.0,0.0,0.0,False,Qwen/Qwen3-Coder-30B-A3B-Instruct-FP8,None
2950@y_name@ASC,Bar,Hard,2.349173069000244,2.349173069000244,1,0.0,0.0,0.0,0.0,0.0,0.0,0.0,0.0,0.0,0.0,1.0,0.0,0.0,False,Qwen/Qwen3-Coder-30B-A3B-Instruct-FP8,None
2950@y_name@ASC,Bar,Hard,2.349173069000244,2.349173069000244,1,0.0,0.0,0.0,0.0,0.0,0.0,0.0,0.0,0.0,0.0,1.0,0.0,0.0,False,Qwen/Qwen3-Coder-30B-A3B-Instruct-FP8,None
2950@y_name@ASC,Bar,Hard,2.349173069000244,2.349173069000244,1,0.0,0.0,0.0,0.0,0.0,0.0,0.0,0.0,0.0,0.0,1.0,0.0,0.0,False,Qwen/Qwen3-Coder-30B-A3B-Instruct-FP8,None
1989@y_name@DESC,Bar,Extra Hard,12.660916805267334,12.660916805267334,1,0.0,0.0,0.0,0.0,0.0,0.0,0.0,0.0,0.0,0.0,1.0,0.0,0.0,True,Qwen/Qwen3-Coder-30B-A3B-Instruct-FP8,None
1989@y_name@DESC,Bar,Extra Hard,12.660916805267334,12.660916805267334,1,0.0,0.0,0.0,0.0,0.0,0.0,0.0,0.0,0.0,0.0,1.0,0.0,0.0,True,Qwen/Qwen3-Coder-30B-A3B-Instruct-FP8,None
1989@y_name@DESC,Bar,Extra Hard,12.660916805267334,12.660916805267334,1,0.0,0.0,0.0,0.0,0.0,0.0,0.0,0.0,0.0,0.0,1.0,0.0,0.0,True,Qwen/Qwen3-Coder-30B-A3B-Instruct-FP8,None
1967@x_name@DESC,Bar,Medium,2.404565691947937,4.809131383895874,2,0.0,0.0,0.0,0.0,0.0,0.0,0.0,0.0,0.0,0.0,1.0,0.0,0.0,False,Qwen/Qwen3-Coder-30B-A3B-Instruct-FP8,None
1967@x_name@DESC,Bar,Medium,2.404565691947937,4.809131383895874,2,0.0,0.0,0.0,0.0,0.0,0.0,0.0,0.0,0.0,0.0,1.0,0.0,0.0,False,Qwen/Qwen3-Coder-30B-A3B-Instruct-FP8,None
1967@x_name@DESC,Bar,Medium,2.404565691947937,4.809131383895874,2,0.0,0.0,0.0,0.0,0.0,0.0,0.0,0.0,0.0,0.0,1.0,0.0,0.0,False,Qwen/Qwen3-Coder-30B-A3B-Instruct-FP8,None
1970@x_name@ASC,Bar,Easy,3.86161732673645,7.7232346534729,2,0.0,0.0,0.0,0.0,0.0,0.0,0.0,0.0,0.0,0.0,1.0,0.0,0.0,False,Qwen/Qwen3-Coder-30B-A3B-Instruct-FP8,None
1970@x_name@ASC,Bar,Easy,3.86161732673645,7.7232346534729,2,0.0,0.0,0.0,0.0,0.0,0.0,0.0,0.0,0.0,0.0,1.0,0.0,0.0,False,Qwen/Qwen3-Coder-30B-A3B-Instruct-FP8,None
1970@x_name@ASC,Bar,Easy,3.86161732673645,7.7232346534729,2,0.0,0.0,0.0,0.0,0.0,0.0,0.0,0.0,0.0,0.0,1.0,0.0,0.0,False,Qwen/Qwen3-Coder-30B-A3B-Instruct-FP8,None
1977@x_name@ASC,Bar,Medium,2.9481329123179116,8.844398736953735,3,0.0,0.0,0.0,0.0,0.0,0.0,0.0,0.0,0.0,0.0,1.0,0.0,0.0,False,Qwen/Qwen3-Coder-30B-A3B-Instruct-FP8,None
1977@x_name@ASC,Bar,Medium,2.9481329123179116,8.844398736953735,3,0.0,0.0,0.0,0.0,0.0,0.0,0.0,0.0,0.0,0.0,1.0,0.0,0.0,False,Qwen/Qwen3-Coder-30B-A3B-Instruct-FP8,None
1977@x_name@ASC,Bar,Medium,2.9481329123179116,8.844398736953735,3,0.0,0.0,0.0,0.0,0.0,0.0,0.0,0.0,0.0,0.0,1.0,0.0,0.0,False,Qwen/Qwen3-Coder-30B-A3B-Instruct-FP8,None
1979@y_name@DESC,Bar,Hard,3.366844654083252,13.467378616333008,4,0.0,0.0,0.0,0.0,0.0,0.0,0.0,0.0,0.0,0.0,1.0,0.0,0.0,False,Qwen/Qwen3-Coder-30B-A3B-Instruct-FP8,None
1979@y_name@DESC,Bar,Hard,3.366844654083252,13.467378616333008,4,0.0,0.0,0.0,0.0,0.0,0.0,0.0,0.0,0.0,0.0,1.0,0.0,0.0,False,Qwen/Qwen3-Coder-30B-A3B-Instruct-FP8,None
1979@y_name@DESC,Bar,Hard,3.366844654083252,13.467378616333008,4,0.0,0.0,0.0,0.0,0.0,0.0,0.0,0.0,0.0,0.0,1.0,0.0,0.0,False,Qwen/Qwen3-Coder-30B-A3B-Instruct-FP8,None
1981@y_name@DESC,Bar,Extra Hard,4.041686773300171,16.166747093200684,4,0.0,0.0,0.0,0.0,0.0,0.0,0.0,0.0,0.0,0.0,1.0,0.0,0.0,True,Qwen/Qwen3-Coder-30B-A3B-Instruct-FP8,None
1981@y_name@DESC,Bar,Extra Hard,4.041686773300171,16.166747093200684,4,0.0,0.0,0.0,0.0,0.0,0.0,0.0,0.0,0.0,0.0,1.0,0.0,0.0,True,Qwen/Qwen3-Coder-30B-A3B-Instruct-FP8,None
1981@y_name@DESC,Bar,Extra Hard,4.041686773300171,16.166747093200684,4,0.0,0.0,0.0,0.0,0.0,0.0,0.0,0.0,0.0,0.0,1.0,0.0,0.0,True,Qwen/Qwen3-Coder-30B-A3B-Instruct-FP8,None
1984@y_name@DESC,Bar,Hard,3.8985369205474854,7.797073841094971,2,0.0,0.0,0.0,0.0,0.0,0.0,0.0,0.0,0.0,0.0,1.0,0.0,0.0,True,Qwen/Qwen3-Coder-30B-A3B-Instruct-FP8,None
1984@y_name@DESC,Bar,Hard,3.8985369205474854,7.797073841094971,2,0.0,0.0,0.0,0.0,0.0,0.0,0.0,0.0,0.0,0.0,1.0,0.0,0.0,True,Qwen/Qwen3-Coder-30B-A3B-Instruct-FP8,None
1984@y_name@DESC,Bar,Hard,3.8985369205474854,7.797073841094971,2,0.0,0.0,0.0,0.0,0.0,0.0,0.0,0.0,0.0,0.0,1.0,0.0,0.0,True,Qwen/Qwen3-Coder-30B-A3B-Instruct-FP8,None
3033@y_name@ASC,Bar,Medium,2.6554904778798423,7.966471433639526,3,0.0,0.0,0.0,0.0,0.3333333333333333,0.0,0.0,0.0,0.0,0.3333333333333333,0.6666666666666666,0.0,0.0,False,Qwen/Qwen3-Coder-30B-A3B-Instruct-FP8,None
3033@y_name@ASC,Bar,Medium,2.6554904778798423,7.966471433639526,3,0.0,0.0,0.0,0.0,0.3333333333333333,0.0,0.0,0.0,0.0,0.3333333333333333,0.6666666666666666,0.0,0.0,False,Qwen/Qwen3-Coder-30B-A3B-Instruct-FP8,None
3033@y_name@ASC,Bar,Medium,2.6554904778798423,7.966471433639526,3,0.0,0.0,0.0,0.0,0.3333333333333333,0.0,0.0,0.0,0.0,0.3333333333333333,0.6666666666666666,0.0,0.0,False,Qwen/Qwen3-Coder-30B-A3B-Instruct-FP8,None
2677@x_name@ASC,Bar,Medium,2.063472032546997,2.063472032546997,1,0.0,0.0,0.0,0.0,0.0,0.0,0.0,0.0,0.0,0.0,1.0,0.0,0.0,False,Qwen/Qwen3-Coder-30B-A3B-Instruct-FP8,None
2677@x_name@ASC,Bar,Medium,2.063472032546997,2.063472032546997,1,0.0,0.0,0.0,0.0,0.0,0.0,0.0,0.0,0.0,0.0,1.0,0.0,0.0,False,Qwen/Qwen3-Coder-30B-A3B-Instruct-FP8,None
2677@x_name@ASC,Bar,Medium,2.063472032546997,2.063472032546997,1,0.0,0.0,0.0,0.0,0.0,0.0,0.0,0.0,0.0,0.0,1.0,0.0,0.0,False,Qwen/Qwen3-Coder-30B-A3B-Instruct-FP8,None
2678@y_name@DESC,Bar,Medium,2.192523161570231,6.577569484710693,3,0.0,0.0,0.0,0.0,0.0,0.0,0.0,0.0,0.0,0.0,1.0,0.0,0.0,False,Qwen/Qwen3-Coder-30B-A3B-Instruct-FP8,None
2678@y_name@DESC,Bar,Medium,2.192523161570231,6.577569484710693,3,0.0,0.0,0.0,0.0,0.0,0.0,0.0,0.0,0.0,0.0,1.0,0.0,0.0,False,Qwen/Qwen3-Coder-30B-A3B-Instruct-FP8,None
2678@y_name@DESC,Bar,Medium,2.192523161570231,6.577569484710693,3,0.0,0.0,0.0,0.0,0.0,0.0,0.0,0.0,0.0,0.0,1.0,0.0,0.0,False,Qwen/Qwen3-Coder-30B-A3B-Instruct-FP8,None
2681@x_name@ASC,Bar,Medium,2.265094041824341,2.265094041824341,1,0.0,0.0,0.0,0.0,0.0,0.0,0.0,0.0,0.0,0.0,1.0,0.0,0.0,False,Qwen/Qwen3-Coder-30B-A3B-Instruct-FP8,None
2681@x_name@ASC,Bar,Medium,2.265094041824341,2.265094041824341,1,0.0,0.0,0.0,0.0,0.0,0.0,0.0,0.0,0.0,0.0,1.0,0.0,0.0,False,Qwen/Qwen3-Coder-30B-A3B-Instruct-FP8,None
2681@x_name@ASC,Bar,Medium,2.265094041824341,2.265094041824341,1,0.0,0.0,0.0,0.0,0.0,0.0,0.0,0.0,0.0,0.0,1.0,0.0,0.0,False,Qwen/Qwen3-Coder-30B-A3B-Instruct-FP8,None
2755@x_name@DESC,Stacked Bar,Hard,2.4156768321990967,2.4156768321990967,1,0.0,0.0,0.0,0.0,0.0,1.0,0.0,0.0,0.0,1.0,0.0,,0.0,False,Qwen/Qwen3-Coder-30B-A3B-Instruct-FP8,None
2755@x_name@DESC,Stacked Bar,Hard,2.4156768321990967,2.4156768321990967,1,0.0,0.0,0.0,0.0,0.0,1.0,0.0,0.0,0.0,1.0,0.0,,0.0,False,Qwen/Qwen3-Coder-30B-A3B-Instruct-FP8,None
2755@x_name@DESC,Stacked Bar,Hard,2.4156768321990967,2.4156768321990967,1,0.0,0.0,0.0,0.0,0.0,1.0,0.0,0.0,0.0,1.0,0.0,,0.0,False,Qwen/Qwen3-Coder-30B-A3B-Instruct-FP8,None
2756@x_name@DESC,Stacked Bar,Hard,6.453100840250651,19.359302520751953,3,0.0,0.0,0.0,0.6666666666666666,1.0,0.0,0.0,0.0,0.0,1.0,0.0,,0.0,False,Qwen/Qwen3-Coder-30B-A3B-Instruct-FP8,None
2756@x_name@DESC,Stacked Bar,Hard,6.453100840250651,19.359302520751953,3,0.0,0.0,0.0,0.6666666666666666,1.0,0.0,0.0,0.0,0.0,1.0,0.0,,0.0,False,Qwen/Qwen3-Coder-30B-A3B-Instruct-FP8,None
2756@x_name@DESC,Stacked Bar,Hard,6.453100840250651,19.359302520751953,3,0.0,0.0,0.0,0.6666666666666666,1.0,0.0,0.0,0.0,0.0,1.0,0.0,,0.0,False,Qwen/Qwen3-Coder-30B-A3B-Instruct-FP8,None
2760@y_name@DESC,Bar,Medium,1.9167497158050537,7.666998863220215,4,0.0,0.0,0.0,0.0,0.0,0.0,0.0,0.0,0.0,0.0,1.0,0.0,0.0,False,Qwen/Qwen3-Coder-30B-A3B-Instruct-FP8,None
2760@y_name@DESC,Bar,Medium,1.9167497158050537,7.666998863220215,4,0.0,0.0,0.0,0.0,0.0,0.0,0.0,0.0,0.0,0.0,1.0,0.0,0.0,False,Qwen/Qwen3-Coder-30B-A3B-Instruct-FP8,None
2760@y_name@DESC,Bar,Medium,1.9167497158050537,7.666998863220215,4,0.0,0.0,0.0,0.0,0.0,0.0,0.0,0.0,0.0,0.0,1.0,0.0,0.0,False,Qwen/Qwen3-Coder-30B-A3B-Instruct-FP8,None
2762@y_name@DESC,Bar,Medium,2.3580928444862366,9.432371377944946,4,0.0,0.0,0.0,0.0,0.0,0.0,0.0,0.0,0.0,0.0,1.0,0.0,0.0,False,Qwen/Qwen3-Coder-30B-A3B-Instruct-FP8,None
2762@y_name@DESC,Bar,Medium,2.3580928444862366,9.432371377944946,4,0.0,0.0,0.0,0.0,0.0,0.0,0.0,0.0,0.0,0.0,1.0,0.0,0.0,False,Qwen/Qwen3-Coder-30B-A3B-Instruct-FP8,None
2762@y_name@DESC,Bar,Medium,2.3580928444862366,9.432371377944946,4,0.0,0.0,0.0,0.0,0.0,0.0,0.0,0.0,0.0,0.0,1.0,0.0,0.0,False,Qwen/Qwen3-Coder-30B-A3B-Instruct-FP8,None
2763@y_name@ASC,Bar,Medium,2.541285991668701,5.082571983337402,2,0.0,0.0,0.0,0.0,0.0,0.0,0.0,0.0,0.0,0.0,1.0,0.0,0.0,False,Qwen/Qwen3-Coder-30B-A3B-Instruct-FP8,None
2763@y_name@ASC,Bar,Medium,2.541285991668701,5.082571983337402,2,0.0,0.0,0.0,0.0,0.0,0.0,0.0,0.0,0.0,0.0,1.0,0.0,0.0,False,Qwen/Qwen3-Coder-30B-A3B-Instruct-FP8,None
2763@y_name@ASC,Bar,Medium,2.541285991668701,5.082571983337402,2,0.0,0.0,0.0,0.0,0.0,0.0,0.0,0.0,0.0,0.0,1.0,0.0,0.0,False,Qwen/Qwen3-Coder-30B-A3B-Instruct-FP8,None
2765@y_name@ASC,Bar,Medium,2.190545082092285,6.5716352462768555,3,0.0,0.0,0.0,0.0,0.0,0.0,0.0,0.0,0.0,0.0,1.0,0.0,0.0,False,Qwen/Qwen3-Coder-30B-A3B-Instruct-FP8,None
2765@y_name@ASC,Bar,Medium,2.190545082092285,6.5716352462768555,3,0.0,0.0,0.0,0.0,0.0,0.0,0.0,0.0,0.0,0.0,1.0,0.0,0.0,False,Qwen/Qwen3-Coder-30B-A3B-Instruct-FP8,None
2765@y_name@ASC,Bar,Medium,2.190545082092285,6.5716352462768555,3,0.0,0.0,0.0,0.0,0.0,0.0,0.0,0.0,0.0,0.0,1.0,0.0,0.0,False,Qwen/Qwen3-Coder-30B-A3B-Instruct-FP8,None
2879@y_name@ASC,Bar,Medium,2.153996706008911,4.307993412017822,2,0.0,0.0,0.0,0.0,0.0,0.0,0.0,0.0,0.0,0.0,1.0,0.0,0.0,False,Qwen/Qwen3-Coder-30B-A3B-Instruct-FP8,None
2879@y_name@ASC,Bar,Medium,2.153996706008911,4.307993412017822,2,0.0,0.0,0.0,0.0,0.0,0.0,0.0,0.0,0.0,0.0,1.0,0.0,0.0,False,Qwen/Qwen3-Coder-30B-A3B-Instruct-FP8,None
2879@y_name@ASC,Bar,Medium,2.153996706008911,4.307993412017822,2,0.0,0.0,0.0,0.0,0.0,0.0,0.0,0.0,0.0,0.0,1.0,0.0,0.0,False,Qwen/Qwen3-Coder-30B-A3B-Instruct-FP8,None
2886@x_name@DESC,Bar,Hard,3.994234323501587,3.994234323501587,1,0.0,0.0,0.0,0.0,0.0,1.0,0.0,0.0,0.0,1.0,0.0,,0.0,True,Qwen/Qwen3-Coder-30B-A3B-Instruct-FP8,None
2886@x_name@DESC,Bar,Hard,3.994234323501587,3.994234323501587,1,0.0,0.0,0.0,0.0,0.0,1.0,0.0,0.0,0.0,1.0,0.0,,0.0,True,Qwen/Qwen3-Coder-30B-A3B-Instruct-FP8,None
2886@x_name@DESC,Bar,Hard,3.994234323501587,3.994234323501587,1,0.0,0.0,0.0,0.0,0.0,1.0,0.0,0.0,0.0,1.0,0.0,,0.0,True,Qwen/Qwen3-Coder-30B-A3B-Instruct-FP8,None
116@x_name@DESC,Bar,Hard,3.7918436527252197,7.5836873054504395,2,0.0,0.0,0.0,0.0,0.0,0.0,0.0,0.0,0.0,0.0,1.0,0.0,0.0,True,Qwen/Qwen3-Coder-30B-A3B-Instruct-FP8,None
116@x_name@DESC,Bar,Hard,3.7918436527252197,7.5836873054504395,2,0.0,0.0,0.0,0.0,0.0,0.0,0.0,0.0,0.0,0.0,1.0,0.0,0.0,True,Qwen/Qwen3-Coder-30B-A3B-Instruct-FP8,None
116@x_name@DESC,Bar,Hard,3.7918436527252197,7.5836873054504395,2,0.0,0.0,0.0,0.0,0.0,0.0,0.0,0.0,0.0,0.0,1.0,0.0,0.0,True,Qwen/Qwen3-Coder-30B-A3B-Instruct-FP8,None
117@y_name@ASC,Bar,Medium,2.177696704864502,4.355393409729004,2,0.0,0.0,0.0,0.0,0.0,0.0,0.0,0.0,0.0,0.0,1.0,0.0,0.0,False,Qwen/Qwen3-Coder-30B-A3B-Instruct-FP8,None
117@y_name@ASC,Bar,Medium,2.177696704864502,4.355393409729004,2,0.0,0.0,0.0,0.0,0.0,0.0,0.0,0.0,0.0,0.0,1.0,0.0,0.0,False,Qwen/Qwen3-Coder-30B-A3B-Instruct-FP8,None
117@y_name@ASC,Bar,Medium,2.177696704864502,4.355393409729004,2,0.0,0.0,0.0,0.0,0.0,0.0,0.0,0.0,0.0,0.0,1.0,0.0,0.0,False,Qwen/Qwen3-Coder-30B-A3B-Instruct-FP8,None
123@y_name@DESC,Bar,Hard,6.269754409790039,6.269754409790039,1,0.0,0.0,0.0,0.0,0.0,0.0,0.0,0.0,0.0,0.0,1.0,0.0,0.0,True,Qwen/Qwen3-Coder-30B-A3B-Instruct-FP8,None
123@y_name@DESC,Bar,Hard,6.269754409790039,6.269754409790039,1,0.0,0.0,0.0,0.0,0.0,0.0,0.0,0.0,0.0,0.0,1.0,0.0,0.0,True,Qwen/Qwen3-Coder-30B-A3B-Instruct-FP8,None
123@y_name@DESC,Bar,Hard,6.269754409790039,6.269754409790039,1,0.0,0.0,0.0,0.0,0.0,0.0,0.0,0.0,0.0,0.0,1.0,0.0,0.0,True,Qwen/Qwen3-Coder-30B-A3B-Instruct-FP8,None
127@y_name@ASC,Bar,Hard,4.425670623779297,4.425670623779297,1,0.0,0.0,0.0,0.0,0.0,0.0,0.0,0.0,0.0,0.0,1.0,0.0,0.0,True,Qwen/Qwen3-Coder-30B-A3B-Instruct-FP8,None
127@y_name@ASC,Bar,Hard,4.425670623779297,4.425670623779297,1,0.0,0.0,0.0,0.0,0.0,0.0,0.0,0.0,0.0,0.0,1.0,0.0,0.0,True,Qwen/Qwen3-Coder-30B-A3B-Instruct-FP8,None
127@y_name@ASC,Bar,Hard,4.425670623779297,4.425670623779297,1,0.0,0.0,0.0,0.0,0.0,0.0,0.0,0.0,0.0,0.0,1.0,0.0,0.0,True,Qwen/Qwen3-Coder-30B-A3B-Instruct-FP8,None
128@x_name@DESC,Bar,Hard,4.360286474227905,4.360286474227905,1,0.0,0.0,0.0,0.0,0.0,0.0,0.0,0.0,0.0,0.0,1.0,0.0,0.0,True,Qwen/Qwen3-Coder-30B-A3B-Instruct-FP8,None
128@x_name@DESC,Bar,Hard,4.360286474227905,4.360286474227905,1,0.0,0.0,0.0,0.0,0.0,0.0,0.0,0.0,0.0,0.0,1.0,0.0,0.0,True,Qwen/Qwen3-Coder-30B-A3B-Instruct-FP8,None
128@x_name@DESC,Bar,Hard,4.360286474227905,4.360286474227905,1,0.0,0.0,0.0,0.0,0.0,0.0,0.0,0.0,0.0,0.0,1.0,0.0,0.0,True,Qwen/Qwen3-Coder-30B-A3B-Instruct-FP8,None
134@x_name@DESC,Stacked Bar,Extra Hard,4.877237319946289,4.877237319946289,1,0.0,0.0,0.0,0.0,0.0,1.0,0.0,0.0,0.0,1.0,0.0,,0.0,True,Qwen/Qwen3-Coder-30B-A3B-Instruct-FP8,None
134@x_name@DESC,Stacked Bar,Extra Hard,4.877237319946289,4.877237319946289,1,0.0,0.0,0.0,0.0,0.0,1.0,0.0,0.0,0.0,1.0,0.0,,0.0,True,Qwen/Qwen3-Coder-30B-A3B-Instruct-FP8,None
134@x_name@DESC,Stacked Bar,Extra Hard,4.877237319946289,4.877237319946289,1,0.0,0.0,0.0,0.0,0.0,1.0,0.0,0.0,0.0,1.0,0.0,,0.0,True,Qwen/Qwen3-Coder-30B-A3B-Instruct-FP8,None
139@y_name@ASC,Bar,Hard,3.539220929145813,7.078441858291626,2,0.0,0.0,0.0,0.0,0.0,0.0,0.0,0.0,0.0,0.0,1.0,0.0,0.0,True,Qwen/Qwen3-Coder-30B-A3B-Instruct-FP8,None
139@y_name@ASC,Bar,Hard,3.539220929145813,7.078441858291626,2,0.0,0.0,0.0,0.0,0.0,0.0,0.0,0.0,0.0,0.0,1.0,0.0,0.0,True,Qwen/Qwen3-Coder-30B-A3B-Instruct-FP8,None
139@y_name@ASC,Bar,Hard,3.539220929145813,7.078441858291626,2,0.0,0.0,0.0,0.0,0.0,0.0,0.0,0.0,0.0,0.0,1.0,0.0,0.0,True,Qwen/Qwen3-Coder-30B-A3B-Instruct-FP8,None
140@y_name@ASC,Bar,Medium,2.1760517358779907,4.3521034717559814,2,0.0,0.0,0.0,0.0,0.0,0.0,0.0,0.0,0.0,0.0,1.0,0.0,0.0,False,Qwen/Qwen3-Coder-30B-A3B-Instruct-FP8,None
140@y_name@ASC,Bar,Medium,2.1760517358779907,4.3521034717559814,2,0.0,0.0,0.0,0.0,0.0,0.0,0.0,0.0,0.0,0.0,1.0,0.0,0.0,False,Qwen/Qwen3-Coder-30B-A3B-Instruct-FP8,None
140@y_name@ASC,Bar,Medium,2.1760517358779907,4.3521034717559814,2,0.0,0.0,0.0,0.0,0.0,0.0,0.0,0.0,0.0,0.0,1.0,0.0,0.0,False,Qwen/Qwen3-Coder-30B-A3B-Instruct-FP8,None
145@y_name@DESC,Stacked Bar,Extra Hard,4.988656997680664,4.988656997680664,1,0.0,0.0,0.0,0.0,0.0,1.0,0.0,0.0,0.0,1.0,0.0,,0.0,True,Qwen/Qwen3-Coder-30B-A3B-Instruct-FP8,None
145@y_name@DESC,Stacked Bar,Extra Hard,4.988656997680664,4.988656997680664,1,0.0,0.0,0.0,0.0,0.0,1.0,0.0,0.0,0.0,1.0,0.0,,0.0,True,Qwen/Qwen3-Coder-30B-A3B-Instruct-FP8,None
145@y_name@DESC,Stacked Bar,Extra Hard,4.988656997680664,4.988656997680664,1,0.0,0.0,0.0,0.0,0.0,1.0,0.0,0.0,0.0,1.0,0.0,,0.0,True,Qwen/Qwen3-Coder-30B-A3B-Instruct-FP8,None
149@x_name@DESC,Bar,Hard,4.544897079467773,4.544897079467773,1,0.0,0.0,0.0,0.0,0.0,0.0,0.0,0.0,0.0,0.0,1.0,0.0,0.0,True,Qwen/Qwen3-Coder-30B-A3B-Instruct-FP8,None
149@x_name@DESC,Bar,Hard,4.544897079467773,4.544897079467773,1,0.0,0.0,0.0,0.0,0.0,0.0,0.0,0.0,0.0,0.0,1.0,0.0,0.0,True,Qwen/Qwen3-Coder-30B-A3B-Instruct-FP8,None
149@x_name@DESC,Bar,Hard,4.544897079467773,4.544897079467773,1,0.0,0.0,0.0,0.0,0.0,0.0,0.0,0.0,0.0,0.0,1.0,0.0,0.0,True,Qwen/Qwen3-Coder-30B-A3B-Instruct-FP8,None
3069@x_name@ASC,Bar,Hard,3.1910440921783447,3.1910440921783447,1,0.0,0.0,0.0,0.0,0.0,0.0,0.0,0.0,0.0,0.0,1.0,0.0,0.0,True,Qwen/Qwen3-Coder-30B-A3B-Instruct-FP8,None
3069@x_name@ASC,Bar,Hard,3.1910440921783447,3.1910440921783447,1,0.0,0.0,0.0,0.0,0.0,0.0,0.0,0.0,0.0,0.0,1.0,0.0,0.0,True,Qwen/Qwen3-Coder-30B-A3B-Instruct-FP8,None
3069@x_name@ASC,Bar,Hard,3.1910440921783447,3.1910440921783447,1,0.0,0.0,0.0,0.0,0.0,0.0,0.0,0.0,0.0,0.0,1.0,0.0,0.0,True,Qwen/Qwen3-Coder-30B-A3B-Instruct-FP8,None
1424@y_name@ASC,Bar,Medium,2.0579349994659424,2.0579349994659424,1,0.0,0.0,0.0,0.0,0.0,0.0,0.0,0.0,0.0,0.0,1.0,0.0,0.0,False,Qwen/Qwen3-Coder-30B-A3B-Instruct-FP8,None
1424@y_name@ASC,Bar,Medium,2.0579349994659424,2.0579349994659424,1,0.0,0.0,0.0,0.0,0.0,0.0,0.0,0.0,0.0,0.0,1.0,0.0,0.0,False,Qwen/Qwen3-Coder-30B-A3B-Instruct-FP8,None
1424@y_name@ASC,Bar,Medium,2.0579349994659424,2.0579349994659424,1,0.0,0.0,0.0,0.0,0.0,0.0,0.0,0.0,0.0,0.0,1.0,0.0,0.0,False,Qwen/Qwen3-Coder-30B-A3B-Instruct-FP8,None
4001,Scatter,Hard,8.327793598175049,8.327793598175049,1,0.0,0.0,0.0,0.0,1.0,0.0,0.0,0.0,0.0,1.0,0.0,,0.0,True,Qwen/Qwen3-Coder-30B-A3B-Instruct-FP8,None
4001,Scatter,Hard,8.327793598175049,8.327793598175049,1,0.0,0.0,0.0,0.0,1.0,0.0,0.0,0.0,0.0,1.0,0.0,,0.0,True,Qwen/Qwen3-Coder-30B-A3B-Instruct-FP8,None
4001,Scatter,Hard,8.327793598175049,8.327793598175049,1,0.0,0.0,0.0,0.0,1.0,0.0,0.0,0.0,0.0,1.0,0.0,,0.0,True,Qwen/Qwen3-Coder-30B-A3B-Instruct-FP8,None
4002,Stacked Bar,Easy,2.065345525741577,2.065345525741577,1,0.0,0.0,0.0,0.0,0.0,0.0,0.0,0.0,0.0,0.0,1.0,0.0,0.0,False,Qwen/Qwen3-Coder-30B-A3B-Instruct-FP8,None
4002,Stacked Bar,Easy,2.065345525741577,2.065345525741577,1,0.0,0.0,0.0,0.0,0.0,0.0,0.0,0.0,0.0,0.0,1.0,0.0,0.0,False,Qwen/Qwen3-Coder-30B-A3B-Instruct-FP8,None
4002,Stacked Bar,Easy,2.065345525741577,2.065345525741577,1,0.0,0.0,0.0,0.0,0.0,0.0,0.0,0.0,0.0,0.0,1.0,0.0,0.0,False,Qwen/Qwen3-Coder-30B-A3B-Instruct-FP8,None
4003,Scatter,Easy,4.357824087142944,4.357824087142944,1,0.0,0.0,0.0,0.0,0.0,0.0,0.0,0.0,0.0,0.0,1.0,0.0,0.0,False,Qwen/Qwen3-Coder-30B-A3B-Instruct-FP8,None
4003,Scatter,Easy,4.357824087142944,4.357824087142944,1,0.0,0.0,0.0,0.0,0.0,0.0,0.0,0.0,0.0,0.0,1.0,0.0,0.0,False,Qwen/Qwen3-Coder-30B-A3B-Instruct-FP8,None
4003,Scatter,Easy,4.357824087142944,4.357824087142944,1,0.0,0.0,0.0,0.0,0.0,0.0,0.0,0.0,0.0,0.0,1.0,0.0,0.0,False,Qwen/Qwen3-Coder-30B-A3B-Instruct-FP8,None
4004,Stacked Bar,Hard,16.637666702270508,16.637666702270508,1,1.0,0.0,0.0,0.0,0.0,0.0,0.0,0.0,1.0,0.0,0.0,,0.0,True,Qwen/Qwen3-Coder-30B-A3B-Instruct-FP8,None
4004,Stacked Bar,Hard,16.637666702270508,16.637666702270508,1,1.0,0.0,0.0,0.0,0.0,0.0,0.0,0.0,1.0,0.0,0.0,,0.0,True,Qwen/Qwen3-Coder-30B-A3B-Instruct-FP8,None
4004,Stacked Bar,Hard,16.637666702270508,16.637666702270508,1,1.0,0.0,0.0,0.0,0.0,0.0,0.0,0.0,1.0,0.0,0.0,,0.0,True,Qwen/Qwen3-Coder-30B-A3B-Instruct-FP8,None
4005,Grouping Line,Easy,3.0974133014678955,3.0974133014678955,1,0.0,0.0,0.0,1.0,1.0,0.0,0.0,0.0,0.0,1.0,0.0,,0.0,False,Qwen/Qwen3-Coder-30B-A3B-Instruct-FP8,None
4005,Grouping Line,Easy,3.0974133014678955,3.0974133014678955,1,0.0,0.0,0.0,1.0,1.0,0.0,0.0,0.0,0.0,1.0,0.0,,0.0,False,Qwen/Qwen3-Coder-30B-A3B-Instruct-FP8,None
4005,Grouping Line,Easy,3.0974133014678955,3.0974133014678955,1,0.0,0.0,0.0,1.0,1.0,0.0,0.0,0.0,0.0,1.0,0.0,,0.0,False,Qwen/Qwen3-Coder-30B-A3B-Instruct-FP8,None
4006,Grouping Line,Medium,4.604146957397461,4.604146957397461,1,0.0,0.0,0.0,1.0,1.0,0.0,0.0,0.0,0.0,1.0,0.0,,0.0,False,Qwen/Qwen3-Coder-30B-A3B-Instruct-FP8,None
4006,Grouping Line,Medium,4.604146957397461,4.604146957397461,1,0.0,0.0,0.0,1.0,1.0,0.0,0.0,0.0,0.0,1.0,0.0,,0.0,False,Qwen/Qwen3-Coder-30B-A3B-Instruct-FP8,None
4006,Grouping Line,Medium,4.604146957397461,4.604146957397461,1,0.0,0.0,0.0,1.0,1.0,0.0,0.0,0.0,0.0,1.0,0.0,,0.0,False,Qwen/Qwen3-Coder-30B-A3B-Instruct-FP8,None
4007,Stacked Bar,Hard,17.32836413383484,17.32836413383484,1,1.0,0.0,0.0,0.0,0.0,0.0,0.0,0.0,1.0,0.0,0.0,,0.0,True,Qwen/Qwen3-Coder-30B-A3B-Instruct-FP8,None
4007,Stacked Bar,Hard,17.32836413383484,17.32836413383484,1,1.0,0.0,0.0,0.0,0.0,0.0,0.0,0.0,1.0,0.0,0.0,,0.0,True,Qwen/Qwen3-Coder-30B-A3B-Instruct-FP8,None
4007,Stacked Bar,Hard,17.32836413383484,17.32836413383484,1,1.0,0.0,0.0,0.0,0.0,0.0,0.0,0.0,1.0,0.0,0.0,,0.0,True,Qwen/Qwen3-Coder-30B-A3B-Instruct-FP8,None
4008,Grouping Line,Medium,7.9733498096466064,7.9733498096466064,1,0.0,0.0,0.0,0.0,0.0,0.0,0.0,0.0,0.0,0.0,1.0,0.0,0.0,False,Qwen/Qwen3-Coder-30B-A3B-Instruct-FP8,None
4008,Grouping Line,Medium,7.9733498096466064,7.9733498096466064,1,0.0,0.0,0.0,0.0,0.0,0.0,0.0,0.0,0.0,0.0,1.0,0.0,0.0,False,Qwen/Qwen3-Coder-30B-A3B-Instruct-FP8,None
4008,Grouping Line,Medium,7.9733498096466064,7.9733498096466064,1,0.0,0.0,0.0,0.0,0.0,0.0,0.0,0.0,0.0,0.0,1.0,0.0,0.0,False,Qwen/Qwen3-Coder-30B-A3B-Instruct-FP8,None
4009,Scatter,Medium,3.029148817062378,3.029148817062378,1,0.0,0.0,0.0,0.0,0.0,0.0,0.0,0.0,0.0,0.0,1.0,0.0,0.0,False,Qwen/Qwen3-Coder-30B-A3B-Instruct-FP8,None
4009,Scatter,Medium,3.029148817062378,3.029148817062378,1,0.0,0.0,0.0,0.0,0.0,0.0,0.0,0.0,0.0,0.0,1.0,0.0,0.0,False,Qwen/Qwen3-Coder-30B-A3B-Instruct-FP8,None
4009,Scatter,Medium,3.029148817062378,3.029148817062378,1,0.0,0.0,0.0,0.0,0.0,0.0,0.0,0.0,0.0,0.0,1.0,0.0,0.0,False,Qwen/Qwen3-Coder-30B-A3B-Instruct-FP8,None
4010,Stacked Bar,Hard,5.321349143981934,5.321349143981934,1,0.0,0.0,0.0,0.0,1.0,0.0,0.0,0.0,0.0,1.0,0.0,,0.0,True,Qwen/Qwen3-Coder-30B-A3B-Instruct-FP8,None
4010,Stacked Bar,Hard,5.321349143981934,5.321349143981934,1,0.0,0.0,0.0,0.0,1.0,0.0,0.0,0.0,0.0,1.0,0.0,,0.0,True,Qwen/Qwen3-Coder-30B-A3B-Instruct-FP8,None
4010,Stacked Bar,Hard,5.321349143981934,5.321349143981934,1,0.0,0.0,0.0,0.0,1.0,0.0,0.0,0.0,0.0,1.0,0.0,,0.0,True,Qwen/Qwen3-Coder-30B-A3B-Instruct-FP8,None
4011,Stacked Bar,Extra Hard,9.202301025390625,9.202301025390625,1,0.0,0.0,0.0,0.0,1.0,0.0,0.0,0.0,0.0,1.0,0.0,,0.0,True,Qwen/Qwen3-Coder-30B-A3B-Instruct-FP8,None
4011,Stacked Bar,Extra Hard,9.202301025390625,9.202301025390625,1,0.0,0.0,0.0,0.0,1.0,0.0,0.0,0.0,0.0,1.0,0.0,,0.0,True,Qwen/Qwen3-Coder-30B-A3B-Instruct-FP8,None
4011,Stacked Bar,Extra Hard,9.202301025390625,9.202301025390625,1,0.0,0.0,0.0,0.0,1.0,0.0,0.0,0.0,0.0,1.0,0.0,,0.0,True,Qwen/Qwen3-Coder-30B-A3B-Instruct-FP8,None
4012,Grouping Scatter,Extra Hard,17.6275155544281,17.6275155544281,1,1.0,0.0,0.0,0.0,0.0,0.0,0.0,0.0,1.0,0.0,0.0,,0.0,True,Qwen/Qwen3-Coder-30B-A3B-Instruct-FP8,None
4012,Grouping Scatter,Extra Hard,17.6275155544281,17.6275155544281,1,1.0,0.0,0.0,0.0,0.0,0.0,0.0,0.0,1.0,0.0,0.0,,0.0,True,Qwen/Qwen3-Coder-30B-A3B-Instruct-FP8,None
4012,Grouping Scatter,Extra Hard,17.6275155544281,17.6275155544281,1,1.0,0.0,0.0,0.0,0.0,0.0,0.0,0.0,1.0,0.0,0.0,,0.0,True,Qwen/Qwen3-Coder-30B-A3B-Instruct-FP8,None
4013,Stacked Bar,Extra Hard,14.181926727294922,14.181926727294922,1,1.0,0.0,0.0,0.0,0.0,0.0,0.0,0.0,1.0,0.0,0.0,,0.0,True,Qwen/Qwen3-Coder-30B-A3B-Instruct-FP8,None
4013,Stacked Bar,Extra Hard,14.181926727294922,14.181926727294922,1,1.0,0.0,0.0,0.0,0.0,0.0,0.0,0.0,1.0,0.0,0.0,,0.0,True,Qwen/Qwen3-Coder-30B-A3B-Instruct-FP8,None
4013,Stacked Bar,Extra Hard,14.181926727294922,14.181926727294922,1,1.0,0.0,0.0,0.0,0.0,0.0,0.0,0.0,1.0,0.0,0.0,,0.0,True,Qwen/Qwen3-Coder-30B-A3B-Instruct-FP8,None
4014,Grouping Line,Extra Hard,18.846969604492188,18.846969604492188,1,1.0,0.0,0.0,0.0,0.0,0.0,0.0,0.0,1.0,0.0,0.0,,0.0,True,Qwen/Qwen3-Coder-30B-A3B-Instruct-FP8,None
4014,Grouping Line,Extra Hard,18.846969604492188,18.846969604492188,1,1.0,0.0,0.0,0.0,0.0,0.0,0.0,0.0,1.0,0.0,0.0,,0.0,True,Qwen/Qwen3-Coder-30B-A3B-Instruct-FP8,None
4014,Grouping Line,Extra Hard,18.846969604492188,18.846969604492188,1,1.0,0.0,0.0,0.0,0.0,0.0,0.0,0.0,1.0,0.0,0.0,,0.0,True,Qwen/Qwen3-Coder-30B-A3B-Instruct-FP8,None
4015,Scatter,Extra Hard,2.5307557582855225,2.5307557582855225,1,0.0,0.0,0.0,0.0,0.0,0.0,0.0,0.0,0.0,0.0,1.0,0.0,0.0,False,Qwen/Qwen3-Coder-30B-A3B-Instruct-FP8,None
4015,Scatter,Extra Hard,2.5307557582855225,2.5307557582855225,1,0.0,0.0,0.0,0.0,0.0,0.0,0.0,0.0,0.0,0.0,1.0,0.0,0.0,False,Qwen/Qwen3-Coder-30B-A3B-Instruct-FP8,None
4015,Scatter,Extra Hard,2.5307557582855225,2.5307557582855225,1,0.0,0.0,0.0,0.0,0.0,0.0,0.0,0.0,0.0,0.0,1.0,0.0,0.0,False,Qwen/Qwen3-Coder-30B-A3B-Instruct-FP8,None
4016,Grouping Line,Medium,15.210524559020996,15.210524559020996,1,1.0,0.0,0.0,0.0,0.0,0.0,0.0,0.0,1.0,0.0,0.0,,0.0,False,Qwen/Qwen3-Coder-30B-A3B-Instruct-FP8,None
4016,Grouping Line,Medium,15.210524559020996,15.210524559020996,1,1.0,0.0,0.0,0.0,0.0,0.0,0.0,0.0,1.0,0.0,0.0,,0.0,False,Qwen/Qwen3-Coder-30B-A3B-Instruct-FP8,None
4016,Grouping Line,Medium,15.210524559020996,15.210524559020996,1,1.0,0.0,0.0,0.0,0.0,0.0,0.0,0.0,1.0,0.0,0.0,,0.0,False,Qwen/Qwen3-Coder-30B-A3B-Instruct-FP8,None
4017,Stacked Bar,Medium,7.053292512893677,7.053292512893677,1,0.0,0.0,0.0,0.0,0.0,0.0,0.0,0.0,0.0,0.0,1.0,0.0,0.0,False,Qwen/Qwen3-Coder-30B-A3B-Instruct-FP8,None
4017,Stacked Bar,Medium,7.053292512893677,7.053292512893677,1,0.0,0.0,0.0,0.0,0.0,0.0,0.0,0.0,0.0,0.0,1.0,0.0,0.0,False,Qwen/Qwen3-Coder-30B-A3B-Instruct-FP8,None
4017,Stacked Bar,Medium,7.053292512893677,7.053292512893677,1,0.0,0.0,0.0,0.0,0.0,0.0,0.0,0.0,0.0,0.0,1.0,0.0,0.0,False,Qwen/Qwen3-Coder-30B-A3B-Instruct-FP8,None
4018,Stacked Bar,Medium,3.8877065181732178,3.8877065181732178,1,0.0,0.0,0.0,0.0,0.0,0.0,0.0,0.0,0.0,0.0,1.0,0.0,0.0,True,Qwen/Qwen3-Coder-30B-A3B-Instruct-FP8,None
4018,Stacked Bar,Medium,3.8877065181732178,3.8877065181732178,1,0.0,0.0,0.0,0.0,0.0,0.0,0.0,0.0,0.0,0.0,1.0,0.0,0.0,True,Qwen/Qwen3-Coder-30B-A3B-Instruct-FP8,None
4018,Stacked Bar,Medium,3.8877065181732178,3.8877065181732178,1,0.0,0.0,0.0,0.0,0.0,0.0,0.0,0.0,0.0,0.0,1.0,0.0,0.0,True,Qwen/Qwen3-Coder-30B-A3B-Instruct-FP8,None
4019,Stacked Bar,Medium,4.542394399642944,4.542394399642944,1,0.0,0.0,0.0,0.0,0.0,0.0,0.0,0.0,0.0,0.0,1.0,0.0,0.0,True,Qwen/Qwen3-Coder-30B-A3B-Instruct-FP8,None
4019,Stacked Bar,Medium,4.542394399642944,4.542394399642944,1,0.0,0.0,0.0,0.0,0.0,0.0,0.0,0.0,0.0,0.0,1.0,0.0,0.0,True,Qwen/Qwen3-Coder-30B-A3B-Instruct-FP8,None
4019,Stacked Bar,Medium,4.542394399642944,4.542394399642944,1,0.0,0.0,0.0,0.0,0.0,0.0,0.0,0.0,0.0,0.0,1.0,0.0,0.0,True,Qwen/Qwen3-Coder-30B-A3B-Instruct-FP8,None
4020,Stacked Bar,Medium,16.112419843673706,16.112419843673706,1,1.0,0.0,0.0,0.0,0.0,0.0,0.0,0.0,1.0,0.0,0.0,,0.0,True,Qwen/Qwen3-Coder-30B-A3B-Instruct-FP8,None
4020,Stacked Bar,Medium,16.112419843673706,16.112419843673706,1,1.0,0.0,0.0,0.0,0.0,0.0,0.0,0.0,1.0,0.0,0.0,,0.0,True,Qwen/Qwen3-Coder-30B-A3B-Instruct-FP8,None
4020,Stacked Bar,Medium,16.112419843673706,16.112419843673706,1,1.0,0.0,0.0,0.0,0.0,0.0,0.0,0.0,1.0,0.0,0.0,,0.0,True,Qwen/Qwen3-Coder-30B-A3B-Instruct-FP8,None
4021,Scatter,Medium,3.0684173107147217,3.0684173107147217,1,0.0,0.0,0.0,0.0,0.0,0.0,0.0,0.0,0.0,0.0,1.0,0.0,0.0,False,Qwen/Qwen3-Coder-30B-A3B-Instruct-FP8,None
4021,Scatter,Medium,3.0684173107147217,3.0684173107147217,1,0.0,0.0,0.0,0.0,0.0,0.0,0.0,0.0,0.0,0.0,1.0,0.0,0.0,False,Qwen/Qwen3-Coder-30B-A3B-Instruct-FP8,None
4021,Scatter,Medium,3.0684173107147217,3.0684173107147217,1,0.0,0.0,0.0,0.0,0.0,0.0,0.0,0.0,0.0,0.0,1.0,0.0,0.0,False,Qwen/Qwen3-Coder-30B-A3B-Instruct-FP8,None
4022,Stacked Bar,Medium,7.3453614711761475,7.3453614711761475,1,0.0,0.0,0.0,0.0,0.0,0.0,0.0,0.0,0.0,0.0,1.0,0.0,0.0,True,Qwen/Qwen3-Coder-30B-A3B-Instruct-FP8,None
4022,Stacked Bar,Medium,7.3453614711761475,7.3453614711761475,1,0.0,0.0,0.0,0.0,0.0,0.0,0.0,0.0,0.0,0.0,1.0,0.0,0.0,True,Qwen/Qwen3-Coder-30B-A3B-Instruct-FP8,None
4022,Stacked Bar,Medium,7.3453614711761475,7.3453614711761475,1,0.0,0.0,0.0,0.0,0.0,0.0,0.0,0.0,0.0,0.0,1.0,0.0,0.0,True,Qwen/Qwen3-Coder-30B-A3B-Instruct-FP8,None
4023,Grouping Scatter,Easy,11.510404348373413,11.510404348373413,1,1.0,0.0,0.0,0.0,0.0,0.0,0.0,0.0,1.0,0.0,0.0,,0.0,False,Qwen/Qwen3-Coder-30B-A3B-Instruct-FP8,None
4023,Grouping Scatter,Easy,11.510404348373413,11.510404348373413,1,1.0,0.0,0.0,0.0,0.0,0.0,0.0,0.0,1.0,0.0,0.0,,0.0,False,Qwen/Qwen3-Coder-30B-A3B-Instruct-FP8,None
4023,Grouping Scatter,Easy,11.510404348373413,11.510404348373413,1,1.0,0.0,0.0,0.0,0.0,0.0,0.0,0.0,1.0,0.0,0.0,,0.0,False,Qwen/Qwen3-Coder-30B-A3B-Instruct-FP8,None
4024,Grouping Scatter,Easy,14.082385778427124,14.082385778427124,1,1.0,0.0,0.0,0.0,0.0,0.0,0.0,0.0,1.0,0.0,0.0,,0.0,False,Qwen/Qwen3-Coder-30B-A3B-Instruct-FP8,None
4024,Grouping Scatter,Easy,14.082385778427124,14.082385778427124,1,1.0,0.0,0.0,0.0,0.0,0.0,0.0,0.0,1.0,0.0,0.0,,0.0,False,Qwen/Qwen3-Coder-30B-A3B-Instruct-FP8,None
4024,Grouping Scatter,Easy,14.082385778427124,14.082385778427124,1,1.0,0.0,0.0,0.0,0.0,0.0,0.0,0.0,1.0,0.0,0.0,,0.0,False,Qwen/Qwen3-Coder-30B-A3B-Instruct-FP8,None
4025,Stacked Bar,Medium,11.477532625198364,11.477532625198364,1,0.0,0.0,0.0,0.0,0.0,0.0,0.0,0.0,0.0,0.0,1.0,0.0,0.0,False,Qwen/Qwen3-Coder-30B-A3B-Instruct-FP8,None
4025,Stacked Bar,Medium,11.477532625198364,11.477532625198364,1,0.0,0.0,0.0,0.0,0.0,0.0,0.0,0.0,0.0,0.0,1.0,0.0,0.0,False,Qwen/Qwen3-Coder-30B-A3B-Instruct-FP8,None
4025,Stacked Bar,Medium,11.477532625198364,11.477532625198364,1,0.0,0.0,0.0,0.0,0.0,0.0,0.0,0.0,0.0,0.0,1.0,0.0,0.0,False,Qwen/Qwen3-Coder-30B-A3B-Instruct-FP8,None
4026,Grouping Line,Easy,10.284356117248535,10.284356117248535,1,0.0,0.0,0.0,1.0,1.0,0.0,0.0,0.0,0.0,1.0,0.0,,0.0,False,Qwen/Qwen3-Coder-30B-A3B-Instruct-FP8,None
4026,Grouping Line,Easy,10.284356117248535,10.284356117248535,1,0.0,0.0,0.0,1.0,1.0,0.0,0.0,0.0,0.0,1.0,0.0,,0.0,False,Qwen/Qwen3-Coder-30B-A3B-Instruct-FP8,None
4026,Grouping Line,Easy,10.284356117248535,10.284356117248535,1,0.0,0.0,0.0,1.0,1.0,0.0,0.0,0.0,0.0,1.0,0.0,,0.0,False,Qwen/Qwen3-Coder-30B-A3B-Instruct-FP8,None
4027,Grouping Line,Easy,9.866782665252686,9.866782665252686,1,0.0,0.0,0.0,0.0,1.0,0.0,0.0,0.0,0.0,1.0,0.0,,0.0,False,Qwen/Qwen3-Coder-30B-A3B-Instruct-FP8,None
4027,Grouping Line,Easy,9.866782665252686,9.866782665252686,1,0.0,0.0,0.0,0.0,1.0,0.0,0.0,0.0,0.0,1.0,0.0,,0.0,False,Qwen/Qwen3-Coder-30B-A3B-Instruct-FP8,None
4027,Grouping Line,Easy,9.866782665252686,9.866782665252686,1,0.0,0.0,0.0,0.0,1.0,0.0,0.0,0.0,0.0,1.0,0.0,,0.0,False,Qwen/Qwen3-Coder-30B-A3B-Instruct-FP8,None
4028,Stacked Bar,Easy,10.959473848342896,10.959473848342896,1,1.0,0.0,0.0,0.0,0.0,0.0,0.0,0.0,1.0,0.0,0.0,,0.0,False,Qwen/Qwen3-Coder-30B-A3B-Instruct-FP8,None
4028,Stacked Bar,Easy,10.959473848342896,10.959473848342896,1,1.0,0.0,0.0,0.0,0.0,0.0,0.0,0.0,1.0,0.0,0.0,,0.0,False,Qwen/Qwen3-Coder-30B-A3B-Instruct-FP8,None
4028,Stacked Bar,Easy,10.959473848342896,10.959473848342896,1,1.0,0.0,0.0,0.0,0.0,0.0,0.0,0.0,1.0,0.0,0.0,,0.0,False,Qwen/Qwen3-Coder-30B-A3B-Instruct-FP8,None
4029,Grouping Line,Hard,14.008901119232178,14.008901119232178,1,0.0,0.0,0.0,1.0,1.0,0.0,0.0,0.0,0.0,1.0,0.0,,0.0,True,Qwen/Qwen3-Coder-30B-A3B-Instruct-FP8,None
4029,Grouping Line,Hard,14.008901119232178,14.008901119232178,1,0.0,0.0,0.0,1.0,1.0,0.0,0.0,0.0,0.0,1.0,0.0,,0.0,True,Qwen/Qwen3-Coder-30B-A3B-Instruct-FP8,None
4029,Grouping Line,Hard,14.008901119232178,14.008901119232178,1,0.0,0.0,0.0,1.0,1.0,0.0,0.0,0.0,0.0,1.0,0.0,,0.0,True,Qwen/Qwen3-Coder-30B-A3B-Instruct-FP8,None
4030,Stacked Bar,Medium,15.177249908447266,15.177249908447266,1,1.0,0.0,0.0,0.0,0.0,0.0,0.0,0.0,1.0,0.0,0.0,,0.0,False,Qwen/Qwen3-Coder-30B-A3B-Instruct-FP8,None
4030,Stacked Bar,Medium,15.177249908447266,15.177249908447266,1,1.0,0.0,0.0,0.0,0.0,0.0,0.0,0.0,1.0,0.0,0.0,,0.0,False,Qwen/Qwen3-Coder-30B-A3B-Instruct-FP8,None
4030,Stacked Bar,Medium,15.177249908447266,15.177249908447266,1,1.0,0.0,0.0,0.0,0.0,0.0,0.0,0.0,1.0,0.0,0.0,,0.0,False,Qwen/Qwen3-Coder-30B-A3B-Instruct-FP8,None
4031,Stacked Bar,Medium,15.204602003097534,15.204602003097534,1,1.0,0.0,0.0,0.0,0.0,0.0,0.0,0.0,1.0,0.0,0.0,,0.0,False,Qwen/Qwen3-Coder-30B-A3B-Instruct-FP8,None
4031,Stacked Bar,Medium,15.204602003097534,15.204602003097534,1,1.0,0.0,0.0,0.0,0.0,0.0,0.0,0.0,1.0,0.0,0.0,,0.0,False,Qwen/Qwen3-Coder-30B-A3B-Instruct-FP8,None
4031,Stacked Bar,Medium,15.204602003097534,15.204602003097534,1,1.0,0.0,0.0,0.0,0.0,0.0,0.0,0.0,1.0,0.0,0.0,,0.0,False,Qwen/Qwen3-Coder-30B-A3B-Instruct-FP8,None
4032,Grouping Scatter,Medium,6.8484930992126465,6.8484930992126465,1,0.0,0.0,0.0,0.0,1.0,0.0,0.0,0.0,0.0,1.0,0.0,,0.0,False,Qwen/Qwen3-Coder-30B-A3B-Instruct-FP8,None
4032,Grouping Scatter,Medium,6.8484930992126465,6.8484930992126465,1,0.0,0.0,0.0,0.0,1.0,0.0,0.0,0.0,0.0,1.0,0.0,,0.0,False,Qwen/Qwen3-Coder-30B-A3B-Instruct-FP8,None
4032,Grouping Scatter,Medium,6.8484930992126465,6.8484930992126465,1,0.0,0.0,0.0,0.0,1.0,0.0,0.0,0.0,0.0,1.0,0.0,,0.0,False,Qwen/Qwen3-Coder-30B-A3B-Instruct-FP8,None
4033,Grouping Line,Hard,3.6043636798858643,3.6043636798858643,1,0.0,0.0,0.0,1.0,1.0,0.0,0.0,0.0,0.0,1.0,0.0,,0.0,False,Qwen/Qwen3-Coder-30B-A3B-Instruct-FP8,None
4033,Grouping Line,Hard,3.6043636798858643,3.6043636798858643,1,0.0,0.0,0.0,1.0,1.0,0.0,0.0,0.0,0.0,1.0,0.0,,0.0,False,Qwen/Qwen3-Coder-30B-A3B-Instruct-FP8,None
4033,Grouping Line,Hard,3.6043636798858643,3.6043636798858643,1,0.0,0.0,0.0,1.0,1.0,0.0,0.0,0.0,0.0,1.0,0.0,,0.0,False,Qwen/Qwen3-Coder-30B-A3B-Instruct-FP8,None
4034,Grouping Line,Medium,3.877727746963501,3.877727746963501,1,0.0,0.0,0.0,1.0,1.0,0.0,0.0,0.0,0.0,1.0,0.0,,0.0,False,Qwen/Qwen3-Coder-30B-A3B-Instruct-FP8,None
4034,Grouping Line,Medium,3.877727746963501,3.877727746963501,1,0.0,0.0,0.0,1.0,1.0,0.0,0.0,0.0,0.0,1.0,0.0,,0.0,False,Qwen/Qwen3-Coder-30B-A3B-Instruct-FP8,None
4034,Grouping Line,Medium,3.877727746963501,3.877727746963501,1,0.0,0.0,0.0,1.0,1.0,0.0,0.0,0.0,0.0,1.0,0.0,,0.0,False,Qwen/Qwen3-Coder-30B-A3B-Instruct-FP8,None
4035,Grouping Line,Medium,15.41458511352539,15.41458511352539,1,0.0,0.0,0.0,0.0,1.0,0.0,0.0,0.0,0.0,1.0,0.0,,0.0,True,Qwen/Qwen3-Coder-30B-A3B-Instruct-FP8,None
4035,Grouping Line,Medium,15.41458511352539,15.41458511352539,1,0.0,0.0,0.0,0.0,1.0,0.0,0.0,0.0,0.0,1.0,0.0,,0.0,True,Qwen/Qwen3-Coder-30B-A3B-Instruct-FP8,None
4035,Grouping Line,Medium,15.41458511352539,15.41458511352539,1,0.0,0.0,0.0,0.0,1.0,0.0,0.0,0.0,0.0,1.0,0.0,,0.0,True,Qwen/Qwen3-Coder-30B-A3B-Instruct-FP8,None
