id,chart,hardness,avg_inference_time,total_inference_time,inference_count,code execution_fail_rate,surface-form check_fail_rate,deconstruction_fail_rate,chart type check_fail_rate,data check_fail_rate,order check_fail_rate,layout check_fail_rate,scale and ticks check_fail_rate,invalid_rate,illegal rate,pass_rate,readability_score,quality_score,is_multi_table,text_model,vision_model
4,Pie,Medium,0.642,2.568,4,0.0,0.0,0.0,0.0,0.0,0.0,0.0,0.0,0.0,0.0,1.0,0.0,0.0,True,Qwen/Qwen2.5-Coder-14B-Instruct-AWQ,None
4,Pie,Medium,0.642,2.568,4,0.0,0.0,0.0,0.0,0.0,0.0,0.0,0.0,0.0,0.0,1.0,0.0,0.0,True,Qwen/Qwen2.5-Coder-14B-Instruct-AWQ,None
4,Pie,Medium,0.642,2.568,4,0.0,0.0,0.0,0.0,0.0,0.0,0.0,0.0,0.0,0.0,1.0,0.0,0.0,True,Qwen/Qwen2.5-Coder-14B-Instruct-AWQ,None
5,Bar,Medium,0.6337,3.1685,5,0.0,0.0,0.0,0.0,0.0,0.0,0.0,0.0,0.0,0.0,1.0,0.0,0.0,True,Qwen/Qwen2.5-Coder-14B-Instruct-AWQ,None
5,Bar,Medium,0.6337,3.1685,5,0.0,0.0,0.0,0.0,0.0,0.0,0.0,0.0,0.0,0.0,1.0,0.0,0.0,True,Qwen/Qwen2.5-Coder-14B-Instruct-AWQ,None
5,Bar,Medium,0.6337,3.1685,5,0.0,0.0,0.0,0.0,0.0,0.0,0.0,0.0,0.0,0.0,1.0,0.0,0.0,True,Qwen/Qwen2.5-Coder-14B-Instruct-AWQ,None
8,Pie,Easy,0.3396,1.0187,3,0.0,0.0,0.0,0.0,0.0,0.0,0.0,0.0,0.0,0.0,1.0,0.0,0.0,False,Qwen/Qwen2.5-Coder-14B-Instruct-AWQ,None
8,Pie,Easy,0.3396,1.0187,3,0.0,0.0,0.0,0.0,0.0,0.0,0.0,0.0,0.0,0.0,1.0,0.0,0.0,False,Qwen/Qwen2.5-Coder-14B-Instruct-AWQ,None
8,Pie,Easy,0.3396,1.0187,3,0.0,0.0,0.0,0.0,0.0,0.0,0.0,0.0,0.0,0.0,1.0,0.0,0.0,False,Qwen/Qwen2.5-Coder-14B-Instruct-AWQ,None
9,Bar,Easy,0.3475,0.6951,2,0.0,0.0,0.0,0.0,0.0,0.0,0.0,0.0,0.0,0.0,1.0,0.0,0.0,False,Qwen/Qwen2.5-Coder-14B-Instruct-AWQ,None
9,Bar,Easy,0.3475,0.6951,2,0.0,0.0,0.0,0.0,0.0,0.0,0.0,0.0,0.0,0.0,1.0,0.0,0.0,False,Qwen/Qwen2.5-Coder-14B-Instruct-AWQ,None
9,Bar,Easy,0.3475,0.6951,2,0.0,0.0,0.0,0.0,0.0,0.0,0.0,0.0,0.0,0.0,1.0,0.0,0.0,False,Qwen/Qwen2.5-Coder-14B-Instruct-AWQ,None
14,Pie,Easy,0.3263,0.6526,2,0.0,0.0,0.0,0.0,0.0,0.0,0.0,0.0,0.0,0.0,1.0,0.0,0.0,False,Qwen/Qwen2.5-Coder-14B-Instruct-AWQ,None
14,Pie,Easy,0.3263,0.6526,2,0.0,0.0,0.0,0.0,0.0,0.0,0.0,0.0,0.0,0.0,1.0,0.0,0.0,False,Qwen/Qwen2.5-Coder-14B-Instruct-AWQ,None
14,Pie,Easy,0.3263,0.6526,2,0.0,0.0,0.0,0.0,0.0,0.0,0.0,0.0,0.0,0.0,1.0,0.0,0.0,False,Qwen/Qwen2.5-Coder-14B-Instruct-AWQ,None
21,Pie,Medium,0.4334,0.8668,2,0.0,0.0,0.0,0.0,0.0,0.0,0.0,0.0,0.0,0.0,1.0,0.0,0.0,False,Qwen/Qwen2.5-Coder-14B-Instruct-AWQ,None
21,Pie,Medium,0.4334,0.8668,2,0.0,0.0,0.0,0.0,0.0,0.0,0.0,0.0,0.0,0.0,1.0,0.0,0.0,False,Qwen/Qwen2.5-Coder-14B-Instruct-AWQ,None
21,Pie,Medium,0.4334,0.8668,2,0.0,0.0,0.0,0.0,0.0,0.0,0.0,0.0,0.0,0.0,1.0,0.0,0.0,False,Qwen/Qwen2.5-Coder-14B-Instruct-AWQ,None
32,Bar,Medium,0.6964,2.0891,3,0.0,0.0,0.0,0.0,0.0,0.0,0.0,0.0,0.0,0.0,1.0,0.0,0.0,True,Qwen/Qwen2.5-Coder-14B-Instruct-AWQ,None
32,Bar,Medium,0.6964,2.0891,3,0.0,0.0,0.0,0.0,0.0,0.0,0.0,0.0,0.0,0.0,1.0,0.0,0.0,True,Qwen/Qwen2.5-Coder-14B-Instruct-AWQ,None
32,Bar,Medium,0.6964,2.0891,3,0.0,0.0,0.0,0.0,0.0,0.0,0.0,0.0,0.0,0.0,1.0,0.0,0.0,True,Qwen/Qwen2.5-Coder-14B-Instruct-AWQ,None
33,Pie,Easy,0.3295,1.3179,4,0.0,0.0,0.0,0.0,0.5,0.0,0.0,0.0,0.0,0.5,0.5,0.0,0.0,False,Qwen/Qwen2.5-Coder-14B-Instruct-AWQ,None
33,Pie,Easy,0.3295,1.3179,4,0.0,0.0,0.0,0.0,0.5,0.0,0.0,0.0,0.0,0.5,0.5,0.0,0.0,False,Qwen/Qwen2.5-Coder-14B-Instruct-AWQ,None
33,Pie,Easy,0.3295,1.3179,4,0.0,0.0,0.0,0.0,0.5,0.0,0.0,0.0,0.0,0.5,0.5,0.0,0.0,False,Qwen/Qwen2.5-Coder-14B-Instruct-AWQ,None
34,Bar,Easy,0.3465,1.7326,5,0.0,0.0,0.0,0.0,0.0,0.0,0.0,0.0,0.0,0.0,1.0,0.0,0.0,False,Qwen/Qwen2.5-Coder-14B-Instruct-AWQ,None
34,Bar,Easy,0.3465,1.7326,5,0.0,0.0,0.0,0.0,0.0,0.0,0.0,0.0,0.0,0.0,1.0,0.0,0.0,False,Qwen/Qwen2.5-Coder-14B-Instruct-AWQ,None
34,Bar,Easy,0.3465,1.7326,5,0.0,0.0,0.0,0.0,0.0,0.0,0.0,0.0,0.0,0.0,1.0,0.0,0.0,False,Qwen/Qwen2.5-Coder-14B-Instruct-AWQ,None
35,Pie,Medium,0.6451,0.6451,1,0.0,0.0,0.0,0.0,1.0,0.0,0.0,0.0,0.0,1.0,0.0,,0.0,True,Qwen/Qwen2.5-Coder-14B-Instruct-AWQ,None
35,Pie,Medium,0.6451,0.6451,1,0.0,0.0,0.0,0.0,1.0,0.0,0.0,0.0,0.0,1.0,0.0,,0.0,True,Qwen/Qwen2.5-Coder-14B-Instruct-AWQ,None
35,Pie,Medium,0.6451,0.6451,1,0.0,0.0,0.0,0.0,1.0,0.0,0.0,0.0,0.0,1.0,0.0,,0.0,True,Qwen/Qwen2.5-Coder-14B-Instruct-AWQ,None
36,Bar,Medium,0.4463,0.8926,2,0.0,0.0,0.0,0.0,1.0,0.0,0.0,0.0,0.0,1.0,0.0,,0.0,True,Qwen/Qwen2.5-Coder-14B-Instruct-AWQ,None
36,Bar,Medium,0.4463,0.8926,2,0.0,0.0,0.0,0.0,1.0,0.0,0.0,0.0,0.0,1.0,0.0,,0.0,True,Qwen/Qwen2.5-Coder-14B-Instruct-AWQ,None
36,Bar,Medium,0.4463,0.8926,2,0.0,0.0,0.0,0.0,1.0,0.0,0.0,0.0,0.0,1.0,0.0,,0.0,True,Qwen/Qwen2.5-Coder-14B-Instruct-AWQ,None
37,Pie,Medium,0.7744,1.5489,2,0.0,0.0,0.0,0.0,0.5,0.0,0.0,0.0,0.0,0.5,0.5,0.0,0.0,True,Qwen/Qwen2.5-Coder-14B-Instruct-AWQ,None
37,Pie,Medium,0.7744,1.5489,2,0.0,0.0,0.0,0.0,0.5,0.0,0.0,0.0,0.0,0.5,0.5,0.0,0.0,True,Qwen/Qwen2.5-Coder-14B-Instruct-AWQ,None
37,Pie,Medium,0.7744,1.5489,2,0.0,0.0,0.0,0.0,0.5,0.0,0.0,0.0,0.0,0.5,0.5,0.0,0.0,True,Qwen/Qwen2.5-Coder-14B-Instruct-AWQ,None
46,Pie,Easy,0.4051,0.8103,2,0.0,0.0,0.0,0.0,1.0,0.0,0.0,0.0,0.0,1.0,0.0,,0.0,False,Qwen/Qwen2.5-Coder-14B-Instruct-AWQ,None
46,Pie,Easy,0.4051,0.8103,2,0.0,0.0,0.0,0.0,1.0,0.0,0.0,0.0,0.0,1.0,0.0,,0.0,False,Qwen/Qwen2.5-Coder-14B-Instruct-AWQ,None
46,Pie,Easy,0.4051,0.8103,2,0.0,0.0,0.0,0.0,1.0,0.0,0.0,0.0,0.0,1.0,0.0,,0.0,False,Qwen/Qwen2.5-Coder-14B-Instruct-AWQ,None
54,Pie,Hard,3.422,6.8439,2,0.0,0.0,0.0,0.0,0.0,0.0,0.0,0.0,0.0,0.0,1.0,0.0,0.0,True,Qwen/Qwen2.5-Coder-14B-Instruct-AWQ,None
54,Pie,Hard,3.422,6.8439,2,0.0,0.0,0.0,0.0,0.0,0.0,0.0,0.0,0.0,0.0,1.0,0.0,0.0,True,Qwen/Qwen2.5-Coder-14B-Instruct-AWQ,None
54,Pie,Hard,3.422,6.8439,2,0.0,0.0,0.0,0.0,0.0,0.0,0.0,0.0,0.0,0.0,1.0,0.0,0.0,True,Qwen/Qwen2.5-Coder-14B-Instruct-AWQ,None
55,Bar,Hard,16.6373,33.2746,2,1.0,0.0,0.0,0.0,0.0,0.0,0.0,0.0,1.0,0.0,0.0,,0.0,True,Qwen/Qwen2.5-Coder-14B-Instruct-AWQ,None
55,Bar,Hard,16.6373,33.2746,2,1.0,0.0,0.0,0.0,0.0,0.0,0.0,0.0,1.0,0.0,0.0,,0.0,True,Qwen/Qwen2.5-Coder-14B-Instruct-AWQ,None
55,Bar,Hard,16.6373,33.2746,2,1.0,0.0,0.0,0.0,0.0,0.0,0.0,0.0,1.0,0.0,0.0,,0.0,True,Qwen/Qwen2.5-Coder-14B-Instruct-AWQ,None
62,Scatter,Easy,0.3609,0.7218,2,0.0,0.0,0.0,0.0,0.0,0.0,0.0,0.0,0.0,0.0,1.0,0.0,0.0,False,Qwen/Qwen2.5-Coder-14B-Instruct-AWQ,None
62,Scatter,Easy,0.3609,0.7218,2,0.0,0.0,0.0,0.0,0.0,0.0,0.0,0.0,0.0,0.0,1.0,0.0,0.0,False,Qwen/Qwen2.5-Coder-14B-Instruct-AWQ,None
62,Scatter,Easy,0.3609,0.7218,2,0.0,0.0,0.0,0.0,0.0,0.0,0.0,0.0,0.0,0.0,1.0,0.0,0.0,False,Qwen/Qwen2.5-Coder-14B-Instruct-AWQ,None
63,Pie,Medium,0.4581,1.8323,4,0.0,0.0,0.0,0.0,0.0,0.0,0.0,0.0,0.0,0.0,1.0,0.0,0.0,False,Qwen/Qwen2.5-Coder-14B-Instruct-AWQ,None
63,Pie,Medium,0.4581,1.8323,4,0.0,0.0,0.0,0.0,0.0,0.0,0.0,0.0,0.0,0.0,1.0,0.0,0.0,False,Qwen/Qwen2.5-Coder-14B-Instruct-AWQ,None
63,Pie,Medium,0.4581,1.8323,4,0.0,0.0,0.0,0.0,0.0,0.0,0.0,0.0,0.0,0.0,1.0,0.0,0.0,False,Qwen/Qwen2.5-Coder-14B-Instruct-AWQ,None
64,Bar,Medium,0.479,1.4371,3,0.0,0.0,0.0,0.0,0.0,0.0,0.0,0.0,0.0,0.0,1.0,0.0,0.0,False,Qwen/Qwen2.5-Coder-14B-Instruct-AWQ,None
64,Bar,Medium,0.479,1.4371,3,0.0,0.0,0.0,0.0,0.0,0.0,0.0,0.0,0.0,0.0,1.0,0.0,0.0,False,Qwen/Qwen2.5-Coder-14B-Instruct-AWQ,None
64,Bar,Medium,0.479,1.4371,3,0.0,0.0,0.0,0.0,0.0,0.0,0.0,0.0,0.0,0.0,1.0,0.0,0.0,False,Qwen/Qwen2.5-Coder-14B-Instruct-AWQ,None
65,Bar,Hard,0.9466,1.8932,2,0.0,0.0,0.0,0.0,0.0,0.0,0.0,0.0,0.0,0.0,1.0,0.0,0.0,True,Qwen/Qwen2.5-Coder-14B-Instruct-AWQ,None
65,Bar,Hard,0.9466,1.8932,2,0.0,0.0,0.0,0.0,0.0,0.0,0.0,0.0,0.0,0.0,1.0,0.0,0.0,True,Qwen/Qwen2.5-Coder-14B-Instruct-AWQ,None
65,Bar,Hard,0.9466,1.8932,2,0.0,0.0,0.0,0.0,0.0,0.0,0.0,0.0,0.0,0.0,1.0,0.0,0.0,True,Qwen/Qwen2.5-Coder-14B-Instruct-AWQ,None
68,Bar,Hard,10.269,20.538,2,1.0,0.0,0.0,0.0,0.0,0.0,0.0,0.0,1.0,0.0,0.0,,0.0,True,Qwen/Qwen2.5-Coder-14B-Instruct-AWQ,None
68,Bar,Hard,10.269,20.538,2,1.0,0.0,0.0,0.0,0.0,0.0,0.0,0.0,1.0,0.0,0.0,,0.0,True,Qwen/Qwen2.5-Coder-14B-Instruct-AWQ,None
68,Bar,Hard,10.269,20.538,2,1.0,0.0,0.0,0.0,0.0,0.0,0.0,0.0,1.0,0.0,0.0,,0.0,True,Qwen/Qwen2.5-Coder-14B-Instruct-AWQ,None
69,Bar,Hard,0.9346,1.8693,2,0.0,0.0,0.0,0.0,0.0,0.0,0.0,0.0,0.0,0.0,1.0,0.0,0.0,True,Qwen/Qwen2.5-Coder-14B-Instruct-AWQ,None
69,Bar,Hard,0.9346,1.8693,2,0.0,0.0,0.0,0.0,0.0,0.0,0.0,0.0,0.0,0.0,1.0,0.0,0.0,True,Qwen/Qwen2.5-Coder-14B-Instruct-AWQ,None
69,Bar,Hard,0.9346,1.8693,2,0.0,0.0,0.0,0.0,0.0,0.0,0.0,0.0,0.0,0.0,1.0,0.0,0.0,True,Qwen/Qwen2.5-Coder-14B-Instruct-AWQ,None
72,Bar,Hard,6.88,13.7599,2,0.5,0.0,0.0,0.0,0.0,0.0,0.0,0.0,0.5,0.0,0.5,0.0,0.0,True,Qwen/Qwen2.5-Coder-14B-Instruct-AWQ,None
72,Bar,Hard,6.88,13.7599,2,0.5,0.0,0.0,0.0,0.0,0.0,0.0,0.0,0.5,0.0,0.5,0.0,0.0,True,Qwen/Qwen2.5-Coder-14B-Instruct-AWQ,None
72,Bar,Hard,6.88,13.7599,2,0.5,0.0,0.0,0.0,0.0,0.0,0.0,0.0,0.5,0.0,0.5,0.0,0.0,True,Qwen/Qwen2.5-Coder-14B-Instruct-AWQ,None
74,Bar,Easy,4.8063,28.8378,6,0.0,0.0,0.0,0.0,0.0,0.0,0.0,0.0,0.0,0.0,1.0,0.0,0.0,False,Qwen/Qwen2.5-Coder-14B-Instruct-AWQ,None
74,Bar,Easy,4.8063,28.8378,6,0.0,0.0,0.0,0.0,0.0,0.0,0.0,0.0,0.0,0.0,1.0,0.0,0.0,False,Qwen/Qwen2.5-Coder-14B-Instruct-AWQ,None
74,Bar,Easy,4.8063,28.8378,6,0.0,0.0,0.0,0.0,0.0,0.0,0.0,0.0,0.0,0.0,1.0,0.0,0.0,False,Qwen/Qwen2.5-Coder-14B-Instruct-AWQ,None
77,Bar,Hard,1.0414,2.0829,2,0.0,0.0,0.0,0.0,0.0,0.0,0.0,0.0,0.0,0.0,1.0,0.0,0.0,True,Qwen/Qwen2.5-Coder-14B-Instruct-AWQ,None
77,Bar,Hard,1.0414,2.0829,2,0.0,0.0,0.0,0.0,0.0,0.0,0.0,0.0,0.0,0.0,1.0,0.0,0.0,True,Qwen/Qwen2.5-Coder-14B-Instruct-AWQ,None
77,Bar,Hard,1.0414,2.0829,2,0.0,0.0,0.0,0.0,0.0,0.0,0.0,0.0,0.0,0.0,1.0,0.0,0.0,True,Qwen/Qwen2.5-Coder-14B-Instruct-AWQ,None
81,Pie,Hard,0.7437,2.9749,4,0.0,0.0,0.0,0.0,0.0,0.0,0.0,0.0,0.0,0.0,1.0,0.0,0.0,True,Qwen/Qwen2.5-Coder-14B-Instruct-AWQ,None
81,Pie,Hard,0.7437,2.9749,4,0.0,0.0,0.0,0.0,0.0,0.0,0.0,0.0,0.0,0.0,1.0,0.0,0.0,True,Qwen/Qwen2.5-Coder-14B-Instruct-AWQ,None
81,Pie,Hard,0.7437,2.9749,4,0.0,0.0,0.0,0.0,0.0,0.0,0.0,0.0,0.0,0.0,1.0,0.0,0.0,True,Qwen/Qwen2.5-Coder-14B-Instruct-AWQ,None
86,Bar,Easy,0.6219,1.2438,2,0.0,0.0,0.0,0.0,0.5,0.0,0.0,0.0,0.0,0.5,0.5,0.0,0.0,False,Qwen/Qwen2.5-Coder-14B-Instruct-AWQ,None
86,Bar,Easy,0.6219,1.2438,2,0.0,0.0,0.0,0.0,0.5,0.0,0.0,0.0,0.0,0.5,0.5,0.0,0.0,False,Qwen/Qwen2.5-Coder-14B-Instruct-AWQ,None
86,Bar,Easy,0.6219,1.2438,2,0.0,0.0,0.0,0.0,0.5,0.0,0.0,0.0,0.0,0.5,0.5,0.0,0.0,False,Qwen/Qwen2.5-Coder-14B-Instruct-AWQ,None
93,Pie,Medium,0.4366,1.7463,4,0.0,0.0,0.0,0.0,0.0,0.0,0.0,0.0,0.0,0.0,1.0,0.0,0.0,False,Qwen/Qwen2.5-Coder-14B-Instruct-AWQ,None
93,Pie,Medium,0.4366,1.7463,4,0.0,0.0,0.0,0.0,0.0,0.0,0.0,0.0,0.0,0.0,1.0,0.0,0.0,False,Qwen/Qwen2.5-Coder-14B-Instruct-AWQ,None
93,Pie,Medium,0.4366,1.7463,4,0.0,0.0,0.0,0.0,0.0,0.0,0.0,0.0,0.0,0.0,1.0,0.0,0.0,False,Qwen/Qwen2.5-Coder-14B-Instruct-AWQ,None
94,Bar,Medium,0.4453,1.7813,4,0.0,0.0,0.0,0.0,0.0,0.0,0.0,0.0,0.0,0.0,1.0,0.0,0.0,False,Qwen/Qwen2.5-Coder-14B-Instruct-AWQ,None
94,Bar,Medium,0.4453,1.7813,4,0.0,0.0,0.0,0.0,0.0,0.0,0.0,0.0,0.0,0.0,1.0,0.0,0.0,False,Qwen/Qwen2.5-Coder-14B-Instruct-AWQ,None
94,Bar,Medium,0.4453,1.7813,4,0.0,0.0,0.0,0.0,0.0,0.0,0.0,0.0,0.0,0.0,1.0,0.0,0.0,False,Qwen/Qwen2.5-Coder-14B-Instruct-AWQ,None
95,Pie,Easy,2.1548,6.4645,3,0.0,0.0,0.0,0.3333333333333333,0.0,0.0,0.0,0.0,0.0,0.3333333333333333,0.6666666666666666,0.0,0.0,False,Qwen/Qwen2.5-Coder-14B-Instruct-AWQ,None
95,Pie,Easy,2.1548,6.4645,3,0.0,0.0,0.0,0.3333333333333333,0.0,0.0,0.0,0.0,0.0,0.3333333333333333,0.6666666666666666,0.0,0.0,False,Qwen/Qwen2.5-Coder-14B-Instruct-AWQ,None
95,Pie,Easy,2.1548,6.4645,3,0.0,0.0,0.0,0.3333333333333333,0.0,0.0,0.0,0.0,0.0,0.3333333333333333,0.6666666666666666,0.0,0.0,False,Qwen/Qwen2.5-Coder-14B-Instruct-AWQ,None
96,Bar,Easy,0.4346,1.3039,3,0.0,0.0,0.0,0.0,0.0,0.0,0.0,0.0,0.0,0.0,1.0,0.0,0.0,False,Qwen/Qwen2.5-Coder-14B-Instruct-AWQ,None
96,Bar,Easy,0.4346,1.3039,3,0.0,0.0,0.0,0.0,0.0,0.0,0.0,0.0,0.0,0.0,1.0,0.0,0.0,False,Qwen/Qwen2.5-Coder-14B-Instruct-AWQ,None
96,Bar,Easy,0.4346,1.3039,3,0.0,0.0,0.0,0.0,0.0,0.0,0.0,0.0,0.0,0.0,1.0,0.0,0.0,False,Qwen/Qwen2.5-Coder-14B-Instruct-AWQ,None
98,Bar,Medium,0.5285,0.5285,1,0.0,0.0,0.0,0.0,0.0,0.0,0.0,0.0,0.0,0.0,1.0,0.0,0.0,True,Qwen/Qwen2.5-Coder-14B-Instruct-AWQ,None
98,Bar,Medium,0.5285,0.5285,1,0.0,0.0,0.0,0.0,0.0,0.0,0.0,0.0,0.0,0.0,1.0,0.0,0.0,True,Qwen/Qwen2.5-Coder-14B-Instruct-AWQ,None
98,Bar,Medium,0.5285,0.5285,1,0.0,0.0,0.0,0.0,0.0,0.0,0.0,0.0,0.0,0.0,1.0,0.0,0.0,True,Qwen/Qwen2.5-Coder-14B-Instruct-AWQ,None
103,Pie,Hard,3.5358,7.0716,2,0.0,0.0,0.0,0.5,0.0,0.0,0.0,0.0,0.0,0.5,0.5,0.0,0.0,True,Qwen/Qwen2.5-Coder-14B-Instruct-AWQ,None
103,Pie,Hard,3.5358,7.0716,2,0.0,0.0,0.0,0.5,0.0,0.0,0.0,0.0,0.0,0.5,0.5,0.0,0.0,True,Qwen/Qwen2.5-Coder-14B-Instruct-AWQ,None
103,Pie,Hard,3.5358,7.0716,2,0.0,0.0,0.0,0.5,0.0,0.0,0.0,0.0,0.0,0.5,0.5,0.0,0.0,True,Qwen/Qwen2.5-Coder-14B-Instruct-AWQ,None
120,Bar,Medium,0.4393,0.4393,1,0.0,0.0,0.0,0.0,0.0,0.0,0.0,0.0,0.0,0.0,1.0,0.0,0.0,True,Qwen/Qwen2.5-Coder-14B-Instruct-AWQ,None
120,Bar,Medium,0.4393,0.4393,1,0.0,0.0,0.0,0.0,0.0,0.0,0.0,0.0,0.0,0.0,1.0,0.0,0.0,True,Qwen/Qwen2.5-Coder-14B-Instruct-AWQ,None
120,Bar,Medium,0.4393,0.4393,1,0.0,0.0,0.0,0.0,0.0,0.0,0.0,0.0,0.0,0.0,1.0,0.0,0.0,True,Qwen/Qwen2.5-Coder-14B-Instruct-AWQ,None
131,Pie,Medium,5.2697,5.2697,1,0.0,0.0,0.0,0.0,0.0,0.0,0.0,0.0,0.0,0.0,1.0,0.0,0.0,True,Qwen/Qwen2.5-Coder-14B-Instruct-AWQ,None
131,Pie,Medium,5.2697,5.2697,1,0.0,0.0,0.0,0.0,0.0,0.0,0.0,0.0,0.0,0.0,1.0,0.0,0.0,True,Qwen/Qwen2.5-Coder-14B-Instruct-AWQ,None
131,Pie,Medium,5.2697,5.2697,1,0.0,0.0,0.0,0.0,0.0,0.0,0.0,0.0,0.0,0.0,1.0,0.0,0.0,True,Qwen/Qwen2.5-Coder-14B-Instruct-AWQ,None
138,Pie,Medium,0.6394,1.2787,2,0.0,0.0,0.0,0.0,0.0,0.0,0.0,0.0,0.0,0.0,1.0,0.0,0.0,True,Qwen/Qwen2.5-Coder-14B-Instruct-AWQ,None
138,Pie,Medium,0.6394,1.2787,2,0.0,0.0,0.0,0.0,0.0,0.0,0.0,0.0,0.0,0.0,1.0,0.0,0.0,True,Qwen/Qwen2.5-Coder-14B-Instruct-AWQ,None
138,Pie,Medium,0.6394,1.2787,2,0.0,0.0,0.0,0.0,0.0,0.0,0.0,0.0,0.0,0.0,1.0,0.0,0.0,True,Qwen/Qwen2.5-Coder-14B-Instruct-AWQ,None
146,Stacked Bar,Hard,1.2661,1.2661,1,0.0,0.0,0.0,0.0,0.0,0.0,0.0,0.0,0.0,0.0,1.0,0.0,0.0,True,Qwen/Qwen2.5-Coder-14B-Instruct-AWQ,None
146,Stacked Bar,Hard,1.2661,1.2661,1,0.0,0.0,0.0,0.0,0.0,0.0,0.0,0.0,0.0,0.0,1.0,0.0,0.0,True,Qwen/Qwen2.5-Coder-14B-Instruct-AWQ,None
146,Stacked Bar,Hard,1.2661,1.2661,1,0.0,0.0,0.0,0.0,0.0,0.0,0.0,0.0,0.0,0.0,1.0,0.0,0.0,True,Qwen/Qwen2.5-Coder-14B-Instruct-AWQ,None
150,Pie,Medium,17.5396,17.5396,1,1.0,0.0,0.0,0.0,0.0,0.0,0.0,0.0,1.0,0.0,0.0,,0.0,True,Qwen/Qwen2.5-Coder-14B-Instruct-AWQ,None
150,Pie,Medium,17.5396,17.5396,1,1.0,0.0,0.0,0.0,0.0,0.0,0.0,0.0,1.0,0.0,0.0,,0.0,True,Qwen/Qwen2.5-Coder-14B-Instruct-AWQ,None
150,Pie,Medium,17.5396,17.5396,1,1.0,0.0,0.0,0.0,0.0,0.0,0.0,0.0,1.0,0.0,0.0,,0.0,True,Qwen/Qwen2.5-Coder-14B-Instruct-AWQ,None
158,Bar,Hard,11.9304,11.9304,1,1.0,0.0,0.0,0.0,0.0,0.0,0.0,0.0,1.0,0.0,0.0,,0.0,True,Qwen/Qwen2.5-Coder-14B-Instruct-AWQ,None
158,Bar,Hard,11.9304,11.9304,1,1.0,0.0,0.0,0.0,0.0,0.0,0.0,0.0,1.0,0.0,0.0,,0.0,True,Qwen/Qwen2.5-Coder-14B-Instruct-AWQ,None
158,Bar,Hard,11.9304,11.9304,1,1.0,0.0,0.0,0.0,0.0,0.0,0.0,0.0,1.0,0.0,0.0,,0.0,True,Qwen/Qwen2.5-Coder-14B-Instruct-AWQ,None
163,Line,Hard,1.4138,1.4138,1,0.0,0.0,0.0,0.0,0.0,0.0,0.0,0.0,0.0,0.0,1.0,0.0,0.0,True,Qwen/Qwen2.5-Coder-14B-Instruct-AWQ,None
163,Line,Hard,1.4138,1.4138,1,0.0,0.0,0.0,0.0,0.0,0.0,0.0,0.0,0.0,0.0,1.0,0.0,0.0,True,Qwen/Qwen2.5-Coder-14B-Instruct-AWQ,None
163,Line,Hard,1.4138,1.4138,1,0.0,0.0,0.0,0.0,0.0,0.0,0.0,0.0,0.0,0.0,1.0,0.0,0.0,True,Qwen/Qwen2.5-Coder-14B-Instruct-AWQ,None
173,Pie,Medium,0.5279,0.5279,1,0.0,0.0,0.0,0.0,1.0,0.0,0.0,0.0,0.0,1.0,0.0,,0.0,False,Qwen/Qwen2.5-Coder-14B-Instruct-AWQ,None
173,Pie,Medium,0.5279,0.5279,1,0.0,0.0,0.0,0.0,1.0,0.0,0.0,0.0,0.0,1.0,0.0,,0.0,False,Qwen/Qwen2.5-Coder-14B-Instruct-AWQ,None
173,Pie,Medium,0.5279,0.5279,1,0.0,0.0,0.0,0.0,1.0,0.0,0.0,0.0,0.0,1.0,0.0,,0.0,False,Qwen/Qwen2.5-Coder-14B-Instruct-AWQ,None
175,Scatter,Medium,0.7686,2.3058,3,0.0,0.0,0.0,0.0,0.0,0.0,0.0,0.0,0.0,0.0,1.0,0.0,0.0,True,Qwen/Qwen2.5-Coder-14B-Instruct-AWQ,None
175,Scatter,Medium,0.7686,2.3058,3,0.0,0.0,0.0,0.0,0.0,0.0,0.0,0.0,0.0,0.0,1.0,0.0,0.0,True,Qwen/Qwen2.5-Coder-14B-Instruct-AWQ,None
175,Scatter,Medium,0.7686,2.3058,3,0.0,0.0,0.0,0.0,0.0,0.0,0.0,0.0,0.0,0.0,1.0,0.0,0.0,True,Qwen/Qwen2.5-Coder-14B-Instruct-AWQ,None
186,Bar,Medium,0.5977,0.5977,1,0.0,0.0,0.0,0.0,0.0,0.0,0.0,0.0,0.0,0.0,1.0,0.0,0.0,False,Qwen/Qwen2.5-Coder-14B-Instruct-AWQ,None
186,Bar,Medium,0.5977,0.5977,1,0.0,0.0,0.0,0.0,0.0,0.0,0.0,0.0,0.0,0.0,1.0,0.0,0.0,False,Qwen/Qwen2.5-Coder-14B-Instruct-AWQ,None
186,Bar,Medium,0.5977,0.5977,1,0.0,0.0,0.0,0.0,0.0,0.0,0.0,0.0,0.0,0.0,1.0,0.0,0.0,False,Qwen/Qwen2.5-Coder-14B-Instruct-AWQ,None
189,Stacked Bar,Extra Hard,13.2087,52.8346,4,0.5,0.0,0.0,0.5,0.5,0.0,0.0,0.0,0.5,0.5,0.0,,0.0,False,Qwen/Qwen2.5-Coder-14B-Instruct-AWQ,None
189,Stacked Bar,Extra Hard,13.2087,52.8346,4,0.5,0.0,0.0,0.5,0.5,0.0,0.0,0.0,0.5,0.5,0.0,,0.0,False,Qwen/Qwen2.5-Coder-14B-Instruct-AWQ,None
189,Stacked Bar,Extra Hard,13.2087,52.8346,4,0.5,0.0,0.0,0.5,0.5,0.0,0.0,0.0,0.5,0.5,0.0,,0.0,False,Qwen/Qwen2.5-Coder-14B-Instruct-AWQ,None
194,Stacked Bar,Extra Hard,4.6011,4.6011,1,0.0,0.0,0.0,0.0,0.0,0.0,0.0,0.0,0.0,0.0,1.0,0.0,0.0,False,Qwen/Qwen2.5-Coder-14B-Instruct-AWQ,None
194,Stacked Bar,Extra Hard,4.6011,4.6011,1,0.0,0.0,0.0,0.0,0.0,0.0,0.0,0.0,0.0,0.0,1.0,0.0,0.0,False,Qwen/Qwen2.5-Coder-14B-Instruct-AWQ,None
194,Stacked Bar,Extra Hard,4.6011,4.6011,1,0.0,0.0,0.0,0.0,0.0,0.0,0.0,0.0,0.0,0.0,1.0,0.0,0.0,False,Qwen/Qwen2.5-Coder-14B-Instruct-AWQ,None
195,Stacked Bar,Extra Hard,0.563,0.563,1,0.0,0.0,0.0,1.0,1.0,0.0,0.0,0.0,0.0,1.0,0.0,,0.0,False,Qwen/Qwen2.5-Coder-14B-Instruct-AWQ,None
195,Stacked Bar,Extra Hard,0.563,0.563,1,0.0,0.0,0.0,1.0,1.0,0.0,0.0,0.0,0.0,1.0,0.0,,0.0,False,Qwen/Qwen2.5-Coder-14B-Instruct-AWQ,None
195,Stacked Bar,Extra Hard,0.563,0.563,1,0.0,0.0,0.0,1.0,1.0,0.0,0.0,0.0,0.0,1.0,0.0,,0.0,False,Qwen/Qwen2.5-Coder-14B-Instruct-AWQ,None
196,Stacked Bar,Extra Hard,5.1853,25.9263,5,0.2,0.0,0.0,0.8,0.8,0.0,0.0,0.0,0.2,0.8,0.0,,0.0,False,Qwen/Qwen2.5-Coder-14B-Instruct-AWQ,None
196,Stacked Bar,Extra Hard,5.1853,25.9263,5,0.2,0.0,0.0,0.8,0.8,0.0,0.0,0.0,0.2,0.8,0.0,,0.0,False,Qwen/Qwen2.5-Coder-14B-Instruct-AWQ,None
196,Stacked Bar,Extra Hard,5.1853,25.9263,5,0.2,0.0,0.0,0.8,0.8,0.0,0.0,0.0,0.2,0.8,0.0,,0.0,False,Qwen/Qwen2.5-Coder-14B-Instruct-AWQ,None
201,Stacked Bar,Extra Hard,4.8297,24.1483,5,0.0,0.0,0.0,0.0,0.0,0.0,0.0,0.0,0.0,0.0,1.0,0.0,0.0,False,Qwen/Qwen2.5-Coder-14B-Instruct-AWQ,None
201,Stacked Bar,Extra Hard,4.8297,24.1483,5,0.0,0.0,0.0,0.0,0.0,0.0,0.0,0.0,0.0,0.0,1.0,0.0,0.0,False,Qwen/Qwen2.5-Coder-14B-Instruct-AWQ,None
201,Stacked Bar,Extra Hard,4.8297,24.1483,5,0.0,0.0,0.0,0.0,0.0,0.0,0.0,0.0,0.0,0.0,1.0,0.0,0.0,False,Qwen/Qwen2.5-Coder-14B-Instruct-AWQ,None
202,Stacked Bar,Extra Hard,1.9957,3.9914,2,0.0,0.0,0.0,0.5,0.5,0.0,0.0,0.0,0.0,0.5,0.5,0.0,0.0,False,Qwen/Qwen2.5-Coder-14B-Instruct-AWQ,None
202,Stacked Bar,Extra Hard,1.9957,3.9914,2,0.0,0.0,0.0,0.5,0.5,0.0,0.0,0.0,0.0,0.5,0.5,0.0,0.0,False,Qwen/Qwen2.5-Coder-14B-Instruct-AWQ,None
202,Stacked Bar,Extra Hard,1.9957,3.9914,2,0.0,0.0,0.0,0.5,0.5,0.0,0.0,0.0,0.0,0.5,0.5,0.0,0.0,False,Qwen/Qwen2.5-Coder-14B-Instruct-AWQ,None
205,Bar,Medium,0.5851,1.7554,3,0.0,0.0,0.0,0.0,0.0,0.0,0.0,0.0,0.0,0.0,1.0,0.0,0.0,False,Qwen/Qwen2.5-Coder-14B-Instruct-AWQ,None
205,Bar,Medium,0.5851,1.7554,3,0.0,0.0,0.0,0.0,0.0,0.0,0.0,0.0,0.0,0.0,1.0,0.0,0.0,False,Qwen/Qwen2.5-Coder-14B-Instruct-AWQ,None
205,Bar,Medium,0.5851,1.7554,3,0.0,0.0,0.0,0.0,0.0,0.0,0.0,0.0,0.0,0.0,1.0,0.0,0.0,False,Qwen/Qwen2.5-Coder-14B-Instruct-AWQ,None
210,Stacked Bar,Extra Hard,3.918,3.918,1,0.0,0.0,0.0,0.0,0.0,0.0,0.0,0.0,0.0,0.0,1.0,0.0,0.0,False,Qwen/Qwen2.5-Coder-14B-Instruct-AWQ,None
210,Stacked Bar,Extra Hard,3.918,3.918,1,0.0,0.0,0.0,0.0,0.0,0.0,0.0,0.0,0.0,0.0,1.0,0.0,0.0,False,Qwen/Qwen2.5-Coder-14B-Instruct-AWQ,None
210,Stacked Bar,Extra Hard,3.918,3.918,1,0.0,0.0,0.0,0.0,0.0,0.0,0.0,0.0,0.0,0.0,1.0,0.0,0.0,False,Qwen/Qwen2.5-Coder-14B-Instruct-AWQ,None
211,Stacked Bar,Extra Hard,3.6813,3.6813,1,0.0,0.0,0.0,0.0,0.0,0.0,0.0,0.0,0.0,0.0,1.0,0.0,0.0,False,Qwen/Qwen2.5-Coder-14B-Instruct-AWQ,None
211,Stacked Bar,Extra Hard,3.6813,3.6813,1,0.0,0.0,0.0,0.0,0.0,0.0,0.0,0.0,0.0,0.0,1.0,0.0,0.0,False,Qwen/Qwen2.5-Coder-14B-Instruct-AWQ,None
211,Stacked Bar,Extra Hard,3.6813,3.6813,1,0.0,0.0,0.0,0.0,0.0,0.0,0.0,0.0,0.0,0.0,1.0,0.0,0.0,False,Qwen/Qwen2.5-Coder-14B-Instruct-AWQ,None
219,Bar,Medium,0.473,1.892,4,0.0,0.0,0.0,0.0,0.0,0.0,0.0,0.0,0.0,0.0,1.0,0.0,0.0,False,Qwen/Qwen2.5-Coder-14B-Instruct-AWQ,None
219,Bar,Medium,0.473,1.892,4,0.0,0.0,0.0,0.0,0.0,0.0,0.0,0.0,0.0,0.0,1.0,0.0,0.0,False,Qwen/Qwen2.5-Coder-14B-Instruct-AWQ,None
219,Bar,Medium,0.473,1.892,4,0.0,0.0,0.0,0.0,0.0,0.0,0.0,0.0,0.0,0.0,1.0,0.0,0.0,False,Qwen/Qwen2.5-Coder-14B-Instruct-AWQ,None
224,Stacked Bar,Extra Hard,4.5164,13.5492,3,0.0,0.0,0.0,0.0,0.0,0.0,0.0,0.0,0.0,0.0,1.0,0.0,0.0,False,Qwen/Qwen2.5-Coder-14B-Instruct-AWQ,None
224,Stacked Bar,Extra Hard,4.5164,13.5492,3,0.0,0.0,0.0,0.0,0.0,0.0,0.0,0.0,0.0,0.0,1.0,0.0,0.0,False,Qwen/Qwen2.5-Coder-14B-Instruct-AWQ,None
224,Stacked Bar,Extra Hard,4.5164,13.5492,3,0.0,0.0,0.0,0.0,0.0,0.0,0.0,0.0,0.0,0.0,1.0,0.0,0.0,False,Qwen/Qwen2.5-Coder-14B-Instruct-AWQ,None
225,Stacked Bar,Extra Hard,5.2143,5.2143,1,0.0,0.0,0.0,0.0,0.0,0.0,0.0,0.0,0.0,0.0,1.0,0.0,0.0,False,Qwen/Qwen2.5-Coder-14B-Instruct-AWQ,None
225,Stacked Bar,Extra Hard,5.2143,5.2143,1,0.0,0.0,0.0,0.0,0.0,0.0,0.0,0.0,0.0,0.0,1.0,0.0,0.0,False,Qwen/Qwen2.5-Coder-14B-Instruct-AWQ,None
225,Stacked Bar,Extra Hard,5.2143,5.2143,1,0.0,0.0,0.0,0.0,0.0,0.0,0.0,0.0,0.0,0.0,1.0,0.0,0.0,False,Qwen/Qwen2.5-Coder-14B-Instruct-AWQ,None
231,Bar,Medium,14.1637,56.6547,4,0.25,0.0,0.0,0.0,0.0,0.0,0.0,0.0,0.25,0.0,0.75,0.0,0.0,False,Qwen/Qwen2.5-Coder-14B-Instruct-AWQ,None
231,Bar,Medium,14.1637,56.6547,4,0.25,0.0,0.0,0.0,0.0,0.0,0.0,0.0,0.25,0.0,0.75,0.0,0.0,False,Qwen/Qwen2.5-Coder-14B-Instruct-AWQ,None
231,Bar,Medium,14.1637,56.6547,4,0.25,0.0,0.0,0.0,0.0,0.0,0.0,0.0,0.25,0.0,0.75,0.0,0.0,False,Qwen/Qwen2.5-Coder-14B-Instruct-AWQ,None
233,Bar,Medium,11.7497,35.2492,3,0.0,0.0,0.0,0.0,0.0,0.0,0.0,0.0,0.0,0.0,1.0,0.0,0.0,False,Qwen/Qwen2.5-Coder-14B-Instruct-AWQ,None
233,Bar,Medium,11.7497,35.2492,3,0.0,0.0,0.0,0.0,0.0,0.0,0.0,0.0,0.0,0.0,1.0,0.0,0.0,False,Qwen/Qwen2.5-Coder-14B-Instruct-AWQ,None
233,Bar,Medium,11.7497,35.2492,3,0.0,0.0,0.0,0.0,0.0,0.0,0.0,0.0,0.0,0.0,1.0,0.0,0.0,False,Qwen/Qwen2.5-Coder-14B-Instruct-AWQ,None
238,Bar,Medium,3.2663,13.0653,4,0.25,0.0,0.0,0.0,0.0,0.0,0.0,0.0,0.25,0.0,0.75,0.0,0.0,False,Qwen/Qwen2.5-Coder-14B-Instruct-AWQ,None
238,Bar,Medium,3.2663,13.0653,4,0.25,0.0,0.0,0.0,0.0,0.0,0.0,0.0,0.25,0.0,0.75,0.0,0.0,False,Qwen/Qwen2.5-Coder-14B-Instruct-AWQ,None
238,Bar,Medium,3.2663,13.0653,4,0.25,0.0,0.0,0.0,0.0,0.0,0.0,0.0,0.25,0.0,0.75,0.0,0.0,False,Qwen/Qwen2.5-Coder-14B-Instruct-AWQ,None
246,Bar,Medium,0.6113,2.4451,4,0.0,0.0,0.0,0.0,0.0,0.0,0.0,0.0,0.0,0.0,1.0,0.0,0.0,False,Qwen/Qwen2.5-Coder-14B-Instruct-AWQ,None
246,Bar,Medium,0.6113,2.4451,4,0.0,0.0,0.0,0.0,0.0,0.0,0.0,0.0,0.0,0.0,1.0,0.0,0.0,False,Qwen/Qwen2.5-Coder-14B-Instruct-AWQ,None
246,Bar,Medium,0.6113,2.4451,4,0.0,0.0,0.0,0.0,0.0,0.0,0.0,0.0,0.0,0.0,1.0,0.0,0.0,False,Qwen/Qwen2.5-Coder-14B-Instruct-AWQ,None
247,Bar,Medium,0.6079,2.4315,4,0.0,0.0,0.0,0.0,0.0,0.0,0.0,0.0,0.0,0.0,1.0,0.0,0.0,False,Qwen/Qwen2.5-Coder-14B-Instruct-AWQ,None
247,Bar,Medium,0.6079,2.4315,4,0.0,0.0,0.0,0.0,0.0,0.0,0.0,0.0,0.0,0.0,1.0,0.0,0.0,False,Qwen/Qwen2.5-Coder-14B-Instruct-AWQ,None
247,Bar,Medium,0.6079,2.4315,4,0.0,0.0,0.0,0.0,0.0,0.0,0.0,0.0,0.0,0.0,1.0,0.0,0.0,False,Qwen/Qwen2.5-Coder-14B-Instruct-AWQ,None
248,Bar,Medium,0.6319,0.6319,1,0.0,0.0,0.0,0.0,0.0,0.0,0.0,0.0,0.0,0.0,1.0,0.0,0.0,False,Qwen/Qwen2.5-Coder-14B-Instruct-AWQ,None
248,Bar,Medium,0.6319,0.6319,1,0.0,0.0,0.0,0.0,0.0,0.0,0.0,0.0,0.0,0.0,1.0,0.0,0.0,False,Qwen/Qwen2.5-Coder-14B-Instruct-AWQ,None
248,Bar,Medium,0.6319,0.6319,1,0.0,0.0,0.0,0.0,0.0,0.0,0.0,0.0,0.0,0.0,1.0,0.0,0.0,False,Qwen/Qwen2.5-Coder-14B-Instruct-AWQ,None
252,Pie,Medium,0.4585,0.917,2,0.0,0.0,0.0,0.0,0.0,0.0,0.0,0.0,0.0,0.0,1.0,0.0,0.0,False,Qwen/Qwen2.5-Coder-14B-Instruct-AWQ,None
252,Pie,Medium,0.4585,0.917,2,0.0,0.0,0.0,0.0,0.0,0.0,0.0,0.0,0.0,0.0,1.0,0.0,0.0,False,Qwen/Qwen2.5-Coder-14B-Instruct-AWQ,None
252,Pie,Medium,0.4585,0.917,2,0.0,0.0,0.0,0.0,0.0,0.0,0.0,0.0,0.0,0.0,1.0,0.0,0.0,False,Qwen/Qwen2.5-Coder-14B-Instruct-AWQ,None
264,Bar,Medium,0.75,3.0001,4,0.0,0.0,0.0,0.0,0.0,0.0,0.0,0.0,0.0,0.0,1.0,0.0,0.0,False,Qwen/Qwen2.5-Coder-14B-Instruct-AWQ,None
264,Bar,Medium,0.75,3.0001,4,0.0,0.0,0.0,0.0,0.0,0.0,0.0,0.0,0.0,0.0,1.0,0.0,0.0,False,Qwen/Qwen2.5-Coder-14B-Instruct-AWQ,None
264,Bar,Medium,0.75,3.0001,4,0.0,0.0,0.0,0.0,0.0,0.0,0.0,0.0,0.0,0.0,1.0,0.0,0.0,False,Qwen/Qwen2.5-Coder-14B-Instruct-AWQ,None
265,Bar,Medium,0.6188,1.8563,3,0.0,0.0,0.0,0.0,0.3333333333333333,0.0,0.0,0.0,0.0,0.3333333333333333,0.6666666666666666,0.0,0.0,False,Qwen/Qwen2.5-Coder-14B-Instruct-AWQ,None
265,Bar,Medium,0.6188,1.8563,3,0.0,0.0,0.0,0.0,0.3333333333333333,0.0,0.0,0.0,0.0,0.3333333333333333,0.6666666666666666,0.0,0.0,False,Qwen/Qwen2.5-Coder-14B-Instruct-AWQ,None
265,Bar,Medium,0.6188,1.8563,3,0.0,0.0,0.0,0.0,0.3333333333333333,0.0,0.0,0.0,0.0,0.3333333333333333,0.6666666666666666,0.0,0.0,False,Qwen/Qwen2.5-Coder-14B-Instruct-AWQ,None
267,Line,Easy,0.4845,1.4536,3,0.0,0.0,0.0,0.0,0.0,0.0,0.0,0.0,0.0,0.0,1.0,0.0,0.0,False,Qwen/Qwen2.5-Coder-14B-Instruct-AWQ,None
267,Line,Easy,0.4845,1.4536,3,0.0,0.0,0.0,0.0,0.0,0.0,0.0,0.0,0.0,0.0,1.0,0.0,0.0,False,Qwen/Qwen2.5-Coder-14B-Instruct-AWQ,None
267,Line,Easy,0.4845,1.4536,3,0.0,0.0,0.0,0.0,0.0,0.0,0.0,0.0,0.0,0.0,1.0,0.0,0.0,False,Qwen/Qwen2.5-Coder-14B-Instruct-AWQ,None
273,Line,Medium,8.8411,35.3645,4,0.75,0.0,0.0,0.0,0.25,0.0,0.0,0.0,0.75,0.25,0.0,,0.0,False,Qwen/Qwen2.5-Coder-14B-Instruct-AWQ,None
273,Line,Medium,8.8411,35.3645,4,0.75,0.0,0.0,0.0,0.25,0.0,0.0,0.0,0.75,0.25,0.0,,0.0,False,Qwen/Qwen2.5-Coder-14B-Instruct-AWQ,None
273,Line,Medium,8.8411,35.3645,4,0.75,0.0,0.0,0.0,0.25,0.0,0.0,0.0,0.75,0.25,0.0,,0.0,False,Qwen/Qwen2.5-Coder-14B-Instruct-AWQ,None
285,Bar,Medium,0.7733,0.7733,1,0.0,0.0,0.0,0.0,0.0,0.0,0.0,0.0,0.0,0.0,1.0,0.0,0.0,False,Qwen/Qwen2.5-Coder-14B-Instruct-AWQ,None
285,Bar,Medium,0.7733,0.7733,1,0.0,0.0,0.0,0.0,0.0,0.0,0.0,0.0,0.0,0.0,1.0,0.0,0.0,False,Qwen/Qwen2.5-Coder-14B-Instruct-AWQ,None
285,Bar,Medium,0.7733,0.7733,1,0.0,0.0,0.0,0.0,0.0,0.0,0.0,0.0,0.0,0.0,1.0,0.0,0.0,False,Qwen/Qwen2.5-Coder-14B-Instruct-AWQ,None
286,Bar,Medium,0.6332,0.6332,1,0.0,0.0,0.0,0.0,0.0,0.0,0.0,0.0,0.0,0.0,1.0,0.0,0.0,False,Qwen/Qwen2.5-Coder-14B-Instruct-AWQ,None
286,Bar,Medium,0.6332,0.6332,1,0.0,0.0,0.0,0.0,0.0,0.0,0.0,0.0,0.0,0.0,1.0,0.0,0.0,False,Qwen/Qwen2.5-Coder-14B-Instruct-AWQ,None
286,Bar,Medium,0.6332,0.6332,1,0.0,0.0,0.0,0.0,0.0,0.0,0.0,0.0,0.0,0.0,1.0,0.0,0.0,False,Qwen/Qwen2.5-Coder-14B-Instruct-AWQ,None
291,Bar,Hard,1.0037,1.0037,1,0.0,0.0,0.0,0.0,0.0,0.0,0.0,0.0,0.0,0.0,1.0,0.0,0.0,False,Qwen/Qwen2.5-Coder-14B-Instruct-AWQ,None
291,Bar,Hard,1.0037,1.0037,1,0.0,0.0,0.0,0.0,0.0,0.0,0.0,0.0,0.0,0.0,1.0,0.0,0.0,False,Qwen/Qwen2.5-Coder-14B-Instruct-AWQ,None
291,Bar,Hard,1.0037,1.0037,1,0.0,0.0,0.0,0.0,0.0,0.0,0.0,0.0,0.0,0.0,1.0,0.0,0.0,False,Qwen/Qwen2.5-Coder-14B-Instruct-AWQ,None
292,Scatter,Medium,0.6599,1.3199,2,0.0,0.0,0.0,0.0,0.0,0.0,0.0,0.0,0.0,0.0,1.0,0.0,0.0,False,Qwen/Qwen2.5-Coder-14B-Instruct-AWQ,None
292,Scatter,Medium,0.6599,1.3199,2,0.0,0.0,0.0,0.0,0.0,0.0,0.0,0.0,0.0,0.0,1.0,0.0,0.0,False,Qwen/Qwen2.5-Coder-14B-Instruct-AWQ,None
292,Scatter,Medium,0.6599,1.3199,2,0.0,0.0,0.0,0.0,0.0,0.0,0.0,0.0,0.0,0.0,1.0,0.0,0.0,False,Qwen/Qwen2.5-Coder-14B-Instruct-AWQ,None
293,Bar,Hard,0.8141,0.8141,1,0.0,0.0,0.0,0.0,1.0,0.0,0.0,0.0,0.0,1.0,0.0,,0.0,False,Qwen/Qwen2.5-Coder-14B-Instruct-AWQ,None
293,Bar,Hard,0.8141,0.8141,1,0.0,0.0,0.0,0.0,1.0,0.0,0.0,0.0,0.0,1.0,0.0,,0.0,False,Qwen/Qwen2.5-Coder-14B-Instruct-AWQ,None
293,Bar,Hard,0.8141,0.8141,1,0.0,0.0,0.0,0.0,1.0,0.0,0.0,0.0,0.0,1.0,0.0,,0.0,False,Qwen/Qwen2.5-Coder-14B-Instruct-AWQ,None
295,Bar,Hard,27.2281,54.4562,2,0.0,0.0,0.0,0.0,1.0,0.0,0.0,0.0,0.0,1.0,0.0,,0.0,False,Qwen/Qwen2.5-Coder-14B-Instruct-AWQ,None
295,Bar,Hard,27.2281,54.4562,2,0.0,0.0,0.0,0.0,1.0,0.0,0.0,0.0,0.0,1.0,0.0,,0.0,False,Qwen/Qwen2.5-Coder-14B-Instruct-AWQ,None
295,Bar,Hard,27.2281,54.4562,2,0.0,0.0,0.0,0.0,1.0,0.0,0.0,0.0,0.0,1.0,0.0,,0.0,False,Qwen/Qwen2.5-Coder-14B-Instruct-AWQ,None
296,Bar,Hard,0.8189,0.8189,1,0.0,0.0,0.0,0.0,1.0,0.0,0.0,0.0,0.0,1.0,0.0,,0.0,False,Qwen/Qwen2.5-Coder-14B-Instruct-AWQ,None
296,Bar,Hard,0.8189,0.8189,1,0.0,0.0,0.0,0.0,1.0,0.0,0.0,0.0,0.0,1.0,0.0,,0.0,False,Qwen/Qwen2.5-Coder-14B-Instruct-AWQ,None
296,Bar,Hard,0.8189,0.8189,1,0.0,0.0,0.0,0.0,1.0,0.0,0.0,0.0,0.0,1.0,0.0,,0.0,False,Qwen/Qwen2.5-Coder-14B-Instruct-AWQ,None
297,Bar,Medium,5.7064,11.4127,2,0.5,0.0,0.0,0.0,0.5,0.0,0.0,0.0,0.5,0.5,0.0,,0.0,False,Qwen/Qwen2.5-Coder-14B-Instruct-AWQ,None
297,Bar,Medium,5.7064,11.4127,2,0.5,0.0,0.0,0.0,0.5,0.0,0.0,0.0,0.5,0.5,0.0,,0.0,False,Qwen/Qwen2.5-Coder-14B-Instruct-AWQ,None
297,Bar,Medium,5.7064,11.4127,2,0.5,0.0,0.0,0.0,0.5,0.0,0.0,0.0,0.5,0.5,0.0,,0.0,False,Qwen/Qwen2.5-Coder-14B-Instruct-AWQ,None
306,Pie,Easy,17.9531,53.8594,3,0.0,0.0,0.0,0.0,0.0,0.0,0.0,0.0,0.0,0.0,1.0,0.0,0.0,False,Qwen/Qwen2.5-Coder-14B-Instruct-AWQ,None
306,Pie,Easy,17.9531,53.8594,3,0.0,0.0,0.0,0.0,0.0,0.0,0.0,0.0,0.0,0.0,1.0,0.0,0.0,False,Qwen/Qwen2.5-Coder-14B-Instruct-AWQ,None
306,Pie,Easy,17.9531,53.8594,3,0.0,0.0,0.0,0.0,0.0,0.0,0.0,0.0,0.0,0.0,1.0,0.0,0.0,False,Qwen/Qwen2.5-Coder-14B-Instruct-AWQ,None
308,Scatter,Easy,28.0568,56.1137,2,0.0,0.0,0.0,0.0,1.0,0.0,0.0,0.0,0.0,1.0,0.0,,0.0,True,Qwen/Qwen2.5-Coder-14B-Instruct-AWQ,None
308,Scatter,Easy,28.0568,56.1137,2,0.0,0.0,0.0,0.0,1.0,0.0,0.0,0.0,0.0,1.0,0.0,,0.0,True,Qwen/Qwen2.5-Coder-14B-Instruct-AWQ,None
308,Scatter,Easy,28.0568,56.1137,2,0.0,0.0,0.0,0.0,1.0,0.0,0.0,0.0,0.0,1.0,0.0,,0.0,True,Qwen/Qwen2.5-Coder-14B-Instruct-AWQ,None
312,Pie,Hard,28.4326,56.8652,2,0.0,0.0,0.0,0.0,0.5,0.0,0.0,0.0,0.0,0.5,0.5,0.0,0.0,False,Qwen/Qwen2.5-Coder-14B-Instruct-AWQ,None
312,Pie,Hard,28.4326,56.8652,2,0.0,0.0,0.0,0.0,0.5,0.0,0.0,0.0,0.0,0.5,0.5,0.0,0.0,False,Qwen/Qwen2.5-Coder-14B-Instruct-AWQ,None
312,Pie,Hard,28.4326,56.8652,2,0.0,0.0,0.0,0.0,0.5,0.0,0.0,0.0,0.0,0.5,0.5,0.0,0.0,False,Qwen/Qwen2.5-Coder-14B-Instruct-AWQ,None
316,Line,Medium,19.6768,59.0305,3,0.0,0.0,0.0,0.0,1.0,0.0,0.0,0.0,0.0,1.0,0.0,,0.0,False,Qwen/Qwen2.5-Coder-14B-Instruct-AWQ,None
316,Line,Medium,19.6768,59.0305,3,0.0,0.0,0.0,0.0,1.0,0.0,0.0,0.0,0.0,1.0,0.0,,0.0,False,Qwen/Qwen2.5-Coder-14B-Instruct-AWQ,None
316,Line,Medium,19.6768,59.0305,3,0.0,0.0,0.0,0.0,1.0,0.0,0.0,0.0,0.0,1.0,0.0,,0.0,False,Qwen/Qwen2.5-Coder-14B-Instruct-AWQ,None
328,Scatter,Medium,35.4361,70.8722,2,0.0,0.0,0.0,0.0,1.0,0.0,0.0,0.0,0.0,1.0,0.0,,0.0,True,Qwen/Qwen2.5-Coder-14B-Instruct-AWQ,None
328,Scatter,Medium,35.4361,70.8722,2,0.0,0.0,0.0,0.0,1.0,0.0,0.0,0.0,0.0,1.0,0.0,,0.0,True,Qwen/Qwen2.5-Coder-14B-Instruct-AWQ,None
328,Scatter,Medium,35.4361,70.8722,2,0.0,0.0,0.0,0.0,1.0,0.0,0.0,0.0,0.0,1.0,0.0,,0.0,True,Qwen/Qwen2.5-Coder-14B-Instruct-AWQ,None
335,Bar,Medium,1.0488,1.0488,1,0.0,0.0,0.0,0.0,0.0,0.0,0.0,0.0,0.0,0.0,1.0,0.0,0.0,False,Qwen/Qwen2.5-Coder-14B-Instruct-AWQ,None
335,Bar,Medium,1.0488,1.0488,1,0.0,0.0,0.0,0.0,0.0,0.0,0.0,0.0,0.0,0.0,1.0,0.0,0.0,False,Qwen/Qwen2.5-Coder-14B-Instruct-AWQ,None
335,Bar,Medium,1.0488,1.0488,1,0.0,0.0,0.0,0.0,0.0,0.0,0.0,0.0,0.0,0.0,1.0,0.0,0.0,False,Qwen/Qwen2.5-Coder-14B-Instruct-AWQ,None
338,Pie,Easy,0.4056,0.4056,1,0.0,0.0,0.0,0.0,0.0,0.0,0.0,0.0,0.0,0.0,1.0,0.0,0.0,False,Qwen/Qwen2.5-Coder-14B-Instruct-AWQ,None
338,Pie,Easy,0.4056,0.4056,1,0.0,0.0,0.0,0.0,0.0,0.0,0.0,0.0,0.0,0.0,1.0,0.0,0.0,False,Qwen/Qwen2.5-Coder-14B-Instruct-AWQ,None
338,Pie,Easy,0.4056,0.4056,1,0.0,0.0,0.0,0.0,0.0,0.0,0.0,0.0,0.0,0.0,1.0,0.0,0.0,False,Qwen/Qwen2.5-Coder-14B-Instruct-AWQ,None
340,Bar,Medium,0.7826,0.7826,1,0.0,0.0,0.0,0.0,1.0,0.0,0.0,0.0,0.0,1.0,0.0,,0.0,False,Qwen/Qwen2.5-Coder-14B-Instruct-AWQ,None
340,Bar,Medium,0.7826,0.7826,1,0.0,0.0,0.0,0.0,1.0,0.0,0.0,0.0,0.0,1.0,0.0,,0.0,False,Qwen/Qwen2.5-Coder-14B-Instruct-AWQ,None
340,Bar,Medium,0.7826,0.7826,1,0.0,0.0,0.0,0.0,1.0,0.0,0.0,0.0,0.0,1.0,0.0,,0.0,False,Qwen/Qwen2.5-Coder-14B-Instruct-AWQ,None
342,Line,Medium,0.8787,1.7574,2,0.0,0.0,0.0,0.0,0.0,0.0,0.0,0.0,0.0,0.0,1.0,0.0,0.0,False,Qwen/Qwen2.5-Coder-14B-Instruct-AWQ,None
342,Line,Medium,0.8787,1.7574,2,0.0,0.0,0.0,0.0,0.0,0.0,0.0,0.0,0.0,0.0,1.0,0.0,0.0,False,Qwen/Qwen2.5-Coder-14B-Instruct-AWQ,None
342,Line,Medium,0.8787,1.7574,2,0.0,0.0,0.0,0.0,0.0,0.0,0.0,0.0,0.0,0.0,1.0,0.0,0.0,False,Qwen/Qwen2.5-Coder-14B-Instruct-AWQ,None
354,Scatter,Easy,0.3575,1.7876,5,0.0,0.0,0.0,0.0,0.0,0.0,0.0,0.0,0.0,0.0,1.0,0.0,0.0,False,Qwen/Qwen2.5-Coder-14B-Instruct-AWQ,None
354,Scatter,Easy,0.3575,1.7876,5,0.0,0.0,0.0,0.0,0.0,0.0,0.0,0.0,0.0,0.0,1.0,0.0,0.0,False,Qwen/Qwen2.5-Coder-14B-Instruct-AWQ,None
354,Scatter,Easy,0.3575,1.7876,5,0.0,0.0,0.0,0.0,0.0,0.0,0.0,0.0,0.0,0.0,1.0,0.0,0.0,False,Qwen/Qwen2.5-Coder-14B-Instruct-AWQ,None
367,Bar,Medium,0.7575,1.515,2,0.0,0.0,0.0,0.0,0.0,0.0,0.0,0.0,0.0,0.0,1.0,0.0,0.0,False,Qwen/Qwen2.5-Coder-14B-Instruct-AWQ,None
367,Bar,Medium,0.7575,1.515,2,0.0,0.0,0.0,0.0,0.0,0.0,0.0,0.0,0.0,0.0,1.0,0.0,0.0,False,Qwen/Qwen2.5-Coder-14B-Instruct-AWQ,None
367,Bar,Medium,0.7575,1.515,2,0.0,0.0,0.0,0.0,0.0,0.0,0.0,0.0,0.0,0.0,1.0,0.0,0.0,False,Qwen/Qwen2.5-Coder-14B-Instruct-AWQ,None
368,Bar,Hard,0.7452,0.7452,1,0.0,0.0,0.0,0.0,0.0,0.0,0.0,0.0,0.0,0.0,1.0,0.0,0.0,True,Qwen/Qwen2.5-Coder-14B-Instruct-AWQ,None
368,Bar,Hard,0.7452,0.7452,1,0.0,0.0,0.0,0.0,0.0,0.0,0.0,0.0,0.0,0.0,1.0,0.0,0.0,True,Qwen/Qwen2.5-Coder-14B-Instruct-AWQ,None
368,Bar,Hard,0.7452,0.7452,1,0.0,0.0,0.0,0.0,0.0,0.0,0.0,0.0,0.0,0.0,1.0,0.0,0.0,True,Qwen/Qwen2.5-Coder-14B-Instruct-AWQ,None
370,Pie,Medium,0.7079,0.7079,1,0.0,0.0,0.0,0.0,0.0,0.0,0.0,0.0,0.0,0.0,1.0,0.0,0.0,True,Qwen/Qwen2.5-Coder-14B-Instruct-AWQ,None
370,Pie,Medium,0.7079,0.7079,1,0.0,0.0,0.0,0.0,0.0,0.0,0.0,0.0,0.0,0.0,1.0,0.0,0.0,True,Qwen/Qwen2.5-Coder-14B-Instruct-AWQ,None
370,Pie,Medium,0.7079,0.7079,1,0.0,0.0,0.0,0.0,0.0,0.0,0.0,0.0,0.0,0.0,1.0,0.0,0.0,True,Qwen/Qwen2.5-Coder-14B-Instruct-AWQ,None
376,Bar,Easy,0.3568,1.7838,5,0.0,0.0,0.0,0.0,0.0,0.0,0.0,0.0,0.0,0.0,1.0,0.0,0.0,False,Qwen/Qwen2.5-Coder-14B-Instruct-AWQ,None
376,Bar,Easy,0.3568,1.7838,5,0.0,0.0,0.0,0.0,0.0,0.0,0.0,0.0,0.0,0.0,1.0,0.0,0.0,False,Qwen/Qwen2.5-Coder-14B-Instruct-AWQ,None
376,Bar,Easy,0.3568,1.7838,5,0.0,0.0,0.0,0.0,0.0,0.0,0.0,0.0,0.0,0.0,1.0,0.0,0.0,False,Qwen/Qwen2.5-Coder-14B-Instruct-AWQ,None
387,Grouping Scatter,Easy,6.5996,26.3985,4,0.75,0.0,0.0,0.0,0.25,0.0,0.0,0.0,0.75,0.25,0.0,,0.0,False,Qwen/Qwen2.5-Coder-14B-Instruct-AWQ,None
387,Grouping Scatter,Easy,6.5996,26.3985,4,0.75,0.0,0.0,0.0,0.25,0.0,0.0,0.0,0.75,0.25,0.0,,0.0,False,Qwen/Qwen2.5-Coder-14B-Instruct-AWQ,None
387,Grouping Scatter,Easy,6.5996,26.3985,4,0.75,0.0,0.0,0.0,0.25,0.0,0.0,0.0,0.75,0.25,0.0,,0.0,False,Qwen/Qwen2.5-Coder-14B-Instruct-AWQ,None
399,Scatter,Easy,0.3499,1.0497,3,0.0,0.0,0.0,0.0,0.0,0.0,0.0,0.0,0.0,0.0,1.0,0.0,0.0,False,Qwen/Qwen2.5-Coder-14B-Instruct-AWQ,None
399,Scatter,Easy,0.3499,1.0497,3,0.0,0.0,0.0,0.0,0.0,0.0,0.0,0.0,0.0,0.0,1.0,0.0,0.0,False,Qwen/Qwen2.5-Coder-14B-Instruct-AWQ,None
399,Scatter,Easy,0.3499,1.0497,3,0.0,0.0,0.0,0.0,0.0,0.0,0.0,0.0,0.0,0.0,1.0,0.0,0.0,False,Qwen/Qwen2.5-Coder-14B-Instruct-AWQ,None
400,Scatter,Easy,0.3385,0.6769,2,0.0,0.0,0.0,0.0,0.0,0.0,0.0,0.0,0.0,0.0,1.0,0.0,0.0,False,Qwen/Qwen2.5-Coder-14B-Instruct-AWQ,None
400,Scatter,Easy,0.3385,0.6769,2,0.0,0.0,0.0,0.0,0.0,0.0,0.0,0.0,0.0,0.0,1.0,0.0,0.0,False,Qwen/Qwen2.5-Coder-14B-Instruct-AWQ,None
400,Scatter,Easy,0.3385,0.6769,2,0.0,0.0,0.0,0.0,0.0,0.0,0.0,0.0,0.0,0.0,1.0,0.0,0.0,False,Qwen/Qwen2.5-Coder-14B-Instruct-AWQ,None
402,Pie,Medium,0.3997,0.7994,2,0.0,0.0,0.0,0.0,0.0,0.0,0.0,0.0,0.0,0.0,1.0,0.0,0.0,False,Qwen/Qwen2.5-Coder-14B-Instruct-AWQ,None
402,Pie,Medium,0.3997,0.7994,2,0.0,0.0,0.0,0.0,0.0,0.0,0.0,0.0,0.0,0.0,1.0,0.0,0.0,False,Qwen/Qwen2.5-Coder-14B-Instruct-AWQ,None
402,Pie,Medium,0.3997,0.7994,2,0.0,0.0,0.0,0.0,0.0,0.0,0.0,0.0,0.0,0.0,1.0,0.0,0.0,False,Qwen/Qwen2.5-Coder-14B-Instruct-AWQ,None
403,Bar,Medium,0.4264,0.4264,1,0.0,0.0,0.0,0.0,0.0,0.0,0.0,0.0,0.0,0.0,1.0,0.0,0.0,False,Qwen/Qwen2.5-Coder-14B-Instruct-AWQ,None
403,Bar,Medium,0.4264,0.4264,1,0.0,0.0,0.0,0.0,0.0,0.0,0.0,0.0,0.0,0.0,1.0,0.0,0.0,False,Qwen/Qwen2.5-Coder-14B-Instruct-AWQ,None
403,Bar,Medium,0.4264,0.4264,1,0.0,0.0,0.0,0.0,0.0,0.0,0.0,0.0,0.0,0.0,1.0,0.0,0.0,False,Qwen/Qwen2.5-Coder-14B-Instruct-AWQ,None
405,Bar,Easy,0.3595,0.719,2,0.0,0.0,0.0,0.0,0.0,0.0,0.0,0.0,0.0,0.0,1.0,0.0,0.0,False,Qwen/Qwen2.5-Coder-14B-Instruct-AWQ,None
405,Bar,Easy,0.3595,0.719,2,0.0,0.0,0.0,0.0,0.0,0.0,0.0,0.0,0.0,0.0,1.0,0.0,0.0,False,Qwen/Qwen2.5-Coder-14B-Instruct-AWQ,None
405,Bar,Easy,0.3595,0.719,2,0.0,0.0,0.0,0.0,0.0,0.0,0.0,0.0,0.0,0.0,1.0,0.0,0.0,False,Qwen/Qwen2.5-Coder-14B-Instruct-AWQ,None
409,Grouping Scatter,Easy,6.2199,6.2199,1,0.0,0.0,0.0,0.0,0.0,0.0,0.0,0.0,0.0,0.0,1.0,0.0,0.0,False,Qwen/Qwen2.5-Coder-14B-Instruct-AWQ,None
409,Grouping Scatter,Easy,6.2199,6.2199,1,0.0,0.0,0.0,0.0,0.0,0.0,0.0,0.0,0.0,0.0,1.0,0.0,0.0,False,Qwen/Qwen2.5-Coder-14B-Instruct-AWQ,None
409,Grouping Scatter,Easy,6.2199,6.2199,1,0.0,0.0,0.0,0.0,0.0,0.0,0.0,0.0,0.0,0.0,1.0,0.0,0.0,False,Qwen/Qwen2.5-Coder-14B-Instruct-AWQ,None
416,Line,Medium,13.3071,13.3071,1,1.0,0.0,0.0,0.0,0.0,0.0,0.0,0.0,1.0,0.0,0.0,,0.0,False,Qwen/Qwen2.5-Coder-14B-Instruct-AWQ,None
416,Line,Medium,13.3071,13.3071,1,1.0,0.0,0.0,0.0,0.0,0.0,0.0,0.0,1.0,0.0,0.0,,0.0,False,Qwen/Qwen2.5-Coder-14B-Instruct-AWQ,None
416,Line,Medium,13.3071,13.3071,1,1.0,0.0,0.0,0.0,0.0,0.0,0.0,0.0,1.0,0.0,0.0,,0.0,False,Qwen/Qwen2.5-Coder-14B-Instruct-AWQ,None
419,Pie,Medium,0.7132,1.4265,2,0.0,0.0,0.0,0.0,0.0,0.0,0.0,0.0,0.0,0.0,1.0,0.0,0.0,True,Qwen/Qwen2.5-Coder-14B-Instruct-AWQ,None
419,Pie,Medium,0.7132,1.4265,2,0.0,0.0,0.0,0.0,0.0,0.0,0.0,0.0,0.0,0.0,1.0,0.0,0.0,True,Qwen/Qwen2.5-Coder-14B-Instruct-AWQ,None
419,Pie,Medium,0.7132,1.4265,2,0.0,0.0,0.0,0.0,0.0,0.0,0.0,0.0,0.0,0.0,1.0,0.0,0.0,True,Qwen/Qwen2.5-Coder-14B-Instruct-AWQ,None
432,Scatter,Easy,0.4792,1.4377,3,0.0,0.0,0.0,0.0,0.0,0.0,0.0,0.0,0.0,0.0,1.0,0.0,0.0,False,Qwen/Qwen2.5-Coder-14B-Instruct-AWQ,None
432,Scatter,Easy,0.4792,1.4377,3,0.0,0.0,0.0,0.0,0.0,0.0,0.0,0.0,0.0,0.0,1.0,0.0,0.0,False,Qwen/Qwen2.5-Coder-14B-Instruct-AWQ,None
432,Scatter,Easy,0.4792,1.4377,3,0.0,0.0,0.0,0.0,0.0,0.0,0.0,0.0,0.0,0.0,1.0,0.0,0.0,False,Qwen/Qwen2.5-Coder-14B-Instruct-AWQ,None
433,Pie,Medium,0.7122,2.1365,3,0.0,0.0,0.0,0.0,1.0,0.0,0.0,0.0,0.0,1.0,0.0,,0.0,True,Qwen/Qwen2.5-Coder-14B-Instruct-AWQ,None
433,Pie,Medium,0.7122,2.1365,3,0.0,0.0,0.0,0.0,1.0,0.0,0.0,0.0,0.0,1.0,0.0,,0.0,True,Qwen/Qwen2.5-Coder-14B-Instruct-AWQ,None
433,Pie,Medium,0.7122,2.1365,3,0.0,0.0,0.0,0.0,1.0,0.0,0.0,0.0,0.0,1.0,0.0,,0.0,True,Qwen/Qwen2.5-Coder-14B-Instruct-AWQ,None
440,Bar,Hard,1.2388,1.2388,1,0.0,0.0,0.0,0.0,0.0,0.0,0.0,0.0,0.0,0.0,1.0,0.0,0.0,True,Qwen/Qwen2.5-Coder-14B-Instruct-AWQ,None
440,Bar,Hard,1.2388,1.2388,1,0.0,0.0,0.0,0.0,0.0,0.0,0.0,0.0,0.0,0.0,1.0,0.0,0.0,True,Qwen/Qwen2.5-Coder-14B-Instruct-AWQ,None
440,Bar,Hard,1.2388,1.2388,1,0.0,0.0,0.0,0.0,0.0,0.0,0.0,0.0,0.0,0.0,1.0,0.0,0.0,True,Qwen/Qwen2.5-Coder-14B-Instruct-AWQ,None
441,Bar,Hard,1.1735,1.1735,1,0.0,0.0,0.0,0.0,0.0,0.0,0.0,0.0,0.0,0.0,1.0,0.0,0.0,True,Qwen/Qwen2.5-Coder-14B-Instruct-AWQ,None
441,Bar,Hard,1.1735,1.1735,1,0.0,0.0,0.0,0.0,0.0,0.0,0.0,0.0,0.0,0.0,1.0,0.0,0.0,True,Qwen/Qwen2.5-Coder-14B-Instruct-AWQ,None
441,Bar,Hard,1.1735,1.1735,1,0.0,0.0,0.0,0.0,0.0,0.0,0.0,0.0,0.0,0.0,1.0,0.0,0.0,True,Qwen/Qwen2.5-Coder-14B-Instruct-AWQ,None
446,Pie,Easy,0.8231,2.4694,3,0.0,0.0,0.0,0.0,1.0,0.0,0.0,0.0,0.0,1.0,0.0,,0.0,True,Qwen/Qwen2.5-Coder-14B-Instruct-AWQ,None
446,Pie,Easy,0.8231,2.4694,3,0.0,0.0,0.0,0.0,1.0,0.0,0.0,0.0,0.0,1.0,0.0,,0.0,True,Qwen/Qwen2.5-Coder-14B-Instruct-AWQ,None
446,Pie,Easy,0.8231,2.4694,3,0.0,0.0,0.0,0.0,1.0,0.0,0.0,0.0,0.0,1.0,0.0,,0.0,True,Qwen/Qwen2.5-Coder-14B-Instruct-AWQ,None
451,Bar,Medium,0.7179,0.7179,1,0.0,0.0,0.0,0.0,0.0,0.0,0.0,0.0,0.0,0.0,1.0,0.0,0.0,True,Qwen/Qwen2.5-Coder-14B-Instruct-AWQ,None
451,Bar,Medium,0.7179,0.7179,1,0.0,0.0,0.0,0.0,0.0,0.0,0.0,0.0,0.0,0.0,1.0,0.0,0.0,True,Qwen/Qwen2.5-Coder-14B-Instruct-AWQ,None
451,Bar,Medium,0.7179,0.7179,1,0.0,0.0,0.0,0.0,0.0,0.0,0.0,0.0,0.0,0.0,1.0,0.0,0.0,True,Qwen/Qwen2.5-Coder-14B-Instruct-AWQ,None
457,Pie,Medium,0.6175,0.6175,1,0.0,0.0,0.0,0.0,0.0,0.0,0.0,0.0,0.0,0.0,1.0,0.0,0.0,True,Qwen/Qwen2.5-Coder-14B-Instruct-AWQ,None
457,Pie,Medium,0.6175,0.6175,1,0.0,0.0,0.0,0.0,0.0,0.0,0.0,0.0,0.0,0.0,1.0,0.0,0.0,True,Qwen/Qwen2.5-Coder-14B-Instruct-AWQ,None
457,Pie,Medium,0.6175,0.6175,1,0.0,0.0,0.0,0.0,0.0,0.0,0.0,0.0,0.0,0.0,1.0,0.0,0.0,True,Qwen/Qwen2.5-Coder-14B-Instruct-AWQ,None
461,Pie,Medium,6.9034,6.9034,1,0.0,0.0,0.0,0.0,0.0,0.0,0.0,0.0,0.0,0.0,1.0,0.0,0.0,True,Qwen/Qwen2.5-Coder-14B-Instruct-AWQ,None
461,Pie,Medium,6.9034,6.9034,1,0.0,0.0,0.0,0.0,0.0,0.0,0.0,0.0,0.0,0.0,1.0,0.0,0.0,True,Qwen/Qwen2.5-Coder-14B-Instruct-AWQ,None
461,Pie,Medium,6.9034,6.9034,1,0.0,0.0,0.0,0.0,0.0,0.0,0.0,0.0,0.0,0.0,1.0,0.0,0.0,True,Qwen/Qwen2.5-Coder-14B-Instruct-AWQ,None
462,Pie,Medium,0.3715,0.3715,1,0.0,0.0,0.0,0.0,1.0,0.0,0.0,0.0,0.0,1.0,0.0,,0.0,True,Qwen/Qwen2.5-Coder-14B-Instruct-AWQ,None
462,Pie,Medium,0.3715,0.3715,1,0.0,0.0,0.0,0.0,1.0,0.0,0.0,0.0,0.0,1.0,0.0,,0.0,True,Qwen/Qwen2.5-Coder-14B-Instruct-AWQ,None
462,Pie,Medium,0.3715,0.3715,1,0.0,0.0,0.0,0.0,1.0,0.0,0.0,0.0,0.0,1.0,0.0,,0.0,True,Qwen/Qwen2.5-Coder-14B-Instruct-AWQ,None
463,Bar,Medium,0.3641,0.3641,1,0.0,0.0,0.0,0.0,0.0,0.0,0.0,0.0,0.0,0.0,1.0,0.0,0.0,True,Qwen/Qwen2.5-Coder-14B-Instruct-AWQ,None
463,Bar,Medium,0.3641,0.3641,1,0.0,0.0,0.0,0.0,0.0,0.0,0.0,0.0,0.0,0.0,1.0,0.0,0.0,True,Qwen/Qwen2.5-Coder-14B-Instruct-AWQ,None
463,Bar,Medium,0.3641,0.3641,1,0.0,0.0,0.0,0.0,0.0,0.0,0.0,0.0,0.0,0.0,1.0,0.0,0.0,True,Qwen/Qwen2.5-Coder-14B-Instruct-AWQ,None
464,Bar,Easy,0.3691,1.1073,3,0.0,0.0,0.0,0.0,0.0,0.0,0.0,0.0,0.0,0.0,1.0,0.0,0.0,False,Qwen/Qwen2.5-Coder-14B-Instruct-AWQ,None
464,Bar,Easy,0.3691,1.1073,3,0.0,0.0,0.0,0.0,0.0,0.0,0.0,0.0,0.0,0.0,1.0,0.0,0.0,False,Qwen/Qwen2.5-Coder-14B-Instruct-AWQ,None
464,Bar,Easy,0.3691,1.1073,3,0.0,0.0,0.0,0.0,0.0,0.0,0.0,0.0,0.0,0.0,1.0,0.0,0.0,False,Qwen/Qwen2.5-Coder-14B-Instruct-AWQ,None
470,Line,Easy,0.452,0.904,2,0.0,0.0,0.0,0.0,0.5,0.0,0.0,0.0,0.0,0.5,0.5,0.0,0.0,False,Qwen/Qwen2.5-Coder-14B-Instruct-AWQ,None
470,Line,Easy,0.452,0.904,2,0.0,0.0,0.0,0.0,0.5,0.0,0.0,0.0,0.0,0.5,0.5,0.0,0.0,False,Qwen/Qwen2.5-Coder-14B-Instruct-AWQ,None
470,Line,Easy,0.452,0.904,2,0.0,0.0,0.0,0.0,0.5,0.0,0.0,0.0,0.0,0.5,0.5,0.0,0.0,False,Qwen/Qwen2.5-Coder-14B-Instruct-AWQ,None
471,Line,Easy,0.4554,0.4554,1,0.0,0.0,0.0,0.0,0.0,0.0,0.0,0.0,0.0,0.0,1.0,0.0,0.0,False,Qwen/Qwen2.5-Coder-14B-Instruct-AWQ,None
471,Line,Easy,0.4554,0.4554,1,0.0,0.0,0.0,0.0,0.0,0.0,0.0,0.0,0.0,0.0,1.0,0.0,0.0,False,Qwen/Qwen2.5-Coder-14B-Instruct-AWQ,None
471,Line,Easy,0.4554,0.4554,1,0.0,0.0,0.0,0.0,0.0,0.0,0.0,0.0,0.0,0.0,1.0,0.0,0.0,False,Qwen/Qwen2.5-Coder-14B-Instruct-AWQ,None
478,Pie,Medium,9.6801,19.3602,2,0.5,0.0,0.0,0.5,0.5,0.0,0.0,0.0,0.5,0.5,0.0,,0.0,True,Qwen/Qwen2.5-Coder-14B-Instruct-AWQ,None
478,Pie,Medium,9.6801,19.3602,2,0.5,0.0,0.0,0.5,0.5,0.0,0.0,0.0,0.5,0.5,0.0,,0.0,True,Qwen/Qwen2.5-Coder-14B-Instruct-AWQ,None
478,Pie,Medium,9.6801,19.3602,2,0.5,0.0,0.0,0.5,0.5,0.0,0.0,0.0,0.5,0.5,0.0,,0.0,True,Qwen/Qwen2.5-Coder-14B-Instruct-AWQ,None
479,Bar,Medium,0.5637,1.1275,2,0.0,0.0,0.0,0.0,0.5,0.0,0.0,0.0,0.0,0.5,0.5,0.0,0.0,True,Qwen/Qwen2.5-Coder-14B-Instruct-AWQ,None
479,Bar,Medium,0.5637,1.1275,2,0.0,0.0,0.0,0.0,0.5,0.0,0.0,0.0,0.0,0.5,0.5,0.0,0.0,True,Qwen/Qwen2.5-Coder-14B-Instruct-AWQ,None
479,Bar,Medium,0.5637,1.1275,2,0.0,0.0,0.0,0.0,0.5,0.0,0.0,0.0,0.0,0.5,0.5,0.0,0.0,True,Qwen/Qwen2.5-Coder-14B-Instruct-AWQ,None
481,Bar,Medium,23.5247,70.5742,3,0.3333333333333333,0.0,0.0,0.0,0.0,0.0,0.0,0.0,0.3333333333333333,0.0,0.6666666666666666,0.0,0.0,False,Qwen/Qwen2.5-Coder-14B-Instruct-AWQ,None
481,Bar,Medium,23.5247,70.5742,3,0.3333333333333333,0.0,0.0,0.0,0.0,0.0,0.0,0.0,0.3333333333333333,0.0,0.6666666666666666,0.0,0.0,False,Qwen/Qwen2.5-Coder-14B-Instruct-AWQ,None
481,Bar,Medium,23.5247,70.5742,3,0.3333333333333333,0.0,0.0,0.0,0.0,0.0,0.0,0.0,0.3333333333333333,0.0,0.6666666666666666,0.0,0.0,False,Qwen/Qwen2.5-Coder-14B-Instruct-AWQ,None
487,Pie,Medium,22.141,44.2819,2,0.0,0.0,0.0,0.0,1.0,0.0,0.0,0.0,0.0,1.0,0.0,,0.0,True,Qwen/Qwen2.5-Coder-14B-Instruct-AWQ,None
487,Pie,Medium,22.141,44.2819,2,0.0,0.0,0.0,0.0,1.0,0.0,0.0,0.0,0.0,1.0,0.0,,0.0,True,Qwen/Qwen2.5-Coder-14B-Instruct-AWQ,None
487,Pie,Medium,22.141,44.2819,2,0.0,0.0,0.0,0.0,1.0,0.0,0.0,0.0,0.0,1.0,0.0,,0.0,True,Qwen/Qwen2.5-Coder-14B-Instruct-AWQ,None
488,Bar,Medium,29.8978,59.7957,2,0.0,0.0,0.0,0.0,0.0,0.0,0.0,0.0,0.0,0.0,1.0,0.0,0.0,True,Qwen/Qwen2.5-Coder-14B-Instruct-AWQ,None
488,Bar,Medium,29.8978,59.7957,2,0.0,0.0,0.0,0.0,0.0,0.0,0.0,0.0,0.0,0.0,1.0,0.0,0.0,True,Qwen/Qwen2.5-Coder-14B-Instruct-AWQ,None
488,Bar,Medium,29.8978,59.7957,2,0.0,0.0,0.0,0.0,0.0,0.0,0.0,0.0,0.0,0.0,1.0,0.0,0.0,True,Qwen/Qwen2.5-Coder-14B-Instruct-AWQ,None
491,Pie,Easy,59.0067,59.0067,1,0.0,0.0,0.0,0.0,0.0,0.0,0.0,0.0,0.0,0.0,1.0,0.0,0.0,False,Qwen/Qwen2.5-Coder-14B-Instruct-AWQ,None
491,Pie,Easy,59.0067,59.0067,1,0.0,0.0,0.0,0.0,0.0,0.0,0.0,0.0,0.0,0.0,1.0,0.0,0.0,False,Qwen/Qwen2.5-Coder-14B-Instruct-AWQ,None
491,Pie,Easy,59.0067,59.0067,1,0.0,0.0,0.0,0.0,0.0,0.0,0.0,0.0,0.0,0.0,1.0,0.0,0.0,False,Qwen/Qwen2.5-Coder-14B-Instruct-AWQ,None
492,Bar,Easy,0.517,0.517,1,0.0,0.0,0.0,0.0,0.0,0.0,0.0,0.0,0.0,0.0,1.0,0.0,0.0,False,Qwen/Qwen2.5-Coder-14B-Instruct-AWQ,None
492,Bar,Easy,0.517,0.517,1,0.0,0.0,0.0,0.0,0.0,0.0,0.0,0.0,0.0,0.0,1.0,0.0,0.0,False,Qwen/Qwen2.5-Coder-14B-Instruct-AWQ,None
492,Bar,Easy,0.517,0.517,1,0.0,0.0,0.0,0.0,0.0,0.0,0.0,0.0,0.0,0.0,1.0,0.0,0.0,False,Qwen/Qwen2.5-Coder-14B-Instruct-AWQ,None
494,Pie,Easy,59.2168,59.2168,1,0.0,0.0,0.0,0.0,0.0,0.0,0.0,0.0,0.0,0.0,1.0,0.0,0.0,False,Qwen/Qwen2.5-Coder-14B-Instruct-AWQ,None
494,Pie,Easy,59.2168,59.2168,1,0.0,0.0,0.0,0.0,0.0,0.0,0.0,0.0,0.0,0.0,1.0,0.0,0.0,False,Qwen/Qwen2.5-Coder-14B-Instruct-AWQ,None
494,Pie,Easy,59.2168,59.2168,1,0.0,0.0,0.0,0.0,0.0,0.0,0.0,0.0,0.0,0.0,1.0,0.0,0.0,False,Qwen/Qwen2.5-Coder-14B-Instruct-AWQ,None
505,Bar,Medium,0.4143,0.4143,1,0.0,0.0,0.0,0.0,0.0,0.0,0.0,0.0,0.0,0.0,1.0,0.0,0.0,False,Qwen/Qwen2.5-Coder-14B-Instruct-AWQ,None
505,Bar,Medium,0.4143,0.4143,1,0.0,0.0,0.0,0.0,0.0,0.0,0.0,0.0,0.0,0.0,1.0,0.0,0.0,False,Qwen/Qwen2.5-Coder-14B-Instruct-AWQ,None
505,Bar,Medium,0.4143,0.4143,1,0.0,0.0,0.0,0.0,0.0,0.0,0.0,0.0,0.0,0.0,1.0,0.0,0.0,False,Qwen/Qwen2.5-Coder-14B-Instruct-AWQ,None
513,Bar,Medium,3.7337,11.2011,3,0.3333333333333333,0.0,0.0,0.0,0.6666666666666666,0.0,0.0,0.0,0.3333333333333333,0.6666666666666666,0.0,,0.0,True,Qwen/Qwen2.5-Coder-14B-Instruct-AWQ,None
513,Bar,Medium,3.7337,11.2011,3,0.3333333333333333,0.0,0.0,0.0,0.6666666666666666,0.0,0.0,0.0,0.3333333333333333,0.6666666666666666,0.0,,0.0,True,Qwen/Qwen2.5-Coder-14B-Instruct-AWQ,None
513,Bar,Medium,3.7337,11.2011,3,0.3333333333333333,0.0,0.0,0.0,0.6666666666666666,0.0,0.0,0.0,0.3333333333333333,0.6666666666666666,0.0,,0.0,True,Qwen/Qwen2.5-Coder-14B-Instruct-AWQ,None
516,Bar,Hard,35.6142,106.8427,3,0.0,0.0,0.0,0.0,1.0,0.0,0.0,0.0,0.0,1.0,0.0,,0.0,False,Qwen/Qwen2.5-Coder-14B-Instruct-AWQ,None
516,Bar,Hard,35.6142,106.8427,3,0.0,0.0,0.0,0.0,1.0,0.0,0.0,0.0,0.0,1.0,0.0,,0.0,False,Qwen/Qwen2.5-Coder-14B-Instruct-AWQ,None
516,Bar,Hard,35.6142,106.8427,3,0.0,0.0,0.0,0.0,1.0,0.0,0.0,0.0,0.0,1.0,0.0,,0.0,False,Qwen/Qwen2.5-Coder-14B-Instruct-AWQ,None
517,Pie,Medium,29.8526,59.7052,2,0.0,0.0,0.0,0.0,0.0,0.0,0.0,0.0,0.0,0.0,1.0,0.0,0.0,False,Qwen/Qwen2.5-Coder-14B-Instruct-AWQ,None
517,Pie,Medium,29.8526,59.7052,2,0.0,0.0,0.0,0.0,0.0,0.0,0.0,0.0,0.0,0.0,1.0,0.0,0.0,False,Qwen/Qwen2.5-Coder-14B-Instruct-AWQ,None
517,Pie,Medium,29.8526,59.7052,2,0.0,0.0,0.0,0.0,0.0,0.0,0.0,0.0,0.0,0.0,1.0,0.0,0.0,False,Qwen/Qwen2.5-Coder-14B-Instruct-AWQ,None
526,Bar,Extra Hard,0.7615,1.523,2,0.0,0.0,0.0,0.0,0.5,0.0,0.0,0.0,0.0,0.5,0.5,0.0,0.0,True,Qwen/Qwen2.5-Coder-14B-Instruct-AWQ,None
526,Bar,Extra Hard,0.7615,1.523,2,0.0,0.0,0.0,0.0,0.5,0.0,0.0,0.0,0.0,0.5,0.5,0.0,0.0,True,Qwen/Qwen2.5-Coder-14B-Instruct-AWQ,None
526,Bar,Extra Hard,0.7615,1.523,2,0.0,0.0,0.0,0.0,0.5,0.0,0.0,0.0,0.0,0.5,0.5,0.0,0.0,True,Qwen/Qwen2.5-Coder-14B-Instruct-AWQ,None
527,Pie,Extra Hard,28.9917,57.9833,2,0.0,0.0,0.0,0.0,0.5,0.0,0.0,0.0,0.0,0.5,0.5,0.0,0.0,True,Qwen/Qwen2.5-Coder-14B-Instruct-AWQ,None
527,Pie,Extra Hard,28.9917,57.9833,2,0.0,0.0,0.0,0.0,0.5,0.0,0.0,0.0,0.0,0.5,0.5,0.0,0.0,True,Qwen/Qwen2.5-Coder-14B-Instruct-AWQ,None
527,Pie,Extra Hard,28.9917,57.9833,2,0.0,0.0,0.0,0.0,0.5,0.0,0.0,0.0,0.0,0.5,0.5,0.0,0.0,True,Qwen/Qwen2.5-Coder-14B-Instruct-AWQ,None
536,Scatter,Easy,59.806,119.6121,2,0.0,0.0,0.0,0.0,0.0,0.0,0.0,0.0,0.0,0.0,1.0,0.0,0.0,False,Qwen/Qwen2.5-Coder-14B-Instruct-AWQ,None
536,Scatter,Easy,59.806,119.6121,2,0.0,0.0,0.0,0.0,0.0,0.0,0.0,0.0,0.0,0.0,1.0,0.0,0.0,False,Qwen/Qwen2.5-Coder-14B-Instruct-AWQ,None
536,Scatter,Easy,59.806,119.6121,2,0.0,0.0,0.0,0.0,0.0,0.0,0.0,0.0,0.0,0.0,1.0,0.0,0.0,False,Qwen/Qwen2.5-Coder-14B-Instruct-AWQ,None
539,Grouping Scatter,Easy,20.0456,60.1367,3,0.0,0.0,0.0,0.0,0.0,0.0,0.0,0.0,0.0,0.0,1.0,0.0,0.0,False,Qwen/Qwen2.5-Coder-14B-Instruct-AWQ,None
539,Grouping Scatter,Easy,20.0456,60.1367,3,0.0,0.0,0.0,0.0,0.0,0.0,0.0,0.0,0.0,0.0,1.0,0.0,0.0,False,Qwen/Qwen2.5-Coder-14B-Instruct-AWQ,None
539,Grouping Scatter,Easy,20.0456,60.1367,3,0.0,0.0,0.0,0.0,0.0,0.0,0.0,0.0,0.0,0.0,1.0,0.0,0.0,False,Qwen/Qwen2.5-Coder-14B-Instruct-AWQ,None
540,Grouping Scatter,Easy,62.585,187.7549,3,0.3333333333333333,0.0,0.0,0.0,0.0,0.0,0.0,0.0,0.3333333333333333,0.0,0.6666666666666666,0.0,0.0,False,Qwen/Qwen2.5-Coder-14B-Instruct-AWQ,None
540,Grouping Scatter,Easy,62.585,187.7549,3,0.3333333333333333,0.0,0.0,0.0,0.0,0.0,0.0,0.0,0.3333333333333333,0.0,0.6666666666666666,0.0,0.0,False,Qwen/Qwen2.5-Coder-14B-Instruct-AWQ,None
540,Grouping Scatter,Easy,62.585,187.7549,3,0.3333333333333333,0.0,0.0,0.0,0.0,0.0,0.0,0.0,0.3333333333333333,0.0,0.6666666666666666,0.0,0.0,False,Qwen/Qwen2.5-Coder-14B-Instruct-AWQ,None
541,Grouping Scatter,Easy,4.0769,12.2306,3,0.3333333333333333,0.0,0.0,0.0,0.0,0.0,0.0,0.0,0.3333333333333333,0.0,0.6666666666666666,0.0,0.0,False,Qwen/Qwen2.5-Coder-14B-Instruct-AWQ,None
541,Grouping Scatter,Easy,4.0769,12.2306,3,0.3333333333333333,0.0,0.0,0.0,0.0,0.0,0.0,0.0,0.3333333333333333,0.0,0.6666666666666666,0.0,0.0,False,Qwen/Qwen2.5-Coder-14B-Instruct-AWQ,None
541,Grouping Scatter,Easy,4.0769,12.2306,3,0.3333333333333333,0.0,0.0,0.0,0.0,0.0,0.0,0.0,0.3333333333333333,0.0,0.6666666666666666,0.0,0.0,False,Qwen/Qwen2.5-Coder-14B-Instruct-AWQ,None
542,Pie,Medium,8.4194,25.2581,3,0.3333333333333333,0.0,0.0,0.6666666666666666,0.6666666666666666,0.0,0.0,0.0,0.3333333333333333,0.6666666666666666,0.0,,0.0,False,Qwen/Qwen2.5-Coder-14B-Instruct-AWQ,None
542,Pie,Medium,8.4194,25.2581,3,0.3333333333333333,0.0,0.0,0.6666666666666666,0.6666666666666666,0.0,0.0,0.0,0.3333333333333333,0.6666666666666666,0.0,,0.0,False,Qwen/Qwen2.5-Coder-14B-Instruct-AWQ,None
542,Pie,Medium,8.4194,25.2581,3,0.3333333333333333,0.0,0.0,0.6666666666666666,0.6666666666666666,0.0,0.0,0.0,0.3333333333333333,0.6666666666666666,0.0,,0.0,False,Qwen/Qwen2.5-Coder-14B-Instruct-AWQ,None
551,Bar,Extra Hard,1.122,2.2441,2,0.0,0.0,0.0,0.0,0.0,0.0,0.0,0.0,0.0,0.0,1.0,0.0,0.0,True,Qwen/Qwen2.5-Coder-14B-Instruct-AWQ,None
551,Bar,Extra Hard,1.122,2.2441,2,0.0,0.0,0.0,0.0,0.0,0.0,0.0,0.0,0.0,0.0,1.0,0.0,0.0,True,Qwen/Qwen2.5-Coder-14B-Instruct-AWQ,None
551,Bar,Extra Hard,1.122,2.2441,2,0.0,0.0,0.0,0.0,0.0,0.0,0.0,0.0,0.0,0.0,1.0,0.0,0.0,True,Qwen/Qwen2.5-Coder-14B-Instruct-AWQ,None
561,Bar,Medium,1.2048,2.4095,2,0.0,0.0,0.0,0.0,0.0,0.0,0.0,0.0,0.0,0.0,1.0,0.0,0.0,True,Qwen/Qwen2.5-Coder-14B-Instruct-AWQ,None
561,Bar,Medium,1.2048,2.4095,2,0.0,0.0,0.0,0.0,0.0,0.0,0.0,0.0,0.0,0.0,1.0,0.0,0.0,True,Qwen/Qwen2.5-Coder-14B-Instruct-AWQ,None
561,Bar,Medium,1.2048,2.4095,2,0.0,0.0,0.0,0.0,0.0,0.0,0.0,0.0,0.0,0.0,1.0,0.0,0.0,True,Qwen/Qwen2.5-Coder-14B-Instruct-AWQ,None
567,Bar,Medium,0.5491,1.0981,2,0.0,0.0,0.0,0.0,0.0,0.0,0.0,0.0,0.0,0.0,1.0,0.0,0.0,False,Qwen/Qwen2.5-Coder-14B-Instruct-AWQ,None
567,Bar,Medium,0.5491,1.0981,2,0.0,0.0,0.0,0.0,0.0,0.0,0.0,0.0,0.0,0.0,1.0,0.0,0.0,False,Qwen/Qwen2.5-Coder-14B-Instruct-AWQ,None
567,Bar,Medium,0.5491,1.0981,2,0.0,0.0,0.0,0.0,0.0,0.0,0.0,0.0,0.0,0.0,1.0,0.0,0.0,False,Qwen/Qwen2.5-Coder-14B-Instruct-AWQ,None
574,Bar,Medium,0.8475,4.2375,5,0.0,0.0,0.0,0.0,0.2,0.0,0.0,0.0,0.0,0.2,0.8,0.0,0.0,True,Qwen/Qwen2.5-Coder-14B-Instruct-AWQ,None
574,Bar,Medium,0.8475,4.2375,5,0.0,0.0,0.0,0.0,0.2,0.0,0.0,0.0,0.0,0.2,0.8,0.0,0.0,True,Qwen/Qwen2.5-Coder-14B-Instruct-AWQ,None
574,Bar,Medium,0.8475,4.2375,5,0.0,0.0,0.0,0.0,0.2,0.0,0.0,0.0,0.0,0.2,0.8,0.0,0.0,True,Qwen/Qwen2.5-Coder-14B-Instruct-AWQ,None
577,Pie,Extra Hard,5.962,11.924,2,0.0,0.0,0.0,0.5,0.5,0.0,0.0,0.0,0.0,0.5,0.5,0.0,0.0,True,Qwen/Qwen2.5-Coder-14B-Instruct-AWQ,None
577,Pie,Extra Hard,5.962,11.924,2,0.0,0.0,0.0,0.5,0.5,0.0,0.0,0.0,0.0,0.5,0.5,0.0,0.0,True,Qwen/Qwen2.5-Coder-14B-Instruct-AWQ,None
577,Pie,Extra Hard,5.962,11.924,2,0.0,0.0,0.0,0.5,0.5,0.0,0.0,0.0,0.0,0.5,0.5,0.0,0.0,True,Qwen/Qwen2.5-Coder-14B-Instruct-AWQ,None
582,Stacked Bar,Hard,1.3622,2.7243,2,0.0,0.0,0.0,0.0,0.0,0.0,0.0,0.0,0.0,0.0,1.0,0.0,0.0,True,Qwen/Qwen2.5-Coder-14B-Instruct-AWQ,None
582,Stacked Bar,Hard,1.3622,2.7243,2,0.0,0.0,0.0,0.0,0.0,0.0,0.0,0.0,0.0,0.0,1.0,0.0,0.0,True,Qwen/Qwen2.5-Coder-14B-Instruct-AWQ,None
582,Stacked Bar,Hard,1.3622,2.7243,2,0.0,0.0,0.0,0.0,0.0,0.0,0.0,0.0,0.0,0.0,1.0,0.0,0.0,True,Qwen/Qwen2.5-Coder-14B-Instruct-AWQ,None
591,Grouping Line,Extra Hard,1.0287,2.0574,2,0.0,0.0,0.0,0.0,1.0,0.0,0.0,0.0,0.0,1.0,0.0,,0.0,True,Qwen/Qwen2.5-Coder-14B-Instruct-AWQ,None
591,Grouping Line,Extra Hard,1.0287,2.0574,2,0.0,0.0,0.0,0.0,1.0,0.0,0.0,0.0,0.0,1.0,0.0,,0.0,True,Qwen/Qwen2.5-Coder-14B-Instruct-AWQ,None
591,Grouping Line,Extra Hard,1.0287,2.0574,2,0.0,0.0,0.0,0.0,1.0,0.0,0.0,0.0,0.0,1.0,0.0,,0.0,True,Qwen/Qwen2.5-Coder-14B-Instruct-AWQ,None
593,Bar,Extra Hard,0.7608,1.5216,2,0.0,0.0,0.0,0.0,0.0,0.0,0.0,0.0,0.0,0.0,1.0,0.0,0.0,True,Qwen/Qwen2.5-Coder-14B-Instruct-AWQ,None
593,Bar,Extra Hard,0.7608,1.5216,2,0.0,0.0,0.0,0.0,0.0,0.0,0.0,0.0,0.0,0.0,1.0,0.0,0.0,True,Qwen/Qwen2.5-Coder-14B-Instruct-AWQ,None
593,Bar,Extra Hard,0.7608,1.5216,2,0.0,0.0,0.0,0.0,0.0,0.0,0.0,0.0,0.0,0.0,1.0,0.0,0.0,True,Qwen/Qwen2.5-Coder-14B-Instruct-AWQ,None
610,Pie,Hard,0.7198,1.4397,2,0.0,0.0,0.0,0.0,0.0,0.0,0.0,0.0,0.0,0.0,1.0,0.0,0.0,True,Qwen/Qwen2.5-Coder-14B-Instruct-AWQ,None
610,Pie,Hard,0.7198,1.4397,2,0.0,0.0,0.0,0.0,0.0,0.0,0.0,0.0,0.0,0.0,1.0,0.0,0.0,True,Qwen/Qwen2.5-Coder-14B-Instruct-AWQ,None
610,Pie,Hard,0.7198,1.4397,2,0.0,0.0,0.0,0.0,0.0,0.0,0.0,0.0,0.0,0.0,1.0,0.0,0.0,True,Qwen/Qwen2.5-Coder-14B-Instruct-AWQ,None
611,Line,Hard,0.9046,1.8092,2,0.0,0.0,0.0,0.0,0.0,0.0,0.0,0.0,0.0,0.0,1.0,0.0,0.0,True,Qwen/Qwen2.5-Coder-14B-Instruct-AWQ,None
611,Line,Hard,0.9046,1.8092,2,0.0,0.0,0.0,0.0,0.0,0.0,0.0,0.0,0.0,0.0,1.0,0.0,0.0,True,Qwen/Qwen2.5-Coder-14B-Instruct-AWQ,None
611,Line,Hard,0.9046,1.8092,2,0.0,0.0,0.0,0.0,0.0,0.0,0.0,0.0,0.0,0.0,1.0,0.0,0.0,True,Qwen/Qwen2.5-Coder-14B-Instruct-AWQ,None
612,Line,Hard,0.8995,1.799,2,0.0,0.0,0.0,0.0,0.0,0.0,0.0,0.0,0.0,0.0,1.0,0.0,0.0,True,Qwen/Qwen2.5-Coder-14B-Instruct-AWQ,None
612,Line,Hard,0.8995,1.799,2,0.0,0.0,0.0,0.0,0.0,0.0,0.0,0.0,0.0,0.0,1.0,0.0,0.0,True,Qwen/Qwen2.5-Coder-14B-Instruct-AWQ,None
612,Line,Hard,0.8995,1.799,2,0.0,0.0,0.0,0.0,0.0,0.0,0.0,0.0,0.0,0.0,1.0,0.0,0.0,True,Qwen/Qwen2.5-Coder-14B-Instruct-AWQ,None
616,Bar,Medium,0.5391,1.0782,2,0.0,0.0,0.0,0.0,0.0,0.0,0.0,0.0,0.0,0.0,1.0,0.0,0.0,False,Qwen/Qwen2.5-Coder-14B-Instruct-AWQ,None
616,Bar,Medium,0.5391,1.0782,2,0.0,0.0,0.0,0.0,0.0,0.0,0.0,0.0,0.0,0.0,1.0,0.0,0.0,False,Qwen/Qwen2.5-Coder-14B-Instruct-AWQ,None
616,Bar,Medium,0.5391,1.0782,2,0.0,0.0,0.0,0.0,0.0,0.0,0.0,0.0,0.0,0.0,1.0,0.0,0.0,False,Qwen/Qwen2.5-Coder-14B-Instruct-AWQ,None
617,Bar,Medium,0.5003,1.0006,2,0.0,0.0,0.0,0.0,0.0,0.0,0.0,0.0,0.0,0.0,1.0,0.0,0.0,False,Qwen/Qwen2.5-Coder-14B-Instruct-AWQ,None
617,Bar,Medium,0.5003,1.0006,2,0.0,0.0,0.0,0.0,0.0,0.0,0.0,0.0,0.0,0.0,1.0,0.0,0.0,False,Qwen/Qwen2.5-Coder-14B-Instruct-AWQ,None
617,Bar,Medium,0.5003,1.0006,2,0.0,0.0,0.0,0.0,0.0,0.0,0.0,0.0,0.0,0.0,1.0,0.0,0.0,False,Qwen/Qwen2.5-Coder-14B-Instruct-AWQ,None
622,Scatter,Easy,4.3001,8.6002,2,0.0,0.0,0.0,0.0,0.0,0.0,0.0,0.0,0.0,0.0,1.0,0.0,0.0,False,Qwen/Qwen2.5-Coder-14B-Instruct-AWQ,None
622,Scatter,Easy,4.3001,8.6002,2,0.0,0.0,0.0,0.0,0.0,0.0,0.0,0.0,0.0,0.0,1.0,0.0,0.0,False,Qwen/Qwen2.5-Coder-14B-Instruct-AWQ,None
622,Scatter,Easy,4.3001,8.6002,2,0.0,0.0,0.0,0.0,0.0,0.0,0.0,0.0,0.0,0.0,1.0,0.0,0.0,False,Qwen/Qwen2.5-Coder-14B-Instruct-AWQ,None
628,Scatter,Extra Hard,0.8585,1.7169,2,0.0,0.0,0.0,0.0,1.0,0.0,0.0,0.0,0.0,1.0,0.0,,0.0,True,Qwen/Qwen2.5-Coder-14B-Instruct-AWQ,None
628,Scatter,Extra Hard,0.8585,1.7169,2,0.0,0.0,0.0,0.0,1.0,0.0,0.0,0.0,0.0,1.0,0.0,,0.0,True,Qwen/Qwen2.5-Coder-14B-Instruct-AWQ,None
628,Scatter,Extra Hard,0.8585,1.7169,2,0.0,0.0,0.0,0.0,1.0,0.0,0.0,0.0,0.0,1.0,0.0,,0.0,True,Qwen/Qwen2.5-Coder-14B-Instruct-AWQ,None
659,Bar,Hard,4.1251,8.2502,2,0.0,0.0,0.0,0.0,0.0,0.0,0.0,0.0,0.0,0.0,1.0,0.0,0.0,False,Qwen/Qwen2.5-Coder-14B-Instruct-AWQ,None
659,Bar,Hard,4.1251,8.2502,2,0.0,0.0,0.0,0.0,0.0,0.0,0.0,0.0,0.0,0.0,1.0,0.0,0.0,False,Qwen/Qwen2.5-Coder-14B-Instruct-AWQ,None
659,Bar,Hard,4.1251,8.2502,2,0.0,0.0,0.0,0.0,0.0,0.0,0.0,0.0,0.0,0.0,1.0,0.0,0.0,False,Qwen/Qwen2.5-Coder-14B-Instruct-AWQ,None
664,Bar,Medium,0.4368,1.3103,3,0.0,0.0,0.0,0.0,0.0,0.0,0.0,0.0,0.0,0.0,1.0,0.0,0.0,False,Qwen/Qwen2.5-Coder-14B-Instruct-AWQ,None
664,Bar,Medium,0.4368,1.3103,3,0.0,0.0,0.0,0.0,0.0,0.0,0.0,0.0,0.0,0.0,1.0,0.0,0.0,False,Qwen/Qwen2.5-Coder-14B-Instruct-AWQ,None
664,Bar,Medium,0.4368,1.3103,3,0.0,0.0,0.0,0.0,0.0,0.0,0.0,0.0,0.0,0.0,1.0,0.0,0.0,False,Qwen/Qwen2.5-Coder-14B-Instruct-AWQ,None
665,Bar,Medium,0.4141,0.8282,2,0.0,0.0,0.0,0.0,0.5,0.0,0.0,0.0,0.0,0.5,0.5,0.0,0.0,False,Qwen/Qwen2.5-Coder-14B-Instruct-AWQ,None
665,Bar,Medium,0.4141,0.8282,2,0.0,0.0,0.0,0.0,0.5,0.0,0.0,0.0,0.0,0.5,0.5,0.0,0.0,False,Qwen/Qwen2.5-Coder-14B-Instruct-AWQ,None
665,Bar,Medium,0.4141,0.8282,2,0.0,0.0,0.0,0.0,0.5,0.0,0.0,0.0,0.0,0.5,0.5,0.0,0.0,False,Qwen/Qwen2.5-Coder-14B-Instruct-AWQ,None
674,Scatter,Easy,0.3343,0.3343,1,0.0,0.0,0.0,0.0,0.0,0.0,0.0,0.0,0.0,0.0,1.0,0.0,0.0,False,Qwen/Qwen2.5-Coder-14B-Instruct-AWQ,None
674,Scatter,Easy,0.3343,0.3343,1,0.0,0.0,0.0,0.0,0.0,0.0,0.0,0.0,0.0,0.0,1.0,0.0,0.0,False,Qwen/Qwen2.5-Coder-14B-Instruct-AWQ,None
674,Scatter,Easy,0.3343,0.3343,1,0.0,0.0,0.0,0.0,0.0,0.0,0.0,0.0,0.0,0.0,1.0,0.0,0.0,False,Qwen/Qwen2.5-Coder-14B-Instruct-AWQ,None
676,Bar,Hard,1.0039,2.0078,2,0.0,0.0,0.0,0.0,1.0,0.0,0.0,0.0,0.0,1.0,0.0,,0.0,True,Qwen/Qwen2.5-Coder-14B-Instruct-AWQ,None
676,Bar,Hard,1.0039,2.0078,2,0.0,0.0,0.0,0.0,1.0,0.0,0.0,0.0,0.0,1.0,0.0,,0.0,True,Qwen/Qwen2.5-Coder-14B-Instruct-AWQ,None
676,Bar,Hard,1.0039,2.0078,2,0.0,0.0,0.0,0.0,1.0,0.0,0.0,0.0,0.0,1.0,0.0,,0.0,True,Qwen/Qwen2.5-Coder-14B-Instruct-AWQ,None
688,Bar,Easy,0.4282,1.7127,4,0.0,0.0,0.0,0.0,0.0,0.0,0.0,0.0,0.0,0.0,1.0,0.0,0.0,False,Qwen/Qwen2.5-Coder-14B-Instruct-AWQ,None
688,Bar,Easy,0.4282,1.7127,4,0.0,0.0,0.0,0.0,0.0,0.0,0.0,0.0,0.0,0.0,1.0,0.0,0.0,False,Qwen/Qwen2.5-Coder-14B-Instruct-AWQ,None
688,Bar,Easy,0.4282,1.7127,4,0.0,0.0,0.0,0.0,0.0,0.0,0.0,0.0,0.0,0.0,1.0,0.0,0.0,False,Qwen/Qwen2.5-Coder-14B-Instruct-AWQ,None
691,Pie,Hard,13.3593,40.0779,3,0.6666666666666666,0.0,0.0,0.0,0.0,0.0,0.0,0.0,0.6666666666666666,0.0,0.3333333333333333,0.0,0.0,True,Qwen/Qwen2.5-Coder-14B-Instruct-AWQ,None
691,Pie,Hard,13.3593,40.0779,3,0.6666666666666666,0.0,0.0,0.0,0.0,0.0,0.0,0.0,0.6666666666666666,0.0,0.3333333333333333,0.0,0.0,True,Qwen/Qwen2.5-Coder-14B-Instruct-AWQ,None
691,Pie,Hard,13.3593,40.0779,3,0.6666666666666666,0.0,0.0,0.0,0.0,0.0,0.0,0.0,0.6666666666666666,0.0,0.3333333333333333,0.0,0.0,True,Qwen/Qwen2.5-Coder-14B-Instruct-AWQ,None
693,Bar,Easy,6.7061,20.1183,3,0.0,0.0,0.0,0.0,0.0,0.0,0.0,0.0,0.0,0.0,1.0,0.0,0.0,False,Qwen/Qwen2.5-Coder-14B-Instruct-AWQ,None
693,Bar,Easy,6.7061,20.1183,3,0.0,0.0,0.0,0.0,0.0,0.0,0.0,0.0,0.0,0.0,1.0,0.0,0.0,False,Qwen/Qwen2.5-Coder-14B-Instruct-AWQ,None
693,Bar,Easy,6.7061,20.1183,3,0.0,0.0,0.0,0.0,0.0,0.0,0.0,0.0,0.0,0.0,1.0,0.0,0.0,False,Qwen/Qwen2.5-Coder-14B-Instruct-AWQ,None
697,Bar,Easy,0.855,1.71,2,0.0,0.0,0.0,0.0,1.0,0.0,0.0,0.0,0.0,1.0,0.0,,0.0,False,Qwen/Qwen2.5-Coder-14B-Instruct-AWQ,None
697,Bar,Easy,0.855,1.71,2,0.0,0.0,0.0,0.0,1.0,0.0,0.0,0.0,0.0,1.0,0.0,,0.0,False,Qwen/Qwen2.5-Coder-14B-Instruct-AWQ,None
697,Bar,Easy,0.855,1.71,2,0.0,0.0,0.0,0.0,1.0,0.0,0.0,0.0,0.0,1.0,0.0,,0.0,False,Qwen/Qwen2.5-Coder-14B-Instruct-AWQ,None
699,Pie,Medium,28.8804,57.7608,2,0.0,0.0,0.0,0.0,0.0,0.0,0.0,0.0,0.0,0.0,1.0,0.0,0.0,True,Qwen/Qwen2.5-Coder-14B-Instruct-AWQ,None
699,Pie,Medium,28.8804,57.7608,2,0.0,0.0,0.0,0.0,0.0,0.0,0.0,0.0,0.0,0.0,1.0,0.0,0.0,True,Qwen/Qwen2.5-Coder-14B-Instruct-AWQ,None
699,Pie,Medium,28.8804,57.7608,2,0.0,0.0,0.0,0.0,0.0,0.0,0.0,0.0,0.0,0.0,1.0,0.0,0.0,True,Qwen/Qwen2.5-Coder-14B-Instruct-AWQ,None
707,Scatter,Easy,15.0901,60.3605,4,0.0,0.0,0.0,0.0,0.0,0.0,0.0,0.0,0.0,0.0,1.0,0.0,0.0,True,Qwen/Qwen2.5-Coder-14B-Instruct-AWQ,None
707,Scatter,Easy,15.0901,60.3605,4,0.0,0.0,0.0,0.0,0.0,0.0,0.0,0.0,0.0,0.0,1.0,0.0,0.0,True,Qwen/Qwen2.5-Coder-14B-Instruct-AWQ,None
707,Scatter,Easy,15.0901,60.3605,4,0.0,0.0,0.0,0.0,0.0,0.0,0.0,0.0,0.0,0.0,1.0,0.0,0.0,True,Qwen/Qwen2.5-Coder-14B-Instruct-AWQ,None
708,Pie,Easy,29.3912,58.7823,2,0.0,0.0,0.0,0.0,0.5,0.0,0.0,0.0,0.0,0.5,0.5,0.0,0.0,False,Qwen/Qwen2.5-Coder-14B-Instruct-AWQ,None
708,Pie,Easy,29.3912,58.7823,2,0.0,0.0,0.0,0.0,0.5,0.0,0.0,0.0,0.0,0.5,0.5,0.0,0.0,False,Qwen/Qwen2.5-Coder-14B-Instruct-AWQ,None
708,Pie,Easy,29.3912,58.7823,2,0.0,0.0,0.0,0.0,0.5,0.0,0.0,0.0,0.0,0.5,0.5,0.0,0.0,False,Qwen/Qwen2.5-Coder-14B-Instruct-AWQ,None
712,Pie,Medium,20.1647,60.494,3,0.0,0.0,0.0,0.0,0.3333333333333333,0.0,0.0,0.0,0.0,0.3333333333333333,0.6666666666666666,0.0,0.0,True,Qwen/Qwen2.5-Coder-14B-Instruct-AWQ,None
712,Pie,Medium,20.1647,60.494,3,0.0,0.0,0.0,0.0,0.3333333333333333,0.0,0.0,0.0,0.0,0.3333333333333333,0.6666666666666666,0.0,0.0,True,Qwen/Qwen2.5-Coder-14B-Instruct-AWQ,None
712,Pie,Medium,20.1647,60.494,3,0.0,0.0,0.0,0.0,0.3333333333333333,0.0,0.0,0.0,0.0,0.3333333333333333,0.6666666666666666,0.0,0.0,True,Qwen/Qwen2.5-Coder-14B-Instruct-AWQ,None
714,Pie,Medium,29.9498,59.8997,2,0.0,0.0,0.0,0.0,0.0,0.0,0.0,0.0,0.0,0.0,1.0,0.0,0.0,True,Qwen/Qwen2.5-Coder-14B-Instruct-AWQ,None
714,Pie,Medium,29.9498,59.8997,2,0.0,0.0,0.0,0.0,0.0,0.0,0.0,0.0,0.0,0.0,1.0,0.0,0.0,True,Qwen/Qwen2.5-Coder-14B-Instruct-AWQ,None
714,Pie,Medium,29.9498,59.8997,2,0.0,0.0,0.0,0.0,0.0,0.0,0.0,0.0,0.0,0.0,1.0,0.0,0.0,True,Qwen/Qwen2.5-Coder-14B-Instruct-AWQ,None
718,Pie,Medium,29.4446,58.8892,2,0.0,0.0,0.0,0.0,0.0,0.0,0.0,0.0,0.0,0.0,1.0,0.0,0.0,True,Qwen/Qwen2.5-Coder-14B-Instruct-AWQ,None
718,Pie,Medium,29.4446,58.8892,2,0.0,0.0,0.0,0.0,0.0,0.0,0.0,0.0,0.0,0.0,1.0,0.0,0.0,True,Qwen/Qwen2.5-Coder-14B-Instruct-AWQ,None
718,Pie,Medium,29.4446,58.8892,2,0.0,0.0,0.0,0.0,0.0,0.0,0.0,0.0,0.0,0.0,1.0,0.0,0.0,True,Qwen/Qwen2.5-Coder-14B-Instruct-AWQ,None
722,Pie,Medium,0.6448,0.6448,1,0.0,0.0,0.0,0.0,0.0,0.0,0.0,0.0,0.0,0.0,1.0,0.0,0.0,True,Qwen/Qwen2.5-Coder-14B-Instruct-AWQ,None
722,Pie,Medium,0.6448,0.6448,1,0.0,0.0,0.0,0.0,0.0,0.0,0.0,0.0,0.0,0.0,1.0,0.0,0.0,True,Qwen/Qwen2.5-Coder-14B-Instruct-AWQ,None
722,Pie,Medium,0.6448,0.6448,1,0.0,0.0,0.0,0.0,0.0,0.0,0.0,0.0,0.0,0.0,1.0,0.0,0.0,True,Qwen/Qwen2.5-Coder-14B-Instruct-AWQ,None
743,Pie,Medium,29.8872,59.7744,2,0.0,0.0,0.0,0.0,1.0,0.0,0.0,0.0,0.0,1.0,0.0,,0.0,True,Qwen/Qwen2.5-Coder-14B-Instruct-AWQ,None
743,Pie,Medium,29.8872,59.7744,2,0.0,0.0,0.0,0.0,1.0,0.0,0.0,0.0,0.0,1.0,0.0,,0.0,True,Qwen/Qwen2.5-Coder-14B-Instruct-AWQ,None
743,Pie,Medium,29.8872,59.7744,2,0.0,0.0,0.0,0.0,1.0,0.0,0.0,0.0,0.0,1.0,0.0,,0.0,True,Qwen/Qwen2.5-Coder-14B-Instruct-AWQ,None
744,Bar,Medium,15.1044,60.4178,4,0.0,0.0,0.0,0.0,0.0,0.0,0.0,0.0,0.0,0.0,1.0,0.0,0.0,True,Qwen/Qwen2.5-Coder-14B-Instruct-AWQ,None
744,Bar,Medium,15.1044,60.4178,4,0.0,0.0,0.0,0.0,0.0,0.0,0.0,0.0,0.0,0.0,1.0,0.0,0.0,True,Qwen/Qwen2.5-Coder-14B-Instruct-AWQ,None
744,Bar,Medium,15.1044,60.4178,4,0.0,0.0,0.0,0.0,0.0,0.0,0.0,0.0,0.0,0.0,1.0,0.0,0.0,True,Qwen/Qwen2.5-Coder-14B-Instruct-AWQ,None
747,Pie,Hard,21.2488,63.7463,3,0.0,0.0,0.0,0.0,0.0,0.0,0.0,0.0,0.0,0.0,1.0,0.0,0.0,True,Qwen/Qwen2.5-Coder-14B-Instruct-AWQ,None
747,Pie,Hard,21.2488,63.7463,3,0.0,0.0,0.0,0.0,0.0,0.0,0.0,0.0,0.0,0.0,1.0,0.0,0.0,True,Qwen/Qwen2.5-Coder-14B-Instruct-AWQ,None
747,Pie,Hard,21.2488,63.7463,3,0.0,0.0,0.0,0.0,0.0,0.0,0.0,0.0,0.0,0.0,1.0,0.0,0.0,True,Qwen/Qwen2.5-Coder-14B-Instruct-AWQ,None
770,Line,Easy,37.8693,113.6079,3,0.0,0.0,0.0,0.0,0.0,0.0,0.0,0.0,0.0,0.0,1.0,0.0,0.0,False,Qwen/Qwen2.5-Coder-14B-Instruct-AWQ,None
770,Line,Easy,37.8693,113.6079,3,0.0,0.0,0.0,0.0,0.0,0.0,0.0,0.0,0.0,0.0,1.0,0.0,0.0,False,Qwen/Qwen2.5-Coder-14B-Instruct-AWQ,None
770,Line,Easy,37.8693,113.6079,3,0.0,0.0,0.0,0.0,0.0,0.0,0.0,0.0,0.0,0.0,1.0,0.0,0.0,False,Qwen/Qwen2.5-Coder-14B-Instruct-AWQ,None
778,Grouping Line,Hard,59.296,59.296,1,0.0,0.0,0.0,0.0,0.0,0.0,0.0,0.0,0.0,0.0,1.0,0.0,0.0,False,Qwen/Qwen2.5-Coder-14B-Instruct-AWQ,None
778,Grouping Line,Hard,59.296,59.296,1,0.0,0.0,0.0,0.0,0.0,0.0,0.0,0.0,0.0,0.0,1.0,0.0,0.0,False,Qwen/Qwen2.5-Coder-14B-Instruct-AWQ,None
778,Grouping Line,Hard,59.296,59.296,1,0.0,0.0,0.0,0.0,0.0,0.0,0.0,0.0,0.0,0.0,1.0,0.0,0.0,False,Qwen/Qwen2.5-Coder-14B-Instruct-AWQ,None
781,Pie,Easy,13.6548,54.6192,4,0.0,0.0,0.0,0.0,0.0,0.0,0.0,0.0,0.0,0.0,1.0,0.0,0.0,False,Qwen/Qwen2.5-Coder-14B-Instruct-AWQ,None
781,Pie,Easy,13.6548,54.6192,4,0.0,0.0,0.0,0.0,0.0,0.0,0.0,0.0,0.0,0.0,1.0,0.0,0.0,False,Qwen/Qwen2.5-Coder-14B-Instruct-AWQ,None
781,Pie,Easy,13.6548,54.6192,4,0.0,0.0,0.0,0.0,0.0,0.0,0.0,0.0,0.0,0.0,1.0,0.0,0.0,False,Qwen/Qwen2.5-Coder-14B-Instruct-AWQ,None
789,Line,Easy,0.4089,1.2266,3,0.0,0.0,0.0,0.0,0.0,0.0,0.0,0.0,0.0,0.0,1.0,0.0,0.0,False,Qwen/Qwen2.5-Coder-14B-Instruct-AWQ,None
789,Line,Easy,0.4089,1.2266,3,0.0,0.0,0.0,0.0,0.0,0.0,0.0,0.0,0.0,0.0,1.0,0.0,0.0,False,Qwen/Qwen2.5-Coder-14B-Instruct-AWQ,None
789,Line,Easy,0.4089,1.2266,3,0.0,0.0,0.0,0.0,0.0,0.0,0.0,0.0,0.0,0.0,1.0,0.0,0.0,False,Qwen/Qwen2.5-Coder-14B-Instruct-AWQ,None
790,Pie,Easy,0.4126,2.0632,5,0.0,0.0,0.0,0.0,0.0,0.0,0.0,0.0,0.0,0.0,1.0,0.0,0.0,False,Qwen/Qwen2.5-Coder-14B-Instruct-AWQ,None
790,Pie,Easy,0.4126,2.0632,5,0.0,0.0,0.0,0.0,0.0,0.0,0.0,0.0,0.0,0.0,1.0,0.0,0.0,False,Qwen/Qwen2.5-Coder-14B-Instruct-AWQ,None
790,Pie,Easy,0.4126,2.0632,5,0.0,0.0,0.0,0.0,0.0,0.0,0.0,0.0,0.0,0.0,1.0,0.0,0.0,False,Qwen/Qwen2.5-Coder-14B-Instruct-AWQ,None
793,Bar,Medium,0.7549,1.5098,2,0.0,0.0,0.0,0.0,1.0,0.0,0.0,0.0,0.0,1.0,0.0,,0.0,True,Qwen/Qwen2.5-Coder-14B-Instruct-AWQ,None
793,Bar,Medium,0.7549,1.5098,2,0.0,0.0,0.0,0.0,1.0,0.0,0.0,0.0,0.0,1.0,0.0,,0.0,True,Qwen/Qwen2.5-Coder-14B-Instruct-AWQ,None
793,Bar,Medium,0.7549,1.5098,2,0.0,0.0,0.0,0.0,1.0,0.0,0.0,0.0,0.0,1.0,0.0,,0.0,True,Qwen/Qwen2.5-Coder-14B-Instruct-AWQ,None
802,Pie,Easy,0.4673,1.8692,4,0.0,0.0,0.0,0.0,0.0,0.0,0.0,0.0,0.0,0.0,1.0,0.0,0.0,False,Qwen/Qwen2.5-Coder-14B-Instruct-AWQ,None
802,Pie,Easy,0.4673,1.8692,4,0.0,0.0,0.0,0.0,0.0,0.0,0.0,0.0,0.0,0.0,1.0,0.0,0.0,False,Qwen/Qwen2.5-Coder-14B-Instruct-AWQ,None
802,Pie,Easy,0.4673,1.8692,4,0.0,0.0,0.0,0.0,0.0,0.0,0.0,0.0,0.0,0.0,1.0,0.0,0.0,False,Qwen/Qwen2.5-Coder-14B-Instruct-AWQ,None
803,Bar,Easy,0.4905,2.4527,5,0.0,0.0,0.0,0.0,0.0,0.0,0.0,0.0,0.0,0.0,1.0,0.0,0.0,False,Qwen/Qwen2.5-Coder-14B-Instruct-AWQ,None
803,Bar,Easy,0.4905,2.4527,5,0.0,0.0,0.0,0.0,0.0,0.0,0.0,0.0,0.0,0.0,1.0,0.0,0.0,False,Qwen/Qwen2.5-Coder-14B-Instruct-AWQ,None
803,Bar,Easy,0.4905,2.4527,5,0.0,0.0,0.0,0.0,0.0,0.0,0.0,0.0,0.0,0.0,1.0,0.0,0.0,False,Qwen/Qwen2.5-Coder-14B-Instruct-AWQ,None
809,Bar,Easy,0.4615,1.3846,3,0.0,0.0,0.0,0.0,0.0,0.0,0.0,0.0,0.0,0.0,1.0,0.0,0.0,False,Qwen/Qwen2.5-Coder-14B-Instruct-AWQ,None
809,Bar,Easy,0.4615,1.3846,3,0.0,0.0,0.0,0.0,0.0,0.0,0.0,0.0,0.0,0.0,1.0,0.0,0.0,False,Qwen/Qwen2.5-Coder-14B-Instruct-AWQ,None
809,Bar,Easy,0.4615,1.3846,3,0.0,0.0,0.0,0.0,0.0,0.0,0.0,0.0,0.0,0.0,1.0,0.0,0.0,False,Qwen/Qwen2.5-Coder-14B-Instruct-AWQ,None
812,Bar,Medium,0.5377,1.0753,2,0.0,0.0,0.0,0.0,0.0,0.0,0.0,0.0,0.0,0.0,1.0,0.0,0.0,True,Qwen/Qwen2.5-Coder-14B-Instruct-AWQ,None
812,Bar,Medium,0.5377,1.0753,2,0.0,0.0,0.0,0.0,0.0,0.0,0.0,0.0,0.0,0.0,1.0,0.0,0.0,True,Qwen/Qwen2.5-Coder-14B-Instruct-AWQ,None
812,Bar,Medium,0.5377,1.0753,2,0.0,0.0,0.0,0.0,0.0,0.0,0.0,0.0,0.0,0.0,1.0,0.0,0.0,True,Qwen/Qwen2.5-Coder-14B-Instruct-AWQ,None
815,Pie,Medium,0.6416,0.6416,1,0.0,0.0,0.0,0.0,0.0,0.0,0.0,0.0,0.0,0.0,1.0,0.0,0.0,True,Qwen/Qwen2.5-Coder-14B-Instruct-AWQ,None
815,Pie,Medium,0.6416,0.6416,1,0.0,0.0,0.0,0.0,0.0,0.0,0.0,0.0,0.0,0.0,1.0,0.0,0.0,True,Qwen/Qwen2.5-Coder-14B-Instruct-AWQ,None
815,Pie,Medium,0.6416,0.6416,1,0.0,0.0,0.0,0.0,0.0,0.0,0.0,0.0,0.0,0.0,1.0,0.0,0.0,True,Qwen/Qwen2.5-Coder-14B-Instruct-AWQ,None
817,Bar,Medium,0.5612,0.5612,1,0.0,0.0,0.0,0.0,0.0,0.0,0.0,0.0,0.0,0.0,1.0,0.0,0.0,True,Qwen/Qwen2.5-Coder-14B-Instruct-AWQ,None
817,Bar,Medium,0.5612,0.5612,1,0.0,0.0,0.0,0.0,0.0,0.0,0.0,0.0,0.0,0.0,1.0,0.0,0.0,True,Qwen/Qwen2.5-Coder-14B-Instruct-AWQ,None
817,Bar,Medium,0.5612,0.5612,1,0.0,0.0,0.0,0.0,0.0,0.0,0.0,0.0,0.0,0.0,1.0,0.0,0.0,True,Qwen/Qwen2.5-Coder-14B-Instruct-AWQ,None
832,Bar,Medium,0.5122,1.0244,2,0.0,0.0,0.0,0.0,0.0,0.0,0.0,0.0,0.0,0.0,1.0,0.0,0.0,True,Qwen/Qwen2.5-Coder-14B-Instruct-AWQ,None
832,Bar,Medium,0.5122,1.0244,2,0.0,0.0,0.0,0.0,0.0,0.0,0.0,0.0,0.0,0.0,1.0,0.0,0.0,True,Qwen/Qwen2.5-Coder-14B-Instruct-AWQ,None
832,Bar,Medium,0.5122,1.0244,2,0.0,0.0,0.0,0.0,0.0,0.0,0.0,0.0,0.0,0.0,1.0,0.0,0.0,True,Qwen/Qwen2.5-Coder-14B-Instruct-AWQ,None
834,Pie,Medium,0.466,0.9321,2,0.0,0.0,0.0,0.0,0.0,0.0,0.0,0.0,0.0,0.0,1.0,0.0,0.0,True,Qwen/Qwen2.5-Coder-14B-Instruct-AWQ,None
834,Pie,Medium,0.466,0.9321,2,0.0,0.0,0.0,0.0,0.0,0.0,0.0,0.0,0.0,0.0,1.0,0.0,0.0,True,Qwen/Qwen2.5-Coder-14B-Instruct-AWQ,None
834,Pie,Medium,0.466,0.9321,2,0.0,0.0,0.0,0.0,0.0,0.0,0.0,0.0,0.0,0.0,1.0,0.0,0.0,True,Qwen/Qwen2.5-Coder-14B-Instruct-AWQ,None
838,Pie,Medium,7.2543,14.5086,2,0.5,0.0,0.0,0.0,0.0,0.0,0.0,0.0,0.5,0.0,0.5,0.0,0.0,True,Qwen/Qwen2.5-Coder-14B-Instruct-AWQ,None
838,Pie,Medium,7.2543,14.5086,2,0.5,0.0,0.0,0.0,0.0,0.0,0.0,0.0,0.5,0.0,0.5,0.0,0.0,True,Qwen/Qwen2.5-Coder-14B-Instruct-AWQ,None
838,Pie,Medium,7.2543,14.5086,2,0.5,0.0,0.0,0.0,0.0,0.0,0.0,0.0,0.5,0.0,0.5,0.0,0.0,True,Qwen/Qwen2.5-Coder-14B-Instruct-AWQ,None
856,Pie,Hard,1.0365,1.0365,1,0.0,0.0,0.0,0.0,0.0,0.0,0.0,0.0,0.0,0.0,1.0,0.0,0.0,True,Qwen/Qwen2.5-Coder-14B-Instruct-AWQ,None
856,Pie,Hard,1.0365,1.0365,1,0.0,0.0,0.0,0.0,0.0,0.0,0.0,0.0,0.0,0.0,1.0,0.0,0.0,True,Qwen/Qwen2.5-Coder-14B-Instruct-AWQ,None
856,Pie,Hard,1.0365,1.0365,1,0.0,0.0,0.0,0.0,0.0,0.0,0.0,0.0,0.0,0.0,1.0,0.0,0.0,True,Qwen/Qwen2.5-Coder-14B-Instruct-AWQ,None
858,Pie,Easy,0.419,0.419,1,0.0,0.0,0.0,0.0,0.0,0.0,0.0,0.0,0.0,0.0,1.0,0.0,0.0,False,Qwen/Qwen2.5-Coder-14B-Instruct-AWQ,None
858,Pie,Easy,0.419,0.419,1,0.0,0.0,0.0,0.0,0.0,0.0,0.0,0.0,0.0,0.0,1.0,0.0,0.0,False,Qwen/Qwen2.5-Coder-14B-Instruct-AWQ,None
858,Pie,Easy,0.419,0.419,1,0.0,0.0,0.0,0.0,0.0,0.0,0.0,0.0,0.0,0.0,1.0,0.0,0.0,False,Qwen/Qwen2.5-Coder-14B-Instruct-AWQ,None
868,Line,Hard,1.091,4.364,4,0.0,0.0,0.0,0.0,0.0,0.0,0.0,0.0,0.0,0.0,1.0,0.0,0.0,True,Qwen/Qwen2.5-Coder-14B-Instruct-AWQ,None
868,Line,Hard,1.091,4.364,4,0.0,0.0,0.0,0.0,0.0,0.0,0.0,0.0,0.0,0.0,1.0,0.0,0.0,True,Qwen/Qwen2.5-Coder-14B-Instruct-AWQ,None
868,Line,Hard,1.091,4.364,4,0.0,0.0,0.0,0.0,0.0,0.0,0.0,0.0,0.0,0.0,1.0,0.0,0.0,True,Qwen/Qwen2.5-Coder-14B-Instruct-AWQ,None
874,Pie,Medium,0.7449,1.4897,2,0.0,0.0,0.0,0.0,1.0,0.0,0.0,0.0,0.0,1.0,0.0,,0.0,True,Qwen/Qwen2.5-Coder-14B-Instruct-AWQ,None
874,Pie,Medium,0.7449,1.4897,2,0.0,0.0,0.0,0.0,1.0,0.0,0.0,0.0,0.0,1.0,0.0,,0.0,True,Qwen/Qwen2.5-Coder-14B-Instruct-AWQ,None
874,Pie,Medium,0.7449,1.4897,2,0.0,0.0,0.0,0.0,1.0,0.0,0.0,0.0,0.0,1.0,0.0,,0.0,True,Qwen/Qwen2.5-Coder-14B-Instruct-AWQ,None
875,Bar,Medium,0.7828,1.5656,2,0.0,0.0,0.0,0.0,0.0,0.0,0.0,0.0,0.0,0.0,1.0,0.0,0.0,True,Qwen/Qwen2.5-Coder-14B-Instruct-AWQ,None
875,Bar,Medium,0.7828,1.5656,2,0.0,0.0,0.0,0.0,0.0,0.0,0.0,0.0,0.0,0.0,1.0,0.0,0.0,True,Qwen/Qwen2.5-Coder-14B-Instruct-AWQ,None
875,Bar,Medium,0.7828,1.5656,2,0.0,0.0,0.0,0.0,0.0,0.0,0.0,0.0,0.0,0.0,1.0,0.0,0.0,True,Qwen/Qwen2.5-Coder-14B-Instruct-AWQ,None
880,Line,Hard,0.9458,2.8373,3,0.0,0.0,0.0,0.0,0.0,0.0,0.0,0.0,0.0,0.0,1.0,0.0,0.0,True,Qwen/Qwen2.5-Coder-14B-Instruct-AWQ,None
880,Line,Hard,0.9458,2.8373,3,0.0,0.0,0.0,0.0,0.0,0.0,0.0,0.0,0.0,0.0,1.0,0.0,0.0,True,Qwen/Qwen2.5-Coder-14B-Instruct-AWQ,None
880,Line,Hard,0.9458,2.8373,3,0.0,0.0,0.0,0.0,0.0,0.0,0.0,0.0,0.0,0.0,1.0,0.0,0.0,True,Qwen/Qwen2.5-Coder-14B-Instruct-AWQ,None
883,Pie,Hard,6.6811,26.7246,4,0.25,0.0,0.0,0.5,0.75,0.0,0.0,0.0,0.25,0.75,0.0,,0.0,True,Qwen/Qwen2.5-Coder-14B-Instruct-AWQ,None
883,Pie,Hard,6.6811,26.7246,4,0.25,0.0,0.0,0.5,0.75,0.0,0.0,0.0,0.25,0.75,0.0,,0.0,True,Qwen/Qwen2.5-Coder-14B-Instruct-AWQ,None
883,Pie,Hard,6.6811,26.7246,4,0.25,0.0,0.0,0.5,0.75,0.0,0.0,0.0,0.25,0.75,0.0,,0.0,True,Qwen/Qwen2.5-Coder-14B-Instruct-AWQ,None
887,Pie,Easy,0.5267,2.1068,4,0.0,0.0,0.0,0.0,0.0,0.0,0.0,0.0,0.0,0.0,1.0,0.0,0.0,False,Qwen/Qwen2.5-Coder-14B-Instruct-AWQ,None
887,Pie,Easy,0.5267,2.1068,4,0.0,0.0,0.0,0.0,0.0,0.0,0.0,0.0,0.0,0.0,1.0,0.0,0.0,False,Qwen/Qwen2.5-Coder-14B-Instruct-AWQ,None
887,Pie,Easy,0.5267,2.1068,4,0.0,0.0,0.0,0.0,0.0,0.0,0.0,0.0,0.0,0.0,1.0,0.0,0.0,False,Qwen/Qwen2.5-Coder-14B-Instruct-AWQ,None
906,Pie,Easy,0.3671,1.8357,5,0.0,0.0,0.0,0.0,0.0,0.0,0.0,0.0,0.0,0.0,1.0,0.0,0.0,False,Qwen/Qwen2.5-Coder-14B-Instruct-AWQ,None
906,Pie,Easy,0.3671,1.8357,5,0.0,0.0,0.0,0.0,0.0,0.0,0.0,0.0,0.0,0.0,1.0,0.0,0.0,False,Qwen/Qwen2.5-Coder-14B-Instruct-AWQ,None
906,Pie,Easy,0.3671,1.8357,5,0.0,0.0,0.0,0.0,0.0,0.0,0.0,0.0,0.0,0.0,1.0,0.0,0.0,False,Qwen/Qwen2.5-Coder-14B-Instruct-AWQ,None
908,Pie,Easy,0.426,2.1299,5,0.0,0.0,0.0,0.0,0.0,0.0,0.0,0.0,0.0,0.0,1.0,0.0,0.0,False,Qwen/Qwen2.5-Coder-14B-Instruct-AWQ,None
908,Pie,Easy,0.426,2.1299,5,0.0,0.0,0.0,0.0,0.0,0.0,0.0,0.0,0.0,0.0,1.0,0.0,0.0,False,Qwen/Qwen2.5-Coder-14B-Instruct-AWQ,None
908,Pie,Easy,0.426,2.1299,5,0.0,0.0,0.0,0.0,0.0,0.0,0.0,0.0,0.0,0.0,1.0,0.0,0.0,False,Qwen/Qwen2.5-Coder-14B-Instruct-AWQ,None
910,Pie,Medium,0.7114,2.8457,4,0.0,0.0,0.0,0.0,0.0,0.0,0.0,0.0,0.0,0.0,1.0,0.0,0.0,True,Qwen/Qwen2.5-Coder-14B-Instruct-AWQ,None
910,Pie,Medium,0.7114,2.8457,4,0.0,0.0,0.0,0.0,0.0,0.0,0.0,0.0,0.0,0.0,1.0,0.0,0.0,True,Qwen/Qwen2.5-Coder-14B-Instruct-AWQ,None
910,Pie,Medium,0.7114,2.8457,4,0.0,0.0,0.0,0.0,0.0,0.0,0.0,0.0,0.0,0.0,1.0,0.0,0.0,True,Qwen/Qwen2.5-Coder-14B-Instruct-AWQ,None
912,Bar,Medium,0.8593,0.8593,1,0.0,0.0,0.0,0.0,0.0,0.0,0.0,0.0,0.0,0.0,1.0,0.0,0.0,True,Qwen/Qwen2.5-Coder-14B-Instruct-AWQ,None
912,Bar,Medium,0.8593,0.8593,1,0.0,0.0,0.0,0.0,0.0,0.0,0.0,0.0,0.0,0.0,1.0,0.0,0.0,True,Qwen/Qwen2.5-Coder-14B-Instruct-AWQ,None
912,Bar,Medium,0.8593,0.8593,1,0.0,0.0,0.0,0.0,0.0,0.0,0.0,0.0,0.0,0.0,1.0,0.0,0.0,True,Qwen/Qwen2.5-Coder-14B-Instruct-AWQ,None
914,Bar,Hard,0.8216,1.6431,2,0.0,0.0,0.0,0.0,0.0,0.0,0.0,0.0,0.0,0.0,1.0,0.0,0.0,True,Qwen/Qwen2.5-Coder-14B-Instruct-AWQ,None
914,Bar,Hard,0.8216,1.6431,2,0.0,0.0,0.0,0.0,0.0,0.0,0.0,0.0,0.0,0.0,1.0,0.0,0.0,True,Qwen/Qwen2.5-Coder-14B-Instruct-AWQ,None
914,Bar,Hard,0.8216,1.6431,2,0.0,0.0,0.0,0.0,0.0,0.0,0.0,0.0,0.0,0.0,1.0,0.0,0.0,True,Qwen/Qwen2.5-Coder-14B-Instruct-AWQ,None
924,Bar,Medium,0.8326,0.8326,1,0.0,0.0,0.0,0.0,0.0,0.0,0.0,0.0,0.0,0.0,1.0,0.0,0.0,False,Qwen/Qwen2.5-Coder-14B-Instruct-AWQ,None
924,Bar,Medium,0.8326,0.8326,1,0.0,0.0,0.0,0.0,0.0,0.0,0.0,0.0,0.0,0.0,1.0,0.0,0.0,False,Qwen/Qwen2.5-Coder-14B-Instruct-AWQ,None
924,Bar,Medium,0.8326,0.8326,1,0.0,0.0,0.0,0.0,0.0,0.0,0.0,0.0,0.0,0.0,1.0,0.0,0.0,False,Qwen/Qwen2.5-Coder-14B-Instruct-AWQ,None
926,Bar,Easy,0.46,1.38,3,0.0,0.0,0.0,0.0,0.0,0.0,0.0,0.0,0.0,0.0,1.0,0.0,0.0,False,Qwen/Qwen2.5-Coder-14B-Instruct-AWQ,None
926,Bar,Easy,0.46,1.38,3,0.0,0.0,0.0,0.0,0.0,0.0,0.0,0.0,0.0,0.0,1.0,0.0,0.0,False,Qwen/Qwen2.5-Coder-14B-Instruct-AWQ,None
926,Bar,Easy,0.46,1.38,3,0.0,0.0,0.0,0.0,0.0,0.0,0.0,0.0,0.0,0.0,1.0,0.0,0.0,False,Qwen/Qwen2.5-Coder-14B-Instruct-AWQ,None
961,Bar,Medium,0.7957,3.1828,4,0.0,0.0,0.0,0.0,0.0,0.0,0.0,0.0,0.0,0.0,1.0,0.0,0.0,True,Qwen/Qwen2.5-Coder-14B-Instruct-AWQ,None
961,Bar,Medium,0.7957,3.1828,4,0.0,0.0,0.0,0.0,0.0,0.0,0.0,0.0,0.0,0.0,1.0,0.0,0.0,True,Qwen/Qwen2.5-Coder-14B-Instruct-AWQ,None
961,Bar,Medium,0.7957,3.1828,4,0.0,0.0,0.0,0.0,0.0,0.0,0.0,0.0,0.0,0.0,1.0,0.0,0.0,True,Qwen/Qwen2.5-Coder-14B-Instruct-AWQ,None
971,Pie,Easy,0.4476,1.3427,3,0.0,0.0,0.0,0.0,0.3333333333333333,0.0,0.0,0.0,0.0,0.3333333333333333,0.6666666666666666,0.0,0.0,False,Qwen/Qwen2.5-Coder-14B-Instruct-AWQ,None
971,Pie,Easy,0.4476,1.3427,3,0.0,0.0,0.0,0.0,0.3333333333333333,0.0,0.0,0.0,0.0,0.3333333333333333,0.6666666666666666,0.0,0.0,False,Qwen/Qwen2.5-Coder-14B-Instruct-AWQ,None
971,Pie,Easy,0.4476,1.3427,3,0.0,0.0,0.0,0.0,0.3333333333333333,0.0,0.0,0.0,0.0,0.3333333333333333,0.6666666666666666,0.0,0.0,False,Qwen/Qwen2.5-Coder-14B-Instruct-AWQ,None
975,Bar,Hard,1.0834,2.1668,2,0.0,0.0,0.0,0.0,0.0,0.0,0.0,0.0,0.0,0.0,1.0,0.0,0.0,True,Qwen/Qwen2.5-Coder-14B-Instruct-AWQ,None
975,Bar,Hard,1.0834,2.1668,2,0.0,0.0,0.0,0.0,0.0,0.0,0.0,0.0,0.0,0.0,1.0,0.0,0.0,True,Qwen/Qwen2.5-Coder-14B-Instruct-AWQ,None
975,Bar,Hard,1.0834,2.1668,2,0.0,0.0,0.0,0.0,0.0,0.0,0.0,0.0,0.0,0.0,1.0,0.0,0.0,True,Qwen/Qwen2.5-Coder-14B-Instruct-AWQ,None
990,Bar,Medium,1.0185,2.0369,2,0.0,0.0,0.0,0.0,0.0,0.0,0.0,0.0,0.0,0.0,1.0,0.0,0.0,True,Qwen/Qwen2.5-Coder-14B-Instruct-AWQ,None
990,Bar,Medium,1.0185,2.0369,2,0.0,0.0,0.0,0.0,0.0,0.0,0.0,0.0,0.0,0.0,1.0,0.0,0.0,True,Qwen/Qwen2.5-Coder-14B-Instruct-AWQ,None
990,Bar,Medium,1.0185,2.0369,2,0.0,0.0,0.0,0.0,0.0,0.0,0.0,0.0,0.0,0.0,1.0,0.0,0.0,True,Qwen/Qwen2.5-Coder-14B-Instruct-AWQ,None
994,Bar,Medium,0.7467,0.7467,1,0.0,0.0,0.0,0.0,0.0,0.0,0.0,0.0,0.0,0.0,1.0,0.0,0.0,True,Qwen/Qwen2.5-Coder-14B-Instruct-AWQ,None
994,Bar,Medium,0.7467,0.7467,1,0.0,0.0,0.0,0.0,0.0,0.0,0.0,0.0,0.0,0.0,1.0,0.0,0.0,True,Qwen/Qwen2.5-Coder-14B-Instruct-AWQ,None
994,Bar,Medium,0.7467,0.7467,1,0.0,0.0,0.0,0.0,0.0,0.0,0.0,0.0,0.0,0.0,1.0,0.0,0.0,True,Qwen/Qwen2.5-Coder-14B-Instruct-AWQ,None
998,Line,Medium,0.5771,0.5771,1,0.0,0.0,0.0,0.0,0.0,0.0,0.0,0.0,0.0,0.0,1.0,0.0,0.0,True,Qwen/Qwen2.5-Coder-14B-Instruct-AWQ,None
998,Line,Medium,0.5771,0.5771,1,0.0,0.0,0.0,0.0,0.0,0.0,0.0,0.0,0.0,0.0,1.0,0.0,0.0,True,Qwen/Qwen2.5-Coder-14B-Instruct-AWQ,None
998,Line,Medium,0.5771,0.5771,1,0.0,0.0,0.0,0.0,0.0,0.0,0.0,0.0,0.0,0.0,1.0,0.0,0.0,True,Qwen/Qwen2.5-Coder-14B-Instruct-AWQ,None
999,Pie,Easy,0.4176,0.4176,1,0.0,0.0,0.0,0.0,0.0,0.0,0.0,0.0,0.0,0.0,1.0,0.0,0.0,False,Qwen/Qwen2.5-Coder-14B-Instruct-AWQ,None
999,Pie,Easy,0.4176,0.4176,1,0.0,0.0,0.0,0.0,0.0,0.0,0.0,0.0,0.0,0.0,1.0,0.0,0.0,False,Qwen/Qwen2.5-Coder-14B-Instruct-AWQ,None
999,Pie,Easy,0.4176,0.4176,1,0.0,0.0,0.0,0.0,0.0,0.0,0.0,0.0,0.0,0.0,1.0,0.0,0.0,False,Qwen/Qwen2.5-Coder-14B-Instruct-AWQ,None
1001,Bar,Medium,10.7048,21.4096,2,1.0,0.0,0.0,0.0,0.0,0.0,0.0,0.0,1.0,0.0,0.0,,0.0,True,Qwen/Qwen2.5-Coder-14B-Instruct-AWQ,None
1001,Bar,Medium,10.7048,21.4096,2,1.0,0.0,0.0,0.0,0.0,0.0,0.0,0.0,1.0,0.0,0.0,,0.0,True,Qwen/Qwen2.5-Coder-14B-Instruct-AWQ,None
1001,Bar,Medium,10.7048,21.4096,2,1.0,0.0,0.0,0.0,0.0,0.0,0.0,0.0,1.0,0.0,0.0,,0.0,True,Qwen/Qwen2.5-Coder-14B-Instruct-AWQ,None
1003,Pie,Medium,13.1995,26.399,2,1.0,0.0,0.0,0.0,0.0,0.0,0.0,0.0,1.0,0.0,0.0,,0.0,True,Qwen/Qwen2.5-Coder-14B-Instruct-AWQ,None
1003,Pie,Medium,13.1995,26.399,2,1.0,0.0,0.0,0.0,0.0,0.0,0.0,0.0,1.0,0.0,0.0,,0.0,True,Qwen/Qwen2.5-Coder-14B-Instruct-AWQ,None
1003,Pie,Medium,13.1995,26.399,2,1.0,0.0,0.0,0.0,0.0,0.0,0.0,0.0,1.0,0.0,0.0,,0.0,True,Qwen/Qwen2.5-Coder-14B-Instruct-AWQ,None
1007,Pie,Hard,0.6554,0.6554,1,0.0,0.0,0.0,0.0,0.0,0.0,0.0,0.0,0.0,0.0,1.0,0.0,0.0,False,Qwen/Qwen2.5-Coder-14B-Instruct-AWQ,None
1007,Pie,Hard,0.6554,0.6554,1,0.0,0.0,0.0,0.0,0.0,0.0,0.0,0.0,0.0,0.0,1.0,0.0,0.0,False,Qwen/Qwen2.5-Coder-14B-Instruct-AWQ,None
1007,Pie,Hard,0.6554,0.6554,1,0.0,0.0,0.0,0.0,0.0,0.0,0.0,0.0,0.0,0.0,1.0,0.0,0.0,False,Qwen/Qwen2.5-Coder-14B-Instruct-AWQ,None
1008,Pie,Hard,0.6072,0.6072,1,0.0,0.0,0.0,0.0,0.0,0.0,0.0,0.0,0.0,0.0,1.0,0.0,0.0,False,Qwen/Qwen2.5-Coder-14B-Instruct-AWQ,None
1008,Pie,Hard,0.6072,0.6072,1,0.0,0.0,0.0,0.0,0.0,0.0,0.0,0.0,0.0,0.0,1.0,0.0,0.0,False,Qwen/Qwen2.5-Coder-14B-Instruct-AWQ,None
1008,Pie,Hard,0.6072,0.6072,1,0.0,0.0,0.0,0.0,0.0,0.0,0.0,0.0,0.0,0.0,1.0,0.0,0.0,False,Qwen/Qwen2.5-Coder-14B-Instruct-AWQ,None
1012,Bar,Easy,0.3838,1.1513,3,0.0,0.0,0.0,0.0,0.0,0.0,0.0,0.0,0.0,0.0,1.0,0.0,0.0,False,Qwen/Qwen2.5-Coder-14B-Instruct-AWQ,None
1012,Bar,Easy,0.3838,1.1513,3,0.0,0.0,0.0,0.0,0.0,0.0,0.0,0.0,0.0,0.0,1.0,0.0,0.0,False,Qwen/Qwen2.5-Coder-14B-Instruct-AWQ,None
1012,Bar,Easy,0.3838,1.1513,3,0.0,0.0,0.0,0.0,0.0,0.0,0.0,0.0,0.0,0.0,1.0,0.0,0.0,False,Qwen/Qwen2.5-Coder-14B-Instruct-AWQ,None
1014,Pie,Easy,0.4711,0.9421,2,0.0,0.0,0.0,0.0,0.0,0.0,0.0,0.0,0.0,0.0,1.0,0.0,0.0,False,Qwen/Qwen2.5-Coder-14B-Instruct-AWQ,None
1014,Pie,Easy,0.4711,0.9421,2,0.0,0.0,0.0,0.0,0.0,0.0,0.0,0.0,0.0,0.0,1.0,0.0,0.0,False,Qwen/Qwen2.5-Coder-14B-Instruct-AWQ,None
1014,Pie,Easy,0.4711,0.9421,2,0.0,0.0,0.0,0.0,0.0,0.0,0.0,0.0,0.0,0.0,1.0,0.0,0.0,False,Qwen/Qwen2.5-Coder-14B-Instruct-AWQ,None
1018,Pie,Medium,0.7744,0.7744,1,0.0,0.0,0.0,0.0,0.0,0.0,0.0,0.0,0.0,0.0,1.0,0.0,0.0,True,Qwen/Qwen2.5-Coder-14B-Instruct-AWQ,None
1018,Pie,Medium,0.7744,0.7744,1,0.0,0.0,0.0,0.0,0.0,0.0,0.0,0.0,0.0,0.0,1.0,0.0,0.0,True,Qwen/Qwen2.5-Coder-14B-Instruct-AWQ,None
1018,Pie,Medium,0.7744,0.7744,1,0.0,0.0,0.0,0.0,0.0,0.0,0.0,0.0,0.0,0.0,1.0,0.0,0.0,True,Qwen/Qwen2.5-Coder-14B-Instruct-AWQ,None
1021,Pie,Easy,0.432,0.8641,2,0.0,0.0,0.0,0.0,0.0,0.0,0.0,0.0,0.0,0.0,1.0,0.0,0.0,False,Qwen/Qwen2.5-Coder-14B-Instruct-AWQ,None
1021,Pie,Easy,0.432,0.8641,2,0.0,0.0,0.0,0.0,0.0,0.0,0.0,0.0,0.0,0.0,1.0,0.0,0.0,False,Qwen/Qwen2.5-Coder-14B-Instruct-AWQ,None
1021,Pie,Easy,0.432,0.8641,2,0.0,0.0,0.0,0.0,0.0,0.0,0.0,0.0,0.0,0.0,1.0,0.0,0.0,False,Qwen/Qwen2.5-Coder-14B-Instruct-AWQ,None
1024,Bar,Medium,0.3888,0.3888,1,0.0,0.0,0.0,0.0,0.0,0.0,0.0,0.0,0.0,0.0,1.0,0.0,0.0,False,Qwen/Qwen2.5-Coder-14B-Instruct-AWQ,None
1024,Bar,Medium,0.3888,0.3888,1,0.0,0.0,0.0,0.0,0.0,0.0,0.0,0.0,0.0,0.0,1.0,0.0,0.0,False,Qwen/Qwen2.5-Coder-14B-Instruct-AWQ,None
1024,Bar,Medium,0.3888,0.3888,1,0.0,0.0,0.0,0.0,0.0,0.0,0.0,0.0,0.0,0.0,1.0,0.0,0.0,False,Qwen/Qwen2.5-Coder-14B-Instruct-AWQ,None
1037,Bar,Easy,0.5005,1.5014,3,0.0,0.0,0.0,0.0,0.0,0.0,0.0,0.0,0.0,0.0,1.0,0.0,0.0,False,Qwen/Qwen2.5-Coder-14B-Instruct-AWQ,None
1037,Bar,Easy,0.5005,1.5014,3,0.0,0.0,0.0,0.0,0.0,0.0,0.0,0.0,0.0,0.0,1.0,0.0,0.0,False,Qwen/Qwen2.5-Coder-14B-Instruct-AWQ,None
1037,Bar,Easy,0.5005,1.5014,3,0.0,0.0,0.0,0.0,0.0,0.0,0.0,0.0,0.0,0.0,1.0,0.0,0.0,False,Qwen/Qwen2.5-Coder-14B-Instruct-AWQ,None
1059,Pie,Medium,0.6524,2.6095,4,0.0,0.0,0.0,0.0,0.0,0.0,0.0,0.0,0.0,0.0,1.0,0.0,0.0,True,Qwen/Qwen2.5-Coder-14B-Instruct-AWQ,None
1059,Pie,Medium,0.6524,2.6095,4,0.0,0.0,0.0,0.0,0.0,0.0,0.0,0.0,0.0,0.0,1.0,0.0,0.0,True,Qwen/Qwen2.5-Coder-14B-Instruct-AWQ,None
1059,Pie,Medium,0.6524,2.6095,4,0.0,0.0,0.0,0.0,0.0,0.0,0.0,0.0,0.0,0.0,1.0,0.0,0.0,True,Qwen/Qwen2.5-Coder-14B-Instruct-AWQ,None
1061,Pie,Easy,0.3934,1.9669,5,0.0,0.0,0.0,0.0,0.0,0.0,0.0,0.0,0.0,0.0,1.0,0.0,0.0,False,Qwen/Qwen2.5-Coder-14B-Instruct-AWQ,None
1061,Pie,Easy,0.3934,1.9669,5,0.0,0.0,0.0,0.0,0.0,0.0,0.0,0.0,0.0,0.0,1.0,0.0,0.0,False,Qwen/Qwen2.5-Coder-14B-Instruct-AWQ,None
1061,Pie,Easy,0.3934,1.9669,5,0.0,0.0,0.0,0.0,0.0,0.0,0.0,0.0,0.0,0.0,1.0,0.0,0.0,False,Qwen/Qwen2.5-Coder-14B-Instruct-AWQ,None
1071,Bar,Medium,0.4612,0.4612,1,0.0,0.0,0.0,0.0,0.0,0.0,0.0,0.0,0.0,0.0,1.0,0.0,0.0,False,Qwen/Qwen2.5-Coder-14B-Instruct-AWQ,None
1071,Bar,Medium,0.4612,0.4612,1,0.0,0.0,0.0,0.0,0.0,0.0,0.0,0.0,0.0,0.0,1.0,0.0,0.0,False,Qwen/Qwen2.5-Coder-14B-Instruct-AWQ,None
1071,Bar,Medium,0.4612,0.4612,1,0.0,0.0,0.0,0.0,0.0,0.0,0.0,0.0,0.0,0.0,1.0,0.0,0.0,False,Qwen/Qwen2.5-Coder-14B-Instruct-AWQ,None
1072,Bar,Hard,1.0958,1.0958,1,0.0,0.0,0.0,0.0,0.0,0.0,0.0,0.0,0.0,0.0,1.0,0.0,0.0,True,Qwen/Qwen2.5-Coder-14B-Instruct-AWQ,None
1072,Bar,Hard,1.0958,1.0958,1,0.0,0.0,0.0,0.0,0.0,0.0,0.0,0.0,0.0,0.0,1.0,0.0,0.0,True,Qwen/Qwen2.5-Coder-14B-Instruct-AWQ,None
1072,Bar,Hard,1.0958,1.0958,1,0.0,0.0,0.0,0.0,0.0,0.0,0.0,0.0,0.0,0.0,1.0,0.0,0.0,True,Qwen/Qwen2.5-Coder-14B-Instruct-AWQ,None
1073,Pie,Medium,0.683,0.683,1,0.0,0.0,0.0,0.0,0.0,0.0,0.0,0.0,0.0,0.0,1.0,0.0,0.0,True,Qwen/Qwen2.5-Coder-14B-Instruct-AWQ,None
1073,Pie,Medium,0.683,0.683,1,0.0,0.0,0.0,0.0,0.0,0.0,0.0,0.0,0.0,0.0,1.0,0.0,0.0,True,Qwen/Qwen2.5-Coder-14B-Instruct-AWQ,None
1073,Pie,Medium,0.683,0.683,1,0.0,0.0,0.0,0.0,0.0,0.0,0.0,0.0,0.0,0.0,1.0,0.0,0.0,True,Qwen/Qwen2.5-Coder-14B-Instruct-AWQ,None
1074,Bar,Hard,0.7851,0.7851,1,0.0,0.0,0.0,0.0,0.0,0.0,0.0,0.0,0.0,0.0,1.0,0.0,0.0,True,Qwen/Qwen2.5-Coder-14B-Instruct-AWQ,None
1074,Bar,Hard,0.7851,0.7851,1,0.0,0.0,0.0,0.0,0.0,0.0,0.0,0.0,0.0,0.0,1.0,0.0,0.0,True,Qwen/Qwen2.5-Coder-14B-Instruct-AWQ,None
1074,Bar,Hard,0.7851,0.7851,1,0.0,0.0,0.0,0.0,0.0,0.0,0.0,0.0,0.0,0.0,1.0,0.0,0.0,True,Qwen/Qwen2.5-Coder-14B-Instruct-AWQ,None
1079,Pie,Medium,0.7182,0.7182,1,0.0,0.0,0.0,0.0,0.0,0.0,0.0,0.0,0.0,0.0,1.0,0.0,0.0,True,Qwen/Qwen2.5-Coder-14B-Instruct-AWQ,None
1079,Pie,Medium,0.7182,0.7182,1,0.0,0.0,0.0,0.0,0.0,0.0,0.0,0.0,0.0,0.0,1.0,0.0,0.0,True,Qwen/Qwen2.5-Coder-14B-Instruct-AWQ,None
1079,Pie,Medium,0.7182,0.7182,1,0.0,0.0,0.0,0.0,0.0,0.0,0.0,0.0,0.0,0.0,1.0,0.0,0.0,True,Qwen/Qwen2.5-Coder-14B-Instruct-AWQ,None
1081,Pie,Medium,0.7873,0.7873,1,0.0,0.0,0.0,0.0,0.0,0.0,0.0,0.0,0.0,0.0,1.0,0.0,0.0,True,Qwen/Qwen2.5-Coder-14B-Instruct-AWQ,None
1081,Pie,Medium,0.7873,0.7873,1,0.0,0.0,0.0,0.0,0.0,0.0,0.0,0.0,0.0,0.0,1.0,0.0,0.0,True,Qwen/Qwen2.5-Coder-14B-Instruct-AWQ,None
1081,Pie,Medium,0.7873,0.7873,1,0.0,0.0,0.0,0.0,0.0,0.0,0.0,0.0,0.0,0.0,1.0,0.0,0.0,True,Qwen/Qwen2.5-Coder-14B-Instruct-AWQ,None
1082,Pie,Medium,0.6337,1.2675,2,0.0,0.0,0.0,0.0,1.0,0.0,0.0,0.0,0.0,1.0,0.0,,0.0,True,Qwen/Qwen2.5-Coder-14B-Instruct-AWQ,None
1082,Pie,Medium,0.6337,1.2675,2,0.0,0.0,0.0,0.0,1.0,0.0,0.0,0.0,0.0,1.0,0.0,,0.0,True,Qwen/Qwen2.5-Coder-14B-Instruct-AWQ,None
1082,Pie,Medium,0.6337,1.2675,2,0.0,0.0,0.0,0.0,1.0,0.0,0.0,0.0,0.0,1.0,0.0,,0.0,True,Qwen/Qwen2.5-Coder-14B-Instruct-AWQ,None
1088,Pie,Medium,0.7034,0.7034,1,0.0,0.0,0.0,0.0,0.0,0.0,0.0,0.0,0.0,0.0,1.0,0.0,0.0,True,Qwen/Qwen2.5-Coder-14B-Instruct-AWQ,None
1088,Pie,Medium,0.7034,0.7034,1,0.0,0.0,0.0,0.0,0.0,0.0,0.0,0.0,0.0,0.0,1.0,0.0,0.0,True,Qwen/Qwen2.5-Coder-14B-Instruct-AWQ,None
1088,Pie,Medium,0.7034,0.7034,1,0.0,0.0,0.0,0.0,0.0,0.0,0.0,0.0,0.0,0.0,1.0,0.0,0.0,True,Qwen/Qwen2.5-Coder-14B-Instruct-AWQ,None
1090,Pie,Easy,0.3645,0.729,2,0.0,0.0,0.0,0.0,0.0,0.0,0.0,0.0,0.0,0.0,1.0,0.0,0.0,False,Qwen/Qwen2.5-Coder-14B-Instruct-AWQ,None
1090,Pie,Easy,0.3645,0.729,2,0.0,0.0,0.0,0.0,0.0,0.0,0.0,0.0,0.0,0.0,1.0,0.0,0.0,False,Qwen/Qwen2.5-Coder-14B-Instruct-AWQ,None
1090,Pie,Easy,0.3645,0.729,2,0.0,0.0,0.0,0.0,0.0,0.0,0.0,0.0,0.0,0.0,1.0,0.0,0.0,False,Qwen/Qwen2.5-Coder-14B-Instruct-AWQ,None
1104,Pie,Hard,0.7453,0.7453,1,0.0,0.0,0.0,0.0,1.0,0.0,0.0,0.0,0.0,1.0,0.0,,0.0,True,Qwen/Qwen2.5-Coder-14B-Instruct-AWQ,None
1104,Pie,Hard,0.7453,0.7453,1,0.0,0.0,0.0,0.0,1.0,0.0,0.0,0.0,0.0,1.0,0.0,,0.0,True,Qwen/Qwen2.5-Coder-14B-Instruct-AWQ,None
1104,Pie,Hard,0.7453,0.7453,1,0.0,0.0,0.0,0.0,1.0,0.0,0.0,0.0,0.0,1.0,0.0,,0.0,True,Qwen/Qwen2.5-Coder-14B-Instruct-AWQ,None
1113,Bar,Easy,0.7039,0.7039,1,0.0,0.0,0.0,0.0,1.0,0.0,0.0,0.0,0.0,1.0,0.0,,0.0,False,Qwen/Qwen2.5-Coder-14B-Instruct-AWQ,None
1113,Bar,Easy,0.7039,0.7039,1,0.0,0.0,0.0,0.0,1.0,0.0,0.0,0.0,0.0,1.0,0.0,,0.0,False,Qwen/Qwen2.5-Coder-14B-Instruct-AWQ,None
1113,Bar,Easy,0.7039,0.7039,1,0.0,0.0,0.0,0.0,1.0,0.0,0.0,0.0,0.0,1.0,0.0,,0.0,False,Qwen/Qwen2.5-Coder-14B-Instruct-AWQ,None
1129,Bar,Easy,0.4485,1.3454,3,0.0,0.0,0.0,0.0,0.0,0.0,0.0,0.0,0.0,0.0,1.0,0.0,0.0,False,Qwen/Qwen2.5-Coder-14B-Instruct-AWQ,None
1129,Bar,Easy,0.4485,1.3454,3,0.0,0.0,0.0,0.0,0.0,0.0,0.0,0.0,0.0,0.0,1.0,0.0,0.0,False,Qwen/Qwen2.5-Coder-14B-Instruct-AWQ,None
1129,Bar,Easy,0.4485,1.3454,3,0.0,0.0,0.0,0.0,0.0,0.0,0.0,0.0,0.0,0.0,1.0,0.0,0.0,False,Qwen/Qwen2.5-Coder-14B-Instruct-AWQ,None
1130,Bar,Easy,0.4423,1.3268,3,0.0,0.0,0.0,0.0,0.0,0.0,0.0,0.0,0.0,0.0,1.0,0.0,0.0,False,Qwen/Qwen2.5-Coder-14B-Instruct-AWQ,None
1130,Bar,Easy,0.4423,1.3268,3,0.0,0.0,0.0,0.0,0.0,0.0,0.0,0.0,0.0,0.0,1.0,0.0,0.0,False,Qwen/Qwen2.5-Coder-14B-Instruct-AWQ,None
1130,Bar,Easy,0.4423,1.3268,3,0.0,0.0,0.0,0.0,0.0,0.0,0.0,0.0,0.0,0.0,1.0,0.0,0.0,False,Qwen/Qwen2.5-Coder-14B-Instruct-AWQ,None
1133,Grouping Scatter,Easy,6.5003,13.0005,2,0.5,0.0,0.0,0.0,0.0,0.0,0.0,0.0,0.5,0.0,0.5,0.0,0.0,False,Qwen/Qwen2.5-Coder-14B-Instruct-AWQ,None
1133,Grouping Scatter,Easy,6.5003,13.0005,2,0.5,0.0,0.0,0.0,0.0,0.0,0.0,0.0,0.5,0.0,0.5,0.0,0.0,False,Qwen/Qwen2.5-Coder-14B-Instruct-AWQ,None
1133,Grouping Scatter,Easy,6.5003,13.0005,2,0.5,0.0,0.0,0.0,0.0,0.0,0.0,0.0,0.5,0.0,0.5,0.0,0.0,False,Qwen/Qwen2.5-Coder-14B-Instruct-AWQ,None
1152,Bar,Easy,0.4198,1.6792,4,0.0,0.0,0.0,0.0,0.0,0.0,0.0,0.0,0.0,0.0,1.0,0.0,0.0,False,Qwen/Qwen2.5-Coder-14B-Instruct-AWQ,None
1152,Bar,Easy,0.4198,1.6792,4,0.0,0.0,0.0,0.0,0.0,0.0,0.0,0.0,0.0,0.0,1.0,0.0,0.0,False,Qwen/Qwen2.5-Coder-14B-Instruct-AWQ,None
1152,Bar,Easy,0.4198,1.6792,4,0.0,0.0,0.0,0.0,0.0,0.0,0.0,0.0,0.0,0.0,1.0,0.0,0.0,False,Qwen/Qwen2.5-Coder-14B-Instruct-AWQ,None
1153,Bar,Easy,0.4266,1.2799,3,0.0,0.0,0.0,0.0,0.0,0.0,0.0,0.0,0.0,0.0,1.0,0.0,0.0,False,Qwen/Qwen2.5-Coder-14B-Instruct-AWQ,None
1153,Bar,Easy,0.4266,1.2799,3,0.0,0.0,0.0,0.0,0.0,0.0,0.0,0.0,0.0,0.0,1.0,0.0,0.0,False,Qwen/Qwen2.5-Coder-14B-Instruct-AWQ,None
1153,Bar,Easy,0.4266,1.2799,3,0.0,0.0,0.0,0.0,0.0,0.0,0.0,0.0,0.0,0.0,1.0,0.0,0.0,False,Qwen/Qwen2.5-Coder-14B-Instruct-AWQ,None
1172,Grouping Scatter,Medium,8.117,16.234,2,0.5,0.0,0.0,0.0,0.0,0.0,0.0,0.0,0.5,0.0,0.5,0.0,0.0,False,Qwen/Qwen2.5-Coder-14B-Instruct-AWQ,None
1172,Grouping Scatter,Medium,8.117,16.234,2,0.5,0.0,0.0,0.0,0.0,0.0,0.0,0.0,0.5,0.0,0.5,0.0,0.0,False,Qwen/Qwen2.5-Coder-14B-Instruct-AWQ,None
1172,Grouping Scatter,Medium,8.117,16.234,2,0.5,0.0,0.0,0.0,0.0,0.0,0.0,0.0,0.5,0.0,0.5,0.0,0.0,False,Qwen/Qwen2.5-Coder-14B-Instruct-AWQ,None
1182,Bar,Easy,0.4542,0.9085,2,0.0,0.0,0.0,0.0,1.0,0.0,0.0,0.0,0.0,1.0,0.0,,0.0,False,Qwen/Qwen2.5-Coder-14B-Instruct-AWQ,None
1182,Bar,Easy,0.4542,0.9085,2,0.0,0.0,0.0,0.0,1.0,0.0,0.0,0.0,0.0,1.0,0.0,,0.0,False,Qwen/Qwen2.5-Coder-14B-Instruct-AWQ,None
1182,Bar,Easy,0.4542,0.9085,2,0.0,0.0,0.0,0.0,1.0,0.0,0.0,0.0,0.0,1.0,0.0,,0.0,False,Qwen/Qwen2.5-Coder-14B-Instruct-AWQ,None
1187,Bar,Medium,10.4393,20.8785,2,0.5,0.0,0.0,0.5,0.5,0.0,0.0,0.0,0.5,0.5,0.0,,0.0,True,Qwen/Qwen2.5-Coder-14B-Instruct-AWQ,None
1187,Bar,Medium,10.4393,20.8785,2,0.5,0.0,0.0,0.5,0.5,0.0,0.0,0.0,0.5,0.5,0.0,,0.0,True,Qwen/Qwen2.5-Coder-14B-Instruct-AWQ,None
1187,Bar,Medium,10.4393,20.8785,2,0.5,0.0,0.0,0.5,0.5,0.0,0.0,0.0,0.5,0.5,0.0,,0.0,True,Qwen/Qwen2.5-Coder-14B-Instruct-AWQ,None
1188,Bar,Medium,0.903,1.8059,2,0.0,0.0,0.0,0.0,1.0,0.0,0.0,0.0,0.0,1.0,0.0,,0.0,True,Qwen/Qwen2.5-Coder-14B-Instruct-AWQ,None
1188,Bar,Medium,0.903,1.8059,2,0.0,0.0,0.0,0.0,1.0,0.0,0.0,0.0,0.0,1.0,0.0,,0.0,True,Qwen/Qwen2.5-Coder-14B-Instruct-AWQ,None
1188,Bar,Medium,0.903,1.8059,2,0.0,0.0,0.0,0.0,1.0,0.0,0.0,0.0,0.0,1.0,0.0,,0.0,True,Qwen/Qwen2.5-Coder-14B-Instruct-AWQ,None
1192,Line,Medium,0.8557,1.7114,2,0.0,0.0,0.0,0.0,1.0,0.0,0.0,0.0,0.0,1.0,0.0,,0.0,True,Qwen/Qwen2.5-Coder-14B-Instruct-AWQ,None
1192,Line,Medium,0.8557,1.7114,2,0.0,0.0,0.0,0.0,1.0,0.0,0.0,0.0,0.0,1.0,0.0,,0.0,True,Qwen/Qwen2.5-Coder-14B-Instruct-AWQ,None
1192,Line,Medium,0.8557,1.7114,2,0.0,0.0,0.0,0.0,1.0,0.0,0.0,0.0,0.0,1.0,0.0,,0.0,True,Qwen/Qwen2.5-Coder-14B-Instruct-AWQ,None
1198,Pie,Medium,8.0611,24.1832,3,0.3333333333333333,0.0,0.0,0.6666666666666666,0.3333333333333333,0.0,0.0,0.0,0.3333333333333333,0.6666666666666666,0.0,,0.0,True,Qwen/Qwen2.5-Coder-14B-Instruct-AWQ,None
1198,Pie,Medium,8.0611,24.1832,3,0.3333333333333333,0.0,0.0,0.6666666666666666,0.3333333333333333,0.0,0.0,0.0,0.3333333333333333,0.6666666666666666,0.0,,0.0,True,Qwen/Qwen2.5-Coder-14B-Instruct-AWQ,None
1198,Pie,Medium,8.0611,24.1832,3,0.3333333333333333,0.0,0.0,0.6666666666666666,0.3333333333333333,0.0,0.0,0.0,0.3333333333333333,0.6666666666666666,0.0,,0.0,True,Qwen/Qwen2.5-Coder-14B-Instruct-AWQ,None
1204,Bar,Medium,0.8059,1.6118,2,0.0,0.0,0.0,0.0,0.0,0.0,0.0,0.0,0.0,0.0,1.0,0.0,0.0,True,Qwen/Qwen2.5-Coder-14B-Instruct-AWQ,None
1204,Bar,Medium,0.8059,1.6118,2,0.0,0.0,0.0,0.0,0.0,0.0,0.0,0.0,0.0,0.0,1.0,0.0,0.0,True,Qwen/Qwen2.5-Coder-14B-Instruct-AWQ,None
1204,Bar,Medium,0.8059,1.6118,2,0.0,0.0,0.0,0.0,0.0,0.0,0.0,0.0,0.0,0.0,1.0,0.0,0.0,True,Qwen/Qwen2.5-Coder-14B-Instruct-AWQ,None
1211,Bar,Easy,0.3754,1.1263,3,0.0,0.0,0.0,0.0,0.0,0.0,0.0,0.0,0.0,0.0,1.0,0.0,0.0,False,Qwen/Qwen2.5-Coder-14B-Instruct-AWQ,None
1211,Bar,Easy,0.3754,1.1263,3,0.0,0.0,0.0,0.0,0.0,0.0,0.0,0.0,0.0,0.0,1.0,0.0,0.0,False,Qwen/Qwen2.5-Coder-14B-Instruct-AWQ,None
1211,Bar,Easy,0.3754,1.1263,3,0.0,0.0,0.0,0.0,0.0,0.0,0.0,0.0,0.0,0.0,1.0,0.0,0.0,False,Qwen/Qwen2.5-Coder-14B-Instruct-AWQ,None
1213,Pie,Easy,0.3494,1.0483,3,0.0,0.0,0.0,0.0,0.0,0.0,0.0,0.0,0.0,0.0,1.0,0.0,0.0,False,Qwen/Qwen2.5-Coder-14B-Instruct-AWQ,None
1213,Pie,Easy,0.3494,1.0483,3,0.0,0.0,0.0,0.0,0.0,0.0,0.0,0.0,0.0,0.0,1.0,0.0,0.0,False,Qwen/Qwen2.5-Coder-14B-Instruct-AWQ,None
1213,Pie,Easy,0.3494,1.0483,3,0.0,0.0,0.0,0.0,0.0,0.0,0.0,0.0,0.0,0.0,1.0,0.0,0.0,False,Qwen/Qwen2.5-Coder-14B-Instruct-AWQ,None
1214,Grouping Scatter,Medium,0.5225,0.5225,1,0.0,0.0,0.0,0.0,0.0,0.0,0.0,0.0,0.0,0.0,1.0,0.0,0.0,False,Qwen/Qwen2.5-Coder-14B-Instruct-AWQ,None
1214,Grouping Scatter,Medium,0.5225,0.5225,1,0.0,0.0,0.0,0.0,0.0,0.0,0.0,0.0,0.0,0.0,1.0,0.0,0.0,False,Qwen/Qwen2.5-Coder-14B-Instruct-AWQ,None
1214,Grouping Scatter,Medium,0.5225,0.5225,1,0.0,0.0,0.0,0.0,0.0,0.0,0.0,0.0,0.0,0.0,1.0,0.0,0.0,False,Qwen/Qwen2.5-Coder-14B-Instruct-AWQ,None
1216,Pie,Hard,0.941,3.7639,4,0.0,0.0,0.0,0.0,0.0,0.0,0.0,0.0,0.0,0.0,1.0,0.0,0.0,True,Qwen/Qwen2.5-Coder-14B-Instruct-AWQ,None
1216,Pie,Hard,0.941,3.7639,4,0.0,0.0,0.0,0.0,0.0,0.0,0.0,0.0,0.0,0.0,1.0,0.0,0.0,True,Qwen/Qwen2.5-Coder-14B-Instruct-AWQ,None
1216,Pie,Hard,0.941,3.7639,4,0.0,0.0,0.0,0.0,0.0,0.0,0.0,0.0,0.0,0.0,1.0,0.0,0.0,True,Qwen/Qwen2.5-Coder-14B-Instruct-AWQ,None
1223,Pie,Hard,9.1917,18.3835,2,0.0,0.0,0.0,0.5,0.0,0.0,0.0,0.0,0.0,0.5,0.5,0.0,0.0,True,Qwen/Qwen2.5-Coder-14B-Instruct-AWQ,None
1223,Pie,Hard,9.1917,18.3835,2,0.0,0.0,0.0,0.5,0.0,0.0,0.0,0.0,0.0,0.5,0.5,0.0,0.0,True,Qwen/Qwen2.5-Coder-14B-Instruct-AWQ,None
1223,Pie,Hard,9.1917,18.3835,2,0.0,0.0,0.0,0.5,0.0,0.0,0.0,0.0,0.0,0.5,0.5,0.0,0.0,True,Qwen/Qwen2.5-Coder-14B-Instruct-AWQ,None
1229,Bar,Easy,0.4162,0.4162,1,0.0,0.0,0.0,0.0,0.0,0.0,0.0,0.0,0.0,0.0,1.0,0.0,0.0,False,Qwen/Qwen2.5-Coder-14B-Instruct-AWQ,None
1229,Bar,Easy,0.4162,0.4162,1,0.0,0.0,0.0,0.0,0.0,0.0,0.0,0.0,0.0,0.0,1.0,0.0,0.0,False,Qwen/Qwen2.5-Coder-14B-Instruct-AWQ,None
1229,Bar,Easy,0.4162,0.4162,1,0.0,0.0,0.0,0.0,0.0,0.0,0.0,0.0,0.0,0.0,1.0,0.0,0.0,False,Qwen/Qwen2.5-Coder-14B-Instruct-AWQ,None
1232,Bar,Easy,0.4372,1.3115,3,0.0,0.0,0.0,0.0,0.3333333333333333,0.0,0.0,0.0,0.0,0.3333333333333333,0.6666666666666666,0.0,0.0,False,Qwen/Qwen2.5-Coder-14B-Instruct-AWQ,None
1232,Bar,Easy,0.4372,1.3115,3,0.0,0.0,0.0,0.0,0.3333333333333333,0.0,0.0,0.0,0.0,0.3333333333333333,0.6666666666666666,0.0,0.0,False,Qwen/Qwen2.5-Coder-14B-Instruct-AWQ,None
1232,Bar,Easy,0.4372,1.3115,3,0.0,0.0,0.0,0.0,0.3333333333333333,0.0,0.0,0.0,0.0,0.3333333333333333,0.6666666666666666,0.0,0.0,False,Qwen/Qwen2.5-Coder-14B-Instruct-AWQ,None
1233,Bar,Easy,0.4283,2.1416,5,0.0,0.0,0.0,0.0,0.8,0.0,0.0,0.0,0.0,0.8,0.2,0.0,0.0,False,Qwen/Qwen2.5-Coder-14B-Instruct-AWQ,None
1233,Bar,Easy,0.4283,2.1416,5,0.0,0.0,0.0,0.0,0.8,0.0,0.0,0.0,0.0,0.8,0.2,0.0,0.0,False,Qwen/Qwen2.5-Coder-14B-Instruct-AWQ,None
1233,Bar,Easy,0.4283,2.1416,5,0.0,0.0,0.0,0.0,0.8,0.0,0.0,0.0,0.0,0.8,0.2,0.0,0.0,False,Qwen/Qwen2.5-Coder-14B-Instruct-AWQ,None
1234,Pie,Medium,0.4961,1.4884,3,0.0,0.0,0.0,0.0,0.0,0.0,0.0,0.0,0.0,0.0,1.0,0.0,0.0,False,Qwen/Qwen2.5-Coder-14B-Instruct-AWQ,None
1234,Pie,Medium,0.4961,1.4884,3,0.0,0.0,0.0,0.0,0.0,0.0,0.0,0.0,0.0,0.0,1.0,0.0,0.0,False,Qwen/Qwen2.5-Coder-14B-Instruct-AWQ,None
1234,Pie,Medium,0.4961,1.4884,3,0.0,0.0,0.0,0.0,0.0,0.0,0.0,0.0,0.0,0.0,1.0,0.0,0.0,False,Qwen/Qwen2.5-Coder-14B-Instruct-AWQ,None
1236,Pie,Easy,0.3472,0.6944,2,0.0,0.0,0.0,0.0,0.0,0.0,0.0,0.0,0.0,0.0,1.0,0.0,0.0,False,Qwen/Qwen2.5-Coder-14B-Instruct-AWQ,None
1236,Pie,Easy,0.3472,0.6944,2,0.0,0.0,0.0,0.0,0.0,0.0,0.0,0.0,0.0,0.0,1.0,0.0,0.0,False,Qwen/Qwen2.5-Coder-14B-Instruct-AWQ,None
1236,Pie,Easy,0.3472,0.6944,2,0.0,0.0,0.0,0.0,0.0,0.0,0.0,0.0,0.0,0.0,1.0,0.0,0.0,False,Qwen/Qwen2.5-Coder-14B-Instruct-AWQ,None
1241,Grouping Scatter,Easy,0.5043,1.0086,2,0.0,0.0,0.0,0.0,0.0,0.0,0.0,0.0,0.0,0.0,1.0,0.0,0.0,False,Qwen/Qwen2.5-Coder-14B-Instruct-AWQ,None
1241,Grouping Scatter,Easy,0.5043,1.0086,2,0.0,0.0,0.0,0.0,0.0,0.0,0.0,0.0,0.0,0.0,1.0,0.0,0.0,False,Qwen/Qwen2.5-Coder-14B-Instruct-AWQ,None
1241,Grouping Scatter,Easy,0.5043,1.0086,2,0.0,0.0,0.0,0.0,0.0,0.0,0.0,0.0,0.0,0.0,1.0,0.0,0.0,False,Qwen/Qwen2.5-Coder-14B-Instruct-AWQ,None
1274,Pie,Medium,0.5684,0.5684,1,0.0,0.0,0.0,0.0,0.0,0.0,0.0,0.0,0.0,0.0,1.0,0.0,0.0,False,Qwen/Qwen2.5-Coder-14B-Instruct-AWQ,None
1274,Pie,Medium,0.5684,0.5684,1,0.0,0.0,0.0,0.0,0.0,0.0,0.0,0.0,0.0,0.0,1.0,0.0,0.0,False,Qwen/Qwen2.5-Coder-14B-Instruct-AWQ,None
1274,Pie,Medium,0.5684,0.5684,1,0.0,0.0,0.0,0.0,0.0,0.0,0.0,0.0,0.0,0.0,1.0,0.0,0.0,False,Qwen/Qwen2.5-Coder-14B-Instruct-AWQ,None
1275,Bar,Medium,0.5747,1.1495,2,0.0,0.0,0.0,0.0,0.0,0.0,0.0,0.0,0.0,0.0,1.0,0.0,0.0,False,Qwen/Qwen2.5-Coder-14B-Instruct-AWQ,None
1275,Bar,Medium,0.5747,1.1495,2,0.0,0.0,0.0,0.0,0.0,0.0,0.0,0.0,0.0,0.0,1.0,0.0,0.0,False,Qwen/Qwen2.5-Coder-14B-Instruct-AWQ,None
1275,Bar,Medium,0.5747,1.1495,2,0.0,0.0,0.0,0.0,0.0,0.0,0.0,0.0,0.0,0.0,1.0,0.0,0.0,False,Qwen/Qwen2.5-Coder-14B-Instruct-AWQ,None
1277,Pie,Medium,12.9192,25.8384,2,1.0,0.0,0.0,0.0,0.0,0.0,0.0,0.0,1.0,0.0,0.0,,0.0,True,Qwen/Qwen2.5-Coder-14B-Instruct-AWQ,None
1277,Pie,Medium,12.9192,25.8384,2,1.0,0.0,0.0,0.0,0.0,0.0,0.0,0.0,1.0,0.0,0.0,,0.0,True,Qwen/Qwen2.5-Coder-14B-Instruct-AWQ,None
1277,Pie,Medium,12.9192,25.8384,2,1.0,0.0,0.0,0.0,0.0,0.0,0.0,0.0,1.0,0.0,0.0,,0.0,True,Qwen/Qwen2.5-Coder-14B-Instruct-AWQ,None
1285,Line,Medium,0.5839,0.5839,1,0.0,0.0,0.0,0.0,1.0,0.0,0.0,0.0,0.0,1.0,0.0,,0.0,False,Qwen/Qwen2.5-Coder-14B-Instruct-AWQ,None
1285,Line,Medium,0.5839,0.5839,1,0.0,0.0,0.0,0.0,1.0,0.0,0.0,0.0,0.0,1.0,0.0,,0.0,False,Qwen/Qwen2.5-Coder-14B-Instruct-AWQ,None
1285,Line,Medium,0.5839,0.5839,1,0.0,0.0,0.0,0.0,1.0,0.0,0.0,0.0,0.0,1.0,0.0,,0.0,False,Qwen/Qwen2.5-Coder-14B-Instruct-AWQ,None
1288,Pie,Medium,12.4491,24.8981,2,1.0,0.0,0.0,0.0,0.0,0.0,0.0,0.0,1.0,0.0,0.0,,0.0,True,Qwen/Qwen2.5-Coder-14B-Instruct-AWQ,None
1288,Pie,Medium,12.4491,24.8981,2,1.0,0.0,0.0,0.0,0.0,0.0,0.0,0.0,1.0,0.0,0.0,,0.0,True,Qwen/Qwen2.5-Coder-14B-Instruct-AWQ,None
1288,Pie,Medium,12.4491,24.8981,2,1.0,0.0,0.0,0.0,0.0,0.0,0.0,0.0,1.0,0.0,0.0,,0.0,True,Qwen/Qwen2.5-Coder-14B-Instruct-AWQ,None
1296,Bar,Easy,0.62,1.24,2,0.0,0.0,0.0,0.0,0.0,0.0,0.0,0.0,0.0,0.0,1.0,0.0,0.0,False,Qwen/Qwen2.5-Coder-14B-Instruct-AWQ,None
1296,Bar,Easy,0.62,1.24,2,0.0,0.0,0.0,0.0,0.0,0.0,0.0,0.0,0.0,0.0,1.0,0.0,0.0,False,Qwen/Qwen2.5-Coder-14B-Instruct-AWQ,None
1296,Bar,Easy,0.62,1.24,2,0.0,0.0,0.0,0.0,0.0,0.0,0.0,0.0,0.0,0.0,1.0,0.0,0.0,False,Qwen/Qwen2.5-Coder-14B-Instruct-AWQ,None
1297,Bar,Easy,0.6886,1.3773,2,0.0,0.0,0.0,0.0,0.0,0.0,0.0,0.0,0.0,0.0,1.0,0.0,0.0,False,Qwen/Qwen2.5-Coder-14B-Instruct-AWQ,None
1297,Bar,Easy,0.6886,1.3773,2,0.0,0.0,0.0,0.0,0.0,0.0,0.0,0.0,0.0,0.0,1.0,0.0,0.0,False,Qwen/Qwen2.5-Coder-14B-Instruct-AWQ,None
1297,Bar,Easy,0.6886,1.3773,2,0.0,0.0,0.0,0.0,0.0,0.0,0.0,0.0,0.0,0.0,1.0,0.0,0.0,False,Qwen/Qwen2.5-Coder-14B-Instruct-AWQ,None
1303,Pie,Easy,0.2892,0.8677,3,0.0,0.0,0.0,0.0,0.0,0.0,0.0,0.0,0.0,0.0,1.0,0.0,0.0,False,Qwen/Qwen2.5-Coder-14B-Instruct-AWQ,None
1303,Pie,Easy,0.2892,0.8677,3,0.0,0.0,0.0,0.0,0.0,0.0,0.0,0.0,0.0,0.0,1.0,0.0,0.0,False,Qwen/Qwen2.5-Coder-14B-Instruct-AWQ,None
1303,Pie,Easy,0.2892,0.8677,3,0.0,0.0,0.0,0.0,0.0,0.0,0.0,0.0,0.0,0.0,1.0,0.0,0.0,False,Qwen/Qwen2.5-Coder-14B-Instruct-AWQ,None
1309,Pie,Medium,0.7613,0.7613,1,0.0,0.0,0.0,0.0,0.0,0.0,0.0,0.0,0.0,0.0,1.0,0.0,0.0,True,Qwen/Qwen2.5-Coder-14B-Instruct-AWQ,None
1309,Pie,Medium,0.7613,0.7613,1,0.0,0.0,0.0,0.0,0.0,0.0,0.0,0.0,0.0,0.0,1.0,0.0,0.0,True,Qwen/Qwen2.5-Coder-14B-Instruct-AWQ,None
1309,Pie,Medium,0.7613,0.7613,1,0.0,0.0,0.0,0.0,0.0,0.0,0.0,0.0,0.0,0.0,1.0,0.0,0.0,True,Qwen/Qwen2.5-Coder-14B-Instruct-AWQ,None
1310,Pie,Medium,0.3293,0.6585,2,0.0,0.0,0.0,0.0,1.0,0.0,0.0,0.0,0.0,1.0,0.0,,0.0,True,Qwen/Qwen2.5-Coder-14B-Instruct-AWQ,None
1310,Pie,Medium,0.3293,0.6585,2,0.0,0.0,0.0,0.0,1.0,0.0,0.0,0.0,0.0,1.0,0.0,,0.0,True,Qwen/Qwen2.5-Coder-14B-Instruct-AWQ,None
1310,Pie,Medium,0.3293,0.6585,2,0.0,0.0,0.0,0.0,1.0,0.0,0.0,0.0,0.0,1.0,0.0,,0.0,True,Qwen/Qwen2.5-Coder-14B-Instruct-AWQ,None
1314,Pie,Medium,4.5569,4.5569,1,0.0,0.0,0.0,1.0,1.0,0.0,0.0,0.0,0.0,1.0,0.0,,0.0,True,Qwen/Qwen2.5-Coder-14B-Instruct-AWQ,None
1314,Pie,Medium,4.5569,4.5569,1,0.0,0.0,0.0,1.0,1.0,0.0,0.0,0.0,0.0,1.0,0.0,,0.0,True,Qwen/Qwen2.5-Coder-14B-Instruct-AWQ,None
1314,Pie,Medium,4.5569,4.5569,1,0.0,0.0,0.0,1.0,1.0,0.0,0.0,0.0,0.0,1.0,0.0,,0.0,True,Qwen/Qwen2.5-Coder-14B-Instruct-AWQ,None
1316,Pie,Hard,8.2893,16.5785,2,0.0,0.0,0.0,0.0,0.0,0.0,0.0,0.0,0.0,0.0,1.0,0.0,0.0,True,Qwen/Qwen2.5-Coder-14B-Instruct-AWQ,None
1316,Pie,Hard,8.2893,16.5785,2,0.0,0.0,0.0,0.0,0.0,0.0,0.0,0.0,0.0,0.0,1.0,0.0,0.0,True,Qwen/Qwen2.5-Coder-14B-Instruct-AWQ,None
1316,Pie,Hard,8.2893,16.5785,2,0.0,0.0,0.0,0.0,0.0,0.0,0.0,0.0,0.0,0.0,1.0,0.0,0.0,True,Qwen/Qwen2.5-Coder-14B-Instruct-AWQ,None
1317,Bar,Hard,8.5412,17.0824,2,0.0,0.0,0.0,0.0,0.0,0.0,0.0,0.0,0.0,0.0,1.0,0.0,0.0,True,Qwen/Qwen2.5-Coder-14B-Instruct-AWQ,None
1317,Bar,Hard,8.5412,17.0824,2,0.0,0.0,0.0,0.0,0.0,0.0,0.0,0.0,0.0,0.0,1.0,0.0,0.0,True,Qwen/Qwen2.5-Coder-14B-Instruct-AWQ,None
1317,Bar,Hard,8.5412,17.0824,2,0.0,0.0,0.0,0.0,0.0,0.0,0.0,0.0,0.0,0.0,1.0,0.0,0.0,True,Qwen/Qwen2.5-Coder-14B-Instruct-AWQ,None
1318,Pie,Hard,0.7642,0.7642,1,0.0,0.0,0.0,0.0,0.0,0.0,0.0,0.0,0.0,0.0,1.0,0.0,0.0,True,Qwen/Qwen2.5-Coder-14B-Instruct-AWQ,None
1318,Pie,Hard,0.7642,0.7642,1,0.0,0.0,0.0,0.0,0.0,0.0,0.0,0.0,0.0,0.0,1.0,0.0,0.0,True,Qwen/Qwen2.5-Coder-14B-Instruct-AWQ,None
1318,Pie,Hard,0.7642,0.7642,1,0.0,0.0,0.0,0.0,0.0,0.0,0.0,0.0,0.0,0.0,1.0,0.0,0.0,True,Qwen/Qwen2.5-Coder-14B-Instruct-AWQ,None
1319,Bar,Hard,0.7655,0.7655,1,0.0,0.0,0.0,0.0,0.0,0.0,0.0,0.0,0.0,0.0,1.0,0.0,0.0,True,Qwen/Qwen2.5-Coder-14B-Instruct-AWQ,None
1319,Bar,Hard,0.7655,0.7655,1,0.0,0.0,0.0,0.0,0.0,0.0,0.0,0.0,0.0,0.0,1.0,0.0,0.0,True,Qwen/Qwen2.5-Coder-14B-Instruct-AWQ,None
1319,Bar,Hard,0.7655,0.7655,1,0.0,0.0,0.0,0.0,0.0,0.0,0.0,0.0,0.0,0.0,1.0,0.0,0.0,True,Qwen/Qwen2.5-Coder-14B-Instruct-AWQ,None
1325,Pie,Easy,0.3236,0.6472,2,0.0,0.0,0.0,0.0,0.0,0.0,0.0,0.0,0.0,0.0,1.0,0.0,0.0,False,Qwen/Qwen2.5-Coder-14B-Instruct-AWQ,None
1325,Pie,Easy,0.3236,0.6472,2,0.0,0.0,0.0,0.0,0.0,0.0,0.0,0.0,0.0,0.0,1.0,0.0,0.0,False,Qwen/Qwen2.5-Coder-14B-Instruct-AWQ,None
1325,Pie,Easy,0.3236,0.6472,2,0.0,0.0,0.0,0.0,0.0,0.0,0.0,0.0,0.0,0.0,1.0,0.0,0.0,False,Qwen/Qwen2.5-Coder-14B-Instruct-AWQ,None
1326,Bar,Easy,0.3422,0.6844,2,0.0,0.0,0.0,0.0,0.0,0.0,0.0,0.0,0.0,0.0,1.0,0.0,0.0,False,Qwen/Qwen2.5-Coder-14B-Instruct-AWQ,None
1326,Bar,Easy,0.3422,0.6844,2,0.0,0.0,0.0,0.0,0.0,0.0,0.0,0.0,0.0,0.0,1.0,0.0,0.0,False,Qwen/Qwen2.5-Coder-14B-Instruct-AWQ,None
1326,Bar,Easy,0.3422,0.6844,2,0.0,0.0,0.0,0.0,0.0,0.0,0.0,0.0,0.0,0.0,1.0,0.0,0.0,False,Qwen/Qwen2.5-Coder-14B-Instruct-AWQ,None
1354,Pie,Easy,0.447,1.7879,4,0.0,0.0,0.0,0.0,0.0,0.0,0.0,0.0,0.0,0.0,1.0,0.0,0.0,False,Qwen/Qwen2.5-Coder-14B-Instruct-AWQ,None
1354,Pie,Easy,0.447,1.7879,4,0.0,0.0,0.0,0.0,0.0,0.0,0.0,0.0,0.0,0.0,1.0,0.0,0.0,False,Qwen/Qwen2.5-Coder-14B-Instruct-AWQ,None
1354,Pie,Easy,0.447,1.7879,4,0.0,0.0,0.0,0.0,0.0,0.0,0.0,0.0,0.0,0.0,1.0,0.0,0.0,False,Qwen/Qwen2.5-Coder-14B-Instruct-AWQ,None
1363,Bar,Easy,0.385,1.5401,4,0.0,0.0,0.0,0.0,0.0,0.0,0.0,0.0,0.0,0.0,1.0,0.0,0.0,False,Qwen/Qwen2.5-Coder-14B-Instruct-AWQ,None
1363,Bar,Easy,0.385,1.5401,4,0.0,0.0,0.0,0.0,0.0,0.0,0.0,0.0,0.0,0.0,1.0,0.0,0.0,False,Qwen/Qwen2.5-Coder-14B-Instruct-AWQ,None
1363,Bar,Easy,0.385,1.5401,4,0.0,0.0,0.0,0.0,0.0,0.0,0.0,0.0,0.0,0.0,1.0,0.0,0.0,False,Qwen/Qwen2.5-Coder-14B-Instruct-AWQ,None
1376,Pie,Medium,0.6661,0.6661,1,0.0,0.0,0.0,0.0,0.0,0.0,0.0,0.0,0.0,0.0,1.0,0.0,0.0,True,Qwen/Qwen2.5-Coder-14B-Instruct-AWQ,None
1376,Pie,Medium,0.6661,0.6661,1,0.0,0.0,0.0,0.0,0.0,0.0,0.0,0.0,0.0,0.0,1.0,0.0,0.0,True,Qwen/Qwen2.5-Coder-14B-Instruct-AWQ,None
1376,Pie,Medium,0.6661,0.6661,1,0.0,0.0,0.0,0.0,0.0,0.0,0.0,0.0,0.0,0.0,1.0,0.0,0.0,True,Qwen/Qwen2.5-Coder-14B-Instruct-AWQ,None
1377,Bar,Medium,0.642,0.642,1,0.0,0.0,0.0,0.0,0.0,0.0,0.0,0.0,0.0,0.0,1.0,0.0,0.0,True,Qwen/Qwen2.5-Coder-14B-Instruct-AWQ,None
1377,Bar,Medium,0.642,0.642,1,0.0,0.0,0.0,0.0,0.0,0.0,0.0,0.0,0.0,0.0,1.0,0.0,0.0,True,Qwen/Qwen2.5-Coder-14B-Instruct-AWQ,None
1377,Bar,Medium,0.642,0.642,1,0.0,0.0,0.0,0.0,0.0,0.0,0.0,0.0,0.0,0.0,1.0,0.0,0.0,True,Qwen/Qwen2.5-Coder-14B-Instruct-AWQ,None
1379,Pie,Medium,0.7266,0.7266,1,0.0,0.0,0.0,0.0,1.0,0.0,0.0,0.0,0.0,1.0,0.0,,0.0,True,Qwen/Qwen2.5-Coder-14B-Instruct-AWQ,None
1379,Pie,Medium,0.7266,0.7266,1,0.0,0.0,0.0,0.0,1.0,0.0,0.0,0.0,0.0,1.0,0.0,,0.0,True,Qwen/Qwen2.5-Coder-14B-Instruct-AWQ,None
1379,Pie,Medium,0.7266,0.7266,1,0.0,0.0,0.0,0.0,1.0,0.0,0.0,0.0,0.0,1.0,0.0,,0.0,True,Qwen/Qwen2.5-Coder-14B-Instruct-AWQ,None
1381,Pie,Medium,0.6165,0.6165,1,0.0,0.0,0.0,0.0,0.0,0.0,0.0,0.0,0.0,0.0,1.0,0.0,0.0,True,Qwen/Qwen2.5-Coder-14B-Instruct-AWQ,None
1381,Pie,Medium,0.6165,0.6165,1,0.0,0.0,0.0,0.0,0.0,0.0,0.0,0.0,0.0,0.0,1.0,0.0,0.0,True,Qwen/Qwen2.5-Coder-14B-Instruct-AWQ,None
1381,Pie,Medium,0.6165,0.6165,1,0.0,0.0,0.0,0.0,0.0,0.0,0.0,0.0,0.0,0.0,1.0,0.0,0.0,True,Qwen/Qwen2.5-Coder-14B-Instruct-AWQ,None
1383,Pie,Easy,0.4133,0.4133,1,0.0,0.0,0.0,0.0,0.0,0.0,0.0,0.0,0.0,0.0,1.0,0.0,0.0,False,Qwen/Qwen2.5-Coder-14B-Instruct-AWQ,None
1383,Pie,Easy,0.4133,0.4133,1,0.0,0.0,0.0,0.0,0.0,0.0,0.0,0.0,0.0,0.0,1.0,0.0,0.0,False,Qwen/Qwen2.5-Coder-14B-Instruct-AWQ,None
1383,Pie,Easy,0.4133,0.4133,1,0.0,0.0,0.0,0.0,0.0,0.0,0.0,0.0,0.0,0.0,1.0,0.0,0.0,False,Qwen/Qwen2.5-Coder-14B-Instruct-AWQ,None
1389,Pie,Medium,4.3711,8.7422,2,0.0,0.0,0.0,0.0,0.0,0.0,0.0,0.0,0.0,0.0,1.0,0.0,0.0,True,Qwen/Qwen2.5-Coder-14B-Instruct-AWQ,None
1389,Pie,Medium,4.3711,8.7422,2,0.0,0.0,0.0,0.0,0.0,0.0,0.0,0.0,0.0,0.0,1.0,0.0,0.0,True,Qwen/Qwen2.5-Coder-14B-Instruct-AWQ,None
1389,Pie,Medium,4.3711,8.7422,2,0.0,0.0,0.0,0.0,0.0,0.0,0.0,0.0,0.0,0.0,1.0,0.0,0.0,True,Qwen/Qwen2.5-Coder-14B-Instruct-AWQ,None
1392,Bar,Medium,0.6463,1.2926,2,0.0,0.0,0.0,0.0,0.0,0.0,0.0,0.0,0.0,0.0,1.0,0.0,0.0,True,Qwen/Qwen2.5-Coder-14B-Instruct-AWQ,None
1392,Bar,Medium,0.6463,1.2926,2,0.0,0.0,0.0,0.0,0.0,0.0,0.0,0.0,0.0,0.0,1.0,0.0,0.0,True,Qwen/Qwen2.5-Coder-14B-Instruct-AWQ,None
1392,Bar,Medium,0.6463,1.2926,2,0.0,0.0,0.0,0.0,0.0,0.0,0.0,0.0,0.0,0.0,1.0,0.0,0.0,True,Qwen/Qwen2.5-Coder-14B-Instruct-AWQ,None
1395,Pie,Medium,0.4231,0.8463,2,0.0,0.0,0.0,0.0,1.0,0.0,0.0,0.0,0.0,1.0,0.0,,0.0,True,Qwen/Qwen2.5-Coder-14B-Instruct-AWQ,None
1395,Pie,Medium,0.4231,0.8463,2,0.0,0.0,0.0,0.0,1.0,0.0,0.0,0.0,0.0,1.0,0.0,,0.0,True,Qwen/Qwen2.5-Coder-14B-Instruct-AWQ,None
1395,Pie,Medium,0.4231,0.8463,2,0.0,0.0,0.0,0.0,1.0,0.0,0.0,0.0,0.0,1.0,0.0,,0.0,True,Qwen/Qwen2.5-Coder-14B-Instruct-AWQ,None
1398,Scatter,Easy,0.458,2.7478,6,0.0,0.0,0.0,0.0,0.0,0.0,0.0,0.0,0.0,0.0,1.0,0.0,0.0,False,Qwen/Qwen2.5-Coder-14B-Instruct-AWQ,None
1398,Scatter,Easy,0.458,2.7478,6,0.0,0.0,0.0,0.0,0.0,0.0,0.0,0.0,0.0,0.0,1.0,0.0,0.0,False,Qwen/Qwen2.5-Coder-14B-Instruct-AWQ,None
1398,Scatter,Easy,0.458,2.7478,6,0.0,0.0,0.0,0.0,0.0,0.0,0.0,0.0,0.0,0.0,1.0,0.0,0.0,False,Qwen/Qwen2.5-Coder-14B-Instruct-AWQ,None
1400,Pie,Easy,0.3362,1.3449,4,0.0,0.0,0.0,0.0,0.0,0.0,0.0,0.0,0.0,0.0,1.0,0.0,0.0,False,Qwen/Qwen2.5-Coder-14B-Instruct-AWQ,None
1400,Pie,Easy,0.3362,1.3449,4,0.0,0.0,0.0,0.0,0.0,0.0,0.0,0.0,0.0,0.0,1.0,0.0,0.0,False,Qwen/Qwen2.5-Coder-14B-Instruct-AWQ,None
1400,Pie,Easy,0.3362,1.3449,4,0.0,0.0,0.0,0.0,0.0,0.0,0.0,0.0,0.0,0.0,1.0,0.0,0.0,False,Qwen/Qwen2.5-Coder-14B-Instruct-AWQ,None
1408,Bar,Easy,0.3608,2.165,6,0.0,0.0,0.0,0.0,0.0,0.0,0.0,0.0,0.0,0.0,1.0,0.0,0.0,False,Qwen/Qwen2.5-Coder-14B-Instruct-AWQ,None
1408,Bar,Easy,0.3608,2.165,6,0.0,0.0,0.0,0.0,0.0,0.0,0.0,0.0,0.0,0.0,1.0,0.0,0.0,False,Qwen/Qwen2.5-Coder-14B-Instruct-AWQ,None
1408,Bar,Easy,0.3608,2.165,6,0.0,0.0,0.0,0.0,0.0,0.0,0.0,0.0,0.0,0.0,1.0,0.0,0.0,False,Qwen/Qwen2.5-Coder-14B-Instruct-AWQ,None
1411,Bar,Easy,0.4223,1.6891,4,0.0,0.0,0.0,0.0,0.0,0.0,0.0,0.0,0.0,0.0,1.0,0.0,0.0,False,Qwen/Qwen2.5-Coder-14B-Instruct-AWQ,None
1411,Bar,Easy,0.4223,1.6891,4,0.0,0.0,0.0,0.0,0.0,0.0,0.0,0.0,0.0,0.0,1.0,0.0,0.0,False,Qwen/Qwen2.5-Coder-14B-Instruct-AWQ,None
1411,Bar,Easy,0.4223,1.6891,4,0.0,0.0,0.0,0.0,0.0,0.0,0.0,0.0,0.0,0.0,1.0,0.0,0.0,False,Qwen/Qwen2.5-Coder-14B-Instruct-AWQ,None
1434,Pie,Hard,8.3924,33.5697,4,0.25,0.0,0.0,0.0,0.75,0.0,0.0,0.0,0.25,0.75,0.0,,0.0,True,Qwen/Qwen2.5-Coder-14B-Instruct-AWQ,None
1434,Pie,Hard,8.3924,33.5697,4,0.25,0.0,0.0,0.0,0.75,0.0,0.0,0.0,0.25,0.75,0.0,,0.0,True,Qwen/Qwen2.5-Coder-14B-Instruct-AWQ,None
1434,Pie,Hard,8.3924,33.5697,4,0.25,0.0,0.0,0.0,0.75,0.0,0.0,0.0,0.25,0.75,0.0,,0.0,True,Qwen/Qwen2.5-Coder-14B-Instruct-AWQ,None
1435,Bar,Hard,1.1972,4.789,4,0.0,0.0,0.0,0.0,0.25,0.0,0.0,0.0,0.0,0.25,0.75,0.0,0.0,True,Qwen/Qwen2.5-Coder-14B-Instruct-AWQ,None
1435,Bar,Hard,1.1972,4.789,4,0.0,0.0,0.0,0.0,0.25,0.0,0.0,0.0,0.0,0.25,0.75,0.0,0.0,True,Qwen/Qwen2.5-Coder-14B-Instruct-AWQ,None
1435,Bar,Hard,1.1972,4.789,4,0.0,0.0,0.0,0.0,0.25,0.0,0.0,0.0,0.0,0.25,0.75,0.0,0.0,True,Qwen/Qwen2.5-Coder-14B-Instruct-AWQ,None
1460,Bar,Medium,0.8348,3.3393,4,0.0,0.0,0.0,0.0,0.0,0.0,0.0,0.0,0.0,0.0,1.0,0.0,0.0,False,Qwen/Qwen2.5-Coder-14B-Instruct-AWQ,None
1460,Bar,Medium,0.8348,3.3393,4,0.0,0.0,0.0,0.0,0.0,0.0,0.0,0.0,0.0,0.0,1.0,0.0,0.0,False,Qwen/Qwen2.5-Coder-14B-Instruct-AWQ,None
1460,Bar,Medium,0.8348,3.3393,4,0.0,0.0,0.0,0.0,0.0,0.0,0.0,0.0,0.0,0.0,1.0,0.0,0.0,False,Qwen/Qwen2.5-Coder-14B-Instruct-AWQ,None
1465,Scatter,Easy,3.1538,3.1538,1,0.0,0.0,0.0,0.0,0.0,0.0,0.0,0.0,0.0,0.0,1.0,0.0,0.0,False,Qwen/Qwen2.5-Coder-14B-Instruct-AWQ,None
1465,Scatter,Easy,3.1538,3.1538,1,0.0,0.0,0.0,0.0,0.0,0.0,0.0,0.0,0.0,0.0,1.0,0.0,0.0,False,Qwen/Qwen2.5-Coder-14B-Instruct-AWQ,None
1465,Scatter,Easy,3.1538,3.1538,1,0.0,0.0,0.0,0.0,0.0,0.0,0.0,0.0,0.0,0.0,1.0,0.0,0.0,False,Qwen/Qwen2.5-Coder-14B-Instruct-AWQ,None
1468,Grouping Scatter,Medium,0.5414,1.0828,2,0.0,0.0,0.0,0.0,0.0,0.0,0.0,0.0,0.0,0.0,1.0,0.0,0.0,False,Qwen/Qwen2.5-Coder-14B-Instruct-AWQ,None
1468,Grouping Scatter,Medium,0.5414,1.0828,2,0.0,0.0,0.0,0.0,0.0,0.0,0.0,0.0,0.0,0.0,1.0,0.0,0.0,False,Qwen/Qwen2.5-Coder-14B-Instruct-AWQ,None
1468,Grouping Scatter,Medium,0.5414,1.0828,2,0.0,0.0,0.0,0.0,0.0,0.0,0.0,0.0,0.0,0.0,1.0,0.0,0.0,False,Qwen/Qwen2.5-Coder-14B-Instruct-AWQ,None
1482,Grouping Line,Hard,0.5454,0.5454,1,0.0,0.0,0.0,0.0,1.0,0.0,0.0,0.0,0.0,1.0,0.0,,0.0,False,Qwen/Qwen2.5-Coder-14B-Instruct-AWQ,None
1482,Grouping Line,Hard,0.5454,0.5454,1,0.0,0.0,0.0,0.0,1.0,0.0,0.0,0.0,0.0,1.0,0.0,,0.0,False,Qwen/Qwen2.5-Coder-14B-Instruct-AWQ,None
1482,Grouping Line,Hard,0.5454,0.5454,1,0.0,0.0,0.0,0.0,1.0,0.0,0.0,0.0,0.0,1.0,0.0,,0.0,False,Qwen/Qwen2.5-Coder-14B-Instruct-AWQ,None
1496,Pie,Easy,0.3431,0.3431,1,0.0,0.0,0.0,0.0,0.0,0.0,0.0,0.0,0.0,0.0,1.0,0.0,0.0,False,Qwen/Qwen2.5-Coder-14B-Instruct-AWQ,None
1496,Pie,Easy,0.3431,0.3431,1,0.0,0.0,0.0,0.0,0.0,0.0,0.0,0.0,0.0,0.0,1.0,0.0,0.0,False,Qwen/Qwen2.5-Coder-14B-Instruct-AWQ,None
1496,Pie,Easy,0.3431,0.3431,1,0.0,0.0,0.0,0.0,0.0,0.0,0.0,0.0,0.0,0.0,1.0,0.0,0.0,False,Qwen/Qwen2.5-Coder-14B-Instruct-AWQ,None
1497,Pie,Easy,0.3389,1.0167,3,0.0,0.0,0.0,0.0,0.0,0.0,0.0,0.0,0.0,0.0,1.0,0.0,0.0,False,Qwen/Qwen2.5-Coder-14B-Instruct-AWQ,None
1497,Pie,Easy,0.3389,1.0167,3,0.0,0.0,0.0,0.0,0.0,0.0,0.0,0.0,0.0,0.0,1.0,0.0,0.0,False,Qwen/Qwen2.5-Coder-14B-Instruct-AWQ,None
1497,Pie,Easy,0.3389,1.0167,3,0.0,0.0,0.0,0.0,0.0,0.0,0.0,0.0,0.0,0.0,1.0,0.0,0.0,False,Qwen/Qwen2.5-Coder-14B-Instruct-AWQ,None
1499,Bar,Medium,5.2528,5.2528,1,0.0,0.0,0.0,0.0,1.0,0.0,0.0,0.0,0.0,1.0,0.0,,0.0,False,Qwen/Qwen2.5-Coder-14B-Instruct-AWQ,None
1499,Bar,Medium,5.2528,5.2528,1,0.0,0.0,0.0,0.0,1.0,0.0,0.0,0.0,0.0,1.0,0.0,,0.0,False,Qwen/Qwen2.5-Coder-14B-Instruct-AWQ,None
1499,Bar,Medium,5.2528,5.2528,1,0.0,0.0,0.0,0.0,1.0,0.0,0.0,0.0,0.0,1.0,0.0,,0.0,False,Qwen/Qwen2.5-Coder-14B-Instruct-AWQ,None
1500,Pie,Easy,2.4194,4.8387,2,0.0,0.0,0.0,0.0,0.0,0.0,0.0,0.0,0.0,0.0,1.0,0.0,0.0,False,Qwen/Qwen2.5-Coder-14B-Instruct-AWQ,None
1500,Pie,Easy,2.4194,4.8387,2,0.0,0.0,0.0,0.0,0.0,0.0,0.0,0.0,0.0,0.0,1.0,0.0,0.0,False,Qwen/Qwen2.5-Coder-14B-Instruct-AWQ,None
1500,Pie,Easy,2.4194,4.8387,2,0.0,0.0,0.0,0.0,0.0,0.0,0.0,0.0,0.0,0.0,1.0,0.0,0.0,False,Qwen/Qwen2.5-Coder-14B-Instruct-AWQ,None
1504,Grouping Scatter,Medium,4.3575,4.3575,1,0.0,0.0,0.0,1.0,1.0,0.0,0.0,0.0,0.0,1.0,0.0,,0.0,False,Qwen/Qwen2.5-Coder-14B-Instruct-AWQ,None
1504,Grouping Scatter,Medium,4.3575,4.3575,1,0.0,0.0,0.0,1.0,1.0,0.0,0.0,0.0,0.0,1.0,0.0,,0.0,False,Qwen/Qwen2.5-Coder-14B-Instruct-AWQ,None
1504,Grouping Scatter,Medium,4.3575,4.3575,1,0.0,0.0,0.0,1.0,1.0,0.0,0.0,0.0,0.0,1.0,0.0,,0.0,False,Qwen/Qwen2.5-Coder-14B-Instruct-AWQ,None
1507,Pie,Easy,0.4241,1.6963,4,0.0,0.0,0.0,0.0,0.0,0.0,0.0,0.0,0.0,0.0,1.0,0.0,0.0,False,Qwen/Qwen2.5-Coder-14B-Instruct-AWQ,None
1507,Pie,Easy,0.4241,1.6963,4,0.0,0.0,0.0,0.0,0.0,0.0,0.0,0.0,0.0,0.0,1.0,0.0,0.0,False,Qwen/Qwen2.5-Coder-14B-Instruct-AWQ,None
1507,Pie,Easy,0.4241,1.6963,4,0.0,0.0,0.0,0.0,0.0,0.0,0.0,0.0,0.0,0.0,1.0,0.0,0.0,False,Qwen/Qwen2.5-Coder-14B-Instruct-AWQ,None
1509,Pie,Medium,6.6783,13.3565,2,0.5,0.0,0.0,0.0,0.5,0.0,0.0,0.0,0.5,0.5,0.0,,0.0,False,Qwen/Qwen2.5-Coder-14B-Instruct-AWQ,None
1509,Pie,Medium,6.6783,13.3565,2,0.5,0.0,0.0,0.0,0.5,0.0,0.0,0.0,0.5,0.5,0.0,,0.0,False,Qwen/Qwen2.5-Coder-14B-Instruct-AWQ,None
1509,Pie,Medium,6.6783,13.3565,2,0.5,0.0,0.0,0.0,0.5,0.0,0.0,0.0,0.5,0.5,0.0,,0.0,False,Qwen/Qwen2.5-Coder-14B-Instruct-AWQ,None
1515,Pie,Medium,0.7677,0.7677,1,0.0,0.0,0.0,0.0,1.0,0.0,0.0,0.0,0.0,1.0,0.0,,0.0,True,Qwen/Qwen2.5-Coder-14B-Instruct-AWQ,None
1515,Pie,Medium,0.7677,0.7677,1,0.0,0.0,0.0,0.0,1.0,0.0,0.0,0.0,0.0,1.0,0.0,,0.0,True,Qwen/Qwen2.5-Coder-14B-Instruct-AWQ,None
1515,Pie,Medium,0.7677,0.7677,1,0.0,0.0,0.0,0.0,1.0,0.0,0.0,0.0,0.0,1.0,0.0,,0.0,True,Qwen/Qwen2.5-Coder-14B-Instruct-AWQ,None
1517,Pie,Easy,0.3336,0.6672,2,0.0,0.0,0.0,0.0,0.0,0.0,0.0,0.0,0.0,0.0,1.0,0.0,0.0,False,Qwen/Qwen2.5-Coder-14B-Instruct-AWQ,None
1517,Pie,Easy,0.3336,0.6672,2,0.0,0.0,0.0,0.0,0.0,0.0,0.0,0.0,0.0,0.0,1.0,0.0,0.0,False,Qwen/Qwen2.5-Coder-14B-Instruct-AWQ,None
1517,Pie,Easy,0.3336,0.6672,2,0.0,0.0,0.0,0.0,0.0,0.0,0.0,0.0,0.0,0.0,1.0,0.0,0.0,False,Qwen/Qwen2.5-Coder-14B-Instruct-AWQ,None
1520,Pie,Medium,0.6946,3.4729,5,0.0,0.0,0.0,0.0,0.2,0.0,0.0,0.0,0.0,0.2,0.8,0.0,0.0,True,Qwen/Qwen2.5-Coder-14B-Instruct-AWQ,None
1520,Pie,Medium,0.6946,3.4729,5,0.0,0.0,0.0,0.0,0.2,0.0,0.0,0.0,0.0,0.2,0.8,0.0,0.0,True,Qwen/Qwen2.5-Coder-14B-Instruct-AWQ,None
1520,Pie,Medium,0.6946,3.4729,5,0.0,0.0,0.0,0.0,0.2,0.0,0.0,0.0,0.0,0.2,0.8,0.0,0.0,True,Qwen/Qwen2.5-Coder-14B-Instruct-AWQ,None
1522,Pie,Hard,13.9601,13.9601,1,1.0,0.0,0.0,0.0,0.0,0.0,0.0,0.0,1.0,0.0,0.0,,0.0,True,Qwen/Qwen2.5-Coder-14B-Instruct-AWQ,None
1522,Pie,Hard,13.9601,13.9601,1,1.0,0.0,0.0,0.0,0.0,0.0,0.0,0.0,1.0,0.0,0.0,,0.0,True,Qwen/Qwen2.5-Coder-14B-Instruct-AWQ,None
1522,Pie,Hard,13.9601,13.9601,1,1.0,0.0,0.0,0.0,0.0,0.0,0.0,0.0,1.0,0.0,0.0,,0.0,True,Qwen/Qwen2.5-Coder-14B-Instruct-AWQ,None
1524,Pie,Medium,0.6124,1.8373,3,0.0,0.0,0.0,0.0,0.3333333333333333,0.0,0.0,0.0,0.0,0.3333333333333333,0.6666666666666666,0.0,0.0,True,Qwen/Qwen2.5-Coder-14B-Instruct-AWQ,None
1524,Pie,Medium,0.6124,1.8373,3,0.0,0.0,0.0,0.0,0.3333333333333333,0.0,0.0,0.0,0.0,0.3333333333333333,0.6666666666666666,0.0,0.0,True,Qwen/Qwen2.5-Coder-14B-Instruct-AWQ,None
1524,Pie,Medium,0.6124,1.8373,3,0.0,0.0,0.0,0.0,0.3333333333333333,0.0,0.0,0.0,0.0,0.3333333333333333,0.6666666666666666,0.0,0.0,True,Qwen/Qwen2.5-Coder-14B-Instruct-AWQ,None
1526,Bar,Easy,0.3792,0.7583,2,0.0,0.0,0.0,0.0,0.0,0.0,0.0,0.0,0.0,0.0,1.0,0.0,0.0,False,Qwen/Qwen2.5-Coder-14B-Instruct-AWQ,None
1526,Bar,Easy,0.3792,0.7583,2,0.0,0.0,0.0,0.0,0.0,0.0,0.0,0.0,0.0,0.0,1.0,0.0,0.0,False,Qwen/Qwen2.5-Coder-14B-Instruct-AWQ,None
1526,Bar,Easy,0.3792,0.7583,2,0.0,0.0,0.0,0.0,0.0,0.0,0.0,0.0,0.0,0.0,1.0,0.0,0.0,False,Qwen/Qwen2.5-Coder-14B-Instruct-AWQ,None
1527,Pie,Hard,7.6753,23.026,3,0.3333333333333333,0.0,0.0,0.0,0.6666666666666666,0.0,0.0,0.0,0.3333333333333333,0.6666666666666666,0.0,,0.0,True,Qwen/Qwen2.5-Coder-14B-Instruct-AWQ,None
1527,Pie,Hard,7.6753,23.026,3,0.3333333333333333,0.0,0.0,0.0,0.6666666666666666,0.0,0.0,0.0,0.3333333333333333,0.6666666666666666,0.0,,0.0,True,Qwen/Qwen2.5-Coder-14B-Instruct-AWQ,None
1527,Pie,Hard,7.6753,23.026,3,0.3333333333333333,0.0,0.0,0.0,0.6666666666666666,0.0,0.0,0.0,0.3333333333333333,0.6666666666666666,0.0,,0.0,True,Qwen/Qwen2.5-Coder-14B-Instruct-AWQ,None
1528,Bar,Hard,1.0534,3.1601,3,0.0,0.0,0.0,0.3333333333333333,0.3333333333333333,0.0,0.0,0.0,0.0,0.3333333333333333,0.6666666666666666,0.0,0.0,True,Qwen/Qwen2.5-Coder-14B-Instruct-AWQ,None
1528,Bar,Hard,1.0534,3.1601,3,0.0,0.0,0.0,0.3333333333333333,0.3333333333333333,0.0,0.0,0.0,0.0,0.3333333333333333,0.6666666666666666,0.0,0.0,True,Qwen/Qwen2.5-Coder-14B-Instruct-AWQ,None
1528,Bar,Hard,1.0534,3.1601,3,0.0,0.0,0.0,0.3333333333333333,0.3333333333333333,0.0,0.0,0.0,0.0,0.3333333333333333,0.6666666666666666,0.0,0.0,True,Qwen/Qwen2.5-Coder-14B-Instruct-AWQ,None
1529,Pie,Medium,5.7937,17.3811,3,0.3333333333333333,0.0,0.0,0.0,0.0,0.0,0.0,0.0,0.3333333333333333,0.0,0.6666666666666666,0.0,0.0,True,Qwen/Qwen2.5-Coder-14B-Instruct-AWQ,None
1529,Pie,Medium,5.7937,17.3811,3,0.3333333333333333,0.0,0.0,0.0,0.0,0.0,0.0,0.0,0.3333333333333333,0.0,0.6666666666666666,0.0,0.0,True,Qwen/Qwen2.5-Coder-14B-Instruct-AWQ,None
1529,Pie,Medium,5.7937,17.3811,3,0.3333333333333333,0.0,0.0,0.0,0.0,0.0,0.0,0.0,0.3333333333333333,0.0,0.6666666666666666,0.0,0.0,True,Qwen/Qwen2.5-Coder-14B-Instruct-AWQ,None
1530,Bar,Medium,0.5877,1.7631,3,0.0,0.0,0.0,0.0,0.0,0.0,0.0,0.0,0.0,0.0,1.0,0.0,0.0,True,Qwen/Qwen2.5-Coder-14B-Instruct-AWQ,None
1530,Bar,Medium,0.5877,1.7631,3,0.0,0.0,0.0,0.0,0.0,0.0,0.0,0.0,0.0,0.0,1.0,0.0,0.0,True,Qwen/Qwen2.5-Coder-14B-Instruct-AWQ,None
1530,Bar,Medium,0.5877,1.7631,3,0.0,0.0,0.0,0.0,0.0,0.0,0.0,0.0,0.0,0.0,1.0,0.0,0.0,True,Qwen/Qwen2.5-Coder-14B-Instruct-AWQ,None
1531,Pie,Medium,0.5556,1.6669,3,0.0,0.0,0.0,0.0,0.0,0.0,0.0,0.0,0.0,0.0,1.0,0.0,0.0,True,Qwen/Qwen2.5-Coder-14B-Instruct-AWQ,None
1531,Pie,Medium,0.5556,1.6669,3,0.0,0.0,0.0,0.0,0.0,0.0,0.0,0.0,0.0,0.0,1.0,0.0,0.0,True,Qwen/Qwen2.5-Coder-14B-Instruct-AWQ,None
1531,Pie,Medium,0.5556,1.6669,3,0.0,0.0,0.0,0.0,0.0,0.0,0.0,0.0,0.0,0.0,1.0,0.0,0.0,True,Qwen/Qwen2.5-Coder-14B-Instruct-AWQ,None
1534,Pie,Medium,0.5872,3.523,6,0.0,0.0,0.0,0.0,0.6666666666666666,0.0,0.0,0.0,0.0,0.6666666666666666,0.3333333333333333,0.0,0.0,True,Qwen/Qwen2.5-Coder-14B-Instruct-AWQ,None
1534,Pie,Medium,0.5872,3.523,6,0.0,0.0,0.0,0.0,0.6666666666666666,0.0,0.0,0.0,0.0,0.6666666666666666,0.3333333333333333,0.0,0.0,True,Qwen/Qwen2.5-Coder-14B-Instruct-AWQ,None
1534,Pie,Medium,0.5872,3.523,6,0.0,0.0,0.0,0.0,0.6666666666666666,0.0,0.0,0.0,0.0,0.6666666666666666,0.3333333333333333,0.0,0.0,True,Qwen/Qwen2.5-Coder-14B-Instruct-AWQ,None
1535,Bar,Medium,0.6081,3.0404,5,0.0,0.0,0.0,0.0,0.8,0.0,0.0,0.0,0.0,0.8,0.2,0.0,0.0,True,Qwen/Qwen2.5-Coder-14B-Instruct-AWQ,None
1535,Bar,Medium,0.6081,3.0404,5,0.0,0.0,0.0,0.0,0.8,0.0,0.0,0.0,0.0,0.8,0.2,0.0,0.0,True,Qwen/Qwen2.5-Coder-14B-Instruct-AWQ,None
1535,Bar,Medium,0.6081,3.0404,5,0.0,0.0,0.0,0.0,0.8,0.0,0.0,0.0,0.0,0.8,0.2,0.0,0.0,True,Qwen/Qwen2.5-Coder-14B-Instruct-AWQ,None
1537,Bar,Medium,0.9268,0.9268,1,0.0,0.0,0.0,0.0,0.0,0.0,0.0,0.0,0.0,0.0,1.0,0.0,0.0,False,Qwen/Qwen2.5-Coder-14B-Instruct-AWQ,None
1537,Bar,Medium,0.9268,0.9268,1,0.0,0.0,0.0,0.0,0.0,0.0,0.0,0.0,0.0,0.0,1.0,0.0,0.0,False,Qwen/Qwen2.5-Coder-14B-Instruct-AWQ,None
1537,Bar,Medium,0.9268,0.9268,1,0.0,0.0,0.0,0.0,0.0,0.0,0.0,0.0,0.0,0.0,1.0,0.0,0.0,False,Qwen/Qwen2.5-Coder-14B-Instruct-AWQ,None
1556,Line,Hard,0.712,2.8482,4,0.0,0.0,0.0,0.0,1.0,0.0,0.0,0.0,0.0,1.0,0.0,,0.0,False,Qwen/Qwen2.5-Coder-14B-Instruct-AWQ,None
1556,Line,Hard,0.712,2.8482,4,0.0,0.0,0.0,0.0,1.0,0.0,0.0,0.0,0.0,1.0,0.0,,0.0,False,Qwen/Qwen2.5-Coder-14B-Instruct-AWQ,None
1556,Line,Hard,0.712,2.8482,4,0.0,0.0,0.0,0.0,1.0,0.0,0.0,0.0,0.0,1.0,0.0,,0.0,False,Qwen/Qwen2.5-Coder-14B-Instruct-AWQ,None
1563,Bar,Extra Hard,0.6454,3.2268,5,0.0,0.0,0.0,0.0,1.0,0.0,0.0,0.0,0.0,1.0,0.0,,0.0,False,Qwen/Qwen2.5-Coder-14B-Instruct-AWQ,None
1563,Bar,Extra Hard,0.6454,3.2268,5,0.0,0.0,0.0,0.0,1.0,0.0,0.0,0.0,0.0,1.0,0.0,,0.0,False,Qwen/Qwen2.5-Coder-14B-Instruct-AWQ,None
1563,Bar,Extra Hard,0.6454,3.2268,5,0.0,0.0,0.0,0.0,1.0,0.0,0.0,0.0,0.0,1.0,0.0,,0.0,False,Qwen/Qwen2.5-Coder-14B-Instruct-AWQ,None
1574,Scatter,Hard,0.5855,2.3418,4,0.0,0.0,0.0,0.0,1.0,0.0,0.0,0.0,0.0,1.0,0.0,,0.0,False,Qwen/Qwen2.5-Coder-14B-Instruct-AWQ,None
1574,Scatter,Hard,0.5855,2.3418,4,0.0,0.0,0.0,0.0,1.0,0.0,0.0,0.0,0.0,1.0,0.0,,0.0,False,Qwen/Qwen2.5-Coder-14B-Instruct-AWQ,None
1574,Scatter,Hard,0.5855,2.3418,4,0.0,0.0,0.0,0.0,1.0,0.0,0.0,0.0,0.0,1.0,0.0,,0.0,False,Qwen/Qwen2.5-Coder-14B-Instruct-AWQ,None
1580,Bar,Hard,1.0688,4.2751,4,0.0,0.0,0.0,0.0,1.0,0.0,0.0,0.0,0.0,1.0,0.0,,0.0,False,Qwen/Qwen2.5-Coder-14B-Instruct-AWQ,None
1580,Bar,Hard,1.0688,4.2751,4,0.0,0.0,0.0,0.0,1.0,0.0,0.0,0.0,0.0,1.0,0.0,,0.0,False,Qwen/Qwen2.5-Coder-14B-Instruct-AWQ,None
1580,Bar,Hard,1.0688,4.2751,4,0.0,0.0,0.0,0.0,1.0,0.0,0.0,0.0,0.0,1.0,0.0,,0.0,False,Qwen/Qwen2.5-Coder-14B-Instruct-AWQ,None
1611,Scatter,Medium,0.8965,2.6894,3,0.0,0.0,0.0,0.0,1.0,0.0,0.0,0.0,0.0,1.0,0.0,,0.0,False,Qwen/Qwen2.5-Coder-14B-Instruct-AWQ,None
1611,Scatter,Medium,0.8965,2.6894,3,0.0,0.0,0.0,0.0,1.0,0.0,0.0,0.0,0.0,1.0,0.0,,0.0,False,Qwen/Qwen2.5-Coder-14B-Instruct-AWQ,None
1611,Scatter,Medium,0.8965,2.6894,3,0.0,0.0,0.0,0.0,1.0,0.0,0.0,0.0,0.0,1.0,0.0,,0.0,False,Qwen/Qwen2.5-Coder-14B-Instruct-AWQ,None
1621,Line,Medium,5.2271,31.3623,6,0.16666666666666666,0.0,0.0,0.0,0.8333333333333334,0.0,0.0,0.0,0.16666666666666666,0.8333333333333334,0.0,,0.0,False,Qwen/Qwen2.5-Coder-14B-Instruct-AWQ,None
1621,Line,Medium,5.2271,31.3623,6,0.16666666666666666,0.0,0.0,0.0,0.8333333333333334,0.0,0.0,0.0,0.16666666666666666,0.8333333333333334,0.0,,0.0,False,Qwen/Qwen2.5-Coder-14B-Instruct-AWQ,None
1621,Line,Medium,5.2271,31.3623,6,0.16666666666666666,0.0,0.0,0.0,0.8333333333333334,0.0,0.0,0.0,0.16666666666666666,0.8333333333333334,0.0,,0.0,False,Qwen/Qwen2.5-Coder-14B-Instruct-AWQ,None
1630,Bar,Medium,0.7954,0.7954,1,0.0,0.0,0.0,0.0,0.0,0.0,0.0,0.0,0.0,0.0,1.0,0.0,0.0,False,Qwen/Qwen2.5-Coder-14B-Instruct-AWQ,None
1630,Bar,Medium,0.7954,0.7954,1,0.0,0.0,0.0,0.0,0.0,0.0,0.0,0.0,0.0,0.0,1.0,0.0,0.0,False,Qwen/Qwen2.5-Coder-14B-Instruct-AWQ,None
1630,Bar,Medium,0.7954,0.7954,1,0.0,0.0,0.0,0.0,0.0,0.0,0.0,0.0,0.0,0.0,1.0,0.0,0.0,False,Qwen/Qwen2.5-Coder-14B-Instruct-AWQ,None
1652,Bar,Medium,1.1099,4.4396,4,0.0,0.0,0.0,0.0,0.0,0.0,0.0,0.0,0.0,0.0,1.0,0.0,0.0,False,Qwen/Qwen2.5-Coder-14B-Instruct-AWQ,None
1652,Bar,Medium,1.1099,4.4396,4,0.0,0.0,0.0,0.0,0.0,0.0,0.0,0.0,0.0,0.0,1.0,0.0,0.0,False,Qwen/Qwen2.5-Coder-14B-Instruct-AWQ,None
1652,Bar,Medium,1.1099,4.4396,4,0.0,0.0,0.0,0.0,0.0,0.0,0.0,0.0,0.0,0.0,1.0,0.0,0.0,False,Qwen/Qwen2.5-Coder-14B-Instruct-AWQ,None
1663,Line,Extra Hard,1.1753,2.3505,2,0.0,0.0,0.0,0.0,1.0,0.0,0.0,0.0,0.0,1.0,0.0,,0.0,False,Qwen/Qwen2.5-Coder-14B-Instruct-AWQ,None
1663,Line,Extra Hard,1.1753,2.3505,2,0.0,0.0,0.0,0.0,1.0,0.0,0.0,0.0,0.0,1.0,0.0,,0.0,False,Qwen/Qwen2.5-Coder-14B-Instruct-AWQ,None
1663,Line,Extra Hard,1.1753,2.3505,2,0.0,0.0,0.0,0.0,1.0,0.0,0.0,0.0,0.0,1.0,0.0,,0.0,False,Qwen/Qwen2.5-Coder-14B-Instruct-AWQ,None
1690,Scatter,Extra Hard,0.7215,3.6077,5,0.0,0.0,0.0,0.0,0.0,0.0,0.0,0.0,0.0,0.0,1.0,0.0,0.0,False,Qwen/Qwen2.5-Coder-14B-Instruct-AWQ,None
1690,Scatter,Extra Hard,0.7215,3.6077,5,0.0,0.0,0.0,0.0,0.0,0.0,0.0,0.0,0.0,0.0,1.0,0.0,0.0,False,Qwen/Qwen2.5-Coder-14B-Instruct-AWQ,None
1690,Scatter,Extra Hard,0.7215,3.6077,5,0.0,0.0,0.0,0.0,0.0,0.0,0.0,0.0,0.0,0.0,1.0,0.0,0.0,False,Qwen/Qwen2.5-Coder-14B-Instruct-AWQ,None
1715,Bar,Medium,0.737,3.6849,5,0.0,0.0,0.0,0.0,1.0,0.0,0.0,0.0,0.0,1.0,0.0,,0.0,False,Qwen/Qwen2.5-Coder-14B-Instruct-AWQ,None
1715,Bar,Medium,0.737,3.6849,5,0.0,0.0,0.0,0.0,1.0,0.0,0.0,0.0,0.0,1.0,0.0,,0.0,False,Qwen/Qwen2.5-Coder-14B-Instruct-AWQ,None
1715,Bar,Medium,0.737,3.6849,5,0.0,0.0,0.0,0.0,1.0,0.0,0.0,0.0,0.0,1.0,0.0,,0.0,False,Qwen/Qwen2.5-Coder-14B-Instruct-AWQ,None
1741,Scatter,Easy,0.8614,3.4457,4,0.0,0.0,0.0,0.0,1.0,0.0,0.0,0.0,0.0,1.0,0.0,,0.0,False,Qwen/Qwen2.5-Coder-14B-Instruct-AWQ,None
1741,Scatter,Easy,0.8614,3.4457,4,0.0,0.0,0.0,0.0,1.0,0.0,0.0,0.0,0.0,1.0,0.0,,0.0,False,Qwen/Qwen2.5-Coder-14B-Instruct-AWQ,None
1741,Scatter,Easy,0.8614,3.4457,4,0.0,0.0,0.0,0.0,1.0,0.0,0.0,0.0,0.0,1.0,0.0,,0.0,False,Qwen/Qwen2.5-Coder-14B-Instruct-AWQ,None
1807,Pie,Hard,0.519,1.0379,2,0.0,0.0,0.0,0.0,0.0,0.0,0.0,0.0,0.0,0.0,1.0,0.0,0.0,False,Qwen/Qwen2.5-Coder-14B-Instruct-AWQ,None
1807,Pie,Hard,0.519,1.0379,2,0.0,0.0,0.0,0.0,0.0,0.0,0.0,0.0,0.0,0.0,1.0,0.0,0.0,False,Qwen/Qwen2.5-Coder-14B-Instruct-AWQ,None
1807,Pie,Hard,0.519,1.0379,2,0.0,0.0,0.0,0.0,0.0,0.0,0.0,0.0,0.0,0.0,1.0,0.0,0.0,False,Qwen/Qwen2.5-Coder-14B-Instruct-AWQ,None
1831,Bar,Hard,10.5752,21.1503,2,1.0,0.0,0.0,0.0,0.0,0.0,0.0,0.0,1.0,0.0,0.0,,0.0,False,Qwen/Qwen2.5-Coder-14B-Instruct-AWQ,None
1831,Bar,Hard,10.5752,21.1503,2,1.0,0.0,0.0,0.0,0.0,0.0,0.0,0.0,1.0,0.0,0.0,,0.0,False,Qwen/Qwen2.5-Coder-14B-Instruct-AWQ,None
1831,Bar,Hard,10.5752,21.1503,2,1.0,0.0,0.0,0.0,0.0,0.0,0.0,0.0,1.0,0.0,0.0,,0.0,False,Qwen/Qwen2.5-Coder-14B-Instruct-AWQ,None
1839,Bar,Easy,0.5234,1.0467,2,0.0,0.0,0.0,0.0,0.5,0.0,0.0,0.0,0.0,0.5,0.5,0.0,0.0,False,Qwen/Qwen2.5-Coder-14B-Instruct-AWQ,None
1839,Bar,Easy,0.5234,1.0467,2,0.0,0.0,0.0,0.0,0.5,0.0,0.0,0.0,0.0,0.5,0.5,0.0,0.0,False,Qwen/Qwen2.5-Coder-14B-Instruct-AWQ,None
1839,Bar,Easy,0.5234,1.0467,2,0.0,0.0,0.0,0.0,0.5,0.0,0.0,0.0,0.0,0.5,0.5,0.0,0.0,False,Qwen/Qwen2.5-Coder-14B-Instruct-AWQ,None
1955,Pie,Hard,0.9318,1.8636,2,0.0,0.0,0.0,0.0,0.5,0.0,0.0,0.0,0.0,0.5,0.5,0.0,0.0,True,Qwen/Qwen2.5-Coder-14B-Instruct-AWQ,None
1955,Pie,Hard,0.9318,1.8636,2,0.0,0.0,0.0,0.0,0.5,0.0,0.0,0.0,0.0,0.5,0.5,0.0,0.0,True,Qwen/Qwen2.5-Coder-14B-Instruct-AWQ,None
1955,Pie,Hard,0.9318,1.8636,2,0.0,0.0,0.0,0.0,0.5,0.0,0.0,0.0,0.0,0.5,0.5,0.0,0.0,True,Qwen/Qwen2.5-Coder-14B-Instruct-AWQ,None
1961,Pie,Hard,0.9483,0.9483,1,0.0,0.0,0.0,0.0,0.0,0.0,0.0,0.0,0.0,0.0,1.0,0.0,0.0,True,Qwen/Qwen2.5-Coder-14B-Instruct-AWQ,None
1961,Pie,Hard,0.9483,0.9483,1,0.0,0.0,0.0,0.0,0.0,0.0,0.0,0.0,0.0,0.0,1.0,0.0,0.0,True,Qwen/Qwen2.5-Coder-14B-Instruct-AWQ,None
1961,Pie,Hard,0.9483,0.9483,1,0.0,0.0,0.0,0.0,0.0,0.0,0.0,0.0,0.0,0.0,1.0,0.0,0.0,True,Qwen/Qwen2.5-Coder-14B-Instruct-AWQ,None
1966,Pie,Easy,0.368,1.4721,4,0.0,0.0,0.0,0.0,0.0,0.0,0.0,0.0,0.0,0.0,1.0,0.0,0.0,False,Qwen/Qwen2.5-Coder-14B-Instruct-AWQ,None
1966,Pie,Easy,0.368,1.4721,4,0.0,0.0,0.0,0.0,0.0,0.0,0.0,0.0,0.0,0.0,1.0,0.0,0.0,False,Qwen/Qwen2.5-Coder-14B-Instruct-AWQ,None
1966,Pie,Easy,0.368,1.4721,4,0.0,0.0,0.0,0.0,0.0,0.0,0.0,0.0,0.0,0.0,1.0,0.0,0.0,False,Qwen/Qwen2.5-Coder-14B-Instruct-AWQ,None
1968,Pie,Easy,0.3697,1.1092,3,0.0,0.0,0.0,0.0,0.0,0.0,0.0,0.0,0.0,0.0,1.0,0.0,0.0,False,Qwen/Qwen2.5-Coder-14B-Instruct-AWQ,None
1968,Pie,Easy,0.3697,1.1092,3,0.0,0.0,0.0,0.0,0.0,0.0,0.0,0.0,0.0,0.0,1.0,0.0,0.0,False,Qwen/Qwen2.5-Coder-14B-Instruct-AWQ,None
1968,Pie,Easy,0.3697,1.1092,3,0.0,0.0,0.0,0.0,0.0,0.0,0.0,0.0,0.0,0.0,1.0,0.0,0.0,False,Qwen/Qwen2.5-Coder-14B-Instruct-AWQ,None
1969,Bar,Easy,0.3898,1.559,4,0.0,0.0,0.0,0.0,0.0,0.0,0.0,0.0,0.0,0.0,1.0,0.0,0.0,False,Qwen/Qwen2.5-Coder-14B-Instruct-AWQ,None
1969,Bar,Easy,0.3898,1.559,4,0.0,0.0,0.0,0.0,0.0,0.0,0.0,0.0,0.0,0.0,1.0,0.0,0.0,False,Qwen/Qwen2.5-Coder-14B-Instruct-AWQ,None
1969,Bar,Easy,0.3898,1.559,4,0.0,0.0,0.0,0.0,0.0,0.0,0.0,0.0,0.0,0.0,1.0,0.0,0.0,False,Qwen/Qwen2.5-Coder-14B-Instruct-AWQ,None
1971,Pie,Easy,5.4171,16.2512,3,0.3333333333333333,0.0,0.0,0.3333333333333333,0.0,0.0,0.0,0.0,0.3333333333333333,0.3333333333333333,0.3333333333333333,0.0,0.0,False,Qwen/Qwen2.5-Coder-14B-Instruct-AWQ,None
1971,Pie,Easy,5.4171,16.2512,3,0.3333333333333333,0.0,0.0,0.3333333333333333,0.0,0.0,0.0,0.0,0.3333333333333333,0.3333333333333333,0.3333333333333333,0.0,0.0,False,Qwen/Qwen2.5-Coder-14B-Instruct-AWQ,None
1971,Pie,Easy,5.4171,16.2512,3,0.3333333333333333,0.0,0.0,0.3333333333333333,0.0,0.0,0.0,0.0,0.3333333333333333,0.3333333333333333,0.3333333333333333,0.0,0.0,False,Qwen/Qwen2.5-Coder-14B-Instruct-AWQ,None
1972,Scatter,Easy,3.1583,3.1583,1,0.0,0.0,0.0,0.0,1.0,0.0,0.0,0.0,0.0,1.0,0.0,,0.0,False,Qwen/Qwen2.5-Coder-14B-Instruct-AWQ,None
1972,Scatter,Easy,3.1583,3.1583,1,0.0,0.0,0.0,0.0,1.0,0.0,0.0,0.0,0.0,1.0,0.0,,0.0,False,Qwen/Qwen2.5-Coder-14B-Instruct-AWQ,None
1972,Scatter,Easy,3.1583,3.1583,1,0.0,0.0,0.0,0.0,1.0,0.0,0.0,0.0,0.0,1.0,0.0,,0.0,False,Qwen/Qwen2.5-Coder-14B-Instruct-AWQ,None
1973,Grouping Scatter,Easy,7.6982,15.3965,2,0.5,0.0,0.0,0.0,0.0,0.0,0.0,0.0,0.5,0.0,0.5,0.0,0.0,False,Qwen/Qwen2.5-Coder-14B-Instruct-AWQ,None
1973,Grouping Scatter,Easy,7.6982,15.3965,2,0.5,0.0,0.0,0.0,0.0,0.0,0.0,0.0,0.5,0.0,0.5,0.0,0.0,False,Qwen/Qwen2.5-Coder-14B-Instruct-AWQ,None
1973,Grouping Scatter,Easy,7.6982,15.3965,2,0.5,0.0,0.0,0.0,0.0,0.0,0.0,0.0,0.5,0.0,0.5,0.0,0.0,False,Qwen/Qwen2.5-Coder-14B-Instruct-AWQ,None
1974,Pie,Medium,5.1685,10.337,2,0.5,0.0,0.0,0.0,0.0,0.0,0.0,0.0,0.5,0.0,0.5,0.0,0.0,False,Qwen/Qwen2.5-Coder-14B-Instruct-AWQ,None
1974,Pie,Medium,5.1685,10.337,2,0.5,0.0,0.0,0.0,0.0,0.0,0.0,0.0,0.5,0.0,0.5,0.0,0.0,False,Qwen/Qwen2.5-Coder-14B-Instruct-AWQ,None
1974,Pie,Medium,5.1685,10.337,2,0.5,0.0,0.0,0.0,0.0,0.0,0.0,0.0,0.5,0.0,0.5,0.0,0.0,False,Qwen/Qwen2.5-Coder-14B-Instruct-AWQ,None
1975,Bar,Medium,0.4503,0.9007,2,0.0,0.0,0.0,0.0,0.0,0.0,0.0,0.0,0.0,0.0,1.0,0.0,0.0,False,Qwen/Qwen2.5-Coder-14B-Instruct-AWQ,None
1975,Bar,Medium,0.4503,0.9007,2,0.0,0.0,0.0,0.0,0.0,0.0,0.0,0.0,0.0,0.0,1.0,0.0,0.0,False,Qwen/Qwen2.5-Coder-14B-Instruct-AWQ,None
1975,Bar,Medium,0.4503,0.9007,2,0.0,0.0,0.0,0.0,0.0,0.0,0.0,0.0,0.0,0.0,1.0,0.0,0.0,False,Qwen/Qwen2.5-Coder-14B-Instruct-AWQ,None
1976,Pie,Easy,0.3887,3.1093,8,0.0,0.0,0.0,0.0,0.0,0.0,0.0,0.0,0.0,0.0,1.0,0.0,0.0,False,Qwen/Qwen2.5-Coder-14B-Instruct-AWQ,None
1976,Pie,Easy,0.3887,3.1093,8,0.0,0.0,0.0,0.0,0.0,0.0,0.0,0.0,0.0,0.0,1.0,0.0,0.0,False,Qwen/Qwen2.5-Coder-14B-Instruct-AWQ,None
1976,Pie,Easy,0.3887,3.1093,8,0.0,0.0,0.0,0.0,0.0,0.0,0.0,0.0,0.0,0.0,1.0,0.0,0.0,False,Qwen/Qwen2.5-Coder-14B-Instruct-AWQ,None
1978,Pie,Medium,0.4468,0.8935,2,0.0,0.0,0.0,0.0,0.0,0.0,0.0,0.0,0.0,0.0,1.0,0.0,0.0,False,Qwen/Qwen2.5-Coder-14B-Instruct-AWQ,None
1978,Pie,Medium,0.4468,0.8935,2,0.0,0.0,0.0,0.0,0.0,0.0,0.0,0.0,0.0,0.0,1.0,0.0,0.0,False,Qwen/Qwen2.5-Coder-14B-Instruct-AWQ,None
1978,Pie,Medium,0.4468,0.8935,2,0.0,0.0,0.0,0.0,0.0,0.0,0.0,0.0,0.0,0.0,1.0,0.0,0.0,False,Qwen/Qwen2.5-Coder-14B-Instruct-AWQ,None
1980,Pie,Extra Hard,0.741,2.9641,4,0.0,0.0,0.0,0.0,0.75,0.0,0.0,0.0,0.0,0.75,0.25,0.0,0.0,True,Qwen/Qwen2.5-Coder-14B-Instruct-AWQ,None
1980,Pie,Extra Hard,0.741,2.9641,4,0.0,0.0,0.0,0.0,0.75,0.0,0.0,0.0,0.0,0.75,0.25,0.0,0.0,True,Qwen/Qwen2.5-Coder-14B-Instruct-AWQ,None
1980,Pie,Extra Hard,0.741,2.9641,4,0.0,0.0,0.0,0.0,0.75,0.0,0.0,0.0,0.0,0.75,0.25,0.0,0.0,True,Qwen/Qwen2.5-Coder-14B-Instruct-AWQ,None
1990,Bar,Extra Hard,11.2461,11.2461,1,1.0,0.0,0.0,0.0,0.0,0.0,0.0,0.0,1.0,0.0,0.0,,0.0,True,Qwen/Qwen2.5-Coder-14B-Instruct-AWQ,None
1990,Bar,Extra Hard,11.2461,11.2461,1,1.0,0.0,0.0,0.0,0.0,0.0,0.0,0.0,1.0,0.0,0.0,,0.0,True,Qwen/Qwen2.5-Coder-14B-Instruct-AWQ,None
1990,Bar,Extra Hard,11.2461,11.2461,1,1.0,0.0,0.0,0.0,0.0,0.0,0.0,0.0,1.0,0.0,0.0,,0.0,True,Qwen/Qwen2.5-Coder-14B-Instruct-AWQ,None
1992,Bar,Medium,10.0312,20.0623,2,0.5,0.5,0.0,0.0,0.0,0.0,0.0,0.0,1.0,0.0,0.0,,0.0,False,Qwen/Qwen2.5-Coder-14B-Instruct-AWQ,None
1992,Bar,Medium,10.0312,20.0623,2,0.5,0.5,0.0,0.0,0.0,0.0,0.0,0.0,1.0,0.0,0.0,,0.0,False,Qwen/Qwen2.5-Coder-14B-Instruct-AWQ,None
1992,Bar,Medium,10.0312,20.0623,2,0.5,0.5,0.0,0.0,0.0,0.0,0.0,0.0,1.0,0.0,0.0,,0.0,False,Qwen/Qwen2.5-Coder-14B-Instruct-AWQ,None
2005,Grouping Line,Medium,7.1047,7.1047,1,0.0,0.0,0.0,0.0,1.0,0.0,0.0,0.0,0.0,1.0,0.0,,0.0,False,Qwen/Qwen2.5-Coder-14B-Instruct-AWQ,None
2005,Grouping Line,Medium,7.1047,7.1047,1,0.0,0.0,0.0,0.0,1.0,0.0,0.0,0.0,0.0,1.0,0.0,,0.0,False,Qwen/Qwen2.5-Coder-14B-Instruct-AWQ,None
2005,Grouping Line,Medium,7.1047,7.1047,1,0.0,0.0,0.0,0.0,1.0,0.0,0.0,0.0,0.0,1.0,0.0,,0.0,False,Qwen/Qwen2.5-Coder-14B-Instruct-AWQ,None
2009,Pie,Easy,0.4536,0.4536,1,0.0,0.0,0.0,0.0,0.0,0.0,0.0,0.0,0.0,0.0,1.0,0.0,0.0,False,Qwen/Qwen2.5-Coder-14B-Instruct-AWQ,None
2009,Pie,Easy,0.4536,0.4536,1,0.0,0.0,0.0,0.0,0.0,0.0,0.0,0.0,0.0,0.0,1.0,0.0,0.0,False,Qwen/Qwen2.5-Coder-14B-Instruct-AWQ,None
2009,Pie,Easy,0.4536,0.4536,1,0.0,0.0,0.0,0.0,0.0,0.0,0.0,0.0,0.0,0.0,1.0,0.0,0.0,False,Qwen/Qwen2.5-Coder-14B-Instruct-AWQ,None
2011,Bar,Easy,0.4696,1.4089,3,0.0,0.0,0.0,0.0,0.0,0.0,0.0,0.0,0.0,0.0,1.0,0.0,0.0,False,Qwen/Qwen2.5-Coder-14B-Instruct-AWQ,None
2011,Bar,Easy,0.4696,1.4089,3,0.0,0.0,0.0,0.0,0.0,0.0,0.0,0.0,0.0,0.0,1.0,0.0,0.0,False,Qwen/Qwen2.5-Coder-14B-Instruct-AWQ,None
2011,Bar,Easy,0.4696,1.4089,3,0.0,0.0,0.0,0.0,0.0,0.0,0.0,0.0,0.0,0.0,1.0,0.0,0.0,False,Qwen/Qwen2.5-Coder-14B-Instruct-AWQ,None
2012,Bar,Easy,0.4637,1.3911,3,0.0,0.0,0.0,0.0,0.0,0.0,0.0,0.0,0.0,0.0,1.0,0.0,0.0,False,Qwen/Qwen2.5-Coder-14B-Instruct-AWQ,None
2012,Bar,Easy,0.4637,1.3911,3,0.0,0.0,0.0,0.0,0.0,0.0,0.0,0.0,0.0,0.0,1.0,0.0,0.0,False,Qwen/Qwen2.5-Coder-14B-Instruct-AWQ,None
2012,Bar,Easy,0.4637,1.3911,3,0.0,0.0,0.0,0.0,0.0,0.0,0.0,0.0,0.0,0.0,1.0,0.0,0.0,False,Qwen/Qwen2.5-Coder-14B-Instruct-AWQ,None
2013,Pie,Easy,0.4249,1.2747,3,0.0,0.0,0.0,0.0,0.0,0.0,0.0,0.0,0.0,0.0,1.0,0.0,0.0,False,Qwen/Qwen2.5-Coder-14B-Instruct-AWQ,None
2013,Pie,Easy,0.4249,1.2747,3,0.0,0.0,0.0,0.0,0.0,0.0,0.0,0.0,0.0,0.0,1.0,0.0,0.0,False,Qwen/Qwen2.5-Coder-14B-Instruct-AWQ,None
2013,Pie,Easy,0.4249,1.2747,3,0.0,0.0,0.0,0.0,0.0,0.0,0.0,0.0,0.0,0.0,1.0,0.0,0.0,False,Qwen/Qwen2.5-Coder-14B-Instruct-AWQ,None
2014,Line,Medium,0.6896,1.3792,2,0.0,0.0,0.0,0.0,0.0,0.0,0.0,0.0,0.0,0.0,1.0,0.0,0.0,False,Qwen/Qwen2.5-Coder-14B-Instruct-AWQ,None
2014,Line,Medium,0.6896,1.3792,2,0.0,0.0,0.0,0.0,0.0,0.0,0.0,0.0,0.0,0.0,1.0,0.0,0.0,False,Qwen/Qwen2.5-Coder-14B-Instruct-AWQ,None
2014,Line,Medium,0.6896,1.3792,2,0.0,0.0,0.0,0.0,0.0,0.0,0.0,0.0,0.0,0.0,1.0,0.0,0.0,False,Qwen/Qwen2.5-Coder-14B-Instruct-AWQ,None
2015,Line,Medium,0.689,2.067,3,0.0,0.0,0.0,0.0,0.0,0.0,0.0,0.0,0.0,0.0,1.0,0.0,0.0,False,Qwen/Qwen2.5-Coder-14B-Instruct-AWQ,None
2015,Line,Medium,0.689,2.067,3,0.0,0.0,0.0,0.0,0.0,0.0,0.0,0.0,0.0,0.0,1.0,0.0,0.0,False,Qwen/Qwen2.5-Coder-14B-Instruct-AWQ,None
2015,Line,Medium,0.689,2.067,3,0.0,0.0,0.0,0.0,0.0,0.0,0.0,0.0,0.0,0.0,1.0,0.0,0.0,False,Qwen/Qwen2.5-Coder-14B-Instruct-AWQ,None
2018,Bar,Easy,0.8198,0.8198,1,0.0,0.0,0.0,0.0,0.0,0.0,0.0,0.0,0.0,0.0,1.0,0.0,0.0,False,Qwen/Qwen2.5-Coder-14B-Instruct-AWQ,None
2018,Bar,Easy,0.8198,0.8198,1,0.0,0.0,0.0,0.0,0.0,0.0,0.0,0.0,0.0,0.0,1.0,0.0,0.0,False,Qwen/Qwen2.5-Coder-14B-Instruct-AWQ,None
2018,Bar,Easy,0.8198,0.8198,1,0.0,0.0,0.0,0.0,0.0,0.0,0.0,0.0,0.0,0.0,1.0,0.0,0.0,False,Qwen/Qwen2.5-Coder-14B-Instruct-AWQ,None
2019,Bar,Easy,0.5819,0.5819,1,0.0,0.0,0.0,0.0,0.0,0.0,0.0,0.0,0.0,0.0,1.0,0.0,0.0,False,Qwen/Qwen2.5-Coder-14B-Instruct-AWQ,None
2019,Bar,Easy,0.5819,0.5819,1,0.0,0.0,0.0,0.0,0.0,0.0,0.0,0.0,0.0,0.0,1.0,0.0,0.0,False,Qwen/Qwen2.5-Coder-14B-Instruct-AWQ,None
2019,Bar,Easy,0.5819,0.5819,1,0.0,0.0,0.0,0.0,0.0,0.0,0.0,0.0,0.0,0.0,1.0,0.0,0.0,False,Qwen/Qwen2.5-Coder-14B-Instruct-AWQ,None
2021,Line,Easy,0.637,0.637,1,0.0,0.0,0.0,0.0,1.0,0.0,0.0,0.0,0.0,1.0,0.0,,0.0,False,Qwen/Qwen2.5-Coder-14B-Instruct-AWQ,None
2021,Line,Easy,0.637,0.637,1,0.0,0.0,0.0,0.0,1.0,0.0,0.0,0.0,0.0,1.0,0.0,,0.0,False,Qwen/Qwen2.5-Coder-14B-Instruct-AWQ,None
2021,Line,Easy,0.637,0.637,1,0.0,0.0,0.0,0.0,1.0,0.0,0.0,0.0,0.0,1.0,0.0,,0.0,False,Qwen/Qwen2.5-Coder-14B-Instruct-AWQ,None
2027,Bar,Medium,0.8114,0.8114,1,0.0,0.0,0.0,0.0,0.0,0.0,0.0,0.0,0.0,0.0,1.0,0.0,0.0,False,Qwen/Qwen2.5-Coder-14B-Instruct-AWQ,None
2027,Bar,Medium,0.8114,0.8114,1,0.0,0.0,0.0,0.0,0.0,0.0,0.0,0.0,0.0,0.0,1.0,0.0,0.0,False,Qwen/Qwen2.5-Coder-14B-Instruct-AWQ,None
2027,Bar,Medium,0.8114,0.8114,1,0.0,0.0,0.0,0.0,0.0,0.0,0.0,0.0,0.0,0.0,1.0,0.0,0.0,False,Qwen/Qwen2.5-Coder-14B-Instruct-AWQ,None
2036,Bar,Medium,4.1655,4.1655,1,0.0,0.0,0.0,0.0,0.0,0.0,0.0,0.0,0.0,0.0,1.0,0.0,0.0,False,Qwen/Qwen2.5-Coder-14B-Instruct-AWQ,None
2036,Bar,Medium,4.1655,4.1655,1,0.0,0.0,0.0,0.0,0.0,0.0,0.0,0.0,0.0,0.0,1.0,0.0,0.0,False,Qwen/Qwen2.5-Coder-14B-Instruct-AWQ,None
2036,Bar,Medium,4.1655,4.1655,1,0.0,0.0,0.0,0.0,0.0,0.0,0.0,0.0,0.0,0.0,1.0,0.0,0.0,False,Qwen/Qwen2.5-Coder-14B-Instruct-AWQ,None
2059,Pie,Hard,1.0157,2.0315,2,0.0,0.0,0.0,0.0,1.0,0.0,0.0,0.0,0.0,1.0,0.0,,0.0,True,Qwen/Qwen2.5-Coder-14B-Instruct-AWQ,None
2059,Pie,Hard,1.0157,2.0315,2,0.0,0.0,0.0,0.0,1.0,0.0,0.0,0.0,0.0,1.0,0.0,,0.0,True,Qwen/Qwen2.5-Coder-14B-Instruct-AWQ,None
2059,Pie,Hard,1.0157,2.0315,2,0.0,0.0,0.0,0.0,1.0,0.0,0.0,0.0,0.0,1.0,0.0,,0.0,True,Qwen/Qwen2.5-Coder-14B-Instruct-AWQ,None
2065,Pie,Medium,0.5655,1.6966,3,0.0,0.0,0.0,0.0,0.0,0.0,0.0,0.0,0.0,0.0,1.0,0.0,0.0,False,Qwen/Qwen2.5-Coder-14B-Instruct-AWQ,None
2065,Pie,Medium,0.5655,1.6966,3,0.0,0.0,0.0,0.0,0.0,0.0,0.0,0.0,0.0,0.0,1.0,0.0,0.0,False,Qwen/Qwen2.5-Coder-14B-Instruct-AWQ,None
2065,Pie,Medium,0.5655,1.6966,3,0.0,0.0,0.0,0.0,0.0,0.0,0.0,0.0,0.0,0.0,1.0,0.0,0.0,False,Qwen/Qwen2.5-Coder-14B-Instruct-AWQ,None
2067,Pie,Medium,3.1339,6.2679,2,0.0,0.0,0.0,0.5,0.5,0.0,0.0,0.0,0.0,0.5,0.5,0.0,0.0,False,Qwen/Qwen2.5-Coder-14B-Instruct-AWQ,None
2067,Pie,Medium,3.1339,6.2679,2,0.0,0.0,0.0,0.5,0.5,0.0,0.0,0.0,0.0,0.5,0.5,0.0,0.0,False,Qwen/Qwen2.5-Coder-14B-Instruct-AWQ,None
2067,Pie,Medium,3.1339,6.2679,2,0.0,0.0,0.0,0.5,0.5,0.0,0.0,0.0,0.0,0.5,0.5,0.0,0.0,False,Qwen/Qwen2.5-Coder-14B-Instruct-AWQ,None
2071,Pie,Medium,0.652,1.304,2,0.0,0.0,0.0,0.0,0.0,0.0,0.0,0.0,0.0,0.0,1.0,0.0,0.0,True,Qwen/Qwen2.5-Coder-14B-Instruct-AWQ,None
2071,Pie,Medium,0.652,1.304,2,0.0,0.0,0.0,0.0,0.0,0.0,0.0,0.0,0.0,0.0,1.0,0.0,0.0,True,Qwen/Qwen2.5-Coder-14B-Instruct-AWQ,None
2071,Pie,Medium,0.652,1.304,2,0.0,0.0,0.0,0.0,0.0,0.0,0.0,0.0,0.0,0.0,1.0,0.0,0.0,True,Qwen/Qwen2.5-Coder-14B-Instruct-AWQ,None
2074,Pie,Extra Hard,1.4074,1.4074,1,0.0,0.0,0.0,0.0,0.0,0.0,0.0,0.0,0.0,0.0,1.0,0.0,0.0,True,Qwen/Qwen2.5-Coder-14B-Instruct-AWQ,None
2074,Pie,Extra Hard,1.4074,1.4074,1,0.0,0.0,0.0,0.0,0.0,0.0,0.0,0.0,0.0,0.0,1.0,0.0,0.0,True,Qwen/Qwen2.5-Coder-14B-Instruct-AWQ,None
2074,Pie,Extra Hard,1.4074,1.4074,1,0.0,0.0,0.0,0.0,0.0,0.0,0.0,0.0,0.0,0.0,1.0,0.0,0.0,True,Qwen/Qwen2.5-Coder-14B-Instruct-AWQ,None
2093,Pie,Medium,2.4291,4.8583,2,0.0,0.0,0.0,0.5,1.0,0.0,0.0,0.0,0.0,1.0,0.0,,0.0,True,Qwen/Qwen2.5-Coder-14B-Instruct-AWQ,None
2093,Pie,Medium,2.4291,4.8583,2,0.0,0.0,0.0,0.5,1.0,0.0,0.0,0.0,0.0,1.0,0.0,,0.0,True,Qwen/Qwen2.5-Coder-14B-Instruct-AWQ,None
2093,Pie,Medium,2.4291,4.8583,2,0.0,0.0,0.0,0.5,1.0,0.0,0.0,0.0,0.0,1.0,0.0,,0.0,True,Qwen/Qwen2.5-Coder-14B-Instruct-AWQ,None
2096,Bar,Medium,0.5633,0.5633,1,0.0,0.0,0.0,0.0,0.0,0.0,0.0,0.0,0.0,0.0,1.0,0.0,0.0,True,Qwen/Qwen2.5-Coder-14B-Instruct-AWQ,None
2096,Bar,Medium,0.5633,0.5633,1,0.0,0.0,0.0,0.0,0.0,0.0,0.0,0.0,0.0,0.0,1.0,0.0,0.0,True,Qwen/Qwen2.5-Coder-14B-Instruct-AWQ,None
2096,Bar,Medium,0.5633,0.5633,1,0.0,0.0,0.0,0.0,0.0,0.0,0.0,0.0,0.0,0.0,1.0,0.0,0.0,True,Qwen/Qwen2.5-Coder-14B-Instruct-AWQ,None
2110,Bar,Easy,0.6459,1.2917,2,0.0,0.0,0.0,0.0,0.0,0.0,0.0,0.0,0.0,0.0,1.0,0.0,0.0,False,Qwen/Qwen2.5-Coder-14B-Instruct-AWQ,None
2110,Bar,Easy,0.6459,1.2917,2,0.0,0.0,0.0,0.0,0.0,0.0,0.0,0.0,0.0,0.0,1.0,0.0,0.0,False,Qwen/Qwen2.5-Coder-14B-Instruct-AWQ,None
2110,Bar,Easy,0.6459,1.2917,2,0.0,0.0,0.0,0.0,0.0,0.0,0.0,0.0,0.0,0.0,1.0,0.0,0.0,False,Qwen/Qwen2.5-Coder-14B-Instruct-AWQ,None
2119,Bar,Easy,0.6257,1.2514,2,0.0,0.0,0.0,0.0,0.0,0.0,0.0,0.0,0.0,0.0,1.0,0.0,0.0,False,Qwen/Qwen2.5-Coder-14B-Instruct-AWQ,None
2119,Bar,Easy,0.6257,1.2514,2,0.0,0.0,0.0,0.0,0.0,0.0,0.0,0.0,0.0,0.0,1.0,0.0,0.0,False,Qwen/Qwen2.5-Coder-14B-Instruct-AWQ,None
2119,Bar,Easy,0.6257,1.2514,2,0.0,0.0,0.0,0.0,0.0,0.0,0.0,0.0,0.0,0.0,1.0,0.0,0.0,False,Qwen/Qwen2.5-Coder-14B-Instruct-AWQ,None
2132,Pie,Hard,0.8072,0.8072,1,0.0,0.0,0.0,0.0,0.0,0.0,0.0,0.0,0.0,0.0,1.0,0.0,0.0,True,Qwen/Qwen2.5-Coder-14B-Instruct-AWQ,None
2132,Pie,Hard,0.8072,0.8072,1,0.0,0.0,0.0,0.0,0.0,0.0,0.0,0.0,0.0,0.0,1.0,0.0,0.0,True,Qwen/Qwen2.5-Coder-14B-Instruct-AWQ,None
2132,Pie,Hard,0.8072,0.8072,1,0.0,0.0,0.0,0.0,0.0,0.0,0.0,0.0,0.0,0.0,1.0,0.0,0.0,True,Qwen/Qwen2.5-Coder-14B-Instruct-AWQ,None
2144,Bar,Medium,0.7444,0.7444,1,0.0,0.0,0.0,0.0,1.0,0.0,0.0,0.0,0.0,1.0,0.0,,0.0,True,Qwen/Qwen2.5-Coder-14B-Instruct-AWQ,None
2144,Bar,Medium,0.7444,0.7444,1,0.0,0.0,0.0,0.0,1.0,0.0,0.0,0.0,0.0,1.0,0.0,,0.0,True,Qwen/Qwen2.5-Coder-14B-Instruct-AWQ,None
2144,Bar,Medium,0.7444,0.7444,1,0.0,0.0,0.0,0.0,1.0,0.0,0.0,0.0,0.0,1.0,0.0,,0.0,True,Qwen/Qwen2.5-Coder-14B-Instruct-AWQ,None
2155,Pie,Hard,1.0478,1.0478,1,0.0,0.0,0.0,0.0,1.0,0.0,0.0,0.0,0.0,1.0,0.0,,0.0,True,Qwen/Qwen2.5-Coder-14B-Instruct-AWQ,None
2155,Pie,Hard,1.0478,1.0478,1,0.0,0.0,0.0,0.0,1.0,0.0,0.0,0.0,0.0,1.0,0.0,,0.0,True,Qwen/Qwen2.5-Coder-14B-Instruct-AWQ,None
2155,Pie,Hard,1.0478,1.0478,1,0.0,0.0,0.0,0.0,1.0,0.0,0.0,0.0,0.0,1.0,0.0,,0.0,True,Qwen/Qwen2.5-Coder-14B-Instruct-AWQ,None
2161,Pie,Hard,1.0049,3.0148,3,0.0,0.0,0.0,0.0,0.0,0.0,0.0,0.0,0.0,0.0,1.0,0.0,0.0,True,Qwen/Qwen2.5-Coder-14B-Instruct-AWQ,None
2161,Pie,Hard,1.0049,3.0148,3,0.0,0.0,0.0,0.0,0.0,0.0,0.0,0.0,0.0,0.0,1.0,0.0,0.0,True,Qwen/Qwen2.5-Coder-14B-Instruct-AWQ,None
2161,Pie,Hard,1.0049,3.0148,3,0.0,0.0,0.0,0.0,0.0,0.0,0.0,0.0,0.0,0.0,1.0,0.0,0.0,True,Qwen/Qwen2.5-Coder-14B-Instruct-AWQ,None
2166,Pie,Medium,0.7576,0.7576,1,0.0,0.0,0.0,0.0,0.0,0.0,0.0,0.0,0.0,0.0,1.0,0.0,0.0,True,Qwen/Qwen2.5-Coder-14B-Instruct-AWQ,None
2166,Pie,Medium,0.7576,0.7576,1,0.0,0.0,0.0,0.0,0.0,0.0,0.0,0.0,0.0,0.0,1.0,0.0,0.0,True,Qwen/Qwen2.5-Coder-14B-Instruct-AWQ,None
2166,Pie,Medium,0.7576,0.7576,1,0.0,0.0,0.0,0.0,0.0,0.0,0.0,0.0,0.0,0.0,1.0,0.0,0.0,True,Qwen/Qwen2.5-Coder-14B-Instruct-AWQ,None
2167,Bar,Medium,0.721,2.1631,3,0.0,0.0,0.0,0.0,0.0,0.0,0.0,0.0,0.0,0.0,1.0,0.0,0.0,True,Qwen/Qwen2.5-Coder-14B-Instruct-AWQ,None
2167,Bar,Medium,0.721,2.1631,3,0.0,0.0,0.0,0.0,0.0,0.0,0.0,0.0,0.0,0.0,1.0,0.0,0.0,True,Qwen/Qwen2.5-Coder-14B-Instruct-AWQ,None
2167,Bar,Medium,0.721,2.1631,3,0.0,0.0,0.0,0.0,0.0,0.0,0.0,0.0,0.0,0.0,1.0,0.0,0.0,True,Qwen/Qwen2.5-Coder-14B-Instruct-AWQ,None
2168,Pie,Easy,0.3223,0.9669,3,0.0,0.0,0.0,0.0,0.0,0.0,0.0,0.0,0.0,0.0,1.0,0.0,0.0,False,Qwen/Qwen2.5-Coder-14B-Instruct-AWQ,None
2168,Pie,Easy,0.3223,0.9669,3,0.0,0.0,0.0,0.0,0.0,0.0,0.0,0.0,0.0,0.0,1.0,0.0,0.0,False,Qwen/Qwen2.5-Coder-14B-Instruct-AWQ,None
2168,Pie,Easy,0.3223,0.9669,3,0.0,0.0,0.0,0.0,0.0,0.0,0.0,0.0,0.0,0.0,1.0,0.0,0.0,False,Qwen/Qwen2.5-Coder-14B-Instruct-AWQ,None
2170,Pie,Hard,4.2332,4.2332,1,0.0,0.0,0.0,0.0,0.0,0.0,0.0,0.0,0.0,0.0,1.0,0.0,0.0,True,Qwen/Qwen2.5-Coder-14B-Instruct-AWQ,None
2170,Pie,Hard,4.2332,4.2332,1,0.0,0.0,0.0,0.0,0.0,0.0,0.0,0.0,0.0,0.0,1.0,0.0,0.0,True,Qwen/Qwen2.5-Coder-14B-Instruct-AWQ,None
2170,Pie,Hard,4.2332,4.2332,1,0.0,0.0,0.0,0.0,0.0,0.0,0.0,0.0,0.0,0.0,1.0,0.0,0.0,True,Qwen/Qwen2.5-Coder-14B-Instruct-AWQ,None
2171,Bar,Hard,11.5639,34.6916,3,0.6666666666666666,0.0,0.0,0.0,0.0,0.0,0.0,0.0,0.6666666666666666,0.0,0.3333333333333333,0.0,0.0,True,Qwen/Qwen2.5-Coder-14B-Instruct-AWQ,None
2171,Bar,Hard,11.5639,34.6916,3,0.6666666666666666,0.0,0.0,0.0,0.0,0.0,0.0,0.0,0.6666666666666666,0.0,0.3333333333333333,0.0,0.0,True,Qwen/Qwen2.5-Coder-14B-Instruct-AWQ,None
2171,Bar,Hard,11.5639,34.6916,3,0.6666666666666666,0.0,0.0,0.0,0.0,0.0,0.0,0.0,0.6666666666666666,0.0,0.3333333333333333,0.0,0.0,True,Qwen/Qwen2.5-Coder-14B-Instruct-AWQ,None
2172,Bar,Medium,0.4731,1.4194,3,0.0,0.0,0.0,0.0,0.0,0.0,0.0,0.0,0.0,0.0,1.0,0.0,0.0,False,Qwen/Qwen2.5-Coder-14B-Instruct-AWQ,None
2172,Bar,Medium,0.4731,1.4194,3,0.0,0.0,0.0,0.0,0.0,0.0,0.0,0.0,0.0,0.0,1.0,0.0,0.0,False,Qwen/Qwen2.5-Coder-14B-Instruct-AWQ,None
2172,Bar,Medium,0.4731,1.4194,3,0.0,0.0,0.0,0.0,0.0,0.0,0.0,0.0,0.0,0.0,1.0,0.0,0.0,False,Qwen/Qwen2.5-Coder-14B-Instruct-AWQ,None
2174,Bar,Easy,0.6718,0.6718,1,0.0,0.0,0.0,0.0,0.0,0.0,0.0,0.0,0.0,0.0,1.0,0.0,0.0,False,Qwen/Qwen2.5-Coder-14B-Instruct-AWQ,None
2174,Bar,Easy,0.6718,0.6718,1,0.0,0.0,0.0,0.0,0.0,0.0,0.0,0.0,0.0,0.0,1.0,0.0,0.0,False,Qwen/Qwen2.5-Coder-14B-Instruct-AWQ,None
2174,Bar,Easy,0.6718,0.6718,1,0.0,0.0,0.0,0.0,0.0,0.0,0.0,0.0,0.0,0.0,1.0,0.0,0.0,False,Qwen/Qwen2.5-Coder-14B-Instruct-AWQ,None
2180,Bar,Easy,0.3683,1.1049,3,0.0,0.0,0.0,0.0,0.0,0.0,0.0,0.0,0.0,0.0,1.0,0.0,0.0,False,Qwen/Qwen2.5-Coder-14B-Instruct-AWQ,None
2180,Bar,Easy,0.3683,1.1049,3,0.0,0.0,0.0,0.0,0.0,0.0,0.0,0.0,0.0,0.0,1.0,0.0,0.0,False,Qwen/Qwen2.5-Coder-14B-Instruct-AWQ,None
2180,Bar,Easy,0.3683,1.1049,3,0.0,0.0,0.0,0.0,0.0,0.0,0.0,0.0,0.0,0.0,1.0,0.0,0.0,False,Qwen/Qwen2.5-Coder-14B-Instruct-AWQ,None
2181,Bar,Easy,0.3746,1.4983,4,0.0,0.0,0.0,0.0,0.0,0.0,0.0,0.0,0.0,0.0,1.0,0.0,0.0,False,Qwen/Qwen2.5-Coder-14B-Instruct-AWQ,None
2181,Bar,Easy,0.3746,1.4983,4,0.0,0.0,0.0,0.0,0.0,0.0,0.0,0.0,0.0,0.0,1.0,0.0,0.0,False,Qwen/Qwen2.5-Coder-14B-Instruct-AWQ,None
2181,Bar,Easy,0.3746,1.4983,4,0.0,0.0,0.0,0.0,0.0,0.0,0.0,0.0,0.0,0.0,1.0,0.0,0.0,False,Qwen/Qwen2.5-Coder-14B-Instruct-AWQ,None
2218,Bar,Medium,2.4285,12.1423,5,0.0,0.0,0.0,0.0,0.2,0.0,0.0,0.0,0.0,0.2,0.8,0.0,0.0,True,Qwen/Qwen2.5-Coder-14B-Instruct-AWQ,None
2218,Bar,Medium,2.4285,12.1423,5,0.0,0.0,0.0,0.0,0.2,0.0,0.0,0.0,0.0,0.2,0.8,0.0,0.0,True,Qwen/Qwen2.5-Coder-14B-Instruct-AWQ,None
2218,Bar,Medium,2.4285,12.1423,5,0.0,0.0,0.0,0.0,0.2,0.0,0.0,0.0,0.0,0.2,0.8,0.0,0.0,True,Qwen/Qwen2.5-Coder-14B-Instruct-AWQ,None
2219,Bar,Medium,2.0584,8.2335,4,0.0,0.0,0.0,0.0,0.5,0.0,0.0,0.0,0.0,0.5,0.5,0.0,0.0,True,Qwen/Qwen2.5-Coder-14B-Instruct-AWQ,None
2219,Bar,Medium,2.0584,8.2335,4,0.0,0.0,0.0,0.0,0.5,0.0,0.0,0.0,0.0,0.5,0.5,0.0,0.0,True,Qwen/Qwen2.5-Coder-14B-Instruct-AWQ,None
2219,Bar,Medium,2.0584,8.2335,4,0.0,0.0,0.0,0.0,0.5,0.0,0.0,0.0,0.0,0.5,0.5,0.0,0.0,True,Qwen/Qwen2.5-Coder-14B-Instruct-AWQ,None
2226,Bar,Medium,1.7961,8.9806,5,0.0,0.0,0.0,0.0,0.2,0.0,0.0,0.0,0.0,0.2,0.8,0.0,0.0,True,Qwen/Qwen2.5-Coder-14B-Instruct-AWQ,None
2226,Bar,Medium,1.7961,8.9806,5,0.0,0.0,0.0,0.0,0.2,0.0,0.0,0.0,0.0,0.2,0.8,0.0,0.0,True,Qwen/Qwen2.5-Coder-14B-Instruct-AWQ,None
2226,Bar,Medium,1.7961,8.9806,5,0.0,0.0,0.0,0.0,0.2,0.0,0.0,0.0,0.0,0.2,0.8,0.0,0.0,True,Qwen/Qwen2.5-Coder-14B-Instruct-AWQ,None
2229,Bar,Medium,0.6273,3.1367,5,0.0,0.0,0.0,0.0,0.2,0.0,0.0,0.0,0.0,0.2,0.8,0.0,0.0,True,Qwen/Qwen2.5-Coder-14B-Instruct-AWQ,None
2229,Bar,Medium,0.6273,3.1367,5,0.0,0.0,0.0,0.0,0.2,0.0,0.0,0.0,0.0,0.2,0.8,0.0,0.0,True,Qwen/Qwen2.5-Coder-14B-Instruct-AWQ,None
2229,Bar,Medium,0.6273,3.1367,5,0.0,0.0,0.0,0.0,0.2,0.0,0.0,0.0,0.0,0.2,0.8,0.0,0.0,True,Qwen/Qwen2.5-Coder-14B-Instruct-AWQ,None
2230,Bar,Medium,0.6106,3.0528,5,0.0,0.0,0.0,0.0,0.8,0.0,0.0,0.0,0.0,0.8,0.2,0.0,0.0,True,Qwen/Qwen2.5-Coder-14B-Instruct-AWQ,None
2230,Bar,Medium,0.6106,3.0528,5,0.0,0.0,0.0,0.0,0.8,0.0,0.0,0.0,0.0,0.8,0.2,0.0,0.0,True,Qwen/Qwen2.5-Coder-14B-Instruct-AWQ,None
2230,Bar,Medium,0.6106,3.0528,5,0.0,0.0,0.0,0.0,0.8,0.0,0.0,0.0,0.0,0.8,0.2,0.0,0.0,True,Qwen/Qwen2.5-Coder-14B-Instruct-AWQ,None
2270,Scatter,Easy,0.5574,2.2295,4,0.0,0.0,0.0,0.0,0.0,0.0,0.0,0.0,0.0,0.0,1.0,0.0,0.0,True,Qwen/Qwen2.5-Coder-14B-Instruct-AWQ,None
2270,Scatter,Easy,0.5574,2.2295,4,0.0,0.0,0.0,0.0,0.0,0.0,0.0,0.0,0.0,0.0,1.0,0.0,0.0,True,Qwen/Qwen2.5-Coder-14B-Instruct-AWQ,None
2270,Scatter,Easy,0.5574,2.2295,4,0.0,0.0,0.0,0.0,0.0,0.0,0.0,0.0,0.0,0.0,1.0,0.0,0.0,True,Qwen/Qwen2.5-Coder-14B-Instruct-AWQ,None
2280,Grouping Scatter,Medium,13.729,27.4579,2,1.0,0.0,0.0,0.0,0.0,0.0,0.0,0.0,1.0,0.0,0.0,,0.0,True,Qwen/Qwen2.5-Coder-14B-Instruct-AWQ,None
2280,Grouping Scatter,Medium,13.729,27.4579,2,1.0,0.0,0.0,0.0,0.0,0.0,0.0,0.0,1.0,0.0,0.0,,0.0,True,Qwen/Qwen2.5-Coder-14B-Instruct-AWQ,None
2280,Grouping Scatter,Medium,13.729,27.4579,2,1.0,0.0,0.0,0.0,0.0,0.0,0.0,0.0,1.0,0.0,0.0,,0.0,True,Qwen/Qwen2.5-Coder-14B-Instruct-AWQ,None
2289,Grouping Scatter,Medium,6.498,32.4902,5,0.2,0.0,0.0,0.4,0.8,0.0,0.0,0.0,0.2,0.8,0.0,,0.0,True,Qwen/Qwen2.5-Coder-14B-Instruct-AWQ,None
2289,Grouping Scatter,Medium,6.498,32.4902,5,0.2,0.0,0.0,0.4,0.8,0.0,0.0,0.0,0.2,0.8,0.0,,0.0,True,Qwen/Qwen2.5-Coder-14B-Instruct-AWQ,None
2289,Grouping Scatter,Medium,6.498,32.4902,5,0.2,0.0,0.0,0.4,0.8,0.0,0.0,0.0,0.2,0.8,0.0,,0.0,True,Qwen/Qwen2.5-Coder-14B-Instruct-AWQ,None
2299,Grouping Scatter,Medium,11.4642,11.4642,1,1.0,0.0,0.0,0.0,0.0,0.0,0.0,0.0,1.0,0.0,0.0,,0.0,True,Qwen/Qwen2.5-Coder-14B-Instruct-AWQ,None
2299,Grouping Scatter,Medium,11.4642,11.4642,1,1.0,0.0,0.0,0.0,0.0,0.0,0.0,0.0,1.0,0.0,0.0,,0.0,True,Qwen/Qwen2.5-Coder-14B-Instruct-AWQ,None
2299,Grouping Scatter,Medium,11.4642,11.4642,1,1.0,0.0,0.0,0.0,0.0,0.0,0.0,0.0,1.0,0.0,0.0,,0.0,True,Qwen/Qwen2.5-Coder-14B-Instruct-AWQ,None
2303,Bar,Easy,0.3541,0.7081,2,0.0,0.0,0.0,0.0,0.0,0.0,0.0,0.0,0.0,0.0,1.0,0.0,0.0,False,Qwen/Qwen2.5-Coder-14B-Instruct-AWQ,None
2303,Bar,Easy,0.3541,0.7081,2,0.0,0.0,0.0,0.0,0.0,0.0,0.0,0.0,0.0,0.0,1.0,0.0,0.0,False,Qwen/Qwen2.5-Coder-14B-Instruct-AWQ,None
2303,Bar,Easy,0.3541,0.7081,2,0.0,0.0,0.0,0.0,0.0,0.0,0.0,0.0,0.0,0.0,1.0,0.0,0.0,False,Qwen/Qwen2.5-Coder-14B-Instruct-AWQ,None
2304,Bar,Easy,0.3686,0.3686,1,0.0,0.0,0.0,0.0,0.0,0.0,0.0,0.0,0.0,0.0,1.0,0.0,0.0,False,Qwen/Qwen2.5-Coder-14B-Instruct-AWQ,None
2304,Bar,Easy,0.3686,0.3686,1,0.0,0.0,0.0,0.0,0.0,0.0,0.0,0.0,0.0,0.0,1.0,0.0,0.0,False,Qwen/Qwen2.5-Coder-14B-Instruct-AWQ,None
2304,Bar,Easy,0.3686,0.3686,1,0.0,0.0,0.0,0.0,0.0,0.0,0.0,0.0,0.0,0.0,1.0,0.0,0.0,False,Qwen/Qwen2.5-Coder-14B-Instruct-AWQ,None
2307,Pie,Easy,5.5028,5.5028,1,0.0,0.0,0.0,0.0,0.0,0.0,0.0,0.0,0.0,0.0,1.0,0.0,0.0,False,Qwen/Qwen2.5-Coder-14B-Instruct-AWQ,None
2307,Pie,Easy,5.5028,5.5028,1,0.0,0.0,0.0,0.0,0.0,0.0,0.0,0.0,0.0,0.0,1.0,0.0,0.0,False,Qwen/Qwen2.5-Coder-14B-Instruct-AWQ,None
2307,Pie,Easy,5.5028,5.5028,1,0.0,0.0,0.0,0.0,0.0,0.0,0.0,0.0,0.0,0.0,1.0,0.0,0.0,False,Qwen/Qwen2.5-Coder-14B-Instruct-AWQ,None
2309,Pie,Medium,5.5851,5.5851,1,0.0,0.0,0.0,1.0,1.0,0.0,0.0,0.0,0.0,1.0,0.0,,0.0,True,Qwen/Qwen2.5-Coder-14B-Instruct-AWQ,None
2309,Pie,Medium,5.5851,5.5851,1,0.0,0.0,0.0,1.0,1.0,0.0,0.0,0.0,0.0,1.0,0.0,,0.0,True,Qwen/Qwen2.5-Coder-14B-Instruct-AWQ,None
2309,Pie,Medium,5.5851,5.5851,1,0.0,0.0,0.0,1.0,1.0,0.0,0.0,0.0,0.0,1.0,0.0,,0.0,True,Qwen/Qwen2.5-Coder-14B-Instruct-AWQ,None
2311,Pie,Easy,4.2853,8.5706,2,0.0,0.0,0.0,0.0,1.0,0.0,0.0,0.0,0.0,1.0,0.0,,0.0,False,Qwen/Qwen2.5-Coder-14B-Instruct-AWQ,None
2311,Pie,Easy,4.2853,8.5706,2,0.0,0.0,0.0,0.0,1.0,0.0,0.0,0.0,0.0,1.0,0.0,,0.0,False,Qwen/Qwen2.5-Coder-14B-Instruct-AWQ,None
2311,Pie,Easy,4.2853,8.5706,2,0.0,0.0,0.0,0.0,1.0,0.0,0.0,0.0,0.0,1.0,0.0,,0.0,False,Qwen/Qwen2.5-Coder-14B-Instruct-AWQ,None
2343,Pie,Hard,0.7628,2.2885,3,0.0,0.0,0.0,0.0,1.0,0.0,0.0,0.0,0.0,1.0,0.0,,0.0,True,Qwen/Qwen2.5-Coder-14B-Instruct-AWQ,None
2343,Pie,Hard,0.7628,2.2885,3,0.0,0.0,0.0,0.0,1.0,0.0,0.0,0.0,0.0,1.0,0.0,,0.0,True,Qwen/Qwen2.5-Coder-14B-Instruct-AWQ,None
2343,Pie,Hard,0.7628,2.2885,3,0.0,0.0,0.0,0.0,1.0,0.0,0.0,0.0,0.0,1.0,0.0,,0.0,True,Qwen/Qwen2.5-Coder-14B-Instruct-AWQ,None
2344,Bar,Hard,0.7566,2.2698,3,0.0,0.0,0.0,0.0,0.0,0.3333333333333333,0.0,0.0,0.0,0.3333333333333333,0.6666666666666666,0.0,0.0,True,Qwen/Qwen2.5-Coder-14B-Instruct-AWQ,None
2344,Bar,Hard,0.7566,2.2698,3,0.0,0.0,0.0,0.0,0.0,0.3333333333333333,0.0,0.0,0.0,0.3333333333333333,0.6666666666666666,0.0,0.0,True,Qwen/Qwen2.5-Coder-14B-Instruct-AWQ,None
2344,Bar,Hard,0.7566,2.2698,3,0.0,0.0,0.0,0.0,0.0,0.3333333333333333,0.0,0.0,0.0,0.3333333333333333,0.6666666666666666,0.0,0.0,True,Qwen/Qwen2.5-Coder-14B-Instruct-AWQ,None
2346,Pie,Extra Hard,4.6962,9.3925,2,0.0,0.0,0.0,0.0,0.5,0.0,0.0,0.0,0.0,0.5,0.5,0.0,0.0,True,Qwen/Qwen2.5-Coder-14B-Instruct-AWQ,None
2346,Pie,Extra Hard,4.6962,9.3925,2,0.0,0.0,0.0,0.0,0.5,0.0,0.0,0.0,0.0,0.5,0.5,0.0,0.0,True,Qwen/Qwen2.5-Coder-14B-Instruct-AWQ,None
2346,Pie,Extra Hard,4.6962,9.3925,2,0.0,0.0,0.0,0.0,0.5,0.0,0.0,0.0,0.0,0.5,0.5,0.0,0.0,True,Qwen/Qwen2.5-Coder-14B-Instruct-AWQ,None
2348,Pie,Easy,0.3502,0.7004,2,0.0,0.0,0.0,0.0,0.5,0.0,0.0,0.0,0.0,0.5,0.5,0.0,0.0,False,Qwen/Qwen2.5-Coder-14B-Instruct-AWQ,None
2348,Pie,Easy,0.3502,0.7004,2,0.0,0.0,0.0,0.0,0.5,0.0,0.0,0.0,0.0,0.5,0.5,0.0,0.0,False,Qwen/Qwen2.5-Coder-14B-Instruct-AWQ,None
2348,Pie,Easy,0.3502,0.7004,2,0.0,0.0,0.0,0.0,0.5,0.0,0.0,0.0,0.0,0.5,0.5,0.0,0.0,False,Qwen/Qwen2.5-Coder-14B-Instruct-AWQ,None
2350,Pie,Easy,0.3353,0.3353,1,0.0,0.0,0.0,0.0,0.0,0.0,0.0,0.0,0.0,0.0,1.0,0.0,0.0,False,Qwen/Qwen2.5-Coder-14B-Instruct-AWQ,None
2350,Pie,Easy,0.3353,0.3353,1,0.0,0.0,0.0,0.0,0.0,0.0,0.0,0.0,0.0,0.0,1.0,0.0,0.0,False,Qwen/Qwen2.5-Coder-14B-Instruct-AWQ,None
2350,Pie,Easy,0.3353,0.3353,1,0.0,0.0,0.0,0.0,0.0,0.0,0.0,0.0,0.0,0.0,1.0,0.0,0.0,False,Qwen/Qwen2.5-Coder-14B-Instruct-AWQ,None
2351,Bar,Easy,0.3445,1.0334,3,0.0,0.0,0.0,0.0,0.0,0.0,0.0,0.0,0.0,0.0,1.0,0.0,0.0,False,Qwen/Qwen2.5-Coder-14B-Instruct-AWQ,None
2351,Bar,Easy,0.3445,1.0334,3,0.0,0.0,0.0,0.0,0.0,0.0,0.0,0.0,0.0,0.0,1.0,0.0,0.0,False,Qwen/Qwen2.5-Coder-14B-Instruct-AWQ,None
2351,Bar,Easy,0.3445,1.0334,3,0.0,0.0,0.0,0.0,0.0,0.0,0.0,0.0,0.0,0.0,1.0,0.0,0.0,False,Qwen/Qwen2.5-Coder-14B-Instruct-AWQ,None
2359,Pie,Medium,0.4919,1.4757,3,0.0,0.0,0.0,0.0,1.0,0.0,0.0,0.0,0.0,1.0,0.0,,0.0,True,Qwen/Qwen2.5-Coder-14B-Instruct-AWQ,None
2359,Pie,Medium,0.4919,1.4757,3,0.0,0.0,0.0,0.0,1.0,0.0,0.0,0.0,0.0,1.0,0.0,,0.0,True,Qwen/Qwen2.5-Coder-14B-Instruct-AWQ,None
2359,Pie,Medium,0.4919,1.4757,3,0.0,0.0,0.0,0.0,1.0,0.0,0.0,0.0,0.0,1.0,0.0,,0.0,True,Qwen/Qwen2.5-Coder-14B-Instruct-AWQ,None
2371,Bar,Medium,0.5997,1.799,3,0.0,0.0,0.0,0.0,0.0,0.0,0.0,0.0,0.0,0.0,1.0,0.0,0.0,True,Qwen/Qwen2.5-Coder-14B-Instruct-AWQ,None
2371,Bar,Medium,0.5997,1.799,3,0.0,0.0,0.0,0.0,0.0,0.0,0.0,0.0,0.0,0.0,1.0,0.0,0.0,True,Qwen/Qwen2.5-Coder-14B-Instruct-AWQ,None
2371,Bar,Medium,0.5997,1.799,3,0.0,0.0,0.0,0.0,0.0,0.0,0.0,0.0,0.0,0.0,1.0,0.0,0.0,True,Qwen/Qwen2.5-Coder-14B-Instruct-AWQ,None
2387,Bar,Easy,10.9473,32.8418,3,0.6666666666666666,0.0,0.0,0.0,0.0,0.0,0.0,0.0,0.6666666666666666,0.0,0.3333333333333333,0.0,0.0,True,Qwen/Qwen2.5-Coder-14B-Instruct-AWQ,None
2387,Bar,Easy,10.9473,32.8418,3,0.6666666666666666,0.0,0.0,0.0,0.0,0.0,0.0,0.0,0.6666666666666666,0.0,0.3333333333333333,0.0,0.0,True,Qwen/Qwen2.5-Coder-14B-Instruct-AWQ,None
2387,Bar,Easy,10.9473,32.8418,3,0.6666666666666666,0.0,0.0,0.0,0.0,0.0,0.0,0.0,0.6666666666666666,0.0,0.3333333333333333,0.0,0.0,True,Qwen/Qwen2.5-Coder-14B-Instruct-AWQ,None
2397,Pie,Medium,0.5783,0.5783,1,0.0,0.0,0.0,0.0,1.0,0.0,0.0,0.0,0.0,1.0,0.0,,0.0,True,Qwen/Qwen2.5-Coder-14B-Instruct-AWQ,None
2397,Pie,Medium,0.5783,0.5783,1,0.0,0.0,0.0,0.0,1.0,0.0,0.0,0.0,0.0,1.0,0.0,,0.0,True,Qwen/Qwen2.5-Coder-14B-Instruct-AWQ,None
2397,Pie,Medium,0.5783,0.5783,1,0.0,0.0,0.0,0.0,1.0,0.0,0.0,0.0,0.0,1.0,0.0,,0.0,True,Qwen/Qwen2.5-Coder-14B-Instruct-AWQ,None
2403,Bar,Extra Hard,0.7776,0.7776,1,0.0,0.0,0.0,0.0,0.0,0.0,0.0,0.0,0.0,0.0,1.0,0.0,0.0,True,Qwen/Qwen2.5-Coder-14B-Instruct-AWQ,None
2403,Bar,Extra Hard,0.7776,0.7776,1,0.0,0.0,0.0,0.0,0.0,0.0,0.0,0.0,0.0,0.0,1.0,0.0,0.0,True,Qwen/Qwen2.5-Coder-14B-Instruct-AWQ,None
2403,Bar,Extra Hard,0.7776,0.7776,1,0.0,0.0,0.0,0.0,0.0,0.0,0.0,0.0,0.0,0.0,1.0,0.0,0.0,True,Qwen/Qwen2.5-Coder-14B-Instruct-AWQ,None
2416,Pie,Easy,0.4102,0.4102,1,0.0,0.0,0.0,0.0,0.0,0.0,0.0,0.0,0.0,0.0,1.0,0.0,0.0,False,Qwen/Qwen2.5-Coder-14B-Instruct-AWQ,None
2416,Pie,Easy,0.4102,0.4102,1,0.0,0.0,0.0,0.0,0.0,0.0,0.0,0.0,0.0,0.0,1.0,0.0,0.0,False,Qwen/Qwen2.5-Coder-14B-Instruct-AWQ,None
2416,Pie,Easy,0.4102,0.4102,1,0.0,0.0,0.0,0.0,0.0,0.0,0.0,0.0,0.0,0.0,1.0,0.0,0.0,False,Qwen/Qwen2.5-Coder-14B-Instruct-AWQ,None
2422,Pie,Easy,8.9152,35.661,4,0.75,0.0,0.0,0.0,0.0,0.0,0.0,0.0,0.75,0.0,0.25,0.0,0.0,False,Qwen/Qwen2.5-Coder-14B-Instruct-AWQ,None
2422,Pie,Easy,8.9152,35.661,4,0.75,0.0,0.0,0.0,0.0,0.0,0.0,0.0,0.75,0.0,0.25,0.0,0.0,False,Qwen/Qwen2.5-Coder-14B-Instruct-AWQ,None
2422,Pie,Easy,8.9152,35.661,4,0.75,0.0,0.0,0.0,0.0,0.0,0.0,0.0,0.75,0.0,0.25,0.0,0.0,False,Qwen/Qwen2.5-Coder-14B-Instruct-AWQ,None
2428,Bar,Easy,0.355,1.7748,5,0.0,0.0,0.0,0.0,0.0,0.0,0.0,0.0,0.0,0.0,1.0,0.0,0.0,False,Qwen/Qwen2.5-Coder-14B-Instruct-AWQ,None
2428,Bar,Easy,0.355,1.7748,5,0.0,0.0,0.0,0.0,0.0,0.0,0.0,0.0,0.0,0.0,1.0,0.0,0.0,False,Qwen/Qwen2.5-Coder-14B-Instruct-AWQ,None
2428,Bar,Easy,0.355,1.7748,5,0.0,0.0,0.0,0.0,0.0,0.0,0.0,0.0,0.0,0.0,1.0,0.0,0.0,False,Qwen/Qwen2.5-Coder-14B-Instruct-AWQ,None
2429,Pie,Hard,4.4739,8.9478,2,0.0,0.0,0.0,0.0,0.0,0.0,0.0,0.0,0.0,0.0,1.0,0.0,0.0,True,Qwen/Qwen2.5-Coder-14B-Instruct-AWQ,None
2429,Pie,Hard,4.4739,8.9478,2,0.0,0.0,0.0,0.0,0.0,0.0,0.0,0.0,0.0,0.0,1.0,0.0,0.0,True,Qwen/Qwen2.5-Coder-14B-Instruct-AWQ,None
2429,Pie,Hard,4.4739,8.9478,2,0.0,0.0,0.0,0.0,0.0,0.0,0.0,0.0,0.0,0.0,1.0,0.0,0.0,True,Qwen/Qwen2.5-Coder-14B-Instruct-AWQ,None
2432,Bar,Medium,0.5367,1.0734,2,0.0,0.0,0.0,0.0,0.0,0.0,0.0,0.0,0.0,0.0,1.0,0.0,0.0,True,Qwen/Qwen2.5-Coder-14B-Instruct-AWQ,None
2432,Bar,Medium,0.5367,1.0734,2,0.0,0.0,0.0,0.0,0.0,0.0,0.0,0.0,0.0,0.0,1.0,0.0,0.0,True,Qwen/Qwen2.5-Coder-14B-Instruct-AWQ,None
2432,Bar,Medium,0.5367,1.0734,2,0.0,0.0,0.0,0.0,0.0,0.0,0.0,0.0,0.0,0.0,1.0,0.0,0.0,True,Qwen/Qwen2.5-Coder-14B-Instruct-AWQ,None
2437,Bar,Easy,0.3903,0.3903,1,0.0,0.0,0.0,0.0,1.0,0.0,0.0,0.0,0.0,1.0,0.0,,0.0,False,Qwen/Qwen2.5-Coder-14B-Instruct-AWQ,None
2437,Bar,Easy,0.3903,0.3903,1,0.0,0.0,0.0,0.0,1.0,0.0,0.0,0.0,0.0,1.0,0.0,,0.0,False,Qwen/Qwen2.5-Coder-14B-Instruct-AWQ,None
2437,Bar,Easy,0.3903,0.3903,1,0.0,0.0,0.0,0.0,1.0,0.0,0.0,0.0,0.0,1.0,0.0,,0.0,False,Qwen/Qwen2.5-Coder-14B-Instruct-AWQ,None
2440,Pie,Easy,0.4179,1.6717,4,0.0,0.0,0.0,0.0,0.0,0.0,0.0,0.0,0.0,0.0,1.0,0.0,0.0,False,Qwen/Qwen2.5-Coder-14B-Instruct-AWQ,None
2440,Pie,Easy,0.4179,1.6717,4,0.0,0.0,0.0,0.0,0.0,0.0,0.0,0.0,0.0,0.0,1.0,0.0,0.0,False,Qwen/Qwen2.5-Coder-14B-Instruct-AWQ,None
2440,Pie,Easy,0.4179,1.6717,4,0.0,0.0,0.0,0.0,0.0,0.0,0.0,0.0,0.0,0.0,1.0,0.0,0.0,False,Qwen/Qwen2.5-Coder-14B-Instruct-AWQ,None
2442,Pie,Medium,7.8559,31.4237,4,0.25,0.0,0.0,0.25,0.25,0.0,0.0,0.0,0.25,0.25,0.5,0.0,0.0,True,Qwen/Qwen2.5-Coder-14B-Instruct-AWQ,None
2442,Pie,Medium,7.8559,31.4237,4,0.25,0.0,0.0,0.25,0.25,0.0,0.0,0.0,0.25,0.25,0.5,0.0,0.0,True,Qwen/Qwen2.5-Coder-14B-Instruct-AWQ,None
2442,Pie,Medium,7.8559,31.4237,4,0.25,0.0,0.0,0.25,0.25,0.0,0.0,0.0,0.25,0.25,0.5,0.0,0.0,True,Qwen/Qwen2.5-Coder-14B-Instruct-AWQ,None
2457,Bar,Medium,0.6494,1.9483,3,0.0,0.0,0.0,0.0,0.0,0.0,0.0,0.0,0.0,0.0,1.0,0.0,0.0,True,Qwen/Qwen2.5-Coder-14B-Instruct-AWQ,None
2457,Bar,Medium,0.6494,1.9483,3,0.0,0.0,0.0,0.0,0.0,0.0,0.0,0.0,0.0,0.0,1.0,0.0,0.0,True,Qwen/Qwen2.5-Coder-14B-Instruct-AWQ,None
2457,Bar,Medium,0.6494,1.9483,3,0.0,0.0,0.0,0.0,0.0,0.0,0.0,0.0,0.0,0.0,1.0,0.0,0.0,True,Qwen/Qwen2.5-Coder-14B-Instruct-AWQ,None
2464,Pie,Medium,0.4187,0.8374,2,0.0,0.0,0.0,0.0,0.0,0.0,0.0,0.0,0.0,0.0,1.0,0.0,0.0,False,Qwen/Qwen2.5-Coder-14B-Instruct-AWQ,None
2464,Pie,Medium,0.4187,0.8374,2,0.0,0.0,0.0,0.0,0.0,0.0,0.0,0.0,0.0,0.0,1.0,0.0,0.0,False,Qwen/Qwen2.5-Coder-14B-Instruct-AWQ,None
2464,Pie,Medium,0.4187,0.8374,2,0.0,0.0,0.0,0.0,0.0,0.0,0.0,0.0,0.0,0.0,1.0,0.0,0.0,False,Qwen/Qwen2.5-Coder-14B-Instruct-AWQ,None
2466,Pie,Easy,0.3849,1.1547,3,0.0,0.0,0.0,0.0,0.0,0.0,0.0,0.0,0.0,0.0,1.0,0.0,0.0,False,Qwen/Qwen2.5-Coder-14B-Instruct-AWQ,None
2466,Pie,Easy,0.3849,1.1547,3,0.0,0.0,0.0,0.0,0.0,0.0,0.0,0.0,0.0,0.0,1.0,0.0,0.0,False,Qwen/Qwen2.5-Coder-14B-Instruct-AWQ,None
2466,Pie,Easy,0.3849,1.1547,3,0.0,0.0,0.0,0.0,0.0,0.0,0.0,0.0,0.0,0.0,1.0,0.0,0.0,False,Qwen/Qwen2.5-Coder-14B-Instruct-AWQ,None
2471,Bar,Medium,12.5514,12.5514,1,1.0,0.0,0.0,0.0,0.0,0.0,0.0,0.0,1.0,0.0,0.0,,0.0,True,Qwen/Qwen2.5-Coder-14B-Instruct-AWQ,None
2471,Bar,Medium,12.5514,12.5514,1,1.0,0.0,0.0,0.0,0.0,0.0,0.0,0.0,1.0,0.0,0.0,,0.0,True,Qwen/Qwen2.5-Coder-14B-Instruct-AWQ,None
2471,Bar,Medium,12.5514,12.5514,1,1.0,0.0,0.0,0.0,0.0,0.0,0.0,0.0,1.0,0.0,0.0,,0.0,True,Qwen/Qwen2.5-Coder-14B-Instruct-AWQ,None
2473,Bar,Easy,0.3637,2.5461,7,0.0,0.0,0.0,0.0,0.0,0.0,0.0,0.0,0.0,0.0,1.0,0.0,0.0,False,Qwen/Qwen2.5-Coder-14B-Instruct-AWQ,None
2473,Bar,Easy,0.3637,2.5461,7,0.0,0.0,0.0,0.0,0.0,0.0,0.0,0.0,0.0,0.0,1.0,0.0,0.0,False,Qwen/Qwen2.5-Coder-14B-Instruct-AWQ,None
2473,Bar,Easy,0.3637,2.5461,7,0.0,0.0,0.0,0.0,0.0,0.0,0.0,0.0,0.0,0.0,1.0,0.0,0.0,False,Qwen/Qwen2.5-Coder-14B-Instruct-AWQ,None
2474,Pie,Medium,7.4218,7.4218,1,0.0,0.0,0.0,0.0,0.0,0.0,0.0,0.0,0.0,0.0,1.0,0.0,0.0,True,Qwen/Qwen2.5-Coder-14B-Instruct-AWQ,None
2474,Pie,Medium,7.4218,7.4218,1,0.0,0.0,0.0,0.0,0.0,0.0,0.0,0.0,0.0,0.0,1.0,0.0,0.0,True,Qwen/Qwen2.5-Coder-14B-Instruct-AWQ,None
2474,Pie,Medium,7.4218,7.4218,1,0.0,0.0,0.0,0.0,0.0,0.0,0.0,0.0,0.0,0.0,1.0,0.0,0.0,True,Qwen/Qwen2.5-Coder-14B-Instruct-AWQ,None
2476,Bar,Medium,0.6799,1.3598,2,0.0,0.0,0.0,0.0,0.0,0.0,0.0,0.0,0.0,0.0,1.0,0.0,0.0,True,Qwen/Qwen2.5-Coder-14B-Instruct-AWQ,None
2476,Bar,Medium,0.6799,1.3598,2,0.0,0.0,0.0,0.0,0.0,0.0,0.0,0.0,0.0,0.0,1.0,0.0,0.0,True,Qwen/Qwen2.5-Coder-14B-Instruct-AWQ,None
2476,Bar,Medium,0.6799,1.3598,2,0.0,0.0,0.0,0.0,0.0,0.0,0.0,0.0,0.0,0.0,1.0,0.0,0.0,True,Qwen/Qwen2.5-Coder-14B-Instruct-AWQ,None
2478,Pie,Medium,7.2312,14.4623,2,0.0,0.0,0.0,0.0,0.0,0.0,0.0,0.0,0.0,0.0,1.0,0.0,0.0,True,Qwen/Qwen2.5-Coder-14B-Instruct-AWQ,None
2478,Pie,Medium,7.2312,14.4623,2,0.0,0.0,0.0,0.0,0.0,0.0,0.0,0.0,0.0,0.0,1.0,0.0,0.0,True,Qwen/Qwen2.5-Coder-14B-Instruct-AWQ,None
2478,Pie,Medium,7.2312,14.4623,2,0.0,0.0,0.0,0.0,0.0,0.0,0.0,0.0,0.0,0.0,1.0,0.0,0.0,True,Qwen/Qwen2.5-Coder-14B-Instruct-AWQ,None
2479,Grouping Scatter,Medium,0.8793,1.7587,2,0.0,0.0,0.0,0.0,0.0,0.0,0.0,0.0,0.0,0.0,1.0,0.0,0.0,True,Qwen/Qwen2.5-Coder-14B-Instruct-AWQ,None
2479,Grouping Scatter,Medium,0.8793,1.7587,2,0.0,0.0,0.0,0.0,0.0,0.0,0.0,0.0,0.0,0.0,1.0,0.0,0.0,True,Qwen/Qwen2.5-Coder-14B-Instruct-AWQ,None
2479,Grouping Scatter,Medium,0.8793,1.7587,2,0.0,0.0,0.0,0.0,0.0,0.0,0.0,0.0,0.0,0.0,1.0,0.0,0.0,True,Qwen/Qwen2.5-Coder-14B-Instruct-AWQ,None
2483,Pie,Easy,0.3449,0.6899,2,0.0,0.0,0.0,0.0,0.0,0.0,0.0,0.0,0.0,0.0,1.0,0.0,0.0,False,Qwen/Qwen2.5-Coder-14B-Instruct-AWQ,None
2483,Pie,Easy,0.3449,0.6899,2,0.0,0.0,0.0,0.0,0.0,0.0,0.0,0.0,0.0,0.0,1.0,0.0,0.0,False,Qwen/Qwen2.5-Coder-14B-Instruct-AWQ,None
2483,Pie,Easy,0.3449,0.6899,2,0.0,0.0,0.0,0.0,0.0,0.0,0.0,0.0,0.0,0.0,1.0,0.0,0.0,False,Qwen/Qwen2.5-Coder-14B-Instruct-AWQ,None
2485,Pie,Easy,0.3452,0.6904,2,0.0,0.0,0.0,0.0,0.0,0.0,0.0,0.0,0.0,0.0,1.0,0.0,0.0,False,Qwen/Qwen2.5-Coder-14B-Instruct-AWQ,None
2485,Pie,Easy,0.3452,0.6904,2,0.0,0.0,0.0,0.0,0.0,0.0,0.0,0.0,0.0,0.0,1.0,0.0,0.0,False,Qwen/Qwen2.5-Coder-14B-Instruct-AWQ,None
2485,Pie,Easy,0.3452,0.6904,2,0.0,0.0,0.0,0.0,0.0,0.0,0.0,0.0,0.0,0.0,1.0,0.0,0.0,False,Qwen/Qwen2.5-Coder-14B-Instruct-AWQ,None
2489,Pie,Easy,0.3776,1.1327,3,0.0,0.0,0.0,0.0,0.0,0.0,0.0,0.0,0.0,0.0,1.0,0.0,0.0,False,Qwen/Qwen2.5-Coder-14B-Instruct-AWQ,None
2489,Pie,Easy,0.3776,1.1327,3,0.0,0.0,0.0,0.0,0.0,0.0,0.0,0.0,0.0,0.0,1.0,0.0,0.0,False,Qwen/Qwen2.5-Coder-14B-Instruct-AWQ,None
2489,Pie,Easy,0.3776,1.1327,3,0.0,0.0,0.0,0.0,0.0,0.0,0.0,0.0,0.0,0.0,1.0,0.0,0.0,False,Qwen/Qwen2.5-Coder-14B-Instruct-AWQ,None
2503,Bar,Easy,0.3638,2.5464,7,0.0,0.0,0.0,0.0,0.0,0.0,0.0,0.0,0.0,0.0,1.0,0.0,0.0,False,Qwen/Qwen2.5-Coder-14B-Instruct-AWQ,None
2503,Bar,Easy,0.3638,2.5464,7,0.0,0.0,0.0,0.0,0.0,0.0,0.0,0.0,0.0,0.0,1.0,0.0,0.0,False,Qwen/Qwen2.5-Coder-14B-Instruct-AWQ,None
2503,Bar,Easy,0.3638,2.5464,7,0.0,0.0,0.0,0.0,0.0,0.0,0.0,0.0,0.0,0.0,1.0,0.0,0.0,False,Qwen/Qwen2.5-Coder-14B-Instruct-AWQ,None
2506,Pie,Easy,0.3471,1.0414,3,0.0,0.0,0.0,0.0,1.0,0.0,0.0,0.0,0.0,1.0,0.0,,0.0,False,Qwen/Qwen2.5-Coder-14B-Instruct-AWQ,None
2506,Pie,Easy,0.3471,1.0414,3,0.0,0.0,0.0,0.0,1.0,0.0,0.0,0.0,0.0,1.0,0.0,,0.0,False,Qwen/Qwen2.5-Coder-14B-Instruct-AWQ,None
2506,Pie,Easy,0.3471,1.0414,3,0.0,0.0,0.0,0.0,1.0,0.0,0.0,0.0,0.0,1.0,0.0,,0.0,False,Qwen/Qwen2.5-Coder-14B-Instruct-AWQ,None
2508,Pie,Medium,4.7326,23.6629,5,0.2,0.0,0.0,0.0,0.0,0.0,0.0,0.0,0.2,0.0,0.8,0.0,0.0,True,Qwen/Qwen2.5-Coder-14B-Instruct-AWQ,None
2508,Pie,Medium,4.7326,23.6629,5,0.2,0.0,0.0,0.0,0.0,0.0,0.0,0.0,0.2,0.0,0.8,0.0,0.0,True,Qwen/Qwen2.5-Coder-14B-Instruct-AWQ,None
2508,Pie,Medium,4.7326,23.6629,5,0.2,0.0,0.0,0.0,0.0,0.0,0.0,0.0,0.2,0.0,0.8,0.0,0.0,True,Qwen/Qwen2.5-Coder-14B-Instruct-AWQ,None
2512,Pie,Medium,4.0632,12.1897,3,0.3333333333333333,0.0,0.0,0.0,0.0,0.0,0.0,0.0,0.3333333333333333,0.0,0.6666666666666666,0.0,0.0,True,Qwen/Qwen2.5-Coder-14B-Instruct-AWQ,None
2512,Pie,Medium,4.0632,12.1897,3,0.3333333333333333,0.0,0.0,0.0,0.0,0.0,0.0,0.0,0.3333333333333333,0.0,0.6666666666666666,0.0,0.0,True,Qwen/Qwen2.5-Coder-14B-Instruct-AWQ,None
2512,Pie,Medium,4.0632,12.1897,3,0.3333333333333333,0.0,0.0,0.0,0.0,0.0,0.0,0.0,0.3333333333333333,0.0,0.6666666666666666,0.0,0.0,True,Qwen/Qwen2.5-Coder-14B-Instruct-AWQ,None
2516,Pie,Medium,5.5137,11.0274,2,0.0,0.0,0.0,0.5,1.0,0.0,0.0,0.0,0.0,1.0,0.0,,0.0,False,Qwen/Qwen2.5-Coder-14B-Instruct-AWQ,None
2516,Pie,Medium,5.5137,11.0274,2,0.0,0.0,0.0,0.5,1.0,0.0,0.0,0.0,0.0,1.0,0.0,,0.0,False,Qwen/Qwen2.5-Coder-14B-Instruct-AWQ,None
2516,Pie,Medium,5.5137,11.0274,2,0.0,0.0,0.0,0.5,1.0,0.0,0.0,0.0,0.0,1.0,0.0,,0.0,False,Qwen/Qwen2.5-Coder-14B-Instruct-AWQ,None
2526,Pie,Easy,3.6175,7.235,2,0.0,0.0,0.0,0.5,0.5,0.0,0.0,0.0,0.0,0.5,0.5,0.0,0.0,False,Qwen/Qwen2.5-Coder-14B-Instruct-AWQ,None
2526,Pie,Easy,3.6175,7.235,2,0.0,0.0,0.0,0.5,0.5,0.0,0.0,0.0,0.0,0.5,0.5,0.0,0.0,False,Qwen/Qwen2.5-Coder-14B-Instruct-AWQ,None
2526,Pie,Easy,3.6175,7.235,2,0.0,0.0,0.0,0.5,0.5,0.0,0.0,0.0,0.0,0.5,0.5,0.0,0.0,False,Qwen/Qwen2.5-Coder-14B-Instruct-AWQ,None
2536,Pie,Hard,0.9625,1.9251,2,0.0,0.0,0.0,0.0,0.5,0.0,0.0,0.0,0.0,0.5,0.5,0.0,0.0,True,Qwen/Qwen2.5-Coder-14B-Instruct-AWQ,None
2536,Pie,Hard,0.9625,1.9251,2,0.0,0.0,0.0,0.0,0.5,0.0,0.0,0.0,0.0,0.5,0.5,0.0,0.0,True,Qwen/Qwen2.5-Coder-14B-Instruct-AWQ,None
2536,Pie,Hard,0.9625,1.9251,2,0.0,0.0,0.0,0.0,0.5,0.0,0.0,0.0,0.0,0.5,0.5,0.0,0.0,True,Qwen/Qwen2.5-Coder-14B-Instruct-AWQ,None
2543,Pie,Easy,0.3693,0.3693,1,0.0,0.0,0.0,0.0,0.0,0.0,0.0,0.0,0.0,0.0,1.0,0.0,0.0,False,Qwen/Qwen2.5-Coder-14B-Instruct-AWQ,None
2543,Pie,Easy,0.3693,0.3693,1,0.0,0.0,0.0,0.0,0.0,0.0,0.0,0.0,0.0,0.0,1.0,0.0,0.0,False,Qwen/Qwen2.5-Coder-14B-Instruct-AWQ,None
2543,Pie,Easy,0.3693,0.3693,1,0.0,0.0,0.0,0.0,0.0,0.0,0.0,0.0,0.0,0.0,1.0,0.0,0.0,False,Qwen/Qwen2.5-Coder-14B-Instruct-AWQ,None
2548,Scatter,Easy,3.2069,6.4138,2,0.0,0.0,0.0,0.0,0.5,0.0,0.0,0.0,0.0,0.5,0.5,0.0,0.0,False,Qwen/Qwen2.5-Coder-14B-Instruct-AWQ,None
2548,Scatter,Easy,3.2069,6.4138,2,0.0,0.0,0.0,0.0,0.5,0.0,0.0,0.0,0.0,0.5,0.5,0.0,0.0,False,Qwen/Qwen2.5-Coder-14B-Instruct-AWQ,None
2548,Scatter,Easy,3.2069,6.4138,2,0.0,0.0,0.0,0.0,0.5,0.0,0.0,0.0,0.0,0.5,0.5,0.0,0.0,False,Qwen/Qwen2.5-Coder-14B-Instruct-AWQ,None
2549,Pie,Easy,0.3886,0.7772,2,0.0,0.0,0.0,0.0,0.0,0.0,0.0,0.0,0.0,0.0,1.0,0.0,0.0,False,Qwen/Qwen2.5-Coder-14B-Instruct-AWQ,None
2549,Pie,Easy,0.3886,0.7772,2,0.0,0.0,0.0,0.0,0.0,0.0,0.0,0.0,0.0,0.0,1.0,0.0,0.0,False,Qwen/Qwen2.5-Coder-14B-Instruct-AWQ,None
2549,Pie,Easy,0.3886,0.7772,2,0.0,0.0,0.0,0.0,0.0,0.0,0.0,0.0,0.0,0.0,1.0,0.0,0.0,False,Qwen/Qwen2.5-Coder-14B-Instruct-AWQ,None
2550,Grouping Scatter,Easy,1.6165,4.8496,3,0.0,0.0,0.0,0.0,0.0,0.0,0.0,0.0,0.0,0.0,1.0,0.0,0.0,False,Qwen/Qwen2.5-Coder-14B-Instruct-AWQ,None
2550,Grouping Scatter,Easy,1.6165,4.8496,3,0.0,0.0,0.0,0.0,0.0,0.0,0.0,0.0,0.0,0.0,1.0,0.0,0.0,False,Qwen/Qwen2.5-Coder-14B-Instruct-AWQ,None
2550,Grouping Scatter,Easy,1.6165,4.8496,3,0.0,0.0,0.0,0.0,0.0,0.0,0.0,0.0,0.0,0.0,1.0,0.0,0.0,False,Qwen/Qwen2.5-Coder-14B-Instruct-AWQ,None
2564,Pie,Hard,10.1179,10.1179,1,0.0,0.0,0.0,0.0,0.0,0.0,0.0,0.0,0.0,0.0,1.0,0.0,0.0,True,Qwen/Qwen2.5-Coder-14B-Instruct-AWQ,None
2564,Pie,Hard,10.1179,10.1179,1,0.0,0.0,0.0,0.0,0.0,0.0,0.0,0.0,0.0,0.0,1.0,0.0,0.0,True,Qwen/Qwen2.5-Coder-14B-Instruct-AWQ,None
2564,Pie,Hard,10.1179,10.1179,1,0.0,0.0,0.0,0.0,0.0,0.0,0.0,0.0,0.0,0.0,1.0,0.0,0.0,True,Qwen/Qwen2.5-Coder-14B-Instruct-AWQ,None
2567,Pie,Easy,0.3312,0.3312,1,0.0,0.0,0.0,0.0,0.0,0.0,0.0,0.0,0.0,0.0,1.0,0.0,0.0,False,Qwen/Qwen2.5-Coder-14B-Instruct-AWQ,None
2567,Pie,Easy,0.3312,0.3312,1,0.0,0.0,0.0,0.0,0.0,0.0,0.0,0.0,0.0,0.0,1.0,0.0,0.0,False,Qwen/Qwen2.5-Coder-14B-Instruct-AWQ,None
2567,Pie,Easy,0.3312,0.3312,1,0.0,0.0,0.0,0.0,0.0,0.0,0.0,0.0,0.0,0.0,1.0,0.0,0.0,False,Qwen/Qwen2.5-Coder-14B-Instruct-AWQ,None
2568,Bar,Easy,0.3368,1.0104,3,0.0,0.0,0.0,0.0,0.0,0.0,0.0,0.0,0.0,0.0,1.0,0.0,0.0,False,Qwen/Qwen2.5-Coder-14B-Instruct-AWQ,None
2568,Bar,Easy,0.3368,1.0104,3,0.0,0.0,0.0,0.0,0.0,0.0,0.0,0.0,0.0,0.0,1.0,0.0,0.0,False,Qwen/Qwen2.5-Coder-14B-Instruct-AWQ,None
2568,Bar,Easy,0.3368,1.0104,3,0.0,0.0,0.0,0.0,0.0,0.0,0.0,0.0,0.0,0.0,1.0,0.0,0.0,False,Qwen/Qwen2.5-Coder-14B-Instruct-AWQ,None
2569,Bar,Easy,0.3452,1.0357,3,0.0,0.0,0.0,0.0,0.0,0.0,0.0,0.0,0.0,0.0,1.0,0.0,0.0,False,Qwen/Qwen2.5-Coder-14B-Instruct-AWQ,None
2569,Bar,Easy,0.3452,1.0357,3,0.0,0.0,0.0,0.0,0.0,0.0,0.0,0.0,0.0,0.0,1.0,0.0,0.0,False,Qwen/Qwen2.5-Coder-14B-Instruct-AWQ,None
2569,Bar,Easy,0.3452,1.0357,3,0.0,0.0,0.0,0.0,0.0,0.0,0.0,0.0,0.0,0.0,1.0,0.0,0.0,False,Qwen/Qwen2.5-Coder-14B-Instruct-AWQ,None
2570,Pie,Easy,0.3232,0.6463,2,0.0,0.0,0.0,0.0,0.0,0.0,0.0,0.0,0.0,0.0,1.0,0.0,0.0,False,Qwen/Qwen2.5-Coder-14B-Instruct-AWQ,None
2570,Pie,Easy,0.3232,0.6463,2,0.0,0.0,0.0,0.0,0.0,0.0,0.0,0.0,0.0,0.0,1.0,0.0,0.0,False,Qwen/Qwen2.5-Coder-14B-Instruct-AWQ,None
2570,Pie,Easy,0.3232,0.6463,2,0.0,0.0,0.0,0.0,0.0,0.0,0.0,0.0,0.0,0.0,1.0,0.0,0.0,False,Qwen/Qwen2.5-Coder-14B-Instruct-AWQ,None
2571,Pie,Easy,0.3745,0.3745,1,0.0,0.0,0.0,0.0,0.0,0.0,0.0,0.0,0.0,0.0,1.0,0.0,0.0,False,Qwen/Qwen2.5-Coder-14B-Instruct-AWQ,None
2571,Pie,Easy,0.3745,0.3745,1,0.0,0.0,0.0,0.0,0.0,0.0,0.0,0.0,0.0,0.0,1.0,0.0,0.0,False,Qwen/Qwen2.5-Coder-14B-Instruct-AWQ,None
2571,Pie,Easy,0.3745,0.3745,1,0.0,0.0,0.0,0.0,0.0,0.0,0.0,0.0,0.0,0.0,1.0,0.0,0.0,False,Qwen/Qwen2.5-Coder-14B-Instruct-AWQ,None
2576,Pie,Medium,0.7345,0.7345,1,0.0,0.0,0.0,0.0,0.0,0.0,0.0,0.0,0.0,0.0,1.0,0.0,0.0,True,Qwen/Qwen2.5-Coder-14B-Instruct-AWQ,None
2576,Pie,Medium,0.7345,0.7345,1,0.0,0.0,0.0,0.0,0.0,0.0,0.0,0.0,0.0,0.0,1.0,0.0,0.0,True,Qwen/Qwen2.5-Coder-14B-Instruct-AWQ,None
2576,Pie,Medium,0.7345,0.7345,1,0.0,0.0,0.0,0.0,0.0,0.0,0.0,0.0,0.0,0.0,1.0,0.0,0.0,True,Qwen/Qwen2.5-Coder-14B-Instruct-AWQ,None
2578,Bar,Hard,8.9403,8.9403,1,1.0,0.0,0.0,0.0,0.0,0.0,0.0,0.0,1.0,0.0,0.0,,0.0,True,Qwen/Qwen2.5-Coder-14B-Instruct-AWQ,None
2578,Bar,Hard,8.9403,8.9403,1,1.0,0.0,0.0,0.0,0.0,0.0,0.0,0.0,1.0,0.0,0.0,,0.0,True,Qwen/Qwen2.5-Coder-14B-Instruct-AWQ,None
2578,Bar,Hard,8.9403,8.9403,1,1.0,0.0,0.0,0.0,0.0,0.0,0.0,0.0,1.0,0.0,0.0,,0.0,True,Qwen/Qwen2.5-Coder-14B-Instruct-AWQ,None
2579,Pie,Medium,0.3549,0.3549,1,0.0,0.0,0.0,0.0,1.0,0.0,0.0,0.0,0.0,1.0,0.0,,0.0,True,Qwen/Qwen2.5-Coder-14B-Instruct-AWQ,None
2579,Pie,Medium,0.3549,0.3549,1,0.0,0.0,0.0,0.0,1.0,0.0,0.0,0.0,0.0,1.0,0.0,,0.0,True,Qwen/Qwen2.5-Coder-14B-Instruct-AWQ,None
2579,Pie,Medium,0.3549,0.3549,1,0.0,0.0,0.0,0.0,1.0,0.0,0.0,0.0,0.0,1.0,0.0,,0.0,True,Qwen/Qwen2.5-Coder-14B-Instruct-AWQ,None
2593,Pie,Easy,0.3542,1.0627,3,0.0,0.0,0.0,0.0,0.0,0.0,0.0,0.0,0.0,0.0,1.0,0.0,0.0,False,Qwen/Qwen2.5-Coder-14B-Instruct-AWQ,None
2593,Pie,Easy,0.3542,1.0627,3,0.0,0.0,0.0,0.0,0.0,0.0,0.0,0.0,0.0,0.0,1.0,0.0,0.0,False,Qwen/Qwen2.5-Coder-14B-Instruct-AWQ,None
2593,Pie,Easy,0.3542,1.0627,3,0.0,0.0,0.0,0.0,0.0,0.0,0.0,0.0,0.0,0.0,1.0,0.0,0.0,False,Qwen/Qwen2.5-Coder-14B-Instruct-AWQ,None
2595,Pie,Hard,0.8733,0.8733,1,0.0,0.0,0.0,0.0,0.0,0.0,0.0,0.0,0.0,0.0,1.0,0.0,0.0,True,Qwen/Qwen2.5-Coder-14B-Instruct-AWQ,None
2595,Pie,Hard,0.8733,0.8733,1,0.0,0.0,0.0,0.0,0.0,0.0,0.0,0.0,0.0,0.0,1.0,0.0,0.0,True,Qwen/Qwen2.5-Coder-14B-Instruct-AWQ,None
2595,Pie,Hard,0.8733,0.8733,1,0.0,0.0,0.0,0.0,0.0,0.0,0.0,0.0,0.0,0.0,1.0,0.0,0.0,True,Qwen/Qwen2.5-Coder-14B-Instruct-AWQ,None
2604,Pie,Easy,0.5274,0.5274,1,0.0,0.0,0.0,0.0,0.0,0.0,0.0,0.0,0.0,0.0,1.0,0.0,0.0,False,Qwen/Qwen2.5-Coder-14B-Instruct-AWQ,None
2604,Pie,Easy,0.5274,0.5274,1,0.0,0.0,0.0,0.0,0.0,0.0,0.0,0.0,0.0,0.0,1.0,0.0,0.0,False,Qwen/Qwen2.5-Coder-14B-Instruct-AWQ,None
2604,Pie,Easy,0.5274,0.5274,1,0.0,0.0,0.0,0.0,0.0,0.0,0.0,0.0,0.0,0.0,1.0,0.0,0.0,False,Qwen/Qwen2.5-Coder-14B-Instruct-AWQ,None
2605,Bar,Easy,6.2221,12.4442,2,0.0,0.0,0.0,0.5,0.5,0.0,0.0,0.0,0.0,0.5,0.5,0.0,0.0,False,Qwen/Qwen2.5-Coder-14B-Instruct-AWQ,None
2605,Bar,Easy,6.2221,12.4442,2,0.0,0.0,0.0,0.5,0.5,0.0,0.0,0.0,0.0,0.5,0.5,0.0,0.0,False,Qwen/Qwen2.5-Coder-14B-Instruct-AWQ,None
2605,Bar,Easy,6.2221,12.4442,2,0.0,0.0,0.0,0.5,0.5,0.0,0.0,0.0,0.0,0.5,0.5,0.0,0.0,False,Qwen/Qwen2.5-Coder-14B-Instruct-AWQ,None
2606,Pie,Easy,0.5277,1.5832,3,0.0,0.0,0.0,0.0,0.0,0.0,0.0,0.0,0.0,0.0,1.0,0.0,0.0,False,Qwen/Qwen2.5-Coder-14B-Instruct-AWQ,None
2606,Pie,Easy,0.5277,1.5832,3,0.0,0.0,0.0,0.0,0.0,0.0,0.0,0.0,0.0,0.0,1.0,0.0,0.0,False,Qwen/Qwen2.5-Coder-14B-Instruct-AWQ,None
2606,Pie,Easy,0.5277,1.5832,3,0.0,0.0,0.0,0.0,0.0,0.0,0.0,0.0,0.0,0.0,1.0,0.0,0.0,False,Qwen/Qwen2.5-Coder-14B-Instruct-AWQ,None
2615,Bar,Hard,0.7884,0.7884,1,0.0,0.0,0.0,0.0,0.0,0.0,0.0,0.0,0.0,0.0,1.0,0.0,0.0,False,Qwen/Qwen2.5-Coder-14B-Instruct-AWQ,None
2615,Bar,Hard,0.7884,0.7884,1,0.0,0.0,0.0,0.0,0.0,0.0,0.0,0.0,0.0,0.0,1.0,0.0,0.0,False,Qwen/Qwen2.5-Coder-14B-Instruct-AWQ,None
2615,Bar,Hard,0.7884,0.7884,1,0.0,0.0,0.0,0.0,0.0,0.0,0.0,0.0,0.0,0.0,1.0,0.0,0.0,False,Qwen/Qwen2.5-Coder-14B-Instruct-AWQ,None
2617,Line,Hard,0.6678,0.6678,1,0.0,0.0,0.0,0.0,1.0,0.0,0.0,0.0,0.0,1.0,0.0,,0.0,False,Qwen/Qwen2.5-Coder-14B-Instruct-AWQ,None
2617,Line,Hard,0.6678,0.6678,1,0.0,0.0,0.0,0.0,1.0,0.0,0.0,0.0,0.0,1.0,0.0,,0.0,False,Qwen/Qwen2.5-Coder-14B-Instruct-AWQ,None
2617,Line,Hard,0.6678,0.6678,1,0.0,0.0,0.0,0.0,1.0,0.0,0.0,0.0,0.0,1.0,0.0,,0.0,False,Qwen/Qwen2.5-Coder-14B-Instruct-AWQ,None
2620,Pie,Extra Hard,4.5415,18.1659,4,0.25,0.0,0.0,0.25,0.25,0.0,0.0,0.0,0.25,0.25,0.5,0.0,0.0,True,Qwen/Qwen2.5-Coder-14B-Instruct-AWQ,None
2620,Pie,Extra Hard,4.5415,18.1659,4,0.25,0.0,0.0,0.25,0.25,0.0,0.0,0.0,0.25,0.25,0.5,0.0,0.0,True,Qwen/Qwen2.5-Coder-14B-Instruct-AWQ,None
2620,Pie,Extra Hard,4.5415,18.1659,4,0.25,0.0,0.0,0.25,0.25,0.0,0.0,0.0,0.25,0.25,0.5,0.0,0.0,True,Qwen/Qwen2.5-Coder-14B-Instruct-AWQ,None
2622,Pie,Easy,0.4243,0.8485,2,0.0,0.0,0.0,0.0,0.0,0.0,0.0,0.0,0.0,0.0,1.0,0.0,0.0,False,Qwen/Qwen2.5-Coder-14B-Instruct-AWQ,None
2622,Pie,Easy,0.4243,0.8485,2,0.0,0.0,0.0,0.0,0.0,0.0,0.0,0.0,0.0,0.0,1.0,0.0,0.0,False,Qwen/Qwen2.5-Coder-14B-Instruct-AWQ,None
2622,Pie,Easy,0.4243,0.8485,2,0.0,0.0,0.0,0.0,0.0,0.0,0.0,0.0,0.0,0.0,1.0,0.0,0.0,False,Qwen/Qwen2.5-Coder-14B-Instruct-AWQ,None
2624,Pie,Easy,0.4013,1.605,4,0.0,0.0,0.0,0.0,0.0,0.0,0.0,0.0,0.0,0.0,1.0,0.0,0.0,False,Qwen/Qwen2.5-Coder-14B-Instruct-AWQ,None
2624,Pie,Easy,0.4013,1.605,4,0.0,0.0,0.0,0.0,0.0,0.0,0.0,0.0,0.0,0.0,1.0,0.0,0.0,False,Qwen/Qwen2.5-Coder-14B-Instruct-AWQ,None
2624,Pie,Easy,0.4013,1.605,4,0.0,0.0,0.0,0.0,0.0,0.0,0.0,0.0,0.0,0.0,1.0,0.0,0.0,False,Qwen/Qwen2.5-Coder-14B-Instruct-AWQ,None
2630,Pie,Easy,0.383,1.149,3,0.0,0.0,0.0,0.0,0.0,0.0,0.0,0.0,0.0,0.0,1.0,0.0,0.0,False,Qwen/Qwen2.5-Coder-14B-Instruct-AWQ,None
2630,Pie,Easy,0.383,1.149,3,0.0,0.0,0.0,0.0,0.0,0.0,0.0,0.0,0.0,0.0,1.0,0.0,0.0,False,Qwen/Qwen2.5-Coder-14B-Instruct-AWQ,None
2630,Pie,Easy,0.383,1.149,3,0.0,0.0,0.0,0.0,0.0,0.0,0.0,0.0,0.0,0.0,1.0,0.0,0.0,False,Qwen/Qwen2.5-Coder-14B-Instruct-AWQ,None
2631,Bar,Easy,0.3749,1.1247,3,0.0,0.0,0.0,0.0,0.3333333333333333,0.0,0.0,0.0,0.0,0.3333333333333333,0.6666666666666666,0.0,0.0,False,Qwen/Qwen2.5-Coder-14B-Instruct-AWQ,None
2631,Bar,Easy,0.3749,1.1247,3,0.0,0.0,0.0,0.0,0.3333333333333333,0.0,0.0,0.0,0.0,0.3333333333333333,0.6666666666666666,0.0,0.0,False,Qwen/Qwen2.5-Coder-14B-Instruct-AWQ,None
2631,Bar,Easy,0.3749,1.1247,3,0.0,0.0,0.0,0.0,0.3333333333333333,0.0,0.0,0.0,0.0,0.3333333333333333,0.6666666666666666,0.0,0.0,False,Qwen/Qwen2.5-Coder-14B-Instruct-AWQ,None
2633,Scatter,Medium,3.5875,3.5875,1,0.0,0.0,0.0,0.0,1.0,0.0,0.0,0.0,0.0,1.0,0.0,,0.0,False,Qwen/Qwen2.5-Coder-14B-Instruct-AWQ,None
2633,Scatter,Medium,3.5875,3.5875,1,0.0,0.0,0.0,0.0,1.0,0.0,0.0,0.0,0.0,1.0,0.0,,0.0,False,Qwen/Qwen2.5-Coder-14B-Instruct-AWQ,None
2633,Scatter,Medium,3.5875,3.5875,1,0.0,0.0,0.0,0.0,1.0,0.0,0.0,0.0,0.0,1.0,0.0,,0.0,False,Qwen/Qwen2.5-Coder-14B-Instruct-AWQ,None
2634,Grouping Scatter,Medium,3.3325,3.3325,1,0.0,0.0,0.0,0.0,0.0,0.0,0.0,0.0,0.0,0.0,1.0,0.0,0.0,False,Qwen/Qwen2.5-Coder-14B-Instruct-AWQ,None
2634,Grouping Scatter,Medium,3.3325,3.3325,1,0.0,0.0,0.0,0.0,0.0,0.0,0.0,0.0,0.0,0.0,1.0,0.0,0.0,False,Qwen/Qwen2.5-Coder-14B-Instruct-AWQ,None
2634,Grouping Scatter,Medium,3.3325,3.3325,1,0.0,0.0,0.0,0.0,0.0,0.0,0.0,0.0,0.0,0.0,1.0,0.0,0.0,False,Qwen/Qwen2.5-Coder-14B-Instruct-AWQ,None
2635,Pie,Medium,1.1061,1.1061,1,0.0,0.0,0.0,0.0,0.0,0.0,0.0,0.0,0.0,0.0,1.0,0.0,0.0,True,Qwen/Qwen2.5-Coder-14B-Instruct-AWQ,None
2635,Pie,Medium,1.1061,1.1061,1,0.0,0.0,0.0,0.0,0.0,0.0,0.0,0.0,0.0,0.0,1.0,0.0,0.0,True,Qwen/Qwen2.5-Coder-14B-Instruct-AWQ,None
2635,Pie,Medium,1.1061,1.1061,1,0.0,0.0,0.0,0.0,0.0,0.0,0.0,0.0,0.0,0.0,1.0,0.0,0.0,True,Qwen/Qwen2.5-Coder-14B-Instruct-AWQ,None
2637,Bar,Easy,0.3557,0.7115,2,0.0,0.0,0.0,0.0,0.0,0.0,0.0,0.0,0.0,0.0,1.0,0.0,0.0,False,Qwen/Qwen2.5-Coder-14B-Instruct-AWQ,None
2637,Bar,Easy,0.3557,0.7115,2,0.0,0.0,0.0,0.0,0.0,0.0,0.0,0.0,0.0,0.0,1.0,0.0,0.0,False,Qwen/Qwen2.5-Coder-14B-Instruct-AWQ,None
2637,Bar,Easy,0.3557,0.7115,2,0.0,0.0,0.0,0.0,0.0,0.0,0.0,0.0,0.0,0.0,1.0,0.0,0.0,False,Qwen/Qwen2.5-Coder-14B-Instruct-AWQ,None
2638,Bar,Easy,0.4673,0.9345,2,0.0,0.0,0.0,0.0,0.5,0.0,0.0,0.0,0.0,0.5,0.5,0.0,0.0,False,Qwen/Qwen2.5-Coder-14B-Instruct-AWQ,None
2638,Bar,Easy,0.4673,0.9345,2,0.0,0.0,0.0,0.0,0.5,0.0,0.0,0.0,0.0,0.5,0.5,0.0,0.0,False,Qwen/Qwen2.5-Coder-14B-Instruct-AWQ,None
2638,Bar,Easy,0.4673,0.9345,2,0.0,0.0,0.0,0.0,0.5,0.0,0.0,0.0,0.0,0.5,0.5,0.0,0.0,False,Qwen/Qwen2.5-Coder-14B-Instruct-AWQ,None
2640,Bar,Medium,0.7744,0.7744,1,0.0,0.0,0.0,0.0,0.0,0.0,0.0,0.0,0.0,0.0,1.0,0.0,0.0,True,Qwen/Qwen2.5-Coder-14B-Instruct-AWQ,None
2640,Bar,Medium,0.7744,0.7744,1,0.0,0.0,0.0,0.0,0.0,0.0,0.0,0.0,0.0,0.0,1.0,0.0,0.0,True,Qwen/Qwen2.5-Coder-14B-Instruct-AWQ,None
2640,Bar,Medium,0.7744,0.7744,1,0.0,0.0,0.0,0.0,0.0,0.0,0.0,0.0,0.0,0.0,1.0,0.0,0.0,True,Qwen/Qwen2.5-Coder-14B-Instruct-AWQ,None
2641,Bar,Medium,0.613,3.065,5,0.0,0.0,0.0,0.0,0.0,0.0,0.0,0.0,0.0,0.0,1.0,0.0,0.0,True,Qwen/Qwen2.5-Coder-14B-Instruct-AWQ,None
2641,Bar,Medium,0.613,3.065,5,0.0,0.0,0.0,0.0,0.0,0.0,0.0,0.0,0.0,0.0,1.0,0.0,0.0,True,Qwen/Qwen2.5-Coder-14B-Instruct-AWQ,None
2641,Bar,Medium,0.613,3.065,5,0.0,0.0,0.0,0.0,0.0,0.0,0.0,0.0,0.0,0.0,1.0,0.0,0.0,True,Qwen/Qwen2.5-Coder-14B-Instruct-AWQ,None
2642,Pie,Easy,0.3142,0.6284,2,0.0,0.0,0.0,0.0,0.0,0.0,0.0,0.0,0.0,0.0,1.0,0.0,0.0,False,Qwen/Qwen2.5-Coder-14B-Instruct-AWQ,None
2642,Pie,Easy,0.3142,0.6284,2,0.0,0.0,0.0,0.0,0.0,0.0,0.0,0.0,0.0,0.0,1.0,0.0,0.0,False,Qwen/Qwen2.5-Coder-14B-Instruct-AWQ,None
2642,Pie,Easy,0.3142,0.6284,2,0.0,0.0,0.0,0.0,0.0,0.0,0.0,0.0,0.0,0.0,1.0,0.0,0.0,False,Qwen/Qwen2.5-Coder-14B-Instruct-AWQ,None
2645,Pie,Easy,0.4404,0.8808,2,0.0,0.0,0.0,0.0,0.0,0.0,0.0,0.0,0.0,0.0,1.0,0.0,0.0,False,Qwen/Qwen2.5-Coder-14B-Instruct-AWQ,None
2645,Pie,Easy,0.4404,0.8808,2,0.0,0.0,0.0,0.0,0.0,0.0,0.0,0.0,0.0,0.0,1.0,0.0,0.0,False,Qwen/Qwen2.5-Coder-14B-Instruct-AWQ,None
2645,Pie,Easy,0.4404,0.8808,2,0.0,0.0,0.0,0.0,0.0,0.0,0.0,0.0,0.0,0.0,1.0,0.0,0.0,False,Qwen/Qwen2.5-Coder-14B-Instruct-AWQ,None
2646,Bar,Medium,0.5184,2.0734,4,0.0,0.0,0.0,0.0,0.0,0.0,0.0,0.0,0.0,0.0,1.0,0.0,0.0,False,Qwen/Qwen2.5-Coder-14B-Instruct-AWQ,None
2646,Bar,Medium,0.5184,2.0734,4,0.0,0.0,0.0,0.0,0.0,0.0,0.0,0.0,0.0,0.0,1.0,0.0,0.0,False,Qwen/Qwen2.5-Coder-14B-Instruct-AWQ,None
2646,Bar,Medium,0.5184,2.0734,4,0.0,0.0,0.0,0.0,0.0,0.0,0.0,0.0,0.0,0.0,1.0,0.0,0.0,False,Qwen/Qwen2.5-Coder-14B-Instruct-AWQ,None
2652,Bar,Medium,0.4439,0.8879,2,0.0,0.0,0.0,0.0,0.0,0.0,0.0,0.0,0.0,0.0,1.0,0.0,0.0,False,Qwen/Qwen2.5-Coder-14B-Instruct-AWQ,None
2652,Bar,Medium,0.4439,0.8879,2,0.0,0.0,0.0,0.0,0.0,0.0,0.0,0.0,0.0,0.0,1.0,0.0,0.0,False,Qwen/Qwen2.5-Coder-14B-Instruct-AWQ,None
2652,Bar,Medium,0.4439,0.8879,2,0.0,0.0,0.0,0.0,0.0,0.0,0.0,0.0,0.0,0.0,1.0,0.0,0.0,False,Qwen/Qwen2.5-Coder-14B-Instruct-AWQ,None
2656,Pie,Hard,0.5245,1.049,2,0.0,0.0,0.0,0.0,0.0,0.0,0.0,0.0,0.0,0.0,1.0,0.0,0.0,False,Qwen/Qwen2.5-Coder-14B-Instruct-AWQ,None
2656,Pie,Hard,0.5245,1.049,2,0.0,0.0,0.0,0.0,0.0,0.0,0.0,0.0,0.0,0.0,1.0,0.0,0.0,False,Qwen/Qwen2.5-Coder-14B-Instruct-AWQ,None
2656,Pie,Hard,0.5245,1.049,2,0.0,0.0,0.0,0.0,0.0,0.0,0.0,0.0,0.0,0.0,1.0,0.0,0.0,False,Qwen/Qwen2.5-Coder-14B-Instruct-AWQ,None
2657,Bar,Hard,0.5363,1.0727,2,0.0,0.0,0.0,0.0,0.0,0.0,0.0,0.0,0.0,0.0,1.0,0.0,0.0,False,Qwen/Qwen2.5-Coder-14B-Instruct-AWQ,None
2657,Bar,Hard,0.5363,1.0727,2,0.0,0.0,0.0,0.0,0.0,0.0,0.0,0.0,0.0,0.0,1.0,0.0,0.0,False,Qwen/Qwen2.5-Coder-14B-Instruct-AWQ,None
2657,Bar,Hard,0.5363,1.0727,2,0.0,0.0,0.0,0.0,0.0,0.0,0.0,0.0,0.0,0.0,1.0,0.0,0.0,False,Qwen/Qwen2.5-Coder-14B-Instruct-AWQ,None
2693,Pie,Medium,0.3459,0.6918,2,0.0,0.0,0.0,0.0,1.0,0.0,0.0,0.0,0.0,1.0,0.0,,0.0,True,Qwen/Qwen2.5-Coder-14B-Instruct-AWQ,None
2693,Pie,Medium,0.3459,0.6918,2,0.0,0.0,0.0,0.0,1.0,0.0,0.0,0.0,0.0,1.0,0.0,,0.0,True,Qwen/Qwen2.5-Coder-14B-Instruct-AWQ,None
2693,Pie,Medium,0.3459,0.6918,2,0.0,0.0,0.0,0.0,1.0,0.0,0.0,0.0,0.0,1.0,0.0,,0.0,True,Qwen/Qwen2.5-Coder-14B-Instruct-AWQ,None
2694,Bar,Medium,3.7096,3.7096,1,0.0,0.0,0.0,0.0,0.0,0.0,0.0,0.0,0.0,0.0,1.0,0.0,0.0,True,Qwen/Qwen2.5-Coder-14B-Instruct-AWQ,None
2694,Bar,Medium,3.7096,3.7096,1,0.0,0.0,0.0,0.0,0.0,0.0,0.0,0.0,0.0,0.0,1.0,0.0,0.0,True,Qwen/Qwen2.5-Coder-14B-Instruct-AWQ,None
2694,Bar,Medium,3.7096,3.7096,1,0.0,0.0,0.0,0.0,0.0,0.0,0.0,0.0,0.0,0.0,1.0,0.0,0.0,True,Qwen/Qwen2.5-Coder-14B-Instruct-AWQ,None
2695,Pie,Easy,0.3623,1.0869,3,0.0,0.0,0.0,0.0,0.0,0.0,0.0,0.0,0.0,0.0,1.0,0.0,0.0,False,Qwen/Qwen2.5-Coder-14B-Instruct-AWQ,None
2695,Pie,Easy,0.3623,1.0869,3,0.0,0.0,0.0,0.0,0.0,0.0,0.0,0.0,0.0,0.0,1.0,0.0,0.0,False,Qwen/Qwen2.5-Coder-14B-Instruct-AWQ,None
2695,Pie,Easy,0.3623,1.0869,3,0.0,0.0,0.0,0.0,0.0,0.0,0.0,0.0,0.0,0.0,1.0,0.0,0.0,False,Qwen/Qwen2.5-Coder-14B-Instruct-AWQ,None
2703,Bar,Medium,0.4105,0.821,2,0.0,0.0,0.0,0.0,0.0,0.0,0.0,0.0,0.0,0.0,1.0,0.0,0.0,False,Qwen/Qwen2.5-Coder-14B-Instruct-AWQ,None
2703,Bar,Medium,0.4105,0.821,2,0.0,0.0,0.0,0.0,0.0,0.0,0.0,0.0,0.0,0.0,1.0,0.0,0.0,False,Qwen/Qwen2.5-Coder-14B-Instruct-AWQ,None
2703,Bar,Medium,0.4105,0.821,2,0.0,0.0,0.0,0.0,0.0,0.0,0.0,0.0,0.0,0.0,1.0,0.0,0.0,False,Qwen/Qwen2.5-Coder-14B-Instruct-AWQ,None
2705,Pie,Easy,2.2698,6.8095,3,0.0,0.0,0.0,0.0,0.6666666666666666,0.0,0.0,0.0,0.0,0.6666666666666666,0.3333333333333333,0.0,0.0,False,Qwen/Qwen2.5-Coder-14B-Instruct-AWQ,None
2705,Pie,Easy,2.2698,6.8095,3,0.0,0.0,0.0,0.0,0.6666666666666666,0.0,0.0,0.0,0.0,0.6666666666666666,0.3333333333333333,0.0,0.0,False,Qwen/Qwen2.5-Coder-14B-Instruct-AWQ,None
2705,Pie,Easy,2.2698,6.8095,3,0.0,0.0,0.0,0.0,0.6666666666666666,0.0,0.0,0.0,0.0,0.6666666666666666,0.3333333333333333,0.0,0.0,False,Qwen/Qwen2.5-Coder-14B-Instruct-AWQ,None
2708,Scatter,Medium,3.2817,6.5634,2,0.0,0.0,0.0,0.0,0.0,0.0,0.0,0.0,0.0,0.0,1.0,0.0,0.0,False,Qwen/Qwen2.5-Coder-14B-Instruct-AWQ,None
2708,Scatter,Medium,3.2817,6.5634,2,0.0,0.0,0.0,0.0,0.0,0.0,0.0,0.0,0.0,0.0,1.0,0.0,0.0,False,Qwen/Qwen2.5-Coder-14B-Instruct-AWQ,None
2708,Scatter,Medium,3.2817,6.5634,2,0.0,0.0,0.0,0.0,0.0,0.0,0.0,0.0,0.0,0.0,1.0,0.0,0.0,False,Qwen/Qwen2.5-Coder-14B-Instruct-AWQ,None
2709,Grouping Scatter,Medium,1.7176,5.1527,3,0.0,0.0,0.0,0.0,0.3333333333333333,0.0,0.0,0.0,0.0,0.3333333333333333,0.6666666666666666,0.0,0.0,False,Qwen/Qwen2.5-Coder-14B-Instruct-AWQ,None
2709,Grouping Scatter,Medium,1.7176,5.1527,3,0.0,0.0,0.0,0.0,0.3333333333333333,0.0,0.0,0.0,0.0,0.3333333333333333,0.6666666666666666,0.0,0.0,False,Qwen/Qwen2.5-Coder-14B-Instruct-AWQ,None
2709,Grouping Scatter,Medium,1.7176,5.1527,3,0.0,0.0,0.0,0.0,0.3333333333333333,0.0,0.0,0.0,0.0,0.3333333333333333,0.6666666666666666,0.0,0.0,False,Qwen/Qwen2.5-Coder-14B-Instruct-AWQ,None
2724,Bar,Easy,0.4072,0.8144,2,0.0,0.0,0.0,0.0,0.0,0.0,0.0,0.0,0.0,0.0,1.0,0.0,0.0,False,Qwen/Qwen2.5-Coder-14B-Instruct-AWQ,None
2724,Bar,Easy,0.4072,0.8144,2,0.0,0.0,0.0,0.0,0.0,0.0,0.0,0.0,0.0,0.0,1.0,0.0,0.0,False,Qwen/Qwen2.5-Coder-14B-Instruct-AWQ,None
2724,Bar,Easy,0.4072,0.8144,2,0.0,0.0,0.0,0.0,0.0,0.0,0.0,0.0,0.0,0.0,1.0,0.0,0.0,False,Qwen/Qwen2.5-Coder-14B-Instruct-AWQ,None
2734,Pie,Medium,0.6296,1.2593,2,0.0,0.0,0.0,0.0,0.0,0.0,0.0,0.0,0.0,0.0,1.0,0.0,0.0,False,Qwen/Qwen2.5-Coder-14B-Instruct-AWQ,None
2734,Pie,Medium,0.6296,1.2593,2,0.0,0.0,0.0,0.0,0.0,0.0,0.0,0.0,0.0,0.0,1.0,0.0,0.0,False,Qwen/Qwen2.5-Coder-14B-Instruct-AWQ,None
2734,Pie,Medium,0.6296,1.2593,2,0.0,0.0,0.0,0.0,0.0,0.0,0.0,0.0,0.0,0.0,1.0,0.0,0.0,False,Qwen/Qwen2.5-Coder-14B-Instruct-AWQ,None
2736,Pie,Medium,0.4858,1.9432,4,0.0,0.0,0.0,0.0,0.0,0.0,0.0,0.0,0.0,0.0,1.0,0.0,0.0,False,Qwen/Qwen2.5-Coder-14B-Instruct-AWQ,None
2736,Pie,Medium,0.4858,1.9432,4,0.0,0.0,0.0,0.0,0.0,0.0,0.0,0.0,0.0,0.0,1.0,0.0,0.0,False,Qwen/Qwen2.5-Coder-14B-Instruct-AWQ,None
2736,Pie,Medium,0.4858,1.9432,4,0.0,0.0,0.0,0.0,0.0,0.0,0.0,0.0,0.0,0.0,1.0,0.0,0.0,False,Qwen/Qwen2.5-Coder-14B-Instruct-AWQ,None
2743,Scatter,Easy,11.1991,11.1991,1,1.0,0.0,0.0,0.0,0.0,0.0,0.0,0.0,1.0,0.0,0.0,,0.0,False,Qwen/Qwen2.5-Coder-14B-Instruct-AWQ,None
2743,Scatter,Easy,11.1991,11.1991,1,1.0,0.0,0.0,0.0,0.0,0.0,0.0,0.0,1.0,0.0,0.0,,0.0,False,Qwen/Qwen2.5-Coder-14B-Instruct-AWQ,None
2743,Scatter,Easy,11.1991,11.1991,1,1.0,0.0,0.0,0.0,0.0,0.0,0.0,0.0,1.0,0.0,0.0,,0.0,False,Qwen/Qwen2.5-Coder-14B-Instruct-AWQ,None
2745,Grouping Scatter,Easy,3.2167,3.2167,1,0.0,0.0,0.0,0.0,0.0,0.0,0.0,0.0,0.0,0.0,1.0,0.0,0.0,False,Qwen/Qwen2.5-Coder-14B-Instruct-AWQ,None
2745,Grouping Scatter,Easy,3.2167,3.2167,1,0.0,0.0,0.0,0.0,0.0,0.0,0.0,0.0,0.0,0.0,1.0,0.0,0.0,False,Qwen/Qwen2.5-Coder-14B-Instruct-AWQ,None
2745,Grouping Scatter,Easy,3.2167,3.2167,1,0.0,0.0,0.0,0.0,0.0,0.0,0.0,0.0,0.0,0.0,1.0,0.0,0.0,False,Qwen/Qwen2.5-Coder-14B-Instruct-AWQ,None
2748,Pie,Medium,0.5011,1.0023,2,0.0,0.0,0.0,0.0,0.0,0.0,0.0,0.0,0.0,0.0,1.0,0.0,0.0,False,Qwen/Qwen2.5-Coder-14B-Instruct-AWQ,None
2748,Pie,Medium,0.5011,1.0023,2,0.0,0.0,0.0,0.0,0.0,0.0,0.0,0.0,0.0,0.0,1.0,0.0,0.0,False,Qwen/Qwen2.5-Coder-14B-Instruct-AWQ,None
2748,Pie,Medium,0.5011,1.0023,2,0.0,0.0,0.0,0.0,0.0,0.0,0.0,0.0,0.0,0.0,1.0,0.0,0.0,False,Qwen/Qwen2.5-Coder-14B-Instruct-AWQ,None
2749,Bar,Medium,0.5289,0.5289,1,0.0,0.0,0.0,0.0,0.0,0.0,0.0,0.0,0.0,0.0,1.0,0.0,0.0,False,Qwen/Qwen2.5-Coder-14B-Instruct-AWQ,None
2749,Bar,Medium,0.5289,0.5289,1,0.0,0.0,0.0,0.0,0.0,0.0,0.0,0.0,0.0,0.0,1.0,0.0,0.0,False,Qwen/Qwen2.5-Coder-14B-Instruct-AWQ,None
2749,Bar,Medium,0.5289,0.5289,1,0.0,0.0,0.0,0.0,0.0,0.0,0.0,0.0,0.0,0.0,1.0,0.0,0.0,False,Qwen/Qwen2.5-Coder-14B-Instruct-AWQ,None
2750,Stacked Bar,Hard,0.5253,1.0506,2,0.0,0.0,0.0,0.0,0.0,0.0,0.0,0.0,0.0,0.0,1.0,0.0,0.0,False,Qwen/Qwen2.5-Coder-14B-Instruct-AWQ,None
2750,Stacked Bar,Hard,0.5253,1.0506,2,0.0,0.0,0.0,0.0,0.0,0.0,0.0,0.0,0.0,0.0,1.0,0.0,0.0,False,Qwen/Qwen2.5-Coder-14B-Instruct-AWQ,None
2750,Stacked Bar,Hard,0.5253,1.0506,2,0.0,0.0,0.0,0.0,0.0,0.0,0.0,0.0,0.0,0.0,1.0,0.0,0.0,False,Qwen/Qwen2.5-Coder-14B-Instruct-AWQ,None
2752,Pie,Easy,0.3377,1.013,3,0.0,0.0,0.0,0.0,0.6666666666666666,0.0,0.0,0.0,0.0,0.6666666666666666,0.3333333333333333,0.0,0.0,False,Qwen/Qwen2.5-Coder-14B-Instruct-AWQ,None
2752,Pie,Easy,0.3377,1.013,3,0.0,0.0,0.0,0.0,0.6666666666666666,0.0,0.0,0.0,0.0,0.6666666666666666,0.3333333333333333,0.0,0.0,False,Qwen/Qwen2.5-Coder-14B-Instruct-AWQ,None
2752,Pie,Easy,0.3377,1.013,3,0.0,0.0,0.0,0.0,0.6666666666666666,0.0,0.0,0.0,0.0,0.6666666666666666,0.3333333333333333,0.0,0.0,False,Qwen/Qwen2.5-Coder-14B-Instruct-AWQ,None
2757,Pie,Easy,0.3206,0.6412,2,0.0,0.0,0.0,0.0,0.0,0.0,0.0,0.0,0.0,0.0,1.0,0.0,0.0,False,Qwen/Qwen2.5-Coder-14B-Instruct-AWQ,None
2757,Pie,Easy,0.3206,0.6412,2,0.0,0.0,0.0,0.0,0.0,0.0,0.0,0.0,0.0,0.0,1.0,0.0,0.0,False,Qwen/Qwen2.5-Coder-14B-Instruct-AWQ,None
2757,Pie,Easy,0.3206,0.6412,2,0.0,0.0,0.0,0.0,0.0,0.0,0.0,0.0,0.0,0.0,1.0,0.0,0.0,False,Qwen/Qwen2.5-Coder-14B-Instruct-AWQ,None
2759,Pie,Easy,0.3433,1.0299,3,0.0,0.0,0.0,0.0,1.0,0.0,0.0,0.0,0.0,1.0,0.0,,0.0,False,Qwen/Qwen2.5-Coder-14B-Instruct-AWQ,None
2759,Pie,Easy,0.3433,1.0299,3,0.0,0.0,0.0,0.0,1.0,0.0,0.0,0.0,0.0,1.0,0.0,,0.0,False,Qwen/Qwen2.5-Coder-14B-Instruct-AWQ,None
2759,Pie,Easy,0.3433,1.0299,3,0.0,0.0,0.0,0.0,1.0,0.0,0.0,0.0,0.0,1.0,0.0,,0.0,False,Qwen/Qwen2.5-Coder-14B-Instruct-AWQ,None
2764,Pie,Easy,0.3553,1.066,3,0.0,0.0,0.0,0.0,0.0,0.0,0.0,0.0,0.0,0.0,1.0,0.0,0.0,False,Qwen/Qwen2.5-Coder-14B-Instruct-AWQ,None
2764,Pie,Easy,0.3553,1.066,3,0.0,0.0,0.0,0.0,0.0,0.0,0.0,0.0,0.0,0.0,1.0,0.0,0.0,False,Qwen/Qwen2.5-Coder-14B-Instruct-AWQ,None
2764,Pie,Easy,0.3553,1.066,3,0.0,0.0,0.0,0.0,0.0,0.0,0.0,0.0,0.0,0.0,1.0,0.0,0.0,False,Qwen/Qwen2.5-Coder-14B-Instruct-AWQ,None
2767,Pie,Easy,0.3526,0.3526,1,0.0,0.0,0.0,0.0,0.0,0.0,0.0,0.0,0.0,0.0,1.0,0.0,0.0,False,Qwen/Qwen2.5-Coder-14B-Instruct-AWQ,None
2767,Pie,Easy,0.3526,0.3526,1,0.0,0.0,0.0,0.0,0.0,0.0,0.0,0.0,0.0,0.0,1.0,0.0,0.0,False,Qwen/Qwen2.5-Coder-14B-Instruct-AWQ,None
2767,Pie,Easy,0.3526,0.3526,1,0.0,0.0,0.0,0.0,0.0,0.0,0.0,0.0,0.0,0.0,1.0,0.0,0.0,False,Qwen/Qwen2.5-Coder-14B-Instruct-AWQ,None
2775,Pie,Easy,0.4292,1.2877,3,0.0,0.0,0.0,0.0,0.0,0.0,0.0,0.0,0.0,0.0,1.0,0.0,0.0,False,Qwen/Qwen2.5-Coder-14B-Instruct-AWQ,None
2775,Pie,Easy,0.4292,1.2877,3,0.0,0.0,0.0,0.0,0.0,0.0,0.0,0.0,0.0,0.0,1.0,0.0,0.0,False,Qwen/Qwen2.5-Coder-14B-Instruct-AWQ,None
2775,Pie,Easy,0.4292,1.2877,3,0.0,0.0,0.0,0.0,0.0,0.0,0.0,0.0,0.0,0.0,1.0,0.0,0.0,False,Qwen/Qwen2.5-Coder-14B-Instruct-AWQ,None
2780,Bar,Extra Hard,2.956,2.956,1,0.0,0.0,0.0,0.0,1.0,0.0,0.0,0.0,0.0,1.0,0.0,,0.0,True,Qwen/Qwen2.5-Coder-14B-Instruct-AWQ,None
2780,Bar,Extra Hard,2.956,2.956,1,0.0,0.0,0.0,0.0,1.0,0.0,0.0,0.0,0.0,1.0,0.0,,0.0,True,Qwen/Qwen2.5-Coder-14B-Instruct-AWQ,None
2780,Bar,Extra Hard,2.956,2.956,1,0.0,0.0,0.0,0.0,1.0,0.0,0.0,0.0,0.0,1.0,0.0,,0.0,True,Qwen/Qwen2.5-Coder-14B-Instruct-AWQ,None
2781,Grouping Line,Extra Hard,21.6611,21.6611,1,1.0,0.0,0.0,0.0,0.0,0.0,0.0,0.0,1.0,0.0,0.0,,0.0,True,Qwen/Qwen2.5-Coder-14B-Instruct-AWQ,None
2781,Grouping Line,Extra Hard,21.6611,21.6611,1,1.0,0.0,0.0,0.0,0.0,0.0,0.0,0.0,1.0,0.0,0.0,,0.0,True,Qwen/Qwen2.5-Coder-14B-Instruct-AWQ,None
2781,Grouping Line,Extra Hard,21.6611,21.6611,1,1.0,0.0,0.0,0.0,0.0,0.0,0.0,0.0,1.0,0.0,0.0,,0.0,True,Qwen/Qwen2.5-Coder-14B-Instruct-AWQ,None
2782,Line,Extra Hard,2.7771,2.7771,1,0.0,0.0,0.0,0.0,1.0,0.0,0.0,0.0,0.0,1.0,0.0,,0.0,True,Qwen/Qwen2.5-Coder-14B-Instruct-AWQ,None
2782,Line,Extra Hard,2.7771,2.7771,1,0.0,0.0,0.0,0.0,1.0,0.0,0.0,0.0,0.0,1.0,0.0,,0.0,True,Qwen/Qwen2.5-Coder-14B-Instruct-AWQ,None
2782,Line,Extra Hard,2.7771,2.7771,1,0.0,0.0,0.0,0.0,1.0,0.0,0.0,0.0,0.0,1.0,0.0,,0.0,True,Qwen/Qwen2.5-Coder-14B-Instruct-AWQ,None
2785,Pie,Hard,2.1471,6.4414,3,0.0,0.0,0.0,0.0,0.3333333333333333,0.0,0.0,0.0,0.0,0.3333333333333333,0.6666666666666666,0.0,0.0,True,Qwen/Qwen2.5-Coder-14B-Instruct-AWQ,None
2785,Pie,Hard,2.1471,6.4414,3,0.0,0.0,0.0,0.0,0.3333333333333333,0.0,0.0,0.0,0.0,0.3333333333333333,0.6666666666666666,0.0,0.0,True,Qwen/Qwen2.5-Coder-14B-Instruct-AWQ,None
2785,Pie,Hard,2.1471,6.4414,3,0.0,0.0,0.0,0.0,0.3333333333333333,0.0,0.0,0.0,0.0,0.3333333333333333,0.6666666666666666,0.0,0.0,True,Qwen/Qwen2.5-Coder-14B-Instruct-AWQ,None
2787,Pie,Easy,6.1279,12.2558,2,0.0,0.0,0.0,0.0,0.5,0.0,0.0,0.0,0.0,0.5,0.5,0.0,0.0,True,Qwen/Qwen2.5-Coder-14B-Instruct-AWQ,None
2787,Pie,Easy,6.1279,12.2558,2,0.0,0.0,0.0,0.0,0.5,0.0,0.0,0.0,0.0,0.5,0.5,0.0,0.0,True,Qwen/Qwen2.5-Coder-14B-Instruct-AWQ,None
2787,Pie,Easy,6.1279,12.2558,2,0.0,0.0,0.0,0.0,0.5,0.0,0.0,0.0,0.0,0.5,0.5,0.0,0.0,True,Qwen/Qwen2.5-Coder-14B-Instruct-AWQ,None
2795,Pie,Medium,0.9191,2.7574,3,0.0,0.0,0.0,0.0,0.6666666666666666,0.0,0.0,0.0,0.0,0.6666666666666666,0.3333333333333333,0.0,0.0,True,Qwen/Qwen2.5-Coder-14B-Instruct-AWQ,None
2795,Pie,Medium,0.9191,2.7574,3,0.0,0.0,0.0,0.0,0.6666666666666666,0.0,0.0,0.0,0.0,0.6666666666666666,0.3333333333333333,0.0,0.0,True,Qwen/Qwen2.5-Coder-14B-Instruct-AWQ,None
2795,Pie,Medium,0.9191,2.7574,3,0.0,0.0,0.0,0.0,0.6666666666666666,0.0,0.0,0.0,0.0,0.6666666666666666,0.3333333333333333,0.0,0.0,True,Qwen/Qwen2.5-Coder-14B-Instruct-AWQ,None
2799,Pie,Easy,0.3639,0.7278,2,0.0,0.0,0.0,0.0,0.0,0.0,0.0,0.0,0.0,0.0,1.0,0.0,0.0,False,Qwen/Qwen2.5-Coder-14B-Instruct-AWQ,None
2799,Pie,Easy,0.3639,0.7278,2,0.0,0.0,0.0,0.0,0.0,0.0,0.0,0.0,0.0,0.0,1.0,0.0,0.0,False,Qwen/Qwen2.5-Coder-14B-Instruct-AWQ,None
2799,Pie,Easy,0.3639,0.7278,2,0.0,0.0,0.0,0.0,0.0,0.0,0.0,0.0,0.0,0.0,1.0,0.0,0.0,False,Qwen/Qwen2.5-Coder-14B-Instruct-AWQ,None
2802,Bar,Medium,0.554,2.2159,4,0.0,0.0,0.0,0.0,0.0,0.0,0.0,0.0,0.0,0.0,1.0,0.0,0.0,False,Qwen/Qwen2.5-Coder-14B-Instruct-AWQ,None
2802,Bar,Medium,0.554,2.2159,4,0.0,0.0,0.0,0.0,0.0,0.0,0.0,0.0,0.0,0.0,1.0,0.0,0.0,False,Qwen/Qwen2.5-Coder-14B-Instruct-AWQ,None
2802,Bar,Medium,0.554,2.2159,4,0.0,0.0,0.0,0.0,0.0,0.0,0.0,0.0,0.0,0.0,1.0,0.0,0.0,False,Qwen/Qwen2.5-Coder-14B-Instruct-AWQ,None
2804,Pie,Medium,0.6478,1.2956,2,0.0,0.0,0.0,0.0,1.0,0.0,0.0,0.0,0.0,1.0,0.0,,0.0,False,Qwen/Qwen2.5-Coder-14B-Instruct-AWQ,None
2804,Pie,Medium,0.6478,1.2956,2,0.0,0.0,0.0,0.0,1.0,0.0,0.0,0.0,0.0,1.0,0.0,,0.0,False,Qwen/Qwen2.5-Coder-14B-Instruct-AWQ,None
2804,Pie,Medium,0.6478,1.2956,2,0.0,0.0,0.0,0.0,1.0,0.0,0.0,0.0,0.0,1.0,0.0,,0.0,False,Qwen/Qwen2.5-Coder-14B-Instruct-AWQ,None
2806,Pie,Easy,0.4121,0.8242,2,0.0,0.0,0.0,0.0,0.0,0.0,0.0,0.0,0.0,0.0,1.0,0.0,0.0,False,Qwen/Qwen2.5-Coder-14B-Instruct-AWQ,None
2806,Pie,Easy,0.4121,0.8242,2,0.0,0.0,0.0,0.0,0.0,0.0,0.0,0.0,0.0,0.0,1.0,0.0,0.0,False,Qwen/Qwen2.5-Coder-14B-Instruct-AWQ,None
2806,Pie,Easy,0.4121,0.8242,2,0.0,0.0,0.0,0.0,0.0,0.0,0.0,0.0,0.0,0.0,1.0,0.0,0.0,False,Qwen/Qwen2.5-Coder-14B-Instruct-AWQ,None
2807,Bar,Easy,0.4177,1.2532,3,0.0,0.0,0.0,0.0,0.0,0.0,0.0,0.0,0.0,0.0,1.0,0.0,0.0,False,Qwen/Qwen2.5-Coder-14B-Instruct-AWQ,None
2807,Bar,Easy,0.4177,1.2532,3,0.0,0.0,0.0,0.0,0.0,0.0,0.0,0.0,0.0,0.0,1.0,0.0,0.0,False,Qwen/Qwen2.5-Coder-14B-Instruct-AWQ,None
2807,Bar,Easy,0.4177,1.2532,3,0.0,0.0,0.0,0.0,0.0,0.0,0.0,0.0,0.0,0.0,1.0,0.0,0.0,False,Qwen/Qwen2.5-Coder-14B-Instruct-AWQ,None
2808,Bar,Hard,0.8756,1.7513,2,0.0,0.0,0.0,0.0,0.5,0.0,0.0,0.0,0.0,0.5,0.5,0.0,0.0,True,Qwen/Qwen2.5-Coder-14B-Instruct-AWQ,None
2808,Bar,Hard,0.8756,1.7513,2,0.0,0.0,0.0,0.0,0.5,0.0,0.0,0.0,0.0,0.5,0.5,0.0,0.0,True,Qwen/Qwen2.5-Coder-14B-Instruct-AWQ,None
2808,Bar,Hard,0.8756,1.7513,2,0.0,0.0,0.0,0.0,0.5,0.0,0.0,0.0,0.0,0.5,0.5,0.0,0.0,True,Qwen/Qwen2.5-Coder-14B-Instruct-AWQ,None
2809,Pie,Easy,0.3977,0.3977,1,0.0,0.0,0.0,0.0,0.0,0.0,0.0,0.0,0.0,0.0,1.0,0.0,0.0,False,Qwen/Qwen2.5-Coder-14B-Instruct-AWQ,None
2809,Pie,Easy,0.3977,0.3977,1,0.0,0.0,0.0,0.0,0.0,0.0,0.0,0.0,0.0,0.0,1.0,0.0,0.0,False,Qwen/Qwen2.5-Coder-14B-Instruct-AWQ,None
2809,Pie,Easy,0.3977,0.3977,1,0.0,0.0,0.0,0.0,0.0,0.0,0.0,0.0,0.0,0.0,1.0,0.0,0.0,False,Qwen/Qwen2.5-Coder-14B-Instruct-AWQ,None
2810,Bar,Easy,0.4419,0.8838,2,0.0,0.0,0.0,0.0,0.0,0.0,0.0,0.0,0.0,0.0,1.0,0.0,0.0,False,Qwen/Qwen2.5-Coder-14B-Instruct-AWQ,None
2810,Bar,Easy,0.4419,0.8838,2,0.0,0.0,0.0,0.0,0.0,0.0,0.0,0.0,0.0,0.0,1.0,0.0,0.0,False,Qwen/Qwen2.5-Coder-14B-Instruct-AWQ,None
2810,Bar,Easy,0.4419,0.8838,2,0.0,0.0,0.0,0.0,0.0,0.0,0.0,0.0,0.0,0.0,1.0,0.0,0.0,False,Qwen/Qwen2.5-Coder-14B-Instruct-AWQ,None
2817,Pie,Medium,0.4674,0.4674,1,0.0,0.0,0.0,0.0,0.0,0.0,0.0,0.0,0.0,0.0,1.0,0.0,0.0,False,Qwen/Qwen2.5-Coder-14B-Instruct-AWQ,None
2817,Pie,Medium,0.4674,0.4674,1,0.0,0.0,0.0,0.0,0.0,0.0,0.0,0.0,0.0,0.0,1.0,0.0,0.0,False,Qwen/Qwen2.5-Coder-14B-Instruct-AWQ,None
2817,Pie,Medium,0.4674,0.4674,1,0.0,0.0,0.0,0.0,0.0,0.0,0.0,0.0,0.0,0.0,1.0,0.0,0.0,False,Qwen/Qwen2.5-Coder-14B-Instruct-AWQ,None
2818,Bar,Medium,1.8163,3.6327,2,0.0,0.0,0.0,0.0,0.0,0.0,0.0,0.0,0.0,0.0,1.0,0.0,0.0,False,Qwen/Qwen2.5-Coder-14B-Instruct-AWQ,None
2818,Bar,Medium,1.8163,3.6327,2,0.0,0.0,0.0,0.0,0.0,0.0,0.0,0.0,0.0,0.0,1.0,0.0,0.0,False,Qwen/Qwen2.5-Coder-14B-Instruct-AWQ,None
2818,Bar,Medium,1.8163,3.6327,2,0.0,0.0,0.0,0.0,0.0,0.0,0.0,0.0,0.0,0.0,1.0,0.0,0.0,False,Qwen/Qwen2.5-Coder-14B-Instruct-AWQ,None
2820,Bar,Easy,0.3941,2.3647,6,0.0,0.0,0.0,0.0,0.0,0.0,0.0,0.0,0.0,0.0,1.0,0.0,0.0,False,Qwen/Qwen2.5-Coder-14B-Instruct-AWQ,None
2820,Bar,Easy,0.3941,2.3647,6,0.0,0.0,0.0,0.0,0.0,0.0,0.0,0.0,0.0,0.0,1.0,0.0,0.0,False,Qwen/Qwen2.5-Coder-14B-Instruct-AWQ,None
2820,Bar,Easy,0.3941,2.3647,6,0.0,0.0,0.0,0.0,0.0,0.0,0.0,0.0,0.0,0.0,1.0,0.0,0.0,False,Qwen/Qwen2.5-Coder-14B-Instruct-AWQ,None
2822,Pie,Medium,0.7159,0.7159,1,0.0,0.0,0.0,0.0,1.0,0.0,0.0,0.0,0.0,1.0,0.0,,0.0,True,Qwen/Qwen2.5-Coder-14B-Instruct-AWQ,None
2822,Pie,Medium,0.7159,0.7159,1,0.0,0.0,0.0,0.0,1.0,0.0,0.0,0.0,0.0,1.0,0.0,,0.0,True,Qwen/Qwen2.5-Coder-14B-Instruct-AWQ,None
2822,Pie,Medium,0.7159,0.7159,1,0.0,0.0,0.0,0.0,1.0,0.0,0.0,0.0,0.0,1.0,0.0,,0.0,True,Qwen/Qwen2.5-Coder-14B-Instruct-AWQ,None
2830,Bar,Easy,0.5027,0.5027,1,0.0,0.0,0.0,0.0,0.0,0.0,0.0,0.0,0.0,0.0,1.0,0.0,0.0,False,Qwen/Qwen2.5-Coder-14B-Instruct-AWQ,None
2830,Bar,Easy,0.5027,0.5027,1,0.0,0.0,0.0,0.0,0.0,0.0,0.0,0.0,0.0,0.0,1.0,0.0,0.0,False,Qwen/Qwen2.5-Coder-14B-Instruct-AWQ,None
2830,Bar,Easy,0.5027,0.5027,1,0.0,0.0,0.0,0.0,0.0,0.0,0.0,0.0,0.0,0.0,1.0,0.0,0.0,False,Qwen/Qwen2.5-Coder-14B-Instruct-AWQ,None
2847,Pie,Extra Hard,0.8414,3.3657,4,0.0,0.0,0.0,0.0,0.0,0.0,0.0,0.0,0.0,0.0,1.0,0.0,0.0,True,Qwen/Qwen2.5-Coder-14B-Instruct-AWQ,None
2847,Pie,Extra Hard,0.8414,3.3657,4,0.0,0.0,0.0,0.0,0.0,0.0,0.0,0.0,0.0,0.0,1.0,0.0,0.0,True,Qwen/Qwen2.5-Coder-14B-Instruct-AWQ,None
2847,Pie,Extra Hard,0.8414,3.3657,4,0.0,0.0,0.0,0.0,0.0,0.0,0.0,0.0,0.0,0.0,1.0,0.0,0.0,True,Qwen/Qwen2.5-Coder-14B-Instruct-AWQ,None
2848,Bar,Extra Hard,0.906,4.5299,5,0.0,0.0,0.0,0.0,0.0,0.0,0.0,0.0,0.0,0.0,1.0,0.0,0.0,True,Qwen/Qwen2.5-Coder-14B-Instruct-AWQ,None
2848,Bar,Extra Hard,0.906,4.5299,5,0.0,0.0,0.0,0.0,0.0,0.0,0.0,0.0,0.0,0.0,1.0,0.0,0.0,True,Qwen/Qwen2.5-Coder-14B-Instruct-AWQ,None
2848,Bar,Extra Hard,0.906,4.5299,5,0.0,0.0,0.0,0.0,0.0,0.0,0.0,0.0,0.0,0.0,1.0,0.0,0.0,True,Qwen/Qwen2.5-Coder-14B-Instruct-AWQ,None
2850,Bar,Hard,0.5738,1.1475,2,0.0,0.0,0.0,0.0,0.0,0.0,0.0,0.0,0.0,0.0,1.0,0.0,0.0,False,Qwen/Qwen2.5-Coder-14B-Instruct-AWQ,None
2850,Bar,Hard,0.5738,1.1475,2,0.0,0.0,0.0,0.0,0.0,0.0,0.0,0.0,0.0,0.0,1.0,0.0,0.0,False,Qwen/Qwen2.5-Coder-14B-Instruct-AWQ,None
2850,Bar,Hard,0.5738,1.1475,2,0.0,0.0,0.0,0.0,0.0,0.0,0.0,0.0,0.0,0.0,1.0,0.0,0.0,False,Qwen/Qwen2.5-Coder-14B-Instruct-AWQ,None
2851,Bar,Hard,0.606,0.606,1,0.0,0.0,0.0,0.0,0.0,0.0,0.0,0.0,0.0,0.0,1.0,0.0,0.0,False,Qwen/Qwen2.5-Coder-14B-Instruct-AWQ,None
2851,Bar,Hard,0.606,0.606,1,0.0,0.0,0.0,0.0,0.0,0.0,0.0,0.0,0.0,0.0,1.0,0.0,0.0,False,Qwen/Qwen2.5-Coder-14B-Instruct-AWQ,None
2851,Bar,Hard,0.606,0.606,1,0.0,0.0,0.0,0.0,0.0,0.0,0.0,0.0,0.0,0.0,1.0,0.0,0.0,False,Qwen/Qwen2.5-Coder-14B-Instruct-AWQ,None
2852,Bar,Extra Hard,1.0363,1.0363,1,0.0,0.0,0.0,0.0,1.0,0.0,0.0,0.0,0.0,1.0,0.0,,0.0,True,Qwen/Qwen2.5-Coder-14B-Instruct-AWQ,None
2852,Bar,Extra Hard,1.0363,1.0363,1,0.0,0.0,0.0,0.0,1.0,0.0,0.0,0.0,0.0,1.0,0.0,,0.0,True,Qwen/Qwen2.5-Coder-14B-Instruct-AWQ,None
2852,Bar,Extra Hard,1.0363,1.0363,1,0.0,0.0,0.0,0.0,1.0,0.0,0.0,0.0,0.0,1.0,0.0,,0.0,True,Qwen/Qwen2.5-Coder-14B-Instruct-AWQ,None
2857,Bar,Hard,1.5007,4.5021,3,0.0,0.0,0.0,0.0,0.0,0.0,0.0,0.0,0.0,0.0,1.0,0.0,0.0,False,Qwen/Qwen2.5-Coder-14B-Instruct-AWQ,None
2857,Bar,Hard,1.5007,4.5021,3,0.0,0.0,0.0,0.0,0.0,0.0,0.0,0.0,0.0,0.0,1.0,0.0,0.0,False,Qwen/Qwen2.5-Coder-14B-Instruct-AWQ,None
2857,Bar,Hard,1.5007,4.5021,3,0.0,0.0,0.0,0.0,0.0,0.0,0.0,0.0,0.0,0.0,1.0,0.0,0.0,False,Qwen/Qwen2.5-Coder-14B-Instruct-AWQ,None
2858,Pie,Medium,3.9865,11.9596,3,0.0,0.0,0.0,0.0,0.0,0.0,0.0,0.0,0.0,0.0,1.0,0.0,0.0,True,Qwen/Qwen2.5-Coder-14B-Instruct-AWQ,None
2858,Pie,Medium,3.9865,11.9596,3,0.0,0.0,0.0,0.0,0.0,0.0,0.0,0.0,0.0,0.0,1.0,0.0,0.0,True,Qwen/Qwen2.5-Coder-14B-Instruct-AWQ,None
2858,Pie,Medium,3.9865,11.9596,3,0.0,0.0,0.0,0.0,0.0,0.0,0.0,0.0,0.0,0.0,1.0,0.0,0.0,True,Qwen/Qwen2.5-Coder-14B-Instruct-AWQ,None
2861,Pie,Easy,0.3187,0.3187,1,0.0,0.0,0.0,0.0,0.0,0.0,0.0,0.0,0.0,0.0,1.0,0.0,0.0,False,Qwen/Qwen2.5-Coder-14B-Instruct-AWQ,None
2861,Pie,Easy,0.3187,0.3187,1,0.0,0.0,0.0,0.0,0.0,0.0,0.0,0.0,0.0,0.0,1.0,0.0,0.0,False,Qwen/Qwen2.5-Coder-14B-Instruct-AWQ,None
2861,Pie,Easy,0.3187,0.3187,1,0.0,0.0,0.0,0.0,0.0,0.0,0.0,0.0,0.0,0.0,1.0,0.0,0.0,False,Qwen/Qwen2.5-Coder-14B-Instruct-AWQ,None
2864,Pie,Medium,0.5867,2.9336,5,0.0,0.0,0.0,0.0,0.0,0.0,0.0,0.0,0.0,0.0,1.0,0.0,0.0,True,Qwen/Qwen2.5-Coder-14B-Instruct-AWQ,None
2864,Pie,Medium,0.5867,2.9336,5,0.0,0.0,0.0,0.0,0.0,0.0,0.0,0.0,0.0,0.0,1.0,0.0,0.0,True,Qwen/Qwen2.5-Coder-14B-Instruct-AWQ,None
2864,Pie,Medium,0.5867,2.9336,5,0.0,0.0,0.0,0.0,0.0,0.0,0.0,0.0,0.0,0.0,1.0,0.0,0.0,True,Qwen/Qwen2.5-Coder-14B-Instruct-AWQ,None
2866,Pie,Medium,3.9855,15.9422,4,0.25,0.0,0.0,0.0,0.0,0.0,0.0,0.0,0.25,0.0,0.75,0.0,0.0,True,Qwen/Qwen2.5-Coder-14B-Instruct-AWQ,None
2866,Pie,Medium,3.9855,15.9422,4,0.25,0.0,0.0,0.0,0.0,0.0,0.0,0.0,0.25,0.0,0.75,0.0,0.0,True,Qwen/Qwen2.5-Coder-14B-Instruct-AWQ,None
2866,Pie,Medium,3.9855,15.9422,4,0.25,0.0,0.0,0.0,0.0,0.0,0.0,0.0,0.25,0.0,0.75,0.0,0.0,True,Qwen/Qwen2.5-Coder-14B-Instruct-AWQ,None
2874,Scatter,Easy,0.4029,0.4029,1,0.0,0.0,0.0,0.0,0.0,0.0,0.0,0.0,0.0,0.0,1.0,0.0,0.0,False,Qwen/Qwen2.5-Coder-14B-Instruct-AWQ,None
2874,Scatter,Easy,0.4029,0.4029,1,0.0,0.0,0.0,0.0,0.0,0.0,0.0,0.0,0.0,0.0,1.0,0.0,0.0,False,Qwen/Qwen2.5-Coder-14B-Instruct-AWQ,None
2874,Scatter,Easy,0.4029,0.4029,1,0.0,0.0,0.0,0.0,0.0,0.0,0.0,0.0,0.0,0.0,1.0,0.0,0.0,False,Qwen/Qwen2.5-Coder-14B-Instruct-AWQ,None
2881,Pie,Easy,0.4107,0.8213,2,0.0,0.0,0.0,0.0,0.0,0.0,0.0,0.0,0.0,0.0,1.0,0.0,0.0,False,Qwen/Qwen2.5-Coder-14B-Instruct-AWQ,None
2881,Pie,Easy,0.4107,0.8213,2,0.0,0.0,0.0,0.0,0.0,0.0,0.0,0.0,0.0,0.0,1.0,0.0,0.0,False,Qwen/Qwen2.5-Coder-14B-Instruct-AWQ,None
2881,Pie,Easy,0.4107,0.8213,2,0.0,0.0,0.0,0.0,0.0,0.0,0.0,0.0,0.0,0.0,1.0,0.0,0.0,False,Qwen/Qwen2.5-Coder-14B-Instruct-AWQ,None
2885,Pie,Medium,7.8093,15.6185,2,0.5,0.0,0.0,0.0,0.0,0.0,0.0,0.0,0.5,0.0,0.5,0.0,0.0,True,Qwen/Qwen2.5-Coder-14B-Instruct-AWQ,None
2885,Pie,Medium,7.8093,15.6185,2,0.5,0.0,0.0,0.0,0.0,0.0,0.0,0.0,0.5,0.0,0.5,0.0,0.0,True,Qwen/Qwen2.5-Coder-14B-Instruct-AWQ,None
2885,Pie,Medium,7.8093,15.6185,2,0.5,0.0,0.0,0.0,0.0,0.0,0.0,0.0,0.5,0.0,0.5,0.0,0.0,True,Qwen/Qwen2.5-Coder-14B-Instruct-AWQ,None
2900,Bar,Medium,0.6817,0.6817,1,0.0,0.0,0.0,0.0,1.0,0.0,0.0,0.0,0.0,1.0,0.0,,0.0,False,Qwen/Qwen2.5-Coder-14B-Instruct-AWQ,None
2900,Bar,Medium,0.6817,0.6817,1,0.0,0.0,0.0,0.0,1.0,0.0,0.0,0.0,0.0,1.0,0.0,,0.0,False,Qwen/Qwen2.5-Coder-14B-Instruct-AWQ,None
2900,Bar,Medium,0.6817,0.6817,1,0.0,0.0,0.0,0.0,1.0,0.0,0.0,0.0,0.0,1.0,0.0,,0.0,False,Qwen/Qwen2.5-Coder-14B-Instruct-AWQ,None
2903,Bar,Hard,0.8071,1.6143,2,0.0,0.0,0.0,0.0,0.0,0.0,0.0,0.0,0.0,0.0,1.0,0.0,0.0,True,Qwen/Qwen2.5-Coder-14B-Instruct-AWQ,None
2903,Bar,Hard,0.8071,1.6143,2,0.0,0.0,0.0,0.0,0.0,0.0,0.0,0.0,0.0,0.0,1.0,0.0,0.0,True,Qwen/Qwen2.5-Coder-14B-Instruct-AWQ,None
2903,Bar,Hard,0.8071,1.6143,2,0.0,0.0,0.0,0.0,0.0,0.0,0.0,0.0,0.0,0.0,1.0,0.0,0.0,True,Qwen/Qwen2.5-Coder-14B-Instruct-AWQ,None
2928,Bar,Easy,0.4615,2.3077,5,0.0,0.0,0.0,0.0,0.0,0.0,0.0,0.0,0.0,0.0,1.0,0.0,0.0,False,Qwen/Qwen2.5-Coder-14B-Instruct-AWQ,None
2928,Bar,Easy,0.4615,2.3077,5,0.0,0.0,0.0,0.0,0.0,0.0,0.0,0.0,0.0,0.0,1.0,0.0,0.0,False,Qwen/Qwen2.5-Coder-14B-Instruct-AWQ,None
2928,Bar,Easy,0.4615,2.3077,5,0.0,0.0,0.0,0.0,0.0,0.0,0.0,0.0,0.0,0.0,1.0,0.0,0.0,False,Qwen/Qwen2.5-Coder-14B-Instruct-AWQ,None
2930,Pie,Hard,1.1074,2.2147,2,0.0,0.0,0.0,0.0,1.0,0.0,0.0,0.0,0.0,1.0,0.0,,0.0,True,Qwen/Qwen2.5-Coder-14B-Instruct-AWQ,None
2930,Pie,Hard,1.1074,2.2147,2,0.0,0.0,0.0,0.0,1.0,0.0,0.0,0.0,0.0,1.0,0.0,,0.0,True,Qwen/Qwen2.5-Coder-14B-Instruct-AWQ,None
2930,Pie,Hard,1.1074,2.2147,2,0.0,0.0,0.0,0.0,1.0,0.0,0.0,0.0,0.0,1.0,0.0,,0.0,True,Qwen/Qwen2.5-Coder-14B-Instruct-AWQ,None
2932,Pie,Medium,6.0519,12.1039,2,0.5,0.0,0.0,0.0,0.5,0.0,0.0,0.0,0.5,0.5,0.0,,0.0,True,Qwen/Qwen2.5-Coder-14B-Instruct-AWQ,None
2932,Pie,Medium,6.0519,12.1039,2,0.5,0.0,0.0,0.0,0.5,0.0,0.0,0.0,0.5,0.5,0.0,,0.0,True,Qwen/Qwen2.5-Coder-14B-Instruct-AWQ,None
2932,Pie,Medium,6.0519,12.1039,2,0.5,0.0,0.0,0.0,0.5,0.0,0.0,0.0,0.5,0.5,0.0,,0.0,True,Qwen/Qwen2.5-Coder-14B-Instruct-AWQ,None
2934,Pie,Medium,0.6125,0.6125,1,0.0,0.0,0.0,0.0,0.0,0.0,0.0,0.0,0.0,0.0,1.0,0.0,0.0,True,Qwen/Qwen2.5-Coder-14B-Instruct-AWQ,None
2934,Pie,Medium,0.6125,0.6125,1,0.0,0.0,0.0,0.0,0.0,0.0,0.0,0.0,0.0,0.0,1.0,0.0,0.0,True,Qwen/Qwen2.5-Coder-14B-Instruct-AWQ,None
2934,Pie,Medium,0.6125,0.6125,1,0.0,0.0,0.0,0.0,0.0,0.0,0.0,0.0,0.0,0.0,1.0,0.0,0.0,True,Qwen/Qwen2.5-Coder-14B-Instruct-AWQ,None
2941,Bar,Easy,0.3826,0.3826,1,0.0,0.0,0.0,0.0,0.0,0.0,0.0,0.0,0.0,0.0,1.0,0.0,0.0,False,Qwen/Qwen2.5-Coder-14B-Instruct-AWQ,None
2941,Bar,Easy,0.3826,0.3826,1,0.0,0.0,0.0,0.0,0.0,0.0,0.0,0.0,0.0,0.0,1.0,0.0,0.0,False,Qwen/Qwen2.5-Coder-14B-Instruct-AWQ,None
2941,Bar,Easy,0.3826,0.3826,1,0.0,0.0,0.0,0.0,0.0,0.0,0.0,0.0,0.0,0.0,1.0,0.0,0.0,False,Qwen/Qwen2.5-Coder-14B-Instruct-AWQ,None
2958,Pie,Medium,0.696,2.7838,4,0.0,0.0,0.0,0.0,0.5,0.0,0.0,0.0,0.0,0.5,0.5,0.0,0.0,True,Qwen/Qwen2.5-Coder-14B-Instruct-AWQ,None
2958,Pie,Medium,0.696,2.7838,4,0.0,0.0,0.0,0.0,0.5,0.0,0.0,0.0,0.0,0.5,0.5,0.0,0.0,True,Qwen/Qwen2.5-Coder-14B-Instruct-AWQ,None
2958,Pie,Medium,0.696,2.7838,4,0.0,0.0,0.0,0.0,0.5,0.0,0.0,0.0,0.0,0.5,0.5,0.0,0.0,True,Qwen/Qwen2.5-Coder-14B-Instruct-AWQ,None
2960,Bar,Medium,0.5317,1.0633,2,0.0,0.0,0.0,0.0,0.5,0.0,0.0,0.0,0.0,0.5,0.5,0.0,0.0,False,Qwen/Qwen2.5-Coder-14B-Instruct-AWQ,None
2960,Bar,Medium,0.5317,1.0633,2,0.0,0.0,0.0,0.0,0.5,0.0,0.0,0.0,0.0,0.5,0.5,0.0,0.0,False,Qwen/Qwen2.5-Coder-14B-Instruct-AWQ,None
2960,Bar,Medium,0.5317,1.0633,2,0.0,0.0,0.0,0.0,0.5,0.0,0.0,0.0,0.0,0.5,0.5,0.0,0.0,False,Qwen/Qwen2.5-Coder-14B-Instruct-AWQ,None
2962,Bar,Easy,0.6442,0.6442,1,0.0,0.0,0.0,0.0,0.0,0.0,0.0,0.0,0.0,0.0,1.0,0.0,0.0,False,Qwen/Qwen2.5-Coder-14B-Instruct-AWQ,None
2962,Bar,Easy,0.6442,0.6442,1,0.0,0.0,0.0,0.0,0.0,0.0,0.0,0.0,0.0,0.0,1.0,0.0,0.0,False,Qwen/Qwen2.5-Coder-14B-Instruct-AWQ,None
2962,Bar,Easy,0.6442,0.6442,1,0.0,0.0,0.0,0.0,0.0,0.0,0.0,0.0,0.0,0.0,1.0,0.0,0.0,False,Qwen/Qwen2.5-Coder-14B-Instruct-AWQ,None
2963,Bar,Easy,0.5949,0.5949,1,0.0,0.0,0.0,0.0,0.0,0.0,0.0,0.0,0.0,0.0,1.0,0.0,0.0,False,Qwen/Qwen2.5-Coder-14B-Instruct-AWQ,None
2963,Bar,Easy,0.5949,0.5949,1,0.0,0.0,0.0,0.0,0.0,0.0,0.0,0.0,0.0,0.0,1.0,0.0,0.0,False,Qwen/Qwen2.5-Coder-14B-Instruct-AWQ,None
2963,Bar,Easy,0.5949,0.5949,1,0.0,0.0,0.0,0.0,0.0,0.0,0.0,0.0,0.0,0.0,1.0,0.0,0.0,False,Qwen/Qwen2.5-Coder-14B-Instruct-AWQ,None
2969,Bar,Medium,0.7402,1.4804,2,0.0,0.0,0.0,0.0,0.0,0.0,0.0,0.0,0.0,0.0,1.0,0.0,0.0,True,Qwen/Qwen2.5-Coder-14B-Instruct-AWQ,None
2969,Bar,Medium,0.7402,1.4804,2,0.0,0.0,0.0,0.0,0.0,0.0,0.0,0.0,0.0,0.0,1.0,0.0,0.0,True,Qwen/Qwen2.5-Coder-14B-Instruct-AWQ,None
2969,Bar,Medium,0.7402,1.4804,2,0.0,0.0,0.0,0.0,0.0,0.0,0.0,0.0,0.0,0.0,1.0,0.0,0.0,True,Qwen/Qwen2.5-Coder-14B-Instruct-AWQ,None
2971,Pie,Medium,0.6496,1.2993,2,0.0,0.0,0.0,0.0,0.0,0.0,0.0,0.0,0.0,0.0,1.0,0.0,0.0,True,Qwen/Qwen2.5-Coder-14B-Instruct-AWQ,None
2971,Pie,Medium,0.6496,1.2993,2,0.0,0.0,0.0,0.0,0.0,0.0,0.0,0.0,0.0,0.0,1.0,0.0,0.0,True,Qwen/Qwen2.5-Coder-14B-Instruct-AWQ,None
2971,Pie,Medium,0.6496,1.2993,2,0.0,0.0,0.0,0.0,0.0,0.0,0.0,0.0,0.0,0.0,1.0,0.0,0.0,True,Qwen/Qwen2.5-Coder-14B-Instruct-AWQ,None
2972,Pie,Medium,3.9033,3.9033,1,0.0,0.0,0.0,0.0,0.0,0.0,0.0,0.0,0.0,0.0,1.0,0.0,0.0,True,Qwen/Qwen2.5-Coder-14B-Instruct-AWQ,None
2972,Pie,Medium,3.9033,3.9033,1,0.0,0.0,0.0,0.0,0.0,0.0,0.0,0.0,0.0,0.0,1.0,0.0,0.0,True,Qwen/Qwen2.5-Coder-14B-Instruct-AWQ,None
2972,Pie,Medium,3.9033,3.9033,1,0.0,0.0,0.0,0.0,0.0,0.0,0.0,0.0,0.0,0.0,1.0,0.0,0.0,True,Qwen/Qwen2.5-Coder-14B-Instruct-AWQ,None
2973,Bar,Medium,3.263,3.263,1,0.0,0.0,0.0,0.0,0.0,0.0,0.0,0.0,0.0,0.0,1.0,0.0,0.0,True,Qwen/Qwen2.5-Coder-14B-Instruct-AWQ,None
2973,Bar,Medium,3.263,3.263,1,0.0,0.0,0.0,0.0,0.0,0.0,0.0,0.0,0.0,0.0,1.0,0.0,0.0,True,Qwen/Qwen2.5-Coder-14B-Instruct-AWQ,None
2973,Bar,Medium,3.263,3.263,1,0.0,0.0,0.0,0.0,0.0,0.0,0.0,0.0,0.0,0.0,1.0,0.0,0.0,True,Qwen/Qwen2.5-Coder-14B-Instruct-AWQ,None
2979,Bar,Hard,0.7748,0.7748,1,0.0,0.0,0.0,0.0,0.0,0.0,0.0,0.0,0.0,0.0,1.0,0.0,0.0,True,Qwen/Qwen2.5-Coder-14B-Instruct-AWQ,None
2979,Bar,Hard,0.7748,0.7748,1,0.0,0.0,0.0,0.0,0.0,0.0,0.0,0.0,0.0,0.0,1.0,0.0,0.0,True,Qwen/Qwen2.5-Coder-14B-Instruct-AWQ,None
2979,Bar,Hard,0.7748,0.7748,1,0.0,0.0,0.0,0.0,0.0,0.0,0.0,0.0,0.0,0.0,1.0,0.0,0.0,True,Qwen/Qwen2.5-Coder-14B-Instruct-AWQ,None
2980,Pie,Hard,0.7389,1.4778,2,0.0,0.0,0.0,0.0,0.0,0.0,0.0,0.0,0.0,0.0,1.0,0.0,0.0,True,Qwen/Qwen2.5-Coder-14B-Instruct-AWQ,None
2980,Pie,Hard,0.7389,1.4778,2,0.0,0.0,0.0,0.0,0.0,0.0,0.0,0.0,0.0,0.0,1.0,0.0,0.0,True,Qwen/Qwen2.5-Coder-14B-Instruct-AWQ,None
2980,Pie,Hard,0.7389,1.4778,2,0.0,0.0,0.0,0.0,0.0,0.0,0.0,0.0,0.0,0.0,1.0,0.0,0.0,True,Qwen/Qwen2.5-Coder-14B-Instruct-AWQ,None
2998,Bar,Hard,0.8296,1.6593,2,0.0,0.0,0.0,0.0,0.0,0.0,0.0,0.0,0.0,0.0,1.0,0.0,0.0,False,Qwen/Qwen2.5-Coder-14B-Instruct-AWQ,None
2998,Bar,Hard,0.8296,1.6593,2,0.0,0.0,0.0,0.0,0.0,0.0,0.0,0.0,0.0,0.0,1.0,0.0,0.0,False,Qwen/Qwen2.5-Coder-14B-Instruct-AWQ,None
2998,Bar,Hard,0.8296,1.6593,2,0.0,0.0,0.0,0.0,0.0,0.0,0.0,0.0,0.0,0.0,1.0,0.0,0.0,False,Qwen/Qwen2.5-Coder-14B-Instruct-AWQ,None
3004,Pie,Easy,0.4252,1.2756,3,0.0,0.0,0.0,0.0,0.0,0.0,0.0,0.0,0.0,0.0,1.0,0.0,0.0,False,Qwen/Qwen2.5-Coder-14B-Instruct-AWQ,None
3004,Pie,Easy,0.4252,1.2756,3,0.0,0.0,0.0,0.0,0.0,0.0,0.0,0.0,0.0,0.0,1.0,0.0,0.0,False,Qwen/Qwen2.5-Coder-14B-Instruct-AWQ,None
3004,Pie,Easy,0.4252,1.2756,3,0.0,0.0,0.0,0.0,0.0,0.0,0.0,0.0,0.0,0.0,1.0,0.0,0.0,False,Qwen/Qwen2.5-Coder-14B-Instruct-AWQ,None
3009,Bar,Easy,0.579,0.579,1,0.0,0.0,0.0,0.0,0.0,0.0,0.0,0.0,0.0,0.0,1.0,0.0,0.0,False,Qwen/Qwen2.5-Coder-14B-Instruct-AWQ,None
3009,Bar,Easy,0.579,0.579,1,0.0,0.0,0.0,0.0,0.0,0.0,0.0,0.0,0.0,0.0,1.0,0.0,0.0,False,Qwen/Qwen2.5-Coder-14B-Instruct-AWQ,None
3009,Bar,Easy,0.579,0.579,1,0.0,0.0,0.0,0.0,0.0,0.0,0.0,0.0,0.0,0.0,1.0,0.0,0.0,False,Qwen/Qwen2.5-Coder-14B-Instruct-AWQ,None
3021,Pie,Hard,0.8207,1.6414,2,0.0,0.0,0.0,0.0,0.0,0.0,0.0,0.0,0.0,0.0,1.0,0.0,0.0,True,Qwen/Qwen2.5-Coder-14B-Instruct-AWQ,None
3021,Pie,Hard,0.8207,1.6414,2,0.0,0.0,0.0,0.0,0.0,0.0,0.0,0.0,0.0,0.0,1.0,0.0,0.0,True,Qwen/Qwen2.5-Coder-14B-Instruct-AWQ,None
3021,Pie,Hard,0.8207,1.6414,2,0.0,0.0,0.0,0.0,0.0,0.0,0.0,0.0,0.0,0.0,1.0,0.0,0.0,True,Qwen/Qwen2.5-Coder-14B-Instruct-AWQ,None
3046,Bar,Easy,0.444,1.332,3,0.0,0.0,0.0,0.0,0.0,0.0,0.0,0.0,0.0,0.0,1.0,0.0,0.0,False,Qwen/Qwen2.5-Coder-14B-Instruct-AWQ,None
3046,Bar,Easy,0.444,1.332,3,0.0,0.0,0.0,0.0,0.0,0.0,0.0,0.0,0.0,0.0,1.0,0.0,0.0,False,Qwen/Qwen2.5-Coder-14B-Instruct-AWQ,None
3046,Bar,Easy,0.444,1.332,3,0.0,0.0,0.0,0.0,0.0,0.0,0.0,0.0,0.0,0.0,1.0,0.0,0.0,False,Qwen/Qwen2.5-Coder-14B-Instruct-AWQ,None
3047,Pie,Easy,0.3269,0.6538,2,0.0,0.0,0.0,0.0,0.0,0.0,0.0,0.0,0.0,0.0,1.0,0.0,0.0,False,Qwen/Qwen2.5-Coder-14B-Instruct-AWQ,None
3047,Pie,Easy,0.3269,0.6538,2,0.0,0.0,0.0,0.0,0.0,0.0,0.0,0.0,0.0,0.0,1.0,0.0,0.0,False,Qwen/Qwen2.5-Coder-14B-Instruct-AWQ,None
3047,Pie,Easy,0.3269,0.6538,2,0.0,0.0,0.0,0.0,0.0,0.0,0.0,0.0,0.0,0.0,1.0,0.0,0.0,False,Qwen/Qwen2.5-Coder-14B-Instruct-AWQ,None
3051,Pie,Easy,0.3955,1.1866,3,0.0,0.0,0.0,0.0,0.3333333333333333,0.0,0.0,0.0,0.0,0.3333333333333333,0.6666666666666666,0.0,0.0,False,Qwen/Qwen2.5-Coder-14B-Instruct-AWQ,None
3051,Pie,Easy,0.3955,1.1866,3,0.0,0.0,0.0,0.0,0.3333333333333333,0.0,0.0,0.0,0.0,0.3333333333333333,0.6666666666666666,0.0,0.0,False,Qwen/Qwen2.5-Coder-14B-Instruct-AWQ,None
3051,Pie,Easy,0.3955,1.1866,3,0.0,0.0,0.0,0.0,0.3333333333333333,0.0,0.0,0.0,0.0,0.3333333333333333,0.6666666666666666,0.0,0.0,False,Qwen/Qwen2.5-Coder-14B-Instruct-AWQ,None
3054,Pie,Easy,0.4912,0.9825,2,0.0,0.0,0.0,0.0,0.5,0.0,0.0,0.0,0.0,0.5,0.5,0.0,0.0,False,Qwen/Qwen2.5-Coder-14B-Instruct-AWQ,None
3054,Pie,Easy,0.4912,0.9825,2,0.0,0.0,0.0,0.0,0.5,0.0,0.0,0.0,0.0,0.5,0.5,0.0,0.0,False,Qwen/Qwen2.5-Coder-14B-Instruct-AWQ,None
3054,Pie,Easy,0.4912,0.9825,2,0.0,0.0,0.0,0.0,0.5,0.0,0.0,0.0,0.0,0.5,0.5,0.0,0.0,False,Qwen/Qwen2.5-Coder-14B-Instruct-AWQ,None
3056,Grouping Scatter,Medium,6.5528,6.5528,1,0.0,0.0,0.0,0.0,1.0,0.0,0.0,0.0,0.0,1.0,0.0,,0.0,False,Qwen/Qwen2.5-Coder-14B-Instruct-AWQ,None
3056,Grouping Scatter,Medium,6.5528,6.5528,1,0.0,0.0,0.0,0.0,1.0,0.0,0.0,0.0,0.0,1.0,0.0,,0.0,False,Qwen/Qwen2.5-Coder-14B-Instruct-AWQ,None
3056,Grouping Scatter,Medium,6.5528,6.5528,1,0.0,0.0,0.0,0.0,1.0,0.0,0.0,0.0,0.0,1.0,0.0,,0.0,False,Qwen/Qwen2.5-Coder-14B-Instruct-AWQ,None
3063,Pie,Medium,0.6996,2.0987,3,0.0,0.0,0.0,0.0,1.0,0.0,0.0,0.0,0.0,1.0,0.0,,0.0,False,Qwen/Qwen2.5-Coder-14B-Instruct-AWQ,None
3063,Pie,Medium,0.6996,2.0987,3,0.0,0.0,0.0,0.0,1.0,0.0,0.0,0.0,0.0,1.0,0.0,,0.0,False,Qwen/Qwen2.5-Coder-14B-Instruct-AWQ,None
3063,Pie,Medium,0.6996,2.0987,3,0.0,0.0,0.0,0.0,1.0,0.0,0.0,0.0,0.0,1.0,0.0,,0.0,False,Qwen/Qwen2.5-Coder-14B-Instruct-AWQ,None
3064,Bar,Medium,0.6829,2.0488,3,0.0,0.0,0.0,0.0,0.0,0.0,0.0,0.0,0.0,0.0,1.0,0.0,0.0,False,Qwen/Qwen2.5-Coder-14B-Instruct-AWQ,None
3064,Bar,Medium,0.6829,2.0488,3,0.0,0.0,0.0,0.0,0.0,0.0,0.0,0.0,0.0,0.0,1.0,0.0,0.0,False,Qwen/Qwen2.5-Coder-14B-Instruct-AWQ,None
3064,Bar,Medium,0.6829,2.0488,3,0.0,0.0,0.0,0.0,0.0,0.0,0.0,0.0,0.0,0.0,1.0,0.0,0.0,False,Qwen/Qwen2.5-Coder-14B-Instruct-AWQ,None
3067,Bar,Easy,0.4392,0.4392,1,0.0,0.0,0.0,0.0,1.0,0.0,0.0,0.0,0.0,1.0,0.0,,0.0,False,Qwen/Qwen2.5-Coder-14B-Instruct-AWQ,None
3067,Bar,Easy,0.4392,0.4392,1,0.0,0.0,0.0,0.0,1.0,0.0,0.0,0.0,0.0,1.0,0.0,,0.0,False,Qwen/Qwen2.5-Coder-14B-Instruct-AWQ,None
3067,Bar,Easy,0.4392,0.4392,1,0.0,0.0,0.0,0.0,1.0,0.0,0.0,0.0,0.0,1.0,0.0,,0.0,False,Qwen/Qwen2.5-Coder-14B-Instruct-AWQ,None
3068,Pie,Medium,0.6508,0.6508,1,0.0,0.0,0.0,0.0,0.0,0.0,0.0,0.0,0.0,0.0,1.0,0.0,0.0,True,Qwen/Qwen2.5-Coder-14B-Instruct-AWQ,None
3068,Pie,Medium,0.6508,0.6508,1,0.0,0.0,0.0,0.0,0.0,0.0,0.0,0.0,0.0,0.0,1.0,0.0,0.0,True,Qwen/Qwen2.5-Coder-14B-Instruct-AWQ,None
3068,Pie,Medium,0.6508,0.6508,1,0.0,0.0,0.0,0.0,0.0,0.0,0.0,0.0,0.0,0.0,1.0,0.0,0.0,True,Qwen/Qwen2.5-Coder-14B-Instruct-AWQ,None
3070,Pie,Easy,0.4001,1.6004,4,0.0,0.0,0.0,0.0,0.25,0.0,0.0,0.0,0.0,0.25,0.75,0.0,0.0,False,Qwen/Qwen2.5-Coder-14B-Instruct-AWQ,None
3070,Pie,Easy,0.4001,1.6004,4,0.0,0.0,0.0,0.0,0.25,0.0,0.0,0.0,0.0,0.25,0.75,0.0,0.0,False,Qwen/Qwen2.5-Coder-14B-Instruct-AWQ,None
3070,Pie,Easy,0.4001,1.6004,4,0.0,0.0,0.0,0.0,0.25,0.0,0.0,0.0,0.0,0.25,0.75,0.0,0.0,False,Qwen/Qwen2.5-Coder-14B-Instruct-AWQ,None
3079,Grouping Scatter,Easy,11.4071,22.8143,2,0.5,0.0,0.0,0.0,0.5,0.0,0.0,0.0,0.5,0.5,0.0,,0.0,False,Qwen/Qwen2.5-Coder-14B-Instruct-AWQ,None
3079,Grouping Scatter,Easy,11.4071,22.8143,2,0.5,0.0,0.0,0.0,0.5,0.0,0.0,0.0,0.5,0.5,0.0,,0.0,False,Qwen/Qwen2.5-Coder-14B-Instruct-AWQ,None
3079,Grouping Scatter,Easy,11.4071,22.8143,2,0.5,0.0,0.0,0.0,0.5,0.0,0.0,0.0,0.5,0.5,0.0,,0.0,False,Qwen/Qwen2.5-Coder-14B-Instruct-AWQ,None
3085,Grouping Scatter,Easy,7.3212,14.6425,2,0.5,0.0,0.0,0.0,0.5,0.0,0.0,0.0,0.5,0.5,0.0,,0.0,False,Qwen/Qwen2.5-Coder-14B-Instruct-AWQ,None
3085,Grouping Scatter,Easy,7.3212,14.6425,2,0.5,0.0,0.0,0.0,0.5,0.0,0.0,0.0,0.5,0.5,0.0,,0.0,False,Qwen/Qwen2.5-Coder-14B-Instruct-AWQ,None
3085,Grouping Scatter,Easy,7.3212,14.6425,2,0.5,0.0,0.0,0.0,0.5,0.0,0.0,0.0,0.5,0.5,0.0,,0.0,False,Qwen/Qwen2.5-Coder-14B-Instruct-AWQ,None
3097,Grouping Scatter,Easy,10.9532,10.9532,1,1.0,0.0,0.0,0.0,0.0,0.0,0.0,0.0,1.0,0.0,0.0,,0.0,False,Qwen/Qwen2.5-Coder-14B-Instruct-AWQ,None
3097,Grouping Scatter,Easy,10.9532,10.9532,1,1.0,0.0,0.0,0.0,0.0,0.0,0.0,0.0,1.0,0.0,0.0,,0.0,False,Qwen/Qwen2.5-Coder-14B-Instruct-AWQ,None
3097,Grouping Scatter,Easy,10.9532,10.9532,1,1.0,0.0,0.0,0.0,0.0,0.0,0.0,0.0,1.0,0.0,0.0,,0.0,False,Qwen/Qwen2.5-Coder-14B-Instruct-AWQ,None
3121,Scatter,Easy,0.4223,1.6893,4,0.0,0.0,0.0,0.0,0.0,0.0,0.0,0.0,0.0,0.0,1.0,0.0,0.0,False,Qwen/Qwen2.5-Coder-14B-Instruct-AWQ,None
3121,Scatter,Easy,0.4223,1.6893,4,0.0,0.0,0.0,0.0,0.0,0.0,0.0,0.0,0.0,0.0,1.0,0.0,0.0,False,Qwen/Qwen2.5-Coder-14B-Instruct-AWQ,None
3121,Scatter,Easy,0.4223,1.6893,4,0.0,0.0,0.0,0.0,0.0,0.0,0.0,0.0,0.0,0.0,1.0,0.0,0.0,False,Qwen/Qwen2.5-Coder-14B-Instruct-AWQ,None
3139,Pie,Easy,0.7389,0.7389,1,0.0,0.0,0.0,0.0,1.0,0.0,0.0,0.0,0.0,1.0,0.0,,0.0,False,Qwen/Qwen2.5-Coder-14B-Instruct-AWQ,None
3139,Pie,Easy,0.7389,0.7389,1,0.0,0.0,0.0,0.0,1.0,0.0,0.0,0.0,0.0,1.0,0.0,,0.0,False,Qwen/Qwen2.5-Coder-14B-Instruct-AWQ,None
3139,Pie,Easy,0.7389,0.7389,1,0.0,0.0,0.0,0.0,1.0,0.0,0.0,0.0,0.0,1.0,0.0,,0.0,False,Qwen/Qwen2.5-Coder-14B-Instruct-AWQ,None
3150,Pie,Easy,3.2158,6.4316,2,0.0,0.0,0.0,0.0,0.5,0.0,0.0,0.0,0.0,0.5,0.5,0.0,0.0,False,Qwen/Qwen2.5-Coder-14B-Instruct-AWQ,None
3150,Pie,Easy,3.2158,6.4316,2,0.0,0.0,0.0,0.0,0.5,0.0,0.0,0.0,0.0,0.5,0.5,0.0,0.0,False,Qwen/Qwen2.5-Coder-14B-Instruct-AWQ,None
3150,Pie,Easy,3.2158,6.4316,2,0.0,0.0,0.0,0.0,0.5,0.0,0.0,0.0,0.0,0.5,0.5,0.0,0.0,False,Qwen/Qwen2.5-Coder-14B-Instruct-AWQ,None
3165,Grouping Scatter,Easy,6.4089,6.4089,1,0.0,0.0,0.0,0.0,0.0,0.0,0.0,0.0,0.0,0.0,1.0,0.0,0.0,False,Qwen/Qwen2.5-Coder-14B-Instruct-AWQ,None
3165,Grouping Scatter,Easy,6.4089,6.4089,1,0.0,0.0,0.0,0.0,0.0,0.0,0.0,0.0,0.0,0.0,1.0,0.0,0.0,False,Qwen/Qwen2.5-Coder-14B-Instruct-AWQ,None
3165,Grouping Scatter,Easy,6.4089,6.4089,1,0.0,0.0,0.0,0.0,0.0,0.0,0.0,0.0,0.0,0.0,1.0,0.0,0.0,False,Qwen/Qwen2.5-Coder-14B-Instruct-AWQ,None
3171,Grouping Scatter,Easy,11.6343,11.6343,1,1.0,0.0,0.0,0.0,0.0,0.0,0.0,0.0,1.0,0.0,0.0,,0.0,False,Qwen/Qwen2.5-Coder-14B-Instruct-AWQ,None
3171,Grouping Scatter,Easy,11.6343,11.6343,1,1.0,0.0,0.0,0.0,0.0,0.0,0.0,0.0,1.0,0.0,0.0,,0.0,False,Qwen/Qwen2.5-Coder-14B-Instruct-AWQ,None
3171,Grouping Scatter,Easy,11.6343,11.6343,1,1.0,0.0,0.0,0.0,0.0,0.0,0.0,0.0,1.0,0.0,0.0,,0.0,False,Qwen/Qwen2.5-Coder-14B-Instruct-AWQ,None
3177,Grouping Scatter,Easy,8.1151,8.1151,1,0.0,0.0,0.0,0.0,0.0,0.0,0.0,0.0,0.0,0.0,1.0,0.0,0.0,False,Qwen/Qwen2.5-Coder-14B-Instruct-AWQ,None
3177,Grouping Scatter,Easy,8.1151,8.1151,1,0.0,0.0,0.0,0.0,0.0,0.0,0.0,0.0,0.0,0.0,1.0,0.0,0.0,False,Qwen/Qwen2.5-Coder-14B-Instruct-AWQ,None
3177,Grouping Scatter,Easy,8.1151,8.1151,1,0.0,0.0,0.0,0.0,0.0,0.0,0.0,0.0,0.0,0.0,1.0,0.0,0.0,False,Qwen/Qwen2.5-Coder-14B-Instruct-AWQ,None
3198,Pie,Easy,0.3597,0.3597,1,0.0,0.0,0.0,0.0,0.0,0.0,0.0,0.0,0.0,0.0,1.0,0.0,0.0,False,Qwen/Qwen2.5-Coder-14B-Instruct-AWQ,None
3198,Pie,Easy,0.3597,0.3597,1,0.0,0.0,0.0,0.0,0.0,0.0,0.0,0.0,0.0,0.0,1.0,0.0,0.0,False,Qwen/Qwen2.5-Coder-14B-Instruct-AWQ,None
3198,Pie,Easy,0.3597,0.3597,1,0.0,0.0,0.0,0.0,0.0,0.0,0.0,0.0,0.0,0.0,1.0,0.0,0.0,False,Qwen/Qwen2.5-Coder-14B-Instruct-AWQ,None
3207,Bar,Easy,0.5892,1.1785,2,0.0,0.0,0.0,1.0,1.0,0.0,0.0,0.0,0.0,1.0,0.0,,0.0,False,Qwen/Qwen2.5-Coder-14B-Instruct-AWQ,None
3207,Bar,Easy,0.5892,1.1785,2,0.0,0.0,0.0,1.0,1.0,0.0,0.0,0.0,0.0,1.0,0.0,,0.0,False,Qwen/Qwen2.5-Coder-14B-Instruct-AWQ,None
3207,Bar,Easy,0.5892,1.1785,2,0.0,0.0,0.0,1.0,1.0,0.0,0.0,0.0,0.0,1.0,0.0,,0.0,False,Qwen/Qwen2.5-Coder-14B-Instruct-AWQ,None
3213,Pie,Medium,0.4982,0.4982,1,0.0,0.0,0.0,0.0,0.0,0.0,0.0,0.0,0.0,0.0,1.0,0.0,0.0,False,Qwen/Qwen2.5-Coder-14B-Instruct-AWQ,None
3213,Pie,Medium,0.4982,0.4982,1,0.0,0.0,0.0,0.0,0.0,0.0,0.0,0.0,0.0,0.0,1.0,0.0,0.0,False,Qwen/Qwen2.5-Coder-14B-Instruct-AWQ,None
3213,Pie,Medium,0.4982,0.4982,1,0.0,0.0,0.0,0.0,0.0,0.0,0.0,0.0,0.0,0.0,1.0,0.0,0.0,False,Qwen/Qwen2.5-Coder-14B-Instruct-AWQ,None
3215,Pie,Easy,0.3305,0.661,2,0.0,0.0,0.0,0.0,1.0,0.0,0.0,0.0,0.0,1.0,0.0,,0.0,False,Qwen/Qwen2.5-Coder-14B-Instruct-AWQ,None
3215,Pie,Easy,0.3305,0.661,2,0.0,0.0,0.0,0.0,1.0,0.0,0.0,0.0,0.0,1.0,0.0,,0.0,False,Qwen/Qwen2.5-Coder-14B-Instruct-AWQ,None
3215,Pie,Easy,0.3305,0.661,2,0.0,0.0,0.0,0.0,1.0,0.0,0.0,0.0,0.0,1.0,0.0,,0.0,False,Qwen/Qwen2.5-Coder-14B-Instruct-AWQ,None
3222,Bar,Hard,3.1929,3.1929,1,0.0,0.0,0.0,0.0,0.0,0.0,0.0,0.0,0.0,0.0,1.0,0.0,0.0,False,Qwen/Qwen2.5-Coder-14B-Instruct-AWQ,None
3222,Bar,Hard,3.1929,3.1929,1,0.0,0.0,0.0,0.0,0.0,0.0,0.0,0.0,0.0,0.0,1.0,0.0,0.0,False,Qwen/Qwen2.5-Coder-14B-Instruct-AWQ,None
3222,Bar,Hard,3.1929,3.1929,1,0.0,0.0,0.0,0.0,0.0,0.0,0.0,0.0,0.0,0.0,1.0,0.0,0.0,False,Qwen/Qwen2.5-Coder-14B-Instruct-AWQ,None
3227,Stacked Bar,Extra Hard,0.5464,0.5464,1,0.0,0.0,0.0,1.0,1.0,0.0,0.0,0.0,0.0,1.0,0.0,,0.0,False,Qwen/Qwen2.5-Coder-14B-Instruct-AWQ,None
3227,Stacked Bar,Extra Hard,0.5464,0.5464,1,0.0,0.0,0.0,1.0,1.0,0.0,0.0,0.0,0.0,1.0,0.0,,0.0,False,Qwen/Qwen2.5-Coder-14B-Instruct-AWQ,None
3227,Stacked Bar,Extra Hard,0.5464,0.5464,1,0.0,0.0,0.0,1.0,1.0,0.0,0.0,0.0,0.0,1.0,0.0,,0.0,False,Qwen/Qwen2.5-Coder-14B-Instruct-AWQ,None
3229,Bar,Hard,0.5149,1.5447,3,0.0,0.0,0.0,0.0,0.0,0.0,0.0,0.0,0.0,0.0,1.0,0.0,0.0,False,Qwen/Qwen2.5-Coder-14B-Instruct-AWQ,None
3229,Bar,Hard,0.5149,1.5447,3,0.0,0.0,0.0,0.0,0.0,0.0,0.0,0.0,0.0,0.0,1.0,0.0,0.0,False,Qwen/Qwen2.5-Coder-14B-Instruct-AWQ,None
3229,Bar,Hard,0.5149,1.5447,3,0.0,0.0,0.0,0.0,0.0,0.0,0.0,0.0,0.0,0.0,1.0,0.0,0.0,False,Qwen/Qwen2.5-Coder-14B-Instruct-AWQ,None
3230,Bar,Medium,0.5339,1.0677,2,0.0,0.0,0.0,0.0,0.0,0.0,0.0,0.0,0.0,0.0,1.0,0.0,0.0,False,Qwen/Qwen2.5-Coder-14B-Instruct-AWQ,None
3230,Bar,Medium,0.5339,1.0677,2,0.0,0.0,0.0,0.0,0.0,0.0,0.0,0.0,0.0,0.0,1.0,0.0,0.0,False,Qwen/Qwen2.5-Coder-14B-Instruct-AWQ,None
3230,Bar,Medium,0.5339,1.0677,2,0.0,0.0,0.0,0.0,0.0,0.0,0.0,0.0,0.0,0.0,1.0,0.0,0.0,False,Qwen/Qwen2.5-Coder-14B-Instruct-AWQ,None
3240,Line,Easy,0.3907,0.3907,1,0.0,0.0,0.0,0.0,0.0,0.0,0.0,0.0,0.0,0.0,1.0,0.0,0.0,False,Qwen/Qwen2.5-Coder-14B-Instruct-AWQ,None
3240,Line,Easy,0.3907,0.3907,1,0.0,0.0,0.0,0.0,0.0,0.0,0.0,0.0,0.0,0.0,1.0,0.0,0.0,False,Qwen/Qwen2.5-Coder-14B-Instruct-AWQ,None
3240,Line,Easy,0.3907,0.3907,1,0.0,0.0,0.0,0.0,0.0,0.0,0.0,0.0,0.0,0.0,1.0,0.0,0.0,False,Qwen/Qwen2.5-Coder-14B-Instruct-AWQ,None
3259,Pie,Easy,0.3357,0.6714,2,0.0,0.0,0.0,0.0,0.5,0.0,0.0,0.0,0.0,0.5,0.5,0.0,0.0,False,Qwen/Qwen2.5-Coder-14B-Instruct-AWQ,None
3259,Pie,Easy,0.3357,0.6714,2,0.0,0.0,0.0,0.0,0.5,0.0,0.0,0.0,0.0,0.5,0.5,0.0,0.0,False,Qwen/Qwen2.5-Coder-14B-Instruct-AWQ,None
3259,Pie,Easy,0.3357,0.6714,2,0.0,0.0,0.0,0.0,0.5,0.0,0.0,0.0,0.0,0.5,0.5,0.0,0.0,False,Qwen/Qwen2.5-Coder-14B-Instruct-AWQ,None
3260,Bar,Easy,0.3414,0.6828,2,0.0,0.0,0.0,0.0,0.0,0.0,0.0,0.0,0.0,0.0,1.0,0.0,0.0,False,Qwen/Qwen2.5-Coder-14B-Instruct-AWQ,None
3260,Bar,Easy,0.3414,0.6828,2,0.0,0.0,0.0,0.0,0.0,0.0,0.0,0.0,0.0,0.0,1.0,0.0,0.0,False,Qwen/Qwen2.5-Coder-14B-Instruct-AWQ,None
3260,Bar,Easy,0.3414,0.6828,2,0.0,0.0,0.0,0.0,0.0,0.0,0.0,0.0,0.0,0.0,1.0,0.0,0.0,False,Qwen/Qwen2.5-Coder-14B-Instruct-AWQ,None
3262,Pie,Easy,0.3419,0.6838,2,0.0,0.0,0.0,0.0,1.0,0.0,0.0,0.0,0.0,1.0,0.0,,0.0,False,Qwen/Qwen2.5-Coder-14B-Instruct-AWQ,None
3262,Pie,Easy,0.3419,0.6838,2,0.0,0.0,0.0,0.0,1.0,0.0,0.0,0.0,0.0,1.0,0.0,,0.0,False,Qwen/Qwen2.5-Coder-14B-Instruct-AWQ,None
3262,Pie,Easy,0.3419,0.6838,2,0.0,0.0,0.0,0.0,1.0,0.0,0.0,0.0,0.0,1.0,0.0,,0.0,False,Qwen/Qwen2.5-Coder-14B-Instruct-AWQ,None
3263,Bar,Easy,0.386,1.1579,3,0.0,0.0,0.0,0.0,0.0,0.0,0.0,0.0,0.0,0.0,1.0,0.0,0.0,False,Qwen/Qwen2.5-Coder-14B-Instruct-AWQ,None
3263,Bar,Easy,0.386,1.1579,3,0.0,0.0,0.0,0.0,0.0,0.0,0.0,0.0,0.0,0.0,1.0,0.0,0.0,False,Qwen/Qwen2.5-Coder-14B-Instruct-AWQ,None
3263,Bar,Easy,0.386,1.1579,3,0.0,0.0,0.0,0.0,0.0,0.0,0.0,0.0,0.0,0.0,1.0,0.0,0.0,False,Qwen/Qwen2.5-Coder-14B-Instruct-AWQ,None
3264,Pie,Easy,0.3569,0.7138,2,0.0,0.0,0.0,0.0,0.0,0.0,0.0,0.0,0.0,0.0,1.0,0.0,0.0,False,Qwen/Qwen2.5-Coder-14B-Instruct-AWQ,None
3264,Pie,Easy,0.3569,0.7138,2,0.0,0.0,0.0,0.0,0.0,0.0,0.0,0.0,0.0,0.0,1.0,0.0,0.0,False,Qwen/Qwen2.5-Coder-14B-Instruct-AWQ,None
3264,Pie,Easy,0.3569,0.7138,2,0.0,0.0,0.0,0.0,0.0,0.0,0.0,0.0,0.0,0.0,1.0,0.0,0.0,False,Qwen/Qwen2.5-Coder-14B-Instruct-AWQ,None
3265,Pie,Medium,0.5115,3.069,6,0.0,0.0,0.0,0.0,0.8333333333333334,0.0,0.0,0.0,0.0,0.8333333333333334,0.16666666666666666,0.0,0.0,True,Qwen/Qwen2.5-Coder-14B-Instruct-AWQ,None
3265,Pie,Medium,0.5115,3.069,6,0.0,0.0,0.0,0.0,0.8333333333333334,0.0,0.0,0.0,0.0,0.8333333333333334,0.16666666666666666,0.0,0.0,True,Qwen/Qwen2.5-Coder-14B-Instruct-AWQ,None
3265,Pie,Medium,0.5115,3.069,6,0.0,0.0,0.0,0.0,0.8333333333333334,0.0,0.0,0.0,0.0,0.8333333333333334,0.16666666666666666,0.0,0.0,True,Qwen/Qwen2.5-Coder-14B-Instruct-AWQ,None
3268,Pie,Medium,0.6444,1.2887,2,0.0,0.0,0.0,0.0,0.0,0.0,0.0,0.0,0.0,0.0,1.0,0.0,0.0,False,Qwen/Qwen2.5-Coder-14B-Instruct-AWQ,None
3268,Pie,Medium,0.6444,1.2887,2,0.0,0.0,0.0,0.0,0.0,0.0,0.0,0.0,0.0,0.0,1.0,0.0,0.0,False,Qwen/Qwen2.5-Coder-14B-Instruct-AWQ,None
3268,Pie,Medium,0.6444,1.2887,2,0.0,0.0,0.0,0.0,0.0,0.0,0.0,0.0,0.0,0.0,1.0,0.0,0.0,False,Qwen/Qwen2.5-Coder-14B-Instruct-AWQ,None
3270,Scatter,Medium,0.6895,0.6895,1,0.0,0.0,0.0,0.0,0.0,0.0,0.0,0.0,0.0,0.0,1.0,0.0,0.0,False,Qwen/Qwen2.5-Coder-14B-Instruct-AWQ,None
3270,Scatter,Medium,0.6895,0.6895,1,0.0,0.0,0.0,0.0,0.0,0.0,0.0,0.0,0.0,0.0,1.0,0.0,0.0,False,Qwen/Qwen2.5-Coder-14B-Instruct-AWQ,None
3270,Scatter,Medium,0.6895,0.6895,1,0.0,0.0,0.0,0.0,0.0,0.0,0.0,0.0,0.0,0.0,1.0,0.0,0.0,False,Qwen/Qwen2.5-Coder-14B-Instruct-AWQ,None
3271,Pie,Medium,0.6391,1.2783,2,0.0,0.0,0.0,0.0,0.5,0.0,0.0,0.0,0.0,0.5,0.5,0.0,0.0,False,Qwen/Qwen2.5-Coder-14B-Instruct-AWQ,None
3271,Pie,Medium,0.6391,1.2783,2,0.0,0.0,0.0,0.0,0.5,0.0,0.0,0.0,0.0,0.5,0.5,0.0,0.0,False,Qwen/Qwen2.5-Coder-14B-Instruct-AWQ,None
3271,Pie,Medium,0.6391,1.2783,2,0.0,0.0,0.0,0.0,0.5,0.0,0.0,0.0,0.0,0.5,0.5,0.0,0.0,False,Qwen/Qwen2.5-Coder-14B-Instruct-AWQ,None
3272,Grouping Scatter,Medium,4.4301,4.4301,1,0.0,0.0,0.0,0.0,1.0,0.0,0.0,0.0,0.0,1.0,0.0,,0.0,False,Qwen/Qwen2.5-Coder-14B-Instruct-AWQ,None
3272,Grouping Scatter,Medium,4.4301,4.4301,1,0.0,0.0,0.0,0.0,1.0,0.0,0.0,0.0,0.0,1.0,0.0,,0.0,False,Qwen/Qwen2.5-Coder-14B-Instruct-AWQ,None
3272,Grouping Scatter,Medium,4.4301,4.4301,1,0.0,0.0,0.0,0.0,1.0,0.0,0.0,0.0,0.0,1.0,0.0,,0.0,False,Qwen/Qwen2.5-Coder-14B-Instruct-AWQ,None
3273,Pie,Hard,1.0433,2.0867,2,0.0,0.0,0.0,0.0,0.0,0.0,0.0,0.0,0.0,0.0,1.0,0.0,0.0,True,Qwen/Qwen2.5-Coder-14B-Instruct-AWQ,None
3273,Pie,Hard,1.0433,2.0867,2,0.0,0.0,0.0,0.0,0.0,0.0,0.0,0.0,0.0,0.0,1.0,0.0,0.0,True,Qwen/Qwen2.5-Coder-14B-Instruct-AWQ,None
3273,Pie,Hard,1.0433,2.0867,2,0.0,0.0,0.0,0.0,0.0,0.0,0.0,0.0,0.0,0.0,1.0,0.0,0.0,True,Qwen/Qwen2.5-Coder-14B-Instruct-AWQ,None
3274,Bar,Hard,1.0501,2.1001,2,0.0,0.0,0.0,0.0,0.0,0.0,0.0,0.0,0.0,0.0,1.0,0.0,0.0,True,Qwen/Qwen2.5-Coder-14B-Instruct-AWQ,None
3274,Bar,Hard,1.0501,2.1001,2,0.0,0.0,0.0,0.0,0.0,0.0,0.0,0.0,0.0,0.0,1.0,0.0,0.0,True,Qwen/Qwen2.5-Coder-14B-Instruct-AWQ,None
3274,Bar,Hard,1.0501,2.1001,2,0.0,0.0,0.0,0.0,0.0,0.0,0.0,0.0,0.0,0.0,1.0,0.0,0.0,True,Qwen/Qwen2.5-Coder-14B-Instruct-AWQ,None
3278,Pie,Easy,0.3746,1.4984,4,0.0,0.0,0.0,0.0,0.5,0.0,0.0,0.0,0.0,0.5,0.5,0.0,0.0,False,Qwen/Qwen2.5-Coder-14B-Instruct-AWQ,None
3278,Pie,Easy,0.3746,1.4984,4,0.0,0.0,0.0,0.0,0.5,0.0,0.0,0.0,0.0,0.5,0.5,0.0,0.0,False,Qwen/Qwen2.5-Coder-14B-Instruct-AWQ,None
3278,Pie,Easy,0.3746,1.4984,4,0.0,0.0,0.0,0.0,0.5,0.0,0.0,0.0,0.0,0.5,0.5,0.0,0.0,False,Qwen/Qwen2.5-Coder-14B-Instruct-AWQ,None
3291,Bar,Medium,0.6441,0.6441,1,0.0,0.0,0.0,0.0,0.0,0.0,0.0,0.0,0.0,0.0,1.0,0.0,0.0,False,Qwen/Qwen2.5-Coder-14B-Instruct-AWQ,None
3291,Bar,Medium,0.6441,0.6441,1,0.0,0.0,0.0,0.0,0.0,0.0,0.0,0.0,0.0,0.0,1.0,0.0,0.0,False,Qwen/Qwen2.5-Coder-14B-Instruct-AWQ,None
3291,Bar,Medium,0.6441,0.6441,1,0.0,0.0,0.0,0.0,0.0,0.0,0.0,0.0,0.0,0.0,1.0,0.0,0.0,False,Qwen/Qwen2.5-Coder-14B-Instruct-AWQ,None
372@y_name@DESC,Bar,Medium,0.6527,0.6527,1,0.0,0.0,0.0,0.0,0.0,0.0,0.0,0.0,0.0,0.0,1.0,0.0,0.0,False,Qwen/Qwen2.5-Coder-14B-Instruct-AWQ,None
372@y_name@DESC,Bar,Medium,0.6527,0.6527,1,0.0,0.0,0.0,0.0,0.0,0.0,0.0,0.0,0.0,0.0,1.0,0.0,0.0,False,Qwen/Qwen2.5-Coder-14B-Instruct-AWQ,None
372@y_name@DESC,Bar,Medium,0.6527,0.6527,1,0.0,0.0,0.0,0.0,0.0,0.0,0.0,0.0,0.0,0.0,1.0,0.0,0.0,False,Qwen/Qwen2.5-Coder-14B-Instruct-AWQ,None
2443@y_name@ASC,Bar,Hard,2.3187,9.2749,4,0.0,0.0,0.0,0.0,0.25,0.0,0.0,0.0,0.0,0.25,0.75,0.0,0.0,True,Qwen/Qwen2.5-Coder-14B-Instruct-AWQ,None
2443@y_name@ASC,Bar,Hard,2.3187,9.2749,4,0.0,0.0,0.0,0.0,0.25,0.0,0.0,0.0,0.0,0.25,0.75,0.0,0.0,True,Qwen/Qwen2.5-Coder-14B-Instruct-AWQ,None
2443@y_name@ASC,Bar,Hard,2.3187,9.2749,4,0.0,0.0,0.0,0.0,0.25,0.0,0.0,0.0,0.0,0.25,0.75,0.0,0.0,True,Qwen/Qwen2.5-Coder-14B-Instruct-AWQ,None
2450@x_name@DESC,Bar,Medium,0.4471,2.2353,5,0.0,0.0,0.0,0.0,0.0,0.6,0.0,0.0,0.0,0.6,0.4,0.0,0.0,False,Qwen/Qwen2.5-Coder-14B-Instruct-AWQ,None
2450@x_name@DESC,Bar,Medium,0.4471,2.2353,5,0.0,0.0,0.0,0.0,0.0,0.6,0.0,0.0,0.0,0.6,0.4,0.0,0.0,False,Qwen/Qwen2.5-Coder-14B-Instruct-AWQ,None
2450@x_name@DESC,Bar,Medium,0.4471,2.2353,5,0.0,0.0,0.0,0.0,0.0,0.6,0.0,0.0,0.0,0.6,0.4,0.0,0.0,False,Qwen/Qwen2.5-Coder-14B-Instruct-AWQ,None
1384@y_name@ASC,Bar,Medium,0.5253,1.0507,2,0.0,0.0,0.0,0.0,0.0,0.0,0.0,0.0,0.0,0.0,1.0,0.0,0.0,False,Qwen/Qwen2.5-Coder-14B-Instruct-AWQ,None
1384@y_name@ASC,Bar,Medium,0.5253,1.0507,2,0.0,0.0,0.0,0.0,0.0,0.0,0.0,0.0,0.0,0.0,1.0,0.0,0.0,False,Qwen/Qwen2.5-Coder-14B-Instruct-AWQ,None
1384@y_name@ASC,Bar,Medium,0.5253,1.0507,2,0.0,0.0,0.0,0.0,0.0,0.0,0.0,0.0,0.0,0.0,1.0,0.0,0.0,False,Qwen/Qwen2.5-Coder-14B-Instruct-AWQ,None
1388@x_name@ASC,Line,Hard,0.4803,0.9605,2,0.0,0.0,0.0,0.0,0.0,0.0,0.0,0.0,0.0,0.0,1.0,0.0,0.0,True,Qwen/Qwen2.5-Coder-14B-Instruct-AWQ,None
1388@x_name@ASC,Line,Hard,0.4803,0.9605,2,0.0,0.0,0.0,0.0,0.0,0.0,0.0,0.0,0.0,0.0,1.0,0.0,0.0,True,Qwen/Qwen2.5-Coder-14B-Instruct-AWQ,None
1388@x_name@ASC,Line,Hard,0.4803,0.9605,2,0.0,0.0,0.0,0.0,0.0,0.0,0.0,0.0,0.0,0.0,1.0,0.0,0.0,True,Qwen/Qwen2.5-Coder-14B-Instruct-AWQ,None
1390@y_name@DESC,Bar,Hard,0.9046,1.8091,2,0.0,0.0,0.0,0.0,0.0,0.0,0.0,0.0,0.0,0.0,1.0,0.0,0.0,True,Qwen/Qwen2.5-Coder-14B-Instruct-AWQ,None
1390@y_name@DESC,Bar,Hard,0.9046,1.8091,2,0.0,0.0,0.0,0.0,0.0,0.0,0.0,0.0,0.0,0.0,1.0,0.0,0.0,True,Qwen/Qwen2.5-Coder-14B-Instruct-AWQ,None
1390@y_name@DESC,Bar,Hard,0.9046,1.8091,2,0.0,0.0,0.0,0.0,0.0,0.0,0.0,0.0,0.0,0.0,1.0,0.0,0.0,True,Qwen/Qwen2.5-Coder-14B-Instruct-AWQ,None
3204@y_name@DESC,Bar,Medium,0.4937,1.481,3,0.0,0.0,0.0,0.0,0.3333333333333333,0.0,0.0,0.0,0.0,0.3333333333333333,0.6666666666666666,0.0,0.0,False,Qwen/Qwen2.5-Coder-14B-Instruct-AWQ,None
3204@y_name@DESC,Bar,Medium,0.4937,1.481,3,0.0,0.0,0.0,0.0,0.3333333333333333,0.0,0.0,0.0,0.0,0.3333333333333333,0.6666666666666666,0.0,0.0,False,Qwen/Qwen2.5-Coder-14B-Instruct-AWQ,None
3204@y_name@DESC,Bar,Medium,0.4937,1.481,3,0.0,0.0,0.0,0.0,0.3333333333333333,0.0,0.0,0.0,0.0,0.3333333333333333,0.6666666666666666,0.0,0.0,False,Qwen/Qwen2.5-Coder-14B-Instruct-AWQ,None
1475@y_name@DESC,Bar,Hard,3.6078,3.6078,1,0.0,0.0,0.0,0.0,0.0,0.0,0.0,0.0,0.0,0.0,1.0,0.0,0.0,True,Qwen/Qwen2.5-Coder-14B-Instruct-AWQ,None
1475@y_name@DESC,Bar,Hard,3.6078,3.6078,1,0.0,0.0,0.0,0.0,0.0,0.0,0.0,0.0,0.0,0.0,1.0,0.0,0.0,True,Qwen/Qwen2.5-Coder-14B-Instruct-AWQ,None
1475@y_name@DESC,Bar,Hard,3.6078,3.6078,1,0.0,0.0,0.0,0.0,0.0,0.0,0.0,0.0,0.0,0.0,1.0,0.0,0.0,True,Qwen/Qwen2.5-Coder-14B-Instruct-AWQ,None
1478@y_name@DESC,Bar,Extra Hard,1.0595,1.0595,1,0.0,0.0,0.0,0.0,0.0,0.0,0.0,0.0,0.0,0.0,1.0,0.0,0.0,True,Qwen/Qwen2.5-Coder-14B-Instruct-AWQ,None
1478@y_name@DESC,Bar,Extra Hard,1.0595,1.0595,1,0.0,0.0,0.0,0.0,0.0,0.0,0.0,0.0,0.0,0.0,1.0,0.0,0.0,True,Qwen/Qwen2.5-Coder-14B-Instruct-AWQ,None
1478@y_name@DESC,Bar,Extra Hard,1.0595,1.0595,1,0.0,0.0,0.0,0.0,0.0,0.0,0.0,0.0,0.0,0.0,1.0,0.0,0.0,True,Qwen/Qwen2.5-Coder-14B-Instruct-AWQ,None
1484@x_name@ASC,Grouping Line,Hard,3.1558,3.1558,1,0.0,0.0,0.0,0.0,1.0,0.0,0.0,0.0,0.0,1.0,0.0,,0.0,False,Qwen/Qwen2.5-Coder-14B-Instruct-AWQ,None
1484@x_name@ASC,Grouping Line,Hard,3.1558,3.1558,1,0.0,0.0,0.0,0.0,1.0,0.0,0.0,0.0,0.0,1.0,0.0,,0.0,False,Qwen/Qwen2.5-Coder-14B-Instruct-AWQ,None
1484@x_name@ASC,Grouping Line,Hard,3.1558,3.1558,1,0.0,0.0,0.0,0.0,1.0,0.0,0.0,0.0,0.0,1.0,0.0,,0.0,False,Qwen/Qwen2.5-Coder-14B-Instruct-AWQ,None
1487@y_name@ASC,Stacked Bar,Hard,0.6514,1.3029,2,0.0,0.0,0.0,0.0,0.0,1.0,0.0,0.0,0.0,1.0,0.0,,0.0,False,Qwen/Qwen2.5-Coder-14B-Instruct-AWQ,None
1487@y_name@ASC,Stacked Bar,Hard,0.6514,1.3029,2,0.0,0.0,0.0,0.0,0.0,1.0,0.0,0.0,0.0,1.0,0.0,,0.0,False,Qwen/Qwen2.5-Coder-14B-Instruct-AWQ,None
1487@y_name@ASC,Stacked Bar,Hard,0.6514,1.3029,2,0.0,0.0,0.0,0.0,0.0,1.0,0.0,0.0,0.0,1.0,0.0,,0.0,False,Qwen/Qwen2.5-Coder-14B-Instruct-AWQ,None
1488@x_name@DESC,Stacked Bar,Hard,0.6551,0.6551,1,0.0,0.0,0.0,0.0,0.0,1.0,0.0,0.0,0.0,1.0,0.0,,0.0,False,Qwen/Qwen2.5-Coder-14B-Instruct-AWQ,None
1488@x_name@DESC,Stacked Bar,Hard,0.6551,0.6551,1,0.0,0.0,0.0,0.0,0.0,1.0,0.0,0.0,0.0,1.0,0.0,,0.0,False,Qwen/Qwen2.5-Coder-14B-Instruct-AWQ,None
1488@x_name@DESC,Stacked Bar,Hard,0.6551,0.6551,1,0.0,0.0,0.0,0.0,0.0,1.0,0.0,0.0,0.0,1.0,0.0,,0.0,False,Qwen/Qwen2.5-Coder-14B-Instruct-AWQ,None
1491@y_name@DESC,Bar,Medium,0.4505,0.9011,2,0.0,0.0,0.0,0.0,0.0,0.0,0.0,0.0,0.0,0.0,1.0,0.0,0.0,False,Qwen/Qwen2.5-Coder-14B-Instruct-AWQ,None
1491@y_name@DESC,Bar,Medium,0.4505,0.9011,2,0.0,0.0,0.0,0.0,0.0,0.0,0.0,0.0,0.0,0.0,1.0,0.0,0.0,False,Qwen/Qwen2.5-Coder-14B-Instruct-AWQ,None
1491@y_name@DESC,Bar,Medium,0.4505,0.9011,2,0.0,0.0,0.0,0.0,0.0,0.0,0.0,0.0,0.0,0.0,1.0,0.0,0.0,False,Qwen/Qwen2.5-Coder-14B-Instruct-AWQ,None
1493@y_name@ASC,Bar,Medium,0.4957,0.9914,2,0.0,0.0,0.0,0.0,0.0,0.0,0.0,0.0,0.0,0.0,1.0,0.0,0.0,False,Qwen/Qwen2.5-Coder-14B-Instruct-AWQ,None
1493@y_name@ASC,Bar,Medium,0.4957,0.9914,2,0.0,0.0,0.0,0.0,0.0,0.0,0.0,0.0,0.0,0.0,1.0,0.0,0.0,False,Qwen/Qwen2.5-Coder-14B-Instruct-AWQ,None
1493@y_name@ASC,Bar,Medium,0.4957,0.9914,2,0.0,0.0,0.0,0.0,0.0,0.0,0.0,0.0,0.0,0.0,1.0,0.0,0.0,False,Qwen/Qwen2.5-Coder-14B-Instruct-AWQ,None
1494@x_name@ASC,Line,Medium,0.4319,0.4319,1,0.0,0.0,0.0,0.0,0.0,0.0,0.0,0.0,0.0,0.0,1.0,0.0,0.0,False,Qwen/Qwen2.5-Coder-14B-Instruct-AWQ,None
1494@x_name@ASC,Line,Medium,0.4319,0.4319,1,0.0,0.0,0.0,0.0,0.0,0.0,0.0,0.0,0.0,0.0,1.0,0.0,0.0,False,Qwen/Qwen2.5-Coder-14B-Instruct-AWQ,None
1494@x_name@ASC,Line,Medium,0.4319,0.4319,1,0.0,0.0,0.0,0.0,0.0,0.0,0.0,0.0,0.0,0.0,1.0,0.0,0.0,False,Qwen/Qwen2.5-Coder-14B-Instruct-AWQ,None
1495@x_name@ASC,Line,Medium,0.4483,1.3449,3,0.0,0.0,0.0,0.0,0.0,0.0,0.0,0.0,0.0,0.0,1.0,0.0,0.0,False,Qwen/Qwen2.5-Coder-14B-Instruct-AWQ,None
1495@x_name@ASC,Line,Medium,0.4483,1.3449,3,0.0,0.0,0.0,0.0,0.0,0.0,0.0,0.0,0.0,0.0,1.0,0.0,0.0,False,Qwen/Qwen2.5-Coder-14B-Instruct-AWQ,None
1495@x_name@ASC,Line,Medium,0.4483,1.3449,3,0.0,0.0,0.0,0.0,0.0,0.0,0.0,0.0,0.0,0.0,1.0,0.0,0.0,False,Qwen/Qwen2.5-Coder-14B-Instruct-AWQ,None
1523@x_name@DESC,Bar,Extra Hard,1.1004,1.1004,1,0.0,0.0,0.0,0.0,0.0,0.0,0.0,0.0,0.0,0.0,1.0,0.0,0.0,True,Qwen/Qwen2.5-Coder-14B-Instruct-AWQ,None
1523@x_name@DESC,Bar,Extra Hard,1.1004,1.1004,1,0.0,0.0,0.0,0.0,0.0,0.0,0.0,0.0,0.0,0.0,1.0,0.0,0.0,True,Qwen/Qwen2.5-Coder-14B-Instruct-AWQ,None
1523@x_name@DESC,Bar,Extra Hard,1.1004,1.1004,1,0.0,0.0,0.0,0.0,0.0,0.0,0.0,0.0,0.0,0.0,1.0,0.0,0.0,True,Qwen/Qwen2.5-Coder-14B-Instruct-AWQ,None
1525@y_name@ASC,Bar,Hard,0.733,2.199,3,0.0,0.0,0.0,0.0,0.0,0.0,0.0,0.0,0.0,0.0,1.0,0.0,0.0,True,Qwen/Qwen2.5-Coder-14B-Instruct-AWQ,None
1525@y_name@ASC,Bar,Hard,0.733,2.199,3,0.0,0.0,0.0,0.0,0.0,0.0,0.0,0.0,0.0,0.0,1.0,0.0,0.0,True,Qwen/Qwen2.5-Coder-14B-Instruct-AWQ,None
1525@y_name@ASC,Bar,Hard,0.733,2.199,3,0.0,0.0,0.0,0.0,0.0,0.0,0.0,0.0,0.0,0.0,1.0,0.0,0.0,True,Qwen/Qwen2.5-Coder-14B-Instruct-AWQ,None
1532@x_name@DESC,Bar,Hard,0.676,2.028,3,0.0,0.0,0.0,0.0,0.0,0.0,0.0,0.0,0.0,0.0,1.0,0.0,0.0,True,Qwen/Qwen2.5-Coder-14B-Instruct-AWQ,None
1532@x_name@DESC,Bar,Hard,0.676,2.028,3,0.0,0.0,0.0,0.0,0.0,0.0,0.0,0.0,0.0,0.0,1.0,0.0,0.0,True,Qwen/Qwen2.5-Coder-14B-Instruct-AWQ,None
1532@x_name@DESC,Bar,Hard,0.676,2.028,3,0.0,0.0,0.0,0.0,0.0,0.0,0.0,0.0,0.0,0.0,1.0,0.0,0.0,True,Qwen/Qwen2.5-Coder-14B-Instruct-AWQ,None
2308@y_name@DESC,Bar,Medium,0.5659,0.5659,1,0.0,0.0,0.0,0.0,0.0,0.0,0.0,0.0,0.0,0.0,1.0,0.0,0.0,False,Qwen/Qwen2.5-Coder-14B-Instruct-AWQ,None
2308@y_name@DESC,Bar,Medium,0.5659,0.5659,1,0.0,0.0,0.0,0.0,0.0,0.0,0.0,0.0,0.0,0.0,1.0,0.0,0.0,False,Qwen/Qwen2.5-Coder-14B-Instruct-AWQ,None
2308@y_name@DESC,Bar,Medium,0.5659,0.5659,1,0.0,0.0,0.0,0.0,0.0,0.0,0.0,0.0,0.0,0.0,1.0,0.0,0.0,False,Qwen/Qwen2.5-Coder-14B-Instruct-AWQ,None
2310@x_name@DESC,Bar,Hard,0.9105,0.9105,1,0.0,0.0,0.0,0.0,1.0,0.0,0.0,0.0,0.0,1.0,0.0,,0.0,True,Qwen/Qwen2.5-Coder-14B-Instruct-AWQ,None
2310@x_name@DESC,Bar,Hard,0.9105,0.9105,1,0.0,0.0,0.0,0.0,1.0,0.0,0.0,0.0,0.0,1.0,0.0,,0.0,True,Qwen/Qwen2.5-Coder-14B-Instruct-AWQ,None
2310@x_name@DESC,Bar,Hard,0.9105,0.9105,1,0.0,0.0,0.0,0.0,1.0,0.0,0.0,0.0,0.0,1.0,0.0,,0.0,True,Qwen/Qwen2.5-Coder-14B-Instruct-AWQ,None
2314@x_name@DESC,Bar,Medium,0.7945,1.589,2,0.0,0.0,0.0,0.0,0.0,0.0,0.0,0.0,0.0,0.0,1.0,0.0,0.0,True,Qwen/Qwen2.5-Coder-14B-Instruct-AWQ,None
2314@x_name@DESC,Bar,Medium,0.7945,1.589,2,0.0,0.0,0.0,0.0,0.0,0.0,0.0,0.0,0.0,0.0,1.0,0.0,0.0,True,Qwen/Qwen2.5-Coder-14B-Instruct-AWQ,None
2314@x_name@DESC,Bar,Medium,0.7945,1.589,2,0.0,0.0,0.0,0.0,0.0,0.0,0.0,0.0,0.0,0.0,1.0,0.0,0.0,True,Qwen/Qwen2.5-Coder-14B-Instruct-AWQ,None
2831@x_name@DESC,Bar,Medium,0.4718,1.4153,3,0.0,0.0,0.0,0.0,0.0,0.6666666666666666,0.0,0.0,0.0,0.6666666666666666,0.3333333333333333,0.0,0.0,False,Qwen/Qwen2.5-Coder-14B-Instruct-AWQ,None
2831@x_name@DESC,Bar,Medium,0.4718,1.4153,3,0.0,0.0,0.0,0.0,0.0,0.6666666666666666,0.0,0.0,0.0,0.6666666666666666,0.3333333333333333,0.0,0.0,False,Qwen/Qwen2.5-Coder-14B-Instruct-AWQ,None
2831@x_name@DESC,Bar,Medium,0.4718,1.4153,3,0.0,0.0,0.0,0.0,0.0,0.6666666666666666,0.0,0.0,0.0,0.6666666666666666,0.3333333333333333,0.0,0.0,False,Qwen/Qwen2.5-Coder-14B-Instruct-AWQ,None
2834@x_name@DESC,Bar,Medium,0.4976,0.4976,1,0.0,0.0,0.0,0.0,0.0,1.0,0.0,0.0,0.0,1.0,0.0,,0.0,False,Qwen/Qwen2.5-Coder-14B-Instruct-AWQ,None
2834@x_name@DESC,Bar,Medium,0.4976,0.4976,1,0.0,0.0,0.0,0.0,0.0,1.0,0.0,0.0,0.0,1.0,0.0,,0.0,False,Qwen/Qwen2.5-Coder-14B-Instruct-AWQ,None
2834@x_name@DESC,Bar,Medium,0.4976,0.4976,1,0.0,0.0,0.0,0.0,0.0,1.0,0.0,0.0,0.0,1.0,0.0,,0.0,False,Qwen/Qwen2.5-Coder-14B-Instruct-AWQ,None
2838@x_name@ASC,Bar,Medium,0.4823,0.9646,2,0.0,0.0,0.0,0.0,0.0,0.0,0.0,0.0,0.0,0.0,1.0,0.0,0.0,False,Qwen/Qwen2.5-Coder-14B-Instruct-AWQ,None
2838@x_name@ASC,Bar,Medium,0.4823,0.9646,2,0.0,0.0,0.0,0.0,0.0,0.0,0.0,0.0,0.0,0.0,1.0,0.0,0.0,False,Qwen/Qwen2.5-Coder-14B-Instruct-AWQ,None
2838@x_name@ASC,Bar,Medium,0.4823,0.9646,2,0.0,0.0,0.0,0.0,0.0,0.0,0.0,0.0,0.0,0.0,1.0,0.0,0.0,False,Qwen/Qwen2.5-Coder-14B-Instruct-AWQ,None
2841@y_name@ASC,Bar,Medium,0.6134,1.2268,2,0.0,0.0,0.0,0.0,0.0,0.0,0.0,0.0,0.0,0.0,1.0,0.0,0.0,False,Qwen/Qwen2.5-Coder-14B-Instruct-AWQ,None
2841@y_name@ASC,Bar,Medium,0.6134,1.2268,2,0.0,0.0,0.0,0.0,0.0,0.0,0.0,0.0,0.0,0.0,1.0,0.0,0.0,False,Qwen/Qwen2.5-Coder-14B-Instruct-AWQ,None
2841@y_name@ASC,Bar,Medium,0.6134,1.2268,2,0.0,0.0,0.0,0.0,0.0,0.0,0.0,0.0,0.0,0.0,1.0,0.0,0.0,False,Qwen/Qwen2.5-Coder-14B-Instruct-AWQ,None
2844@y_name@DESC,Bar,Medium,0.4605,0.9209,2,0.0,0.0,0.0,0.0,0.0,0.0,0.0,0.0,0.0,0.0,1.0,0.0,0.0,False,Qwen/Qwen2.5-Coder-14B-Instruct-AWQ,None
2844@y_name@DESC,Bar,Medium,0.4605,0.9209,2,0.0,0.0,0.0,0.0,0.0,0.0,0.0,0.0,0.0,0.0,1.0,0.0,0.0,False,Qwen/Qwen2.5-Coder-14B-Instruct-AWQ,None
2844@y_name@DESC,Bar,Medium,0.4605,0.9209,2,0.0,0.0,0.0,0.0,0.0,0.0,0.0,0.0,0.0,0.0,1.0,0.0,0.0,False,Qwen/Qwen2.5-Coder-14B-Instruct-AWQ,None
2845@y_name@ASC,Bar,Extra Hard,1.103,1.103,1,0.0,0.0,0.0,0.0,0.0,0.0,0.0,0.0,0.0,0.0,1.0,0.0,0.0,True,Qwen/Qwen2.5-Coder-14B-Instruct-AWQ,None
2845@y_name@ASC,Bar,Extra Hard,1.103,1.103,1,0.0,0.0,0.0,0.0,0.0,0.0,0.0,0.0,0.0,0.0,1.0,0.0,0.0,True,Qwen/Qwen2.5-Coder-14B-Instruct-AWQ,None
2845@y_name@ASC,Bar,Extra Hard,1.103,1.103,1,0.0,0.0,0.0,0.0,0.0,0.0,0.0,0.0,0.0,0.0,1.0,0.0,0.0,True,Qwen/Qwen2.5-Coder-14B-Instruct-AWQ,None
2544@y_name@ASC,Bar,Medium,0.4318,1.2955,3,0.0,0.0,0.0,0.0,0.0,0.0,0.0,0.0,0.0,0.0,1.0,0.0,0.0,False,Qwen/Qwen2.5-Coder-14B-Instruct-AWQ,None
2544@y_name@ASC,Bar,Medium,0.4318,1.2955,3,0.0,0.0,0.0,0.0,0.0,0.0,0.0,0.0,0.0,0.0,1.0,0.0,0.0,False,Qwen/Qwen2.5-Coder-14B-Instruct-AWQ,None
2544@y_name@ASC,Bar,Medium,0.4318,1.2955,3,0.0,0.0,0.0,0.0,0.0,0.0,0.0,0.0,0.0,0.0,1.0,0.0,0.0,False,Qwen/Qwen2.5-Coder-14B-Instruct-AWQ,None
2865@y_name@ASC,Bar,Hard,0.9205,2.7615,3,0.0,0.0,0.0,0.0,0.0,0.0,0.0,0.0,0.0,0.0,1.0,0.0,0.0,True,Qwen/Qwen2.5-Coder-14B-Instruct-AWQ,None
2865@y_name@ASC,Bar,Hard,0.9205,2.7615,3,0.0,0.0,0.0,0.0,0.0,0.0,0.0,0.0,0.0,0.0,1.0,0.0,0.0,True,Qwen/Qwen2.5-Coder-14B-Instruct-AWQ,None
2865@y_name@ASC,Bar,Hard,0.9205,2.7615,3,0.0,0.0,0.0,0.0,0.0,0.0,0.0,0.0,0.0,0.0,1.0,0.0,0.0,True,Qwen/Qwen2.5-Coder-14B-Instruct-AWQ,None
2867@x_name@ASC,Bar,Hard,0.7118,1.4236,2,0.0,0.0,0.0,0.0,0.0,0.0,0.0,0.0,0.0,0.0,1.0,0.0,0.0,True,Qwen/Qwen2.5-Coder-14B-Instruct-AWQ,None
2867@x_name@ASC,Bar,Hard,0.7118,1.4236,2,0.0,0.0,0.0,0.0,0.0,0.0,0.0,0.0,0.0,0.0,1.0,0.0,0.0,True,Qwen/Qwen2.5-Coder-14B-Instruct-AWQ,None
2867@x_name@ASC,Bar,Hard,0.7118,1.4236,2,0.0,0.0,0.0,0.0,0.0,0.0,0.0,0.0,0.0,0.0,1.0,0.0,0.0,True,Qwen/Qwen2.5-Coder-14B-Instruct-AWQ,None
2868@y_name@ASC,Bar,Medium,0.5716,1.1432,2,0.0,0.0,0.0,0.0,0.0,0.0,0.0,0.0,0.0,0.0,1.0,0.0,0.0,False,Qwen/Qwen2.5-Coder-14B-Instruct-AWQ,None
2868@y_name@ASC,Bar,Medium,0.5716,1.1432,2,0.0,0.0,0.0,0.0,0.0,0.0,0.0,0.0,0.0,0.0,1.0,0.0,0.0,False,Qwen/Qwen2.5-Coder-14B-Instruct-AWQ,None
2868@y_name@ASC,Bar,Medium,0.5716,1.1432,2,0.0,0.0,0.0,0.0,0.0,0.0,0.0,0.0,0.0,0.0,1.0,0.0,0.0,False,Qwen/Qwen2.5-Coder-14B-Instruct-AWQ,None
2869@y_name@DESC,Bar,Medium,0.5871,1.1743,2,0.0,0.0,0.0,0.0,0.0,0.0,0.0,0.0,0.0,0.0,1.0,0.0,0.0,False,Qwen/Qwen2.5-Coder-14B-Instruct-AWQ,None
2869@y_name@DESC,Bar,Medium,0.5871,1.1743,2,0.0,0.0,0.0,0.0,0.0,0.0,0.0,0.0,0.0,0.0,1.0,0.0,0.0,False,Qwen/Qwen2.5-Coder-14B-Instruct-AWQ,None
2869@y_name@DESC,Bar,Medium,0.5871,1.1743,2,0.0,0.0,0.0,0.0,0.0,0.0,0.0,0.0,0.0,0.0,1.0,0.0,0.0,False,Qwen/Qwen2.5-Coder-14B-Instruct-AWQ,None
1407@y_name@DESC,Bar,Medium,1.2019,4.8075,4,0.0,0.0,0.0,0.0,0.0,0.0,0.0,0.0,0.0,0.0,1.0,0.0,0.0,False,Qwen/Qwen2.5-Coder-14B-Instruct-AWQ,None
1407@y_name@DESC,Bar,Medium,1.2019,4.8075,4,0.0,0.0,0.0,0.0,0.0,0.0,0.0,0.0,0.0,0.0,1.0,0.0,0.0,False,Qwen/Qwen2.5-Coder-14B-Instruct-AWQ,None
1407@y_name@DESC,Bar,Medium,1.2019,4.8075,4,0.0,0.0,0.0,0.0,0.0,0.0,0.0,0.0,0.0,0.0,1.0,0.0,0.0,False,Qwen/Qwen2.5-Coder-14B-Instruct-AWQ,None
1409@y_name@DESC,Bar,Hard,0.6867,2.7466,4,0.0,0.0,0.0,0.0,0.0,0.0,0.0,0.0,0.0,0.0,1.0,0.0,0.0,True,Qwen/Qwen2.5-Coder-14B-Instruct-AWQ,None
1409@y_name@DESC,Bar,Hard,0.6867,2.7466,4,0.0,0.0,0.0,0.0,0.0,0.0,0.0,0.0,0.0,0.0,1.0,0.0,0.0,True,Qwen/Qwen2.5-Coder-14B-Instruct-AWQ,None
1409@y_name@DESC,Bar,Hard,0.6867,2.7466,4,0.0,0.0,0.0,0.0,0.0,0.0,0.0,0.0,0.0,0.0,1.0,0.0,0.0,True,Qwen/Qwen2.5-Coder-14B-Instruct-AWQ,None
1413@y_name@ASC,Bar,Hard,0.5307,1.0613,2,0.0,0.0,0.0,0.0,0.0,0.0,0.0,0.0,0.0,0.0,1.0,0.0,0.0,False,Qwen/Qwen2.5-Coder-14B-Instruct-AWQ,None
1413@y_name@ASC,Bar,Hard,0.5307,1.0613,2,0.0,0.0,0.0,0.0,0.0,0.0,0.0,0.0,0.0,0.0,1.0,0.0,0.0,False,Qwen/Qwen2.5-Coder-14B-Instruct-AWQ,None
1413@y_name@ASC,Bar,Hard,0.5307,1.0613,2,0.0,0.0,0.0,0.0,0.0,0.0,0.0,0.0,0.0,0.0,1.0,0.0,0.0,False,Qwen/Qwen2.5-Coder-14B-Instruct-AWQ,None
1414@y_name@DESC,Bar,Easy,0.3954,0.7908,2,0.0,0.0,0.0,0.0,0.0,0.0,0.0,0.0,0.0,0.0,1.0,0.0,0.0,False,Qwen/Qwen2.5-Coder-14B-Instruct-AWQ,None
1414@y_name@DESC,Bar,Easy,0.3954,0.7908,2,0.0,0.0,0.0,0.0,0.0,0.0,0.0,0.0,0.0,0.0,1.0,0.0,0.0,False,Qwen/Qwen2.5-Coder-14B-Instruct-AWQ,None
1414@y_name@DESC,Bar,Easy,0.3954,0.7908,2,0.0,0.0,0.0,0.0,0.0,0.0,0.0,0.0,0.0,0.0,1.0,0.0,0.0,False,Qwen/Qwen2.5-Coder-14B-Instruct-AWQ,None
2173@y_name@DESC,Bar,Hard,0.7292,2.1876,3,0.0,0.0,0.0,0.0,0.0,0.0,0.0,0.0,0.0,0.0,1.0,0.0,0.0,True,Qwen/Qwen2.5-Coder-14B-Instruct-AWQ,None
2173@y_name@DESC,Bar,Hard,0.7292,2.1876,3,0.0,0.0,0.0,0.0,0.0,0.0,0.0,0.0,0.0,0.0,1.0,0.0,0.0,True,Qwen/Qwen2.5-Coder-14B-Instruct-AWQ,None
2173@y_name@DESC,Bar,Hard,0.7292,2.1876,3,0.0,0.0,0.0,0.0,0.0,0.0,0.0,0.0,0.0,0.0,1.0,0.0,0.0,True,Qwen/Qwen2.5-Coder-14B-Instruct-AWQ,None
2175@y_name@ASC,Bar,Medium,0.5198,0.5198,1,0.0,0.0,0.0,0.0,0.0,0.0,0.0,0.0,0.0,0.0,1.0,0.0,0.0,False,Qwen/Qwen2.5-Coder-14B-Instruct-AWQ,None
2175@y_name@ASC,Bar,Medium,0.5198,0.5198,1,0.0,0.0,0.0,0.0,0.0,0.0,0.0,0.0,0.0,0.0,1.0,0.0,0.0,False,Qwen/Qwen2.5-Coder-14B-Instruct-AWQ,None
2175@y_name@ASC,Bar,Medium,0.5198,0.5198,1,0.0,0.0,0.0,0.0,0.0,0.0,0.0,0.0,0.0,0.0,1.0,0.0,0.0,False,Qwen/Qwen2.5-Coder-14B-Instruct-AWQ,None
2176@y_name@DESC,Bar,Medium,2.2607,4.5215,2,0.0,0.0,0.0,0.0,0.0,0.0,0.0,0.0,0.0,0.0,1.0,0.0,0.0,True,Qwen/Qwen2.5-Coder-14B-Instruct-AWQ,None
2176@y_name@DESC,Bar,Medium,2.2607,4.5215,2,0.0,0.0,0.0,0.0,0.0,0.0,0.0,0.0,0.0,0.0,1.0,0.0,0.0,True,Qwen/Qwen2.5-Coder-14B-Instruct-AWQ,None
2176@y_name@DESC,Bar,Medium,2.2607,4.5215,2,0.0,0.0,0.0,0.0,0.0,0.0,0.0,0.0,0.0,0.0,1.0,0.0,0.0,True,Qwen/Qwen2.5-Coder-14B-Instruct-AWQ,None
2177@x_name@ASC,Bar,Medium,0.4493,0.8987,2,0.0,0.0,0.0,0.0,0.0,0.0,0.0,0.0,0.0,0.0,1.0,0.0,0.0,False,Qwen/Qwen2.5-Coder-14B-Instruct-AWQ,None
2177@x_name@ASC,Bar,Medium,0.4493,0.8987,2,0.0,0.0,0.0,0.0,0.0,0.0,0.0,0.0,0.0,0.0,1.0,0.0,0.0,False,Qwen/Qwen2.5-Coder-14B-Instruct-AWQ,None
2177@x_name@ASC,Bar,Medium,0.4493,0.8987,2,0.0,0.0,0.0,0.0,0.0,0.0,0.0,0.0,0.0,0.0,1.0,0.0,0.0,False,Qwen/Qwen2.5-Coder-14B-Instruct-AWQ,None
2178@x_name@DESC,Bar,Medium,0.4898,0.4898,1,0.0,0.0,0.0,0.0,0.0,1.0,0.0,0.0,0.0,1.0,0.0,,0.0,False,Qwen/Qwen2.5-Coder-14B-Instruct-AWQ,None
2178@x_name@DESC,Bar,Medium,0.4898,0.4898,1,0.0,0.0,0.0,0.0,0.0,1.0,0.0,0.0,0.0,1.0,0.0,,0.0,False,Qwen/Qwen2.5-Coder-14B-Instruct-AWQ,None
2178@x_name@DESC,Bar,Medium,0.4898,0.4898,1,0.0,0.0,0.0,0.0,0.0,1.0,0.0,0.0,0.0,1.0,0.0,,0.0,False,Qwen/Qwen2.5-Coder-14B-Instruct-AWQ,None
2179@y_name@DESC,Bar,Medium,0.4205,0.8409,2,0.0,0.0,0.0,0.0,0.5,0.0,0.0,0.0,0.0,0.5,0.5,0.0,0.0,False,Qwen/Qwen2.5-Coder-14B-Instruct-AWQ,None
2179@y_name@DESC,Bar,Medium,0.4205,0.8409,2,0.0,0.0,0.0,0.0,0.5,0.0,0.0,0.0,0.0,0.5,0.5,0.0,0.0,False,Qwen/Qwen2.5-Coder-14B-Instruct-AWQ,None
2179@y_name@DESC,Bar,Medium,0.4205,0.8409,2,0.0,0.0,0.0,0.0,0.5,0.0,0.0,0.0,0.0,0.5,0.5,0.0,0.0,False,Qwen/Qwen2.5-Coder-14B-Instruct-AWQ,None
2191@x_name@DESC,Bar,Medium,0.499,1.4969,3,0.0,0.0,0.0,0.0,0.0,0.3333333333333333,0.0,0.0,0.0,0.3333333333333333,0.6666666666666666,0.0,0.0,False,Qwen/Qwen2.5-Coder-14B-Instruct-AWQ,None
2191@x_name@DESC,Bar,Medium,0.499,1.4969,3,0.0,0.0,0.0,0.0,0.0,0.3333333333333333,0.0,0.0,0.0,0.3333333333333333,0.6666666666666666,0.0,0.0,False,Qwen/Qwen2.5-Coder-14B-Instruct-AWQ,None
2191@x_name@DESC,Bar,Medium,0.499,1.4969,3,0.0,0.0,0.0,0.0,0.0,0.3333333333333333,0.0,0.0,0.0,0.3333333333333333,0.6666666666666666,0.0,0.0,False,Qwen/Qwen2.5-Coder-14B-Instruct-AWQ,None
2201@x_name@DESC,Bar,Medium,0.7383,1.4767,2,0.0,0.0,0.0,0.0,0.0,0.5,0.0,0.0,0.0,0.5,0.5,0.0,0.0,False,Qwen/Qwen2.5-Coder-14B-Instruct-AWQ,None
2201@x_name@DESC,Bar,Medium,0.7383,1.4767,2,0.0,0.0,0.0,0.0,0.0,0.5,0.0,0.0,0.0,0.5,0.5,0.0,0.0,False,Qwen/Qwen2.5-Coder-14B-Instruct-AWQ,None
2201@x_name@DESC,Bar,Medium,0.7383,1.4767,2,0.0,0.0,0.0,0.0,0.0,0.5,0.0,0.0,0.0,0.5,0.5,0.0,0.0,False,Qwen/Qwen2.5-Coder-14B-Instruct-AWQ,None
2203@x_name@DESC,Bar,Medium,0.7142,0.7142,1,0.0,0.0,0.0,0.0,0.0,1.0,0.0,0.0,0.0,1.0,0.0,,0.0,True,Qwen/Qwen2.5-Coder-14B-Instruct-AWQ,None
2203@x_name@DESC,Bar,Medium,0.7142,0.7142,1,0.0,0.0,0.0,0.0,0.0,1.0,0.0,0.0,0.0,1.0,0.0,,0.0,True,Qwen/Qwen2.5-Coder-14B-Instruct-AWQ,None
2203@x_name@DESC,Bar,Medium,0.7142,0.7142,1,0.0,0.0,0.0,0.0,0.0,1.0,0.0,0.0,0.0,1.0,0.0,,0.0,True,Qwen/Qwen2.5-Coder-14B-Instruct-AWQ,None
2215@x_name@ASC,Bar,Hard,2.0436,4.0872,2,0.0,0.0,0.0,0.0,0.0,0.0,0.0,0.0,0.0,0.0,1.0,0.0,0.0,True,Qwen/Qwen2.5-Coder-14B-Instruct-AWQ,None
2215@x_name@ASC,Bar,Hard,2.0436,4.0872,2,0.0,0.0,0.0,0.0,0.0,0.0,0.0,0.0,0.0,0.0,1.0,0.0,0.0,True,Qwen/Qwen2.5-Coder-14B-Instruct-AWQ,None
2215@x_name@ASC,Bar,Hard,2.0436,4.0872,2,0.0,0.0,0.0,0.0,0.0,0.0,0.0,0.0,0.0,0.0,1.0,0.0,0.0,True,Qwen/Qwen2.5-Coder-14B-Instruct-AWQ,None
2224@x_name@ASC,Bar,Hard,3.7792,11.3377,3,0.0,0.0,0.0,0.0,0.0,0.0,0.0,0.0,0.0,0.0,1.0,0.0,0.0,True,Qwen/Qwen2.5-Coder-14B-Instruct-AWQ,None
2224@x_name@ASC,Bar,Hard,3.7792,11.3377,3,0.0,0.0,0.0,0.0,0.0,0.0,0.0,0.0,0.0,0.0,1.0,0.0,0.0,True,Qwen/Qwen2.5-Coder-14B-Instruct-AWQ,None
2224@x_name@ASC,Bar,Hard,3.7792,11.3377,3,0.0,0.0,0.0,0.0,0.0,0.0,0.0,0.0,0.0,0.0,1.0,0.0,0.0,True,Qwen/Qwen2.5-Coder-14B-Instruct-AWQ,None
2225@y_name@DESC,Bar,Hard,3.7324,11.1972,3,0.0,0.0,0.0,0.0,0.0,0.0,0.0,0.0,0.0,0.0,1.0,0.0,0.0,True,Qwen/Qwen2.5-Coder-14B-Instruct-AWQ,None
2225@y_name@DESC,Bar,Hard,3.7324,11.1972,3,0.0,0.0,0.0,0.0,0.0,0.0,0.0,0.0,0.0,0.0,1.0,0.0,0.0,True,Qwen/Qwen2.5-Coder-14B-Instruct-AWQ,None
2225@y_name@DESC,Bar,Hard,3.7324,11.1972,3,0.0,0.0,0.0,0.0,0.0,0.0,0.0,0.0,0.0,0.0,1.0,0.0,0.0,True,Qwen/Qwen2.5-Coder-14B-Instruct-AWQ,None
2235@x_name@DESC,Bar,Hard,0.7137,1.4274,2,0.0,0.0,0.0,0.0,0.5,0.0,0.0,0.0,0.0,0.5,0.5,0.0,0.0,True,Qwen/Qwen2.5-Coder-14B-Instruct-AWQ,None
2235@x_name@DESC,Bar,Hard,0.7137,1.4274,2,0.0,0.0,0.0,0.0,0.5,0.0,0.0,0.0,0.0,0.5,0.5,0.0,0.0,True,Qwen/Qwen2.5-Coder-14B-Instruct-AWQ,None
2235@x_name@DESC,Bar,Hard,0.7137,1.4274,2,0.0,0.0,0.0,0.0,0.5,0.0,0.0,0.0,0.0,0.5,0.5,0.0,0.0,True,Qwen/Qwen2.5-Coder-14B-Instruct-AWQ,None
2236@y_name@ASC,Bar,Hard,0.7411,2.9643,4,0.0,0.0,0.0,0.0,1.0,0.0,0.0,0.0,0.0,1.0,0.0,,0.0,True,Qwen/Qwen2.5-Coder-14B-Instruct-AWQ,None
2236@y_name@ASC,Bar,Hard,0.7411,2.9643,4,0.0,0.0,0.0,0.0,1.0,0.0,0.0,0.0,0.0,1.0,0.0,,0.0,True,Qwen/Qwen2.5-Coder-14B-Instruct-AWQ,None
2236@y_name@ASC,Bar,Hard,0.7411,2.9643,4,0.0,0.0,0.0,0.0,1.0,0.0,0.0,0.0,0.0,1.0,0.0,,0.0,True,Qwen/Qwen2.5-Coder-14B-Instruct-AWQ,None
2305@y_name@ASC,Bar,Hard,0.6567,1.3134,2,0.0,0.0,0.0,0.0,1.0,0.0,0.0,0.0,0.0,1.0,0.0,,0.0,True,Qwen/Qwen2.5-Coder-14B-Instruct-AWQ,None
2305@y_name@ASC,Bar,Hard,0.6567,1.3134,2,0.0,0.0,0.0,0.0,1.0,0.0,0.0,0.0,0.0,1.0,0.0,,0.0,True,Qwen/Qwen2.5-Coder-14B-Instruct-AWQ,None
2305@y_name@ASC,Bar,Hard,0.6567,1.3134,2,0.0,0.0,0.0,0.0,1.0,0.0,0.0,0.0,0.0,1.0,0.0,,0.0,True,Qwen/Qwen2.5-Coder-14B-Instruct-AWQ,None
894@y_name@DESC,Bar,Medium,0.6155,1.231,2,0.0,0.0,0.0,0.0,0.0,0.0,0.0,0.0,0.0,0.0,1.0,0.0,0.0,False,Qwen/Qwen2.5-Coder-14B-Instruct-AWQ,None
894@y_name@DESC,Bar,Medium,0.6155,1.231,2,0.0,0.0,0.0,0.0,0.0,0.0,0.0,0.0,0.0,0.0,1.0,0.0,0.0,False,Qwen/Qwen2.5-Coder-14B-Instruct-AWQ,None
894@y_name@DESC,Bar,Medium,0.6155,1.231,2,0.0,0.0,0.0,0.0,0.0,0.0,0.0,0.0,0.0,0.0,1.0,0.0,0.0,False,Qwen/Qwen2.5-Coder-14B-Instruct-AWQ,None
2643@x_name@DESC,Bar,Medium,0.4084,0.4084,1,0.0,0.0,0.0,0.0,0.0,1.0,0.0,0.0,0.0,1.0,0.0,,0.0,False,Qwen/Qwen2.5-Coder-14B-Instruct-AWQ,None
2643@x_name@DESC,Bar,Medium,0.4084,0.4084,1,0.0,0.0,0.0,0.0,0.0,1.0,0.0,0.0,0.0,1.0,0.0,,0.0,False,Qwen/Qwen2.5-Coder-14B-Instruct-AWQ,None
2643@x_name@DESC,Bar,Medium,0.4084,0.4084,1,0.0,0.0,0.0,0.0,0.0,1.0,0.0,0.0,0.0,1.0,0.0,,0.0,False,Qwen/Qwen2.5-Coder-14B-Instruct-AWQ,None
2648@y_name@ASC,Bar,Medium,0.506,2.5301,5,0.0,0.0,0.0,0.0,0.0,0.0,0.0,0.0,0.0,0.0,1.0,0.0,0.0,False,Qwen/Qwen2.5-Coder-14B-Instruct-AWQ,None
2648@y_name@ASC,Bar,Medium,0.506,2.5301,5,0.0,0.0,0.0,0.0,0.0,0.0,0.0,0.0,0.0,0.0,1.0,0.0,0.0,False,Qwen/Qwen2.5-Coder-14B-Instruct-AWQ,None
2648@y_name@ASC,Bar,Medium,0.506,2.5301,5,0.0,0.0,0.0,0.0,0.0,0.0,0.0,0.0,0.0,0.0,1.0,0.0,0.0,False,Qwen/Qwen2.5-Coder-14B-Instruct-AWQ,None
2788@x_name@DESC,Bar,Medium,3.3782,3.3782,1,0.0,0.0,0.0,0.0,1.0,0.0,0.0,0.0,0.0,1.0,0.0,,0.0,True,Qwen/Qwen2.5-Coder-14B-Instruct-AWQ,None
2788@x_name@DESC,Bar,Medium,3.3782,3.3782,1,0.0,0.0,0.0,0.0,1.0,0.0,0.0,0.0,0.0,1.0,0.0,,0.0,True,Qwen/Qwen2.5-Coder-14B-Instruct-AWQ,None
2788@x_name@DESC,Bar,Medium,3.3782,3.3782,1,0.0,0.0,0.0,0.0,1.0,0.0,0.0,0.0,0.0,1.0,0.0,,0.0,True,Qwen/Qwen2.5-Coder-14B-Instruct-AWQ,None
2790@x_name@DESC,Bar,Medium,0.4766,0.9533,2,0.0,0.0,0.0,0.0,0.0,0.5,0.0,0.0,0.0,0.5,0.5,0.0,0.0,False,Qwen/Qwen2.5-Coder-14B-Instruct-AWQ,None
2790@x_name@DESC,Bar,Medium,0.4766,0.9533,2,0.0,0.0,0.0,0.0,0.0,0.5,0.0,0.0,0.0,0.5,0.5,0.0,0.0,False,Qwen/Qwen2.5-Coder-14B-Instruct-AWQ,None
2790@x_name@DESC,Bar,Medium,0.4766,0.9533,2,0.0,0.0,0.0,0.0,0.0,0.5,0.0,0.0,0.0,0.5,0.5,0.0,0.0,False,Qwen/Qwen2.5-Coder-14B-Instruct-AWQ,None
2800@y_name@ASC,Bar,Medium,0.4666,0.9333,2,0.0,0.0,0.0,0.0,0.0,0.0,0.0,0.0,0.0,0.0,1.0,0.0,0.0,False,Qwen/Qwen2.5-Coder-14B-Instruct-AWQ,None
2800@y_name@ASC,Bar,Medium,0.4666,0.9333,2,0.0,0.0,0.0,0.0,0.0,0.0,0.0,0.0,0.0,0.0,1.0,0.0,0.0,False,Qwen/Qwen2.5-Coder-14B-Instruct-AWQ,None
2800@y_name@ASC,Bar,Medium,0.4666,0.9333,2,0.0,0.0,0.0,0.0,0.0,0.0,0.0,0.0,0.0,0.0,1.0,0.0,0.0,False,Qwen/Qwen2.5-Coder-14B-Instruct-AWQ,None
298@y_name@DESC,Bar,Hard,0.9722,0.9722,1,0.0,0.0,0.0,0.0,1.0,0.0,0.0,0.0,0.0,1.0,0.0,,0.0,False,Qwen/Qwen2.5-Coder-14B-Instruct-AWQ,None
298@y_name@DESC,Bar,Hard,0.9722,0.9722,1,0.0,0.0,0.0,0.0,1.0,0.0,0.0,0.0,0.0,1.0,0.0,,0.0,False,Qwen/Qwen2.5-Coder-14B-Instruct-AWQ,None
298@y_name@DESC,Bar,Hard,0.9722,0.9722,1,0.0,0.0,0.0,0.0,1.0,0.0,0.0,0.0,0.0,1.0,0.0,,0.0,False,Qwen/Qwen2.5-Coder-14B-Instruct-AWQ,None
303@x_name@DESC,Line,Hard,3.9348,3.9348,1,0.0,0.0,0.0,0.0,0.0,0.0,0.0,0.0,0.0,0.0,1.0,0.0,0.0,False,Qwen/Qwen2.5-Coder-14B-Instruct-AWQ,None
303@x_name@DESC,Line,Hard,3.9348,3.9348,1,0.0,0.0,0.0,0.0,0.0,0.0,0.0,0.0,0.0,0.0,1.0,0.0,0.0,False,Qwen/Qwen2.5-Coder-14B-Instruct-AWQ,None
303@x_name@DESC,Line,Hard,3.9348,3.9348,1,0.0,0.0,0.0,0.0,0.0,0.0,0.0,0.0,0.0,0.0,1.0,0.0,0.0,False,Qwen/Qwen2.5-Coder-14B-Instruct-AWQ,None
317@y_name@DESC,Bar,Medium,10.8452,21.6905,2,1.0,0.0,0.0,0.0,0.0,0.0,0.0,0.0,1.0,0.0,0.0,,0.0,False,Qwen/Qwen2.5-Coder-14B-Instruct-AWQ,None
317@y_name@DESC,Bar,Medium,10.8452,21.6905,2,1.0,0.0,0.0,0.0,0.0,0.0,0.0,0.0,1.0,0.0,0.0,,0.0,False,Qwen/Qwen2.5-Coder-14B-Instruct-AWQ,None
317@y_name@DESC,Bar,Medium,10.8452,21.6905,2,1.0,0.0,0.0,0.0,0.0,0.0,0.0,0.0,1.0,0.0,0.0,,0.0,False,Qwen/Qwen2.5-Coder-14B-Instruct-AWQ,None
330@y_name@ASC,Bar,Hard,1.0598,2.1196,2,0.0,0.0,0.0,0.0,1.0,0.0,0.0,0.0,0.0,1.0,0.0,,0.0,False,Qwen/Qwen2.5-Coder-14B-Instruct-AWQ,None
330@y_name@ASC,Bar,Hard,1.0598,2.1196,2,0.0,0.0,0.0,0.0,1.0,0.0,0.0,0.0,0.0,1.0,0.0,,0.0,False,Qwen/Qwen2.5-Coder-14B-Instruct-AWQ,None
330@y_name@ASC,Bar,Hard,1.0598,2.1196,2,0.0,0.0,0.0,0.0,1.0,0.0,0.0,0.0,0.0,1.0,0.0,,0.0,False,Qwen/Qwen2.5-Coder-14B-Instruct-AWQ,None
339@x_name@DESC,Bar,Medium,0.597,0.597,1,0.0,0.0,0.0,0.0,0.0,0.0,0.0,0.0,0.0,0.0,1.0,0.0,0.0,False,Qwen/Qwen2.5-Coder-14B-Instruct-AWQ,None
339@x_name@DESC,Bar,Medium,0.597,0.597,1,0.0,0.0,0.0,0.0,0.0,0.0,0.0,0.0,0.0,0.0,1.0,0.0,0.0,False,Qwen/Qwen2.5-Coder-14B-Instruct-AWQ,None
339@x_name@DESC,Bar,Medium,0.597,0.597,1,0.0,0.0,0.0,0.0,0.0,0.0,0.0,0.0,0.0,0.0,1.0,0.0,0.0,False,Qwen/Qwen2.5-Coder-14B-Instruct-AWQ,None
349@y_name@DESC,Bar,Hard,0.9815,1.9629,2,0.0,0.0,0.0,0.0,1.0,0.0,0.0,0.0,0.0,1.0,0.0,,0.0,False,Qwen/Qwen2.5-Coder-14B-Instruct-AWQ,None
349@y_name@DESC,Bar,Hard,0.9815,1.9629,2,0.0,0.0,0.0,0.0,1.0,0.0,0.0,0.0,0.0,1.0,0.0,,0.0,False,Qwen/Qwen2.5-Coder-14B-Instruct-AWQ,None
349@y_name@DESC,Bar,Hard,0.9815,1.9629,2,0.0,0.0,0.0,0.0,1.0,0.0,0.0,0.0,0.0,1.0,0.0,,0.0,False,Qwen/Qwen2.5-Coder-14B-Instruct-AWQ,None
2585@x_name@ASC,Bar,Medium,0.4929,0.4929,1,0.0,0.0,0.0,0.0,0.0,1.0,0.0,0.0,0.0,1.0,0.0,,0.0,False,Qwen/Qwen2.5-Coder-14B-Instruct-AWQ,None
2585@x_name@ASC,Bar,Medium,0.4929,0.4929,1,0.0,0.0,0.0,0.0,0.0,1.0,0.0,0.0,0.0,1.0,0.0,,0.0,False,Qwen/Qwen2.5-Coder-14B-Instruct-AWQ,None
2585@x_name@ASC,Bar,Medium,0.4929,0.4929,1,0.0,0.0,0.0,0.0,0.0,1.0,0.0,0.0,0.0,1.0,0.0,,0.0,False,Qwen/Qwen2.5-Coder-14B-Instruct-AWQ,None
2587@y_name@ASC,Bar,Medium,0.448,1.344,3,0.0,0.0,0.0,0.0,0.0,0.0,0.0,0.0,0.0,0.0,1.0,0.0,0.0,False,Qwen/Qwen2.5-Coder-14B-Instruct-AWQ,None
2587@y_name@ASC,Bar,Medium,0.448,1.344,3,0.0,0.0,0.0,0.0,0.0,0.0,0.0,0.0,0.0,0.0,1.0,0.0,0.0,False,Qwen/Qwen2.5-Coder-14B-Instruct-AWQ,None
2587@y_name@ASC,Bar,Medium,0.448,1.344,3,0.0,0.0,0.0,0.0,0.0,0.0,0.0,0.0,0.0,0.0,1.0,0.0,0.0,False,Qwen/Qwen2.5-Coder-14B-Instruct-AWQ,None
927@y_name@ASC,Stacked Bar,Extra Hard,20.8878,20.8878,1,1.0,0.0,0.0,0.0,0.0,0.0,0.0,0.0,1.0,0.0,0.0,,0.0,False,Qwen/Qwen2.5-Coder-14B-Instruct-AWQ,None
927@y_name@ASC,Stacked Bar,Extra Hard,20.8878,20.8878,1,1.0,0.0,0.0,0.0,0.0,0.0,0.0,0.0,1.0,0.0,0.0,,0.0,False,Qwen/Qwen2.5-Coder-14B-Instruct-AWQ,None
927@y_name@ASC,Stacked Bar,Extra Hard,20.8878,20.8878,1,1.0,0.0,0.0,0.0,0.0,0.0,0.0,0.0,1.0,0.0,0.0,,0.0,False,Qwen/Qwen2.5-Coder-14B-Instruct-AWQ,None
932@y_name@DESC,Bar,Medium,0.6924,1.3847,2,0.0,0.0,0.0,0.0,0.0,0.0,0.0,0.0,0.0,0.0,1.0,0.0,0.0,False,Qwen/Qwen2.5-Coder-14B-Instruct-AWQ,None
932@y_name@DESC,Bar,Medium,0.6924,1.3847,2,0.0,0.0,0.0,0.0,0.0,0.0,0.0,0.0,0.0,0.0,1.0,0.0,0.0,False,Qwen/Qwen2.5-Coder-14B-Instruct-AWQ,None
932@y_name@DESC,Bar,Medium,0.6924,1.3847,2,0.0,0.0,0.0,0.0,0.0,0.0,0.0,0.0,0.0,0.0,1.0,0.0,0.0,False,Qwen/Qwen2.5-Coder-14B-Instruct-AWQ,None
942@x_name@DESC,Grouping Line,Extra Hard,0.8273,0.8273,1,0.0,0.0,0.0,0.0,1.0,0.0,0.0,0.0,0.0,1.0,0.0,,0.0,False,Qwen/Qwen2.5-Coder-14B-Instruct-AWQ,None
942@x_name@DESC,Grouping Line,Extra Hard,0.8273,0.8273,1,0.0,0.0,0.0,0.0,1.0,0.0,0.0,0.0,0.0,1.0,0.0,,0.0,False,Qwen/Qwen2.5-Coder-14B-Instruct-AWQ,None
942@x_name@DESC,Grouping Line,Extra Hard,0.8273,0.8273,1,0.0,0.0,0.0,0.0,1.0,0.0,0.0,0.0,0.0,1.0,0.0,,0.0,False,Qwen/Qwen2.5-Coder-14B-Instruct-AWQ,None
988@x_name@DESC,Bar,Hard,0.9315,0.9315,1,0.0,0.0,0.0,0.0,0.0,0.0,0.0,0.0,0.0,0.0,1.0,0.0,0.0,True,Qwen/Qwen2.5-Coder-14B-Instruct-AWQ,None
988@x_name@DESC,Bar,Hard,0.9315,0.9315,1,0.0,0.0,0.0,0.0,0.0,0.0,0.0,0.0,0.0,0.0,1.0,0.0,0.0,True,Qwen/Qwen2.5-Coder-14B-Instruct-AWQ,None
988@x_name@DESC,Bar,Hard,0.9315,0.9315,1,0.0,0.0,0.0,0.0,0.0,0.0,0.0,0.0,0.0,0.0,1.0,0.0,0.0,True,Qwen/Qwen2.5-Coder-14B-Instruct-AWQ,None
1099@x_name@ASC,Bar,Easy,0.4775,0.4775,1,0.0,0.0,0.0,0.0,0.0,0.0,0.0,0.0,0.0,0.0,1.0,0.0,0.0,False,Qwen/Qwen2.5-Coder-14B-Instruct-AWQ,None
1099@x_name@ASC,Bar,Easy,0.4775,0.4775,1,0.0,0.0,0.0,0.0,0.0,0.0,0.0,0.0,0.0,0.0,1.0,0.0,0.0,False,Qwen/Qwen2.5-Coder-14B-Instruct-AWQ,None
1099@x_name@ASC,Bar,Easy,0.4775,0.4775,1,0.0,0.0,0.0,0.0,0.0,0.0,0.0,0.0,0.0,0.0,1.0,0.0,0.0,False,Qwen/Qwen2.5-Coder-14B-Instruct-AWQ,None
1100@x_name@ASC,Line,Medium,0.5003,0.5003,1,0.0,0.0,0.0,0.0,0.0,0.0,0.0,0.0,0.0,0.0,1.0,0.0,0.0,False,Qwen/Qwen2.5-Coder-14B-Instruct-AWQ,None
1100@x_name@ASC,Line,Medium,0.5003,0.5003,1,0.0,0.0,0.0,0.0,0.0,0.0,0.0,0.0,0.0,0.0,1.0,0.0,0.0,False,Qwen/Qwen2.5-Coder-14B-Instruct-AWQ,None
1100@x_name@ASC,Line,Medium,0.5003,0.5003,1,0.0,0.0,0.0,0.0,0.0,0.0,0.0,0.0,0.0,0.0,1.0,0.0,0.0,False,Qwen/Qwen2.5-Coder-14B-Instruct-AWQ,None
1101@x_name@ASC,Line,Medium,0.475,0.9499,2,0.0,0.0,0.0,0.0,1.0,0.0,0.0,0.0,0.0,1.0,0.0,,0.0,False,Qwen/Qwen2.5-Coder-14B-Instruct-AWQ,None
1101@x_name@ASC,Line,Medium,0.475,0.9499,2,0.0,0.0,0.0,0.0,1.0,0.0,0.0,0.0,0.0,1.0,0.0,,0.0,False,Qwen/Qwen2.5-Coder-14B-Instruct-AWQ,None
1101@x_name@ASC,Line,Medium,0.475,0.9499,2,0.0,0.0,0.0,0.0,1.0,0.0,0.0,0.0,0.0,1.0,0.0,,0.0,False,Qwen/Qwen2.5-Coder-14B-Instruct-AWQ,None
1105@y_name@ASC,Bar,Extra Hard,0.8769,0.8769,1,0.0,0.0,0.0,0.0,1.0,0.0,0.0,0.0,0.0,1.0,0.0,,0.0,True,Qwen/Qwen2.5-Coder-14B-Instruct-AWQ,None
1105@y_name@ASC,Bar,Extra Hard,0.8769,0.8769,1,0.0,0.0,0.0,0.0,1.0,0.0,0.0,0.0,0.0,1.0,0.0,,0.0,True,Qwen/Qwen2.5-Coder-14B-Instruct-AWQ,None
1105@y_name@ASC,Bar,Extra Hard,0.8769,0.8769,1,0.0,0.0,0.0,0.0,1.0,0.0,0.0,0.0,0.0,1.0,0.0,,0.0,True,Qwen/Qwen2.5-Coder-14B-Instruct-AWQ,None
1112@x_name@DESC,Bar,Medium,0.5076,0.5076,1,0.0,0.0,0.0,0.0,0.0,0.0,0.0,0.0,0.0,0.0,1.0,0.0,0.0,False,Qwen/Qwen2.5-Coder-14B-Instruct-AWQ,None
1112@x_name@DESC,Bar,Medium,0.5076,0.5076,1,0.0,0.0,0.0,0.0,0.0,0.0,0.0,0.0,0.0,0.0,1.0,0.0,0.0,False,Qwen/Qwen2.5-Coder-14B-Instruct-AWQ,None
1112@x_name@DESC,Bar,Medium,0.5076,0.5076,1,0.0,0.0,0.0,0.0,0.0,0.0,0.0,0.0,0.0,0.0,1.0,0.0,0.0,False,Qwen/Qwen2.5-Coder-14B-Instruct-AWQ,None
2475@y_name@DESC,Bar,Hard,0.8526,0.8526,1,0.0,0.0,0.0,0.0,0.0,0.0,0.0,0.0,0.0,0.0,1.0,0.0,0.0,True,Qwen/Qwen2.5-Coder-14B-Instruct-AWQ,None
2475@y_name@DESC,Bar,Hard,0.8526,0.8526,1,0.0,0.0,0.0,0.0,0.0,0.0,0.0,0.0,0.0,0.0,1.0,0.0,0.0,True,Qwen/Qwen2.5-Coder-14B-Instruct-AWQ,None
2475@y_name@DESC,Bar,Hard,0.8526,0.8526,1,0.0,0.0,0.0,0.0,0.0,0.0,0.0,0.0,0.0,0.0,1.0,0.0,0.0,True,Qwen/Qwen2.5-Coder-14B-Instruct-AWQ,None
2486@x_name@DESC,Bar,Medium,0.4874,1.4622,3,0.0,0.0,0.0,0.0,0.0,1.0,0.0,0.0,0.0,1.0,0.0,,0.0,False,Qwen/Qwen2.5-Coder-14B-Instruct-AWQ,None
2486@x_name@DESC,Bar,Medium,0.4874,1.4622,3,0.0,0.0,0.0,0.0,0.0,1.0,0.0,0.0,0.0,1.0,0.0,,0.0,False,Qwen/Qwen2.5-Coder-14B-Instruct-AWQ,None
2486@x_name@DESC,Bar,Medium,0.4874,1.4622,3,0.0,0.0,0.0,0.0,0.0,1.0,0.0,0.0,0.0,1.0,0.0,,0.0,False,Qwen/Qwen2.5-Coder-14B-Instruct-AWQ,None
2488@y_name@DESC,Bar,Medium,0.4977,0.9954,2,0.0,0.0,0.0,0.0,0.0,0.0,0.0,0.0,0.0,0.0,1.0,0.0,0.0,False,Qwen/Qwen2.5-Coder-14B-Instruct-AWQ,None
2488@y_name@DESC,Bar,Medium,0.4977,0.9954,2,0.0,0.0,0.0,0.0,0.0,0.0,0.0,0.0,0.0,0.0,1.0,0.0,0.0,False,Qwen/Qwen2.5-Coder-14B-Instruct-AWQ,None
2488@y_name@DESC,Bar,Medium,0.4977,0.9954,2,0.0,0.0,0.0,0.0,0.0,0.0,0.0,0.0,0.0,0.0,1.0,0.0,0.0,False,Qwen/Qwen2.5-Coder-14B-Instruct-AWQ,None
2493@y_name@DESC,Bar,Hard,0.933,0.933,1,0.0,0.0,0.0,0.0,0.0,0.0,0.0,0.0,0.0,0.0,1.0,0.0,0.0,True,Qwen/Qwen2.5-Coder-14B-Instruct-AWQ,None
2493@y_name@DESC,Bar,Hard,0.933,0.933,1,0.0,0.0,0.0,0.0,0.0,0.0,0.0,0.0,0.0,0.0,1.0,0.0,0.0,True,Qwen/Qwen2.5-Coder-14B-Instruct-AWQ,None
2493@y_name@DESC,Bar,Hard,0.933,0.933,1,0.0,0.0,0.0,0.0,0.0,0.0,0.0,0.0,0.0,0.0,1.0,0.0,0.0,True,Qwen/Qwen2.5-Coder-14B-Instruct-AWQ,None
3058@y_name@ASC,Bar,Medium,0.4416,1.7662,4,0.0,0.0,0.0,0.0,0.0,0.0,0.0,0.0,0.0,0.0,1.0,0.0,0.0,False,Qwen/Qwen2.5-Coder-14B-Instruct-AWQ,None
3058@y_name@ASC,Bar,Medium,0.4416,1.7662,4,0.0,0.0,0.0,0.0,0.0,0.0,0.0,0.0,0.0,0.0,1.0,0.0,0.0,False,Qwen/Qwen2.5-Coder-14B-Instruct-AWQ,None
3058@y_name@ASC,Bar,Medium,0.4416,1.7662,4,0.0,0.0,0.0,0.0,0.0,0.0,0.0,0.0,0.0,0.0,1.0,0.0,0.0,False,Qwen/Qwen2.5-Coder-14B-Instruct-AWQ,None
2421@y_name@DESC,Bar,Medium,0.4476,0.8953,2,0.0,0.0,0.0,0.0,0.0,0.0,0.0,0.0,0.0,0.0,1.0,0.0,0.0,False,Qwen/Qwen2.5-Coder-14B-Instruct-AWQ,None
2421@y_name@DESC,Bar,Medium,0.4476,0.8953,2,0.0,0.0,0.0,0.0,0.0,0.0,0.0,0.0,0.0,0.0,1.0,0.0,0.0,False,Qwen/Qwen2.5-Coder-14B-Instruct-AWQ,None
2421@y_name@DESC,Bar,Medium,0.4476,0.8953,2,0.0,0.0,0.0,0.0,0.0,0.0,0.0,0.0,0.0,0.0,1.0,0.0,0.0,False,Qwen/Qwen2.5-Coder-14B-Instruct-AWQ,None
2423@y_name@DESC,Bar,Medium,0.4863,1.9453,4,0.0,0.0,0.0,0.0,0.0,0.0,0.0,0.0,0.0,0.0,1.0,0.0,0.0,False,Qwen/Qwen2.5-Coder-14B-Instruct-AWQ,None
2423@y_name@DESC,Bar,Medium,0.4863,1.9453,4,0.0,0.0,0.0,0.0,0.0,0.0,0.0,0.0,0.0,0.0,1.0,0.0,0.0,False,Qwen/Qwen2.5-Coder-14B-Instruct-AWQ,None
2423@y_name@DESC,Bar,Medium,0.4863,1.9453,4,0.0,0.0,0.0,0.0,0.0,0.0,0.0,0.0,0.0,0.0,1.0,0.0,0.0,False,Qwen/Qwen2.5-Coder-14B-Instruct-AWQ,None
2430@y_name@ASC,Bar,Extra Hard,3.4676,3.4676,1,0.0,0.0,0.0,0.0,0.0,0.0,0.0,0.0,0.0,0.0,1.0,0.0,0.0,True,Qwen/Qwen2.5-Coder-14B-Instruct-AWQ,None
2430@y_name@ASC,Bar,Extra Hard,3.4676,3.4676,1,0.0,0.0,0.0,0.0,0.0,0.0,0.0,0.0,0.0,0.0,1.0,0.0,0.0,True,Qwen/Qwen2.5-Coder-14B-Instruct-AWQ,None
2430@y_name@ASC,Bar,Extra Hard,3.4676,3.4676,1,0.0,0.0,0.0,0.0,0.0,0.0,0.0,0.0,0.0,0.0,1.0,0.0,0.0,True,Qwen/Qwen2.5-Coder-14B-Instruct-AWQ,None
2859@y_name@ASC,Bar,Hard,0.9887,3.955,4,0.0,0.0,0.0,0.0,0.0,0.0,0.0,0.0,0.0,0.0,1.0,0.0,0.0,True,Qwen/Qwen2.5-Coder-14B-Instruct-AWQ,None
2859@y_name@ASC,Bar,Hard,0.9887,3.955,4,0.0,0.0,0.0,0.0,0.0,0.0,0.0,0.0,0.0,0.0,1.0,0.0,0.0,True,Qwen/Qwen2.5-Coder-14B-Instruct-AWQ,None
2859@y_name@ASC,Bar,Hard,0.9887,3.955,4,0.0,0.0,0.0,0.0,0.0,0.0,0.0,0.0,0.0,0.0,1.0,0.0,0.0,True,Qwen/Qwen2.5-Coder-14B-Instruct-AWQ,None
2860@x_name@DESC,Bar,Medium,0.8326,0.8326,1,0.0,0.0,0.0,0.0,0.0,1.0,0.0,0.0,0.0,1.0,0.0,,0.0,False,Qwen/Qwen2.5-Coder-14B-Instruct-AWQ,None
2860@x_name@DESC,Bar,Medium,0.8326,0.8326,1,0.0,0.0,0.0,0.0,0.0,1.0,0.0,0.0,0.0,1.0,0.0,,0.0,False,Qwen/Qwen2.5-Coder-14B-Instruct-AWQ,None
2860@x_name@DESC,Bar,Medium,0.8326,0.8326,1,0.0,0.0,0.0,0.0,0.0,1.0,0.0,0.0,0.0,1.0,0.0,,0.0,False,Qwen/Qwen2.5-Coder-14B-Instruct-AWQ,None
2862@x_name@ASC,Bar,Medium,0.3958,0.3958,1,0.0,0.0,0.0,0.0,0.0,0.0,0.0,0.0,0.0,0.0,1.0,0.0,0.0,False,Qwen/Qwen2.5-Coder-14B-Instruct-AWQ,None
2862@x_name@ASC,Bar,Medium,0.3958,0.3958,1,0.0,0.0,0.0,0.0,0.0,0.0,0.0,0.0,0.0,0.0,1.0,0.0,0.0,False,Qwen/Qwen2.5-Coder-14B-Instruct-AWQ,None
2862@x_name@ASC,Bar,Medium,0.3958,0.3958,1,0.0,0.0,0.0,0.0,0.0,0.0,0.0,0.0,0.0,0.0,1.0,0.0,0.0,False,Qwen/Qwen2.5-Coder-14B-Instruct-AWQ,None
2497@y_name@DESC,Bar,Hard,1.0058,2.0116,2,0.0,0.0,0.0,0.0,0.0,0.0,0.0,0.0,0.0,0.0,1.0,0.0,0.0,False,Qwen/Qwen2.5-Coder-14B-Instruct-AWQ,None
2497@y_name@DESC,Bar,Hard,1.0058,2.0116,2,0.0,0.0,0.0,0.0,0.0,0.0,0.0,0.0,0.0,0.0,1.0,0.0,0.0,False,Qwen/Qwen2.5-Coder-14B-Instruct-AWQ,None
2497@y_name@DESC,Bar,Hard,1.0058,2.0116,2,0.0,0.0,0.0,0.0,0.0,0.0,0.0,0.0,0.0,0.0,1.0,0.0,0.0,False,Qwen/Qwen2.5-Coder-14B-Instruct-AWQ,None
2507@y_name@ASC,Bar,Medium,0.4497,0.8994,2,0.0,0.0,0.0,0.0,0.0,0.0,0.0,0.0,0.0,0.0,1.0,0.0,0.0,False,Qwen/Qwen2.5-Coder-14B-Instruct-AWQ,None
2507@y_name@ASC,Bar,Medium,0.4497,0.8994,2,0.0,0.0,0.0,0.0,0.0,0.0,0.0,0.0,0.0,0.0,1.0,0.0,0.0,False,Qwen/Qwen2.5-Coder-14B-Instruct-AWQ,None
2507@y_name@ASC,Bar,Medium,0.4497,0.8994,2,0.0,0.0,0.0,0.0,0.0,0.0,0.0,0.0,0.0,0.0,1.0,0.0,0.0,False,Qwen/Qwen2.5-Coder-14B-Instruct-AWQ,None
2735@x_name@DESC,Bar,Hard,0.7203,1.4406,2,0.0,0.0,0.0,0.0,0.0,0.0,0.0,0.0,0.0,0.0,1.0,0.0,0.0,False,Qwen/Qwen2.5-Coder-14B-Instruct-AWQ,None
2735@x_name@DESC,Bar,Hard,0.7203,1.4406,2,0.0,0.0,0.0,0.0,0.0,0.0,0.0,0.0,0.0,0.0,1.0,0.0,0.0,False,Qwen/Qwen2.5-Coder-14B-Instruct-AWQ,None
2735@x_name@DESC,Bar,Hard,0.7203,1.4406,2,0.0,0.0,0.0,0.0,0.0,0.0,0.0,0.0,0.0,0.0,1.0,0.0,0.0,False,Qwen/Qwen2.5-Coder-14B-Instruct-AWQ,None
2737@y_name@DESC,Bar,Hard,0.5045,1.5136,3,0.0,0.0,0.0,0.0,0.0,0.0,0.0,0.0,0.0,0.0,1.0,0.0,0.0,False,Qwen/Qwen2.5-Coder-14B-Instruct-AWQ,None
2737@y_name@DESC,Bar,Hard,0.5045,1.5136,3,0.0,0.0,0.0,0.0,0.0,0.0,0.0,0.0,0.0,0.0,1.0,0.0,0.0,False,Qwen/Qwen2.5-Coder-14B-Instruct-AWQ,None
2737@y_name@DESC,Bar,Hard,0.5045,1.5136,3,0.0,0.0,0.0,0.0,0.0,0.0,0.0,0.0,0.0,0.0,1.0,0.0,0.0,False,Qwen/Qwen2.5-Coder-14B-Instruct-AWQ,None
2739@x_name@ASC,Bar,Medium,0.4358,0.4358,1,0.0,0.0,0.0,0.0,0.0,0.0,0.0,0.0,0.0,0.0,1.0,0.0,0.0,False,Qwen/Qwen2.5-Coder-14B-Instruct-AWQ,None
2739@x_name@ASC,Bar,Medium,0.4358,0.4358,1,0.0,0.0,0.0,0.0,0.0,0.0,0.0,0.0,0.0,0.0,1.0,0.0,0.0,False,Qwen/Qwen2.5-Coder-14B-Instruct-AWQ,None
2739@x_name@ASC,Bar,Medium,0.4358,0.4358,1,0.0,0.0,0.0,0.0,0.0,0.0,0.0,0.0,0.0,0.0,1.0,0.0,0.0,False,Qwen/Qwen2.5-Coder-14B-Instruct-AWQ,None
2740@y_name@DESC,Bar,Medium,0.4487,0.4487,1,0.0,0.0,0.0,0.0,0.0,0.0,0.0,0.0,0.0,0.0,1.0,0.0,0.0,False,Qwen/Qwen2.5-Coder-14B-Instruct-AWQ,None
2740@y_name@DESC,Bar,Medium,0.4487,0.4487,1,0.0,0.0,0.0,0.0,0.0,0.0,0.0,0.0,0.0,0.0,1.0,0.0,0.0,False,Qwen/Qwen2.5-Coder-14B-Instruct-AWQ,None
2740@y_name@DESC,Bar,Medium,0.4487,0.4487,1,0.0,0.0,0.0,0.0,0.0,0.0,0.0,0.0,0.0,0.0,1.0,0.0,0.0,False,Qwen/Qwen2.5-Coder-14B-Instruct-AWQ,None
2747@x_name@DESC,Bar,Medium,0.4135,0.4135,1,0.0,0.0,0.0,0.0,0.0,0.0,0.0,0.0,0.0,0.0,1.0,0.0,0.0,False,Qwen/Qwen2.5-Coder-14B-Instruct-AWQ,None
2747@x_name@DESC,Bar,Medium,0.4135,0.4135,1,0.0,0.0,0.0,0.0,0.0,0.0,0.0,0.0,0.0,0.0,1.0,0.0,0.0,False,Qwen/Qwen2.5-Coder-14B-Instruct-AWQ,None
2747@x_name@DESC,Bar,Medium,0.4135,0.4135,1,0.0,0.0,0.0,0.0,0.0,0.0,0.0,0.0,0.0,0.0,1.0,0.0,0.0,False,Qwen/Qwen2.5-Coder-14B-Instruct-AWQ,None
2751@x_name@ASC,Bar,Medium,0.3977,0.3977,1,0.0,0.0,0.0,0.0,0.0,0.0,0.0,0.0,0.0,0.0,1.0,0.0,0.0,False,Qwen/Qwen2.5-Coder-14B-Instruct-AWQ,None
2751@x_name@ASC,Bar,Medium,0.3977,0.3977,1,0.0,0.0,0.0,0.0,0.0,0.0,0.0,0.0,0.0,0.0,1.0,0.0,0.0,False,Qwen/Qwen2.5-Coder-14B-Instruct-AWQ,None
2751@x_name@ASC,Bar,Medium,0.3977,0.3977,1,0.0,0.0,0.0,0.0,0.0,0.0,0.0,0.0,0.0,0.0,1.0,0.0,0.0,False,Qwen/Qwen2.5-Coder-14B-Instruct-AWQ,None
2753@y_name@DESC,Bar,Medium,0.4296,1.2889,3,0.0,0.0,0.0,0.0,0.0,0.0,0.0,0.0,0.0,0.0,1.0,0.0,0.0,False,Qwen/Qwen2.5-Coder-14B-Instruct-AWQ,None
2753@y_name@DESC,Bar,Medium,0.4296,1.2889,3,0.0,0.0,0.0,0.0,0.0,0.0,0.0,0.0,0.0,0.0,1.0,0.0,0.0,False,Qwen/Qwen2.5-Coder-14B-Instruct-AWQ,None
2753@y_name@DESC,Bar,Medium,0.4296,1.2889,3,0.0,0.0,0.0,0.0,0.0,0.0,0.0,0.0,0.0,0.0,1.0,0.0,0.0,False,Qwen/Qwen2.5-Coder-14B-Instruct-AWQ,None
2803@y_name@ASC,Bar,Hard,0.7976,1.5952,2,0.0,0.0,0.0,0.0,1.0,0.0,0.0,0.0,0.0,1.0,0.0,,0.0,True,Qwen/Qwen2.5-Coder-14B-Instruct-AWQ,None
2803@y_name@ASC,Bar,Hard,0.7976,1.5952,2,0.0,0.0,0.0,0.0,1.0,0.0,0.0,0.0,0.0,1.0,0.0,,0.0,True,Qwen/Qwen2.5-Coder-14B-Instruct-AWQ,None
2803@y_name@ASC,Bar,Hard,0.7976,1.5952,2,0.0,0.0,0.0,0.0,1.0,0.0,0.0,0.0,0.0,1.0,0.0,,0.0,True,Qwen/Qwen2.5-Coder-14B-Instruct-AWQ,None
2805@y_name@ASC,Bar,Hard,0.7528,1.5056,2,0.0,0.0,0.0,0.0,0.5,0.0,0.0,0.0,0.0,0.5,0.5,0.0,0.0,False,Qwen/Qwen2.5-Coder-14B-Instruct-AWQ,None
2805@y_name@ASC,Bar,Hard,0.7528,1.5056,2,0.0,0.0,0.0,0.0,0.5,0.0,0.0,0.0,0.0,0.5,0.5,0.0,0.0,False,Qwen/Qwen2.5-Coder-14B-Instruct-AWQ,None
2805@y_name@ASC,Bar,Hard,0.7528,1.5056,2,0.0,0.0,0.0,0.0,0.5,0.0,0.0,0.0,0.0,0.5,0.5,0.0,0.0,False,Qwen/Qwen2.5-Coder-14B-Instruct-AWQ,None
2811@x_name@ASC,Bar,Medium,0.5259,1.0518,2,0.0,0.0,0.0,0.0,0.5,0.0,0.0,0.0,0.0,0.5,0.5,0.0,0.0,False,Qwen/Qwen2.5-Coder-14B-Instruct-AWQ,None
2811@x_name@ASC,Bar,Medium,0.5259,1.0518,2,0.0,0.0,0.0,0.0,0.5,0.0,0.0,0.0,0.0,0.5,0.5,0.0,0.0,False,Qwen/Qwen2.5-Coder-14B-Instruct-AWQ,None
2811@x_name@ASC,Bar,Medium,0.5259,1.0518,2,0.0,0.0,0.0,0.0,0.5,0.0,0.0,0.0,0.0,0.5,0.5,0.0,0.0,False,Qwen/Qwen2.5-Coder-14B-Instruct-AWQ,None
2621@y_name@DESC,Bar,Extra Hard,2.8734,11.4935,4,0.0,0.25,0.0,0.0,0.0,0.0,0.0,0.0,0.25,0.0,0.75,0.0,0.0,True,Qwen/Qwen2.5-Coder-14B-Instruct-AWQ,None
2621@y_name@DESC,Bar,Extra Hard,2.8734,11.4935,4,0.0,0.25,0.0,0.0,0.0,0.0,0.0,0.0,0.25,0.0,0.75,0.0,0.0,True,Qwen/Qwen2.5-Coder-14B-Instruct-AWQ,None
2621@y_name@DESC,Bar,Extra Hard,2.8734,11.4935,4,0.0,0.25,0.0,0.0,0.0,0.0,0.0,0.0,0.25,0.0,0.75,0.0,0.0,True,Qwen/Qwen2.5-Coder-14B-Instruct-AWQ,None
1163@y_name@ASC,Bar,Hard,0.8503,0.8503,1,0.0,0.0,0.0,0.0,0.0,0.0,0.0,0.0,0.0,0.0,1.0,0.0,0.0,True,Qwen/Qwen2.5-Coder-14B-Instruct-AWQ,None
1163@y_name@ASC,Bar,Hard,0.8503,0.8503,1,0.0,0.0,0.0,0.0,0.0,0.0,0.0,0.0,0.0,0.0,1.0,0.0,0.0,True,Qwen/Qwen2.5-Coder-14B-Instruct-AWQ,None
1163@y_name@ASC,Bar,Hard,0.8503,0.8503,1,0.0,0.0,0.0,0.0,0.0,0.0,0.0,0.0,0.0,0.0,1.0,0.0,0.0,True,Qwen/Qwen2.5-Coder-14B-Instruct-AWQ,None
1164@y_name@ASC,Bar,Hard,0.8905,1.781,2,0.0,0.0,0.0,0.0,0.0,0.0,0.0,0.0,0.0,0.0,1.0,0.0,0.0,True,Qwen/Qwen2.5-Coder-14B-Instruct-AWQ,None
1164@y_name@ASC,Bar,Hard,0.8905,1.781,2,0.0,0.0,0.0,0.0,0.0,0.0,0.0,0.0,0.0,0.0,1.0,0.0,0.0,True,Qwen/Qwen2.5-Coder-14B-Instruct-AWQ,None
1164@y_name@ASC,Bar,Hard,0.8905,1.781,2,0.0,0.0,0.0,0.0,0.0,0.0,0.0,0.0,0.0,0.0,1.0,0.0,0.0,True,Qwen/Qwen2.5-Coder-14B-Instruct-AWQ,None
1165@x_name@DESC,Line,Hard,0.7275,0.7275,1,0.0,0.0,0.0,0.0,1.0,0.0,0.0,0.0,0.0,1.0,0.0,,0.0,True,Qwen/Qwen2.5-Coder-14B-Instruct-AWQ,None
1165@x_name@DESC,Line,Hard,0.7275,0.7275,1,0.0,0.0,0.0,0.0,1.0,0.0,0.0,0.0,0.0,1.0,0.0,,0.0,True,Qwen/Qwen2.5-Coder-14B-Instruct-AWQ,None
1165@x_name@DESC,Line,Hard,0.7275,0.7275,1,0.0,0.0,0.0,0.0,1.0,0.0,0.0,0.0,0.0,1.0,0.0,,0.0,True,Qwen/Qwen2.5-Coder-14B-Instruct-AWQ,None
1166@y_name@ASC,Bar,Hard,0.8804,1.7608,2,0.0,0.0,0.0,0.0,0.0,0.0,0.0,0.0,0.0,0.0,1.0,0.0,0.0,True,Qwen/Qwen2.5-Coder-14B-Instruct-AWQ,None
1166@y_name@ASC,Bar,Hard,0.8804,1.7608,2,0.0,0.0,0.0,0.0,0.0,0.0,0.0,0.0,0.0,0.0,1.0,0.0,0.0,True,Qwen/Qwen2.5-Coder-14B-Instruct-AWQ,None
1166@y_name@ASC,Bar,Hard,0.8804,1.7608,2,0.0,0.0,0.0,0.0,0.0,0.0,0.0,0.0,0.0,0.0,1.0,0.0,0.0,True,Qwen/Qwen2.5-Coder-14B-Instruct-AWQ,None
1167@y_name@ASC,Bar,Medium,0.9465,0.9465,1,0.0,0.0,0.0,0.0,1.0,0.0,0.0,0.0,0.0,1.0,0.0,,0.0,False,Qwen/Qwen2.5-Coder-14B-Instruct-AWQ,None
1167@y_name@ASC,Bar,Medium,0.9465,0.9465,1,0.0,0.0,0.0,0.0,1.0,0.0,0.0,0.0,0.0,1.0,0.0,,0.0,False,Qwen/Qwen2.5-Coder-14B-Instruct-AWQ,None
1167@y_name@ASC,Bar,Medium,0.9465,0.9465,1,0.0,0.0,0.0,0.0,1.0,0.0,0.0,0.0,0.0,1.0,0.0,,0.0,False,Qwen/Qwen2.5-Coder-14B-Instruct-AWQ,None
1169@y_name@DESC,Bar,Medium,0.6102,1.2204,2,0.0,0.0,0.0,0.0,0.0,0.0,0.0,0.0,0.0,0.0,1.0,0.0,0.0,False,Qwen/Qwen2.5-Coder-14B-Instruct-AWQ,None
1169@y_name@DESC,Bar,Medium,0.6102,1.2204,2,0.0,0.0,0.0,0.0,0.0,0.0,0.0,0.0,0.0,0.0,1.0,0.0,0.0,False,Qwen/Qwen2.5-Coder-14B-Instruct-AWQ,None
1169@y_name@DESC,Bar,Medium,0.6102,1.2204,2,0.0,0.0,0.0,0.0,0.0,0.0,0.0,0.0,0.0,0.0,1.0,0.0,0.0,False,Qwen/Qwen2.5-Coder-14B-Instruct-AWQ,None
1181@y_name@DESC,Bar,Medium,0.5351,1.0702,2,0.0,0.0,0.0,0.0,0.0,0.0,0.0,0.0,0.0,0.0,1.0,0.0,0.0,False,Qwen/Qwen2.5-Coder-14B-Instruct-AWQ,None
1181@y_name@DESC,Bar,Medium,0.5351,1.0702,2,0.0,0.0,0.0,0.0,0.0,0.0,0.0,0.0,0.0,0.0,1.0,0.0,0.0,False,Qwen/Qwen2.5-Coder-14B-Instruct-AWQ,None
1181@y_name@DESC,Bar,Medium,0.5351,1.0702,2,0.0,0.0,0.0,0.0,0.0,0.0,0.0,0.0,0.0,0.0,1.0,0.0,0.0,False,Qwen/Qwen2.5-Coder-14B-Instruct-AWQ,None
1184@y_name@ASC,Bar,Medium,0.6114,1.2227,2,0.0,0.0,0.0,0.0,0.0,0.0,0.0,0.0,0.0,0.0,1.0,0.0,0.0,False,Qwen/Qwen2.5-Coder-14B-Instruct-AWQ,None
1184@y_name@ASC,Bar,Medium,0.6114,1.2227,2,0.0,0.0,0.0,0.0,0.0,0.0,0.0,0.0,0.0,0.0,1.0,0.0,0.0,False,Qwen/Qwen2.5-Coder-14B-Instruct-AWQ,None
1184@y_name@ASC,Bar,Medium,0.6114,1.2227,2,0.0,0.0,0.0,0.0,0.0,0.0,0.0,0.0,0.0,0.0,1.0,0.0,0.0,False,Qwen/Qwen2.5-Coder-14B-Instruct-AWQ,None
1185@y_name@DESC,Bar,Medium,0.6548,1.3096,2,0.0,0.0,0.0,0.0,0.0,0.0,0.0,0.0,0.0,0.0,1.0,0.0,0.0,False,Qwen/Qwen2.5-Coder-14B-Instruct-AWQ,None
1185@y_name@DESC,Bar,Medium,0.6548,1.3096,2,0.0,0.0,0.0,0.0,0.0,0.0,0.0,0.0,0.0,0.0,1.0,0.0,0.0,False,Qwen/Qwen2.5-Coder-14B-Instruct-AWQ,None
1185@y_name@DESC,Bar,Medium,0.6548,1.3096,2,0.0,0.0,0.0,0.0,0.0,0.0,0.0,0.0,0.0,0.0,1.0,0.0,0.0,False,Qwen/Qwen2.5-Coder-14B-Instruct-AWQ,None
1190@y_name@ASC,Bar,Hard,14.8758,29.7517,2,1.0,0.0,0.0,0.0,0.0,0.0,0.0,0.0,1.0,0.0,0.0,,0.0,True,Qwen/Qwen2.5-Coder-14B-Instruct-AWQ,None
1190@y_name@ASC,Bar,Hard,14.8758,29.7517,2,1.0,0.0,0.0,0.0,0.0,0.0,0.0,0.0,1.0,0.0,0.0,,0.0,True,Qwen/Qwen2.5-Coder-14B-Instruct-AWQ,None
1190@y_name@ASC,Bar,Hard,14.8758,29.7517,2,1.0,0.0,0.0,0.0,0.0,0.0,0.0,0.0,1.0,0.0,0.0,,0.0,True,Qwen/Qwen2.5-Coder-14B-Instruct-AWQ,None
1197@x_name@ASC,Bar,Hard,0.8904,1.7808,2,0.0,0.0,0.0,0.0,0.0,0.0,0.0,0.0,0.0,0.0,1.0,0.0,0.0,True,Qwen/Qwen2.5-Coder-14B-Instruct-AWQ,None
1197@x_name@ASC,Bar,Hard,0.8904,1.7808,2,0.0,0.0,0.0,0.0,0.0,0.0,0.0,0.0,0.0,0.0,1.0,0.0,0.0,True,Qwen/Qwen2.5-Coder-14B-Instruct-AWQ,None
1197@x_name@ASC,Bar,Hard,0.8904,1.7808,2,0.0,0.0,0.0,0.0,0.0,0.0,0.0,0.0,0.0,0.0,1.0,0.0,0.0,True,Qwen/Qwen2.5-Coder-14B-Instruct-AWQ,None
1200@y_name@ASC,Bar,Hard,1.0147,2.0294,2,0.0,0.0,0.0,0.0,1.0,0.0,0.0,0.0,0.0,1.0,0.0,,0.0,True,Qwen/Qwen2.5-Coder-14B-Instruct-AWQ,None
1200@y_name@ASC,Bar,Hard,1.0147,2.0294,2,0.0,0.0,0.0,0.0,1.0,0.0,0.0,0.0,0.0,1.0,0.0,,0.0,True,Qwen/Qwen2.5-Coder-14B-Instruct-AWQ,None
1200@y_name@ASC,Bar,Hard,1.0147,2.0294,2,0.0,0.0,0.0,0.0,1.0,0.0,0.0,0.0,0.0,1.0,0.0,,0.0,True,Qwen/Qwen2.5-Coder-14B-Instruct-AWQ,None
2075@y_name@DESC,Bar,Extra Hard,1.6809,1.6809,1,0.0,0.0,0.0,0.0,0.0,0.0,0.0,0.0,0.0,0.0,1.0,0.0,0.0,True,Qwen/Qwen2.5-Coder-14B-Instruct-AWQ,None
2075@y_name@DESC,Bar,Extra Hard,1.6809,1.6809,1,0.0,0.0,0.0,0.0,0.0,0.0,0.0,0.0,0.0,0.0,1.0,0.0,0.0,True,Qwen/Qwen2.5-Coder-14B-Instruct-AWQ,None
2075@y_name@DESC,Bar,Extra Hard,1.6809,1.6809,1,0.0,0.0,0.0,0.0,0.0,0.0,0.0,0.0,0.0,0.0,1.0,0.0,0.0,True,Qwen/Qwen2.5-Coder-14B-Instruct-AWQ,None
2079@y_name@DESC,Bar,Medium,0.8443,0.8443,1,0.0,0.0,0.0,0.0,0.0,0.0,0.0,0.0,0.0,0.0,1.0,0.0,0.0,False,Qwen/Qwen2.5-Coder-14B-Instruct-AWQ,None
2079@y_name@DESC,Bar,Medium,0.8443,0.8443,1,0.0,0.0,0.0,0.0,0.0,0.0,0.0,0.0,0.0,0.0,1.0,0.0,0.0,False,Qwen/Qwen2.5-Coder-14B-Instruct-AWQ,None
2079@y_name@DESC,Bar,Medium,0.8443,0.8443,1,0.0,0.0,0.0,0.0,0.0,0.0,0.0,0.0,0.0,0.0,1.0,0.0,0.0,False,Qwen/Qwen2.5-Coder-14B-Instruct-AWQ,None
2087@y_name@DESC,Bar,Medium,0.7166,0.7166,1,0.0,0.0,0.0,0.0,0.0,0.0,0.0,0.0,0.0,0.0,1.0,0.0,0.0,False,Qwen/Qwen2.5-Coder-14B-Instruct-AWQ,None
2087@y_name@DESC,Bar,Medium,0.7166,0.7166,1,0.0,0.0,0.0,0.0,0.0,0.0,0.0,0.0,0.0,0.0,1.0,0.0,0.0,False,Qwen/Qwen2.5-Coder-14B-Instruct-AWQ,None
2087@y_name@DESC,Bar,Medium,0.7166,0.7166,1,0.0,0.0,0.0,0.0,0.0,0.0,0.0,0.0,0.0,0.0,1.0,0.0,0.0,False,Qwen/Qwen2.5-Coder-14B-Instruct-AWQ,None
2088@x_name@ASC,Bar,Hard,0.8288,0.8288,1,0.0,0.0,0.0,0.0,0.0,0.0,0.0,0.0,0.0,0.0,1.0,0.0,0.0,True,Qwen/Qwen2.5-Coder-14B-Instruct-AWQ,None
2088@x_name@ASC,Bar,Hard,0.8288,0.8288,1,0.0,0.0,0.0,0.0,0.0,0.0,0.0,0.0,0.0,0.0,1.0,0.0,0.0,True,Qwen/Qwen2.5-Coder-14B-Instruct-AWQ,None
2088@x_name@ASC,Bar,Hard,0.8288,0.8288,1,0.0,0.0,0.0,0.0,0.0,0.0,0.0,0.0,0.0,0.0,1.0,0.0,0.0,True,Qwen/Qwen2.5-Coder-14B-Instruct-AWQ,None
2097@y_name@DESC,Bar,Hard,0.7949,0.7949,1,0.0,0.0,0.0,0.0,0.0,0.0,0.0,0.0,0.0,0.0,1.0,0.0,0.0,True,Qwen/Qwen2.5-Coder-14B-Instruct-AWQ,None
2097@y_name@DESC,Bar,Hard,0.7949,0.7949,1,0.0,0.0,0.0,0.0,0.0,0.0,0.0,0.0,0.0,0.0,1.0,0.0,0.0,True,Qwen/Qwen2.5-Coder-14B-Instruct-AWQ,None
2097@y_name@DESC,Bar,Hard,0.7949,0.7949,1,0.0,0.0,0.0,0.0,0.0,0.0,0.0,0.0,0.0,0.0,1.0,0.0,0.0,True,Qwen/Qwen2.5-Coder-14B-Instruct-AWQ,None
2102@y_name@DESC,Bar,Hard,10.986,10.986,1,1.0,0.0,0.0,0.0,0.0,0.0,0.0,0.0,1.0,0.0,0.0,,0.0,True,Qwen/Qwen2.5-Coder-14B-Instruct-AWQ,None
2102@y_name@DESC,Bar,Hard,10.986,10.986,1,1.0,0.0,0.0,0.0,0.0,0.0,0.0,0.0,1.0,0.0,0.0,,0.0,True,Qwen/Qwen2.5-Coder-14B-Instruct-AWQ,None
2102@y_name@DESC,Bar,Hard,10.986,10.986,1,1.0,0.0,0.0,0.0,0.0,0.0,0.0,0.0,1.0,0.0,0.0,,0.0,True,Qwen/Qwen2.5-Coder-14B-Instruct-AWQ,None
2109@y_name@ASC,Bar,Medium,0.8486,2.5458,3,0.0,0.0,0.0,0.0,0.0,1.0,0.0,0.0,0.0,1.0,0.0,,0.0,False,Qwen/Qwen2.5-Coder-14B-Instruct-AWQ,None
2109@y_name@ASC,Bar,Medium,0.8486,2.5458,3,0.0,0.0,0.0,0.0,0.0,1.0,0.0,0.0,0.0,1.0,0.0,,0.0,False,Qwen/Qwen2.5-Coder-14B-Instruct-AWQ,None
2109@y_name@ASC,Bar,Medium,0.8486,2.5458,3,0.0,0.0,0.0,0.0,0.0,1.0,0.0,0.0,0.0,1.0,0.0,,0.0,False,Qwen/Qwen2.5-Coder-14B-Instruct-AWQ,None
907@x_name@ASC,Bar,Medium,0.454,0.9079,2,0.0,0.0,0.0,0.0,0.0,0.0,0.0,0.0,0.0,0.0,1.0,0.0,0.0,False,Qwen/Qwen2.5-Coder-14B-Instruct-AWQ,None
907@x_name@ASC,Bar,Medium,0.454,0.9079,2,0.0,0.0,0.0,0.0,0.0,0.0,0.0,0.0,0.0,0.0,1.0,0.0,0.0,False,Qwen/Qwen2.5-Coder-14B-Instruct-AWQ,None
907@x_name@ASC,Bar,Medium,0.454,0.9079,2,0.0,0.0,0.0,0.0,0.0,0.0,0.0,0.0,0.0,0.0,1.0,0.0,0.0,False,Qwen/Qwen2.5-Coder-14B-Instruct-AWQ,None
3288@x_name@DESC,Bar,Medium,0.4965,0.9931,2,0.0,0.0,0.0,0.0,0.0,1.0,0.0,0.0,0.0,1.0,0.0,,0.0,False,Qwen/Qwen2.5-Coder-14B-Instruct-AWQ,None
3288@x_name@DESC,Bar,Medium,0.4965,0.9931,2,0.0,0.0,0.0,0.0,0.0,1.0,0.0,0.0,0.0,1.0,0.0,,0.0,False,Qwen/Qwen2.5-Coder-14B-Instruct-AWQ,None
3288@x_name@DESC,Bar,Medium,0.4965,0.9931,2,0.0,0.0,0.0,0.0,0.0,1.0,0.0,0.0,0.0,1.0,0.0,,0.0,False,Qwen/Qwen2.5-Coder-14B-Instruct-AWQ,None
3290@y_name@ASC,Bar,Medium,0.4857,1.4572,3,0.0,0.0,0.0,0.0,0.0,1.0,0.0,0.0,0.0,1.0,0.0,,0.0,False,Qwen/Qwen2.5-Coder-14B-Instruct-AWQ,None
3290@y_name@ASC,Bar,Medium,0.4857,1.4572,3,0.0,0.0,0.0,0.0,0.0,1.0,0.0,0.0,0.0,1.0,0.0,,0.0,False,Qwen/Qwen2.5-Coder-14B-Instruct-AWQ,None
3290@y_name@ASC,Bar,Medium,0.4857,1.4572,3,0.0,0.0,0.0,0.0,0.0,1.0,0.0,0.0,0.0,1.0,0.0,,0.0,False,Qwen/Qwen2.5-Coder-14B-Instruct-AWQ,None
443@x_name@ASC,Bar,Medium,0.5335,1.0669,2,0.0,0.0,0.0,0.0,0.0,0.5,0.0,0.0,0.0,0.5,0.5,0.0,0.0,False,Qwen/Qwen2.5-Coder-14B-Instruct-AWQ,None
443@x_name@ASC,Bar,Medium,0.5335,1.0669,2,0.0,0.0,0.0,0.0,0.0,0.5,0.0,0.0,0.0,0.5,0.5,0.0,0.0,False,Qwen/Qwen2.5-Coder-14B-Instruct-AWQ,None
443@x_name@ASC,Bar,Medium,0.5335,1.0669,2,0.0,0.0,0.0,0.0,0.0,0.5,0.0,0.0,0.0,0.5,0.5,0.0,0.0,False,Qwen/Qwen2.5-Coder-14B-Instruct-AWQ,None
445@x_name@ASC,Bar,Medium,0.4961,0.4961,1,0.0,0.0,0.0,0.0,0.0,0.0,0.0,0.0,0.0,0.0,1.0,0.0,0.0,False,Qwen/Qwen2.5-Coder-14B-Instruct-AWQ,None
445@x_name@ASC,Bar,Medium,0.4961,0.4961,1,0.0,0.0,0.0,0.0,0.0,0.0,0.0,0.0,0.0,0.0,1.0,0.0,0.0,False,Qwen/Qwen2.5-Coder-14B-Instruct-AWQ,None
445@x_name@ASC,Bar,Medium,0.4961,0.4961,1,0.0,0.0,0.0,0.0,0.0,0.0,0.0,0.0,0.0,0.0,1.0,0.0,0.0,False,Qwen/Qwen2.5-Coder-14B-Instruct-AWQ,None
447@x_name@ASC,Bar,Medium,0.799,3.196,4,0.0,0.0,0.0,0.0,0.0,0.0,0.0,0.0,0.0,0.0,1.0,0.0,0.0,True,Qwen/Qwen2.5-Coder-14B-Instruct-AWQ,None
447@x_name@ASC,Bar,Medium,0.799,3.196,4,0.0,0.0,0.0,0.0,0.0,0.0,0.0,0.0,0.0,0.0,1.0,0.0,0.0,True,Qwen/Qwen2.5-Coder-14B-Instruct-AWQ,None
447@x_name@ASC,Bar,Medium,0.799,3.196,4,0.0,0.0,0.0,0.0,0.0,0.0,0.0,0.0,0.0,0.0,1.0,0.0,0.0,True,Qwen/Qwen2.5-Coder-14B-Instruct-AWQ,None
453@y_name@ASC,Bar,Hard,0.7273,0.7273,1,0.0,0.0,0.0,0.0,1.0,0.0,0.0,0.0,0.0,1.0,0.0,,0.0,True,Qwen/Qwen2.5-Coder-14B-Instruct-AWQ,None
453@y_name@ASC,Bar,Hard,0.7273,0.7273,1,0.0,0.0,0.0,0.0,1.0,0.0,0.0,0.0,0.0,1.0,0.0,,0.0,True,Qwen/Qwen2.5-Coder-14B-Instruct-AWQ,None
453@y_name@ASC,Bar,Hard,0.7273,0.7273,1,0.0,0.0,0.0,0.0,1.0,0.0,0.0,0.0,0.0,1.0,0.0,,0.0,True,Qwen/Qwen2.5-Coder-14B-Instruct-AWQ,None
455@y_name@ASC,Bar,Hard,0.9408,0.9408,1,0.0,0.0,0.0,0.0,0.0,0.0,0.0,0.0,0.0,0.0,1.0,0.0,0.0,True,Qwen/Qwen2.5-Coder-14B-Instruct-AWQ,None
455@y_name@ASC,Bar,Hard,0.9408,0.9408,1,0.0,0.0,0.0,0.0,0.0,0.0,0.0,0.0,0.0,0.0,1.0,0.0,0.0,True,Qwen/Qwen2.5-Coder-14B-Instruct-AWQ,None
455@y_name@ASC,Bar,Hard,0.9408,0.9408,1,0.0,0.0,0.0,0.0,0.0,0.0,0.0,0.0,0.0,0.0,1.0,0.0,0.0,True,Qwen/Qwen2.5-Coder-14B-Instruct-AWQ,None
458@x_name@DESC,Bar,Hard,0.7153,0.7153,1,0.0,0.0,0.0,0.0,0.0,1.0,0.0,0.0,0.0,1.0,0.0,,0.0,True,Qwen/Qwen2.5-Coder-14B-Instruct-AWQ,None
458@x_name@DESC,Bar,Hard,0.7153,0.7153,1,0.0,0.0,0.0,0.0,0.0,1.0,0.0,0.0,0.0,1.0,0.0,,0.0,True,Qwen/Qwen2.5-Coder-14B-Instruct-AWQ,None
458@x_name@DESC,Bar,Hard,0.7153,0.7153,1,0.0,0.0,0.0,0.0,0.0,1.0,0.0,0.0,0.0,1.0,0.0,,0.0,True,Qwen/Qwen2.5-Coder-14B-Instruct-AWQ,None
459@x_name@DESC,Bar,Hard,0.5045,0.5045,1,0.0,0.0,0.0,0.0,0.0,0.0,0.0,0.0,0.0,0.0,1.0,0.0,0.0,True,Qwen/Qwen2.5-Coder-14B-Instruct-AWQ,None
459@x_name@DESC,Bar,Hard,0.5045,0.5045,1,0.0,0.0,0.0,0.0,0.0,0.0,0.0,0.0,0.0,0.0,1.0,0.0,0.0,True,Qwen/Qwen2.5-Coder-14B-Instruct-AWQ,None
459@x_name@DESC,Bar,Hard,0.5045,0.5045,1,0.0,0.0,0.0,0.0,0.0,0.0,0.0,0.0,0.0,0.0,1.0,0.0,0.0,True,Qwen/Qwen2.5-Coder-14B-Instruct-AWQ,None
465@y_name@ASC,Bar,Medium,0.5097,1.0194,2,0.0,0.0,0.0,0.0,0.0,1.0,0.0,0.0,0.0,1.0,0.0,,0.0,False,Qwen/Qwen2.5-Coder-14B-Instruct-AWQ,None
465@y_name@ASC,Bar,Medium,0.5097,1.0194,2,0.0,0.0,0.0,0.0,0.0,1.0,0.0,0.0,0.0,1.0,0.0,,0.0,False,Qwen/Qwen2.5-Coder-14B-Instruct-AWQ,None
465@y_name@ASC,Bar,Medium,0.5097,1.0194,2,0.0,0.0,0.0,0.0,0.0,1.0,0.0,0.0,0.0,1.0,0.0,,0.0,False,Qwen/Qwen2.5-Coder-14B-Instruct-AWQ,None
468@y_name@DESC,Bar,Medium,0.5816,1.1632,2,0.0,0.0,0.0,0.0,0.0,1.0,0.0,0.0,0.0,1.0,0.0,,0.0,False,Qwen/Qwen2.5-Coder-14B-Instruct-AWQ,None
468@y_name@DESC,Bar,Medium,0.5816,1.1632,2,0.0,0.0,0.0,0.0,0.0,1.0,0.0,0.0,0.0,1.0,0.0,,0.0,False,Qwen/Qwen2.5-Coder-14B-Instruct-AWQ,None
468@y_name@DESC,Bar,Medium,0.5816,1.1632,2,0.0,0.0,0.0,0.0,0.0,1.0,0.0,0.0,0.0,1.0,0.0,,0.0,False,Qwen/Qwen2.5-Coder-14B-Instruct-AWQ,None
469@y_name@DESC,Bar,Medium,0.5951,0.5951,1,0.0,0.0,0.0,0.0,0.0,1.0,0.0,0.0,0.0,1.0,0.0,,0.0,False,Qwen/Qwen2.5-Coder-14B-Instruct-AWQ,None
469@y_name@DESC,Bar,Medium,0.5951,0.5951,1,0.0,0.0,0.0,0.0,0.0,1.0,0.0,0.0,0.0,1.0,0.0,,0.0,False,Qwen/Qwen2.5-Coder-14B-Instruct-AWQ,None
469@y_name@DESC,Bar,Medium,0.5951,0.5951,1,0.0,0.0,0.0,0.0,0.0,1.0,0.0,0.0,0.0,1.0,0.0,,0.0,False,Qwen/Qwen2.5-Coder-14B-Instruct-AWQ,None
474@x_name@DESC,Bar,Easy,0.9997,0.9997,1,0.0,0.0,0.0,0.0,0.0,0.0,0.0,0.0,0.0,0.0,1.0,0.0,0.0,False,Qwen/Qwen2.5-Coder-14B-Instruct-AWQ,None
474@x_name@DESC,Bar,Easy,0.9997,0.9997,1,0.0,0.0,0.0,0.0,0.0,0.0,0.0,0.0,0.0,0.0,1.0,0.0,0.0,False,Qwen/Qwen2.5-Coder-14B-Instruct-AWQ,None
474@x_name@DESC,Bar,Easy,0.9997,0.9997,1,0.0,0.0,0.0,0.0,0.0,0.0,0.0,0.0,0.0,0.0,1.0,0.0,0.0,False,Qwen/Qwen2.5-Coder-14B-Instruct-AWQ,None
1437@x_name@DESC,Bar,Extra Hard,1.3915,1.3915,1,0.0,0.0,0.0,0.0,0.0,1.0,0.0,0.0,0.0,1.0,0.0,,0.0,True,Qwen/Qwen2.5-Coder-14B-Instruct-AWQ,None
1437@x_name@DESC,Bar,Extra Hard,1.3915,1.3915,1,0.0,0.0,0.0,0.0,0.0,1.0,0.0,0.0,0.0,1.0,0.0,,0.0,True,Qwen/Qwen2.5-Coder-14B-Instruct-AWQ,None
1437@x_name@DESC,Bar,Extra Hard,1.3915,1.3915,1,0.0,0.0,0.0,0.0,0.0,1.0,0.0,0.0,0.0,1.0,0.0,,0.0,True,Qwen/Qwen2.5-Coder-14B-Instruct-AWQ,None
1448@x_name@ASC,Line,Extra Hard,1.6005,6.402,4,0.0,0.0,0.0,0.0,0.0,0.0,0.0,0.0,0.0,0.0,1.0,0.0,0.0,True,Qwen/Qwen2.5-Coder-14B-Instruct-AWQ,None
1448@x_name@ASC,Line,Extra Hard,1.6005,6.402,4,0.0,0.0,0.0,0.0,0.0,0.0,0.0,0.0,0.0,0.0,1.0,0.0,0.0,True,Qwen/Qwen2.5-Coder-14B-Instruct-AWQ,None
1448@x_name@ASC,Line,Extra Hard,1.6005,6.402,4,0.0,0.0,0.0,0.0,0.0,0.0,0.0,0.0,0.0,0.0,1.0,0.0,0.0,True,Qwen/Qwen2.5-Coder-14B-Instruct-AWQ,None
3220@x_name@ASC,Bar,Medium,0.5542,1.1085,2,0.0,0.0,0.0,0.0,0.5,0.0,0.0,0.0,0.0,0.5,0.5,0.0,0.0,False,Qwen/Qwen2.5-Coder-14B-Instruct-AWQ,None
3220@x_name@ASC,Bar,Medium,0.5542,1.1085,2,0.0,0.0,0.0,0.0,0.5,0.0,0.0,0.0,0.0,0.5,0.5,0.0,0.0,False,Qwen/Qwen2.5-Coder-14B-Instruct-AWQ,None
3220@x_name@ASC,Bar,Medium,0.5542,1.1085,2,0.0,0.0,0.0,0.0,0.5,0.0,0.0,0.0,0.0,0.5,0.5,0.0,0.0,False,Qwen/Qwen2.5-Coder-14B-Instruct-AWQ,None
3224@x_name@DESC,Bar,Medium,0.4791,0.9582,2,0.0,0.0,0.0,0.0,1.0,0.0,0.0,0.0,0.0,1.0,0.0,,0.0,False,Qwen/Qwen2.5-Coder-14B-Instruct-AWQ,None
3224@x_name@DESC,Bar,Medium,0.4791,0.9582,2,0.0,0.0,0.0,0.0,1.0,0.0,0.0,0.0,0.0,1.0,0.0,,0.0,False,Qwen/Qwen2.5-Coder-14B-Instruct-AWQ,None
3224@x_name@DESC,Bar,Medium,0.4791,0.9582,2,0.0,0.0,0.0,0.0,1.0,0.0,0.0,0.0,0.0,1.0,0.0,,0.0,False,Qwen/Qwen2.5-Coder-14B-Instruct-AWQ,None
3226@y_name@DESC,Bar,Extra Hard,1.0463,3.1388,3,0.0,0.0,0.0,0.0,0.3333333333333333,0.0,0.0,0.0,0.0,0.3333333333333333,0.6666666666666666,0.0,0.0,True,Qwen/Qwen2.5-Coder-14B-Instruct-AWQ,None
3226@y_name@DESC,Bar,Extra Hard,1.0463,3.1388,3,0.0,0.0,0.0,0.0,0.3333333333333333,0.0,0.0,0.0,0.0,0.3333333333333333,0.6666666666666666,0.0,0.0,True,Qwen/Qwen2.5-Coder-14B-Instruct-AWQ,None
3226@y_name@DESC,Bar,Extra Hard,1.0463,3.1388,3,0.0,0.0,0.0,0.0,0.3333333333333333,0.0,0.0,0.0,0.0,0.3333333333333333,0.6666666666666666,0.0,0.0,True,Qwen/Qwen2.5-Coder-14B-Instruct-AWQ,None
3236@x_name@ASC,Bar,Hard,0.6745,0.6745,1,0.0,0.0,0.0,0.0,0.0,1.0,0.0,0.0,0.0,1.0,0.0,,0.0,False,Qwen/Qwen2.5-Coder-14B-Instruct-AWQ,None
3236@x_name@ASC,Bar,Hard,0.6745,0.6745,1,0.0,0.0,0.0,0.0,0.0,1.0,0.0,0.0,0.0,1.0,0.0,,0.0,False,Qwen/Qwen2.5-Coder-14B-Instruct-AWQ,None
3236@x_name@ASC,Bar,Hard,0.6745,0.6745,1,0.0,0.0,0.0,0.0,0.0,1.0,0.0,0.0,0.0,1.0,0.0,,0.0,False,Qwen/Qwen2.5-Coder-14B-Instruct-AWQ,None
3238@y_name@ASC,Bar,Medium,0.4931,2.4656,5,0.0,0.0,0.0,0.0,0.0,0.0,0.0,0.0,0.0,0.0,1.0,0.0,0.0,False,Qwen/Qwen2.5-Coder-14B-Instruct-AWQ,None
3238@y_name@ASC,Bar,Medium,0.4931,2.4656,5,0.0,0.0,0.0,0.0,0.0,0.0,0.0,0.0,0.0,0.0,1.0,0.0,0.0,False,Qwen/Qwen2.5-Coder-14B-Instruct-AWQ,None
3238@y_name@ASC,Bar,Medium,0.4931,2.4656,5,0.0,0.0,0.0,0.0,0.0,0.0,0.0,0.0,0.0,0.0,1.0,0.0,0.0,False,Qwen/Qwen2.5-Coder-14B-Instruct-AWQ,None
3247@x_name@ASC,Line,Easy,0.4705,0.941,2,0.0,0.0,0.0,0.0,0.0,0.0,0.0,0.0,0.0,0.0,1.0,0.0,0.0,False,Qwen/Qwen2.5-Coder-14B-Instruct-AWQ,None
3247@x_name@ASC,Line,Easy,0.4705,0.941,2,0.0,0.0,0.0,0.0,0.0,0.0,0.0,0.0,0.0,0.0,1.0,0.0,0.0,False,Qwen/Qwen2.5-Coder-14B-Instruct-AWQ,None
3247@x_name@ASC,Line,Easy,0.4705,0.941,2,0.0,0.0,0.0,0.0,0.0,0.0,0.0,0.0,0.0,0.0,1.0,0.0,0.0,False,Qwen/Qwen2.5-Coder-14B-Instruct-AWQ,None
3256@x_name@ASC,Line,Easy,0.482,0.482,1,0.0,0.0,0.0,0.0,0.0,0.0,0.0,0.0,0.0,0.0,1.0,0.0,0.0,False,Qwen/Qwen2.5-Coder-14B-Instruct-AWQ,None
3256@x_name@ASC,Line,Easy,0.482,0.482,1,0.0,0.0,0.0,0.0,0.0,0.0,0.0,0.0,0.0,0.0,1.0,0.0,0.0,False,Qwen/Qwen2.5-Coder-14B-Instruct-AWQ,None
3256@x_name@ASC,Line,Easy,0.482,0.482,1,0.0,0.0,0.0,0.0,0.0,0.0,0.0,0.0,0.0,0.0,1.0,0.0,0.0,False,Qwen/Qwen2.5-Coder-14B-Instruct-AWQ,None
1498@y_name@DESC,Bar,Medium,0.4461,1.3384,3,0.0,0.0,0.0,0.0,0.0,0.0,0.0,0.0,0.0,0.0,1.0,0.0,0.0,False,Qwen/Qwen2.5-Coder-14B-Instruct-AWQ,None
1498@y_name@DESC,Bar,Medium,0.4461,1.3384,3,0.0,0.0,0.0,0.0,0.0,0.0,0.0,0.0,0.0,0.0,1.0,0.0,0.0,False,Qwen/Qwen2.5-Coder-14B-Instruct-AWQ,None
1498@y_name@DESC,Bar,Medium,0.4461,1.3384,3,0.0,0.0,0.0,0.0,0.0,0.0,0.0,0.0,0.0,0.0,1.0,0.0,0.0,False,Qwen/Qwen2.5-Coder-14B-Instruct-AWQ,None
1508@x_name@ASC,Bar,Medium,0.544,1.632,3,0.0,0.0,0.0,0.0,0.0,0.0,0.0,0.0,0.0,0.0,1.0,0.0,0.0,False,Qwen/Qwen2.5-Coder-14B-Instruct-AWQ,None
1508@x_name@ASC,Bar,Medium,0.544,1.632,3,0.0,0.0,0.0,0.0,0.0,0.0,0.0,0.0,0.0,0.0,1.0,0.0,0.0,False,Qwen/Qwen2.5-Coder-14B-Instruct-AWQ,None
1508@x_name@ASC,Bar,Medium,0.544,1.632,3,0.0,0.0,0.0,0.0,0.0,0.0,0.0,0.0,0.0,0.0,1.0,0.0,0.0,False,Qwen/Qwen2.5-Coder-14B-Instruct-AWQ,None
1510@y_name@ASC,Bar,Hard,0.6087,1.2175,2,0.0,0.0,0.0,0.0,1.0,0.0,0.0,0.0,0.0,1.0,0.0,,0.0,False,Qwen/Qwen2.5-Coder-14B-Instruct-AWQ,None
1510@y_name@ASC,Bar,Hard,0.6087,1.2175,2,0.0,0.0,0.0,0.0,1.0,0.0,0.0,0.0,0.0,1.0,0.0,,0.0,False,Qwen/Qwen2.5-Coder-14B-Instruct-AWQ,None
1510@y_name@ASC,Bar,Hard,0.6087,1.2175,2,0.0,0.0,0.0,0.0,1.0,0.0,0.0,0.0,0.0,1.0,0.0,,0.0,False,Qwen/Qwen2.5-Coder-14B-Instruct-AWQ,None
1511@x_name@ASC,Bar,Medium,0.5183,1.0366,2,0.0,0.0,0.0,0.0,0.0,1.0,0.0,0.0,0.0,1.0,0.0,,0.0,False,Qwen/Qwen2.5-Coder-14B-Instruct-AWQ,None
1511@x_name@ASC,Bar,Medium,0.5183,1.0366,2,0.0,0.0,0.0,0.0,0.0,1.0,0.0,0.0,0.0,1.0,0.0,,0.0,False,Qwen/Qwen2.5-Coder-14B-Instruct-AWQ,None
1511@x_name@ASC,Bar,Medium,0.5183,1.0366,2,0.0,0.0,0.0,0.0,0.0,1.0,0.0,0.0,0.0,1.0,0.0,,0.0,False,Qwen/Qwen2.5-Coder-14B-Instruct-AWQ,None
1516@x_name@DESC,Bar,Hard,0.8743,1.7487,2,0.0,0.0,0.0,0.0,0.0,0.5,0.0,0.0,0.0,0.5,0.5,0.0,0.0,True,Qwen/Qwen2.5-Coder-14B-Instruct-AWQ,None
1516@x_name@DESC,Bar,Hard,0.8743,1.7487,2,0.0,0.0,0.0,0.0,0.0,0.5,0.0,0.0,0.0,0.5,0.5,0.0,0.0,True,Qwen/Qwen2.5-Coder-14B-Instruct-AWQ,None
1516@x_name@DESC,Bar,Hard,0.8743,1.7487,2,0.0,0.0,0.0,0.0,0.0,0.5,0.0,0.0,0.0,0.5,0.5,0.0,0.0,True,Qwen/Qwen2.5-Coder-14B-Instruct-AWQ,None
1518@x_name@ASC,Bar,Medium,0.4288,0.8577,2,0.0,0.0,0.0,0.0,0.0,0.5,0.0,0.0,0.0,0.5,0.5,0.0,0.0,False,Qwen/Qwen2.5-Coder-14B-Instruct-AWQ,None
1518@x_name@ASC,Bar,Medium,0.4288,0.8577,2,0.0,0.0,0.0,0.0,0.0,0.5,0.0,0.0,0.0,0.5,0.5,0.0,0.0,False,Qwen/Qwen2.5-Coder-14B-Instruct-AWQ,None
1518@x_name@ASC,Bar,Medium,0.4288,0.8577,2,0.0,0.0,0.0,0.0,0.0,0.5,0.0,0.0,0.0,0.5,0.5,0.0,0.0,False,Qwen/Qwen2.5-Coder-14B-Instruct-AWQ,None
2459@y_name@DESC,Bar,Medium,0.5081,3.0487,6,0.0,0.0,0.0,0.0,0.0,0.3333333333333333,0.0,0.0,0.0,0.3333333333333333,0.6666666666666666,0.0,0.0,False,Qwen/Qwen2.5-Coder-14B-Instruct-AWQ,None
2459@y_name@DESC,Bar,Medium,0.5081,3.0487,6,0.0,0.0,0.0,0.0,0.0,0.3333333333333333,0.0,0.0,0.0,0.3333333333333333,0.6666666666666666,0.0,0.0,False,Qwen/Qwen2.5-Coder-14B-Instruct-AWQ,None
2459@y_name@DESC,Bar,Medium,0.5081,3.0487,6,0.0,0.0,0.0,0.0,0.0,0.3333333333333333,0.0,0.0,0.0,0.3333333333333333,0.6666666666666666,0.0,0.0,False,Qwen/Qwen2.5-Coder-14B-Instruct-AWQ,None
2461@y_name@DESC,Bar,Hard,0.5274,2.6369,5,0.0,0.0,0.0,0.0,0.0,0.0,0.0,0.0,0.0,0.0,1.0,0.0,0.0,False,Qwen/Qwen2.5-Coder-14B-Instruct-AWQ,None
2461@y_name@DESC,Bar,Hard,0.5274,2.6369,5,0.0,0.0,0.0,0.0,0.0,0.0,0.0,0.0,0.0,0.0,1.0,0.0,0.0,False,Qwen/Qwen2.5-Coder-14B-Instruct-AWQ,None
2461@y_name@DESC,Bar,Hard,0.5274,2.6369,5,0.0,0.0,0.0,0.0,0.0,0.0,0.0,0.0,0.0,0.0,1.0,0.0,0.0,False,Qwen/Qwen2.5-Coder-14B-Instruct-AWQ,None
2465@x_name@DESC,Bar,Hard,0.5105,1.021,2,0.0,0.0,0.0,0.0,0.0,1.0,0.0,0.0,0.0,1.0,0.0,,0.0,False,Qwen/Qwen2.5-Coder-14B-Instruct-AWQ,None
2465@x_name@DESC,Bar,Hard,0.5105,1.021,2,0.0,0.0,0.0,0.0,0.0,1.0,0.0,0.0,0.0,1.0,0.0,,0.0,False,Qwen/Qwen2.5-Coder-14B-Instruct-AWQ,None
2465@x_name@DESC,Bar,Hard,0.5105,1.021,2,0.0,0.0,0.0,0.0,0.0,1.0,0.0,0.0,0.0,1.0,0.0,,0.0,False,Qwen/Qwen2.5-Coder-14B-Instruct-AWQ,None
2317@x_name@ASC,Bar,Medium,0.6226,0.6226,1,0.0,0.0,0.0,0.0,1.0,0.0,0.0,0.0,0.0,1.0,0.0,,0.0,False,Qwen/Qwen2.5-Coder-14B-Instruct-AWQ,None
2317@x_name@ASC,Bar,Medium,0.6226,0.6226,1,0.0,0.0,0.0,0.0,1.0,0.0,0.0,0.0,0.0,1.0,0.0,,0.0,False,Qwen/Qwen2.5-Coder-14B-Instruct-AWQ,None
2317@x_name@ASC,Bar,Medium,0.6226,0.6226,1,0.0,0.0,0.0,0.0,1.0,0.0,0.0,0.0,0.0,1.0,0.0,,0.0,False,Qwen/Qwen2.5-Coder-14B-Instruct-AWQ,None
2321@y_name@ASC,Bar,Medium,0.4622,2.7732,6,0.0,0.0,0.0,0.0,0.0,0.0,0.0,0.0,0.0,0.0,1.0,0.0,0.0,False,Qwen/Qwen2.5-Coder-14B-Instruct-AWQ,None
2321@y_name@ASC,Bar,Medium,0.4622,2.7732,6,0.0,0.0,0.0,0.0,0.0,0.0,0.0,0.0,0.0,0.0,1.0,0.0,0.0,False,Qwen/Qwen2.5-Coder-14B-Instruct-AWQ,None
2321@y_name@ASC,Bar,Medium,0.4622,2.7732,6,0.0,0.0,0.0,0.0,0.0,0.0,0.0,0.0,0.0,0.0,1.0,0.0,0.0,False,Qwen/Qwen2.5-Coder-14B-Instruct-AWQ,None
2565@y_name@ASC,Bar,Extra Hard,1.0051,1.0051,1,0.0,0.0,0.0,0.0,0.0,0.0,0.0,0.0,0.0,0.0,1.0,0.0,0.0,True,Qwen/Qwen2.5-Coder-14B-Instruct-AWQ,None
2565@y_name@ASC,Bar,Extra Hard,1.0051,1.0051,1,0.0,0.0,0.0,0.0,0.0,0.0,0.0,0.0,0.0,0.0,1.0,0.0,0.0,True,Qwen/Qwen2.5-Coder-14B-Instruct-AWQ,None
2565@y_name@ASC,Bar,Extra Hard,1.0051,1.0051,1,0.0,0.0,0.0,0.0,0.0,0.0,0.0,0.0,0.0,0.0,1.0,0.0,0.0,True,Qwen/Qwen2.5-Coder-14B-Instruct-AWQ,None
2566@y_name@DESC,Bar,Extra Hard,1.1566,1.1566,1,0.0,0.0,0.0,0.0,0.0,0.0,0.0,0.0,0.0,0.0,1.0,0.0,0.0,True,Qwen/Qwen2.5-Coder-14B-Instruct-AWQ,None
2566@y_name@DESC,Bar,Extra Hard,1.1566,1.1566,1,0.0,0.0,0.0,0.0,0.0,0.0,0.0,0.0,0.0,0.0,1.0,0.0,0.0,True,Qwen/Qwen2.5-Coder-14B-Instruct-AWQ,None
2566@y_name@DESC,Bar,Extra Hard,1.1566,1.1566,1,0.0,0.0,0.0,0.0,0.0,0.0,0.0,0.0,0.0,0.0,1.0,0.0,0.0,True,Qwen/Qwen2.5-Coder-14B-Instruct-AWQ,None
2551@y_name@ASC,Bar,Medium,0.4662,1.3985,3,0.0,0.0,0.0,0.0,0.0,0.0,0.0,0.0,0.0,0.0,1.0,0.0,0.0,False,Qwen/Qwen2.5-Coder-14B-Instruct-AWQ,None
2551@y_name@ASC,Bar,Medium,0.4662,1.3985,3,0.0,0.0,0.0,0.0,0.0,0.0,0.0,0.0,0.0,0.0,1.0,0.0,0.0,False,Qwen/Qwen2.5-Coder-14B-Instruct-AWQ,None
2551@y_name@ASC,Bar,Medium,0.4662,1.3985,3,0.0,0.0,0.0,0.0,0.0,0.0,0.0,0.0,0.0,0.0,1.0,0.0,0.0,False,Qwen/Qwen2.5-Coder-14B-Instruct-AWQ,None
2558@x_name@ASC,Bar,Easy,0.4596,0.9193,2,0.0,0.0,0.0,0.0,0.0,0.0,0.0,0.0,0.0,0.0,1.0,0.0,0.0,False,Qwen/Qwen2.5-Coder-14B-Instruct-AWQ,None
2558@x_name@ASC,Bar,Easy,0.4596,0.9193,2,0.0,0.0,0.0,0.0,0.0,0.0,0.0,0.0,0.0,0.0,1.0,0.0,0.0,False,Qwen/Qwen2.5-Coder-14B-Instruct-AWQ,None
2558@x_name@ASC,Bar,Easy,0.4596,0.9193,2,0.0,0.0,0.0,0.0,0.0,0.0,0.0,0.0,0.0,0.0,1.0,0.0,0.0,False,Qwen/Qwen2.5-Coder-14B-Instruct-AWQ,None
2560@y_name@DESC,Bar,Medium,0.4727,1.418,3,0.0,0.0,0.0,0.0,0.0,0.0,0.0,0.0,0.0,0.0,1.0,0.0,0.0,False,Qwen/Qwen2.5-Coder-14B-Instruct-AWQ,None
2560@y_name@DESC,Bar,Medium,0.4727,1.418,3,0.0,0.0,0.0,0.0,0.0,0.0,0.0,0.0,0.0,0.0,1.0,0.0,0.0,False,Qwen/Qwen2.5-Coder-14B-Instruct-AWQ,None
2560@y_name@DESC,Bar,Medium,0.4727,1.418,3,0.0,0.0,0.0,0.0,0.0,0.0,0.0,0.0,0.0,0.0,1.0,0.0,0.0,False,Qwen/Qwen2.5-Coder-14B-Instruct-AWQ,None
2959@y_name@ASC,Bar,Hard,0.7904,3.1616,4,0.0,0.0,0.0,0.0,0.0,0.0,0.0,0.0,0.0,0.0,1.0,0.0,0.0,True,Qwen/Qwen2.5-Coder-14B-Instruct-AWQ,None
2959@y_name@ASC,Bar,Hard,0.7904,3.1616,4,0.0,0.0,0.0,0.0,0.0,0.0,0.0,0.0,0.0,0.0,1.0,0.0,0.0,True,Qwen/Qwen2.5-Coder-14B-Instruct-AWQ,None
2959@y_name@ASC,Bar,Hard,0.7904,3.1616,4,0.0,0.0,0.0,0.0,0.0,0.0,0.0,0.0,0.0,0.0,1.0,0.0,0.0,True,Qwen/Qwen2.5-Coder-14B-Instruct-AWQ,None
2509@x_name@ASC,Bar,Hard,0.8465,0.8465,1,0.0,0.0,0.0,0.0,0.0,0.0,0.0,0.0,0.0,0.0,1.0,0.0,0.0,True,Qwen/Qwen2.5-Coder-14B-Instruct-AWQ,None
2509@x_name@ASC,Bar,Hard,0.8465,0.8465,1,0.0,0.0,0.0,0.0,0.0,0.0,0.0,0.0,0.0,0.0,1.0,0.0,0.0,True,Qwen/Qwen2.5-Coder-14B-Instruct-AWQ,None
2509@x_name@ASC,Bar,Hard,0.8465,0.8465,1,0.0,0.0,0.0,0.0,0.0,0.0,0.0,0.0,0.0,0.0,1.0,0.0,0.0,True,Qwen/Qwen2.5-Coder-14B-Instruct-AWQ,None
2513@x_name@ASC,Bar,Hard,0.8729,0.8729,1,0.0,0.0,0.0,0.0,0.0,0.0,0.0,0.0,0.0,0.0,1.0,0.0,0.0,True,Qwen/Qwen2.5-Coder-14B-Instruct-AWQ,None
2513@x_name@ASC,Bar,Hard,0.8729,0.8729,1,0.0,0.0,0.0,0.0,0.0,0.0,0.0,0.0,0.0,0.0,1.0,0.0,0.0,True,Qwen/Qwen2.5-Coder-14B-Instruct-AWQ,None
2513@x_name@ASC,Bar,Hard,0.8729,0.8729,1,0.0,0.0,0.0,0.0,0.0,0.0,0.0,0.0,0.0,0.0,1.0,0.0,0.0,True,Qwen/Qwen2.5-Coder-14B-Instruct-AWQ,None
2517@y_name@ASC,Bar,Hard,0.5411,1.0821,2,0.0,0.0,0.0,0.0,0.0,0.0,0.0,0.0,0.0,0.0,1.0,0.0,0.0,False,Qwen/Qwen2.5-Coder-14B-Instruct-AWQ,None
2517@y_name@ASC,Bar,Hard,0.5411,1.0821,2,0.0,0.0,0.0,0.0,0.0,0.0,0.0,0.0,0.0,0.0,1.0,0.0,0.0,False,Qwen/Qwen2.5-Coder-14B-Instruct-AWQ,None
2517@y_name@ASC,Bar,Hard,0.5411,1.0821,2,0.0,0.0,0.0,0.0,0.0,0.0,0.0,0.0,0.0,0.0,1.0,0.0,0.0,False,Qwen/Qwen2.5-Coder-14B-Instruct-AWQ,None
1551@y_name@ASC,Bar,Extra Hard,0.9214,4.6069,5,0.0,0.0,0.0,0.0,1.0,0.0,0.0,0.0,0.0,1.0,0.0,,0.0,False,Qwen/Qwen2.5-Coder-14B-Instruct-AWQ,None
1551@y_name@ASC,Bar,Extra Hard,0.9214,4.6069,5,0.0,0.0,0.0,0.0,1.0,0.0,0.0,0.0,0.0,1.0,0.0,,0.0,False,Qwen/Qwen2.5-Coder-14B-Instruct-AWQ,None
1551@y_name@ASC,Bar,Extra Hard,0.9214,4.6069,5,0.0,0.0,0.0,0.0,1.0,0.0,0.0,0.0,0.0,1.0,0.0,,0.0,False,Qwen/Qwen2.5-Coder-14B-Instruct-AWQ,None
1622@y_name@ASC,Bar,Hard,11.4416,11.4416,1,1.0,0.0,0.0,0.0,0.0,0.0,0.0,0.0,1.0,0.0,0.0,,0.0,False,Qwen/Qwen2.5-Coder-14B-Instruct-AWQ,None
1622@y_name@ASC,Bar,Hard,11.4416,11.4416,1,1.0,0.0,0.0,0.0,0.0,0.0,0.0,0.0,1.0,0.0,0.0,,0.0,False,Qwen/Qwen2.5-Coder-14B-Instruct-AWQ,None
1622@y_name@ASC,Bar,Hard,11.4416,11.4416,1,1.0,0.0,0.0,0.0,0.0,0.0,0.0,0.0,1.0,0.0,0.0,,0.0,False,Qwen/Qwen2.5-Coder-14B-Instruct-AWQ,None
1626@y_name@ASC,Bar,Hard,0.9681,2.9042,3,0.0,0.0,0.0,0.0,0.0,0.0,0.0,0.0,0.0,0.0,1.0,0.0,0.0,True,Qwen/Qwen2.5-Coder-14B-Instruct-AWQ,None
1626@y_name@ASC,Bar,Hard,0.9681,2.9042,3,0.0,0.0,0.0,0.0,0.0,0.0,0.0,0.0,0.0,0.0,1.0,0.0,0.0,True,Qwen/Qwen2.5-Coder-14B-Instruct-AWQ,None
1626@y_name@ASC,Bar,Hard,0.9681,2.9042,3,0.0,0.0,0.0,0.0,0.0,0.0,0.0,0.0,0.0,0.0,1.0,0.0,0.0,True,Qwen/Qwen2.5-Coder-14B-Instruct-AWQ,None
1627@x_name@DESC,Bar,Hard,3.8905,3.8905,1,0.0,0.0,0.0,0.0,0.0,1.0,0.0,0.0,0.0,1.0,0.0,,0.0,False,Qwen/Qwen2.5-Coder-14B-Instruct-AWQ,None
1627@x_name@DESC,Bar,Hard,3.8905,3.8905,1,0.0,0.0,0.0,0.0,0.0,1.0,0.0,0.0,0.0,1.0,0.0,,0.0,False,Qwen/Qwen2.5-Coder-14B-Instruct-AWQ,None
1627@x_name@DESC,Bar,Hard,3.8905,3.8905,1,0.0,0.0,0.0,0.0,0.0,1.0,0.0,0.0,0.0,1.0,0.0,,0.0,False,Qwen/Qwen2.5-Coder-14B-Instruct-AWQ,None
1632@y_name@ASC,Bar,Hard,1.0071,3.0212,3,0.0,0.0,0.0,0.0,0.0,0.0,0.0,0.0,0.0,0.0,1.0,0.0,0.0,True,Qwen/Qwen2.5-Coder-14B-Instruct-AWQ,None
1632@y_name@ASC,Bar,Hard,1.0071,3.0212,3,0.0,0.0,0.0,0.0,0.0,0.0,0.0,0.0,0.0,0.0,1.0,0.0,0.0,True,Qwen/Qwen2.5-Coder-14B-Instruct-AWQ,None
1632@y_name@ASC,Bar,Hard,1.0071,3.0212,3,0.0,0.0,0.0,0.0,0.0,0.0,0.0,0.0,0.0,0.0,1.0,0.0,0.0,True,Qwen/Qwen2.5-Coder-14B-Instruct-AWQ,None
1671@y_name@ASC,Bar,Medium,1.0515,3.1545,3,0.0,0.0,0.0,0.0,0.3333333333333333,0.0,0.0,0.0,0.0,0.3333333333333333,0.6666666666666666,0.0,0.0,False,Qwen/Qwen2.5-Coder-14B-Instruct-AWQ,None
1671@y_name@ASC,Bar,Medium,1.0515,3.1545,3,0.0,0.0,0.0,0.0,0.3333333333333333,0.0,0.0,0.0,0.0,0.3333333333333333,0.6666666666666666,0.0,0.0,False,Qwen/Qwen2.5-Coder-14B-Instruct-AWQ,None
1671@y_name@ASC,Bar,Medium,1.0515,3.1545,3,0.0,0.0,0.0,0.0,0.3333333333333333,0.0,0.0,0.0,0.0,0.3333333333333333,0.6666666666666666,0.0,0.0,False,Qwen/Qwen2.5-Coder-14B-Instruct-AWQ,None
1696@x_name@DESC,Line,Medium,1.0972,4.3887,4,0.0,0.0,0.0,0.0,1.0,0.0,0.0,0.0,0.0,1.0,0.0,,0.0,False,Qwen/Qwen2.5-Coder-14B-Instruct-AWQ,None
1696@x_name@DESC,Line,Medium,1.0972,4.3887,4,0.0,0.0,0.0,0.0,1.0,0.0,0.0,0.0,0.0,1.0,0.0,,0.0,False,Qwen/Qwen2.5-Coder-14B-Instruct-AWQ,None
1696@x_name@DESC,Line,Medium,1.0972,4.3887,4,0.0,0.0,0.0,0.0,1.0,0.0,0.0,0.0,0.0,1.0,0.0,,0.0,False,Qwen/Qwen2.5-Coder-14B-Instruct-AWQ,None
1702@y_name@ASC,Bar,Medium,0.8907,0.8907,1,0.0,0.0,0.0,0.0,0.0,0.0,0.0,0.0,0.0,0.0,1.0,0.0,0.0,False,Qwen/Qwen2.5-Coder-14B-Instruct-AWQ,None
1702@y_name@ASC,Bar,Medium,0.8907,0.8907,1,0.0,0.0,0.0,0.0,0.0,0.0,0.0,0.0,0.0,0.0,1.0,0.0,0.0,False,Qwen/Qwen2.5-Coder-14B-Instruct-AWQ,None
1702@y_name@ASC,Bar,Medium,0.8907,0.8907,1,0.0,0.0,0.0,0.0,0.0,0.0,0.0,0.0,0.0,0.0,1.0,0.0,0.0,False,Qwen/Qwen2.5-Coder-14B-Instruct-AWQ,None
1703@y_name@DESC,Bar,Hard,0.8774,0.8774,1,0.0,0.0,0.0,0.0,0.0,0.0,0.0,0.0,0.0,0.0,1.0,0.0,0.0,False,Qwen/Qwen2.5-Coder-14B-Instruct-AWQ,None
1703@y_name@DESC,Bar,Hard,0.8774,0.8774,1,0.0,0.0,0.0,0.0,0.0,0.0,0.0,0.0,0.0,0.0,1.0,0.0,0.0,False,Qwen/Qwen2.5-Coder-14B-Instruct-AWQ,None
1703@y_name@DESC,Bar,Hard,0.8774,0.8774,1,0.0,0.0,0.0,0.0,0.0,0.0,0.0,0.0,0.0,0.0,1.0,0.0,0.0,False,Qwen/Qwen2.5-Coder-14B-Instruct-AWQ,None
1746@x_name@ASC,Line,Medium,0.8671,3.4686,4,0.0,0.0,0.0,0.0,1.0,0.0,0.0,0.0,0.0,1.0,0.0,,0.0,False,Qwen/Qwen2.5-Coder-14B-Instruct-AWQ,None
1746@x_name@ASC,Line,Medium,0.8671,3.4686,4,0.0,0.0,0.0,0.0,1.0,0.0,0.0,0.0,0.0,1.0,0.0,,0.0,False,Qwen/Qwen2.5-Coder-14B-Instruct-AWQ,None
1746@x_name@ASC,Line,Medium,0.8671,3.4686,4,0.0,0.0,0.0,0.0,1.0,0.0,0.0,0.0,0.0,1.0,0.0,,0.0,False,Qwen/Qwen2.5-Coder-14B-Instruct-AWQ,None
1795@x_name@DESC,Line,Medium,0.7057,2.1172,3,0.0,0.0,0.0,0.0,1.0,0.0,0.0,0.0,0.0,1.0,0.0,,0.0,False,Qwen/Qwen2.5-Coder-14B-Instruct-AWQ,None
1795@x_name@DESC,Line,Medium,0.7057,2.1172,3,0.0,0.0,0.0,0.0,1.0,0.0,0.0,0.0,0.0,1.0,0.0,,0.0,False,Qwen/Qwen2.5-Coder-14B-Instruct-AWQ,None
1795@x_name@DESC,Line,Medium,0.7057,2.1172,3,0.0,0.0,0.0,0.0,1.0,0.0,0.0,0.0,0.0,1.0,0.0,,0.0,False,Qwen/Qwen2.5-Coder-14B-Instruct-AWQ,None
1802@y_name@DESC,Bar,Extra Hard,0.6637,1.3273,2,0.0,0.0,0.0,0.0,0.0,0.0,0.0,0.0,0.0,0.0,1.0,0.0,0.0,False,Qwen/Qwen2.5-Coder-14B-Instruct-AWQ,None
1802@y_name@DESC,Bar,Extra Hard,0.6637,1.3273,2,0.0,0.0,0.0,0.0,0.0,0.0,0.0,0.0,0.0,0.0,1.0,0.0,0.0,False,Qwen/Qwen2.5-Coder-14B-Instruct-AWQ,None
1802@y_name@DESC,Bar,Extra Hard,0.6637,1.3273,2,0.0,0.0,0.0,0.0,0.0,0.0,0.0,0.0,0.0,0.0,1.0,0.0,0.0,False,Qwen/Qwen2.5-Coder-14B-Instruct-AWQ,None
1835@x_name@ASC,Line,Hard,0.5832,1.7496,3,0.0,0.0,0.0,0.0,1.0,0.0,0.0,0.0,0.0,1.0,0.0,,0.0,False,Qwen/Qwen2.5-Coder-14B-Instruct-AWQ,None
1835@x_name@ASC,Line,Hard,0.5832,1.7496,3,0.0,0.0,0.0,0.0,1.0,0.0,0.0,0.0,0.0,1.0,0.0,,0.0,False,Qwen/Qwen2.5-Coder-14B-Instruct-AWQ,None
1835@x_name@ASC,Line,Hard,0.5832,1.7496,3,0.0,0.0,0.0,0.0,1.0,0.0,0.0,0.0,0.0,1.0,0.0,,0.0,False,Qwen/Qwen2.5-Coder-14B-Instruct-AWQ,None
1869@x_name@ASC,Line,Easy,0.5383,1.6148,3,0.0,0.0,0.0,0.0,0.0,0.0,0.0,0.0,0.0,0.0,1.0,0.0,0.0,False,Qwen/Qwen2.5-Coder-14B-Instruct-AWQ,None
1869@x_name@ASC,Line,Easy,0.5383,1.6148,3,0.0,0.0,0.0,0.0,0.0,0.0,0.0,0.0,0.0,0.0,1.0,0.0,0.0,False,Qwen/Qwen2.5-Coder-14B-Instruct-AWQ,None
1869@x_name@ASC,Line,Easy,0.5383,1.6148,3,0.0,0.0,0.0,0.0,0.0,0.0,0.0,0.0,0.0,0.0,1.0,0.0,0.0,False,Qwen/Qwen2.5-Coder-14B-Instruct-AWQ,None
1956@y_name@DESC,Bar,Extra Hard,1.005,2.01,2,0.0,0.0,0.0,0.0,0.0,0.0,0.0,0.0,0.0,0.0,1.0,0.0,0.0,True,Qwen/Qwen2.5-Coder-14B-Instruct-AWQ,None
1956@y_name@DESC,Bar,Extra Hard,1.005,2.01,2,0.0,0.0,0.0,0.0,0.0,0.0,0.0,0.0,0.0,0.0,1.0,0.0,0.0,True,Qwen/Qwen2.5-Coder-14B-Instruct-AWQ,None
1956@y_name@DESC,Bar,Extra Hard,1.005,2.01,2,0.0,0.0,0.0,0.0,0.0,0.0,0.0,0.0,0.0,0.0,1.0,0.0,0.0,True,Qwen/Qwen2.5-Coder-14B-Instruct-AWQ,None
1963@y_name@DESC,Bar,Hard,0.8216,1.6433,2,0.0,0.0,0.0,0.0,0.0,0.0,0.0,0.0,0.0,0.0,1.0,0.0,0.0,True,Qwen/Qwen2.5-Coder-14B-Instruct-AWQ,None
1963@y_name@DESC,Bar,Hard,0.8216,1.6433,2,0.0,0.0,0.0,0.0,0.0,0.0,0.0,0.0,0.0,0.0,1.0,0.0,0.0,True,Qwen/Qwen2.5-Coder-14B-Instruct-AWQ,None
1963@y_name@DESC,Bar,Hard,0.8216,1.6433,2,0.0,0.0,0.0,0.0,0.0,0.0,0.0,0.0,0.0,0.0,1.0,0.0,0.0,True,Qwen/Qwen2.5-Coder-14B-Instruct-AWQ,None
2726@x_name@DESC,Bar,Extra Hard,0.9401,0.9401,1,0.0,0.0,0.0,0.0,0.0,1.0,0.0,0.0,0.0,1.0,0.0,,0.0,True,Qwen/Qwen2.5-Coder-14B-Instruct-AWQ,None
2726@x_name@DESC,Bar,Extra Hard,0.9401,0.9401,1,0.0,0.0,0.0,0.0,0.0,1.0,0.0,0.0,0.0,1.0,0.0,,0.0,True,Qwen/Qwen2.5-Coder-14B-Instruct-AWQ,None
2726@x_name@DESC,Bar,Extra Hard,0.9401,0.9401,1,0.0,0.0,0.0,0.0,0.0,1.0,0.0,0.0,0.0,1.0,0.0,,0.0,True,Qwen/Qwen2.5-Coder-14B-Instruct-AWQ,None
2733@y_name@ASC,Bar,Extra Hard,0.9564,2.8693,3,0.0,0.0,0.0,0.0,1.0,0.0,0.0,0.0,0.0,1.0,0.0,,0.0,True,Qwen/Qwen2.5-Coder-14B-Instruct-AWQ,None
2733@y_name@ASC,Bar,Extra Hard,0.9564,2.8693,3,0.0,0.0,0.0,0.0,1.0,0.0,0.0,0.0,0.0,1.0,0.0,,0.0,True,Qwen/Qwen2.5-Coder-14B-Instruct-AWQ,None
2733@y_name@ASC,Bar,Extra Hard,0.9564,2.8693,3,0.0,0.0,0.0,0.0,1.0,0.0,0.0,0.0,0.0,1.0,0.0,,0.0,True,Qwen/Qwen2.5-Coder-14B-Instruct-AWQ,None
733@y_name@DESC,Bar,Medium,0.618,1.236,2,0.0,0.0,0.0,0.0,0.0,0.0,0.0,0.0,0.0,0.0,1.0,0.0,0.0,False,Qwen/Qwen2.5-Coder-14B-Instruct-AWQ,None
733@y_name@DESC,Bar,Medium,0.618,1.236,2,0.0,0.0,0.0,0.0,0.0,0.0,0.0,0.0,0.0,0.0,1.0,0.0,0.0,False,Qwen/Qwen2.5-Coder-14B-Instruct-AWQ,None
733@y_name@DESC,Bar,Medium,0.618,1.236,2,0.0,0.0,0.0,0.0,0.0,0.0,0.0,0.0,0.0,0.0,1.0,0.0,0.0,False,Qwen/Qwen2.5-Coder-14B-Instruct-AWQ,None
748@y_name@DESC,Bar,Extra Hard,0.9887,2.9662,3,0.0,0.0,0.0,0.0,0.3333333333333333,0.0,0.0,0.0,0.0,0.3333333333333333,0.6666666666666666,0.0,0.0,True,Qwen/Qwen2.5-Coder-14B-Instruct-AWQ,None
748@y_name@DESC,Bar,Extra Hard,0.9887,2.9662,3,0.0,0.0,0.0,0.0,0.3333333333333333,0.0,0.0,0.0,0.0,0.3333333333333333,0.6666666666666666,0.0,0.0,True,Qwen/Qwen2.5-Coder-14B-Instruct-AWQ,None
748@y_name@DESC,Bar,Extra Hard,0.9887,2.9662,3,0.0,0.0,0.0,0.0,0.3333333333333333,0.0,0.0,0.0,0.0,0.3333333333333333,0.6666666666666666,0.0,0.0,True,Qwen/Qwen2.5-Coder-14B-Instruct-AWQ,None
753@x_name@DESC,Bar,Medium,0.5874,1.7623,3,0.0,0.0,0.0,0.0,0.0,0.6666666666666666,0.0,0.0,0.0,0.6666666666666666,0.3333333333333333,0.0,0.0,False,Qwen/Qwen2.5-Coder-14B-Instruct-AWQ,None
753@x_name@DESC,Bar,Medium,0.5874,1.7623,3,0.0,0.0,0.0,0.0,0.0,0.6666666666666666,0.0,0.0,0.0,0.6666666666666666,0.3333333333333333,0.0,0.0,False,Qwen/Qwen2.5-Coder-14B-Instruct-AWQ,None
753@x_name@DESC,Bar,Medium,0.5874,1.7623,3,0.0,0.0,0.0,0.0,0.0,0.6666666666666666,0.0,0.0,0.0,0.6666666666666666,0.3333333333333333,0.0,0.0,False,Qwen/Qwen2.5-Coder-14B-Instruct-AWQ,None
754@y_name@ASC,Bar,Hard,0.6199,1.2398,2,0.0,0.0,0.0,0.0,0.0,0.0,0.0,0.0,0.0,0.0,1.0,0.0,0.0,False,Qwen/Qwen2.5-Coder-14B-Instruct-AWQ,None
754@y_name@ASC,Bar,Hard,0.6199,1.2398,2,0.0,0.0,0.0,0.0,0.0,0.0,0.0,0.0,0.0,0.0,1.0,0.0,0.0,False,Qwen/Qwen2.5-Coder-14B-Instruct-AWQ,None
754@y_name@ASC,Bar,Hard,0.6199,1.2398,2,0.0,0.0,0.0,0.0,0.0,0.0,0.0,0.0,0.0,0.0,1.0,0.0,0.0,False,Qwen/Qwen2.5-Coder-14B-Instruct-AWQ,None
763@y_name@ASC,Bar,Medium,0.5395,1.6186,3,0.0,0.0,0.0,0.0,0.0,0.0,0.0,0.0,0.0,0.0,1.0,0.0,0.0,False,Qwen/Qwen2.5-Coder-14B-Instruct-AWQ,None
763@y_name@ASC,Bar,Medium,0.5395,1.6186,3,0.0,0.0,0.0,0.0,0.0,0.0,0.0,0.0,0.0,0.0,1.0,0.0,0.0,False,Qwen/Qwen2.5-Coder-14B-Instruct-AWQ,None
763@y_name@ASC,Bar,Medium,0.5395,1.6186,3,0.0,0.0,0.0,0.0,0.0,0.0,0.0,0.0,0.0,0.0,1.0,0.0,0.0,False,Qwen/Qwen2.5-Coder-14B-Instruct-AWQ,None
2625@x_name@ASC,Bar,Medium,0.4834,1.9334,4,0.0,0.0,0.0,0.0,0.0,0.0,0.0,0.0,0.0,0.0,1.0,0.0,0.0,False,Qwen/Qwen2.5-Coder-14B-Instruct-AWQ,None
2625@x_name@ASC,Bar,Medium,0.4834,1.9334,4,0.0,0.0,0.0,0.0,0.0,0.0,0.0,0.0,0.0,0.0,1.0,0.0,0.0,False,Qwen/Qwen2.5-Coder-14B-Instruct-AWQ,None
2625@x_name@ASC,Bar,Medium,0.4834,1.9334,4,0.0,0.0,0.0,0.0,0.0,0.0,0.0,0.0,0.0,0.0,1.0,0.0,0.0,False,Qwen/Qwen2.5-Coder-14B-Instruct-AWQ,None
609@x_name@ASC,Bar,Extra Hard,2.5334,5.0668,2,0.0,0.0,0.0,0.0,0.0,0.5,0.0,0.0,0.0,0.5,0.5,0.0,0.0,True,Qwen/Qwen2.5-Coder-14B-Instruct-AWQ,None
609@x_name@ASC,Bar,Extra Hard,2.5334,5.0668,2,0.0,0.0,0.0,0.0,0.0,0.5,0.0,0.0,0.0,0.5,0.5,0.0,0.0,True,Qwen/Qwen2.5-Coder-14B-Instruct-AWQ,None
609@x_name@ASC,Bar,Extra Hard,2.5334,5.0668,2,0.0,0.0,0.0,0.0,0.0,0.5,0.0,0.0,0.0,0.5,0.5,0.0,0.0,True,Qwen/Qwen2.5-Coder-14B-Instruct-AWQ,None
619@x_name@ASC,Bar,Easy,0.576,0.576,1,0.0,0.0,0.0,0.0,1.0,0.0,0.0,0.0,0.0,1.0,0.0,,0.0,False,Qwen/Qwen2.5-Coder-14B-Instruct-AWQ,None
619@x_name@ASC,Bar,Easy,0.576,0.576,1,0.0,0.0,0.0,0.0,1.0,0.0,0.0,0.0,0.0,1.0,0.0,,0.0,False,Qwen/Qwen2.5-Coder-14B-Instruct-AWQ,None
619@x_name@ASC,Bar,Easy,0.576,0.576,1,0.0,0.0,0.0,0.0,1.0,0.0,0.0,0.0,0.0,1.0,0.0,,0.0,False,Qwen/Qwen2.5-Coder-14B-Instruct-AWQ,None
620@x_name@ASC,Bar,Hard,0.5811,0.5811,1,0.0,0.0,0.0,0.0,0.0,0.0,0.0,0.0,0.0,0.0,1.0,0.0,0.0,False,Qwen/Qwen2.5-Coder-14B-Instruct-AWQ,None
620@x_name@ASC,Bar,Hard,0.5811,0.5811,1,0.0,0.0,0.0,0.0,0.0,0.0,0.0,0.0,0.0,0.0,1.0,0.0,0.0,False,Qwen/Qwen2.5-Coder-14B-Instruct-AWQ,None
620@x_name@ASC,Bar,Hard,0.5811,0.5811,1,0.0,0.0,0.0,0.0,0.0,0.0,0.0,0.0,0.0,0.0,1.0,0.0,0.0,False,Qwen/Qwen2.5-Coder-14B-Instruct-AWQ,None
621@y_name@ASC,Bar,Medium,0.7277,3.6385,5,0.0,0.0,0.0,0.0,0.0,0.0,0.0,0.0,0.0,0.0,1.0,0.0,0.0,False,Qwen/Qwen2.5-Coder-14B-Instruct-AWQ,None
621@y_name@ASC,Bar,Medium,0.7277,3.6385,5,0.0,0.0,0.0,0.0,0.0,0.0,0.0,0.0,0.0,0.0,1.0,0.0,0.0,False,Qwen/Qwen2.5-Coder-14B-Instruct-AWQ,None
621@y_name@ASC,Bar,Medium,0.7277,3.6385,5,0.0,0.0,0.0,0.0,0.0,0.0,0.0,0.0,0.0,0.0,1.0,0.0,0.0,False,Qwen/Qwen2.5-Coder-14B-Instruct-AWQ,None
624@y_name@ASC,Bar,Medium,0.5762,1.7286,3,0.0,0.0,0.0,0.0,0.0,0.0,0.0,0.0,0.0,0.0,1.0,0.0,0.0,False,Qwen/Qwen2.5-Coder-14B-Instruct-AWQ,None
624@y_name@ASC,Bar,Medium,0.5762,1.7286,3,0.0,0.0,0.0,0.0,0.0,0.0,0.0,0.0,0.0,0.0,1.0,0.0,0.0,False,Qwen/Qwen2.5-Coder-14B-Instruct-AWQ,None
624@y_name@ASC,Bar,Medium,0.5762,1.7286,3,0.0,0.0,0.0,0.0,0.0,0.0,0.0,0.0,0.0,0.0,1.0,0.0,0.0,False,Qwen/Qwen2.5-Coder-14B-Instruct-AWQ,None
627@y_name@DESC,Bar,Medium,0.5817,0.5817,1,0.0,0.0,0.0,0.0,1.0,0.0,0.0,0.0,0.0,1.0,0.0,,0.0,False,Qwen/Qwen2.5-Coder-14B-Instruct-AWQ,None
627@y_name@DESC,Bar,Medium,0.5817,0.5817,1,0.0,0.0,0.0,0.0,1.0,0.0,0.0,0.0,0.0,1.0,0.0,,0.0,False,Qwen/Qwen2.5-Coder-14B-Instruct-AWQ,None
627@y_name@DESC,Bar,Medium,0.5817,0.5817,1,0.0,0.0,0.0,0.0,1.0,0.0,0.0,0.0,0.0,1.0,0.0,,0.0,False,Qwen/Qwen2.5-Coder-14B-Instruct-AWQ,None
630@y_name@DESC,Bar,Medium,0.5819,1.1638,2,0.0,0.0,0.0,0.0,0.0,1.0,0.0,0.0,0.0,1.0,0.0,,0.0,True,Qwen/Qwen2.5-Coder-14B-Instruct-AWQ,None
630@y_name@DESC,Bar,Medium,0.5819,1.1638,2,0.0,0.0,0.0,0.0,0.0,1.0,0.0,0.0,0.0,1.0,0.0,,0.0,True,Qwen/Qwen2.5-Coder-14B-Instruct-AWQ,None
630@y_name@DESC,Bar,Medium,0.5819,1.1638,2,0.0,0.0,0.0,0.0,0.0,1.0,0.0,0.0,0.0,1.0,0.0,,0.0,True,Qwen/Qwen2.5-Coder-14B-Instruct-AWQ,None
633@y_name@DESC,Bar,Hard,1.089,1.089,1,0.0,0.0,0.0,0.0,1.0,0.0,0.0,0.0,0.0,1.0,0.0,,0.0,True,Qwen/Qwen2.5-Coder-14B-Instruct-AWQ,None
633@y_name@DESC,Bar,Hard,1.089,1.089,1,0.0,0.0,0.0,0.0,1.0,0.0,0.0,0.0,0.0,1.0,0.0,,0.0,True,Qwen/Qwen2.5-Coder-14B-Instruct-AWQ,None
633@y_name@DESC,Bar,Hard,1.089,1.089,1,0.0,0.0,0.0,0.0,1.0,0.0,0.0,0.0,0.0,1.0,0.0,,0.0,True,Qwen/Qwen2.5-Coder-14B-Instruct-AWQ,None
636@y_name@DESC,Bar,Hard,1.0363,1.0363,1,0.0,0.0,0.0,0.0,1.0,0.0,0.0,0.0,0.0,1.0,0.0,,0.0,True,Qwen/Qwen2.5-Coder-14B-Instruct-AWQ,None
636@y_name@DESC,Bar,Hard,1.0363,1.0363,1,0.0,0.0,0.0,0.0,1.0,0.0,0.0,0.0,0.0,1.0,0.0,,0.0,True,Qwen/Qwen2.5-Coder-14B-Instruct-AWQ,None
636@y_name@DESC,Bar,Hard,1.0363,1.0363,1,0.0,0.0,0.0,0.0,1.0,0.0,0.0,0.0,0.0,1.0,0.0,,0.0,True,Qwen/Qwen2.5-Coder-14B-Instruct-AWQ,None
640@x_name@ASC,Line,Medium,0.5788,1.1576,2,0.0,0.0,0.0,0.0,0.0,0.0,0.0,0.0,0.0,0.0,1.0,0.0,0.0,False,Qwen/Qwen2.5-Coder-14B-Instruct-AWQ,None
640@x_name@ASC,Line,Medium,0.5788,1.1576,2,0.0,0.0,0.0,0.0,0.0,0.0,0.0,0.0,0.0,0.0,1.0,0.0,0.0,False,Qwen/Qwen2.5-Coder-14B-Instruct-AWQ,None
640@x_name@ASC,Line,Medium,0.5788,1.1576,2,0.0,0.0,0.0,0.0,0.0,0.0,0.0,0.0,0.0,0.0,1.0,0.0,0.0,False,Qwen/Qwen2.5-Coder-14B-Instruct-AWQ,None
642@x_name@DESC,Line,Medium,0.5012,1.5035,3,0.0,0.0,0.0,0.0,0.0,1.0,0.0,0.0,0.0,1.0,0.0,,0.0,False,Qwen/Qwen2.5-Coder-14B-Instruct-AWQ,None
642@x_name@DESC,Line,Medium,0.5012,1.5035,3,0.0,0.0,0.0,0.0,0.0,1.0,0.0,0.0,0.0,1.0,0.0,,0.0,False,Qwen/Qwen2.5-Coder-14B-Instruct-AWQ,None
642@x_name@DESC,Line,Medium,0.5012,1.5035,3,0.0,0.0,0.0,0.0,0.0,1.0,0.0,0.0,0.0,1.0,0.0,,0.0,False,Qwen/Qwen2.5-Coder-14B-Instruct-AWQ,None
647@x_name@DESC,Grouping Line,Hard,0.5823,0.5823,1,0.0,0.0,0.0,0.0,0.0,0.0,0.0,0.0,0.0,0.0,1.0,0.0,0.0,False,Qwen/Qwen2.5-Coder-14B-Instruct-AWQ,None
647@x_name@DESC,Grouping Line,Hard,0.5823,0.5823,1,0.0,0.0,0.0,0.0,0.0,0.0,0.0,0.0,0.0,0.0,1.0,0.0,0.0,False,Qwen/Qwen2.5-Coder-14B-Instruct-AWQ,None
647@x_name@DESC,Grouping Line,Hard,0.5823,0.5823,1,0.0,0.0,0.0,0.0,0.0,0.0,0.0,0.0,0.0,0.0,1.0,0.0,0.0,False,Qwen/Qwen2.5-Coder-14B-Instruct-AWQ,None
648@x_name@ASC,Grouping Line,Extra Hard,7.4274,14.8548,2,0.5,0.0,0.0,0.0,0.0,0.0,0.0,0.0,0.5,0.0,0.5,0.0,0.0,False,Qwen/Qwen2.5-Coder-14B-Instruct-AWQ,None
648@x_name@ASC,Grouping Line,Extra Hard,7.4274,14.8548,2,0.5,0.0,0.0,0.0,0.0,0.0,0.0,0.0,0.5,0.0,0.5,0.0,0.0,False,Qwen/Qwen2.5-Coder-14B-Instruct-AWQ,None
648@x_name@ASC,Grouping Line,Extra Hard,7.4274,14.8548,2,0.5,0.0,0.0,0.0,0.0,0.0,0.0,0.0,0.5,0.0,0.5,0.0,0.0,False,Qwen/Qwen2.5-Coder-14B-Instruct-AWQ,None
652@x_name@DESC,Bar,Extra Hard,1.0058,1.0058,1,0.0,0.0,0.0,0.0,0.0,1.0,0.0,0.0,0.0,1.0,0.0,,0.0,True,Qwen/Qwen2.5-Coder-14B-Instruct-AWQ,None
652@x_name@DESC,Bar,Extra Hard,1.0058,1.0058,1,0.0,0.0,0.0,0.0,0.0,1.0,0.0,0.0,0.0,1.0,0.0,,0.0,True,Qwen/Qwen2.5-Coder-14B-Instruct-AWQ,None
652@x_name@DESC,Bar,Extra Hard,1.0058,1.0058,1,0.0,0.0,0.0,0.0,0.0,1.0,0.0,0.0,0.0,1.0,0.0,,0.0,True,Qwen/Qwen2.5-Coder-14B-Instruct-AWQ,None
653@x_name@DESC,Bar,Extra Hard,0.9238,0.9238,1,0.0,0.0,0.0,0.0,0.0,0.0,0.0,0.0,0.0,0.0,1.0,0.0,0.0,True,Qwen/Qwen2.5-Coder-14B-Instruct-AWQ,None
653@x_name@DESC,Bar,Extra Hard,0.9238,0.9238,1,0.0,0.0,0.0,0.0,0.0,0.0,0.0,0.0,0.0,0.0,1.0,0.0,0.0,True,Qwen/Qwen2.5-Coder-14B-Instruct-AWQ,None
653@x_name@DESC,Bar,Extra Hard,0.9238,0.9238,1,0.0,0.0,0.0,0.0,0.0,0.0,0.0,0.0,0.0,0.0,1.0,0.0,0.0,True,Qwen/Qwen2.5-Coder-14B-Instruct-AWQ,None
654@x_name@DESC,Bar,Medium,0.6042,2.4168,4,0.0,0.0,0.0,0.0,0.0,0.75,0.0,0.0,0.0,0.75,0.25,0.0,0.0,False,Qwen/Qwen2.5-Coder-14B-Instruct-AWQ,None
654@x_name@DESC,Bar,Medium,0.6042,2.4168,4,0.0,0.0,0.0,0.0,0.0,0.75,0.0,0.0,0.0,0.75,0.25,0.0,0.0,False,Qwen/Qwen2.5-Coder-14B-Instruct-AWQ,None
654@x_name@DESC,Bar,Medium,0.6042,2.4168,4,0.0,0.0,0.0,0.0,0.0,0.75,0.0,0.0,0.0,0.75,0.25,0.0,0.0,False,Qwen/Qwen2.5-Coder-14B-Instruct-AWQ,None
655@x_name@DESC,Bar,Medium,1.2599,1.2599,1,0.0,0.0,0.0,0.0,0.0,1.0,0.0,0.0,0.0,1.0,0.0,,0.0,False,Qwen/Qwen2.5-Coder-14B-Instruct-AWQ,None
655@x_name@DESC,Bar,Medium,1.2599,1.2599,1,0.0,0.0,0.0,0.0,0.0,1.0,0.0,0.0,0.0,1.0,0.0,,0.0,False,Qwen/Qwen2.5-Coder-14B-Instruct-AWQ,None
655@x_name@DESC,Bar,Medium,1.2599,1.2599,1,0.0,0.0,0.0,0.0,0.0,1.0,0.0,0.0,0.0,1.0,0.0,,0.0,False,Qwen/Qwen2.5-Coder-14B-Instruct-AWQ,None
657@y_name@ASC,Bar,Hard,2.5145,5.0289,2,0.0,0.0,0.0,0.0,0.0,0.0,0.0,0.0,0.0,0.0,1.0,0.0,0.0,False,Qwen/Qwen2.5-Coder-14B-Instruct-AWQ,None
657@y_name@ASC,Bar,Hard,2.5145,5.0289,2,0.0,0.0,0.0,0.0,0.0,0.0,0.0,0.0,0.0,0.0,1.0,0.0,0.0,False,Qwen/Qwen2.5-Coder-14B-Instruct-AWQ,None
657@y_name@ASC,Bar,Hard,2.5145,5.0289,2,0.0,0.0,0.0,0.0,0.0,0.0,0.0,0.0,0.0,0.0,1.0,0.0,0.0,False,Qwen/Qwen2.5-Coder-14B-Instruct-AWQ,None
713@y_name@DESC,Bar,Hard,0.8448,3.3793,4,0.0,0.0,0.0,0.0,0.0,0.0,0.0,0.0,0.0,0.0,1.0,0.0,0.0,True,Qwen/Qwen2.5-Coder-14B-Instruct-AWQ,None
713@y_name@DESC,Bar,Hard,0.8448,3.3793,4,0.0,0.0,0.0,0.0,0.0,0.0,0.0,0.0,0.0,0.0,1.0,0.0,0.0,True,Qwen/Qwen2.5-Coder-14B-Instruct-AWQ,None
713@y_name@DESC,Bar,Hard,0.8448,3.3793,4,0.0,0.0,0.0,0.0,0.0,0.0,0.0,0.0,0.0,0.0,1.0,0.0,0.0,True,Qwen/Qwen2.5-Coder-14B-Instruct-AWQ,None
715@y_name@DESC,Bar,Hard,0.8732,1.7465,2,0.0,0.0,0.0,0.0,0.0,0.0,0.0,0.0,0.0,0.0,1.0,0.0,0.0,True,Qwen/Qwen2.5-Coder-14B-Instruct-AWQ,None
715@y_name@DESC,Bar,Hard,0.8732,1.7465,2,0.0,0.0,0.0,0.0,0.0,0.0,0.0,0.0,0.0,0.0,1.0,0.0,0.0,True,Qwen/Qwen2.5-Coder-14B-Instruct-AWQ,None
715@y_name@DESC,Bar,Hard,0.8732,1.7465,2,0.0,0.0,0.0,0.0,0.0,0.0,0.0,0.0,0.0,0.0,1.0,0.0,0.0,True,Qwen/Qwen2.5-Coder-14B-Instruct-AWQ,None
719@x_name@DESC,Bar,Hard,1.0033,1.0033,1,0.0,0.0,0.0,0.0,0.0,1.0,0.0,0.0,0.0,1.0,0.0,,0.0,True,Qwen/Qwen2.5-Coder-14B-Instruct-AWQ,None
719@x_name@DESC,Bar,Hard,1.0033,1.0033,1,0.0,0.0,0.0,0.0,0.0,1.0,0.0,0.0,0.0,1.0,0.0,,0.0,True,Qwen/Qwen2.5-Coder-14B-Instruct-AWQ,None
719@x_name@DESC,Bar,Hard,1.0033,1.0033,1,0.0,0.0,0.0,0.0,0.0,1.0,0.0,0.0,0.0,1.0,0.0,,0.0,True,Qwen/Qwen2.5-Coder-14B-Instruct-AWQ,None
380@x_name@ASC,Bar,Medium,0.4445,2.2225,5,0.0,0.0,0.0,0.0,0.0,0.0,0.0,0.0,0.0,0.0,1.0,0.0,0.0,False,Qwen/Qwen2.5-Coder-14B-Instruct-AWQ,None
380@x_name@ASC,Bar,Medium,0.4445,2.2225,5,0.0,0.0,0.0,0.0,0.0,0.0,0.0,0.0,0.0,0.0,1.0,0.0,0.0,False,Qwen/Qwen2.5-Coder-14B-Instruct-AWQ,None
380@x_name@ASC,Bar,Medium,0.4445,2.2225,5,0.0,0.0,0.0,0.0,0.0,0.0,0.0,0.0,0.0,0.0,1.0,0.0,0.0,False,Qwen/Qwen2.5-Coder-14B-Instruct-AWQ,None
383@x_name@ASC,Bar,Medium,0.4375,1.3125,3,0.0,0.0,0.0,0.0,0.3333333333333333,0.3333333333333333,0.0,0.0,0.0,0.6666666666666666,0.3333333333333333,0.0,0.0,False,Qwen/Qwen2.5-Coder-14B-Instruct-AWQ,None
383@x_name@ASC,Bar,Medium,0.4375,1.3125,3,0.0,0.0,0.0,0.0,0.3333333333333333,0.3333333333333333,0.0,0.0,0.0,0.6666666666666666,0.3333333333333333,0.0,0.0,False,Qwen/Qwen2.5-Coder-14B-Instruct-AWQ,None
383@x_name@ASC,Bar,Medium,0.4375,1.3125,3,0.0,0.0,0.0,0.0,0.3333333333333333,0.3333333333333333,0.0,0.0,0.0,0.6666666666666666,0.3333333333333333,0.0,0.0,False,Qwen/Qwen2.5-Coder-14B-Instruct-AWQ,None
394@y_name@DESC,Bar,Easy,0.3545,2.1272,6,0.0,0.0,0.0,0.0,0.16666666666666666,0.0,0.0,0.0,0.0,0.16666666666666666,0.8333333333333334,0.0,0.0,False,Qwen/Qwen2.5-Coder-14B-Instruct-AWQ,None
394@y_name@DESC,Bar,Easy,0.3545,2.1272,6,0.0,0.0,0.0,0.0,0.16666666666666666,0.0,0.0,0.0,0.0,0.16666666666666666,0.8333333333333334,0.0,0.0,False,Qwen/Qwen2.5-Coder-14B-Instruct-AWQ,None
394@y_name@DESC,Bar,Easy,0.3545,2.1272,6,0.0,0.0,0.0,0.0,0.16666666666666666,0.0,0.0,0.0,0.0,0.16666666666666666,0.8333333333333334,0.0,0.0,False,Qwen/Qwen2.5-Coder-14B-Instruct-AWQ,None
395@x_name@ASC,Bar,Easy,0.3536,0.3536,1,0.0,0.0,0.0,0.0,0.0,0.0,0.0,0.0,0.0,0.0,1.0,0.0,0.0,False,Qwen/Qwen2.5-Coder-14B-Instruct-AWQ,None
395@x_name@ASC,Bar,Easy,0.3536,0.3536,1,0.0,0.0,0.0,0.0,0.0,0.0,0.0,0.0,0.0,0.0,1.0,0.0,0.0,False,Qwen/Qwen2.5-Coder-14B-Instruct-AWQ,None
395@x_name@ASC,Bar,Easy,0.3536,0.3536,1,0.0,0.0,0.0,0.0,0.0,0.0,0.0,0.0,0.0,0.0,1.0,0.0,0.0,False,Qwen/Qwen2.5-Coder-14B-Instruct-AWQ,None
406@x_name@ASC,Bar,Easy,0.4205,0.4205,1,0.0,0.0,0.0,0.0,0.0,0.0,0.0,0.0,0.0,0.0,1.0,0.0,0.0,False,Qwen/Qwen2.5-Coder-14B-Instruct-AWQ,None
406@x_name@ASC,Bar,Easy,0.4205,0.4205,1,0.0,0.0,0.0,0.0,0.0,0.0,0.0,0.0,0.0,0.0,1.0,0.0,0.0,False,Qwen/Qwen2.5-Coder-14B-Instruct-AWQ,None
406@x_name@ASC,Bar,Easy,0.4205,0.4205,1,0.0,0.0,0.0,0.0,0.0,0.0,0.0,0.0,0.0,0.0,1.0,0.0,0.0,False,Qwen/Qwen2.5-Coder-14B-Instruct-AWQ,None
723@y_name@ASC,Bar,Hard,0.8127,0.8127,1,0.0,0.0,0.0,0.0,0.0,0.0,0.0,0.0,0.0,0.0,1.0,0.0,0.0,True,Qwen/Qwen2.5-Coder-14B-Instruct-AWQ,None
723@y_name@ASC,Bar,Hard,0.8127,0.8127,1,0.0,0.0,0.0,0.0,0.0,0.0,0.0,0.0,0.0,0.0,1.0,0.0,0.0,True,Qwen/Qwen2.5-Coder-14B-Instruct-AWQ,None
723@y_name@ASC,Bar,Hard,0.8127,0.8127,1,0.0,0.0,0.0,0.0,0.0,0.0,0.0,0.0,0.0,0.0,1.0,0.0,0.0,True,Qwen/Qwen2.5-Coder-14B-Instruct-AWQ,None
725@x_name@DESC,Bar,Hard,0.7721,0.7721,1,0.0,0.0,0.0,0.0,0.0,1.0,0.0,0.0,0.0,1.0,0.0,,0.0,True,Qwen/Qwen2.5-Coder-14B-Instruct-AWQ,None
725@x_name@DESC,Bar,Hard,0.7721,0.7721,1,0.0,0.0,0.0,0.0,0.0,1.0,0.0,0.0,0.0,1.0,0.0,,0.0,True,Qwen/Qwen2.5-Coder-14B-Instruct-AWQ,None
725@x_name@DESC,Bar,Hard,0.7721,0.7721,1,0.0,0.0,0.0,0.0,0.0,1.0,0.0,0.0,0.0,1.0,0.0,,0.0,True,Qwen/Qwen2.5-Coder-14B-Instruct-AWQ,None
726@y_name@DESC,Bar,Medium,0.6307,1.2614,2,0.0,0.0,0.0,0.0,0.0,0.0,0.0,0.0,0.0,0.0,1.0,0.0,0.0,False,Qwen/Qwen2.5-Coder-14B-Instruct-AWQ,None
726@y_name@DESC,Bar,Medium,0.6307,1.2614,2,0.0,0.0,0.0,0.0,0.0,0.0,0.0,0.0,0.0,0.0,1.0,0.0,0.0,False,Qwen/Qwen2.5-Coder-14B-Instruct-AWQ,None
726@y_name@DESC,Bar,Medium,0.6307,1.2614,2,0.0,0.0,0.0,0.0,0.0,0.0,0.0,0.0,0.0,0.0,1.0,0.0,0.0,False,Qwen/Qwen2.5-Coder-14B-Instruct-AWQ,None
3208@x_name@DESC,Bar,Medium,0.642,0.642,1,0.0,0.0,0.0,1.0,1.0,0.0,0.0,0.0,0.0,1.0,0.0,,0.0,False,Qwen/Qwen2.5-Coder-14B-Instruct-AWQ,None
3208@x_name@DESC,Bar,Medium,0.642,0.642,1,0.0,0.0,0.0,1.0,1.0,0.0,0.0,0.0,0.0,1.0,0.0,,0.0,False,Qwen/Qwen2.5-Coder-14B-Instruct-AWQ,None
3208@x_name@DESC,Bar,Medium,0.642,0.642,1,0.0,0.0,0.0,1.0,1.0,0.0,0.0,0.0,0.0,1.0,0.0,,0.0,False,Qwen/Qwen2.5-Coder-14B-Instruct-AWQ,None
3210@x_name@DESC,Line,Easy,0.5043,0.5043,1,0.0,0.0,0.0,0.0,0.0,0.0,0.0,0.0,0.0,0.0,1.0,0.0,0.0,False,Qwen/Qwen2.5-Coder-14B-Instruct-AWQ,None
3210@x_name@DESC,Line,Easy,0.5043,0.5043,1,0.0,0.0,0.0,0.0,0.0,0.0,0.0,0.0,0.0,0.0,1.0,0.0,0.0,False,Qwen/Qwen2.5-Coder-14B-Instruct-AWQ,None
3210@x_name@DESC,Line,Easy,0.5043,0.5043,1,0.0,0.0,0.0,0.0,0.0,0.0,0.0,0.0,0.0,0.0,1.0,0.0,0.0,False,Qwen/Qwen2.5-Coder-14B-Instruct-AWQ,None
3214@x_name@DESC,Bar,Hard,0.662,0.662,1,0.0,0.0,0.0,0.0,0.0,0.0,0.0,0.0,0.0,0.0,1.0,0.0,0.0,False,Qwen/Qwen2.5-Coder-14B-Instruct-AWQ,None
3214@x_name@DESC,Bar,Hard,0.662,0.662,1,0.0,0.0,0.0,0.0,0.0,0.0,0.0,0.0,0.0,0.0,1.0,0.0,0.0,False,Qwen/Qwen2.5-Coder-14B-Instruct-AWQ,None
3214@x_name@DESC,Bar,Hard,0.662,0.662,1,0.0,0.0,0.0,0.0,0.0,0.0,0.0,0.0,0.0,0.0,1.0,0.0,0.0,False,Qwen/Qwen2.5-Coder-14B-Instruct-AWQ,None
3216@y_name@ASC,Bar,Medium,0.4296,0.8592,2,0.0,0.0,0.0,0.0,0.0,0.0,0.0,0.0,0.0,0.0,1.0,0.0,0.0,False,Qwen/Qwen2.5-Coder-14B-Instruct-AWQ,None
3216@y_name@ASC,Bar,Medium,0.4296,0.8592,2,0.0,0.0,0.0,0.0,0.0,0.0,0.0,0.0,0.0,0.0,1.0,0.0,0.0,False,Qwen/Qwen2.5-Coder-14B-Instruct-AWQ,None
3216@y_name@ASC,Bar,Medium,0.4296,0.8592,2,0.0,0.0,0.0,0.0,0.0,0.0,0.0,0.0,0.0,0.0,1.0,0.0,0.0,False,Qwen/Qwen2.5-Coder-14B-Instruct-AWQ,None
3218@x_name@DESC,Line,Medium,5.9075,11.8151,2,0.5,0.0,0.0,0.0,0.0,0.5,0.0,0.0,0.5,0.5,0.0,,0.0,False,Qwen/Qwen2.5-Coder-14B-Instruct-AWQ,None
3218@x_name@DESC,Line,Medium,5.9075,11.8151,2,0.5,0.0,0.0,0.0,0.0,0.5,0.0,0.0,0.5,0.5,0.0,,0.0,False,Qwen/Qwen2.5-Coder-14B-Instruct-AWQ,None
3218@x_name@DESC,Line,Medium,5.9075,11.8151,2,0.5,0.0,0.0,0.0,0.0,0.5,0.0,0.0,0.5,0.5,0.0,,0.0,False,Qwen/Qwen2.5-Coder-14B-Instruct-AWQ,None
2066@y_name@DESC,Bar,Hard,0.5081,1.5244,3,0.0,0.0,0.0,0.0,0.3333333333333333,0.0,0.0,0.0,0.0,0.3333333333333333,0.6666666666666666,0.0,0.0,False,Qwen/Qwen2.5-Coder-14B-Instruct-AWQ,None
2066@y_name@DESC,Bar,Hard,0.5081,1.5244,3,0.0,0.0,0.0,0.0,0.3333333333333333,0.0,0.0,0.0,0.0,0.3333333333333333,0.6666666666666666,0.0,0.0,False,Qwen/Qwen2.5-Coder-14B-Instruct-AWQ,None
2066@y_name@DESC,Bar,Hard,0.5081,1.5244,3,0.0,0.0,0.0,0.0,0.3333333333333333,0.0,0.0,0.0,0.0,0.3333333333333333,0.6666666666666666,0.0,0.0,False,Qwen/Qwen2.5-Coder-14B-Instruct-AWQ,None
2072@y_name@ASC,Bar,Hard,0.8326,1.6652,2,0.0,0.0,0.0,0.0,0.0,0.0,0.0,0.0,0.0,0.0,1.0,0.0,0.0,True,Qwen/Qwen2.5-Coder-14B-Instruct-AWQ,None
2072@y_name@ASC,Bar,Hard,0.8326,1.6652,2,0.0,0.0,0.0,0.0,0.0,0.0,0.0,0.0,0.0,0.0,1.0,0.0,0.0,True,Qwen/Qwen2.5-Coder-14B-Instruct-AWQ,None
2072@y_name@ASC,Bar,Hard,0.8326,1.6652,2,0.0,0.0,0.0,0.0,0.0,0.0,0.0,0.0,0.0,0.0,1.0,0.0,0.0,True,Qwen/Qwen2.5-Coder-14B-Instruct-AWQ,None
2655@x_name@ASC,Bar,Medium,0.4551,0.9103,2,0.0,0.0,0.0,0.0,0.0,0.0,0.0,0.0,0.0,0.0,1.0,0.0,0.0,False,Qwen/Qwen2.5-Coder-14B-Instruct-AWQ,None
2655@x_name@ASC,Bar,Medium,0.4551,0.9103,2,0.0,0.0,0.0,0.0,0.0,0.0,0.0,0.0,0.0,0.0,1.0,0.0,0.0,False,Qwen/Qwen2.5-Coder-14B-Instruct-AWQ,None
2655@x_name@ASC,Bar,Medium,0.4551,0.9103,2,0.0,0.0,0.0,0.0,0.0,0.0,0.0,0.0,0.0,0.0,1.0,0.0,0.0,False,Qwen/Qwen2.5-Coder-14B-Instruct-AWQ,None
2658@y_name@ASC,Bar,Medium,0.4585,1.3756,3,0.0,0.0,0.0,0.0,0.0,0.0,0.0,0.0,0.0,0.0,1.0,0.0,0.0,False,Qwen/Qwen2.5-Coder-14B-Instruct-AWQ,None
2658@y_name@ASC,Bar,Medium,0.4585,1.3756,3,0.0,0.0,0.0,0.0,0.0,0.0,0.0,0.0,0.0,0.0,1.0,0.0,0.0,False,Qwen/Qwen2.5-Coder-14B-Instruct-AWQ,None
2658@y_name@ASC,Bar,Medium,0.4585,1.3756,3,0.0,0.0,0.0,0.0,0.0,0.0,0.0,0.0,0.0,0.0,1.0,0.0,0.0,False,Qwen/Qwen2.5-Coder-14B-Instruct-AWQ,None
2659@x_name@ASC,Bar,Medium,3.866,7.7321,2,0.0,0.0,0.0,0.0,0.0,0.0,0.0,0.0,0.0,0.0,1.0,0.0,0.0,False,Qwen/Qwen2.5-Coder-14B-Instruct-AWQ,None
2659@x_name@ASC,Bar,Medium,3.866,7.7321,2,0.0,0.0,0.0,0.0,0.0,0.0,0.0,0.0,0.0,0.0,1.0,0.0,0.0,False,Qwen/Qwen2.5-Coder-14B-Instruct-AWQ,None
2659@x_name@ASC,Bar,Medium,3.866,7.7321,2,0.0,0.0,0.0,0.0,0.0,0.0,0.0,0.0,0.0,0.0,1.0,0.0,0.0,False,Qwen/Qwen2.5-Coder-14B-Instruct-AWQ,None
2691@x_name@ASC,Bar,Hard,1.156,1.156,1,0.0,0.0,0.0,0.0,0.0,0.0,0.0,0.0,0.0,0.0,1.0,0.0,0.0,True,Qwen/Qwen2.5-Coder-14B-Instruct-AWQ,None
2691@x_name@ASC,Bar,Hard,1.156,1.156,1,0.0,0.0,0.0,0.0,0.0,0.0,0.0,0.0,0.0,0.0,1.0,0.0,0.0,True,Qwen/Qwen2.5-Coder-14B-Instruct-AWQ,None
2691@x_name@ASC,Bar,Hard,1.156,1.156,1,0.0,0.0,0.0,0.0,0.0,0.0,0.0,0.0,0.0,0.0,1.0,0.0,0.0,True,Qwen/Qwen2.5-Coder-14B-Instruct-AWQ,None
2360@y_name@DESC,Bar,Hard,14.6916,58.7663,4,1.0,0.0,0.0,0.0,0.0,0.0,0.0,0.0,1.0,0.0,0.0,,0.0,True,Qwen/Qwen2.5-Coder-14B-Instruct-AWQ,None
2360@y_name@DESC,Bar,Hard,14.6916,58.7663,4,1.0,0.0,0.0,0.0,0.0,0.0,0.0,0.0,1.0,0.0,0.0,,0.0,True,Qwen/Qwen2.5-Coder-14B-Instruct-AWQ,None
2360@y_name@DESC,Bar,Hard,14.6916,58.7663,4,1.0,0.0,0.0,0.0,0.0,0.0,0.0,0.0,1.0,0.0,0.0,,0.0,True,Qwen/Qwen2.5-Coder-14B-Instruct-AWQ,None
2369@y_name@DESC,Bar,Hard,0.7111,2.1332,3,0.0,0.0,0.0,0.0,0.0,0.0,0.0,0.0,0.0,0.0,1.0,0.0,0.0,True,Qwen/Qwen2.5-Coder-14B-Instruct-AWQ,None
2369@y_name@DESC,Bar,Hard,0.7111,2.1332,3,0.0,0.0,0.0,0.0,0.0,0.0,0.0,0.0,0.0,0.0,1.0,0.0,0.0,True,Qwen/Qwen2.5-Coder-14B-Instruct-AWQ,None
2369@y_name@DESC,Bar,Hard,0.7111,2.1332,3,0.0,0.0,0.0,0.0,0.0,0.0,0.0,0.0,0.0,0.0,1.0,0.0,0.0,True,Qwen/Qwen2.5-Coder-14B-Instruct-AWQ,None
2383@x_name@ASC,Bar,Medium,3.553,3.553,1,0.0,0.0,0.0,0.0,0.0,0.0,0.0,0.0,0.0,0.0,1.0,0.0,0.0,True,Qwen/Qwen2.5-Coder-14B-Instruct-AWQ,None
2383@x_name@ASC,Bar,Medium,3.553,3.553,1,0.0,0.0,0.0,0.0,0.0,0.0,0.0,0.0,0.0,0.0,1.0,0.0,0.0,True,Qwen/Qwen2.5-Coder-14B-Instruct-AWQ,None
2383@x_name@ASC,Bar,Medium,3.553,3.553,1,0.0,0.0,0.0,0.0,0.0,0.0,0.0,0.0,0.0,0.0,1.0,0.0,0.0,True,Qwen/Qwen2.5-Coder-14B-Instruct-AWQ,None
2398@y_name@DESC,Bar,Hard,0.6985,0.6985,1,0.0,0.0,0.0,0.0,0.0,0.0,0.0,0.0,0.0,0.0,1.0,0.0,0.0,True,Qwen/Qwen2.5-Coder-14B-Instruct-AWQ,None
2398@y_name@DESC,Bar,Hard,0.6985,0.6985,1,0.0,0.0,0.0,0.0,0.0,0.0,0.0,0.0,0.0,0.0,1.0,0.0,0.0,True,Qwen/Qwen2.5-Coder-14B-Instruct-AWQ,None
2398@y_name@DESC,Bar,Hard,0.6985,0.6985,1,0.0,0.0,0.0,0.0,0.0,0.0,0.0,0.0,0.0,0.0,1.0,0.0,0.0,True,Qwen/Qwen2.5-Coder-14B-Instruct-AWQ,None
2402@y_name@ASC,Bar,Hard,0.786,2.3581,3,0.0,0.0,0.0,0.0,0.0,0.0,0.0,0.0,0.0,0.0,1.0,0.0,0.0,True,Qwen/Qwen2.5-Coder-14B-Instruct-AWQ,None
2402@y_name@ASC,Bar,Hard,0.786,2.3581,3,0.0,0.0,0.0,0.0,0.0,0.0,0.0,0.0,0.0,0.0,1.0,0.0,0.0,True,Qwen/Qwen2.5-Coder-14B-Instruct-AWQ,None
2402@y_name@ASC,Bar,Hard,0.786,2.3581,3,0.0,0.0,0.0,0.0,0.0,0.0,0.0,0.0,0.0,0.0,1.0,0.0,0.0,True,Qwen/Qwen2.5-Coder-14B-Instruct-AWQ,None
2405@y_name@DESC,Bar,Extra Hard,0.8451,3.3806,4,0.0,0.0,0.0,0.0,0.0,0.0,0.0,0.0,0.0,0.0,1.0,0.0,0.0,True,Qwen/Qwen2.5-Coder-14B-Instruct-AWQ,None
2405@y_name@DESC,Bar,Extra Hard,0.8451,3.3806,4,0.0,0.0,0.0,0.0,0.0,0.0,0.0,0.0,0.0,0.0,1.0,0.0,0.0,True,Qwen/Qwen2.5-Coder-14B-Instruct-AWQ,None
2405@y_name@DESC,Bar,Extra Hard,0.8451,3.3806,4,0.0,0.0,0.0,0.0,0.0,0.0,0.0,0.0,0.0,0.0,1.0,0.0,0.0,True,Qwen/Qwen2.5-Coder-14B-Instruct-AWQ,None
1432@y_name@DESC,Bar,Hard,0.9272,0.9272,1,0.0,0.0,0.0,0.0,0.0,0.0,0.0,0.0,0.0,0.0,1.0,0.0,0.0,True,Qwen/Qwen2.5-Coder-14B-Instruct-AWQ,None
1432@y_name@DESC,Bar,Hard,0.9272,0.9272,1,0.0,0.0,0.0,0.0,0.0,0.0,0.0,0.0,0.0,0.0,1.0,0.0,0.0,True,Qwen/Qwen2.5-Coder-14B-Instruct-AWQ,None
1432@y_name@DESC,Bar,Hard,0.9272,0.9272,1,0.0,0.0,0.0,0.0,0.0,0.0,0.0,0.0,0.0,0.0,1.0,0.0,0.0,True,Qwen/Qwen2.5-Coder-14B-Instruct-AWQ,None
679@x_name@ASC,Bar,Medium,0.4871,0.4871,1,0.0,0.0,0.0,0.0,0.0,0.0,0.0,0.0,0.0,0.0,1.0,0.0,0.0,False,Qwen/Qwen2.5-Coder-14B-Instruct-AWQ,None
679@x_name@ASC,Bar,Medium,0.4871,0.4871,1,0.0,0.0,0.0,0.0,0.0,0.0,0.0,0.0,0.0,0.0,1.0,0.0,0.0,False,Qwen/Qwen2.5-Coder-14B-Instruct-AWQ,None
679@x_name@ASC,Bar,Medium,0.4871,0.4871,1,0.0,0.0,0.0,0.0,0.0,0.0,0.0,0.0,0.0,0.0,1.0,0.0,0.0,False,Qwen/Qwen2.5-Coder-14B-Instruct-AWQ,None
680@y_name@DESC,Stacked Bar,Hard,7.7631,15.5262,2,0.5,0.0,0.0,0.0,0.0,0.5,0.0,0.0,0.5,0.5,0.0,,0.0,False,Qwen/Qwen2.5-Coder-14B-Instruct-AWQ,None
680@y_name@DESC,Stacked Bar,Hard,7.7631,15.5262,2,0.5,0.0,0.0,0.0,0.0,0.5,0.0,0.0,0.5,0.5,0.0,,0.0,False,Qwen/Qwen2.5-Coder-14B-Instruct-AWQ,None
680@y_name@DESC,Stacked Bar,Hard,7.7631,15.5262,2,0.5,0.0,0.0,0.0,0.0,0.5,0.0,0.0,0.5,0.5,0.0,,0.0,False,Qwen/Qwen2.5-Coder-14B-Instruct-AWQ,None
682@x_name@ASC,Bar,Medium,0.4096,0.4096,1,0.0,0.0,0.0,0.0,0.0,0.0,0.0,0.0,0.0,0.0,1.0,0.0,0.0,False,Qwen/Qwen2.5-Coder-14B-Instruct-AWQ,None
682@x_name@ASC,Bar,Medium,0.4096,0.4096,1,0.0,0.0,0.0,0.0,0.0,0.0,0.0,0.0,0.0,0.0,1.0,0.0,0.0,False,Qwen/Qwen2.5-Coder-14B-Instruct-AWQ,None
682@x_name@ASC,Bar,Medium,0.4096,0.4096,1,0.0,0.0,0.0,0.0,0.0,0.0,0.0,0.0,0.0,0.0,1.0,0.0,0.0,False,Qwen/Qwen2.5-Coder-14B-Instruct-AWQ,None
2494@x_name@DESC,Bar,Medium,11.8713,11.8713,1,1.0,0.0,0.0,0.0,0.0,0.0,0.0,0.0,1.0,0.0,0.0,,0.0,False,Qwen/Qwen2.5-Coder-14B-Instruct-AWQ,None
2494@x_name@DESC,Bar,Medium,11.8713,11.8713,1,1.0,0.0,0.0,0.0,0.0,0.0,0.0,0.0,1.0,0.0,0.0,,0.0,False,Qwen/Qwen2.5-Coder-14B-Instruct-AWQ,None
2494@x_name@DESC,Bar,Medium,11.8713,11.8713,1,1.0,0.0,0.0,0.0,0.0,0.0,0.0,0.0,1.0,0.0,0.0,,0.0,False,Qwen/Qwen2.5-Coder-14B-Instruct-AWQ,None
415@x_name@DESC,Line,Medium,0.4935,1.9739,4,0.0,0.0,0.0,0.0,0.75,0.0,0.0,0.0,0.0,0.75,0.25,0.0,0.0,False,Qwen/Qwen2.5-Coder-14B-Instruct-AWQ,None
415@x_name@DESC,Line,Medium,0.4935,1.9739,4,0.0,0.0,0.0,0.0,0.75,0.0,0.0,0.0,0.0,0.75,0.25,0.0,0.0,False,Qwen/Qwen2.5-Coder-14B-Instruct-AWQ,None
415@x_name@DESC,Line,Medium,0.4935,1.9739,4,0.0,0.0,0.0,0.0,0.75,0.0,0.0,0.0,0.0,0.75,0.25,0.0,0.0,False,Qwen/Qwen2.5-Coder-14B-Instruct-AWQ,None
420@x_name@ASC,Bar,Hard,0.907,1.814,2,0.0,0.0,0.0,0.0,0.0,0.0,0.0,0.0,0.0,0.0,1.0,0.0,0.0,True,Qwen/Qwen2.5-Coder-14B-Instruct-AWQ,None
420@x_name@ASC,Bar,Hard,0.907,1.814,2,0.0,0.0,0.0,0.0,0.0,0.0,0.0,0.0,0.0,0.0,1.0,0.0,0.0,True,Qwen/Qwen2.5-Coder-14B-Instruct-AWQ,None
420@x_name@ASC,Bar,Hard,0.907,1.814,2,0.0,0.0,0.0,0.0,0.0,0.0,0.0,0.0,0.0,0.0,1.0,0.0,0.0,True,Qwen/Qwen2.5-Coder-14B-Instruct-AWQ,None
434@y_name@DESC,Bar,Hard,0.9389,5.6332,6,0.0,0.0,0.0,0.0,1.0,0.0,0.0,0.0,0.0,1.0,0.0,,0.0,True,Qwen/Qwen2.5-Coder-14B-Instruct-AWQ,None
434@y_name@DESC,Bar,Hard,0.9389,5.6332,6,0.0,0.0,0.0,0.0,1.0,0.0,0.0,0.0,0.0,1.0,0.0,,0.0,True,Qwen/Qwen2.5-Coder-14B-Instruct-AWQ,None
434@y_name@DESC,Bar,Hard,0.9389,5.6332,6,0.0,0.0,0.0,0.0,1.0,0.0,0.0,0.0,0.0,1.0,0.0,,0.0,True,Qwen/Qwen2.5-Coder-14B-Instruct-AWQ,None
1032@y_name@DESC,Bar,Medium,0.5497,3.2983,6,0.0,0.0,0.0,0.0,0.0,0.0,0.0,0.0,0.0,0.0,1.0,0.0,0.0,False,Qwen/Qwen2.5-Coder-14B-Instruct-AWQ,None
1032@y_name@DESC,Bar,Medium,0.5497,3.2983,6,0.0,0.0,0.0,0.0,0.0,0.0,0.0,0.0,0.0,0.0,1.0,0.0,0.0,False,Qwen/Qwen2.5-Coder-14B-Instruct-AWQ,None
1032@y_name@DESC,Bar,Medium,0.5497,3.2983,6,0.0,0.0,0.0,0.0,0.0,0.0,0.0,0.0,0.0,0.0,1.0,0.0,0.0,False,Qwen/Qwen2.5-Coder-14B-Instruct-AWQ,None
1043@y_name@DESC,Bar,Medium,0.5634,1.6903,3,0.0,0.0,0.0,0.0,0.0,0.0,0.0,0.0,0.0,0.0,1.0,0.0,0.0,False,Qwen/Qwen2.5-Coder-14B-Instruct-AWQ,None
1043@y_name@DESC,Bar,Medium,0.5634,1.6903,3,0.0,0.0,0.0,0.0,0.0,0.0,0.0,0.0,0.0,0.0,1.0,0.0,0.0,False,Qwen/Qwen2.5-Coder-14B-Instruct-AWQ,None
1043@y_name@DESC,Bar,Medium,0.5634,1.6903,3,0.0,0.0,0.0,0.0,0.0,0.0,0.0,0.0,0.0,0.0,1.0,0.0,0.0,False,Qwen/Qwen2.5-Coder-14B-Instruct-AWQ,None
1060@y_name@DESC,Bar,Hard,2.4584,9.8337,4,0.0,0.0,0.0,0.0,0.0,0.0,0.0,0.0,0.0,0.0,1.0,0.0,0.0,True,Qwen/Qwen2.5-Coder-14B-Instruct-AWQ,None
1060@y_name@DESC,Bar,Hard,2.4584,9.8337,4,0.0,0.0,0.0,0.0,0.0,0.0,0.0,0.0,0.0,0.0,1.0,0.0,0.0,True,Qwen/Qwen2.5-Coder-14B-Instruct-AWQ,None
1060@y_name@DESC,Bar,Hard,2.4584,9.8337,4,0.0,0.0,0.0,0.0,0.0,0.0,0.0,0.0,0.0,0.0,1.0,0.0,0.0,True,Qwen/Qwen2.5-Coder-14B-Instruct-AWQ,None
2162@y_name@ASC,Bar,Extra Hard,1.1219,3.3657,3,0.0,0.0,0.0,0.0,0.0,0.0,0.0,0.0,0.0,0.0,1.0,0.0,0.0,True,Qwen/Qwen2.5-Coder-14B-Instruct-AWQ,None
2162@y_name@ASC,Bar,Extra Hard,1.1219,3.3657,3,0.0,0.0,0.0,0.0,0.0,0.0,0.0,0.0,0.0,0.0,1.0,0.0,0.0,True,Qwen/Qwen2.5-Coder-14B-Instruct-AWQ,None
2162@y_name@ASC,Bar,Extra Hard,1.1219,3.3657,3,0.0,0.0,0.0,0.0,0.0,0.0,0.0,0.0,0.0,0.0,1.0,0.0,0.0,True,Qwen/Qwen2.5-Coder-14B-Instruct-AWQ,None
2164@y_name@ASC,Bar,Hard,0.9556,0.9556,1,0.0,0.0,0.0,0.0,0.0,0.0,0.0,0.0,0.0,0.0,1.0,0.0,0.0,True,Qwen/Qwen2.5-Coder-14B-Instruct-AWQ,None
2164@y_name@ASC,Bar,Hard,0.9556,0.9556,1,0.0,0.0,0.0,0.0,0.0,0.0,0.0,0.0,0.0,0.0,1.0,0.0,0.0,True,Qwen/Qwen2.5-Coder-14B-Instruct-AWQ,None
2164@y_name@ASC,Bar,Hard,0.9556,0.9556,1,0.0,0.0,0.0,0.0,0.0,0.0,0.0,0.0,0.0,0.0,1.0,0.0,0.0,True,Qwen/Qwen2.5-Coder-14B-Instruct-AWQ,None
2165@y_name@DESC,Bar,Hard,0.5624,1.6871,3,0.0,0.0,0.0,0.0,0.0,0.0,0.0,0.0,0.0,0.0,1.0,0.0,0.0,False,Qwen/Qwen2.5-Coder-14B-Instruct-AWQ,None
2165@y_name@DESC,Bar,Hard,0.5624,1.6871,3,0.0,0.0,0.0,0.0,0.0,0.0,0.0,0.0,0.0,0.0,1.0,0.0,0.0,False,Qwen/Qwen2.5-Coder-14B-Instruct-AWQ,None
2165@y_name@DESC,Bar,Hard,0.5624,1.6871,3,0.0,0.0,0.0,0.0,0.0,0.0,0.0,0.0,0.0,0.0,1.0,0.0,0.0,False,Qwen/Qwen2.5-Coder-14B-Instruct-AWQ,None
2169@y_name@ASC,Bar,Medium,0.4239,0.8477,2,0.0,0.0,0.0,0.0,0.0,0.0,0.0,0.0,0.0,0.0,1.0,0.0,0.0,False,Qwen/Qwen2.5-Coder-14B-Instruct-AWQ,None
2169@y_name@ASC,Bar,Medium,0.4239,0.8477,2,0.0,0.0,0.0,0.0,0.0,0.0,0.0,0.0,0.0,0.0,1.0,0.0,0.0,False,Qwen/Qwen2.5-Coder-14B-Instruct-AWQ,None
2169@y_name@ASC,Bar,Medium,0.4239,0.8477,2,0.0,0.0,0.0,0.0,0.0,0.0,0.0,0.0,0.0,0.0,1.0,0.0,0.0,False,Qwen/Qwen2.5-Coder-14B-Instruct-AWQ,None
2766@y_name@ASC,Bar,Extra Hard,1.0071,3.0214,3,0.0,0.0,0.0,0.0,0.3333333333333333,0.0,0.0,0.0,0.0,0.3333333333333333,0.6666666666666666,0.0,0.0,True,Qwen/Qwen2.5-Coder-14B-Instruct-AWQ,None
2766@y_name@ASC,Bar,Extra Hard,1.0071,3.0214,3,0.0,0.0,0.0,0.0,0.3333333333333333,0.0,0.0,0.0,0.0,0.3333333333333333,0.6666666666666666,0.0,0.0,True,Qwen/Qwen2.5-Coder-14B-Instruct-AWQ,None
2766@y_name@ASC,Bar,Extra Hard,1.0071,3.0214,3,0.0,0.0,0.0,0.0,0.3333333333333333,0.0,0.0,0.0,0.0,0.3333333333333333,0.6666666666666666,0.0,0.0,True,Qwen/Qwen2.5-Coder-14B-Instruct-AWQ,None
3279@y_name@ASC,Bar,Medium,0.532,3.1919,6,0.0,0.0,0.0,0.0,0.0,0.0,0.0,0.0,0.0,0.0,1.0,0.0,0.0,False,Qwen/Qwen2.5-Coder-14B-Instruct-AWQ,None
3279@y_name@ASC,Bar,Medium,0.532,3.1919,6,0.0,0.0,0.0,0.0,0.0,0.0,0.0,0.0,0.0,0.0,1.0,0.0,0.0,False,Qwen/Qwen2.5-Coder-14B-Instruct-AWQ,None
3279@y_name@ASC,Bar,Medium,0.532,3.1919,6,0.0,0.0,0.0,0.0,0.0,0.0,0.0,0.0,0.0,0.0,1.0,0.0,0.0,False,Qwen/Qwen2.5-Coder-14B-Instruct-AWQ,None
3283@y_name@ASC,Bar,Medium,0.4876,1.9504,4,0.0,0.0,0.0,0.0,0.0,0.0,0.0,0.0,0.0,0.0,1.0,0.0,0.0,False,Qwen/Qwen2.5-Coder-14B-Instruct-AWQ,None
3283@y_name@ASC,Bar,Medium,0.4876,1.9504,4,0.0,0.0,0.0,0.0,0.0,0.0,0.0,0.0,0.0,0.0,1.0,0.0,0.0,False,Qwen/Qwen2.5-Coder-14B-Instruct-AWQ,None
3283@y_name@ASC,Bar,Medium,0.4876,1.9504,4,0.0,0.0,0.0,0.0,0.0,0.0,0.0,0.0,0.0,0.0,1.0,0.0,0.0,False,Qwen/Qwen2.5-Coder-14B-Instruct-AWQ,None
2537@y_name@DESC,Bar,Extra Hard,1.0938,2.1876,2,0.0,0.0,0.0,0.0,0.0,0.0,0.0,0.0,0.0,0.0,1.0,0.0,0.0,True,Qwen/Qwen2.5-Coder-14B-Instruct-AWQ,None
2537@y_name@DESC,Bar,Extra Hard,1.0938,2.1876,2,0.0,0.0,0.0,0.0,0.0,0.0,0.0,0.0,0.0,0.0,1.0,0.0,0.0,True,Qwen/Qwen2.5-Coder-14B-Instruct-AWQ,None
2537@y_name@DESC,Bar,Extra Hard,1.0938,2.1876,2,0.0,0.0,0.0,0.0,0.0,0.0,0.0,0.0,0.0,0.0,1.0,0.0,0.0,True,Qwen/Qwen2.5-Coder-14B-Instruct-AWQ,None
2539@y_name@ASC,Bar,Medium,0.4573,0.9145,2,0.0,0.0,0.0,0.0,0.0,0.0,0.0,0.0,0.0,0.0,1.0,0.0,0.0,False,Qwen/Qwen2.5-Coder-14B-Instruct-AWQ,None
2539@y_name@ASC,Bar,Medium,0.4573,0.9145,2,0.0,0.0,0.0,0.0,0.0,0.0,0.0,0.0,0.0,0.0,1.0,0.0,0.0,False,Qwen/Qwen2.5-Coder-14B-Instruct-AWQ,None
2539@y_name@ASC,Bar,Medium,0.4573,0.9145,2,0.0,0.0,0.0,0.0,0.0,0.0,0.0,0.0,0.0,0.0,1.0,0.0,0.0,False,Qwen/Qwen2.5-Coder-14B-Instruct-AWQ,None
1069@x_name@DESC,Bar,Medium,0.4314,0.8628,2,0.0,0.0,0.0,0.0,0.0,1.0,0.0,0.0,0.0,1.0,0.0,,0.0,False,Qwen/Qwen2.5-Coder-14B-Instruct-AWQ,None
1069@x_name@DESC,Bar,Medium,0.4314,0.8628,2,0.0,0.0,0.0,0.0,0.0,1.0,0.0,0.0,0.0,1.0,0.0,,0.0,False,Qwen/Qwen2.5-Coder-14B-Instruct-AWQ,None
1069@x_name@DESC,Bar,Medium,0.4314,0.8628,2,0.0,0.0,0.0,0.0,0.0,1.0,0.0,0.0,0.0,1.0,0.0,,0.0,False,Qwen/Qwen2.5-Coder-14B-Instruct-AWQ,None
1077@y_name@ASC,Bar,Medium,0.4397,0.8793,2,0.0,0.0,0.0,0.0,0.0,0.0,0.0,0.0,0.0,0.0,1.0,0.0,0.0,False,Qwen/Qwen2.5-Coder-14B-Instruct-AWQ,None
1077@y_name@ASC,Bar,Medium,0.4397,0.8793,2,0.0,0.0,0.0,0.0,0.0,0.0,0.0,0.0,0.0,0.0,1.0,0.0,0.0,False,Qwen/Qwen2.5-Coder-14B-Instruct-AWQ,None
1077@y_name@ASC,Bar,Medium,0.4397,0.8793,2,0.0,0.0,0.0,0.0,0.0,0.0,0.0,0.0,0.0,0.0,1.0,0.0,0.0,False,Qwen/Qwen2.5-Coder-14B-Instruct-AWQ,None
1078@x_name@ASC,Bar,Hard,0.9647,0.9647,1,0.0,0.0,0.0,0.0,0.0,0.0,0.0,0.0,0.0,0.0,1.0,0.0,0.0,True,Qwen/Qwen2.5-Coder-14B-Instruct-AWQ,None
1078@x_name@ASC,Bar,Hard,0.9647,0.9647,1,0.0,0.0,0.0,0.0,0.0,0.0,0.0,0.0,0.0,0.0,1.0,0.0,0.0,True,Qwen/Qwen2.5-Coder-14B-Instruct-AWQ,None
1078@x_name@ASC,Bar,Hard,0.9647,0.9647,1,0.0,0.0,0.0,0.0,0.0,0.0,0.0,0.0,0.0,0.0,1.0,0.0,0.0,True,Qwen/Qwen2.5-Coder-14B-Instruct-AWQ,None
1080@x_name@DESC,Bar,Hard,0.9129,0.9129,1,0.0,0.0,0.0,0.0,0.0,1.0,0.0,0.0,0.0,1.0,0.0,,0.0,True,Qwen/Qwen2.5-Coder-14B-Instruct-AWQ,None
1080@x_name@DESC,Bar,Hard,0.9129,0.9129,1,0.0,0.0,0.0,0.0,0.0,1.0,0.0,0.0,0.0,1.0,0.0,,0.0,True,Qwen/Qwen2.5-Coder-14B-Instruct-AWQ,None
1080@x_name@DESC,Bar,Hard,0.9129,0.9129,1,0.0,0.0,0.0,0.0,0.0,1.0,0.0,0.0,0.0,1.0,0.0,,0.0,True,Qwen/Qwen2.5-Coder-14B-Instruct-AWQ,None
1083@x_name@DESC,Bar,Hard,0.9339,0.9339,1,0.0,0.0,0.0,0.0,0.0,0.0,0.0,0.0,0.0,0.0,1.0,0.0,0.0,True,Qwen/Qwen2.5-Coder-14B-Instruct-AWQ,None
1083@x_name@DESC,Bar,Hard,0.9339,0.9339,1,0.0,0.0,0.0,0.0,0.0,0.0,0.0,0.0,0.0,0.0,1.0,0.0,0.0,True,Qwen/Qwen2.5-Coder-14B-Instruct-AWQ,None
1083@x_name@DESC,Bar,Hard,0.9339,0.9339,1,0.0,0.0,0.0,0.0,0.0,0.0,0.0,0.0,0.0,0.0,1.0,0.0,0.0,True,Qwen/Qwen2.5-Coder-14B-Instruct-AWQ,None
1250@y_name@DESC,Bar,Extra Hard,4.8373,19.3492,4,0.0,0.0,0.0,0.0,0.5,0.5,0.0,0.0,0.0,1.0,0.0,,0.0,True,Qwen/Qwen2.5-Coder-14B-Instruct-AWQ,None
1250@y_name@DESC,Bar,Extra Hard,4.8373,19.3492,4,0.0,0.0,0.0,0.0,0.5,0.5,0.0,0.0,0.0,1.0,0.0,,0.0,True,Qwen/Qwen2.5-Coder-14B-Instruct-AWQ,None
1250@y_name@DESC,Bar,Extra Hard,4.8373,19.3492,4,0.0,0.0,0.0,0.0,0.5,0.5,0.0,0.0,0.0,1.0,0.0,,0.0,True,Qwen/Qwen2.5-Coder-14B-Instruct-AWQ,None
1254@x_name@ASC,Line,Extra Hard,1.1688,2.3376,2,0.0,0.0,0.0,0.0,0.0,0.0,0.0,0.0,0.0,0.0,1.0,0.0,0.0,True,Qwen/Qwen2.5-Coder-14B-Instruct-AWQ,None
1254@x_name@ASC,Line,Extra Hard,1.1688,2.3376,2,0.0,0.0,0.0,0.0,0.0,0.0,0.0,0.0,0.0,0.0,1.0,0.0,0.0,True,Qwen/Qwen2.5-Coder-14B-Instruct-AWQ,None
1254@x_name@ASC,Line,Extra Hard,1.1688,2.3376,2,0.0,0.0,0.0,0.0,0.0,0.0,0.0,0.0,0.0,0.0,1.0,0.0,0.0,True,Qwen/Qwen2.5-Coder-14B-Instruct-AWQ,None
1273@x_name@DESC,Bar,Hard,0.8377,3.3508,4,0.0,0.0,0.0,0.0,0.0,0.5,0.0,0.0,0.0,0.5,0.5,0.0,0.0,True,Qwen/Qwen2.5-Coder-14B-Instruct-AWQ,None
1273@x_name@DESC,Bar,Hard,0.8377,3.3508,4,0.0,0.0,0.0,0.0,0.0,0.5,0.0,0.0,0.0,0.5,0.5,0.0,0.0,True,Qwen/Qwen2.5-Coder-14B-Instruct-AWQ,None
1273@x_name@DESC,Bar,Hard,0.8377,3.3508,4,0.0,0.0,0.0,0.0,0.0,0.5,0.0,0.0,0.0,0.5,0.5,0.0,0.0,True,Qwen/Qwen2.5-Coder-14B-Instruct-AWQ,None
1278@y_name@ASC,Bar,Hard,0.8085,1.6169,2,0.0,0.0,0.0,0.0,0.0,0.0,0.0,0.0,0.0,0.0,1.0,0.0,0.0,True,Qwen/Qwen2.5-Coder-14B-Instruct-AWQ,None
1278@y_name@ASC,Bar,Hard,0.8085,1.6169,2,0.0,0.0,0.0,0.0,0.0,0.0,0.0,0.0,0.0,0.0,1.0,0.0,0.0,True,Qwen/Qwen2.5-Coder-14B-Instruct-AWQ,None
1278@y_name@ASC,Bar,Hard,0.8085,1.6169,2,0.0,0.0,0.0,0.0,0.0,0.0,0.0,0.0,0.0,0.0,1.0,0.0,0.0,True,Qwen/Qwen2.5-Coder-14B-Instruct-AWQ,None
1289@y_name@DESC,Bar,Hard,0.789,1.578,2,0.0,0.0,0.0,0.0,0.0,0.0,0.0,0.0,0.0,0.0,1.0,0.0,0.0,True,Qwen/Qwen2.5-Coder-14B-Instruct-AWQ,None
1289@y_name@DESC,Bar,Hard,0.789,1.578,2,0.0,0.0,0.0,0.0,0.0,0.0,0.0,0.0,0.0,0.0,1.0,0.0,0.0,True,Qwen/Qwen2.5-Coder-14B-Instruct-AWQ,None
1289@y_name@DESC,Bar,Hard,0.789,1.578,2,0.0,0.0,0.0,0.0,0.0,0.0,0.0,0.0,0.0,0.0,1.0,0.0,0.0,True,Qwen/Qwen2.5-Coder-14B-Instruct-AWQ,None
1293@y_name@DESC,Bar,Extra Hard,1.0829,1.0829,1,0.0,0.0,0.0,0.0,0.0,0.0,0.0,0.0,0.0,0.0,1.0,0.0,0.0,True,Qwen/Qwen2.5-Coder-14B-Instruct-AWQ,None
1293@y_name@DESC,Bar,Extra Hard,1.0829,1.0829,1,0.0,0.0,0.0,0.0,0.0,0.0,0.0,0.0,0.0,0.0,1.0,0.0,0.0,True,Qwen/Qwen2.5-Coder-14B-Instruct-AWQ,None
1293@y_name@DESC,Bar,Extra Hard,1.0829,1.0829,1,0.0,0.0,0.0,0.0,0.0,0.0,0.0,0.0,0.0,0.0,1.0,0.0,0.0,True,Qwen/Qwen2.5-Coder-14B-Instruct-AWQ,None
1298@y_name@ASC,Bar,Medium,0.8259,1.6517,2,0.0,0.0,0.0,0.0,0.0,0.0,0.0,0.0,0.0,0.0,1.0,0.0,0.0,False,Qwen/Qwen2.5-Coder-14B-Instruct-AWQ,None
1298@y_name@ASC,Bar,Medium,0.8259,1.6517,2,0.0,0.0,0.0,0.0,0.0,0.0,0.0,0.0,0.0,0.0,1.0,0.0,0.0,False,Qwen/Qwen2.5-Coder-14B-Instruct-AWQ,None
1298@y_name@ASC,Bar,Medium,0.8259,1.6517,2,0.0,0.0,0.0,0.0,0.0,0.0,0.0,0.0,0.0,0.0,1.0,0.0,0.0,False,Qwen/Qwen2.5-Coder-14B-Instruct-AWQ,None
1299@y_name@DESC,Bar,Medium,0.8489,1.6978,2,0.0,0.0,0.0,0.0,0.0,0.0,0.0,0.0,0.0,0.0,1.0,0.0,0.0,False,Qwen/Qwen2.5-Coder-14B-Instruct-AWQ,None
1299@y_name@DESC,Bar,Medium,0.8489,1.6978,2,0.0,0.0,0.0,0.0,0.0,0.0,0.0,0.0,0.0,0.0,1.0,0.0,0.0,False,Qwen/Qwen2.5-Coder-14B-Instruct-AWQ,None
1299@y_name@DESC,Bar,Medium,0.8489,1.6978,2,0.0,0.0,0.0,0.0,0.0,0.0,0.0,0.0,0.0,0.0,1.0,0.0,0.0,False,Qwen/Qwen2.5-Coder-14B-Instruct-AWQ,None
1300@x_name@DESC,Line,Medium,0.627,0.627,1,0.0,0.0,0.0,0.0,1.0,0.0,0.0,0.0,0.0,1.0,0.0,,0.0,False,Qwen/Qwen2.5-Coder-14B-Instruct-AWQ,None
1300@x_name@DESC,Line,Medium,0.627,0.627,1,0.0,0.0,0.0,0.0,1.0,0.0,0.0,0.0,0.0,1.0,0.0,,0.0,False,Qwen/Qwen2.5-Coder-14B-Instruct-AWQ,None
1300@x_name@DESC,Line,Medium,0.627,0.627,1,0.0,0.0,0.0,0.0,1.0,0.0,0.0,0.0,0.0,1.0,0.0,,0.0,False,Qwen/Qwen2.5-Coder-14B-Instruct-AWQ,None
769@x_name@DESC,Bar,Medium,0.5739,0.5739,1,0.0,0.0,0.0,0.0,0.0,1.0,0.0,0.0,0.0,1.0,0.0,,0.0,False,Qwen/Qwen2.5-Coder-14B-Instruct-AWQ,None
769@x_name@DESC,Bar,Medium,0.5739,0.5739,1,0.0,0.0,0.0,0.0,0.0,1.0,0.0,0.0,0.0,1.0,0.0,,0.0,False,Qwen/Qwen2.5-Coder-14B-Instruct-AWQ,None
769@x_name@DESC,Bar,Medium,0.5739,0.5739,1,0.0,0.0,0.0,0.0,0.0,1.0,0.0,0.0,0.0,1.0,0.0,,0.0,False,Qwen/Qwen2.5-Coder-14B-Instruct-AWQ,None
772@y_name@DESC,Bar,Medium,0.7399,1.4797,2,0.0,0.0,0.0,0.0,0.0,0.0,0.0,0.0,0.0,0.0,1.0,0.0,0.0,False,Qwen/Qwen2.5-Coder-14B-Instruct-AWQ,None
772@y_name@DESC,Bar,Medium,0.7399,1.4797,2,0.0,0.0,0.0,0.0,0.0,0.0,0.0,0.0,0.0,0.0,1.0,0.0,0.0,False,Qwen/Qwen2.5-Coder-14B-Instruct-AWQ,None
772@y_name@DESC,Bar,Medium,0.7399,1.4797,2,0.0,0.0,0.0,0.0,0.0,0.0,0.0,0.0,0.0,0.0,1.0,0.0,0.0,False,Qwen/Qwen2.5-Coder-14B-Instruct-AWQ,None
773@x_name@DESC,Line,Medium,0.7417,1.4833,2,0.0,0.0,0.0,0.0,0.0,0.0,0.0,0.0,0.0,0.0,1.0,0.0,0.0,False,Qwen/Qwen2.5-Coder-14B-Instruct-AWQ,None
773@x_name@DESC,Line,Medium,0.7417,1.4833,2,0.0,0.0,0.0,0.0,0.0,0.0,0.0,0.0,0.0,0.0,1.0,0.0,0.0,False,Qwen/Qwen2.5-Coder-14B-Instruct-AWQ,None
773@x_name@DESC,Line,Medium,0.7417,1.4833,2,0.0,0.0,0.0,0.0,0.0,0.0,0.0,0.0,0.0,0.0,1.0,0.0,0.0,False,Qwen/Qwen2.5-Coder-14B-Instruct-AWQ,None
780@y_name@DESC,Stacked Bar,Extra Hard,19.722,19.722,1,1.0,0.0,0.0,0.0,0.0,0.0,0.0,0.0,1.0,0.0,0.0,,0.0,False,Qwen/Qwen2.5-Coder-14B-Instruct-AWQ,None
780@y_name@DESC,Stacked Bar,Extra Hard,19.722,19.722,1,1.0,0.0,0.0,0.0,0.0,0.0,0.0,0.0,1.0,0.0,0.0,,0.0,False,Qwen/Qwen2.5-Coder-14B-Instruct-AWQ,None
780@y_name@DESC,Stacked Bar,Extra Hard,19.722,19.722,1,1.0,0.0,0.0,0.0,0.0,0.0,0.0,0.0,1.0,0.0,0.0,,0.0,False,Qwen/Qwen2.5-Coder-14B-Instruct-AWQ,None
782@y_name@ASC,Bar,Medium,0.4913,2.9476,6,0.0,0.0,0.0,0.0,0.0,0.0,0.0,0.0,0.0,0.0,1.0,0.0,0.0,False,Qwen/Qwen2.5-Coder-14B-Instruct-AWQ,None
782@y_name@ASC,Bar,Medium,0.4913,2.9476,6,0.0,0.0,0.0,0.0,0.0,0.0,0.0,0.0,0.0,0.0,1.0,0.0,0.0,False,Qwen/Qwen2.5-Coder-14B-Instruct-AWQ,None
782@y_name@ASC,Bar,Medium,0.4913,2.9476,6,0.0,0.0,0.0,0.0,0.0,0.0,0.0,0.0,0.0,0.0,1.0,0.0,0.0,False,Qwen/Qwen2.5-Coder-14B-Instruct-AWQ,None
783@y_name@DESC,Bar,Medium,1.9803,3.9606,2,0.0,0.0,0.0,0.0,0.0,0.0,0.0,0.0,0.0,0.0,1.0,0.0,0.0,False,Qwen/Qwen2.5-Coder-14B-Instruct-AWQ,None
783@y_name@DESC,Bar,Medium,1.9803,3.9606,2,0.0,0.0,0.0,0.0,0.0,0.0,0.0,0.0,0.0,0.0,1.0,0.0,0.0,False,Qwen/Qwen2.5-Coder-14B-Instruct-AWQ,None
783@y_name@DESC,Bar,Medium,1.9803,3.9606,2,0.0,0.0,0.0,0.0,0.0,0.0,0.0,0.0,0.0,0.0,1.0,0.0,0.0,False,Qwen/Qwen2.5-Coder-14B-Instruct-AWQ,None
791@x_name@DESC,Bar,Medium,0.5432,0.5432,1,0.0,0.0,0.0,0.0,0.0,1.0,0.0,0.0,0.0,1.0,0.0,,0.0,False,Qwen/Qwen2.5-Coder-14B-Instruct-AWQ,None
791@x_name@DESC,Bar,Medium,0.5432,0.5432,1,0.0,0.0,0.0,0.0,0.0,1.0,0.0,0.0,0.0,1.0,0.0,,0.0,False,Qwen/Qwen2.5-Coder-14B-Instruct-AWQ,None
791@x_name@DESC,Bar,Medium,0.5432,0.5432,1,0.0,0.0,0.0,0.0,0.0,1.0,0.0,0.0,0.0,1.0,0.0,,0.0,False,Qwen/Qwen2.5-Coder-14B-Instruct-AWQ,None
1122@y_name@ASC,Bar,Medium,0.5543,1.663,3,0.0,0.0,0.0,0.0,0.0,0.0,0.0,0.0,0.0,0.0,1.0,0.0,0.0,False,Qwen/Qwen2.5-Coder-14B-Instruct-AWQ,None
1122@y_name@ASC,Bar,Medium,0.5543,1.663,3,0.0,0.0,0.0,0.0,0.0,0.0,0.0,0.0,0.0,0.0,1.0,0.0,0.0,False,Qwen/Qwen2.5-Coder-14B-Instruct-AWQ,None
1122@y_name@ASC,Bar,Medium,0.5543,1.663,3,0.0,0.0,0.0,0.0,0.0,0.0,0.0,0.0,0.0,0.0,1.0,0.0,0.0,False,Qwen/Qwen2.5-Coder-14B-Instruct-AWQ,None
1137@y_name@DESC,Bar,Extra Hard,0.992,0.992,1,0.0,0.0,0.0,0.0,0.0,0.0,0.0,0.0,0.0,0.0,1.0,0.0,0.0,True,Qwen/Qwen2.5-Coder-14B-Instruct-AWQ,None
1137@y_name@DESC,Bar,Extra Hard,0.992,0.992,1,0.0,0.0,0.0,0.0,0.0,0.0,0.0,0.0,0.0,0.0,1.0,0.0,0.0,True,Qwen/Qwen2.5-Coder-14B-Instruct-AWQ,None
1137@y_name@DESC,Bar,Extra Hard,0.992,0.992,1,0.0,0.0,0.0,0.0,0.0,0.0,0.0,0.0,0.0,0.0,1.0,0.0,0.0,True,Qwen/Qwen2.5-Coder-14B-Instruct-AWQ,None
1138@y_name@ASC,Bar,Extra Hard,0.9974,0.9974,1,0.0,0.0,0.0,0.0,0.0,0.0,0.0,0.0,0.0,0.0,1.0,0.0,0.0,True,Qwen/Qwen2.5-Coder-14B-Instruct-AWQ,None
1138@y_name@ASC,Bar,Extra Hard,0.9974,0.9974,1,0.0,0.0,0.0,0.0,0.0,0.0,0.0,0.0,0.0,0.0,1.0,0.0,0.0,True,Qwen/Qwen2.5-Coder-14B-Instruct-AWQ,None
1138@y_name@ASC,Bar,Extra Hard,0.9974,0.9974,1,0.0,0.0,0.0,0.0,0.0,0.0,0.0,0.0,0.0,0.0,1.0,0.0,0.0,True,Qwen/Qwen2.5-Coder-14B-Instruct-AWQ,None
1139@y_name@ASC,Bar,Extra Hard,1.0021,1.0021,1,0.0,0.0,0.0,0.0,0.0,0.0,0.0,0.0,0.0,0.0,1.0,0.0,0.0,True,Qwen/Qwen2.5-Coder-14B-Instruct-AWQ,None
1139@y_name@ASC,Bar,Extra Hard,1.0021,1.0021,1,0.0,0.0,0.0,0.0,0.0,0.0,0.0,0.0,0.0,0.0,1.0,0.0,0.0,True,Qwen/Qwen2.5-Coder-14B-Instruct-AWQ,None
1139@y_name@ASC,Bar,Extra Hard,1.0021,1.0021,1,0.0,0.0,0.0,0.0,0.0,0.0,0.0,0.0,0.0,0.0,1.0,0.0,0.0,True,Qwen/Qwen2.5-Coder-14B-Instruct-AWQ,None
1142@y_name@ASC,Bar,Hard,1.157,2.3139,2,0.0,0.0,0.0,0.0,0.0,0.0,0.0,0.0,0.0,0.0,1.0,0.0,0.0,True,Qwen/Qwen2.5-Coder-14B-Instruct-AWQ,None
1142@y_name@ASC,Bar,Hard,1.157,2.3139,2,0.0,0.0,0.0,0.0,0.0,0.0,0.0,0.0,0.0,0.0,1.0,0.0,0.0,True,Qwen/Qwen2.5-Coder-14B-Instruct-AWQ,None
1142@y_name@ASC,Bar,Hard,1.157,2.3139,2,0.0,0.0,0.0,0.0,0.0,0.0,0.0,0.0,0.0,0.0,1.0,0.0,0.0,True,Qwen/Qwen2.5-Coder-14B-Instruct-AWQ,None
997@x_name@DESC,Line,Hard,0.8535,0.8535,1,0.0,0.0,0.0,0.0,0.0,1.0,0.0,0.0,0.0,1.0,0.0,,0.0,True,Qwen/Qwen2.5-Coder-14B-Instruct-AWQ,None
997@x_name@DESC,Line,Hard,0.8535,0.8535,1,0.0,0.0,0.0,0.0,0.0,1.0,0.0,0.0,0.0,1.0,0.0,,0.0,True,Qwen/Qwen2.5-Coder-14B-Instruct-AWQ,None
997@x_name@DESC,Line,Hard,0.8535,0.8535,1,0.0,0.0,0.0,0.0,0.0,1.0,0.0,0.0,0.0,1.0,0.0,,0.0,True,Qwen/Qwen2.5-Coder-14B-Instruct-AWQ,None
1000@y_name@DESC,Bar,Medium,0.5409,1.6226,3,0.0,0.0,0.0,0.0,0.0,0.0,0.0,0.0,0.0,0.0,1.0,0.0,0.0,False,Qwen/Qwen2.5-Coder-14B-Instruct-AWQ,None
1000@y_name@DESC,Bar,Medium,0.5409,1.6226,3,0.0,0.0,0.0,0.0,0.0,0.0,0.0,0.0,0.0,0.0,1.0,0.0,0.0,False,Qwen/Qwen2.5-Coder-14B-Instruct-AWQ,None
1000@y_name@DESC,Bar,Medium,0.5409,1.6226,3,0.0,0.0,0.0,0.0,0.0,0.0,0.0,0.0,0.0,0.0,1.0,0.0,0.0,False,Qwen/Qwen2.5-Coder-14B-Instruct-AWQ,None
1006@y_name@ASC,Bar,Extra Hard,0.7636,0.7636,1,0.0,0.0,0.0,0.0,0.0,0.0,0.0,0.0,0.0,0.0,1.0,0.0,0.0,False,Qwen/Qwen2.5-Coder-14B-Instruct-AWQ,None
1006@y_name@ASC,Bar,Extra Hard,0.7636,0.7636,1,0.0,0.0,0.0,0.0,0.0,0.0,0.0,0.0,0.0,0.0,1.0,0.0,0.0,False,Qwen/Qwen2.5-Coder-14B-Instruct-AWQ,None
1006@y_name@ASC,Bar,Extra Hard,0.7636,0.7636,1,0.0,0.0,0.0,0.0,0.0,0.0,0.0,0.0,0.0,0.0,1.0,0.0,0.0,False,Qwen/Qwen2.5-Coder-14B-Instruct-AWQ,None
1009@y_name@DESC,Bar,Extra Hard,0.7173,0.7173,1,0.0,0.0,0.0,0.0,0.0,0.0,0.0,0.0,0.0,0.0,1.0,0.0,0.0,False,Qwen/Qwen2.5-Coder-14B-Instruct-AWQ,None
1009@y_name@DESC,Bar,Extra Hard,0.7173,0.7173,1,0.0,0.0,0.0,0.0,0.0,0.0,0.0,0.0,0.0,0.0,1.0,0.0,0.0,False,Qwen/Qwen2.5-Coder-14B-Instruct-AWQ,None
1009@y_name@DESC,Bar,Extra Hard,0.7173,0.7173,1,0.0,0.0,0.0,0.0,0.0,0.0,0.0,0.0,0.0,0.0,1.0,0.0,0.0,False,Qwen/Qwen2.5-Coder-14B-Instruct-AWQ,None
1010@x_name@DESC,Bar,Medium,0.6044,0.6044,1,0.0,0.0,0.0,0.0,0.0,1.0,0.0,0.0,0.0,1.0,0.0,,0.0,False,Qwen/Qwen2.5-Coder-14B-Instruct-AWQ,None
1010@x_name@DESC,Bar,Medium,0.6044,0.6044,1,0.0,0.0,0.0,0.0,0.0,1.0,0.0,0.0,0.0,1.0,0.0,,0.0,False,Qwen/Qwen2.5-Coder-14B-Instruct-AWQ,None
1010@x_name@DESC,Bar,Medium,0.6044,0.6044,1,0.0,0.0,0.0,0.0,0.0,1.0,0.0,0.0,0.0,1.0,0.0,,0.0,False,Qwen/Qwen2.5-Coder-14B-Instruct-AWQ,None
1242@y_name@ASC,Bar,Hard,0.979,0.979,1,0.0,0.0,0.0,0.0,0.0,0.0,0.0,0.0,0.0,0.0,1.0,0.0,0.0,False,Qwen/Qwen2.5-Coder-14B-Instruct-AWQ,None
1242@y_name@ASC,Bar,Hard,0.979,0.979,1,0.0,0.0,0.0,0.0,0.0,0.0,0.0,0.0,0.0,0.0,1.0,0.0,0.0,False,Qwen/Qwen2.5-Coder-14B-Instruct-AWQ,None
1242@y_name@ASC,Bar,Hard,0.979,0.979,1,0.0,0.0,0.0,0.0,0.0,0.0,0.0,0.0,0.0,0.0,1.0,0.0,0.0,False,Qwen/Qwen2.5-Coder-14B-Instruct-AWQ,None
1245@x_name@ASC,Bar,Medium,0.5698,0.5698,1,0.0,0.0,0.0,0.0,0.0,0.0,0.0,0.0,0.0,0.0,1.0,0.0,0.0,False,Qwen/Qwen2.5-Coder-14B-Instruct-AWQ,None
1245@x_name@ASC,Bar,Medium,0.5698,0.5698,1,0.0,0.0,0.0,0.0,0.0,0.0,0.0,0.0,0.0,0.0,1.0,0.0,0.0,False,Qwen/Qwen2.5-Coder-14B-Instruct-AWQ,None
1245@x_name@ASC,Bar,Medium,0.5698,0.5698,1,0.0,0.0,0.0,0.0,0.0,0.0,0.0,0.0,0.0,0.0,1.0,0.0,0.0,False,Qwen/Qwen2.5-Coder-14B-Instruct-AWQ,None
1247@x_name@ASC,Bar,Medium,0.5649,1.1298,2,0.0,0.0,0.0,0.0,0.0,0.0,0.0,0.0,0.0,0.0,1.0,0.0,0.0,False,Qwen/Qwen2.5-Coder-14B-Instruct-AWQ,None
1247@x_name@ASC,Bar,Medium,0.5649,1.1298,2,0.0,0.0,0.0,0.0,0.0,0.0,0.0,0.0,0.0,0.0,1.0,0.0,0.0,False,Qwen/Qwen2.5-Coder-14B-Instruct-AWQ,None
1247@x_name@ASC,Bar,Medium,0.5649,1.1298,2,0.0,0.0,0.0,0.0,0.0,0.0,0.0,0.0,0.0,0.0,1.0,0.0,0.0,False,Qwen/Qwen2.5-Coder-14B-Instruct-AWQ,None
2704@y_name@DESC,Bar,Medium,0.4611,0.9221,2,0.0,0.0,0.0,0.0,0.0,0.0,0.0,0.0,0.0,0.0,1.0,0.0,0.0,False,Qwen/Qwen2.5-Coder-14B-Instruct-AWQ,None
2704@y_name@DESC,Bar,Medium,0.4611,0.9221,2,0.0,0.0,0.0,0.0,0.0,0.0,0.0,0.0,0.0,0.0,1.0,0.0,0.0,False,Qwen/Qwen2.5-Coder-14B-Instruct-AWQ,None
2704@y_name@DESC,Bar,Medium,0.4611,0.9221,2,0.0,0.0,0.0,0.0,0.0,0.0,0.0,0.0,0.0,0.0,1.0,0.0,0.0,False,Qwen/Qwen2.5-Coder-14B-Instruct-AWQ,None
2706@y_name@DESC,Bar,Medium,0.5354,1.0708,2,0.0,0.0,0.0,0.0,0.0,0.0,0.0,0.0,0.0,0.0,1.0,0.0,0.0,False,Qwen/Qwen2.5-Coder-14B-Instruct-AWQ,None
2706@y_name@DESC,Bar,Medium,0.5354,1.0708,2,0.0,0.0,0.0,0.0,0.0,0.0,0.0,0.0,0.0,0.0,1.0,0.0,0.0,False,Qwen/Qwen2.5-Coder-14B-Instruct-AWQ,None
2706@y_name@DESC,Bar,Medium,0.5354,1.0708,2,0.0,0.0,0.0,0.0,0.0,0.0,0.0,0.0,0.0,0.0,1.0,0.0,0.0,False,Qwen/Qwen2.5-Coder-14B-Instruct-AWQ,None
2683@x_name@ASC,Bar,Hard,0.8242,0.8242,1,0.0,0.0,0.0,0.0,0.0,0.0,0.0,0.0,0.0,0.0,1.0,0.0,0.0,True,Qwen/Qwen2.5-Coder-14B-Instruct-AWQ,None
2683@x_name@ASC,Bar,Hard,0.8242,0.8242,1,0.0,0.0,0.0,0.0,0.0,0.0,0.0,0.0,0.0,0.0,1.0,0.0,0.0,True,Qwen/Qwen2.5-Coder-14B-Instruct-AWQ,None
2683@x_name@ASC,Bar,Hard,0.8242,0.8242,1,0.0,0.0,0.0,0.0,0.0,0.0,0.0,0.0,0.0,0.0,1.0,0.0,0.0,True,Qwen/Qwen2.5-Coder-14B-Instruct-AWQ,None
2051@x_name@ASC,Bar,Extra Hard,0.6456,0.6456,1,0.0,0.0,0.0,0.0,0.0,0.0,0.0,0.0,0.0,0.0,1.0,0.0,0.0,True,Qwen/Qwen2.5-Coder-14B-Instruct-AWQ,None
2051@x_name@ASC,Bar,Extra Hard,0.6456,0.6456,1,0.0,0.0,0.0,0.0,0.0,0.0,0.0,0.0,0.0,0.0,1.0,0.0,0.0,True,Qwen/Qwen2.5-Coder-14B-Instruct-AWQ,None
2051@x_name@ASC,Bar,Extra Hard,0.6456,0.6456,1,0.0,0.0,0.0,0.0,0.0,0.0,0.0,0.0,0.0,0.0,1.0,0.0,0.0,True,Qwen/Qwen2.5-Coder-14B-Instruct-AWQ,None
2052@y_name@ASC,Bar,Extra Hard,0.715,0.715,1,0.0,0.0,0.0,0.0,0.0,0.0,0.0,0.0,0.0,0.0,1.0,0.0,0.0,True,Qwen/Qwen2.5-Coder-14B-Instruct-AWQ,None
2052@y_name@ASC,Bar,Extra Hard,0.715,0.715,1,0.0,0.0,0.0,0.0,0.0,0.0,0.0,0.0,0.0,0.0,1.0,0.0,0.0,True,Qwen/Qwen2.5-Coder-14B-Instruct-AWQ,None
2052@y_name@ASC,Bar,Extra Hard,0.715,0.715,1,0.0,0.0,0.0,0.0,0.0,0.0,0.0,0.0,0.0,0.0,1.0,0.0,0.0,True,Qwen/Qwen2.5-Coder-14B-Instruct-AWQ,None
2053@x_name@ASC,Bar,Easy,0.3706,1.1117,3,0.0,0.0,0.0,0.0,0.0,0.6666666666666666,0.0,0.0,0.0,0.6666666666666666,0.3333333333333333,0.0,0.0,False,Qwen/Qwen2.5-Coder-14B-Instruct-AWQ,None
2053@x_name@ASC,Bar,Easy,0.3706,1.1117,3,0.0,0.0,0.0,0.0,0.0,0.6666666666666666,0.0,0.0,0.0,0.6666666666666666,0.3333333333333333,0.0,0.0,False,Qwen/Qwen2.5-Coder-14B-Instruct-AWQ,None
2053@x_name@ASC,Bar,Easy,0.3706,1.1117,3,0.0,0.0,0.0,0.0,0.0,0.6666666666666666,0.0,0.0,0.0,0.6666666666666666,0.3333333333333333,0.0,0.0,False,Qwen/Qwen2.5-Coder-14B-Instruct-AWQ,None
2060@y_name@DESC,Bar,Extra Hard,1.1755,2.3511,2,0.0,0.0,0.0,0.0,0.0,0.0,0.0,0.0,0.0,0.0,1.0,0.0,0.0,True,Qwen/Qwen2.5-Coder-14B-Instruct-AWQ,None
2060@y_name@DESC,Bar,Extra Hard,1.1755,2.3511,2,0.0,0.0,0.0,0.0,0.0,0.0,0.0,0.0,0.0,0.0,1.0,0.0,0.0,True,Qwen/Qwen2.5-Coder-14B-Instruct-AWQ,None
2060@y_name@DESC,Bar,Extra Hard,1.1755,2.3511,2,0.0,0.0,0.0,0.0,0.0,0.0,0.0,0.0,0.0,0.0,1.0,0.0,0.0,True,Qwen/Qwen2.5-Coder-14B-Instruct-AWQ,None
2063@y_name@ASC,Bar,Hard,0.6662,0.6662,1,0.0,0.0,0.0,0.0,0.0,0.0,0.0,0.0,0.0,0.0,1.0,0.0,0.0,True,Qwen/Qwen2.5-Coder-14B-Instruct-AWQ,None
2063@y_name@ASC,Bar,Hard,0.6662,0.6662,1,0.0,0.0,0.0,0.0,0.0,0.0,0.0,0.0,0.0,0.0,1.0,0.0,0.0,True,Qwen/Qwen2.5-Coder-14B-Instruct-AWQ,None
2063@y_name@ASC,Bar,Hard,0.6662,0.6662,1,0.0,0.0,0.0,0.0,0.0,0.0,0.0,0.0,0.0,0.0,1.0,0.0,0.0,True,Qwen/Qwen2.5-Coder-14B-Instruct-AWQ,None
1416@y_name@ASC,Bar,Medium,1.0246,2.0492,2,0.0,0.0,0.0,0.0,0.0,0.0,0.0,0.0,0.0,0.0,1.0,0.0,0.0,False,Qwen/Qwen2.5-Coder-14B-Instruct-AWQ,None
1416@y_name@ASC,Bar,Medium,1.0246,2.0492,2,0.0,0.0,0.0,0.0,0.0,0.0,0.0,0.0,0.0,0.0,1.0,0.0,0.0,False,Qwen/Qwen2.5-Coder-14B-Instruct-AWQ,None
1416@y_name@ASC,Bar,Medium,1.0246,2.0492,2,0.0,0.0,0.0,0.0,0.0,0.0,0.0,0.0,0.0,0.0,1.0,0.0,0.0,False,Qwen/Qwen2.5-Coder-14B-Instruct-AWQ,None
1419@y_name@ASC,Bar,Extra Hard,0.6648,2.659,4,0.0,0.0,0.0,0.0,0.0,0.0,0.0,0.0,0.0,0.0,1.0,0.0,0.0,False,Qwen/Qwen2.5-Coder-14B-Instruct-AWQ,None
1419@y_name@ASC,Bar,Extra Hard,0.6648,2.659,4,0.0,0.0,0.0,0.0,0.0,0.0,0.0,0.0,0.0,0.0,1.0,0.0,0.0,False,Qwen/Qwen2.5-Coder-14B-Instruct-AWQ,None
1419@y_name@ASC,Bar,Extra Hard,0.6648,2.659,4,0.0,0.0,0.0,0.0,0.0,0.0,0.0,0.0,0.0,0.0,1.0,0.0,0.0,False,Qwen/Qwen2.5-Coder-14B-Instruct-AWQ,None
1380@y_name@ASC,Bar,Hard,0.8111,0.8111,1,0.0,0.0,0.0,0.0,0.0,0.0,0.0,0.0,0.0,0.0,1.0,0.0,0.0,True,Qwen/Qwen2.5-Coder-14B-Instruct-AWQ,None
1380@y_name@ASC,Bar,Hard,0.8111,0.8111,1,0.0,0.0,0.0,0.0,0.0,0.0,0.0,0.0,0.0,0.0,1.0,0.0,0.0,True,Qwen/Qwen2.5-Coder-14B-Instruct-AWQ,None
1380@y_name@ASC,Bar,Hard,0.8111,0.8111,1,0.0,0.0,0.0,0.0,0.0,0.0,0.0,0.0,0.0,0.0,1.0,0.0,0.0,True,Qwen/Qwen2.5-Coder-14B-Instruct-AWQ,None
1382@y_name@ASC,Bar,Hard,0.7882,0.7882,1,0.0,0.0,0.0,0.0,0.0,0.0,0.0,0.0,0.0,0.0,1.0,0.0,0.0,True,Qwen/Qwen2.5-Coder-14B-Instruct-AWQ,None
1382@y_name@ASC,Bar,Hard,0.7882,0.7882,1,0.0,0.0,0.0,0.0,0.0,0.0,0.0,0.0,0.0,0.0,1.0,0.0,0.0,True,Qwen/Qwen2.5-Coder-14B-Instruct-AWQ,None
1382@y_name@ASC,Bar,Hard,0.7882,0.7882,1,0.0,0.0,0.0,0.0,0.0,0.0,0.0,0.0,0.0,0.0,1.0,0.0,0.0,True,Qwen/Qwen2.5-Coder-14B-Instruct-AWQ,None
1085@y_name@DESC,Bar,Medium,0.4905,0.9809,2,0.0,0.0,0.0,0.0,0.0,0.0,0.0,0.0,0.0,0.0,1.0,0.0,0.0,False,Qwen/Qwen2.5-Coder-14B-Instruct-AWQ,None
1085@y_name@DESC,Bar,Medium,0.4905,0.9809,2,0.0,0.0,0.0,0.0,0.0,0.0,0.0,0.0,0.0,0.0,1.0,0.0,0.0,False,Qwen/Qwen2.5-Coder-14B-Instruct-AWQ,None
1085@y_name@DESC,Bar,Medium,0.4905,0.9809,2,0.0,0.0,0.0,0.0,0.0,0.0,0.0,0.0,0.0,0.0,1.0,0.0,0.0,False,Qwen/Qwen2.5-Coder-14B-Instruct-AWQ,None
1087@y_name@DESC,Bar,Hard,1.5361,1.5361,1,0.0,0.0,0.0,0.0,0.0,0.0,0.0,0.0,0.0,0.0,1.0,0.0,0.0,True,Qwen/Qwen2.5-Coder-14B-Instruct-AWQ,None
1087@y_name@DESC,Bar,Hard,1.5361,1.5361,1,0.0,0.0,0.0,0.0,0.0,0.0,0.0,0.0,0.0,0.0,1.0,0.0,0.0,True,Qwen/Qwen2.5-Coder-14B-Instruct-AWQ,None
1087@y_name@DESC,Bar,Hard,1.5361,1.5361,1,0.0,0.0,0.0,0.0,0.0,0.0,0.0,0.0,0.0,0.0,1.0,0.0,0.0,True,Qwen/Qwen2.5-Coder-14B-Instruct-AWQ,None
1091@y_name@ASC,Bar,Medium,0.4534,1.3601,3,0.0,0.0,0.0,0.0,0.0,0.0,0.0,0.0,0.0,0.0,1.0,0.0,0.0,False,Qwen/Qwen2.5-Coder-14B-Instruct-AWQ,None
1091@y_name@ASC,Bar,Medium,0.4534,1.3601,3,0.0,0.0,0.0,0.0,0.0,0.0,0.0,0.0,0.0,0.0,1.0,0.0,0.0,False,Qwen/Qwen2.5-Coder-14B-Instruct-AWQ,None
1091@y_name@ASC,Bar,Medium,0.4534,1.3601,3,0.0,0.0,0.0,0.0,0.0,0.0,0.0,0.0,0.0,0.0,1.0,0.0,0.0,False,Qwen/Qwen2.5-Coder-14B-Instruct-AWQ,None
3038@x_name@DESC,Bar,Medium,0.4514,0.4514,1,0.0,0.0,0.0,0.0,0.0,1.0,0.0,0.0,0.0,1.0,0.0,,0.0,False,Qwen/Qwen2.5-Coder-14B-Instruct-AWQ,None
3038@x_name@DESC,Bar,Medium,0.4514,0.4514,1,0.0,0.0,0.0,0.0,0.0,1.0,0.0,0.0,0.0,1.0,0.0,,0.0,False,Qwen/Qwen2.5-Coder-14B-Instruct-AWQ,None
3038@x_name@DESC,Bar,Medium,0.4514,0.4514,1,0.0,0.0,0.0,0.0,0.0,1.0,0.0,0.0,0.0,1.0,0.0,,0.0,False,Qwen/Qwen2.5-Coder-14B-Instruct-AWQ,None
3043@y_name@ASC,Bar,Medium,0.4538,1.3614,3,0.0,0.0,0.0,0.0,0.0,0.0,0.0,0.0,0.0,0.0,1.0,0.0,0.0,False,Qwen/Qwen2.5-Coder-14B-Instruct-AWQ,None
3043@y_name@ASC,Bar,Medium,0.4538,1.3614,3,0.0,0.0,0.0,0.0,0.0,0.0,0.0,0.0,0.0,0.0,1.0,0.0,0.0,False,Qwen/Qwen2.5-Coder-14B-Instruct-AWQ,None
3043@y_name@ASC,Bar,Medium,0.4538,1.3614,3,0.0,0.0,0.0,0.0,0.0,0.0,0.0,0.0,0.0,0.0,1.0,0.0,0.0,False,Qwen/Qwen2.5-Coder-14B-Instruct-AWQ,None
3045@y_name@ASC,Bar,Medium,1.5229,4.5686,3,0.0,0.0,0.0,0.0,0.6666666666666666,0.0,0.0,0.0,0.0,0.6666666666666666,0.3333333333333333,0.0,0.0,False,Qwen/Qwen2.5-Coder-14B-Instruct-AWQ,None
3045@y_name@ASC,Bar,Medium,1.5229,4.5686,3,0.0,0.0,0.0,0.0,0.6666666666666666,0.0,0.0,0.0,0.0,0.6666666666666666,0.3333333333333333,0.0,0.0,False,Qwen/Qwen2.5-Coder-14B-Instruct-AWQ,None
3045@y_name@ASC,Bar,Medium,1.5229,4.5686,3,0.0,0.0,0.0,0.0,0.6666666666666666,0.0,0.0,0.0,0.0,0.6666666666666666,0.3333333333333333,0.0,0.0,False,Qwen/Qwen2.5-Coder-14B-Instruct-AWQ,None
3050@x_name@ASC,Bar,Medium,0.478,0.478,1,0.0,0.0,0.0,0.0,0.0,0.0,0.0,0.0,0.0,0.0,1.0,0.0,0.0,False,Qwen/Qwen2.5-Coder-14B-Instruct-AWQ,None
3050@x_name@ASC,Bar,Medium,0.478,0.478,1,0.0,0.0,0.0,0.0,0.0,0.0,0.0,0.0,0.0,0.0,1.0,0.0,0.0,False,Qwen/Qwen2.5-Coder-14B-Instruct-AWQ,None
3050@x_name@ASC,Bar,Medium,0.478,0.478,1,0.0,0.0,0.0,0.0,0.0,0.0,0.0,0.0,0.0,0.0,1.0,0.0,0.0,False,Qwen/Qwen2.5-Coder-14B-Instruct-AWQ,None
3052@x_name@ASC,Bar,Medium,0.4779,0.9558,2,0.0,0.0,0.0,0.0,1.0,0.0,0.0,0.0,0.0,1.0,0.0,,0.0,False,Qwen/Qwen2.5-Coder-14B-Instruct-AWQ,None
3052@x_name@ASC,Bar,Medium,0.4779,0.9558,2,0.0,0.0,0.0,0.0,1.0,0.0,0.0,0.0,0.0,1.0,0.0,,0.0,False,Qwen/Qwen2.5-Coder-14B-Instruct-AWQ,None
3052@x_name@ASC,Bar,Medium,0.4779,0.9558,2,0.0,0.0,0.0,0.0,1.0,0.0,0.0,0.0,0.0,1.0,0.0,,0.0,False,Qwen/Qwen2.5-Coder-14B-Instruct-AWQ,None
3053@x_name@DESC,Bar,Medium,0.565,0.565,1,0.0,0.0,0.0,0.0,0.0,1.0,0.0,0.0,0.0,1.0,0.0,,0.0,False,Qwen/Qwen2.5-Coder-14B-Instruct-AWQ,None
3053@x_name@DESC,Bar,Medium,0.565,0.565,1,0.0,0.0,0.0,0.0,0.0,1.0,0.0,0.0,0.0,1.0,0.0,,0.0,False,Qwen/Qwen2.5-Coder-14B-Instruct-AWQ,None
3053@x_name@DESC,Bar,Medium,0.565,0.565,1,0.0,0.0,0.0,0.0,0.0,1.0,0.0,0.0,0.0,1.0,0.0,,0.0,False,Qwen/Qwen2.5-Coder-14B-Instruct-AWQ,None
38@x_name@DESC,Bar,Hard,0.8936,0.8936,1,0.0,0.0,0.0,0.0,0.0,0.0,0.0,0.0,0.0,0.0,1.0,0.0,0.0,True,Qwen/Qwen2.5-Coder-14B-Instruct-AWQ,None
38@x_name@DESC,Bar,Hard,0.8936,0.8936,1,0.0,0.0,0.0,0.0,0.0,0.0,0.0,0.0,0.0,0.0,1.0,0.0,0.0,True,Qwen/Qwen2.5-Coder-14B-Instruct-AWQ,None
38@x_name@DESC,Bar,Hard,0.8936,0.8936,1,0.0,0.0,0.0,0.0,0.0,0.0,0.0,0.0,0.0,0.0,1.0,0.0,0.0,True,Qwen/Qwen2.5-Coder-14B-Instruct-AWQ,None
41@y_name@ASC,Bar,Hard,0.6545,0.6545,1,0.0,0.0,0.0,0.0,0.0,0.0,0.0,0.0,0.0,0.0,1.0,0.0,0.0,False,Qwen/Qwen2.5-Coder-14B-Instruct-AWQ,None
41@y_name@ASC,Bar,Hard,0.6545,0.6545,1,0.0,0.0,0.0,0.0,0.0,0.0,0.0,0.0,0.0,0.0,1.0,0.0,0.0,False,Qwen/Qwen2.5-Coder-14B-Instruct-AWQ,None
41@y_name@ASC,Bar,Hard,0.6545,0.6545,1,0.0,0.0,0.0,0.0,0.0,0.0,0.0,0.0,0.0,0.0,1.0,0.0,0.0,False,Qwen/Qwen2.5-Coder-14B-Instruct-AWQ,None
42@y_name@ASC,Bar,Hard,0.6141,1.2283,2,0.0,0.0,0.0,0.0,0.0,0.0,0.0,0.0,0.0,0.0,1.0,0.0,0.0,False,Qwen/Qwen2.5-Coder-14B-Instruct-AWQ,None
42@y_name@ASC,Bar,Hard,0.6141,1.2283,2,0.0,0.0,0.0,0.0,0.0,0.0,0.0,0.0,0.0,0.0,1.0,0.0,0.0,False,Qwen/Qwen2.5-Coder-14B-Instruct-AWQ,None
42@y_name@ASC,Bar,Hard,0.6141,1.2283,2,0.0,0.0,0.0,0.0,0.0,0.0,0.0,0.0,0.0,0.0,1.0,0.0,0.0,False,Qwen/Qwen2.5-Coder-14B-Instruct-AWQ,None
44@y_name@DESC,Bar,Hard,0.5797,0.5797,1,0.0,0.0,0.0,0.0,1.0,0.0,0.0,0.0,0.0,1.0,0.0,,0.0,False,Qwen/Qwen2.5-Coder-14B-Instruct-AWQ,None
44@y_name@DESC,Bar,Hard,0.5797,0.5797,1,0.0,0.0,0.0,0.0,1.0,0.0,0.0,0.0,0.0,1.0,0.0,,0.0,False,Qwen/Qwen2.5-Coder-14B-Instruct-AWQ,None
44@y_name@DESC,Bar,Hard,0.5797,0.5797,1,0.0,0.0,0.0,0.0,1.0,0.0,0.0,0.0,0.0,1.0,0.0,,0.0,False,Qwen/Qwen2.5-Coder-14B-Instruct-AWQ,None
47@y_name@DESC,Bar,Medium,0.497,1.4911,3,0.0,0.0,0.0,0.0,0.0,0.0,0.0,0.0,0.0,0.0,1.0,0.0,0.0,False,Qwen/Qwen2.5-Coder-14B-Instruct-AWQ,None
47@y_name@DESC,Bar,Medium,0.497,1.4911,3,0.0,0.0,0.0,0.0,0.0,0.0,0.0,0.0,0.0,0.0,1.0,0.0,0.0,False,Qwen/Qwen2.5-Coder-14B-Instruct-AWQ,None
47@y_name@DESC,Bar,Medium,0.497,1.4911,3,0.0,0.0,0.0,0.0,0.0,0.0,0.0,0.0,0.0,0.0,1.0,0.0,0.0,False,Qwen/Qwen2.5-Coder-14B-Instruct-AWQ,None
49@y_name@ASC,Bar,Extra Hard,1.0468,2.0936,2,0.0,0.0,0.0,0.0,0.0,0.0,0.0,0.0,0.0,0.0,1.0,0.0,0.0,True,Qwen/Qwen2.5-Coder-14B-Instruct-AWQ,None
49@y_name@ASC,Bar,Extra Hard,1.0468,2.0936,2,0.0,0.0,0.0,0.0,0.0,0.0,0.0,0.0,0.0,0.0,1.0,0.0,0.0,True,Qwen/Qwen2.5-Coder-14B-Instruct-AWQ,None
49@y_name@ASC,Bar,Extra Hard,1.0468,2.0936,2,0.0,0.0,0.0,0.0,0.0,0.0,0.0,0.0,0.0,0.0,1.0,0.0,0.0,True,Qwen/Qwen2.5-Coder-14B-Instruct-AWQ,None
53@x_name@ASC,Bar,Extra Hard,0.9288,0.9288,1,0.0,0.0,0.0,0.0,1.0,0.0,0.0,0.0,0.0,1.0,0.0,,0.0,False,Qwen/Qwen2.5-Coder-14B-Instruct-AWQ,None
53@x_name@ASC,Bar,Extra Hard,0.9288,0.9288,1,0.0,0.0,0.0,0.0,1.0,0.0,0.0,0.0,0.0,1.0,0.0,,0.0,False,Qwen/Qwen2.5-Coder-14B-Instruct-AWQ,None
53@x_name@ASC,Bar,Extra Hard,0.9288,0.9288,1,0.0,0.0,0.0,0.0,1.0,0.0,0.0,0.0,0.0,1.0,0.0,,0.0,False,Qwen/Qwen2.5-Coder-14B-Instruct-AWQ,None
56@y_name@ASC,Bar,Extra Hard,1.2122,1.2122,1,0.0,0.0,0.0,0.0,0.0,1.0,0.0,0.0,0.0,1.0,0.0,,0.0,True,Qwen/Qwen2.5-Coder-14B-Instruct-AWQ,None
56@y_name@ASC,Bar,Extra Hard,1.2122,1.2122,1,0.0,0.0,0.0,0.0,0.0,1.0,0.0,0.0,0.0,1.0,0.0,,0.0,True,Qwen/Qwen2.5-Coder-14B-Instruct-AWQ,None
56@y_name@ASC,Bar,Extra Hard,1.2122,1.2122,1,0.0,0.0,0.0,0.0,0.0,1.0,0.0,0.0,0.0,1.0,0.0,,0.0,True,Qwen/Qwen2.5-Coder-14B-Instruct-AWQ,None
58@y_name@ASC,Bar,Medium,1.1688,7.0127,6,0.0,0.0,0.0,0.0,0.0,0.0,0.0,0.0,0.0,0.0,1.0,0.0,0.0,False,Qwen/Qwen2.5-Coder-14B-Instruct-AWQ,None
58@y_name@ASC,Bar,Medium,1.1688,7.0127,6,0.0,0.0,0.0,0.0,0.0,0.0,0.0,0.0,0.0,0.0,1.0,0.0,0.0,False,Qwen/Qwen2.5-Coder-14B-Instruct-AWQ,None
58@y_name@ASC,Bar,Medium,1.1688,7.0127,6,0.0,0.0,0.0,0.0,0.0,0.0,0.0,0.0,0.0,0.0,1.0,0.0,0.0,False,Qwen/Qwen2.5-Coder-14B-Instruct-AWQ,None
59@y_name@ASC,Bar,Medium,0.4877,2.4386,5,0.0,0.0,0.0,0.0,0.0,0.0,0.0,0.0,0.0,0.0,1.0,0.0,0.0,False,Qwen/Qwen2.5-Coder-14B-Instruct-AWQ,None
59@y_name@ASC,Bar,Medium,0.4877,2.4386,5,0.0,0.0,0.0,0.0,0.0,0.0,0.0,0.0,0.0,0.0,1.0,0.0,0.0,False,Qwen/Qwen2.5-Coder-14B-Instruct-AWQ,None
59@y_name@ASC,Bar,Medium,0.4877,2.4386,5,0.0,0.0,0.0,0.0,0.0,0.0,0.0,0.0,0.0,0.0,1.0,0.0,0.0,False,Qwen/Qwen2.5-Coder-14B-Instruct-AWQ,None
61@y_name@ASC,Bar,Medium,0.4992,1.9968,4,0.0,0.0,0.0,0.0,0.0,0.0,0.0,0.0,0.0,0.0,1.0,0.0,0.0,False,Qwen/Qwen2.5-Coder-14B-Instruct-AWQ,None
61@y_name@ASC,Bar,Medium,0.4992,1.9968,4,0.0,0.0,0.0,0.0,0.0,0.0,0.0,0.0,0.0,0.0,1.0,0.0,0.0,False,Qwen/Qwen2.5-Coder-14B-Instruct-AWQ,None
61@y_name@ASC,Bar,Medium,0.4992,1.9968,4,0.0,0.0,0.0,0.0,0.0,0.0,0.0,0.0,0.0,0.0,1.0,0.0,0.0,False,Qwen/Qwen2.5-Coder-14B-Instruct-AWQ,None
1324@y_name@ASC,Bar,Medium,0.4375,0.8749,2,0.0,0.0,0.0,0.0,0.0,0.0,0.0,0.0,0.0,0.0,1.0,0.0,0.0,False,Qwen/Qwen2.5-Coder-14B-Instruct-AWQ,None
1324@y_name@ASC,Bar,Medium,0.4375,0.8749,2,0.0,0.0,0.0,0.0,0.0,0.0,0.0,0.0,0.0,0.0,1.0,0.0,0.0,False,Qwen/Qwen2.5-Coder-14B-Instruct-AWQ,None
1324@y_name@ASC,Bar,Medium,0.4375,0.8749,2,0.0,0.0,0.0,0.0,0.0,0.0,0.0,0.0,0.0,0.0,1.0,0.0,0.0,False,Qwen/Qwen2.5-Coder-14B-Instruct-AWQ,None
1328@x_name@ASC,Bar,Medium,0.4064,0.4064,1,0.0,0.0,0.0,0.0,0.0,0.0,0.0,0.0,0.0,0.0,1.0,0.0,0.0,False,Qwen/Qwen2.5-Coder-14B-Instruct-AWQ,None
1328@x_name@ASC,Bar,Medium,0.4064,0.4064,1,0.0,0.0,0.0,0.0,0.0,0.0,0.0,0.0,0.0,0.0,1.0,0.0,0.0,False,Qwen/Qwen2.5-Coder-14B-Instruct-AWQ,None
1328@x_name@ASC,Bar,Medium,0.4064,0.4064,1,0.0,0.0,0.0,0.0,0.0,0.0,0.0,0.0,0.0,0.0,1.0,0.0,0.0,False,Qwen/Qwen2.5-Coder-14B-Instruct-AWQ,None
483@x_name@ASC,Bar,Medium,0.4336,0.8672,2,0.0,0.0,0.0,0.0,0.0,0.5,0.0,0.0,0.0,0.5,0.5,0.0,0.0,False,Qwen/Qwen2.5-Coder-14B-Instruct-AWQ,None
483@x_name@ASC,Bar,Medium,0.4336,0.8672,2,0.0,0.0,0.0,0.0,0.0,0.5,0.0,0.0,0.0,0.5,0.5,0.0,0.0,False,Qwen/Qwen2.5-Coder-14B-Instruct-AWQ,None
483@x_name@ASC,Bar,Medium,0.4336,0.8672,2,0.0,0.0,0.0,0.0,0.0,0.5,0.0,0.0,0.0,0.5,0.5,0.0,0.0,False,Qwen/Qwen2.5-Coder-14B-Instruct-AWQ,None
1015@y_name@DESC,Bar,Medium,0.6155,1.231,2,0.0,0.0,0.0,0.0,0.0,0.0,0.0,0.0,0.0,0.0,1.0,0.0,0.0,False,Qwen/Qwen2.5-Coder-14B-Instruct-AWQ,None
1015@y_name@DESC,Bar,Medium,0.6155,1.231,2,0.0,0.0,0.0,0.0,0.0,0.0,0.0,0.0,0.0,0.0,1.0,0.0,0.0,False,Qwen/Qwen2.5-Coder-14B-Instruct-AWQ,None
1015@y_name@DESC,Bar,Medium,0.6155,1.231,2,0.0,0.0,0.0,0.0,0.0,0.0,0.0,0.0,0.0,0.0,1.0,0.0,0.0,False,Qwen/Qwen2.5-Coder-14B-Instruct-AWQ,None
1017@y_name@ASC,Bar,Hard,0.6694,0.6694,1,0.0,0.0,0.0,0.0,0.0,0.0,0.0,0.0,0.0,0.0,1.0,0.0,0.0,True,Qwen/Qwen2.5-Coder-14B-Instruct-AWQ,None
1017@y_name@ASC,Bar,Hard,0.6694,0.6694,1,0.0,0.0,0.0,0.0,0.0,0.0,0.0,0.0,0.0,0.0,1.0,0.0,0.0,True,Qwen/Qwen2.5-Coder-14B-Instruct-AWQ,None
1017@y_name@ASC,Bar,Hard,0.6694,0.6694,1,0.0,0.0,0.0,0.0,0.0,0.0,0.0,0.0,0.0,0.0,1.0,0.0,0.0,True,Qwen/Qwen2.5-Coder-14B-Instruct-AWQ,None
1019@x_name@DESC,Bar,Hard,0.9808,0.9808,1,0.0,0.0,0.0,0.0,0.0,1.0,0.0,0.0,0.0,1.0,0.0,,0.0,True,Qwen/Qwen2.5-Coder-14B-Instruct-AWQ,None
1019@x_name@DESC,Bar,Hard,0.9808,0.9808,1,0.0,0.0,0.0,0.0,0.0,1.0,0.0,0.0,0.0,1.0,0.0,,0.0,True,Qwen/Qwen2.5-Coder-14B-Instruct-AWQ,None
1019@x_name@DESC,Bar,Hard,0.9808,0.9808,1,0.0,0.0,0.0,0.0,0.0,1.0,0.0,0.0,0.0,1.0,0.0,,0.0,True,Qwen/Qwen2.5-Coder-14B-Instruct-AWQ,None
1022@y_name@ASC,Bar,Medium,0.5989,1.1979,2,0.0,0.0,0.0,0.0,0.0,0.0,0.0,0.0,0.0,0.0,1.0,0.0,0.0,False,Qwen/Qwen2.5-Coder-14B-Instruct-AWQ,None
1022@y_name@ASC,Bar,Medium,0.5989,1.1979,2,0.0,0.0,0.0,0.0,0.0,0.0,0.0,0.0,0.0,0.0,1.0,0.0,0.0,False,Qwen/Qwen2.5-Coder-14B-Instruct-AWQ,None
1022@y_name@ASC,Bar,Medium,0.5989,1.1979,2,0.0,0.0,0.0,0.0,0.0,0.0,0.0,0.0,0.0,0.0,1.0,0.0,0.0,False,Qwen/Qwen2.5-Coder-14B-Instruct-AWQ,None
2594@y_name@DESC,Bar,Medium,0.4526,2.7157,6,0.0,0.0,0.0,0.0,0.0,0.0,0.0,0.0,0.0,0.0,1.0,0.0,0.0,False,Qwen/Qwen2.5-Coder-14B-Instruct-AWQ,None
2594@y_name@DESC,Bar,Medium,0.4526,2.7157,6,0.0,0.0,0.0,0.0,0.0,0.0,0.0,0.0,0.0,0.0,1.0,0.0,0.0,False,Qwen/Qwen2.5-Coder-14B-Instruct-AWQ,None
2594@y_name@DESC,Bar,Medium,0.4526,2.7157,6,0.0,0.0,0.0,0.0,0.0,0.0,0.0,0.0,0.0,0.0,1.0,0.0,0.0,False,Qwen/Qwen2.5-Coder-14B-Instruct-AWQ,None
909@y_name@ASC,Bar,Medium,0.5589,2.2357,4,0.0,0.0,0.0,0.0,0.0,0.0,0.0,0.0,0.0,0.0,1.0,0.0,0.0,False,Qwen/Qwen2.5-Coder-14B-Instruct-AWQ,None
909@y_name@ASC,Bar,Medium,0.5589,2.2357,4,0.0,0.0,0.0,0.0,0.0,0.0,0.0,0.0,0.0,0.0,1.0,0.0,0.0,False,Qwen/Qwen2.5-Coder-14B-Instruct-AWQ,None
909@y_name@ASC,Bar,Medium,0.5589,2.2357,4,0.0,0.0,0.0,0.0,0.0,0.0,0.0,0.0,0.0,0.0,1.0,0.0,0.0,False,Qwen/Qwen2.5-Coder-14B-Instruct-AWQ,None
911@y_name@DESC,Bar,Hard,0.8597,2.5791,3,0.0,0.0,0.0,0.0,0.0,0.0,0.0,0.0,0.0,0.0,1.0,0.0,0.0,True,Qwen/Qwen2.5-Coder-14B-Instruct-AWQ,None
911@y_name@DESC,Bar,Hard,0.8597,2.5791,3,0.0,0.0,0.0,0.0,0.0,0.0,0.0,0.0,0.0,0.0,1.0,0.0,0.0,True,Qwen/Qwen2.5-Coder-14B-Instruct-AWQ,None
911@y_name@DESC,Bar,Hard,0.8597,2.5791,3,0.0,0.0,0.0,0.0,0.0,0.0,0.0,0.0,0.0,0.0,1.0,0.0,0.0,True,Qwen/Qwen2.5-Coder-14B-Instruct-AWQ,None
690@y_name@DESC,Bar,Medium,0.4231,2.1157,5,0.0,0.0,0.0,0.0,0.0,0.0,0.0,0.0,0.0,0.0,1.0,0.0,0.0,False,Qwen/Qwen2.5-Coder-14B-Instruct-AWQ,None
690@y_name@DESC,Bar,Medium,0.4231,2.1157,5,0.0,0.0,0.0,0.0,0.0,0.0,0.0,0.0,0.0,0.0,1.0,0.0,0.0,False,Qwen/Qwen2.5-Coder-14B-Instruct-AWQ,None
690@y_name@DESC,Bar,Medium,0.4231,2.1157,5,0.0,0.0,0.0,0.0,0.0,0.0,0.0,0.0,0.0,0.0,1.0,0.0,0.0,False,Qwen/Qwen2.5-Coder-14B-Instruct-AWQ,None
692@x_name@ASC,Bar,Extra Hard,1.1836,1.1836,1,0.0,0.0,0.0,0.0,0.0,0.0,0.0,0.0,0.0,0.0,1.0,0.0,0.0,True,Qwen/Qwen2.5-Coder-14B-Instruct-AWQ,None
692@x_name@ASC,Bar,Extra Hard,1.1836,1.1836,1,0.0,0.0,0.0,0.0,0.0,0.0,0.0,0.0,0.0,0.0,1.0,0.0,0.0,True,Qwen/Qwen2.5-Coder-14B-Instruct-AWQ,None
692@x_name@ASC,Bar,Extra Hard,1.1836,1.1836,1,0.0,0.0,0.0,0.0,0.0,0.0,0.0,0.0,0.0,0.0,1.0,0.0,0.0,True,Qwen/Qwen2.5-Coder-14B-Instruct-AWQ,None
700@x_name@DESC,Bar,Hard,0.6996,2.0987,3,0.0,0.0,0.0,0.0,0.0,0.6666666666666666,0.0,0.0,0.0,0.6666666666666666,0.3333333333333333,0.0,0.0,True,Qwen/Qwen2.5-Coder-14B-Instruct-AWQ,None
700@x_name@DESC,Bar,Hard,0.6996,2.0987,3,0.0,0.0,0.0,0.0,0.0,0.6666666666666666,0.0,0.0,0.0,0.6666666666666666,0.3333333333333333,0.0,0.0,True,Qwen/Qwen2.5-Coder-14B-Instruct-AWQ,None
700@x_name@DESC,Bar,Hard,0.6996,2.0987,3,0.0,0.0,0.0,0.0,0.0,0.6666666666666666,0.0,0.0,0.0,0.6666666666666666,0.3333333333333333,0.0,0.0,True,Qwen/Qwen2.5-Coder-14B-Instruct-AWQ,None
816@y_name@DESC,Bar,Hard,0.6838,0.6838,1,0.0,0.0,0.0,0.0,0.0,0.0,0.0,0.0,0.0,0.0,1.0,0.0,0.0,True,Qwen/Qwen2.5-Coder-14B-Instruct-AWQ,None
816@y_name@DESC,Bar,Hard,0.6838,0.6838,1,0.0,0.0,0.0,0.0,0.0,0.0,0.0,0.0,0.0,0.0,1.0,0.0,0.0,True,Qwen/Qwen2.5-Coder-14B-Instruct-AWQ,None
816@y_name@DESC,Bar,Hard,0.6838,0.6838,1,0.0,0.0,0.0,0.0,0.0,0.0,0.0,0.0,0.0,0.0,1.0,0.0,0.0,True,Qwen/Qwen2.5-Coder-14B-Instruct-AWQ,None
827@y_name@ASC,Bar,Medium,0.5879,2.9397,5,0.0,0.0,0.0,0.0,0.0,0.0,0.0,0.0,0.0,0.0,1.0,0.0,0.0,False,Qwen/Qwen2.5-Coder-14B-Instruct-AWQ,None
827@y_name@ASC,Bar,Medium,0.5879,2.9397,5,0.0,0.0,0.0,0.0,0.0,0.0,0.0,0.0,0.0,0.0,1.0,0.0,0.0,False,Qwen/Qwen2.5-Coder-14B-Instruct-AWQ,None
827@y_name@ASC,Bar,Medium,0.5879,2.9397,5,0.0,0.0,0.0,0.0,0.0,0.0,0.0,0.0,0.0,0.0,1.0,0.0,0.0,False,Qwen/Qwen2.5-Coder-14B-Instruct-AWQ,None
829@x_name@ASC,Bar,Medium,0.6172,1.8517,3,0.0,0.0,0.0,0.0,0.0,0.0,0.0,0.0,0.0,0.0,1.0,0.0,0.0,False,Qwen/Qwen2.5-Coder-14B-Instruct-AWQ,None
829@x_name@ASC,Bar,Medium,0.6172,1.8517,3,0.0,0.0,0.0,0.0,0.0,0.0,0.0,0.0,0.0,0.0,1.0,0.0,0.0,False,Qwen/Qwen2.5-Coder-14B-Instruct-AWQ,None
829@x_name@ASC,Bar,Medium,0.6172,1.8517,3,0.0,0.0,0.0,0.0,0.0,0.0,0.0,0.0,0.0,0.0,1.0,0.0,0.0,False,Qwen/Qwen2.5-Coder-14B-Instruct-AWQ,None
833@y_name@DESC,Bar,Hard,1.0392,2.0783,2,0.0,0.0,0.0,0.0,0.0,0.0,0.0,0.0,0.0,0.0,1.0,0.0,0.0,True,Qwen/Qwen2.5-Coder-14B-Instruct-AWQ,None
833@y_name@DESC,Bar,Hard,1.0392,2.0783,2,0.0,0.0,0.0,0.0,0.0,0.0,0.0,0.0,0.0,0.0,1.0,0.0,0.0,True,Qwen/Qwen2.5-Coder-14B-Instruct-AWQ,None
833@y_name@DESC,Bar,Hard,1.0392,2.0783,2,0.0,0.0,0.0,0.0,0.0,0.0,0.0,0.0,0.0,0.0,1.0,0.0,0.0,True,Qwen/Qwen2.5-Coder-14B-Instruct-AWQ,None
847@y_name@DESC,Bar,Hard,0.6473,1.2946,2,0.0,0.0,0.0,0.0,0.0,0.0,0.0,0.0,0.0,0.0,1.0,0.0,0.0,True,Qwen/Qwen2.5-Coder-14B-Instruct-AWQ,None
847@y_name@DESC,Bar,Hard,0.6473,1.2946,2,0.0,0.0,0.0,0.0,0.0,0.0,0.0,0.0,0.0,0.0,1.0,0.0,0.0,True,Qwen/Qwen2.5-Coder-14B-Instruct-AWQ,None
847@y_name@DESC,Bar,Hard,0.6473,1.2946,2,0.0,0.0,0.0,0.0,0.0,0.0,0.0,0.0,0.0,0.0,1.0,0.0,0.0,True,Qwen/Qwen2.5-Coder-14B-Instruct-AWQ,None
851@y_name@DESC,Stacked Bar,Extra Hard,18.0226,36.0452,2,1.0,0.0,0.0,0.0,0.0,0.0,0.0,0.0,1.0,0.0,0.0,,0.0,True,Qwen/Qwen2.5-Coder-14B-Instruct-AWQ,None
851@y_name@DESC,Stacked Bar,Extra Hard,18.0226,36.0452,2,1.0,0.0,0.0,0.0,0.0,0.0,0.0,0.0,1.0,0.0,0.0,,0.0,True,Qwen/Qwen2.5-Coder-14B-Instruct-AWQ,None
851@y_name@DESC,Stacked Bar,Extra Hard,18.0226,36.0452,2,1.0,0.0,0.0,0.0,0.0,0.0,0.0,0.0,1.0,0.0,0.0,,0.0,True,Qwen/Qwen2.5-Coder-14B-Instruct-AWQ,None
853@y_name@DESC,Bar,Extra Hard,18.1653,18.1653,1,1.0,0.0,0.0,0.0,0.0,0.0,0.0,0.0,1.0,0.0,0.0,,0.0,True,Qwen/Qwen2.5-Coder-14B-Instruct-AWQ,None
853@y_name@DESC,Bar,Extra Hard,18.1653,18.1653,1,1.0,0.0,0.0,0.0,0.0,0.0,0.0,0.0,1.0,0.0,0.0,,0.0,True,Qwen/Qwen2.5-Coder-14B-Instruct-AWQ,None
853@y_name@DESC,Bar,Extra Hard,18.1653,18.1653,1,1.0,0.0,0.0,0.0,0.0,0.0,0.0,0.0,1.0,0.0,0.0,,0.0,True,Qwen/Qwen2.5-Coder-14B-Instruct-AWQ,None
1987@x_name@ASC,Bar,Medium,0.5355,0.5355,1,0.0,0.0,0.0,0.0,0.0,0.0,0.0,0.0,0.0,0.0,1.0,0.0,0.0,False,Qwen/Qwen2.5-Coder-14B-Instruct-AWQ,None
1987@x_name@ASC,Bar,Medium,0.5355,0.5355,1,0.0,0.0,0.0,0.0,0.0,0.0,0.0,0.0,0.0,0.0,1.0,0.0,0.0,False,Qwen/Qwen2.5-Coder-14B-Instruct-AWQ,None
1987@x_name@ASC,Bar,Medium,0.5355,0.5355,1,0.0,0.0,0.0,0.0,0.0,0.0,0.0,0.0,0.0,0.0,1.0,0.0,0.0,False,Qwen/Qwen2.5-Coder-14B-Instruct-AWQ,None
1991@y_name@DESC,Bar,Hard,11.4864,22.9728,2,0.5,0.0,0.0,0.0,0.0,0.0,0.0,0.0,0.5,0.0,0.5,0.0,0.0,False,Qwen/Qwen2.5-Coder-14B-Instruct-AWQ,None
1991@y_name@DESC,Bar,Hard,11.4864,22.9728,2,0.5,0.0,0.0,0.0,0.0,0.0,0.0,0.0,0.5,0.0,0.5,0.0,0.0,False,Qwen/Qwen2.5-Coder-14B-Instruct-AWQ,None
1991@y_name@DESC,Bar,Hard,11.4864,22.9728,2,0.5,0.0,0.0,0.0,0.0,0.0,0.0,0.0,0.5,0.0,0.5,0.0,0.0,False,Qwen/Qwen2.5-Coder-14B-Instruct-AWQ,None
2010@x_name@DESC,Bar,Medium,0.6485,1.2969,2,0.0,0.0,0.0,0.0,0.0,1.0,0.0,0.0,0.0,1.0,0.0,,0.0,False,Qwen/Qwen2.5-Coder-14B-Instruct-AWQ,None
2010@x_name@DESC,Bar,Medium,0.6485,1.2969,2,0.0,0.0,0.0,0.0,0.0,1.0,0.0,0.0,0.0,1.0,0.0,,0.0,False,Qwen/Qwen2.5-Coder-14B-Instruct-AWQ,None
2010@x_name@DESC,Bar,Medium,0.6485,1.2969,2,0.0,0.0,0.0,0.0,0.0,1.0,0.0,0.0,0.0,1.0,0.0,,0.0,False,Qwen/Qwen2.5-Coder-14B-Instruct-AWQ,None
2024@y_name@DESC,Bar,Hard,6.5229,13.0458,2,0.5,0.0,0.0,0.0,0.0,0.0,0.0,0.0,0.5,0.0,0.5,0.0,0.0,False,Qwen/Qwen2.5-Coder-14B-Instruct-AWQ,None
2024@y_name@DESC,Bar,Hard,6.5229,13.0458,2,0.5,0.0,0.0,0.0,0.0,0.0,0.0,0.0,0.5,0.0,0.5,0.0,0.0,False,Qwen/Qwen2.5-Coder-14B-Instruct-AWQ,None
2024@y_name@DESC,Bar,Hard,6.5229,13.0458,2,0.5,0.0,0.0,0.0,0.0,0.0,0.0,0.0,0.5,0.0,0.5,0.0,0.0,False,Qwen/Qwen2.5-Coder-14B-Instruct-AWQ,None
2028@y_name@DESC,Bar,Hard,0.9474,0.9474,1,0.0,0.0,0.0,0.0,0.0,0.0,0.0,0.0,0.0,0.0,1.0,0.0,0.0,False,Qwen/Qwen2.5-Coder-14B-Instruct-AWQ,None
2028@y_name@DESC,Bar,Hard,0.9474,0.9474,1,0.0,0.0,0.0,0.0,0.0,0.0,0.0,0.0,0.0,0.0,1.0,0.0,0.0,False,Qwen/Qwen2.5-Coder-14B-Instruct-AWQ,None
2028@y_name@DESC,Bar,Hard,0.9474,0.9474,1,0.0,0.0,0.0,0.0,0.0,0.0,0.0,0.0,0.0,0.0,1.0,0.0,0.0,False,Qwen/Qwen2.5-Coder-14B-Instruct-AWQ,None
2030@y_name@ASC,Bar,Medium,0.7061,2.1182,3,0.0,0.0,0.0,0.0,0.0,1.0,0.0,0.0,0.0,1.0,0.0,,0.0,False,Qwen/Qwen2.5-Coder-14B-Instruct-AWQ,None
2030@y_name@ASC,Bar,Medium,0.7061,2.1182,3,0.0,0.0,0.0,0.0,0.0,1.0,0.0,0.0,0.0,1.0,0.0,,0.0,False,Qwen/Qwen2.5-Coder-14B-Instruct-AWQ,None
2030@y_name@ASC,Bar,Medium,0.7061,2.1182,3,0.0,0.0,0.0,0.0,0.0,1.0,0.0,0.0,0.0,1.0,0.0,,0.0,False,Qwen/Qwen2.5-Coder-14B-Instruct-AWQ,None
2031@y_name@ASC,Bar,Hard,5.7963,11.5926,2,0.5,0.0,0.0,0.0,0.5,0.0,0.0,0.0,0.5,0.5,0.0,,0.0,False,Qwen/Qwen2.5-Coder-14B-Instruct-AWQ,None
2031@y_name@ASC,Bar,Hard,5.7963,11.5926,2,0.5,0.0,0.0,0.0,0.5,0.0,0.0,0.0,0.5,0.5,0.0,,0.0,False,Qwen/Qwen2.5-Coder-14B-Instruct-AWQ,None
2031@y_name@ASC,Bar,Hard,5.7963,11.5926,2,0.5,0.0,0.0,0.0,0.5,0.0,0.0,0.0,0.5,0.5,0.0,,0.0,False,Qwen/Qwen2.5-Coder-14B-Instruct-AWQ,None
709@y_name@DESC,Bar,Medium,0.52,1.04,2,0.0,0.0,0.0,0.0,0.0,0.0,0.0,0.0,0.0,0.0,1.0,0.0,0.0,False,Qwen/Qwen2.5-Coder-14B-Instruct-AWQ,None
709@y_name@DESC,Bar,Medium,0.52,1.04,2,0.0,0.0,0.0,0.0,0.0,0.0,0.0,0.0,0.0,0.0,1.0,0.0,0.0,False,Qwen/Qwen2.5-Coder-14B-Instruct-AWQ,None
709@y_name@DESC,Bar,Medium,0.52,1.04,2,0.0,0.0,0.0,0.0,0.0,0.0,0.0,0.0,0.0,0.0,1.0,0.0,0.0,False,Qwen/Qwen2.5-Coder-14B-Instruct-AWQ,None
171@x_name@DESC,Line,Medium,1.2054,2.4108,2,0.0,0.0,0.0,0.0,0.0,0.0,0.0,0.0,0.0,0.0,1.0,0.0,0.0,False,Qwen/Qwen2.5-Coder-14B-Instruct-AWQ,None
171@x_name@DESC,Line,Medium,1.2054,2.4108,2,0.0,0.0,0.0,0.0,0.0,0.0,0.0,0.0,0.0,0.0,1.0,0.0,0.0,False,Qwen/Qwen2.5-Coder-14B-Instruct-AWQ,None
171@x_name@DESC,Line,Medium,1.2054,2.4108,2,0.0,0.0,0.0,0.0,0.0,0.0,0.0,0.0,0.0,0.0,1.0,0.0,0.0,False,Qwen/Qwen2.5-Coder-14B-Instruct-AWQ,None
2451@y_name@ASC,Bar,Medium,0.5249,1.0497,2,0.0,0.0,0.0,0.0,0.0,0.0,0.0,0.0,0.0,0.0,1.0,0.0,0.0,False,Qwen/Qwen2.5-Coder-14B-Instruct-AWQ,None
2451@y_name@ASC,Bar,Medium,0.5249,1.0497,2,0.0,0.0,0.0,0.0,0.0,0.0,0.0,0.0,0.0,0.0,1.0,0.0,0.0,False,Qwen/Qwen2.5-Coder-14B-Instruct-AWQ,None
2451@y_name@ASC,Bar,Medium,0.5249,1.0497,2,0.0,0.0,0.0,0.0,0.0,0.0,0.0,0.0,0.0,0.0,1.0,0.0,0.0,False,Qwen/Qwen2.5-Coder-14B-Instruct-AWQ,None
2453@y_name@DESC,Bar,Medium,0.5358,2.6792,5,0.0,0.0,0.0,0.0,0.0,0.0,0.0,0.0,0.0,0.0,1.0,0.0,0.0,False,Qwen/Qwen2.5-Coder-14B-Instruct-AWQ,None
2453@y_name@DESC,Bar,Medium,0.5358,2.6792,5,0.0,0.0,0.0,0.0,0.0,0.0,0.0,0.0,0.0,0.0,1.0,0.0,0.0,False,Qwen/Qwen2.5-Coder-14B-Instruct-AWQ,None
2453@y_name@DESC,Bar,Medium,0.5358,2.6792,5,0.0,0.0,0.0,0.0,0.0,0.0,0.0,0.0,0.0,0.0,1.0,0.0,0.0,False,Qwen/Qwen2.5-Coder-14B-Instruct-AWQ,None
2454@y_name@DESC,Bar,Hard,0.5221,0.5221,1,0.0,0.0,0.0,0.0,1.0,0.0,0.0,0.0,0.0,1.0,0.0,,0.0,True,Qwen/Qwen2.5-Coder-14B-Instruct-AWQ,None
2454@y_name@DESC,Bar,Hard,0.5221,0.5221,1,0.0,0.0,0.0,0.0,1.0,0.0,0.0,0.0,0.0,1.0,0.0,,0.0,True,Qwen/Qwen2.5-Coder-14B-Instruct-AWQ,None
2454@y_name@DESC,Bar,Hard,0.5221,0.5221,1,0.0,0.0,0.0,0.0,1.0,0.0,0.0,0.0,0.0,1.0,0.0,,0.0,True,Qwen/Qwen2.5-Coder-14B-Instruct-AWQ,None
2455@x_name@ASC,Bar,Hard,0.6979,2.0937,3,0.0,0.0,0.0,0.0,0.0,0.0,0.0,0.0,0.0,0.0,1.0,0.0,0.0,True,Qwen/Qwen2.5-Coder-14B-Instruct-AWQ,None
2455@x_name@ASC,Bar,Hard,0.6979,2.0937,3,0.0,0.0,0.0,0.0,0.0,0.0,0.0,0.0,0.0,0.0,1.0,0.0,0.0,True,Qwen/Qwen2.5-Coder-14B-Instruct-AWQ,None
2455@x_name@ASC,Bar,Hard,0.6979,2.0937,3,0.0,0.0,0.0,0.0,0.0,0.0,0.0,0.0,0.0,0.0,1.0,0.0,0.0,True,Qwen/Qwen2.5-Coder-14B-Instruct-AWQ,None
2456@y_name@ASC,Bar,Hard,0.8165,4.0825,5,0.0,0.0,0.0,0.0,0.0,0.0,0.0,0.0,0.0,0.0,1.0,0.0,0.0,True,Qwen/Qwen2.5-Coder-14B-Instruct-AWQ,None
2456@y_name@ASC,Bar,Hard,0.8165,4.0825,5,0.0,0.0,0.0,0.0,0.0,0.0,0.0,0.0,0.0,0.0,1.0,0.0,0.0,True,Qwen/Qwen2.5-Coder-14B-Instruct-AWQ,None
2456@y_name@ASC,Bar,Hard,0.8165,4.0825,5,0.0,0.0,0.0,0.0,0.0,0.0,0.0,0.0,0.0,0.0,1.0,0.0,0.0,True,Qwen/Qwen2.5-Coder-14B-Instruct-AWQ,None
486@y_name@DESC,Bar,Medium,0.6887,2.7549,4,0.0,0.0,0.0,0.0,0.0,0.0,0.0,0.0,0.0,0.0,1.0,0.0,0.0,True,Qwen/Qwen2.5-Coder-14B-Instruct-AWQ,None
486@y_name@DESC,Bar,Medium,0.6887,2.7549,4,0.0,0.0,0.0,0.0,0.0,0.0,0.0,0.0,0.0,0.0,1.0,0.0,0.0,True,Qwen/Qwen2.5-Coder-14B-Instruct-AWQ,None
486@y_name@DESC,Bar,Medium,0.6887,2.7549,4,0.0,0.0,0.0,0.0,0.0,0.0,0.0,0.0,0.0,0.0,1.0,0.0,0.0,True,Qwen/Qwen2.5-Coder-14B-Instruct-AWQ,None
490@y_name@ASC,Bar,Hard,0.5513,2.2053,4,0.0,0.0,0.0,0.0,0.0,0.0,0.0,0.0,0.0,0.0,1.0,0.0,0.0,False,Qwen/Qwen2.5-Coder-14B-Instruct-AWQ,None
490@y_name@ASC,Bar,Hard,0.5513,2.2053,4,0.0,0.0,0.0,0.0,0.0,0.0,0.0,0.0,0.0,0.0,1.0,0.0,0.0,False,Qwen/Qwen2.5-Coder-14B-Instruct-AWQ,None
490@y_name@ASC,Bar,Hard,0.5513,2.2053,4,0.0,0.0,0.0,0.0,0.0,0.0,0.0,0.0,0.0,0.0,1.0,0.0,0.0,False,Qwen/Qwen2.5-Coder-14B-Instruct-AWQ,None
2904@y_name@DESC,Bar,Medium,0.4422,1.7689,4,0.0,0.0,0.0,0.0,0.0,0.0,0.0,0.0,0.0,0.0,1.0,0.0,0.0,False,Qwen/Qwen2.5-Coder-14B-Instruct-AWQ,None
2904@y_name@DESC,Bar,Medium,0.4422,1.7689,4,0.0,0.0,0.0,0.0,0.0,0.0,0.0,0.0,0.0,0.0,1.0,0.0,0.0,False,Qwen/Qwen2.5-Coder-14B-Instruct-AWQ,None
2904@y_name@DESC,Bar,Medium,0.4422,1.7689,4,0.0,0.0,0.0,0.0,0.0,0.0,0.0,0.0,0.0,0.0,1.0,0.0,0.0,False,Qwen/Qwen2.5-Coder-14B-Instruct-AWQ,None
2909@x_name@ASC,Bar,Medium,0.5984,1.7951,3,0.0,0.0,0.0,0.0,0.0,0.0,0.0,0.0,0.0,0.0,1.0,0.0,0.0,False,Qwen/Qwen2.5-Coder-14B-Instruct-AWQ,None
2909@x_name@ASC,Bar,Medium,0.5984,1.7951,3,0.0,0.0,0.0,0.0,0.0,0.0,0.0,0.0,0.0,0.0,1.0,0.0,0.0,False,Qwen/Qwen2.5-Coder-14B-Instruct-AWQ,None
2909@x_name@ASC,Bar,Medium,0.5984,1.7951,3,0.0,0.0,0.0,0.0,0.0,0.0,0.0,0.0,0.0,0.0,1.0,0.0,0.0,False,Qwen/Qwen2.5-Coder-14B-Instruct-AWQ,None
2915@y_name@ASC,Bar,Easy,2.4578,4.9156,2,0.0,0.0,0.0,0.0,0.0,0.0,0.0,0.0,0.0,0.0,1.0,0.0,0.0,False,Qwen/Qwen2.5-Coder-14B-Instruct-AWQ,None
2915@y_name@ASC,Bar,Easy,2.4578,4.9156,2,0.0,0.0,0.0,0.0,0.0,0.0,0.0,0.0,0.0,0.0,1.0,0.0,0.0,False,Qwen/Qwen2.5-Coder-14B-Instruct-AWQ,None
2915@y_name@ASC,Bar,Easy,2.4578,4.9156,2,0.0,0.0,0.0,0.0,0.0,0.0,0.0,0.0,0.0,0.0,1.0,0.0,0.0,False,Qwen/Qwen2.5-Coder-14B-Instruct-AWQ,None
2931@y_name@DESC,Bar,Extra Hard,1.2481,2.4963,2,0.0,0.0,0.0,0.0,0.5,0.0,0.0,0.0,0.0,0.5,0.5,0.0,0.0,True,Qwen/Qwen2.5-Coder-14B-Instruct-AWQ,None
2931@y_name@DESC,Bar,Extra Hard,1.2481,2.4963,2,0.0,0.0,0.0,0.0,0.5,0.0,0.0,0.0,0.0,0.5,0.5,0.0,0.0,True,Qwen/Qwen2.5-Coder-14B-Instruct-AWQ,None
2931@y_name@DESC,Bar,Extra Hard,1.2481,2.4963,2,0.0,0.0,0.0,0.0,0.5,0.0,0.0,0.0,0.0,0.5,0.5,0.0,0.0,True,Qwen/Qwen2.5-Coder-14B-Instruct-AWQ,None
920@y_name@ASC,Bar,Extra Hard,0.9797,1.9594,2,0.0,0.0,0.0,0.0,0.5,0.5,0.0,0.0,0.0,1.0,0.0,,0.0,True,Qwen/Qwen2.5-Coder-14B-Instruct-AWQ,None
920@y_name@ASC,Bar,Extra Hard,0.9797,1.9594,2,0.0,0.0,0.0,0.0,0.5,0.5,0.0,0.0,0.0,1.0,0.0,,0.0,True,Qwen/Qwen2.5-Coder-14B-Instruct-AWQ,None
920@y_name@ASC,Bar,Extra Hard,0.9797,1.9594,2,0.0,0.0,0.0,0.0,0.5,0.5,0.0,0.0,0.0,1.0,0.0,,0.0,True,Qwen/Qwen2.5-Coder-14B-Instruct-AWQ,None
921@y_name@DESC,Stacked Bar,Hard,1.0089,1.0089,1,0.0,0.0,0.0,0.0,1.0,0.0,0.0,0.0,0.0,1.0,0.0,,0.0,True,Qwen/Qwen2.5-Coder-14B-Instruct-AWQ,None
921@y_name@DESC,Stacked Bar,Hard,1.0089,1.0089,1,0.0,0.0,0.0,0.0,1.0,0.0,0.0,0.0,0.0,1.0,0.0,,0.0,True,Qwen/Qwen2.5-Coder-14B-Instruct-AWQ,None
921@y_name@DESC,Stacked Bar,Hard,1.0089,1.0089,1,0.0,0.0,0.0,0.0,1.0,0.0,0.0,0.0,0.0,1.0,0.0,,0.0,True,Qwen/Qwen2.5-Coder-14B-Instruct-AWQ,None
2985@y_name@DESC,Stacked Bar,Extra Hard,16.3998,16.3998,1,1.0,0.0,0.0,0.0,0.0,0.0,0.0,0.0,1.0,0.0,0.0,,0.0,True,Qwen/Qwen2.5-Coder-14B-Instruct-AWQ,None
2985@y_name@DESC,Stacked Bar,Extra Hard,16.3998,16.3998,1,1.0,0.0,0.0,0.0,0.0,0.0,0.0,0.0,1.0,0.0,0.0,,0.0,True,Qwen/Qwen2.5-Coder-14B-Instruct-AWQ,None
2985@y_name@DESC,Stacked Bar,Extra Hard,16.3998,16.3998,1,1.0,0.0,0.0,0.0,0.0,0.0,0.0,0.0,1.0,0.0,0.0,,0.0,True,Qwen/Qwen2.5-Coder-14B-Instruct-AWQ,None
2993@y_name@ASC,Bar,Medium,0.5541,1.1083,2,0.0,0.0,0.0,0.0,0.0,0.0,0.0,0.0,0.0,0.0,1.0,0.0,0.0,False,Qwen/Qwen2.5-Coder-14B-Instruct-AWQ,None
2993@y_name@ASC,Bar,Medium,0.5541,1.1083,2,0.0,0.0,0.0,0.0,0.0,0.0,0.0,0.0,0.0,0.0,1.0,0.0,0.0,False,Qwen/Qwen2.5-Coder-14B-Instruct-AWQ,None
2993@y_name@ASC,Bar,Medium,0.5541,1.1083,2,0.0,0.0,0.0,0.0,0.0,0.0,0.0,0.0,0.0,0.0,1.0,0.0,0.0,False,Qwen/Qwen2.5-Coder-14B-Instruct-AWQ,None
3001@x_name@ASC,Bar,Extra Hard,0.9885,1.9771,2,0.0,0.0,0.0,0.0,0.0,0.0,0.0,0.0,0.0,0.0,1.0,0.0,0.0,True,Qwen/Qwen2.5-Coder-14B-Instruct-AWQ,None
3001@x_name@ASC,Bar,Extra Hard,0.9885,1.9771,2,0.0,0.0,0.0,0.0,0.0,0.0,0.0,0.0,0.0,0.0,1.0,0.0,0.0,True,Qwen/Qwen2.5-Coder-14B-Instruct-AWQ,None
3001@x_name@ASC,Bar,Extra Hard,0.9885,1.9771,2,0.0,0.0,0.0,0.0,0.0,0.0,0.0,0.0,0.0,0.0,1.0,0.0,0.0,True,Qwen/Qwen2.5-Coder-14B-Instruct-AWQ,None
3002@y_name@ASC,Bar,Medium,0.5374,1.0749,2,0.0,0.0,0.0,0.0,0.0,0.0,0.0,0.0,0.0,0.0,1.0,0.0,0.0,False,Qwen/Qwen2.5-Coder-14B-Instruct-AWQ,None
3002@y_name@ASC,Bar,Medium,0.5374,1.0749,2,0.0,0.0,0.0,0.0,0.0,0.0,0.0,0.0,0.0,0.0,1.0,0.0,0.0,False,Qwen/Qwen2.5-Coder-14B-Instruct-AWQ,None
3002@y_name@ASC,Bar,Medium,0.5374,1.0749,2,0.0,0.0,0.0,0.0,0.0,0.0,0.0,0.0,0.0,0.0,1.0,0.0,0.0,False,Qwen/Qwen2.5-Coder-14B-Instruct-AWQ,None
3005@x_name@ASC,Bar,Medium,0.5621,1.1242,2,0.0,0.0,0.0,0.0,0.0,0.0,0.0,0.0,0.0,0.0,1.0,0.0,0.0,False,Qwen/Qwen2.5-Coder-14B-Instruct-AWQ,None
3005@x_name@ASC,Bar,Medium,0.5621,1.1242,2,0.0,0.0,0.0,0.0,0.0,0.0,0.0,0.0,0.0,0.0,1.0,0.0,0.0,False,Qwen/Qwen2.5-Coder-14B-Instruct-AWQ,None
3005@x_name@ASC,Bar,Medium,0.5621,1.1242,2,0.0,0.0,0.0,0.0,0.0,0.0,0.0,0.0,0.0,0.0,1.0,0.0,0.0,False,Qwen/Qwen2.5-Coder-14B-Instruct-AWQ,None
3007@y_name@ASC,Bar,Medium,0.5964,0.5964,1,0.0,0.0,0.0,0.0,0.0,0.0,0.0,0.0,0.0,0.0,1.0,0.0,0.0,False,Qwen/Qwen2.5-Coder-14B-Instruct-AWQ,None
3007@y_name@ASC,Bar,Medium,0.5964,0.5964,1,0.0,0.0,0.0,0.0,0.0,0.0,0.0,0.0,0.0,0.0,1.0,0.0,0.0,False,Qwen/Qwen2.5-Coder-14B-Instruct-AWQ,None
3007@y_name@ASC,Bar,Medium,0.5964,0.5964,1,0.0,0.0,0.0,0.0,0.0,0.0,0.0,0.0,0.0,0.0,1.0,0.0,0.0,False,Qwen/Qwen2.5-Coder-14B-Instruct-AWQ,None
3014@y_name@ASC,Bar,Extra Hard,1.1472,1.1472,1,0.0,0.0,0.0,0.0,0.0,0.0,0.0,0.0,0.0,0.0,1.0,0.0,0.0,True,Qwen/Qwen2.5-Coder-14B-Instruct-AWQ,None
3014@y_name@ASC,Bar,Extra Hard,1.1472,1.1472,1,0.0,0.0,0.0,0.0,0.0,0.0,0.0,0.0,0.0,0.0,1.0,0.0,0.0,True,Qwen/Qwen2.5-Coder-14B-Instruct-AWQ,None
3014@y_name@ASC,Bar,Extra Hard,1.1472,1.1472,1,0.0,0.0,0.0,0.0,0.0,0.0,0.0,0.0,0.0,0.0,1.0,0.0,0.0,True,Qwen/Qwen2.5-Coder-14B-Instruct-AWQ,None
3015@x_name@DESC,Bar,Extra Hard,0.8848,0.8848,1,0.0,0.0,0.0,0.0,0.0,1.0,0.0,0.0,0.0,1.0,0.0,,0.0,True,Qwen/Qwen2.5-Coder-14B-Instruct-AWQ,None
3015@x_name@DESC,Bar,Extra Hard,0.8848,0.8848,1,0.0,0.0,0.0,0.0,0.0,1.0,0.0,0.0,0.0,1.0,0.0,,0.0,True,Qwen/Qwen2.5-Coder-14B-Instruct-AWQ,None
3015@x_name@DESC,Bar,Extra Hard,0.8848,0.8848,1,0.0,0.0,0.0,0.0,0.0,1.0,0.0,0.0,0.0,1.0,0.0,,0.0,True,Qwen/Qwen2.5-Coder-14B-Instruct-AWQ,None
3022@x_name@DESC,Bar,Extra Hard,0.9276,0.9276,1,0.0,0.0,0.0,0.0,0.0,1.0,0.0,0.0,0.0,1.0,0.0,,0.0,True,Qwen/Qwen2.5-Coder-14B-Instruct-AWQ,None
3022@x_name@DESC,Bar,Extra Hard,0.9276,0.9276,1,0.0,0.0,0.0,0.0,0.0,1.0,0.0,0.0,0.0,1.0,0.0,,0.0,True,Qwen/Qwen2.5-Coder-14B-Instruct-AWQ,None
3022@x_name@DESC,Bar,Extra Hard,0.9276,0.9276,1,0.0,0.0,0.0,0.0,0.0,1.0,0.0,0.0,0.0,1.0,0.0,,0.0,True,Qwen/Qwen2.5-Coder-14B-Instruct-AWQ,None
1462@x_name@ASC,Bar,Medium,0.6244,0.6244,1,0.0,0.0,0.0,0.0,0.0,1.0,0.0,0.0,0.0,1.0,0.0,,0.0,False,Qwen/Qwen2.5-Coder-14B-Instruct-AWQ,None
1462@x_name@ASC,Bar,Medium,0.6244,0.6244,1,0.0,0.0,0.0,0.0,0.0,1.0,0.0,0.0,0.0,1.0,0.0,,0.0,False,Qwen/Qwen2.5-Coder-14B-Instruct-AWQ,None
1462@x_name@ASC,Bar,Medium,0.6244,0.6244,1,0.0,0.0,0.0,0.0,0.0,1.0,0.0,0.0,0.0,1.0,0.0,,0.0,False,Qwen/Qwen2.5-Coder-14B-Instruct-AWQ,None
1470@y_name@ASC,Bar,Extra Hard,0.858,2.5739,3,0.0,0.0,0.0,0.0,0.0,0.0,0.0,0.0,0.0,0.0,1.0,0.0,0.0,True,Qwen/Qwen2.5-Coder-14B-Instruct-AWQ,None
1470@y_name@ASC,Bar,Extra Hard,0.858,2.5739,3,0.0,0.0,0.0,0.0,0.0,0.0,0.0,0.0,0.0,0.0,1.0,0.0,0.0,True,Qwen/Qwen2.5-Coder-14B-Instruct-AWQ,None
1470@y_name@ASC,Bar,Extra Hard,0.858,2.5739,3,0.0,0.0,0.0,0.0,0.0,0.0,0.0,0.0,0.0,0.0,1.0,0.0,0.0,True,Qwen/Qwen2.5-Coder-14B-Instruct-AWQ,None
857@x_name@DESC,Bar,Extra Hard,1.141,3.423,3,0.0,0.0,0.0,0.0,0.0,0.6666666666666666,0.0,0.0,0.0,0.6666666666666666,0.3333333333333333,0.0,0.0,True,Qwen/Qwen2.5-Coder-14B-Instruct-AWQ,None
857@x_name@DESC,Bar,Extra Hard,1.141,3.423,3,0.0,0.0,0.0,0.0,0.0,0.6666666666666666,0.0,0.0,0.0,0.6666666666666666,0.3333333333333333,0.0,0.0,True,Qwen/Qwen2.5-Coder-14B-Instruct-AWQ,None
857@x_name@DESC,Bar,Extra Hard,1.141,3.423,3,0.0,0.0,0.0,0.0,0.0,0.6666666666666666,0.0,0.0,0.0,0.6666666666666666,0.3333333333333333,0.0,0.0,True,Qwen/Qwen2.5-Coder-14B-Instruct-AWQ,None
859@x_name@ASC,Bar,Medium,0.5157,0.5157,1,0.0,0.0,0.0,0.0,0.0,0.0,0.0,0.0,0.0,0.0,1.0,0.0,0.0,False,Qwen/Qwen2.5-Coder-14B-Instruct-AWQ,None
859@x_name@ASC,Bar,Medium,0.5157,0.5157,1,0.0,0.0,0.0,0.0,0.0,0.0,0.0,0.0,0.0,0.0,1.0,0.0,0.0,False,Qwen/Qwen2.5-Coder-14B-Instruct-AWQ,None
859@x_name@ASC,Bar,Medium,0.5157,0.5157,1,0.0,0.0,0.0,0.0,0.0,0.0,0.0,0.0,0.0,0.0,1.0,0.0,0.0,False,Qwen/Qwen2.5-Coder-14B-Instruct-AWQ,None
862@y_name@DESC,Bar,Medium,0.7219,0.7219,1,0.0,0.0,0.0,0.0,0.0,0.0,0.0,0.0,0.0,0.0,1.0,0.0,0.0,False,Qwen/Qwen2.5-Coder-14B-Instruct-AWQ,None
862@y_name@DESC,Bar,Medium,0.7219,0.7219,1,0.0,0.0,0.0,0.0,0.0,0.0,0.0,0.0,0.0,0.0,1.0,0.0,0.0,False,Qwen/Qwen2.5-Coder-14B-Instruct-AWQ,None
862@y_name@DESC,Bar,Medium,0.7219,0.7219,1,0.0,0.0,0.0,0.0,0.0,0.0,0.0,0.0,0.0,0.0,1.0,0.0,0.0,False,Qwen/Qwen2.5-Coder-14B-Instruct-AWQ,None
863@y_name@ASC,Bar,Medium,0.8297,0.8297,1,0.0,0.0,0.0,0.0,0.0,0.0,0.0,0.0,0.0,0.0,1.0,0.0,0.0,False,Qwen/Qwen2.5-Coder-14B-Instruct-AWQ,None
863@y_name@ASC,Bar,Medium,0.8297,0.8297,1,0.0,0.0,0.0,0.0,0.0,0.0,0.0,0.0,0.0,0.0,1.0,0.0,0.0,False,Qwen/Qwen2.5-Coder-14B-Instruct-AWQ,None
863@y_name@ASC,Bar,Medium,0.8297,0.8297,1,0.0,0.0,0.0,0.0,0.0,0.0,0.0,0.0,0.0,0.0,1.0,0.0,0.0,False,Qwen/Qwen2.5-Coder-14B-Instruct-AWQ,None
872@x_name@DESC,Bar,Medium,0.5755,2.3019,4,0.0,0.0,0.0,0.0,0.0,1.0,0.0,0.0,0.0,1.0,0.0,,0.0,False,Qwen/Qwen2.5-Coder-14B-Instruct-AWQ,None
872@x_name@DESC,Bar,Medium,0.5755,2.3019,4,0.0,0.0,0.0,0.0,0.0,1.0,0.0,0.0,0.0,1.0,0.0,,0.0,False,Qwen/Qwen2.5-Coder-14B-Instruct-AWQ,None
872@x_name@DESC,Bar,Medium,0.5755,2.3019,4,0.0,0.0,0.0,0.0,0.0,1.0,0.0,0.0,0.0,1.0,0.0,,0.0,False,Qwen/Qwen2.5-Coder-14B-Instruct-AWQ,None
882@x_name@DESC,Bar,Hard,2.0611,6.1832,3,0.0,0.0,0.0,0.0,0.0,0.0,0.0,0.0,0.0,0.0,1.0,0.0,0.0,True,Qwen/Qwen2.5-Coder-14B-Instruct-AWQ,None
882@x_name@DESC,Bar,Hard,2.0611,6.1832,3,0.0,0.0,0.0,0.0,0.0,0.0,0.0,0.0,0.0,0.0,1.0,0.0,0.0,True,Qwen/Qwen2.5-Coder-14B-Instruct-AWQ,None
882@x_name@DESC,Bar,Hard,2.0611,6.1832,3,0.0,0.0,0.0,0.0,0.0,0.0,0.0,0.0,0.0,0.0,1.0,0.0,0.0,True,Qwen/Qwen2.5-Coder-14B-Instruct-AWQ,None
884@x_name@DESC,Bar,Extra Hard,1.0684,2.1369,2,0.0,0.0,0.0,0.0,0.5,0.0,0.0,0.0,0.0,0.5,0.5,0.0,0.0,True,Qwen/Qwen2.5-Coder-14B-Instruct-AWQ,None
884@x_name@DESC,Bar,Extra Hard,1.0684,2.1369,2,0.0,0.0,0.0,0.0,0.5,0.0,0.0,0.0,0.0,0.5,0.5,0.0,0.0,True,Qwen/Qwen2.5-Coder-14B-Instruct-AWQ,None
884@x_name@DESC,Bar,Extra Hard,1.0684,2.1369,2,0.0,0.0,0.0,0.0,0.5,0.0,0.0,0.0,0.0,0.5,0.5,0.0,0.0,True,Qwen/Qwen2.5-Coder-14B-Instruct-AWQ,None
1302@x_name@ASC,Bar,Hard,12.3061,12.3061,1,1.0,0.0,0.0,0.0,0.0,0.0,0.0,0.0,1.0,0.0,0.0,,0.0,True,Qwen/Qwen2.5-Coder-14B-Instruct-AWQ,None
1302@x_name@ASC,Bar,Hard,12.3061,12.3061,1,1.0,0.0,0.0,0.0,0.0,0.0,0.0,0.0,1.0,0.0,0.0,,0.0,True,Qwen/Qwen2.5-Coder-14B-Instruct-AWQ,None
1302@x_name@ASC,Bar,Hard,12.3061,12.3061,1,1.0,0.0,0.0,0.0,0.0,0.0,0.0,0.0,1.0,0.0,0.0,,0.0,True,Qwen/Qwen2.5-Coder-14B-Instruct-AWQ,None
1304@y_name@ASC,Bar,Easy,0.3585,1.4338,4,0.0,0.0,0.0,0.0,0.0,0.0,0.0,0.0,0.0,0.0,1.0,0.0,0.0,False,Qwen/Qwen2.5-Coder-14B-Instruct-AWQ,None
1304@y_name@ASC,Bar,Easy,0.3585,1.4338,4,0.0,0.0,0.0,0.0,0.0,0.0,0.0,0.0,0.0,0.0,1.0,0.0,0.0,False,Qwen/Qwen2.5-Coder-14B-Instruct-AWQ,None
1304@y_name@ASC,Bar,Easy,0.3585,1.4338,4,0.0,0.0,0.0,0.0,0.0,0.0,0.0,0.0,0.0,0.0,1.0,0.0,0.0,False,Qwen/Qwen2.5-Coder-14B-Instruct-AWQ,None
1307@y_name@DESC,Bar,Hard,0.8482,2.5445,3,0.0,0.0,0.0,0.0,0.0,0.0,0.0,0.0,0.0,0.0,1.0,0.0,0.0,True,Qwen/Qwen2.5-Coder-14B-Instruct-AWQ,None
1307@y_name@DESC,Bar,Hard,0.8482,2.5445,3,0.0,0.0,0.0,0.0,0.0,0.0,0.0,0.0,0.0,0.0,1.0,0.0,0.0,True,Qwen/Qwen2.5-Coder-14B-Instruct-AWQ,None
1307@y_name@DESC,Bar,Hard,0.8482,2.5445,3,0.0,0.0,0.0,0.0,0.0,0.0,0.0,0.0,0.0,0.0,1.0,0.0,0.0,True,Qwen/Qwen2.5-Coder-14B-Instruct-AWQ,None
1311@y_name@ASC,Bar,Hard,0.4677,0.4677,1,0.0,0.0,0.0,0.0,1.0,0.0,0.0,0.0,0.0,1.0,0.0,,0.0,True,Qwen/Qwen2.5-Coder-14B-Instruct-AWQ,None
1311@y_name@ASC,Bar,Hard,0.4677,0.4677,1,0.0,0.0,0.0,0.0,1.0,0.0,0.0,0.0,0.0,1.0,0.0,,0.0,True,Qwen/Qwen2.5-Coder-14B-Instruct-AWQ,None
1311@y_name@ASC,Bar,Hard,0.4677,0.4677,1,0.0,0.0,0.0,0.0,1.0,0.0,0.0,0.0,0.0,1.0,0.0,,0.0,True,Qwen/Qwen2.5-Coder-14B-Instruct-AWQ,None
1315@y_name@ASC,Bar,Hard,11.5941,11.5941,1,1.0,0.0,0.0,0.0,0.0,0.0,0.0,0.0,1.0,0.0,0.0,,0.0,True,Qwen/Qwen2.5-Coder-14B-Instruct-AWQ,None
1315@y_name@ASC,Bar,Hard,11.5941,11.5941,1,1.0,0.0,0.0,0.0,0.0,0.0,0.0,0.0,1.0,0.0,0.0,,0.0,True,Qwen/Qwen2.5-Coder-14B-Instruct-AWQ,None
1315@y_name@ASC,Bar,Hard,11.5941,11.5941,1,1.0,0.0,0.0,0.0,0.0,0.0,0.0,0.0,1.0,0.0,0.0,,0.0,True,Qwen/Qwen2.5-Coder-14B-Instruct-AWQ,None
1320@y_name@ASC,Bar,Medium,0.5188,1.0375,2,0.0,0.0,0.0,0.0,1.0,0.0,0.0,0.0,0.0,1.0,0.0,,0.0,False,Qwen/Qwen2.5-Coder-14B-Instruct-AWQ,None
1320@y_name@ASC,Bar,Medium,0.5188,1.0375,2,0.0,0.0,0.0,0.0,1.0,0.0,0.0,0.0,0.0,1.0,0.0,,0.0,False,Qwen/Qwen2.5-Coder-14B-Instruct-AWQ,None
1320@y_name@ASC,Bar,Medium,0.5188,1.0375,2,0.0,0.0,0.0,0.0,1.0,0.0,0.0,0.0,0.0,1.0,0.0,,0.0,False,Qwen/Qwen2.5-Coder-14B-Instruct-AWQ,None
1322@x_name@ASC,Bar,Extra Hard,1.0197,2.0394,2,0.0,0.0,0.0,0.0,0.5,0.0,0.0,0.0,0.0,0.5,0.5,0.0,0.0,True,Qwen/Qwen2.5-Coder-14B-Instruct-AWQ,None
1322@x_name@ASC,Bar,Extra Hard,1.0197,2.0394,2,0.0,0.0,0.0,0.0,0.5,0.0,0.0,0.0,0.0,0.5,0.5,0.0,0.0,True,Qwen/Qwen2.5-Coder-14B-Instruct-AWQ,None
1322@x_name@ASC,Bar,Extra Hard,1.0197,2.0394,2,0.0,0.0,0.0,0.0,0.5,0.0,0.0,0.0,0.0,0.5,0.5,0.0,0.0,True,Qwen/Qwen2.5-Coder-14B-Instruct-AWQ,None
364@y_name@ASC,Bar,Medium,0.4663,1.3988,3,0.0,0.0,0.0,0.0,0.0,0.0,0.0,0.0,0.0,0.0,1.0,0.0,0.0,False,Qwen/Qwen2.5-Coder-14B-Instruct-AWQ,None
364@y_name@ASC,Bar,Medium,0.4663,1.3988,3,0.0,0.0,0.0,0.0,0.0,0.0,0.0,0.0,0.0,0.0,1.0,0.0,0.0,False,Qwen/Qwen2.5-Coder-14B-Instruct-AWQ,None
364@y_name@ASC,Bar,Medium,0.4663,1.3988,3,0.0,0.0,0.0,0.0,0.0,0.0,0.0,0.0,0.0,0.0,1.0,0.0,0.0,False,Qwen/Qwen2.5-Coder-14B-Instruct-AWQ,None
365@x_name@ASC,Bar,Medium,0.471,0.9421,2,0.0,0.0,0.0,0.0,0.0,0.0,0.0,0.0,0.0,0.0,1.0,0.0,0.0,False,Qwen/Qwen2.5-Coder-14B-Instruct-AWQ,None
365@x_name@ASC,Bar,Medium,0.471,0.9421,2,0.0,0.0,0.0,0.0,0.0,0.0,0.0,0.0,0.0,0.0,1.0,0.0,0.0,False,Qwen/Qwen2.5-Coder-14B-Instruct-AWQ,None
365@x_name@ASC,Bar,Medium,0.471,0.9421,2,0.0,0.0,0.0,0.0,0.0,0.0,0.0,0.0,0.0,0.0,1.0,0.0,0.0,False,Qwen/Qwen2.5-Coder-14B-Instruct-AWQ,None
2436@y_name@DESC,Bar,Medium,0.4774,0.9547,2,0.0,0.0,0.0,0.0,0.0,0.0,0.0,0.0,0.0,0.0,1.0,0.0,0.0,False,Qwen/Qwen2.5-Coder-14B-Instruct-AWQ,None
2436@y_name@DESC,Bar,Medium,0.4774,0.9547,2,0.0,0.0,0.0,0.0,0.0,0.0,0.0,0.0,0.0,0.0,1.0,0.0,0.0,False,Qwen/Qwen2.5-Coder-14B-Instruct-AWQ,None
2436@y_name@DESC,Bar,Medium,0.4774,0.9547,2,0.0,0.0,0.0,0.0,0.0,0.0,0.0,0.0,0.0,0.0,1.0,0.0,0.0,False,Qwen/Qwen2.5-Coder-14B-Instruct-AWQ,None
2439@x_name@ASC,Bar,Hard,0.5538,1.1075,2,0.0,0.0,0.0,0.0,0.0,0.0,0.0,0.0,0.0,0.0,1.0,0.0,0.0,False,Qwen/Qwen2.5-Coder-14B-Instruct-AWQ,None
2439@x_name@ASC,Bar,Hard,0.5538,1.1075,2,0.0,0.0,0.0,0.0,0.0,0.0,0.0,0.0,0.0,0.0,1.0,0.0,0.0,False,Qwen/Qwen2.5-Coder-14B-Instruct-AWQ,None
2439@x_name@ASC,Bar,Hard,0.5538,1.1075,2,0.0,0.0,0.0,0.0,0.0,0.0,0.0,0.0,0.0,0.0,1.0,0.0,0.0,False,Qwen/Qwen2.5-Coder-14B-Instruct-AWQ,None
2441@x_name@DESC,Bar,Medium,0.4404,0.4404,1,0.0,0.0,0.0,0.0,0.0,0.0,0.0,0.0,0.0,0.0,1.0,0.0,0.0,False,Qwen/Qwen2.5-Coder-14B-Instruct-AWQ,None
2441@x_name@DESC,Bar,Medium,0.4404,0.4404,1,0.0,0.0,0.0,0.0,0.0,0.0,0.0,0.0,0.0,0.0,1.0,0.0,0.0,False,Qwen/Qwen2.5-Coder-14B-Instruct-AWQ,None
2441@x_name@DESC,Bar,Medium,0.4404,0.4404,1,0.0,0.0,0.0,0.0,0.0,0.0,0.0,0.0,0.0,0.0,1.0,0.0,0.0,False,Qwen/Qwen2.5-Coder-14B-Instruct-AWQ,None
2127@x_name@ASC,Bar,Medium,0.5894,0.5894,1,0.0,0.0,0.0,0.0,0.0,0.0,0.0,0.0,0.0,0.0,1.0,0.0,0.0,False,Qwen/Qwen2.5-Coder-14B-Instruct-AWQ,None
2127@x_name@ASC,Bar,Medium,0.5894,0.5894,1,0.0,0.0,0.0,0.0,0.0,0.0,0.0,0.0,0.0,0.0,1.0,0.0,0.0,False,Qwen/Qwen2.5-Coder-14B-Instruct-AWQ,None
2127@x_name@ASC,Bar,Medium,0.5894,0.5894,1,0.0,0.0,0.0,0.0,0.0,0.0,0.0,0.0,0.0,0.0,1.0,0.0,0.0,False,Qwen/Qwen2.5-Coder-14B-Instruct-AWQ,None
2135@x_name@DESC,Bar,Medium,0.4805,0.9611,2,0.0,0.0,0.0,0.0,0.0,0.0,0.0,0.0,0.0,0.0,1.0,0.0,0.0,False,Qwen/Qwen2.5-Coder-14B-Instruct-AWQ,None
2135@x_name@DESC,Bar,Medium,0.4805,0.9611,2,0.0,0.0,0.0,0.0,0.0,0.0,0.0,0.0,0.0,0.0,1.0,0.0,0.0,False,Qwen/Qwen2.5-Coder-14B-Instruct-AWQ,None
2135@x_name@DESC,Bar,Medium,0.4805,0.9611,2,0.0,0.0,0.0,0.0,0.0,0.0,0.0,0.0,0.0,0.0,1.0,0.0,0.0,False,Qwen/Qwen2.5-Coder-14B-Instruct-AWQ,None
2143@y_name@DESC,Bar,Hard,0.8224,0.8224,1,0.0,0.0,0.0,0.0,0.0,0.0,0.0,0.0,0.0,0.0,1.0,0.0,0.0,True,Qwen/Qwen2.5-Coder-14B-Instruct-AWQ,None
2143@y_name@DESC,Bar,Hard,0.8224,0.8224,1,0.0,0.0,0.0,0.0,0.0,0.0,0.0,0.0,0.0,0.0,1.0,0.0,0.0,True,Qwen/Qwen2.5-Coder-14B-Instruct-AWQ,None
2143@y_name@DESC,Bar,Hard,0.8224,0.8224,1,0.0,0.0,0.0,0.0,0.0,0.0,0.0,0.0,0.0,0.0,1.0,0.0,0.0,True,Qwen/Qwen2.5-Coder-14B-Instruct-AWQ,None
1149@x_name@DESC,Bar,Medium,0.4894,0.9787,2,0.0,0.0,0.0,0.0,0.0,1.0,0.0,0.0,0.0,1.0,0.0,,0.0,False,Qwen/Qwen2.5-Coder-14B-Instruct-AWQ,None
1149@x_name@DESC,Bar,Medium,0.4894,0.9787,2,0.0,0.0,0.0,0.0,0.0,1.0,0.0,0.0,0.0,1.0,0.0,,0.0,False,Qwen/Qwen2.5-Coder-14B-Instruct-AWQ,None
1149@x_name@DESC,Bar,Medium,0.4894,0.9787,2,0.0,0.0,0.0,0.0,0.0,1.0,0.0,0.0,0.0,1.0,0.0,,0.0,False,Qwen/Qwen2.5-Coder-14B-Instruct-AWQ,None
1150@y_name@ASC,Bar,Medium,0.477,0.9541,2,0.0,0.0,0.0,0.0,0.0,0.0,0.0,0.0,0.0,0.0,1.0,0.0,0.0,False,Qwen/Qwen2.5-Coder-14B-Instruct-AWQ,None
1150@y_name@ASC,Bar,Medium,0.477,0.9541,2,0.0,0.0,0.0,0.0,0.0,0.0,0.0,0.0,0.0,0.0,1.0,0.0,0.0,False,Qwen/Qwen2.5-Coder-14B-Instruct-AWQ,None
1150@y_name@ASC,Bar,Medium,0.477,0.9541,2,0.0,0.0,0.0,0.0,0.0,0.0,0.0,0.0,0.0,0.0,1.0,0.0,0.0,False,Qwen/Qwen2.5-Coder-14B-Instruct-AWQ,None
2814@y_name@ASC,Bar,Medium,0.4589,1.3768,3,0.0,0.0,0.0,0.0,0.0,0.0,0.0,0.0,0.0,0.0,1.0,0.0,0.0,False,Qwen/Qwen2.5-Coder-14B-Instruct-AWQ,None
2814@y_name@ASC,Bar,Medium,0.4589,1.3768,3,0.0,0.0,0.0,0.0,0.0,0.0,0.0,0.0,0.0,0.0,1.0,0.0,0.0,False,Qwen/Qwen2.5-Coder-14B-Instruct-AWQ,None
2814@y_name@ASC,Bar,Medium,0.4589,1.3768,3,0.0,0.0,0.0,0.0,0.0,0.0,0.0,0.0,0.0,0.0,1.0,0.0,0.0,False,Qwen/Qwen2.5-Coder-14B-Instruct-AWQ,None
2815@x_name@DESC,Stacked Bar,Hard,0.4844,0.4844,1,0.0,0.0,0.0,1.0,1.0,0.0,0.0,0.0,0.0,1.0,0.0,,0.0,False,Qwen/Qwen2.5-Coder-14B-Instruct-AWQ,None
2815@x_name@DESC,Stacked Bar,Hard,0.4844,0.4844,1,0.0,0.0,0.0,1.0,1.0,0.0,0.0,0.0,0.0,1.0,0.0,,0.0,False,Qwen/Qwen2.5-Coder-14B-Instruct-AWQ,None
2815@x_name@DESC,Stacked Bar,Hard,0.4844,0.4844,1,0.0,0.0,0.0,1.0,1.0,0.0,0.0,0.0,0.0,1.0,0.0,,0.0,False,Qwen/Qwen2.5-Coder-14B-Instruct-AWQ,None
2816@y_name@ASC,Bar,Medium,0.4595,0.919,2,0.0,0.0,0.0,0.0,0.0,0.0,0.0,0.0,0.0,0.0,1.0,0.0,0.0,False,Qwen/Qwen2.5-Coder-14B-Instruct-AWQ,None
2816@y_name@ASC,Bar,Medium,0.4595,0.919,2,0.0,0.0,0.0,0.0,0.0,0.0,0.0,0.0,0.0,0.0,1.0,0.0,0.0,False,Qwen/Qwen2.5-Coder-14B-Instruct-AWQ,None
2816@y_name@ASC,Bar,Medium,0.4595,0.919,2,0.0,0.0,0.0,0.0,0.0,0.0,0.0,0.0,0.0,0.0,1.0,0.0,0.0,False,Qwen/Qwen2.5-Coder-14B-Instruct-AWQ,None
2823@x_name@ASC,Bar,Hard,1.3807,1.3807,1,0.0,0.0,0.0,0.0,1.0,0.0,0.0,0.0,0.0,1.0,0.0,,0.0,True,Qwen/Qwen2.5-Coder-14B-Instruct-AWQ,None
2823@x_name@ASC,Bar,Hard,1.3807,1.3807,1,0.0,0.0,0.0,0.0,1.0,0.0,0.0,0.0,0.0,1.0,0.0,,0.0,True,Qwen/Qwen2.5-Coder-14B-Instruct-AWQ,None
2823@x_name@ASC,Bar,Hard,1.3807,1.3807,1,0.0,0.0,0.0,0.0,1.0,0.0,0.0,0.0,0.0,1.0,0.0,,0.0,True,Qwen/Qwen2.5-Coder-14B-Instruct-AWQ,None
2827@y_name@ASC,Bar,Medium,0.5138,2.0552,4,0.0,0.0,0.0,0.0,0.0,0.0,0.0,0.0,0.0,0.0,1.0,0.0,0.0,False,Qwen/Qwen2.5-Coder-14B-Instruct-AWQ,None
2827@y_name@ASC,Bar,Medium,0.5138,2.0552,4,0.0,0.0,0.0,0.0,0.0,0.0,0.0,0.0,0.0,0.0,1.0,0.0,0.0,False,Qwen/Qwen2.5-Coder-14B-Instruct-AWQ,None
2827@y_name@ASC,Bar,Medium,0.5138,2.0552,4,0.0,0.0,0.0,0.0,0.0,0.0,0.0,0.0,0.0,0.0,1.0,0.0,0.0,False,Qwen/Qwen2.5-Coder-14B-Instruct-AWQ,None
3261@y_name@ASC,Bar,Medium,1.2537,3.7611,3,0.0,0.0,0.0,0.0,0.0,0.0,0.0,0.0,0.0,0.0,1.0,0.0,0.0,False,Qwen/Qwen2.5-Coder-14B-Instruct-AWQ,None
3261@y_name@ASC,Bar,Medium,1.2537,3.7611,3,0.0,0.0,0.0,0.0,0.0,0.0,0.0,0.0,0.0,0.0,1.0,0.0,0.0,False,Qwen/Qwen2.5-Coder-14B-Instruct-AWQ,None
3261@y_name@ASC,Bar,Medium,1.2537,3.7611,3,0.0,0.0,0.0,0.0,0.0,0.0,0.0,0.0,0.0,0.0,1.0,0.0,0.0,False,Qwen/Qwen2.5-Coder-14B-Instruct-AWQ,None
3266@x_name@DESC,Bar,Medium,1.2179,6.0894,5,0.0,0.0,0.0,0.0,0.0,0.6,0.0,0.0,0.0,0.6,0.4,0.0,0.0,True,Qwen/Qwen2.5-Coder-14B-Instruct-AWQ,None
3266@x_name@DESC,Bar,Medium,1.2179,6.0894,5,0.0,0.0,0.0,0.0,0.0,0.6,0.0,0.0,0.0,0.6,0.4,0.0,0.0,True,Qwen/Qwen2.5-Coder-14B-Instruct-AWQ,None
3266@x_name@DESC,Bar,Medium,1.2179,6.0894,5,0.0,0.0,0.0,0.0,0.0,0.6,0.0,0.0,0.0,0.6,0.4,0.0,0.0,True,Qwen/Qwen2.5-Coder-14B-Instruct-AWQ,None
2698@y_name@DESC,Bar,Medium,0.4895,0.979,2,0.0,0.0,0.0,0.0,0.5,0.0,0.0,0.0,0.0,0.5,0.5,0.0,0.0,False,Qwen/Qwen2.5-Coder-14B-Instruct-AWQ,None
2698@y_name@DESC,Bar,Medium,0.4895,0.979,2,0.0,0.0,0.0,0.0,0.5,0.0,0.0,0.0,0.0,0.5,0.5,0.0,0.0,False,Qwen/Qwen2.5-Coder-14B-Instruct-AWQ,None
2698@y_name@DESC,Bar,Medium,0.4895,0.979,2,0.0,0.0,0.0,0.0,0.5,0.0,0.0,0.0,0.0,0.5,0.5,0.0,0.0,False,Qwen/Qwen2.5-Coder-14B-Instruct-AWQ,None
2702@y_name@DESC,Bar,Medium,0.4668,1.4004,3,0.0,0.0,0.0,0.0,0.0,0.0,0.0,0.0,0.0,0.0,1.0,0.0,0.0,False,Qwen/Qwen2.5-Coder-14B-Instruct-AWQ,None
2702@y_name@DESC,Bar,Medium,0.4668,1.4004,3,0.0,0.0,0.0,0.0,0.0,0.0,0.0,0.0,0.0,0.0,1.0,0.0,0.0,False,Qwen/Qwen2.5-Coder-14B-Instruct-AWQ,None
2702@y_name@DESC,Bar,Medium,0.4668,1.4004,3,0.0,0.0,0.0,0.0,0.0,0.0,0.0,0.0,0.0,0.0,1.0,0.0,0.0,False,Qwen/Qwen2.5-Coder-14B-Instruct-AWQ,None
2626@y_name@ASC,Bar,Hard,0.8259,0.8259,1,0.0,0.0,0.0,0.0,0.0,0.0,0.0,0.0,0.0,0.0,1.0,0.0,0.0,True,Qwen/Qwen2.5-Coder-14B-Instruct-AWQ,None
2626@y_name@ASC,Bar,Hard,0.8259,0.8259,1,0.0,0.0,0.0,0.0,0.0,0.0,0.0,0.0,0.0,0.0,1.0,0.0,0.0,True,Qwen/Qwen2.5-Coder-14B-Instruct-AWQ,None
2626@y_name@ASC,Bar,Hard,0.8259,0.8259,1,0.0,0.0,0.0,0.0,0.0,0.0,0.0,0.0,0.0,0.0,1.0,0.0,0.0,True,Qwen/Qwen2.5-Coder-14B-Instruct-AWQ,None
2629@x_name@ASC,Bar,Medium,0.4358,0.8717,2,0.0,0.0,0.0,0.0,0.0,0.0,0.0,0.0,0.0,0.0,1.0,0.0,0.0,False,Qwen/Qwen2.5-Coder-14B-Instruct-AWQ,None
2629@x_name@ASC,Bar,Medium,0.4358,0.8717,2,0.0,0.0,0.0,0.0,0.0,0.0,0.0,0.0,0.0,0.0,1.0,0.0,0.0,False,Qwen/Qwen2.5-Coder-14B-Instruct-AWQ,None
2629@x_name@ASC,Bar,Medium,0.4358,0.8717,2,0.0,0.0,0.0,0.0,0.0,0.0,0.0,0.0,0.0,0.0,1.0,0.0,0.0,False,Qwen/Qwen2.5-Coder-14B-Instruct-AWQ,None
7@y_name@ASC,Bar,Medium,0.4863,3.4043,7,0.0,0.0,0.0,0.0,0.0,0.0,0.0,0.0,0.0,0.0,1.0,0.0,0.0,False,Qwen/Qwen2.5-Coder-14B-Instruct-AWQ,None
7@y_name@ASC,Bar,Medium,0.4863,3.4043,7,0.0,0.0,0.0,0.0,0.0,0.0,0.0,0.0,0.0,0.0,1.0,0.0,0.0,False,Qwen/Qwen2.5-Coder-14B-Instruct-AWQ,None
7@y_name@ASC,Bar,Medium,0.4863,3.4043,7,0.0,0.0,0.0,0.0,0.0,0.0,0.0,0.0,0.0,0.0,1.0,0.0,0.0,False,Qwen/Qwen2.5-Coder-14B-Instruct-AWQ,None
11@y_name@ASC,Stacked Bar,Hard,1.9481,5.8442,3,0.0,0.0,0.0,0.3333333333333333,0.3333333333333333,0.6666666666666666,0.0,0.0,0.0,1.0,0.0,,0.0,False,Qwen/Qwen2.5-Coder-14B-Instruct-AWQ,None
11@y_name@ASC,Stacked Bar,Hard,1.9481,5.8442,3,0.0,0.0,0.0,0.3333333333333333,0.3333333333333333,0.6666666666666666,0.0,0.0,0.0,1.0,0.0,,0.0,False,Qwen/Qwen2.5-Coder-14B-Instruct-AWQ,None
11@y_name@ASC,Stacked Bar,Hard,1.9481,5.8442,3,0.0,0.0,0.0,0.3333333333333333,0.3333333333333333,0.6666666666666666,0.0,0.0,0.0,1.0,0.0,,0.0,False,Qwen/Qwen2.5-Coder-14B-Instruct-AWQ,None
12@x_name@ASC,Bar,Medium,0.4001,1.2002,3,0.0,0.0,0.0,0.0,0.0,0.0,0.0,0.0,0.0,0.0,1.0,0.0,0.0,False,Qwen/Qwen2.5-Coder-14B-Instruct-AWQ,None
12@x_name@ASC,Bar,Medium,0.4001,1.2002,3,0.0,0.0,0.0,0.0,0.0,0.0,0.0,0.0,0.0,0.0,1.0,0.0,0.0,False,Qwen/Qwen2.5-Coder-14B-Instruct-AWQ,None
12@x_name@ASC,Bar,Medium,0.4001,1.2002,3,0.0,0.0,0.0,0.0,0.0,0.0,0.0,0.0,0.0,0.0,1.0,0.0,0.0,False,Qwen/Qwen2.5-Coder-14B-Instruct-AWQ,None
17@y_name@DESC,Bar,Medium,0.4181,1.2543,3,0.0,0.0,0.0,0.0,0.0,0.0,0.0,0.0,0.0,0.0,1.0,0.0,0.0,False,Qwen/Qwen2.5-Coder-14B-Instruct-AWQ,None
17@y_name@DESC,Bar,Medium,0.4181,1.2543,3,0.0,0.0,0.0,0.0,0.0,0.0,0.0,0.0,0.0,0.0,1.0,0.0,0.0,False,Qwen/Qwen2.5-Coder-14B-Instruct-AWQ,None
17@y_name@DESC,Bar,Medium,0.4181,1.2543,3,0.0,0.0,0.0,0.0,0.0,0.0,0.0,0.0,0.0,0.0,1.0,0.0,0.0,False,Qwen/Qwen2.5-Coder-14B-Instruct-AWQ,None
22@y_name@ASC,Bar,Hard,0.5302,2.1207,4,0.0,0.0,0.0,0.0,0.0,0.0,0.0,0.0,0.0,0.0,1.0,0.0,0.0,False,Qwen/Qwen2.5-Coder-14B-Instruct-AWQ,None
22@y_name@ASC,Bar,Hard,0.5302,2.1207,4,0.0,0.0,0.0,0.0,0.0,0.0,0.0,0.0,0.0,0.0,1.0,0.0,0.0,False,Qwen/Qwen2.5-Coder-14B-Instruct-AWQ,None
22@y_name@ASC,Bar,Hard,0.5302,2.1207,4,0.0,0.0,0.0,0.0,0.0,0.0,0.0,0.0,0.0,0.0,1.0,0.0,0.0,False,Qwen/Qwen2.5-Coder-14B-Instruct-AWQ,None
24@x_name@ASC,Bar,Medium,0.3989,0.3989,1,0.0,0.0,0.0,0.0,0.0,0.0,0.0,0.0,0.0,0.0,1.0,0.0,0.0,False,Qwen/Qwen2.5-Coder-14B-Instruct-AWQ,None
24@x_name@ASC,Bar,Medium,0.3989,0.3989,1,0.0,0.0,0.0,0.0,0.0,0.0,0.0,0.0,0.0,0.0,1.0,0.0,0.0,False,Qwen/Qwen2.5-Coder-14B-Instruct-AWQ,None
24@x_name@ASC,Bar,Medium,0.3989,0.3989,1,0.0,0.0,0.0,0.0,0.0,0.0,0.0,0.0,0.0,0.0,1.0,0.0,0.0,False,Qwen/Qwen2.5-Coder-14B-Instruct-AWQ,None
26@y_name@ASC,Bar,Hard,0.8064,1.6128,2,0.0,0.0,0.0,0.0,0.0,0.0,0.0,0.0,0.0,0.0,1.0,0.0,0.0,True,Qwen/Qwen2.5-Coder-14B-Instruct-AWQ,None
26@y_name@ASC,Bar,Hard,0.8064,1.6128,2,0.0,0.0,0.0,0.0,0.0,0.0,0.0,0.0,0.0,0.0,1.0,0.0,0.0,True,Qwen/Qwen2.5-Coder-14B-Instruct-AWQ,None
26@y_name@ASC,Bar,Hard,0.8064,1.6128,2,0.0,0.0,0.0,0.0,0.0,0.0,0.0,0.0,0.0,0.0,1.0,0.0,0.0,True,Qwen/Qwen2.5-Coder-14B-Instruct-AWQ,None
30@y_name@ASC,Bar,Hard,0.909,4.5448,5,0.0,0.0,0.0,0.0,0.0,0.0,0.0,0.0,0.0,0.0,1.0,0.0,0.0,True,Qwen/Qwen2.5-Coder-14B-Instruct-AWQ,None
30@y_name@ASC,Bar,Hard,0.909,4.5448,5,0.0,0.0,0.0,0.0,0.0,0.0,0.0,0.0,0.0,0.0,1.0,0.0,0.0,True,Qwen/Qwen2.5-Coder-14B-Instruct-AWQ,None
30@y_name@ASC,Bar,Hard,0.909,4.5448,5,0.0,0.0,0.0,0.0,0.0,0.0,0.0,0.0,0.0,0.0,1.0,0.0,0.0,True,Qwen/Qwen2.5-Coder-14B-Instruct-AWQ,None
2575@y_name@ASC,Bar,Hard,0.8431,0.8431,1,0.0,0.0,0.0,0.0,0.0,0.0,0.0,0.0,0.0,0.0,1.0,0.0,0.0,True,Qwen/Qwen2.5-Coder-14B-Instruct-AWQ,None
2575@y_name@ASC,Bar,Hard,0.8431,0.8431,1,0.0,0.0,0.0,0.0,0.0,0.0,0.0,0.0,0.0,0.0,1.0,0.0,0.0,True,Qwen/Qwen2.5-Coder-14B-Instruct-AWQ,None
2575@y_name@ASC,Bar,Hard,0.8431,0.8431,1,0.0,0.0,0.0,0.0,0.0,0.0,0.0,0.0,0.0,0.0,1.0,0.0,0.0,True,Qwen/Qwen2.5-Coder-14B-Instruct-AWQ,None
2581@y_name@DESC,Bar,Hard,0.8109,1.6218,2,0.0,0.0,0.0,0.0,0.0,0.0,0.0,0.0,0.0,0.0,1.0,0.0,0.0,True,Qwen/Qwen2.5-Coder-14B-Instruct-AWQ,None
2581@y_name@DESC,Bar,Hard,0.8109,1.6218,2,0.0,0.0,0.0,0.0,0.0,0.0,0.0,0.0,0.0,0.0,1.0,0.0,0.0,True,Qwen/Qwen2.5-Coder-14B-Instruct-AWQ,None
2581@y_name@DESC,Bar,Hard,0.8109,1.6218,2,0.0,0.0,0.0,0.0,0.0,0.0,0.0,0.0,0.0,0.0,1.0,0.0,0.0,True,Qwen/Qwen2.5-Coder-14B-Instruct-AWQ,None
2582@y_name@DESC,Bar,Hard,0.4874,0.4874,1,0.0,0.0,0.0,0.0,1.0,0.0,0.0,0.0,0.0,1.0,0.0,,0.0,True,Qwen/Qwen2.5-Coder-14B-Instruct-AWQ,None
2582@y_name@DESC,Bar,Hard,0.4874,0.4874,1,0.0,0.0,0.0,0.0,1.0,0.0,0.0,0.0,0.0,1.0,0.0,,0.0,True,Qwen/Qwen2.5-Coder-14B-Instruct-AWQ,None
2582@y_name@DESC,Bar,Hard,0.4874,0.4874,1,0.0,0.0,0.0,0.0,1.0,0.0,0.0,0.0,0.0,1.0,0.0,,0.0,True,Qwen/Qwen2.5-Coder-14B-Instruct-AWQ,None
1371@y_name@ASC,Bar,Medium,1.3939,4.1818,3,0.0,0.0,0.0,0.0,0.0,0.0,0.0,0.0,0.0,0.0,1.0,0.0,0.0,False,Qwen/Qwen2.5-Coder-14B-Instruct-AWQ,None
1371@y_name@ASC,Bar,Medium,1.3939,4.1818,3,0.0,0.0,0.0,0.0,0.0,0.0,0.0,0.0,0.0,0.0,1.0,0.0,0.0,False,Qwen/Qwen2.5-Coder-14B-Instruct-AWQ,None
1371@y_name@ASC,Bar,Medium,1.3939,4.1818,3,0.0,0.0,0.0,0.0,0.0,0.0,0.0,0.0,0.0,0.0,1.0,0.0,0.0,False,Qwen/Qwen2.5-Coder-14B-Instruct-AWQ,None
1373@y_name@DESC,Bar,Medium,0.4961,1.4884,3,0.0,0.0,0.0,0.0,0.0,0.0,0.0,0.0,0.0,0.0,1.0,0.0,0.0,False,Qwen/Qwen2.5-Coder-14B-Instruct-AWQ,None
1373@y_name@DESC,Bar,Medium,0.4961,1.4884,3,0.0,0.0,0.0,0.0,0.0,0.0,0.0,0.0,0.0,0.0,1.0,0.0,0.0,False,Qwen/Qwen2.5-Coder-14B-Instruct-AWQ,None
1373@y_name@DESC,Bar,Medium,0.4961,1.4884,3,0.0,0.0,0.0,0.0,0.0,0.0,0.0,0.0,0.0,0.0,1.0,0.0,0.0,False,Qwen/Qwen2.5-Coder-14B-Instruct-AWQ,None
1375@x_name@ASC,Line,Extra Hard,0.9684,1.9368,2,0.0,0.0,0.0,0.0,0.5,0.0,0.0,0.0,0.0,0.5,0.5,0.0,0.0,True,Qwen/Qwen2.5-Coder-14B-Instruct-AWQ,None
1375@x_name@ASC,Line,Extra Hard,0.9684,1.9368,2,0.0,0.0,0.0,0.0,0.5,0.0,0.0,0.0,0.0,0.5,0.5,0.0,0.0,True,Qwen/Qwen2.5-Coder-14B-Instruct-AWQ,None
1375@x_name@ASC,Line,Extra Hard,0.9684,1.9368,2,0.0,0.0,0.0,0.0,0.5,0.0,0.0,0.0,0.0,0.5,0.5,0.0,0.0,True,Qwen/Qwen2.5-Coder-14B-Instruct-AWQ,None
66@y_name@ASC,Bar,Extra Hard,1.0252,2.0504,2,0.0,0.0,0.0,0.0,0.0,1.0,0.0,0.0,0.0,1.0,0.0,,0.0,True,Qwen/Qwen2.5-Coder-14B-Instruct-AWQ,None
66@y_name@ASC,Bar,Extra Hard,1.0252,2.0504,2,0.0,0.0,0.0,0.0,0.0,1.0,0.0,0.0,0.0,1.0,0.0,,0.0,True,Qwen/Qwen2.5-Coder-14B-Instruct-AWQ,None
66@y_name@ASC,Bar,Extra Hard,1.0252,2.0504,2,0.0,0.0,0.0,0.0,0.0,1.0,0.0,0.0,0.0,1.0,0.0,,0.0,True,Qwen/Qwen2.5-Coder-14B-Instruct-AWQ,None
67@y_name@ASC,Bar,Extra Hard,16.1892,32.3784,2,1.0,0.0,0.0,0.0,0.0,0.0,0.0,0.0,1.0,0.0,0.0,,0.0,True,Qwen/Qwen2.5-Coder-14B-Instruct-AWQ,None
67@y_name@ASC,Bar,Extra Hard,16.1892,32.3784,2,1.0,0.0,0.0,0.0,0.0,0.0,0.0,0.0,1.0,0.0,0.0,,0.0,True,Qwen/Qwen2.5-Coder-14B-Instruct-AWQ,None
67@y_name@ASC,Bar,Extra Hard,16.1892,32.3784,2,1.0,0.0,0.0,0.0,0.0,0.0,0.0,0.0,1.0,0.0,0.0,,0.0,True,Qwen/Qwen2.5-Coder-14B-Instruct-AWQ,None
70@y_name@ASC,Bar,Extra Hard,1.0398,2.0797,2,0.0,0.0,0.0,0.0,0.0,1.0,0.0,0.0,0.0,1.0,0.0,,0.0,True,Qwen/Qwen2.5-Coder-14B-Instruct-AWQ,None
70@y_name@ASC,Bar,Extra Hard,1.0398,2.0797,2,0.0,0.0,0.0,0.0,0.0,1.0,0.0,0.0,0.0,1.0,0.0,,0.0,True,Qwen/Qwen2.5-Coder-14B-Instruct-AWQ,None
70@y_name@ASC,Bar,Extra Hard,1.0398,2.0797,2,0.0,0.0,0.0,0.0,0.0,1.0,0.0,0.0,0.0,1.0,0.0,,0.0,True,Qwen/Qwen2.5-Coder-14B-Instruct-AWQ,None
71@y_name@ASC,Bar,Extra Hard,13.3037,26.6074,2,1.0,0.0,0.0,0.0,0.0,0.0,0.0,0.0,1.0,0.0,0.0,,0.0,True,Qwen/Qwen2.5-Coder-14B-Instruct-AWQ,None
71@y_name@ASC,Bar,Extra Hard,13.3037,26.6074,2,1.0,0.0,0.0,0.0,0.0,0.0,0.0,0.0,1.0,0.0,0.0,,0.0,True,Qwen/Qwen2.5-Coder-14B-Instruct-AWQ,None
71@y_name@ASC,Bar,Extra Hard,13.3037,26.6074,2,1.0,0.0,0.0,0.0,0.0,0.0,0.0,0.0,1.0,0.0,0.0,,0.0,True,Qwen/Qwen2.5-Coder-14B-Instruct-AWQ,None
75@y_name@ASC,Bar,Extra Hard,1.0969,2.1939,2,0.0,0.0,0.0,0.0,0.0,1.0,0.0,0.0,0.0,1.0,0.0,,0.0,True,Qwen/Qwen2.5-Coder-14B-Instruct-AWQ,None
75@y_name@ASC,Bar,Extra Hard,1.0969,2.1939,2,0.0,0.0,0.0,0.0,0.0,1.0,0.0,0.0,0.0,1.0,0.0,,0.0,True,Qwen/Qwen2.5-Coder-14B-Instruct-AWQ,None
75@y_name@ASC,Bar,Extra Hard,1.0969,2.1939,2,0.0,0.0,0.0,0.0,0.0,1.0,0.0,0.0,0.0,1.0,0.0,,0.0,True,Qwen/Qwen2.5-Coder-14B-Instruct-AWQ,None
76@y_name@DESC,Bar,Extra Hard,1.2341,1.2341,1,0.0,0.0,0.0,0.0,0.0,0.0,0.0,0.0,0.0,0.0,1.0,0.0,0.0,True,Qwen/Qwen2.5-Coder-14B-Instruct-AWQ,None
76@y_name@DESC,Bar,Extra Hard,1.2341,1.2341,1,0.0,0.0,0.0,0.0,0.0,0.0,0.0,0.0,0.0,0.0,1.0,0.0,0.0,True,Qwen/Qwen2.5-Coder-14B-Instruct-AWQ,None
76@y_name@DESC,Bar,Extra Hard,1.2341,1.2341,1,0.0,0.0,0.0,0.0,0.0,0.0,0.0,0.0,0.0,0.0,1.0,0.0,0.0,True,Qwen/Qwen2.5-Coder-14B-Instruct-AWQ,None
82@x_name@ASC,Bar,Extra Hard,0.9069,1.8139,2,0.0,0.0,0.0,0.0,0.0,0.0,0.0,0.0,0.0,0.0,1.0,0.0,0.0,True,Qwen/Qwen2.5-Coder-14B-Instruct-AWQ,None
82@x_name@ASC,Bar,Extra Hard,0.9069,1.8139,2,0.0,0.0,0.0,0.0,0.0,0.0,0.0,0.0,0.0,0.0,1.0,0.0,0.0,True,Qwen/Qwen2.5-Coder-14B-Instruct-AWQ,None
82@x_name@ASC,Bar,Extra Hard,0.9069,1.8139,2,0.0,0.0,0.0,0.0,0.0,0.0,0.0,0.0,0.0,0.0,1.0,0.0,0.0,True,Qwen/Qwen2.5-Coder-14B-Instruct-AWQ,None
83@y_name@ASC,Bar,Medium,0.9376,1.8753,2,0.0,0.0,0.0,0.0,0.0,0.0,0.0,0.0,0.0,0.0,1.0,0.0,0.0,False,Qwen/Qwen2.5-Coder-14B-Instruct-AWQ,None
83@y_name@ASC,Bar,Medium,0.9376,1.8753,2,0.0,0.0,0.0,0.0,0.0,0.0,0.0,0.0,0.0,0.0,1.0,0.0,0.0,False,Qwen/Qwen2.5-Coder-14B-Instruct-AWQ,None
83@y_name@ASC,Bar,Medium,0.9376,1.8753,2,0.0,0.0,0.0,0.0,0.0,0.0,0.0,0.0,0.0,0.0,1.0,0.0,0.0,False,Qwen/Qwen2.5-Coder-14B-Instruct-AWQ,None
84@y_name@ASC,Bar,Medium,5.0903,10.1806,2,0.0,0.0,0.0,0.0,0.5,0.0,0.0,0.0,0.0,0.5,0.5,0.0,0.0,False,Qwen/Qwen2.5-Coder-14B-Instruct-AWQ,None
84@y_name@ASC,Bar,Medium,5.0903,10.1806,2,0.0,0.0,0.0,0.0,0.5,0.0,0.0,0.0,0.0,0.5,0.5,0.0,0.0,False,Qwen/Qwen2.5-Coder-14B-Instruct-AWQ,None
84@y_name@ASC,Bar,Medium,5.0903,10.1806,2,0.0,0.0,0.0,0.0,0.5,0.0,0.0,0.0,0.0,0.5,0.5,0.0,0.0,False,Qwen/Qwen2.5-Coder-14B-Instruct-AWQ,None
87@x_name@DESC,Line,Medium,0.5663,0.5663,1,0.0,0.0,0.0,0.0,1.0,0.0,0.0,0.0,0.0,1.0,0.0,,0.0,False,Qwen/Qwen2.5-Coder-14B-Instruct-AWQ,None
87@x_name@DESC,Line,Medium,0.5663,0.5663,1,0.0,0.0,0.0,0.0,1.0,0.0,0.0,0.0,0.0,1.0,0.0,,0.0,False,Qwen/Qwen2.5-Coder-14B-Instruct-AWQ,None
87@x_name@DESC,Line,Medium,0.5663,0.5663,1,0.0,0.0,0.0,0.0,1.0,0.0,0.0,0.0,0.0,1.0,0.0,,0.0,False,Qwen/Qwen2.5-Coder-14B-Instruct-AWQ,None
88@y_name@ASC,Bar,Hard,0.6468,1.9404,3,0.0,0.0,0.0,0.0,0.3333333333333333,0.3333333333333333,0.0,0.0,0.0,0.6666666666666666,0.3333333333333333,0.0,0.0,True,Qwen/Qwen2.5-Coder-14B-Instruct-AWQ,None
88@y_name@ASC,Bar,Hard,0.6468,1.9404,3,0.0,0.0,0.0,0.0,0.3333333333333333,0.3333333333333333,0.0,0.0,0.0,0.6666666666666666,0.3333333333333333,0.0,0.0,True,Qwen/Qwen2.5-Coder-14B-Instruct-AWQ,None
88@y_name@ASC,Bar,Hard,0.6468,1.9404,3,0.0,0.0,0.0,0.0,0.3333333333333333,0.3333333333333333,0.0,0.0,0.0,0.6666666666666666,0.3333333333333333,0.0,0.0,True,Qwen/Qwen2.5-Coder-14B-Instruct-AWQ,None
89@y_name@ASC,Bar,Hard,0.659,1.318,2,0.0,0.0,0.0,0.0,0.5,0.0,0.0,0.0,0.0,0.5,0.5,0.0,0.0,True,Qwen/Qwen2.5-Coder-14B-Instruct-AWQ,None
89@y_name@ASC,Bar,Hard,0.659,1.318,2,0.0,0.0,0.0,0.0,0.5,0.0,0.0,0.0,0.0,0.5,0.5,0.0,0.0,True,Qwen/Qwen2.5-Coder-14B-Instruct-AWQ,None
89@y_name@ASC,Bar,Hard,0.659,1.318,2,0.0,0.0,0.0,0.0,0.5,0.0,0.0,0.0,0.0,0.5,0.5,0.0,0.0,True,Qwen/Qwen2.5-Coder-14B-Instruct-AWQ,None
90@y_name@DESC,Bar,Hard,2.796,5.592,2,0.0,0.0,0.0,0.0,0.5,0.0,0.0,0.0,0.0,0.5,0.5,0.0,0.0,True,Qwen/Qwen2.5-Coder-14B-Instruct-AWQ,None
90@y_name@DESC,Bar,Hard,2.796,5.592,2,0.0,0.0,0.0,0.0,0.5,0.0,0.0,0.0,0.0,0.5,0.5,0.0,0.0,True,Qwen/Qwen2.5-Coder-14B-Instruct-AWQ,None
90@y_name@DESC,Bar,Hard,2.796,5.592,2,0.0,0.0,0.0,0.0,0.5,0.0,0.0,0.0,0.0,0.5,0.5,0.0,0.0,True,Qwen/Qwen2.5-Coder-14B-Instruct-AWQ,None
91@y_name@ASC,Bar,Hard,0.7171,1.4342,2,0.0,0.0,0.0,0.0,1.0,0.0,0.0,0.0,0.0,1.0,0.0,,0.0,True,Qwen/Qwen2.5-Coder-14B-Instruct-AWQ,None
91@y_name@ASC,Bar,Hard,0.7171,1.4342,2,0.0,0.0,0.0,0.0,1.0,0.0,0.0,0.0,0.0,1.0,0.0,,0.0,True,Qwen/Qwen2.5-Coder-14B-Instruct-AWQ,None
91@y_name@ASC,Bar,Hard,0.7171,1.4342,2,0.0,0.0,0.0,0.0,1.0,0.0,0.0,0.0,0.0,1.0,0.0,,0.0,True,Qwen/Qwen2.5-Coder-14B-Instruct-AWQ,None
92@y_name@ASC,Bar,Hard,0.848,1.6959,2,0.0,0.0,0.0,0.0,0.0,0.0,0.0,0.0,0.0,0.0,1.0,0.0,0.0,True,Qwen/Qwen2.5-Coder-14B-Instruct-AWQ,None
92@y_name@ASC,Bar,Hard,0.848,1.6959,2,0.0,0.0,0.0,0.0,0.0,0.0,0.0,0.0,0.0,0.0,1.0,0.0,0.0,True,Qwen/Qwen2.5-Coder-14B-Instruct-AWQ,None
92@y_name@ASC,Bar,Hard,0.848,1.6959,2,0.0,0.0,0.0,0.0,0.0,0.0,0.0,0.0,0.0,0.0,1.0,0.0,0.0,True,Qwen/Qwen2.5-Coder-14B-Instruct-AWQ,None
99@y_name@DESC,Bar,Hard,0.6084,1.2168,2,0.0,0.0,0.0,0.0,0.0,0.0,0.0,0.0,0.0,0.0,1.0,0.0,0.0,True,Qwen/Qwen2.5-Coder-14B-Instruct-AWQ,None
99@y_name@DESC,Bar,Hard,0.6084,1.2168,2,0.0,0.0,0.0,0.0,0.0,0.0,0.0,0.0,0.0,0.0,1.0,0.0,0.0,True,Qwen/Qwen2.5-Coder-14B-Instruct-AWQ,None
99@y_name@DESC,Bar,Hard,0.6084,1.2168,2,0.0,0.0,0.0,0.0,0.0,0.0,0.0,0.0,0.0,0.0,1.0,0.0,0.0,True,Qwen/Qwen2.5-Coder-14B-Instruct-AWQ,None
100@y_name@DESC,Bar,Hard,5.4258,10.8517,2,0.5,0.0,0.0,0.0,0.0,0.0,0.0,0.0,0.5,0.0,0.5,0.0,0.0,True,Qwen/Qwen2.5-Coder-14B-Instruct-AWQ,None
100@y_name@DESC,Bar,Hard,5.4258,10.8517,2,0.5,0.0,0.0,0.0,0.0,0.0,0.0,0.0,0.5,0.0,0.5,0.0,0.0,True,Qwen/Qwen2.5-Coder-14B-Instruct-AWQ,None
100@y_name@DESC,Bar,Hard,5.4258,10.8517,2,0.5,0.0,0.0,0.0,0.0,0.0,0.0,0.0,0.5,0.0,0.5,0.0,0.0,True,Qwen/Qwen2.5-Coder-14B-Instruct-AWQ,None
102@y_name@ASC,Bar,Hard,0.8189,1.6377,2,0.0,0.0,0.0,0.0,0.0,0.0,0.0,0.0,0.0,0.0,1.0,0.0,0.0,True,Qwen/Qwen2.5-Coder-14B-Instruct-AWQ,None
102@y_name@ASC,Bar,Hard,0.8189,1.6377,2,0.0,0.0,0.0,0.0,0.0,0.0,0.0,0.0,0.0,0.0,1.0,0.0,0.0,True,Qwen/Qwen2.5-Coder-14B-Instruct-AWQ,None
102@y_name@ASC,Bar,Hard,0.8189,1.6377,2,0.0,0.0,0.0,0.0,0.0,0.0,0.0,0.0,0.0,0.0,1.0,0.0,0.0,True,Qwen/Qwen2.5-Coder-14B-Instruct-AWQ,None
104@y_name@ASC,Bar,Extra Hard,1.0279,2.0558,2,0.0,0.0,0.0,0.0,0.0,0.0,0.0,0.0,0.0,0.0,1.0,0.0,0.0,True,Qwen/Qwen2.5-Coder-14B-Instruct-AWQ,None
104@y_name@ASC,Bar,Extra Hard,1.0279,2.0558,2,0.0,0.0,0.0,0.0,0.0,0.0,0.0,0.0,0.0,0.0,1.0,0.0,0.0,True,Qwen/Qwen2.5-Coder-14B-Instruct-AWQ,None
104@y_name@ASC,Bar,Extra Hard,1.0279,2.0558,2,0.0,0.0,0.0,0.0,0.0,0.0,0.0,0.0,0.0,0.0,1.0,0.0,0.0,True,Qwen/Qwen2.5-Coder-14B-Instruct-AWQ,None
1521@y_name@ASC,Bar,Hard,0.795,3.9749,5,0.0,0.0,0.0,0.0,0.0,0.0,0.0,0.0,0.0,0.0,1.0,0.0,0.0,True,Qwen/Qwen2.5-Coder-14B-Instruct-AWQ,None
1521@y_name@ASC,Bar,Hard,0.795,3.9749,5,0.0,0.0,0.0,0.0,0.0,0.0,0.0,0.0,0.0,0.0,1.0,0.0,0.0,True,Qwen/Qwen2.5-Coder-14B-Instruct-AWQ,None
1521@y_name@ASC,Bar,Hard,0.795,3.9749,5,0.0,0.0,0.0,0.0,0.0,0.0,0.0,0.0,0.0,0.0,1.0,0.0,0.0,True,Qwen/Qwen2.5-Coder-14B-Instruct-AWQ,None
2855@x_name@ASC,Bar,Medium,0.5175,1.5524,3,0.0,0.0,0.0,0.0,0.3333333333333333,0.3333333333333333,0.0,0.0,0.0,0.6666666666666666,0.3333333333333333,0.0,0.0,False,Qwen/Qwen2.5-Coder-14B-Instruct-AWQ,None
2855@x_name@ASC,Bar,Medium,0.5175,1.5524,3,0.0,0.0,0.0,0.0,0.3333333333333333,0.3333333333333333,0.0,0.0,0.0,0.6666666666666666,0.3333333333333333,0.0,0.0,False,Qwen/Qwen2.5-Coder-14B-Instruct-AWQ,None
2855@x_name@ASC,Bar,Medium,0.5175,1.5524,3,0.0,0.0,0.0,0.0,0.3333333333333333,0.3333333333333333,0.0,0.0,0.0,0.6666666666666666,0.3333333333333333,0.0,0.0,False,Qwen/Qwen2.5-Coder-14B-Instruct-AWQ,None
1329@y_name@DESC,Bar,Hard,0.8154,1.6307,2,0.0,0.0,0.0,0.0,0.5,0.0,0.0,0.0,0.0,0.5,0.5,0.0,0.0,True,Qwen/Qwen2.5-Coder-14B-Instruct-AWQ,None
1329@y_name@DESC,Bar,Hard,0.8154,1.6307,2,0.0,0.0,0.0,0.0,0.5,0.0,0.0,0.0,0.0,0.5,0.5,0.0,0.0,True,Qwen/Qwen2.5-Coder-14B-Instruct-AWQ,None
1329@y_name@DESC,Bar,Hard,0.8154,1.6307,2,0.0,0.0,0.0,0.0,0.5,0.0,0.0,0.0,0.0,0.5,0.5,0.0,0.0,True,Qwen/Qwen2.5-Coder-14B-Instruct-AWQ,None
1335@y_name@DESC,Bar,Medium,0.5817,3.4901,6,0.0,0.0,0.0,0.0,1.0,0.0,0.0,0.0,0.0,1.0,0.0,,0.0,False,Qwen/Qwen2.5-Coder-14B-Instruct-AWQ,None
1335@y_name@DESC,Bar,Medium,0.5817,3.4901,6,0.0,0.0,0.0,0.0,1.0,0.0,0.0,0.0,0.0,1.0,0.0,,0.0,False,Qwen/Qwen2.5-Coder-14B-Instruct-AWQ,None
1335@y_name@DESC,Bar,Medium,0.5817,3.4901,6,0.0,0.0,0.0,0.0,1.0,0.0,0.0,0.0,0.0,1.0,0.0,,0.0,False,Qwen/Qwen2.5-Coder-14B-Instruct-AWQ,None
1349@x_name@ASC,Grouping Line,Extra Hard,13.8956,41.6868,3,1.0,0.0,0.0,0.0,0.0,0.0,0.0,0.0,1.0,0.0,0.0,,0.0,False,Qwen/Qwen2.5-Coder-14B-Instruct-AWQ,None
1349@x_name@ASC,Grouping Line,Extra Hard,13.8956,41.6868,3,1.0,0.0,0.0,0.0,0.0,0.0,0.0,0.0,1.0,0.0,0.0,,0.0,False,Qwen/Qwen2.5-Coder-14B-Instruct-AWQ,None
1349@x_name@ASC,Grouping Line,Extra Hard,13.8956,41.6868,3,1.0,0.0,0.0,0.0,0.0,0.0,0.0,0.0,1.0,0.0,0.0,,0.0,False,Qwen/Qwen2.5-Coder-14B-Instruct-AWQ,None
1356@x_name@ASC,Line,Medium,0.5632,2.2527,4,0.0,0.0,0.0,0.0,0.0,0.0,0.0,0.0,0.0,0.0,1.0,0.0,0.0,False,Qwen/Qwen2.5-Coder-14B-Instruct-AWQ,None
1356@x_name@ASC,Line,Medium,0.5632,2.2527,4,0.0,0.0,0.0,0.0,0.0,0.0,0.0,0.0,0.0,0.0,1.0,0.0,0.0,False,Qwen/Qwen2.5-Coder-14B-Instruct-AWQ,None
1356@x_name@ASC,Line,Medium,0.5632,2.2527,4,0.0,0.0,0.0,0.0,0.0,0.0,0.0,0.0,0.0,0.0,1.0,0.0,0.0,False,Qwen/Qwen2.5-Coder-14B-Instruct-AWQ,None
515@y_name@ASC,Bar,Medium,3.1273,12.5093,4,0.0,0.0,0.0,0.0,0.0,0.0,0.0,0.0,0.0,0.0,1.0,0.0,0.0,False,Qwen/Qwen2.5-Coder-14B-Instruct-AWQ,None
515@y_name@ASC,Bar,Medium,3.1273,12.5093,4,0.0,0.0,0.0,0.0,0.0,0.0,0.0,0.0,0.0,0.0,1.0,0.0,0.0,False,Qwen/Qwen2.5-Coder-14B-Instruct-AWQ,None
515@y_name@ASC,Bar,Medium,3.1273,12.5093,4,0.0,0.0,0.0,0.0,0.0,0.0,0.0,0.0,0.0,0.0,1.0,0.0,0.0,False,Qwen/Qwen2.5-Coder-14B-Instruct-AWQ,None
522@y_name@DESC,Stacked Bar,Extra Hard,1.1334,1.1334,1,0.0,0.0,0.0,0.0,0.0,1.0,0.0,0.0,0.0,1.0,0.0,,0.0,True,Qwen/Qwen2.5-Coder-14B-Instruct-AWQ,None
522@y_name@DESC,Stacked Bar,Extra Hard,1.1334,1.1334,1,0.0,0.0,0.0,0.0,0.0,1.0,0.0,0.0,0.0,1.0,0.0,,0.0,True,Qwen/Qwen2.5-Coder-14B-Instruct-AWQ,None
522@y_name@DESC,Stacked Bar,Extra Hard,1.1334,1.1334,1,0.0,0.0,0.0,0.0,0.0,1.0,0.0,0.0,0.0,1.0,0.0,,0.0,True,Qwen/Qwen2.5-Coder-14B-Instruct-AWQ,None
523@x_name@ASC,Bar,Hard,0.9015,0.9015,1,0.0,0.0,0.0,0.0,0.0,0.0,0.0,0.0,0.0,0.0,1.0,0.0,0.0,True,Qwen/Qwen2.5-Coder-14B-Instruct-AWQ,None
523@x_name@ASC,Bar,Hard,0.9015,0.9015,1,0.0,0.0,0.0,0.0,0.0,0.0,0.0,0.0,0.0,0.0,1.0,0.0,0.0,True,Qwen/Qwen2.5-Coder-14B-Instruct-AWQ,None
523@x_name@ASC,Bar,Hard,0.9015,0.9015,1,0.0,0.0,0.0,0.0,0.0,0.0,0.0,0.0,0.0,0.0,1.0,0.0,0.0,True,Qwen/Qwen2.5-Coder-14B-Instruct-AWQ,None
529@x_name@DESC,Bar,Hard,0.7451,0.7451,1,0.0,0.0,0.0,0.0,0.0,0.0,0.0,0.0,0.0,0.0,1.0,0.0,0.0,False,Qwen/Qwen2.5-Coder-14B-Instruct-AWQ,None
529@x_name@DESC,Bar,Hard,0.7451,0.7451,1,0.0,0.0,0.0,0.0,0.0,0.0,0.0,0.0,0.0,0.0,1.0,0.0,0.0,False,Qwen/Qwen2.5-Coder-14B-Instruct-AWQ,None
529@x_name@DESC,Bar,Hard,0.7451,0.7451,1,0.0,0.0,0.0,0.0,0.0,0.0,0.0,0.0,0.0,0.0,1.0,0.0,0.0,False,Qwen/Qwen2.5-Coder-14B-Instruct-AWQ,None
533@y_name@DESC,Bar,Easy,0.6599,1.9798,3,0.0,0.0,0.0,0.0,0.0,0.0,0.0,0.0,0.0,0.0,1.0,0.0,0.0,False,Qwen/Qwen2.5-Coder-14B-Instruct-AWQ,None
533@y_name@DESC,Bar,Easy,0.6599,1.9798,3,0.0,0.0,0.0,0.0,0.0,0.0,0.0,0.0,0.0,0.0,1.0,0.0,0.0,False,Qwen/Qwen2.5-Coder-14B-Instruct-AWQ,None
533@y_name@DESC,Bar,Easy,0.6599,1.9798,3,0.0,0.0,0.0,0.0,0.0,0.0,0.0,0.0,0.0,0.0,1.0,0.0,0.0,False,Qwen/Qwen2.5-Coder-14B-Instruct-AWQ,None
543@x_name@DESC,Bar,Medium,2.2416,4.4832,2,0.0,0.0,0.0,0.0,0.0,0.5,0.0,0.0,0.0,0.5,0.5,0.0,0.0,False,Qwen/Qwen2.5-Coder-14B-Instruct-AWQ,None
543@x_name@DESC,Bar,Medium,2.2416,4.4832,2,0.0,0.0,0.0,0.0,0.0,0.5,0.0,0.0,0.0,0.5,0.5,0.0,0.0,False,Qwen/Qwen2.5-Coder-14B-Instruct-AWQ,None
543@x_name@DESC,Bar,Medium,2.2416,4.4832,2,0.0,0.0,0.0,0.0,0.0,0.5,0.0,0.0,0.0,0.5,0.5,0.0,0.0,False,Qwen/Qwen2.5-Coder-14B-Instruct-AWQ,None
544@x_name@DESC,Bar,Hard,0.6676,0.6676,1,0.0,0.0,0.0,0.0,0.0,1.0,0.0,0.0,0.0,1.0,0.0,,0.0,True,Qwen/Qwen2.5-Coder-14B-Instruct-AWQ,None
544@x_name@DESC,Bar,Hard,0.6676,0.6676,1,0.0,0.0,0.0,0.0,0.0,1.0,0.0,0.0,0.0,1.0,0.0,,0.0,True,Qwen/Qwen2.5-Coder-14B-Instruct-AWQ,None
544@x_name@DESC,Bar,Hard,0.6676,0.6676,1,0.0,0.0,0.0,0.0,0.0,1.0,0.0,0.0,0.0,1.0,0.0,,0.0,True,Qwen/Qwen2.5-Coder-14B-Instruct-AWQ,None
545@x_name@DESC,Bar,Hard,13.0832,13.0832,1,1.0,0.0,0.0,0.0,0.0,0.0,0.0,0.0,1.0,0.0,0.0,,0.0,True,Qwen/Qwen2.5-Coder-14B-Instruct-AWQ,None
545@x_name@DESC,Bar,Hard,13.0832,13.0832,1,1.0,0.0,0.0,0.0,0.0,0.0,0.0,0.0,1.0,0.0,0.0,,0.0,True,Qwen/Qwen2.5-Coder-14B-Instruct-AWQ,None
545@x_name@DESC,Bar,Hard,13.0832,13.0832,1,1.0,0.0,0.0,0.0,0.0,0.0,0.0,0.0,1.0,0.0,0.0,,0.0,True,Qwen/Qwen2.5-Coder-14B-Instruct-AWQ,None
548@x_name@ASC,Line,Extra Hard,1.0134,2.0269,2,0.0,0.0,0.0,0.0,0.5,0.0,0.0,0.0,0.0,0.5,0.5,0.0,0.0,True,Qwen/Qwen2.5-Coder-14B-Instruct-AWQ,None
548@x_name@ASC,Line,Extra Hard,1.0134,2.0269,2,0.0,0.0,0.0,0.0,0.5,0.0,0.0,0.0,0.0,0.5,0.5,0.0,0.0,True,Qwen/Qwen2.5-Coder-14B-Instruct-AWQ,None
548@x_name@ASC,Line,Extra Hard,1.0134,2.0269,2,0.0,0.0,0.0,0.0,0.5,0.0,0.0,0.0,0.0,0.5,0.5,0.0,0.0,True,Qwen/Qwen2.5-Coder-14B-Instruct-AWQ,None
550@y_name@DESC,Bar,Extra Hard,8.2897,16.5794,2,0.5,0.0,0.0,0.0,0.0,0.0,0.0,0.0,0.5,0.0,0.5,0.0,0.0,True,Qwen/Qwen2.5-Coder-14B-Instruct-AWQ,None
550@y_name@DESC,Bar,Extra Hard,8.2897,16.5794,2,0.5,0.0,0.0,0.0,0.0,0.0,0.0,0.0,0.5,0.0,0.5,0.0,0.0,True,Qwen/Qwen2.5-Coder-14B-Instruct-AWQ,None
550@y_name@DESC,Bar,Extra Hard,8.2897,16.5794,2,0.5,0.0,0.0,0.0,0.0,0.0,0.0,0.0,0.5,0.0,0.5,0.0,0.0,True,Qwen/Qwen2.5-Coder-14B-Instruct-AWQ,None
552@y_name@ASC,Bar,Extra Hard,1.2231,2.4463,2,0.0,0.0,0.0,0.0,0.0,0.0,0.0,0.0,0.0,0.0,1.0,0.0,0.0,True,Qwen/Qwen2.5-Coder-14B-Instruct-AWQ,None
552@y_name@ASC,Bar,Extra Hard,1.2231,2.4463,2,0.0,0.0,0.0,0.0,0.0,0.0,0.0,0.0,0.0,0.0,1.0,0.0,0.0,True,Qwen/Qwen2.5-Coder-14B-Instruct-AWQ,None
552@y_name@ASC,Bar,Extra Hard,1.2231,2.4463,2,0.0,0.0,0.0,0.0,0.0,0.0,0.0,0.0,0.0,0.0,1.0,0.0,0.0,True,Qwen/Qwen2.5-Coder-14B-Instruct-AWQ,None
553@y_name@DESC,Bar,Medium,0.5433,2.7166,5,0.0,0.0,0.0,0.0,0.0,0.0,0.0,0.0,0.0,0.0,1.0,0.0,0.0,False,Qwen/Qwen2.5-Coder-14B-Instruct-AWQ,None
553@y_name@DESC,Bar,Medium,0.5433,2.7166,5,0.0,0.0,0.0,0.0,0.0,0.0,0.0,0.0,0.0,0.0,1.0,0.0,0.0,False,Qwen/Qwen2.5-Coder-14B-Instruct-AWQ,None
553@y_name@DESC,Bar,Medium,0.5433,2.7166,5,0.0,0.0,0.0,0.0,0.0,0.0,0.0,0.0,0.0,0.0,1.0,0.0,0.0,False,Qwen/Qwen2.5-Coder-14B-Instruct-AWQ,None
555@y_name@DESC,Bar,Hard,0.9112,3.6448,4,0.0,0.0,0.0,0.0,0.5,0.0,0.0,0.0,0.0,0.5,0.5,0.0,0.0,True,Qwen/Qwen2.5-Coder-14B-Instruct-AWQ,None
555@y_name@DESC,Bar,Hard,0.9112,3.6448,4,0.0,0.0,0.0,0.0,0.5,0.0,0.0,0.0,0.0,0.5,0.5,0.0,0.0,True,Qwen/Qwen2.5-Coder-14B-Instruct-AWQ,None
555@y_name@DESC,Bar,Hard,0.9112,3.6448,4,0.0,0.0,0.0,0.0,0.5,0.0,0.0,0.0,0.0,0.5,0.5,0.0,0.0,True,Qwen/Qwen2.5-Coder-14B-Instruct-AWQ,None
558@x_name@ASC,Stacked Bar,Extra Hard,1.3173,2.6346,2,0.0,0.0,0.0,0.0,0.0,0.0,0.0,0.0,0.0,0.0,1.0,0.0,0.0,True,Qwen/Qwen2.5-Coder-14B-Instruct-AWQ,None
558@x_name@ASC,Stacked Bar,Extra Hard,1.3173,2.6346,2,0.0,0.0,0.0,0.0,0.0,0.0,0.0,0.0,0.0,0.0,1.0,0.0,0.0,True,Qwen/Qwen2.5-Coder-14B-Instruct-AWQ,None
558@x_name@ASC,Stacked Bar,Extra Hard,1.3173,2.6346,2,0.0,0.0,0.0,0.0,0.0,0.0,0.0,0.0,0.0,0.0,1.0,0.0,0.0,True,Qwen/Qwen2.5-Coder-14B-Instruct-AWQ,None
564@x_name@ASC,Bar,Medium,0.5413,1.6239,3,0.0,0.0,0.0,0.0,0.0,0.3333333333333333,0.0,0.0,0.0,0.3333333333333333,0.6666666666666666,0.0,0.0,False,Qwen/Qwen2.5-Coder-14B-Instruct-AWQ,None
564@x_name@ASC,Bar,Medium,0.5413,1.6239,3,0.0,0.0,0.0,0.0,0.0,0.3333333333333333,0.0,0.0,0.0,0.3333333333333333,0.6666666666666666,0.0,0.0,False,Qwen/Qwen2.5-Coder-14B-Instruct-AWQ,None
564@x_name@ASC,Bar,Medium,0.5413,1.6239,3,0.0,0.0,0.0,0.0,0.0,0.3333333333333333,0.0,0.0,0.0,0.3333333333333333,0.6666666666666666,0.0,0.0,False,Qwen/Qwen2.5-Coder-14B-Instruct-AWQ,None
576@y_name@DESC,Bar,Extra Hard,0.9982,1.9964,2,0.0,0.0,0.0,0.0,0.0,0.0,0.0,0.0,0.0,0.0,1.0,0.0,0.0,True,Qwen/Qwen2.5-Coder-14B-Instruct-AWQ,None
576@y_name@DESC,Bar,Extra Hard,0.9982,1.9964,2,0.0,0.0,0.0,0.0,0.0,0.0,0.0,0.0,0.0,0.0,1.0,0.0,0.0,True,Qwen/Qwen2.5-Coder-14B-Instruct-AWQ,None
576@y_name@DESC,Bar,Extra Hard,0.9982,1.9964,2,0.0,0.0,0.0,0.0,0.0,0.0,0.0,0.0,0.0,0.0,1.0,0.0,0.0,True,Qwen/Qwen2.5-Coder-14B-Instruct-AWQ,None
578@y_name@ASC,Bar,Extra Hard,0.9435,1.8869,2,0.0,0.0,0.0,0.0,0.0,0.0,0.0,0.0,0.0,0.0,1.0,0.0,0.0,True,Qwen/Qwen2.5-Coder-14B-Instruct-AWQ,None
578@y_name@ASC,Bar,Extra Hard,0.9435,1.8869,2,0.0,0.0,0.0,0.0,0.0,0.0,0.0,0.0,0.0,0.0,1.0,0.0,0.0,True,Qwen/Qwen2.5-Coder-14B-Instruct-AWQ,None
578@y_name@ASC,Bar,Extra Hard,0.9435,1.8869,2,0.0,0.0,0.0,0.0,0.0,0.0,0.0,0.0,0.0,0.0,1.0,0.0,0.0,True,Qwen/Qwen2.5-Coder-14B-Instruct-AWQ,None
580@x_name@DESC,Bar,Medium,0.4746,0.4746,1,0.0,0.0,0.0,0.0,0.0,1.0,0.0,0.0,0.0,1.0,0.0,,0.0,False,Qwen/Qwen2.5-Coder-14B-Instruct-AWQ,None
580@x_name@DESC,Bar,Medium,0.4746,0.4746,1,0.0,0.0,0.0,0.0,0.0,1.0,0.0,0.0,0.0,1.0,0.0,,0.0,False,Qwen/Qwen2.5-Coder-14B-Instruct-AWQ,None
580@x_name@DESC,Bar,Medium,0.4746,0.4746,1,0.0,0.0,0.0,0.0,0.0,1.0,0.0,0.0,0.0,1.0,0.0,,0.0,False,Qwen/Qwen2.5-Coder-14B-Instruct-AWQ,None
586@x_name@DESC,Bar,Medium,3.3083,9.9248,3,0.0,0.0,0.0,0.0,0.3333333333333333,0.0,0.0,0.0,0.0,0.3333333333333333,0.6666666666666666,0.0,0.0,False,Qwen/Qwen2.5-Coder-14B-Instruct-AWQ,None
586@x_name@DESC,Bar,Medium,3.3083,9.9248,3,0.0,0.0,0.0,0.0,0.3333333333333333,0.0,0.0,0.0,0.0,0.3333333333333333,0.6666666666666666,0.0,0.0,False,Qwen/Qwen2.5-Coder-14B-Instruct-AWQ,None
586@x_name@DESC,Bar,Medium,3.3083,9.9248,3,0.0,0.0,0.0,0.0,0.3333333333333333,0.0,0.0,0.0,0.0,0.3333333333333333,0.6666666666666666,0.0,0.0,False,Qwen/Qwen2.5-Coder-14B-Instruct-AWQ,None
2156@y_name@DESC,Bar,Extra Hard,1.1368,1.1368,1,0.0,0.0,0.0,0.0,0.0,0.0,0.0,0.0,0.0,0.0,1.0,0.0,0.0,True,Qwen/Qwen2.5-Coder-14B-Instruct-AWQ,None
2156@y_name@DESC,Bar,Extra Hard,1.1368,1.1368,1,0.0,0.0,0.0,0.0,0.0,0.0,0.0,0.0,0.0,0.0,1.0,0.0,0.0,True,Qwen/Qwen2.5-Coder-14B-Instruct-AWQ,None
2156@y_name@DESC,Bar,Extra Hard,1.1368,1.1368,1,0.0,0.0,0.0,0.0,0.0,0.0,0.0,0.0,0.0,0.0,1.0,0.0,0.0,True,Qwen/Qwen2.5-Coder-14B-Instruct-AWQ,None
686@y_name@DESC,Bar,Hard,0.7348,1.4695,2,0.0,0.0,0.0,0.0,0.5,0.0,0.0,0.0,0.0,0.5,0.5,0.0,0.0,True,Qwen/Qwen2.5-Coder-14B-Instruct-AWQ,None
686@y_name@DESC,Bar,Hard,0.7348,1.4695,2,0.0,0.0,0.0,0.0,0.5,0.0,0.0,0.0,0.0,0.5,0.5,0.0,0.0,True,Qwen/Qwen2.5-Coder-14B-Instruct-AWQ,None
686@y_name@DESC,Bar,Hard,0.7348,1.4695,2,0.0,0.0,0.0,0.0,0.5,0.0,0.0,0.0,0.0,0.5,0.5,0.0,0.0,True,Qwen/Qwen2.5-Coder-14B-Instruct-AWQ,None
687@y_name@DESC,Bar,Hard,0.9269,0.9269,1,0.0,0.0,0.0,0.0,0.0,0.0,0.0,0.0,0.0,0.0,1.0,0.0,0.0,True,Qwen/Qwen2.5-Coder-14B-Instruct-AWQ,None
687@y_name@DESC,Bar,Hard,0.9269,0.9269,1,0.0,0.0,0.0,0.0,0.0,0.0,0.0,0.0,0.0,0.0,1.0,0.0,0.0,True,Qwen/Qwen2.5-Coder-14B-Instruct-AWQ,None
687@y_name@DESC,Bar,Hard,0.9269,0.9269,1,0.0,0.0,0.0,0.0,0.0,0.0,0.0,0.0,0.0,0.0,1.0,0.0,0.0,True,Qwen/Qwen2.5-Coder-14B-Instruct-AWQ,None
172@y_name@ASC,Bar,Medium,0.4774,0.9548,2,0.0,0.0,0.0,0.0,0.0,0.0,0.0,0.0,0.0,0.0,1.0,0.0,0.0,False,Qwen/Qwen2.5-Coder-14B-Instruct-AWQ,None
172@y_name@ASC,Bar,Medium,0.4774,0.9548,2,0.0,0.0,0.0,0.0,0.0,0.0,0.0,0.0,0.0,0.0,1.0,0.0,0.0,False,Qwen/Qwen2.5-Coder-14B-Instruct-AWQ,None
172@y_name@ASC,Bar,Medium,0.4774,0.9548,2,0.0,0.0,0.0,0.0,0.0,0.0,0.0,0.0,0.0,0.0,1.0,0.0,0.0,False,Qwen/Qwen2.5-Coder-14B-Instruct-AWQ,None
1210@y_name@ASC,Bar,Medium,0.4733,0.9467,2,0.0,0.0,0.0,0.0,0.0,0.0,0.0,0.0,0.0,0.0,1.0,0.0,0.0,False,Qwen/Qwen2.5-Coder-14B-Instruct-AWQ,None
1210@y_name@ASC,Bar,Medium,0.4733,0.9467,2,0.0,0.0,0.0,0.0,0.0,0.0,0.0,0.0,0.0,0.0,1.0,0.0,0.0,False,Qwen/Qwen2.5-Coder-14B-Instruct-AWQ,None
1210@y_name@ASC,Bar,Medium,0.4733,0.9467,2,0.0,0.0,0.0,0.0,0.0,0.0,0.0,0.0,0.0,0.0,1.0,0.0,0.0,False,Qwen/Qwen2.5-Coder-14B-Instruct-AWQ,None
1215@y_name@DESC,Bar,Hard,0.7818,0.7818,1,0.0,0.0,0.0,0.0,0.0,0.0,0.0,0.0,0.0,0.0,1.0,0.0,0.0,False,Qwen/Qwen2.5-Coder-14B-Instruct-AWQ,None
1215@y_name@DESC,Bar,Hard,0.7818,0.7818,1,0.0,0.0,0.0,0.0,0.0,0.0,0.0,0.0,0.0,0.0,1.0,0.0,0.0,False,Qwen/Qwen2.5-Coder-14B-Instruct-AWQ,None
1215@y_name@DESC,Bar,Hard,0.7818,0.7818,1,0.0,0.0,0.0,0.0,0.0,0.0,0.0,0.0,0.0,0.0,1.0,0.0,0.0,False,Qwen/Qwen2.5-Coder-14B-Instruct-AWQ,None
1217@x_name@DESC,Bar,Extra Hard,1.077,2.1539,2,0.0,0.0,0.0,0.0,0.0,0.5,0.0,0.0,0.0,0.5,0.5,0.0,0.0,True,Qwen/Qwen2.5-Coder-14B-Instruct-AWQ,None
1217@x_name@DESC,Bar,Extra Hard,1.077,2.1539,2,0.0,0.0,0.0,0.0,0.0,0.5,0.0,0.0,0.0,0.5,0.5,0.0,0.0,True,Qwen/Qwen2.5-Coder-14B-Instruct-AWQ,None
1217@x_name@DESC,Bar,Extra Hard,1.077,2.1539,2,0.0,0.0,0.0,0.0,0.0,0.5,0.0,0.0,0.0,0.5,0.5,0.0,0.0,True,Qwen/Qwen2.5-Coder-14B-Instruct-AWQ,None
1220@x_name@DESC,Bar,Hard,0.6284,0.6284,1,0.0,0.0,0.0,0.0,0.0,1.0,0.0,0.0,0.0,1.0,0.0,,0.0,False,Qwen/Qwen2.5-Coder-14B-Instruct-AWQ,None
1220@x_name@DESC,Bar,Hard,0.6284,0.6284,1,0.0,0.0,0.0,0.0,0.0,1.0,0.0,0.0,0.0,1.0,0.0,,0.0,False,Qwen/Qwen2.5-Coder-14B-Instruct-AWQ,None
1220@x_name@DESC,Bar,Hard,0.6284,0.6284,1,0.0,0.0,0.0,0.0,0.0,1.0,0.0,0.0,0.0,1.0,0.0,,0.0,False,Qwen/Qwen2.5-Coder-14B-Instruct-AWQ,None
1222@y_name@DESC,Bar,Hard,1.021,3.0631,3,0.0,0.0,0.0,0.0,1.0,0.0,0.0,0.0,0.0,1.0,0.0,,0.0,True,Qwen/Qwen2.5-Coder-14B-Instruct-AWQ,None
1222@y_name@DESC,Bar,Hard,1.021,3.0631,3,0.0,0.0,0.0,0.0,1.0,0.0,0.0,0.0,0.0,1.0,0.0,,0.0,True,Qwen/Qwen2.5-Coder-14B-Instruct-AWQ,None
1222@y_name@DESC,Bar,Hard,1.021,3.0631,3,0.0,0.0,0.0,0.0,1.0,0.0,0.0,0.0,0.0,1.0,0.0,,0.0,True,Qwen/Qwen2.5-Coder-14B-Instruct-AWQ,None
1224@y_name@DESC,Bar,Extra Hard,1.0798,4.3192,4,0.0,0.0,0.0,0.0,0.0,0.0,0.0,0.0,0.0,0.0,1.0,0.0,0.0,True,Qwen/Qwen2.5-Coder-14B-Instruct-AWQ,None
1224@y_name@DESC,Bar,Extra Hard,1.0798,4.3192,4,0.0,0.0,0.0,0.0,0.0,0.0,0.0,0.0,0.0,0.0,1.0,0.0,0.0,True,Qwen/Qwen2.5-Coder-14B-Instruct-AWQ,None
1224@y_name@DESC,Bar,Extra Hard,1.0798,4.3192,4,0.0,0.0,0.0,0.0,0.0,0.0,0.0,0.0,0.0,0.0,1.0,0.0,0.0,True,Qwen/Qwen2.5-Coder-14B-Instruct-AWQ,None
1225@y_name@DESC,Bar,Hard,0.6574,0.6574,1,0.0,0.0,0.0,0.0,0.0,0.0,0.0,0.0,0.0,0.0,1.0,0.0,0.0,False,Qwen/Qwen2.5-Coder-14B-Instruct-AWQ,None
1225@y_name@DESC,Bar,Hard,0.6574,0.6574,1,0.0,0.0,0.0,0.0,0.0,0.0,0.0,0.0,0.0,0.0,1.0,0.0,0.0,False,Qwen/Qwen2.5-Coder-14B-Instruct-AWQ,None
1225@y_name@DESC,Bar,Hard,0.6574,0.6574,1,0.0,0.0,0.0,0.0,0.0,0.0,0.0,0.0,0.0,0.0,1.0,0.0,0.0,False,Qwen/Qwen2.5-Coder-14B-Instruct-AWQ,None
1226@y_name@DESC,Bar,Hard,0.6661,0.6661,1,0.0,0.0,0.0,0.0,0.0,0.0,0.0,0.0,0.0,0.0,1.0,0.0,0.0,False,Qwen/Qwen2.5-Coder-14B-Instruct-AWQ,None
1226@y_name@DESC,Bar,Hard,0.6661,0.6661,1,0.0,0.0,0.0,0.0,0.0,0.0,0.0,0.0,0.0,0.0,1.0,0.0,0.0,False,Qwen/Qwen2.5-Coder-14B-Instruct-AWQ,None
1226@y_name@DESC,Bar,Hard,0.6661,0.6661,1,0.0,0.0,0.0,0.0,0.0,0.0,0.0,0.0,0.0,0.0,1.0,0.0,0.0,False,Qwen/Qwen2.5-Coder-14B-Instruct-AWQ,None
1227@x_name@DESC,Bar,Extra Hard,1.929,1.929,1,0.0,0.0,0.0,0.0,0.0,1.0,0.0,0.0,0.0,1.0,0.0,,0.0,True,Qwen/Qwen2.5-Coder-14B-Instruct-AWQ,None
1227@x_name@DESC,Bar,Extra Hard,1.929,1.929,1,0.0,0.0,0.0,0.0,0.0,1.0,0.0,0.0,0.0,1.0,0.0,,0.0,True,Qwen/Qwen2.5-Coder-14B-Instruct-AWQ,None
1227@x_name@DESC,Bar,Extra Hard,1.929,1.929,1,0.0,0.0,0.0,0.0,0.0,1.0,0.0,0.0,0.0,1.0,0.0,,0.0,True,Qwen/Qwen2.5-Coder-14B-Instruct-AWQ,None
1235@x_name@DESC,Bar,Medium,0.5785,0.5785,1,0.0,0.0,0.0,0.0,0.0,0.0,0.0,0.0,0.0,0.0,1.0,0.0,0.0,False,Qwen/Qwen2.5-Coder-14B-Instruct-AWQ,None
1235@x_name@DESC,Bar,Medium,0.5785,0.5785,1,0.0,0.0,0.0,0.0,0.0,0.0,0.0,0.0,0.0,0.0,1.0,0.0,0.0,False,Qwen/Qwen2.5-Coder-14B-Instruct-AWQ,None
1235@x_name@DESC,Bar,Medium,0.5785,0.5785,1,0.0,0.0,0.0,0.0,0.0,0.0,0.0,0.0,0.0,0.0,1.0,0.0,0.0,False,Qwen/Qwen2.5-Coder-14B-Instruct-AWQ,None
1237@y_name@ASC,Bar,Medium,0.4843,1.4528,3,0.0,0.0,0.0,0.0,0.0,0.0,0.0,0.0,0.0,0.0,1.0,0.0,0.0,False,Qwen/Qwen2.5-Coder-14B-Instruct-AWQ,None
1237@y_name@ASC,Bar,Medium,0.4843,1.4528,3,0.0,0.0,0.0,0.0,0.0,0.0,0.0,0.0,0.0,0.0,1.0,0.0,0.0,False,Qwen/Qwen2.5-Coder-14B-Instruct-AWQ,None
1237@y_name@ASC,Bar,Medium,0.4843,1.4528,3,0.0,0.0,0.0,0.0,0.0,0.0,0.0,0.0,0.0,0.0,1.0,0.0,0.0,False,Qwen/Qwen2.5-Coder-14B-Instruct-AWQ,None
1238@x_name@ASC,Bar,Easy,0.4356,0.8713,2,0.0,0.0,0.0,0.0,0.0,0.0,0.0,0.0,0.0,0.0,1.0,0.0,0.0,False,Qwen/Qwen2.5-Coder-14B-Instruct-AWQ,None
1238@x_name@ASC,Bar,Easy,0.4356,0.8713,2,0.0,0.0,0.0,0.0,0.0,0.0,0.0,0.0,0.0,0.0,1.0,0.0,0.0,False,Qwen/Qwen2.5-Coder-14B-Instruct-AWQ,None
1238@x_name@ASC,Bar,Easy,0.4356,0.8713,2,0.0,0.0,0.0,0.0,0.0,0.0,0.0,0.0,0.0,0.0,1.0,0.0,0.0,False,Qwen/Qwen2.5-Coder-14B-Instruct-AWQ,None
2610@y_name@ASC,Bar,Medium,0.6353,0.6353,1,0.0,0.0,0.0,0.0,0.0,0.0,0.0,0.0,0.0,0.0,1.0,0.0,0.0,False,Qwen/Qwen2.5-Coder-14B-Instruct-AWQ,None
2610@y_name@ASC,Bar,Medium,0.6353,0.6353,1,0.0,0.0,0.0,0.0,0.0,0.0,0.0,0.0,0.0,0.0,1.0,0.0,0.0,False,Qwen/Qwen2.5-Coder-14B-Instruct-AWQ,None
2610@y_name@ASC,Bar,Medium,0.6353,0.6353,1,0.0,0.0,0.0,0.0,0.0,0.0,0.0,0.0,0.0,0.0,1.0,0.0,0.0,False,Qwen/Qwen2.5-Coder-14B-Instruct-AWQ,None
2614@x_name@DESC,Bar,Hard,0.8992,0.8992,1,0.0,0.0,0.0,0.0,0.0,1.0,0.0,0.0,0.0,1.0,0.0,,0.0,True,Qwen/Qwen2.5-Coder-14B-Instruct-AWQ,None
2614@x_name@DESC,Bar,Hard,0.8992,0.8992,1,0.0,0.0,0.0,0.0,0.0,1.0,0.0,0.0,0.0,1.0,0.0,,0.0,True,Qwen/Qwen2.5-Coder-14B-Instruct-AWQ,None
2614@x_name@DESC,Bar,Hard,0.8992,0.8992,1,0.0,0.0,0.0,0.0,0.0,1.0,0.0,0.0,0.0,1.0,0.0,,0.0,True,Qwen/Qwen2.5-Coder-14B-Instruct-AWQ,None
2771@x_name@ASC,Bar,Hard,0.8602,0.8602,1,0.0,0.0,0.0,0.0,0.0,0.0,0.0,0.0,0.0,0.0,1.0,0.0,0.0,True,Qwen/Qwen2.5-Coder-14B-Instruct-AWQ,None
2771@x_name@ASC,Bar,Hard,0.8602,0.8602,1,0.0,0.0,0.0,0.0,0.0,0.0,0.0,0.0,0.0,0.0,1.0,0.0,0.0,True,Qwen/Qwen2.5-Coder-14B-Instruct-AWQ,None
2771@x_name@ASC,Bar,Hard,0.8602,0.8602,1,0.0,0.0,0.0,0.0,0.0,0.0,0.0,0.0,0.0,0.0,1.0,0.0,0.0,True,Qwen/Qwen2.5-Coder-14B-Instruct-AWQ,None
2772@y_name@ASC,Bar,Hard,0.6033,0.6033,1,0.0,0.0,0.0,0.0,0.0,0.0,0.0,0.0,0.0,0.0,1.0,0.0,0.0,True,Qwen/Qwen2.5-Coder-14B-Instruct-AWQ,None
2772@y_name@ASC,Bar,Hard,0.6033,0.6033,1,0.0,0.0,0.0,0.0,0.0,0.0,0.0,0.0,0.0,0.0,1.0,0.0,0.0,True,Qwen/Qwen2.5-Coder-14B-Instruct-AWQ,None
2772@y_name@ASC,Bar,Hard,0.6033,0.6033,1,0.0,0.0,0.0,0.0,0.0,0.0,0.0,0.0,0.0,0.0,1.0,0.0,0.0,True,Qwen/Qwen2.5-Coder-14B-Instruct-AWQ,None
2774@x_name@ASC,Bar,Medium,0.3982,0.7964,2,0.0,0.0,0.0,0.0,0.0,0.0,0.0,0.0,0.0,0.0,1.0,0.0,0.0,False,Qwen/Qwen2.5-Coder-14B-Instruct-AWQ,None
2774@x_name@ASC,Bar,Medium,0.3982,0.7964,2,0.0,0.0,0.0,0.0,0.0,0.0,0.0,0.0,0.0,0.0,1.0,0.0,0.0,False,Qwen/Qwen2.5-Coder-14B-Instruct-AWQ,None
2774@x_name@ASC,Bar,Medium,0.3982,0.7964,2,0.0,0.0,0.0,0.0,0.0,0.0,0.0,0.0,0.0,0.0,1.0,0.0,0.0,False,Qwen/Qwen2.5-Coder-14B-Instruct-AWQ,None
435@x_name@DESC,Bar,Medium,5.6631,11.3263,2,0.5,0.0,0.0,0.0,0.0,0.0,0.0,0.0,0.5,0.0,0.5,0.0,0.0,False,Qwen/Qwen2.5-Coder-14B-Instruct-AWQ,None
435@x_name@DESC,Bar,Medium,5.6631,11.3263,2,0.5,0.0,0.0,0.0,0.0,0.0,0.0,0.0,0.5,0.0,0.5,0.0,0.0,False,Qwen/Qwen2.5-Coder-14B-Instruct-AWQ,None
435@x_name@DESC,Bar,Medium,5.6631,11.3263,2,0.5,0.0,0.0,0.0,0.0,0.0,0.0,0.0,0.5,0.0,0.5,0.0,0.0,False,Qwen/Qwen2.5-Coder-14B-Instruct-AWQ,None
279@y_name@DESC,Bar,Hard,0.9911,0.9911,1,0.0,0.0,0.0,0.0,0.0,0.0,0.0,0.0,0.0,0.0,1.0,0.0,0.0,False,Qwen/Qwen2.5-Coder-14B-Instruct-AWQ,None
279@y_name@DESC,Bar,Hard,0.9911,0.9911,1,0.0,0.0,0.0,0.0,0.0,0.0,0.0,0.0,0.0,0.0,1.0,0.0,0.0,False,Qwen/Qwen2.5-Coder-14B-Instruct-AWQ,None
279@y_name@DESC,Bar,Hard,0.9911,0.9911,1,0.0,0.0,0.0,0.0,0.0,0.0,0.0,0.0,0.0,0.0,1.0,0.0,0.0,False,Qwen/Qwen2.5-Coder-14B-Instruct-AWQ,None
3267@y_name@ASC,Bar,Hard,0.7784,1.5568,2,0.0,0.0,0.0,0.0,0.0,0.0,0.0,0.0,0.0,0.0,1.0,0.0,0.0,False,Qwen/Qwen2.5-Coder-14B-Instruct-AWQ,None
3267@y_name@ASC,Bar,Hard,0.7784,1.5568,2,0.0,0.0,0.0,0.0,0.0,0.0,0.0,0.0,0.0,0.0,1.0,0.0,0.0,False,Qwen/Qwen2.5-Coder-14B-Instruct-AWQ,None
3267@y_name@ASC,Bar,Hard,0.7784,1.5568,2,0.0,0.0,0.0,0.0,0.0,0.0,0.0,0.0,0.0,0.0,1.0,0.0,0.0,False,Qwen/Qwen2.5-Coder-14B-Instruct-AWQ,None
3269@y_name@ASC,Bar,Medium,0.5137,0.5137,1,0.0,0.0,0.0,0.0,0.0,1.0,0.0,0.0,0.0,1.0,0.0,,0.0,False,Qwen/Qwen2.5-Coder-14B-Instruct-AWQ,None
3269@y_name@ASC,Bar,Medium,0.5137,0.5137,1,0.0,0.0,0.0,0.0,0.0,1.0,0.0,0.0,0.0,1.0,0.0,,0.0,False,Qwen/Qwen2.5-Coder-14B-Instruct-AWQ,None
3269@y_name@ASC,Bar,Medium,0.5137,0.5137,1,0.0,0.0,0.0,0.0,0.0,1.0,0.0,0.0,0.0,1.0,0.0,,0.0,False,Qwen/Qwen2.5-Coder-14B-Instruct-AWQ,None
3071@y_name@ASC,Bar,Medium,0.5435,2.7176,5,0.0,0.0,0.0,0.0,0.0,0.0,0.0,0.0,0.0,0.0,1.0,0.0,0.0,False,Qwen/Qwen2.5-Coder-14B-Instruct-AWQ,None
3071@y_name@ASC,Bar,Medium,0.5435,2.7176,5,0.0,0.0,0.0,0.0,0.0,0.0,0.0,0.0,0.0,0.0,1.0,0.0,0.0,False,Qwen/Qwen2.5-Coder-14B-Instruct-AWQ,None
3071@y_name@ASC,Bar,Medium,0.5435,2.7176,5,0.0,0.0,0.0,0.0,0.0,0.0,0.0,0.0,0.0,0.0,1.0,0.0,0.0,False,Qwen/Qwen2.5-Coder-14B-Instruct-AWQ,None
3123@x_name@DESC,Bar,Medium,0.6142,1.8426,3,0.0,0.0,0.0,0.0,0.0,0.6666666666666666,0.0,0.0,0.0,0.6666666666666666,0.3333333333333333,0.0,0.0,False,Qwen/Qwen2.5-Coder-14B-Instruct-AWQ,None
3123@x_name@DESC,Bar,Medium,0.6142,1.8426,3,0.0,0.0,0.0,0.0,0.0,0.6666666666666666,0.0,0.0,0.0,0.6666666666666666,0.3333333333333333,0.0,0.0,False,Qwen/Qwen2.5-Coder-14B-Instruct-AWQ,None
3123@x_name@DESC,Bar,Medium,0.6142,1.8426,3,0.0,0.0,0.0,0.0,0.0,0.6666666666666666,0.0,0.0,0.0,0.6666666666666666,0.3333333333333333,0.0,0.0,False,Qwen/Qwen2.5-Coder-14B-Instruct-AWQ,None
3124@x_name@ASC,Bar,Medium,0.5515,1.6546,3,0.0,0.0,0.0,0.0,0.0,0.0,0.0,0.0,0.0,0.0,1.0,0.0,0.0,False,Qwen/Qwen2.5-Coder-14B-Instruct-AWQ,None
3124@x_name@ASC,Bar,Medium,0.5515,1.6546,3,0.0,0.0,0.0,0.0,0.0,0.0,0.0,0.0,0.0,0.0,1.0,0.0,0.0,False,Qwen/Qwen2.5-Coder-14B-Instruct-AWQ,None
3124@x_name@ASC,Bar,Medium,0.5515,1.6546,3,0.0,0.0,0.0,0.0,0.0,0.0,0.0,0.0,0.0,0.0,1.0,0.0,0.0,False,Qwen/Qwen2.5-Coder-14B-Instruct-AWQ,None
3134@y_name@ASC,Bar,Easy,0.6075,3.0373,5,0.0,0.0,0.0,0.0,0.0,0.0,0.0,0.0,0.0,0.0,1.0,0.0,0.0,False,Qwen/Qwen2.5-Coder-14B-Instruct-AWQ,None
3134@y_name@ASC,Bar,Easy,0.6075,3.0373,5,0.0,0.0,0.0,0.0,0.0,0.0,0.0,0.0,0.0,0.0,1.0,0.0,0.0,False,Qwen/Qwen2.5-Coder-14B-Instruct-AWQ,None
3134@y_name@ASC,Bar,Easy,0.6075,3.0373,5,0.0,0.0,0.0,0.0,0.0,0.0,0.0,0.0,0.0,0.0,1.0,0.0,0.0,False,Qwen/Qwen2.5-Coder-14B-Instruct-AWQ,None
3135@y_name@ASC,Bar,Easy,0.4832,1.4497,3,0.0,0.0,0.0,0.0,0.3333333333333333,0.0,0.0,0.0,0.0,0.3333333333333333,0.6666666666666666,0.0,0.0,False,Qwen/Qwen2.5-Coder-14B-Instruct-AWQ,None
3135@y_name@ASC,Bar,Easy,0.4832,1.4497,3,0.0,0.0,0.0,0.0,0.3333333333333333,0.0,0.0,0.0,0.0,0.3333333333333333,0.6666666666666666,0.0,0.0,False,Qwen/Qwen2.5-Coder-14B-Instruct-AWQ,None
3135@y_name@ASC,Bar,Easy,0.4832,1.4497,3,0.0,0.0,0.0,0.0,0.3333333333333333,0.0,0.0,0.0,0.0,0.3333333333333333,0.6666666666666666,0.0,0.0,False,Qwen/Qwen2.5-Coder-14B-Instruct-AWQ,None
3137@y_name@DESC,Bar,Easy,0.5361,2.6805,5,0.0,0.0,0.0,0.0,0.4,0.0,0.0,0.0,0.0,0.4,0.6,0.0,0.0,False,Qwen/Qwen2.5-Coder-14B-Instruct-AWQ,None
3137@y_name@DESC,Bar,Easy,0.5361,2.6805,5,0.0,0.0,0.0,0.0,0.4,0.0,0.0,0.0,0.0,0.4,0.6,0.0,0.0,False,Qwen/Qwen2.5-Coder-14B-Instruct-AWQ,None
3137@y_name@DESC,Bar,Easy,0.5361,2.6805,5,0.0,0.0,0.0,0.0,0.4,0.0,0.0,0.0,0.0,0.4,0.6,0.0,0.0,False,Qwen/Qwen2.5-Coder-14B-Instruct-AWQ,None
3138@x_name@ASC,Bar,Easy,0.4413,1.7653,4,0.0,0.0,0.0,0.0,0.0,0.0,0.0,0.0,0.0,0.0,1.0,0.0,0.0,False,Qwen/Qwen2.5-Coder-14B-Instruct-AWQ,None
3138@x_name@ASC,Bar,Easy,0.4413,1.7653,4,0.0,0.0,0.0,0.0,0.0,0.0,0.0,0.0,0.0,0.0,1.0,0.0,0.0,False,Qwen/Qwen2.5-Coder-14B-Instruct-AWQ,None
3138@x_name@ASC,Bar,Easy,0.4413,1.7653,4,0.0,0.0,0.0,0.0,0.0,0.0,0.0,0.0,0.0,0.0,1.0,0.0,0.0,False,Qwen/Qwen2.5-Coder-14B-Instruct-AWQ,None
3140@x_name@ASC,Bar,Easy,0.4799,1.9194,4,0.0,0.0,0.0,0.0,0.25,0.0,0.0,0.0,0.0,0.25,0.75,0.0,0.0,False,Qwen/Qwen2.5-Coder-14B-Instruct-AWQ,None
3140@x_name@ASC,Bar,Easy,0.4799,1.9194,4,0.0,0.0,0.0,0.0,0.25,0.0,0.0,0.0,0.0,0.25,0.75,0.0,0.0,False,Qwen/Qwen2.5-Coder-14B-Instruct-AWQ,None
3140@x_name@ASC,Bar,Easy,0.4799,1.9194,4,0.0,0.0,0.0,0.0,0.25,0.0,0.0,0.0,0.0,0.25,0.75,0.0,0.0,False,Qwen/Qwen2.5-Coder-14B-Instruct-AWQ,None
3141@y_name@ASC,Bar,Easy,0.4421,1.3263,3,0.0,0.0,0.0,0.0,0.3333333333333333,0.0,0.0,0.0,0.0,0.3333333333333333,0.6666666666666666,0.0,0.0,False,Qwen/Qwen2.5-Coder-14B-Instruct-AWQ,None
3141@y_name@ASC,Bar,Easy,0.4421,1.3263,3,0.0,0.0,0.0,0.0,0.3333333333333333,0.0,0.0,0.0,0.0,0.3333333333333333,0.6666666666666666,0.0,0.0,False,Qwen/Qwen2.5-Coder-14B-Instruct-AWQ,None
3141@y_name@ASC,Bar,Easy,0.4421,1.3263,3,0.0,0.0,0.0,0.0,0.3333333333333333,0.0,0.0,0.0,0.0,0.3333333333333333,0.6666666666666666,0.0,0.0,False,Qwen/Qwen2.5-Coder-14B-Instruct-AWQ,None
3144@x_name@DESC,Bar,Easy,0.4749,0.4749,1,0.0,0.0,0.0,0.0,0.0,0.0,0.0,0.0,0.0,0.0,1.0,0.0,0.0,False,Qwen/Qwen2.5-Coder-14B-Instruct-AWQ,None
3144@x_name@DESC,Bar,Easy,0.4749,0.4749,1,0.0,0.0,0.0,0.0,0.0,0.0,0.0,0.0,0.0,0.0,1.0,0.0,0.0,False,Qwen/Qwen2.5-Coder-14B-Instruct-AWQ,None
3144@x_name@DESC,Bar,Easy,0.4749,0.4749,1,0.0,0.0,0.0,0.0,0.0,0.0,0.0,0.0,0.0,0.0,1.0,0.0,0.0,False,Qwen/Qwen2.5-Coder-14B-Instruct-AWQ,None
3146@x_name@DESC,Bar,Easy,0.5123,1.537,3,0.0,0.0,0.0,0.0,0.3333333333333333,0.0,0.0,0.0,0.0,0.3333333333333333,0.6666666666666666,0.0,0.0,False,Qwen/Qwen2.5-Coder-14B-Instruct-AWQ,None
3146@x_name@DESC,Bar,Easy,0.5123,1.537,3,0.0,0.0,0.0,0.0,0.3333333333333333,0.0,0.0,0.0,0.0,0.3333333333333333,0.6666666666666666,0.0,0.0,False,Qwen/Qwen2.5-Coder-14B-Instruct-AWQ,None
3146@x_name@DESC,Bar,Easy,0.5123,1.537,3,0.0,0.0,0.0,0.0,0.3333333333333333,0.0,0.0,0.0,0.0,0.3333333333333333,0.6666666666666666,0.0,0.0,False,Qwen/Qwen2.5-Coder-14B-Instruct-AWQ,None
2349@y_name@ASC,Bar,Medium,0.4885,0.4885,1,0.0,0.0,0.0,0.0,0.0,0.0,0.0,0.0,0.0,0.0,1.0,0.0,0.0,False,Qwen/Qwen2.5-Coder-14B-Instruct-AWQ,None
2349@y_name@ASC,Bar,Medium,0.4885,0.4885,1,0.0,0.0,0.0,0.0,0.0,0.0,0.0,0.0,0.0,0.0,1.0,0.0,0.0,False,Qwen/Qwen2.5-Coder-14B-Instruct-AWQ,None
2349@y_name@ASC,Bar,Medium,0.4885,0.4885,1,0.0,0.0,0.0,0.0,0.0,0.0,0.0,0.0,0.0,0.0,1.0,0.0,0.0,False,Qwen/Qwen2.5-Coder-14B-Instruct-AWQ,None
2596@x_name@ASC,Bar,Extra Hard,0.9931,0.9931,1,0.0,0.0,0.0,0.0,0.0,0.0,0.0,0.0,0.0,0.0,1.0,0.0,0.0,True,Qwen/Qwen2.5-Coder-14B-Instruct-AWQ,None
2596@x_name@ASC,Bar,Extra Hard,0.9931,0.9931,1,0.0,0.0,0.0,0.0,0.0,0.0,0.0,0.0,0.0,0.0,1.0,0.0,0.0,True,Qwen/Qwen2.5-Coder-14B-Instruct-AWQ,None
2596@x_name@ASC,Bar,Extra Hard,0.9931,0.9931,1,0.0,0.0,0.0,0.0,0.0,0.0,0.0,0.0,0.0,0.0,1.0,0.0,0.0,True,Qwen/Qwen2.5-Coder-14B-Instruct-AWQ,None
2600@y_name@ASC,Stacked Bar,Extra Hard,18.7661,18.7661,1,1.0,0.0,0.0,0.0,0.0,0.0,0.0,0.0,1.0,0.0,0.0,,0.0,True,Qwen/Qwen2.5-Coder-14B-Instruct-AWQ,None
2600@y_name@ASC,Stacked Bar,Extra Hard,18.7661,18.7661,1,1.0,0.0,0.0,0.0,0.0,0.0,0.0,0.0,1.0,0.0,0.0,,0.0,True,Qwen/Qwen2.5-Coder-14B-Instruct-AWQ,None
2600@y_name@ASC,Stacked Bar,Extra Hard,18.7661,18.7661,1,1.0,0.0,0.0,0.0,0.0,0.0,0.0,0.0,1.0,0.0,0.0,,0.0,True,Qwen/Qwen2.5-Coder-14B-Instruct-AWQ,None
2602@y_name@DESC,Bar,Medium,0.768,0.768,1,0.0,0.0,0.0,0.0,1.0,0.0,0.0,0.0,0.0,1.0,0.0,,0.0,False,Qwen/Qwen2.5-Coder-14B-Instruct-AWQ,None
2602@y_name@DESC,Bar,Medium,0.768,0.768,1,0.0,0.0,0.0,0.0,1.0,0.0,0.0,0.0,0.0,1.0,0.0,,0.0,False,Qwen/Qwen2.5-Coder-14B-Instruct-AWQ,None
2602@y_name@DESC,Bar,Medium,0.768,0.768,1,0.0,0.0,0.0,0.0,1.0,0.0,0.0,0.0,0.0,1.0,0.0,,0.0,False,Qwen/Qwen2.5-Coder-14B-Instruct-AWQ,None
2607@x_name@DESC,Bar,Medium,0.6535,0.6535,1,0.0,0.0,0.0,0.0,0.0,1.0,0.0,0.0,0.0,1.0,0.0,,0.0,False,Qwen/Qwen2.5-Coder-14B-Instruct-AWQ,None
2607@x_name@DESC,Bar,Medium,0.6535,0.6535,1,0.0,0.0,0.0,0.0,0.0,1.0,0.0,0.0,0.0,1.0,0.0,,0.0,False,Qwen/Qwen2.5-Coder-14B-Instruct-AWQ,None
2607@x_name@DESC,Bar,Medium,0.6535,0.6535,1,0.0,0.0,0.0,0.0,0.0,1.0,0.0,0.0,0.0,1.0,0.0,,0.0,False,Qwen/Qwen2.5-Coder-14B-Instruct-AWQ,None
2902@x_name@DESC,Bar,Medium,0.5614,0.5614,1,0.0,0.0,0.0,0.0,0.0,1.0,0.0,0.0,0.0,1.0,0.0,,0.0,False,Qwen/Qwen2.5-Coder-14B-Instruct-AWQ,None
2902@x_name@DESC,Bar,Medium,0.5614,0.5614,1,0.0,0.0,0.0,0.0,0.0,1.0,0.0,0.0,0.0,1.0,0.0,,0.0,False,Qwen/Qwen2.5-Coder-14B-Instruct-AWQ,None
2902@x_name@DESC,Bar,Medium,0.5614,0.5614,1,0.0,0.0,0.0,0.0,0.0,1.0,0.0,0.0,0.0,1.0,0.0,,0.0,False,Qwen/Qwen2.5-Coder-14B-Instruct-AWQ,None
1399@x_name@ASC,Bar,Medium,0.4717,0.4717,1,0.0,0.0,0.0,0.0,0.0,0.0,0.0,0.0,0.0,0.0,1.0,0.0,0.0,False,Qwen/Qwen2.5-Coder-14B-Instruct-AWQ,None
1399@x_name@ASC,Bar,Medium,0.4717,0.4717,1,0.0,0.0,0.0,0.0,0.0,0.0,0.0,0.0,0.0,0.0,1.0,0.0,0.0,False,Qwen/Qwen2.5-Coder-14B-Instruct-AWQ,None
1399@x_name@ASC,Bar,Medium,0.4717,0.4717,1,0.0,0.0,0.0,0.0,0.0,0.0,0.0,0.0,0.0,0.0,1.0,0.0,0.0,False,Qwen/Qwen2.5-Coder-14B-Instruct-AWQ,None
2933@x_name@DESC,Bar,Hard,0.8712,0.8712,1,0.0,0.0,0.0,0.0,0.0,1.0,0.0,0.0,0.0,1.0,0.0,,0.0,True,Qwen/Qwen2.5-Coder-14B-Instruct-AWQ,None
2933@x_name@DESC,Bar,Hard,0.8712,0.8712,1,0.0,0.0,0.0,0.0,0.0,1.0,0.0,0.0,0.0,1.0,0.0,,0.0,True,Qwen/Qwen2.5-Coder-14B-Instruct-AWQ,None
2933@x_name@DESC,Bar,Hard,0.8712,0.8712,1,0.0,0.0,0.0,0.0,0.0,1.0,0.0,0.0,0.0,1.0,0.0,,0.0,True,Qwen/Qwen2.5-Coder-14B-Instruct-AWQ,None
2935@x_name@ASC,Bar,Hard,0.8483,0.8483,1,0.0,0.0,0.0,0.0,0.0,0.0,0.0,0.0,0.0,0.0,1.0,0.0,0.0,True,Qwen/Qwen2.5-Coder-14B-Instruct-AWQ,None
2935@x_name@ASC,Bar,Hard,0.8483,0.8483,1,0.0,0.0,0.0,0.0,0.0,0.0,0.0,0.0,0.0,0.0,1.0,0.0,0.0,True,Qwen/Qwen2.5-Coder-14B-Instruct-AWQ,None
2935@x_name@ASC,Bar,Hard,0.8483,0.8483,1,0.0,0.0,0.0,0.0,0.0,0.0,0.0,0.0,0.0,0.0,1.0,0.0,0.0,True,Qwen/Qwen2.5-Coder-14B-Instruct-AWQ,None
2943@y_name@ASC,Bar,Medium,0.4722,0.4722,1,0.0,0.0,0.0,0.0,0.0,0.0,0.0,0.0,0.0,0.0,1.0,0.0,0.0,False,Qwen/Qwen2.5-Coder-14B-Instruct-AWQ,None
2943@y_name@ASC,Bar,Medium,0.4722,0.4722,1,0.0,0.0,0.0,0.0,0.0,0.0,0.0,0.0,0.0,0.0,1.0,0.0,0.0,False,Qwen/Qwen2.5-Coder-14B-Instruct-AWQ,None
2943@y_name@ASC,Bar,Medium,0.4722,0.4722,1,0.0,0.0,0.0,0.0,0.0,0.0,0.0,0.0,0.0,0.0,1.0,0.0,0.0,False,Qwen/Qwen2.5-Coder-14B-Instruct-AWQ,None
2944@y_name@ASC,Bar,Easy,0.3466,0.3466,1,0.0,0.0,0.0,0.0,0.0,0.0,0.0,0.0,0.0,0.0,1.0,0.0,0.0,False,Qwen/Qwen2.5-Coder-14B-Instruct-AWQ,None
2944@y_name@ASC,Bar,Easy,0.3466,0.3466,1,0.0,0.0,0.0,0.0,0.0,0.0,0.0,0.0,0.0,0.0,1.0,0.0,0.0,False,Qwen/Qwen2.5-Coder-14B-Instruct-AWQ,None
2944@y_name@ASC,Bar,Easy,0.3466,0.3466,1,0.0,0.0,0.0,0.0,0.0,0.0,0.0,0.0,0.0,0.0,1.0,0.0,0.0,False,Qwen/Qwen2.5-Coder-14B-Instruct-AWQ,None
2950@y_name@ASC,Bar,Hard,0.5953,0.5953,1,0.0,0.0,0.0,0.0,0.0,0.0,0.0,0.0,0.0,0.0,1.0,0.0,0.0,False,Qwen/Qwen2.5-Coder-14B-Instruct-AWQ,None
2950@y_name@ASC,Bar,Hard,0.5953,0.5953,1,0.0,0.0,0.0,0.0,0.0,0.0,0.0,0.0,0.0,0.0,1.0,0.0,0.0,False,Qwen/Qwen2.5-Coder-14B-Instruct-AWQ,None
2950@y_name@ASC,Bar,Hard,0.5953,0.5953,1,0.0,0.0,0.0,0.0,0.0,0.0,0.0,0.0,0.0,0.0,1.0,0.0,0.0,False,Qwen/Qwen2.5-Coder-14B-Instruct-AWQ,None
1989@y_name@DESC,Bar,Extra Hard,13.9308,13.9308,1,1.0,0.0,0.0,0.0,0.0,0.0,0.0,0.0,1.0,0.0,0.0,,0.0,True,Qwen/Qwen2.5-Coder-14B-Instruct-AWQ,None
1989@y_name@DESC,Bar,Extra Hard,13.9308,13.9308,1,1.0,0.0,0.0,0.0,0.0,0.0,0.0,0.0,1.0,0.0,0.0,,0.0,True,Qwen/Qwen2.5-Coder-14B-Instruct-AWQ,None
1989@y_name@DESC,Bar,Extra Hard,13.9308,13.9308,1,1.0,0.0,0.0,0.0,0.0,0.0,0.0,0.0,1.0,0.0,0.0,,0.0,True,Qwen/Qwen2.5-Coder-14B-Instruct-AWQ,None
1967@x_name@DESC,Bar,Medium,0.4932,0.9865,2,0.0,0.0,0.0,0.0,0.0,0.5,0.0,0.0,0.0,0.5,0.5,0.0,0.0,False,Qwen/Qwen2.5-Coder-14B-Instruct-AWQ,None
1967@x_name@DESC,Bar,Medium,0.4932,0.9865,2,0.0,0.0,0.0,0.0,0.0,0.5,0.0,0.0,0.0,0.5,0.5,0.0,0.0,False,Qwen/Qwen2.5-Coder-14B-Instruct-AWQ,None
1967@x_name@DESC,Bar,Medium,0.4932,0.9865,2,0.0,0.0,0.0,0.0,0.0,0.5,0.0,0.0,0.0,0.5,0.5,0.0,0.0,False,Qwen/Qwen2.5-Coder-14B-Instruct-AWQ,None
1970@x_name@ASC,Bar,Easy,0.4643,0.9286,2,0.0,0.0,0.0,0.0,0.0,0.0,0.0,0.0,0.0,0.0,1.0,0.0,0.0,False,Qwen/Qwen2.5-Coder-14B-Instruct-AWQ,None
1970@x_name@ASC,Bar,Easy,0.4643,0.9286,2,0.0,0.0,0.0,0.0,0.0,0.0,0.0,0.0,0.0,0.0,1.0,0.0,0.0,False,Qwen/Qwen2.5-Coder-14B-Instruct-AWQ,None
1970@x_name@ASC,Bar,Easy,0.4643,0.9286,2,0.0,0.0,0.0,0.0,0.0,0.0,0.0,0.0,0.0,0.0,1.0,0.0,0.0,False,Qwen/Qwen2.5-Coder-14B-Instruct-AWQ,None
1977@x_name@ASC,Bar,Medium,0.4974,1.4921,3,0.0,0.0,0.0,0.0,0.0,0.0,0.0,0.0,0.0,0.0,1.0,0.0,0.0,False,Qwen/Qwen2.5-Coder-14B-Instruct-AWQ,None
1977@x_name@ASC,Bar,Medium,0.4974,1.4921,3,0.0,0.0,0.0,0.0,0.0,0.0,0.0,0.0,0.0,0.0,1.0,0.0,0.0,False,Qwen/Qwen2.5-Coder-14B-Instruct-AWQ,None
1977@x_name@ASC,Bar,Medium,0.4974,1.4921,3,0.0,0.0,0.0,0.0,0.0,0.0,0.0,0.0,0.0,0.0,1.0,0.0,0.0,False,Qwen/Qwen2.5-Coder-14B-Instruct-AWQ,None
1979@y_name@DESC,Bar,Hard,1.4371,5.7486,4,0.0,0.0,0.0,0.0,0.0,0.0,0.0,0.0,0.0,0.0,1.0,0.0,0.0,False,Qwen/Qwen2.5-Coder-14B-Instruct-AWQ,None
1979@y_name@DESC,Bar,Hard,1.4371,5.7486,4,0.0,0.0,0.0,0.0,0.0,0.0,0.0,0.0,0.0,0.0,1.0,0.0,0.0,False,Qwen/Qwen2.5-Coder-14B-Instruct-AWQ,None
1979@y_name@DESC,Bar,Hard,1.4371,5.7486,4,0.0,0.0,0.0,0.0,0.0,0.0,0.0,0.0,0.0,0.0,1.0,0.0,0.0,False,Qwen/Qwen2.5-Coder-14B-Instruct-AWQ,None
1981@y_name@DESC,Bar,Extra Hard,0.8571,3.4283,4,0.0,0.0,0.0,0.0,0.0,0.0,0.0,0.0,0.0,0.0,1.0,0.0,0.0,True,Qwen/Qwen2.5-Coder-14B-Instruct-AWQ,None
1981@y_name@DESC,Bar,Extra Hard,0.8571,3.4283,4,0.0,0.0,0.0,0.0,0.0,0.0,0.0,0.0,0.0,0.0,1.0,0.0,0.0,True,Qwen/Qwen2.5-Coder-14B-Instruct-AWQ,None
1981@y_name@DESC,Bar,Extra Hard,0.8571,3.4283,4,0.0,0.0,0.0,0.0,0.0,0.0,0.0,0.0,0.0,0.0,1.0,0.0,0.0,True,Qwen/Qwen2.5-Coder-14B-Instruct-AWQ,None
1984@y_name@DESC,Bar,Hard,0.7486,1.4971,2,0.0,0.0,0.0,0.0,0.0,0.0,0.0,0.0,0.0,0.0,1.0,0.0,0.0,True,Qwen/Qwen2.5-Coder-14B-Instruct-AWQ,None
1984@y_name@DESC,Bar,Hard,0.7486,1.4971,2,0.0,0.0,0.0,0.0,0.0,0.0,0.0,0.0,0.0,0.0,1.0,0.0,0.0,True,Qwen/Qwen2.5-Coder-14B-Instruct-AWQ,None
1984@y_name@DESC,Bar,Hard,0.7486,1.4971,2,0.0,0.0,0.0,0.0,0.0,0.0,0.0,0.0,0.0,0.0,1.0,0.0,0.0,True,Qwen/Qwen2.5-Coder-14B-Instruct-AWQ,None
3033@y_name@ASC,Bar,Medium,0.8575,2.5724,3,0.0,0.0,0.0,0.0,0.0,0.0,0.0,0.0,0.0,0.0,1.0,0.0,0.0,False,Qwen/Qwen2.5-Coder-14B-Instruct-AWQ,None
3033@y_name@ASC,Bar,Medium,0.8575,2.5724,3,0.0,0.0,0.0,0.0,0.0,0.0,0.0,0.0,0.0,0.0,1.0,0.0,0.0,False,Qwen/Qwen2.5-Coder-14B-Instruct-AWQ,None
3033@y_name@ASC,Bar,Medium,0.8575,2.5724,3,0.0,0.0,0.0,0.0,0.0,0.0,0.0,0.0,0.0,0.0,1.0,0.0,0.0,False,Qwen/Qwen2.5-Coder-14B-Instruct-AWQ,None
2677@x_name@ASC,Bar,Medium,0.4689,0.4689,1,0.0,0.0,0.0,0.0,0.0,0.0,0.0,0.0,0.0,0.0,1.0,0.0,0.0,False,Qwen/Qwen2.5-Coder-14B-Instruct-AWQ,None
2677@x_name@ASC,Bar,Medium,0.4689,0.4689,1,0.0,0.0,0.0,0.0,0.0,0.0,0.0,0.0,0.0,0.0,1.0,0.0,0.0,False,Qwen/Qwen2.5-Coder-14B-Instruct-AWQ,None
2677@x_name@ASC,Bar,Medium,0.4689,0.4689,1,0.0,0.0,0.0,0.0,0.0,0.0,0.0,0.0,0.0,0.0,1.0,0.0,0.0,False,Qwen/Qwen2.5-Coder-14B-Instruct-AWQ,None
2678@y_name@DESC,Bar,Medium,0.487,1.461,3,0.0,0.0,0.0,0.0,0.0,0.0,0.0,0.0,0.0,0.0,1.0,0.0,0.0,False,Qwen/Qwen2.5-Coder-14B-Instruct-AWQ,None
2678@y_name@DESC,Bar,Medium,0.487,1.461,3,0.0,0.0,0.0,0.0,0.0,0.0,0.0,0.0,0.0,0.0,1.0,0.0,0.0,False,Qwen/Qwen2.5-Coder-14B-Instruct-AWQ,None
2678@y_name@DESC,Bar,Medium,0.487,1.461,3,0.0,0.0,0.0,0.0,0.0,0.0,0.0,0.0,0.0,0.0,1.0,0.0,0.0,False,Qwen/Qwen2.5-Coder-14B-Instruct-AWQ,None
2681@x_name@ASC,Bar,Medium,0.4938,0.4938,1,0.0,0.0,0.0,0.0,0.0,0.0,0.0,0.0,0.0,0.0,1.0,0.0,0.0,False,Qwen/Qwen2.5-Coder-14B-Instruct-AWQ,None
2681@x_name@ASC,Bar,Medium,0.4938,0.4938,1,0.0,0.0,0.0,0.0,0.0,0.0,0.0,0.0,0.0,0.0,1.0,0.0,0.0,False,Qwen/Qwen2.5-Coder-14B-Instruct-AWQ,None
2681@x_name@ASC,Bar,Medium,0.4938,0.4938,1,0.0,0.0,0.0,0.0,0.0,0.0,0.0,0.0,0.0,0.0,1.0,0.0,0.0,False,Qwen/Qwen2.5-Coder-14B-Instruct-AWQ,None
2755@x_name@DESC,Stacked Bar,Hard,0.6303,0.6303,1,0.0,0.0,0.0,0.0,0.0,1.0,0.0,0.0,0.0,1.0,0.0,,0.0,False,Qwen/Qwen2.5-Coder-14B-Instruct-AWQ,None
2755@x_name@DESC,Stacked Bar,Hard,0.6303,0.6303,1,0.0,0.0,0.0,0.0,0.0,1.0,0.0,0.0,0.0,1.0,0.0,,0.0,False,Qwen/Qwen2.5-Coder-14B-Instruct-AWQ,None
2755@x_name@DESC,Stacked Bar,Hard,0.6303,0.6303,1,0.0,0.0,0.0,0.0,0.0,1.0,0.0,0.0,0.0,1.0,0.0,,0.0,False,Qwen/Qwen2.5-Coder-14B-Instruct-AWQ,None
2756@x_name@DESC,Stacked Bar,Hard,3.9333,11.7999,3,0.0,0.0,0.0,0.3333333333333333,0.3333333333333333,0.6666666666666666,0.0,0.0,0.0,1.0,0.0,,0.0,False,Qwen/Qwen2.5-Coder-14B-Instruct-AWQ,None
2756@x_name@DESC,Stacked Bar,Hard,3.9333,11.7999,3,0.0,0.0,0.0,0.3333333333333333,0.3333333333333333,0.6666666666666666,0.0,0.0,0.0,1.0,0.0,,0.0,False,Qwen/Qwen2.5-Coder-14B-Instruct-AWQ,None
2756@x_name@DESC,Stacked Bar,Hard,3.9333,11.7999,3,0.0,0.0,0.0,0.3333333333333333,0.3333333333333333,0.6666666666666666,0.0,0.0,0.0,1.0,0.0,,0.0,False,Qwen/Qwen2.5-Coder-14B-Instruct-AWQ,None
2760@y_name@DESC,Bar,Medium,0.505,2.0198,4,0.0,0.0,0.0,0.0,0.0,0.0,0.0,0.0,0.0,0.0,1.0,0.0,0.0,False,Qwen/Qwen2.5-Coder-14B-Instruct-AWQ,None
2760@y_name@DESC,Bar,Medium,0.505,2.0198,4,0.0,0.0,0.0,0.0,0.0,0.0,0.0,0.0,0.0,0.0,1.0,0.0,0.0,False,Qwen/Qwen2.5-Coder-14B-Instruct-AWQ,None
2760@y_name@DESC,Bar,Medium,0.505,2.0198,4,0.0,0.0,0.0,0.0,0.0,0.0,0.0,0.0,0.0,0.0,1.0,0.0,0.0,False,Qwen/Qwen2.5-Coder-14B-Instruct-AWQ,None
2762@y_name@DESC,Bar,Medium,0.4124,1.6495,4,0.0,0.0,0.0,0.0,0.0,0.0,0.0,0.0,0.0,0.0,1.0,0.0,0.0,False,Qwen/Qwen2.5-Coder-14B-Instruct-AWQ,None
2762@y_name@DESC,Bar,Medium,0.4124,1.6495,4,0.0,0.0,0.0,0.0,0.0,0.0,0.0,0.0,0.0,0.0,1.0,0.0,0.0,False,Qwen/Qwen2.5-Coder-14B-Instruct-AWQ,None
2762@y_name@DESC,Bar,Medium,0.4124,1.6495,4,0.0,0.0,0.0,0.0,0.0,0.0,0.0,0.0,0.0,0.0,1.0,0.0,0.0,False,Qwen/Qwen2.5-Coder-14B-Instruct-AWQ,None
2763@y_name@ASC,Bar,Medium,0.4485,0.8971,2,0.0,0.0,0.0,0.0,0.0,0.0,0.0,0.0,0.0,0.0,1.0,0.0,0.0,False,Qwen/Qwen2.5-Coder-14B-Instruct-AWQ,None
2763@y_name@ASC,Bar,Medium,0.4485,0.8971,2,0.0,0.0,0.0,0.0,0.0,0.0,0.0,0.0,0.0,0.0,1.0,0.0,0.0,False,Qwen/Qwen2.5-Coder-14B-Instruct-AWQ,None
2763@y_name@ASC,Bar,Medium,0.4485,0.8971,2,0.0,0.0,0.0,0.0,0.0,0.0,0.0,0.0,0.0,0.0,1.0,0.0,0.0,False,Qwen/Qwen2.5-Coder-14B-Instruct-AWQ,None
2765@y_name@ASC,Bar,Medium,0.5001,1.5004,3,0.0,0.0,0.0,0.0,0.0,0.0,0.0,0.0,0.0,0.0,1.0,0.0,0.0,False,Qwen/Qwen2.5-Coder-14B-Instruct-AWQ,None
2765@y_name@ASC,Bar,Medium,0.5001,1.5004,3,0.0,0.0,0.0,0.0,0.0,0.0,0.0,0.0,0.0,0.0,1.0,0.0,0.0,False,Qwen/Qwen2.5-Coder-14B-Instruct-AWQ,None
2765@y_name@ASC,Bar,Medium,0.5001,1.5004,3,0.0,0.0,0.0,0.0,0.0,0.0,0.0,0.0,0.0,0.0,1.0,0.0,0.0,False,Qwen/Qwen2.5-Coder-14B-Instruct-AWQ,None
2879@y_name@ASC,Bar,Medium,0.5768,1.1536,2,0.0,0.0,0.0,0.0,0.0,0.0,0.0,0.0,0.0,0.0,1.0,0.0,0.0,False,Qwen/Qwen2.5-Coder-14B-Instruct-AWQ,None
2879@y_name@ASC,Bar,Medium,0.5768,1.1536,2,0.0,0.0,0.0,0.0,0.0,0.0,0.0,0.0,0.0,0.0,1.0,0.0,0.0,False,Qwen/Qwen2.5-Coder-14B-Instruct-AWQ,None
2879@y_name@ASC,Bar,Medium,0.5768,1.1536,2,0.0,0.0,0.0,0.0,0.0,0.0,0.0,0.0,0.0,0.0,1.0,0.0,0.0,False,Qwen/Qwen2.5-Coder-14B-Instruct-AWQ,None
2886@x_name@DESC,Bar,Hard,0.8326,0.8326,1,0.0,0.0,0.0,0.0,0.0,1.0,0.0,0.0,0.0,1.0,0.0,,0.0,True,Qwen/Qwen2.5-Coder-14B-Instruct-AWQ,None
2886@x_name@DESC,Bar,Hard,0.8326,0.8326,1,0.0,0.0,0.0,0.0,0.0,1.0,0.0,0.0,0.0,1.0,0.0,,0.0,True,Qwen/Qwen2.5-Coder-14B-Instruct-AWQ,None
2886@x_name@DESC,Bar,Hard,0.8326,0.8326,1,0.0,0.0,0.0,0.0,0.0,1.0,0.0,0.0,0.0,1.0,0.0,,0.0,True,Qwen/Qwen2.5-Coder-14B-Instruct-AWQ,None
116@x_name@DESC,Bar,Hard,1.0221,2.0443,2,0.0,0.0,0.0,0.0,0.0,0.0,0.0,0.0,0.0,0.0,1.0,0.0,0.0,True,Qwen/Qwen2.5-Coder-14B-Instruct-AWQ,None
116@x_name@DESC,Bar,Hard,1.0221,2.0443,2,0.0,0.0,0.0,0.0,0.0,0.0,0.0,0.0,0.0,0.0,1.0,0.0,0.0,True,Qwen/Qwen2.5-Coder-14B-Instruct-AWQ,None
116@x_name@DESC,Bar,Hard,1.0221,2.0443,2,0.0,0.0,0.0,0.0,0.0,0.0,0.0,0.0,0.0,0.0,1.0,0.0,0.0,True,Qwen/Qwen2.5-Coder-14B-Instruct-AWQ,None
117@y_name@ASC,Bar,Medium,0.5306,1.0612,2,0.0,0.0,0.0,0.0,0.0,0.0,0.0,0.0,0.0,0.0,1.0,0.0,0.0,False,Qwen/Qwen2.5-Coder-14B-Instruct-AWQ,None
117@y_name@ASC,Bar,Medium,0.5306,1.0612,2,0.0,0.0,0.0,0.0,0.0,0.0,0.0,0.0,0.0,0.0,1.0,0.0,0.0,False,Qwen/Qwen2.5-Coder-14B-Instruct-AWQ,None
117@y_name@ASC,Bar,Medium,0.5306,1.0612,2,0.0,0.0,0.0,0.0,0.0,0.0,0.0,0.0,0.0,0.0,1.0,0.0,0.0,False,Qwen/Qwen2.5-Coder-14B-Instruct-AWQ,None
123@y_name@DESC,Bar,Hard,0.5535,0.5535,1,0.0,0.0,0.0,0.0,0.0,0.0,0.0,0.0,0.0,0.0,1.0,0.0,0.0,True,Qwen/Qwen2.5-Coder-14B-Instruct-AWQ,None
123@y_name@DESC,Bar,Hard,0.5535,0.5535,1,0.0,0.0,0.0,0.0,0.0,0.0,0.0,0.0,0.0,0.0,1.0,0.0,0.0,True,Qwen/Qwen2.5-Coder-14B-Instruct-AWQ,None
123@y_name@DESC,Bar,Hard,0.5535,0.5535,1,0.0,0.0,0.0,0.0,0.0,0.0,0.0,0.0,0.0,0.0,1.0,0.0,0.0,True,Qwen/Qwen2.5-Coder-14B-Instruct-AWQ,None
127@y_name@ASC,Bar,Hard,0.8909,0.8909,1,0.0,0.0,0.0,0.0,0.0,0.0,0.0,0.0,0.0,0.0,1.0,0.0,0.0,True,Qwen/Qwen2.5-Coder-14B-Instruct-AWQ,None
127@y_name@ASC,Bar,Hard,0.8909,0.8909,1,0.0,0.0,0.0,0.0,0.0,0.0,0.0,0.0,0.0,0.0,1.0,0.0,0.0,True,Qwen/Qwen2.5-Coder-14B-Instruct-AWQ,None
127@y_name@ASC,Bar,Hard,0.8909,0.8909,1,0.0,0.0,0.0,0.0,0.0,0.0,0.0,0.0,0.0,0.0,1.0,0.0,0.0,True,Qwen/Qwen2.5-Coder-14B-Instruct-AWQ,None
128@x_name@DESC,Bar,Hard,0.8515,0.8515,1,0.0,0.0,0.0,0.0,0.0,0.0,0.0,0.0,0.0,0.0,1.0,0.0,0.0,True,Qwen/Qwen2.5-Coder-14B-Instruct-AWQ,None
128@x_name@DESC,Bar,Hard,0.8515,0.8515,1,0.0,0.0,0.0,0.0,0.0,0.0,0.0,0.0,0.0,0.0,1.0,0.0,0.0,True,Qwen/Qwen2.5-Coder-14B-Instruct-AWQ,None
128@x_name@DESC,Bar,Hard,0.8515,0.8515,1,0.0,0.0,0.0,0.0,0.0,0.0,0.0,0.0,0.0,0.0,1.0,0.0,0.0,True,Qwen/Qwen2.5-Coder-14B-Instruct-AWQ,None
134@x_name@DESC,Stacked Bar,Extra Hard,1.3131,1.3131,1,0.0,0.0,0.0,0.0,0.0,1.0,0.0,0.0,0.0,1.0,0.0,,0.0,True,Qwen/Qwen2.5-Coder-14B-Instruct-AWQ,None
134@x_name@DESC,Stacked Bar,Extra Hard,1.3131,1.3131,1,0.0,0.0,0.0,0.0,0.0,1.0,0.0,0.0,0.0,1.0,0.0,,0.0,True,Qwen/Qwen2.5-Coder-14B-Instruct-AWQ,None
134@x_name@DESC,Stacked Bar,Extra Hard,1.3131,1.3131,1,0.0,0.0,0.0,0.0,0.0,1.0,0.0,0.0,0.0,1.0,0.0,,0.0,True,Qwen/Qwen2.5-Coder-14B-Instruct-AWQ,None
139@y_name@ASC,Bar,Hard,0.7632,1.5265,2,0.0,0.0,0.0,0.0,0.0,0.0,0.0,0.0,0.0,0.0,1.0,0.0,0.0,True,Qwen/Qwen2.5-Coder-14B-Instruct-AWQ,None
139@y_name@ASC,Bar,Hard,0.7632,1.5265,2,0.0,0.0,0.0,0.0,0.0,0.0,0.0,0.0,0.0,0.0,1.0,0.0,0.0,True,Qwen/Qwen2.5-Coder-14B-Instruct-AWQ,None
139@y_name@ASC,Bar,Hard,0.7632,1.5265,2,0.0,0.0,0.0,0.0,0.0,0.0,0.0,0.0,0.0,0.0,1.0,0.0,0.0,True,Qwen/Qwen2.5-Coder-14B-Instruct-AWQ,None
140@y_name@ASC,Bar,Medium,0.5132,1.0264,2,0.0,0.0,0.0,0.0,0.0,0.0,0.0,0.0,0.0,0.0,1.0,0.0,0.0,False,Qwen/Qwen2.5-Coder-14B-Instruct-AWQ,None
140@y_name@ASC,Bar,Medium,0.5132,1.0264,2,0.0,0.0,0.0,0.0,0.0,0.0,0.0,0.0,0.0,0.0,1.0,0.0,0.0,False,Qwen/Qwen2.5-Coder-14B-Instruct-AWQ,None
140@y_name@ASC,Bar,Medium,0.5132,1.0264,2,0.0,0.0,0.0,0.0,0.0,0.0,0.0,0.0,0.0,0.0,1.0,0.0,0.0,False,Qwen/Qwen2.5-Coder-14B-Instruct-AWQ,None
145@y_name@DESC,Stacked Bar,Extra Hard,5.5432,5.5432,1,0.0,0.0,0.0,0.0,0.0,1.0,0.0,0.0,0.0,1.0,0.0,,0.0,True,Qwen/Qwen2.5-Coder-14B-Instruct-AWQ,None
145@y_name@DESC,Stacked Bar,Extra Hard,5.5432,5.5432,1,0.0,0.0,0.0,0.0,0.0,1.0,0.0,0.0,0.0,1.0,0.0,,0.0,True,Qwen/Qwen2.5-Coder-14B-Instruct-AWQ,None
145@y_name@DESC,Stacked Bar,Extra Hard,5.5432,5.5432,1,0.0,0.0,0.0,0.0,0.0,1.0,0.0,0.0,0.0,1.0,0.0,,0.0,True,Qwen/Qwen2.5-Coder-14B-Instruct-AWQ,None
149@x_name@DESC,Bar,Hard,0.7813,0.7813,1,0.0,0.0,0.0,0.0,0.0,0.0,0.0,0.0,0.0,0.0,1.0,0.0,0.0,True,Qwen/Qwen2.5-Coder-14B-Instruct-AWQ,None
149@x_name@DESC,Bar,Hard,0.7813,0.7813,1,0.0,0.0,0.0,0.0,0.0,0.0,0.0,0.0,0.0,0.0,1.0,0.0,0.0,True,Qwen/Qwen2.5-Coder-14B-Instruct-AWQ,None
149@x_name@DESC,Bar,Hard,0.7813,0.7813,1,0.0,0.0,0.0,0.0,0.0,0.0,0.0,0.0,0.0,0.0,1.0,0.0,0.0,True,Qwen/Qwen2.5-Coder-14B-Instruct-AWQ,None
3069@x_name@ASC,Bar,Hard,0.7384,0.7384,1,0.0,0.0,0.0,0.0,0.0,0.0,0.0,0.0,0.0,0.0,1.0,0.0,0.0,True,Qwen/Qwen2.5-Coder-14B-Instruct-AWQ,None
3069@x_name@ASC,Bar,Hard,0.7384,0.7384,1,0.0,0.0,0.0,0.0,0.0,0.0,0.0,0.0,0.0,0.0,1.0,0.0,0.0,True,Qwen/Qwen2.5-Coder-14B-Instruct-AWQ,None
3069@x_name@ASC,Bar,Hard,0.7384,0.7384,1,0.0,0.0,0.0,0.0,0.0,0.0,0.0,0.0,0.0,0.0,1.0,0.0,0.0,True,Qwen/Qwen2.5-Coder-14B-Instruct-AWQ,None
1424@y_name@ASC,Bar,Medium,0.467,0.467,1,0.0,0.0,0.0,0.0,0.0,0.0,0.0,0.0,0.0,0.0,1.0,0.0,0.0,False,Qwen/Qwen2.5-Coder-14B-Instruct-AWQ,None
1424@y_name@ASC,Bar,Medium,0.467,0.467,1,0.0,0.0,0.0,0.0,0.0,0.0,0.0,0.0,0.0,0.0,1.0,0.0,0.0,False,Qwen/Qwen2.5-Coder-14B-Instruct-AWQ,None
1424@y_name@ASC,Bar,Medium,0.467,0.467,1,0.0,0.0,0.0,0.0,0.0,0.0,0.0,0.0,0.0,0.0,1.0,0.0,0.0,False,Qwen/Qwen2.5-Coder-14B-Instruct-AWQ,None
4001,Scatter,Hard,1.5366,1.5366,1,0.0,0.0,0.0,0.0,1.0,0.0,0.0,0.0,0.0,1.0,0.0,,0.0,True,Qwen/Qwen2.5-Coder-14B-Instruct-AWQ,None
4001,Scatter,Hard,1.5366,1.5366,1,0.0,0.0,0.0,0.0,1.0,0.0,0.0,0.0,0.0,1.0,0.0,,0.0,True,Qwen/Qwen2.5-Coder-14B-Instruct-AWQ,None
4001,Scatter,Hard,1.5366,1.5366,1,0.0,0.0,0.0,0.0,1.0,0.0,0.0,0.0,0.0,1.0,0.0,,0.0,True,Qwen/Qwen2.5-Coder-14B-Instruct-AWQ,None
4002,Stacked Bar,Easy,0.545,0.545,1,0.0,0.0,0.0,0.0,0.0,0.0,0.0,0.0,0.0,0.0,1.0,0.0,0.0,False,Qwen/Qwen2.5-Coder-14B-Instruct-AWQ,None
4002,Stacked Bar,Easy,0.545,0.545,1,0.0,0.0,0.0,0.0,0.0,0.0,0.0,0.0,0.0,0.0,1.0,0.0,0.0,False,Qwen/Qwen2.5-Coder-14B-Instruct-AWQ,None
4002,Stacked Bar,Easy,0.545,0.545,1,0.0,0.0,0.0,0.0,0.0,0.0,0.0,0.0,0.0,0.0,1.0,0.0,0.0,False,Qwen/Qwen2.5-Coder-14B-Instruct-AWQ,None
4003,Scatter,Easy,0.4879,0.4879,1,0.0,0.0,0.0,0.0,0.0,0.0,0.0,0.0,0.0,0.0,1.0,0.0,0.0,False,Qwen/Qwen2.5-Coder-14B-Instruct-AWQ,None
4003,Scatter,Easy,0.4879,0.4879,1,0.0,0.0,0.0,0.0,0.0,0.0,0.0,0.0,0.0,0.0,1.0,0.0,0.0,False,Qwen/Qwen2.5-Coder-14B-Instruct-AWQ,None
4003,Scatter,Easy,0.4879,0.4879,1,0.0,0.0,0.0,0.0,0.0,0.0,0.0,0.0,0.0,0.0,1.0,0.0,0.0,False,Qwen/Qwen2.5-Coder-14B-Instruct-AWQ,None
4004,Stacked Bar,Hard,0.9684,0.9684,1,0.0,0.0,0.0,1.0,1.0,0.0,0.0,0.0,0.0,1.0,0.0,,0.0,True,Qwen/Qwen2.5-Coder-14B-Instruct-AWQ,None
4004,Stacked Bar,Hard,0.9684,0.9684,1,0.0,0.0,0.0,1.0,1.0,0.0,0.0,0.0,0.0,1.0,0.0,,0.0,True,Qwen/Qwen2.5-Coder-14B-Instruct-AWQ,None
4004,Stacked Bar,Hard,0.9684,0.9684,1,0.0,0.0,0.0,1.0,1.0,0.0,0.0,0.0,0.0,1.0,0.0,,0.0,True,Qwen/Qwen2.5-Coder-14B-Instruct-AWQ,None
4005,Grouping Line,Easy,1.0695,1.0695,1,0.0,0.0,0.0,1.0,1.0,0.0,0.0,0.0,0.0,1.0,0.0,,0.0,False,Qwen/Qwen2.5-Coder-14B-Instruct-AWQ,None
4005,Grouping Line,Easy,1.0695,1.0695,1,0.0,0.0,0.0,1.0,1.0,0.0,0.0,0.0,0.0,1.0,0.0,,0.0,False,Qwen/Qwen2.5-Coder-14B-Instruct-AWQ,None
4005,Grouping Line,Easy,1.0695,1.0695,1,0.0,0.0,0.0,1.0,1.0,0.0,0.0,0.0,0.0,1.0,0.0,,0.0,False,Qwen/Qwen2.5-Coder-14B-Instruct-AWQ,None
4006,Grouping Line,Medium,5.0183,5.0183,1,0.0,0.0,0.0,0.0,1.0,0.0,0.0,0.0,0.0,1.0,0.0,,0.0,False,Qwen/Qwen2.5-Coder-14B-Instruct-AWQ,None
4006,Grouping Line,Medium,5.0183,5.0183,1,0.0,0.0,0.0,0.0,1.0,0.0,0.0,0.0,0.0,1.0,0.0,,0.0,False,Qwen/Qwen2.5-Coder-14B-Instruct-AWQ,None
4006,Grouping Line,Medium,5.0183,5.0183,1,0.0,0.0,0.0,0.0,1.0,0.0,0.0,0.0,0.0,1.0,0.0,,0.0,False,Qwen/Qwen2.5-Coder-14B-Instruct-AWQ,None
4007,Stacked Bar,Hard,16.1438,16.1438,1,1.0,0.0,0.0,0.0,0.0,0.0,0.0,0.0,1.0,0.0,0.0,,0.0,True,Qwen/Qwen2.5-Coder-14B-Instruct-AWQ,None
4007,Stacked Bar,Hard,16.1438,16.1438,1,1.0,0.0,0.0,0.0,0.0,0.0,0.0,0.0,1.0,0.0,0.0,,0.0,True,Qwen/Qwen2.5-Coder-14B-Instruct-AWQ,None
4007,Stacked Bar,Hard,16.1438,16.1438,1,1.0,0.0,0.0,0.0,0.0,0.0,0.0,0.0,1.0,0.0,0.0,,0.0,True,Qwen/Qwen2.5-Coder-14B-Instruct-AWQ,None
4008,Grouping Line,Medium,13.1884,13.1884,1,1.0,0.0,0.0,0.0,0.0,0.0,0.0,0.0,1.0,0.0,0.0,,0.0,False,Qwen/Qwen2.5-Coder-14B-Instruct-AWQ,None
4008,Grouping Line,Medium,13.1884,13.1884,1,1.0,0.0,0.0,0.0,0.0,0.0,0.0,0.0,1.0,0.0,0.0,,0.0,False,Qwen/Qwen2.5-Coder-14B-Instruct-AWQ,None
4008,Grouping Line,Medium,13.1884,13.1884,1,1.0,0.0,0.0,0.0,0.0,0.0,0.0,0.0,1.0,0.0,0.0,,0.0,False,Qwen/Qwen2.5-Coder-14B-Instruct-AWQ,None
4009,Scatter,Medium,0.5693,0.5693,1,0.0,0.0,0.0,0.0,0.0,0.0,0.0,0.0,0.0,0.0,1.0,0.0,0.0,False,Qwen/Qwen2.5-Coder-14B-Instruct-AWQ,None
4009,Scatter,Medium,0.5693,0.5693,1,0.0,0.0,0.0,0.0,0.0,0.0,0.0,0.0,0.0,0.0,1.0,0.0,0.0,False,Qwen/Qwen2.5-Coder-14B-Instruct-AWQ,None
4009,Scatter,Medium,0.5693,0.5693,1,0.0,0.0,0.0,0.0,0.0,0.0,0.0,0.0,0.0,0.0,1.0,0.0,0.0,False,Qwen/Qwen2.5-Coder-14B-Instruct-AWQ,None
4010,Stacked Bar,Hard,0.8754,0.8754,1,0.0,0.0,0.0,0.0,1.0,0.0,0.0,0.0,0.0,1.0,0.0,,0.0,True,Qwen/Qwen2.5-Coder-14B-Instruct-AWQ,None
4010,Stacked Bar,Hard,0.8754,0.8754,1,0.0,0.0,0.0,0.0,1.0,0.0,0.0,0.0,0.0,1.0,0.0,,0.0,True,Qwen/Qwen2.5-Coder-14B-Instruct-AWQ,None
4010,Stacked Bar,Hard,0.8754,0.8754,1,0.0,0.0,0.0,0.0,1.0,0.0,0.0,0.0,0.0,1.0,0.0,,0.0,True,Qwen/Qwen2.5-Coder-14B-Instruct-AWQ,None
4011,Stacked Bar,Extra Hard,5.467,5.467,1,0.0,0.0,0.0,0.0,1.0,0.0,0.0,0.0,0.0,1.0,0.0,,0.0,True,Qwen/Qwen2.5-Coder-14B-Instruct-AWQ,None
4011,Stacked Bar,Extra Hard,5.467,5.467,1,0.0,0.0,0.0,0.0,1.0,0.0,0.0,0.0,0.0,1.0,0.0,,0.0,True,Qwen/Qwen2.5-Coder-14B-Instruct-AWQ,None
4011,Stacked Bar,Extra Hard,5.467,5.467,1,0.0,0.0,0.0,0.0,1.0,0.0,0.0,0.0,0.0,1.0,0.0,,0.0,True,Qwen/Qwen2.5-Coder-14B-Instruct-AWQ,None
4012,Grouping Scatter,Extra Hard,15.1957,15.1957,1,1.0,0.0,0.0,0.0,0.0,0.0,0.0,0.0,1.0,0.0,0.0,,0.0,True,Qwen/Qwen2.5-Coder-14B-Instruct-AWQ,None
4012,Grouping Scatter,Extra Hard,15.1957,15.1957,1,1.0,0.0,0.0,0.0,0.0,0.0,0.0,0.0,1.0,0.0,0.0,,0.0,True,Qwen/Qwen2.5-Coder-14B-Instruct-AWQ,None
4012,Grouping Scatter,Extra Hard,15.1957,15.1957,1,1.0,0.0,0.0,0.0,0.0,0.0,0.0,0.0,1.0,0.0,0.0,,0.0,True,Qwen/Qwen2.5-Coder-14B-Instruct-AWQ,None
4013,Stacked Bar,Extra Hard,1.6149,1.6149,1,0.0,0.0,0.0,0.0,1.0,0.0,0.0,0.0,0.0,1.0,0.0,,0.0,True,Qwen/Qwen2.5-Coder-14B-Instruct-AWQ,None
4013,Stacked Bar,Extra Hard,1.6149,1.6149,1,0.0,0.0,0.0,0.0,1.0,0.0,0.0,0.0,0.0,1.0,0.0,,0.0,True,Qwen/Qwen2.5-Coder-14B-Instruct-AWQ,None
4013,Stacked Bar,Extra Hard,1.6149,1.6149,1,0.0,0.0,0.0,0.0,1.0,0.0,0.0,0.0,0.0,1.0,0.0,,0.0,True,Qwen/Qwen2.5-Coder-14B-Instruct-AWQ,None
4014,Grouping Line,Extra Hard,16.416,16.416,1,1.0,0.0,0.0,0.0,0.0,0.0,0.0,0.0,1.0,0.0,0.0,,0.0,True,Qwen/Qwen2.5-Coder-14B-Instruct-AWQ,None
4014,Grouping Line,Extra Hard,16.416,16.416,1,1.0,0.0,0.0,0.0,0.0,0.0,0.0,0.0,1.0,0.0,0.0,,0.0,True,Qwen/Qwen2.5-Coder-14B-Instruct-AWQ,None
4014,Grouping Line,Extra Hard,16.416,16.416,1,1.0,0.0,0.0,0.0,0.0,0.0,0.0,0.0,1.0,0.0,0.0,,0.0,True,Qwen/Qwen2.5-Coder-14B-Instruct-AWQ,None
4015,Scatter,Extra Hard,0.3454,0.3454,1,0.0,0.0,0.0,0.0,0.0,0.0,0.0,0.0,0.0,0.0,1.0,0.0,0.0,False,Qwen/Qwen2.5-Coder-14B-Instruct-AWQ,None
4015,Scatter,Extra Hard,0.3454,0.3454,1,0.0,0.0,0.0,0.0,0.0,0.0,0.0,0.0,0.0,0.0,1.0,0.0,0.0,False,Qwen/Qwen2.5-Coder-14B-Instruct-AWQ,None
4015,Scatter,Extra Hard,0.3454,0.3454,1,0.0,0.0,0.0,0.0,0.0,0.0,0.0,0.0,0.0,0.0,1.0,0.0,0.0,False,Qwen/Qwen2.5-Coder-14B-Instruct-AWQ,None
4016,Grouping Line,Medium,0.7791,0.7791,1,0.0,0.0,0.0,0.0,1.0,0.0,0.0,0.0,0.0,1.0,0.0,,0.0,False,Qwen/Qwen2.5-Coder-14B-Instruct-AWQ,None
4016,Grouping Line,Medium,0.7791,0.7791,1,0.0,0.0,0.0,0.0,1.0,0.0,0.0,0.0,0.0,1.0,0.0,,0.0,False,Qwen/Qwen2.5-Coder-14B-Instruct-AWQ,None
4016,Grouping Line,Medium,0.7791,0.7791,1,0.0,0.0,0.0,0.0,1.0,0.0,0.0,0.0,0.0,1.0,0.0,,0.0,False,Qwen/Qwen2.5-Coder-14B-Instruct-AWQ,None
4017,Stacked Bar,Medium,13.1073,13.1073,1,1.0,0.0,0.0,0.0,0.0,0.0,0.0,0.0,1.0,0.0,0.0,,0.0,False,Qwen/Qwen2.5-Coder-14B-Instruct-AWQ,None
4017,Stacked Bar,Medium,13.1073,13.1073,1,1.0,0.0,0.0,0.0,0.0,0.0,0.0,0.0,1.0,0.0,0.0,,0.0,False,Qwen/Qwen2.5-Coder-14B-Instruct-AWQ,None
4017,Stacked Bar,Medium,13.1073,13.1073,1,1.0,0.0,0.0,0.0,0.0,0.0,0.0,0.0,1.0,0.0,0.0,,0.0,False,Qwen/Qwen2.5-Coder-14B-Instruct-AWQ,None
4018,Stacked Bar,Medium,1.0764,1.0764,1,0.0,0.0,0.0,0.0,0.0,0.0,0.0,0.0,0.0,0.0,1.0,0.0,0.0,True,Qwen/Qwen2.5-Coder-14B-Instruct-AWQ,None
4018,Stacked Bar,Medium,1.0764,1.0764,1,0.0,0.0,0.0,0.0,0.0,0.0,0.0,0.0,0.0,0.0,1.0,0.0,0.0,True,Qwen/Qwen2.5-Coder-14B-Instruct-AWQ,None
4018,Stacked Bar,Medium,1.0764,1.0764,1,0.0,0.0,0.0,0.0,0.0,0.0,0.0,0.0,0.0,0.0,1.0,0.0,0.0,True,Qwen/Qwen2.5-Coder-14B-Instruct-AWQ,None
4019,Stacked Bar,Medium,1.2975,1.2975,1,0.0,0.0,0.0,0.0,0.0,0.0,0.0,0.0,0.0,0.0,1.0,0.0,0.0,True,Qwen/Qwen2.5-Coder-14B-Instruct-AWQ,None
4019,Stacked Bar,Medium,1.2975,1.2975,1,0.0,0.0,0.0,0.0,0.0,0.0,0.0,0.0,0.0,0.0,1.0,0.0,0.0,True,Qwen/Qwen2.5-Coder-14B-Instruct-AWQ,None
4019,Stacked Bar,Medium,1.2975,1.2975,1,0.0,0.0,0.0,0.0,0.0,0.0,0.0,0.0,0.0,0.0,1.0,0.0,0.0,True,Qwen/Qwen2.5-Coder-14B-Instruct-AWQ,None
4020,Stacked Bar,Medium,9.5181,9.5181,1,0.0,1.0,0.0,0.0,0.0,0.0,0.0,0.0,1.0,0.0,0.0,,0.0,True,Qwen/Qwen2.5-Coder-14B-Instruct-AWQ,None
4020,Stacked Bar,Medium,9.5181,9.5181,1,0.0,1.0,0.0,0.0,0.0,0.0,0.0,0.0,1.0,0.0,0.0,,0.0,True,Qwen/Qwen2.5-Coder-14B-Instruct-AWQ,None
4020,Stacked Bar,Medium,9.5181,9.5181,1,0.0,1.0,0.0,0.0,0.0,0.0,0.0,0.0,1.0,0.0,0.0,,0.0,True,Qwen/Qwen2.5-Coder-14B-Instruct-AWQ,None
4021,Scatter,Medium,0.5717,0.5717,1,0.0,0.0,0.0,0.0,0.0,0.0,0.0,0.0,0.0,0.0,1.0,0.0,0.0,False,Qwen/Qwen2.5-Coder-14B-Instruct-AWQ,None
4021,Scatter,Medium,0.5717,0.5717,1,0.0,0.0,0.0,0.0,0.0,0.0,0.0,0.0,0.0,0.0,1.0,0.0,0.0,False,Qwen/Qwen2.5-Coder-14B-Instruct-AWQ,None
4021,Scatter,Medium,0.5717,0.5717,1,0.0,0.0,0.0,0.0,0.0,0.0,0.0,0.0,0.0,0.0,1.0,0.0,0.0,False,Qwen/Qwen2.5-Coder-14B-Instruct-AWQ,None
4022,Stacked Bar,Medium,3.9756,3.9756,1,0.0,0.0,0.0,0.0,0.0,0.0,0.0,0.0,0.0,0.0,1.0,0.0,0.0,True,Qwen/Qwen2.5-Coder-14B-Instruct-AWQ,None
4022,Stacked Bar,Medium,3.9756,3.9756,1,0.0,0.0,0.0,0.0,0.0,0.0,0.0,0.0,0.0,0.0,1.0,0.0,0.0,True,Qwen/Qwen2.5-Coder-14B-Instruct-AWQ,None
4022,Stacked Bar,Medium,3.9756,3.9756,1,0.0,0.0,0.0,0.0,0.0,0.0,0.0,0.0,0.0,0.0,1.0,0.0,0.0,True,Qwen/Qwen2.5-Coder-14B-Instruct-AWQ,None
4023,Grouping Scatter,Easy,9.8898,9.8898,1,1.0,0.0,0.0,0.0,0.0,0.0,0.0,0.0,1.0,0.0,0.0,,0.0,False,Qwen/Qwen2.5-Coder-14B-Instruct-AWQ,None
4023,Grouping Scatter,Easy,9.8898,9.8898,1,1.0,0.0,0.0,0.0,0.0,0.0,0.0,0.0,1.0,0.0,0.0,,0.0,False,Qwen/Qwen2.5-Coder-14B-Instruct-AWQ,None
4023,Grouping Scatter,Easy,9.8898,9.8898,1,1.0,0.0,0.0,0.0,0.0,0.0,0.0,0.0,1.0,0.0,0.0,,0.0,False,Qwen/Qwen2.5-Coder-14B-Instruct-AWQ,None
4024,Grouping Scatter,Easy,11.903,11.903,1,1.0,0.0,0.0,0.0,0.0,0.0,0.0,0.0,1.0,0.0,0.0,,0.0,False,Qwen/Qwen2.5-Coder-14B-Instruct-AWQ,None
4024,Grouping Scatter,Easy,11.903,11.903,1,1.0,0.0,0.0,0.0,0.0,0.0,0.0,0.0,1.0,0.0,0.0,,0.0,False,Qwen/Qwen2.5-Coder-14B-Instruct-AWQ,None
4024,Grouping Scatter,Easy,11.903,11.903,1,1.0,0.0,0.0,0.0,0.0,0.0,0.0,0.0,1.0,0.0,0.0,,0.0,False,Qwen/Qwen2.5-Coder-14B-Instruct-AWQ,None
4025,Stacked Bar,Medium,0.6946,0.6946,1,0.0,0.0,0.0,0.0,0.0,0.0,0.0,0.0,0.0,0.0,1.0,0.0,0.0,False,Qwen/Qwen2.5-Coder-14B-Instruct-AWQ,None
4025,Stacked Bar,Medium,0.6946,0.6946,1,0.0,0.0,0.0,0.0,0.0,0.0,0.0,0.0,0.0,0.0,1.0,0.0,0.0,False,Qwen/Qwen2.5-Coder-14B-Instruct-AWQ,None
4025,Stacked Bar,Medium,0.6946,0.6946,1,0.0,0.0,0.0,0.0,0.0,0.0,0.0,0.0,0.0,0.0,1.0,0.0,0.0,False,Qwen/Qwen2.5-Coder-14B-Instruct-AWQ,None
4026,Grouping Line,Easy,14.2852,14.2852,1,1.0,0.0,0.0,0.0,0.0,0.0,0.0,0.0,1.0,0.0,0.0,,0.0,False,Qwen/Qwen2.5-Coder-14B-Instruct-AWQ,None
4026,Grouping Line,Easy,14.2852,14.2852,1,1.0,0.0,0.0,0.0,0.0,0.0,0.0,0.0,1.0,0.0,0.0,,0.0,False,Qwen/Qwen2.5-Coder-14B-Instruct-AWQ,None
4026,Grouping Line,Easy,14.2852,14.2852,1,1.0,0.0,0.0,0.0,0.0,0.0,0.0,0.0,1.0,0.0,0.0,,0.0,False,Qwen/Qwen2.5-Coder-14B-Instruct-AWQ,None
4027,Grouping Line,Easy,17.7323,17.7323,1,1.0,0.0,0.0,0.0,0.0,0.0,0.0,0.0,1.0,0.0,0.0,,0.0,False,Qwen/Qwen2.5-Coder-14B-Instruct-AWQ,None
4027,Grouping Line,Easy,17.7323,17.7323,1,1.0,0.0,0.0,0.0,0.0,0.0,0.0,0.0,1.0,0.0,0.0,,0.0,False,Qwen/Qwen2.5-Coder-14B-Instruct-AWQ,None
4027,Grouping Line,Easy,17.7323,17.7323,1,1.0,0.0,0.0,0.0,0.0,0.0,0.0,0.0,1.0,0.0,0.0,,0.0,False,Qwen/Qwen2.5-Coder-14B-Instruct-AWQ,None
4028,Stacked Bar,Easy,0.563,0.563,1,0.0,0.0,0.0,0.0,0.0,0.0,0.0,0.0,0.0,0.0,1.0,0.0,0.0,False,Qwen/Qwen2.5-Coder-14B-Instruct-AWQ,None
4028,Stacked Bar,Easy,0.563,0.563,1,0.0,0.0,0.0,0.0,0.0,0.0,0.0,0.0,0.0,0.0,1.0,0.0,0.0,False,Qwen/Qwen2.5-Coder-14B-Instruct-AWQ,None
4028,Stacked Bar,Easy,0.563,0.563,1,0.0,0.0,0.0,0.0,0.0,0.0,0.0,0.0,0.0,0.0,1.0,0.0,0.0,False,Qwen/Qwen2.5-Coder-14B-Instruct-AWQ,None
4029,Grouping Line,Hard,19.873,19.873,1,1.0,0.0,0.0,0.0,0.0,0.0,0.0,0.0,1.0,0.0,0.0,,0.0,True,Qwen/Qwen2.5-Coder-14B-Instruct-AWQ,None
4029,Grouping Line,Hard,19.873,19.873,1,1.0,0.0,0.0,0.0,0.0,0.0,0.0,0.0,1.0,0.0,0.0,,0.0,True,Qwen/Qwen2.5-Coder-14B-Instruct-AWQ,None
4029,Grouping Line,Hard,19.873,19.873,1,1.0,0.0,0.0,0.0,0.0,0.0,0.0,0.0,1.0,0.0,0.0,,0.0,True,Qwen/Qwen2.5-Coder-14B-Instruct-AWQ,None
4030,Stacked Bar,Medium,14.0635,14.0635,1,1.0,0.0,0.0,0.0,0.0,0.0,0.0,0.0,1.0,0.0,0.0,,0.0,False,Qwen/Qwen2.5-Coder-14B-Instruct-AWQ,None
4030,Stacked Bar,Medium,14.0635,14.0635,1,1.0,0.0,0.0,0.0,0.0,0.0,0.0,0.0,1.0,0.0,0.0,,0.0,False,Qwen/Qwen2.5-Coder-14B-Instruct-AWQ,None
4030,Stacked Bar,Medium,14.0635,14.0635,1,1.0,0.0,0.0,0.0,0.0,0.0,0.0,0.0,1.0,0.0,0.0,,0.0,False,Qwen/Qwen2.5-Coder-14B-Instruct-AWQ,None
4031,Stacked Bar,Medium,0.565,0.565,1,0.0,0.0,0.0,0.0,0.0,0.0,0.0,0.0,0.0,0.0,1.0,0.0,0.0,False,Qwen/Qwen2.5-Coder-14B-Instruct-AWQ,None
4031,Stacked Bar,Medium,0.565,0.565,1,0.0,0.0,0.0,0.0,0.0,0.0,0.0,0.0,0.0,0.0,1.0,0.0,0.0,False,Qwen/Qwen2.5-Coder-14B-Instruct-AWQ,None
4031,Stacked Bar,Medium,0.565,0.565,1,0.0,0.0,0.0,0.0,0.0,0.0,0.0,0.0,0.0,0.0,1.0,0.0,0.0,False,Qwen/Qwen2.5-Coder-14B-Instruct-AWQ,None
4032,Grouping Scatter,Medium,12.1643,12.1643,1,1.0,0.0,0.0,0.0,0.0,0.0,0.0,0.0,1.0,0.0,0.0,,0.0,False,Qwen/Qwen2.5-Coder-14B-Instruct-AWQ,None
4032,Grouping Scatter,Medium,12.1643,12.1643,1,1.0,0.0,0.0,0.0,0.0,0.0,0.0,0.0,1.0,0.0,0.0,,0.0,False,Qwen/Qwen2.5-Coder-14B-Instruct-AWQ,None
4032,Grouping Scatter,Medium,12.1643,12.1643,1,1.0,0.0,0.0,0.0,0.0,0.0,0.0,0.0,1.0,0.0,0.0,,0.0,False,Qwen/Qwen2.5-Coder-14B-Instruct-AWQ,None
4033,Grouping Line,Hard,5.1076,5.1076,1,0.0,0.0,0.0,0.0,1.0,0.0,0.0,0.0,0.0,1.0,0.0,,0.0,False,Qwen/Qwen2.5-Coder-14B-Instruct-AWQ,None
4033,Grouping Line,Hard,5.1076,5.1076,1,0.0,0.0,0.0,0.0,1.0,0.0,0.0,0.0,0.0,1.0,0.0,,0.0,False,Qwen/Qwen2.5-Coder-14B-Instruct-AWQ,None
4033,Grouping Line,Hard,5.1076,5.1076,1,0.0,0.0,0.0,0.0,1.0,0.0,0.0,0.0,0.0,1.0,0.0,,0.0,False,Qwen/Qwen2.5-Coder-14B-Instruct-AWQ,None
4034,Grouping Line,Medium,1.4164,1.4164,1,0.0,0.0,0.0,1.0,1.0,0.0,0.0,0.0,0.0,1.0,0.0,,0.0,False,Qwen/Qwen2.5-Coder-14B-Instruct-AWQ,None
4034,Grouping Line,Medium,1.4164,1.4164,1,0.0,0.0,0.0,1.0,1.0,0.0,0.0,0.0,0.0,1.0,0.0,,0.0,False,Qwen/Qwen2.5-Coder-14B-Instruct-AWQ,None
4034,Grouping Line,Medium,1.4164,1.4164,1,0.0,0.0,0.0,1.0,1.0,0.0,0.0,0.0,0.0,1.0,0.0,,0.0,False,Qwen/Qwen2.5-Coder-14B-Instruct-AWQ,None
4035,Grouping Line,Medium,15.7874,15.7874,1,0.0,0.0,0.0,0.0,1.0,0.0,0.0,0.0,0.0,1.0,0.0,,0.0,True,Qwen/Qwen2.5-Coder-14B-Instruct-AWQ,None
4035,Grouping Line,Medium,15.7874,15.7874,1,0.0,0.0,0.0,0.0,1.0,0.0,0.0,0.0,0.0,1.0,0.0,,0.0,True,Qwen/Qwen2.5-Coder-14B-Instruct-AWQ,None
4035,Grouping Line,Medium,15.7874,15.7874,1,0.0,0.0,0.0,0.0,1.0,0.0,0.0,0.0,0.0,1.0,0.0,,0.0,True,Qwen/Qwen2.5-Coder-14B-Instruct-AWQ,None
