id,chart,hardness,avg_inference_time,total_inference_time,inference_count,code execution_fail_rate,surface-form check_fail_rate,deconstruction_fail_rate,chart type check_fail_rate,data check_fail_rate,order check_fail_rate,layout check_fail_rate,scale and ticks check_fail_rate,invalid_rate,illegal rate,pass_rate,readability_score,quality_score,is_multi_table,text_model,vision_model
4,Pie,Medium,11.2796,45.1182,4,0.0,0.0,0.0,0.0,0.0,0.0,0.0,0.0,0.0,0.0,1.0,0.0,0.0,True,Qwen/Qwen2.5-Coder-32B-Instruct-AWQ,None
4,Pie,Medium,11.2796,45.1182,4,0.0,0.0,0.0,0.0,0.0,0.0,0.0,0.0,0.0,0.0,1.0,0.0,0.0,True,Qwen/Qwen2.5-Coder-32B-Instruct-AWQ,None
4,Pie,Medium,11.2796,45.1182,4,0.0,0.0,0.0,0.0,0.0,0.0,0.0,0.0,0.0,0.0,1.0,0.0,0.0,True,Qwen/Qwen2.5-Coder-32B-Instruct-AWQ,None
5,Bar,Medium,11.1427,55.7136,5,0.0,0.0,0.0,0.0,0.0,0.0,0.0,0.0,0.0,0.0,1.0,0.0,0.0,True,Qwen/Qwen2.5-Coder-32B-Instruct-AWQ,None
5,Bar,Medium,11.1427,55.7136,5,0.0,0.0,0.0,0.0,0.0,0.0,0.0,0.0,0.0,0.0,1.0,0.0,0.0,True,Qwen/Qwen2.5-Coder-32B-Instruct-AWQ,None
5,Bar,Medium,11.1427,55.7136,5,0.0,0.0,0.0,0.0,0.0,0.0,0.0,0.0,0.0,0.0,1.0,0.0,0.0,True,Qwen/Qwen2.5-Coder-32B-Instruct-AWQ,None
8,Pie,Easy,5.0751,15.2254,3,0.0,0.0,0.0,0.0,0.0,0.0,0.0,0.0,0.0,0.0,1.0,0.0,0.0,False,Qwen/Qwen2.5-Coder-32B-Instruct-AWQ,None
8,Pie,Easy,5.0751,15.2254,3,0.0,0.0,0.0,0.0,0.0,0.0,0.0,0.0,0.0,0.0,1.0,0.0,0.0,False,Qwen/Qwen2.5-Coder-32B-Instruct-AWQ,None
8,Pie,Easy,5.0751,15.2254,3,0.0,0.0,0.0,0.0,0.0,0.0,0.0,0.0,0.0,0.0,1.0,0.0,0.0,False,Qwen/Qwen2.5-Coder-32B-Instruct-AWQ,None
9,Bar,Easy,4.7257,9.4513,2,0.0,0.0,0.0,0.0,0.0,0.0,0.0,0.0,0.0,0.0,1.0,0.0,0.0,False,Qwen/Qwen2.5-Coder-32B-Instruct-AWQ,None
9,Bar,Easy,4.7257,9.4513,2,0.0,0.0,0.0,0.0,0.0,0.0,0.0,0.0,0.0,0.0,1.0,0.0,0.0,False,Qwen/Qwen2.5-Coder-32B-Instruct-AWQ,None
9,Bar,Easy,4.7257,9.4513,2,0.0,0.0,0.0,0.0,0.0,0.0,0.0,0.0,0.0,0.0,1.0,0.0,0.0,False,Qwen/Qwen2.5-Coder-32B-Instruct-AWQ,None
14,Pie,Easy,5.1033,10.2067,2,0.0,0.0,0.0,0.0,0.0,0.0,0.0,0.0,0.0,0.0,1.0,0.0,0.0,False,Qwen/Qwen2.5-Coder-32B-Instruct-AWQ,None
14,Pie,Easy,5.1033,10.2067,2,0.0,0.0,0.0,0.0,0.0,0.0,0.0,0.0,0.0,0.0,1.0,0.0,0.0,False,Qwen/Qwen2.5-Coder-32B-Instruct-AWQ,None
14,Pie,Easy,5.1033,10.2067,2,0.0,0.0,0.0,0.0,0.0,0.0,0.0,0.0,0.0,0.0,1.0,0.0,0.0,False,Qwen/Qwen2.5-Coder-32B-Instruct-AWQ,None
21,Pie,Medium,6.5468,13.0937,2,0.0,0.0,0.0,0.0,0.0,0.0,0.0,0.0,0.0,0.0,1.0,0.0,0.0,False,Qwen/Qwen2.5-Coder-32B-Instruct-AWQ,None
21,Pie,Medium,6.5468,13.0937,2,0.0,0.0,0.0,0.0,0.0,0.0,0.0,0.0,0.0,0.0,1.0,0.0,0.0,False,Qwen/Qwen2.5-Coder-32B-Instruct-AWQ,None
21,Pie,Medium,6.5468,13.0937,2,0.0,0.0,0.0,0.0,0.0,0.0,0.0,0.0,0.0,0.0,1.0,0.0,0.0,False,Qwen/Qwen2.5-Coder-32B-Instruct-AWQ,None
32,Bar,Medium,14.8203,44.461,3,0.0,0.0,0.0,0.0,0.0,0.0,0.0,0.0,0.0,0.0,1.0,0.0,0.0,True,Qwen/Qwen2.5-Coder-32B-Instruct-AWQ,None
32,Bar,Medium,14.8203,44.461,3,0.0,0.0,0.0,0.0,0.0,0.0,0.0,0.0,0.0,0.0,1.0,0.0,0.0,True,Qwen/Qwen2.5-Coder-32B-Instruct-AWQ,None
32,Bar,Medium,14.8203,44.461,3,0.0,0.0,0.0,0.0,0.0,0.0,0.0,0.0,0.0,0.0,1.0,0.0,0.0,True,Qwen/Qwen2.5-Coder-32B-Instruct-AWQ,None
33,Pie,Easy,6.3058,25.2231,4,0.0,0.0,0.0,0.0,1.0,0.0,0.0,0.0,0.0,1.0,0.0,,0.0,False,Qwen/Qwen2.5-Coder-32B-Instruct-AWQ,None
33,Pie,Easy,6.3058,25.2231,4,0.0,0.0,0.0,0.0,1.0,0.0,0.0,0.0,0.0,1.0,0.0,,0.0,False,Qwen/Qwen2.5-Coder-32B-Instruct-AWQ,None
33,Pie,Easy,6.3058,25.2231,4,0.0,0.0,0.0,0.0,1.0,0.0,0.0,0.0,0.0,1.0,0.0,,0.0,False,Qwen/Qwen2.5-Coder-32B-Instruct-AWQ,None
34,Bar,Easy,6.1116,30.5578,5,0.0,0.0,0.0,0.0,0.0,0.0,0.0,0.0,0.0,0.0,1.0,0.0,0.0,False,Qwen/Qwen2.5-Coder-32B-Instruct-AWQ,None
34,Bar,Easy,6.1116,30.5578,5,0.0,0.0,0.0,0.0,0.0,0.0,0.0,0.0,0.0,0.0,1.0,0.0,0.0,False,Qwen/Qwen2.5-Coder-32B-Instruct-AWQ,None
34,Bar,Easy,6.1116,30.5578,5,0.0,0.0,0.0,0.0,0.0,0.0,0.0,0.0,0.0,0.0,1.0,0.0,0.0,False,Qwen/Qwen2.5-Coder-32B-Instruct-AWQ,None
35,Pie,Medium,9.7003,9.7003,1,0.0,0.0,0.0,0.0,0.0,0.0,0.0,0.0,0.0,0.0,1.0,0.0,0.0,True,Qwen/Qwen2.5-Coder-32B-Instruct-AWQ,None
35,Pie,Medium,9.7003,9.7003,1,0.0,0.0,0.0,0.0,0.0,0.0,0.0,0.0,0.0,0.0,1.0,0.0,0.0,True,Qwen/Qwen2.5-Coder-32B-Instruct-AWQ,None
35,Pie,Medium,9.7003,9.7003,1,0.0,0.0,0.0,0.0,0.0,0.0,0.0,0.0,0.0,0.0,1.0,0.0,0.0,True,Qwen/Qwen2.5-Coder-32B-Instruct-AWQ,None
36,Bar,Medium,10.5311,21.0622,2,0.0,0.0,0.0,0.0,0.0,0.0,0.0,0.0,0.0,0.0,1.0,0.0,0.0,True,Qwen/Qwen2.5-Coder-32B-Instruct-AWQ,None
36,Bar,Medium,10.5311,21.0622,2,0.0,0.0,0.0,0.0,0.0,0.0,0.0,0.0,0.0,0.0,1.0,0.0,0.0,True,Qwen/Qwen2.5-Coder-32B-Instruct-AWQ,None
36,Bar,Medium,10.5311,21.0622,2,0.0,0.0,0.0,0.0,0.0,0.0,0.0,0.0,0.0,0.0,1.0,0.0,0.0,True,Qwen/Qwen2.5-Coder-32B-Instruct-AWQ,None
37,Pie,Medium,42.5646,85.1291,2,0.5,0.0,0.0,0.0,0.0,0.0,0.0,0.0,0.5,0.0,0.5,0.0,0.0,True,Qwen/Qwen2.5-Coder-32B-Instruct-AWQ,None
37,Pie,Medium,42.5646,85.1291,2,0.5,0.0,0.0,0.0,0.0,0.0,0.0,0.0,0.5,0.0,0.5,0.0,0.0,True,Qwen/Qwen2.5-Coder-32B-Instruct-AWQ,None
37,Pie,Medium,42.5646,85.1291,2,0.5,0.0,0.0,0.0,0.0,0.0,0.0,0.0,0.5,0.0,0.5,0.0,0.0,True,Qwen/Qwen2.5-Coder-32B-Instruct-AWQ,None
46,Pie,Easy,4.4993,8.9987,2,0.0,0.0,0.0,0.0,0.5,0.0,0.0,0.0,0.0,0.5,0.5,0.0,0.0,False,Qwen/Qwen2.5-Coder-32B-Instruct-AWQ,None
46,Pie,Easy,4.4993,8.9987,2,0.0,0.0,0.0,0.0,0.5,0.0,0.0,0.0,0.0,0.5,0.5,0.0,0.0,False,Qwen/Qwen2.5-Coder-32B-Instruct-AWQ,None
46,Pie,Easy,4.4993,8.9987,2,0.0,0.0,0.0,0.0,0.5,0.0,0.0,0.0,0.0,0.5,0.5,0.0,0.0,False,Qwen/Qwen2.5-Coder-32B-Instruct-AWQ,None
54,Pie,Hard,52.9347,105.8694,2,1.0,0.0,0.0,0.0,0.0,0.0,0.0,0.0,1.0,0.0,0.0,,0.0,True,Qwen/Qwen2.5-Coder-32B-Instruct-AWQ,None
54,Pie,Hard,52.9347,105.8694,2,1.0,0.0,0.0,0.0,0.0,0.0,0.0,0.0,1.0,0.0,0.0,,0.0,True,Qwen/Qwen2.5-Coder-32B-Instruct-AWQ,None
54,Pie,Hard,52.9347,105.8694,2,1.0,0.0,0.0,0.0,0.0,0.0,0.0,0.0,1.0,0.0,0.0,,0.0,True,Qwen/Qwen2.5-Coder-32B-Instruct-AWQ,None
55,Bar,Hard,54.1281,108.2563,2,1.0,0.0,0.0,0.0,0.0,0.0,0.0,0.0,1.0,0.0,0.0,,0.0,True,Qwen/Qwen2.5-Coder-32B-Instruct-AWQ,None
55,Bar,Hard,54.1281,108.2563,2,1.0,0.0,0.0,0.0,0.0,0.0,0.0,0.0,1.0,0.0,0.0,,0.0,True,Qwen/Qwen2.5-Coder-32B-Instruct-AWQ,None
55,Bar,Hard,54.1281,108.2563,2,1.0,0.0,0.0,0.0,0.0,0.0,0.0,0.0,1.0,0.0,0.0,,0.0,True,Qwen/Qwen2.5-Coder-32B-Instruct-AWQ,None
62,Scatter,Easy,5.4745,10.9491,2,0.0,0.0,0.0,0.0,0.0,0.0,0.0,0.0,0.0,0.0,1.0,0.0,0.0,False,Qwen/Qwen2.5-Coder-32B-Instruct-AWQ,None
62,Scatter,Easy,5.4745,10.9491,2,0.0,0.0,0.0,0.0,0.0,0.0,0.0,0.0,0.0,0.0,1.0,0.0,0.0,False,Qwen/Qwen2.5-Coder-32B-Instruct-AWQ,None
62,Scatter,Easy,5.4745,10.9491,2,0.0,0.0,0.0,0.0,0.0,0.0,0.0,0.0,0.0,0.0,1.0,0.0,0.0,False,Qwen/Qwen2.5-Coder-32B-Instruct-AWQ,None
63,Pie,Medium,9.7799,39.1194,4,0.0,0.0,0.0,0.0,0.0,0.0,0.0,0.0,0.0,0.0,1.0,0.0,0.0,False,Qwen/Qwen2.5-Coder-32B-Instruct-AWQ,None
63,Pie,Medium,9.7799,39.1194,4,0.0,0.0,0.0,0.0,0.0,0.0,0.0,0.0,0.0,0.0,1.0,0.0,0.0,False,Qwen/Qwen2.5-Coder-32B-Instruct-AWQ,None
63,Pie,Medium,9.7799,39.1194,4,0.0,0.0,0.0,0.0,0.0,0.0,0.0,0.0,0.0,0.0,1.0,0.0,0.0,False,Qwen/Qwen2.5-Coder-32B-Instruct-AWQ,None
64,Bar,Medium,17.8663,53.5989,3,0.0,0.0,0.0,0.0,0.0,0.0,0.0,0.0,0.0,0.0,1.0,0.0,0.0,False,Qwen/Qwen2.5-Coder-32B-Instruct-AWQ,None
64,Bar,Medium,17.8663,53.5989,3,0.0,0.0,0.0,0.0,0.0,0.0,0.0,0.0,0.0,0.0,1.0,0.0,0.0,False,Qwen/Qwen2.5-Coder-32B-Instruct-AWQ,None
64,Bar,Medium,17.8663,53.5989,3,0.0,0.0,0.0,0.0,0.0,0.0,0.0,0.0,0.0,0.0,1.0,0.0,0.0,False,Qwen/Qwen2.5-Coder-32B-Instruct-AWQ,None
65,Bar,Hard,27.1059,54.2118,2,0.0,0.0,0.0,0.0,0.5,0.0,0.0,0.0,0.0,0.5,0.5,0.0,0.0,True,Qwen/Qwen2.5-Coder-32B-Instruct-AWQ,None
65,Bar,Hard,27.1059,54.2118,2,0.0,0.0,0.0,0.0,0.5,0.0,0.0,0.0,0.0,0.5,0.5,0.0,0.0,True,Qwen/Qwen2.5-Coder-32B-Instruct-AWQ,None
65,Bar,Hard,27.1059,54.2118,2,0.0,0.0,0.0,0.0,0.5,0.0,0.0,0.0,0.0,0.5,0.5,0.0,0.0,True,Qwen/Qwen2.5-Coder-32B-Instruct-AWQ,None
68,Bar,Hard,12.9692,25.9383,2,0.0,0.0,0.0,0.0,0.0,0.0,0.0,0.0,0.0,0.0,1.0,0.0,0.0,True,Qwen/Qwen2.5-Coder-32B-Instruct-AWQ,None
68,Bar,Hard,12.9692,25.9383,2,0.0,0.0,0.0,0.0,0.0,0.0,0.0,0.0,0.0,0.0,1.0,0.0,0.0,True,Qwen/Qwen2.5-Coder-32B-Instruct-AWQ,None
68,Bar,Hard,12.9692,25.9383,2,0.0,0.0,0.0,0.0,0.0,0.0,0.0,0.0,0.0,0.0,1.0,0.0,0.0,True,Qwen/Qwen2.5-Coder-32B-Instruct-AWQ,None
69,Bar,Hard,16.7156,33.4312,2,0.0,0.0,0.0,0.0,0.5,0.0,0.0,0.0,0.0,0.5,0.5,0.0,0.0,True,Qwen/Qwen2.5-Coder-32B-Instruct-AWQ,None
69,Bar,Hard,16.7156,33.4312,2,0.0,0.0,0.0,0.0,0.5,0.0,0.0,0.0,0.0,0.5,0.5,0.0,0.0,True,Qwen/Qwen2.5-Coder-32B-Instruct-AWQ,None
69,Bar,Hard,16.7156,33.4312,2,0.0,0.0,0.0,0.0,0.5,0.0,0.0,0.0,0.0,0.5,0.5,0.0,0.0,True,Qwen/Qwen2.5-Coder-32B-Instruct-AWQ,None
72,Bar,Hard,37.0851,74.1702,2,0.5,0.0,0.0,0.0,0.5,0.0,0.0,0.0,0.5,0.5,0.0,,0.0,True,Qwen/Qwen2.5-Coder-32B-Instruct-AWQ,None
72,Bar,Hard,37.0851,74.1702,2,0.5,0.0,0.0,0.0,0.5,0.0,0.0,0.0,0.5,0.5,0.0,,0.0,True,Qwen/Qwen2.5-Coder-32B-Instruct-AWQ,None
72,Bar,Hard,37.0851,74.1702,2,0.5,0.0,0.0,0.0,0.5,0.0,0.0,0.0,0.5,0.5,0.0,,0.0,True,Qwen/Qwen2.5-Coder-32B-Instruct-AWQ,None
74,Bar,Easy,9.4643,56.7855,6,0.0,0.0,0.0,0.0,0.0,0.0,0.0,0.0,0.0,0.0,1.0,0.0,0.0,False,Qwen/Qwen2.5-Coder-32B-Instruct-AWQ,None
74,Bar,Easy,9.4643,56.7855,6,0.0,0.0,0.0,0.0,0.0,0.0,0.0,0.0,0.0,0.0,1.0,0.0,0.0,False,Qwen/Qwen2.5-Coder-32B-Instruct-AWQ,None
74,Bar,Easy,9.4643,56.7855,6,0.0,0.0,0.0,0.0,0.0,0.0,0.0,0.0,0.0,0.0,1.0,0.0,0.0,False,Qwen/Qwen2.5-Coder-32B-Instruct-AWQ,None
77,Bar,Hard,29.5496,59.0992,2,0.0,0.0,0.0,0.0,0.0,0.0,0.0,0.0,0.0,0.0,1.0,0.0,0.0,True,Qwen/Qwen2.5-Coder-32B-Instruct-AWQ,None
77,Bar,Hard,29.5496,59.0992,2,0.0,0.0,0.0,0.0,0.0,0.0,0.0,0.0,0.0,0.0,1.0,0.0,0.0,True,Qwen/Qwen2.5-Coder-32B-Instruct-AWQ,None
77,Bar,Hard,29.5496,59.0992,2,0.0,0.0,0.0,0.0,0.0,0.0,0.0,0.0,0.0,0.0,1.0,0.0,0.0,True,Qwen/Qwen2.5-Coder-32B-Instruct-AWQ,None
81,Pie,Hard,17.4831,69.9323,4,0.0,0.0,0.0,0.0,0.0,0.0,0.0,0.0,0.0,0.0,1.0,0.0,0.0,True,Qwen/Qwen2.5-Coder-32B-Instruct-AWQ,None
81,Pie,Hard,17.4831,69.9323,4,0.0,0.0,0.0,0.0,0.0,0.0,0.0,0.0,0.0,0.0,1.0,0.0,0.0,True,Qwen/Qwen2.5-Coder-32B-Instruct-AWQ,None
81,Pie,Hard,17.4831,69.9323,4,0.0,0.0,0.0,0.0,0.0,0.0,0.0,0.0,0.0,0.0,1.0,0.0,0.0,True,Qwen/Qwen2.5-Coder-32B-Instruct-AWQ,None
86,Bar,Easy,22.7096,45.4191,2,0.0,0.0,0.0,0.0,0.5,0.0,0.0,0.0,0.0,0.5,0.5,0.0,0.0,False,Qwen/Qwen2.5-Coder-32B-Instruct-AWQ,None
86,Bar,Easy,22.7096,45.4191,2,0.0,0.0,0.0,0.0,0.5,0.0,0.0,0.0,0.0,0.5,0.5,0.0,0.0,False,Qwen/Qwen2.5-Coder-32B-Instruct-AWQ,None
86,Bar,Easy,22.7096,45.4191,2,0.0,0.0,0.0,0.0,0.5,0.0,0.0,0.0,0.0,0.5,0.5,0.0,0.0,False,Qwen/Qwen2.5-Coder-32B-Instruct-AWQ,None
93,Pie,Medium,27.9095,111.6379,4,0.0,0.0,0.0,0.0,0.0,0.0,0.0,0.0,0.0,0.0,1.0,0.0,0.0,False,Qwen/Qwen2.5-Coder-32B-Instruct-AWQ,None
93,Pie,Medium,27.9095,111.6379,4,0.0,0.0,0.0,0.0,0.0,0.0,0.0,0.0,0.0,0.0,1.0,0.0,0.0,False,Qwen/Qwen2.5-Coder-32B-Instruct-AWQ,None
93,Pie,Medium,27.9095,111.6379,4,0.0,0.0,0.0,0.0,0.0,0.0,0.0,0.0,0.0,0.0,1.0,0.0,0.0,False,Qwen/Qwen2.5-Coder-32B-Instruct-AWQ,None
94,Bar,Medium,16.2529,65.0115,4,0.0,0.0,0.0,0.0,0.0,0.0,0.0,0.0,0.0,0.0,1.0,0.0,0.0,False,Qwen/Qwen2.5-Coder-32B-Instruct-AWQ,None
94,Bar,Medium,16.2529,65.0115,4,0.0,0.0,0.0,0.0,0.0,0.0,0.0,0.0,0.0,0.0,1.0,0.0,0.0,False,Qwen/Qwen2.5-Coder-32B-Instruct-AWQ,None
94,Bar,Medium,16.2529,65.0115,4,0.0,0.0,0.0,0.0,0.0,0.0,0.0,0.0,0.0,0.0,1.0,0.0,0.0,False,Qwen/Qwen2.5-Coder-32B-Instruct-AWQ,None
95,Pie,Easy,20.1061,60.3184,3,0.0,0.0,0.0,0.0,0.0,0.0,0.0,0.0,0.0,0.0,1.0,0.0,0.0,False,Qwen/Qwen2.5-Coder-32B-Instruct-AWQ,None
95,Pie,Easy,20.1061,60.3184,3,0.0,0.0,0.0,0.0,0.0,0.0,0.0,0.0,0.0,0.0,1.0,0.0,0.0,False,Qwen/Qwen2.5-Coder-32B-Instruct-AWQ,None
95,Pie,Easy,20.1061,60.3184,3,0.0,0.0,0.0,0.0,0.0,0.0,0.0,0.0,0.0,0.0,1.0,0.0,0.0,False,Qwen/Qwen2.5-Coder-32B-Instruct-AWQ,None
96,Bar,Easy,17.8263,53.479,3,0.0,0.0,0.0,0.0,0.0,0.0,0.0,0.0,0.0,0.0,1.0,0.0,0.0,False,Qwen/Qwen2.5-Coder-32B-Instruct-AWQ,None
96,Bar,Easy,17.8263,53.479,3,0.0,0.0,0.0,0.0,0.0,0.0,0.0,0.0,0.0,0.0,1.0,0.0,0.0,False,Qwen/Qwen2.5-Coder-32B-Instruct-AWQ,None
96,Bar,Easy,17.8263,53.479,3,0.0,0.0,0.0,0.0,0.0,0.0,0.0,0.0,0.0,0.0,1.0,0.0,0.0,False,Qwen/Qwen2.5-Coder-32B-Instruct-AWQ,None
98,Bar,Medium,7.5104,7.5104,1,0.0,0.0,0.0,0.0,1.0,0.0,0.0,0.0,0.0,1.0,0.0,,0.0,True,Qwen/Qwen2.5-Coder-32B-Instruct-AWQ,None
98,Bar,Medium,7.5104,7.5104,1,0.0,0.0,0.0,0.0,1.0,0.0,0.0,0.0,0.0,1.0,0.0,,0.0,True,Qwen/Qwen2.5-Coder-32B-Instruct-AWQ,None
98,Bar,Medium,7.5104,7.5104,1,0.0,0.0,0.0,0.0,1.0,0.0,0.0,0.0,0.0,1.0,0.0,,0.0,True,Qwen/Qwen2.5-Coder-32B-Instruct-AWQ,None
103,Pie,Hard,42.6896,85.3793,2,1.0,0.0,0.0,0.0,0.0,0.0,0.0,0.0,1.0,0.0,0.0,,0.0,True,Qwen/Qwen2.5-Coder-32B-Instruct-AWQ,None
103,Pie,Hard,42.6896,85.3793,2,1.0,0.0,0.0,0.0,0.0,0.0,0.0,0.0,1.0,0.0,0.0,,0.0,True,Qwen/Qwen2.5-Coder-32B-Instruct-AWQ,None
103,Pie,Hard,42.6896,85.3793,2,1.0,0.0,0.0,0.0,0.0,0.0,0.0,0.0,1.0,0.0,0.0,,0.0,True,Qwen/Qwen2.5-Coder-32B-Instruct-AWQ,None
120,Bar,Medium,6.385,6.385,1,0.0,0.0,0.0,0.0,0.0,0.0,0.0,0.0,0.0,0.0,1.0,0.0,0.0,True,Qwen/Qwen2.5-Coder-32B-Instruct-AWQ,None
120,Bar,Medium,6.385,6.385,1,0.0,0.0,0.0,0.0,0.0,0.0,0.0,0.0,0.0,0.0,1.0,0.0,0.0,True,Qwen/Qwen2.5-Coder-32B-Instruct-AWQ,None
120,Bar,Medium,6.385,6.385,1,0.0,0.0,0.0,0.0,0.0,0.0,0.0,0.0,0.0,0.0,1.0,0.0,0.0,True,Qwen/Qwen2.5-Coder-32B-Instruct-AWQ,None
131,Pie,Medium,10.6782,10.6782,1,0.0,0.0,0.0,0.0,0.0,0.0,0.0,0.0,0.0,0.0,1.0,0.0,0.0,True,Qwen/Qwen2.5-Coder-32B-Instruct-AWQ,None
131,Pie,Medium,10.6782,10.6782,1,0.0,0.0,0.0,0.0,0.0,0.0,0.0,0.0,0.0,0.0,1.0,0.0,0.0,True,Qwen/Qwen2.5-Coder-32B-Instruct-AWQ,None
131,Pie,Medium,10.6782,10.6782,1,0.0,0.0,0.0,0.0,0.0,0.0,0.0,0.0,0.0,0.0,1.0,0.0,0.0,True,Qwen/Qwen2.5-Coder-32B-Instruct-AWQ,None
138,Pie,Medium,10.4404,20.8807,2,0.0,0.0,0.0,0.0,0.0,0.0,0.0,0.0,0.0,0.0,1.0,0.0,0.0,True,Qwen/Qwen2.5-Coder-32B-Instruct-AWQ,None
138,Pie,Medium,10.4404,20.8807,2,0.0,0.0,0.0,0.0,0.0,0.0,0.0,0.0,0.0,0.0,1.0,0.0,0.0,True,Qwen/Qwen2.5-Coder-32B-Instruct-AWQ,None
138,Pie,Medium,10.4404,20.8807,2,0.0,0.0,0.0,0.0,0.0,0.0,0.0,0.0,0.0,0.0,1.0,0.0,0.0,True,Qwen/Qwen2.5-Coder-32B-Instruct-AWQ,None
146,Stacked Bar,Hard,14.8726,14.8726,1,0.0,0.0,0.0,0.0,0.0,0.0,0.0,0.0,0.0,0.0,1.0,0.0,0.0,True,Qwen/Qwen2.5-Coder-32B-Instruct-AWQ,None
146,Stacked Bar,Hard,14.8726,14.8726,1,0.0,0.0,0.0,0.0,0.0,0.0,0.0,0.0,0.0,0.0,1.0,0.0,0.0,True,Qwen/Qwen2.5-Coder-32B-Instruct-AWQ,None
146,Stacked Bar,Hard,14.8726,14.8726,1,0.0,0.0,0.0,0.0,0.0,0.0,0.0,0.0,0.0,0.0,1.0,0.0,0.0,True,Qwen/Qwen2.5-Coder-32B-Instruct-AWQ,None
150,Pie,Medium,32.7996,32.7996,1,0.0,0.0,0.0,0.0,0.0,0.0,0.0,0.0,0.0,0.0,1.0,0.0,0.0,True,Qwen/Qwen2.5-Coder-32B-Instruct-AWQ,None
150,Pie,Medium,32.7996,32.7996,1,0.0,0.0,0.0,0.0,0.0,0.0,0.0,0.0,0.0,0.0,1.0,0.0,0.0,True,Qwen/Qwen2.5-Coder-32B-Instruct-AWQ,None
150,Pie,Medium,32.7996,32.7996,1,0.0,0.0,0.0,0.0,0.0,0.0,0.0,0.0,0.0,0.0,1.0,0.0,0.0,True,Qwen/Qwen2.5-Coder-32B-Instruct-AWQ,None
158,Bar,Hard,49.6296,49.6296,1,0.0,0.0,0.0,1.0,1.0,0.0,0.0,0.0,0.0,1.0,0.0,,0.0,True,Qwen/Qwen2.5-Coder-32B-Instruct-AWQ,None
158,Bar,Hard,49.6296,49.6296,1,0.0,0.0,0.0,1.0,1.0,0.0,0.0,0.0,0.0,1.0,0.0,,0.0,True,Qwen/Qwen2.5-Coder-32B-Instruct-AWQ,None
158,Bar,Hard,49.6296,49.6296,1,0.0,0.0,0.0,1.0,1.0,0.0,0.0,0.0,0.0,1.0,0.0,,0.0,True,Qwen/Qwen2.5-Coder-32B-Instruct-AWQ,None
163,Line,Hard,12.3627,12.3627,1,0.0,0.0,0.0,1.0,1.0,0.0,0.0,0.0,0.0,1.0,0.0,,0.0,True,Qwen/Qwen2.5-Coder-32B-Instruct-AWQ,None
163,Line,Hard,12.3627,12.3627,1,0.0,0.0,0.0,1.0,1.0,0.0,0.0,0.0,0.0,1.0,0.0,,0.0,True,Qwen/Qwen2.5-Coder-32B-Instruct-AWQ,None
163,Line,Hard,12.3627,12.3627,1,0.0,0.0,0.0,1.0,1.0,0.0,0.0,0.0,0.0,1.0,0.0,,0.0,True,Qwen/Qwen2.5-Coder-32B-Instruct-AWQ,None
173,Pie,Medium,10.879,10.879,1,0.0,0.0,0.0,0.0,0.0,0.0,0.0,0.0,0.0,0.0,1.0,0.0,0.0,False,Qwen/Qwen2.5-Coder-32B-Instruct-AWQ,None
173,Pie,Medium,10.879,10.879,1,0.0,0.0,0.0,0.0,0.0,0.0,0.0,0.0,0.0,0.0,1.0,0.0,0.0,False,Qwen/Qwen2.5-Coder-32B-Instruct-AWQ,None
173,Pie,Medium,10.879,10.879,1,0.0,0.0,0.0,0.0,0.0,0.0,0.0,0.0,0.0,0.0,1.0,0.0,0.0,False,Qwen/Qwen2.5-Coder-32B-Instruct-AWQ,None
175,Scatter,Medium,15.9853,47.9559,3,0.0,0.0,0.0,0.0,0.3333333333333333,0.0,0.0,0.0,0.0,0.3333333333333333,0.6666666666666666,0.0,0.0,True,Qwen/Qwen2.5-Coder-32B-Instruct-AWQ,None
175,Scatter,Medium,15.9853,47.9559,3,0.0,0.0,0.0,0.0,0.3333333333333333,0.0,0.0,0.0,0.0,0.3333333333333333,0.6666666666666666,0.0,0.0,True,Qwen/Qwen2.5-Coder-32B-Instruct-AWQ,None
175,Scatter,Medium,15.9853,47.9559,3,0.0,0.0,0.0,0.0,0.3333333333333333,0.0,0.0,0.0,0.0,0.3333333333333333,0.6666666666666666,0.0,0.0,True,Qwen/Qwen2.5-Coder-32B-Instruct-AWQ,None
186,Bar,Medium,5.8911,5.8911,1,0.0,0.0,0.0,0.0,0.0,0.0,0.0,0.0,0.0,0.0,1.0,0.0,0.0,False,Qwen/Qwen2.5-Coder-32B-Instruct-AWQ,None
186,Bar,Medium,5.8911,5.8911,1,0.0,0.0,0.0,0.0,0.0,0.0,0.0,0.0,0.0,0.0,1.0,0.0,0.0,False,Qwen/Qwen2.5-Coder-32B-Instruct-AWQ,None
186,Bar,Medium,5.8911,5.8911,1,0.0,0.0,0.0,0.0,0.0,0.0,0.0,0.0,0.0,0.0,1.0,0.0,0.0,False,Qwen/Qwen2.5-Coder-32B-Instruct-AWQ,None
189,Stacked Bar,Extra Hard,41.1172,164.4689,4,1.0,0.0,0.0,0.0,0.0,0.0,0.0,0.0,1.0,0.0,0.0,,0.0,False,Qwen/Qwen2.5-Coder-32B-Instruct-AWQ,None
189,Stacked Bar,Extra Hard,41.1172,164.4689,4,1.0,0.0,0.0,0.0,0.0,0.0,0.0,0.0,1.0,0.0,0.0,,0.0,False,Qwen/Qwen2.5-Coder-32B-Instruct-AWQ,None
189,Stacked Bar,Extra Hard,41.1172,164.4689,4,1.0,0.0,0.0,0.0,0.0,0.0,0.0,0.0,1.0,0.0,0.0,,0.0,False,Qwen/Qwen2.5-Coder-32B-Instruct-AWQ,None
194,Stacked Bar,Extra Hard,8.8786,8.8786,1,0.0,0.0,0.0,0.0,0.0,0.0,0.0,0.0,0.0,0.0,1.0,0.0,0.0,False,Qwen/Qwen2.5-Coder-32B-Instruct-AWQ,None
194,Stacked Bar,Extra Hard,8.8786,8.8786,1,0.0,0.0,0.0,0.0,0.0,0.0,0.0,0.0,0.0,0.0,1.0,0.0,0.0,False,Qwen/Qwen2.5-Coder-32B-Instruct-AWQ,None
194,Stacked Bar,Extra Hard,8.8786,8.8786,1,0.0,0.0,0.0,0.0,0.0,0.0,0.0,0.0,0.0,0.0,1.0,0.0,0.0,False,Qwen/Qwen2.5-Coder-32B-Instruct-AWQ,None
195,Stacked Bar,Extra Hard,22.4436,22.4436,1,0.0,1.0,0.0,0.0,0.0,0.0,0.0,0.0,1.0,0.0,0.0,,0.0,False,Qwen/Qwen2.5-Coder-32B-Instruct-AWQ,None
195,Stacked Bar,Extra Hard,22.4436,22.4436,1,0.0,1.0,0.0,0.0,0.0,0.0,0.0,0.0,1.0,0.0,0.0,,0.0,False,Qwen/Qwen2.5-Coder-32B-Instruct-AWQ,None
195,Stacked Bar,Extra Hard,22.4436,22.4436,1,0.0,1.0,0.0,0.0,0.0,0.0,0.0,0.0,1.0,0.0,0.0,,0.0,False,Qwen/Qwen2.5-Coder-32B-Instruct-AWQ,None
196,Stacked Bar,Extra Hard,39.8418,199.2088,5,0.8,0.0,0.0,0.2,0.2,0.0,0.0,0.0,0.8,0.2,0.0,,0.0,False,Qwen/Qwen2.5-Coder-32B-Instruct-AWQ,None
196,Stacked Bar,Extra Hard,39.8418,199.2088,5,0.8,0.0,0.0,0.2,0.2,0.0,0.0,0.0,0.8,0.2,0.0,,0.0,False,Qwen/Qwen2.5-Coder-32B-Instruct-AWQ,None
196,Stacked Bar,Extra Hard,39.8418,199.2088,5,0.8,0.0,0.0,0.2,0.2,0.0,0.0,0.0,0.8,0.2,0.0,,0.0,False,Qwen/Qwen2.5-Coder-32B-Instruct-AWQ,None
201,Stacked Bar,Extra Hard,26.9381,134.6905,5,0.0,0.0,0.0,0.0,0.0,0.0,0.0,0.0,0.0,0.0,1.0,0.0,0.0,False,Qwen/Qwen2.5-Coder-32B-Instruct-AWQ,None
201,Stacked Bar,Extra Hard,26.9381,134.6905,5,0.0,0.0,0.0,0.0,0.0,0.0,0.0,0.0,0.0,0.0,1.0,0.0,0.0,False,Qwen/Qwen2.5-Coder-32B-Instruct-AWQ,None
201,Stacked Bar,Extra Hard,26.9381,134.6905,5,0.0,0.0,0.0,0.0,0.0,0.0,0.0,0.0,0.0,0.0,1.0,0.0,0.0,False,Qwen/Qwen2.5-Coder-32B-Instruct-AWQ,None
202,Stacked Bar,Extra Hard,41.0325,82.0651,2,0.0,0.0,0.0,0.0,0.0,0.0,0.0,0.0,0.0,0.0,1.0,0.0,0.0,False,Qwen/Qwen2.5-Coder-32B-Instruct-AWQ,None
202,Stacked Bar,Extra Hard,41.0325,82.0651,2,0.0,0.0,0.0,0.0,0.0,0.0,0.0,0.0,0.0,0.0,1.0,0.0,0.0,False,Qwen/Qwen2.5-Coder-32B-Instruct-AWQ,None
202,Stacked Bar,Extra Hard,41.0325,82.0651,2,0.0,0.0,0.0,0.0,0.0,0.0,0.0,0.0,0.0,0.0,1.0,0.0,0.0,False,Qwen/Qwen2.5-Coder-32B-Instruct-AWQ,None
205,Bar,Medium,16.6057,49.8172,3,0.0,0.0,0.0,0.0,0.0,0.0,0.0,0.0,0.0,0.0,1.0,0.0,0.0,False,Qwen/Qwen2.5-Coder-32B-Instruct-AWQ,None
205,Bar,Medium,16.6057,49.8172,3,0.0,0.0,0.0,0.0,0.0,0.0,0.0,0.0,0.0,0.0,1.0,0.0,0.0,False,Qwen/Qwen2.5-Coder-32B-Instruct-AWQ,None
205,Bar,Medium,16.6057,49.8172,3,0.0,0.0,0.0,0.0,0.0,0.0,0.0,0.0,0.0,0.0,1.0,0.0,0.0,False,Qwen/Qwen2.5-Coder-32B-Instruct-AWQ,None
210,Stacked Bar,Extra Hard,56.1978,56.1978,1,0.0,0.0,0.0,0.0,0.0,0.0,0.0,0.0,0.0,0.0,1.0,0.0,0.0,False,Qwen/Qwen2.5-Coder-32B-Instruct-AWQ,None
210,Stacked Bar,Extra Hard,56.1978,56.1978,1,0.0,0.0,0.0,0.0,0.0,0.0,0.0,0.0,0.0,0.0,1.0,0.0,0.0,False,Qwen/Qwen2.5-Coder-32B-Instruct-AWQ,None
210,Stacked Bar,Extra Hard,56.1978,56.1978,1,0.0,0.0,0.0,0.0,0.0,0.0,0.0,0.0,0.0,0.0,1.0,0.0,0.0,False,Qwen/Qwen2.5-Coder-32B-Instruct-AWQ,None
211,Stacked Bar,Extra Hard,110.5786,110.5786,1,0.0,0.0,0.0,0.0,0.0,0.0,0.0,0.0,0.0,0.0,1.0,0.0,0.0,False,Qwen/Qwen2.5-Coder-32B-Instruct-AWQ,None
211,Stacked Bar,Extra Hard,110.5786,110.5786,1,0.0,0.0,0.0,0.0,0.0,0.0,0.0,0.0,0.0,0.0,1.0,0.0,0.0,False,Qwen/Qwen2.5-Coder-32B-Instruct-AWQ,None
211,Stacked Bar,Extra Hard,110.5786,110.5786,1,0.0,0.0,0.0,0.0,0.0,0.0,0.0,0.0,0.0,0.0,1.0,0.0,0.0,False,Qwen/Qwen2.5-Coder-32B-Instruct-AWQ,None
219,Bar,Medium,14.8285,59.314,4,0.0,0.0,0.0,0.0,0.0,0.0,0.0,0.0,0.0,0.0,1.0,0.0,0.0,False,Qwen/Qwen2.5-Coder-32B-Instruct-AWQ,None
219,Bar,Medium,14.8285,59.314,4,0.0,0.0,0.0,0.0,0.0,0.0,0.0,0.0,0.0,0.0,1.0,0.0,0.0,False,Qwen/Qwen2.5-Coder-32B-Instruct-AWQ,None
219,Bar,Medium,14.8285,59.314,4,0.0,0.0,0.0,0.0,0.0,0.0,0.0,0.0,0.0,0.0,1.0,0.0,0.0,False,Qwen/Qwen2.5-Coder-32B-Instruct-AWQ,None
224,Stacked Bar,Extra Hard,59.7821,179.3464,3,0.0,0.0,0.0,0.0,0.0,0.0,0.0,0.0,0.0,0.0,1.0,0.0,0.0,False,Qwen/Qwen2.5-Coder-32B-Instruct-AWQ,None
224,Stacked Bar,Extra Hard,59.7821,179.3464,3,0.0,0.0,0.0,0.0,0.0,0.0,0.0,0.0,0.0,0.0,1.0,0.0,0.0,False,Qwen/Qwen2.5-Coder-32B-Instruct-AWQ,None
224,Stacked Bar,Extra Hard,59.7821,179.3464,3,0.0,0.0,0.0,0.0,0.0,0.0,0.0,0.0,0.0,0.0,1.0,0.0,0.0,False,Qwen/Qwen2.5-Coder-32B-Instruct-AWQ,None
225,Stacked Bar,Extra Hard,59.7445,59.7445,1,0.0,0.0,0.0,0.0,0.0,0.0,0.0,0.0,0.0,0.0,1.0,0.0,0.0,False,Qwen/Qwen2.5-Coder-32B-Instruct-AWQ,None
225,Stacked Bar,Extra Hard,59.7445,59.7445,1,0.0,0.0,0.0,0.0,0.0,0.0,0.0,0.0,0.0,0.0,1.0,0.0,0.0,False,Qwen/Qwen2.5-Coder-32B-Instruct-AWQ,None
225,Stacked Bar,Extra Hard,59.7445,59.7445,1,0.0,0.0,0.0,0.0,0.0,0.0,0.0,0.0,0.0,0.0,1.0,0.0,0.0,False,Qwen/Qwen2.5-Coder-32B-Instruct-AWQ,None
231,Bar,Medium,17.0392,68.1567,4,0.0,0.0,0.0,0.0,0.0,0.0,0.0,0.0,0.0,0.0,1.0,0.0,0.0,False,Qwen/Qwen2.5-Coder-32B-Instruct-AWQ,None
231,Bar,Medium,17.0392,68.1567,4,0.0,0.0,0.0,0.0,0.0,0.0,0.0,0.0,0.0,0.0,1.0,0.0,0.0,False,Qwen/Qwen2.5-Coder-32B-Instruct-AWQ,None
231,Bar,Medium,17.0392,68.1567,4,0.0,0.0,0.0,0.0,0.0,0.0,0.0,0.0,0.0,0.0,1.0,0.0,0.0,False,Qwen/Qwen2.5-Coder-32B-Instruct-AWQ,None
233,Bar,Medium,18.6838,56.0513,3,0.0,0.0,0.0,0.0,0.0,0.0,0.0,0.0,0.0,0.0,1.0,0.0,0.0,False,Qwen/Qwen2.5-Coder-32B-Instruct-AWQ,None
233,Bar,Medium,18.6838,56.0513,3,0.0,0.0,0.0,0.0,0.0,0.0,0.0,0.0,0.0,0.0,1.0,0.0,0.0,False,Qwen/Qwen2.5-Coder-32B-Instruct-AWQ,None
233,Bar,Medium,18.6838,56.0513,3,0.0,0.0,0.0,0.0,0.0,0.0,0.0,0.0,0.0,0.0,1.0,0.0,0.0,False,Qwen/Qwen2.5-Coder-32B-Instruct-AWQ,None
238,Bar,Medium,28.3225,113.2901,4,0.0,0.0,0.0,0.0,0.0,0.0,0.0,0.0,0.0,0.0,1.0,0.0,0.0,False,Qwen/Qwen2.5-Coder-32B-Instruct-AWQ,None
238,Bar,Medium,28.3225,113.2901,4,0.0,0.0,0.0,0.0,0.0,0.0,0.0,0.0,0.0,0.0,1.0,0.0,0.0,False,Qwen/Qwen2.5-Coder-32B-Instruct-AWQ,None
238,Bar,Medium,28.3225,113.2901,4,0.0,0.0,0.0,0.0,0.0,0.0,0.0,0.0,0.0,0.0,1.0,0.0,0.0,False,Qwen/Qwen2.5-Coder-32B-Instruct-AWQ,None
246,Bar,Medium,18.8747,75.4987,4,0.0,0.0,0.0,0.0,0.0,0.0,0.0,0.0,0.0,0.0,1.0,0.0,0.0,False,Qwen/Qwen2.5-Coder-32B-Instruct-AWQ,None
246,Bar,Medium,18.8747,75.4987,4,0.0,0.0,0.0,0.0,0.0,0.0,0.0,0.0,0.0,0.0,1.0,0.0,0.0,False,Qwen/Qwen2.5-Coder-32B-Instruct-AWQ,None
246,Bar,Medium,18.8747,75.4987,4,0.0,0.0,0.0,0.0,0.0,0.0,0.0,0.0,0.0,0.0,1.0,0.0,0.0,False,Qwen/Qwen2.5-Coder-32B-Instruct-AWQ,None
247,Bar,Medium,25.7655,103.0621,4,0.0,0.0,0.0,0.0,0.0,0.0,0.0,0.0,0.0,0.0,1.0,0.0,0.0,False,Qwen/Qwen2.5-Coder-32B-Instruct-AWQ,None
247,Bar,Medium,25.7655,103.0621,4,0.0,0.0,0.0,0.0,0.0,0.0,0.0,0.0,0.0,0.0,1.0,0.0,0.0,False,Qwen/Qwen2.5-Coder-32B-Instruct-AWQ,None
247,Bar,Medium,25.7655,103.0621,4,0.0,0.0,0.0,0.0,0.0,0.0,0.0,0.0,0.0,0.0,1.0,0.0,0.0,False,Qwen/Qwen2.5-Coder-32B-Instruct-AWQ,None
248,Bar,Medium,5.7447,5.7447,1,0.0,0.0,0.0,0.0,0.0,0.0,0.0,0.0,0.0,0.0,1.0,0.0,0.0,False,Qwen/Qwen2.5-Coder-32B-Instruct-AWQ,None
248,Bar,Medium,5.7447,5.7447,1,0.0,0.0,0.0,0.0,0.0,0.0,0.0,0.0,0.0,0.0,1.0,0.0,0.0,False,Qwen/Qwen2.5-Coder-32B-Instruct-AWQ,None
248,Bar,Medium,5.7447,5.7447,1,0.0,0.0,0.0,0.0,0.0,0.0,0.0,0.0,0.0,0.0,1.0,0.0,0.0,False,Qwen/Qwen2.5-Coder-32B-Instruct-AWQ,None
252,Pie,Medium,30.4638,60.9275,2,0.0,0.0,0.0,0.0,0.0,0.0,0.0,0.0,0.0,0.0,1.0,0.0,0.0,False,Qwen/Qwen2.5-Coder-32B-Instruct-AWQ,None
252,Pie,Medium,30.4638,60.9275,2,0.0,0.0,0.0,0.0,0.0,0.0,0.0,0.0,0.0,0.0,1.0,0.0,0.0,False,Qwen/Qwen2.5-Coder-32B-Instruct-AWQ,None
252,Pie,Medium,30.4638,60.9275,2,0.0,0.0,0.0,0.0,0.0,0.0,0.0,0.0,0.0,0.0,1.0,0.0,0.0,False,Qwen/Qwen2.5-Coder-32B-Instruct-AWQ,None
264,Bar,Medium,28.0195,112.0779,4,0.0,0.0,0.0,0.0,0.0,0.0,0.0,0.0,0.0,0.0,1.0,0.0,0.0,False,Qwen/Qwen2.5-Coder-32B-Instruct-AWQ,None
264,Bar,Medium,28.0195,112.0779,4,0.0,0.0,0.0,0.0,0.0,0.0,0.0,0.0,0.0,0.0,1.0,0.0,0.0,False,Qwen/Qwen2.5-Coder-32B-Instruct-AWQ,None
264,Bar,Medium,28.0195,112.0779,4,0.0,0.0,0.0,0.0,0.0,0.0,0.0,0.0,0.0,0.0,1.0,0.0,0.0,False,Qwen/Qwen2.5-Coder-32B-Instruct-AWQ,None
265,Bar,Medium,22.7244,68.1731,3,0.0,0.0,0.0,0.0,0.0,0.0,0.0,0.0,0.0,0.0,1.0,0.0,0.0,False,Qwen/Qwen2.5-Coder-32B-Instruct-AWQ,None
265,Bar,Medium,22.7244,68.1731,3,0.0,0.0,0.0,0.0,0.0,0.0,0.0,0.0,0.0,0.0,1.0,0.0,0.0,False,Qwen/Qwen2.5-Coder-32B-Instruct-AWQ,None
265,Bar,Medium,22.7244,68.1731,3,0.0,0.0,0.0,0.0,0.0,0.0,0.0,0.0,0.0,0.0,1.0,0.0,0.0,False,Qwen/Qwen2.5-Coder-32B-Instruct-AWQ,None
267,Line,Easy,39.5223,118.5669,3,0.0,0.0,0.0,0.0,0.6666666666666666,0.0,0.0,0.0,0.0,0.6666666666666666,0.3333333333333333,0.0,0.0,False,Qwen/Qwen2.5-Coder-32B-Instruct-AWQ,None
267,Line,Easy,39.5223,118.5669,3,0.0,0.0,0.0,0.0,0.6666666666666666,0.0,0.0,0.0,0.0,0.6666666666666666,0.3333333333333333,0.0,0.0,False,Qwen/Qwen2.5-Coder-32B-Instruct-AWQ,None
267,Line,Easy,39.5223,118.5669,3,0.0,0.0,0.0,0.0,0.6666666666666666,0.0,0.0,0.0,0.0,0.6666666666666666,0.3333333333333333,0.0,0.0,False,Qwen/Qwen2.5-Coder-32B-Instruct-AWQ,None
273,Line,Medium,29.875,119.4999,4,0.0,0.0,0.0,0.0,1.0,0.0,0.0,0.0,0.0,1.0,0.0,,0.0,False,Qwen/Qwen2.5-Coder-32B-Instruct-AWQ,None
273,Line,Medium,29.875,119.4999,4,0.0,0.0,0.0,0.0,1.0,0.0,0.0,0.0,0.0,1.0,0.0,,0.0,False,Qwen/Qwen2.5-Coder-32B-Instruct-AWQ,None
273,Line,Medium,29.875,119.4999,4,0.0,0.0,0.0,0.0,1.0,0.0,0.0,0.0,0.0,1.0,0.0,,0.0,False,Qwen/Qwen2.5-Coder-32B-Instruct-AWQ,None
285,Bar,Medium,11.536,11.536,1,0.0,0.0,0.0,0.0,0.0,0.0,0.0,0.0,0.0,0.0,1.0,0.0,0.0,False,Qwen/Qwen2.5-Coder-32B-Instruct-AWQ,None
285,Bar,Medium,11.536,11.536,1,0.0,0.0,0.0,0.0,0.0,0.0,0.0,0.0,0.0,0.0,1.0,0.0,0.0,False,Qwen/Qwen2.5-Coder-32B-Instruct-AWQ,None
285,Bar,Medium,11.536,11.536,1,0.0,0.0,0.0,0.0,0.0,0.0,0.0,0.0,0.0,0.0,1.0,0.0,0.0,False,Qwen/Qwen2.5-Coder-32B-Instruct-AWQ,None
286,Bar,Medium,39.9548,39.9548,1,0.0,0.0,0.0,0.0,0.0,0.0,0.0,0.0,0.0,0.0,1.0,0.0,0.0,False,Qwen/Qwen2.5-Coder-32B-Instruct-AWQ,None
286,Bar,Medium,39.9548,39.9548,1,0.0,0.0,0.0,0.0,0.0,0.0,0.0,0.0,0.0,0.0,1.0,0.0,0.0,False,Qwen/Qwen2.5-Coder-32B-Instruct-AWQ,None
286,Bar,Medium,39.9548,39.9548,1,0.0,0.0,0.0,0.0,0.0,0.0,0.0,0.0,0.0,0.0,1.0,0.0,0.0,False,Qwen/Qwen2.5-Coder-32B-Instruct-AWQ,None
291,Bar,Hard,44.9148,44.9148,1,1.0,0.0,0.0,0.0,0.0,0.0,0.0,0.0,1.0,0.0,0.0,,0.0,False,Qwen/Qwen2.5-Coder-32B-Instruct-AWQ,None
291,Bar,Hard,44.9148,44.9148,1,1.0,0.0,0.0,0.0,0.0,0.0,0.0,0.0,1.0,0.0,0.0,,0.0,False,Qwen/Qwen2.5-Coder-32B-Instruct-AWQ,None
291,Bar,Hard,44.9148,44.9148,1,1.0,0.0,0.0,0.0,0.0,0.0,0.0,0.0,1.0,0.0,0.0,,0.0,False,Qwen/Qwen2.5-Coder-32B-Instruct-AWQ,None
292,Scatter,Medium,31.0469,62.0939,2,0.5,0.0,0.0,0.0,0.0,0.0,0.0,0.0,0.5,0.0,0.5,0.0,0.0,False,Qwen/Qwen2.5-Coder-32B-Instruct-AWQ,None
292,Scatter,Medium,31.0469,62.0939,2,0.5,0.0,0.0,0.0,0.0,0.0,0.0,0.0,0.5,0.0,0.5,0.0,0.0,False,Qwen/Qwen2.5-Coder-32B-Instruct-AWQ,None
292,Scatter,Medium,31.0469,62.0939,2,0.5,0.0,0.0,0.0,0.0,0.0,0.0,0.0,0.5,0.0,0.5,0.0,0.0,False,Qwen/Qwen2.5-Coder-32B-Instruct-AWQ,None
293,Bar,Hard,24.699,24.699,1,0.0,0.0,0.0,0.0,0.0,0.0,0.0,0.0,0.0,0.0,1.0,0.0,0.0,False,Qwen/Qwen2.5-Coder-32B-Instruct-AWQ,None
293,Bar,Hard,24.699,24.699,1,0.0,0.0,0.0,0.0,0.0,0.0,0.0,0.0,0.0,0.0,1.0,0.0,0.0,False,Qwen/Qwen2.5-Coder-32B-Instruct-AWQ,None
293,Bar,Hard,24.699,24.699,1,0.0,0.0,0.0,0.0,0.0,0.0,0.0,0.0,0.0,0.0,1.0,0.0,0.0,False,Qwen/Qwen2.5-Coder-32B-Instruct-AWQ,None
295,Bar,Hard,32.5083,65.0166,2,0.5,0.0,0.0,0.0,0.0,0.0,0.0,0.0,0.5,0.0,0.5,0.0,0.0,False,Qwen/Qwen2.5-Coder-32B-Instruct-AWQ,None
295,Bar,Hard,32.5083,65.0166,2,0.5,0.0,0.0,0.0,0.0,0.0,0.0,0.0,0.5,0.0,0.5,0.0,0.0,False,Qwen/Qwen2.5-Coder-32B-Instruct-AWQ,None
295,Bar,Hard,32.5083,65.0166,2,0.5,0.0,0.0,0.0,0.0,0.0,0.0,0.0,0.5,0.0,0.5,0.0,0.0,False,Qwen/Qwen2.5-Coder-32B-Instruct-AWQ,None
296,Bar,Hard,27.225,27.225,1,0.0,0.0,0.0,0.0,1.0,0.0,0.0,0.0,0.0,1.0,0.0,,0.0,False,Qwen/Qwen2.5-Coder-32B-Instruct-AWQ,None
296,Bar,Hard,27.225,27.225,1,0.0,0.0,0.0,0.0,1.0,0.0,0.0,0.0,0.0,1.0,0.0,,0.0,False,Qwen/Qwen2.5-Coder-32B-Instruct-AWQ,None
296,Bar,Hard,27.225,27.225,1,0.0,0.0,0.0,0.0,1.0,0.0,0.0,0.0,0.0,1.0,0.0,,0.0,False,Qwen/Qwen2.5-Coder-32B-Instruct-AWQ,None
297,Bar,Medium,8.5899,17.1799,2,0.0,0.0,0.0,0.0,1.0,0.0,0.0,0.0,0.0,1.0,0.0,,0.0,False,Qwen/Qwen2.5-Coder-32B-Instruct-AWQ,None
297,Bar,Medium,8.5899,17.1799,2,0.0,0.0,0.0,0.0,1.0,0.0,0.0,0.0,0.0,1.0,0.0,,0.0,False,Qwen/Qwen2.5-Coder-32B-Instruct-AWQ,None
297,Bar,Medium,8.5899,17.1799,2,0.0,0.0,0.0,0.0,1.0,0.0,0.0,0.0,0.0,1.0,0.0,,0.0,False,Qwen/Qwen2.5-Coder-32B-Instruct-AWQ,None
306,Pie,Easy,18.5505,55.6516,3,0.0,0.0,0.0,0.0,0.6666666666666666,0.0,0.0,0.0,0.0,0.6666666666666666,0.3333333333333333,0.0,0.0,False,Qwen/Qwen2.5-Coder-32B-Instruct-AWQ,None
306,Pie,Easy,18.5505,55.6516,3,0.0,0.0,0.0,0.0,0.6666666666666666,0.0,0.0,0.0,0.0,0.6666666666666666,0.3333333333333333,0.0,0.0,False,Qwen/Qwen2.5-Coder-32B-Instruct-AWQ,None
306,Pie,Easy,18.5505,55.6516,3,0.0,0.0,0.0,0.0,0.6666666666666666,0.0,0.0,0.0,0.0,0.6666666666666666,0.3333333333333333,0.0,0.0,False,Qwen/Qwen2.5-Coder-32B-Instruct-AWQ,None
308,Scatter,Easy,59.8066,119.6133,2,0.0,0.0,0.0,0.0,0.5,0.0,0.0,0.0,0.0,0.5,0.5,0.0,0.0,True,Qwen/Qwen2.5-Coder-32B-Instruct-AWQ,None
308,Scatter,Easy,59.8066,119.6133,2,0.0,0.0,0.0,0.0,0.5,0.0,0.0,0.0,0.0,0.5,0.5,0.0,0.0,True,Qwen/Qwen2.5-Coder-32B-Instruct-AWQ,None
308,Scatter,Easy,59.8066,119.6133,2,0.0,0.0,0.0,0.0,0.5,0.0,0.0,0.0,0.0,0.5,0.5,0.0,0.0,True,Qwen/Qwen2.5-Coder-32B-Instruct-AWQ,None
312,Pie,Hard,33.3334,66.6667,2,0.0,0.0,0.0,0.0,0.5,0.0,0.0,0.0,0.0,0.5,0.5,0.0,0.0,False,Qwen/Qwen2.5-Coder-32B-Instruct-AWQ,None
312,Pie,Hard,33.3334,66.6667,2,0.0,0.0,0.0,0.0,0.5,0.0,0.0,0.0,0.0,0.5,0.5,0.0,0.0,False,Qwen/Qwen2.5-Coder-32B-Instruct-AWQ,None
312,Pie,Hard,33.3334,66.6667,2,0.0,0.0,0.0,0.0,0.5,0.0,0.0,0.0,0.0,0.5,0.5,0.0,0.0,False,Qwen/Qwen2.5-Coder-32B-Instruct-AWQ,None
316,Line,Medium,19.7554,59.2662,3,0.0,0.0,0.0,0.0,1.0,0.0,0.0,0.0,0.0,1.0,0.0,,0.0,False,Qwen/Qwen2.5-Coder-32B-Instruct-AWQ,None
316,Line,Medium,19.7554,59.2662,3,0.0,0.0,0.0,0.0,1.0,0.0,0.0,0.0,0.0,1.0,0.0,,0.0,False,Qwen/Qwen2.5-Coder-32B-Instruct-AWQ,None
316,Line,Medium,19.7554,59.2662,3,0.0,0.0,0.0,0.0,1.0,0.0,0.0,0.0,0.0,1.0,0.0,,0.0,False,Qwen/Qwen2.5-Coder-32B-Instruct-AWQ,None
328,Scatter,Medium,85.0686,170.1373,2,0.0,0.0,0.0,0.0,0.5,0.0,0.0,0.0,0.0,0.5,0.5,0.0,0.0,True,Qwen/Qwen2.5-Coder-32B-Instruct-AWQ,None
328,Scatter,Medium,85.0686,170.1373,2,0.0,0.0,0.0,0.0,0.5,0.0,0.0,0.0,0.0,0.5,0.5,0.0,0.0,True,Qwen/Qwen2.5-Coder-32B-Instruct-AWQ,None
328,Scatter,Medium,85.0686,170.1373,2,0.0,0.0,0.0,0.0,0.5,0.0,0.0,0.0,0.0,0.5,0.5,0.0,0.0,True,Qwen/Qwen2.5-Coder-32B-Instruct-AWQ,None
335,Bar,Medium,47.5495,47.5495,1,1.0,0.0,0.0,0.0,0.0,0.0,0.0,0.0,1.0,0.0,0.0,,0.0,False,Qwen/Qwen2.5-Coder-32B-Instruct-AWQ,None
335,Bar,Medium,47.5495,47.5495,1,1.0,0.0,0.0,0.0,0.0,0.0,0.0,0.0,1.0,0.0,0.0,,0.0,False,Qwen/Qwen2.5-Coder-32B-Instruct-AWQ,None
335,Bar,Medium,47.5495,47.5495,1,1.0,0.0,0.0,0.0,0.0,0.0,0.0,0.0,1.0,0.0,0.0,,0.0,False,Qwen/Qwen2.5-Coder-32B-Instruct-AWQ,None
338,Pie,Easy,4.8082,4.8082,1,0.0,0.0,0.0,0.0,0.0,0.0,0.0,0.0,0.0,0.0,1.0,0.0,0.0,False,Qwen/Qwen2.5-Coder-32B-Instruct-AWQ,None
338,Pie,Easy,4.8082,4.8082,1,0.0,0.0,0.0,0.0,0.0,0.0,0.0,0.0,0.0,0.0,1.0,0.0,0.0,False,Qwen/Qwen2.5-Coder-32B-Instruct-AWQ,None
338,Pie,Easy,4.8082,4.8082,1,0.0,0.0,0.0,0.0,0.0,0.0,0.0,0.0,0.0,0.0,1.0,0.0,0.0,False,Qwen/Qwen2.5-Coder-32B-Instruct-AWQ,None
340,Bar,Medium,9.8595,9.8595,1,0.0,0.0,0.0,0.0,1.0,0.0,0.0,0.0,0.0,1.0,0.0,,0.0,False,Qwen/Qwen2.5-Coder-32B-Instruct-AWQ,None
340,Bar,Medium,9.8595,9.8595,1,0.0,0.0,0.0,0.0,1.0,0.0,0.0,0.0,0.0,1.0,0.0,,0.0,False,Qwen/Qwen2.5-Coder-32B-Instruct-AWQ,None
340,Bar,Medium,9.8595,9.8595,1,0.0,0.0,0.0,0.0,1.0,0.0,0.0,0.0,0.0,1.0,0.0,,0.0,False,Qwen/Qwen2.5-Coder-32B-Instruct-AWQ,None
342,Line,Medium,11.7837,23.5673,2,0.0,0.0,0.0,0.0,1.0,0.0,0.0,0.0,0.0,1.0,0.0,,0.0,False,Qwen/Qwen2.5-Coder-32B-Instruct-AWQ,None
342,Line,Medium,11.7837,23.5673,2,0.0,0.0,0.0,0.0,1.0,0.0,0.0,0.0,0.0,1.0,0.0,,0.0,False,Qwen/Qwen2.5-Coder-32B-Instruct-AWQ,None
342,Line,Medium,11.7837,23.5673,2,0.0,0.0,0.0,0.0,1.0,0.0,0.0,0.0,0.0,1.0,0.0,,0.0,False,Qwen/Qwen2.5-Coder-32B-Instruct-AWQ,None
354,Scatter,Easy,11.4099,57.0497,5,0.0,0.0,0.0,0.0,0.0,0.0,0.0,0.0,0.0,0.0,1.0,0.0,0.0,False,Qwen/Qwen2.5-Coder-32B-Instruct-AWQ,None
354,Scatter,Easy,11.4099,57.0497,5,0.0,0.0,0.0,0.0,0.0,0.0,0.0,0.0,0.0,0.0,1.0,0.0,0.0,False,Qwen/Qwen2.5-Coder-32B-Instruct-AWQ,None
354,Scatter,Easy,11.4099,57.0497,5,0.0,0.0,0.0,0.0,0.0,0.0,0.0,0.0,0.0,0.0,1.0,0.0,0.0,False,Qwen/Qwen2.5-Coder-32B-Instruct-AWQ,None
367,Bar,Medium,20.3926,40.7852,2,0.0,0.0,0.0,0.0,0.0,0.0,0.0,0.0,0.0,0.0,1.0,0.0,0.0,False,Qwen/Qwen2.5-Coder-32B-Instruct-AWQ,None
367,Bar,Medium,20.3926,40.7852,2,0.0,0.0,0.0,0.0,0.0,0.0,0.0,0.0,0.0,0.0,1.0,0.0,0.0,False,Qwen/Qwen2.5-Coder-32B-Instruct-AWQ,None
367,Bar,Medium,20.3926,40.7852,2,0.0,0.0,0.0,0.0,0.0,0.0,0.0,0.0,0.0,0.0,1.0,0.0,0.0,False,Qwen/Qwen2.5-Coder-32B-Instruct-AWQ,None
368,Bar,Hard,53.73,53.73,1,0.0,0.0,0.0,0.0,0.0,0.0,0.0,0.0,0.0,0.0,1.0,0.0,0.0,True,Qwen/Qwen2.5-Coder-32B-Instruct-AWQ,None
368,Bar,Hard,53.73,53.73,1,0.0,0.0,0.0,0.0,0.0,0.0,0.0,0.0,0.0,0.0,1.0,0.0,0.0,True,Qwen/Qwen2.5-Coder-32B-Instruct-AWQ,None
368,Bar,Hard,53.73,53.73,1,0.0,0.0,0.0,0.0,0.0,0.0,0.0,0.0,0.0,0.0,1.0,0.0,0.0,True,Qwen/Qwen2.5-Coder-32B-Instruct-AWQ,None
370,Pie,Medium,11.5926,11.5926,1,0.0,0.0,0.0,0.0,0.0,0.0,0.0,0.0,0.0,0.0,1.0,0.0,0.0,True,Qwen/Qwen2.5-Coder-32B-Instruct-AWQ,None
370,Pie,Medium,11.5926,11.5926,1,0.0,0.0,0.0,0.0,0.0,0.0,0.0,0.0,0.0,0.0,1.0,0.0,0.0,True,Qwen/Qwen2.5-Coder-32B-Instruct-AWQ,None
370,Pie,Medium,11.5926,11.5926,1,0.0,0.0,0.0,0.0,0.0,0.0,0.0,0.0,0.0,0.0,1.0,0.0,0.0,True,Qwen/Qwen2.5-Coder-32B-Instruct-AWQ,None
376,Bar,Easy,12.2045,61.0224,5,0.0,0.0,0.0,0.0,0.0,0.0,0.0,0.0,0.0,0.0,1.0,0.0,0.0,False,Qwen/Qwen2.5-Coder-32B-Instruct-AWQ,None
376,Bar,Easy,12.2045,61.0224,5,0.0,0.0,0.0,0.0,0.0,0.0,0.0,0.0,0.0,0.0,1.0,0.0,0.0,False,Qwen/Qwen2.5-Coder-32B-Instruct-AWQ,None
376,Bar,Easy,12.2045,61.0224,5,0.0,0.0,0.0,0.0,0.0,0.0,0.0,0.0,0.0,0.0,1.0,0.0,0.0,False,Qwen/Qwen2.5-Coder-32B-Instruct-AWQ,None
387,Grouping Scatter,Easy,36.714,146.8562,4,0.75,0.0,0.0,0.0,0.25,0.0,0.0,0.0,0.75,0.25,0.0,,0.0,False,Qwen/Qwen2.5-Coder-32B-Instruct-AWQ,None
387,Grouping Scatter,Easy,36.714,146.8562,4,0.75,0.0,0.0,0.0,0.25,0.0,0.0,0.0,0.75,0.25,0.0,,0.0,False,Qwen/Qwen2.5-Coder-32B-Instruct-AWQ,None
387,Grouping Scatter,Easy,36.714,146.8562,4,0.75,0.0,0.0,0.0,0.25,0.0,0.0,0.0,0.75,0.25,0.0,,0.0,False,Qwen/Qwen2.5-Coder-32B-Instruct-AWQ,None
399,Scatter,Easy,11.6054,34.8163,3,0.0,0.0,0.0,0.0,0.0,0.0,0.0,0.0,0.0,0.0,1.0,0.0,0.0,False,Qwen/Qwen2.5-Coder-32B-Instruct-AWQ,None
399,Scatter,Easy,11.6054,34.8163,3,0.0,0.0,0.0,0.0,0.0,0.0,0.0,0.0,0.0,0.0,1.0,0.0,0.0,False,Qwen/Qwen2.5-Coder-32B-Instruct-AWQ,None
399,Scatter,Easy,11.6054,34.8163,3,0.0,0.0,0.0,0.0,0.0,0.0,0.0,0.0,0.0,0.0,1.0,0.0,0.0,False,Qwen/Qwen2.5-Coder-32B-Instruct-AWQ,None
400,Scatter,Easy,21.9249,43.8497,2,0.0,0.0,0.0,0.0,0.0,0.0,0.0,0.0,0.0,0.0,1.0,0.0,0.0,False,Qwen/Qwen2.5-Coder-32B-Instruct-AWQ,None
400,Scatter,Easy,21.9249,43.8497,2,0.0,0.0,0.0,0.0,0.0,0.0,0.0,0.0,0.0,0.0,1.0,0.0,0.0,False,Qwen/Qwen2.5-Coder-32B-Instruct-AWQ,None
400,Scatter,Easy,21.9249,43.8497,2,0.0,0.0,0.0,0.0,0.0,0.0,0.0,0.0,0.0,0.0,1.0,0.0,0.0,False,Qwen/Qwen2.5-Coder-32B-Instruct-AWQ,None
402,Pie,Medium,8.099,16.198,2,0.0,0.0,0.0,0.0,0.0,0.0,0.0,0.0,0.0,0.0,1.0,0.0,0.0,False,Qwen/Qwen2.5-Coder-32B-Instruct-AWQ,None
402,Pie,Medium,8.099,16.198,2,0.0,0.0,0.0,0.0,0.0,0.0,0.0,0.0,0.0,0.0,1.0,0.0,0.0,False,Qwen/Qwen2.5-Coder-32B-Instruct-AWQ,None
402,Pie,Medium,8.099,16.198,2,0.0,0.0,0.0,0.0,0.0,0.0,0.0,0.0,0.0,0.0,1.0,0.0,0.0,False,Qwen/Qwen2.5-Coder-32B-Instruct-AWQ,None
403,Bar,Medium,8.0121,8.0121,1,0.0,0.0,0.0,0.0,0.0,0.0,0.0,0.0,0.0,0.0,1.0,0.0,0.0,False,Qwen/Qwen2.5-Coder-32B-Instruct-AWQ,None
403,Bar,Medium,8.0121,8.0121,1,0.0,0.0,0.0,0.0,0.0,0.0,0.0,0.0,0.0,0.0,1.0,0.0,0.0,False,Qwen/Qwen2.5-Coder-32B-Instruct-AWQ,None
403,Bar,Medium,8.0121,8.0121,1,0.0,0.0,0.0,0.0,0.0,0.0,0.0,0.0,0.0,0.0,1.0,0.0,0.0,False,Qwen/Qwen2.5-Coder-32B-Instruct-AWQ,None
405,Bar,Easy,21.6825,43.365,2,0.0,0.0,0.0,0.0,0.0,0.0,0.0,0.0,0.0,0.0,1.0,0.0,0.0,False,Qwen/Qwen2.5-Coder-32B-Instruct-AWQ,None
405,Bar,Easy,21.6825,43.365,2,0.0,0.0,0.0,0.0,0.0,0.0,0.0,0.0,0.0,0.0,1.0,0.0,0.0,False,Qwen/Qwen2.5-Coder-32B-Instruct-AWQ,None
405,Bar,Easy,21.6825,43.365,2,0.0,0.0,0.0,0.0,0.0,0.0,0.0,0.0,0.0,0.0,1.0,0.0,0.0,False,Qwen/Qwen2.5-Coder-32B-Instruct-AWQ,None
409,Grouping Scatter,Easy,7.6565,7.6565,1,0.0,0.0,0.0,0.0,0.0,0.0,0.0,0.0,0.0,0.0,1.0,0.0,0.0,False,Qwen/Qwen2.5-Coder-32B-Instruct-AWQ,None
409,Grouping Scatter,Easy,7.6565,7.6565,1,0.0,0.0,0.0,0.0,0.0,0.0,0.0,0.0,0.0,0.0,1.0,0.0,0.0,False,Qwen/Qwen2.5-Coder-32B-Instruct-AWQ,None
409,Grouping Scatter,Easy,7.6565,7.6565,1,0.0,0.0,0.0,0.0,0.0,0.0,0.0,0.0,0.0,0.0,1.0,0.0,0.0,False,Qwen/Qwen2.5-Coder-32B-Instruct-AWQ,None
416,Line,Medium,43.901,43.901,1,0.0,0.0,0.0,0.0,0.0,0.0,0.0,0.0,0.0,0.0,1.0,0.0,0.0,False,Qwen/Qwen2.5-Coder-32B-Instruct-AWQ,None
416,Line,Medium,43.901,43.901,1,0.0,0.0,0.0,0.0,0.0,0.0,0.0,0.0,0.0,0.0,1.0,0.0,0.0,False,Qwen/Qwen2.5-Coder-32B-Instruct-AWQ,None
416,Line,Medium,43.901,43.901,1,0.0,0.0,0.0,0.0,0.0,0.0,0.0,0.0,0.0,0.0,1.0,0.0,0.0,False,Qwen/Qwen2.5-Coder-32B-Instruct-AWQ,None
419,Pie,Medium,9.8915,19.783,2,0.0,0.0,0.0,0.0,0.0,0.0,0.0,0.0,0.0,0.0,1.0,0.0,0.0,True,Qwen/Qwen2.5-Coder-32B-Instruct-AWQ,None
419,Pie,Medium,9.8915,19.783,2,0.0,0.0,0.0,0.0,0.0,0.0,0.0,0.0,0.0,0.0,1.0,0.0,0.0,True,Qwen/Qwen2.5-Coder-32B-Instruct-AWQ,None
419,Pie,Medium,9.8915,19.783,2,0.0,0.0,0.0,0.0,0.0,0.0,0.0,0.0,0.0,0.0,1.0,0.0,0.0,True,Qwen/Qwen2.5-Coder-32B-Instruct-AWQ,None
432,Scatter,Easy,17.6697,53.009,3,0.0,0.0,0.0,0.0,0.0,0.0,0.0,0.0,0.0,0.0,1.0,0.0,0.0,False,Qwen/Qwen2.5-Coder-32B-Instruct-AWQ,None
432,Scatter,Easy,17.6697,53.009,3,0.0,0.0,0.0,0.0,0.0,0.0,0.0,0.0,0.0,0.0,1.0,0.0,0.0,False,Qwen/Qwen2.5-Coder-32B-Instruct-AWQ,None
432,Scatter,Easy,17.6697,53.009,3,0.0,0.0,0.0,0.0,0.0,0.0,0.0,0.0,0.0,0.0,1.0,0.0,0.0,False,Qwen/Qwen2.5-Coder-32B-Instruct-AWQ,None
433,Pie,Medium,24.4856,73.4567,3,0.0,0.0,0.0,0.0,0.3333333333333333,0.0,0.0,0.0,0.0,0.3333333333333333,0.6666666666666666,0.0,0.0,True,Qwen/Qwen2.5-Coder-32B-Instruct-AWQ,None
433,Pie,Medium,24.4856,73.4567,3,0.0,0.0,0.0,0.0,0.3333333333333333,0.0,0.0,0.0,0.0,0.3333333333333333,0.6666666666666666,0.0,0.0,True,Qwen/Qwen2.5-Coder-32B-Instruct-AWQ,None
433,Pie,Medium,24.4856,73.4567,3,0.0,0.0,0.0,0.0,0.3333333333333333,0.0,0.0,0.0,0.0,0.3333333333333333,0.6666666666666666,0.0,0.0,True,Qwen/Qwen2.5-Coder-32B-Instruct-AWQ,None
440,Bar,Hard,13.4198,13.4198,1,0.0,0.0,0.0,0.0,0.0,0.0,0.0,0.0,0.0,0.0,1.0,0.0,0.0,True,Qwen/Qwen2.5-Coder-32B-Instruct-AWQ,None
440,Bar,Hard,13.4198,13.4198,1,0.0,0.0,0.0,0.0,0.0,0.0,0.0,0.0,0.0,0.0,1.0,0.0,0.0,True,Qwen/Qwen2.5-Coder-32B-Instruct-AWQ,None
440,Bar,Hard,13.4198,13.4198,1,0.0,0.0,0.0,0.0,0.0,0.0,0.0,0.0,0.0,0.0,1.0,0.0,0.0,True,Qwen/Qwen2.5-Coder-32B-Instruct-AWQ,None
441,Bar,Hard,41.7481,41.7481,1,1.0,0.0,0.0,0.0,0.0,0.0,0.0,0.0,1.0,0.0,0.0,,0.0,True,Qwen/Qwen2.5-Coder-32B-Instruct-AWQ,None
441,Bar,Hard,41.7481,41.7481,1,1.0,0.0,0.0,0.0,0.0,0.0,0.0,0.0,1.0,0.0,0.0,,0.0,True,Qwen/Qwen2.5-Coder-32B-Instruct-AWQ,None
441,Bar,Hard,41.7481,41.7481,1,1.0,0.0,0.0,0.0,0.0,0.0,0.0,0.0,1.0,0.0,0.0,,0.0,True,Qwen/Qwen2.5-Coder-32B-Instruct-AWQ,None
446,Pie,Easy,12.2779,36.8337,3,0.0,0.0,0.0,0.0,1.0,0.0,0.0,0.0,0.0,1.0,0.0,,0.0,True,Qwen/Qwen2.5-Coder-32B-Instruct-AWQ,None
446,Pie,Easy,12.2779,36.8337,3,0.0,0.0,0.0,0.0,1.0,0.0,0.0,0.0,0.0,1.0,0.0,,0.0,True,Qwen/Qwen2.5-Coder-32B-Instruct-AWQ,None
446,Pie,Easy,12.2779,36.8337,3,0.0,0.0,0.0,0.0,1.0,0.0,0.0,0.0,0.0,1.0,0.0,,0.0,True,Qwen/Qwen2.5-Coder-32B-Instruct-AWQ,None
451,Bar,Medium,59.3859,59.3859,1,0.0,0.0,0.0,0.0,0.0,0.0,0.0,0.0,0.0,0.0,1.0,0.0,0.0,True,Qwen/Qwen2.5-Coder-32B-Instruct-AWQ,None
451,Bar,Medium,59.3859,59.3859,1,0.0,0.0,0.0,0.0,0.0,0.0,0.0,0.0,0.0,0.0,1.0,0.0,0.0,True,Qwen/Qwen2.5-Coder-32B-Instruct-AWQ,None
451,Bar,Medium,59.3859,59.3859,1,0.0,0.0,0.0,0.0,0.0,0.0,0.0,0.0,0.0,0.0,1.0,0.0,0.0,True,Qwen/Qwen2.5-Coder-32B-Instruct-AWQ,None
457,Pie,Medium,10.9149,10.9149,1,0.0,0.0,0.0,0.0,0.0,0.0,0.0,0.0,0.0,0.0,1.0,0.0,0.0,True,Qwen/Qwen2.5-Coder-32B-Instruct-AWQ,None
457,Pie,Medium,10.9149,10.9149,1,0.0,0.0,0.0,0.0,0.0,0.0,0.0,0.0,0.0,0.0,1.0,0.0,0.0,True,Qwen/Qwen2.5-Coder-32B-Instruct-AWQ,None
457,Pie,Medium,10.9149,10.9149,1,0.0,0.0,0.0,0.0,0.0,0.0,0.0,0.0,0.0,0.0,1.0,0.0,0.0,True,Qwen/Qwen2.5-Coder-32B-Instruct-AWQ,None
461,Pie,Medium,11.3562,11.3562,1,0.0,0.0,0.0,0.0,0.0,0.0,0.0,0.0,0.0,0.0,1.0,0.0,0.0,True,Qwen/Qwen2.5-Coder-32B-Instruct-AWQ,None
461,Pie,Medium,11.3562,11.3562,1,0.0,0.0,0.0,0.0,0.0,0.0,0.0,0.0,0.0,0.0,1.0,0.0,0.0,True,Qwen/Qwen2.5-Coder-32B-Instruct-AWQ,None
461,Pie,Medium,11.3562,11.3562,1,0.0,0.0,0.0,0.0,0.0,0.0,0.0,0.0,0.0,0.0,1.0,0.0,0.0,True,Qwen/Qwen2.5-Coder-32B-Instruct-AWQ,None
462,Pie,Medium,37.3658,37.3658,1,0.0,0.0,0.0,0.0,1.0,0.0,0.0,0.0,0.0,1.0,0.0,,0.0,True,Qwen/Qwen2.5-Coder-32B-Instruct-AWQ,None
462,Pie,Medium,37.3658,37.3658,1,0.0,0.0,0.0,0.0,1.0,0.0,0.0,0.0,0.0,1.0,0.0,,0.0,True,Qwen/Qwen2.5-Coder-32B-Instruct-AWQ,None
462,Pie,Medium,37.3658,37.3658,1,0.0,0.0,0.0,0.0,1.0,0.0,0.0,0.0,0.0,1.0,0.0,,0.0,True,Qwen/Qwen2.5-Coder-32B-Instruct-AWQ,None
463,Bar,Medium,7.0987,7.0987,1,0.0,0.0,0.0,0.0,0.0,0.0,0.0,0.0,0.0,0.0,1.0,0.0,0.0,True,Qwen/Qwen2.5-Coder-32B-Instruct-AWQ,None
463,Bar,Medium,7.0987,7.0987,1,0.0,0.0,0.0,0.0,0.0,0.0,0.0,0.0,0.0,0.0,1.0,0.0,0.0,True,Qwen/Qwen2.5-Coder-32B-Instruct-AWQ,None
463,Bar,Medium,7.0987,7.0987,1,0.0,0.0,0.0,0.0,0.0,0.0,0.0,0.0,0.0,0.0,1.0,0.0,0.0,True,Qwen/Qwen2.5-Coder-32B-Instruct-AWQ,None
464,Bar,Easy,37.4302,112.2907,3,0.0,0.0,0.0,0.0,0.0,0.0,0.0,0.0,0.0,0.0,1.0,0.0,0.0,False,Qwen/Qwen2.5-Coder-32B-Instruct-AWQ,None
464,Bar,Easy,37.4302,112.2907,3,0.0,0.0,0.0,0.0,0.0,0.0,0.0,0.0,0.0,0.0,1.0,0.0,0.0,False,Qwen/Qwen2.5-Coder-32B-Instruct-AWQ,None
464,Bar,Easy,37.4302,112.2907,3,0.0,0.0,0.0,0.0,0.0,0.0,0.0,0.0,0.0,0.0,1.0,0.0,0.0,False,Qwen/Qwen2.5-Coder-32B-Instruct-AWQ,None
470,Line,Easy,29.8375,59.675,2,0.0,0.0,0.0,0.0,0.0,0.0,0.0,0.0,0.0,0.0,1.0,0.0,0.0,False,Qwen/Qwen2.5-Coder-32B-Instruct-AWQ,None
470,Line,Easy,29.8375,59.675,2,0.0,0.0,0.0,0.0,0.0,0.0,0.0,0.0,0.0,0.0,1.0,0.0,0.0,False,Qwen/Qwen2.5-Coder-32B-Instruct-AWQ,None
470,Line,Easy,29.8375,59.675,2,0.0,0.0,0.0,0.0,0.0,0.0,0.0,0.0,0.0,0.0,1.0,0.0,0.0,False,Qwen/Qwen2.5-Coder-32B-Instruct-AWQ,None
471,Line,Easy,7.0524,7.0524,1,0.0,0.0,0.0,0.0,0.0,0.0,0.0,0.0,0.0,0.0,1.0,0.0,0.0,False,Qwen/Qwen2.5-Coder-32B-Instruct-AWQ,None
471,Line,Easy,7.0524,7.0524,1,0.0,0.0,0.0,0.0,0.0,0.0,0.0,0.0,0.0,0.0,1.0,0.0,0.0,False,Qwen/Qwen2.5-Coder-32B-Instruct-AWQ,None
471,Line,Easy,7.0524,7.0524,1,0.0,0.0,0.0,0.0,0.0,0.0,0.0,0.0,0.0,0.0,1.0,0.0,0.0,False,Qwen/Qwen2.5-Coder-32B-Instruct-AWQ,None
478,Pie,Medium,31.7051,63.4102,2,0.0,0.0,0.0,0.0,0.0,0.0,0.0,0.0,0.0,0.0,1.0,0.0,0.0,True,Qwen/Qwen2.5-Coder-32B-Instruct-AWQ,None
478,Pie,Medium,31.7051,63.4102,2,0.0,0.0,0.0,0.0,0.0,0.0,0.0,0.0,0.0,0.0,1.0,0.0,0.0,True,Qwen/Qwen2.5-Coder-32B-Instruct-AWQ,None
478,Pie,Medium,31.7051,63.4102,2,0.0,0.0,0.0,0.0,0.0,0.0,0.0,0.0,0.0,0.0,1.0,0.0,0.0,True,Qwen/Qwen2.5-Coder-32B-Instruct-AWQ,None
479,Bar,Medium,29.8711,59.7421,2,0.0,0.0,0.0,0.0,0.0,0.0,0.0,0.0,0.0,0.0,1.0,0.0,0.0,True,Qwen/Qwen2.5-Coder-32B-Instruct-AWQ,None
479,Bar,Medium,29.8711,59.7421,2,0.0,0.0,0.0,0.0,0.0,0.0,0.0,0.0,0.0,0.0,1.0,0.0,0.0,True,Qwen/Qwen2.5-Coder-32B-Instruct-AWQ,None
479,Bar,Medium,29.8711,59.7421,2,0.0,0.0,0.0,0.0,0.0,0.0,0.0,0.0,0.0,0.0,1.0,0.0,0.0,True,Qwen/Qwen2.5-Coder-32B-Instruct-AWQ,None
481,Bar,Medium,28.4129,85.2386,3,0.3333333333333333,0.0,0.0,0.0,0.0,0.0,0.0,0.0,0.3333333333333333,0.0,0.6666666666666666,0.0,0.0,False,Qwen/Qwen2.5-Coder-32B-Instruct-AWQ,None
481,Bar,Medium,28.4129,85.2386,3,0.3333333333333333,0.0,0.0,0.0,0.0,0.0,0.0,0.0,0.3333333333333333,0.0,0.6666666666666666,0.0,0.0,False,Qwen/Qwen2.5-Coder-32B-Instruct-AWQ,None
481,Bar,Medium,28.4129,85.2386,3,0.3333333333333333,0.0,0.0,0.0,0.0,0.0,0.0,0.0,0.3333333333333333,0.0,0.6666666666666666,0.0,0.0,False,Qwen/Qwen2.5-Coder-32B-Instruct-AWQ,None
487,Pie,Medium,17.9969,35.9938,2,0.0,0.0,0.0,0.0,1.0,0.0,0.0,0.0,0.0,1.0,0.0,,0.0,True,Qwen/Qwen2.5-Coder-32B-Instruct-AWQ,None
487,Pie,Medium,17.9969,35.9938,2,0.0,0.0,0.0,0.0,1.0,0.0,0.0,0.0,0.0,1.0,0.0,,0.0,True,Qwen/Qwen2.5-Coder-32B-Instruct-AWQ,None
487,Pie,Medium,17.9969,35.9938,2,0.0,0.0,0.0,0.0,1.0,0.0,0.0,0.0,0.0,1.0,0.0,,0.0,True,Qwen/Qwen2.5-Coder-32B-Instruct-AWQ,None
488,Bar,Medium,29.8215,59.643,2,0.0,0.0,0.0,0.0,0.0,0.0,0.0,0.0,0.0,0.0,1.0,0.0,0.0,True,Qwen/Qwen2.5-Coder-32B-Instruct-AWQ,None
488,Bar,Medium,29.8215,59.643,2,0.0,0.0,0.0,0.0,0.0,0.0,0.0,0.0,0.0,0.0,1.0,0.0,0.0,True,Qwen/Qwen2.5-Coder-32B-Instruct-AWQ,None
488,Bar,Medium,29.8215,59.643,2,0.0,0.0,0.0,0.0,0.0,0.0,0.0,0.0,0.0,0.0,1.0,0.0,0.0,True,Qwen/Qwen2.5-Coder-32B-Instruct-AWQ,None
491,Pie,Easy,47.1973,47.1973,1,0.0,0.0,0.0,0.0,0.0,0.0,0.0,0.0,0.0,0.0,1.0,0.0,0.0,False,Qwen/Qwen2.5-Coder-32B-Instruct-AWQ,None
491,Pie,Easy,47.1973,47.1973,1,0.0,0.0,0.0,0.0,0.0,0.0,0.0,0.0,0.0,0.0,1.0,0.0,0.0,False,Qwen/Qwen2.5-Coder-32B-Instruct-AWQ,None
491,Pie,Easy,47.1973,47.1973,1,0.0,0.0,0.0,0.0,0.0,0.0,0.0,0.0,0.0,0.0,1.0,0.0,0.0,False,Qwen/Qwen2.5-Coder-32B-Instruct-AWQ,None
492,Bar,Easy,9.5665,9.5665,1,0.0,0.0,0.0,0.0,0.0,0.0,0.0,0.0,0.0,0.0,1.0,0.0,0.0,False,Qwen/Qwen2.5-Coder-32B-Instruct-AWQ,None
492,Bar,Easy,9.5665,9.5665,1,0.0,0.0,0.0,0.0,0.0,0.0,0.0,0.0,0.0,0.0,1.0,0.0,0.0,False,Qwen/Qwen2.5-Coder-32B-Instruct-AWQ,None
492,Bar,Easy,9.5665,9.5665,1,0.0,0.0,0.0,0.0,0.0,0.0,0.0,0.0,0.0,0.0,1.0,0.0,0.0,False,Qwen/Qwen2.5-Coder-32B-Instruct-AWQ,None
494,Pie,Easy,50.1593,50.1593,1,0.0,0.0,0.0,0.0,0.0,0.0,0.0,0.0,0.0,0.0,1.0,0.0,0.0,False,Qwen/Qwen2.5-Coder-32B-Instruct-AWQ,None
494,Pie,Easy,50.1593,50.1593,1,0.0,0.0,0.0,0.0,0.0,0.0,0.0,0.0,0.0,0.0,1.0,0.0,0.0,False,Qwen/Qwen2.5-Coder-32B-Instruct-AWQ,None
494,Pie,Easy,50.1593,50.1593,1,0.0,0.0,0.0,0.0,0.0,0.0,0.0,0.0,0.0,0.0,1.0,0.0,0.0,False,Qwen/Qwen2.5-Coder-32B-Instruct-AWQ,None
505,Bar,Medium,6.5058,6.5058,1,0.0,0.0,0.0,0.0,0.0,0.0,0.0,0.0,0.0,0.0,1.0,0.0,0.0,False,Qwen/Qwen2.5-Coder-32B-Instruct-AWQ,None
505,Bar,Medium,6.5058,6.5058,1,0.0,0.0,0.0,0.0,0.0,0.0,0.0,0.0,0.0,0.0,1.0,0.0,0.0,False,Qwen/Qwen2.5-Coder-32B-Instruct-AWQ,None
505,Bar,Medium,6.5058,6.5058,1,0.0,0.0,0.0,0.0,0.0,0.0,0.0,0.0,0.0,0.0,1.0,0.0,0.0,False,Qwen/Qwen2.5-Coder-32B-Instruct-AWQ,None
513,Bar,Medium,19.8894,59.6682,3,0.0,0.0,0.0,0.0,0.6666666666666666,0.0,0.0,0.0,0.0,0.6666666666666666,0.3333333333333333,0.0,0.0,True,Qwen/Qwen2.5-Coder-32B-Instruct-AWQ,None
513,Bar,Medium,19.8894,59.6682,3,0.0,0.0,0.0,0.0,0.6666666666666666,0.0,0.0,0.0,0.0,0.6666666666666666,0.3333333333333333,0.0,0.0,True,Qwen/Qwen2.5-Coder-32B-Instruct-AWQ,None
513,Bar,Medium,19.8894,59.6682,3,0.0,0.0,0.0,0.0,0.6666666666666666,0.0,0.0,0.0,0.0,0.6666666666666666,0.3333333333333333,0.0,0.0,True,Qwen/Qwen2.5-Coder-32B-Instruct-AWQ,None
516,Bar,Hard,37.4155,112.2466,3,0.0,0.0,0.0,0.0,1.0,0.0,0.0,0.0,0.0,1.0,0.0,,0.0,False,Qwen/Qwen2.5-Coder-32B-Instruct-AWQ,None
516,Bar,Hard,37.4155,112.2466,3,0.0,0.0,0.0,0.0,1.0,0.0,0.0,0.0,0.0,1.0,0.0,,0.0,False,Qwen/Qwen2.5-Coder-32B-Instruct-AWQ,None
516,Bar,Hard,37.4155,112.2466,3,0.0,0.0,0.0,0.0,1.0,0.0,0.0,0.0,0.0,1.0,0.0,,0.0,False,Qwen/Qwen2.5-Coder-32B-Instruct-AWQ,None
517,Pie,Medium,9.6276,19.2551,2,0.0,0.0,0.0,0.0,0.0,0.0,0.0,0.0,0.0,0.0,1.0,0.0,0.0,False,Qwen/Qwen2.5-Coder-32B-Instruct-AWQ,None
517,Pie,Medium,9.6276,19.2551,2,0.0,0.0,0.0,0.0,0.0,0.0,0.0,0.0,0.0,0.0,1.0,0.0,0.0,False,Qwen/Qwen2.5-Coder-32B-Instruct-AWQ,None
517,Pie,Medium,9.6276,19.2551,2,0.0,0.0,0.0,0.0,0.0,0.0,0.0,0.0,0.0,0.0,1.0,0.0,0.0,False,Qwen/Qwen2.5-Coder-32B-Instruct-AWQ,None
526,Bar,Extra Hard,20.0557,40.1114,2,0.0,0.0,0.0,0.0,0.5,0.0,0.0,0.0,0.0,0.5,0.5,0.0,0.0,True,Qwen/Qwen2.5-Coder-32B-Instruct-AWQ,None
526,Bar,Extra Hard,20.0557,40.1114,2,0.0,0.0,0.0,0.0,0.5,0.0,0.0,0.0,0.0,0.5,0.5,0.0,0.0,True,Qwen/Qwen2.5-Coder-32B-Instruct-AWQ,None
526,Bar,Extra Hard,20.0557,40.1114,2,0.0,0.0,0.0,0.0,0.5,0.0,0.0,0.0,0.0,0.5,0.5,0.0,0.0,True,Qwen/Qwen2.5-Coder-32B-Instruct-AWQ,None
527,Pie,Extra Hard,39.7557,79.5114,2,0.5,0.0,0.0,0.0,0.0,0.0,0.0,0.0,0.5,0.0,0.5,0.0,0.0,True,Qwen/Qwen2.5-Coder-32B-Instruct-AWQ,None
527,Pie,Extra Hard,39.7557,79.5114,2,0.5,0.0,0.0,0.0,0.0,0.0,0.0,0.0,0.5,0.0,0.5,0.0,0.0,True,Qwen/Qwen2.5-Coder-32B-Instruct-AWQ,None
527,Pie,Extra Hard,39.7557,79.5114,2,0.5,0.0,0.0,0.0,0.0,0.0,0.0,0.0,0.5,0.0,0.5,0.0,0.0,True,Qwen/Qwen2.5-Coder-32B-Instruct-AWQ,None
536,Scatter,Easy,23.7757,47.5513,2,0.0,0.0,0.0,0.0,0.0,0.0,0.0,0.0,0.0,0.0,1.0,0.0,0.0,False,Qwen/Qwen2.5-Coder-32B-Instruct-AWQ,None
536,Scatter,Easy,23.7757,47.5513,2,0.0,0.0,0.0,0.0,0.0,0.0,0.0,0.0,0.0,0.0,1.0,0.0,0.0,False,Qwen/Qwen2.5-Coder-32B-Instruct-AWQ,None
536,Scatter,Easy,23.7757,47.5513,2,0.0,0.0,0.0,0.0,0.0,0.0,0.0,0.0,0.0,0.0,1.0,0.0,0.0,False,Qwen/Qwen2.5-Coder-32B-Instruct-AWQ,None
539,Grouping Scatter,Easy,19.9912,59.9736,3,0.0,0.0,0.0,0.0,0.0,0.0,0.0,0.0,0.0,0.0,1.0,0.0,0.0,False,Qwen/Qwen2.5-Coder-32B-Instruct-AWQ,None
539,Grouping Scatter,Easy,19.9912,59.9736,3,0.0,0.0,0.0,0.0,0.0,0.0,0.0,0.0,0.0,0.0,1.0,0.0,0.0,False,Qwen/Qwen2.5-Coder-32B-Instruct-AWQ,None
539,Grouping Scatter,Easy,19.9912,59.9736,3,0.0,0.0,0.0,0.0,0.0,0.0,0.0,0.0,0.0,0.0,1.0,0.0,0.0,False,Qwen/Qwen2.5-Coder-32B-Instruct-AWQ,None
540,Grouping Scatter,Easy,36.8201,110.4602,3,0.0,0.0,0.0,0.0,0.0,0.0,0.0,0.0,0.0,0.0,1.0,0.0,0.0,False,Qwen/Qwen2.5-Coder-32B-Instruct-AWQ,None
540,Grouping Scatter,Easy,36.8201,110.4602,3,0.0,0.0,0.0,0.0,0.0,0.0,0.0,0.0,0.0,0.0,1.0,0.0,0.0,False,Qwen/Qwen2.5-Coder-32B-Instruct-AWQ,None
540,Grouping Scatter,Easy,36.8201,110.4602,3,0.0,0.0,0.0,0.0,0.0,0.0,0.0,0.0,0.0,0.0,1.0,0.0,0.0,False,Qwen/Qwen2.5-Coder-32B-Instruct-AWQ,None
541,Grouping Scatter,Easy,22.4885,67.4656,3,0.0,0.0,0.0,0.0,0.0,0.0,0.0,0.0,0.0,0.0,1.0,0.0,0.0,False,Qwen/Qwen2.5-Coder-32B-Instruct-AWQ,None
541,Grouping Scatter,Easy,22.4885,67.4656,3,0.0,0.0,0.0,0.0,0.0,0.0,0.0,0.0,0.0,0.0,1.0,0.0,0.0,False,Qwen/Qwen2.5-Coder-32B-Instruct-AWQ,None
541,Grouping Scatter,Easy,22.4885,67.4656,3,0.0,0.0,0.0,0.0,0.0,0.0,0.0,0.0,0.0,0.0,1.0,0.0,0.0,False,Qwen/Qwen2.5-Coder-32B-Instruct-AWQ,None
542,Pie,Medium,22.4194,67.2583,3,0.0,0.0,0.0,0.0,0.0,0.0,0.0,0.0,0.0,0.0,1.0,0.0,0.0,False,Qwen/Qwen2.5-Coder-32B-Instruct-AWQ,None
542,Pie,Medium,22.4194,67.2583,3,0.0,0.0,0.0,0.0,0.0,0.0,0.0,0.0,0.0,0.0,1.0,0.0,0.0,False,Qwen/Qwen2.5-Coder-32B-Instruct-AWQ,None
542,Pie,Medium,22.4194,67.2583,3,0.0,0.0,0.0,0.0,0.0,0.0,0.0,0.0,0.0,0.0,1.0,0.0,0.0,False,Qwen/Qwen2.5-Coder-32B-Instruct-AWQ,None
551,Bar,Extra Hard,44.229,88.4579,2,1.0,0.0,0.0,0.0,0.0,0.0,0.0,0.0,1.0,0.0,0.0,,0.0,True,Qwen/Qwen2.5-Coder-32B-Instruct-AWQ,None
551,Bar,Extra Hard,44.229,88.4579,2,1.0,0.0,0.0,0.0,0.0,0.0,0.0,0.0,1.0,0.0,0.0,,0.0,True,Qwen/Qwen2.5-Coder-32B-Instruct-AWQ,None
551,Bar,Extra Hard,44.229,88.4579,2,1.0,0.0,0.0,0.0,0.0,0.0,0.0,0.0,1.0,0.0,0.0,,0.0,True,Qwen/Qwen2.5-Coder-32B-Instruct-AWQ,None
561,Bar,Medium,13.4082,26.8165,2,0.0,0.0,0.0,0.0,0.0,0.0,0.0,0.0,0.0,0.0,1.0,0.0,0.0,True,Qwen/Qwen2.5-Coder-32B-Instruct-AWQ,None
561,Bar,Medium,13.4082,26.8165,2,0.0,0.0,0.0,0.0,0.0,0.0,0.0,0.0,0.0,0.0,1.0,0.0,0.0,True,Qwen/Qwen2.5-Coder-32B-Instruct-AWQ,None
561,Bar,Medium,13.4082,26.8165,2,0.0,0.0,0.0,0.0,0.0,0.0,0.0,0.0,0.0,0.0,1.0,0.0,0.0,True,Qwen/Qwen2.5-Coder-32B-Instruct-AWQ,None
567,Bar,Medium,8.9928,17.9856,2,0.0,0.0,0.0,0.0,0.0,0.0,0.0,0.0,0.0,0.0,1.0,0.0,0.0,False,Qwen/Qwen2.5-Coder-32B-Instruct-AWQ,None
567,Bar,Medium,8.9928,17.9856,2,0.0,0.0,0.0,0.0,0.0,0.0,0.0,0.0,0.0,0.0,1.0,0.0,0.0,False,Qwen/Qwen2.5-Coder-32B-Instruct-AWQ,None
567,Bar,Medium,8.9928,17.9856,2,0.0,0.0,0.0,0.0,0.0,0.0,0.0,0.0,0.0,0.0,1.0,0.0,0.0,False,Qwen/Qwen2.5-Coder-32B-Instruct-AWQ,None
574,Bar,Medium,17.8311,89.1556,5,0.0,0.0,0.0,0.0,0.2,0.0,0.0,0.0,0.0,0.2,0.8,0.0,0.0,True,Qwen/Qwen2.5-Coder-32B-Instruct-AWQ,None
574,Bar,Medium,17.8311,89.1556,5,0.0,0.0,0.0,0.0,0.2,0.0,0.0,0.0,0.0,0.2,0.8,0.0,0.0,True,Qwen/Qwen2.5-Coder-32B-Instruct-AWQ,None
574,Bar,Medium,17.8311,89.1556,5,0.0,0.0,0.0,0.0,0.2,0.0,0.0,0.0,0.0,0.2,0.8,0.0,0.0,True,Qwen/Qwen2.5-Coder-32B-Instruct-AWQ,None
577,Pie,Extra Hard,51.4719,102.9438,2,1.0,0.0,0.0,0.0,0.0,0.0,0.0,0.0,1.0,0.0,0.0,,0.0,True,Qwen/Qwen2.5-Coder-32B-Instruct-AWQ,None
577,Pie,Extra Hard,51.4719,102.9438,2,1.0,0.0,0.0,0.0,0.0,0.0,0.0,0.0,1.0,0.0,0.0,,0.0,True,Qwen/Qwen2.5-Coder-32B-Instruct-AWQ,None
577,Pie,Extra Hard,51.4719,102.9438,2,1.0,0.0,0.0,0.0,0.0,0.0,0.0,0.0,1.0,0.0,0.0,,0.0,True,Qwen/Qwen2.5-Coder-32B-Instruct-AWQ,None
582,Stacked Bar,Hard,21.4654,42.9308,2,0.0,0.0,0.0,0.0,0.0,0.0,0.0,0.0,0.0,0.0,1.0,0.0,0.0,True,Qwen/Qwen2.5-Coder-32B-Instruct-AWQ,None
582,Stacked Bar,Hard,21.4654,42.9308,2,0.0,0.0,0.0,0.0,0.0,0.0,0.0,0.0,0.0,0.0,1.0,0.0,0.0,True,Qwen/Qwen2.5-Coder-32B-Instruct-AWQ,None
582,Stacked Bar,Hard,21.4654,42.9308,2,0.0,0.0,0.0,0.0,0.0,0.0,0.0,0.0,0.0,0.0,1.0,0.0,0.0,True,Qwen/Qwen2.5-Coder-32B-Instruct-AWQ,None
591,Grouping Line,Extra Hard,29.8715,59.7429,2,0.5,0.0,0.0,0.0,0.5,0.0,0.0,0.0,0.5,0.5,0.0,,0.0,True,Qwen/Qwen2.5-Coder-32B-Instruct-AWQ,None
591,Grouping Line,Extra Hard,29.8715,59.7429,2,0.5,0.0,0.0,0.0,0.5,0.0,0.0,0.0,0.5,0.5,0.0,,0.0,True,Qwen/Qwen2.5-Coder-32B-Instruct-AWQ,None
591,Grouping Line,Extra Hard,29.8715,59.7429,2,0.5,0.0,0.0,0.0,0.5,0.0,0.0,0.0,0.5,0.5,0.0,,0.0,True,Qwen/Qwen2.5-Coder-32B-Instruct-AWQ,None
593,Bar,Extra Hard,10.777,21.554,2,0.0,0.0,0.0,0.0,0.5,0.0,0.0,0.0,0.0,0.5,0.5,0.0,0.0,True,Qwen/Qwen2.5-Coder-32B-Instruct-AWQ,None
593,Bar,Extra Hard,10.777,21.554,2,0.0,0.0,0.0,0.0,0.5,0.0,0.0,0.0,0.0,0.5,0.5,0.0,0.0,True,Qwen/Qwen2.5-Coder-32B-Instruct-AWQ,None
593,Bar,Extra Hard,10.777,21.554,2,0.0,0.0,0.0,0.0,0.5,0.0,0.0,0.0,0.0,0.5,0.5,0.0,0.0,True,Qwen/Qwen2.5-Coder-32B-Instruct-AWQ,None
610,Pie,Hard,28.9481,57.8963,2,0.5,0.0,0.0,0.0,0.0,0.0,0.0,0.0,0.5,0.0,0.5,0.0,0.0,True,Qwen/Qwen2.5-Coder-32B-Instruct-AWQ,None
610,Pie,Hard,28.9481,57.8963,2,0.5,0.0,0.0,0.0,0.0,0.0,0.0,0.0,0.5,0.0,0.5,0.0,0.0,True,Qwen/Qwen2.5-Coder-32B-Instruct-AWQ,None
610,Pie,Hard,28.9481,57.8963,2,0.5,0.0,0.0,0.0,0.0,0.0,0.0,0.0,0.5,0.0,0.5,0.0,0.0,True,Qwen/Qwen2.5-Coder-32B-Instruct-AWQ,None
611,Line,Hard,12.2731,24.5462,2,0.0,0.0,0.0,0.0,0.0,0.0,0.0,0.0,0.0,0.0,1.0,0.0,0.0,True,Qwen/Qwen2.5-Coder-32B-Instruct-AWQ,None
611,Line,Hard,12.2731,24.5462,2,0.0,0.0,0.0,0.0,0.0,0.0,0.0,0.0,0.0,0.0,1.0,0.0,0.0,True,Qwen/Qwen2.5-Coder-32B-Instruct-AWQ,None
611,Line,Hard,12.2731,24.5462,2,0.0,0.0,0.0,0.0,0.0,0.0,0.0,0.0,0.0,0.0,1.0,0.0,0.0,True,Qwen/Qwen2.5-Coder-32B-Instruct-AWQ,None
612,Line,Hard,23.8866,47.7732,2,0.0,0.0,0.0,0.0,0.0,0.0,0.0,0.0,0.0,0.0,1.0,0.0,0.0,True,Qwen/Qwen2.5-Coder-32B-Instruct-AWQ,None
612,Line,Hard,23.8866,47.7732,2,0.0,0.0,0.0,0.0,0.0,0.0,0.0,0.0,0.0,0.0,1.0,0.0,0.0,True,Qwen/Qwen2.5-Coder-32B-Instruct-AWQ,None
612,Line,Hard,23.8866,47.7732,2,0.0,0.0,0.0,0.0,0.0,0.0,0.0,0.0,0.0,0.0,1.0,0.0,0.0,True,Qwen/Qwen2.5-Coder-32B-Instruct-AWQ,None
616,Bar,Medium,29.7595,59.519,2,0.0,0.0,0.0,0.0,0.0,0.0,0.0,0.0,0.0,0.0,1.0,0.0,0.0,False,Qwen/Qwen2.5-Coder-32B-Instruct-AWQ,None
616,Bar,Medium,29.7595,59.519,2,0.0,0.0,0.0,0.0,0.0,0.0,0.0,0.0,0.0,0.0,1.0,0.0,0.0,False,Qwen/Qwen2.5-Coder-32B-Instruct-AWQ,None
616,Bar,Medium,29.7595,59.519,2,0.0,0.0,0.0,0.0,0.0,0.0,0.0,0.0,0.0,0.0,1.0,0.0,0.0,False,Qwen/Qwen2.5-Coder-32B-Instruct-AWQ,None
617,Bar,Medium,33.2764,66.5529,2,0.0,0.0,0.0,0.0,0.0,0.0,0.0,0.0,0.0,0.0,1.0,0.0,0.0,False,Qwen/Qwen2.5-Coder-32B-Instruct-AWQ,None
617,Bar,Medium,33.2764,66.5529,2,0.0,0.0,0.0,0.0,0.0,0.0,0.0,0.0,0.0,0.0,1.0,0.0,0.0,False,Qwen/Qwen2.5-Coder-32B-Instruct-AWQ,None
617,Bar,Medium,33.2764,66.5529,2,0.0,0.0,0.0,0.0,0.0,0.0,0.0,0.0,0.0,0.0,1.0,0.0,0.0,False,Qwen/Qwen2.5-Coder-32B-Instruct-AWQ,None
622,Scatter,Easy,60.1661,120.3323,2,0.5,0.0,0.0,0.0,0.0,0.0,0.0,0.0,0.5,0.0,0.5,0.0,0.0,False,Qwen/Qwen2.5-Coder-32B-Instruct-AWQ,None
622,Scatter,Easy,60.1661,120.3323,2,0.5,0.0,0.0,0.0,0.0,0.0,0.0,0.0,0.5,0.0,0.5,0.0,0.0,False,Qwen/Qwen2.5-Coder-32B-Instruct-AWQ,None
622,Scatter,Easy,60.1661,120.3323,2,0.5,0.0,0.0,0.0,0.0,0.0,0.0,0.0,0.5,0.0,0.5,0.0,0.0,False,Qwen/Qwen2.5-Coder-32B-Instruct-AWQ,None
628,Scatter,Extra Hard,34.4101,68.8202,2,0.0,0.0,0.0,0.0,1.0,0.0,0.0,0.0,0.0,1.0,0.0,,0.0,True,Qwen/Qwen2.5-Coder-32B-Instruct-AWQ,None
628,Scatter,Extra Hard,34.4101,68.8202,2,0.0,0.0,0.0,0.0,1.0,0.0,0.0,0.0,0.0,1.0,0.0,,0.0,True,Qwen/Qwen2.5-Coder-32B-Instruct-AWQ,None
628,Scatter,Extra Hard,34.4101,68.8202,2,0.0,0.0,0.0,0.0,1.0,0.0,0.0,0.0,0.0,1.0,0.0,,0.0,True,Qwen/Qwen2.5-Coder-32B-Instruct-AWQ,None
659,Bar,Hard,42.594,85.188,2,0.5,0.0,0.0,0.0,0.5,0.0,0.0,0.0,0.5,0.5,0.0,,0.0,False,Qwen/Qwen2.5-Coder-32B-Instruct-AWQ,None
659,Bar,Hard,42.594,85.188,2,0.5,0.0,0.0,0.0,0.5,0.0,0.0,0.0,0.5,0.5,0.0,,0.0,False,Qwen/Qwen2.5-Coder-32B-Instruct-AWQ,None
659,Bar,Hard,42.594,85.188,2,0.5,0.0,0.0,0.0,0.5,0.0,0.0,0.0,0.5,0.5,0.0,,0.0,False,Qwen/Qwen2.5-Coder-32B-Instruct-AWQ,None
664,Bar,Medium,5.9532,17.8597,3,0.0,0.0,0.0,0.0,0.0,0.0,0.0,0.0,0.0,0.0,1.0,0.0,0.0,False,Qwen/Qwen2.5-Coder-32B-Instruct-AWQ,None
664,Bar,Medium,5.9532,17.8597,3,0.0,0.0,0.0,0.0,0.0,0.0,0.0,0.0,0.0,0.0,1.0,0.0,0.0,False,Qwen/Qwen2.5-Coder-32B-Instruct-AWQ,None
664,Bar,Medium,5.9532,17.8597,3,0.0,0.0,0.0,0.0,0.0,0.0,0.0,0.0,0.0,0.0,1.0,0.0,0.0,False,Qwen/Qwen2.5-Coder-32B-Instruct-AWQ,None
665,Bar,Medium,6.1834,12.3668,2,0.0,0.0,0.0,0.0,0.5,0.0,0.0,0.0,0.0,0.5,0.5,0.0,0.0,False,Qwen/Qwen2.5-Coder-32B-Instruct-AWQ,None
665,Bar,Medium,6.1834,12.3668,2,0.0,0.0,0.0,0.0,0.5,0.0,0.0,0.0,0.0,0.5,0.5,0.0,0.0,False,Qwen/Qwen2.5-Coder-32B-Instruct-AWQ,None
665,Bar,Medium,6.1834,12.3668,2,0.0,0.0,0.0,0.0,0.5,0.0,0.0,0.0,0.0,0.5,0.5,0.0,0.0,False,Qwen/Qwen2.5-Coder-32B-Instruct-AWQ,None
674,Scatter,Easy,6.2135,6.2135,1,0.0,0.0,0.0,0.0,0.0,0.0,0.0,0.0,0.0,0.0,1.0,0.0,0.0,False,Qwen/Qwen2.5-Coder-32B-Instruct-AWQ,None
674,Scatter,Easy,6.2135,6.2135,1,0.0,0.0,0.0,0.0,0.0,0.0,0.0,0.0,0.0,0.0,1.0,0.0,0.0,False,Qwen/Qwen2.5-Coder-32B-Instruct-AWQ,None
674,Scatter,Easy,6.2135,6.2135,1,0.0,0.0,0.0,0.0,0.0,0.0,0.0,0.0,0.0,0.0,1.0,0.0,0.0,False,Qwen/Qwen2.5-Coder-32B-Instruct-AWQ,None
676,Bar,Hard,79.7539,159.5077,2,0.0,0.0,0.0,0.0,1.0,0.0,0.0,0.0,0.0,1.0,0.0,,0.0,True,Qwen/Qwen2.5-Coder-32B-Instruct-AWQ,None
676,Bar,Hard,79.7539,159.5077,2,0.0,0.0,0.0,0.0,1.0,0.0,0.0,0.0,0.0,1.0,0.0,,0.0,True,Qwen/Qwen2.5-Coder-32B-Instruct-AWQ,None
676,Bar,Hard,79.7539,159.5077,2,0.0,0.0,0.0,0.0,1.0,0.0,0.0,0.0,0.0,1.0,0.0,,0.0,True,Qwen/Qwen2.5-Coder-32B-Instruct-AWQ,None
688,Bar,Easy,44.6502,178.6009,4,0.0,0.0,0.0,0.0,0.0,0.0,0.0,0.0,0.0,0.0,1.0,0.0,0.0,False,Qwen/Qwen2.5-Coder-32B-Instruct-AWQ,None
688,Bar,Easy,44.6502,178.6009,4,0.0,0.0,0.0,0.0,0.0,0.0,0.0,0.0,0.0,0.0,1.0,0.0,0.0,False,Qwen/Qwen2.5-Coder-32B-Instruct-AWQ,None
688,Bar,Easy,44.6502,178.6009,4,0.0,0.0,0.0,0.0,0.0,0.0,0.0,0.0,0.0,0.0,1.0,0.0,0.0,False,Qwen/Qwen2.5-Coder-32B-Instruct-AWQ,None
691,Pie,Hard,49.1546,147.4637,3,1.0,0.0,0.0,0.0,0.0,0.0,0.0,0.0,1.0,0.0,0.0,,0.0,True,Qwen/Qwen2.5-Coder-32B-Instruct-AWQ,None
691,Pie,Hard,49.1546,147.4637,3,1.0,0.0,0.0,0.0,0.0,0.0,0.0,0.0,1.0,0.0,0.0,,0.0,True,Qwen/Qwen2.5-Coder-32B-Instruct-AWQ,None
691,Pie,Hard,49.1546,147.4637,3,1.0,0.0,0.0,0.0,0.0,0.0,0.0,0.0,1.0,0.0,0.0,,0.0,True,Qwen/Qwen2.5-Coder-32B-Instruct-AWQ,None
693,Bar,Easy,5.6175,16.8526,3,0.0,0.0,0.0,0.0,0.0,0.0,0.0,0.0,0.0,0.0,1.0,0.0,0.0,False,Qwen/Qwen2.5-Coder-32B-Instruct-AWQ,None
693,Bar,Easy,5.6175,16.8526,3,0.0,0.0,0.0,0.0,0.0,0.0,0.0,0.0,0.0,0.0,1.0,0.0,0.0,False,Qwen/Qwen2.5-Coder-32B-Instruct-AWQ,None
693,Bar,Easy,5.6175,16.8526,3,0.0,0.0,0.0,0.0,0.0,0.0,0.0,0.0,0.0,0.0,1.0,0.0,0.0,False,Qwen/Qwen2.5-Coder-32B-Instruct-AWQ,None
697,Bar,Easy,11.8228,23.6457,2,0.0,0.0,0.0,0.0,0.0,0.0,0.0,0.0,0.0,0.0,1.0,0.0,0.0,False,Qwen/Qwen2.5-Coder-32B-Instruct-AWQ,None
697,Bar,Easy,11.8228,23.6457,2,0.0,0.0,0.0,0.0,0.0,0.0,0.0,0.0,0.0,0.0,1.0,0.0,0.0,False,Qwen/Qwen2.5-Coder-32B-Instruct-AWQ,None
697,Bar,Easy,11.8228,23.6457,2,0.0,0.0,0.0,0.0,0.0,0.0,0.0,0.0,0.0,0.0,1.0,0.0,0.0,False,Qwen/Qwen2.5-Coder-32B-Instruct-AWQ,None
699,Pie,Medium,25.4351,50.8703,2,0.0,0.0,0.0,0.0,0.0,0.0,0.0,0.0,0.0,0.0,1.0,0.0,0.0,True,Qwen/Qwen2.5-Coder-32B-Instruct-AWQ,None
699,Pie,Medium,25.4351,50.8703,2,0.0,0.0,0.0,0.0,0.0,0.0,0.0,0.0,0.0,0.0,1.0,0.0,0.0,True,Qwen/Qwen2.5-Coder-32B-Instruct-AWQ,None
699,Pie,Medium,25.4351,50.8703,2,0.0,0.0,0.0,0.0,0.0,0.0,0.0,0.0,0.0,0.0,1.0,0.0,0.0,True,Qwen/Qwen2.5-Coder-32B-Instruct-AWQ,None
707,Scatter,Easy,21.4495,85.798,4,0.0,0.0,0.0,0.0,0.0,0.0,0.0,0.0,0.0,0.0,1.0,0.0,0.0,True,Qwen/Qwen2.5-Coder-32B-Instruct-AWQ,None
707,Scatter,Easy,21.4495,85.798,4,0.0,0.0,0.0,0.0,0.0,0.0,0.0,0.0,0.0,0.0,1.0,0.0,0.0,True,Qwen/Qwen2.5-Coder-32B-Instruct-AWQ,None
707,Scatter,Easy,21.4495,85.798,4,0.0,0.0,0.0,0.0,0.0,0.0,0.0,0.0,0.0,0.0,1.0,0.0,0.0,True,Qwen/Qwen2.5-Coder-32B-Instruct-AWQ,None
708,Pie,Easy,16.6391,33.2783,2,0.0,0.0,0.0,0.0,0.5,0.0,0.0,0.0,0.0,0.5,0.5,0.0,0.0,False,Qwen/Qwen2.5-Coder-32B-Instruct-AWQ,None
708,Pie,Easy,16.6391,33.2783,2,0.0,0.0,0.0,0.0,0.5,0.0,0.0,0.0,0.0,0.5,0.5,0.0,0.0,False,Qwen/Qwen2.5-Coder-32B-Instruct-AWQ,None
708,Pie,Easy,16.6391,33.2783,2,0.0,0.0,0.0,0.0,0.5,0.0,0.0,0.0,0.0,0.5,0.5,0.0,0.0,False,Qwen/Qwen2.5-Coder-32B-Instruct-AWQ,None
712,Pie,Medium,23.6363,70.909,3,0.0,0.0,0.0,0.0,0.0,0.0,0.0,0.0,0.0,0.0,1.0,0.0,0.0,True,Qwen/Qwen2.5-Coder-32B-Instruct-AWQ,None
712,Pie,Medium,23.6363,70.909,3,0.0,0.0,0.0,0.0,0.0,0.0,0.0,0.0,0.0,0.0,1.0,0.0,0.0,True,Qwen/Qwen2.5-Coder-32B-Instruct-AWQ,None
712,Pie,Medium,23.6363,70.909,3,0.0,0.0,0.0,0.0,0.0,0.0,0.0,0.0,0.0,0.0,1.0,0.0,0.0,True,Qwen/Qwen2.5-Coder-32B-Instruct-AWQ,None
714,Pie,Medium,29.6247,59.2494,2,0.0,0.0,0.0,0.0,0.5,0.0,0.0,0.0,0.0,0.5,0.5,0.0,0.0,True,Qwen/Qwen2.5-Coder-32B-Instruct-AWQ,None
714,Pie,Medium,29.6247,59.2494,2,0.0,0.0,0.0,0.0,0.5,0.0,0.0,0.0,0.0,0.5,0.5,0.0,0.0,True,Qwen/Qwen2.5-Coder-32B-Instruct-AWQ,None
714,Pie,Medium,29.6247,59.2494,2,0.0,0.0,0.0,0.0,0.5,0.0,0.0,0.0,0.0,0.5,0.5,0.0,0.0,True,Qwen/Qwen2.5-Coder-32B-Instruct-AWQ,None
718,Pie,Medium,29.8876,59.7752,2,0.0,0.0,0.0,0.0,0.0,0.0,0.0,0.0,0.0,0.0,1.0,0.0,0.0,True,Qwen/Qwen2.5-Coder-32B-Instruct-AWQ,None
718,Pie,Medium,29.8876,59.7752,2,0.0,0.0,0.0,0.0,0.0,0.0,0.0,0.0,0.0,0.0,1.0,0.0,0.0,True,Qwen/Qwen2.5-Coder-32B-Instruct-AWQ,None
718,Pie,Medium,29.8876,59.7752,2,0.0,0.0,0.0,0.0,0.0,0.0,0.0,0.0,0.0,0.0,1.0,0.0,0.0,True,Qwen/Qwen2.5-Coder-32B-Instruct-AWQ,None
722,Pie,Medium,6.5799,6.5799,1,0.0,0.0,0.0,0.0,1.0,0.0,0.0,0.0,0.0,1.0,0.0,,0.0,True,Qwen/Qwen2.5-Coder-32B-Instruct-AWQ,None
722,Pie,Medium,6.5799,6.5799,1,0.0,0.0,0.0,0.0,1.0,0.0,0.0,0.0,0.0,1.0,0.0,,0.0,True,Qwen/Qwen2.5-Coder-32B-Instruct-AWQ,None
722,Pie,Medium,6.5799,6.5799,1,0.0,0.0,0.0,0.0,1.0,0.0,0.0,0.0,0.0,1.0,0.0,,0.0,True,Qwen/Qwen2.5-Coder-32B-Instruct-AWQ,None
743,Pie,Medium,25.1327,50.2654,2,0.0,0.0,0.0,0.0,1.0,0.0,0.0,0.0,0.0,1.0,0.0,,0.0,True,Qwen/Qwen2.5-Coder-32B-Instruct-AWQ,None
743,Pie,Medium,25.1327,50.2654,2,0.0,0.0,0.0,0.0,1.0,0.0,0.0,0.0,0.0,1.0,0.0,,0.0,True,Qwen/Qwen2.5-Coder-32B-Instruct-AWQ,None
743,Pie,Medium,25.1327,50.2654,2,0.0,0.0,0.0,0.0,1.0,0.0,0.0,0.0,0.0,1.0,0.0,,0.0,True,Qwen/Qwen2.5-Coder-32B-Instruct-AWQ,None
744,Bar,Medium,20.0737,80.2948,4,0.0,0.0,0.0,0.0,0.0,0.0,0.0,0.0,0.0,0.0,1.0,0.0,0.0,True,Qwen/Qwen2.5-Coder-32B-Instruct-AWQ,None
744,Bar,Medium,20.0737,80.2948,4,0.0,0.0,0.0,0.0,0.0,0.0,0.0,0.0,0.0,0.0,1.0,0.0,0.0,True,Qwen/Qwen2.5-Coder-32B-Instruct-AWQ,None
744,Bar,Medium,20.0737,80.2948,4,0.0,0.0,0.0,0.0,0.0,0.0,0.0,0.0,0.0,0.0,1.0,0.0,0.0,True,Qwen/Qwen2.5-Coder-32B-Instruct-AWQ,None
747,Pie,Hard,44.3194,132.9583,3,1.0,0.0,0.0,0.0,0.0,0.0,0.0,0.0,1.0,0.0,0.0,,0.0,True,Qwen/Qwen2.5-Coder-32B-Instruct-AWQ,None
747,Pie,Hard,44.3194,132.9583,3,1.0,0.0,0.0,0.0,0.0,0.0,0.0,0.0,1.0,0.0,0.0,,0.0,True,Qwen/Qwen2.5-Coder-32B-Instruct-AWQ,None
747,Pie,Hard,44.3194,132.9583,3,1.0,0.0,0.0,0.0,0.0,0.0,0.0,0.0,1.0,0.0,0.0,,0.0,True,Qwen/Qwen2.5-Coder-32B-Instruct-AWQ,None
770,Line,Easy,7.0571,21.1712,3,0.0,0.0,0.0,0.0,0.0,0.0,0.0,0.0,0.0,0.0,1.0,0.0,0.0,False,Qwen/Qwen2.5-Coder-32B-Instruct-AWQ,None
770,Line,Easy,7.0571,21.1712,3,0.0,0.0,0.0,0.0,0.0,0.0,0.0,0.0,0.0,0.0,1.0,0.0,0.0,False,Qwen/Qwen2.5-Coder-32B-Instruct-AWQ,None
770,Line,Easy,7.0571,21.1712,3,0.0,0.0,0.0,0.0,0.0,0.0,0.0,0.0,0.0,0.0,1.0,0.0,0.0,False,Qwen/Qwen2.5-Coder-32B-Instruct-AWQ,None
778,Grouping Line,Hard,61.0931,61.0931,1,1.0,0.0,0.0,0.0,0.0,0.0,0.0,0.0,1.0,0.0,0.0,,0.0,False,Qwen/Qwen2.5-Coder-32B-Instruct-AWQ,None
778,Grouping Line,Hard,61.0931,61.0931,1,1.0,0.0,0.0,0.0,0.0,0.0,0.0,0.0,1.0,0.0,0.0,,0.0,False,Qwen/Qwen2.5-Coder-32B-Instruct-AWQ,None
778,Grouping Line,Hard,61.0931,61.0931,1,1.0,0.0,0.0,0.0,0.0,0.0,0.0,0.0,1.0,0.0,0.0,,0.0,False,Qwen/Qwen2.5-Coder-32B-Instruct-AWQ,None
781,Pie,Easy,13.5968,54.387,4,0.0,0.0,0.0,0.0,0.0,0.0,0.0,0.0,0.0,0.0,1.0,0.0,0.0,False,Qwen/Qwen2.5-Coder-32B-Instruct-AWQ,None
781,Pie,Easy,13.5968,54.387,4,0.0,0.0,0.0,0.0,0.0,0.0,0.0,0.0,0.0,0.0,1.0,0.0,0.0,False,Qwen/Qwen2.5-Coder-32B-Instruct-AWQ,None
781,Pie,Easy,13.5968,54.387,4,0.0,0.0,0.0,0.0,0.0,0.0,0.0,0.0,0.0,0.0,1.0,0.0,0.0,False,Qwen/Qwen2.5-Coder-32B-Instruct-AWQ,None
789,Line,Easy,21.7511,65.2533,3,0.0,0.0,0.0,0.0,0.0,0.0,0.0,0.0,0.0,0.0,1.0,0.0,0.0,False,Qwen/Qwen2.5-Coder-32B-Instruct-AWQ,None
789,Line,Easy,21.7511,65.2533,3,0.0,0.0,0.0,0.0,0.0,0.0,0.0,0.0,0.0,0.0,1.0,0.0,0.0,False,Qwen/Qwen2.5-Coder-32B-Instruct-AWQ,None
789,Line,Easy,21.7511,65.2533,3,0.0,0.0,0.0,0.0,0.0,0.0,0.0,0.0,0.0,0.0,1.0,0.0,0.0,False,Qwen/Qwen2.5-Coder-32B-Instruct-AWQ,None
790,Pie,Easy,25.1743,125.8715,5,0.0,0.0,0.0,0.0,0.0,0.0,0.0,0.0,0.0,0.0,1.0,0.0,0.0,False,Qwen/Qwen2.5-Coder-32B-Instruct-AWQ,None
790,Pie,Easy,25.1743,125.8715,5,0.0,0.0,0.0,0.0,0.0,0.0,0.0,0.0,0.0,0.0,1.0,0.0,0.0,False,Qwen/Qwen2.5-Coder-32B-Instruct-AWQ,None
790,Pie,Easy,25.1743,125.8715,5,0.0,0.0,0.0,0.0,0.0,0.0,0.0,0.0,0.0,0.0,1.0,0.0,0.0,False,Qwen/Qwen2.5-Coder-32B-Instruct-AWQ,None
793,Bar,Medium,29.6014,59.2028,2,0.0,0.0,0.0,0.0,0.5,0.0,0.0,0.0,0.0,0.5,0.5,0.0,0.0,True,Qwen/Qwen2.5-Coder-32B-Instruct-AWQ,None
793,Bar,Medium,29.6014,59.2028,2,0.0,0.0,0.0,0.0,0.5,0.0,0.0,0.0,0.0,0.5,0.5,0.0,0.0,True,Qwen/Qwen2.5-Coder-32B-Instruct-AWQ,None
793,Bar,Medium,29.6014,59.2028,2,0.0,0.0,0.0,0.0,0.5,0.0,0.0,0.0,0.0,0.5,0.5,0.0,0.0,True,Qwen/Qwen2.5-Coder-32B-Instruct-AWQ,None
802,Pie,Easy,26.9386,107.7544,4,0.0,0.0,0.0,0.0,0.0,0.0,0.0,0.0,0.0,0.0,1.0,0.0,0.0,False,Qwen/Qwen2.5-Coder-32B-Instruct-AWQ,None
802,Pie,Easy,26.9386,107.7544,4,0.0,0.0,0.0,0.0,0.0,0.0,0.0,0.0,0.0,0.0,1.0,0.0,0.0,False,Qwen/Qwen2.5-Coder-32B-Instruct-AWQ,None
802,Pie,Easy,26.9386,107.7544,4,0.0,0.0,0.0,0.0,0.0,0.0,0.0,0.0,0.0,0.0,1.0,0.0,0.0,False,Qwen/Qwen2.5-Coder-32B-Instruct-AWQ,None
803,Bar,Easy,12.8863,64.4316,5,0.0,0.0,0.0,0.0,0.0,0.0,0.0,0.0,0.0,0.0,1.0,0.0,0.0,False,Qwen/Qwen2.5-Coder-32B-Instruct-AWQ,None
803,Bar,Easy,12.8863,64.4316,5,0.0,0.0,0.0,0.0,0.0,0.0,0.0,0.0,0.0,0.0,1.0,0.0,0.0,False,Qwen/Qwen2.5-Coder-32B-Instruct-AWQ,None
803,Bar,Easy,12.8863,64.4316,5,0.0,0.0,0.0,0.0,0.0,0.0,0.0,0.0,0.0,0.0,1.0,0.0,0.0,False,Qwen/Qwen2.5-Coder-32B-Instruct-AWQ,None
809,Bar,Easy,40.2023,120.607,3,0.0,0.0,0.0,0.0,0.0,0.0,0.0,0.0,0.0,0.0,1.0,0.0,0.0,False,Qwen/Qwen2.5-Coder-32B-Instruct-AWQ,None
809,Bar,Easy,40.2023,120.607,3,0.0,0.0,0.0,0.0,0.0,0.0,0.0,0.0,0.0,0.0,1.0,0.0,0.0,False,Qwen/Qwen2.5-Coder-32B-Instruct-AWQ,None
809,Bar,Easy,40.2023,120.607,3,0.0,0.0,0.0,0.0,0.0,0.0,0.0,0.0,0.0,0.0,1.0,0.0,0.0,False,Qwen/Qwen2.5-Coder-32B-Instruct-AWQ,None
812,Bar,Medium,31.5891,63.1781,2,0.0,0.0,0.0,0.0,0.0,0.0,0.0,0.0,0.0,0.0,1.0,0.0,0.0,True,Qwen/Qwen2.5-Coder-32B-Instruct-AWQ,None
812,Bar,Medium,31.5891,63.1781,2,0.0,0.0,0.0,0.0,0.0,0.0,0.0,0.0,0.0,0.0,1.0,0.0,0.0,True,Qwen/Qwen2.5-Coder-32B-Instruct-AWQ,None
812,Bar,Medium,31.5891,63.1781,2,0.0,0.0,0.0,0.0,0.0,0.0,0.0,0.0,0.0,0.0,1.0,0.0,0.0,True,Qwen/Qwen2.5-Coder-32B-Instruct-AWQ,None
815,Pie,Medium,10.0994,10.0994,1,0.0,0.0,0.0,0.0,0.0,0.0,0.0,0.0,0.0,0.0,1.0,0.0,0.0,True,Qwen/Qwen2.5-Coder-32B-Instruct-AWQ,None
815,Pie,Medium,10.0994,10.0994,1,0.0,0.0,0.0,0.0,0.0,0.0,0.0,0.0,0.0,0.0,1.0,0.0,0.0,True,Qwen/Qwen2.5-Coder-32B-Instruct-AWQ,None
815,Pie,Medium,10.0994,10.0994,1,0.0,0.0,0.0,0.0,0.0,0.0,0.0,0.0,0.0,0.0,1.0,0.0,0.0,True,Qwen/Qwen2.5-Coder-32B-Instruct-AWQ,None
817,Bar,Medium,39.8656,39.8656,1,0.0,0.0,0.0,0.0,0.0,0.0,0.0,0.0,0.0,0.0,1.0,0.0,0.0,True,Qwen/Qwen2.5-Coder-32B-Instruct-AWQ,None
817,Bar,Medium,39.8656,39.8656,1,0.0,0.0,0.0,0.0,0.0,0.0,0.0,0.0,0.0,0.0,1.0,0.0,0.0,True,Qwen/Qwen2.5-Coder-32B-Instruct-AWQ,None
817,Bar,Medium,39.8656,39.8656,1,0.0,0.0,0.0,0.0,0.0,0.0,0.0,0.0,0.0,0.0,1.0,0.0,0.0,True,Qwen/Qwen2.5-Coder-32B-Instruct-AWQ,None
832,Bar,Medium,6.8843,13.7685,2,0.0,0.0,0.0,0.0,0.0,0.0,0.0,0.0,0.0,0.0,1.0,0.0,0.0,True,Qwen/Qwen2.5-Coder-32B-Instruct-AWQ,None
832,Bar,Medium,6.8843,13.7685,2,0.0,0.0,0.0,0.0,0.0,0.0,0.0,0.0,0.0,0.0,1.0,0.0,0.0,True,Qwen/Qwen2.5-Coder-32B-Instruct-AWQ,None
832,Bar,Medium,6.8843,13.7685,2,0.0,0.0,0.0,0.0,0.0,0.0,0.0,0.0,0.0,0.0,1.0,0.0,0.0,True,Qwen/Qwen2.5-Coder-32B-Instruct-AWQ,None
834,Pie,Medium,26.3194,52.6388,2,0.0,0.0,0.0,0.0,0.0,0.0,0.0,0.0,0.0,0.0,1.0,0.0,0.0,True,Qwen/Qwen2.5-Coder-32B-Instruct-AWQ,None
834,Pie,Medium,26.3194,52.6388,2,0.0,0.0,0.0,0.0,0.0,0.0,0.0,0.0,0.0,0.0,1.0,0.0,0.0,True,Qwen/Qwen2.5-Coder-32B-Instruct-AWQ,None
834,Pie,Medium,26.3194,52.6388,2,0.0,0.0,0.0,0.0,0.0,0.0,0.0,0.0,0.0,0.0,1.0,0.0,0.0,True,Qwen/Qwen2.5-Coder-32B-Instruct-AWQ,None
838,Pie,Medium,32.3647,64.7295,2,0.0,0.0,0.0,0.0,0.0,0.0,0.0,0.0,0.0,0.0,1.0,0.0,0.0,True,Qwen/Qwen2.5-Coder-32B-Instruct-AWQ,None
838,Pie,Medium,32.3647,64.7295,2,0.0,0.0,0.0,0.0,0.0,0.0,0.0,0.0,0.0,0.0,1.0,0.0,0.0,True,Qwen/Qwen2.5-Coder-32B-Instruct-AWQ,None
838,Pie,Medium,32.3647,64.7295,2,0.0,0.0,0.0,0.0,0.0,0.0,0.0,0.0,0.0,0.0,1.0,0.0,0.0,True,Qwen/Qwen2.5-Coder-32B-Instruct-AWQ,None
856,Pie,Hard,12.7822,12.7822,1,0.0,0.0,0.0,0.0,0.0,0.0,0.0,0.0,0.0,0.0,1.0,0.0,0.0,True,Qwen/Qwen2.5-Coder-32B-Instruct-AWQ,None
856,Pie,Hard,12.7822,12.7822,1,0.0,0.0,0.0,0.0,0.0,0.0,0.0,0.0,0.0,0.0,1.0,0.0,0.0,True,Qwen/Qwen2.5-Coder-32B-Instruct-AWQ,None
856,Pie,Hard,12.7822,12.7822,1,0.0,0.0,0.0,0.0,0.0,0.0,0.0,0.0,0.0,0.0,1.0,0.0,0.0,True,Qwen/Qwen2.5-Coder-32B-Instruct-AWQ,None
858,Pie,Easy,35.0776,35.0776,1,0.0,0.0,0.0,0.0,0.0,0.0,0.0,0.0,0.0,0.0,1.0,0.0,0.0,False,Qwen/Qwen2.5-Coder-32B-Instruct-AWQ,None
858,Pie,Easy,35.0776,35.0776,1,0.0,0.0,0.0,0.0,0.0,0.0,0.0,0.0,0.0,0.0,1.0,0.0,0.0,False,Qwen/Qwen2.5-Coder-32B-Instruct-AWQ,None
858,Pie,Easy,35.0776,35.0776,1,0.0,0.0,0.0,0.0,0.0,0.0,0.0,0.0,0.0,0.0,1.0,0.0,0.0,False,Qwen/Qwen2.5-Coder-32B-Instruct-AWQ,None
868,Line,Hard,29.6424,118.5697,4,0.0,0.0,0.0,0.0,0.0,0.0,0.0,0.0,0.0,0.0,1.0,0.0,0.0,True,Qwen/Qwen2.5-Coder-32B-Instruct-AWQ,None
868,Line,Hard,29.6424,118.5697,4,0.0,0.0,0.0,0.0,0.0,0.0,0.0,0.0,0.0,0.0,1.0,0.0,0.0,True,Qwen/Qwen2.5-Coder-32B-Instruct-AWQ,None
868,Line,Hard,29.6424,118.5697,4,0.0,0.0,0.0,0.0,0.0,0.0,0.0,0.0,0.0,0.0,1.0,0.0,0.0,True,Qwen/Qwen2.5-Coder-32B-Instruct-AWQ,None
874,Pie,Medium,42.1891,84.3782,2,1.0,0.0,0.0,0.0,0.0,0.0,0.0,0.0,1.0,0.0,0.0,,0.0,True,Qwen/Qwen2.5-Coder-32B-Instruct-AWQ,None
874,Pie,Medium,42.1891,84.3782,2,1.0,0.0,0.0,0.0,0.0,0.0,0.0,0.0,1.0,0.0,0.0,,0.0,True,Qwen/Qwen2.5-Coder-32B-Instruct-AWQ,None
874,Pie,Medium,42.1891,84.3782,2,1.0,0.0,0.0,0.0,0.0,0.0,0.0,0.0,1.0,0.0,0.0,,0.0,True,Qwen/Qwen2.5-Coder-32B-Instruct-AWQ,None
875,Bar,Medium,9.5553,19.1107,2,0.0,0.0,0.0,0.0,0.0,0.0,0.0,0.0,0.0,0.0,1.0,0.0,0.0,True,Qwen/Qwen2.5-Coder-32B-Instruct-AWQ,None
875,Bar,Medium,9.5553,19.1107,2,0.0,0.0,0.0,0.0,0.0,0.0,0.0,0.0,0.0,0.0,1.0,0.0,0.0,True,Qwen/Qwen2.5-Coder-32B-Instruct-AWQ,None
875,Bar,Medium,9.5553,19.1107,2,0.0,0.0,0.0,0.0,0.0,0.0,0.0,0.0,0.0,0.0,1.0,0.0,0.0,True,Qwen/Qwen2.5-Coder-32B-Instruct-AWQ,None
880,Line,Hard,29.1209,87.3628,3,0.0,0.0,0.0,0.0,0.0,0.0,0.0,0.0,0.0,0.0,1.0,0.0,0.0,True,Qwen/Qwen2.5-Coder-32B-Instruct-AWQ,None
880,Line,Hard,29.1209,87.3628,3,0.0,0.0,0.0,0.0,0.0,0.0,0.0,0.0,0.0,0.0,1.0,0.0,0.0,True,Qwen/Qwen2.5-Coder-32B-Instruct-AWQ,None
880,Line,Hard,29.1209,87.3628,3,0.0,0.0,0.0,0.0,0.0,0.0,0.0,0.0,0.0,0.0,1.0,0.0,0.0,True,Qwen/Qwen2.5-Coder-32B-Instruct-AWQ,None
883,Pie,Hard,14.3258,57.3031,4,0.0,0.0,0.0,0.0,0.5,0.0,0.0,0.0,0.0,0.5,0.5,0.0,0.0,True,Qwen/Qwen2.5-Coder-32B-Instruct-AWQ,None
883,Pie,Hard,14.3258,57.3031,4,0.0,0.0,0.0,0.0,0.5,0.0,0.0,0.0,0.0,0.5,0.5,0.0,0.0,True,Qwen/Qwen2.5-Coder-32B-Instruct-AWQ,None
883,Pie,Hard,14.3258,57.3031,4,0.0,0.0,0.0,0.0,0.5,0.0,0.0,0.0,0.0,0.5,0.5,0.0,0.0,True,Qwen/Qwen2.5-Coder-32B-Instruct-AWQ,None
887,Pie,Easy,6.2993,25.1971,4,0.0,0.0,0.0,0.0,0.0,0.0,0.0,0.0,0.0,0.0,1.0,0.0,0.0,False,Qwen/Qwen2.5-Coder-32B-Instruct-AWQ,None
887,Pie,Easy,6.2993,25.1971,4,0.0,0.0,0.0,0.0,0.0,0.0,0.0,0.0,0.0,0.0,1.0,0.0,0.0,False,Qwen/Qwen2.5-Coder-32B-Instruct-AWQ,None
887,Pie,Easy,6.2993,25.1971,4,0.0,0.0,0.0,0.0,0.0,0.0,0.0,0.0,0.0,0.0,1.0,0.0,0.0,False,Qwen/Qwen2.5-Coder-32B-Instruct-AWQ,None
906,Pie,Easy,4.7601,23.8003,5,0.0,0.0,0.0,0.0,0.0,0.0,0.0,0.0,0.0,0.0,1.0,0.0,0.0,False,Qwen/Qwen2.5-Coder-32B-Instruct-AWQ,None
906,Pie,Easy,4.7601,23.8003,5,0.0,0.0,0.0,0.0,0.0,0.0,0.0,0.0,0.0,0.0,1.0,0.0,0.0,False,Qwen/Qwen2.5-Coder-32B-Instruct-AWQ,None
906,Pie,Easy,4.7601,23.8003,5,0.0,0.0,0.0,0.0,0.0,0.0,0.0,0.0,0.0,0.0,1.0,0.0,0.0,False,Qwen/Qwen2.5-Coder-32B-Instruct-AWQ,None
908,Pie,Easy,6.2629,31.3143,5,0.0,0.0,0.0,0.0,0.0,0.0,0.0,0.0,0.0,0.0,1.0,0.0,0.0,False,Qwen/Qwen2.5-Coder-32B-Instruct-AWQ,None
908,Pie,Easy,6.2629,31.3143,5,0.0,0.0,0.0,0.0,0.0,0.0,0.0,0.0,0.0,0.0,1.0,0.0,0.0,False,Qwen/Qwen2.5-Coder-32B-Instruct-AWQ,None
908,Pie,Easy,6.2629,31.3143,5,0.0,0.0,0.0,0.0,0.0,0.0,0.0,0.0,0.0,0.0,1.0,0.0,0.0,False,Qwen/Qwen2.5-Coder-32B-Instruct-AWQ,None
910,Pie,Medium,10.8131,43.2525,4,0.0,0.0,0.0,0.0,0.0,0.0,0.0,0.0,0.0,0.0,1.0,0.0,0.0,True,Qwen/Qwen2.5-Coder-32B-Instruct-AWQ,None
910,Pie,Medium,10.8131,43.2525,4,0.0,0.0,0.0,0.0,0.0,0.0,0.0,0.0,0.0,0.0,1.0,0.0,0.0,True,Qwen/Qwen2.5-Coder-32B-Instruct-AWQ,None
910,Pie,Medium,10.8131,43.2525,4,0.0,0.0,0.0,0.0,0.0,0.0,0.0,0.0,0.0,0.0,1.0,0.0,0.0,True,Qwen/Qwen2.5-Coder-32B-Instruct-AWQ,None
912,Bar,Medium,11.1786,11.1786,1,0.0,0.0,0.0,0.0,0.0,0.0,0.0,0.0,0.0,0.0,1.0,0.0,0.0,True,Qwen/Qwen2.5-Coder-32B-Instruct-AWQ,None
912,Bar,Medium,11.1786,11.1786,1,0.0,0.0,0.0,0.0,0.0,0.0,0.0,0.0,0.0,0.0,1.0,0.0,0.0,True,Qwen/Qwen2.5-Coder-32B-Instruct-AWQ,None
912,Bar,Medium,11.1786,11.1786,1,0.0,0.0,0.0,0.0,0.0,0.0,0.0,0.0,0.0,0.0,1.0,0.0,0.0,True,Qwen/Qwen2.5-Coder-32B-Instruct-AWQ,None
914,Bar,Hard,11.4787,22.9575,2,0.0,0.0,0.0,0.0,0.0,0.0,0.0,0.0,0.0,0.0,1.0,0.0,0.0,True,Qwen/Qwen2.5-Coder-32B-Instruct-AWQ,None
914,Bar,Hard,11.4787,22.9575,2,0.0,0.0,0.0,0.0,0.0,0.0,0.0,0.0,0.0,0.0,1.0,0.0,0.0,True,Qwen/Qwen2.5-Coder-32B-Instruct-AWQ,None
914,Bar,Hard,11.4787,22.9575,2,0.0,0.0,0.0,0.0,0.0,0.0,0.0,0.0,0.0,0.0,1.0,0.0,0.0,True,Qwen/Qwen2.5-Coder-32B-Instruct-AWQ,None
924,Bar,Medium,31.5519,31.5519,1,1.0,0.0,0.0,0.0,0.0,0.0,0.0,0.0,1.0,0.0,0.0,,0.0,False,Qwen/Qwen2.5-Coder-32B-Instruct-AWQ,None
924,Bar,Medium,31.5519,31.5519,1,1.0,0.0,0.0,0.0,0.0,0.0,0.0,0.0,1.0,0.0,0.0,,0.0,False,Qwen/Qwen2.5-Coder-32B-Instruct-AWQ,None
924,Bar,Medium,31.5519,31.5519,1,1.0,0.0,0.0,0.0,0.0,0.0,0.0,0.0,1.0,0.0,0.0,,0.0,False,Qwen/Qwen2.5-Coder-32B-Instruct-AWQ,None
926,Bar,Easy,5.8459,17.5378,3,0.0,0.0,0.0,0.0,0.0,0.0,0.0,0.0,0.0,0.0,1.0,0.0,0.0,False,Qwen/Qwen2.5-Coder-32B-Instruct-AWQ,None
926,Bar,Easy,5.8459,17.5378,3,0.0,0.0,0.0,0.0,0.0,0.0,0.0,0.0,0.0,0.0,1.0,0.0,0.0,False,Qwen/Qwen2.5-Coder-32B-Instruct-AWQ,None
926,Bar,Easy,5.8459,17.5378,3,0.0,0.0,0.0,0.0,0.0,0.0,0.0,0.0,0.0,0.0,1.0,0.0,0.0,False,Qwen/Qwen2.5-Coder-32B-Instruct-AWQ,None
961,Bar,Medium,10.7795,43.1182,4,0.0,0.0,0.0,0.0,0.0,0.0,0.0,0.0,0.0,0.0,1.0,0.0,0.0,True,Qwen/Qwen2.5-Coder-32B-Instruct-AWQ,None
961,Bar,Medium,10.7795,43.1182,4,0.0,0.0,0.0,0.0,0.0,0.0,0.0,0.0,0.0,0.0,1.0,0.0,0.0,True,Qwen/Qwen2.5-Coder-32B-Instruct-AWQ,None
961,Bar,Medium,10.7795,43.1182,4,0.0,0.0,0.0,0.0,0.0,0.0,0.0,0.0,0.0,0.0,1.0,0.0,0.0,True,Qwen/Qwen2.5-Coder-32B-Instruct-AWQ,None
971,Pie,Easy,6.3556,19.0667,3,0.0,0.0,0.0,0.0,0.0,0.0,0.0,0.0,0.0,0.0,1.0,0.0,0.0,False,Qwen/Qwen2.5-Coder-32B-Instruct-AWQ,None
971,Pie,Easy,6.3556,19.0667,3,0.0,0.0,0.0,0.0,0.0,0.0,0.0,0.0,0.0,0.0,1.0,0.0,0.0,False,Qwen/Qwen2.5-Coder-32B-Instruct-AWQ,None
971,Pie,Easy,6.3556,19.0667,3,0.0,0.0,0.0,0.0,0.0,0.0,0.0,0.0,0.0,0.0,1.0,0.0,0.0,False,Qwen/Qwen2.5-Coder-32B-Instruct-AWQ,None
975,Bar,Hard,27.9976,55.9952,2,0.5,0.0,0.0,0.0,0.0,0.0,0.0,0.0,0.5,0.0,0.5,0.0,0.0,True,Qwen/Qwen2.5-Coder-32B-Instruct-AWQ,None
975,Bar,Hard,27.9976,55.9952,2,0.5,0.0,0.0,0.0,0.0,0.0,0.0,0.0,0.5,0.0,0.5,0.0,0.0,True,Qwen/Qwen2.5-Coder-32B-Instruct-AWQ,None
975,Bar,Hard,27.9976,55.9952,2,0.5,0.0,0.0,0.0,0.0,0.0,0.0,0.0,0.5,0.0,0.5,0.0,0.0,True,Qwen/Qwen2.5-Coder-32B-Instruct-AWQ,None
990,Bar,Medium,11.0234,22.0468,2,0.0,0.0,0.0,0.0,0.0,0.0,0.0,0.0,0.0,0.0,1.0,0.0,0.0,True,Qwen/Qwen2.5-Coder-32B-Instruct-AWQ,None
990,Bar,Medium,11.0234,22.0468,2,0.0,0.0,0.0,0.0,0.0,0.0,0.0,0.0,0.0,0.0,1.0,0.0,0.0,True,Qwen/Qwen2.5-Coder-32B-Instruct-AWQ,None
990,Bar,Medium,11.0234,22.0468,2,0.0,0.0,0.0,0.0,0.0,0.0,0.0,0.0,0.0,0.0,1.0,0.0,0.0,True,Qwen/Qwen2.5-Coder-32B-Instruct-AWQ,None
994,Bar,Medium,9.1624,9.1624,1,0.0,0.0,0.0,0.0,0.0,0.0,0.0,0.0,0.0,0.0,1.0,0.0,0.0,True,Qwen/Qwen2.5-Coder-32B-Instruct-AWQ,None
994,Bar,Medium,9.1624,9.1624,1,0.0,0.0,0.0,0.0,0.0,0.0,0.0,0.0,0.0,0.0,1.0,0.0,0.0,True,Qwen/Qwen2.5-Coder-32B-Instruct-AWQ,None
994,Bar,Medium,9.1624,9.1624,1,0.0,0.0,0.0,0.0,0.0,0.0,0.0,0.0,0.0,0.0,1.0,0.0,0.0,True,Qwen/Qwen2.5-Coder-32B-Instruct-AWQ,None
998,Line,Medium,7.4337,7.4337,1,0.0,0.0,0.0,0.0,1.0,0.0,0.0,0.0,0.0,1.0,0.0,,0.0,True,Qwen/Qwen2.5-Coder-32B-Instruct-AWQ,None
998,Line,Medium,7.4337,7.4337,1,0.0,0.0,0.0,0.0,1.0,0.0,0.0,0.0,0.0,1.0,0.0,,0.0,True,Qwen/Qwen2.5-Coder-32B-Instruct-AWQ,None
998,Line,Medium,7.4337,7.4337,1,0.0,0.0,0.0,0.0,1.0,0.0,0.0,0.0,0.0,1.0,0.0,,0.0,True,Qwen/Qwen2.5-Coder-32B-Instruct-AWQ,None
999,Pie,Easy,4.9608,4.9608,1,0.0,0.0,0.0,0.0,0.0,0.0,0.0,0.0,0.0,0.0,1.0,0.0,0.0,False,Qwen/Qwen2.5-Coder-32B-Instruct-AWQ,None
999,Pie,Easy,4.9608,4.9608,1,0.0,0.0,0.0,0.0,0.0,0.0,0.0,0.0,0.0,0.0,1.0,0.0,0.0,False,Qwen/Qwen2.5-Coder-32B-Instruct-AWQ,None
999,Pie,Easy,4.9608,4.9608,1,0.0,0.0,0.0,0.0,0.0,0.0,0.0,0.0,0.0,0.0,1.0,0.0,0.0,False,Qwen/Qwen2.5-Coder-32B-Instruct-AWQ,None
1001,Bar,Medium,27.6973,55.3946,2,0.0,0.0,0.0,0.5,0.5,0.0,0.0,0.0,0.0,0.5,0.5,0.0,0.0,True,Qwen/Qwen2.5-Coder-32B-Instruct-AWQ,None
1001,Bar,Medium,27.6973,55.3946,2,0.0,0.0,0.0,0.5,0.5,0.0,0.0,0.0,0.0,0.5,0.5,0.0,0.0,True,Qwen/Qwen2.5-Coder-32B-Instruct-AWQ,None
1001,Bar,Medium,27.6973,55.3946,2,0.0,0.0,0.0,0.5,0.5,0.0,0.0,0.0,0.0,0.5,0.5,0.0,0.0,True,Qwen/Qwen2.5-Coder-32B-Instruct-AWQ,None
1003,Pie,Medium,32.8592,65.7184,2,0.5,0.0,0.0,0.0,0.0,0.0,0.0,0.0,0.5,0.0,0.5,0.0,0.0,True,Qwen/Qwen2.5-Coder-32B-Instruct-AWQ,None
1003,Pie,Medium,32.8592,65.7184,2,0.5,0.0,0.0,0.0,0.0,0.0,0.0,0.0,0.5,0.0,0.5,0.0,0.0,True,Qwen/Qwen2.5-Coder-32B-Instruct-AWQ,None
1003,Pie,Medium,32.8592,65.7184,2,0.5,0.0,0.0,0.0,0.0,0.0,0.0,0.0,0.5,0.0,0.5,0.0,0.0,True,Qwen/Qwen2.5-Coder-32B-Instruct-AWQ,None
1007,Pie,Hard,9.7152,9.7152,1,0.0,0.0,0.0,0.0,0.0,0.0,0.0,0.0,0.0,0.0,1.0,0.0,0.0,False,Qwen/Qwen2.5-Coder-32B-Instruct-AWQ,None
1007,Pie,Hard,9.7152,9.7152,1,0.0,0.0,0.0,0.0,0.0,0.0,0.0,0.0,0.0,0.0,1.0,0.0,0.0,False,Qwen/Qwen2.5-Coder-32B-Instruct-AWQ,None
1007,Pie,Hard,9.7152,9.7152,1,0.0,0.0,0.0,0.0,0.0,0.0,0.0,0.0,0.0,0.0,1.0,0.0,0.0,False,Qwen/Qwen2.5-Coder-32B-Instruct-AWQ,None
1008,Pie,Hard,8.1718,8.1718,1,0.0,0.0,0.0,0.0,0.0,0.0,0.0,0.0,0.0,0.0,1.0,0.0,0.0,False,Qwen/Qwen2.5-Coder-32B-Instruct-AWQ,None
1008,Pie,Hard,8.1718,8.1718,1,0.0,0.0,0.0,0.0,0.0,0.0,0.0,0.0,0.0,0.0,1.0,0.0,0.0,False,Qwen/Qwen2.5-Coder-32B-Instruct-AWQ,None
1008,Pie,Hard,8.1718,8.1718,1,0.0,0.0,0.0,0.0,0.0,0.0,0.0,0.0,0.0,0.0,1.0,0.0,0.0,False,Qwen/Qwen2.5-Coder-32B-Instruct-AWQ,None
1012,Bar,Easy,4.6996,14.0987,3,0.0,0.0,0.0,0.0,0.0,0.0,0.0,0.0,0.0,0.0,1.0,0.0,0.0,False,Qwen/Qwen2.5-Coder-32B-Instruct-AWQ,None
1012,Bar,Easy,4.6996,14.0987,3,0.0,0.0,0.0,0.0,0.0,0.0,0.0,0.0,0.0,0.0,1.0,0.0,0.0,False,Qwen/Qwen2.5-Coder-32B-Instruct-AWQ,None
1012,Bar,Easy,4.6996,14.0987,3,0.0,0.0,0.0,0.0,0.0,0.0,0.0,0.0,0.0,0.0,1.0,0.0,0.0,False,Qwen/Qwen2.5-Coder-32B-Instruct-AWQ,None
1014,Pie,Easy,6.8885,13.777,2,0.0,0.0,0.0,0.0,0.0,0.0,0.0,0.0,0.0,0.0,1.0,0.0,0.0,False,Qwen/Qwen2.5-Coder-32B-Instruct-AWQ,None
1014,Pie,Easy,6.8885,13.777,2,0.0,0.0,0.0,0.0,0.0,0.0,0.0,0.0,0.0,0.0,1.0,0.0,0.0,False,Qwen/Qwen2.5-Coder-32B-Instruct-AWQ,None
1014,Pie,Easy,6.8885,13.777,2,0.0,0.0,0.0,0.0,0.0,0.0,0.0,0.0,0.0,0.0,1.0,0.0,0.0,False,Qwen/Qwen2.5-Coder-32B-Instruct-AWQ,None
1018,Pie,Medium,11.0409,11.0409,1,0.0,0.0,0.0,0.0,0.0,0.0,0.0,0.0,0.0,0.0,1.0,0.0,0.0,True,Qwen/Qwen2.5-Coder-32B-Instruct-AWQ,None
1018,Pie,Medium,11.0409,11.0409,1,0.0,0.0,0.0,0.0,0.0,0.0,0.0,0.0,0.0,0.0,1.0,0.0,0.0,True,Qwen/Qwen2.5-Coder-32B-Instruct-AWQ,None
1018,Pie,Medium,11.0409,11.0409,1,0.0,0.0,0.0,0.0,0.0,0.0,0.0,0.0,0.0,0.0,1.0,0.0,0.0,True,Qwen/Qwen2.5-Coder-32B-Instruct-AWQ,None
1021,Pie,Easy,4.8306,9.6611,2,0.0,0.0,0.0,0.0,0.0,0.0,0.0,0.0,0.0,0.0,1.0,0.0,0.0,False,Qwen/Qwen2.5-Coder-32B-Instruct-AWQ,None
1021,Pie,Easy,4.8306,9.6611,2,0.0,0.0,0.0,0.0,0.0,0.0,0.0,0.0,0.0,0.0,1.0,0.0,0.0,False,Qwen/Qwen2.5-Coder-32B-Instruct-AWQ,None
1021,Pie,Easy,4.8306,9.6611,2,0.0,0.0,0.0,0.0,0.0,0.0,0.0,0.0,0.0,0.0,1.0,0.0,0.0,False,Qwen/Qwen2.5-Coder-32B-Instruct-AWQ,None
1024,Bar,Medium,6.2138,6.2138,1,0.0,0.0,0.0,0.0,0.0,0.0,0.0,0.0,0.0,0.0,1.0,0.0,0.0,False,Qwen/Qwen2.5-Coder-32B-Instruct-AWQ,None
1024,Bar,Medium,6.2138,6.2138,1,0.0,0.0,0.0,0.0,0.0,0.0,0.0,0.0,0.0,0.0,1.0,0.0,0.0,False,Qwen/Qwen2.5-Coder-32B-Instruct-AWQ,None
1024,Bar,Medium,6.2138,6.2138,1,0.0,0.0,0.0,0.0,0.0,0.0,0.0,0.0,0.0,0.0,1.0,0.0,0.0,False,Qwen/Qwen2.5-Coder-32B-Instruct-AWQ,None
1037,Bar,Easy,5.3393,16.0179,3,0.0,0.0,0.0,0.0,0.0,0.0,0.0,0.0,0.0,0.0,1.0,0.0,0.0,False,Qwen/Qwen2.5-Coder-32B-Instruct-AWQ,None
1037,Bar,Easy,5.3393,16.0179,3,0.0,0.0,0.0,0.0,0.0,0.0,0.0,0.0,0.0,0.0,1.0,0.0,0.0,False,Qwen/Qwen2.5-Coder-32B-Instruct-AWQ,None
1037,Bar,Easy,5.3393,16.0179,3,0.0,0.0,0.0,0.0,0.0,0.0,0.0,0.0,0.0,0.0,1.0,0.0,0.0,False,Qwen/Qwen2.5-Coder-32B-Instruct-AWQ,None
1059,Pie,Medium,19.9348,79.7391,4,0.0,0.0,0.0,0.0,0.0,0.0,0.0,0.0,0.0,0.0,1.0,0.0,0.0,True,Qwen/Qwen2.5-Coder-32B-Instruct-AWQ,None
1059,Pie,Medium,19.9348,79.7391,4,0.0,0.0,0.0,0.0,0.0,0.0,0.0,0.0,0.0,0.0,1.0,0.0,0.0,True,Qwen/Qwen2.5-Coder-32B-Instruct-AWQ,None
1059,Pie,Medium,19.9348,79.7391,4,0.0,0.0,0.0,0.0,0.0,0.0,0.0,0.0,0.0,0.0,1.0,0.0,0.0,True,Qwen/Qwen2.5-Coder-32B-Instruct-AWQ,None
1061,Pie,Easy,5.621,28.1052,5,0.0,0.0,0.0,0.0,0.0,0.0,0.0,0.0,0.0,0.0,1.0,0.0,0.0,False,Qwen/Qwen2.5-Coder-32B-Instruct-AWQ,None
1061,Pie,Easy,5.621,28.1052,5,0.0,0.0,0.0,0.0,0.0,0.0,0.0,0.0,0.0,0.0,1.0,0.0,0.0,False,Qwen/Qwen2.5-Coder-32B-Instruct-AWQ,None
1061,Pie,Easy,5.621,28.1052,5,0.0,0.0,0.0,0.0,0.0,0.0,0.0,0.0,0.0,0.0,1.0,0.0,0.0,False,Qwen/Qwen2.5-Coder-32B-Instruct-AWQ,None
1071,Bar,Medium,15.8514,15.8514,1,0.0,0.0,0.0,0.0,1.0,0.0,0.0,0.0,0.0,1.0,0.0,,0.0,False,Qwen/Qwen2.5-Coder-32B-Instruct-AWQ,None
1071,Bar,Medium,15.8514,15.8514,1,0.0,0.0,0.0,0.0,1.0,0.0,0.0,0.0,0.0,1.0,0.0,,0.0,False,Qwen/Qwen2.5-Coder-32B-Instruct-AWQ,None
1071,Bar,Medium,15.8514,15.8514,1,0.0,0.0,0.0,0.0,1.0,0.0,0.0,0.0,0.0,1.0,0.0,,0.0,False,Qwen/Qwen2.5-Coder-32B-Instruct-AWQ,None
1072,Bar,Hard,24.275,24.275,1,0.0,0.0,0.0,0.0,0.0,0.0,0.0,0.0,0.0,0.0,1.0,0.0,0.0,True,Qwen/Qwen2.5-Coder-32B-Instruct-AWQ,None
1072,Bar,Hard,24.275,24.275,1,0.0,0.0,0.0,0.0,0.0,0.0,0.0,0.0,0.0,0.0,1.0,0.0,0.0,True,Qwen/Qwen2.5-Coder-32B-Instruct-AWQ,None
1072,Bar,Hard,24.275,24.275,1,0.0,0.0,0.0,0.0,0.0,0.0,0.0,0.0,0.0,0.0,1.0,0.0,0.0,True,Qwen/Qwen2.5-Coder-32B-Instruct-AWQ,None
1073,Pie,Medium,11.0727,11.0727,1,0.0,0.0,0.0,0.0,0.0,0.0,0.0,0.0,0.0,0.0,1.0,0.0,0.0,True,Qwen/Qwen2.5-Coder-32B-Instruct-AWQ,None
1073,Pie,Medium,11.0727,11.0727,1,0.0,0.0,0.0,0.0,0.0,0.0,0.0,0.0,0.0,0.0,1.0,0.0,0.0,True,Qwen/Qwen2.5-Coder-32B-Instruct-AWQ,None
1073,Pie,Medium,11.0727,11.0727,1,0.0,0.0,0.0,0.0,0.0,0.0,0.0,0.0,0.0,0.0,1.0,0.0,0.0,True,Qwen/Qwen2.5-Coder-32B-Instruct-AWQ,None
1074,Bar,Hard,11.1682,11.1682,1,0.0,0.0,0.0,0.0,0.0,0.0,0.0,0.0,0.0,0.0,1.0,0.0,0.0,True,Qwen/Qwen2.5-Coder-32B-Instruct-AWQ,None
1074,Bar,Hard,11.1682,11.1682,1,0.0,0.0,0.0,0.0,0.0,0.0,0.0,0.0,0.0,0.0,1.0,0.0,0.0,True,Qwen/Qwen2.5-Coder-32B-Instruct-AWQ,None
1074,Bar,Hard,11.1682,11.1682,1,0.0,0.0,0.0,0.0,0.0,0.0,0.0,0.0,0.0,0.0,1.0,0.0,0.0,True,Qwen/Qwen2.5-Coder-32B-Instruct-AWQ,None
1079,Pie,Medium,11.9962,11.9962,1,0.0,0.0,0.0,0.0,0.0,0.0,0.0,0.0,0.0,0.0,1.0,0.0,0.0,True,Qwen/Qwen2.5-Coder-32B-Instruct-AWQ,None
1079,Pie,Medium,11.9962,11.9962,1,0.0,0.0,0.0,0.0,0.0,0.0,0.0,0.0,0.0,0.0,1.0,0.0,0.0,True,Qwen/Qwen2.5-Coder-32B-Instruct-AWQ,None
1079,Pie,Medium,11.9962,11.9962,1,0.0,0.0,0.0,0.0,0.0,0.0,0.0,0.0,0.0,0.0,1.0,0.0,0.0,True,Qwen/Qwen2.5-Coder-32B-Instruct-AWQ,None
1081,Pie,Medium,10.8994,10.8994,1,0.0,0.0,0.0,0.0,0.0,0.0,0.0,0.0,0.0,0.0,1.0,0.0,0.0,True,Qwen/Qwen2.5-Coder-32B-Instruct-AWQ,None
1081,Pie,Medium,10.8994,10.8994,1,0.0,0.0,0.0,0.0,0.0,0.0,0.0,0.0,0.0,0.0,1.0,0.0,0.0,True,Qwen/Qwen2.5-Coder-32B-Instruct-AWQ,None
1081,Pie,Medium,10.8994,10.8994,1,0.0,0.0,0.0,0.0,0.0,0.0,0.0,0.0,0.0,0.0,1.0,0.0,0.0,True,Qwen/Qwen2.5-Coder-32B-Instruct-AWQ,None
1082,Pie,Medium,11.7978,23.5955,2,0.0,0.0,0.0,0.0,0.5,0.0,0.0,0.0,0.0,0.5,0.5,0.0,0.0,True,Qwen/Qwen2.5-Coder-32B-Instruct-AWQ,None
1082,Pie,Medium,11.7978,23.5955,2,0.0,0.0,0.0,0.0,0.5,0.0,0.0,0.0,0.0,0.5,0.5,0.0,0.0,True,Qwen/Qwen2.5-Coder-32B-Instruct-AWQ,None
1082,Pie,Medium,11.7978,23.5955,2,0.0,0.0,0.0,0.0,0.5,0.0,0.0,0.0,0.0,0.5,0.5,0.0,0.0,True,Qwen/Qwen2.5-Coder-32B-Instruct-AWQ,None
1088,Pie,Medium,10.8355,10.8355,1,0.0,0.0,0.0,0.0,1.0,0.0,0.0,0.0,0.0,1.0,0.0,,0.0,True,Qwen/Qwen2.5-Coder-32B-Instruct-AWQ,None
1088,Pie,Medium,10.8355,10.8355,1,0.0,0.0,0.0,0.0,1.0,0.0,0.0,0.0,0.0,1.0,0.0,,0.0,True,Qwen/Qwen2.5-Coder-32B-Instruct-AWQ,None
1088,Pie,Medium,10.8355,10.8355,1,0.0,0.0,0.0,0.0,1.0,0.0,0.0,0.0,0.0,1.0,0.0,,0.0,True,Qwen/Qwen2.5-Coder-32B-Instruct-AWQ,None
1090,Pie,Easy,5.0587,10.1174,2,0.0,0.0,0.0,0.0,0.0,0.0,0.0,0.0,0.0,0.0,1.0,0.0,0.0,False,Qwen/Qwen2.5-Coder-32B-Instruct-AWQ,None
1090,Pie,Easy,5.0587,10.1174,2,0.0,0.0,0.0,0.0,0.0,0.0,0.0,0.0,0.0,0.0,1.0,0.0,0.0,False,Qwen/Qwen2.5-Coder-32B-Instruct-AWQ,None
1090,Pie,Easy,5.0587,10.1174,2,0.0,0.0,0.0,0.0,0.0,0.0,0.0,0.0,0.0,0.0,1.0,0.0,0.0,False,Qwen/Qwen2.5-Coder-32B-Instruct-AWQ,None
1104,Pie,Hard,13.108,13.108,1,0.0,0.0,0.0,0.0,1.0,0.0,0.0,0.0,0.0,1.0,0.0,,0.0,True,Qwen/Qwen2.5-Coder-32B-Instruct-AWQ,None
1104,Pie,Hard,13.108,13.108,1,0.0,0.0,0.0,0.0,1.0,0.0,0.0,0.0,0.0,1.0,0.0,,0.0,True,Qwen/Qwen2.5-Coder-32B-Instruct-AWQ,None
1104,Pie,Hard,13.108,13.108,1,0.0,0.0,0.0,0.0,1.0,0.0,0.0,0.0,0.0,1.0,0.0,,0.0,True,Qwen/Qwen2.5-Coder-32B-Instruct-AWQ,None
1113,Bar,Easy,6.9268,6.9268,1,0.0,0.0,0.0,0.0,0.0,0.0,0.0,0.0,0.0,0.0,1.0,0.0,0.0,False,Qwen/Qwen2.5-Coder-32B-Instruct-AWQ,None
1113,Bar,Easy,6.9268,6.9268,1,0.0,0.0,0.0,0.0,0.0,0.0,0.0,0.0,0.0,0.0,1.0,0.0,0.0,False,Qwen/Qwen2.5-Coder-32B-Instruct-AWQ,None
1113,Bar,Easy,6.9268,6.9268,1,0.0,0.0,0.0,0.0,0.0,0.0,0.0,0.0,0.0,0.0,1.0,0.0,0.0,False,Qwen/Qwen2.5-Coder-32B-Instruct-AWQ,None
1129,Bar,Easy,6.9895,20.9686,3,0.0,0.0,0.0,0.0,0.0,0.0,0.0,0.0,0.0,0.0,1.0,0.0,0.0,False,Qwen/Qwen2.5-Coder-32B-Instruct-AWQ,None
1129,Bar,Easy,6.9895,20.9686,3,0.0,0.0,0.0,0.0,0.0,0.0,0.0,0.0,0.0,0.0,1.0,0.0,0.0,False,Qwen/Qwen2.5-Coder-32B-Instruct-AWQ,None
1129,Bar,Easy,6.9895,20.9686,3,0.0,0.0,0.0,0.0,0.0,0.0,0.0,0.0,0.0,0.0,1.0,0.0,0.0,False,Qwen/Qwen2.5-Coder-32B-Instruct-AWQ,None
1130,Bar,Easy,6.9473,20.8419,3,0.0,0.0,0.0,0.0,0.0,0.0,0.0,0.0,0.0,0.0,1.0,0.0,0.0,False,Qwen/Qwen2.5-Coder-32B-Instruct-AWQ,None
1130,Bar,Easy,6.9473,20.8419,3,0.0,0.0,0.0,0.0,0.0,0.0,0.0,0.0,0.0,0.0,1.0,0.0,0.0,False,Qwen/Qwen2.5-Coder-32B-Instruct-AWQ,None
1130,Bar,Easy,6.9473,20.8419,3,0.0,0.0,0.0,0.0,0.0,0.0,0.0,0.0,0.0,0.0,1.0,0.0,0.0,False,Qwen/Qwen2.5-Coder-32B-Instruct-AWQ,None
1133,Grouping Scatter,Easy,6.9088,13.8177,2,0.0,0.0,0.0,0.0,0.0,0.0,0.0,0.0,0.0,0.0,1.0,0.0,0.0,False,Qwen/Qwen2.5-Coder-32B-Instruct-AWQ,None
1133,Grouping Scatter,Easy,6.9088,13.8177,2,0.0,0.0,0.0,0.0,0.0,0.0,0.0,0.0,0.0,0.0,1.0,0.0,0.0,False,Qwen/Qwen2.5-Coder-32B-Instruct-AWQ,None
1133,Grouping Scatter,Easy,6.9088,13.8177,2,0.0,0.0,0.0,0.0,0.0,0.0,0.0,0.0,0.0,0.0,1.0,0.0,0.0,False,Qwen/Qwen2.5-Coder-32B-Instruct-AWQ,None
1152,Bar,Easy,4.8781,19.5124,4,0.0,0.0,0.0,0.0,0.0,0.0,0.0,0.0,0.0,0.0,1.0,0.0,0.0,False,Qwen/Qwen2.5-Coder-32B-Instruct-AWQ,None
1152,Bar,Easy,4.8781,19.5124,4,0.0,0.0,0.0,0.0,0.0,0.0,0.0,0.0,0.0,0.0,1.0,0.0,0.0,False,Qwen/Qwen2.5-Coder-32B-Instruct-AWQ,None
1152,Bar,Easy,4.8781,19.5124,4,0.0,0.0,0.0,0.0,0.0,0.0,0.0,0.0,0.0,0.0,1.0,0.0,0.0,False,Qwen/Qwen2.5-Coder-32B-Instruct-AWQ,None
1153,Bar,Easy,6.6282,19.8846,3,0.0,0.0,0.0,0.0,0.0,0.0,0.0,0.0,0.0,0.0,1.0,0.0,0.0,False,Qwen/Qwen2.5-Coder-32B-Instruct-AWQ,None
1153,Bar,Easy,6.6282,19.8846,3,0.0,0.0,0.0,0.0,0.0,0.0,0.0,0.0,0.0,0.0,1.0,0.0,0.0,False,Qwen/Qwen2.5-Coder-32B-Instruct-AWQ,None
1153,Bar,Easy,6.6282,19.8846,3,0.0,0.0,0.0,0.0,0.0,0.0,0.0,0.0,0.0,0.0,1.0,0.0,0.0,False,Qwen/Qwen2.5-Coder-32B-Instruct-AWQ,None
1172,Grouping Scatter,Medium,21.9232,43.8465,2,0.0,0.0,0.0,0.0,0.5,0.0,0.0,0.0,0.0,0.5,0.5,0.0,0.0,False,Qwen/Qwen2.5-Coder-32B-Instruct-AWQ,None
1172,Grouping Scatter,Medium,21.9232,43.8465,2,0.0,0.0,0.0,0.0,0.5,0.0,0.0,0.0,0.0,0.5,0.5,0.0,0.0,False,Qwen/Qwen2.5-Coder-32B-Instruct-AWQ,None
1172,Grouping Scatter,Medium,21.9232,43.8465,2,0.0,0.0,0.0,0.0,0.5,0.0,0.0,0.0,0.0,0.5,0.5,0.0,0.0,False,Qwen/Qwen2.5-Coder-32B-Instruct-AWQ,None
1182,Bar,Easy,5.8508,11.7016,2,0.0,0.0,0.0,0.0,1.0,0.0,0.0,0.0,0.0,1.0,0.0,,0.0,False,Qwen/Qwen2.5-Coder-32B-Instruct-AWQ,None
1182,Bar,Easy,5.8508,11.7016,2,0.0,0.0,0.0,0.0,1.0,0.0,0.0,0.0,0.0,1.0,0.0,,0.0,False,Qwen/Qwen2.5-Coder-32B-Instruct-AWQ,None
1182,Bar,Easy,5.8508,11.7016,2,0.0,0.0,0.0,0.0,1.0,0.0,0.0,0.0,0.0,1.0,0.0,,0.0,False,Qwen/Qwen2.5-Coder-32B-Instruct-AWQ,None
1187,Bar,Medium,10.9019,21.8037,2,0.0,0.0,0.0,0.0,1.0,0.0,0.0,0.0,0.0,1.0,0.0,,0.0,True,Qwen/Qwen2.5-Coder-32B-Instruct-AWQ,None
1187,Bar,Medium,10.9019,21.8037,2,0.0,0.0,0.0,0.0,1.0,0.0,0.0,0.0,0.0,1.0,0.0,,0.0,True,Qwen/Qwen2.5-Coder-32B-Instruct-AWQ,None
1187,Bar,Medium,10.9019,21.8037,2,0.0,0.0,0.0,0.0,1.0,0.0,0.0,0.0,0.0,1.0,0.0,,0.0,True,Qwen/Qwen2.5-Coder-32B-Instruct-AWQ,None
1188,Bar,Medium,27.1532,54.3063,2,0.5,0.0,0.0,0.0,0.5,0.0,0.0,0.0,0.5,0.5,0.0,,0.0,True,Qwen/Qwen2.5-Coder-32B-Instruct-AWQ,None
1188,Bar,Medium,27.1532,54.3063,2,0.5,0.0,0.0,0.0,0.5,0.0,0.0,0.0,0.5,0.5,0.0,,0.0,True,Qwen/Qwen2.5-Coder-32B-Instruct-AWQ,None
1188,Bar,Medium,27.1532,54.3063,2,0.5,0.0,0.0,0.0,0.5,0.0,0.0,0.0,0.5,0.5,0.0,,0.0,True,Qwen/Qwen2.5-Coder-32B-Instruct-AWQ,None
1192,Line,Medium,10.9293,21.8585,2,0.0,0.0,0.0,0.0,1.0,0.0,0.0,0.0,0.0,1.0,0.0,,0.0,True,Qwen/Qwen2.5-Coder-32B-Instruct-AWQ,None
1192,Line,Medium,10.9293,21.8585,2,0.0,0.0,0.0,0.0,1.0,0.0,0.0,0.0,0.0,1.0,0.0,,0.0,True,Qwen/Qwen2.5-Coder-32B-Instruct-AWQ,None
1192,Line,Medium,10.9293,21.8585,2,0.0,0.0,0.0,0.0,1.0,0.0,0.0,0.0,0.0,1.0,0.0,,0.0,True,Qwen/Qwen2.5-Coder-32B-Instruct-AWQ,None
1198,Pie,Medium,33.1877,99.563,3,0.3333333333333333,0.0,0.0,0.0,0.0,0.0,0.0,0.0,0.3333333333333333,0.0,0.6666666666666666,0.0,0.0,True,Qwen/Qwen2.5-Coder-32B-Instruct-AWQ,None
1198,Pie,Medium,33.1877,99.563,3,0.3333333333333333,0.0,0.0,0.0,0.0,0.0,0.0,0.0,0.3333333333333333,0.0,0.6666666666666666,0.0,0.0,True,Qwen/Qwen2.5-Coder-32B-Instruct-AWQ,None
1198,Pie,Medium,33.1877,99.563,3,0.3333333333333333,0.0,0.0,0.0,0.0,0.0,0.0,0.0,0.3333333333333333,0.0,0.6666666666666666,0.0,0.0,True,Qwen/Qwen2.5-Coder-32B-Instruct-AWQ,None
1204,Bar,Medium,10.888,21.7759,2,0.0,0.0,0.0,0.0,0.0,0.0,0.0,0.0,0.0,0.0,1.0,0.0,0.0,True,Qwen/Qwen2.5-Coder-32B-Instruct-AWQ,None
1204,Bar,Medium,10.888,21.7759,2,0.0,0.0,0.0,0.0,0.0,0.0,0.0,0.0,0.0,0.0,1.0,0.0,0.0,True,Qwen/Qwen2.5-Coder-32B-Instruct-AWQ,None
1204,Bar,Medium,10.888,21.7759,2,0.0,0.0,0.0,0.0,0.0,0.0,0.0,0.0,0.0,0.0,1.0,0.0,0.0,True,Qwen/Qwen2.5-Coder-32B-Instruct-AWQ,None
1211,Bar,Easy,8.0286,24.0858,3,0.0,0.0,0.0,0.0,0.0,0.0,0.0,0.0,0.0,0.0,1.0,0.0,0.0,False,Qwen/Qwen2.5-Coder-32B-Instruct-AWQ,None
1211,Bar,Easy,8.0286,24.0858,3,0.0,0.0,0.0,0.0,0.0,0.0,0.0,0.0,0.0,0.0,1.0,0.0,0.0,False,Qwen/Qwen2.5-Coder-32B-Instruct-AWQ,None
1211,Bar,Easy,8.0286,24.0858,3,0.0,0.0,0.0,0.0,0.0,0.0,0.0,0.0,0.0,0.0,1.0,0.0,0.0,False,Qwen/Qwen2.5-Coder-32B-Instruct-AWQ,None
1213,Pie,Easy,21.6285,64.8855,3,0.3333333333333333,0.0,0.0,0.0,0.0,0.0,0.0,0.0,0.3333333333333333,0.0,0.6666666666666666,0.0,0.0,False,Qwen/Qwen2.5-Coder-32B-Instruct-AWQ,None
1213,Pie,Easy,21.6285,64.8855,3,0.3333333333333333,0.0,0.0,0.0,0.0,0.0,0.0,0.0,0.3333333333333333,0.0,0.6666666666666666,0.0,0.0,False,Qwen/Qwen2.5-Coder-32B-Instruct-AWQ,None
1213,Pie,Easy,21.6285,64.8855,3,0.3333333333333333,0.0,0.0,0.0,0.0,0.0,0.0,0.0,0.3333333333333333,0.0,0.6666666666666666,0.0,0.0,False,Qwen/Qwen2.5-Coder-32B-Instruct-AWQ,None
1214,Grouping Scatter,Medium,8.6061,8.6061,1,0.0,0.0,0.0,0.0,0.0,0.0,0.0,0.0,0.0,0.0,1.0,0.0,0.0,False,Qwen/Qwen2.5-Coder-32B-Instruct-AWQ,None
1214,Grouping Scatter,Medium,8.6061,8.6061,1,0.0,0.0,0.0,0.0,0.0,0.0,0.0,0.0,0.0,0.0,1.0,0.0,0.0,False,Qwen/Qwen2.5-Coder-32B-Instruct-AWQ,None
1214,Grouping Scatter,Medium,8.6061,8.6061,1,0.0,0.0,0.0,0.0,0.0,0.0,0.0,0.0,0.0,0.0,1.0,0.0,0.0,False,Qwen/Qwen2.5-Coder-32B-Instruct-AWQ,None
1216,Pie,Hard,38.8499,155.3996,4,0.25,0.0,0.0,0.0,0.25,0.0,0.0,0.0,0.25,0.25,0.5,0.0,0.0,True,Qwen/Qwen2.5-Coder-32B-Instruct-AWQ,None
1216,Pie,Hard,38.8499,155.3996,4,0.25,0.0,0.0,0.0,0.25,0.0,0.0,0.0,0.25,0.25,0.5,0.0,0.0,True,Qwen/Qwen2.5-Coder-32B-Instruct-AWQ,None
1216,Pie,Hard,38.8499,155.3996,4,0.25,0.0,0.0,0.0,0.25,0.0,0.0,0.0,0.25,0.25,0.5,0.0,0.0,True,Qwen/Qwen2.5-Coder-32B-Instruct-AWQ,None
1223,Pie,Hard,15.8309,31.6617,2,0.0,0.0,0.0,0.0,0.0,0.0,0.0,0.0,0.0,0.0,1.0,0.0,0.0,True,Qwen/Qwen2.5-Coder-32B-Instruct-AWQ,None
1223,Pie,Hard,15.8309,31.6617,2,0.0,0.0,0.0,0.0,0.0,0.0,0.0,0.0,0.0,0.0,1.0,0.0,0.0,True,Qwen/Qwen2.5-Coder-32B-Instruct-AWQ,None
1223,Pie,Hard,15.8309,31.6617,2,0.0,0.0,0.0,0.0,0.0,0.0,0.0,0.0,0.0,0.0,1.0,0.0,0.0,True,Qwen/Qwen2.5-Coder-32B-Instruct-AWQ,None
1229,Bar,Easy,5.0472,5.0472,1,0.0,0.0,0.0,0.0,0.0,0.0,0.0,0.0,0.0,0.0,1.0,0.0,0.0,False,Qwen/Qwen2.5-Coder-32B-Instruct-AWQ,None
1229,Bar,Easy,5.0472,5.0472,1,0.0,0.0,0.0,0.0,0.0,0.0,0.0,0.0,0.0,0.0,1.0,0.0,0.0,False,Qwen/Qwen2.5-Coder-32B-Instruct-AWQ,None
1229,Bar,Easy,5.0472,5.0472,1,0.0,0.0,0.0,0.0,0.0,0.0,0.0,0.0,0.0,0.0,1.0,0.0,0.0,False,Qwen/Qwen2.5-Coder-32B-Instruct-AWQ,None
1232,Bar,Easy,7.8397,23.519,3,0.0,0.0,0.0,0.0,0.0,0.0,0.0,0.0,0.0,0.0,1.0,0.0,0.0,False,Qwen/Qwen2.5-Coder-32B-Instruct-AWQ,None
1232,Bar,Easy,7.8397,23.519,3,0.0,0.0,0.0,0.0,0.0,0.0,0.0,0.0,0.0,0.0,1.0,0.0,0.0,False,Qwen/Qwen2.5-Coder-32B-Instruct-AWQ,None
1232,Bar,Easy,7.8397,23.519,3,0.0,0.0,0.0,0.0,0.0,0.0,0.0,0.0,0.0,0.0,1.0,0.0,0.0,False,Qwen/Qwen2.5-Coder-32B-Instruct-AWQ,None
1233,Bar,Easy,7.0528,35.2639,5,0.0,0.0,0.0,0.0,0.0,0.0,0.0,0.0,0.0,0.0,1.0,0.0,0.0,False,Qwen/Qwen2.5-Coder-32B-Instruct-AWQ,None
1233,Bar,Easy,7.0528,35.2639,5,0.0,0.0,0.0,0.0,0.0,0.0,0.0,0.0,0.0,0.0,1.0,0.0,0.0,False,Qwen/Qwen2.5-Coder-32B-Instruct-AWQ,None
1233,Bar,Easy,7.0528,35.2639,5,0.0,0.0,0.0,0.0,0.0,0.0,0.0,0.0,0.0,0.0,1.0,0.0,0.0,False,Qwen/Qwen2.5-Coder-32B-Instruct-AWQ,None
1234,Pie,Medium,8.0682,24.2047,3,0.0,0.0,0.0,0.0,0.0,0.0,0.0,0.0,0.0,0.0,1.0,0.0,0.0,False,Qwen/Qwen2.5-Coder-32B-Instruct-AWQ,None
1234,Pie,Medium,8.0682,24.2047,3,0.0,0.0,0.0,0.0,0.0,0.0,0.0,0.0,0.0,0.0,1.0,0.0,0.0,False,Qwen/Qwen2.5-Coder-32B-Instruct-AWQ,None
1234,Pie,Medium,8.0682,24.2047,3,0.0,0.0,0.0,0.0,0.0,0.0,0.0,0.0,0.0,0.0,1.0,0.0,0.0,False,Qwen/Qwen2.5-Coder-32B-Instruct-AWQ,None
1236,Pie,Easy,6.8973,13.7947,2,0.0,0.0,0.0,0.0,0.0,0.0,0.0,0.0,0.0,0.0,1.0,0.0,0.0,False,Qwen/Qwen2.5-Coder-32B-Instruct-AWQ,None
1236,Pie,Easy,6.8973,13.7947,2,0.0,0.0,0.0,0.0,0.0,0.0,0.0,0.0,0.0,0.0,1.0,0.0,0.0,False,Qwen/Qwen2.5-Coder-32B-Instruct-AWQ,None
1236,Pie,Easy,6.8973,13.7947,2,0.0,0.0,0.0,0.0,0.0,0.0,0.0,0.0,0.0,0.0,1.0,0.0,0.0,False,Qwen/Qwen2.5-Coder-32B-Instruct-AWQ,None
1241,Grouping Scatter,Easy,6.8173,13.6346,2,0.0,0.0,0.0,0.0,0.0,0.0,0.0,0.0,0.0,0.0,1.0,0.0,0.0,False,Qwen/Qwen2.5-Coder-32B-Instruct-AWQ,None
1241,Grouping Scatter,Easy,6.8173,13.6346,2,0.0,0.0,0.0,0.0,0.0,0.0,0.0,0.0,0.0,0.0,1.0,0.0,0.0,False,Qwen/Qwen2.5-Coder-32B-Instruct-AWQ,None
1241,Grouping Scatter,Easy,6.8173,13.6346,2,0.0,0.0,0.0,0.0,0.0,0.0,0.0,0.0,0.0,0.0,1.0,0.0,0.0,False,Qwen/Qwen2.5-Coder-32B-Instruct-AWQ,None
1274,Pie,Medium,5.4016,5.4016,1,0.0,0.0,0.0,0.0,0.0,0.0,0.0,0.0,0.0,0.0,1.0,0.0,0.0,False,Qwen/Qwen2.5-Coder-32B-Instruct-AWQ,None
1274,Pie,Medium,5.4016,5.4016,1,0.0,0.0,0.0,0.0,0.0,0.0,0.0,0.0,0.0,0.0,1.0,0.0,0.0,False,Qwen/Qwen2.5-Coder-32B-Instruct-AWQ,None
1274,Pie,Medium,5.4016,5.4016,1,0.0,0.0,0.0,0.0,0.0,0.0,0.0,0.0,0.0,0.0,1.0,0.0,0.0,False,Qwen/Qwen2.5-Coder-32B-Instruct-AWQ,None
1275,Bar,Medium,5.6871,11.3742,2,0.0,0.0,0.0,0.0,0.0,0.0,0.0,0.0,0.0,0.0,1.0,0.0,0.0,False,Qwen/Qwen2.5-Coder-32B-Instruct-AWQ,None
1275,Bar,Medium,5.6871,11.3742,2,0.0,0.0,0.0,0.0,0.0,0.0,0.0,0.0,0.0,0.0,1.0,0.0,0.0,False,Qwen/Qwen2.5-Coder-32B-Instruct-AWQ,None
1275,Bar,Medium,5.6871,11.3742,2,0.0,0.0,0.0,0.0,0.0,0.0,0.0,0.0,0.0,0.0,1.0,0.0,0.0,False,Qwen/Qwen2.5-Coder-32B-Instruct-AWQ,None
1277,Pie,Medium,25.2915,50.5829,2,0.5,0.0,0.0,0.0,0.0,0.0,0.0,0.0,0.5,0.0,0.5,0.0,0.0,True,Qwen/Qwen2.5-Coder-32B-Instruct-AWQ,None
1277,Pie,Medium,25.2915,50.5829,2,0.5,0.0,0.0,0.0,0.0,0.0,0.0,0.0,0.5,0.0,0.5,0.0,0.0,True,Qwen/Qwen2.5-Coder-32B-Instruct-AWQ,None
1277,Pie,Medium,25.2915,50.5829,2,0.5,0.0,0.0,0.0,0.0,0.0,0.0,0.0,0.5,0.0,0.5,0.0,0.0,True,Qwen/Qwen2.5-Coder-32B-Instruct-AWQ,None
1285,Line,Medium,8.7537,8.7537,1,0.0,0.0,0.0,0.0,0.0,0.0,0.0,0.0,0.0,0.0,1.0,0.0,0.0,False,Qwen/Qwen2.5-Coder-32B-Instruct-AWQ,None
1285,Line,Medium,8.7537,8.7537,1,0.0,0.0,0.0,0.0,0.0,0.0,0.0,0.0,0.0,0.0,1.0,0.0,0.0,False,Qwen/Qwen2.5-Coder-32B-Instruct-AWQ,None
1285,Line,Medium,8.7537,8.7537,1,0.0,0.0,0.0,0.0,0.0,0.0,0.0,0.0,0.0,0.0,1.0,0.0,0.0,False,Qwen/Qwen2.5-Coder-32B-Instruct-AWQ,None
1288,Pie,Medium,24.1929,48.3857,2,0.5,0.0,0.0,0.0,0.0,0.0,0.0,0.0,0.5,0.0,0.5,0.0,0.0,True,Qwen/Qwen2.5-Coder-32B-Instruct-AWQ,None
1288,Pie,Medium,24.1929,48.3857,2,0.5,0.0,0.0,0.0,0.0,0.0,0.0,0.0,0.5,0.0,0.5,0.0,0.0,True,Qwen/Qwen2.5-Coder-32B-Instruct-AWQ,None
1288,Pie,Medium,24.1929,48.3857,2,0.5,0.0,0.0,0.0,0.0,0.0,0.0,0.0,0.5,0.0,0.5,0.0,0.0,True,Qwen/Qwen2.5-Coder-32B-Instruct-AWQ,None
1296,Bar,Easy,46.5955,93.1911,2,0.5,0.0,0.0,0.0,0.0,0.0,0.0,0.0,0.5,0.0,0.5,0.0,0.0,False,Qwen/Qwen2.5-Coder-32B-Instruct-AWQ,None
1296,Bar,Easy,46.5955,93.1911,2,0.5,0.0,0.0,0.0,0.0,0.0,0.0,0.0,0.5,0.0,0.5,0.0,0.0,False,Qwen/Qwen2.5-Coder-32B-Instruct-AWQ,None
1296,Bar,Easy,46.5955,93.1911,2,0.5,0.0,0.0,0.0,0.0,0.0,0.0,0.0,0.5,0.0,0.5,0.0,0.0,False,Qwen/Qwen2.5-Coder-32B-Instruct-AWQ,None
1297,Bar,Easy,6.0274,12.0548,2,0.0,0.0,0.0,0.0,0.0,0.0,0.0,0.0,0.0,0.0,1.0,0.0,0.0,False,Qwen/Qwen2.5-Coder-32B-Instruct-AWQ,None
1297,Bar,Easy,6.0274,12.0548,2,0.0,0.0,0.0,0.0,0.0,0.0,0.0,0.0,0.0,0.0,1.0,0.0,0.0,False,Qwen/Qwen2.5-Coder-32B-Instruct-AWQ,None
1297,Bar,Easy,6.0274,12.0548,2,0.0,0.0,0.0,0.0,0.0,0.0,0.0,0.0,0.0,0.0,1.0,0.0,0.0,False,Qwen/Qwen2.5-Coder-32B-Instruct-AWQ,None
1303,Pie,Easy,6.5437,19.631,3,0.0,0.0,0.0,0.0,0.0,0.0,0.0,0.0,0.0,0.0,1.0,0.0,0.0,False,Qwen/Qwen2.5-Coder-32B-Instruct-AWQ,None
1303,Pie,Easy,6.5437,19.631,3,0.0,0.0,0.0,0.0,0.0,0.0,0.0,0.0,0.0,0.0,1.0,0.0,0.0,False,Qwen/Qwen2.5-Coder-32B-Instruct-AWQ,None
1303,Pie,Easy,6.5437,19.631,3,0.0,0.0,0.0,0.0,0.0,0.0,0.0,0.0,0.0,0.0,1.0,0.0,0.0,False,Qwen/Qwen2.5-Coder-32B-Instruct-AWQ,None
1309,Pie,Medium,11.7129,11.7129,1,0.0,0.0,0.0,0.0,0.0,0.0,0.0,0.0,0.0,0.0,1.0,0.0,0.0,True,Qwen/Qwen2.5-Coder-32B-Instruct-AWQ,None
1309,Pie,Medium,11.7129,11.7129,1,0.0,0.0,0.0,0.0,0.0,0.0,0.0,0.0,0.0,0.0,1.0,0.0,0.0,True,Qwen/Qwen2.5-Coder-32B-Instruct-AWQ,None
1309,Pie,Medium,11.7129,11.7129,1,0.0,0.0,0.0,0.0,0.0,0.0,0.0,0.0,0.0,0.0,1.0,0.0,0.0,True,Qwen/Qwen2.5-Coder-32B-Instruct-AWQ,None
1310,Pie,Medium,11.4823,22.9646,2,0.0,0.0,0.0,0.0,0.5,0.0,0.0,0.0,0.0,0.5,0.5,0.0,0.0,True,Qwen/Qwen2.5-Coder-32B-Instruct-AWQ,None
1310,Pie,Medium,11.4823,22.9646,2,0.0,0.0,0.0,0.0,0.5,0.0,0.0,0.0,0.0,0.5,0.5,0.0,0.0,True,Qwen/Qwen2.5-Coder-32B-Instruct-AWQ,None
1310,Pie,Medium,11.4823,22.9646,2,0.0,0.0,0.0,0.0,0.5,0.0,0.0,0.0,0.0,0.5,0.5,0.0,0.0,True,Qwen/Qwen2.5-Coder-32B-Instruct-AWQ,None
1314,Pie,Medium,23.7505,23.7505,1,0.0,0.0,0.0,1.0,1.0,0.0,0.0,0.0,0.0,1.0,0.0,,0.0,True,Qwen/Qwen2.5-Coder-32B-Instruct-AWQ,None
1314,Pie,Medium,23.7505,23.7505,1,0.0,0.0,0.0,1.0,1.0,0.0,0.0,0.0,0.0,1.0,0.0,,0.0,True,Qwen/Qwen2.5-Coder-32B-Instruct-AWQ,None
1314,Pie,Medium,23.7505,23.7505,1,0.0,0.0,0.0,1.0,1.0,0.0,0.0,0.0,0.0,1.0,0.0,,0.0,True,Qwen/Qwen2.5-Coder-32B-Instruct-AWQ,None
1316,Pie,Hard,14.3766,28.7531,2,0.0,0.0,0.0,0.0,0.5,0.0,0.0,0.0,0.0,0.5,0.5,0.0,0.0,True,Qwen/Qwen2.5-Coder-32B-Instruct-AWQ,None
1316,Pie,Hard,14.3766,28.7531,2,0.0,0.0,0.0,0.0,0.5,0.0,0.0,0.0,0.0,0.5,0.5,0.0,0.0,True,Qwen/Qwen2.5-Coder-32B-Instruct-AWQ,None
1316,Pie,Hard,14.3766,28.7531,2,0.0,0.0,0.0,0.0,0.5,0.0,0.0,0.0,0.0,0.5,0.5,0.0,0.0,True,Qwen/Qwen2.5-Coder-32B-Instruct-AWQ,None
1317,Bar,Hard,14.2667,28.5334,2,0.0,0.0,0.0,0.0,0.0,0.0,0.0,0.0,0.0,0.0,1.0,0.0,0.0,True,Qwen/Qwen2.5-Coder-32B-Instruct-AWQ,None
1317,Bar,Hard,14.2667,28.5334,2,0.0,0.0,0.0,0.0,0.0,0.0,0.0,0.0,0.0,0.0,1.0,0.0,0.0,True,Qwen/Qwen2.5-Coder-32B-Instruct-AWQ,None
1317,Bar,Hard,14.2667,28.5334,2,0.0,0.0,0.0,0.0,0.0,0.0,0.0,0.0,0.0,0.0,1.0,0.0,0.0,True,Qwen/Qwen2.5-Coder-32B-Instruct-AWQ,None
1318,Pie,Hard,11.5767,11.5767,1,0.0,0.0,0.0,0.0,0.0,0.0,0.0,0.0,0.0,0.0,1.0,0.0,0.0,True,Qwen/Qwen2.5-Coder-32B-Instruct-AWQ,None
1318,Pie,Hard,11.5767,11.5767,1,0.0,0.0,0.0,0.0,0.0,0.0,0.0,0.0,0.0,0.0,1.0,0.0,0.0,True,Qwen/Qwen2.5-Coder-32B-Instruct-AWQ,None
1318,Pie,Hard,11.5767,11.5767,1,0.0,0.0,0.0,0.0,0.0,0.0,0.0,0.0,0.0,0.0,1.0,0.0,0.0,True,Qwen/Qwen2.5-Coder-32B-Instruct-AWQ,None
1319,Bar,Hard,11.6037,11.6037,1,0.0,0.0,0.0,0.0,0.0,0.0,0.0,0.0,0.0,0.0,1.0,0.0,0.0,True,Qwen/Qwen2.5-Coder-32B-Instruct-AWQ,None
1319,Bar,Hard,11.6037,11.6037,1,0.0,0.0,0.0,0.0,0.0,0.0,0.0,0.0,0.0,0.0,1.0,0.0,0.0,True,Qwen/Qwen2.5-Coder-32B-Instruct-AWQ,None
1319,Bar,Hard,11.6037,11.6037,1,0.0,0.0,0.0,0.0,0.0,0.0,0.0,0.0,0.0,0.0,1.0,0.0,0.0,True,Qwen/Qwen2.5-Coder-32B-Instruct-AWQ,None
1325,Pie,Easy,7.2777,14.5555,2,0.0,0.0,0.0,0.0,0.0,0.0,0.0,0.0,0.0,0.0,1.0,0.0,0.0,False,Qwen/Qwen2.5-Coder-32B-Instruct-AWQ,None
1325,Pie,Easy,7.2777,14.5555,2,0.0,0.0,0.0,0.0,0.0,0.0,0.0,0.0,0.0,0.0,1.0,0.0,0.0,False,Qwen/Qwen2.5-Coder-32B-Instruct-AWQ,None
1325,Pie,Easy,7.2777,14.5555,2,0.0,0.0,0.0,0.0,0.0,0.0,0.0,0.0,0.0,0.0,1.0,0.0,0.0,False,Qwen/Qwen2.5-Coder-32B-Instruct-AWQ,None
1326,Bar,Easy,6.4432,12.8864,2,0.0,0.0,0.0,0.0,0.0,0.0,0.0,0.0,0.0,0.0,1.0,0.0,0.0,False,Qwen/Qwen2.5-Coder-32B-Instruct-AWQ,None
1326,Bar,Easy,6.4432,12.8864,2,0.0,0.0,0.0,0.0,0.0,0.0,0.0,0.0,0.0,0.0,1.0,0.0,0.0,False,Qwen/Qwen2.5-Coder-32B-Instruct-AWQ,None
1326,Bar,Easy,6.4432,12.8864,2,0.0,0.0,0.0,0.0,0.0,0.0,0.0,0.0,0.0,0.0,1.0,0.0,0.0,False,Qwen/Qwen2.5-Coder-32B-Instruct-AWQ,None
1354,Pie,Easy,5.5058,22.0231,4,0.0,0.0,0.0,0.0,0.0,0.0,0.0,0.0,0.0,0.0,1.0,0.0,0.0,False,Qwen/Qwen2.5-Coder-32B-Instruct-AWQ,None
1354,Pie,Easy,5.5058,22.0231,4,0.0,0.0,0.0,0.0,0.0,0.0,0.0,0.0,0.0,0.0,1.0,0.0,0.0,False,Qwen/Qwen2.5-Coder-32B-Instruct-AWQ,None
1354,Pie,Easy,5.5058,22.0231,4,0.0,0.0,0.0,0.0,0.0,0.0,0.0,0.0,0.0,0.0,1.0,0.0,0.0,False,Qwen/Qwen2.5-Coder-32B-Instruct-AWQ,None
1363,Bar,Easy,5.7999,23.1995,4,0.0,0.0,0.0,0.0,0.0,0.0,0.0,0.0,0.0,0.0,1.0,0.0,0.0,False,Qwen/Qwen2.5-Coder-32B-Instruct-AWQ,None
1363,Bar,Easy,5.7999,23.1995,4,0.0,0.0,0.0,0.0,0.0,0.0,0.0,0.0,0.0,0.0,1.0,0.0,0.0,False,Qwen/Qwen2.5-Coder-32B-Instruct-AWQ,None
1363,Bar,Easy,5.7999,23.1995,4,0.0,0.0,0.0,0.0,0.0,0.0,0.0,0.0,0.0,0.0,1.0,0.0,0.0,False,Qwen/Qwen2.5-Coder-32B-Instruct-AWQ,None
1376,Pie,Medium,38.6216,38.6216,1,1.0,0.0,0.0,0.0,0.0,0.0,0.0,0.0,1.0,0.0,0.0,,0.0,True,Qwen/Qwen2.5-Coder-32B-Instruct-AWQ,None
1376,Pie,Medium,38.6216,38.6216,1,1.0,0.0,0.0,0.0,0.0,0.0,0.0,0.0,1.0,0.0,0.0,,0.0,True,Qwen/Qwen2.5-Coder-32B-Instruct-AWQ,None
1376,Pie,Medium,38.6216,38.6216,1,1.0,0.0,0.0,0.0,0.0,0.0,0.0,0.0,1.0,0.0,0.0,,0.0,True,Qwen/Qwen2.5-Coder-32B-Instruct-AWQ,None
1377,Bar,Medium,9.665,9.665,1,0.0,0.0,0.0,0.0,0.0,0.0,0.0,0.0,0.0,0.0,1.0,0.0,0.0,True,Qwen/Qwen2.5-Coder-32B-Instruct-AWQ,None
1377,Bar,Medium,9.665,9.665,1,0.0,0.0,0.0,0.0,0.0,0.0,0.0,0.0,0.0,0.0,1.0,0.0,0.0,True,Qwen/Qwen2.5-Coder-32B-Instruct-AWQ,None
1377,Bar,Medium,9.665,9.665,1,0.0,0.0,0.0,0.0,0.0,0.0,0.0,0.0,0.0,0.0,1.0,0.0,0.0,True,Qwen/Qwen2.5-Coder-32B-Instruct-AWQ,None
1379,Pie,Medium,11.2746,11.2746,1,0.0,0.0,0.0,0.0,0.0,0.0,0.0,0.0,0.0,0.0,1.0,0.0,0.0,True,Qwen/Qwen2.5-Coder-32B-Instruct-AWQ,None
1379,Pie,Medium,11.2746,11.2746,1,0.0,0.0,0.0,0.0,0.0,0.0,0.0,0.0,0.0,0.0,1.0,0.0,0.0,True,Qwen/Qwen2.5-Coder-32B-Instruct-AWQ,None
1379,Pie,Medium,11.2746,11.2746,1,0.0,0.0,0.0,0.0,0.0,0.0,0.0,0.0,0.0,0.0,1.0,0.0,0.0,True,Qwen/Qwen2.5-Coder-32B-Instruct-AWQ,None
1381,Pie,Medium,9.9392,9.9392,1,0.0,0.0,0.0,0.0,0.0,0.0,0.0,0.0,0.0,0.0,1.0,0.0,0.0,True,Qwen/Qwen2.5-Coder-32B-Instruct-AWQ,None
1381,Pie,Medium,9.9392,9.9392,1,0.0,0.0,0.0,0.0,0.0,0.0,0.0,0.0,0.0,0.0,1.0,0.0,0.0,True,Qwen/Qwen2.5-Coder-32B-Instruct-AWQ,None
1381,Pie,Medium,9.9392,9.9392,1,0.0,0.0,0.0,0.0,0.0,0.0,0.0,0.0,0.0,0.0,1.0,0.0,0.0,True,Qwen/Qwen2.5-Coder-32B-Instruct-AWQ,None
1383,Pie,Easy,6.3524,6.3524,1,0.0,0.0,0.0,0.0,0.0,0.0,0.0,0.0,0.0,0.0,1.0,0.0,0.0,False,Qwen/Qwen2.5-Coder-32B-Instruct-AWQ,None
1383,Pie,Easy,6.3524,6.3524,1,0.0,0.0,0.0,0.0,0.0,0.0,0.0,0.0,0.0,0.0,1.0,0.0,0.0,False,Qwen/Qwen2.5-Coder-32B-Instruct-AWQ,None
1383,Pie,Easy,6.3524,6.3524,1,0.0,0.0,0.0,0.0,0.0,0.0,0.0,0.0,0.0,0.0,1.0,0.0,0.0,False,Qwen/Qwen2.5-Coder-32B-Instruct-AWQ,None
1389,Pie,Medium,30.9646,61.9292,2,0.5,0.0,0.0,0.0,0.0,0.0,0.0,0.0,0.5,0.0,0.5,0.0,0.0,True,Qwen/Qwen2.5-Coder-32B-Instruct-AWQ,None
1389,Pie,Medium,30.9646,61.9292,2,0.5,0.0,0.0,0.0,0.0,0.0,0.0,0.0,0.5,0.0,0.5,0.0,0.0,True,Qwen/Qwen2.5-Coder-32B-Instruct-AWQ,None
1389,Pie,Medium,30.9646,61.9292,2,0.5,0.0,0.0,0.0,0.0,0.0,0.0,0.0,0.5,0.0,0.5,0.0,0.0,True,Qwen/Qwen2.5-Coder-32B-Instruct-AWQ,None
1392,Bar,Medium,5.957,11.9139,2,0.0,0.0,0.0,0.0,0.0,0.0,0.0,0.0,0.0,0.0,1.0,0.0,0.0,True,Qwen/Qwen2.5-Coder-32B-Instruct-AWQ,None
1392,Bar,Medium,5.957,11.9139,2,0.0,0.0,0.0,0.0,0.0,0.0,0.0,0.0,0.0,0.0,1.0,0.0,0.0,True,Qwen/Qwen2.5-Coder-32B-Instruct-AWQ,None
1392,Bar,Medium,5.957,11.9139,2,0.0,0.0,0.0,0.0,0.0,0.0,0.0,0.0,0.0,0.0,1.0,0.0,0.0,True,Qwen/Qwen2.5-Coder-32B-Instruct-AWQ,None
1395,Pie,Medium,5.2926,10.5852,2,0.0,0.0,0.0,0.0,1.0,0.0,0.0,0.0,0.0,1.0,0.0,,0.0,True,Qwen/Qwen2.5-Coder-32B-Instruct-AWQ,None
1395,Pie,Medium,5.2926,10.5852,2,0.0,0.0,0.0,0.0,1.0,0.0,0.0,0.0,0.0,1.0,0.0,,0.0,True,Qwen/Qwen2.5-Coder-32B-Instruct-AWQ,None
1395,Pie,Medium,5.2926,10.5852,2,0.0,0.0,0.0,0.0,1.0,0.0,0.0,0.0,0.0,1.0,0.0,,0.0,True,Qwen/Qwen2.5-Coder-32B-Instruct-AWQ,None
1398,Scatter,Easy,7.9438,47.6626,6,0.0,0.0,0.0,0.0,0.0,0.0,0.0,0.0,0.0,0.0,1.0,0.0,0.0,False,Qwen/Qwen2.5-Coder-32B-Instruct-AWQ,None
1398,Scatter,Easy,7.9438,47.6626,6,0.0,0.0,0.0,0.0,0.0,0.0,0.0,0.0,0.0,0.0,1.0,0.0,0.0,False,Qwen/Qwen2.5-Coder-32B-Instruct-AWQ,None
1398,Scatter,Easy,7.9438,47.6626,6,0.0,0.0,0.0,0.0,0.0,0.0,0.0,0.0,0.0,0.0,1.0,0.0,0.0,False,Qwen/Qwen2.5-Coder-32B-Instruct-AWQ,None
1400,Pie,Easy,6.0523,24.2092,4,0.0,0.0,0.0,0.0,0.0,0.0,0.0,0.0,0.0,0.0,1.0,0.0,0.0,False,Qwen/Qwen2.5-Coder-32B-Instruct-AWQ,None
1400,Pie,Easy,6.0523,24.2092,4,0.0,0.0,0.0,0.0,0.0,0.0,0.0,0.0,0.0,0.0,1.0,0.0,0.0,False,Qwen/Qwen2.5-Coder-32B-Instruct-AWQ,None
1400,Pie,Easy,6.0523,24.2092,4,0.0,0.0,0.0,0.0,0.0,0.0,0.0,0.0,0.0,0.0,1.0,0.0,0.0,False,Qwen/Qwen2.5-Coder-32B-Instruct-AWQ,None
1408,Bar,Easy,5.8757,35.2539,6,0.0,0.0,0.0,0.0,0.0,0.0,0.0,0.0,0.0,0.0,1.0,0.0,0.0,False,Qwen/Qwen2.5-Coder-32B-Instruct-AWQ,None
1408,Bar,Easy,5.8757,35.2539,6,0.0,0.0,0.0,0.0,0.0,0.0,0.0,0.0,0.0,0.0,1.0,0.0,0.0,False,Qwen/Qwen2.5-Coder-32B-Instruct-AWQ,None
1408,Bar,Easy,5.8757,35.2539,6,0.0,0.0,0.0,0.0,0.0,0.0,0.0,0.0,0.0,0.0,1.0,0.0,0.0,False,Qwen/Qwen2.5-Coder-32B-Instruct-AWQ,None
1411,Bar,Easy,4.9328,19.7313,4,0.0,0.0,0.0,0.0,0.0,0.0,0.0,0.0,0.0,0.0,1.0,0.0,0.0,False,Qwen/Qwen2.5-Coder-32B-Instruct-AWQ,None
1411,Bar,Easy,4.9328,19.7313,4,0.0,0.0,0.0,0.0,0.0,0.0,0.0,0.0,0.0,0.0,1.0,0.0,0.0,False,Qwen/Qwen2.5-Coder-32B-Instruct-AWQ,None
1411,Bar,Easy,4.9328,19.7313,4,0.0,0.0,0.0,0.0,0.0,0.0,0.0,0.0,0.0,0.0,1.0,0.0,0.0,False,Qwen/Qwen2.5-Coder-32B-Instruct-AWQ,None
1434,Pie,Hard,41.811,167.2438,4,0.5,0.0,0.0,0.0,0.5,0.0,0.0,0.0,0.5,0.5,0.0,,0.0,True,Qwen/Qwen2.5-Coder-32B-Instruct-AWQ,None
1434,Pie,Hard,41.811,167.2438,4,0.5,0.0,0.0,0.0,0.5,0.0,0.0,0.0,0.5,0.5,0.0,,0.0,True,Qwen/Qwen2.5-Coder-32B-Instruct-AWQ,None
1434,Pie,Hard,41.811,167.2438,4,0.5,0.0,0.0,0.0,0.5,0.0,0.0,0.0,0.5,0.5,0.0,,0.0,True,Qwen/Qwen2.5-Coder-32B-Instruct-AWQ,None
1435,Bar,Hard,12.5217,50.0869,4,0.0,0.0,0.0,0.0,0.5,0.0,0.0,0.0,0.0,0.5,0.5,0.0,0.0,True,Qwen/Qwen2.5-Coder-32B-Instruct-AWQ,None
1435,Bar,Hard,12.5217,50.0869,4,0.0,0.0,0.0,0.0,0.5,0.0,0.0,0.0,0.0,0.5,0.5,0.0,0.0,True,Qwen/Qwen2.5-Coder-32B-Instruct-AWQ,None
1435,Bar,Hard,12.5217,50.0869,4,0.0,0.0,0.0,0.0,0.5,0.0,0.0,0.0,0.0,0.5,0.5,0.0,0.0,True,Qwen/Qwen2.5-Coder-32B-Instruct-AWQ,None
1460,Bar,Medium,8.9814,35.9256,4,0.0,0.0,0.0,0.0,0.0,0.0,0.0,0.0,0.0,0.0,1.0,0.0,0.0,False,Qwen/Qwen2.5-Coder-32B-Instruct-AWQ,None
1460,Bar,Medium,8.9814,35.9256,4,0.0,0.0,0.0,0.0,0.0,0.0,0.0,0.0,0.0,0.0,1.0,0.0,0.0,False,Qwen/Qwen2.5-Coder-32B-Instruct-AWQ,None
1460,Bar,Medium,8.9814,35.9256,4,0.0,0.0,0.0,0.0,0.0,0.0,0.0,0.0,0.0,0.0,1.0,0.0,0.0,False,Qwen/Qwen2.5-Coder-32B-Instruct-AWQ,None
1465,Scatter,Easy,16.2583,16.2583,1,0.0,0.0,0.0,0.0,0.0,0.0,0.0,0.0,0.0,0.0,1.0,0.0,0.0,False,Qwen/Qwen2.5-Coder-32B-Instruct-AWQ,None
1465,Scatter,Easy,16.2583,16.2583,1,0.0,0.0,0.0,0.0,0.0,0.0,0.0,0.0,0.0,0.0,1.0,0.0,0.0,False,Qwen/Qwen2.5-Coder-32B-Instruct-AWQ,None
1465,Scatter,Easy,16.2583,16.2583,1,0.0,0.0,0.0,0.0,0.0,0.0,0.0,0.0,0.0,0.0,1.0,0.0,0.0,False,Qwen/Qwen2.5-Coder-32B-Instruct-AWQ,None
1468,Grouping Scatter,Medium,7.0055,14.0111,2,0.0,0.0,0.0,0.0,0.0,0.0,0.0,0.0,0.0,0.0,1.0,0.0,0.0,False,Qwen/Qwen2.5-Coder-32B-Instruct-AWQ,None
1468,Grouping Scatter,Medium,7.0055,14.0111,2,0.0,0.0,0.0,0.0,0.0,0.0,0.0,0.0,0.0,0.0,1.0,0.0,0.0,False,Qwen/Qwen2.5-Coder-32B-Instruct-AWQ,None
1468,Grouping Scatter,Medium,7.0055,14.0111,2,0.0,0.0,0.0,0.0,0.0,0.0,0.0,0.0,0.0,0.0,1.0,0.0,0.0,False,Qwen/Qwen2.5-Coder-32B-Instruct-AWQ,None
1482,Grouping Line,Hard,9.1541,9.1541,1,0.0,0.0,0.0,0.0,1.0,0.0,0.0,0.0,0.0,1.0,0.0,,0.0,False,Qwen/Qwen2.5-Coder-32B-Instruct-AWQ,None
1482,Grouping Line,Hard,9.1541,9.1541,1,0.0,0.0,0.0,0.0,1.0,0.0,0.0,0.0,0.0,1.0,0.0,,0.0,False,Qwen/Qwen2.5-Coder-32B-Instruct-AWQ,None
1482,Grouping Line,Hard,9.1541,9.1541,1,0.0,0.0,0.0,0.0,1.0,0.0,0.0,0.0,0.0,1.0,0.0,,0.0,False,Qwen/Qwen2.5-Coder-32B-Instruct-AWQ,None
1496,Pie,Easy,6.3593,6.3593,1,0.0,0.0,0.0,0.0,0.0,0.0,0.0,0.0,0.0,0.0,1.0,0.0,0.0,False,Qwen/Qwen2.5-Coder-32B-Instruct-AWQ,None
1496,Pie,Easy,6.3593,6.3593,1,0.0,0.0,0.0,0.0,0.0,0.0,0.0,0.0,0.0,0.0,1.0,0.0,0.0,False,Qwen/Qwen2.5-Coder-32B-Instruct-AWQ,None
1496,Pie,Easy,6.3593,6.3593,1,0.0,0.0,0.0,0.0,0.0,0.0,0.0,0.0,0.0,0.0,1.0,0.0,0.0,False,Qwen/Qwen2.5-Coder-32B-Instruct-AWQ,None
1497,Pie,Easy,4.4664,13.3993,3,0.0,0.0,0.0,0.0,0.0,0.0,0.0,0.0,0.0,0.0,1.0,0.0,0.0,False,Qwen/Qwen2.5-Coder-32B-Instruct-AWQ,None
1497,Pie,Easy,4.4664,13.3993,3,0.0,0.0,0.0,0.0,0.0,0.0,0.0,0.0,0.0,0.0,1.0,0.0,0.0,False,Qwen/Qwen2.5-Coder-32B-Instruct-AWQ,None
1497,Pie,Easy,4.4664,13.3993,3,0.0,0.0,0.0,0.0,0.0,0.0,0.0,0.0,0.0,0.0,1.0,0.0,0.0,False,Qwen/Qwen2.5-Coder-32B-Instruct-AWQ,None
1499,Bar,Medium,26.1423,26.1423,1,0.0,0.0,0.0,0.0,1.0,0.0,0.0,0.0,0.0,1.0,0.0,,0.0,False,Qwen/Qwen2.5-Coder-32B-Instruct-AWQ,None
1499,Bar,Medium,26.1423,26.1423,1,0.0,0.0,0.0,0.0,1.0,0.0,0.0,0.0,0.0,1.0,0.0,,0.0,False,Qwen/Qwen2.5-Coder-32B-Instruct-AWQ,None
1499,Bar,Medium,26.1423,26.1423,1,0.0,0.0,0.0,0.0,1.0,0.0,0.0,0.0,0.0,1.0,0.0,,0.0,False,Qwen/Qwen2.5-Coder-32B-Instruct-AWQ,None
1500,Pie,Easy,9.6102,19.2203,2,0.0,0.0,0.0,0.0,0.0,0.0,0.0,0.0,0.0,0.0,1.0,0.0,0.0,False,Qwen/Qwen2.5-Coder-32B-Instruct-AWQ,None
1500,Pie,Easy,9.6102,19.2203,2,0.0,0.0,0.0,0.0,0.0,0.0,0.0,0.0,0.0,0.0,1.0,0.0,0.0,False,Qwen/Qwen2.5-Coder-32B-Instruct-AWQ,None
1500,Pie,Easy,9.6102,19.2203,2,0.0,0.0,0.0,0.0,0.0,0.0,0.0,0.0,0.0,0.0,1.0,0.0,0.0,False,Qwen/Qwen2.5-Coder-32B-Instruct-AWQ,None
1504,Grouping Scatter,Medium,43.1734,43.1734,1,1.0,0.0,0.0,0.0,0.0,0.0,0.0,0.0,1.0,0.0,0.0,,0.0,False,Qwen/Qwen2.5-Coder-32B-Instruct-AWQ,None
1504,Grouping Scatter,Medium,43.1734,43.1734,1,1.0,0.0,0.0,0.0,0.0,0.0,0.0,0.0,1.0,0.0,0.0,,0.0,False,Qwen/Qwen2.5-Coder-32B-Instruct-AWQ,None
1504,Grouping Scatter,Medium,43.1734,43.1734,1,1.0,0.0,0.0,0.0,0.0,0.0,0.0,0.0,1.0,0.0,0.0,,0.0,False,Qwen/Qwen2.5-Coder-32B-Instruct-AWQ,None
1507,Pie,Easy,6.7856,27.1423,4,0.0,0.0,0.0,0.0,0.0,0.0,0.0,0.0,0.0,0.0,1.0,0.0,0.0,False,Qwen/Qwen2.5-Coder-32B-Instruct-AWQ,None
1507,Pie,Easy,6.7856,27.1423,4,0.0,0.0,0.0,0.0,0.0,0.0,0.0,0.0,0.0,0.0,1.0,0.0,0.0,False,Qwen/Qwen2.5-Coder-32B-Instruct-AWQ,None
1507,Pie,Easy,6.7856,27.1423,4,0.0,0.0,0.0,0.0,0.0,0.0,0.0,0.0,0.0,0.0,1.0,0.0,0.0,False,Qwen/Qwen2.5-Coder-32B-Instruct-AWQ,None
1509,Pie,Medium,17.6084,35.2169,2,0.0,0.0,0.0,1.0,1.0,0.0,0.0,0.0,0.0,1.0,0.0,,0.0,False,Qwen/Qwen2.5-Coder-32B-Instruct-AWQ,None
1509,Pie,Medium,17.6084,35.2169,2,0.0,0.0,0.0,1.0,1.0,0.0,0.0,0.0,0.0,1.0,0.0,,0.0,False,Qwen/Qwen2.5-Coder-32B-Instruct-AWQ,None
1509,Pie,Medium,17.6084,35.2169,2,0.0,0.0,0.0,1.0,1.0,0.0,0.0,0.0,0.0,1.0,0.0,,0.0,False,Qwen/Qwen2.5-Coder-32B-Instruct-AWQ,None
1515,Pie,Medium,11.2439,11.2439,1,0.0,0.0,0.0,0.0,0.0,0.0,0.0,0.0,0.0,0.0,1.0,0.0,0.0,True,Qwen/Qwen2.5-Coder-32B-Instruct-AWQ,None
1515,Pie,Medium,11.2439,11.2439,1,0.0,0.0,0.0,0.0,0.0,0.0,0.0,0.0,0.0,0.0,1.0,0.0,0.0,True,Qwen/Qwen2.5-Coder-32B-Instruct-AWQ,None
1515,Pie,Medium,11.2439,11.2439,1,0.0,0.0,0.0,0.0,0.0,0.0,0.0,0.0,0.0,0.0,1.0,0.0,0.0,True,Qwen/Qwen2.5-Coder-32B-Instruct-AWQ,None
1517,Pie,Easy,6.0629,12.1257,2,0.0,0.0,0.0,0.0,0.0,0.0,0.0,0.0,0.0,0.0,1.0,0.0,0.0,False,Qwen/Qwen2.5-Coder-32B-Instruct-AWQ,None
1517,Pie,Easy,6.0629,12.1257,2,0.0,0.0,0.0,0.0,0.0,0.0,0.0,0.0,0.0,0.0,1.0,0.0,0.0,False,Qwen/Qwen2.5-Coder-32B-Instruct-AWQ,None
1517,Pie,Easy,6.0629,12.1257,2,0.0,0.0,0.0,0.0,0.0,0.0,0.0,0.0,0.0,0.0,1.0,0.0,0.0,False,Qwen/Qwen2.5-Coder-32B-Instruct-AWQ,None
1520,Pie,Medium,11.7369,58.6847,5,0.0,0.0,0.0,0.0,0.4,0.0,0.0,0.0,0.0,0.4,0.6,0.0,0.0,True,Qwen/Qwen2.5-Coder-32B-Instruct-AWQ,None
1520,Pie,Medium,11.7369,58.6847,5,0.0,0.0,0.0,0.0,0.4,0.0,0.0,0.0,0.0,0.4,0.6,0.0,0.0,True,Qwen/Qwen2.5-Coder-32B-Instruct-AWQ,None
1520,Pie,Medium,11.7369,58.6847,5,0.0,0.0,0.0,0.0,0.4,0.0,0.0,0.0,0.0,0.4,0.6,0.0,0.0,True,Qwen/Qwen2.5-Coder-32B-Instruct-AWQ,None
1522,Pie,Hard,13.5714,13.5714,1,0.0,0.0,0.0,0.0,0.0,0.0,0.0,0.0,0.0,0.0,1.0,0.0,0.0,True,Qwen/Qwen2.5-Coder-32B-Instruct-AWQ,None
1522,Pie,Hard,13.5714,13.5714,1,0.0,0.0,0.0,0.0,0.0,0.0,0.0,0.0,0.0,0.0,1.0,0.0,0.0,True,Qwen/Qwen2.5-Coder-32B-Instruct-AWQ,None
1522,Pie,Hard,13.5714,13.5714,1,0.0,0.0,0.0,0.0,0.0,0.0,0.0,0.0,0.0,0.0,1.0,0.0,0.0,True,Qwen/Qwen2.5-Coder-32B-Instruct-AWQ,None
1524,Pie,Medium,11.3624,34.0871,3,0.0,0.0,0.0,0.0,0.0,0.0,0.0,0.0,0.0,0.0,1.0,0.0,0.0,True,Qwen/Qwen2.5-Coder-32B-Instruct-AWQ,None
1524,Pie,Medium,11.3624,34.0871,3,0.0,0.0,0.0,0.0,0.0,0.0,0.0,0.0,0.0,0.0,1.0,0.0,0.0,True,Qwen/Qwen2.5-Coder-32B-Instruct-AWQ,None
1524,Pie,Medium,11.3624,34.0871,3,0.0,0.0,0.0,0.0,0.0,0.0,0.0,0.0,0.0,0.0,1.0,0.0,0.0,True,Qwen/Qwen2.5-Coder-32B-Instruct-AWQ,None
1526,Bar,Easy,7.4711,14.9422,2,0.0,0.0,0.0,0.0,0.0,0.0,0.0,0.0,0.0,0.0,1.0,0.0,0.0,False,Qwen/Qwen2.5-Coder-32B-Instruct-AWQ,None
1526,Bar,Easy,7.4711,14.9422,2,0.0,0.0,0.0,0.0,0.0,0.0,0.0,0.0,0.0,0.0,1.0,0.0,0.0,False,Qwen/Qwen2.5-Coder-32B-Instruct-AWQ,None
1526,Bar,Easy,7.4711,14.9422,2,0.0,0.0,0.0,0.0,0.0,0.0,0.0,0.0,0.0,0.0,1.0,0.0,0.0,False,Qwen/Qwen2.5-Coder-32B-Instruct-AWQ,None
1527,Pie,Hard,35.0448,105.1343,3,0.3333333333333333,0.0,0.0,0.0,0.6666666666666666,0.0,0.0,0.0,0.3333333333333333,0.6666666666666666,0.0,,0.0,True,Qwen/Qwen2.5-Coder-32B-Instruct-AWQ,None
1527,Pie,Hard,35.0448,105.1343,3,0.3333333333333333,0.0,0.0,0.0,0.6666666666666666,0.0,0.0,0.0,0.3333333333333333,0.6666666666666666,0.0,,0.0,True,Qwen/Qwen2.5-Coder-32B-Instruct-AWQ,None
1527,Pie,Hard,35.0448,105.1343,3,0.3333333333333333,0.0,0.0,0.0,0.6666666666666666,0.0,0.0,0.0,0.3333333333333333,0.6666666666666666,0.0,,0.0,True,Qwen/Qwen2.5-Coder-32B-Instruct-AWQ,None
1528,Bar,Hard,15.348,46.0439,3,0.0,0.0,0.0,0.0,0.0,0.0,0.0,0.0,0.0,0.0,1.0,0.0,0.0,True,Qwen/Qwen2.5-Coder-32B-Instruct-AWQ,None
1528,Bar,Hard,15.348,46.0439,3,0.0,0.0,0.0,0.0,0.0,0.0,0.0,0.0,0.0,0.0,1.0,0.0,0.0,True,Qwen/Qwen2.5-Coder-32B-Instruct-AWQ,None
1528,Bar,Hard,15.348,46.0439,3,0.0,0.0,0.0,0.0,0.0,0.0,0.0,0.0,0.0,0.0,1.0,0.0,0.0,True,Qwen/Qwen2.5-Coder-32B-Instruct-AWQ,None
1529,Pie,Medium,12.7456,38.2369,3,0.0,0.0,0.0,0.0,0.0,0.0,0.0,0.0,0.0,0.0,1.0,0.0,0.0,True,Qwen/Qwen2.5-Coder-32B-Instruct-AWQ,None
1529,Pie,Medium,12.7456,38.2369,3,0.0,0.0,0.0,0.0,0.0,0.0,0.0,0.0,0.0,0.0,1.0,0.0,0.0,True,Qwen/Qwen2.5-Coder-32B-Instruct-AWQ,None
1529,Pie,Medium,12.7456,38.2369,3,0.0,0.0,0.0,0.0,0.0,0.0,0.0,0.0,0.0,0.0,1.0,0.0,0.0,True,Qwen/Qwen2.5-Coder-32B-Instruct-AWQ,None
1530,Bar,Medium,12.8429,38.5287,3,0.0,0.0,0.0,0.0,0.0,0.0,0.0,0.0,0.0,0.0,1.0,0.0,0.0,True,Qwen/Qwen2.5-Coder-32B-Instruct-AWQ,None
1530,Bar,Medium,12.8429,38.5287,3,0.0,0.0,0.0,0.0,0.0,0.0,0.0,0.0,0.0,0.0,1.0,0.0,0.0,True,Qwen/Qwen2.5-Coder-32B-Instruct-AWQ,None
1530,Bar,Medium,12.8429,38.5287,3,0.0,0.0,0.0,0.0,0.0,0.0,0.0,0.0,0.0,0.0,1.0,0.0,0.0,True,Qwen/Qwen2.5-Coder-32B-Instruct-AWQ,None
1531,Pie,Medium,8.5847,25.754,3,0.0,0.0,0.0,0.0,0.0,0.0,0.0,0.0,0.0,0.0,1.0,0.0,0.0,True,Qwen/Qwen2.5-Coder-32B-Instruct-AWQ,None
1531,Pie,Medium,8.5847,25.754,3,0.0,0.0,0.0,0.0,0.0,0.0,0.0,0.0,0.0,0.0,1.0,0.0,0.0,True,Qwen/Qwen2.5-Coder-32B-Instruct-AWQ,None
1531,Pie,Medium,8.5847,25.754,3,0.0,0.0,0.0,0.0,0.0,0.0,0.0,0.0,0.0,0.0,1.0,0.0,0.0,True,Qwen/Qwen2.5-Coder-32B-Instruct-AWQ,None
1534,Pie,Medium,10.9482,65.6893,6,0.0,0.0,0.0,0.0,0.16666666666666666,0.0,0.0,0.0,0.0,0.16666666666666666,0.8333333333333334,0.0,0.0,True,Qwen/Qwen2.5-Coder-32B-Instruct-AWQ,None
1534,Pie,Medium,10.9482,65.6893,6,0.0,0.0,0.0,0.0,0.16666666666666666,0.0,0.0,0.0,0.0,0.16666666666666666,0.8333333333333334,0.0,0.0,True,Qwen/Qwen2.5-Coder-32B-Instruct-AWQ,None
1534,Pie,Medium,10.9482,65.6893,6,0.0,0.0,0.0,0.0,0.16666666666666666,0.0,0.0,0.0,0.0,0.16666666666666666,0.8333333333333334,0.0,0.0,True,Qwen/Qwen2.5-Coder-32B-Instruct-AWQ,None
1535,Bar,Medium,11.6728,58.364,5,0.0,0.0,0.0,0.0,0.0,0.0,0.0,0.0,0.0,0.0,1.0,0.0,0.0,True,Qwen/Qwen2.5-Coder-32B-Instruct-AWQ,None
1535,Bar,Medium,11.6728,58.364,5,0.0,0.0,0.0,0.0,0.0,0.0,0.0,0.0,0.0,0.0,1.0,0.0,0.0,True,Qwen/Qwen2.5-Coder-32B-Instruct-AWQ,None
1535,Bar,Medium,11.6728,58.364,5,0.0,0.0,0.0,0.0,0.0,0.0,0.0,0.0,0.0,0.0,1.0,0.0,0.0,True,Qwen/Qwen2.5-Coder-32B-Instruct-AWQ,None
1537,Bar,Medium,24.7036,24.7036,1,0.0,0.0,0.0,0.0,1.0,0.0,0.0,0.0,0.0,1.0,0.0,,0.0,False,Qwen/Qwen2.5-Coder-32B-Instruct-AWQ,None
1537,Bar,Medium,24.7036,24.7036,1,0.0,0.0,0.0,0.0,1.0,0.0,0.0,0.0,0.0,1.0,0.0,,0.0,False,Qwen/Qwen2.5-Coder-32B-Instruct-AWQ,None
1537,Bar,Medium,24.7036,24.7036,1,0.0,0.0,0.0,0.0,1.0,0.0,0.0,0.0,0.0,1.0,0.0,,0.0,False,Qwen/Qwen2.5-Coder-32B-Instruct-AWQ,None
1556,Line,Hard,14.152,56.608,4,0.0,0.0,0.0,0.0,1.0,0.0,0.0,0.0,0.0,1.0,0.0,,0.0,False,Qwen/Qwen2.5-Coder-32B-Instruct-AWQ,None
1556,Line,Hard,14.152,56.608,4,0.0,0.0,0.0,0.0,1.0,0.0,0.0,0.0,0.0,1.0,0.0,,0.0,False,Qwen/Qwen2.5-Coder-32B-Instruct-AWQ,None
1556,Line,Hard,14.152,56.608,4,0.0,0.0,0.0,0.0,1.0,0.0,0.0,0.0,0.0,1.0,0.0,,0.0,False,Qwen/Qwen2.5-Coder-32B-Instruct-AWQ,None
1563,Bar,Extra Hard,10.7666,53.8331,5,0.0,0.0,0.0,0.0,1.0,0.0,0.0,0.0,0.0,1.0,0.0,,0.0,False,Qwen/Qwen2.5-Coder-32B-Instruct-AWQ,None
1563,Bar,Extra Hard,10.7666,53.8331,5,0.0,0.0,0.0,0.0,1.0,0.0,0.0,0.0,0.0,1.0,0.0,,0.0,False,Qwen/Qwen2.5-Coder-32B-Instruct-AWQ,None
1563,Bar,Extra Hard,10.7666,53.8331,5,0.0,0.0,0.0,0.0,1.0,0.0,0.0,0.0,0.0,1.0,0.0,,0.0,False,Qwen/Qwen2.5-Coder-32B-Instruct-AWQ,None
1574,Scatter,Hard,9.8655,39.4618,4,0.0,0.0,0.0,0.0,1.0,0.0,0.0,0.0,0.0,1.0,0.0,,0.0,False,Qwen/Qwen2.5-Coder-32B-Instruct-AWQ,None
1574,Scatter,Hard,9.8655,39.4618,4,0.0,0.0,0.0,0.0,1.0,0.0,0.0,0.0,0.0,1.0,0.0,,0.0,False,Qwen/Qwen2.5-Coder-32B-Instruct-AWQ,None
1574,Scatter,Hard,9.8655,39.4618,4,0.0,0.0,0.0,0.0,1.0,0.0,0.0,0.0,0.0,1.0,0.0,,0.0,False,Qwen/Qwen2.5-Coder-32B-Instruct-AWQ,None
1580,Bar,Hard,12.907,51.6279,4,0.0,0.0,0.0,0.0,0.0,0.0,0.0,0.0,0.0,0.0,1.0,0.0,0.0,False,Qwen/Qwen2.5-Coder-32B-Instruct-AWQ,None
1580,Bar,Hard,12.907,51.6279,4,0.0,0.0,0.0,0.0,0.0,0.0,0.0,0.0,0.0,0.0,1.0,0.0,0.0,False,Qwen/Qwen2.5-Coder-32B-Instruct-AWQ,None
1580,Bar,Hard,12.907,51.6279,4,0.0,0.0,0.0,0.0,0.0,0.0,0.0,0.0,0.0,0.0,1.0,0.0,0.0,False,Qwen/Qwen2.5-Coder-32B-Instruct-AWQ,None
1611,Scatter,Medium,11.2261,33.6783,3,0.0,0.0,0.0,0.0,0.0,0.0,0.0,0.0,0.0,0.0,1.0,0.0,0.0,False,Qwen/Qwen2.5-Coder-32B-Instruct-AWQ,None
1611,Scatter,Medium,11.2261,33.6783,3,0.0,0.0,0.0,0.0,0.0,0.0,0.0,0.0,0.0,0.0,1.0,0.0,0.0,False,Qwen/Qwen2.5-Coder-32B-Instruct-AWQ,None
1611,Scatter,Medium,11.2261,33.6783,3,0.0,0.0,0.0,0.0,0.0,0.0,0.0,0.0,0.0,0.0,1.0,0.0,0.0,False,Qwen/Qwen2.5-Coder-32B-Instruct-AWQ,None
1621,Line,Medium,16.1842,97.1055,6,0.0,0.0,0.0,0.0,0.16666666666666666,0.0,0.0,0.0,0.0,0.16666666666666666,0.8333333333333334,0.0,0.0,False,Qwen/Qwen2.5-Coder-32B-Instruct-AWQ,None
1621,Line,Medium,16.1842,97.1055,6,0.0,0.0,0.0,0.0,0.16666666666666666,0.0,0.0,0.0,0.0,0.16666666666666666,0.8333333333333334,0.0,0.0,False,Qwen/Qwen2.5-Coder-32B-Instruct-AWQ,None
1621,Line,Medium,16.1842,97.1055,6,0.0,0.0,0.0,0.0,0.16666666666666666,0.0,0.0,0.0,0.0,0.16666666666666666,0.8333333333333334,0.0,0.0,False,Qwen/Qwen2.5-Coder-32B-Instruct-AWQ,None
1630,Bar,Medium,9.8219,9.8219,1,0.0,0.0,0.0,0.0,0.0,0.0,0.0,0.0,0.0,0.0,1.0,0.0,0.0,False,Qwen/Qwen2.5-Coder-32B-Instruct-AWQ,None
1630,Bar,Medium,9.8219,9.8219,1,0.0,0.0,0.0,0.0,0.0,0.0,0.0,0.0,0.0,0.0,1.0,0.0,0.0,False,Qwen/Qwen2.5-Coder-32B-Instruct-AWQ,None
1630,Bar,Medium,9.8219,9.8219,1,0.0,0.0,0.0,0.0,0.0,0.0,0.0,0.0,0.0,0.0,1.0,0.0,0.0,False,Qwen/Qwen2.5-Coder-32B-Instruct-AWQ,None
1652,Bar,Medium,40.3668,161.4671,4,0.25,0.0,0.0,0.0,0.25,0.0,0.0,0.0,0.25,0.25,0.5,0.0,0.0,False,Qwen/Qwen2.5-Coder-32B-Instruct-AWQ,None
1652,Bar,Medium,40.3668,161.4671,4,0.25,0.0,0.0,0.0,0.25,0.0,0.0,0.0,0.25,0.25,0.5,0.0,0.0,False,Qwen/Qwen2.5-Coder-32B-Instruct-AWQ,None
1652,Bar,Medium,40.3668,161.4671,4,0.25,0.0,0.0,0.0,0.25,0.0,0.0,0.0,0.25,0.25,0.5,0.0,0.0,False,Qwen/Qwen2.5-Coder-32B-Instruct-AWQ,None
1663,Line,Extra Hard,14.7996,29.5991,2,0.0,0.0,0.0,0.0,1.0,0.0,0.0,0.0,0.0,1.0,0.0,,0.0,False,Qwen/Qwen2.5-Coder-32B-Instruct-AWQ,None
1663,Line,Extra Hard,14.7996,29.5991,2,0.0,0.0,0.0,0.0,1.0,0.0,0.0,0.0,0.0,1.0,0.0,,0.0,False,Qwen/Qwen2.5-Coder-32B-Instruct-AWQ,None
1663,Line,Extra Hard,14.7996,29.5991,2,0.0,0.0,0.0,0.0,1.0,0.0,0.0,0.0,0.0,1.0,0.0,,0.0,False,Qwen/Qwen2.5-Coder-32B-Instruct-AWQ,None
1690,Scatter,Extra Hard,14.9883,74.9413,5,0.0,0.0,0.0,0.0,1.0,0.0,0.0,0.0,0.0,1.0,0.0,,0.0,False,Qwen/Qwen2.5-Coder-32B-Instruct-AWQ,None
1690,Scatter,Extra Hard,14.9883,74.9413,5,0.0,0.0,0.0,0.0,1.0,0.0,0.0,0.0,0.0,1.0,0.0,,0.0,False,Qwen/Qwen2.5-Coder-32B-Instruct-AWQ,None
1690,Scatter,Extra Hard,14.9883,74.9413,5,0.0,0.0,0.0,0.0,1.0,0.0,0.0,0.0,0.0,1.0,0.0,,0.0,False,Qwen/Qwen2.5-Coder-32B-Instruct-AWQ,None
1715,Bar,Medium,9.5673,47.8365,5,0.0,0.0,0.0,0.0,0.0,0.0,0.0,0.0,0.0,0.0,1.0,0.0,0.0,False,Qwen/Qwen2.5-Coder-32B-Instruct-AWQ,None
1715,Bar,Medium,9.5673,47.8365,5,0.0,0.0,0.0,0.0,0.0,0.0,0.0,0.0,0.0,0.0,1.0,0.0,0.0,False,Qwen/Qwen2.5-Coder-32B-Instruct-AWQ,None
1715,Bar,Medium,9.5673,47.8365,5,0.0,0.0,0.0,0.0,0.0,0.0,0.0,0.0,0.0,0.0,1.0,0.0,0.0,False,Qwen/Qwen2.5-Coder-32B-Instruct-AWQ,None
1741,Scatter,Easy,8.8839,35.5354,4,0.0,0.0,0.0,0.0,0.0,0.0,0.0,0.0,0.0,0.0,1.0,0.0,0.0,False,Qwen/Qwen2.5-Coder-32B-Instruct-AWQ,None
1741,Scatter,Easy,8.8839,35.5354,4,0.0,0.0,0.0,0.0,0.0,0.0,0.0,0.0,0.0,0.0,1.0,0.0,0.0,False,Qwen/Qwen2.5-Coder-32B-Instruct-AWQ,None
1741,Scatter,Easy,8.8839,35.5354,4,0.0,0.0,0.0,0.0,0.0,0.0,0.0,0.0,0.0,0.0,1.0,0.0,0.0,False,Qwen/Qwen2.5-Coder-32B-Instruct-AWQ,None
1807,Pie,Hard,6.228,12.456,2,0.0,0.0,0.0,0.0,0.0,0.0,0.0,0.0,0.0,0.0,1.0,0.0,0.0,False,Qwen/Qwen2.5-Coder-32B-Instruct-AWQ,None
1807,Pie,Hard,6.228,12.456,2,0.0,0.0,0.0,0.0,0.0,0.0,0.0,0.0,0.0,0.0,1.0,0.0,0.0,False,Qwen/Qwen2.5-Coder-32B-Instruct-AWQ,None
1807,Pie,Hard,6.228,12.456,2,0.0,0.0,0.0,0.0,0.0,0.0,0.0,0.0,0.0,0.0,1.0,0.0,0.0,False,Qwen/Qwen2.5-Coder-32B-Instruct-AWQ,None
1831,Bar,Hard,31.5843,63.1685,2,0.5,0.5,0.0,0.0,0.0,0.0,0.0,0.0,1.0,0.0,0.0,,0.0,False,Qwen/Qwen2.5-Coder-32B-Instruct-AWQ,None
1831,Bar,Hard,31.5843,63.1685,2,0.5,0.5,0.0,0.0,0.0,0.0,0.0,0.0,1.0,0.0,0.0,,0.0,False,Qwen/Qwen2.5-Coder-32B-Instruct-AWQ,None
1831,Bar,Hard,31.5843,63.1685,2,0.5,0.5,0.0,0.0,0.0,0.0,0.0,0.0,1.0,0.0,0.0,,0.0,False,Qwen/Qwen2.5-Coder-32B-Instruct-AWQ,None
1839,Bar,Easy,17.9912,35.9825,2,0.0,0.5,0.0,0.0,0.0,0.0,0.0,0.0,0.5,0.0,0.5,0.0,0.0,False,Qwen/Qwen2.5-Coder-32B-Instruct-AWQ,None
1839,Bar,Easy,17.9912,35.9825,2,0.0,0.5,0.0,0.0,0.0,0.0,0.0,0.0,0.5,0.0,0.5,0.0,0.0,False,Qwen/Qwen2.5-Coder-32B-Instruct-AWQ,None
1839,Bar,Easy,17.9912,35.9825,2,0.0,0.5,0.0,0.0,0.0,0.0,0.0,0.0,0.5,0.0,0.5,0.0,0.0,False,Qwen/Qwen2.5-Coder-32B-Instruct-AWQ,None
1955,Pie,Hard,13.4844,26.9687,2,0.0,0.0,0.0,0.0,0.0,0.0,0.0,0.0,0.0,0.0,1.0,0.0,0.0,True,Qwen/Qwen2.5-Coder-32B-Instruct-AWQ,None
1955,Pie,Hard,13.4844,26.9687,2,0.0,0.0,0.0,0.0,0.0,0.0,0.0,0.0,0.0,0.0,1.0,0.0,0.0,True,Qwen/Qwen2.5-Coder-32B-Instruct-AWQ,None
1955,Pie,Hard,13.4844,26.9687,2,0.0,0.0,0.0,0.0,0.0,0.0,0.0,0.0,0.0,0.0,1.0,0.0,0.0,True,Qwen/Qwen2.5-Coder-32B-Instruct-AWQ,None
1961,Pie,Hard,48.3307,48.3307,1,1.0,0.0,0.0,0.0,0.0,0.0,0.0,0.0,1.0,0.0,0.0,,0.0,True,Qwen/Qwen2.5-Coder-32B-Instruct-AWQ,None
1961,Pie,Hard,48.3307,48.3307,1,1.0,0.0,0.0,0.0,0.0,0.0,0.0,0.0,1.0,0.0,0.0,,0.0,True,Qwen/Qwen2.5-Coder-32B-Instruct-AWQ,None
1961,Pie,Hard,48.3307,48.3307,1,1.0,0.0,0.0,0.0,0.0,0.0,0.0,0.0,1.0,0.0,0.0,,0.0,True,Qwen/Qwen2.5-Coder-32B-Instruct-AWQ,None
1966,Pie,Easy,6.0234,24.0936,4,0.0,0.0,0.0,0.0,0.0,0.0,0.0,0.0,0.0,0.0,1.0,0.0,0.0,False,Qwen/Qwen2.5-Coder-32B-Instruct-AWQ,None
1966,Pie,Easy,6.0234,24.0936,4,0.0,0.0,0.0,0.0,0.0,0.0,0.0,0.0,0.0,0.0,1.0,0.0,0.0,False,Qwen/Qwen2.5-Coder-32B-Instruct-AWQ,None
1966,Pie,Easy,6.0234,24.0936,4,0.0,0.0,0.0,0.0,0.0,0.0,0.0,0.0,0.0,0.0,1.0,0.0,0.0,False,Qwen/Qwen2.5-Coder-32B-Instruct-AWQ,None
1968,Pie,Easy,6.7529,20.2588,3,0.0,0.0,0.0,0.0,0.0,0.0,0.0,0.0,0.0,0.0,1.0,0.0,0.0,False,Qwen/Qwen2.5-Coder-32B-Instruct-AWQ,None
1968,Pie,Easy,6.7529,20.2588,3,0.0,0.0,0.0,0.0,0.0,0.0,0.0,0.0,0.0,0.0,1.0,0.0,0.0,False,Qwen/Qwen2.5-Coder-32B-Instruct-AWQ,None
1968,Pie,Easy,6.7529,20.2588,3,0.0,0.0,0.0,0.0,0.0,0.0,0.0,0.0,0.0,0.0,1.0,0.0,0.0,False,Qwen/Qwen2.5-Coder-32B-Instruct-AWQ,None
1969,Bar,Easy,5.9377,23.7507,4,0.0,0.0,0.0,0.0,0.0,0.0,0.0,0.0,0.0,0.0,1.0,0.0,0.0,False,Qwen/Qwen2.5-Coder-32B-Instruct-AWQ,None
1969,Bar,Easy,5.9377,23.7507,4,0.0,0.0,0.0,0.0,0.0,0.0,0.0,0.0,0.0,0.0,1.0,0.0,0.0,False,Qwen/Qwen2.5-Coder-32B-Instruct-AWQ,None
1969,Bar,Easy,5.9377,23.7507,4,0.0,0.0,0.0,0.0,0.0,0.0,0.0,0.0,0.0,0.0,1.0,0.0,0.0,False,Qwen/Qwen2.5-Coder-32B-Instruct-AWQ,None
1971,Pie,Easy,7.0951,21.2854,3,0.0,0.0,0.0,0.0,0.0,0.0,0.0,0.0,0.0,0.0,1.0,0.0,0.0,False,Qwen/Qwen2.5-Coder-32B-Instruct-AWQ,None
1971,Pie,Easy,7.0951,21.2854,3,0.0,0.0,0.0,0.0,0.0,0.0,0.0,0.0,0.0,0.0,1.0,0.0,0.0,False,Qwen/Qwen2.5-Coder-32B-Instruct-AWQ,None
1971,Pie,Easy,7.0951,21.2854,3,0.0,0.0,0.0,0.0,0.0,0.0,0.0,0.0,0.0,0.0,1.0,0.0,0.0,False,Qwen/Qwen2.5-Coder-32B-Instruct-AWQ,None
1972,Scatter,Easy,6.0233,6.0233,1,0.0,0.0,0.0,0.0,0.0,0.0,0.0,0.0,0.0,0.0,1.0,0.0,0.0,False,Qwen/Qwen2.5-Coder-32B-Instruct-AWQ,None
1972,Scatter,Easy,6.0233,6.0233,1,0.0,0.0,0.0,0.0,0.0,0.0,0.0,0.0,0.0,0.0,1.0,0.0,0.0,False,Qwen/Qwen2.5-Coder-32B-Instruct-AWQ,None
1972,Scatter,Easy,6.0233,6.0233,1,0.0,0.0,0.0,0.0,0.0,0.0,0.0,0.0,0.0,0.0,1.0,0.0,0.0,False,Qwen/Qwen2.5-Coder-32B-Instruct-AWQ,None
1973,Grouping Scatter,Easy,24.7291,49.4581,2,0.5,0.0,0.0,0.0,0.0,0.0,0.0,0.0,0.5,0.0,0.5,0.0,0.0,False,Qwen/Qwen2.5-Coder-32B-Instruct-AWQ,None
1973,Grouping Scatter,Easy,24.7291,49.4581,2,0.5,0.0,0.0,0.0,0.0,0.0,0.0,0.0,0.5,0.0,0.5,0.0,0.0,False,Qwen/Qwen2.5-Coder-32B-Instruct-AWQ,None
1973,Grouping Scatter,Easy,24.7291,49.4581,2,0.5,0.0,0.0,0.0,0.0,0.0,0.0,0.0,0.5,0.0,0.5,0.0,0.0,False,Qwen/Qwen2.5-Coder-32B-Instruct-AWQ,None
1974,Pie,Medium,7.8385,15.677,2,0.0,0.0,0.0,0.0,0.0,0.0,0.0,0.0,0.0,0.0,1.0,0.0,0.0,False,Qwen/Qwen2.5-Coder-32B-Instruct-AWQ,None
1974,Pie,Medium,7.8385,15.677,2,0.0,0.0,0.0,0.0,0.0,0.0,0.0,0.0,0.0,0.0,1.0,0.0,0.0,False,Qwen/Qwen2.5-Coder-32B-Instruct-AWQ,None
1974,Pie,Medium,7.8385,15.677,2,0.0,0.0,0.0,0.0,0.0,0.0,0.0,0.0,0.0,0.0,1.0,0.0,0.0,False,Qwen/Qwen2.5-Coder-32B-Instruct-AWQ,None
1975,Bar,Medium,7.4665,14.933,2,0.0,0.0,0.0,0.0,0.0,0.0,0.0,0.0,0.0,0.0,1.0,0.0,0.0,False,Qwen/Qwen2.5-Coder-32B-Instruct-AWQ,None
1975,Bar,Medium,7.4665,14.933,2,0.0,0.0,0.0,0.0,0.0,0.0,0.0,0.0,0.0,0.0,1.0,0.0,0.0,False,Qwen/Qwen2.5-Coder-32B-Instruct-AWQ,None
1975,Bar,Medium,7.4665,14.933,2,0.0,0.0,0.0,0.0,0.0,0.0,0.0,0.0,0.0,0.0,1.0,0.0,0.0,False,Qwen/Qwen2.5-Coder-32B-Instruct-AWQ,None
1976,Pie,Easy,6.338,50.7039,8,0.0,0.0,0.0,0.0,0.0,0.0,0.0,0.0,0.0,0.0,1.0,0.0,0.0,False,Qwen/Qwen2.5-Coder-32B-Instruct-AWQ,None
1976,Pie,Easy,6.338,50.7039,8,0.0,0.0,0.0,0.0,0.0,0.0,0.0,0.0,0.0,0.0,1.0,0.0,0.0,False,Qwen/Qwen2.5-Coder-32B-Instruct-AWQ,None
1976,Pie,Easy,6.338,50.7039,8,0.0,0.0,0.0,0.0,0.0,0.0,0.0,0.0,0.0,0.0,1.0,0.0,0.0,False,Qwen/Qwen2.5-Coder-32B-Instruct-AWQ,None
1978,Pie,Medium,8.7394,17.4788,2,0.0,0.0,0.0,0.0,0.0,0.0,0.0,0.0,0.0,0.0,1.0,0.0,0.0,False,Qwen/Qwen2.5-Coder-32B-Instruct-AWQ,None
1978,Pie,Medium,8.7394,17.4788,2,0.0,0.0,0.0,0.0,0.0,0.0,0.0,0.0,0.0,0.0,1.0,0.0,0.0,False,Qwen/Qwen2.5-Coder-32B-Instruct-AWQ,None
1978,Pie,Medium,8.7394,17.4788,2,0.0,0.0,0.0,0.0,0.0,0.0,0.0,0.0,0.0,0.0,1.0,0.0,0.0,False,Qwen/Qwen2.5-Coder-32B-Instruct-AWQ,None
1980,Pie,Extra Hard,13.4943,53.9773,4,0.0,0.0,0.0,0.0,0.75,0.0,0.0,0.0,0.0,0.75,0.25,0.0,0.0,True,Qwen/Qwen2.5-Coder-32B-Instruct-AWQ,None
1980,Pie,Extra Hard,13.4943,53.9773,4,0.0,0.0,0.0,0.0,0.75,0.0,0.0,0.0,0.0,0.75,0.25,0.0,0.0,True,Qwen/Qwen2.5-Coder-32B-Instruct-AWQ,None
1980,Pie,Extra Hard,13.4943,53.9773,4,0.0,0.0,0.0,0.0,0.75,0.0,0.0,0.0,0.0,0.75,0.25,0.0,0.0,True,Qwen/Qwen2.5-Coder-32B-Instruct-AWQ,None
1990,Bar,Extra Hard,42.3827,42.3827,1,1.0,0.0,0.0,0.0,0.0,0.0,0.0,0.0,1.0,0.0,0.0,,0.0,True,Qwen/Qwen2.5-Coder-32B-Instruct-AWQ,None
1990,Bar,Extra Hard,42.3827,42.3827,1,1.0,0.0,0.0,0.0,0.0,0.0,0.0,0.0,1.0,0.0,0.0,,0.0,True,Qwen/Qwen2.5-Coder-32B-Instruct-AWQ,None
1990,Bar,Extra Hard,42.3827,42.3827,1,1.0,0.0,0.0,0.0,0.0,0.0,0.0,0.0,1.0,0.0,0.0,,0.0,True,Qwen/Qwen2.5-Coder-32B-Instruct-AWQ,None
1992,Bar,Medium,9.6899,19.3798,2,0.0,0.0,0.0,0.0,0.0,0.0,0.0,0.0,0.0,0.0,1.0,0.0,0.0,False,Qwen/Qwen2.5-Coder-32B-Instruct-AWQ,None
1992,Bar,Medium,9.6899,19.3798,2,0.0,0.0,0.0,0.0,0.0,0.0,0.0,0.0,0.0,0.0,1.0,0.0,0.0,False,Qwen/Qwen2.5-Coder-32B-Instruct-AWQ,None
1992,Bar,Medium,9.6899,19.3798,2,0.0,0.0,0.0,0.0,0.0,0.0,0.0,0.0,0.0,0.0,1.0,0.0,0.0,False,Qwen/Qwen2.5-Coder-32B-Instruct-AWQ,None
2005,Grouping Line,Medium,48.4089,48.4089,1,1.0,0.0,0.0,0.0,0.0,0.0,0.0,0.0,1.0,0.0,0.0,,0.0,False,Qwen/Qwen2.5-Coder-32B-Instruct-AWQ,None
2005,Grouping Line,Medium,48.4089,48.4089,1,1.0,0.0,0.0,0.0,0.0,0.0,0.0,0.0,1.0,0.0,0.0,,0.0,False,Qwen/Qwen2.5-Coder-32B-Instruct-AWQ,None
2005,Grouping Line,Medium,48.4089,48.4089,1,1.0,0.0,0.0,0.0,0.0,0.0,0.0,0.0,1.0,0.0,0.0,,0.0,False,Qwen/Qwen2.5-Coder-32B-Instruct-AWQ,None
2009,Pie,Easy,4.6473,4.6473,1,0.0,0.0,0.0,0.0,0.0,0.0,0.0,0.0,0.0,0.0,1.0,0.0,0.0,False,Qwen/Qwen2.5-Coder-32B-Instruct-AWQ,None
2009,Pie,Easy,4.6473,4.6473,1,0.0,0.0,0.0,0.0,0.0,0.0,0.0,0.0,0.0,0.0,1.0,0.0,0.0,False,Qwen/Qwen2.5-Coder-32B-Instruct-AWQ,None
2009,Pie,Easy,4.6473,4.6473,1,0.0,0.0,0.0,0.0,0.0,0.0,0.0,0.0,0.0,0.0,1.0,0.0,0.0,False,Qwen/Qwen2.5-Coder-32B-Instruct-AWQ,None
2011,Bar,Easy,6.5018,19.5055,3,0.0,0.0,0.0,0.0,0.0,0.0,0.0,0.0,0.0,0.0,1.0,0.0,0.0,False,Qwen/Qwen2.5-Coder-32B-Instruct-AWQ,None
2011,Bar,Easy,6.5018,19.5055,3,0.0,0.0,0.0,0.0,0.0,0.0,0.0,0.0,0.0,0.0,1.0,0.0,0.0,False,Qwen/Qwen2.5-Coder-32B-Instruct-AWQ,None
2011,Bar,Easy,6.5018,19.5055,3,0.0,0.0,0.0,0.0,0.0,0.0,0.0,0.0,0.0,0.0,1.0,0.0,0.0,False,Qwen/Qwen2.5-Coder-32B-Instruct-AWQ,None
2012,Bar,Easy,6.593,19.7789,3,0.0,0.0,0.0,0.0,0.0,0.0,0.0,0.0,0.0,0.0,1.0,0.0,0.0,False,Qwen/Qwen2.5-Coder-32B-Instruct-AWQ,None
2012,Bar,Easy,6.593,19.7789,3,0.0,0.0,0.0,0.0,0.0,0.0,0.0,0.0,0.0,0.0,1.0,0.0,0.0,False,Qwen/Qwen2.5-Coder-32B-Instruct-AWQ,None
2012,Bar,Easy,6.593,19.7789,3,0.0,0.0,0.0,0.0,0.0,0.0,0.0,0.0,0.0,0.0,1.0,0.0,0.0,False,Qwen/Qwen2.5-Coder-32B-Instruct-AWQ,None
2013,Pie,Easy,6.4722,19.4166,3,0.0,0.0,0.0,0.0,0.0,0.0,0.0,0.0,0.0,0.0,1.0,0.0,0.0,False,Qwen/Qwen2.5-Coder-32B-Instruct-AWQ,None
2013,Pie,Easy,6.4722,19.4166,3,0.0,0.0,0.0,0.0,0.0,0.0,0.0,0.0,0.0,0.0,1.0,0.0,0.0,False,Qwen/Qwen2.5-Coder-32B-Instruct-AWQ,None
2013,Pie,Easy,6.4722,19.4166,3,0.0,0.0,0.0,0.0,0.0,0.0,0.0,0.0,0.0,0.0,1.0,0.0,0.0,False,Qwen/Qwen2.5-Coder-32B-Instruct-AWQ,None
2014,Line,Medium,7.2474,14.4948,2,0.0,0.0,0.0,0.0,0.0,0.0,0.0,0.0,0.0,0.0,1.0,0.0,0.0,False,Qwen/Qwen2.5-Coder-32B-Instruct-AWQ,None
2014,Line,Medium,7.2474,14.4948,2,0.0,0.0,0.0,0.0,0.0,0.0,0.0,0.0,0.0,0.0,1.0,0.0,0.0,False,Qwen/Qwen2.5-Coder-32B-Instruct-AWQ,None
2014,Line,Medium,7.2474,14.4948,2,0.0,0.0,0.0,0.0,0.0,0.0,0.0,0.0,0.0,0.0,1.0,0.0,0.0,False,Qwen/Qwen2.5-Coder-32B-Instruct-AWQ,None
2015,Line,Medium,7.4221,22.2663,3,0.0,0.0,0.0,0.0,0.0,0.0,0.0,0.0,0.0,0.0,1.0,0.0,0.0,False,Qwen/Qwen2.5-Coder-32B-Instruct-AWQ,None
2015,Line,Medium,7.4221,22.2663,3,0.0,0.0,0.0,0.0,0.0,0.0,0.0,0.0,0.0,0.0,1.0,0.0,0.0,False,Qwen/Qwen2.5-Coder-32B-Instruct-AWQ,None
2015,Line,Medium,7.4221,22.2663,3,0.0,0.0,0.0,0.0,0.0,0.0,0.0,0.0,0.0,0.0,1.0,0.0,0.0,False,Qwen/Qwen2.5-Coder-32B-Instruct-AWQ,None
2018,Bar,Easy,7.7915,7.7915,1,0.0,0.0,0.0,0.0,0.0,0.0,0.0,0.0,0.0,0.0,1.0,0.0,0.0,False,Qwen/Qwen2.5-Coder-32B-Instruct-AWQ,None
2018,Bar,Easy,7.7915,7.7915,1,0.0,0.0,0.0,0.0,0.0,0.0,0.0,0.0,0.0,0.0,1.0,0.0,0.0,False,Qwen/Qwen2.5-Coder-32B-Instruct-AWQ,None
2018,Bar,Easy,7.7915,7.7915,1,0.0,0.0,0.0,0.0,0.0,0.0,0.0,0.0,0.0,0.0,1.0,0.0,0.0,False,Qwen/Qwen2.5-Coder-32B-Instruct-AWQ,None
2019,Bar,Easy,5.5953,5.5953,1,0.0,0.0,0.0,0.0,0.0,0.0,0.0,0.0,0.0,0.0,1.0,0.0,0.0,False,Qwen/Qwen2.5-Coder-32B-Instruct-AWQ,None
2019,Bar,Easy,5.5953,5.5953,1,0.0,0.0,0.0,0.0,0.0,0.0,0.0,0.0,0.0,0.0,1.0,0.0,0.0,False,Qwen/Qwen2.5-Coder-32B-Instruct-AWQ,None
2019,Bar,Easy,5.5953,5.5953,1,0.0,0.0,0.0,0.0,0.0,0.0,0.0,0.0,0.0,0.0,1.0,0.0,0.0,False,Qwen/Qwen2.5-Coder-32B-Instruct-AWQ,None
2021,Line,Easy,5.6257,5.6257,1,0.0,0.0,0.0,0.0,0.0,0.0,0.0,0.0,0.0,0.0,1.0,0.0,0.0,False,Qwen/Qwen2.5-Coder-32B-Instruct-AWQ,None
2021,Line,Easy,5.6257,5.6257,1,0.0,0.0,0.0,0.0,0.0,0.0,0.0,0.0,0.0,0.0,1.0,0.0,0.0,False,Qwen/Qwen2.5-Coder-32B-Instruct-AWQ,None
2021,Line,Easy,5.6257,5.6257,1,0.0,0.0,0.0,0.0,0.0,0.0,0.0,0.0,0.0,0.0,1.0,0.0,0.0,False,Qwen/Qwen2.5-Coder-32B-Instruct-AWQ,None
2027,Bar,Medium,10.8398,10.8398,1,0.0,0.0,0.0,0.0,0.0,0.0,0.0,0.0,0.0,0.0,1.0,0.0,0.0,False,Qwen/Qwen2.5-Coder-32B-Instruct-AWQ,None
2027,Bar,Medium,10.8398,10.8398,1,0.0,0.0,0.0,0.0,0.0,0.0,0.0,0.0,0.0,0.0,1.0,0.0,0.0,False,Qwen/Qwen2.5-Coder-32B-Instruct-AWQ,None
2027,Bar,Medium,10.8398,10.8398,1,0.0,0.0,0.0,0.0,0.0,0.0,0.0,0.0,0.0,0.0,1.0,0.0,0.0,False,Qwen/Qwen2.5-Coder-32B-Instruct-AWQ,None
2036,Bar,Medium,11.1835,11.1835,1,0.0,0.0,0.0,0.0,1.0,0.0,0.0,0.0,0.0,1.0,0.0,,0.0,False,Qwen/Qwen2.5-Coder-32B-Instruct-AWQ,None
2036,Bar,Medium,11.1835,11.1835,1,0.0,0.0,0.0,0.0,1.0,0.0,0.0,0.0,0.0,1.0,0.0,,0.0,False,Qwen/Qwen2.5-Coder-32B-Instruct-AWQ,None
2036,Bar,Medium,11.1835,11.1835,1,0.0,0.0,0.0,0.0,1.0,0.0,0.0,0.0,0.0,1.0,0.0,,0.0,False,Qwen/Qwen2.5-Coder-32B-Instruct-AWQ,None
2059,Pie,Hard,15.0732,30.1464,2,0.0,0.0,0.0,0.0,0.5,0.0,0.0,0.0,0.0,0.5,0.5,0.0,0.0,True,Qwen/Qwen2.5-Coder-32B-Instruct-AWQ,None
2059,Pie,Hard,15.0732,30.1464,2,0.0,0.0,0.0,0.0,0.5,0.0,0.0,0.0,0.0,0.5,0.5,0.0,0.0,True,Qwen/Qwen2.5-Coder-32B-Instruct-AWQ,None
2059,Pie,Hard,15.0732,30.1464,2,0.0,0.0,0.0,0.0,0.5,0.0,0.0,0.0,0.0,0.5,0.5,0.0,0.0,True,Qwen/Qwen2.5-Coder-32B-Instruct-AWQ,None
2065,Pie,Medium,6.0383,18.1149,3,0.0,0.0,0.0,0.0,0.0,0.0,0.0,0.0,0.0,0.0,1.0,0.0,0.0,False,Qwen/Qwen2.5-Coder-32B-Instruct-AWQ,None
2065,Pie,Medium,6.0383,18.1149,3,0.0,0.0,0.0,0.0,0.0,0.0,0.0,0.0,0.0,0.0,1.0,0.0,0.0,False,Qwen/Qwen2.5-Coder-32B-Instruct-AWQ,None
2065,Pie,Medium,6.0383,18.1149,3,0.0,0.0,0.0,0.0,0.0,0.0,0.0,0.0,0.0,0.0,1.0,0.0,0.0,False,Qwen/Qwen2.5-Coder-32B-Instruct-AWQ,None
2067,Pie,Medium,8.205,16.4101,2,0.0,0.0,0.0,0.0,0.0,0.0,0.0,0.0,0.0,0.0,1.0,0.0,0.0,False,Qwen/Qwen2.5-Coder-32B-Instruct-AWQ,None
2067,Pie,Medium,8.205,16.4101,2,0.0,0.0,0.0,0.0,0.0,0.0,0.0,0.0,0.0,0.0,1.0,0.0,0.0,False,Qwen/Qwen2.5-Coder-32B-Instruct-AWQ,None
2067,Pie,Medium,8.205,16.4101,2,0.0,0.0,0.0,0.0,0.0,0.0,0.0,0.0,0.0,0.0,1.0,0.0,0.0,False,Qwen/Qwen2.5-Coder-32B-Instruct-AWQ,None
2071,Pie,Medium,9.6427,19.2854,2,0.0,0.0,0.0,0.0,0.0,0.0,0.0,0.0,0.0,0.0,1.0,0.0,0.0,True,Qwen/Qwen2.5-Coder-32B-Instruct-AWQ,None
2071,Pie,Medium,9.6427,19.2854,2,0.0,0.0,0.0,0.0,0.0,0.0,0.0,0.0,0.0,0.0,1.0,0.0,0.0,True,Qwen/Qwen2.5-Coder-32B-Instruct-AWQ,None
2071,Pie,Medium,9.6427,19.2854,2,0.0,0.0,0.0,0.0,0.0,0.0,0.0,0.0,0.0,0.0,1.0,0.0,0.0,True,Qwen/Qwen2.5-Coder-32B-Instruct-AWQ,None
2074,Pie,Extra Hard,16.708,16.708,1,0.0,0.0,0.0,0.0,0.0,0.0,0.0,0.0,0.0,0.0,1.0,0.0,0.0,True,Qwen/Qwen2.5-Coder-32B-Instruct-AWQ,None
2074,Pie,Extra Hard,16.708,16.708,1,0.0,0.0,0.0,0.0,0.0,0.0,0.0,0.0,0.0,0.0,1.0,0.0,0.0,True,Qwen/Qwen2.5-Coder-32B-Instruct-AWQ,None
2074,Pie,Extra Hard,16.708,16.708,1,0.0,0.0,0.0,0.0,0.0,0.0,0.0,0.0,0.0,0.0,1.0,0.0,0.0,True,Qwen/Qwen2.5-Coder-32B-Instruct-AWQ,None
2093,Pie,Medium,26.8022,53.6043,2,0.5,0.0,0.0,0.0,0.0,0.0,0.0,0.0,0.5,0.0,0.5,0.0,0.0,True,Qwen/Qwen2.5-Coder-32B-Instruct-AWQ,None
2093,Pie,Medium,26.8022,53.6043,2,0.5,0.0,0.0,0.0,0.0,0.0,0.0,0.0,0.5,0.0,0.5,0.0,0.0,True,Qwen/Qwen2.5-Coder-32B-Instruct-AWQ,None
2093,Pie,Medium,26.8022,53.6043,2,0.5,0.0,0.0,0.0,0.0,0.0,0.0,0.0,0.5,0.0,0.5,0.0,0.0,True,Qwen/Qwen2.5-Coder-32B-Instruct-AWQ,None
2096,Bar,Medium,7.4881,7.4881,1,0.0,0.0,0.0,0.0,0.0,0.0,0.0,0.0,0.0,0.0,1.0,0.0,0.0,True,Qwen/Qwen2.5-Coder-32B-Instruct-AWQ,None
2096,Bar,Medium,7.4881,7.4881,1,0.0,0.0,0.0,0.0,0.0,0.0,0.0,0.0,0.0,0.0,1.0,0.0,0.0,True,Qwen/Qwen2.5-Coder-32B-Instruct-AWQ,None
2096,Bar,Medium,7.4881,7.4881,1,0.0,0.0,0.0,0.0,0.0,0.0,0.0,0.0,0.0,0.0,1.0,0.0,0.0,True,Qwen/Qwen2.5-Coder-32B-Instruct-AWQ,None
2110,Bar,Easy,5.7575,11.5151,2,0.0,0.0,0.0,0.0,0.0,0.0,0.0,0.0,0.0,0.0,1.0,0.0,0.0,False,Qwen/Qwen2.5-Coder-32B-Instruct-AWQ,None
2110,Bar,Easy,5.7575,11.5151,2,0.0,0.0,0.0,0.0,0.0,0.0,0.0,0.0,0.0,0.0,1.0,0.0,0.0,False,Qwen/Qwen2.5-Coder-32B-Instruct-AWQ,None
2110,Bar,Easy,5.7575,11.5151,2,0.0,0.0,0.0,0.0,0.0,0.0,0.0,0.0,0.0,0.0,1.0,0.0,0.0,False,Qwen/Qwen2.5-Coder-32B-Instruct-AWQ,None
2119,Bar,Easy,30.3961,60.7923,2,0.5,0.0,0.0,0.0,0.0,0.0,0.0,0.0,0.5,0.0,0.5,0.0,0.0,False,Qwen/Qwen2.5-Coder-32B-Instruct-AWQ,None
2119,Bar,Easy,30.3961,60.7923,2,0.5,0.0,0.0,0.0,0.0,0.0,0.0,0.0,0.5,0.0,0.5,0.0,0.0,False,Qwen/Qwen2.5-Coder-32B-Instruct-AWQ,None
2119,Bar,Easy,30.3961,60.7923,2,0.5,0.0,0.0,0.0,0.0,0.0,0.0,0.0,0.5,0.0,0.5,0.0,0.0,False,Qwen/Qwen2.5-Coder-32B-Instruct-AWQ,None
2132,Pie,Hard,10.9886,10.9886,1,0.0,0.0,0.0,0.0,0.0,0.0,0.0,0.0,0.0,0.0,1.0,0.0,0.0,True,Qwen/Qwen2.5-Coder-32B-Instruct-AWQ,None
2132,Pie,Hard,10.9886,10.9886,1,0.0,0.0,0.0,0.0,0.0,0.0,0.0,0.0,0.0,0.0,1.0,0.0,0.0,True,Qwen/Qwen2.5-Coder-32B-Instruct-AWQ,None
2132,Pie,Hard,10.9886,10.9886,1,0.0,0.0,0.0,0.0,0.0,0.0,0.0,0.0,0.0,0.0,1.0,0.0,0.0,True,Qwen/Qwen2.5-Coder-32B-Instruct-AWQ,None
2144,Bar,Medium,21.735,21.735,1,0.0,0.0,0.0,0.0,0.0,0.0,0.0,0.0,0.0,0.0,1.0,0.0,0.0,True,Qwen/Qwen2.5-Coder-32B-Instruct-AWQ,None
2144,Bar,Medium,21.735,21.735,1,0.0,0.0,0.0,0.0,0.0,0.0,0.0,0.0,0.0,0.0,1.0,0.0,0.0,True,Qwen/Qwen2.5-Coder-32B-Instruct-AWQ,None
2144,Bar,Medium,21.735,21.735,1,0.0,0.0,0.0,0.0,0.0,0.0,0.0,0.0,0.0,0.0,1.0,0.0,0.0,True,Qwen/Qwen2.5-Coder-32B-Instruct-AWQ,None
2155,Pie,Hard,38.4172,38.4172,1,0.0,0.0,0.0,0.0,1.0,0.0,0.0,0.0,0.0,1.0,0.0,,0.0,True,Qwen/Qwen2.5-Coder-32B-Instruct-AWQ,None
2155,Pie,Hard,38.4172,38.4172,1,0.0,0.0,0.0,0.0,1.0,0.0,0.0,0.0,0.0,1.0,0.0,,0.0,True,Qwen/Qwen2.5-Coder-32B-Instruct-AWQ,None
2155,Pie,Hard,38.4172,38.4172,1,0.0,0.0,0.0,0.0,1.0,0.0,0.0,0.0,0.0,1.0,0.0,,0.0,True,Qwen/Qwen2.5-Coder-32B-Instruct-AWQ,None
2161,Pie,Hard,15.44,46.3199,3,0.0,0.0,0.0,0.0,0.0,0.0,0.0,0.0,0.0,0.0,1.0,0.0,0.0,True,Qwen/Qwen2.5-Coder-32B-Instruct-AWQ,None
2161,Pie,Hard,15.44,46.3199,3,0.0,0.0,0.0,0.0,0.0,0.0,0.0,0.0,0.0,0.0,1.0,0.0,0.0,True,Qwen/Qwen2.5-Coder-32B-Instruct-AWQ,None
2161,Pie,Hard,15.44,46.3199,3,0.0,0.0,0.0,0.0,0.0,0.0,0.0,0.0,0.0,0.0,1.0,0.0,0.0,True,Qwen/Qwen2.5-Coder-32B-Instruct-AWQ,None
2166,Pie,Medium,11.7971,11.7971,1,0.0,0.0,0.0,0.0,0.0,0.0,0.0,0.0,0.0,0.0,1.0,0.0,0.0,True,Qwen/Qwen2.5-Coder-32B-Instruct-AWQ,None
2166,Pie,Medium,11.7971,11.7971,1,0.0,0.0,0.0,0.0,0.0,0.0,0.0,0.0,0.0,0.0,1.0,0.0,0.0,True,Qwen/Qwen2.5-Coder-32B-Instruct-AWQ,None
2166,Pie,Medium,11.7971,11.7971,1,0.0,0.0,0.0,0.0,0.0,0.0,0.0,0.0,0.0,0.0,1.0,0.0,0.0,True,Qwen/Qwen2.5-Coder-32B-Instruct-AWQ,None
2167,Bar,Medium,11.6826,35.0478,3,0.0,0.0,0.0,0.0,0.0,0.0,0.0,0.0,0.0,0.0,1.0,0.0,0.0,True,Qwen/Qwen2.5-Coder-32B-Instruct-AWQ,None
2167,Bar,Medium,11.6826,35.0478,3,0.0,0.0,0.0,0.0,0.0,0.0,0.0,0.0,0.0,0.0,1.0,0.0,0.0,True,Qwen/Qwen2.5-Coder-32B-Instruct-AWQ,None
2167,Bar,Medium,11.6826,35.0478,3,0.0,0.0,0.0,0.0,0.0,0.0,0.0,0.0,0.0,0.0,1.0,0.0,0.0,True,Qwen/Qwen2.5-Coder-32B-Instruct-AWQ,None
2168,Pie,Easy,5.2294,15.6882,3,0.0,0.0,0.0,0.0,0.0,0.0,0.0,0.0,0.0,0.0,1.0,0.0,0.0,False,Qwen/Qwen2.5-Coder-32B-Instruct-AWQ,None
2168,Pie,Easy,5.2294,15.6882,3,0.0,0.0,0.0,0.0,0.0,0.0,0.0,0.0,0.0,0.0,1.0,0.0,0.0,False,Qwen/Qwen2.5-Coder-32B-Instruct-AWQ,None
2168,Pie,Easy,5.2294,15.6882,3,0.0,0.0,0.0,0.0,0.0,0.0,0.0,0.0,0.0,0.0,1.0,0.0,0.0,False,Qwen/Qwen2.5-Coder-32B-Instruct-AWQ,None
2170,Pie,Hard,35.5791,35.5791,1,0.0,0.0,0.0,0.0,1.0,0.0,0.0,0.0,0.0,1.0,0.0,,0.0,True,Qwen/Qwen2.5-Coder-32B-Instruct-AWQ,None
2170,Pie,Hard,35.5791,35.5791,1,0.0,0.0,0.0,0.0,1.0,0.0,0.0,0.0,0.0,1.0,0.0,,0.0,True,Qwen/Qwen2.5-Coder-32B-Instruct-AWQ,None
2170,Pie,Hard,35.5791,35.5791,1,0.0,0.0,0.0,0.0,1.0,0.0,0.0,0.0,0.0,1.0,0.0,,0.0,True,Qwen/Qwen2.5-Coder-32B-Instruct-AWQ,None
2171,Bar,Hard,29.2091,87.6274,3,0.0,0.0,0.0,0.0,0.6666666666666666,0.0,0.0,0.0,0.0,0.6666666666666666,0.3333333333333333,0.0,0.0,True,Qwen/Qwen2.5-Coder-32B-Instruct-AWQ,None
2171,Bar,Hard,29.2091,87.6274,3,0.0,0.0,0.0,0.0,0.6666666666666666,0.0,0.0,0.0,0.0,0.6666666666666666,0.3333333333333333,0.0,0.0,True,Qwen/Qwen2.5-Coder-32B-Instruct-AWQ,None
2171,Bar,Hard,29.2091,87.6274,3,0.0,0.0,0.0,0.0,0.6666666666666666,0.0,0.0,0.0,0.0,0.6666666666666666,0.3333333333333333,0.0,0.0,True,Qwen/Qwen2.5-Coder-32B-Instruct-AWQ,None
2172,Bar,Medium,7.1139,21.3418,3,0.0,0.0,0.0,0.0,0.0,0.0,0.0,0.0,0.0,0.0,1.0,0.0,0.0,False,Qwen/Qwen2.5-Coder-32B-Instruct-AWQ,None
2172,Bar,Medium,7.1139,21.3418,3,0.0,0.0,0.0,0.0,0.0,0.0,0.0,0.0,0.0,0.0,1.0,0.0,0.0,False,Qwen/Qwen2.5-Coder-32B-Instruct-AWQ,None
2172,Bar,Medium,7.1139,21.3418,3,0.0,0.0,0.0,0.0,0.0,0.0,0.0,0.0,0.0,0.0,1.0,0.0,0.0,False,Qwen/Qwen2.5-Coder-32B-Instruct-AWQ,None
2174,Bar,Easy,9.7389,9.7389,1,0.0,0.0,0.0,0.0,0.0,0.0,0.0,0.0,0.0,0.0,1.0,0.0,0.0,False,Qwen/Qwen2.5-Coder-32B-Instruct-AWQ,None
2174,Bar,Easy,9.7389,9.7389,1,0.0,0.0,0.0,0.0,0.0,0.0,0.0,0.0,0.0,0.0,1.0,0.0,0.0,False,Qwen/Qwen2.5-Coder-32B-Instruct-AWQ,None
2174,Bar,Easy,9.7389,9.7389,1,0.0,0.0,0.0,0.0,0.0,0.0,0.0,0.0,0.0,0.0,1.0,0.0,0.0,False,Qwen/Qwen2.5-Coder-32B-Instruct-AWQ,None
2180,Bar,Easy,4.5553,13.666,3,0.0,0.0,0.0,0.0,0.0,0.0,0.0,0.0,0.0,0.0,1.0,0.0,0.0,False,Qwen/Qwen2.5-Coder-32B-Instruct-AWQ,None
2180,Bar,Easy,4.5553,13.666,3,0.0,0.0,0.0,0.0,0.0,0.0,0.0,0.0,0.0,0.0,1.0,0.0,0.0,False,Qwen/Qwen2.5-Coder-32B-Instruct-AWQ,None
2180,Bar,Easy,4.5553,13.666,3,0.0,0.0,0.0,0.0,0.0,0.0,0.0,0.0,0.0,0.0,1.0,0.0,0.0,False,Qwen/Qwen2.5-Coder-32B-Instruct-AWQ,None
2181,Bar,Easy,7.5364,30.1457,4,0.0,0.0,0.0,0.0,0.0,0.0,0.0,0.0,0.0,0.0,1.0,0.0,0.0,False,Qwen/Qwen2.5-Coder-32B-Instruct-AWQ,None
2181,Bar,Easy,7.5364,30.1457,4,0.0,0.0,0.0,0.0,0.0,0.0,0.0,0.0,0.0,0.0,1.0,0.0,0.0,False,Qwen/Qwen2.5-Coder-32B-Instruct-AWQ,None
2181,Bar,Easy,7.5364,30.1457,4,0.0,0.0,0.0,0.0,0.0,0.0,0.0,0.0,0.0,0.0,1.0,0.0,0.0,False,Qwen/Qwen2.5-Coder-32B-Instruct-AWQ,None
2218,Bar,Medium,10.2554,51.277,5,0.0,0.0,0.0,0.0,0.0,0.0,0.0,0.0,0.0,0.0,1.0,0.0,0.0,True,Qwen/Qwen2.5-Coder-32B-Instruct-AWQ,None
2218,Bar,Medium,10.2554,51.277,5,0.0,0.0,0.0,0.0,0.0,0.0,0.0,0.0,0.0,0.0,1.0,0.0,0.0,True,Qwen/Qwen2.5-Coder-32B-Instruct-AWQ,None
2218,Bar,Medium,10.2554,51.277,5,0.0,0.0,0.0,0.0,0.0,0.0,0.0,0.0,0.0,0.0,1.0,0.0,0.0,True,Qwen/Qwen2.5-Coder-32B-Instruct-AWQ,None
2219,Bar,Medium,10.4073,41.6291,4,0.0,0.0,0.0,0.0,0.0,0.0,0.0,0.0,0.0,0.0,1.0,0.0,0.0,True,Qwen/Qwen2.5-Coder-32B-Instruct-AWQ,None
2219,Bar,Medium,10.4073,41.6291,4,0.0,0.0,0.0,0.0,0.0,0.0,0.0,0.0,0.0,0.0,1.0,0.0,0.0,True,Qwen/Qwen2.5-Coder-32B-Instruct-AWQ,None
2219,Bar,Medium,10.4073,41.6291,4,0.0,0.0,0.0,0.0,0.0,0.0,0.0,0.0,0.0,0.0,1.0,0.0,0.0,True,Qwen/Qwen2.5-Coder-32B-Instruct-AWQ,None
2226,Bar,Medium,9.1611,45.8057,5,0.0,0.0,0.0,0.0,0.0,0.0,0.0,0.0,0.0,0.0,1.0,0.0,0.0,True,Qwen/Qwen2.5-Coder-32B-Instruct-AWQ,None
2226,Bar,Medium,9.1611,45.8057,5,0.0,0.0,0.0,0.0,0.0,0.0,0.0,0.0,0.0,0.0,1.0,0.0,0.0,True,Qwen/Qwen2.5-Coder-32B-Instruct-AWQ,None
2226,Bar,Medium,9.1611,45.8057,5,0.0,0.0,0.0,0.0,0.0,0.0,0.0,0.0,0.0,0.0,1.0,0.0,0.0,True,Qwen/Qwen2.5-Coder-32B-Instruct-AWQ,None
2229,Bar,Medium,12.992,64.9602,5,0.0,0.0,0.0,0.0,0.0,0.0,0.0,0.0,0.0,0.0,1.0,0.0,0.0,True,Qwen/Qwen2.5-Coder-32B-Instruct-AWQ,None
2229,Bar,Medium,12.992,64.9602,5,0.0,0.0,0.0,0.0,0.0,0.0,0.0,0.0,0.0,0.0,1.0,0.0,0.0,True,Qwen/Qwen2.5-Coder-32B-Instruct-AWQ,None
2229,Bar,Medium,12.992,64.9602,5,0.0,0.0,0.0,0.0,0.0,0.0,0.0,0.0,0.0,0.0,1.0,0.0,0.0,True,Qwen/Qwen2.5-Coder-32B-Instruct-AWQ,None
2230,Bar,Medium,11.3237,56.6187,5,0.0,0.0,0.0,0.0,0.0,0.0,0.0,0.0,0.0,0.0,1.0,0.0,0.0,True,Qwen/Qwen2.5-Coder-32B-Instruct-AWQ,None
2230,Bar,Medium,11.3237,56.6187,5,0.0,0.0,0.0,0.0,0.0,0.0,0.0,0.0,0.0,0.0,1.0,0.0,0.0,True,Qwen/Qwen2.5-Coder-32B-Instruct-AWQ,None
2230,Bar,Medium,11.3237,56.6187,5,0.0,0.0,0.0,0.0,0.0,0.0,0.0,0.0,0.0,0.0,1.0,0.0,0.0,True,Qwen/Qwen2.5-Coder-32B-Instruct-AWQ,None
2270,Scatter,Easy,11.1578,44.6313,4,0.0,0.0,0.0,0.0,0.0,0.0,0.0,0.0,0.0,0.0,1.0,0.0,0.0,True,Qwen/Qwen2.5-Coder-32B-Instruct-AWQ,None
2270,Scatter,Easy,11.1578,44.6313,4,0.0,0.0,0.0,0.0,0.0,0.0,0.0,0.0,0.0,0.0,1.0,0.0,0.0,True,Qwen/Qwen2.5-Coder-32B-Instruct-AWQ,None
2270,Scatter,Easy,11.1578,44.6313,4,0.0,0.0,0.0,0.0,0.0,0.0,0.0,0.0,0.0,0.0,1.0,0.0,0.0,True,Qwen/Qwen2.5-Coder-32B-Instruct-AWQ,None
2280,Grouping Scatter,Medium,33.771,67.542,2,0.5,0.0,0.0,0.0,0.5,0.0,0.0,0.0,0.5,0.5,0.0,,0.0,True,Qwen/Qwen2.5-Coder-32B-Instruct-AWQ,None
2280,Grouping Scatter,Medium,33.771,67.542,2,0.5,0.0,0.0,0.0,0.5,0.0,0.0,0.0,0.5,0.5,0.0,,0.0,True,Qwen/Qwen2.5-Coder-32B-Instruct-AWQ,None
2280,Grouping Scatter,Medium,33.771,67.542,2,0.5,0.0,0.0,0.0,0.5,0.0,0.0,0.0,0.5,0.5,0.0,,0.0,True,Qwen/Qwen2.5-Coder-32B-Instruct-AWQ,None
2289,Grouping Scatter,Medium,36.5626,182.8131,5,0.6,0.0,0.0,0.0,0.4,0.0,0.0,0.0,0.6,0.4,0.0,,0.0,True,Qwen/Qwen2.5-Coder-32B-Instruct-AWQ,None
2289,Grouping Scatter,Medium,36.5626,182.8131,5,0.6,0.0,0.0,0.0,0.4,0.0,0.0,0.0,0.6,0.4,0.0,,0.0,True,Qwen/Qwen2.5-Coder-32B-Instruct-AWQ,None
2289,Grouping Scatter,Medium,36.5626,182.8131,5,0.6,0.0,0.0,0.0,0.4,0.0,0.0,0.0,0.6,0.4,0.0,,0.0,True,Qwen/Qwen2.5-Coder-32B-Instruct-AWQ,None
2299,Grouping Scatter,Medium,40.3936,40.3936,1,1.0,0.0,0.0,0.0,0.0,0.0,0.0,0.0,1.0,0.0,0.0,,0.0,True,Qwen/Qwen2.5-Coder-32B-Instruct-AWQ,None
2299,Grouping Scatter,Medium,40.3936,40.3936,1,1.0,0.0,0.0,0.0,0.0,0.0,0.0,0.0,1.0,0.0,0.0,,0.0,True,Qwen/Qwen2.5-Coder-32B-Instruct-AWQ,None
2299,Grouping Scatter,Medium,40.3936,40.3936,1,1.0,0.0,0.0,0.0,0.0,0.0,0.0,0.0,1.0,0.0,0.0,,0.0,True,Qwen/Qwen2.5-Coder-32B-Instruct-AWQ,None
2303,Bar,Easy,6.9739,13.9477,2,0.0,0.0,0.0,0.0,0.0,0.0,0.0,0.0,0.0,0.0,1.0,0.0,0.0,False,Qwen/Qwen2.5-Coder-32B-Instruct-AWQ,None
2303,Bar,Easy,6.9739,13.9477,2,0.0,0.0,0.0,0.0,0.0,0.0,0.0,0.0,0.0,0.0,1.0,0.0,0.0,False,Qwen/Qwen2.5-Coder-32B-Instruct-AWQ,None
2303,Bar,Easy,6.9739,13.9477,2,0.0,0.0,0.0,0.0,0.0,0.0,0.0,0.0,0.0,0.0,1.0,0.0,0.0,False,Qwen/Qwen2.5-Coder-32B-Instruct-AWQ,None
2304,Bar,Easy,7.0005,7.0005,1,0.0,0.0,0.0,0.0,0.0,0.0,0.0,0.0,0.0,0.0,1.0,0.0,0.0,False,Qwen/Qwen2.5-Coder-32B-Instruct-AWQ,None
2304,Bar,Easy,7.0005,7.0005,1,0.0,0.0,0.0,0.0,0.0,0.0,0.0,0.0,0.0,0.0,1.0,0.0,0.0,False,Qwen/Qwen2.5-Coder-32B-Instruct-AWQ,None
2304,Bar,Easy,7.0005,7.0005,1,0.0,0.0,0.0,0.0,0.0,0.0,0.0,0.0,0.0,0.0,1.0,0.0,0.0,False,Qwen/Qwen2.5-Coder-32B-Instruct-AWQ,None
2307,Pie,Easy,18.7085,18.7085,1,0.0,0.0,0.0,0.0,1.0,0.0,0.0,0.0,0.0,1.0,0.0,,0.0,False,Qwen/Qwen2.5-Coder-32B-Instruct-AWQ,None
2307,Pie,Easy,18.7085,18.7085,1,0.0,0.0,0.0,0.0,1.0,0.0,0.0,0.0,0.0,1.0,0.0,,0.0,False,Qwen/Qwen2.5-Coder-32B-Instruct-AWQ,None
2307,Pie,Easy,18.7085,18.7085,1,0.0,0.0,0.0,0.0,1.0,0.0,0.0,0.0,0.0,1.0,0.0,,0.0,False,Qwen/Qwen2.5-Coder-32B-Instruct-AWQ,None
2309,Pie,Medium,51.9922,51.9922,1,1.0,0.0,0.0,0.0,0.0,0.0,0.0,0.0,1.0,0.0,0.0,,0.0,True,Qwen/Qwen2.5-Coder-32B-Instruct-AWQ,None
2309,Pie,Medium,51.9922,51.9922,1,1.0,0.0,0.0,0.0,0.0,0.0,0.0,0.0,1.0,0.0,0.0,,0.0,True,Qwen/Qwen2.5-Coder-32B-Instruct-AWQ,None
2309,Pie,Medium,51.9922,51.9922,1,1.0,0.0,0.0,0.0,0.0,0.0,0.0,0.0,1.0,0.0,0.0,,0.0,True,Qwen/Qwen2.5-Coder-32B-Instruct-AWQ,None
2311,Pie,Easy,15.0253,30.0506,2,0.0,0.0,0.0,0.0,1.0,0.0,0.0,0.0,0.0,1.0,0.0,,0.0,False,Qwen/Qwen2.5-Coder-32B-Instruct-AWQ,None
2311,Pie,Easy,15.0253,30.0506,2,0.0,0.0,0.0,0.0,1.0,0.0,0.0,0.0,0.0,1.0,0.0,,0.0,False,Qwen/Qwen2.5-Coder-32B-Instruct-AWQ,None
2311,Pie,Easy,15.0253,30.0506,2,0.0,0.0,0.0,0.0,1.0,0.0,0.0,0.0,0.0,1.0,0.0,,0.0,False,Qwen/Qwen2.5-Coder-32B-Instruct-AWQ,None
2343,Pie,Hard,12.7774,38.3321,3,0.0,0.0,0.0,0.0,1.0,0.0,0.0,0.0,0.0,1.0,0.0,,0.0,True,Qwen/Qwen2.5-Coder-32B-Instruct-AWQ,None
2343,Pie,Hard,12.7774,38.3321,3,0.0,0.0,0.0,0.0,1.0,0.0,0.0,0.0,0.0,1.0,0.0,,0.0,True,Qwen/Qwen2.5-Coder-32B-Instruct-AWQ,None
2343,Pie,Hard,12.7774,38.3321,3,0.0,0.0,0.0,0.0,1.0,0.0,0.0,0.0,0.0,1.0,0.0,,0.0,True,Qwen/Qwen2.5-Coder-32B-Instruct-AWQ,None
2344,Bar,Hard,13.0116,39.0347,3,0.0,0.0,0.0,0.0,0.0,0.0,0.0,0.0,0.0,0.0,1.0,0.0,0.0,True,Qwen/Qwen2.5-Coder-32B-Instruct-AWQ,None
2344,Bar,Hard,13.0116,39.0347,3,0.0,0.0,0.0,0.0,0.0,0.0,0.0,0.0,0.0,0.0,1.0,0.0,0.0,True,Qwen/Qwen2.5-Coder-32B-Instruct-AWQ,None
2344,Bar,Hard,13.0116,39.0347,3,0.0,0.0,0.0,0.0,0.0,0.0,0.0,0.0,0.0,0.0,1.0,0.0,0.0,True,Qwen/Qwen2.5-Coder-32B-Instruct-AWQ,None
2346,Pie,Extra Hard,30.9094,61.8188,2,0.5,0.0,0.0,0.0,0.0,0.0,0.0,0.0,0.5,0.0,0.5,0.0,0.0,True,Qwen/Qwen2.5-Coder-32B-Instruct-AWQ,None
2346,Pie,Extra Hard,30.9094,61.8188,2,0.5,0.0,0.0,0.0,0.0,0.0,0.0,0.0,0.5,0.0,0.5,0.0,0.0,True,Qwen/Qwen2.5-Coder-32B-Instruct-AWQ,None
2346,Pie,Extra Hard,30.9094,61.8188,2,0.5,0.0,0.0,0.0,0.0,0.0,0.0,0.0,0.5,0.0,0.5,0.0,0.0,True,Qwen/Qwen2.5-Coder-32B-Instruct-AWQ,None
2348,Pie,Easy,4.5822,9.1644,2,0.0,0.0,0.0,0.0,0.0,0.0,0.0,0.0,0.0,0.0,1.0,0.0,0.0,False,Qwen/Qwen2.5-Coder-32B-Instruct-AWQ,None
2348,Pie,Easy,4.5822,9.1644,2,0.0,0.0,0.0,0.0,0.0,0.0,0.0,0.0,0.0,0.0,1.0,0.0,0.0,False,Qwen/Qwen2.5-Coder-32B-Instruct-AWQ,None
2348,Pie,Easy,4.5822,9.1644,2,0.0,0.0,0.0,0.0,0.0,0.0,0.0,0.0,0.0,0.0,1.0,0.0,0.0,False,Qwen/Qwen2.5-Coder-32B-Instruct-AWQ,None
2350,Pie,Easy,6.0157,6.0157,1,0.0,0.0,0.0,0.0,0.0,0.0,0.0,0.0,0.0,0.0,1.0,0.0,0.0,False,Qwen/Qwen2.5-Coder-32B-Instruct-AWQ,None
2350,Pie,Easy,6.0157,6.0157,1,0.0,0.0,0.0,0.0,0.0,0.0,0.0,0.0,0.0,0.0,1.0,0.0,0.0,False,Qwen/Qwen2.5-Coder-32B-Instruct-AWQ,None
2350,Pie,Easy,6.0157,6.0157,1,0.0,0.0,0.0,0.0,0.0,0.0,0.0,0.0,0.0,0.0,1.0,0.0,0.0,False,Qwen/Qwen2.5-Coder-32B-Instruct-AWQ,None
2351,Bar,Easy,4.8473,14.542,3,0.0,0.0,0.0,0.0,0.0,0.0,0.0,0.0,0.0,0.0,1.0,0.0,0.0,False,Qwen/Qwen2.5-Coder-32B-Instruct-AWQ,None
2351,Bar,Easy,4.8473,14.542,3,0.0,0.0,0.0,0.0,0.0,0.0,0.0,0.0,0.0,0.0,1.0,0.0,0.0,False,Qwen/Qwen2.5-Coder-32B-Instruct-AWQ,None
2351,Bar,Easy,4.8473,14.542,3,0.0,0.0,0.0,0.0,0.0,0.0,0.0,0.0,0.0,0.0,1.0,0.0,0.0,False,Qwen/Qwen2.5-Coder-32B-Instruct-AWQ,None
2359,Pie,Medium,27.1143,81.3429,3,0.3333333333333333,0.0,0.0,0.3333333333333333,0.6666666666666666,0.0,0.0,0.0,0.3333333333333333,0.6666666666666666,0.0,,0.0,True,Qwen/Qwen2.5-Coder-32B-Instruct-AWQ,None
2359,Pie,Medium,27.1143,81.3429,3,0.3333333333333333,0.0,0.0,0.3333333333333333,0.6666666666666666,0.0,0.0,0.0,0.3333333333333333,0.6666666666666666,0.0,,0.0,True,Qwen/Qwen2.5-Coder-32B-Instruct-AWQ,None
2359,Pie,Medium,27.1143,81.3429,3,0.3333333333333333,0.0,0.0,0.3333333333333333,0.6666666666666666,0.0,0.0,0.0,0.3333333333333333,0.6666666666666666,0.0,,0.0,True,Qwen/Qwen2.5-Coder-32B-Instruct-AWQ,None
2371,Bar,Medium,11.1707,33.5121,3,0.0,0.0,0.0,0.0,0.0,0.0,0.0,0.0,0.0,0.0,1.0,0.0,0.0,True,Qwen/Qwen2.5-Coder-32B-Instruct-AWQ,None
2371,Bar,Medium,11.1707,33.5121,3,0.0,0.0,0.0,0.0,0.0,0.0,0.0,0.0,0.0,0.0,1.0,0.0,0.0,True,Qwen/Qwen2.5-Coder-32B-Instruct-AWQ,None
2371,Bar,Medium,11.1707,33.5121,3,0.0,0.0,0.0,0.0,0.0,0.0,0.0,0.0,0.0,0.0,1.0,0.0,0.0,True,Qwen/Qwen2.5-Coder-32B-Instruct-AWQ,None
2387,Bar,Easy,43.0137,129.0411,3,1.0,0.0,0.0,0.0,0.0,0.0,0.0,0.0,1.0,0.0,0.0,,0.0,True,Qwen/Qwen2.5-Coder-32B-Instruct-AWQ,None
2387,Bar,Easy,43.0137,129.0411,3,1.0,0.0,0.0,0.0,0.0,0.0,0.0,0.0,1.0,0.0,0.0,,0.0,True,Qwen/Qwen2.5-Coder-32B-Instruct-AWQ,None
2387,Bar,Easy,43.0137,129.0411,3,1.0,0.0,0.0,0.0,0.0,0.0,0.0,0.0,1.0,0.0,0.0,,0.0,True,Qwen/Qwen2.5-Coder-32B-Instruct-AWQ,None
2397,Pie,Medium,11.0499,11.0499,1,0.0,0.0,0.0,0.0,1.0,0.0,0.0,0.0,0.0,1.0,0.0,,0.0,True,Qwen/Qwen2.5-Coder-32B-Instruct-AWQ,None
2397,Pie,Medium,11.0499,11.0499,1,0.0,0.0,0.0,0.0,1.0,0.0,0.0,0.0,0.0,1.0,0.0,,0.0,True,Qwen/Qwen2.5-Coder-32B-Instruct-AWQ,None
2397,Pie,Medium,11.0499,11.0499,1,0.0,0.0,0.0,0.0,1.0,0.0,0.0,0.0,0.0,1.0,0.0,,0.0,True,Qwen/Qwen2.5-Coder-32B-Instruct-AWQ,None
2403,Bar,Extra Hard,12.0451,12.0451,1,0.0,0.0,0.0,0.0,0.0,0.0,0.0,0.0,0.0,0.0,1.0,0.0,0.0,True,Qwen/Qwen2.5-Coder-32B-Instruct-AWQ,None
2403,Bar,Extra Hard,12.0451,12.0451,1,0.0,0.0,0.0,0.0,0.0,0.0,0.0,0.0,0.0,0.0,1.0,0.0,0.0,True,Qwen/Qwen2.5-Coder-32B-Instruct-AWQ,None
2403,Bar,Extra Hard,12.0451,12.0451,1,0.0,0.0,0.0,0.0,0.0,0.0,0.0,0.0,0.0,0.0,1.0,0.0,0.0,True,Qwen/Qwen2.5-Coder-32B-Instruct-AWQ,None
2416,Pie,Easy,8.5543,8.5543,1,0.0,0.0,0.0,0.0,0.0,0.0,0.0,0.0,0.0,0.0,1.0,0.0,0.0,False,Qwen/Qwen2.5-Coder-32B-Instruct-AWQ,None
2416,Pie,Easy,8.5543,8.5543,1,0.0,0.0,0.0,0.0,0.0,0.0,0.0,0.0,0.0,0.0,1.0,0.0,0.0,False,Qwen/Qwen2.5-Coder-32B-Instruct-AWQ,None
2416,Pie,Easy,8.5543,8.5543,1,0.0,0.0,0.0,0.0,0.0,0.0,0.0,0.0,0.0,0.0,1.0,0.0,0.0,False,Qwen/Qwen2.5-Coder-32B-Instruct-AWQ,None
2422,Pie,Easy,28.4861,113.9442,4,0.75,0.0,0.0,0.0,0.0,0.0,0.0,0.0,0.75,0.0,0.25,0.0,0.0,False,Qwen/Qwen2.5-Coder-32B-Instruct-AWQ,None
2422,Pie,Easy,28.4861,113.9442,4,0.75,0.0,0.0,0.0,0.0,0.0,0.0,0.0,0.75,0.0,0.25,0.0,0.0,False,Qwen/Qwen2.5-Coder-32B-Instruct-AWQ,None
2422,Pie,Easy,28.4861,113.9442,4,0.75,0.0,0.0,0.0,0.0,0.0,0.0,0.0,0.75,0.0,0.25,0.0,0.0,False,Qwen/Qwen2.5-Coder-32B-Instruct-AWQ,None
2428,Bar,Easy,5.8444,29.2219,5,0.0,0.0,0.0,0.0,0.0,0.0,0.0,0.0,0.0,0.0,1.0,0.0,0.0,False,Qwen/Qwen2.5-Coder-32B-Instruct-AWQ,None
2428,Bar,Easy,5.8444,29.2219,5,0.0,0.0,0.0,0.0,0.0,0.0,0.0,0.0,0.0,0.0,1.0,0.0,0.0,False,Qwen/Qwen2.5-Coder-32B-Instruct-AWQ,None
2428,Bar,Easy,5.8444,29.2219,5,0.0,0.0,0.0,0.0,0.0,0.0,0.0,0.0,0.0,0.0,1.0,0.0,0.0,False,Qwen/Qwen2.5-Coder-32B-Instruct-AWQ,None
2429,Pie,Hard,27.3508,54.7016,2,0.5,0.0,0.0,0.0,0.0,0.0,0.0,0.0,0.5,0.0,0.5,0.0,0.0,True,Qwen/Qwen2.5-Coder-32B-Instruct-AWQ,None
2429,Pie,Hard,27.3508,54.7016,2,0.5,0.0,0.0,0.0,0.0,0.0,0.0,0.0,0.5,0.0,0.5,0.0,0.0,True,Qwen/Qwen2.5-Coder-32B-Instruct-AWQ,None
2429,Pie,Hard,27.3508,54.7016,2,0.5,0.0,0.0,0.0,0.0,0.0,0.0,0.0,0.5,0.0,0.5,0.0,0.0,True,Qwen/Qwen2.5-Coder-32B-Instruct-AWQ,None
2432,Bar,Medium,7.8057,15.6115,2,0.0,0.0,0.0,0.0,0.0,0.0,0.0,0.0,0.0,0.0,1.0,0.0,0.0,True,Qwen/Qwen2.5-Coder-32B-Instruct-AWQ,None
2432,Bar,Medium,7.8057,15.6115,2,0.0,0.0,0.0,0.0,0.0,0.0,0.0,0.0,0.0,0.0,1.0,0.0,0.0,True,Qwen/Qwen2.5-Coder-32B-Instruct-AWQ,None
2432,Bar,Medium,7.8057,15.6115,2,0.0,0.0,0.0,0.0,0.0,0.0,0.0,0.0,0.0,0.0,1.0,0.0,0.0,True,Qwen/Qwen2.5-Coder-32B-Instruct-AWQ,None
2437,Bar,Easy,19.0501,19.0501,1,0.0,0.0,0.0,0.0,1.0,0.0,0.0,0.0,0.0,1.0,0.0,,0.0,False,Qwen/Qwen2.5-Coder-32B-Instruct-AWQ,None
2437,Bar,Easy,19.0501,19.0501,1,0.0,0.0,0.0,0.0,1.0,0.0,0.0,0.0,0.0,1.0,0.0,,0.0,False,Qwen/Qwen2.5-Coder-32B-Instruct-AWQ,None
2437,Bar,Easy,19.0501,19.0501,1,0.0,0.0,0.0,0.0,1.0,0.0,0.0,0.0,0.0,1.0,0.0,,0.0,False,Qwen/Qwen2.5-Coder-32B-Instruct-AWQ,None
2440,Pie,Easy,5.0902,20.3609,4,0.0,0.0,0.0,0.0,0.25,0.0,0.0,0.0,0.0,0.25,0.75,0.0,0.0,False,Qwen/Qwen2.5-Coder-32B-Instruct-AWQ,None
2440,Pie,Easy,5.0902,20.3609,4,0.0,0.0,0.0,0.0,0.25,0.0,0.0,0.0,0.0,0.25,0.75,0.0,0.0,False,Qwen/Qwen2.5-Coder-32B-Instruct-AWQ,None
2440,Pie,Easy,5.0902,20.3609,4,0.0,0.0,0.0,0.0,0.25,0.0,0.0,0.0,0.0,0.25,0.75,0.0,0.0,False,Qwen/Qwen2.5-Coder-32B-Instruct-AWQ,None
2442,Pie,Medium,11.0621,44.2486,4,0.0,0.0,0.0,0.0,0.5,0.0,0.0,0.0,0.0,0.5,0.5,0.0,0.0,True,Qwen/Qwen2.5-Coder-32B-Instruct-AWQ,None
2442,Pie,Medium,11.0621,44.2486,4,0.0,0.0,0.0,0.0,0.5,0.0,0.0,0.0,0.0,0.5,0.5,0.0,0.0,True,Qwen/Qwen2.5-Coder-32B-Instruct-AWQ,None
2442,Pie,Medium,11.0621,44.2486,4,0.0,0.0,0.0,0.0,0.5,0.0,0.0,0.0,0.0,0.5,0.5,0.0,0.0,True,Qwen/Qwen2.5-Coder-32B-Instruct-AWQ,None
2457,Bar,Medium,11.644,34.9321,3,0.0,0.0,0.0,0.0,0.0,0.0,0.0,0.0,0.0,0.0,1.0,0.0,0.0,True,Qwen/Qwen2.5-Coder-32B-Instruct-AWQ,None
2457,Bar,Medium,11.644,34.9321,3,0.0,0.0,0.0,0.0,0.0,0.0,0.0,0.0,0.0,0.0,1.0,0.0,0.0,True,Qwen/Qwen2.5-Coder-32B-Instruct-AWQ,None
2457,Bar,Medium,11.644,34.9321,3,0.0,0.0,0.0,0.0,0.0,0.0,0.0,0.0,0.0,0.0,1.0,0.0,0.0,True,Qwen/Qwen2.5-Coder-32B-Instruct-AWQ,None
2464,Pie,Medium,27.2059,54.4117,2,0.5,0.0,0.0,0.0,0.0,0.0,0.0,0.0,0.5,0.0,0.5,0.0,0.0,False,Qwen/Qwen2.5-Coder-32B-Instruct-AWQ,None
2464,Pie,Medium,27.2059,54.4117,2,0.5,0.0,0.0,0.0,0.0,0.0,0.0,0.0,0.5,0.0,0.5,0.0,0.0,False,Qwen/Qwen2.5-Coder-32B-Instruct-AWQ,None
2464,Pie,Medium,27.2059,54.4117,2,0.5,0.0,0.0,0.0,0.0,0.0,0.0,0.0,0.5,0.0,0.5,0.0,0.0,False,Qwen/Qwen2.5-Coder-32B-Instruct-AWQ,None
2466,Pie,Easy,4.8325,14.4976,3,0.0,0.0,0.0,0.0,0.0,0.0,0.0,0.0,0.0,0.0,1.0,0.0,0.0,False,Qwen/Qwen2.5-Coder-32B-Instruct-AWQ,None
2466,Pie,Easy,4.8325,14.4976,3,0.0,0.0,0.0,0.0,0.0,0.0,0.0,0.0,0.0,0.0,1.0,0.0,0.0,False,Qwen/Qwen2.5-Coder-32B-Instruct-AWQ,None
2466,Pie,Easy,4.8325,14.4976,3,0.0,0.0,0.0,0.0,0.0,0.0,0.0,0.0,0.0,0.0,1.0,0.0,0.0,False,Qwen/Qwen2.5-Coder-32B-Instruct-AWQ,None
2471,Bar,Medium,9.1416,9.1416,1,0.0,0.0,0.0,0.0,1.0,0.0,0.0,0.0,0.0,1.0,0.0,,0.0,True,Qwen/Qwen2.5-Coder-32B-Instruct-AWQ,None
2471,Bar,Medium,9.1416,9.1416,1,0.0,0.0,0.0,0.0,1.0,0.0,0.0,0.0,0.0,1.0,0.0,,0.0,True,Qwen/Qwen2.5-Coder-32B-Instruct-AWQ,None
2471,Bar,Medium,9.1416,9.1416,1,0.0,0.0,0.0,0.0,1.0,0.0,0.0,0.0,0.0,1.0,0.0,,0.0,True,Qwen/Qwen2.5-Coder-32B-Instruct-AWQ,None
2473,Bar,Easy,5.146,36.0223,7,0.0,0.0,0.0,0.0,0.0,0.0,0.0,0.0,0.0,0.0,1.0,0.0,0.0,False,Qwen/Qwen2.5-Coder-32B-Instruct-AWQ,None
2473,Bar,Easy,5.146,36.0223,7,0.0,0.0,0.0,0.0,0.0,0.0,0.0,0.0,0.0,0.0,1.0,0.0,0.0,False,Qwen/Qwen2.5-Coder-32B-Instruct-AWQ,None
2473,Bar,Easy,5.146,36.0223,7,0.0,0.0,0.0,0.0,0.0,0.0,0.0,0.0,0.0,0.0,1.0,0.0,0.0,False,Qwen/Qwen2.5-Coder-32B-Instruct-AWQ,None
2474,Pie,Medium,19.3034,19.3034,1,0.0,0.0,0.0,0.0,0.0,0.0,0.0,0.0,0.0,0.0,1.0,0.0,0.0,True,Qwen/Qwen2.5-Coder-32B-Instruct-AWQ,None
2474,Pie,Medium,19.3034,19.3034,1,0.0,0.0,0.0,0.0,0.0,0.0,0.0,0.0,0.0,0.0,1.0,0.0,0.0,True,Qwen/Qwen2.5-Coder-32B-Instruct-AWQ,None
2474,Pie,Medium,19.3034,19.3034,1,0.0,0.0,0.0,0.0,0.0,0.0,0.0,0.0,0.0,0.0,1.0,0.0,0.0,True,Qwen/Qwen2.5-Coder-32B-Instruct-AWQ,None
2476,Bar,Medium,10.8111,21.6221,2,0.0,0.0,0.0,0.0,0.5,0.0,0.0,0.0,0.0,0.5,0.5,0.0,0.0,True,Qwen/Qwen2.5-Coder-32B-Instruct-AWQ,None
2476,Bar,Medium,10.8111,21.6221,2,0.0,0.0,0.0,0.0,0.5,0.0,0.0,0.0,0.0,0.5,0.5,0.0,0.0,True,Qwen/Qwen2.5-Coder-32B-Instruct-AWQ,None
2476,Bar,Medium,10.8111,21.6221,2,0.0,0.0,0.0,0.0,0.5,0.0,0.0,0.0,0.0,0.5,0.5,0.0,0.0,True,Qwen/Qwen2.5-Coder-32B-Instruct-AWQ,None
2478,Pie,Medium,37.4789,74.9578,2,0.5,0.0,0.0,0.5,0.0,0.0,0.0,0.0,0.5,0.5,0.0,,0.0,True,Qwen/Qwen2.5-Coder-32B-Instruct-AWQ,None
2478,Pie,Medium,37.4789,74.9578,2,0.5,0.0,0.0,0.5,0.0,0.0,0.0,0.0,0.5,0.5,0.0,,0.0,True,Qwen/Qwen2.5-Coder-32B-Instruct-AWQ,None
2478,Pie,Medium,37.4789,74.9578,2,0.5,0.0,0.0,0.5,0.0,0.0,0.0,0.0,0.5,0.5,0.0,,0.0,True,Qwen/Qwen2.5-Coder-32B-Instruct-AWQ,None
2479,Grouping Scatter,Medium,11.9203,23.8406,2,0.0,0.0,0.0,0.0,0.0,0.0,0.0,0.0,0.0,0.0,1.0,0.0,0.0,True,Qwen/Qwen2.5-Coder-32B-Instruct-AWQ,None
2479,Grouping Scatter,Medium,11.9203,23.8406,2,0.0,0.0,0.0,0.0,0.0,0.0,0.0,0.0,0.0,0.0,1.0,0.0,0.0,True,Qwen/Qwen2.5-Coder-32B-Instruct-AWQ,None
2479,Grouping Scatter,Medium,11.9203,23.8406,2,0.0,0.0,0.0,0.0,0.0,0.0,0.0,0.0,0.0,0.0,1.0,0.0,0.0,True,Qwen/Qwen2.5-Coder-32B-Instruct-AWQ,None
2483,Pie,Easy,4.3225,8.6451,2,0.0,0.0,0.0,0.0,0.0,0.0,0.0,0.0,0.0,0.0,1.0,0.0,0.0,False,Qwen/Qwen2.5-Coder-32B-Instruct-AWQ,None
2483,Pie,Easy,4.3225,8.6451,2,0.0,0.0,0.0,0.0,0.0,0.0,0.0,0.0,0.0,0.0,1.0,0.0,0.0,False,Qwen/Qwen2.5-Coder-32B-Instruct-AWQ,None
2483,Pie,Easy,4.3225,8.6451,2,0.0,0.0,0.0,0.0,0.0,0.0,0.0,0.0,0.0,0.0,1.0,0.0,0.0,False,Qwen/Qwen2.5-Coder-32B-Instruct-AWQ,None
2485,Pie,Easy,5.2928,10.5856,2,0.0,0.0,0.0,0.0,0.0,0.0,0.0,0.0,0.0,0.0,1.0,0.0,0.0,False,Qwen/Qwen2.5-Coder-32B-Instruct-AWQ,None
2485,Pie,Easy,5.2928,10.5856,2,0.0,0.0,0.0,0.0,0.0,0.0,0.0,0.0,0.0,0.0,1.0,0.0,0.0,False,Qwen/Qwen2.5-Coder-32B-Instruct-AWQ,None
2485,Pie,Easy,5.2928,10.5856,2,0.0,0.0,0.0,0.0,0.0,0.0,0.0,0.0,0.0,0.0,1.0,0.0,0.0,False,Qwen/Qwen2.5-Coder-32B-Instruct-AWQ,None
2489,Pie,Easy,5.8138,17.4414,3,0.0,0.0,0.0,0.0,0.0,0.0,0.0,0.0,0.0,0.0,1.0,0.0,0.0,False,Qwen/Qwen2.5-Coder-32B-Instruct-AWQ,None
2489,Pie,Easy,5.8138,17.4414,3,0.0,0.0,0.0,0.0,0.0,0.0,0.0,0.0,0.0,0.0,1.0,0.0,0.0,False,Qwen/Qwen2.5-Coder-32B-Instruct-AWQ,None
2489,Pie,Easy,5.8138,17.4414,3,0.0,0.0,0.0,0.0,0.0,0.0,0.0,0.0,0.0,0.0,1.0,0.0,0.0,False,Qwen/Qwen2.5-Coder-32B-Instruct-AWQ,None
2503,Bar,Easy,5.307,37.1491,7,0.0,0.0,0.0,0.0,0.0,0.0,0.0,0.0,0.0,0.0,1.0,0.0,0.0,False,Qwen/Qwen2.5-Coder-32B-Instruct-AWQ,None
2503,Bar,Easy,5.307,37.1491,7,0.0,0.0,0.0,0.0,0.0,0.0,0.0,0.0,0.0,0.0,1.0,0.0,0.0,False,Qwen/Qwen2.5-Coder-32B-Instruct-AWQ,None
2503,Bar,Easy,5.307,37.1491,7,0.0,0.0,0.0,0.0,0.0,0.0,0.0,0.0,0.0,0.0,1.0,0.0,0.0,False,Qwen/Qwen2.5-Coder-32B-Instruct-AWQ,None
2506,Pie,Easy,5.5804,16.7411,3,0.0,0.0,0.0,0.0,1.0,0.0,0.0,0.0,0.0,1.0,0.0,,0.0,False,Qwen/Qwen2.5-Coder-32B-Instruct-AWQ,None
2506,Pie,Easy,5.5804,16.7411,3,0.0,0.0,0.0,0.0,1.0,0.0,0.0,0.0,0.0,1.0,0.0,,0.0,False,Qwen/Qwen2.5-Coder-32B-Instruct-AWQ,None
2506,Pie,Easy,5.5804,16.7411,3,0.0,0.0,0.0,0.0,1.0,0.0,0.0,0.0,0.0,1.0,0.0,,0.0,False,Qwen/Qwen2.5-Coder-32B-Instruct-AWQ,None
2508,Pie,Medium,11.0752,55.3762,5,0.0,0.0,0.0,0.0,0.4,0.0,0.0,0.0,0.0,0.4,0.6,0.0,0.0,True,Qwen/Qwen2.5-Coder-32B-Instruct-AWQ,None
2508,Pie,Medium,11.0752,55.3762,5,0.0,0.0,0.0,0.0,0.4,0.0,0.0,0.0,0.0,0.4,0.6,0.0,0.0,True,Qwen/Qwen2.5-Coder-32B-Instruct-AWQ,None
2508,Pie,Medium,11.0752,55.3762,5,0.0,0.0,0.0,0.0,0.4,0.0,0.0,0.0,0.0,0.4,0.6,0.0,0.0,True,Qwen/Qwen2.5-Coder-32B-Instruct-AWQ,None
2512,Pie,Medium,35.4393,106.3178,3,0.6666666666666666,0.0,0.0,0.0,0.0,0.0,0.0,0.0,0.6666666666666666,0.0,0.3333333333333333,0.0,0.0,True,Qwen/Qwen2.5-Coder-32B-Instruct-AWQ,None
2512,Pie,Medium,35.4393,106.3178,3,0.6666666666666666,0.0,0.0,0.0,0.0,0.0,0.0,0.0,0.6666666666666666,0.0,0.3333333333333333,0.0,0.0,True,Qwen/Qwen2.5-Coder-32B-Instruct-AWQ,None
2512,Pie,Medium,35.4393,106.3178,3,0.6666666666666666,0.0,0.0,0.0,0.0,0.0,0.0,0.0,0.6666666666666666,0.0,0.3333333333333333,0.0,0.0,True,Qwen/Qwen2.5-Coder-32B-Instruct-AWQ,None
2516,Pie,Medium,8.5319,17.0638,2,0.0,0.0,0.0,0.0,1.0,0.0,0.0,0.0,0.0,1.0,0.0,,0.0,False,Qwen/Qwen2.5-Coder-32B-Instruct-AWQ,None
2516,Pie,Medium,8.5319,17.0638,2,0.0,0.0,0.0,0.0,1.0,0.0,0.0,0.0,0.0,1.0,0.0,,0.0,False,Qwen/Qwen2.5-Coder-32B-Instruct-AWQ,None
2516,Pie,Medium,8.5319,17.0638,2,0.0,0.0,0.0,0.0,1.0,0.0,0.0,0.0,0.0,1.0,0.0,,0.0,False,Qwen/Qwen2.5-Coder-32B-Instruct-AWQ,None
2526,Pie,Easy,5.5348,11.0695,2,0.0,0.0,0.0,0.0,1.0,0.0,0.0,0.0,0.0,1.0,0.0,,0.0,False,Qwen/Qwen2.5-Coder-32B-Instruct-AWQ,None
2526,Pie,Easy,5.5348,11.0695,2,0.0,0.0,0.0,0.0,1.0,0.0,0.0,0.0,0.0,1.0,0.0,,0.0,False,Qwen/Qwen2.5-Coder-32B-Instruct-AWQ,None
2526,Pie,Easy,5.5348,11.0695,2,0.0,0.0,0.0,0.0,1.0,0.0,0.0,0.0,0.0,1.0,0.0,,0.0,False,Qwen/Qwen2.5-Coder-32B-Instruct-AWQ,None
2536,Pie,Hard,14.4691,28.9382,2,0.0,0.0,0.0,0.0,0.5,0.0,0.0,0.0,0.0,0.5,0.5,0.0,0.0,True,Qwen/Qwen2.5-Coder-32B-Instruct-AWQ,None
2536,Pie,Hard,14.4691,28.9382,2,0.0,0.0,0.0,0.0,0.5,0.0,0.0,0.0,0.0,0.5,0.5,0.0,0.0,True,Qwen/Qwen2.5-Coder-32B-Instruct-AWQ,None
2536,Pie,Hard,14.4691,28.9382,2,0.0,0.0,0.0,0.0,0.5,0.0,0.0,0.0,0.0,0.5,0.5,0.0,0.0,True,Qwen/Qwen2.5-Coder-32B-Instruct-AWQ,None
2543,Pie,Easy,7.1244,7.1244,1,0.0,0.0,0.0,0.0,0.0,0.0,0.0,0.0,0.0,0.0,1.0,0.0,0.0,False,Qwen/Qwen2.5-Coder-32B-Instruct-AWQ,None
2543,Pie,Easy,7.1244,7.1244,1,0.0,0.0,0.0,0.0,0.0,0.0,0.0,0.0,0.0,0.0,1.0,0.0,0.0,False,Qwen/Qwen2.5-Coder-32B-Instruct-AWQ,None
2543,Pie,Easy,7.1244,7.1244,1,0.0,0.0,0.0,0.0,0.0,0.0,0.0,0.0,0.0,0.0,1.0,0.0,0.0,False,Qwen/Qwen2.5-Coder-32B-Instruct-AWQ,None
2548,Scatter,Easy,14.6724,29.3448,2,0.0,0.0,0.0,0.0,0.5,0.0,0.0,0.0,0.0,0.5,0.5,0.0,0.0,False,Qwen/Qwen2.5-Coder-32B-Instruct-AWQ,None
2548,Scatter,Easy,14.6724,29.3448,2,0.0,0.0,0.0,0.0,0.5,0.0,0.0,0.0,0.0,0.5,0.5,0.0,0.0,False,Qwen/Qwen2.5-Coder-32B-Instruct-AWQ,None
2548,Scatter,Easy,14.6724,29.3448,2,0.0,0.0,0.0,0.0,0.5,0.0,0.0,0.0,0.0,0.5,0.5,0.0,0.0,False,Qwen/Qwen2.5-Coder-32B-Instruct-AWQ,None
2549,Pie,Easy,5.7498,11.4996,2,0.0,0.0,0.0,0.0,0.0,0.0,0.0,0.0,0.0,0.0,1.0,0.0,0.0,False,Qwen/Qwen2.5-Coder-32B-Instruct-AWQ,None
2549,Pie,Easy,5.7498,11.4996,2,0.0,0.0,0.0,0.0,0.0,0.0,0.0,0.0,0.0,0.0,1.0,0.0,0.0,False,Qwen/Qwen2.5-Coder-32B-Instruct-AWQ,None
2549,Pie,Easy,5.7498,11.4996,2,0.0,0.0,0.0,0.0,0.0,0.0,0.0,0.0,0.0,0.0,1.0,0.0,0.0,False,Qwen/Qwen2.5-Coder-32B-Instruct-AWQ,None
2550,Grouping Scatter,Easy,7.1389,21.4167,3,0.0,0.0,0.0,0.0,0.0,0.0,0.0,0.0,0.0,0.0,1.0,0.0,0.0,False,Qwen/Qwen2.5-Coder-32B-Instruct-AWQ,None
2550,Grouping Scatter,Easy,7.1389,21.4167,3,0.0,0.0,0.0,0.0,0.0,0.0,0.0,0.0,0.0,0.0,1.0,0.0,0.0,False,Qwen/Qwen2.5-Coder-32B-Instruct-AWQ,None
2550,Grouping Scatter,Easy,7.1389,21.4167,3,0.0,0.0,0.0,0.0,0.0,0.0,0.0,0.0,0.0,0.0,1.0,0.0,0.0,False,Qwen/Qwen2.5-Coder-32B-Instruct-AWQ,None
2564,Pie,Hard,13.0771,13.0771,1,0.0,0.0,0.0,0.0,0.0,0.0,0.0,0.0,0.0,0.0,1.0,0.0,0.0,True,Qwen/Qwen2.5-Coder-32B-Instruct-AWQ,None
2564,Pie,Hard,13.0771,13.0771,1,0.0,0.0,0.0,0.0,0.0,0.0,0.0,0.0,0.0,0.0,1.0,0.0,0.0,True,Qwen/Qwen2.5-Coder-32B-Instruct-AWQ,None
2564,Pie,Hard,13.0771,13.0771,1,0.0,0.0,0.0,0.0,0.0,0.0,0.0,0.0,0.0,0.0,1.0,0.0,0.0,True,Qwen/Qwen2.5-Coder-32B-Instruct-AWQ,None
2567,Pie,Easy,4.1909,4.1909,1,0.0,0.0,0.0,0.0,0.0,0.0,0.0,0.0,0.0,0.0,1.0,0.0,0.0,False,Qwen/Qwen2.5-Coder-32B-Instruct-AWQ,None
2567,Pie,Easy,4.1909,4.1909,1,0.0,0.0,0.0,0.0,0.0,0.0,0.0,0.0,0.0,0.0,1.0,0.0,0.0,False,Qwen/Qwen2.5-Coder-32B-Instruct-AWQ,None
2567,Pie,Easy,4.1909,4.1909,1,0.0,0.0,0.0,0.0,0.0,0.0,0.0,0.0,0.0,0.0,1.0,0.0,0.0,False,Qwen/Qwen2.5-Coder-32B-Instruct-AWQ,None
2568,Bar,Easy,5.0531,15.1593,3,0.0,0.0,0.0,0.0,0.0,0.0,0.0,0.0,0.0,0.0,1.0,0.0,0.0,False,Qwen/Qwen2.5-Coder-32B-Instruct-AWQ,None
2568,Bar,Easy,5.0531,15.1593,3,0.0,0.0,0.0,0.0,0.0,0.0,0.0,0.0,0.0,0.0,1.0,0.0,0.0,False,Qwen/Qwen2.5-Coder-32B-Instruct-AWQ,None
2568,Bar,Easy,5.0531,15.1593,3,0.0,0.0,0.0,0.0,0.0,0.0,0.0,0.0,0.0,0.0,1.0,0.0,0.0,False,Qwen/Qwen2.5-Coder-32B-Instruct-AWQ,None
2569,Bar,Easy,4.2645,12.7934,3,0.0,0.0,0.0,0.0,0.0,0.0,0.0,0.0,0.0,0.0,1.0,0.0,0.0,False,Qwen/Qwen2.5-Coder-32B-Instruct-AWQ,None
2569,Bar,Easy,4.2645,12.7934,3,0.0,0.0,0.0,0.0,0.0,0.0,0.0,0.0,0.0,0.0,1.0,0.0,0.0,False,Qwen/Qwen2.5-Coder-32B-Instruct-AWQ,None
2569,Bar,Easy,4.2645,12.7934,3,0.0,0.0,0.0,0.0,0.0,0.0,0.0,0.0,0.0,0.0,1.0,0.0,0.0,False,Qwen/Qwen2.5-Coder-32B-Instruct-AWQ,None
2570,Pie,Easy,3.9693,7.9386,2,0.0,0.0,0.0,0.0,0.0,0.0,0.0,0.0,0.0,0.0,1.0,0.0,0.0,False,Qwen/Qwen2.5-Coder-32B-Instruct-AWQ,None
2570,Pie,Easy,3.9693,7.9386,2,0.0,0.0,0.0,0.0,0.0,0.0,0.0,0.0,0.0,0.0,1.0,0.0,0.0,False,Qwen/Qwen2.5-Coder-32B-Instruct-AWQ,None
2570,Pie,Easy,3.9693,7.9386,2,0.0,0.0,0.0,0.0,0.0,0.0,0.0,0.0,0.0,0.0,1.0,0.0,0.0,False,Qwen/Qwen2.5-Coder-32B-Instruct-AWQ,None
2571,Pie,Easy,5.5548,5.5548,1,0.0,0.0,0.0,0.0,0.0,0.0,0.0,0.0,0.0,0.0,1.0,0.0,0.0,False,Qwen/Qwen2.5-Coder-32B-Instruct-AWQ,None
2571,Pie,Easy,5.5548,5.5548,1,0.0,0.0,0.0,0.0,0.0,0.0,0.0,0.0,0.0,0.0,1.0,0.0,0.0,False,Qwen/Qwen2.5-Coder-32B-Instruct-AWQ,None
2571,Pie,Easy,5.5548,5.5548,1,0.0,0.0,0.0,0.0,0.0,0.0,0.0,0.0,0.0,0.0,1.0,0.0,0.0,False,Qwen/Qwen2.5-Coder-32B-Instruct-AWQ,None
2576,Pie,Medium,10.7335,10.7335,1,0.0,0.0,0.0,0.0,0.0,0.0,0.0,0.0,0.0,0.0,1.0,0.0,0.0,True,Qwen/Qwen2.5-Coder-32B-Instruct-AWQ,None
2576,Pie,Medium,10.7335,10.7335,1,0.0,0.0,0.0,0.0,0.0,0.0,0.0,0.0,0.0,0.0,1.0,0.0,0.0,True,Qwen/Qwen2.5-Coder-32B-Instruct-AWQ,None
2576,Pie,Medium,10.7335,10.7335,1,0.0,0.0,0.0,0.0,0.0,0.0,0.0,0.0,0.0,0.0,1.0,0.0,0.0,True,Qwen/Qwen2.5-Coder-32B-Instruct-AWQ,None
2578,Bar,Hard,15.4911,15.4911,1,0.0,0.0,0.0,0.0,1.0,0.0,0.0,0.0,0.0,1.0,0.0,,0.0,True,Qwen/Qwen2.5-Coder-32B-Instruct-AWQ,None
2578,Bar,Hard,15.4911,15.4911,1,0.0,0.0,0.0,0.0,1.0,0.0,0.0,0.0,0.0,1.0,0.0,,0.0,True,Qwen/Qwen2.5-Coder-32B-Instruct-AWQ,None
2578,Bar,Hard,15.4911,15.4911,1,0.0,0.0,0.0,0.0,1.0,0.0,0.0,0.0,0.0,1.0,0.0,,0.0,True,Qwen/Qwen2.5-Coder-32B-Instruct-AWQ,None
2579,Pie,Medium,9.1601,9.1601,1,0.0,0.0,0.0,0.0,1.0,0.0,0.0,0.0,0.0,1.0,0.0,,0.0,True,Qwen/Qwen2.5-Coder-32B-Instruct-AWQ,None
2579,Pie,Medium,9.1601,9.1601,1,0.0,0.0,0.0,0.0,1.0,0.0,0.0,0.0,0.0,1.0,0.0,,0.0,True,Qwen/Qwen2.5-Coder-32B-Instruct-AWQ,None
2579,Pie,Medium,9.1601,9.1601,1,0.0,0.0,0.0,0.0,1.0,0.0,0.0,0.0,0.0,1.0,0.0,,0.0,True,Qwen/Qwen2.5-Coder-32B-Instruct-AWQ,None
2593,Pie,Easy,6.2907,18.872,3,0.0,0.0,0.0,0.0,0.0,0.0,0.0,0.0,0.0,0.0,1.0,0.0,0.0,False,Qwen/Qwen2.5-Coder-32B-Instruct-AWQ,None
2593,Pie,Easy,6.2907,18.872,3,0.0,0.0,0.0,0.0,0.0,0.0,0.0,0.0,0.0,0.0,1.0,0.0,0.0,False,Qwen/Qwen2.5-Coder-32B-Instruct-AWQ,None
2593,Pie,Easy,6.2907,18.872,3,0.0,0.0,0.0,0.0,0.0,0.0,0.0,0.0,0.0,0.0,1.0,0.0,0.0,False,Qwen/Qwen2.5-Coder-32B-Instruct-AWQ,None
2595,Pie,Hard,11.5676,11.5676,1,0.0,0.0,0.0,0.0,0.0,0.0,0.0,0.0,0.0,0.0,1.0,0.0,0.0,True,Qwen/Qwen2.5-Coder-32B-Instruct-AWQ,None
2595,Pie,Hard,11.5676,11.5676,1,0.0,0.0,0.0,0.0,0.0,0.0,0.0,0.0,0.0,0.0,1.0,0.0,0.0,True,Qwen/Qwen2.5-Coder-32B-Instruct-AWQ,None
2595,Pie,Hard,11.5676,11.5676,1,0.0,0.0,0.0,0.0,0.0,0.0,0.0,0.0,0.0,0.0,1.0,0.0,0.0,True,Qwen/Qwen2.5-Coder-32B-Instruct-AWQ,None
2604,Pie,Easy,6.492,6.492,1,0.0,0.0,0.0,0.0,1.0,0.0,0.0,0.0,0.0,1.0,0.0,,0.0,False,Qwen/Qwen2.5-Coder-32B-Instruct-AWQ,None
2604,Pie,Easy,6.492,6.492,1,0.0,0.0,0.0,0.0,1.0,0.0,0.0,0.0,0.0,1.0,0.0,,0.0,False,Qwen/Qwen2.5-Coder-32B-Instruct-AWQ,None
2604,Pie,Easy,6.492,6.492,1,0.0,0.0,0.0,0.0,1.0,0.0,0.0,0.0,0.0,1.0,0.0,,0.0,False,Qwen/Qwen2.5-Coder-32B-Instruct-AWQ,None
2605,Bar,Easy,6.8753,13.7507,2,0.0,0.0,0.0,0.0,0.5,0.0,0.0,0.0,0.0,0.5,0.5,0.0,0.0,False,Qwen/Qwen2.5-Coder-32B-Instruct-AWQ,None
2605,Bar,Easy,6.8753,13.7507,2,0.0,0.0,0.0,0.0,0.5,0.0,0.0,0.0,0.0,0.5,0.5,0.0,0.0,False,Qwen/Qwen2.5-Coder-32B-Instruct-AWQ,None
2605,Bar,Easy,6.8753,13.7507,2,0.0,0.0,0.0,0.0,0.5,0.0,0.0,0.0,0.0,0.5,0.5,0.0,0.0,False,Qwen/Qwen2.5-Coder-32B-Instruct-AWQ,None
2606,Pie,Easy,9.1458,27.4374,3,0.0,0.0,0.0,0.0,0.0,0.0,0.0,0.0,0.0,0.0,1.0,0.0,0.0,False,Qwen/Qwen2.5-Coder-32B-Instruct-AWQ,None
2606,Pie,Easy,9.1458,27.4374,3,0.0,0.0,0.0,0.0,0.0,0.0,0.0,0.0,0.0,0.0,1.0,0.0,0.0,False,Qwen/Qwen2.5-Coder-32B-Instruct-AWQ,None
2606,Pie,Easy,9.1458,27.4374,3,0.0,0.0,0.0,0.0,0.0,0.0,0.0,0.0,0.0,0.0,1.0,0.0,0.0,False,Qwen/Qwen2.5-Coder-32B-Instruct-AWQ,None
2615,Bar,Hard,10.6878,10.6878,1,0.0,0.0,0.0,0.0,0.0,0.0,0.0,0.0,0.0,0.0,1.0,0.0,0.0,False,Qwen/Qwen2.5-Coder-32B-Instruct-AWQ,None
2615,Bar,Hard,10.6878,10.6878,1,0.0,0.0,0.0,0.0,0.0,0.0,0.0,0.0,0.0,0.0,1.0,0.0,0.0,False,Qwen/Qwen2.5-Coder-32B-Instruct-AWQ,None
2615,Bar,Hard,10.6878,10.6878,1,0.0,0.0,0.0,0.0,0.0,0.0,0.0,0.0,0.0,0.0,1.0,0.0,0.0,False,Qwen/Qwen2.5-Coder-32B-Instruct-AWQ,None
2617,Line,Hard,10.9767,10.9767,1,0.0,0.0,0.0,0.0,0.0,0.0,0.0,0.0,0.0,0.0,1.0,0.0,0.0,False,Qwen/Qwen2.5-Coder-32B-Instruct-AWQ,None
2617,Line,Hard,10.9767,10.9767,1,0.0,0.0,0.0,0.0,0.0,0.0,0.0,0.0,0.0,0.0,1.0,0.0,0.0,False,Qwen/Qwen2.5-Coder-32B-Instruct-AWQ,None
2617,Line,Hard,10.9767,10.9767,1,0.0,0.0,0.0,0.0,0.0,0.0,0.0,0.0,0.0,0.0,1.0,0.0,0.0,False,Qwen/Qwen2.5-Coder-32B-Instruct-AWQ,None
2620,Pie,Extra Hard,10.7989,43.1955,4,0.0,0.0,0.0,0.0,0.25,0.0,0.0,0.0,0.0,0.25,0.75,0.0,0.0,True,Qwen/Qwen2.5-Coder-32B-Instruct-AWQ,None
2620,Pie,Extra Hard,10.7989,43.1955,4,0.0,0.0,0.0,0.0,0.25,0.0,0.0,0.0,0.0,0.25,0.75,0.0,0.0,True,Qwen/Qwen2.5-Coder-32B-Instruct-AWQ,None
2620,Pie,Extra Hard,10.7989,43.1955,4,0.0,0.0,0.0,0.0,0.25,0.0,0.0,0.0,0.0,0.25,0.75,0.0,0.0,True,Qwen/Qwen2.5-Coder-32B-Instruct-AWQ,None
2622,Pie,Easy,5.8598,11.7196,2,0.0,0.0,0.0,0.0,0.0,0.0,0.0,0.0,0.0,0.0,1.0,0.0,0.0,False,Qwen/Qwen2.5-Coder-32B-Instruct-AWQ,None
2622,Pie,Easy,5.8598,11.7196,2,0.0,0.0,0.0,0.0,0.0,0.0,0.0,0.0,0.0,0.0,1.0,0.0,0.0,False,Qwen/Qwen2.5-Coder-32B-Instruct-AWQ,None
2622,Pie,Easy,5.8598,11.7196,2,0.0,0.0,0.0,0.0,0.0,0.0,0.0,0.0,0.0,0.0,1.0,0.0,0.0,False,Qwen/Qwen2.5-Coder-32B-Instruct-AWQ,None
2624,Pie,Easy,6.8527,27.4107,4,0.0,0.0,0.0,0.0,0.0,0.0,0.0,0.0,0.0,0.0,1.0,0.0,0.0,False,Qwen/Qwen2.5-Coder-32B-Instruct-AWQ,None
2624,Pie,Easy,6.8527,27.4107,4,0.0,0.0,0.0,0.0,0.0,0.0,0.0,0.0,0.0,0.0,1.0,0.0,0.0,False,Qwen/Qwen2.5-Coder-32B-Instruct-AWQ,None
2624,Pie,Easy,6.8527,27.4107,4,0.0,0.0,0.0,0.0,0.0,0.0,0.0,0.0,0.0,0.0,1.0,0.0,0.0,False,Qwen/Qwen2.5-Coder-32B-Instruct-AWQ,None
2630,Pie,Easy,7.7014,23.1043,3,0.0,0.0,0.0,0.0,0.0,0.0,0.0,0.0,0.0,0.0,1.0,0.0,0.0,False,Qwen/Qwen2.5-Coder-32B-Instruct-AWQ,None
2630,Pie,Easy,7.7014,23.1043,3,0.0,0.0,0.0,0.0,0.0,0.0,0.0,0.0,0.0,0.0,1.0,0.0,0.0,False,Qwen/Qwen2.5-Coder-32B-Instruct-AWQ,None
2630,Pie,Easy,7.7014,23.1043,3,0.0,0.0,0.0,0.0,0.0,0.0,0.0,0.0,0.0,0.0,1.0,0.0,0.0,False,Qwen/Qwen2.5-Coder-32B-Instruct-AWQ,None
2631,Bar,Easy,7.8475,23.5424,3,0.0,0.0,0.0,0.0,0.0,0.0,0.0,0.0,0.0,0.0,1.0,0.0,0.0,False,Qwen/Qwen2.5-Coder-32B-Instruct-AWQ,None
2631,Bar,Easy,7.8475,23.5424,3,0.0,0.0,0.0,0.0,0.0,0.0,0.0,0.0,0.0,0.0,1.0,0.0,0.0,False,Qwen/Qwen2.5-Coder-32B-Instruct-AWQ,None
2631,Bar,Easy,7.8475,23.5424,3,0.0,0.0,0.0,0.0,0.0,0.0,0.0,0.0,0.0,0.0,1.0,0.0,0.0,False,Qwen/Qwen2.5-Coder-32B-Instruct-AWQ,None
2633,Scatter,Medium,20.8784,20.8784,1,0.0,0.0,0.0,0.0,0.0,0.0,0.0,0.0,0.0,0.0,1.0,0.0,0.0,False,Qwen/Qwen2.5-Coder-32B-Instruct-AWQ,None
2633,Scatter,Medium,20.8784,20.8784,1,0.0,0.0,0.0,0.0,0.0,0.0,0.0,0.0,0.0,0.0,1.0,0.0,0.0,False,Qwen/Qwen2.5-Coder-32B-Instruct-AWQ,None
2633,Scatter,Medium,20.8784,20.8784,1,0.0,0.0,0.0,0.0,0.0,0.0,0.0,0.0,0.0,0.0,1.0,0.0,0.0,False,Qwen/Qwen2.5-Coder-32B-Instruct-AWQ,None
2634,Grouping Scatter,Medium,7.7087,7.7087,1,0.0,0.0,0.0,0.0,0.0,0.0,0.0,0.0,0.0,0.0,1.0,0.0,0.0,False,Qwen/Qwen2.5-Coder-32B-Instruct-AWQ,None
2634,Grouping Scatter,Medium,7.7087,7.7087,1,0.0,0.0,0.0,0.0,0.0,0.0,0.0,0.0,0.0,0.0,1.0,0.0,0.0,False,Qwen/Qwen2.5-Coder-32B-Instruct-AWQ,None
2634,Grouping Scatter,Medium,7.7087,7.7087,1,0.0,0.0,0.0,0.0,0.0,0.0,0.0,0.0,0.0,0.0,1.0,0.0,0.0,False,Qwen/Qwen2.5-Coder-32B-Instruct-AWQ,None
2635,Pie,Medium,16.747,16.747,1,0.0,0.0,0.0,0.0,1.0,0.0,0.0,0.0,0.0,1.0,0.0,,0.0,True,Qwen/Qwen2.5-Coder-32B-Instruct-AWQ,None
2635,Pie,Medium,16.747,16.747,1,0.0,0.0,0.0,0.0,1.0,0.0,0.0,0.0,0.0,1.0,0.0,,0.0,True,Qwen/Qwen2.5-Coder-32B-Instruct-AWQ,None
2635,Pie,Medium,16.747,16.747,1,0.0,0.0,0.0,0.0,1.0,0.0,0.0,0.0,0.0,1.0,0.0,,0.0,True,Qwen/Qwen2.5-Coder-32B-Instruct-AWQ,None
2637,Bar,Easy,6.9473,13.8947,2,0.0,0.0,0.0,0.0,0.0,0.0,0.0,0.0,0.0,0.0,1.0,0.0,0.0,False,Qwen/Qwen2.5-Coder-32B-Instruct-AWQ,None
2637,Bar,Easy,6.9473,13.8947,2,0.0,0.0,0.0,0.0,0.0,0.0,0.0,0.0,0.0,0.0,1.0,0.0,0.0,False,Qwen/Qwen2.5-Coder-32B-Instruct-AWQ,None
2637,Bar,Easy,6.9473,13.8947,2,0.0,0.0,0.0,0.0,0.0,0.0,0.0,0.0,0.0,0.0,1.0,0.0,0.0,False,Qwen/Qwen2.5-Coder-32B-Instruct-AWQ,None
2638,Bar,Easy,7.8179,15.6358,2,0.0,0.0,0.0,0.0,1.0,0.0,0.0,0.0,0.0,1.0,0.0,,0.0,False,Qwen/Qwen2.5-Coder-32B-Instruct-AWQ,None
2638,Bar,Easy,7.8179,15.6358,2,0.0,0.0,0.0,0.0,1.0,0.0,0.0,0.0,0.0,1.0,0.0,,0.0,False,Qwen/Qwen2.5-Coder-32B-Instruct-AWQ,None
2638,Bar,Easy,7.8179,15.6358,2,0.0,0.0,0.0,0.0,1.0,0.0,0.0,0.0,0.0,1.0,0.0,,0.0,False,Qwen/Qwen2.5-Coder-32B-Instruct-AWQ,None
2640,Bar,Medium,9.8834,9.8834,1,0.0,0.0,0.0,0.0,0.0,0.0,0.0,0.0,0.0,0.0,1.0,0.0,0.0,True,Qwen/Qwen2.5-Coder-32B-Instruct-AWQ,None
2640,Bar,Medium,9.8834,9.8834,1,0.0,0.0,0.0,0.0,0.0,0.0,0.0,0.0,0.0,0.0,1.0,0.0,0.0,True,Qwen/Qwen2.5-Coder-32B-Instruct-AWQ,None
2640,Bar,Medium,9.8834,9.8834,1,0.0,0.0,0.0,0.0,0.0,0.0,0.0,0.0,0.0,0.0,1.0,0.0,0.0,True,Qwen/Qwen2.5-Coder-32B-Instruct-AWQ,None
2641,Bar,Medium,9.9832,49.9162,5,0.0,0.0,0.0,0.0,0.0,0.0,0.0,0.0,0.0,0.0,1.0,0.0,0.0,True,Qwen/Qwen2.5-Coder-32B-Instruct-AWQ,None
2641,Bar,Medium,9.9832,49.9162,5,0.0,0.0,0.0,0.0,0.0,0.0,0.0,0.0,0.0,0.0,1.0,0.0,0.0,True,Qwen/Qwen2.5-Coder-32B-Instruct-AWQ,None
2641,Bar,Medium,9.9832,49.9162,5,0.0,0.0,0.0,0.0,0.0,0.0,0.0,0.0,0.0,0.0,1.0,0.0,0.0,True,Qwen/Qwen2.5-Coder-32B-Instruct-AWQ,None
2642,Pie,Easy,6.3123,12.6247,2,0.0,0.0,0.0,0.0,0.0,0.0,0.0,0.0,0.0,0.0,1.0,0.0,0.0,False,Qwen/Qwen2.5-Coder-32B-Instruct-AWQ,None
2642,Pie,Easy,6.3123,12.6247,2,0.0,0.0,0.0,0.0,0.0,0.0,0.0,0.0,0.0,0.0,1.0,0.0,0.0,False,Qwen/Qwen2.5-Coder-32B-Instruct-AWQ,None
2642,Pie,Easy,6.3123,12.6247,2,0.0,0.0,0.0,0.0,0.0,0.0,0.0,0.0,0.0,0.0,1.0,0.0,0.0,False,Qwen/Qwen2.5-Coder-32B-Instruct-AWQ,None
2645,Pie,Easy,10.4516,20.9033,2,0.0,0.0,0.0,0.0,0.0,0.0,0.0,0.0,0.0,0.0,1.0,0.0,0.0,False,Qwen/Qwen2.5-Coder-32B-Instruct-AWQ,None
2645,Pie,Easy,10.4516,20.9033,2,0.0,0.0,0.0,0.0,0.0,0.0,0.0,0.0,0.0,0.0,1.0,0.0,0.0,False,Qwen/Qwen2.5-Coder-32B-Instruct-AWQ,None
2645,Pie,Easy,10.4516,20.9033,2,0.0,0.0,0.0,0.0,0.0,0.0,0.0,0.0,0.0,0.0,1.0,0.0,0.0,False,Qwen/Qwen2.5-Coder-32B-Instruct-AWQ,None
2646,Bar,Medium,11.2157,44.863,4,0.0,0.0,0.0,0.0,0.0,0.0,0.0,0.0,0.0,0.0,1.0,0.0,0.0,False,Qwen/Qwen2.5-Coder-32B-Instruct-AWQ,None
2646,Bar,Medium,11.2157,44.863,4,0.0,0.0,0.0,0.0,0.0,0.0,0.0,0.0,0.0,0.0,1.0,0.0,0.0,False,Qwen/Qwen2.5-Coder-32B-Instruct-AWQ,None
2646,Bar,Medium,11.2157,44.863,4,0.0,0.0,0.0,0.0,0.0,0.0,0.0,0.0,0.0,0.0,1.0,0.0,0.0,False,Qwen/Qwen2.5-Coder-32B-Instruct-AWQ,None
2652,Bar,Medium,5.771,11.542,2,0.0,0.0,0.0,0.0,0.0,0.0,0.0,0.0,0.0,0.0,1.0,0.0,0.0,False,Qwen/Qwen2.5-Coder-32B-Instruct-AWQ,None
2652,Bar,Medium,5.771,11.542,2,0.0,0.0,0.0,0.0,0.0,0.0,0.0,0.0,0.0,0.0,1.0,0.0,0.0,False,Qwen/Qwen2.5-Coder-32B-Instruct-AWQ,None
2652,Bar,Medium,5.771,11.542,2,0.0,0.0,0.0,0.0,0.0,0.0,0.0,0.0,0.0,0.0,1.0,0.0,0.0,False,Qwen/Qwen2.5-Coder-32B-Instruct-AWQ,None
2656,Pie,Hard,7.5015,15.003,2,0.0,0.0,0.0,0.0,0.0,0.0,0.0,0.0,0.0,0.0,1.0,0.0,0.0,False,Qwen/Qwen2.5-Coder-32B-Instruct-AWQ,None
2656,Pie,Hard,7.5015,15.003,2,0.0,0.0,0.0,0.0,0.0,0.0,0.0,0.0,0.0,0.0,1.0,0.0,0.0,False,Qwen/Qwen2.5-Coder-32B-Instruct-AWQ,None
2656,Pie,Hard,7.5015,15.003,2,0.0,0.0,0.0,0.0,0.0,0.0,0.0,0.0,0.0,0.0,1.0,0.0,0.0,False,Qwen/Qwen2.5-Coder-32B-Instruct-AWQ,None
2657,Bar,Hard,7.0341,14.0683,2,0.0,0.0,0.0,0.0,0.0,0.0,0.0,0.0,0.0,0.0,1.0,0.0,0.0,False,Qwen/Qwen2.5-Coder-32B-Instruct-AWQ,None
2657,Bar,Hard,7.0341,14.0683,2,0.0,0.0,0.0,0.0,0.0,0.0,0.0,0.0,0.0,0.0,1.0,0.0,0.0,False,Qwen/Qwen2.5-Coder-32B-Instruct-AWQ,None
2657,Bar,Hard,7.0341,14.0683,2,0.0,0.0,0.0,0.0,0.0,0.0,0.0,0.0,0.0,0.0,1.0,0.0,0.0,False,Qwen/Qwen2.5-Coder-32B-Instruct-AWQ,None
2693,Pie,Medium,9.5698,19.1397,2,0.0,0.0,0.0,0.0,0.0,0.0,0.0,0.0,0.0,0.0,1.0,0.0,0.0,True,Qwen/Qwen2.5-Coder-32B-Instruct-AWQ,None
2693,Pie,Medium,9.5698,19.1397,2,0.0,0.0,0.0,0.0,0.0,0.0,0.0,0.0,0.0,0.0,1.0,0.0,0.0,True,Qwen/Qwen2.5-Coder-32B-Instruct-AWQ,None
2693,Pie,Medium,9.5698,19.1397,2,0.0,0.0,0.0,0.0,0.0,0.0,0.0,0.0,0.0,0.0,1.0,0.0,0.0,True,Qwen/Qwen2.5-Coder-32B-Instruct-AWQ,None
2694,Bar,Medium,9.456,9.456,1,0.0,0.0,0.0,0.0,0.0,0.0,0.0,0.0,0.0,0.0,1.0,0.0,0.0,True,Qwen/Qwen2.5-Coder-32B-Instruct-AWQ,None
2694,Bar,Medium,9.456,9.456,1,0.0,0.0,0.0,0.0,0.0,0.0,0.0,0.0,0.0,0.0,1.0,0.0,0.0,True,Qwen/Qwen2.5-Coder-32B-Instruct-AWQ,None
2694,Bar,Medium,9.456,9.456,1,0.0,0.0,0.0,0.0,0.0,0.0,0.0,0.0,0.0,0.0,1.0,0.0,0.0,True,Qwen/Qwen2.5-Coder-32B-Instruct-AWQ,None
2695,Pie,Easy,5.8124,17.4373,3,0.0,0.0,0.0,0.0,0.3333333333333333,0.0,0.0,0.0,0.0,0.3333333333333333,0.6666666666666666,0.0,0.0,False,Qwen/Qwen2.5-Coder-32B-Instruct-AWQ,None
2695,Pie,Easy,5.8124,17.4373,3,0.0,0.0,0.0,0.0,0.3333333333333333,0.0,0.0,0.0,0.0,0.3333333333333333,0.6666666666666666,0.0,0.0,False,Qwen/Qwen2.5-Coder-32B-Instruct-AWQ,None
2695,Pie,Easy,5.8124,17.4373,3,0.0,0.0,0.0,0.0,0.3333333333333333,0.0,0.0,0.0,0.0,0.3333333333333333,0.6666666666666666,0.0,0.0,False,Qwen/Qwen2.5-Coder-32B-Instruct-AWQ,None
2703,Bar,Medium,7.1739,14.3478,2,0.0,0.0,0.0,0.0,0.0,0.0,0.0,0.0,0.0,0.0,1.0,0.0,0.0,False,Qwen/Qwen2.5-Coder-32B-Instruct-AWQ,None
2703,Bar,Medium,7.1739,14.3478,2,0.0,0.0,0.0,0.0,0.0,0.0,0.0,0.0,0.0,0.0,1.0,0.0,0.0,False,Qwen/Qwen2.5-Coder-32B-Instruct-AWQ,None
2703,Bar,Medium,7.1739,14.3478,2,0.0,0.0,0.0,0.0,0.0,0.0,0.0,0.0,0.0,0.0,1.0,0.0,0.0,False,Qwen/Qwen2.5-Coder-32B-Instruct-AWQ,None
2705,Pie,Easy,7.0993,21.2978,3,0.0,0.0,0.0,0.0,0.3333333333333333,0.0,0.0,0.0,0.0,0.3333333333333333,0.6666666666666666,0.0,0.0,False,Qwen/Qwen2.5-Coder-32B-Instruct-AWQ,None
2705,Pie,Easy,7.0993,21.2978,3,0.0,0.0,0.0,0.0,0.3333333333333333,0.0,0.0,0.0,0.0,0.3333333333333333,0.6666666666666666,0.0,0.0,False,Qwen/Qwen2.5-Coder-32B-Instruct-AWQ,None
2705,Pie,Easy,7.0993,21.2978,3,0.0,0.0,0.0,0.0,0.3333333333333333,0.0,0.0,0.0,0.0,0.3333333333333333,0.6666666666666666,0.0,0.0,False,Qwen/Qwen2.5-Coder-32B-Instruct-AWQ,None
2708,Scatter,Medium,45.4412,90.8825,2,0.5,0.0,0.0,0.0,0.0,0.0,0.0,0.0,0.5,0.0,0.5,0.0,0.0,False,Qwen/Qwen2.5-Coder-32B-Instruct-AWQ,None
2708,Scatter,Medium,45.4412,90.8825,2,0.5,0.0,0.0,0.0,0.0,0.0,0.0,0.0,0.5,0.0,0.5,0.0,0.0,False,Qwen/Qwen2.5-Coder-32B-Instruct-AWQ,None
2708,Scatter,Medium,45.4412,90.8825,2,0.5,0.0,0.0,0.0,0.0,0.0,0.0,0.0,0.5,0.0,0.5,0.0,0.0,False,Qwen/Qwen2.5-Coder-32B-Instruct-AWQ,None
2709,Grouping Scatter,Medium,20.7035,62.1106,3,0.3333333333333333,0.0,0.0,0.0,0.0,0.0,0.0,0.0,0.3333333333333333,0.0,0.6666666666666666,0.0,0.0,False,Qwen/Qwen2.5-Coder-32B-Instruct-AWQ,None
2709,Grouping Scatter,Medium,20.7035,62.1106,3,0.3333333333333333,0.0,0.0,0.0,0.0,0.0,0.0,0.0,0.3333333333333333,0.0,0.6666666666666666,0.0,0.0,False,Qwen/Qwen2.5-Coder-32B-Instruct-AWQ,None
2709,Grouping Scatter,Medium,20.7035,62.1106,3,0.3333333333333333,0.0,0.0,0.0,0.0,0.0,0.0,0.0,0.3333333333333333,0.0,0.6666666666666666,0.0,0.0,False,Qwen/Qwen2.5-Coder-32B-Instruct-AWQ,None
2724,Bar,Easy,5.7389,11.4778,2,0.0,0.0,0.0,0.0,0.0,0.0,0.0,0.0,0.0,0.0,1.0,0.0,0.0,False,Qwen/Qwen2.5-Coder-32B-Instruct-AWQ,None
2724,Bar,Easy,5.7389,11.4778,2,0.0,0.0,0.0,0.0,0.0,0.0,0.0,0.0,0.0,0.0,1.0,0.0,0.0,False,Qwen/Qwen2.5-Coder-32B-Instruct-AWQ,None
2724,Bar,Easy,5.7389,11.4778,2,0.0,0.0,0.0,0.0,0.0,0.0,0.0,0.0,0.0,0.0,1.0,0.0,0.0,False,Qwen/Qwen2.5-Coder-32B-Instruct-AWQ,None
2734,Pie,Medium,32.0128,64.0257,2,0.5,0.0,0.0,0.0,0.5,0.0,0.0,0.0,0.5,0.5,0.0,,0.0,False,Qwen/Qwen2.5-Coder-32B-Instruct-AWQ,None
2734,Pie,Medium,32.0128,64.0257,2,0.5,0.0,0.0,0.0,0.5,0.0,0.0,0.0,0.5,0.5,0.0,,0.0,False,Qwen/Qwen2.5-Coder-32B-Instruct-AWQ,None
2734,Pie,Medium,32.0128,64.0257,2,0.5,0.0,0.0,0.0,0.5,0.0,0.0,0.0,0.5,0.5,0.0,,0.0,False,Qwen/Qwen2.5-Coder-32B-Instruct-AWQ,None
2736,Pie,Medium,21.0087,84.0348,4,0.5,0.0,0.0,0.0,0.0,0.0,0.0,0.0,0.5,0.0,0.5,0.0,0.0,False,Qwen/Qwen2.5-Coder-32B-Instruct-AWQ,None
2736,Pie,Medium,21.0087,84.0348,4,0.5,0.0,0.0,0.0,0.0,0.0,0.0,0.0,0.5,0.0,0.5,0.0,0.0,False,Qwen/Qwen2.5-Coder-32B-Instruct-AWQ,None
2736,Pie,Medium,21.0087,84.0348,4,0.5,0.0,0.0,0.0,0.0,0.0,0.0,0.0,0.5,0.0,0.5,0.0,0.0,False,Qwen/Qwen2.5-Coder-32B-Instruct-AWQ,None
2743,Scatter,Easy,7.9693,7.9693,1,0.0,0.0,0.0,0.0,0.0,0.0,0.0,0.0,0.0,0.0,1.0,0.0,0.0,False,Qwen/Qwen2.5-Coder-32B-Instruct-AWQ,None
2743,Scatter,Easy,7.9693,7.9693,1,0.0,0.0,0.0,0.0,0.0,0.0,0.0,0.0,0.0,0.0,1.0,0.0,0.0,False,Qwen/Qwen2.5-Coder-32B-Instruct-AWQ,None
2743,Scatter,Easy,7.9693,7.9693,1,0.0,0.0,0.0,0.0,0.0,0.0,0.0,0.0,0.0,0.0,1.0,0.0,0.0,False,Qwen/Qwen2.5-Coder-32B-Instruct-AWQ,None
2745,Grouping Scatter,Easy,8.1728,8.1728,1,0.0,0.0,0.0,0.0,0.0,0.0,0.0,0.0,0.0,0.0,1.0,0.0,0.0,False,Qwen/Qwen2.5-Coder-32B-Instruct-AWQ,None
2745,Grouping Scatter,Easy,8.1728,8.1728,1,0.0,0.0,0.0,0.0,0.0,0.0,0.0,0.0,0.0,0.0,1.0,0.0,0.0,False,Qwen/Qwen2.5-Coder-32B-Instruct-AWQ,None
2745,Grouping Scatter,Easy,8.1728,8.1728,1,0.0,0.0,0.0,0.0,0.0,0.0,0.0,0.0,0.0,0.0,1.0,0.0,0.0,False,Qwen/Qwen2.5-Coder-32B-Instruct-AWQ,None
2748,Pie,Medium,7.299,14.5981,2,0.0,0.0,0.0,0.0,0.0,0.0,0.0,0.0,0.0,0.0,1.0,0.0,0.0,False,Qwen/Qwen2.5-Coder-32B-Instruct-AWQ,None
2748,Pie,Medium,7.299,14.5981,2,0.0,0.0,0.0,0.0,0.0,0.0,0.0,0.0,0.0,0.0,1.0,0.0,0.0,False,Qwen/Qwen2.5-Coder-32B-Instruct-AWQ,None
2748,Pie,Medium,7.299,14.5981,2,0.0,0.0,0.0,0.0,0.0,0.0,0.0,0.0,0.0,0.0,1.0,0.0,0.0,False,Qwen/Qwen2.5-Coder-32B-Instruct-AWQ,None
2749,Bar,Medium,7.0177,7.0177,1,0.0,0.0,0.0,0.0,0.0,0.0,0.0,0.0,0.0,0.0,1.0,0.0,0.0,False,Qwen/Qwen2.5-Coder-32B-Instruct-AWQ,None
2749,Bar,Medium,7.0177,7.0177,1,0.0,0.0,0.0,0.0,0.0,0.0,0.0,0.0,0.0,0.0,1.0,0.0,0.0,False,Qwen/Qwen2.5-Coder-32B-Instruct-AWQ,None
2749,Bar,Medium,7.0177,7.0177,1,0.0,0.0,0.0,0.0,0.0,0.0,0.0,0.0,0.0,0.0,1.0,0.0,0.0,False,Qwen/Qwen2.5-Coder-32B-Instruct-AWQ,None
2750,Stacked Bar,Hard,8.4365,16.873,2,0.0,0.0,0.0,0.0,0.0,0.0,0.0,0.0,0.0,0.0,1.0,0.0,0.0,False,Qwen/Qwen2.5-Coder-32B-Instruct-AWQ,None
2750,Stacked Bar,Hard,8.4365,16.873,2,0.0,0.0,0.0,0.0,0.0,0.0,0.0,0.0,0.0,0.0,1.0,0.0,0.0,False,Qwen/Qwen2.5-Coder-32B-Instruct-AWQ,None
2750,Stacked Bar,Hard,8.4365,16.873,2,0.0,0.0,0.0,0.0,0.0,0.0,0.0,0.0,0.0,0.0,1.0,0.0,0.0,False,Qwen/Qwen2.5-Coder-32B-Instruct-AWQ,None
2752,Pie,Easy,5.9662,17.8986,3,0.0,0.0,0.0,0.0,1.0,0.0,0.0,0.0,0.0,1.0,0.0,,0.0,False,Qwen/Qwen2.5-Coder-32B-Instruct-AWQ,None
2752,Pie,Easy,5.9662,17.8986,3,0.0,0.0,0.0,0.0,1.0,0.0,0.0,0.0,0.0,1.0,0.0,,0.0,False,Qwen/Qwen2.5-Coder-32B-Instruct-AWQ,None
2752,Pie,Easy,5.9662,17.8986,3,0.0,0.0,0.0,0.0,1.0,0.0,0.0,0.0,0.0,1.0,0.0,,0.0,False,Qwen/Qwen2.5-Coder-32B-Instruct-AWQ,None
2757,Pie,Easy,5.9971,11.9943,2,0.0,0.0,0.0,0.0,0.0,0.0,0.0,0.0,0.0,0.0,1.0,0.0,0.0,False,Qwen/Qwen2.5-Coder-32B-Instruct-AWQ,None
2757,Pie,Easy,5.9971,11.9943,2,0.0,0.0,0.0,0.0,0.0,0.0,0.0,0.0,0.0,0.0,1.0,0.0,0.0,False,Qwen/Qwen2.5-Coder-32B-Instruct-AWQ,None
2757,Pie,Easy,5.9971,11.9943,2,0.0,0.0,0.0,0.0,0.0,0.0,0.0,0.0,0.0,0.0,1.0,0.0,0.0,False,Qwen/Qwen2.5-Coder-32B-Instruct-AWQ,None
2759,Pie,Easy,5.4938,16.4815,3,0.0,0.0,0.0,0.0,0.0,0.0,0.0,0.0,0.0,0.0,1.0,0.0,0.0,False,Qwen/Qwen2.5-Coder-32B-Instruct-AWQ,None
2759,Pie,Easy,5.4938,16.4815,3,0.0,0.0,0.0,0.0,0.0,0.0,0.0,0.0,0.0,0.0,1.0,0.0,0.0,False,Qwen/Qwen2.5-Coder-32B-Instruct-AWQ,None
2759,Pie,Easy,5.4938,16.4815,3,0.0,0.0,0.0,0.0,0.0,0.0,0.0,0.0,0.0,0.0,1.0,0.0,0.0,False,Qwen/Qwen2.5-Coder-32B-Instruct-AWQ,None
2764,Pie,Easy,6.3959,19.1877,3,0.0,0.0,0.0,0.0,0.0,0.0,0.0,0.0,0.0,0.0,1.0,0.0,0.0,False,Qwen/Qwen2.5-Coder-32B-Instruct-AWQ,None
2764,Pie,Easy,6.3959,19.1877,3,0.0,0.0,0.0,0.0,0.0,0.0,0.0,0.0,0.0,0.0,1.0,0.0,0.0,False,Qwen/Qwen2.5-Coder-32B-Instruct-AWQ,None
2764,Pie,Easy,6.3959,19.1877,3,0.0,0.0,0.0,0.0,0.0,0.0,0.0,0.0,0.0,0.0,1.0,0.0,0.0,False,Qwen/Qwen2.5-Coder-32B-Instruct-AWQ,None
2767,Pie,Easy,4.1483,4.1483,1,0.0,0.0,0.0,0.0,0.0,0.0,0.0,0.0,0.0,0.0,1.0,0.0,0.0,False,Qwen/Qwen2.5-Coder-32B-Instruct-AWQ,None
2767,Pie,Easy,4.1483,4.1483,1,0.0,0.0,0.0,0.0,0.0,0.0,0.0,0.0,0.0,0.0,1.0,0.0,0.0,False,Qwen/Qwen2.5-Coder-32B-Instruct-AWQ,None
2767,Pie,Easy,4.1483,4.1483,1,0.0,0.0,0.0,0.0,0.0,0.0,0.0,0.0,0.0,0.0,1.0,0.0,0.0,False,Qwen/Qwen2.5-Coder-32B-Instruct-AWQ,None
2775,Pie,Easy,7.2112,21.6336,3,0.0,0.0,0.0,0.0,0.0,0.0,0.0,0.0,0.0,0.0,1.0,0.0,0.0,False,Qwen/Qwen2.5-Coder-32B-Instruct-AWQ,None
2775,Pie,Easy,7.2112,21.6336,3,0.0,0.0,0.0,0.0,0.0,0.0,0.0,0.0,0.0,0.0,1.0,0.0,0.0,False,Qwen/Qwen2.5-Coder-32B-Instruct-AWQ,None
2775,Pie,Easy,7.2112,21.6336,3,0.0,0.0,0.0,0.0,0.0,0.0,0.0,0.0,0.0,0.0,1.0,0.0,0.0,False,Qwen/Qwen2.5-Coder-32B-Instruct-AWQ,None
2780,Bar,Extra Hard,16.0696,16.0696,1,0.0,0.0,0.0,0.0,1.0,0.0,0.0,0.0,0.0,1.0,0.0,,0.0,True,Qwen/Qwen2.5-Coder-32B-Instruct-AWQ,None
2780,Bar,Extra Hard,16.0696,16.0696,1,0.0,0.0,0.0,0.0,1.0,0.0,0.0,0.0,0.0,1.0,0.0,,0.0,True,Qwen/Qwen2.5-Coder-32B-Instruct-AWQ,None
2780,Bar,Extra Hard,16.0696,16.0696,1,0.0,0.0,0.0,0.0,1.0,0.0,0.0,0.0,0.0,1.0,0.0,,0.0,True,Qwen/Qwen2.5-Coder-32B-Instruct-AWQ,None
2781,Grouping Line,Extra Hard,18.2385,18.2385,1,0.0,0.0,0.0,0.0,1.0,0.0,0.0,0.0,0.0,1.0,0.0,,0.0,True,Qwen/Qwen2.5-Coder-32B-Instruct-AWQ,None
2781,Grouping Line,Extra Hard,18.2385,18.2385,1,0.0,0.0,0.0,0.0,1.0,0.0,0.0,0.0,0.0,1.0,0.0,,0.0,True,Qwen/Qwen2.5-Coder-32B-Instruct-AWQ,None
2781,Grouping Line,Extra Hard,18.2385,18.2385,1,0.0,0.0,0.0,0.0,1.0,0.0,0.0,0.0,0.0,1.0,0.0,,0.0,True,Qwen/Qwen2.5-Coder-32B-Instruct-AWQ,None
2782,Line,Extra Hard,20.1917,20.1917,1,0.0,0.0,0.0,0.0,1.0,0.0,0.0,0.0,0.0,1.0,0.0,,0.0,True,Qwen/Qwen2.5-Coder-32B-Instruct-AWQ,None
2782,Line,Extra Hard,20.1917,20.1917,1,0.0,0.0,0.0,0.0,1.0,0.0,0.0,0.0,0.0,1.0,0.0,,0.0,True,Qwen/Qwen2.5-Coder-32B-Instruct-AWQ,None
2782,Line,Extra Hard,20.1917,20.1917,1,0.0,0.0,0.0,0.0,1.0,0.0,0.0,0.0,0.0,1.0,0.0,,0.0,True,Qwen/Qwen2.5-Coder-32B-Instruct-AWQ,None
2785,Pie,Hard,13.906,41.7179,3,0.0,0.0,0.0,0.0,0.3333333333333333,0.0,0.0,0.0,0.0,0.3333333333333333,0.6666666666666666,0.0,0.0,True,Qwen/Qwen2.5-Coder-32B-Instruct-AWQ,None
2785,Pie,Hard,13.906,41.7179,3,0.0,0.0,0.0,0.0,0.3333333333333333,0.0,0.0,0.0,0.0,0.3333333333333333,0.6666666666666666,0.0,0.0,True,Qwen/Qwen2.5-Coder-32B-Instruct-AWQ,None
2785,Pie,Hard,13.906,41.7179,3,0.0,0.0,0.0,0.0,0.3333333333333333,0.0,0.0,0.0,0.0,0.3333333333333333,0.6666666666666666,0.0,0.0,True,Qwen/Qwen2.5-Coder-32B-Instruct-AWQ,None
2787,Pie,Easy,11.6044,23.2087,2,0.0,0.0,0.0,0.0,0.0,0.0,0.0,0.0,0.0,0.0,1.0,0.0,0.0,True,Qwen/Qwen2.5-Coder-32B-Instruct-AWQ,None
2787,Pie,Easy,11.6044,23.2087,2,0.0,0.0,0.0,0.0,0.0,0.0,0.0,0.0,0.0,0.0,1.0,0.0,0.0,True,Qwen/Qwen2.5-Coder-32B-Instruct-AWQ,None
2787,Pie,Easy,11.6044,23.2087,2,0.0,0.0,0.0,0.0,0.0,0.0,0.0,0.0,0.0,0.0,1.0,0.0,0.0,True,Qwen/Qwen2.5-Coder-32B-Instruct-AWQ,None
2795,Pie,Medium,11.5951,34.7854,3,0.0,0.0,0.0,0.0,0.0,0.0,0.0,0.0,0.0,0.0,1.0,0.0,0.0,True,Qwen/Qwen2.5-Coder-32B-Instruct-AWQ,None
2795,Pie,Medium,11.5951,34.7854,3,0.0,0.0,0.0,0.0,0.0,0.0,0.0,0.0,0.0,0.0,1.0,0.0,0.0,True,Qwen/Qwen2.5-Coder-32B-Instruct-AWQ,None
2795,Pie,Medium,11.5951,34.7854,3,0.0,0.0,0.0,0.0,0.0,0.0,0.0,0.0,0.0,0.0,1.0,0.0,0.0,True,Qwen/Qwen2.5-Coder-32B-Instruct-AWQ,None
2799,Pie,Easy,12.8654,25.7309,2,0.0,0.0,0.0,0.0,0.0,0.0,0.0,0.0,0.0,0.0,1.0,0.0,0.0,False,Qwen/Qwen2.5-Coder-32B-Instruct-AWQ,None
2799,Pie,Easy,12.8654,25.7309,2,0.0,0.0,0.0,0.0,0.0,0.0,0.0,0.0,0.0,0.0,1.0,0.0,0.0,False,Qwen/Qwen2.5-Coder-32B-Instruct-AWQ,None
2799,Pie,Easy,12.8654,25.7309,2,0.0,0.0,0.0,0.0,0.0,0.0,0.0,0.0,0.0,0.0,1.0,0.0,0.0,False,Qwen/Qwen2.5-Coder-32B-Instruct-AWQ,None
2802,Bar,Medium,6.3163,25.2652,4,0.0,0.0,0.0,0.0,0.0,0.0,0.0,0.0,0.0,0.0,1.0,0.0,0.0,False,Qwen/Qwen2.5-Coder-32B-Instruct-AWQ,None
2802,Bar,Medium,6.3163,25.2652,4,0.0,0.0,0.0,0.0,0.0,0.0,0.0,0.0,0.0,0.0,1.0,0.0,0.0,False,Qwen/Qwen2.5-Coder-32B-Instruct-AWQ,None
2802,Bar,Medium,6.3163,25.2652,4,0.0,0.0,0.0,0.0,0.0,0.0,0.0,0.0,0.0,0.0,1.0,0.0,0.0,False,Qwen/Qwen2.5-Coder-32B-Instruct-AWQ,None
2804,Pie,Medium,7.7003,15.4005,2,0.0,0.0,0.0,0.0,1.0,0.0,0.0,0.0,0.0,1.0,0.0,,0.0,False,Qwen/Qwen2.5-Coder-32B-Instruct-AWQ,None
2804,Pie,Medium,7.7003,15.4005,2,0.0,0.0,0.0,0.0,1.0,0.0,0.0,0.0,0.0,1.0,0.0,,0.0,False,Qwen/Qwen2.5-Coder-32B-Instruct-AWQ,None
2804,Pie,Medium,7.7003,15.4005,2,0.0,0.0,0.0,0.0,1.0,0.0,0.0,0.0,0.0,1.0,0.0,,0.0,False,Qwen/Qwen2.5-Coder-32B-Instruct-AWQ,None
2806,Pie,Easy,4.6105,9.221,2,0.0,0.0,0.0,0.0,0.0,0.0,0.0,0.0,0.0,0.0,1.0,0.0,0.0,False,Qwen/Qwen2.5-Coder-32B-Instruct-AWQ,None
2806,Pie,Easy,4.6105,9.221,2,0.0,0.0,0.0,0.0,0.0,0.0,0.0,0.0,0.0,0.0,1.0,0.0,0.0,False,Qwen/Qwen2.5-Coder-32B-Instruct-AWQ,None
2806,Pie,Easy,4.6105,9.221,2,0.0,0.0,0.0,0.0,0.0,0.0,0.0,0.0,0.0,0.0,1.0,0.0,0.0,False,Qwen/Qwen2.5-Coder-32B-Instruct-AWQ,None
2807,Bar,Easy,4.7851,14.3552,3,0.0,0.0,0.0,0.0,0.0,0.0,0.0,0.0,0.0,0.0,1.0,0.0,0.0,False,Qwen/Qwen2.5-Coder-32B-Instruct-AWQ,None
2807,Bar,Easy,4.7851,14.3552,3,0.0,0.0,0.0,0.0,0.0,0.0,0.0,0.0,0.0,0.0,1.0,0.0,0.0,False,Qwen/Qwen2.5-Coder-32B-Instruct-AWQ,None
2807,Bar,Easy,4.7851,14.3552,3,0.0,0.0,0.0,0.0,0.0,0.0,0.0,0.0,0.0,0.0,1.0,0.0,0.0,False,Qwen/Qwen2.5-Coder-32B-Instruct-AWQ,None
2808,Bar,Hard,11.6788,23.3576,2,0.0,0.0,0.0,0.0,0.0,0.0,0.0,0.0,0.0,0.0,1.0,0.0,0.0,True,Qwen/Qwen2.5-Coder-32B-Instruct-AWQ,None
2808,Bar,Hard,11.6788,23.3576,2,0.0,0.0,0.0,0.0,0.0,0.0,0.0,0.0,0.0,0.0,1.0,0.0,0.0,True,Qwen/Qwen2.5-Coder-32B-Instruct-AWQ,None
2808,Bar,Hard,11.6788,23.3576,2,0.0,0.0,0.0,0.0,0.0,0.0,0.0,0.0,0.0,0.0,1.0,0.0,0.0,True,Qwen/Qwen2.5-Coder-32B-Instruct-AWQ,None
2809,Pie,Easy,4.5861,4.5861,1,0.0,0.0,0.0,0.0,0.0,0.0,0.0,0.0,0.0,0.0,1.0,0.0,0.0,False,Qwen/Qwen2.5-Coder-32B-Instruct-AWQ,None
2809,Pie,Easy,4.5861,4.5861,1,0.0,0.0,0.0,0.0,0.0,0.0,0.0,0.0,0.0,0.0,1.0,0.0,0.0,False,Qwen/Qwen2.5-Coder-32B-Instruct-AWQ,None
2809,Pie,Easy,4.5861,4.5861,1,0.0,0.0,0.0,0.0,0.0,0.0,0.0,0.0,0.0,0.0,1.0,0.0,0.0,False,Qwen/Qwen2.5-Coder-32B-Instruct-AWQ,None
2810,Bar,Easy,4.6976,9.3952,2,0.0,0.0,0.0,0.0,0.0,0.0,0.0,0.0,0.0,0.0,1.0,0.0,0.0,False,Qwen/Qwen2.5-Coder-32B-Instruct-AWQ,None
2810,Bar,Easy,4.6976,9.3952,2,0.0,0.0,0.0,0.0,0.0,0.0,0.0,0.0,0.0,0.0,1.0,0.0,0.0,False,Qwen/Qwen2.5-Coder-32B-Instruct-AWQ,None
2810,Bar,Easy,4.6976,9.3952,2,0.0,0.0,0.0,0.0,0.0,0.0,0.0,0.0,0.0,0.0,1.0,0.0,0.0,False,Qwen/Qwen2.5-Coder-32B-Instruct-AWQ,None
2817,Pie,Medium,8.1154,8.1154,1,0.0,0.0,0.0,0.0,0.0,0.0,0.0,0.0,0.0,0.0,1.0,0.0,0.0,False,Qwen/Qwen2.5-Coder-32B-Instruct-AWQ,None
2817,Pie,Medium,8.1154,8.1154,1,0.0,0.0,0.0,0.0,0.0,0.0,0.0,0.0,0.0,0.0,1.0,0.0,0.0,False,Qwen/Qwen2.5-Coder-32B-Instruct-AWQ,None
2817,Pie,Medium,8.1154,8.1154,1,0.0,0.0,0.0,0.0,0.0,0.0,0.0,0.0,0.0,0.0,1.0,0.0,0.0,False,Qwen/Qwen2.5-Coder-32B-Instruct-AWQ,None
2818,Bar,Medium,8.7855,17.571,2,0.0,0.0,0.0,0.0,0.0,0.0,0.0,0.0,0.0,0.0,1.0,0.0,0.0,False,Qwen/Qwen2.5-Coder-32B-Instruct-AWQ,None
2818,Bar,Medium,8.7855,17.571,2,0.0,0.0,0.0,0.0,0.0,0.0,0.0,0.0,0.0,0.0,1.0,0.0,0.0,False,Qwen/Qwen2.5-Coder-32B-Instruct-AWQ,None
2818,Bar,Medium,8.7855,17.571,2,0.0,0.0,0.0,0.0,0.0,0.0,0.0,0.0,0.0,0.0,1.0,0.0,0.0,False,Qwen/Qwen2.5-Coder-32B-Instruct-AWQ,None
2820,Bar,Easy,4.8568,29.1406,6,0.0,0.0,0.0,0.0,0.0,0.0,0.0,0.0,0.0,0.0,1.0,0.0,0.0,False,Qwen/Qwen2.5-Coder-32B-Instruct-AWQ,None
2820,Bar,Easy,4.8568,29.1406,6,0.0,0.0,0.0,0.0,0.0,0.0,0.0,0.0,0.0,0.0,1.0,0.0,0.0,False,Qwen/Qwen2.5-Coder-32B-Instruct-AWQ,None
2820,Bar,Easy,4.8568,29.1406,6,0.0,0.0,0.0,0.0,0.0,0.0,0.0,0.0,0.0,0.0,1.0,0.0,0.0,False,Qwen/Qwen2.5-Coder-32B-Instruct-AWQ,None
2822,Pie,Medium,11.1614,11.1614,1,0.0,0.0,0.0,0.0,0.0,0.0,0.0,0.0,0.0,0.0,1.0,0.0,0.0,True,Qwen/Qwen2.5-Coder-32B-Instruct-AWQ,None
2822,Pie,Medium,11.1614,11.1614,1,0.0,0.0,0.0,0.0,0.0,0.0,0.0,0.0,0.0,0.0,1.0,0.0,0.0,True,Qwen/Qwen2.5-Coder-32B-Instruct-AWQ,None
2822,Pie,Medium,11.1614,11.1614,1,0.0,0.0,0.0,0.0,0.0,0.0,0.0,0.0,0.0,0.0,1.0,0.0,0.0,True,Qwen/Qwen2.5-Coder-32B-Instruct-AWQ,None
2830,Bar,Easy,5.1017,5.1017,1,0.0,0.0,0.0,0.0,0.0,0.0,0.0,0.0,0.0,0.0,1.0,0.0,0.0,False,Qwen/Qwen2.5-Coder-32B-Instruct-AWQ,None
2830,Bar,Easy,5.1017,5.1017,1,0.0,0.0,0.0,0.0,0.0,0.0,0.0,0.0,0.0,0.0,1.0,0.0,0.0,False,Qwen/Qwen2.5-Coder-32B-Instruct-AWQ,None
2830,Bar,Easy,5.1017,5.1017,1,0.0,0.0,0.0,0.0,0.0,0.0,0.0,0.0,0.0,0.0,1.0,0.0,0.0,False,Qwen/Qwen2.5-Coder-32B-Instruct-AWQ,None
2847,Pie,Extra Hard,15.4808,61.9234,4,0.0,0.0,0.0,0.0,0.5,0.0,0.0,0.0,0.0,0.5,0.5,0.0,0.0,True,Qwen/Qwen2.5-Coder-32B-Instruct-AWQ,None
2847,Pie,Extra Hard,15.4808,61.9234,4,0.0,0.0,0.0,0.0,0.5,0.0,0.0,0.0,0.0,0.5,0.5,0.0,0.0,True,Qwen/Qwen2.5-Coder-32B-Instruct-AWQ,None
2847,Pie,Extra Hard,15.4808,61.9234,4,0.0,0.0,0.0,0.0,0.5,0.0,0.0,0.0,0.0,0.5,0.5,0.0,0.0,True,Qwen/Qwen2.5-Coder-32B-Instruct-AWQ,None
2848,Bar,Extra Hard,16.3934,81.9672,5,0.0,0.2,0.0,0.0,0.0,0.0,0.0,0.0,0.2,0.0,0.8,0.0,0.0,True,Qwen/Qwen2.5-Coder-32B-Instruct-AWQ,None
2848,Bar,Extra Hard,16.3934,81.9672,5,0.0,0.2,0.0,0.0,0.0,0.0,0.0,0.0,0.2,0.0,0.8,0.0,0.0,True,Qwen/Qwen2.5-Coder-32B-Instruct-AWQ,None
2848,Bar,Extra Hard,16.3934,81.9672,5,0.0,0.2,0.0,0.0,0.0,0.0,0.0,0.0,0.2,0.0,0.8,0.0,0.0,True,Qwen/Qwen2.5-Coder-32B-Instruct-AWQ,None
2850,Bar,Hard,7.1268,14.2536,2,0.0,0.0,0.0,0.0,0.0,0.0,0.0,0.0,0.0,0.0,1.0,0.0,0.0,False,Qwen/Qwen2.5-Coder-32B-Instruct-AWQ,None
2850,Bar,Hard,7.1268,14.2536,2,0.0,0.0,0.0,0.0,0.0,0.0,0.0,0.0,0.0,0.0,1.0,0.0,0.0,False,Qwen/Qwen2.5-Coder-32B-Instruct-AWQ,None
2850,Bar,Hard,7.1268,14.2536,2,0.0,0.0,0.0,0.0,0.0,0.0,0.0,0.0,0.0,0.0,1.0,0.0,0.0,False,Qwen/Qwen2.5-Coder-32B-Instruct-AWQ,None
2851,Bar,Hard,6.8801,6.8801,1,0.0,0.0,0.0,0.0,1.0,0.0,0.0,0.0,0.0,1.0,0.0,,0.0,False,Qwen/Qwen2.5-Coder-32B-Instruct-AWQ,None
2851,Bar,Hard,6.8801,6.8801,1,0.0,0.0,0.0,0.0,1.0,0.0,0.0,0.0,0.0,1.0,0.0,,0.0,False,Qwen/Qwen2.5-Coder-32B-Instruct-AWQ,None
2851,Bar,Hard,6.8801,6.8801,1,0.0,0.0,0.0,0.0,1.0,0.0,0.0,0.0,0.0,1.0,0.0,,0.0,False,Qwen/Qwen2.5-Coder-32B-Instruct-AWQ,None
2852,Bar,Extra Hard,13.194,13.194,1,0.0,0.0,0.0,0.0,1.0,0.0,0.0,0.0,0.0,1.0,0.0,,0.0,True,Qwen/Qwen2.5-Coder-32B-Instruct-AWQ,None
2852,Bar,Extra Hard,13.194,13.194,1,0.0,0.0,0.0,0.0,1.0,0.0,0.0,0.0,0.0,1.0,0.0,,0.0,True,Qwen/Qwen2.5-Coder-32B-Instruct-AWQ,None
2852,Bar,Extra Hard,13.194,13.194,1,0.0,0.0,0.0,0.0,1.0,0.0,0.0,0.0,0.0,1.0,0.0,,0.0,True,Qwen/Qwen2.5-Coder-32B-Instruct-AWQ,None
2857,Bar,Hard,7.9187,23.756,3,0.0,0.0,0.0,0.0,0.0,0.0,0.0,0.0,0.0,0.0,1.0,0.0,0.0,False,Qwen/Qwen2.5-Coder-32B-Instruct-AWQ,None
2857,Bar,Hard,7.9187,23.756,3,0.0,0.0,0.0,0.0,0.0,0.0,0.0,0.0,0.0,0.0,1.0,0.0,0.0,False,Qwen/Qwen2.5-Coder-32B-Instruct-AWQ,None
2857,Bar,Hard,7.9187,23.756,3,0.0,0.0,0.0,0.0,0.0,0.0,0.0,0.0,0.0,0.0,1.0,0.0,0.0,False,Qwen/Qwen2.5-Coder-32B-Instruct-AWQ,None
2858,Pie,Medium,13.274,39.8219,3,0.0,0.0,0.0,0.0,0.0,0.0,0.0,0.0,0.0,0.0,1.0,0.0,0.0,True,Qwen/Qwen2.5-Coder-32B-Instruct-AWQ,None
2858,Pie,Medium,13.274,39.8219,3,0.0,0.0,0.0,0.0,0.0,0.0,0.0,0.0,0.0,0.0,1.0,0.0,0.0,True,Qwen/Qwen2.5-Coder-32B-Instruct-AWQ,None
2858,Pie,Medium,13.274,39.8219,3,0.0,0.0,0.0,0.0,0.0,0.0,0.0,0.0,0.0,0.0,1.0,0.0,0.0,True,Qwen/Qwen2.5-Coder-32B-Instruct-AWQ,None
2861,Pie,Easy,4.0958,4.0958,1,0.0,0.0,0.0,0.0,1.0,0.0,0.0,0.0,0.0,1.0,0.0,,0.0,False,Qwen/Qwen2.5-Coder-32B-Instruct-AWQ,None
2861,Pie,Easy,4.0958,4.0958,1,0.0,0.0,0.0,0.0,1.0,0.0,0.0,0.0,0.0,1.0,0.0,,0.0,False,Qwen/Qwen2.5-Coder-32B-Instruct-AWQ,None
2861,Pie,Easy,4.0958,4.0958,1,0.0,0.0,0.0,0.0,1.0,0.0,0.0,0.0,0.0,1.0,0.0,,0.0,False,Qwen/Qwen2.5-Coder-32B-Instruct-AWQ,None
2864,Pie,Medium,29.0347,145.1735,5,0.4,0.0,0.0,0.0,0.0,0.0,0.0,0.0,0.4,0.0,0.6,0.0,0.0,True,Qwen/Qwen2.5-Coder-32B-Instruct-AWQ,None
2864,Pie,Medium,29.0347,145.1735,5,0.4,0.0,0.0,0.0,0.0,0.0,0.0,0.0,0.4,0.0,0.6,0.0,0.0,True,Qwen/Qwen2.5-Coder-32B-Instruct-AWQ,None
2864,Pie,Medium,29.0347,145.1735,5,0.4,0.0,0.0,0.0,0.0,0.0,0.0,0.0,0.4,0.0,0.6,0.0,0.0,True,Qwen/Qwen2.5-Coder-32B-Instruct-AWQ,None
2866,Pie,Medium,10.437,41.7481,4,0.0,0.0,0.0,0.0,0.0,0.0,0.0,0.0,0.0,0.0,1.0,0.0,0.0,True,Qwen/Qwen2.5-Coder-32B-Instruct-AWQ,None
2866,Pie,Medium,10.437,41.7481,4,0.0,0.0,0.0,0.0,0.0,0.0,0.0,0.0,0.0,0.0,1.0,0.0,0.0,True,Qwen/Qwen2.5-Coder-32B-Instruct-AWQ,None
2866,Pie,Medium,10.437,41.7481,4,0.0,0.0,0.0,0.0,0.0,0.0,0.0,0.0,0.0,0.0,1.0,0.0,0.0,True,Qwen/Qwen2.5-Coder-32B-Instruct-AWQ,None
2874,Scatter,Easy,5.3239,5.3239,1,0.0,0.0,0.0,0.0,0.0,0.0,0.0,0.0,0.0,0.0,1.0,0.0,0.0,False,Qwen/Qwen2.5-Coder-32B-Instruct-AWQ,None
2874,Scatter,Easy,5.3239,5.3239,1,0.0,0.0,0.0,0.0,0.0,0.0,0.0,0.0,0.0,0.0,1.0,0.0,0.0,False,Qwen/Qwen2.5-Coder-32B-Instruct-AWQ,None
2874,Scatter,Easy,5.3239,5.3239,1,0.0,0.0,0.0,0.0,0.0,0.0,0.0,0.0,0.0,0.0,1.0,0.0,0.0,False,Qwen/Qwen2.5-Coder-32B-Instruct-AWQ,None
2881,Pie,Easy,5.1842,10.3683,2,0.0,0.0,0.0,0.0,0.0,0.0,0.0,0.0,0.0,0.0,1.0,0.0,0.0,False,Qwen/Qwen2.5-Coder-32B-Instruct-AWQ,None
2881,Pie,Easy,5.1842,10.3683,2,0.0,0.0,0.0,0.0,0.0,0.0,0.0,0.0,0.0,0.0,1.0,0.0,0.0,False,Qwen/Qwen2.5-Coder-32B-Instruct-AWQ,None
2881,Pie,Easy,5.1842,10.3683,2,0.0,0.0,0.0,0.0,0.0,0.0,0.0,0.0,0.0,0.0,1.0,0.0,0.0,False,Qwen/Qwen2.5-Coder-32B-Instruct-AWQ,None
2885,Pie,Medium,32.5678,65.1357,2,0.5,0.0,0.0,0.0,0.0,0.0,0.0,0.0,0.5,0.0,0.5,0.0,0.0,True,Qwen/Qwen2.5-Coder-32B-Instruct-AWQ,None
2885,Pie,Medium,32.5678,65.1357,2,0.5,0.0,0.0,0.0,0.0,0.0,0.0,0.0,0.5,0.0,0.5,0.0,0.0,True,Qwen/Qwen2.5-Coder-32B-Instruct-AWQ,None
2885,Pie,Medium,32.5678,65.1357,2,0.5,0.0,0.0,0.0,0.0,0.0,0.0,0.0,0.5,0.0,0.5,0.0,0.0,True,Qwen/Qwen2.5-Coder-32B-Instruct-AWQ,None
2900,Bar,Medium,28.0353,28.0353,1,0.0,0.0,0.0,0.0,1.0,0.0,0.0,0.0,0.0,1.0,0.0,,0.0,False,Qwen/Qwen2.5-Coder-32B-Instruct-AWQ,None
2900,Bar,Medium,28.0353,28.0353,1,0.0,0.0,0.0,0.0,1.0,0.0,0.0,0.0,0.0,1.0,0.0,,0.0,False,Qwen/Qwen2.5-Coder-32B-Instruct-AWQ,None
2900,Bar,Medium,28.0353,28.0353,1,0.0,0.0,0.0,0.0,1.0,0.0,0.0,0.0,0.0,1.0,0.0,,0.0,False,Qwen/Qwen2.5-Coder-32B-Instruct-AWQ,None
2903,Bar,Hard,12.1587,24.3175,2,0.0,0.0,0.0,0.0,0.0,0.0,0.0,0.0,0.0,0.0,1.0,0.0,0.0,True,Qwen/Qwen2.5-Coder-32B-Instruct-AWQ,None
2903,Bar,Hard,12.1587,24.3175,2,0.0,0.0,0.0,0.0,0.0,0.0,0.0,0.0,0.0,0.0,1.0,0.0,0.0,True,Qwen/Qwen2.5-Coder-32B-Instruct-AWQ,None
2903,Bar,Hard,12.1587,24.3175,2,0.0,0.0,0.0,0.0,0.0,0.0,0.0,0.0,0.0,0.0,1.0,0.0,0.0,True,Qwen/Qwen2.5-Coder-32B-Instruct-AWQ,None
2928,Bar,Easy,5.5321,27.6604,5,0.0,0.0,0.0,0.0,0.0,0.0,0.0,0.0,0.0,0.0,1.0,0.0,0.0,False,Qwen/Qwen2.5-Coder-32B-Instruct-AWQ,None
2928,Bar,Easy,5.5321,27.6604,5,0.0,0.0,0.0,0.0,0.0,0.0,0.0,0.0,0.0,0.0,1.0,0.0,0.0,False,Qwen/Qwen2.5-Coder-32B-Instruct-AWQ,None
2928,Bar,Easy,5.5321,27.6604,5,0.0,0.0,0.0,0.0,0.0,0.0,0.0,0.0,0.0,0.0,1.0,0.0,0.0,False,Qwen/Qwen2.5-Coder-32B-Instruct-AWQ,None
2930,Pie,Hard,20.2565,40.513,2,0.0,0.0,0.0,0.0,1.0,0.0,0.0,0.0,0.0,1.0,0.0,,0.0,True,Qwen/Qwen2.5-Coder-32B-Instruct-AWQ,None
2930,Pie,Hard,20.2565,40.513,2,0.0,0.0,0.0,0.0,1.0,0.0,0.0,0.0,0.0,1.0,0.0,,0.0,True,Qwen/Qwen2.5-Coder-32B-Instruct-AWQ,None
2930,Pie,Hard,20.2565,40.513,2,0.0,0.0,0.0,0.0,1.0,0.0,0.0,0.0,0.0,1.0,0.0,,0.0,True,Qwen/Qwen2.5-Coder-32B-Instruct-AWQ,None
2932,Pie,Medium,25.7768,51.5536,2,0.5,0.0,0.0,0.0,0.0,0.0,0.0,0.0,0.5,0.0,0.5,0.0,0.0,True,Qwen/Qwen2.5-Coder-32B-Instruct-AWQ,None
2932,Pie,Medium,25.7768,51.5536,2,0.5,0.0,0.0,0.0,0.0,0.0,0.0,0.0,0.5,0.0,0.5,0.0,0.0,True,Qwen/Qwen2.5-Coder-32B-Instruct-AWQ,None
2932,Pie,Medium,25.7768,51.5536,2,0.5,0.0,0.0,0.0,0.0,0.0,0.0,0.0,0.5,0.0,0.5,0.0,0.0,True,Qwen/Qwen2.5-Coder-32B-Instruct-AWQ,None
2934,Pie,Medium,13.4082,13.4082,1,0.0,0.0,0.0,0.0,0.0,0.0,0.0,0.0,0.0,0.0,1.0,0.0,0.0,True,Qwen/Qwen2.5-Coder-32B-Instruct-AWQ,None
2934,Pie,Medium,13.4082,13.4082,1,0.0,0.0,0.0,0.0,0.0,0.0,0.0,0.0,0.0,0.0,1.0,0.0,0.0,True,Qwen/Qwen2.5-Coder-32B-Instruct-AWQ,None
2934,Pie,Medium,13.4082,13.4082,1,0.0,0.0,0.0,0.0,0.0,0.0,0.0,0.0,0.0,0.0,1.0,0.0,0.0,True,Qwen/Qwen2.5-Coder-32B-Instruct-AWQ,None
2941,Bar,Easy,4.6466,4.6466,1,0.0,0.0,0.0,0.0,0.0,0.0,0.0,0.0,0.0,0.0,1.0,0.0,0.0,False,Qwen/Qwen2.5-Coder-32B-Instruct-AWQ,None
2941,Bar,Easy,4.6466,4.6466,1,0.0,0.0,0.0,0.0,0.0,0.0,0.0,0.0,0.0,0.0,1.0,0.0,0.0,False,Qwen/Qwen2.5-Coder-32B-Instruct-AWQ,None
2941,Bar,Easy,4.6466,4.6466,1,0.0,0.0,0.0,0.0,0.0,0.0,0.0,0.0,0.0,0.0,1.0,0.0,0.0,False,Qwen/Qwen2.5-Coder-32B-Instruct-AWQ,None
2958,Pie,Medium,8.9929,35.9718,4,0.0,0.0,0.0,0.0,0.5,0.0,0.0,0.0,0.0,0.5,0.5,0.0,0.0,True,Qwen/Qwen2.5-Coder-32B-Instruct-AWQ,None
2958,Pie,Medium,8.9929,35.9718,4,0.0,0.0,0.0,0.0,0.5,0.0,0.0,0.0,0.0,0.5,0.5,0.0,0.0,True,Qwen/Qwen2.5-Coder-32B-Instruct-AWQ,None
2958,Pie,Medium,8.9929,35.9718,4,0.0,0.0,0.0,0.0,0.5,0.0,0.0,0.0,0.0,0.5,0.5,0.0,0.0,True,Qwen/Qwen2.5-Coder-32B-Instruct-AWQ,None
2960,Bar,Medium,6.3311,12.6622,2,0.0,0.0,0.0,0.0,0.5,0.0,0.0,0.0,0.0,0.5,0.5,0.0,0.0,False,Qwen/Qwen2.5-Coder-32B-Instruct-AWQ,None
2960,Bar,Medium,6.3311,12.6622,2,0.0,0.0,0.0,0.0,0.5,0.0,0.0,0.0,0.0,0.5,0.5,0.0,0.0,False,Qwen/Qwen2.5-Coder-32B-Instruct-AWQ,None
2960,Bar,Medium,6.3311,12.6622,2,0.0,0.0,0.0,0.0,0.5,0.0,0.0,0.0,0.0,0.5,0.5,0.0,0.0,False,Qwen/Qwen2.5-Coder-32B-Instruct-AWQ,None
2962,Bar,Easy,40.1994,40.1994,1,1.0,0.0,0.0,0.0,0.0,0.0,0.0,0.0,1.0,0.0,0.0,,0.0,False,Qwen/Qwen2.5-Coder-32B-Instruct-AWQ,None
2962,Bar,Easy,40.1994,40.1994,1,1.0,0.0,0.0,0.0,0.0,0.0,0.0,0.0,1.0,0.0,0.0,,0.0,False,Qwen/Qwen2.5-Coder-32B-Instruct-AWQ,None
2962,Bar,Easy,40.1994,40.1994,1,1.0,0.0,0.0,0.0,0.0,0.0,0.0,0.0,1.0,0.0,0.0,,0.0,False,Qwen/Qwen2.5-Coder-32B-Instruct-AWQ,None
2963,Bar,Easy,11.042,11.042,1,0.0,0.0,0.0,0.0,0.0,0.0,0.0,0.0,0.0,0.0,1.0,0.0,0.0,False,Qwen/Qwen2.5-Coder-32B-Instruct-AWQ,None
2963,Bar,Easy,11.042,11.042,1,0.0,0.0,0.0,0.0,0.0,0.0,0.0,0.0,0.0,0.0,1.0,0.0,0.0,False,Qwen/Qwen2.5-Coder-32B-Instruct-AWQ,None
2963,Bar,Easy,11.042,11.042,1,0.0,0.0,0.0,0.0,0.0,0.0,0.0,0.0,0.0,0.0,1.0,0.0,0.0,False,Qwen/Qwen2.5-Coder-32B-Instruct-AWQ,None
2969,Bar,Medium,9.9051,19.8102,2,0.0,0.0,0.0,0.0,0.0,0.0,0.0,0.0,0.0,0.0,1.0,0.0,0.0,True,Qwen/Qwen2.5-Coder-32B-Instruct-AWQ,None
2969,Bar,Medium,9.9051,19.8102,2,0.0,0.0,0.0,0.0,0.0,0.0,0.0,0.0,0.0,0.0,1.0,0.0,0.0,True,Qwen/Qwen2.5-Coder-32B-Instruct-AWQ,None
2969,Bar,Medium,9.9051,19.8102,2,0.0,0.0,0.0,0.0,0.0,0.0,0.0,0.0,0.0,0.0,1.0,0.0,0.0,True,Qwen/Qwen2.5-Coder-32B-Instruct-AWQ,None
2971,Pie,Medium,9.8657,19.7315,2,0.0,0.0,0.0,0.0,0.0,0.0,0.0,0.0,0.0,0.0,1.0,0.0,0.0,True,Qwen/Qwen2.5-Coder-32B-Instruct-AWQ,None
2971,Pie,Medium,9.8657,19.7315,2,0.0,0.0,0.0,0.0,0.0,0.0,0.0,0.0,0.0,0.0,1.0,0.0,0.0,True,Qwen/Qwen2.5-Coder-32B-Instruct-AWQ,None
2971,Pie,Medium,9.8657,19.7315,2,0.0,0.0,0.0,0.0,0.0,0.0,0.0,0.0,0.0,0.0,1.0,0.0,0.0,True,Qwen/Qwen2.5-Coder-32B-Instruct-AWQ,None
2972,Pie,Medium,10.9352,10.9352,1,0.0,0.0,0.0,0.0,0.0,0.0,0.0,0.0,0.0,0.0,1.0,0.0,0.0,True,Qwen/Qwen2.5-Coder-32B-Instruct-AWQ,None
2972,Pie,Medium,10.9352,10.9352,1,0.0,0.0,0.0,0.0,0.0,0.0,0.0,0.0,0.0,0.0,1.0,0.0,0.0,True,Qwen/Qwen2.5-Coder-32B-Instruct-AWQ,None
2972,Pie,Medium,10.9352,10.9352,1,0.0,0.0,0.0,0.0,0.0,0.0,0.0,0.0,0.0,0.0,1.0,0.0,0.0,True,Qwen/Qwen2.5-Coder-32B-Instruct-AWQ,None
2973,Bar,Medium,10.7464,10.7464,1,0.0,0.0,0.0,0.0,0.0,0.0,0.0,0.0,0.0,0.0,1.0,0.0,0.0,True,Qwen/Qwen2.5-Coder-32B-Instruct-AWQ,None
2973,Bar,Medium,10.7464,10.7464,1,0.0,0.0,0.0,0.0,0.0,0.0,0.0,0.0,0.0,0.0,1.0,0.0,0.0,True,Qwen/Qwen2.5-Coder-32B-Instruct-AWQ,None
2973,Bar,Medium,10.7464,10.7464,1,0.0,0.0,0.0,0.0,0.0,0.0,0.0,0.0,0.0,0.0,1.0,0.0,0.0,True,Qwen/Qwen2.5-Coder-32B-Instruct-AWQ,None
2979,Bar,Hard,12.0717,12.0717,1,0.0,0.0,0.0,0.0,0.0,0.0,0.0,0.0,0.0,0.0,1.0,0.0,0.0,True,Qwen/Qwen2.5-Coder-32B-Instruct-AWQ,None
2979,Bar,Hard,12.0717,12.0717,1,0.0,0.0,0.0,0.0,0.0,0.0,0.0,0.0,0.0,0.0,1.0,0.0,0.0,True,Qwen/Qwen2.5-Coder-32B-Instruct-AWQ,None
2979,Bar,Hard,12.0717,12.0717,1,0.0,0.0,0.0,0.0,0.0,0.0,0.0,0.0,0.0,0.0,1.0,0.0,0.0,True,Qwen/Qwen2.5-Coder-32B-Instruct-AWQ,None
2980,Pie,Hard,11.9942,23.9884,2,0.0,0.0,0.0,0.0,0.0,0.0,0.0,0.0,0.0,0.0,1.0,0.0,0.0,True,Qwen/Qwen2.5-Coder-32B-Instruct-AWQ,None
2980,Pie,Hard,11.9942,23.9884,2,0.0,0.0,0.0,0.0,0.0,0.0,0.0,0.0,0.0,0.0,1.0,0.0,0.0,True,Qwen/Qwen2.5-Coder-32B-Instruct-AWQ,None
2980,Pie,Hard,11.9942,23.9884,2,0.0,0.0,0.0,0.0,0.0,0.0,0.0,0.0,0.0,0.0,1.0,0.0,0.0,True,Qwen/Qwen2.5-Coder-32B-Instruct-AWQ,None
2998,Bar,Hard,10.1568,20.3136,2,0.0,0.0,0.0,0.0,0.0,0.0,0.0,0.0,0.0,0.0,1.0,0.0,0.0,False,Qwen/Qwen2.5-Coder-32B-Instruct-AWQ,None
2998,Bar,Hard,10.1568,20.3136,2,0.0,0.0,0.0,0.0,0.0,0.0,0.0,0.0,0.0,0.0,1.0,0.0,0.0,False,Qwen/Qwen2.5-Coder-32B-Instruct-AWQ,None
2998,Bar,Hard,10.1568,20.3136,2,0.0,0.0,0.0,0.0,0.0,0.0,0.0,0.0,0.0,0.0,1.0,0.0,0.0,False,Qwen/Qwen2.5-Coder-32B-Instruct-AWQ,None
3004,Pie,Easy,6.4067,19.2202,3,0.0,0.0,0.0,0.0,0.0,0.0,0.0,0.0,0.0,0.0,1.0,0.0,0.0,False,Qwen/Qwen2.5-Coder-32B-Instruct-AWQ,None
3004,Pie,Easy,6.4067,19.2202,3,0.0,0.0,0.0,0.0,0.0,0.0,0.0,0.0,0.0,0.0,1.0,0.0,0.0,False,Qwen/Qwen2.5-Coder-32B-Instruct-AWQ,None
3004,Pie,Easy,6.4067,19.2202,3,0.0,0.0,0.0,0.0,0.0,0.0,0.0,0.0,0.0,0.0,1.0,0.0,0.0,False,Qwen/Qwen2.5-Coder-32B-Instruct-AWQ,None
3009,Bar,Easy,36.3069,36.3069,1,0.0,0.0,0.0,0.0,0.0,0.0,0.0,0.0,0.0,0.0,1.0,0.0,0.0,False,Qwen/Qwen2.5-Coder-32B-Instruct-AWQ,None
3009,Bar,Easy,36.3069,36.3069,1,0.0,0.0,0.0,0.0,0.0,0.0,0.0,0.0,0.0,0.0,1.0,0.0,0.0,False,Qwen/Qwen2.5-Coder-32B-Instruct-AWQ,None
3009,Bar,Easy,36.3069,36.3069,1,0.0,0.0,0.0,0.0,0.0,0.0,0.0,0.0,0.0,0.0,1.0,0.0,0.0,False,Qwen/Qwen2.5-Coder-32B-Instruct-AWQ,None
3021,Pie,Hard,11.2483,22.4966,2,0.0,0.0,0.0,0.0,0.0,0.0,0.0,0.0,0.0,0.0,1.0,0.0,0.0,True,Qwen/Qwen2.5-Coder-32B-Instruct-AWQ,None
3021,Pie,Hard,11.2483,22.4966,2,0.0,0.0,0.0,0.0,0.0,0.0,0.0,0.0,0.0,0.0,1.0,0.0,0.0,True,Qwen/Qwen2.5-Coder-32B-Instruct-AWQ,None
3021,Pie,Hard,11.2483,22.4966,2,0.0,0.0,0.0,0.0,0.0,0.0,0.0,0.0,0.0,0.0,1.0,0.0,0.0,True,Qwen/Qwen2.5-Coder-32B-Instruct-AWQ,None
3046,Bar,Easy,6.7176,20.1529,3,0.0,0.0,0.0,0.0,0.0,0.0,0.0,0.0,0.0,0.0,1.0,0.0,0.0,False,Qwen/Qwen2.5-Coder-32B-Instruct-AWQ,None
3046,Bar,Easy,6.7176,20.1529,3,0.0,0.0,0.0,0.0,0.0,0.0,0.0,0.0,0.0,0.0,1.0,0.0,0.0,False,Qwen/Qwen2.5-Coder-32B-Instruct-AWQ,None
3046,Bar,Easy,6.7176,20.1529,3,0.0,0.0,0.0,0.0,0.0,0.0,0.0,0.0,0.0,0.0,1.0,0.0,0.0,False,Qwen/Qwen2.5-Coder-32B-Instruct-AWQ,None
3047,Pie,Easy,4.1161,8.2322,2,0.0,0.0,0.0,0.0,0.0,0.0,0.0,0.0,0.0,0.0,1.0,0.0,0.0,False,Qwen/Qwen2.5-Coder-32B-Instruct-AWQ,None
3047,Pie,Easy,4.1161,8.2322,2,0.0,0.0,0.0,0.0,0.0,0.0,0.0,0.0,0.0,0.0,1.0,0.0,0.0,False,Qwen/Qwen2.5-Coder-32B-Instruct-AWQ,None
3047,Pie,Easy,4.1161,8.2322,2,0.0,0.0,0.0,0.0,0.0,0.0,0.0,0.0,0.0,0.0,1.0,0.0,0.0,False,Qwen/Qwen2.5-Coder-32B-Instruct-AWQ,None
3051,Pie,Easy,5.9993,17.9979,3,0.0,0.0,0.0,0.0,0.0,0.0,0.0,0.0,0.0,0.0,1.0,0.0,0.0,False,Qwen/Qwen2.5-Coder-32B-Instruct-AWQ,None
3051,Pie,Easy,5.9993,17.9979,3,0.0,0.0,0.0,0.0,0.0,0.0,0.0,0.0,0.0,0.0,1.0,0.0,0.0,False,Qwen/Qwen2.5-Coder-32B-Instruct-AWQ,None
3051,Pie,Easy,5.9993,17.9979,3,0.0,0.0,0.0,0.0,0.0,0.0,0.0,0.0,0.0,0.0,1.0,0.0,0.0,False,Qwen/Qwen2.5-Coder-32B-Instruct-AWQ,None
3054,Pie,Easy,6.0863,12.1726,2,0.0,0.0,0.0,0.0,0.0,0.0,0.0,0.0,0.0,0.0,1.0,0.0,0.0,False,Qwen/Qwen2.5-Coder-32B-Instruct-AWQ,None
3054,Pie,Easy,6.0863,12.1726,2,0.0,0.0,0.0,0.0,0.0,0.0,0.0,0.0,0.0,0.0,1.0,0.0,0.0,False,Qwen/Qwen2.5-Coder-32B-Instruct-AWQ,None
3054,Pie,Easy,6.0863,12.1726,2,0.0,0.0,0.0,0.0,0.0,0.0,0.0,0.0,0.0,0.0,1.0,0.0,0.0,False,Qwen/Qwen2.5-Coder-32B-Instruct-AWQ,None
3056,Grouping Scatter,Medium,19.2701,19.2701,1,0.0,0.0,0.0,0.0,1.0,0.0,0.0,0.0,0.0,1.0,0.0,,0.0,False,Qwen/Qwen2.5-Coder-32B-Instruct-AWQ,None
3056,Grouping Scatter,Medium,19.2701,19.2701,1,0.0,0.0,0.0,0.0,1.0,0.0,0.0,0.0,0.0,1.0,0.0,,0.0,False,Qwen/Qwen2.5-Coder-32B-Instruct-AWQ,None
3056,Grouping Scatter,Medium,19.2701,19.2701,1,0.0,0.0,0.0,0.0,1.0,0.0,0.0,0.0,0.0,1.0,0.0,,0.0,False,Qwen/Qwen2.5-Coder-32B-Instruct-AWQ,None
3063,Pie,Medium,12.5091,37.5272,3,0.0,0.0,0.0,0.0,1.0,0.0,0.0,0.0,0.0,1.0,0.0,,0.0,False,Qwen/Qwen2.5-Coder-32B-Instruct-AWQ,None
3063,Pie,Medium,12.5091,37.5272,3,0.0,0.0,0.0,0.0,1.0,0.0,0.0,0.0,0.0,1.0,0.0,,0.0,False,Qwen/Qwen2.5-Coder-32B-Instruct-AWQ,None
3063,Pie,Medium,12.5091,37.5272,3,0.0,0.0,0.0,0.0,1.0,0.0,0.0,0.0,0.0,1.0,0.0,,0.0,False,Qwen/Qwen2.5-Coder-32B-Instruct-AWQ,None
3064,Bar,Medium,12.4046,37.2138,3,0.0,0.0,0.0,0.0,0.0,0.0,0.0,0.0,0.0,0.0,1.0,0.0,0.0,False,Qwen/Qwen2.5-Coder-32B-Instruct-AWQ,None
3064,Bar,Medium,12.4046,37.2138,3,0.0,0.0,0.0,0.0,0.0,0.0,0.0,0.0,0.0,0.0,1.0,0.0,0.0,False,Qwen/Qwen2.5-Coder-32B-Instruct-AWQ,None
3064,Bar,Medium,12.4046,37.2138,3,0.0,0.0,0.0,0.0,0.0,0.0,0.0,0.0,0.0,0.0,1.0,0.0,0.0,False,Qwen/Qwen2.5-Coder-32B-Instruct-AWQ,None
3067,Bar,Easy,9.3026,9.3026,1,0.0,0.0,0.0,0.0,1.0,0.0,0.0,0.0,0.0,1.0,0.0,,0.0,False,Qwen/Qwen2.5-Coder-32B-Instruct-AWQ,None
3067,Bar,Easy,9.3026,9.3026,1,0.0,0.0,0.0,0.0,1.0,0.0,0.0,0.0,0.0,1.0,0.0,,0.0,False,Qwen/Qwen2.5-Coder-32B-Instruct-AWQ,None
3067,Bar,Easy,9.3026,9.3026,1,0.0,0.0,0.0,0.0,1.0,0.0,0.0,0.0,0.0,1.0,0.0,,0.0,False,Qwen/Qwen2.5-Coder-32B-Instruct-AWQ,None
3068,Pie,Medium,9.7652,9.7652,1,0.0,0.0,0.0,0.0,0.0,0.0,0.0,0.0,0.0,0.0,1.0,0.0,0.0,True,Qwen/Qwen2.5-Coder-32B-Instruct-AWQ,None
3068,Pie,Medium,9.7652,9.7652,1,0.0,0.0,0.0,0.0,0.0,0.0,0.0,0.0,0.0,0.0,1.0,0.0,0.0,True,Qwen/Qwen2.5-Coder-32B-Instruct-AWQ,None
3068,Pie,Medium,9.7652,9.7652,1,0.0,0.0,0.0,0.0,0.0,0.0,0.0,0.0,0.0,0.0,1.0,0.0,0.0,True,Qwen/Qwen2.5-Coder-32B-Instruct-AWQ,None
3070,Pie,Easy,6.4977,25.9909,4,0.0,0.0,0.0,0.0,0.0,0.0,0.0,0.0,0.0,0.0,1.0,0.0,0.0,False,Qwen/Qwen2.5-Coder-32B-Instruct-AWQ,None
3070,Pie,Easy,6.4977,25.9909,4,0.0,0.0,0.0,0.0,0.0,0.0,0.0,0.0,0.0,0.0,1.0,0.0,0.0,False,Qwen/Qwen2.5-Coder-32B-Instruct-AWQ,None
3070,Pie,Easy,6.4977,25.9909,4,0.0,0.0,0.0,0.0,0.0,0.0,0.0,0.0,0.0,0.0,1.0,0.0,0.0,False,Qwen/Qwen2.5-Coder-32B-Instruct-AWQ,None
3079,Grouping Scatter,Easy,35.3591,70.7183,2,1.0,0.0,0.0,0.0,0.0,0.0,0.0,0.0,1.0,0.0,0.0,,0.0,False,Qwen/Qwen2.5-Coder-32B-Instruct-AWQ,None
3079,Grouping Scatter,Easy,35.3591,70.7183,2,1.0,0.0,0.0,0.0,0.0,0.0,0.0,0.0,1.0,0.0,0.0,,0.0,False,Qwen/Qwen2.5-Coder-32B-Instruct-AWQ,None
3079,Grouping Scatter,Easy,35.3591,70.7183,2,1.0,0.0,0.0,0.0,0.0,0.0,0.0,0.0,1.0,0.0,0.0,,0.0,False,Qwen/Qwen2.5-Coder-32B-Instruct-AWQ,None
3085,Grouping Scatter,Easy,24.6761,49.3522,2,0.5,0.0,0.0,0.0,0.0,0.0,0.0,0.0,0.5,0.0,0.5,0.0,0.0,False,Qwen/Qwen2.5-Coder-32B-Instruct-AWQ,None
3085,Grouping Scatter,Easy,24.6761,49.3522,2,0.5,0.0,0.0,0.0,0.0,0.0,0.0,0.0,0.5,0.0,0.5,0.0,0.0,False,Qwen/Qwen2.5-Coder-32B-Instruct-AWQ,None
3085,Grouping Scatter,Easy,24.6761,49.3522,2,0.5,0.0,0.0,0.0,0.0,0.0,0.0,0.0,0.5,0.0,0.5,0.0,0.0,False,Qwen/Qwen2.5-Coder-32B-Instruct-AWQ,None
3097,Grouping Scatter,Easy,39.8427,39.8427,1,1.0,0.0,0.0,0.0,0.0,0.0,0.0,0.0,1.0,0.0,0.0,,0.0,False,Qwen/Qwen2.5-Coder-32B-Instruct-AWQ,None
3097,Grouping Scatter,Easy,39.8427,39.8427,1,1.0,0.0,0.0,0.0,0.0,0.0,0.0,0.0,1.0,0.0,0.0,,0.0,False,Qwen/Qwen2.5-Coder-32B-Instruct-AWQ,None
3097,Grouping Scatter,Easy,39.8427,39.8427,1,1.0,0.0,0.0,0.0,0.0,0.0,0.0,0.0,1.0,0.0,0.0,,0.0,False,Qwen/Qwen2.5-Coder-32B-Instruct-AWQ,None
3121,Scatter,Easy,7.1552,28.6207,4,0.0,0.0,0.0,0.0,0.0,0.0,0.0,0.0,0.0,0.0,1.0,0.0,0.0,False,Qwen/Qwen2.5-Coder-32B-Instruct-AWQ,None
3121,Scatter,Easy,7.1552,28.6207,4,0.0,0.0,0.0,0.0,0.0,0.0,0.0,0.0,0.0,0.0,1.0,0.0,0.0,False,Qwen/Qwen2.5-Coder-32B-Instruct-AWQ,None
3121,Scatter,Easy,7.1552,28.6207,4,0.0,0.0,0.0,0.0,0.0,0.0,0.0,0.0,0.0,0.0,1.0,0.0,0.0,False,Qwen/Qwen2.5-Coder-32B-Instruct-AWQ,None
3139,Pie,Easy,8.5192,8.5192,1,0.0,0.0,0.0,0.0,1.0,0.0,0.0,0.0,0.0,1.0,0.0,,0.0,False,Qwen/Qwen2.5-Coder-32B-Instruct-AWQ,None
3139,Pie,Easy,8.5192,8.5192,1,0.0,0.0,0.0,0.0,1.0,0.0,0.0,0.0,0.0,1.0,0.0,,0.0,False,Qwen/Qwen2.5-Coder-32B-Instruct-AWQ,None
3139,Pie,Easy,8.5192,8.5192,1,0.0,0.0,0.0,0.0,1.0,0.0,0.0,0.0,0.0,1.0,0.0,,0.0,False,Qwen/Qwen2.5-Coder-32B-Instruct-AWQ,None
3150,Pie,Easy,8.5105,17.0211,2,0.0,0.0,0.0,0.0,0.0,0.0,0.0,0.0,0.0,0.0,1.0,0.0,0.0,False,Qwen/Qwen2.5-Coder-32B-Instruct-AWQ,None
3150,Pie,Easy,8.5105,17.0211,2,0.0,0.0,0.0,0.0,0.0,0.0,0.0,0.0,0.0,0.0,1.0,0.0,0.0,False,Qwen/Qwen2.5-Coder-32B-Instruct-AWQ,None
3150,Pie,Easy,8.5105,17.0211,2,0.0,0.0,0.0,0.0,0.0,0.0,0.0,0.0,0.0,0.0,1.0,0.0,0.0,False,Qwen/Qwen2.5-Coder-32B-Instruct-AWQ,None
3165,Grouping Scatter,Easy,28.6292,28.6292,1,1.0,0.0,0.0,0.0,0.0,0.0,0.0,0.0,1.0,0.0,0.0,,0.0,False,Qwen/Qwen2.5-Coder-32B-Instruct-AWQ,None
3165,Grouping Scatter,Easy,28.6292,28.6292,1,1.0,0.0,0.0,0.0,0.0,0.0,0.0,0.0,1.0,0.0,0.0,,0.0,False,Qwen/Qwen2.5-Coder-32B-Instruct-AWQ,None
3165,Grouping Scatter,Easy,28.6292,28.6292,1,1.0,0.0,0.0,0.0,0.0,0.0,0.0,0.0,1.0,0.0,0.0,,0.0,False,Qwen/Qwen2.5-Coder-32B-Instruct-AWQ,None
3171,Grouping Scatter,Easy,35.6079,35.6079,1,1.0,0.0,0.0,0.0,0.0,0.0,0.0,0.0,1.0,0.0,0.0,,0.0,False,Qwen/Qwen2.5-Coder-32B-Instruct-AWQ,None
3171,Grouping Scatter,Easy,35.6079,35.6079,1,1.0,0.0,0.0,0.0,0.0,0.0,0.0,0.0,1.0,0.0,0.0,,0.0,False,Qwen/Qwen2.5-Coder-32B-Instruct-AWQ,None
3171,Grouping Scatter,Easy,35.6079,35.6079,1,1.0,0.0,0.0,0.0,0.0,0.0,0.0,0.0,1.0,0.0,0.0,,0.0,False,Qwen/Qwen2.5-Coder-32B-Instruct-AWQ,None
3177,Grouping Scatter,Easy,18.8238,18.8238,1,0.0,0.0,0.0,0.0,1.0,0.0,0.0,0.0,0.0,1.0,0.0,,0.0,False,Qwen/Qwen2.5-Coder-32B-Instruct-AWQ,None
3177,Grouping Scatter,Easy,18.8238,18.8238,1,0.0,0.0,0.0,0.0,1.0,0.0,0.0,0.0,0.0,1.0,0.0,,0.0,False,Qwen/Qwen2.5-Coder-32B-Instruct-AWQ,None
3177,Grouping Scatter,Easy,18.8238,18.8238,1,0.0,0.0,0.0,0.0,1.0,0.0,0.0,0.0,0.0,1.0,0.0,,0.0,False,Qwen/Qwen2.5-Coder-32B-Instruct-AWQ,None
3198,Pie,Easy,4.9523,4.9523,1,0.0,0.0,0.0,0.0,0.0,0.0,0.0,0.0,0.0,0.0,1.0,0.0,0.0,False,Qwen/Qwen2.5-Coder-32B-Instruct-AWQ,None
3198,Pie,Easy,4.9523,4.9523,1,0.0,0.0,0.0,0.0,0.0,0.0,0.0,0.0,0.0,0.0,1.0,0.0,0.0,False,Qwen/Qwen2.5-Coder-32B-Instruct-AWQ,None
3198,Pie,Easy,4.9523,4.9523,1,0.0,0.0,0.0,0.0,0.0,0.0,0.0,0.0,0.0,0.0,1.0,0.0,0.0,False,Qwen/Qwen2.5-Coder-32B-Instruct-AWQ,None
3207,Bar,Easy,18.6313,37.2627,2,0.0,0.0,0.0,1.0,1.0,0.0,0.0,0.0,0.0,1.0,0.0,,0.0,False,Qwen/Qwen2.5-Coder-32B-Instruct-AWQ,None
3207,Bar,Easy,18.6313,37.2627,2,0.0,0.0,0.0,1.0,1.0,0.0,0.0,0.0,0.0,1.0,0.0,,0.0,False,Qwen/Qwen2.5-Coder-32B-Instruct-AWQ,None
3207,Bar,Easy,18.6313,37.2627,2,0.0,0.0,0.0,1.0,1.0,0.0,0.0,0.0,0.0,1.0,0.0,,0.0,False,Qwen/Qwen2.5-Coder-32B-Instruct-AWQ,None
3213,Pie,Medium,8.6843,8.6843,1,0.0,0.0,0.0,0.0,0.0,0.0,0.0,0.0,0.0,0.0,1.0,0.0,0.0,False,Qwen/Qwen2.5-Coder-32B-Instruct-AWQ,None
3213,Pie,Medium,8.6843,8.6843,1,0.0,0.0,0.0,0.0,0.0,0.0,0.0,0.0,0.0,0.0,1.0,0.0,0.0,False,Qwen/Qwen2.5-Coder-32B-Instruct-AWQ,None
3213,Pie,Medium,8.6843,8.6843,1,0.0,0.0,0.0,0.0,0.0,0.0,0.0,0.0,0.0,0.0,1.0,0.0,0.0,False,Qwen/Qwen2.5-Coder-32B-Instruct-AWQ,None
3215,Pie,Easy,5.6623,11.3246,2,0.0,0.0,0.0,0.0,0.0,0.0,0.0,0.0,0.0,0.0,1.0,0.0,0.0,False,Qwen/Qwen2.5-Coder-32B-Instruct-AWQ,None
3215,Pie,Easy,5.6623,11.3246,2,0.0,0.0,0.0,0.0,0.0,0.0,0.0,0.0,0.0,0.0,1.0,0.0,0.0,False,Qwen/Qwen2.5-Coder-32B-Instruct-AWQ,None
3215,Pie,Easy,5.6623,11.3246,2,0.0,0.0,0.0,0.0,0.0,0.0,0.0,0.0,0.0,0.0,1.0,0.0,0.0,False,Qwen/Qwen2.5-Coder-32B-Instruct-AWQ,None
3222,Bar,Hard,17.9395,17.9395,1,0.0,0.0,0.0,0.0,0.0,0.0,0.0,0.0,0.0,0.0,1.0,0.0,0.0,False,Qwen/Qwen2.5-Coder-32B-Instruct-AWQ,None
3222,Bar,Hard,17.9395,17.9395,1,0.0,0.0,0.0,0.0,0.0,0.0,0.0,0.0,0.0,0.0,1.0,0.0,0.0,False,Qwen/Qwen2.5-Coder-32B-Instruct-AWQ,None
3222,Bar,Hard,17.9395,17.9395,1,0.0,0.0,0.0,0.0,0.0,0.0,0.0,0.0,0.0,0.0,1.0,0.0,0.0,False,Qwen/Qwen2.5-Coder-32B-Instruct-AWQ,None
3227,Stacked Bar,Extra Hard,29.4606,29.4606,1,0.0,1.0,0.0,0.0,0.0,0.0,0.0,0.0,1.0,0.0,0.0,,0.0,False,Qwen/Qwen2.5-Coder-32B-Instruct-AWQ,None
3227,Stacked Bar,Extra Hard,29.4606,29.4606,1,0.0,1.0,0.0,0.0,0.0,0.0,0.0,0.0,1.0,0.0,0.0,,0.0,False,Qwen/Qwen2.5-Coder-32B-Instruct-AWQ,None
3227,Stacked Bar,Extra Hard,29.4606,29.4606,1,0.0,1.0,0.0,0.0,0.0,0.0,0.0,0.0,1.0,0.0,0.0,,0.0,False,Qwen/Qwen2.5-Coder-32B-Instruct-AWQ,None
3229,Bar,Hard,8.1163,24.3488,3,0.0,0.0,0.0,0.0,0.0,0.0,0.0,0.0,0.0,0.0,1.0,0.0,0.0,False,Qwen/Qwen2.5-Coder-32B-Instruct-AWQ,None
3229,Bar,Hard,8.1163,24.3488,3,0.0,0.0,0.0,0.0,0.0,0.0,0.0,0.0,0.0,0.0,1.0,0.0,0.0,False,Qwen/Qwen2.5-Coder-32B-Instruct-AWQ,None
3229,Bar,Hard,8.1163,24.3488,3,0.0,0.0,0.0,0.0,0.0,0.0,0.0,0.0,0.0,0.0,1.0,0.0,0.0,False,Qwen/Qwen2.5-Coder-32B-Instruct-AWQ,None
3230,Bar,Medium,8.7163,17.4327,2,0.0,0.0,0.0,0.0,0.0,0.0,0.0,0.0,0.0,0.0,1.0,0.0,0.0,False,Qwen/Qwen2.5-Coder-32B-Instruct-AWQ,None
3230,Bar,Medium,8.7163,17.4327,2,0.0,0.0,0.0,0.0,0.0,0.0,0.0,0.0,0.0,0.0,1.0,0.0,0.0,False,Qwen/Qwen2.5-Coder-32B-Instruct-AWQ,None
3230,Bar,Medium,8.7163,17.4327,2,0.0,0.0,0.0,0.0,0.0,0.0,0.0,0.0,0.0,0.0,1.0,0.0,0.0,False,Qwen/Qwen2.5-Coder-32B-Instruct-AWQ,None
3240,Line,Easy,6.3446,6.3446,1,0.0,0.0,0.0,0.0,0.0,0.0,0.0,0.0,0.0,0.0,1.0,0.0,0.0,False,Qwen/Qwen2.5-Coder-32B-Instruct-AWQ,None
3240,Line,Easy,6.3446,6.3446,1,0.0,0.0,0.0,0.0,0.0,0.0,0.0,0.0,0.0,0.0,1.0,0.0,0.0,False,Qwen/Qwen2.5-Coder-32B-Instruct-AWQ,None
3240,Line,Easy,6.3446,6.3446,1,0.0,0.0,0.0,0.0,0.0,0.0,0.0,0.0,0.0,0.0,1.0,0.0,0.0,False,Qwen/Qwen2.5-Coder-32B-Instruct-AWQ,None
3259,Pie,Easy,6.7705,13.541,2,0.0,0.0,0.0,0.0,1.0,0.0,0.0,0.0,0.0,1.0,0.0,,0.0,False,Qwen/Qwen2.5-Coder-32B-Instruct-AWQ,None
3259,Pie,Easy,6.7705,13.541,2,0.0,0.0,0.0,0.0,1.0,0.0,0.0,0.0,0.0,1.0,0.0,,0.0,False,Qwen/Qwen2.5-Coder-32B-Instruct-AWQ,None
3259,Pie,Easy,6.7705,13.541,2,0.0,0.0,0.0,0.0,1.0,0.0,0.0,0.0,0.0,1.0,0.0,,0.0,False,Qwen/Qwen2.5-Coder-32B-Instruct-AWQ,None
3260,Bar,Easy,6.5321,13.0642,2,0.0,0.0,0.0,0.0,0.0,0.0,0.0,0.0,0.0,0.0,1.0,0.0,0.0,False,Qwen/Qwen2.5-Coder-32B-Instruct-AWQ,None
3260,Bar,Easy,6.5321,13.0642,2,0.0,0.0,0.0,0.0,0.0,0.0,0.0,0.0,0.0,0.0,1.0,0.0,0.0,False,Qwen/Qwen2.5-Coder-32B-Instruct-AWQ,None
3260,Bar,Easy,6.5321,13.0642,2,0.0,0.0,0.0,0.0,0.0,0.0,0.0,0.0,0.0,0.0,1.0,0.0,0.0,False,Qwen/Qwen2.5-Coder-32B-Instruct-AWQ,None
3262,Pie,Easy,6.7548,13.5096,2,0.0,0.0,0.0,0.0,0.5,0.0,0.0,0.0,0.0,0.5,0.5,0.0,0.0,False,Qwen/Qwen2.5-Coder-32B-Instruct-AWQ,None
3262,Pie,Easy,6.7548,13.5096,2,0.0,0.0,0.0,0.0,0.5,0.0,0.0,0.0,0.0,0.5,0.5,0.0,0.0,False,Qwen/Qwen2.5-Coder-32B-Instruct-AWQ,None
3262,Pie,Easy,6.7548,13.5096,2,0.0,0.0,0.0,0.0,0.5,0.0,0.0,0.0,0.0,0.5,0.5,0.0,0.0,False,Qwen/Qwen2.5-Coder-32B-Instruct-AWQ,None
3263,Bar,Easy,5.3746,16.1239,3,0.0,0.0,0.0,0.0,0.0,0.0,0.0,0.0,0.0,0.0,1.0,0.0,0.0,False,Qwen/Qwen2.5-Coder-32B-Instruct-AWQ,None
3263,Bar,Easy,5.3746,16.1239,3,0.0,0.0,0.0,0.0,0.0,0.0,0.0,0.0,0.0,0.0,1.0,0.0,0.0,False,Qwen/Qwen2.5-Coder-32B-Instruct-AWQ,None
3263,Bar,Easy,5.3746,16.1239,3,0.0,0.0,0.0,0.0,0.0,0.0,0.0,0.0,0.0,0.0,1.0,0.0,0.0,False,Qwen/Qwen2.5-Coder-32B-Instruct-AWQ,None
3264,Pie,Easy,5.9843,11.9685,2,0.0,0.0,0.0,0.0,0.0,0.0,0.0,0.0,0.0,0.0,1.0,0.0,0.0,False,Qwen/Qwen2.5-Coder-32B-Instruct-AWQ,None
3264,Pie,Easy,5.9843,11.9685,2,0.0,0.0,0.0,0.0,0.0,0.0,0.0,0.0,0.0,0.0,1.0,0.0,0.0,False,Qwen/Qwen2.5-Coder-32B-Instruct-AWQ,None
3264,Pie,Easy,5.9843,11.9685,2,0.0,0.0,0.0,0.0,0.0,0.0,0.0,0.0,0.0,0.0,1.0,0.0,0.0,False,Qwen/Qwen2.5-Coder-32B-Instruct-AWQ,None
3265,Pie,Medium,10.7281,64.3685,6,0.0,0.0,0.0,0.0,0.3333333333333333,0.0,0.0,0.0,0.0,0.3333333333333333,0.6666666666666666,0.0,0.0,True,Qwen/Qwen2.5-Coder-32B-Instruct-AWQ,None
3265,Pie,Medium,10.7281,64.3685,6,0.0,0.0,0.0,0.0,0.3333333333333333,0.0,0.0,0.0,0.0,0.3333333333333333,0.6666666666666666,0.0,0.0,True,Qwen/Qwen2.5-Coder-32B-Instruct-AWQ,None
3265,Pie,Medium,10.7281,64.3685,6,0.0,0.0,0.0,0.0,0.3333333333333333,0.0,0.0,0.0,0.0,0.3333333333333333,0.6666666666666666,0.0,0.0,True,Qwen/Qwen2.5-Coder-32B-Instruct-AWQ,None
3268,Pie,Medium,7.2387,14.4774,2,0.0,0.0,0.0,0.0,0.0,0.0,0.0,0.0,0.0,0.0,1.0,0.0,0.0,False,Qwen/Qwen2.5-Coder-32B-Instruct-AWQ,None
3268,Pie,Medium,7.2387,14.4774,2,0.0,0.0,0.0,0.0,0.0,0.0,0.0,0.0,0.0,0.0,1.0,0.0,0.0,False,Qwen/Qwen2.5-Coder-32B-Instruct-AWQ,None
3268,Pie,Medium,7.2387,14.4774,2,0.0,0.0,0.0,0.0,0.0,0.0,0.0,0.0,0.0,0.0,1.0,0.0,0.0,False,Qwen/Qwen2.5-Coder-32B-Instruct-AWQ,None
3270,Scatter,Medium,17.1588,17.1588,1,0.0,0.0,0.0,0.0,0.0,0.0,0.0,0.0,0.0,0.0,1.0,0.0,0.0,False,Qwen/Qwen2.5-Coder-32B-Instruct-AWQ,None
3270,Scatter,Medium,17.1588,17.1588,1,0.0,0.0,0.0,0.0,0.0,0.0,0.0,0.0,0.0,0.0,1.0,0.0,0.0,False,Qwen/Qwen2.5-Coder-32B-Instruct-AWQ,None
3270,Scatter,Medium,17.1588,17.1588,1,0.0,0.0,0.0,0.0,0.0,0.0,0.0,0.0,0.0,0.0,1.0,0.0,0.0,False,Qwen/Qwen2.5-Coder-32B-Instruct-AWQ,None
3271,Pie,Medium,10.0011,20.0022,2,0.0,0.0,0.0,0.0,0.5,0.0,0.0,0.0,0.0,0.5,0.5,0.0,0.0,False,Qwen/Qwen2.5-Coder-32B-Instruct-AWQ,None
3271,Pie,Medium,10.0011,20.0022,2,0.0,0.0,0.0,0.0,0.5,0.0,0.0,0.0,0.0,0.5,0.5,0.0,0.0,False,Qwen/Qwen2.5-Coder-32B-Instruct-AWQ,None
3271,Pie,Medium,10.0011,20.0022,2,0.0,0.0,0.0,0.0,0.5,0.0,0.0,0.0,0.0,0.5,0.5,0.0,0.0,False,Qwen/Qwen2.5-Coder-32B-Instruct-AWQ,None
3272,Grouping Scatter,Medium,9.1646,9.1646,1,0.0,0.0,0.0,0.0,1.0,0.0,0.0,0.0,0.0,1.0,0.0,,0.0,False,Qwen/Qwen2.5-Coder-32B-Instruct-AWQ,None
3272,Grouping Scatter,Medium,9.1646,9.1646,1,0.0,0.0,0.0,0.0,1.0,0.0,0.0,0.0,0.0,1.0,0.0,,0.0,False,Qwen/Qwen2.5-Coder-32B-Instruct-AWQ,None
3272,Grouping Scatter,Medium,9.1646,9.1646,1,0.0,0.0,0.0,0.0,1.0,0.0,0.0,0.0,0.0,1.0,0.0,,0.0,False,Qwen/Qwen2.5-Coder-32B-Instruct-AWQ,None
3273,Pie,Hard,12.5224,25.0448,2,0.0,0.0,0.0,0.0,0.0,0.0,0.0,0.0,0.0,0.0,1.0,0.0,0.0,True,Qwen/Qwen2.5-Coder-32B-Instruct-AWQ,None
3273,Pie,Hard,12.5224,25.0448,2,0.0,0.0,0.0,0.0,0.0,0.0,0.0,0.0,0.0,0.0,1.0,0.0,0.0,True,Qwen/Qwen2.5-Coder-32B-Instruct-AWQ,None
3273,Pie,Hard,12.5224,25.0448,2,0.0,0.0,0.0,0.0,0.0,0.0,0.0,0.0,0.0,0.0,1.0,0.0,0.0,True,Qwen/Qwen2.5-Coder-32B-Instruct-AWQ,None
3274,Bar,Hard,12.1072,24.2144,2,0.0,0.0,0.0,0.0,0.0,0.0,0.0,0.0,0.0,0.0,1.0,0.0,0.0,True,Qwen/Qwen2.5-Coder-32B-Instruct-AWQ,None
3274,Bar,Hard,12.1072,24.2144,2,0.0,0.0,0.0,0.0,0.0,0.0,0.0,0.0,0.0,0.0,1.0,0.0,0.0,True,Qwen/Qwen2.5-Coder-32B-Instruct-AWQ,None
3274,Bar,Hard,12.1072,24.2144,2,0.0,0.0,0.0,0.0,0.0,0.0,0.0,0.0,0.0,0.0,1.0,0.0,0.0,True,Qwen/Qwen2.5-Coder-32B-Instruct-AWQ,None
3278,Pie,Easy,5.295,21.1799,4,0.0,0.0,0.0,0.0,0.25,0.0,0.0,0.0,0.0,0.25,0.75,0.0,0.0,False,Qwen/Qwen2.5-Coder-32B-Instruct-AWQ,None
3278,Pie,Easy,5.295,21.1799,4,0.0,0.0,0.0,0.0,0.25,0.0,0.0,0.0,0.0,0.25,0.75,0.0,0.0,False,Qwen/Qwen2.5-Coder-32B-Instruct-AWQ,None
3278,Pie,Easy,5.295,21.1799,4,0.0,0.0,0.0,0.0,0.25,0.0,0.0,0.0,0.0,0.25,0.75,0.0,0.0,False,Qwen/Qwen2.5-Coder-32B-Instruct-AWQ,None
3291,Bar,Medium,6.2491,6.2491,1,0.0,0.0,0.0,0.0,0.0,0.0,0.0,0.0,0.0,0.0,1.0,0.0,0.0,False,Qwen/Qwen2.5-Coder-32B-Instruct-AWQ,None
3291,Bar,Medium,6.2491,6.2491,1,0.0,0.0,0.0,0.0,0.0,0.0,0.0,0.0,0.0,0.0,1.0,0.0,0.0,False,Qwen/Qwen2.5-Coder-32B-Instruct-AWQ,None
3291,Bar,Medium,6.2491,6.2491,1,0.0,0.0,0.0,0.0,0.0,0.0,0.0,0.0,0.0,0.0,1.0,0.0,0.0,False,Qwen/Qwen2.5-Coder-32B-Instruct-AWQ,None
372@y_name@DESC,Bar,Medium,6.9278,6.9278,1,0.0,0.0,0.0,0.0,0.0,0.0,0.0,0.0,0.0,0.0,1.0,0.0,0.0,False,Qwen/Qwen2.5-Coder-32B-Instruct-AWQ,None
372@y_name@DESC,Bar,Medium,6.9278,6.9278,1,0.0,0.0,0.0,0.0,0.0,0.0,0.0,0.0,0.0,0.0,1.0,0.0,0.0,False,Qwen/Qwen2.5-Coder-32B-Instruct-AWQ,None
372@y_name@DESC,Bar,Medium,6.9278,6.9278,1,0.0,0.0,0.0,0.0,0.0,0.0,0.0,0.0,0.0,0.0,1.0,0.0,0.0,False,Qwen/Qwen2.5-Coder-32B-Instruct-AWQ,None
2443@y_name@ASC,Bar,Hard,11.5793,46.3171,4,0.0,0.0,0.0,0.0,0.0,0.0,0.0,0.0,0.0,0.0,1.0,0.0,0.0,True,Qwen/Qwen2.5-Coder-32B-Instruct-AWQ,None
2443@y_name@ASC,Bar,Hard,11.5793,46.3171,4,0.0,0.0,0.0,0.0,0.0,0.0,0.0,0.0,0.0,0.0,1.0,0.0,0.0,True,Qwen/Qwen2.5-Coder-32B-Instruct-AWQ,None
2443@y_name@ASC,Bar,Hard,11.5793,46.3171,4,0.0,0.0,0.0,0.0,0.0,0.0,0.0,0.0,0.0,0.0,1.0,0.0,0.0,True,Qwen/Qwen2.5-Coder-32B-Instruct-AWQ,None
2450@x_name@DESC,Bar,Medium,6.7226,33.6131,5,0.0,0.0,0.0,0.0,0.0,0.8,0.0,0.0,0.0,0.8,0.2,0.0,0.0,False,Qwen/Qwen2.5-Coder-32B-Instruct-AWQ,None
2450@x_name@DESC,Bar,Medium,6.7226,33.6131,5,0.0,0.0,0.0,0.0,0.0,0.8,0.0,0.0,0.0,0.8,0.2,0.0,0.0,False,Qwen/Qwen2.5-Coder-32B-Instruct-AWQ,None
2450@x_name@DESC,Bar,Medium,6.7226,33.6131,5,0.0,0.0,0.0,0.0,0.0,0.8,0.0,0.0,0.0,0.8,0.2,0.0,0.0,False,Qwen/Qwen2.5-Coder-32B-Instruct-AWQ,None
1384@y_name@ASC,Bar,Medium,7.0377,14.0754,2,0.0,0.0,0.0,0.0,0.0,0.0,0.0,0.0,0.0,0.0,1.0,0.0,0.0,False,Qwen/Qwen2.5-Coder-32B-Instruct-AWQ,None
1384@y_name@ASC,Bar,Medium,7.0377,14.0754,2,0.0,0.0,0.0,0.0,0.0,0.0,0.0,0.0,0.0,0.0,1.0,0.0,0.0,False,Qwen/Qwen2.5-Coder-32B-Instruct-AWQ,None
1384@y_name@ASC,Bar,Medium,7.0377,14.0754,2,0.0,0.0,0.0,0.0,0.0,0.0,0.0,0.0,0.0,0.0,1.0,0.0,0.0,False,Qwen/Qwen2.5-Coder-32B-Instruct-AWQ,None
1388@x_name@ASC,Line,Hard,7.7581,15.5162,2,0.0,0.0,0.0,0.0,0.0,0.0,0.0,0.0,0.0,0.0,1.0,0.0,0.0,True,Qwen/Qwen2.5-Coder-32B-Instruct-AWQ,None
1388@x_name@ASC,Line,Hard,7.7581,15.5162,2,0.0,0.0,0.0,0.0,0.0,0.0,0.0,0.0,0.0,0.0,1.0,0.0,0.0,True,Qwen/Qwen2.5-Coder-32B-Instruct-AWQ,None
1388@x_name@ASC,Line,Hard,7.7581,15.5162,2,0.0,0.0,0.0,0.0,0.0,0.0,0.0,0.0,0.0,0.0,1.0,0.0,0.0,True,Qwen/Qwen2.5-Coder-32B-Instruct-AWQ,None
1390@y_name@DESC,Bar,Hard,11.3363,22.6726,2,0.0,0.0,0.0,0.0,0.0,0.0,0.0,0.0,0.0,0.0,1.0,0.0,0.0,True,Qwen/Qwen2.5-Coder-32B-Instruct-AWQ,None
1390@y_name@DESC,Bar,Hard,11.3363,22.6726,2,0.0,0.0,0.0,0.0,0.0,0.0,0.0,0.0,0.0,0.0,1.0,0.0,0.0,True,Qwen/Qwen2.5-Coder-32B-Instruct-AWQ,None
1390@y_name@DESC,Bar,Hard,11.3363,22.6726,2,0.0,0.0,0.0,0.0,0.0,0.0,0.0,0.0,0.0,0.0,1.0,0.0,0.0,True,Qwen/Qwen2.5-Coder-32B-Instruct-AWQ,None
3204@y_name@DESC,Bar,Medium,5.4019,16.2057,3,0.0,0.0,0.0,0.0,0.3333333333333333,0.0,0.0,0.0,0.0,0.3333333333333333,0.6666666666666666,0.0,0.0,False,Qwen/Qwen2.5-Coder-32B-Instruct-AWQ,None
3204@y_name@DESC,Bar,Medium,5.4019,16.2057,3,0.0,0.0,0.0,0.0,0.3333333333333333,0.0,0.0,0.0,0.0,0.3333333333333333,0.6666666666666666,0.0,0.0,False,Qwen/Qwen2.5-Coder-32B-Instruct-AWQ,None
3204@y_name@DESC,Bar,Medium,5.4019,16.2057,3,0.0,0.0,0.0,0.0,0.3333333333333333,0.0,0.0,0.0,0.0,0.3333333333333333,0.6666666666666666,0.0,0.0,False,Qwen/Qwen2.5-Coder-32B-Instruct-AWQ,None
1475@y_name@DESC,Bar,Hard,10.7379,10.7379,1,0.0,0.0,0.0,0.0,0.0,0.0,0.0,0.0,0.0,0.0,1.0,0.0,0.0,True,Qwen/Qwen2.5-Coder-32B-Instruct-AWQ,None
1475@y_name@DESC,Bar,Hard,10.7379,10.7379,1,0.0,0.0,0.0,0.0,0.0,0.0,0.0,0.0,0.0,0.0,1.0,0.0,0.0,True,Qwen/Qwen2.5-Coder-32B-Instruct-AWQ,None
1475@y_name@DESC,Bar,Hard,10.7379,10.7379,1,0.0,0.0,0.0,0.0,0.0,0.0,0.0,0.0,0.0,0.0,1.0,0.0,0.0,True,Qwen/Qwen2.5-Coder-32B-Instruct-AWQ,None
1478@y_name@DESC,Bar,Extra Hard,12.3511,12.3511,1,0.0,0.0,0.0,0.0,0.0,0.0,0.0,0.0,0.0,0.0,1.0,0.0,0.0,True,Qwen/Qwen2.5-Coder-32B-Instruct-AWQ,None
1478@y_name@DESC,Bar,Extra Hard,12.3511,12.3511,1,0.0,0.0,0.0,0.0,0.0,0.0,0.0,0.0,0.0,0.0,1.0,0.0,0.0,True,Qwen/Qwen2.5-Coder-32B-Instruct-AWQ,None
1478@y_name@DESC,Bar,Extra Hard,12.3511,12.3511,1,0.0,0.0,0.0,0.0,0.0,0.0,0.0,0.0,0.0,0.0,1.0,0.0,0.0,True,Qwen/Qwen2.5-Coder-32B-Instruct-AWQ,None
1484@x_name@ASC,Grouping Line,Hard,8.8682,8.8682,1,0.0,0.0,0.0,0.0,1.0,0.0,0.0,0.0,0.0,1.0,0.0,,0.0,False,Qwen/Qwen2.5-Coder-32B-Instruct-AWQ,None
1484@x_name@ASC,Grouping Line,Hard,8.8682,8.8682,1,0.0,0.0,0.0,0.0,1.0,0.0,0.0,0.0,0.0,1.0,0.0,,0.0,False,Qwen/Qwen2.5-Coder-32B-Instruct-AWQ,None
1484@x_name@ASC,Grouping Line,Hard,8.8682,8.8682,1,0.0,0.0,0.0,0.0,1.0,0.0,0.0,0.0,0.0,1.0,0.0,,0.0,False,Qwen/Qwen2.5-Coder-32B-Instruct-AWQ,None
1487@y_name@ASC,Stacked Bar,Hard,7.5218,15.0436,2,0.0,0.0,0.0,0.0,0.0,1.0,0.0,0.0,0.0,1.0,0.0,,0.0,False,Qwen/Qwen2.5-Coder-32B-Instruct-AWQ,None
1487@y_name@ASC,Stacked Bar,Hard,7.5218,15.0436,2,0.0,0.0,0.0,0.0,0.0,1.0,0.0,0.0,0.0,1.0,0.0,,0.0,False,Qwen/Qwen2.5-Coder-32B-Instruct-AWQ,None
1487@y_name@ASC,Stacked Bar,Hard,7.5218,15.0436,2,0.0,0.0,0.0,0.0,0.0,1.0,0.0,0.0,0.0,1.0,0.0,,0.0,False,Qwen/Qwen2.5-Coder-32B-Instruct-AWQ,None
1488@x_name@DESC,Stacked Bar,Hard,8.0878,8.0878,1,0.0,0.0,0.0,0.0,0.0,1.0,0.0,0.0,0.0,1.0,0.0,,0.0,False,Qwen/Qwen2.5-Coder-32B-Instruct-AWQ,None
1488@x_name@DESC,Stacked Bar,Hard,8.0878,8.0878,1,0.0,0.0,0.0,0.0,0.0,1.0,0.0,0.0,0.0,1.0,0.0,,0.0,False,Qwen/Qwen2.5-Coder-32B-Instruct-AWQ,None
1488@x_name@DESC,Stacked Bar,Hard,8.0878,8.0878,1,0.0,0.0,0.0,0.0,0.0,1.0,0.0,0.0,0.0,1.0,0.0,,0.0,False,Qwen/Qwen2.5-Coder-32B-Instruct-AWQ,None
1491@y_name@DESC,Bar,Medium,6.5186,13.0372,2,0.0,0.0,0.0,0.0,0.0,0.0,0.0,0.0,0.0,0.0,1.0,0.0,0.0,False,Qwen/Qwen2.5-Coder-32B-Instruct-AWQ,None
1491@y_name@DESC,Bar,Medium,6.5186,13.0372,2,0.0,0.0,0.0,0.0,0.0,0.0,0.0,0.0,0.0,0.0,1.0,0.0,0.0,False,Qwen/Qwen2.5-Coder-32B-Instruct-AWQ,None
1491@y_name@DESC,Bar,Medium,6.5186,13.0372,2,0.0,0.0,0.0,0.0,0.0,0.0,0.0,0.0,0.0,0.0,1.0,0.0,0.0,False,Qwen/Qwen2.5-Coder-32B-Instruct-AWQ,None
1493@y_name@ASC,Bar,Medium,6.0873,12.1746,2,0.0,0.0,0.0,0.0,0.0,0.0,0.0,0.0,0.0,0.0,1.0,0.0,0.0,False,Qwen/Qwen2.5-Coder-32B-Instruct-AWQ,None
1493@y_name@ASC,Bar,Medium,6.0873,12.1746,2,0.0,0.0,0.0,0.0,0.0,0.0,0.0,0.0,0.0,0.0,1.0,0.0,0.0,False,Qwen/Qwen2.5-Coder-32B-Instruct-AWQ,None
1493@y_name@ASC,Bar,Medium,6.0873,12.1746,2,0.0,0.0,0.0,0.0,0.0,0.0,0.0,0.0,0.0,0.0,1.0,0.0,0.0,False,Qwen/Qwen2.5-Coder-32B-Instruct-AWQ,None
1494@x_name@ASC,Line,Medium,6.4936,6.4936,1,0.0,0.0,0.0,0.0,0.0,0.0,0.0,0.0,0.0,0.0,1.0,0.0,0.0,False,Qwen/Qwen2.5-Coder-32B-Instruct-AWQ,None
1494@x_name@ASC,Line,Medium,6.4936,6.4936,1,0.0,0.0,0.0,0.0,0.0,0.0,0.0,0.0,0.0,0.0,1.0,0.0,0.0,False,Qwen/Qwen2.5-Coder-32B-Instruct-AWQ,None
1494@x_name@ASC,Line,Medium,6.4936,6.4936,1,0.0,0.0,0.0,0.0,0.0,0.0,0.0,0.0,0.0,0.0,1.0,0.0,0.0,False,Qwen/Qwen2.5-Coder-32B-Instruct-AWQ,None
1495@x_name@ASC,Line,Medium,6.5211,19.5634,3,0.0,0.0,0.0,0.0,0.0,0.0,0.0,0.0,0.0,0.0,1.0,0.0,0.0,False,Qwen/Qwen2.5-Coder-32B-Instruct-AWQ,None
1495@x_name@ASC,Line,Medium,6.5211,19.5634,3,0.0,0.0,0.0,0.0,0.0,0.0,0.0,0.0,0.0,0.0,1.0,0.0,0.0,False,Qwen/Qwen2.5-Coder-32B-Instruct-AWQ,None
1495@x_name@ASC,Line,Medium,6.5211,19.5634,3,0.0,0.0,0.0,0.0,0.0,0.0,0.0,0.0,0.0,0.0,1.0,0.0,0.0,False,Qwen/Qwen2.5-Coder-32B-Instruct-AWQ,None
1523@x_name@DESC,Bar,Extra Hard,14.4829,14.4829,1,0.0,0.0,0.0,0.0,0.0,0.0,0.0,0.0,0.0,0.0,1.0,0.0,0.0,True,Qwen/Qwen2.5-Coder-32B-Instruct-AWQ,None
1523@x_name@DESC,Bar,Extra Hard,14.4829,14.4829,1,0.0,0.0,0.0,0.0,0.0,0.0,0.0,0.0,0.0,0.0,1.0,0.0,0.0,True,Qwen/Qwen2.5-Coder-32B-Instruct-AWQ,None
1523@x_name@DESC,Bar,Extra Hard,14.4829,14.4829,1,0.0,0.0,0.0,0.0,0.0,0.0,0.0,0.0,0.0,0.0,1.0,0.0,0.0,True,Qwen/Qwen2.5-Coder-32B-Instruct-AWQ,None
1525@y_name@ASC,Bar,Hard,10.6046,31.8139,3,0.0,0.0,0.0,0.0,0.0,0.0,0.0,0.0,0.0,0.0,1.0,0.0,0.0,True,Qwen/Qwen2.5-Coder-32B-Instruct-AWQ,None
1525@y_name@ASC,Bar,Hard,10.6046,31.8139,3,0.0,0.0,0.0,0.0,0.0,0.0,0.0,0.0,0.0,0.0,1.0,0.0,0.0,True,Qwen/Qwen2.5-Coder-32B-Instruct-AWQ,None
1525@y_name@ASC,Bar,Hard,10.6046,31.8139,3,0.0,0.0,0.0,0.0,0.0,0.0,0.0,0.0,0.0,0.0,1.0,0.0,0.0,True,Qwen/Qwen2.5-Coder-32B-Instruct-AWQ,None
1532@x_name@DESC,Bar,Hard,9.3644,28.0933,3,0.0,0.0,0.0,0.0,0.0,1.0,0.0,0.0,0.0,1.0,0.0,,0.0,True,Qwen/Qwen2.5-Coder-32B-Instruct-AWQ,None
1532@x_name@DESC,Bar,Hard,9.3644,28.0933,3,0.0,0.0,0.0,0.0,0.0,1.0,0.0,0.0,0.0,1.0,0.0,,0.0,True,Qwen/Qwen2.5-Coder-32B-Instruct-AWQ,None
1532@x_name@DESC,Bar,Hard,9.3644,28.0933,3,0.0,0.0,0.0,0.0,0.0,1.0,0.0,0.0,0.0,1.0,0.0,,0.0,True,Qwen/Qwen2.5-Coder-32B-Instruct-AWQ,None
2308@y_name@DESC,Bar,Medium,8.5867,8.5867,1,0.0,0.0,0.0,0.0,0.0,0.0,0.0,0.0,0.0,0.0,1.0,0.0,0.0,False,Qwen/Qwen2.5-Coder-32B-Instruct-AWQ,None
2308@y_name@DESC,Bar,Medium,8.5867,8.5867,1,0.0,0.0,0.0,0.0,0.0,0.0,0.0,0.0,0.0,0.0,1.0,0.0,0.0,False,Qwen/Qwen2.5-Coder-32B-Instruct-AWQ,None
2308@y_name@DESC,Bar,Medium,8.5867,8.5867,1,0.0,0.0,0.0,0.0,0.0,0.0,0.0,0.0,0.0,0.0,1.0,0.0,0.0,False,Qwen/Qwen2.5-Coder-32B-Instruct-AWQ,None
2310@x_name@DESC,Bar,Hard,12.0782,12.0782,1,0.0,0.0,0.0,0.0,0.0,1.0,0.0,0.0,0.0,1.0,0.0,,0.0,True,Qwen/Qwen2.5-Coder-32B-Instruct-AWQ,None
2310@x_name@DESC,Bar,Hard,12.0782,12.0782,1,0.0,0.0,0.0,0.0,0.0,1.0,0.0,0.0,0.0,1.0,0.0,,0.0,True,Qwen/Qwen2.5-Coder-32B-Instruct-AWQ,None
2310@x_name@DESC,Bar,Hard,12.0782,12.0782,1,0.0,0.0,0.0,0.0,0.0,1.0,0.0,0.0,0.0,1.0,0.0,,0.0,True,Qwen/Qwen2.5-Coder-32B-Instruct-AWQ,None
2314@x_name@DESC,Bar,Medium,12.6085,25.217,2,0.0,0.0,0.0,0.0,0.0,0.0,0.0,0.0,0.0,0.0,1.0,0.0,0.0,True,Qwen/Qwen2.5-Coder-32B-Instruct-AWQ,None
2314@x_name@DESC,Bar,Medium,12.6085,25.217,2,0.0,0.0,0.0,0.0,0.0,0.0,0.0,0.0,0.0,0.0,1.0,0.0,0.0,True,Qwen/Qwen2.5-Coder-32B-Instruct-AWQ,None
2314@x_name@DESC,Bar,Medium,12.6085,25.217,2,0.0,0.0,0.0,0.0,0.0,0.0,0.0,0.0,0.0,0.0,1.0,0.0,0.0,True,Qwen/Qwen2.5-Coder-32B-Instruct-AWQ,None
2831@x_name@DESC,Bar,Medium,6.2699,18.8098,3,0.0,0.0,0.0,0.0,0.0,1.0,0.0,0.0,0.0,1.0,0.0,,0.0,False,Qwen/Qwen2.5-Coder-32B-Instruct-AWQ,None
2831@x_name@DESC,Bar,Medium,6.2699,18.8098,3,0.0,0.0,0.0,0.0,0.0,1.0,0.0,0.0,0.0,1.0,0.0,,0.0,False,Qwen/Qwen2.5-Coder-32B-Instruct-AWQ,None
2831@x_name@DESC,Bar,Medium,6.2699,18.8098,3,0.0,0.0,0.0,0.0,0.0,1.0,0.0,0.0,0.0,1.0,0.0,,0.0,False,Qwen/Qwen2.5-Coder-32B-Instruct-AWQ,None
2834@x_name@DESC,Bar,Medium,5.6309,5.6309,1,0.0,0.0,0.0,0.0,0.0,1.0,0.0,0.0,0.0,1.0,0.0,,0.0,False,Qwen/Qwen2.5-Coder-32B-Instruct-AWQ,None
2834@x_name@DESC,Bar,Medium,5.6309,5.6309,1,0.0,0.0,0.0,0.0,0.0,1.0,0.0,0.0,0.0,1.0,0.0,,0.0,False,Qwen/Qwen2.5-Coder-32B-Instruct-AWQ,None
2834@x_name@DESC,Bar,Medium,5.6309,5.6309,1,0.0,0.0,0.0,0.0,0.0,1.0,0.0,0.0,0.0,1.0,0.0,,0.0,False,Qwen/Qwen2.5-Coder-32B-Instruct-AWQ,None
2838@x_name@ASC,Bar,Medium,6.0584,12.1167,2,0.0,0.0,0.0,0.0,0.0,0.0,0.0,0.0,0.0,0.0,1.0,0.0,0.0,False,Qwen/Qwen2.5-Coder-32B-Instruct-AWQ,None
2838@x_name@ASC,Bar,Medium,6.0584,12.1167,2,0.0,0.0,0.0,0.0,0.0,0.0,0.0,0.0,0.0,0.0,1.0,0.0,0.0,False,Qwen/Qwen2.5-Coder-32B-Instruct-AWQ,None
2838@x_name@ASC,Bar,Medium,6.0584,12.1167,2,0.0,0.0,0.0,0.0,0.0,0.0,0.0,0.0,0.0,0.0,1.0,0.0,0.0,False,Qwen/Qwen2.5-Coder-32B-Instruct-AWQ,None
2841@y_name@ASC,Bar,Medium,8.3514,16.7027,2,0.0,0.0,0.0,0.0,0.0,0.0,0.0,0.0,0.0,0.0,1.0,0.0,0.0,False,Qwen/Qwen2.5-Coder-32B-Instruct-AWQ,None
2841@y_name@ASC,Bar,Medium,8.3514,16.7027,2,0.0,0.0,0.0,0.0,0.0,0.0,0.0,0.0,0.0,0.0,1.0,0.0,0.0,False,Qwen/Qwen2.5-Coder-32B-Instruct-AWQ,None
2841@y_name@ASC,Bar,Medium,8.3514,16.7027,2,0.0,0.0,0.0,0.0,0.0,0.0,0.0,0.0,0.0,0.0,1.0,0.0,0.0,False,Qwen/Qwen2.5-Coder-32B-Instruct-AWQ,None
2844@y_name@DESC,Bar,Medium,5.6516,11.3031,2,0.0,0.0,0.0,0.0,0.0,0.0,0.0,0.0,0.0,0.0,1.0,0.0,0.0,False,Qwen/Qwen2.5-Coder-32B-Instruct-AWQ,None
2844@y_name@DESC,Bar,Medium,5.6516,11.3031,2,0.0,0.0,0.0,0.0,0.0,0.0,0.0,0.0,0.0,0.0,1.0,0.0,0.0,False,Qwen/Qwen2.5-Coder-32B-Instruct-AWQ,None
2844@y_name@DESC,Bar,Medium,5.6516,11.3031,2,0.0,0.0,0.0,0.0,0.0,0.0,0.0,0.0,0.0,0.0,1.0,0.0,0.0,False,Qwen/Qwen2.5-Coder-32B-Instruct-AWQ,None
2845@y_name@ASC,Bar,Extra Hard,15.0306,15.0306,1,0.0,0.0,0.0,0.0,0.0,0.0,0.0,0.0,0.0,0.0,1.0,0.0,0.0,True,Qwen/Qwen2.5-Coder-32B-Instruct-AWQ,None
2845@y_name@ASC,Bar,Extra Hard,15.0306,15.0306,1,0.0,0.0,0.0,0.0,0.0,0.0,0.0,0.0,0.0,0.0,1.0,0.0,0.0,True,Qwen/Qwen2.5-Coder-32B-Instruct-AWQ,None
2845@y_name@ASC,Bar,Extra Hard,15.0306,15.0306,1,0.0,0.0,0.0,0.0,0.0,0.0,0.0,0.0,0.0,0.0,1.0,0.0,0.0,True,Qwen/Qwen2.5-Coder-32B-Instruct-AWQ,None
2544@y_name@ASC,Bar,Medium,6.7589,20.2766,3,0.0,0.0,0.0,0.0,0.0,0.0,0.0,0.0,0.0,0.0,1.0,0.0,0.0,False,Qwen/Qwen2.5-Coder-32B-Instruct-AWQ,None
2544@y_name@ASC,Bar,Medium,6.7589,20.2766,3,0.0,0.0,0.0,0.0,0.0,0.0,0.0,0.0,0.0,0.0,1.0,0.0,0.0,False,Qwen/Qwen2.5-Coder-32B-Instruct-AWQ,None
2544@y_name@ASC,Bar,Medium,6.7589,20.2766,3,0.0,0.0,0.0,0.0,0.0,0.0,0.0,0.0,0.0,0.0,1.0,0.0,0.0,False,Qwen/Qwen2.5-Coder-32B-Instruct-AWQ,None
2865@y_name@ASC,Bar,Hard,11.011,33.033,3,0.0,0.0,0.0,0.0,0.0,0.0,0.0,0.0,0.0,0.0,1.0,0.0,0.0,True,Qwen/Qwen2.5-Coder-32B-Instruct-AWQ,None
2865@y_name@ASC,Bar,Hard,11.011,33.033,3,0.0,0.0,0.0,0.0,0.0,0.0,0.0,0.0,0.0,0.0,1.0,0.0,0.0,True,Qwen/Qwen2.5-Coder-32B-Instruct-AWQ,None
2865@y_name@ASC,Bar,Hard,11.011,33.033,3,0.0,0.0,0.0,0.0,0.0,0.0,0.0,0.0,0.0,0.0,1.0,0.0,0.0,True,Qwen/Qwen2.5-Coder-32B-Instruct-AWQ,None
2867@x_name@ASC,Bar,Hard,11.0724,22.1448,2,0.0,0.0,0.0,0.0,0.0,0.0,0.0,0.0,0.0,0.0,1.0,0.0,0.0,True,Qwen/Qwen2.5-Coder-32B-Instruct-AWQ,None
2867@x_name@ASC,Bar,Hard,11.0724,22.1448,2,0.0,0.0,0.0,0.0,0.0,0.0,0.0,0.0,0.0,0.0,1.0,0.0,0.0,True,Qwen/Qwen2.5-Coder-32B-Instruct-AWQ,None
2867@x_name@ASC,Bar,Hard,11.0724,22.1448,2,0.0,0.0,0.0,0.0,0.0,0.0,0.0,0.0,0.0,0.0,1.0,0.0,0.0,True,Qwen/Qwen2.5-Coder-32B-Instruct-AWQ,None
2868@y_name@ASC,Bar,Medium,8.2577,16.5154,2,0.0,0.0,0.0,0.0,0.0,0.0,0.0,0.0,0.0,0.0,1.0,0.0,0.0,False,Qwen/Qwen2.5-Coder-32B-Instruct-AWQ,None
2868@y_name@ASC,Bar,Medium,8.2577,16.5154,2,0.0,0.0,0.0,0.0,0.0,0.0,0.0,0.0,0.0,0.0,1.0,0.0,0.0,False,Qwen/Qwen2.5-Coder-32B-Instruct-AWQ,None
2868@y_name@ASC,Bar,Medium,8.2577,16.5154,2,0.0,0.0,0.0,0.0,0.0,0.0,0.0,0.0,0.0,0.0,1.0,0.0,0.0,False,Qwen/Qwen2.5-Coder-32B-Instruct-AWQ,None
2869@y_name@DESC,Bar,Medium,9.2593,18.5186,2,0.0,0.0,0.0,0.0,0.0,0.0,0.0,0.0,0.0,0.0,1.0,0.0,0.0,False,Qwen/Qwen2.5-Coder-32B-Instruct-AWQ,None
2869@y_name@DESC,Bar,Medium,9.2593,18.5186,2,0.0,0.0,0.0,0.0,0.0,0.0,0.0,0.0,0.0,0.0,1.0,0.0,0.0,False,Qwen/Qwen2.5-Coder-32B-Instruct-AWQ,None
2869@y_name@DESC,Bar,Medium,9.2593,18.5186,2,0.0,0.0,0.0,0.0,0.0,0.0,0.0,0.0,0.0,0.0,1.0,0.0,0.0,False,Qwen/Qwen2.5-Coder-32B-Instruct-AWQ,None
1407@y_name@DESC,Bar,Medium,5.9217,23.687,4,0.0,0.0,0.0,0.0,0.0,0.0,0.0,0.0,0.0,0.0,1.0,0.0,0.0,False,Qwen/Qwen2.5-Coder-32B-Instruct-AWQ,None
1407@y_name@DESC,Bar,Medium,5.9217,23.687,4,0.0,0.0,0.0,0.0,0.0,0.0,0.0,0.0,0.0,0.0,1.0,0.0,0.0,False,Qwen/Qwen2.5-Coder-32B-Instruct-AWQ,None
1407@y_name@DESC,Bar,Medium,5.9217,23.687,4,0.0,0.0,0.0,0.0,0.0,0.0,0.0,0.0,0.0,0.0,1.0,0.0,0.0,False,Qwen/Qwen2.5-Coder-32B-Instruct-AWQ,None
1409@y_name@DESC,Bar,Hard,11.8405,47.3621,4,0.0,0.0,0.0,0.0,0.0,0.0,0.0,0.0,0.0,0.0,1.0,0.0,0.0,True,Qwen/Qwen2.5-Coder-32B-Instruct-AWQ,None
1409@y_name@DESC,Bar,Hard,11.8405,47.3621,4,0.0,0.0,0.0,0.0,0.0,0.0,0.0,0.0,0.0,0.0,1.0,0.0,0.0,True,Qwen/Qwen2.5-Coder-32B-Instruct-AWQ,None
1409@y_name@DESC,Bar,Hard,11.8405,47.3621,4,0.0,0.0,0.0,0.0,0.0,0.0,0.0,0.0,0.0,0.0,1.0,0.0,0.0,True,Qwen/Qwen2.5-Coder-32B-Instruct-AWQ,None
1413@y_name@ASC,Bar,Hard,7.9715,15.9429,2,0.0,0.0,0.0,0.0,0.0,0.0,0.0,0.0,0.0,0.0,1.0,0.0,0.0,False,Qwen/Qwen2.5-Coder-32B-Instruct-AWQ,None
1413@y_name@ASC,Bar,Hard,7.9715,15.9429,2,0.0,0.0,0.0,0.0,0.0,0.0,0.0,0.0,0.0,0.0,1.0,0.0,0.0,False,Qwen/Qwen2.5-Coder-32B-Instruct-AWQ,None
1413@y_name@ASC,Bar,Hard,7.9715,15.9429,2,0.0,0.0,0.0,0.0,0.0,0.0,0.0,0.0,0.0,0.0,1.0,0.0,0.0,False,Qwen/Qwen2.5-Coder-32B-Instruct-AWQ,None
1414@y_name@DESC,Bar,Easy,8.3338,16.6676,2,0.0,0.0,0.0,0.0,0.0,0.0,0.0,0.0,0.0,0.0,1.0,0.0,0.0,False,Qwen/Qwen2.5-Coder-32B-Instruct-AWQ,None
1414@y_name@DESC,Bar,Easy,8.3338,16.6676,2,0.0,0.0,0.0,0.0,0.0,0.0,0.0,0.0,0.0,0.0,1.0,0.0,0.0,False,Qwen/Qwen2.5-Coder-32B-Instruct-AWQ,None
1414@y_name@DESC,Bar,Easy,8.3338,16.6676,2,0.0,0.0,0.0,0.0,0.0,0.0,0.0,0.0,0.0,0.0,1.0,0.0,0.0,False,Qwen/Qwen2.5-Coder-32B-Instruct-AWQ,None
2173@y_name@DESC,Bar,Hard,10.188,30.5641,3,0.0,0.0,0.0,0.0,0.0,0.0,0.0,0.0,0.0,0.0,1.0,0.0,0.0,True,Qwen/Qwen2.5-Coder-32B-Instruct-AWQ,None
2173@y_name@DESC,Bar,Hard,10.188,30.5641,3,0.0,0.0,0.0,0.0,0.0,0.0,0.0,0.0,0.0,0.0,1.0,0.0,0.0,True,Qwen/Qwen2.5-Coder-32B-Instruct-AWQ,None
2173@y_name@DESC,Bar,Hard,10.188,30.5641,3,0.0,0.0,0.0,0.0,0.0,0.0,0.0,0.0,0.0,0.0,1.0,0.0,0.0,True,Qwen/Qwen2.5-Coder-32B-Instruct-AWQ,None
2175@y_name@ASC,Bar,Medium,7.12,7.12,1,0.0,0.0,0.0,0.0,0.0,0.0,0.0,0.0,0.0,0.0,1.0,0.0,0.0,False,Qwen/Qwen2.5-Coder-32B-Instruct-AWQ,None
2175@y_name@ASC,Bar,Medium,7.12,7.12,1,0.0,0.0,0.0,0.0,0.0,0.0,0.0,0.0,0.0,0.0,1.0,0.0,0.0,False,Qwen/Qwen2.5-Coder-32B-Instruct-AWQ,None
2175@y_name@ASC,Bar,Medium,7.12,7.12,1,0.0,0.0,0.0,0.0,0.0,0.0,0.0,0.0,0.0,0.0,1.0,0.0,0.0,False,Qwen/Qwen2.5-Coder-32B-Instruct-AWQ,None
2176@y_name@DESC,Bar,Medium,10.1016,20.2032,2,0.0,0.0,0.0,0.0,0.0,0.0,0.0,0.0,0.0,0.0,1.0,0.0,0.0,True,Qwen/Qwen2.5-Coder-32B-Instruct-AWQ,None
2176@y_name@DESC,Bar,Medium,10.1016,20.2032,2,0.0,0.0,0.0,0.0,0.0,0.0,0.0,0.0,0.0,0.0,1.0,0.0,0.0,True,Qwen/Qwen2.5-Coder-32B-Instruct-AWQ,None
2176@y_name@DESC,Bar,Medium,10.1016,20.2032,2,0.0,0.0,0.0,0.0,0.0,0.0,0.0,0.0,0.0,0.0,1.0,0.0,0.0,True,Qwen/Qwen2.5-Coder-32B-Instruct-AWQ,None
2177@x_name@ASC,Bar,Medium,5.2753,10.5506,2,0.0,0.0,0.0,0.0,0.0,0.0,0.0,0.0,0.0,0.0,1.0,0.0,0.0,False,Qwen/Qwen2.5-Coder-32B-Instruct-AWQ,None
2177@x_name@ASC,Bar,Medium,5.2753,10.5506,2,0.0,0.0,0.0,0.0,0.0,0.0,0.0,0.0,0.0,0.0,1.0,0.0,0.0,False,Qwen/Qwen2.5-Coder-32B-Instruct-AWQ,None
2177@x_name@ASC,Bar,Medium,5.2753,10.5506,2,0.0,0.0,0.0,0.0,0.0,0.0,0.0,0.0,0.0,0.0,1.0,0.0,0.0,False,Qwen/Qwen2.5-Coder-32B-Instruct-AWQ,None
2178@x_name@DESC,Bar,Medium,6.2722,6.2722,1,0.0,0.0,0.0,0.0,0.0,1.0,0.0,0.0,0.0,1.0,0.0,,0.0,False,Qwen/Qwen2.5-Coder-32B-Instruct-AWQ,None
2178@x_name@DESC,Bar,Medium,6.2722,6.2722,1,0.0,0.0,0.0,0.0,0.0,1.0,0.0,0.0,0.0,1.0,0.0,,0.0,False,Qwen/Qwen2.5-Coder-32B-Instruct-AWQ,None
2178@x_name@DESC,Bar,Medium,6.2722,6.2722,1,0.0,0.0,0.0,0.0,0.0,1.0,0.0,0.0,0.0,1.0,0.0,,0.0,False,Qwen/Qwen2.5-Coder-32B-Instruct-AWQ,None
2179@y_name@DESC,Bar,Medium,6.868,13.736,2,0.0,0.0,0.0,0.0,0.5,0.0,0.0,0.0,0.0,0.5,0.5,0.0,0.0,False,Qwen/Qwen2.5-Coder-32B-Instruct-AWQ,None
2179@y_name@DESC,Bar,Medium,6.868,13.736,2,0.0,0.0,0.0,0.0,0.5,0.0,0.0,0.0,0.0,0.5,0.5,0.0,0.0,False,Qwen/Qwen2.5-Coder-32B-Instruct-AWQ,None
2179@y_name@DESC,Bar,Medium,6.868,13.736,2,0.0,0.0,0.0,0.0,0.5,0.0,0.0,0.0,0.0,0.5,0.5,0.0,0.0,False,Qwen/Qwen2.5-Coder-32B-Instruct-AWQ,None
2191@x_name@DESC,Bar,Medium,7.7835,23.3504,3,0.0,0.0,0.0,0.0,0.0,0.3333333333333333,0.0,0.0,0.0,0.3333333333333333,0.6666666666666666,0.0,0.0,False,Qwen/Qwen2.5-Coder-32B-Instruct-AWQ,None
2191@x_name@DESC,Bar,Medium,7.7835,23.3504,3,0.0,0.0,0.0,0.0,0.0,0.3333333333333333,0.0,0.0,0.0,0.3333333333333333,0.6666666666666666,0.0,0.0,False,Qwen/Qwen2.5-Coder-32B-Instruct-AWQ,None
2191@x_name@DESC,Bar,Medium,7.7835,23.3504,3,0.0,0.0,0.0,0.0,0.0,0.3333333333333333,0.0,0.0,0.0,0.3333333333333333,0.6666666666666666,0.0,0.0,False,Qwen/Qwen2.5-Coder-32B-Instruct-AWQ,None
2201@x_name@DESC,Bar,Medium,8.387,16.774,2,0.0,0.0,0.0,0.5,0.5,0.5,0.0,0.0,0.0,1.0,0.0,,0.0,False,Qwen/Qwen2.5-Coder-32B-Instruct-AWQ,None
2201@x_name@DESC,Bar,Medium,8.387,16.774,2,0.0,0.0,0.0,0.5,0.5,0.5,0.0,0.0,0.0,1.0,0.0,,0.0,False,Qwen/Qwen2.5-Coder-32B-Instruct-AWQ,None
2201@x_name@DESC,Bar,Medium,8.387,16.774,2,0.0,0.0,0.0,0.5,0.5,0.5,0.0,0.0,0.0,1.0,0.0,,0.0,False,Qwen/Qwen2.5-Coder-32B-Instruct-AWQ,None
2203@x_name@DESC,Bar,Medium,12.5718,12.5718,1,0.0,0.0,0.0,0.0,0.0,1.0,0.0,0.0,0.0,1.0,0.0,,0.0,True,Qwen/Qwen2.5-Coder-32B-Instruct-AWQ,None
2203@x_name@DESC,Bar,Medium,12.5718,12.5718,1,0.0,0.0,0.0,0.0,0.0,1.0,0.0,0.0,0.0,1.0,0.0,,0.0,True,Qwen/Qwen2.5-Coder-32B-Instruct-AWQ,None
2203@x_name@DESC,Bar,Medium,12.5718,12.5718,1,0.0,0.0,0.0,0.0,0.0,1.0,0.0,0.0,0.0,1.0,0.0,,0.0,True,Qwen/Qwen2.5-Coder-32B-Instruct-AWQ,None
2215@x_name@ASC,Bar,Hard,9.9082,19.8164,2,0.0,0.0,0.0,0.0,0.0,0.0,0.0,0.0,0.0,0.0,1.0,0.0,0.0,True,Qwen/Qwen2.5-Coder-32B-Instruct-AWQ,None
2215@x_name@ASC,Bar,Hard,9.9082,19.8164,2,0.0,0.0,0.0,0.0,0.0,0.0,0.0,0.0,0.0,0.0,1.0,0.0,0.0,True,Qwen/Qwen2.5-Coder-32B-Instruct-AWQ,None
2215@x_name@ASC,Bar,Hard,9.9082,19.8164,2,0.0,0.0,0.0,0.0,0.0,0.0,0.0,0.0,0.0,0.0,1.0,0.0,0.0,True,Qwen/Qwen2.5-Coder-32B-Instruct-AWQ,None
2224@x_name@ASC,Bar,Hard,11.1846,33.5539,3,0.0,0.0,0.0,0.0,0.0,0.0,0.0,0.0,0.0,0.0,1.0,0.0,0.0,True,Qwen/Qwen2.5-Coder-32B-Instruct-AWQ,None
2224@x_name@ASC,Bar,Hard,11.1846,33.5539,3,0.0,0.0,0.0,0.0,0.0,0.0,0.0,0.0,0.0,0.0,1.0,0.0,0.0,True,Qwen/Qwen2.5-Coder-32B-Instruct-AWQ,None
2224@x_name@ASC,Bar,Hard,11.1846,33.5539,3,0.0,0.0,0.0,0.0,0.0,0.0,0.0,0.0,0.0,0.0,1.0,0.0,0.0,True,Qwen/Qwen2.5-Coder-32B-Instruct-AWQ,None
2225@y_name@DESC,Bar,Hard,11.713,35.139,3,0.0,0.0,0.0,0.0,0.0,0.0,0.0,0.0,0.0,0.0,1.0,0.0,0.0,True,Qwen/Qwen2.5-Coder-32B-Instruct-AWQ,None
2225@y_name@DESC,Bar,Hard,11.713,35.139,3,0.0,0.0,0.0,0.0,0.0,0.0,0.0,0.0,0.0,0.0,1.0,0.0,0.0,True,Qwen/Qwen2.5-Coder-32B-Instruct-AWQ,None
2225@y_name@DESC,Bar,Hard,11.713,35.139,3,0.0,0.0,0.0,0.0,0.0,0.0,0.0,0.0,0.0,0.0,1.0,0.0,0.0,True,Qwen/Qwen2.5-Coder-32B-Instruct-AWQ,None
2235@x_name@DESC,Bar,Hard,11.7798,23.5595,2,0.0,0.0,0.0,0.0,0.0,1.0,0.0,0.0,0.0,1.0,0.0,,0.0,True,Qwen/Qwen2.5-Coder-32B-Instruct-AWQ,None
2235@x_name@DESC,Bar,Hard,11.7798,23.5595,2,0.0,0.0,0.0,0.0,0.0,1.0,0.0,0.0,0.0,1.0,0.0,,0.0,True,Qwen/Qwen2.5-Coder-32B-Instruct-AWQ,None
2235@x_name@DESC,Bar,Hard,11.7798,23.5595,2,0.0,0.0,0.0,0.0,0.0,1.0,0.0,0.0,0.0,1.0,0.0,,0.0,True,Qwen/Qwen2.5-Coder-32B-Instruct-AWQ,None
2236@y_name@ASC,Bar,Hard,11.4407,45.7628,4,0.0,0.0,0.0,0.0,0.0,0.0,0.0,0.0,0.0,0.0,1.0,0.0,0.0,True,Qwen/Qwen2.5-Coder-32B-Instruct-AWQ,None
2236@y_name@ASC,Bar,Hard,11.4407,45.7628,4,0.0,0.0,0.0,0.0,0.0,0.0,0.0,0.0,0.0,0.0,1.0,0.0,0.0,True,Qwen/Qwen2.5-Coder-32B-Instruct-AWQ,None
2236@y_name@ASC,Bar,Hard,11.4407,45.7628,4,0.0,0.0,0.0,0.0,0.0,0.0,0.0,0.0,0.0,0.0,1.0,0.0,0.0,True,Qwen/Qwen2.5-Coder-32B-Instruct-AWQ,None
2305@y_name@ASC,Bar,Hard,12.3954,24.7908,2,0.0,0.0,0.0,0.0,1.0,0.0,0.0,0.0,0.0,1.0,0.0,,0.0,True,Qwen/Qwen2.5-Coder-32B-Instruct-AWQ,None
2305@y_name@ASC,Bar,Hard,12.3954,24.7908,2,0.0,0.0,0.0,0.0,1.0,0.0,0.0,0.0,0.0,1.0,0.0,,0.0,True,Qwen/Qwen2.5-Coder-32B-Instruct-AWQ,None
2305@y_name@ASC,Bar,Hard,12.3954,24.7908,2,0.0,0.0,0.0,0.0,1.0,0.0,0.0,0.0,0.0,1.0,0.0,,0.0,True,Qwen/Qwen2.5-Coder-32B-Instruct-AWQ,None
894@y_name@DESC,Bar,Medium,6.4805,12.9609,2,0.0,0.0,0.0,0.0,0.0,0.0,0.0,0.0,0.0,0.0,1.0,0.0,0.0,False,Qwen/Qwen2.5-Coder-32B-Instruct-AWQ,None
894@y_name@DESC,Bar,Medium,6.4805,12.9609,2,0.0,0.0,0.0,0.0,0.0,0.0,0.0,0.0,0.0,0.0,1.0,0.0,0.0,False,Qwen/Qwen2.5-Coder-32B-Instruct-AWQ,None
894@y_name@DESC,Bar,Medium,6.4805,12.9609,2,0.0,0.0,0.0,0.0,0.0,0.0,0.0,0.0,0.0,0.0,1.0,0.0,0.0,False,Qwen/Qwen2.5-Coder-32B-Instruct-AWQ,None
2643@x_name@DESC,Bar,Medium,4.9613,4.9613,1,0.0,0.0,0.0,0.0,0.0,1.0,0.0,0.0,0.0,1.0,0.0,,0.0,False,Qwen/Qwen2.5-Coder-32B-Instruct-AWQ,None
2643@x_name@DESC,Bar,Medium,4.9613,4.9613,1,0.0,0.0,0.0,0.0,0.0,1.0,0.0,0.0,0.0,1.0,0.0,,0.0,False,Qwen/Qwen2.5-Coder-32B-Instruct-AWQ,None
2643@x_name@DESC,Bar,Medium,4.9613,4.9613,1,0.0,0.0,0.0,0.0,0.0,1.0,0.0,0.0,0.0,1.0,0.0,,0.0,False,Qwen/Qwen2.5-Coder-32B-Instruct-AWQ,None
2648@y_name@ASC,Bar,Medium,5.5351,27.6753,5,0.0,0.0,0.0,0.0,0.0,0.0,0.0,0.0,0.0,0.0,1.0,0.0,0.0,False,Qwen/Qwen2.5-Coder-32B-Instruct-AWQ,None
2648@y_name@ASC,Bar,Medium,5.5351,27.6753,5,0.0,0.0,0.0,0.0,0.0,0.0,0.0,0.0,0.0,0.0,1.0,0.0,0.0,False,Qwen/Qwen2.5-Coder-32B-Instruct-AWQ,None
2648@y_name@ASC,Bar,Medium,5.5351,27.6753,5,0.0,0.0,0.0,0.0,0.0,0.0,0.0,0.0,0.0,0.0,1.0,0.0,0.0,False,Qwen/Qwen2.5-Coder-32B-Instruct-AWQ,None
2788@x_name@DESC,Bar,Medium,11.9594,11.9594,1,0.0,0.0,0.0,0.0,0.0,0.0,0.0,0.0,0.0,0.0,1.0,0.0,0.0,True,Qwen/Qwen2.5-Coder-32B-Instruct-AWQ,None
2788@x_name@DESC,Bar,Medium,11.9594,11.9594,1,0.0,0.0,0.0,0.0,0.0,0.0,0.0,0.0,0.0,0.0,1.0,0.0,0.0,True,Qwen/Qwen2.5-Coder-32B-Instruct-AWQ,None
2788@x_name@DESC,Bar,Medium,11.9594,11.9594,1,0.0,0.0,0.0,0.0,0.0,0.0,0.0,0.0,0.0,0.0,1.0,0.0,0.0,True,Qwen/Qwen2.5-Coder-32B-Instruct-AWQ,None
2790@x_name@DESC,Bar,Medium,7.485,14.9701,2,0.0,0.0,0.0,0.0,0.0,0.5,0.0,0.0,0.0,0.5,0.5,0.0,0.0,False,Qwen/Qwen2.5-Coder-32B-Instruct-AWQ,None
2790@x_name@DESC,Bar,Medium,7.485,14.9701,2,0.0,0.0,0.0,0.0,0.0,0.5,0.0,0.0,0.0,0.5,0.5,0.0,0.0,False,Qwen/Qwen2.5-Coder-32B-Instruct-AWQ,None
2790@x_name@DESC,Bar,Medium,7.485,14.9701,2,0.0,0.0,0.0,0.0,0.0,0.5,0.0,0.0,0.0,0.5,0.5,0.0,0.0,False,Qwen/Qwen2.5-Coder-32B-Instruct-AWQ,None
2800@y_name@ASC,Bar,Medium,6.6828,13.3657,2,0.0,0.0,0.0,0.0,0.0,0.0,0.0,0.0,0.0,0.0,1.0,0.0,0.0,False,Qwen/Qwen2.5-Coder-32B-Instruct-AWQ,None
2800@y_name@ASC,Bar,Medium,6.6828,13.3657,2,0.0,0.0,0.0,0.0,0.0,0.0,0.0,0.0,0.0,0.0,1.0,0.0,0.0,False,Qwen/Qwen2.5-Coder-32B-Instruct-AWQ,None
2800@y_name@ASC,Bar,Medium,6.6828,13.3657,2,0.0,0.0,0.0,0.0,0.0,0.0,0.0,0.0,0.0,0.0,1.0,0.0,0.0,False,Qwen/Qwen2.5-Coder-32B-Instruct-AWQ,None
298@y_name@DESC,Bar,Hard,43.0803,43.0803,1,1.0,0.0,0.0,0.0,0.0,0.0,0.0,0.0,1.0,0.0,0.0,,0.0,False,Qwen/Qwen2.5-Coder-32B-Instruct-AWQ,None
298@y_name@DESC,Bar,Hard,43.0803,43.0803,1,1.0,0.0,0.0,0.0,0.0,0.0,0.0,0.0,1.0,0.0,0.0,,0.0,False,Qwen/Qwen2.5-Coder-32B-Instruct-AWQ,None
298@y_name@DESC,Bar,Hard,43.0803,43.0803,1,1.0,0.0,0.0,0.0,0.0,0.0,0.0,0.0,1.0,0.0,0.0,,0.0,False,Qwen/Qwen2.5-Coder-32B-Instruct-AWQ,None
303@x_name@DESC,Line,Hard,20.4455,20.4455,1,0.0,0.0,0.0,0.0,0.0,0.0,0.0,0.0,0.0,0.0,1.0,0.0,0.0,False,Qwen/Qwen2.5-Coder-32B-Instruct-AWQ,None
303@x_name@DESC,Line,Hard,20.4455,20.4455,1,0.0,0.0,0.0,0.0,0.0,0.0,0.0,0.0,0.0,0.0,1.0,0.0,0.0,False,Qwen/Qwen2.5-Coder-32B-Instruct-AWQ,None
303@x_name@DESC,Line,Hard,20.4455,20.4455,1,0.0,0.0,0.0,0.0,0.0,0.0,0.0,0.0,0.0,0.0,1.0,0.0,0.0,False,Qwen/Qwen2.5-Coder-32B-Instruct-AWQ,None
317@y_name@DESC,Bar,Medium,37.0349,74.0698,2,0.5,0.5,0.0,0.0,0.0,0.0,0.0,0.0,1.0,0.0,0.0,,0.0,False,Qwen/Qwen2.5-Coder-32B-Instruct-AWQ,None
317@y_name@DESC,Bar,Medium,37.0349,74.0698,2,0.5,0.5,0.0,0.0,0.0,0.0,0.0,0.0,1.0,0.0,0.0,,0.0,False,Qwen/Qwen2.5-Coder-32B-Instruct-AWQ,None
317@y_name@DESC,Bar,Medium,37.0349,74.0698,2,0.5,0.5,0.0,0.0,0.0,0.0,0.0,0.0,1.0,0.0,0.0,,0.0,False,Qwen/Qwen2.5-Coder-32B-Instruct-AWQ,None
330@y_name@ASC,Bar,Hard,11.8954,23.7908,2,0.0,0.0,0.0,0.0,1.0,0.0,0.0,0.0,0.0,1.0,0.0,,0.0,False,Qwen/Qwen2.5-Coder-32B-Instruct-AWQ,None
330@y_name@ASC,Bar,Hard,11.8954,23.7908,2,0.0,0.0,0.0,0.0,1.0,0.0,0.0,0.0,0.0,1.0,0.0,,0.0,False,Qwen/Qwen2.5-Coder-32B-Instruct-AWQ,None
330@y_name@ASC,Bar,Hard,11.8954,23.7908,2,0.0,0.0,0.0,0.0,1.0,0.0,0.0,0.0,0.0,1.0,0.0,,0.0,False,Qwen/Qwen2.5-Coder-32B-Instruct-AWQ,None
339@x_name@DESC,Bar,Medium,7.7851,7.7851,1,0.0,0.0,0.0,0.0,0.0,0.0,0.0,0.0,0.0,0.0,1.0,0.0,0.0,False,Qwen/Qwen2.5-Coder-32B-Instruct-AWQ,None
339@x_name@DESC,Bar,Medium,7.7851,7.7851,1,0.0,0.0,0.0,0.0,0.0,0.0,0.0,0.0,0.0,0.0,1.0,0.0,0.0,False,Qwen/Qwen2.5-Coder-32B-Instruct-AWQ,None
339@x_name@DESC,Bar,Medium,7.7851,7.7851,1,0.0,0.0,0.0,0.0,0.0,0.0,0.0,0.0,0.0,0.0,1.0,0.0,0.0,False,Qwen/Qwen2.5-Coder-32B-Instruct-AWQ,None
349@y_name@DESC,Bar,Hard,11.1233,22.2467,2,0.0,0.0,0.0,0.5,1.0,0.0,0.0,0.0,0.0,1.0,0.0,,0.0,False,Qwen/Qwen2.5-Coder-32B-Instruct-AWQ,None
349@y_name@DESC,Bar,Hard,11.1233,22.2467,2,0.0,0.0,0.0,0.5,1.0,0.0,0.0,0.0,0.0,1.0,0.0,,0.0,False,Qwen/Qwen2.5-Coder-32B-Instruct-AWQ,None
349@y_name@DESC,Bar,Hard,11.1233,22.2467,2,0.0,0.0,0.0,0.5,1.0,0.0,0.0,0.0,0.0,1.0,0.0,,0.0,False,Qwen/Qwen2.5-Coder-32B-Instruct-AWQ,None
2585@x_name@ASC,Bar,Medium,5.4054,5.4054,1,0.0,0.0,0.0,0.0,0.0,0.0,0.0,0.0,0.0,0.0,1.0,0.0,0.0,False,Qwen/Qwen2.5-Coder-32B-Instruct-AWQ,None
2585@x_name@ASC,Bar,Medium,5.4054,5.4054,1,0.0,0.0,0.0,0.0,0.0,0.0,0.0,0.0,0.0,0.0,1.0,0.0,0.0,False,Qwen/Qwen2.5-Coder-32B-Instruct-AWQ,None
2585@x_name@ASC,Bar,Medium,5.4054,5.4054,1,0.0,0.0,0.0,0.0,0.0,0.0,0.0,0.0,0.0,0.0,1.0,0.0,0.0,False,Qwen/Qwen2.5-Coder-32B-Instruct-AWQ,None
2587@y_name@ASC,Bar,Medium,6.2123,18.6369,3,0.0,0.0,0.0,0.0,0.0,0.0,0.0,0.0,0.0,0.0,1.0,0.0,0.0,False,Qwen/Qwen2.5-Coder-32B-Instruct-AWQ,None
2587@y_name@ASC,Bar,Medium,6.2123,18.6369,3,0.0,0.0,0.0,0.0,0.0,0.0,0.0,0.0,0.0,0.0,1.0,0.0,0.0,False,Qwen/Qwen2.5-Coder-32B-Instruct-AWQ,None
2587@y_name@ASC,Bar,Medium,6.2123,18.6369,3,0.0,0.0,0.0,0.0,0.0,0.0,0.0,0.0,0.0,0.0,1.0,0.0,0.0,False,Qwen/Qwen2.5-Coder-32B-Instruct-AWQ,None
927@y_name@ASC,Stacked Bar,Extra Hard,43.5298,43.5298,1,1.0,0.0,0.0,0.0,0.0,0.0,0.0,0.0,1.0,0.0,0.0,,0.0,False,Qwen/Qwen2.5-Coder-32B-Instruct-AWQ,None
927@y_name@ASC,Stacked Bar,Extra Hard,43.5298,43.5298,1,1.0,0.0,0.0,0.0,0.0,0.0,0.0,0.0,1.0,0.0,0.0,,0.0,False,Qwen/Qwen2.5-Coder-32B-Instruct-AWQ,None
927@y_name@ASC,Stacked Bar,Extra Hard,43.5298,43.5298,1,1.0,0.0,0.0,0.0,0.0,0.0,0.0,0.0,1.0,0.0,0.0,,0.0,False,Qwen/Qwen2.5-Coder-32B-Instruct-AWQ,None
932@y_name@DESC,Bar,Medium,56.4833,112.9666,2,1.0,0.0,0.0,0.0,0.0,0.0,0.0,0.0,1.0,0.0,0.0,,0.0,False,Qwen/Qwen2.5-Coder-32B-Instruct-AWQ,None
932@y_name@DESC,Bar,Medium,56.4833,112.9666,2,1.0,0.0,0.0,0.0,0.0,0.0,0.0,0.0,1.0,0.0,0.0,,0.0,False,Qwen/Qwen2.5-Coder-32B-Instruct-AWQ,None
932@y_name@DESC,Bar,Medium,56.4833,112.9666,2,1.0,0.0,0.0,0.0,0.0,0.0,0.0,0.0,1.0,0.0,0.0,,0.0,False,Qwen/Qwen2.5-Coder-32B-Instruct-AWQ,None
942@x_name@DESC,Grouping Line,Extra Hard,9.8083,9.8083,1,0.0,0.0,0.0,0.0,1.0,0.0,0.0,0.0,0.0,1.0,0.0,,0.0,False,Qwen/Qwen2.5-Coder-32B-Instruct-AWQ,None
942@x_name@DESC,Grouping Line,Extra Hard,9.8083,9.8083,1,0.0,0.0,0.0,0.0,1.0,0.0,0.0,0.0,0.0,1.0,0.0,,0.0,False,Qwen/Qwen2.5-Coder-32B-Instruct-AWQ,None
942@x_name@DESC,Grouping Line,Extra Hard,9.8083,9.8083,1,0.0,0.0,0.0,0.0,1.0,0.0,0.0,0.0,0.0,1.0,0.0,,0.0,False,Qwen/Qwen2.5-Coder-32B-Instruct-AWQ,None
988@x_name@DESC,Bar,Hard,11.7261,11.7261,1,0.0,0.0,0.0,0.0,0.0,0.0,0.0,0.0,0.0,0.0,1.0,0.0,0.0,True,Qwen/Qwen2.5-Coder-32B-Instruct-AWQ,None
988@x_name@DESC,Bar,Hard,11.7261,11.7261,1,0.0,0.0,0.0,0.0,0.0,0.0,0.0,0.0,0.0,0.0,1.0,0.0,0.0,True,Qwen/Qwen2.5-Coder-32B-Instruct-AWQ,None
988@x_name@DESC,Bar,Hard,11.7261,11.7261,1,0.0,0.0,0.0,0.0,0.0,0.0,0.0,0.0,0.0,0.0,1.0,0.0,0.0,True,Qwen/Qwen2.5-Coder-32B-Instruct-AWQ,None
1099@x_name@ASC,Bar,Easy,6.5425,6.5425,1,0.0,0.0,0.0,0.0,0.0,0.0,0.0,0.0,0.0,0.0,1.0,0.0,0.0,False,Qwen/Qwen2.5-Coder-32B-Instruct-AWQ,None
1099@x_name@ASC,Bar,Easy,6.5425,6.5425,1,0.0,0.0,0.0,0.0,0.0,0.0,0.0,0.0,0.0,0.0,1.0,0.0,0.0,False,Qwen/Qwen2.5-Coder-32B-Instruct-AWQ,None
1099@x_name@ASC,Bar,Easy,6.5425,6.5425,1,0.0,0.0,0.0,0.0,0.0,0.0,0.0,0.0,0.0,0.0,1.0,0.0,0.0,False,Qwen/Qwen2.5-Coder-32B-Instruct-AWQ,None
1100@x_name@ASC,Line,Medium,7.4672,7.4672,1,0.0,0.0,0.0,0.0,0.0,0.0,0.0,0.0,0.0,0.0,1.0,0.0,0.0,False,Qwen/Qwen2.5-Coder-32B-Instruct-AWQ,None
1100@x_name@ASC,Line,Medium,7.4672,7.4672,1,0.0,0.0,0.0,0.0,0.0,0.0,0.0,0.0,0.0,0.0,1.0,0.0,0.0,False,Qwen/Qwen2.5-Coder-32B-Instruct-AWQ,None
1100@x_name@ASC,Line,Medium,7.4672,7.4672,1,0.0,0.0,0.0,0.0,0.0,0.0,0.0,0.0,0.0,0.0,1.0,0.0,0.0,False,Qwen/Qwen2.5-Coder-32B-Instruct-AWQ,None
1101@x_name@ASC,Line,Medium,7.0518,14.1035,2,0.0,0.0,0.0,0.0,0.0,0.0,0.0,0.0,0.0,0.0,1.0,0.0,0.0,False,Qwen/Qwen2.5-Coder-32B-Instruct-AWQ,None
1101@x_name@ASC,Line,Medium,7.0518,14.1035,2,0.0,0.0,0.0,0.0,0.0,0.0,0.0,0.0,0.0,0.0,1.0,0.0,0.0,False,Qwen/Qwen2.5-Coder-32B-Instruct-AWQ,None
1101@x_name@ASC,Line,Medium,7.0518,14.1035,2,0.0,0.0,0.0,0.0,0.0,0.0,0.0,0.0,0.0,0.0,1.0,0.0,0.0,False,Qwen/Qwen2.5-Coder-32B-Instruct-AWQ,None
1105@y_name@ASC,Bar,Extra Hard,13.4786,13.4786,1,0.0,0.0,0.0,0.0,1.0,0.0,0.0,0.0,0.0,1.0,0.0,,0.0,True,Qwen/Qwen2.5-Coder-32B-Instruct-AWQ,None
1105@y_name@ASC,Bar,Extra Hard,13.4786,13.4786,1,0.0,0.0,0.0,0.0,1.0,0.0,0.0,0.0,0.0,1.0,0.0,,0.0,True,Qwen/Qwen2.5-Coder-32B-Instruct-AWQ,None
1105@y_name@ASC,Bar,Extra Hard,13.4786,13.4786,1,0.0,0.0,0.0,0.0,1.0,0.0,0.0,0.0,0.0,1.0,0.0,,0.0,True,Qwen/Qwen2.5-Coder-32B-Instruct-AWQ,None
1112@x_name@DESC,Bar,Medium,7.2148,7.2148,1,0.0,0.0,0.0,0.0,0.0,1.0,0.0,0.0,0.0,1.0,0.0,,0.0,False,Qwen/Qwen2.5-Coder-32B-Instruct-AWQ,None
1112@x_name@DESC,Bar,Medium,7.2148,7.2148,1,0.0,0.0,0.0,0.0,0.0,1.0,0.0,0.0,0.0,1.0,0.0,,0.0,False,Qwen/Qwen2.5-Coder-32B-Instruct-AWQ,None
1112@x_name@DESC,Bar,Medium,7.2148,7.2148,1,0.0,0.0,0.0,0.0,0.0,1.0,0.0,0.0,0.0,1.0,0.0,,0.0,False,Qwen/Qwen2.5-Coder-32B-Instruct-AWQ,None
2475@y_name@DESC,Bar,Hard,10.9587,10.9587,1,0.0,0.0,0.0,0.0,0.0,0.0,0.0,0.0,0.0,0.0,1.0,0.0,0.0,True,Qwen/Qwen2.5-Coder-32B-Instruct-AWQ,None
2475@y_name@DESC,Bar,Hard,10.9587,10.9587,1,0.0,0.0,0.0,0.0,0.0,0.0,0.0,0.0,0.0,0.0,1.0,0.0,0.0,True,Qwen/Qwen2.5-Coder-32B-Instruct-AWQ,None
2475@y_name@DESC,Bar,Hard,10.9587,10.9587,1,0.0,0.0,0.0,0.0,0.0,0.0,0.0,0.0,0.0,0.0,1.0,0.0,0.0,True,Qwen/Qwen2.5-Coder-32B-Instruct-AWQ,None
2486@x_name@DESC,Bar,Medium,5.6123,16.8368,3,0.0,0.0,0.0,0.0,0.0,1.0,0.0,0.0,0.0,1.0,0.0,,0.0,False,Qwen/Qwen2.5-Coder-32B-Instruct-AWQ,None
2486@x_name@DESC,Bar,Medium,5.6123,16.8368,3,0.0,0.0,0.0,0.0,0.0,1.0,0.0,0.0,0.0,1.0,0.0,,0.0,False,Qwen/Qwen2.5-Coder-32B-Instruct-AWQ,None
2486@x_name@DESC,Bar,Medium,5.6123,16.8368,3,0.0,0.0,0.0,0.0,0.0,1.0,0.0,0.0,0.0,1.0,0.0,,0.0,False,Qwen/Qwen2.5-Coder-32B-Instruct-AWQ,None
2488@y_name@DESC,Bar,Medium,6.7973,13.5946,2,0.0,0.0,0.0,0.0,0.0,0.0,0.0,0.0,0.0,0.0,1.0,0.0,0.0,False,Qwen/Qwen2.5-Coder-32B-Instruct-AWQ,None
2488@y_name@DESC,Bar,Medium,6.7973,13.5946,2,0.0,0.0,0.0,0.0,0.0,0.0,0.0,0.0,0.0,0.0,1.0,0.0,0.0,False,Qwen/Qwen2.5-Coder-32B-Instruct-AWQ,None
2488@y_name@DESC,Bar,Medium,6.7973,13.5946,2,0.0,0.0,0.0,0.0,0.0,0.0,0.0,0.0,0.0,0.0,1.0,0.0,0.0,False,Qwen/Qwen2.5-Coder-32B-Instruct-AWQ,None
2493@y_name@DESC,Bar,Hard,11.6777,11.6777,1,0.0,0.0,0.0,0.0,0.0,0.0,0.0,0.0,0.0,0.0,1.0,0.0,0.0,True,Qwen/Qwen2.5-Coder-32B-Instruct-AWQ,None
2493@y_name@DESC,Bar,Hard,11.6777,11.6777,1,0.0,0.0,0.0,0.0,0.0,0.0,0.0,0.0,0.0,0.0,1.0,0.0,0.0,True,Qwen/Qwen2.5-Coder-32B-Instruct-AWQ,None
2493@y_name@DESC,Bar,Hard,11.6777,11.6777,1,0.0,0.0,0.0,0.0,0.0,0.0,0.0,0.0,0.0,0.0,1.0,0.0,0.0,True,Qwen/Qwen2.5-Coder-32B-Instruct-AWQ,None
3058@y_name@ASC,Bar,Medium,5.3891,21.5563,4,0.0,0.0,0.0,0.0,0.0,0.0,0.0,0.0,0.0,0.0,1.0,0.0,0.0,False,Qwen/Qwen2.5-Coder-32B-Instruct-AWQ,None
3058@y_name@ASC,Bar,Medium,5.3891,21.5563,4,0.0,0.0,0.0,0.0,0.0,0.0,0.0,0.0,0.0,0.0,1.0,0.0,0.0,False,Qwen/Qwen2.5-Coder-32B-Instruct-AWQ,None
3058@y_name@ASC,Bar,Medium,5.3891,21.5563,4,0.0,0.0,0.0,0.0,0.0,0.0,0.0,0.0,0.0,0.0,1.0,0.0,0.0,False,Qwen/Qwen2.5-Coder-32B-Instruct-AWQ,None
2421@y_name@DESC,Bar,Medium,5.2056,10.4112,2,0.0,0.0,0.0,0.0,0.0,0.0,0.0,0.0,0.0,0.0,1.0,0.0,0.0,False,Qwen/Qwen2.5-Coder-32B-Instruct-AWQ,None
2421@y_name@DESC,Bar,Medium,5.2056,10.4112,2,0.0,0.0,0.0,0.0,0.0,0.0,0.0,0.0,0.0,0.0,1.0,0.0,0.0,False,Qwen/Qwen2.5-Coder-32B-Instruct-AWQ,None
2421@y_name@DESC,Bar,Medium,5.2056,10.4112,2,0.0,0.0,0.0,0.0,0.0,0.0,0.0,0.0,0.0,0.0,1.0,0.0,0.0,False,Qwen/Qwen2.5-Coder-32B-Instruct-AWQ,None
2423@y_name@DESC,Bar,Medium,6.1264,24.5055,4,0.0,0.0,0.0,0.0,0.0,0.0,0.0,0.0,0.0,0.0,1.0,0.0,0.0,False,Qwen/Qwen2.5-Coder-32B-Instruct-AWQ,None
2423@y_name@DESC,Bar,Medium,6.1264,24.5055,4,0.0,0.0,0.0,0.0,0.0,0.0,0.0,0.0,0.0,0.0,1.0,0.0,0.0,False,Qwen/Qwen2.5-Coder-32B-Instruct-AWQ,None
2423@y_name@DESC,Bar,Medium,6.1264,24.5055,4,0.0,0.0,0.0,0.0,0.0,0.0,0.0,0.0,0.0,0.0,1.0,0.0,0.0,False,Qwen/Qwen2.5-Coder-32B-Instruct-AWQ,None
2430@y_name@ASC,Bar,Extra Hard,12.3561,12.3561,1,0.0,0.0,0.0,0.0,0.0,0.0,0.0,0.0,0.0,0.0,1.0,0.0,0.0,True,Qwen/Qwen2.5-Coder-32B-Instruct-AWQ,None
2430@y_name@ASC,Bar,Extra Hard,12.3561,12.3561,1,0.0,0.0,0.0,0.0,0.0,0.0,0.0,0.0,0.0,0.0,1.0,0.0,0.0,True,Qwen/Qwen2.5-Coder-32B-Instruct-AWQ,None
2430@y_name@ASC,Bar,Extra Hard,12.3561,12.3561,1,0.0,0.0,0.0,0.0,0.0,0.0,0.0,0.0,0.0,0.0,1.0,0.0,0.0,True,Qwen/Qwen2.5-Coder-32B-Instruct-AWQ,None
2859@y_name@ASC,Bar,Hard,13.8361,55.3446,4,0.0,0.0,0.0,0.0,0.0,0.0,0.0,0.0,0.0,0.0,1.0,0.0,0.0,True,Qwen/Qwen2.5-Coder-32B-Instruct-AWQ,None
2859@y_name@ASC,Bar,Hard,13.8361,55.3446,4,0.0,0.0,0.0,0.0,0.0,0.0,0.0,0.0,0.0,0.0,1.0,0.0,0.0,True,Qwen/Qwen2.5-Coder-32B-Instruct-AWQ,None
2859@y_name@ASC,Bar,Hard,13.8361,55.3446,4,0.0,0.0,0.0,0.0,0.0,0.0,0.0,0.0,0.0,0.0,1.0,0.0,0.0,True,Qwen/Qwen2.5-Coder-32B-Instruct-AWQ,None
2860@x_name@DESC,Bar,Medium,9.8837,9.8837,1,0.0,0.0,0.0,0.0,0.0,1.0,0.0,0.0,0.0,1.0,0.0,,0.0,False,Qwen/Qwen2.5-Coder-32B-Instruct-AWQ,None
2860@x_name@DESC,Bar,Medium,9.8837,9.8837,1,0.0,0.0,0.0,0.0,0.0,1.0,0.0,0.0,0.0,1.0,0.0,,0.0,False,Qwen/Qwen2.5-Coder-32B-Instruct-AWQ,None
2860@x_name@DESC,Bar,Medium,9.8837,9.8837,1,0.0,0.0,0.0,0.0,0.0,1.0,0.0,0.0,0.0,1.0,0.0,,0.0,False,Qwen/Qwen2.5-Coder-32B-Instruct-AWQ,None
2862@x_name@ASC,Bar,Medium,5.0564,5.0564,1,0.0,0.0,0.0,0.0,0.0,0.0,0.0,0.0,0.0,0.0,1.0,0.0,0.0,False,Qwen/Qwen2.5-Coder-32B-Instruct-AWQ,None
2862@x_name@ASC,Bar,Medium,5.0564,5.0564,1,0.0,0.0,0.0,0.0,0.0,0.0,0.0,0.0,0.0,0.0,1.0,0.0,0.0,False,Qwen/Qwen2.5-Coder-32B-Instruct-AWQ,None
2862@x_name@ASC,Bar,Medium,5.0564,5.0564,1,0.0,0.0,0.0,0.0,0.0,0.0,0.0,0.0,0.0,0.0,1.0,0.0,0.0,False,Qwen/Qwen2.5-Coder-32B-Instruct-AWQ,None
2497@y_name@DESC,Bar,Hard,10.1509,20.3017,2,0.0,0.0,0.0,0.0,0.0,0.0,0.0,0.0,0.0,0.0,1.0,0.0,0.0,False,Qwen/Qwen2.5-Coder-32B-Instruct-AWQ,None
2497@y_name@DESC,Bar,Hard,10.1509,20.3017,2,0.0,0.0,0.0,0.0,0.0,0.0,0.0,0.0,0.0,0.0,1.0,0.0,0.0,False,Qwen/Qwen2.5-Coder-32B-Instruct-AWQ,None
2497@y_name@DESC,Bar,Hard,10.1509,20.3017,2,0.0,0.0,0.0,0.0,0.0,0.0,0.0,0.0,0.0,0.0,1.0,0.0,0.0,False,Qwen/Qwen2.5-Coder-32B-Instruct-AWQ,None
2507@y_name@ASC,Bar,Medium,6.5101,13.0201,2,0.0,0.0,0.0,0.0,0.0,0.0,0.0,0.0,0.0,0.0,1.0,0.0,0.0,False,Qwen/Qwen2.5-Coder-32B-Instruct-AWQ,None
2507@y_name@ASC,Bar,Medium,6.5101,13.0201,2,0.0,0.0,0.0,0.0,0.0,0.0,0.0,0.0,0.0,0.0,1.0,0.0,0.0,False,Qwen/Qwen2.5-Coder-32B-Instruct-AWQ,None
2507@y_name@ASC,Bar,Medium,6.5101,13.0201,2,0.0,0.0,0.0,0.0,0.0,0.0,0.0,0.0,0.0,0.0,1.0,0.0,0.0,False,Qwen/Qwen2.5-Coder-32B-Instruct-AWQ,None
2735@x_name@DESC,Bar,Hard,12.5361,25.0722,2,0.0,0.0,0.0,0.0,0.5,0.0,0.0,0.0,0.0,0.5,0.5,0.0,0.0,False,Qwen/Qwen2.5-Coder-32B-Instruct-AWQ,None
2735@x_name@DESC,Bar,Hard,12.5361,25.0722,2,0.0,0.0,0.0,0.0,0.5,0.0,0.0,0.0,0.0,0.5,0.5,0.0,0.0,False,Qwen/Qwen2.5-Coder-32B-Instruct-AWQ,None
2735@x_name@DESC,Bar,Hard,12.5361,25.0722,2,0.0,0.0,0.0,0.0,0.5,0.0,0.0,0.0,0.0,0.5,0.5,0.0,0.0,False,Qwen/Qwen2.5-Coder-32B-Instruct-AWQ,None
2737@y_name@DESC,Bar,Hard,9.5186,28.5557,3,0.0,0.0,0.0,0.0,0.0,0.0,0.0,0.0,0.0,0.0,1.0,0.0,0.0,False,Qwen/Qwen2.5-Coder-32B-Instruct-AWQ,None
2737@y_name@DESC,Bar,Hard,9.5186,28.5557,3,0.0,0.0,0.0,0.0,0.0,0.0,0.0,0.0,0.0,0.0,1.0,0.0,0.0,False,Qwen/Qwen2.5-Coder-32B-Instruct-AWQ,None
2737@y_name@DESC,Bar,Hard,9.5186,28.5557,3,0.0,0.0,0.0,0.0,0.0,0.0,0.0,0.0,0.0,0.0,1.0,0.0,0.0,False,Qwen/Qwen2.5-Coder-32B-Instruct-AWQ,None
2739@x_name@ASC,Bar,Medium,8.5628,8.5628,1,0.0,0.0,0.0,0.0,0.0,0.0,0.0,0.0,0.0,0.0,1.0,0.0,0.0,False,Qwen/Qwen2.5-Coder-32B-Instruct-AWQ,None
2739@x_name@ASC,Bar,Medium,8.5628,8.5628,1,0.0,0.0,0.0,0.0,0.0,0.0,0.0,0.0,0.0,0.0,1.0,0.0,0.0,False,Qwen/Qwen2.5-Coder-32B-Instruct-AWQ,None
2739@x_name@ASC,Bar,Medium,8.5628,8.5628,1,0.0,0.0,0.0,0.0,0.0,0.0,0.0,0.0,0.0,0.0,1.0,0.0,0.0,False,Qwen/Qwen2.5-Coder-32B-Instruct-AWQ,None
2740@y_name@DESC,Bar,Medium,8.5822,8.5822,1,0.0,0.0,0.0,0.0,0.0,0.0,0.0,0.0,0.0,0.0,1.0,0.0,0.0,False,Qwen/Qwen2.5-Coder-32B-Instruct-AWQ,None
2740@y_name@DESC,Bar,Medium,8.5822,8.5822,1,0.0,0.0,0.0,0.0,0.0,0.0,0.0,0.0,0.0,0.0,1.0,0.0,0.0,False,Qwen/Qwen2.5-Coder-32B-Instruct-AWQ,None
2740@y_name@DESC,Bar,Medium,8.5822,8.5822,1,0.0,0.0,0.0,0.0,0.0,0.0,0.0,0.0,0.0,0.0,1.0,0.0,0.0,False,Qwen/Qwen2.5-Coder-32B-Instruct-AWQ,None
2747@x_name@DESC,Bar,Medium,6.2507,6.2507,1,0.0,0.0,0.0,0.0,0.0,0.0,0.0,0.0,0.0,0.0,1.0,0.0,0.0,False,Qwen/Qwen2.5-Coder-32B-Instruct-AWQ,None
2747@x_name@DESC,Bar,Medium,6.2507,6.2507,1,0.0,0.0,0.0,0.0,0.0,0.0,0.0,0.0,0.0,0.0,1.0,0.0,0.0,False,Qwen/Qwen2.5-Coder-32B-Instruct-AWQ,None
2747@x_name@DESC,Bar,Medium,6.2507,6.2507,1,0.0,0.0,0.0,0.0,0.0,0.0,0.0,0.0,0.0,0.0,1.0,0.0,0.0,False,Qwen/Qwen2.5-Coder-32B-Instruct-AWQ,None
2751@x_name@ASC,Bar,Medium,5.2324,5.2324,1,0.0,0.0,0.0,0.0,0.0,0.0,0.0,0.0,0.0,0.0,1.0,0.0,0.0,False,Qwen/Qwen2.5-Coder-32B-Instruct-AWQ,None
2751@x_name@ASC,Bar,Medium,5.2324,5.2324,1,0.0,0.0,0.0,0.0,0.0,0.0,0.0,0.0,0.0,0.0,1.0,0.0,0.0,False,Qwen/Qwen2.5-Coder-32B-Instruct-AWQ,None
2751@x_name@ASC,Bar,Medium,5.2324,5.2324,1,0.0,0.0,0.0,0.0,0.0,0.0,0.0,0.0,0.0,0.0,1.0,0.0,0.0,False,Qwen/Qwen2.5-Coder-32B-Instruct-AWQ,None
2753@y_name@DESC,Bar,Medium,6.5055,19.5164,3,0.0,0.0,0.0,0.0,0.0,0.0,0.0,0.0,0.0,0.0,1.0,0.0,0.0,False,Qwen/Qwen2.5-Coder-32B-Instruct-AWQ,None
2753@y_name@DESC,Bar,Medium,6.5055,19.5164,3,0.0,0.0,0.0,0.0,0.0,0.0,0.0,0.0,0.0,0.0,1.0,0.0,0.0,False,Qwen/Qwen2.5-Coder-32B-Instruct-AWQ,None
2753@y_name@DESC,Bar,Medium,6.5055,19.5164,3,0.0,0.0,0.0,0.0,0.0,0.0,0.0,0.0,0.0,0.0,1.0,0.0,0.0,False,Qwen/Qwen2.5-Coder-32B-Instruct-AWQ,None
2803@y_name@ASC,Bar,Hard,11.9084,23.8168,2,0.0,0.0,0.0,0.0,0.5,0.0,0.0,0.0,0.0,0.5,0.5,0.0,0.0,True,Qwen/Qwen2.5-Coder-32B-Instruct-AWQ,None
2803@y_name@ASC,Bar,Hard,11.9084,23.8168,2,0.0,0.0,0.0,0.0,0.5,0.0,0.0,0.0,0.0,0.5,0.5,0.0,0.0,True,Qwen/Qwen2.5-Coder-32B-Instruct-AWQ,None
2803@y_name@ASC,Bar,Hard,11.9084,23.8168,2,0.0,0.0,0.0,0.0,0.5,0.0,0.0,0.0,0.0,0.5,0.5,0.0,0.0,True,Qwen/Qwen2.5-Coder-32B-Instruct-AWQ,None
2805@y_name@ASC,Bar,Hard,7.8658,15.7316,2,0.0,0.0,0.0,0.0,1.0,0.0,0.0,0.0,0.0,1.0,0.0,,0.0,False,Qwen/Qwen2.5-Coder-32B-Instruct-AWQ,None
2805@y_name@ASC,Bar,Hard,7.8658,15.7316,2,0.0,0.0,0.0,0.0,1.0,0.0,0.0,0.0,0.0,1.0,0.0,,0.0,False,Qwen/Qwen2.5-Coder-32B-Instruct-AWQ,None
2805@y_name@ASC,Bar,Hard,7.8658,15.7316,2,0.0,0.0,0.0,0.0,1.0,0.0,0.0,0.0,0.0,1.0,0.0,,0.0,False,Qwen/Qwen2.5-Coder-32B-Instruct-AWQ,None
2811@x_name@ASC,Bar,Medium,5.3607,10.7214,2,0.0,0.0,0.0,0.0,0.0,0.5,0.0,0.0,0.0,0.5,0.5,0.0,0.0,False,Qwen/Qwen2.5-Coder-32B-Instruct-AWQ,None
2811@x_name@ASC,Bar,Medium,5.3607,10.7214,2,0.0,0.0,0.0,0.0,0.0,0.5,0.0,0.0,0.0,0.5,0.5,0.0,0.0,False,Qwen/Qwen2.5-Coder-32B-Instruct-AWQ,None
2811@x_name@ASC,Bar,Medium,5.3607,10.7214,2,0.0,0.0,0.0,0.0,0.0,0.5,0.0,0.0,0.0,0.5,0.5,0.0,0.0,False,Qwen/Qwen2.5-Coder-32B-Instruct-AWQ,None
2621@y_name@DESC,Bar,Extra Hard,11.2408,44.9631,4,0.0,0.0,0.0,0.0,0.0,0.0,0.0,0.0,0.0,0.0,1.0,0.0,0.0,True,Qwen/Qwen2.5-Coder-32B-Instruct-AWQ,None
2621@y_name@DESC,Bar,Extra Hard,11.2408,44.9631,4,0.0,0.0,0.0,0.0,0.0,0.0,0.0,0.0,0.0,0.0,1.0,0.0,0.0,True,Qwen/Qwen2.5-Coder-32B-Instruct-AWQ,None
2621@y_name@DESC,Bar,Extra Hard,11.2408,44.9631,4,0.0,0.0,0.0,0.0,0.0,0.0,0.0,0.0,0.0,0.0,1.0,0.0,0.0,True,Qwen/Qwen2.5-Coder-32B-Instruct-AWQ,None
1163@y_name@ASC,Bar,Hard,26.6802,26.6802,1,0.0,0.0,0.0,0.0,0.0,0.0,0.0,0.0,0.0,0.0,1.0,0.0,0.0,True,Qwen/Qwen2.5-Coder-32B-Instruct-AWQ,None
1163@y_name@ASC,Bar,Hard,26.6802,26.6802,1,0.0,0.0,0.0,0.0,0.0,0.0,0.0,0.0,0.0,0.0,1.0,0.0,0.0,True,Qwen/Qwen2.5-Coder-32B-Instruct-AWQ,None
1163@y_name@ASC,Bar,Hard,26.6802,26.6802,1,0.0,0.0,0.0,0.0,0.0,0.0,0.0,0.0,0.0,0.0,1.0,0.0,0.0,True,Qwen/Qwen2.5-Coder-32B-Instruct-AWQ,None
1164@y_name@ASC,Bar,Hard,48.4181,96.8362,2,0.5,0.0,0.0,0.0,0.0,0.0,0.0,0.0,0.5,0.0,0.5,0.0,0.0,True,Qwen/Qwen2.5-Coder-32B-Instruct-AWQ,None
1164@y_name@ASC,Bar,Hard,48.4181,96.8362,2,0.5,0.0,0.0,0.0,0.0,0.0,0.0,0.0,0.5,0.0,0.5,0.0,0.0,True,Qwen/Qwen2.5-Coder-32B-Instruct-AWQ,None
1164@y_name@ASC,Bar,Hard,48.4181,96.8362,2,0.5,0.0,0.0,0.0,0.0,0.0,0.0,0.0,0.5,0.0,0.5,0.0,0.0,True,Qwen/Qwen2.5-Coder-32B-Instruct-AWQ,None
1165@x_name@DESC,Line,Hard,7.4262,7.4262,1,0.0,0.0,0.0,0.0,0.0,0.0,0.0,0.0,0.0,0.0,1.0,0.0,0.0,True,Qwen/Qwen2.5-Coder-32B-Instruct-AWQ,None
1165@x_name@DESC,Line,Hard,7.4262,7.4262,1,0.0,0.0,0.0,0.0,0.0,0.0,0.0,0.0,0.0,0.0,1.0,0.0,0.0,True,Qwen/Qwen2.5-Coder-32B-Instruct-AWQ,None
1165@x_name@DESC,Line,Hard,7.4262,7.4262,1,0.0,0.0,0.0,0.0,0.0,0.0,0.0,0.0,0.0,0.0,1.0,0.0,0.0,True,Qwen/Qwen2.5-Coder-32B-Instruct-AWQ,None
1166@y_name@ASC,Bar,Hard,11.5401,23.0802,2,0.0,0.0,0.0,0.0,0.0,0.0,0.0,0.0,0.0,0.0,1.0,0.0,0.0,True,Qwen/Qwen2.5-Coder-32B-Instruct-AWQ,None
1166@y_name@ASC,Bar,Hard,11.5401,23.0802,2,0.0,0.0,0.0,0.0,0.0,0.0,0.0,0.0,0.0,0.0,1.0,0.0,0.0,True,Qwen/Qwen2.5-Coder-32B-Instruct-AWQ,None
1166@y_name@ASC,Bar,Hard,11.5401,23.0802,2,0.0,0.0,0.0,0.0,0.0,0.0,0.0,0.0,0.0,0.0,1.0,0.0,0.0,True,Qwen/Qwen2.5-Coder-32B-Instruct-AWQ,None
1167@y_name@ASC,Bar,Medium,8.2119,8.2119,1,0.0,0.0,0.0,0.0,1.0,0.0,0.0,0.0,0.0,1.0,0.0,,0.0,False,Qwen/Qwen2.5-Coder-32B-Instruct-AWQ,None
1167@y_name@ASC,Bar,Medium,8.2119,8.2119,1,0.0,0.0,0.0,0.0,1.0,0.0,0.0,0.0,0.0,1.0,0.0,,0.0,False,Qwen/Qwen2.5-Coder-32B-Instruct-AWQ,None
1167@y_name@ASC,Bar,Medium,8.2119,8.2119,1,0.0,0.0,0.0,0.0,1.0,0.0,0.0,0.0,0.0,1.0,0.0,,0.0,False,Qwen/Qwen2.5-Coder-32B-Instruct-AWQ,None
1169@y_name@DESC,Bar,Medium,8.0673,16.1346,2,0.0,0.0,0.0,0.0,0.0,0.0,0.0,0.0,0.0,0.0,1.0,0.0,0.0,False,Qwen/Qwen2.5-Coder-32B-Instruct-AWQ,None
1169@y_name@DESC,Bar,Medium,8.0673,16.1346,2,0.0,0.0,0.0,0.0,0.0,0.0,0.0,0.0,0.0,0.0,1.0,0.0,0.0,False,Qwen/Qwen2.5-Coder-32B-Instruct-AWQ,None
1169@y_name@DESC,Bar,Medium,8.0673,16.1346,2,0.0,0.0,0.0,0.0,0.0,0.0,0.0,0.0,0.0,0.0,1.0,0.0,0.0,False,Qwen/Qwen2.5-Coder-32B-Instruct-AWQ,None
1181@y_name@DESC,Bar,Medium,7.3185,14.637,2,0.0,0.0,0.0,0.0,0.0,0.0,0.0,0.0,0.0,0.0,1.0,0.0,0.0,False,Qwen/Qwen2.5-Coder-32B-Instruct-AWQ,None
1181@y_name@DESC,Bar,Medium,7.3185,14.637,2,0.0,0.0,0.0,0.0,0.0,0.0,0.0,0.0,0.0,0.0,1.0,0.0,0.0,False,Qwen/Qwen2.5-Coder-32B-Instruct-AWQ,None
1181@y_name@DESC,Bar,Medium,7.3185,14.637,2,0.0,0.0,0.0,0.0,0.0,0.0,0.0,0.0,0.0,0.0,1.0,0.0,0.0,False,Qwen/Qwen2.5-Coder-32B-Instruct-AWQ,None
1184@y_name@ASC,Bar,Medium,44.8994,89.7988,2,0.5,0.0,0.0,0.0,0.0,0.0,0.0,0.0,0.5,0.0,0.5,0.0,0.0,False,Qwen/Qwen2.5-Coder-32B-Instruct-AWQ,None
1184@y_name@ASC,Bar,Medium,44.8994,89.7988,2,0.5,0.0,0.0,0.0,0.0,0.0,0.0,0.0,0.5,0.0,0.5,0.0,0.0,False,Qwen/Qwen2.5-Coder-32B-Instruct-AWQ,None
1184@y_name@ASC,Bar,Medium,44.8994,89.7988,2,0.5,0.0,0.0,0.0,0.0,0.0,0.0,0.0,0.5,0.0,0.5,0.0,0.0,False,Qwen/Qwen2.5-Coder-32B-Instruct-AWQ,None
1185@y_name@DESC,Bar,Medium,36.5556,73.1111,2,0.0,0.5,0.0,0.0,0.5,0.0,0.0,0.0,0.5,0.5,0.0,,0.0,False,Qwen/Qwen2.5-Coder-32B-Instruct-AWQ,None
1185@y_name@DESC,Bar,Medium,36.5556,73.1111,2,0.0,0.5,0.0,0.0,0.5,0.0,0.0,0.0,0.5,0.5,0.0,,0.0,False,Qwen/Qwen2.5-Coder-32B-Instruct-AWQ,None
1185@y_name@DESC,Bar,Medium,36.5556,73.1111,2,0.0,0.5,0.0,0.0,0.5,0.0,0.0,0.0,0.5,0.5,0.0,,0.0,False,Qwen/Qwen2.5-Coder-32B-Instruct-AWQ,None
1190@y_name@ASC,Bar,Hard,40.5187,81.0374,2,1.0,0.0,0.0,0.0,0.0,0.0,0.0,0.0,1.0,0.0,0.0,,0.0,True,Qwen/Qwen2.5-Coder-32B-Instruct-AWQ,None
1190@y_name@ASC,Bar,Hard,40.5187,81.0374,2,1.0,0.0,0.0,0.0,0.0,0.0,0.0,0.0,1.0,0.0,0.0,,0.0,True,Qwen/Qwen2.5-Coder-32B-Instruct-AWQ,None
1190@y_name@ASC,Bar,Hard,40.5187,81.0374,2,1.0,0.0,0.0,0.0,0.0,0.0,0.0,0.0,1.0,0.0,0.0,,0.0,True,Qwen/Qwen2.5-Coder-32B-Instruct-AWQ,None
1197@x_name@ASC,Bar,Hard,10.8272,21.6544,2,0.0,0.0,0.0,0.0,0.0,0.0,0.0,0.0,0.0,0.0,1.0,0.0,0.0,True,Qwen/Qwen2.5-Coder-32B-Instruct-AWQ,None
1197@x_name@ASC,Bar,Hard,10.8272,21.6544,2,0.0,0.0,0.0,0.0,0.0,0.0,0.0,0.0,0.0,0.0,1.0,0.0,0.0,True,Qwen/Qwen2.5-Coder-32B-Instruct-AWQ,None
1197@x_name@ASC,Bar,Hard,10.8272,21.6544,2,0.0,0.0,0.0,0.0,0.0,0.0,0.0,0.0,0.0,0.0,1.0,0.0,0.0,True,Qwen/Qwen2.5-Coder-32B-Instruct-AWQ,None
1200@y_name@ASC,Bar,Hard,11.4437,22.8873,2,0.0,0.0,0.0,0.0,0.5,0.0,0.0,0.0,0.0,0.5,0.5,0.0,0.0,True,Qwen/Qwen2.5-Coder-32B-Instruct-AWQ,None
1200@y_name@ASC,Bar,Hard,11.4437,22.8873,2,0.0,0.0,0.0,0.0,0.5,0.0,0.0,0.0,0.0,0.5,0.5,0.0,0.0,True,Qwen/Qwen2.5-Coder-32B-Instruct-AWQ,None
1200@y_name@ASC,Bar,Hard,11.4437,22.8873,2,0.0,0.0,0.0,0.0,0.5,0.0,0.0,0.0,0.0,0.5,0.5,0.0,0.0,True,Qwen/Qwen2.5-Coder-32B-Instruct-AWQ,None
2075@y_name@DESC,Bar,Extra Hard,15.6792,15.6792,1,0.0,0.0,0.0,0.0,0.0,0.0,0.0,0.0,0.0,0.0,1.0,0.0,0.0,True,Qwen/Qwen2.5-Coder-32B-Instruct-AWQ,None
2075@y_name@DESC,Bar,Extra Hard,15.6792,15.6792,1,0.0,0.0,0.0,0.0,0.0,0.0,0.0,0.0,0.0,0.0,1.0,0.0,0.0,True,Qwen/Qwen2.5-Coder-32B-Instruct-AWQ,None
2075@y_name@DESC,Bar,Extra Hard,15.6792,15.6792,1,0.0,0.0,0.0,0.0,0.0,0.0,0.0,0.0,0.0,0.0,1.0,0.0,0.0,True,Qwen/Qwen2.5-Coder-32B-Instruct-AWQ,None
2079@y_name@DESC,Bar,Medium,28.1148,28.1148,1,0.0,0.0,0.0,0.0,1.0,0.0,0.0,0.0,0.0,1.0,0.0,,0.0,False,Qwen/Qwen2.5-Coder-32B-Instruct-AWQ,None
2079@y_name@DESC,Bar,Medium,28.1148,28.1148,1,0.0,0.0,0.0,0.0,1.0,0.0,0.0,0.0,0.0,1.0,0.0,,0.0,False,Qwen/Qwen2.5-Coder-32B-Instruct-AWQ,None
2079@y_name@DESC,Bar,Medium,28.1148,28.1148,1,0.0,0.0,0.0,0.0,1.0,0.0,0.0,0.0,0.0,1.0,0.0,,0.0,False,Qwen/Qwen2.5-Coder-32B-Instruct-AWQ,None
2087@y_name@DESC,Bar,Medium,7.0076,7.0076,1,0.0,0.0,0.0,0.0,0.0,0.0,0.0,0.0,0.0,0.0,1.0,0.0,0.0,False,Qwen/Qwen2.5-Coder-32B-Instruct-AWQ,None
2087@y_name@DESC,Bar,Medium,7.0076,7.0076,1,0.0,0.0,0.0,0.0,0.0,0.0,0.0,0.0,0.0,0.0,1.0,0.0,0.0,False,Qwen/Qwen2.5-Coder-32B-Instruct-AWQ,None
2087@y_name@DESC,Bar,Medium,7.0076,7.0076,1,0.0,0.0,0.0,0.0,0.0,0.0,0.0,0.0,0.0,0.0,1.0,0.0,0.0,False,Qwen/Qwen2.5-Coder-32B-Instruct-AWQ,None
2088@x_name@ASC,Bar,Hard,10.7941,10.7941,1,0.0,0.0,0.0,0.0,0.0,0.0,0.0,0.0,0.0,0.0,1.0,0.0,0.0,True,Qwen/Qwen2.5-Coder-32B-Instruct-AWQ,None
2088@x_name@ASC,Bar,Hard,10.7941,10.7941,1,0.0,0.0,0.0,0.0,0.0,0.0,0.0,0.0,0.0,0.0,1.0,0.0,0.0,True,Qwen/Qwen2.5-Coder-32B-Instruct-AWQ,None
2088@x_name@ASC,Bar,Hard,10.7941,10.7941,1,0.0,0.0,0.0,0.0,0.0,0.0,0.0,0.0,0.0,0.0,1.0,0.0,0.0,True,Qwen/Qwen2.5-Coder-32B-Instruct-AWQ,None
2097@y_name@DESC,Bar,Hard,18.1402,18.1402,1,0.0,0.0,0.0,0.0,0.0,0.0,0.0,0.0,0.0,0.0,1.0,0.0,0.0,True,Qwen/Qwen2.5-Coder-32B-Instruct-AWQ,None
2097@y_name@DESC,Bar,Hard,18.1402,18.1402,1,0.0,0.0,0.0,0.0,0.0,0.0,0.0,0.0,0.0,0.0,1.0,0.0,0.0,True,Qwen/Qwen2.5-Coder-32B-Instruct-AWQ,None
2097@y_name@DESC,Bar,Hard,18.1402,18.1402,1,0.0,0.0,0.0,0.0,0.0,0.0,0.0,0.0,0.0,0.0,1.0,0.0,0.0,True,Qwen/Qwen2.5-Coder-32B-Instruct-AWQ,None
2102@y_name@DESC,Bar,Hard,8.2302,8.2302,1,0.0,0.0,0.0,0.0,0.0,0.0,0.0,0.0,0.0,0.0,1.0,0.0,0.0,True,Qwen/Qwen2.5-Coder-32B-Instruct-AWQ,None
2102@y_name@DESC,Bar,Hard,8.2302,8.2302,1,0.0,0.0,0.0,0.0,0.0,0.0,0.0,0.0,0.0,0.0,1.0,0.0,0.0,True,Qwen/Qwen2.5-Coder-32B-Instruct-AWQ,None
2102@y_name@DESC,Bar,Hard,8.2302,8.2302,1,0.0,0.0,0.0,0.0,0.0,0.0,0.0,0.0,0.0,0.0,1.0,0.0,0.0,True,Qwen/Qwen2.5-Coder-32B-Instruct-AWQ,None
2109@y_name@ASC,Bar,Medium,6.638,19.9141,3,0.0,0.0,0.0,0.0,0.0,1.0,0.0,0.0,0.0,1.0,0.0,,0.0,False,Qwen/Qwen2.5-Coder-32B-Instruct-AWQ,None
2109@y_name@ASC,Bar,Medium,6.638,19.9141,3,0.0,0.0,0.0,0.0,0.0,1.0,0.0,0.0,0.0,1.0,0.0,,0.0,False,Qwen/Qwen2.5-Coder-32B-Instruct-AWQ,None
2109@y_name@ASC,Bar,Medium,6.638,19.9141,3,0.0,0.0,0.0,0.0,0.0,1.0,0.0,0.0,0.0,1.0,0.0,,0.0,False,Qwen/Qwen2.5-Coder-32B-Instruct-AWQ,None
907@x_name@ASC,Bar,Medium,5.5902,11.1804,2,0.0,0.0,0.0,0.0,0.0,0.0,0.0,0.0,0.0,0.0,1.0,0.0,0.0,False,Qwen/Qwen2.5-Coder-32B-Instruct-AWQ,None
907@x_name@ASC,Bar,Medium,5.5902,11.1804,2,0.0,0.0,0.0,0.0,0.0,0.0,0.0,0.0,0.0,0.0,1.0,0.0,0.0,False,Qwen/Qwen2.5-Coder-32B-Instruct-AWQ,None
907@x_name@ASC,Bar,Medium,5.5902,11.1804,2,0.0,0.0,0.0,0.0,0.0,0.0,0.0,0.0,0.0,0.0,1.0,0.0,0.0,False,Qwen/Qwen2.5-Coder-32B-Instruct-AWQ,None
3288@x_name@DESC,Bar,Medium,7.6232,15.2464,2,0.0,0.0,0.0,0.0,0.0,1.0,0.0,0.0,0.0,1.0,0.0,,0.0,False,Qwen/Qwen2.5-Coder-32B-Instruct-AWQ,None
3288@x_name@DESC,Bar,Medium,7.6232,15.2464,2,0.0,0.0,0.0,0.0,0.0,1.0,0.0,0.0,0.0,1.0,0.0,,0.0,False,Qwen/Qwen2.5-Coder-32B-Instruct-AWQ,None
3288@x_name@DESC,Bar,Medium,7.6232,15.2464,2,0.0,0.0,0.0,0.0,0.0,1.0,0.0,0.0,0.0,1.0,0.0,,0.0,False,Qwen/Qwen2.5-Coder-32B-Instruct-AWQ,None
3290@y_name@ASC,Bar,Medium,6.8519,20.5558,3,0.0,0.0,0.0,0.0,0.0,1.0,0.0,0.0,0.0,1.0,0.0,,0.0,False,Qwen/Qwen2.5-Coder-32B-Instruct-AWQ,None
3290@y_name@ASC,Bar,Medium,6.8519,20.5558,3,0.0,0.0,0.0,0.0,0.0,1.0,0.0,0.0,0.0,1.0,0.0,,0.0,False,Qwen/Qwen2.5-Coder-32B-Instruct-AWQ,None
3290@y_name@ASC,Bar,Medium,6.8519,20.5558,3,0.0,0.0,0.0,0.0,0.0,1.0,0.0,0.0,0.0,1.0,0.0,,0.0,False,Qwen/Qwen2.5-Coder-32B-Instruct-AWQ,None
443@x_name@ASC,Bar,Medium,5.5851,11.1701,2,0.0,0.0,0.0,0.0,0.0,0.5,0.0,0.0,0.0,0.5,0.5,0.0,0.0,False,Qwen/Qwen2.5-Coder-32B-Instruct-AWQ,None
443@x_name@ASC,Bar,Medium,5.5851,11.1701,2,0.0,0.0,0.0,0.0,0.0,0.5,0.0,0.0,0.0,0.5,0.5,0.0,0.0,False,Qwen/Qwen2.5-Coder-32B-Instruct-AWQ,None
443@x_name@ASC,Bar,Medium,5.5851,11.1701,2,0.0,0.0,0.0,0.0,0.0,0.5,0.0,0.0,0.0,0.5,0.5,0.0,0.0,False,Qwen/Qwen2.5-Coder-32B-Instruct-AWQ,None
445@x_name@ASC,Bar,Medium,5.6494,5.6494,1,0.0,0.0,0.0,0.0,0.0,0.0,0.0,0.0,0.0,0.0,1.0,0.0,0.0,False,Qwen/Qwen2.5-Coder-32B-Instruct-AWQ,None
445@x_name@ASC,Bar,Medium,5.6494,5.6494,1,0.0,0.0,0.0,0.0,0.0,0.0,0.0,0.0,0.0,0.0,1.0,0.0,0.0,False,Qwen/Qwen2.5-Coder-32B-Instruct-AWQ,None
445@x_name@ASC,Bar,Medium,5.6494,5.6494,1,0.0,0.0,0.0,0.0,0.0,0.0,0.0,0.0,0.0,0.0,1.0,0.0,0.0,False,Qwen/Qwen2.5-Coder-32B-Instruct-AWQ,None
447@x_name@ASC,Bar,Medium,11.4693,45.8772,4,0.0,0.0,0.0,0.0,0.0,0.0,0.0,0.0,0.0,0.0,1.0,0.0,0.0,True,Qwen/Qwen2.5-Coder-32B-Instruct-AWQ,None
447@x_name@ASC,Bar,Medium,11.4693,45.8772,4,0.0,0.0,0.0,0.0,0.0,0.0,0.0,0.0,0.0,0.0,1.0,0.0,0.0,True,Qwen/Qwen2.5-Coder-32B-Instruct-AWQ,None
447@x_name@ASC,Bar,Medium,11.4693,45.8772,4,0.0,0.0,0.0,0.0,0.0,0.0,0.0,0.0,0.0,0.0,1.0,0.0,0.0,True,Qwen/Qwen2.5-Coder-32B-Instruct-AWQ,None
453@y_name@ASC,Bar,Hard,11.7175,11.7175,1,0.0,0.0,0.0,0.0,0.0,0.0,0.0,0.0,0.0,0.0,1.0,0.0,0.0,True,Qwen/Qwen2.5-Coder-32B-Instruct-AWQ,None
453@y_name@ASC,Bar,Hard,11.7175,11.7175,1,0.0,0.0,0.0,0.0,0.0,0.0,0.0,0.0,0.0,0.0,1.0,0.0,0.0,True,Qwen/Qwen2.5-Coder-32B-Instruct-AWQ,None
453@y_name@ASC,Bar,Hard,11.7175,11.7175,1,0.0,0.0,0.0,0.0,0.0,0.0,0.0,0.0,0.0,0.0,1.0,0.0,0.0,True,Qwen/Qwen2.5-Coder-32B-Instruct-AWQ,None
455@y_name@ASC,Bar,Hard,11.8511,11.8511,1,0.0,0.0,0.0,0.0,0.0,0.0,0.0,0.0,0.0,0.0,1.0,0.0,0.0,True,Qwen/Qwen2.5-Coder-32B-Instruct-AWQ,None
455@y_name@ASC,Bar,Hard,11.8511,11.8511,1,0.0,0.0,0.0,0.0,0.0,0.0,0.0,0.0,0.0,0.0,1.0,0.0,0.0,True,Qwen/Qwen2.5-Coder-32B-Instruct-AWQ,None
455@y_name@ASC,Bar,Hard,11.8511,11.8511,1,0.0,0.0,0.0,0.0,0.0,0.0,0.0,0.0,0.0,0.0,1.0,0.0,0.0,True,Qwen/Qwen2.5-Coder-32B-Instruct-AWQ,None
458@x_name@DESC,Bar,Hard,11.301,11.301,1,0.0,0.0,0.0,0.0,0.0,0.0,0.0,0.0,0.0,0.0,1.0,0.0,0.0,True,Qwen/Qwen2.5-Coder-32B-Instruct-AWQ,None
458@x_name@DESC,Bar,Hard,11.301,11.301,1,0.0,0.0,0.0,0.0,0.0,0.0,0.0,0.0,0.0,0.0,1.0,0.0,0.0,True,Qwen/Qwen2.5-Coder-32B-Instruct-AWQ,None
458@x_name@DESC,Bar,Hard,11.301,11.301,1,0.0,0.0,0.0,0.0,0.0,0.0,0.0,0.0,0.0,0.0,1.0,0.0,0.0,True,Qwen/Qwen2.5-Coder-32B-Instruct-AWQ,None
459@x_name@DESC,Bar,Hard,7.2715,7.2715,1,0.0,0.0,0.0,0.0,0.0,0.0,0.0,0.0,0.0,0.0,1.0,0.0,0.0,True,Qwen/Qwen2.5-Coder-32B-Instruct-AWQ,None
459@x_name@DESC,Bar,Hard,7.2715,7.2715,1,0.0,0.0,0.0,0.0,0.0,0.0,0.0,0.0,0.0,0.0,1.0,0.0,0.0,True,Qwen/Qwen2.5-Coder-32B-Instruct-AWQ,None
459@x_name@DESC,Bar,Hard,7.2715,7.2715,1,0.0,0.0,0.0,0.0,0.0,0.0,0.0,0.0,0.0,0.0,1.0,0.0,0.0,True,Qwen/Qwen2.5-Coder-32B-Instruct-AWQ,None
465@y_name@ASC,Bar,Medium,6.1154,12.2309,2,0.0,0.0,0.0,0.0,0.0,1.0,0.0,0.0,0.0,1.0,0.0,,0.0,False,Qwen/Qwen2.5-Coder-32B-Instruct-AWQ,None
465@y_name@ASC,Bar,Medium,6.1154,12.2309,2,0.0,0.0,0.0,0.0,0.0,1.0,0.0,0.0,0.0,1.0,0.0,,0.0,False,Qwen/Qwen2.5-Coder-32B-Instruct-AWQ,None
465@y_name@ASC,Bar,Medium,6.1154,12.2309,2,0.0,0.0,0.0,0.0,0.0,1.0,0.0,0.0,0.0,1.0,0.0,,0.0,False,Qwen/Qwen2.5-Coder-32B-Instruct-AWQ,None
468@y_name@DESC,Bar,Medium,7.9758,15.9515,2,0.0,0.0,0.0,0.0,0.0,1.0,0.0,0.0,0.0,1.0,0.0,,0.0,False,Qwen/Qwen2.5-Coder-32B-Instruct-AWQ,None
468@y_name@DESC,Bar,Medium,7.9758,15.9515,2,0.0,0.0,0.0,0.0,0.0,1.0,0.0,0.0,0.0,1.0,0.0,,0.0,False,Qwen/Qwen2.5-Coder-32B-Instruct-AWQ,None
468@y_name@DESC,Bar,Medium,7.9758,15.9515,2,0.0,0.0,0.0,0.0,0.0,1.0,0.0,0.0,0.0,1.0,0.0,,0.0,False,Qwen/Qwen2.5-Coder-32B-Instruct-AWQ,None
469@y_name@DESC,Bar,Medium,7.1864,7.1864,1,0.0,0.0,0.0,0.0,0.0,1.0,0.0,0.0,0.0,1.0,0.0,,0.0,False,Qwen/Qwen2.5-Coder-32B-Instruct-AWQ,None
469@y_name@DESC,Bar,Medium,7.1864,7.1864,1,0.0,0.0,0.0,0.0,0.0,1.0,0.0,0.0,0.0,1.0,0.0,,0.0,False,Qwen/Qwen2.5-Coder-32B-Instruct-AWQ,None
469@y_name@DESC,Bar,Medium,7.1864,7.1864,1,0.0,0.0,0.0,0.0,0.0,1.0,0.0,0.0,0.0,1.0,0.0,,0.0,False,Qwen/Qwen2.5-Coder-32B-Instruct-AWQ,None
474@x_name@DESC,Bar,Easy,6.4229,6.4229,1,0.0,0.0,0.0,0.0,0.0,0.0,0.0,0.0,0.0,0.0,1.0,0.0,0.0,False,Qwen/Qwen2.5-Coder-32B-Instruct-AWQ,None
474@x_name@DESC,Bar,Easy,6.4229,6.4229,1,0.0,0.0,0.0,0.0,0.0,0.0,0.0,0.0,0.0,0.0,1.0,0.0,0.0,False,Qwen/Qwen2.5-Coder-32B-Instruct-AWQ,None
474@x_name@DESC,Bar,Easy,6.4229,6.4229,1,0.0,0.0,0.0,0.0,0.0,0.0,0.0,0.0,0.0,0.0,1.0,0.0,0.0,False,Qwen/Qwen2.5-Coder-32B-Instruct-AWQ,None
1437@x_name@DESC,Bar,Extra Hard,15.5674,15.5674,1,0.0,0.0,0.0,0.0,0.0,1.0,0.0,0.0,0.0,1.0,0.0,,0.0,True,Qwen/Qwen2.5-Coder-32B-Instruct-AWQ,None
1437@x_name@DESC,Bar,Extra Hard,15.5674,15.5674,1,0.0,0.0,0.0,0.0,0.0,1.0,0.0,0.0,0.0,1.0,0.0,,0.0,True,Qwen/Qwen2.5-Coder-32B-Instruct-AWQ,None
1437@x_name@DESC,Bar,Extra Hard,15.5674,15.5674,1,0.0,0.0,0.0,0.0,0.0,1.0,0.0,0.0,0.0,1.0,0.0,,0.0,True,Qwen/Qwen2.5-Coder-32B-Instruct-AWQ,None
1448@x_name@ASC,Line,Extra Hard,25.1368,100.5471,4,0.25,0.0,0.0,0.0,0.25,0.0,0.0,0.0,0.25,0.25,0.5,0.0,0.0,True,Qwen/Qwen2.5-Coder-32B-Instruct-AWQ,None
1448@x_name@ASC,Line,Extra Hard,25.1368,100.5471,4,0.25,0.0,0.0,0.0,0.25,0.0,0.0,0.0,0.25,0.25,0.5,0.0,0.0,True,Qwen/Qwen2.5-Coder-32B-Instruct-AWQ,None
1448@x_name@ASC,Line,Extra Hard,25.1368,100.5471,4,0.25,0.0,0.0,0.0,0.25,0.0,0.0,0.0,0.25,0.25,0.5,0.0,0.0,True,Qwen/Qwen2.5-Coder-32B-Instruct-AWQ,None
3220@x_name@ASC,Bar,Medium,6.6123,13.2246,2,0.0,0.0,0.0,0.0,0.0,0.0,0.0,0.0,0.0,0.0,1.0,0.0,0.0,False,Qwen/Qwen2.5-Coder-32B-Instruct-AWQ,None
3220@x_name@ASC,Bar,Medium,6.6123,13.2246,2,0.0,0.0,0.0,0.0,0.0,0.0,0.0,0.0,0.0,0.0,1.0,0.0,0.0,False,Qwen/Qwen2.5-Coder-32B-Instruct-AWQ,None
3220@x_name@ASC,Bar,Medium,6.6123,13.2246,2,0.0,0.0,0.0,0.0,0.0,0.0,0.0,0.0,0.0,0.0,1.0,0.0,0.0,False,Qwen/Qwen2.5-Coder-32B-Instruct-AWQ,None
3224@x_name@DESC,Bar,Medium,5.8809,11.7617,2,0.0,0.0,0.0,0.0,1.0,0.0,0.0,0.0,0.0,1.0,0.0,,0.0,False,Qwen/Qwen2.5-Coder-32B-Instruct-AWQ,None
3224@x_name@DESC,Bar,Medium,5.8809,11.7617,2,0.0,0.0,0.0,0.0,1.0,0.0,0.0,0.0,0.0,1.0,0.0,,0.0,False,Qwen/Qwen2.5-Coder-32B-Instruct-AWQ,None
3224@x_name@DESC,Bar,Medium,5.8809,11.7617,2,0.0,0.0,0.0,0.0,1.0,0.0,0.0,0.0,0.0,1.0,0.0,,0.0,False,Qwen/Qwen2.5-Coder-32B-Instruct-AWQ,None
3226@y_name@DESC,Bar,Extra Hard,16.3059,48.9176,3,0.0,0.0,0.0,0.0,0.3333333333333333,0.0,0.0,0.0,0.0,0.3333333333333333,0.6666666666666666,0.0,0.0,True,Qwen/Qwen2.5-Coder-32B-Instruct-AWQ,None
3226@y_name@DESC,Bar,Extra Hard,16.3059,48.9176,3,0.0,0.0,0.0,0.0,0.3333333333333333,0.0,0.0,0.0,0.0,0.3333333333333333,0.6666666666666666,0.0,0.0,True,Qwen/Qwen2.5-Coder-32B-Instruct-AWQ,None
3226@y_name@DESC,Bar,Extra Hard,16.3059,48.9176,3,0.0,0.0,0.0,0.0,0.3333333333333333,0.0,0.0,0.0,0.0,0.3333333333333333,0.6666666666666666,0.0,0.0,True,Qwen/Qwen2.5-Coder-32B-Instruct-AWQ,None
3236@x_name@ASC,Bar,Hard,7.6693,7.6693,1,0.0,0.0,0.0,0.0,0.0,0.0,0.0,0.0,0.0,0.0,1.0,0.0,0.0,False,Qwen/Qwen2.5-Coder-32B-Instruct-AWQ,None
3236@x_name@ASC,Bar,Hard,7.6693,7.6693,1,0.0,0.0,0.0,0.0,0.0,0.0,0.0,0.0,0.0,0.0,1.0,0.0,0.0,False,Qwen/Qwen2.5-Coder-32B-Instruct-AWQ,None
3236@x_name@ASC,Bar,Hard,7.6693,7.6693,1,0.0,0.0,0.0,0.0,0.0,0.0,0.0,0.0,0.0,0.0,1.0,0.0,0.0,False,Qwen/Qwen2.5-Coder-32B-Instruct-AWQ,None
3238@y_name@ASC,Bar,Medium,7.8465,39.2326,5,0.0,0.0,0.0,0.0,0.0,0.0,0.0,0.0,0.0,0.0,1.0,0.0,0.0,False,Qwen/Qwen2.5-Coder-32B-Instruct-AWQ,None
3238@y_name@ASC,Bar,Medium,7.8465,39.2326,5,0.0,0.0,0.0,0.0,0.0,0.0,0.0,0.0,0.0,0.0,1.0,0.0,0.0,False,Qwen/Qwen2.5-Coder-32B-Instruct-AWQ,None
3238@y_name@ASC,Bar,Medium,7.8465,39.2326,5,0.0,0.0,0.0,0.0,0.0,0.0,0.0,0.0,0.0,0.0,1.0,0.0,0.0,False,Qwen/Qwen2.5-Coder-32B-Instruct-AWQ,None
3247@x_name@ASC,Line,Easy,6.3512,12.7025,2,0.0,0.0,0.0,0.0,0.0,0.0,0.0,0.0,0.0,0.0,1.0,0.0,0.0,False,Qwen/Qwen2.5-Coder-32B-Instruct-AWQ,None
3247@x_name@ASC,Line,Easy,6.3512,12.7025,2,0.0,0.0,0.0,0.0,0.0,0.0,0.0,0.0,0.0,0.0,1.0,0.0,0.0,False,Qwen/Qwen2.5-Coder-32B-Instruct-AWQ,None
3247@x_name@ASC,Line,Easy,6.3512,12.7025,2,0.0,0.0,0.0,0.0,0.0,0.0,0.0,0.0,0.0,0.0,1.0,0.0,0.0,False,Qwen/Qwen2.5-Coder-32B-Instruct-AWQ,None
3256@x_name@ASC,Line,Easy,6.5169,6.5169,1,0.0,0.0,0.0,0.0,0.0,0.0,0.0,0.0,0.0,0.0,1.0,0.0,0.0,False,Qwen/Qwen2.5-Coder-32B-Instruct-AWQ,None
3256@x_name@ASC,Line,Easy,6.5169,6.5169,1,0.0,0.0,0.0,0.0,0.0,0.0,0.0,0.0,0.0,0.0,1.0,0.0,0.0,False,Qwen/Qwen2.5-Coder-32B-Instruct-AWQ,None
3256@x_name@ASC,Line,Easy,6.5169,6.5169,1,0.0,0.0,0.0,0.0,0.0,0.0,0.0,0.0,0.0,0.0,1.0,0.0,0.0,False,Qwen/Qwen2.5-Coder-32B-Instruct-AWQ,None
1498@y_name@DESC,Bar,Medium,5.8312,17.4937,3,0.0,0.0,0.0,0.0,0.0,0.0,0.0,0.0,0.0,0.0,1.0,0.0,0.0,False,Qwen/Qwen2.5-Coder-32B-Instruct-AWQ,None
1498@y_name@DESC,Bar,Medium,5.8312,17.4937,3,0.0,0.0,0.0,0.0,0.0,0.0,0.0,0.0,0.0,0.0,1.0,0.0,0.0,False,Qwen/Qwen2.5-Coder-32B-Instruct-AWQ,None
1498@y_name@DESC,Bar,Medium,5.8312,17.4937,3,0.0,0.0,0.0,0.0,0.0,0.0,0.0,0.0,0.0,0.0,1.0,0.0,0.0,False,Qwen/Qwen2.5-Coder-32B-Instruct-AWQ,None
1508@x_name@ASC,Bar,Medium,7.2879,21.8636,3,0.0,0.0,0.0,0.0,0.0,0.0,0.0,0.0,0.0,0.0,1.0,0.0,0.0,False,Qwen/Qwen2.5-Coder-32B-Instruct-AWQ,None
1508@x_name@ASC,Bar,Medium,7.2879,21.8636,3,0.0,0.0,0.0,0.0,0.0,0.0,0.0,0.0,0.0,0.0,1.0,0.0,0.0,False,Qwen/Qwen2.5-Coder-32B-Instruct-AWQ,None
1508@x_name@ASC,Bar,Medium,7.2879,21.8636,3,0.0,0.0,0.0,0.0,0.0,0.0,0.0,0.0,0.0,0.0,1.0,0.0,0.0,False,Qwen/Qwen2.5-Coder-32B-Instruct-AWQ,None
1510@y_name@ASC,Bar,Hard,15.1426,30.2851,2,0.0,0.0,0.0,1.0,1.0,0.0,0.0,0.0,0.0,1.0,0.0,,0.0,False,Qwen/Qwen2.5-Coder-32B-Instruct-AWQ,None
1510@y_name@ASC,Bar,Hard,15.1426,30.2851,2,0.0,0.0,0.0,1.0,1.0,0.0,0.0,0.0,0.0,1.0,0.0,,0.0,False,Qwen/Qwen2.5-Coder-32B-Instruct-AWQ,None
1510@y_name@ASC,Bar,Hard,15.1426,30.2851,2,0.0,0.0,0.0,1.0,1.0,0.0,0.0,0.0,0.0,1.0,0.0,,0.0,False,Qwen/Qwen2.5-Coder-32B-Instruct-AWQ,None
1511@x_name@ASC,Bar,Medium,7.6398,15.2797,2,0.0,0.0,0.0,0.0,0.0,0.0,0.0,0.0,0.0,0.0,1.0,0.0,0.0,False,Qwen/Qwen2.5-Coder-32B-Instruct-AWQ,None
1511@x_name@ASC,Bar,Medium,7.6398,15.2797,2,0.0,0.0,0.0,0.0,0.0,0.0,0.0,0.0,0.0,0.0,1.0,0.0,0.0,False,Qwen/Qwen2.5-Coder-32B-Instruct-AWQ,None
1511@x_name@ASC,Bar,Medium,7.6398,15.2797,2,0.0,0.0,0.0,0.0,0.0,0.0,0.0,0.0,0.0,0.0,1.0,0.0,0.0,False,Qwen/Qwen2.5-Coder-32B-Instruct-AWQ,None
1516@x_name@DESC,Bar,Hard,11.4165,22.8329,2,0.0,0.0,0.0,0.0,0.0,0.5,0.0,0.0,0.0,0.5,0.5,0.0,0.0,True,Qwen/Qwen2.5-Coder-32B-Instruct-AWQ,None
1516@x_name@DESC,Bar,Hard,11.4165,22.8329,2,0.0,0.0,0.0,0.0,0.0,0.5,0.0,0.0,0.0,0.5,0.5,0.0,0.0,True,Qwen/Qwen2.5-Coder-32B-Instruct-AWQ,None
1516@x_name@DESC,Bar,Hard,11.4165,22.8329,2,0.0,0.0,0.0,0.0,0.0,0.5,0.0,0.0,0.0,0.5,0.5,0.0,0.0,True,Qwen/Qwen2.5-Coder-32B-Instruct-AWQ,None
1518@x_name@ASC,Bar,Medium,5.572,11.144,2,0.0,0.0,0.0,0.0,0.0,0.0,0.0,0.0,0.0,0.0,1.0,0.0,0.0,False,Qwen/Qwen2.5-Coder-32B-Instruct-AWQ,None
1518@x_name@ASC,Bar,Medium,5.572,11.144,2,0.0,0.0,0.0,0.0,0.0,0.0,0.0,0.0,0.0,0.0,1.0,0.0,0.0,False,Qwen/Qwen2.5-Coder-32B-Instruct-AWQ,None
1518@x_name@ASC,Bar,Medium,5.572,11.144,2,0.0,0.0,0.0,0.0,0.0,0.0,0.0,0.0,0.0,0.0,1.0,0.0,0.0,False,Qwen/Qwen2.5-Coder-32B-Instruct-AWQ,None
2459@y_name@DESC,Bar,Medium,5.9947,35.9682,6,0.0,0.0,0.0,0.0,0.0,0.3333333333333333,0.0,0.0,0.0,0.3333333333333333,0.6666666666666666,0.0,0.0,False,Qwen/Qwen2.5-Coder-32B-Instruct-AWQ,None
2459@y_name@DESC,Bar,Medium,5.9947,35.9682,6,0.0,0.0,0.0,0.0,0.0,0.3333333333333333,0.0,0.0,0.0,0.3333333333333333,0.6666666666666666,0.0,0.0,False,Qwen/Qwen2.5-Coder-32B-Instruct-AWQ,None
2459@y_name@DESC,Bar,Medium,5.9947,35.9682,6,0.0,0.0,0.0,0.0,0.0,0.3333333333333333,0.0,0.0,0.0,0.3333333333333333,0.6666666666666666,0.0,0.0,False,Qwen/Qwen2.5-Coder-32B-Instruct-AWQ,None
2461@y_name@DESC,Bar,Hard,6.7609,33.8044,5,0.0,0.0,0.0,0.0,0.0,0.0,0.0,0.0,0.0,0.0,1.0,0.0,0.0,False,Qwen/Qwen2.5-Coder-32B-Instruct-AWQ,None
2461@y_name@DESC,Bar,Hard,6.7609,33.8044,5,0.0,0.0,0.0,0.0,0.0,0.0,0.0,0.0,0.0,0.0,1.0,0.0,0.0,False,Qwen/Qwen2.5-Coder-32B-Instruct-AWQ,None
2461@y_name@DESC,Bar,Hard,6.7609,33.8044,5,0.0,0.0,0.0,0.0,0.0,0.0,0.0,0.0,0.0,0.0,1.0,0.0,0.0,False,Qwen/Qwen2.5-Coder-32B-Instruct-AWQ,None
2465@x_name@DESC,Bar,Hard,6.8338,13.6675,2,0.0,0.0,0.0,0.0,0.0,0.5,0.0,0.0,0.0,0.5,0.5,0.0,0.0,False,Qwen/Qwen2.5-Coder-32B-Instruct-AWQ,None
2465@x_name@DESC,Bar,Hard,6.8338,13.6675,2,0.0,0.0,0.0,0.0,0.0,0.5,0.0,0.0,0.0,0.5,0.5,0.0,0.0,False,Qwen/Qwen2.5-Coder-32B-Instruct-AWQ,None
2465@x_name@DESC,Bar,Hard,6.8338,13.6675,2,0.0,0.0,0.0,0.0,0.0,0.5,0.0,0.0,0.0,0.5,0.5,0.0,0.0,False,Qwen/Qwen2.5-Coder-32B-Instruct-AWQ,None
2317@x_name@ASC,Bar,Medium,9.4729,9.4729,1,0.0,0.0,0.0,0.0,1.0,0.0,0.0,0.0,0.0,1.0,0.0,,0.0,False,Qwen/Qwen2.5-Coder-32B-Instruct-AWQ,None
2317@x_name@ASC,Bar,Medium,9.4729,9.4729,1,0.0,0.0,0.0,0.0,1.0,0.0,0.0,0.0,0.0,1.0,0.0,,0.0,False,Qwen/Qwen2.5-Coder-32B-Instruct-AWQ,None
2317@x_name@ASC,Bar,Medium,9.4729,9.4729,1,0.0,0.0,0.0,0.0,1.0,0.0,0.0,0.0,0.0,1.0,0.0,,0.0,False,Qwen/Qwen2.5-Coder-32B-Instruct-AWQ,None
2321@y_name@ASC,Bar,Medium,5.2637,31.5821,6,0.0,0.0,0.0,0.0,0.0,0.0,0.0,0.0,0.0,0.0,1.0,0.0,0.0,False,Qwen/Qwen2.5-Coder-32B-Instruct-AWQ,None
2321@y_name@ASC,Bar,Medium,5.2637,31.5821,6,0.0,0.0,0.0,0.0,0.0,0.0,0.0,0.0,0.0,0.0,1.0,0.0,0.0,False,Qwen/Qwen2.5-Coder-32B-Instruct-AWQ,None
2321@y_name@ASC,Bar,Medium,5.2637,31.5821,6,0.0,0.0,0.0,0.0,0.0,0.0,0.0,0.0,0.0,0.0,1.0,0.0,0.0,False,Qwen/Qwen2.5-Coder-32B-Instruct-AWQ,None
2565@y_name@ASC,Bar,Extra Hard,14.3182,14.3182,1,0.0,0.0,0.0,0.0,0.0,0.0,0.0,0.0,0.0,0.0,1.0,0.0,0.0,True,Qwen/Qwen2.5-Coder-32B-Instruct-AWQ,None
2565@y_name@ASC,Bar,Extra Hard,14.3182,14.3182,1,0.0,0.0,0.0,0.0,0.0,0.0,0.0,0.0,0.0,0.0,1.0,0.0,0.0,True,Qwen/Qwen2.5-Coder-32B-Instruct-AWQ,None
2565@y_name@ASC,Bar,Extra Hard,14.3182,14.3182,1,0.0,0.0,0.0,0.0,0.0,0.0,0.0,0.0,0.0,0.0,1.0,0.0,0.0,True,Qwen/Qwen2.5-Coder-32B-Instruct-AWQ,None
2566@y_name@DESC,Bar,Extra Hard,14.561,14.561,1,0.0,0.0,0.0,0.0,0.0,0.0,0.0,0.0,0.0,0.0,1.0,0.0,0.0,True,Qwen/Qwen2.5-Coder-32B-Instruct-AWQ,None
2566@y_name@DESC,Bar,Extra Hard,14.561,14.561,1,0.0,0.0,0.0,0.0,0.0,0.0,0.0,0.0,0.0,0.0,1.0,0.0,0.0,True,Qwen/Qwen2.5-Coder-32B-Instruct-AWQ,None
2566@y_name@DESC,Bar,Extra Hard,14.561,14.561,1,0.0,0.0,0.0,0.0,0.0,0.0,0.0,0.0,0.0,0.0,1.0,0.0,0.0,True,Qwen/Qwen2.5-Coder-32B-Instruct-AWQ,None
2551@y_name@ASC,Bar,Medium,7.6964,23.0893,3,0.0,0.0,0.0,0.0,0.0,0.0,0.0,0.0,0.0,0.0,1.0,0.0,0.0,False,Qwen/Qwen2.5-Coder-32B-Instruct-AWQ,None
2551@y_name@ASC,Bar,Medium,7.6964,23.0893,3,0.0,0.0,0.0,0.0,0.0,0.0,0.0,0.0,0.0,0.0,1.0,0.0,0.0,False,Qwen/Qwen2.5-Coder-32B-Instruct-AWQ,None
2551@y_name@ASC,Bar,Medium,7.6964,23.0893,3,0.0,0.0,0.0,0.0,0.0,0.0,0.0,0.0,0.0,0.0,1.0,0.0,0.0,False,Qwen/Qwen2.5-Coder-32B-Instruct-AWQ,None
2558@x_name@ASC,Bar,Easy,5.7232,11.4463,2,0.0,0.0,0.0,0.0,0.0,0.0,0.0,0.0,0.0,0.0,1.0,0.0,0.0,False,Qwen/Qwen2.5-Coder-32B-Instruct-AWQ,None
2558@x_name@ASC,Bar,Easy,5.7232,11.4463,2,0.0,0.0,0.0,0.0,0.0,0.0,0.0,0.0,0.0,0.0,1.0,0.0,0.0,False,Qwen/Qwen2.5-Coder-32B-Instruct-AWQ,None
2558@x_name@ASC,Bar,Easy,5.7232,11.4463,2,0.0,0.0,0.0,0.0,0.0,0.0,0.0,0.0,0.0,0.0,1.0,0.0,0.0,False,Qwen/Qwen2.5-Coder-32B-Instruct-AWQ,None
2560@y_name@DESC,Bar,Medium,5.9113,17.734,3,0.0,0.0,0.0,0.0,0.0,0.0,0.0,0.0,0.0,0.0,1.0,0.0,0.0,False,Qwen/Qwen2.5-Coder-32B-Instruct-AWQ,None
2560@y_name@DESC,Bar,Medium,5.9113,17.734,3,0.0,0.0,0.0,0.0,0.0,0.0,0.0,0.0,0.0,0.0,1.0,0.0,0.0,False,Qwen/Qwen2.5-Coder-32B-Instruct-AWQ,None
2560@y_name@DESC,Bar,Medium,5.9113,17.734,3,0.0,0.0,0.0,0.0,0.0,0.0,0.0,0.0,0.0,0.0,1.0,0.0,0.0,False,Qwen/Qwen2.5-Coder-32B-Instruct-AWQ,None
2959@y_name@ASC,Bar,Hard,9.7682,39.0727,4,0.0,0.0,0.0,0.0,0.0,0.0,0.0,0.0,0.0,0.0,1.0,0.0,0.0,True,Qwen/Qwen2.5-Coder-32B-Instruct-AWQ,None
2959@y_name@ASC,Bar,Hard,9.7682,39.0727,4,0.0,0.0,0.0,0.0,0.0,0.0,0.0,0.0,0.0,0.0,1.0,0.0,0.0,True,Qwen/Qwen2.5-Coder-32B-Instruct-AWQ,None
2959@y_name@ASC,Bar,Hard,9.7682,39.0727,4,0.0,0.0,0.0,0.0,0.0,0.0,0.0,0.0,0.0,0.0,1.0,0.0,0.0,True,Qwen/Qwen2.5-Coder-32B-Instruct-AWQ,None
2509@x_name@ASC,Bar,Hard,11.1441,11.1441,1,0.0,0.0,0.0,0.0,0.0,1.0,0.0,0.0,0.0,1.0,0.0,,0.0,True,Qwen/Qwen2.5-Coder-32B-Instruct-AWQ,None
2509@x_name@ASC,Bar,Hard,11.1441,11.1441,1,0.0,0.0,0.0,0.0,0.0,1.0,0.0,0.0,0.0,1.0,0.0,,0.0,True,Qwen/Qwen2.5-Coder-32B-Instruct-AWQ,None
2509@x_name@ASC,Bar,Hard,11.1441,11.1441,1,0.0,0.0,0.0,0.0,0.0,1.0,0.0,0.0,0.0,1.0,0.0,,0.0,True,Qwen/Qwen2.5-Coder-32B-Instruct-AWQ,None
2513@x_name@ASC,Bar,Hard,11.0756,11.0756,1,0.0,0.0,0.0,0.0,0.0,0.0,0.0,0.0,0.0,0.0,1.0,0.0,0.0,True,Qwen/Qwen2.5-Coder-32B-Instruct-AWQ,None
2513@x_name@ASC,Bar,Hard,11.0756,11.0756,1,0.0,0.0,0.0,0.0,0.0,0.0,0.0,0.0,0.0,0.0,1.0,0.0,0.0,True,Qwen/Qwen2.5-Coder-32B-Instruct-AWQ,None
2513@x_name@ASC,Bar,Hard,11.0756,11.0756,1,0.0,0.0,0.0,0.0,0.0,0.0,0.0,0.0,0.0,0.0,1.0,0.0,0.0,True,Qwen/Qwen2.5-Coder-32B-Instruct-AWQ,None
2517@y_name@ASC,Bar,Hard,8.0422,16.0844,2,0.0,0.0,0.0,0.0,0.0,0.0,0.0,0.0,0.0,0.0,1.0,0.0,0.0,False,Qwen/Qwen2.5-Coder-32B-Instruct-AWQ,None
2517@y_name@ASC,Bar,Hard,8.0422,16.0844,2,0.0,0.0,0.0,0.0,0.0,0.0,0.0,0.0,0.0,0.0,1.0,0.0,0.0,False,Qwen/Qwen2.5-Coder-32B-Instruct-AWQ,None
2517@y_name@ASC,Bar,Hard,8.0422,16.0844,2,0.0,0.0,0.0,0.0,0.0,0.0,0.0,0.0,0.0,0.0,1.0,0.0,0.0,False,Qwen/Qwen2.5-Coder-32B-Instruct-AWQ,None
1551@y_name@ASC,Bar,Extra Hard,24.807,124.0348,5,0.2,0.2,0.0,0.0,0.6,0.0,0.0,0.0,0.4,0.6,0.0,,0.0,False,Qwen/Qwen2.5-Coder-32B-Instruct-AWQ,None
1551@y_name@ASC,Bar,Extra Hard,24.807,124.0348,5,0.2,0.2,0.0,0.0,0.6,0.0,0.0,0.0,0.4,0.6,0.0,,0.0,False,Qwen/Qwen2.5-Coder-32B-Instruct-AWQ,None
1551@y_name@ASC,Bar,Extra Hard,24.807,124.0348,5,0.2,0.2,0.0,0.0,0.6,0.0,0.0,0.0,0.4,0.6,0.0,,0.0,False,Qwen/Qwen2.5-Coder-32B-Instruct-AWQ,None
1622@y_name@ASC,Bar,Hard,52.4754,52.4754,1,1.0,0.0,0.0,0.0,0.0,0.0,0.0,0.0,1.0,0.0,0.0,,0.0,False,Qwen/Qwen2.5-Coder-32B-Instruct-AWQ,None
1622@y_name@ASC,Bar,Hard,52.4754,52.4754,1,1.0,0.0,0.0,0.0,0.0,0.0,0.0,0.0,1.0,0.0,0.0,,0.0,False,Qwen/Qwen2.5-Coder-32B-Instruct-AWQ,None
1622@y_name@ASC,Bar,Hard,52.4754,52.4754,1,1.0,0.0,0.0,0.0,0.0,0.0,0.0,0.0,1.0,0.0,0.0,,0.0,False,Qwen/Qwen2.5-Coder-32B-Instruct-AWQ,None
1626@y_name@ASC,Bar,Hard,11.9342,35.8026,3,0.0,0.0,0.0,0.0,0.0,0.0,0.0,0.0,0.0,0.0,1.0,0.0,0.0,True,Qwen/Qwen2.5-Coder-32B-Instruct-AWQ,None
1626@y_name@ASC,Bar,Hard,11.9342,35.8026,3,0.0,0.0,0.0,0.0,0.0,0.0,0.0,0.0,0.0,0.0,1.0,0.0,0.0,True,Qwen/Qwen2.5-Coder-32B-Instruct-AWQ,None
1626@y_name@ASC,Bar,Hard,11.9342,35.8026,3,0.0,0.0,0.0,0.0,0.0,0.0,0.0,0.0,0.0,0.0,1.0,0.0,0.0,True,Qwen/Qwen2.5-Coder-32B-Instruct-AWQ,None
1627@x_name@DESC,Bar,Hard,9.7757,9.7757,1,0.0,0.0,0.0,0.0,0.0,1.0,0.0,0.0,0.0,1.0,0.0,,0.0,False,Qwen/Qwen2.5-Coder-32B-Instruct-AWQ,None
1627@x_name@DESC,Bar,Hard,9.7757,9.7757,1,0.0,0.0,0.0,0.0,0.0,1.0,0.0,0.0,0.0,1.0,0.0,,0.0,False,Qwen/Qwen2.5-Coder-32B-Instruct-AWQ,None
1627@x_name@DESC,Bar,Hard,9.7757,9.7757,1,0.0,0.0,0.0,0.0,0.0,1.0,0.0,0.0,0.0,1.0,0.0,,0.0,False,Qwen/Qwen2.5-Coder-32B-Instruct-AWQ,None
1632@y_name@ASC,Bar,Hard,12.0709,36.2128,3,0.0,0.0,0.0,0.0,0.0,0.0,0.0,0.0,0.0,0.0,1.0,0.0,0.0,True,Qwen/Qwen2.5-Coder-32B-Instruct-AWQ,None
1632@y_name@ASC,Bar,Hard,12.0709,36.2128,3,0.0,0.0,0.0,0.0,0.0,0.0,0.0,0.0,0.0,0.0,1.0,0.0,0.0,True,Qwen/Qwen2.5-Coder-32B-Instruct-AWQ,None
1632@y_name@ASC,Bar,Hard,12.0709,36.2128,3,0.0,0.0,0.0,0.0,0.0,0.0,0.0,0.0,0.0,0.0,1.0,0.0,0.0,True,Qwen/Qwen2.5-Coder-32B-Instruct-AWQ,None
1671@y_name@ASC,Bar,Medium,14.243,42.7291,3,0.0,0.0,0.0,0.0,0.3333333333333333,0.0,0.0,0.0,0.0,0.3333333333333333,0.6666666666666666,0.0,0.0,False,Qwen/Qwen2.5-Coder-32B-Instruct-AWQ,None
1671@y_name@ASC,Bar,Medium,14.243,42.7291,3,0.0,0.0,0.0,0.0,0.3333333333333333,0.0,0.0,0.0,0.0,0.3333333333333333,0.6666666666666666,0.0,0.0,False,Qwen/Qwen2.5-Coder-32B-Instruct-AWQ,None
1671@y_name@ASC,Bar,Medium,14.243,42.7291,3,0.0,0.0,0.0,0.0,0.3333333333333333,0.0,0.0,0.0,0.0,0.3333333333333333,0.6666666666666666,0.0,0.0,False,Qwen/Qwen2.5-Coder-32B-Instruct-AWQ,None
1696@x_name@DESC,Line,Medium,13.885,55.5398,4,0.0,0.0,0.0,0.0,1.0,0.0,0.0,0.0,0.0,1.0,0.0,,0.0,False,Qwen/Qwen2.5-Coder-32B-Instruct-AWQ,None
1696@x_name@DESC,Line,Medium,13.885,55.5398,4,0.0,0.0,0.0,0.0,1.0,0.0,0.0,0.0,0.0,1.0,0.0,,0.0,False,Qwen/Qwen2.5-Coder-32B-Instruct-AWQ,None
1696@x_name@DESC,Line,Medium,13.885,55.5398,4,0.0,0.0,0.0,0.0,1.0,0.0,0.0,0.0,0.0,1.0,0.0,,0.0,False,Qwen/Qwen2.5-Coder-32B-Instruct-AWQ,None
1702@y_name@ASC,Bar,Medium,10.1747,10.1747,1,0.0,0.0,0.0,0.0,0.0,0.0,0.0,0.0,0.0,0.0,1.0,0.0,0.0,False,Qwen/Qwen2.5-Coder-32B-Instruct-AWQ,None
1702@y_name@ASC,Bar,Medium,10.1747,10.1747,1,0.0,0.0,0.0,0.0,0.0,0.0,0.0,0.0,0.0,0.0,1.0,0.0,0.0,False,Qwen/Qwen2.5-Coder-32B-Instruct-AWQ,None
1702@y_name@ASC,Bar,Medium,10.1747,10.1747,1,0.0,0.0,0.0,0.0,0.0,0.0,0.0,0.0,0.0,0.0,1.0,0.0,0.0,False,Qwen/Qwen2.5-Coder-32B-Instruct-AWQ,None
1703@y_name@DESC,Bar,Hard,10.3773,10.3773,1,0.0,0.0,0.0,0.0,0.0,0.0,0.0,0.0,0.0,0.0,1.0,0.0,0.0,False,Qwen/Qwen2.5-Coder-32B-Instruct-AWQ,None
1703@y_name@DESC,Bar,Hard,10.3773,10.3773,1,0.0,0.0,0.0,0.0,0.0,0.0,0.0,0.0,0.0,0.0,1.0,0.0,0.0,False,Qwen/Qwen2.5-Coder-32B-Instruct-AWQ,None
1703@y_name@DESC,Bar,Hard,10.3773,10.3773,1,0.0,0.0,0.0,0.0,0.0,0.0,0.0,0.0,0.0,0.0,1.0,0.0,0.0,False,Qwen/Qwen2.5-Coder-32B-Instruct-AWQ,None
1746@x_name@ASC,Line,Medium,11.0614,44.2454,4,0.0,0.0,0.0,0.0,0.0,0.0,0.0,0.0,0.0,0.0,1.0,0.0,0.0,False,Qwen/Qwen2.5-Coder-32B-Instruct-AWQ,None
1746@x_name@ASC,Line,Medium,11.0614,44.2454,4,0.0,0.0,0.0,0.0,0.0,0.0,0.0,0.0,0.0,0.0,1.0,0.0,0.0,False,Qwen/Qwen2.5-Coder-32B-Instruct-AWQ,None
1746@x_name@ASC,Line,Medium,11.0614,44.2454,4,0.0,0.0,0.0,0.0,0.0,0.0,0.0,0.0,0.0,0.0,1.0,0.0,0.0,False,Qwen/Qwen2.5-Coder-32B-Instruct-AWQ,None
1795@x_name@DESC,Line,Medium,15.2008,45.6024,3,0.0,0.0,0.0,0.0,1.0,0.0,0.0,0.0,0.0,1.0,0.0,,0.0,False,Qwen/Qwen2.5-Coder-32B-Instruct-AWQ,None
1795@x_name@DESC,Line,Medium,15.2008,45.6024,3,0.0,0.0,0.0,0.0,1.0,0.0,0.0,0.0,0.0,1.0,0.0,,0.0,False,Qwen/Qwen2.5-Coder-32B-Instruct-AWQ,None
1795@x_name@DESC,Line,Medium,15.2008,45.6024,3,0.0,0.0,0.0,0.0,1.0,0.0,0.0,0.0,0.0,1.0,0.0,,0.0,False,Qwen/Qwen2.5-Coder-32B-Instruct-AWQ,None
1802@y_name@DESC,Bar,Extra Hard,6.0068,12.0136,2,0.0,0.0,0.0,0.0,0.0,0.0,0.0,0.0,0.0,0.0,1.0,0.0,0.0,False,Qwen/Qwen2.5-Coder-32B-Instruct-AWQ,None
1802@y_name@DESC,Bar,Extra Hard,6.0068,12.0136,2,0.0,0.0,0.0,0.0,0.0,0.0,0.0,0.0,0.0,0.0,1.0,0.0,0.0,False,Qwen/Qwen2.5-Coder-32B-Instruct-AWQ,None
1802@y_name@DESC,Bar,Extra Hard,6.0068,12.0136,2,0.0,0.0,0.0,0.0,0.0,0.0,0.0,0.0,0.0,0.0,1.0,0.0,0.0,False,Qwen/Qwen2.5-Coder-32B-Instruct-AWQ,None
1835@x_name@ASC,Line,Hard,12.8685,38.6055,3,0.0,0.0,0.0,0.0,1.0,0.0,0.0,0.0,0.0,1.0,0.0,,0.0,False,Qwen/Qwen2.5-Coder-32B-Instruct-AWQ,None
1835@x_name@ASC,Line,Hard,12.8685,38.6055,3,0.0,0.0,0.0,0.0,1.0,0.0,0.0,0.0,0.0,1.0,0.0,,0.0,False,Qwen/Qwen2.5-Coder-32B-Instruct-AWQ,None
1835@x_name@ASC,Line,Hard,12.8685,38.6055,3,0.0,0.0,0.0,0.0,1.0,0.0,0.0,0.0,0.0,1.0,0.0,,0.0,False,Qwen/Qwen2.5-Coder-32B-Instruct-AWQ,None
1869@x_name@ASC,Line,Easy,7.7273,23.1818,3,0.0,0.0,0.0,0.0,0.0,0.0,0.0,0.0,0.0,0.0,1.0,0.0,0.0,False,Qwen/Qwen2.5-Coder-32B-Instruct-AWQ,None
1869@x_name@ASC,Line,Easy,7.7273,23.1818,3,0.0,0.0,0.0,0.0,0.0,0.0,0.0,0.0,0.0,0.0,1.0,0.0,0.0,False,Qwen/Qwen2.5-Coder-32B-Instruct-AWQ,None
1869@x_name@ASC,Line,Easy,7.7273,23.1818,3,0.0,0.0,0.0,0.0,0.0,0.0,0.0,0.0,0.0,0.0,1.0,0.0,0.0,False,Qwen/Qwen2.5-Coder-32B-Instruct-AWQ,None
1956@y_name@DESC,Bar,Extra Hard,13.5627,27.1254,2,0.0,0.0,0.0,0.0,0.0,0.0,0.0,0.0,0.0,0.0,1.0,0.0,0.0,True,Qwen/Qwen2.5-Coder-32B-Instruct-AWQ,None
1956@y_name@DESC,Bar,Extra Hard,13.5627,27.1254,2,0.0,0.0,0.0,0.0,0.0,0.0,0.0,0.0,0.0,0.0,1.0,0.0,0.0,True,Qwen/Qwen2.5-Coder-32B-Instruct-AWQ,None
1956@y_name@DESC,Bar,Extra Hard,13.5627,27.1254,2,0.0,0.0,0.0,0.0,0.0,0.0,0.0,0.0,0.0,0.0,1.0,0.0,0.0,True,Qwen/Qwen2.5-Coder-32B-Instruct-AWQ,None
1963@y_name@DESC,Bar,Hard,11.9702,23.9404,2,0.0,0.0,0.0,0.0,0.0,0.0,0.0,0.0,0.0,0.0,1.0,0.0,0.0,True,Qwen/Qwen2.5-Coder-32B-Instruct-AWQ,None
1963@y_name@DESC,Bar,Hard,11.9702,23.9404,2,0.0,0.0,0.0,0.0,0.0,0.0,0.0,0.0,0.0,0.0,1.0,0.0,0.0,True,Qwen/Qwen2.5-Coder-32B-Instruct-AWQ,None
1963@y_name@DESC,Bar,Hard,11.9702,23.9404,2,0.0,0.0,0.0,0.0,0.0,0.0,0.0,0.0,0.0,0.0,1.0,0.0,0.0,True,Qwen/Qwen2.5-Coder-32B-Instruct-AWQ,None
2726@x_name@DESC,Bar,Extra Hard,15.0608,15.0608,1,0.0,0.0,0.0,0.0,0.0,1.0,0.0,0.0,0.0,1.0,0.0,,0.0,True,Qwen/Qwen2.5-Coder-32B-Instruct-AWQ,None
2726@x_name@DESC,Bar,Extra Hard,15.0608,15.0608,1,0.0,0.0,0.0,0.0,0.0,1.0,0.0,0.0,0.0,1.0,0.0,,0.0,True,Qwen/Qwen2.5-Coder-32B-Instruct-AWQ,None
2726@x_name@DESC,Bar,Extra Hard,15.0608,15.0608,1,0.0,0.0,0.0,0.0,0.0,1.0,0.0,0.0,0.0,1.0,0.0,,0.0,True,Qwen/Qwen2.5-Coder-32B-Instruct-AWQ,None
2733@y_name@ASC,Bar,Extra Hard,16.5563,49.669,3,0.0,0.0,0.0,0.0,1.0,0.0,0.0,0.0,0.0,1.0,0.0,,0.0,True,Qwen/Qwen2.5-Coder-32B-Instruct-AWQ,None
2733@y_name@ASC,Bar,Extra Hard,16.5563,49.669,3,0.0,0.0,0.0,0.0,1.0,0.0,0.0,0.0,0.0,1.0,0.0,,0.0,True,Qwen/Qwen2.5-Coder-32B-Instruct-AWQ,None
2733@y_name@ASC,Bar,Extra Hard,16.5563,49.669,3,0.0,0.0,0.0,0.0,1.0,0.0,0.0,0.0,0.0,1.0,0.0,,0.0,True,Qwen/Qwen2.5-Coder-32B-Instruct-AWQ,None
733@y_name@DESC,Bar,Medium,5.9552,11.9105,2,0.0,0.0,0.0,0.0,0.0,0.0,0.0,0.0,0.0,0.0,1.0,0.0,0.0,False,Qwen/Qwen2.5-Coder-32B-Instruct-AWQ,None
733@y_name@DESC,Bar,Medium,5.9552,11.9105,2,0.0,0.0,0.0,0.0,0.0,0.0,0.0,0.0,0.0,0.0,1.0,0.0,0.0,False,Qwen/Qwen2.5-Coder-32B-Instruct-AWQ,None
733@y_name@DESC,Bar,Medium,5.9552,11.9105,2,0.0,0.0,0.0,0.0,0.0,0.0,0.0,0.0,0.0,0.0,1.0,0.0,0.0,False,Qwen/Qwen2.5-Coder-32B-Instruct-AWQ,None
748@y_name@DESC,Bar,Extra Hard,13.2132,39.6396,3,0.0,0.0,0.0,0.0,0.0,0.0,0.0,0.0,0.0,0.0,1.0,0.0,0.0,True,Qwen/Qwen2.5-Coder-32B-Instruct-AWQ,None
748@y_name@DESC,Bar,Extra Hard,13.2132,39.6396,3,0.0,0.0,0.0,0.0,0.0,0.0,0.0,0.0,0.0,0.0,1.0,0.0,0.0,True,Qwen/Qwen2.5-Coder-32B-Instruct-AWQ,None
748@y_name@DESC,Bar,Extra Hard,13.2132,39.6396,3,0.0,0.0,0.0,0.0,0.0,0.0,0.0,0.0,0.0,0.0,1.0,0.0,0.0,True,Qwen/Qwen2.5-Coder-32B-Instruct-AWQ,None
753@x_name@DESC,Bar,Medium,5.9535,17.8606,3,0.0,0.0,0.0,0.0,0.0,0.6666666666666666,0.0,0.0,0.0,0.6666666666666666,0.3333333333333333,0.0,0.0,False,Qwen/Qwen2.5-Coder-32B-Instruct-AWQ,None
753@x_name@DESC,Bar,Medium,5.9535,17.8606,3,0.0,0.0,0.0,0.0,0.0,0.6666666666666666,0.0,0.0,0.0,0.6666666666666666,0.3333333333333333,0.0,0.0,False,Qwen/Qwen2.5-Coder-32B-Instruct-AWQ,None
753@x_name@DESC,Bar,Medium,5.9535,17.8606,3,0.0,0.0,0.0,0.0,0.0,0.6666666666666666,0.0,0.0,0.0,0.6666666666666666,0.3333333333333333,0.0,0.0,False,Qwen/Qwen2.5-Coder-32B-Instruct-AWQ,None
754@y_name@ASC,Bar,Hard,8.8082,17.6164,2,0.0,0.0,0.0,0.0,0.0,0.0,0.0,0.0,0.0,0.0,1.0,0.0,0.0,False,Qwen/Qwen2.5-Coder-32B-Instruct-AWQ,None
754@y_name@ASC,Bar,Hard,8.8082,17.6164,2,0.0,0.0,0.0,0.0,0.0,0.0,0.0,0.0,0.0,0.0,1.0,0.0,0.0,False,Qwen/Qwen2.5-Coder-32B-Instruct-AWQ,None
754@y_name@ASC,Bar,Hard,8.8082,17.6164,2,0.0,0.0,0.0,0.0,0.0,0.0,0.0,0.0,0.0,0.0,1.0,0.0,0.0,False,Qwen/Qwen2.5-Coder-32B-Instruct-AWQ,None
763@y_name@ASC,Bar,Medium,6.2509,18.7526,3,0.0,0.0,0.0,0.0,0.0,0.0,0.0,0.0,0.0,0.0,1.0,0.0,0.0,False,Qwen/Qwen2.5-Coder-32B-Instruct-AWQ,None
763@y_name@ASC,Bar,Medium,6.2509,18.7526,3,0.0,0.0,0.0,0.0,0.0,0.0,0.0,0.0,0.0,0.0,1.0,0.0,0.0,False,Qwen/Qwen2.5-Coder-32B-Instruct-AWQ,None
763@y_name@ASC,Bar,Medium,6.2509,18.7526,3,0.0,0.0,0.0,0.0,0.0,0.0,0.0,0.0,0.0,0.0,1.0,0.0,0.0,False,Qwen/Qwen2.5-Coder-32B-Instruct-AWQ,None
2625@x_name@ASC,Bar,Medium,8.3239,33.2955,4,0.0,0.0,0.0,0.0,0.0,0.5,0.0,0.0,0.0,0.5,0.5,0.0,0.0,False,Qwen/Qwen2.5-Coder-32B-Instruct-AWQ,None
2625@x_name@ASC,Bar,Medium,8.3239,33.2955,4,0.0,0.0,0.0,0.0,0.0,0.5,0.0,0.0,0.0,0.5,0.5,0.0,0.0,False,Qwen/Qwen2.5-Coder-32B-Instruct-AWQ,None
2625@x_name@ASC,Bar,Medium,8.3239,33.2955,4,0.0,0.0,0.0,0.0,0.0,0.5,0.0,0.0,0.0,0.5,0.5,0.0,0.0,False,Qwen/Qwen2.5-Coder-32B-Instruct-AWQ,None
609@x_name@ASC,Bar,Extra Hard,11.9506,23.9013,2,0.0,0.0,0.0,0.0,0.0,1.0,0.0,0.0,0.0,1.0,0.0,,0.0,True,Qwen/Qwen2.5-Coder-32B-Instruct-AWQ,None
609@x_name@ASC,Bar,Extra Hard,11.9506,23.9013,2,0.0,0.0,0.0,0.0,0.0,1.0,0.0,0.0,0.0,1.0,0.0,,0.0,True,Qwen/Qwen2.5-Coder-32B-Instruct-AWQ,None
609@x_name@ASC,Bar,Extra Hard,11.9506,23.9013,2,0.0,0.0,0.0,0.0,0.0,1.0,0.0,0.0,0.0,1.0,0.0,,0.0,True,Qwen/Qwen2.5-Coder-32B-Instruct-AWQ,None
619@x_name@ASC,Bar,Easy,6.9735,6.9735,1,0.0,0.0,0.0,0.0,0.0,0.0,0.0,0.0,0.0,0.0,1.0,0.0,0.0,False,Qwen/Qwen2.5-Coder-32B-Instruct-AWQ,None
619@x_name@ASC,Bar,Easy,6.9735,6.9735,1,0.0,0.0,0.0,0.0,0.0,0.0,0.0,0.0,0.0,0.0,1.0,0.0,0.0,False,Qwen/Qwen2.5-Coder-32B-Instruct-AWQ,None
619@x_name@ASC,Bar,Easy,6.9735,6.9735,1,0.0,0.0,0.0,0.0,0.0,0.0,0.0,0.0,0.0,0.0,1.0,0.0,0.0,False,Qwen/Qwen2.5-Coder-32B-Instruct-AWQ,None
620@x_name@ASC,Bar,Hard,8.757,8.757,1,0.0,0.0,0.0,0.0,0.0,0.0,0.0,0.0,0.0,0.0,1.0,0.0,0.0,False,Qwen/Qwen2.5-Coder-32B-Instruct-AWQ,None
620@x_name@ASC,Bar,Hard,8.757,8.757,1,0.0,0.0,0.0,0.0,0.0,0.0,0.0,0.0,0.0,0.0,1.0,0.0,0.0,False,Qwen/Qwen2.5-Coder-32B-Instruct-AWQ,None
620@x_name@ASC,Bar,Hard,8.757,8.757,1,0.0,0.0,0.0,0.0,0.0,0.0,0.0,0.0,0.0,0.0,1.0,0.0,0.0,False,Qwen/Qwen2.5-Coder-32B-Instruct-AWQ,None
621@y_name@ASC,Bar,Medium,6.5223,32.6114,5,0.0,0.0,0.0,0.0,0.0,0.0,0.0,0.0,0.0,0.0,1.0,0.0,0.0,False,Qwen/Qwen2.5-Coder-32B-Instruct-AWQ,None
621@y_name@ASC,Bar,Medium,6.5223,32.6114,5,0.0,0.0,0.0,0.0,0.0,0.0,0.0,0.0,0.0,0.0,1.0,0.0,0.0,False,Qwen/Qwen2.5-Coder-32B-Instruct-AWQ,None
621@y_name@ASC,Bar,Medium,6.5223,32.6114,5,0.0,0.0,0.0,0.0,0.0,0.0,0.0,0.0,0.0,0.0,1.0,0.0,0.0,False,Qwen/Qwen2.5-Coder-32B-Instruct-AWQ,None
624@y_name@ASC,Bar,Medium,6.3227,18.968,3,0.0,0.0,0.0,0.0,0.0,0.0,0.0,0.0,0.0,0.0,1.0,0.0,0.0,False,Qwen/Qwen2.5-Coder-32B-Instruct-AWQ,None
624@y_name@ASC,Bar,Medium,6.3227,18.968,3,0.0,0.0,0.0,0.0,0.0,0.0,0.0,0.0,0.0,0.0,1.0,0.0,0.0,False,Qwen/Qwen2.5-Coder-32B-Instruct-AWQ,None
624@y_name@ASC,Bar,Medium,6.3227,18.968,3,0.0,0.0,0.0,0.0,0.0,0.0,0.0,0.0,0.0,0.0,1.0,0.0,0.0,False,Qwen/Qwen2.5-Coder-32B-Instruct-AWQ,None
627@y_name@DESC,Bar,Medium,8.0422,8.0422,1,0.0,0.0,0.0,0.0,0.0,0.0,0.0,0.0,0.0,0.0,1.0,0.0,0.0,False,Qwen/Qwen2.5-Coder-32B-Instruct-AWQ,None
627@y_name@DESC,Bar,Medium,8.0422,8.0422,1,0.0,0.0,0.0,0.0,0.0,0.0,0.0,0.0,0.0,0.0,1.0,0.0,0.0,False,Qwen/Qwen2.5-Coder-32B-Instruct-AWQ,None
627@y_name@DESC,Bar,Medium,8.0422,8.0422,1,0.0,0.0,0.0,0.0,0.0,0.0,0.0,0.0,0.0,0.0,1.0,0.0,0.0,False,Qwen/Qwen2.5-Coder-32B-Instruct-AWQ,None
630@y_name@DESC,Bar,Medium,7.7038,15.4076,2,0.0,0.0,0.0,0.0,0.0,1.0,0.0,0.0,0.0,1.0,0.0,,0.0,True,Qwen/Qwen2.5-Coder-32B-Instruct-AWQ,None
630@y_name@DESC,Bar,Medium,7.7038,15.4076,2,0.0,0.0,0.0,0.0,0.0,1.0,0.0,0.0,0.0,1.0,0.0,,0.0,True,Qwen/Qwen2.5-Coder-32B-Instruct-AWQ,None
630@y_name@DESC,Bar,Medium,7.7038,15.4076,2,0.0,0.0,0.0,0.0,0.0,1.0,0.0,0.0,0.0,1.0,0.0,,0.0,True,Qwen/Qwen2.5-Coder-32B-Instruct-AWQ,None
633@y_name@DESC,Bar,Hard,13.1856,13.1856,1,0.0,0.0,0.0,0.0,0.0,0.0,0.0,0.0,0.0,0.0,1.0,0.0,0.0,True,Qwen/Qwen2.5-Coder-32B-Instruct-AWQ,None
633@y_name@DESC,Bar,Hard,13.1856,13.1856,1,0.0,0.0,0.0,0.0,0.0,0.0,0.0,0.0,0.0,0.0,1.0,0.0,0.0,True,Qwen/Qwen2.5-Coder-32B-Instruct-AWQ,None
633@y_name@DESC,Bar,Hard,13.1856,13.1856,1,0.0,0.0,0.0,0.0,0.0,0.0,0.0,0.0,0.0,0.0,1.0,0.0,0.0,True,Qwen/Qwen2.5-Coder-32B-Instruct-AWQ,None
636@y_name@DESC,Bar,Hard,14.0497,14.0497,1,0.0,0.0,0.0,0.0,1.0,0.0,0.0,0.0,0.0,1.0,0.0,,0.0,True,Qwen/Qwen2.5-Coder-32B-Instruct-AWQ,None
636@y_name@DESC,Bar,Hard,14.0497,14.0497,1,0.0,0.0,0.0,0.0,1.0,0.0,0.0,0.0,0.0,1.0,0.0,,0.0,True,Qwen/Qwen2.5-Coder-32B-Instruct-AWQ,None
636@y_name@DESC,Bar,Hard,14.0497,14.0497,1,0.0,0.0,0.0,0.0,1.0,0.0,0.0,0.0,0.0,1.0,0.0,,0.0,True,Qwen/Qwen2.5-Coder-32B-Instruct-AWQ,None
640@x_name@ASC,Line,Medium,7.527,15.0541,2,0.0,0.0,0.0,0.0,0.0,0.0,0.0,0.0,0.0,0.0,1.0,0.0,0.0,False,Qwen/Qwen2.5-Coder-32B-Instruct-AWQ,None
640@x_name@ASC,Line,Medium,7.527,15.0541,2,0.0,0.0,0.0,0.0,0.0,0.0,0.0,0.0,0.0,0.0,1.0,0.0,0.0,False,Qwen/Qwen2.5-Coder-32B-Instruct-AWQ,None
640@x_name@ASC,Line,Medium,7.527,15.0541,2,0.0,0.0,0.0,0.0,0.0,0.0,0.0,0.0,0.0,0.0,1.0,0.0,0.0,False,Qwen/Qwen2.5-Coder-32B-Instruct-AWQ,None
642@x_name@DESC,Line,Medium,7.0232,21.0695,3,0.0,0.0,0.0,0.0,0.0,1.0,0.0,0.0,0.0,1.0,0.0,,0.0,False,Qwen/Qwen2.5-Coder-32B-Instruct-AWQ,None
642@x_name@DESC,Line,Medium,7.0232,21.0695,3,0.0,0.0,0.0,0.0,0.0,1.0,0.0,0.0,0.0,1.0,0.0,,0.0,False,Qwen/Qwen2.5-Coder-32B-Instruct-AWQ,None
642@x_name@DESC,Line,Medium,7.0232,21.0695,3,0.0,0.0,0.0,0.0,0.0,1.0,0.0,0.0,0.0,1.0,0.0,,0.0,False,Qwen/Qwen2.5-Coder-32B-Instruct-AWQ,None
647@x_name@DESC,Grouping Line,Hard,9.2724,9.2724,1,0.0,0.0,0.0,0.0,0.0,0.0,0.0,0.0,0.0,0.0,1.0,0.0,0.0,False,Qwen/Qwen2.5-Coder-32B-Instruct-AWQ,None
647@x_name@DESC,Grouping Line,Hard,9.2724,9.2724,1,0.0,0.0,0.0,0.0,0.0,0.0,0.0,0.0,0.0,0.0,1.0,0.0,0.0,False,Qwen/Qwen2.5-Coder-32B-Instruct-AWQ,None
647@x_name@DESC,Grouping Line,Hard,9.2724,9.2724,1,0.0,0.0,0.0,0.0,0.0,0.0,0.0,0.0,0.0,0.0,1.0,0.0,0.0,False,Qwen/Qwen2.5-Coder-32B-Instruct-AWQ,None
648@x_name@ASC,Grouping Line,Extra Hard,41.0809,82.1619,2,1.0,0.0,0.0,0.0,0.0,0.0,0.0,0.0,1.0,0.0,0.0,,0.0,False,Qwen/Qwen2.5-Coder-32B-Instruct-AWQ,None
648@x_name@ASC,Grouping Line,Extra Hard,41.0809,82.1619,2,1.0,0.0,0.0,0.0,0.0,0.0,0.0,0.0,1.0,0.0,0.0,,0.0,False,Qwen/Qwen2.5-Coder-32B-Instruct-AWQ,None
648@x_name@ASC,Grouping Line,Extra Hard,41.0809,82.1619,2,1.0,0.0,0.0,0.0,0.0,0.0,0.0,0.0,1.0,0.0,0.0,,0.0,False,Qwen/Qwen2.5-Coder-32B-Instruct-AWQ,None
652@x_name@DESC,Bar,Extra Hard,16.448,16.448,1,0.0,0.0,0.0,0.0,0.0,1.0,0.0,0.0,0.0,1.0,0.0,,0.0,True,Qwen/Qwen2.5-Coder-32B-Instruct-AWQ,None
652@x_name@DESC,Bar,Extra Hard,16.448,16.448,1,0.0,0.0,0.0,0.0,0.0,1.0,0.0,0.0,0.0,1.0,0.0,,0.0,True,Qwen/Qwen2.5-Coder-32B-Instruct-AWQ,None
652@x_name@DESC,Bar,Extra Hard,16.448,16.448,1,0.0,0.0,0.0,0.0,0.0,1.0,0.0,0.0,0.0,1.0,0.0,,0.0,True,Qwen/Qwen2.5-Coder-32B-Instruct-AWQ,None
653@x_name@DESC,Bar,Extra Hard,15.4801,15.4801,1,0.0,0.0,0.0,0.0,1.0,0.0,0.0,0.0,0.0,1.0,0.0,,0.0,True,Qwen/Qwen2.5-Coder-32B-Instruct-AWQ,None
653@x_name@DESC,Bar,Extra Hard,15.4801,15.4801,1,0.0,0.0,0.0,0.0,1.0,0.0,0.0,0.0,0.0,1.0,0.0,,0.0,True,Qwen/Qwen2.5-Coder-32B-Instruct-AWQ,None
653@x_name@DESC,Bar,Extra Hard,15.4801,15.4801,1,0.0,0.0,0.0,0.0,1.0,0.0,0.0,0.0,0.0,1.0,0.0,,0.0,True,Qwen/Qwen2.5-Coder-32B-Instruct-AWQ,None
654@x_name@DESC,Bar,Medium,83.5531,334.2126,4,0.0,0.0,0.0,0.0,0.0,0.75,0.0,0.0,0.0,0.75,0.25,0.0,0.0,False,Qwen/Qwen2.5-Coder-32B-Instruct-AWQ,None
654@x_name@DESC,Bar,Medium,83.5531,334.2126,4,0.0,0.0,0.0,0.0,0.0,0.75,0.0,0.0,0.0,0.75,0.25,0.0,0.0,False,Qwen/Qwen2.5-Coder-32B-Instruct-AWQ,None
654@x_name@DESC,Bar,Medium,83.5531,334.2126,4,0.0,0.0,0.0,0.0,0.0,0.75,0.0,0.0,0.0,0.75,0.25,0.0,0.0,False,Qwen/Qwen2.5-Coder-32B-Instruct-AWQ,None
655@x_name@DESC,Bar,Medium,7.7548,7.7548,1,0.0,0.0,0.0,0.0,0.0,1.0,0.0,0.0,0.0,1.0,0.0,,0.0,False,Qwen/Qwen2.5-Coder-32B-Instruct-AWQ,None
655@x_name@DESC,Bar,Medium,7.7548,7.7548,1,0.0,0.0,0.0,0.0,0.0,1.0,0.0,0.0,0.0,1.0,0.0,,0.0,False,Qwen/Qwen2.5-Coder-32B-Instruct-AWQ,None
655@x_name@DESC,Bar,Medium,7.7548,7.7548,1,0.0,0.0,0.0,0.0,0.0,1.0,0.0,0.0,0.0,1.0,0.0,,0.0,False,Qwen/Qwen2.5-Coder-32B-Instruct-AWQ,None
657@y_name@ASC,Bar,Hard,9.5355,19.071,2,0.0,0.0,0.0,0.0,0.0,0.0,0.0,0.0,0.0,0.0,1.0,0.0,0.0,False,Qwen/Qwen2.5-Coder-32B-Instruct-AWQ,None
657@y_name@ASC,Bar,Hard,9.5355,19.071,2,0.0,0.0,0.0,0.0,0.0,0.0,0.0,0.0,0.0,0.0,1.0,0.0,0.0,False,Qwen/Qwen2.5-Coder-32B-Instruct-AWQ,None
657@y_name@ASC,Bar,Hard,9.5355,19.071,2,0.0,0.0,0.0,0.0,0.0,0.0,0.0,0.0,0.0,0.0,1.0,0.0,0.0,False,Qwen/Qwen2.5-Coder-32B-Instruct-AWQ,None
713@y_name@DESC,Bar,Hard,11.7346,46.9384,4,0.0,0.0,0.0,0.0,0.0,0.0,0.0,0.0,0.0,0.0,1.0,0.0,0.0,True,Qwen/Qwen2.5-Coder-32B-Instruct-AWQ,None
713@y_name@DESC,Bar,Hard,11.7346,46.9384,4,0.0,0.0,0.0,0.0,0.0,0.0,0.0,0.0,0.0,0.0,1.0,0.0,0.0,True,Qwen/Qwen2.5-Coder-32B-Instruct-AWQ,None
713@y_name@DESC,Bar,Hard,11.7346,46.9384,4,0.0,0.0,0.0,0.0,0.0,0.0,0.0,0.0,0.0,0.0,1.0,0.0,0.0,True,Qwen/Qwen2.5-Coder-32B-Instruct-AWQ,None
715@y_name@DESC,Bar,Hard,11.4037,22.8075,2,0.0,0.0,0.0,0.0,0.0,0.0,0.0,0.0,0.0,0.0,1.0,0.0,0.0,True,Qwen/Qwen2.5-Coder-32B-Instruct-AWQ,None
715@y_name@DESC,Bar,Hard,11.4037,22.8075,2,0.0,0.0,0.0,0.0,0.0,0.0,0.0,0.0,0.0,0.0,1.0,0.0,0.0,True,Qwen/Qwen2.5-Coder-32B-Instruct-AWQ,None
715@y_name@DESC,Bar,Hard,11.4037,22.8075,2,0.0,0.0,0.0,0.0,0.0,0.0,0.0,0.0,0.0,0.0,1.0,0.0,0.0,True,Qwen/Qwen2.5-Coder-32B-Instruct-AWQ,None
719@x_name@DESC,Bar,Hard,10.9529,10.9529,1,0.0,0.0,0.0,0.0,0.0,0.0,0.0,0.0,0.0,0.0,1.0,0.0,0.0,True,Qwen/Qwen2.5-Coder-32B-Instruct-AWQ,None
719@x_name@DESC,Bar,Hard,10.9529,10.9529,1,0.0,0.0,0.0,0.0,0.0,0.0,0.0,0.0,0.0,0.0,1.0,0.0,0.0,True,Qwen/Qwen2.5-Coder-32B-Instruct-AWQ,None
719@x_name@DESC,Bar,Hard,10.9529,10.9529,1,0.0,0.0,0.0,0.0,0.0,0.0,0.0,0.0,0.0,0.0,1.0,0.0,0.0,True,Qwen/Qwen2.5-Coder-32B-Instruct-AWQ,None
380@x_name@ASC,Bar,Medium,6.5509,32.7547,5,0.0,0.0,0.0,0.0,0.0,0.0,0.0,0.0,0.0,0.0,1.0,0.0,0.0,False,Qwen/Qwen2.5-Coder-32B-Instruct-AWQ,None
380@x_name@ASC,Bar,Medium,6.5509,32.7547,5,0.0,0.0,0.0,0.0,0.0,0.0,0.0,0.0,0.0,0.0,1.0,0.0,0.0,False,Qwen/Qwen2.5-Coder-32B-Instruct-AWQ,None
380@x_name@ASC,Bar,Medium,6.5509,32.7547,5,0.0,0.0,0.0,0.0,0.0,0.0,0.0,0.0,0.0,0.0,1.0,0.0,0.0,False,Qwen/Qwen2.5-Coder-32B-Instruct-AWQ,None
383@x_name@ASC,Bar,Medium,7.5592,22.6775,3,0.0,0.0,0.0,0.0,0.0,0.0,0.0,0.0,0.0,0.0,1.0,0.0,0.0,False,Qwen/Qwen2.5-Coder-32B-Instruct-AWQ,None
383@x_name@ASC,Bar,Medium,7.5592,22.6775,3,0.0,0.0,0.0,0.0,0.0,0.0,0.0,0.0,0.0,0.0,1.0,0.0,0.0,False,Qwen/Qwen2.5-Coder-32B-Instruct-AWQ,None
383@x_name@ASC,Bar,Medium,7.5592,22.6775,3,0.0,0.0,0.0,0.0,0.0,0.0,0.0,0.0,0.0,0.0,1.0,0.0,0.0,False,Qwen/Qwen2.5-Coder-32B-Instruct-AWQ,None
394@y_name@DESC,Bar,Easy,7.3481,44.0888,6,0.0,0.0,0.0,0.0,0.0,0.0,0.0,0.0,0.0,0.0,1.0,0.0,0.0,False,Qwen/Qwen2.5-Coder-32B-Instruct-AWQ,None
394@y_name@DESC,Bar,Easy,7.3481,44.0888,6,0.0,0.0,0.0,0.0,0.0,0.0,0.0,0.0,0.0,0.0,1.0,0.0,0.0,False,Qwen/Qwen2.5-Coder-32B-Instruct-AWQ,None
394@y_name@DESC,Bar,Easy,7.3481,44.0888,6,0.0,0.0,0.0,0.0,0.0,0.0,0.0,0.0,0.0,0.0,1.0,0.0,0.0,False,Qwen/Qwen2.5-Coder-32B-Instruct-AWQ,None
395@x_name@ASC,Bar,Easy,7.6615,7.6615,1,0.0,0.0,0.0,0.0,0.0,0.0,0.0,0.0,0.0,0.0,1.0,0.0,0.0,False,Qwen/Qwen2.5-Coder-32B-Instruct-AWQ,None
395@x_name@ASC,Bar,Easy,7.6615,7.6615,1,0.0,0.0,0.0,0.0,0.0,0.0,0.0,0.0,0.0,0.0,1.0,0.0,0.0,False,Qwen/Qwen2.5-Coder-32B-Instruct-AWQ,None
395@x_name@ASC,Bar,Easy,7.6615,7.6615,1,0.0,0.0,0.0,0.0,0.0,0.0,0.0,0.0,0.0,0.0,1.0,0.0,0.0,False,Qwen/Qwen2.5-Coder-32B-Instruct-AWQ,None
406@x_name@ASC,Bar,Easy,5.8034,5.8034,1,0.0,0.0,0.0,0.0,0.0,0.0,0.0,0.0,0.0,0.0,1.0,0.0,0.0,False,Qwen/Qwen2.5-Coder-32B-Instruct-AWQ,None
406@x_name@ASC,Bar,Easy,5.8034,5.8034,1,0.0,0.0,0.0,0.0,0.0,0.0,0.0,0.0,0.0,0.0,1.0,0.0,0.0,False,Qwen/Qwen2.5-Coder-32B-Instruct-AWQ,None
406@x_name@ASC,Bar,Easy,5.8034,5.8034,1,0.0,0.0,0.0,0.0,0.0,0.0,0.0,0.0,0.0,0.0,1.0,0.0,0.0,False,Qwen/Qwen2.5-Coder-32B-Instruct-AWQ,None
723@y_name@ASC,Bar,Hard,10.0079,10.0079,1,0.0,0.0,0.0,0.0,0.0,0.0,0.0,0.0,0.0,0.0,1.0,0.0,0.0,True,Qwen/Qwen2.5-Coder-32B-Instruct-AWQ,None
723@y_name@ASC,Bar,Hard,10.0079,10.0079,1,0.0,0.0,0.0,0.0,0.0,0.0,0.0,0.0,0.0,0.0,1.0,0.0,0.0,True,Qwen/Qwen2.5-Coder-32B-Instruct-AWQ,None
723@y_name@ASC,Bar,Hard,10.0079,10.0079,1,0.0,0.0,0.0,0.0,0.0,0.0,0.0,0.0,0.0,0.0,1.0,0.0,0.0,True,Qwen/Qwen2.5-Coder-32B-Instruct-AWQ,None
725@x_name@DESC,Bar,Hard,8.5703,8.5703,1,0.0,0.0,0.0,0.0,0.0,0.0,0.0,0.0,0.0,0.0,1.0,0.0,0.0,True,Qwen/Qwen2.5-Coder-32B-Instruct-AWQ,None
725@x_name@DESC,Bar,Hard,8.5703,8.5703,1,0.0,0.0,0.0,0.0,0.0,0.0,0.0,0.0,0.0,0.0,1.0,0.0,0.0,True,Qwen/Qwen2.5-Coder-32B-Instruct-AWQ,None
725@x_name@DESC,Bar,Hard,8.5703,8.5703,1,0.0,0.0,0.0,0.0,0.0,0.0,0.0,0.0,0.0,0.0,1.0,0.0,0.0,True,Qwen/Qwen2.5-Coder-32B-Instruct-AWQ,None
726@y_name@DESC,Bar,Medium,6.4546,12.9092,2,0.0,0.0,0.0,0.0,0.0,0.0,0.0,0.0,0.0,0.0,1.0,0.0,0.0,False,Qwen/Qwen2.5-Coder-32B-Instruct-AWQ,None
726@y_name@DESC,Bar,Medium,6.4546,12.9092,2,0.0,0.0,0.0,0.0,0.0,0.0,0.0,0.0,0.0,0.0,1.0,0.0,0.0,False,Qwen/Qwen2.5-Coder-32B-Instruct-AWQ,None
726@y_name@DESC,Bar,Medium,6.4546,12.9092,2,0.0,0.0,0.0,0.0,0.0,0.0,0.0,0.0,0.0,0.0,1.0,0.0,0.0,False,Qwen/Qwen2.5-Coder-32B-Instruct-AWQ,None
3208@x_name@DESC,Bar,Medium,22.2724,22.2724,1,0.0,0.0,0.0,1.0,1.0,0.0,0.0,0.0,0.0,1.0,0.0,,0.0,False,Qwen/Qwen2.5-Coder-32B-Instruct-AWQ,None
3208@x_name@DESC,Bar,Medium,22.2724,22.2724,1,0.0,0.0,0.0,1.0,1.0,0.0,0.0,0.0,0.0,1.0,0.0,,0.0,False,Qwen/Qwen2.5-Coder-32B-Instruct-AWQ,None
3208@x_name@DESC,Bar,Medium,22.2724,22.2724,1,0.0,0.0,0.0,1.0,1.0,0.0,0.0,0.0,0.0,1.0,0.0,,0.0,False,Qwen/Qwen2.5-Coder-32B-Instruct-AWQ,None
3210@x_name@DESC,Line,Easy,6.086,6.086,1,0.0,0.0,0.0,0.0,0.0,0.0,0.0,0.0,0.0,0.0,1.0,0.0,0.0,False,Qwen/Qwen2.5-Coder-32B-Instruct-AWQ,None
3210@x_name@DESC,Line,Easy,6.086,6.086,1,0.0,0.0,0.0,0.0,0.0,0.0,0.0,0.0,0.0,0.0,1.0,0.0,0.0,False,Qwen/Qwen2.5-Coder-32B-Instruct-AWQ,None
3210@x_name@DESC,Line,Easy,6.086,6.086,1,0.0,0.0,0.0,0.0,0.0,0.0,0.0,0.0,0.0,0.0,1.0,0.0,0.0,False,Qwen/Qwen2.5-Coder-32B-Instruct-AWQ,None
3214@x_name@DESC,Bar,Hard,8.8194,8.8194,1,0.0,0.0,0.0,0.0,0.0,0.0,0.0,0.0,0.0,0.0,1.0,0.0,0.0,False,Qwen/Qwen2.5-Coder-32B-Instruct-AWQ,None
3214@x_name@DESC,Bar,Hard,8.8194,8.8194,1,0.0,0.0,0.0,0.0,0.0,0.0,0.0,0.0,0.0,0.0,1.0,0.0,0.0,False,Qwen/Qwen2.5-Coder-32B-Instruct-AWQ,None
3214@x_name@DESC,Bar,Hard,8.8194,8.8194,1,0.0,0.0,0.0,0.0,0.0,0.0,0.0,0.0,0.0,0.0,1.0,0.0,0.0,False,Qwen/Qwen2.5-Coder-32B-Instruct-AWQ,None
3216@y_name@ASC,Bar,Medium,5.6213,11.2425,2,0.0,0.0,0.0,0.0,0.0,0.0,0.0,0.0,0.0,0.0,1.0,0.0,0.0,False,Qwen/Qwen2.5-Coder-32B-Instruct-AWQ,None
3216@y_name@ASC,Bar,Medium,5.6213,11.2425,2,0.0,0.0,0.0,0.0,0.0,0.0,0.0,0.0,0.0,0.0,1.0,0.0,0.0,False,Qwen/Qwen2.5-Coder-32B-Instruct-AWQ,None
3216@y_name@ASC,Bar,Medium,5.6213,11.2425,2,0.0,0.0,0.0,0.0,0.0,0.0,0.0,0.0,0.0,0.0,1.0,0.0,0.0,False,Qwen/Qwen2.5-Coder-32B-Instruct-AWQ,None
3218@x_name@DESC,Line,Medium,6.8393,13.6786,2,0.0,0.0,0.0,0.0,0.0,1.0,0.0,0.0,0.0,1.0,0.0,,0.0,False,Qwen/Qwen2.5-Coder-32B-Instruct-AWQ,None
3218@x_name@DESC,Line,Medium,6.8393,13.6786,2,0.0,0.0,0.0,0.0,0.0,1.0,0.0,0.0,0.0,1.0,0.0,,0.0,False,Qwen/Qwen2.5-Coder-32B-Instruct-AWQ,None
3218@x_name@DESC,Line,Medium,6.8393,13.6786,2,0.0,0.0,0.0,0.0,0.0,1.0,0.0,0.0,0.0,1.0,0.0,,0.0,False,Qwen/Qwen2.5-Coder-32B-Instruct-AWQ,None
2066@y_name@DESC,Bar,Hard,7.1059,21.3178,3,0.0,0.0,0.0,0.0,0.0,0.0,0.0,0.0,0.0,0.0,1.0,0.0,0.0,False,Qwen/Qwen2.5-Coder-32B-Instruct-AWQ,None
2066@y_name@DESC,Bar,Hard,7.1059,21.3178,3,0.0,0.0,0.0,0.0,0.0,0.0,0.0,0.0,0.0,0.0,1.0,0.0,0.0,False,Qwen/Qwen2.5-Coder-32B-Instruct-AWQ,None
2066@y_name@DESC,Bar,Hard,7.1059,21.3178,3,0.0,0.0,0.0,0.0,0.0,0.0,0.0,0.0,0.0,0.0,1.0,0.0,0.0,False,Qwen/Qwen2.5-Coder-32B-Instruct-AWQ,None
2072@y_name@ASC,Bar,Hard,10.2456,20.4911,2,0.0,0.0,0.0,0.0,0.0,0.0,0.0,0.0,0.0,0.0,1.0,0.0,0.0,True,Qwen/Qwen2.5-Coder-32B-Instruct-AWQ,None
2072@y_name@ASC,Bar,Hard,10.2456,20.4911,2,0.0,0.0,0.0,0.0,0.0,0.0,0.0,0.0,0.0,0.0,1.0,0.0,0.0,True,Qwen/Qwen2.5-Coder-32B-Instruct-AWQ,None
2072@y_name@ASC,Bar,Hard,10.2456,20.4911,2,0.0,0.0,0.0,0.0,0.0,0.0,0.0,0.0,0.0,0.0,1.0,0.0,0.0,True,Qwen/Qwen2.5-Coder-32B-Instruct-AWQ,None
2655@x_name@ASC,Bar,Medium,6.0685,12.137,2,0.0,0.0,0.0,0.0,0.0,0.0,0.0,0.0,0.0,0.0,1.0,0.0,0.0,False,Qwen/Qwen2.5-Coder-32B-Instruct-AWQ,None
2655@x_name@ASC,Bar,Medium,6.0685,12.137,2,0.0,0.0,0.0,0.0,0.0,0.0,0.0,0.0,0.0,0.0,1.0,0.0,0.0,False,Qwen/Qwen2.5-Coder-32B-Instruct-AWQ,None
2655@x_name@ASC,Bar,Medium,6.0685,12.137,2,0.0,0.0,0.0,0.0,0.0,0.0,0.0,0.0,0.0,0.0,1.0,0.0,0.0,False,Qwen/Qwen2.5-Coder-32B-Instruct-AWQ,None
2658@y_name@ASC,Bar,Medium,6.205,18.6151,3,0.0,0.0,0.0,0.0,0.0,0.0,0.0,0.0,0.0,0.0,1.0,0.0,0.0,False,Qwen/Qwen2.5-Coder-32B-Instruct-AWQ,None
2658@y_name@ASC,Bar,Medium,6.205,18.6151,3,0.0,0.0,0.0,0.0,0.0,0.0,0.0,0.0,0.0,0.0,1.0,0.0,0.0,False,Qwen/Qwen2.5-Coder-32B-Instruct-AWQ,None
2658@y_name@ASC,Bar,Medium,6.205,18.6151,3,0.0,0.0,0.0,0.0,0.0,0.0,0.0,0.0,0.0,0.0,1.0,0.0,0.0,False,Qwen/Qwen2.5-Coder-32B-Instruct-AWQ,None
2659@x_name@ASC,Bar,Medium,61.6348,123.2697,2,1.0,0.0,0.0,0.0,0.0,0.0,0.0,0.0,1.0,0.0,0.0,,0.0,False,Qwen/Qwen2.5-Coder-32B-Instruct-AWQ,None
2659@x_name@ASC,Bar,Medium,61.6348,123.2697,2,1.0,0.0,0.0,0.0,0.0,0.0,0.0,0.0,1.0,0.0,0.0,,0.0,False,Qwen/Qwen2.5-Coder-32B-Instruct-AWQ,None
2659@x_name@ASC,Bar,Medium,61.6348,123.2697,2,1.0,0.0,0.0,0.0,0.0,0.0,0.0,0.0,1.0,0.0,0.0,,0.0,False,Qwen/Qwen2.5-Coder-32B-Instruct-AWQ,None
2691@x_name@ASC,Bar,Hard,10.9209,10.9209,1,0.0,0.0,0.0,0.0,0.0,0.0,0.0,0.0,0.0,0.0,1.0,0.0,0.0,True,Qwen/Qwen2.5-Coder-32B-Instruct-AWQ,None
2691@x_name@ASC,Bar,Hard,10.9209,10.9209,1,0.0,0.0,0.0,0.0,0.0,0.0,0.0,0.0,0.0,0.0,1.0,0.0,0.0,True,Qwen/Qwen2.5-Coder-32B-Instruct-AWQ,None
2691@x_name@ASC,Bar,Hard,10.9209,10.9209,1,0.0,0.0,0.0,0.0,0.0,0.0,0.0,0.0,0.0,0.0,1.0,0.0,0.0,True,Qwen/Qwen2.5-Coder-32B-Instruct-AWQ,None
2360@y_name@DESC,Bar,Hard,48.3997,193.5988,4,1.0,0.0,0.0,0.0,0.0,0.0,0.0,0.0,1.0,0.0,0.0,,0.0,True,Qwen/Qwen2.5-Coder-32B-Instruct-AWQ,None
2360@y_name@DESC,Bar,Hard,48.3997,193.5988,4,1.0,0.0,0.0,0.0,0.0,0.0,0.0,0.0,1.0,0.0,0.0,,0.0,True,Qwen/Qwen2.5-Coder-32B-Instruct-AWQ,None
2360@y_name@DESC,Bar,Hard,48.3997,193.5988,4,1.0,0.0,0.0,0.0,0.0,0.0,0.0,0.0,1.0,0.0,0.0,,0.0,True,Qwen/Qwen2.5-Coder-32B-Instruct-AWQ,None
2369@y_name@DESC,Bar,Hard,11.806,35.4181,3,0.0,0.0,0.0,0.0,0.0,0.0,0.0,0.0,0.0,0.0,1.0,0.0,0.0,True,Qwen/Qwen2.5-Coder-32B-Instruct-AWQ,None
2369@y_name@DESC,Bar,Hard,11.806,35.4181,3,0.0,0.0,0.0,0.0,0.0,0.0,0.0,0.0,0.0,0.0,1.0,0.0,0.0,True,Qwen/Qwen2.5-Coder-32B-Instruct-AWQ,None
2369@y_name@DESC,Bar,Hard,11.806,35.4181,3,0.0,0.0,0.0,0.0,0.0,0.0,0.0,0.0,0.0,0.0,1.0,0.0,0.0,True,Qwen/Qwen2.5-Coder-32B-Instruct-AWQ,None
2383@x_name@ASC,Bar,Medium,11.363,11.363,1,0.0,0.0,0.0,0.0,0.0,0.0,0.0,0.0,0.0,0.0,1.0,0.0,0.0,True,Qwen/Qwen2.5-Coder-32B-Instruct-AWQ,None
2383@x_name@ASC,Bar,Medium,11.363,11.363,1,0.0,0.0,0.0,0.0,0.0,0.0,0.0,0.0,0.0,0.0,1.0,0.0,0.0,True,Qwen/Qwen2.5-Coder-32B-Instruct-AWQ,None
2383@x_name@ASC,Bar,Medium,11.363,11.363,1,0.0,0.0,0.0,0.0,0.0,0.0,0.0,0.0,0.0,0.0,1.0,0.0,0.0,True,Qwen/Qwen2.5-Coder-32B-Instruct-AWQ,None
2398@y_name@DESC,Bar,Hard,11.4397,11.4397,1,0.0,0.0,0.0,0.0,0.0,0.0,0.0,0.0,0.0,0.0,1.0,0.0,0.0,True,Qwen/Qwen2.5-Coder-32B-Instruct-AWQ,None
2398@y_name@DESC,Bar,Hard,11.4397,11.4397,1,0.0,0.0,0.0,0.0,0.0,0.0,0.0,0.0,0.0,0.0,1.0,0.0,0.0,True,Qwen/Qwen2.5-Coder-32B-Instruct-AWQ,None
2398@y_name@DESC,Bar,Hard,11.4397,11.4397,1,0.0,0.0,0.0,0.0,0.0,0.0,0.0,0.0,0.0,0.0,1.0,0.0,0.0,True,Qwen/Qwen2.5-Coder-32B-Instruct-AWQ,None
2402@y_name@ASC,Bar,Hard,11.7686,35.3057,3,0.0,0.0,0.0,0.0,0.0,0.0,0.0,0.0,0.0,0.0,1.0,0.0,0.0,True,Qwen/Qwen2.5-Coder-32B-Instruct-AWQ,None
2402@y_name@ASC,Bar,Hard,11.7686,35.3057,3,0.0,0.0,0.0,0.0,0.0,0.0,0.0,0.0,0.0,0.0,1.0,0.0,0.0,True,Qwen/Qwen2.5-Coder-32B-Instruct-AWQ,None
2402@y_name@ASC,Bar,Hard,11.7686,35.3057,3,0.0,0.0,0.0,0.0,0.0,0.0,0.0,0.0,0.0,0.0,1.0,0.0,0.0,True,Qwen/Qwen2.5-Coder-32B-Instruct-AWQ,None
2405@y_name@DESC,Bar,Extra Hard,11.6042,46.4166,4,0.0,0.0,0.0,0.0,0.0,0.0,0.0,0.0,0.0,0.0,1.0,0.0,0.0,True,Qwen/Qwen2.5-Coder-32B-Instruct-AWQ,None
2405@y_name@DESC,Bar,Extra Hard,11.6042,46.4166,4,0.0,0.0,0.0,0.0,0.0,0.0,0.0,0.0,0.0,0.0,1.0,0.0,0.0,True,Qwen/Qwen2.5-Coder-32B-Instruct-AWQ,None
2405@y_name@DESC,Bar,Extra Hard,11.6042,46.4166,4,0.0,0.0,0.0,0.0,0.0,0.0,0.0,0.0,0.0,0.0,1.0,0.0,0.0,True,Qwen/Qwen2.5-Coder-32B-Instruct-AWQ,None
1432@y_name@DESC,Bar,Hard,11.5768,11.5768,1,0.0,0.0,0.0,0.0,1.0,0.0,0.0,0.0,0.0,1.0,0.0,,0.0,True,Qwen/Qwen2.5-Coder-32B-Instruct-AWQ,None
1432@y_name@DESC,Bar,Hard,11.5768,11.5768,1,0.0,0.0,0.0,0.0,1.0,0.0,0.0,0.0,0.0,1.0,0.0,,0.0,True,Qwen/Qwen2.5-Coder-32B-Instruct-AWQ,None
1432@y_name@DESC,Bar,Hard,11.5768,11.5768,1,0.0,0.0,0.0,0.0,1.0,0.0,0.0,0.0,0.0,1.0,0.0,,0.0,True,Qwen/Qwen2.5-Coder-32B-Instruct-AWQ,None
679@x_name@ASC,Bar,Medium,5.306,5.306,1,0.0,0.0,0.0,0.0,0.0,0.0,0.0,0.0,0.0,0.0,1.0,0.0,0.0,False,Qwen/Qwen2.5-Coder-32B-Instruct-AWQ,None
679@x_name@ASC,Bar,Medium,5.306,5.306,1,0.0,0.0,0.0,0.0,0.0,0.0,0.0,0.0,0.0,0.0,1.0,0.0,0.0,False,Qwen/Qwen2.5-Coder-32B-Instruct-AWQ,None
679@x_name@ASC,Bar,Medium,5.306,5.306,1,0.0,0.0,0.0,0.0,0.0,0.0,0.0,0.0,0.0,0.0,1.0,0.0,0.0,False,Qwen/Qwen2.5-Coder-32B-Instruct-AWQ,None
680@y_name@DESC,Stacked Bar,Hard,7.9797,15.9594,2,0.0,0.0,0.0,0.0,0.0,1.0,0.0,0.0,0.0,1.0,0.0,,0.0,False,Qwen/Qwen2.5-Coder-32B-Instruct-AWQ,None
680@y_name@DESC,Stacked Bar,Hard,7.9797,15.9594,2,0.0,0.0,0.0,0.0,0.0,1.0,0.0,0.0,0.0,1.0,0.0,,0.0,False,Qwen/Qwen2.5-Coder-32B-Instruct-AWQ,None
680@y_name@DESC,Stacked Bar,Hard,7.9797,15.9594,2,0.0,0.0,0.0,0.0,0.0,1.0,0.0,0.0,0.0,1.0,0.0,,0.0,False,Qwen/Qwen2.5-Coder-32B-Instruct-AWQ,None
682@x_name@ASC,Bar,Medium,5.3944,5.3944,1,0.0,0.0,0.0,0.0,0.0,0.0,0.0,0.0,0.0,0.0,1.0,0.0,0.0,False,Qwen/Qwen2.5-Coder-32B-Instruct-AWQ,None
682@x_name@ASC,Bar,Medium,5.3944,5.3944,1,0.0,0.0,0.0,0.0,0.0,0.0,0.0,0.0,0.0,0.0,1.0,0.0,0.0,False,Qwen/Qwen2.5-Coder-32B-Instruct-AWQ,None
682@x_name@ASC,Bar,Medium,5.3944,5.3944,1,0.0,0.0,0.0,0.0,0.0,0.0,0.0,0.0,0.0,0.0,1.0,0.0,0.0,False,Qwen/Qwen2.5-Coder-32B-Instruct-AWQ,None
2494@x_name@DESC,Bar,Medium,41.0042,41.0042,1,1.0,0.0,0.0,0.0,0.0,0.0,0.0,0.0,1.0,0.0,0.0,,0.0,False,Qwen/Qwen2.5-Coder-32B-Instruct-AWQ,None
2494@x_name@DESC,Bar,Medium,41.0042,41.0042,1,1.0,0.0,0.0,0.0,0.0,0.0,0.0,0.0,1.0,0.0,0.0,,0.0,False,Qwen/Qwen2.5-Coder-32B-Instruct-AWQ,None
2494@x_name@DESC,Bar,Medium,41.0042,41.0042,1,1.0,0.0,0.0,0.0,0.0,0.0,0.0,0.0,1.0,0.0,0.0,,0.0,False,Qwen/Qwen2.5-Coder-32B-Instruct-AWQ,None
415@x_name@DESC,Line,Medium,6.4722,25.8889,4,0.0,0.0,0.0,0.0,0.0,0.0,0.0,0.0,0.0,0.0,1.0,0.0,0.0,False,Qwen/Qwen2.5-Coder-32B-Instruct-AWQ,None
415@x_name@DESC,Line,Medium,6.4722,25.8889,4,0.0,0.0,0.0,0.0,0.0,0.0,0.0,0.0,0.0,0.0,1.0,0.0,0.0,False,Qwen/Qwen2.5-Coder-32B-Instruct-AWQ,None
415@x_name@DESC,Line,Medium,6.4722,25.8889,4,0.0,0.0,0.0,0.0,0.0,0.0,0.0,0.0,0.0,0.0,1.0,0.0,0.0,False,Qwen/Qwen2.5-Coder-32B-Instruct-AWQ,None
420@x_name@ASC,Bar,Hard,10.5593,21.1186,2,0.0,0.0,0.0,0.0,0.0,0.0,0.0,0.0,0.0,0.0,1.0,0.0,0.0,True,Qwen/Qwen2.5-Coder-32B-Instruct-AWQ,None
420@x_name@ASC,Bar,Hard,10.5593,21.1186,2,0.0,0.0,0.0,0.0,0.0,0.0,0.0,0.0,0.0,0.0,1.0,0.0,0.0,True,Qwen/Qwen2.5-Coder-32B-Instruct-AWQ,None
420@x_name@ASC,Bar,Hard,10.5593,21.1186,2,0.0,0.0,0.0,0.0,0.0,0.0,0.0,0.0,0.0,0.0,1.0,0.0,0.0,True,Qwen/Qwen2.5-Coder-32B-Instruct-AWQ,None
434@y_name@DESC,Bar,Hard,13.3082,79.8494,6,0.0,0.0,0.0,0.0,0.0,0.0,0.0,0.0,0.0,0.0,1.0,0.0,0.0,True,Qwen/Qwen2.5-Coder-32B-Instruct-AWQ,None
434@y_name@DESC,Bar,Hard,13.3082,79.8494,6,0.0,0.0,0.0,0.0,0.0,0.0,0.0,0.0,0.0,0.0,1.0,0.0,0.0,True,Qwen/Qwen2.5-Coder-32B-Instruct-AWQ,None
434@y_name@DESC,Bar,Hard,13.3082,79.8494,6,0.0,0.0,0.0,0.0,0.0,0.0,0.0,0.0,0.0,0.0,1.0,0.0,0.0,True,Qwen/Qwen2.5-Coder-32B-Instruct-AWQ,None
1032@y_name@DESC,Bar,Medium,5.7693,34.6156,6,0.0,0.0,0.0,0.0,0.0,0.0,0.0,0.0,0.0,0.0,1.0,0.0,0.0,False,Qwen/Qwen2.5-Coder-32B-Instruct-AWQ,None
1032@y_name@DESC,Bar,Medium,5.7693,34.6156,6,0.0,0.0,0.0,0.0,0.0,0.0,0.0,0.0,0.0,0.0,1.0,0.0,0.0,False,Qwen/Qwen2.5-Coder-32B-Instruct-AWQ,None
1032@y_name@DESC,Bar,Medium,5.7693,34.6156,6,0.0,0.0,0.0,0.0,0.0,0.0,0.0,0.0,0.0,0.0,1.0,0.0,0.0,False,Qwen/Qwen2.5-Coder-32B-Instruct-AWQ,None
1043@y_name@DESC,Bar,Medium,6.3366,19.0097,3,0.0,0.0,0.0,0.0,0.0,0.0,0.0,0.0,0.0,0.0,1.0,0.0,0.0,False,Qwen/Qwen2.5-Coder-32B-Instruct-AWQ,None
1043@y_name@DESC,Bar,Medium,6.3366,19.0097,3,0.0,0.0,0.0,0.0,0.0,0.0,0.0,0.0,0.0,0.0,1.0,0.0,0.0,False,Qwen/Qwen2.5-Coder-32B-Instruct-AWQ,None
1043@y_name@DESC,Bar,Medium,6.3366,19.0097,3,0.0,0.0,0.0,0.0,0.0,0.0,0.0,0.0,0.0,0.0,1.0,0.0,0.0,False,Qwen/Qwen2.5-Coder-32B-Instruct-AWQ,None
1060@y_name@DESC,Bar,Hard,16.8067,67.2269,4,0.0,0.0,0.0,0.0,0.0,0.0,0.0,0.0,0.0,0.0,1.0,0.0,0.0,True,Qwen/Qwen2.5-Coder-32B-Instruct-AWQ,None
1060@y_name@DESC,Bar,Hard,16.8067,67.2269,4,0.0,0.0,0.0,0.0,0.0,0.0,0.0,0.0,0.0,0.0,1.0,0.0,0.0,True,Qwen/Qwen2.5-Coder-32B-Instruct-AWQ,None
1060@y_name@DESC,Bar,Hard,16.8067,67.2269,4,0.0,0.0,0.0,0.0,0.0,0.0,0.0,0.0,0.0,0.0,1.0,0.0,0.0,True,Qwen/Qwen2.5-Coder-32B-Instruct-AWQ,None
2162@y_name@ASC,Bar,Extra Hard,15.9503,47.8509,3,0.0,0.0,0.0,0.0,0.0,0.0,0.0,0.0,0.0,0.0,1.0,0.0,0.0,True,Qwen/Qwen2.5-Coder-32B-Instruct-AWQ,None
2162@y_name@ASC,Bar,Extra Hard,15.9503,47.8509,3,0.0,0.0,0.0,0.0,0.0,0.0,0.0,0.0,0.0,0.0,1.0,0.0,0.0,True,Qwen/Qwen2.5-Coder-32B-Instruct-AWQ,None
2162@y_name@ASC,Bar,Extra Hard,15.9503,47.8509,3,0.0,0.0,0.0,0.0,0.0,0.0,0.0,0.0,0.0,0.0,1.0,0.0,0.0,True,Qwen/Qwen2.5-Coder-32B-Instruct-AWQ,None
2164@y_name@ASC,Bar,Hard,24.2947,24.2947,1,0.0,0.0,0.0,0.0,0.0,1.0,0.0,0.0,0.0,1.0,0.0,,0.0,True,Qwen/Qwen2.5-Coder-32B-Instruct-AWQ,None
2164@y_name@ASC,Bar,Hard,24.2947,24.2947,1,0.0,0.0,0.0,0.0,0.0,1.0,0.0,0.0,0.0,1.0,0.0,,0.0,True,Qwen/Qwen2.5-Coder-32B-Instruct-AWQ,None
2164@y_name@ASC,Bar,Hard,24.2947,24.2947,1,0.0,0.0,0.0,0.0,0.0,1.0,0.0,0.0,0.0,1.0,0.0,,0.0,True,Qwen/Qwen2.5-Coder-32B-Instruct-AWQ,None
2165@y_name@DESC,Bar,Hard,34.8713,104.614,3,0.0,0.0,0.0,0.0,0.0,0.0,0.0,0.0,0.0,0.0,1.0,0.0,0.0,False,Qwen/Qwen2.5-Coder-32B-Instruct-AWQ,None
2165@y_name@DESC,Bar,Hard,34.8713,104.614,3,0.0,0.0,0.0,0.0,0.0,0.0,0.0,0.0,0.0,0.0,1.0,0.0,0.0,False,Qwen/Qwen2.5-Coder-32B-Instruct-AWQ,None
2165@y_name@DESC,Bar,Hard,34.8713,104.614,3,0.0,0.0,0.0,0.0,0.0,0.0,0.0,0.0,0.0,0.0,1.0,0.0,0.0,False,Qwen/Qwen2.5-Coder-32B-Instruct-AWQ,None
2169@y_name@ASC,Bar,Medium,5.4441,10.8882,2,0.0,0.0,0.0,0.0,0.0,0.0,0.0,0.0,0.0,0.0,1.0,0.0,0.0,False,Qwen/Qwen2.5-Coder-32B-Instruct-AWQ,None
2169@y_name@ASC,Bar,Medium,5.4441,10.8882,2,0.0,0.0,0.0,0.0,0.0,0.0,0.0,0.0,0.0,0.0,1.0,0.0,0.0,False,Qwen/Qwen2.5-Coder-32B-Instruct-AWQ,None
2169@y_name@ASC,Bar,Medium,5.4441,10.8882,2,0.0,0.0,0.0,0.0,0.0,0.0,0.0,0.0,0.0,0.0,1.0,0.0,0.0,False,Qwen/Qwen2.5-Coder-32B-Instruct-AWQ,None
2766@y_name@ASC,Bar,Extra Hard,24.8925,74.6776,3,0.0,0.0,0.0,0.0,0.0,0.0,0.0,0.0,0.0,0.0,1.0,0.0,0.0,True,Qwen/Qwen2.5-Coder-32B-Instruct-AWQ,None
2766@y_name@ASC,Bar,Extra Hard,24.8925,74.6776,3,0.0,0.0,0.0,0.0,0.0,0.0,0.0,0.0,0.0,0.0,1.0,0.0,0.0,True,Qwen/Qwen2.5-Coder-32B-Instruct-AWQ,None
2766@y_name@ASC,Bar,Extra Hard,24.8925,74.6776,3,0.0,0.0,0.0,0.0,0.0,0.0,0.0,0.0,0.0,0.0,1.0,0.0,0.0,True,Qwen/Qwen2.5-Coder-32B-Instruct-AWQ,None
3279@y_name@ASC,Bar,Medium,17.3355,104.0128,6,0.0,0.0,0.0,0.0,0.0,0.0,0.0,0.0,0.0,0.0,1.0,0.0,0.0,False,Qwen/Qwen2.5-Coder-32B-Instruct-AWQ,None
3279@y_name@ASC,Bar,Medium,17.3355,104.0128,6,0.0,0.0,0.0,0.0,0.0,0.0,0.0,0.0,0.0,0.0,1.0,0.0,0.0,False,Qwen/Qwen2.5-Coder-32B-Instruct-AWQ,None
3279@y_name@ASC,Bar,Medium,17.3355,104.0128,6,0.0,0.0,0.0,0.0,0.0,0.0,0.0,0.0,0.0,0.0,1.0,0.0,0.0,False,Qwen/Qwen2.5-Coder-32B-Instruct-AWQ,None
3283@y_name@ASC,Bar,Medium,14.8498,59.3991,4,0.0,0.0,0.0,0.0,0.0,0.0,0.0,0.0,0.0,0.0,1.0,0.0,0.0,False,Qwen/Qwen2.5-Coder-32B-Instruct-AWQ,None
3283@y_name@ASC,Bar,Medium,14.8498,59.3991,4,0.0,0.0,0.0,0.0,0.0,0.0,0.0,0.0,0.0,0.0,1.0,0.0,0.0,False,Qwen/Qwen2.5-Coder-32B-Instruct-AWQ,None
3283@y_name@ASC,Bar,Medium,14.8498,59.3991,4,0.0,0.0,0.0,0.0,0.0,0.0,0.0,0.0,0.0,0.0,1.0,0.0,0.0,False,Qwen/Qwen2.5-Coder-32B-Instruct-AWQ,None
2537@y_name@DESC,Bar,Extra Hard,24.2472,48.4943,2,0.0,0.0,0.0,0.0,0.0,0.0,0.0,0.0,0.0,0.0,1.0,0.0,0.0,True,Qwen/Qwen2.5-Coder-32B-Instruct-AWQ,None
2537@y_name@DESC,Bar,Extra Hard,24.2472,48.4943,2,0.0,0.0,0.0,0.0,0.0,0.0,0.0,0.0,0.0,0.0,1.0,0.0,0.0,True,Qwen/Qwen2.5-Coder-32B-Instruct-AWQ,None
2537@y_name@DESC,Bar,Extra Hard,24.2472,48.4943,2,0.0,0.0,0.0,0.0,0.0,0.0,0.0,0.0,0.0,0.0,1.0,0.0,0.0,True,Qwen/Qwen2.5-Coder-32B-Instruct-AWQ,None
2539@y_name@ASC,Bar,Medium,29.8454,59.6908,2,0.0,0.0,0.0,0.0,0.0,0.0,0.0,0.0,0.0,0.0,1.0,0.0,0.0,False,Qwen/Qwen2.5-Coder-32B-Instruct-AWQ,None
2539@y_name@ASC,Bar,Medium,29.8454,59.6908,2,0.0,0.0,0.0,0.0,0.0,0.0,0.0,0.0,0.0,0.0,1.0,0.0,0.0,False,Qwen/Qwen2.5-Coder-32B-Instruct-AWQ,None
2539@y_name@ASC,Bar,Medium,29.8454,59.6908,2,0.0,0.0,0.0,0.0,0.0,0.0,0.0,0.0,0.0,0.0,1.0,0.0,0.0,False,Qwen/Qwen2.5-Coder-32B-Instruct-AWQ,None
1069@x_name@DESC,Bar,Medium,6.8826,13.7653,2,0.0,0.0,0.0,0.0,0.0,1.0,0.0,0.0,0.0,1.0,0.0,,0.0,False,Qwen/Qwen2.5-Coder-32B-Instruct-AWQ,None
1069@x_name@DESC,Bar,Medium,6.8826,13.7653,2,0.0,0.0,0.0,0.0,0.0,1.0,0.0,0.0,0.0,1.0,0.0,,0.0,False,Qwen/Qwen2.5-Coder-32B-Instruct-AWQ,None
1069@x_name@DESC,Bar,Medium,6.8826,13.7653,2,0.0,0.0,0.0,0.0,0.0,1.0,0.0,0.0,0.0,1.0,0.0,,0.0,False,Qwen/Qwen2.5-Coder-32B-Instruct-AWQ,None
1077@y_name@ASC,Bar,Medium,25.6564,51.3128,2,0.0,0.0,0.0,0.0,0.0,0.0,0.0,0.0,0.0,0.0,1.0,0.0,0.0,False,Qwen/Qwen2.5-Coder-32B-Instruct-AWQ,None
1077@y_name@ASC,Bar,Medium,25.6564,51.3128,2,0.0,0.0,0.0,0.0,0.0,0.0,0.0,0.0,0.0,0.0,1.0,0.0,0.0,False,Qwen/Qwen2.5-Coder-32B-Instruct-AWQ,None
1077@y_name@ASC,Bar,Medium,25.6564,51.3128,2,0.0,0.0,0.0,0.0,0.0,0.0,0.0,0.0,0.0,0.0,1.0,0.0,0.0,False,Qwen/Qwen2.5-Coder-32B-Instruct-AWQ,None
1078@x_name@ASC,Bar,Hard,12.1525,12.1525,1,0.0,0.0,0.0,0.0,0.0,0.0,0.0,0.0,0.0,0.0,1.0,0.0,0.0,True,Qwen/Qwen2.5-Coder-32B-Instruct-AWQ,None
1078@x_name@ASC,Bar,Hard,12.1525,12.1525,1,0.0,0.0,0.0,0.0,0.0,0.0,0.0,0.0,0.0,0.0,1.0,0.0,0.0,True,Qwen/Qwen2.5-Coder-32B-Instruct-AWQ,None
1078@x_name@ASC,Bar,Hard,12.1525,12.1525,1,0.0,0.0,0.0,0.0,0.0,0.0,0.0,0.0,0.0,0.0,1.0,0.0,0.0,True,Qwen/Qwen2.5-Coder-32B-Instruct-AWQ,None
1080@x_name@DESC,Bar,Hard,41.8247,41.8247,1,0.0,0.0,0.0,0.0,0.0,1.0,0.0,0.0,0.0,1.0,0.0,,0.0,True,Qwen/Qwen2.5-Coder-32B-Instruct-AWQ,None
1080@x_name@DESC,Bar,Hard,41.8247,41.8247,1,0.0,0.0,0.0,0.0,0.0,1.0,0.0,0.0,0.0,1.0,0.0,,0.0,True,Qwen/Qwen2.5-Coder-32B-Instruct-AWQ,None
1080@x_name@DESC,Bar,Hard,41.8247,41.8247,1,0.0,0.0,0.0,0.0,0.0,1.0,0.0,0.0,0.0,1.0,0.0,,0.0,True,Qwen/Qwen2.5-Coder-32B-Instruct-AWQ,None
1083@x_name@DESC,Bar,Hard,12.1821,12.1821,1,0.0,0.0,0.0,0.0,0.0,1.0,0.0,0.0,0.0,1.0,0.0,,0.0,True,Qwen/Qwen2.5-Coder-32B-Instruct-AWQ,None
1083@x_name@DESC,Bar,Hard,12.1821,12.1821,1,0.0,0.0,0.0,0.0,0.0,1.0,0.0,0.0,0.0,1.0,0.0,,0.0,True,Qwen/Qwen2.5-Coder-32B-Instruct-AWQ,None
1083@x_name@DESC,Bar,Hard,12.1821,12.1821,1,0.0,0.0,0.0,0.0,0.0,1.0,0.0,0.0,0.0,1.0,0.0,,0.0,True,Qwen/Qwen2.5-Coder-32B-Instruct-AWQ,None
1250@y_name@DESC,Bar,Extra Hard,26.707,106.8278,4,0.0,0.0,0.0,0.0,0.5,0.5,0.0,0.0,0.0,1.0,0.0,,0.0,True,Qwen/Qwen2.5-Coder-32B-Instruct-AWQ,None
1250@y_name@DESC,Bar,Extra Hard,26.707,106.8278,4,0.0,0.0,0.0,0.0,0.5,0.5,0.0,0.0,0.0,1.0,0.0,,0.0,True,Qwen/Qwen2.5-Coder-32B-Instruct-AWQ,None
1250@y_name@DESC,Bar,Extra Hard,26.707,106.8278,4,0.0,0.0,0.0,0.0,0.5,0.5,0.0,0.0,0.0,1.0,0.0,,0.0,True,Qwen/Qwen2.5-Coder-32B-Instruct-AWQ,None
1254@x_name@ASC,Line,Extra Hard,29.7853,59.5707,2,0.0,0.0,0.0,0.0,0.0,0.0,0.0,0.0,0.0,0.0,1.0,0.0,0.0,True,Qwen/Qwen2.5-Coder-32B-Instruct-AWQ,None
1254@x_name@ASC,Line,Extra Hard,29.7853,59.5707,2,0.0,0.0,0.0,0.0,0.0,0.0,0.0,0.0,0.0,0.0,1.0,0.0,0.0,True,Qwen/Qwen2.5-Coder-32B-Instruct-AWQ,None
1254@x_name@ASC,Line,Extra Hard,29.7853,59.5707,2,0.0,0.0,0.0,0.0,0.0,0.0,0.0,0.0,0.0,0.0,1.0,0.0,0.0,True,Qwen/Qwen2.5-Coder-32B-Instruct-AWQ,None
1273@x_name@DESC,Bar,Hard,29.7952,119.1808,4,0.0,0.0,0.0,0.0,0.0,0.5,0.0,0.0,0.0,0.5,0.5,0.0,0.0,True,Qwen/Qwen2.5-Coder-32B-Instruct-AWQ,None
1273@x_name@DESC,Bar,Hard,29.7952,119.1808,4,0.0,0.0,0.0,0.0,0.0,0.5,0.0,0.0,0.0,0.5,0.5,0.0,0.0,True,Qwen/Qwen2.5-Coder-32B-Instruct-AWQ,None
1273@x_name@DESC,Bar,Hard,29.7952,119.1808,4,0.0,0.0,0.0,0.0,0.0,0.5,0.0,0.0,0.0,0.5,0.5,0.0,0.0,True,Qwen/Qwen2.5-Coder-32B-Instruct-AWQ,None
1278@y_name@ASC,Bar,Hard,29.5503,59.1006,2,0.0,0.0,0.0,0.0,0.0,0.0,0.0,0.0,0.0,0.0,1.0,0.0,0.0,True,Qwen/Qwen2.5-Coder-32B-Instruct-AWQ,None
1278@y_name@ASC,Bar,Hard,29.5503,59.1006,2,0.0,0.0,0.0,0.0,0.0,0.0,0.0,0.0,0.0,0.0,1.0,0.0,0.0,True,Qwen/Qwen2.5-Coder-32B-Instruct-AWQ,None
1278@y_name@ASC,Bar,Hard,29.5503,59.1006,2,0.0,0.0,0.0,0.0,0.0,0.0,0.0,0.0,0.0,0.0,1.0,0.0,0.0,True,Qwen/Qwen2.5-Coder-32B-Instruct-AWQ,None
1289@y_name@DESC,Bar,Hard,9.8331,19.6662,2,0.0,0.0,0.0,0.0,0.0,0.0,0.0,0.0,0.0,0.0,1.0,0.0,0.0,True,Qwen/Qwen2.5-Coder-32B-Instruct-AWQ,None
1289@y_name@DESC,Bar,Hard,9.8331,19.6662,2,0.0,0.0,0.0,0.0,0.0,0.0,0.0,0.0,0.0,0.0,1.0,0.0,0.0,True,Qwen/Qwen2.5-Coder-32B-Instruct-AWQ,None
1289@y_name@DESC,Bar,Hard,9.8331,19.6662,2,0.0,0.0,0.0,0.0,0.0,0.0,0.0,0.0,0.0,0.0,1.0,0.0,0.0,True,Qwen/Qwen2.5-Coder-32B-Instruct-AWQ,None
1293@y_name@DESC,Bar,Extra Hard,42.0247,42.0247,1,0.0,1.0,0.0,0.0,0.0,0.0,0.0,0.0,1.0,0.0,0.0,,0.0,True,Qwen/Qwen2.5-Coder-32B-Instruct-AWQ,None
1293@y_name@DESC,Bar,Extra Hard,42.0247,42.0247,1,0.0,1.0,0.0,0.0,0.0,0.0,0.0,0.0,1.0,0.0,0.0,,0.0,True,Qwen/Qwen2.5-Coder-32B-Instruct-AWQ,None
1293@y_name@DESC,Bar,Extra Hard,42.0247,42.0247,1,0.0,1.0,0.0,0.0,0.0,0.0,0.0,0.0,1.0,0.0,0.0,,0.0,True,Qwen/Qwen2.5-Coder-32B-Instruct-AWQ,None
1298@y_name@ASC,Bar,Medium,53.8524,107.7049,2,1.0,0.0,0.0,0.0,0.0,0.0,0.0,0.0,1.0,0.0,0.0,,0.0,False,Qwen/Qwen2.5-Coder-32B-Instruct-AWQ,None
1298@y_name@ASC,Bar,Medium,53.8524,107.7049,2,1.0,0.0,0.0,0.0,0.0,0.0,0.0,0.0,1.0,0.0,0.0,,0.0,False,Qwen/Qwen2.5-Coder-32B-Instruct-AWQ,None
1298@y_name@ASC,Bar,Medium,53.8524,107.7049,2,1.0,0.0,0.0,0.0,0.0,0.0,0.0,0.0,1.0,0.0,0.0,,0.0,False,Qwen/Qwen2.5-Coder-32B-Instruct-AWQ,None
1299@y_name@DESC,Bar,Medium,7.4958,14.9915,2,0.0,0.0,0.0,0.0,0.0,0.0,0.0,0.0,0.0,0.0,1.0,0.0,0.0,False,Qwen/Qwen2.5-Coder-32B-Instruct-AWQ,None
1299@y_name@DESC,Bar,Medium,7.4958,14.9915,2,0.0,0.0,0.0,0.0,0.0,0.0,0.0,0.0,0.0,0.0,1.0,0.0,0.0,False,Qwen/Qwen2.5-Coder-32B-Instruct-AWQ,None
1299@y_name@DESC,Bar,Medium,7.4958,14.9915,2,0.0,0.0,0.0,0.0,0.0,0.0,0.0,0.0,0.0,0.0,1.0,0.0,0.0,False,Qwen/Qwen2.5-Coder-32B-Instruct-AWQ,None
1300@x_name@DESC,Line,Medium,6.4784,6.4784,1,0.0,0.0,0.0,0.0,1.0,0.0,0.0,0.0,0.0,1.0,0.0,,0.0,False,Qwen/Qwen2.5-Coder-32B-Instruct-AWQ,None
1300@x_name@DESC,Line,Medium,6.4784,6.4784,1,0.0,0.0,0.0,0.0,1.0,0.0,0.0,0.0,0.0,1.0,0.0,,0.0,False,Qwen/Qwen2.5-Coder-32B-Instruct-AWQ,None
1300@x_name@DESC,Line,Medium,6.4784,6.4784,1,0.0,0.0,0.0,0.0,1.0,0.0,0.0,0.0,0.0,1.0,0.0,,0.0,False,Qwen/Qwen2.5-Coder-32B-Instruct-AWQ,None
769@x_name@DESC,Bar,Medium,45.0321,45.0321,1,0.0,0.0,0.0,0.0,0.0,1.0,0.0,0.0,0.0,1.0,0.0,,0.0,False,Qwen/Qwen2.5-Coder-32B-Instruct-AWQ,None
769@x_name@DESC,Bar,Medium,45.0321,45.0321,1,0.0,0.0,0.0,0.0,0.0,1.0,0.0,0.0,0.0,1.0,0.0,,0.0,False,Qwen/Qwen2.5-Coder-32B-Instruct-AWQ,None
769@x_name@DESC,Bar,Medium,45.0321,45.0321,1,0.0,0.0,0.0,0.0,0.0,1.0,0.0,0.0,0.0,1.0,0.0,,0.0,False,Qwen/Qwen2.5-Coder-32B-Instruct-AWQ,None
772@y_name@DESC,Bar,Medium,7.9516,15.9032,2,0.0,0.0,0.0,0.0,0.0,0.0,0.0,0.0,0.0,0.0,1.0,0.0,0.0,False,Qwen/Qwen2.5-Coder-32B-Instruct-AWQ,None
772@y_name@DESC,Bar,Medium,7.9516,15.9032,2,0.0,0.0,0.0,0.0,0.0,0.0,0.0,0.0,0.0,0.0,1.0,0.0,0.0,False,Qwen/Qwen2.5-Coder-32B-Instruct-AWQ,None
772@y_name@DESC,Bar,Medium,7.9516,15.9032,2,0.0,0.0,0.0,0.0,0.0,0.0,0.0,0.0,0.0,0.0,1.0,0.0,0.0,False,Qwen/Qwen2.5-Coder-32B-Instruct-AWQ,None
773@x_name@DESC,Line,Medium,7.8527,15.7054,2,0.0,0.0,0.0,0.0,0.0,0.0,0.0,0.0,0.0,0.0,1.0,0.0,0.0,False,Qwen/Qwen2.5-Coder-32B-Instruct-AWQ,None
773@x_name@DESC,Line,Medium,7.8527,15.7054,2,0.0,0.0,0.0,0.0,0.0,0.0,0.0,0.0,0.0,0.0,1.0,0.0,0.0,False,Qwen/Qwen2.5-Coder-32B-Instruct-AWQ,None
773@x_name@DESC,Line,Medium,7.8527,15.7054,2,0.0,0.0,0.0,0.0,0.0,0.0,0.0,0.0,0.0,0.0,1.0,0.0,0.0,False,Qwen/Qwen2.5-Coder-32B-Instruct-AWQ,None
780@y_name@DESC,Stacked Bar,Extra Hard,44.7135,44.7135,1,1.0,0.0,0.0,0.0,0.0,0.0,0.0,0.0,1.0,0.0,0.0,,0.0,False,Qwen/Qwen2.5-Coder-32B-Instruct-AWQ,None
780@y_name@DESC,Stacked Bar,Extra Hard,44.7135,44.7135,1,1.0,0.0,0.0,0.0,0.0,0.0,0.0,0.0,1.0,0.0,0.0,,0.0,False,Qwen/Qwen2.5-Coder-32B-Instruct-AWQ,None
780@y_name@DESC,Stacked Bar,Extra Hard,44.7135,44.7135,1,1.0,0.0,0.0,0.0,0.0,0.0,0.0,0.0,1.0,0.0,0.0,,0.0,False,Qwen/Qwen2.5-Coder-32B-Instruct-AWQ,None
782@y_name@ASC,Bar,Medium,5.5351,33.2108,6,0.0,0.0,0.0,0.0,0.0,0.0,0.0,0.0,0.0,0.0,1.0,0.0,0.0,False,Qwen/Qwen2.5-Coder-32B-Instruct-AWQ,None
782@y_name@ASC,Bar,Medium,5.5351,33.2108,6,0.0,0.0,0.0,0.0,0.0,0.0,0.0,0.0,0.0,0.0,1.0,0.0,0.0,False,Qwen/Qwen2.5-Coder-32B-Instruct-AWQ,None
782@y_name@ASC,Bar,Medium,5.5351,33.2108,6,0.0,0.0,0.0,0.0,0.0,0.0,0.0,0.0,0.0,0.0,1.0,0.0,0.0,False,Qwen/Qwen2.5-Coder-32B-Instruct-AWQ,None
783@y_name@DESC,Bar,Medium,7.8211,15.6422,2,0.0,0.0,0.0,0.0,0.0,0.0,0.0,0.0,0.0,0.0,1.0,0.0,0.0,False,Qwen/Qwen2.5-Coder-32B-Instruct-AWQ,None
783@y_name@DESC,Bar,Medium,7.8211,15.6422,2,0.0,0.0,0.0,0.0,0.0,0.0,0.0,0.0,0.0,0.0,1.0,0.0,0.0,False,Qwen/Qwen2.5-Coder-32B-Instruct-AWQ,None
783@y_name@DESC,Bar,Medium,7.8211,15.6422,2,0.0,0.0,0.0,0.0,0.0,0.0,0.0,0.0,0.0,0.0,1.0,0.0,0.0,False,Qwen/Qwen2.5-Coder-32B-Instruct-AWQ,None
791@x_name@DESC,Bar,Medium,5.6986,5.6986,1,0.0,0.0,0.0,0.0,0.0,1.0,0.0,0.0,0.0,1.0,0.0,,0.0,False,Qwen/Qwen2.5-Coder-32B-Instruct-AWQ,None
791@x_name@DESC,Bar,Medium,5.6986,5.6986,1,0.0,0.0,0.0,0.0,0.0,1.0,0.0,0.0,0.0,1.0,0.0,,0.0,False,Qwen/Qwen2.5-Coder-32B-Instruct-AWQ,None
791@x_name@DESC,Bar,Medium,5.6986,5.6986,1,0.0,0.0,0.0,0.0,0.0,1.0,0.0,0.0,0.0,1.0,0.0,,0.0,False,Qwen/Qwen2.5-Coder-32B-Instruct-AWQ,None
1122@y_name@ASC,Bar,Medium,5.6889,17.0667,3,0.0,0.0,0.0,0.0,0.0,0.0,0.0,0.0,0.0,0.0,1.0,0.0,0.0,False,Qwen/Qwen2.5-Coder-32B-Instruct-AWQ,None
1122@y_name@ASC,Bar,Medium,5.6889,17.0667,3,0.0,0.0,0.0,0.0,0.0,0.0,0.0,0.0,0.0,0.0,1.0,0.0,0.0,False,Qwen/Qwen2.5-Coder-32B-Instruct-AWQ,None
1122@y_name@ASC,Bar,Medium,5.6889,17.0667,3,0.0,0.0,0.0,0.0,0.0,0.0,0.0,0.0,0.0,0.0,1.0,0.0,0.0,False,Qwen/Qwen2.5-Coder-32B-Instruct-AWQ,None
1137@y_name@DESC,Bar,Extra Hard,11.5962,11.5962,1,0.0,0.0,0.0,0.0,0.0,0.0,0.0,0.0,0.0,0.0,1.0,0.0,0.0,True,Qwen/Qwen2.5-Coder-32B-Instruct-AWQ,None
1137@y_name@DESC,Bar,Extra Hard,11.5962,11.5962,1,0.0,0.0,0.0,0.0,0.0,0.0,0.0,0.0,0.0,0.0,1.0,0.0,0.0,True,Qwen/Qwen2.5-Coder-32B-Instruct-AWQ,None
1137@y_name@DESC,Bar,Extra Hard,11.5962,11.5962,1,0.0,0.0,0.0,0.0,0.0,0.0,0.0,0.0,0.0,0.0,1.0,0.0,0.0,True,Qwen/Qwen2.5-Coder-32B-Instruct-AWQ,None
1138@y_name@ASC,Bar,Extra Hard,15.6614,15.6614,1,0.0,0.0,0.0,0.0,0.0,0.0,0.0,0.0,0.0,0.0,1.0,0.0,0.0,True,Qwen/Qwen2.5-Coder-32B-Instruct-AWQ,None
1138@y_name@ASC,Bar,Extra Hard,15.6614,15.6614,1,0.0,0.0,0.0,0.0,0.0,0.0,0.0,0.0,0.0,0.0,1.0,0.0,0.0,True,Qwen/Qwen2.5-Coder-32B-Instruct-AWQ,None
1138@y_name@ASC,Bar,Extra Hard,15.6614,15.6614,1,0.0,0.0,0.0,0.0,0.0,0.0,0.0,0.0,0.0,0.0,1.0,0.0,0.0,True,Qwen/Qwen2.5-Coder-32B-Instruct-AWQ,None
1139@y_name@ASC,Bar,Extra Hard,14.9204,14.9204,1,0.0,0.0,0.0,0.0,0.0,0.0,0.0,0.0,0.0,0.0,1.0,0.0,0.0,True,Qwen/Qwen2.5-Coder-32B-Instruct-AWQ,None
1139@y_name@ASC,Bar,Extra Hard,14.9204,14.9204,1,0.0,0.0,0.0,0.0,0.0,0.0,0.0,0.0,0.0,0.0,1.0,0.0,0.0,True,Qwen/Qwen2.5-Coder-32B-Instruct-AWQ,None
1139@y_name@ASC,Bar,Extra Hard,14.9204,14.9204,1,0.0,0.0,0.0,0.0,0.0,0.0,0.0,0.0,0.0,0.0,1.0,0.0,0.0,True,Qwen/Qwen2.5-Coder-32B-Instruct-AWQ,None
1142@y_name@ASC,Bar,Hard,12.9156,25.8313,2,0.0,0.0,0.0,0.0,0.0,0.0,0.0,0.0,0.0,0.0,1.0,0.0,0.0,True,Qwen/Qwen2.5-Coder-32B-Instruct-AWQ,None
1142@y_name@ASC,Bar,Hard,12.9156,25.8313,2,0.0,0.0,0.0,0.0,0.0,0.0,0.0,0.0,0.0,0.0,1.0,0.0,0.0,True,Qwen/Qwen2.5-Coder-32B-Instruct-AWQ,None
1142@y_name@ASC,Bar,Hard,12.9156,25.8313,2,0.0,0.0,0.0,0.0,0.0,0.0,0.0,0.0,0.0,0.0,1.0,0.0,0.0,True,Qwen/Qwen2.5-Coder-32B-Instruct-AWQ,None
997@x_name@DESC,Line,Hard,9.6405,9.6405,1,0.0,0.0,0.0,0.0,1.0,0.0,0.0,0.0,0.0,1.0,0.0,,0.0,True,Qwen/Qwen2.5-Coder-32B-Instruct-AWQ,None
997@x_name@DESC,Line,Hard,9.6405,9.6405,1,0.0,0.0,0.0,0.0,1.0,0.0,0.0,0.0,0.0,1.0,0.0,,0.0,True,Qwen/Qwen2.5-Coder-32B-Instruct-AWQ,None
997@x_name@DESC,Line,Hard,9.6405,9.6405,1,0.0,0.0,0.0,0.0,1.0,0.0,0.0,0.0,0.0,1.0,0.0,,0.0,True,Qwen/Qwen2.5-Coder-32B-Instruct-AWQ,None
1000@y_name@DESC,Bar,Medium,5.4226,16.2677,3,0.0,0.0,0.0,0.0,0.0,0.0,0.0,0.0,0.0,0.0,1.0,0.0,0.0,False,Qwen/Qwen2.5-Coder-32B-Instruct-AWQ,None
1000@y_name@DESC,Bar,Medium,5.4226,16.2677,3,0.0,0.0,0.0,0.0,0.0,0.0,0.0,0.0,0.0,0.0,1.0,0.0,0.0,False,Qwen/Qwen2.5-Coder-32B-Instruct-AWQ,None
1000@y_name@DESC,Bar,Medium,5.4226,16.2677,3,0.0,0.0,0.0,0.0,0.0,0.0,0.0,0.0,0.0,0.0,1.0,0.0,0.0,False,Qwen/Qwen2.5-Coder-32B-Instruct-AWQ,None
1006@y_name@ASC,Bar,Extra Hard,10.4191,10.4191,1,0.0,0.0,0.0,0.0,0.0,0.0,0.0,0.0,0.0,0.0,1.0,0.0,0.0,False,Qwen/Qwen2.5-Coder-32B-Instruct-AWQ,None
1006@y_name@ASC,Bar,Extra Hard,10.4191,10.4191,1,0.0,0.0,0.0,0.0,0.0,0.0,0.0,0.0,0.0,0.0,1.0,0.0,0.0,False,Qwen/Qwen2.5-Coder-32B-Instruct-AWQ,None
1006@y_name@ASC,Bar,Extra Hard,10.4191,10.4191,1,0.0,0.0,0.0,0.0,0.0,0.0,0.0,0.0,0.0,0.0,1.0,0.0,0.0,False,Qwen/Qwen2.5-Coder-32B-Instruct-AWQ,None
1009@y_name@DESC,Bar,Extra Hard,8.9638,8.9638,1,0.0,0.0,0.0,0.0,0.0,0.0,0.0,0.0,0.0,0.0,1.0,0.0,0.0,False,Qwen/Qwen2.5-Coder-32B-Instruct-AWQ,None
1009@y_name@DESC,Bar,Extra Hard,8.9638,8.9638,1,0.0,0.0,0.0,0.0,0.0,0.0,0.0,0.0,0.0,0.0,1.0,0.0,0.0,False,Qwen/Qwen2.5-Coder-32B-Instruct-AWQ,None
1009@y_name@DESC,Bar,Extra Hard,8.9638,8.9638,1,0.0,0.0,0.0,0.0,0.0,0.0,0.0,0.0,0.0,0.0,1.0,0.0,0.0,False,Qwen/Qwen2.5-Coder-32B-Instruct-AWQ,None
1010@x_name@DESC,Bar,Medium,7.0076,7.0076,1,0.0,0.0,0.0,0.0,0.0,1.0,0.0,0.0,0.0,1.0,0.0,,0.0,False,Qwen/Qwen2.5-Coder-32B-Instruct-AWQ,None
1010@x_name@DESC,Bar,Medium,7.0076,7.0076,1,0.0,0.0,0.0,0.0,0.0,1.0,0.0,0.0,0.0,1.0,0.0,,0.0,False,Qwen/Qwen2.5-Coder-32B-Instruct-AWQ,None
1010@x_name@DESC,Bar,Medium,7.0076,7.0076,1,0.0,0.0,0.0,0.0,0.0,1.0,0.0,0.0,0.0,1.0,0.0,,0.0,False,Qwen/Qwen2.5-Coder-32B-Instruct-AWQ,None
1242@y_name@ASC,Bar,Hard,36.888,36.888,1,0.0,0.0,0.0,0.0,0.0,0.0,0.0,0.0,0.0,0.0,1.0,0.0,0.0,False,Qwen/Qwen2.5-Coder-32B-Instruct-AWQ,None
1242@y_name@ASC,Bar,Hard,36.888,36.888,1,0.0,0.0,0.0,0.0,0.0,0.0,0.0,0.0,0.0,0.0,1.0,0.0,0.0,False,Qwen/Qwen2.5-Coder-32B-Instruct-AWQ,None
1242@y_name@ASC,Bar,Hard,36.888,36.888,1,0.0,0.0,0.0,0.0,0.0,0.0,0.0,0.0,0.0,0.0,1.0,0.0,0.0,False,Qwen/Qwen2.5-Coder-32B-Instruct-AWQ,None
1245@x_name@ASC,Bar,Medium,6.1433,6.1433,1,0.0,0.0,0.0,0.0,0.0,0.0,0.0,0.0,0.0,0.0,1.0,0.0,0.0,False,Qwen/Qwen2.5-Coder-32B-Instruct-AWQ,None
1245@x_name@ASC,Bar,Medium,6.1433,6.1433,1,0.0,0.0,0.0,0.0,0.0,0.0,0.0,0.0,0.0,0.0,1.0,0.0,0.0,False,Qwen/Qwen2.5-Coder-32B-Instruct-AWQ,None
1245@x_name@ASC,Bar,Medium,6.1433,6.1433,1,0.0,0.0,0.0,0.0,0.0,0.0,0.0,0.0,0.0,0.0,1.0,0.0,0.0,False,Qwen/Qwen2.5-Coder-32B-Instruct-AWQ,None
1247@x_name@ASC,Bar,Medium,5.9071,11.8141,2,0.0,0.0,0.0,0.0,0.0,0.0,0.0,0.0,0.0,0.0,1.0,0.0,0.0,False,Qwen/Qwen2.5-Coder-32B-Instruct-AWQ,None
1247@x_name@ASC,Bar,Medium,5.9071,11.8141,2,0.0,0.0,0.0,0.0,0.0,0.0,0.0,0.0,0.0,0.0,1.0,0.0,0.0,False,Qwen/Qwen2.5-Coder-32B-Instruct-AWQ,None
1247@x_name@ASC,Bar,Medium,5.9071,11.8141,2,0.0,0.0,0.0,0.0,0.0,0.0,0.0,0.0,0.0,0.0,1.0,0.0,0.0,False,Qwen/Qwen2.5-Coder-32B-Instruct-AWQ,None
2704@y_name@DESC,Bar,Medium,6.6188,13.2376,2,0.0,0.0,0.0,0.0,0.0,0.0,0.0,0.0,0.0,0.0,1.0,0.0,0.0,False,Qwen/Qwen2.5-Coder-32B-Instruct-AWQ,None
2704@y_name@DESC,Bar,Medium,6.6188,13.2376,2,0.0,0.0,0.0,0.0,0.0,0.0,0.0,0.0,0.0,0.0,1.0,0.0,0.0,False,Qwen/Qwen2.5-Coder-32B-Instruct-AWQ,None
2704@y_name@DESC,Bar,Medium,6.6188,13.2376,2,0.0,0.0,0.0,0.0,0.0,0.0,0.0,0.0,0.0,0.0,1.0,0.0,0.0,False,Qwen/Qwen2.5-Coder-32B-Instruct-AWQ,None
2706@y_name@DESC,Bar,Medium,7.4796,14.9593,2,0.0,0.0,0.0,0.0,0.0,0.0,0.0,0.0,0.0,0.0,1.0,0.0,0.0,False,Qwen/Qwen2.5-Coder-32B-Instruct-AWQ,None
2706@y_name@DESC,Bar,Medium,7.4796,14.9593,2,0.0,0.0,0.0,0.0,0.0,0.0,0.0,0.0,0.0,0.0,1.0,0.0,0.0,False,Qwen/Qwen2.5-Coder-32B-Instruct-AWQ,None
2706@y_name@DESC,Bar,Medium,7.4796,14.9593,2,0.0,0.0,0.0,0.0,0.0,0.0,0.0,0.0,0.0,0.0,1.0,0.0,0.0,False,Qwen/Qwen2.5-Coder-32B-Instruct-AWQ,None
2683@x_name@ASC,Bar,Hard,10.8466,10.8466,1,0.0,0.0,0.0,0.0,0.0,0.0,0.0,0.0,0.0,0.0,1.0,0.0,0.0,True,Qwen/Qwen2.5-Coder-32B-Instruct-AWQ,None
2683@x_name@ASC,Bar,Hard,10.8466,10.8466,1,0.0,0.0,0.0,0.0,0.0,0.0,0.0,0.0,0.0,0.0,1.0,0.0,0.0,True,Qwen/Qwen2.5-Coder-32B-Instruct-AWQ,None
2683@x_name@ASC,Bar,Hard,10.8466,10.8466,1,0.0,0.0,0.0,0.0,0.0,0.0,0.0,0.0,0.0,0.0,1.0,0.0,0.0,True,Qwen/Qwen2.5-Coder-32B-Instruct-AWQ,None
2051@x_name@ASC,Bar,Extra Hard,10.0664,10.0664,1,0.0,0.0,0.0,0.0,0.0,0.0,0.0,0.0,0.0,0.0,1.0,0.0,0.0,True,Qwen/Qwen2.5-Coder-32B-Instruct-AWQ,None
2051@x_name@ASC,Bar,Extra Hard,10.0664,10.0664,1,0.0,0.0,0.0,0.0,0.0,0.0,0.0,0.0,0.0,0.0,1.0,0.0,0.0,True,Qwen/Qwen2.5-Coder-32B-Instruct-AWQ,None
2051@x_name@ASC,Bar,Extra Hard,10.0664,10.0664,1,0.0,0.0,0.0,0.0,0.0,0.0,0.0,0.0,0.0,0.0,1.0,0.0,0.0,True,Qwen/Qwen2.5-Coder-32B-Instruct-AWQ,None
2052@y_name@ASC,Bar,Extra Hard,9.0933,9.0933,1,0.0,0.0,0.0,0.0,0.0,0.0,0.0,0.0,0.0,0.0,1.0,0.0,0.0,True,Qwen/Qwen2.5-Coder-32B-Instruct-AWQ,None
2052@y_name@ASC,Bar,Extra Hard,9.0933,9.0933,1,0.0,0.0,0.0,0.0,0.0,0.0,0.0,0.0,0.0,0.0,1.0,0.0,0.0,True,Qwen/Qwen2.5-Coder-32B-Instruct-AWQ,None
2052@y_name@ASC,Bar,Extra Hard,9.0933,9.0933,1,0.0,0.0,0.0,0.0,0.0,0.0,0.0,0.0,0.0,0.0,1.0,0.0,0.0,True,Qwen/Qwen2.5-Coder-32B-Instruct-AWQ,None
2053@x_name@ASC,Bar,Easy,9.117,27.3511,3,0.0,0.0,0.0,0.0,0.0,0.0,0.0,0.0,0.0,0.0,1.0,0.0,0.0,False,Qwen/Qwen2.5-Coder-32B-Instruct-AWQ,None
2053@x_name@ASC,Bar,Easy,9.117,27.3511,3,0.0,0.0,0.0,0.0,0.0,0.0,0.0,0.0,0.0,0.0,1.0,0.0,0.0,False,Qwen/Qwen2.5-Coder-32B-Instruct-AWQ,None
2053@x_name@ASC,Bar,Easy,9.117,27.3511,3,0.0,0.0,0.0,0.0,0.0,0.0,0.0,0.0,0.0,0.0,1.0,0.0,0.0,False,Qwen/Qwen2.5-Coder-32B-Instruct-AWQ,None
2060@y_name@DESC,Bar,Extra Hard,15.6088,31.2177,2,0.0,0.0,0.0,0.0,0.0,0.0,0.0,0.0,0.0,0.0,1.0,0.0,0.0,True,Qwen/Qwen2.5-Coder-32B-Instruct-AWQ,None
2060@y_name@DESC,Bar,Extra Hard,15.6088,31.2177,2,0.0,0.0,0.0,0.0,0.0,0.0,0.0,0.0,0.0,0.0,1.0,0.0,0.0,True,Qwen/Qwen2.5-Coder-32B-Instruct-AWQ,None
2060@y_name@DESC,Bar,Extra Hard,15.6088,31.2177,2,0.0,0.0,0.0,0.0,0.0,0.0,0.0,0.0,0.0,0.0,1.0,0.0,0.0,True,Qwen/Qwen2.5-Coder-32B-Instruct-AWQ,None
2063@y_name@ASC,Bar,Hard,12.3685,12.3685,1,0.0,0.0,0.0,0.0,0.0,0.0,0.0,0.0,0.0,0.0,1.0,0.0,0.0,True,Qwen/Qwen2.5-Coder-32B-Instruct-AWQ,None
2063@y_name@ASC,Bar,Hard,12.3685,12.3685,1,0.0,0.0,0.0,0.0,0.0,0.0,0.0,0.0,0.0,0.0,1.0,0.0,0.0,True,Qwen/Qwen2.5-Coder-32B-Instruct-AWQ,None
2063@y_name@ASC,Bar,Hard,12.3685,12.3685,1,0.0,0.0,0.0,0.0,0.0,0.0,0.0,0.0,0.0,0.0,1.0,0.0,0.0,True,Qwen/Qwen2.5-Coder-32B-Instruct-AWQ,None
1416@y_name@ASC,Bar,Medium,9.6442,19.2884,2,0.0,0.0,0.0,0.0,0.0,0.0,0.0,0.0,0.0,0.0,1.0,0.0,0.0,False,Qwen/Qwen2.5-Coder-32B-Instruct-AWQ,None
1416@y_name@ASC,Bar,Medium,9.6442,19.2884,2,0.0,0.0,0.0,0.0,0.0,0.0,0.0,0.0,0.0,0.0,1.0,0.0,0.0,False,Qwen/Qwen2.5-Coder-32B-Instruct-AWQ,None
1416@y_name@ASC,Bar,Medium,9.6442,19.2884,2,0.0,0.0,0.0,0.0,0.0,0.0,0.0,0.0,0.0,0.0,1.0,0.0,0.0,False,Qwen/Qwen2.5-Coder-32B-Instruct-AWQ,None
1419@y_name@ASC,Bar,Extra Hard,8.0312,32.1246,4,0.0,0.0,0.0,0.0,0.0,0.0,0.0,0.0,0.0,0.0,1.0,0.0,0.0,False,Qwen/Qwen2.5-Coder-32B-Instruct-AWQ,None
1419@y_name@ASC,Bar,Extra Hard,8.0312,32.1246,4,0.0,0.0,0.0,0.0,0.0,0.0,0.0,0.0,0.0,0.0,1.0,0.0,0.0,False,Qwen/Qwen2.5-Coder-32B-Instruct-AWQ,None
1419@y_name@ASC,Bar,Extra Hard,8.0312,32.1246,4,0.0,0.0,0.0,0.0,0.0,0.0,0.0,0.0,0.0,0.0,1.0,0.0,0.0,False,Qwen/Qwen2.5-Coder-32B-Instruct-AWQ,None
1380@y_name@ASC,Bar,Hard,11.4424,11.4424,1,0.0,0.0,0.0,0.0,0.0,0.0,0.0,0.0,0.0,0.0,1.0,0.0,0.0,True,Qwen/Qwen2.5-Coder-32B-Instruct-AWQ,None
1380@y_name@ASC,Bar,Hard,11.4424,11.4424,1,0.0,0.0,0.0,0.0,0.0,0.0,0.0,0.0,0.0,0.0,1.0,0.0,0.0,True,Qwen/Qwen2.5-Coder-32B-Instruct-AWQ,None
1380@y_name@ASC,Bar,Hard,11.4424,11.4424,1,0.0,0.0,0.0,0.0,0.0,0.0,0.0,0.0,0.0,0.0,1.0,0.0,0.0,True,Qwen/Qwen2.5-Coder-32B-Instruct-AWQ,None
1382@y_name@ASC,Bar,Hard,10.8747,10.8747,1,0.0,0.0,0.0,0.0,0.0,0.0,0.0,0.0,0.0,0.0,1.0,0.0,0.0,True,Qwen/Qwen2.5-Coder-32B-Instruct-AWQ,None
1382@y_name@ASC,Bar,Hard,10.8747,10.8747,1,0.0,0.0,0.0,0.0,0.0,0.0,0.0,0.0,0.0,0.0,1.0,0.0,0.0,True,Qwen/Qwen2.5-Coder-32B-Instruct-AWQ,None
1382@y_name@ASC,Bar,Hard,10.8747,10.8747,1,0.0,0.0,0.0,0.0,0.0,0.0,0.0,0.0,0.0,0.0,1.0,0.0,0.0,True,Qwen/Qwen2.5-Coder-32B-Instruct-AWQ,None
1085@y_name@DESC,Bar,Medium,6.089,12.1779,2,0.0,0.0,0.0,0.0,0.0,0.0,0.0,0.0,0.0,0.0,1.0,0.0,0.0,False,Qwen/Qwen2.5-Coder-32B-Instruct-AWQ,None
1085@y_name@DESC,Bar,Medium,6.089,12.1779,2,0.0,0.0,0.0,0.0,0.0,0.0,0.0,0.0,0.0,0.0,1.0,0.0,0.0,False,Qwen/Qwen2.5-Coder-32B-Instruct-AWQ,None
1085@y_name@DESC,Bar,Medium,6.089,12.1779,2,0.0,0.0,0.0,0.0,0.0,0.0,0.0,0.0,0.0,0.0,1.0,0.0,0.0,False,Qwen/Qwen2.5-Coder-32B-Instruct-AWQ,None
1087@y_name@DESC,Bar,Hard,11.5949,11.5949,1,0.0,0.0,0.0,0.0,0.0,0.0,0.0,0.0,0.0,0.0,1.0,0.0,0.0,True,Qwen/Qwen2.5-Coder-32B-Instruct-AWQ,None
1087@y_name@DESC,Bar,Hard,11.5949,11.5949,1,0.0,0.0,0.0,0.0,0.0,0.0,0.0,0.0,0.0,0.0,1.0,0.0,0.0,True,Qwen/Qwen2.5-Coder-32B-Instruct-AWQ,None
1087@y_name@DESC,Bar,Hard,11.5949,11.5949,1,0.0,0.0,0.0,0.0,0.0,0.0,0.0,0.0,0.0,0.0,1.0,0.0,0.0,True,Qwen/Qwen2.5-Coder-32B-Instruct-AWQ,None
1091@y_name@ASC,Bar,Medium,5.2732,15.8197,3,0.0,0.0,0.0,0.0,0.0,0.0,0.0,0.0,0.0,0.0,1.0,0.0,0.0,False,Qwen/Qwen2.5-Coder-32B-Instruct-AWQ,None
1091@y_name@ASC,Bar,Medium,5.2732,15.8197,3,0.0,0.0,0.0,0.0,0.0,0.0,0.0,0.0,0.0,0.0,1.0,0.0,0.0,False,Qwen/Qwen2.5-Coder-32B-Instruct-AWQ,None
1091@y_name@ASC,Bar,Medium,5.2732,15.8197,3,0.0,0.0,0.0,0.0,0.0,0.0,0.0,0.0,0.0,0.0,1.0,0.0,0.0,False,Qwen/Qwen2.5-Coder-32B-Instruct-AWQ,None
3038@x_name@DESC,Bar,Medium,5.9734,5.9734,1,0.0,0.0,0.0,0.0,0.0,1.0,0.0,0.0,0.0,1.0,0.0,,0.0,False,Qwen/Qwen2.5-Coder-32B-Instruct-AWQ,None
3038@x_name@DESC,Bar,Medium,5.9734,5.9734,1,0.0,0.0,0.0,0.0,0.0,1.0,0.0,0.0,0.0,1.0,0.0,,0.0,False,Qwen/Qwen2.5-Coder-32B-Instruct-AWQ,None
3038@x_name@DESC,Bar,Medium,5.9734,5.9734,1,0.0,0.0,0.0,0.0,0.0,1.0,0.0,0.0,0.0,1.0,0.0,,0.0,False,Qwen/Qwen2.5-Coder-32B-Instruct-AWQ,None
3043@y_name@ASC,Bar,Medium,6.5838,19.7515,3,0.0,0.0,0.0,0.0,0.0,0.0,0.0,0.0,0.0,0.0,1.0,0.0,0.0,False,Qwen/Qwen2.5-Coder-32B-Instruct-AWQ,None
3043@y_name@ASC,Bar,Medium,6.5838,19.7515,3,0.0,0.0,0.0,0.0,0.0,0.0,0.0,0.0,0.0,0.0,1.0,0.0,0.0,False,Qwen/Qwen2.5-Coder-32B-Instruct-AWQ,None
3043@y_name@ASC,Bar,Medium,6.5838,19.7515,3,0.0,0.0,0.0,0.0,0.0,0.0,0.0,0.0,0.0,0.0,1.0,0.0,0.0,False,Qwen/Qwen2.5-Coder-32B-Instruct-AWQ,None
3045@y_name@ASC,Bar,Medium,7.5518,22.6555,3,0.0,0.0,0.0,0.0,0.3333333333333333,0.0,0.0,0.0,0.0,0.3333333333333333,0.6666666666666666,0.0,0.0,False,Qwen/Qwen2.5-Coder-32B-Instruct-AWQ,None
3045@y_name@ASC,Bar,Medium,7.5518,22.6555,3,0.0,0.0,0.0,0.0,0.3333333333333333,0.0,0.0,0.0,0.0,0.3333333333333333,0.6666666666666666,0.0,0.0,False,Qwen/Qwen2.5-Coder-32B-Instruct-AWQ,None
3045@y_name@ASC,Bar,Medium,7.5518,22.6555,3,0.0,0.0,0.0,0.0,0.3333333333333333,0.0,0.0,0.0,0.0,0.3333333333333333,0.6666666666666666,0.0,0.0,False,Qwen/Qwen2.5-Coder-32B-Instruct-AWQ,None
3050@x_name@ASC,Bar,Medium,8.0747,8.0747,1,0.0,0.0,0.0,0.0,0.0,0.0,0.0,0.0,0.0,0.0,1.0,0.0,0.0,False,Qwen/Qwen2.5-Coder-32B-Instruct-AWQ,None
3050@x_name@ASC,Bar,Medium,8.0747,8.0747,1,0.0,0.0,0.0,0.0,0.0,0.0,0.0,0.0,0.0,0.0,1.0,0.0,0.0,False,Qwen/Qwen2.5-Coder-32B-Instruct-AWQ,None
3050@x_name@ASC,Bar,Medium,8.0747,8.0747,1,0.0,0.0,0.0,0.0,0.0,0.0,0.0,0.0,0.0,0.0,1.0,0.0,0.0,False,Qwen/Qwen2.5-Coder-32B-Instruct-AWQ,None
3052@x_name@ASC,Bar,Medium,6.9055,13.8109,2,0.0,0.0,0.0,0.0,0.0,0.0,0.0,0.0,0.0,0.0,1.0,0.0,0.0,False,Qwen/Qwen2.5-Coder-32B-Instruct-AWQ,None
3052@x_name@ASC,Bar,Medium,6.9055,13.8109,2,0.0,0.0,0.0,0.0,0.0,0.0,0.0,0.0,0.0,0.0,1.0,0.0,0.0,False,Qwen/Qwen2.5-Coder-32B-Instruct-AWQ,None
3052@x_name@ASC,Bar,Medium,6.9055,13.8109,2,0.0,0.0,0.0,0.0,0.0,0.0,0.0,0.0,0.0,0.0,1.0,0.0,0.0,False,Qwen/Qwen2.5-Coder-32B-Instruct-AWQ,None
3053@x_name@DESC,Bar,Medium,6.8068,6.8068,1,0.0,0.0,0.0,0.0,0.0,0.0,0.0,0.0,0.0,0.0,1.0,0.0,0.0,False,Qwen/Qwen2.5-Coder-32B-Instruct-AWQ,None
3053@x_name@DESC,Bar,Medium,6.8068,6.8068,1,0.0,0.0,0.0,0.0,0.0,0.0,0.0,0.0,0.0,0.0,1.0,0.0,0.0,False,Qwen/Qwen2.5-Coder-32B-Instruct-AWQ,None
3053@x_name@DESC,Bar,Medium,6.8068,6.8068,1,0.0,0.0,0.0,0.0,0.0,0.0,0.0,0.0,0.0,0.0,1.0,0.0,0.0,False,Qwen/Qwen2.5-Coder-32B-Instruct-AWQ,None
38@x_name@DESC,Bar,Hard,56.053,56.053,1,1.0,0.0,0.0,0.0,0.0,0.0,0.0,0.0,1.0,0.0,0.0,,0.0,True,Qwen/Qwen2.5-Coder-32B-Instruct-AWQ,None
38@x_name@DESC,Bar,Hard,56.053,56.053,1,1.0,0.0,0.0,0.0,0.0,0.0,0.0,0.0,1.0,0.0,0.0,,0.0,True,Qwen/Qwen2.5-Coder-32B-Instruct-AWQ,None
38@x_name@DESC,Bar,Hard,56.053,56.053,1,1.0,0.0,0.0,0.0,0.0,0.0,0.0,0.0,1.0,0.0,0.0,,0.0,True,Qwen/Qwen2.5-Coder-32B-Instruct-AWQ,None
41@y_name@ASC,Bar,Hard,8.4909,8.4909,1,0.0,0.0,0.0,0.0,0.0,0.0,0.0,0.0,0.0,0.0,1.0,0.0,0.0,False,Qwen/Qwen2.5-Coder-32B-Instruct-AWQ,None
41@y_name@ASC,Bar,Hard,8.4909,8.4909,1,0.0,0.0,0.0,0.0,0.0,0.0,0.0,0.0,0.0,0.0,1.0,0.0,0.0,False,Qwen/Qwen2.5-Coder-32B-Instruct-AWQ,None
41@y_name@ASC,Bar,Hard,8.4909,8.4909,1,0.0,0.0,0.0,0.0,0.0,0.0,0.0,0.0,0.0,0.0,1.0,0.0,0.0,False,Qwen/Qwen2.5-Coder-32B-Instruct-AWQ,None
42@y_name@ASC,Bar,Hard,8.552,17.1041,2,0.0,0.0,0.0,0.0,0.0,0.0,0.0,0.0,0.0,0.0,1.0,0.0,0.0,False,Qwen/Qwen2.5-Coder-32B-Instruct-AWQ,None
42@y_name@ASC,Bar,Hard,8.552,17.1041,2,0.0,0.0,0.0,0.0,0.0,0.0,0.0,0.0,0.0,0.0,1.0,0.0,0.0,False,Qwen/Qwen2.5-Coder-32B-Instruct-AWQ,None
42@y_name@ASC,Bar,Hard,8.552,17.1041,2,0.0,0.0,0.0,0.0,0.0,0.0,0.0,0.0,0.0,0.0,1.0,0.0,0.0,False,Qwen/Qwen2.5-Coder-32B-Instruct-AWQ,None
44@y_name@DESC,Bar,Hard,9.1096,9.1096,1,0.0,0.0,0.0,0.0,0.0,0.0,0.0,0.0,0.0,0.0,1.0,0.0,0.0,False,Qwen/Qwen2.5-Coder-32B-Instruct-AWQ,None
44@y_name@DESC,Bar,Hard,9.1096,9.1096,1,0.0,0.0,0.0,0.0,0.0,0.0,0.0,0.0,0.0,0.0,1.0,0.0,0.0,False,Qwen/Qwen2.5-Coder-32B-Instruct-AWQ,None
44@y_name@DESC,Bar,Hard,9.1096,9.1096,1,0.0,0.0,0.0,0.0,0.0,0.0,0.0,0.0,0.0,0.0,1.0,0.0,0.0,False,Qwen/Qwen2.5-Coder-32B-Instruct-AWQ,None
47@y_name@DESC,Bar,Medium,5.4646,16.3939,3,0.0,0.0,0.0,0.0,0.0,0.0,0.0,0.0,0.0,0.0,1.0,0.0,0.0,False,Qwen/Qwen2.5-Coder-32B-Instruct-AWQ,None
47@y_name@DESC,Bar,Medium,5.4646,16.3939,3,0.0,0.0,0.0,0.0,0.0,0.0,0.0,0.0,0.0,0.0,1.0,0.0,0.0,False,Qwen/Qwen2.5-Coder-32B-Instruct-AWQ,None
47@y_name@DESC,Bar,Medium,5.4646,16.3939,3,0.0,0.0,0.0,0.0,0.0,0.0,0.0,0.0,0.0,0.0,1.0,0.0,0.0,False,Qwen/Qwen2.5-Coder-32B-Instruct-AWQ,None
49@y_name@ASC,Bar,Extra Hard,15.2386,30.4773,2,0.0,0.0,0.0,0.0,0.5,0.0,0.0,0.0,0.0,0.5,0.5,0.0,0.0,True,Qwen/Qwen2.5-Coder-32B-Instruct-AWQ,None
49@y_name@ASC,Bar,Extra Hard,15.2386,30.4773,2,0.0,0.0,0.0,0.0,0.5,0.0,0.0,0.0,0.0,0.5,0.5,0.0,0.0,True,Qwen/Qwen2.5-Coder-32B-Instruct-AWQ,None
49@y_name@ASC,Bar,Extra Hard,15.2386,30.4773,2,0.0,0.0,0.0,0.0,0.5,0.0,0.0,0.0,0.0,0.5,0.5,0.0,0.0,True,Qwen/Qwen2.5-Coder-32B-Instruct-AWQ,None
53@x_name@ASC,Bar,Extra Hard,13.5574,13.5574,1,0.0,0.0,0.0,0.0,0.0,0.0,0.0,0.0,0.0,0.0,1.0,0.0,0.0,False,Qwen/Qwen2.5-Coder-32B-Instruct-AWQ,None
53@x_name@ASC,Bar,Extra Hard,13.5574,13.5574,1,0.0,0.0,0.0,0.0,0.0,0.0,0.0,0.0,0.0,0.0,1.0,0.0,0.0,False,Qwen/Qwen2.5-Coder-32B-Instruct-AWQ,None
53@x_name@ASC,Bar,Extra Hard,13.5574,13.5574,1,0.0,0.0,0.0,0.0,0.0,0.0,0.0,0.0,0.0,0.0,1.0,0.0,0.0,False,Qwen/Qwen2.5-Coder-32B-Instruct-AWQ,None
56@y_name@ASC,Bar,Extra Hard,12.2502,12.2502,1,0.0,0.0,0.0,0.0,0.0,1.0,0.0,0.0,0.0,1.0,0.0,,0.0,True,Qwen/Qwen2.5-Coder-32B-Instruct-AWQ,None
56@y_name@ASC,Bar,Extra Hard,12.2502,12.2502,1,0.0,0.0,0.0,0.0,0.0,1.0,0.0,0.0,0.0,1.0,0.0,,0.0,True,Qwen/Qwen2.5-Coder-32B-Instruct-AWQ,None
56@y_name@ASC,Bar,Extra Hard,12.2502,12.2502,1,0.0,0.0,0.0,0.0,0.0,1.0,0.0,0.0,0.0,1.0,0.0,,0.0,True,Qwen/Qwen2.5-Coder-32B-Instruct-AWQ,None
58@y_name@ASC,Bar,Medium,8.0103,48.062,6,0.0,0.0,0.0,0.0,0.0,0.0,0.0,0.0,0.0,0.0,1.0,0.0,0.0,False,Qwen/Qwen2.5-Coder-32B-Instruct-AWQ,None
58@y_name@ASC,Bar,Medium,8.0103,48.062,6,0.0,0.0,0.0,0.0,0.0,0.0,0.0,0.0,0.0,0.0,1.0,0.0,0.0,False,Qwen/Qwen2.5-Coder-32B-Instruct-AWQ,None
58@y_name@ASC,Bar,Medium,8.0103,48.062,6,0.0,0.0,0.0,0.0,0.0,0.0,0.0,0.0,0.0,0.0,1.0,0.0,0.0,False,Qwen/Qwen2.5-Coder-32B-Instruct-AWQ,None
59@y_name@ASC,Bar,Medium,6.332,31.6601,5,0.0,0.0,0.0,0.0,0.0,0.0,0.0,0.0,0.0,0.0,1.0,0.0,0.0,False,Qwen/Qwen2.5-Coder-32B-Instruct-AWQ,None
59@y_name@ASC,Bar,Medium,6.332,31.6601,5,0.0,0.0,0.0,0.0,0.0,0.0,0.0,0.0,0.0,0.0,1.0,0.0,0.0,False,Qwen/Qwen2.5-Coder-32B-Instruct-AWQ,None
59@y_name@ASC,Bar,Medium,6.332,31.6601,5,0.0,0.0,0.0,0.0,0.0,0.0,0.0,0.0,0.0,0.0,1.0,0.0,0.0,False,Qwen/Qwen2.5-Coder-32B-Instruct-AWQ,None
61@y_name@ASC,Bar,Medium,6.7917,27.1667,4,0.0,0.0,0.0,0.0,0.0,0.0,0.0,0.0,0.0,0.0,1.0,0.0,0.0,False,Qwen/Qwen2.5-Coder-32B-Instruct-AWQ,None
61@y_name@ASC,Bar,Medium,6.7917,27.1667,4,0.0,0.0,0.0,0.0,0.0,0.0,0.0,0.0,0.0,0.0,1.0,0.0,0.0,False,Qwen/Qwen2.5-Coder-32B-Instruct-AWQ,None
61@y_name@ASC,Bar,Medium,6.7917,27.1667,4,0.0,0.0,0.0,0.0,0.0,0.0,0.0,0.0,0.0,0.0,1.0,0.0,0.0,False,Qwen/Qwen2.5-Coder-32B-Instruct-AWQ,None
1324@y_name@ASC,Bar,Medium,5.2495,10.4989,2,0.0,0.0,0.0,0.0,0.0,0.0,0.0,0.0,0.0,0.0,1.0,0.0,0.0,False,Qwen/Qwen2.5-Coder-32B-Instruct-AWQ,None
1324@y_name@ASC,Bar,Medium,5.2495,10.4989,2,0.0,0.0,0.0,0.0,0.0,0.0,0.0,0.0,0.0,0.0,1.0,0.0,0.0,False,Qwen/Qwen2.5-Coder-32B-Instruct-AWQ,None
1324@y_name@ASC,Bar,Medium,5.2495,10.4989,2,0.0,0.0,0.0,0.0,0.0,0.0,0.0,0.0,0.0,0.0,1.0,0.0,0.0,False,Qwen/Qwen2.5-Coder-32B-Instruct-AWQ,None
1328@x_name@ASC,Bar,Medium,5.0171,5.0171,1,0.0,0.0,0.0,0.0,0.0,0.0,0.0,0.0,0.0,0.0,1.0,0.0,0.0,False,Qwen/Qwen2.5-Coder-32B-Instruct-AWQ,None
1328@x_name@ASC,Bar,Medium,5.0171,5.0171,1,0.0,0.0,0.0,0.0,0.0,0.0,0.0,0.0,0.0,0.0,1.0,0.0,0.0,False,Qwen/Qwen2.5-Coder-32B-Instruct-AWQ,None
1328@x_name@ASC,Bar,Medium,5.0171,5.0171,1,0.0,0.0,0.0,0.0,0.0,0.0,0.0,0.0,0.0,0.0,1.0,0.0,0.0,False,Qwen/Qwen2.5-Coder-32B-Instruct-AWQ,None
483@x_name@ASC,Bar,Medium,6.3356,12.6713,2,0.0,0.0,0.0,0.0,0.0,0.0,0.0,0.0,0.0,0.0,1.0,0.0,0.0,False,Qwen/Qwen2.5-Coder-32B-Instruct-AWQ,None
483@x_name@ASC,Bar,Medium,6.3356,12.6713,2,0.0,0.0,0.0,0.0,0.0,0.0,0.0,0.0,0.0,0.0,1.0,0.0,0.0,False,Qwen/Qwen2.5-Coder-32B-Instruct-AWQ,None
483@x_name@ASC,Bar,Medium,6.3356,12.6713,2,0.0,0.0,0.0,0.0,0.0,0.0,0.0,0.0,0.0,0.0,1.0,0.0,0.0,False,Qwen/Qwen2.5-Coder-32B-Instruct-AWQ,None
1015@y_name@DESC,Bar,Medium,7.8246,15.6492,2,0.0,0.0,0.0,0.0,0.0,0.0,0.0,0.0,0.0,0.0,1.0,0.0,0.0,False,Qwen/Qwen2.5-Coder-32B-Instruct-AWQ,None
1015@y_name@DESC,Bar,Medium,7.8246,15.6492,2,0.0,0.0,0.0,0.0,0.0,0.0,0.0,0.0,0.0,0.0,1.0,0.0,0.0,False,Qwen/Qwen2.5-Coder-32B-Instruct-AWQ,None
1015@y_name@DESC,Bar,Medium,7.8246,15.6492,2,0.0,0.0,0.0,0.0,0.0,0.0,0.0,0.0,0.0,0.0,1.0,0.0,0.0,False,Qwen/Qwen2.5-Coder-32B-Instruct-AWQ,None
1017@y_name@ASC,Bar,Hard,7.4585,7.4585,1,0.0,0.0,0.0,0.0,0.0,0.0,0.0,0.0,0.0,0.0,1.0,0.0,0.0,True,Qwen/Qwen2.5-Coder-32B-Instruct-AWQ,None
1017@y_name@ASC,Bar,Hard,7.4585,7.4585,1,0.0,0.0,0.0,0.0,0.0,0.0,0.0,0.0,0.0,0.0,1.0,0.0,0.0,True,Qwen/Qwen2.5-Coder-32B-Instruct-AWQ,None
1017@y_name@ASC,Bar,Hard,7.4585,7.4585,1,0.0,0.0,0.0,0.0,0.0,0.0,0.0,0.0,0.0,0.0,1.0,0.0,0.0,True,Qwen/Qwen2.5-Coder-32B-Instruct-AWQ,None
1019@x_name@DESC,Bar,Hard,11.591,11.591,1,0.0,0.0,0.0,0.0,0.0,1.0,0.0,0.0,0.0,1.0,0.0,,0.0,True,Qwen/Qwen2.5-Coder-32B-Instruct-AWQ,None
1019@x_name@DESC,Bar,Hard,11.591,11.591,1,0.0,0.0,0.0,0.0,0.0,1.0,0.0,0.0,0.0,1.0,0.0,,0.0,True,Qwen/Qwen2.5-Coder-32B-Instruct-AWQ,None
1019@x_name@DESC,Bar,Hard,11.591,11.591,1,0.0,0.0,0.0,0.0,0.0,1.0,0.0,0.0,0.0,1.0,0.0,,0.0,True,Qwen/Qwen2.5-Coder-32B-Instruct-AWQ,None
1022@y_name@ASC,Bar,Medium,5.7189,11.4377,2,0.0,0.0,0.0,0.0,0.0,0.0,0.0,0.0,0.0,0.0,1.0,0.0,0.0,False,Qwen/Qwen2.5-Coder-32B-Instruct-AWQ,None
1022@y_name@ASC,Bar,Medium,5.7189,11.4377,2,0.0,0.0,0.0,0.0,0.0,0.0,0.0,0.0,0.0,0.0,1.0,0.0,0.0,False,Qwen/Qwen2.5-Coder-32B-Instruct-AWQ,None
1022@y_name@ASC,Bar,Medium,5.7189,11.4377,2,0.0,0.0,0.0,0.0,0.0,0.0,0.0,0.0,0.0,0.0,1.0,0.0,0.0,False,Qwen/Qwen2.5-Coder-32B-Instruct-AWQ,None
2594@y_name@DESC,Bar,Medium,5.8168,34.9008,6,0.0,0.0,0.0,0.0,0.0,0.0,0.0,0.0,0.0,0.0,1.0,0.0,0.0,False,Qwen/Qwen2.5-Coder-32B-Instruct-AWQ,None
2594@y_name@DESC,Bar,Medium,5.8168,34.9008,6,0.0,0.0,0.0,0.0,0.0,0.0,0.0,0.0,0.0,0.0,1.0,0.0,0.0,False,Qwen/Qwen2.5-Coder-32B-Instruct-AWQ,None
2594@y_name@DESC,Bar,Medium,5.8168,34.9008,6,0.0,0.0,0.0,0.0,0.0,0.0,0.0,0.0,0.0,0.0,1.0,0.0,0.0,False,Qwen/Qwen2.5-Coder-32B-Instruct-AWQ,None
909@y_name@ASC,Bar,Medium,7.123,28.492,4,0.0,0.0,0.0,0.0,0.0,0.0,0.0,0.0,0.0,0.0,1.0,0.0,0.0,False,Qwen/Qwen2.5-Coder-32B-Instruct-AWQ,None
909@y_name@ASC,Bar,Medium,7.123,28.492,4,0.0,0.0,0.0,0.0,0.0,0.0,0.0,0.0,0.0,0.0,1.0,0.0,0.0,False,Qwen/Qwen2.5-Coder-32B-Instruct-AWQ,None
909@y_name@ASC,Bar,Medium,7.123,28.492,4,0.0,0.0,0.0,0.0,0.0,0.0,0.0,0.0,0.0,0.0,1.0,0.0,0.0,False,Qwen/Qwen2.5-Coder-32B-Instruct-AWQ,None
911@y_name@DESC,Bar,Hard,11.3086,33.9259,3,0.0,0.0,0.0,0.0,0.0,0.0,0.0,0.0,0.0,0.0,1.0,0.0,0.0,True,Qwen/Qwen2.5-Coder-32B-Instruct-AWQ,None
911@y_name@DESC,Bar,Hard,11.3086,33.9259,3,0.0,0.0,0.0,0.0,0.0,0.0,0.0,0.0,0.0,0.0,1.0,0.0,0.0,True,Qwen/Qwen2.5-Coder-32B-Instruct-AWQ,None
911@y_name@DESC,Bar,Hard,11.3086,33.9259,3,0.0,0.0,0.0,0.0,0.0,0.0,0.0,0.0,0.0,0.0,1.0,0.0,0.0,True,Qwen/Qwen2.5-Coder-32B-Instruct-AWQ,None
690@y_name@DESC,Bar,Medium,5.7197,28.5986,5,0.0,0.0,0.0,0.0,0.0,0.0,0.0,0.0,0.0,0.0,1.0,0.0,0.0,False,Qwen/Qwen2.5-Coder-32B-Instruct-AWQ,None
690@y_name@DESC,Bar,Medium,5.7197,28.5986,5,0.0,0.0,0.0,0.0,0.0,0.0,0.0,0.0,0.0,0.0,1.0,0.0,0.0,False,Qwen/Qwen2.5-Coder-32B-Instruct-AWQ,None
690@y_name@DESC,Bar,Medium,5.7197,28.5986,5,0.0,0.0,0.0,0.0,0.0,0.0,0.0,0.0,0.0,0.0,1.0,0.0,0.0,False,Qwen/Qwen2.5-Coder-32B-Instruct-AWQ,None
692@x_name@ASC,Bar,Extra Hard,14.6819,14.6819,1,0.0,0.0,0.0,0.0,0.0,0.0,0.0,0.0,0.0,0.0,1.0,0.0,0.0,True,Qwen/Qwen2.5-Coder-32B-Instruct-AWQ,None
692@x_name@ASC,Bar,Extra Hard,14.6819,14.6819,1,0.0,0.0,0.0,0.0,0.0,0.0,0.0,0.0,0.0,0.0,1.0,0.0,0.0,True,Qwen/Qwen2.5-Coder-32B-Instruct-AWQ,None
692@x_name@ASC,Bar,Extra Hard,14.6819,14.6819,1,0.0,0.0,0.0,0.0,0.0,0.0,0.0,0.0,0.0,0.0,1.0,0.0,0.0,True,Qwen/Qwen2.5-Coder-32B-Instruct-AWQ,None
700@x_name@DESC,Bar,Hard,11.8507,35.5522,3,0.0,0.0,0.0,0.0,0.0,0.0,0.0,0.0,0.0,0.0,1.0,0.0,0.0,True,Qwen/Qwen2.5-Coder-32B-Instruct-AWQ,None
700@x_name@DESC,Bar,Hard,11.8507,35.5522,3,0.0,0.0,0.0,0.0,0.0,0.0,0.0,0.0,0.0,0.0,1.0,0.0,0.0,True,Qwen/Qwen2.5-Coder-32B-Instruct-AWQ,None
700@x_name@DESC,Bar,Hard,11.8507,35.5522,3,0.0,0.0,0.0,0.0,0.0,0.0,0.0,0.0,0.0,0.0,1.0,0.0,0.0,True,Qwen/Qwen2.5-Coder-32B-Instruct-AWQ,None
816@y_name@DESC,Bar,Hard,10.1824,10.1824,1,0.0,0.0,0.0,0.0,0.0,0.0,0.0,0.0,0.0,0.0,1.0,0.0,0.0,True,Qwen/Qwen2.5-Coder-32B-Instruct-AWQ,None
816@y_name@DESC,Bar,Hard,10.1824,10.1824,1,0.0,0.0,0.0,0.0,0.0,0.0,0.0,0.0,0.0,0.0,1.0,0.0,0.0,True,Qwen/Qwen2.5-Coder-32B-Instruct-AWQ,None
816@y_name@DESC,Bar,Hard,10.1824,10.1824,1,0.0,0.0,0.0,0.0,0.0,0.0,0.0,0.0,0.0,0.0,1.0,0.0,0.0,True,Qwen/Qwen2.5-Coder-32B-Instruct-AWQ,None
827@y_name@ASC,Bar,Medium,6.3358,31.6788,5,0.0,0.0,0.0,0.0,0.0,0.0,0.0,0.0,0.0,0.0,1.0,0.0,0.0,False,Qwen/Qwen2.5-Coder-32B-Instruct-AWQ,None
827@y_name@ASC,Bar,Medium,6.3358,31.6788,5,0.0,0.0,0.0,0.0,0.0,0.0,0.0,0.0,0.0,0.0,1.0,0.0,0.0,False,Qwen/Qwen2.5-Coder-32B-Instruct-AWQ,None
827@y_name@ASC,Bar,Medium,6.3358,31.6788,5,0.0,0.0,0.0,0.0,0.0,0.0,0.0,0.0,0.0,0.0,1.0,0.0,0.0,False,Qwen/Qwen2.5-Coder-32B-Instruct-AWQ,None
829@x_name@ASC,Bar,Medium,5.4874,16.4623,3,0.0,0.0,0.0,0.0,0.0,0.0,0.0,0.0,0.0,0.0,1.0,0.0,0.0,False,Qwen/Qwen2.5-Coder-32B-Instruct-AWQ,None
829@x_name@ASC,Bar,Medium,5.4874,16.4623,3,0.0,0.0,0.0,0.0,0.0,0.0,0.0,0.0,0.0,0.0,1.0,0.0,0.0,False,Qwen/Qwen2.5-Coder-32B-Instruct-AWQ,None
829@x_name@ASC,Bar,Medium,5.4874,16.4623,3,0.0,0.0,0.0,0.0,0.0,0.0,0.0,0.0,0.0,0.0,1.0,0.0,0.0,False,Qwen/Qwen2.5-Coder-32B-Instruct-AWQ,None
833@y_name@DESC,Bar,Hard,12.2377,24.4755,2,0.0,0.0,0.0,0.0,0.0,0.0,0.0,0.0,0.0,0.0,1.0,0.0,0.0,True,Qwen/Qwen2.5-Coder-32B-Instruct-AWQ,None
833@y_name@DESC,Bar,Hard,12.2377,24.4755,2,0.0,0.0,0.0,0.0,0.0,0.0,0.0,0.0,0.0,0.0,1.0,0.0,0.0,True,Qwen/Qwen2.5-Coder-32B-Instruct-AWQ,None
833@y_name@DESC,Bar,Hard,12.2377,24.4755,2,0.0,0.0,0.0,0.0,0.0,0.0,0.0,0.0,0.0,0.0,1.0,0.0,0.0,True,Qwen/Qwen2.5-Coder-32B-Instruct-AWQ,None
847@y_name@DESC,Bar,Hard,7.3774,14.7549,2,0.0,0.0,0.0,0.0,0.5,0.0,0.0,0.0,0.0,0.5,0.5,0.0,0.0,True,Qwen/Qwen2.5-Coder-32B-Instruct-AWQ,None
847@y_name@DESC,Bar,Hard,7.3774,14.7549,2,0.0,0.0,0.0,0.0,0.5,0.0,0.0,0.0,0.0,0.5,0.5,0.0,0.0,True,Qwen/Qwen2.5-Coder-32B-Instruct-AWQ,None
847@y_name@DESC,Bar,Hard,7.3774,14.7549,2,0.0,0.0,0.0,0.0,0.5,0.0,0.0,0.0,0.0,0.5,0.5,0.0,0.0,True,Qwen/Qwen2.5-Coder-32B-Instruct-AWQ,None
851@y_name@DESC,Stacked Bar,Extra Hard,31.9944,63.9887,2,0.5,0.0,0.0,0.0,0.5,0.0,0.0,0.0,0.5,0.5,0.0,,0.0,True,Qwen/Qwen2.5-Coder-32B-Instruct-AWQ,None
851@y_name@DESC,Stacked Bar,Extra Hard,31.9944,63.9887,2,0.5,0.0,0.0,0.0,0.5,0.0,0.0,0.0,0.5,0.5,0.0,,0.0,True,Qwen/Qwen2.5-Coder-32B-Instruct-AWQ,None
851@y_name@DESC,Stacked Bar,Extra Hard,31.9944,63.9887,2,0.5,0.0,0.0,0.0,0.5,0.0,0.0,0.0,0.5,0.5,0.0,,0.0,True,Qwen/Qwen2.5-Coder-32B-Instruct-AWQ,None
853@y_name@DESC,Bar,Extra Hard,39.7218,39.7218,1,1.0,0.0,0.0,0.0,0.0,0.0,0.0,0.0,1.0,0.0,0.0,,0.0,True,Qwen/Qwen2.5-Coder-32B-Instruct-AWQ,None
853@y_name@DESC,Bar,Extra Hard,39.7218,39.7218,1,1.0,0.0,0.0,0.0,0.0,0.0,0.0,0.0,1.0,0.0,0.0,,0.0,True,Qwen/Qwen2.5-Coder-32B-Instruct-AWQ,None
853@y_name@DESC,Bar,Extra Hard,39.7218,39.7218,1,1.0,0.0,0.0,0.0,0.0,0.0,0.0,0.0,1.0,0.0,0.0,,0.0,True,Qwen/Qwen2.5-Coder-32B-Instruct-AWQ,None
1987@x_name@ASC,Bar,Medium,5.6587,5.6587,1,0.0,0.0,0.0,0.0,0.0,0.0,0.0,0.0,0.0,0.0,1.0,0.0,0.0,False,Qwen/Qwen2.5-Coder-32B-Instruct-AWQ,None
1987@x_name@ASC,Bar,Medium,5.6587,5.6587,1,0.0,0.0,0.0,0.0,0.0,0.0,0.0,0.0,0.0,0.0,1.0,0.0,0.0,False,Qwen/Qwen2.5-Coder-32B-Instruct-AWQ,None
1987@x_name@ASC,Bar,Medium,5.6587,5.6587,1,0.0,0.0,0.0,0.0,0.0,0.0,0.0,0.0,0.0,0.0,1.0,0.0,0.0,False,Qwen/Qwen2.5-Coder-32B-Instruct-AWQ,None
1991@y_name@DESC,Bar,Hard,10.9626,21.9252,2,0.0,0.0,0.0,0.0,0.0,0.0,0.0,0.0,0.0,0.0,1.0,0.0,0.0,False,Qwen/Qwen2.5-Coder-32B-Instruct-AWQ,None
1991@y_name@DESC,Bar,Hard,10.9626,21.9252,2,0.0,0.0,0.0,0.0,0.0,0.0,0.0,0.0,0.0,0.0,1.0,0.0,0.0,False,Qwen/Qwen2.5-Coder-32B-Instruct-AWQ,None
1991@y_name@DESC,Bar,Hard,10.9626,21.9252,2,0.0,0.0,0.0,0.0,0.0,0.0,0.0,0.0,0.0,0.0,1.0,0.0,0.0,False,Qwen/Qwen2.5-Coder-32B-Instruct-AWQ,None
2010@x_name@DESC,Bar,Medium,5.4256,10.8513,2,0.0,0.0,0.0,0.0,0.0,1.0,0.0,0.0,0.0,1.0,0.0,,0.0,False,Qwen/Qwen2.5-Coder-32B-Instruct-AWQ,None
2010@x_name@DESC,Bar,Medium,5.4256,10.8513,2,0.0,0.0,0.0,0.0,0.0,1.0,0.0,0.0,0.0,1.0,0.0,,0.0,False,Qwen/Qwen2.5-Coder-32B-Instruct-AWQ,None
2010@x_name@DESC,Bar,Medium,5.4256,10.8513,2,0.0,0.0,0.0,0.0,0.0,1.0,0.0,0.0,0.0,1.0,0.0,,0.0,False,Qwen/Qwen2.5-Coder-32B-Instruct-AWQ,None
2024@y_name@DESC,Bar,Hard,9.1544,18.3089,2,0.0,0.0,0.0,0.0,0.0,0.0,0.0,0.0,0.0,0.0,1.0,0.0,0.0,False,Qwen/Qwen2.5-Coder-32B-Instruct-AWQ,None
2024@y_name@DESC,Bar,Hard,9.1544,18.3089,2,0.0,0.0,0.0,0.0,0.0,0.0,0.0,0.0,0.0,0.0,1.0,0.0,0.0,False,Qwen/Qwen2.5-Coder-32B-Instruct-AWQ,None
2024@y_name@DESC,Bar,Hard,9.1544,18.3089,2,0.0,0.0,0.0,0.0,0.0,0.0,0.0,0.0,0.0,0.0,1.0,0.0,0.0,False,Qwen/Qwen2.5-Coder-32B-Instruct-AWQ,None
2028@y_name@DESC,Bar,Hard,12.5669,12.5669,1,0.0,0.0,0.0,0.0,1.0,0.0,0.0,0.0,0.0,1.0,0.0,,0.0,False,Qwen/Qwen2.5-Coder-32B-Instruct-AWQ,None
2028@y_name@DESC,Bar,Hard,12.5669,12.5669,1,0.0,0.0,0.0,0.0,1.0,0.0,0.0,0.0,0.0,1.0,0.0,,0.0,False,Qwen/Qwen2.5-Coder-32B-Instruct-AWQ,None
2028@y_name@DESC,Bar,Hard,12.5669,12.5669,1,0.0,0.0,0.0,0.0,1.0,0.0,0.0,0.0,0.0,1.0,0.0,,0.0,False,Qwen/Qwen2.5-Coder-32B-Instruct-AWQ,None
2030@y_name@ASC,Bar,Medium,10.1579,30.4736,3,0.0,0.0,0.0,0.0,0.3333333333333333,0.6666666666666666,0.0,0.0,0.0,1.0,0.0,,0.0,False,Qwen/Qwen2.5-Coder-32B-Instruct-AWQ,None
2030@y_name@ASC,Bar,Medium,10.1579,30.4736,3,0.0,0.0,0.0,0.0,0.3333333333333333,0.6666666666666666,0.0,0.0,0.0,1.0,0.0,,0.0,False,Qwen/Qwen2.5-Coder-32B-Instruct-AWQ,None
2030@y_name@ASC,Bar,Medium,10.1579,30.4736,3,0.0,0.0,0.0,0.0,0.3333333333333333,0.6666666666666666,0.0,0.0,0.0,1.0,0.0,,0.0,False,Qwen/Qwen2.5-Coder-32B-Instruct-AWQ,None
2031@y_name@ASC,Bar,Hard,24.4105,48.8209,2,0.5,0.0,0.0,0.0,0.5,0.0,0.0,0.0,0.5,0.5,0.0,,0.0,False,Qwen/Qwen2.5-Coder-32B-Instruct-AWQ,None
2031@y_name@ASC,Bar,Hard,24.4105,48.8209,2,0.5,0.0,0.0,0.0,0.5,0.0,0.0,0.0,0.5,0.5,0.0,,0.0,False,Qwen/Qwen2.5-Coder-32B-Instruct-AWQ,None
2031@y_name@ASC,Bar,Hard,24.4105,48.8209,2,0.5,0.0,0.0,0.0,0.5,0.0,0.0,0.0,0.5,0.5,0.0,,0.0,False,Qwen/Qwen2.5-Coder-32B-Instruct-AWQ,None
709@y_name@DESC,Bar,Medium,7.2255,14.451,2,0.0,0.0,0.0,0.0,0.0,0.0,0.0,0.0,0.0,0.0,1.0,0.0,0.0,False,Qwen/Qwen2.5-Coder-32B-Instruct-AWQ,None
709@y_name@DESC,Bar,Medium,7.2255,14.451,2,0.0,0.0,0.0,0.0,0.0,0.0,0.0,0.0,0.0,0.0,1.0,0.0,0.0,False,Qwen/Qwen2.5-Coder-32B-Instruct-AWQ,None
709@y_name@DESC,Bar,Medium,7.2255,14.451,2,0.0,0.0,0.0,0.0,0.0,0.0,0.0,0.0,0.0,0.0,1.0,0.0,0.0,False,Qwen/Qwen2.5-Coder-32B-Instruct-AWQ,None
171@x_name@DESC,Line,Medium,9.8099,19.6198,2,0.0,0.0,0.0,0.0,0.0,0.0,0.0,0.0,0.0,0.0,1.0,0.0,0.0,False,Qwen/Qwen2.5-Coder-32B-Instruct-AWQ,None
171@x_name@DESC,Line,Medium,9.8099,19.6198,2,0.0,0.0,0.0,0.0,0.0,0.0,0.0,0.0,0.0,0.0,1.0,0.0,0.0,False,Qwen/Qwen2.5-Coder-32B-Instruct-AWQ,None
171@x_name@DESC,Line,Medium,9.8099,19.6198,2,0.0,0.0,0.0,0.0,0.0,0.0,0.0,0.0,0.0,0.0,1.0,0.0,0.0,False,Qwen/Qwen2.5-Coder-32B-Instruct-AWQ,None
2451@y_name@ASC,Bar,Medium,25.9434,51.8869,2,0.0,0.0,0.0,0.0,0.0,0.0,0.0,0.0,0.0,0.0,1.0,0.0,0.0,False,Qwen/Qwen2.5-Coder-32B-Instruct-AWQ,None
2451@y_name@ASC,Bar,Medium,25.9434,51.8869,2,0.0,0.0,0.0,0.0,0.0,0.0,0.0,0.0,0.0,0.0,1.0,0.0,0.0,False,Qwen/Qwen2.5-Coder-32B-Instruct-AWQ,None
2451@y_name@ASC,Bar,Medium,25.9434,51.8869,2,0.0,0.0,0.0,0.0,0.0,0.0,0.0,0.0,0.0,0.0,1.0,0.0,0.0,False,Qwen/Qwen2.5-Coder-32B-Instruct-AWQ,None
2453@y_name@DESC,Bar,Medium,25.7112,128.5562,5,0.0,0.0,0.0,0.0,0.0,0.0,0.0,0.0,0.0,0.0,1.0,0.0,0.0,False,Qwen/Qwen2.5-Coder-32B-Instruct-AWQ,None
2453@y_name@DESC,Bar,Medium,25.7112,128.5562,5,0.0,0.0,0.0,0.0,0.0,0.0,0.0,0.0,0.0,0.0,1.0,0.0,0.0,False,Qwen/Qwen2.5-Coder-32B-Instruct-AWQ,None
2453@y_name@DESC,Bar,Medium,25.7112,128.5562,5,0.0,0.0,0.0,0.0,0.0,0.0,0.0,0.0,0.0,0.0,1.0,0.0,0.0,False,Qwen/Qwen2.5-Coder-32B-Instruct-AWQ,None
2454@y_name@DESC,Bar,Hard,824.745,824.745,1,0.0,0.0,0.0,0.0,1.0,0.0,0.0,0.0,0.0,1.0,0.0,,0.0,True,Qwen/Qwen2.5-Coder-32B-Instruct-AWQ,None
2454@y_name@DESC,Bar,Hard,824.745,824.745,1,0.0,0.0,0.0,0.0,1.0,0.0,0.0,0.0,0.0,1.0,0.0,,0.0,True,Qwen/Qwen2.5-Coder-32B-Instruct-AWQ,None
2454@y_name@DESC,Bar,Hard,824.745,824.745,1,0.0,0.0,0.0,0.0,1.0,0.0,0.0,0.0,0.0,1.0,0.0,,0.0,True,Qwen/Qwen2.5-Coder-32B-Instruct-AWQ,None
2455@x_name@ASC,Bar,Hard,11.6048,34.8143,3,0.0,0.0,0.0,0.0,0.0,0.0,0.0,0.0,0.0,0.0,1.0,0.0,0.0,True,Qwen/Qwen2.5-Coder-32B-Instruct-AWQ,None
2455@x_name@ASC,Bar,Hard,11.6048,34.8143,3,0.0,0.0,0.0,0.0,0.0,0.0,0.0,0.0,0.0,0.0,1.0,0.0,0.0,True,Qwen/Qwen2.5-Coder-32B-Instruct-AWQ,None
2455@x_name@ASC,Bar,Hard,11.6048,34.8143,3,0.0,0.0,0.0,0.0,0.0,0.0,0.0,0.0,0.0,0.0,1.0,0.0,0.0,True,Qwen/Qwen2.5-Coder-32B-Instruct-AWQ,None
2456@y_name@ASC,Bar,Hard,11.7877,58.9383,5,0.0,0.0,0.0,0.0,0.0,0.0,0.0,0.0,0.0,0.0,1.0,0.0,0.0,True,Qwen/Qwen2.5-Coder-32B-Instruct-AWQ,None
2456@y_name@ASC,Bar,Hard,11.7877,58.9383,5,0.0,0.0,0.0,0.0,0.0,0.0,0.0,0.0,0.0,0.0,1.0,0.0,0.0,True,Qwen/Qwen2.5-Coder-32B-Instruct-AWQ,None
2456@y_name@ASC,Bar,Hard,11.7877,58.9383,5,0.0,0.0,0.0,0.0,0.0,0.0,0.0,0.0,0.0,0.0,1.0,0.0,0.0,True,Qwen/Qwen2.5-Coder-32B-Instruct-AWQ,None
486@y_name@DESC,Bar,Medium,16.3137,65.255,4,0.0,0.0,0.0,0.0,0.25,0.0,0.0,0.0,0.0,0.25,0.75,0.0,0.0,True,Qwen/Qwen2.5-Coder-32B-Instruct-AWQ,None
486@y_name@DESC,Bar,Medium,16.3137,65.255,4,0.0,0.0,0.0,0.0,0.25,0.0,0.0,0.0,0.0,0.25,0.75,0.0,0.0,True,Qwen/Qwen2.5-Coder-32B-Instruct-AWQ,None
486@y_name@DESC,Bar,Medium,16.3137,65.255,4,0.0,0.0,0.0,0.0,0.25,0.0,0.0,0.0,0.0,0.25,0.75,0.0,0.0,True,Qwen/Qwen2.5-Coder-32B-Instruct-AWQ,None
490@y_name@ASC,Bar,Hard,8.8807,35.5226,4,0.0,0.0,0.0,0.0,0.0,0.0,0.0,0.0,0.0,0.0,1.0,0.0,0.0,False,Qwen/Qwen2.5-Coder-32B-Instruct-AWQ,None
490@y_name@ASC,Bar,Hard,8.8807,35.5226,4,0.0,0.0,0.0,0.0,0.0,0.0,0.0,0.0,0.0,0.0,1.0,0.0,0.0,False,Qwen/Qwen2.5-Coder-32B-Instruct-AWQ,None
490@y_name@ASC,Bar,Hard,8.8807,35.5226,4,0.0,0.0,0.0,0.0,0.0,0.0,0.0,0.0,0.0,0.0,1.0,0.0,0.0,False,Qwen/Qwen2.5-Coder-32B-Instruct-AWQ,None
2904@y_name@DESC,Bar,Medium,6.0955,24.3821,4,0.0,0.0,0.0,0.0,0.0,0.0,0.0,0.0,0.0,0.0,1.0,0.0,0.0,False,Qwen/Qwen2.5-Coder-32B-Instruct-AWQ,None
2904@y_name@DESC,Bar,Medium,6.0955,24.3821,4,0.0,0.0,0.0,0.0,0.0,0.0,0.0,0.0,0.0,0.0,1.0,0.0,0.0,False,Qwen/Qwen2.5-Coder-32B-Instruct-AWQ,None
2904@y_name@DESC,Bar,Medium,6.0955,24.3821,4,0.0,0.0,0.0,0.0,0.0,0.0,0.0,0.0,0.0,0.0,1.0,0.0,0.0,False,Qwen/Qwen2.5-Coder-32B-Instruct-AWQ,None
2909@x_name@ASC,Bar,Medium,8.1552,24.4655,3,0.0,0.0,0.0,0.0,0.0,0.0,0.0,0.0,0.0,0.0,1.0,0.0,0.0,False,Qwen/Qwen2.5-Coder-32B-Instruct-AWQ,None
2909@x_name@ASC,Bar,Medium,8.1552,24.4655,3,0.0,0.0,0.0,0.0,0.0,0.0,0.0,0.0,0.0,0.0,1.0,0.0,0.0,False,Qwen/Qwen2.5-Coder-32B-Instruct-AWQ,None
2909@x_name@ASC,Bar,Medium,8.1552,24.4655,3,0.0,0.0,0.0,0.0,0.0,0.0,0.0,0.0,0.0,0.0,1.0,0.0,0.0,False,Qwen/Qwen2.5-Coder-32B-Instruct-AWQ,None
2915@y_name@ASC,Bar,Easy,29.8508,59.7016,2,0.0,0.0,0.0,0.0,0.0,0.0,0.0,0.0,0.0,0.0,1.0,0.0,0.0,False,Qwen/Qwen2.5-Coder-32B-Instruct-AWQ,None
2915@y_name@ASC,Bar,Easy,29.8508,59.7016,2,0.0,0.0,0.0,0.0,0.0,0.0,0.0,0.0,0.0,0.0,1.0,0.0,0.0,False,Qwen/Qwen2.5-Coder-32B-Instruct-AWQ,None
2915@y_name@ASC,Bar,Easy,29.8508,59.7016,2,0.0,0.0,0.0,0.0,0.0,0.0,0.0,0.0,0.0,0.0,1.0,0.0,0.0,False,Qwen/Qwen2.5-Coder-32B-Instruct-AWQ,None
2931@y_name@DESC,Bar,Extra Hard,19.9615,39.9229,2,0.0,0.0,0.0,0.0,0.0,0.0,0.0,0.0,0.0,0.0,1.0,0.0,0.0,True,Qwen/Qwen2.5-Coder-32B-Instruct-AWQ,None
2931@y_name@DESC,Bar,Extra Hard,19.9615,39.9229,2,0.0,0.0,0.0,0.0,0.0,0.0,0.0,0.0,0.0,0.0,1.0,0.0,0.0,True,Qwen/Qwen2.5-Coder-32B-Instruct-AWQ,None
2931@y_name@DESC,Bar,Extra Hard,19.9615,39.9229,2,0.0,0.0,0.0,0.0,0.0,0.0,0.0,0.0,0.0,0.0,1.0,0.0,0.0,True,Qwen/Qwen2.5-Coder-32B-Instruct-AWQ,None
920@y_name@ASC,Bar,Extra Hard,12.8757,25.7514,2,0.0,0.0,0.0,0.0,1.0,0.0,0.0,0.0,0.0,1.0,0.0,,0.0,True,Qwen/Qwen2.5-Coder-32B-Instruct-AWQ,None
920@y_name@ASC,Bar,Extra Hard,12.8757,25.7514,2,0.0,0.0,0.0,0.0,1.0,0.0,0.0,0.0,0.0,1.0,0.0,,0.0,True,Qwen/Qwen2.5-Coder-32B-Instruct-AWQ,None
920@y_name@ASC,Bar,Extra Hard,12.8757,25.7514,2,0.0,0.0,0.0,0.0,1.0,0.0,0.0,0.0,0.0,1.0,0.0,,0.0,True,Qwen/Qwen2.5-Coder-32B-Instruct-AWQ,None
921@y_name@DESC,Stacked Bar,Hard,12.2545,12.2545,1,0.0,0.0,0.0,0.0,1.0,0.0,0.0,0.0,0.0,1.0,0.0,,0.0,True,Qwen/Qwen2.5-Coder-32B-Instruct-AWQ,None
921@y_name@DESC,Stacked Bar,Hard,12.2545,12.2545,1,0.0,0.0,0.0,0.0,1.0,0.0,0.0,0.0,0.0,1.0,0.0,,0.0,True,Qwen/Qwen2.5-Coder-32B-Instruct-AWQ,None
921@y_name@DESC,Stacked Bar,Hard,12.2545,12.2545,1,0.0,0.0,0.0,0.0,1.0,0.0,0.0,0.0,0.0,1.0,0.0,,0.0,True,Qwen/Qwen2.5-Coder-32B-Instruct-AWQ,None
2985@y_name@DESC,Stacked Bar,Extra Hard,54.8714,54.8714,1,1.0,0.0,0.0,0.0,0.0,0.0,0.0,0.0,1.0,0.0,0.0,,0.0,True,Qwen/Qwen2.5-Coder-32B-Instruct-AWQ,None
2985@y_name@DESC,Stacked Bar,Extra Hard,54.8714,54.8714,1,1.0,0.0,0.0,0.0,0.0,0.0,0.0,0.0,1.0,0.0,0.0,,0.0,True,Qwen/Qwen2.5-Coder-32B-Instruct-AWQ,None
2985@y_name@DESC,Stacked Bar,Extra Hard,54.8714,54.8714,1,1.0,0.0,0.0,0.0,0.0,0.0,0.0,0.0,1.0,0.0,0.0,,0.0,True,Qwen/Qwen2.5-Coder-32B-Instruct-AWQ,None
2993@y_name@ASC,Bar,Medium,5.8593,11.7187,2,0.0,0.0,0.0,0.0,0.0,0.0,0.0,0.0,0.0,0.0,1.0,0.0,0.0,False,Qwen/Qwen2.5-Coder-32B-Instruct-AWQ,None
2993@y_name@ASC,Bar,Medium,5.8593,11.7187,2,0.0,0.0,0.0,0.0,0.0,0.0,0.0,0.0,0.0,0.0,1.0,0.0,0.0,False,Qwen/Qwen2.5-Coder-32B-Instruct-AWQ,None
2993@y_name@ASC,Bar,Medium,5.8593,11.7187,2,0.0,0.0,0.0,0.0,0.0,0.0,0.0,0.0,0.0,0.0,1.0,0.0,0.0,False,Qwen/Qwen2.5-Coder-32B-Instruct-AWQ,None
3001@x_name@ASC,Bar,Extra Hard,12.3406,24.6812,2,0.0,0.0,0.0,0.0,0.0,0.0,0.0,0.0,0.0,0.0,1.0,0.0,0.0,True,Qwen/Qwen2.5-Coder-32B-Instruct-AWQ,None
3001@x_name@ASC,Bar,Extra Hard,12.3406,24.6812,2,0.0,0.0,0.0,0.0,0.0,0.0,0.0,0.0,0.0,0.0,1.0,0.0,0.0,True,Qwen/Qwen2.5-Coder-32B-Instruct-AWQ,None
3001@x_name@ASC,Bar,Extra Hard,12.3406,24.6812,2,0.0,0.0,0.0,0.0,0.0,0.0,0.0,0.0,0.0,0.0,1.0,0.0,0.0,True,Qwen/Qwen2.5-Coder-32B-Instruct-AWQ,None
3002@y_name@ASC,Bar,Medium,6.1183,12.2366,2,0.0,0.0,0.0,0.0,0.0,0.0,0.0,0.0,0.0,0.0,1.0,0.0,0.0,False,Qwen/Qwen2.5-Coder-32B-Instruct-AWQ,None
3002@y_name@ASC,Bar,Medium,6.1183,12.2366,2,0.0,0.0,0.0,0.0,0.0,0.0,0.0,0.0,0.0,0.0,1.0,0.0,0.0,False,Qwen/Qwen2.5-Coder-32B-Instruct-AWQ,None
3002@y_name@ASC,Bar,Medium,6.1183,12.2366,2,0.0,0.0,0.0,0.0,0.0,0.0,0.0,0.0,0.0,0.0,1.0,0.0,0.0,False,Qwen/Qwen2.5-Coder-32B-Instruct-AWQ,None
3005@x_name@ASC,Bar,Medium,6.4062,12.8124,2,0.0,0.0,0.0,0.0,0.0,0.0,0.0,0.0,0.0,0.0,1.0,0.0,0.0,False,Qwen/Qwen2.5-Coder-32B-Instruct-AWQ,None
3005@x_name@ASC,Bar,Medium,6.4062,12.8124,2,0.0,0.0,0.0,0.0,0.0,0.0,0.0,0.0,0.0,0.0,1.0,0.0,0.0,False,Qwen/Qwen2.5-Coder-32B-Instruct-AWQ,None
3005@x_name@ASC,Bar,Medium,6.4062,12.8124,2,0.0,0.0,0.0,0.0,0.0,0.0,0.0,0.0,0.0,0.0,1.0,0.0,0.0,False,Qwen/Qwen2.5-Coder-32B-Instruct-AWQ,None
3007@y_name@ASC,Bar,Medium,35.1277,35.1277,1,0.0,0.0,0.0,0.0,0.0,0.0,0.0,0.0,0.0,0.0,1.0,0.0,0.0,False,Qwen/Qwen2.5-Coder-32B-Instruct-AWQ,None
3007@y_name@ASC,Bar,Medium,35.1277,35.1277,1,0.0,0.0,0.0,0.0,0.0,0.0,0.0,0.0,0.0,0.0,1.0,0.0,0.0,False,Qwen/Qwen2.5-Coder-32B-Instruct-AWQ,None
3007@y_name@ASC,Bar,Medium,35.1277,35.1277,1,0.0,0.0,0.0,0.0,0.0,0.0,0.0,0.0,0.0,0.0,1.0,0.0,0.0,False,Qwen/Qwen2.5-Coder-32B-Instruct-AWQ,None
3014@y_name@ASC,Bar,Extra Hard,27.5742,27.5742,1,0.0,0.0,0.0,0.0,0.0,0.0,0.0,0.0,0.0,0.0,1.0,0.0,0.0,True,Qwen/Qwen2.5-Coder-32B-Instruct-AWQ,None
3014@y_name@ASC,Bar,Extra Hard,27.5742,27.5742,1,0.0,0.0,0.0,0.0,0.0,0.0,0.0,0.0,0.0,0.0,1.0,0.0,0.0,True,Qwen/Qwen2.5-Coder-32B-Instruct-AWQ,None
3014@y_name@ASC,Bar,Extra Hard,27.5742,27.5742,1,0.0,0.0,0.0,0.0,0.0,0.0,0.0,0.0,0.0,0.0,1.0,0.0,0.0,True,Qwen/Qwen2.5-Coder-32B-Instruct-AWQ,None
3015@x_name@DESC,Bar,Extra Hard,12.5429,12.5429,1,0.0,0.0,0.0,0.0,0.0,1.0,0.0,0.0,0.0,1.0,0.0,,0.0,True,Qwen/Qwen2.5-Coder-32B-Instruct-AWQ,None
3015@x_name@DESC,Bar,Extra Hard,12.5429,12.5429,1,0.0,0.0,0.0,0.0,0.0,1.0,0.0,0.0,0.0,1.0,0.0,,0.0,True,Qwen/Qwen2.5-Coder-32B-Instruct-AWQ,None
3015@x_name@DESC,Bar,Extra Hard,12.5429,12.5429,1,0.0,0.0,0.0,0.0,0.0,1.0,0.0,0.0,0.0,1.0,0.0,,0.0,True,Qwen/Qwen2.5-Coder-32B-Instruct-AWQ,None
3022@x_name@DESC,Bar,Extra Hard,11.7651,11.7651,1,0.0,0.0,0.0,0.0,0.0,1.0,0.0,0.0,0.0,1.0,0.0,,0.0,True,Qwen/Qwen2.5-Coder-32B-Instruct-AWQ,None
3022@x_name@DESC,Bar,Extra Hard,11.7651,11.7651,1,0.0,0.0,0.0,0.0,0.0,1.0,0.0,0.0,0.0,1.0,0.0,,0.0,True,Qwen/Qwen2.5-Coder-32B-Instruct-AWQ,None
3022@x_name@DESC,Bar,Extra Hard,11.7651,11.7651,1,0.0,0.0,0.0,0.0,0.0,1.0,0.0,0.0,0.0,1.0,0.0,,0.0,True,Qwen/Qwen2.5-Coder-32B-Instruct-AWQ,None
1462@x_name@ASC,Bar,Medium,7.5233,7.5233,1,0.0,0.0,0.0,0.0,0.0,1.0,0.0,0.0,0.0,1.0,0.0,,0.0,False,Qwen/Qwen2.5-Coder-32B-Instruct-AWQ,None
1462@x_name@ASC,Bar,Medium,7.5233,7.5233,1,0.0,0.0,0.0,0.0,0.0,1.0,0.0,0.0,0.0,1.0,0.0,,0.0,False,Qwen/Qwen2.5-Coder-32B-Instruct-AWQ,None
1462@x_name@ASC,Bar,Medium,7.5233,7.5233,1,0.0,0.0,0.0,0.0,0.0,1.0,0.0,0.0,0.0,1.0,0.0,,0.0,False,Qwen/Qwen2.5-Coder-32B-Instruct-AWQ,None
1470@y_name@ASC,Bar,Extra Hard,11.5492,34.6475,3,0.0,0.0,0.0,0.0,0.0,0.0,0.0,0.0,0.0,0.0,1.0,0.0,0.0,True,Qwen/Qwen2.5-Coder-32B-Instruct-AWQ,None
1470@y_name@ASC,Bar,Extra Hard,11.5492,34.6475,3,0.0,0.0,0.0,0.0,0.0,0.0,0.0,0.0,0.0,0.0,1.0,0.0,0.0,True,Qwen/Qwen2.5-Coder-32B-Instruct-AWQ,None
1470@y_name@ASC,Bar,Extra Hard,11.5492,34.6475,3,0.0,0.0,0.0,0.0,0.0,0.0,0.0,0.0,0.0,0.0,1.0,0.0,0.0,True,Qwen/Qwen2.5-Coder-32B-Instruct-AWQ,None
857@x_name@DESC,Bar,Extra Hard,13.3778,40.1335,3,0.0,0.0,0.0,0.0,0.0,0.6666666666666666,0.0,0.0,0.0,0.6666666666666666,0.3333333333333333,0.0,0.0,True,Qwen/Qwen2.5-Coder-32B-Instruct-AWQ,None
857@x_name@DESC,Bar,Extra Hard,13.3778,40.1335,3,0.0,0.0,0.0,0.0,0.0,0.6666666666666666,0.0,0.0,0.0,0.6666666666666666,0.3333333333333333,0.0,0.0,True,Qwen/Qwen2.5-Coder-32B-Instruct-AWQ,None
857@x_name@DESC,Bar,Extra Hard,13.3778,40.1335,3,0.0,0.0,0.0,0.0,0.0,0.6666666666666666,0.0,0.0,0.0,0.6666666666666666,0.3333333333333333,0.0,0.0,True,Qwen/Qwen2.5-Coder-32B-Instruct-AWQ,None
859@x_name@ASC,Bar,Medium,5.9673,5.9673,1,0.0,0.0,0.0,0.0,0.0,0.0,0.0,0.0,0.0,0.0,1.0,0.0,0.0,False,Qwen/Qwen2.5-Coder-32B-Instruct-AWQ,None
859@x_name@ASC,Bar,Medium,5.9673,5.9673,1,0.0,0.0,0.0,0.0,0.0,0.0,0.0,0.0,0.0,0.0,1.0,0.0,0.0,False,Qwen/Qwen2.5-Coder-32B-Instruct-AWQ,None
859@x_name@ASC,Bar,Medium,5.9673,5.9673,1,0.0,0.0,0.0,0.0,0.0,0.0,0.0,0.0,0.0,0.0,1.0,0.0,0.0,False,Qwen/Qwen2.5-Coder-32B-Instruct-AWQ,None
862@y_name@DESC,Bar,Medium,6.0805,6.0805,1,0.0,0.0,0.0,0.0,0.0,0.0,0.0,0.0,0.0,0.0,1.0,0.0,0.0,False,Qwen/Qwen2.5-Coder-32B-Instruct-AWQ,None
862@y_name@DESC,Bar,Medium,6.0805,6.0805,1,0.0,0.0,0.0,0.0,0.0,0.0,0.0,0.0,0.0,0.0,1.0,0.0,0.0,False,Qwen/Qwen2.5-Coder-32B-Instruct-AWQ,None
862@y_name@DESC,Bar,Medium,6.0805,6.0805,1,0.0,0.0,0.0,0.0,0.0,0.0,0.0,0.0,0.0,0.0,1.0,0.0,0.0,False,Qwen/Qwen2.5-Coder-32B-Instruct-AWQ,None
863@y_name@ASC,Bar,Medium,6.95,6.95,1,0.0,0.0,0.0,0.0,0.0,0.0,0.0,0.0,0.0,0.0,1.0,0.0,0.0,False,Qwen/Qwen2.5-Coder-32B-Instruct-AWQ,None
863@y_name@ASC,Bar,Medium,6.95,6.95,1,0.0,0.0,0.0,0.0,0.0,0.0,0.0,0.0,0.0,0.0,1.0,0.0,0.0,False,Qwen/Qwen2.5-Coder-32B-Instruct-AWQ,None
863@y_name@ASC,Bar,Medium,6.95,6.95,1,0.0,0.0,0.0,0.0,0.0,0.0,0.0,0.0,0.0,0.0,1.0,0.0,0.0,False,Qwen/Qwen2.5-Coder-32B-Instruct-AWQ,None
872@x_name@DESC,Bar,Medium,7.0333,28.1331,4,0.0,0.0,0.0,0.0,0.0,1.0,0.0,0.0,0.0,1.0,0.0,,0.0,False,Qwen/Qwen2.5-Coder-32B-Instruct-AWQ,None
872@x_name@DESC,Bar,Medium,7.0333,28.1331,4,0.0,0.0,0.0,0.0,0.0,1.0,0.0,0.0,0.0,1.0,0.0,,0.0,False,Qwen/Qwen2.5-Coder-32B-Instruct-AWQ,None
872@x_name@DESC,Bar,Medium,7.0333,28.1331,4,0.0,0.0,0.0,0.0,0.0,1.0,0.0,0.0,0.0,1.0,0.0,,0.0,False,Qwen/Qwen2.5-Coder-32B-Instruct-AWQ,None
882@x_name@DESC,Bar,Hard,12.7855,38.3566,3,0.0,0.0,0.0,0.0,0.0,0.6666666666666666,0.0,0.0,0.0,0.6666666666666666,0.3333333333333333,0.0,0.0,True,Qwen/Qwen2.5-Coder-32B-Instruct-AWQ,None
882@x_name@DESC,Bar,Hard,12.7855,38.3566,3,0.0,0.0,0.0,0.0,0.0,0.6666666666666666,0.0,0.0,0.0,0.6666666666666666,0.3333333333333333,0.0,0.0,True,Qwen/Qwen2.5-Coder-32B-Instruct-AWQ,None
882@x_name@DESC,Bar,Hard,12.7855,38.3566,3,0.0,0.0,0.0,0.0,0.0,0.6666666666666666,0.0,0.0,0.0,0.6666666666666666,0.3333333333333333,0.0,0.0,True,Qwen/Qwen2.5-Coder-32B-Instruct-AWQ,None
884@x_name@DESC,Bar,Extra Hard,16.4006,32.8012,2,0.0,0.0,0.0,0.0,0.0,0.5,0.0,0.0,0.0,0.5,0.5,0.0,0.0,True,Qwen/Qwen2.5-Coder-32B-Instruct-AWQ,None
884@x_name@DESC,Bar,Extra Hard,16.4006,32.8012,2,0.0,0.0,0.0,0.0,0.0,0.5,0.0,0.0,0.0,0.5,0.5,0.0,0.0,True,Qwen/Qwen2.5-Coder-32B-Instruct-AWQ,None
884@x_name@DESC,Bar,Extra Hard,16.4006,32.8012,2,0.0,0.0,0.0,0.0,0.0,0.5,0.0,0.0,0.0,0.5,0.5,0.0,0.0,True,Qwen/Qwen2.5-Coder-32B-Instruct-AWQ,None
1302@x_name@ASC,Bar,Hard,28.0206,28.0206,1,0.0,0.0,0.0,0.0,1.0,0.0,0.0,0.0,0.0,1.0,0.0,,0.0,True,Qwen/Qwen2.5-Coder-32B-Instruct-AWQ,None
1302@x_name@ASC,Bar,Hard,28.0206,28.0206,1,0.0,0.0,0.0,0.0,1.0,0.0,0.0,0.0,0.0,1.0,0.0,,0.0,True,Qwen/Qwen2.5-Coder-32B-Instruct-AWQ,None
1302@x_name@ASC,Bar,Hard,28.0206,28.0206,1,0.0,0.0,0.0,0.0,1.0,0.0,0.0,0.0,0.0,1.0,0.0,,0.0,True,Qwen/Qwen2.5-Coder-32B-Instruct-AWQ,None
1304@y_name@ASC,Bar,Easy,6.7869,27.1477,4,0.0,0.0,0.0,0.0,0.0,0.0,0.0,0.0,0.0,0.0,1.0,0.0,0.0,False,Qwen/Qwen2.5-Coder-32B-Instruct-AWQ,None
1304@y_name@ASC,Bar,Easy,6.7869,27.1477,4,0.0,0.0,0.0,0.0,0.0,0.0,0.0,0.0,0.0,0.0,1.0,0.0,0.0,False,Qwen/Qwen2.5-Coder-32B-Instruct-AWQ,None
1304@y_name@ASC,Bar,Easy,6.7869,27.1477,4,0.0,0.0,0.0,0.0,0.0,0.0,0.0,0.0,0.0,0.0,1.0,0.0,0.0,False,Qwen/Qwen2.5-Coder-32B-Instruct-AWQ,None
1307@y_name@DESC,Bar,Hard,11.9652,35.8957,3,0.0,0.0,0.0,0.0,0.0,0.0,0.0,0.0,0.0,0.0,1.0,0.0,0.0,True,Qwen/Qwen2.5-Coder-32B-Instruct-AWQ,None
1307@y_name@DESC,Bar,Hard,11.9652,35.8957,3,0.0,0.0,0.0,0.0,0.0,0.0,0.0,0.0,0.0,0.0,1.0,0.0,0.0,True,Qwen/Qwen2.5-Coder-32B-Instruct-AWQ,None
1307@y_name@DESC,Bar,Hard,11.9652,35.8957,3,0.0,0.0,0.0,0.0,0.0,0.0,0.0,0.0,0.0,0.0,1.0,0.0,0.0,True,Qwen/Qwen2.5-Coder-32B-Instruct-AWQ,None
1311@y_name@ASC,Bar,Hard,11.7412,11.7412,1,0.0,0.0,0.0,0.0,0.0,0.0,0.0,0.0,0.0,0.0,1.0,0.0,0.0,True,Qwen/Qwen2.5-Coder-32B-Instruct-AWQ,None
1311@y_name@ASC,Bar,Hard,11.7412,11.7412,1,0.0,0.0,0.0,0.0,0.0,0.0,0.0,0.0,0.0,0.0,1.0,0.0,0.0,True,Qwen/Qwen2.5-Coder-32B-Instruct-AWQ,None
1311@y_name@ASC,Bar,Hard,11.7412,11.7412,1,0.0,0.0,0.0,0.0,0.0,0.0,0.0,0.0,0.0,0.0,1.0,0.0,0.0,True,Qwen/Qwen2.5-Coder-32B-Instruct-AWQ,None
1315@y_name@ASC,Bar,Hard,26.8163,26.8163,1,0.0,0.0,0.0,0.0,1.0,0.0,0.0,0.0,0.0,1.0,0.0,,0.0,True,Qwen/Qwen2.5-Coder-32B-Instruct-AWQ,None
1315@y_name@ASC,Bar,Hard,26.8163,26.8163,1,0.0,0.0,0.0,0.0,1.0,0.0,0.0,0.0,0.0,1.0,0.0,,0.0,True,Qwen/Qwen2.5-Coder-32B-Instruct-AWQ,None
1315@y_name@ASC,Bar,Hard,26.8163,26.8163,1,0.0,0.0,0.0,0.0,1.0,0.0,0.0,0.0,0.0,1.0,0.0,,0.0,True,Qwen/Qwen2.5-Coder-32B-Instruct-AWQ,None
1320@y_name@ASC,Bar,Medium,5.6461,11.2922,2,0.0,0.0,0.0,0.0,0.5,0.0,0.0,0.0,0.0,0.5,0.5,0.0,0.0,False,Qwen/Qwen2.5-Coder-32B-Instruct-AWQ,None
1320@y_name@ASC,Bar,Medium,5.6461,11.2922,2,0.0,0.0,0.0,0.0,0.5,0.0,0.0,0.0,0.0,0.5,0.5,0.0,0.0,False,Qwen/Qwen2.5-Coder-32B-Instruct-AWQ,None
1320@y_name@ASC,Bar,Medium,5.6461,11.2922,2,0.0,0.0,0.0,0.0,0.5,0.0,0.0,0.0,0.0,0.5,0.5,0.0,0.0,False,Qwen/Qwen2.5-Coder-32B-Instruct-AWQ,None
1322@x_name@ASC,Bar,Extra Hard,14.6636,29.3271,2,0.0,0.0,0.0,0.0,0.5,0.5,0.0,0.0,0.0,1.0,0.0,,0.0,True,Qwen/Qwen2.5-Coder-32B-Instruct-AWQ,None
1322@x_name@ASC,Bar,Extra Hard,14.6636,29.3271,2,0.0,0.0,0.0,0.0,0.5,0.5,0.0,0.0,0.0,1.0,0.0,,0.0,True,Qwen/Qwen2.5-Coder-32B-Instruct-AWQ,None
1322@x_name@ASC,Bar,Extra Hard,14.6636,29.3271,2,0.0,0.0,0.0,0.0,0.5,0.5,0.0,0.0,0.0,1.0,0.0,,0.0,True,Qwen/Qwen2.5-Coder-32B-Instruct-AWQ,None
364@y_name@ASC,Bar,Medium,6.6133,19.8398,3,0.0,0.0,0.0,0.0,0.0,0.0,0.0,0.0,0.0,0.0,1.0,0.0,0.0,False,Qwen/Qwen2.5-Coder-32B-Instruct-AWQ,None
364@y_name@ASC,Bar,Medium,6.6133,19.8398,3,0.0,0.0,0.0,0.0,0.0,0.0,0.0,0.0,0.0,0.0,1.0,0.0,0.0,False,Qwen/Qwen2.5-Coder-32B-Instruct-AWQ,None
364@y_name@ASC,Bar,Medium,6.6133,19.8398,3,0.0,0.0,0.0,0.0,0.0,0.0,0.0,0.0,0.0,0.0,1.0,0.0,0.0,False,Qwen/Qwen2.5-Coder-32B-Instruct-AWQ,None
365@x_name@ASC,Bar,Medium,6.4406,12.8812,2,0.0,0.0,0.0,0.0,0.0,0.0,0.0,0.0,0.0,0.0,1.0,0.0,0.0,False,Qwen/Qwen2.5-Coder-32B-Instruct-AWQ,None
365@x_name@ASC,Bar,Medium,6.4406,12.8812,2,0.0,0.0,0.0,0.0,0.0,0.0,0.0,0.0,0.0,0.0,1.0,0.0,0.0,False,Qwen/Qwen2.5-Coder-32B-Instruct-AWQ,None
365@x_name@ASC,Bar,Medium,6.4406,12.8812,2,0.0,0.0,0.0,0.0,0.0,0.0,0.0,0.0,0.0,0.0,1.0,0.0,0.0,False,Qwen/Qwen2.5-Coder-32B-Instruct-AWQ,None
2436@y_name@DESC,Bar,Medium,6.0925,12.1851,2,0.0,0.0,0.0,0.0,0.0,0.0,0.0,0.0,0.0,0.0,1.0,0.0,0.0,False,Qwen/Qwen2.5-Coder-32B-Instruct-AWQ,None
2436@y_name@DESC,Bar,Medium,6.0925,12.1851,2,0.0,0.0,0.0,0.0,0.0,0.0,0.0,0.0,0.0,0.0,1.0,0.0,0.0,False,Qwen/Qwen2.5-Coder-32B-Instruct-AWQ,None
2436@y_name@DESC,Bar,Medium,6.0925,12.1851,2,0.0,0.0,0.0,0.0,0.0,0.0,0.0,0.0,0.0,0.0,1.0,0.0,0.0,False,Qwen/Qwen2.5-Coder-32B-Instruct-AWQ,None
2439@x_name@ASC,Bar,Hard,6.9715,13.943,2,0.0,0.0,0.0,0.0,0.0,0.0,0.0,0.0,0.0,0.0,1.0,0.0,0.0,False,Qwen/Qwen2.5-Coder-32B-Instruct-AWQ,None
2439@x_name@ASC,Bar,Hard,6.9715,13.943,2,0.0,0.0,0.0,0.0,0.0,0.0,0.0,0.0,0.0,0.0,1.0,0.0,0.0,False,Qwen/Qwen2.5-Coder-32B-Instruct-AWQ,None
2439@x_name@ASC,Bar,Hard,6.9715,13.943,2,0.0,0.0,0.0,0.0,0.0,0.0,0.0,0.0,0.0,0.0,1.0,0.0,0.0,False,Qwen/Qwen2.5-Coder-32B-Instruct-AWQ,None
2441@x_name@DESC,Bar,Medium,10.3566,10.3566,1,0.0,0.0,0.0,0.0,0.0,0.0,0.0,0.0,0.0,0.0,1.0,0.0,0.0,False,Qwen/Qwen2.5-Coder-32B-Instruct-AWQ,None
2441@x_name@DESC,Bar,Medium,10.3566,10.3566,1,0.0,0.0,0.0,0.0,0.0,0.0,0.0,0.0,0.0,0.0,1.0,0.0,0.0,False,Qwen/Qwen2.5-Coder-32B-Instruct-AWQ,None
2441@x_name@DESC,Bar,Medium,10.3566,10.3566,1,0.0,0.0,0.0,0.0,0.0,0.0,0.0,0.0,0.0,0.0,1.0,0.0,0.0,False,Qwen/Qwen2.5-Coder-32B-Instruct-AWQ,None
2127@x_name@ASC,Bar,Medium,4.7628,4.7628,1,0.0,0.0,0.0,0.0,0.0,0.0,0.0,0.0,0.0,0.0,1.0,0.0,0.0,False,Qwen/Qwen2.5-Coder-32B-Instruct-AWQ,None
2127@x_name@ASC,Bar,Medium,4.7628,4.7628,1,0.0,0.0,0.0,0.0,0.0,0.0,0.0,0.0,0.0,0.0,1.0,0.0,0.0,False,Qwen/Qwen2.5-Coder-32B-Instruct-AWQ,None
2127@x_name@ASC,Bar,Medium,4.7628,4.7628,1,0.0,0.0,0.0,0.0,0.0,0.0,0.0,0.0,0.0,0.0,1.0,0.0,0.0,False,Qwen/Qwen2.5-Coder-32B-Instruct-AWQ,None
2135@x_name@DESC,Bar,Medium,4.6324,9.2649,2,0.0,0.0,0.0,0.0,0.0,0.5,0.0,0.0,0.0,0.5,0.5,0.0,0.0,False,Qwen/Qwen2.5-Coder-32B-Instruct-AWQ,None
2135@x_name@DESC,Bar,Medium,4.6324,9.2649,2,0.0,0.0,0.0,0.0,0.0,0.5,0.0,0.0,0.0,0.5,0.5,0.0,0.0,False,Qwen/Qwen2.5-Coder-32B-Instruct-AWQ,None
2135@x_name@DESC,Bar,Medium,4.6324,9.2649,2,0.0,0.0,0.0,0.0,0.0,0.5,0.0,0.0,0.0,0.5,0.5,0.0,0.0,False,Qwen/Qwen2.5-Coder-32B-Instruct-AWQ,None
2143@y_name@DESC,Bar,Hard,11.8493,11.8493,1,0.0,0.0,0.0,0.0,0.0,0.0,0.0,0.0,0.0,0.0,1.0,0.0,0.0,True,Qwen/Qwen2.5-Coder-32B-Instruct-AWQ,None
2143@y_name@DESC,Bar,Hard,11.8493,11.8493,1,0.0,0.0,0.0,0.0,0.0,0.0,0.0,0.0,0.0,0.0,1.0,0.0,0.0,True,Qwen/Qwen2.5-Coder-32B-Instruct-AWQ,None
2143@y_name@DESC,Bar,Hard,11.8493,11.8493,1,0.0,0.0,0.0,0.0,0.0,0.0,0.0,0.0,0.0,0.0,1.0,0.0,0.0,True,Qwen/Qwen2.5-Coder-32B-Instruct-AWQ,None
1149@x_name@DESC,Bar,Medium,6.423,12.846,2,0.0,0.0,0.0,0.0,0.0,1.0,0.0,0.0,0.0,1.0,0.0,,0.0,False,Qwen/Qwen2.5-Coder-32B-Instruct-AWQ,None
1149@x_name@DESC,Bar,Medium,6.423,12.846,2,0.0,0.0,0.0,0.0,0.0,1.0,0.0,0.0,0.0,1.0,0.0,,0.0,False,Qwen/Qwen2.5-Coder-32B-Instruct-AWQ,None
1149@x_name@DESC,Bar,Medium,6.423,12.846,2,0.0,0.0,0.0,0.0,0.0,1.0,0.0,0.0,0.0,1.0,0.0,,0.0,False,Qwen/Qwen2.5-Coder-32B-Instruct-AWQ,None
1150@y_name@ASC,Bar,Medium,5.787,11.574,2,0.0,0.0,0.0,0.0,0.0,0.0,0.0,0.0,0.0,0.0,1.0,0.0,0.0,False,Qwen/Qwen2.5-Coder-32B-Instruct-AWQ,None
1150@y_name@ASC,Bar,Medium,5.787,11.574,2,0.0,0.0,0.0,0.0,0.0,0.0,0.0,0.0,0.0,0.0,1.0,0.0,0.0,False,Qwen/Qwen2.5-Coder-32B-Instruct-AWQ,None
1150@y_name@ASC,Bar,Medium,5.787,11.574,2,0.0,0.0,0.0,0.0,0.0,0.0,0.0,0.0,0.0,0.0,1.0,0.0,0.0,False,Qwen/Qwen2.5-Coder-32B-Instruct-AWQ,None
2814@y_name@ASC,Bar,Medium,6.0118,18.0354,3,0.0,0.0,0.0,0.0,0.0,0.0,0.0,0.0,0.0,0.0,1.0,0.0,0.0,False,Qwen/Qwen2.5-Coder-32B-Instruct-AWQ,None
2814@y_name@ASC,Bar,Medium,6.0118,18.0354,3,0.0,0.0,0.0,0.0,0.0,0.0,0.0,0.0,0.0,0.0,1.0,0.0,0.0,False,Qwen/Qwen2.5-Coder-32B-Instruct-AWQ,None
2814@y_name@ASC,Bar,Medium,6.0118,18.0354,3,0.0,0.0,0.0,0.0,0.0,0.0,0.0,0.0,0.0,0.0,1.0,0.0,0.0,False,Qwen/Qwen2.5-Coder-32B-Instruct-AWQ,None
2815@x_name@DESC,Stacked Bar,Hard,16.7421,16.7421,1,0.0,0.0,0.0,0.0,0.0,1.0,0.0,0.0,0.0,1.0,0.0,,0.0,False,Qwen/Qwen2.5-Coder-32B-Instruct-AWQ,None
2815@x_name@DESC,Stacked Bar,Hard,16.7421,16.7421,1,0.0,0.0,0.0,0.0,0.0,1.0,0.0,0.0,0.0,1.0,0.0,,0.0,False,Qwen/Qwen2.5-Coder-32B-Instruct-AWQ,None
2815@x_name@DESC,Stacked Bar,Hard,16.7421,16.7421,1,0.0,0.0,0.0,0.0,0.0,1.0,0.0,0.0,0.0,1.0,0.0,,0.0,False,Qwen/Qwen2.5-Coder-32B-Instruct-AWQ,None
2816@y_name@ASC,Bar,Medium,6.1517,12.3034,2,0.0,0.0,0.0,0.0,0.0,0.0,0.0,0.0,0.0,0.0,1.0,0.0,0.0,False,Qwen/Qwen2.5-Coder-32B-Instruct-AWQ,None
2816@y_name@ASC,Bar,Medium,6.1517,12.3034,2,0.0,0.0,0.0,0.0,0.0,0.0,0.0,0.0,0.0,0.0,1.0,0.0,0.0,False,Qwen/Qwen2.5-Coder-32B-Instruct-AWQ,None
2816@y_name@ASC,Bar,Medium,6.1517,12.3034,2,0.0,0.0,0.0,0.0,0.0,0.0,0.0,0.0,0.0,0.0,1.0,0.0,0.0,False,Qwen/Qwen2.5-Coder-32B-Instruct-AWQ,None
2823@x_name@ASC,Bar,Hard,13.1399,13.1399,1,0.0,0.0,0.0,0.0,0.0,0.0,0.0,0.0,0.0,0.0,1.0,0.0,0.0,True,Qwen/Qwen2.5-Coder-32B-Instruct-AWQ,None
2823@x_name@ASC,Bar,Hard,13.1399,13.1399,1,0.0,0.0,0.0,0.0,0.0,0.0,0.0,0.0,0.0,0.0,1.0,0.0,0.0,True,Qwen/Qwen2.5-Coder-32B-Instruct-AWQ,None
2823@x_name@ASC,Bar,Hard,13.1399,13.1399,1,0.0,0.0,0.0,0.0,0.0,0.0,0.0,0.0,0.0,0.0,1.0,0.0,0.0,True,Qwen/Qwen2.5-Coder-32B-Instruct-AWQ,None
2827@y_name@ASC,Bar,Medium,7.0292,28.1169,4,0.0,0.0,0.0,0.0,0.0,0.0,0.0,0.0,0.0,0.0,1.0,0.0,0.0,False,Qwen/Qwen2.5-Coder-32B-Instruct-AWQ,None
2827@y_name@ASC,Bar,Medium,7.0292,28.1169,4,0.0,0.0,0.0,0.0,0.0,0.0,0.0,0.0,0.0,0.0,1.0,0.0,0.0,False,Qwen/Qwen2.5-Coder-32B-Instruct-AWQ,None
2827@y_name@ASC,Bar,Medium,7.0292,28.1169,4,0.0,0.0,0.0,0.0,0.0,0.0,0.0,0.0,0.0,0.0,1.0,0.0,0.0,False,Qwen/Qwen2.5-Coder-32B-Instruct-AWQ,None
3261@y_name@ASC,Bar,Medium,8.083,24.2489,3,0.0,0.0,0.0,0.0,0.0,0.0,0.0,0.0,0.0,0.0,1.0,0.0,0.0,False,Qwen/Qwen2.5-Coder-32B-Instruct-AWQ,None
3261@y_name@ASC,Bar,Medium,8.083,24.2489,3,0.0,0.0,0.0,0.0,0.0,0.0,0.0,0.0,0.0,0.0,1.0,0.0,0.0,False,Qwen/Qwen2.5-Coder-32B-Instruct-AWQ,None
3261@y_name@ASC,Bar,Medium,8.083,24.2489,3,0.0,0.0,0.0,0.0,0.0,0.0,0.0,0.0,0.0,0.0,1.0,0.0,0.0,False,Qwen/Qwen2.5-Coder-32B-Instruct-AWQ,None
3266@x_name@DESC,Bar,Medium,11.2744,56.3722,5,0.0,0.0,0.0,0.0,0.0,0.8,0.0,0.0,0.0,0.8,0.2,0.0,0.0,True,Qwen/Qwen2.5-Coder-32B-Instruct-AWQ,None
3266@x_name@DESC,Bar,Medium,11.2744,56.3722,5,0.0,0.0,0.0,0.0,0.0,0.8,0.0,0.0,0.0,0.8,0.2,0.0,0.0,True,Qwen/Qwen2.5-Coder-32B-Instruct-AWQ,None
3266@x_name@DESC,Bar,Medium,11.2744,56.3722,5,0.0,0.0,0.0,0.0,0.0,0.8,0.0,0.0,0.0,0.8,0.2,0.0,0.0,True,Qwen/Qwen2.5-Coder-32B-Instruct-AWQ,None
2698@y_name@DESC,Bar,Medium,8.434,16.868,2,0.0,0.0,0.0,0.0,0.0,0.0,0.0,0.0,0.0,0.0,1.0,0.0,0.0,False,Qwen/Qwen2.5-Coder-32B-Instruct-AWQ,None
2698@y_name@DESC,Bar,Medium,8.434,16.868,2,0.0,0.0,0.0,0.0,0.0,0.0,0.0,0.0,0.0,0.0,1.0,0.0,0.0,False,Qwen/Qwen2.5-Coder-32B-Instruct-AWQ,None
2698@y_name@DESC,Bar,Medium,8.434,16.868,2,0.0,0.0,0.0,0.0,0.0,0.0,0.0,0.0,0.0,0.0,1.0,0.0,0.0,False,Qwen/Qwen2.5-Coder-32B-Instruct-AWQ,None
2702@y_name@DESC,Bar,Medium,5.6963,17.0889,3,0.0,0.0,0.0,0.0,0.0,0.0,0.0,0.0,0.0,0.0,1.0,0.0,0.0,False,Qwen/Qwen2.5-Coder-32B-Instruct-AWQ,None
2702@y_name@DESC,Bar,Medium,5.6963,17.0889,3,0.0,0.0,0.0,0.0,0.0,0.0,0.0,0.0,0.0,0.0,1.0,0.0,0.0,False,Qwen/Qwen2.5-Coder-32B-Instruct-AWQ,None
2702@y_name@DESC,Bar,Medium,5.6963,17.0889,3,0.0,0.0,0.0,0.0,0.0,0.0,0.0,0.0,0.0,0.0,1.0,0.0,0.0,False,Qwen/Qwen2.5-Coder-32B-Instruct-AWQ,None
2626@y_name@ASC,Bar,Hard,9.9927,9.9927,1,0.0,0.0,0.0,0.0,0.0,0.0,0.0,0.0,0.0,0.0,1.0,0.0,0.0,True,Qwen/Qwen2.5-Coder-32B-Instruct-AWQ,None
2626@y_name@ASC,Bar,Hard,9.9927,9.9927,1,0.0,0.0,0.0,0.0,0.0,0.0,0.0,0.0,0.0,0.0,1.0,0.0,0.0,True,Qwen/Qwen2.5-Coder-32B-Instruct-AWQ,None
2626@y_name@ASC,Bar,Hard,9.9927,9.9927,1,0.0,0.0,0.0,0.0,0.0,0.0,0.0,0.0,0.0,0.0,1.0,0.0,0.0,True,Qwen/Qwen2.5-Coder-32B-Instruct-AWQ,None
2629@x_name@ASC,Bar,Medium,5.6792,11.3584,2,0.0,0.0,0.0,0.0,0.0,0.5,0.0,0.0,0.0,0.5,0.5,0.0,0.0,False,Qwen/Qwen2.5-Coder-32B-Instruct-AWQ,None
2629@x_name@ASC,Bar,Medium,5.6792,11.3584,2,0.0,0.0,0.0,0.0,0.0,0.5,0.0,0.0,0.0,0.5,0.5,0.0,0.0,False,Qwen/Qwen2.5-Coder-32B-Instruct-AWQ,None
2629@x_name@ASC,Bar,Medium,5.6792,11.3584,2,0.0,0.0,0.0,0.0,0.0,0.5,0.0,0.0,0.0,0.5,0.5,0.0,0.0,False,Qwen/Qwen2.5-Coder-32B-Instruct-AWQ,None
7@y_name@ASC,Bar,Medium,5.5518,38.8628,7,0.0,0.0,0.0,0.0,0.0,0.0,0.0,0.0,0.0,0.0,1.0,0.0,0.0,False,Qwen/Qwen2.5-Coder-32B-Instruct-AWQ,None
7@y_name@ASC,Bar,Medium,5.5518,38.8628,7,0.0,0.0,0.0,0.0,0.0,0.0,0.0,0.0,0.0,0.0,1.0,0.0,0.0,False,Qwen/Qwen2.5-Coder-32B-Instruct-AWQ,None
7@y_name@ASC,Bar,Medium,5.5518,38.8628,7,0.0,0.0,0.0,0.0,0.0,0.0,0.0,0.0,0.0,0.0,1.0,0.0,0.0,False,Qwen/Qwen2.5-Coder-32B-Instruct-AWQ,None
11@y_name@ASC,Stacked Bar,Hard,6.794,20.382,3,0.0,0.0,0.0,0.0,0.0,1.0,0.0,0.0,0.0,1.0,0.0,,0.0,False,Qwen/Qwen2.5-Coder-32B-Instruct-AWQ,None
11@y_name@ASC,Stacked Bar,Hard,6.794,20.382,3,0.0,0.0,0.0,0.0,0.0,1.0,0.0,0.0,0.0,1.0,0.0,,0.0,False,Qwen/Qwen2.5-Coder-32B-Instruct-AWQ,None
11@y_name@ASC,Stacked Bar,Hard,6.794,20.382,3,0.0,0.0,0.0,0.0,0.0,1.0,0.0,0.0,0.0,1.0,0.0,,0.0,False,Qwen/Qwen2.5-Coder-32B-Instruct-AWQ,None
12@x_name@ASC,Bar,Medium,9.6102,28.8305,3,0.0,0.0,0.0,0.0,0.0,0.0,0.0,0.0,0.0,0.0,1.0,0.0,0.0,False,Qwen/Qwen2.5-Coder-32B-Instruct-AWQ,None
12@x_name@ASC,Bar,Medium,9.6102,28.8305,3,0.0,0.0,0.0,0.0,0.0,0.0,0.0,0.0,0.0,0.0,1.0,0.0,0.0,False,Qwen/Qwen2.5-Coder-32B-Instruct-AWQ,None
12@x_name@ASC,Bar,Medium,9.6102,28.8305,3,0.0,0.0,0.0,0.0,0.0,0.0,0.0,0.0,0.0,0.0,1.0,0.0,0.0,False,Qwen/Qwen2.5-Coder-32B-Instruct-AWQ,None
17@y_name@DESC,Bar,Medium,12.3862,37.1587,3,0.0,0.0,0.0,0.0,0.0,0.0,0.0,0.0,0.0,0.0,1.0,0.0,0.0,False,Qwen/Qwen2.5-Coder-32B-Instruct-AWQ,None
17@y_name@DESC,Bar,Medium,12.3862,37.1587,3,0.0,0.0,0.0,0.0,0.0,0.0,0.0,0.0,0.0,0.0,1.0,0.0,0.0,False,Qwen/Qwen2.5-Coder-32B-Instruct-AWQ,None
17@y_name@DESC,Bar,Medium,12.3862,37.1587,3,0.0,0.0,0.0,0.0,0.0,0.0,0.0,0.0,0.0,0.0,1.0,0.0,0.0,False,Qwen/Qwen2.5-Coder-32B-Instruct-AWQ,None
22@y_name@ASC,Bar,Hard,7.2927,29.1707,4,0.0,0.0,0.0,0.0,0.0,0.0,0.0,0.0,0.0,0.0,1.0,0.0,0.0,False,Qwen/Qwen2.5-Coder-32B-Instruct-AWQ,None
22@y_name@ASC,Bar,Hard,7.2927,29.1707,4,0.0,0.0,0.0,0.0,0.0,0.0,0.0,0.0,0.0,0.0,1.0,0.0,0.0,False,Qwen/Qwen2.5-Coder-32B-Instruct-AWQ,None
22@y_name@ASC,Bar,Hard,7.2927,29.1707,4,0.0,0.0,0.0,0.0,0.0,0.0,0.0,0.0,0.0,0.0,1.0,0.0,0.0,False,Qwen/Qwen2.5-Coder-32B-Instruct-AWQ,None
24@x_name@ASC,Bar,Medium,4.7801,4.7801,1,0.0,0.0,0.0,0.0,0.0,0.0,0.0,0.0,0.0,0.0,1.0,0.0,0.0,False,Qwen/Qwen2.5-Coder-32B-Instruct-AWQ,None
24@x_name@ASC,Bar,Medium,4.7801,4.7801,1,0.0,0.0,0.0,0.0,0.0,0.0,0.0,0.0,0.0,0.0,1.0,0.0,0.0,False,Qwen/Qwen2.5-Coder-32B-Instruct-AWQ,None
24@x_name@ASC,Bar,Medium,4.7801,4.7801,1,0.0,0.0,0.0,0.0,0.0,0.0,0.0,0.0,0.0,0.0,1.0,0.0,0.0,False,Qwen/Qwen2.5-Coder-32B-Instruct-AWQ,None
26@y_name@ASC,Bar,Hard,12.7034,25.4068,2,0.0,0.0,0.0,0.0,0.0,0.0,0.0,0.0,0.0,0.0,1.0,0.0,0.0,True,Qwen/Qwen2.5-Coder-32B-Instruct-AWQ,None
26@y_name@ASC,Bar,Hard,12.7034,25.4068,2,0.0,0.0,0.0,0.0,0.0,0.0,0.0,0.0,0.0,0.0,1.0,0.0,0.0,True,Qwen/Qwen2.5-Coder-32B-Instruct-AWQ,None
26@y_name@ASC,Bar,Hard,12.7034,25.4068,2,0.0,0.0,0.0,0.0,0.0,0.0,0.0,0.0,0.0,0.0,1.0,0.0,0.0,True,Qwen/Qwen2.5-Coder-32B-Instruct-AWQ,None
30@y_name@ASC,Bar,Hard,12.3745,61.8726,5,0.0,0.0,0.0,0.0,0.0,0.0,0.0,0.0,0.0,0.0,1.0,0.0,0.0,True,Qwen/Qwen2.5-Coder-32B-Instruct-AWQ,None
30@y_name@ASC,Bar,Hard,12.3745,61.8726,5,0.0,0.0,0.0,0.0,0.0,0.0,0.0,0.0,0.0,0.0,1.0,0.0,0.0,True,Qwen/Qwen2.5-Coder-32B-Instruct-AWQ,None
30@y_name@ASC,Bar,Hard,12.3745,61.8726,5,0.0,0.0,0.0,0.0,0.0,0.0,0.0,0.0,0.0,0.0,1.0,0.0,0.0,True,Qwen/Qwen2.5-Coder-32B-Instruct-AWQ,None
2575@y_name@ASC,Bar,Hard,11.8096,11.8096,1,0.0,0.0,0.0,0.0,0.0,0.0,0.0,0.0,0.0,0.0,1.0,0.0,0.0,True,Qwen/Qwen2.5-Coder-32B-Instruct-AWQ,None
2575@y_name@ASC,Bar,Hard,11.8096,11.8096,1,0.0,0.0,0.0,0.0,0.0,0.0,0.0,0.0,0.0,0.0,1.0,0.0,0.0,True,Qwen/Qwen2.5-Coder-32B-Instruct-AWQ,None
2575@y_name@ASC,Bar,Hard,11.8096,11.8096,1,0.0,0.0,0.0,0.0,0.0,0.0,0.0,0.0,0.0,0.0,1.0,0.0,0.0,True,Qwen/Qwen2.5-Coder-32B-Instruct-AWQ,None
2581@y_name@DESC,Bar,Hard,23.981,47.962,2,0.0,0.0,0.0,0.0,0.0,0.0,0.0,0.0,0.0,0.0,1.0,0.0,0.0,True,Qwen/Qwen2.5-Coder-32B-Instruct-AWQ,None
2581@y_name@DESC,Bar,Hard,23.981,47.962,2,0.0,0.0,0.0,0.0,0.0,0.0,0.0,0.0,0.0,0.0,1.0,0.0,0.0,True,Qwen/Qwen2.5-Coder-32B-Instruct-AWQ,None
2581@y_name@DESC,Bar,Hard,23.981,47.962,2,0.0,0.0,0.0,0.0,0.0,0.0,0.0,0.0,0.0,0.0,1.0,0.0,0.0,True,Qwen/Qwen2.5-Coder-32B-Instruct-AWQ,None
2582@y_name@DESC,Bar,Hard,9.1772,9.1772,1,0.0,0.0,0.0,0.0,1.0,0.0,0.0,0.0,0.0,1.0,0.0,,0.0,True,Qwen/Qwen2.5-Coder-32B-Instruct-AWQ,None
2582@y_name@DESC,Bar,Hard,9.1772,9.1772,1,0.0,0.0,0.0,0.0,1.0,0.0,0.0,0.0,0.0,1.0,0.0,,0.0,True,Qwen/Qwen2.5-Coder-32B-Instruct-AWQ,None
2582@y_name@DESC,Bar,Hard,9.1772,9.1772,1,0.0,0.0,0.0,0.0,1.0,0.0,0.0,0.0,0.0,1.0,0.0,,0.0,True,Qwen/Qwen2.5-Coder-32B-Instruct-AWQ,None
1371@y_name@ASC,Bar,Medium,32.3707,97.1121,3,0.0,0.0,0.0,0.0,0.0,0.0,0.0,0.0,0.0,0.0,1.0,0.0,0.0,False,Qwen/Qwen2.5-Coder-32B-Instruct-AWQ,None
1371@y_name@ASC,Bar,Medium,32.3707,97.1121,3,0.0,0.0,0.0,0.0,0.0,0.0,0.0,0.0,0.0,0.0,1.0,0.0,0.0,False,Qwen/Qwen2.5-Coder-32B-Instruct-AWQ,None
1371@y_name@ASC,Bar,Medium,32.3707,97.1121,3,0.0,0.0,0.0,0.0,0.0,0.0,0.0,0.0,0.0,0.0,1.0,0.0,0.0,False,Qwen/Qwen2.5-Coder-32B-Instruct-AWQ,None
1373@y_name@DESC,Bar,Medium,7.102,21.3059,3,0.0,0.0,0.0,0.0,0.0,0.0,0.0,0.0,0.0,0.0,1.0,0.0,0.0,False,Qwen/Qwen2.5-Coder-32B-Instruct-AWQ,None
1373@y_name@DESC,Bar,Medium,7.102,21.3059,3,0.0,0.0,0.0,0.0,0.0,0.0,0.0,0.0,0.0,0.0,1.0,0.0,0.0,False,Qwen/Qwen2.5-Coder-32B-Instruct-AWQ,None
1373@y_name@DESC,Bar,Medium,7.102,21.3059,3,0.0,0.0,0.0,0.0,0.0,0.0,0.0,0.0,0.0,0.0,1.0,0.0,0.0,False,Qwen/Qwen2.5-Coder-32B-Instruct-AWQ,None
1375@x_name@ASC,Line,Extra Hard,11.9071,23.8143,2,0.0,0.0,0.0,0.0,0.5,0.0,0.0,0.0,0.0,0.5,0.5,0.0,0.0,True,Qwen/Qwen2.5-Coder-32B-Instruct-AWQ,None
1375@x_name@ASC,Line,Extra Hard,11.9071,23.8143,2,0.0,0.0,0.0,0.0,0.5,0.0,0.0,0.0,0.0,0.5,0.5,0.0,0.0,True,Qwen/Qwen2.5-Coder-32B-Instruct-AWQ,None
1375@x_name@ASC,Line,Extra Hard,11.9071,23.8143,2,0.0,0.0,0.0,0.0,0.5,0.0,0.0,0.0,0.0,0.5,0.5,0.0,0.0,True,Qwen/Qwen2.5-Coder-32B-Instruct-AWQ,None
66@y_name@ASC,Bar,Extra Hard,12.8642,25.7283,2,0.0,0.0,0.0,0.0,1.0,0.0,0.0,0.0,0.0,1.0,0.0,,0.0,True,Qwen/Qwen2.5-Coder-32B-Instruct-AWQ,None
66@y_name@ASC,Bar,Extra Hard,12.8642,25.7283,2,0.0,0.0,0.0,0.0,1.0,0.0,0.0,0.0,0.0,1.0,0.0,,0.0,True,Qwen/Qwen2.5-Coder-32B-Instruct-AWQ,None
66@y_name@ASC,Bar,Extra Hard,12.8642,25.7283,2,0.0,0.0,0.0,0.0,1.0,0.0,0.0,0.0,0.0,1.0,0.0,,0.0,True,Qwen/Qwen2.5-Coder-32B-Instruct-AWQ,None
67@y_name@ASC,Bar,Extra Hard,13.3078,26.6157,2,0.0,0.0,0.0,0.0,0.0,1.0,0.0,0.0,0.0,1.0,0.0,,0.0,True,Qwen/Qwen2.5-Coder-32B-Instruct-AWQ,None
67@y_name@ASC,Bar,Extra Hard,13.3078,26.6157,2,0.0,0.0,0.0,0.0,0.0,1.0,0.0,0.0,0.0,1.0,0.0,,0.0,True,Qwen/Qwen2.5-Coder-32B-Instruct-AWQ,None
67@y_name@ASC,Bar,Extra Hard,13.3078,26.6157,2,0.0,0.0,0.0,0.0,0.0,1.0,0.0,0.0,0.0,1.0,0.0,,0.0,True,Qwen/Qwen2.5-Coder-32B-Instruct-AWQ,None
70@y_name@ASC,Bar,Extra Hard,11.9947,23.9895,2,0.0,0.0,0.0,0.0,0.5,0.5,0.0,0.0,0.0,1.0,0.0,,0.0,True,Qwen/Qwen2.5-Coder-32B-Instruct-AWQ,None
70@y_name@ASC,Bar,Extra Hard,11.9947,23.9895,2,0.0,0.0,0.0,0.0,0.5,0.5,0.0,0.0,0.0,1.0,0.0,,0.0,True,Qwen/Qwen2.5-Coder-32B-Instruct-AWQ,None
70@y_name@ASC,Bar,Extra Hard,11.9947,23.9895,2,0.0,0.0,0.0,0.0,0.5,0.5,0.0,0.0,0.0,1.0,0.0,,0.0,True,Qwen/Qwen2.5-Coder-32B-Instruct-AWQ,None
71@y_name@ASC,Bar,Extra Hard,12.0809,24.1618,2,0.0,0.0,0.0,0.0,1.0,0.0,0.0,0.0,0.0,1.0,0.0,,0.0,True,Qwen/Qwen2.5-Coder-32B-Instruct-AWQ,None
71@y_name@ASC,Bar,Extra Hard,12.0809,24.1618,2,0.0,0.0,0.0,0.0,1.0,0.0,0.0,0.0,0.0,1.0,0.0,,0.0,True,Qwen/Qwen2.5-Coder-32B-Instruct-AWQ,None
71@y_name@ASC,Bar,Extra Hard,12.0809,24.1618,2,0.0,0.0,0.0,0.0,1.0,0.0,0.0,0.0,0.0,1.0,0.0,,0.0,True,Qwen/Qwen2.5-Coder-32B-Instruct-AWQ,None
75@y_name@ASC,Bar,Extra Hard,22.1851,44.3702,2,0.0,0.0,0.0,0.0,0.5,0.5,0.0,0.0,0.0,1.0,0.0,,0.0,True,Qwen/Qwen2.5-Coder-32B-Instruct-AWQ,None
75@y_name@ASC,Bar,Extra Hard,22.1851,44.3702,2,0.0,0.0,0.0,0.0,0.5,0.5,0.0,0.0,0.0,1.0,0.0,,0.0,True,Qwen/Qwen2.5-Coder-32B-Instruct-AWQ,None
75@y_name@ASC,Bar,Extra Hard,22.1851,44.3702,2,0.0,0.0,0.0,0.0,0.5,0.5,0.0,0.0,0.0,1.0,0.0,,0.0,True,Qwen/Qwen2.5-Coder-32B-Instruct-AWQ,None
76@y_name@DESC,Bar,Extra Hard,13.7978,13.7978,1,0.0,0.0,0.0,0.0,0.0,0.0,0.0,0.0,0.0,0.0,1.0,0.0,0.0,True,Qwen/Qwen2.5-Coder-32B-Instruct-AWQ,None
76@y_name@DESC,Bar,Extra Hard,13.7978,13.7978,1,0.0,0.0,0.0,0.0,0.0,0.0,0.0,0.0,0.0,0.0,1.0,0.0,0.0,True,Qwen/Qwen2.5-Coder-32B-Instruct-AWQ,None
76@y_name@DESC,Bar,Extra Hard,13.7978,13.7978,1,0.0,0.0,0.0,0.0,0.0,0.0,0.0,0.0,0.0,0.0,1.0,0.0,0.0,True,Qwen/Qwen2.5-Coder-32B-Instruct-AWQ,None
82@x_name@ASC,Bar,Extra Hard,22.6573,45.3145,2,0.0,0.0,0.0,0.0,0.0,0.0,0.0,0.0,0.0,0.0,1.0,0.0,0.0,True,Qwen/Qwen2.5-Coder-32B-Instruct-AWQ,None
82@x_name@ASC,Bar,Extra Hard,22.6573,45.3145,2,0.0,0.0,0.0,0.0,0.0,0.0,0.0,0.0,0.0,0.0,1.0,0.0,0.0,True,Qwen/Qwen2.5-Coder-32B-Instruct-AWQ,None
82@x_name@ASC,Bar,Extra Hard,22.6573,45.3145,2,0.0,0.0,0.0,0.0,0.0,0.0,0.0,0.0,0.0,0.0,1.0,0.0,0.0,True,Qwen/Qwen2.5-Coder-32B-Instruct-AWQ,None
83@y_name@ASC,Bar,Medium,7.7456,15.4912,2,0.0,0.0,0.0,0.0,0.5,0.5,0.0,0.0,0.0,1.0,0.0,,0.0,False,Qwen/Qwen2.5-Coder-32B-Instruct-AWQ,None
83@y_name@ASC,Bar,Medium,7.7456,15.4912,2,0.0,0.0,0.0,0.0,0.5,0.5,0.0,0.0,0.0,1.0,0.0,,0.0,False,Qwen/Qwen2.5-Coder-32B-Instruct-AWQ,None
83@y_name@ASC,Bar,Medium,7.7456,15.4912,2,0.0,0.0,0.0,0.0,0.5,0.5,0.0,0.0,0.0,1.0,0.0,,0.0,False,Qwen/Qwen2.5-Coder-32B-Instruct-AWQ,None
84@y_name@ASC,Bar,Medium,20.1601,40.3202,2,0.0,0.0,0.0,0.0,0.5,0.0,0.0,0.0,0.0,0.5,0.5,0.0,0.0,False,Qwen/Qwen2.5-Coder-32B-Instruct-AWQ,None
84@y_name@ASC,Bar,Medium,20.1601,40.3202,2,0.0,0.0,0.0,0.0,0.5,0.0,0.0,0.0,0.0,0.5,0.5,0.0,0.0,False,Qwen/Qwen2.5-Coder-32B-Instruct-AWQ,None
84@y_name@ASC,Bar,Medium,20.1601,40.3202,2,0.0,0.0,0.0,0.0,0.5,0.0,0.0,0.0,0.0,0.5,0.5,0.0,0.0,False,Qwen/Qwen2.5-Coder-32B-Instruct-AWQ,None
87@x_name@DESC,Line,Medium,6.1604,6.1604,1,0.0,0.0,0.0,0.0,0.0,1.0,0.0,0.0,0.0,1.0,0.0,,0.0,False,Qwen/Qwen2.5-Coder-32B-Instruct-AWQ,None
87@x_name@DESC,Line,Medium,6.1604,6.1604,1,0.0,0.0,0.0,0.0,0.0,1.0,0.0,0.0,0.0,1.0,0.0,,0.0,False,Qwen/Qwen2.5-Coder-32B-Instruct-AWQ,None
87@x_name@DESC,Line,Medium,6.1604,6.1604,1,0.0,0.0,0.0,0.0,0.0,1.0,0.0,0.0,0.0,1.0,0.0,,0.0,False,Qwen/Qwen2.5-Coder-32B-Instruct-AWQ,None
88@y_name@ASC,Bar,Hard,20.3012,60.9035,3,0.0,0.0,0.0,0.0,0.6666666666666666,0.3333333333333333,0.0,0.0,0.0,1.0,0.0,,0.0,True,Qwen/Qwen2.5-Coder-32B-Instruct-AWQ,None
88@y_name@ASC,Bar,Hard,20.3012,60.9035,3,0.0,0.0,0.0,0.0,0.6666666666666666,0.3333333333333333,0.0,0.0,0.0,1.0,0.0,,0.0,True,Qwen/Qwen2.5-Coder-32B-Instruct-AWQ,None
88@y_name@ASC,Bar,Hard,20.3012,60.9035,3,0.0,0.0,0.0,0.0,0.6666666666666666,0.3333333333333333,0.0,0.0,0.0,1.0,0.0,,0.0,True,Qwen/Qwen2.5-Coder-32B-Instruct-AWQ,None
89@y_name@ASC,Bar,Hard,25.5942,51.1885,2,0.0,0.0,0.0,0.0,1.0,0.0,0.0,0.0,0.0,1.0,0.0,,0.0,True,Qwen/Qwen2.5-Coder-32B-Instruct-AWQ,None
89@y_name@ASC,Bar,Hard,25.5942,51.1885,2,0.0,0.0,0.0,0.0,1.0,0.0,0.0,0.0,0.0,1.0,0.0,,0.0,True,Qwen/Qwen2.5-Coder-32B-Instruct-AWQ,None
89@y_name@ASC,Bar,Hard,25.5942,51.1885,2,0.0,0.0,0.0,0.0,1.0,0.0,0.0,0.0,0.0,1.0,0.0,,0.0,True,Qwen/Qwen2.5-Coder-32B-Instruct-AWQ,None
90@y_name@DESC,Bar,Hard,21.2675,42.535,2,0.5,0.0,0.0,0.0,0.5,0.0,0.0,0.0,0.5,0.5,0.0,,0.0,True,Qwen/Qwen2.5-Coder-32B-Instruct-AWQ,None
90@y_name@DESC,Bar,Hard,21.2675,42.535,2,0.5,0.0,0.0,0.0,0.5,0.0,0.0,0.0,0.5,0.5,0.0,,0.0,True,Qwen/Qwen2.5-Coder-32B-Instruct-AWQ,None
90@y_name@DESC,Bar,Hard,21.2675,42.535,2,0.5,0.0,0.0,0.0,0.5,0.0,0.0,0.0,0.5,0.5,0.0,,0.0,True,Qwen/Qwen2.5-Coder-32B-Instruct-AWQ,None
91@y_name@ASC,Bar,Hard,8.979,17.958,2,0.0,0.0,0.0,0.0,1.0,0.0,0.0,0.0,0.0,1.0,0.0,,0.0,True,Qwen/Qwen2.5-Coder-32B-Instruct-AWQ,None
91@y_name@ASC,Bar,Hard,8.979,17.958,2,0.0,0.0,0.0,0.0,1.0,0.0,0.0,0.0,0.0,1.0,0.0,,0.0,True,Qwen/Qwen2.5-Coder-32B-Instruct-AWQ,None
91@y_name@ASC,Bar,Hard,8.979,17.958,2,0.0,0.0,0.0,0.0,1.0,0.0,0.0,0.0,0.0,1.0,0.0,,0.0,True,Qwen/Qwen2.5-Coder-32B-Instruct-AWQ,None
92@y_name@ASC,Bar,Hard,31.6434,63.2868,2,0.0,0.0,0.0,0.0,0.0,0.0,0.0,0.0,0.0,0.0,1.0,0.0,0.0,True,Qwen/Qwen2.5-Coder-32B-Instruct-AWQ,None
92@y_name@ASC,Bar,Hard,31.6434,63.2868,2,0.0,0.0,0.0,0.0,0.0,0.0,0.0,0.0,0.0,0.0,1.0,0.0,0.0,True,Qwen/Qwen2.5-Coder-32B-Instruct-AWQ,None
92@y_name@ASC,Bar,Hard,31.6434,63.2868,2,0.0,0.0,0.0,0.0,0.0,0.0,0.0,0.0,0.0,0.0,1.0,0.0,0.0,True,Qwen/Qwen2.5-Coder-32B-Instruct-AWQ,None
99@y_name@DESC,Bar,Hard,23.4933,46.9867,2,0.0,0.0,0.0,0.0,1.0,0.0,0.0,0.0,0.0,1.0,0.0,,0.0,True,Qwen/Qwen2.5-Coder-32B-Instruct-AWQ,None
99@y_name@DESC,Bar,Hard,23.4933,46.9867,2,0.0,0.0,0.0,0.0,1.0,0.0,0.0,0.0,0.0,1.0,0.0,,0.0,True,Qwen/Qwen2.5-Coder-32B-Instruct-AWQ,None
99@y_name@DESC,Bar,Hard,23.4933,46.9867,2,0.0,0.0,0.0,0.0,1.0,0.0,0.0,0.0,0.0,1.0,0.0,,0.0,True,Qwen/Qwen2.5-Coder-32B-Instruct-AWQ,None
100@y_name@DESC,Bar,Hard,8.3874,16.7748,2,0.0,0.0,0.0,0.0,1.0,0.0,0.0,0.0,0.0,1.0,0.0,,0.0,True,Qwen/Qwen2.5-Coder-32B-Instruct-AWQ,None
100@y_name@DESC,Bar,Hard,8.3874,16.7748,2,0.0,0.0,0.0,0.0,1.0,0.0,0.0,0.0,0.0,1.0,0.0,,0.0,True,Qwen/Qwen2.5-Coder-32B-Instruct-AWQ,None
100@y_name@DESC,Bar,Hard,8.3874,16.7748,2,0.0,0.0,0.0,0.0,1.0,0.0,0.0,0.0,0.0,1.0,0.0,,0.0,True,Qwen/Qwen2.5-Coder-32B-Instruct-AWQ,None
102@y_name@ASC,Bar,Hard,27.4892,54.9784,2,0.0,0.0,0.0,0.0,0.0,0.0,0.0,0.0,0.0,0.0,1.0,0.0,0.0,True,Qwen/Qwen2.5-Coder-32B-Instruct-AWQ,None
102@y_name@ASC,Bar,Hard,27.4892,54.9784,2,0.0,0.0,0.0,0.0,0.0,0.0,0.0,0.0,0.0,0.0,1.0,0.0,0.0,True,Qwen/Qwen2.5-Coder-32B-Instruct-AWQ,None
102@y_name@ASC,Bar,Hard,27.4892,54.9784,2,0.0,0.0,0.0,0.0,0.0,0.0,0.0,0.0,0.0,0.0,1.0,0.0,0.0,True,Qwen/Qwen2.5-Coder-32B-Instruct-AWQ,None
104@y_name@ASC,Bar,Extra Hard,29.5874,59.1748,2,0.0,0.0,0.0,0.0,0.0,0.0,0.0,0.0,0.0,0.0,1.0,0.0,0.0,True,Qwen/Qwen2.5-Coder-32B-Instruct-AWQ,None
104@y_name@ASC,Bar,Extra Hard,29.5874,59.1748,2,0.0,0.0,0.0,0.0,0.0,0.0,0.0,0.0,0.0,0.0,1.0,0.0,0.0,True,Qwen/Qwen2.5-Coder-32B-Instruct-AWQ,None
104@y_name@ASC,Bar,Extra Hard,29.5874,59.1748,2,0.0,0.0,0.0,0.0,0.0,0.0,0.0,0.0,0.0,0.0,1.0,0.0,0.0,True,Qwen/Qwen2.5-Coder-32B-Instruct-AWQ,None
1521@y_name@ASC,Bar,Hard,143.4087,717.0437,5,0.0,0.0,0.0,0.0,0.0,0.0,0.0,0.0,0.0,0.0,1.0,0.0,0.0,True,Qwen/Qwen2.5-Coder-32B-Instruct-AWQ,None
1521@y_name@ASC,Bar,Hard,143.4087,717.0437,5,0.0,0.0,0.0,0.0,0.0,0.0,0.0,0.0,0.0,0.0,1.0,0.0,0.0,True,Qwen/Qwen2.5-Coder-32B-Instruct-AWQ,None
1521@y_name@ASC,Bar,Hard,143.4087,717.0437,5,0.0,0.0,0.0,0.0,0.0,0.0,0.0,0.0,0.0,0.0,1.0,0.0,0.0,True,Qwen/Qwen2.5-Coder-32B-Instruct-AWQ,None
2855@x_name@ASC,Bar,Medium,6.7177,20.153,3,0.0,0.0,0.0,0.0,0.0,0.0,0.0,0.0,0.0,0.0,1.0,0.0,0.0,False,Qwen/Qwen2.5-Coder-32B-Instruct-AWQ,None
2855@x_name@ASC,Bar,Medium,6.7177,20.153,3,0.0,0.0,0.0,0.0,0.0,0.0,0.0,0.0,0.0,0.0,1.0,0.0,0.0,False,Qwen/Qwen2.5-Coder-32B-Instruct-AWQ,None
2855@x_name@ASC,Bar,Medium,6.7177,20.153,3,0.0,0.0,0.0,0.0,0.0,0.0,0.0,0.0,0.0,0.0,1.0,0.0,0.0,False,Qwen/Qwen2.5-Coder-32B-Instruct-AWQ,None
1329@y_name@DESC,Bar,Hard,11.7153,23.4306,2,0.0,0.0,0.0,0.0,0.5,0.0,0.0,0.0,0.0,0.5,0.5,0.0,0.0,True,Qwen/Qwen2.5-Coder-32B-Instruct-AWQ,None
1329@y_name@DESC,Bar,Hard,11.7153,23.4306,2,0.0,0.0,0.0,0.0,0.5,0.0,0.0,0.0,0.0,0.5,0.5,0.0,0.0,True,Qwen/Qwen2.5-Coder-32B-Instruct-AWQ,None
1329@y_name@DESC,Bar,Hard,11.7153,23.4306,2,0.0,0.0,0.0,0.0,0.5,0.0,0.0,0.0,0.0,0.5,0.5,0.0,0.0,True,Qwen/Qwen2.5-Coder-32B-Instruct-AWQ,None
1335@y_name@DESC,Bar,Medium,6.0544,36.3265,6,0.0,0.0,0.0,0.0,1.0,0.0,0.0,0.0,0.0,1.0,0.0,,0.0,False,Qwen/Qwen2.5-Coder-32B-Instruct-AWQ,None
1335@y_name@DESC,Bar,Medium,6.0544,36.3265,6,0.0,0.0,0.0,0.0,1.0,0.0,0.0,0.0,0.0,1.0,0.0,,0.0,False,Qwen/Qwen2.5-Coder-32B-Instruct-AWQ,None
1335@y_name@DESC,Bar,Medium,6.0544,36.3265,6,0.0,0.0,0.0,0.0,1.0,0.0,0.0,0.0,0.0,1.0,0.0,,0.0,False,Qwen/Qwen2.5-Coder-32B-Instruct-AWQ,None
1349@x_name@ASC,Grouping Line,Extra Hard,38.5125,115.5375,3,0.6666666666666666,0.0,0.0,0.0,0.3333333333333333,0.0,0.0,0.0,0.6666666666666666,0.3333333333333333,0.0,,0.0,False,Qwen/Qwen2.5-Coder-32B-Instruct-AWQ,None
1349@x_name@ASC,Grouping Line,Extra Hard,38.5125,115.5375,3,0.6666666666666666,0.0,0.0,0.0,0.3333333333333333,0.0,0.0,0.0,0.6666666666666666,0.3333333333333333,0.0,,0.0,False,Qwen/Qwen2.5-Coder-32B-Instruct-AWQ,None
1349@x_name@ASC,Grouping Line,Extra Hard,38.5125,115.5375,3,0.6666666666666666,0.0,0.0,0.0,0.3333333333333333,0.0,0.0,0.0,0.6666666666666666,0.3333333333333333,0.0,,0.0,False,Qwen/Qwen2.5-Coder-32B-Instruct-AWQ,None
1356@x_name@ASC,Line,Medium,6.4506,25.8026,4,0.0,0.0,0.0,0.0,0.0,0.0,0.0,0.0,0.0,0.0,1.0,0.0,0.0,False,Qwen/Qwen2.5-Coder-32B-Instruct-AWQ,None
1356@x_name@ASC,Line,Medium,6.4506,25.8026,4,0.0,0.0,0.0,0.0,0.0,0.0,0.0,0.0,0.0,0.0,1.0,0.0,0.0,False,Qwen/Qwen2.5-Coder-32B-Instruct-AWQ,None
1356@x_name@ASC,Line,Medium,6.4506,25.8026,4,0.0,0.0,0.0,0.0,0.0,0.0,0.0,0.0,0.0,0.0,1.0,0.0,0.0,False,Qwen/Qwen2.5-Coder-32B-Instruct-AWQ,None
515@y_name@ASC,Bar,Medium,8.4794,33.9176,4,0.0,0.0,0.0,0.0,0.0,0.0,0.0,0.0,0.0,0.0,1.0,0.0,0.0,False,Qwen/Qwen2.5-Coder-32B-Instruct-AWQ,None
515@y_name@ASC,Bar,Medium,8.4794,33.9176,4,0.0,0.0,0.0,0.0,0.0,0.0,0.0,0.0,0.0,0.0,1.0,0.0,0.0,False,Qwen/Qwen2.5-Coder-32B-Instruct-AWQ,None
515@y_name@ASC,Bar,Medium,8.4794,33.9176,4,0.0,0.0,0.0,0.0,0.0,0.0,0.0,0.0,0.0,0.0,1.0,0.0,0.0,False,Qwen/Qwen2.5-Coder-32B-Instruct-AWQ,None
522@y_name@DESC,Stacked Bar,Extra Hard,14.0989,14.0989,1,0.0,0.0,0.0,0.0,0.0,1.0,0.0,0.0,0.0,1.0,0.0,,0.0,True,Qwen/Qwen2.5-Coder-32B-Instruct-AWQ,None
522@y_name@DESC,Stacked Bar,Extra Hard,14.0989,14.0989,1,0.0,0.0,0.0,0.0,0.0,1.0,0.0,0.0,0.0,1.0,0.0,,0.0,True,Qwen/Qwen2.5-Coder-32B-Instruct-AWQ,None
522@y_name@DESC,Stacked Bar,Extra Hard,14.0989,14.0989,1,0.0,0.0,0.0,0.0,0.0,1.0,0.0,0.0,0.0,1.0,0.0,,0.0,True,Qwen/Qwen2.5-Coder-32B-Instruct-AWQ,None
523@x_name@ASC,Bar,Hard,12.3906,12.3906,1,0.0,0.0,0.0,0.0,0.0,0.0,0.0,0.0,0.0,0.0,1.0,0.0,0.0,True,Qwen/Qwen2.5-Coder-32B-Instruct-AWQ,None
523@x_name@ASC,Bar,Hard,12.3906,12.3906,1,0.0,0.0,0.0,0.0,0.0,0.0,0.0,0.0,0.0,0.0,1.0,0.0,0.0,True,Qwen/Qwen2.5-Coder-32B-Instruct-AWQ,None
523@x_name@ASC,Bar,Hard,12.3906,12.3906,1,0.0,0.0,0.0,0.0,0.0,0.0,0.0,0.0,0.0,0.0,1.0,0.0,0.0,True,Qwen/Qwen2.5-Coder-32B-Instruct-AWQ,None
529@x_name@DESC,Bar,Hard,10.1242,10.1242,1,0.0,0.0,0.0,0.0,0.0,1.0,0.0,0.0,0.0,1.0,0.0,,0.0,False,Qwen/Qwen2.5-Coder-32B-Instruct-AWQ,None
529@x_name@DESC,Bar,Hard,10.1242,10.1242,1,0.0,0.0,0.0,0.0,0.0,1.0,0.0,0.0,0.0,1.0,0.0,,0.0,False,Qwen/Qwen2.5-Coder-32B-Instruct-AWQ,None
529@x_name@DESC,Bar,Hard,10.1242,10.1242,1,0.0,0.0,0.0,0.0,0.0,1.0,0.0,0.0,0.0,1.0,0.0,,0.0,False,Qwen/Qwen2.5-Coder-32B-Instruct-AWQ,None
533@y_name@DESC,Bar,Easy,9.6158,28.8473,3,0.0,0.0,0.0,0.0,0.0,0.0,0.0,0.0,0.0,0.0,1.0,0.0,0.0,False,Qwen/Qwen2.5-Coder-32B-Instruct-AWQ,None
533@y_name@DESC,Bar,Easy,9.6158,28.8473,3,0.0,0.0,0.0,0.0,0.0,0.0,0.0,0.0,0.0,0.0,1.0,0.0,0.0,False,Qwen/Qwen2.5-Coder-32B-Instruct-AWQ,None
533@y_name@DESC,Bar,Easy,9.6158,28.8473,3,0.0,0.0,0.0,0.0,0.0,0.0,0.0,0.0,0.0,0.0,1.0,0.0,0.0,False,Qwen/Qwen2.5-Coder-32B-Instruct-AWQ,None
543@x_name@DESC,Bar,Medium,8.2606,16.5213,2,0.0,0.0,0.0,0.0,0.5,0.5,0.0,0.0,0.0,1.0,0.0,,0.0,False,Qwen/Qwen2.5-Coder-32B-Instruct-AWQ,None
543@x_name@DESC,Bar,Medium,8.2606,16.5213,2,0.0,0.0,0.0,0.0,0.5,0.5,0.0,0.0,0.0,1.0,0.0,,0.0,False,Qwen/Qwen2.5-Coder-32B-Instruct-AWQ,None
543@x_name@DESC,Bar,Medium,8.2606,16.5213,2,0.0,0.0,0.0,0.0,0.5,0.5,0.0,0.0,0.0,1.0,0.0,,0.0,False,Qwen/Qwen2.5-Coder-32B-Instruct-AWQ,None
544@x_name@DESC,Bar,Hard,8.6647,8.6647,1,0.0,0.0,0.0,0.0,0.0,1.0,0.0,0.0,0.0,1.0,0.0,,0.0,True,Qwen/Qwen2.5-Coder-32B-Instruct-AWQ,None
544@x_name@DESC,Bar,Hard,8.6647,8.6647,1,0.0,0.0,0.0,0.0,0.0,1.0,0.0,0.0,0.0,1.0,0.0,,0.0,True,Qwen/Qwen2.5-Coder-32B-Instruct-AWQ,None
544@x_name@DESC,Bar,Hard,8.6647,8.6647,1,0.0,0.0,0.0,0.0,0.0,1.0,0.0,0.0,0.0,1.0,0.0,,0.0,True,Qwen/Qwen2.5-Coder-32B-Instruct-AWQ,None
545@x_name@DESC,Bar,Hard,10.4596,10.4596,1,0.0,0.0,0.0,0.0,0.0,1.0,0.0,0.0,0.0,1.0,0.0,,0.0,True,Qwen/Qwen2.5-Coder-32B-Instruct-AWQ,None
545@x_name@DESC,Bar,Hard,10.4596,10.4596,1,0.0,0.0,0.0,0.0,0.0,1.0,0.0,0.0,0.0,1.0,0.0,,0.0,True,Qwen/Qwen2.5-Coder-32B-Instruct-AWQ,None
545@x_name@DESC,Bar,Hard,10.4596,10.4596,1,0.0,0.0,0.0,0.0,0.0,1.0,0.0,0.0,0.0,1.0,0.0,,0.0,True,Qwen/Qwen2.5-Coder-32B-Instruct-AWQ,None
548@x_name@ASC,Line,Extra Hard,13.0052,26.0104,2,0.0,0.0,0.0,0.0,1.0,0.0,0.0,0.0,0.0,1.0,0.0,,0.0,True,Qwen/Qwen2.5-Coder-32B-Instruct-AWQ,None
548@x_name@ASC,Line,Extra Hard,13.0052,26.0104,2,0.0,0.0,0.0,0.0,1.0,0.0,0.0,0.0,0.0,1.0,0.0,,0.0,True,Qwen/Qwen2.5-Coder-32B-Instruct-AWQ,None
548@x_name@ASC,Line,Extra Hard,13.0052,26.0104,2,0.0,0.0,0.0,0.0,1.0,0.0,0.0,0.0,0.0,1.0,0.0,,0.0,True,Qwen/Qwen2.5-Coder-32B-Instruct-AWQ,None
550@y_name@DESC,Bar,Extra Hard,57.9813,115.9626,2,1.0,0.0,0.0,0.0,0.0,0.0,0.0,0.0,1.0,0.0,0.0,,0.0,True,Qwen/Qwen2.5-Coder-32B-Instruct-AWQ,None
550@y_name@DESC,Bar,Extra Hard,57.9813,115.9626,2,1.0,0.0,0.0,0.0,0.0,0.0,0.0,0.0,1.0,0.0,0.0,,0.0,True,Qwen/Qwen2.5-Coder-32B-Instruct-AWQ,None
550@y_name@DESC,Bar,Extra Hard,57.9813,115.9626,2,1.0,0.0,0.0,0.0,0.0,0.0,0.0,0.0,1.0,0.0,0.0,,0.0,True,Qwen/Qwen2.5-Coder-32B-Instruct-AWQ,None
552@y_name@ASC,Bar,Extra Hard,48.9715,97.9429,2,1.0,0.0,0.0,0.0,0.0,0.0,0.0,0.0,1.0,0.0,0.0,,0.0,True,Qwen/Qwen2.5-Coder-32B-Instruct-AWQ,None
552@y_name@ASC,Bar,Extra Hard,48.9715,97.9429,2,1.0,0.0,0.0,0.0,0.0,0.0,0.0,0.0,1.0,0.0,0.0,,0.0,True,Qwen/Qwen2.5-Coder-32B-Instruct-AWQ,None
552@y_name@ASC,Bar,Extra Hard,48.9715,97.9429,2,1.0,0.0,0.0,0.0,0.0,0.0,0.0,0.0,1.0,0.0,0.0,,0.0,True,Qwen/Qwen2.5-Coder-32B-Instruct-AWQ,None
553@y_name@DESC,Bar,Medium,7.5147,37.5733,5,0.0,0.0,0.0,0.0,0.0,0.0,0.0,0.0,0.0,0.0,1.0,0.0,0.0,False,Qwen/Qwen2.5-Coder-32B-Instruct-AWQ,None
553@y_name@DESC,Bar,Medium,7.5147,37.5733,5,0.0,0.0,0.0,0.0,0.0,0.0,0.0,0.0,0.0,0.0,1.0,0.0,0.0,False,Qwen/Qwen2.5-Coder-32B-Instruct-AWQ,None
553@y_name@DESC,Bar,Medium,7.5147,37.5733,5,0.0,0.0,0.0,0.0,0.0,0.0,0.0,0.0,0.0,0.0,1.0,0.0,0.0,False,Qwen/Qwen2.5-Coder-32B-Instruct-AWQ,None
555@y_name@DESC,Bar,Hard,11.0295,44.1181,4,0.0,0.0,0.0,0.0,0.0,0.0,0.0,0.0,0.0,0.0,1.0,0.0,0.0,True,Qwen/Qwen2.5-Coder-32B-Instruct-AWQ,None
555@y_name@DESC,Bar,Hard,11.0295,44.1181,4,0.0,0.0,0.0,0.0,0.0,0.0,0.0,0.0,0.0,0.0,1.0,0.0,0.0,True,Qwen/Qwen2.5-Coder-32B-Instruct-AWQ,None
555@y_name@DESC,Bar,Hard,11.0295,44.1181,4,0.0,0.0,0.0,0.0,0.0,0.0,0.0,0.0,0.0,0.0,1.0,0.0,0.0,True,Qwen/Qwen2.5-Coder-32B-Instruct-AWQ,None
558@x_name@ASC,Stacked Bar,Extra Hard,27.4212,54.8423,2,0.0,0.0,0.0,0.0,0.0,0.0,0.0,0.0,0.0,0.0,1.0,0.0,0.0,True,Qwen/Qwen2.5-Coder-32B-Instruct-AWQ,None
558@x_name@ASC,Stacked Bar,Extra Hard,27.4212,54.8423,2,0.0,0.0,0.0,0.0,0.0,0.0,0.0,0.0,0.0,0.0,1.0,0.0,0.0,True,Qwen/Qwen2.5-Coder-32B-Instruct-AWQ,None
558@x_name@ASC,Stacked Bar,Extra Hard,27.4212,54.8423,2,0.0,0.0,0.0,0.0,0.0,0.0,0.0,0.0,0.0,0.0,1.0,0.0,0.0,True,Qwen/Qwen2.5-Coder-32B-Instruct-AWQ,None
564@x_name@ASC,Bar,Medium,15.5767,46.7301,3,0.0,0.0,0.0,0.0,0.0,0.3333333333333333,0.0,0.0,0.0,0.3333333333333333,0.6666666666666666,0.0,0.0,False,Qwen/Qwen2.5-Coder-32B-Instruct-AWQ,None
564@x_name@ASC,Bar,Medium,15.5767,46.7301,3,0.0,0.0,0.0,0.0,0.0,0.3333333333333333,0.0,0.0,0.0,0.3333333333333333,0.6666666666666666,0.0,0.0,False,Qwen/Qwen2.5-Coder-32B-Instruct-AWQ,None
564@x_name@ASC,Bar,Medium,15.5767,46.7301,3,0.0,0.0,0.0,0.0,0.0,0.3333333333333333,0.0,0.0,0.0,0.3333333333333333,0.6666666666666666,0.0,0.0,False,Qwen/Qwen2.5-Coder-32B-Instruct-AWQ,None
576@y_name@DESC,Bar,Extra Hard,27.5947,55.1894,2,0.0,0.0,0.0,0.0,0.0,0.0,0.0,0.0,0.0,0.0,1.0,0.0,0.0,True,Qwen/Qwen2.5-Coder-32B-Instruct-AWQ,None
576@y_name@DESC,Bar,Extra Hard,27.5947,55.1894,2,0.0,0.0,0.0,0.0,0.0,0.0,0.0,0.0,0.0,0.0,1.0,0.0,0.0,True,Qwen/Qwen2.5-Coder-32B-Instruct-AWQ,None
576@y_name@DESC,Bar,Extra Hard,27.5947,55.1894,2,0.0,0.0,0.0,0.0,0.0,0.0,0.0,0.0,0.0,0.0,1.0,0.0,0.0,True,Qwen/Qwen2.5-Coder-32B-Instruct-AWQ,None
578@y_name@ASC,Bar,Extra Hard,12.7619,25.5237,2,0.0,0.0,0.0,0.0,0.0,0.0,0.0,0.0,0.0,0.0,1.0,0.0,0.0,True,Qwen/Qwen2.5-Coder-32B-Instruct-AWQ,None
578@y_name@ASC,Bar,Extra Hard,12.7619,25.5237,2,0.0,0.0,0.0,0.0,0.0,0.0,0.0,0.0,0.0,0.0,1.0,0.0,0.0,True,Qwen/Qwen2.5-Coder-32B-Instruct-AWQ,None
578@y_name@ASC,Bar,Extra Hard,12.7619,25.5237,2,0.0,0.0,0.0,0.0,0.0,0.0,0.0,0.0,0.0,0.0,1.0,0.0,0.0,True,Qwen/Qwen2.5-Coder-32B-Instruct-AWQ,None
580@x_name@DESC,Bar,Medium,20.2954,20.2954,1,0.0,0.0,0.0,0.0,0.0,1.0,0.0,0.0,0.0,1.0,0.0,,0.0,False,Qwen/Qwen2.5-Coder-32B-Instruct-AWQ,None
580@x_name@DESC,Bar,Medium,20.2954,20.2954,1,0.0,0.0,0.0,0.0,0.0,1.0,0.0,0.0,0.0,1.0,0.0,,0.0,False,Qwen/Qwen2.5-Coder-32B-Instruct-AWQ,None
580@x_name@DESC,Bar,Medium,20.2954,20.2954,1,0.0,0.0,0.0,0.0,0.0,1.0,0.0,0.0,0.0,1.0,0.0,,0.0,False,Qwen/Qwen2.5-Coder-32B-Instruct-AWQ,None
586@x_name@DESC,Bar,Medium,19.851,59.5531,3,0.0,0.0,0.0,0.0,0.0,0.0,0.0,0.0,0.0,0.0,1.0,0.0,0.0,False,Qwen/Qwen2.5-Coder-32B-Instruct-AWQ,None
586@x_name@DESC,Bar,Medium,19.851,59.5531,3,0.0,0.0,0.0,0.0,0.0,0.0,0.0,0.0,0.0,0.0,1.0,0.0,0.0,False,Qwen/Qwen2.5-Coder-32B-Instruct-AWQ,None
586@x_name@DESC,Bar,Medium,19.851,59.5531,3,0.0,0.0,0.0,0.0,0.0,0.0,0.0,0.0,0.0,0.0,1.0,0.0,0.0,False,Qwen/Qwen2.5-Coder-32B-Instruct-AWQ,None
2156@y_name@DESC,Bar,Extra Hard,14.7485,14.7485,1,0.0,0.0,0.0,0.0,0.0,0.0,0.0,0.0,0.0,0.0,1.0,0.0,0.0,True,Qwen/Qwen2.5-Coder-32B-Instruct-AWQ,None
2156@y_name@DESC,Bar,Extra Hard,14.7485,14.7485,1,0.0,0.0,0.0,0.0,0.0,0.0,0.0,0.0,0.0,0.0,1.0,0.0,0.0,True,Qwen/Qwen2.5-Coder-32B-Instruct-AWQ,None
2156@y_name@DESC,Bar,Extra Hard,14.7485,14.7485,1,0.0,0.0,0.0,0.0,0.0,0.0,0.0,0.0,0.0,0.0,1.0,0.0,0.0,True,Qwen/Qwen2.5-Coder-32B-Instruct-AWQ,None
686@y_name@DESC,Bar,Hard,27.9279,55.8558,2,0.0,0.0,0.0,0.0,0.5,0.0,0.0,0.0,0.0,0.5,0.5,0.0,0.0,True,Qwen/Qwen2.5-Coder-32B-Instruct-AWQ,None
686@y_name@DESC,Bar,Hard,27.9279,55.8558,2,0.0,0.0,0.0,0.0,0.5,0.0,0.0,0.0,0.0,0.5,0.5,0.0,0.0,True,Qwen/Qwen2.5-Coder-32B-Instruct-AWQ,None
686@y_name@DESC,Bar,Hard,27.9279,55.8558,2,0.0,0.0,0.0,0.0,0.5,0.0,0.0,0.0,0.0,0.5,0.5,0.0,0.0,True,Qwen/Qwen2.5-Coder-32B-Instruct-AWQ,None
687@y_name@DESC,Bar,Hard,48.6856,48.6856,1,0.0,0.0,0.0,0.0,0.0,0.0,0.0,0.0,0.0,0.0,1.0,0.0,0.0,True,Qwen/Qwen2.5-Coder-32B-Instruct-AWQ,None
687@y_name@DESC,Bar,Hard,48.6856,48.6856,1,0.0,0.0,0.0,0.0,0.0,0.0,0.0,0.0,0.0,0.0,1.0,0.0,0.0,True,Qwen/Qwen2.5-Coder-32B-Instruct-AWQ,None
687@y_name@DESC,Bar,Hard,48.6856,48.6856,1,0.0,0.0,0.0,0.0,0.0,0.0,0.0,0.0,0.0,0.0,1.0,0.0,0.0,True,Qwen/Qwen2.5-Coder-32B-Instruct-AWQ,None
172@y_name@ASC,Bar,Medium,29.82,59.6399,2,0.0,0.0,0.0,0.0,0.0,0.0,0.0,0.0,0.0,0.0,1.0,0.0,0.0,False,Qwen/Qwen2.5-Coder-32B-Instruct-AWQ,None
172@y_name@ASC,Bar,Medium,29.82,59.6399,2,0.0,0.0,0.0,0.0,0.0,0.0,0.0,0.0,0.0,0.0,1.0,0.0,0.0,False,Qwen/Qwen2.5-Coder-32B-Instruct-AWQ,None
172@y_name@ASC,Bar,Medium,29.82,59.6399,2,0.0,0.0,0.0,0.0,0.0,0.0,0.0,0.0,0.0,0.0,1.0,0.0,0.0,False,Qwen/Qwen2.5-Coder-32B-Instruct-AWQ,None
1210@y_name@ASC,Bar,Medium,7.2019,14.4039,2,0.0,0.0,0.0,0.0,0.0,0.0,0.0,0.0,0.0,0.0,1.0,0.0,0.0,False,Qwen/Qwen2.5-Coder-32B-Instruct-AWQ,None
1210@y_name@ASC,Bar,Medium,7.2019,14.4039,2,0.0,0.0,0.0,0.0,0.0,0.0,0.0,0.0,0.0,0.0,1.0,0.0,0.0,False,Qwen/Qwen2.5-Coder-32B-Instruct-AWQ,None
1210@y_name@ASC,Bar,Medium,7.2019,14.4039,2,0.0,0.0,0.0,0.0,0.0,0.0,0.0,0.0,0.0,0.0,1.0,0.0,0.0,False,Qwen/Qwen2.5-Coder-32B-Instruct-AWQ,None
1215@y_name@DESC,Bar,Hard,10.211,10.211,1,0.0,0.0,0.0,0.0,0.0,0.0,0.0,0.0,0.0,0.0,1.0,0.0,0.0,False,Qwen/Qwen2.5-Coder-32B-Instruct-AWQ,None
1215@y_name@DESC,Bar,Hard,10.211,10.211,1,0.0,0.0,0.0,0.0,0.0,0.0,0.0,0.0,0.0,0.0,1.0,0.0,0.0,False,Qwen/Qwen2.5-Coder-32B-Instruct-AWQ,None
1215@y_name@DESC,Bar,Hard,10.211,10.211,1,0.0,0.0,0.0,0.0,0.0,0.0,0.0,0.0,0.0,0.0,1.0,0.0,0.0,False,Qwen/Qwen2.5-Coder-32B-Instruct-AWQ,None
1217@x_name@DESC,Bar,Extra Hard,25.5484,51.0968,2,0.0,0.0,0.0,0.0,0.5,0.5,0.0,0.0,0.0,1.0,0.0,,0.0,True,Qwen/Qwen2.5-Coder-32B-Instruct-AWQ,None
1217@x_name@DESC,Bar,Extra Hard,25.5484,51.0968,2,0.0,0.0,0.0,0.0,0.5,0.5,0.0,0.0,0.0,1.0,0.0,,0.0,True,Qwen/Qwen2.5-Coder-32B-Instruct-AWQ,None
1217@x_name@DESC,Bar,Extra Hard,25.5484,51.0968,2,0.0,0.0,0.0,0.0,0.5,0.5,0.0,0.0,0.0,1.0,0.0,,0.0,True,Qwen/Qwen2.5-Coder-32B-Instruct-AWQ,None
1220@x_name@DESC,Bar,Hard,10.0012,10.0012,1,0.0,0.0,0.0,0.0,0.0,1.0,0.0,0.0,0.0,1.0,0.0,,0.0,False,Qwen/Qwen2.5-Coder-32B-Instruct-AWQ,None
1220@x_name@DESC,Bar,Hard,10.0012,10.0012,1,0.0,0.0,0.0,0.0,0.0,1.0,0.0,0.0,0.0,1.0,0.0,,0.0,False,Qwen/Qwen2.5-Coder-32B-Instruct-AWQ,None
1220@x_name@DESC,Bar,Hard,10.0012,10.0012,1,0.0,0.0,0.0,0.0,0.0,1.0,0.0,0.0,0.0,1.0,0.0,,0.0,False,Qwen/Qwen2.5-Coder-32B-Instruct-AWQ,None
1222@y_name@DESC,Bar,Hard,30.9027,92.708,3,0.0,0.0,0.0,0.0,0.0,0.0,0.0,0.0,0.0,0.0,1.0,0.0,0.0,True,Qwen/Qwen2.5-Coder-32B-Instruct-AWQ,None
1222@y_name@DESC,Bar,Hard,30.9027,92.708,3,0.0,0.0,0.0,0.0,0.0,0.0,0.0,0.0,0.0,0.0,1.0,0.0,0.0,True,Qwen/Qwen2.5-Coder-32B-Instruct-AWQ,None
1222@y_name@DESC,Bar,Hard,30.9027,92.708,3,0.0,0.0,0.0,0.0,0.0,0.0,0.0,0.0,0.0,0.0,1.0,0.0,0.0,True,Qwen/Qwen2.5-Coder-32B-Instruct-AWQ,None
1224@y_name@DESC,Bar,Extra Hard,23.1753,92.7013,4,0.0,0.0,0.0,0.0,0.0,0.0,0.0,0.0,0.0,0.0,1.0,0.0,0.0,True,Qwen/Qwen2.5-Coder-32B-Instruct-AWQ,None
1224@y_name@DESC,Bar,Extra Hard,23.1753,92.7013,4,0.0,0.0,0.0,0.0,0.0,0.0,0.0,0.0,0.0,0.0,1.0,0.0,0.0,True,Qwen/Qwen2.5-Coder-32B-Instruct-AWQ,None
1224@y_name@DESC,Bar,Extra Hard,23.1753,92.7013,4,0.0,0.0,0.0,0.0,0.0,0.0,0.0,0.0,0.0,0.0,1.0,0.0,0.0,True,Qwen/Qwen2.5-Coder-32B-Instruct-AWQ,None
1225@y_name@DESC,Bar,Hard,26.4843,26.4843,1,0.0,0.0,0.0,0.0,0.0,0.0,0.0,0.0,0.0,0.0,1.0,0.0,0.0,False,Qwen/Qwen2.5-Coder-32B-Instruct-AWQ,None
1225@y_name@DESC,Bar,Hard,26.4843,26.4843,1,0.0,0.0,0.0,0.0,0.0,0.0,0.0,0.0,0.0,0.0,1.0,0.0,0.0,False,Qwen/Qwen2.5-Coder-32B-Instruct-AWQ,None
1225@y_name@DESC,Bar,Hard,26.4843,26.4843,1,0.0,0.0,0.0,0.0,0.0,0.0,0.0,0.0,0.0,0.0,1.0,0.0,0.0,False,Qwen/Qwen2.5-Coder-32B-Instruct-AWQ,None
1226@y_name@DESC,Bar,Hard,9.1904,9.1904,1,0.0,0.0,0.0,0.0,0.0,0.0,0.0,0.0,0.0,0.0,1.0,0.0,0.0,False,Qwen/Qwen2.5-Coder-32B-Instruct-AWQ,None
1226@y_name@DESC,Bar,Hard,9.1904,9.1904,1,0.0,0.0,0.0,0.0,0.0,0.0,0.0,0.0,0.0,0.0,1.0,0.0,0.0,False,Qwen/Qwen2.5-Coder-32B-Instruct-AWQ,None
1226@y_name@DESC,Bar,Hard,9.1904,9.1904,1,0.0,0.0,0.0,0.0,0.0,0.0,0.0,0.0,0.0,0.0,1.0,0.0,0.0,False,Qwen/Qwen2.5-Coder-32B-Instruct-AWQ,None
1227@x_name@DESC,Bar,Extra Hard,50.3502,50.3502,1,0.0,0.0,0.0,0.0,0.0,0.0,0.0,0.0,0.0,0.0,1.0,0.0,0.0,True,Qwen/Qwen2.5-Coder-32B-Instruct-AWQ,None
1227@x_name@DESC,Bar,Extra Hard,50.3502,50.3502,1,0.0,0.0,0.0,0.0,0.0,0.0,0.0,0.0,0.0,0.0,1.0,0.0,0.0,True,Qwen/Qwen2.5-Coder-32B-Instruct-AWQ,None
1227@x_name@DESC,Bar,Extra Hard,50.3502,50.3502,1,0.0,0.0,0.0,0.0,0.0,0.0,0.0,0.0,0.0,0.0,1.0,0.0,0.0,True,Qwen/Qwen2.5-Coder-32B-Instruct-AWQ,None
1235@x_name@DESC,Bar,Medium,8.6494,8.6494,1,0.0,0.0,0.0,0.0,0.0,0.0,0.0,0.0,0.0,0.0,1.0,0.0,0.0,False,Qwen/Qwen2.5-Coder-32B-Instruct-AWQ,None
1235@x_name@DESC,Bar,Medium,8.6494,8.6494,1,0.0,0.0,0.0,0.0,0.0,0.0,0.0,0.0,0.0,0.0,1.0,0.0,0.0,False,Qwen/Qwen2.5-Coder-32B-Instruct-AWQ,None
1235@x_name@DESC,Bar,Medium,8.6494,8.6494,1,0.0,0.0,0.0,0.0,0.0,0.0,0.0,0.0,0.0,0.0,1.0,0.0,0.0,False,Qwen/Qwen2.5-Coder-32B-Instruct-AWQ,None
1237@y_name@ASC,Bar,Medium,7.2341,21.7022,3,0.0,0.0,0.0,0.0,0.0,0.0,0.0,0.0,0.0,0.0,1.0,0.0,0.0,False,Qwen/Qwen2.5-Coder-32B-Instruct-AWQ,None
1237@y_name@ASC,Bar,Medium,7.2341,21.7022,3,0.0,0.0,0.0,0.0,0.0,0.0,0.0,0.0,0.0,0.0,1.0,0.0,0.0,False,Qwen/Qwen2.5-Coder-32B-Instruct-AWQ,None
1237@y_name@ASC,Bar,Medium,7.2341,21.7022,3,0.0,0.0,0.0,0.0,0.0,0.0,0.0,0.0,0.0,0.0,1.0,0.0,0.0,False,Qwen/Qwen2.5-Coder-32B-Instruct-AWQ,None
1238@x_name@ASC,Bar,Easy,8.0638,16.1276,2,0.0,0.0,0.0,0.0,0.0,0.0,0.0,0.0,0.0,0.0,1.0,0.0,0.0,False,Qwen/Qwen2.5-Coder-32B-Instruct-AWQ,None
1238@x_name@ASC,Bar,Easy,8.0638,16.1276,2,0.0,0.0,0.0,0.0,0.0,0.0,0.0,0.0,0.0,0.0,1.0,0.0,0.0,False,Qwen/Qwen2.5-Coder-32B-Instruct-AWQ,None
1238@x_name@ASC,Bar,Easy,8.0638,16.1276,2,0.0,0.0,0.0,0.0,0.0,0.0,0.0,0.0,0.0,0.0,1.0,0.0,0.0,False,Qwen/Qwen2.5-Coder-32B-Instruct-AWQ,None
2610@y_name@ASC,Bar,Medium,9.5706,9.5706,1,0.0,0.0,0.0,0.0,0.0,0.0,0.0,0.0,0.0,0.0,1.0,0.0,0.0,False,Qwen/Qwen2.5-Coder-32B-Instruct-AWQ,None
2610@y_name@ASC,Bar,Medium,9.5706,9.5706,1,0.0,0.0,0.0,0.0,0.0,0.0,0.0,0.0,0.0,0.0,1.0,0.0,0.0,False,Qwen/Qwen2.5-Coder-32B-Instruct-AWQ,None
2610@y_name@ASC,Bar,Medium,9.5706,9.5706,1,0.0,0.0,0.0,0.0,0.0,0.0,0.0,0.0,0.0,0.0,1.0,0.0,0.0,False,Qwen/Qwen2.5-Coder-32B-Instruct-AWQ,None
2614@x_name@DESC,Bar,Hard,11.5339,11.5339,1,0.0,0.0,0.0,0.0,0.0,0.0,0.0,0.0,0.0,0.0,1.0,0.0,0.0,True,Qwen/Qwen2.5-Coder-32B-Instruct-AWQ,None
2614@x_name@DESC,Bar,Hard,11.5339,11.5339,1,0.0,0.0,0.0,0.0,0.0,0.0,0.0,0.0,0.0,0.0,1.0,0.0,0.0,True,Qwen/Qwen2.5-Coder-32B-Instruct-AWQ,None
2614@x_name@DESC,Bar,Hard,11.5339,11.5339,1,0.0,0.0,0.0,0.0,0.0,0.0,0.0,0.0,0.0,0.0,1.0,0.0,0.0,True,Qwen/Qwen2.5-Coder-32B-Instruct-AWQ,None
2771@x_name@ASC,Bar,Hard,12.9844,12.9844,1,0.0,0.0,0.0,0.0,0.0,0.0,0.0,0.0,0.0,0.0,1.0,0.0,0.0,True,Qwen/Qwen2.5-Coder-32B-Instruct-AWQ,None
2771@x_name@ASC,Bar,Hard,12.9844,12.9844,1,0.0,0.0,0.0,0.0,0.0,0.0,0.0,0.0,0.0,0.0,1.0,0.0,0.0,True,Qwen/Qwen2.5-Coder-32B-Instruct-AWQ,None
2771@x_name@ASC,Bar,Hard,12.9844,12.9844,1,0.0,0.0,0.0,0.0,0.0,0.0,0.0,0.0,0.0,0.0,1.0,0.0,0.0,True,Qwen/Qwen2.5-Coder-32B-Instruct-AWQ,None
2772@y_name@ASC,Bar,Hard,11.6693,11.6693,1,0.0,0.0,0.0,0.0,0.0,0.0,0.0,0.0,0.0,0.0,1.0,0.0,0.0,True,Qwen/Qwen2.5-Coder-32B-Instruct-AWQ,None
2772@y_name@ASC,Bar,Hard,11.6693,11.6693,1,0.0,0.0,0.0,0.0,0.0,0.0,0.0,0.0,0.0,0.0,1.0,0.0,0.0,True,Qwen/Qwen2.5-Coder-32B-Instruct-AWQ,None
2772@y_name@ASC,Bar,Hard,11.6693,11.6693,1,0.0,0.0,0.0,0.0,0.0,0.0,0.0,0.0,0.0,0.0,1.0,0.0,0.0,True,Qwen/Qwen2.5-Coder-32B-Instruct-AWQ,None
2774@x_name@ASC,Bar,Medium,5.6844,11.3689,2,0.0,0.0,0.0,0.0,0.0,0.0,0.0,0.0,0.0,0.0,1.0,0.0,0.0,False,Qwen/Qwen2.5-Coder-32B-Instruct-AWQ,None
2774@x_name@ASC,Bar,Medium,5.6844,11.3689,2,0.0,0.0,0.0,0.0,0.0,0.0,0.0,0.0,0.0,0.0,1.0,0.0,0.0,False,Qwen/Qwen2.5-Coder-32B-Instruct-AWQ,None
2774@x_name@ASC,Bar,Medium,5.6844,11.3689,2,0.0,0.0,0.0,0.0,0.0,0.0,0.0,0.0,0.0,0.0,1.0,0.0,0.0,False,Qwen/Qwen2.5-Coder-32B-Instruct-AWQ,None
435@x_name@DESC,Bar,Medium,8.9548,17.9095,2,0.0,0.0,0.0,0.0,0.5,0.0,0.0,0.0,0.0,0.5,0.5,0.0,0.0,False,Qwen/Qwen2.5-Coder-32B-Instruct-AWQ,None
435@x_name@DESC,Bar,Medium,8.9548,17.9095,2,0.0,0.0,0.0,0.0,0.5,0.0,0.0,0.0,0.0,0.5,0.5,0.0,0.0,False,Qwen/Qwen2.5-Coder-32B-Instruct-AWQ,None
435@x_name@DESC,Bar,Medium,8.9548,17.9095,2,0.0,0.0,0.0,0.0,0.5,0.0,0.0,0.0,0.0,0.5,0.5,0.0,0.0,False,Qwen/Qwen2.5-Coder-32B-Instruct-AWQ,None
279@y_name@DESC,Bar,Hard,9.9,9.9,1,0.0,0.0,0.0,0.0,0.0,0.0,0.0,0.0,0.0,0.0,1.0,0.0,0.0,False,Qwen/Qwen2.5-Coder-32B-Instruct-AWQ,None
279@y_name@DESC,Bar,Hard,9.9,9.9,1,0.0,0.0,0.0,0.0,0.0,0.0,0.0,0.0,0.0,0.0,1.0,0.0,0.0,False,Qwen/Qwen2.5-Coder-32B-Instruct-AWQ,None
279@y_name@DESC,Bar,Hard,9.9,9.9,1,0.0,0.0,0.0,0.0,0.0,0.0,0.0,0.0,0.0,0.0,1.0,0.0,0.0,False,Qwen/Qwen2.5-Coder-32B-Instruct-AWQ,None
3267@y_name@ASC,Bar,Hard,22.9042,45.8084,2,0.0,0.0,0.0,0.0,0.0,0.0,0.0,0.0,0.0,0.0,1.0,0.0,0.0,False,Qwen/Qwen2.5-Coder-32B-Instruct-AWQ,None
3267@y_name@ASC,Bar,Hard,22.9042,45.8084,2,0.0,0.0,0.0,0.0,0.0,0.0,0.0,0.0,0.0,0.0,1.0,0.0,0.0,False,Qwen/Qwen2.5-Coder-32B-Instruct-AWQ,None
3267@y_name@ASC,Bar,Hard,22.9042,45.8084,2,0.0,0.0,0.0,0.0,0.0,0.0,0.0,0.0,0.0,0.0,1.0,0.0,0.0,False,Qwen/Qwen2.5-Coder-32B-Instruct-AWQ,None
3269@y_name@ASC,Bar,Medium,7.5926,7.5926,1,0.0,0.0,0.0,0.0,0.0,1.0,0.0,0.0,0.0,1.0,0.0,,0.0,False,Qwen/Qwen2.5-Coder-32B-Instruct-AWQ,None
3269@y_name@ASC,Bar,Medium,7.5926,7.5926,1,0.0,0.0,0.0,0.0,0.0,1.0,0.0,0.0,0.0,1.0,0.0,,0.0,False,Qwen/Qwen2.5-Coder-32B-Instruct-AWQ,None
3269@y_name@ASC,Bar,Medium,7.5926,7.5926,1,0.0,0.0,0.0,0.0,0.0,1.0,0.0,0.0,0.0,1.0,0.0,,0.0,False,Qwen/Qwen2.5-Coder-32B-Instruct-AWQ,None
3071@y_name@ASC,Bar,Medium,14.8837,74.4186,5,0.0,0.0,0.0,0.0,0.0,0.0,0.0,0.0,0.0,0.0,1.0,0.0,0.0,False,Qwen/Qwen2.5-Coder-32B-Instruct-AWQ,None
3071@y_name@ASC,Bar,Medium,14.8837,74.4186,5,0.0,0.0,0.0,0.0,0.0,0.0,0.0,0.0,0.0,0.0,1.0,0.0,0.0,False,Qwen/Qwen2.5-Coder-32B-Instruct-AWQ,None
3071@y_name@ASC,Bar,Medium,14.8837,74.4186,5,0.0,0.0,0.0,0.0,0.0,0.0,0.0,0.0,0.0,0.0,1.0,0.0,0.0,False,Qwen/Qwen2.5-Coder-32B-Instruct-AWQ,None
3123@x_name@DESC,Bar,Medium,5.834,17.5019,3,0.0,0.0,0.0,0.0,0.0,0.6666666666666666,0.0,0.0,0.0,0.6666666666666666,0.3333333333333333,0.0,0.0,False,Qwen/Qwen2.5-Coder-32B-Instruct-AWQ,None
3123@x_name@DESC,Bar,Medium,5.834,17.5019,3,0.0,0.0,0.0,0.0,0.0,0.6666666666666666,0.0,0.0,0.0,0.6666666666666666,0.3333333333333333,0.0,0.0,False,Qwen/Qwen2.5-Coder-32B-Instruct-AWQ,None
3123@x_name@DESC,Bar,Medium,5.834,17.5019,3,0.0,0.0,0.0,0.0,0.0,0.6666666666666666,0.0,0.0,0.0,0.6666666666666666,0.3333333333333333,0.0,0.0,False,Qwen/Qwen2.5-Coder-32B-Instruct-AWQ,None
3124@x_name@ASC,Bar,Medium,9.0086,27.0257,3,0.0,0.0,0.0,0.0,0.0,0.0,0.0,0.0,0.0,0.0,1.0,0.0,0.0,False,Qwen/Qwen2.5-Coder-32B-Instruct-AWQ,None
3124@x_name@ASC,Bar,Medium,9.0086,27.0257,3,0.0,0.0,0.0,0.0,0.0,0.0,0.0,0.0,0.0,0.0,1.0,0.0,0.0,False,Qwen/Qwen2.5-Coder-32B-Instruct-AWQ,None
3124@x_name@ASC,Bar,Medium,9.0086,27.0257,3,0.0,0.0,0.0,0.0,0.0,0.0,0.0,0.0,0.0,0.0,1.0,0.0,0.0,False,Qwen/Qwen2.5-Coder-32B-Instruct-AWQ,None
3134@y_name@ASC,Bar,Easy,7.3026,36.5129,5,0.0,0.0,0.0,0.0,0.0,0.0,0.0,0.0,0.0,0.0,1.0,0.0,0.0,False,Qwen/Qwen2.5-Coder-32B-Instruct-AWQ,None
3134@y_name@ASC,Bar,Easy,7.3026,36.5129,5,0.0,0.0,0.0,0.0,0.0,0.0,0.0,0.0,0.0,0.0,1.0,0.0,0.0,False,Qwen/Qwen2.5-Coder-32B-Instruct-AWQ,None
3134@y_name@ASC,Bar,Easy,7.3026,36.5129,5,0.0,0.0,0.0,0.0,0.0,0.0,0.0,0.0,0.0,0.0,1.0,0.0,0.0,False,Qwen/Qwen2.5-Coder-32B-Instruct-AWQ,None
3135@y_name@ASC,Bar,Easy,9.0048,27.0144,3,0.0,0.0,0.0,0.0,0.0,0.0,0.0,0.0,0.0,0.0,1.0,0.0,0.0,False,Qwen/Qwen2.5-Coder-32B-Instruct-AWQ,None
3135@y_name@ASC,Bar,Easy,9.0048,27.0144,3,0.0,0.0,0.0,0.0,0.0,0.0,0.0,0.0,0.0,0.0,1.0,0.0,0.0,False,Qwen/Qwen2.5-Coder-32B-Instruct-AWQ,None
3135@y_name@ASC,Bar,Easy,9.0048,27.0144,3,0.0,0.0,0.0,0.0,0.0,0.0,0.0,0.0,0.0,0.0,1.0,0.0,0.0,False,Qwen/Qwen2.5-Coder-32B-Instruct-AWQ,None
3137@y_name@DESC,Bar,Easy,22.7152,113.5759,5,0.0,0.0,0.0,0.0,0.6,0.0,0.0,0.0,0.0,0.6,0.4,0.0,0.0,False,Qwen/Qwen2.5-Coder-32B-Instruct-AWQ,None
3137@y_name@DESC,Bar,Easy,22.7152,113.5759,5,0.0,0.0,0.0,0.0,0.6,0.0,0.0,0.0,0.0,0.6,0.4,0.0,0.0,False,Qwen/Qwen2.5-Coder-32B-Instruct-AWQ,None
3137@y_name@DESC,Bar,Easy,22.7152,113.5759,5,0.0,0.0,0.0,0.0,0.6,0.0,0.0,0.0,0.0,0.6,0.4,0.0,0.0,False,Qwen/Qwen2.5-Coder-32B-Instruct-AWQ,None
3138@x_name@ASC,Bar,Easy,13.0528,52.2111,4,0.0,0.0,0.0,0.0,0.0,0.0,0.0,0.0,0.0,0.0,1.0,0.0,0.0,False,Qwen/Qwen2.5-Coder-32B-Instruct-AWQ,None
3138@x_name@ASC,Bar,Easy,13.0528,52.2111,4,0.0,0.0,0.0,0.0,0.0,0.0,0.0,0.0,0.0,0.0,1.0,0.0,0.0,False,Qwen/Qwen2.5-Coder-32B-Instruct-AWQ,None
3138@x_name@ASC,Bar,Easy,13.0528,52.2111,4,0.0,0.0,0.0,0.0,0.0,0.0,0.0,0.0,0.0,0.0,1.0,0.0,0.0,False,Qwen/Qwen2.5-Coder-32B-Instruct-AWQ,None
3140@x_name@ASC,Bar,Easy,17.4817,69.9269,4,0.0,0.0,0.0,0.0,0.0,0.0,0.0,0.0,0.0,0.0,1.0,0.0,0.0,False,Qwen/Qwen2.5-Coder-32B-Instruct-AWQ,None
3140@x_name@ASC,Bar,Easy,17.4817,69.9269,4,0.0,0.0,0.0,0.0,0.0,0.0,0.0,0.0,0.0,0.0,1.0,0.0,0.0,False,Qwen/Qwen2.5-Coder-32B-Instruct-AWQ,None
3140@x_name@ASC,Bar,Easy,17.4817,69.9269,4,0.0,0.0,0.0,0.0,0.0,0.0,0.0,0.0,0.0,0.0,1.0,0.0,0.0,False,Qwen/Qwen2.5-Coder-32B-Instruct-AWQ,None
3141@y_name@ASC,Bar,Easy,19.5775,58.7325,3,0.0,0.0,0.0,0.0,0.3333333333333333,0.0,0.0,0.0,0.0,0.3333333333333333,0.6666666666666666,0.0,0.0,False,Qwen/Qwen2.5-Coder-32B-Instruct-AWQ,None
3141@y_name@ASC,Bar,Easy,19.5775,58.7325,3,0.0,0.0,0.0,0.0,0.3333333333333333,0.0,0.0,0.0,0.0,0.3333333333333333,0.6666666666666666,0.0,0.0,False,Qwen/Qwen2.5-Coder-32B-Instruct-AWQ,None
3141@y_name@ASC,Bar,Easy,19.5775,58.7325,3,0.0,0.0,0.0,0.0,0.3333333333333333,0.0,0.0,0.0,0.0,0.3333333333333333,0.6666666666666666,0.0,0.0,False,Qwen/Qwen2.5-Coder-32B-Instruct-AWQ,None
3144@x_name@DESC,Bar,Easy,9.041,9.041,1,0.0,0.0,0.0,0.0,0.0,0.0,0.0,0.0,0.0,0.0,1.0,0.0,0.0,False,Qwen/Qwen2.5-Coder-32B-Instruct-AWQ,None
3144@x_name@DESC,Bar,Easy,9.041,9.041,1,0.0,0.0,0.0,0.0,0.0,0.0,0.0,0.0,0.0,0.0,1.0,0.0,0.0,False,Qwen/Qwen2.5-Coder-32B-Instruct-AWQ,None
3144@x_name@DESC,Bar,Easy,9.041,9.041,1,0.0,0.0,0.0,0.0,0.0,0.0,0.0,0.0,0.0,0.0,1.0,0.0,0.0,False,Qwen/Qwen2.5-Coder-32B-Instruct-AWQ,None
3146@x_name@DESC,Bar,Easy,16.4779,49.4336,3,0.0,0.0,0.0,0.0,0.0,0.0,0.0,0.0,0.0,0.0,1.0,0.0,0.0,False,Qwen/Qwen2.5-Coder-32B-Instruct-AWQ,None
3146@x_name@DESC,Bar,Easy,16.4779,49.4336,3,0.0,0.0,0.0,0.0,0.0,0.0,0.0,0.0,0.0,0.0,1.0,0.0,0.0,False,Qwen/Qwen2.5-Coder-32B-Instruct-AWQ,None
3146@x_name@DESC,Bar,Easy,16.4779,49.4336,3,0.0,0.0,0.0,0.0,0.0,0.0,0.0,0.0,0.0,0.0,1.0,0.0,0.0,False,Qwen/Qwen2.5-Coder-32B-Instruct-AWQ,None
2349@y_name@ASC,Bar,Medium,6.1967,6.1967,1,0.0,0.0,0.0,0.0,0.0,0.0,0.0,0.0,0.0,0.0,1.0,0.0,0.0,False,Qwen/Qwen2.5-Coder-32B-Instruct-AWQ,None
2349@y_name@ASC,Bar,Medium,6.1967,6.1967,1,0.0,0.0,0.0,0.0,0.0,0.0,0.0,0.0,0.0,0.0,1.0,0.0,0.0,False,Qwen/Qwen2.5-Coder-32B-Instruct-AWQ,None
2349@y_name@ASC,Bar,Medium,6.1967,6.1967,1,0.0,0.0,0.0,0.0,0.0,0.0,0.0,0.0,0.0,0.0,1.0,0.0,0.0,False,Qwen/Qwen2.5-Coder-32B-Instruct-AWQ,None
2596@x_name@ASC,Bar,Extra Hard,12.3495,12.3495,1,0.0,0.0,0.0,0.0,0.0,0.0,0.0,0.0,0.0,0.0,1.0,0.0,0.0,True,Qwen/Qwen2.5-Coder-32B-Instruct-AWQ,None
2596@x_name@ASC,Bar,Extra Hard,12.3495,12.3495,1,0.0,0.0,0.0,0.0,0.0,0.0,0.0,0.0,0.0,0.0,1.0,0.0,0.0,True,Qwen/Qwen2.5-Coder-32B-Instruct-AWQ,None
2596@x_name@ASC,Bar,Extra Hard,12.3495,12.3495,1,0.0,0.0,0.0,0.0,0.0,0.0,0.0,0.0,0.0,0.0,1.0,0.0,0.0,True,Qwen/Qwen2.5-Coder-32B-Instruct-AWQ,None
2600@y_name@ASC,Stacked Bar,Extra Hard,51.2042,51.2042,1,1.0,0.0,0.0,0.0,0.0,0.0,0.0,0.0,1.0,0.0,0.0,,0.0,True,Qwen/Qwen2.5-Coder-32B-Instruct-AWQ,None
2600@y_name@ASC,Stacked Bar,Extra Hard,51.2042,51.2042,1,1.0,0.0,0.0,0.0,0.0,0.0,0.0,0.0,1.0,0.0,0.0,,0.0,True,Qwen/Qwen2.5-Coder-32B-Instruct-AWQ,None
2600@y_name@ASC,Stacked Bar,Extra Hard,51.2042,51.2042,1,1.0,0.0,0.0,0.0,0.0,0.0,0.0,0.0,1.0,0.0,0.0,,0.0,True,Qwen/Qwen2.5-Coder-32B-Instruct-AWQ,None
2602@y_name@DESC,Bar,Medium,8.8609,8.8609,1,0.0,0.0,0.0,0.0,1.0,0.0,0.0,0.0,0.0,1.0,0.0,,0.0,False,Qwen/Qwen2.5-Coder-32B-Instruct-AWQ,None
2602@y_name@DESC,Bar,Medium,8.8609,8.8609,1,0.0,0.0,0.0,0.0,1.0,0.0,0.0,0.0,0.0,1.0,0.0,,0.0,False,Qwen/Qwen2.5-Coder-32B-Instruct-AWQ,None
2602@y_name@DESC,Bar,Medium,8.8609,8.8609,1,0.0,0.0,0.0,0.0,1.0,0.0,0.0,0.0,0.0,1.0,0.0,,0.0,False,Qwen/Qwen2.5-Coder-32B-Instruct-AWQ,None
2607@x_name@DESC,Bar,Medium,9.4965,9.4965,1,0.0,0.0,0.0,0.0,0.0,1.0,0.0,0.0,0.0,1.0,0.0,,0.0,False,Qwen/Qwen2.5-Coder-32B-Instruct-AWQ,None
2607@x_name@DESC,Bar,Medium,9.4965,9.4965,1,0.0,0.0,0.0,0.0,0.0,1.0,0.0,0.0,0.0,1.0,0.0,,0.0,False,Qwen/Qwen2.5-Coder-32B-Instruct-AWQ,None
2607@x_name@DESC,Bar,Medium,9.4965,9.4965,1,0.0,0.0,0.0,0.0,0.0,1.0,0.0,0.0,0.0,1.0,0.0,,0.0,False,Qwen/Qwen2.5-Coder-32B-Instruct-AWQ,None
2902@x_name@DESC,Bar,Medium,22.5538,22.5538,1,0.0,0.0,0.0,0.0,0.0,1.0,0.0,0.0,0.0,1.0,0.0,,0.0,False,Qwen/Qwen2.5-Coder-32B-Instruct-AWQ,None
2902@x_name@DESC,Bar,Medium,22.5538,22.5538,1,0.0,0.0,0.0,0.0,0.0,1.0,0.0,0.0,0.0,1.0,0.0,,0.0,False,Qwen/Qwen2.5-Coder-32B-Instruct-AWQ,None
2902@x_name@DESC,Bar,Medium,22.5538,22.5538,1,0.0,0.0,0.0,0.0,0.0,1.0,0.0,0.0,0.0,1.0,0.0,,0.0,False,Qwen/Qwen2.5-Coder-32B-Instruct-AWQ,None
1399@x_name@ASC,Bar,Medium,6.0712,6.0712,1,0.0,0.0,0.0,0.0,0.0,0.0,0.0,0.0,0.0,0.0,1.0,0.0,0.0,False,Qwen/Qwen2.5-Coder-32B-Instruct-AWQ,None
1399@x_name@ASC,Bar,Medium,6.0712,6.0712,1,0.0,0.0,0.0,0.0,0.0,0.0,0.0,0.0,0.0,0.0,1.0,0.0,0.0,False,Qwen/Qwen2.5-Coder-32B-Instruct-AWQ,None
1399@x_name@ASC,Bar,Medium,6.0712,6.0712,1,0.0,0.0,0.0,0.0,0.0,0.0,0.0,0.0,0.0,0.0,1.0,0.0,0.0,False,Qwen/Qwen2.5-Coder-32B-Instruct-AWQ,None
2933@x_name@DESC,Bar,Hard,53.553,53.553,1,0.0,0.0,0.0,0.0,0.0,1.0,0.0,0.0,0.0,1.0,0.0,,0.0,True,Qwen/Qwen2.5-Coder-32B-Instruct-AWQ,None
2933@x_name@DESC,Bar,Hard,53.553,53.553,1,0.0,0.0,0.0,0.0,0.0,1.0,0.0,0.0,0.0,1.0,0.0,,0.0,True,Qwen/Qwen2.5-Coder-32B-Instruct-AWQ,None
2933@x_name@DESC,Bar,Hard,53.553,53.553,1,0.0,0.0,0.0,0.0,0.0,1.0,0.0,0.0,0.0,1.0,0.0,,0.0,True,Qwen/Qwen2.5-Coder-32B-Instruct-AWQ,None
2935@x_name@ASC,Bar,Hard,13.6752,13.6752,1,0.0,0.0,0.0,0.0,0.0,0.0,0.0,0.0,0.0,0.0,1.0,0.0,0.0,True,Qwen/Qwen2.5-Coder-32B-Instruct-AWQ,None
2935@x_name@ASC,Bar,Hard,13.6752,13.6752,1,0.0,0.0,0.0,0.0,0.0,0.0,0.0,0.0,0.0,0.0,1.0,0.0,0.0,True,Qwen/Qwen2.5-Coder-32B-Instruct-AWQ,None
2935@x_name@ASC,Bar,Hard,13.6752,13.6752,1,0.0,0.0,0.0,0.0,0.0,0.0,0.0,0.0,0.0,0.0,1.0,0.0,0.0,True,Qwen/Qwen2.5-Coder-32B-Instruct-AWQ,None
2943@y_name@ASC,Bar,Medium,6.6508,6.6508,1,0.0,0.0,0.0,0.0,0.0,0.0,0.0,0.0,0.0,0.0,1.0,0.0,0.0,False,Qwen/Qwen2.5-Coder-32B-Instruct-AWQ,None
2943@y_name@ASC,Bar,Medium,6.6508,6.6508,1,0.0,0.0,0.0,0.0,0.0,0.0,0.0,0.0,0.0,0.0,1.0,0.0,0.0,False,Qwen/Qwen2.5-Coder-32B-Instruct-AWQ,None
2943@y_name@ASC,Bar,Medium,6.6508,6.6508,1,0.0,0.0,0.0,0.0,0.0,0.0,0.0,0.0,0.0,0.0,1.0,0.0,0.0,False,Qwen/Qwen2.5-Coder-32B-Instruct-AWQ,None
2944@y_name@ASC,Bar,Easy,39.248,39.248,1,0.0,0.0,0.0,0.0,0.0,0.0,0.0,0.0,0.0,0.0,1.0,0.0,0.0,False,Qwen/Qwen2.5-Coder-32B-Instruct-AWQ,None
2944@y_name@ASC,Bar,Easy,39.248,39.248,1,0.0,0.0,0.0,0.0,0.0,0.0,0.0,0.0,0.0,0.0,1.0,0.0,0.0,False,Qwen/Qwen2.5-Coder-32B-Instruct-AWQ,None
2944@y_name@ASC,Bar,Easy,39.248,39.248,1,0.0,0.0,0.0,0.0,0.0,0.0,0.0,0.0,0.0,0.0,1.0,0.0,0.0,False,Qwen/Qwen2.5-Coder-32B-Instruct-AWQ,None
2950@y_name@ASC,Bar,Hard,7.9206,7.9206,1,0.0,0.0,0.0,0.0,0.0,0.0,0.0,0.0,0.0,0.0,1.0,0.0,0.0,False,Qwen/Qwen2.5-Coder-32B-Instruct-AWQ,None
2950@y_name@ASC,Bar,Hard,7.9206,7.9206,1,0.0,0.0,0.0,0.0,0.0,0.0,0.0,0.0,0.0,0.0,1.0,0.0,0.0,False,Qwen/Qwen2.5-Coder-32B-Instruct-AWQ,None
2950@y_name@ASC,Bar,Hard,7.9206,7.9206,1,0.0,0.0,0.0,0.0,0.0,0.0,0.0,0.0,0.0,0.0,1.0,0.0,0.0,False,Qwen/Qwen2.5-Coder-32B-Instruct-AWQ,None
1989@y_name@DESC,Bar,Extra Hard,24.4926,24.4926,1,0.0,0.0,0.0,0.0,0.0,0.0,0.0,0.0,0.0,0.0,1.0,0.0,0.0,True,Qwen/Qwen2.5-Coder-32B-Instruct-AWQ,None
1989@y_name@DESC,Bar,Extra Hard,24.4926,24.4926,1,0.0,0.0,0.0,0.0,0.0,0.0,0.0,0.0,0.0,0.0,1.0,0.0,0.0,True,Qwen/Qwen2.5-Coder-32B-Instruct-AWQ,None
1989@y_name@DESC,Bar,Extra Hard,24.4926,24.4926,1,0.0,0.0,0.0,0.0,0.0,0.0,0.0,0.0,0.0,0.0,1.0,0.0,0.0,True,Qwen/Qwen2.5-Coder-32B-Instruct-AWQ,None
1967@x_name@DESC,Bar,Medium,6.6378,13.2756,2,0.0,0.0,0.0,0.0,0.0,0.5,0.0,0.0,0.0,0.5,0.5,0.0,0.0,False,Qwen/Qwen2.5-Coder-32B-Instruct-AWQ,None
1967@x_name@DESC,Bar,Medium,6.6378,13.2756,2,0.0,0.0,0.0,0.0,0.0,0.5,0.0,0.0,0.0,0.5,0.5,0.0,0.0,False,Qwen/Qwen2.5-Coder-32B-Instruct-AWQ,None
1967@x_name@DESC,Bar,Medium,6.6378,13.2756,2,0.0,0.0,0.0,0.0,0.0,0.5,0.0,0.0,0.0,0.5,0.5,0.0,0.0,False,Qwen/Qwen2.5-Coder-32B-Instruct-AWQ,None
1970@x_name@ASC,Bar,Easy,8.4755,16.9511,2,0.0,0.0,0.0,0.0,0.0,0.0,0.0,0.0,0.0,0.0,1.0,0.0,0.0,False,Qwen/Qwen2.5-Coder-32B-Instruct-AWQ,None
1970@x_name@ASC,Bar,Easy,8.4755,16.9511,2,0.0,0.0,0.0,0.0,0.0,0.0,0.0,0.0,0.0,0.0,1.0,0.0,0.0,False,Qwen/Qwen2.5-Coder-32B-Instruct-AWQ,None
1970@x_name@ASC,Bar,Easy,8.4755,16.9511,2,0.0,0.0,0.0,0.0,0.0,0.0,0.0,0.0,0.0,0.0,1.0,0.0,0.0,False,Qwen/Qwen2.5-Coder-32B-Instruct-AWQ,None
1977@x_name@ASC,Bar,Medium,7.2626,21.7878,3,0.0,0.0,0.0,0.0,0.0,0.0,0.0,0.0,0.0,0.0,1.0,0.0,0.0,False,Qwen/Qwen2.5-Coder-32B-Instruct-AWQ,None
1977@x_name@ASC,Bar,Medium,7.2626,21.7878,3,0.0,0.0,0.0,0.0,0.0,0.0,0.0,0.0,0.0,0.0,1.0,0.0,0.0,False,Qwen/Qwen2.5-Coder-32B-Instruct-AWQ,None
1977@x_name@ASC,Bar,Medium,7.2626,21.7878,3,0.0,0.0,0.0,0.0,0.0,0.0,0.0,0.0,0.0,0.0,1.0,0.0,0.0,False,Qwen/Qwen2.5-Coder-32B-Instruct-AWQ,None
1979@y_name@DESC,Bar,Hard,8.9072,35.6286,4,0.0,0.0,0.0,0.0,0.0,0.0,0.0,0.0,0.0,0.0,1.0,0.0,0.0,False,Qwen/Qwen2.5-Coder-32B-Instruct-AWQ,None
1979@y_name@DESC,Bar,Hard,8.9072,35.6286,4,0.0,0.0,0.0,0.0,0.0,0.0,0.0,0.0,0.0,0.0,1.0,0.0,0.0,False,Qwen/Qwen2.5-Coder-32B-Instruct-AWQ,None
1979@y_name@DESC,Bar,Hard,8.9072,35.6286,4,0.0,0.0,0.0,0.0,0.0,0.0,0.0,0.0,0.0,0.0,1.0,0.0,0.0,False,Qwen/Qwen2.5-Coder-32B-Instruct-AWQ,None
1981@y_name@DESC,Bar,Extra Hard,12.8204,51.2815,4,0.0,0.0,0.0,0.0,0.0,0.0,0.0,0.0,0.0,0.0,1.0,0.0,0.0,True,Qwen/Qwen2.5-Coder-32B-Instruct-AWQ,None
1981@y_name@DESC,Bar,Extra Hard,12.8204,51.2815,4,0.0,0.0,0.0,0.0,0.0,0.0,0.0,0.0,0.0,0.0,1.0,0.0,0.0,True,Qwen/Qwen2.5-Coder-32B-Instruct-AWQ,None
1981@y_name@DESC,Bar,Extra Hard,12.8204,51.2815,4,0.0,0.0,0.0,0.0,0.0,0.0,0.0,0.0,0.0,0.0,1.0,0.0,0.0,True,Qwen/Qwen2.5-Coder-32B-Instruct-AWQ,None
1984@y_name@DESC,Bar,Hard,11.1303,22.2605,2,0.0,0.0,0.0,0.0,0.0,0.0,0.0,0.0,0.0,0.0,1.0,0.0,0.0,True,Qwen/Qwen2.5-Coder-32B-Instruct-AWQ,None
1984@y_name@DESC,Bar,Hard,11.1303,22.2605,2,0.0,0.0,0.0,0.0,0.0,0.0,0.0,0.0,0.0,0.0,1.0,0.0,0.0,True,Qwen/Qwen2.5-Coder-32B-Instruct-AWQ,None
1984@y_name@DESC,Bar,Hard,11.1303,22.2605,2,0.0,0.0,0.0,0.0,0.0,0.0,0.0,0.0,0.0,0.0,1.0,0.0,0.0,True,Qwen/Qwen2.5-Coder-32B-Instruct-AWQ,None
3033@y_name@ASC,Bar,Medium,6.2875,18.8625,3,0.0,0.0,0.0,0.0,0.3333333333333333,0.0,0.0,0.0,0.0,0.3333333333333333,0.6666666666666666,0.0,0.0,False,Qwen/Qwen2.5-Coder-32B-Instruct-AWQ,None
3033@y_name@ASC,Bar,Medium,6.2875,18.8625,3,0.0,0.0,0.0,0.0,0.3333333333333333,0.0,0.0,0.0,0.0,0.3333333333333333,0.6666666666666666,0.0,0.0,False,Qwen/Qwen2.5-Coder-32B-Instruct-AWQ,None
3033@y_name@ASC,Bar,Medium,6.2875,18.8625,3,0.0,0.0,0.0,0.0,0.3333333333333333,0.0,0.0,0.0,0.0,0.3333333333333333,0.6666666666666666,0.0,0.0,False,Qwen/Qwen2.5-Coder-32B-Instruct-AWQ,None
2677@x_name@ASC,Bar,Medium,6.0663,6.0663,1,0.0,0.0,0.0,0.0,0.0,0.0,0.0,0.0,0.0,0.0,1.0,0.0,0.0,False,Qwen/Qwen2.5-Coder-32B-Instruct-AWQ,None
2677@x_name@ASC,Bar,Medium,6.0663,6.0663,1,0.0,0.0,0.0,0.0,0.0,0.0,0.0,0.0,0.0,0.0,1.0,0.0,0.0,False,Qwen/Qwen2.5-Coder-32B-Instruct-AWQ,None
2677@x_name@ASC,Bar,Medium,6.0663,6.0663,1,0.0,0.0,0.0,0.0,0.0,0.0,0.0,0.0,0.0,0.0,1.0,0.0,0.0,False,Qwen/Qwen2.5-Coder-32B-Instruct-AWQ,None
2678@y_name@DESC,Bar,Medium,7.128,21.384,3,0.0,0.0,0.0,0.0,0.0,0.0,0.0,0.0,0.0,0.0,1.0,0.0,0.0,False,Qwen/Qwen2.5-Coder-32B-Instruct-AWQ,None
2678@y_name@DESC,Bar,Medium,7.128,21.384,3,0.0,0.0,0.0,0.0,0.0,0.0,0.0,0.0,0.0,0.0,1.0,0.0,0.0,False,Qwen/Qwen2.5-Coder-32B-Instruct-AWQ,None
2678@y_name@DESC,Bar,Medium,7.128,21.384,3,0.0,0.0,0.0,0.0,0.0,0.0,0.0,0.0,0.0,0.0,1.0,0.0,0.0,False,Qwen/Qwen2.5-Coder-32B-Instruct-AWQ,None
2681@x_name@ASC,Bar,Medium,7.0223,7.0223,1,0.0,0.0,0.0,0.0,0.0,0.0,0.0,0.0,0.0,0.0,1.0,0.0,0.0,False,Qwen/Qwen2.5-Coder-32B-Instruct-AWQ,None
2681@x_name@ASC,Bar,Medium,7.0223,7.0223,1,0.0,0.0,0.0,0.0,0.0,0.0,0.0,0.0,0.0,0.0,1.0,0.0,0.0,False,Qwen/Qwen2.5-Coder-32B-Instruct-AWQ,None
2681@x_name@ASC,Bar,Medium,7.0223,7.0223,1,0.0,0.0,0.0,0.0,0.0,0.0,0.0,0.0,0.0,0.0,1.0,0.0,0.0,False,Qwen/Qwen2.5-Coder-32B-Instruct-AWQ,None
2755@x_name@DESC,Stacked Bar,Hard,8.9379,8.9379,1,0.0,0.0,0.0,0.0,0.0,1.0,0.0,0.0,0.0,1.0,0.0,,0.0,False,Qwen/Qwen2.5-Coder-32B-Instruct-AWQ,None
2755@x_name@DESC,Stacked Bar,Hard,8.9379,8.9379,1,0.0,0.0,0.0,0.0,0.0,1.0,0.0,0.0,0.0,1.0,0.0,,0.0,False,Qwen/Qwen2.5-Coder-32B-Instruct-AWQ,None
2755@x_name@DESC,Stacked Bar,Hard,8.9379,8.9379,1,0.0,0.0,0.0,0.0,0.0,1.0,0.0,0.0,0.0,1.0,0.0,,0.0,False,Qwen/Qwen2.5-Coder-32B-Instruct-AWQ,None
2756@x_name@DESC,Stacked Bar,Hard,12.1521,36.4564,3,0.0,0.0,0.0,0.0,0.3333333333333333,0.6666666666666666,0.0,0.0,0.0,1.0,0.0,,0.0,False,Qwen/Qwen2.5-Coder-32B-Instruct-AWQ,None
2756@x_name@DESC,Stacked Bar,Hard,12.1521,36.4564,3,0.0,0.0,0.0,0.0,0.3333333333333333,0.6666666666666666,0.0,0.0,0.0,1.0,0.0,,0.0,False,Qwen/Qwen2.5-Coder-32B-Instruct-AWQ,None
2756@x_name@DESC,Stacked Bar,Hard,12.1521,36.4564,3,0.0,0.0,0.0,0.0,0.3333333333333333,0.6666666666666666,0.0,0.0,0.0,1.0,0.0,,0.0,False,Qwen/Qwen2.5-Coder-32B-Instruct-AWQ,None
2760@y_name@DESC,Bar,Medium,15.3955,61.5818,4,0.0,0.0,0.0,0.0,0.0,0.0,0.0,0.0,0.0,0.0,1.0,0.0,0.0,False,Qwen/Qwen2.5-Coder-32B-Instruct-AWQ,None
2760@y_name@DESC,Bar,Medium,15.3955,61.5818,4,0.0,0.0,0.0,0.0,0.0,0.0,0.0,0.0,0.0,0.0,1.0,0.0,0.0,False,Qwen/Qwen2.5-Coder-32B-Instruct-AWQ,None
2760@y_name@DESC,Bar,Medium,15.3955,61.5818,4,0.0,0.0,0.0,0.0,0.0,0.0,0.0,0.0,0.0,0.0,1.0,0.0,0.0,False,Qwen/Qwen2.5-Coder-32B-Instruct-AWQ,None
2762@y_name@DESC,Bar,Medium,5.5623,22.2491,4,0.0,0.0,0.0,0.0,0.0,0.0,0.0,0.0,0.0,0.0,1.0,0.0,0.0,False,Qwen/Qwen2.5-Coder-32B-Instruct-AWQ,None
2762@y_name@DESC,Bar,Medium,5.5623,22.2491,4,0.0,0.0,0.0,0.0,0.0,0.0,0.0,0.0,0.0,0.0,1.0,0.0,0.0,False,Qwen/Qwen2.5-Coder-32B-Instruct-AWQ,None
2762@y_name@DESC,Bar,Medium,5.5623,22.2491,4,0.0,0.0,0.0,0.0,0.0,0.0,0.0,0.0,0.0,0.0,1.0,0.0,0.0,False,Qwen/Qwen2.5-Coder-32B-Instruct-AWQ,None
2763@y_name@ASC,Bar,Medium,22.3831,44.7661,2,0.0,0.0,0.0,0.0,0.0,0.0,0.0,0.0,0.0,0.0,1.0,0.0,0.0,False,Qwen/Qwen2.5-Coder-32B-Instruct-AWQ,None
2763@y_name@ASC,Bar,Medium,22.3831,44.7661,2,0.0,0.0,0.0,0.0,0.0,0.0,0.0,0.0,0.0,0.0,1.0,0.0,0.0,False,Qwen/Qwen2.5-Coder-32B-Instruct-AWQ,None
2763@y_name@ASC,Bar,Medium,22.3831,44.7661,2,0.0,0.0,0.0,0.0,0.0,0.0,0.0,0.0,0.0,0.0,1.0,0.0,0.0,False,Qwen/Qwen2.5-Coder-32B-Instruct-AWQ,None
2765@y_name@ASC,Bar,Medium,22.2927,66.8781,3,0.0,0.0,0.0,0.0,0.0,0.0,0.0,0.0,0.0,0.0,1.0,0.0,0.0,False,Qwen/Qwen2.5-Coder-32B-Instruct-AWQ,None
2765@y_name@ASC,Bar,Medium,22.2927,66.8781,3,0.0,0.0,0.0,0.0,0.0,0.0,0.0,0.0,0.0,0.0,1.0,0.0,0.0,False,Qwen/Qwen2.5-Coder-32B-Instruct-AWQ,None
2765@y_name@ASC,Bar,Medium,22.2927,66.8781,3,0.0,0.0,0.0,0.0,0.0,0.0,0.0,0.0,0.0,0.0,1.0,0.0,0.0,False,Qwen/Qwen2.5-Coder-32B-Instruct-AWQ,None
2879@y_name@ASC,Bar,Medium,25.3283,50.6566,2,0.0,0.0,0.0,0.0,0.0,0.0,0.0,0.0,0.0,0.0,1.0,0.0,0.0,False,Qwen/Qwen2.5-Coder-32B-Instruct-AWQ,None
2879@y_name@ASC,Bar,Medium,25.3283,50.6566,2,0.0,0.0,0.0,0.0,0.0,0.0,0.0,0.0,0.0,0.0,1.0,0.0,0.0,False,Qwen/Qwen2.5-Coder-32B-Instruct-AWQ,None
2879@y_name@ASC,Bar,Medium,25.3283,50.6566,2,0.0,0.0,0.0,0.0,0.0,0.0,0.0,0.0,0.0,0.0,1.0,0.0,0.0,False,Qwen/Qwen2.5-Coder-32B-Instruct-AWQ,None
2886@x_name@DESC,Bar,Hard,12.5526,12.5526,1,0.0,0.0,0.0,0.0,0.0,1.0,0.0,0.0,0.0,1.0,0.0,,0.0,True,Qwen/Qwen2.5-Coder-32B-Instruct-AWQ,None
2886@x_name@DESC,Bar,Hard,12.5526,12.5526,1,0.0,0.0,0.0,0.0,0.0,1.0,0.0,0.0,0.0,1.0,0.0,,0.0,True,Qwen/Qwen2.5-Coder-32B-Instruct-AWQ,None
2886@x_name@DESC,Bar,Hard,12.5526,12.5526,1,0.0,0.0,0.0,0.0,0.0,1.0,0.0,0.0,0.0,1.0,0.0,,0.0,True,Qwen/Qwen2.5-Coder-32B-Instruct-AWQ,None
116@x_name@DESC,Bar,Hard,12.2121,24.4241,2,0.0,0.0,0.0,0.0,0.0,0.0,0.0,0.0,0.0,0.0,1.0,0.0,0.0,True,Qwen/Qwen2.5-Coder-32B-Instruct-AWQ,None
116@x_name@DESC,Bar,Hard,12.2121,24.4241,2,0.0,0.0,0.0,0.0,0.0,0.0,0.0,0.0,0.0,0.0,1.0,0.0,0.0,True,Qwen/Qwen2.5-Coder-32B-Instruct-AWQ,None
116@x_name@DESC,Bar,Hard,12.2121,24.4241,2,0.0,0.0,0.0,0.0,0.0,0.0,0.0,0.0,0.0,0.0,1.0,0.0,0.0,True,Qwen/Qwen2.5-Coder-32B-Instruct-AWQ,None
117@y_name@ASC,Bar,Medium,6.2176,12.4352,2,0.0,0.0,0.0,0.0,0.0,0.0,0.0,0.0,0.0,0.0,1.0,0.0,0.0,False,Qwen/Qwen2.5-Coder-32B-Instruct-AWQ,None
117@y_name@ASC,Bar,Medium,6.2176,12.4352,2,0.0,0.0,0.0,0.0,0.0,0.0,0.0,0.0,0.0,0.0,1.0,0.0,0.0,False,Qwen/Qwen2.5-Coder-32B-Instruct-AWQ,None
117@y_name@ASC,Bar,Medium,6.2176,12.4352,2,0.0,0.0,0.0,0.0,0.0,0.0,0.0,0.0,0.0,0.0,1.0,0.0,0.0,False,Qwen/Qwen2.5-Coder-32B-Instruct-AWQ,None
123@y_name@DESC,Bar,Hard,8.0246,8.0246,1,0.0,0.0,0.0,0.0,0.0,0.0,0.0,0.0,0.0,0.0,1.0,0.0,0.0,True,Qwen/Qwen2.5-Coder-32B-Instruct-AWQ,None
123@y_name@DESC,Bar,Hard,8.0246,8.0246,1,0.0,0.0,0.0,0.0,0.0,0.0,0.0,0.0,0.0,0.0,1.0,0.0,0.0,True,Qwen/Qwen2.5-Coder-32B-Instruct-AWQ,None
123@y_name@DESC,Bar,Hard,8.0246,8.0246,1,0.0,0.0,0.0,0.0,0.0,0.0,0.0,0.0,0.0,0.0,1.0,0.0,0.0,True,Qwen/Qwen2.5-Coder-32B-Instruct-AWQ,None
127@y_name@ASC,Bar,Hard,15.7398,15.7398,1,0.0,0.0,0.0,0.0,0.0,0.0,0.0,0.0,0.0,0.0,1.0,0.0,0.0,True,Qwen/Qwen2.5-Coder-32B-Instruct-AWQ,None
127@y_name@ASC,Bar,Hard,15.7398,15.7398,1,0.0,0.0,0.0,0.0,0.0,0.0,0.0,0.0,0.0,0.0,1.0,0.0,0.0,True,Qwen/Qwen2.5-Coder-32B-Instruct-AWQ,None
127@y_name@ASC,Bar,Hard,15.7398,15.7398,1,0.0,0.0,0.0,0.0,0.0,0.0,0.0,0.0,0.0,0.0,1.0,0.0,0.0,True,Qwen/Qwen2.5-Coder-32B-Instruct-AWQ,None
128@x_name@DESC,Bar,Hard,15.6411,15.6411,1,0.0,0.0,0.0,0.0,0.0,1.0,0.0,0.0,0.0,1.0,0.0,,0.0,True,Qwen/Qwen2.5-Coder-32B-Instruct-AWQ,None
128@x_name@DESC,Bar,Hard,15.6411,15.6411,1,0.0,0.0,0.0,0.0,0.0,1.0,0.0,0.0,0.0,1.0,0.0,,0.0,True,Qwen/Qwen2.5-Coder-32B-Instruct-AWQ,None
128@x_name@DESC,Bar,Hard,15.6411,15.6411,1,0.0,0.0,0.0,0.0,0.0,1.0,0.0,0.0,0.0,1.0,0.0,,0.0,True,Qwen/Qwen2.5-Coder-32B-Instruct-AWQ,None
134@x_name@DESC,Stacked Bar,Extra Hard,14.9146,14.9146,1,0.0,0.0,0.0,0.0,0.0,1.0,0.0,0.0,0.0,1.0,0.0,,0.0,True,Qwen/Qwen2.5-Coder-32B-Instruct-AWQ,None
134@x_name@DESC,Stacked Bar,Extra Hard,14.9146,14.9146,1,0.0,0.0,0.0,0.0,0.0,1.0,0.0,0.0,0.0,1.0,0.0,,0.0,True,Qwen/Qwen2.5-Coder-32B-Instruct-AWQ,None
134@x_name@DESC,Stacked Bar,Extra Hard,14.9146,14.9146,1,0.0,0.0,0.0,0.0,0.0,1.0,0.0,0.0,0.0,1.0,0.0,,0.0,True,Qwen/Qwen2.5-Coder-32B-Instruct-AWQ,None
139@y_name@ASC,Bar,Hard,10.997,21.994,2,0.0,0.0,0.0,0.0,0.0,0.0,0.0,0.0,0.0,0.0,1.0,0.0,0.0,True,Qwen/Qwen2.5-Coder-32B-Instruct-AWQ,None
139@y_name@ASC,Bar,Hard,10.997,21.994,2,0.0,0.0,0.0,0.0,0.0,0.0,0.0,0.0,0.0,0.0,1.0,0.0,0.0,True,Qwen/Qwen2.5-Coder-32B-Instruct-AWQ,None
139@y_name@ASC,Bar,Hard,10.997,21.994,2,0.0,0.0,0.0,0.0,0.0,0.0,0.0,0.0,0.0,0.0,1.0,0.0,0.0,True,Qwen/Qwen2.5-Coder-32B-Instruct-AWQ,None
140@y_name@ASC,Bar,Medium,6.2444,12.4888,2,0.0,0.0,0.0,0.0,0.0,0.0,0.0,0.0,0.0,0.0,1.0,0.0,0.0,False,Qwen/Qwen2.5-Coder-32B-Instruct-AWQ,None
140@y_name@ASC,Bar,Medium,6.2444,12.4888,2,0.0,0.0,0.0,0.0,0.0,0.0,0.0,0.0,0.0,0.0,1.0,0.0,0.0,False,Qwen/Qwen2.5-Coder-32B-Instruct-AWQ,None
140@y_name@ASC,Bar,Medium,6.2444,12.4888,2,0.0,0.0,0.0,0.0,0.0,0.0,0.0,0.0,0.0,0.0,1.0,0.0,0.0,False,Qwen/Qwen2.5-Coder-32B-Instruct-AWQ,None
145@y_name@DESC,Stacked Bar,Extra Hard,15.0159,15.0159,1,0.0,0.0,0.0,0.0,0.0,1.0,0.0,0.0,0.0,1.0,0.0,,0.0,True,Qwen/Qwen2.5-Coder-32B-Instruct-AWQ,None
145@y_name@DESC,Stacked Bar,Extra Hard,15.0159,15.0159,1,0.0,0.0,0.0,0.0,0.0,1.0,0.0,0.0,0.0,1.0,0.0,,0.0,True,Qwen/Qwen2.5-Coder-32B-Instruct-AWQ,None
145@y_name@DESC,Stacked Bar,Extra Hard,15.0159,15.0159,1,0.0,0.0,0.0,0.0,0.0,1.0,0.0,0.0,0.0,1.0,0.0,,0.0,True,Qwen/Qwen2.5-Coder-32B-Instruct-AWQ,None
149@x_name@DESC,Bar,Hard,983.6932,983.6932,1,0.0,0.0,0.0,0.0,0.0,0.0,0.0,0.0,0.0,0.0,1.0,0.0,0.0,True,Qwen/Qwen2.5-Coder-32B-Instruct-AWQ,None
149@x_name@DESC,Bar,Hard,983.6932,983.6932,1,0.0,0.0,0.0,0.0,0.0,0.0,0.0,0.0,0.0,0.0,1.0,0.0,0.0,True,Qwen/Qwen2.5-Coder-32B-Instruct-AWQ,None
149@x_name@DESC,Bar,Hard,983.6932,983.6932,1,0.0,0.0,0.0,0.0,0.0,0.0,0.0,0.0,0.0,0.0,1.0,0.0,0.0,True,Qwen/Qwen2.5-Coder-32B-Instruct-AWQ,None
3069@x_name@ASC,Bar,Hard,10.183,10.183,1,0.0,0.0,0.0,0.0,0.0,0.0,0.0,0.0,0.0,0.0,1.0,0.0,0.0,True,Qwen/Qwen2.5-Coder-32B-Instruct-AWQ,None
3069@x_name@ASC,Bar,Hard,10.183,10.183,1,0.0,0.0,0.0,0.0,0.0,0.0,0.0,0.0,0.0,0.0,1.0,0.0,0.0,True,Qwen/Qwen2.5-Coder-32B-Instruct-AWQ,None
3069@x_name@ASC,Bar,Hard,10.183,10.183,1,0.0,0.0,0.0,0.0,0.0,0.0,0.0,0.0,0.0,0.0,1.0,0.0,0.0,True,Qwen/Qwen2.5-Coder-32B-Instruct-AWQ,None
1424@y_name@ASC,Bar,Medium,6.2565,6.2565,1,0.0,0.0,0.0,0.0,0.0,0.0,0.0,0.0,0.0,0.0,1.0,0.0,0.0,False,Qwen/Qwen2.5-Coder-32B-Instruct-AWQ,None
1424@y_name@ASC,Bar,Medium,6.2565,6.2565,1,0.0,0.0,0.0,0.0,0.0,0.0,0.0,0.0,0.0,0.0,1.0,0.0,0.0,False,Qwen/Qwen2.5-Coder-32B-Instruct-AWQ,None
1424@y_name@ASC,Bar,Medium,6.2565,6.2565,1,0.0,0.0,0.0,0.0,0.0,0.0,0.0,0.0,0.0,0.0,1.0,0.0,0.0,False,Qwen/Qwen2.5-Coder-32B-Instruct-AWQ,None
4001,Scatter,Hard,12.5357,12.5357,1,0.0,0.0,0.0,0.0,1.0,0.0,0.0,0.0,0.0,1.0,0.0,,0.0,True,Qwen/Qwen2.5-Coder-32B-Instruct-AWQ,None
4001,Scatter,Hard,12.5357,12.5357,1,0.0,0.0,0.0,0.0,1.0,0.0,0.0,0.0,0.0,1.0,0.0,,0.0,True,Qwen/Qwen2.5-Coder-32B-Instruct-AWQ,None
4001,Scatter,Hard,12.5357,12.5357,1,0.0,0.0,0.0,0.0,1.0,0.0,0.0,0.0,0.0,1.0,0.0,,0.0,True,Qwen/Qwen2.5-Coder-32B-Instruct-AWQ,None
4002,Stacked Bar,Easy,7.8129,7.8129,1,0.0,0.0,0.0,0.0,0.0,0.0,0.0,0.0,0.0,0.0,1.0,0.0,0.0,False,Qwen/Qwen2.5-Coder-32B-Instruct-AWQ,None
4002,Stacked Bar,Easy,7.8129,7.8129,1,0.0,0.0,0.0,0.0,0.0,0.0,0.0,0.0,0.0,0.0,1.0,0.0,0.0,False,Qwen/Qwen2.5-Coder-32B-Instruct-AWQ,None
4002,Stacked Bar,Easy,7.8129,7.8129,1,0.0,0.0,0.0,0.0,0.0,0.0,0.0,0.0,0.0,0.0,1.0,0.0,0.0,False,Qwen/Qwen2.5-Coder-32B-Instruct-AWQ,None
4003,Scatter,Easy,12.4931,12.4931,1,0.0,0.0,0.0,0.0,0.0,0.0,0.0,0.0,0.0,0.0,1.0,0.0,0.0,False,Qwen/Qwen2.5-Coder-32B-Instruct-AWQ,None
4003,Scatter,Easy,12.4931,12.4931,1,0.0,0.0,0.0,0.0,0.0,0.0,0.0,0.0,0.0,0.0,1.0,0.0,0.0,False,Qwen/Qwen2.5-Coder-32B-Instruct-AWQ,None
4003,Scatter,Easy,12.4931,12.4931,1,0.0,0.0,0.0,0.0,0.0,0.0,0.0,0.0,0.0,0.0,1.0,0.0,0.0,False,Qwen/Qwen2.5-Coder-32B-Instruct-AWQ,None
4004,Stacked Bar,Hard,17.7885,17.7885,1,0.0,0.0,0.0,0.0,1.0,0.0,0.0,0.0,0.0,1.0,0.0,,0.0,True,Qwen/Qwen2.5-Coder-32B-Instruct-AWQ,None
4004,Stacked Bar,Hard,17.7885,17.7885,1,0.0,0.0,0.0,0.0,1.0,0.0,0.0,0.0,0.0,1.0,0.0,,0.0,True,Qwen/Qwen2.5-Coder-32B-Instruct-AWQ,None
4004,Stacked Bar,Hard,17.7885,17.7885,1,0.0,0.0,0.0,0.0,1.0,0.0,0.0,0.0,0.0,1.0,0.0,,0.0,True,Qwen/Qwen2.5-Coder-32B-Instruct-AWQ,None
4005,Grouping Line,Easy,3.6913,3.6913,1,0.0,0.0,0.0,1.0,1.0,0.0,0.0,0.0,0.0,1.0,0.0,,0.0,False,Qwen/Qwen2.5-Coder-32B-Instruct-AWQ,None
4005,Grouping Line,Easy,3.6913,3.6913,1,0.0,0.0,0.0,1.0,1.0,0.0,0.0,0.0,0.0,1.0,0.0,,0.0,False,Qwen/Qwen2.5-Coder-32B-Instruct-AWQ,None
4005,Grouping Line,Easy,3.6913,3.6913,1,0.0,0.0,0.0,1.0,1.0,0.0,0.0,0.0,0.0,1.0,0.0,,0.0,False,Qwen/Qwen2.5-Coder-32B-Instruct-AWQ,None
4006,Grouping Line,Medium,44.9902,44.9902,1,1.0,0.0,0.0,0.0,0.0,0.0,0.0,0.0,1.0,0.0,0.0,,0.0,False,Qwen/Qwen2.5-Coder-32B-Instruct-AWQ,None
4006,Grouping Line,Medium,44.9902,44.9902,1,1.0,0.0,0.0,0.0,0.0,0.0,0.0,0.0,1.0,0.0,0.0,,0.0,False,Qwen/Qwen2.5-Coder-32B-Instruct-AWQ,None
4006,Grouping Line,Medium,44.9902,44.9902,1,1.0,0.0,0.0,0.0,0.0,0.0,0.0,0.0,1.0,0.0,0.0,,0.0,False,Qwen/Qwen2.5-Coder-32B-Instruct-AWQ,None
4007,Stacked Bar,Hard,53.3488,53.3488,1,1.0,0.0,0.0,0.0,0.0,0.0,0.0,0.0,1.0,0.0,0.0,,0.0,True,Qwen/Qwen2.5-Coder-32B-Instruct-AWQ,None
4007,Stacked Bar,Hard,53.3488,53.3488,1,1.0,0.0,0.0,0.0,0.0,0.0,0.0,0.0,1.0,0.0,0.0,,0.0,True,Qwen/Qwen2.5-Coder-32B-Instruct-AWQ,None
4007,Stacked Bar,Hard,53.3488,53.3488,1,1.0,0.0,0.0,0.0,0.0,0.0,0.0,0.0,1.0,0.0,0.0,,0.0,True,Qwen/Qwen2.5-Coder-32B-Instruct-AWQ,None
4008,Grouping Line,Medium,23.3189,23.3189,1,0.0,0.0,0.0,0.0,0.0,0.0,0.0,0.0,0.0,0.0,1.0,0.0,0.0,False,Qwen/Qwen2.5-Coder-32B-Instruct-AWQ,None
4008,Grouping Line,Medium,23.3189,23.3189,1,0.0,0.0,0.0,0.0,0.0,0.0,0.0,0.0,0.0,0.0,1.0,0.0,0.0,False,Qwen/Qwen2.5-Coder-32B-Instruct-AWQ,None
4008,Grouping Line,Medium,23.3189,23.3189,1,0.0,0.0,0.0,0.0,0.0,0.0,0.0,0.0,0.0,0.0,1.0,0.0,0.0,False,Qwen/Qwen2.5-Coder-32B-Instruct-AWQ,None
4009,Scatter,Medium,8.7476,8.7476,1,0.0,0.0,0.0,0.0,0.0,0.0,0.0,0.0,0.0,0.0,1.0,0.0,0.0,False,Qwen/Qwen2.5-Coder-32B-Instruct-AWQ,None
4009,Scatter,Medium,8.7476,8.7476,1,0.0,0.0,0.0,0.0,0.0,0.0,0.0,0.0,0.0,0.0,1.0,0.0,0.0,False,Qwen/Qwen2.5-Coder-32B-Instruct-AWQ,None
4009,Scatter,Medium,8.7476,8.7476,1,0.0,0.0,0.0,0.0,0.0,0.0,0.0,0.0,0.0,0.0,1.0,0.0,0.0,False,Qwen/Qwen2.5-Coder-32B-Instruct-AWQ,None
4010,Stacked Bar,Hard,15.3576,15.3576,1,0.0,0.0,0.0,0.0,0.0,0.0,0.0,0.0,0.0,0.0,1.0,0.0,0.0,True,Qwen/Qwen2.5-Coder-32B-Instruct-AWQ,None
4010,Stacked Bar,Hard,15.3576,15.3576,1,0.0,0.0,0.0,0.0,0.0,0.0,0.0,0.0,0.0,0.0,1.0,0.0,0.0,True,Qwen/Qwen2.5-Coder-32B-Instruct-AWQ,None
4010,Stacked Bar,Hard,15.3576,15.3576,1,0.0,0.0,0.0,0.0,0.0,0.0,0.0,0.0,0.0,0.0,1.0,0.0,0.0,True,Qwen/Qwen2.5-Coder-32B-Instruct-AWQ,None
4011,Stacked Bar,Extra Hard,15.1039,15.1039,1,0.0,0.0,0.0,0.0,1.0,0.0,0.0,0.0,0.0,1.0,0.0,,0.0,True,Qwen/Qwen2.5-Coder-32B-Instruct-AWQ,None
4011,Stacked Bar,Extra Hard,15.1039,15.1039,1,0.0,0.0,0.0,0.0,1.0,0.0,0.0,0.0,0.0,1.0,0.0,,0.0,True,Qwen/Qwen2.5-Coder-32B-Instruct-AWQ,None
4011,Stacked Bar,Extra Hard,15.1039,15.1039,1,0.0,0.0,0.0,0.0,1.0,0.0,0.0,0.0,0.0,1.0,0.0,,0.0,True,Qwen/Qwen2.5-Coder-32B-Instruct-AWQ,None
4012,Grouping Scatter,Extra Hard,42.2661,42.2661,1,1.0,0.0,0.0,0.0,0.0,0.0,0.0,0.0,1.0,0.0,0.0,,0.0,True,Qwen/Qwen2.5-Coder-32B-Instruct-AWQ,None
4012,Grouping Scatter,Extra Hard,42.2661,42.2661,1,1.0,0.0,0.0,0.0,0.0,0.0,0.0,0.0,1.0,0.0,0.0,,0.0,True,Qwen/Qwen2.5-Coder-32B-Instruct-AWQ,None
4012,Grouping Scatter,Extra Hard,42.2661,42.2661,1,1.0,0.0,0.0,0.0,0.0,0.0,0.0,0.0,1.0,0.0,0.0,,0.0,True,Qwen/Qwen2.5-Coder-32B-Instruct-AWQ,None
4013,Stacked Bar,Extra Hard,25.7356,25.7356,1,0.0,0.0,0.0,0.0,1.0,0.0,0.0,0.0,0.0,1.0,0.0,,0.0,True,Qwen/Qwen2.5-Coder-32B-Instruct-AWQ,None
4013,Stacked Bar,Extra Hard,25.7356,25.7356,1,0.0,0.0,0.0,0.0,1.0,0.0,0.0,0.0,0.0,1.0,0.0,,0.0,True,Qwen/Qwen2.5-Coder-32B-Instruct-AWQ,None
4013,Stacked Bar,Extra Hard,25.7356,25.7356,1,0.0,0.0,0.0,0.0,1.0,0.0,0.0,0.0,0.0,1.0,0.0,,0.0,True,Qwen/Qwen2.5-Coder-32B-Instruct-AWQ,None
4014,Grouping Line,Extra Hard,71.5297,71.5297,1,1.0,0.0,0.0,0.0,0.0,0.0,0.0,0.0,1.0,0.0,0.0,,0.0,True,Qwen/Qwen2.5-Coder-32B-Instruct-AWQ,None
4014,Grouping Line,Extra Hard,71.5297,71.5297,1,1.0,0.0,0.0,0.0,0.0,0.0,0.0,0.0,1.0,0.0,0.0,,0.0,True,Qwen/Qwen2.5-Coder-32B-Instruct-AWQ,None
4014,Grouping Line,Extra Hard,71.5297,71.5297,1,1.0,0.0,0.0,0.0,0.0,0.0,0.0,0.0,1.0,0.0,0.0,,0.0,True,Qwen/Qwen2.5-Coder-32B-Instruct-AWQ,None
4015,Scatter,Extra Hard,8.8178,8.8178,1,0.0,0.0,0.0,0.0,0.0,0.0,0.0,0.0,0.0,0.0,1.0,0.0,0.0,False,Qwen/Qwen2.5-Coder-32B-Instruct-AWQ,None
4015,Scatter,Extra Hard,8.8178,8.8178,1,0.0,0.0,0.0,0.0,0.0,0.0,0.0,0.0,0.0,0.0,1.0,0.0,0.0,False,Qwen/Qwen2.5-Coder-32B-Instruct-AWQ,None
4015,Scatter,Extra Hard,8.8178,8.8178,1,0.0,0.0,0.0,0.0,0.0,0.0,0.0,0.0,0.0,0.0,1.0,0.0,0.0,False,Qwen/Qwen2.5-Coder-32B-Instruct-AWQ,None
4016,Grouping Line,Medium,7.6712,7.6712,1,0.0,0.0,0.0,0.0,1.0,0.0,0.0,0.0,0.0,1.0,0.0,,0.0,False,Qwen/Qwen2.5-Coder-32B-Instruct-AWQ,None
4016,Grouping Line,Medium,7.6712,7.6712,1,0.0,0.0,0.0,0.0,1.0,0.0,0.0,0.0,0.0,1.0,0.0,,0.0,False,Qwen/Qwen2.5-Coder-32B-Instruct-AWQ,None
4016,Grouping Line,Medium,7.6712,7.6712,1,0.0,0.0,0.0,0.0,1.0,0.0,0.0,0.0,0.0,1.0,0.0,,0.0,False,Qwen/Qwen2.5-Coder-32B-Instruct-AWQ,None
4017,Stacked Bar,Medium,11.0824,11.0824,1,0.0,0.0,0.0,0.0,0.0,0.0,0.0,0.0,0.0,0.0,1.0,0.0,0.0,False,Qwen/Qwen2.5-Coder-32B-Instruct-AWQ,None
4017,Stacked Bar,Medium,11.0824,11.0824,1,0.0,0.0,0.0,0.0,0.0,0.0,0.0,0.0,0.0,0.0,1.0,0.0,0.0,False,Qwen/Qwen2.5-Coder-32B-Instruct-AWQ,None
4017,Stacked Bar,Medium,11.0824,11.0824,1,0.0,0.0,0.0,0.0,0.0,0.0,0.0,0.0,0.0,0.0,1.0,0.0,0.0,False,Qwen/Qwen2.5-Coder-32B-Instruct-AWQ,None
4018,Stacked Bar,Medium,11.3714,11.3714,1,0.0,0.0,0.0,0.0,0.0,0.0,0.0,0.0,0.0,0.0,1.0,0.0,0.0,True,Qwen/Qwen2.5-Coder-32B-Instruct-AWQ,None
4018,Stacked Bar,Medium,11.3714,11.3714,1,0.0,0.0,0.0,0.0,0.0,0.0,0.0,0.0,0.0,0.0,1.0,0.0,0.0,True,Qwen/Qwen2.5-Coder-32B-Instruct-AWQ,None
4018,Stacked Bar,Medium,11.3714,11.3714,1,0.0,0.0,0.0,0.0,0.0,0.0,0.0,0.0,0.0,0.0,1.0,0.0,0.0,True,Qwen/Qwen2.5-Coder-32B-Instruct-AWQ,None
4019,Stacked Bar,Medium,15.9397,15.9397,1,0.0,0.0,0.0,0.0,0.0,0.0,0.0,0.0,0.0,0.0,1.0,0.0,0.0,True,Qwen/Qwen2.5-Coder-32B-Instruct-AWQ,None
4019,Stacked Bar,Medium,15.9397,15.9397,1,0.0,0.0,0.0,0.0,0.0,0.0,0.0,0.0,0.0,0.0,1.0,0.0,0.0,True,Qwen/Qwen2.5-Coder-32B-Instruct-AWQ,None
4019,Stacked Bar,Medium,15.9397,15.9397,1,0.0,0.0,0.0,0.0,0.0,0.0,0.0,0.0,0.0,0.0,1.0,0.0,0.0,True,Qwen/Qwen2.5-Coder-32B-Instruct-AWQ,None
4020,Stacked Bar,Medium,31.5213,31.5213,1,1.0,0.0,0.0,0.0,0.0,0.0,0.0,0.0,1.0,0.0,0.0,,0.0,True,Qwen/Qwen2.5-Coder-32B-Instruct-AWQ,None
4020,Stacked Bar,Medium,31.5213,31.5213,1,1.0,0.0,0.0,0.0,0.0,0.0,0.0,0.0,1.0,0.0,0.0,,0.0,True,Qwen/Qwen2.5-Coder-32B-Instruct-AWQ,None
4020,Stacked Bar,Medium,31.5213,31.5213,1,1.0,0.0,0.0,0.0,0.0,0.0,0.0,0.0,1.0,0.0,0.0,,0.0,True,Qwen/Qwen2.5-Coder-32B-Instruct-AWQ,None
4021,Scatter,Medium,10.3713,10.3713,1,0.0,0.0,0.0,0.0,0.0,0.0,0.0,0.0,0.0,0.0,1.0,0.0,0.0,False,Qwen/Qwen2.5-Coder-32B-Instruct-AWQ,None
4021,Scatter,Medium,10.3713,10.3713,1,0.0,0.0,0.0,0.0,0.0,0.0,0.0,0.0,0.0,0.0,1.0,0.0,0.0,False,Qwen/Qwen2.5-Coder-32B-Instruct-AWQ,None
4021,Scatter,Medium,10.3713,10.3713,1,0.0,0.0,0.0,0.0,0.0,0.0,0.0,0.0,0.0,0.0,1.0,0.0,0.0,False,Qwen/Qwen2.5-Coder-32B-Instruct-AWQ,None
4022,Stacked Bar,Medium,12.8376,12.8376,1,0.0,0.0,0.0,0.0,0.0,0.0,0.0,0.0,0.0,0.0,1.0,0.0,0.0,True,Qwen/Qwen2.5-Coder-32B-Instruct-AWQ,None
4022,Stacked Bar,Medium,12.8376,12.8376,1,0.0,0.0,0.0,0.0,0.0,0.0,0.0,0.0,0.0,0.0,1.0,0.0,0.0,True,Qwen/Qwen2.5-Coder-32B-Instruct-AWQ,None
4022,Stacked Bar,Medium,12.8376,12.8376,1,0.0,0.0,0.0,0.0,0.0,0.0,0.0,0.0,0.0,0.0,1.0,0.0,0.0,True,Qwen/Qwen2.5-Coder-32B-Instruct-AWQ,None
4023,Grouping Scatter,Easy,42.233,42.233,1,1.0,0.0,0.0,0.0,0.0,0.0,0.0,0.0,1.0,0.0,0.0,,0.0,False,Qwen/Qwen2.5-Coder-32B-Instruct-AWQ,None
4023,Grouping Scatter,Easy,42.233,42.233,1,1.0,0.0,0.0,0.0,0.0,0.0,0.0,0.0,1.0,0.0,0.0,,0.0,False,Qwen/Qwen2.5-Coder-32B-Instruct-AWQ,None
4023,Grouping Scatter,Easy,42.233,42.233,1,1.0,0.0,0.0,0.0,0.0,0.0,0.0,0.0,1.0,0.0,0.0,,0.0,False,Qwen/Qwen2.5-Coder-32B-Instruct-AWQ,None
4024,Grouping Scatter,Easy,32.6977,32.6977,1,1.0,0.0,0.0,0.0,0.0,0.0,0.0,0.0,1.0,0.0,0.0,,0.0,False,Qwen/Qwen2.5-Coder-32B-Instruct-AWQ,None
4024,Grouping Scatter,Easy,32.6977,32.6977,1,1.0,0.0,0.0,0.0,0.0,0.0,0.0,0.0,1.0,0.0,0.0,,0.0,False,Qwen/Qwen2.5-Coder-32B-Instruct-AWQ,None
4024,Grouping Scatter,Easy,32.6977,32.6977,1,1.0,0.0,0.0,0.0,0.0,0.0,0.0,0.0,1.0,0.0,0.0,,0.0,False,Qwen/Qwen2.5-Coder-32B-Instruct-AWQ,None
4025,Stacked Bar,Medium,11.7325,11.7325,1,0.0,0.0,0.0,0.0,0.0,0.0,0.0,0.0,0.0,0.0,1.0,0.0,0.0,False,Qwen/Qwen2.5-Coder-32B-Instruct-AWQ,None
4025,Stacked Bar,Medium,11.7325,11.7325,1,0.0,0.0,0.0,0.0,0.0,0.0,0.0,0.0,0.0,0.0,1.0,0.0,0.0,False,Qwen/Qwen2.5-Coder-32B-Instruct-AWQ,None
4025,Stacked Bar,Medium,11.7325,11.7325,1,0.0,0.0,0.0,0.0,0.0,0.0,0.0,0.0,0.0,0.0,1.0,0.0,0.0,False,Qwen/Qwen2.5-Coder-32B-Instruct-AWQ,None
4026,Grouping Line,Easy,7.429,7.429,1,0.0,0.0,0.0,0.0,1.0,0.0,0.0,0.0,0.0,1.0,0.0,,0.0,False,Qwen/Qwen2.5-Coder-32B-Instruct-AWQ,None
4026,Grouping Line,Easy,7.429,7.429,1,0.0,0.0,0.0,0.0,1.0,0.0,0.0,0.0,0.0,1.0,0.0,,0.0,False,Qwen/Qwen2.5-Coder-32B-Instruct-AWQ,None
4026,Grouping Line,Easy,7.429,7.429,1,0.0,0.0,0.0,0.0,1.0,0.0,0.0,0.0,0.0,1.0,0.0,,0.0,False,Qwen/Qwen2.5-Coder-32B-Instruct-AWQ,None
4027,Grouping Line,Easy,33.4398,33.4398,1,1.0,0.0,0.0,0.0,0.0,0.0,0.0,0.0,1.0,0.0,0.0,,0.0,False,Qwen/Qwen2.5-Coder-32B-Instruct-AWQ,None
4027,Grouping Line,Easy,33.4398,33.4398,1,1.0,0.0,0.0,0.0,0.0,0.0,0.0,0.0,1.0,0.0,0.0,,0.0,False,Qwen/Qwen2.5-Coder-32B-Instruct-AWQ,None
4027,Grouping Line,Easy,33.4398,33.4398,1,1.0,0.0,0.0,0.0,0.0,0.0,0.0,0.0,1.0,0.0,0.0,,0.0,False,Qwen/Qwen2.5-Coder-32B-Instruct-AWQ,None
4028,Stacked Bar,Easy,7.5173,7.5173,1,0.0,0.0,0.0,0.0,0.0,0.0,0.0,0.0,0.0,0.0,1.0,0.0,0.0,False,Qwen/Qwen2.5-Coder-32B-Instruct-AWQ,None
4028,Stacked Bar,Easy,7.5173,7.5173,1,0.0,0.0,0.0,0.0,0.0,0.0,0.0,0.0,0.0,0.0,1.0,0.0,0.0,False,Qwen/Qwen2.5-Coder-32B-Instruct-AWQ,None
4028,Stacked Bar,Easy,7.5173,7.5173,1,0.0,0.0,0.0,0.0,0.0,0.0,0.0,0.0,0.0,0.0,1.0,0.0,0.0,False,Qwen/Qwen2.5-Coder-32B-Instruct-AWQ,None
4029,Grouping Line,Hard,54.275,54.275,1,1.0,0.0,0.0,0.0,0.0,0.0,0.0,0.0,1.0,0.0,0.0,,0.0,True,Qwen/Qwen2.5-Coder-32B-Instruct-AWQ,None
4029,Grouping Line,Hard,54.275,54.275,1,1.0,0.0,0.0,0.0,0.0,0.0,0.0,0.0,1.0,0.0,0.0,,0.0,True,Qwen/Qwen2.5-Coder-32B-Instruct-AWQ,None
4029,Grouping Line,Hard,54.275,54.275,1,1.0,0.0,0.0,0.0,0.0,0.0,0.0,0.0,1.0,0.0,0.0,,0.0,True,Qwen/Qwen2.5-Coder-32B-Instruct-AWQ,None
4030,Stacked Bar,Medium,10.4421,10.4421,1,0.0,0.0,0.0,0.0,0.0,0.0,0.0,0.0,0.0,0.0,1.0,0.0,0.0,False,Qwen/Qwen2.5-Coder-32B-Instruct-AWQ,None
4030,Stacked Bar,Medium,10.4421,10.4421,1,0.0,0.0,0.0,0.0,0.0,0.0,0.0,0.0,0.0,0.0,1.0,0.0,0.0,False,Qwen/Qwen2.5-Coder-32B-Instruct-AWQ,None
4030,Stacked Bar,Medium,10.4421,10.4421,1,0.0,0.0,0.0,0.0,0.0,0.0,0.0,0.0,0.0,0.0,1.0,0.0,0.0,False,Qwen/Qwen2.5-Coder-32B-Instruct-AWQ,None
4031,Stacked Bar,Medium,9.6938,9.6938,1,0.0,0.0,0.0,0.0,0.0,0.0,0.0,0.0,0.0,0.0,1.0,0.0,0.0,False,Qwen/Qwen2.5-Coder-32B-Instruct-AWQ,None
4031,Stacked Bar,Medium,9.6938,9.6938,1,0.0,0.0,0.0,0.0,0.0,0.0,0.0,0.0,0.0,0.0,1.0,0.0,0.0,False,Qwen/Qwen2.5-Coder-32B-Instruct-AWQ,None
4031,Stacked Bar,Medium,9.6938,9.6938,1,0.0,0.0,0.0,0.0,0.0,0.0,0.0,0.0,0.0,0.0,1.0,0.0,0.0,False,Qwen/Qwen2.5-Coder-32B-Instruct-AWQ,None
4032,Grouping Scatter,Medium,29.2506,29.2506,1,1.0,0.0,0.0,0.0,0.0,0.0,0.0,0.0,1.0,0.0,0.0,,0.0,False,Qwen/Qwen2.5-Coder-32B-Instruct-AWQ,None
4032,Grouping Scatter,Medium,29.2506,29.2506,1,1.0,0.0,0.0,0.0,0.0,0.0,0.0,0.0,1.0,0.0,0.0,,0.0,False,Qwen/Qwen2.5-Coder-32B-Instruct-AWQ,None
4032,Grouping Scatter,Medium,29.2506,29.2506,1,1.0,0.0,0.0,0.0,0.0,0.0,0.0,0.0,1.0,0.0,0.0,,0.0,False,Qwen/Qwen2.5-Coder-32B-Instruct-AWQ,None
4033,Grouping Line,Hard,10.9058,10.9058,1,0.0,0.0,0.0,0.0,0.0,0.0,0.0,0.0,0.0,0.0,1.0,0.0,0.0,False,Qwen/Qwen2.5-Coder-32B-Instruct-AWQ,None
4033,Grouping Line,Hard,10.9058,10.9058,1,0.0,0.0,0.0,0.0,0.0,0.0,0.0,0.0,0.0,0.0,1.0,0.0,0.0,False,Qwen/Qwen2.5-Coder-32B-Instruct-AWQ,None
4033,Grouping Line,Hard,10.9058,10.9058,1,0.0,0.0,0.0,0.0,0.0,0.0,0.0,0.0,0.0,0.0,1.0,0.0,0.0,False,Qwen/Qwen2.5-Coder-32B-Instruct-AWQ,None
4034,Grouping Line,Medium,11.9879,11.9879,1,0.0,0.0,0.0,1.0,1.0,0.0,0.0,0.0,0.0,1.0,0.0,,0.0,False,Qwen/Qwen2.5-Coder-32B-Instruct-AWQ,None
4034,Grouping Line,Medium,11.9879,11.9879,1,0.0,0.0,0.0,1.0,1.0,0.0,0.0,0.0,0.0,1.0,0.0,,0.0,False,Qwen/Qwen2.5-Coder-32B-Instruct-AWQ,None
4034,Grouping Line,Medium,11.9879,11.9879,1,0.0,0.0,0.0,1.0,1.0,0.0,0.0,0.0,0.0,1.0,0.0,,0.0,False,Qwen/Qwen2.5-Coder-32B-Instruct-AWQ,None
4035,Grouping Line,Medium,43.5703,43.5703,1,1.0,0.0,0.0,0.0,0.0,0.0,0.0,0.0,1.0,0.0,0.0,,0.0,True,Qwen/Qwen2.5-Coder-32B-Instruct-AWQ,None
4035,Grouping Line,Medium,43.5703,43.5703,1,1.0,0.0,0.0,0.0,0.0,0.0,0.0,0.0,1.0,0.0,0.0,,0.0,True,Qwen/Qwen2.5-Coder-32B-Instruct-AWQ,None
4035,Grouping Line,Medium,43.5703,43.5703,1,1.0,0.0,0.0,0.0,0.0,0.0,0.0,0.0,1.0,0.0,0.0,,0.0,True,Qwen/Qwen2.5-Coder-32B-Instruct-AWQ,None
