id,chart,hardness,avg_inference_time,total_inference_time,inference_count,code execution_fail_rate,surface-form check_fail_rate,deconstruction_fail_rate,chart type check_fail_rate,data check_fail_rate,order check_fail_rate,layout check_fail_rate,scale and ticks check_fail_rate,invalid_rate,illegal rate,pass_rate,readability_score,quality_score,is_multi_table,text_model,vision_model
4,Pie,Medium,9.9318,39.7274,4,0.5,0.0,0.0,0.0,0.0,0.0,0.0,0.0,0.5,0.0,0.5,0.0,0.0,True,Qwen/Qwen2.5-Coder-14B-Instruct-AWQ,None
4,Pie,Medium,9.9318,39.7274,4,0.5,0.0,0.0,0.0,0.0,0.0,0.0,0.0,0.5,0.0,0.5,0.0,0.0,True,Qwen/Qwen2.5-Coder-14B-Instruct-AWQ,None
4,Pie,Medium,9.9318,39.7274,4,0.5,0.0,0.0,0.0,0.0,0.0,0.0,0.0,0.5,0.0,0.5,0.0,0.0,True,Qwen/Qwen2.5-Coder-14B-Instruct-AWQ,None
5,Bar,Medium,7.4198,37.099,5,0.2,0.0,0.0,0.0,0.0,0.0,0.0,0.0,0.2,0.0,0.8,0.0,0.0,True,Qwen/Qwen2.5-Coder-14B-Instruct-AWQ,None
5,Bar,Medium,7.4198,37.099,5,0.2,0.0,0.0,0.0,0.0,0.0,0.0,0.0,0.2,0.0,0.8,0.0,0.0,True,Qwen/Qwen2.5-Coder-14B-Instruct-AWQ,None
5,Bar,Medium,7.4198,37.099,5,0.2,0.0,0.0,0.0,0.0,0.0,0.0,0.0,0.2,0.0,0.8,0.0,0.0,True,Qwen/Qwen2.5-Coder-14B-Instruct-AWQ,None
8,Pie,Easy,2.8805,8.6415,3,0.0,0.0,0.0,0.0,0.0,0.0,0.0,0.0,0.0,0.0,1.0,0.0,0.0,False,Qwen/Qwen2.5-Coder-14B-Instruct-AWQ,None
8,Pie,Easy,2.8805,8.6415,3,0.0,0.0,0.0,0.0,0.0,0.0,0.0,0.0,0.0,0.0,1.0,0.0,0.0,False,Qwen/Qwen2.5-Coder-14B-Instruct-AWQ,None
8,Pie,Easy,2.8805,8.6415,3,0.0,0.0,0.0,0.0,0.0,0.0,0.0,0.0,0.0,0.0,1.0,0.0,0.0,False,Qwen/Qwen2.5-Coder-14B-Instruct-AWQ,None
9,Bar,Easy,2.9115,5.8229,2,0.0,0.0,0.0,0.0,0.0,0.0,0.0,0.0,0.0,0.0,1.0,0.0,0.0,False,Qwen/Qwen2.5-Coder-14B-Instruct-AWQ,None
9,Bar,Easy,2.9115,5.8229,2,0.0,0.0,0.0,0.0,0.0,0.0,0.0,0.0,0.0,0.0,1.0,0.0,0.0,False,Qwen/Qwen2.5-Coder-14B-Instruct-AWQ,None
9,Bar,Easy,2.9115,5.8229,2,0.0,0.0,0.0,0.0,0.0,0.0,0.0,0.0,0.0,0.0,1.0,0.0,0.0,False,Qwen/Qwen2.5-Coder-14B-Instruct-AWQ,None
14,Pie,Easy,2.7827,5.5655,2,0.0,0.0,0.0,0.0,0.0,0.0,0.0,0.0,0.0,0.0,1.0,0.0,0.0,False,Qwen/Qwen2.5-Coder-14B-Instruct-AWQ,None
14,Pie,Easy,2.7827,5.5655,2,0.0,0.0,0.0,0.0,0.0,0.0,0.0,0.0,0.0,0.0,1.0,0.0,0.0,False,Qwen/Qwen2.5-Coder-14B-Instruct-AWQ,None
14,Pie,Easy,2.7827,5.5655,2,0.0,0.0,0.0,0.0,0.0,0.0,0.0,0.0,0.0,0.0,1.0,0.0,0.0,False,Qwen/Qwen2.5-Coder-14B-Instruct-AWQ,None
21,Pie,Medium,4.9414,9.8828,2,0.0,0.0,0.0,0.0,0.0,0.0,0.0,0.0,0.0,0.0,1.0,0.0,0.0,False,Qwen/Qwen2.5-Coder-14B-Instruct-AWQ,None
21,Pie,Medium,4.9414,9.8828,2,0.0,0.0,0.0,0.0,0.0,0.0,0.0,0.0,0.0,0.0,1.0,0.0,0.0,False,Qwen/Qwen2.5-Coder-14B-Instruct-AWQ,None
21,Pie,Medium,4.9414,9.8828,2,0.0,0.0,0.0,0.0,0.0,0.0,0.0,0.0,0.0,0.0,1.0,0.0,0.0,False,Qwen/Qwen2.5-Coder-14B-Instruct-AWQ,None
32,Bar,Medium,5.3589,16.0767,3,0.0,0.0,0.0,0.0,0.0,0.0,0.0,0.0,0.0,0.0,1.0,0.0,0.0,True,Qwen/Qwen2.5-Coder-14B-Instruct-AWQ,None
32,Bar,Medium,5.3589,16.0767,3,0.0,0.0,0.0,0.0,0.0,0.0,0.0,0.0,0.0,0.0,1.0,0.0,0.0,True,Qwen/Qwen2.5-Coder-14B-Instruct-AWQ,None
32,Bar,Medium,5.3589,16.0767,3,0.0,0.0,0.0,0.0,0.0,0.0,0.0,0.0,0.0,0.0,1.0,0.0,0.0,True,Qwen/Qwen2.5-Coder-14B-Instruct-AWQ,None
33,Pie,Easy,3.3771,13.5083,4,0.0,0.0,0.0,0.0,0.5,0.0,0.0,0.0,0.0,0.5,0.5,0.0,0.0,False,Qwen/Qwen2.5-Coder-14B-Instruct-AWQ,None
33,Pie,Easy,3.3771,13.5083,4,0.0,0.0,0.0,0.0,0.5,0.0,0.0,0.0,0.0,0.5,0.5,0.0,0.0,False,Qwen/Qwen2.5-Coder-14B-Instruct-AWQ,None
33,Pie,Easy,3.3771,13.5083,4,0.0,0.0,0.0,0.0,0.5,0.0,0.0,0.0,0.0,0.5,0.5,0.0,0.0,False,Qwen/Qwen2.5-Coder-14B-Instruct-AWQ,None
34,Bar,Easy,3.1592,15.796,5,0.0,0.0,0.0,0.0,0.0,0.0,0.0,0.0,0.0,0.0,1.0,0.0,0.0,False,Qwen/Qwen2.5-Coder-14B-Instruct-AWQ,None
34,Bar,Easy,3.1592,15.796,5,0.0,0.0,0.0,0.0,0.0,0.0,0.0,0.0,0.0,0.0,1.0,0.0,0.0,False,Qwen/Qwen2.5-Coder-14B-Instruct-AWQ,None
34,Bar,Easy,3.1592,15.796,5,0.0,0.0,0.0,0.0,0.0,0.0,0.0,0.0,0.0,0.0,1.0,0.0,0.0,False,Qwen/Qwen2.5-Coder-14B-Instruct-AWQ,None
35,Pie,Medium,5.855,5.855,1,0.0,0.0,0.0,0.0,0.0,0.0,0.0,0.0,0.0,0.0,1.0,0.0,0.0,True,Qwen/Qwen2.5-Coder-14B-Instruct-AWQ,None
35,Pie,Medium,5.855,5.855,1,0.0,0.0,0.0,0.0,0.0,0.0,0.0,0.0,0.0,0.0,1.0,0.0,0.0,True,Qwen/Qwen2.5-Coder-14B-Instruct-AWQ,None
35,Pie,Medium,5.855,5.855,1,0.0,0.0,0.0,0.0,0.0,0.0,0.0,0.0,0.0,0.0,1.0,0.0,0.0,True,Qwen/Qwen2.5-Coder-14B-Instruct-AWQ,None
36,Bar,Medium,2.7171,5.4342,2,0.0,0.0,0.0,0.0,1.0,0.0,0.0,0.0,0.0,1.0,0.0,,0.0,True,Qwen/Qwen2.5-Coder-14B-Instruct-AWQ,None
36,Bar,Medium,2.7171,5.4342,2,0.0,0.0,0.0,0.0,1.0,0.0,0.0,0.0,0.0,1.0,0.0,,0.0,True,Qwen/Qwen2.5-Coder-14B-Instruct-AWQ,None
36,Bar,Medium,2.7171,5.4342,2,0.0,0.0,0.0,0.0,1.0,0.0,0.0,0.0,0.0,1.0,0.0,,0.0,True,Qwen/Qwen2.5-Coder-14B-Instruct-AWQ,None
37,Pie,Medium,6.2542,12.5085,2,0.0,0.0,0.0,0.0,1.0,0.0,0.0,0.0,0.0,1.0,0.0,,0.0,True,Qwen/Qwen2.5-Coder-14B-Instruct-AWQ,None
37,Pie,Medium,6.2542,12.5085,2,0.0,0.0,0.0,0.0,1.0,0.0,0.0,0.0,0.0,1.0,0.0,,0.0,True,Qwen/Qwen2.5-Coder-14B-Instruct-AWQ,None
37,Pie,Medium,6.2542,12.5085,2,0.0,0.0,0.0,0.0,1.0,0.0,0.0,0.0,0.0,1.0,0.0,,0.0,True,Qwen/Qwen2.5-Coder-14B-Instruct-AWQ,None
46,Pie,Easy,2.3763,4.7526,2,0.0,0.0,0.0,0.0,0.5,0.0,0.0,0.0,0.0,0.5,0.5,0.0,0.0,False,Qwen/Qwen2.5-Coder-14B-Instruct-AWQ,None
46,Pie,Easy,2.3763,4.7526,2,0.0,0.0,0.0,0.0,0.5,0.0,0.0,0.0,0.0,0.5,0.5,0.0,0.0,False,Qwen/Qwen2.5-Coder-14B-Instruct-AWQ,None
46,Pie,Easy,2.3763,4.7526,2,0.0,0.0,0.0,0.0,0.5,0.0,0.0,0.0,0.0,0.5,0.5,0.0,0.0,False,Qwen/Qwen2.5-Coder-14B-Instruct-AWQ,None
54,Pie,Hard,20.8813,41.7627,2,1.0,0.0,0.0,0.0,0.0,0.0,0.0,0.0,1.0,0.0,0.0,,0.0,True,Qwen/Qwen2.5-Coder-14B-Instruct-AWQ,None
54,Pie,Hard,20.8813,41.7627,2,1.0,0.0,0.0,0.0,0.0,0.0,0.0,0.0,1.0,0.0,0.0,,0.0,True,Qwen/Qwen2.5-Coder-14B-Instruct-AWQ,None
54,Pie,Hard,20.8813,41.7627,2,1.0,0.0,0.0,0.0,0.0,0.0,0.0,0.0,1.0,0.0,0.0,,0.0,True,Qwen/Qwen2.5-Coder-14B-Instruct-AWQ,None
55,Bar,Hard,21.3346,42.6693,2,1.0,0.0,0.0,0.0,0.0,0.0,0.0,0.0,1.0,0.0,0.0,,0.0,True,Qwen/Qwen2.5-Coder-14B-Instruct-AWQ,None
55,Bar,Hard,21.3346,42.6693,2,1.0,0.0,0.0,0.0,0.0,0.0,0.0,0.0,1.0,0.0,0.0,,0.0,True,Qwen/Qwen2.5-Coder-14B-Instruct-AWQ,None
55,Bar,Hard,21.3346,42.6693,2,1.0,0.0,0.0,0.0,0.0,0.0,0.0,0.0,1.0,0.0,0.0,,0.0,True,Qwen/Qwen2.5-Coder-14B-Instruct-AWQ,None
62,Scatter,Easy,4.0873,8.1747,2,0.0,0.0,0.0,0.0,0.0,0.0,0.0,0.0,0.0,0.0,1.0,0.0,0.0,False,Qwen/Qwen2.5-Coder-14B-Instruct-AWQ,None
62,Scatter,Easy,4.0873,8.1747,2,0.0,0.0,0.0,0.0,0.0,0.0,0.0,0.0,0.0,0.0,1.0,0.0,0.0,False,Qwen/Qwen2.5-Coder-14B-Instruct-AWQ,None
62,Scatter,Easy,4.0873,8.1747,2,0.0,0.0,0.0,0.0,0.0,0.0,0.0,0.0,0.0,0.0,1.0,0.0,0.0,False,Qwen/Qwen2.5-Coder-14B-Instruct-AWQ,None
63,Pie,Medium,3.4585,13.8339,4,0.0,0.0,0.0,0.0,0.0,0.0,0.0,0.0,0.0,0.0,1.0,0.0,0.0,False,Qwen/Qwen2.5-Coder-14B-Instruct-AWQ,None
63,Pie,Medium,3.4585,13.8339,4,0.0,0.0,0.0,0.0,0.0,0.0,0.0,0.0,0.0,0.0,1.0,0.0,0.0,False,Qwen/Qwen2.5-Coder-14B-Instruct-AWQ,None
63,Pie,Medium,3.4585,13.8339,4,0.0,0.0,0.0,0.0,0.0,0.0,0.0,0.0,0.0,0.0,1.0,0.0,0.0,False,Qwen/Qwen2.5-Coder-14B-Instruct-AWQ,None
64,Bar,Medium,3.6848,11.0544,3,0.0,0.0,0.0,0.0,0.0,0.0,0.0,0.0,0.0,0.0,1.0,0.0,0.0,False,Qwen/Qwen2.5-Coder-14B-Instruct-AWQ,None
64,Bar,Medium,3.6848,11.0544,3,0.0,0.0,0.0,0.0,0.0,0.0,0.0,0.0,0.0,0.0,1.0,0.0,0.0,False,Qwen/Qwen2.5-Coder-14B-Instruct-AWQ,None
64,Bar,Medium,3.6848,11.0544,3,0.0,0.0,0.0,0.0,0.0,0.0,0.0,0.0,0.0,0.0,1.0,0.0,0.0,False,Qwen/Qwen2.5-Coder-14B-Instruct-AWQ,None
65,Bar,Hard,6.8198,13.6396,2,0.0,0.0,0.0,0.0,0.0,0.0,0.0,0.0,0.0,0.0,1.0,0.0,0.0,True,Qwen/Qwen2.5-Coder-14B-Instruct-AWQ,None
65,Bar,Hard,6.8198,13.6396,2,0.0,0.0,0.0,0.0,0.0,0.0,0.0,0.0,0.0,0.0,1.0,0.0,0.0,True,Qwen/Qwen2.5-Coder-14B-Instruct-AWQ,None
65,Bar,Hard,6.8198,13.6396,2,0.0,0.0,0.0,0.0,0.0,0.0,0.0,0.0,0.0,0.0,1.0,0.0,0.0,True,Qwen/Qwen2.5-Coder-14B-Instruct-AWQ,None
68,Bar,Hard,17.4216,34.8432,2,1.0,0.0,0.0,0.0,0.0,0.0,0.0,0.0,1.0,0.0,0.0,,0.0,True,Qwen/Qwen2.5-Coder-14B-Instruct-AWQ,None
68,Bar,Hard,17.4216,34.8432,2,1.0,0.0,0.0,0.0,0.0,0.0,0.0,0.0,1.0,0.0,0.0,,0.0,True,Qwen/Qwen2.5-Coder-14B-Instruct-AWQ,None
68,Bar,Hard,17.4216,34.8432,2,1.0,0.0,0.0,0.0,0.0,0.0,0.0,0.0,1.0,0.0,0.0,,0.0,True,Qwen/Qwen2.5-Coder-14B-Instruct-AWQ,None
69,Bar,Hard,6.2086,12.4173,2,0.0,0.0,0.0,0.0,0.0,0.0,0.0,0.0,0.0,0.0,1.0,0.0,0.0,True,Qwen/Qwen2.5-Coder-14B-Instruct-AWQ,None
69,Bar,Hard,6.2086,12.4173,2,0.0,0.0,0.0,0.0,0.0,0.0,0.0,0.0,0.0,0.0,1.0,0.0,0.0,True,Qwen/Qwen2.5-Coder-14B-Instruct-AWQ,None
69,Bar,Hard,6.2086,12.4173,2,0.0,0.0,0.0,0.0,0.0,0.0,0.0,0.0,0.0,0.0,1.0,0.0,0.0,True,Qwen/Qwen2.5-Coder-14B-Instruct-AWQ,None
72,Bar,Hard,11.0295,22.0591,2,0.5,0.0,0.0,0.0,0.0,0.0,0.0,0.0,0.5,0.0,0.5,0.0,0.0,True,Qwen/Qwen2.5-Coder-14B-Instruct-AWQ,None
72,Bar,Hard,11.0295,22.0591,2,0.5,0.0,0.0,0.0,0.0,0.0,0.0,0.0,0.5,0.0,0.5,0.0,0.0,True,Qwen/Qwen2.5-Coder-14B-Instruct-AWQ,None
72,Bar,Hard,11.0295,22.0591,2,0.5,0.0,0.0,0.0,0.0,0.0,0.0,0.0,0.5,0.0,0.5,0.0,0.0,True,Qwen/Qwen2.5-Coder-14B-Instruct-AWQ,None
74,Bar,Easy,3.0492,18.2952,6,0.0,0.0,0.0,0.0,0.0,0.0,0.0,0.0,0.0,0.0,1.0,0.0,0.0,False,Qwen/Qwen2.5-Coder-14B-Instruct-AWQ,None
74,Bar,Easy,3.0492,18.2952,6,0.0,0.0,0.0,0.0,0.0,0.0,0.0,0.0,0.0,0.0,1.0,0.0,0.0,False,Qwen/Qwen2.5-Coder-14B-Instruct-AWQ,None
74,Bar,Easy,3.0492,18.2952,6,0.0,0.0,0.0,0.0,0.0,0.0,0.0,0.0,0.0,0.0,1.0,0.0,0.0,False,Qwen/Qwen2.5-Coder-14B-Instruct-AWQ,None
77,Bar,Hard,6.1661,12.3322,2,0.0,0.0,0.0,0.0,0.0,0.0,0.0,0.0,0.0,0.0,1.0,0.0,0.0,True,Qwen/Qwen2.5-Coder-14B-Instruct-AWQ,None
77,Bar,Hard,6.1661,12.3322,2,0.0,0.0,0.0,0.0,0.0,0.0,0.0,0.0,0.0,0.0,1.0,0.0,0.0,True,Qwen/Qwen2.5-Coder-14B-Instruct-AWQ,None
77,Bar,Hard,6.1661,12.3322,2,0.0,0.0,0.0,0.0,0.0,0.0,0.0,0.0,0.0,0.0,1.0,0.0,0.0,True,Qwen/Qwen2.5-Coder-14B-Instruct-AWQ,None
81,Pie,Hard,5.7455,22.982,4,0.0,0.0,0.0,0.0,0.0,0.0,0.0,0.0,0.0,0.0,1.0,0.0,0.0,True,Qwen/Qwen2.5-Coder-14B-Instruct-AWQ,None
81,Pie,Hard,5.7455,22.982,4,0.0,0.0,0.0,0.0,0.0,0.0,0.0,0.0,0.0,0.0,1.0,0.0,0.0,True,Qwen/Qwen2.5-Coder-14B-Instruct-AWQ,None
81,Pie,Hard,5.7455,22.982,4,0.0,0.0,0.0,0.0,0.0,0.0,0.0,0.0,0.0,0.0,1.0,0.0,0.0,True,Qwen/Qwen2.5-Coder-14B-Instruct-AWQ,None
86,Bar,Easy,4.073,8.1459,2,0.0,0.0,0.0,0.0,0.5,0.0,0.0,0.0,0.0,0.5,0.5,0.0,0.0,False,Qwen/Qwen2.5-Coder-14B-Instruct-AWQ,None
86,Bar,Easy,4.073,8.1459,2,0.0,0.0,0.0,0.0,0.5,0.0,0.0,0.0,0.0,0.5,0.5,0.0,0.0,False,Qwen/Qwen2.5-Coder-14B-Instruct-AWQ,None
86,Bar,Easy,4.073,8.1459,2,0.0,0.0,0.0,0.0,0.5,0.0,0.0,0.0,0.0,0.5,0.5,0.0,0.0,False,Qwen/Qwen2.5-Coder-14B-Instruct-AWQ,None
93,Pie,Medium,2.8593,11.437,4,0.0,0.0,0.0,0.0,0.0,0.0,0.0,0.0,0.0,0.0,1.0,0.0,0.0,False,Qwen/Qwen2.5-Coder-14B-Instruct-AWQ,None
93,Pie,Medium,2.8593,11.437,4,0.0,0.0,0.0,0.0,0.0,0.0,0.0,0.0,0.0,0.0,1.0,0.0,0.0,False,Qwen/Qwen2.5-Coder-14B-Instruct-AWQ,None
93,Pie,Medium,2.8593,11.437,4,0.0,0.0,0.0,0.0,0.0,0.0,0.0,0.0,0.0,0.0,1.0,0.0,0.0,False,Qwen/Qwen2.5-Coder-14B-Instruct-AWQ,None
94,Bar,Medium,2.8788,11.5151,4,0.0,0.0,0.0,0.0,0.0,0.0,0.0,0.0,0.0,0.0,1.0,0.0,0.0,False,Qwen/Qwen2.5-Coder-14B-Instruct-AWQ,None
94,Bar,Medium,2.8788,11.5151,4,0.0,0.0,0.0,0.0,0.0,0.0,0.0,0.0,0.0,0.0,1.0,0.0,0.0,False,Qwen/Qwen2.5-Coder-14B-Instruct-AWQ,None
94,Bar,Medium,2.8788,11.5151,4,0.0,0.0,0.0,0.0,0.0,0.0,0.0,0.0,0.0,0.0,1.0,0.0,0.0,False,Qwen/Qwen2.5-Coder-14B-Instruct-AWQ,None
95,Pie,Easy,4.7472,14.2417,3,0.0,0.0,0.0,0.0,0.3333333333333333,0.0,0.0,0.0,0.0,0.3333333333333333,0.6666666666666666,0.0,0.0,False,Qwen/Qwen2.5-Coder-14B-Instruct-AWQ,None
95,Pie,Easy,4.7472,14.2417,3,0.0,0.0,0.0,0.0,0.3333333333333333,0.0,0.0,0.0,0.0,0.3333333333333333,0.6666666666666666,0.0,0.0,False,Qwen/Qwen2.5-Coder-14B-Instruct-AWQ,None
95,Pie,Easy,4.7472,14.2417,3,0.0,0.0,0.0,0.0,0.3333333333333333,0.0,0.0,0.0,0.0,0.3333333333333333,0.6666666666666666,0.0,0.0,False,Qwen/Qwen2.5-Coder-14B-Instruct-AWQ,None
96,Bar,Easy,3.7176,11.1528,3,0.0,0.0,0.0,0.0,0.0,0.0,0.0,0.0,0.0,0.0,1.0,0.0,0.0,False,Qwen/Qwen2.5-Coder-14B-Instruct-AWQ,None
96,Bar,Easy,3.7176,11.1528,3,0.0,0.0,0.0,0.0,0.0,0.0,0.0,0.0,0.0,0.0,1.0,0.0,0.0,False,Qwen/Qwen2.5-Coder-14B-Instruct-AWQ,None
96,Bar,Easy,3.7176,11.1528,3,0.0,0.0,0.0,0.0,0.0,0.0,0.0,0.0,0.0,0.0,1.0,0.0,0.0,False,Qwen/Qwen2.5-Coder-14B-Instruct-AWQ,None
98,Bar,Medium,3.9529,3.9529,1,0.0,0.0,0.0,0.0,0.0,0.0,0.0,0.0,0.0,0.0,1.0,0.0,0.0,True,Qwen/Qwen2.5-Coder-14B-Instruct-AWQ,None
98,Bar,Medium,3.9529,3.9529,1,0.0,0.0,0.0,0.0,0.0,0.0,0.0,0.0,0.0,0.0,1.0,0.0,0.0,True,Qwen/Qwen2.5-Coder-14B-Instruct-AWQ,None
98,Bar,Medium,3.9529,3.9529,1,0.0,0.0,0.0,0.0,0.0,0.0,0.0,0.0,0.0,0.0,1.0,0.0,0.0,True,Qwen/Qwen2.5-Coder-14B-Instruct-AWQ,None
103,Pie,Hard,9.7502,19.5005,2,0.0,0.0,0.0,0.0,0.0,0.0,0.0,0.0,0.0,0.0,1.0,0.0,0.0,True,Qwen/Qwen2.5-Coder-14B-Instruct-AWQ,None
103,Pie,Hard,9.7502,19.5005,2,0.0,0.0,0.0,0.0,0.0,0.0,0.0,0.0,0.0,0.0,1.0,0.0,0.0,True,Qwen/Qwen2.5-Coder-14B-Instruct-AWQ,None
103,Pie,Hard,9.7502,19.5005,2,0.0,0.0,0.0,0.0,0.0,0.0,0.0,0.0,0.0,0.0,1.0,0.0,0.0,True,Qwen/Qwen2.5-Coder-14B-Instruct-AWQ,None
120,Bar,Medium,3.7425,3.7425,1,0.0,0.0,0.0,0.0,0.0,0.0,0.0,0.0,0.0,0.0,1.0,0.0,0.0,True,Qwen/Qwen2.5-Coder-14B-Instruct-AWQ,None
120,Bar,Medium,3.7425,3.7425,1,0.0,0.0,0.0,0.0,0.0,0.0,0.0,0.0,0.0,0.0,1.0,0.0,0.0,True,Qwen/Qwen2.5-Coder-14B-Instruct-AWQ,None
120,Bar,Medium,3.7425,3.7425,1,0.0,0.0,0.0,0.0,0.0,0.0,0.0,0.0,0.0,0.0,1.0,0.0,0.0,True,Qwen/Qwen2.5-Coder-14B-Instruct-AWQ,None
131,Pie,Medium,5.7652,5.7652,1,0.0,0.0,0.0,0.0,0.0,0.0,0.0,0.0,0.0,0.0,1.0,0.0,0.0,True,Qwen/Qwen2.5-Coder-14B-Instruct-AWQ,None
131,Pie,Medium,5.7652,5.7652,1,0.0,0.0,0.0,0.0,0.0,0.0,0.0,0.0,0.0,0.0,1.0,0.0,0.0,True,Qwen/Qwen2.5-Coder-14B-Instruct-AWQ,None
131,Pie,Medium,5.7652,5.7652,1,0.0,0.0,0.0,0.0,0.0,0.0,0.0,0.0,0.0,0.0,1.0,0.0,0.0,True,Qwen/Qwen2.5-Coder-14B-Instruct-AWQ,None
138,Pie,Medium,4.5893,9.1787,2,0.0,0.0,0.0,0.0,0.0,0.0,0.0,0.0,0.0,0.0,1.0,0.0,0.0,True,Qwen/Qwen2.5-Coder-14B-Instruct-AWQ,None
138,Pie,Medium,4.5893,9.1787,2,0.0,0.0,0.0,0.0,0.0,0.0,0.0,0.0,0.0,0.0,1.0,0.0,0.0,True,Qwen/Qwen2.5-Coder-14B-Instruct-AWQ,None
138,Pie,Medium,4.5893,9.1787,2,0.0,0.0,0.0,0.0,0.0,0.0,0.0,0.0,0.0,0.0,1.0,0.0,0.0,True,Qwen/Qwen2.5-Coder-14B-Instruct-AWQ,None
146,Stacked Bar,Hard,6.8393,6.8393,1,0.0,0.0,0.0,0.0,0.0,0.0,0.0,0.0,0.0,0.0,1.0,0.0,0.0,True,Qwen/Qwen2.5-Coder-14B-Instruct-AWQ,None
146,Stacked Bar,Hard,6.8393,6.8393,1,0.0,0.0,0.0,0.0,0.0,0.0,0.0,0.0,0.0,0.0,1.0,0.0,0.0,True,Qwen/Qwen2.5-Coder-14B-Instruct-AWQ,None
146,Stacked Bar,Hard,6.8393,6.8393,1,0.0,0.0,0.0,0.0,0.0,0.0,0.0,0.0,0.0,0.0,1.0,0.0,0.0,True,Qwen/Qwen2.5-Coder-14B-Instruct-AWQ,None
150,Pie,Medium,6.3413,6.3413,1,0.0,0.0,0.0,0.0,0.0,0.0,0.0,0.0,0.0,0.0,1.0,0.0,0.0,True,Qwen/Qwen2.5-Coder-14B-Instruct-AWQ,None
150,Pie,Medium,6.3413,6.3413,1,0.0,0.0,0.0,0.0,0.0,0.0,0.0,0.0,0.0,0.0,1.0,0.0,0.0,True,Qwen/Qwen2.5-Coder-14B-Instruct-AWQ,None
150,Pie,Medium,6.3413,6.3413,1,0.0,0.0,0.0,0.0,0.0,0.0,0.0,0.0,0.0,0.0,1.0,0.0,0.0,True,Qwen/Qwen2.5-Coder-14B-Instruct-AWQ,None
158,Bar,Hard,21.4186,21.4186,1,1.0,0.0,0.0,0.0,0.0,0.0,0.0,0.0,1.0,0.0,0.0,,0.0,True,Qwen/Qwen2.5-Coder-14B-Instruct-AWQ,None
158,Bar,Hard,21.4186,21.4186,1,1.0,0.0,0.0,0.0,0.0,0.0,0.0,0.0,1.0,0.0,0.0,,0.0,True,Qwen/Qwen2.5-Coder-14B-Instruct-AWQ,None
158,Bar,Hard,21.4186,21.4186,1,1.0,0.0,0.0,0.0,0.0,0.0,0.0,0.0,1.0,0.0,0.0,,0.0,True,Qwen/Qwen2.5-Coder-14B-Instruct-AWQ,None
163,Line,Hard,6.8475,6.8475,1,0.0,0.0,0.0,0.0,0.0,0.0,0.0,0.0,0.0,0.0,1.0,0.0,0.0,True,Qwen/Qwen2.5-Coder-14B-Instruct-AWQ,None
163,Line,Hard,6.8475,6.8475,1,0.0,0.0,0.0,0.0,0.0,0.0,0.0,0.0,0.0,0.0,1.0,0.0,0.0,True,Qwen/Qwen2.5-Coder-14B-Instruct-AWQ,None
163,Line,Hard,6.8475,6.8475,1,0.0,0.0,0.0,0.0,0.0,0.0,0.0,0.0,0.0,0.0,1.0,0.0,0.0,True,Qwen/Qwen2.5-Coder-14B-Instruct-AWQ,None
173,Pie,Medium,7.1443,7.1443,1,0.0,0.0,0.0,0.0,0.0,0.0,0.0,0.0,0.0,0.0,1.0,0.0,0.0,False,Qwen/Qwen2.5-Coder-14B-Instruct-AWQ,None
173,Pie,Medium,7.1443,7.1443,1,0.0,0.0,0.0,0.0,0.0,0.0,0.0,0.0,0.0,0.0,1.0,0.0,0.0,False,Qwen/Qwen2.5-Coder-14B-Instruct-AWQ,None
173,Pie,Medium,7.1443,7.1443,1,0.0,0.0,0.0,0.0,0.0,0.0,0.0,0.0,0.0,0.0,1.0,0.0,0.0,False,Qwen/Qwen2.5-Coder-14B-Instruct-AWQ,None
175,Scatter,Medium,5.3243,15.973,3,0.0,0.0,0.0,0.0,0.0,0.0,0.0,0.0,0.0,0.0,1.0,0.0,0.0,True,Qwen/Qwen2.5-Coder-14B-Instruct-AWQ,None
175,Scatter,Medium,5.3243,15.973,3,0.0,0.0,0.0,0.0,0.0,0.0,0.0,0.0,0.0,0.0,1.0,0.0,0.0,True,Qwen/Qwen2.5-Coder-14B-Instruct-AWQ,None
175,Scatter,Medium,5.3243,15.973,3,0.0,0.0,0.0,0.0,0.0,0.0,0.0,0.0,0.0,0.0,1.0,0.0,0.0,True,Qwen/Qwen2.5-Coder-14B-Instruct-AWQ,None
186,Bar,Medium,3.1756,3.1756,1,0.0,0.0,0.0,0.0,0.0,0.0,0.0,0.0,0.0,0.0,1.0,0.0,0.0,False,Qwen/Qwen2.5-Coder-14B-Instruct-AWQ,None
186,Bar,Medium,3.1756,3.1756,1,0.0,0.0,0.0,0.0,0.0,0.0,0.0,0.0,0.0,0.0,1.0,0.0,0.0,False,Qwen/Qwen2.5-Coder-14B-Instruct-AWQ,None
186,Bar,Medium,3.1756,3.1756,1,0.0,0.0,0.0,0.0,0.0,0.0,0.0,0.0,0.0,0.0,1.0,0.0,0.0,False,Qwen/Qwen2.5-Coder-14B-Instruct-AWQ,None
189,Stacked Bar,Extra Hard,14.7088,58.835,4,0.5,0.0,0.0,0.5,0.5,0.0,0.0,0.0,0.5,0.5,0.0,,0.0,False,Qwen/Qwen2.5-Coder-14B-Instruct-AWQ,None
189,Stacked Bar,Extra Hard,14.7088,58.835,4,0.5,0.0,0.0,0.5,0.5,0.0,0.0,0.0,0.5,0.5,0.0,,0.0,False,Qwen/Qwen2.5-Coder-14B-Instruct-AWQ,None
189,Stacked Bar,Extra Hard,14.7088,58.835,4,0.5,0.0,0.0,0.5,0.5,0.0,0.0,0.0,0.5,0.5,0.0,,0.0,False,Qwen/Qwen2.5-Coder-14B-Instruct-AWQ,None
194,Stacked Bar,Extra Hard,9.8182,9.8182,1,0.0,0.0,0.0,0.0,0.0,0.0,0.0,0.0,0.0,0.0,1.0,0.0,0.0,False,Qwen/Qwen2.5-Coder-14B-Instruct-AWQ,None
194,Stacked Bar,Extra Hard,9.8182,9.8182,1,0.0,0.0,0.0,0.0,0.0,0.0,0.0,0.0,0.0,0.0,1.0,0.0,0.0,False,Qwen/Qwen2.5-Coder-14B-Instruct-AWQ,None
194,Stacked Bar,Extra Hard,9.8182,9.8182,1,0.0,0.0,0.0,0.0,0.0,0.0,0.0,0.0,0.0,0.0,1.0,0.0,0.0,False,Qwen/Qwen2.5-Coder-14B-Instruct-AWQ,None
195,Stacked Bar,Extra Hard,5.8849,5.8849,1,0.0,0.0,0.0,1.0,1.0,0.0,0.0,0.0,0.0,1.0,0.0,,0.0,False,Qwen/Qwen2.5-Coder-14B-Instruct-AWQ,None
195,Stacked Bar,Extra Hard,5.8849,5.8849,1,0.0,0.0,0.0,1.0,1.0,0.0,0.0,0.0,0.0,1.0,0.0,,0.0,False,Qwen/Qwen2.5-Coder-14B-Instruct-AWQ,None
195,Stacked Bar,Extra Hard,5.8849,5.8849,1,0.0,0.0,0.0,1.0,1.0,0.0,0.0,0.0,0.0,1.0,0.0,,0.0,False,Qwen/Qwen2.5-Coder-14B-Instruct-AWQ,None
196,Stacked Bar,Extra Hard,7.5761,37.8806,5,0.2,0.0,0.0,0.8,0.8,0.0,0.0,0.0,0.2,0.8,0.0,,0.0,False,Qwen/Qwen2.5-Coder-14B-Instruct-AWQ,None
196,Stacked Bar,Extra Hard,7.5761,37.8806,5,0.2,0.0,0.0,0.8,0.8,0.0,0.0,0.0,0.2,0.8,0.0,,0.0,False,Qwen/Qwen2.5-Coder-14B-Instruct-AWQ,None
196,Stacked Bar,Extra Hard,7.5761,37.8806,5,0.2,0.0,0.0,0.8,0.8,0.0,0.0,0.0,0.2,0.8,0.0,,0.0,False,Qwen/Qwen2.5-Coder-14B-Instruct-AWQ,None
201,Stacked Bar,Extra Hard,8.5804,42.9022,5,0.0,0.0,0.0,0.2,0.2,0.0,0.0,0.0,0.0,0.2,0.8,0.0,0.0,False,Qwen/Qwen2.5-Coder-14B-Instruct-AWQ,None
201,Stacked Bar,Extra Hard,8.5804,42.9022,5,0.0,0.0,0.0,0.2,0.2,0.0,0.0,0.0,0.0,0.2,0.8,0.0,0.0,False,Qwen/Qwen2.5-Coder-14B-Instruct-AWQ,None
201,Stacked Bar,Extra Hard,8.5804,42.9022,5,0.0,0.0,0.0,0.2,0.2,0.0,0.0,0.0,0.0,0.2,0.8,0.0,0.0,False,Qwen/Qwen2.5-Coder-14B-Instruct-AWQ,None
202,Stacked Bar,Extra Hard,7.2585,14.5171,2,0.0,0.0,0.0,0.5,0.5,0.0,0.0,0.0,0.0,0.5,0.5,0.0,0.0,False,Qwen/Qwen2.5-Coder-14B-Instruct-AWQ,None
202,Stacked Bar,Extra Hard,7.2585,14.5171,2,0.0,0.0,0.0,0.5,0.5,0.0,0.0,0.0,0.0,0.5,0.5,0.0,0.0,False,Qwen/Qwen2.5-Coder-14B-Instruct-AWQ,None
202,Stacked Bar,Extra Hard,7.2585,14.5171,2,0.0,0.0,0.0,0.5,0.5,0.0,0.0,0.0,0.0,0.5,0.5,0.0,0.0,False,Qwen/Qwen2.5-Coder-14B-Instruct-AWQ,None
205,Bar,Medium,3.6715,11.0146,3,0.0,0.0,0.0,0.0,0.0,0.0,0.0,0.0,0.0,0.0,1.0,0.0,0.0,False,Qwen/Qwen2.5-Coder-14B-Instruct-AWQ,None
205,Bar,Medium,3.6715,11.0146,3,0.0,0.0,0.0,0.0,0.0,0.0,0.0,0.0,0.0,0.0,1.0,0.0,0.0,False,Qwen/Qwen2.5-Coder-14B-Instruct-AWQ,None
205,Bar,Medium,3.6715,11.0146,3,0.0,0.0,0.0,0.0,0.0,0.0,0.0,0.0,0.0,0.0,1.0,0.0,0.0,False,Qwen/Qwen2.5-Coder-14B-Instruct-AWQ,None
210,Stacked Bar,Extra Hard,8.3996,8.3996,1,0.0,0.0,0.0,0.0,0.0,0.0,0.0,0.0,0.0,0.0,1.0,0.0,0.0,False,Qwen/Qwen2.5-Coder-14B-Instruct-AWQ,None
210,Stacked Bar,Extra Hard,8.3996,8.3996,1,0.0,0.0,0.0,0.0,0.0,0.0,0.0,0.0,0.0,0.0,1.0,0.0,0.0,False,Qwen/Qwen2.5-Coder-14B-Instruct-AWQ,None
210,Stacked Bar,Extra Hard,8.3996,8.3996,1,0.0,0.0,0.0,0.0,0.0,0.0,0.0,0.0,0.0,0.0,1.0,0.0,0.0,False,Qwen/Qwen2.5-Coder-14B-Instruct-AWQ,None
211,Stacked Bar,Extra Hard,8.4695,8.4695,1,0.0,0.0,0.0,0.0,0.0,0.0,0.0,0.0,0.0,0.0,1.0,0.0,0.0,False,Qwen/Qwen2.5-Coder-14B-Instruct-AWQ,None
211,Stacked Bar,Extra Hard,8.4695,8.4695,1,0.0,0.0,0.0,0.0,0.0,0.0,0.0,0.0,0.0,0.0,1.0,0.0,0.0,False,Qwen/Qwen2.5-Coder-14B-Instruct-AWQ,None
211,Stacked Bar,Extra Hard,8.4695,8.4695,1,0.0,0.0,0.0,0.0,0.0,0.0,0.0,0.0,0.0,0.0,1.0,0.0,0.0,False,Qwen/Qwen2.5-Coder-14B-Instruct-AWQ,None
219,Bar,Medium,4.1301,16.5205,4,0.0,0.0,0.0,0.0,0.0,0.0,0.0,0.0,0.0,0.0,1.0,0.0,0.0,False,Qwen/Qwen2.5-Coder-14B-Instruct-AWQ,None
219,Bar,Medium,4.1301,16.5205,4,0.0,0.0,0.0,0.0,0.0,0.0,0.0,0.0,0.0,0.0,1.0,0.0,0.0,False,Qwen/Qwen2.5-Coder-14B-Instruct-AWQ,None
219,Bar,Medium,4.1301,16.5205,4,0.0,0.0,0.0,0.0,0.0,0.0,0.0,0.0,0.0,0.0,1.0,0.0,0.0,False,Qwen/Qwen2.5-Coder-14B-Instruct-AWQ,None
224,Stacked Bar,Extra Hard,9.4687,28.4062,3,0.0,0.0,0.0,0.0,0.0,0.0,0.0,0.0,0.0,0.0,1.0,0.0,0.0,False,Qwen/Qwen2.5-Coder-14B-Instruct-AWQ,None
224,Stacked Bar,Extra Hard,9.4687,28.4062,3,0.0,0.0,0.0,0.0,0.0,0.0,0.0,0.0,0.0,0.0,1.0,0.0,0.0,False,Qwen/Qwen2.5-Coder-14B-Instruct-AWQ,None
224,Stacked Bar,Extra Hard,9.4687,28.4062,3,0.0,0.0,0.0,0.0,0.0,0.0,0.0,0.0,0.0,0.0,1.0,0.0,0.0,False,Qwen/Qwen2.5-Coder-14B-Instruct-AWQ,None
225,Stacked Bar,Extra Hard,7.7374,7.7374,1,0.0,0.0,0.0,1.0,1.0,0.0,0.0,0.0,0.0,1.0,0.0,,0.0,False,Qwen/Qwen2.5-Coder-14B-Instruct-AWQ,None
225,Stacked Bar,Extra Hard,7.7374,7.7374,1,0.0,0.0,0.0,1.0,1.0,0.0,0.0,0.0,0.0,1.0,0.0,,0.0,False,Qwen/Qwen2.5-Coder-14B-Instruct-AWQ,None
225,Stacked Bar,Extra Hard,7.7374,7.7374,1,0.0,0.0,0.0,1.0,1.0,0.0,0.0,0.0,0.0,1.0,0.0,,0.0,False,Qwen/Qwen2.5-Coder-14B-Instruct-AWQ,None
231,Bar,Medium,8.1248,32.4993,4,0.25,0.0,0.0,0.0,0.0,0.0,0.0,0.0,0.25,0.0,0.75,0.0,0.0,False,Qwen/Qwen2.5-Coder-14B-Instruct-AWQ,None
231,Bar,Medium,8.1248,32.4993,4,0.25,0.0,0.0,0.0,0.0,0.0,0.0,0.0,0.25,0.0,0.75,0.0,0.0,False,Qwen/Qwen2.5-Coder-14B-Instruct-AWQ,None
231,Bar,Medium,8.1248,32.4993,4,0.25,0.0,0.0,0.0,0.0,0.0,0.0,0.0,0.25,0.0,0.75,0.0,0.0,False,Qwen/Qwen2.5-Coder-14B-Instruct-AWQ,None
233,Bar,Medium,3.8152,11.4455,3,0.0,0.0,0.0,0.0,0.0,0.0,0.0,0.0,0.0,0.0,1.0,0.0,0.0,False,Qwen/Qwen2.5-Coder-14B-Instruct-AWQ,None
233,Bar,Medium,3.8152,11.4455,3,0.0,0.0,0.0,0.0,0.0,0.0,0.0,0.0,0.0,0.0,1.0,0.0,0.0,False,Qwen/Qwen2.5-Coder-14B-Instruct-AWQ,None
233,Bar,Medium,3.8152,11.4455,3,0.0,0.0,0.0,0.0,0.0,0.0,0.0,0.0,0.0,0.0,1.0,0.0,0.0,False,Qwen/Qwen2.5-Coder-14B-Instruct-AWQ,None
238,Bar,Medium,8.5837,34.3349,4,0.25,0.0,0.0,0.0,0.0,0.0,0.0,0.0,0.25,0.0,0.75,0.0,0.0,False,Qwen/Qwen2.5-Coder-14B-Instruct-AWQ,None
238,Bar,Medium,8.5837,34.3349,4,0.25,0.0,0.0,0.0,0.0,0.0,0.0,0.0,0.25,0.0,0.75,0.0,0.0,False,Qwen/Qwen2.5-Coder-14B-Instruct-AWQ,None
238,Bar,Medium,8.5837,34.3349,4,0.25,0.0,0.0,0.0,0.0,0.0,0.0,0.0,0.25,0.0,0.75,0.0,0.0,False,Qwen/Qwen2.5-Coder-14B-Instruct-AWQ,None
246,Bar,Medium,5.9374,23.7495,4,0.0,0.0,0.0,0.0,0.0,0.0,0.0,0.0,0.0,0.0,1.0,0.0,0.0,False,Qwen/Qwen2.5-Coder-14B-Instruct-AWQ,None
246,Bar,Medium,5.9374,23.7495,4,0.0,0.0,0.0,0.0,0.0,0.0,0.0,0.0,0.0,0.0,1.0,0.0,0.0,False,Qwen/Qwen2.5-Coder-14B-Instruct-AWQ,None
246,Bar,Medium,5.9374,23.7495,4,0.0,0.0,0.0,0.0,0.0,0.0,0.0,0.0,0.0,0.0,1.0,0.0,0.0,False,Qwen/Qwen2.5-Coder-14B-Instruct-AWQ,None
247,Bar,Medium,5.8848,23.539,4,0.0,0.0,0.0,0.0,0.0,0.0,0.0,0.0,0.0,0.0,1.0,0.0,0.0,False,Qwen/Qwen2.5-Coder-14B-Instruct-AWQ,None
247,Bar,Medium,5.8848,23.539,4,0.0,0.0,0.0,0.0,0.0,0.0,0.0,0.0,0.0,0.0,1.0,0.0,0.0,False,Qwen/Qwen2.5-Coder-14B-Instruct-AWQ,None
247,Bar,Medium,5.8848,23.539,4,0.0,0.0,0.0,0.0,0.0,0.0,0.0,0.0,0.0,0.0,1.0,0.0,0.0,False,Qwen/Qwen2.5-Coder-14B-Instruct-AWQ,None
248,Bar,Medium,5.6799,5.6799,1,0.0,0.0,0.0,0.0,0.0,0.0,0.0,0.0,0.0,0.0,1.0,0.0,0.0,False,Qwen/Qwen2.5-Coder-14B-Instruct-AWQ,None
248,Bar,Medium,5.6799,5.6799,1,0.0,0.0,0.0,0.0,0.0,0.0,0.0,0.0,0.0,0.0,1.0,0.0,0.0,False,Qwen/Qwen2.5-Coder-14B-Instruct-AWQ,None
248,Bar,Medium,5.6799,5.6799,1,0.0,0.0,0.0,0.0,0.0,0.0,0.0,0.0,0.0,0.0,1.0,0.0,0.0,False,Qwen/Qwen2.5-Coder-14B-Instruct-AWQ,None
252,Pie,Medium,4.2217,8.4433,2,0.0,0.0,0.0,0.0,0.0,0.0,0.0,0.0,0.0,0.0,1.0,0.0,0.0,False,Qwen/Qwen2.5-Coder-14B-Instruct-AWQ,None
252,Pie,Medium,4.2217,8.4433,2,0.0,0.0,0.0,0.0,0.0,0.0,0.0,0.0,0.0,0.0,1.0,0.0,0.0,False,Qwen/Qwen2.5-Coder-14B-Instruct-AWQ,None
252,Pie,Medium,4.2217,8.4433,2,0.0,0.0,0.0,0.0,0.0,0.0,0.0,0.0,0.0,0.0,1.0,0.0,0.0,False,Qwen/Qwen2.5-Coder-14B-Instruct-AWQ,None
264,Bar,Medium,5.8777,23.5106,4,0.0,0.0,0.0,0.0,0.0,0.0,0.0,0.0,0.0,0.0,1.0,0.0,0.0,False,Qwen/Qwen2.5-Coder-14B-Instruct-AWQ,None
264,Bar,Medium,5.8777,23.5106,4,0.0,0.0,0.0,0.0,0.0,0.0,0.0,0.0,0.0,0.0,1.0,0.0,0.0,False,Qwen/Qwen2.5-Coder-14B-Instruct-AWQ,None
264,Bar,Medium,5.8777,23.5106,4,0.0,0.0,0.0,0.0,0.0,0.0,0.0,0.0,0.0,0.0,1.0,0.0,0.0,False,Qwen/Qwen2.5-Coder-14B-Instruct-AWQ,None
265,Bar,Medium,5.937,17.8111,3,0.0,0.0,0.0,0.0,0.3333333333333333,0.0,0.0,0.0,0.0,0.3333333333333333,0.6666666666666666,0.0,0.0,False,Qwen/Qwen2.5-Coder-14B-Instruct-AWQ,None
265,Bar,Medium,5.937,17.8111,3,0.0,0.0,0.0,0.0,0.3333333333333333,0.0,0.0,0.0,0.0,0.3333333333333333,0.6666666666666666,0.0,0.0,False,Qwen/Qwen2.5-Coder-14B-Instruct-AWQ,None
265,Bar,Medium,5.937,17.8111,3,0.0,0.0,0.0,0.0,0.3333333333333333,0.0,0.0,0.0,0.0,0.3333333333333333,0.6666666666666666,0.0,0.0,False,Qwen/Qwen2.5-Coder-14B-Instruct-AWQ,None
267,Line,Easy,5.4933,16.4798,3,0.0,0.0,0.0,0.0,0.0,0.0,0.0,0.0,0.0,0.0,1.0,0.0,0.0,False,Qwen/Qwen2.5-Coder-14B-Instruct-AWQ,None
267,Line,Easy,5.4933,16.4798,3,0.0,0.0,0.0,0.0,0.0,0.0,0.0,0.0,0.0,0.0,1.0,0.0,0.0,False,Qwen/Qwen2.5-Coder-14B-Instruct-AWQ,None
267,Line,Easy,5.4933,16.4798,3,0.0,0.0,0.0,0.0,0.0,0.0,0.0,0.0,0.0,0.0,1.0,0.0,0.0,False,Qwen/Qwen2.5-Coder-14B-Instruct-AWQ,None
273,Line,Medium,13.1818,52.7271,4,0.5,0.0,0.0,0.0,0.5,0.0,0.0,0.0,0.5,0.5,0.0,,0.0,False,Qwen/Qwen2.5-Coder-14B-Instruct-AWQ,None
273,Line,Medium,13.1818,52.7271,4,0.5,0.0,0.0,0.0,0.5,0.0,0.0,0.0,0.5,0.5,0.0,,0.0,False,Qwen/Qwen2.5-Coder-14B-Instruct-AWQ,None
273,Line,Medium,13.1818,52.7271,4,0.5,0.0,0.0,0.0,0.5,0.0,0.0,0.0,0.5,0.5,0.0,,0.0,False,Qwen/Qwen2.5-Coder-14B-Instruct-AWQ,None
285,Bar,Medium,6.6725,6.6725,1,0.0,0.0,0.0,0.0,0.0,0.0,0.0,0.0,0.0,0.0,1.0,0.0,0.0,False,Qwen/Qwen2.5-Coder-14B-Instruct-AWQ,None
285,Bar,Medium,6.6725,6.6725,1,0.0,0.0,0.0,0.0,0.0,0.0,0.0,0.0,0.0,0.0,1.0,0.0,0.0,False,Qwen/Qwen2.5-Coder-14B-Instruct-AWQ,None
285,Bar,Medium,6.6725,6.6725,1,0.0,0.0,0.0,0.0,0.0,0.0,0.0,0.0,0.0,0.0,1.0,0.0,0.0,False,Qwen/Qwen2.5-Coder-14B-Instruct-AWQ,None
286,Bar,Medium,5.7456,5.7456,1,0.0,0.0,0.0,0.0,0.0,0.0,0.0,0.0,0.0,0.0,1.0,0.0,0.0,False,Qwen/Qwen2.5-Coder-14B-Instruct-AWQ,None
286,Bar,Medium,5.7456,5.7456,1,0.0,0.0,0.0,0.0,0.0,0.0,0.0,0.0,0.0,0.0,1.0,0.0,0.0,False,Qwen/Qwen2.5-Coder-14B-Instruct-AWQ,None
286,Bar,Medium,5.7456,5.7456,1,0.0,0.0,0.0,0.0,0.0,0.0,0.0,0.0,0.0,0.0,1.0,0.0,0.0,False,Qwen/Qwen2.5-Coder-14B-Instruct-AWQ,None
291,Bar,Hard,7.1522,7.1522,1,0.0,0.0,0.0,0.0,0.0,0.0,0.0,0.0,0.0,0.0,1.0,0.0,0.0,False,Qwen/Qwen2.5-Coder-14B-Instruct-AWQ,None
291,Bar,Hard,7.1522,7.1522,1,0.0,0.0,0.0,0.0,0.0,0.0,0.0,0.0,0.0,0.0,1.0,0.0,0.0,False,Qwen/Qwen2.5-Coder-14B-Instruct-AWQ,None
291,Bar,Hard,7.1522,7.1522,1,0.0,0.0,0.0,0.0,0.0,0.0,0.0,0.0,0.0,0.0,1.0,0.0,0.0,False,Qwen/Qwen2.5-Coder-14B-Instruct-AWQ,None
292,Scatter,Medium,6.383,12.766,2,0.0,0.0,0.0,0.0,0.0,0.0,0.0,0.0,0.0,0.0,1.0,0.0,0.0,False,Qwen/Qwen2.5-Coder-14B-Instruct-AWQ,None
292,Scatter,Medium,6.383,12.766,2,0.0,0.0,0.0,0.0,0.0,0.0,0.0,0.0,0.0,0.0,1.0,0.0,0.0,False,Qwen/Qwen2.5-Coder-14B-Instruct-AWQ,None
292,Scatter,Medium,6.383,12.766,2,0.0,0.0,0.0,0.0,0.0,0.0,0.0,0.0,0.0,0.0,1.0,0.0,0.0,False,Qwen/Qwen2.5-Coder-14B-Instruct-AWQ,None
293,Bar,Hard,6.5318,6.5318,1,0.0,0.0,0.0,0.0,1.0,0.0,0.0,0.0,0.0,1.0,0.0,,0.0,False,Qwen/Qwen2.5-Coder-14B-Instruct-AWQ,None
293,Bar,Hard,6.5318,6.5318,1,0.0,0.0,0.0,0.0,1.0,0.0,0.0,0.0,0.0,1.0,0.0,,0.0,False,Qwen/Qwen2.5-Coder-14B-Instruct-AWQ,None
293,Bar,Hard,6.5318,6.5318,1,0.0,0.0,0.0,0.0,1.0,0.0,0.0,0.0,0.0,1.0,0.0,,0.0,False,Qwen/Qwen2.5-Coder-14B-Instruct-AWQ,None
295,Bar,Hard,6.835,13.6701,2,0.0,0.0,0.0,0.0,1.0,0.0,0.0,0.0,0.0,1.0,0.0,,0.0,False,Qwen/Qwen2.5-Coder-14B-Instruct-AWQ,None
295,Bar,Hard,6.835,13.6701,2,0.0,0.0,0.0,0.0,1.0,0.0,0.0,0.0,0.0,1.0,0.0,,0.0,False,Qwen/Qwen2.5-Coder-14B-Instruct-AWQ,None
295,Bar,Hard,6.835,13.6701,2,0.0,0.0,0.0,0.0,1.0,0.0,0.0,0.0,0.0,1.0,0.0,,0.0,False,Qwen/Qwen2.5-Coder-14B-Instruct-AWQ,None
296,Bar,Hard,7.4011,7.4011,1,0.0,0.0,0.0,0.0,1.0,0.0,0.0,0.0,0.0,1.0,0.0,,0.0,False,Qwen/Qwen2.5-Coder-14B-Instruct-AWQ,None
296,Bar,Hard,7.4011,7.4011,1,0.0,0.0,0.0,0.0,1.0,0.0,0.0,0.0,0.0,1.0,0.0,,0.0,False,Qwen/Qwen2.5-Coder-14B-Instruct-AWQ,None
296,Bar,Hard,7.4011,7.4011,1,0.0,0.0,0.0,0.0,1.0,0.0,0.0,0.0,0.0,1.0,0.0,,0.0,False,Qwen/Qwen2.5-Coder-14B-Instruct-AWQ,None
297,Bar,Medium,9.2991,18.5982,2,0.5,0.0,0.0,0.0,0.5,0.0,0.0,0.0,0.5,0.5,0.0,,0.0,False,Qwen/Qwen2.5-Coder-14B-Instruct-AWQ,None
297,Bar,Medium,9.2991,18.5982,2,0.5,0.0,0.0,0.0,0.5,0.0,0.0,0.0,0.5,0.5,0.0,,0.0,False,Qwen/Qwen2.5-Coder-14B-Instruct-AWQ,None
297,Bar,Medium,9.2991,18.5982,2,0.5,0.0,0.0,0.0,0.5,0.0,0.0,0.0,0.5,0.5,0.0,,0.0,False,Qwen/Qwen2.5-Coder-14B-Instruct-AWQ,None
306,Pie,Easy,6.0364,18.1092,3,0.0,0.0,0.0,0.3333333333333333,0.6666666666666666,0.0,0.0,0.0,0.0,1.0,0.0,,0.0,False,Qwen/Qwen2.5-Coder-14B-Instruct-AWQ,None
306,Pie,Easy,6.0364,18.1092,3,0.0,0.0,0.0,0.3333333333333333,0.6666666666666666,0.0,0.0,0.0,0.0,1.0,0.0,,0.0,False,Qwen/Qwen2.5-Coder-14B-Instruct-AWQ,None
306,Pie,Easy,6.0364,18.1092,3,0.0,0.0,0.0,0.3333333333333333,0.6666666666666666,0.0,0.0,0.0,0.0,1.0,0.0,,0.0,False,Qwen/Qwen2.5-Coder-14B-Instruct-AWQ,None
308,Scatter,Easy,14.9596,29.9191,2,0.0,0.0,0.0,0.0,0.5,0.0,0.0,0.0,0.0,0.5,0.5,0.0,0.0,True,Qwen/Qwen2.5-Coder-14B-Instruct-AWQ,None
308,Scatter,Easy,14.9596,29.9191,2,0.0,0.0,0.0,0.0,0.5,0.0,0.0,0.0,0.0,0.5,0.5,0.0,0.0,True,Qwen/Qwen2.5-Coder-14B-Instruct-AWQ,None
308,Scatter,Easy,14.9596,29.9191,2,0.0,0.0,0.0,0.0,0.5,0.0,0.0,0.0,0.0,0.5,0.5,0.0,0.0,True,Qwen/Qwen2.5-Coder-14B-Instruct-AWQ,None
312,Pie,Hard,5.1943,10.3886,2,0.0,0.0,0.0,0.0,0.0,0.0,0.0,0.0,0.0,0.0,1.0,0.0,0.0,False,Qwen/Qwen2.5-Coder-14B-Instruct-AWQ,None
312,Pie,Hard,5.1943,10.3886,2,0.0,0.0,0.0,0.0,0.0,0.0,0.0,0.0,0.0,0.0,1.0,0.0,0.0,False,Qwen/Qwen2.5-Coder-14B-Instruct-AWQ,None
312,Pie,Hard,5.1943,10.3886,2,0.0,0.0,0.0,0.0,0.0,0.0,0.0,0.0,0.0,0.0,1.0,0.0,0.0,False,Qwen/Qwen2.5-Coder-14B-Instruct-AWQ,None
316,Line,Medium,4.8091,14.4272,3,0.0,0.0,0.0,0.0,1.0,0.0,0.0,0.0,0.0,1.0,0.0,,0.0,False,Qwen/Qwen2.5-Coder-14B-Instruct-AWQ,None
316,Line,Medium,4.8091,14.4272,3,0.0,0.0,0.0,0.0,1.0,0.0,0.0,0.0,0.0,1.0,0.0,,0.0,False,Qwen/Qwen2.5-Coder-14B-Instruct-AWQ,None
316,Line,Medium,4.8091,14.4272,3,0.0,0.0,0.0,0.0,1.0,0.0,0.0,0.0,0.0,1.0,0.0,,0.0,False,Qwen/Qwen2.5-Coder-14B-Instruct-AWQ,None
328,Scatter,Medium,10.79,21.5801,2,0.0,0.0,0.0,0.0,0.5,0.0,0.0,0.0,0.0,0.5,0.5,0.0,0.0,True,Qwen/Qwen2.5-Coder-14B-Instruct-AWQ,None
328,Scatter,Medium,10.79,21.5801,2,0.0,0.0,0.0,0.0,0.5,0.0,0.0,0.0,0.0,0.5,0.5,0.0,0.0,True,Qwen/Qwen2.5-Coder-14B-Instruct-AWQ,None
328,Scatter,Medium,10.79,21.5801,2,0.0,0.0,0.0,0.0,0.5,0.0,0.0,0.0,0.0,0.5,0.5,0.0,0.0,True,Qwen/Qwen2.5-Coder-14B-Instruct-AWQ,None
335,Bar,Medium,6.8168,6.8168,1,0.0,0.0,0.0,0.0,0.0,0.0,0.0,0.0,0.0,0.0,1.0,0.0,0.0,False,Qwen/Qwen2.5-Coder-14B-Instruct-AWQ,None
335,Bar,Medium,6.8168,6.8168,1,0.0,0.0,0.0,0.0,0.0,0.0,0.0,0.0,0.0,0.0,1.0,0.0,0.0,False,Qwen/Qwen2.5-Coder-14B-Instruct-AWQ,None
335,Bar,Medium,6.8168,6.8168,1,0.0,0.0,0.0,0.0,0.0,0.0,0.0,0.0,0.0,0.0,1.0,0.0,0.0,False,Qwen/Qwen2.5-Coder-14B-Instruct-AWQ,None
338,Pie,Easy,3.4379,3.4379,1,0.0,0.0,0.0,0.0,1.0,0.0,0.0,0.0,0.0,1.0,0.0,,0.0,False,Qwen/Qwen2.5-Coder-14B-Instruct-AWQ,None
338,Pie,Easy,3.4379,3.4379,1,0.0,0.0,0.0,0.0,1.0,0.0,0.0,0.0,0.0,1.0,0.0,,0.0,False,Qwen/Qwen2.5-Coder-14B-Instruct-AWQ,None
338,Pie,Easy,3.4379,3.4379,1,0.0,0.0,0.0,0.0,1.0,0.0,0.0,0.0,0.0,1.0,0.0,,0.0,False,Qwen/Qwen2.5-Coder-14B-Instruct-AWQ,None
340,Bar,Medium,5.3473,5.3473,1,0.0,0.0,0.0,0.0,1.0,0.0,0.0,0.0,0.0,1.0,0.0,,0.0,False,Qwen/Qwen2.5-Coder-14B-Instruct-AWQ,None
340,Bar,Medium,5.3473,5.3473,1,0.0,0.0,0.0,0.0,1.0,0.0,0.0,0.0,0.0,1.0,0.0,,0.0,False,Qwen/Qwen2.5-Coder-14B-Instruct-AWQ,None
340,Bar,Medium,5.3473,5.3473,1,0.0,0.0,0.0,0.0,1.0,0.0,0.0,0.0,0.0,1.0,0.0,,0.0,False,Qwen/Qwen2.5-Coder-14B-Instruct-AWQ,None
342,Line,Medium,6.6612,13.3224,2,0.0,0.0,0.0,0.0,0.0,0.0,0.0,0.0,0.0,0.0,1.0,0.0,0.0,False,Qwen/Qwen2.5-Coder-14B-Instruct-AWQ,None
342,Line,Medium,6.6612,13.3224,2,0.0,0.0,0.0,0.0,0.0,0.0,0.0,0.0,0.0,0.0,1.0,0.0,0.0,False,Qwen/Qwen2.5-Coder-14B-Instruct-AWQ,None
342,Line,Medium,6.6612,13.3224,2,0.0,0.0,0.0,0.0,0.0,0.0,0.0,0.0,0.0,0.0,1.0,0.0,0.0,False,Qwen/Qwen2.5-Coder-14B-Instruct-AWQ,None
354,Scatter,Easy,3.8656,19.3281,5,0.0,0.0,0.0,0.0,0.0,0.0,0.0,0.0,0.0,0.0,1.0,0.0,0.0,False,Qwen/Qwen2.5-Coder-14B-Instruct-AWQ,None
354,Scatter,Easy,3.8656,19.3281,5,0.0,0.0,0.0,0.0,0.0,0.0,0.0,0.0,0.0,0.0,1.0,0.0,0.0,False,Qwen/Qwen2.5-Coder-14B-Instruct-AWQ,None
354,Scatter,Easy,3.8656,19.3281,5,0.0,0.0,0.0,0.0,0.0,0.0,0.0,0.0,0.0,0.0,1.0,0.0,0.0,False,Qwen/Qwen2.5-Coder-14B-Instruct-AWQ,None
367,Bar,Medium,3.0706,6.1411,2,0.0,0.0,0.0,0.0,0.0,0.0,0.0,0.0,0.0,0.0,1.0,0.0,0.0,False,Qwen/Qwen2.5-Coder-14B-Instruct-AWQ,None
367,Bar,Medium,3.0706,6.1411,2,0.0,0.0,0.0,0.0,0.0,0.0,0.0,0.0,0.0,0.0,1.0,0.0,0.0,False,Qwen/Qwen2.5-Coder-14B-Instruct-AWQ,None
367,Bar,Medium,3.0706,6.1411,2,0.0,0.0,0.0,0.0,0.0,0.0,0.0,0.0,0.0,0.0,1.0,0.0,0.0,False,Qwen/Qwen2.5-Coder-14B-Instruct-AWQ,None
368,Bar,Hard,7.3348,7.3348,1,0.0,0.0,0.0,0.0,0.0,0.0,0.0,0.0,0.0,0.0,1.0,0.0,0.0,True,Qwen/Qwen2.5-Coder-14B-Instruct-AWQ,None
368,Bar,Hard,7.3348,7.3348,1,0.0,0.0,0.0,0.0,0.0,0.0,0.0,0.0,0.0,0.0,1.0,0.0,0.0,True,Qwen/Qwen2.5-Coder-14B-Instruct-AWQ,None
368,Bar,Hard,7.3348,7.3348,1,0.0,0.0,0.0,0.0,0.0,0.0,0.0,0.0,0.0,0.0,1.0,0.0,0.0,True,Qwen/Qwen2.5-Coder-14B-Instruct-AWQ,None
370,Pie,Medium,7.1213,7.1213,1,0.0,0.0,0.0,0.0,0.0,0.0,0.0,0.0,0.0,0.0,1.0,0.0,0.0,True,Qwen/Qwen2.5-Coder-14B-Instruct-AWQ,None
370,Pie,Medium,7.1213,7.1213,1,0.0,0.0,0.0,0.0,0.0,0.0,0.0,0.0,0.0,0.0,1.0,0.0,0.0,True,Qwen/Qwen2.5-Coder-14B-Instruct-AWQ,None
370,Pie,Medium,7.1213,7.1213,1,0.0,0.0,0.0,0.0,0.0,0.0,0.0,0.0,0.0,0.0,1.0,0.0,0.0,True,Qwen/Qwen2.5-Coder-14B-Instruct-AWQ,None
376,Bar,Easy,3.1163,15.5814,5,0.0,0.0,0.0,0.0,0.0,0.0,0.0,0.0,0.0,0.0,1.0,0.0,0.0,False,Qwen/Qwen2.5-Coder-14B-Instruct-AWQ,None
376,Bar,Easy,3.1163,15.5814,5,0.0,0.0,0.0,0.0,0.0,0.0,0.0,0.0,0.0,0.0,1.0,0.0,0.0,False,Qwen/Qwen2.5-Coder-14B-Instruct-AWQ,None
376,Bar,Easy,3.1163,15.5814,5,0.0,0.0,0.0,0.0,0.0,0.0,0.0,0.0,0.0,0.0,1.0,0.0,0.0,False,Qwen/Qwen2.5-Coder-14B-Instruct-AWQ,None
387,Grouping Scatter,Easy,12.3343,49.3374,4,1.0,0.0,0.0,0.0,0.0,0.0,0.0,0.0,1.0,0.0,0.0,,0.0,False,Qwen/Qwen2.5-Coder-14B-Instruct-AWQ,None
387,Grouping Scatter,Easy,12.3343,49.3374,4,1.0,0.0,0.0,0.0,0.0,0.0,0.0,0.0,1.0,0.0,0.0,,0.0,False,Qwen/Qwen2.5-Coder-14B-Instruct-AWQ,None
387,Grouping Scatter,Easy,12.3343,49.3374,4,1.0,0.0,0.0,0.0,0.0,0.0,0.0,0.0,1.0,0.0,0.0,,0.0,False,Qwen/Qwen2.5-Coder-14B-Instruct-AWQ,None
399,Scatter,Easy,4.1563,12.469,3,0.0,0.0,0.0,0.0,0.0,0.0,0.0,0.0,0.0,0.0,1.0,0.0,0.0,False,Qwen/Qwen2.5-Coder-14B-Instruct-AWQ,None
399,Scatter,Easy,4.1563,12.469,3,0.0,0.0,0.0,0.0,0.0,0.0,0.0,0.0,0.0,0.0,1.0,0.0,0.0,False,Qwen/Qwen2.5-Coder-14B-Instruct-AWQ,None
399,Scatter,Easy,4.1563,12.469,3,0.0,0.0,0.0,0.0,0.0,0.0,0.0,0.0,0.0,0.0,1.0,0.0,0.0,False,Qwen/Qwen2.5-Coder-14B-Instruct-AWQ,None
400,Scatter,Easy,3.9194,7.8389,2,0.0,0.0,0.0,0.0,0.0,0.0,0.0,0.0,0.0,0.0,1.0,0.0,0.0,False,Qwen/Qwen2.5-Coder-14B-Instruct-AWQ,None
400,Scatter,Easy,3.9194,7.8389,2,0.0,0.0,0.0,0.0,0.0,0.0,0.0,0.0,0.0,0.0,1.0,0.0,0.0,False,Qwen/Qwen2.5-Coder-14B-Instruct-AWQ,None
400,Scatter,Easy,3.9194,7.8389,2,0.0,0.0,0.0,0.0,0.0,0.0,0.0,0.0,0.0,0.0,1.0,0.0,0.0,False,Qwen/Qwen2.5-Coder-14B-Instruct-AWQ,None
402,Pie,Medium,4.2103,8.4206,2,0.0,0.0,0.0,0.0,0.0,0.0,0.0,0.0,0.0,0.0,1.0,0.0,0.0,False,Qwen/Qwen2.5-Coder-14B-Instruct-AWQ,None
402,Pie,Medium,4.2103,8.4206,2,0.0,0.0,0.0,0.0,0.0,0.0,0.0,0.0,0.0,0.0,1.0,0.0,0.0,False,Qwen/Qwen2.5-Coder-14B-Instruct-AWQ,None
402,Pie,Medium,4.2103,8.4206,2,0.0,0.0,0.0,0.0,0.0,0.0,0.0,0.0,0.0,0.0,1.0,0.0,0.0,False,Qwen/Qwen2.5-Coder-14B-Instruct-AWQ,None
403,Bar,Medium,4.2294,4.2294,1,0.0,0.0,0.0,0.0,0.0,0.0,0.0,0.0,0.0,0.0,1.0,0.0,0.0,False,Qwen/Qwen2.5-Coder-14B-Instruct-AWQ,None
403,Bar,Medium,4.2294,4.2294,1,0.0,0.0,0.0,0.0,0.0,0.0,0.0,0.0,0.0,0.0,1.0,0.0,0.0,False,Qwen/Qwen2.5-Coder-14B-Instruct-AWQ,None
403,Bar,Medium,4.2294,4.2294,1,0.0,0.0,0.0,0.0,0.0,0.0,0.0,0.0,0.0,0.0,1.0,0.0,0.0,False,Qwen/Qwen2.5-Coder-14B-Instruct-AWQ,None
405,Bar,Easy,4.1961,8.3922,2,0.0,0.0,0.0,0.0,0.0,0.0,0.0,0.0,0.0,0.0,1.0,0.0,0.0,False,Qwen/Qwen2.5-Coder-14B-Instruct-AWQ,None
405,Bar,Easy,4.1961,8.3922,2,0.0,0.0,0.0,0.0,0.0,0.0,0.0,0.0,0.0,0.0,1.0,0.0,0.0,False,Qwen/Qwen2.5-Coder-14B-Instruct-AWQ,None
405,Bar,Easy,4.1961,8.3922,2,0.0,0.0,0.0,0.0,0.0,0.0,0.0,0.0,0.0,0.0,1.0,0.0,0.0,False,Qwen/Qwen2.5-Coder-14B-Instruct-AWQ,None
409,Grouping Scatter,Easy,9.8426,9.8426,1,0.0,0.0,0.0,0.0,0.0,0.0,0.0,0.0,0.0,0.0,1.0,0.0,0.0,False,Qwen/Qwen2.5-Coder-14B-Instruct-AWQ,None
409,Grouping Scatter,Easy,9.8426,9.8426,1,0.0,0.0,0.0,0.0,0.0,0.0,0.0,0.0,0.0,0.0,1.0,0.0,0.0,False,Qwen/Qwen2.5-Coder-14B-Instruct-AWQ,None
409,Grouping Scatter,Easy,9.8426,9.8426,1,0.0,0.0,0.0,0.0,0.0,0.0,0.0,0.0,0.0,0.0,1.0,0.0,0.0,False,Qwen/Qwen2.5-Coder-14B-Instruct-AWQ,None
416,Line,Medium,17.0509,17.0509,1,0.0,0.0,0.0,0.0,0.0,0.0,0.0,0.0,0.0,0.0,1.0,0.0,0.0,False,Qwen/Qwen2.5-Coder-14B-Instruct-AWQ,None
416,Line,Medium,17.0509,17.0509,1,0.0,0.0,0.0,0.0,0.0,0.0,0.0,0.0,0.0,0.0,1.0,0.0,0.0,False,Qwen/Qwen2.5-Coder-14B-Instruct-AWQ,None
416,Line,Medium,17.0509,17.0509,1,0.0,0.0,0.0,0.0,0.0,0.0,0.0,0.0,0.0,0.0,1.0,0.0,0.0,False,Qwen/Qwen2.5-Coder-14B-Instruct-AWQ,None
419,Pie,Medium,4.8245,9.649,2,0.0,0.0,0.0,0.0,0.0,0.0,0.0,0.0,0.0,0.0,1.0,0.0,0.0,True,Qwen/Qwen2.5-Coder-14B-Instruct-AWQ,None
419,Pie,Medium,4.8245,9.649,2,0.0,0.0,0.0,0.0,0.0,0.0,0.0,0.0,0.0,0.0,1.0,0.0,0.0,True,Qwen/Qwen2.5-Coder-14B-Instruct-AWQ,None
419,Pie,Medium,4.8245,9.649,2,0.0,0.0,0.0,0.0,0.0,0.0,0.0,0.0,0.0,0.0,1.0,0.0,0.0,True,Qwen/Qwen2.5-Coder-14B-Instruct-AWQ,None
432,Scatter,Easy,4.0463,12.1389,3,0.0,0.0,0.0,0.0,0.0,0.0,0.0,0.0,0.0,0.0,1.0,0.0,0.0,False,Qwen/Qwen2.5-Coder-14B-Instruct-AWQ,None
432,Scatter,Easy,4.0463,12.1389,3,0.0,0.0,0.0,0.0,0.0,0.0,0.0,0.0,0.0,0.0,1.0,0.0,0.0,False,Qwen/Qwen2.5-Coder-14B-Instruct-AWQ,None
432,Scatter,Easy,4.0463,12.1389,3,0.0,0.0,0.0,0.0,0.0,0.0,0.0,0.0,0.0,0.0,1.0,0.0,0.0,False,Qwen/Qwen2.5-Coder-14B-Instruct-AWQ,None
433,Pie,Medium,5.8803,17.641,3,0.0,0.0,0.0,0.0,0.6666666666666666,0.0,0.0,0.0,0.0,0.6666666666666666,0.3333333333333333,0.0,0.0,True,Qwen/Qwen2.5-Coder-14B-Instruct-AWQ,None
433,Pie,Medium,5.8803,17.641,3,0.0,0.0,0.0,0.0,0.6666666666666666,0.0,0.0,0.0,0.0,0.6666666666666666,0.3333333333333333,0.0,0.0,True,Qwen/Qwen2.5-Coder-14B-Instruct-AWQ,None
433,Pie,Medium,5.8803,17.641,3,0.0,0.0,0.0,0.0,0.6666666666666666,0.0,0.0,0.0,0.0,0.6666666666666666,0.3333333333333333,0.0,0.0,True,Qwen/Qwen2.5-Coder-14B-Instruct-AWQ,None
440,Bar,Hard,6.1268,6.1268,1,0.0,0.0,0.0,0.0,0.0,0.0,0.0,0.0,0.0,0.0,1.0,0.0,0.0,True,Qwen/Qwen2.5-Coder-14B-Instruct-AWQ,None
440,Bar,Hard,6.1268,6.1268,1,0.0,0.0,0.0,0.0,0.0,0.0,0.0,0.0,0.0,0.0,1.0,0.0,0.0,True,Qwen/Qwen2.5-Coder-14B-Instruct-AWQ,None
440,Bar,Hard,6.1268,6.1268,1,0.0,0.0,0.0,0.0,0.0,0.0,0.0,0.0,0.0,0.0,1.0,0.0,0.0,True,Qwen/Qwen2.5-Coder-14B-Instruct-AWQ,None
441,Bar,Hard,6.0125,6.0125,1,0.0,0.0,0.0,0.0,0.0,0.0,0.0,0.0,0.0,0.0,1.0,0.0,0.0,True,Qwen/Qwen2.5-Coder-14B-Instruct-AWQ,None
441,Bar,Hard,6.0125,6.0125,1,0.0,0.0,0.0,0.0,0.0,0.0,0.0,0.0,0.0,0.0,1.0,0.0,0.0,True,Qwen/Qwen2.5-Coder-14B-Instruct-AWQ,None
441,Bar,Hard,6.0125,6.0125,1,0.0,0.0,0.0,0.0,0.0,0.0,0.0,0.0,0.0,0.0,1.0,0.0,0.0,True,Qwen/Qwen2.5-Coder-14B-Instruct-AWQ,None
446,Pie,Easy,5.9485,17.8455,3,0.0,0.0,0.0,0.0,1.0,0.0,0.0,0.0,0.0,1.0,0.0,,0.0,True,Qwen/Qwen2.5-Coder-14B-Instruct-AWQ,None
446,Pie,Easy,5.9485,17.8455,3,0.0,0.0,0.0,0.0,1.0,0.0,0.0,0.0,0.0,1.0,0.0,,0.0,True,Qwen/Qwen2.5-Coder-14B-Instruct-AWQ,None
446,Pie,Easy,5.9485,17.8455,3,0.0,0.0,0.0,0.0,1.0,0.0,0.0,0.0,0.0,1.0,0.0,,0.0,True,Qwen/Qwen2.5-Coder-14B-Instruct-AWQ,None
451,Bar,Medium,6.0082,6.0082,1,0.0,0.0,0.0,0.0,0.0,0.0,0.0,0.0,0.0,0.0,1.0,0.0,0.0,True,Qwen/Qwen2.5-Coder-14B-Instruct-AWQ,None
451,Bar,Medium,6.0082,6.0082,1,0.0,0.0,0.0,0.0,0.0,0.0,0.0,0.0,0.0,0.0,1.0,0.0,0.0,True,Qwen/Qwen2.5-Coder-14B-Instruct-AWQ,None
451,Bar,Medium,6.0082,6.0082,1,0.0,0.0,0.0,0.0,0.0,0.0,0.0,0.0,0.0,0.0,1.0,0.0,0.0,True,Qwen/Qwen2.5-Coder-14B-Instruct-AWQ,None
457,Pie,Medium,5.6128,5.6128,1,0.0,0.0,0.0,0.0,1.0,0.0,0.0,0.0,0.0,1.0,0.0,,0.0,True,Qwen/Qwen2.5-Coder-14B-Instruct-AWQ,None
457,Pie,Medium,5.6128,5.6128,1,0.0,0.0,0.0,0.0,1.0,0.0,0.0,0.0,0.0,1.0,0.0,,0.0,True,Qwen/Qwen2.5-Coder-14B-Instruct-AWQ,None
457,Pie,Medium,5.6128,5.6128,1,0.0,0.0,0.0,0.0,1.0,0.0,0.0,0.0,0.0,1.0,0.0,,0.0,True,Qwen/Qwen2.5-Coder-14B-Instruct-AWQ,None
461,Pie,Medium,15.5715,15.5715,1,1.0,0.0,0.0,0.0,0.0,0.0,0.0,0.0,1.0,0.0,0.0,,0.0,True,Qwen/Qwen2.5-Coder-14B-Instruct-AWQ,None
461,Pie,Medium,15.5715,15.5715,1,1.0,0.0,0.0,0.0,0.0,0.0,0.0,0.0,1.0,0.0,0.0,,0.0,True,Qwen/Qwen2.5-Coder-14B-Instruct-AWQ,None
461,Pie,Medium,15.5715,15.5715,1,1.0,0.0,0.0,0.0,0.0,0.0,0.0,0.0,1.0,0.0,0.0,,0.0,True,Qwen/Qwen2.5-Coder-14B-Instruct-AWQ,None
462,Pie,Medium,5.6646,5.6646,1,0.0,0.0,0.0,0.0,1.0,0.0,0.0,0.0,0.0,1.0,0.0,,0.0,True,Qwen/Qwen2.5-Coder-14B-Instruct-AWQ,None
462,Pie,Medium,5.6646,5.6646,1,0.0,0.0,0.0,0.0,1.0,0.0,0.0,0.0,0.0,1.0,0.0,,0.0,True,Qwen/Qwen2.5-Coder-14B-Instruct-AWQ,None
462,Pie,Medium,5.6646,5.6646,1,0.0,0.0,0.0,0.0,1.0,0.0,0.0,0.0,0.0,1.0,0.0,,0.0,True,Qwen/Qwen2.5-Coder-14B-Instruct-AWQ,None
463,Bar,Medium,3.6057,3.6057,1,0.0,0.0,0.0,0.0,0.0,0.0,0.0,0.0,0.0,0.0,1.0,0.0,0.0,True,Qwen/Qwen2.5-Coder-14B-Instruct-AWQ,None
463,Bar,Medium,3.6057,3.6057,1,0.0,0.0,0.0,0.0,0.0,0.0,0.0,0.0,0.0,0.0,1.0,0.0,0.0,True,Qwen/Qwen2.5-Coder-14B-Instruct-AWQ,None
463,Bar,Medium,3.6057,3.6057,1,0.0,0.0,0.0,0.0,0.0,0.0,0.0,0.0,0.0,0.0,1.0,0.0,0.0,True,Qwen/Qwen2.5-Coder-14B-Instruct-AWQ,None
464,Bar,Easy,3.528,10.5841,3,0.0,0.0,0.0,0.0,0.0,0.0,0.0,0.0,0.0,0.0,1.0,0.0,0.0,False,Qwen/Qwen2.5-Coder-14B-Instruct-AWQ,None
464,Bar,Easy,3.528,10.5841,3,0.0,0.0,0.0,0.0,0.0,0.0,0.0,0.0,0.0,0.0,1.0,0.0,0.0,False,Qwen/Qwen2.5-Coder-14B-Instruct-AWQ,None
464,Bar,Easy,3.528,10.5841,3,0.0,0.0,0.0,0.0,0.0,0.0,0.0,0.0,0.0,0.0,1.0,0.0,0.0,False,Qwen/Qwen2.5-Coder-14B-Instruct-AWQ,None
470,Line,Easy,5.0298,10.0596,2,0.0,0.0,0.0,0.0,0.5,0.0,0.0,0.0,0.0,0.5,0.5,0.0,0.0,False,Qwen/Qwen2.5-Coder-14B-Instruct-AWQ,None
470,Line,Easy,5.0298,10.0596,2,0.0,0.0,0.0,0.0,0.5,0.0,0.0,0.0,0.0,0.5,0.5,0.0,0.0,False,Qwen/Qwen2.5-Coder-14B-Instruct-AWQ,None
470,Line,Easy,5.0298,10.0596,2,0.0,0.0,0.0,0.0,0.5,0.0,0.0,0.0,0.0,0.5,0.5,0.0,0.0,False,Qwen/Qwen2.5-Coder-14B-Instruct-AWQ,None
471,Line,Easy,4.9381,4.9381,1,0.0,0.0,0.0,0.0,0.0,0.0,0.0,0.0,0.0,0.0,1.0,0.0,0.0,False,Qwen/Qwen2.5-Coder-14B-Instruct-AWQ,None
471,Line,Easy,4.9381,4.9381,1,0.0,0.0,0.0,0.0,0.0,0.0,0.0,0.0,0.0,0.0,1.0,0.0,0.0,False,Qwen/Qwen2.5-Coder-14B-Instruct-AWQ,None
471,Line,Easy,4.9381,4.9381,1,0.0,0.0,0.0,0.0,0.0,0.0,0.0,0.0,0.0,0.0,1.0,0.0,0.0,False,Qwen/Qwen2.5-Coder-14B-Instruct-AWQ,None
478,Pie,Medium,19.2956,38.5912,2,1.0,0.0,0.0,0.0,0.0,0.0,0.0,0.0,1.0,0.0,0.0,,0.0,True,Qwen/Qwen2.5-Coder-14B-Instruct-AWQ,None
478,Pie,Medium,19.2956,38.5912,2,1.0,0.0,0.0,0.0,0.0,0.0,0.0,0.0,1.0,0.0,0.0,,0.0,True,Qwen/Qwen2.5-Coder-14B-Instruct-AWQ,None
478,Pie,Medium,19.2956,38.5912,2,1.0,0.0,0.0,0.0,0.0,0.0,0.0,0.0,1.0,0.0,0.0,,0.0,True,Qwen/Qwen2.5-Coder-14B-Instruct-AWQ,None
479,Bar,Medium,5.9008,11.8016,2,0.0,0.0,0.0,0.0,0.5,0.0,0.0,0.0,0.0,0.5,0.5,0.0,0.0,True,Qwen/Qwen2.5-Coder-14B-Instruct-AWQ,None
479,Bar,Medium,5.9008,11.8016,2,0.0,0.0,0.0,0.0,0.5,0.0,0.0,0.0,0.0,0.5,0.5,0.0,0.0,True,Qwen/Qwen2.5-Coder-14B-Instruct-AWQ,None
479,Bar,Medium,5.9008,11.8016,2,0.0,0.0,0.0,0.0,0.5,0.0,0.0,0.0,0.0,0.5,0.5,0.0,0.0,True,Qwen/Qwen2.5-Coder-14B-Instruct-AWQ,None
481,Bar,Medium,11.3599,34.0796,3,0.6666666666666666,0.0,0.0,0.0,0.0,0.0,0.0,0.0,0.6666666666666666,0.0,0.3333333333333333,0.0,0.0,False,Qwen/Qwen2.5-Coder-14B-Instruct-AWQ,None
481,Bar,Medium,11.3599,34.0796,3,0.6666666666666666,0.0,0.0,0.0,0.0,0.0,0.0,0.0,0.6666666666666666,0.0,0.3333333333333333,0.0,0.0,False,Qwen/Qwen2.5-Coder-14B-Instruct-AWQ,None
481,Bar,Medium,11.3599,34.0796,3,0.6666666666666666,0.0,0.0,0.0,0.0,0.0,0.0,0.0,0.6666666666666666,0.0,0.3333333333333333,0.0,0.0,False,Qwen/Qwen2.5-Coder-14B-Instruct-AWQ,None
487,Pie,Medium,6.8511,13.7021,2,0.0,0.0,0.0,0.0,0.5,0.0,0.0,0.0,0.0,0.5,0.5,0.0,0.0,True,Qwen/Qwen2.5-Coder-14B-Instruct-AWQ,None
487,Pie,Medium,6.8511,13.7021,2,0.0,0.0,0.0,0.0,0.5,0.0,0.0,0.0,0.0,0.5,0.5,0.0,0.0,True,Qwen/Qwen2.5-Coder-14B-Instruct-AWQ,None
487,Pie,Medium,6.8511,13.7021,2,0.0,0.0,0.0,0.0,0.5,0.0,0.0,0.0,0.0,0.5,0.5,0.0,0.0,True,Qwen/Qwen2.5-Coder-14B-Instruct-AWQ,None
488,Bar,Medium,6.3668,12.7336,2,0.0,0.0,0.0,0.0,0.0,0.0,0.0,0.0,0.0,0.0,1.0,0.0,0.0,True,Qwen/Qwen2.5-Coder-14B-Instruct-AWQ,None
488,Bar,Medium,6.3668,12.7336,2,0.0,0.0,0.0,0.0,0.0,0.0,0.0,0.0,0.0,0.0,1.0,0.0,0.0,True,Qwen/Qwen2.5-Coder-14B-Instruct-AWQ,None
488,Bar,Medium,6.3668,12.7336,2,0.0,0.0,0.0,0.0,0.0,0.0,0.0,0.0,0.0,0.0,1.0,0.0,0.0,True,Qwen/Qwen2.5-Coder-14B-Instruct-AWQ,None
491,Pie,Easy,5.1019,5.1019,1,0.0,0.0,0.0,0.0,0.0,0.0,0.0,0.0,0.0,0.0,1.0,0.0,0.0,False,Qwen/Qwen2.5-Coder-14B-Instruct-AWQ,None
491,Pie,Easy,5.1019,5.1019,1,0.0,0.0,0.0,0.0,0.0,0.0,0.0,0.0,0.0,0.0,1.0,0.0,0.0,False,Qwen/Qwen2.5-Coder-14B-Instruct-AWQ,None
491,Pie,Easy,5.1019,5.1019,1,0.0,0.0,0.0,0.0,0.0,0.0,0.0,0.0,0.0,0.0,1.0,0.0,0.0,False,Qwen/Qwen2.5-Coder-14B-Instruct-AWQ,None
492,Bar,Easy,5.2885,5.2885,1,0.0,0.0,0.0,0.0,0.0,0.0,0.0,0.0,0.0,0.0,1.0,0.0,0.0,False,Qwen/Qwen2.5-Coder-14B-Instruct-AWQ,None
492,Bar,Easy,5.2885,5.2885,1,0.0,0.0,0.0,0.0,0.0,0.0,0.0,0.0,0.0,0.0,1.0,0.0,0.0,False,Qwen/Qwen2.5-Coder-14B-Instruct-AWQ,None
492,Bar,Easy,5.2885,5.2885,1,0.0,0.0,0.0,0.0,0.0,0.0,0.0,0.0,0.0,0.0,1.0,0.0,0.0,False,Qwen/Qwen2.5-Coder-14B-Instruct-AWQ,None
494,Pie,Easy,3.095,3.095,1,0.0,0.0,0.0,0.0,0.0,0.0,0.0,0.0,0.0,0.0,1.0,0.0,0.0,False,Qwen/Qwen2.5-Coder-14B-Instruct-AWQ,None
494,Pie,Easy,3.095,3.095,1,0.0,0.0,0.0,0.0,0.0,0.0,0.0,0.0,0.0,0.0,1.0,0.0,0.0,False,Qwen/Qwen2.5-Coder-14B-Instruct-AWQ,None
494,Pie,Easy,3.095,3.095,1,0.0,0.0,0.0,0.0,0.0,0.0,0.0,0.0,0.0,0.0,1.0,0.0,0.0,False,Qwen/Qwen2.5-Coder-14B-Instruct-AWQ,None
505,Bar,Medium,3.4132,3.4132,1,0.0,0.0,0.0,0.0,0.0,0.0,0.0,0.0,0.0,0.0,1.0,0.0,0.0,False,Qwen/Qwen2.5-Coder-14B-Instruct-AWQ,None
505,Bar,Medium,3.4132,3.4132,1,0.0,0.0,0.0,0.0,0.0,0.0,0.0,0.0,0.0,0.0,1.0,0.0,0.0,False,Qwen/Qwen2.5-Coder-14B-Instruct-AWQ,None
505,Bar,Medium,3.4132,3.4132,1,0.0,0.0,0.0,0.0,0.0,0.0,0.0,0.0,0.0,0.0,1.0,0.0,0.0,False,Qwen/Qwen2.5-Coder-14B-Instruct-AWQ,None
513,Bar,Medium,5.4411,16.3233,3,0.0,0.0,0.0,0.0,0.6666666666666666,0.0,0.0,0.0,0.0,0.6666666666666666,0.3333333333333333,0.0,0.0,True,Qwen/Qwen2.5-Coder-14B-Instruct-AWQ,None
513,Bar,Medium,5.4411,16.3233,3,0.0,0.0,0.0,0.0,0.6666666666666666,0.0,0.0,0.0,0.0,0.6666666666666666,0.3333333333333333,0.0,0.0,True,Qwen/Qwen2.5-Coder-14B-Instruct-AWQ,None
513,Bar,Medium,5.4411,16.3233,3,0.0,0.0,0.0,0.0,0.6666666666666666,0.0,0.0,0.0,0.0,0.6666666666666666,0.3333333333333333,0.0,0.0,True,Qwen/Qwen2.5-Coder-14B-Instruct-AWQ,None
516,Bar,Hard,9.8268,29.4804,3,0.0,0.0,0.0,0.0,0.3333333333333333,0.0,0.0,0.0,0.0,0.3333333333333333,0.6666666666666666,0.0,0.0,False,Qwen/Qwen2.5-Coder-14B-Instruct-AWQ,None
516,Bar,Hard,9.8268,29.4804,3,0.0,0.0,0.0,0.0,0.3333333333333333,0.0,0.0,0.0,0.0,0.3333333333333333,0.6666666666666666,0.0,0.0,False,Qwen/Qwen2.5-Coder-14B-Instruct-AWQ,None
516,Bar,Hard,9.8268,29.4804,3,0.0,0.0,0.0,0.0,0.3333333333333333,0.0,0.0,0.0,0.0,0.3333333333333333,0.6666666666666666,0.0,0.0,False,Qwen/Qwen2.5-Coder-14B-Instruct-AWQ,None
517,Pie,Medium,5.4754,10.9509,2,0.0,0.0,0.0,0.0,0.0,0.0,0.0,0.0,0.0,0.0,1.0,0.0,0.0,False,Qwen/Qwen2.5-Coder-14B-Instruct-AWQ,None
517,Pie,Medium,5.4754,10.9509,2,0.0,0.0,0.0,0.0,0.0,0.0,0.0,0.0,0.0,0.0,1.0,0.0,0.0,False,Qwen/Qwen2.5-Coder-14B-Instruct-AWQ,None
517,Pie,Medium,5.4754,10.9509,2,0.0,0.0,0.0,0.0,0.0,0.0,0.0,0.0,0.0,0.0,1.0,0.0,0.0,False,Qwen/Qwen2.5-Coder-14B-Instruct-AWQ,None
526,Bar,Extra Hard,6.1477,12.2953,2,0.0,0.0,0.0,0.0,0.5,0.0,0.0,0.0,0.0,0.5,0.5,0.0,0.0,True,Qwen/Qwen2.5-Coder-14B-Instruct-AWQ,None
526,Bar,Extra Hard,6.1477,12.2953,2,0.0,0.0,0.0,0.0,0.5,0.0,0.0,0.0,0.0,0.5,0.5,0.0,0.0,True,Qwen/Qwen2.5-Coder-14B-Instruct-AWQ,None
526,Bar,Extra Hard,6.1477,12.2953,2,0.0,0.0,0.0,0.0,0.5,0.0,0.0,0.0,0.0,0.5,0.5,0.0,0.0,True,Qwen/Qwen2.5-Coder-14B-Instruct-AWQ,None
527,Pie,Extra Hard,8.4042,16.8083,2,0.0,0.0,0.0,0.0,0.0,0.0,0.0,0.0,0.0,0.0,1.0,0.0,0.0,True,Qwen/Qwen2.5-Coder-14B-Instruct-AWQ,None
527,Pie,Extra Hard,8.4042,16.8083,2,0.0,0.0,0.0,0.0,0.0,0.0,0.0,0.0,0.0,0.0,1.0,0.0,0.0,True,Qwen/Qwen2.5-Coder-14B-Instruct-AWQ,None
527,Pie,Extra Hard,8.4042,16.8083,2,0.0,0.0,0.0,0.0,0.0,0.0,0.0,0.0,0.0,0.0,1.0,0.0,0.0,True,Qwen/Qwen2.5-Coder-14B-Instruct-AWQ,None
536,Scatter,Easy,6.8382,13.6765,2,0.0,0.0,0.0,0.0,0.0,0.0,0.0,0.0,0.0,0.0,1.0,0.0,0.0,False,Qwen/Qwen2.5-Coder-14B-Instruct-AWQ,None
536,Scatter,Easy,6.8382,13.6765,2,0.0,0.0,0.0,0.0,0.0,0.0,0.0,0.0,0.0,0.0,1.0,0.0,0.0,False,Qwen/Qwen2.5-Coder-14B-Instruct-AWQ,None
536,Scatter,Easy,6.8382,13.6765,2,0.0,0.0,0.0,0.0,0.0,0.0,0.0,0.0,0.0,0.0,1.0,0.0,0.0,False,Qwen/Qwen2.5-Coder-14B-Instruct-AWQ,None
539,Grouping Scatter,Easy,7.9217,23.765,3,0.0,0.0,0.0,0.0,0.0,0.0,0.0,0.0,0.0,0.0,1.0,0.0,0.0,False,Qwen/Qwen2.5-Coder-14B-Instruct-AWQ,None
539,Grouping Scatter,Easy,7.9217,23.765,3,0.0,0.0,0.0,0.0,0.0,0.0,0.0,0.0,0.0,0.0,1.0,0.0,0.0,False,Qwen/Qwen2.5-Coder-14B-Instruct-AWQ,None
539,Grouping Scatter,Easy,7.9217,23.765,3,0.0,0.0,0.0,0.0,0.0,0.0,0.0,0.0,0.0,0.0,1.0,0.0,0.0,False,Qwen/Qwen2.5-Coder-14B-Instruct-AWQ,None
540,Grouping Scatter,Easy,10.6697,32.0091,3,0.3333333333333333,0.0,0.0,0.0,0.0,0.0,0.0,0.0,0.3333333333333333,0.0,0.6666666666666666,0.0,0.0,False,Qwen/Qwen2.5-Coder-14B-Instruct-AWQ,None
540,Grouping Scatter,Easy,10.6697,32.0091,3,0.3333333333333333,0.0,0.0,0.0,0.0,0.0,0.0,0.0,0.3333333333333333,0.0,0.6666666666666666,0.0,0.0,False,Qwen/Qwen2.5-Coder-14B-Instruct-AWQ,None
540,Grouping Scatter,Easy,10.6697,32.0091,3,0.3333333333333333,0.0,0.0,0.0,0.0,0.0,0.0,0.0,0.3333333333333333,0.0,0.6666666666666666,0.0,0.0,False,Qwen/Qwen2.5-Coder-14B-Instruct-AWQ,None
541,Grouping Scatter,Easy,5.7503,17.2508,3,0.0,0.0,0.0,0.0,0.0,0.0,0.0,0.0,0.0,0.0,1.0,0.0,0.0,False,Qwen/Qwen2.5-Coder-14B-Instruct-AWQ,None
541,Grouping Scatter,Easy,5.7503,17.2508,3,0.0,0.0,0.0,0.0,0.0,0.0,0.0,0.0,0.0,0.0,1.0,0.0,0.0,False,Qwen/Qwen2.5-Coder-14B-Instruct-AWQ,None
541,Grouping Scatter,Easy,5.7503,17.2508,3,0.0,0.0,0.0,0.0,0.0,0.0,0.0,0.0,0.0,0.0,1.0,0.0,0.0,False,Qwen/Qwen2.5-Coder-14B-Instruct-AWQ,None
542,Pie,Medium,16.5823,49.7468,3,1.0,0.0,0.0,0.0,0.0,0.0,0.0,0.0,1.0,0.0,0.0,,0.0,False,Qwen/Qwen2.5-Coder-14B-Instruct-AWQ,None
542,Pie,Medium,16.5823,49.7468,3,1.0,0.0,0.0,0.0,0.0,0.0,0.0,0.0,1.0,0.0,0.0,,0.0,False,Qwen/Qwen2.5-Coder-14B-Instruct-AWQ,None
542,Pie,Medium,16.5823,49.7468,3,1.0,0.0,0.0,0.0,0.0,0.0,0.0,0.0,1.0,0.0,0.0,,0.0,False,Qwen/Qwen2.5-Coder-14B-Instruct-AWQ,None
551,Bar,Extra Hard,7.7576,15.5151,2,0.0,0.0,0.0,0.0,0.0,0.0,0.0,0.0,0.0,0.0,1.0,0.0,0.0,True,Qwen/Qwen2.5-Coder-14B-Instruct-AWQ,None
551,Bar,Extra Hard,7.7576,15.5151,2,0.0,0.0,0.0,0.0,0.0,0.0,0.0,0.0,0.0,0.0,1.0,0.0,0.0,True,Qwen/Qwen2.5-Coder-14B-Instruct-AWQ,None
551,Bar,Extra Hard,7.7576,15.5151,2,0.0,0.0,0.0,0.0,0.0,0.0,0.0,0.0,0.0,0.0,1.0,0.0,0.0,True,Qwen/Qwen2.5-Coder-14B-Instruct-AWQ,None
561,Bar,Medium,6.8059,13.6117,2,0.0,0.0,0.0,0.0,0.0,0.0,0.0,0.0,0.0,0.0,1.0,0.0,0.0,True,Qwen/Qwen2.5-Coder-14B-Instruct-AWQ,None
561,Bar,Medium,6.8059,13.6117,2,0.0,0.0,0.0,0.0,0.0,0.0,0.0,0.0,0.0,0.0,1.0,0.0,0.0,True,Qwen/Qwen2.5-Coder-14B-Instruct-AWQ,None
561,Bar,Medium,6.8059,13.6117,2,0.0,0.0,0.0,0.0,0.0,0.0,0.0,0.0,0.0,0.0,1.0,0.0,0.0,True,Qwen/Qwen2.5-Coder-14B-Instruct-AWQ,None
567,Bar,Medium,5.0204,10.0408,2,0.0,0.0,0.0,0.0,0.0,0.0,0.0,0.0,0.0,0.0,1.0,0.0,0.0,False,Qwen/Qwen2.5-Coder-14B-Instruct-AWQ,None
567,Bar,Medium,5.0204,10.0408,2,0.0,0.0,0.0,0.0,0.0,0.0,0.0,0.0,0.0,0.0,1.0,0.0,0.0,False,Qwen/Qwen2.5-Coder-14B-Instruct-AWQ,None
567,Bar,Medium,5.0204,10.0408,2,0.0,0.0,0.0,0.0,0.0,0.0,0.0,0.0,0.0,0.0,1.0,0.0,0.0,False,Qwen/Qwen2.5-Coder-14B-Instruct-AWQ,None
574,Bar,Medium,5.4733,27.3666,5,0.0,0.0,0.0,0.0,0.2,0.0,0.0,0.0,0.0,0.2,0.8,0.0,0.0,True,Qwen/Qwen2.5-Coder-14B-Instruct-AWQ,None
574,Bar,Medium,5.4733,27.3666,5,0.0,0.0,0.0,0.0,0.2,0.0,0.0,0.0,0.0,0.2,0.8,0.0,0.0,True,Qwen/Qwen2.5-Coder-14B-Instruct-AWQ,None
574,Bar,Medium,5.4733,27.3666,5,0.0,0.0,0.0,0.0,0.2,0.0,0.0,0.0,0.0,0.2,0.8,0.0,0.0,True,Qwen/Qwen2.5-Coder-14B-Instruct-AWQ,None
577,Pie,Extra Hard,14.5293,29.0586,2,0.5,0.0,0.0,0.0,0.0,0.0,0.0,0.0,0.5,0.0,0.5,0.0,0.0,True,Qwen/Qwen2.5-Coder-14B-Instruct-AWQ,None
577,Pie,Extra Hard,14.5293,29.0586,2,0.5,0.0,0.0,0.0,0.0,0.0,0.0,0.0,0.5,0.0,0.5,0.0,0.0,True,Qwen/Qwen2.5-Coder-14B-Instruct-AWQ,None
577,Pie,Extra Hard,14.5293,29.0586,2,0.5,0.0,0.0,0.0,0.0,0.0,0.0,0.0,0.5,0.0,0.5,0.0,0.0,True,Qwen/Qwen2.5-Coder-14B-Instruct-AWQ,None
582,Stacked Bar,Hard,10.6215,21.243,2,0.0,0.0,0.0,0.0,0.0,0.0,0.0,0.0,0.0,0.0,1.0,0.0,0.0,True,Qwen/Qwen2.5-Coder-14B-Instruct-AWQ,None
582,Stacked Bar,Hard,10.6215,21.243,2,0.0,0.0,0.0,0.0,0.0,0.0,0.0,0.0,0.0,0.0,1.0,0.0,0.0,True,Qwen/Qwen2.5-Coder-14B-Instruct-AWQ,None
582,Stacked Bar,Hard,10.6215,21.243,2,0.0,0.0,0.0,0.0,0.0,0.0,0.0,0.0,0.0,0.0,1.0,0.0,0.0,True,Qwen/Qwen2.5-Coder-14B-Instruct-AWQ,None
591,Grouping Line,Extra Hard,7.2492,14.4983,2,0.0,0.0,0.0,0.0,1.0,0.0,0.0,0.0,0.0,1.0,0.0,,0.0,True,Qwen/Qwen2.5-Coder-14B-Instruct-AWQ,None
591,Grouping Line,Extra Hard,7.2492,14.4983,2,0.0,0.0,0.0,0.0,1.0,0.0,0.0,0.0,0.0,1.0,0.0,,0.0,True,Qwen/Qwen2.5-Coder-14B-Instruct-AWQ,None
591,Grouping Line,Extra Hard,7.2492,14.4983,2,0.0,0.0,0.0,0.0,1.0,0.0,0.0,0.0,0.0,1.0,0.0,,0.0,True,Qwen/Qwen2.5-Coder-14B-Instruct-AWQ,None
593,Bar,Extra Hard,5.9037,11.8073,2,0.0,0.0,0.0,0.0,0.0,0.0,0.0,0.0,0.0,0.0,1.0,0.0,0.0,True,Qwen/Qwen2.5-Coder-14B-Instruct-AWQ,None
593,Bar,Extra Hard,5.9037,11.8073,2,0.0,0.0,0.0,0.0,0.0,0.0,0.0,0.0,0.0,0.0,1.0,0.0,0.0,True,Qwen/Qwen2.5-Coder-14B-Instruct-AWQ,None
593,Bar,Extra Hard,5.9037,11.8073,2,0.0,0.0,0.0,0.0,0.0,0.0,0.0,0.0,0.0,0.0,1.0,0.0,0.0,True,Qwen/Qwen2.5-Coder-14B-Instruct-AWQ,None
610,Pie,Hard,5.8511,11.7022,2,0.0,0.0,0.0,0.0,0.0,0.0,0.0,0.0,0.0,0.0,1.0,0.0,0.0,True,Qwen/Qwen2.5-Coder-14B-Instruct-AWQ,None
610,Pie,Hard,5.8511,11.7022,2,0.0,0.0,0.0,0.0,0.0,0.0,0.0,0.0,0.0,0.0,1.0,0.0,0.0,True,Qwen/Qwen2.5-Coder-14B-Instruct-AWQ,None
610,Pie,Hard,5.8511,11.7022,2,0.0,0.0,0.0,0.0,0.0,0.0,0.0,0.0,0.0,0.0,1.0,0.0,0.0,True,Qwen/Qwen2.5-Coder-14B-Instruct-AWQ,None
611,Line,Hard,6.9,13.8,2,0.0,0.0,0.0,0.0,0.0,0.0,0.0,0.0,0.0,0.0,1.0,0.0,0.0,True,Qwen/Qwen2.5-Coder-14B-Instruct-AWQ,None
611,Line,Hard,6.9,13.8,2,0.0,0.0,0.0,0.0,0.0,0.0,0.0,0.0,0.0,0.0,1.0,0.0,0.0,True,Qwen/Qwen2.5-Coder-14B-Instruct-AWQ,None
611,Line,Hard,6.9,13.8,2,0.0,0.0,0.0,0.0,0.0,0.0,0.0,0.0,0.0,0.0,1.0,0.0,0.0,True,Qwen/Qwen2.5-Coder-14B-Instruct-AWQ,None
612,Line,Hard,6.8834,13.7668,2,0.0,0.0,0.0,0.0,0.0,0.0,0.0,0.0,0.0,0.0,1.0,0.0,0.0,True,Qwen/Qwen2.5-Coder-14B-Instruct-AWQ,None
612,Line,Hard,6.8834,13.7668,2,0.0,0.0,0.0,0.0,0.0,0.0,0.0,0.0,0.0,0.0,1.0,0.0,0.0,True,Qwen/Qwen2.5-Coder-14B-Instruct-AWQ,None
612,Line,Hard,6.8834,13.7668,2,0.0,0.0,0.0,0.0,0.0,0.0,0.0,0.0,0.0,0.0,1.0,0.0,0.0,True,Qwen/Qwen2.5-Coder-14B-Instruct-AWQ,None
616,Bar,Medium,4.0602,8.1204,2,0.0,0.0,0.0,0.0,0.0,0.0,0.0,0.0,0.0,0.0,1.0,0.0,0.0,False,Qwen/Qwen2.5-Coder-14B-Instruct-AWQ,None
616,Bar,Medium,4.0602,8.1204,2,0.0,0.0,0.0,0.0,0.0,0.0,0.0,0.0,0.0,0.0,1.0,0.0,0.0,False,Qwen/Qwen2.5-Coder-14B-Instruct-AWQ,None
616,Bar,Medium,4.0602,8.1204,2,0.0,0.0,0.0,0.0,0.0,0.0,0.0,0.0,0.0,0.0,1.0,0.0,0.0,False,Qwen/Qwen2.5-Coder-14B-Instruct-AWQ,None
617,Bar,Medium,4.2386,8.4772,2,0.0,0.0,0.0,0.0,0.0,0.0,0.0,0.0,0.0,0.0,1.0,0.0,0.0,False,Qwen/Qwen2.5-Coder-14B-Instruct-AWQ,None
617,Bar,Medium,4.2386,8.4772,2,0.0,0.0,0.0,0.0,0.0,0.0,0.0,0.0,0.0,0.0,1.0,0.0,0.0,False,Qwen/Qwen2.5-Coder-14B-Instruct-AWQ,None
617,Bar,Medium,4.2386,8.4772,2,0.0,0.0,0.0,0.0,0.0,0.0,0.0,0.0,0.0,0.0,1.0,0.0,0.0,False,Qwen/Qwen2.5-Coder-14B-Instruct-AWQ,None
622,Scatter,Easy,7.3474,14.6947,2,0.0,0.0,0.0,0.0,0.0,0.0,0.0,0.0,0.0,0.0,1.0,0.0,0.0,False,Qwen/Qwen2.5-Coder-14B-Instruct-AWQ,None
622,Scatter,Easy,7.3474,14.6947,2,0.0,0.0,0.0,0.0,0.0,0.0,0.0,0.0,0.0,0.0,1.0,0.0,0.0,False,Qwen/Qwen2.5-Coder-14B-Instruct-AWQ,None
622,Scatter,Easy,7.3474,14.6947,2,0.0,0.0,0.0,0.0,0.0,0.0,0.0,0.0,0.0,0.0,1.0,0.0,0.0,False,Qwen/Qwen2.5-Coder-14B-Instruct-AWQ,None
628,Scatter,Extra Hard,5.4445,10.889,2,0.0,0.0,0.0,0.0,1.0,0.0,0.0,0.0,0.0,1.0,0.0,,0.0,True,Qwen/Qwen2.5-Coder-14B-Instruct-AWQ,None
628,Scatter,Extra Hard,5.4445,10.889,2,0.0,0.0,0.0,0.0,1.0,0.0,0.0,0.0,0.0,1.0,0.0,,0.0,True,Qwen/Qwen2.5-Coder-14B-Instruct-AWQ,None
628,Scatter,Extra Hard,5.4445,10.889,2,0.0,0.0,0.0,0.0,1.0,0.0,0.0,0.0,0.0,1.0,0.0,,0.0,True,Qwen/Qwen2.5-Coder-14B-Instruct-AWQ,None
659,Bar,Hard,7.593,15.1861,2,0.0,0.0,0.0,0.0,0.0,0.0,0.0,0.0,0.0,0.0,1.0,0.0,0.0,False,Qwen/Qwen2.5-Coder-14B-Instruct-AWQ,None
659,Bar,Hard,7.593,15.1861,2,0.0,0.0,0.0,0.0,0.0,0.0,0.0,0.0,0.0,0.0,1.0,0.0,0.0,False,Qwen/Qwen2.5-Coder-14B-Instruct-AWQ,None
659,Bar,Hard,7.593,15.1861,2,0.0,0.0,0.0,0.0,0.0,0.0,0.0,0.0,0.0,0.0,1.0,0.0,0.0,False,Qwen/Qwen2.5-Coder-14B-Instruct-AWQ,None
664,Bar,Medium,3.6852,11.0557,3,0.0,0.0,0.0,0.0,0.0,0.0,0.0,0.0,0.0,0.0,1.0,0.0,0.0,False,Qwen/Qwen2.5-Coder-14B-Instruct-AWQ,None
664,Bar,Medium,3.6852,11.0557,3,0.0,0.0,0.0,0.0,0.0,0.0,0.0,0.0,0.0,0.0,1.0,0.0,0.0,False,Qwen/Qwen2.5-Coder-14B-Instruct-AWQ,None
664,Bar,Medium,3.6852,11.0557,3,0.0,0.0,0.0,0.0,0.0,0.0,0.0,0.0,0.0,0.0,1.0,0.0,0.0,False,Qwen/Qwen2.5-Coder-14B-Instruct-AWQ,None
665,Bar,Medium,3.5867,7.1734,2,0.0,0.0,0.0,0.0,1.0,0.0,0.0,0.0,0.0,1.0,0.0,,0.0,False,Qwen/Qwen2.5-Coder-14B-Instruct-AWQ,None
665,Bar,Medium,3.5867,7.1734,2,0.0,0.0,0.0,0.0,1.0,0.0,0.0,0.0,0.0,1.0,0.0,,0.0,False,Qwen/Qwen2.5-Coder-14B-Instruct-AWQ,None
665,Bar,Medium,3.5867,7.1734,2,0.0,0.0,0.0,0.0,1.0,0.0,0.0,0.0,0.0,1.0,0.0,,0.0,False,Qwen/Qwen2.5-Coder-14B-Instruct-AWQ,None
674,Scatter,Easy,3.1671,3.1671,1,0.0,0.0,0.0,0.0,0.0,0.0,0.0,0.0,0.0,0.0,1.0,0.0,0.0,False,Qwen/Qwen2.5-Coder-14B-Instruct-AWQ,None
674,Scatter,Easy,3.1671,3.1671,1,0.0,0.0,0.0,0.0,0.0,0.0,0.0,0.0,0.0,0.0,1.0,0.0,0.0,False,Qwen/Qwen2.5-Coder-14B-Instruct-AWQ,None
674,Scatter,Easy,3.1671,3.1671,1,0.0,0.0,0.0,0.0,0.0,0.0,0.0,0.0,0.0,0.0,1.0,0.0,0.0,False,Qwen/Qwen2.5-Coder-14B-Instruct-AWQ,None
676,Bar,Hard,7.3194,14.6388,2,0.0,0.0,0.0,0.0,1.0,0.0,0.0,0.0,0.0,1.0,0.0,,0.0,True,Qwen/Qwen2.5-Coder-14B-Instruct-AWQ,None
676,Bar,Hard,7.3194,14.6388,2,0.0,0.0,0.0,0.0,1.0,0.0,0.0,0.0,0.0,1.0,0.0,,0.0,True,Qwen/Qwen2.5-Coder-14B-Instruct-AWQ,None
676,Bar,Hard,7.3194,14.6388,2,0.0,0.0,0.0,0.0,1.0,0.0,0.0,0.0,0.0,1.0,0.0,,0.0,True,Qwen/Qwen2.5-Coder-14B-Instruct-AWQ,None
688,Bar,Easy,3.6823,14.7292,4,0.0,0.0,0.0,0.0,0.0,0.0,0.0,0.0,0.0,0.0,1.0,0.0,0.0,False,Qwen/Qwen2.5-Coder-14B-Instruct-AWQ,None
688,Bar,Easy,3.6823,14.7292,4,0.0,0.0,0.0,0.0,0.0,0.0,0.0,0.0,0.0,0.0,1.0,0.0,0.0,False,Qwen/Qwen2.5-Coder-14B-Instruct-AWQ,None
688,Bar,Easy,3.6823,14.7292,4,0.0,0.0,0.0,0.0,0.0,0.0,0.0,0.0,0.0,0.0,1.0,0.0,0.0,False,Qwen/Qwen2.5-Coder-14B-Instruct-AWQ,None
691,Pie,Hard,12.512,37.5361,3,0.0,0.0,0.0,0.3333333333333333,0.0,0.0,0.0,0.0,0.0,0.3333333333333333,0.6666666666666666,0.0,0.0,True,Qwen/Qwen2.5-Coder-14B-Instruct-AWQ,None
691,Pie,Hard,12.512,37.5361,3,0.0,0.0,0.0,0.3333333333333333,0.0,0.0,0.0,0.0,0.0,0.3333333333333333,0.6666666666666666,0.0,0.0,True,Qwen/Qwen2.5-Coder-14B-Instruct-AWQ,None
691,Pie,Hard,12.512,37.5361,3,0.0,0.0,0.0,0.3333333333333333,0.0,0.0,0.0,0.0,0.0,0.3333333333333333,0.6666666666666666,0.0,0.0,True,Qwen/Qwen2.5-Coder-14B-Instruct-AWQ,None
693,Bar,Easy,3.005,9.0149,3,0.0,0.0,0.0,0.0,0.0,0.0,0.0,0.0,0.0,0.0,1.0,0.0,0.0,False,Qwen/Qwen2.5-Coder-14B-Instruct-AWQ,None
693,Bar,Easy,3.005,9.0149,3,0.0,0.0,0.0,0.0,0.0,0.0,0.0,0.0,0.0,0.0,1.0,0.0,0.0,False,Qwen/Qwen2.5-Coder-14B-Instruct-AWQ,None
693,Bar,Easy,3.005,9.0149,3,0.0,0.0,0.0,0.0,0.0,0.0,0.0,0.0,0.0,0.0,1.0,0.0,0.0,False,Qwen/Qwen2.5-Coder-14B-Instruct-AWQ,None
697,Bar,Easy,4.7243,9.4487,2,0.0,0.0,0.0,0.0,1.0,0.0,0.0,0.0,0.0,1.0,0.0,,0.0,False,Qwen/Qwen2.5-Coder-14B-Instruct-AWQ,None
697,Bar,Easy,4.7243,9.4487,2,0.0,0.0,0.0,0.0,1.0,0.0,0.0,0.0,0.0,1.0,0.0,,0.0,False,Qwen/Qwen2.5-Coder-14B-Instruct-AWQ,None
697,Bar,Easy,4.7243,9.4487,2,0.0,0.0,0.0,0.0,1.0,0.0,0.0,0.0,0.0,1.0,0.0,,0.0,False,Qwen/Qwen2.5-Coder-14B-Instruct-AWQ,None
699,Pie,Medium,6.2869,12.5738,2,0.0,0.0,0.0,0.0,0.0,0.0,0.0,0.0,0.0,0.0,1.0,0.0,0.0,True,Qwen/Qwen2.5-Coder-14B-Instruct-AWQ,None
699,Pie,Medium,6.2869,12.5738,2,0.0,0.0,0.0,0.0,0.0,0.0,0.0,0.0,0.0,0.0,1.0,0.0,0.0,True,Qwen/Qwen2.5-Coder-14B-Instruct-AWQ,None
699,Pie,Medium,6.2869,12.5738,2,0.0,0.0,0.0,0.0,0.0,0.0,0.0,0.0,0.0,0.0,1.0,0.0,0.0,True,Qwen/Qwen2.5-Coder-14B-Instruct-AWQ,None
707,Scatter,Easy,6.7926,27.1705,4,0.0,0.0,0.0,0.0,0.0,0.0,0.0,0.0,0.0,0.0,1.0,0.0,0.0,True,Qwen/Qwen2.5-Coder-14B-Instruct-AWQ,None
707,Scatter,Easy,6.7926,27.1705,4,0.0,0.0,0.0,0.0,0.0,0.0,0.0,0.0,0.0,0.0,1.0,0.0,0.0,True,Qwen/Qwen2.5-Coder-14B-Instruct-AWQ,None
707,Scatter,Easy,6.7926,27.1705,4,0.0,0.0,0.0,0.0,0.0,0.0,0.0,0.0,0.0,0.0,1.0,0.0,0.0,True,Qwen/Qwen2.5-Coder-14B-Instruct-AWQ,None
708,Pie,Easy,3.7652,7.5303,2,0.0,0.0,0.0,0.0,0.0,0.0,0.0,0.0,0.0,0.0,1.0,0.0,0.0,False,Qwen/Qwen2.5-Coder-14B-Instruct-AWQ,None
708,Pie,Easy,3.7652,7.5303,2,0.0,0.0,0.0,0.0,0.0,0.0,0.0,0.0,0.0,0.0,1.0,0.0,0.0,False,Qwen/Qwen2.5-Coder-14B-Instruct-AWQ,None
708,Pie,Easy,3.7652,7.5303,2,0.0,0.0,0.0,0.0,0.0,0.0,0.0,0.0,0.0,0.0,1.0,0.0,0.0,False,Qwen/Qwen2.5-Coder-14B-Instruct-AWQ,None
712,Pie,Medium,5.1942,15.5827,3,0.0,0.0,0.0,0.0,0.0,0.0,0.0,0.0,0.0,0.0,1.0,0.0,0.0,True,Qwen/Qwen2.5-Coder-14B-Instruct-AWQ,None
712,Pie,Medium,5.1942,15.5827,3,0.0,0.0,0.0,0.0,0.0,0.0,0.0,0.0,0.0,0.0,1.0,0.0,0.0,True,Qwen/Qwen2.5-Coder-14B-Instruct-AWQ,None
712,Pie,Medium,5.1942,15.5827,3,0.0,0.0,0.0,0.0,0.0,0.0,0.0,0.0,0.0,0.0,1.0,0.0,0.0,True,Qwen/Qwen2.5-Coder-14B-Instruct-AWQ,None
714,Pie,Medium,6.0569,12.1137,2,0.0,0.0,0.0,0.0,0.0,0.0,0.0,0.0,0.0,0.0,1.0,0.0,0.0,True,Qwen/Qwen2.5-Coder-14B-Instruct-AWQ,None
714,Pie,Medium,6.0569,12.1137,2,0.0,0.0,0.0,0.0,0.0,0.0,0.0,0.0,0.0,0.0,1.0,0.0,0.0,True,Qwen/Qwen2.5-Coder-14B-Instruct-AWQ,None
714,Pie,Medium,6.0569,12.1137,2,0.0,0.0,0.0,0.0,0.0,0.0,0.0,0.0,0.0,0.0,1.0,0.0,0.0,True,Qwen/Qwen2.5-Coder-14B-Instruct-AWQ,None
718,Pie,Medium,5.9212,11.8425,2,0.0,0.0,0.0,0.0,1.0,0.0,0.0,0.0,0.0,1.0,0.0,,0.0,True,Qwen/Qwen2.5-Coder-14B-Instruct-AWQ,None
718,Pie,Medium,5.9212,11.8425,2,0.0,0.0,0.0,0.0,1.0,0.0,0.0,0.0,0.0,1.0,0.0,,0.0,True,Qwen/Qwen2.5-Coder-14B-Instruct-AWQ,None
718,Pie,Medium,5.9212,11.8425,2,0.0,0.0,0.0,0.0,1.0,0.0,0.0,0.0,0.0,1.0,0.0,,0.0,True,Qwen/Qwen2.5-Coder-14B-Instruct-AWQ,None
722,Pie,Medium,5.2407,5.2407,1,0.0,0.0,0.0,0.0,0.0,0.0,0.0,0.0,0.0,0.0,1.0,0.0,0.0,True,Qwen/Qwen2.5-Coder-14B-Instruct-AWQ,None
722,Pie,Medium,5.2407,5.2407,1,0.0,0.0,0.0,0.0,0.0,0.0,0.0,0.0,0.0,0.0,1.0,0.0,0.0,True,Qwen/Qwen2.5-Coder-14B-Instruct-AWQ,None
722,Pie,Medium,5.2407,5.2407,1,0.0,0.0,0.0,0.0,0.0,0.0,0.0,0.0,0.0,0.0,1.0,0.0,0.0,True,Qwen/Qwen2.5-Coder-14B-Instruct-AWQ,None
743,Pie,Medium,5.0292,10.0583,2,0.0,0.0,0.0,0.0,1.0,0.0,0.0,0.0,0.0,1.0,0.0,,0.0,True,Qwen/Qwen2.5-Coder-14B-Instruct-AWQ,None
743,Pie,Medium,5.0292,10.0583,2,0.0,0.0,0.0,0.0,1.0,0.0,0.0,0.0,0.0,1.0,0.0,,0.0,True,Qwen/Qwen2.5-Coder-14B-Instruct-AWQ,None
743,Pie,Medium,5.0292,10.0583,2,0.0,0.0,0.0,0.0,1.0,0.0,0.0,0.0,0.0,1.0,0.0,,0.0,True,Qwen/Qwen2.5-Coder-14B-Instruct-AWQ,None
744,Bar,Medium,4.8878,19.5512,4,0.0,0.0,0.0,0.0,0.0,0.0,0.0,0.0,0.0,0.0,1.0,0.0,0.0,True,Qwen/Qwen2.5-Coder-14B-Instruct-AWQ,None
744,Bar,Medium,4.8878,19.5512,4,0.0,0.0,0.0,0.0,0.0,0.0,0.0,0.0,0.0,0.0,1.0,0.0,0.0,True,Qwen/Qwen2.5-Coder-14B-Instruct-AWQ,None
744,Bar,Medium,4.8878,19.5512,4,0.0,0.0,0.0,0.0,0.0,0.0,0.0,0.0,0.0,0.0,1.0,0.0,0.0,True,Qwen/Qwen2.5-Coder-14B-Instruct-AWQ,None
747,Pie,Hard,7.9762,23.9286,3,0.0,0.0,0.0,0.0,0.3333333333333333,0.0,0.0,0.0,0.0,0.3333333333333333,0.6666666666666666,0.0,0.0,True,Qwen/Qwen2.5-Coder-14B-Instruct-AWQ,None
747,Pie,Hard,7.9762,23.9286,3,0.0,0.0,0.0,0.0,0.3333333333333333,0.0,0.0,0.0,0.0,0.3333333333333333,0.6666666666666666,0.0,0.0,True,Qwen/Qwen2.5-Coder-14B-Instruct-AWQ,None
747,Pie,Hard,7.9762,23.9286,3,0.0,0.0,0.0,0.0,0.3333333333333333,0.0,0.0,0.0,0.0,0.3333333333333333,0.6666666666666666,0.0,0.0,True,Qwen/Qwen2.5-Coder-14B-Instruct-AWQ,None
770,Line,Easy,3.8166,11.4497,3,0.0,0.0,0.0,0.0,0.0,0.0,0.0,0.0,0.0,0.0,1.0,0.0,0.0,False,Qwen/Qwen2.5-Coder-14B-Instruct-AWQ,None
770,Line,Easy,3.8166,11.4497,3,0.0,0.0,0.0,0.0,0.0,0.0,0.0,0.0,0.0,0.0,1.0,0.0,0.0,False,Qwen/Qwen2.5-Coder-14B-Instruct-AWQ,None
770,Line,Easy,3.8166,11.4497,3,0.0,0.0,0.0,0.0,0.0,0.0,0.0,0.0,0.0,0.0,1.0,0.0,0.0,False,Qwen/Qwen2.5-Coder-14B-Instruct-AWQ,None
778,Grouping Line,Hard,6.3233,6.3233,1,0.0,0.0,0.0,0.0,0.0,0.0,0.0,0.0,0.0,0.0,1.0,0.0,0.0,False,Qwen/Qwen2.5-Coder-14B-Instruct-AWQ,None
778,Grouping Line,Hard,6.3233,6.3233,1,0.0,0.0,0.0,0.0,0.0,0.0,0.0,0.0,0.0,0.0,1.0,0.0,0.0,False,Qwen/Qwen2.5-Coder-14B-Instruct-AWQ,None
778,Grouping Line,Hard,6.3233,6.3233,1,0.0,0.0,0.0,0.0,0.0,0.0,0.0,0.0,0.0,0.0,1.0,0.0,0.0,False,Qwen/Qwen2.5-Coder-14B-Instruct-AWQ,None
781,Pie,Easy,3.5279,14.1118,4,0.0,0.0,0.0,0.0,0.0,0.0,0.0,0.0,0.0,0.0,1.0,0.0,0.0,False,Qwen/Qwen2.5-Coder-14B-Instruct-AWQ,None
781,Pie,Easy,3.5279,14.1118,4,0.0,0.0,0.0,0.0,0.0,0.0,0.0,0.0,0.0,0.0,1.0,0.0,0.0,False,Qwen/Qwen2.5-Coder-14B-Instruct-AWQ,None
781,Pie,Easy,3.5279,14.1118,4,0.0,0.0,0.0,0.0,0.0,0.0,0.0,0.0,0.0,0.0,1.0,0.0,0.0,False,Qwen/Qwen2.5-Coder-14B-Instruct-AWQ,None
789,Line,Easy,3.4813,10.4438,3,0.0,0.0,0.0,0.0,0.0,0.0,0.0,0.0,0.0,0.0,1.0,0.0,0.0,False,Qwen/Qwen2.5-Coder-14B-Instruct-AWQ,None
789,Line,Easy,3.4813,10.4438,3,0.0,0.0,0.0,0.0,0.0,0.0,0.0,0.0,0.0,0.0,1.0,0.0,0.0,False,Qwen/Qwen2.5-Coder-14B-Instruct-AWQ,None
789,Line,Easy,3.4813,10.4438,3,0.0,0.0,0.0,0.0,0.0,0.0,0.0,0.0,0.0,0.0,1.0,0.0,0.0,False,Qwen/Qwen2.5-Coder-14B-Instruct-AWQ,None
790,Pie,Easy,3.5501,17.7506,5,0.0,0.0,0.0,0.0,0.0,0.0,0.0,0.0,0.0,0.0,1.0,0.0,0.0,False,Qwen/Qwen2.5-Coder-14B-Instruct-AWQ,None
790,Pie,Easy,3.5501,17.7506,5,0.0,0.0,0.0,0.0,0.0,0.0,0.0,0.0,0.0,0.0,1.0,0.0,0.0,False,Qwen/Qwen2.5-Coder-14B-Instruct-AWQ,None
790,Pie,Easy,3.5501,17.7506,5,0.0,0.0,0.0,0.0,0.0,0.0,0.0,0.0,0.0,0.0,1.0,0.0,0.0,False,Qwen/Qwen2.5-Coder-14B-Instruct-AWQ,None
793,Bar,Medium,6.0582,12.1164,2,0.0,0.0,0.0,0.0,1.0,0.0,0.0,0.0,0.0,1.0,0.0,,0.0,True,Qwen/Qwen2.5-Coder-14B-Instruct-AWQ,None
793,Bar,Medium,6.0582,12.1164,2,0.0,0.0,0.0,0.0,1.0,0.0,0.0,0.0,0.0,1.0,0.0,,0.0,True,Qwen/Qwen2.5-Coder-14B-Instruct-AWQ,None
793,Bar,Medium,6.0582,12.1164,2,0.0,0.0,0.0,0.0,1.0,0.0,0.0,0.0,0.0,1.0,0.0,,0.0,True,Qwen/Qwen2.5-Coder-14B-Instruct-AWQ,None
802,Pie,Easy,3.7731,15.0926,4,0.0,0.0,0.0,0.0,0.0,0.0,0.0,0.0,0.0,0.0,1.0,0.0,0.0,False,Qwen/Qwen2.5-Coder-14B-Instruct-AWQ,None
802,Pie,Easy,3.7731,15.0926,4,0.0,0.0,0.0,0.0,0.0,0.0,0.0,0.0,0.0,0.0,1.0,0.0,0.0,False,Qwen/Qwen2.5-Coder-14B-Instruct-AWQ,None
802,Pie,Easy,3.7731,15.0926,4,0.0,0.0,0.0,0.0,0.0,0.0,0.0,0.0,0.0,0.0,1.0,0.0,0.0,False,Qwen/Qwen2.5-Coder-14B-Instruct-AWQ,None
803,Bar,Easy,3.7642,18.8209,5,0.0,0.0,0.0,0.0,0.0,0.0,0.0,0.0,0.0,0.0,1.0,0.0,0.0,False,Qwen/Qwen2.5-Coder-14B-Instruct-AWQ,None
803,Bar,Easy,3.7642,18.8209,5,0.0,0.0,0.0,0.0,0.0,0.0,0.0,0.0,0.0,0.0,1.0,0.0,0.0,False,Qwen/Qwen2.5-Coder-14B-Instruct-AWQ,None
803,Bar,Easy,3.7642,18.8209,5,0.0,0.0,0.0,0.0,0.0,0.0,0.0,0.0,0.0,0.0,1.0,0.0,0.0,False,Qwen/Qwen2.5-Coder-14B-Instruct-AWQ,None
809,Bar,Easy,3.7119,11.1358,3,0.0,0.0,0.0,0.0,0.0,0.0,0.0,0.0,0.0,0.0,1.0,0.0,0.0,False,Qwen/Qwen2.5-Coder-14B-Instruct-AWQ,None
809,Bar,Easy,3.7119,11.1358,3,0.0,0.0,0.0,0.0,0.0,0.0,0.0,0.0,0.0,0.0,1.0,0.0,0.0,False,Qwen/Qwen2.5-Coder-14B-Instruct-AWQ,None
809,Bar,Easy,3.7119,11.1358,3,0.0,0.0,0.0,0.0,0.0,0.0,0.0,0.0,0.0,0.0,1.0,0.0,0.0,False,Qwen/Qwen2.5-Coder-14B-Instruct-AWQ,None
812,Bar,Medium,5.2656,10.5313,2,0.0,0.0,0.0,0.0,0.0,0.0,0.0,0.0,0.0,0.0,1.0,0.0,0.0,True,Qwen/Qwen2.5-Coder-14B-Instruct-AWQ,None
812,Bar,Medium,5.2656,10.5313,2,0.0,0.0,0.0,0.0,0.0,0.0,0.0,0.0,0.0,0.0,1.0,0.0,0.0,True,Qwen/Qwen2.5-Coder-14B-Instruct-AWQ,None
812,Bar,Medium,5.2656,10.5313,2,0.0,0.0,0.0,0.0,0.0,0.0,0.0,0.0,0.0,0.0,1.0,0.0,0.0,True,Qwen/Qwen2.5-Coder-14B-Instruct-AWQ,None
815,Pie,Medium,5.2859,5.2859,1,0.0,0.0,0.0,0.0,0.0,0.0,0.0,0.0,0.0,0.0,1.0,0.0,0.0,True,Qwen/Qwen2.5-Coder-14B-Instruct-AWQ,None
815,Pie,Medium,5.2859,5.2859,1,0.0,0.0,0.0,0.0,0.0,0.0,0.0,0.0,0.0,0.0,1.0,0.0,0.0,True,Qwen/Qwen2.5-Coder-14B-Instruct-AWQ,None
815,Pie,Medium,5.2859,5.2859,1,0.0,0.0,0.0,0.0,0.0,0.0,0.0,0.0,0.0,0.0,1.0,0.0,0.0,True,Qwen/Qwen2.5-Coder-14B-Instruct-AWQ,None
817,Bar,Medium,5.1513,5.1513,1,0.0,0.0,0.0,0.0,0.0,0.0,0.0,0.0,0.0,0.0,1.0,0.0,0.0,True,Qwen/Qwen2.5-Coder-14B-Instruct-AWQ,None
817,Bar,Medium,5.1513,5.1513,1,0.0,0.0,0.0,0.0,0.0,0.0,0.0,0.0,0.0,0.0,1.0,0.0,0.0,True,Qwen/Qwen2.5-Coder-14B-Instruct-AWQ,None
817,Bar,Medium,5.1513,5.1513,1,0.0,0.0,0.0,0.0,0.0,0.0,0.0,0.0,0.0,0.0,1.0,0.0,0.0,True,Qwen/Qwen2.5-Coder-14B-Instruct-AWQ,None
832,Bar,Medium,4.0632,8.1263,2,0.0,0.0,0.0,0.0,0.0,0.0,0.0,0.0,0.0,0.0,1.0,0.0,0.0,True,Qwen/Qwen2.5-Coder-14B-Instruct-AWQ,None
832,Bar,Medium,4.0632,8.1263,2,0.0,0.0,0.0,0.0,0.0,0.0,0.0,0.0,0.0,0.0,1.0,0.0,0.0,True,Qwen/Qwen2.5-Coder-14B-Instruct-AWQ,None
832,Bar,Medium,4.0632,8.1263,2,0.0,0.0,0.0,0.0,0.0,0.0,0.0,0.0,0.0,0.0,1.0,0.0,0.0,True,Qwen/Qwen2.5-Coder-14B-Instruct-AWQ,None
834,Pie,Medium,4.0416,8.0833,2,0.0,0.0,0.0,0.0,0.0,0.0,0.0,0.0,0.0,0.0,1.0,0.0,0.0,True,Qwen/Qwen2.5-Coder-14B-Instruct-AWQ,None
834,Pie,Medium,4.0416,8.0833,2,0.0,0.0,0.0,0.0,0.0,0.0,0.0,0.0,0.0,0.0,1.0,0.0,0.0,True,Qwen/Qwen2.5-Coder-14B-Instruct-AWQ,None
834,Pie,Medium,4.0416,8.0833,2,0.0,0.0,0.0,0.0,0.0,0.0,0.0,0.0,0.0,0.0,1.0,0.0,0.0,True,Qwen/Qwen2.5-Coder-14B-Instruct-AWQ,None
838,Pie,Medium,8.0592,16.1183,2,0.0,0.0,0.0,0.5,0.0,0.0,0.0,0.0,0.0,0.5,0.5,0.0,0.0,True,Qwen/Qwen2.5-Coder-14B-Instruct-AWQ,None
838,Pie,Medium,8.0592,16.1183,2,0.0,0.0,0.0,0.5,0.0,0.0,0.0,0.0,0.0,0.5,0.5,0.0,0.0,True,Qwen/Qwen2.5-Coder-14B-Instruct-AWQ,None
838,Pie,Medium,8.0592,16.1183,2,0.0,0.0,0.0,0.5,0.0,0.0,0.0,0.0,0.0,0.5,0.5,0.0,0.0,True,Qwen/Qwen2.5-Coder-14B-Instruct-AWQ,None
856,Pie,Hard,6.9653,6.9653,1,0.0,0.0,0.0,0.0,0.0,0.0,0.0,0.0,0.0,0.0,1.0,0.0,0.0,True,Qwen/Qwen2.5-Coder-14B-Instruct-AWQ,None
856,Pie,Hard,6.9653,6.9653,1,0.0,0.0,0.0,0.0,0.0,0.0,0.0,0.0,0.0,0.0,1.0,0.0,0.0,True,Qwen/Qwen2.5-Coder-14B-Instruct-AWQ,None
856,Pie,Hard,6.9653,6.9653,1,0.0,0.0,0.0,0.0,0.0,0.0,0.0,0.0,0.0,0.0,1.0,0.0,0.0,True,Qwen/Qwen2.5-Coder-14B-Instruct-AWQ,None
858,Pie,Easy,3.4877,3.4877,1,0.0,0.0,0.0,0.0,0.0,0.0,0.0,0.0,0.0,0.0,1.0,0.0,0.0,False,Qwen/Qwen2.5-Coder-14B-Instruct-AWQ,None
858,Pie,Easy,3.4877,3.4877,1,0.0,0.0,0.0,0.0,0.0,0.0,0.0,0.0,0.0,0.0,1.0,0.0,0.0,False,Qwen/Qwen2.5-Coder-14B-Instruct-AWQ,None
858,Pie,Easy,3.4877,3.4877,1,0.0,0.0,0.0,0.0,0.0,0.0,0.0,0.0,0.0,0.0,1.0,0.0,0.0,False,Qwen/Qwen2.5-Coder-14B-Instruct-AWQ,None
868,Line,Hard,13.8593,55.4372,4,0.5,0.0,0.0,0.0,0.0,0.0,0.0,0.0,0.5,0.0,0.5,0.0,0.0,True,Qwen/Qwen2.5-Coder-14B-Instruct-AWQ,None
868,Line,Hard,13.8593,55.4372,4,0.5,0.0,0.0,0.0,0.0,0.0,0.0,0.0,0.5,0.0,0.5,0.0,0.0,True,Qwen/Qwen2.5-Coder-14B-Instruct-AWQ,None
868,Line,Hard,13.8593,55.4372,4,0.5,0.0,0.0,0.0,0.0,0.0,0.0,0.0,0.5,0.0,0.5,0.0,0.0,True,Qwen/Qwen2.5-Coder-14B-Instruct-AWQ,None
874,Pie,Medium,5.7071,11.4141,2,0.0,0.0,0.0,0.0,0.5,0.0,0.0,0.0,0.0,0.5,0.5,0.0,0.0,True,Qwen/Qwen2.5-Coder-14B-Instruct-AWQ,None
874,Pie,Medium,5.7071,11.4141,2,0.0,0.0,0.0,0.0,0.5,0.0,0.0,0.0,0.0,0.5,0.5,0.0,0.0,True,Qwen/Qwen2.5-Coder-14B-Instruct-AWQ,None
874,Pie,Medium,5.7071,11.4141,2,0.0,0.0,0.0,0.0,0.5,0.0,0.0,0.0,0.0,0.5,0.5,0.0,0.0,True,Qwen/Qwen2.5-Coder-14B-Instruct-AWQ,None
875,Bar,Medium,5.7091,11.4182,2,0.0,0.0,0.0,0.0,0.0,0.0,0.0,0.0,0.0,0.0,1.0,0.0,0.0,True,Qwen/Qwen2.5-Coder-14B-Instruct-AWQ,None
875,Bar,Medium,5.7091,11.4182,2,0.0,0.0,0.0,0.0,0.0,0.0,0.0,0.0,0.0,0.0,1.0,0.0,0.0,True,Qwen/Qwen2.5-Coder-14B-Instruct-AWQ,None
875,Bar,Medium,5.7091,11.4182,2,0.0,0.0,0.0,0.0,0.0,0.0,0.0,0.0,0.0,0.0,1.0,0.0,0.0,True,Qwen/Qwen2.5-Coder-14B-Instruct-AWQ,None
880,Line,Hard,5.7494,17.2482,3,0.0,0.0,0.0,0.0,0.0,0.0,0.0,0.0,0.0,0.0,1.0,0.0,0.0,True,Qwen/Qwen2.5-Coder-14B-Instruct-AWQ,None
880,Line,Hard,5.7494,17.2482,3,0.0,0.0,0.0,0.0,0.0,0.0,0.0,0.0,0.0,0.0,1.0,0.0,0.0,True,Qwen/Qwen2.5-Coder-14B-Instruct-AWQ,None
880,Line,Hard,5.7494,17.2482,3,0.0,0.0,0.0,0.0,0.0,0.0,0.0,0.0,0.0,0.0,1.0,0.0,0.0,True,Qwen/Qwen2.5-Coder-14B-Instruct-AWQ,None
883,Pie,Hard,10.3335,41.3341,4,0.0,0.0,0.0,0.5,0.75,0.0,0.0,0.0,0.0,1.0,0.0,,0.0,True,Qwen/Qwen2.5-Coder-14B-Instruct-AWQ,None
883,Pie,Hard,10.3335,41.3341,4,0.0,0.0,0.0,0.5,0.75,0.0,0.0,0.0,0.0,1.0,0.0,,0.0,True,Qwen/Qwen2.5-Coder-14B-Instruct-AWQ,None
883,Pie,Hard,10.3335,41.3341,4,0.0,0.0,0.0,0.5,0.75,0.0,0.0,0.0,0.0,1.0,0.0,,0.0,True,Qwen/Qwen2.5-Coder-14B-Instruct-AWQ,None
887,Pie,Easy,4.2219,16.8875,4,0.0,0.0,0.0,0.0,0.0,0.0,0.0,0.0,0.0,0.0,1.0,0.0,0.0,False,Qwen/Qwen2.5-Coder-14B-Instruct-AWQ,None
887,Pie,Easy,4.2219,16.8875,4,0.0,0.0,0.0,0.0,0.0,0.0,0.0,0.0,0.0,0.0,1.0,0.0,0.0,False,Qwen/Qwen2.5-Coder-14B-Instruct-AWQ,None
887,Pie,Easy,4.2219,16.8875,4,0.0,0.0,0.0,0.0,0.0,0.0,0.0,0.0,0.0,0.0,1.0,0.0,0.0,False,Qwen/Qwen2.5-Coder-14B-Instruct-AWQ,None
906,Pie,Easy,3.49,17.4498,5,0.0,0.0,0.0,0.0,0.0,0.0,0.0,0.0,0.0,0.0,1.0,0.0,0.0,False,Qwen/Qwen2.5-Coder-14B-Instruct-AWQ,None
906,Pie,Easy,3.49,17.4498,5,0.0,0.0,0.0,0.0,0.0,0.0,0.0,0.0,0.0,0.0,1.0,0.0,0.0,False,Qwen/Qwen2.5-Coder-14B-Instruct-AWQ,None
906,Pie,Easy,3.49,17.4498,5,0.0,0.0,0.0,0.0,0.0,0.0,0.0,0.0,0.0,0.0,1.0,0.0,0.0,False,Qwen/Qwen2.5-Coder-14B-Instruct-AWQ,None
908,Pie,Easy,3.7426,18.7128,5,0.0,0.0,0.0,0.0,0.0,0.0,0.0,0.0,0.0,0.0,1.0,0.0,0.0,False,Qwen/Qwen2.5-Coder-14B-Instruct-AWQ,None
908,Pie,Easy,3.7426,18.7128,5,0.0,0.0,0.0,0.0,0.0,0.0,0.0,0.0,0.0,0.0,1.0,0.0,0.0,False,Qwen/Qwen2.5-Coder-14B-Instruct-AWQ,None
908,Pie,Easy,3.7426,18.7128,5,0.0,0.0,0.0,0.0,0.0,0.0,0.0,0.0,0.0,0.0,1.0,0.0,0.0,False,Qwen/Qwen2.5-Coder-14B-Instruct-AWQ,None
910,Pie,Medium,5.7039,22.8155,4,0.0,0.0,0.0,0.0,0.0,0.0,0.0,0.0,0.0,0.0,1.0,0.0,0.0,True,Qwen/Qwen2.5-Coder-14B-Instruct-AWQ,None
910,Pie,Medium,5.7039,22.8155,4,0.0,0.0,0.0,0.0,0.0,0.0,0.0,0.0,0.0,0.0,1.0,0.0,0.0,True,Qwen/Qwen2.5-Coder-14B-Instruct-AWQ,None
910,Pie,Medium,5.7039,22.8155,4,0.0,0.0,0.0,0.0,0.0,0.0,0.0,0.0,0.0,0.0,1.0,0.0,0.0,True,Qwen/Qwen2.5-Coder-14B-Instruct-AWQ,None
912,Bar,Medium,6.1003,6.1003,1,0.0,0.0,0.0,0.0,0.0,0.0,0.0,0.0,0.0,0.0,1.0,0.0,0.0,True,Qwen/Qwen2.5-Coder-14B-Instruct-AWQ,None
912,Bar,Medium,6.1003,6.1003,1,0.0,0.0,0.0,0.0,0.0,0.0,0.0,0.0,0.0,0.0,1.0,0.0,0.0,True,Qwen/Qwen2.5-Coder-14B-Instruct-AWQ,None
912,Bar,Medium,6.1003,6.1003,1,0.0,0.0,0.0,0.0,0.0,0.0,0.0,0.0,0.0,0.0,1.0,0.0,0.0,True,Qwen/Qwen2.5-Coder-14B-Instruct-AWQ,None
914,Bar,Hard,6.7523,13.5045,2,0.0,0.0,0.0,0.0,0.0,0.0,0.0,0.0,0.0,0.0,1.0,0.0,0.0,True,Qwen/Qwen2.5-Coder-14B-Instruct-AWQ,None
914,Bar,Hard,6.7523,13.5045,2,0.0,0.0,0.0,0.0,0.0,0.0,0.0,0.0,0.0,0.0,1.0,0.0,0.0,True,Qwen/Qwen2.5-Coder-14B-Instruct-AWQ,None
914,Bar,Hard,6.7523,13.5045,2,0.0,0.0,0.0,0.0,0.0,0.0,0.0,0.0,0.0,0.0,1.0,0.0,0.0,True,Qwen/Qwen2.5-Coder-14B-Instruct-AWQ,None
924,Bar,Medium,4.1038,4.1038,1,0.0,0.0,0.0,0.0,0.0,0.0,0.0,0.0,0.0,0.0,1.0,0.0,0.0,False,Qwen/Qwen2.5-Coder-14B-Instruct-AWQ,None
924,Bar,Medium,4.1038,4.1038,1,0.0,0.0,0.0,0.0,0.0,0.0,0.0,0.0,0.0,0.0,1.0,0.0,0.0,False,Qwen/Qwen2.5-Coder-14B-Instruct-AWQ,None
924,Bar,Medium,4.1038,4.1038,1,0.0,0.0,0.0,0.0,0.0,0.0,0.0,0.0,0.0,0.0,1.0,0.0,0.0,False,Qwen/Qwen2.5-Coder-14B-Instruct-AWQ,None
926,Bar,Easy,3.2128,9.6384,3,0.0,0.0,0.0,0.0,0.0,0.0,0.0,0.0,0.0,0.0,1.0,0.0,0.0,False,Qwen/Qwen2.5-Coder-14B-Instruct-AWQ,None
926,Bar,Easy,3.2128,9.6384,3,0.0,0.0,0.0,0.0,0.0,0.0,0.0,0.0,0.0,0.0,1.0,0.0,0.0,False,Qwen/Qwen2.5-Coder-14B-Instruct-AWQ,None
926,Bar,Easy,3.2128,9.6384,3,0.0,0.0,0.0,0.0,0.0,0.0,0.0,0.0,0.0,0.0,1.0,0.0,0.0,False,Qwen/Qwen2.5-Coder-14B-Instruct-AWQ,None
961,Bar,Medium,5.4233,21.693,4,0.0,0.0,0.0,0.0,0.0,0.0,0.0,0.0,0.0,0.0,1.0,0.0,0.0,True,Qwen/Qwen2.5-Coder-14B-Instruct-AWQ,None
961,Bar,Medium,5.4233,21.693,4,0.0,0.0,0.0,0.0,0.0,0.0,0.0,0.0,0.0,0.0,1.0,0.0,0.0,True,Qwen/Qwen2.5-Coder-14B-Instruct-AWQ,None
961,Bar,Medium,5.4233,21.693,4,0.0,0.0,0.0,0.0,0.0,0.0,0.0,0.0,0.0,0.0,1.0,0.0,0.0,True,Qwen/Qwen2.5-Coder-14B-Instruct-AWQ,None
971,Pie,Easy,3.4006,10.2017,3,0.0,0.0,0.0,0.0,0.3333333333333333,0.0,0.0,0.0,0.0,0.3333333333333333,0.6666666666666666,0.0,0.0,False,Qwen/Qwen2.5-Coder-14B-Instruct-AWQ,None
971,Pie,Easy,3.4006,10.2017,3,0.0,0.0,0.0,0.0,0.3333333333333333,0.0,0.0,0.0,0.0,0.3333333333333333,0.6666666666666666,0.0,0.0,False,Qwen/Qwen2.5-Coder-14B-Instruct-AWQ,None
971,Pie,Easy,3.4006,10.2017,3,0.0,0.0,0.0,0.0,0.3333333333333333,0.0,0.0,0.0,0.0,0.3333333333333333,0.6666666666666666,0.0,0.0,False,Qwen/Qwen2.5-Coder-14B-Instruct-AWQ,None
975,Bar,Hard,7.0529,14.1058,2,0.0,0.0,0.0,0.0,0.0,0.0,0.0,0.0,0.0,0.0,1.0,0.0,0.0,True,Qwen/Qwen2.5-Coder-14B-Instruct-AWQ,None
975,Bar,Hard,7.0529,14.1058,2,0.0,0.0,0.0,0.0,0.0,0.0,0.0,0.0,0.0,0.0,1.0,0.0,0.0,True,Qwen/Qwen2.5-Coder-14B-Instruct-AWQ,None
975,Bar,Hard,7.0529,14.1058,2,0.0,0.0,0.0,0.0,0.0,0.0,0.0,0.0,0.0,0.0,1.0,0.0,0.0,True,Qwen/Qwen2.5-Coder-14B-Instruct-AWQ,None
990,Bar,Medium,6.0331,12.0661,2,0.0,0.0,0.0,0.0,0.0,0.0,0.0,0.0,0.0,0.0,1.0,0.0,0.0,True,Qwen/Qwen2.5-Coder-14B-Instruct-AWQ,None
990,Bar,Medium,6.0331,12.0661,2,0.0,0.0,0.0,0.0,0.0,0.0,0.0,0.0,0.0,0.0,1.0,0.0,0.0,True,Qwen/Qwen2.5-Coder-14B-Instruct-AWQ,None
990,Bar,Medium,6.0331,12.0661,2,0.0,0.0,0.0,0.0,0.0,0.0,0.0,0.0,0.0,0.0,1.0,0.0,0.0,True,Qwen/Qwen2.5-Coder-14B-Instruct-AWQ,None
994,Bar,Medium,4.2091,4.2091,1,0.0,0.0,0.0,0.0,0.0,0.0,0.0,0.0,0.0,0.0,1.0,0.0,0.0,True,Qwen/Qwen2.5-Coder-14B-Instruct-AWQ,None
994,Bar,Medium,4.2091,4.2091,1,0.0,0.0,0.0,0.0,0.0,0.0,0.0,0.0,0.0,0.0,1.0,0.0,0.0,True,Qwen/Qwen2.5-Coder-14B-Instruct-AWQ,None
994,Bar,Medium,4.2091,4.2091,1,0.0,0.0,0.0,0.0,0.0,0.0,0.0,0.0,0.0,0.0,1.0,0.0,0.0,True,Qwen/Qwen2.5-Coder-14B-Instruct-AWQ,None
998,Line,Medium,4.1717,4.1717,1,0.0,0.0,0.0,0.0,0.0,0.0,0.0,0.0,0.0,0.0,1.0,0.0,0.0,True,Qwen/Qwen2.5-Coder-14B-Instruct-AWQ,None
998,Line,Medium,4.1717,4.1717,1,0.0,0.0,0.0,0.0,0.0,0.0,0.0,0.0,0.0,0.0,1.0,0.0,0.0,True,Qwen/Qwen2.5-Coder-14B-Instruct-AWQ,None
998,Line,Medium,4.1717,4.1717,1,0.0,0.0,0.0,0.0,0.0,0.0,0.0,0.0,0.0,0.0,1.0,0.0,0.0,True,Qwen/Qwen2.5-Coder-14B-Instruct-AWQ,None
999,Pie,Easy,2.4045,2.4045,1,0.0,0.0,0.0,0.0,0.0,0.0,0.0,0.0,0.0,0.0,1.0,0.0,0.0,False,Qwen/Qwen2.5-Coder-14B-Instruct-AWQ,None
999,Pie,Easy,2.4045,2.4045,1,0.0,0.0,0.0,0.0,0.0,0.0,0.0,0.0,0.0,0.0,1.0,0.0,0.0,False,Qwen/Qwen2.5-Coder-14B-Instruct-AWQ,None
999,Pie,Easy,2.4045,2.4045,1,0.0,0.0,0.0,0.0,0.0,0.0,0.0,0.0,0.0,0.0,1.0,0.0,0.0,False,Qwen/Qwen2.5-Coder-14B-Instruct-AWQ,None
1001,Bar,Medium,17.3608,34.7216,2,1.0,0.0,0.0,0.0,0.0,0.0,0.0,0.0,1.0,0.0,0.0,,0.0,True,Qwen/Qwen2.5-Coder-14B-Instruct-AWQ,None
1001,Bar,Medium,17.3608,34.7216,2,1.0,0.0,0.0,0.0,0.0,0.0,0.0,0.0,1.0,0.0,0.0,,0.0,True,Qwen/Qwen2.5-Coder-14B-Instruct-AWQ,None
1001,Bar,Medium,17.3608,34.7216,2,1.0,0.0,0.0,0.0,0.0,0.0,0.0,0.0,1.0,0.0,0.0,,0.0,True,Qwen/Qwen2.5-Coder-14B-Instruct-AWQ,None
1003,Pie,Medium,18.0511,36.1022,2,1.0,0.0,0.0,0.0,0.0,0.0,0.0,0.0,1.0,0.0,0.0,,0.0,True,Qwen/Qwen2.5-Coder-14B-Instruct-AWQ,None
1003,Pie,Medium,18.0511,36.1022,2,1.0,0.0,0.0,0.0,0.0,0.0,0.0,0.0,1.0,0.0,0.0,,0.0,True,Qwen/Qwen2.5-Coder-14B-Instruct-AWQ,None
1003,Pie,Medium,18.0511,36.1022,2,1.0,0.0,0.0,0.0,0.0,0.0,0.0,0.0,1.0,0.0,0.0,,0.0,True,Qwen/Qwen2.5-Coder-14B-Instruct-AWQ,None
1007,Pie,Hard,5.7743,5.7743,1,0.0,0.0,0.0,0.0,0.0,0.0,0.0,0.0,0.0,0.0,1.0,0.0,0.0,False,Qwen/Qwen2.5-Coder-14B-Instruct-AWQ,None
1007,Pie,Hard,5.7743,5.7743,1,0.0,0.0,0.0,0.0,0.0,0.0,0.0,0.0,0.0,0.0,1.0,0.0,0.0,False,Qwen/Qwen2.5-Coder-14B-Instruct-AWQ,None
1007,Pie,Hard,5.7743,5.7743,1,0.0,0.0,0.0,0.0,0.0,0.0,0.0,0.0,0.0,0.0,1.0,0.0,0.0,False,Qwen/Qwen2.5-Coder-14B-Instruct-AWQ,None
1008,Pie,Hard,5.3326,5.3326,1,0.0,0.0,0.0,0.0,0.0,0.0,0.0,0.0,0.0,0.0,1.0,0.0,0.0,False,Qwen/Qwen2.5-Coder-14B-Instruct-AWQ,None
1008,Pie,Hard,5.3326,5.3326,1,0.0,0.0,0.0,0.0,0.0,0.0,0.0,0.0,0.0,0.0,1.0,0.0,0.0,False,Qwen/Qwen2.5-Coder-14B-Instruct-AWQ,None
1008,Pie,Hard,5.3326,5.3326,1,0.0,0.0,0.0,0.0,0.0,0.0,0.0,0.0,0.0,0.0,1.0,0.0,0.0,False,Qwen/Qwen2.5-Coder-14B-Instruct-AWQ,None
1012,Bar,Easy,3.2093,9.628,3,0.0,0.0,0.0,0.0,0.0,0.0,0.0,0.0,0.0,0.0,1.0,0.0,0.0,False,Qwen/Qwen2.5-Coder-14B-Instruct-AWQ,None
1012,Bar,Easy,3.2093,9.628,3,0.0,0.0,0.0,0.0,0.0,0.0,0.0,0.0,0.0,0.0,1.0,0.0,0.0,False,Qwen/Qwen2.5-Coder-14B-Instruct-AWQ,None
1012,Bar,Easy,3.2093,9.628,3,0.0,0.0,0.0,0.0,0.0,0.0,0.0,0.0,0.0,0.0,1.0,0.0,0.0,False,Qwen/Qwen2.5-Coder-14B-Instruct-AWQ,None
1014,Pie,Easy,3.7281,7.4563,2,0.0,0.0,0.0,0.0,0.0,0.0,0.0,0.0,0.0,0.0,1.0,0.0,0.0,False,Qwen/Qwen2.5-Coder-14B-Instruct-AWQ,None
1014,Pie,Easy,3.7281,7.4563,2,0.0,0.0,0.0,0.0,0.0,0.0,0.0,0.0,0.0,0.0,1.0,0.0,0.0,False,Qwen/Qwen2.5-Coder-14B-Instruct-AWQ,None
1014,Pie,Easy,3.7281,7.4563,2,0.0,0.0,0.0,0.0,0.0,0.0,0.0,0.0,0.0,0.0,1.0,0.0,0.0,False,Qwen/Qwen2.5-Coder-14B-Instruct-AWQ,None
1018,Pie,Medium,5.2146,5.2146,1,0.0,0.0,0.0,0.0,0.0,0.0,0.0,0.0,0.0,0.0,1.0,0.0,0.0,True,Qwen/Qwen2.5-Coder-14B-Instruct-AWQ,None
1018,Pie,Medium,5.2146,5.2146,1,0.0,0.0,0.0,0.0,0.0,0.0,0.0,0.0,0.0,0.0,1.0,0.0,0.0,True,Qwen/Qwen2.5-Coder-14B-Instruct-AWQ,None
1018,Pie,Medium,5.2146,5.2146,1,0.0,0.0,0.0,0.0,0.0,0.0,0.0,0.0,0.0,0.0,1.0,0.0,0.0,True,Qwen/Qwen2.5-Coder-14B-Instruct-AWQ,None
1021,Pie,Easy,2.7716,5.5431,2,0.0,0.0,0.0,0.0,0.0,0.0,0.0,0.0,0.0,0.0,1.0,0.0,0.0,False,Qwen/Qwen2.5-Coder-14B-Instruct-AWQ,None
1021,Pie,Easy,2.7716,5.5431,2,0.0,0.0,0.0,0.0,0.0,0.0,0.0,0.0,0.0,0.0,1.0,0.0,0.0,False,Qwen/Qwen2.5-Coder-14B-Instruct-AWQ,None
1021,Pie,Easy,2.7716,5.5431,2,0.0,0.0,0.0,0.0,0.0,0.0,0.0,0.0,0.0,0.0,1.0,0.0,0.0,False,Qwen/Qwen2.5-Coder-14B-Instruct-AWQ,None
1024,Bar,Medium,2.844,2.844,1,0.0,0.0,0.0,0.0,0.0,0.0,0.0,0.0,0.0,0.0,1.0,0.0,0.0,False,Qwen/Qwen2.5-Coder-14B-Instruct-AWQ,None
1024,Bar,Medium,2.844,2.844,1,0.0,0.0,0.0,0.0,0.0,0.0,0.0,0.0,0.0,0.0,1.0,0.0,0.0,False,Qwen/Qwen2.5-Coder-14B-Instruct-AWQ,None
1024,Bar,Medium,2.844,2.844,1,0.0,0.0,0.0,0.0,0.0,0.0,0.0,0.0,0.0,0.0,1.0,0.0,0.0,False,Qwen/Qwen2.5-Coder-14B-Instruct-AWQ,None
1037,Bar,Easy,3.0876,9.2628,3,0.0,0.0,0.0,0.0,0.0,0.0,0.0,0.0,0.0,0.0,1.0,0.0,0.0,False,Qwen/Qwen2.5-Coder-14B-Instruct-AWQ,None
1037,Bar,Easy,3.0876,9.2628,3,0.0,0.0,0.0,0.0,0.0,0.0,0.0,0.0,0.0,0.0,1.0,0.0,0.0,False,Qwen/Qwen2.5-Coder-14B-Instruct-AWQ,None
1037,Bar,Easy,3.0876,9.2628,3,0.0,0.0,0.0,0.0,0.0,0.0,0.0,0.0,0.0,0.0,1.0,0.0,0.0,False,Qwen/Qwen2.5-Coder-14B-Instruct-AWQ,None
1059,Pie,Medium,5.7421,22.9684,4,0.0,0.0,0.0,0.0,0.0,0.0,0.0,0.0,0.0,0.0,1.0,0.0,0.0,True,Qwen/Qwen2.5-Coder-14B-Instruct-AWQ,None
1059,Pie,Medium,5.7421,22.9684,4,0.0,0.0,0.0,0.0,0.0,0.0,0.0,0.0,0.0,0.0,1.0,0.0,0.0,True,Qwen/Qwen2.5-Coder-14B-Instruct-AWQ,None
1059,Pie,Medium,5.7421,22.9684,4,0.0,0.0,0.0,0.0,0.0,0.0,0.0,0.0,0.0,0.0,1.0,0.0,0.0,True,Qwen/Qwen2.5-Coder-14B-Instruct-AWQ,None
1061,Pie,Easy,2.7369,13.6845,5,0.0,0.0,0.0,0.0,0.0,0.0,0.0,0.0,0.0,0.0,1.0,0.0,0.0,False,Qwen/Qwen2.5-Coder-14B-Instruct-AWQ,None
1061,Pie,Easy,2.7369,13.6845,5,0.0,0.0,0.0,0.0,0.0,0.0,0.0,0.0,0.0,0.0,1.0,0.0,0.0,False,Qwen/Qwen2.5-Coder-14B-Instruct-AWQ,None
1061,Pie,Easy,2.7369,13.6845,5,0.0,0.0,0.0,0.0,0.0,0.0,0.0,0.0,0.0,0.0,1.0,0.0,0.0,False,Qwen/Qwen2.5-Coder-14B-Instruct-AWQ,None
1071,Bar,Medium,4.0175,4.0175,1,0.0,0.0,0.0,0.0,0.0,0.0,0.0,0.0,0.0,0.0,1.0,0.0,0.0,False,Qwen/Qwen2.5-Coder-14B-Instruct-AWQ,None
1071,Bar,Medium,4.0175,4.0175,1,0.0,0.0,0.0,0.0,0.0,0.0,0.0,0.0,0.0,0.0,1.0,0.0,0.0,False,Qwen/Qwen2.5-Coder-14B-Instruct-AWQ,None
1071,Bar,Medium,4.0175,4.0175,1,0.0,0.0,0.0,0.0,0.0,0.0,0.0,0.0,0.0,0.0,1.0,0.0,0.0,False,Qwen/Qwen2.5-Coder-14B-Instruct-AWQ,None
1072,Bar,Hard,13.5043,13.5043,1,0.0,0.0,0.0,0.0,0.0,0.0,0.0,0.0,0.0,0.0,1.0,0.0,0.0,True,Qwen/Qwen2.5-Coder-14B-Instruct-AWQ,None
1072,Bar,Hard,13.5043,13.5043,1,0.0,0.0,0.0,0.0,0.0,0.0,0.0,0.0,0.0,0.0,1.0,0.0,0.0,True,Qwen/Qwen2.5-Coder-14B-Instruct-AWQ,None
1072,Bar,Hard,13.5043,13.5043,1,0.0,0.0,0.0,0.0,0.0,0.0,0.0,0.0,0.0,0.0,1.0,0.0,0.0,True,Qwen/Qwen2.5-Coder-14B-Instruct-AWQ,None
1073,Pie,Medium,21.3052,21.3052,1,1.0,0.0,0.0,0.0,0.0,0.0,0.0,0.0,1.0,0.0,0.0,,0.0,True,Qwen/Qwen2.5-Coder-14B-Instruct-AWQ,None
1073,Pie,Medium,21.3052,21.3052,1,1.0,0.0,0.0,0.0,0.0,0.0,0.0,0.0,1.0,0.0,0.0,,0.0,True,Qwen/Qwen2.5-Coder-14B-Instruct-AWQ,None
1073,Pie,Medium,21.3052,21.3052,1,1.0,0.0,0.0,0.0,0.0,0.0,0.0,0.0,1.0,0.0,0.0,,0.0,True,Qwen/Qwen2.5-Coder-14B-Instruct-AWQ,None
1074,Bar,Hard,6.2557,6.2557,1,0.0,0.0,0.0,0.0,0.0,0.0,0.0,0.0,0.0,0.0,1.0,0.0,0.0,True,Qwen/Qwen2.5-Coder-14B-Instruct-AWQ,None
1074,Bar,Hard,6.2557,6.2557,1,0.0,0.0,0.0,0.0,0.0,0.0,0.0,0.0,0.0,0.0,1.0,0.0,0.0,True,Qwen/Qwen2.5-Coder-14B-Instruct-AWQ,None
1074,Bar,Hard,6.2557,6.2557,1,0.0,0.0,0.0,0.0,0.0,0.0,0.0,0.0,0.0,0.0,1.0,0.0,0.0,True,Qwen/Qwen2.5-Coder-14B-Instruct-AWQ,None
1079,Pie,Medium,5.4743,5.4743,1,0.0,0.0,0.0,0.0,1.0,0.0,0.0,0.0,0.0,1.0,0.0,,0.0,True,Qwen/Qwen2.5-Coder-14B-Instruct-AWQ,None
1079,Pie,Medium,5.4743,5.4743,1,0.0,0.0,0.0,0.0,1.0,0.0,0.0,0.0,0.0,1.0,0.0,,0.0,True,Qwen/Qwen2.5-Coder-14B-Instruct-AWQ,None
1079,Pie,Medium,5.4743,5.4743,1,0.0,0.0,0.0,0.0,1.0,0.0,0.0,0.0,0.0,1.0,0.0,,0.0,True,Qwen/Qwen2.5-Coder-14B-Instruct-AWQ,None
1081,Pie,Medium,5.8835,5.8835,1,0.0,0.0,0.0,0.0,0.0,0.0,0.0,0.0,0.0,0.0,1.0,0.0,0.0,True,Qwen/Qwen2.5-Coder-14B-Instruct-AWQ,None
1081,Pie,Medium,5.8835,5.8835,1,0.0,0.0,0.0,0.0,0.0,0.0,0.0,0.0,0.0,0.0,1.0,0.0,0.0,True,Qwen/Qwen2.5-Coder-14B-Instruct-AWQ,None
1081,Pie,Medium,5.8835,5.8835,1,0.0,0.0,0.0,0.0,0.0,0.0,0.0,0.0,0.0,0.0,1.0,0.0,0.0,True,Qwen/Qwen2.5-Coder-14B-Instruct-AWQ,None
1082,Pie,Medium,5.6672,11.3345,2,0.0,0.0,0.0,0.0,1.0,0.0,0.0,0.0,0.0,1.0,0.0,,0.0,True,Qwen/Qwen2.5-Coder-14B-Instruct-AWQ,None
1082,Pie,Medium,5.6672,11.3345,2,0.0,0.0,0.0,0.0,1.0,0.0,0.0,0.0,0.0,1.0,0.0,,0.0,True,Qwen/Qwen2.5-Coder-14B-Instruct-AWQ,None
1082,Pie,Medium,5.6672,11.3345,2,0.0,0.0,0.0,0.0,1.0,0.0,0.0,0.0,0.0,1.0,0.0,,0.0,True,Qwen/Qwen2.5-Coder-14B-Instruct-AWQ,None
1088,Pie,Medium,5.8219,5.8219,1,0.0,0.0,0.0,0.0,0.0,0.0,0.0,0.0,0.0,0.0,1.0,0.0,0.0,True,Qwen/Qwen2.5-Coder-14B-Instruct-AWQ,None
1088,Pie,Medium,5.8219,5.8219,1,0.0,0.0,0.0,0.0,0.0,0.0,0.0,0.0,0.0,0.0,1.0,0.0,0.0,True,Qwen/Qwen2.5-Coder-14B-Instruct-AWQ,None
1088,Pie,Medium,5.8219,5.8219,1,0.0,0.0,0.0,0.0,0.0,0.0,0.0,0.0,0.0,0.0,1.0,0.0,0.0,True,Qwen/Qwen2.5-Coder-14B-Instruct-AWQ,None
1090,Pie,Easy,3.8386,7.6771,2,0.0,0.0,0.0,0.0,0.0,0.0,0.0,0.0,0.0,0.0,1.0,0.0,0.0,False,Qwen/Qwen2.5-Coder-14B-Instruct-AWQ,None
1090,Pie,Easy,3.8386,7.6771,2,0.0,0.0,0.0,0.0,0.0,0.0,0.0,0.0,0.0,0.0,1.0,0.0,0.0,False,Qwen/Qwen2.5-Coder-14B-Instruct-AWQ,None
1090,Pie,Easy,3.8386,7.6771,2,0.0,0.0,0.0,0.0,0.0,0.0,0.0,0.0,0.0,0.0,1.0,0.0,0.0,False,Qwen/Qwen2.5-Coder-14B-Instruct-AWQ,None
1104,Pie,Hard,6.5651,6.5651,1,0.0,0.0,0.0,0.0,1.0,0.0,0.0,0.0,0.0,1.0,0.0,,0.0,True,Qwen/Qwen2.5-Coder-14B-Instruct-AWQ,None
1104,Pie,Hard,6.5651,6.5651,1,0.0,0.0,0.0,0.0,1.0,0.0,0.0,0.0,0.0,1.0,0.0,,0.0,True,Qwen/Qwen2.5-Coder-14B-Instruct-AWQ,None
1104,Pie,Hard,6.5651,6.5651,1,0.0,0.0,0.0,0.0,1.0,0.0,0.0,0.0,0.0,1.0,0.0,,0.0,True,Qwen/Qwen2.5-Coder-14B-Instruct-AWQ,None
1113,Bar,Easy,5.129,5.129,1,0.0,0.0,0.0,0.0,1.0,0.0,0.0,0.0,0.0,1.0,0.0,,0.0,False,Qwen/Qwen2.5-Coder-14B-Instruct-AWQ,None
1113,Bar,Easy,5.129,5.129,1,0.0,0.0,0.0,0.0,1.0,0.0,0.0,0.0,0.0,1.0,0.0,,0.0,False,Qwen/Qwen2.5-Coder-14B-Instruct-AWQ,None
1113,Bar,Easy,5.129,5.129,1,0.0,0.0,0.0,0.0,1.0,0.0,0.0,0.0,0.0,1.0,0.0,,0.0,False,Qwen/Qwen2.5-Coder-14B-Instruct-AWQ,None
1129,Bar,Easy,3.8358,11.5074,3,0.0,0.0,0.0,0.0,0.0,0.0,0.0,0.0,0.0,0.0,1.0,0.0,0.0,False,Qwen/Qwen2.5-Coder-14B-Instruct-AWQ,None
1129,Bar,Easy,3.8358,11.5074,3,0.0,0.0,0.0,0.0,0.0,0.0,0.0,0.0,0.0,0.0,1.0,0.0,0.0,False,Qwen/Qwen2.5-Coder-14B-Instruct-AWQ,None
1129,Bar,Easy,3.8358,11.5074,3,0.0,0.0,0.0,0.0,0.0,0.0,0.0,0.0,0.0,0.0,1.0,0.0,0.0,False,Qwen/Qwen2.5-Coder-14B-Instruct-AWQ,None
1130,Bar,Easy,3.7458,11.2373,3,0.0,0.0,0.0,0.0,0.0,0.0,0.0,0.0,0.0,0.0,1.0,0.0,0.0,False,Qwen/Qwen2.5-Coder-14B-Instruct-AWQ,None
1130,Bar,Easy,3.7458,11.2373,3,0.0,0.0,0.0,0.0,0.0,0.0,0.0,0.0,0.0,0.0,1.0,0.0,0.0,False,Qwen/Qwen2.5-Coder-14B-Instruct-AWQ,None
1130,Bar,Easy,3.7458,11.2373,3,0.0,0.0,0.0,0.0,0.0,0.0,0.0,0.0,0.0,0.0,1.0,0.0,0.0,False,Qwen/Qwen2.5-Coder-14B-Instruct-AWQ,None
1133,Grouping Scatter,Easy,9.9003,19.8005,2,0.5,0.0,0.0,0.0,0.0,0.0,0.0,0.0,0.5,0.0,0.5,0.0,0.0,False,Qwen/Qwen2.5-Coder-14B-Instruct-AWQ,None
1133,Grouping Scatter,Easy,9.9003,19.8005,2,0.5,0.0,0.0,0.0,0.0,0.0,0.0,0.0,0.5,0.0,0.5,0.0,0.0,False,Qwen/Qwen2.5-Coder-14B-Instruct-AWQ,None
1133,Grouping Scatter,Easy,9.9003,19.8005,2,0.5,0.0,0.0,0.0,0.0,0.0,0.0,0.0,0.5,0.0,0.5,0.0,0.0,False,Qwen/Qwen2.5-Coder-14B-Instruct-AWQ,None
1152,Bar,Easy,3.0389,12.1554,4,0.0,0.0,0.0,0.0,0.0,0.0,0.0,0.0,0.0,0.0,1.0,0.0,0.0,False,Qwen/Qwen2.5-Coder-14B-Instruct-AWQ,None
1152,Bar,Easy,3.0389,12.1554,4,0.0,0.0,0.0,0.0,0.0,0.0,0.0,0.0,0.0,0.0,1.0,0.0,0.0,False,Qwen/Qwen2.5-Coder-14B-Instruct-AWQ,None
1152,Bar,Easy,3.0389,12.1554,4,0.0,0.0,0.0,0.0,0.0,0.0,0.0,0.0,0.0,0.0,1.0,0.0,0.0,False,Qwen/Qwen2.5-Coder-14B-Instruct-AWQ,None
1153,Bar,Easy,3.9897,11.969,3,0.0,0.0,0.0,0.0,0.0,0.0,0.0,0.0,0.0,0.0,1.0,0.0,0.0,False,Qwen/Qwen2.5-Coder-14B-Instruct-AWQ,None
1153,Bar,Easy,3.9897,11.969,3,0.0,0.0,0.0,0.0,0.0,0.0,0.0,0.0,0.0,0.0,1.0,0.0,0.0,False,Qwen/Qwen2.5-Coder-14B-Instruct-AWQ,None
1153,Bar,Easy,3.9897,11.969,3,0.0,0.0,0.0,0.0,0.0,0.0,0.0,0.0,0.0,0.0,1.0,0.0,0.0,False,Qwen/Qwen2.5-Coder-14B-Instruct-AWQ,None
1172,Grouping Scatter,Medium,15.6063,31.2125,2,1.0,0.0,0.0,0.0,0.0,0.0,0.0,0.0,1.0,0.0,0.0,,0.0,False,Qwen/Qwen2.5-Coder-14B-Instruct-AWQ,None
1172,Grouping Scatter,Medium,15.6063,31.2125,2,1.0,0.0,0.0,0.0,0.0,0.0,0.0,0.0,1.0,0.0,0.0,,0.0,False,Qwen/Qwen2.5-Coder-14B-Instruct-AWQ,None
1172,Grouping Scatter,Medium,15.6063,31.2125,2,1.0,0.0,0.0,0.0,0.0,0.0,0.0,0.0,1.0,0.0,0.0,,0.0,False,Qwen/Qwen2.5-Coder-14B-Instruct-AWQ,None
1182,Bar,Easy,3.0959,6.1917,2,0.0,0.0,0.0,0.0,1.0,0.0,0.0,0.0,0.0,1.0,0.0,,0.0,False,Qwen/Qwen2.5-Coder-14B-Instruct-AWQ,None
1182,Bar,Easy,3.0959,6.1917,2,0.0,0.0,0.0,0.0,1.0,0.0,0.0,0.0,0.0,1.0,0.0,,0.0,False,Qwen/Qwen2.5-Coder-14B-Instruct-AWQ,None
1182,Bar,Easy,3.0959,6.1917,2,0.0,0.0,0.0,0.0,1.0,0.0,0.0,0.0,0.0,1.0,0.0,,0.0,False,Qwen/Qwen2.5-Coder-14B-Instruct-AWQ,None
1187,Bar,Medium,16.2383,32.4765,2,1.0,0.0,0.0,0.0,0.0,0.0,0.0,0.0,1.0,0.0,0.0,,0.0,True,Qwen/Qwen2.5-Coder-14B-Instruct-AWQ,None
1187,Bar,Medium,16.2383,32.4765,2,1.0,0.0,0.0,0.0,0.0,0.0,0.0,0.0,1.0,0.0,0.0,,0.0,True,Qwen/Qwen2.5-Coder-14B-Instruct-AWQ,None
1187,Bar,Medium,16.2383,32.4765,2,1.0,0.0,0.0,0.0,0.0,0.0,0.0,0.0,1.0,0.0,0.0,,0.0,True,Qwen/Qwen2.5-Coder-14B-Instruct-AWQ,None
1188,Bar,Medium,5.9174,11.8348,2,0.0,0.0,0.0,0.0,1.0,0.0,0.0,0.0,0.0,1.0,0.0,,0.0,True,Qwen/Qwen2.5-Coder-14B-Instruct-AWQ,None
1188,Bar,Medium,5.9174,11.8348,2,0.0,0.0,0.0,0.0,1.0,0.0,0.0,0.0,0.0,1.0,0.0,,0.0,True,Qwen/Qwen2.5-Coder-14B-Instruct-AWQ,None
1188,Bar,Medium,5.9174,11.8348,2,0.0,0.0,0.0,0.0,1.0,0.0,0.0,0.0,0.0,1.0,0.0,,0.0,True,Qwen/Qwen2.5-Coder-14B-Instruct-AWQ,None
1192,Line,Medium,6.3118,12.6237,2,0.0,0.0,0.0,0.0,1.0,0.0,0.0,0.0,0.0,1.0,0.0,,0.0,True,Qwen/Qwen2.5-Coder-14B-Instruct-AWQ,None
1192,Line,Medium,6.3118,12.6237,2,0.0,0.0,0.0,0.0,1.0,0.0,0.0,0.0,0.0,1.0,0.0,,0.0,True,Qwen/Qwen2.5-Coder-14B-Instruct-AWQ,None
1192,Line,Medium,6.3118,12.6237,2,0.0,0.0,0.0,0.0,1.0,0.0,0.0,0.0,0.0,1.0,0.0,,0.0,True,Qwen/Qwen2.5-Coder-14B-Instruct-AWQ,None
1198,Pie,Medium,14.8698,44.6095,3,0.3333333333333333,0.0,0.0,0.0,0.0,0.0,0.0,0.0,0.3333333333333333,0.0,0.6666666666666666,0.0,0.0,True,Qwen/Qwen2.5-Coder-14B-Instruct-AWQ,None
1198,Pie,Medium,14.8698,44.6095,3,0.3333333333333333,0.0,0.0,0.0,0.0,0.0,0.0,0.0,0.3333333333333333,0.0,0.6666666666666666,0.0,0.0,True,Qwen/Qwen2.5-Coder-14B-Instruct-AWQ,None
1198,Pie,Medium,14.8698,44.6095,3,0.3333333333333333,0.0,0.0,0.0,0.0,0.0,0.0,0.0,0.3333333333333333,0.0,0.6666666666666666,0.0,0.0,True,Qwen/Qwen2.5-Coder-14B-Instruct-AWQ,None
1204,Bar,Medium,6.0284,12.0567,2,0.0,0.0,0.0,0.0,0.0,0.0,0.0,0.0,0.0,0.0,1.0,0.0,0.0,True,Qwen/Qwen2.5-Coder-14B-Instruct-AWQ,None
1204,Bar,Medium,6.0284,12.0567,2,0.0,0.0,0.0,0.0,0.0,0.0,0.0,0.0,0.0,0.0,1.0,0.0,0.0,True,Qwen/Qwen2.5-Coder-14B-Instruct-AWQ,None
1204,Bar,Medium,6.0284,12.0567,2,0.0,0.0,0.0,0.0,0.0,0.0,0.0,0.0,0.0,0.0,1.0,0.0,0.0,True,Qwen/Qwen2.5-Coder-14B-Instruct-AWQ,None
1211,Bar,Easy,4.7475,14.2426,3,0.0,0.0,0.0,0.0,0.0,0.0,0.0,0.0,0.0,0.0,1.0,0.0,0.0,False,Qwen/Qwen2.5-Coder-14B-Instruct-AWQ,None
1211,Bar,Easy,4.7475,14.2426,3,0.0,0.0,0.0,0.0,0.0,0.0,0.0,0.0,0.0,0.0,1.0,0.0,0.0,False,Qwen/Qwen2.5-Coder-14B-Instruct-AWQ,None
1211,Bar,Easy,4.7475,14.2426,3,0.0,0.0,0.0,0.0,0.0,0.0,0.0,0.0,0.0,0.0,1.0,0.0,0.0,False,Qwen/Qwen2.5-Coder-14B-Instruct-AWQ,None
1213,Pie,Easy,5.0046,15.0139,3,0.0,0.0,0.0,0.0,0.0,0.0,0.0,0.0,0.0,0.0,1.0,0.0,0.0,False,Qwen/Qwen2.5-Coder-14B-Instruct-AWQ,None
1213,Pie,Easy,5.0046,15.0139,3,0.0,0.0,0.0,0.0,0.0,0.0,0.0,0.0,0.0,0.0,1.0,0.0,0.0,False,Qwen/Qwen2.5-Coder-14B-Instruct-AWQ,None
1213,Pie,Easy,5.0046,15.0139,3,0.0,0.0,0.0,0.0,0.0,0.0,0.0,0.0,0.0,0.0,1.0,0.0,0.0,False,Qwen/Qwen2.5-Coder-14B-Instruct-AWQ,None
1214,Grouping Scatter,Medium,5.6445,5.6445,1,0.0,0.0,0.0,0.0,0.0,0.0,0.0,0.0,0.0,0.0,1.0,0.0,0.0,False,Qwen/Qwen2.5-Coder-14B-Instruct-AWQ,None
1214,Grouping Scatter,Medium,5.6445,5.6445,1,0.0,0.0,0.0,0.0,0.0,0.0,0.0,0.0,0.0,0.0,1.0,0.0,0.0,False,Qwen/Qwen2.5-Coder-14B-Instruct-AWQ,None
1214,Grouping Scatter,Medium,5.6445,5.6445,1,0.0,0.0,0.0,0.0,0.0,0.0,0.0,0.0,0.0,0.0,1.0,0.0,0.0,False,Qwen/Qwen2.5-Coder-14B-Instruct-AWQ,None
1216,Pie,Hard,7.8807,31.523,4,0.0,0.0,0.0,0.0,0.0,0.0,0.0,0.0,0.0,0.0,1.0,0.0,0.0,True,Qwen/Qwen2.5-Coder-14B-Instruct-AWQ,None
1216,Pie,Hard,7.8807,31.523,4,0.0,0.0,0.0,0.0,0.0,0.0,0.0,0.0,0.0,0.0,1.0,0.0,0.0,True,Qwen/Qwen2.5-Coder-14B-Instruct-AWQ,None
1216,Pie,Hard,7.8807,31.523,4,0.0,0.0,0.0,0.0,0.0,0.0,0.0,0.0,0.0,0.0,1.0,0.0,0.0,True,Qwen/Qwen2.5-Coder-14B-Instruct-AWQ,None
1223,Pie,Hard,12.9189,25.8378,2,0.0,0.0,0.0,0.5,0.0,0.0,0.0,0.0,0.0,0.5,0.5,0.0,0.0,True,Qwen/Qwen2.5-Coder-14B-Instruct-AWQ,None
1223,Pie,Hard,12.9189,25.8378,2,0.0,0.0,0.0,0.5,0.0,0.0,0.0,0.0,0.0,0.5,0.5,0.0,0.0,True,Qwen/Qwen2.5-Coder-14B-Instruct-AWQ,None
1223,Pie,Hard,12.9189,25.8378,2,0.0,0.0,0.0,0.5,0.0,0.0,0.0,0.0,0.0,0.5,0.5,0.0,0.0,True,Qwen/Qwen2.5-Coder-14B-Instruct-AWQ,None
1229,Bar,Easy,2.5559,2.5559,1,0.0,0.0,0.0,0.0,0.0,0.0,0.0,0.0,0.0,0.0,1.0,0.0,0.0,False,Qwen/Qwen2.5-Coder-14B-Instruct-AWQ,None
1229,Bar,Easy,2.5559,2.5559,1,0.0,0.0,0.0,0.0,0.0,0.0,0.0,0.0,0.0,0.0,1.0,0.0,0.0,False,Qwen/Qwen2.5-Coder-14B-Instruct-AWQ,None
1229,Bar,Easy,2.5559,2.5559,1,0.0,0.0,0.0,0.0,0.0,0.0,0.0,0.0,0.0,0.0,1.0,0.0,0.0,False,Qwen/Qwen2.5-Coder-14B-Instruct-AWQ,None
1232,Bar,Easy,4.2639,12.7917,3,0.0,0.0,0.0,0.0,0.3333333333333333,0.0,0.0,0.0,0.0,0.3333333333333333,0.6666666666666666,0.0,0.0,False,Qwen/Qwen2.5-Coder-14B-Instruct-AWQ,None
1232,Bar,Easy,4.2639,12.7917,3,0.0,0.0,0.0,0.0,0.3333333333333333,0.0,0.0,0.0,0.0,0.3333333333333333,0.6666666666666666,0.0,0.0,False,Qwen/Qwen2.5-Coder-14B-Instruct-AWQ,None
1232,Bar,Easy,4.2639,12.7917,3,0.0,0.0,0.0,0.0,0.3333333333333333,0.0,0.0,0.0,0.0,0.3333333333333333,0.6666666666666666,0.0,0.0,False,Qwen/Qwen2.5-Coder-14B-Instruct-AWQ,None
1233,Bar,Easy,4.4763,22.3813,5,0.0,0.0,0.0,0.0,0.8,0.0,0.0,0.0,0.0,0.8,0.2,0.0,0.0,False,Qwen/Qwen2.5-Coder-14B-Instruct-AWQ,None
1233,Bar,Easy,4.4763,22.3813,5,0.0,0.0,0.0,0.0,0.8,0.0,0.0,0.0,0.0,0.8,0.2,0.0,0.0,False,Qwen/Qwen2.5-Coder-14B-Instruct-AWQ,None
1233,Bar,Easy,4.4763,22.3813,5,0.0,0.0,0.0,0.0,0.8,0.0,0.0,0.0,0.0,0.8,0.2,0.0,0.0,False,Qwen/Qwen2.5-Coder-14B-Instruct-AWQ,None
1234,Pie,Medium,4.3562,13.0687,3,0.0,0.0,0.0,0.0,0.0,0.0,0.0,0.0,0.0,0.0,1.0,0.0,0.0,False,Qwen/Qwen2.5-Coder-14B-Instruct-AWQ,None
1234,Pie,Medium,4.3562,13.0687,3,0.0,0.0,0.0,0.0,0.0,0.0,0.0,0.0,0.0,0.0,1.0,0.0,0.0,False,Qwen/Qwen2.5-Coder-14B-Instruct-AWQ,None
1234,Pie,Medium,4.3562,13.0687,3,0.0,0.0,0.0,0.0,0.0,0.0,0.0,0.0,0.0,0.0,1.0,0.0,0.0,False,Qwen/Qwen2.5-Coder-14B-Instruct-AWQ,None
1236,Pie,Easy,5.0075,10.015,2,0.0,0.0,0.0,0.0,0.0,0.0,0.0,0.0,0.0,0.0,1.0,0.0,0.0,False,Qwen/Qwen2.5-Coder-14B-Instruct-AWQ,None
1236,Pie,Easy,5.0075,10.015,2,0.0,0.0,0.0,0.0,0.0,0.0,0.0,0.0,0.0,0.0,1.0,0.0,0.0,False,Qwen/Qwen2.5-Coder-14B-Instruct-AWQ,None
1236,Pie,Easy,5.0075,10.015,2,0.0,0.0,0.0,0.0,0.0,0.0,0.0,0.0,0.0,0.0,1.0,0.0,0.0,False,Qwen/Qwen2.5-Coder-14B-Instruct-AWQ,None
1241,Grouping Scatter,Easy,4.7772,9.5544,2,0.0,0.0,0.0,0.0,0.0,0.0,0.0,0.0,0.0,0.0,1.0,0.0,0.0,False,Qwen/Qwen2.5-Coder-14B-Instruct-AWQ,None
1241,Grouping Scatter,Easy,4.7772,9.5544,2,0.0,0.0,0.0,0.0,0.0,0.0,0.0,0.0,0.0,0.0,1.0,0.0,0.0,False,Qwen/Qwen2.5-Coder-14B-Instruct-AWQ,None
1241,Grouping Scatter,Easy,4.7772,9.5544,2,0.0,0.0,0.0,0.0,0.0,0.0,0.0,0.0,0.0,0.0,1.0,0.0,0.0,False,Qwen/Qwen2.5-Coder-14B-Instruct-AWQ,None
1274,Pie,Medium,3.0598,3.0598,1,0.0,0.0,0.0,0.0,0.0,0.0,0.0,0.0,0.0,0.0,1.0,0.0,0.0,False,Qwen/Qwen2.5-Coder-14B-Instruct-AWQ,None
1274,Pie,Medium,3.0598,3.0598,1,0.0,0.0,0.0,0.0,0.0,0.0,0.0,0.0,0.0,0.0,1.0,0.0,0.0,False,Qwen/Qwen2.5-Coder-14B-Instruct-AWQ,None
1274,Pie,Medium,3.0598,3.0598,1,0.0,0.0,0.0,0.0,0.0,0.0,0.0,0.0,0.0,0.0,1.0,0.0,0.0,False,Qwen/Qwen2.5-Coder-14B-Instruct-AWQ,None
1275,Bar,Medium,3.0968,6.1936,2,0.0,0.0,0.0,0.0,0.0,0.0,0.0,0.0,0.0,0.0,1.0,0.0,0.0,False,Qwen/Qwen2.5-Coder-14B-Instruct-AWQ,None
1275,Bar,Medium,3.0968,6.1936,2,0.0,0.0,0.0,0.0,0.0,0.0,0.0,0.0,0.0,0.0,1.0,0.0,0.0,False,Qwen/Qwen2.5-Coder-14B-Instruct-AWQ,None
1275,Bar,Medium,3.0968,6.1936,2,0.0,0.0,0.0,0.0,0.0,0.0,0.0,0.0,0.0,0.0,1.0,0.0,0.0,False,Qwen/Qwen2.5-Coder-14B-Instruct-AWQ,None
1277,Pie,Medium,12.4489,24.8978,2,0.5,0.0,0.0,0.5,0.5,0.0,0.0,0.0,0.5,0.5,0.0,,0.0,True,Qwen/Qwen2.5-Coder-14B-Instruct-AWQ,None
1277,Pie,Medium,12.4489,24.8978,2,0.5,0.0,0.0,0.5,0.5,0.0,0.0,0.0,0.5,0.5,0.0,,0.0,True,Qwen/Qwen2.5-Coder-14B-Instruct-AWQ,None
1277,Pie,Medium,12.4489,24.8978,2,0.5,0.0,0.0,0.5,0.5,0.0,0.0,0.0,0.5,0.5,0.0,,0.0,True,Qwen/Qwen2.5-Coder-14B-Instruct-AWQ,None
1285,Line,Medium,4.5758,4.5758,1,0.0,0.0,0.0,0.0,1.0,0.0,0.0,0.0,0.0,1.0,0.0,,0.0,False,Qwen/Qwen2.5-Coder-14B-Instruct-AWQ,None
1285,Line,Medium,4.5758,4.5758,1,0.0,0.0,0.0,0.0,1.0,0.0,0.0,0.0,0.0,1.0,0.0,,0.0,False,Qwen/Qwen2.5-Coder-14B-Instruct-AWQ,None
1285,Line,Medium,4.5758,4.5758,1,0.0,0.0,0.0,0.0,1.0,0.0,0.0,0.0,0.0,1.0,0.0,,0.0,False,Qwen/Qwen2.5-Coder-14B-Instruct-AWQ,None
1288,Pie,Medium,9.9778,19.9557,2,0.0,0.0,0.0,1.0,0.5,0.0,0.0,0.0,0.0,1.0,0.0,,0.0,True,Qwen/Qwen2.5-Coder-14B-Instruct-AWQ,None
1288,Pie,Medium,9.9778,19.9557,2,0.0,0.0,0.0,1.0,0.5,0.0,0.0,0.0,0.0,1.0,0.0,,0.0,True,Qwen/Qwen2.5-Coder-14B-Instruct-AWQ,None
1288,Pie,Medium,9.9778,19.9557,2,0.0,0.0,0.0,1.0,0.5,0.0,0.0,0.0,0.0,1.0,0.0,,0.0,True,Qwen/Qwen2.5-Coder-14B-Instruct-AWQ,None
1296,Bar,Easy,3.4901,6.9802,2,0.0,0.0,0.0,0.0,0.0,0.0,0.0,0.0,0.0,0.0,1.0,0.0,0.0,False,Qwen/Qwen2.5-Coder-14B-Instruct-AWQ,None
1296,Bar,Easy,3.4901,6.9802,2,0.0,0.0,0.0,0.0,0.0,0.0,0.0,0.0,0.0,0.0,1.0,0.0,0.0,False,Qwen/Qwen2.5-Coder-14B-Instruct-AWQ,None
1296,Bar,Easy,3.4901,6.9802,2,0.0,0.0,0.0,0.0,0.0,0.0,0.0,0.0,0.0,0.0,1.0,0.0,0.0,False,Qwen/Qwen2.5-Coder-14B-Instruct-AWQ,None
1297,Bar,Easy,3.6555,7.311,2,0.0,0.0,0.0,0.0,0.0,0.0,0.0,0.0,0.0,0.0,1.0,0.0,0.0,False,Qwen/Qwen2.5-Coder-14B-Instruct-AWQ,None
1297,Bar,Easy,3.6555,7.311,2,0.0,0.0,0.0,0.0,0.0,0.0,0.0,0.0,0.0,0.0,1.0,0.0,0.0,False,Qwen/Qwen2.5-Coder-14B-Instruct-AWQ,None
1297,Bar,Easy,3.6555,7.311,2,0.0,0.0,0.0,0.0,0.0,0.0,0.0,0.0,0.0,0.0,1.0,0.0,0.0,False,Qwen/Qwen2.5-Coder-14B-Instruct-AWQ,None
1303,Pie,Easy,3.4267,10.2801,3,0.0,0.0,0.0,0.0,0.0,0.0,0.0,0.0,0.0,0.0,1.0,0.0,0.0,False,Qwen/Qwen2.5-Coder-14B-Instruct-AWQ,None
1303,Pie,Easy,3.4267,10.2801,3,0.0,0.0,0.0,0.0,0.0,0.0,0.0,0.0,0.0,0.0,1.0,0.0,0.0,False,Qwen/Qwen2.5-Coder-14B-Instruct-AWQ,None
1303,Pie,Easy,3.4267,10.2801,3,0.0,0.0,0.0,0.0,0.0,0.0,0.0,0.0,0.0,0.0,1.0,0.0,0.0,False,Qwen/Qwen2.5-Coder-14B-Instruct-AWQ,None
1309,Pie,Medium,6.9257,6.9257,1,0.0,0.0,0.0,0.0,0.0,0.0,0.0,0.0,0.0,0.0,1.0,0.0,0.0,True,Qwen/Qwen2.5-Coder-14B-Instruct-AWQ,None
1309,Pie,Medium,6.9257,6.9257,1,0.0,0.0,0.0,0.0,0.0,0.0,0.0,0.0,0.0,0.0,1.0,0.0,0.0,True,Qwen/Qwen2.5-Coder-14B-Instruct-AWQ,None
1309,Pie,Medium,6.9257,6.9257,1,0.0,0.0,0.0,0.0,0.0,0.0,0.0,0.0,0.0,0.0,1.0,0.0,0.0,True,Qwen/Qwen2.5-Coder-14B-Instruct-AWQ,None
1310,Pie,Medium,5.6824,11.3649,2,0.0,0.0,0.0,0.0,1.0,0.0,0.0,0.0,0.0,1.0,0.0,,0.0,True,Qwen/Qwen2.5-Coder-14B-Instruct-AWQ,None
1310,Pie,Medium,5.6824,11.3649,2,0.0,0.0,0.0,0.0,1.0,0.0,0.0,0.0,0.0,1.0,0.0,,0.0,True,Qwen/Qwen2.5-Coder-14B-Instruct-AWQ,None
1310,Pie,Medium,5.6824,11.3649,2,0.0,0.0,0.0,0.0,1.0,0.0,0.0,0.0,0.0,1.0,0.0,,0.0,True,Qwen/Qwen2.5-Coder-14B-Instruct-AWQ,None
1314,Pie,Medium,21.4297,21.4297,1,1.0,0.0,0.0,0.0,0.0,0.0,0.0,0.0,1.0,0.0,0.0,,0.0,True,Qwen/Qwen2.5-Coder-14B-Instruct-AWQ,None
1314,Pie,Medium,21.4297,21.4297,1,1.0,0.0,0.0,0.0,0.0,0.0,0.0,0.0,1.0,0.0,0.0,,0.0,True,Qwen/Qwen2.5-Coder-14B-Instruct-AWQ,None
1314,Pie,Medium,21.4297,21.4297,1,1.0,0.0,0.0,0.0,0.0,0.0,0.0,0.0,1.0,0.0,0.0,,0.0,True,Qwen/Qwen2.5-Coder-14B-Instruct-AWQ,None
1316,Pie,Hard,16.0937,32.1874,2,0.5,0.0,0.0,0.0,0.0,0.0,0.0,0.0,0.5,0.0,0.5,0.0,0.0,True,Qwen/Qwen2.5-Coder-14B-Instruct-AWQ,None
1316,Pie,Hard,16.0937,32.1874,2,0.5,0.0,0.0,0.0,0.0,0.0,0.0,0.0,0.5,0.0,0.5,0.0,0.0,True,Qwen/Qwen2.5-Coder-14B-Instruct-AWQ,None
1316,Pie,Hard,16.0937,32.1874,2,0.5,0.0,0.0,0.0,0.0,0.0,0.0,0.0,0.5,0.0,0.5,0.0,0.0,True,Qwen/Qwen2.5-Coder-14B-Instruct-AWQ,None
1317,Bar,Hard,13.6751,27.3502,2,0.0,0.0,0.0,0.0,0.0,0.0,0.0,0.0,0.0,0.0,1.0,0.0,0.0,True,Qwen/Qwen2.5-Coder-14B-Instruct-AWQ,None
1317,Bar,Hard,13.6751,27.3502,2,0.0,0.0,0.0,0.0,0.0,0.0,0.0,0.0,0.0,0.0,1.0,0.0,0.0,True,Qwen/Qwen2.5-Coder-14B-Instruct-AWQ,None
1317,Bar,Hard,13.6751,27.3502,2,0.0,0.0,0.0,0.0,0.0,0.0,0.0,0.0,0.0,0.0,1.0,0.0,0.0,True,Qwen/Qwen2.5-Coder-14B-Instruct-AWQ,None
1318,Pie,Hard,7.7453,7.7453,1,0.0,0.0,0.0,0.0,0.0,0.0,0.0,0.0,0.0,0.0,1.0,0.0,0.0,True,Qwen/Qwen2.5-Coder-14B-Instruct-AWQ,None
1318,Pie,Hard,7.7453,7.7453,1,0.0,0.0,0.0,0.0,0.0,0.0,0.0,0.0,0.0,0.0,1.0,0.0,0.0,True,Qwen/Qwen2.5-Coder-14B-Instruct-AWQ,None
1318,Pie,Hard,7.7453,7.7453,1,0.0,0.0,0.0,0.0,0.0,0.0,0.0,0.0,0.0,0.0,1.0,0.0,0.0,True,Qwen/Qwen2.5-Coder-14B-Instruct-AWQ,None
1319,Bar,Hard,7.7566,7.7566,1,0.0,0.0,0.0,0.0,0.0,0.0,0.0,0.0,0.0,0.0,1.0,0.0,0.0,True,Qwen/Qwen2.5-Coder-14B-Instruct-AWQ,None
1319,Bar,Hard,7.7566,7.7566,1,0.0,0.0,0.0,0.0,0.0,0.0,0.0,0.0,0.0,0.0,1.0,0.0,0.0,True,Qwen/Qwen2.5-Coder-14B-Instruct-AWQ,None
1319,Bar,Hard,7.7566,7.7566,1,0.0,0.0,0.0,0.0,0.0,0.0,0.0,0.0,0.0,0.0,1.0,0.0,0.0,True,Qwen/Qwen2.5-Coder-14B-Instruct-AWQ,None
1325,Pie,Easy,3.8849,7.7698,2,0.0,0.0,0.0,0.0,0.0,0.0,0.0,0.0,0.0,0.0,1.0,0.0,0.0,False,Qwen/Qwen2.5-Coder-14B-Instruct-AWQ,None
1325,Pie,Easy,3.8849,7.7698,2,0.0,0.0,0.0,0.0,0.0,0.0,0.0,0.0,0.0,0.0,1.0,0.0,0.0,False,Qwen/Qwen2.5-Coder-14B-Instruct-AWQ,None
1325,Pie,Easy,3.8849,7.7698,2,0.0,0.0,0.0,0.0,0.0,0.0,0.0,0.0,0.0,0.0,1.0,0.0,0.0,False,Qwen/Qwen2.5-Coder-14B-Instruct-AWQ,None
1326,Bar,Easy,3.6968,7.3937,2,0.0,0.0,0.0,0.0,0.0,0.0,0.0,0.0,0.0,0.0,1.0,0.0,0.0,False,Qwen/Qwen2.5-Coder-14B-Instruct-AWQ,None
1326,Bar,Easy,3.6968,7.3937,2,0.0,0.0,0.0,0.0,0.0,0.0,0.0,0.0,0.0,0.0,1.0,0.0,0.0,False,Qwen/Qwen2.5-Coder-14B-Instruct-AWQ,None
1326,Bar,Easy,3.6968,7.3937,2,0.0,0.0,0.0,0.0,0.0,0.0,0.0,0.0,0.0,0.0,1.0,0.0,0.0,False,Qwen/Qwen2.5-Coder-14B-Instruct-AWQ,None
1354,Pie,Easy,3.006,12.0241,4,0.0,0.0,0.0,0.0,0.0,0.0,0.0,0.0,0.0,0.0,1.0,0.0,0.0,False,Qwen/Qwen2.5-Coder-14B-Instruct-AWQ,None
1354,Pie,Easy,3.006,12.0241,4,0.0,0.0,0.0,0.0,0.0,0.0,0.0,0.0,0.0,0.0,1.0,0.0,0.0,False,Qwen/Qwen2.5-Coder-14B-Instruct-AWQ,None
1354,Pie,Easy,3.006,12.0241,4,0.0,0.0,0.0,0.0,0.0,0.0,0.0,0.0,0.0,0.0,1.0,0.0,0.0,False,Qwen/Qwen2.5-Coder-14B-Instruct-AWQ,None
1363,Bar,Easy,4.3318,17.3273,4,0.0,0.0,0.0,0.0,0.0,0.0,0.0,0.0,0.0,0.0,1.0,0.0,0.0,False,Qwen/Qwen2.5-Coder-14B-Instruct-AWQ,None
1363,Bar,Easy,4.3318,17.3273,4,0.0,0.0,0.0,0.0,0.0,0.0,0.0,0.0,0.0,0.0,1.0,0.0,0.0,False,Qwen/Qwen2.5-Coder-14B-Instruct-AWQ,None
1363,Bar,Easy,4.3318,17.3273,4,0.0,0.0,0.0,0.0,0.0,0.0,0.0,0.0,0.0,0.0,1.0,0.0,0.0,False,Qwen/Qwen2.5-Coder-14B-Instruct-AWQ,None
1376,Pie,Medium,5.1426,5.1426,1,0.0,0.0,0.0,0.0,0.0,0.0,0.0,0.0,0.0,0.0,1.0,0.0,0.0,True,Qwen/Qwen2.5-Coder-14B-Instruct-AWQ,None
1376,Pie,Medium,5.1426,5.1426,1,0.0,0.0,0.0,0.0,0.0,0.0,0.0,0.0,0.0,0.0,1.0,0.0,0.0,True,Qwen/Qwen2.5-Coder-14B-Instruct-AWQ,None
1376,Pie,Medium,5.1426,5.1426,1,0.0,0.0,0.0,0.0,0.0,0.0,0.0,0.0,0.0,0.0,1.0,0.0,0.0,True,Qwen/Qwen2.5-Coder-14B-Instruct-AWQ,None
1377,Bar,Medium,5.0774,5.0774,1,0.0,0.0,0.0,0.0,0.0,0.0,0.0,0.0,0.0,0.0,1.0,0.0,0.0,True,Qwen/Qwen2.5-Coder-14B-Instruct-AWQ,None
1377,Bar,Medium,5.0774,5.0774,1,0.0,0.0,0.0,0.0,0.0,0.0,0.0,0.0,0.0,0.0,1.0,0.0,0.0,True,Qwen/Qwen2.5-Coder-14B-Instruct-AWQ,None
1377,Bar,Medium,5.0774,5.0774,1,0.0,0.0,0.0,0.0,0.0,0.0,0.0,0.0,0.0,0.0,1.0,0.0,0.0,True,Qwen/Qwen2.5-Coder-14B-Instruct-AWQ,None
1379,Pie,Medium,5.0161,5.0161,1,0.0,0.0,0.0,0.0,1.0,0.0,0.0,0.0,0.0,1.0,0.0,,0.0,True,Qwen/Qwen2.5-Coder-14B-Instruct-AWQ,None
1379,Pie,Medium,5.0161,5.0161,1,0.0,0.0,0.0,0.0,1.0,0.0,0.0,0.0,0.0,1.0,0.0,,0.0,True,Qwen/Qwen2.5-Coder-14B-Instruct-AWQ,None
1379,Pie,Medium,5.0161,5.0161,1,0.0,0.0,0.0,0.0,1.0,0.0,0.0,0.0,0.0,1.0,0.0,,0.0,True,Qwen/Qwen2.5-Coder-14B-Instruct-AWQ,None
1381,Pie,Medium,4.9275,4.9275,1,0.0,0.0,0.0,0.0,0.0,0.0,0.0,0.0,0.0,0.0,1.0,0.0,0.0,True,Qwen/Qwen2.5-Coder-14B-Instruct-AWQ,None
1381,Pie,Medium,4.9275,4.9275,1,0.0,0.0,0.0,0.0,0.0,0.0,0.0,0.0,0.0,0.0,1.0,0.0,0.0,True,Qwen/Qwen2.5-Coder-14B-Instruct-AWQ,None
1381,Pie,Medium,4.9275,4.9275,1,0.0,0.0,0.0,0.0,0.0,0.0,0.0,0.0,0.0,0.0,1.0,0.0,0.0,True,Qwen/Qwen2.5-Coder-14B-Instruct-AWQ,None
1383,Pie,Easy,3.7103,3.7103,1,0.0,0.0,0.0,0.0,0.0,0.0,0.0,0.0,0.0,0.0,1.0,0.0,0.0,False,Qwen/Qwen2.5-Coder-14B-Instruct-AWQ,None
1383,Pie,Easy,3.7103,3.7103,1,0.0,0.0,0.0,0.0,0.0,0.0,0.0,0.0,0.0,0.0,1.0,0.0,0.0,False,Qwen/Qwen2.5-Coder-14B-Instruct-AWQ,None
1383,Pie,Easy,3.7103,3.7103,1,0.0,0.0,0.0,0.0,0.0,0.0,0.0,0.0,0.0,0.0,1.0,0.0,0.0,False,Qwen/Qwen2.5-Coder-14B-Instruct-AWQ,None
1389,Pie,Medium,14.4532,28.9065,2,0.5,0.0,0.0,0.0,0.0,0.0,0.0,0.0,0.5,0.0,0.5,0.0,0.0,True,Qwen/Qwen2.5-Coder-14B-Instruct-AWQ,None
1389,Pie,Medium,14.4532,28.9065,2,0.5,0.0,0.0,0.0,0.0,0.0,0.0,0.0,0.5,0.0,0.5,0.0,0.0,True,Qwen/Qwen2.5-Coder-14B-Instruct-AWQ,None
1389,Pie,Medium,14.4532,28.9065,2,0.5,0.0,0.0,0.0,0.0,0.0,0.0,0.0,0.5,0.0,0.5,0.0,0.0,True,Qwen/Qwen2.5-Coder-14B-Instruct-AWQ,None
1392,Bar,Medium,3.674,7.348,2,0.0,0.0,0.0,0.0,0.0,0.0,0.0,0.0,0.0,0.0,1.0,0.0,0.0,True,Qwen/Qwen2.5-Coder-14B-Instruct-AWQ,None
1392,Bar,Medium,3.674,7.348,2,0.0,0.0,0.0,0.0,0.0,0.0,0.0,0.0,0.0,0.0,1.0,0.0,0.0,True,Qwen/Qwen2.5-Coder-14B-Instruct-AWQ,None
1392,Bar,Medium,3.674,7.348,2,0.0,0.0,0.0,0.0,0.0,0.0,0.0,0.0,0.0,0.0,1.0,0.0,0.0,True,Qwen/Qwen2.5-Coder-14B-Instruct-AWQ,None
1395,Pie,Medium,4.4903,8.9806,2,0.0,0.0,0.0,0.0,1.0,0.0,0.0,0.0,0.0,1.0,0.0,,0.0,True,Qwen/Qwen2.5-Coder-14B-Instruct-AWQ,None
1395,Pie,Medium,4.4903,8.9806,2,0.0,0.0,0.0,0.0,1.0,0.0,0.0,0.0,0.0,1.0,0.0,,0.0,True,Qwen/Qwen2.5-Coder-14B-Instruct-AWQ,None
1395,Pie,Medium,4.4903,8.9806,2,0.0,0.0,0.0,0.0,1.0,0.0,0.0,0.0,0.0,1.0,0.0,,0.0,True,Qwen/Qwen2.5-Coder-14B-Instruct-AWQ,None
1398,Scatter,Easy,4.4014,26.4082,6,0.0,0.0,0.0,0.0,0.0,0.0,0.0,0.0,0.0,0.0,1.0,0.0,0.0,False,Qwen/Qwen2.5-Coder-14B-Instruct-AWQ,None
1398,Scatter,Easy,4.4014,26.4082,6,0.0,0.0,0.0,0.0,0.0,0.0,0.0,0.0,0.0,0.0,1.0,0.0,0.0,False,Qwen/Qwen2.5-Coder-14B-Instruct-AWQ,None
1398,Scatter,Easy,4.4014,26.4082,6,0.0,0.0,0.0,0.0,0.0,0.0,0.0,0.0,0.0,0.0,1.0,0.0,0.0,False,Qwen/Qwen2.5-Coder-14B-Instruct-AWQ,None
1400,Pie,Easy,3.2801,13.1206,4,0.0,0.0,0.0,0.0,0.0,0.0,0.0,0.0,0.0,0.0,1.0,0.0,0.0,False,Qwen/Qwen2.5-Coder-14B-Instruct-AWQ,None
1400,Pie,Easy,3.2801,13.1206,4,0.0,0.0,0.0,0.0,0.0,0.0,0.0,0.0,0.0,0.0,1.0,0.0,0.0,False,Qwen/Qwen2.5-Coder-14B-Instruct-AWQ,None
1400,Pie,Easy,3.2801,13.1206,4,0.0,0.0,0.0,0.0,0.0,0.0,0.0,0.0,0.0,0.0,1.0,0.0,0.0,False,Qwen/Qwen2.5-Coder-14B-Instruct-AWQ,None
1408,Bar,Easy,3.3231,19.9385,6,0.0,0.0,0.0,0.0,0.0,0.0,0.0,0.0,0.0,0.0,1.0,0.0,0.0,False,Qwen/Qwen2.5-Coder-14B-Instruct-AWQ,None
1408,Bar,Easy,3.3231,19.9385,6,0.0,0.0,0.0,0.0,0.0,0.0,0.0,0.0,0.0,0.0,1.0,0.0,0.0,False,Qwen/Qwen2.5-Coder-14B-Instruct-AWQ,None
1408,Bar,Easy,3.3231,19.9385,6,0.0,0.0,0.0,0.0,0.0,0.0,0.0,0.0,0.0,0.0,1.0,0.0,0.0,False,Qwen/Qwen2.5-Coder-14B-Instruct-AWQ,None
1411,Bar,Easy,3.331,13.324,4,0.0,0.0,0.0,0.0,0.0,0.0,0.0,0.0,0.0,0.0,1.0,0.0,0.0,False,Qwen/Qwen2.5-Coder-14B-Instruct-AWQ,None
1411,Bar,Easy,3.331,13.324,4,0.0,0.0,0.0,0.0,0.0,0.0,0.0,0.0,0.0,0.0,1.0,0.0,0.0,False,Qwen/Qwen2.5-Coder-14B-Instruct-AWQ,None
1411,Bar,Easy,3.331,13.324,4,0.0,0.0,0.0,0.0,0.0,0.0,0.0,0.0,0.0,0.0,1.0,0.0,0.0,False,Qwen/Qwen2.5-Coder-14B-Instruct-AWQ,None
1434,Pie,Hard,15.13,60.5202,4,0.5,0.0,0.0,0.0,0.25,0.0,0.0,0.0,0.5,0.25,0.25,0.0,0.0,True,Qwen/Qwen2.5-Coder-14B-Instruct-AWQ,None
1434,Pie,Hard,15.13,60.5202,4,0.5,0.0,0.0,0.0,0.25,0.0,0.0,0.0,0.5,0.25,0.25,0.0,0.0,True,Qwen/Qwen2.5-Coder-14B-Instruct-AWQ,None
1434,Pie,Hard,15.13,60.5202,4,0.5,0.0,0.0,0.0,0.25,0.0,0.0,0.0,0.5,0.25,0.25,0.0,0.0,True,Qwen/Qwen2.5-Coder-14B-Instruct-AWQ,None
1435,Bar,Hard,5.9182,23.6727,4,0.0,0.0,0.0,0.0,0.25,0.0,0.0,0.0,0.0,0.25,0.75,0.0,0.0,True,Qwen/Qwen2.5-Coder-14B-Instruct-AWQ,None
1435,Bar,Hard,5.9182,23.6727,4,0.0,0.0,0.0,0.0,0.25,0.0,0.0,0.0,0.0,0.25,0.75,0.0,0.0,True,Qwen/Qwen2.5-Coder-14B-Instruct-AWQ,None
1435,Bar,Hard,5.9182,23.6727,4,0.0,0.0,0.0,0.0,0.25,0.0,0.0,0.0,0.0,0.25,0.75,0.0,0.0,True,Qwen/Qwen2.5-Coder-14B-Instruct-AWQ,None
1460,Bar,Medium,5.093,20.3721,4,0.0,0.0,0.0,0.0,0.0,0.0,0.0,0.0,0.0,0.0,1.0,0.0,0.0,False,Qwen/Qwen2.5-Coder-14B-Instruct-AWQ,None
1460,Bar,Medium,5.093,20.3721,4,0.0,0.0,0.0,0.0,0.0,0.0,0.0,0.0,0.0,0.0,1.0,0.0,0.0,False,Qwen/Qwen2.5-Coder-14B-Instruct-AWQ,None
1460,Bar,Medium,5.093,20.3721,4,0.0,0.0,0.0,0.0,0.0,0.0,0.0,0.0,0.0,0.0,1.0,0.0,0.0,False,Qwen/Qwen2.5-Coder-14B-Instruct-AWQ,None
1465,Scatter,Easy,6.1641,6.1641,1,0.0,0.0,0.0,0.0,0.0,0.0,0.0,0.0,0.0,0.0,1.0,0.0,0.0,False,Qwen/Qwen2.5-Coder-14B-Instruct-AWQ,None
1465,Scatter,Easy,6.1641,6.1641,1,0.0,0.0,0.0,0.0,0.0,0.0,0.0,0.0,0.0,0.0,1.0,0.0,0.0,False,Qwen/Qwen2.5-Coder-14B-Instruct-AWQ,None
1465,Scatter,Easy,6.1641,6.1641,1,0.0,0.0,0.0,0.0,0.0,0.0,0.0,0.0,0.0,0.0,1.0,0.0,0.0,False,Qwen/Qwen2.5-Coder-14B-Instruct-AWQ,None
1468,Grouping Scatter,Medium,3.883,7.766,2,0.0,0.0,0.0,0.0,0.0,0.0,0.0,0.0,0.0,0.0,1.0,0.0,0.0,False,Qwen/Qwen2.5-Coder-14B-Instruct-AWQ,None
1468,Grouping Scatter,Medium,3.883,7.766,2,0.0,0.0,0.0,0.0,0.0,0.0,0.0,0.0,0.0,0.0,1.0,0.0,0.0,False,Qwen/Qwen2.5-Coder-14B-Instruct-AWQ,None
1468,Grouping Scatter,Medium,3.883,7.766,2,0.0,0.0,0.0,0.0,0.0,0.0,0.0,0.0,0.0,0.0,1.0,0.0,0.0,False,Qwen/Qwen2.5-Coder-14B-Instruct-AWQ,None
1482,Grouping Line,Hard,4.2839,4.2839,1,0.0,0.0,0.0,0.0,1.0,0.0,0.0,0.0,0.0,1.0,0.0,,0.0,False,Qwen/Qwen2.5-Coder-14B-Instruct-AWQ,None
1482,Grouping Line,Hard,4.2839,4.2839,1,0.0,0.0,0.0,0.0,1.0,0.0,0.0,0.0,0.0,1.0,0.0,,0.0,False,Qwen/Qwen2.5-Coder-14B-Instruct-AWQ,None
1482,Grouping Line,Hard,4.2839,4.2839,1,0.0,0.0,0.0,0.0,1.0,0.0,0.0,0.0,0.0,1.0,0.0,,0.0,False,Qwen/Qwen2.5-Coder-14B-Instruct-AWQ,None
1496,Pie,Easy,3.3895,3.3895,1,0.0,0.0,0.0,0.0,0.0,0.0,0.0,0.0,0.0,0.0,1.0,0.0,0.0,False,Qwen/Qwen2.5-Coder-14B-Instruct-AWQ,None
1496,Pie,Easy,3.3895,3.3895,1,0.0,0.0,0.0,0.0,0.0,0.0,0.0,0.0,0.0,0.0,1.0,0.0,0.0,False,Qwen/Qwen2.5-Coder-14B-Instruct-AWQ,None
1496,Pie,Easy,3.3895,3.3895,1,0.0,0.0,0.0,0.0,0.0,0.0,0.0,0.0,0.0,0.0,1.0,0.0,0.0,False,Qwen/Qwen2.5-Coder-14B-Instruct-AWQ,None
1497,Pie,Easy,3.4234,10.2703,3,0.0,0.0,0.0,0.0,0.0,0.0,0.0,0.0,0.0,0.0,1.0,0.0,0.0,False,Qwen/Qwen2.5-Coder-14B-Instruct-AWQ,None
1497,Pie,Easy,3.4234,10.2703,3,0.0,0.0,0.0,0.0,0.0,0.0,0.0,0.0,0.0,0.0,1.0,0.0,0.0,False,Qwen/Qwen2.5-Coder-14B-Instruct-AWQ,None
1497,Pie,Easy,3.4234,10.2703,3,0.0,0.0,0.0,0.0,0.0,0.0,0.0,0.0,0.0,0.0,1.0,0.0,0.0,False,Qwen/Qwen2.5-Coder-14B-Instruct-AWQ,None
1499,Bar,Medium,14.7911,14.7911,1,0.0,0.0,0.0,0.0,1.0,0.0,0.0,0.0,0.0,1.0,0.0,,0.0,False,Qwen/Qwen2.5-Coder-14B-Instruct-AWQ,None
1499,Bar,Medium,14.7911,14.7911,1,0.0,0.0,0.0,0.0,1.0,0.0,0.0,0.0,0.0,1.0,0.0,,0.0,False,Qwen/Qwen2.5-Coder-14B-Instruct-AWQ,None
1499,Bar,Medium,14.7911,14.7911,1,0.0,0.0,0.0,0.0,1.0,0.0,0.0,0.0,0.0,1.0,0.0,,0.0,False,Qwen/Qwen2.5-Coder-14B-Instruct-AWQ,None
1500,Pie,Easy,7.6503,15.3006,2,0.0,0.0,0.0,0.0,0.5,0.0,0.0,0.0,0.0,0.5,0.5,0.0,0.0,False,Qwen/Qwen2.5-Coder-14B-Instruct-AWQ,None
1500,Pie,Easy,7.6503,15.3006,2,0.0,0.0,0.0,0.0,0.5,0.0,0.0,0.0,0.0,0.5,0.5,0.0,0.0,False,Qwen/Qwen2.5-Coder-14B-Instruct-AWQ,None
1500,Pie,Easy,7.6503,15.3006,2,0.0,0.0,0.0,0.0,0.5,0.0,0.0,0.0,0.0,0.5,0.5,0.0,0.0,False,Qwen/Qwen2.5-Coder-14B-Instruct-AWQ,None
1504,Grouping Scatter,Medium,14.8424,14.8424,1,1.0,0.0,0.0,0.0,0.0,0.0,0.0,0.0,1.0,0.0,0.0,,0.0,False,Qwen/Qwen2.5-Coder-14B-Instruct-AWQ,None
1504,Grouping Scatter,Medium,14.8424,14.8424,1,1.0,0.0,0.0,0.0,0.0,0.0,0.0,0.0,1.0,0.0,0.0,,0.0,False,Qwen/Qwen2.5-Coder-14B-Instruct-AWQ,None
1504,Grouping Scatter,Medium,14.8424,14.8424,1,1.0,0.0,0.0,0.0,0.0,0.0,0.0,0.0,1.0,0.0,0.0,,0.0,False,Qwen/Qwen2.5-Coder-14B-Instruct-AWQ,None
1507,Pie,Easy,4.1117,16.447,4,0.0,0.0,0.0,0.0,0.0,0.0,0.0,0.0,0.0,0.0,1.0,0.0,0.0,False,Qwen/Qwen2.5-Coder-14B-Instruct-AWQ,None
1507,Pie,Easy,4.1117,16.447,4,0.0,0.0,0.0,0.0,0.0,0.0,0.0,0.0,0.0,0.0,1.0,0.0,0.0,False,Qwen/Qwen2.5-Coder-14B-Instruct-AWQ,None
1507,Pie,Easy,4.1117,16.447,4,0.0,0.0,0.0,0.0,0.0,0.0,0.0,0.0,0.0,0.0,1.0,0.0,0.0,False,Qwen/Qwen2.5-Coder-14B-Instruct-AWQ,None
1509,Pie,Medium,6.6592,13.3183,2,0.0,0.0,0.0,0.5,1.0,0.0,0.0,0.0,0.0,1.0,0.0,,0.0,False,Qwen/Qwen2.5-Coder-14B-Instruct-AWQ,None
1509,Pie,Medium,6.6592,13.3183,2,0.0,0.0,0.0,0.5,1.0,0.0,0.0,0.0,0.0,1.0,0.0,,0.0,False,Qwen/Qwen2.5-Coder-14B-Instruct-AWQ,None
1509,Pie,Medium,6.6592,13.3183,2,0.0,0.0,0.0,0.5,1.0,0.0,0.0,0.0,0.0,1.0,0.0,,0.0,False,Qwen/Qwen2.5-Coder-14B-Instruct-AWQ,None
1515,Pie,Medium,5.985,5.985,1,0.0,0.0,0.0,0.0,0.0,0.0,0.0,0.0,0.0,0.0,1.0,0.0,0.0,True,Qwen/Qwen2.5-Coder-14B-Instruct-AWQ,None
1515,Pie,Medium,5.985,5.985,1,0.0,0.0,0.0,0.0,0.0,0.0,0.0,0.0,0.0,0.0,1.0,0.0,0.0,True,Qwen/Qwen2.5-Coder-14B-Instruct-AWQ,None
1515,Pie,Medium,5.985,5.985,1,0.0,0.0,0.0,0.0,0.0,0.0,0.0,0.0,0.0,0.0,1.0,0.0,0.0,True,Qwen/Qwen2.5-Coder-14B-Instruct-AWQ,None
1517,Pie,Easy,3.4572,6.9143,2,0.0,0.0,0.0,0.0,0.0,0.0,0.0,0.0,0.0,0.0,1.0,0.0,0.0,False,Qwen/Qwen2.5-Coder-14B-Instruct-AWQ,None
1517,Pie,Easy,3.4572,6.9143,2,0.0,0.0,0.0,0.0,0.0,0.0,0.0,0.0,0.0,0.0,1.0,0.0,0.0,False,Qwen/Qwen2.5-Coder-14B-Instruct-AWQ,None
1517,Pie,Easy,3.4572,6.9143,2,0.0,0.0,0.0,0.0,0.0,0.0,0.0,0.0,0.0,0.0,1.0,0.0,0.0,False,Qwen/Qwen2.5-Coder-14B-Instruct-AWQ,None
1520,Pie,Medium,20.1044,100.5222,5,1.0,0.0,0.0,0.0,0.0,0.0,0.0,0.0,1.0,0.0,0.0,,0.0,True,Qwen/Qwen2.5-Coder-14B-Instruct-AWQ,None
1520,Pie,Medium,20.1044,100.5222,5,1.0,0.0,0.0,0.0,0.0,0.0,0.0,0.0,1.0,0.0,0.0,,0.0,True,Qwen/Qwen2.5-Coder-14B-Instruct-AWQ,None
1520,Pie,Medium,20.1044,100.5222,5,1.0,0.0,0.0,0.0,0.0,0.0,0.0,0.0,1.0,0.0,0.0,,0.0,True,Qwen/Qwen2.5-Coder-14B-Instruct-AWQ,None
1522,Pie,Hard,7.3263,7.3263,1,0.0,0.0,0.0,0.0,1.0,0.0,0.0,0.0,0.0,1.0,0.0,,0.0,True,Qwen/Qwen2.5-Coder-14B-Instruct-AWQ,None
1522,Pie,Hard,7.3263,7.3263,1,0.0,0.0,0.0,0.0,1.0,0.0,0.0,0.0,0.0,1.0,0.0,,0.0,True,Qwen/Qwen2.5-Coder-14B-Instruct-AWQ,None
1522,Pie,Hard,7.3263,7.3263,1,0.0,0.0,0.0,0.0,1.0,0.0,0.0,0.0,0.0,1.0,0.0,,0.0,True,Qwen/Qwen2.5-Coder-14B-Instruct-AWQ,None
1524,Pie,Medium,5.0846,15.2538,3,0.0,0.0,0.0,0.0,0.3333333333333333,0.0,0.0,0.0,0.0,0.3333333333333333,0.6666666666666666,0.0,0.0,True,Qwen/Qwen2.5-Coder-14B-Instruct-AWQ,None
1524,Pie,Medium,5.0846,15.2538,3,0.0,0.0,0.0,0.0,0.3333333333333333,0.0,0.0,0.0,0.0,0.3333333333333333,0.6666666666666666,0.0,0.0,True,Qwen/Qwen2.5-Coder-14B-Instruct-AWQ,None
1524,Pie,Medium,5.0846,15.2538,3,0.0,0.0,0.0,0.0,0.3333333333333333,0.0,0.0,0.0,0.0,0.3333333333333333,0.6666666666666666,0.0,0.0,True,Qwen/Qwen2.5-Coder-14B-Instruct-AWQ,None
1526,Bar,Easy,5.1302,10.2604,2,0.0,0.0,0.0,0.0,0.0,0.0,0.0,0.0,0.0,0.0,1.0,0.0,0.0,False,Qwen/Qwen2.5-Coder-14B-Instruct-AWQ,None
1526,Bar,Easy,5.1302,10.2604,2,0.0,0.0,0.0,0.0,0.0,0.0,0.0,0.0,0.0,0.0,1.0,0.0,0.0,False,Qwen/Qwen2.5-Coder-14B-Instruct-AWQ,None
1526,Bar,Easy,5.1302,10.2604,2,0.0,0.0,0.0,0.0,0.0,0.0,0.0,0.0,0.0,0.0,1.0,0.0,0.0,False,Qwen/Qwen2.5-Coder-14B-Instruct-AWQ,None
1527,Pie,Hard,12.7596,38.2787,3,0.3333333333333333,0.0,0.0,0.0,0.3333333333333333,0.0,0.0,0.0,0.3333333333333333,0.3333333333333333,0.3333333333333333,0.0,0.0,True,Qwen/Qwen2.5-Coder-14B-Instruct-AWQ,None
1527,Pie,Hard,12.7596,38.2787,3,0.3333333333333333,0.0,0.0,0.0,0.3333333333333333,0.0,0.0,0.0,0.3333333333333333,0.3333333333333333,0.3333333333333333,0.0,0.0,True,Qwen/Qwen2.5-Coder-14B-Instruct-AWQ,None
1527,Pie,Hard,12.7596,38.2787,3,0.3333333333333333,0.0,0.0,0.0,0.3333333333333333,0.0,0.0,0.0,0.3333333333333333,0.3333333333333333,0.3333333333333333,0.0,0.0,True,Qwen/Qwen2.5-Coder-14B-Instruct-AWQ,None
1528,Bar,Hard,7.8803,23.6408,3,0.0,0.0,0.0,0.0,0.0,0.0,0.0,0.0,0.0,0.0,1.0,0.0,0.0,True,Qwen/Qwen2.5-Coder-14B-Instruct-AWQ,None
1528,Bar,Hard,7.8803,23.6408,3,0.0,0.0,0.0,0.0,0.0,0.0,0.0,0.0,0.0,0.0,1.0,0.0,0.0,True,Qwen/Qwen2.5-Coder-14B-Instruct-AWQ,None
1528,Bar,Hard,7.8803,23.6408,3,0.0,0.0,0.0,0.0,0.0,0.0,0.0,0.0,0.0,0.0,1.0,0.0,0.0,True,Qwen/Qwen2.5-Coder-14B-Instruct-AWQ,None
1529,Pie,Medium,8.2452,24.7357,3,0.0,0.0,0.0,0.3333333333333333,0.3333333333333333,0.0,0.0,0.0,0.0,0.3333333333333333,0.6666666666666666,0.0,0.0,True,Qwen/Qwen2.5-Coder-14B-Instruct-AWQ,None
1529,Pie,Medium,8.2452,24.7357,3,0.0,0.0,0.0,0.3333333333333333,0.3333333333333333,0.0,0.0,0.0,0.0,0.3333333333333333,0.6666666666666666,0.0,0.0,True,Qwen/Qwen2.5-Coder-14B-Instruct-AWQ,None
1529,Pie,Medium,8.2452,24.7357,3,0.0,0.0,0.0,0.3333333333333333,0.3333333333333333,0.0,0.0,0.0,0.0,0.3333333333333333,0.6666666666666666,0.0,0.0,True,Qwen/Qwen2.5-Coder-14B-Instruct-AWQ,None
1530,Bar,Medium,5.8418,17.5253,3,0.0,0.0,0.0,0.0,0.0,0.0,0.0,0.0,0.0,0.0,1.0,0.0,0.0,True,Qwen/Qwen2.5-Coder-14B-Instruct-AWQ,None
1530,Bar,Medium,5.8418,17.5253,3,0.0,0.0,0.0,0.0,0.0,0.0,0.0,0.0,0.0,0.0,1.0,0.0,0.0,True,Qwen/Qwen2.5-Coder-14B-Instruct-AWQ,None
1530,Bar,Medium,5.8418,17.5253,3,0.0,0.0,0.0,0.0,0.0,0.0,0.0,0.0,0.0,0.0,1.0,0.0,0.0,True,Qwen/Qwen2.5-Coder-14B-Instruct-AWQ,None
1531,Pie,Medium,4.9626,14.8877,3,0.0,0.0,0.0,0.0,0.0,0.0,0.0,0.0,0.0,0.0,1.0,0.0,0.0,True,Qwen/Qwen2.5-Coder-14B-Instruct-AWQ,None
1531,Pie,Medium,4.9626,14.8877,3,0.0,0.0,0.0,0.0,0.0,0.0,0.0,0.0,0.0,0.0,1.0,0.0,0.0,True,Qwen/Qwen2.5-Coder-14B-Instruct-AWQ,None
1531,Pie,Medium,4.9626,14.8877,3,0.0,0.0,0.0,0.0,0.0,0.0,0.0,0.0,0.0,0.0,1.0,0.0,0.0,True,Qwen/Qwen2.5-Coder-14B-Instruct-AWQ,None
1534,Pie,Medium,5.9328,35.5969,6,0.0,0.0,0.0,0.0,0.8333333333333334,0.0,0.0,0.0,0.0,0.8333333333333334,0.16666666666666666,0.0,0.0,True,Qwen/Qwen2.5-Coder-14B-Instruct-AWQ,None
1534,Pie,Medium,5.9328,35.5969,6,0.0,0.0,0.0,0.0,0.8333333333333334,0.0,0.0,0.0,0.0,0.8333333333333334,0.16666666666666666,0.0,0.0,True,Qwen/Qwen2.5-Coder-14B-Instruct-AWQ,None
1534,Pie,Medium,5.9328,35.5969,6,0.0,0.0,0.0,0.0,0.8333333333333334,0.0,0.0,0.0,0.0,0.8333333333333334,0.16666666666666666,0.0,0.0,True,Qwen/Qwen2.5-Coder-14B-Instruct-AWQ,None
1535,Bar,Medium,5.7884,28.9418,5,0.0,0.0,0.0,0.0,0.8,0.0,0.0,0.0,0.0,0.8,0.2,0.0,0.0,True,Qwen/Qwen2.5-Coder-14B-Instruct-AWQ,None
1535,Bar,Medium,5.7884,28.9418,5,0.0,0.0,0.0,0.0,0.8,0.0,0.0,0.0,0.0,0.8,0.2,0.0,0.0,True,Qwen/Qwen2.5-Coder-14B-Instruct-AWQ,None
1535,Bar,Medium,5.7884,28.9418,5,0.0,0.0,0.0,0.0,0.8,0.0,0.0,0.0,0.0,0.8,0.2,0.0,0.0,True,Qwen/Qwen2.5-Coder-14B-Instruct-AWQ,None
1537,Bar,Medium,6.613,6.613,1,0.0,0.0,0.0,0.0,0.0,0.0,0.0,0.0,0.0,0.0,1.0,0.0,0.0,False,Qwen/Qwen2.5-Coder-14B-Instruct-AWQ,None
1537,Bar,Medium,6.613,6.613,1,0.0,0.0,0.0,0.0,0.0,0.0,0.0,0.0,0.0,0.0,1.0,0.0,0.0,False,Qwen/Qwen2.5-Coder-14B-Instruct-AWQ,None
1537,Bar,Medium,6.613,6.613,1,0.0,0.0,0.0,0.0,0.0,0.0,0.0,0.0,0.0,0.0,1.0,0.0,0.0,False,Qwen/Qwen2.5-Coder-14B-Instruct-AWQ,None
1556,Line,Hard,5.2682,21.0727,4,0.0,0.0,0.0,0.0,1.0,0.0,0.0,0.0,0.0,1.0,0.0,,0.0,False,Qwen/Qwen2.5-Coder-14B-Instruct-AWQ,None
1556,Line,Hard,5.2682,21.0727,4,0.0,0.0,0.0,0.0,1.0,0.0,0.0,0.0,0.0,1.0,0.0,,0.0,False,Qwen/Qwen2.5-Coder-14B-Instruct-AWQ,None
1556,Line,Hard,5.2682,21.0727,4,0.0,0.0,0.0,0.0,1.0,0.0,0.0,0.0,0.0,1.0,0.0,,0.0,False,Qwen/Qwen2.5-Coder-14B-Instruct-AWQ,None
1563,Bar,Extra Hard,5.9374,29.6869,5,0.0,0.0,0.0,0.0,1.0,0.0,0.0,0.0,0.0,1.0,0.0,,0.0,False,Qwen/Qwen2.5-Coder-14B-Instruct-AWQ,None
1563,Bar,Extra Hard,5.9374,29.6869,5,0.0,0.0,0.0,0.0,1.0,0.0,0.0,0.0,0.0,1.0,0.0,,0.0,False,Qwen/Qwen2.5-Coder-14B-Instruct-AWQ,None
1563,Bar,Extra Hard,5.9374,29.6869,5,0.0,0.0,0.0,0.0,1.0,0.0,0.0,0.0,0.0,1.0,0.0,,0.0,False,Qwen/Qwen2.5-Coder-14B-Instruct-AWQ,None
1574,Scatter,Hard,5.55,22.2,4,0.0,0.0,0.0,0.0,1.0,0.0,0.0,0.0,0.0,1.0,0.0,,0.0,False,Qwen/Qwen2.5-Coder-14B-Instruct-AWQ,None
1574,Scatter,Hard,5.55,22.2,4,0.0,0.0,0.0,0.0,1.0,0.0,0.0,0.0,0.0,1.0,0.0,,0.0,False,Qwen/Qwen2.5-Coder-14B-Instruct-AWQ,None
1574,Scatter,Hard,5.55,22.2,4,0.0,0.0,0.0,0.0,1.0,0.0,0.0,0.0,0.0,1.0,0.0,,0.0,False,Qwen/Qwen2.5-Coder-14B-Instruct-AWQ,None
1580,Bar,Hard,8.0154,32.0615,4,0.0,0.0,0.0,0.0,1.0,0.0,0.0,0.0,0.0,1.0,0.0,,0.0,False,Qwen/Qwen2.5-Coder-14B-Instruct-AWQ,None
1580,Bar,Hard,8.0154,32.0615,4,0.0,0.0,0.0,0.0,1.0,0.0,0.0,0.0,0.0,1.0,0.0,,0.0,False,Qwen/Qwen2.5-Coder-14B-Instruct-AWQ,None
1580,Bar,Hard,8.0154,32.0615,4,0.0,0.0,0.0,0.0,1.0,0.0,0.0,0.0,0.0,1.0,0.0,,0.0,False,Qwen/Qwen2.5-Coder-14B-Instruct-AWQ,None
1611,Scatter,Medium,7.2559,21.7676,3,0.0,0.0,0.0,0.0,1.0,0.0,0.0,0.0,0.0,1.0,0.0,,0.0,False,Qwen/Qwen2.5-Coder-14B-Instruct-AWQ,None
1611,Scatter,Medium,7.2559,21.7676,3,0.0,0.0,0.0,0.0,1.0,0.0,0.0,0.0,0.0,1.0,0.0,,0.0,False,Qwen/Qwen2.5-Coder-14B-Instruct-AWQ,None
1611,Scatter,Medium,7.2559,21.7676,3,0.0,0.0,0.0,0.0,1.0,0.0,0.0,0.0,0.0,1.0,0.0,,0.0,False,Qwen/Qwen2.5-Coder-14B-Instruct-AWQ,None
1621,Line,Medium,12.827,76.9621,6,0.16666666666666666,0.0,0.0,0.0,0.8333333333333334,0.0,0.0,0.0,0.16666666666666666,0.8333333333333334,0.0,,0.0,False,Qwen/Qwen2.5-Coder-14B-Instruct-AWQ,None
1621,Line,Medium,12.827,76.9621,6,0.16666666666666666,0.0,0.0,0.0,0.8333333333333334,0.0,0.0,0.0,0.16666666666666666,0.8333333333333334,0.0,,0.0,False,Qwen/Qwen2.5-Coder-14B-Instruct-AWQ,None
1621,Line,Medium,12.827,76.9621,6,0.16666666666666666,0.0,0.0,0.0,0.8333333333333334,0.0,0.0,0.0,0.16666666666666666,0.8333333333333334,0.0,,0.0,False,Qwen/Qwen2.5-Coder-14B-Instruct-AWQ,None
1630,Bar,Medium,5.6491,5.6491,1,0.0,0.0,0.0,0.0,0.0,0.0,0.0,0.0,0.0,0.0,1.0,0.0,0.0,False,Qwen/Qwen2.5-Coder-14B-Instruct-AWQ,None
1630,Bar,Medium,5.6491,5.6491,1,0.0,0.0,0.0,0.0,0.0,0.0,0.0,0.0,0.0,0.0,1.0,0.0,0.0,False,Qwen/Qwen2.5-Coder-14B-Instruct-AWQ,None
1630,Bar,Medium,5.6491,5.6491,1,0.0,0.0,0.0,0.0,0.0,0.0,0.0,0.0,0.0,0.0,1.0,0.0,0.0,False,Qwen/Qwen2.5-Coder-14B-Instruct-AWQ,None
1652,Bar,Medium,7.34,29.3598,4,0.0,0.0,0.0,0.0,0.0,0.0,0.0,0.0,0.0,0.0,1.0,0.0,0.0,False,Qwen/Qwen2.5-Coder-14B-Instruct-AWQ,None
1652,Bar,Medium,7.34,29.3598,4,0.0,0.0,0.0,0.0,0.0,0.0,0.0,0.0,0.0,0.0,1.0,0.0,0.0,False,Qwen/Qwen2.5-Coder-14B-Instruct-AWQ,None
1652,Bar,Medium,7.34,29.3598,4,0.0,0.0,0.0,0.0,0.0,0.0,0.0,0.0,0.0,0.0,1.0,0.0,0.0,False,Qwen/Qwen2.5-Coder-14B-Instruct-AWQ,None
1663,Line,Extra Hard,8.9094,17.8188,2,0.0,0.0,0.0,0.0,1.0,0.0,0.0,0.0,0.0,1.0,0.0,,0.0,False,Qwen/Qwen2.5-Coder-14B-Instruct-AWQ,None
1663,Line,Extra Hard,8.9094,17.8188,2,0.0,0.0,0.0,0.0,1.0,0.0,0.0,0.0,0.0,1.0,0.0,,0.0,False,Qwen/Qwen2.5-Coder-14B-Instruct-AWQ,None
1663,Line,Extra Hard,8.9094,17.8188,2,0.0,0.0,0.0,0.0,1.0,0.0,0.0,0.0,0.0,1.0,0.0,,0.0,False,Qwen/Qwen2.5-Coder-14B-Instruct-AWQ,None
1690,Scatter,Extra Hard,8.5391,42.6953,5,0.0,0.0,0.0,0.0,0.0,0.0,0.0,0.0,0.0,0.0,1.0,0.0,0.0,False,Qwen/Qwen2.5-Coder-14B-Instruct-AWQ,None
1690,Scatter,Extra Hard,8.5391,42.6953,5,0.0,0.0,0.0,0.0,0.0,0.0,0.0,0.0,0.0,0.0,1.0,0.0,0.0,False,Qwen/Qwen2.5-Coder-14B-Instruct-AWQ,None
1690,Scatter,Extra Hard,8.5391,42.6953,5,0.0,0.0,0.0,0.0,0.0,0.0,0.0,0.0,0.0,0.0,1.0,0.0,0.0,False,Qwen/Qwen2.5-Coder-14B-Instruct-AWQ,None
1715,Bar,Medium,6.8636,34.3181,5,0.0,0.0,0.0,0.0,1.0,0.0,0.0,0.0,0.0,1.0,0.0,,0.0,False,Qwen/Qwen2.5-Coder-14B-Instruct-AWQ,None
1715,Bar,Medium,6.8636,34.3181,5,0.0,0.0,0.0,0.0,1.0,0.0,0.0,0.0,0.0,1.0,0.0,,0.0,False,Qwen/Qwen2.5-Coder-14B-Instruct-AWQ,None
1715,Bar,Medium,6.8636,34.3181,5,0.0,0.0,0.0,0.0,1.0,0.0,0.0,0.0,0.0,1.0,0.0,,0.0,False,Qwen/Qwen2.5-Coder-14B-Instruct-AWQ,None
1741,Scatter,Easy,6.7189,26.8756,4,0.0,0.0,0.0,0.0,1.0,0.0,0.0,0.0,0.0,1.0,0.0,,0.0,False,Qwen/Qwen2.5-Coder-14B-Instruct-AWQ,None
1741,Scatter,Easy,6.7189,26.8756,4,0.0,0.0,0.0,0.0,1.0,0.0,0.0,0.0,0.0,1.0,0.0,,0.0,False,Qwen/Qwen2.5-Coder-14B-Instruct-AWQ,None
1741,Scatter,Easy,6.7189,26.8756,4,0.0,0.0,0.0,0.0,1.0,0.0,0.0,0.0,0.0,1.0,0.0,,0.0,False,Qwen/Qwen2.5-Coder-14B-Instruct-AWQ,None
1807,Pie,Hard,3.7101,7.4202,2,0.0,0.0,0.0,0.0,0.0,0.0,0.0,0.0,0.0,0.0,1.0,0.0,0.0,False,Qwen/Qwen2.5-Coder-14B-Instruct-AWQ,None
1807,Pie,Hard,3.7101,7.4202,2,0.0,0.0,0.0,0.0,0.0,0.0,0.0,0.0,0.0,0.0,1.0,0.0,0.0,False,Qwen/Qwen2.5-Coder-14B-Instruct-AWQ,None
1807,Pie,Hard,3.7101,7.4202,2,0.0,0.0,0.0,0.0,0.0,0.0,0.0,0.0,0.0,0.0,1.0,0.0,0.0,False,Qwen/Qwen2.5-Coder-14B-Instruct-AWQ,None
1831,Bar,Hard,14.9749,29.9498,2,1.0,0.0,0.0,0.0,0.0,0.0,0.0,0.0,1.0,0.0,0.0,,0.0,False,Qwen/Qwen2.5-Coder-14B-Instruct-AWQ,None
1831,Bar,Hard,14.9749,29.9498,2,1.0,0.0,0.0,0.0,0.0,0.0,0.0,0.0,1.0,0.0,0.0,,0.0,False,Qwen/Qwen2.5-Coder-14B-Instruct-AWQ,None
1831,Bar,Hard,14.9749,29.9498,2,1.0,0.0,0.0,0.0,0.0,0.0,0.0,0.0,1.0,0.0,0.0,,0.0,False,Qwen/Qwen2.5-Coder-14B-Instruct-AWQ,None
1839,Bar,Easy,3.542,7.084,2,0.0,0.0,0.0,0.0,0.5,0.0,0.0,0.0,0.0,0.5,0.5,0.0,0.0,False,Qwen/Qwen2.5-Coder-14B-Instruct-AWQ,None
1839,Bar,Easy,3.542,7.084,2,0.0,0.0,0.0,0.0,0.5,0.0,0.0,0.0,0.0,0.5,0.5,0.0,0.0,False,Qwen/Qwen2.5-Coder-14B-Instruct-AWQ,None
1839,Bar,Easy,3.542,7.084,2,0.0,0.0,0.0,0.0,0.5,0.0,0.0,0.0,0.0,0.5,0.5,0.0,0.0,False,Qwen/Qwen2.5-Coder-14B-Instruct-AWQ,None
1955,Pie,Hard,6.438,12.876,2,0.0,0.0,0.0,0.0,1.0,0.0,0.0,0.0,0.0,1.0,0.0,,0.0,True,Qwen/Qwen2.5-Coder-14B-Instruct-AWQ,None
1955,Pie,Hard,6.438,12.876,2,0.0,0.0,0.0,0.0,1.0,0.0,0.0,0.0,0.0,1.0,0.0,,0.0,True,Qwen/Qwen2.5-Coder-14B-Instruct-AWQ,None
1955,Pie,Hard,6.438,12.876,2,0.0,0.0,0.0,0.0,1.0,0.0,0.0,0.0,0.0,1.0,0.0,,0.0,True,Qwen/Qwen2.5-Coder-14B-Instruct-AWQ,None
1961,Pie,Hard,6.9437,6.9437,1,0.0,0.0,0.0,0.0,0.0,0.0,0.0,0.0,0.0,0.0,1.0,0.0,0.0,True,Qwen/Qwen2.5-Coder-14B-Instruct-AWQ,None
1961,Pie,Hard,6.9437,6.9437,1,0.0,0.0,0.0,0.0,0.0,0.0,0.0,0.0,0.0,0.0,1.0,0.0,0.0,True,Qwen/Qwen2.5-Coder-14B-Instruct-AWQ,None
1961,Pie,Hard,6.9437,6.9437,1,0.0,0.0,0.0,0.0,0.0,0.0,0.0,0.0,0.0,0.0,1.0,0.0,0.0,True,Qwen/Qwen2.5-Coder-14B-Instruct-AWQ,None
1966,Pie,Easy,3.4991,13.9962,4,0.0,0.0,0.0,0.0,0.0,0.0,0.0,0.0,0.0,0.0,1.0,0.0,0.0,False,Qwen/Qwen2.5-Coder-14B-Instruct-AWQ,None
1966,Pie,Easy,3.4991,13.9962,4,0.0,0.0,0.0,0.0,0.0,0.0,0.0,0.0,0.0,0.0,1.0,0.0,0.0,False,Qwen/Qwen2.5-Coder-14B-Instruct-AWQ,None
1966,Pie,Easy,3.4991,13.9962,4,0.0,0.0,0.0,0.0,0.0,0.0,0.0,0.0,0.0,0.0,1.0,0.0,0.0,False,Qwen/Qwen2.5-Coder-14B-Instruct-AWQ,None
1968,Pie,Easy,3.9648,11.8944,3,0.0,0.0,0.0,0.0,0.0,0.0,0.0,0.0,0.0,0.0,1.0,0.0,0.0,False,Qwen/Qwen2.5-Coder-14B-Instruct-AWQ,None
1968,Pie,Easy,3.9648,11.8944,3,0.0,0.0,0.0,0.0,0.0,0.0,0.0,0.0,0.0,0.0,1.0,0.0,0.0,False,Qwen/Qwen2.5-Coder-14B-Instruct-AWQ,None
1968,Pie,Easy,3.9648,11.8944,3,0.0,0.0,0.0,0.0,0.0,0.0,0.0,0.0,0.0,0.0,1.0,0.0,0.0,False,Qwen/Qwen2.5-Coder-14B-Instruct-AWQ,None
1969,Bar,Easy,3.9161,15.6644,4,0.0,0.0,0.0,0.0,0.0,0.0,0.0,0.0,0.0,0.0,1.0,0.0,0.0,False,Qwen/Qwen2.5-Coder-14B-Instruct-AWQ,None
1969,Bar,Easy,3.9161,15.6644,4,0.0,0.0,0.0,0.0,0.0,0.0,0.0,0.0,0.0,0.0,1.0,0.0,0.0,False,Qwen/Qwen2.5-Coder-14B-Instruct-AWQ,None
1969,Bar,Easy,3.9161,15.6644,4,0.0,0.0,0.0,0.0,0.0,0.0,0.0,0.0,0.0,0.0,1.0,0.0,0.0,False,Qwen/Qwen2.5-Coder-14B-Instruct-AWQ,None
1971,Pie,Easy,6.4422,19.3266,3,0.0,0.0,0.0,0.0,0.0,0.0,0.0,0.0,0.0,0.0,1.0,0.0,0.0,False,Qwen/Qwen2.5-Coder-14B-Instruct-AWQ,None
1971,Pie,Easy,6.4422,19.3266,3,0.0,0.0,0.0,0.0,0.0,0.0,0.0,0.0,0.0,0.0,1.0,0.0,0.0,False,Qwen/Qwen2.5-Coder-14B-Instruct-AWQ,None
1971,Pie,Easy,6.4422,19.3266,3,0.0,0.0,0.0,0.0,0.0,0.0,0.0,0.0,0.0,0.0,1.0,0.0,0.0,False,Qwen/Qwen2.5-Coder-14B-Instruct-AWQ,None
1972,Scatter,Easy,7.1027,7.1027,1,0.0,0.0,0.0,0.0,1.0,0.0,0.0,0.0,0.0,1.0,0.0,,0.0,False,Qwen/Qwen2.5-Coder-14B-Instruct-AWQ,None
1972,Scatter,Easy,7.1027,7.1027,1,0.0,0.0,0.0,0.0,1.0,0.0,0.0,0.0,0.0,1.0,0.0,,0.0,False,Qwen/Qwen2.5-Coder-14B-Instruct-AWQ,None
1972,Scatter,Easy,7.1027,7.1027,1,0.0,0.0,0.0,0.0,1.0,0.0,0.0,0.0,0.0,1.0,0.0,,0.0,False,Qwen/Qwen2.5-Coder-14B-Instruct-AWQ,None
1973,Grouping Scatter,Easy,10.4243,20.8485,2,0.5,0.0,0.0,0.0,0.0,0.0,0.0,0.0,0.5,0.0,0.5,0.0,0.0,False,Qwen/Qwen2.5-Coder-14B-Instruct-AWQ,None
1973,Grouping Scatter,Easy,10.4243,20.8485,2,0.5,0.0,0.0,0.0,0.0,0.0,0.0,0.0,0.5,0.0,0.5,0.0,0.0,False,Qwen/Qwen2.5-Coder-14B-Instruct-AWQ,None
1973,Grouping Scatter,Easy,10.4243,20.8485,2,0.5,0.0,0.0,0.0,0.0,0.0,0.0,0.0,0.5,0.0,0.5,0.0,0.0,False,Qwen/Qwen2.5-Coder-14B-Instruct-AWQ,None
1974,Pie,Medium,9.004,18.0079,2,0.5,0.0,0.0,0.0,0.0,0.0,0.0,0.0,0.5,0.0,0.5,0.0,0.0,False,Qwen/Qwen2.5-Coder-14B-Instruct-AWQ,None
1974,Pie,Medium,9.004,18.0079,2,0.5,0.0,0.0,0.0,0.0,0.0,0.0,0.0,0.5,0.0,0.5,0.0,0.0,False,Qwen/Qwen2.5-Coder-14B-Instruct-AWQ,None
1974,Pie,Medium,9.004,18.0079,2,0.5,0.0,0.0,0.0,0.0,0.0,0.0,0.0,0.5,0.0,0.5,0.0,0.0,False,Qwen/Qwen2.5-Coder-14B-Instruct-AWQ,None
1975,Bar,Medium,4.0,8.0,2,0.0,0.0,0.0,0.0,0.0,0.0,0.0,0.0,0.0,0.0,1.0,0.0,0.0,False,Qwen/Qwen2.5-Coder-14B-Instruct-AWQ,None
1975,Bar,Medium,4.0,8.0,2,0.0,0.0,0.0,0.0,0.0,0.0,0.0,0.0,0.0,0.0,1.0,0.0,0.0,False,Qwen/Qwen2.5-Coder-14B-Instruct-AWQ,None
1975,Bar,Medium,4.0,8.0,2,0.0,0.0,0.0,0.0,0.0,0.0,0.0,0.0,0.0,0.0,1.0,0.0,0.0,False,Qwen/Qwen2.5-Coder-14B-Instruct-AWQ,None
1976,Pie,Easy,3.5215,28.1718,8,0.0,0.0,0.0,0.0,0.0,0.0,0.0,0.0,0.0,0.0,1.0,0.0,0.0,False,Qwen/Qwen2.5-Coder-14B-Instruct-AWQ,None
1976,Pie,Easy,3.5215,28.1718,8,0.0,0.0,0.0,0.0,0.0,0.0,0.0,0.0,0.0,0.0,1.0,0.0,0.0,False,Qwen/Qwen2.5-Coder-14B-Instruct-AWQ,None
1976,Pie,Easy,3.5215,28.1718,8,0.0,0.0,0.0,0.0,0.0,0.0,0.0,0.0,0.0,0.0,1.0,0.0,0.0,False,Qwen/Qwen2.5-Coder-14B-Instruct-AWQ,None
1978,Pie,Medium,4.176,8.352,2,0.0,0.0,0.0,0.0,0.0,0.0,0.0,0.0,0.0,0.0,1.0,0.0,0.0,False,Qwen/Qwen2.5-Coder-14B-Instruct-AWQ,None
1978,Pie,Medium,4.176,8.352,2,0.0,0.0,0.0,0.0,0.0,0.0,0.0,0.0,0.0,0.0,1.0,0.0,0.0,False,Qwen/Qwen2.5-Coder-14B-Instruct-AWQ,None
1978,Pie,Medium,4.176,8.352,2,0.0,0.0,0.0,0.0,0.0,0.0,0.0,0.0,0.0,0.0,1.0,0.0,0.0,False,Qwen/Qwen2.5-Coder-14B-Instruct-AWQ,None
1980,Pie,Extra Hard,5.8246,23.2982,4,0.0,0.0,0.0,0.0,0.75,0.0,0.0,0.0,0.0,0.75,0.25,0.0,0.0,True,Qwen/Qwen2.5-Coder-14B-Instruct-AWQ,None
1980,Pie,Extra Hard,5.8246,23.2982,4,0.0,0.0,0.0,0.0,0.75,0.0,0.0,0.0,0.0,0.75,0.25,0.0,0.0,True,Qwen/Qwen2.5-Coder-14B-Instruct-AWQ,None
1980,Pie,Extra Hard,5.8246,23.2982,4,0.0,0.0,0.0,0.0,0.75,0.0,0.0,0.0,0.0,0.75,0.25,0.0,0.0,True,Qwen/Qwen2.5-Coder-14B-Instruct-AWQ,None
1990,Bar,Extra Hard,17.8798,17.8798,1,1.0,0.0,0.0,0.0,0.0,0.0,0.0,0.0,1.0,0.0,0.0,,0.0,True,Qwen/Qwen2.5-Coder-14B-Instruct-AWQ,None
1990,Bar,Extra Hard,17.8798,17.8798,1,1.0,0.0,0.0,0.0,0.0,0.0,0.0,0.0,1.0,0.0,0.0,,0.0,True,Qwen/Qwen2.5-Coder-14B-Instruct-AWQ,None
1990,Bar,Extra Hard,17.8798,17.8798,1,1.0,0.0,0.0,0.0,0.0,0.0,0.0,0.0,1.0,0.0,0.0,,0.0,True,Qwen/Qwen2.5-Coder-14B-Instruct-AWQ,None
1992,Bar,Medium,21.0488,42.0977,2,1.0,0.0,0.0,0.0,0.0,0.0,0.0,0.0,1.0,0.0,0.0,,0.0,False,Qwen/Qwen2.5-Coder-14B-Instruct-AWQ,None
1992,Bar,Medium,21.0488,42.0977,2,1.0,0.0,0.0,0.0,0.0,0.0,0.0,0.0,1.0,0.0,0.0,,0.0,False,Qwen/Qwen2.5-Coder-14B-Instruct-AWQ,None
1992,Bar,Medium,21.0488,42.0977,2,1.0,0.0,0.0,0.0,0.0,0.0,0.0,0.0,1.0,0.0,0.0,,0.0,False,Qwen/Qwen2.5-Coder-14B-Instruct-AWQ,None
2005,Grouping Line,Medium,19.0384,19.0384,1,1.0,0.0,0.0,0.0,0.0,0.0,0.0,0.0,1.0,0.0,0.0,,0.0,False,Qwen/Qwen2.5-Coder-14B-Instruct-AWQ,None
2005,Grouping Line,Medium,19.0384,19.0384,1,1.0,0.0,0.0,0.0,0.0,0.0,0.0,0.0,1.0,0.0,0.0,,0.0,False,Qwen/Qwen2.5-Coder-14B-Instruct-AWQ,None
2005,Grouping Line,Medium,19.0384,19.0384,1,1.0,0.0,0.0,0.0,0.0,0.0,0.0,0.0,1.0,0.0,0.0,,0.0,False,Qwen/Qwen2.5-Coder-14B-Instruct-AWQ,None
2009,Pie,Easy,4.0457,4.0457,1,0.0,0.0,0.0,0.0,0.0,0.0,0.0,0.0,0.0,0.0,1.0,0.0,0.0,False,Qwen/Qwen2.5-Coder-14B-Instruct-AWQ,None
2009,Pie,Easy,4.0457,4.0457,1,0.0,0.0,0.0,0.0,0.0,0.0,0.0,0.0,0.0,0.0,1.0,0.0,0.0,False,Qwen/Qwen2.5-Coder-14B-Instruct-AWQ,None
2009,Pie,Easy,4.0457,4.0457,1,0.0,0.0,0.0,0.0,0.0,0.0,0.0,0.0,0.0,0.0,1.0,0.0,0.0,False,Qwen/Qwen2.5-Coder-14B-Instruct-AWQ,None
2011,Bar,Easy,3.7169,11.1506,3,0.0,0.0,0.0,0.0,0.0,0.0,0.0,0.0,0.0,0.0,1.0,0.0,0.0,False,Qwen/Qwen2.5-Coder-14B-Instruct-AWQ,None
2011,Bar,Easy,3.7169,11.1506,3,0.0,0.0,0.0,0.0,0.0,0.0,0.0,0.0,0.0,0.0,1.0,0.0,0.0,False,Qwen/Qwen2.5-Coder-14B-Instruct-AWQ,None
2011,Bar,Easy,3.7169,11.1506,3,0.0,0.0,0.0,0.0,0.0,0.0,0.0,0.0,0.0,0.0,1.0,0.0,0.0,False,Qwen/Qwen2.5-Coder-14B-Instruct-AWQ,None
2012,Bar,Easy,3.8284,11.4851,3,0.0,0.0,0.0,0.0,0.0,0.0,0.0,0.0,0.0,0.0,1.0,0.0,0.0,False,Qwen/Qwen2.5-Coder-14B-Instruct-AWQ,None
2012,Bar,Easy,3.8284,11.4851,3,0.0,0.0,0.0,0.0,0.0,0.0,0.0,0.0,0.0,0.0,1.0,0.0,0.0,False,Qwen/Qwen2.5-Coder-14B-Instruct-AWQ,None
2012,Bar,Easy,3.8284,11.4851,3,0.0,0.0,0.0,0.0,0.0,0.0,0.0,0.0,0.0,0.0,1.0,0.0,0.0,False,Qwen/Qwen2.5-Coder-14B-Instruct-AWQ,None
2013,Pie,Easy,3.7731,11.3192,3,0.0,0.0,0.0,0.0,0.0,0.0,0.0,0.0,0.0,0.0,1.0,0.0,0.0,False,Qwen/Qwen2.5-Coder-14B-Instruct-AWQ,None
2013,Pie,Easy,3.7731,11.3192,3,0.0,0.0,0.0,0.0,0.0,0.0,0.0,0.0,0.0,0.0,1.0,0.0,0.0,False,Qwen/Qwen2.5-Coder-14B-Instruct-AWQ,None
2013,Pie,Easy,3.7731,11.3192,3,0.0,0.0,0.0,0.0,0.0,0.0,0.0,0.0,0.0,0.0,1.0,0.0,0.0,False,Qwen/Qwen2.5-Coder-14B-Instruct-AWQ,None
2014,Line,Medium,5.0953,10.1905,2,0.0,0.0,0.0,0.0,0.0,0.0,0.0,0.0,0.0,0.0,1.0,0.0,0.0,False,Qwen/Qwen2.5-Coder-14B-Instruct-AWQ,None
2014,Line,Medium,5.0953,10.1905,2,0.0,0.0,0.0,0.0,0.0,0.0,0.0,0.0,0.0,0.0,1.0,0.0,0.0,False,Qwen/Qwen2.5-Coder-14B-Instruct-AWQ,None
2014,Line,Medium,5.0953,10.1905,2,0.0,0.0,0.0,0.0,0.0,0.0,0.0,0.0,0.0,0.0,1.0,0.0,0.0,False,Qwen/Qwen2.5-Coder-14B-Instruct-AWQ,None
2015,Line,Medium,4.7299,14.1896,3,0.0,0.0,0.0,0.0,0.0,0.0,0.0,0.0,0.0,0.0,1.0,0.0,0.0,False,Qwen/Qwen2.5-Coder-14B-Instruct-AWQ,None
2015,Line,Medium,4.7299,14.1896,3,0.0,0.0,0.0,0.0,0.0,0.0,0.0,0.0,0.0,0.0,1.0,0.0,0.0,False,Qwen/Qwen2.5-Coder-14B-Instruct-AWQ,None
2015,Line,Medium,4.7299,14.1896,3,0.0,0.0,0.0,0.0,0.0,0.0,0.0,0.0,0.0,0.0,1.0,0.0,0.0,False,Qwen/Qwen2.5-Coder-14B-Instruct-AWQ,None
2018,Bar,Easy,4.287,4.287,1,0.0,0.0,0.0,0.0,0.0,0.0,0.0,0.0,0.0,0.0,1.0,0.0,0.0,False,Qwen/Qwen2.5-Coder-14B-Instruct-AWQ,None
2018,Bar,Easy,4.287,4.287,1,0.0,0.0,0.0,0.0,0.0,0.0,0.0,0.0,0.0,0.0,1.0,0.0,0.0,False,Qwen/Qwen2.5-Coder-14B-Instruct-AWQ,None
2018,Bar,Easy,4.287,4.287,1,0.0,0.0,0.0,0.0,0.0,0.0,0.0,0.0,0.0,0.0,1.0,0.0,0.0,False,Qwen/Qwen2.5-Coder-14B-Instruct-AWQ,None
2019,Bar,Easy,3.3298,3.3298,1,0.0,0.0,0.0,0.0,0.0,0.0,0.0,0.0,0.0,0.0,1.0,0.0,0.0,False,Qwen/Qwen2.5-Coder-14B-Instruct-AWQ,None
2019,Bar,Easy,3.3298,3.3298,1,0.0,0.0,0.0,0.0,0.0,0.0,0.0,0.0,0.0,0.0,1.0,0.0,0.0,False,Qwen/Qwen2.5-Coder-14B-Instruct-AWQ,None
2019,Bar,Easy,3.3298,3.3298,1,0.0,0.0,0.0,0.0,0.0,0.0,0.0,0.0,0.0,0.0,1.0,0.0,0.0,False,Qwen/Qwen2.5-Coder-14B-Instruct-AWQ,None
2021,Line,Easy,2.9221,2.9221,1,0.0,0.0,0.0,0.0,1.0,0.0,0.0,0.0,0.0,1.0,0.0,,0.0,False,Qwen/Qwen2.5-Coder-14B-Instruct-AWQ,None
2021,Line,Easy,2.9221,2.9221,1,0.0,0.0,0.0,0.0,1.0,0.0,0.0,0.0,0.0,1.0,0.0,,0.0,False,Qwen/Qwen2.5-Coder-14B-Instruct-AWQ,None
2021,Line,Easy,2.9221,2.9221,1,0.0,0.0,0.0,0.0,1.0,0.0,0.0,0.0,0.0,1.0,0.0,,0.0,False,Qwen/Qwen2.5-Coder-14B-Instruct-AWQ,None
2027,Bar,Medium,5.9326,5.9326,1,0.0,0.0,0.0,0.0,0.0,0.0,0.0,0.0,0.0,0.0,1.0,0.0,0.0,False,Qwen/Qwen2.5-Coder-14B-Instruct-AWQ,None
2027,Bar,Medium,5.9326,5.9326,1,0.0,0.0,0.0,0.0,0.0,0.0,0.0,0.0,0.0,0.0,1.0,0.0,0.0,False,Qwen/Qwen2.5-Coder-14B-Instruct-AWQ,None
2027,Bar,Medium,5.9326,5.9326,1,0.0,0.0,0.0,0.0,0.0,0.0,0.0,0.0,0.0,0.0,1.0,0.0,0.0,False,Qwen/Qwen2.5-Coder-14B-Instruct-AWQ,None
2036,Bar,Medium,10.7332,10.7332,1,0.0,0.0,0.0,0.0,0.0,0.0,0.0,0.0,0.0,0.0,1.0,0.0,0.0,False,Qwen/Qwen2.5-Coder-14B-Instruct-AWQ,None
2036,Bar,Medium,10.7332,10.7332,1,0.0,0.0,0.0,0.0,0.0,0.0,0.0,0.0,0.0,0.0,1.0,0.0,0.0,False,Qwen/Qwen2.5-Coder-14B-Instruct-AWQ,None
2036,Bar,Medium,10.7332,10.7332,1,0.0,0.0,0.0,0.0,0.0,0.0,0.0,0.0,0.0,0.0,1.0,0.0,0.0,False,Qwen/Qwen2.5-Coder-14B-Instruct-AWQ,None
2059,Pie,Hard,10.4066,20.8131,2,0.0,0.0,0.0,0.5,0.5,0.0,0.0,0.0,0.0,1.0,0.0,,0.0,True,Qwen/Qwen2.5-Coder-14B-Instruct-AWQ,None
2059,Pie,Hard,10.4066,20.8131,2,0.0,0.0,0.0,0.5,0.5,0.0,0.0,0.0,0.0,1.0,0.0,,0.0,True,Qwen/Qwen2.5-Coder-14B-Instruct-AWQ,None
2059,Pie,Hard,10.4066,20.8131,2,0.0,0.0,0.0,0.5,0.5,0.0,0.0,0.0,0.0,1.0,0.0,,0.0,True,Qwen/Qwen2.5-Coder-14B-Instruct-AWQ,None
2065,Pie,Medium,3.4836,10.4508,3,0.0,0.0,0.0,0.0,0.0,0.0,0.0,0.0,0.0,0.0,1.0,0.0,0.0,False,Qwen/Qwen2.5-Coder-14B-Instruct-AWQ,None
2065,Pie,Medium,3.4836,10.4508,3,0.0,0.0,0.0,0.0,0.0,0.0,0.0,0.0,0.0,0.0,1.0,0.0,0.0,False,Qwen/Qwen2.5-Coder-14B-Instruct-AWQ,None
2065,Pie,Medium,3.4836,10.4508,3,0.0,0.0,0.0,0.0,0.0,0.0,0.0,0.0,0.0,0.0,1.0,0.0,0.0,False,Qwen/Qwen2.5-Coder-14B-Instruct-AWQ,None
2067,Pie,Medium,8.1438,16.2877,2,0.0,0.0,0.0,0.5,0.5,0.0,0.0,0.0,0.0,0.5,0.5,0.0,0.0,False,Qwen/Qwen2.5-Coder-14B-Instruct-AWQ,None
2067,Pie,Medium,8.1438,16.2877,2,0.0,0.0,0.0,0.5,0.5,0.0,0.0,0.0,0.0,0.5,0.5,0.0,0.0,False,Qwen/Qwen2.5-Coder-14B-Instruct-AWQ,None
2067,Pie,Medium,8.1438,16.2877,2,0.0,0.0,0.0,0.5,0.5,0.0,0.0,0.0,0.0,0.5,0.5,0.0,0.0,False,Qwen/Qwen2.5-Coder-14B-Instruct-AWQ,None
2071,Pie,Medium,5.2419,10.4839,2,0.0,0.0,0.0,0.0,0.0,0.0,0.0,0.0,0.0,0.0,1.0,0.0,0.0,True,Qwen/Qwen2.5-Coder-14B-Instruct-AWQ,None
2071,Pie,Medium,5.2419,10.4839,2,0.0,0.0,0.0,0.0,0.0,0.0,0.0,0.0,0.0,0.0,1.0,0.0,0.0,True,Qwen/Qwen2.5-Coder-14B-Instruct-AWQ,None
2071,Pie,Medium,5.2419,10.4839,2,0.0,0.0,0.0,0.0,0.0,0.0,0.0,0.0,0.0,0.0,1.0,0.0,0.0,True,Qwen/Qwen2.5-Coder-14B-Instruct-AWQ,None
2074,Pie,Extra Hard,7.1045,7.1045,1,0.0,0.0,0.0,0.0,0.0,0.0,0.0,0.0,0.0,0.0,1.0,0.0,0.0,True,Qwen/Qwen2.5-Coder-14B-Instruct-AWQ,None
2074,Pie,Extra Hard,7.1045,7.1045,1,0.0,0.0,0.0,0.0,0.0,0.0,0.0,0.0,0.0,0.0,1.0,0.0,0.0,True,Qwen/Qwen2.5-Coder-14B-Instruct-AWQ,None
2074,Pie,Extra Hard,7.1045,7.1045,1,0.0,0.0,0.0,0.0,0.0,0.0,0.0,0.0,0.0,0.0,1.0,0.0,0.0,True,Qwen/Qwen2.5-Coder-14B-Instruct-AWQ,None
2093,Pie,Medium,6.7153,13.4307,2,0.0,0.0,0.0,0.5,1.0,0.0,0.0,0.0,0.0,1.0,0.0,,0.0,True,Qwen/Qwen2.5-Coder-14B-Instruct-AWQ,None
2093,Pie,Medium,6.7153,13.4307,2,0.0,0.0,0.0,0.5,1.0,0.0,0.0,0.0,0.0,1.0,0.0,,0.0,True,Qwen/Qwen2.5-Coder-14B-Instruct-AWQ,None
2093,Pie,Medium,6.7153,13.4307,2,0.0,0.0,0.0,0.5,1.0,0.0,0.0,0.0,0.0,1.0,0.0,,0.0,True,Qwen/Qwen2.5-Coder-14B-Instruct-AWQ,None
2096,Bar,Medium,6.4116,6.4116,1,0.0,0.0,0.0,0.0,0.0,0.0,0.0,0.0,0.0,0.0,1.0,0.0,0.0,True,Qwen/Qwen2.5-Coder-14B-Instruct-AWQ,None
2096,Bar,Medium,6.4116,6.4116,1,0.0,0.0,0.0,0.0,0.0,0.0,0.0,0.0,0.0,0.0,1.0,0.0,0.0,True,Qwen/Qwen2.5-Coder-14B-Instruct-AWQ,None
2096,Bar,Medium,6.4116,6.4116,1,0.0,0.0,0.0,0.0,0.0,0.0,0.0,0.0,0.0,0.0,1.0,0.0,0.0,True,Qwen/Qwen2.5-Coder-14B-Instruct-AWQ,None
2110,Bar,Easy,3.6648,7.3296,2,0.0,0.0,0.0,0.0,0.0,0.0,0.0,0.0,0.0,0.0,1.0,0.0,0.0,False,Qwen/Qwen2.5-Coder-14B-Instruct-AWQ,None
2110,Bar,Easy,3.6648,7.3296,2,0.0,0.0,0.0,0.0,0.0,0.0,0.0,0.0,0.0,0.0,1.0,0.0,0.0,False,Qwen/Qwen2.5-Coder-14B-Instruct-AWQ,None
2110,Bar,Easy,3.6648,7.3296,2,0.0,0.0,0.0,0.0,0.0,0.0,0.0,0.0,0.0,0.0,1.0,0.0,0.0,False,Qwen/Qwen2.5-Coder-14B-Instruct-AWQ,None
2119,Bar,Easy,3.5105,7.021,2,0.0,0.0,0.0,0.0,0.0,0.0,0.0,0.0,0.0,0.0,1.0,0.0,0.0,False,Qwen/Qwen2.5-Coder-14B-Instruct-AWQ,None
2119,Bar,Easy,3.5105,7.021,2,0.0,0.0,0.0,0.0,0.0,0.0,0.0,0.0,0.0,0.0,1.0,0.0,0.0,False,Qwen/Qwen2.5-Coder-14B-Instruct-AWQ,None
2119,Bar,Easy,3.5105,7.021,2,0.0,0.0,0.0,0.0,0.0,0.0,0.0,0.0,0.0,0.0,1.0,0.0,0.0,False,Qwen/Qwen2.5-Coder-14B-Instruct-AWQ,None
2132,Pie,Hard,5.0071,5.0071,1,0.0,0.0,0.0,0.0,0.0,0.0,0.0,0.0,0.0,0.0,1.0,0.0,0.0,True,Qwen/Qwen2.5-Coder-14B-Instruct-AWQ,None
2132,Pie,Hard,5.0071,5.0071,1,0.0,0.0,0.0,0.0,0.0,0.0,0.0,0.0,0.0,0.0,1.0,0.0,0.0,True,Qwen/Qwen2.5-Coder-14B-Instruct-AWQ,None
2132,Pie,Hard,5.0071,5.0071,1,0.0,0.0,0.0,0.0,0.0,0.0,0.0,0.0,0.0,0.0,1.0,0.0,0.0,True,Qwen/Qwen2.5-Coder-14B-Instruct-AWQ,None
2144,Bar,Medium,6.1697,6.1697,1,0.0,0.0,0.0,0.0,1.0,0.0,0.0,0.0,0.0,1.0,0.0,,0.0,True,Qwen/Qwen2.5-Coder-14B-Instruct-AWQ,None
2144,Bar,Medium,6.1697,6.1697,1,0.0,0.0,0.0,0.0,1.0,0.0,0.0,0.0,0.0,1.0,0.0,,0.0,True,Qwen/Qwen2.5-Coder-14B-Instruct-AWQ,None
2144,Bar,Medium,6.1697,6.1697,1,0.0,0.0,0.0,0.0,1.0,0.0,0.0,0.0,0.0,1.0,0.0,,0.0,True,Qwen/Qwen2.5-Coder-14B-Instruct-AWQ,None
2155,Pie,Hard,6.9072,6.9072,1,0.0,0.0,0.0,0.0,1.0,0.0,0.0,0.0,0.0,1.0,0.0,,0.0,True,Qwen/Qwen2.5-Coder-14B-Instruct-AWQ,None
2155,Pie,Hard,6.9072,6.9072,1,0.0,0.0,0.0,0.0,1.0,0.0,0.0,0.0,0.0,1.0,0.0,,0.0,True,Qwen/Qwen2.5-Coder-14B-Instruct-AWQ,None
2155,Pie,Hard,6.9072,6.9072,1,0.0,0.0,0.0,0.0,1.0,0.0,0.0,0.0,0.0,1.0,0.0,,0.0,True,Qwen/Qwen2.5-Coder-14B-Instruct-AWQ,None
2161,Pie,Hard,8.1656,24.4969,3,0.0,0.0,0.0,0.0,0.0,0.0,0.0,0.0,0.0,0.0,1.0,0.0,0.0,True,Qwen/Qwen2.5-Coder-14B-Instruct-AWQ,None
2161,Pie,Hard,8.1656,24.4969,3,0.0,0.0,0.0,0.0,0.0,0.0,0.0,0.0,0.0,0.0,1.0,0.0,0.0,True,Qwen/Qwen2.5-Coder-14B-Instruct-AWQ,None
2161,Pie,Hard,8.1656,24.4969,3,0.0,0.0,0.0,0.0,0.0,0.0,0.0,0.0,0.0,0.0,1.0,0.0,0.0,True,Qwen/Qwen2.5-Coder-14B-Instruct-AWQ,None
2166,Pie,Medium,6.315,6.315,1,0.0,0.0,0.0,0.0,0.0,0.0,0.0,0.0,0.0,0.0,1.0,0.0,0.0,True,Qwen/Qwen2.5-Coder-14B-Instruct-AWQ,None
2166,Pie,Medium,6.315,6.315,1,0.0,0.0,0.0,0.0,0.0,0.0,0.0,0.0,0.0,0.0,1.0,0.0,0.0,True,Qwen/Qwen2.5-Coder-14B-Instruct-AWQ,None
2166,Pie,Medium,6.315,6.315,1,0.0,0.0,0.0,0.0,0.0,0.0,0.0,0.0,0.0,0.0,1.0,0.0,0.0,True,Qwen/Qwen2.5-Coder-14B-Instruct-AWQ,None
2167,Bar,Medium,6.419,19.2569,3,0.0,0.0,0.0,0.0,0.0,0.0,0.0,0.0,0.0,0.0,1.0,0.0,0.0,True,Qwen/Qwen2.5-Coder-14B-Instruct-AWQ,None
2167,Bar,Medium,6.419,19.2569,3,0.0,0.0,0.0,0.0,0.0,0.0,0.0,0.0,0.0,0.0,1.0,0.0,0.0,True,Qwen/Qwen2.5-Coder-14B-Instruct-AWQ,None
2167,Bar,Medium,6.419,19.2569,3,0.0,0.0,0.0,0.0,0.0,0.0,0.0,0.0,0.0,0.0,1.0,0.0,0.0,True,Qwen/Qwen2.5-Coder-14B-Instruct-AWQ,None
2168,Pie,Easy,3.6449,10.9348,3,0.0,0.0,0.0,0.0,0.0,0.0,0.0,0.0,0.0,0.0,1.0,0.0,0.0,False,Qwen/Qwen2.5-Coder-14B-Instruct-AWQ,None
2168,Pie,Easy,3.6449,10.9348,3,0.0,0.0,0.0,0.0,0.0,0.0,0.0,0.0,0.0,0.0,1.0,0.0,0.0,False,Qwen/Qwen2.5-Coder-14B-Instruct-AWQ,None
2168,Pie,Easy,3.6449,10.9348,3,0.0,0.0,0.0,0.0,0.0,0.0,0.0,0.0,0.0,0.0,1.0,0.0,0.0,False,Qwen/Qwen2.5-Coder-14B-Instruct-AWQ,None
2170,Pie,Hard,11.3209,11.3209,1,0.0,0.0,0.0,0.0,0.0,0.0,0.0,0.0,0.0,0.0,1.0,0.0,0.0,True,Qwen/Qwen2.5-Coder-14B-Instruct-AWQ,None
2170,Pie,Hard,11.3209,11.3209,1,0.0,0.0,0.0,0.0,0.0,0.0,0.0,0.0,0.0,0.0,1.0,0.0,0.0,True,Qwen/Qwen2.5-Coder-14B-Instruct-AWQ,None
2170,Pie,Hard,11.3209,11.3209,1,0.0,0.0,0.0,0.0,0.0,0.0,0.0,0.0,0.0,0.0,1.0,0.0,0.0,True,Qwen/Qwen2.5-Coder-14B-Instruct-AWQ,None
2171,Bar,Hard,19.0931,57.2794,3,0.6666666666666666,0.0,0.0,0.0,0.3333333333333333,0.0,0.0,0.0,0.6666666666666666,0.3333333333333333,0.0,,0.0,True,Qwen/Qwen2.5-Coder-14B-Instruct-AWQ,None
2171,Bar,Hard,19.0931,57.2794,3,0.6666666666666666,0.0,0.0,0.0,0.3333333333333333,0.0,0.0,0.0,0.6666666666666666,0.3333333333333333,0.0,,0.0,True,Qwen/Qwen2.5-Coder-14B-Instruct-AWQ,None
2171,Bar,Hard,19.0931,57.2794,3,0.6666666666666666,0.0,0.0,0.0,0.3333333333333333,0.0,0.0,0.0,0.6666666666666666,0.3333333333333333,0.0,,0.0,True,Qwen/Qwen2.5-Coder-14B-Instruct-AWQ,None
2172,Bar,Medium,4.175,12.5249,3,0.0,0.0,0.0,0.0,0.0,0.0,0.0,0.0,0.0,0.0,1.0,0.0,0.0,False,Qwen/Qwen2.5-Coder-14B-Instruct-AWQ,None
2172,Bar,Medium,4.175,12.5249,3,0.0,0.0,0.0,0.0,0.0,0.0,0.0,0.0,0.0,0.0,1.0,0.0,0.0,False,Qwen/Qwen2.5-Coder-14B-Instruct-AWQ,None
2172,Bar,Medium,4.175,12.5249,3,0.0,0.0,0.0,0.0,0.0,0.0,0.0,0.0,0.0,0.0,1.0,0.0,0.0,False,Qwen/Qwen2.5-Coder-14B-Instruct-AWQ,None
2174,Bar,Easy,4.9928,4.9928,1,0.0,0.0,0.0,0.0,0.0,0.0,0.0,0.0,0.0,0.0,1.0,0.0,0.0,False,Qwen/Qwen2.5-Coder-14B-Instruct-AWQ,None
2174,Bar,Easy,4.9928,4.9928,1,0.0,0.0,0.0,0.0,0.0,0.0,0.0,0.0,0.0,0.0,1.0,0.0,0.0,False,Qwen/Qwen2.5-Coder-14B-Instruct-AWQ,None
2174,Bar,Easy,4.9928,4.9928,1,0.0,0.0,0.0,0.0,0.0,0.0,0.0,0.0,0.0,0.0,1.0,0.0,0.0,False,Qwen/Qwen2.5-Coder-14B-Instruct-AWQ,None
2180,Bar,Easy,2.7921,8.3763,3,0.0,0.0,0.0,0.0,0.0,0.0,0.0,0.0,0.0,0.0,1.0,0.0,0.0,False,Qwen/Qwen2.5-Coder-14B-Instruct-AWQ,None
2180,Bar,Easy,2.7921,8.3763,3,0.0,0.0,0.0,0.0,0.0,0.0,0.0,0.0,0.0,0.0,1.0,0.0,0.0,False,Qwen/Qwen2.5-Coder-14B-Instruct-AWQ,None
2180,Bar,Easy,2.7921,8.3763,3,0.0,0.0,0.0,0.0,0.0,0.0,0.0,0.0,0.0,0.0,1.0,0.0,0.0,False,Qwen/Qwen2.5-Coder-14B-Instruct-AWQ,None
2181,Bar,Easy,3.9774,15.9096,4,0.0,0.0,0.0,0.0,0.0,0.0,0.0,0.0,0.0,0.0,1.0,0.0,0.0,False,Qwen/Qwen2.5-Coder-14B-Instruct-AWQ,None
2181,Bar,Easy,3.9774,15.9096,4,0.0,0.0,0.0,0.0,0.0,0.0,0.0,0.0,0.0,0.0,1.0,0.0,0.0,False,Qwen/Qwen2.5-Coder-14B-Instruct-AWQ,None
2181,Bar,Easy,3.9774,15.9096,4,0.0,0.0,0.0,0.0,0.0,0.0,0.0,0.0,0.0,0.0,1.0,0.0,0.0,False,Qwen/Qwen2.5-Coder-14B-Instruct-AWQ,None
2218,Bar,Medium,8.3113,41.5563,5,0.0,0.0,0.0,0.0,0.2,0.0,0.0,0.0,0.0,0.2,0.8,0.0,0.0,True,Qwen/Qwen2.5-Coder-14B-Instruct-AWQ,None
2218,Bar,Medium,8.3113,41.5563,5,0.0,0.0,0.0,0.0,0.2,0.0,0.0,0.0,0.0,0.2,0.8,0.0,0.0,True,Qwen/Qwen2.5-Coder-14B-Instruct-AWQ,None
2218,Bar,Medium,8.3113,41.5563,5,0.0,0.0,0.0,0.0,0.2,0.0,0.0,0.0,0.0,0.2,0.8,0.0,0.0,True,Qwen/Qwen2.5-Coder-14B-Instruct-AWQ,None
2219,Bar,Medium,8.1978,32.7914,4,0.0,0.0,0.0,0.0,0.5,0.0,0.0,0.0,0.0,0.5,0.5,0.0,0.0,True,Qwen/Qwen2.5-Coder-14B-Instruct-AWQ,None
2219,Bar,Medium,8.1978,32.7914,4,0.0,0.0,0.0,0.0,0.5,0.0,0.0,0.0,0.0,0.5,0.5,0.0,0.0,True,Qwen/Qwen2.5-Coder-14B-Instruct-AWQ,None
2219,Bar,Medium,8.1978,32.7914,4,0.0,0.0,0.0,0.0,0.5,0.0,0.0,0.0,0.0,0.5,0.5,0.0,0.0,True,Qwen/Qwen2.5-Coder-14B-Instruct-AWQ,None
2226,Bar,Medium,9.5441,47.7207,5,0.0,0.0,0.0,0.0,0.2,0.0,0.0,0.0,0.0,0.2,0.8,0.0,0.0,True,Qwen/Qwen2.5-Coder-14B-Instruct-AWQ,None
2226,Bar,Medium,9.5441,47.7207,5,0.0,0.0,0.0,0.0,0.2,0.0,0.0,0.0,0.0,0.2,0.8,0.0,0.0,True,Qwen/Qwen2.5-Coder-14B-Instruct-AWQ,None
2226,Bar,Medium,9.5441,47.7207,5,0.0,0.0,0.0,0.0,0.2,0.0,0.0,0.0,0.0,0.2,0.8,0.0,0.0,True,Qwen/Qwen2.5-Coder-14B-Instruct-AWQ,None
2229,Bar,Medium,8.3972,41.9859,5,0.0,0.0,0.0,0.0,0.2,0.0,0.0,0.0,0.0,0.2,0.8,0.0,0.0,True,Qwen/Qwen2.5-Coder-14B-Instruct-AWQ,None
2229,Bar,Medium,8.3972,41.9859,5,0.0,0.0,0.0,0.0,0.2,0.0,0.0,0.0,0.0,0.2,0.8,0.0,0.0,True,Qwen/Qwen2.5-Coder-14B-Instruct-AWQ,None
2229,Bar,Medium,8.3972,41.9859,5,0.0,0.0,0.0,0.0,0.2,0.0,0.0,0.0,0.0,0.2,0.8,0.0,0.0,True,Qwen/Qwen2.5-Coder-14B-Instruct-AWQ,None
2230,Bar,Medium,7.9844,39.9221,5,0.0,0.0,0.0,0.0,0.8,0.0,0.0,0.0,0.0,0.8,0.2,0.0,0.0,True,Qwen/Qwen2.5-Coder-14B-Instruct-AWQ,None
2230,Bar,Medium,7.9844,39.9221,5,0.0,0.0,0.0,0.0,0.8,0.0,0.0,0.0,0.0,0.8,0.2,0.0,0.0,True,Qwen/Qwen2.5-Coder-14B-Instruct-AWQ,None
2230,Bar,Medium,7.9844,39.9221,5,0.0,0.0,0.0,0.0,0.8,0.0,0.0,0.0,0.0,0.8,0.2,0.0,0.0,True,Qwen/Qwen2.5-Coder-14B-Instruct-AWQ,None
2270,Scatter,Easy,6.0333,24.1334,4,0.0,0.0,0.0,0.0,0.0,0.0,0.0,0.0,0.0,0.0,1.0,0.0,0.0,True,Qwen/Qwen2.5-Coder-14B-Instruct-AWQ,None
2270,Scatter,Easy,6.0333,24.1334,4,0.0,0.0,0.0,0.0,0.0,0.0,0.0,0.0,0.0,0.0,1.0,0.0,0.0,True,Qwen/Qwen2.5-Coder-14B-Instruct-AWQ,None
2270,Scatter,Easy,6.0333,24.1334,4,0.0,0.0,0.0,0.0,0.0,0.0,0.0,0.0,0.0,0.0,1.0,0.0,0.0,True,Qwen/Qwen2.5-Coder-14B-Instruct-AWQ,None
2280,Grouping Scatter,Medium,15.9058,31.8117,2,0.5,0.0,0.0,0.0,0.5,0.0,0.0,0.0,0.5,0.5,0.0,,0.0,True,Qwen/Qwen2.5-Coder-14B-Instruct-AWQ,None
2280,Grouping Scatter,Medium,15.9058,31.8117,2,0.5,0.0,0.0,0.0,0.5,0.0,0.0,0.0,0.5,0.5,0.0,,0.0,True,Qwen/Qwen2.5-Coder-14B-Instruct-AWQ,None
2280,Grouping Scatter,Medium,15.9058,31.8117,2,0.5,0.0,0.0,0.0,0.5,0.0,0.0,0.0,0.5,0.5,0.0,,0.0,True,Qwen/Qwen2.5-Coder-14B-Instruct-AWQ,None
2289,Grouping Scatter,Medium,12.774,63.87,5,0.2,0.0,0.0,0.6,0.8,0.0,0.0,0.0,0.2,0.8,0.0,,0.0,True,Qwen/Qwen2.5-Coder-14B-Instruct-AWQ,None
2289,Grouping Scatter,Medium,12.774,63.87,5,0.2,0.0,0.0,0.6,0.8,0.0,0.0,0.0,0.2,0.8,0.0,,0.0,True,Qwen/Qwen2.5-Coder-14B-Instruct-AWQ,None
2289,Grouping Scatter,Medium,12.774,63.87,5,0.2,0.0,0.0,0.6,0.8,0.0,0.0,0.0,0.2,0.8,0.0,,0.0,True,Qwen/Qwen2.5-Coder-14B-Instruct-AWQ,None
2299,Grouping Scatter,Medium,17.8808,17.8808,1,0.0,0.0,0.0,0.0,1.0,0.0,0.0,0.0,0.0,1.0,0.0,,0.0,True,Qwen/Qwen2.5-Coder-14B-Instruct-AWQ,None
2299,Grouping Scatter,Medium,17.8808,17.8808,1,0.0,0.0,0.0,0.0,1.0,0.0,0.0,0.0,0.0,1.0,0.0,,0.0,True,Qwen/Qwen2.5-Coder-14B-Instruct-AWQ,None
2299,Grouping Scatter,Medium,17.8808,17.8808,1,0.0,0.0,0.0,0.0,1.0,0.0,0.0,0.0,0.0,1.0,0.0,,0.0,True,Qwen/Qwen2.5-Coder-14B-Instruct-AWQ,None
2303,Bar,Easy,3.7234,7.4467,2,0.0,0.0,0.0,0.0,0.0,0.0,0.0,0.0,0.0,0.0,1.0,0.0,0.0,False,Qwen/Qwen2.5-Coder-14B-Instruct-AWQ,None
2303,Bar,Easy,3.7234,7.4467,2,0.0,0.0,0.0,0.0,0.0,0.0,0.0,0.0,0.0,0.0,1.0,0.0,0.0,False,Qwen/Qwen2.5-Coder-14B-Instruct-AWQ,None
2303,Bar,Easy,3.7234,7.4467,2,0.0,0.0,0.0,0.0,0.0,0.0,0.0,0.0,0.0,0.0,1.0,0.0,0.0,False,Qwen/Qwen2.5-Coder-14B-Instruct-AWQ,None
2304,Bar,Easy,3.5329,3.5329,1,0.0,0.0,0.0,0.0,0.0,0.0,0.0,0.0,0.0,0.0,1.0,0.0,0.0,False,Qwen/Qwen2.5-Coder-14B-Instruct-AWQ,None
2304,Bar,Easy,3.5329,3.5329,1,0.0,0.0,0.0,0.0,0.0,0.0,0.0,0.0,0.0,0.0,1.0,0.0,0.0,False,Qwen/Qwen2.5-Coder-14B-Instruct-AWQ,None
2304,Bar,Easy,3.5329,3.5329,1,0.0,0.0,0.0,0.0,0.0,0.0,0.0,0.0,0.0,0.0,1.0,0.0,0.0,False,Qwen/Qwen2.5-Coder-14B-Instruct-AWQ,None
2307,Pie,Easy,9.5512,9.5512,1,0.0,0.0,0.0,0.0,0.0,0.0,0.0,0.0,0.0,0.0,1.0,0.0,0.0,False,Qwen/Qwen2.5-Coder-14B-Instruct-AWQ,None
2307,Pie,Easy,9.5512,9.5512,1,0.0,0.0,0.0,0.0,0.0,0.0,0.0,0.0,0.0,0.0,1.0,0.0,0.0,False,Qwen/Qwen2.5-Coder-14B-Instruct-AWQ,None
2307,Pie,Easy,9.5512,9.5512,1,0.0,0.0,0.0,0.0,0.0,0.0,0.0,0.0,0.0,0.0,1.0,0.0,0.0,False,Qwen/Qwen2.5-Coder-14B-Instruct-AWQ,None
2309,Pie,Medium,20.9798,20.9798,1,1.0,0.0,0.0,0.0,0.0,0.0,0.0,0.0,1.0,0.0,0.0,,0.0,True,Qwen/Qwen2.5-Coder-14B-Instruct-AWQ,None
2309,Pie,Medium,20.9798,20.9798,1,1.0,0.0,0.0,0.0,0.0,0.0,0.0,0.0,1.0,0.0,0.0,,0.0,True,Qwen/Qwen2.5-Coder-14B-Instruct-AWQ,None
2309,Pie,Medium,20.9798,20.9798,1,1.0,0.0,0.0,0.0,0.0,0.0,0.0,0.0,1.0,0.0,0.0,,0.0,True,Qwen/Qwen2.5-Coder-14B-Instruct-AWQ,None
2311,Pie,Easy,8.6782,17.3564,2,0.0,0.0,0.0,0.0,1.0,0.0,0.0,0.0,0.0,1.0,0.0,,0.0,False,Qwen/Qwen2.5-Coder-14B-Instruct-AWQ,None
2311,Pie,Easy,8.6782,17.3564,2,0.0,0.0,0.0,0.0,1.0,0.0,0.0,0.0,0.0,1.0,0.0,,0.0,False,Qwen/Qwen2.5-Coder-14B-Instruct-AWQ,None
2311,Pie,Easy,8.6782,17.3564,2,0.0,0.0,0.0,0.0,1.0,0.0,0.0,0.0,0.0,1.0,0.0,,0.0,False,Qwen/Qwen2.5-Coder-14B-Instruct-AWQ,None
2343,Pie,Hard,7.4678,22.4035,3,0.0,0.0,0.0,0.0,1.0,0.0,0.0,0.0,0.0,1.0,0.0,,0.0,True,Qwen/Qwen2.5-Coder-14B-Instruct-AWQ,None
2343,Pie,Hard,7.4678,22.4035,3,0.0,0.0,0.0,0.0,1.0,0.0,0.0,0.0,0.0,1.0,0.0,,0.0,True,Qwen/Qwen2.5-Coder-14B-Instruct-AWQ,None
2343,Pie,Hard,7.4678,22.4035,3,0.0,0.0,0.0,0.0,1.0,0.0,0.0,0.0,0.0,1.0,0.0,,0.0,True,Qwen/Qwen2.5-Coder-14B-Instruct-AWQ,None
2344,Bar,Hard,7.3301,21.9903,3,0.0,0.0,0.0,0.0,0.0,0.3333333333333333,0.0,0.0,0.0,0.3333333333333333,0.6666666666666666,0.0,0.0,True,Qwen/Qwen2.5-Coder-14B-Instruct-AWQ,None
2344,Bar,Hard,7.3301,21.9903,3,0.0,0.0,0.0,0.0,0.0,0.3333333333333333,0.0,0.0,0.0,0.3333333333333333,0.6666666666666666,0.0,0.0,True,Qwen/Qwen2.5-Coder-14B-Instruct-AWQ,None
2344,Bar,Hard,7.3301,21.9903,3,0.0,0.0,0.0,0.0,0.0,0.3333333333333333,0.0,0.0,0.0,0.3333333333333333,0.6666666666666666,0.0,0.0,True,Qwen/Qwen2.5-Coder-14B-Instruct-AWQ,None
2346,Pie,Extra Hard,10.3091,20.6182,2,0.0,0.0,0.0,0.0,0.5,0.0,0.0,0.0,0.0,0.5,0.5,0.0,0.0,True,Qwen/Qwen2.5-Coder-14B-Instruct-AWQ,None
2346,Pie,Extra Hard,10.3091,20.6182,2,0.0,0.0,0.0,0.0,0.5,0.0,0.0,0.0,0.0,0.5,0.5,0.0,0.0,True,Qwen/Qwen2.5-Coder-14B-Instruct-AWQ,None
2346,Pie,Extra Hard,10.3091,20.6182,2,0.0,0.0,0.0,0.0,0.5,0.0,0.0,0.0,0.0,0.5,0.5,0.0,0.0,True,Qwen/Qwen2.5-Coder-14B-Instruct-AWQ,None
2348,Pie,Easy,2.3486,4.6972,2,0.0,0.0,0.0,0.0,0.5,0.0,0.0,0.0,0.0,0.5,0.5,0.0,0.0,False,Qwen/Qwen2.5-Coder-14B-Instruct-AWQ,None
2348,Pie,Easy,2.3486,4.6972,2,0.0,0.0,0.0,0.0,0.5,0.0,0.0,0.0,0.0,0.5,0.5,0.0,0.0,False,Qwen/Qwen2.5-Coder-14B-Instruct-AWQ,None
2348,Pie,Easy,2.3486,4.6972,2,0.0,0.0,0.0,0.0,0.5,0.0,0.0,0.0,0.0,0.5,0.5,0.0,0.0,False,Qwen/Qwen2.5-Coder-14B-Instruct-AWQ,None
2350,Pie,Easy,3.1847,3.1847,1,0.0,0.0,0.0,0.0,0.0,0.0,0.0,0.0,0.0,0.0,1.0,0.0,0.0,False,Qwen/Qwen2.5-Coder-14B-Instruct-AWQ,None
2350,Pie,Easy,3.1847,3.1847,1,0.0,0.0,0.0,0.0,0.0,0.0,0.0,0.0,0.0,0.0,1.0,0.0,0.0,False,Qwen/Qwen2.5-Coder-14B-Instruct-AWQ,None
2350,Pie,Easy,3.1847,3.1847,1,0.0,0.0,0.0,0.0,0.0,0.0,0.0,0.0,0.0,0.0,1.0,0.0,0.0,False,Qwen/Qwen2.5-Coder-14B-Instruct-AWQ,None
2351,Bar,Easy,2.782,8.3459,3,0.0,0.0,0.0,0.0,0.0,0.0,0.0,0.0,0.0,0.0,1.0,0.0,0.0,False,Qwen/Qwen2.5-Coder-14B-Instruct-AWQ,None
2351,Bar,Easy,2.782,8.3459,3,0.0,0.0,0.0,0.0,0.0,0.0,0.0,0.0,0.0,0.0,1.0,0.0,0.0,False,Qwen/Qwen2.5-Coder-14B-Instruct-AWQ,None
2351,Bar,Easy,2.782,8.3459,3,0.0,0.0,0.0,0.0,0.0,0.0,0.0,0.0,0.0,0.0,1.0,0.0,0.0,False,Qwen/Qwen2.5-Coder-14B-Instruct-AWQ,None
2359,Pie,Medium,5.5813,16.7438,3,0.0,0.0,0.0,0.0,1.0,0.0,0.0,0.0,0.0,1.0,0.0,,0.0,True,Qwen/Qwen2.5-Coder-14B-Instruct-AWQ,None
2359,Pie,Medium,5.5813,16.7438,3,0.0,0.0,0.0,0.0,1.0,0.0,0.0,0.0,0.0,1.0,0.0,,0.0,True,Qwen/Qwen2.5-Coder-14B-Instruct-AWQ,None
2359,Pie,Medium,5.5813,16.7438,3,0.0,0.0,0.0,0.0,1.0,0.0,0.0,0.0,0.0,1.0,0.0,,0.0,True,Qwen/Qwen2.5-Coder-14B-Instruct-AWQ,None
2371,Bar,Medium,5.8772,17.6315,3,0.0,0.0,0.0,0.0,0.0,0.0,0.0,0.0,0.0,0.0,1.0,0.0,0.0,True,Qwen/Qwen2.5-Coder-14B-Instruct-AWQ,None
2371,Bar,Medium,5.8772,17.6315,3,0.0,0.0,0.0,0.0,0.0,0.0,0.0,0.0,0.0,0.0,1.0,0.0,0.0,True,Qwen/Qwen2.5-Coder-14B-Instruct-AWQ,None
2371,Bar,Medium,5.8772,17.6315,3,0.0,0.0,0.0,0.0,0.0,0.0,0.0,0.0,0.0,0.0,1.0,0.0,0.0,True,Qwen/Qwen2.5-Coder-14B-Instruct-AWQ,None
2387,Bar,Easy,18.0742,54.2226,3,1.0,0.0,0.0,0.0,0.0,0.0,0.0,0.0,1.0,0.0,0.0,,0.0,True,Qwen/Qwen2.5-Coder-14B-Instruct-AWQ,None
2387,Bar,Easy,18.0742,54.2226,3,1.0,0.0,0.0,0.0,0.0,0.0,0.0,0.0,1.0,0.0,0.0,,0.0,True,Qwen/Qwen2.5-Coder-14B-Instruct-AWQ,None
2387,Bar,Easy,18.0742,54.2226,3,1.0,0.0,0.0,0.0,0.0,0.0,0.0,0.0,1.0,0.0,0.0,,0.0,True,Qwen/Qwen2.5-Coder-14B-Instruct-AWQ,None
2397,Pie,Medium,6.5758,6.5758,1,0.0,0.0,0.0,0.0,0.0,0.0,0.0,0.0,0.0,0.0,1.0,0.0,0.0,True,Qwen/Qwen2.5-Coder-14B-Instruct-AWQ,None
2397,Pie,Medium,6.5758,6.5758,1,0.0,0.0,0.0,0.0,0.0,0.0,0.0,0.0,0.0,0.0,1.0,0.0,0.0,True,Qwen/Qwen2.5-Coder-14B-Instruct-AWQ,None
2397,Pie,Medium,6.5758,6.5758,1,0.0,0.0,0.0,0.0,0.0,0.0,0.0,0.0,0.0,0.0,1.0,0.0,0.0,True,Qwen/Qwen2.5-Coder-14B-Instruct-AWQ,None
2403,Bar,Extra Hard,6.2471,6.2471,1,0.0,0.0,0.0,0.0,0.0,0.0,0.0,0.0,0.0,0.0,1.0,0.0,0.0,True,Qwen/Qwen2.5-Coder-14B-Instruct-AWQ,None
2403,Bar,Extra Hard,6.2471,6.2471,1,0.0,0.0,0.0,0.0,0.0,0.0,0.0,0.0,0.0,0.0,1.0,0.0,0.0,True,Qwen/Qwen2.5-Coder-14B-Instruct-AWQ,None
2403,Bar,Extra Hard,6.2471,6.2471,1,0.0,0.0,0.0,0.0,0.0,0.0,0.0,0.0,0.0,0.0,1.0,0.0,0.0,True,Qwen/Qwen2.5-Coder-14B-Instruct-AWQ,None
2416,Pie,Easy,4.4741,4.4741,1,0.0,0.0,0.0,0.0,0.0,0.0,0.0,0.0,0.0,0.0,1.0,0.0,0.0,False,Qwen/Qwen2.5-Coder-14B-Instruct-AWQ,None
2416,Pie,Easy,4.4741,4.4741,1,0.0,0.0,0.0,0.0,0.0,0.0,0.0,0.0,0.0,0.0,1.0,0.0,0.0,False,Qwen/Qwen2.5-Coder-14B-Instruct-AWQ,None
2416,Pie,Easy,4.4741,4.4741,1,0.0,0.0,0.0,0.0,0.0,0.0,0.0,0.0,0.0,0.0,1.0,0.0,0.0,False,Qwen/Qwen2.5-Coder-14B-Instruct-AWQ,None
2422,Pie,Easy,10.4453,41.7811,4,0.5,0.0,0.0,0.0,0.0,0.0,0.0,0.0,0.5,0.0,0.5,0.0,0.0,False,Qwen/Qwen2.5-Coder-14B-Instruct-AWQ,None
2422,Pie,Easy,10.4453,41.7811,4,0.5,0.0,0.0,0.0,0.0,0.0,0.0,0.0,0.5,0.0,0.5,0.0,0.0,False,Qwen/Qwen2.5-Coder-14B-Instruct-AWQ,None
2422,Pie,Easy,10.4453,41.7811,4,0.5,0.0,0.0,0.0,0.0,0.0,0.0,0.0,0.5,0.0,0.5,0.0,0.0,False,Qwen/Qwen2.5-Coder-14B-Instruct-AWQ,None
2428,Bar,Easy,3.4085,17.0425,5,0.0,0.0,0.0,0.0,0.0,0.0,0.0,0.0,0.0,0.0,1.0,0.0,0.0,False,Qwen/Qwen2.5-Coder-14B-Instruct-AWQ,None
2428,Bar,Easy,3.4085,17.0425,5,0.0,0.0,0.0,0.0,0.0,0.0,0.0,0.0,0.0,0.0,1.0,0.0,0.0,False,Qwen/Qwen2.5-Coder-14B-Instruct-AWQ,None
2428,Bar,Easy,3.4085,17.0425,5,0.0,0.0,0.0,0.0,0.0,0.0,0.0,0.0,0.0,0.0,1.0,0.0,0.0,False,Qwen/Qwen2.5-Coder-14B-Instruct-AWQ,None
2429,Pie,Hard,8.7187,17.4375,2,0.0,0.0,0.0,0.0,0.5,0.0,0.0,0.0,0.0,0.5,0.5,0.0,0.0,True,Qwen/Qwen2.5-Coder-14B-Instruct-AWQ,None
2429,Pie,Hard,8.7187,17.4375,2,0.0,0.0,0.0,0.0,0.5,0.0,0.0,0.0,0.0,0.5,0.5,0.0,0.0,True,Qwen/Qwen2.5-Coder-14B-Instruct-AWQ,None
2429,Pie,Hard,8.7187,17.4375,2,0.0,0.0,0.0,0.0,0.5,0.0,0.0,0.0,0.0,0.5,0.5,0.0,0.0,True,Qwen/Qwen2.5-Coder-14B-Instruct-AWQ,None
2432,Bar,Medium,4.4069,8.8139,2,0.0,0.0,0.0,0.0,0.0,0.0,0.0,0.0,0.0,0.0,1.0,0.0,0.0,True,Qwen/Qwen2.5-Coder-14B-Instruct-AWQ,None
2432,Bar,Medium,4.4069,8.8139,2,0.0,0.0,0.0,0.0,0.0,0.0,0.0,0.0,0.0,0.0,1.0,0.0,0.0,True,Qwen/Qwen2.5-Coder-14B-Instruct-AWQ,None
2432,Bar,Medium,4.4069,8.8139,2,0.0,0.0,0.0,0.0,0.0,0.0,0.0,0.0,0.0,0.0,1.0,0.0,0.0,True,Qwen/Qwen2.5-Coder-14B-Instruct-AWQ,None
2437,Bar,Easy,5.982,5.982,1,0.0,0.0,0.0,0.0,1.0,0.0,0.0,0.0,0.0,1.0,0.0,,0.0,False,Qwen/Qwen2.5-Coder-14B-Instruct-AWQ,None
2437,Bar,Easy,5.982,5.982,1,0.0,0.0,0.0,0.0,1.0,0.0,0.0,0.0,0.0,1.0,0.0,,0.0,False,Qwen/Qwen2.5-Coder-14B-Instruct-AWQ,None
2437,Bar,Easy,5.982,5.982,1,0.0,0.0,0.0,0.0,1.0,0.0,0.0,0.0,0.0,1.0,0.0,,0.0,False,Qwen/Qwen2.5-Coder-14B-Instruct-AWQ,None
2440,Pie,Easy,3.5122,14.0486,4,0.0,0.0,0.0,0.0,0.0,0.0,0.0,0.0,0.0,0.0,1.0,0.0,0.0,False,Qwen/Qwen2.5-Coder-14B-Instruct-AWQ,None
2440,Pie,Easy,3.5122,14.0486,4,0.0,0.0,0.0,0.0,0.0,0.0,0.0,0.0,0.0,0.0,1.0,0.0,0.0,False,Qwen/Qwen2.5-Coder-14B-Instruct-AWQ,None
2440,Pie,Easy,3.5122,14.0486,4,0.0,0.0,0.0,0.0,0.0,0.0,0.0,0.0,0.0,0.0,1.0,0.0,0.0,False,Qwen/Qwen2.5-Coder-14B-Instruct-AWQ,None
2442,Pie,Medium,13.6296,54.5184,4,0.5,0.0,0.0,0.0,0.25,0.0,0.0,0.0,0.5,0.25,0.25,0.0,0.0,True,Qwen/Qwen2.5-Coder-14B-Instruct-AWQ,None
2442,Pie,Medium,13.6296,54.5184,4,0.5,0.0,0.0,0.0,0.25,0.0,0.0,0.0,0.5,0.25,0.25,0.0,0.0,True,Qwen/Qwen2.5-Coder-14B-Instruct-AWQ,None
2442,Pie,Medium,13.6296,54.5184,4,0.5,0.0,0.0,0.0,0.25,0.0,0.0,0.0,0.5,0.25,0.25,0.0,0.0,True,Qwen/Qwen2.5-Coder-14B-Instruct-AWQ,None
2457,Bar,Medium,6.4408,19.3225,3,0.0,0.0,0.0,0.0,0.0,0.0,0.0,0.0,0.0,0.0,1.0,0.0,0.0,True,Qwen/Qwen2.5-Coder-14B-Instruct-AWQ,None
2457,Bar,Medium,6.4408,19.3225,3,0.0,0.0,0.0,0.0,0.0,0.0,0.0,0.0,0.0,0.0,1.0,0.0,0.0,True,Qwen/Qwen2.5-Coder-14B-Instruct-AWQ,None
2457,Bar,Medium,6.4408,19.3225,3,0.0,0.0,0.0,0.0,0.0,0.0,0.0,0.0,0.0,0.0,1.0,0.0,0.0,True,Qwen/Qwen2.5-Coder-14B-Instruct-AWQ,None
2464,Pie,Medium,3.8091,7.6182,2,0.0,0.0,0.0,0.0,0.0,0.0,0.0,0.0,0.0,0.0,1.0,0.0,0.0,False,Qwen/Qwen2.5-Coder-14B-Instruct-AWQ,None
2464,Pie,Medium,3.8091,7.6182,2,0.0,0.0,0.0,0.0,0.0,0.0,0.0,0.0,0.0,0.0,1.0,0.0,0.0,False,Qwen/Qwen2.5-Coder-14B-Instruct-AWQ,None
2464,Pie,Medium,3.8091,7.6182,2,0.0,0.0,0.0,0.0,0.0,0.0,0.0,0.0,0.0,0.0,1.0,0.0,0.0,False,Qwen/Qwen2.5-Coder-14B-Instruct-AWQ,None
2466,Pie,Easy,2.7647,8.2941,3,0.0,0.0,0.0,0.0,0.0,0.0,0.0,0.0,0.0,0.0,1.0,0.0,0.0,False,Qwen/Qwen2.5-Coder-14B-Instruct-AWQ,None
2466,Pie,Easy,2.7647,8.2941,3,0.0,0.0,0.0,0.0,0.0,0.0,0.0,0.0,0.0,0.0,1.0,0.0,0.0,False,Qwen/Qwen2.5-Coder-14B-Instruct-AWQ,None
2466,Pie,Easy,2.7647,8.2941,3,0.0,0.0,0.0,0.0,0.0,0.0,0.0,0.0,0.0,0.0,1.0,0.0,0.0,False,Qwen/Qwen2.5-Coder-14B-Instruct-AWQ,None
2471,Bar,Medium,9.7876,9.7876,1,0.0,0.0,0.0,0.0,0.0,0.0,0.0,0.0,0.0,0.0,1.0,0.0,0.0,True,Qwen/Qwen2.5-Coder-14B-Instruct-AWQ,None
2471,Bar,Medium,9.7876,9.7876,1,0.0,0.0,0.0,0.0,0.0,0.0,0.0,0.0,0.0,0.0,1.0,0.0,0.0,True,Qwen/Qwen2.5-Coder-14B-Instruct-AWQ,None
2471,Bar,Medium,9.7876,9.7876,1,0.0,0.0,0.0,0.0,0.0,0.0,0.0,0.0,0.0,0.0,1.0,0.0,0.0,True,Qwen/Qwen2.5-Coder-14B-Instruct-AWQ,None
2473,Bar,Easy,3.4109,23.8765,7,0.0,0.0,0.0,0.0,0.0,0.0,0.0,0.0,0.0,0.0,1.0,0.0,0.0,False,Qwen/Qwen2.5-Coder-14B-Instruct-AWQ,None
2473,Bar,Easy,3.4109,23.8765,7,0.0,0.0,0.0,0.0,0.0,0.0,0.0,0.0,0.0,0.0,1.0,0.0,0.0,False,Qwen/Qwen2.5-Coder-14B-Instruct-AWQ,None
2473,Bar,Easy,3.4109,23.8765,7,0.0,0.0,0.0,0.0,0.0,0.0,0.0,0.0,0.0,0.0,1.0,0.0,0.0,False,Qwen/Qwen2.5-Coder-14B-Instruct-AWQ,None
2474,Pie,Medium,9.8423,9.8423,1,0.0,0.0,0.0,0.0,0.0,0.0,0.0,0.0,0.0,0.0,1.0,0.0,0.0,True,Qwen/Qwen2.5-Coder-14B-Instruct-AWQ,None
2474,Pie,Medium,9.8423,9.8423,1,0.0,0.0,0.0,0.0,0.0,0.0,0.0,0.0,0.0,0.0,1.0,0.0,0.0,True,Qwen/Qwen2.5-Coder-14B-Instruct-AWQ,None
2474,Pie,Medium,9.8423,9.8423,1,0.0,0.0,0.0,0.0,0.0,0.0,0.0,0.0,0.0,0.0,1.0,0.0,0.0,True,Qwen/Qwen2.5-Coder-14B-Instruct-AWQ,None
2476,Bar,Medium,6.6981,13.3962,2,0.0,0.0,0.0,0.0,0.0,0.0,0.0,0.0,0.0,0.0,1.0,0.0,0.0,True,Qwen/Qwen2.5-Coder-14B-Instruct-AWQ,None
2476,Bar,Medium,6.6981,13.3962,2,0.0,0.0,0.0,0.0,0.0,0.0,0.0,0.0,0.0,0.0,1.0,0.0,0.0,True,Qwen/Qwen2.5-Coder-14B-Instruct-AWQ,None
2476,Bar,Medium,6.6981,13.3962,2,0.0,0.0,0.0,0.0,0.0,0.0,0.0,0.0,0.0,0.0,1.0,0.0,0.0,True,Qwen/Qwen2.5-Coder-14B-Instruct-AWQ,None
2478,Pie,Medium,11.4911,22.9821,2,0.0,0.0,0.0,0.0,0.0,0.0,0.0,0.0,0.0,0.0,1.0,0.0,0.0,True,Qwen/Qwen2.5-Coder-14B-Instruct-AWQ,None
2478,Pie,Medium,11.4911,22.9821,2,0.0,0.0,0.0,0.0,0.0,0.0,0.0,0.0,0.0,0.0,1.0,0.0,0.0,True,Qwen/Qwen2.5-Coder-14B-Instruct-AWQ,None
2478,Pie,Medium,11.4911,22.9821,2,0.0,0.0,0.0,0.0,0.0,0.0,0.0,0.0,0.0,0.0,1.0,0.0,0.0,True,Qwen/Qwen2.5-Coder-14B-Instruct-AWQ,None
2479,Grouping Scatter,Medium,7.0706,14.1412,2,0.0,0.0,0.0,0.0,0.0,0.0,0.0,0.0,0.0,0.0,1.0,0.0,0.0,True,Qwen/Qwen2.5-Coder-14B-Instruct-AWQ,None
2479,Grouping Scatter,Medium,7.0706,14.1412,2,0.0,0.0,0.0,0.0,0.0,0.0,0.0,0.0,0.0,0.0,1.0,0.0,0.0,True,Qwen/Qwen2.5-Coder-14B-Instruct-AWQ,None
2479,Grouping Scatter,Medium,7.0706,14.1412,2,0.0,0.0,0.0,0.0,0.0,0.0,0.0,0.0,0.0,0.0,1.0,0.0,0.0,True,Qwen/Qwen2.5-Coder-14B-Instruct-AWQ,None
2483,Pie,Easy,2.8254,5.6508,2,0.0,0.0,0.0,0.0,0.0,0.0,0.0,0.0,0.0,0.0,1.0,0.0,0.0,False,Qwen/Qwen2.5-Coder-14B-Instruct-AWQ,None
2483,Pie,Easy,2.8254,5.6508,2,0.0,0.0,0.0,0.0,0.0,0.0,0.0,0.0,0.0,0.0,1.0,0.0,0.0,False,Qwen/Qwen2.5-Coder-14B-Instruct-AWQ,None
2483,Pie,Easy,2.8254,5.6508,2,0.0,0.0,0.0,0.0,0.0,0.0,0.0,0.0,0.0,0.0,1.0,0.0,0.0,False,Qwen/Qwen2.5-Coder-14B-Instruct-AWQ,None
2485,Pie,Easy,3.1548,6.3096,2,0.0,0.0,0.0,0.0,0.0,0.0,0.0,0.0,0.0,0.0,1.0,0.0,0.0,False,Qwen/Qwen2.5-Coder-14B-Instruct-AWQ,None
2485,Pie,Easy,3.1548,6.3096,2,0.0,0.0,0.0,0.0,0.0,0.0,0.0,0.0,0.0,0.0,1.0,0.0,0.0,False,Qwen/Qwen2.5-Coder-14B-Instruct-AWQ,None
2485,Pie,Easy,3.1548,6.3096,2,0.0,0.0,0.0,0.0,0.0,0.0,0.0,0.0,0.0,0.0,1.0,0.0,0.0,False,Qwen/Qwen2.5-Coder-14B-Instruct-AWQ,None
2489,Pie,Easy,3.1672,9.5015,3,0.0,0.0,0.0,0.0,0.0,0.0,0.0,0.0,0.0,0.0,1.0,0.0,0.0,False,Qwen/Qwen2.5-Coder-14B-Instruct-AWQ,None
2489,Pie,Easy,3.1672,9.5015,3,0.0,0.0,0.0,0.0,0.0,0.0,0.0,0.0,0.0,0.0,1.0,0.0,0.0,False,Qwen/Qwen2.5-Coder-14B-Instruct-AWQ,None
2489,Pie,Easy,3.1672,9.5015,3,0.0,0.0,0.0,0.0,0.0,0.0,0.0,0.0,0.0,0.0,1.0,0.0,0.0,False,Qwen/Qwen2.5-Coder-14B-Instruct-AWQ,None
2503,Bar,Easy,3.3772,23.6401,7,0.0,0.0,0.0,0.0,0.0,0.0,0.0,0.0,0.0,0.0,1.0,0.0,0.0,False,Qwen/Qwen2.5-Coder-14B-Instruct-AWQ,None
2503,Bar,Easy,3.3772,23.6401,7,0.0,0.0,0.0,0.0,0.0,0.0,0.0,0.0,0.0,0.0,1.0,0.0,0.0,False,Qwen/Qwen2.5-Coder-14B-Instruct-AWQ,None
2503,Bar,Easy,3.3772,23.6401,7,0.0,0.0,0.0,0.0,0.0,0.0,0.0,0.0,0.0,0.0,1.0,0.0,0.0,False,Qwen/Qwen2.5-Coder-14B-Instruct-AWQ,None
2506,Pie,Easy,3.4795,10.4385,3,0.0,0.0,0.0,0.0,1.0,0.0,0.0,0.0,0.0,1.0,0.0,,0.0,False,Qwen/Qwen2.5-Coder-14B-Instruct-AWQ,None
2506,Pie,Easy,3.4795,10.4385,3,0.0,0.0,0.0,0.0,1.0,0.0,0.0,0.0,0.0,1.0,0.0,,0.0,False,Qwen/Qwen2.5-Coder-14B-Instruct-AWQ,None
2506,Pie,Easy,3.4795,10.4385,3,0.0,0.0,0.0,0.0,1.0,0.0,0.0,0.0,0.0,1.0,0.0,,0.0,False,Qwen/Qwen2.5-Coder-14B-Instruct-AWQ,None
2508,Pie,Medium,7.988,39.94,5,0.0,0.0,0.0,0.2,0.2,0.0,0.0,0.0,0.0,0.2,0.8,0.0,0.0,True,Qwen/Qwen2.5-Coder-14B-Instruct-AWQ,None
2508,Pie,Medium,7.988,39.94,5,0.0,0.0,0.0,0.2,0.2,0.0,0.0,0.0,0.0,0.2,0.8,0.0,0.0,True,Qwen/Qwen2.5-Coder-14B-Instruct-AWQ,None
2508,Pie,Medium,7.988,39.94,5,0.0,0.0,0.0,0.2,0.2,0.0,0.0,0.0,0.0,0.2,0.8,0.0,0.0,True,Qwen/Qwen2.5-Coder-14B-Instruct-AWQ,None
2512,Pie,Medium,6.8435,20.5304,3,0.0,0.0,0.0,0.0,0.6666666666666666,0.0,0.0,0.0,0.0,0.6666666666666666,0.3333333333333333,0.0,0.0,True,Qwen/Qwen2.5-Coder-14B-Instruct-AWQ,None
2512,Pie,Medium,6.8435,20.5304,3,0.0,0.0,0.0,0.0,0.6666666666666666,0.0,0.0,0.0,0.0,0.6666666666666666,0.3333333333333333,0.0,0.0,True,Qwen/Qwen2.5-Coder-14B-Instruct-AWQ,None
2512,Pie,Medium,6.8435,20.5304,3,0.0,0.0,0.0,0.0,0.6666666666666666,0.0,0.0,0.0,0.0,0.6666666666666666,0.3333333333333333,0.0,0.0,True,Qwen/Qwen2.5-Coder-14B-Instruct-AWQ,None
2516,Pie,Medium,9.1956,18.3912,2,0.0,0.0,0.0,0.5,1.0,0.0,0.0,0.0,0.0,1.0,0.0,,0.0,False,Qwen/Qwen2.5-Coder-14B-Instruct-AWQ,None
2516,Pie,Medium,9.1956,18.3912,2,0.0,0.0,0.0,0.5,1.0,0.0,0.0,0.0,0.0,1.0,0.0,,0.0,False,Qwen/Qwen2.5-Coder-14B-Instruct-AWQ,None
2516,Pie,Medium,9.1956,18.3912,2,0.0,0.0,0.0,0.5,1.0,0.0,0.0,0.0,0.0,1.0,0.0,,0.0,False,Qwen/Qwen2.5-Coder-14B-Instruct-AWQ,None
2526,Pie,Easy,9.1948,18.3896,2,0.5,0.0,0.0,0.0,0.5,0.0,0.0,0.0,0.5,0.5,0.0,,0.0,False,Qwen/Qwen2.5-Coder-14B-Instruct-AWQ,None
2526,Pie,Easy,9.1948,18.3896,2,0.5,0.0,0.0,0.0,0.5,0.0,0.0,0.0,0.5,0.5,0.0,,0.0,False,Qwen/Qwen2.5-Coder-14B-Instruct-AWQ,None
2526,Pie,Easy,9.1948,18.3896,2,0.5,0.0,0.0,0.0,0.5,0.0,0.0,0.0,0.5,0.5,0.0,,0.0,False,Qwen/Qwen2.5-Coder-14B-Instruct-AWQ,None
2536,Pie,Hard,14.4655,28.9311,2,0.5,0.0,0.0,0.0,0.0,0.0,0.0,0.0,0.5,0.0,0.5,0.0,0.0,True,Qwen/Qwen2.5-Coder-14B-Instruct-AWQ,None
2536,Pie,Hard,14.4655,28.9311,2,0.5,0.0,0.0,0.0,0.0,0.0,0.0,0.0,0.5,0.0,0.5,0.0,0.0,True,Qwen/Qwen2.5-Coder-14B-Instruct-AWQ,None
2536,Pie,Hard,14.4655,28.9311,2,0.5,0.0,0.0,0.0,0.0,0.0,0.0,0.0,0.5,0.0,0.5,0.0,0.0,True,Qwen/Qwen2.5-Coder-14B-Instruct-AWQ,None
2543,Pie,Easy,3.8162,3.8162,1,0.0,0.0,0.0,0.0,0.0,0.0,0.0,0.0,0.0,0.0,1.0,0.0,0.0,False,Qwen/Qwen2.5-Coder-14B-Instruct-AWQ,None
2543,Pie,Easy,3.8162,3.8162,1,0.0,0.0,0.0,0.0,0.0,0.0,0.0,0.0,0.0,0.0,1.0,0.0,0.0,False,Qwen/Qwen2.5-Coder-14B-Instruct-AWQ,None
2543,Pie,Easy,3.8162,3.8162,1,0.0,0.0,0.0,0.0,0.0,0.0,0.0,0.0,0.0,0.0,1.0,0.0,0.0,False,Qwen/Qwen2.5-Coder-14B-Instruct-AWQ,None
2548,Scatter,Easy,7.1523,14.3046,2,0.0,0.0,0.0,0.0,0.0,0.0,0.0,0.0,0.0,0.0,1.0,0.0,0.0,False,Qwen/Qwen2.5-Coder-14B-Instruct-AWQ,None
2548,Scatter,Easy,7.1523,14.3046,2,0.0,0.0,0.0,0.0,0.0,0.0,0.0,0.0,0.0,0.0,1.0,0.0,0.0,False,Qwen/Qwen2.5-Coder-14B-Instruct-AWQ,None
2548,Scatter,Easy,7.1523,14.3046,2,0.0,0.0,0.0,0.0,0.0,0.0,0.0,0.0,0.0,0.0,1.0,0.0,0.0,False,Qwen/Qwen2.5-Coder-14B-Instruct-AWQ,None
2549,Pie,Easy,3.5386,7.0773,2,0.0,0.0,0.0,0.0,0.0,0.0,0.0,0.0,0.0,0.0,1.0,0.0,0.0,False,Qwen/Qwen2.5-Coder-14B-Instruct-AWQ,None
2549,Pie,Easy,3.5386,7.0773,2,0.0,0.0,0.0,0.0,0.0,0.0,0.0,0.0,0.0,0.0,1.0,0.0,0.0,False,Qwen/Qwen2.5-Coder-14B-Instruct-AWQ,None
2549,Pie,Easy,3.5386,7.0773,2,0.0,0.0,0.0,0.0,0.0,0.0,0.0,0.0,0.0,0.0,1.0,0.0,0.0,False,Qwen/Qwen2.5-Coder-14B-Instruct-AWQ,None
2550,Grouping Scatter,Easy,5.2372,15.7116,3,0.0,0.0,0.0,0.0,0.0,0.0,0.0,0.0,0.0,0.0,1.0,0.0,0.0,False,Qwen/Qwen2.5-Coder-14B-Instruct-AWQ,None
2550,Grouping Scatter,Easy,5.2372,15.7116,3,0.0,0.0,0.0,0.0,0.0,0.0,0.0,0.0,0.0,0.0,1.0,0.0,0.0,False,Qwen/Qwen2.5-Coder-14B-Instruct-AWQ,None
2550,Grouping Scatter,Easy,5.2372,15.7116,3,0.0,0.0,0.0,0.0,0.0,0.0,0.0,0.0,0.0,0.0,1.0,0.0,0.0,False,Qwen/Qwen2.5-Coder-14B-Instruct-AWQ,None
2564,Pie,Hard,18.9235,18.9235,1,1.0,0.0,0.0,0.0,0.0,0.0,0.0,0.0,1.0,0.0,0.0,,0.0,True,Qwen/Qwen2.5-Coder-14B-Instruct-AWQ,None
2564,Pie,Hard,18.9235,18.9235,1,1.0,0.0,0.0,0.0,0.0,0.0,0.0,0.0,1.0,0.0,0.0,,0.0,True,Qwen/Qwen2.5-Coder-14B-Instruct-AWQ,None
2564,Pie,Hard,18.9235,18.9235,1,1.0,0.0,0.0,0.0,0.0,0.0,0.0,0.0,1.0,0.0,0.0,,0.0,True,Qwen/Qwen2.5-Coder-14B-Instruct-AWQ,None
2567,Pie,Easy,5.6811,5.6811,1,0.0,0.0,0.0,0.0,0.0,0.0,0.0,0.0,0.0,0.0,1.0,0.0,0.0,False,Qwen/Qwen2.5-Coder-14B-Instruct-AWQ,None
2567,Pie,Easy,5.6811,5.6811,1,0.0,0.0,0.0,0.0,0.0,0.0,0.0,0.0,0.0,0.0,1.0,0.0,0.0,False,Qwen/Qwen2.5-Coder-14B-Instruct-AWQ,None
2567,Pie,Easy,5.6811,5.6811,1,0.0,0.0,0.0,0.0,0.0,0.0,0.0,0.0,0.0,0.0,1.0,0.0,0.0,False,Qwen/Qwen2.5-Coder-14B-Instruct-AWQ,None
2568,Bar,Easy,4.5926,13.7779,3,0.0,0.0,0.0,0.0,0.0,0.0,0.0,0.0,0.0,0.0,1.0,0.0,0.0,False,Qwen/Qwen2.5-Coder-14B-Instruct-AWQ,None
2568,Bar,Easy,4.5926,13.7779,3,0.0,0.0,0.0,0.0,0.0,0.0,0.0,0.0,0.0,0.0,1.0,0.0,0.0,False,Qwen/Qwen2.5-Coder-14B-Instruct-AWQ,None
2568,Bar,Easy,4.5926,13.7779,3,0.0,0.0,0.0,0.0,0.0,0.0,0.0,0.0,0.0,0.0,1.0,0.0,0.0,False,Qwen/Qwen2.5-Coder-14B-Instruct-AWQ,None
2569,Bar,Easy,2.5559,7.6678,3,0.0,0.0,0.0,0.0,0.0,0.0,0.0,0.0,0.0,0.0,1.0,0.0,0.0,False,Qwen/Qwen2.5-Coder-14B-Instruct-AWQ,None
2569,Bar,Easy,2.5559,7.6678,3,0.0,0.0,0.0,0.0,0.0,0.0,0.0,0.0,0.0,0.0,1.0,0.0,0.0,False,Qwen/Qwen2.5-Coder-14B-Instruct-AWQ,None
2569,Bar,Easy,2.5559,7.6678,3,0.0,0.0,0.0,0.0,0.0,0.0,0.0,0.0,0.0,0.0,1.0,0.0,0.0,False,Qwen/Qwen2.5-Coder-14B-Instruct-AWQ,None
2570,Pie,Easy,2.2962,4.5924,2,0.0,0.0,0.0,0.0,0.0,0.0,0.0,0.0,0.0,0.0,1.0,0.0,0.0,False,Qwen/Qwen2.5-Coder-14B-Instruct-AWQ,None
2570,Pie,Easy,2.2962,4.5924,2,0.0,0.0,0.0,0.0,0.0,0.0,0.0,0.0,0.0,0.0,1.0,0.0,0.0,False,Qwen/Qwen2.5-Coder-14B-Instruct-AWQ,None
2570,Pie,Easy,2.2962,4.5924,2,0.0,0.0,0.0,0.0,0.0,0.0,0.0,0.0,0.0,0.0,1.0,0.0,0.0,False,Qwen/Qwen2.5-Coder-14B-Instruct-AWQ,None
2571,Pie,Easy,3.0717,3.0717,1,0.0,0.0,0.0,0.0,0.0,0.0,0.0,0.0,0.0,0.0,1.0,0.0,0.0,False,Qwen/Qwen2.5-Coder-14B-Instruct-AWQ,None
2571,Pie,Easy,3.0717,3.0717,1,0.0,0.0,0.0,0.0,0.0,0.0,0.0,0.0,0.0,0.0,1.0,0.0,0.0,False,Qwen/Qwen2.5-Coder-14B-Instruct-AWQ,None
2571,Pie,Easy,3.0717,3.0717,1,0.0,0.0,0.0,0.0,0.0,0.0,0.0,0.0,0.0,0.0,1.0,0.0,0.0,False,Qwen/Qwen2.5-Coder-14B-Instruct-AWQ,None
2576,Pie,Medium,4.9496,4.9496,1,0.0,0.0,0.0,0.0,0.0,0.0,0.0,0.0,0.0,0.0,1.0,0.0,0.0,True,Qwen/Qwen2.5-Coder-14B-Instruct-AWQ,None
2576,Pie,Medium,4.9496,4.9496,1,0.0,0.0,0.0,0.0,0.0,0.0,0.0,0.0,0.0,0.0,1.0,0.0,0.0,True,Qwen/Qwen2.5-Coder-14B-Instruct-AWQ,None
2576,Pie,Medium,4.9496,4.9496,1,0.0,0.0,0.0,0.0,0.0,0.0,0.0,0.0,0.0,0.0,1.0,0.0,0.0,True,Qwen/Qwen2.5-Coder-14B-Instruct-AWQ,None
2578,Bar,Hard,11.9152,11.9152,1,1.0,0.0,0.0,0.0,0.0,0.0,0.0,0.0,1.0,0.0,0.0,,0.0,True,Qwen/Qwen2.5-Coder-14B-Instruct-AWQ,None
2578,Bar,Hard,11.9152,11.9152,1,1.0,0.0,0.0,0.0,0.0,0.0,0.0,0.0,1.0,0.0,0.0,,0.0,True,Qwen/Qwen2.5-Coder-14B-Instruct-AWQ,None
2578,Bar,Hard,11.9152,11.9152,1,1.0,0.0,0.0,0.0,0.0,0.0,0.0,0.0,1.0,0.0,0.0,,0.0,True,Qwen/Qwen2.5-Coder-14B-Instruct-AWQ,None
2579,Pie,Medium,3.8362,3.8362,1,0.0,0.0,0.0,0.0,1.0,0.0,0.0,0.0,0.0,1.0,0.0,,0.0,True,Qwen/Qwen2.5-Coder-14B-Instruct-AWQ,None
2579,Pie,Medium,3.8362,3.8362,1,0.0,0.0,0.0,0.0,1.0,0.0,0.0,0.0,0.0,1.0,0.0,,0.0,True,Qwen/Qwen2.5-Coder-14B-Instruct-AWQ,None
2579,Pie,Medium,3.8362,3.8362,1,0.0,0.0,0.0,0.0,1.0,0.0,0.0,0.0,0.0,1.0,0.0,,0.0,True,Qwen/Qwen2.5-Coder-14B-Instruct-AWQ,None
2593,Pie,Easy,3.0047,9.014,3,0.0,0.0,0.0,0.0,0.0,0.0,0.0,0.0,0.0,0.0,1.0,0.0,0.0,False,Qwen/Qwen2.5-Coder-14B-Instruct-AWQ,None
2593,Pie,Easy,3.0047,9.014,3,0.0,0.0,0.0,0.0,0.0,0.0,0.0,0.0,0.0,0.0,1.0,0.0,0.0,False,Qwen/Qwen2.5-Coder-14B-Instruct-AWQ,None
2593,Pie,Easy,3.0047,9.014,3,0.0,0.0,0.0,0.0,0.0,0.0,0.0,0.0,0.0,0.0,1.0,0.0,0.0,False,Qwen/Qwen2.5-Coder-14B-Instruct-AWQ,None
2595,Pie,Hard,5.4721,5.4721,1,0.0,0.0,0.0,0.0,0.0,0.0,0.0,0.0,0.0,0.0,1.0,0.0,0.0,True,Qwen/Qwen2.5-Coder-14B-Instruct-AWQ,None
2595,Pie,Hard,5.4721,5.4721,1,0.0,0.0,0.0,0.0,0.0,0.0,0.0,0.0,0.0,0.0,1.0,0.0,0.0,True,Qwen/Qwen2.5-Coder-14B-Instruct-AWQ,None
2595,Pie,Hard,5.4721,5.4721,1,0.0,0.0,0.0,0.0,0.0,0.0,0.0,0.0,0.0,0.0,1.0,0.0,0.0,True,Qwen/Qwen2.5-Coder-14B-Instruct-AWQ,None
2604,Pie,Easy,4.0128,4.0128,1,0.0,0.0,0.0,0.0,0.0,0.0,0.0,0.0,0.0,0.0,1.0,0.0,0.0,False,Qwen/Qwen2.5-Coder-14B-Instruct-AWQ,None
2604,Pie,Easy,4.0128,4.0128,1,0.0,0.0,0.0,0.0,0.0,0.0,0.0,0.0,0.0,0.0,1.0,0.0,0.0,False,Qwen/Qwen2.5-Coder-14B-Instruct-AWQ,None
2604,Pie,Easy,4.0128,4.0128,1,0.0,0.0,0.0,0.0,0.0,0.0,0.0,0.0,0.0,0.0,1.0,0.0,0.0,False,Qwen/Qwen2.5-Coder-14B-Instruct-AWQ,None
2605,Bar,Easy,5.7868,11.5735,2,0.0,0.0,0.0,0.0,0.5,0.0,0.0,0.0,0.0,0.5,0.5,0.0,0.0,False,Qwen/Qwen2.5-Coder-14B-Instruct-AWQ,None
2605,Bar,Easy,5.7868,11.5735,2,0.0,0.0,0.0,0.0,0.5,0.0,0.0,0.0,0.0,0.5,0.5,0.0,0.0,False,Qwen/Qwen2.5-Coder-14B-Instruct-AWQ,None
2605,Bar,Easy,5.7868,11.5735,2,0.0,0.0,0.0,0.0,0.5,0.0,0.0,0.0,0.0,0.5,0.5,0.0,0.0,False,Qwen/Qwen2.5-Coder-14B-Instruct-AWQ,None
2606,Pie,Easy,4.8159,14.4478,3,0.0,0.0,0.0,0.0,0.0,0.0,0.0,0.0,0.0,0.0,1.0,0.0,0.0,False,Qwen/Qwen2.5-Coder-14B-Instruct-AWQ,None
2606,Pie,Easy,4.8159,14.4478,3,0.0,0.0,0.0,0.0,0.0,0.0,0.0,0.0,0.0,0.0,1.0,0.0,0.0,False,Qwen/Qwen2.5-Coder-14B-Instruct-AWQ,None
2606,Pie,Easy,4.8159,14.4478,3,0.0,0.0,0.0,0.0,0.0,0.0,0.0,0.0,0.0,0.0,1.0,0.0,0.0,False,Qwen/Qwen2.5-Coder-14B-Instruct-AWQ,None
2615,Bar,Hard,5.5672,5.5672,1,0.0,0.0,0.0,0.0,0.0,0.0,0.0,0.0,0.0,0.0,1.0,0.0,0.0,False,Qwen/Qwen2.5-Coder-14B-Instruct-AWQ,None
2615,Bar,Hard,5.5672,5.5672,1,0.0,0.0,0.0,0.0,0.0,0.0,0.0,0.0,0.0,0.0,1.0,0.0,0.0,False,Qwen/Qwen2.5-Coder-14B-Instruct-AWQ,None
2615,Bar,Hard,5.5672,5.5672,1,0.0,0.0,0.0,0.0,0.0,0.0,0.0,0.0,0.0,0.0,1.0,0.0,0.0,False,Qwen/Qwen2.5-Coder-14B-Instruct-AWQ,None
2617,Line,Hard,5.2983,5.2983,1,0.0,0.0,0.0,0.0,1.0,0.0,0.0,0.0,0.0,1.0,0.0,,0.0,False,Qwen/Qwen2.5-Coder-14B-Instruct-AWQ,None
2617,Line,Hard,5.2983,5.2983,1,0.0,0.0,0.0,0.0,1.0,0.0,0.0,0.0,0.0,1.0,0.0,,0.0,False,Qwen/Qwen2.5-Coder-14B-Instruct-AWQ,None
2617,Line,Hard,5.2983,5.2983,1,0.0,0.0,0.0,0.0,1.0,0.0,0.0,0.0,0.0,1.0,0.0,,0.0,False,Qwen/Qwen2.5-Coder-14B-Instruct-AWQ,None
2620,Pie,Extra Hard,7.0544,28.2176,4,0.0,0.0,0.0,0.5,0.5,0.0,0.0,0.0,0.0,0.5,0.5,0.0,0.0,True,Qwen/Qwen2.5-Coder-14B-Instruct-AWQ,None
2620,Pie,Extra Hard,7.0544,28.2176,4,0.0,0.0,0.0,0.5,0.5,0.0,0.0,0.0,0.0,0.5,0.5,0.0,0.0,True,Qwen/Qwen2.5-Coder-14B-Instruct-AWQ,None
2620,Pie,Extra Hard,7.0544,28.2176,4,0.0,0.0,0.0,0.5,0.5,0.0,0.0,0.0,0.0,0.5,0.5,0.0,0.0,True,Qwen/Qwen2.5-Coder-14B-Instruct-AWQ,None
2622,Pie,Easy,3.6246,7.2492,2,0.0,0.0,0.0,0.0,0.0,0.0,0.0,0.0,0.0,0.0,1.0,0.0,0.0,False,Qwen/Qwen2.5-Coder-14B-Instruct-AWQ,None
2622,Pie,Easy,3.6246,7.2492,2,0.0,0.0,0.0,0.0,0.0,0.0,0.0,0.0,0.0,0.0,1.0,0.0,0.0,False,Qwen/Qwen2.5-Coder-14B-Instruct-AWQ,None
2622,Pie,Easy,3.6246,7.2492,2,0.0,0.0,0.0,0.0,0.0,0.0,0.0,0.0,0.0,0.0,1.0,0.0,0.0,False,Qwen/Qwen2.5-Coder-14B-Instruct-AWQ,None
2624,Pie,Easy,3.7368,14.9472,4,0.0,0.0,0.0,0.0,0.0,0.0,0.0,0.0,0.0,0.0,1.0,0.0,0.0,False,Qwen/Qwen2.5-Coder-14B-Instruct-AWQ,None
2624,Pie,Easy,3.7368,14.9472,4,0.0,0.0,0.0,0.0,0.0,0.0,0.0,0.0,0.0,0.0,1.0,0.0,0.0,False,Qwen/Qwen2.5-Coder-14B-Instruct-AWQ,None
2624,Pie,Easy,3.7368,14.9472,4,0.0,0.0,0.0,0.0,0.0,0.0,0.0,0.0,0.0,0.0,1.0,0.0,0.0,False,Qwen/Qwen2.5-Coder-14B-Instruct-AWQ,None
2630,Pie,Easy,3.2966,9.8897,3,0.0,0.0,0.0,0.0,0.0,0.0,0.0,0.0,0.0,0.0,1.0,0.0,0.0,False,Qwen/Qwen2.5-Coder-14B-Instruct-AWQ,None
2630,Pie,Easy,3.2966,9.8897,3,0.0,0.0,0.0,0.0,0.0,0.0,0.0,0.0,0.0,0.0,1.0,0.0,0.0,False,Qwen/Qwen2.5-Coder-14B-Instruct-AWQ,None
2630,Pie,Easy,3.2966,9.8897,3,0.0,0.0,0.0,0.0,0.0,0.0,0.0,0.0,0.0,0.0,1.0,0.0,0.0,False,Qwen/Qwen2.5-Coder-14B-Instruct-AWQ,None
2631,Bar,Easy,3.5593,10.6779,3,0.0,0.0,0.0,0.0,0.3333333333333333,0.0,0.0,0.0,0.0,0.3333333333333333,0.6666666666666666,0.0,0.0,False,Qwen/Qwen2.5-Coder-14B-Instruct-AWQ,None
2631,Bar,Easy,3.5593,10.6779,3,0.0,0.0,0.0,0.0,0.3333333333333333,0.0,0.0,0.0,0.0,0.3333333333333333,0.6666666666666666,0.0,0.0,False,Qwen/Qwen2.5-Coder-14B-Instruct-AWQ,None
2631,Bar,Easy,3.5593,10.6779,3,0.0,0.0,0.0,0.0,0.3333333333333333,0.0,0.0,0.0,0.0,0.3333333333333333,0.6666666666666666,0.0,0.0,False,Qwen/Qwen2.5-Coder-14B-Instruct-AWQ,None
2633,Scatter,Medium,5.9306,5.9306,1,0.0,0.0,0.0,0.0,0.0,0.0,0.0,0.0,0.0,0.0,1.0,0.0,0.0,False,Qwen/Qwen2.5-Coder-14B-Instruct-AWQ,None
2633,Scatter,Medium,5.9306,5.9306,1,0.0,0.0,0.0,0.0,0.0,0.0,0.0,0.0,0.0,0.0,1.0,0.0,0.0,False,Qwen/Qwen2.5-Coder-14B-Instruct-AWQ,None
2633,Scatter,Medium,5.9306,5.9306,1,0.0,0.0,0.0,0.0,0.0,0.0,0.0,0.0,0.0,0.0,1.0,0.0,0.0,False,Qwen/Qwen2.5-Coder-14B-Instruct-AWQ,None
2634,Grouping Scatter,Medium,16.1347,16.1347,1,1.0,0.0,0.0,0.0,0.0,0.0,0.0,0.0,1.0,0.0,0.0,,0.0,False,Qwen/Qwen2.5-Coder-14B-Instruct-AWQ,None
2634,Grouping Scatter,Medium,16.1347,16.1347,1,1.0,0.0,0.0,0.0,0.0,0.0,0.0,0.0,1.0,0.0,0.0,,0.0,False,Qwen/Qwen2.5-Coder-14B-Instruct-AWQ,None
2634,Grouping Scatter,Medium,16.1347,16.1347,1,1.0,0.0,0.0,0.0,0.0,0.0,0.0,0.0,1.0,0.0,0.0,,0.0,False,Qwen/Qwen2.5-Coder-14B-Instruct-AWQ,None
2635,Pie,Medium,8.8563,8.8563,1,0.0,0.0,0.0,0.0,1.0,0.0,0.0,0.0,0.0,1.0,0.0,,0.0,True,Qwen/Qwen2.5-Coder-14B-Instruct-AWQ,None
2635,Pie,Medium,8.8563,8.8563,1,0.0,0.0,0.0,0.0,1.0,0.0,0.0,0.0,0.0,1.0,0.0,,0.0,True,Qwen/Qwen2.5-Coder-14B-Instruct-AWQ,None
2635,Pie,Medium,8.8563,8.8563,1,0.0,0.0,0.0,0.0,1.0,0.0,0.0,0.0,0.0,1.0,0.0,,0.0,True,Qwen/Qwen2.5-Coder-14B-Instruct-AWQ,None
2637,Bar,Easy,4.0658,8.1315,2,0.0,0.0,0.0,0.0,0.0,0.0,0.0,0.0,0.0,0.0,1.0,0.0,0.0,False,Qwen/Qwen2.5-Coder-14B-Instruct-AWQ,None
2637,Bar,Easy,4.0658,8.1315,2,0.0,0.0,0.0,0.0,0.0,0.0,0.0,0.0,0.0,0.0,1.0,0.0,0.0,False,Qwen/Qwen2.5-Coder-14B-Instruct-AWQ,None
2637,Bar,Easy,4.0658,8.1315,2,0.0,0.0,0.0,0.0,0.0,0.0,0.0,0.0,0.0,0.0,1.0,0.0,0.0,False,Qwen/Qwen2.5-Coder-14B-Instruct-AWQ,None
2638,Bar,Easy,5.0709,10.1418,2,0.0,0.0,0.0,0.0,0.5,0.0,0.0,0.0,0.0,0.5,0.5,0.0,0.0,False,Qwen/Qwen2.5-Coder-14B-Instruct-AWQ,None
2638,Bar,Easy,5.0709,10.1418,2,0.0,0.0,0.0,0.0,0.5,0.0,0.0,0.0,0.0,0.5,0.5,0.0,0.0,False,Qwen/Qwen2.5-Coder-14B-Instruct-AWQ,None
2638,Bar,Easy,5.0709,10.1418,2,0.0,0.0,0.0,0.0,0.5,0.0,0.0,0.0,0.0,0.5,0.5,0.0,0.0,False,Qwen/Qwen2.5-Coder-14B-Instruct-AWQ,None
2640,Bar,Medium,6.5058,6.5058,1,0.0,0.0,0.0,0.0,0.0,0.0,0.0,0.0,0.0,0.0,1.0,0.0,0.0,True,Qwen/Qwen2.5-Coder-14B-Instruct-AWQ,None
2640,Bar,Medium,6.5058,6.5058,1,0.0,0.0,0.0,0.0,0.0,0.0,0.0,0.0,0.0,0.0,1.0,0.0,0.0,True,Qwen/Qwen2.5-Coder-14B-Instruct-AWQ,None
2640,Bar,Medium,6.5058,6.5058,1,0.0,0.0,0.0,0.0,0.0,0.0,0.0,0.0,0.0,0.0,1.0,0.0,0.0,True,Qwen/Qwen2.5-Coder-14B-Instruct-AWQ,None
2641,Bar,Medium,5.816,29.0799,5,0.0,0.0,0.0,0.0,0.0,0.0,0.0,0.0,0.0,0.0,1.0,0.0,0.0,True,Qwen/Qwen2.5-Coder-14B-Instruct-AWQ,None
2641,Bar,Medium,5.816,29.0799,5,0.0,0.0,0.0,0.0,0.0,0.0,0.0,0.0,0.0,0.0,1.0,0.0,0.0,True,Qwen/Qwen2.5-Coder-14B-Instruct-AWQ,None
2641,Bar,Medium,5.816,29.0799,5,0.0,0.0,0.0,0.0,0.0,0.0,0.0,0.0,0.0,0.0,1.0,0.0,0.0,True,Qwen/Qwen2.5-Coder-14B-Instruct-AWQ,None
2642,Pie,Easy,2.772,5.544,2,0.0,0.0,0.0,0.0,0.0,0.0,0.0,0.0,0.0,0.0,1.0,0.0,0.0,False,Qwen/Qwen2.5-Coder-14B-Instruct-AWQ,None
2642,Pie,Easy,2.772,5.544,2,0.0,0.0,0.0,0.0,0.0,0.0,0.0,0.0,0.0,0.0,1.0,0.0,0.0,False,Qwen/Qwen2.5-Coder-14B-Instruct-AWQ,None
2642,Pie,Easy,2.772,5.544,2,0.0,0.0,0.0,0.0,0.0,0.0,0.0,0.0,0.0,0.0,1.0,0.0,0.0,False,Qwen/Qwen2.5-Coder-14B-Instruct-AWQ,None
2645,Pie,Easy,6.0798,12.1597,2,0.0,0.0,0.0,0.0,0.0,0.0,0.0,0.0,0.0,0.0,1.0,0.0,0.0,False,Qwen/Qwen2.5-Coder-14B-Instruct-AWQ,None
2645,Pie,Easy,6.0798,12.1597,2,0.0,0.0,0.0,0.0,0.0,0.0,0.0,0.0,0.0,0.0,1.0,0.0,0.0,False,Qwen/Qwen2.5-Coder-14B-Instruct-AWQ,None
2645,Pie,Easy,6.0798,12.1597,2,0.0,0.0,0.0,0.0,0.0,0.0,0.0,0.0,0.0,0.0,1.0,0.0,0.0,False,Qwen/Qwen2.5-Coder-14B-Instruct-AWQ,None
2646,Bar,Medium,6.4306,25.7225,4,0.0,0.0,0.0,0.0,0.0,0.0,0.0,0.0,0.0,0.0,1.0,0.0,0.0,False,Qwen/Qwen2.5-Coder-14B-Instruct-AWQ,None
2646,Bar,Medium,6.4306,25.7225,4,0.0,0.0,0.0,0.0,0.0,0.0,0.0,0.0,0.0,0.0,1.0,0.0,0.0,False,Qwen/Qwen2.5-Coder-14B-Instruct-AWQ,None
2646,Bar,Medium,6.4306,25.7225,4,0.0,0.0,0.0,0.0,0.0,0.0,0.0,0.0,0.0,0.0,1.0,0.0,0.0,False,Qwen/Qwen2.5-Coder-14B-Instruct-AWQ,None
2652,Bar,Medium,2.9934,5.9867,2,0.0,0.0,0.0,0.0,0.0,0.0,0.0,0.0,0.0,0.0,1.0,0.0,0.0,False,Qwen/Qwen2.5-Coder-14B-Instruct-AWQ,None
2652,Bar,Medium,2.9934,5.9867,2,0.0,0.0,0.0,0.0,0.0,0.0,0.0,0.0,0.0,0.0,1.0,0.0,0.0,False,Qwen/Qwen2.5-Coder-14B-Instruct-AWQ,None
2652,Bar,Medium,2.9934,5.9867,2,0.0,0.0,0.0,0.0,0.0,0.0,0.0,0.0,0.0,0.0,1.0,0.0,0.0,False,Qwen/Qwen2.5-Coder-14B-Instruct-AWQ,None
2656,Pie,Hard,4.6366,9.2732,2,0.0,0.0,0.0,0.0,0.0,0.0,0.0,0.0,0.0,0.0,1.0,0.0,0.0,False,Qwen/Qwen2.5-Coder-14B-Instruct-AWQ,None
2656,Pie,Hard,4.6366,9.2732,2,0.0,0.0,0.0,0.0,0.0,0.0,0.0,0.0,0.0,0.0,1.0,0.0,0.0,False,Qwen/Qwen2.5-Coder-14B-Instruct-AWQ,None
2656,Pie,Hard,4.6366,9.2732,2,0.0,0.0,0.0,0.0,0.0,0.0,0.0,0.0,0.0,0.0,1.0,0.0,0.0,False,Qwen/Qwen2.5-Coder-14B-Instruct-AWQ,None
2657,Bar,Hard,4.0237,8.0474,2,0.0,0.0,0.0,0.0,0.0,0.0,0.0,0.0,0.0,0.0,1.0,0.0,0.0,False,Qwen/Qwen2.5-Coder-14B-Instruct-AWQ,None
2657,Bar,Hard,4.0237,8.0474,2,0.0,0.0,0.0,0.0,0.0,0.0,0.0,0.0,0.0,0.0,1.0,0.0,0.0,False,Qwen/Qwen2.5-Coder-14B-Instruct-AWQ,None
2657,Bar,Hard,4.0237,8.0474,2,0.0,0.0,0.0,0.0,0.0,0.0,0.0,0.0,0.0,0.0,1.0,0.0,0.0,False,Qwen/Qwen2.5-Coder-14B-Instruct-AWQ,None
2693,Pie,Medium,5.2483,10.4967,2,0.0,0.0,0.0,0.0,1.0,0.0,0.0,0.0,0.0,1.0,0.0,,0.0,True,Qwen/Qwen2.5-Coder-14B-Instruct-AWQ,None
2693,Pie,Medium,5.2483,10.4967,2,0.0,0.0,0.0,0.0,1.0,0.0,0.0,0.0,0.0,1.0,0.0,,0.0,True,Qwen/Qwen2.5-Coder-14B-Instruct-AWQ,None
2693,Pie,Medium,5.2483,10.4967,2,0.0,0.0,0.0,0.0,1.0,0.0,0.0,0.0,0.0,1.0,0.0,,0.0,True,Qwen/Qwen2.5-Coder-14B-Instruct-AWQ,None
2694,Bar,Medium,9.7358,9.7358,1,0.0,0.0,0.0,0.0,0.0,0.0,0.0,0.0,0.0,0.0,1.0,0.0,0.0,True,Qwen/Qwen2.5-Coder-14B-Instruct-AWQ,None
2694,Bar,Medium,9.7358,9.7358,1,0.0,0.0,0.0,0.0,0.0,0.0,0.0,0.0,0.0,0.0,1.0,0.0,0.0,True,Qwen/Qwen2.5-Coder-14B-Instruct-AWQ,None
2694,Bar,Medium,9.7358,9.7358,1,0.0,0.0,0.0,0.0,0.0,0.0,0.0,0.0,0.0,0.0,1.0,0.0,0.0,True,Qwen/Qwen2.5-Coder-14B-Instruct-AWQ,None
2695,Pie,Easy,3.1693,9.5078,3,0.0,0.0,0.0,0.0,0.3333333333333333,0.0,0.0,0.0,0.0,0.3333333333333333,0.6666666666666666,0.0,0.0,False,Qwen/Qwen2.5-Coder-14B-Instruct-AWQ,None
2695,Pie,Easy,3.1693,9.5078,3,0.0,0.0,0.0,0.0,0.3333333333333333,0.0,0.0,0.0,0.0,0.3333333333333333,0.6666666666666666,0.0,0.0,False,Qwen/Qwen2.5-Coder-14B-Instruct-AWQ,None
2695,Pie,Easy,3.1693,9.5078,3,0.0,0.0,0.0,0.0,0.3333333333333333,0.0,0.0,0.0,0.0,0.3333333333333333,0.6666666666666666,0.0,0.0,False,Qwen/Qwen2.5-Coder-14B-Instruct-AWQ,None
2703,Bar,Medium,4.835,9.67,2,0.0,0.0,0.0,0.0,0.0,0.0,0.0,0.0,0.0,0.0,1.0,0.0,0.0,False,Qwen/Qwen2.5-Coder-14B-Instruct-AWQ,None
2703,Bar,Medium,4.835,9.67,2,0.0,0.0,0.0,0.0,0.0,0.0,0.0,0.0,0.0,0.0,1.0,0.0,0.0,False,Qwen/Qwen2.5-Coder-14B-Instruct-AWQ,None
2703,Bar,Medium,4.835,9.67,2,0.0,0.0,0.0,0.0,0.0,0.0,0.0,0.0,0.0,0.0,1.0,0.0,0.0,False,Qwen/Qwen2.5-Coder-14B-Instruct-AWQ,None
2705,Pie,Easy,10.5833,31.75,3,0.3333333333333333,0.0,0.0,0.0,0.3333333333333333,0.0,0.0,0.0,0.3333333333333333,0.3333333333333333,0.3333333333333333,0.0,0.0,False,Qwen/Qwen2.5-Coder-14B-Instruct-AWQ,None
2705,Pie,Easy,10.5833,31.75,3,0.3333333333333333,0.0,0.0,0.0,0.3333333333333333,0.0,0.0,0.0,0.3333333333333333,0.3333333333333333,0.3333333333333333,0.0,0.0,False,Qwen/Qwen2.5-Coder-14B-Instruct-AWQ,None
2705,Pie,Easy,10.5833,31.75,3,0.3333333333333333,0.0,0.0,0.0,0.3333333333333333,0.0,0.0,0.0,0.3333333333333333,0.3333333333333333,0.3333333333333333,0.0,0.0,False,Qwen/Qwen2.5-Coder-14B-Instruct-AWQ,None
2708,Scatter,Medium,8.099,16.198,2,0.0,0.0,0.0,0.0,0.5,0.0,0.0,0.0,0.0,0.5,0.5,0.0,0.0,False,Qwen/Qwen2.5-Coder-14B-Instruct-AWQ,None
2708,Scatter,Medium,8.099,16.198,2,0.0,0.0,0.0,0.0,0.5,0.0,0.0,0.0,0.0,0.5,0.5,0.0,0.0,False,Qwen/Qwen2.5-Coder-14B-Instruct-AWQ,None
2708,Scatter,Medium,8.099,16.198,2,0.0,0.0,0.0,0.0,0.5,0.0,0.0,0.0,0.0,0.5,0.5,0.0,0.0,False,Qwen/Qwen2.5-Coder-14B-Instruct-AWQ,None
2709,Grouping Scatter,Medium,6.1849,18.5547,3,0.0,0.0,0.0,0.0,0.0,0.0,0.0,0.0,0.0,0.0,1.0,0.0,0.0,False,Qwen/Qwen2.5-Coder-14B-Instruct-AWQ,None
2709,Grouping Scatter,Medium,6.1849,18.5547,3,0.0,0.0,0.0,0.0,0.0,0.0,0.0,0.0,0.0,0.0,1.0,0.0,0.0,False,Qwen/Qwen2.5-Coder-14B-Instruct-AWQ,None
2709,Grouping Scatter,Medium,6.1849,18.5547,3,0.0,0.0,0.0,0.0,0.0,0.0,0.0,0.0,0.0,0.0,1.0,0.0,0.0,False,Qwen/Qwen2.5-Coder-14B-Instruct-AWQ,None
2724,Bar,Easy,2.988,5.9759,2,0.0,0.0,0.0,0.0,0.0,0.0,0.0,0.0,0.0,0.0,1.0,0.0,0.0,False,Qwen/Qwen2.5-Coder-14B-Instruct-AWQ,None
2724,Bar,Easy,2.988,5.9759,2,0.0,0.0,0.0,0.0,0.0,0.0,0.0,0.0,0.0,0.0,1.0,0.0,0.0,False,Qwen/Qwen2.5-Coder-14B-Instruct-AWQ,None
2724,Bar,Easy,2.988,5.9759,2,0.0,0.0,0.0,0.0,0.0,0.0,0.0,0.0,0.0,0.0,1.0,0.0,0.0,False,Qwen/Qwen2.5-Coder-14B-Instruct-AWQ,None
2734,Pie,Medium,5.6442,11.2884,2,0.0,0.0,0.0,0.0,0.0,0.0,0.0,0.0,0.0,0.0,1.0,0.0,0.0,False,Qwen/Qwen2.5-Coder-14B-Instruct-AWQ,None
2734,Pie,Medium,5.6442,11.2884,2,0.0,0.0,0.0,0.0,0.0,0.0,0.0,0.0,0.0,0.0,1.0,0.0,0.0,False,Qwen/Qwen2.5-Coder-14B-Instruct-AWQ,None
2734,Pie,Medium,5.6442,11.2884,2,0.0,0.0,0.0,0.0,0.0,0.0,0.0,0.0,0.0,0.0,1.0,0.0,0.0,False,Qwen/Qwen2.5-Coder-14B-Instruct-AWQ,None
2736,Pie,Medium,5.6467,22.5866,4,0.0,0.0,0.0,0.0,0.0,0.0,0.0,0.0,0.0,0.0,1.0,0.0,0.0,False,Qwen/Qwen2.5-Coder-14B-Instruct-AWQ,None
2736,Pie,Medium,5.6467,22.5866,4,0.0,0.0,0.0,0.0,0.0,0.0,0.0,0.0,0.0,0.0,1.0,0.0,0.0,False,Qwen/Qwen2.5-Coder-14B-Instruct-AWQ,None
2736,Pie,Medium,5.6467,22.5866,4,0.0,0.0,0.0,0.0,0.0,0.0,0.0,0.0,0.0,0.0,1.0,0.0,0.0,False,Qwen/Qwen2.5-Coder-14B-Instruct-AWQ,None
2743,Scatter,Easy,6.78,6.78,1,0.0,0.0,0.0,0.0,0.0,0.0,0.0,0.0,0.0,0.0,1.0,0.0,0.0,False,Qwen/Qwen2.5-Coder-14B-Instruct-AWQ,None
2743,Scatter,Easy,6.78,6.78,1,0.0,0.0,0.0,0.0,0.0,0.0,0.0,0.0,0.0,0.0,1.0,0.0,0.0,False,Qwen/Qwen2.5-Coder-14B-Instruct-AWQ,None
2743,Scatter,Easy,6.78,6.78,1,0.0,0.0,0.0,0.0,0.0,0.0,0.0,0.0,0.0,0.0,1.0,0.0,0.0,False,Qwen/Qwen2.5-Coder-14B-Instruct-AWQ,None
2745,Grouping Scatter,Easy,7.9335,7.9335,1,0.0,0.0,0.0,0.0,0.0,0.0,0.0,0.0,0.0,0.0,1.0,0.0,0.0,False,Qwen/Qwen2.5-Coder-14B-Instruct-AWQ,None
2745,Grouping Scatter,Easy,7.9335,7.9335,1,0.0,0.0,0.0,0.0,0.0,0.0,0.0,0.0,0.0,0.0,1.0,0.0,0.0,False,Qwen/Qwen2.5-Coder-14B-Instruct-AWQ,None
2745,Grouping Scatter,Easy,7.9335,7.9335,1,0.0,0.0,0.0,0.0,0.0,0.0,0.0,0.0,0.0,0.0,1.0,0.0,0.0,False,Qwen/Qwen2.5-Coder-14B-Instruct-AWQ,None
2748,Pie,Medium,4.0516,8.1032,2,0.0,0.0,0.0,0.0,0.0,0.0,0.0,0.0,0.0,0.0,1.0,0.0,0.0,False,Qwen/Qwen2.5-Coder-14B-Instruct-AWQ,None
2748,Pie,Medium,4.0516,8.1032,2,0.0,0.0,0.0,0.0,0.0,0.0,0.0,0.0,0.0,0.0,1.0,0.0,0.0,False,Qwen/Qwen2.5-Coder-14B-Instruct-AWQ,None
2748,Pie,Medium,4.0516,8.1032,2,0.0,0.0,0.0,0.0,0.0,0.0,0.0,0.0,0.0,0.0,1.0,0.0,0.0,False,Qwen/Qwen2.5-Coder-14B-Instruct-AWQ,None
2749,Bar,Medium,3.5294,3.5294,1,0.0,0.0,0.0,0.0,0.0,0.0,0.0,0.0,0.0,0.0,1.0,0.0,0.0,False,Qwen/Qwen2.5-Coder-14B-Instruct-AWQ,None
2749,Bar,Medium,3.5294,3.5294,1,0.0,0.0,0.0,0.0,0.0,0.0,0.0,0.0,0.0,0.0,1.0,0.0,0.0,False,Qwen/Qwen2.5-Coder-14B-Instruct-AWQ,None
2749,Bar,Medium,3.5294,3.5294,1,0.0,0.0,0.0,0.0,0.0,0.0,0.0,0.0,0.0,0.0,1.0,0.0,0.0,False,Qwen/Qwen2.5-Coder-14B-Instruct-AWQ,None
2750,Stacked Bar,Hard,4.4667,8.9333,2,0.0,0.0,0.0,0.0,0.0,0.0,0.0,0.0,0.0,0.0,1.0,0.0,0.0,False,Qwen/Qwen2.5-Coder-14B-Instruct-AWQ,None
2750,Stacked Bar,Hard,4.4667,8.9333,2,0.0,0.0,0.0,0.0,0.0,0.0,0.0,0.0,0.0,0.0,1.0,0.0,0.0,False,Qwen/Qwen2.5-Coder-14B-Instruct-AWQ,None
2750,Stacked Bar,Hard,4.4667,8.9333,2,0.0,0.0,0.0,0.0,0.0,0.0,0.0,0.0,0.0,0.0,1.0,0.0,0.0,False,Qwen/Qwen2.5-Coder-14B-Instruct-AWQ,None
2752,Pie,Easy,3.4806,10.4417,3,0.0,0.0,0.0,0.0,1.0,0.0,0.0,0.0,0.0,1.0,0.0,,0.0,False,Qwen/Qwen2.5-Coder-14B-Instruct-AWQ,None
2752,Pie,Easy,3.4806,10.4417,3,0.0,0.0,0.0,0.0,1.0,0.0,0.0,0.0,0.0,1.0,0.0,,0.0,False,Qwen/Qwen2.5-Coder-14B-Instruct-AWQ,None
2752,Pie,Easy,3.4806,10.4417,3,0.0,0.0,0.0,0.0,1.0,0.0,0.0,0.0,0.0,1.0,0.0,,0.0,False,Qwen/Qwen2.5-Coder-14B-Instruct-AWQ,None
2757,Pie,Easy,3.5743,7.1487,2,0.0,0.0,0.0,0.0,0.0,0.0,0.0,0.0,0.0,0.0,1.0,0.0,0.0,False,Qwen/Qwen2.5-Coder-14B-Instruct-AWQ,None
2757,Pie,Easy,3.5743,7.1487,2,0.0,0.0,0.0,0.0,0.0,0.0,0.0,0.0,0.0,0.0,1.0,0.0,0.0,False,Qwen/Qwen2.5-Coder-14B-Instruct-AWQ,None
2757,Pie,Easy,3.5743,7.1487,2,0.0,0.0,0.0,0.0,0.0,0.0,0.0,0.0,0.0,0.0,1.0,0.0,0.0,False,Qwen/Qwen2.5-Coder-14B-Instruct-AWQ,None
2759,Pie,Easy,3.0028,9.0084,3,0.0,0.0,0.0,0.0,0.0,0.0,0.0,0.0,0.0,0.0,1.0,0.0,0.0,False,Qwen/Qwen2.5-Coder-14B-Instruct-AWQ,None
2759,Pie,Easy,3.0028,9.0084,3,0.0,0.0,0.0,0.0,0.0,0.0,0.0,0.0,0.0,0.0,1.0,0.0,0.0,False,Qwen/Qwen2.5-Coder-14B-Instruct-AWQ,None
2759,Pie,Easy,3.0028,9.0084,3,0.0,0.0,0.0,0.0,0.0,0.0,0.0,0.0,0.0,0.0,1.0,0.0,0.0,False,Qwen/Qwen2.5-Coder-14B-Instruct-AWQ,None
2764,Pie,Easy,4.2505,12.7515,3,0.0,0.0,0.0,0.0,0.0,0.0,0.0,0.0,0.0,0.0,1.0,0.0,0.0,False,Qwen/Qwen2.5-Coder-14B-Instruct-AWQ,None
2764,Pie,Easy,4.2505,12.7515,3,0.0,0.0,0.0,0.0,0.0,0.0,0.0,0.0,0.0,0.0,1.0,0.0,0.0,False,Qwen/Qwen2.5-Coder-14B-Instruct-AWQ,None
2764,Pie,Easy,4.2505,12.7515,3,0.0,0.0,0.0,0.0,0.0,0.0,0.0,0.0,0.0,0.0,1.0,0.0,0.0,False,Qwen/Qwen2.5-Coder-14B-Instruct-AWQ,None
2767,Pie,Easy,2.5274,2.5274,1,0.0,0.0,0.0,0.0,0.0,0.0,0.0,0.0,0.0,0.0,1.0,0.0,0.0,False,Qwen/Qwen2.5-Coder-14B-Instruct-AWQ,None
2767,Pie,Easy,2.5274,2.5274,1,0.0,0.0,0.0,0.0,0.0,0.0,0.0,0.0,0.0,0.0,1.0,0.0,0.0,False,Qwen/Qwen2.5-Coder-14B-Instruct-AWQ,None
2767,Pie,Easy,2.5274,2.5274,1,0.0,0.0,0.0,0.0,0.0,0.0,0.0,0.0,0.0,0.0,1.0,0.0,0.0,False,Qwen/Qwen2.5-Coder-14B-Instruct-AWQ,None
2775,Pie,Easy,4.2383,12.715,3,0.0,0.0,0.0,0.0,0.0,0.0,0.0,0.0,0.0,0.0,1.0,0.0,0.0,False,Qwen/Qwen2.5-Coder-14B-Instruct-AWQ,None
2775,Pie,Easy,4.2383,12.715,3,0.0,0.0,0.0,0.0,0.0,0.0,0.0,0.0,0.0,0.0,1.0,0.0,0.0,False,Qwen/Qwen2.5-Coder-14B-Instruct-AWQ,None
2775,Pie,Easy,4.2383,12.715,3,0.0,0.0,0.0,0.0,0.0,0.0,0.0,0.0,0.0,0.0,1.0,0.0,0.0,False,Qwen/Qwen2.5-Coder-14B-Instruct-AWQ,None
2780,Bar,Extra Hard,11.4308,11.4308,1,0.0,0.0,0.0,0.0,1.0,0.0,0.0,0.0,0.0,1.0,0.0,,0.0,True,Qwen/Qwen2.5-Coder-14B-Instruct-AWQ,None
2780,Bar,Extra Hard,11.4308,11.4308,1,0.0,0.0,0.0,0.0,1.0,0.0,0.0,0.0,0.0,1.0,0.0,,0.0,True,Qwen/Qwen2.5-Coder-14B-Instruct-AWQ,None
2780,Bar,Extra Hard,11.4308,11.4308,1,0.0,0.0,0.0,0.0,1.0,0.0,0.0,0.0,0.0,1.0,0.0,,0.0,True,Qwen/Qwen2.5-Coder-14B-Instruct-AWQ,None
2781,Grouping Line,Extra Hard,28.4521,28.4521,1,1.0,0.0,0.0,0.0,0.0,0.0,0.0,0.0,1.0,0.0,0.0,,0.0,True,Qwen/Qwen2.5-Coder-14B-Instruct-AWQ,None
2781,Grouping Line,Extra Hard,28.4521,28.4521,1,1.0,0.0,0.0,0.0,0.0,0.0,0.0,0.0,1.0,0.0,0.0,,0.0,True,Qwen/Qwen2.5-Coder-14B-Instruct-AWQ,None
2781,Grouping Line,Extra Hard,28.4521,28.4521,1,1.0,0.0,0.0,0.0,0.0,0.0,0.0,0.0,1.0,0.0,0.0,,0.0,True,Qwen/Qwen2.5-Coder-14B-Instruct-AWQ,None
2782,Line,Extra Hard,9.6989,9.6989,1,0.0,0.0,0.0,0.0,1.0,0.0,0.0,0.0,0.0,1.0,0.0,,0.0,True,Qwen/Qwen2.5-Coder-14B-Instruct-AWQ,None
2782,Line,Extra Hard,9.6989,9.6989,1,0.0,0.0,0.0,0.0,1.0,0.0,0.0,0.0,0.0,1.0,0.0,,0.0,True,Qwen/Qwen2.5-Coder-14B-Instruct-AWQ,None
2782,Line,Extra Hard,9.6989,9.6989,1,0.0,0.0,0.0,0.0,1.0,0.0,0.0,0.0,0.0,1.0,0.0,,0.0,True,Qwen/Qwen2.5-Coder-14B-Instruct-AWQ,None
2785,Pie,Hard,6.8896,20.6687,3,0.0,0.0,0.0,0.0,0.3333333333333333,0.0,0.0,0.0,0.0,0.3333333333333333,0.6666666666666666,0.0,0.0,True,Qwen/Qwen2.5-Coder-14B-Instruct-AWQ,None
2785,Pie,Hard,6.8896,20.6687,3,0.0,0.0,0.0,0.0,0.3333333333333333,0.0,0.0,0.0,0.0,0.3333333333333333,0.6666666666666666,0.0,0.0,True,Qwen/Qwen2.5-Coder-14B-Instruct-AWQ,None
2785,Pie,Hard,6.8896,20.6687,3,0.0,0.0,0.0,0.0,0.3333333333333333,0.0,0.0,0.0,0.0,0.3333333333333333,0.6666666666666666,0.0,0.0,True,Qwen/Qwen2.5-Coder-14B-Instruct-AWQ,None
2787,Pie,Easy,12.2674,24.5347,2,0.0,0.0,0.0,0.0,0.0,0.0,0.0,0.0,0.0,0.0,1.0,0.0,0.0,True,Qwen/Qwen2.5-Coder-14B-Instruct-AWQ,None
2787,Pie,Easy,12.2674,24.5347,2,0.0,0.0,0.0,0.0,0.0,0.0,0.0,0.0,0.0,0.0,1.0,0.0,0.0,True,Qwen/Qwen2.5-Coder-14B-Instruct-AWQ,None
2787,Pie,Easy,12.2674,24.5347,2,0.0,0.0,0.0,0.0,0.0,0.0,0.0,0.0,0.0,0.0,1.0,0.0,0.0,True,Qwen/Qwen2.5-Coder-14B-Instruct-AWQ,None
2795,Pie,Medium,5.6096,16.8289,3,0.0,0.0,0.0,0.0,0.6666666666666666,0.0,0.0,0.0,0.0,0.6666666666666666,0.3333333333333333,0.0,0.0,True,Qwen/Qwen2.5-Coder-14B-Instruct-AWQ,None
2795,Pie,Medium,5.6096,16.8289,3,0.0,0.0,0.0,0.0,0.6666666666666666,0.0,0.0,0.0,0.0,0.6666666666666666,0.3333333333333333,0.0,0.0,True,Qwen/Qwen2.5-Coder-14B-Instruct-AWQ,None
2795,Pie,Medium,5.6096,16.8289,3,0.0,0.0,0.0,0.0,0.6666666666666666,0.0,0.0,0.0,0.0,0.6666666666666666,0.3333333333333333,0.0,0.0,True,Qwen/Qwen2.5-Coder-14B-Instruct-AWQ,None
2799,Pie,Easy,4.1845,8.3689,2,0.0,0.0,0.0,0.0,0.0,0.0,0.0,0.0,0.0,0.0,1.0,0.0,0.0,False,Qwen/Qwen2.5-Coder-14B-Instruct-AWQ,None
2799,Pie,Easy,4.1845,8.3689,2,0.0,0.0,0.0,0.0,0.0,0.0,0.0,0.0,0.0,0.0,1.0,0.0,0.0,False,Qwen/Qwen2.5-Coder-14B-Instruct-AWQ,None
2799,Pie,Easy,4.1845,8.3689,2,0.0,0.0,0.0,0.0,0.0,0.0,0.0,0.0,0.0,0.0,1.0,0.0,0.0,False,Qwen/Qwen2.5-Coder-14B-Instruct-AWQ,None
2802,Bar,Medium,3.4833,13.9334,4,0.0,0.0,0.0,0.0,0.0,0.0,0.0,0.0,0.0,0.0,1.0,0.0,0.0,False,Qwen/Qwen2.5-Coder-14B-Instruct-AWQ,None
2802,Bar,Medium,3.4833,13.9334,4,0.0,0.0,0.0,0.0,0.0,0.0,0.0,0.0,0.0,0.0,1.0,0.0,0.0,False,Qwen/Qwen2.5-Coder-14B-Instruct-AWQ,None
2802,Bar,Medium,3.4833,13.9334,4,0.0,0.0,0.0,0.0,0.0,0.0,0.0,0.0,0.0,0.0,1.0,0.0,0.0,False,Qwen/Qwen2.5-Coder-14B-Instruct-AWQ,None
2804,Pie,Medium,4.0987,8.1975,2,0.0,0.0,0.0,0.0,1.0,0.0,0.0,0.0,0.0,1.0,0.0,,0.0,False,Qwen/Qwen2.5-Coder-14B-Instruct-AWQ,None
2804,Pie,Medium,4.0987,8.1975,2,0.0,0.0,0.0,0.0,1.0,0.0,0.0,0.0,0.0,1.0,0.0,,0.0,False,Qwen/Qwen2.5-Coder-14B-Instruct-AWQ,None
2804,Pie,Medium,4.0987,8.1975,2,0.0,0.0,0.0,0.0,1.0,0.0,0.0,0.0,0.0,1.0,0.0,,0.0,False,Qwen/Qwen2.5-Coder-14B-Instruct-AWQ,None
2806,Pie,Easy,2.7305,5.4611,2,0.0,0.0,0.0,0.0,0.0,0.0,0.0,0.0,0.0,0.0,1.0,0.0,0.0,False,Qwen/Qwen2.5-Coder-14B-Instruct-AWQ,None
2806,Pie,Easy,2.7305,5.4611,2,0.0,0.0,0.0,0.0,0.0,0.0,0.0,0.0,0.0,0.0,1.0,0.0,0.0,False,Qwen/Qwen2.5-Coder-14B-Instruct-AWQ,None
2806,Pie,Easy,2.7305,5.4611,2,0.0,0.0,0.0,0.0,0.0,0.0,0.0,0.0,0.0,0.0,1.0,0.0,0.0,False,Qwen/Qwen2.5-Coder-14B-Instruct-AWQ,None
2807,Bar,Easy,2.7919,8.3756,3,0.0,0.0,0.0,0.0,0.0,0.0,0.0,0.0,0.0,0.0,1.0,0.0,0.0,False,Qwen/Qwen2.5-Coder-14B-Instruct-AWQ,None
2807,Bar,Easy,2.7919,8.3756,3,0.0,0.0,0.0,0.0,0.0,0.0,0.0,0.0,0.0,0.0,1.0,0.0,0.0,False,Qwen/Qwen2.5-Coder-14B-Instruct-AWQ,None
2807,Bar,Easy,2.7919,8.3756,3,0.0,0.0,0.0,0.0,0.0,0.0,0.0,0.0,0.0,0.0,1.0,0.0,0.0,False,Qwen/Qwen2.5-Coder-14B-Instruct-AWQ,None
2808,Bar,Hard,6.3859,12.7719,2,0.0,0.0,0.0,0.0,1.0,0.0,0.0,0.0,0.0,1.0,0.0,,0.0,True,Qwen/Qwen2.5-Coder-14B-Instruct-AWQ,None
2808,Bar,Hard,6.3859,12.7719,2,0.0,0.0,0.0,0.0,1.0,0.0,0.0,0.0,0.0,1.0,0.0,,0.0,True,Qwen/Qwen2.5-Coder-14B-Instruct-AWQ,None
2808,Bar,Hard,6.3859,12.7719,2,0.0,0.0,0.0,0.0,1.0,0.0,0.0,0.0,0.0,1.0,0.0,,0.0,True,Qwen/Qwen2.5-Coder-14B-Instruct-AWQ,None
2809,Pie,Easy,2.6309,2.6309,1,0.0,0.0,0.0,0.0,0.0,0.0,0.0,0.0,0.0,0.0,1.0,0.0,0.0,False,Qwen/Qwen2.5-Coder-14B-Instruct-AWQ,None
2809,Pie,Easy,2.6309,2.6309,1,0.0,0.0,0.0,0.0,0.0,0.0,0.0,0.0,0.0,0.0,1.0,0.0,0.0,False,Qwen/Qwen2.5-Coder-14B-Instruct-AWQ,None
2809,Pie,Easy,2.6309,2.6309,1,0.0,0.0,0.0,0.0,0.0,0.0,0.0,0.0,0.0,0.0,1.0,0.0,0.0,False,Qwen/Qwen2.5-Coder-14B-Instruct-AWQ,None
2810,Bar,Easy,2.8139,5.6278,2,0.0,0.0,0.0,0.0,0.0,0.0,0.0,0.0,0.0,0.0,1.0,0.0,0.0,False,Qwen/Qwen2.5-Coder-14B-Instruct-AWQ,None
2810,Bar,Easy,2.8139,5.6278,2,0.0,0.0,0.0,0.0,0.0,0.0,0.0,0.0,0.0,0.0,1.0,0.0,0.0,False,Qwen/Qwen2.5-Coder-14B-Instruct-AWQ,None
2810,Bar,Easy,2.8139,5.6278,2,0.0,0.0,0.0,0.0,0.0,0.0,0.0,0.0,0.0,0.0,1.0,0.0,0.0,False,Qwen/Qwen2.5-Coder-14B-Instruct-AWQ,None
2817,Pie,Medium,4.6481,4.6481,1,0.0,0.0,0.0,0.0,1.0,0.0,0.0,0.0,0.0,1.0,0.0,,0.0,False,Qwen/Qwen2.5-Coder-14B-Instruct-AWQ,None
2817,Pie,Medium,4.6481,4.6481,1,0.0,0.0,0.0,0.0,1.0,0.0,0.0,0.0,0.0,1.0,0.0,,0.0,False,Qwen/Qwen2.5-Coder-14B-Instruct-AWQ,None
2817,Pie,Medium,4.6481,4.6481,1,0.0,0.0,0.0,0.0,1.0,0.0,0.0,0.0,0.0,1.0,0.0,,0.0,False,Qwen/Qwen2.5-Coder-14B-Instruct-AWQ,None
2818,Bar,Medium,5.9438,11.8876,2,0.0,0.0,0.0,0.0,0.0,0.0,0.0,0.0,0.0,0.0,1.0,0.0,0.0,False,Qwen/Qwen2.5-Coder-14B-Instruct-AWQ,None
2818,Bar,Medium,5.9438,11.8876,2,0.0,0.0,0.0,0.0,0.0,0.0,0.0,0.0,0.0,0.0,1.0,0.0,0.0,False,Qwen/Qwen2.5-Coder-14B-Instruct-AWQ,None
2818,Bar,Medium,5.9438,11.8876,2,0.0,0.0,0.0,0.0,0.0,0.0,0.0,0.0,0.0,0.0,1.0,0.0,0.0,False,Qwen/Qwen2.5-Coder-14B-Instruct-AWQ,None
2820,Bar,Easy,3.3324,19.9945,6,0.0,0.0,0.0,0.0,0.0,0.0,0.0,0.0,0.0,0.0,1.0,0.0,0.0,False,Qwen/Qwen2.5-Coder-14B-Instruct-AWQ,None
2820,Bar,Easy,3.3324,19.9945,6,0.0,0.0,0.0,0.0,0.0,0.0,0.0,0.0,0.0,0.0,1.0,0.0,0.0,False,Qwen/Qwen2.5-Coder-14B-Instruct-AWQ,None
2820,Bar,Easy,3.3324,19.9945,6,0.0,0.0,0.0,0.0,0.0,0.0,0.0,0.0,0.0,0.0,1.0,0.0,0.0,False,Qwen/Qwen2.5-Coder-14B-Instruct-AWQ,None
2822,Pie,Medium,6.6124,6.6124,1,0.0,0.0,0.0,0.0,1.0,0.0,0.0,0.0,0.0,1.0,0.0,,0.0,True,Qwen/Qwen2.5-Coder-14B-Instruct-AWQ,None
2822,Pie,Medium,6.6124,6.6124,1,0.0,0.0,0.0,0.0,1.0,0.0,0.0,0.0,0.0,1.0,0.0,,0.0,True,Qwen/Qwen2.5-Coder-14B-Instruct-AWQ,None
2822,Pie,Medium,6.6124,6.6124,1,0.0,0.0,0.0,0.0,1.0,0.0,0.0,0.0,0.0,1.0,0.0,,0.0,True,Qwen/Qwen2.5-Coder-14B-Instruct-AWQ,None
2830,Bar,Easy,2.7723,2.7723,1,0.0,0.0,0.0,0.0,0.0,0.0,0.0,0.0,0.0,0.0,1.0,0.0,0.0,False,Qwen/Qwen2.5-Coder-14B-Instruct-AWQ,None
2830,Bar,Easy,2.7723,2.7723,1,0.0,0.0,0.0,0.0,0.0,0.0,0.0,0.0,0.0,0.0,1.0,0.0,0.0,False,Qwen/Qwen2.5-Coder-14B-Instruct-AWQ,None
2830,Bar,Easy,2.7723,2.7723,1,0.0,0.0,0.0,0.0,0.0,0.0,0.0,0.0,0.0,0.0,1.0,0.0,0.0,False,Qwen/Qwen2.5-Coder-14B-Instruct-AWQ,None
2847,Pie,Extra Hard,5.9867,23.9468,4,0.0,0.0,0.0,0.0,0.0,0.0,0.0,0.0,0.0,0.0,1.0,0.0,0.0,True,Qwen/Qwen2.5-Coder-14B-Instruct-AWQ,None
2847,Pie,Extra Hard,5.9867,23.9468,4,0.0,0.0,0.0,0.0,0.0,0.0,0.0,0.0,0.0,0.0,1.0,0.0,0.0,True,Qwen/Qwen2.5-Coder-14B-Instruct-AWQ,None
2847,Pie,Extra Hard,5.9867,23.9468,4,0.0,0.0,0.0,0.0,0.0,0.0,0.0,0.0,0.0,0.0,1.0,0.0,0.0,True,Qwen/Qwen2.5-Coder-14B-Instruct-AWQ,None
2848,Bar,Extra Hard,5.8129,29.0647,5,0.0,0.0,0.0,0.0,0.0,0.0,0.0,0.0,0.0,0.0,1.0,0.0,0.0,True,Qwen/Qwen2.5-Coder-14B-Instruct-AWQ,None
2848,Bar,Extra Hard,5.8129,29.0647,5,0.0,0.0,0.0,0.0,0.0,0.0,0.0,0.0,0.0,0.0,1.0,0.0,0.0,True,Qwen/Qwen2.5-Coder-14B-Instruct-AWQ,None
2848,Bar,Extra Hard,5.8129,29.0647,5,0.0,0.0,0.0,0.0,0.0,0.0,0.0,0.0,0.0,0.0,1.0,0.0,0.0,True,Qwen/Qwen2.5-Coder-14B-Instruct-AWQ,None
2850,Bar,Hard,4.1168,8.2337,2,0.0,0.0,0.0,0.0,0.0,0.0,0.0,0.0,0.0,0.0,1.0,0.0,0.0,False,Qwen/Qwen2.5-Coder-14B-Instruct-AWQ,None
2850,Bar,Hard,4.1168,8.2337,2,0.0,0.0,0.0,0.0,0.0,0.0,0.0,0.0,0.0,0.0,1.0,0.0,0.0,False,Qwen/Qwen2.5-Coder-14B-Instruct-AWQ,None
2850,Bar,Hard,4.1168,8.2337,2,0.0,0.0,0.0,0.0,0.0,0.0,0.0,0.0,0.0,0.0,1.0,0.0,0.0,False,Qwen/Qwen2.5-Coder-14B-Instruct-AWQ,None
2851,Bar,Hard,3.921,3.921,1,0.0,0.0,0.0,0.0,0.0,0.0,0.0,0.0,0.0,0.0,1.0,0.0,0.0,False,Qwen/Qwen2.5-Coder-14B-Instruct-AWQ,None
2851,Bar,Hard,3.921,3.921,1,0.0,0.0,0.0,0.0,0.0,0.0,0.0,0.0,0.0,0.0,1.0,0.0,0.0,False,Qwen/Qwen2.5-Coder-14B-Instruct-AWQ,None
2851,Bar,Hard,3.921,3.921,1,0.0,0.0,0.0,0.0,0.0,0.0,0.0,0.0,0.0,0.0,1.0,0.0,0.0,False,Qwen/Qwen2.5-Coder-14B-Instruct-AWQ,None
2852,Bar,Extra Hard,6.4001,6.4001,1,0.0,0.0,0.0,0.0,1.0,0.0,0.0,0.0,0.0,1.0,0.0,,0.0,True,Qwen/Qwen2.5-Coder-14B-Instruct-AWQ,None
2852,Bar,Extra Hard,6.4001,6.4001,1,0.0,0.0,0.0,0.0,1.0,0.0,0.0,0.0,0.0,1.0,0.0,,0.0,True,Qwen/Qwen2.5-Coder-14B-Instruct-AWQ,None
2852,Bar,Extra Hard,6.4001,6.4001,1,0.0,0.0,0.0,0.0,1.0,0.0,0.0,0.0,0.0,1.0,0.0,,0.0,True,Qwen/Qwen2.5-Coder-14B-Instruct-AWQ,None
2857,Bar,Hard,5.3384,16.0152,3,0.0,0.0,0.0,0.0,0.0,0.0,0.0,0.0,0.0,0.0,1.0,0.0,0.0,False,Qwen/Qwen2.5-Coder-14B-Instruct-AWQ,None
2857,Bar,Hard,5.3384,16.0152,3,0.0,0.0,0.0,0.0,0.0,0.0,0.0,0.0,0.0,0.0,1.0,0.0,0.0,False,Qwen/Qwen2.5-Coder-14B-Instruct-AWQ,None
2857,Bar,Hard,5.3384,16.0152,3,0.0,0.0,0.0,0.0,0.0,0.0,0.0,0.0,0.0,0.0,1.0,0.0,0.0,False,Qwen/Qwen2.5-Coder-14B-Instruct-AWQ,None
2858,Pie,Medium,8.2161,24.6483,3,0.0,0.0,0.0,0.0,0.0,0.0,0.0,0.0,0.0,0.0,1.0,0.0,0.0,True,Qwen/Qwen2.5-Coder-14B-Instruct-AWQ,None
2858,Pie,Medium,8.2161,24.6483,3,0.0,0.0,0.0,0.0,0.0,0.0,0.0,0.0,0.0,0.0,1.0,0.0,0.0,True,Qwen/Qwen2.5-Coder-14B-Instruct-AWQ,None
2858,Pie,Medium,8.2161,24.6483,3,0.0,0.0,0.0,0.0,0.0,0.0,0.0,0.0,0.0,0.0,1.0,0.0,0.0,True,Qwen/Qwen2.5-Coder-14B-Instruct-AWQ,None
2861,Pie,Easy,3.2835,3.2835,1,0.0,0.0,0.0,0.0,0.0,0.0,0.0,0.0,0.0,0.0,1.0,0.0,0.0,False,Qwen/Qwen2.5-Coder-14B-Instruct-AWQ,None
2861,Pie,Easy,3.2835,3.2835,1,0.0,0.0,0.0,0.0,0.0,0.0,0.0,0.0,0.0,0.0,1.0,0.0,0.0,False,Qwen/Qwen2.5-Coder-14B-Instruct-AWQ,None
2861,Pie,Easy,3.2835,3.2835,1,0.0,0.0,0.0,0.0,0.0,0.0,0.0,0.0,0.0,0.0,1.0,0.0,0.0,False,Qwen/Qwen2.5-Coder-14B-Instruct-AWQ,None
2864,Pie,Medium,5.7891,28.9454,5,0.0,0.0,0.0,0.0,0.0,0.0,0.0,0.0,0.0,0.0,1.0,0.0,0.0,True,Qwen/Qwen2.5-Coder-14B-Instruct-AWQ,None
2864,Pie,Medium,5.7891,28.9454,5,0.0,0.0,0.0,0.0,0.0,0.0,0.0,0.0,0.0,0.0,1.0,0.0,0.0,True,Qwen/Qwen2.5-Coder-14B-Instruct-AWQ,None
2864,Pie,Medium,5.7891,28.9454,5,0.0,0.0,0.0,0.0,0.0,0.0,0.0,0.0,0.0,0.0,1.0,0.0,0.0,True,Qwen/Qwen2.5-Coder-14B-Instruct-AWQ,None
2866,Pie,Medium,5.7701,23.0803,4,0.0,0.0,0.0,0.25,0.0,0.0,0.0,0.0,0.0,0.25,0.75,0.0,0.0,True,Qwen/Qwen2.5-Coder-14B-Instruct-AWQ,None
2866,Pie,Medium,5.7701,23.0803,4,0.0,0.0,0.0,0.25,0.0,0.0,0.0,0.0,0.0,0.25,0.75,0.0,0.0,True,Qwen/Qwen2.5-Coder-14B-Instruct-AWQ,None
2866,Pie,Medium,5.7701,23.0803,4,0.0,0.0,0.0,0.25,0.0,0.0,0.0,0.0,0.0,0.25,0.75,0.0,0.0,True,Qwen/Qwen2.5-Coder-14B-Instruct-AWQ,None
2874,Scatter,Easy,2.8178,2.8178,1,0.0,0.0,0.0,0.0,0.0,0.0,0.0,0.0,0.0,0.0,1.0,0.0,0.0,False,Qwen/Qwen2.5-Coder-14B-Instruct-AWQ,None
2874,Scatter,Easy,2.8178,2.8178,1,0.0,0.0,0.0,0.0,0.0,0.0,0.0,0.0,0.0,0.0,1.0,0.0,0.0,False,Qwen/Qwen2.5-Coder-14B-Instruct-AWQ,None
2874,Scatter,Easy,2.8178,2.8178,1,0.0,0.0,0.0,0.0,0.0,0.0,0.0,0.0,0.0,0.0,1.0,0.0,0.0,False,Qwen/Qwen2.5-Coder-14B-Instruct-AWQ,None
2881,Pie,Easy,2.7386,5.4772,2,0.0,0.0,0.0,0.0,0.0,0.0,0.0,0.0,0.0,0.0,1.0,0.0,0.0,False,Qwen/Qwen2.5-Coder-14B-Instruct-AWQ,None
2881,Pie,Easy,2.7386,5.4772,2,0.0,0.0,0.0,0.0,0.0,0.0,0.0,0.0,0.0,0.0,1.0,0.0,0.0,False,Qwen/Qwen2.5-Coder-14B-Instruct-AWQ,None
2881,Pie,Easy,2.7386,5.4772,2,0.0,0.0,0.0,0.0,0.0,0.0,0.0,0.0,0.0,0.0,1.0,0.0,0.0,False,Qwen/Qwen2.5-Coder-14B-Instruct-AWQ,None
2885,Pie,Medium,13.1839,26.3678,2,0.5,0.0,0.0,0.0,0.0,0.0,0.0,0.0,0.5,0.0,0.5,0.0,0.0,True,Qwen/Qwen2.5-Coder-14B-Instruct-AWQ,None
2885,Pie,Medium,13.1839,26.3678,2,0.5,0.0,0.0,0.0,0.0,0.0,0.0,0.0,0.5,0.0,0.5,0.0,0.0,True,Qwen/Qwen2.5-Coder-14B-Instruct-AWQ,None
2885,Pie,Medium,13.1839,26.3678,2,0.5,0.0,0.0,0.0,0.0,0.0,0.0,0.0,0.5,0.0,0.5,0.0,0.0,True,Qwen/Qwen2.5-Coder-14B-Instruct-AWQ,None
2900,Bar,Medium,3.4306,3.4306,1,0.0,0.0,0.0,0.0,1.0,0.0,0.0,0.0,0.0,1.0,0.0,,0.0,False,Qwen/Qwen2.5-Coder-14B-Instruct-AWQ,None
2900,Bar,Medium,3.4306,3.4306,1,0.0,0.0,0.0,0.0,1.0,0.0,0.0,0.0,0.0,1.0,0.0,,0.0,False,Qwen/Qwen2.5-Coder-14B-Instruct-AWQ,None
2900,Bar,Medium,3.4306,3.4306,1,0.0,0.0,0.0,0.0,1.0,0.0,0.0,0.0,0.0,1.0,0.0,,0.0,False,Qwen/Qwen2.5-Coder-14B-Instruct-AWQ,None
2903,Bar,Hard,5.9427,11.8853,2,0.0,0.0,0.0,0.0,0.0,0.0,0.0,0.0,0.0,0.0,1.0,0.0,0.0,True,Qwen/Qwen2.5-Coder-14B-Instruct-AWQ,None
2903,Bar,Hard,5.9427,11.8853,2,0.0,0.0,0.0,0.0,0.0,0.0,0.0,0.0,0.0,0.0,1.0,0.0,0.0,True,Qwen/Qwen2.5-Coder-14B-Instruct-AWQ,None
2903,Bar,Hard,5.9427,11.8853,2,0.0,0.0,0.0,0.0,0.0,0.0,0.0,0.0,0.0,0.0,1.0,0.0,0.0,True,Qwen/Qwen2.5-Coder-14B-Instruct-AWQ,None
2928,Bar,Easy,2.988,14.9401,5,0.0,0.0,0.0,0.0,0.0,0.0,0.0,0.0,0.0,0.0,1.0,0.0,0.0,False,Qwen/Qwen2.5-Coder-14B-Instruct-AWQ,None
2928,Bar,Easy,2.988,14.9401,5,0.0,0.0,0.0,0.0,0.0,0.0,0.0,0.0,0.0,0.0,1.0,0.0,0.0,False,Qwen/Qwen2.5-Coder-14B-Instruct-AWQ,None
2928,Bar,Easy,2.988,14.9401,5,0.0,0.0,0.0,0.0,0.0,0.0,0.0,0.0,0.0,0.0,1.0,0.0,0.0,False,Qwen/Qwen2.5-Coder-14B-Instruct-AWQ,None
2930,Pie,Hard,11.2764,22.5528,2,0.0,0.0,0.0,0.0,0.5,0.0,0.0,0.0,0.0,0.5,0.5,0.0,0.0,True,Qwen/Qwen2.5-Coder-14B-Instruct-AWQ,None
2930,Pie,Hard,11.2764,22.5528,2,0.0,0.0,0.0,0.0,0.5,0.0,0.0,0.0,0.0,0.5,0.5,0.0,0.0,True,Qwen/Qwen2.5-Coder-14B-Instruct-AWQ,None
2930,Pie,Hard,11.2764,22.5528,2,0.0,0.0,0.0,0.0,0.5,0.0,0.0,0.0,0.0,0.5,0.5,0.0,0.0,True,Qwen/Qwen2.5-Coder-14B-Instruct-AWQ,None
2932,Pie,Medium,7.3366,14.6731,2,0.0,0.0,0.0,0.0,0.5,0.0,0.0,0.0,0.0,0.5,0.5,0.0,0.0,True,Qwen/Qwen2.5-Coder-14B-Instruct-AWQ,None
2932,Pie,Medium,7.3366,14.6731,2,0.0,0.0,0.0,0.0,0.5,0.0,0.0,0.0,0.0,0.5,0.5,0.0,0.0,True,Qwen/Qwen2.5-Coder-14B-Instruct-AWQ,None
2932,Pie,Medium,7.3366,14.6731,2,0.0,0.0,0.0,0.0,0.5,0.0,0.0,0.0,0.0,0.5,0.5,0.0,0.0,True,Qwen/Qwen2.5-Coder-14B-Instruct-AWQ,None
2934,Pie,Medium,6.725,6.725,1,0.0,0.0,0.0,0.0,0.0,0.0,0.0,0.0,0.0,0.0,1.0,0.0,0.0,True,Qwen/Qwen2.5-Coder-14B-Instruct-AWQ,None
2934,Pie,Medium,6.725,6.725,1,0.0,0.0,0.0,0.0,0.0,0.0,0.0,0.0,0.0,0.0,1.0,0.0,0.0,True,Qwen/Qwen2.5-Coder-14B-Instruct-AWQ,None
2934,Pie,Medium,6.725,6.725,1,0.0,0.0,0.0,0.0,0.0,0.0,0.0,0.0,0.0,0.0,1.0,0.0,0.0,True,Qwen/Qwen2.5-Coder-14B-Instruct-AWQ,None
2941,Bar,Easy,2.323,2.323,1,0.0,0.0,0.0,0.0,0.0,0.0,0.0,0.0,0.0,0.0,1.0,0.0,0.0,False,Qwen/Qwen2.5-Coder-14B-Instruct-AWQ,None
2941,Bar,Easy,2.323,2.323,1,0.0,0.0,0.0,0.0,0.0,0.0,0.0,0.0,0.0,0.0,1.0,0.0,0.0,False,Qwen/Qwen2.5-Coder-14B-Instruct-AWQ,None
2941,Bar,Easy,2.323,2.323,1,0.0,0.0,0.0,0.0,0.0,0.0,0.0,0.0,0.0,0.0,1.0,0.0,0.0,False,Qwen/Qwen2.5-Coder-14B-Instruct-AWQ,None
2958,Pie,Medium,4.5969,18.3877,4,0.0,0.0,0.0,0.0,0.75,0.0,0.0,0.0,0.0,0.75,0.25,0.0,0.0,True,Qwen/Qwen2.5-Coder-14B-Instruct-AWQ,None
2958,Pie,Medium,4.5969,18.3877,4,0.0,0.0,0.0,0.0,0.75,0.0,0.0,0.0,0.0,0.75,0.25,0.0,0.0,True,Qwen/Qwen2.5-Coder-14B-Instruct-AWQ,None
2958,Pie,Medium,4.5969,18.3877,4,0.0,0.0,0.0,0.0,0.75,0.0,0.0,0.0,0.0,0.75,0.25,0.0,0.0,True,Qwen/Qwen2.5-Coder-14B-Instruct-AWQ,None
2960,Bar,Medium,3.4029,6.8057,2,0.0,0.0,0.0,0.0,0.0,0.5,0.0,0.0,0.0,0.5,0.5,0.0,0.0,False,Qwen/Qwen2.5-Coder-14B-Instruct-AWQ,None
2960,Bar,Medium,3.4029,6.8057,2,0.0,0.0,0.0,0.0,0.0,0.5,0.0,0.0,0.0,0.5,0.5,0.0,0.0,False,Qwen/Qwen2.5-Coder-14B-Instruct-AWQ,None
2960,Bar,Medium,3.4029,6.8057,2,0.0,0.0,0.0,0.0,0.0,0.5,0.0,0.0,0.0,0.5,0.5,0.0,0.0,False,Qwen/Qwen2.5-Coder-14B-Instruct-AWQ,None
2962,Bar,Easy,4.4475,4.4475,1,0.0,0.0,0.0,0.0,0.0,0.0,0.0,0.0,0.0,0.0,1.0,0.0,0.0,False,Qwen/Qwen2.5-Coder-14B-Instruct-AWQ,None
2962,Bar,Easy,4.4475,4.4475,1,0.0,0.0,0.0,0.0,0.0,0.0,0.0,0.0,0.0,0.0,1.0,0.0,0.0,False,Qwen/Qwen2.5-Coder-14B-Instruct-AWQ,None
2962,Bar,Easy,4.4475,4.4475,1,0.0,0.0,0.0,0.0,0.0,0.0,0.0,0.0,0.0,0.0,1.0,0.0,0.0,False,Qwen/Qwen2.5-Coder-14B-Instruct-AWQ,None
2963,Bar,Easy,4.2638,4.2638,1,0.0,0.0,0.0,0.0,0.0,0.0,0.0,0.0,0.0,0.0,1.0,0.0,0.0,False,Qwen/Qwen2.5-Coder-14B-Instruct-AWQ,None
2963,Bar,Easy,4.2638,4.2638,1,0.0,0.0,0.0,0.0,0.0,0.0,0.0,0.0,0.0,0.0,1.0,0.0,0.0,False,Qwen/Qwen2.5-Coder-14B-Instruct-AWQ,None
2963,Bar,Easy,4.2638,4.2638,1,0.0,0.0,0.0,0.0,0.0,0.0,0.0,0.0,0.0,0.0,1.0,0.0,0.0,False,Qwen/Qwen2.5-Coder-14B-Instruct-AWQ,None
2969,Bar,Medium,5.3824,10.7649,2,0.0,0.0,0.0,0.0,0.0,0.0,0.0,0.0,0.0,0.0,1.0,0.0,0.0,True,Qwen/Qwen2.5-Coder-14B-Instruct-AWQ,None
2969,Bar,Medium,5.3824,10.7649,2,0.0,0.0,0.0,0.0,0.0,0.0,0.0,0.0,0.0,0.0,1.0,0.0,0.0,True,Qwen/Qwen2.5-Coder-14B-Instruct-AWQ,None
2969,Bar,Medium,5.3824,10.7649,2,0.0,0.0,0.0,0.0,0.0,0.0,0.0,0.0,0.0,0.0,1.0,0.0,0.0,True,Qwen/Qwen2.5-Coder-14B-Instruct-AWQ,None
2971,Pie,Medium,4.906,9.8119,2,0.0,0.0,0.0,0.0,0.0,0.0,0.0,0.0,0.0,0.0,1.0,0.0,0.0,True,Qwen/Qwen2.5-Coder-14B-Instruct-AWQ,None
2971,Pie,Medium,4.906,9.8119,2,0.0,0.0,0.0,0.0,0.0,0.0,0.0,0.0,0.0,0.0,1.0,0.0,0.0,True,Qwen/Qwen2.5-Coder-14B-Instruct-AWQ,None
2971,Pie,Medium,4.906,9.8119,2,0.0,0.0,0.0,0.0,0.0,0.0,0.0,0.0,0.0,0.0,1.0,0.0,0.0,True,Qwen/Qwen2.5-Coder-14B-Instruct-AWQ,None
2972,Pie,Medium,9.3641,9.3641,1,0.0,0.0,0.0,0.0,0.0,0.0,0.0,0.0,0.0,0.0,1.0,0.0,0.0,True,Qwen/Qwen2.5-Coder-14B-Instruct-AWQ,None
2972,Pie,Medium,9.3641,9.3641,1,0.0,0.0,0.0,0.0,0.0,0.0,0.0,0.0,0.0,0.0,1.0,0.0,0.0,True,Qwen/Qwen2.5-Coder-14B-Instruct-AWQ,None
2972,Pie,Medium,9.3641,9.3641,1,0.0,0.0,0.0,0.0,0.0,0.0,0.0,0.0,0.0,0.0,1.0,0.0,0.0,True,Qwen/Qwen2.5-Coder-14B-Instruct-AWQ,None
2973,Bar,Medium,8.9519,8.9519,1,0.0,0.0,0.0,0.0,0.0,0.0,0.0,0.0,0.0,0.0,1.0,0.0,0.0,True,Qwen/Qwen2.5-Coder-14B-Instruct-AWQ,None
2973,Bar,Medium,8.9519,8.9519,1,0.0,0.0,0.0,0.0,0.0,0.0,0.0,0.0,0.0,0.0,1.0,0.0,0.0,True,Qwen/Qwen2.5-Coder-14B-Instruct-AWQ,None
2973,Bar,Medium,8.9519,8.9519,1,0.0,0.0,0.0,0.0,0.0,0.0,0.0,0.0,0.0,0.0,1.0,0.0,0.0,True,Qwen/Qwen2.5-Coder-14B-Instruct-AWQ,None
2979,Bar,Hard,6.1722,6.1722,1,0.0,0.0,0.0,0.0,0.0,0.0,0.0,0.0,0.0,0.0,1.0,0.0,0.0,True,Qwen/Qwen2.5-Coder-14B-Instruct-AWQ,None
2979,Bar,Hard,6.1722,6.1722,1,0.0,0.0,0.0,0.0,0.0,0.0,0.0,0.0,0.0,0.0,1.0,0.0,0.0,True,Qwen/Qwen2.5-Coder-14B-Instruct-AWQ,None
2979,Bar,Hard,6.1722,6.1722,1,0.0,0.0,0.0,0.0,0.0,0.0,0.0,0.0,0.0,0.0,1.0,0.0,0.0,True,Qwen/Qwen2.5-Coder-14B-Instruct-AWQ,None
2980,Pie,Hard,6.1526,12.3053,2,0.0,0.0,0.0,0.0,0.0,0.0,0.0,0.0,0.0,0.0,1.0,0.0,0.0,True,Qwen/Qwen2.5-Coder-14B-Instruct-AWQ,None
2980,Pie,Hard,6.1526,12.3053,2,0.0,0.0,0.0,0.0,0.0,0.0,0.0,0.0,0.0,0.0,1.0,0.0,0.0,True,Qwen/Qwen2.5-Coder-14B-Instruct-AWQ,None
2980,Pie,Hard,6.1526,12.3053,2,0.0,0.0,0.0,0.0,0.0,0.0,0.0,0.0,0.0,0.0,1.0,0.0,0.0,True,Qwen/Qwen2.5-Coder-14B-Instruct-AWQ,None
2998,Bar,Hard,5.3361,10.6722,2,0.0,0.0,0.0,0.0,0.0,0.0,0.0,0.0,0.0,0.0,1.0,0.0,0.0,False,Qwen/Qwen2.5-Coder-14B-Instruct-AWQ,None
2998,Bar,Hard,5.3361,10.6722,2,0.0,0.0,0.0,0.0,0.0,0.0,0.0,0.0,0.0,0.0,1.0,0.0,0.0,False,Qwen/Qwen2.5-Coder-14B-Instruct-AWQ,None
2998,Bar,Hard,5.3361,10.6722,2,0.0,0.0,0.0,0.0,0.0,0.0,0.0,0.0,0.0,0.0,1.0,0.0,0.0,False,Qwen/Qwen2.5-Coder-14B-Instruct-AWQ,None
3004,Pie,Easy,3.5697,10.7092,3,0.0,0.0,0.0,0.0,0.0,0.0,0.0,0.0,0.0,0.0,1.0,0.0,0.0,False,Qwen/Qwen2.5-Coder-14B-Instruct-AWQ,None
3004,Pie,Easy,3.5697,10.7092,3,0.0,0.0,0.0,0.0,0.0,0.0,0.0,0.0,0.0,0.0,1.0,0.0,0.0,False,Qwen/Qwen2.5-Coder-14B-Instruct-AWQ,None
3004,Pie,Easy,3.5697,10.7092,3,0.0,0.0,0.0,0.0,0.0,0.0,0.0,0.0,0.0,0.0,1.0,0.0,0.0,False,Qwen/Qwen2.5-Coder-14B-Instruct-AWQ,None
3009,Bar,Easy,4.3776,4.3776,1,0.0,0.0,0.0,0.0,0.0,0.0,0.0,0.0,0.0,0.0,1.0,0.0,0.0,False,Qwen/Qwen2.5-Coder-14B-Instruct-AWQ,None
3009,Bar,Easy,4.3776,4.3776,1,0.0,0.0,0.0,0.0,0.0,0.0,0.0,0.0,0.0,0.0,1.0,0.0,0.0,False,Qwen/Qwen2.5-Coder-14B-Instruct-AWQ,None
3009,Bar,Easy,4.3776,4.3776,1,0.0,0.0,0.0,0.0,0.0,0.0,0.0,0.0,0.0,0.0,1.0,0.0,0.0,False,Qwen/Qwen2.5-Coder-14B-Instruct-AWQ,None
3021,Pie,Hard,5.9482,11.8965,2,0.0,0.0,0.0,0.0,0.0,0.0,0.0,0.0,0.0,0.0,1.0,0.0,0.0,True,Qwen/Qwen2.5-Coder-14B-Instruct-AWQ,None
3021,Pie,Hard,5.9482,11.8965,2,0.0,0.0,0.0,0.0,0.0,0.0,0.0,0.0,0.0,0.0,1.0,0.0,0.0,True,Qwen/Qwen2.5-Coder-14B-Instruct-AWQ,None
3021,Pie,Hard,5.9482,11.8965,2,0.0,0.0,0.0,0.0,0.0,0.0,0.0,0.0,0.0,0.0,1.0,0.0,0.0,True,Qwen/Qwen2.5-Coder-14B-Instruct-AWQ,None
3046,Bar,Easy,3.5713,10.7138,3,0.0,0.0,0.0,0.0,0.0,0.0,0.0,0.0,0.0,0.0,1.0,0.0,0.0,False,Qwen/Qwen2.5-Coder-14B-Instruct-AWQ,None
3046,Bar,Easy,3.5713,10.7138,3,0.0,0.0,0.0,0.0,0.0,0.0,0.0,0.0,0.0,0.0,1.0,0.0,0.0,False,Qwen/Qwen2.5-Coder-14B-Instruct-AWQ,None
3046,Bar,Easy,3.5713,10.7138,3,0.0,0.0,0.0,0.0,0.0,0.0,0.0,0.0,0.0,0.0,1.0,0.0,0.0,False,Qwen/Qwen2.5-Coder-14B-Instruct-AWQ,None
3047,Pie,Easy,2.611,5.222,2,0.0,0.0,0.0,0.0,0.0,0.0,0.0,0.0,0.0,0.0,1.0,0.0,0.0,False,Qwen/Qwen2.5-Coder-14B-Instruct-AWQ,None
3047,Pie,Easy,2.611,5.222,2,0.0,0.0,0.0,0.0,0.0,0.0,0.0,0.0,0.0,0.0,1.0,0.0,0.0,False,Qwen/Qwen2.5-Coder-14B-Instruct-AWQ,None
3047,Pie,Easy,2.611,5.222,2,0.0,0.0,0.0,0.0,0.0,0.0,0.0,0.0,0.0,0.0,1.0,0.0,0.0,False,Qwen/Qwen2.5-Coder-14B-Instruct-AWQ,None
3051,Pie,Easy,3.5275,10.5826,3,0.0,0.0,0.0,0.0,0.3333333333333333,0.0,0.0,0.0,0.0,0.3333333333333333,0.6666666666666666,0.0,0.0,False,Qwen/Qwen2.5-Coder-14B-Instruct-AWQ,None
3051,Pie,Easy,3.5275,10.5826,3,0.0,0.0,0.0,0.0,0.3333333333333333,0.0,0.0,0.0,0.0,0.3333333333333333,0.6666666666666666,0.0,0.0,False,Qwen/Qwen2.5-Coder-14B-Instruct-AWQ,None
3051,Pie,Easy,3.5275,10.5826,3,0.0,0.0,0.0,0.0,0.3333333333333333,0.0,0.0,0.0,0.0,0.3333333333333333,0.6666666666666666,0.0,0.0,False,Qwen/Qwen2.5-Coder-14B-Instruct-AWQ,None
3054,Pie,Easy,3.8761,7.7523,2,0.0,0.0,0.0,0.0,0.5,0.0,0.0,0.0,0.0,0.5,0.5,0.0,0.0,False,Qwen/Qwen2.5-Coder-14B-Instruct-AWQ,None
3054,Pie,Easy,3.8761,7.7523,2,0.0,0.0,0.0,0.0,0.5,0.0,0.0,0.0,0.0,0.5,0.5,0.0,0.0,False,Qwen/Qwen2.5-Coder-14B-Instruct-AWQ,None
3054,Pie,Easy,3.8761,7.7523,2,0.0,0.0,0.0,0.0,0.5,0.0,0.0,0.0,0.0,0.5,0.5,0.0,0.0,False,Qwen/Qwen2.5-Coder-14B-Instruct-AWQ,None
3056,Grouping Scatter,Medium,9.3885,9.3885,1,0.0,0.0,0.0,0.0,1.0,0.0,0.0,0.0,0.0,1.0,0.0,,0.0,False,Qwen/Qwen2.5-Coder-14B-Instruct-AWQ,None
3056,Grouping Scatter,Medium,9.3885,9.3885,1,0.0,0.0,0.0,0.0,1.0,0.0,0.0,0.0,0.0,1.0,0.0,,0.0,False,Qwen/Qwen2.5-Coder-14B-Instruct-AWQ,None
3056,Grouping Scatter,Medium,9.3885,9.3885,1,0.0,0.0,0.0,0.0,1.0,0.0,0.0,0.0,0.0,1.0,0.0,,0.0,False,Qwen/Qwen2.5-Coder-14B-Instruct-AWQ,None
3063,Pie,Medium,6.5357,19.607,3,0.0,0.0,0.0,0.0,1.0,0.0,0.0,0.0,0.0,1.0,0.0,,0.0,False,Qwen/Qwen2.5-Coder-14B-Instruct-AWQ,None
3063,Pie,Medium,6.5357,19.607,3,0.0,0.0,0.0,0.0,1.0,0.0,0.0,0.0,0.0,1.0,0.0,,0.0,False,Qwen/Qwen2.5-Coder-14B-Instruct-AWQ,None
3063,Pie,Medium,6.5357,19.607,3,0.0,0.0,0.0,0.0,1.0,0.0,0.0,0.0,0.0,1.0,0.0,,0.0,False,Qwen/Qwen2.5-Coder-14B-Instruct-AWQ,None
3064,Bar,Medium,6.4187,19.256,3,0.0,0.0,0.0,0.0,0.0,0.0,0.0,0.0,0.0,0.0,1.0,0.0,0.0,False,Qwen/Qwen2.5-Coder-14B-Instruct-AWQ,None
3064,Bar,Medium,6.4187,19.256,3,0.0,0.0,0.0,0.0,0.0,0.0,0.0,0.0,0.0,0.0,1.0,0.0,0.0,False,Qwen/Qwen2.5-Coder-14B-Instruct-AWQ,None
3064,Bar,Medium,6.4187,19.256,3,0.0,0.0,0.0,0.0,0.0,0.0,0.0,0.0,0.0,0.0,1.0,0.0,0.0,False,Qwen/Qwen2.5-Coder-14B-Instruct-AWQ,None
3067,Bar,Easy,4.7095,4.7095,1,0.0,0.0,0.0,0.0,1.0,0.0,0.0,0.0,0.0,1.0,0.0,,0.0,False,Qwen/Qwen2.5-Coder-14B-Instruct-AWQ,None
3067,Bar,Easy,4.7095,4.7095,1,0.0,0.0,0.0,0.0,1.0,0.0,0.0,0.0,0.0,1.0,0.0,,0.0,False,Qwen/Qwen2.5-Coder-14B-Instruct-AWQ,None
3067,Bar,Easy,4.7095,4.7095,1,0.0,0.0,0.0,0.0,1.0,0.0,0.0,0.0,0.0,1.0,0.0,,0.0,False,Qwen/Qwen2.5-Coder-14B-Instruct-AWQ,None
3068,Pie,Medium,5.7816,5.7816,1,0.0,0.0,0.0,0.0,0.0,0.0,0.0,0.0,0.0,0.0,1.0,0.0,0.0,True,Qwen/Qwen2.5-Coder-14B-Instruct-AWQ,None
3068,Pie,Medium,5.7816,5.7816,1,0.0,0.0,0.0,0.0,0.0,0.0,0.0,0.0,0.0,0.0,1.0,0.0,0.0,True,Qwen/Qwen2.5-Coder-14B-Instruct-AWQ,None
3068,Pie,Medium,5.7816,5.7816,1,0.0,0.0,0.0,0.0,0.0,0.0,0.0,0.0,0.0,0.0,1.0,0.0,0.0,True,Qwen/Qwen2.5-Coder-14B-Instruct-AWQ,None
3070,Pie,Easy,3.8932,15.5727,4,0.0,0.0,0.0,0.0,0.25,0.0,0.0,0.0,0.0,0.25,0.75,0.0,0.0,False,Qwen/Qwen2.5-Coder-14B-Instruct-AWQ,None
3070,Pie,Easy,3.8932,15.5727,4,0.0,0.0,0.0,0.0,0.25,0.0,0.0,0.0,0.0,0.25,0.75,0.0,0.0,False,Qwen/Qwen2.5-Coder-14B-Instruct-AWQ,None
3070,Pie,Easy,3.8932,15.5727,4,0.0,0.0,0.0,0.0,0.25,0.0,0.0,0.0,0.0,0.25,0.75,0.0,0.0,False,Qwen/Qwen2.5-Coder-14B-Instruct-AWQ,None
3079,Grouping Scatter,Easy,10.4581,20.9162,2,0.0,0.0,0.0,0.0,1.0,0.0,0.0,0.0,0.0,1.0,0.0,,0.0,False,Qwen/Qwen2.5-Coder-14B-Instruct-AWQ,None
3079,Grouping Scatter,Easy,10.4581,20.9162,2,0.0,0.0,0.0,0.0,1.0,0.0,0.0,0.0,0.0,1.0,0.0,,0.0,False,Qwen/Qwen2.5-Coder-14B-Instruct-AWQ,None
3079,Grouping Scatter,Easy,10.4581,20.9162,2,0.0,0.0,0.0,0.0,1.0,0.0,0.0,0.0,0.0,1.0,0.0,,0.0,False,Qwen/Qwen2.5-Coder-14B-Instruct-AWQ,None
3085,Grouping Scatter,Easy,14.8456,29.6912,2,1.0,0.0,0.0,0.0,0.0,0.0,0.0,0.0,1.0,0.0,0.0,,0.0,False,Qwen/Qwen2.5-Coder-14B-Instruct-AWQ,None
3085,Grouping Scatter,Easy,14.8456,29.6912,2,1.0,0.0,0.0,0.0,0.0,0.0,0.0,0.0,1.0,0.0,0.0,,0.0,False,Qwen/Qwen2.5-Coder-14B-Instruct-AWQ,None
3085,Grouping Scatter,Easy,14.8456,29.6912,2,1.0,0.0,0.0,0.0,0.0,0.0,0.0,0.0,1.0,0.0,0.0,,0.0,False,Qwen/Qwen2.5-Coder-14B-Instruct-AWQ,None
3097,Grouping Scatter,Easy,14.7381,14.7381,1,1.0,0.0,0.0,0.0,0.0,0.0,0.0,0.0,1.0,0.0,0.0,,0.0,False,Qwen/Qwen2.5-Coder-14B-Instruct-AWQ,None
3097,Grouping Scatter,Easy,14.7381,14.7381,1,1.0,0.0,0.0,0.0,0.0,0.0,0.0,0.0,1.0,0.0,0.0,,0.0,False,Qwen/Qwen2.5-Coder-14B-Instruct-AWQ,None
3097,Grouping Scatter,Easy,14.7381,14.7381,1,1.0,0.0,0.0,0.0,0.0,0.0,0.0,0.0,1.0,0.0,0.0,,0.0,False,Qwen/Qwen2.5-Coder-14B-Instruct-AWQ,None
3121,Scatter,Easy,3.9793,15.9171,4,0.0,0.0,0.0,0.0,0.0,0.0,0.0,0.0,0.0,0.0,1.0,0.0,0.0,False,Qwen/Qwen2.5-Coder-14B-Instruct-AWQ,None
3121,Scatter,Easy,3.9793,15.9171,4,0.0,0.0,0.0,0.0,0.0,0.0,0.0,0.0,0.0,0.0,1.0,0.0,0.0,False,Qwen/Qwen2.5-Coder-14B-Instruct-AWQ,None
3121,Scatter,Easy,3.9793,15.9171,4,0.0,0.0,0.0,0.0,0.0,0.0,0.0,0.0,0.0,0.0,1.0,0.0,0.0,False,Qwen/Qwen2.5-Coder-14B-Instruct-AWQ,None
3139,Pie,Easy,4.5912,4.5912,1,0.0,0.0,0.0,0.0,1.0,0.0,0.0,0.0,0.0,1.0,0.0,,0.0,False,Qwen/Qwen2.5-Coder-14B-Instruct-AWQ,None
3139,Pie,Easy,4.5912,4.5912,1,0.0,0.0,0.0,0.0,1.0,0.0,0.0,0.0,0.0,1.0,0.0,,0.0,False,Qwen/Qwen2.5-Coder-14B-Instruct-AWQ,None
3139,Pie,Easy,4.5912,4.5912,1,0.0,0.0,0.0,0.0,1.0,0.0,0.0,0.0,0.0,1.0,0.0,,0.0,False,Qwen/Qwen2.5-Coder-14B-Instruct-AWQ,None
3150,Pie,Easy,9.8452,19.6903,2,0.5,0.0,0.0,0.0,0.0,0.0,0.0,0.0,0.5,0.0,0.5,0.0,0.0,False,Qwen/Qwen2.5-Coder-14B-Instruct-AWQ,None
3150,Pie,Easy,9.8452,19.6903,2,0.5,0.0,0.0,0.0,0.0,0.0,0.0,0.0,0.5,0.0,0.5,0.0,0.0,False,Qwen/Qwen2.5-Coder-14B-Instruct-AWQ,None
3150,Pie,Easy,9.8452,19.6903,2,0.5,0.0,0.0,0.0,0.0,0.0,0.0,0.0,0.5,0.0,0.5,0.0,0.0,False,Qwen/Qwen2.5-Coder-14B-Instruct-AWQ,None
3165,Grouping Scatter,Easy,11.274,11.274,1,0.0,0.0,0.0,0.0,0.0,0.0,0.0,0.0,0.0,0.0,1.0,0.0,0.0,False,Qwen/Qwen2.5-Coder-14B-Instruct-AWQ,None
3165,Grouping Scatter,Easy,11.274,11.274,1,0.0,0.0,0.0,0.0,0.0,0.0,0.0,0.0,0.0,0.0,1.0,0.0,0.0,False,Qwen/Qwen2.5-Coder-14B-Instruct-AWQ,None
3165,Grouping Scatter,Easy,11.274,11.274,1,0.0,0.0,0.0,0.0,0.0,0.0,0.0,0.0,0.0,0.0,1.0,0.0,0.0,False,Qwen/Qwen2.5-Coder-14B-Instruct-AWQ,None
3171,Grouping Scatter,Easy,13.1536,13.1536,1,1.0,0.0,0.0,0.0,0.0,0.0,0.0,0.0,1.0,0.0,0.0,,0.0,False,Qwen/Qwen2.5-Coder-14B-Instruct-AWQ,None
3171,Grouping Scatter,Easy,13.1536,13.1536,1,1.0,0.0,0.0,0.0,0.0,0.0,0.0,0.0,1.0,0.0,0.0,,0.0,False,Qwen/Qwen2.5-Coder-14B-Instruct-AWQ,None
3171,Grouping Scatter,Easy,13.1536,13.1536,1,1.0,0.0,0.0,0.0,0.0,0.0,0.0,0.0,1.0,0.0,0.0,,0.0,False,Qwen/Qwen2.5-Coder-14B-Instruct-AWQ,None
3177,Grouping Scatter,Easy,8.7639,8.7639,1,0.0,0.0,0.0,0.0,0.0,0.0,0.0,0.0,0.0,0.0,1.0,0.0,0.0,False,Qwen/Qwen2.5-Coder-14B-Instruct-AWQ,None
3177,Grouping Scatter,Easy,8.7639,8.7639,1,0.0,0.0,0.0,0.0,0.0,0.0,0.0,0.0,0.0,0.0,1.0,0.0,0.0,False,Qwen/Qwen2.5-Coder-14B-Instruct-AWQ,None
3177,Grouping Scatter,Easy,8.7639,8.7639,1,0.0,0.0,0.0,0.0,0.0,0.0,0.0,0.0,0.0,0.0,1.0,0.0,0.0,False,Qwen/Qwen2.5-Coder-14B-Instruct-AWQ,None
3198,Pie,Easy,3.1099,3.1099,1,0.0,0.0,0.0,0.0,0.0,0.0,0.0,0.0,0.0,0.0,1.0,0.0,0.0,False,Qwen/Qwen2.5-Coder-14B-Instruct-AWQ,None
3198,Pie,Easy,3.1099,3.1099,1,0.0,0.0,0.0,0.0,0.0,0.0,0.0,0.0,0.0,0.0,1.0,0.0,0.0,False,Qwen/Qwen2.5-Coder-14B-Instruct-AWQ,None
3198,Pie,Easy,3.1099,3.1099,1,0.0,0.0,0.0,0.0,0.0,0.0,0.0,0.0,0.0,0.0,1.0,0.0,0.0,False,Qwen/Qwen2.5-Coder-14B-Instruct-AWQ,None
3207,Bar,Easy,5.3227,10.6454,2,0.0,0.0,0.0,1.0,1.0,0.0,0.0,0.0,0.0,1.0,0.0,,0.0,False,Qwen/Qwen2.5-Coder-14B-Instruct-AWQ,None
3207,Bar,Easy,5.3227,10.6454,2,0.0,0.0,0.0,1.0,1.0,0.0,0.0,0.0,0.0,1.0,0.0,,0.0,False,Qwen/Qwen2.5-Coder-14B-Instruct-AWQ,None
3207,Bar,Easy,5.3227,10.6454,2,0.0,0.0,0.0,1.0,1.0,0.0,0.0,0.0,0.0,1.0,0.0,,0.0,False,Qwen/Qwen2.5-Coder-14B-Instruct-AWQ,None
3213,Pie,Medium,5.8065,5.8065,1,0.0,0.0,0.0,0.0,0.0,0.0,0.0,0.0,0.0,0.0,1.0,0.0,0.0,False,Qwen/Qwen2.5-Coder-14B-Instruct-AWQ,None
3213,Pie,Medium,5.8065,5.8065,1,0.0,0.0,0.0,0.0,0.0,0.0,0.0,0.0,0.0,0.0,1.0,0.0,0.0,False,Qwen/Qwen2.5-Coder-14B-Instruct-AWQ,None
3213,Pie,Medium,5.8065,5.8065,1,0.0,0.0,0.0,0.0,0.0,0.0,0.0,0.0,0.0,0.0,1.0,0.0,0.0,False,Qwen/Qwen2.5-Coder-14B-Instruct-AWQ,None
3215,Pie,Easy,2.7952,5.5905,2,0.0,0.0,0.0,0.0,1.0,0.0,0.0,0.0,0.0,1.0,0.0,,0.0,False,Qwen/Qwen2.5-Coder-14B-Instruct-AWQ,None
3215,Pie,Easy,2.7952,5.5905,2,0.0,0.0,0.0,0.0,1.0,0.0,0.0,0.0,0.0,1.0,0.0,,0.0,False,Qwen/Qwen2.5-Coder-14B-Instruct-AWQ,None
3215,Pie,Easy,2.7952,5.5905,2,0.0,0.0,0.0,0.0,1.0,0.0,0.0,0.0,0.0,1.0,0.0,,0.0,False,Qwen/Qwen2.5-Coder-14B-Instruct-AWQ,None
3222,Bar,Hard,8.1814,8.1814,1,0.0,0.0,0.0,0.0,0.0,0.0,0.0,0.0,0.0,0.0,1.0,0.0,0.0,False,Qwen/Qwen2.5-Coder-14B-Instruct-AWQ,None
3222,Bar,Hard,8.1814,8.1814,1,0.0,0.0,0.0,0.0,0.0,0.0,0.0,0.0,0.0,0.0,1.0,0.0,0.0,False,Qwen/Qwen2.5-Coder-14B-Instruct-AWQ,None
3222,Bar,Hard,8.1814,8.1814,1,0.0,0.0,0.0,0.0,0.0,0.0,0.0,0.0,0.0,0.0,1.0,0.0,0.0,False,Qwen/Qwen2.5-Coder-14B-Instruct-AWQ,None
3227,Stacked Bar,Extra Hard,5.9527,5.9527,1,0.0,0.0,0.0,1.0,1.0,0.0,0.0,0.0,0.0,1.0,0.0,,0.0,False,Qwen/Qwen2.5-Coder-14B-Instruct-AWQ,None
3227,Stacked Bar,Extra Hard,5.9527,5.9527,1,0.0,0.0,0.0,1.0,1.0,0.0,0.0,0.0,0.0,1.0,0.0,,0.0,False,Qwen/Qwen2.5-Coder-14B-Instruct-AWQ,None
3227,Stacked Bar,Extra Hard,5.9527,5.9527,1,0.0,0.0,0.0,1.0,1.0,0.0,0.0,0.0,0.0,1.0,0.0,,0.0,False,Qwen/Qwen2.5-Coder-14B-Instruct-AWQ,None
3229,Bar,Hard,4.3885,13.1656,3,0.0,0.0,0.0,0.0,0.0,0.0,0.0,0.0,0.0,0.0,1.0,0.0,0.0,False,Qwen/Qwen2.5-Coder-14B-Instruct-AWQ,None
3229,Bar,Hard,4.3885,13.1656,3,0.0,0.0,0.0,0.0,0.0,0.0,0.0,0.0,0.0,0.0,1.0,0.0,0.0,False,Qwen/Qwen2.5-Coder-14B-Instruct-AWQ,None
3229,Bar,Hard,4.3885,13.1656,3,0.0,0.0,0.0,0.0,0.0,0.0,0.0,0.0,0.0,0.0,1.0,0.0,0.0,False,Qwen/Qwen2.5-Coder-14B-Instruct-AWQ,None
3230,Bar,Medium,4.6252,9.2504,2,0.0,0.0,0.0,0.0,0.0,0.0,0.0,0.0,0.0,0.0,1.0,0.0,0.0,False,Qwen/Qwen2.5-Coder-14B-Instruct-AWQ,None
3230,Bar,Medium,4.6252,9.2504,2,0.0,0.0,0.0,0.0,0.0,0.0,0.0,0.0,0.0,0.0,1.0,0.0,0.0,False,Qwen/Qwen2.5-Coder-14B-Instruct-AWQ,None
3230,Bar,Medium,4.6252,9.2504,2,0.0,0.0,0.0,0.0,0.0,0.0,0.0,0.0,0.0,0.0,1.0,0.0,0.0,False,Qwen/Qwen2.5-Coder-14B-Instruct-AWQ,None
3240,Line,Easy,3.6255,3.6255,1,0.0,0.0,0.0,0.0,0.0,0.0,0.0,0.0,0.0,0.0,1.0,0.0,0.0,False,Qwen/Qwen2.5-Coder-14B-Instruct-AWQ,None
3240,Line,Easy,3.6255,3.6255,1,0.0,0.0,0.0,0.0,0.0,0.0,0.0,0.0,0.0,0.0,1.0,0.0,0.0,False,Qwen/Qwen2.5-Coder-14B-Instruct-AWQ,None
3240,Line,Easy,3.6255,3.6255,1,0.0,0.0,0.0,0.0,0.0,0.0,0.0,0.0,0.0,0.0,1.0,0.0,0.0,False,Qwen/Qwen2.5-Coder-14B-Instruct-AWQ,None
3259,Pie,Easy,3.455,6.9099,2,0.0,0.0,0.0,0.0,1.0,0.0,0.0,0.0,0.0,1.0,0.0,,0.0,False,Qwen/Qwen2.5-Coder-14B-Instruct-AWQ,None
3259,Pie,Easy,3.455,6.9099,2,0.0,0.0,0.0,0.0,1.0,0.0,0.0,0.0,0.0,1.0,0.0,,0.0,False,Qwen/Qwen2.5-Coder-14B-Instruct-AWQ,None
3259,Pie,Easy,3.455,6.9099,2,0.0,0.0,0.0,0.0,1.0,0.0,0.0,0.0,0.0,1.0,0.0,,0.0,False,Qwen/Qwen2.5-Coder-14B-Instruct-AWQ,None
3260,Bar,Easy,3.4276,6.8552,2,0.0,0.0,0.0,0.0,0.0,0.0,0.0,0.0,0.0,0.0,1.0,0.0,0.0,False,Qwen/Qwen2.5-Coder-14B-Instruct-AWQ,None
3260,Bar,Easy,3.4276,6.8552,2,0.0,0.0,0.0,0.0,0.0,0.0,0.0,0.0,0.0,0.0,1.0,0.0,0.0,False,Qwen/Qwen2.5-Coder-14B-Instruct-AWQ,None
3260,Bar,Easy,3.4276,6.8552,2,0.0,0.0,0.0,0.0,0.0,0.0,0.0,0.0,0.0,0.0,1.0,0.0,0.0,False,Qwen/Qwen2.5-Coder-14B-Instruct-AWQ,None
3262,Pie,Easy,3.3567,6.7134,2,0.0,0.0,0.0,0.0,1.0,0.0,0.0,0.0,0.0,1.0,0.0,,0.0,False,Qwen/Qwen2.5-Coder-14B-Instruct-AWQ,None
3262,Pie,Easy,3.3567,6.7134,2,0.0,0.0,0.0,0.0,1.0,0.0,0.0,0.0,0.0,1.0,0.0,,0.0,False,Qwen/Qwen2.5-Coder-14B-Instruct-AWQ,None
3262,Pie,Easy,3.3567,6.7134,2,0.0,0.0,0.0,0.0,1.0,0.0,0.0,0.0,0.0,1.0,0.0,,0.0,False,Qwen/Qwen2.5-Coder-14B-Instruct-AWQ,None
3263,Bar,Easy,3.0742,9.2227,3,0.0,0.0,0.0,0.0,0.0,0.0,0.0,0.0,0.0,0.0,1.0,0.0,0.0,False,Qwen/Qwen2.5-Coder-14B-Instruct-AWQ,None
3263,Bar,Easy,3.0742,9.2227,3,0.0,0.0,0.0,0.0,0.0,0.0,0.0,0.0,0.0,0.0,1.0,0.0,0.0,False,Qwen/Qwen2.5-Coder-14B-Instruct-AWQ,None
3263,Bar,Easy,3.0742,9.2227,3,0.0,0.0,0.0,0.0,0.0,0.0,0.0,0.0,0.0,0.0,1.0,0.0,0.0,False,Qwen/Qwen2.5-Coder-14B-Instruct-AWQ,None
3264,Pie,Easy,3.2576,6.5152,2,0.0,0.0,0.0,0.0,0.0,0.0,0.0,0.0,0.0,0.0,1.0,0.0,0.0,False,Qwen/Qwen2.5-Coder-14B-Instruct-AWQ,None
3264,Pie,Easy,3.2576,6.5152,2,0.0,0.0,0.0,0.0,0.0,0.0,0.0,0.0,0.0,0.0,1.0,0.0,0.0,False,Qwen/Qwen2.5-Coder-14B-Instruct-AWQ,None
3264,Pie,Easy,3.2576,6.5152,2,0.0,0.0,0.0,0.0,0.0,0.0,0.0,0.0,0.0,0.0,1.0,0.0,0.0,False,Qwen/Qwen2.5-Coder-14B-Instruct-AWQ,None
3265,Pie,Medium,5.5263,33.1575,6,0.0,0.0,0.0,0.0,0.6666666666666666,0.0,0.0,0.0,0.0,0.6666666666666666,0.3333333333333333,0.0,0.0,True,Qwen/Qwen2.5-Coder-14B-Instruct-AWQ,None
3265,Pie,Medium,5.5263,33.1575,6,0.0,0.0,0.0,0.0,0.6666666666666666,0.0,0.0,0.0,0.0,0.6666666666666666,0.3333333333333333,0.0,0.0,True,Qwen/Qwen2.5-Coder-14B-Instruct-AWQ,None
3265,Pie,Medium,5.5263,33.1575,6,0.0,0.0,0.0,0.0,0.6666666666666666,0.0,0.0,0.0,0.0,0.6666666666666666,0.3333333333333333,0.0,0.0,True,Qwen/Qwen2.5-Coder-14B-Instruct-AWQ,None
3268,Pie,Medium,4.0824,8.1647,2,0.0,0.0,0.0,0.0,0.0,0.0,0.0,0.0,0.0,0.0,1.0,0.0,0.0,False,Qwen/Qwen2.5-Coder-14B-Instruct-AWQ,None
3268,Pie,Medium,4.0824,8.1647,2,0.0,0.0,0.0,0.0,0.0,0.0,0.0,0.0,0.0,0.0,1.0,0.0,0.0,False,Qwen/Qwen2.5-Coder-14B-Instruct-AWQ,None
3268,Pie,Medium,4.0824,8.1647,2,0.0,0.0,0.0,0.0,0.0,0.0,0.0,0.0,0.0,0.0,1.0,0.0,0.0,False,Qwen/Qwen2.5-Coder-14B-Instruct-AWQ,None
3270,Scatter,Medium,5.1354,5.1354,1,0.0,0.0,0.0,0.0,0.0,0.0,0.0,0.0,0.0,0.0,1.0,0.0,0.0,False,Qwen/Qwen2.5-Coder-14B-Instruct-AWQ,None
3270,Scatter,Medium,5.1354,5.1354,1,0.0,0.0,0.0,0.0,0.0,0.0,0.0,0.0,0.0,0.0,1.0,0.0,0.0,False,Qwen/Qwen2.5-Coder-14B-Instruct-AWQ,None
3270,Scatter,Medium,5.1354,5.1354,1,0.0,0.0,0.0,0.0,0.0,0.0,0.0,0.0,0.0,0.0,1.0,0.0,0.0,False,Qwen/Qwen2.5-Coder-14B-Instruct-AWQ,None
3271,Pie,Medium,4.6933,9.3866,2,0.0,0.0,0.0,0.0,0.5,0.0,0.0,0.0,0.0,0.5,0.5,0.0,0.0,False,Qwen/Qwen2.5-Coder-14B-Instruct-AWQ,None
3271,Pie,Medium,4.6933,9.3866,2,0.0,0.0,0.0,0.0,0.5,0.0,0.0,0.0,0.0,0.5,0.5,0.0,0.0,False,Qwen/Qwen2.5-Coder-14B-Instruct-AWQ,None
3271,Pie,Medium,4.6933,9.3866,2,0.0,0.0,0.0,0.0,0.5,0.0,0.0,0.0,0.0,0.5,0.5,0.0,0.0,False,Qwen/Qwen2.5-Coder-14B-Instruct-AWQ,None
3272,Grouping Scatter,Medium,8.0998,8.0998,1,0.0,0.0,0.0,0.0,1.0,0.0,0.0,0.0,0.0,1.0,0.0,,0.0,False,Qwen/Qwen2.5-Coder-14B-Instruct-AWQ,None
3272,Grouping Scatter,Medium,8.0998,8.0998,1,0.0,0.0,0.0,0.0,1.0,0.0,0.0,0.0,0.0,1.0,0.0,,0.0,False,Qwen/Qwen2.5-Coder-14B-Instruct-AWQ,None
3272,Grouping Scatter,Medium,8.0998,8.0998,1,0.0,0.0,0.0,0.0,1.0,0.0,0.0,0.0,0.0,1.0,0.0,,0.0,False,Qwen/Qwen2.5-Coder-14B-Instruct-AWQ,None
3273,Pie,Hard,6.973,13.946,2,0.0,0.0,0.0,0.0,0.0,0.0,0.0,0.0,0.0,0.0,1.0,0.0,0.0,True,Qwen/Qwen2.5-Coder-14B-Instruct-AWQ,None
3273,Pie,Hard,6.973,13.946,2,0.0,0.0,0.0,0.0,0.0,0.0,0.0,0.0,0.0,0.0,1.0,0.0,0.0,True,Qwen/Qwen2.5-Coder-14B-Instruct-AWQ,None
3273,Pie,Hard,6.973,13.946,2,0.0,0.0,0.0,0.0,0.0,0.0,0.0,0.0,0.0,0.0,1.0,0.0,0.0,True,Qwen/Qwen2.5-Coder-14B-Instruct-AWQ,None
3274,Bar,Hard,6.977,13.954,2,0.0,0.0,0.0,0.0,0.0,0.0,0.0,0.0,0.0,0.0,1.0,0.0,0.0,True,Qwen/Qwen2.5-Coder-14B-Instruct-AWQ,None
3274,Bar,Hard,6.977,13.954,2,0.0,0.0,0.0,0.0,0.0,0.0,0.0,0.0,0.0,0.0,1.0,0.0,0.0,True,Qwen/Qwen2.5-Coder-14B-Instruct-AWQ,None
3274,Bar,Hard,6.977,13.954,2,0.0,0.0,0.0,0.0,0.0,0.0,0.0,0.0,0.0,0.0,1.0,0.0,0.0,True,Qwen/Qwen2.5-Coder-14B-Instruct-AWQ,None
3278,Pie,Easy,3.2549,13.0196,4,0.0,0.0,0.0,0.0,0.25,0.0,0.0,0.0,0.0,0.25,0.75,0.0,0.0,False,Qwen/Qwen2.5-Coder-14B-Instruct-AWQ,None
3278,Pie,Easy,3.2549,13.0196,4,0.0,0.0,0.0,0.0,0.25,0.0,0.0,0.0,0.0,0.25,0.75,0.0,0.0,False,Qwen/Qwen2.5-Coder-14B-Instruct-AWQ,None
3278,Pie,Easy,3.2549,13.0196,4,0.0,0.0,0.0,0.0,0.25,0.0,0.0,0.0,0.0,0.25,0.75,0.0,0.0,False,Qwen/Qwen2.5-Coder-14B-Instruct-AWQ,None
3291,Bar,Medium,3.1785,3.1785,1,0.0,0.0,0.0,0.0,0.0,0.0,0.0,0.0,0.0,0.0,1.0,0.0,0.0,False,Qwen/Qwen2.5-Coder-14B-Instruct-AWQ,None
3291,Bar,Medium,3.1785,3.1785,1,0.0,0.0,0.0,0.0,0.0,0.0,0.0,0.0,0.0,0.0,1.0,0.0,0.0,False,Qwen/Qwen2.5-Coder-14B-Instruct-AWQ,None
3291,Bar,Medium,3.1785,3.1785,1,0.0,0.0,0.0,0.0,0.0,0.0,0.0,0.0,0.0,0.0,1.0,0.0,0.0,False,Qwen/Qwen2.5-Coder-14B-Instruct-AWQ,None
372@y_name@DESC,Bar,Medium,3.8935,3.8935,1,0.0,0.0,0.0,0.0,0.0,0.0,0.0,0.0,0.0,0.0,1.0,0.0,0.0,False,Qwen/Qwen2.5-Coder-14B-Instruct-AWQ,None
372@y_name@DESC,Bar,Medium,3.8935,3.8935,1,0.0,0.0,0.0,0.0,0.0,0.0,0.0,0.0,0.0,0.0,1.0,0.0,0.0,False,Qwen/Qwen2.5-Coder-14B-Instruct-AWQ,None
372@y_name@DESC,Bar,Medium,3.8935,3.8935,1,0.0,0.0,0.0,0.0,0.0,0.0,0.0,0.0,0.0,0.0,1.0,0.0,0.0,False,Qwen/Qwen2.5-Coder-14B-Instruct-AWQ,None
2443@y_name@ASC,Bar,Hard,7.5597,30.2387,4,0.0,0.0,0.0,0.25,0.25,0.0,0.0,0.0,0.0,0.25,0.75,0.0,0.0,True,Qwen/Qwen2.5-Coder-14B-Instruct-AWQ,None
2443@y_name@ASC,Bar,Hard,7.5597,30.2387,4,0.0,0.0,0.0,0.25,0.25,0.0,0.0,0.0,0.0,0.25,0.75,0.0,0.0,True,Qwen/Qwen2.5-Coder-14B-Instruct-AWQ,None
2443@y_name@ASC,Bar,Hard,7.5597,30.2387,4,0.0,0.0,0.0,0.25,0.25,0.0,0.0,0.0,0.0,0.25,0.75,0.0,0.0,True,Qwen/Qwen2.5-Coder-14B-Instruct-AWQ,None
2450@x_name@DESC,Bar,Medium,3.8804,19.4021,5,0.0,0.0,0.0,0.0,0.0,0.6,0.0,0.0,0.0,0.6,0.4,0.0,0.0,False,Qwen/Qwen2.5-Coder-14B-Instruct-AWQ,None
2450@x_name@DESC,Bar,Medium,3.8804,19.4021,5,0.0,0.0,0.0,0.0,0.0,0.6,0.0,0.0,0.0,0.6,0.4,0.0,0.0,False,Qwen/Qwen2.5-Coder-14B-Instruct-AWQ,None
2450@x_name@DESC,Bar,Medium,3.8804,19.4021,5,0.0,0.0,0.0,0.0,0.0,0.6,0.0,0.0,0.0,0.6,0.4,0.0,0.0,False,Qwen/Qwen2.5-Coder-14B-Instruct-AWQ,None
1384@y_name@ASC,Bar,Medium,3.8673,7.7347,2,0.0,0.0,0.0,0.0,0.0,0.0,0.0,0.0,0.0,0.0,1.0,0.0,0.0,False,Qwen/Qwen2.5-Coder-14B-Instruct-AWQ,None
1384@y_name@ASC,Bar,Medium,3.8673,7.7347,2,0.0,0.0,0.0,0.0,0.0,0.0,0.0,0.0,0.0,0.0,1.0,0.0,0.0,False,Qwen/Qwen2.5-Coder-14B-Instruct-AWQ,None
1384@y_name@ASC,Bar,Medium,3.8673,7.7347,2,0.0,0.0,0.0,0.0,0.0,0.0,0.0,0.0,0.0,0.0,1.0,0.0,0.0,False,Qwen/Qwen2.5-Coder-14B-Instruct-AWQ,None
1388@x_name@ASC,Line,Hard,4.305,8.61,2,0.0,0.0,0.0,0.0,0.0,0.0,0.0,0.0,0.0,0.0,1.0,0.0,0.0,True,Qwen/Qwen2.5-Coder-14B-Instruct-AWQ,None
1388@x_name@ASC,Line,Hard,4.305,8.61,2,0.0,0.0,0.0,0.0,0.0,0.0,0.0,0.0,0.0,0.0,1.0,0.0,0.0,True,Qwen/Qwen2.5-Coder-14B-Instruct-AWQ,None
1388@x_name@ASC,Line,Hard,4.305,8.61,2,0.0,0.0,0.0,0.0,0.0,0.0,0.0,0.0,0.0,0.0,1.0,0.0,0.0,True,Qwen/Qwen2.5-Coder-14B-Instruct-AWQ,None
1390@y_name@DESC,Bar,Hard,6.6288,13.2577,2,0.0,0.0,0.0,0.0,0.0,0.0,0.0,0.0,0.0,0.0,1.0,0.0,0.0,True,Qwen/Qwen2.5-Coder-14B-Instruct-AWQ,None
1390@y_name@DESC,Bar,Hard,6.6288,13.2577,2,0.0,0.0,0.0,0.0,0.0,0.0,0.0,0.0,0.0,0.0,1.0,0.0,0.0,True,Qwen/Qwen2.5-Coder-14B-Instruct-AWQ,None
1390@y_name@DESC,Bar,Hard,6.6288,13.2577,2,0.0,0.0,0.0,0.0,0.0,0.0,0.0,0.0,0.0,0.0,1.0,0.0,0.0,True,Qwen/Qwen2.5-Coder-14B-Instruct-AWQ,None
3204@y_name@DESC,Bar,Medium,2.7213,8.164,3,0.0,0.0,0.0,0.0,0.3333333333333333,0.0,0.0,0.0,0.0,0.3333333333333333,0.6666666666666666,0.0,0.0,False,Qwen/Qwen2.5-Coder-14B-Instruct-AWQ,None
3204@y_name@DESC,Bar,Medium,2.7213,8.164,3,0.0,0.0,0.0,0.0,0.3333333333333333,0.0,0.0,0.0,0.0,0.3333333333333333,0.6666666666666666,0.0,0.0,False,Qwen/Qwen2.5-Coder-14B-Instruct-AWQ,None
3204@y_name@DESC,Bar,Medium,2.7213,8.164,3,0.0,0.0,0.0,0.0,0.3333333333333333,0.0,0.0,0.0,0.0,0.3333333333333333,0.6666666666666666,0.0,0.0,False,Qwen/Qwen2.5-Coder-14B-Instruct-AWQ,None
1475@y_name@DESC,Bar,Hard,9.0109,9.0109,1,0.0,0.0,0.0,0.0,0.0,0.0,0.0,0.0,0.0,0.0,1.0,0.0,0.0,True,Qwen/Qwen2.5-Coder-14B-Instruct-AWQ,None
1475@y_name@DESC,Bar,Hard,9.0109,9.0109,1,0.0,0.0,0.0,0.0,0.0,0.0,0.0,0.0,0.0,0.0,1.0,0.0,0.0,True,Qwen/Qwen2.5-Coder-14B-Instruct-AWQ,None
1475@y_name@DESC,Bar,Hard,9.0109,9.0109,1,0.0,0.0,0.0,0.0,0.0,0.0,0.0,0.0,0.0,0.0,1.0,0.0,0.0,True,Qwen/Qwen2.5-Coder-14B-Instruct-AWQ,None
1478@y_name@DESC,Bar,Extra Hard,7.9492,7.9492,1,0.0,0.0,0.0,0.0,0.0,0.0,0.0,0.0,0.0,0.0,1.0,0.0,0.0,True,Qwen/Qwen2.5-Coder-14B-Instruct-AWQ,None
1478@y_name@DESC,Bar,Extra Hard,7.9492,7.9492,1,0.0,0.0,0.0,0.0,0.0,0.0,0.0,0.0,0.0,0.0,1.0,0.0,0.0,True,Qwen/Qwen2.5-Coder-14B-Instruct-AWQ,None
1478@y_name@DESC,Bar,Extra Hard,7.9492,7.9492,1,0.0,0.0,0.0,0.0,0.0,0.0,0.0,0.0,0.0,0.0,1.0,0.0,0.0,True,Qwen/Qwen2.5-Coder-14B-Instruct-AWQ,None
1484@x_name@ASC,Grouping Line,Hard,7.6493,7.6493,1,0.0,0.0,0.0,0.0,1.0,0.0,0.0,0.0,0.0,1.0,0.0,,0.0,False,Qwen/Qwen2.5-Coder-14B-Instruct-AWQ,None
1484@x_name@ASC,Grouping Line,Hard,7.6493,7.6493,1,0.0,0.0,0.0,0.0,1.0,0.0,0.0,0.0,0.0,1.0,0.0,,0.0,False,Qwen/Qwen2.5-Coder-14B-Instruct-AWQ,None
1484@x_name@ASC,Grouping Line,Hard,7.6493,7.6493,1,0.0,0.0,0.0,0.0,1.0,0.0,0.0,0.0,0.0,1.0,0.0,,0.0,False,Qwen/Qwen2.5-Coder-14B-Instruct-AWQ,None
1487@y_name@ASC,Stacked Bar,Hard,4.4233,8.8465,2,0.0,0.0,0.0,0.0,0.0,1.0,0.0,0.0,0.0,1.0,0.0,,0.0,False,Qwen/Qwen2.5-Coder-14B-Instruct-AWQ,None
1487@y_name@ASC,Stacked Bar,Hard,4.4233,8.8465,2,0.0,0.0,0.0,0.0,0.0,1.0,0.0,0.0,0.0,1.0,0.0,,0.0,False,Qwen/Qwen2.5-Coder-14B-Instruct-AWQ,None
1487@y_name@ASC,Stacked Bar,Hard,4.4233,8.8465,2,0.0,0.0,0.0,0.0,0.0,1.0,0.0,0.0,0.0,1.0,0.0,,0.0,False,Qwen/Qwen2.5-Coder-14B-Instruct-AWQ,None
1488@x_name@DESC,Stacked Bar,Hard,4.6344,4.6344,1,0.0,0.0,0.0,0.0,0.0,1.0,0.0,0.0,0.0,1.0,0.0,,0.0,False,Qwen/Qwen2.5-Coder-14B-Instruct-AWQ,None
1488@x_name@DESC,Stacked Bar,Hard,4.6344,4.6344,1,0.0,0.0,0.0,0.0,0.0,1.0,0.0,0.0,0.0,1.0,0.0,,0.0,False,Qwen/Qwen2.5-Coder-14B-Instruct-AWQ,None
1488@x_name@DESC,Stacked Bar,Hard,4.6344,4.6344,1,0.0,0.0,0.0,0.0,0.0,1.0,0.0,0.0,0.0,1.0,0.0,,0.0,False,Qwen/Qwen2.5-Coder-14B-Instruct-AWQ,None
1491@y_name@DESC,Bar,Medium,3.8725,7.745,2,0.0,0.0,0.0,0.0,0.0,0.0,0.0,0.0,0.0,0.0,1.0,0.0,0.0,False,Qwen/Qwen2.5-Coder-14B-Instruct-AWQ,None
1491@y_name@DESC,Bar,Medium,3.8725,7.745,2,0.0,0.0,0.0,0.0,0.0,0.0,0.0,0.0,0.0,0.0,1.0,0.0,0.0,False,Qwen/Qwen2.5-Coder-14B-Instruct-AWQ,None
1491@y_name@DESC,Bar,Medium,3.8725,7.745,2,0.0,0.0,0.0,0.0,0.0,0.0,0.0,0.0,0.0,0.0,1.0,0.0,0.0,False,Qwen/Qwen2.5-Coder-14B-Instruct-AWQ,None
1493@y_name@ASC,Bar,Medium,3.631,7.2619,2,0.0,0.0,0.0,0.0,0.0,0.0,0.0,0.0,0.0,0.0,1.0,0.0,0.0,False,Qwen/Qwen2.5-Coder-14B-Instruct-AWQ,None
1493@y_name@ASC,Bar,Medium,3.631,7.2619,2,0.0,0.0,0.0,0.0,0.0,0.0,0.0,0.0,0.0,0.0,1.0,0.0,0.0,False,Qwen/Qwen2.5-Coder-14B-Instruct-AWQ,None
1493@y_name@ASC,Bar,Medium,3.631,7.2619,2,0.0,0.0,0.0,0.0,0.0,0.0,0.0,0.0,0.0,0.0,1.0,0.0,0.0,False,Qwen/Qwen2.5-Coder-14B-Instruct-AWQ,None
1494@x_name@ASC,Line,Medium,3.3135,3.3135,1,0.0,0.0,0.0,0.0,0.0,0.0,0.0,0.0,0.0,0.0,1.0,0.0,0.0,False,Qwen/Qwen2.5-Coder-14B-Instruct-AWQ,None
1494@x_name@ASC,Line,Medium,3.3135,3.3135,1,0.0,0.0,0.0,0.0,0.0,0.0,0.0,0.0,0.0,0.0,1.0,0.0,0.0,False,Qwen/Qwen2.5-Coder-14B-Instruct-AWQ,None
1494@x_name@ASC,Line,Medium,3.3135,3.3135,1,0.0,0.0,0.0,0.0,0.0,0.0,0.0,0.0,0.0,0.0,1.0,0.0,0.0,False,Qwen/Qwen2.5-Coder-14B-Instruct-AWQ,None
1495@x_name@ASC,Line,Medium,3.3979,10.1936,3,0.0,0.0,0.0,0.0,0.0,0.0,0.0,0.0,0.0,0.0,1.0,0.0,0.0,False,Qwen/Qwen2.5-Coder-14B-Instruct-AWQ,None
1495@x_name@ASC,Line,Medium,3.3979,10.1936,3,0.0,0.0,0.0,0.0,0.0,0.0,0.0,0.0,0.0,0.0,1.0,0.0,0.0,False,Qwen/Qwen2.5-Coder-14B-Instruct-AWQ,None
1495@x_name@ASC,Line,Medium,3.3979,10.1936,3,0.0,0.0,0.0,0.0,0.0,0.0,0.0,0.0,0.0,0.0,1.0,0.0,0.0,False,Qwen/Qwen2.5-Coder-14B-Instruct-AWQ,None
1523@x_name@DESC,Bar,Extra Hard,8.0018,8.0018,1,0.0,0.0,0.0,0.0,0.0,0.0,0.0,0.0,0.0,0.0,1.0,0.0,0.0,True,Qwen/Qwen2.5-Coder-14B-Instruct-AWQ,None
1523@x_name@DESC,Bar,Extra Hard,8.0018,8.0018,1,0.0,0.0,0.0,0.0,0.0,0.0,0.0,0.0,0.0,0.0,1.0,0.0,0.0,True,Qwen/Qwen2.5-Coder-14B-Instruct-AWQ,None
1523@x_name@DESC,Bar,Extra Hard,8.0018,8.0018,1,0.0,0.0,0.0,0.0,0.0,0.0,0.0,0.0,0.0,0.0,1.0,0.0,0.0,True,Qwen/Qwen2.5-Coder-14B-Instruct-AWQ,None
1525@y_name@ASC,Bar,Hard,5.4841,16.4523,3,0.0,0.0,0.0,0.0,0.0,0.0,0.0,0.0,0.0,0.0,1.0,0.0,0.0,True,Qwen/Qwen2.5-Coder-14B-Instruct-AWQ,None
1525@y_name@ASC,Bar,Hard,5.4841,16.4523,3,0.0,0.0,0.0,0.0,0.0,0.0,0.0,0.0,0.0,0.0,1.0,0.0,0.0,True,Qwen/Qwen2.5-Coder-14B-Instruct-AWQ,None
1525@y_name@ASC,Bar,Hard,5.4841,16.4523,3,0.0,0.0,0.0,0.0,0.0,0.0,0.0,0.0,0.0,0.0,1.0,0.0,0.0,True,Qwen/Qwen2.5-Coder-14B-Instruct-AWQ,None
1532@x_name@DESC,Bar,Hard,4.895,14.685,3,0.0,0.0,0.0,0.0,0.0,0.0,0.0,0.0,0.0,0.0,1.0,0.0,0.0,True,Qwen/Qwen2.5-Coder-14B-Instruct-AWQ,None
1532@x_name@DESC,Bar,Hard,4.895,14.685,3,0.0,0.0,0.0,0.0,0.0,0.0,0.0,0.0,0.0,0.0,1.0,0.0,0.0,True,Qwen/Qwen2.5-Coder-14B-Instruct-AWQ,None
1532@x_name@DESC,Bar,Hard,4.895,14.685,3,0.0,0.0,0.0,0.0,0.0,0.0,0.0,0.0,0.0,0.0,1.0,0.0,0.0,True,Qwen/Qwen2.5-Coder-14B-Instruct-AWQ,None
2308@y_name@DESC,Bar,Medium,5.7003,5.7003,1,0.0,0.0,0.0,0.0,0.0,0.0,0.0,0.0,0.0,0.0,1.0,0.0,0.0,False,Qwen/Qwen2.5-Coder-14B-Instruct-AWQ,None
2308@y_name@DESC,Bar,Medium,5.7003,5.7003,1,0.0,0.0,0.0,0.0,0.0,0.0,0.0,0.0,0.0,0.0,1.0,0.0,0.0,False,Qwen/Qwen2.5-Coder-14B-Instruct-AWQ,None
2308@y_name@DESC,Bar,Medium,5.7003,5.7003,1,0.0,0.0,0.0,0.0,0.0,0.0,0.0,0.0,0.0,0.0,1.0,0.0,0.0,False,Qwen/Qwen2.5-Coder-14B-Instruct-AWQ,None
2310@x_name@DESC,Bar,Hard,6.8912,6.8912,1,0.0,0.0,0.0,0.0,1.0,0.0,0.0,0.0,0.0,1.0,0.0,,0.0,True,Qwen/Qwen2.5-Coder-14B-Instruct-AWQ,None
2310@x_name@DESC,Bar,Hard,6.8912,6.8912,1,0.0,0.0,0.0,0.0,1.0,0.0,0.0,0.0,0.0,1.0,0.0,,0.0,True,Qwen/Qwen2.5-Coder-14B-Instruct-AWQ,None
2310@x_name@DESC,Bar,Hard,6.8912,6.8912,1,0.0,0.0,0.0,0.0,1.0,0.0,0.0,0.0,0.0,1.0,0.0,,0.0,True,Qwen/Qwen2.5-Coder-14B-Instruct-AWQ,None
2314@x_name@DESC,Bar,Medium,6.5286,13.0572,2,0.0,0.0,0.0,0.0,0.0,0.0,0.0,0.0,0.0,0.0,1.0,0.0,0.0,True,Qwen/Qwen2.5-Coder-14B-Instruct-AWQ,None
2314@x_name@DESC,Bar,Medium,6.5286,13.0572,2,0.0,0.0,0.0,0.0,0.0,0.0,0.0,0.0,0.0,0.0,1.0,0.0,0.0,True,Qwen/Qwen2.5-Coder-14B-Instruct-AWQ,None
2314@x_name@DESC,Bar,Medium,6.5286,13.0572,2,0.0,0.0,0.0,0.0,0.0,0.0,0.0,0.0,0.0,0.0,1.0,0.0,0.0,True,Qwen/Qwen2.5-Coder-14B-Instruct-AWQ,None
2831@x_name@DESC,Bar,Medium,3.4879,10.4636,3,0.0,0.0,0.0,0.0,0.0,0.6666666666666666,0.0,0.0,0.0,0.6666666666666666,0.3333333333333333,0.0,0.0,False,Qwen/Qwen2.5-Coder-14B-Instruct-AWQ,None
2831@x_name@DESC,Bar,Medium,3.4879,10.4636,3,0.0,0.0,0.0,0.0,0.0,0.6666666666666666,0.0,0.0,0.0,0.6666666666666666,0.3333333333333333,0.0,0.0,False,Qwen/Qwen2.5-Coder-14B-Instruct-AWQ,None
2831@x_name@DESC,Bar,Medium,3.4879,10.4636,3,0.0,0.0,0.0,0.0,0.0,0.6666666666666666,0.0,0.0,0.0,0.6666666666666666,0.3333333333333333,0.0,0.0,False,Qwen/Qwen2.5-Coder-14B-Instruct-AWQ,None
2834@x_name@DESC,Bar,Medium,3.1916,3.1916,1,0.0,0.0,0.0,0.0,0.0,1.0,0.0,0.0,0.0,1.0,0.0,,0.0,False,Qwen/Qwen2.5-Coder-14B-Instruct-AWQ,None
2834@x_name@DESC,Bar,Medium,3.1916,3.1916,1,0.0,0.0,0.0,0.0,0.0,1.0,0.0,0.0,0.0,1.0,0.0,,0.0,False,Qwen/Qwen2.5-Coder-14B-Instruct-AWQ,None
2834@x_name@DESC,Bar,Medium,3.1916,3.1916,1,0.0,0.0,0.0,0.0,0.0,1.0,0.0,0.0,0.0,1.0,0.0,,0.0,False,Qwen/Qwen2.5-Coder-14B-Instruct-AWQ,None
2838@x_name@ASC,Bar,Medium,3.2598,6.5196,2,0.0,0.0,0.0,0.0,0.0,0.0,0.0,0.0,0.0,0.0,1.0,0.0,0.0,False,Qwen/Qwen2.5-Coder-14B-Instruct-AWQ,None
2838@x_name@ASC,Bar,Medium,3.2598,6.5196,2,0.0,0.0,0.0,0.0,0.0,0.0,0.0,0.0,0.0,0.0,1.0,0.0,0.0,False,Qwen/Qwen2.5-Coder-14B-Instruct-AWQ,None
2838@x_name@ASC,Bar,Medium,3.2598,6.5196,2,0.0,0.0,0.0,0.0,0.0,0.0,0.0,0.0,0.0,0.0,1.0,0.0,0.0,False,Qwen/Qwen2.5-Coder-14B-Instruct-AWQ,None
2841@y_name@ASC,Bar,Medium,4.0662,8.1325,2,0.0,0.0,0.0,0.0,0.0,0.0,0.0,0.0,0.0,0.0,1.0,0.0,0.0,False,Qwen/Qwen2.5-Coder-14B-Instruct-AWQ,None
2841@y_name@ASC,Bar,Medium,4.0662,8.1325,2,0.0,0.0,0.0,0.0,0.0,0.0,0.0,0.0,0.0,0.0,1.0,0.0,0.0,False,Qwen/Qwen2.5-Coder-14B-Instruct-AWQ,None
2841@y_name@ASC,Bar,Medium,4.0662,8.1325,2,0.0,0.0,0.0,0.0,0.0,0.0,0.0,0.0,0.0,0.0,1.0,0.0,0.0,False,Qwen/Qwen2.5-Coder-14B-Instruct-AWQ,None
2844@y_name@DESC,Bar,Medium,3.5832,7.1664,2,0.0,0.0,0.0,0.0,0.0,0.0,0.0,0.0,0.0,0.0,1.0,0.0,0.0,False,Qwen/Qwen2.5-Coder-14B-Instruct-AWQ,None
2844@y_name@DESC,Bar,Medium,3.5832,7.1664,2,0.0,0.0,0.0,0.0,0.0,0.0,0.0,0.0,0.0,0.0,1.0,0.0,0.0,False,Qwen/Qwen2.5-Coder-14B-Instruct-AWQ,None
2844@y_name@DESC,Bar,Medium,3.5832,7.1664,2,0.0,0.0,0.0,0.0,0.0,0.0,0.0,0.0,0.0,0.0,1.0,0.0,0.0,False,Qwen/Qwen2.5-Coder-14B-Instruct-AWQ,None
2845@y_name@ASC,Bar,Extra Hard,7.9823,7.9823,1,0.0,0.0,0.0,0.0,0.0,0.0,0.0,0.0,0.0,0.0,1.0,0.0,0.0,True,Qwen/Qwen2.5-Coder-14B-Instruct-AWQ,None
2845@y_name@ASC,Bar,Extra Hard,7.9823,7.9823,1,0.0,0.0,0.0,0.0,0.0,0.0,0.0,0.0,0.0,0.0,1.0,0.0,0.0,True,Qwen/Qwen2.5-Coder-14B-Instruct-AWQ,None
2845@y_name@ASC,Bar,Extra Hard,7.9823,7.9823,1,0.0,0.0,0.0,0.0,0.0,0.0,0.0,0.0,0.0,0.0,1.0,0.0,0.0,True,Qwen/Qwen2.5-Coder-14B-Instruct-AWQ,None
2544@y_name@ASC,Bar,Medium,3.6975,11.0924,3,0.0,0.0,0.0,0.0,0.0,0.0,0.0,0.0,0.0,0.0,1.0,0.0,0.0,False,Qwen/Qwen2.5-Coder-14B-Instruct-AWQ,None
2544@y_name@ASC,Bar,Medium,3.6975,11.0924,3,0.0,0.0,0.0,0.0,0.0,0.0,0.0,0.0,0.0,0.0,1.0,0.0,0.0,False,Qwen/Qwen2.5-Coder-14B-Instruct-AWQ,None
2544@y_name@ASC,Bar,Medium,3.6975,11.0924,3,0.0,0.0,0.0,0.0,0.0,0.0,0.0,0.0,0.0,0.0,1.0,0.0,0.0,False,Qwen/Qwen2.5-Coder-14B-Instruct-AWQ,None
2865@y_name@ASC,Bar,Hard,6.359,19.0771,3,0.0,0.0,0.0,0.0,0.0,0.0,0.0,0.0,0.0,0.0,1.0,0.0,0.0,True,Qwen/Qwen2.5-Coder-14B-Instruct-AWQ,None
2865@y_name@ASC,Bar,Hard,6.359,19.0771,3,0.0,0.0,0.0,0.0,0.0,0.0,0.0,0.0,0.0,0.0,1.0,0.0,0.0,True,Qwen/Qwen2.5-Coder-14B-Instruct-AWQ,None
2865@y_name@ASC,Bar,Hard,6.359,19.0771,3,0.0,0.0,0.0,0.0,0.0,0.0,0.0,0.0,0.0,0.0,1.0,0.0,0.0,True,Qwen/Qwen2.5-Coder-14B-Instruct-AWQ,None
2867@x_name@ASC,Bar,Hard,4.8235,9.647,2,0.0,0.0,0.0,0.0,0.0,0.0,0.0,0.0,0.0,0.0,1.0,0.0,0.0,True,Qwen/Qwen2.5-Coder-14B-Instruct-AWQ,None
2867@x_name@ASC,Bar,Hard,4.8235,9.647,2,0.0,0.0,0.0,0.0,0.0,0.0,0.0,0.0,0.0,0.0,1.0,0.0,0.0,True,Qwen/Qwen2.5-Coder-14B-Instruct-AWQ,None
2867@x_name@ASC,Bar,Hard,4.8235,9.647,2,0.0,0.0,0.0,0.0,0.0,0.0,0.0,0.0,0.0,0.0,1.0,0.0,0.0,True,Qwen/Qwen2.5-Coder-14B-Instruct-AWQ,None
2868@y_name@ASC,Bar,Medium,4.4327,8.8654,2,0.0,0.0,0.0,0.0,0.0,0.0,0.0,0.0,0.0,0.0,1.0,0.0,0.0,False,Qwen/Qwen2.5-Coder-14B-Instruct-AWQ,None
2868@y_name@ASC,Bar,Medium,4.4327,8.8654,2,0.0,0.0,0.0,0.0,0.0,0.0,0.0,0.0,0.0,0.0,1.0,0.0,0.0,False,Qwen/Qwen2.5-Coder-14B-Instruct-AWQ,None
2868@y_name@ASC,Bar,Medium,4.4327,8.8654,2,0.0,0.0,0.0,0.0,0.0,0.0,0.0,0.0,0.0,0.0,1.0,0.0,0.0,False,Qwen/Qwen2.5-Coder-14B-Instruct-AWQ,None
2869@y_name@DESC,Bar,Medium,5.4709,10.9417,2,0.0,0.0,0.0,0.0,0.0,0.0,0.0,0.0,0.0,0.0,1.0,0.0,0.0,False,Qwen/Qwen2.5-Coder-14B-Instruct-AWQ,None
2869@y_name@DESC,Bar,Medium,5.4709,10.9417,2,0.0,0.0,0.0,0.0,0.0,0.0,0.0,0.0,0.0,0.0,1.0,0.0,0.0,False,Qwen/Qwen2.5-Coder-14B-Instruct-AWQ,None
2869@y_name@DESC,Bar,Medium,5.4709,10.9417,2,0.0,0.0,0.0,0.0,0.0,0.0,0.0,0.0,0.0,0.0,1.0,0.0,0.0,False,Qwen/Qwen2.5-Coder-14B-Instruct-AWQ,None
1407@y_name@DESC,Bar,Medium,4.1511,16.6043,4,0.0,0.0,0.0,0.0,0.0,0.25,0.0,0.0,0.0,0.25,0.75,0.0,0.0,False,Qwen/Qwen2.5-Coder-14B-Instruct-AWQ,None
1407@y_name@DESC,Bar,Medium,4.1511,16.6043,4,0.0,0.0,0.0,0.0,0.0,0.25,0.0,0.0,0.0,0.25,0.75,0.0,0.0,False,Qwen/Qwen2.5-Coder-14B-Instruct-AWQ,None
1407@y_name@DESC,Bar,Medium,4.1511,16.6043,4,0.0,0.0,0.0,0.0,0.0,0.25,0.0,0.0,0.0,0.25,0.75,0.0,0.0,False,Qwen/Qwen2.5-Coder-14B-Instruct-AWQ,None
1409@y_name@DESC,Bar,Hard,6.0607,24.2427,4,0.0,0.0,0.0,0.0,0.0,0.0,0.0,0.0,0.0,0.0,1.0,0.0,0.0,True,Qwen/Qwen2.5-Coder-14B-Instruct-AWQ,None
1409@y_name@DESC,Bar,Hard,6.0607,24.2427,4,0.0,0.0,0.0,0.0,0.0,0.0,0.0,0.0,0.0,0.0,1.0,0.0,0.0,True,Qwen/Qwen2.5-Coder-14B-Instruct-AWQ,None
1409@y_name@DESC,Bar,Hard,6.0607,24.2427,4,0.0,0.0,0.0,0.0,0.0,0.0,0.0,0.0,0.0,0.0,1.0,0.0,0.0,True,Qwen/Qwen2.5-Coder-14B-Instruct-AWQ,None
1413@y_name@ASC,Bar,Hard,4.6388,9.2776,2,0.0,0.0,0.0,0.0,0.0,0.0,0.0,0.0,0.0,0.0,1.0,0.0,0.0,False,Qwen/Qwen2.5-Coder-14B-Instruct-AWQ,None
1413@y_name@ASC,Bar,Hard,4.6388,9.2776,2,0.0,0.0,0.0,0.0,0.0,0.0,0.0,0.0,0.0,0.0,1.0,0.0,0.0,False,Qwen/Qwen2.5-Coder-14B-Instruct-AWQ,None
1413@y_name@ASC,Bar,Hard,4.6388,9.2776,2,0.0,0.0,0.0,0.0,0.0,0.0,0.0,0.0,0.0,0.0,1.0,0.0,0.0,False,Qwen/Qwen2.5-Coder-14B-Instruct-AWQ,None
1414@y_name@DESC,Bar,Easy,4.4165,8.833,2,0.0,0.0,0.0,0.0,0.0,0.0,0.0,0.0,0.0,0.0,1.0,0.0,0.0,False,Qwen/Qwen2.5-Coder-14B-Instruct-AWQ,None
1414@y_name@DESC,Bar,Easy,4.4165,8.833,2,0.0,0.0,0.0,0.0,0.0,0.0,0.0,0.0,0.0,0.0,1.0,0.0,0.0,False,Qwen/Qwen2.5-Coder-14B-Instruct-AWQ,None
1414@y_name@DESC,Bar,Easy,4.4165,8.833,2,0.0,0.0,0.0,0.0,0.0,0.0,0.0,0.0,0.0,0.0,1.0,0.0,0.0,False,Qwen/Qwen2.5-Coder-14B-Instruct-AWQ,None
2173@y_name@DESC,Bar,Hard,5.6688,17.0064,3,0.0,0.0,0.0,0.0,0.0,0.0,0.0,0.0,0.0,0.0,1.0,0.0,0.0,True,Qwen/Qwen2.5-Coder-14B-Instruct-AWQ,None
2173@y_name@DESC,Bar,Hard,5.6688,17.0064,3,0.0,0.0,0.0,0.0,0.0,0.0,0.0,0.0,0.0,0.0,1.0,0.0,0.0,True,Qwen/Qwen2.5-Coder-14B-Instruct-AWQ,None
2173@y_name@DESC,Bar,Hard,5.6688,17.0064,3,0.0,0.0,0.0,0.0,0.0,0.0,0.0,0.0,0.0,0.0,1.0,0.0,0.0,True,Qwen/Qwen2.5-Coder-14B-Instruct-AWQ,None
2175@y_name@ASC,Bar,Medium,4.2931,4.2931,1,0.0,0.0,0.0,0.0,0.0,0.0,0.0,0.0,0.0,0.0,1.0,0.0,0.0,False,Qwen/Qwen2.5-Coder-14B-Instruct-AWQ,None
2175@y_name@ASC,Bar,Medium,4.2931,4.2931,1,0.0,0.0,0.0,0.0,0.0,0.0,0.0,0.0,0.0,0.0,1.0,0.0,0.0,False,Qwen/Qwen2.5-Coder-14B-Instruct-AWQ,None
2175@y_name@ASC,Bar,Medium,4.2931,4.2931,1,0.0,0.0,0.0,0.0,0.0,0.0,0.0,0.0,0.0,0.0,1.0,0.0,0.0,False,Qwen/Qwen2.5-Coder-14B-Instruct-AWQ,None
2176@y_name@DESC,Bar,Medium,6.7033,13.4065,2,0.0,0.0,0.0,0.0,0.0,0.0,0.0,0.0,0.0,0.0,1.0,0.0,0.0,True,Qwen/Qwen2.5-Coder-14B-Instruct-AWQ,None
2176@y_name@DESC,Bar,Medium,6.7033,13.4065,2,0.0,0.0,0.0,0.0,0.0,0.0,0.0,0.0,0.0,0.0,1.0,0.0,0.0,True,Qwen/Qwen2.5-Coder-14B-Instruct-AWQ,None
2176@y_name@DESC,Bar,Medium,6.7033,13.4065,2,0.0,0.0,0.0,0.0,0.0,0.0,0.0,0.0,0.0,0.0,1.0,0.0,0.0,True,Qwen/Qwen2.5-Coder-14B-Instruct-AWQ,None
2177@x_name@ASC,Bar,Medium,3.087,6.174,2,0.0,0.0,0.0,0.0,0.0,0.0,0.0,0.0,0.0,0.0,1.0,0.0,0.0,False,Qwen/Qwen2.5-Coder-14B-Instruct-AWQ,None
2177@x_name@ASC,Bar,Medium,3.087,6.174,2,0.0,0.0,0.0,0.0,0.0,0.0,0.0,0.0,0.0,0.0,1.0,0.0,0.0,False,Qwen/Qwen2.5-Coder-14B-Instruct-AWQ,None
2177@x_name@ASC,Bar,Medium,3.087,6.174,2,0.0,0.0,0.0,0.0,0.0,0.0,0.0,0.0,0.0,0.0,1.0,0.0,0.0,False,Qwen/Qwen2.5-Coder-14B-Instruct-AWQ,None
2178@x_name@DESC,Bar,Medium,3.6378,3.6378,1,0.0,0.0,0.0,0.0,0.0,1.0,0.0,0.0,0.0,1.0,0.0,,0.0,False,Qwen/Qwen2.5-Coder-14B-Instruct-AWQ,None
2178@x_name@DESC,Bar,Medium,3.6378,3.6378,1,0.0,0.0,0.0,0.0,0.0,1.0,0.0,0.0,0.0,1.0,0.0,,0.0,False,Qwen/Qwen2.5-Coder-14B-Instruct-AWQ,None
2178@x_name@DESC,Bar,Medium,3.6378,3.6378,1,0.0,0.0,0.0,0.0,0.0,1.0,0.0,0.0,0.0,1.0,0.0,,0.0,False,Qwen/Qwen2.5-Coder-14B-Instruct-AWQ,None
2179@y_name@DESC,Bar,Medium,3.8848,7.7697,2,0.0,0.0,0.0,0.0,0.5,0.0,0.0,0.0,0.0,0.5,0.5,0.0,0.0,False,Qwen/Qwen2.5-Coder-14B-Instruct-AWQ,None
2179@y_name@DESC,Bar,Medium,3.8848,7.7697,2,0.0,0.0,0.0,0.0,0.5,0.0,0.0,0.0,0.0,0.5,0.5,0.0,0.0,False,Qwen/Qwen2.5-Coder-14B-Instruct-AWQ,None
2179@y_name@DESC,Bar,Medium,3.8848,7.7697,2,0.0,0.0,0.0,0.0,0.5,0.0,0.0,0.0,0.0,0.5,0.5,0.0,0.0,False,Qwen/Qwen2.5-Coder-14B-Instruct-AWQ,None
2191@x_name@DESC,Bar,Medium,4.5191,13.5572,3,0.0,0.0,0.0,0.0,0.0,0.3333333333333333,0.0,0.0,0.0,0.3333333333333333,0.6666666666666666,0.0,0.0,False,Qwen/Qwen2.5-Coder-14B-Instruct-AWQ,None
2191@x_name@DESC,Bar,Medium,4.5191,13.5572,3,0.0,0.0,0.0,0.0,0.0,0.3333333333333333,0.0,0.0,0.0,0.3333333333333333,0.6666666666666666,0.0,0.0,False,Qwen/Qwen2.5-Coder-14B-Instruct-AWQ,None
2191@x_name@DESC,Bar,Medium,4.5191,13.5572,3,0.0,0.0,0.0,0.0,0.0,0.3333333333333333,0.0,0.0,0.0,0.3333333333333333,0.6666666666666666,0.0,0.0,False,Qwen/Qwen2.5-Coder-14B-Instruct-AWQ,None
2201@x_name@DESC,Bar,Medium,4.2319,8.4637,2,0.0,0.0,0.0,0.0,0.0,0.5,0.0,0.0,0.0,0.5,0.5,0.0,0.0,False,Qwen/Qwen2.5-Coder-14B-Instruct-AWQ,None
2201@x_name@DESC,Bar,Medium,4.2319,8.4637,2,0.0,0.0,0.0,0.0,0.0,0.5,0.0,0.0,0.0,0.5,0.5,0.0,0.0,False,Qwen/Qwen2.5-Coder-14B-Instruct-AWQ,None
2201@x_name@DESC,Bar,Medium,4.2319,8.4637,2,0.0,0.0,0.0,0.0,0.0,0.5,0.0,0.0,0.0,0.5,0.5,0.0,0.0,False,Qwen/Qwen2.5-Coder-14B-Instruct-AWQ,None
2203@x_name@DESC,Bar,Medium,6.6161,6.6161,1,0.0,0.0,0.0,0.0,0.0,1.0,0.0,0.0,0.0,1.0,0.0,,0.0,True,Qwen/Qwen2.5-Coder-14B-Instruct-AWQ,None
2203@x_name@DESC,Bar,Medium,6.6161,6.6161,1,0.0,0.0,0.0,0.0,0.0,1.0,0.0,0.0,0.0,1.0,0.0,,0.0,True,Qwen/Qwen2.5-Coder-14B-Instruct-AWQ,None
2203@x_name@DESC,Bar,Medium,6.6161,6.6161,1,0.0,0.0,0.0,0.0,0.0,1.0,0.0,0.0,0.0,1.0,0.0,,0.0,True,Qwen/Qwen2.5-Coder-14B-Instruct-AWQ,None
2215@x_name@ASC,Bar,Hard,7.0104,14.0208,2,0.0,0.0,0.0,0.0,0.0,0.0,0.0,0.0,0.0,0.0,1.0,0.0,0.0,True,Qwen/Qwen2.5-Coder-14B-Instruct-AWQ,None
2215@x_name@ASC,Bar,Hard,7.0104,14.0208,2,0.0,0.0,0.0,0.0,0.0,0.0,0.0,0.0,0.0,0.0,1.0,0.0,0.0,True,Qwen/Qwen2.5-Coder-14B-Instruct-AWQ,None
2215@x_name@ASC,Bar,Hard,7.0104,14.0208,2,0.0,0.0,0.0,0.0,0.0,0.0,0.0,0.0,0.0,0.0,1.0,0.0,0.0,True,Qwen/Qwen2.5-Coder-14B-Instruct-AWQ,None
2224@x_name@ASC,Bar,Hard,8.1439,24.4317,3,0.0,0.0,0.0,0.0,0.0,0.0,0.0,0.0,0.0,0.0,1.0,0.0,0.0,True,Qwen/Qwen2.5-Coder-14B-Instruct-AWQ,None
2224@x_name@ASC,Bar,Hard,8.1439,24.4317,3,0.0,0.0,0.0,0.0,0.0,0.0,0.0,0.0,0.0,0.0,1.0,0.0,0.0,True,Qwen/Qwen2.5-Coder-14B-Instruct-AWQ,None
2224@x_name@ASC,Bar,Hard,8.1439,24.4317,3,0.0,0.0,0.0,0.0,0.0,0.0,0.0,0.0,0.0,0.0,1.0,0.0,0.0,True,Qwen/Qwen2.5-Coder-14B-Instruct-AWQ,None
2225@y_name@DESC,Bar,Hard,8.8269,26.4808,3,0.0,0.0,0.0,0.0,0.0,0.0,0.0,0.0,0.0,0.0,1.0,0.0,0.0,True,Qwen/Qwen2.5-Coder-14B-Instruct-AWQ,None
2225@y_name@DESC,Bar,Hard,8.8269,26.4808,3,0.0,0.0,0.0,0.0,0.0,0.0,0.0,0.0,0.0,0.0,1.0,0.0,0.0,True,Qwen/Qwen2.5-Coder-14B-Instruct-AWQ,None
2225@y_name@DESC,Bar,Hard,8.8269,26.4808,3,0.0,0.0,0.0,0.0,0.0,0.0,0.0,0.0,0.0,0.0,1.0,0.0,0.0,True,Qwen/Qwen2.5-Coder-14B-Instruct-AWQ,None
2235@x_name@DESC,Bar,Hard,8.6393,17.2786,2,0.0,0.0,0.0,0.0,0.5,0.0,0.0,0.0,0.0,0.5,0.5,0.0,0.0,True,Qwen/Qwen2.5-Coder-14B-Instruct-AWQ,None
2235@x_name@DESC,Bar,Hard,8.6393,17.2786,2,0.0,0.0,0.0,0.0,0.5,0.0,0.0,0.0,0.0,0.5,0.5,0.0,0.0,True,Qwen/Qwen2.5-Coder-14B-Instruct-AWQ,None
2235@x_name@DESC,Bar,Hard,8.6393,17.2786,2,0.0,0.0,0.0,0.0,0.5,0.0,0.0,0.0,0.0,0.5,0.5,0.0,0.0,True,Qwen/Qwen2.5-Coder-14B-Instruct-AWQ,None
2236@y_name@ASC,Bar,Hard,8.5141,34.0565,4,0.0,0.0,0.0,0.0,1.0,0.0,0.0,0.0,0.0,1.0,0.0,,0.0,True,Qwen/Qwen2.5-Coder-14B-Instruct-AWQ,None
2236@y_name@ASC,Bar,Hard,8.5141,34.0565,4,0.0,0.0,0.0,0.0,1.0,0.0,0.0,0.0,0.0,1.0,0.0,,0.0,True,Qwen/Qwen2.5-Coder-14B-Instruct-AWQ,None
2236@y_name@ASC,Bar,Hard,8.5141,34.0565,4,0.0,0.0,0.0,0.0,1.0,0.0,0.0,0.0,0.0,1.0,0.0,,0.0,True,Qwen/Qwen2.5-Coder-14B-Instruct-AWQ,None
2305@y_name@ASC,Bar,Hard,5.2579,10.5158,2,0.0,0.0,0.0,0.0,1.0,0.0,0.0,0.0,0.0,1.0,0.0,,0.0,True,Qwen/Qwen2.5-Coder-14B-Instruct-AWQ,None
2305@y_name@ASC,Bar,Hard,5.2579,10.5158,2,0.0,0.0,0.0,0.0,1.0,0.0,0.0,0.0,0.0,1.0,0.0,,0.0,True,Qwen/Qwen2.5-Coder-14B-Instruct-AWQ,None
2305@y_name@ASC,Bar,Hard,5.2579,10.5158,2,0.0,0.0,0.0,0.0,1.0,0.0,0.0,0.0,0.0,1.0,0.0,,0.0,True,Qwen/Qwen2.5-Coder-14B-Instruct-AWQ,None
894@y_name@DESC,Bar,Medium,3.7085,7.417,2,0.0,0.0,0.0,0.0,0.0,0.0,0.0,0.0,0.0,0.0,1.0,0.0,0.0,False,Qwen/Qwen2.5-Coder-14B-Instruct-AWQ,None
894@y_name@DESC,Bar,Medium,3.7085,7.417,2,0.0,0.0,0.0,0.0,0.0,0.0,0.0,0.0,0.0,0.0,1.0,0.0,0.0,False,Qwen/Qwen2.5-Coder-14B-Instruct-AWQ,None
894@y_name@DESC,Bar,Medium,3.7085,7.417,2,0.0,0.0,0.0,0.0,0.0,0.0,0.0,0.0,0.0,0.0,1.0,0.0,0.0,False,Qwen/Qwen2.5-Coder-14B-Instruct-AWQ,None
2643@x_name@DESC,Bar,Medium,3.7809,3.7809,1,0.0,0.0,0.0,0.0,0.0,1.0,0.0,0.0,0.0,1.0,0.0,,0.0,False,Qwen/Qwen2.5-Coder-14B-Instruct-AWQ,None
2643@x_name@DESC,Bar,Medium,3.7809,3.7809,1,0.0,0.0,0.0,0.0,0.0,1.0,0.0,0.0,0.0,1.0,0.0,,0.0,False,Qwen/Qwen2.5-Coder-14B-Instruct-AWQ,None
2643@x_name@DESC,Bar,Medium,3.7809,3.7809,1,0.0,0.0,0.0,0.0,0.0,1.0,0.0,0.0,0.0,1.0,0.0,,0.0,False,Qwen/Qwen2.5-Coder-14B-Instruct-AWQ,None
2648@y_name@ASC,Bar,Medium,3.5436,17.7179,5,0.0,0.0,0.0,0.0,0.0,0.0,0.0,0.0,0.0,0.0,1.0,0.0,0.0,False,Qwen/Qwen2.5-Coder-14B-Instruct-AWQ,None
2648@y_name@ASC,Bar,Medium,3.5436,17.7179,5,0.0,0.0,0.0,0.0,0.0,0.0,0.0,0.0,0.0,0.0,1.0,0.0,0.0,False,Qwen/Qwen2.5-Coder-14B-Instruct-AWQ,None
2648@y_name@ASC,Bar,Medium,3.5436,17.7179,5,0.0,0.0,0.0,0.0,0.0,0.0,0.0,0.0,0.0,0.0,1.0,0.0,0.0,False,Qwen/Qwen2.5-Coder-14B-Instruct-AWQ,None
2788@x_name@DESC,Bar,Medium,9.3778,9.3778,1,0.0,0.0,0.0,0.0,1.0,0.0,0.0,0.0,0.0,1.0,0.0,,0.0,True,Qwen/Qwen2.5-Coder-14B-Instruct-AWQ,None
2788@x_name@DESC,Bar,Medium,9.3778,9.3778,1,0.0,0.0,0.0,0.0,1.0,0.0,0.0,0.0,0.0,1.0,0.0,,0.0,True,Qwen/Qwen2.5-Coder-14B-Instruct-AWQ,None
2788@x_name@DESC,Bar,Medium,9.3778,9.3778,1,0.0,0.0,0.0,0.0,1.0,0.0,0.0,0.0,0.0,1.0,0.0,,0.0,True,Qwen/Qwen2.5-Coder-14B-Instruct-AWQ,None
2790@x_name@DESC,Bar,Medium,4.3785,8.7571,2,0.0,0.0,0.0,0.0,0.0,0.5,0.0,0.0,0.0,0.5,0.5,0.0,0.0,False,Qwen/Qwen2.5-Coder-14B-Instruct-AWQ,None
2790@x_name@DESC,Bar,Medium,4.3785,8.7571,2,0.0,0.0,0.0,0.0,0.0,0.5,0.0,0.0,0.0,0.5,0.5,0.0,0.0,False,Qwen/Qwen2.5-Coder-14B-Instruct-AWQ,None
2790@x_name@DESC,Bar,Medium,4.3785,8.7571,2,0.0,0.0,0.0,0.0,0.0,0.5,0.0,0.0,0.0,0.5,0.5,0.0,0.0,False,Qwen/Qwen2.5-Coder-14B-Instruct-AWQ,None
2800@y_name@ASC,Bar,Medium,4.1493,8.2986,2,0.0,0.0,0.0,0.0,0.0,0.0,0.0,0.0,0.0,0.0,1.0,0.0,0.0,False,Qwen/Qwen2.5-Coder-14B-Instruct-AWQ,None
2800@y_name@ASC,Bar,Medium,4.1493,8.2986,2,0.0,0.0,0.0,0.0,0.0,0.0,0.0,0.0,0.0,0.0,1.0,0.0,0.0,False,Qwen/Qwen2.5-Coder-14B-Instruct-AWQ,None
2800@y_name@ASC,Bar,Medium,4.1493,8.2986,2,0.0,0.0,0.0,0.0,0.0,0.0,0.0,0.0,0.0,0.0,1.0,0.0,0.0,False,Qwen/Qwen2.5-Coder-14B-Instruct-AWQ,None
298@y_name@DESC,Bar,Hard,6.0586,6.0586,1,0.0,0.0,0.0,0.0,1.0,0.0,0.0,0.0,0.0,1.0,0.0,,0.0,False,Qwen/Qwen2.5-Coder-14B-Instruct-AWQ,None
298@y_name@DESC,Bar,Hard,6.0586,6.0586,1,0.0,0.0,0.0,0.0,1.0,0.0,0.0,0.0,0.0,1.0,0.0,,0.0,False,Qwen/Qwen2.5-Coder-14B-Instruct-AWQ,None
298@y_name@DESC,Bar,Hard,6.0586,6.0586,1,0.0,0.0,0.0,0.0,1.0,0.0,0.0,0.0,0.0,1.0,0.0,,0.0,False,Qwen/Qwen2.5-Coder-14B-Instruct-AWQ,None
303@x_name@DESC,Line,Hard,17.7205,17.7205,1,1.0,0.0,0.0,0.0,0.0,0.0,0.0,0.0,1.0,0.0,0.0,,0.0,False,Qwen/Qwen2.5-Coder-14B-Instruct-AWQ,None
303@x_name@DESC,Line,Hard,17.7205,17.7205,1,1.0,0.0,0.0,0.0,0.0,0.0,0.0,0.0,1.0,0.0,0.0,,0.0,False,Qwen/Qwen2.5-Coder-14B-Instruct-AWQ,None
303@x_name@DESC,Line,Hard,17.7205,17.7205,1,1.0,0.0,0.0,0.0,0.0,0.0,0.0,0.0,1.0,0.0,0.0,,0.0,False,Qwen/Qwen2.5-Coder-14B-Instruct-AWQ,None
317@y_name@DESC,Bar,Medium,17.4949,34.9898,2,1.0,0.0,0.0,0.0,0.0,0.0,0.0,0.0,1.0,0.0,0.0,,0.0,False,Qwen/Qwen2.5-Coder-14B-Instruct-AWQ,None
317@y_name@DESC,Bar,Medium,17.4949,34.9898,2,1.0,0.0,0.0,0.0,0.0,0.0,0.0,0.0,1.0,0.0,0.0,,0.0,False,Qwen/Qwen2.5-Coder-14B-Instruct-AWQ,None
317@y_name@DESC,Bar,Medium,17.4949,34.9898,2,1.0,0.0,0.0,0.0,0.0,0.0,0.0,0.0,1.0,0.0,0.0,,0.0,False,Qwen/Qwen2.5-Coder-14B-Instruct-AWQ,None
330@y_name@ASC,Bar,Hard,6.5184,13.0368,2,0.0,0.0,0.0,0.0,1.0,0.0,0.0,0.0,0.0,1.0,0.0,,0.0,False,Qwen/Qwen2.5-Coder-14B-Instruct-AWQ,None
330@y_name@ASC,Bar,Hard,6.5184,13.0368,2,0.0,0.0,0.0,0.0,1.0,0.0,0.0,0.0,0.0,1.0,0.0,,0.0,False,Qwen/Qwen2.5-Coder-14B-Instruct-AWQ,None
330@y_name@ASC,Bar,Hard,6.5184,13.0368,2,0.0,0.0,0.0,0.0,1.0,0.0,0.0,0.0,0.0,1.0,0.0,,0.0,False,Qwen/Qwen2.5-Coder-14B-Instruct-AWQ,None
339@x_name@DESC,Bar,Medium,4.962,4.962,1,0.0,0.0,0.0,0.0,0.0,0.0,0.0,0.0,0.0,0.0,1.0,0.0,0.0,False,Qwen/Qwen2.5-Coder-14B-Instruct-AWQ,None
339@x_name@DESC,Bar,Medium,4.962,4.962,1,0.0,0.0,0.0,0.0,0.0,0.0,0.0,0.0,0.0,0.0,1.0,0.0,0.0,False,Qwen/Qwen2.5-Coder-14B-Instruct-AWQ,None
339@x_name@DESC,Bar,Medium,4.962,4.962,1,0.0,0.0,0.0,0.0,0.0,0.0,0.0,0.0,0.0,0.0,1.0,0.0,0.0,False,Qwen/Qwen2.5-Coder-14B-Instruct-AWQ,None
349@y_name@DESC,Bar,Hard,6.1589,12.3179,2,0.0,0.0,0.0,0.0,1.0,0.0,0.0,0.0,0.0,1.0,0.0,,0.0,False,Qwen/Qwen2.5-Coder-14B-Instruct-AWQ,None
349@y_name@DESC,Bar,Hard,6.1589,12.3179,2,0.0,0.0,0.0,0.0,1.0,0.0,0.0,0.0,0.0,1.0,0.0,,0.0,False,Qwen/Qwen2.5-Coder-14B-Instruct-AWQ,None
349@y_name@DESC,Bar,Hard,6.1589,12.3179,2,0.0,0.0,0.0,0.0,1.0,0.0,0.0,0.0,0.0,1.0,0.0,,0.0,False,Qwen/Qwen2.5-Coder-14B-Instruct-AWQ,None
2585@x_name@ASC,Bar,Medium,2.7238,2.7238,1,0.0,0.0,0.0,0.0,0.0,1.0,0.0,0.0,0.0,1.0,0.0,,0.0,False,Qwen/Qwen2.5-Coder-14B-Instruct-AWQ,None
2585@x_name@ASC,Bar,Medium,2.7238,2.7238,1,0.0,0.0,0.0,0.0,0.0,1.0,0.0,0.0,0.0,1.0,0.0,,0.0,False,Qwen/Qwen2.5-Coder-14B-Instruct-AWQ,None
2585@x_name@ASC,Bar,Medium,2.7238,2.7238,1,0.0,0.0,0.0,0.0,0.0,1.0,0.0,0.0,0.0,1.0,0.0,,0.0,False,Qwen/Qwen2.5-Coder-14B-Instruct-AWQ,None
2587@y_name@ASC,Bar,Medium,3.7215,11.1645,3,0.0,0.0,0.0,0.0,0.0,0.0,0.0,0.0,0.0,0.0,1.0,0.0,0.0,False,Qwen/Qwen2.5-Coder-14B-Instruct-AWQ,None
2587@y_name@ASC,Bar,Medium,3.7215,11.1645,3,0.0,0.0,0.0,0.0,0.0,0.0,0.0,0.0,0.0,0.0,1.0,0.0,0.0,False,Qwen/Qwen2.5-Coder-14B-Instruct-AWQ,None
2587@y_name@ASC,Bar,Medium,3.7215,11.1645,3,0.0,0.0,0.0,0.0,0.0,0.0,0.0,0.0,0.0,0.0,1.0,0.0,0.0,False,Qwen/Qwen2.5-Coder-14B-Instruct-AWQ,None
927@y_name@ASC,Stacked Bar,Extra Hard,24.9922,24.9922,1,1.0,0.0,0.0,0.0,0.0,0.0,0.0,0.0,1.0,0.0,0.0,,0.0,False,Qwen/Qwen2.5-Coder-14B-Instruct-AWQ,None
927@y_name@ASC,Stacked Bar,Extra Hard,24.9922,24.9922,1,1.0,0.0,0.0,0.0,0.0,0.0,0.0,0.0,1.0,0.0,0.0,,0.0,False,Qwen/Qwen2.5-Coder-14B-Instruct-AWQ,None
927@y_name@ASC,Stacked Bar,Extra Hard,24.9922,24.9922,1,1.0,0.0,0.0,0.0,0.0,0.0,0.0,0.0,1.0,0.0,0.0,,0.0,False,Qwen/Qwen2.5-Coder-14B-Instruct-AWQ,None
932@y_name@DESC,Bar,Medium,4.133,8.2661,2,0.0,0.0,0.0,0.0,0.0,0.0,0.0,0.0,0.0,0.0,1.0,0.0,0.0,False,Qwen/Qwen2.5-Coder-14B-Instruct-AWQ,None
932@y_name@DESC,Bar,Medium,4.133,8.2661,2,0.0,0.0,0.0,0.0,0.0,0.0,0.0,0.0,0.0,0.0,1.0,0.0,0.0,False,Qwen/Qwen2.5-Coder-14B-Instruct-AWQ,None
932@y_name@DESC,Bar,Medium,4.133,8.2661,2,0.0,0.0,0.0,0.0,0.0,0.0,0.0,0.0,0.0,0.0,1.0,0.0,0.0,False,Qwen/Qwen2.5-Coder-14B-Instruct-AWQ,None
942@x_name@DESC,Grouping Line,Extra Hard,4.6892,4.6892,1,0.0,0.0,0.0,0.0,1.0,0.0,0.0,0.0,0.0,1.0,0.0,,0.0,False,Qwen/Qwen2.5-Coder-14B-Instruct-AWQ,None
942@x_name@DESC,Grouping Line,Extra Hard,4.6892,4.6892,1,0.0,0.0,0.0,0.0,1.0,0.0,0.0,0.0,0.0,1.0,0.0,,0.0,False,Qwen/Qwen2.5-Coder-14B-Instruct-AWQ,None
942@x_name@DESC,Grouping Line,Extra Hard,4.6892,4.6892,1,0.0,0.0,0.0,0.0,1.0,0.0,0.0,0.0,0.0,1.0,0.0,,0.0,False,Qwen/Qwen2.5-Coder-14B-Instruct-AWQ,None
988@x_name@DESC,Bar,Hard,6.5576,6.5576,1,0.0,0.0,0.0,0.0,0.0,0.0,0.0,0.0,0.0,0.0,1.0,0.0,0.0,True,Qwen/Qwen2.5-Coder-14B-Instruct-AWQ,None
988@x_name@DESC,Bar,Hard,6.5576,6.5576,1,0.0,0.0,0.0,0.0,0.0,0.0,0.0,0.0,0.0,0.0,1.0,0.0,0.0,True,Qwen/Qwen2.5-Coder-14B-Instruct-AWQ,None
988@x_name@DESC,Bar,Hard,6.5576,6.5576,1,0.0,0.0,0.0,0.0,0.0,0.0,0.0,0.0,0.0,0.0,1.0,0.0,0.0,True,Qwen/Qwen2.5-Coder-14B-Instruct-AWQ,None
1099@x_name@ASC,Bar,Easy,4.3969,4.3969,1,0.0,0.0,0.0,0.0,0.0,0.0,0.0,0.0,0.0,0.0,1.0,0.0,0.0,False,Qwen/Qwen2.5-Coder-14B-Instruct-AWQ,None
1099@x_name@ASC,Bar,Easy,4.3969,4.3969,1,0.0,0.0,0.0,0.0,0.0,0.0,0.0,0.0,0.0,0.0,1.0,0.0,0.0,False,Qwen/Qwen2.5-Coder-14B-Instruct-AWQ,None
1099@x_name@ASC,Bar,Easy,4.3969,4.3969,1,0.0,0.0,0.0,0.0,0.0,0.0,0.0,0.0,0.0,0.0,1.0,0.0,0.0,False,Qwen/Qwen2.5-Coder-14B-Instruct-AWQ,None
1100@x_name@ASC,Line,Medium,4.3434,4.3434,1,0.0,0.0,0.0,0.0,0.0,0.0,0.0,0.0,0.0,0.0,1.0,0.0,0.0,False,Qwen/Qwen2.5-Coder-14B-Instruct-AWQ,None
1100@x_name@ASC,Line,Medium,4.3434,4.3434,1,0.0,0.0,0.0,0.0,0.0,0.0,0.0,0.0,0.0,0.0,1.0,0.0,0.0,False,Qwen/Qwen2.5-Coder-14B-Instruct-AWQ,None
1100@x_name@ASC,Line,Medium,4.3434,4.3434,1,0.0,0.0,0.0,0.0,0.0,0.0,0.0,0.0,0.0,0.0,1.0,0.0,0.0,False,Qwen/Qwen2.5-Coder-14B-Instruct-AWQ,None
1101@x_name@ASC,Line,Medium,4.4575,8.9149,2,0.0,0.0,0.0,0.0,1.0,0.0,0.0,0.0,0.0,1.0,0.0,,0.0,False,Qwen/Qwen2.5-Coder-14B-Instruct-AWQ,None
1101@x_name@ASC,Line,Medium,4.4575,8.9149,2,0.0,0.0,0.0,0.0,1.0,0.0,0.0,0.0,0.0,1.0,0.0,,0.0,False,Qwen/Qwen2.5-Coder-14B-Instruct-AWQ,None
1101@x_name@ASC,Line,Medium,4.4575,8.9149,2,0.0,0.0,0.0,0.0,1.0,0.0,0.0,0.0,0.0,1.0,0.0,,0.0,False,Qwen/Qwen2.5-Coder-14B-Instruct-AWQ,None
1105@y_name@ASC,Bar,Extra Hard,7.1225,7.1225,1,0.0,0.0,0.0,0.0,1.0,0.0,0.0,0.0,0.0,1.0,0.0,,0.0,True,Qwen/Qwen2.5-Coder-14B-Instruct-AWQ,None
1105@y_name@ASC,Bar,Extra Hard,7.1225,7.1225,1,0.0,0.0,0.0,0.0,1.0,0.0,0.0,0.0,0.0,1.0,0.0,,0.0,True,Qwen/Qwen2.5-Coder-14B-Instruct-AWQ,None
1105@y_name@ASC,Bar,Extra Hard,7.1225,7.1225,1,0.0,0.0,0.0,0.0,1.0,0.0,0.0,0.0,0.0,1.0,0.0,,0.0,True,Qwen/Qwen2.5-Coder-14B-Instruct-AWQ,None
1112@x_name@DESC,Bar,Medium,5.0813,5.0813,1,0.0,0.0,0.0,0.0,0.0,0.0,0.0,0.0,0.0,0.0,1.0,0.0,0.0,False,Qwen/Qwen2.5-Coder-14B-Instruct-AWQ,None
1112@x_name@DESC,Bar,Medium,5.0813,5.0813,1,0.0,0.0,0.0,0.0,0.0,0.0,0.0,0.0,0.0,0.0,1.0,0.0,0.0,False,Qwen/Qwen2.5-Coder-14B-Instruct-AWQ,None
1112@x_name@DESC,Bar,Medium,5.0813,5.0813,1,0.0,0.0,0.0,0.0,0.0,0.0,0.0,0.0,0.0,0.0,1.0,0.0,0.0,False,Qwen/Qwen2.5-Coder-14B-Instruct-AWQ,None
2475@y_name@DESC,Bar,Hard,6.9601,6.9601,1,0.0,0.0,0.0,0.0,0.0,0.0,0.0,0.0,0.0,0.0,1.0,0.0,0.0,True,Qwen/Qwen2.5-Coder-14B-Instruct-AWQ,None
2475@y_name@DESC,Bar,Hard,6.9601,6.9601,1,0.0,0.0,0.0,0.0,0.0,0.0,0.0,0.0,0.0,0.0,1.0,0.0,0.0,True,Qwen/Qwen2.5-Coder-14B-Instruct-AWQ,None
2475@y_name@DESC,Bar,Hard,6.9601,6.9601,1,0.0,0.0,0.0,0.0,0.0,0.0,0.0,0.0,0.0,0.0,1.0,0.0,0.0,True,Qwen/Qwen2.5-Coder-14B-Instruct-AWQ,None
2486@x_name@DESC,Bar,Medium,3.7612,11.2836,3,0.0,0.0,0.0,0.0,0.0,1.0,0.0,0.0,0.0,1.0,0.0,,0.0,False,Qwen/Qwen2.5-Coder-14B-Instruct-AWQ,None
2486@x_name@DESC,Bar,Medium,3.7612,11.2836,3,0.0,0.0,0.0,0.0,0.0,1.0,0.0,0.0,0.0,1.0,0.0,,0.0,False,Qwen/Qwen2.5-Coder-14B-Instruct-AWQ,None
2486@x_name@DESC,Bar,Medium,3.7612,11.2836,3,0.0,0.0,0.0,0.0,0.0,1.0,0.0,0.0,0.0,1.0,0.0,,0.0,False,Qwen/Qwen2.5-Coder-14B-Instruct-AWQ,None
2488@y_name@DESC,Bar,Medium,3.691,7.3819,2,0.0,0.0,0.0,0.0,0.0,0.5,0.0,0.0,0.0,0.5,0.5,0.0,0.0,False,Qwen/Qwen2.5-Coder-14B-Instruct-AWQ,None
2488@y_name@DESC,Bar,Medium,3.691,7.3819,2,0.0,0.0,0.0,0.0,0.0,0.5,0.0,0.0,0.0,0.5,0.5,0.0,0.0,False,Qwen/Qwen2.5-Coder-14B-Instruct-AWQ,None
2488@y_name@DESC,Bar,Medium,3.691,7.3819,2,0.0,0.0,0.0,0.0,0.0,0.5,0.0,0.0,0.0,0.5,0.5,0.0,0.0,False,Qwen/Qwen2.5-Coder-14B-Instruct-AWQ,None
2493@y_name@DESC,Bar,Hard,5.1567,5.1567,1,0.0,0.0,0.0,0.0,0.0,0.0,0.0,0.0,0.0,0.0,1.0,0.0,0.0,True,Qwen/Qwen2.5-Coder-14B-Instruct-AWQ,None
2493@y_name@DESC,Bar,Hard,5.1567,5.1567,1,0.0,0.0,0.0,0.0,0.0,0.0,0.0,0.0,0.0,0.0,1.0,0.0,0.0,True,Qwen/Qwen2.5-Coder-14B-Instruct-AWQ,None
2493@y_name@DESC,Bar,Hard,5.1567,5.1567,1,0.0,0.0,0.0,0.0,0.0,0.0,0.0,0.0,0.0,0.0,1.0,0.0,0.0,True,Qwen/Qwen2.5-Coder-14B-Instruct-AWQ,None
3058@y_name@ASC,Bar,Medium,3.141,12.564,4,0.0,0.0,0.0,0.0,0.0,0.0,0.0,0.0,0.0,0.0,1.0,0.0,0.0,False,Qwen/Qwen2.5-Coder-14B-Instruct-AWQ,None
3058@y_name@ASC,Bar,Medium,3.141,12.564,4,0.0,0.0,0.0,0.0,0.0,0.0,0.0,0.0,0.0,0.0,1.0,0.0,0.0,False,Qwen/Qwen2.5-Coder-14B-Instruct-AWQ,None
3058@y_name@ASC,Bar,Medium,3.141,12.564,4,0.0,0.0,0.0,0.0,0.0,0.0,0.0,0.0,0.0,0.0,1.0,0.0,0.0,False,Qwen/Qwen2.5-Coder-14B-Instruct-AWQ,None
2421@y_name@DESC,Bar,Medium,2.9295,5.859,2,0.0,0.0,0.0,0.0,0.0,0.0,0.0,0.0,0.0,0.0,1.0,0.0,0.0,False,Qwen/Qwen2.5-Coder-14B-Instruct-AWQ,None
2421@y_name@DESC,Bar,Medium,2.9295,5.859,2,0.0,0.0,0.0,0.0,0.0,0.0,0.0,0.0,0.0,0.0,1.0,0.0,0.0,False,Qwen/Qwen2.5-Coder-14B-Instruct-AWQ,None
2421@y_name@DESC,Bar,Medium,2.9295,5.859,2,0.0,0.0,0.0,0.0,0.0,0.0,0.0,0.0,0.0,0.0,1.0,0.0,0.0,False,Qwen/Qwen2.5-Coder-14B-Instruct-AWQ,None
2423@y_name@DESC,Bar,Medium,3.4584,13.8337,4,0.0,0.0,0.0,0.0,0.0,0.0,0.0,0.0,0.0,0.0,1.0,0.0,0.0,False,Qwen/Qwen2.5-Coder-14B-Instruct-AWQ,None
2423@y_name@DESC,Bar,Medium,3.4584,13.8337,4,0.0,0.0,0.0,0.0,0.0,0.0,0.0,0.0,0.0,0.0,1.0,0.0,0.0,False,Qwen/Qwen2.5-Coder-14B-Instruct-AWQ,None
2423@y_name@DESC,Bar,Medium,3.4584,13.8337,4,0.0,0.0,0.0,0.0,0.0,0.0,0.0,0.0,0.0,0.0,1.0,0.0,0.0,False,Qwen/Qwen2.5-Coder-14B-Instruct-AWQ,None
2430@y_name@ASC,Bar,Extra Hard,9.9041,9.9041,1,0.0,0.0,0.0,0.0,0.0,0.0,0.0,0.0,0.0,0.0,1.0,0.0,0.0,True,Qwen/Qwen2.5-Coder-14B-Instruct-AWQ,None
2430@y_name@ASC,Bar,Extra Hard,9.9041,9.9041,1,0.0,0.0,0.0,0.0,0.0,0.0,0.0,0.0,0.0,0.0,1.0,0.0,0.0,True,Qwen/Qwen2.5-Coder-14B-Instruct-AWQ,None
2430@y_name@ASC,Bar,Extra Hard,9.9041,9.9041,1,0.0,0.0,0.0,0.0,0.0,0.0,0.0,0.0,0.0,0.0,1.0,0.0,0.0,True,Qwen/Qwen2.5-Coder-14B-Instruct-AWQ,None
2859@y_name@ASC,Bar,Hard,8.9885,35.954,4,0.0,0.0,0.0,0.0,0.0,0.0,0.0,0.0,0.0,0.0,1.0,0.0,0.0,True,Qwen/Qwen2.5-Coder-14B-Instruct-AWQ,None
2859@y_name@ASC,Bar,Hard,8.9885,35.954,4,0.0,0.0,0.0,0.0,0.0,0.0,0.0,0.0,0.0,0.0,1.0,0.0,0.0,True,Qwen/Qwen2.5-Coder-14B-Instruct-AWQ,None
2859@y_name@ASC,Bar,Hard,8.9885,35.954,4,0.0,0.0,0.0,0.0,0.0,0.0,0.0,0.0,0.0,0.0,1.0,0.0,0.0,True,Qwen/Qwen2.5-Coder-14B-Instruct-AWQ,None
2860@x_name@DESC,Bar,Medium,5.1779,5.1779,1,0.0,0.0,0.0,0.0,0.0,1.0,0.0,0.0,0.0,1.0,0.0,,0.0,False,Qwen/Qwen2.5-Coder-14B-Instruct-AWQ,None
2860@x_name@DESC,Bar,Medium,5.1779,5.1779,1,0.0,0.0,0.0,0.0,0.0,1.0,0.0,0.0,0.0,1.0,0.0,,0.0,False,Qwen/Qwen2.5-Coder-14B-Instruct-AWQ,None
2860@x_name@DESC,Bar,Medium,5.1779,5.1779,1,0.0,0.0,0.0,0.0,0.0,1.0,0.0,0.0,0.0,1.0,0.0,,0.0,False,Qwen/Qwen2.5-Coder-14B-Instruct-AWQ,None
2862@x_name@ASC,Bar,Medium,4.2447,4.2447,1,0.0,0.0,0.0,0.0,0.0,0.0,0.0,0.0,0.0,0.0,1.0,0.0,0.0,False,Qwen/Qwen2.5-Coder-14B-Instruct-AWQ,None
2862@x_name@ASC,Bar,Medium,4.2447,4.2447,1,0.0,0.0,0.0,0.0,0.0,0.0,0.0,0.0,0.0,0.0,1.0,0.0,0.0,False,Qwen/Qwen2.5-Coder-14B-Instruct-AWQ,None
2862@x_name@ASC,Bar,Medium,4.2447,4.2447,1,0.0,0.0,0.0,0.0,0.0,0.0,0.0,0.0,0.0,0.0,1.0,0.0,0.0,False,Qwen/Qwen2.5-Coder-14B-Instruct-AWQ,None
2497@y_name@DESC,Bar,Hard,5.3838,10.7677,2,0.0,0.0,0.0,0.0,0.0,0.0,0.0,0.0,0.0,0.0,1.0,0.0,0.0,False,Qwen/Qwen2.5-Coder-14B-Instruct-AWQ,None
2497@y_name@DESC,Bar,Hard,5.3838,10.7677,2,0.0,0.0,0.0,0.0,0.0,0.0,0.0,0.0,0.0,0.0,1.0,0.0,0.0,False,Qwen/Qwen2.5-Coder-14B-Instruct-AWQ,None
2497@y_name@DESC,Bar,Hard,5.3838,10.7677,2,0.0,0.0,0.0,0.0,0.0,0.0,0.0,0.0,0.0,0.0,1.0,0.0,0.0,False,Qwen/Qwen2.5-Coder-14B-Instruct-AWQ,None
2507@y_name@ASC,Bar,Medium,4.2027,8.4054,2,0.0,0.0,0.0,0.0,0.0,0.0,0.0,0.0,0.0,0.0,1.0,0.0,0.0,False,Qwen/Qwen2.5-Coder-14B-Instruct-AWQ,None
2507@y_name@ASC,Bar,Medium,4.2027,8.4054,2,0.0,0.0,0.0,0.0,0.0,0.0,0.0,0.0,0.0,0.0,1.0,0.0,0.0,False,Qwen/Qwen2.5-Coder-14B-Instruct-AWQ,None
2507@y_name@ASC,Bar,Medium,4.2027,8.4054,2,0.0,0.0,0.0,0.0,0.0,0.0,0.0,0.0,0.0,0.0,1.0,0.0,0.0,False,Qwen/Qwen2.5-Coder-14B-Instruct-AWQ,None
2735@x_name@DESC,Bar,Hard,5.1229,10.2458,2,0.0,0.0,0.0,0.0,0.0,0.0,0.0,0.0,0.0,0.0,1.0,0.0,0.0,False,Qwen/Qwen2.5-Coder-14B-Instruct-AWQ,None
2735@x_name@DESC,Bar,Hard,5.1229,10.2458,2,0.0,0.0,0.0,0.0,0.0,0.0,0.0,0.0,0.0,0.0,1.0,0.0,0.0,False,Qwen/Qwen2.5-Coder-14B-Instruct-AWQ,None
2735@x_name@DESC,Bar,Hard,5.1229,10.2458,2,0.0,0.0,0.0,0.0,0.0,0.0,0.0,0.0,0.0,0.0,1.0,0.0,0.0,False,Qwen/Qwen2.5-Coder-14B-Instruct-AWQ,None
2737@y_name@DESC,Bar,Hard,6.2104,18.6311,3,0.0,0.0,0.0,0.0,0.0,0.0,0.0,0.0,0.0,0.0,1.0,0.0,0.0,False,Qwen/Qwen2.5-Coder-14B-Instruct-AWQ,None
2737@y_name@DESC,Bar,Hard,6.2104,18.6311,3,0.0,0.0,0.0,0.0,0.0,0.0,0.0,0.0,0.0,0.0,1.0,0.0,0.0,False,Qwen/Qwen2.5-Coder-14B-Instruct-AWQ,None
2737@y_name@DESC,Bar,Hard,6.2104,18.6311,3,0.0,0.0,0.0,0.0,0.0,0.0,0.0,0.0,0.0,0.0,1.0,0.0,0.0,False,Qwen/Qwen2.5-Coder-14B-Instruct-AWQ,None
2739@x_name@ASC,Bar,Medium,4.3991,4.3991,1,0.0,0.0,0.0,0.0,0.0,0.0,0.0,0.0,0.0,0.0,1.0,0.0,0.0,False,Qwen/Qwen2.5-Coder-14B-Instruct-AWQ,None
2739@x_name@ASC,Bar,Medium,4.3991,4.3991,1,0.0,0.0,0.0,0.0,0.0,0.0,0.0,0.0,0.0,0.0,1.0,0.0,0.0,False,Qwen/Qwen2.5-Coder-14B-Instruct-AWQ,None
2739@x_name@ASC,Bar,Medium,4.3991,4.3991,1,0.0,0.0,0.0,0.0,0.0,0.0,0.0,0.0,0.0,0.0,1.0,0.0,0.0,False,Qwen/Qwen2.5-Coder-14B-Instruct-AWQ,None
2740@y_name@DESC,Bar,Medium,5.8165,5.8165,1,0.0,0.0,0.0,0.0,0.0,0.0,0.0,0.0,0.0,0.0,1.0,0.0,0.0,False,Qwen/Qwen2.5-Coder-14B-Instruct-AWQ,None
2740@y_name@DESC,Bar,Medium,5.8165,5.8165,1,0.0,0.0,0.0,0.0,0.0,0.0,0.0,0.0,0.0,0.0,1.0,0.0,0.0,False,Qwen/Qwen2.5-Coder-14B-Instruct-AWQ,None
2740@y_name@DESC,Bar,Medium,5.8165,5.8165,1,0.0,0.0,0.0,0.0,0.0,0.0,0.0,0.0,0.0,0.0,1.0,0.0,0.0,False,Qwen/Qwen2.5-Coder-14B-Instruct-AWQ,None
2747@x_name@DESC,Bar,Medium,3.5624,3.5624,1,0.0,0.0,0.0,0.0,0.0,0.0,0.0,0.0,0.0,0.0,1.0,0.0,0.0,False,Qwen/Qwen2.5-Coder-14B-Instruct-AWQ,None
2747@x_name@DESC,Bar,Medium,3.5624,3.5624,1,0.0,0.0,0.0,0.0,0.0,0.0,0.0,0.0,0.0,0.0,1.0,0.0,0.0,False,Qwen/Qwen2.5-Coder-14B-Instruct-AWQ,None
2747@x_name@DESC,Bar,Medium,3.5624,3.5624,1,0.0,0.0,0.0,0.0,0.0,0.0,0.0,0.0,0.0,0.0,1.0,0.0,0.0,False,Qwen/Qwen2.5-Coder-14B-Instruct-AWQ,None
2751@x_name@ASC,Bar,Medium,3.3686,3.3686,1,0.0,0.0,0.0,0.0,0.0,0.0,0.0,0.0,0.0,0.0,1.0,0.0,0.0,False,Qwen/Qwen2.5-Coder-14B-Instruct-AWQ,None
2751@x_name@ASC,Bar,Medium,3.3686,3.3686,1,0.0,0.0,0.0,0.0,0.0,0.0,0.0,0.0,0.0,0.0,1.0,0.0,0.0,False,Qwen/Qwen2.5-Coder-14B-Instruct-AWQ,None
2751@x_name@ASC,Bar,Medium,3.3686,3.3686,1,0.0,0.0,0.0,0.0,0.0,0.0,0.0,0.0,0.0,0.0,1.0,0.0,0.0,False,Qwen/Qwen2.5-Coder-14B-Instruct-AWQ,None
2753@y_name@DESC,Bar,Medium,4.0811,12.2432,3,0.0,0.0,0.0,0.0,0.0,0.0,0.0,0.0,0.0,0.0,1.0,0.0,0.0,False,Qwen/Qwen2.5-Coder-14B-Instruct-AWQ,None
2753@y_name@DESC,Bar,Medium,4.0811,12.2432,3,0.0,0.0,0.0,0.0,0.0,0.0,0.0,0.0,0.0,0.0,1.0,0.0,0.0,False,Qwen/Qwen2.5-Coder-14B-Instruct-AWQ,None
2753@y_name@DESC,Bar,Medium,4.0811,12.2432,3,0.0,0.0,0.0,0.0,0.0,0.0,0.0,0.0,0.0,0.0,1.0,0.0,0.0,False,Qwen/Qwen2.5-Coder-14B-Instruct-AWQ,None
2803@y_name@ASC,Bar,Hard,6.5063,13.0126,2,0.0,0.0,0.0,0.0,1.0,0.0,0.0,0.0,0.0,1.0,0.0,,0.0,True,Qwen/Qwen2.5-Coder-14B-Instruct-AWQ,None
2803@y_name@ASC,Bar,Hard,6.5063,13.0126,2,0.0,0.0,0.0,0.0,1.0,0.0,0.0,0.0,0.0,1.0,0.0,,0.0,True,Qwen/Qwen2.5-Coder-14B-Instruct-AWQ,None
2803@y_name@ASC,Bar,Hard,6.5063,13.0126,2,0.0,0.0,0.0,0.0,1.0,0.0,0.0,0.0,0.0,1.0,0.0,,0.0,True,Qwen/Qwen2.5-Coder-14B-Instruct-AWQ,None
2805@y_name@ASC,Bar,Hard,4.1149,8.2298,2,0.0,0.0,0.0,0.0,0.5,0.0,0.0,0.0,0.0,0.5,0.5,0.0,0.0,False,Qwen/Qwen2.5-Coder-14B-Instruct-AWQ,None
2805@y_name@ASC,Bar,Hard,4.1149,8.2298,2,0.0,0.0,0.0,0.0,0.5,0.0,0.0,0.0,0.0,0.5,0.5,0.0,0.0,False,Qwen/Qwen2.5-Coder-14B-Instruct-AWQ,None
2805@y_name@ASC,Bar,Hard,4.1149,8.2298,2,0.0,0.0,0.0,0.0,0.5,0.0,0.0,0.0,0.0,0.5,0.5,0.0,0.0,False,Qwen/Qwen2.5-Coder-14B-Instruct-AWQ,None
2811@x_name@ASC,Bar,Medium,3.133,6.266,2,0.0,0.0,0.0,0.0,0.5,0.0,0.0,0.0,0.0,0.5,0.5,0.0,0.0,False,Qwen/Qwen2.5-Coder-14B-Instruct-AWQ,None
2811@x_name@ASC,Bar,Medium,3.133,6.266,2,0.0,0.0,0.0,0.0,0.5,0.0,0.0,0.0,0.0,0.5,0.5,0.0,0.0,False,Qwen/Qwen2.5-Coder-14B-Instruct-AWQ,None
2811@x_name@ASC,Bar,Medium,3.133,6.266,2,0.0,0.0,0.0,0.0,0.5,0.0,0.0,0.0,0.0,0.5,0.5,0.0,0.0,False,Qwen/Qwen2.5-Coder-14B-Instruct-AWQ,None
2621@y_name@DESC,Bar,Extra Hard,8.0634,32.2538,4,0.0,0.25,0.0,0.0,0.0,0.0,0.0,0.0,0.25,0.0,0.75,0.0,0.0,True,Qwen/Qwen2.5-Coder-14B-Instruct-AWQ,None
2621@y_name@DESC,Bar,Extra Hard,8.0634,32.2538,4,0.0,0.25,0.0,0.0,0.0,0.0,0.0,0.0,0.25,0.0,0.75,0.0,0.0,True,Qwen/Qwen2.5-Coder-14B-Instruct-AWQ,None
2621@y_name@DESC,Bar,Extra Hard,8.0634,32.2538,4,0.0,0.25,0.0,0.0,0.0,0.0,0.0,0.0,0.25,0.0,0.75,0.0,0.0,True,Qwen/Qwen2.5-Coder-14B-Instruct-AWQ,None
1163@y_name@ASC,Bar,Hard,4.0798,4.0798,1,0.0,0.0,0.0,0.0,0.0,0.0,0.0,0.0,0.0,0.0,1.0,0.0,0.0,True,Qwen/Qwen2.5-Coder-14B-Instruct-AWQ,None
1163@y_name@ASC,Bar,Hard,4.0798,4.0798,1,0.0,0.0,0.0,0.0,0.0,0.0,0.0,0.0,0.0,0.0,1.0,0.0,0.0,True,Qwen/Qwen2.5-Coder-14B-Instruct-AWQ,None
1163@y_name@ASC,Bar,Hard,4.0798,4.0798,1,0.0,0.0,0.0,0.0,0.0,0.0,0.0,0.0,0.0,0.0,1.0,0.0,0.0,True,Qwen/Qwen2.5-Coder-14B-Instruct-AWQ,None
1164@y_name@ASC,Bar,Hard,4.3183,8.6366,2,0.0,0.0,0.0,0.0,0.0,0.0,0.0,0.0,0.0,0.0,1.0,0.0,0.0,True,Qwen/Qwen2.5-Coder-14B-Instruct-AWQ,None
1164@y_name@ASC,Bar,Hard,4.3183,8.6366,2,0.0,0.0,0.0,0.0,0.0,0.0,0.0,0.0,0.0,0.0,1.0,0.0,0.0,True,Qwen/Qwen2.5-Coder-14B-Instruct-AWQ,None
1164@y_name@ASC,Bar,Hard,4.3183,8.6366,2,0.0,0.0,0.0,0.0,0.0,0.0,0.0,0.0,0.0,0.0,1.0,0.0,0.0,True,Qwen/Qwen2.5-Coder-14B-Instruct-AWQ,None
1165@x_name@DESC,Line,Hard,3.9192,3.9192,1,0.0,0.0,0.0,0.0,1.0,0.0,0.0,0.0,0.0,1.0,0.0,,0.0,True,Qwen/Qwen2.5-Coder-14B-Instruct-AWQ,None
1165@x_name@DESC,Line,Hard,3.9192,3.9192,1,0.0,0.0,0.0,0.0,1.0,0.0,0.0,0.0,0.0,1.0,0.0,,0.0,True,Qwen/Qwen2.5-Coder-14B-Instruct-AWQ,None
1165@x_name@DESC,Line,Hard,3.9192,3.9192,1,0.0,0.0,0.0,0.0,1.0,0.0,0.0,0.0,0.0,1.0,0.0,,0.0,True,Qwen/Qwen2.5-Coder-14B-Instruct-AWQ,None
1166@y_name@ASC,Bar,Hard,6.4387,12.8774,2,0.0,0.0,0.0,0.0,0.0,0.0,0.0,0.0,0.0,0.0,1.0,0.0,0.0,True,Qwen/Qwen2.5-Coder-14B-Instruct-AWQ,None
1166@y_name@ASC,Bar,Hard,6.4387,12.8774,2,0.0,0.0,0.0,0.0,0.0,0.0,0.0,0.0,0.0,0.0,1.0,0.0,0.0,True,Qwen/Qwen2.5-Coder-14B-Instruct-AWQ,None
1166@y_name@ASC,Bar,Hard,6.4387,12.8774,2,0.0,0.0,0.0,0.0,0.0,0.0,0.0,0.0,0.0,0.0,1.0,0.0,0.0,True,Qwen/Qwen2.5-Coder-14B-Instruct-AWQ,None
1167@y_name@ASC,Bar,Medium,5.1964,5.1964,1,0.0,0.0,0.0,0.0,1.0,0.0,0.0,0.0,0.0,1.0,0.0,,0.0,False,Qwen/Qwen2.5-Coder-14B-Instruct-AWQ,None
1167@y_name@ASC,Bar,Medium,5.1964,5.1964,1,0.0,0.0,0.0,0.0,1.0,0.0,0.0,0.0,0.0,1.0,0.0,,0.0,False,Qwen/Qwen2.5-Coder-14B-Instruct-AWQ,None
1167@y_name@ASC,Bar,Medium,5.1964,5.1964,1,0.0,0.0,0.0,0.0,1.0,0.0,0.0,0.0,0.0,1.0,0.0,,0.0,False,Qwen/Qwen2.5-Coder-14B-Instruct-AWQ,None
1169@y_name@DESC,Bar,Medium,4.4513,8.9025,2,0.0,0.0,0.0,0.0,0.0,0.0,0.0,0.0,0.0,0.0,1.0,0.0,0.0,False,Qwen/Qwen2.5-Coder-14B-Instruct-AWQ,None
1169@y_name@DESC,Bar,Medium,4.4513,8.9025,2,0.0,0.0,0.0,0.0,0.0,0.0,0.0,0.0,0.0,0.0,1.0,0.0,0.0,False,Qwen/Qwen2.5-Coder-14B-Instruct-AWQ,None
1169@y_name@DESC,Bar,Medium,4.4513,8.9025,2,0.0,0.0,0.0,0.0,0.0,0.0,0.0,0.0,0.0,0.0,1.0,0.0,0.0,False,Qwen/Qwen2.5-Coder-14B-Instruct-AWQ,None
1181@y_name@DESC,Bar,Medium,3.4917,6.9834,2,0.0,0.0,0.0,0.0,0.0,0.0,0.0,0.0,0.0,0.0,1.0,0.0,0.0,False,Qwen/Qwen2.5-Coder-14B-Instruct-AWQ,None
1181@y_name@DESC,Bar,Medium,3.4917,6.9834,2,0.0,0.0,0.0,0.0,0.0,0.0,0.0,0.0,0.0,0.0,1.0,0.0,0.0,False,Qwen/Qwen2.5-Coder-14B-Instruct-AWQ,None
1181@y_name@DESC,Bar,Medium,3.4917,6.9834,2,0.0,0.0,0.0,0.0,0.0,0.0,0.0,0.0,0.0,0.0,1.0,0.0,0.0,False,Qwen/Qwen2.5-Coder-14B-Instruct-AWQ,None
1184@y_name@ASC,Bar,Medium,3.7799,7.5598,2,0.0,0.0,0.0,0.0,0.0,0.0,0.0,0.0,0.0,0.0,1.0,0.0,0.0,False,Qwen/Qwen2.5-Coder-14B-Instruct-AWQ,None
1184@y_name@ASC,Bar,Medium,3.7799,7.5598,2,0.0,0.0,0.0,0.0,0.0,0.0,0.0,0.0,0.0,0.0,1.0,0.0,0.0,False,Qwen/Qwen2.5-Coder-14B-Instruct-AWQ,None
1184@y_name@ASC,Bar,Medium,3.7799,7.5598,2,0.0,0.0,0.0,0.0,0.0,0.0,0.0,0.0,0.0,0.0,1.0,0.0,0.0,False,Qwen/Qwen2.5-Coder-14B-Instruct-AWQ,None
1185@y_name@DESC,Bar,Medium,3.7016,7.4031,2,0.0,0.0,0.0,0.0,0.0,0.0,0.0,0.0,0.0,0.0,1.0,0.0,0.0,False,Qwen/Qwen2.5-Coder-14B-Instruct-AWQ,None
1185@y_name@DESC,Bar,Medium,3.7016,7.4031,2,0.0,0.0,0.0,0.0,0.0,0.0,0.0,0.0,0.0,0.0,1.0,0.0,0.0,False,Qwen/Qwen2.5-Coder-14B-Instruct-AWQ,None
1185@y_name@DESC,Bar,Medium,3.7016,7.4031,2,0.0,0.0,0.0,0.0,0.0,0.0,0.0,0.0,0.0,0.0,1.0,0.0,0.0,False,Qwen/Qwen2.5-Coder-14B-Instruct-AWQ,None
1190@y_name@ASC,Bar,Hard,19.311,38.622,2,1.0,0.0,0.0,0.0,0.0,0.0,0.0,0.0,1.0,0.0,0.0,,0.0,True,Qwen/Qwen2.5-Coder-14B-Instruct-AWQ,None
1190@y_name@ASC,Bar,Hard,19.311,38.622,2,1.0,0.0,0.0,0.0,0.0,0.0,0.0,0.0,1.0,0.0,0.0,,0.0,True,Qwen/Qwen2.5-Coder-14B-Instruct-AWQ,None
1190@y_name@ASC,Bar,Hard,19.311,38.622,2,1.0,0.0,0.0,0.0,0.0,0.0,0.0,0.0,1.0,0.0,0.0,,0.0,True,Qwen/Qwen2.5-Coder-14B-Instruct-AWQ,None
1197@x_name@ASC,Bar,Hard,6.1092,12.2185,2,0.0,0.0,0.0,0.0,0.0,0.0,0.0,0.0,0.0,0.0,1.0,0.0,0.0,True,Qwen/Qwen2.5-Coder-14B-Instruct-AWQ,None
1197@x_name@ASC,Bar,Hard,6.1092,12.2185,2,0.0,0.0,0.0,0.0,0.0,0.0,0.0,0.0,0.0,0.0,1.0,0.0,0.0,True,Qwen/Qwen2.5-Coder-14B-Instruct-AWQ,None
1197@x_name@ASC,Bar,Hard,6.1092,12.2185,2,0.0,0.0,0.0,0.0,0.0,0.0,0.0,0.0,0.0,0.0,1.0,0.0,0.0,True,Qwen/Qwen2.5-Coder-14B-Instruct-AWQ,None
1200@y_name@ASC,Bar,Hard,6.394,12.7881,2,0.0,0.0,0.0,0.0,1.0,0.0,0.0,0.0,0.0,1.0,0.0,,0.0,True,Qwen/Qwen2.5-Coder-14B-Instruct-AWQ,None
1200@y_name@ASC,Bar,Hard,6.394,12.7881,2,0.0,0.0,0.0,0.0,1.0,0.0,0.0,0.0,0.0,1.0,0.0,,0.0,True,Qwen/Qwen2.5-Coder-14B-Instruct-AWQ,None
1200@y_name@ASC,Bar,Hard,6.394,12.7881,2,0.0,0.0,0.0,0.0,1.0,0.0,0.0,0.0,0.0,1.0,0.0,,0.0,True,Qwen/Qwen2.5-Coder-14B-Instruct-AWQ,None
2075@y_name@DESC,Bar,Extra Hard,7.4061,7.4061,1,0.0,0.0,0.0,0.0,0.0,0.0,0.0,0.0,0.0,0.0,1.0,0.0,0.0,True,Qwen/Qwen2.5-Coder-14B-Instruct-AWQ,None
2075@y_name@DESC,Bar,Extra Hard,7.4061,7.4061,1,0.0,0.0,0.0,0.0,0.0,0.0,0.0,0.0,0.0,0.0,1.0,0.0,0.0,True,Qwen/Qwen2.5-Coder-14B-Instruct-AWQ,None
2075@y_name@DESC,Bar,Extra Hard,7.4061,7.4061,1,0.0,0.0,0.0,0.0,0.0,0.0,0.0,0.0,0.0,0.0,1.0,0.0,0.0,True,Qwen/Qwen2.5-Coder-14B-Instruct-AWQ,None
2079@y_name@DESC,Bar,Medium,3.8317,3.8317,1,0.0,0.0,0.0,0.0,0.0,0.0,0.0,0.0,0.0,0.0,1.0,0.0,0.0,False,Qwen/Qwen2.5-Coder-14B-Instruct-AWQ,None
2079@y_name@DESC,Bar,Medium,3.8317,3.8317,1,0.0,0.0,0.0,0.0,0.0,0.0,0.0,0.0,0.0,0.0,1.0,0.0,0.0,False,Qwen/Qwen2.5-Coder-14B-Instruct-AWQ,None
2079@y_name@DESC,Bar,Medium,3.8317,3.8317,1,0.0,0.0,0.0,0.0,0.0,0.0,0.0,0.0,0.0,0.0,1.0,0.0,0.0,False,Qwen/Qwen2.5-Coder-14B-Instruct-AWQ,None
2087@y_name@DESC,Bar,Medium,4.0271,4.0271,1,0.0,0.0,0.0,0.0,0.0,0.0,0.0,0.0,0.0,0.0,1.0,0.0,0.0,False,Qwen/Qwen2.5-Coder-14B-Instruct-AWQ,None
2087@y_name@DESC,Bar,Medium,4.0271,4.0271,1,0.0,0.0,0.0,0.0,0.0,0.0,0.0,0.0,0.0,0.0,1.0,0.0,0.0,False,Qwen/Qwen2.5-Coder-14B-Instruct-AWQ,None
2087@y_name@DESC,Bar,Medium,4.0271,4.0271,1,0.0,0.0,0.0,0.0,0.0,0.0,0.0,0.0,0.0,0.0,1.0,0.0,0.0,False,Qwen/Qwen2.5-Coder-14B-Instruct-AWQ,None
2088@x_name@ASC,Bar,Hard,5.4974,5.4974,1,0.0,0.0,0.0,0.0,0.0,0.0,0.0,0.0,0.0,0.0,1.0,0.0,0.0,True,Qwen/Qwen2.5-Coder-14B-Instruct-AWQ,None
2088@x_name@ASC,Bar,Hard,5.4974,5.4974,1,0.0,0.0,0.0,0.0,0.0,0.0,0.0,0.0,0.0,0.0,1.0,0.0,0.0,True,Qwen/Qwen2.5-Coder-14B-Instruct-AWQ,None
2088@x_name@ASC,Bar,Hard,5.4974,5.4974,1,0.0,0.0,0.0,0.0,0.0,0.0,0.0,0.0,0.0,0.0,1.0,0.0,0.0,True,Qwen/Qwen2.5-Coder-14B-Instruct-AWQ,None
2097@y_name@DESC,Bar,Hard,4.4831,4.4831,1,0.0,0.0,0.0,0.0,0.0,0.0,0.0,0.0,0.0,0.0,1.0,0.0,0.0,True,Qwen/Qwen2.5-Coder-14B-Instruct-AWQ,None
2097@y_name@DESC,Bar,Hard,4.4831,4.4831,1,0.0,0.0,0.0,0.0,0.0,0.0,0.0,0.0,0.0,0.0,1.0,0.0,0.0,True,Qwen/Qwen2.5-Coder-14B-Instruct-AWQ,None
2097@y_name@DESC,Bar,Hard,4.4831,4.4831,1,0.0,0.0,0.0,0.0,0.0,0.0,0.0,0.0,0.0,0.0,1.0,0.0,0.0,True,Qwen/Qwen2.5-Coder-14B-Instruct-AWQ,None
2102@y_name@DESC,Bar,Hard,14.6978,14.6978,1,1.0,0.0,0.0,0.0,0.0,0.0,0.0,0.0,1.0,0.0,0.0,,0.0,True,Qwen/Qwen2.5-Coder-14B-Instruct-AWQ,None
2102@y_name@DESC,Bar,Hard,14.6978,14.6978,1,1.0,0.0,0.0,0.0,0.0,0.0,0.0,0.0,1.0,0.0,0.0,,0.0,True,Qwen/Qwen2.5-Coder-14B-Instruct-AWQ,None
2102@y_name@DESC,Bar,Hard,14.6978,14.6978,1,1.0,0.0,0.0,0.0,0.0,0.0,0.0,0.0,1.0,0.0,0.0,,0.0,True,Qwen/Qwen2.5-Coder-14B-Instruct-AWQ,None
2109@y_name@ASC,Bar,Medium,3.7992,11.3975,3,0.0,0.0,0.0,0.0,0.0,1.0,0.0,0.0,0.0,1.0,0.0,,0.0,False,Qwen/Qwen2.5-Coder-14B-Instruct-AWQ,None
2109@y_name@ASC,Bar,Medium,3.7992,11.3975,3,0.0,0.0,0.0,0.0,0.0,1.0,0.0,0.0,0.0,1.0,0.0,,0.0,False,Qwen/Qwen2.5-Coder-14B-Instruct-AWQ,None
2109@y_name@ASC,Bar,Medium,3.7992,11.3975,3,0.0,0.0,0.0,0.0,0.0,1.0,0.0,0.0,0.0,1.0,0.0,,0.0,False,Qwen/Qwen2.5-Coder-14B-Instruct-AWQ,None
907@x_name@ASC,Bar,Medium,3.9819,7.9639,2,0.0,0.0,0.0,0.0,0.0,0.0,0.0,0.0,0.0,0.0,1.0,0.0,0.0,False,Qwen/Qwen2.5-Coder-14B-Instruct-AWQ,None
907@x_name@ASC,Bar,Medium,3.9819,7.9639,2,0.0,0.0,0.0,0.0,0.0,0.0,0.0,0.0,0.0,0.0,1.0,0.0,0.0,False,Qwen/Qwen2.5-Coder-14B-Instruct-AWQ,None
907@x_name@ASC,Bar,Medium,3.9819,7.9639,2,0.0,0.0,0.0,0.0,0.0,0.0,0.0,0.0,0.0,0.0,1.0,0.0,0.0,False,Qwen/Qwen2.5-Coder-14B-Instruct-AWQ,None
3288@x_name@DESC,Bar,Medium,3.7522,7.5044,2,0.0,0.0,0.0,0.0,0.0,1.0,0.0,0.0,0.0,1.0,0.0,,0.0,False,Qwen/Qwen2.5-Coder-14B-Instruct-AWQ,None
3288@x_name@DESC,Bar,Medium,3.7522,7.5044,2,0.0,0.0,0.0,0.0,0.0,1.0,0.0,0.0,0.0,1.0,0.0,,0.0,False,Qwen/Qwen2.5-Coder-14B-Instruct-AWQ,None
3288@x_name@DESC,Bar,Medium,3.7522,7.5044,2,0.0,0.0,0.0,0.0,0.0,1.0,0.0,0.0,0.0,1.0,0.0,,0.0,False,Qwen/Qwen2.5-Coder-14B-Instruct-AWQ,None
3290@y_name@ASC,Bar,Medium,4.1497,12.4492,3,0.0,0.0,0.0,0.0,0.0,1.0,0.0,0.0,0.0,1.0,0.0,,0.0,False,Qwen/Qwen2.5-Coder-14B-Instruct-AWQ,None
3290@y_name@ASC,Bar,Medium,4.1497,12.4492,3,0.0,0.0,0.0,0.0,0.0,1.0,0.0,0.0,0.0,1.0,0.0,,0.0,False,Qwen/Qwen2.5-Coder-14B-Instruct-AWQ,None
3290@y_name@ASC,Bar,Medium,4.1497,12.4492,3,0.0,0.0,0.0,0.0,0.0,1.0,0.0,0.0,0.0,1.0,0.0,,0.0,False,Qwen/Qwen2.5-Coder-14B-Instruct-AWQ,None
443@x_name@ASC,Bar,Medium,3.496,6.992,2,0.0,0.0,0.0,0.0,0.0,0.5,0.0,0.0,0.0,0.5,0.5,0.0,0.0,False,Qwen/Qwen2.5-Coder-14B-Instruct-AWQ,None
443@x_name@ASC,Bar,Medium,3.496,6.992,2,0.0,0.0,0.0,0.0,0.0,0.5,0.0,0.0,0.0,0.5,0.5,0.0,0.0,False,Qwen/Qwen2.5-Coder-14B-Instruct-AWQ,None
443@x_name@ASC,Bar,Medium,3.496,6.992,2,0.0,0.0,0.0,0.0,0.0,0.5,0.0,0.0,0.0,0.5,0.5,0.0,0.0,False,Qwen/Qwen2.5-Coder-14B-Instruct-AWQ,None
445@x_name@ASC,Bar,Medium,4.0006,4.0006,1,0.0,0.0,0.0,0.0,0.0,0.0,0.0,0.0,0.0,0.0,1.0,0.0,0.0,False,Qwen/Qwen2.5-Coder-14B-Instruct-AWQ,None
445@x_name@ASC,Bar,Medium,4.0006,4.0006,1,0.0,0.0,0.0,0.0,0.0,0.0,0.0,0.0,0.0,0.0,1.0,0.0,0.0,False,Qwen/Qwen2.5-Coder-14B-Instruct-AWQ,None
445@x_name@ASC,Bar,Medium,4.0006,4.0006,1,0.0,0.0,0.0,0.0,0.0,0.0,0.0,0.0,0.0,0.0,1.0,0.0,0.0,False,Qwen/Qwen2.5-Coder-14B-Instruct-AWQ,None
447@x_name@ASC,Bar,Medium,6.0892,24.357,4,0.0,0.0,0.0,0.0,0.0,0.0,0.0,0.0,0.0,0.0,1.0,0.0,0.0,True,Qwen/Qwen2.5-Coder-14B-Instruct-AWQ,None
447@x_name@ASC,Bar,Medium,6.0892,24.357,4,0.0,0.0,0.0,0.0,0.0,0.0,0.0,0.0,0.0,0.0,1.0,0.0,0.0,True,Qwen/Qwen2.5-Coder-14B-Instruct-AWQ,None
447@x_name@ASC,Bar,Medium,6.0892,24.357,4,0.0,0.0,0.0,0.0,0.0,0.0,0.0,0.0,0.0,0.0,1.0,0.0,0.0,True,Qwen/Qwen2.5-Coder-14B-Instruct-AWQ,None
453@y_name@ASC,Bar,Hard,6.2517,6.2517,1,0.0,0.0,0.0,0.0,1.0,0.0,0.0,0.0,0.0,1.0,0.0,,0.0,True,Qwen/Qwen2.5-Coder-14B-Instruct-AWQ,None
453@y_name@ASC,Bar,Hard,6.2517,6.2517,1,0.0,0.0,0.0,0.0,1.0,0.0,0.0,0.0,0.0,1.0,0.0,,0.0,True,Qwen/Qwen2.5-Coder-14B-Instruct-AWQ,None
453@y_name@ASC,Bar,Hard,6.2517,6.2517,1,0.0,0.0,0.0,0.0,1.0,0.0,0.0,0.0,0.0,1.0,0.0,,0.0,True,Qwen/Qwen2.5-Coder-14B-Instruct-AWQ,None
455@y_name@ASC,Bar,Hard,6.6168,6.6168,1,0.0,0.0,0.0,0.0,0.0,0.0,0.0,0.0,0.0,0.0,1.0,0.0,0.0,True,Qwen/Qwen2.5-Coder-14B-Instruct-AWQ,None
455@y_name@ASC,Bar,Hard,6.6168,6.6168,1,0.0,0.0,0.0,0.0,0.0,0.0,0.0,0.0,0.0,0.0,1.0,0.0,0.0,True,Qwen/Qwen2.5-Coder-14B-Instruct-AWQ,None
455@y_name@ASC,Bar,Hard,6.6168,6.6168,1,0.0,0.0,0.0,0.0,0.0,0.0,0.0,0.0,0.0,0.0,1.0,0.0,0.0,True,Qwen/Qwen2.5-Coder-14B-Instruct-AWQ,None
458@x_name@DESC,Bar,Hard,9.7637,9.7637,1,0.0,0.0,0.0,0.0,0.0,0.0,0.0,0.0,0.0,0.0,1.0,0.0,0.0,True,Qwen/Qwen2.5-Coder-14B-Instruct-AWQ,None
458@x_name@DESC,Bar,Hard,9.7637,9.7637,1,0.0,0.0,0.0,0.0,0.0,0.0,0.0,0.0,0.0,0.0,1.0,0.0,0.0,True,Qwen/Qwen2.5-Coder-14B-Instruct-AWQ,None
458@x_name@DESC,Bar,Hard,9.7637,9.7637,1,0.0,0.0,0.0,0.0,0.0,0.0,0.0,0.0,0.0,0.0,1.0,0.0,0.0,True,Qwen/Qwen2.5-Coder-14B-Instruct-AWQ,None
459@x_name@DESC,Bar,Hard,4.2188,4.2188,1,0.0,0.0,0.0,0.0,0.0,0.0,0.0,0.0,0.0,0.0,1.0,0.0,0.0,True,Qwen/Qwen2.5-Coder-14B-Instruct-AWQ,None
459@x_name@DESC,Bar,Hard,4.2188,4.2188,1,0.0,0.0,0.0,0.0,0.0,0.0,0.0,0.0,0.0,0.0,1.0,0.0,0.0,True,Qwen/Qwen2.5-Coder-14B-Instruct-AWQ,None
459@x_name@DESC,Bar,Hard,4.2188,4.2188,1,0.0,0.0,0.0,0.0,0.0,0.0,0.0,0.0,0.0,0.0,1.0,0.0,0.0,True,Qwen/Qwen2.5-Coder-14B-Instruct-AWQ,None
465@y_name@ASC,Bar,Medium,3.9801,7.9602,2,0.0,0.0,0.0,0.0,0.0,1.0,0.0,0.0,0.0,1.0,0.0,,0.0,False,Qwen/Qwen2.5-Coder-14B-Instruct-AWQ,None
465@y_name@ASC,Bar,Medium,3.9801,7.9602,2,0.0,0.0,0.0,0.0,0.0,1.0,0.0,0.0,0.0,1.0,0.0,,0.0,False,Qwen/Qwen2.5-Coder-14B-Instruct-AWQ,None
465@y_name@ASC,Bar,Medium,3.9801,7.9602,2,0.0,0.0,0.0,0.0,0.0,1.0,0.0,0.0,0.0,1.0,0.0,,0.0,False,Qwen/Qwen2.5-Coder-14B-Instruct-AWQ,None
468@y_name@DESC,Bar,Medium,4.6973,9.3947,2,0.0,0.0,0.0,0.0,0.0,1.0,0.0,0.0,0.0,1.0,0.0,,0.0,False,Qwen/Qwen2.5-Coder-14B-Instruct-AWQ,None
468@y_name@DESC,Bar,Medium,4.6973,9.3947,2,0.0,0.0,0.0,0.0,0.0,1.0,0.0,0.0,0.0,1.0,0.0,,0.0,False,Qwen/Qwen2.5-Coder-14B-Instruct-AWQ,None
468@y_name@DESC,Bar,Medium,4.6973,9.3947,2,0.0,0.0,0.0,0.0,0.0,1.0,0.0,0.0,0.0,1.0,0.0,,0.0,False,Qwen/Qwen2.5-Coder-14B-Instruct-AWQ,None
469@y_name@DESC,Bar,Medium,4.8459,4.8459,1,0.0,0.0,0.0,0.0,0.0,1.0,0.0,0.0,0.0,1.0,0.0,,0.0,False,Qwen/Qwen2.5-Coder-14B-Instruct-AWQ,None
469@y_name@DESC,Bar,Medium,4.8459,4.8459,1,0.0,0.0,0.0,0.0,0.0,1.0,0.0,0.0,0.0,1.0,0.0,,0.0,False,Qwen/Qwen2.5-Coder-14B-Instruct-AWQ,None
469@y_name@DESC,Bar,Medium,4.8459,4.8459,1,0.0,0.0,0.0,0.0,0.0,1.0,0.0,0.0,0.0,1.0,0.0,,0.0,False,Qwen/Qwen2.5-Coder-14B-Instruct-AWQ,None
474@x_name@DESC,Bar,Easy,4.0026,4.0026,1,0.0,0.0,0.0,0.0,0.0,0.0,0.0,0.0,0.0,0.0,1.0,0.0,0.0,False,Qwen/Qwen2.5-Coder-14B-Instruct-AWQ,None
474@x_name@DESC,Bar,Easy,4.0026,4.0026,1,0.0,0.0,0.0,0.0,0.0,0.0,0.0,0.0,0.0,0.0,1.0,0.0,0.0,False,Qwen/Qwen2.5-Coder-14B-Instruct-AWQ,None
474@x_name@DESC,Bar,Easy,4.0026,4.0026,1,0.0,0.0,0.0,0.0,0.0,0.0,0.0,0.0,0.0,0.0,1.0,0.0,0.0,False,Qwen/Qwen2.5-Coder-14B-Instruct-AWQ,None
1437@x_name@DESC,Bar,Extra Hard,6.7376,6.7376,1,0.0,0.0,0.0,0.0,0.0,1.0,0.0,0.0,0.0,1.0,0.0,,0.0,True,Qwen/Qwen2.5-Coder-14B-Instruct-AWQ,None
1437@x_name@DESC,Bar,Extra Hard,6.7376,6.7376,1,0.0,0.0,0.0,0.0,0.0,1.0,0.0,0.0,0.0,1.0,0.0,,0.0,True,Qwen/Qwen2.5-Coder-14B-Instruct-AWQ,None
1437@x_name@DESC,Bar,Extra Hard,6.7376,6.7376,1,0.0,0.0,0.0,0.0,0.0,1.0,0.0,0.0,0.0,1.0,0.0,,0.0,True,Qwen/Qwen2.5-Coder-14B-Instruct-AWQ,None
1448@x_name@ASC,Line,Extra Hard,7.8158,31.2632,4,0.0,0.0,0.0,0.0,0.25,0.0,0.0,0.0,0.0,0.25,0.75,0.0,0.0,True,Qwen/Qwen2.5-Coder-14B-Instruct-AWQ,None
1448@x_name@ASC,Line,Extra Hard,7.8158,31.2632,4,0.0,0.0,0.0,0.0,0.25,0.0,0.0,0.0,0.0,0.25,0.75,0.0,0.0,True,Qwen/Qwen2.5-Coder-14B-Instruct-AWQ,None
1448@x_name@ASC,Line,Extra Hard,7.8158,31.2632,4,0.0,0.0,0.0,0.0,0.25,0.0,0.0,0.0,0.0,0.25,0.75,0.0,0.0,True,Qwen/Qwen2.5-Coder-14B-Instruct-AWQ,None
3220@x_name@ASC,Bar,Medium,4.0581,8.1161,2,0.0,0.0,0.0,0.0,0.5,0.0,0.0,0.0,0.0,0.5,0.5,0.0,0.0,False,Qwen/Qwen2.5-Coder-14B-Instruct-AWQ,None
3220@x_name@ASC,Bar,Medium,4.0581,8.1161,2,0.0,0.0,0.0,0.0,0.5,0.0,0.0,0.0,0.0,0.5,0.5,0.0,0.0,False,Qwen/Qwen2.5-Coder-14B-Instruct-AWQ,None
3220@x_name@ASC,Bar,Medium,4.0581,8.1161,2,0.0,0.0,0.0,0.0,0.5,0.0,0.0,0.0,0.0,0.5,0.5,0.0,0.0,False,Qwen/Qwen2.5-Coder-14B-Instruct-AWQ,None
3224@x_name@DESC,Bar,Medium,3.1165,6.233,2,0.0,0.0,0.0,0.0,1.0,0.0,0.0,0.0,0.0,1.0,0.0,,0.0,False,Qwen/Qwen2.5-Coder-14B-Instruct-AWQ,None
3224@x_name@DESC,Bar,Medium,3.1165,6.233,2,0.0,0.0,0.0,0.0,1.0,0.0,0.0,0.0,0.0,1.0,0.0,,0.0,False,Qwen/Qwen2.5-Coder-14B-Instruct-AWQ,None
3224@x_name@DESC,Bar,Medium,3.1165,6.233,2,0.0,0.0,0.0,0.0,1.0,0.0,0.0,0.0,0.0,1.0,0.0,,0.0,False,Qwen/Qwen2.5-Coder-14B-Instruct-AWQ,None
3226@y_name@DESC,Bar,Extra Hard,7.1449,21.4346,3,0.0,0.0,0.0,0.0,0.3333333333333333,0.0,0.0,0.0,0.0,0.3333333333333333,0.6666666666666666,0.0,0.0,True,Qwen/Qwen2.5-Coder-14B-Instruct-AWQ,None
3226@y_name@DESC,Bar,Extra Hard,7.1449,21.4346,3,0.0,0.0,0.0,0.0,0.3333333333333333,0.0,0.0,0.0,0.0,0.3333333333333333,0.6666666666666666,0.0,0.0,True,Qwen/Qwen2.5-Coder-14B-Instruct-AWQ,None
3226@y_name@DESC,Bar,Extra Hard,7.1449,21.4346,3,0.0,0.0,0.0,0.0,0.3333333333333333,0.0,0.0,0.0,0.0,0.3333333333333333,0.6666666666666666,0.0,0.0,True,Qwen/Qwen2.5-Coder-14B-Instruct-AWQ,None
3236@x_name@ASC,Bar,Hard,4.077,4.077,1,0.0,0.0,0.0,0.0,0.0,1.0,0.0,0.0,0.0,1.0,0.0,,0.0,False,Qwen/Qwen2.5-Coder-14B-Instruct-AWQ,None
3236@x_name@ASC,Bar,Hard,4.077,4.077,1,0.0,0.0,0.0,0.0,0.0,1.0,0.0,0.0,0.0,1.0,0.0,,0.0,False,Qwen/Qwen2.5-Coder-14B-Instruct-AWQ,None
3236@x_name@ASC,Bar,Hard,4.077,4.077,1,0.0,0.0,0.0,0.0,0.0,1.0,0.0,0.0,0.0,1.0,0.0,,0.0,False,Qwen/Qwen2.5-Coder-14B-Instruct-AWQ,None
3238@y_name@ASC,Bar,Medium,4.1094,20.5471,5,0.0,0.0,0.0,0.0,0.0,0.0,0.0,0.0,0.0,0.0,1.0,0.0,0.0,False,Qwen/Qwen2.5-Coder-14B-Instruct-AWQ,None
3238@y_name@ASC,Bar,Medium,4.1094,20.5471,5,0.0,0.0,0.0,0.0,0.0,0.0,0.0,0.0,0.0,0.0,1.0,0.0,0.0,False,Qwen/Qwen2.5-Coder-14B-Instruct-AWQ,None
3238@y_name@ASC,Bar,Medium,4.1094,20.5471,5,0.0,0.0,0.0,0.0,0.0,0.0,0.0,0.0,0.0,0.0,1.0,0.0,0.0,False,Qwen/Qwen2.5-Coder-14B-Instruct-AWQ,None
3247@x_name@ASC,Line,Easy,4.0751,8.1501,2,0.0,0.0,0.0,0.0,0.0,0.0,0.0,0.0,0.0,0.0,1.0,0.0,0.0,False,Qwen/Qwen2.5-Coder-14B-Instruct-AWQ,None
3247@x_name@ASC,Line,Easy,4.0751,8.1501,2,0.0,0.0,0.0,0.0,0.0,0.0,0.0,0.0,0.0,0.0,1.0,0.0,0.0,False,Qwen/Qwen2.5-Coder-14B-Instruct-AWQ,None
3247@x_name@ASC,Line,Easy,4.0751,8.1501,2,0.0,0.0,0.0,0.0,0.0,0.0,0.0,0.0,0.0,0.0,1.0,0.0,0.0,False,Qwen/Qwen2.5-Coder-14B-Instruct-AWQ,None
3256@x_name@ASC,Line,Easy,4.2485,4.2485,1,0.0,0.0,0.0,0.0,0.0,0.0,0.0,0.0,0.0,0.0,1.0,0.0,0.0,False,Qwen/Qwen2.5-Coder-14B-Instruct-AWQ,None
3256@x_name@ASC,Line,Easy,4.2485,4.2485,1,0.0,0.0,0.0,0.0,0.0,0.0,0.0,0.0,0.0,0.0,1.0,0.0,0.0,False,Qwen/Qwen2.5-Coder-14B-Instruct-AWQ,None
3256@x_name@ASC,Line,Easy,4.2485,4.2485,1,0.0,0.0,0.0,0.0,0.0,0.0,0.0,0.0,0.0,0.0,1.0,0.0,0.0,False,Qwen/Qwen2.5-Coder-14B-Instruct-AWQ,None
1498@y_name@DESC,Bar,Medium,3.3072,9.9215,3,0.0,0.0,0.0,0.0,0.0,0.0,0.0,0.0,0.0,0.0,1.0,0.0,0.0,False,Qwen/Qwen2.5-Coder-14B-Instruct-AWQ,None
1498@y_name@DESC,Bar,Medium,3.3072,9.9215,3,0.0,0.0,0.0,0.0,0.0,0.0,0.0,0.0,0.0,0.0,1.0,0.0,0.0,False,Qwen/Qwen2.5-Coder-14B-Instruct-AWQ,None
1498@y_name@DESC,Bar,Medium,3.3072,9.9215,3,0.0,0.0,0.0,0.0,0.0,0.0,0.0,0.0,0.0,0.0,1.0,0.0,0.0,False,Qwen/Qwen2.5-Coder-14B-Instruct-AWQ,None
1508@x_name@ASC,Bar,Medium,4.1812,12.5436,3,0.0,0.0,0.0,0.0,0.0,0.0,0.0,0.0,0.0,0.0,1.0,0.0,0.0,False,Qwen/Qwen2.5-Coder-14B-Instruct-AWQ,None
1508@x_name@ASC,Bar,Medium,4.1812,12.5436,3,0.0,0.0,0.0,0.0,0.0,0.0,0.0,0.0,0.0,0.0,1.0,0.0,0.0,False,Qwen/Qwen2.5-Coder-14B-Instruct-AWQ,None
1508@x_name@ASC,Bar,Medium,4.1812,12.5436,3,0.0,0.0,0.0,0.0,0.0,0.0,0.0,0.0,0.0,0.0,1.0,0.0,0.0,False,Qwen/Qwen2.5-Coder-14B-Instruct-AWQ,None
1510@y_name@ASC,Bar,Hard,5.0344,10.0688,2,0.0,0.0,0.0,0.0,1.0,0.0,0.0,0.0,0.0,1.0,0.0,,0.0,False,Qwen/Qwen2.5-Coder-14B-Instruct-AWQ,None
1510@y_name@ASC,Bar,Hard,5.0344,10.0688,2,0.0,0.0,0.0,0.0,1.0,0.0,0.0,0.0,0.0,1.0,0.0,,0.0,False,Qwen/Qwen2.5-Coder-14B-Instruct-AWQ,None
1510@y_name@ASC,Bar,Hard,5.0344,10.0688,2,0.0,0.0,0.0,0.0,1.0,0.0,0.0,0.0,0.0,1.0,0.0,,0.0,False,Qwen/Qwen2.5-Coder-14B-Instruct-AWQ,None
1511@x_name@ASC,Bar,Medium,4.017,8.0341,2,0.0,0.0,0.0,0.0,0.0,1.0,0.0,0.0,0.0,1.0,0.0,,0.0,False,Qwen/Qwen2.5-Coder-14B-Instruct-AWQ,None
1511@x_name@ASC,Bar,Medium,4.017,8.0341,2,0.0,0.0,0.0,0.0,0.0,1.0,0.0,0.0,0.0,1.0,0.0,,0.0,False,Qwen/Qwen2.5-Coder-14B-Instruct-AWQ,None
1511@x_name@ASC,Bar,Medium,4.017,8.0341,2,0.0,0.0,0.0,0.0,0.0,1.0,0.0,0.0,0.0,1.0,0.0,,0.0,False,Qwen/Qwen2.5-Coder-14B-Instruct-AWQ,None
1516@x_name@DESC,Bar,Hard,6.3357,12.6715,2,0.0,0.0,0.0,0.0,0.0,0.5,0.0,0.0,0.0,0.5,0.5,0.0,0.0,True,Qwen/Qwen2.5-Coder-14B-Instruct-AWQ,None
1516@x_name@DESC,Bar,Hard,6.3357,12.6715,2,0.0,0.0,0.0,0.0,0.0,0.5,0.0,0.0,0.0,0.5,0.5,0.0,0.0,True,Qwen/Qwen2.5-Coder-14B-Instruct-AWQ,None
1516@x_name@DESC,Bar,Hard,6.3357,12.6715,2,0.0,0.0,0.0,0.0,0.0,0.5,0.0,0.0,0.0,0.5,0.5,0.0,0.0,True,Qwen/Qwen2.5-Coder-14B-Instruct-AWQ,None
1518@x_name@ASC,Bar,Medium,3.4129,6.8259,2,0.0,0.0,0.0,0.0,0.0,0.5,0.0,0.0,0.0,0.5,0.5,0.0,0.0,False,Qwen/Qwen2.5-Coder-14B-Instruct-AWQ,None
1518@x_name@ASC,Bar,Medium,3.4129,6.8259,2,0.0,0.0,0.0,0.0,0.0,0.5,0.0,0.0,0.0,0.5,0.5,0.0,0.0,False,Qwen/Qwen2.5-Coder-14B-Instruct-AWQ,None
1518@x_name@ASC,Bar,Medium,3.4129,6.8259,2,0.0,0.0,0.0,0.0,0.0,0.5,0.0,0.0,0.0,0.5,0.5,0.0,0.0,False,Qwen/Qwen2.5-Coder-14B-Instruct-AWQ,None
2459@y_name@DESC,Bar,Medium,3.8608,23.1646,6,0.0,0.0,0.0,0.0,0.0,0.3333333333333333,0.0,0.0,0.0,0.3333333333333333,0.6666666666666666,0.0,0.0,False,Qwen/Qwen2.5-Coder-14B-Instruct-AWQ,None
2459@y_name@DESC,Bar,Medium,3.8608,23.1646,6,0.0,0.0,0.0,0.0,0.0,0.3333333333333333,0.0,0.0,0.0,0.3333333333333333,0.6666666666666666,0.0,0.0,False,Qwen/Qwen2.5-Coder-14B-Instruct-AWQ,None
2459@y_name@DESC,Bar,Medium,3.8608,23.1646,6,0.0,0.0,0.0,0.0,0.0,0.3333333333333333,0.0,0.0,0.0,0.3333333333333333,0.6666666666666666,0.0,0.0,False,Qwen/Qwen2.5-Coder-14B-Instruct-AWQ,None
2461@y_name@DESC,Bar,Hard,4.4185,22.0926,5,0.0,0.0,0.0,0.0,0.0,0.0,0.0,0.0,0.0,0.0,1.0,0.0,0.0,False,Qwen/Qwen2.5-Coder-14B-Instruct-AWQ,None
2461@y_name@DESC,Bar,Hard,4.4185,22.0926,5,0.0,0.0,0.0,0.0,0.0,0.0,0.0,0.0,0.0,0.0,1.0,0.0,0.0,False,Qwen/Qwen2.5-Coder-14B-Instruct-AWQ,None
2461@y_name@DESC,Bar,Hard,4.4185,22.0926,5,0.0,0.0,0.0,0.0,0.0,0.0,0.0,0.0,0.0,0.0,1.0,0.0,0.0,False,Qwen/Qwen2.5-Coder-14B-Instruct-AWQ,None
2465@x_name@DESC,Bar,Hard,3.8942,7.7885,2,0.0,0.0,0.0,0.0,0.0,1.0,0.0,0.0,0.0,1.0,0.0,,0.0,False,Qwen/Qwen2.5-Coder-14B-Instruct-AWQ,None
2465@x_name@DESC,Bar,Hard,3.8942,7.7885,2,0.0,0.0,0.0,0.0,0.0,1.0,0.0,0.0,0.0,1.0,0.0,,0.0,False,Qwen/Qwen2.5-Coder-14B-Instruct-AWQ,None
2465@x_name@DESC,Bar,Hard,3.8942,7.7885,2,0.0,0.0,0.0,0.0,0.0,1.0,0.0,0.0,0.0,1.0,0.0,,0.0,False,Qwen/Qwen2.5-Coder-14B-Instruct-AWQ,None
2317@x_name@ASC,Bar,Medium,4.9428,4.9428,1,0.0,0.0,0.0,0.0,1.0,0.0,0.0,0.0,0.0,1.0,0.0,,0.0,False,Qwen/Qwen2.5-Coder-14B-Instruct-AWQ,None
2317@x_name@ASC,Bar,Medium,4.9428,4.9428,1,0.0,0.0,0.0,0.0,1.0,0.0,0.0,0.0,0.0,1.0,0.0,,0.0,False,Qwen/Qwen2.5-Coder-14B-Instruct-AWQ,None
2317@x_name@ASC,Bar,Medium,4.9428,4.9428,1,0.0,0.0,0.0,0.0,1.0,0.0,0.0,0.0,0.0,1.0,0.0,,0.0,False,Qwen/Qwen2.5-Coder-14B-Instruct-AWQ,None
2321@y_name@ASC,Bar,Medium,3.635,21.8099,6,0.0,0.0,0.0,0.0,0.0,0.0,0.0,0.0,0.0,0.0,1.0,0.0,0.0,False,Qwen/Qwen2.5-Coder-14B-Instruct-AWQ,None
2321@y_name@ASC,Bar,Medium,3.635,21.8099,6,0.0,0.0,0.0,0.0,0.0,0.0,0.0,0.0,0.0,0.0,1.0,0.0,0.0,False,Qwen/Qwen2.5-Coder-14B-Instruct-AWQ,None
2321@y_name@ASC,Bar,Medium,3.635,21.8099,6,0.0,0.0,0.0,0.0,0.0,0.0,0.0,0.0,0.0,0.0,1.0,0.0,0.0,False,Qwen/Qwen2.5-Coder-14B-Instruct-AWQ,None
2565@y_name@ASC,Bar,Extra Hard,7.1652,7.1652,1,0.0,0.0,0.0,0.0,0.0,0.0,0.0,0.0,0.0,0.0,1.0,0.0,0.0,True,Qwen/Qwen2.5-Coder-14B-Instruct-AWQ,None
2565@y_name@ASC,Bar,Extra Hard,7.1652,7.1652,1,0.0,0.0,0.0,0.0,0.0,0.0,0.0,0.0,0.0,0.0,1.0,0.0,0.0,True,Qwen/Qwen2.5-Coder-14B-Instruct-AWQ,None
2565@y_name@ASC,Bar,Extra Hard,7.1652,7.1652,1,0.0,0.0,0.0,0.0,0.0,0.0,0.0,0.0,0.0,0.0,1.0,0.0,0.0,True,Qwen/Qwen2.5-Coder-14B-Instruct-AWQ,None
2566@y_name@DESC,Bar,Extra Hard,8.7772,8.7772,1,0.0,0.0,0.0,0.0,0.0,0.0,0.0,0.0,0.0,0.0,1.0,0.0,0.0,True,Qwen/Qwen2.5-Coder-14B-Instruct-AWQ,None
2566@y_name@DESC,Bar,Extra Hard,8.7772,8.7772,1,0.0,0.0,0.0,0.0,0.0,0.0,0.0,0.0,0.0,0.0,1.0,0.0,0.0,True,Qwen/Qwen2.5-Coder-14B-Instruct-AWQ,None
2566@y_name@DESC,Bar,Extra Hard,8.7772,8.7772,1,0.0,0.0,0.0,0.0,0.0,0.0,0.0,0.0,0.0,0.0,1.0,0.0,0.0,True,Qwen/Qwen2.5-Coder-14B-Instruct-AWQ,None
2551@y_name@ASC,Bar,Medium,4.0096,12.0287,3,0.0,0.0,0.0,0.0,0.0,0.0,0.0,0.0,0.0,0.0,1.0,0.0,0.0,False,Qwen/Qwen2.5-Coder-14B-Instruct-AWQ,None
2551@y_name@ASC,Bar,Medium,4.0096,12.0287,3,0.0,0.0,0.0,0.0,0.0,0.0,0.0,0.0,0.0,0.0,1.0,0.0,0.0,False,Qwen/Qwen2.5-Coder-14B-Instruct-AWQ,None
2551@y_name@ASC,Bar,Medium,4.0096,12.0287,3,0.0,0.0,0.0,0.0,0.0,0.0,0.0,0.0,0.0,0.0,1.0,0.0,0.0,False,Qwen/Qwen2.5-Coder-14B-Instruct-AWQ,None
2558@x_name@ASC,Bar,Easy,3.9072,7.8145,2,0.0,0.0,0.0,0.0,0.0,0.0,0.0,0.0,0.0,0.0,1.0,0.0,0.0,False,Qwen/Qwen2.5-Coder-14B-Instruct-AWQ,None
2558@x_name@ASC,Bar,Easy,3.9072,7.8145,2,0.0,0.0,0.0,0.0,0.0,0.0,0.0,0.0,0.0,0.0,1.0,0.0,0.0,False,Qwen/Qwen2.5-Coder-14B-Instruct-AWQ,None
2558@x_name@ASC,Bar,Easy,3.9072,7.8145,2,0.0,0.0,0.0,0.0,0.0,0.0,0.0,0.0,0.0,0.0,1.0,0.0,0.0,False,Qwen/Qwen2.5-Coder-14B-Instruct-AWQ,None
2560@y_name@DESC,Bar,Medium,3.6715,11.0144,3,0.0,0.0,0.0,0.0,0.0,0.0,0.0,0.0,0.0,0.0,1.0,0.0,0.0,False,Qwen/Qwen2.5-Coder-14B-Instruct-AWQ,None
2560@y_name@DESC,Bar,Medium,3.6715,11.0144,3,0.0,0.0,0.0,0.0,0.0,0.0,0.0,0.0,0.0,0.0,1.0,0.0,0.0,False,Qwen/Qwen2.5-Coder-14B-Instruct-AWQ,None
2560@y_name@DESC,Bar,Medium,3.6715,11.0144,3,0.0,0.0,0.0,0.0,0.0,0.0,0.0,0.0,0.0,0.0,1.0,0.0,0.0,False,Qwen/Qwen2.5-Coder-14B-Instruct-AWQ,None
2959@y_name@ASC,Bar,Hard,4.6871,18.7485,4,0.0,0.0,0.0,0.0,0.0,0.0,0.0,0.0,0.0,0.0,1.0,0.0,0.0,True,Qwen/Qwen2.5-Coder-14B-Instruct-AWQ,None
2959@y_name@ASC,Bar,Hard,4.6871,18.7485,4,0.0,0.0,0.0,0.0,0.0,0.0,0.0,0.0,0.0,0.0,1.0,0.0,0.0,True,Qwen/Qwen2.5-Coder-14B-Instruct-AWQ,None
2959@y_name@ASC,Bar,Hard,4.6871,18.7485,4,0.0,0.0,0.0,0.0,0.0,0.0,0.0,0.0,0.0,0.0,1.0,0.0,0.0,True,Qwen/Qwen2.5-Coder-14B-Instruct-AWQ,None
2509@x_name@ASC,Bar,Hard,5.7531,5.7531,1,0.0,0.0,0.0,0.0,0.0,0.0,0.0,0.0,0.0,0.0,1.0,0.0,0.0,True,Qwen/Qwen2.5-Coder-14B-Instruct-AWQ,None
2509@x_name@ASC,Bar,Hard,5.7531,5.7531,1,0.0,0.0,0.0,0.0,0.0,0.0,0.0,0.0,0.0,0.0,1.0,0.0,0.0,True,Qwen/Qwen2.5-Coder-14B-Instruct-AWQ,None
2509@x_name@ASC,Bar,Hard,5.7531,5.7531,1,0.0,0.0,0.0,0.0,0.0,0.0,0.0,0.0,0.0,0.0,1.0,0.0,0.0,True,Qwen/Qwen2.5-Coder-14B-Instruct-AWQ,None
2513@x_name@ASC,Bar,Hard,6.0024,6.0024,1,0.0,0.0,0.0,0.0,0.0,0.0,0.0,0.0,0.0,0.0,1.0,0.0,0.0,True,Qwen/Qwen2.5-Coder-14B-Instruct-AWQ,None
2513@x_name@ASC,Bar,Hard,6.0024,6.0024,1,0.0,0.0,0.0,0.0,0.0,0.0,0.0,0.0,0.0,0.0,1.0,0.0,0.0,True,Qwen/Qwen2.5-Coder-14B-Instruct-AWQ,None
2513@x_name@ASC,Bar,Hard,6.0024,6.0024,1,0.0,0.0,0.0,0.0,0.0,0.0,0.0,0.0,0.0,0.0,1.0,0.0,0.0,True,Qwen/Qwen2.5-Coder-14B-Instruct-AWQ,None
2517@y_name@ASC,Bar,Hard,4.3858,8.7716,2,0.0,0.0,0.0,0.0,0.0,0.0,0.0,0.0,0.0,0.0,1.0,0.0,0.0,False,Qwen/Qwen2.5-Coder-14B-Instruct-AWQ,None
2517@y_name@ASC,Bar,Hard,4.3858,8.7716,2,0.0,0.0,0.0,0.0,0.0,0.0,0.0,0.0,0.0,0.0,1.0,0.0,0.0,False,Qwen/Qwen2.5-Coder-14B-Instruct-AWQ,None
2517@y_name@ASC,Bar,Hard,4.3858,8.7716,2,0.0,0.0,0.0,0.0,0.0,0.0,0.0,0.0,0.0,0.0,1.0,0.0,0.0,False,Qwen/Qwen2.5-Coder-14B-Instruct-AWQ,None
1551@y_name@ASC,Bar,Extra Hard,5.9362,29.6809,5,0.0,0.0,0.0,0.0,1.0,0.0,0.0,0.0,0.0,1.0,0.0,,0.0,False,Qwen/Qwen2.5-Coder-14B-Instruct-AWQ,None
1551@y_name@ASC,Bar,Extra Hard,5.9362,29.6809,5,0.0,0.0,0.0,0.0,1.0,0.0,0.0,0.0,0.0,1.0,0.0,,0.0,False,Qwen/Qwen2.5-Coder-14B-Instruct-AWQ,None
1551@y_name@ASC,Bar,Extra Hard,5.9362,29.6809,5,0.0,0.0,0.0,0.0,1.0,0.0,0.0,0.0,0.0,1.0,0.0,,0.0,False,Qwen/Qwen2.5-Coder-14B-Instruct-AWQ,None
1622@y_name@ASC,Bar,Hard,17.0022,17.0022,1,1.0,0.0,0.0,0.0,0.0,0.0,0.0,0.0,1.0,0.0,0.0,,0.0,False,Qwen/Qwen2.5-Coder-14B-Instruct-AWQ,None
1622@y_name@ASC,Bar,Hard,17.0022,17.0022,1,1.0,0.0,0.0,0.0,0.0,0.0,0.0,0.0,1.0,0.0,0.0,,0.0,False,Qwen/Qwen2.5-Coder-14B-Instruct-AWQ,None
1622@y_name@ASC,Bar,Hard,17.0022,17.0022,1,1.0,0.0,0.0,0.0,0.0,0.0,0.0,0.0,1.0,0.0,0.0,,0.0,False,Qwen/Qwen2.5-Coder-14B-Instruct-AWQ,None
1626@y_name@ASC,Bar,Hard,6.4202,19.2605,3,0.0,0.0,0.0,0.0,0.0,0.0,0.0,0.0,0.0,0.0,1.0,0.0,0.0,True,Qwen/Qwen2.5-Coder-14B-Instruct-AWQ,None
1626@y_name@ASC,Bar,Hard,6.4202,19.2605,3,0.0,0.0,0.0,0.0,0.0,0.0,0.0,0.0,0.0,0.0,1.0,0.0,0.0,True,Qwen/Qwen2.5-Coder-14B-Instruct-AWQ,None
1626@y_name@ASC,Bar,Hard,6.4202,19.2605,3,0.0,0.0,0.0,0.0,0.0,0.0,0.0,0.0,0.0,0.0,1.0,0.0,0.0,True,Qwen/Qwen2.5-Coder-14B-Instruct-AWQ,None
1627@x_name@DESC,Bar,Hard,9.834,9.834,1,0.0,0.0,0.0,0.0,0.0,1.0,0.0,0.0,0.0,1.0,0.0,,0.0,False,Qwen/Qwen2.5-Coder-14B-Instruct-AWQ,None
1627@x_name@DESC,Bar,Hard,9.834,9.834,1,0.0,0.0,0.0,0.0,0.0,1.0,0.0,0.0,0.0,1.0,0.0,,0.0,False,Qwen/Qwen2.5-Coder-14B-Instruct-AWQ,None
1627@x_name@DESC,Bar,Hard,9.834,9.834,1,0.0,0.0,0.0,0.0,0.0,1.0,0.0,0.0,0.0,1.0,0.0,,0.0,False,Qwen/Qwen2.5-Coder-14B-Instruct-AWQ,None
1632@y_name@ASC,Bar,Hard,5.461,16.3831,3,0.0,0.0,0.0,0.0,0.0,0.0,0.0,0.0,0.0,0.0,1.0,0.0,0.0,True,Qwen/Qwen2.5-Coder-14B-Instruct-AWQ,None
1632@y_name@ASC,Bar,Hard,5.461,16.3831,3,0.0,0.0,0.0,0.0,0.0,0.0,0.0,0.0,0.0,0.0,1.0,0.0,0.0,True,Qwen/Qwen2.5-Coder-14B-Instruct-AWQ,None
1632@y_name@ASC,Bar,Hard,5.461,16.3831,3,0.0,0.0,0.0,0.0,0.0,0.0,0.0,0.0,0.0,0.0,1.0,0.0,0.0,True,Qwen/Qwen2.5-Coder-14B-Instruct-AWQ,None
1671@y_name@ASC,Bar,Medium,7.6845,23.0534,3,0.0,0.0,0.0,0.0,0.3333333333333333,0.0,0.0,0.0,0.0,0.3333333333333333,0.6666666666666666,0.0,0.0,False,Qwen/Qwen2.5-Coder-14B-Instruct-AWQ,None
1671@y_name@ASC,Bar,Medium,7.6845,23.0534,3,0.0,0.0,0.0,0.0,0.3333333333333333,0.0,0.0,0.0,0.0,0.3333333333333333,0.6666666666666666,0.0,0.0,False,Qwen/Qwen2.5-Coder-14B-Instruct-AWQ,None
1671@y_name@ASC,Bar,Medium,7.6845,23.0534,3,0.0,0.0,0.0,0.0,0.3333333333333333,0.0,0.0,0.0,0.0,0.3333333333333333,0.6666666666666666,0.0,0.0,False,Qwen/Qwen2.5-Coder-14B-Instruct-AWQ,None
1696@x_name@DESC,Line,Medium,8.8672,35.4688,4,0.0,0.0,0.0,0.0,1.0,0.0,0.0,0.0,0.0,1.0,0.0,,0.0,False,Qwen/Qwen2.5-Coder-14B-Instruct-AWQ,None
1696@x_name@DESC,Line,Medium,8.8672,35.4688,4,0.0,0.0,0.0,0.0,1.0,0.0,0.0,0.0,0.0,1.0,0.0,,0.0,False,Qwen/Qwen2.5-Coder-14B-Instruct-AWQ,None
1696@x_name@DESC,Line,Medium,8.8672,35.4688,4,0.0,0.0,0.0,0.0,1.0,0.0,0.0,0.0,0.0,1.0,0.0,,0.0,False,Qwen/Qwen2.5-Coder-14B-Instruct-AWQ,None
1702@y_name@ASC,Bar,Medium,6.484,6.484,1,0.0,0.0,0.0,0.0,0.0,0.0,0.0,0.0,0.0,0.0,1.0,0.0,0.0,False,Qwen/Qwen2.5-Coder-14B-Instruct-AWQ,None
1702@y_name@ASC,Bar,Medium,6.484,6.484,1,0.0,0.0,0.0,0.0,0.0,0.0,0.0,0.0,0.0,0.0,1.0,0.0,0.0,False,Qwen/Qwen2.5-Coder-14B-Instruct-AWQ,None
1702@y_name@ASC,Bar,Medium,6.484,6.484,1,0.0,0.0,0.0,0.0,0.0,0.0,0.0,0.0,0.0,0.0,1.0,0.0,0.0,False,Qwen/Qwen2.5-Coder-14B-Instruct-AWQ,None
1703@y_name@DESC,Bar,Hard,7.3597,7.3597,1,0.0,0.0,0.0,0.0,0.0,0.0,0.0,0.0,0.0,0.0,1.0,0.0,0.0,False,Qwen/Qwen2.5-Coder-14B-Instruct-AWQ,None
1703@y_name@DESC,Bar,Hard,7.3597,7.3597,1,0.0,0.0,0.0,0.0,0.0,0.0,0.0,0.0,0.0,0.0,1.0,0.0,0.0,False,Qwen/Qwen2.5-Coder-14B-Instruct-AWQ,None
1703@y_name@DESC,Bar,Hard,7.3597,7.3597,1,0.0,0.0,0.0,0.0,0.0,0.0,0.0,0.0,0.0,0.0,1.0,0.0,0.0,False,Qwen/Qwen2.5-Coder-14B-Instruct-AWQ,None
1746@x_name@ASC,Line,Medium,6.4428,25.771,4,0.0,0.0,0.0,0.0,1.0,0.0,0.0,0.0,0.0,1.0,0.0,,0.0,False,Qwen/Qwen2.5-Coder-14B-Instruct-AWQ,None
1746@x_name@ASC,Line,Medium,6.4428,25.771,4,0.0,0.0,0.0,0.0,1.0,0.0,0.0,0.0,0.0,1.0,0.0,,0.0,False,Qwen/Qwen2.5-Coder-14B-Instruct-AWQ,None
1746@x_name@ASC,Line,Medium,6.4428,25.771,4,0.0,0.0,0.0,0.0,1.0,0.0,0.0,0.0,0.0,1.0,0.0,,0.0,False,Qwen/Qwen2.5-Coder-14B-Instruct-AWQ,None
1795@x_name@DESC,Line,Medium,6.3098,18.9295,3,0.0,0.0,0.0,0.0,1.0,0.0,0.0,0.0,0.0,1.0,0.0,,0.0,False,Qwen/Qwen2.5-Coder-14B-Instruct-AWQ,None
1795@x_name@DESC,Line,Medium,6.3098,18.9295,3,0.0,0.0,0.0,0.0,1.0,0.0,0.0,0.0,0.0,1.0,0.0,,0.0,False,Qwen/Qwen2.5-Coder-14B-Instruct-AWQ,None
1795@x_name@DESC,Line,Medium,6.3098,18.9295,3,0.0,0.0,0.0,0.0,1.0,0.0,0.0,0.0,0.0,1.0,0.0,,0.0,False,Qwen/Qwen2.5-Coder-14B-Instruct-AWQ,None
1802@y_name@DESC,Bar,Extra Hard,4.3327,8.6654,2,0.0,0.0,0.0,0.0,0.0,0.0,0.0,0.0,0.0,0.0,1.0,0.0,0.0,False,Qwen/Qwen2.5-Coder-14B-Instruct-AWQ,None
1802@y_name@DESC,Bar,Extra Hard,4.3327,8.6654,2,0.0,0.0,0.0,0.0,0.0,0.0,0.0,0.0,0.0,0.0,1.0,0.0,0.0,False,Qwen/Qwen2.5-Coder-14B-Instruct-AWQ,None
1802@y_name@DESC,Bar,Extra Hard,4.3327,8.6654,2,0.0,0.0,0.0,0.0,0.0,0.0,0.0,0.0,0.0,0.0,1.0,0.0,0.0,False,Qwen/Qwen2.5-Coder-14B-Instruct-AWQ,None
1835@x_name@ASC,Line,Hard,5.4099,16.2298,3,0.0,0.0,0.0,0.0,1.0,0.0,0.0,0.0,0.0,1.0,0.0,,0.0,False,Qwen/Qwen2.5-Coder-14B-Instruct-AWQ,None
1835@x_name@ASC,Line,Hard,5.4099,16.2298,3,0.0,0.0,0.0,0.0,1.0,0.0,0.0,0.0,0.0,1.0,0.0,,0.0,False,Qwen/Qwen2.5-Coder-14B-Instruct-AWQ,None
1835@x_name@ASC,Line,Hard,5.4099,16.2298,3,0.0,0.0,0.0,0.0,1.0,0.0,0.0,0.0,0.0,1.0,0.0,,0.0,False,Qwen/Qwen2.5-Coder-14B-Instruct-AWQ,None
1869@x_name@ASC,Line,Easy,4.5978,13.7933,3,0.0,0.0,0.0,0.0,0.0,0.0,0.0,0.0,0.0,0.0,1.0,0.0,0.0,False,Qwen/Qwen2.5-Coder-14B-Instruct-AWQ,None
1869@x_name@ASC,Line,Easy,4.5978,13.7933,3,0.0,0.0,0.0,0.0,0.0,0.0,0.0,0.0,0.0,0.0,1.0,0.0,0.0,False,Qwen/Qwen2.5-Coder-14B-Instruct-AWQ,None
1869@x_name@ASC,Line,Easy,4.5978,13.7933,3,0.0,0.0,0.0,0.0,0.0,0.0,0.0,0.0,0.0,0.0,1.0,0.0,0.0,False,Qwen/Qwen2.5-Coder-14B-Instruct-AWQ,None
1956@y_name@DESC,Bar,Extra Hard,6.9075,13.815,2,0.0,0.0,0.0,0.0,0.0,0.0,0.0,0.0,0.0,0.0,1.0,0.0,0.0,True,Qwen/Qwen2.5-Coder-14B-Instruct-AWQ,None
1956@y_name@DESC,Bar,Extra Hard,6.9075,13.815,2,0.0,0.0,0.0,0.0,0.0,0.0,0.0,0.0,0.0,0.0,1.0,0.0,0.0,True,Qwen/Qwen2.5-Coder-14B-Instruct-AWQ,None
1956@y_name@DESC,Bar,Extra Hard,6.9075,13.815,2,0.0,0.0,0.0,0.0,0.0,0.0,0.0,0.0,0.0,0.0,1.0,0.0,0.0,True,Qwen/Qwen2.5-Coder-14B-Instruct-AWQ,None
1963@y_name@DESC,Bar,Hard,5.2551,10.5102,2,0.0,0.0,0.0,0.0,0.0,0.0,0.0,0.0,0.0,0.0,1.0,0.0,0.0,True,Qwen/Qwen2.5-Coder-14B-Instruct-AWQ,None
1963@y_name@DESC,Bar,Hard,5.2551,10.5102,2,0.0,0.0,0.0,0.0,0.0,0.0,0.0,0.0,0.0,0.0,1.0,0.0,0.0,True,Qwen/Qwen2.5-Coder-14B-Instruct-AWQ,None
1963@y_name@DESC,Bar,Hard,5.2551,10.5102,2,0.0,0.0,0.0,0.0,0.0,0.0,0.0,0.0,0.0,0.0,1.0,0.0,0.0,True,Qwen/Qwen2.5-Coder-14B-Instruct-AWQ,None
2726@x_name@DESC,Bar,Extra Hard,7.5057,7.5057,1,0.0,0.0,0.0,0.0,0.0,1.0,0.0,0.0,0.0,1.0,0.0,,0.0,True,Qwen/Qwen2.5-Coder-14B-Instruct-AWQ,None
2726@x_name@DESC,Bar,Extra Hard,7.5057,7.5057,1,0.0,0.0,0.0,0.0,0.0,1.0,0.0,0.0,0.0,1.0,0.0,,0.0,True,Qwen/Qwen2.5-Coder-14B-Instruct-AWQ,None
2726@x_name@DESC,Bar,Extra Hard,7.5057,7.5057,1,0.0,0.0,0.0,0.0,0.0,1.0,0.0,0.0,0.0,1.0,0.0,,0.0,True,Qwen/Qwen2.5-Coder-14B-Instruct-AWQ,None
2733@y_name@ASC,Bar,Extra Hard,8.6367,25.9101,3,0.0,0.0,0.0,0.0,1.0,0.0,0.0,0.0,0.0,1.0,0.0,,0.0,True,Qwen/Qwen2.5-Coder-14B-Instruct-AWQ,None
2733@y_name@ASC,Bar,Extra Hard,8.6367,25.9101,3,0.0,0.0,0.0,0.0,1.0,0.0,0.0,0.0,0.0,1.0,0.0,,0.0,True,Qwen/Qwen2.5-Coder-14B-Instruct-AWQ,None
2733@y_name@ASC,Bar,Extra Hard,8.6367,25.9101,3,0.0,0.0,0.0,0.0,1.0,0.0,0.0,0.0,0.0,1.0,0.0,,0.0,True,Qwen/Qwen2.5-Coder-14B-Instruct-AWQ,None
733@y_name@DESC,Bar,Medium,3.7121,7.4242,2,0.0,0.0,0.0,0.0,0.0,0.0,0.0,0.0,0.0,0.0,1.0,0.0,0.0,False,Qwen/Qwen2.5-Coder-14B-Instruct-AWQ,None
733@y_name@DESC,Bar,Medium,3.7121,7.4242,2,0.0,0.0,0.0,0.0,0.0,0.0,0.0,0.0,0.0,0.0,1.0,0.0,0.0,False,Qwen/Qwen2.5-Coder-14B-Instruct-AWQ,None
733@y_name@DESC,Bar,Medium,3.7121,7.4242,2,0.0,0.0,0.0,0.0,0.0,0.0,0.0,0.0,0.0,0.0,1.0,0.0,0.0,False,Qwen/Qwen2.5-Coder-14B-Instruct-AWQ,None
748@y_name@DESC,Bar,Extra Hard,6.9229,20.7688,3,0.0,0.0,0.0,0.0,0.3333333333333333,0.0,0.0,0.0,0.0,0.3333333333333333,0.6666666666666666,0.0,0.0,True,Qwen/Qwen2.5-Coder-14B-Instruct-AWQ,None
748@y_name@DESC,Bar,Extra Hard,6.9229,20.7688,3,0.0,0.0,0.0,0.0,0.3333333333333333,0.0,0.0,0.0,0.0,0.3333333333333333,0.6666666666666666,0.0,0.0,True,Qwen/Qwen2.5-Coder-14B-Instruct-AWQ,None
748@y_name@DESC,Bar,Extra Hard,6.9229,20.7688,3,0.0,0.0,0.0,0.0,0.3333333333333333,0.0,0.0,0.0,0.0,0.3333333333333333,0.6666666666666666,0.0,0.0,True,Qwen/Qwen2.5-Coder-14B-Instruct-AWQ,None
753@x_name@DESC,Bar,Medium,4.1114,12.3342,3,0.0,0.0,0.0,0.0,0.0,0.6666666666666666,0.0,0.0,0.0,0.6666666666666666,0.3333333333333333,0.0,0.0,False,Qwen/Qwen2.5-Coder-14B-Instruct-AWQ,None
753@x_name@DESC,Bar,Medium,4.1114,12.3342,3,0.0,0.0,0.0,0.0,0.0,0.6666666666666666,0.0,0.0,0.0,0.6666666666666666,0.3333333333333333,0.0,0.0,False,Qwen/Qwen2.5-Coder-14B-Instruct-AWQ,None
753@x_name@DESC,Bar,Medium,4.1114,12.3342,3,0.0,0.0,0.0,0.0,0.0,0.6666666666666666,0.0,0.0,0.0,0.6666666666666666,0.3333333333333333,0.0,0.0,False,Qwen/Qwen2.5-Coder-14B-Instruct-AWQ,None
754@y_name@ASC,Bar,Hard,4.7324,9.4648,2,0.0,0.0,0.0,0.0,0.0,0.0,0.0,0.0,0.0,0.0,1.0,0.0,0.0,False,Qwen/Qwen2.5-Coder-14B-Instruct-AWQ,None
754@y_name@ASC,Bar,Hard,4.7324,9.4648,2,0.0,0.0,0.0,0.0,0.0,0.0,0.0,0.0,0.0,0.0,1.0,0.0,0.0,False,Qwen/Qwen2.5-Coder-14B-Instruct-AWQ,None
754@y_name@ASC,Bar,Hard,4.7324,9.4648,2,0.0,0.0,0.0,0.0,0.0,0.0,0.0,0.0,0.0,0.0,1.0,0.0,0.0,False,Qwen/Qwen2.5-Coder-14B-Instruct-AWQ,None
763@y_name@ASC,Bar,Medium,3.6319,10.8957,3,0.0,0.0,0.0,0.0,0.0,0.0,0.0,0.0,0.0,0.0,1.0,0.0,0.0,False,Qwen/Qwen2.5-Coder-14B-Instruct-AWQ,None
763@y_name@ASC,Bar,Medium,3.6319,10.8957,3,0.0,0.0,0.0,0.0,0.0,0.0,0.0,0.0,0.0,0.0,1.0,0.0,0.0,False,Qwen/Qwen2.5-Coder-14B-Instruct-AWQ,None
763@y_name@ASC,Bar,Medium,3.6319,10.8957,3,0.0,0.0,0.0,0.0,0.0,0.0,0.0,0.0,0.0,0.0,1.0,0.0,0.0,False,Qwen/Qwen2.5-Coder-14B-Instruct-AWQ,None
2625@x_name@ASC,Bar,Medium,4.4651,17.8602,4,0.0,0.0,0.0,0.0,0.0,0.0,0.0,0.0,0.0,0.0,1.0,0.0,0.0,False,Qwen/Qwen2.5-Coder-14B-Instruct-AWQ,None
2625@x_name@ASC,Bar,Medium,4.4651,17.8602,4,0.0,0.0,0.0,0.0,0.0,0.0,0.0,0.0,0.0,0.0,1.0,0.0,0.0,False,Qwen/Qwen2.5-Coder-14B-Instruct-AWQ,None
2625@x_name@ASC,Bar,Medium,4.4651,17.8602,4,0.0,0.0,0.0,0.0,0.0,0.0,0.0,0.0,0.0,0.0,1.0,0.0,0.0,False,Qwen/Qwen2.5-Coder-14B-Instruct-AWQ,None
609@x_name@ASC,Bar,Extra Hard,9.1842,18.3684,2,0.0,0.0,0.0,0.0,0.0,0.0,0.0,0.0,0.0,0.0,1.0,0.0,0.0,True,Qwen/Qwen2.5-Coder-14B-Instruct-AWQ,None
609@x_name@ASC,Bar,Extra Hard,9.1842,18.3684,2,0.0,0.0,0.0,0.0,0.0,0.0,0.0,0.0,0.0,0.0,1.0,0.0,0.0,True,Qwen/Qwen2.5-Coder-14B-Instruct-AWQ,None
609@x_name@ASC,Bar,Extra Hard,9.1842,18.3684,2,0.0,0.0,0.0,0.0,0.0,0.0,0.0,0.0,0.0,0.0,1.0,0.0,0.0,True,Qwen/Qwen2.5-Coder-14B-Instruct-AWQ,None
619@x_name@ASC,Bar,Easy,4.7803,4.7803,1,0.0,0.0,0.0,0.0,1.0,0.0,0.0,0.0,0.0,1.0,0.0,,0.0,False,Qwen/Qwen2.5-Coder-14B-Instruct-AWQ,None
619@x_name@ASC,Bar,Easy,4.7803,4.7803,1,0.0,0.0,0.0,0.0,1.0,0.0,0.0,0.0,0.0,1.0,0.0,,0.0,False,Qwen/Qwen2.5-Coder-14B-Instruct-AWQ,None
619@x_name@ASC,Bar,Easy,4.7803,4.7803,1,0.0,0.0,0.0,0.0,1.0,0.0,0.0,0.0,0.0,1.0,0.0,,0.0,False,Qwen/Qwen2.5-Coder-14B-Instruct-AWQ,None
620@x_name@ASC,Bar,Hard,4.371,4.371,1,0.0,0.0,0.0,0.0,0.0,0.0,0.0,0.0,0.0,0.0,1.0,0.0,0.0,False,Qwen/Qwen2.5-Coder-14B-Instruct-AWQ,None
620@x_name@ASC,Bar,Hard,4.371,4.371,1,0.0,0.0,0.0,0.0,0.0,0.0,0.0,0.0,0.0,0.0,1.0,0.0,0.0,False,Qwen/Qwen2.5-Coder-14B-Instruct-AWQ,None
620@x_name@ASC,Bar,Hard,4.371,4.371,1,0.0,0.0,0.0,0.0,0.0,0.0,0.0,0.0,0.0,0.0,1.0,0.0,0.0,False,Qwen/Qwen2.5-Coder-14B-Instruct-AWQ,None
621@y_name@ASC,Bar,Medium,4.3877,21.9385,5,0.0,0.0,0.0,0.0,0.0,0.0,0.0,0.0,0.0,0.0,1.0,0.0,0.0,False,Qwen/Qwen2.5-Coder-14B-Instruct-AWQ,None
621@y_name@ASC,Bar,Medium,4.3877,21.9385,5,0.0,0.0,0.0,0.0,0.0,0.0,0.0,0.0,0.0,0.0,1.0,0.0,0.0,False,Qwen/Qwen2.5-Coder-14B-Instruct-AWQ,None
621@y_name@ASC,Bar,Medium,4.3877,21.9385,5,0.0,0.0,0.0,0.0,0.0,0.0,0.0,0.0,0.0,0.0,1.0,0.0,0.0,False,Qwen/Qwen2.5-Coder-14B-Instruct-AWQ,None
624@y_name@ASC,Bar,Medium,3.9315,11.7944,3,0.0,0.0,0.0,0.0,0.0,0.0,0.0,0.0,0.0,0.0,1.0,0.0,0.0,False,Qwen/Qwen2.5-Coder-14B-Instruct-AWQ,None
624@y_name@ASC,Bar,Medium,3.9315,11.7944,3,0.0,0.0,0.0,0.0,0.0,0.0,0.0,0.0,0.0,0.0,1.0,0.0,0.0,False,Qwen/Qwen2.5-Coder-14B-Instruct-AWQ,None
624@y_name@ASC,Bar,Medium,3.9315,11.7944,3,0.0,0.0,0.0,0.0,0.0,0.0,0.0,0.0,0.0,0.0,1.0,0.0,0.0,False,Qwen/Qwen2.5-Coder-14B-Instruct-AWQ,None
627@y_name@DESC,Bar,Medium,4.0405,4.0405,1,0.0,0.0,0.0,0.0,1.0,0.0,0.0,0.0,0.0,1.0,0.0,,0.0,False,Qwen/Qwen2.5-Coder-14B-Instruct-AWQ,None
627@y_name@DESC,Bar,Medium,4.0405,4.0405,1,0.0,0.0,0.0,0.0,1.0,0.0,0.0,0.0,0.0,1.0,0.0,,0.0,False,Qwen/Qwen2.5-Coder-14B-Instruct-AWQ,None
627@y_name@DESC,Bar,Medium,4.0405,4.0405,1,0.0,0.0,0.0,0.0,1.0,0.0,0.0,0.0,0.0,1.0,0.0,,0.0,False,Qwen/Qwen2.5-Coder-14B-Instruct-AWQ,None
630@y_name@DESC,Bar,Medium,4.5823,9.1646,2,0.0,0.0,0.0,0.0,0.0,1.0,0.0,0.0,0.0,1.0,0.0,,0.0,True,Qwen/Qwen2.5-Coder-14B-Instruct-AWQ,None
630@y_name@DESC,Bar,Medium,4.5823,9.1646,2,0.0,0.0,0.0,0.0,0.0,1.0,0.0,0.0,0.0,1.0,0.0,,0.0,True,Qwen/Qwen2.5-Coder-14B-Instruct-AWQ,None
630@y_name@DESC,Bar,Medium,4.5823,9.1646,2,0.0,0.0,0.0,0.0,0.0,1.0,0.0,0.0,0.0,1.0,0.0,,0.0,True,Qwen/Qwen2.5-Coder-14B-Instruct-AWQ,None
633@y_name@DESC,Bar,Hard,6.9931,6.9931,1,0.0,0.0,0.0,0.0,1.0,0.0,0.0,0.0,0.0,1.0,0.0,,0.0,True,Qwen/Qwen2.5-Coder-14B-Instruct-AWQ,None
633@y_name@DESC,Bar,Hard,6.9931,6.9931,1,0.0,0.0,0.0,0.0,1.0,0.0,0.0,0.0,0.0,1.0,0.0,,0.0,True,Qwen/Qwen2.5-Coder-14B-Instruct-AWQ,None
633@y_name@DESC,Bar,Hard,6.9931,6.9931,1,0.0,0.0,0.0,0.0,1.0,0.0,0.0,0.0,0.0,1.0,0.0,,0.0,True,Qwen/Qwen2.5-Coder-14B-Instruct-AWQ,None
636@y_name@DESC,Bar,Hard,6.9159,6.9159,1,0.0,0.0,0.0,0.0,1.0,0.0,0.0,0.0,0.0,1.0,0.0,,0.0,True,Qwen/Qwen2.5-Coder-14B-Instruct-AWQ,None
636@y_name@DESC,Bar,Hard,6.9159,6.9159,1,0.0,0.0,0.0,0.0,1.0,0.0,0.0,0.0,0.0,1.0,0.0,,0.0,True,Qwen/Qwen2.5-Coder-14B-Instruct-AWQ,None
636@y_name@DESC,Bar,Hard,6.9159,6.9159,1,0.0,0.0,0.0,0.0,1.0,0.0,0.0,0.0,0.0,1.0,0.0,,0.0,True,Qwen/Qwen2.5-Coder-14B-Instruct-AWQ,None
640@x_name@ASC,Line,Medium,4.1984,8.3967,2,0.0,0.0,0.0,0.0,0.0,0.0,0.0,0.0,0.0,0.0,1.0,0.0,0.0,False,Qwen/Qwen2.5-Coder-14B-Instruct-AWQ,None
640@x_name@ASC,Line,Medium,4.1984,8.3967,2,0.0,0.0,0.0,0.0,0.0,0.0,0.0,0.0,0.0,0.0,1.0,0.0,0.0,False,Qwen/Qwen2.5-Coder-14B-Instruct-AWQ,None
640@x_name@ASC,Line,Medium,4.1984,8.3967,2,0.0,0.0,0.0,0.0,0.0,0.0,0.0,0.0,0.0,0.0,1.0,0.0,0.0,False,Qwen/Qwen2.5-Coder-14B-Instruct-AWQ,None
642@x_name@DESC,Line,Medium,3.8262,11.4785,3,0.0,0.0,0.0,0.0,0.0,1.0,0.0,0.0,0.0,1.0,0.0,,0.0,False,Qwen/Qwen2.5-Coder-14B-Instruct-AWQ,None
642@x_name@DESC,Line,Medium,3.8262,11.4785,3,0.0,0.0,0.0,0.0,0.0,1.0,0.0,0.0,0.0,1.0,0.0,,0.0,False,Qwen/Qwen2.5-Coder-14B-Instruct-AWQ,None
642@x_name@DESC,Line,Medium,3.8262,11.4785,3,0.0,0.0,0.0,0.0,0.0,1.0,0.0,0.0,0.0,1.0,0.0,,0.0,False,Qwen/Qwen2.5-Coder-14B-Instruct-AWQ,None
647@x_name@DESC,Grouping Line,Hard,4.6376,4.6376,1,0.0,0.0,0.0,0.0,0.0,0.0,0.0,0.0,0.0,0.0,1.0,0.0,0.0,False,Qwen/Qwen2.5-Coder-14B-Instruct-AWQ,None
647@x_name@DESC,Grouping Line,Hard,4.6376,4.6376,1,0.0,0.0,0.0,0.0,0.0,0.0,0.0,0.0,0.0,0.0,1.0,0.0,0.0,False,Qwen/Qwen2.5-Coder-14B-Instruct-AWQ,None
647@x_name@DESC,Grouping Line,Hard,4.6376,4.6376,1,0.0,0.0,0.0,0.0,0.0,0.0,0.0,0.0,0.0,0.0,1.0,0.0,0.0,False,Qwen/Qwen2.5-Coder-14B-Instruct-AWQ,None
648@x_name@ASC,Grouping Line,Extra Hard,11.4022,22.8045,2,0.5,0.0,0.0,0.0,0.0,0.0,0.0,0.0,0.5,0.0,0.5,0.0,0.0,False,Qwen/Qwen2.5-Coder-14B-Instruct-AWQ,None
648@x_name@ASC,Grouping Line,Extra Hard,11.4022,22.8045,2,0.5,0.0,0.0,0.0,0.0,0.0,0.0,0.0,0.5,0.0,0.5,0.0,0.0,False,Qwen/Qwen2.5-Coder-14B-Instruct-AWQ,None
648@x_name@ASC,Grouping Line,Extra Hard,11.4022,22.8045,2,0.5,0.0,0.0,0.0,0.0,0.0,0.0,0.0,0.5,0.0,0.5,0.0,0.0,False,Qwen/Qwen2.5-Coder-14B-Instruct-AWQ,None
652@x_name@DESC,Bar,Extra Hard,7.2259,7.2259,1,0.0,0.0,0.0,0.0,0.0,1.0,0.0,0.0,0.0,1.0,0.0,,0.0,True,Qwen/Qwen2.5-Coder-14B-Instruct-AWQ,None
652@x_name@DESC,Bar,Extra Hard,7.2259,7.2259,1,0.0,0.0,0.0,0.0,0.0,1.0,0.0,0.0,0.0,1.0,0.0,,0.0,True,Qwen/Qwen2.5-Coder-14B-Instruct-AWQ,None
652@x_name@DESC,Bar,Extra Hard,7.2259,7.2259,1,0.0,0.0,0.0,0.0,0.0,1.0,0.0,0.0,0.0,1.0,0.0,,0.0,True,Qwen/Qwen2.5-Coder-14B-Instruct-AWQ,None
653@x_name@DESC,Bar,Extra Hard,8.8258,8.8258,1,0.0,0.0,0.0,0.0,0.0,0.0,0.0,0.0,0.0,0.0,1.0,0.0,0.0,True,Qwen/Qwen2.5-Coder-14B-Instruct-AWQ,None
653@x_name@DESC,Bar,Extra Hard,8.8258,8.8258,1,0.0,0.0,0.0,0.0,0.0,0.0,0.0,0.0,0.0,0.0,1.0,0.0,0.0,True,Qwen/Qwen2.5-Coder-14B-Instruct-AWQ,None
653@x_name@DESC,Bar,Extra Hard,8.8258,8.8258,1,0.0,0.0,0.0,0.0,0.0,0.0,0.0,0.0,0.0,0.0,1.0,0.0,0.0,True,Qwen/Qwen2.5-Coder-14B-Instruct-AWQ,None
654@x_name@DESC,Bar,Medium,4.2032,16.8129,4,0.0,0.0,0.0,0.0,0.0,0.75,0.0,0.0,0.0,0.75,0.25,0.0,0.0,False,Qwen/Qwen2.5-Coder-14B-Instruct-AWQ,None
654@x_name@DESC,Bar,Medium,4.2032,16.8129,4,0.0,0.0,0.0,0.0,0.0,0.75,0.0,0.0,0.0,0.75,0.25,0.0,0.0,False,Qwen/Qwen2.5-Coder-14B-Instruct-AWQ,None
654@x_name@DESC,Bar,Medium,4.2032,16.8129,4,0.0,0.0,0.0,0.0,0.0,0.75,0.0,0.0,0.0,0.75,0.25,0.0,0.0,False,Qwen/Qwen2.5-Coder-14B-Instruct-AWQ,None
655@x_name@DESC,Bar,Medium,4.5903,4.5903,1,0.0,0.0,0.0,0.0,0.0,1.0,0.0,0.0,0.0,1.0,0.0,,0.0,False,Qwen/Qwen2.5-Coder-14B-Instruct-AWQ,None
655@x_name@DESC,Bar,Medium,4.5903,4.5903,1,0.0,0.0,0.0,0.0,0.0,1.0,0.0,0.0,0.0,1.0,0.0,,0.0,False,Qwen/Qwen2.5-Coder-14B-Instruct-AWQ,None
655@x_name@DESC,Bar,Medium,4.5903,4.5903,1,0.0,0.0,0.0,0.0,0.0,1.0,0.0,0.0,0.0,1.0,0.0,,0.0,False,Qwen/Qwen2.5-Coder-14B-Instruct-AWQ,None
657@y_name@ASC,Bar,Hard,6.9891,13.9782,2,0.0,0.0,0.0,0.0,0.0,0.0,0.0,0.0,0.0,0.0,1.0,0.0,0.0,False,Qwen/Qwen2.5-Coder-14B-Instruct-AWQ,None
657@y_name@ASC,Bar,Hard,6.9891,13.9782,2,0.0,0.0,0.0,0.0,0.0,0.0,0.0,0.0,0.0,0.0,1.0,0.0,0.0,False,Qwen/Qwen2.5-Coder-14B-Instruct-AWQ,None
657@y_name@ASC,Bar,Hard,6.9891,13.9782,2,0.0,0.0,0.0,0.0,0.0,0.0,0.0,0.0,0.0,0.0,1.0,0.0,0.0,False,Qwen/Qwen2.5-Coder-14B-Instruct-AWQ,None
713@y_name@DESC,Bar,Hard,6.1591,24.6365,4,0.0,0.0,0.0,0.0,0.0,0.0,0.0,0.0,0.0,0.0,1.0,0.0,0.0,True,Qwen/Qwen2.5-Coder-14B-Instruct-AWQ,None
713@y_name@DESC,Bar,Hard,6.1591,24.6365,4,0.0,0.0,0.0,0.0,0.0,0.0,0.0,0.0,0.0,0.0,1.0,0.0,0.0,True,Qwen/Qwen2.5-Coder-14B-Instruct-AWQ,None
713@y_name@DESC,Bar,Hard,6.1591,24.6365,4,0.0,0.0,0.0,0.0,0.0,0.0,0.0,0.0,0.0,0.0,1.0,0.0,0.0,True,Qwen/Qwen2.5-Coder-14B-Instruct-AWQ,None
715@y_name@DESC,Bar,Hard,6.5452,13.0904,2,0.0,0.0,0.0,0.0,0.0,0.0,0.0,0.0,0.0,0.0,1.0,0.0,0.0,True,Qwen/Qwen2.5-Coder-14B-Instruct-AWQ,None
715@y_name@DESC,Bar,Hard,6.5452,13.0904,2,0.0,0.0,0.0,0.0,0.0,0.0,0.0,0.0,0.0,0.0,1.0,0.0,0.0,True,Qwen/Qwen2.5-Coder-14B-Instruct-AWQ,None
715@y_name@DESC,Bar,Hard,6.5452,13.0904,2,0.0,0.0,0.0,0.0,0.0,0.0,0.0,0.0,0.0,0.0,1.0,0.0,0.0,True,Qwen/Qwen2.5-Coder-14B-Instruct-AWQ,None
719@x_name@DESC,Bar,Hard,6.3821,6.3821,1,0.0,0.0,0.0,0.0,0.0,1.0,0.0,0.0,0.0,1.0,0.0,,0.0,True,Qwen/Qwen2.5-Coder-14B-Instruct-AWQ,None
719@x_name@DESC,Bar,Hard,6.3821,6.3821,1,0.0,0.0,0.0,0.0,0.0,1.0,0.0,0.0,0.0,1.0,0.0,,0.0,True,Qwen/Qwen2.5-Coder-14B-Instruct-AWQ,None
719@x_name@DESC,Bar,Hard,6.3821,6.3821,1,0.0,0.0,0.0,0.0,0.0,1.0,0.0,0.0,0.0,1.0,0.0,,0.0,True,Qwen/Qwen2.5-Coder-14B-Instruct-AWQ,None
380@x_name@ASC,Bar,Medium,4.4536,22.2679,5,0.0,0.0,0.0,0.0,0.0,0.0,0.0,0.0,0.0,0.0,1.0,0.0,0.0,False,Qwen/Qwen2.5-Coder-14B-Instruct-AWQ,None
380@x_name@ASC,Bar,Medium,4.4536,22.2679,5,0.0,0.0,0.0,0.0,0.0,0.0,0.0,0.0,0.0,0.0,1.0,0.0,0.0,False,Qwen/Qwen2.5-Coder-14B-Instruct-AWQ,None
380@x_name@ASC,Bar,Medium,4.4536,22.2679,5,0.0,0.0,0.0,0.0,0.0,0.0,0.0,0.0,0.0,0.0,1.0,0.0,0.0,False,Qwen/Qwen2.5-Coder-14B-Instruct-AWQ,None
383@x_name@ASC,Bar,Medium,4.6347,13.9041,3,0.0,0.0,0.0,0.0,0.3333333333333333,0.3333333333333333,0.0,0.0,0.0,0.6666666666666666,0.3333333333333333,0.0,0.0,False,Qwen/Qwen2.5-Coder-14B-Instruct-AWQ,None
383@x_name@ASC,Bar,Medium,4.6347,13.9041,3,0.0,0.0,0.0,0.0,0.3333333333333333,0.3333333333333333,0.0,0.0,0.0,0.6666666666666666,0.3333333333333333,0.0,0.0,False,Qwen/Qwen2.5-Coder-14B-Instruct-AWQ,None
383@x_name@ASC,Bar,Medium,4.6347,13.9041,3,0.0,0.0,0.0,0.0,0.3333333333333333,0.3333333333333333,0.0,0.0,0.0,0.6666666666666666,0.3333333333333333,0.0,0.0,False,Qwen/Qwen2.5-Coder-14B-Instruct-AWQ,None
394@y_name@DESC,Bar,Easy,4.129,24.774,6,0.0,0.0,0.0,0.0,0.16666666666666666,0.0,0.0,0.0,0.0,0.16666666666666666,0.8333333333333334,0.0,0.0,False,Qwen/Qwen2.5-Coder-14B-Instruct-AWQ,None
394@y_name@DESC,Bar,Easy,4.129,24.774,6,0.0,0.0,0.0,0.0,0.16666666666666666,0.0,0.0,0.0,0.0,0.16666666666666666,0.8333333333333334,0.0,0.0,False,Qwen/Qwen2.5-Coder-14B-Instruct-AWQ,None
394@y_name@DESC,Bar,Easy,4.129,24.774,6,0.0,0.0,0.0,0.0,0.16666666666666666,0.0,0.0,0.0,0.0,0.16666666666666666,0.8333333333333334,0.0,0.0,False,Qwen/Qwen2.5-Coder-14B-Instruct-AWQ,None
395@x_name@ASC,Bar,Easy,4.2357,4.2357,1,0.0,0.0,0.0,0.0,0.0,0.0,0.0,0.0,0.0,0.0,1.0,0.0,0.0,False,Qwen/Qwen2.5-Coder-14B-Instruct-AWQ,None
395@x_name@ASC,Bar,Easy,4.2357,4.2357,1,0.0,0.0,0.0,0.0,0.0,0.0,0.0,0.0,0.0,0.0,1.0,0.0,0.0,False,Qwen/Qwen2.5-Coder-14B-Instruct-AWQ,None
395@x_name@ASC,Bar,Easy,4.2357,4.2357,1,0.0,0.0,0.0,0.0,0.0,0.0,0.0,0.0,0.0,0.0,1.0,0.0,0.0,False,Qwen/Qwen2.5-Coder-14B-Instruct-AWQ,None
406@x_name@ASC,Bar,Easy,4.182,4.182,1,0.0,0.0,0.0,0.0,0.0,0.0,0.0,0.0,0.0,0.0,1.0,0.0,0.0,False,Qwen/Qwen2.5-Coder-14B-Instruct-AWQ,None
406@x_name@ASC,Bar,Easy,4.182,4.182,1,0.0,0.0,0.0,0.0,0.0,0.0,0.0,0.0,0.0,0.0,1.0,0.0,0.0,False,Qwen/Qwen2.5-Coder-14B-Instruct-AWQ,None
406@x_name@ASC,Bar,Easy,4.182,4.182,1,0.0,0.0,0.0,0.0,0.0,0.0,0.0,0.0,0.0,0.0,1.0,0.0,0.0,False,Qwen/Qwen2.5-Coder-14B-Instruct-AWQ,None
723@y_name@ASC,Bar,Hard,5.2925,5.2925,1,0.0,0.0,0.0,0.0,0.0,0.0,0.0,0.0,0.0,0.0,1.0,0.0,0.0,True,Qwen/Qwen2.5-Coder-14B-Instruct-AWQ,None
723@y_name@ASC,Bar,Hard,5.2925,5.2925,1,0.0,0.0,0.0,0.0,0.0,0.0,0.0,0.0,0.0,0.0,1.0,0.0,0.0,True,Qwen/Qwen2.5-Coder-14B-Instruct-AWQ,None
723@y_name@ASC,Bar,Hard,5.2925,5.2925,1,0.0,0.0,0.0,0.0,0.0,0.0,0.0,0.0,0.0,0.0,1.0,0.0,0.0,True,Qwen/Qwen2.5-Coder-14B-Instruct-AWQ,None
725@x_name@DESC,Bar,Hard,5.3598,5.3598,1,0.0,0.0,0.0,0.0,0.0,1.0,0.0,0.0,0.0,1.0,0.0,,0.0,True,Qwen/Qwen2.5-Coder-14B-Instruct-AWQ,None
725@x_name@DESC,Bar,Hard,5.3598,5.3598,1,0.0,0.0,0.0,0.0,0.0,1.0,0.0,0.0,0.0,1.0,0.0,,0.0,True,Qwen/Qwen2.5-Coder-14B-Instruct-AWQ,None
725@x_name@DESC,Bar,Hard,5.3598,5.3598,1,0.0,0.0,0.0,0.0,0.0,1.0,0.0,0.0,0.0,1.0,0.0,,0.0,True,Qwen/Qwen2.5-Coder-14B-Instruct-AWQ,None
726@y_name@DESC,Bar,Medium,4.2468,8.4937,2,0.0,0.0,0.0,0.0,0.0,0.0,0.0,0.0,0.0,0.0,1.0,0.0,0.0,False,Qwen/Qwen2.5-Coder-14B-Instruct-AWQ,None
726@y_name@DESC,Bar,Medium,4.2468,8.4937,2,0.0,0.0,0.0,0.0,0.0,0.0,0.0,0.0,0.0,0.0,1.0,0.0,0.0,False,Qwen/Qwen2.5-Coder-14B-Instruct-AWQ,None
726@y_name@DESC,Bar,Medium,4.2468,8.4937,2,0.0,0.0,0.0,0.0,0.0,0.0,0.0,0.0,0.0,0.0,1.0,0.0,0.0,False,Qwen/Qwen2.5-Coder-14B-Instruct-AWQ,None
3208@x_name@DESC,Bar,Medium,5.5265,5.5265,1,0.0,0.0,0.0,1.0,1.0,0.0,0.0,0.0,0.0,1.0,0.0,,0.0,False,Qwen/Qwen2.5-Coder-14B-Instruct-AWQ,None
3208@x_name@DESC,Bar,Medium,5.5265,5.5265,1,0.0,0.0,0.0,1.0,1.0,0.0,0.0,0.0,0.0,1.0,0.0,,0.0,False,Qwen/Qwen2.5-Coder-14B-Instruct-AWQ,None
3208@x_name@DESC,Bar,Medium,5.5265,5.5265,1,0.0,0.0,0.0,1.0,1.0,0.0,0.0,0.0,0.0,1.0,0.0,,0.0,False,Qwen/Qwen2.5-Coder-14B-Instruct-AWQ,None
3210@x_name@DESC,Line,Easy,3.3603,3.3603,1,0.0,0.0,0.0,0.0,0.0,0.0,0.0,0.0,0.0,0.0,1.0,0.0,0.0,False,Qwen/Qwen2.5-Coder-14B-Instruct-AWQ,None
3210@x_name@DESC,Line,Easy,3.3603,3.3603,1,0.0,0.0,0.0,0.0,0.0,0.0,0.0,0.0,0.0,0.0,1.0,0.0,0.0,False,Qwen/Qwen2.5-Coder-14B-Instruct-AWQ,None
3210@x_name@DESC,Line,Easy,3.3603,3.3603,1,0.0,0.0,0.0,0.0,0.0,0.0,0.0,0.0,0.0,0.0,1.0,0.0,0.0,False,Qwen/Qwen2.5-Coder-14B-Instruct-AWQ,None
3214@x_name@DESC,Bar,Hard,5.5779,5.5779,1,0.0,0.0,0.0,0.0,0.0,0.0,0.0,0.0,0.0,0.0,1.0,0.0,0.0,False,Qwen/Qwen2.5-Coder-14B-Instruct-AWQ,None
3214@x_name@DESC,Bar,Hard,5.5779,5.5779,1,0.0,0.0,0.0,0.0,0.0,0.0,0.0,0.0,0.0,0.0,1.0,0.0,0.0,False,Qwen/Qwen2.5-Coder-14B-Instruct-AWQ,None
3214@x_name@DESC,Bar,Hard,5.5779,5.5779,1,0.0,0.0,0.0,0.0,0.0,0.0,0.0,0.0,0.0,0.0,1.0,0.0,0.0,False,Qwen/Qwen2.5-Coder-14B-Instruct-AWQ,None
3216@y_name@ASC,Bar,Medium,3.3438,6.6876,2,0.0,0.0,0.0,0.0,0.0,0.0,0.0,0.0,0.0,0.0,1.0,0.0,0.0,False,Qwen/Qwen2.5-Coder-14B-Instruct-AWQ,None
3216@y_name@ASC,Bar,Medium,3.3438,6.6876,2,0.0,0.0,0.0,0.0,0.0,0.0,0.0,0.0,0.0,0.0,1.0,0.0,0.0,False,Qwen/Qwen2.5-Coder-14B-Instruct-AWQ,None
3216@y_name@ASC,Bar,Medium,3.3438,6.6876,2,0.0,0.0,0.0,0.0,0.0,0.0,0.0,0.0,0.0,0.0,1.0,0.0,0.0,False,Qwen/Qwen2.5-Coder-14B-Instruct-AWQ,None
3218@x_name@DESC,Line,Medium,5.597,11.194,2,0.0,0.5,0.0,0.0,0.0,0.5,0.0,0.0,0.5,0.5,0.0,,0.0,False,Qwen/Qwen2.5-Coder-14B-Instruct-AWQ,None
3218@x_name@DESC,Line,Medium,5.597,11.194,2,0.0,0.5,0.0,0.0,0.0,0.5,0.0,0.0,0.5,0.5,0.0,,0.0,False,Qwen/Qwen2.5-Coder-14B-Instruct-AWQ,None
3218@x_name@DESC,Line,Medium,5.597,11.194,2,0.0,0.5,0.0,0.0,0.0,0.5,0.0,0.0,0.5,0.5,0.0,,0.0,False,Qwen/Qwen2.5-Coder-14B-Instruct-AWQ,None
2066@y_name@DESC,Bar,Hard,3.6674,11.0021,3,0.0,0.0,0.0,0.0,0.3333333333333333,0.0,0.0,0.0,0.0,0.3333333333333333,0.6666666666666666,0.0,0.0,False,Qwen/Qwen2.5-Coder-14B-Instruct-AWQ,None
2066@y_name@DESC,Bar,Hard,3.6674,11.0021,3,0.0,0.0,0.0,0.0,0.3333333333333333,0.0,0.0,0.0,0.0,0.3333333333333333,0.6666666666666666,0.0,0.0,False,Qwen/Qwen2.5-Coder-14B-Instruct-AWQ,None
2066@y_name@DESC,Bar,Hard,3.6674,11.0021,3,0.0,0.0,0.0,0.0,0.3333333333333333,0.0,0.0,0.0,0.0,0.3333333333333333,0.6666666666666666,0.0,0.0,False,Qwen/Qwen2.5-Coder-14B-Instruct-AWQ,None
2072@y_name@ASC,Bar,Hard,5.3212,10.6425,2,0.0,0.0,0.0,0.0,0.0,0.0,0.0,0.0,0.0,0.0,1.0,0.0,0.0,True,Qwen/Qwen2.5-Coder-14B-Instruct-AWQ,None
2072@y_name@ASC,Bar,Hard,5.3212,10.6425,2,0.0,0.0,0.0,0.0,0.0,0.0,0.0,0.0,0.0,0.0,1.0,0.0,0.0,True,Qwen/Qwen2.5-Coder-14B-Instruct-AWQ,None
2072@y_name@ASC,Bar,Hard,5.3212,10.6425,2,0.0,0.0,0.0,0.0,0.0,0.0,0.0,0.0,0.0,0.0,1.0,0.0,0.0,True,Qwen/Qwen2.5-Coder-14B-Instruct-AWQ,None
2655@x_name@ASC,Bar,Medium,4.2349,8.4698,2,0.0,0.0,0.0,0.0,0.0,0.0,0.0,0.0,0.0,0.0,1.0,0.0,0.0,False,Qwen/Qwen2.5-Coder-14B-Instruct-AWQ,None
2655@x_name@ASC,Bar,Medium,4.2349,8.4698,2,0.0,0.0,0.0,0.0,0.0,0.0,0.0,0.0,0.0,0.0,1.0,0.0,0.0,False,Qwen/Qwen2.5-Coder-14B-Instruct-AWQ,None
2655@x_name@ASC,Bar,Medium,4.2349,8.4698,2,0.0,0.0,0.0,0.0,0.0,0.0,0.0,0.0,0.0,0.0,1.0,0.0,0.0,False,Qwen/Qwen2.5-Coder-14B-Instruct-AWQ,None
2658@y_name@ASC,Bar,Medium,4.0765,12.2294,3,0.0,0.0,0.0,0.0,0.0,0.0,0.0,0.0,0.0,0.0,1.0,0.0,0.0,False,Qwen/Qwen2.5-Coder-14B-Instruct-AWQ,None
2658@y_name@ASC,Bar,Medium,4.0765,12.2294,3,0.0,0.0,0.0,0.0,0.0,0.0,0.0,0.0,0.0,0.0,1.0,0.0,0.0,False,Qwen/Qwen2.5-Coder-14B-Instruct-AWQ,None
2658@y_name@ASC,Bar,Medium,4.0765,12.2294,3,0.0,0.0,0.0,0.0,0.0,0.0,0.0,0.0,0.0,0.0,1.0,0.0,0.0,False,Qwen/Qwen2.5-Coder-14B-Instruct-AWQ,None
2659@x_name@ASC,Bar,Medium,7.2533,14.5066,2,0.0,0.0,0.0,0.0,0.0,0.0,0.0,0.0,0.0,0.0,1.0,0.0,0.0,False,Qwen/Qwen2.5-Coder-14B-Instruct-AWQ,None
2659@x_name@ASC,Bar,Medium,7.2533,14.5066,2,0.0,0.0,0.0,0.0,0.0,0.0,0.0,0.0,0.0,0.0,1.0,0.0,0.0,False,Qwen/Qwen2.5-Coder-14B-Instruct-AWQ,None
2659@x_name@ASC,Bar,Medium,7.2533,14.5066,2,0.0,0.0,0.0,0.0,0.0,0.0,0.0,0.0,0.0,0.0,1.0,0.0,0.0,False,Qwen/Qwen2.5-Coder-14B-Instruct-AWQ,None
2691@x_name@ASC,Bar,Hard,5.3858,5.3858,1,0.0,0.0,0.0,0.0,0.0,0.0,0.0,0.0,0.0,0.0,1.0,0.0,0.0,True,Qwen/Qwen2.5-Coder-14B-Instruct-AWQ,None
2691@x_name@ASC,Bar,Hard,5.3858,5.3858,1,0.0,0.0,0.0,0.0,0.0,0.0,0.0,0.0,0.0,0.0,1.0,0.0,0.0,True,Qwen/Qwen2.5-Coder-14B-Instruct-AWQ,None
2691@x_name@ASC,Bar,Hard,5.3858,5.3858,1,0.0,0.0,0.0,0.0,0.0,0.0,0.0,0.0,0.0,0.0,1.0,0.0,0.0,True,Qwen/Qwen2.5-Coder-14B-Instruct-AWQ,None
2360@y_name@DESC,Bar,Hard,13.5487,54.195,4,0.25,0.0,0.0,0.0,0.0,0.0,0.0,0.0,0.25,0.0,0.75,0.0,0.0,True,Qwen/Qwen2.5-Coder-14B-Instruct-AWQ,None
2360@y_name@DESC,Bar,Hard,13.5487,54.195,4,0.25,0.0,0.0,0.0,0.0,0.0,0.0,0.0,0.25,0.0,0.75,0.0,0.0,True,Qwen/Qwen2.5-Coder-14B-Instruct-AWQ,None
2360@y_name@DESC,Bar,Hard,13.5487,54.195,4,0.25,0.0,0.0,0.0,0.0,0.0,0.0,0.0,0.25,0.0,0.75,0.0,0.0,True,Qwen/Qwen2.5-Coder-14B-Instruct-AWQ,None
2369@y_name@DESC,Bar,Hard,6.1337,18.4011,3,0.0,0.0,0.0,0.0,0.0,0.0,0.0,0.0,0.0,0.0,1.0,0.0,0.0,True,Qwen/Qwen2.5-Coder-14B-Instruct-AWQ,None
2369@y_name@DESC,Bar,Hard,6.1337,18.4011,3,0.0,0.0,0.0,0.0,0.0,0.0,0.0,0.0,0.0,0.0,1.0,0.0,0.0,True,Qwen/Qwen2.5-Coder-14B-Instruct-AWQ,None
2369@y_name@DESC,Bar,Hard,6.1337,18.4011,3,0.0,0.0,0.0,0.0,0.0,0.0,0.0,0.0,0.0,0.0,1.0,0.0,0.0,True,Qwen/Qwen2.5-Coder-14B-Instruct-AWQ,None
2383@x_name@ASC,Bar,Medium,9.7773,9.7773,1,0.0,0.0,0.0,0.0,0.0,0.0,0.0,0.0,0.0,0.0,1.0,0.0,0.0,True,Qwen/Qwen2.5-Coder-14B-Instruct-AWQ,None
2383@x_name@ASC,Bar,Medium,9.7773,9.7773,1,0.0,0.0,0.0,0.0,0.0,0.0,0.0,0.0,0.0,0.0,1.0,0.0,0.0,True,Qwen/Qwen2.5-Coder-14B-Instruct-AWQ,None
2383@x_name@ASC,Bar,Medium,9.7773,9.7773,1,0.0,0.0,0.0,0.0,0.0,0.0,0.0,0.0,0.0,0.0,1.0,0.0,0.0,True,Qwen/Qwen2.5-Coder-14B-Instruct-AWQ,None
2398@y_name@DESC,Bar,Hard,6.7954,6.7954,1,0.0,0.0,0.0,0.0,0.0,0.0,0.0,0.0,0.0,0.0,1.0,0.0,0.0,True,Qwen/Qwen2.5-Coder-14B-Instruct-AWQ,None
2398@y_name@DESC,Bar,Hard,6.7954,6.7954,1,0.0,0.0,0.0,0.0,0.0,0.0,0.0,0.0,0.0,0.0,1.0,0.0,0.0,True,Qwen/Qwen2.5-Coder-14B-Instruct-AWQ,None
2398@y_name@DESC,Bar,Hard,6.7954,6.7954,1,0.0,0.0,0.0,0.0,0.0,0.0,0.0,0.0,0.0,0.0,1.0,0.0,0.0,True,Qwen/Qwen2.5-Coder-14B-Instruct-AWQ,None
2402@y_name@ASC,Bar,Hard,5.2643,15.793,3,0.0,0.0,0.0,0.0,0.0,0.0,0.0,0.0,0.0,0.0,1.0,0.0,0.0,True,Qwen/Qwen2.5-Coder-14B-Instruct-AWQ,None
2402@y_name@ASC,Bar,Hard,5.2643,15.793,3,0.0,0.0,0.0,0.0,0.0,0.0,0.0,0.0,0.0,0.0,1.0,0.0,0.0,True,Qwen/Qwen2.5-Coder-14B-Instruct-AWQ,None
2402@y_name@ASC,Bar,Hard,5.2643,15.793,3,0.0,0.0,0.0,0.0,0.0,0.0,0.0,0.0,0.0,0.0,1.0,0.0,0.0,True,Qwen/Qwen2.5-Coder-14B-Instruct-AWQ,None
2405@y_name@DESC,Bar,Extra Hard,6.2886,25.1544,4,0.0,0.0,0.0,0.0,0.0,0.0,0.0,0.0,0.0,0.0,1.0,0.0,0.0,True,Qwen/Qwen2.5-Coder-14B-Instruct-AWQ,None
2405@y_name@DESC,Bar,Extra Hard,6.2886,25.1544,4,0.0,0.0,0.0,0.0,0.0,0.0,0.0,0.0,0.0,0.0,1.0,0.0,0.0,True,Qwen/Qwen2.5-Coder-14B-Instruct-AWQ,None
2405@y_name@DESC,Bar,Extra Hard,6.2886,25.1544,4,0.0,0.0,0.0,0.0,0.0,0.0,0.0,0.0,0.0,0.0,1.0,0.0,0.0,True,Qwen/Qwen2.5-Coder-14B-Instruct-AWQ,None
1432@y_name@DESC,Bar,Hard,5.2949,5.2949,1,0.0,0.0,0.0,0.0,0.0,0.0,0.0,0.0,0.0,0.0,1.0,0.0,0.0,True,Qwen/Qwen2.5-Coder-14B-Instruct-AWQ,None
1432@y_name@DESC,Bar,Hard,5.2949,5.2949,1,0.0,0.0,0.0,0.0,0.0,0.0,0.0,0.0,0.0,0.0,1.0,0.0,0.0,True,Qwen/Qwen2.5-Coder-14B-Instruct-AWQ,None
1432@y_name@DESC,Bar,Hard,5.2949,5.2949,1,0.0,0.0,0.0,0.0,0.0,0.0,0.0,0.0,0.0,0.0,1.0,0.0,0.0,True,Qwen/Qwen2.5-Coder-14B-Instruct-AWQ,None
679@x_name@ASC,Bar,Medium,3.9057,3.9057,1,0.0,0.0,0.0,0.0,0.0,0.0,0.0,0.0,0.0,0.0,1.0,0.0,0.0,False,Qwen/Qwen2.5-Coder-14B-Instruct-AWQ,None
679@x_name@ASC,Bar,Medium,3.9057,3.9057,1,0.0,0.0,0.0,0.0,0.0,0.0,0.0,0.0,0.0,0.0,1.0,0.0,0.0,False,Qwen/Qwen2.5-Coder-14B-Instruct-AWQ,None
679@x_name@ASC,Bar,Medium,3.9057,3.9057,1,0.0,0.0,0.0,0.0,0.0,0.0,0.0,0.0,0.0,0.0,1.0,0.0,0.0,False,Qwen/Qwen2.5-Coder-14B-Instruct-AWQ,None
680@y_name@DESC,Stacked Bar,Hard,11.083,22.166,2,0.5,0.0,0.0,0.0,0.0,0.5,0.0,0.0,0.5,0.5,0.0,,0.0,False,Qwen/Qwen2.5-Coder-14B-Instruct-AWQ,None
680@y_name@DESC,Stacked Bar,Hard,11.083,22.166,2,0.5,0.0,0.0,0.0,0.0,0.5,0.0,0.0,0.5,0.5,0.0,,0.0,False,Qwen/Qwen2.5-Coder-14B-Instruct-AWQ,None
680@y_name@DESC,Stacked Bar,Hard,11.083,22.166,2,0.5,0.0,0.0,0.0,0.0,0.5,0.0,0.0,0.5,0.5,0.0,,0.0,False,Qwen/Qwen2.5-Coder-14B-Instruct-AWQ,None
682@x_name@ASC,Bar,Medium,2.7084,2.7084,1,0.0,0.0,0.0,0.0,0.0,0.0,0.0,0.0,0.0,0.0,1.0,0.0,0.0,False,Qwen/Qwen2.5-Coder-14B-Instruct-AWQ,None
682@x_name@ASC,Bar,Medium,2.7084,2.7084,1,0.0,0.0,0.0,0.0,0.0,0.0,0.0,0.0,0.0,0.0,1.0,0.0,0.0,False,Qwen/Qwen2.5-Coder-14B-Instruct-AWQ,None
682@x_name@ASC,Bar,Medium,2.7084,2.7084,1,0.0,0.0,0.0,0.0,0.0,0.0,0.0,0.0,0.0,0.0,1.0,0.0,0.0,False,Qwen/Qwen2.5-Coder-14B-Instruct-AWQ,None
2494@x_name@DESC,Bar,Medium,16.8022,16.8022,1,1.0,0.0,0.0,0.0,0.0,0.0,0.0,0.0,1.0,0.0,0.0,,0.0,False,Qwen/Qwen2.5-Coder-14B-Instruct-AWQ,None
2494@x_name@DESC,Bar,Medium,16.8022,16.8022,1,1.0,0.0,0.0,0.0,0.0,0.0,0.0,0.0,1.0,0.0,0.0,,0.0,False,Qwen/Qwen2.5-Coder-14B-Instruct-AWQ,None
2494@x_name@DESC,Bar,Medium,16.8022,16.8022,1,1.0,0.0,0.0,0.0,0.0,0.0,0.0,0.0,1.0,0.0,0.0,,0.0,False,Qwen/Qwen2.5-Coder-14B-Instruct-AWQ,None
415@x_name@DESC,Line,Medium,3.9085,15.634,4,0.0,0.0,0.0,0.0,0.75,0.0,0.0,0.0,0.0,0.75,0.25,0.0,0.0,False,Qwen/Qwen2.5-Coder-14B-Instruct-AWQ,None
415@x_name@DESC,Line,Medium,3.9085,15.634,4,0.0,0.0,0.0,0.0,0.75,0.0,0.0,0.0,0.0,0.75,0.25,0.0,0.0,False,Qwen/Qwen2.5-Coder-14B-Instruct-AWQ,None
415@x_name@DESC,Line,Medium,3.9085,15.634,4,0.0,0.0,0.0,0.0,0.75,0.0,0.0,0.0,0.0,0.75,0.25,0.0,0.0,False,Qwen/Qwen2.5-Coder-14B-Instruct-AWQ,None
420@x_name@ASC,Bar,Hard,5.2416,10.4831,2,0.0,0.0,0.0,0.0,0.0,0.0,0.0,0.0,0.0,0.0,1.0,0.0,0.0,True,Qwen/Qwen2.5-Coder-14B-Instruct-AWQ,None
420@x_name@ASC,Bar,Hard,5.2416,10.4831,2,0.0,0.0,0.0,0.0,0.0,0.0,0.0,0.0,0.0,0.0,1.0,0.0,0.0,True,Qwen/Qwen2.5-Coder-14B-Instruct-AWQ,None
420@x_name@ASC,Bar,Hard,5.2416,10.4831,2,0.0,0.0,0.0,0.0,0.0,0.0,0.0,0.0,0.0,0.0,1.0,0.0,0.0,True,Qwen/Qwen2.5-Coder-14B-Instruct-AWQ,None
434@y_name@DESC,Bar,Hard,6.5223,39.1339,6,0.0,0.0,0.0,0.0,0.5,0.0,0.0,0.0,0.0,0.5,0.5,0.0,0.0,True,Qwen/Qwen2.5-Coder-14B-Instruct-AWQ,None
434@y_name@DESC,Bar,Hard,6.5223,39.1339,6,0.0,0.0,0.0,0.0,0.5,0.0,0.0,0.0,0.0,0.5,0.5,0.0,0.0,True,Qwen/Qwen2.5-Coder-14B-Instruct-AWQ,None
434@y_name@DESC,Bar,Hard,6.5223,39.1339,6,0.0,0.0,0.0,0.0,0.5,0.0,0.0,0.0,0.0,0.5,0.5,0.0,0.0,True,Qwen/Qwen2.5-Coder-14B-Instruct-AWQ,None
1032@y_name@DESC,Bar,Medium,3.589,21.5339,6,0.0,0.0,0.0,0.0,0.0,0.0,0.0,0.0,0.0,0.0,1.0,0.0,0.0,False,Qwen/Qwen2.5-Coder-14B-Instruct-AWQ,None
1032@y_name@DESC,Bar,Medium,3.589,21.5339,6,0.0,0.0,0.0,0.0,0.0,0.0,0.0,0.0,0.0,0.0,1.0,0.0,0.0,False,Qwen/Qwen2.5-Coder-14B-Instruct-AWQ,None
1032@y_name@DESC,Bar,Medium,3.589,21.5339,6,0.0,0.0,0.0,0.0,0.0,0.0,0.0,0.0,0.0,0.0,1.0,0.0,0.0,False,Qwen/Qwen2.5-Coder-14B-Instruct-AWQ,None
1043@y_name@DESC,Bar,Medium,3.6319,10.8956,3,0.0,0.0,0.0,0.0,0.0,0.0,0.0,0.0,0.0,0.0,1.0,0.0,0.0,False,Qwen/Qwen2.5-Coder-14B-Instruct-AWQ,None
1043@y_name@DESC,Bar,Medium,3.6319,10.8956,3,0.0,0.0,0.0,0.0,0.0,0.0,0.0,0.0,0.0,0.0,1.0,0.0,0.0,False,Qwen/Qwen2.5-Coder-14B-Instruct-AWQ,None
1043@y_name@DESC,Bar,Medium,3.6319,10.8956,3,0.0,0.0,0.0,0.0,0.0,0.0,0.0,0.0,0.0,0.0,1.0,0.0,0.0,False,Qwen/Qwen2.5-Coder-14B-Instruct-AWQ,None
1060@y_name@DESC,Bar,Hard,7.4496,29.7985,4,0.0,0.0,0.0,0.0,0.0,0.0,0.0,0.0,0.0,0.0,1.0,0.0,0.0,True,Qwen/Qwen2.5-Coder-14B-Instruct-AWQ,None
1060@y_name@DESC,Bar,Hard,7.4496,29.7985,4,0.0,0.0,0.0,0.0,0.0,0.0,0.0,0.0,0.0,0.0,1.0,0.0,0.0,True,Qwen/Qwen2.5-Coder-14B-Instruct-AWQ,None
1060@y_name@DESC,Bar,Hard,7.4496,29.7985,4,0.0,0.0,0.0,0.0,0.0,0.0,0.0,0.0,0.0,0.0,1.0,0.0,0.0,True,Qwen/Qwen2.5-Coder-14B-Instruct-AWQ,None
2162@y_name@ASC,Bar,Extra Hard,8.4616,25.3847,3,0.0,0.0,0.0,0.0,0.0,0.0,0.0,0.0,0.0,0.0,1.0,0.0,0.0,True,Qwen/Qwen2.5-Coder-14B-Instruct-AWQ,None
2162@y_name@ASC,Bar,Extra Hard,8.4616,25.3847,3,0.0,0.0,0.0,0.0,0.0,0.0,0.0,0.0,0.0,0.0,1.0,0.0,0.0,True,Qwen/Qwen2.5-Coder-14B-Instruct-AWQ,None
2162@y_name@ASC,Bar,Extra Hard,8.4616,25.3847,3,0.0,0.0,0.0,0.0,0.0,0.0,0.0,0.0,0.0,0.0,1.0,0.0,0.0,True,Qwen/Qwen2.5-Coder-14B-Instruct-AWQ,None
2164@y_name@ASC,Bar,Hard,7.684,7.684,1,0.0,0.0,0.0,0.0,0.0,0.0,0.0,0.0,0.0,0.0,1.0,0.0,0.0,True,Qwen/Qwen2.5-Coder-14B-Instruct-AWQ,None
2164@y_name@ASC,Bar,Hard,7.684,7.684,1,0.0,0.0,0.0,0.0,0.0,0.0,0.0,0.0,0.0,0.0,1.0,0.0,0.0,True,Qwen/Qwen2.5-Coder-14B-Instruct-AWQ,None
2164@y_name@ASC,Bar,Hard,7.684,7.684,1,0.0,0.0,0.0,0.0,0.0,0.0,0.0,0.0,0.0,0.0,1.0,0.0,0.0,True,Qwen/Qwen2.5-Coder-14B-Instruct-AWQ,None
2165@y_name@DESC,Bar,Hard,4.6105,13.8316,3,0.0,0.0,0.0,0.0,0.0,0.0,0.0,0.0,0.0,0.0,1.0,0.0,0.0,False,Qwen/Qwen2.5-Coder-14B-Instruct-AWQ,None
2165@y_name@DESC,Bar,Hard,4.6105,13.8316,3,0.0,0.0,0.0,0.0,0.0,0.0,0.0,0.0,0.0,0.0,1.0,0.0,0.0,False,Qwen/Qwen2.5-Coder-14B-Instruct-AWQ,None
2165@y_name@DESC,Bar,Hard,4.6105,13.8316,3,0.0,0.0,0.0,0.0,0.0,0.0,0.0,0.0,0.0,0.0,1.0,0.0,0.0,False,Qwen/Qwen2.5-Coder-14B-Instruct-AWQ,None
2169@y_name@ASC,Bar,Medium,3.4559,6.9119,2,0.0,0.0,0.0,0.0,0.0,0.0,0.0,0.0,0.0,0.0,1.0,0.0,0.0,False,Qwen/Qwen2.5-Coder-14B-Instruct-AWQ,None
2169@y_name@ASC,Bar,Medium,3.4559,6.9119,2,0.0,0.0,0.0,0.0,0.0,0.0,0.0,0.0,0.0,0.0,1.0,0.0,0.0,False,Qwen/Qwen2.5-Coder-14B-Instruct-AWQ,None
2169@y_name@ASC,Bar,Medium,3.4559,6.9119,2,0.0,0.0,0.0,0.0,0.0,0.0,0.0,0.0,0.0,0.0,1.0,0.0,0.0,False,Qwen/Qwen2.5-Coder-14B-Instruct-AWQ,None
2766@y_name@ASC,Bar,Extra Hard,6.8296,20.4887,3,0.0,0.0,0.0,0.0,0.3333333333333333,0.0,0.0,0.0,0.0,0.3333333333333333,0.6666666666666666,0.0,0.0,True,Qwen/Qwen2.5-Coder-14B-Instruct-AWQ,None
2766@y_name@ASC,Bar,Extra Hard,6.8296,20.4887,3,0.0,0.0,0.0,0.0,0.3333333333333333,0.0,0.0,0.0,0.0,0.3333333333333333,0.6666666666666666,0.0,0.0,True,Qwen/Qwen2.5-Coder-14B-Instruct-AWQ,None
2766@y_name@ASC,Bar,Extra Hard,6.8296,20.4887,3,0.0,0.0,0.0,0.0,0.3333333333333333,0.0,0.0,0.0,0.0,0.3333333333333333,0.6666666666666666,0.0,0.0,True,Qwen/Qwen2.5-Coder-14B-Instruct-AWQ,None
3279@y_name@ASC,Bar,Medium,3.8209,22.9256,6,0.0,0.0,0.0,0.0,0.0,0.0,0.0,0.0,0.0,0.0,1.0,0.0,0.0,False,Qwen/Qwen2.5-Coder-14B-Instruct-AWQ,None
3279@y_name@ASC,Bar,Medium,3.8209,22.9256,6,0.0,0.0,0.0,0.0,0.0,0.0,0.0,0.0,0.0,0.0,1.0,0.0,0.0,False,Qwen/Qwen2.5-Coder-14B-Instruct-AWQ,None
3279@y_name@ASC,Bar,Medium,3.8209,22.9256,6,0.0,0.0,0.0,0.0,0.0,0.0,0.0,0.0,0.0,0.0,1.0,0.0,0.0,False,Qwen/Qwen2.5-Coder-14B-Instruct-AWQ,None
3283@y_name@ASC,Bar,Medium,2.8343,11.3371,4,0.0,0.0,0.0,0.0,0.0,0.0,0.0,0.0,0.0,0.0,1.0,0.0,0.0,False,Qwen/Qwen2.5-Coder-14B-Instruct-AWQ,None
3283@y_name@ASC,Bar,Medium,2.8343,11.3371,4,0.0,0.0,0.0,0.0,0.0,0.0,0.0,0.0,0.0,0.0,1.0,0.0,0.0,False,Qwen/Qwen2.5-Coder-14B-Instruct-AWQ,None
3283@y_name@ASC,Bar,Medium,2.8343,11.3371,4,0.0,0.0,0.0,0.0,0.0,0.0,0.0,0.0,0.0,0.0,1.0,0.0,0.0,False,Qwen/Qwen2.5-Coder-14B-Instruct-AWQ,None
2537@y_name@DESC,Bar,Extra Hard,8.4273,16.8547,2,0.0,0.0,0.0,0.0,0.0,0.0,0.0,0.0,0.0,0.0,1.0,0.0,0.0,True,Qwen/Qwen2.5-Coder-14B-Instruct-AWQ,None
2537@y_name@DESC,Bar,Extra Hard,8.4273,16.8547,2,0.0,0.0,0.0,0.0,0.0,0.0,0.0,0.0,0.0,0.0,1.0,0.0,0.0,True,Qwen/Qwen2.5-Coder-14B-Instruct-AWQ,None
2537@y_name@DESC,Bar,Extra Hard,8.4273,16.8547,2,0.0,0.0,0.0,0.0,0.0,0.0,0.0,0.0,0.0,0.0,1.0,0.0,0.0,True,Qwen/Qwen2.5-Coder-14B-Instruct-AWQ,None
2539@y_name@ASC,Bar,Medium,4.0631,8.1262,2,0.0,0.0,0.0,0.0,0.0,0.0,0.0,0.0,0.0,0.0,1.0,0.0,0.0,False,Qwen/Qwen2.5-Coder-14B-Instruct-AWQ,None
2539@y_name@ASC,Bar,Medium,4.0631,8.1262,2,0.0,0.0,0.0,0.0,0.0,0.0,0.0,0.0,0.0,0.0,1.0,0.0,0.0,False,Qwen/Qwen2.5-Coder-14B-Instruct-AWQ,None
2539@y_name@ASC,Bar,Medium,4.0631,8.1262,2,0.0,0.0,0.0,0.0,0.0,0.0,0.0,0.0,0.0,0.0,1.0,0.0,0.0,False,Qwen/Qwen2.5-Coder-14B-Instruct-AWQ,None
1069@x_name@DESC,Bar,Medium,4.213,8.4259,2,0.0,0.0,0.0,0.0,0.0,1.0,0.0,0.0,0.0,1.0,0.0,,0.0,False,Qwen/Qwen2.5-Coder-14B-Instruct-AWQ,None
1069@x_name@DESC,Bar,Medium,4.213,8.4259,2,0.0,0.0,0.0,0.0,0.0,1.0,0.0,0.0,0.0,1.0,0.0,,0.0,False,Qwen/Qwen2.5-Coder-14B-Instruct-AWQ,None
1069@x_name@DESC,Bar,Medium,4.213,8.4259,2,0.0,0.0,0.0,0.0,0.0,1.0,0.0,0.0,0.0,1.0,0.0,,0.0,False,Qwen/Qwen2.5-Coder-14B-Instruct-AWQ,None
1077@y_name@ASC,Bar,Medium,4.169,8.3381,2,0.0,0.0,0.0,0.0,0.0,0.0,0.0,0.0,0.0,0.0,1.0,0.0,0.0,False,Qwen/Qwen2.5-Coder-14B-Instruct-AWQ,None
1077@y_name@ASC,Bar,Medium,4.169,8.3381,2,0.0,0.0,0.0,0.0,0.0,0.0,0.0,0.0,0.0,0.0,1.0,0.0,0.0,False,Qwen/Qwen2.5-Coder-14B-Instruct-AWQ,None
1077@y_name@ASC,Bar,Medium,4.169,8.3381,2,0.0,0.0,0.0,0.0,0.0,0.0,0.0,0.0,0.0,0.0,1.0,0.0,0.0,False,Qwen/Qwen2.5-Coder-14B-Instruct-AWQ,None
1078@x_name@ASC,Bar,Hard,7.6259,7.6259,1,0.0,0.0,0.0,0.0,0.0,0.0,0.0,0.0,0.0,0.0,1.0,0.0,0.0,True,Qwen/Qwen2.5-Coder-14B-Instruct-AWQ,None
1078@x_name@ASC,Bar,Hard,7.6259,7.6259,1,0.0,0.0,0.0,0.0,0.0,0.0,0.0,0.0,0.0,0.0,1.0,0.0,0.0,True,Qwen/Qwen2.5-Coder-14B-Instruct-AWQ,None
1078@x_name@ASC,Bar,Hard,7.6259,7.6259,1,0.0,0.0,0.0,0.0,0.0,0.0,0.0,0.0,0.0,0.0,1.0,0.0,0.0,True,Qwen/Qwen2.5-Coder-14B-Instruct-AWQ,None
1080@x_name@DESC,Bar,Hard,5.7751,5.7751,1,0.0,0.0,0.0,0.0,0.0,1.0,0.0,0.0,0.0,1.0,0.0,,0.0,True,Qwen/Qwen2.5-Coder-14B-Instruct-AWQ,None
1080@x_name@DESC,Bar,Hard,5.7751,5.7751,1,0.0,0.0,0.0,0.0,0.0,1.0,0.0,0.0,0.0,1.0,0.0,,0.0,True,Qwen/Qwen2.5-Coder-14B-Instruct-AWQ,None
1080@x_name@DESC,Bar,Hard,5.7751,5.7751,1,0.0,0.0,0.0,0.0,0.0,1.0,0.0,0.0,0.0,1.0,0.0,,0.0,True,Qwen/Qwen2.5-Coder-14B-Instruct-AWQ,None
1083@x_name@DESC,Bar,Hard,6.4332,6.4332,1,0.0,0.0,0.0,0.0,0.0,1.0,0.0,0.0,0.0,1.0,0.0,,0.0,True,Qwen/Qwen2.5-Coder-14B-Instruct-AWQ,None
1083@x_name@DESC,Bar,Hard,6.4332,6.4332,1,0.0,0.0,0.0,0.0,0.0,1.0,0.0,0.0,0.0,1.0,0.0,,0.0,True,Qwen/Qwen2.5-Coder-14B-Instruct-AWQ,None
1083@x_name@DESC,Bar,Hard,6.4332,6.4332,1,0.0,0.0,0.0,0.0,0.0,1.0,0.0,0.0,0.0,1.0,0.0,,0.0,True,Qwen/Qwen2.5-Coder-14B-Instruct-AWQ,None
1250@y_name@DESC,Bar,Extra Hard,9.1177,36.471,4,0.0,0.0,0.0,0.0,1.0,0.0,0.0,0.0,0.0,1.0,0.0,,0.0,True,Qwen/Qwen2.5-Coder-14B-Instruct-AWQ,None
1250@y_name@DESC,Bar,Extra Hard,9.1177,36.471,4,0.0,0.0,0.0,0.0,1.0,0.0,0.0,0.0,0.0,1.0,0.0,,0.0,True,Qwen/Qwen2.5-Coder-14B-Instruct-AWQ,None
1250@y_name@DESC,Bar,Extra Hard,9.1177,36.471,4,0.0,0.0,0.0,0.0,1.0,0.0,0.0,0.0,0.0,1.0,0.0,,0.0,True,Qwen/Qwen2.5-Coder-14B-Instruct-AWQ,None
1254@x_name@ASC,Line,Extra Hard,7.0789,14.1578,2,0.0,0.0,0.0,0.0,0.0,0.0,0.0,0.0,0.0,0.0,1.0,0.0,0.0,True,Qwen/Qwen2.5-Coder-14B-Instruct-AWQ,None
1254@x_name@ASC,Line,Extra Hard,7.0789,14.1578,2,0.0,0.0,0.0,0.0,0.0,0.0,0.0,0.0,0.0,0.0,1.0,0.0,0.0,True,Qwen/Qwen2.5-Coder-14B-Instruct-AWQ,None
1254@x_name@ASC,Line,Extra Hard,7.0789,14.1578,2,0.0,0.0,0.0,0.0,0.0,0.0,0.0,0.0,0.0,0.0,1.0,0.0,0.0,True,Qwen/Qwen2.5-Coder-14B-Instruct-AWQ,None
1273@x_name@DESC,Bar,Hard,6.4741,25.8962,4,0.0,0.0,0.0,0.0,0.0,0.5,0.0,0.0,0.0,0.5,0.5,0.0,0.0,True,Qwen/Qwen2.5-Coder-14B-Instruct-AWQ,None
1273@x_name@DESC,Bar,Hard,6.4741,25.8962,4,0.0,0.0,0.0,0.0,0.0,0.5,0.0,0.0,0.0,0.5,0.5,0.0,0.0,True,Qwen/Qwen2.5-Coder-14B-Instruct-AWQ,None
1273@x_name@DESC,Bar,Hard,6.4741,25.8962,4,0.0,0.0,0.0,0.0,0.0,0.5,0.0,0.0,0.0,0.5,0.5,0.0,0.0,True,Qwen/Qwen2.5-Coder-14B-Instruct-AWQ,None
1278@y_name@ASC,Bar,Hard,4.6518,9.3036,2,0.0,0.0,0.0,0.0,0.0,0.0,0.0,0.0,0.0,0.0,1.0,0.0,0.0,True,Qwen/Qwen2.5-Coder-14B-Instruct-AWQ,None
1278@y_name@ASC,Bar,Hard,4.6518,9.3036,2,0.0,0.0,0.0,0.0,0.0,0.0,0.0,0.0,0.0,0.0,1.0,0.0,0.0,True,Qwen/Qwen2.5-Coder-14B-Instruct-AWQ,None
1278@y_name@ASC,Bar,Hard,4.6518,9.3036,2,0.0,0.0,0.0,0.0,0.0,0.0,0.0,0.0,0.0,0.0,1.0,0.0,0.0,True,Qwen/Qwen2.5-Coder-14B-Instruct-AWQ,None
1289@y_name@DESC,Bar,Hard,4.6108,9.2215,2,0.0,0.0,0.0,0.0,0.0,0.0,0.0,0.0,0.0,0.0,1.0,0.0,0.0,True,Qwen/Qwen2.5-Coder-14B-Instruct-AWQ,None
1289@y_name@DESC,Bar,Hard,4.6108,9.2215,2,0.0,0.0,0.0,0.0,0.0,0.0,0.0,0.0,0.0,0.0,1.0,0.0,0.0,True,Qwen/Qwen2.5-Coder-14B-Instruct-AWQ,None
1289@y_name@DESC,Bar,Hard,4.6108,9.2215,2,0.0,0.0,0.0,0.0,0.0,0.0,0.0,0.0,0.0,0.0,1.0,0.0,0.0,True,Qwen/Qwen2.5-Coder-14B-Instruct-AWQ,None
1293@y_name@DESC,Bar,Extra Hard,6.7258,6.7258,1,0.0,0.0,0.0,0.0,0.0,0.0,0.0,0.0,0.0,0.0,1.0,0.0,0.0,True,Qwen/Qwen2.5-Coder-14B-Instruct-AWQ,None
1293@y_name@DESC,Bar,Extra Hard,6.7258,6.7258,1,0.0,0.0,0.0,0.0,0.0,0.0,0.0,0.0,0.0,0.0,1.0,0.0,0.0,True,Qwen/Qwen2.5-Coder-14B-Instruct-AWQ,None
1293@y_name@DESC,Bar,Extra Hard,6.7258,6.7258,1,0.0,0.0,0.0,0.0,0.0,0.0,0.0,0.0,0.0,0.0,1.0,0.0,0.0,True,Qwen/Qwen2.5-Coder-14B-Instruct-AWQ,None
1298@y_name@ASC,Bar,Medium,6.2027,12.4053,2,0.0,0.0,0.0,0.0,0.0,0.0,0.0,0.0,0.0,0.0,1.0,0.0,0.0,False,Qwen/Qwen2.5-Coder-14B-Instruct-AWQ,None
1298@y_name@ASC,Bar,Medium,6.2027,12.4053,2,0.0,0.0,0.0,0.0,0.0,0.0,0.0,0.0,0.0,0.0,1.0,0.0,0.0,False,Qwen/Qwen2.5-Coder-14B-Instruct-AWQ,None
1298@y_name@ASC,Bar,Medium,6.2027,12.4053,2,0.0,0.0,0.0,0.0,0.0,0.0,0.0,0.0,0.0,0.0,1.0,0.0,0.0,False,Qwen/Qwen2.5-Coder-14B-Instruct-AWQ,None
1299@y_name@DESC,Bar,Medium,4.056,8.1119,2,0.0,0.0,0.0,0.0,0.0,0.0,0.0,0.0,0.0,0.0,1.0,0.0,0.0,False,Qwen/Qwen2.5-Coder-14B-Instruct-AWQ,None
1299@y_name@DESC,Bar,Medium,4.056,8.1119,2,0.0,0.0,0.0,0.0,0.0,0.0,0.0,0.0,0.0,0.0,1.0,0.0,0.0,False,Qwen/Qwen2.5-Coder-14B-Instruct-AWQ,None
1299@y_name@DESC,Bar,Medium,4.056,8.1119,2,0.0,0.0,0.0,0.0,0.0,0.0,0.0,0.0,0.0,0.0,1.0,0.0,0.0,False,Qwen/Qwen2.5-Coder-14B-Instruct-AWQ,None
1300@x_name@DESC,Line,Medium,3.416,3.416,1,0.0,0.0,0.0,0.0,1.0,0.0,0.0,0.0,0.0,1.0,0.0,,0.0,False,Qwen/Qwen2.5-Coder-14B-Instruct-AWQ,None
1300@x_name@DESC,Line,Medium,3.416,3.416,1,0.0,0.0,0.0,0.0,1.0,0.0,0.0,0.0,0.0,1.0,0.0,,0.0,False,Qwen/Qwen2.5-Coder-14B-Instruct-AWQ,None
1300@x_name@DESC,Line,Medium,3.416,3.416,1,0.0,0.0,0.0,0.0,1.0,0.0,0.0,0.0,0.0,1.0,0.0,,0.0,False,Qwen/Qwen2.5-Coder-14B-Instruct-AWQ,None
769@x_name@DESC,Bar,Medium,4.3032,4.3032,1,0.0,0.0,0.0,0.0,0.0,1.0,0.0,0.0,0.0,1.0,0.0,,0.0,False,Qwen/Qwen2.5-Coder-14B-Instruct-AWQ,None
769@x_name@DESC,Bar,Medium,4.3032,4.3032,1,0.0,0.0,0.0,0.0,0.0,1.0,0.0,0.0,0.0,1.0,0.0,,0.0,False,Qwen/Qwen2.5-Coder-14B-Instruct-AWQ,None
769@x_name@DESC,Bar,Medium,4.3032,4.3032,1,0.0,0.0,0.0,0.0,0.0,1.0,0.0,0.0,0.0,1.0,0.0,,0.0,False,Qwen/Qwen2.5-Coder-14B-Instruct-AWQ,None
772@y_name@DESC,Bar,Medium,4.3954,8.7909,2,0.0,0.0,0.0,0.0,0.0,0.0,0.0,0.0,0.0,0.0,1.0,0.0,0.0,False,Qwen/Qwen2.5-Coder-14B-Instruct-AWQ,None
772@y_name@DESC,Bar,Medium,4.3954,8.7909,2,0.0,0.0,0.0,0.0,0.0,0.0,0.0,0.0,0.0,0.0,1.0,0.0,0.0,False,Qwen/Qwen2.5-Coder-14B-Instruct-AWQ,None
772@y_name@DESC,Bar,Medium,4.3954,8.7909,2,0.0,0.0,0.0,0.0,0.0,0.0,0.0,0.0,0.0,0.0,1.0,0.0,0.0,False,Qwen/Qwen2.5-Coder-14B-Instruct-AWQ,None
773@x_name@DESC,Line,Medium,4.4341,8.8683,2,0.0,0.0,0.0,0.0,0.0,0.0,0.0,0.0,0.0,0.0,1.0,0.0,0.0,False,Qwen/Qwen2.5-Coder-14B-Instruct-AWQ,None
773@x_name@DESC,Line,Medium,4.4341,8.8683,2,0.0,0.0,0.0,0.0,0.0,0.0,0.0,0.0,0.0,0.0,1.0,0.0,0.0,False,Qwen/Qwen2.5-Coder-14B-Instruct-AWQ,None
773@x_name@DESC,Line,Medium,4.4341,8.8683,2,0.0,0.0,0.0,0.0,0.0,0.0,0.0,0.0,0.0,0.0,1.0,0.0,0.0,False,Qwen/Qwen2.5-Coder-14B-Instruct-AWQ,None
780@y_name@DESC,Stacked Bar,Extra Hard,26.2595,26.2595,1,1.0,0.0,0.0,0.0,0.0,0.0,0.0,0.0,1.0,0.0,0.0,,0.0,False,Qwen/Qwen2.5-Coder-14B-Instruct-AWQ,None
780@y_name@DESC,Stacked Bar,Extra Hard,26.2595,26.2595,1,1.0,0.0,0.0,0.0,0.0,0.0,0.0,0.0,1.0,0.0,0.0,,0.0,False,Qwen/Qwen2.5-Coder-14B-Instruct-AWQ,None
780@y_name@DESC,Stacked Bar,Extra Hard,26.2595,26.2595,1,1.0,0.0,0.0,0.0,0.0,0.0,0.0,0.0,1.0,0.0,0.0,,0.0,False,Qwen/Qwen2.5-Coder-14B-Instruct-AWQ,None
782@y_name@ASC,Bar,Medium,3.9544,23.7262,6,0.0,0.0,0.0,0.0,0.0,0.0,0.0,0.0,0.0,0.0,1.0,0.0,0.0,False,Qwen/Qwen2.5-Coder-14B-Instruct-AWQ,None
782@y_name@ASC,Bar,Medium,3.9544,23.7262,6,0.0,0.0,0.0,0.0,0.0,0.0,0.0,0.0,0.0,0.0,1.0,0.0,0.0,False,Qwen/Qwen2.5-Coder-14B-Instruct-AWQ,None
782@y_name@ASC,Bar,Medium,3.9544,23.7262,6,0.0,0.0,0.0,0.0,0.0,0.0,0.0,0.0,0.0,0.0,1.0,0.0,0.0,False,Qwen/Qwen2.5-Coder-14B-Instruct-AWQ,None
783@y_name@DESC,Bar,Medium,5.4835,10.967,2,0.0,0.0,0.0,0.0,0.0,0.0,0.0,0.0,0.0,0.0,1.0,0.0,0.0,False,Qwen/Qwen2.5-Coder-14B-Instruct-AWQ,None
783@y_name@DESC,Bar,Medium,5.4835,10.967,2,0.0,0.0,0.0,0.0,0.0,0.0,0.0,0.0,0.0,0.0,1.0,0.0,0.0,False,Qwen/Qwen2.5-Coder-14B-Instruct-AWQ,None
783@y_name@DESC,Bar,Medium,5.4835,10.967,2,0.0,0.0,0.0,0.0,0.0,0.0,0.0,0.0,0.0,0.0,1.0,0.0,0.0,False,Qwen/Qwen2.5-Coder-14B-Instruct-AWQ,None
791@x_name@DESC,Bar,Medium,4.3053,4.3053,1,0.0,0.0,0.0,0.0,0.0,1.0,0.0,0.0,0.0,1.0,0.0,,0.0,False,Qwen/Qwen2.5-Coder-14B-Instruct-AWQ,None
791@x_name@DESC,Bar,Medium,4.3053,4.3053,1,0.0,0.0,0.0,0.0,0.0,1.0,0.0,0.0,0.0,1.0,0.0,,0.0,False,Qwen/Qwen2.5-Coder-14B-Instruct-AWQ,None
791@x_name@DESC,Bar,Medium,4.3053,4.3053,1,0.0,0.0,0.0,0.0,0.0,1.0,0.0,0.0,0.0,1.0,0.0,,0.0,False,Qwen/Qwen2.5-Coder-14B-Instruct-AWQ,None
1122@y_name@ASC,Bar,Medium,3.1345,9.4036,3,0.0,0.0,0.0,0.0,0.0,0.0,0.0,0.0,0.0,0.0,1.0,0.0,0.0,False,Qwen/Qwen2.5-Coder-14B-Instruct-AWQ,None
1122@y_name@ASC,Bar,Medium,3.1345,9.4036,3,0.0,0.0,0.0,0.0,0.0,0.0,0.0,0.0,0.0,0.0,1.0,0.0,0.0,False,Qwen/Qwen2.5-Coder-14B-Instruct-AWQ,None
1122@y_name@ASC,Bar,Medium,3.1345,9.4036,3,0.0,0.0,0.0,0.0,0.0,0.0,0.0,0.0,0.0,0.0,1.0,0.0,0.0,False,Qwen/Qwen2.5-Coder-14B-Instruct-AWQ,None
1137@y_name@DESC,Bar,Extra Hard,6.5544,6.5544,1,0.0,0.0,0.0,0.0,0.0,0.0,0.0,0.0,0.0,0.0,1.0,0.0,0.0,True,Qwen/Qwen2.5-Coder-14B-Instruct-AWQ,None
1137@y_name@DESC,Bar,Extra Hard,6.5544,6.5544,1,0.0,0.0,0.0,0.0,0.0,0.0,0.0,0.0,0.0,0.0,1.0,0.0,0.0,True,Qwen/Qwen2.5-Coder-14B-Instruct-AWQ,None
1137@y_name@DESC,Bar,Extra Hard,6.5544,6.5544,1,0.0,0.0,0.0,0.0,0.0,0.0,0.0,0.0,0.0,0.0,1.0,0.0,0.0,True,Qwen/Qwen2.5-Coder-14B-Instruct-AWQ,None
1138@y_name@ASC,Bar,Extra Hard,8.0703,8.0703,1,0.0,0.0,0.0,0.0,0.0,0.0,0.0,0.0,0.0,0.0,1.0,0.0,0.0,True,Qwen/Qwen2.5-Coder-14B-Instruct-AWQ,None
1138@y_name@ASC,Bar,Extra Hard,8.0703,8.0703,1,0.0,0.0,0.0,0.0,0.0,0.0,0.0,0.0,0.0,0.0,1.0,0.0,0.0,True,Qwen/Qwen2.5-Coder-14B-Instruct-AWQ,None
1138@y_name@ASC,Bar,Extra Hard,8.0703,8.0703,1,0.0,0.0,0.0,0.0,0.0,0.0,0.0,0.0,0.0,0.0,1.0,0.0,0.0,True,Qwen/Qwen2.5-Coder-14B-Instruct-AWQ,None
1139@y_name@ASC,Bar,Extra Hard,8.1441,8.1441,1,0.0,0.0,0.0,0.0,0.0,0.0,0.0,0.0,0.0,0.0,1.0,0.0,0.0,True,Qwen/Qwen2.5-Coder-14B-Instruct-AWQ,None
1139@y_name@ASC,Bar,Extra Hard,8.1441,8.1441,1,0.0,0.0,0.0,0.0,0.0,0.0,0.0,0.0,0.0,0.0,1.0,0.0,0.0,True,Qwen/Qwen2.5-Coder-14B-Instruct-AWQ,None
1139@y_name@ASC,Bar,Extra Hard,8.1441,8.1441,1,0.0,0.0,0.0,0.0,0.0,0.0,0.0,0.0,0.0,0.0,1.0,0.0,0.0,True,Qwen/Qwen2.5-Coder-14B-Instruct-AWQ,None
1142@y_name@ASC,Bar,Hard,7.1697,14.3394,2,0.0,0.0,0.0,0.0,0.0,0.0,0.0,0.0,0.0,0.0,1.0,0.0,0.0,True,Qwen/Qwen2.5-Coder-14B-Instruct-AWQ,None
1142@y_name@ASC,Bar,Hard,7.1697,14.3394,2,0.0,0.0,0.0,0.0,0.0,0.0,0.0,0.0,0.0,0.0,1.0,0.0,0.0,True,Qwen/Qwen2.5-Coder-14B-Instruct-AWQ,None
1142@y_name@ASC,Bar,Hard,7.1697,14.3394,2,0.0,0.0,0.0,0.0,0.0,0.0,0.0,0.0,0.0,0.0,1.0,0.0,0.0,True,Qwen/Qwen2.5-Coder-14B-Instruct-AWQ,None
997@x_name@DESC,Line,Hard,5.017,5.017,1,0.0,0.0,0.0,0.0,0.0,1.0,0.0,0.0,0.0,1.0,0.0,,0.0,True,Qwen/Qwen2.5-Coder-14B-Instruct-AWQ,None
997@x_name@DESC,Line,Hard,5.017,5.017,1,0.0,0.0,0.0,0.0,0.0,1.0,0.0,0.0,0.0,1.0,0.0,,0.0,True,Qwen/Qwen2.5-Coder-14B-Instruct-AWQ,None
997@x_name@DESC,Line,Hard,5.017,5.017,1,0.0,0.0,0.0,0.0,0.0,1.0,0.0,0.0,0.0,1.0,0.0,,0.0,True,Qwen/Qwen2.5-Coder-14B-Instruct-AWQ,None
1000@y_name@DESC,Bar,Medium,3.0195,9.0584,3,0.0,0.0,0.0,0.0,0.0,0.0,0.0,0.0,0.0,0.0,1.0,0.0,0.0,False,Qwen/Qwen2.5-Coder-14B-Instruct-AWQ,None
1000@y_name@DESC,Bar,Medium,3.0195,9.0584,3,0.0,0.0,0.0,0.0,0.0,0.0,0.0,0.0,0.0,0.0,1.0,0.0,0.0,False,Qwen/Qwen2.5-Coder-14B-Instruct-AWQ,None
1000@y_name@DESC,Bar,Medium,3.0195,9.0584,3,0.0,0.0,0.0,0.0,0.0,0.0,0.0,0.0,0.0,0.0,1.0,0.0,0.0,False,Qwen/Qwen2.5-Coder-14B-Instruct-AWQ,None
1006@y_name@ASC,Bar,Extra Hard,5.2841,5.2841,1,0.0,0.0,0.0,0.0,0.0,0.0,0.0,0.0,0.0,0.0,1.0,0.0,0.0,False,Qwen/Qwen2.5-Coder-14B-Instruct-AWQ,None
1006@y_name@ASC,Bar,Extra Hard,5.2841,5.2841,1,0.0,0.0,0.0,0.0,0.0,0.0,0.0,0.0,0.0,0.0,1.0,0.0,0.0,False,Qwen/Qwen2.5-Coder-14B-Instruct-AWQ,None
1006@y_name@ASC,Bar,Extra Hard,5.2841,5.2841,1,0.0,0.0,0.0,0.0,0.0,0.0,0.0,0.0,0.0,0.0,1.0,0.0,0.0,False,Qwen/Qwen2.5-Coder-14B-Instruct-AWQ,None
1009@y_name@DESC,Bar,Extra Hard,5.4176,5.4176,1,0.0,0.0,0.0,0.0,0.0,0.0,0.0,0.0,0.0,0.0,1.0,0.0,0.0,False,Qwen/Qwen2.5-Coder-14B-Instruct-AWQ,None
1009@y_name@DESC,Bar,Extra Hard,5.4176,5.4176,1,0.0,0.0,0.0,0.0,0.0,0.0,0.0,0.0,0.0,0.0,1.0,0.0,0.0,False,Qwen/Qwen2.5-Coder-14B-Instruct-AWQ,None
1009@y_name@DESC,Bar,Extra Hard,5.4176,5.4176,1,0.0,0.0,0.0,0.0,0.0,0.0,0.0,0.0,0.0,0.0,1.0,0.0,0.0,False,Qwen/Qwen2.5-Coder-14B-Instruct-AWQ,None
1010@x_name@DESC,Bar,Medium,4.4114,4.4114,1,0.0,0.0,0.0,0.0,0.0,1.0,0.0,0.0,0.0,1.0,0.0,,0.0,False,Qwen/Qwen2.5-Coder-14B-Instruct-AWQ,None
1010@x_name@DESC,Bar,Medium,4.4114,4.4114,1,0.0,0.0,0.0,0.0,0.0,1.0,0.0,0.0,0.0,1.0,0.0,,0.0,False,Qwen/Qwen2.5-Coder-14B-Instruct-AWQ,None
1010@x_name@DESC,Bar,Medium,4.4114,4.4114,1,0.0,0.0,0.0,0.0,0.0,1.0,0.0,0.0,0.0,1.0,0.0,,0.0,False,Qwen/Qwen2.5-Coder-14B-Instruct-AWQ,None
1242@y_name@ASC,Bar,Hard,4.4355,4.4355,1,0.0,0.0,0.0,0.0,0.0,0.0,0.0,0.0,0.0,0.0,1.0,0.0,0.0,False,Qwen/Qwen2.5-Coder-14B-Instruct-AWQ,None
1242@y_name@ASC,Bar,Hard,4.4355,4.4355,1,0.0,0.0,0.0,0.0,0.0,0.0,0.0,0.0,0.0,0.0,1.0,0.0,0.0,False,Qwen/Qwen2.5-Coder-14B-Instruct-AWQ,None
1242@y_name@ASC,Bar,Hard,4.4355,4.4355,1,0.0,0.0,0.0,0.0,0.0,0.0,0.0,0.0,0.0,0.0,1.0,0.0,0.0,False,Qwen/Qwen2.5-Coder-14B-Instruct-AWQ,None
1245@x_name@ASC,Bar,Medium,2.801,2.801,1,0.0,0.0,0.0,0.0,0.0,0.0,0.0,0.0,0.0,0.0,1.0,0.0,0.0,False,Qwen/Qwen2.5-Coder-14B-Instruct-AWQ,None
1245@x_name@ASC,Bar,Medium,2.801,2.801,1,0.0,0.0,0.0,0.0,0.0,0.0,0.0,0.0,0.0,0.0,1.0,0.0,0.0,False,Qwen/Qwen2.5-Coder-14B-Instruct-AWQ,None
1245@x_name@ASC,Bar,Medium,2.801,2.801,1,0.0,0.0,0.0,0.0,0.0,0.0,0.0,0.0,0.0,0.0,1.0,0.0,0.0,False,Qwen/Qwen2.5-Coder-14B-Instruct-AWQ,None
1247@x_name@ASC,Bar,Medium,4.4484,8.8967,2,0.0,0.0,0.0,0.0,0.0,0.0,0.0,0.0,0.0,0.0,1.0,0.0,0.0,False,Qwen/Qwen2.5-Coder-14B-Instruct-AWQ,None
1247@x_name@ASC,Bar,Medium,4.4484,8.8967,2,0.0,0.0,0.0,0.0,0.0,0.0,0.0,0.0,0.0,0.0,1.0,0.0,0.0,False,Qwen/Qwen2.5-Coder-14B-Instruct-AWQ,None
1247@x_name@ASC,Bar,Medium,4.4484,8.8967,2,0.0,0.0,0.0,0.0,0.0,0.0,0.0,0.0,0.0,0.0,1.0,0.0,0.0,False,Qwen/Qwen2.5-Coder-14B-Instruct-AWQ,None
2704@y_name@DESC,Bar,Medium,3.7555,7.5109,2,0.0,0.0,0.0,0.0,0.0,0.0,0.0,0.0,0.0,0.0,1.0,0.0,0.0,False,Qwen/Qwen2.5-Coder-14B-Instruct-AWQ,None
2704@y_name@DESC,Bar,Medium,3.7555,7.5109,2,0.0,0.0,0.0,0.0,0.0,0.0,0.0,0.0,0.0,0.0,1.0,0.0,0.0,False,Qwen/Qwen2.5-Coder-14B-Instruct-AWQ,None
2704@y_name@DESC,Bar,Medium,3.7555,7.5109,2,0.0,0.0,0.0,0.0,0.0,0.0,0.0,0.0,0.0,0.0,1.0,0.0,0.0,False,Qwen/Qwen2.5-Coder-14B-Instruct-AWQ,None
2706@y_name@DESC,Bar,Medium,4.4394,8.8787,2,0.0,0.0,0.0,0.0,0.0,0.0,0.0,0.0,0.0,0.0,1.0,0.0,0.0,False,Qwen/Qwen2.5-Coder-14B-Instruct-AWQ,None
2706@y_name@DESC,Bar,Medium,4.4394,8.8787,2,0.0,0.0,0.0,0.0,0.0,0.0,0.0,0.0,0.0,0.0,1.0,0.0,0.0,False,Qwen/Qwen2.5-Coder-14B-Instruct-AWQ,None
2706@y_name@DESC,Bar,Medium,4.4394,8.8787,2,0.0,0.0,0.0,0.0,0.0,0.0,0.0,0.0,0.0,0.0,1.0,0.0,0.0,False,Qwen/Qwen2.5-Coder-14B-Instruct-AWQ,None
2683@x_name@ASC,Bar,Hard,5.9773,5.9773,1,0.0,0.0,0.0,0.0,0.0,0.0,0.0,0.0,0.0,0.0,1.0,0.0,0.0,True,Qwen/Qwen2.5-Coder-14B-Instruct-AWQ,None
2683@x_name@ASC,Bar,Hard,5.9773,5.9773,1,0.0,0.0,0.0,0.0,0.0,0.0,0.0,0.0,0.0,0.0,1.0,0.0,0.0,True,Qwen/Qwen2.5-Coder-14B-Instruct-AWQ,None
2683@x_name@ASC,Bar,Hard,5.9773,5.9773,1,0.0,0.0,0.0,0.0,0.0,0.0,0.0,0.0,0.0,0.0,1.0,0.0,0.0,True,Qwen/Qwen2.5-Coder-14B-Instruct-AWQ,None
2051@x_name@ASC,Bar,Extra Hard,7.5222,7.5222,1,0.0,0.0,0.0,0.0,0.0,0.0,0.0,0.0,0.0,0.0,1.0,0.0,0.0,True,Qwen/Qwen2.5-Coder-14B-Instruct-AWQ,None
2051@x_name@ASC,Bar,Extra Hard,7.5222,7.5222,1,0.0,0.0,0.0,0.0,0.0,0.0,0.0,0.0,0.0,0.0,1.0,0.0,0.0,True,Qwen/Qwen2.5-Coder-14B-Instruct-AWQ,None
2051@x_name@ASC,Bar,Extra Hard,7.5222,7.5222,1,0.0,0.0,0.0,0.0,0.0,0.0,0.0,0.0,0.0,0.0,1.0,0.0,0.0,True,Qwen/Qwen2.5-Coder-14B-Instruct-AWQ,None
2052@y_name@ASC,Bar,Extra Hard,6.4214,6.4214,1,0.0,0.0,0.0,0.0,0.0,0.0,0.0,0.0,0.0,0.0,1.0,0.0,0.0,True,Qwen/Qwen2.5-Coder-14B-Instruct-AWQ,None
2052@y_name@ASC,Bar,Extra Hard,6.4214,6.4214,1,0.0,0.0,0.0,0.0,0.0,0.0,0.0,0.0,0.0,0.0,1.0,0.0,0.0,True,Qwen/Qwen2.5-Coder-14B-Instruct-AWQ,None
2052@y_name@ASC,Bar,Extra Hard,6.4214,6.4214,1,0.0,0.0,0.0,0.0,0.0,0.0,0.0,0.0,0.0,0.0,1.0,0.0,0.0,True,Qwen/Qwen2.5-Coder-14B-Instruct-AWQ,None
2053@x_name@ASC,Bar,Easy,4.8348,14.5045,3,0.0,0.0,0.0,0.0,0.0,0.6666666666666666,0.0,0.0,0.0,0.6666666666666666,0.3333333333333333,0.0,0.0,False,Qwen/Qwen2.5-Coder-14B-Instruct-AWQ,None
2053@x_name@ASC,Bar,Easy,4.8348,14.5045,3,0.0,0.0,0.0,0.0,0.0,0.6666666666666666,0.0,0.0,0.0,0.6666666666666666,0.3333333333333333,0.0,0.0,False,Qwen/Qwen2.5-Coder-14B-Instruct-AWQ,None
2053@x_name@ASC,Bar,Easy,4.8348,14.5045,3,0.0,0.0,0.0,0.0,0.0,0.6666666666666666,0.0,0.0,0.0,0.6666666666666666,0.3333333333333333,0.0,0.0,False,Qwen/Qwen2.5-Coder-14B-Instruct-AWQ,None
2060@y_name@DESC,Bar,Extra Hard,8.2141,16.4282,2,0.0,0.0,0.0,0.0,0.0,0.0,0.0,0.0,0.0,0.0,1.0,0.0,0.0,True,Qwen/Qwen2.5-Coder-14B-Instruct-AWQ,None
2060@y_name@DESC,Bar,Extra Hard,8.2141,16.4282,2,0.0,0.0,0.0,0.0,0.0,0.0,0.0,0.0,0.0,0.0,1.0,0.0,0.0,True,Qwen/Qwen2.5-Coder-14B-Instruct-AWQ,None
2060@y_name@DESC,Bar,Extra Hard,8.2141,16.4282,2,0.0,0.0,0.0,0.0,0.0,0.0,0.0,0.0,0.0,0.0,1.0,0.0,0.0,True,Qwen/Qwen2.5-Coder-14B-Instruct-AWQ,None
2063@y_name@ASC,Bar,Hard,7.0002,7.0002,1,0.0,0.0,0.0,0.0,0.0,0.0,0.0,0.0,0.0,0.0,1.0,0.0,0.0,True,Qwen/Qwen2.5-Coder-14B-Instruct-AWQ,None
2063@y_name@ASC,Bar,Hard,7.0002,7.0002,1,0.0,0.0,0.0,0.0,0.0,0.0,0.0,0.0,0.0,0.0,1.0,0.0,0.0,True,Qwen/Qwen2.5-Coder-14B-Instruct-AWQ,None
2063@y_name@ASC,Bar,Hard,7.0002,7.0002,1,0.0,0.0,0.0,0.0,0.0,0.0,0.0,0.0,0.0,0.0,1.0,0.0,0.0,True,Qwen/Qwen2.5-Coder-14B-Instruct-AWQ,None
1416@y_name@ASC,Bar,Medium,5.9319,11.8637,2,0.0,0.0,0.0,0.0,0.0,0.0,0.0,0.0,0.0,0.0,1.0,0.0,0.0,False,Qwen/Qwen2.5-Coder-14B-Instruct-AWQ,None
1416@y_name@ASC,Bar,Medium,5.9319,11.8637,2,0.0,0.0,0.0,0.0,0.0,0.0,0.0,0.0,0.0,0.0,1.0,0.0,0.0,False,Qwen/Qwen2.5-Coder-14B-Instruct-AWQ,None
1416@y_name@ASC,Bar,Medium,5.9319,11.8637,2,0.0,0.0,0.0,0.0,0.0,0.0,0.0,0.0,0.0,0.0,1.0,0.0,0.0,False,Qwen/Qwen2.5-Coder-14B-Instruct-AWQ,None
1419@y_name@ASC,Bar,Extra Hard,4.5806,18.3222,4,0.0,0.0,0.0,0.0,0.0,0.0,0.0,0.0,0.0,0.0,1.0,0.0,0.0,False,Qwen/Qwen2.5-Coder-14B-Instruct-AWQ,None
1419@y_name@ASC,Bar,Extra Hard,4.5806,18.3222,4,0.0,0.0,0.0,0.0,0.0,0.0,0.0,0.0,0.0,0.0,1.0,0.0,0.0,False,Qwen/Qwen2.5-Coder-14B-Instruct-AWQ,None
1419@y_name@ASC,Bar,Extra Hard,4.5806,18.3222,4,0.0,0.0,0.0,0.0,0.0,0.0,0.0,0.0,0.0,0.0,1.0,0.0,0.0,False,Qwen/Qwen2.5-Coder-14B-Instruct-AWQ,None
1380@y_name@ASC,Bar,Hard,5.1131,5.1131,1,0.0,0.0,0.0,0.0,0.0,0.0,0.0,0.0,0.0,0.0,1.0,0.0,0.0,True,Qwen/Qwen2.5-Coder-14B-Instruct-AWQ,None
1380@y_name@ASC,Bar,Hard,5.1131,5.1131,1,0.0,0.0,0.0,0.0,0.0,0.0,0.0,0.0,0.0,0.0,1.0,0.0,0.0,True,Qwen/Qwen2.5-Coder-14B-Instruct-AWQ,None
1380@y_name@ASC,Bar,Hard,5.1131,5.1131,1,0.0,0.0,0.0,0.0,0.0,0.0,0.0,0.0,0.0,0.0,1.0,0.0,0.0,True,Qwen/Qwen2.5-Coder-14B-Instruct-AWQ,None
1382@y_name@ASC,Bar,Hard,5.2688,5.2688,1,0.0,0.0,0.0,0.0,0.0,0.0,0.0,0.0,0.0,0.0,1.0,0.0,0.0,True,Qwen/Qwen2.5-Coder-14B-Instruct-AWQ,None
1382@y_name@ASC,Bar,Hard,5.2688,5.2688,1,0.0,0.0,0.0,0.0,0.0,0.0,0.0,0.0,0.0,0.0,1.0,0.0,0.0,True,Qwen/Qwen2.5-Coder-14B-Instruct-AWQ,None
1382@y_name@ASC,Bar,Hard,5.2688,5.2688,1,0.0,0.0,0.0,0.0,0.0,0.0,0.0,0.0,0.0,0.0,1.0,0.0,0.0,True,Qwen/Qwen2.5-Coder-14B-Instruct-AWQ,None
1085@y_name@DESC,Bar,Medium,3.4869,6.9739,2,0.0,0.0,0.0,0.0,0.0,0.0,0.0,0.0,0.0,0.0,1.0,0.0,0.0,False,Qwen/Qwen2.5-Coder-14B-Instruct-AWQ,None
1085@y_name@DESC,Bar,Medium,3.4869,6.9739,2,0.0,0.0,0.0,0.0,0.0,0.0,0.0,0.0,0.0,0.0,1.0,0.0,0.0,False,Qwen/Qwen2.5-Coder-14B-Instruct-AWQ,None
1085@y_name@DESC,Bar,Medium,3.4869,6.9739,2,0.0,0.0,0.0,0.0,0.0,0.0,0.0,0.0,0.0,0.0,1.0,0.0,0.0,False,Qwen/Qwen2.5-Coder-14B-Instruct-AWQ,None
1087@y_name@DESC,Bar,Hard,5.3597,5.3597,1,0.0,0.0,0.0,0.0,0.0,0.0,0.0,0.0,0.0,0.0,1.0,0.0,0.0,True,Qwen/Qwen2.5-Coder-14B-Instruct-AWQ,None
1087@y_name@DESC,Bar,Hard,5.3597,5.3597,1,0.0,0.0,0.0,0.0,0.0,0.0,0.0,0.0,0.0,0.0,1.0,0.0,0.0,True,Qwen/Qwen2.5-Coder-14B-Instruct-AWQ,None
1087@y_name@DESC,Bar,Hard,5.3597,5.3597,1,0.0,0.0,0.0,0.0,0.0,0.0,0.0,0.0,0.0,0.0,1.0,0.0,0.0,True,Qwen/Qwen2.5-Coder-14B-Instruct-AWQ,None
1091@y_name@ASC,Bar,Medium,3.8874,11.6623,3,0.0,0.0,0.0,0.0,0.0,0.0,0.0,0.0,0.0,0.0,1.0,0.0,0.0,False,Qwen/Qwen2.5-Coder-14B-Instruct-AWQ,None
1091@y_name@ASC,Bar,Medium,3.8874,11.6623,3,0.0,0.0,0.0,0.0,0.0,0.0,0.0,0.0,0.0,0.0,1.0,0.0,0.0,False,Qwen/Qwen2.5-Coder-14B-Instruct-AWQ,None
1091@y_name@ASC,Bar,Medium,3.8874,11.6623,3,0.0,0.0,0.0,0.0,0.0,0.0,0.0,0.0,0.0,0.0,1.0,0.0,0.0,False,Qwen/Qwen2.5-Coder-14B-Instruct-AWQ,None
3038@x_name@DESC,Bar,Medium,3.8193,3.8193,1,0.0,0.0,0.0,0.0,0.0,1.0,0.0,0.0,0.0,1.0,0.0,,0.0,False,Qwen/Qwen2.5-Coder-14B-Instruct-AWQ,None
3038@x_name@DESC,Bar,Medium,3.8193,3.8193,1,0.0,0.0,0.0,0.0,0.0,1.0,0.0,0.0,0.0,1.0,0.0,,0.0,False,Qwen/Qwen2.5-Coder-14B-Instruct-AWQ,None
3038@x_name@DESC,Bar,Medium,3.8193,3.8193,1,0.0,0.0,0.0,0.0,0.0,1.0,0.0,0.0,0.0,1.0,0.0,,0.0,False,Qwen/Qwen2.5-Coder-14B-Instruct-AWQ,None
3043@y_name@ASC,Bar,Medium,4.12,12.3599,3,0.0,0.0,0.0,0.0,0.0,0.0,0.0,0.0,0.0,0.0,1.0,0.0,0.0,False,Qwen/Qwen2.5-Coder-14B-Instruct-AWQ,None
3043@y_name@ASC,Bar,Medium,4.12,12.3599,3,0.0,0.0,0.0,0.0,0.0,0.0,0.0,0.0,0.0,0.0,1.0,0.0,0.0,False,Qwen/Qwen2.5-Coder-14B-Instruct-AWQ,None
3043@y_name@ASC,Bar,Medium,4.12,12.3599,3,0.0,0.0,0.0,0.0,0.0,0.0,0.0,0.0,0.0,0.0,1.0,0.0,0.0,False,Qwen/Qwen2.5-Coder-14B-Instruct-AWQ,None
3045@y_name@ASC,Bar,Medium,4.7465,14.2395,3,0.0,0.0,0.0,0.0,0.3333333333333333,0.0,0.0,0.0,0.0,0.3333333333333333,0.6666666666666666,0.0,0.0,False,Qwen/Qwen2.5-Coder-14B-Instruct-AWQ,None
3045@y_name@ASC,Bar,Medium,4.7465,14.2395,3,0.0,0.0,0.0,0.0,0.3333333333333333,0.0,0.0,0.0,0.0,0.3333333333333333,0.6666666666666666,0.0,0.0,False,Qwen/Qwen2.5-Coder-14B-Instruct-AWQ,None
3045@y_name@ASC,Bar,Medium,4.7465,14.2395,3,0.0,0.0,0.0,0.0,0.3333333333333333,0.0,0.0,0.0,0.0,0.3333333333333333,0.6666666666666666,0.0,0.0,False,Qwen/Qwen2.5-Coder-14B-Instruct-AWQ,None
3050@x_name@ASC,Bar,Medium,4.7166,4.7166,1,0.0,0.0,0.0,0.0,0.0,0.0,0.0,0.0,0.0,0.0,1.0,0.0,0.0,False,Qwen/Qwen2.5-Coder-14B-Instruct-AWQ,None
3050@x_name@ASC,Bar,Medium,4.7166,4.7166,1,0.0,0.0,0.0,0.0,0.0,0.0,0.0,0.0,0.0,0.0,1.0,0.0,0.0,False,Qwen/Qwen2.5-Coder-14B-Instruct-AWQ,None
3050@x_name@ASC,Bar,Medium,4.7166,4.7166,1,0.0,0.0,0.0,0.0,0.0,0.0,0.0,0.0,0.0,0.0,1.0,0.0,0.0,False,Qwen/Qwen2.5-Coder-14B-Instruct-AWQ,None
3052@x_name@ASC,Bar,Medium,3.8655,7.7309,2,0.0,0.0,0.0,0.0,1.0,0.0,0.0,0.0,0.0,1.0,0.0,,0.0,False,Qwen/Qwen2.5-Coder-14B-Instruct-AWQ,None
3052@x_name@ASC,Bar,Medium,3.8655,7.7309,2,0.0,0.0,0.0,0.0,1.0,0.0,0.0,0.0,0.0,1.0,0.0,,0.0,False,Qwen/Qwen2.5-Coder-14B-Instruct-AWQ,None
3052@x_name@ASC,Bar,Medium,3.8655,7.7309,2,0.0,0.0,0.0,0.0,1.0,0.0,0.0,0.0,0.0,1.0,0.0,,0.0,False,Qwen/Qwen2.5-Coder-14B-Instruct-AWQ,None
3053@x_name@DESC,Bar,Medium,3.8079,3.8079,1,0.0,0.0,0.0,0.0,0.0,1.0,0.0,0.0,0.0,1.0,0.0,,0.0,False,Qwen/Qwen2.5-Coder-14B-Instruct-AWQ,None
3053@x_name@DESC,Bar,Medium,3.8079,3.8079,1,0.0,0.0,0.0,0.0,0.0,1.0,0.0,0.0,0.0,1.0,0.0,,0.0,False,Qwen/Qwen2.5-Coder-14B-Instruct-AWQ,None
3053@x_name@DESC,Bar,Medium,3.8079,3.8079,1,0.0,0.0,0.0,0.0,0.0,1.0,0.0,0.0,0.0,1.0,0.0,,0.0,False,Qwen/Qwen2.5-Coder-14B-Instruct-AWQ,None
38@x_name@DESC,Bar,Hard,6.0917,6.0917,1,0.0,0.0,0.0,0.0,0.0,0.0,0.0,0.0,0.0,0.0,1.0,0.0,0.0,True,Qwen/Qwen2.5-Coder-14B-Instruct-AWQ,None
38@x_name@DESC,Bar,Hard,6.0917,6.0917,1,0.0,0.0,0.0,0.0,0.0,0.0,0.0,0.0,0.0,0.0,1.0,0.0,0.0,True,Qwen/Qwen2.5-Coder-14B-Instruct-AWQ,None
38@x_name@DESC,Bar,Hard,6.0917,6.0917,1,0.0,0.0,0.0,0.0,0.0,0.0,0.0,0.0,0.0,0.0,1.0,0.0,0.0,True,Qwen/Qwen2.5-Coder-14B-Instruct-AWQ,None
41@y_name@ASC,Bar,Hard,4.8873,4.8873,1,0.0,0.0,0.0,0.0,0.0,0.0,0.0,0.0,0.0,0.0,1.0,0.0,0.0,False,Qwen/Qwen2.5-Coder-14B-Instruct-AWQ,None
41@y_name@ASC,Bar,Hard,4.8873,4.8873,1,0.0,0.0,0.0,0.0,0.0,0.0,0.0,0.0,0.0,0.0,1.0,0.0,0.0,False,Qwen/Qwen2.5-Coder-14B-Instruct-AWQ,None
41@y_name@ASC,Bar,Hard,4.8873,4.8873,1,0.0,0.0,0.0,0.0,0.0,0.0,0.0,0.0,0.0,0.0,1.0,0.0,0.0,False,Qwen/Qwen2.5-Coder-14B-Instruct-AWQ,None
42@y_name@ASC,Bar,Hard,4.3277,8.6555,2,0.0,0.0,0.0,0.0,0.0,0.0,0.0,0.0,0.0,0.0,1.0,0.0,0.0,False,Qwen/Qwen2.5-Coder-14B-Instruct-AWQ,None
42@y_name@ASC,Bar,Hard,4.3277,8.6555,2,0.0,0.0,0.0,0.0,0.0,0.0,0.0,0.0,0.0,0.0,1.0,0.0,0.0,False,Qwen/Qwen2.5-Coder-14B-Instruct-AWQ,None
42@y_name@ASC,Bar,Hard,4.3277,8.6555,2,0.0,0.0,0.0,0.0,0.0,0.0,0.0,0.0,0.0,0.0,1.0,0.0,0.0,False,Qwen/Qwen2.5-Coder-14B-Instruct-AWQ,None
44@y_name@DESC,Bar,Hard,5.4663,5.4663,1,0.0,0.0,0.0,0.0,1.0,0.0,0.0,0.0,0.0,1.0,0.0,,0.0,False,Qwen/Qwen2.5-Coder-14B-Instruct-AWQ,None
44@y_name@DESC,Bar,Hard,5.4663,5.4663,1,0.0,0.0,0.0,0.0,1.0,0.0,0.0,0.0,0.0,1.0,0.0,,0.0,False,Qwen/Qwen2.5-Coder-14B-Instruct-AWQ,None
44@y_name@DESC,Bar,Hard,5.4663,5.4663,1,0.0,0.0,0.0,0.0,1.0,0.0,0.0,0.0,0.0,1.0,0.0,,0.0,False,Qwen/Qwen2.5-Coder-14B-Instruct-AWQ,None
47@y_name@DESC,Bar,Medium,3.1232,9.3697,3,0.0,0.0,0.0,0.0,0.0,0.0,0.0,0.0,0.0,0.0,1.0,0.0,0.0,False,Qwen/Qwen2.5-Coder-14B-Instruct-AWQ,None
47@y_name@DESC,Bar,Medium,3.1232,9.3697,3,0.0,0.0,0.0,0.0,0.0,0.0,0.0,0.0,0.0,0.0,1.0,0.0,0.0,False,Qwen/Qwen2.5-Coder-14B-Instruct-AWQ,None
47@y_name@DESC,Bar,Medium,3.1232,9.3697,3,0.0,0.0,0.0,0.0,0.0,0.0,0.0,0.0,0.0,0.0,1.0,0.0,0.0,False,Qwen/Qwen2.5-Coder-14B-Instruct-AWQ,None
49@y_name@ASC,Bar,Extra Hard,6.8635,13.727,2,0.0,0.0,0.0,0.0,0.0,0.0,0.0,0.0,0.0,0.0,1.0,0.0,0.0,True,Qwen/Qwen2.5-Coder-14B-Instruct-AWQ,None
49@y_name@ASC,Bar,Extra Hard,6.8635,13.727,2,0.0,0.0,0.0,0.0,0.0,0.0,0.0,0.0,0.0,0.0,1.0,0.0,0.0,True,Qwen/Qwen2.5-Coder-14B-Instruct-AWQ,None
49@y_name@ASC,Bar,Extra Hard,6.8635,13.727,2,0.0,0.0,0.0,0.0,0.0,0.0,0.0,0.0,0.0,0.0,1.0,0.0,0.0,True,Qwen/Qwen2.5-Coder-14B-Instruct-AWQ,None
53@x_name@ASC,Bar,Extra Hard,6.6987,6.6987,1,0.0,0.0,0.0,0.0,1.0,0.0,0.0,0.0,0.0,1.0,0.0,,0.0,False,Qwen/Qwen2.5-Coder-14B-Instruct-AWQ,None
53@x_name@ASC,Bar,Extra Hard,6.6987,6.6987,1,0.0,0.0,0.0,0.0,1.0,0.0,0.0,0.0,0.0,1.0,0.0,,0.0,False,Qwen/Qwen2.5-Coder-14B-Instruct-AWQ,None
53@x_name@ASC,Bar,Extra Hard,6.6987,6.6987,1,0.0,0.0,0.0,0.0,1.0,0.0,0.0,0.0,0.0,1.0,0.0,,0.0,False,Qwen/Qwen2.5-Coder-14B-Instruct-AWQ,None
56@y_name@ASC,Bar,Extra Hard,7.6225,7.6225,1,0.0,0.0,0.0,0.0,0.0,1.0,0.0,0.0,0.0,1.0,0.0,,0.0,True,Qwen/Qwen2.5-Coder-14B-Instruct-AWQ,None
56@y_name@ASC,Bar,Extra Hard,7.6225,7.6225,1,0.0,0.0,0.0,0.0,0.0,1.0,0.0,0.0,0.0,1.0,0.0,,0.0,True,Qwen/Qwen2.5-Coder-14B-Instruct-AWQ,None
56@y_name@ASC,Bar,Extra Hard,7.6225,7.6225,1,0.0,0.0,0.0,0.0,0.0,1.0,0.0,0.0,0.0,1.0,0.0,,0.0,True,Qwen/Qwen2.5-Coder-14B-Instruct-AWQ,None
58@y_name@ASC,Bar,Medium,5.9824,35.8944,6,0.0,0.0,0.0,0.0,0.0,0.0,0.0,0.0,0.0,0.0,1.0,0.0,0.0,False,Qwen/Qwen2.5-Coder-14B-Instruct-AWQ,None
58@y_name@ASC,Bar,Medium,5.9824,35.8944,6,0.0,0.0,0.0,0.0,0.0,0.0,0.0,0.0,0.0,0.0,1.0,0.0,0.0,False,Qwen/Qwen2.5-Coder-14B-Instruct-AWQ,None
58@y_name@ASC,Bar,Medium,5.9824,35.8944,6,0.0,0.0,0.0,0.0,0.0,0.0,0.0,0.0,0.0,0.0,1.0,0.0,0.0,False,Qwen/Qwen2.5-Coder-14B-Instruct-AWQ,None
59@y_name@ASC,Bar,Medium,3.7384,18.6921,5,0.0,0.0,0.0,0.0,0.0,0.0,0.0,0.0,0.0,0.0,1.0,0.0,0.0,False,Qwen/Qwen2.5-Coder-14B-Instruct-AWQ,None
59@y_name@ASC,Bar,Medium,3.7384,18.6921,5,0.0,0.0,0.0,0.0,0.0,0.0,0.0,0.0,0.0,0.0,1.0,0.0,0.0,False,Qwen/Qwen2.5-Coder-14B-Instruct-AWQ,None
59@y_name@ASC,Bar,Medium,3.7384,18.6921,5,0.0,0.0,0.0,0.0,0.0,0.0,0.0,0.0,0.0,0.0,1.0,0.0,0.0,False,Qwen/Qwen2.5-Coder-14B-Instruct-AWQ,None
61@y_name@ASC,Bar,Medium,3.8438,15.3754,4,0.0,0.0,0.0,0.0,0.0,0.0,0.0,0.0,0.0,0.0,1.0,0.0,0.0,False,Qwen/Qwen2.5-Coder-14B-Instruct-AWQ,None
61@y_name@ASC,Bar,Medium,3.8438,15.3754,4,0.0,0.0,0.0,0.0,0.0,0.0,0.0,0.0,0.0,0.0,1.0,0.0,0.0,False,Qwen/Qwen2.5-Coder-14B-Instruct-AWQ,None
61@y_name@ASC,Bar,Medium,3.8438,15.3754,4,0.0,0.0,0.0,0.0,0.0,0.0,0.0,0.0,0.0,0.0,1.0,0.0,0.0,False,Qwen/Qwen2.5-Coder-14B-Instruct-AWQ,None
1324@y_name@ASC,Bar,Medium,2.7714,5.5428,2,0.0,0.0,0.0,0.0,0.0,0.0,0.0,0.0,0.0,0.0,1.0,0.0,0.0,False,Qwen/Qwen2.5-Coder-14B-Instruct-AWQ,None
1324@y_name@ASC,Bar,Medium,2.7714,5.5428,2,0.0,0.0,0.0,0.0,0.0,0.0,0.0,0.0,0.0,0.0,1.0,0.0,0.0,False,Qwen/Qwen2.5-Coder-14B-Instruct-AWQ,None
1324@y_name@ASC,Bar,Medium,2.7714,5.5428,2,0.0,0.0,0.0,0.0,0.0,0.0,0.0,0.0,0.0,0.0,1.0,0.0,0.0,False,Qwen/Qwen2.5-Coder-14B-Instruct-AWQ,None
1328@x_name@ASC,Bar,Medium,6.0132,6.0132,1,0.0,0.0,0.0,0.0,0.0,0.0,0.0,0.0,0.0,0.0,1.0,0.0,0.0,False,Qwen/Qwen2.5-Coder-14B-Instruct-AWQ,None
1328@x_name@ASC,Bar,Medium,6.0132,6.0132,1,0.0,0.0,0.0,0.0,0.0,0.0,0.0,0.0,0.0,0.0,1.0,0.0,0.0,False,Qwen/Qwen2.5-Coder-14B-Instruct-AWQ,None
1328@x_name@ASC,Bar,Medium,6.0132,6.0132,1,0.0,0.0,0.0,0.0,0.0,0.0,0.0,0.0,0.0,0.0,1.0,0.0,0.0,False,Qwen/Qwen2.5-Coder-14B-Instruct-AWQ,None
483@x_name@ASC,Bar,Medium,3.6036,7.2072,2,0.0,0.0,0.0,0.0,0.0,0.5,0.0,0.0,0.0,0.5,0.5,0.0,0.0,False,Qwen/Qwen2.5-Coder-14B-Instruct-AWQ,None
483@x_name@ASC,Bar,Medium,3.6036,7.2072,2,0.0,0.0,0.0,0.0,0.0,0.5,0.0,0.0,0.0,0.5,0.5,0.0,0.0,False,Qwen/Qwen2.5-Coder-14B-Instruct-AWQ,None
483@x_name@ASC,Bar,Medium,3.6036,7.2072,2,0.0,0.0,0.0,0.0,0.0,0.5,0.0,0.0,0.0,0.5,0.5,0.0,0.0,False,Qwen/Qwen2.5-Coder-14B-Instruct-AWQ,None
1015@y_name@DESC,Bar,Medium,4.2487,8.4975,2,0.0,0.0,0.0,0.0,0.0,0.0,0.0,0.0,0.0,0.0,1.0,0.0,0.0,False,Qwen/Qwen2.5-Coder-14B-Instruct-AWQ,None
1015@y_name@DESC,Bar,Medium,4.2487,8.4975,2,0.0,0.0,0.0,0.0,0.0,0.0,0.0,0.0,0.0,0.0,1.0,0.0,0.0,False,Qwen/Qwen2.5-Coder-14B-Instruct-AWQ,None
1015@y_name@DESC,Bar,Medium,4.2487,8.4975,2,0.0,0.0,0.0,0.0,0.0,0.0,0.0,0.0,0.0,0.0,1.0,0.0,0.0,False,Qwen/Qwen2.5-Coder-14B-Instruct-AWQ,None
1017@y_name@ASC,Bar,Hard,3.0995,3.0995,1,0.0,0.0,0.0,0.0,0.0,0.0,0.0,0.0,0.0,0.0,1.0,0.0,0.0,True,Qwen/Qwen2.5-Coder-14B-Instruct-AWQ,None
1017@y_name@ASC,Bar,Hard,3.0995,3.0995,1,0.0,0.0,0.0,0.0,0.0,0.0,0.0,0.0,0.0,0.0,1.0,0.0,0.0,True,Qwen/Qwen2.5-Coder-14B-Instruct-AWQ,None
1017@y_name@ASC,Bar,Hard,3.0995,3.0995,1,0.0,0.0,0.0,0.0,0.0,0.0,0.0,0.0,0.0,0.0,1.0,0.0,0.0,True,Qwen/Qwen2.5-Coder-14B-Instruct-AWQ,None
1019@x_name@DESC,Bar,Hard,6.2847,6.2847,1,0.0,0.0,0.0,0.0,0.0,1.0,0.0,0.0,0.0,1.0,0.0,,0.0,True,Qwen/Qwen2.5-Coder-14B-Instruct-AWQ,None
1019@x_name@DESC,Bar,Hard,6.2847,6.2847,1,0.0,0.0,0.0,0.0,0.0,1.0,0.0,0.0,0.0,1.0,0.0,,0.0,True,Qwen/Qwen2.5-Coder-14B-Instruct-AWQ,None
1019@x_name@DESC,Bar,Hard,6.2847,6.2847,1,0.0,0.0,0.0,0.0,0.0,1.0,0.0,0.0,0.0,1.0,0.0,,0.0,True,Qwen/Qwen2.5-Coder-14B-Instruct-AWQ,None
1022@y_name@ASC,Bar,Medium,3.2451,6.4901,2,0.0,0.0,0.0,0.0,0.0,0.0,0.0,0.0,0.0,0.0,1.0,0.0,0.0,False,Qwen/Qwen2.5-Coder-14B-Instruct-AWQ,None
1022@y_name@ASC,Bar,Medium,3.2451,6.4901,2,0.0,0.0,0.0,0.0,0.0,0.0,0.0,0.0,0.0,0.0,1.0,0.0,0.0,False,Qwen/Qwen2.5-Coder-14B-Instruct-AWQ,None
1022@y_name@ASC,Bar,Medium,3.2451,6.4901,2,0.0,0.0,0.0,0.0,0.0,0.0,0.0,0.0,0.0,0.0,1.0,0.0,0.0,False,Qwen/Qwen2.5-Coder-14B-Instruct-AWQ,None
2594@y_name@DESC,Bar,Medium,3.5014,21.0081,6,0.0,0.0,0.0,0.0,0.0,0.0,0.0,0.0,0.0,0.0,1.0,0.0,0.0,False,Qwen/Qwen2.5-Coder-14B-Instruct-AWQ,None
2594@y_name@DESC,Bar,Medium,3.5014,21.0081,6,0.0,0.0,0.0,0.0,0.0,0.0,0.0,0.0,0.0,0.0,1.0,0.0,0.0,False,Qwen/Qwen2.5-Coder-14B-Instruct-AWQ,None
2594@y_name@DESC,Bar,Medium,3.5014,21.0081,6,0.0,0.0,0.0,0.0,0.0,0.0,0.0,0.0,0.0,0.0,1.0,0.0,0.0,False,Qwen/Qwen2.5-Coder-14B-Instruct-AWQ,None
909@y_name@ASC,Bar,Medium,3.8873,15.549,4,0.0,0.0,0.0,0.0,0.0,0.0,0.0,0.0,0.0,0.0,1.0,0.0,0.0,False,Qwen/Qwen2.5-Coder-14B-Instruct-AWQ,None
909@y_name@ASC,Bar,Medium,3.8873,15.549,4,0.0,0.0,0.0,0.0,0.0,0.0,0.0,0.0,0.0,0.0,1.0,0.0,0.0,False,Qwen/Qwen2.5-Coder-14B-Instruct-AWQ,None
909@y_name@ASC,Bar,Medium,3.8873,15.549,4,0.0,0.0,0.0,0.0,0.0,0.0,0.0,0.0,0.0,0.0,1.0,0.0,0.0,False,Qwen/Qwen2.5-Coder-14B-Instruct-AWQ,None
911@y_name@DESC,Bar,Hard,5.9374,17.8123,3,0.0,0.0,0.0,0.0,0.0,0.0,0.0,0.0,0.0,0.0,1.0,0.0,0.0,True,Qwen/Qwen2.5-Coder-14B-Instruct-AWQ,None
911@y_name@DESC,Bar,Hard,5.9374,17.8123,3,0.0,0.0,0.0,0.0,0.0,0.0,0.0,0.0,0.0,0.0,1.0,0.0,0.0,True,Qwen/Qwen2.5-Coder-14B-Instruct-AWQ,None
911@y_name@DESC,Bar,Hard,5.9374,17.8123,3,0.0,0.0,0.0,0.0,0.0,0.0,0.0,0.0,0.0,0.0,1.0,0.0,0.0,True,Qwen/Qwen2.5-Coder-14B-Instruct-AWQ,None
690@y_name@DESC,Bar,Medium,3.2918,16.4591,5,0.0,0.0,0.0,0.0,0.0,0.0,0.0,0.0,0.0,0.0,1.0,0.0,0.0,False,Qwen/Qwen2.5-Coder-14B-Instruct-AWQ,None
690@y_name@DESC,Bar,Medium,3.2918,16.4591,5,0.0,0.0,0.0,0.0,0.0,0.0,0.0,0.0,0.0,0.0,1.0,0.0,0.0,False,Qwen/Qwen2.5-Coder-14B-Instruct-AWQ,None
690@y_name@DESC,Bar,Medium,3.2918,16.4591,5,0.0,0.0,0.0,0.0,0.0,0.0,0.0,0.0,0.0,0.0,1.0,0.0,0.0,False,Qwen/Qwen2.5-Coder-14B-Instruct-AWQ,None
692@x_name@ASC,Bar,Extra Hard,7.7469,7.7469,1,0.0,0.0,0.0,0.0,0.0,1.0,0.0,0.0,0.0,1.0,0.0,,0.0,True,Qwen/Qwen2.5-Coder-14B-Instruct-AWQ,None
692@x_name@ASC,Bar,Extra Hard,7.7469,7.7469,1,0.0,0.0,0.0,0.0,0.0,1.0,0.0,0.0,0.0,1.0,0.0,,0.0,True,Qwen/Qwen2.5-Coder-14B-Instruct-AWQ,None
692@x_name@ASC,Bar,Extra Hard,7.7469,7.7469,1,0.0,0.0,0.0,0.0,0.0,1.0,0.0,0.0,0.0,1.0,0.0,,0.0,True,Qwen/Qwen2.5-Coder-14B-Instruct-AWQ,None
700@x_name@DESC,Bar,Hard,6.5112,19.5337,3,0.0,0.0,0.0,0.0,0.0,0.6666666666666666,0.0,0.0,0.0,0.6666666666666666,0.3333333333333333,0.0,0.0,True,Qwen/Qwen2.5-Coder-14B-Instruct-AWQ,None
700@x_name@DESC,Bar,Hard,6.5112,19.5337,3,0.0,0.0,0.0,0.0,0.0,0.6666666666666666,0.0,0.0,0.0,0.6666666666666666,0.3333333333333333,0.0,0.0,True,Qwen/Qwen2.5-Coder-14B-Instruct-AWQ,None
700@x_name@DESC,Bar,Hard,6.5112,19.5337,3,0.0,0.0,0.0,0.0,0.0,0.6666666666666666,0.0,0.0,0.0,0.6666666666666666,0.3333333333333333,0.0,0.0,True,Qwen/Qwen2.5-Coder-14B-Instruct-AWQ,None
816@y_name@DESC,Bar,Hard,5.4434,5.4434,1,0.0,0.0,0.0,0.0,0.0,0.0,0.0,0.0,0.0,0.0,1.0,0.0,0.0,True,Qwen/Qwen2.5-Coder-14B-Instruct-AWQ,None
816@y_name@DESC,Bar,Hard,5.4434,5.4434,1,0.0,0.0,0.0,0.0,0.0,0.0,0.0,0.0,0.0,0.0,1.0,0.0,0.0,True,Qwen/Qwen2.5-Coder-14B-Instruct-AWQ,None
816@y_name@DESC,Bar,Hard,5.4434,5.4434,1,0.0,0.0,0.0,0.0,0.0,0.0,0.0,0.0,0.0,0.0,1.0,0.0,0.0,True,Qwen/Qwen2.5-Coder-14B-Instruct-AWQ,None
827@y_name@ASC,Bar,Medium,3.9702,19.8511,5,0.0,0.0,0.0,0.0,0.0,0.0,0.0,0.0,0.0,0.0,1.0,0.0,0.0,False,Qwen/Qwen2.5-Coder-14B-Instruct-AWQ,None
827@y_name@ASC,Bar,Medium,3.9702,19.8511,5,0.0,0.0,0.0,0.0,0.0,0.0,0.0,0.0,0.0,0.0,1.0,0.0,0.0,False,Qwen/Qwen2.5-Coder-14B-Instruct-AWQ,None
827@y_name@ASC,Bar,Medium,3.9702,19.8511,5,0.0,0.0,0.0,0.0,0.0,0.0,0.0,0.0,0.0,0.0,1.0,0.0,0.0,False,Qwen/Qwen2.5-Coder-14B-Instruct-AWQ,None
829@x_name@ASC,Bar,Medium,3.7048,11.1144,3,0.0,0.0,0.0,0.0,0.0,0.0,0.0,0.0,0.0,0.0,1.0,0.0,0.0,False,Qwen/Qwen2.5-Coder-14B-Instruct-AWQ,None
829@x_name@ASC,Bar,Medium,3.7048,11.1144,3,0.0,0.0,0.0,0.0,0.0,0.0,0.0,0.0,0.0,0.0,1.0,0.0,0.0,False,Qwen/Qwen2.5-Coder-14B-Instruct-AWQ,None
829@x_name@ASC,Bar,Medium,3.7048,11.1144,3,0.0,0.0,0.0,0.0,0.0,0.0,0.0,0.0,0.0,0.0,1.0,0.0,0.0,False,Qwen/Qwen2.5-Coder-14B-Instruct-AWQ,None
833@y_name@DESC,Bar,Hard,6.5567,13.1134,2,0.0,0.0,0.0,0.0,0.0,0.0,0.0,0.0,0.0,0.0,1.0,0.0,0.0,True,Qwen/Qwen2.5-Coder-14B-Instruct-AWQ,None
833@y_name@DESC,Bar,Hard,6.5567,13.1134,2,0.0,0.0,0.0,0.0,0.0,0.0,0.0,0.0,0.0,0.0,1.0,0.0,0.0,True,Qwen/Qwen2.5-Coder-14B-Instruct-AWQ,None
833@y_name@DESC,Bar,Hard,6.5567,13.1134,2,0.0,0.0,0.0,0.0,0.0,0.0,0.0,0.0,0.0,0.0,1.0,0.0,0.0,True,Qwen/Qwen2.5-Coder-14B-Instruct-AWQ,None
847@y_name@DESC,Bar,Hard,3.5731,7.1463,2,0.0,0.0,0.0,0.0,0.0,0.0,0.0,0.0,0.0,0.0,1.0,0.0,0.0,True,Qwen/Qwen2.5-Coder-14B-Instruct-AWQ,None
847@y_name@DESC,Bar,Hard,3.5731,7.1463,2,0.0,0.0,0.0,0.0,0.0,0.0,0.0,0.0,0.0,0.0,1.0,0.0,0.0,True,Qwen/Qwen2.5-Coder-14B-Instruct-AWQ,None
847@y_name@DESC,Bar,Hard,3.5731,7.1463,2,0.0,0.0,0.0,0.0,0.0,0.0,0.0,0.0,0.0,0.0,1.0,0.0,0.0,True,Qwen/Qwen2.5-Coder-14B-Instruct-AWQ,None
851@y_name@DESC,Stacked Bar,Extra Hard,21.7242,43.4484,2,1.0,0.0,0.0,0.0,0.0,0.0,0.0,0.0,1.0,0.0,0.0,,0.0,True,Qwen/Qwen2.5-Coder-14B-Instruct-AWQ,None
851@y_name@DESC,Stacked Bar,Extra Hard,21.7242,43.4484,2,1.0,0.0,0.0,0.0,0.0,0.0,0.0,0.0,1.0,0.0,0.0,,0.0,True,Qwen/Qwen2.5-Coder-14B-Instruct-AWQ,None
851@y_name@DESC,Stacked Bar,Extra Hard,21.7242,43.4484,2,1.0,0.0,0.0,0.0,0.0,0.0,0.0,0.0,1.0,0.0,0.0,,0.0,True,Qwen/Qwen2.5-Coder-14B-Instruct-AWQ,None
853@y_name@DESC,Bar,Extra Hard,17.5656,17.5656,1,1.0,0.0,0.0,0.0,0.0,0.0,0.0,0.0,1.0,0.0,0.0,,0.0,True,Qwen/Qwen2.5-Coder-14B-Instruct-AWQ,None
853@y_name@DESC,Bar,Extra Hard,17.5656,17.5656,1,1.0,0.0,0.0,0.0,0.0,0.0,0.0,0.0,1.0,0.0,0.0,,0.0,True,Qwen/Qwen2.5-Coder-14B-Instruct-AWQ,None
853@y_name@DESC,Bar,Extra Hard,17.5656,17.5656,1,1.0,0.0,0.0,0.0,0.0,0.0,0.0,0.0,1.0,0.0,0.0,,0.0,True,Qwen/Qwen2.5-Coder-14B-Instruct-AWQ,None
1987@x_name@ASC,Bar,Medium,3.099,3.099,1,0.0,0.0,0.0,0.0,0.0,0.0,0.0,0.0,0.0,0.0,1.0,0.0,0.0,False,Qwen/Qwen2.5-Coder-14B-Instruct-AWQ,None
1987@x_name@ASC,Bar,Medium,3.099,3.099,1,0.0,0.0,0.0,0.0,0.0,0.0,0.0,0.0,0.0,0.0,1.0,0.0,0.0,False,Qwen/Qwen2.5-Coder-14B-Instruct-AWQ,None
1987@x_name@ASC,Bar,Medium,3.099,3.099,1,0.0,0.0,0.0,0.0,0.0,0.0,0.0,0.0,0.0,0.0,1.0,0.0,0.0,False,Qwen/Qwen2.5-Coder-14B-Instruct-AWQ,None
1991@y_name@DESC,Bar,Hard,14.9207,29.8413,2,0.5,0.0,0.0,0.0,0.0,0.0,0.0,0.0,0.5,0.0,0.5,0.0,0.0,False,Qwen/Qwen2.5-Coder-14B-Instruct-AWQ,None
1991@y_name@DESC,Bar,Hard,14.9207,29.8413,2,0.5,0.0,0.0,0.0,0.0,0.0,0.0,0.0,0.5,0.0,0.5,0.0,0.0,False,Qwen/Qwen2.5-Coder-14B-Instruct-AWQ,None
1991@y_name@DESC,Bar,Hard,14.9207,29.8413,2,0.5,0.0,0.0,0.0,0.0,0.0,0.0,0.0,0.5,0.0,0.5,0.0,0.0,False,Qwen/Qwen2.5-Coder-14B-Instruct-AWQ,None
2010@x_name@DESC,Bar,Medium,3.192,6.3841,2,0.0,0.0,0.0,0.0,0.0,1.0,0.0,0.0,0.0,1.0,0.0,,0.0,False,Qwen/Qwen2.5-Coder-14B-Instruct-AWQ,None
2010@x_name@DESC,Bar,Medium,3.192,6.3841,2,0.0,0.0,0.0,0.0,0.0,1.0,0.0,0.0,0.0,1.0,0.0,,0.0,False,Qwen/Qwen2.5-Coder-14B-Instruct-AWQ,None
2010@x_name@DESC,Bar,Medium,3.192,6.3841,2,0.0,0.0,0.0,0.0,0.0,1.0,0.0,0.0,0.0,1.0,0.0,,0.0,False,Qwen/Qwen2.5-Coder-14B-Instruct-AWQ,None
2024@y_name@DESC,Bar,Hard,11.3774,22.7548,2,0.5,0.0,0.0,0.0,0.0,0.0,0.0,0.0,0.5,0.0,0.5,0.0,0.0,False,Qwen/Qwen2.5-Coder-14B-Instruct-AWQ,None
2024@y_name@DESC,Bar,Hard,11.3774,22.7548,2,0.5,0.0,0.0,0.0,0.0,0.0,0.0,0.0,0.5,0.0,0.5,0.0,0.0,False,Qwen/Qwen2.5-Coder-14B-Instruct-AWQ,None
2024@y_name@DESC,Bar,Hard,11.3774,22.7548,2,0.5,0.0,0.0,0.0,0.0,0.0,0.0,0.0,0.5,0.0,0.5,0.0,0.0,False,Qwen/Qwen2.5-Coder-14B-Instruct-AWQ,None
2028@y_name@DESC,Bar,Hard,6.0157,6.0157,1,0.0,0.0,0.0,0.0,0.0,0.0,0.0,0.0,0.0,0.0,1.0,0.0,0.0,False,Qwen/Qwen2.5-Coder-14B-Instruct-AWQ,None
2028@y_name@DESC,Bar,Hard,6.0157,6.0157,1,0.0,0.0,0.0,0.0,0.0,0.0,0.0,0.0,0.0,0.0,1.0,0.0,0.0,False,Qwen/Qwen2.5-Coder-14B-Instruct-AWQ,None
2028@y_name@DESC,Bar,Hard,6.0157,6.0157,1,0.0,0.0,0.0,0.0,0.0,0.0,0.0,0.0,0.0,0.0,1.0,0.0,0.0,False,Qwen/Qwen2.5-Coder-14B-Instruct-AWQ,None
2030@y_name@ASC,Bar,Medium,5.6582,16.9745,3,0.0,0.0,0.0,0.0,0.0,1.0,0.0,0.0,0.0,1.0,0.0,,0.0,False,Qwen/Qwen2.5-Coder-14B-Instruct-AWQ,None
2030@y_name@ASC,Bar,Medium,5.6582,16.9745,3,0.0,0.0,0.0,0.0,0.0,1.0,0.0,0.0,0.0,1.0,0.0,,0.0,False,Qwen/Qwen2.5-Coder-14B-Instruct-AWQ,None
2030@y_name@ASC,Bar,Medium,5.6582,16.9745,3,0.0,0.0,0.0,0.0,0.0,1.0,0.0,0.0,0.0,1.0,0.0,,0.0,False,Qwen/Qwen2.5-Coder-14B-Instruct-AWQ,None
2031@y_name@ASC,Bar,Hard,11.4372,22.8744,2,0.5,0.0,0.0,0.0,0.5,0.0,0.0,0.0,0.5,0.5,0.0,,0.0,False,Qwen/Qwen2.5-Coder-14B-Instruct-AWQ,None
2031@y_name@ASC,Bar,Hard,11.4372,22.8744,2,0.5,0.0,0.0,0.0,0.5,0.0,0.0,0.0,0.5,0.5,0.0,,0.0,False,Qwen/Qwen2.5-Coder-14B-Instruct-AWQ,None
2031@y_name@ASC,Bar,Hard,11.4372,22.8744,2,0.5,0.0,0.0,0.0,0.5,0.0,0.0,0.0,0.5,0.5,0.0,,0.0,False,Qwen/Qwen2.5-Coder-14B-Instruct-AWQ,None
709@y_name@DESC,Bar,Medium,4.0693,8.1386,2,0.0,0.0,0.0,0.0,0.0,0.0,0.0,0.0,0.0,0.0,1.0,0.0,0.0,False,Qwen/Qwen2.5-Coder-14B-Instruct-AWQ,None
709@y_name@DESC,Bar,Medium,4.0693,8.1386,2,0.0,0.0,0.0,0.0,0.0,0.0,0.0,0.0,0.0,0.0,1.0,0.0,0.0,False,Qwen/Qwen2.5-Coder-14B-Instruct-AWQ,None
709@y_name@DESC,Bar,Medium,4.0693,8.1386,2,0.0,0.0,0.0,0.0,0.0,0.0,0.0,0.0,0.0,0.0,1.0,0.0,0.0,False,Qwen/Qwen2.5-Coder-14B-Instruct-AWQ,None
171@x_name@DESC,Line,Medium,5.5826,11.1653,2,0.0,0.0,0.0,0.0,0.0,0.0,0.0,0.0,0.0,0.0,1.0,0.0,0.0,False,Qwen/Qwen2.5-Coder-14B-Instruct-AWQ,None
171@x_name@DESC,Line,Medium,5.5826,11.1653,2,0.0,0.0,0.0,0.0,0.0,0.0,0.0,0.0,0.0,0.0,1.0,0.0,0.0,False,Qwen/Qwen2.5-Coder-14B-Instruct-AWQ,None
171@x_name@DESC,Line,Medium,5.5826,11.1653,2,0.0,0.0,0.0,0.0,0.0,0.0,0.0,0.0,0.0,0.0,1.0,0.0,0.0,False,Qwen/Qwen2.5-Coder-14B-Instruct-AWQ,None
2451@y_name@ASC,Bar,Medium,3.0984,6.1968,2,0.0,0.0,0.0,0.0,0.0,0.0,0.0,0.0,0.0,0.0,1.0,0.0,0.0,False,Qwen/Qwen2.5-Coder-14B-Instruct-AWQ,None
2451@y_name@ASC,Bar,Medium,3.0984,6.1968,2,0.0,0.0,0.0,0.0,0.0,0.0,0.0,0.0,0.0,0.0,1.0,0.0,0.0,False,Qwen/Qwen2.5-Coder-14B-Instruct-AWQ,None
2451@y_name@ASC,Bar,Medium,3.0984,6.1968,2,0.0,0.0,0.0,0.0,0.0,0.0,0.0,0.0,0.0,0.0,1.0,0.0,0.0,False,Qwen/Qwen2.5-Coder-14B-Instruct-AWQ,None
2453@y_name@DESC,Bar,Medium,4.3326,21.6632,5,0.0,0.0,0.0,0.0,0.0,0.0,0.0,0.0,0.0,0.0,1.0,0.0,0.0,False,Qwen/Qwen2.5-Coder-14B-Instruct-AWQ,None
2453@y_name@DESC,Bar,Medium,4.3326,21.6632,5,0.0,0.0,0.0,0.0,0.0,0.0,0.0,0.0,0.0,0.0,1.0,0.0,0.0,False,Qwen/Qwen2.5-Coder-14B-Instruct-AWQ,None
2453@y_name@DESC,Bar,Medium,4.3326,21.6632,5,0.0,0.0,0.0,0.0,0.0,0.0,0.0,0.0,0.0,0.0,1.0,0.0,0.0,False,Qwen/Qwen2.5-Coder-14B-Instruct-AWQ,None
2454@y_name@DESC,Bar,Hard,3.7931,3.7931,1,0.0,0.0,0.0,0.0,1.0,0.0,0.0,0.0,0.0,1.0,0.0,,0.0,True,Qwen/Qwen2.5-Coder-14B-Instruct-AWQ,None
2454@y_name@DESC,Bar,Hard,3.7931,3.7931,1,0.0,0.0,0.0,0.0,1.0,0.0,0.0,0.0,0.0,1.0,0.0,,0.0,True,Qwen/Qwen2.5-Coder-14B-Instruct-AWQ,None
2454@y_name@DESC,Bar,Hard,3.7931,3.7931,1,0.0,0.0,0.0,0.0,1.0,0.0,0.0,0.0,0.0,1.0,0.0,,0.0,True,Qwen/Qwen2.5-Coder-14B-Instruct-AWQ,None
2455@x_name@ASC,Bar,Hard,6.2113,18.634,3,0.0,0.0,0.0,0.0,0.0,0.0,0.0,0.0,0.0,0.0,1.0,0.0,0.0,True,Qwen/Qwen2.5-Coder-14B-Instruct-AWQ,None
2455@x_name@ASC,Bar,Hard,6.2113,18.634,3,0.0,0.0,0.0,0.0,0.0,0.0,0.0,0.0,0.0,0.0,1.0,0.0,0.0,True,Qwen/Qwen2.5-Coder-14B-Instruct-AWQ,None
2455@x_name@ASC,Bar,Hard,6.2113,18.634,3,0.0,0.0,0.0,0.0,0.0,0.0,0.0,0.0,0.0,0.0,1.0,0.0,0.0,True,Qwen/Qwen2.5-Coder-14B-Instruct-AWQ,None
2456@y_name@ASC,Bar,Hard,6.1757,30.8787,5,0.0,0.0,0.0,0.0,0.0,0.0,0.0,0.0,0.0,0.0,1.0,0.0,0.0,True,Qwen/Qwen2.5-Coder-14B-Instruct-AWQ,None
2456@y_name@ASC,Bar,Hard,6.1757,30.8787,5,0.0,0.0,0.0,0.0,0.0,0.0,0.0,0.0,0.0,0.0,1.0,0.0,0.0,True,Qwen/Qwen2.5-Coder-14B-Instruct-AWQ,None
2456@y_name@ASC,Bar,Hard,6.1757,30.8787,5,0.0,0.0,0.0,0.0,0.0,0.0,0.0,0.0,0.0,0.0,1.0,0.0,0.0,True,Qwen/Qwen2.5-Coder-14B-Instruct-AWQ,None
486@y_name@DESC,Bar,Medium,7.6694,30.6778,4,0.0,0.0,0.0,0.0,0.0,0.0,0.0,0.0,0.0,0.0,1.0,0.0,0.0,True,Qwen/Qwen2.5-Coder-14B-Instruct-AWQ,None
486@y_name@DESC,Bar,Medium,7.6694,30.6778,4,0.0,0.0,0.0,0.0,0.0,0.0,0.0,0.0,0.0,0.0,1.0,0.0,0.0,True,Qwen/Qwen2.5-Coder-14B-Instruct-AWQ,None
486@y_name@DESC,Bar,Medium,7.6694,30.6778,4,0.0,0.0,0.0,0.0,0.0,0.0,0.0,0.0,0.0,0.0,1.0,0.0,0.0,True,Qwen/Qwen2.5-Coder-14B-Instruct-AWQ,None
490@y_name@ASC,Bar,Hard,5.8258,23.3034,4,0.0,0.0,0.0,0.0,0.0,0.0,0.0,0.0,0.0,0.0,1.0,0.0,0.0,False,Qwen/Qwen2.5-Coder-14B-Instruct-AWQ,None
490@y_name@ASC,Bar,Hard,5.8258,23.3034,4,0.0,0.0,0.0,0.0,0.0,0.0,0.0,0.0,0.0,0.0,1.0,0.0,0.0,False,Qwen/Qwen2.5-Coder-14B-Instruct-AWQ,None
490@y_name@ASC,Bar,Hard,5.8258,23.3034,4,0.0,0.0,0.0,0.0,0.0,0.0,0.0,0.0,0.0,0.0,1.0,0.0,0.0,False,Qwen/Qwen2.5-Coder-14B-Instruct-AWQ,None
2904@y_name@DESC,Bar,Medium,4.0296,16.1186,4,0.0,0.0,0.0,0.0,0.0,0.0,0.0,0.0,0.0,0.0,1.0,0.0,0.0,False,Qwen/Qwen2.5-Coder-14B-Instruct-AWQ,None
2904@y_name@DESC,Bar,Medium,4.0296,16.1186,4,0.0,0.0,0.0,0.0,0.0,0.0,0.0,0.0,0.0,0.0,1.0,0.0,0.0,False,Qwen/Qwen2.5-Coder-14B-Instruct-AWQ,None
2904@y_name@DESC,Bar,Medium,4.0296,16.1186,4,0.0,0.0,0.0,0.0,0.0,0.0,0.0,0.0,0.0,0.0,1.0,0.0,0.0,False,Qwen/Qwen2.5-Coder-14B-Instruct-AWQ,None
2909@x_name@ASC,Bar,Medium,5.1468,15.4404,3,0.0,0.0,0.0,0.0,0.0,0.0,0.0,0.0,0.0,0.0,1.0,0.0,0.0,False,Qwen/Qwen2.5-Coder-14B-Instruct-AWQ,None
2909@x_name@ASC,Bar,Medium,5.1468,15.4404,3,0.0,0.0,0.0,0.0,0.0,0.0,0.0,0.0,0.0,0.0,1.0,0.0,0.0,False,Qwen/Qwen2.5-Coder-14B-Instruct-AWQ,None
2909@x_name@ASC,Bar,Medium,5.1468,15.4404,3,0.0,0.0,0.0,0.0,0.0,0.0,0.0,0.0,0.0,0.0,1.0,0.0,0.0,False,Qwen/Qwen2.5-Coder-14B-Instruct-AWQ,None
2915@y_name@ASC,Bar,Easy,8.2343,16.4687,2,0.0,0.0,0.0,0.0,0.5,0.0,0.0,0.0,0.0,0.5,0.5,0.0,0.0,False,Qwen/Qwen2.5-Coder-14B-Instruct-AWQ,None
2915@y_name@ASC,Bar,Easy,8.2343,16.4687,2,0.0,0.0,0.0,0.0,0.5,0.0,0.0,0.0,0.0,0.5,0.5,0.0,0.0,False,Qwen/Qwen2.5-Coder-14B-Instruct-AWQ,None
2915@y_name@ASC,Bar,Easy,8.2343,16.4687,2,0.0,0.0,0.0,0.0,0.5,0.0,0.0,0.0,0.0,0.5,0.5,0.0,0.0,False,Qwen/Qwen2.5-Coder-14B-Instruct-AWQ,None
2931@y_name@DESC,Bar,Extra Hard,12.8098,25.6196,2,0.0,0.0,0.0,0.0,0.5,0.0,0.0,0.0,0.0,0.5,0.5,0.0,0.0,True,Qwen/Qwen2.5-Coder-14B-Instruct-AWQ,None
2931@y_name@DESC,Bar,Extra Hard,12.8098,25.6196,2,0.0,0.0,0.0,0.0,0.5,0.0,0.0,0.0,0.0,0.5,0.5,0.0,0.0,True,Qwen/Qwen2.5-Coder-14B-Instruct-AWQ,None
2931@y_name@DESC,Bar,Extra Hard,12.8098,25.6196,2,0.0,0.0,0.0,0.0,0.5,0.0,0.0,0.0,0.0,0.5,0.5,0.0,0.0,True,Qwen/Qwen2.5-Coder-14B-Instruct-AWQ,None
920@y_name@ASC,Bar,Extra Hard,7.4079,14.8159,2,0.0,0.0,0.0,0.0,0.5,0.5,0.0,0.0,0.0,1.0,0.0,,0.0,True,Qwen/Qwen2.5-Coder-14B-Instruct-AWQ,None
920@y_name@ASC,Bar,Extra Hard,7.4079,14.8159,2,0.0,0.0,0.0,0.0,0.5,0.5,0.0,0.0,0.0,1.0,0.0,,0.0,True,Qwen/Qwen2.5-Coder-14B-Instruct-AWQ,None
920@y_name@ASC,Bar,Extra Hard,7.4079,14.8159,2,0.0,0.0,0.0,0.0,0.5,0.5,0.0,0.0,0.0,1.0,0.0,,0.0,True,Qwen/Qwen2.5-Coder-14B-Instruct-AWQ,None
921@y_name@DESC,Stacked Bar,Hard,6.8058,6.8058,1,0.0,0.0,0.0,0.0,1.0,0.0,0.0,0.0,0.0,1.0,0.0,,0.0,True,Qwen/Qwen2.5-Coder-14B-Instruct-AWQ,None
921@y_name@DESC,Stacked Bar,Hard,6.8058,6.8058,1,0.0,0.0,0.0,0.0,1.0,0.0,0.0,0.0,0.0,1.0,0.0,,0.0,True,Qwen/Qwen2.5-Coder-14B-Instruct-AWQ,None
921@y_name@DESC,Stacked Bar,Hard,6.8058,6.8058,1,0.0,0.0,0.0,0.0,1.0,0.0,0.0,0.0,0.0,1.0,0.0,,0.0,True,Qwen/Qwen2.5-Coder-14B-Instruct-AWQ,None
2985@y_name@DESC,Stacked Bar,Extra Hard,28.7931,28.7931,1,1.0,0.0,0.0,0.0,0.0,0.0,0.0,0.0,1.0,0.0,0.0,,0.0,True,Qwen/Qwen2.5-Coder-14B-Instruct-AWQ,None
2985@y_name@DESC,Stacked Bar,Extra Hard,28.7931,28.7931,1,1.0,0.0,0.0,0.0,0.0,0.0,0.0,0.0,1.0,0.0,0.0,,0.0,True,Qwen/Qwen2.5-Coder-14B-Instruct-AWQ,None
2985@y_name@DESC,Stacked Bar,Extra Hard,28.7931,28.7931,1,1.0,0.0,0.0,0.0,0.0,0.0,0.0,0.0,1.0,0.0,0.0,,0.0,True,Qwen/Qwen2.5-Coder-14B-Instruct-AWQ,None
2993@y_name@ASC,Bar,Medium,3.4222,6.8445,2,0.0,0.0,0.0,0.0,0.0,0.0,0.0,0.0,0.0,0.0,1.0,0.0,0.0,False,Qwen/Qwen2.5-Coder-14B-Instruct-AWQ,None
2993@y_name@ASC,Bar,Medium,3.4222,6.8445,2,0.0,0.0,0.0,0.0,0.0,0.0,0.0,0.0,0.0,0.0,1.0,0.0,0.0,False,Qwen/Qwen2.5-Coder-14B-Instruct-AWQ,None
2993@y_name@ASC,Bar,Medium,3.4222,6.8445,2,0.0,0.0,0.0,0.0,0.0,0.0,0.0,0.0,0.0,0.0,1.0,0.0,0.0,False,Qwen/Qwen2.5-Coder-14B-Instruct-AWQ,None
3001@x_name@ASC,Bar,Extra Hard,5.9804,11.9607,2,0.0,0.0,0.0,0.0,0.0,0.0,0.0,0.0,0.0,0.0,1.0,0.0,0.0,True,Qwen/Qwen2.5-Coder-14B-Instruct-AWQ,None
3001@x_name@ASC,Bar,Extra Hard,5.9804,11.9607,2,0.0,0.0,0.0,0.0,0.0,0.0,0.0,0.0,0.0,0.0,1.0,0.0,0.0,True,Qwen/Qwen2.5-Coder-14B-Instruct-AWQ,None
3001@x_name@ASC,Bar,Extra Hard,5.9804,11.9607,2,0.0,0.0,0.0,0.0,0.0,0.0,0.0,0.0,0.0,0.0,1.0,0.0,0.0,True,Qwen/Qwen2.5-Coder-14B-Instruct-AWQ,None
3002@y_name@ASC,Bar,Medium,3.9475,7.8949,2,0.0,0.0,0.0,0.0,0.0,0.0,0.0,0.0,0.0,0.0,1.0,0.0,0.0,False,Qwen/Qwen2.5-Coder-14B-Instruct-AWQ,None
3002@y_name@ASC,Bar,Medium,3.9475,7.8949,2,0.0,0.0,0.0,0.0,0.0,0.0,0.0,0.0,0.0,0.0,1.0,0.0,0.0,False,Qwen/Qwen2.5-Coder-14B-Instruct-AWQ,None
3002@y_name@ASC,Bar,Medium,3.9475,7.8949,2,0.0,0.0,0.0,0.0,0.0,0.0,0.0,0.0,0.0,0.0,1.0,0.0,0.0,False,Qwen/Qwen2.5-Coder-14B-Instruct-AWQ,None
3005@x_name@ASC,Bar,Medium,3.6833,7.3667,2,0.0,0.0,0.0,0.0,0.0,0.0,0.0,0.0,0.0,0.0,1.0,0.0,0.0,False,Qwen/Qwen2.5-Coder-14B-Instruct-AWQ,None
3005@x_name@ASC,Bar,Medium,3.6833,7.3667,2,0.0,0.0,0.0,0.0,0.0,0.0,0.0,0.0,0.0,0.0,1.0,0.0,0.0,False,Qwen/Qwen2.5-Coder-14B-Instruct-AWQ,None
3005@x_name@ASC,Bar,Medium,3.6833,7.3667,2,0.0,0.0,0.0,0.0,0.0,0.0,0.0,0.0,0.0,0.0,1.0,0.0,0.0,False,Qwen/Qwen2.5-Coder-14B-Instruct-AWQ,None
3007@y_name@ASC,Bar,Medium,3.5537,3.5537,1,0.0,0.0,0.0,0.0,0.0,0.0,0.0,0.0,0.0,0.0,1.0,0.0,0.0,False,Qwen/Qwen2.5-Coder-14B-Instruct-AWQ,None
3007@y_name@ASC,Bar,Medium,3.5537,3.5537,1,0.0,0.0,0.0,0.0,0.0,0.0,0.0,0.0,0.0,0.0,1.0,0.0,0.0,False,Qwen/Qwen2.5-Coder-14B-Instruct-AWQ,None
3007@y_name@ASC,Bar,Medium,3.5537,3.5537,1,0.0,0.0,0.0,0.0,0.0,0.0,0.0,0.0,0.0,0.0,1.0,0.0,0.0,False,Qwen/Qwen2.5-Coder-14B-Instruct-AWQ,None
3014@y_name@ASC,Bar,Extra Hard,7.3931,7.3931,1,0.0,0.0,0.0,0.0,0.0,0.0,0.0,0.0,0.0,0.0,1.0,0.0,0.0,True,Qwen/Qwen2.5-Coder-14B-Instruct-AWQ,None
3014@y_name@ASC,Bar,Extra Hard,7.3931,7.3931,1,0.0,0.0,0.0,0.0,0.0,0.0,0.0,0.0,0.0,0.0,1.0,0.0,0.0,True,Qwen/Qwen2.5-Coder-14B-Instruct-AWQ,None
3014@y_name@ASC,Bar,Extra Hard,7.3931,7.3931,1,0.0,0.0,0.0,0.0,0.0,0.0,0.0,0.0,0.0,0.0,1.0,0.0,0.0,True,Qwen/Qwen2.5-Coder-14B-Instruct-AWQ,None
3015@x_name@DESC,Bar,Extra Hard,6.6312,6.6312,1,0.0,0.0,0.0,0.0,0.0,1.0,0.0,0.0,0.0,1.0,0.0,,0.0,True,Qwen/Qwen2.5-Coder-14B-Instruct-AWQ,None
3015@x_name@DESC,Bar,Extra Hard,6.6312,6.6312,1,0.0,0.0,0.0,0.0,0.0,1.0,0.0,0.0,0.0,1.0,0.0,,0.0,True,Qwen/Qwen2.5-Coder-14B-Instruct-AWQ,None
3015@x_name@DESC,Bar,Extra Hard,6.6312,6.6312,1,0.0,0.0,0.0,0.0,0.0,1.0,0.0,0.0,0.0,1.0,0.0,,0.0,True,Qwen/Qwen2.5-Coder-14B-Instruct-AWQ,None
3022@x_name@DESC,Bar,Extra Hard,6.0084,6.0084,1,0.0,0.0,0.0,0.0,0.0,1.0,0.0,0.0,0.0,1.0,0.0,,0.0,True,Qwen/Qwen2.5-Coder-14B-Instruct-AWQ,None
3022@x_name@DESC,Bar,Extra Hard,6.0084,6.0084,1,0.0,0.0,0.0,0.0,0.0,1.0,0.0,0.0,0.0,1.0,0.0,,0.0,True,Qwen/Qwen2.5-Coder-14B-Instruct-AWQ,None
3022@x_name@DESC,Bar,Extra Hard,6.0084,6.0084,1,0.0,0.0,0.0,0.0,0.0,1.0,0.0,0.0,0.0,1.0,0.0,,0.0,True,Qwen/Qwen2.5-Coder-14B-Instruct-AWQ,None
1462@x_name@ASC,Bar,Medium,4.5712,4.5712,1,0.0,0.0,0.0,0.0,0.0,1.0,0.0,0.0,0.0,1.0,0.0,,0.0,False,Qwen/Qwen2.5-Coder-14B-Instruct-AWQ,None
1462@x_name@ASC,Bar,Medium,4.5712,4.5712,1,0.0,0.0,0.0,0.0,0.0,1.0,0.0,0.0,0.0,1.0,0.0,,0.0,False,Qwen/Qwen2.5-Coder-14B-Instruct-AWQ,None
1462@x_name@ASC,Bar,Medium,4.5712,4.5712,1,0.0,0.0,0.0,0.0,0.0,1.0,0.0,0.0,0.0,1.0,0.0,,0.0,False,Qwen/Qwen2.5-Coder-14B-Instruct-AWQ,None
1470@y_name@ASC,Bar,Extra Hard,5.0356,15.1068,3,0.0,0.0,0.0,0.0,0.0,0.0,0.0,0.0,0.0,0.0,1.0,0.0,0.0,True,Qwen/Qwen2.5-Coder-14B-Instruct-AWQ,None
1470@y_name@ASC,Bar,Extra Hard,5.0356,15.1068,3,0.0,0.0,0.0,0.0,0.0,0.0,0.0,0.0,0.0,0.0,1.0,0.0,0.0,True,Qwen/Qwen2.5-Coder-14B-Instruct-AWQ,None
1470@y_name@ASC,Bar,Extra Hard,5.0356,15.1068,3,0.0,0.0,0.0,0.0,0.0,0.0,0.0,0.0,0.0,0.0,1.0,0.0,0.0,True,Qwen/Qwen2.5-Coder-14B-Instruct-AWQ,None
857@x_name@DESC,Bar,Extra Hard,7.1885,21.5656,3,0.0,0.0,0.0,0.0,0.0,0.6666666666666666,0.0,0.0,0.0,0.6666666666666666,0.3333333333333333,0.0,0.0,True,Qwen/Qwen2.5-Coder-14B-Instruct-AWQ,None
857@x_name@DESC,Bar,Extra Hard,7.1885,21.5656,3,0.0,0.0,0.0,0.0,0.0,0.6666666666666666,0.0,0.0,0.0,0.6666666666666666,0.3333333333333333,0.0,0.0,True,Qwen/Qwen2.5-Coder-14B-Instruct-AWQ,None
857@x_name@DESC,Bar,Extra Hard,7.1885,21.5656,3,0.0,0.0,0.0,0.0,0.0,0.6666666666666666,0.0,0.0,0.0,0.6666666666666666,0.3333333333333333,0.0,0.0,True,Qwen/Qwen2.5-Coder-14B-Instruct-AWQ,None
859@x_name@ASC,Bar,Medium,3.9567,3.9567,1,0.0,0.0,0.0,0.0,0.0,0.0,0.0,0.0,0.0,0.0,1.0,0.0,0.0,False,Qwen/Qwen2.5-Coder-14B-Instruct-AWQ,None
859@x_name@ASC,Bar,Medium,3.9567,3.9567,1,0.0,0.0,0.0,0.0,0.0,0.0,0.0,0.0,0.0,0.0,1.0,0.0,0.0,False,Qwen/Qwen2.5-Coder-14B-Instruct-AWQ,None
859@x_name@ASC,Bar,Medium,3.9567,3.9567,1,0.0,0.0,0.0,0.0,0.0,0.0,0.0,0.0,0.0,0.0,1.0,0.0,0.0,False,Qwen/Qwen2.5-Coder-14B-Instruct-AWQ,None
862@y_name@DESC,Bar,Medium,3.7522,3.7522,1,0.0,0.0,0.0,0.0,0.0,0.0,0.0,0.0,0.0,0.0,1.0,0.0,0.0,False,Qwen/Qwen2.5-Coder-14B-Instruct-AWQ,None
862@y_name@DESC,Bar,Medium,3.7522,3.7522,1,0.0,0.0,0.0,0.0,0.0,0.0,0.0,0.0,0.0,0.0,1.0,0.0,0.0,False,Qwen/Qwen2.5-Coder-14B-Instruct-AWQ,None
862@y_name@DESC,Bar,Medium,3.7522,3.7522,1,0.0,0.0,0.0,0.0,0.0,0.0,0.0,0.0,0.0,0.0,1.0,0.0,0.0,False,Qwen/Qwen2.5-Coder-14B-Instruct-AWQ,None
863@y_name@ASC,Bar,Medium,3.942,3.942,1,0.0,0.0,0.0,0.0,0.0,0.0,0.0,0.0,0.0,0.0,1.0,0.0,0.0,False,Qwen/Qwen2.5-Coder-14B-Instruct-AWQ,None
863@y_name@ASC,Bar,Medium,3.942,3.942,1,0.0,0.0,0.0,0.0,0.0,0.0,0.0,0.0,0.0,0.0,1.0,0.0,0.0,False,Qwen/Qwen2.5-Coder-14B-Instruct-AWQ,None
863@y_name@ASC,Bar,Medium,3.942,3.942,1,0.0,0.0,0.0,0.0,0.0,0.0,0.0,0.0,0.0,0.0,1.0,0.0,0.0,False,Qwen/Qwen2.5-Coder-14B-Instruct-AWQ,None
872@x_name@DESC,Bar,Medium,4.1223,16.4893,4,0.0,0.0,0.0,0.0,0.0,1.0,0.0,0.0,0.0,1.0,0.0,,0.0,False,Qwen/Qwen2.5-Coder-14B-Instruct-AWQ,None
872@x_name@DESC,Bar,Medium,4.1223,16.4893,4,0.0,0.0,0.0,0.0,0.0,1.0,0.0,0.0,0.0,1.0,0.0,,0.0,False,Qwen/Qwen2.5-Coder-14B-Instruct-AWQ,None
872@x_name@DESC,Bar,Medium,4.1223,16.4893,4,0.0,0.0,0.0,0.0,0.0,1.0,0.0,0.0,0.0,1.0,0.0,,0.0,False,Qwen/Qwen2.5-Coder-14B-Instruct-AWQ,None
882@x_name@DESC,Bar,Hard,7.6245,22.8736,3,0.0,0.0,0.0,0.0,0.0,0.0,0.0,0.0,0.0,0.0,1.0,0.0,0.0,True,Qwen/Qwen2.5-Coder-14B-Instruct-AWQ,None
882@x_name@DESC,Bar,Hard,7.6245,22.8736,3,0.0,0.0,0.0,0.0,0.0,0.0,0.0,0.0,0.0,0.0,1.0,0.0,0.0,True,Qwen/Qwen2.5-Coder-14B-Instruct-AWQ,None
882@x_name@DESC,Bar,Hard,7.6245,22.8736,3,0.0,0.0,0.0,0.0,0.0,0.0,0.0,0.0,0.0,0.0,1.0,0.0,0.0,True,Qwen/Qwen2.5-Coder-14B-Instruct-AWQ,None
884@x_name@DESC,Bar,Extra Hard,6.8987,13.7975,2,0.0,0.0,0.0,0.0,0.5,0.0,0.0,0.0,0.0,0.5,0.5,0.0,0.0,True,Qwen/Qwen2.5-Coder-14B-Instruct-AWQ,None
884@x_name@DESC,Bar,Extra Hard,6.8987,13.7975,2,0.0,0.0,0.0,0.0,0.5,0.0,0.0,0.0,0.0,0.5,0.5,0.0,0.0,True,Qwen/Qwen2.5-Coder-14B-Instruct-AWQ,None
884@x_name@DESC,Bar,Extra Hard,6.8987,13.7975,2,0.0,0.0,0.0,0.0,0.5,0.0,0.0,0.0,0.0,0.5,0.5,0.0,0.0,True,Qwen/Qwen2.5-Coder-14B-Instruct-AWQ,None
1302@x_name@ASC,Bar,Hard,12.6146,12.6146,1,0.0,0.0,0.0,1.0,1.0,0.0,0.0,0.0,0.0,1.0,0.0,,0.0,True,Qwen/Qwen2.5-Coder-14B-Instruct-AWQ,None
1302@x_name@ASC,Bar,Hard,12.6146,12.6146,1,0.0,0.0,0.0,1.0,1.0,0.0,0.0,0.0,0.0,1.0,0.0,,0.0,True,Qwen/Qwen2.5-Coder-14B-Instruct-AWQ,None
1302@x_name@ASC,Bar,Hard,12.6146,12.6146,1,0.0,0.0,0.0,1.0,1.0,0.0,0.0,0.0,0.0,1.0,0.0,,0.0,True,Qwen/Qwen2.5-Coder-14B-Instruct-AWQ,None
1304@y_name@ASC,Bar,Easy,3.7382,14.9529,4,0.0,0.0,0.0,0.0,0.0,0.0,0.0,0.0,0.0,0.0,1.0,0.0,0.0,False,Qwen/Qwen2.5-Coder-14B-Instruct-AWQ,None
1304@y_name@ASC,Bar,Easy,3.7382,14.9529,4,0.0,0.0,0.0,0.0,0.0,0.0,0.0,0.0,0.0,0.0,1.0,0.0,0.0,False,Qwen/Qwen2.5-Coder-14B-Instruct-AWQ,None
1304@y_name@ASC,Bar,Easy,3.7382,14.9529,4,0.0,0.0,0.0,0.0,0.0,0.0,0.0,0.0,0.0,0.0,1.0,0.0,0.0,False,Qwen/Qwen2.5-Coder-14B-Instruct-AWQ,None
1307@y_name@DESC,Bar,Hard,6.2214,18.6641,3,0.0,0.0,0.0,0.0,0.0,0.0,0.0,0.0,0.0,0.0,1.0,0.0,0.0,True,Qwen/Qwen2.5-Coder-14B-Instruct-AWQ,None
1307@y_name@DESC,Bar,Hard,6.2214,18.6641,3,0.0,0.0,0.0,0.0,0.0,0.0,0.0,0.0,0.0,0.0,1.0,0.0,0.0,True,Qwen/Qwen2.5-Coder-14B-Instruct-AWQ,None
1307@y_name@DESC,Bar,Hard,6.2214,18.6641,3,0.0,0.0,0.0,0.0,0.0,0.0,0.0,0.0,0.0,0.0,1.0,0.0,0.0,True,Qwen/Qwen2.5-Coder-14B-Instruct-AWQ,None
1311@y_name@ASC,Bar,Hard,5.9675,5.9675,1,0.0,0.0,0.0,0.0,1.0,0.0,0.0,0.0,0.0,1.0,0.0,,0.0,True,Qwen/Qwen2.5-Coder-14B-Instruct-AWQ,None
1311@y_name@ASC,Bar,Hard,5.9675,5.9675,1,0.0,0.0,0.0,0.0,1.0,0.0,0.0,0.0,0.0,1.0,0.0,,0.0,True,Qwen/Qwen2.5-Coder-14B-Instruct-AWQ,None
1311@y_name@ASC,Bar,Hard,5.9675,5.9675,1,0.0,0.0,0.0,0.0,1.0,0.0,0.0,0.0,0.0,1.0,0.0,,0.0,True,Qwen/Qwen2.5-Coder-14B-Instruct-AWQ,None
1315@y_name@ASC,Bar,Hard,11.4232,11.4232,1,0.0,0.0,0.0,1.0,1.0,0.0,0.0,0.0,0.0,1.0,0.0,,0.0,True,Qwen/Qwen2.5-Coder-14B-Instruct-AWQ,None
1315@y_name@ASC,Bar,Hard,11.4232,11.4232,1,0.0,0.0,0.0,1.0,1.0,0.0,0.0,0.0,0.0,1.0,0.0,,0.0,True,Qwen/Qwen2.5-Coder-14B-Instruct-AWQ,None
1315@y_name@ASC,Bar,Hard,11.4232,11.4232,1,0.0,0.0,0.0,1.0,1.0,0.0,0.0,0.0,0.0,1.0,0.0,,0.0,True,Qwen/Qwen2.5-Coder-14B-Instruct-AWQ,None
1320@y_name@ASC,Bar,Medium,5.0568,10.1135,2,0.0,0.0,0.0,0.0,1.0,0.0,0.0,0.0,0.0,1.0,0.0,,0.0,False,Qwen/Qwen2.5-Coder-14B-Instruct-AWQ,None
1320@y_name@ASC,Bar,Medium,5.0568,10.1135,2,0.0,0.0,0.0,0.0,1.0,0.0,0.0,0.0,0.0,1.0,0.0,,0.0,False,Qwen/Qwen2.5-Coder-14B-Instruct-AWQ,None
1320@y_name@ASC,Bar,Medium,5.0568,10.1135,2,0.0,0.0,0.0,0.0,1.0,0.0,0.0,0.0,0.0,1.0,0.0,,0.0,False,Qwen/Qwen2.5-Coder-14B-Instruct-AWQ,None
1322@x_name@ASC,Bar,Extra Hard,8.0406,16.0811,2,0.0,0.0,0.0,0.0,0.5,0.0,0.0,0.0,0.0,0.5,0.5,0.0,0.0,True,Qwen/Qwen2.5-Coder-14B-Instruct-AWQ,None
1322@x_name@ASC,Bar,Extra Hard,8.0406,16.0811,2,0.0,0.0,0.0,0.0,0.5,0.0,0.0,0.0,0.0,0.5,0.5,0.0,0.0,True,Qwen/Qwen2.5-Coder-14B-Instruct-AWQ,None
1322@x_name@ASC,Bar,Extra Hard,8.0406,16.0811,2,0.0,0.0,0.0,0.0,0.5,0.0,0.0,0.0,0.0,0.5,0.5,0.0,0.0,True,Qwen/Qwen2.5-Coder-14B-Instruct-AWQ,None
364@y_name@ASC,Bar,Medium,3.6287,10.8861,3,0.0,0.0,0.0,0.0,0.0,0.0,0.0,0.0,0.0,0.0,1.0,0.0,0.0,False,Qwen/Qwen2.5-Coder-14B-Instruct-AWQ,None
364@y_name@ASC,Bar,Medium,3.6287,10.8861,3,0.0,0.0,0.0,0.0,0.0,0.0,0.0,0.0,0.0,0.0,1.0,0.0,0.0,False,Qwen/Qwen2.5-Coder-14B-Instruct-AWQ,None
364@y_name@ASC,Bar,Medium,3.6287,10.8861,3,0.0,0.0,0.0,0.0,0.0,0.0,0.0,0.0,0.0,0.0,1.0,0.0,0.0,False,Qwen/Qwen2.5-Coder-14B-Instruct-AWQ,None
365@x_name@ASC,Bar,Medium,3.2837,6.5674,2,0.0,0.0,0.0,0.0,0.0,0.0,0.0,0.0,0.0,0.0,1.0,0.0,0.0,False,Qwen/Qwen2.5-Coder-14B-Instruct-AWQ,None
365@x_name@ASC,Bar,Medium,3.2837,6.5674,2,0.0,0.0,0.0,0.0,0.0,0.0,0.0,0.0,0.0,0.0,1.0,0.0,0.0,False,Qwen/Qwen2.5-Coder-14B-Instruct-AWQ,None
365@x_name@ASC,Bar,Medium,3.2837,6.5674,2,0.0,0.0,0.0,0.0,0.0,0.0,0.0,0.0,0.0,0.0,1.0,0.0,0.0,False,Qwen/Qwen2.5-Coder-14B-Instruct-AWQ,None
2436@y_name@DESC,Bar,Medium,3.572,7.1441,2,0.0,0.0,0.0,0.0,0.0,0.0,0.0,0.0,0.0,0.0,1.0,0.0,0.0,False,Qwen/Qwen2.5-Coder-14B-Instruct-AWQ,None
2436@y_name@DESC,Bar,Medium,3.572,7.1441,2,0.0,0.0,0.0,0.0,0.0,0.0,0.0,0.0,0.0,0.0,1.0,0.0,0.0,False,Qwen/Qwen2.5-Coder-14B-Instruct-AWQ,None
2436@y_name@DESC,Bar,Medium,3.572,7.1441,2,0.0,0.0,0.0,0.0,0.0,0.0,0.0,0.0,0.0,0.0,1.0,0.0,0.0,False,Qwen/Qwen2.5-Coder-14B-Instruct-AWQ,None
2439@x_name@ASC,Bar,Hard,3.6633,7.3266,2,0.0,0.0,0.0,0.0,0.0,0.0,0.0,0.0,0.0,0.0,1.0,0.0,0.0,False,Qwen/Qwen2.5-Coder-14B-Instruct-AWQ,None
2439@x_name@ASC,Bar,Hard,3.6633,7.3266,2,0.0,0.0,0.0,0.0,0.0,0.0,0.0,0.0,0.0,0.0,1.0,0.0,0.0,False,Qwen/Qwen2.5-Coder-14B-Instruct-AWQ,None
2439@x_name@ASC,Bar,Hard,3.6633,7.3266,2,0.0,0.0,0.0,0.0,0.0,0.0,0.0,0.0,0.0,0.0,1.0,0.0,0.0,False,Qwen/Qwen2.5-Coder-14B-Instruct-AWQ,None
2441@x_name@DESC,Bar,Medium,4.9262,4.9262,1,0.0,0.0,0.0,0.0,0.0,0.0,0.0,0.0,0.0,0.0,1.0,0.0,0.0,False,Qwen/Qwen2.5-Coder-14B-Instruct-AWQ,None
2441@x_name@DESC,Bar,Medium,4.9262,4.9262,1,0.0,0.0,0.0,0.0,0.0,0.0,0.0,0.0,0.0,0.0,1.0,0.0,0.0,False,Qwen/Qwen2.5-Coder-14B-Instruct-AWQ,None
2441@x_name@DESC,Bar,Medium,4.9262,4.9262,1,0.0,0.0,0.0,0.0,0.0,0.0,0.0,0.0,0.0,0.0,1.0,0.0,0.0,False,Qwen/Qwen2.5-Coder-14B-Instruct-AWQ,None
2127@x_name@ASC,Bar,Medium,3.0508,3.0508,1,0.0,0.0,0.0,0.0,0.0,0.0,0.0,0.0,0.0,0.0,1.0,0.0,0.0,False,Qwen/Qwen2.5-Coder-14B-Instruct-AWQ,None
2127@x_name@ASC,Bar,Medium,3.0508,3.0508,1,0.0,0.0,0.0,0.0,0.0,0.0,0.0,0.0,0.0,0.0,1.0,0.0,0.0,False,Qwen/Qwen2.5-Coder-14B-Instruct-AWQ,None
2127@x_name@ASC,Bar,Medium,3.0508,3.0508,1,0.0,0.0,0.0,0.0,0.0,0.0,0.0,0.0,0.0,0.0,1.0,0.0,0.0,False,Qwen/Qwen2.5-Coder-14B-Instruct-AWQ,None
2135@x_name@DESC,Bar,Medium,2.6389,5.2778,2,0.0,0.0,0.0,0.0,0.0,0.0,0.0,0.0,0.0,0.0,1.0,0.0,0.0,False,Qwen/Qwen2.5-Coder-14B-Instruct-AWQ,None
2135@x_name@DESC,Bar,Medium,2.6389,5.2778,2,0.0,0.0,0.0,0.0,0.0,0.0,0.0,0.0,0.0,0.0,1.0,0.0,0.0,False,Qwen/Qwen2.5-Coder-14B-Instruct-AWQ,None
2135@x_name@DESC,Bar,Medium,2.6389,5.2778,2,0.0,0.0,0.0,0.0,0.0,0.0,0.0,0.0,0.0,0.0,1.0,0.0,0.0,False,Qwen/Qwen2.5-Coder-14B-Instruct-AWQ,None
2143@y_name@DESC,Bar,Hard,6.1018,6.1018,1,0.0,0.0,0.0,0.0,0.0,0.0,0.0,0.0,0.0,0.0,1.0,0.0,0.0,True,Qwen/Qwen2.5-Coder-14B-Instruct-AWQ,None
2143@y_name@DESC,Bar,Hard,6.1018,6.1018,1,0.0,0.0,0.0,0.0,0.0,0.0,0.0,0.0,0.0,0.0,1.0,0.0,0.0,True,Qwen/Qwen2.5-Coder-14B-Instruct-AWQ,None
2143@y_name@DESC,Bar,Hard,6.1018,6.1018,1,0.0,0.0,0.0,0.0,0.0,0.0,0.0,0.0,0.0,0.0,1.0,0.0,0.0,True,Qwen/Qwen2.5-Coder-14B-Instruct-AWQ,None
1149@x_name@DESC,Bar,Medium,3.0319,6.0638,2,0.0,0.0,0.0,0.0,0.0,1.0,0.0,0.0,0.0,1.0,0.0,,0.0,False,Qwen/Qwen2.5-Coder-14B-Instruct-AWQ,None
1149@x_name@DESC,Bar,Medium,3.0319,6.0638,2,0.0,0.0,0.0,0.0,0.0,1.0,0.0,0.0,0.0,1.0,0.0,,0.0,False,Qwen/Qwen2.5-Coder-14B-Instruct-AWQ,None
1149@x_name@DESC,Bar,Medium,3.0319,6.0638,2,0.0,0.0,0.0,0.0,0.0,1.0,0.0,0.0,0.0,1.0,0.0,,0.0,False,Qwen/Qwen2.5-Coder-14B-Instruct-AWQ,None
1150@y_name@ASC,Bar,Medium,4.0019,8.0038,2,0.0,0.0,0.0,0.0,0.0,0.0,0.0,0.0,0.0,0.0,1.0,0.0,0.0,False,Qwen/Qwen2.5-Coder-14B-Instruct-AWQ,None
1150@y_name@ASC,Bar,Medium,4.0019,8.0038,2,0.0,0.0,0.0,0.0,0.0,0.0,0.0,0.0,0.0,0.0,1.0,0.0,0.0,False,Qwen/Qwen2.5-Coder-14B-Instruct-AWQ,None
1150@y_name@ASC,Bar,Medium,4.0019,8.0038,2,0.0,0.0,0.0,0.0,0.0,0.0,0.0,0.0,0.0,0.0,1.0,0.0,0.0,False,Qwen/Qwen2.5-Coder-14B-Instruct-AWQ,None
2814@y_name@ASC,Bar,Medium,2.7839,8.3518,3,0.0,0.0,0.0,0.0,0.0,0.0,0.0,0.0,0.0,0.0,1.0,0.0,0.0,False,Qwen/Qwen2.5-Coder-14B-Instruct-AWQ,None
2814@y_name@ASC,Bar,Medium,2.7839,8.3518,3,0.0,0.0,0.0,0.0,0.0,0.0,0.0,0.0,0.0,0.0,1.0,0.0,0.0,False,Qwen/Qwen2.5-Coder-14B-Instruct-AWQ,None
2814@y_name@ASC,Bar,Medium,2.7839,8.3518,3,0.0,0.0,0.0,0.0,0.0,0.0,0.0,0.0,0.0,0.0,1.0,0.0,0.0,False,Qwen/Qwen2.5-Coder-14B-Instruct-AWQ,None
2815@x_name@DESC,Stacked Bar,Hard,4.2383,4.2383,1,0.0,0.0,0.0,1.0,1.0,0.0,0.0,0.0,0.0,1.0,0.0,,0.0,False,Qwen/Qwen2.5-Coder-14B-Instruct-AWQ,None
2815@x_name@DESC,Stacked Bar,Hard,4.2383,4.2383,1,0.0,0.0,0.0,1.0,1.0,0.0,0.0,0.0,0.0,1.0,0.0,,0.0,False,Qwen/Qwen2.5-Coder-14B-Instruct-AWQ,None
2815@x_name@DESC,Stacked Bar,Hard,4.2383,4.2383,1,0.0,0.0,0.0,1.0,1.0,0.0,0.0,0.0,0.0,1.0,0.0,,0.0,False,Qwen/Qwen2.5-Coder-14B-Instruct-AWQ,None
2816@y_name@ASC,Bar,Medium,3.3082,6.6164,2,0.0,0.0,0.0,0.0,0.0,0.0,0.0,0.0,0.0,0.0,1.0,0.0,0.0,False,Qwen/Qwen2.5-Coder-14B-Instruct-AWQ,None
2816@y_name@ASC,Bar,Medium,3.3082,6.6164,2,0.0,0.0,0.0,0.0,0.0,0.0,0.0,0.0,0.0,0.0,1.0,0.0,0.0,False,Qwen/Qwen2.5-Coder-14B-Instruct-AWQ,None
2816@y_name@ASC,Bar,Medium,3.3082,6.6164,2,0.0,0.0,0.0,0.0,0.0,0.0,0.0,0.0,0.0,0.0,1.0,0.0,0.0,False,Qwen/Qwen2.5-Coder-14B-Instruct-AWQ,None
2823@x_name@ASC,Bar,Hard,5.3557,5.3557,1,0.0,0.0,0.0,0.0,1.0,0.0,0.0,0.0,0.0,1.0,0.0,,0.0,True,Qwen/Qwen2.5-Coder-14B-Instruct-AWQ,None
2823@x_name@ASC,Bar,Hard,5.3557,5.3557,1,0.0,0.0,0.0,0.0,1.0,0.0,0.0,0.0,0.0,1.0,0.0,,0.0,True,Qwen/Qwen2.5-Coder-14B-Instruct-AWQ,None
2823@x_name@ASC,Bar,Hard,5.3557,5.3557,1,0.0,0.0,0.0,0.0,1.0,0.0,0.0,0.0,0.0,1.0,0.0,,0.0,True,Qwen/Qwen2.5-Coder-14B-Instruct-AWQ,None
2827@y_name@ASC,Bar,Medium,4.1998,16.7992,4,0.0,0.0,0.0,0.0,0.0,0.0,0.0,0.0,0.0,0.0,1.0,0.0,0.0,False,Qwen/Qwen2.5-Coder-14B-Instruct-AWQ,None
2827@y_name@ASC,Bar,Medium,4.1998,16.7992,4,0.0,0.0,0.0,0.0,0.0,0.0,0.0,0.0,0.0,0.0,1.0,0.0,0.0,False,Qwen/Qwen2.5-Coder-14B-Instruct-AWQ,None
2827@y_name@ASC,Bar,Medium,4.1998,16.7992,4,0.0,0.0,0.0,0.0,0.0,0.0,0.0,0.0,0.0,0.0,1.0,0.0,0.0,False,Qwen/Qwen2.5-Coder-14B-Instruct-AWQ,None
3261@y_name@ASC,Bar,Medium,4.2137,12.6412,3,0.0,0.0,0.0,0.0,0.3333333333333333,0.0,0.0,0.0,0.0,0.3333333333333333,0.6666666666666666,0.0,0.0,False,Qwen/Qwen2.5-Coder-14B-Instruct-AWQ,None
3261@y_name@ASC,Bar,Medium,4.2137,12.6412,3,0.0,0.0,0.0,0.0,0.3333333333333333,0.0,0.0,0.0,0.0,0.3333333333333333,0.6666666666666666,0.0,0.0,False,Qwen/Qwen2.5-Coder-14B-Instruct-AWQ,None
3261@y_name@ASC,Bar,Medium,4.2137,12.6412,3,0.0,0.0,0.0,0.0,0.3333333333333333,0.0,0.0,0.0,0.0,0.3333333333333333,0.6666666666666666,0.0,0.0,False,Qwen/Qwen2.5-Coder-14B-Instruct-AWQ,None
3266@x_name@DESC,Bar,Medium,6.7011,33.5054,5,0.0,0.0,0.0,0.0,0.0,0.6,0.0,0.0,0.0,0.6,0.4,0.0,0.0,True,Qwen/Qwen2.5-Coder-14B-Instruct-AWQ,None
3266@x_name@DESC,Bar,Medium,6.7011,33.5054,5,0.0,0.0,0.0,0.0,0.0,0.6,0.0,0.0,0.0,0.6,0.4,0.0,0.0,True,Qwen/Qwen2.5-Coder-14B-Instruct-AWQ,None
3266@x_name@DESC,Bar,Medium,6.7011,33.5054,5,0.0,0.0,0.0,0.0,0.0,0.6,0.0,0.0,0.0,0.6,0.4,0.0,0.0,True,Qwen/Qwen2.5-Coder-14B-Instruct-AWQ,None
2698@y_name@DESC,Bar,Medium,5.1818,10.3635,2,0.0,0.0,0.0,0.0,0.5,0.0,0.0,0.0,0.0,0.5,0.5,0.0,0.0,False,Qwen/Qwen2.5-Coder-14B-Instruct-AWQ,None
2698@y_name@DESC,Bar,Medium,5.1818,10.3635,2,0.0,0.0,0.0,0.0,0.5,0.0,0.0,0.0,0.0,0.5,0.5,0.0,0.0,False,Qwen/Qwen2.5-Coder-14B-Instruct-AWQ,None
2698@y_name@DESC,Bar,Medium,5.1818,10.3635,2,0.0,0.0,0.0,0.0,0.5,0.0,0.0,0.0,0.0,0.5,0.5,0.0,0.0,False,Qwen/Qwen2.5-Coder-14B-Instruct-AWQ,None
2702@y_name@DESC,Bar,Medium,4.1684,12.5051,3,0.0,0.0,0.0,0.0,0.0,0.0,0.0,0.0,0.0,0.0,1.0,0.0,0.0,False,Qwen/Qwen2.5-Coder-14B-Instruct-AWQ,None
2702@y_name@DESC,Bar,Medium,4.1684,12.5051,3,0.0,0.0,0.0,0.0,0.0,0.0,0.0,0.0,0.0,0.0,1.0,0.0,0.0,False,Qwen/Qwen2.5-Coder-14B-Instruct-AWQ,None
2702@y_name@DESC,Bar,Medium,4.1684,12.5051,3,0.0,0.0,0.0,0.0,0.0,0.0,0.0,0.0,0.0,0.0,1.0,0.0,0.0,False,Qwen/Qwen2.5-Coder-14B-Instruct-AWQ,None
2626@y_name@ASC,Bar,Hard,6.2301,6.2301,1,0.0,0.0,0.0,0.0,0.0,0.0,0.0,0.0,0.0,0.0,1.0,0.0,0.0,True,Qwen/Qwen2.5-Coder-14B-Instruct-AWQ,None
2626@y_name@ASC,Bar,Hard,6.2301,6.2301,1,0.0,0.0,0.0,0.0,0.0,0.0,0.0,0.0,0.0,0.0,1.0,0.0,0.0,True,Qwen/Qwen2.5-Coder-14B-Instruct-AWQ,None
2626@y_name@ASC,Bar,Hard,6.2301,6.2301,1,0.0,0.0,0.0,0.0,0.0,0.0,0.0,0.0,0.0,0.0,1.0,0.0,0.0,True,Qwen/Qwen2.5-Coder-14B-Instruct-AWQ,None
2629@x_name@ASC,Bar,Medium,3.2033,6.4067,2,0.0,0.0,0.0,0.0,0.0,0.0,0.0,0.0,0.0,0.0,1.0,0.0,0.0,False,Qwen/Qwen2.5-Coder-14B-Instruct-AWQ,None
2629@x_name@ASC,Bar,Medium,3.2033,6.4067,2,0.0,0.0,0.0,0.0,0.0,0.0,0.0,0.0,0.0,0.0,1.0,0.0,0.0,False,Qwen/Qwen2.5-Coder-14B-Instruct-AWQ,None
2629@x_name@ASC,Bar,Medium,3.2033,6.4067,2,0.0,0.0,0.0,0.0,0.0,0.0,0.0,0.0,0.0,0.0,1.0,0.0,0.0,False,Qwen/Qwen2.5-Coder-14B-Instruct-AWQ,None
7@y_name@ASC,Bar,Medium,3.7462,26.2234,7,0.0,0.0,0.0,0.0,0.0,0.0,0.0,0.0,0.0,0.0,1.0,0.0,0.0,False,Qwen/Qwen2.5-Coder-14B-Instruct-AWQ,None
7@y_name@ASC,Bar,Medium,3.7462,26.2234,7,0.0,0.0,0.0,0.0,0.0,0.0,0.0,0.0,0.0,0.0,1.0,0.0,0.0,False,Qwen/Qwen2.5-Coder-14B-Instruct-AWQ,None
7@y_name@ASC,Bar,Medium,3.7462,26.2234,7,0.0,0.0,0.0,0.0,0.0,0.0,0.0,0.0,0.0,0.0,1.0,0.0,0.0,False,Qwen/Qwen2.5-Coder-14B-Instruct-AWQ,None
11@y_name@ASC,Stacked Bar,Hard,5.0753,15.226,3,0.0,0.0,0.0,0.3333333333333333,0.3333333333333333,0.6666666666666666,0.0,0.0,0.0,1.0,0.0,,0.0,False,Qwen/Qwen2.5-Coder-14B-Instruct-AWQ,None
11@y_name@ASC,Stacked Bar,Hard,5.0753,15.226,3,0.0,0.0,0.0,0.3333333333333333,0.3333333333333333,0.6666666666666666,0.0,0.0,0.0,1.0,0.0,,0.0,False,Qwen/Qwen2.5-Coder-14B-Instruct-AWQ,None
11@y_name@ASC,Stacked Bar,Hard,5.0753,15.226,3,0.0,0.0,0.0,0.3333333333333333,0.3333333333333333,0.6666666666666666,0.0,0.0,0.0,1.0,0.0,,0.0,False,Qwen/Qwen2.5-Coder-14B-Instruct-AWQ,None
12@x_name@ASC,Bar,Medium,3.8231,11.4693,3,0.0,0.0,0.0,0.0,0.0,0.0,0.0,0.0,0.0,0.0,1.0,0.0,0.0,False,Qwen/Qwen2.5-Coder-14B-Instruct-AWQ,None
12@x_name@ASC,Bar,Medium,3.8231,11.4693,3,0.0,0.0,0.0,0.0,0.0,0.0,0.0,0.0,0.0,0.0,1.0,0.0,0.0,False,Qwen/Qwen2.5-Coder-14B-Instruct-AWQ,None
12@x_name@ASC,Bar,Medium,3.8231,11.4693,3,0.0,0.0,0.0,0.0,0.0,0.0,0.0,0.0,0.0,0.0,1.0,0.0,0.0,False,Qwen/Qwen2.5-Coder-14B-Instruct-AWQ,None
17@y_name@DESC,Bar,Medium,3.0798,9.2395,3,0.0,0.0,0.0,0.0,0.0,0.0,0.0,0.0,0.0,0.0,1.0,0.0,0.0,False,Qwen/Qwen2.5-Coder-14B-Instruct-AWQ,None
17@y_name@DESC,Bar,Medium,3.0798,9.2395,3,0.0,0.0,0.0,0.0,0.0,0.0,0.0,0.0,0.0,0.0,1.0,0.0,0.0,False,Qwen/Qwen2.5-Coder-14B-Instruct-AWQ,None
17@y_name@DESC,Bar,Medium,3.0798,9.2395,3,0.0,0.0,0.0,0.0,0.0,0.0,0.0,0.0,0.0,0.0,1.0,0.0,0.0,False,Qwen/Qwen2.5-Coder-14B-Instruct-AWQ,None
22@y_name@ASC,Bar,Hard,5.1611,20.6444,4,0.0,0.0,0.0,0.0,0.0,0.0,0.0,0.0,0.0,0.0,1.0,0.0,0.0,False,Qwen/Qwen2.5-Coder-14B-Instruct-AWQ,None
22@y_name@ASC,Bar,Hard,5.1611,20.6444,4,0.0,0.0,0.0,0.0,0.0,0.0,0.0,0.0,0.0,0.0,1.0,0.0,0.0,False,Qwen/Qwen2.5-Coder-14B-Instruct-AWQ,None
22@y_name@ASC,Bar,Hard,5.1611,20.6444,4,0.0,0.0,0.0,0.0,0.0,0.0,0.0,0.0,0.0,0.0,1.0,0.0,0.0,False,Qwen/Qwen2.5-Coder-14B-Instruct-AWQ,None
24@x_name@ASC,Bar,Medium,2.9069,2.9069,1,0.0,0.0,0.0,0.0,0.0,0.0,0.0,0.0,0.0,0.0,1.0,0.0,0.0,False,Qwen/Qwen2.5-Coder-14B-Instruct-AWQ,None
24@x_name@ASC,Bar,Medium,2.9069,2.9069,1,0.0,0.0,0.0,0.0,0.0,0.0,0.0,0.0,0.0,0.0,1.0,0.0,0.0,False,Qwen/Qwen2.5-Coder-14B-Instruct-AWQ,None
24@x_name@ASC,Bar,Medium,2.9069,2.9069,1,0.0,0.0,0.0,0.0,0.0,0.0,0.0,0.0,0.0,0.0,1.0,0.0,0.0,False,Qwen/Qwen2.5-Coder-14B-Instruct-AWQ,None
26@y_name@ASC,Bar,Hard,5.3181,10.6362,2,0.0,0.0,0.0,0.0,0.0,0.0,0.0,0.0,0.0,0.0,1.0,0.0,0.0,True,Qwen/Qwen2.5-Coder-14B-Instruct-AWQ,None
26@y_name@ASC,Bar,Hard,5.3181,10.6362,2,0.0,0.0,0.0,0.0,0.0,0.0,0.0,0.0,0.0,0.0,1.0,0.0,0.0,True,Qwen/Qwen2.5-Coder-14B-Instruct-AWQ,None
26@y_name@ASC,Bar,Hard,5.3181,10.6362,2,0.0,0.0,0.0,0.0,0.0,0.0,0.0,0.0,0.0,0.0,1.0,0.0,0.0,True,Qwen/Qwen2.5-Coder-14B-Instruct-AWQ,None
30@y_name@ASC,Bar,Hard,6.1633,30.8163,5,0.0,0.0,0.0,0.0,0.0,0.0,0.0,0.0,0.0,0.0,1.0,0.0,0.0,True,Qwen/Qwen2.5-Coder-14B-Instruct-AWQ,None
30@y_name@ASC,Bar,Hard,6.1633,30.8163,5,0.0,0.0,0.0,0.0,0.0,0.0,0.0,0.0,0.0,0.0,1.0,0.0,0.0,True,Qwen/Qwen2.5-Coder-14B-Instruct-AWQ,None
30@y_name@ASC,Bar,Hard,6.1633,30.8163,5,0.0,0.0,0.0,0.0,0.0,0.0,0.0,0.0,0.0,0.0,1.0,0.0,0.0,True,Qwen/Qwen2.5-Coder-14B-Instruct-AWQ,None
2575@y_name@ASC,Bar,Hard,6.3526,6.3526,1,0.0,0.0,0.0,0.0,0.0,0.0,0.0,0.0,0.0,0.0,1.0,0.0,0.0,True,Qwen/Qwen2.5-Coder-14B-Instruct-AWQ,None
2575@y_name@ASC,Bar,Hard,6.3526,6.3526,1,0.0,0.0,0.0,0.0,0.0,0.0,0.0,0.0,0.0,0.0,1.0,0.0,0.0,True,Qwen/Qwen2.5-Coder-14B-Instruct-AWQ,None
2575@y_name@ASC,Bar,Hard,6.3526,6.3526,1,0.0,0.0,0.0,0.0,0.0,0.0,0.0,0.0,0.0,0.0,1.0,0.0,0.0,True,Qwen/Qwen2.5-Coder-14B-Instruct-AWQ,None
2581@y_name@DESC,Bar,Hard,6.6716,13.3433,2,0.0,0.0,0.0,0.0,0.0,0.0,0.0,0.0,0.0,0.0,1.0,0.0,0.0,True,Qwen/Qwen2.5-Coder-14B-Instruct-AWQ,None
2581@y_name@DESC,Bar,Hard,6.6716,13.3433,2,0.0,0.0,0.0,0.0,0.0,0.0,0.0,0.0,0.0,0.0,1.0,0.0,0.0,True,Qwen/Qwen2.5-Coder-14B-Instruct-AWQ,None
2581@y_name@DESC,Bar,Hard,6.6716,13.3433,2,0.0,0.0,0.0,0.0,0.0,0.0,0.0,0.0,0.0,0.0,1.0,0.0,0.0,True,Qwen/Qwen2.5-Coder-14B-Instruct-AWQ,None
2582@y_name@DESC,Bar,Hard,4.4101,4.4101,1,0.0,0.0,0.0,0.0,1.0,0.0,0.0,0.0,0.0,1.0,0.0,,0.0,True,Qwen/Qwen2.5-Coder-14B-Instruct-AWQ,None
2582@y_name@DESC,Bar,Hard,4.4101,4.4101,1,0.0,0.0,0.0,0.0,1.0,0.0,0.0,0.0,0.0,1.0,0.0,,0.0,True,Qwen/Qwen2.5-Coder-14B-Instruct-AWQ,None
2582@y_name@DESC,Bar,Hard,4.4101,4.4101,1,0.0,0.0,0.0,0.0,1.0,0.0,0.0,0.0,0.0,1.0,0.0,,0.0,True,Qwen/Qwen2.5-Coder-14B-Instruct-AWQ,None
1371@y_name@ASC,Bar,Medium,4.5703,13.7109,3,0.0,0.0,0.0,0.3333333333333333,0.3333333333333333,0.0,0.0,0.0,0.0,0.3333333333333333,0.6666666666666666,0.0,0.0,False,Qwen/Qwen2.5-Coder-14B-Instruct-AWQ,None
1371@y_name@ASC,Bar,Medium,4.5703,13.7109,3,0.0,0.0,0.0,0.3333333333333333,0.3333333333333333,0.0,0.0,0.0,0.0,0.3333333333333333,0.6666666666666666,0.0,0.0,False,Qwen/Qwen2.5-Coder-14B-Instruct-AWQ,None
1371@y_name@ASC,Bar,Medium,4.5703,13.7109,3,0.0,0.0,0.0,0.3333333333333333,0.3333333333333333,0.0,0.0,0.0,0.0,0.3333333333333333,0.6666666666666666,0.0,0.0,False,Qwen/Qwen2.5-Coder-14B-Instruct-AWQ,None
1373@y_name@DESC,Bar,Medium,3.9647,11.8941,3,0.0,0.0,0.0,0.0,0.0,0.0,0.0,0.0,0.0,0.0,1.0,0.0,0.0,False,Qwen/Qwen2.5-Coder-14B-Instruct-AWQ,None
1373@y_name@DESC,Bar,Medium,3.9647,11.8941,3,0.0,0.0,0.0,0.0,0.0,0.0,0.0,0.0,0.0,0.0,1.0,0.0,0.0,False,Qwen/Qwen2.5-Coder-14B-Instruct-AWQ,None
1373@y_name@DESC,Bar,Medium,3.9647,11.8941,3,0.0,0.0,0.0,0.0,0.0,0.0,0.0,0.0,0.0,0.0,1.0,0.0,0.0,False,Qwen/Qwen2.5-Coder-14B-Instruct-AWQ,None
1375@x_name@ASC,Line,Extra Hard,6.6072,13.2143,2,0.0,0.0,0.0,0.0,0.5,0.0,0.0,0.0,0.0,0.5,0.5,0.0,0.0,True,Qwen/Qwen2.5-Coder-14B-Instruct-AWQ,None
1375@x_name@ASC,Line,Extra Hard,6.6072,13.2143,2,0.0,0.0,0.0,0.0,0.5,0.0,0.0,0.0,0.0,0.5,0.5,0.0,0.0,True,Qwen/Qwen2.5-Coder-14B-Instruct-AWQ,None
1375@x_name@ASC,Line,Extra Hard,6.6072,13.2143,2,0.0,0.0,0.0,0.0,0.5,0.0,0.0,0.0,0.0,0.5,0.5,0.0,0.0,True,Qwen/Qwen2.5-Coder-14B-Instruct-AWQ,None
66@y_name@ASC,Bar,Extra Hard,6.9051,13.8102,2,0.0,0.0,0.0,0.0,0.0,1.0,0.0,0.0,0.0,1.0,0.0,,0.0,True,Qwen/Qwen2.5-Coder-14B-Instruct-AWQ,None
66@y_name@ASC,Bar,Extra Hard,6.9051,13.8102,2,0.0,0.0,0.0,0.0,0.0,1.0,0.0,0.0,0.0,1.0,0.0,,0.0,True,Qwen/Qwen2.5-Coder-14B-Instruct-AWQ,None
66@y_name@ASC,Bar,Extra Hard,6.9051,13.8102,2,0.0,0.0,0.0,0.0,0.0,1.0,0.0,0.0,0.0,1.0,0.0,,0.0,True,Qwen/Qwen2.5-Coder-14B-Instruct-AWQ,None
67@y_name@ASC,Bar,Extra Hard,17.3336,34.6672,2,1.0,0.0,0.0,0.0,0.0,0.0,0.0,0.0,1.0,0.0,0.0,,0.0,True,Qwen/Qwen2.5-Coder-14B-Instruct-AWQ,None
67@y_name@ASC,Bar,Extra Hard,17.3336,34.6672,2,1.0,0.0,0.0,0.0,0.0,0.0,0.0,0.0,1.0,0.0,0.0,,0.0,True,Qwen/Qwen2.5-Coder-14B-Instruct-AWQ,None
67@y_name@ASC,Bar,Extra Hard,17.3336,34.6672,2,1.0,0.0,0.0,0.0,0.0,0.0,0.0,0.0,1.0,0.0,0.0,,0.0,True,Qwen/Qwen2.5-Coder-14B-Instruct-AWQ,None
70@y_name@ASC,Bar,Extra Hard,6.4316,12.8632,2,0.0,0.0,0.0,0.0,0.0,1.0,0.0,0.0,0.0,1.0,0.0,,0.0,True,Qwen/Qwen2.5-Coder-14B-Instruct-AWQ,None
70@y_name@ASC,Bar,Extra Hard,6.4316,12.8632,2,0.0,0.0,0.0,0.0,0.0,1.0,0.0,0.0,0.0,1.0,0.0,,0.0,True,Qwen/Qwen2.5-Coder-14B-Instruct-AWQ,None
70@y_name@ASC,Bar,Extra Hard,6.4316,12.8632,2,0.0,0.0,0.0,0.0,0.0,1.0,0.0,0.0,0.0,1.0,0.0,,0.0,True,Qwen/Qwen2.5-Coder-14B-Instruct-AWQ,None
71@y_name@ASC,Bar,Extra Hard,14.2952,28.5904,2,0.5,0.0,0.0,0.0,0.5,0.0,0.0,0.0,0.5,0.5,0.0,,0.0,True,Qwen/Qwen2.5-Coder-14B-Instruct-AWQ,None
71@y_name@ASC,Bar,Extra Hard,14.2952,28.5904,2,0.5,0.0,0.0,0.0,0.5,0.0,0.0,0.0,0.5,0.5,0.0,,0.0,True,Qwen/Qwen2.5-Coder-14B-Instruct-AWQ,None
71@y_name@ASC,Bar,Extra Hard,14.2952,28.5904,2,0.5,0.0,0.0,0.0,0.5,0.0,0.0,0.0,0.5,0.5,0.0,,0.0,True,Qwen/Qwen2.5-Coder-14B-Instruct-AWQ,None
75@y_name@ASC,Bar,Extra Hard,6.2835,12.5671,2,0.0,0.0,0.0,0.0,0.0,1.0,0.0,0.0,0.0,1.0,0.0,,0.0,True,Qwen/Qwen2.5-Coder-14B-Instruct-AWQ,None
75@y_name@ASC,Bar,Extra Hard,6.2835,12.5671,2,0.0,0.0,0.0,0.0,0.0,1.0,0.0,0.0,0.0,1.0,0.0,,0.0,True,Qwen/Qwen2.5-Coder-14B-Instruct-AWQ,None
75@y_name@ASC,Bar,Extra Hard,6.2835,12.5671,2,0.0,0.0,0.0,0.0,0.0,1.0,0.0,0.0,0.0,1.0,0.0,,0.0,True,Qwen/Qwen2.5-Coder-14B-Instruct-AWQ,None
76@y_name@DESC,Bar,Extra Hard,7.3816,7.3816,1,0.0,0.0,0.0,0.0,0.0,0.0,0.0,0.0,0.0,0.0,1.0,0.0,0.0,True,Qwen/Qwen2.5-Coder-14B-Instruct-AWQ,None
76@y_name@DESC,Bar,Extra Hard,7.3816,7.3816,1,0.0,0.0,0.0,0.0,0.0,0.0,0.0,0.0,0.0,0.0,1.0,0.0,0.0,True,Qwen/Qwen2.5-Coder-14B-Instruct-AWQ,None
76@y_name@DESC,Bar,Extra Hard,7.3816,7.3816,1,0.0,0.0,0.0,0.0,0.0,0.0,0.0,0.0,0.0,0.0,1.0,0.0,0.0,True,Qwen/Qwen2.5-Coder-14B-Instruct-AWQ,None
82@x_name@ASC,Bar,Extra Hard,5.8227,11.6455,2,0.0,0.0,0.0,0.0,0.0,0.0,0.0,0.0,0.0,0.0,1.0,0.0,0.0,True,Qwen/Qwen2.5-Coder-14B-Instruct-AWQ,None
82@x_name@ASC,Bar,Extra Hard,5.8227,11.6455,2,0.0,0.0,0.0,0.0,0.0,0.0,0.0,0.0,0.0,0.0,1.0,0.0,0.0,True,Qwen/Qwen2.5-Coder-14B-Instruct-AWQ,None
82@x_name@ASC,Bar,Extra Hard,5.8227,11.6455,2,0.0,0.0,0.0,0.0,0.0,0.0,0.0,0.0,0.0,0.0,1.0,0.0,0.0,True,Qwen/Qwen2.5-Coder-14B-Instruct-AWQ,None
83@y_name@ASC,Bar,Medium,4.2567,8.5134,2,0.0,0.0,0.0,0.0,0.0,0.0,0.0,0.0,0.0,0.0,1.0,0.0,0.0,False,Qwen/Qwen2.5-Coder-14B-Instruct-AWQ,None
83@y_name@ASC,Bar,Medium,4.2567,8.5134,2,0.0,0.0,0.0,0.0,0.0,0.0,0.0,0.0,0.0,0.0,1.0,0.0,0.0,False,Qwen/Qwen2.5-Coder-14B-Instruct-AWQ,None
83@y_name@ASC,Bar,Medium,4.2567,8.5134,2,0.0,0.0,0.0,0.0,0.0,0.0,0.0,0.0,0.0,0.0,1.0,0.0,0.0,False,Qwen/Qwen2.5-Coder-14B-Instruct-AWQ,None
84@y_name@ASC,Bar,Medium,10.0079,20.0158,2,0.5,0.0,0.0,0.0,0.5,0.0,0.0,0.0,0.5,0.5,0.0,,0.0,False,Qwen/Qwen2.5-Coder-14B-Instruct-AWQ,None
84@y_name@ASC,Bar,Medium,10.0079,20.0158,2,0.5,0.0,0.0,0.0,0.5,0.0,0.0,0.0,0.5,0.5,0.0,,0.0,False,Qwen/Qwen2.5-Coder-14B-Instruct-AWQ,None
84@y_name@ASC,Bar,Medium,10.0079,20.0158,2,0.5,0.0,0.0,0.0,0.5,0.0,0.0,0.0,0.5,0.5,0.0,,0.0,False,Qwen/Qwen2.5-Coder-14B-Instruct-AWQ,None
87@x_name@DESC,Line,Medium,4.0378,4.0378,1,0.0,0.0,0.0,0.0,1.0,0.0,0.0,0.0,0.0,1.0,0.0,,0.0,False,Qwen/Qwen2.5-Coder-14B-Instruct-AWQ,None
87@x_name@DESC,Line,Medium,4.0378,4.0378,1,0.0,0.0,0.0,0.0,1.0,0.0,0.0,0.0,0.0,1.0,0.0,,0.0,False,Qwen/Qwen2.5-Coder-14B-Instruct-AWQ,None
87@x_name@DESC,Line,Medium,4.0378,4.0378,1,0.0,0.0,0.0,0.0,1.0,0.0,0.0,0.0,0.0,1.0,0.0,,0.0,False,Qwen/Qwen2.5-Coder-14B-Instruct-AWQ,None
88@y_name@ASC,Bar,Hard,4.2711,12.8134,3,0.0,0.0,0.0,0.0,0.3333333333333333,0.3333333333333333,0.0,0.0,0.0,0.6666666666666666,0.3333333333333333,0.0,0.0,True,Qwen/Qwen2.5-Coder-14B-Instruct-AWQ,None
88@y_name@ASC,Bar,Hard,4.2711,12.8134,3,0.0,0.0,0.0,0.0,0.3333333333333333,0.3333333333333333,0.0,0.0,0.0,0.6666666666666666,0.3333333333333333,0.0,0.0,True,Qwen/Qwen2.5-Coder-14B-Instruct-AWQ,None
88@y_name@ASC,Bar,Hard,4.2711,12.8134,3,0.0,0.0,0.0,0.0,0.3333333333333333,0.3333333333333333,0.0,0.0,0.0,0.6666666666666666,0.3333333333333333,0.0,0.0,True,Qwen/Qwen2.5-Coder-14B-Instruct-AWQ,None
89@y_name@ASC,Bar,Hard,4.159,8.3181,2,0.0,0.0,0.0,0.0,0.5,0.0,0.0,0.0,0.0,0.5,0.5,0.0,0.0,True,Qwen/Qwen2.5-Coder-14B-Instruct-AWQ,None
89@y_name@ASC,Bar,Hard,4.159,8.3181,2,0.0,0.0,0.0,0.0,0.5,0.0,0.0,0.0,0.0,0.5,0.5,0.0,0.0,True,Qwen/Qwen2.5-Coder-14B-Instruct-AWQ,None
89@y_name@ASC,Bar,Hard,4.159,8.3181,2,0.0,0.0,0.0,0.0,0.5,0.0,0.0,0.0,0.0,0.5,0.5,0.0,0.0,True,Qwen/Qwen2.5-Coder-14B-Instruct-AWQ,None
90@y_name@DESC,Bar,Hard,6.2854,12.5707,2,0.0,0.0,0.0,0.0,0.5,0.0,0.0,0.0,0.0,0.5,0.5,0.0,0.0,True,Qwen/Qwen2.5-Coder-14B-Instruct-AWQ,None
90@y_name@DESC,Bar,Hard,6.2854,12.5707,2,0.0,0.0,0.0,0.0,0.5,0.0,0.0,0.0,0.0,0.5,0.5,0.0,0.0,True,Qwen/Qwen2.5-Coder-14B-Instruct-AWQ,None
90@y_name@DESC,Bar,Hard,6.2854,12.5707,2,0.0,0.0,0.0,0.0,0.5,0.0,0.0,0.0,0.0,0.5,0.5,0.0,0.0,True,Qwen/Qwen2.5-Coder-14B-Instruct-AWQ,None
91@y_name@ASC,Bar,Hard,4.2533,8.5067,2,0.0,0.0,0.0,0.0,1.0,0.0,0.0,0.0,0.0,1.0,0.0,,0.0,True,Qwen/Qwen2.5-Coder-14B-Instruct-AWQ,None
91@y_name@ASC,Bar,Hard,4.2533,8.5067,2,0.0,0.0,0.0,0.0,1.0,0.0,0.0,0.0,0.0,1.0,0.0,,0.0,True,Qwen/Qwen2.5-Coder-14B-Instruct-AWQ,None
91@y_name@ASC,Bar,Hard,4.2533,8.5067,2,0.0,0.0,0.0,0.0,1.0,0.0,0.0,0.0,0.0,1.0,0.0,,0.0,True,Qwen/Qwen2.5-Coder-14B-Instruct-AWQ,None
92@y_name@ASC,Bar,Hard,6.1372,12.2744,2,0.0,0.0,0.0,0.0,0.0,0.0,0.0,0.0,0.0,0.0,1.0,0.0,0.0,True,Qwen/Qwen2.5-Coder-14B-Instruct-AWQ,None
92@y_name@ASC,Bar,Hard,6.1372,12.2744,2,0.0,0.0,0.0,0.0,0.0,0.0,0.0,0.0,0.0,0.0,1.0,0.0,0.0,True,Qwen/Qwen2.5-Coder-14B-Instruct-AWQ,None
92@y_name@ASC,Bar,Hard,6.1372,12.2744,2,0.0,0.0,0.0,0.0,0.0,0.0,0.0,0.0,0.0,0.0,1.0,0.0,0.0,True,Qwen/Qwen2.5-Coder-14B-Instruct-AWQ,None
99@y_name@DESC,Bar,Hard,4.5406,9.0813,2,0.0,0.0,0.0,0.0,0.0,0.0,0.0,0.0,0.0,0.0,1.0,0.0,0.0,True,Qwen/Qwen2.5-Coder-14B-Instruct-AWQ,None
99@y_name@DESC,Bar,Hard,4.5406,9.0813,2,0.0,0.0,0.0,0.0,0.0,0.0,0.0,0.0,0.0,0.0,1.0,0.0,0.0,True,Qwen/Qwen2.5-Coder-14B-Instruct-AWQ,None
99@y_name@DESC,Bar,Hard,4.5406,9.0813,2,0.0,0.0,0.0,0.0,0.0,0.0,0.0,0.0,0.0,0.0,1.0,0.0,0.0,True,Qwen/Qwen2.5-Coder-14B-Instruct-AWQ,None
100@y_name@DESC,Bar,Hard,12.5357,25.0715,2,0.5,0.0,0.0,0.0,0.0,0.0,0.0,0.0,0.5,0.0,0.5,0.0,0.0,True,Qwen/Qwen2.5-Coder-14B-Instruct-AWQ,None
100@y_name@DESC,Bar,Hard,12.5357,25.0715,2,0.5,0.0,0.0,0.0,0.0,0.0,0.0,0.0,0.5,0.0,0.5,0.0,0.0,True,Qwen/Qwen2.5-Coder-14B-Instruct-AWQ,None
100@y_name@DESC,Bar,Hard,12.5357,25.0715,2,0.5,0.0,0.0,0.0,0.0,0.0,0.0,0.0,0.5,0.0,0.5,0.0,0.0,True,Qwen/Qwen2.5-Coder-14B-Instruct-AWQ,None
102@y_name@ASC,Bar,Hard,6.3366,12.6732,2,0.0,0.0,0.0,0.0,0.0,0.0,0.0,0.0,0.0,0.0,1.0,0.0,0.0,True,Qwen/Qwen2.5-Coder-14B-Instruct-AWQ,None
102@y_name@ASC,Bar,Hard,6.3366,12.6732,2,0.0,0.0,0.0,0.0,0.0,0.0,0.0,0.0,0.0,0.0,1.0,0.0,0.0,True,Qwen/Qwen2.5-Coder-14B-Instruct-AWQ,None
102@y_name@ASC,Bar,Hard,6.3366,12.6732,2,0.0,0.0,0.0,0.0,0.0,0.0,0.0,0.0,0.0,0.0,1.0,0.0,0.0,True,Qwen/Qwen2.5-Coder-14B-Instruct-AWQ,None
104@y_name@ASC,Bar,Extra Hard,7.5123,15.0246,2,0.0,0.0,0.0,0.0,0.0,0.0,0.0,0.0,0.0,0.0,1.0,0.0,0.0,True,Qwen/Qwen2.5-Coder-14B-Instruct-AWQ,None
104@y_name@ASC,Bar,Extra Hard,7.5123,15.0246,2,0.0,0.0,0.0,0.0,0.0,0.0,0.0,0.0,0.0,0.0,1.0,0.0,0.0,True,Qwen/Qwen2.5-Coder-14B-Instruct-AWQ,None
104@y_name@ASC,Bar,Extra Hard,7.5123,15.0246,2,0.0,0.0,0.0,0.0,0.0,0.0,0.0,0.0,0.0,0.0,1.0,0.0,0.0,True,Qwen/Qwen2.5-Coder-14B-Instruct-AWQ,None
1521@y_name@ASC,Bar,Hard,20.5027,102.5136,5,0.8,0.2,0.0,0.0,0.0,0.0,0.0,0.0,1.0,0.0,0.0,,0.0,True,Qwen/Qwen2.5-Coder-14B-Instruct-AWQ,None
1521@y_name@ASC,Bar,Hard,20.5027,102.5136,5,0.8,0.2,0.0,0.0,0.0,0.0,0.0,0.0,1.0,0.0,0.0,,0.0,True,Qwen/Qwen2.5-Coder-14B-Instruct-AWQ,None
1521@y_name@ASC,Bar,Hard,20.5027,102.5136,5,0.8,0.2,0.0,0.0,0.0,0.0,0.0,0.0,1.0,0.0,0.0,,0.0,True,Qwen/Qwen2.5-Coder-14B-Instruct-AWQ,None
2855@x_name@ASC,Bar,Medium,3.5539,10.6616,3,0.0,0.0,0.0,0.0,0.3333333333333333,0.3333333333333333,0.0,0.0,0.0,0.6666666666666666,0.3333333333333333,0.0,0.0,False,Qwen/Qwen2.5-Coder-14B-Instruct-AWQ,None
2855@x_name@ASC,Bar,Medium,3.5539,10.6616,3,0.0,0.0,0.0,0.0,0.3333333333333333,0.3333333333333333,0.0,0.0,0.0,0.6666666666666666,0.3333333333333333,0.0,0.0,False,Qwen/Qwen2.5-Coder-14B-Instruct-AWQ,None
2855@x_name@ASC,Bar,Medium,3.5539,10.6616,3,0.0,0.0,0.0,0.0,0.3333333333333333,0.3333333333333333,0.0,0.0,0.0,0.6666666666666666,0.3333333333333333,0.0,0.0,False,Qwen/Qwen2.5-Coder-14B-Instruct-AWQ,None
1329@y_name@DESC,Bar,Hard,7.0497,14.0994,2,0.0,0.0,0.0,0.0,0.5,0.0,0.0,0.0,0.0,0.5,0.5,0.0,0.0,True,Qwen/Qwen2.5-Coder-14B-Instruct-AWQ,None
1329@y_name@DESC,Bar,Hard,7.0497,14.0994,2,0.0,0.0,0.0,0.0,0.5,0.0,0.0,0.0,0.0,0.5,0.5,0.0,0.0,True,Qwen/Qwen2.5-Coder-14B-Instruct-AWQ,None
1329@y_name@DESC,Bar,Hard,7.0497,14.0994,2,0.0,0.0,0.0,0.0,0.5,0.0,0.0,0.0,0.0,0.5,0.5,0.0,0.0,True,Qwen/Qwen2.5-Coder-14B-Instruct-AWQ,None
1335@y_name@DESC,Bar,Medium,3.3202,19.9211,6,0.0,0.0,0.0,0.0,1.0,0.0,0.0,0.0,0.0,1.0,0.0,,0.0,False,Qwen/Qwen2.5-Coder-14B-Instruct-AWQ,None
1335@y_name@DESC,Bar,Medium,3.3202,19.9211,6,0.0,0.0,0.0,0.0,1.0,0.0,0.0,0.0,0.0,1.0,0.0,,0.0,False,Qwen/Qwen2.5-Coder-14B-Instruct-AWQ,None
1335@y_name@DESC,Bar,Medium,3.3202,19.9211,6,0.0,0.0,0.0,0.0,1.0,0.0,0.0,0.0,0.0,1.0,0.0,,0.0,False,Qwen/Qwen2.5-Coder-14B-Instruct-AWQ,None
1349@x_name@ASC,Grouping Line,Extra Hard,19.9766,59.9297,3,1.0,0.0,0.0,0.0,0.0,0.0,0.0,0.0,1.0,0.0,0.0,,0.0,False,Qwen/Qwen2.5-Coder-14B-Instruct-AWQ,None
1349@x_name@ASC,Grouping Line,Extra Hard,19.9766,59.9297,3,1.0,0.0,0.0,0.0,0.0,0.0,0.0,0.0,1.0,0.0,0.0,,0.0,False,Qwen/Qwen2.5-Coder-14B-Instruct-AWQ,None
1349@x_name@ASC,Grouping Line,Extra Hard,19.9766,59.9297,3,1.0,0.0,0.0,0.0,0.0,0.0,0.0,0.0,1.0,0.0,0.0,,0.0,False,Qwen/Qwen2.5-Coder-14B-Instruct-AWQ,None
1356@x_name@ASC,Line,Medium,3.5279,14.1117,4,0.0,0.0,0.0,0.0,0.0,0.0,0.0,0.0,0.0,0.0,1.0,0.0,0.0,False,Qwen/Qwen2.5-Coder-14B-Instruct-AWQ,None
1356@x_name@ASC,Line,Medium,3.5279,14.1117,4,0.0,0.0,0.0,0.0,0.0,0.0,0.0,0.0,0.0,0.0,1.0,0.0,0.0,False,Qwen/Qwen2.5-Coder-14B-Instruct-AWQ,None
1356@x_name@ASC,Line,Medium,3.5279,14.1117,4,0.0,0.0,0.0,0.0,0.0,0.0,0.0,0.0,0.0,0.0,1.0,0.0,0.0,False,Qwen/Qwen2.5-Coder-14B-Instruct-AWQ,None
515@y_name@ASC,Bar,Medium,6.8484,27.3935,4,0.0,0.0,0.0,0.0,0.0,0.0,0.0,0.0,0.0,0.0,1.0,0.0,0.0,False,Qwen/Qwen2.5-Coder-14B-Instruct-AWQ,None
515@y_name@ASC,Bar,Medium,6.8484,27.3935,4,0.0,0.0,0.0,0.0,0.0,0.0,0.0,0.0,0.0,0.0,1.0,0.0,0.0,False,Qwen/Qwen2.5-Coder-14B-Instruct-AWQ,None
515@y_name@ASC,Bar,Medium,6.8484,27.3935,4,0.0,0.0,0.0,0.0,0.0,0.0,0.0,0.0,0.0,0.0,1.0,0.0,0.0,False,Qwen/Qwen2.5-Coder-14B-Instruct-AWQ,None
522@y_name@DESC,Stacked Bar,Extra Hard,6.8469,6.8469,1,0.0,0.0,0.0,0.0,0.0,1.0,0.0,0.0,0.0,1.0,0.0,,0.0,True,Qwen/Qwen2.5-Coder-14B-Instruct-AWQ,None
522@y_name@DESC,Stacked Bar,Extra Hard,6.8469,6.8469,1,0.0,0.0,0.0,0.0,0.0,1.0,0.0,0.0,0.0,1.0,0.0,,0.0,True,Qwen/Qwen2.5-Coder-14B-Instruct-AWQ,None
522@y_name@DESC,Stacked Bar,Extra Hard,6.8469,6.8469,1,0.0,0.0,0.0,0.0,0.0,1.0,0.0,0.0,0.0,1.0,0.0,,0.0,True,Qwen/Qwen2.5-Coder-14B-Instruct-AWQ,None
523@x_name@ASC,Bar,Hard,7.3066,7.3066,1,0.0,0.0,0.0,0.0,0.0,0.0,0.0,0.0,0.0,0.0,1.0,0.0,0.0,True,Qwen/Qwen2.5-Coder-14B-Instruct-AWQ,None
523@x_name@ASC,Bar,Hard,7.3066,7.3066,1,0.0,0.0,0.0,0.0,0.0,0.0,0.0,0.0,0.0,0.0,1.0,0.0,0.0,True,Qwen/Qwen2.5-Coder-14B-Instruct-AWQ,None
523@x_name@ASC,Bar,Hard,7.3066,7.3066,1,0.0,0.0,0.0,0.0,0.0,0.0,0.0,0.0,0.0,0.0,1.0,0.0,0.0,True,Qwen/Qwen2.5-Coder-14B-Instruct-AWQ,None
529@x_name@DESC,Bar,Hard,4.6956,4.6956,1,0.0,0.0,0.0,0.0,0.0,0.0,0.0,0.0,0.0,0.0,1.0,0.0,0.0,False,Qwen/Qwen2.5-Coder-14B-Instruct-AWQ,None
529@x_name@DESC,Bar,Hard,4.6956,4.6956,1,0.0,0.0,0.0,0.0,0.0,0.0,0.0,0.0,0.0,0.0,1.0,0.0,0.0,False,Qwen/Qwen2.5-Coder-14B-Instruct-AWQ,None
529@x_name@DESC,Bar,Hard,4.6956,4.6956,1,0.0,0.0,0.0,0.0,0.0,0.0,0.0,0.0,0.0,0.0,1.0,0.0,0.0,False,Qwen/Qwen2.5-Coder-14B-Instruct-AWQ,None
533@y_name@DESC,Bar,Easy,4.315,12.9451,3,0.0,0.0,0.0,0.0,0.0,0.0,0.0,0.0,0.0,0.0,1.0,0.0,0.0,False,Qwen/Qwen2.5-Coder-14B-Instruct-AWQ,None
533@y_name@DESC,Bar,Easy,4.315,12.9451,3,0.0,0.0,0.0,0.0,0.0,0.0,0.0,0.0,0.0,0.0,1.0,0.0,0.0,False,Qwen/Qwen2.5-Coder-14B-Instruct-AWQ,None
533@y_name@DESC,Bar,Easy,4.315,12.9451,3,0.0,0.0,0.0,0.0,0.0,0.0,0.0,0.0,0.0,0.0,1.0,0.0,0.0,False,Qwen/Qwen2.5-Coder-14B-Instruct-AWQ,None
543@x_name@DESC,Bar,Medium,6.2147,12.4294,2,0.0,0.0,0.0,0.0,0.5,0.5,0.0,0.0,0.0,1.0,0.0,,0.0,False,Qwen/Qwen2.5-Coder-14B-Instruct-AWQ,None
543@x_name@DESC,Bar,Medium,6.2147,12.4294,2,0.0,0.0,0.0,0.0,0.5,0.5,0.0,0.0,0.0,1.0,0.0,,0.0,False,Qwen/Qwen2.5-Coder-14B-Instruct-AWQ,None
543@x_name@DESC,Bar,Medium,6.2147,12.4294,2,0.0,0.0,0.0,0.0,0.5,0.5,0.0,0.0,0.0,1.0,0.0,,0.0,False,Qwen/Qwen2.5-Coder-14B-Instruct-AWQ,None
544@x_name@DESC,Bar,Hard,6.1989,6.1989,1,0.0,0.0,0.0,0.0,0.0,1.0,0.0,0.0,0.0,1.0,0.0,,0.0,True,Qwen/Qwen2.5-Coder-14B-Instruct-AWQ,None
544@x_name@DESC,Bar,Hard,6.1989,6.1989,1,0.0,0.0,0.0,0.0,0.0,1.0,0.0,0.0,0.0,1.0,0.0,,0.0,True,Qwen/Qwen2.5-Coder-14B-Instruct-AWQ,None
544@x_name@DESC,Bar,Hard,6.1989,6.1989,1,0.0,0.0,0.0,0.0,0.0,1.0,0.0,0.0,0.0,1.0,0.0,,0.0,True,Qwen/Qwen2.5-Coder-14B-Instruct-AWQ,None
545@x_name@DESC,Bar,Hard,8.5212,8.5212,1,0.0,0.0,0.0,0.0,0.0,0.0,0.0,0.0,0.0,0.0,1.0,0.0,0.0,True,Qwen/Qwen2.5-Coder-14B-Instruct-AWQ,None
545@x_name@DESC,Bar,Hard,8.5212,8.5212,1,0.0,0.0,0.0,0.0,0.0,0.0,0.0,0.0,0.0,0.0,1.0,0.0,0.0,True,Qwen/Qwen2.5-Coder-14B-Instruct-AWQ,None
545@x_name@DESC,Bar,Hard,8.5212,8.5212,1,0.0,0.0,0.0,0.0,0.0,0.0,0.0,0.0,0.0,0.0,1.0,0.0,0.0,True,Qwen/Qwen2.5-Coder-14B-Instruct-AWQ,None
548@x_name@ASC,Line,Extra Hard,7.0149,14.0299,2,0.0,0.0,0.0,0.0,0.5,0.0,0.0,0.0,0.0,0.5,0.5,0.0,0.0,True,Qwen/Qwen2.5-Coder-14B-Instruct-AWQ,None
548@x_name@ASC,Line,Extra Hard,7.0149,14.0299,2,0.0,0.0,0.0,0.0,0.5,0.0,0.0,0.0,0.0,0.5,0.5,0.0,0.0,True,Qwen/Qwen2.5-Coder-14B-Instruct-AWQ,None
548@x_name@ASC,Line,Extra Hard,7.0149,14.0299,2,0.0,0.0,0.0,0.0,0.5,0.0,0.0,0.0,0.0,0.5,0.5,0.0,0.0,True,Qwen/Qwen2.5-Coder-14B-Instruct-AWQ,None
550@y_name@DESC,Bar,Extra Hard,15.6607,31.3215,2,0.5,0.0,0.0,0.0,0.0,0.0,0.0,0.0,0.5,0.0,0.5,0.0,0.0,True,Qwen/Qwen2.5-Coder-14B-Instruct-AWQ,None
550@y_name@DESC,Bar,Extra Hard,15.6607,31.3215,2,0.5,0.0,0.0,0.0,0.0,0.0,0.0,0.0,0.5,0.0,0.5,0.0,0.0,True,Qwen/Qwen2.5-Coder-14B-Instruct-AWQ,None
550@y_name@DESC,Bar,Extra Hard,15.6607,31.3215,2,0.5,0.0,0.0,0.0,0.0,0.0,0.0,0.0,0.5,0.0,0.5,0.0,0.0,True,Qwen/Qwen2.5-Coder-14B-Instruct-AWQ,None
552@y_name@ASC,Bar,Extra Hard,7.8367,15.6733,2,0.0,0.0,0.0,0.0,0.0,0.0,0.0,0.0,0.0,0.0,1.0,0.0,0.0,True,Qwen/Qwen2.5-Coder-14B-Instruct-AWQ,None
552@y_name@ASC,Bar,Extra Hard,7.8367,15.6733,2,0.0,0.0,0.0,0.0,0.0,0.0,0.0,0.0,0.0,0.0,1.0,0.0,0.0,True,Qwen/Qwen2.5-Coder-14B-Instruct-AWQ,None
552@y_name@ASC,Bar,Extra Hard,7.8367,15.6733,2,0.0,0.0,0.0,0.0,0.0,0.0,0.0,0.0,0.0,0.0,1.0,0.0,0.0,True,Qwen/Qwen2.5-Coder-14B-Instruct-AWQ,None
553@y_name@DESC,Bar,Medium,4.2756,21.3782,5,0.0,0.0,0.0,0.0,0.0,0.0,0.0,0.0,0.0,0.0,1.0,0.0,0.0,False,Qwen/Qwen2.5-Coder-14B-Instruct-AWQ,None
553@y_name@DESC,Bar,Medium,4.2756,21.3782,5,0.0,0.0,0.0,0.0,0.0,0.0,0.0,0.0,0.0,0.0,1.0,0.0,0.0,False,Qwen/Qwen2.5-Coder-14B-Instruct-AWQ,None
553@y_name@DESC,Bar,Medium,4.2756,21.3782,5,0.0,0.0,0.0,0.0,0.0,0.0,0.0,0.0,0.0,0.0,1.0,0.0,0.0,False,Qwen/Qwen2.5-Coder-14B-Instruct-AWQ,None
555@y_name@DESC,Bar,Hard,11.9723,47.8893,4,0.0,0.0,0.0,0.0,0.25,0.0,0.0,0.0,0.0,0.25,0.75,0.0,0.0,True,Qwen/Qwen2.5-Coder-14B-Instruct-AWQ,None
555@y_name@DESC,Bar,Hard,11.9723,47.8893,4,0.0,0.0,0.0,0.0,0.25,0.0,0.0,0.0,0.0,0.25,0.75,0.0,0.0,True,Qwen/Qwen2.5-Coder-14B-Instruct-AWQ,None
555@y_name@DESC,Bar,Hard,11.9723,47.8893,4,0.0,0.0,0.0,0.0,0.25,0.0,0.0,0.0,0.0,0.25,0.75,0.0,0.0,True,Qwen/Qwen2.5-Coder-14B-Instruct-AWQ,None
558@x_name@ASC,Stacked Bar,Extra Hard,13.4221,26.8443,2,0.0,0.0,0.0,0.0,0.0,0.0,0.0,0.0,0.0,0.0,1.0,0.0,0.0,True,Qwen/Qwen2.5-Coder-14B-Instruct-AWQ,None
558@x_name@ASC,Stacked Bar,Extra Hard,13.4221,26.8443,2,0.0,0.0,0.0,0.0,0.0,0.0,0.0,0.0,0.0,0.0,1.0,0.0,0.0,True,Qwen/Qwen2.5-Coder-14B-Instruct-AWQ,None
558@x_name@ASC,Stacked Bar,Extra Hard,13.4221,26.8443,2,0.0,0.0,0.0,0.0,0.0,0.0,0.0,0.0,0.0,0.0,1.0,0.0,0.0,True,Qwen/Qwen2.5-Coder-14B-Instruct-AWQ,None
564@x_name@ASC,Bar,Medium,4.5489,13.6468,3,0.0,0.0,0.0,0.0,0.0,0.3333333333333333,0.0,0.0,0.0,0.3333333333333333,0.6666666666666666,0.0,0.0,False,Qwen/Qwen2.5-Coder-14B-Instruct-AWQ,None
564@x_name@ASC,Bar,Medium,4.5489,13.6468,3,0.0,0.0,0.0,0.0,0.0,0.3333333333333333,0.0,0.0,0.0,0.3333333333333333,0.6666666666666666,0.0,0.0,False,Qwen/Qwen2.5-Coder-14B-Instruct-AWQ,None
564@x_name@ASC,Bar,Medium,4.5489,13.6468,3,0.0,0.0,0.0,0.0,0.0,0.3333333333333333,0.0,0.0,0.0,0.3333333333333333,0.6666666666666666,0.0,0.0,False,Qwen/Qwen2.5-Coder-14B-Instruct-AWQ,None
576@y_name@DESC,Bar,Extra Hard,7.1173,14.2347,2,0.0,0.0,0.0,0.0,0.0,0.0,0.0,0.0,0.0,0.0,1.0,0.0,0.0,True,Qwen/Qwen2.5-Coder-14B-Instruct-AWQ,None
576@y_name@DESC,Bar,Extra Hard,7.1173,14.2347,2,0.0,0.0,0.0,0.0,0.0,0.0,0.0,0.0,0.0,0.0,1.0,0.0,0.0,True,Qwen/Qwen2.5-Coder-14B-Instruct-AWQ,None
576@y_name@DESC,Bar,Extra Hard,7.1173,14.2347,2,0.0,0.0,0.0,0.0,0.0,0.0,0.0,0.0,0.0,0.0,1.0,0.0,0.0,True,Qwen/Qwen2.5-Coder-14B-Instruct-AWQ,None
578@y_name@ASC,Bar,Extra Hard,6.9564,13.9128,2,0.0,0.0,0.0,0.0,0.0,0.0,0.0,0.0,0.0,0.0,1.0,0.0,0.0,True,Qwen/Qwen2.5-Coder-14B-Instruct-AWQ,None
578@y_name@ASC,Bar,Extra Hard,6.9564,13.9128,2,0.0,0.0,0.0,0.0,0.0,0.0,0.0,0.0,0.0,0.0,1.0,0.0,0.0,True,Qwen/Qwen2.5-Coder-14B-Instruct-AWQ,None
578@y_name@ASC,Bar,Extra Hard,6.9564,13.9128,2,0.0,0.0,0.0,0.0,0.0,0.0,0.0,0.0,0.0,0.0,1.0,0.0,0.0,True,Qwen/Qwen2.5-Coder-14B-Instruct-AWQ,None
580@x_name@DESC,Bar,Medium,4.4423,4.4423,1,0.0,0.0,0.0,0.0,0.0,1.0,0.0,0.0,0.0,1.0,0.0,,0.0,False,Qwen/Qwen2.5-Coder-14B-Instruct-AWQ,None
580@x_name@DESC,Bar,Medium,4.4423,4.4423,1,0.0,0.0,0.0,0.0,0.0,1.0,0.0,0.0,0.0,1.0,0.0,,0.0,False,Qwen/Qwen2.5-Coder-14B-Instruct-AWQ,None
580@x_name@DESC,Bar,Medium,4.4423,4.4423,1,0.0,0.0,0.0,0.0,0.0,1.0,0.0,0.0,0.0,1.0,0.0,,0.0,False,Qwen/Qwen2.5-Coder-14B-Instruct-AWQ,None
586@x_name@DESC,Bar,Medium,5.0347,15.1041,3,0.0,0.0,0.0,0.0,0.3333333333333333,0.0,0.0,0.0,0.0,0.3333333333333333,0.6666666666666666,0.0,0.0,False,Qwen/Qwen2.5-Coder-14B-Instruct-AWQ,None
586@x_name@DESC,Bar,Medium,5.0347,15.1041,3,0.0,0.0,0.0,0.0,0.3333333333333333,0.0,0.0,0.0,0.0,0.3333333333333333,0.6666666666666666,0.0,0.0,False,Qwen/Qwen2.5-Coder-14B-Instruct-AWQ,None
586@x_name@DESC,Bar,Medium,5.0347,15.1041,3,0.0,0.0,0.0,0.0,0.3333333333333333,0.0,0.0,0.0,0.0,0.3333333333333333,0.6666666666666666,0.0,0.0,False,Qwen/Qwen2.5-Coder-14B-Instruct-AWQ,None
2156@y_name@DESC,Bar,Extra Hard,7.1178,7.1178,1,0.0,0.0,0.0,0.0,0.0,0.0,0.0,0.0,0.0,0.0,1.0,0.0,0.0,True,Qwen/Qwen2.5-Coder-14B-Instruct-AWQ,None
2156@y_name@DESC,Bar,Extra Hard,7.1178,7.1178,1,0.0,0.0,0.0,0.0,0.0,0.0,0.0,0.0,0.0,0.0,1.0,0.0,0.0,True,Qwen/Qwen2.5-Coder-14B-Instruct-AWQ,None
2156@y_name@DESC,Bar,Extra Hard,7.1178,7.1178,1,0.0,0.0,0.0,0.0,0.0,0.0,0.0,0.0,0.0,0.0,1.0,0.0,0.0,True,Qwen/Qwen2.5-Coder-14B-Instruct-AWQ,None
686@y_name@DESC,Bar,Hard,6.9925,13.9851,2,0.0,0.0,0.0,0.0,0.5,0.0,0.0,0.0,0.0,0.5,0.5,0.0,0.0,True,Qwen/Qwen2.5-Coder-14B-Instruct-AWQ,None
686@y_name@DESC,Bar,Hard,6.9925,13.9851,2,0.0,0.0,0.0,0.0,0.5,0.0,0.0,0.0,0.0,0.5,0.5,0.0,0.0,True,Qwen/Qwen2.5-Coder-14B-Instruct-AWQ,None
686@y_name@DESC,Bar,Hard,6.9925,13.9851,2,0.0,0.0,0.0,0.0,0.5,0.0,0.0,0.0,0.0,0.5,0.5,0.0,0.0,True,Qwen/Qwen2.5-Coder-14B-Instruct-AWQ,None
687@y_name@DESC,Bar,Hard,6.182,6.182,1,0.0,0.0,0.0,0.0,0.0,0.0,0.0,0.0,0.0,0.0,1.0,0.0,0.0,True,Qwen/Qwen2.5-Coder-14B-Instruct-AWQ,None
687@y_name@DESC,Bar,Hard,6.182,6.182,1,0.0,0.0,0.0,0.0,0.0,0.0,0.0,0.0,0.0,0.0,1.0,0.0,0.0,True,Qwen/Qwen2.5-Coder-14B-Instruct-AWQ,None
687@y_name@DESC,Bar,Hard,6.182,6.182,1,0.0,0.0,0.0,0.0,0.0,0.0,0.0,0.0,0.0,0.0,1.0,0.0,0.0,True,Qwen/Qwen2.5-Coder-14B-Instruct-AWQ,None
172@y_name@ASC,Bar,Medium,3.9237,7.8475,2,0.0,0.0,0.0,0.0,0.0,0.0,0.0,0.0,0.0,0.0,1.0,0.0,0.0,False,Qwen/Qwen2.5-Coder-14B-Instruct-AWQ,None
172@y_name@ASC,Bar,Medium,3.9237,7.8475,2,0.0,0.0,0.0,0.0,0.0,0.0,0.0,0.0,0.0,0.0,1.0,0.0,0.0,False,Qwen/Qwen2.5-Coder-14B-Instruct-AWQ,None
172@y_name@ASC,Bar,Medium,3.9237,7.8475,2,0.0,0.0,0.0,0.0,0.0,0.0,0.0,0.0,0.0,0.0,1.0,0.0,0.0,False,Qwen/Qwen2.5-Coder-14B-Instruct-AWQ,None
1210@y_name@ASC,Bar,Medium,4.784,9.568,2,0.0,0.0,0.0,0.0,0.0,0.0,0.0,0.0,0.0,0.0,1.0,0.0,0.0,False,Qwen/Qwen2.5-Coder-14B-Instruct-AWQ,None
1210@y_name@ASC,Bar,Medium,4.784,9.568,2,0.0,0.0,0.0,0.0,0.0,0.0,0.0,0.0,0.0,0.0,1.0,0.0,0.0,False,Qwen/Qwen2.5-Coder-14B-Instruct-AWQ,None
1210@y_name@ASC,Bar,Medium,4.784,9.568,2,0.0,0.0,0.0,0.0,0.0,0.0,0.0,0.0,0.0,0.0,1.0,0.0,0.0,False,Qwen/Qwen2.5-Coder-14B-Instruct-AWQ,None
1215@y_name@DESC,Bar,Hard,5.1102,5.1102,1,0.0,0.0,0.0,0.0,0.0,0.0,0.0,0.0,0.0,0.0,1.0,0.0,0.0,False,Qwen/Qwen2.5-Coder-14B-Instruct-AWQ,None
1215@y_name@DESC,Bar,Hard,5.1102,5.1102,1,0.0,0.0,0.0,0.0,0.0,0.0,0.0,0.0,0.0,0.0,1.0,0.0,0.0,False,Qwen/Qwen2.5-Coder-14B-Instruct-AWQ,None
1215@y_name@DESC,Bar,Hard,5.1102,5.1102,1,0.0,0.0,0.0,0.0,0.0,0.0,0.0,0.0,0.0,0.0,1.0,0.0,0.0,False,Qwen/Qwen2.5-Coder-14B-Instruct-AWQ,None
1217@x_name@DESC,Bar,Extra Hard,8.2036,16.4073,2,0.0,0.0,0.0,0.0,0.0,1.0,0.0,0.0,0.0,1.0,0.0,,0.0,True,Qwen/Qwen2.5-Coder-14B-Instruct-AWQ,None
1217@x_name@DESC,Bar,Extra Hard,8.2036,16.4073,2,0.0,0.0,0.0,0.0,0.0,1.0,0.0,0.0,0.0,1.0,0.0,,0.0,True,Qwen/Qwen2.5-Coder-14B-Instruct-AWQ,None
1217@x_name@DESC,Bar,Extra Hard,8.2036,16.4073,2,0.0,0.0,0.0,0.0,0.0,1.0,0.0,0.0,0.0,1.0,0.0,,0.0,True,Qwen/Qwen2.5-Coder-14B-Instruct-AWQ,None
1220@x_name@DESC,Bar,Hard,5.7572,5.7572,1,0.0,0.0,0.0,0.0,0.0,1.0,0.0,0.0,0.0,1.0,0.0,,0.0,False,Qwen/Qwen2.5-Coder-14B-Instruct-AWQ,None
1220@x_name@DESC,Bar,Hard,5.7572,5.7572,1,0.0,0.0,0.0,0.0,0.0,1.0,0.0,0.0,0.0,1.0,0.0,,0.0,False,Qwen/Qwen2.5-Coder-14B-Instruct-AWQ,None
1220@x_name@DESC,Bar,Hard,5.7572,5.7572,1,0.0,0.0,0.0,0.0,0.0,1.0,0.0,0.0,0.0,1.0,0.0,,0.0,False,Qwen/Qwen2.5-Coder-14B-Instruct-AWQ,None
1222@y_name@DESC,Bar,Hard,6.769,20.307,3,0.0,0.0,0.0,0.0,1.0,0.0,0.0,0.0,0.0,1.0,0.0,,0.0,True,Qwen/Qwen2.5-Coder-14B-Instruct-AWQ,None
1222@y_name@DESC,Bar,Hard,6.769,20.307,3,0.0,0.0,0.0,0.0,1.0,0.0,0.0,0.0,0.0,1.0,0.0,,0.0,True,Qwen/Qwen2.5-Coder-14B-Instruct-AWQ,None
1222@y_name@DESC,Bar,Hard,6.769,20.307,3,0.0,0.0,0.0,0.0,1.0,0.0,0.0,0.0,0.0,1.0,0.0,,0.0,True,Qwen/Qwen2.5-Coder-14B-Instruct-AWQ,None
1224@y_name@DESC,Bar,Extra Hard,7.8182,31.2728,4,0.0,0.0,0.0,0.0,0.25,0.0,0.0,0.0,0.0,0.25,0.75,0.0,0.0,True,Qwen/Qwen2.5-Coder-14B-Instruct-AWQ,None
1224@y_name@DESC,Bar,Extra Hard,7.8182,31.2728,4,0.0,0.0,0.0,0.0,0.25,0.0,0.0,0.0,0.0,0.25,0.75,0.0,0.0,True,Qwen/Qwen2.5-Coder-14B-Instruct-AWQ,None
1224@y_name@DESC,Bar,Extra Hard,7.8182,31.2728,4,0.0,0.0,0.0,0.0,0.25,0.0,0.0,0.0,0.0,0.25,0.75,0.0,0.0,True,Qwen/Qwen2.5-Coder-14B-Instruct-AWQ,None
1225@y_name@DESC,Bar,Hard,4.8777,4.8777,1,0.0,0.0,0.0,0.0,0.0,0.0,0.0,0.0,0.0,0.0,1.0,0.0,0.0,False,Qwen/Qwen2.5-Coder-14B-Instruct-AWQ,None
1225@y_name@DESC,Bar,Hard,4.8777,4.8777,1,0.0,0.0,0.0,0.0,0.0,0.0,0.0,0.0,0.0,0.0,1.0,0.0,0.0,False,Qwen/Qwen2.5-Coder-14B-Instruct-AWQ,None
1225@y_name@DESC,Bar,Hard,4.8777,4.8777,1,0.0,0.0,0.0,0.0,0.0,0.0,0.0,0.0,0.0,0.0,1.0,0.0,0.0,False,Qwen/Qwen2.5-Coder-14B-Instruct-AWQ,None
1226@y_name@DESC,Bar,Hard,5.0475,5.0475,1,0.0,0.0,0.0,0.0,0.0,0.0,0.0,0.0,0.0,0.0,1.0,0.0,0.0,False,Qwen/Qwen2.5-Coder-14B-Instruct-AWQ,None
1226@y_name@DESC,Bar,Hard,5.0475,5.0475,1,0.0,0.0,0.0,0.0,0.0,0.0,0.0,0.0,0.0,0.0,1.0,0.0,0.0,False,Qwen/Qwen2.5-Coder-14B-Instruct-AWQ,None
1226@y_name@DESC,Bar,Hard,5.0475,5.0475,1,0.0,0.0,0.0,0.0,0.0,0.0,0.0,0.0,0.0,0.0,1.0,0.0,0.0,False,Qwen/Qwen2.5-Coder-14B-Instruct-AWQ,None
1227@x_name@DESC,Bar,Extra Hard,8.1392,8.1392,1,0.0,0.0,0.0,0.0,0.0,0.0,0.0,0.0,0.0,0.0,1.0,0.0,0.0,True,Qwen/Qwen2.5-Coder-14B-Instruct-AWQ,None
1227@x_name@DESC,Bar,Extra Hard,8.1392,8.1392,1,0.0,0.0,0.0,0.0,0.0,0.0,0.0,0.0,0.0,0.0,1.0,0.0,0.0,True,Qwen/Qwen2.5-Coder-14B-Instruct-AWQ,None
1227@x_name@DESC,Bar,Extra Hard,8.1392,8.1392,1,0.0,0.0,0.0,0.0,0.0,0.0,0.0,0.0,0.0,0.0,1.0,0.0,0.0,True,Qwen/Qwen2.5-Coder-14B-Instruct-AWQ,None
1235@x_name@DESC,Bar,Medium,4.4438,4.4438,1,0.0,0.0,0.0,0.0,0.0,0.0,0.0,0.0,0.0,0.0,1.0,0.0,0.0,False,Qwen/Qwen2.5-Coder-14B-Instruct-AWQ,None
1235@x_name@DESC,Bar,Medium,4.4438,4.4438,1,0.0,0.0,0.0,0.0,0.0,0.0,0.0,0.0,0.0,0.0,1.0,0.0,0.0,False,Qwen/Qwen2.5-Coder-14B-Instruct-AWQ,None
1235@x_name@DESC,Bar,Medium,4.4438,4.4438,1,0.0,0.0,0.0,0.0,0.0,0.0,0.0,0.0,0.0,0.0,1.0,0.0,0.0,False,Qwen/Qwen2.5-Coder-14B-Instruct-AWQ,None
1237@y_name@ASC,Bar,Medium,5.2542,15.7627,3,0.0,0.0,0.0,0.0,0.0,0.0,0.0,0.0,0.0,0.0,1.0,0.0,0.0,False,Qwen/Qwen2.5-Coder-14B-Instruct-AWQ,None
1237@y_name@ASC,Bar,Medium,5.2542,15.7627,3,0.0,0.0,0.0,0.0,0.0,0.0,0.0,0.0,0.0,0.0,1.0,0.0,0.0,False,Qwen/Qwen2.5-Coder-14B-Instruct-AWQ,None
1237@y_name@ASC,Bar,Medium,5.2542,15.7627,3,0.0,0.0,0.0,0.0,0.0,0.0,0.0,0.0,0.0,0.0,1.0,0.0,0.0,False,Qwen/Qwen2.5-Coder-14B-Instruct-AWQ,None
1238@x_name@ASC,Bar,Easy,5.336,10.672,2,0.0,0.0,0.0,0.0,0.0,0.0,0.0,0.0,0.0,0.0,1.0,0.0,0.0,False,Qwen/Qwen2.5-Coder-14B-Instruct-AWQ,None
1238@x_name@ASC,Bar,Easy,5.336,10.672,2,0.0,0.0,0.0,0.0,0.0,0.0,0.0,0.0,0.0,0.0,1.0,0.0,0.0,False,Qwen/Qwen2.5-Coder-14B-Instruct-AWQ,None
1238@x_name@ASC,Bar,Easy,5.336,10.672,2,0.0,0.0,0.0,0.0,0.0,0.0,0.0,0.0,0.0,0.0,1.0,0.0,0.0,False,Qwen/Qwen2.5-Coder-14B-Instruct-AWQ,None
2610@y_name@ASC,Bar,Medium,4.5831,4.5831,1,0.0,0.0,0.0,0.0,0.0,0.0,0.0,0.0,0.0,0.0,1.0,0.0,0.0,False,Qwen/Qwen2.5-Coder-14B-Instruct-AWQ,None
2610@y_name@ASC,Bar,Medium,4.5831,4.5831,1,0.0,0.0,0.0,0.0,0.0,0.0,0.0,0.0,0.0,0.0,1.0,0.0,0.0,False,Qwen/Qwen2.5-Coder-14B-Instruct-AWQ,None
2610@y_name@ASC,Bar,Medium,4.5831,4.5831,1,0.0,0.0,0.0,0.0,0.0,0.0,0.0,0.0,0.0,0.0,1.0,0.0,0.0,False,Qwen/Qwen2.5-Coder-14B-Instruct-AWQ,None
2614@x_name@DESC,Bar,Hard,6.4049,6.4049,1,0.0,0.0,0.0,0.0,0.0,1.0,0.0,0.0,0.0,1.0,0.0,,0.0,True,Qwen/Qwen2.5-Coder-14B-Instruct-AWQ,None
2614@x_name@DESC,Bar,Hard,6.4049,6.4049,1,0.0,0.0,0.0,0.0,0.0,1.0,0.0,0.0,0.0,1.0,0.0,,0.0,True,Qwen/Qwen2.5-Coder-14B-Instruct-AWQ,None
2614@x_name@DESC,Bar,Hard,6.4049,6.4049,1,0.0,0.0,0.0,0.0,0.0,1.0,0.0,0.0,0.0,1.0,0.0,,0.0,True,Qwen/Qwen2.5-Coder-14B-Instruct-AWQ,None
2771@x_name@ASC,Bar,Hard,7.8269,7.8269,1,0.0,0.0,0.0,0.0,0.0,0.0,0.0,0.0,0.0,0.0,1.0,0.0,0.0,True,Qwen/Qwen2.5-Coder-14B-Instruct-AWQ,None
2771@x_name@ASC,Bar,Hard,7.8269,7.8269,1,0.0,0.0,0.0,0.0,0.0,0.0,0.0,0.0,0.0,0.0,1.0,0.0,0.0,True,Qwen/Qwen2.5-Coder-14B-Instruct-AWQ,None
2771@x_name@ASC,Bar,Hard,7.8269,7.8269,1,0.0,0.0,0.0,0.0,0.0,0.0,0.0,0.0,0.0,0.0,1.0,0.0,0.0,True,Qwen/Qwen2.5-Coder-14B-Instruct-AWQ,None
2772@y_name@ASC,Bar,Hard,5.7523,5.7523,1,0.0,0.0,0.0,0.0,0.0,0.0,0.0,0.0,0.0,0.0,1.0,0.0,0.0,True,Qwen/Qwen2.5-Coder-14B-Instruct-AWQ,None
2772@y_name@ASC,Bar,Hard,5.7523,5.7523,1,0.0,0.0,0.0,0.0,0.0,0.0,0.0,0.0,0.0,0.0,1.0,0.0,0.0,True,Qwen/Qwen2.5-Coder-14B-Instruct-AWQ,None
2772@y_name@ASC,Bar,Hard,5.7523,5.7523,1,0.0,0.0,0.0,0.0,0.0,0.0,0.0,0.0,0.0,0.0,1.0,0.0,0.0,True,Qwen/Qwen2.5-Coder-14B-Instruct-AWQ,None
2774@x_name@ASC,Bar,Medium,3.9059,7.8119,2,0.0,0.0,0.0,0.0,0.0,0.0,0.0,0.0,0.0,0.0,1.0,0.0,0.0,False,Qwen/Qwen2.5-Coder-14B-Instruct-AWQ,None
2774@x_name@ASC,Bar,Medium,3.9059,7.8119,2,0.0,0.0,0.0,0.0,0.0,0.0,0.0,0.0,0.0,0.0,1.0,0.0,0.0,False,Qwen/Qwen2.5-Coder-14B-Instruct-AWQ,None
2774@x_name@ASC,Bar,Medium,3.9059,7.8119,2,0.0,0.0,0.0,0.0,0.0,0.0,0.0,0.0,0.0,0.0,1.0,0.0,0.0,False,Qwen/Qwen2.5-Coder-14B-Instruct-AWQ,None
435@x_name@DESC,Bar,Medium,6.071,12.1419,2,0.0,0.0,0.0,0.0,0.5,0.0,0.0,0.0,0.0,0.5,0.5,0.0,0.0,False,Qwen/Qwen2.5-Coder-14B-Instruct-AWQ,None
435@x_name@DESC,Bar,Medium,6.071,12.1419,2,0.0,0.0,0.0,0.0,0.5,0.0,0.0,0.0,0.0,0.5,0.5,0.0,0.0,False,Qwen/Qwen2.5-Coder-14B-Instruct-AWQ,None
435@x_name@DESC,Bar,Medium,6.071,12.1419,2,0.0,0.0,0.0,0.0,0.5,0.0,0.0,0.0,0.0,0.5,0.5,0.0,0.0,False,Qwen/Qwen2.5-Coder-14B-Instruct-AWQ,None
279@y_name@DESC,Bar,Hard,5.4357,5.4357,1,0.0,0.0,0.0,0.0,0.0,0.0,0.0,0.0,0.0,0.0,1.0,0.0,0.0,False,Qwen/Qwen2.5-Coder-14B-Instruct-AWQ,None
279@y_name@DESC,Bar,Hard,5.4357,5.4357,1,0.0,0.0,0.0,0.0,0.0,0.0,0.0,0.0,0.0,0.0,1.0,0.0,0.0,False,Qwen/Qwen2.5-Coder-14B-Instruct-AWQ,None
279@y_name@DESC,Bar,Hard,5.4357,5.4357,1,0.0,0.0,0.0,0.0,0.0,0.0,0.0,0.0,0.0,0.0,1.0,0.0,0.0,False,Qwen/Qwen2.5-Coder-14B-Instruct-AWQ,None
3267@y_name@ASC,Bar,Hard,4.9594,9.9187,2,0.0,0.0,0.0,0.0,0.0,0.0,0.0,0.0,0.0,0.0,1.0,0.0,0.0,False,Qwen/Qwen2.5-Coder-14B-Instruct-AWQ,None
3267@y_name@ASC,Bar,Hard,4.9594,9.9187,2,0.0,0.0,0.0,0.0,0.0,0.0,0.0,0.0,0.0,0.0,1.0,0.0,0.0,False,Qwen/Qwen2.5-Coder-14B-Instruct-AWQ,None
3267@y_name@ASC,Bar,Hard,4.9594,9.9187,2,0.0,0.0,0.0,0.0,0.0,0.0,0.0,0.0,0.0,0.0,1.0,0.0,0.0,False,Qwen/Qwen2.5-Coder-14B-Instruct-AWQ,None
3269@y_name@ASC,Bar,Medium,3.747,3.747,1,0.0,0.0,0.0,0.0,0.0,1.0,0.0,0.0,0.0,1.0,0.0,,0.0,False,Qwen/Qwen2.5-Coder-14B-Instruct-AWQ,None
3269@y_name@ASC,Bar,Medium,3.747,3.747,1,0.0,0.0,0.0,0.0,0.0,1.0,0.0,0.0,0.0,1.0,0.0,,0.0,False,Qwen/Qwen2.5-Coder-14B-Instruct-AWQ,None
3269@y_name@ASC,Bar,Medium,3.747,3.747,1,0.0,0.0,0.0,0.0,0.0,1.0,0.0,0.0,0.0,1.0,0.0,,0.0,False,Qwen/Qwen2.5-Coder-14B-Instruct-AWQ,None
3071@y_name@ASC,Bar,Medium,4.5365,22.6826,5,0.0,0.0,0.0,0.0,0.0,0.0,0.0,0.0,0.0,0.0,1.0,0.0,0.0,False,Qwen/Qwen2.5-Coder-14B-Instruct-AWQ,None
3071@y_name@ASC,Bar,Medium,4.5365,22.6826,5,0.0,0.0,0.0,0.0,0.0,0.0,0.0,0.0,0.0,0.0,1.0,0.0,0.0,False,Qwen/Qwen2.5-Coder-14B-Instruct-AWQ,None
3071@y_name@ASC,Bar,Medium,4.5365,22.6826,5,0.0,0.0,0.0,0.0,0.0,0.0,0.0,0.0,0.0,0.0,1.0,0.0,0.0,False,Qwen/Qwen2.5-Coder-14B-Instruct-AWQ,None
3123@x_name@DESC,Bar,Medium,3.5253,10.576,3,0.0,0.0,0.0,0.0,0.0,0.6666666666666666,0.0,0.0,0.0,0.6666666666666666,0.3333333333333333,0.0,0.0,False,Qwen/Qwen2.5-Coder-14B-Instruct-AWQ,None
3123@x_name@DESC,Bar,Medium,3.5253,10.576,3,0.0,0.0,0.0,0.0,0.0,0.6666666666666666,0.0,0.0,0.0,0.6666666666666666,0.3333333333333333,0.0,0.0,False,Qwen/Qwen2.5-Coder-14B-Instruct-AWQ,None
3123@x_name@DESC,Bar,Medium,3.5253,10.576,3,0.0,0.0,0.0,0.0,0.0,0.6666666666666666,0.0,0.0,0.0,0.6666666666666666,0.3333333333333333,0.0,0.0,False,Qwen/Qwen2.5-Coder-14B-Instruct-AWQ,None
3124@x_name@ASC,Bar,Medium,3.8177,11.4531,3,0.0,0.0,0.0,0.0,0.0,0.0,0.0,0.0,0.0,0.0,1.0,0.0,0.0,False,Qwen/Qwen2.5-Coder-14B-Instruct-AWQ,None
3124@x_name@ASC,Bar,Medium,3.8177,11.4531,3,0.0,0.0,0.0,0.0,0.0,0.0,0.0,0.0,0.0,0.0,1.0,0.0,0.0,False,Qwen/Qwen2.5-Coder-14B-Instruct-AWQ,None
3124@x_name@ASC,Bar,Medium,3.8177,11.4531,3,0.0,0.0,0.0,0.0,0.0,0.0,0.0,0.0,0.0,0.0,1.0,0.0,0.0,False,Qwen/Qwen2.5-Coder-14B-Instruct-AWQ,None
3134@y_name@ASC,Bar,Easy,4.0924,20.4619,5,0.0,0.0,0.0,0.0,0.0,0.0,0.0,0.0,0.0,0.0,1.0,0.0,0.0,False,Qwen/Qwen2.5-Coder-14B-Instruct-AWQ,None
3134@y_name@ASC,Bar,Easy,4.0924,20.4619,5,0.0,0.0,0.0,0.0,0.0,0.0,0.0,0.0,0.0,0.0,1.0,0.0,0.0,False,Qwen/Qwen2.5-Coder-14B-Instruct-AWQ,None
3134@y_name@ASC,Bar,Easy,4.0924,20.4619,5,0.0,0.0,0.0,0.0,0.0,0.0,0.0,0.0,0.0,0.0,1.0,0.0,0.0,False,Qwen/Qwen2.5-Coder-14B-Instruct-AWQ,None
3135@y_name@ASC,Bar,Easy,4.4799,13.4396,3,0.0,0.0,0.0,0.0,0.3333333333333333,0.0,0.0,0.0,0.0,0.3333333333333333,0.6666666666666666,0.0,0.0,False,Qwen/Qwen2.5-Coder-14B-Instruct-AWQ,None
3135@y_name@ASC,Bar,Easy,4.4799,13.4396,3,0.0,0.0,0.0,0.0,0.3333333333333333,0.0,0.0,0.0,0.0,0.3333333333333333,0.6666666666666666,0.0,0.0,False,Qwen/Qwen2.5-Coder-14B-Instruct-AWQ,None
3135@y_name@ASC,Bar,Easy,4.4799,13.4396,3,0.0,0.0,0.0,0.0,0.3333333333333333,0.0,0.0,0.0,0.0,0.3333333333333333,0.6666666666666666,0.0,0.0,False,Qwen/Qwen2.5-Coder-14B-Instruct-AWQ,None
3137@y_name@DESC,Bar,Easy,5.076,25.3801,5,0.0,0.0,0.0,0.0,0.4,0.0,0.0,0.0,0.0,0.4,0.6,0.0,0.0,False,Qwen/Qwen2.5-Coder-14B-Instruct-AWQ,None
3137@y_name@DESC,Bar,Easy,5.076,25.3801,5,0.0,0.0,0.0,0.0,0.4,0.0,0.0,0.0,0.0,0.4,0.6,0.0,0.0,False,Qwen/Qwen2.5-Coder-14B-Instruct-AWQ,None
3137@y_name@DESC,Bar,Easy,5.076,25.3801,5,0.0,0.0,0.0,0.0,0.4,0.0,0.0,0.0,0.0,0.4,0.6,0.0,0.0,False,Qwen/Qwen2.5-Coder-14B-Instruct-AWQ,None
3138@x_name@ASC,Bar,Easy,4.3332,17.3329,4,0.0,0.0,0.0,0.0,0.0,0.0,0.0,0.0,0.0,0.0,1.0,0.0,0.0,False,Qwen/Qwen2.5-Coder-14B-Instruct-AWQ,None
3138@x_name@ASC,Bar,Easy,4.3332,17.3329,4,0.0,0.0,0.0,0.0,0.0,0.0,0.0,0.0,0.0,0.0,1.0,0.0,0.0,False,Qwen/Qwen2.5-Coder-14B-Instruct-AWQ,None
3138@x_name@ASC,Bar,Easy,4.3332,17.3329,4,0.0,0.0,0.0,0.0,0.0,0.0,0.0,0.0,0.0,0.0,1.0,0.0,0.0,False,Qwen/Qwen2.5-Coder-14B-Instruct-AWQ,None
3140@x_name@ASC,Bar,Easy,4.46,17.8401,4,0.0,0.0,0.0,0.0,0.25,0.0,0.0,0.0,0.0,0.25,0.75,0.0,0.0,False,Qwen/Qwen2.5-Coder-14B-Instruct-AWQ,None
3140@x_name@ASC,Bar,Easy,4.46,17.8401,4,0.0,0.0,0.0,0.0,0.25,0.0,0.0,0.0,0.0,0.25,0.75,0.0,0.0,False,Qwen/Qwen2.5-Coder-14B-Instruct-AWQ,None
3140@x_name@ASC,Bar,Easy,4.46,17.8401,4,0.0,0.0,0.0,0.0,0.25,0.0,0.0,0.0,0.0,0.25,0.75,0.0,0.0,False,Qwen/Qwen2.5-Coder-14B-Instruct-AWQ,None
3141@y_name@ASC,Bar,Easy,4.1207,12.3622,3,0.0,0.0,0.0,0.0,0.3333333333333333,0.0,0.0,0.0,0.0,0.3333333333333333,0.6666666666666666,0.0,0.0,False,Qwen/Qwen2.5-Coder-14B-Instruct-AWQ,None
3141@y_name@ASC,Bar,Easy,4.1207,12.3622,3,0.0,0.0,0.0,0.0,0.3333333333333333,0.0,0.0,0.0,0.0,0.3333333333333333,0.6666666666666666,0.0,0.0,False,Qwen/Qwen2.5-Coder-14B-Instruct-AWQ,None
3141@y_name@ASC,Bar,Easy,4.1207,12.3622,3,0.0,0.0,0.0,0.0,0.3333333333333333,0.0,0.0,0.0,0.0,0.3333333333333333,0.6666666666666666,0.0,0.0,False,Qwen/Qwen2.5-Coder-14B-Instruct-AWQ,None
3144@x_name@DESC,Bar,Easy,4.6303,4.6303,1,0.0,0.0,0.0,0.0,0.0,0.0,0.0,0.0,0.0,0.0,1.0,0.0,0.0,False,Qwen/Qwen2.5-Coder-14B-Instruct-AWQ,None
3144@x_name@DESC,Bar,Easy,4.6303,4.6303,1,0.0,0.0,0.0,0.0,0.0,0.0,0.0,0.0,0.0,0.0,1.0,0.0,0.0,False,Qwen/Qwen2.5-Coder-14B-Instruct-AWQ,None
3144@x_name@DESC,Bar,Easy,4.6303,4.6303,1,0.0,0.0,0.0,0.0,0.0,0.0,0.0,0.0,0.0,0.0,1.0,0.0,0.0,False,Qwen/Qwen2.5-Coder-14B-Instruct-AWQ,None
3146@x_name@DESC,Bar,Easy,4.2174,12.6522,3,0.0,0.0,0.0,0.0,0.3333333333333333,0.0,0.0,0.0,0.0,0.3333333333333333,0.6666666666666666,0.0,0.0,False,Qwen/Qwen2.5-Coder-14B-Instruct-AWQ,None
3146@x_name@DESC,Bar,Easy,4.2174,12.6522,3,0.0,0.0,0.0,0.0,0.3333333333333333,0.0,0.0,0.0,0.0,0.3333333333333333,0.6666666666666666,0.0,0.0,False,Qwen/Qwen2.5-Coder-14B-Instruct-AWQ,None
3146@x_name@DESC,Bar,Easy,4.2174,12.6522,3,0.0,0.0,0.0,0.0,0.3333333333333333,0.0,0.0,0.0,0.0,0.3333333333333333,0.6666666666666666,0.0,0.0,False,Qwen/Qwen2.5-Coder-14B-Instruct-AWQ,None
2349@y_name@ASC,Bar,Medium,3.97,3.97,1,0.0,0.0,0.0,0.0,0.0,0.0,0.0,0.0,0.0,0.0,1.0,0.0,0.0,False,Qwen/Qwen2.5-Coder-14B-Instruct-AWQ,None
2349@y_name@ASC,Bar,Medium,3.97,3.97,1,0.0,0.0,0.0,0.0,0.0,0.0,0.0,0.0,0.0,0.0,1.0,0.0,0.0,False,Qwen/Qwen2.5-Coder-14B-Instruct-AWQ,None
2349@y_name@ASC,Bar,Medium,3.97,3.97,1,0.0,0.0,0.0,0.0,0.0,0.0,0.0,0.0,0.0,0.0,1.0,0.0,0.0,False,Qwen/Qwen2.5-Coder-14B-Instruct-AWQ,None
2596@x_name@ASC,Bar,Extra Hard,5.6764,5.6764,1,0.0,0.0,0.0,0.0,0.0,0.0,0.0,0.0,0.0,0.0,1.0,0.0,0.0,True,Qwen/Qwen2.5-Coder-14B-Instruct-AWQ,None
2596@x_name@ASC,Bar,Extra Hard,5.6764,5.6764,1,0.0,0.0,0.0,0.0,0.0,0.0,0.0,0.0,0.0,0.0,1.0,0.0,0.0,True,Qwen/Qwen2.5-Coder-14B-Instruct-AWQ,None
2596@x_name@ASC,Bar,Extra Hard,5.6764,5.6764,1,0.0,0.0,0.0,0.0,0.0,0.0,0.0,0.0,0.0,0.0,1.0,0.0,0.0,True,Qwen/Qwen2.5-Coder-14B-Instruct-AWQ,None
2600@y_name@ASC,Stacked Bar,Extra Hard,22.0787,22.0787,1,1.0,0.0,0.0,0.0,0.0,0.0,0.0,0.0,1.0,0.0,0.0,,0.0,True,Qwen/Qwen2.5-Coder-14B-Instruct-AWQ,None
2600@y_name@ASC,Stacked Bar,Extra Hard,22.0787,22.0787,1,1.0,0.0,0.0,0.0,0.0,0.0,0.0,0.0,1.0,0.0,0.0,,0.0,True,Qwen/Qwen2.5-Coder-14B-Instruct-AWQ,None
2600@y_name@ASC,Stacked Bar,Extra Hard,22.0787,22.0787,1,1.0,0.0,0.0,0.0,0.0,0.0,0.0,0.0,1.0,0.0,0.0,,0.0,True,Qwen/Qwen2.5-Coder-14B-Instruct-AWQ,None
2602@y_name@DESC,Bar,Medium,4.1183,4.1183,1,0.0,0.0,0.0,0.0,1.0,0.0,0.0,0.0,0.0,1.0,0.0,,0.0,False,Qwen/Qwen2.5-Coder-14B-Instruct-AWQ,None
2602@y_name@DESC,Bar,Medium,4.1183,4.1183,1,0.0,0.0,0.0,0.0,1.0,0.0,0.0,0.0,0.0,1.0,0.0,,0.0,False,Qwen/Qwen2.5-Coder-14B-Instruct-AWQ,None
2602@y_name@DESC,Bar,Medium,4.1183,4.1183,1,0.0,0.0,0.0,0.0,1.0,0.0,0.0,0.0,0.0,1.0,0.0,,0.0,False,Qwen/Qwen2.5-Coder-14B-Instruct-AWQ,None
2607@x_name@DESC,Bar,Medium,5.3628,5.3628,1,0.0,0.0,0.0,0.0,0.0,1.0,0.0,0.0,0.0,1.0,0.0,,0.0,False,Qwen/Qwen2.5-Coder-14B-Instruct-AWQ,None
2607@x_name@DESC,Bar,Medium,5.3628,5.3628,1,0.0,0.0,0.0,0.0,0.0,1.0,0.0,0.0,0.0,1.0,0.0,,0.0,False,Qwen/Qwen2.5-Coder-14B-Instruct-AWQ,None
2607@x_name@DESC,Bar,Medium,5.3628,5.3628,1,0.0,0.0,0.0,0.0,0.0,1.0,0.0,0.0,0.0,1.0,0.0,,0.0,False,Qwen/Qwen2.5-Coder-14B-Instruct-AWQ,None
2902@x_name@DESC,Bar,Medium,3.2814,3.2814,1,0.0,0.0,0.0,0.0,0.0,1.0,0.0,0.0,0.0,1.0,0.0,,0.0,False,Qwen/Qwen2.5-Coder-14B-Instruct-AWQ,None
2902@x_name@DESC,Bar,Medium,3.2814,3.2814,1,0.0,0.0,0.0,0.0,0.0,1.0,0.0,0.0,0.0,1.0,0.0,,0.0,False,Qwen/Qwen2.5-Coder-14B-Instruct-AWQ,None
2902@x_name@DESC,Bar,Medium,3.2814,3.2814,1,0.0,0.0,0.0,0.0,0.0,1.0,0.0,0.0,0.0,1.0,0.0,,0.0,False,Qwen/Qwen2.5-Coder-14B-Instruct-AWQ,None
1399@x_name@ASC,Bar,Medium,5.7009,5.7009,1,0.0,0.0,0.0,0.0,0.0,0.0,0.0,0.0,0.0,0.0,1.0,0.0,0.0,False,Qwen/Qwen2.5-Coder-14B-Instruct-AWQ,None
1399@x_name@ASC,Bar,Medium,5.7009,5.7009,1,0.0,0.0,0.0,0.0,0.0,0.0,0.0,0.0,0.0,0.0,1.0,0.0,0.0,False,Qwen/Qwen2.5-Coder-14B-Instruct-AWQ,None
1399@x_name@ASC,Bar,Medium,5.7009,5.7009,1,0.0,0.0,0.0,0.0,0.0,0.0,0.0,0.0,0.0,0.0,1.0,0.0,0.0,False,Qwen/Qwen2.5-Coder-14B-Instruct-AWQ,None
2933@x_name@DESC,Bar,Hard,5.9461,5.9461,1,0.0,0.0,0.0,0.0,0.0,1.0,0.0,0.0,0.0,1.0,0.0,,0.0,True,Qwen/Qwen2.5-Coder-14B-Instruct-AWQ,None
2933@x_name@DESC,Bar,Hard,5.9461,5.9461,1,0.0,0.0,0.0,0.0,0.0,1.0,0.0,0.0,0.0,1.0,0.0,,0.0,True,Qwen/Qwen2.5-Coder-14B-Instruct-AWQ,None
2933@x_name@DESC,Bar,Hard,5.9461,5.9461,1,0.0,0.0,0.0,0.0,0.0,1.0,0.0,0.0,0.0,1.0,0.0,,0.0,True,Qwen/Qwen2.5-Coder-14B-Instruct-AWQ,None
2935@x_name@ASC,Bar,Hard,6.8569,6.8569,1,0.0,0.0,0.0,0.0,0.0,0.0,0.0,0.0,0.0,0.0,1.0,0.0,0.0,True,Qwen/Qwen2.5-Coder-14B-Instruct-AWQ,None
2935@x_name@ASC,Bar,Hard,6.8569,6.8569,1,0.0,0.0,0.0,0.0,0.0,0.0,0.0,0.0,0.0,0.0,1.0,0.0,0.0,True,Qwen/Qwen2.5-Coder-14B-Instruct-AWQ,None
2935@x_name@ASC,Bar,Hard,6.8569,6.8569,1,0.0,0.0,0.0,0.0,0.0,0.0,0.0,0.0,0.0,0.0,1.0,0.0,0.0,True,Qwen/Qwen2.5-Coder-14B-Instruct-AWQ,None
2943@y_name@ASC,Bar,Medium,3.5388,3.5388,1,0.0,0.0,0.0,0.0,0.0,0.0,0.0,0.0,0.0,0.0,1.0,0.0,0.0,False,Qwen/Qwen2.5-Coder-14B-Instruct-AWQ,None
2943@y_name@ASC,Bar,Medium,3.5388,3.5388,1,0.0,0.0,0.0,0.0,0.0,0.0,0.0,0.0,0.0,0.0,1.0,0.0,0.0,False,Qwen/Qwen2.5-Coder-14B-Instruct-AWQ,None
2943@y_name@ASC,Bar,Medium,3.5388,3.5388,1,0.0,0.0,0.0,0.0,0.0,0.0,0.0,0.0,0.0,0.0,1.0,0.0,0.0,False,Qwen/Qwen2.5-Coder-14B-Instruct-AWQ,None
2944@y_name@ASC,Bar,Easy,3.5017,3.5017,1,0.0,0.0,0.0,0.0,0.0,0.0,0.0,0.0,0.0,0.0,1.0,0.0,0.0,False,Qwen/Qwen2.5-Coder-14B-Instruct-AWQ,None
2944@y_name@ASC,Bar,Easy,3.5017,3.5017,1,0.0,0.0,0.0,0.0,0.0,0.0,0.0,0.0,0.0,0.0,1.0,0.0,0.0,False,Qwen/Qwen2.5-Coder-14B-Instruct-AWQ,None
2944@y_name@ASC,Bar,Easy,3.5017,3.5017,1,0.0,0.0,0.0,0.0,0.0,0.0,0.0,0.0,0.0,0.0,1.0,0.0,0.0,False,Qwen/Qwen2.5-Coder-14B-Instruct-AWQ,None
2950@y_name@ASC,Bar,Hard,4.3632,4.3632,1,0.0,0.0,0.0,0.0,0.0,0.0,0.0,0.0,0.0,0.0,1.0,0.0,0.0,False,Qwen/Qwen2.5-Coder-14B-Instruct-AWQ,None
2950@y_name@ASC,Bar,Hard,4.3632,4.3632,1,0.0,0.0,0.0,0.0,0.0,0.0,0.0,0.0,0.0,0.0,1.0,0.0,0.0,False,Qwen/Qwen2.5-Coder-14B-Instruct-AWQ,None
2950@y_name@ASC,Bar,Hard,4.3632,4.3632,1,0.0,0.0,0.0,0.0,0.0,0.0,0.0,0.0,0.0,0.0,1.0,0.0,0.0,False,Qwen/Qwen2.5-Coder-14B-Instruct-AWQ,None
1989@y_name@DESC,Bar,Extra Hard,18.9434,18.9434,1,1.0,0.0,0.0,0.0,0.0,0.0,0.0,0.0,1.0,0.0,0.0,,0.0,True,Qwen/Qwen2.5-Coder-14B-Instruct-AWQ,None
1989@y_name@DESC,Bar,Extra Hard,18.9434,18.9434,1,1.0,0.0,0.0,0.0,0.0,0.0,0.0,0.0,1.0,0.0,0.0,,0.0,True,Qwen/Qwen2.5-Coder-14B-Instruct-AWQ,None
1989@y_name@DESC,Bar,Extra Hard,18.9434,18.9434,1,1.0,0.0,0.0,0.0,0.0,0.0,0.0,0.0,1.0,0.0,0.0,,0.0,True,Qwen/Qwen2.5-Coder-14B-Instruct-AWQ,None
1967@x_name@DESC,Bar,Medium,3.9158,7.8315,2,0.0,0.0,0.0,0.0,0.0,0.0,0.0,0.0,0.0,0.0,1.0,0.0,0.0,False,Qwen/Qwen2.5-Coder-14B-Instruct-AWQ,None
1967@x_name@DESC,Bar,Medium,3.9158,7.8315,2,0.0,0.0,0.0,0.0,0.0,0.0,0.0,0.0,0.0,0.0,1.0,0.0,0.0,False,Qwen/Qwen2.5-Coder-14B-Instruct-AWQ,None
1967@x_name@DESC,Bar,Medium,3.9158,7.8315,2,0.0,0.0,0.0,0.0,0.0,0.0,0.0,0.0,0.0,0.0,1.0,0.0,0.0,False,Qwen/Qwen2.5-Coder-14B-Instruct-AWQ,None
1970@x_name@ASC,Bar,Easy,4.6515,9.3031,2,0.0,0.0,0.0,0.0,0.0,0.0,0.0,0.0,0.0,0.0,1.0,0.0,0.0,False,Qwen/Qwen2.5-Coder-14B-Instruct-AWQ,None
1970@x_name@ASC,Bar,Easy,4.6515,9.3031,2,0.0,0.0,0.0,0.0,0.0,0.0,0.0,0.0,0.0,0.0,1.0,0.0,0.0,False,Qwen/Qwen2.5-Coder-14B-Instruct-AWQ,None
1970@x_name@ASC,Bar,Easy,4.6515,9.3031,2,0.0,0.0,0.0,0.0,0.0,0.0,0.0,0.0,0.0,0.0,1.0,0.0,0.0,False,Qwen/Qwen2.5-Coder-14B-Instruct-AWQ,None
1977@x_name@ASC,Bar,Medium,4.176,12.528,3,0.0,0.0,0.0,0.0,0.0,0.0,0.0,0.0,0.0,0.0,1.0,0.0,0.0,False,Qwen/Qwen2.5-Coder-14B-Instruct-AWQ,None
1977@x_name@ASC,Bar,Medium,4.176,12.528,3,0.0,0.0,0.0,0.0,0.0,0.0,0.0,0.0,0.0,0.0,1.0,0.0,0.0,False,Qwen/Qwen2.5-Coder-14B-Instruct-AWQ,None
1977@x_name@ASC,Bar,Medium,4.176,12.528,3,0.0,0.0,0.0,0.0,0.0,0.0,0.0,0.0,0.0,0.0,1.0,0.0,0.0,False,Qwen/Qwen2.5-Coder-14B-Instruct-AWQ,None
1979@y_name@DESC,Bar,Hard,5.5899,22.3597,4,0.0,0.0,0.0,0.0,0.0,0.0,0.0,0.0,0.0,0.0,1.0,0.0,0.0,False,Qwen/Qwen2.5-Coder-14B-Instruct-AWQ,None
1979@y_name@DESC,Bar,Hard,5.5899,22.3597,4,0.0,0.0,0.0,0.0,0.0,0.0,0.0,0.0,0.0,0.0,1.0,0.0,0.0,False,Qwen/Qwen2.5-Coder-14B-Instruct-AWQ,None
1979@y_name@DESC,Bar,Hard,5.5899,22.3597,4,0.0,0.0,0.0,0.0,0.0,0.0,0.0,0.0,0.0,0.0,1.0,0.0,0.0,False,Qwen/Qwen2.5-Coder-14B-Instruct-AWQ,None
1981@y_name@DESC,Bar,Extra Hard,6.5017,26.007,4,0.0,0.0,0.0,0.0,0.0,0.0,0.0,0.0,0.0,0.0,1.0,0.0,0.0,True,Qwen/Qwen2.5-Coder-14B-Instruct-AWQ,None
1981@y_name@DESC,Bar,Extra Hard,6.5017,26.007,4,0.0,0.0,0.0,0.0,0.0,0.0,0.0,0.0,0.0,0.0,1.0,0.0,0.0,True,Qwen/Qwen2.5-Coder-14B-Instruct-AWQ,None
1981@y_name@DESC,Bar,Extra Hard,6.5017,26.007,4,0.0,0.0,0.0,0.0,0.0,0.0,0.0,0.0,0.0,0.0,1.0,0.0,0.0,True,Qwen/Qwen2.5-Coder-14B-Instruct-AWQ,None
1984@y_name@DESC,Bar,Hard,6.03,12.06,2,0.0,0.0,0.0,0.0,0.0,0.0,0.0,0.0,0.0,0.0,1.0,0.0,0.0,True,Qwen/Qwen2.5-Coder-14B-Instruct-AWQ,None
1984@y_name@DESC,Bar,Hard,6.03,12.06,2,0.0,0.0,0.0,0.0,0.0,0.0,0.0,0.0,0.0,0.0,1.0,0.0,0.0,True,Qwen/Qwen2.5-Coder-14B-Instruct-AWQ,None
1984@y_name@DESC,Bar,Hard,6.03,12.06,2,0.0,0.0,0.0,0.0,0.0,0.0,0.0,0.0,0.0,0.0,1.0,0.0,0.0,True,Qwen/Qwen2.5-Coder-14B-Instruct-AWQ,None
3033@y_name@ASC,Bar,Medium,3.6895,11.0684,3,0.0,0.0,0.0,0.0,0.0,0.0,0.0,0.0,0.0,0.0,1.0,0.0,0.0,False,Qwen/Qwen2.5-Coder-14B-Instruct-AWQ,None
3033@y_name@ASC,Bar,Medium,3.6895,11.0684,3,0.0,0.0,0.0,0.0,0.0,0.0,0.0,0.0,0.0,0.0,1.0,0.0,0.0,False,Qwen/Qwen2.5-Coder-14B-Instruct-AWQ,None
3033@y_name@ASC,Bar,Medium,3.6895,11.0684,3,0.0,0.0,0.0,0.0,0.0,0.0,0.0,0.0,0.0,0.0,1.0,0.0,0.0,False,Qwen/Qwen2.5-Coder-14B-Instruct-AWQ,None
2677@x_name@ASC,Bar,Medium,3.8232,3.8232,1,0.0,0.0,0.0,0.0,0.0,0.0,0.0,0.0,0.0,0.0,1.0,0.0,0.0,False,Qwen/Qwen2.5-Coder-14B-Instruct-AWQ,None
2677@x_name@ASC,Bar,Medium,3.8232,3.8232,1,0.0,0.0,0.0,0.0,0.0,0.0,0.0,0.0,0.0,0.0,1.0,0.0,0.0,False,Qwen/Qwen2.5-Coder-14B-Instruct-AWQ,None
2677@x_name@ASC,Bar,Medium,3.8232,3.8232,1,0.0,0.0,0.0,0.0,0.0,0.0,0.0,0.0,0.0,0.0,1.0,0.0,0.0,False,Qwen/Qwen2.5-Coder-14B-Instruct-AWQ,None
2678@y_name@DESC,Bar,Medium,4.1845,12.5536,3,0.0,0.0,0.0,0.0,0.0,0.0,0.0,0.0,0.0,0.0,1.0,0.0,0.0,False,Qwen/Qwen2.5-Coder-14B-Instruct-AWQ,None
2678@y_name@DESC,Bar,Medium,4.1845,12.5536,3,0.0,0.0,0.0,0.0,0.0,0.0,0.0,0.0,0.0,0.0,1.0,0.0,0.0,False,Qwen/Qwen2.5-Coder-14B-Instruct-AWQ,None
2678@y_name@DESC,Bar,Medium,4.1845,12.5536,3,0.0,0.0,0.0,0.0,0.0,0.0,0.0,0.0,0.0,0.0,1.0,0.0,0.0,False,Qwen/Qwen2.5-Coder-14B-Instruct-AWQ,None
2681@x_name@ASC,Bar,Medium,3.8065,3.8065,1,0.0,0.0,0.0,0.0,0.0,0.0,0.0,0.0,0.0,0.0,1.0,0.0,0.0,False,Qwen/Qwen2.5-Coder-14B-Instruct-AWQ,None
2681@x_name@ASC,Bar,Medium,3.8065,3.8065,1,0.0,0.0,0.0,0.0,0.0,0.0,0.0,0.0,0.0,0.0,1.0,0.0,0.0,False,Qwen/Qwen2.5-Coder-14B-Instruct-AWQ,None
2681@x_name@ASC,Bar,Medium,3.8065,3.8065,1,0.0,0.0,0.0,0.0,0.0,0.0,0.0,0.0,0.0,0.0,1.0,0.0,0.0,False,Qwen/Qwen2.5-Coder-14B-Instruct-AWQ,None
2755@x_name@DESC,Stacked Bar,Hard,4.6908,4.6908,1,0.0,0.0,0.0,0.0,0.0,1.0,0.0,0.0,0.0,1.0,0.0,,0.0,False,Qwen/Qwen2.5-Coder-14B-Instruct-AWQ,None
2755@x_name@DESC,Stacked Bar,Hard,4.6908,4.6908,1,0.0,0.0,0.0,0.0,0.0,1.0,0.0,0.0,0.0,1.0,0.0,,0.0,False,Qwen/Qwen2.5-Coder-14B-Instruct-AWQ,None
2755@x_name@DESC,Stacked Bar,Hard,4.6908,4.6908,1,0.0,0.0,0.0,0.0,0.0,1.0,0.0,0.0,0.0,1.0,0.0,,0.0,False,Qwen/Qwen2.5-Coder-14B-Instruct-AWQ,None
2756@x_name@DESC,Stacked Bar,Hard,8.102,24.3059,3,0.0,0.0,0.0,0.3333333333333333,0.3333333333333333,0.6666666666666666,0.0,0.0,0.0,1.0,0.0,,0.0,False,Qwen/Qwen2.5-Coder-14B-Instruct-AWQ,None
2756@x_name@DESC,Stacked Bar,Hard,8.102,24.3059,3,0.0,0.0,0.0,0.3333333333333333,0.3333333333333333,0.6666666666666666,0.0,0.0,0.0,1.0,0.0,,0.0,False,Qwen/Qwen2.5-Coder-14B-Instruct-AWQ,None
2756@x_name@DESC,Stacked Bar,Hard,8.102,24.3059,3,0.0,0.0,0.0,0.3333333333333333,0.3333333333333333,0.6666666666666666,0.0,0.0,0.0,1.0,0.0,,0.0,False,Qwen/Qwen2.5-Coder-14B-Instruct-AWQ,None
2760@y_name@DESC,Bar,Medium,3.3145,13.2578,4,0.0,0.0,0.0,0.0,0.0,0.0,0.0,0.0,0.0,0.0,1.0,0.0,0.0,False,Qwen/Qwen2.5-Coder-14B-Instruct-AWQ,None
2760@y_name@DESC,Bar,Medium,3.3145,13.2578,4,0.0,0.0,0.0,0.0,0.0,0.0,0.0,0.0,0.0,0.0,1.0,0.0,0.0,False,Qwen/Qwen2.5-Coder-14B-Instruct-AWQ,None
2760@y_name@DESC,Bar,Medium,3.3145,13.2578,4,0.0,0.0,0.0,0.0,0.0,0.0,0.0,0.0,0.0,0.0,1.0,0.0,0.0,False,Qwen/Qwen2.5-Coder-14B-Instruct-AWQ,None
2762@y_name@DESC,Bar,Medium,3.4517,13.8068,4,0.0,0.0,0.0,0.0,0.0,0.0,0.0,0.0,0.0,0.0,1.0,0.0,0.0,False,Qwen/Qwen2.5-Coder-14B-Instruct-AWQ,None
2762@y_name@DESC,Bar,Medium,3.4517,13.8068,4,0.0,0.0,0.0,0.0,0.0,0.0,0.0,0.0,0.0,0.0,1.0,0.0,0.0,False,Qwen/Qwen2.5-Coder-14B-Instruct-AWQ,None
2762@y_name@DESC,Bar,Medium,3.4517,13.8068,4,0.0,0.0,0.0,0.0,0.0,0.0,0.0,0.0,0.0,0.0,1.0,0.0,0.0,False,Qwen/Qwen2.5-Coder-14B-Instruct-AWQ,None
2763@y_name@ASC,Bar,Medium,4.1781,8.3561,2,0.0,0.0,0.0,0.0,0.0,0.0,0.0,0.0,0.0,0.0,1.0,0.0,0.0,False,Qwen/Qwen2.5-Coder-14B-Instruct-AWQ,None
2763@y_name@ASC,Bar,Medium,4.1781,8.3561,2,0.0,0.0,0.0,0.0,0.0,0.0,0.0,0.0,0.0,0.0,1.0,0.0,0.0,False,Qwen/Qwen2.5-Coder-14B-Instruct-AWQ,None
2763@y_name@ASC,Bar,Medium,4.1781,8.3561,2,0.0,0.0,0.0,0.0,0.0,0.0,0.0,0.0,0.0,0.0,1.0,0.0,0.0,False,Qwen/Qwen2.5-Coder-14B-Instruct-AWQ,None
2765@y_name@ASC,Bar,Medium,4.3722,13.1165,3,0.0,0.0,0.0,0.0,0.0,0.0,0.0,0.0,0.0,0.0,1.0,0.0,0.0,False,Qwen/Qwen2.5-Coder-14B-Instruct-AWQ,None
2765@y_name@ASC,Bar,Medium,4.3722,13.1165,3,0.0,0.0,0.0,0.0,0.0,0.0,0.0,0.0,0.0,0.0,1.0,0.0,0.0,False,Qwen/Qwen2.5-Coder-14B-Instruct-AWQ,None
2765@y_name@ASC,Bar,Medium,4.3722,13.1165,3,0.0,0.0,0.0,0.0,0.0,0.0,0.0,0.0,0.0,0.0,1.0,0.0,0.0,False,Qwen/Qwen2.5-Coder-14B-Instruct-AWQ,None
2879@y_name@ASC,Bar,Medium,3.3227,6.6454,2,0.0,0.0,0.0,0.0,0.0,0.0,0.0,0.0,0.0,0.0,1.0,0.0,0.0,False,Qwen/Qwen2.5-Coder-14B-Instruct-AWQ,None
2879@y_name@ASC,Bar,Medium,3.3227,6.6454,2,0.0,0.0,0.0,0.0,0.0,0.0,0.0,0.0,0.0,0.0,1.0,0.0,0.0,False,Qwen/Qwen2.5-Coder-14B-Instruct-AWQ,None
2879@y_name@ASC,Bar,Medium,3.3227,6.6454,2,0.0,0.0,0.0,0.0,0.0,0.0,0.0,0.0,0.0,0.0,1.0,0.0,0.0,False,Qwen/Qwen2.5-Coder-14B-Instruct-AWQ,None
2886@x_name@DESC,Bar,Hard,5.1745,5.1745,1,0.0,0.0,0.0,0.0,0.0,1.0,0.0,0.0,0.0,1.0,0.0,,0.0,True,Qwen/Qwen2.5-Coder-14B-Instruct-AWQ,None
2886@x_name@DESC,Bar,Hard,5.1745,5.1745,1,0.0,0.0,0.0,0.0,0.0,1.0,0.0,0.0,0.0,1.0,0.0,,0.0,True,Qwen/Qwen2.5-Coder-14B-Instruct-AWQ,None
2886@x_name@DESC,Bar,Hard,5.1745,5.1745,1,0.0,0.0,0.0,0.0,0.0,1.0,0.0,0.0,0.0,1.0,0.0,,0.0,True,Qwen/Qwen2.5-Coder-14B-Instruct-AWQ,None
116@x_name@DESC,Bar,Hard,6.584,13.1679,2,0.0,0.0,0.0,0.0,0.0,0.0,0.0,0.0,0.0,0.0,1.0,0.0,0.0,True,Qwen/Qwen2.5-Coder-14B-Instruct-AWQ,None
116@x_name@DESC,Bar,Hard,6.584,13.1679,2,0.0,0.0,0.0,0.0,0.0,0.0,0.0,0.0,0.0,0.0,1.0,0.0,0.0,True,Qwen/Qwen2.5-Coder-14B-Instruct-AWQ,None
116@x_name@DESC,Bar,Hard,6.584,13.1679,2,0.0,0.0,0.0,0.0,0.0,0.0,0.0,0.0,0.0,0.0,1.0,0.0,0.0,True,Qwen/Qwen2.5-Coder-14B-Instruct-AWQ,None
117@y_name@ASC,Bar,Medium,3.5353,7.0706,2,0.0,0.0,0.0,0.0,0.0,0.0,0.0,0.0,0.0,0.0,1.0,0.0,0.0,False,Qwen/Qwen2.5-Coder-14B-Instruct-AWQ,None
117@y_name@ASC,Bar,Medium,3.5353,7.0706,2,0.0,0.0,0.0,0.0,0.0,0.0,0.0,0.0,0.0,0.0,1.0,0.0,0.0,False,Qwen/Qwen2.5-Coder-14B-Instruct-AWQ,None
117@y_name@ASC,Bar,Medium,3.5353,7.0706,2,0.0,0.0,0.0,0.0,0.0,0.0,0.0,0.0,0.0,0.0,1.0,0.0,0.0,False,Qwen/Qwen2.5-Coder-14B-Instruct-AWQ,None
123@y_name@DESC,Bar,Hard,5.0852,5.0852,1,0.0,0.0,0.0,0.0,0.0,0.0,0.0,0.0,0.0,0.0,1.0,0.0,0.0,True,Qwen/Qwen2.5-Coder-14B-Instruct-AWQ,None
123@y_name@DESC,Bar,Hard,5.0852,5.0852,1,0.0,0.0,0.0,0.0,0.0,0.0,0.0,0.0,0.0,0.0,1.0,0.0,0.0,True,Qwen/Qwen2.5-Coder-14B-Instruct-AWQ,None
123@y_name@DESC,Bar,Hard,5.0852,5.0852,1,0.0,0.0,0.0,0.0,0.0,0.0,0.0,0.0,0.0,0.0,1.0,0.0,0.0,True,Qwen/Qwen2.5-Coder-14B-Instruct-AWQ,None
127@y_name@ASC,Bar,Hard,8.7861,8.7861,1,0.0,0.0,0.0,0.0,0.0,0.0,0.0,0.0,0.0,0.0,1.0,0.0,0.0,True,Qwen/Qwen2.5-Coder-14B-Instruct-AWQ,None
127@y_name@ASC,Bar,Hard,8.7861,8.7861,1,0.0,0.0,0.0,0.0,0.0,0.0,0.0,0.0,0.0,0.0,1.0,0.0,0.0,True,Qwen/Qwen2.5-Coder-14B-Instruct-AWQ,None
127@y_name@ASC,Bar,Hard,8.7861,8.7861,1,0.0,0.0,0.0,0.0,0.0,0.0,0.0,0.0,0.0,0.0,1.0,0.0,0.0,True,Qwen/Qwen2.5-Coder-14B-Instruct-AWQ,None
128@x_name@DESC,Bar,Hard,8.3563,8.3563,1,0.0,0.0,0.0,0.0,0.0,0.0,0.0,0.0,0.0,0.0,1.0,0.0,0.0,True,Qwen/Qwen2.5-Coder-14B-Instruct-AWQ,None
128@x_name@DESC,Bar,Hard,8.3563,8.3563,1,0.0,0.0,0.0,0.0,0.0,0.0,0.0,0.0,0.0,0.0,1.0,0.0,0.0,True,Qwen/Qwen2.5-Coder-14B-Instruct-AWQ,None
128@x_name@DESC,Bar,Hard,8.3563,8.3563,1,0.0,0.0,0.0,0.0,0.0,0.0,0.0,0.0,0.0,0.0,1.0,0.0,0.0,True,Qwen/Qwen2.5-Coder-14B-Instruct-AWQ,None
134@x_name@DESC,Stacked Bar,Extra Hard,9.8633,9.8633,1,0.0,0.0,0.0,0.0,0.0,1.0,0.0,0.0,0.0,1.0,0.0,,0.0,True,Qwen/Qwen2.5-Coder-14B-Instruct-AWQ,None
134@x_name@DESC,Stacked Bar,Extra Hard,9.8633,9.8633,1,0.0,0.0,0.0,0.0,0.0,1.0,0.0,0.0,0.0,1.0,0.0,,0.0,True,Qwen/Qwen2.5-Coder-14B-Instruct-AWQ,None
134@x_name@DESC,Stacked Bar,Extra Hard,9.8633,9.8633,1,0.0,0.0,0.0,0.0,0.0,1.0,0.0,0.0,0.0,1.0,0.0,,0.0,True,Qwen/Qwen2.5-Coder-14B-Instruct-AWQ,None
139@y_name@ASC,Bar,Hard,4.7384,9.4768,2,0.0,0.0,0.0,0.0,0.0,0.0,0.0,0.0,0.0,0.0,1.0,0.0,0.0,True,Qwen/Qwen2.5-Coder-14B-Instruct-AWQ,None
139@y_name@ASC,Bar,Hard,4.7384,9.4768,2,0.0,0.0,0.0,0.0,0.0,0.0,0.0,0.0,0.0,0.0,1.0,0.0,0.0,True,Qwen/Qwen2.5-Coder-14B-Instruct-AWQ,None
139@y_name@ASC,Bar,Hard,4.7384,9.4768,2,0.0,0.0,0.0,0.0,0.0,0.0,0.0,0.0,0.0,0.0,1.0,0.0,0.0,True,Qwen/Qwen2.5-Coder-14B-Instruct-AWQ,None
140@y_name@ASC,Bar,Medium,3.5003,7.0005,2,0.0,0.0,0.0,0.0,0.0,0.0,0.0,0.0,0.0,0.0,1.0,0.0,0.0,False,Qwen/Qwen2.5-Coder-14B-Instruct-AWQ,None
140@y_name@ASC,Bar,Medium,3.5003,7.0005,2,0.0,0.0,0.0,0.0,0.0,0.0,0.0,0.0,0.0,0.0,1.0,0.0,0.0,False,Qwen/Qwen2.5-Coder-14B-Instruct-AWQ,None
140@y_name@ASC,Bar,Medium,3.5003,7.0005,2,0.0,0.0,0.0,0.0,0.0,0.0,0.0,0.0,0.0,0.0,1.0,0.0,0.0,False,Qwen/Qwen2.5-Coder-14B-Instruct-AWQ,None
145@y_name@DESC,Stacked Bar,Extra Hard,7.3794,7.3794,1,0.0,0.0,0.0,0.0,0.0,1.0,0.0,0.0,0.0,1.0,0.0,,0.0,True,Qwen/Qwen2.5-Coder-14B-Instruct-AWQ,None
145@y_name@DESC,Stacked Bar,Extra Hard,7.3794,7.3794,1,0.0,0.0,0.0,0.0,0.0,1.0,0.0,0.0,0.0,1.0,0.0,,0.0,True,Qwen/Qwen2.5-Coder-14B-Instruct-AWQ,None
145@y_name@DESC,Stacked Bar,Extra Hard,7.3794,7.3794,1,0.0,0.0,0.0,0.0,0.0,1.0,0.0,0.0,0.0,1.0,0.0,,0.0,True,Qwen/Qwen2.5-Coder-14B-Instruct-AWQ,None
149@x_name@DESC,Bar,Hard,6.4595,6.4595,1,0.0,0.0,0.0,0.0,0.0,0.0,0.0,0.0,0.0,0.0,1.0,0.0,0.0,True,Qwen/Qwen2.5-Coder-14B-Instruct-AWQ,None
149@x_name@DESC,Bar,Hard,6.4595,6.4595,1,0.0,0.0,0.0,0.0,0.0,0.0,0.0,0.0,0.0,0.0,1.0,0.0,0.0,True,Qwen/Qwen2.5-Coder-14B-Instruct-AWQ,None
149@x_name@DESC,Bar,Hard,6.4595,6.4595,1,0.0,0.0,0.0,0.0,0.0,0.0,0.0,0.0,0.0,0.0,1.0,0.0,0.0,True,Qwen/Qwen2.5-Coder-14B-Instruct-AWQ,None
3069@x_name@ASC,Bar,Hard,5.9344,5.9344,1,0.0,0.0,0.0,0.0,0.0,0.0,0.0,0.0,0.0,0.0,1.0,0.0,0.0,True,Qwen/Qwen2.5-Coder-14B-Instruct-AWQ,None
3069@x_name@ASC,Bar,Hard,5.9344,5.9344,1,0.0,0.0,0.0,0.0,0.0,0.0,0.0,0.0,0.0,0.0,1.0,0.0,0.0,True,Qwen/Qwen2.5-Coder-14B-Instruct-AWQ,None
3069@x_name@ASC,Bar,Hard,5.9344,5.9344,1,0.0,0.0,0.0,0.0,0.0,0.0,0.0,0.0,0.0,0.0,1.0,0.0,0.0,True,Qwen/Qwen2.5-Coder-14B-Instruct-AWQ,None
1424@y_name@ASC,Bar,Medium,3.09,3.09,1,0.0,0.0,0.0,0.0,0.0,0.0,0.0,0.0,0.0,0.0,1.0,0.0,0.0,False,Qwen/Qwen2.5-Coder-14B-Instruct-AWQ,None
1424@y_name@ASC,Bar,Medium,3.09,3.09,1,0.0,0.0,0.0,0.0,0.0,0.0,0.0,0.0,0.0,0.0,1.0,0.0,0.0,False,Qwen/Qwen2.5-Coder-14B-Instruct-AWQ,None
1424@y_name@ASC,Bar,Medium,3.09,3.09,1,0.0,0.0,0.0,0.0,0.0,0.0,0.0,0.0,0.0,0.0,1.0,0.0,0.0,False,Qwen/Qwen2.5-Coder-14B-Instruct-AWQ,None
4001,Scatter,Hard,5.2563,5.2563,1,0.0,0.0,0.0,0.0,1.0,0.0,0.0,0.0,0.0,1.0,0.0,,0.0,True,Qwen/Qwen2.5-Coder-14B-Instruct-AWQ,None
4001,Scatter,Hard,5.2563,5.2563,1,0.0,0.0,0.0,0.0,1.0,0.0,0.0,0.0,0.0,1.0,0.0,,0.0,True,Qwen/Qwen2.5-Coder-14B-Instruct-AWQ,None
4001,Scatter,Hard,5.2563,5.2563,1,0.0,0.0,0.0,0.0,1.0,0.0,0.0,0.0,0.0,1.0,0.0,,0.0,True,Qwen/Qwen2.5-Coder-14B-Instruct-AWQ,None
4002,Stacked Bar,Easy,7.4434,7.4434,1,0.0,0.0,0.0,0.0,0.0,0.0,0.0,0.0,0.0,0.0,1.0,0.0,0.0,False,Qwen/Qwen2.5-Coder-14B-Instruct-AWQ,None
4002,Stacked Bar,Easy,7.4434,7.4434,1,0.0,0.0,0.0,0.0,0.0,0.0,0.0,0.0,0.0,0.0,1.0,0.0,0.0,False,Qwen/Qwen2.5-Coder-14B-Instruct-AWQ,None
4002,Stacked Bar,Easy,7.4434,7.4434,1,0.0,0.0,0.0,0.0,0.0,0.0,0.0,0.0,0.0,0.0,1.0,0.0,0.0,False,Qwen/Qwen2.5-Coder-14B-Instruct-AWQ,None
4003,Scatter,Easy,5.0431,5.0431,1,0.0,0.0,0.0,0.0,0.0,0.0,0.0,0.0,0.0,0.0,1.0,0.0,0.0,False,Qwen/Qwen2.5-Coder-14B-Instruct-AWQ,None
4003,Scatter,Easy,5.0431,5.0431,1,0.0,0.0,0.0,0.0,0.0,0.0,0.0,0.0,0.0,0.0,1.0,0.0,0.0,False,Qwen/Qwen2.5-Coder-14B-Instruct-AWQ,None
4003,Scatter,Easy,5.0431,5.0431,1,0.0,0.0,0.0,0.0,0.0,0.0,0.0,0.0,0.0,0.0,1.0,0.0,0.0,False,Qwen/Qwen2.5-Coder-14B-Instruct-AWQ,None
4004,Stacked Bar,Hard,7.9338,7.9338,1,0.0,0.0,0.0,1.0,1.0,0.0,0.0,0.0,0.0,1.0,0.0,,0.0,True,Qwen/Qwen2.5-Coder-14B-Instruct-AWQ,None
4004,Stacked Bar,Hard,7.9338,7.9338,1,0.0,0.0,0.0,1.0,1.0,0.0,0.0,0.0,0.0,1.0,0.0,,0.0,True,Qwen/Qwen2.5-Coder-14B-Instruct-AWQ,None
4004,Stacked Bar,Hard,7.9338,7.9338,1,0.0,0.0,0.0,1.0,1.0,0.0,0.0,0.0,0.0,1.0,0.0,,0.0,True,Qwen/Qwen2.5-Coder-14B-Instruct-AWQ,None
4005,Grouping Line,Easy,4.963,4.963,1,0.0,0.0,0.0,1.0,1.0,0.0,0.0,0.0,0.0,1.0,0.0,,0.0,False,Qwen/Qwen2.5-Coder-14B-Instruct-AWQ,None
4005,Grouping Line,Easy,4.963,4.963,1,0.0,0.0,0.0,1.0,1.0,0.0,0.0,0.0,0.0,1.0,0.0,,0.0,False,Qwen/Qwen2.5-Coder-14B-Instruct-AWQ,None
4005,Grouping Line,Easy,4.963,4.963,1,0.0,0.0,0.0,1.0,1.0,0.0,0.0,0.0,0.0,1.0,0.0,,0.0,False,Qwen/Qwen2.5-Coder-14B-Instruct-AWQ,None
4006,Grouping Line,Medium,10.4775,10.4775,1,0.0,0.0,0.0,0.0,1.0,0.0,0.0,0.0,0.0,1.0,0.0,,0.0,False,Qwen/Qwen2.5-Coder-14B-Instruct-AWQ,None
4006,Grouping Line,Medium,10.4775,10.4775,1,0.0,0.0,0.0,0.0,1.0,0.0,0.0,0.0,0.0,1.0,0.0,,0.0,False,Qwen/Qwen2.5-Coder-14B-Instruct-AWQ,None
4006,Grouping Line,Medium,10.4775,10.4775,1,0.0,0.0,0.0,0.0,1.0,0.0,0.0,0.0,0.0,1.0,0.0,,0.0,False,Qwen/Qwen2.5-Coder-14B-Instruct-AWQ,None
4007,Stacked Bar,Hard,19.6755,19.6755,1,1.0,0.0,0.0,0.0,0.0,0.0,0.0,0.0,1.0,0.0,0.0,,0.0,True,Qwen/Qwen2.5-Coder-14B-Instruct-AWQ,None
4007,Stacked Bar,Hard,19.6755,19.6755,1,1.0,0.0,0.0,0.0,0.0,0.0,0.0,0.0,1.0,0.0,0.0,,0.0,True,Qwen/Qwen2.5-Coder-14B-Instruct-AWQ,None
4007,Stacked Bar,Hard,19.6755,19.6755,1,1.0,0.0,0.0,0.0,0.0,0.0,0.0,0.0,1.0,0.0,0.0,,0.0,True,Qwen/Qwen2.5-Coder-14B-Instruct-AWQ,None
4008,Grouping Line,Medium,10.3351,10.3351,1,0.0,0.0,0.0,0.0,0.0,0.0,0.0,0.0,0.0,0.0,1.0,0.0,0.0,False,Qwen/Qwen2.5-Coder-14B-Instruct-AWQ,None
4008,Grouping Line,Medium,10.3351,10.3351,1,0.0,0.0,0.0,0.0,0.0,0.0,0.0,0.0,0.0,0.0,1.0,0.0,0.0,False,Qwen/Qwen2.5-Coder-14B-Instruct-AWQ,None
4008,Grouping Line,Medium,10.3351,10.3351,1,0.0,0.0,0.0,0.0,0.0,0.0,0.0,0.0,0.0,0.0,1.0,0.0,0.0,False,Qwen/Qwen2.5-Coder-14B-Instruct-AWQ,None
4009,Scatter,Medium,4.88,4.88,1,0.0,0.0,0.0,0.0,0.0,0.0,0.0,0.0,0.0,0.0,1.0,0.0,0.0,False,Qwen/Qwen2.5-Coder-14B-Instruct-AWQ,None
4009,Scatter,Medium,4.88,4.88,1,0.0,0.0,0.0,0.0,0.0,0.0,0.0,0.0,0.0,0.0,1.0,0.0,0.0,False,Qwen/Qwen2.5-Coder-14B-Instruct-AWQ,None
4009,Scatter,Medium,4.88,4.88,1,0.0,0.0,0.0,0.0,0.0,0.0,0.0,0.0,0.0,0.0,1.0,0.0,0.0,False,Qwen/Qwen2.5-Coder-14B-Instruct-AWQ,None
4010,Stacked Bar,Hard,7.6442,7.6442,1,0.0,0.0,0.0,0.0,1.0,0.0,0.0,0.0,0.0,1.0,0.0,,0.0,True,Qwen/Qwen2.5-Coder-14B-Instruct-AWQ,None
4010,Stacked Bar,Hard,7.6442,7.6442,1,0.0,0.0,0.0,0.0,1.0,0.0,0.0,0.0,0.0,1.0,0.0,,0.0,True,Qwen/Qwen2.5-Coder-14B-Instruct-AWQ,None
4010,Stacked Bar,Hard,7.6442,7.6442,1,0.0,0.0,0.0,0.0,1.0,0.0,0.0,0.0,0.0,1.0,0.0,,0.0,True,Qwen/Qwen2.5-Coder-14B-Instruct-AWQ,None
4011,Stacked Bar,Extra Hard,11.6286,11.6286,1,0.0,0.0,0.0,0.0,1.0,0.0,0.0,0.0,0.0,1.0,0.0,,0.0,True,Qwen/Qwen2.5-Coder-14B-Instruct-AWQ,None
4011,Stacked Bar,Extra Hard,11.6286,11.6286,1,0.0,0.0,0.0,0.0,1.0,0.0,0.0,0.0,0.0,1.0,0.0,,0.0,True,Qwen/Qwen2.5-Coder-14B-Instruct-AWQ,None
4011,Stacked Bar,Extra Hard,11.6286,11.6286,1,0.0,0.0,0.0,0.0,1.0,0.0,0.0,0.0,0.0,1.0,0.0,,0.0,True,Qwen/Qwen2.5-Coder-14B-Instruct-AWQ,None
4012,Grouping Scatter,Extra Hard,24.87,24.87,1,1.0,0.0,0.0,0.0,0.0,0.0,0.0,0.0,1.0,0.0,0.0,,0.0,True,Qwen/Qwen2.5-Coder-14B-Instruct-AWQ,None
4012,Grouping Scatter,Extra Hard,24.87,24.87,1,1.0,0.0,0.0,0.0,0.0,0.0,0.0,0.0,1.0,0.0,0.0,,0.0,True,Qwen/Qwen2.5-Coder-14B-Instruct-AWQ,None
4012,Grouping Scatter,Extra Hard,24.87,24.87,1,1.0,0.0,0.0,0.0,0.0,0.0,0.0,0.0,1.0,0.0,0.0,,0.0,True,Qwen/Qwen2.5-Coder-14B-Instruct-AWQ,None
4013,Stacked Bar,Extra Hard,7.3821,7.3821,1,0.0,0.0,0.0,0.0,1.0,0.0,0.0,0.0,0.0,1.0,0.0,,0.0,True,Qwen/Qwen2.5-Coder-14B-Instruct-AWQ,None
4013,Stacked Bar,Extra Hard,7.3821,7.3821,1,0.0,0.0,0.0,0.0,1.0,0.0,0.0,0.0,0.0,1.0,0.0,,0.0,True,Qwen/Qwen2.5-Coder-14B-Instruct-AWQ,None
4013,Stacked Bar,Extra Hard,7.3821,7.3821,1,0.0,0.0,0.0,0.0,1.0,0.0,0.0,0.0,0.0,1.0,0.0,,0.0,True,Qwen/Qwen2.5-Coder-14B-Instruct-AWQ,None
4014,Grouping Line,Extra Hard,25.5485,25.5485,1,1.0,0.0,0.0,0.0,0.0,0.0,0.0,0.0,1.0,0.0,0.0,,0.0,True,Qwen/Qwen2.5-Coder-14B-Instruct-AWQ,None
4014,Grouping Line,Extra Hard,25.5485,25.5485,1,1.0,0.0,0.0,0.0,0.0,0.0,0.0,0.0,1.0,0.0,0.0,,0.0,True,Qwen/Qwen2.5-Coder-14B-Instruct-AWQ,None
4014,Grouping Line,Extra Hard,25.5485,25.5485,1,1.0,0.0,0.0,0.0,0.0,0.0,0.0,0.0,1.0,0.0,0.0,,0.0,True,Qwen/Qwen2.5-Coder-14B-Instruct-AWQ,None
4015,Scatter,Extra Hard,4.9207,4.9207,1,0.0,0.0,0.0,0.0,0.0,0.0,0.0,0.0,0.0,0.0,1.0,0.0,0.0,False,Qwen/Qwen2.5-Coder-14B-Instruct-AWQ,None
4015,Scatter,Extra Hard,4.9207,4.9207,1,0.0,0.0,0.0,0.0,0.0,0.0,0.0,0.0,0.0,0.0,1.0,0.0,0.0,False,Qwen/Qwen2.5-Coder-14B-Instruct-AWQ,None
4015,Scatter,Extra Hard,4.9207,4.9207,1,0.0,0.0,0.0,0.0,0.0,0.0,0.0,0.0,0.0,0.0,1.0,0.0,0.0,False,Qwen/Qwen2.5-Coder-14B-Instruct-AWQ,None
4016,Grouping Line,Medium,5.208,5.208,1,0.0,0.0,0.0,0.0,1.0,0.0,0.0,0.0,0.0,1.0,0.0,,0.0,False,Qwen/Qwen2.5-Coder-14B-Instruct-AWQ,None
4016,Grouping Line,Medium,5.208,5.208,1,0.0,0.0,0.0,0.0,1.0,0.0,0.0,0.0,0.0,1.0,0.0,,0.0,False,Qwen/Qwen2.5-Coder-14B-Instruct-AWQ,None
4016,Grouping Line,Medium,5.208,5.208,1,0.0,0.0,0.0,0.0,1.0,0.0,0.0,0.0,0.0,1.0,0.0,,0.0,False,Qwen/Qwen2.5-Coder-14B-Instruct-AWQ,None
4017,Stacked Bar,Medium,10.8219,10.8219,1,0.0,0.0,0.0,0.0,0.0,0.0,0.0,0.0,0.0,0.0,1.0,0.0,0.0,False,Qwen/Qwen2.5-Coder-14B-Instruct-AWQ,None
4017,Stacked Bar,Medium,10.8219,10.8219,1,0.0,0.0,0.0,0.0,0.0,0.0,0.0,0.0,0.0,0.0,1.0,0.0,0.0,False,Qwen/Qwen2.5-Coder-14B-Instruct-AWQ,None
4017,Stacked Bar,Medium,10.8219,10.8219,1,0.0,0.0,0.0,0.0,0.0,0.0,0.0,0.0,0.0,0.0,1.0,0.0,0.0,False,Qwen/Qwen2.5-Coder-14B-Instruct-AWQ,None
4018,Stacked Bar,Medium,6.196,6.196,1,0.0,0.0,0.0,0.0,0.0,0.0,0.0,0.0,0.0,0.0,1.0,0.0,0.0,True,Qwen/Qwen2.5-Coder-14B-Instruct-AWQ,None
4018,Stacked Bar,Medium,6.196,6.196,1,0.0,0.0,0.0,0.0,0.0,0.0,0.0,0.0,0.0,0.0,1.0,0.0,0.0,True,Qwen/Qwen2.5-Coder-14B-Instruct-AWQ,None
4018,Stacked Bar,Medium,6.196,6.196,1,0.0,0.0,0.0,0.0,0.0,0.0,0.0,0.0,0.0,0.0,1.0,0.0,0.0,True,Qwen/Qwen2.5-Coder-14B-Instruct-AWQ,None
4019,Stacked Bar,Medium,8.4491,8.4491,1,0.0,0.0,0.0,0.0,0.0,0.0,0.0,0.0,0.0,0.0,1.0,0.0,0.0,True,Qwen/Qwen2.5-Coder-14B-Instruct-AWQ,None
4019,Stacked Bar,Medium,8.4491,8.4491,1,0.0,0.0,0.0,0.0,0.0,0.0,0.0,0.0,0.0,0.0,1.0,0.0,0.0,True,Qwen/Qwen2.5-Coder-14B-Instruct-AWQ,None
4019,Stacked Bar,Medium,8.4491,8.4491,1,0.0,0.0,0.0,0.0,0.0,0.0,0.0,0.0,0.0,0.0,1.0,0.0,0.0,True,Qwen/Qwen2.5-Coder-14B-Instruct-AWQ,None
4020,Stacked Bar,Medium,6.9091,6.9091,1,0.0,1.0,0.0,0.0,0.0,0.0,0.0,0.0,1.0,0.0,0.0,,0.0,True,Qwen/Qwen2.5-Coder-14B-Instruct-AWQ,None
4020,Stacked Bar,Medium,6.9091,6.9091,1,0.0,1.0,0.0,0.0,0.0,0.0,0.0,0.0,1.0,0.0,0.0,,0.0,True,Qwen/Qwen2.5-Coder-14B-Instruct-AWQ,None
4020,Stacked Bar,Medium,6.9091,6.9091,1,0.0,1.0,0.0,0.0,0.0,0.0,0.0,0.0,1.0,0.0,0.0,,0.0,True,Qwen/Qwen2.5-Coder-14B-Instruct-AWQ,None
4021,Scatter,Medium,5.6594,5.6594,1,0.0,0.0,0.0,0.0,0.0,0.0,0.0,0.0,0.0,0.0,1.0,0.0,0.0,False,Qwen/Qwen2.5-Coder-14B-Instruct-AWQ,None
4021,Scatter,Medium,5.6594,5.6594,1,0.0,0.0,0.0,0.0,0.0,0.0,0.0,0.0,0.0,0.0,1.0,0.0,0.0,False,Qwen/Qwen2.5-Coder-14B-Instruct-AWQ,None
4021,Scatter,Medium,5.6594,5.6594,1,0.0,0.0,0.0,0.0,0.0,0.0,0.0,0.0,0.0,0.0,1.0,0.0,0.0,False,Qwen/Qwen2.5-Coder-14B-Instruct-AWQ,None
4022,Stacked Bar,Medium,10.4725,10.4725,1,0.0,0.0,0.0,0.0,0.0,0.0,0.0,0.0,0.0,0.0,1.0,0.0,0.0,True,Qwen/Qwen2.5-Coder-14B-Instruct-AWQ,None
4022,Stacked Bar,Medium,10.4725,10.4725,1,0.0,0.0,0.0,0.0,0.0,0.0,0.0,0.0,0.0,0.0,1.0,0.0,0.0,True,Qwen/Qwen2.5-Coder-14B-Instruct-AWQ,None
4022,Stacked Bar,Medium,10.4725,10.4725,1,0.0,0.0,0.0,0.0,0.0,0.0,0.0,0.0,0.0,0.0,1.0,0.0,0.0,True,Qwen/Qwen2.5-Coder-14B-Instruct-AWQ,None
4023,Grouping Scatter,Easy,16.3166,16.3166,1,1.0,0.0,0.0,0.0,0.0,0.0,0.0,0.0,1.0,0.0,0.0,,0.0,False,Qwen/Qwen2.5-Coder-14B-Instruct-AWQ,None
4023,Grouping Scatter,Easy,16.3166,16.3166,1,1.0,0.0,0.0,0.0,0.0,0.0,0.0,0.0,1.0,0.0,0.0,,0.0,False,Qwen/Qwen2.5-Coder-14B-Instruct-AWQ,None
4023,Grouping Scatter,Easy,16.3166,16.3166,1,1.0,0.0,0.0,0.0,0.0,0.0,0.0,0.0,1.0,0.0,0.0,,0.0,False,Qwen/Qwen2.5-Coder-14B-Instruct-AWQ,None
4024,Grouping Scatter,Easy,15.5313,15.5313,1,1.0,0.0,0.0,0.0,0.0,0.0,0.0,0.0,1.0,0.0,0.0,,0.0,False,Qwen/Qwen2.5-Coder-14B-Instruct-AWQ,None
4024,Grouping Scatter,Easy,15.5313,15.5313,1,1.0,0.0,0.0,0.0,0.0,0.0,0.0,0.0,1.0,0.0,0.0,,0.0,False,Qwen/Qwen2.5-Coder-14B-Instruct-AWQ,None
4024,Grouping Scatter,Easy,15.5313,15.5313,1,1.0,0.0,0.0,0.0,0.0,0.0,0.0,0.0,1.0,0.0,0.0,,0.0,False,Qwen/Qwen2.5-Coder-14B-Instruct-AWQ,None
4025,Stacked Bar,Medium,6.7276,6.7276,1,0.0,0.0,0.0,0.0,0.0,0.0,0.0,0.0,0.0,0.0,1.0,0.0,0.0,False,Qwen/Qwen2.5-Coder-14B-Instruct-AWQ,None
4025,Stacked Bar,Medium,6.7276,6.7276,1,0.0,0.0,0.0,0.0,0.0,0.0,0.0,0.0,0.0,0.0,1.0,0.0,0.0,False,Qwen/Qwen2.5-Coder-14B-Instruct-AWQ,None
4025,Stacked Bar,Medium,6.7276,6.7276,1,0.0,0.0,0.0,0.0,0.0,0.0,0.0,0.0,0.0,0.0,1.0,0.0,0.0,False,Qwen/Qwen2.5-Coder-14B-Instruct-AWQ,None
4026,Grouping Line,Easy,18.3117,18.3117,1,1.0,0.0,0.0,0.0,0.0,0.0,0.0,0.0,1.0,0.0,0.0,,0.0,False,Qwen/Qwen2.5-Coder-14B-Instruct-AWQ,None
4026,Grouping Line,Easy,18.3117,18.3117,1,1.0,0.0,0.0,0.0,0.0,0.0,0.0,0.0,1.0,0.0,0.0,,0.0,False,Qwen/Qwen2.5-Coder-14B-Instruct-AWQ,None
4026,Grouping Line,Easy,18.3117,18.3117,1,1.0,0.0,0.0,0.0,0.0,0.0,0.0,0.0,1.0,0.0,0.0,,0.0,False,Qwen/Qwen2.5-Coder-14B-Instruct-AWQ,None
4027,Grouping Line,Easy,22.1131,22.1131,1,1.0,0.0,0.0,0.0,0.0,0.0,0.0,0.0,1.0,0.0,0.0,,0.0,False,Qwen/Qwen2.5-Coder-14B-Instruct-AWQ,None
4027,Grouping Line,Easy,22.1131,22.1131,1,1.0,0.0,0.0,0.0,0.0,0.0,0.0,0.0,1.0,0.0,0.0,,0.0,False,Qwen/Qwen2.5-Coder-14B-Instruct-AWQ,None
4027,Grouping Line,Easy,22.1131,22.1131,1,1.0,0.0,0.0,0.0,0.0,0.0,0.0,0.0,1.0,0.0,0.0,,0.0,False,Qwen/Qwen2.5-Coder-14B-Instruct-AWQ,None
4028,Stacked Bar,Easy,4.4019,4.4019,1,0.0,0.0,0.0,0.0,0.0,0.0,0.0,0.0,0.0,0.0,1.0,0.0,0.0,False,Qwen/Qwen2.5-Coder-14B-Instruct-AWQ,None
4028,Stacked Bar,Easy,4.4019,4.4019,1,0.0,0.0,0.0,0.0,0.0,0.0,0.0,0.0,0.0,0.0,1.0,0.0,0.0,False,Qwen/Qwen2.5-Coder-14B-Instruct-AWQ,None
4028,Stacked Bar,Easy,4.4019,4.4019,1,0.0,0.0,0.0,0.0,0.0,0.0,0.0,0.0,0.0,0.0,1.0,0.0,0.0,False,Qwen/Qwen2.5-Coder-14B-Instruct-AWQ,None
4029,Grouping Line,Hard,30.7558,30.7558,1,1.0,0.0,0.0,0.0,0.0,0.0,0.0,0.0,1.0,0.0,0.0,,0.0,True,Qwen/Qwen2.5-Coder-14B-Instruct-AWQ,None
4029,Grouping Line,Hard,30.7558,30.7558,1,1.0,0.0,0.0,0.0,0.0,0.0,0.0,0.0,1.0,0.0,0.0,,0.0,True,Qwen/Qwen2.5-Coder-14B-Instruct-AWQ,None
4029,Grouping Line,Hard,30.7558,30.7558,1,1.0,0.0,0.0,0.0,0.0,0.0,0.0,0.0,1.0,0.0,0.0,,0.0,True,Qwen/Qwen2.5-Coder-14B-Instruct-AWQ,None
4030,Stacked Bar,Medium,9.8654,9.8654,1,0.0,0.0,0.0,0.0,1.0,0.0,0.0,0.0,0.0,1.0,0.0,,0.0,False,Qwen/Qwen2.5-Coder-14B-Instruct-AWQ,None
4030,Stacked Bar,Medium,9.8654,9.8654,1,0.0,0.0,0.0,0.0,1.0,0.0,0.0,0.0,0.0,1.0,0.0,,0.0,False,Qwen/Qwen2.5-Coder-14B-Instruct-AWQ,None
4030,Stacked Bar,Medium,9.8654,9.8654,1,0.0,0.0,0.0,0.0,1.0,0.0,0.0,0.0,0.0,1.0,0.0,,0.0,False,Qwen/Qwen2.5-Coder-14B-Instruct-AWQ,None
4031,Stacked Bar,Medium,5.1332,5.1332,1,0.0,0.0,0.0,0.0,0.0,0.0,0.0,0.0,0.0,0.0,1.0,0.0,0.0,False,Qwen/Qwen2.5-Coder-14B-Instruct-AWQ,None
4031,Stacked Bar,Medium,5.1332,5.1332,1,0.0,0.0,0.0,0.0,0.0,0.0,0.0,0.0,0.0,0.0,1.0,0.0,0.0,False,Qwen/Qwen2.5-Coder-14B-Instruct-AWQ,None
4031,Stacked Bar,Medium,5.1332,5.1332,1,0.0,0.0,0.0,0.0,0.0,0.0,0.0,0.0,0.0,0.0,1.0,0.0,0.0,False,Qwen/Qwen2.5-Coder-14B-Instruct-AWQ,None
4032,Grouping Scatter,Medium,16.5191,16.5191,1,1.0,0.0,0.0,0.0,0.0,0.0,0.0,0.0,1.0,0.0,0.0,,0.0,False,Qwen/Qwen2.5-Coder-14B-Instruct-AWQ,None
4032,Grouping Scatter,Medium,16.5191,16.5191,1,1.0,0.0,0.0,0.0,0.0,0.0,0.0,0.0,1.0,0.0,0.0,,0.0,False,Qwen/Qwen2.5-Coder-14B-Instruct-AWQ,None
4032,Grouping Scatter,Medium,16.5191,16.5191,1,1.0,0.0,0.0,0.0,0.0,0.0,0.0,0.0,1.0,0.0,0.0,,0.0,False,Qwen/Qwen2.5-Coder-14B-Instruct-AWQ,None
4033,Grouping Line,Hard,10.2159,10.2159,1,0.0,0.0,0.0,0.0,1.0,0.0,0.0,0.0,0.0,1.0,0.0,,0.0,False,Qwen/Qwen2.5-Coder-14B-Instruct-AWQ,None
4033,Grouping Line,Hard,10.2159,10.2159,1,0.0,0.0,0.0,0.0,1.0,0.0,0.0,0.0,0.0,1.0,0.0,,0.0,False,Qwen/Qwen2.5-Coder-14B-Instruct-AWQ,None
4033,Grouping Line,Hard,10.2159,10.2159,1,0.0,0.0,0.0,0.0,1.0,0.0,0.0,0.0,0.0,1.0,0.0,,0.0,False,Qwen/Qwen2.5-Coder-14B-Instruct-AWQ,None
4034,Grouping Line,Medium,6.1113,6.1113,1,0.0,0.0,0.0,1.0,1.0,0.0,0.0,0.0,0.0,1.0,0.0,,0.0,False,Qwen/Qwen2.5-Coder-14B-Instruct-AWQ,None
4034,Grouping Line,Medium,6.1113,6.1113,1,0.0,0.0,0.0,1.0,1.0,0.0,0.0,0.0,0.0,1.0,0.0,,0.0,False,Qwen/Qwen2.5-Coder-14B-Instruct-AWQ,None
4034,Grouping Line,Medium,6.1113,6.1113,1,0.0,0.0,0.0,1.0,1.0,0.0,0.0,0.0,0.0,1.0,0.0,,0.0,False,Qwen/Qwen2.5-Coder-14B-Instruct-AWQ,None
4035,Grouping Line,Medium,22.2859,22.2859,1,1.0,0.0,0.0,0.0,0.0,0.0,0.0,0.0,1.0,0.0,0.0,,0.0,True,Qwen/Qwen2.5-Coder-14B-Instruct-AWQ,None
4035,Grouping Line,Medium,22.2859,22.2859,1,1.0,0.0,0.0,0.0,0.0,0.0,0.0,0.0,1.0,0.0,0.0,,0.0,True,Qwen/Qwen2.5-Coder-14B-Instruct-AWQ,None
4035,Grouping Line,Medium,22.2859,22.2859,1,1.0,0.0,0.0,0.0,0.0,0.0,0.0,0.0,1.0,0.0,0.0,,0.0,True,Qwen/Qwen2.5-Coder-14B-Instruct-AWQ,None
