id,chart,hardness,avg_inference_time,total_inference_time,inference_count,code execution_fail_rate,surface-form check_fail_rate,deconstruction_fail_rate,chart type check_fail_rate,data check_fail_rate,order check_fail_rate,layout check_fail_rate,scale and ticks check_fail_rate,invalid_rate,illegal rate,pass_rate,readability_score,quality_score,is_multi_table,text_model,vision_model
4,Pie,Medium,0.7754,3.1015,4,0.0,0.0,0.0,0.0,0.0,0.0,0.0,0.0,0.0,0.0,1.0,0.0,0.0,True,Qwen/Qwen2.5-Coder-7B-Instruct,None
4,Pie,Medium,0.7754,3.1015,4,0.0,0.0,0.0,0.0,0.0,0.0,0.0,0.0,0.0,0.0,1.0,0.0,0.0,True,Qwen/Qwen2.5-Coder-7B-Instruct,None
4,Pie,Medium,0.7754,3.1015,4,0.0,0.0,0.0,0.0,0.0,0.0,0.0,0.0,0.0,0.0,1.0,0.0,0.0,True,Qwen/Qwen2.5-Coder-7B-Instruct,None
5,Bar,Medium,0.7294,3.647,5,0.0,0.0,0.0,0.0,0.0,0.0,0.0,0.0,0.0,0.0,1.0,0.0,0.0,True,Qwen/Qwen2.5-Coder-7B-Instruct,None
5,Bar,Medium,0.7294,3.647,5,0.0,0.0,0.0,0.0,0.0,0.0,0.0,0.0,0.0,0.0,1.0,0.0,0.0,True,Qwen/Qwen2.5-Coder-7B-Instruct,None
5,Bar,Medium,0.7294,3.647,5,0.0,0.0,0.0,0.0,0.0,0.0,0.0,0.0,0.0,0.0,1.0,0.0,0.0,True,Qwen/Qwen2.5-Coder-7B-Instruct,None
8,Pie,Easy,0.3521,1.0563,3,0.0,0.0,0.0,0.0,0.0,0.0,0.0,0.0,0.0,0.0,1.0,0.0,0.0,False,Qwen/Qwen2.5-Coder-7B-Instruct,None
8,Pie,Easy,0.3521,1.0563,3,0.0,0.0,0.0,0.0,0.0,0.0,0.0,0.0,0.0,0.0,1.0,0.0,0.0,False,Qwen/Qwen2.5-Coder-7B-Instruct,None
8,Pie,Easy,0.3521,1.0563,3,0.0,0.0,0.0,0.0,0.0,0.0,0.0,0.0,0.0,0.0,1.0,0.0,0.0,False,Qwen/Qwen2.5-Coder-7B-Instruct,None
9,Bar,Easy,0.351,0.702,2,0.0,0.0,0.0,0.0,0.0,0.0,0.0,0.0,0.0,0.0,1.0,0.0,0.0,False,Qwen/Qwen2.5-Coder-7B-Instruct,None
9,Bar,Easy,0.351,0.702,2,0.0,0.0,0.0,0.0,0.0,0.0,0.0,0.0,0.0,0.0,1.0,0.0,0.0,False,Qwen/Qwen2.5-Coder-7B-Instruct,None
9,Bar,Easy,0.351,0.702,2,0.0,0.0,0.0,0.0,0.0,0.0,0.0,0.0,0.0,0.0,1.0,0.0,0.0,False,Qwen/Qwen2.5-Coder-7B-Instruct,None
14,Pie,Easy,0.3471,0.6942,2,0.0,0.0,0.0,0.0,0.0,0.0,0.0,0.0,0.0,0.0,1.0,0.0,0.0,False,Qwen/Qwen2.5-Coder-7B-Instruct,None
14,Pie,Easy,0.3471,0.6942,2,0.0,0.0,0.0,0.0,0.0,0.0,0.0,0.0,0.0,0.0,1.0,0.0,0.0,False,Qwen/Qwen2.5-Coder-7B-Instruct,None
14,Pie,Easy,0.3471,0.6942,2,0.0,0.0,0.0,0.0,0.0,0.0,0.0,0.0,0.0,0.0,1.0,0.0,0.0,False,Qwen/Qwen2.5-Coder-7B-Instruct,None
21,Pie,Medium,0.4797,0.9594,2,0.0,0.0,0.0,0.0,0.0,0.0,0.0,0.0,0.0,0.0,1.0,0.0,0.0,False,Qwen/Qwen2.5-Coder-7B-Instruct,None
21,Pie,Medium,0.4797,0.9594,2,0.0,0.0,0.0,0.0,0.0,0.0,0.0,0.0,0.0,0.0,1.0,0.0,0.0,False,Qwen/Qwen2.5-Coder-7B-Instruct,None
21,Pie,Medium,0.4797,0.9594,2,0.0,0.0,0.0,0.0,0.0,0.0,0.0,0.0,0.0,0.0,1.0,0.0,0.0,False,Qwen/Qwen2.5-Coder-7B-Instruct,None
32,Bar,Medium,0.8086,2.4259,3,0.0,0.0,0.0,0.0,0.0,0.0,0.0,0.0,0.0,0.0,1.0,0.0,0.0,True,Qwen/Qwen2.5-Coder-7B-Instruct,None
32,Bar,Medium,0.8086,2.4259,3,0.0,0.0,0.0,0.0,0.0,0.0,0.0,0.0,0.0,0.0,1.0,0.0,0.0,True,Qwen/Qwen2.5-Coder-7B-Instruct,None
32,Bar,Medium,0.8086,2.4259,3,0.0,0.0,0.0,0.0,0.0,0.0,0.0,0.0,0.0,0.0,1.0,0.0,0.0,True,Qwen/Qwen2.5-Coder-7B-Instruct,None
33,Pie,Easy,0.3447,1.3788,4,0.0,0.0,0.0,0.0,0.75,0.0,0.0,0.0,0.0,0.75,0.25,0.0,0.0,False,Qwen/Qwen2.5-Coder-7B-Instruct,None
33,Pie,Easy,0.3447,1.3788,4,0.0,0.0,0.0,0.0,0.75,0.0,0.0,0.0,0.0,0.75,0.25,0.0,0.0,False,Qwen/Qwen2.5-Coder-7B-Instruct,None
33,Pie,Easy,0.3447,1.3788,4,0.0,0.0,0.0,0.0,0.75,0.0,0.0,0.0,0.0,0.75,0.25,0.0,0.0,False,Qwen/Qwen2.5-Coder-7B-Instruct,None
34,Bar,Easy,0.3622,1.8112,5,0.0,0.0,0.0,0.0,0.0,0.0,0.0,0.0,0.0,0.0,1.0,0.0,0.0,False,Qwen/Qwen2.5-Coder-7B-Instruct,None
34,Bar,Easy,0.3622,1.8112,5,0.0,0.0,0.0,0.0,0.0,0.0,0.0,0.0,0.0,0.0,1.0,0.0,0.0,False,Qwen/Qwen2.5-Coder-7B-Instruct,None
34,Bar,Easy,0.3622,1.8112,5,0.0,0.0,0.0,0.0,0.0,0.0,0.0,0.0,0.0,0.0,1.0,0.0,0.0,False,Qwen/Qwen2.5-Coder-7B-Instruct,None
35,Pie,Medium,0.5097,0.5097,1,0.0,0.0,0.0,0.0,1.0,0.0,0.0,0.0,0.0,1.0,0.0,,0.0,True,Qwen/Qwen2.5-Coder-7B-Instruct,None
35,Pie,Medium,0.5097,0.5097,1,0.0,0.0,0.0,0.0,1.0,0.0,0.0,0.0,0.0,1.0,0.0,,0.0,True,Qwen/Qwen2.5-Coder-7B-Instruct,None
35,Pie,Medium,0.5097,0.5097,1,0.0,0.0,0.0,0.0,1.0,0.0,0.0,0.0,0.0,1.0,0.0,,0.0,True,Qwen/Qwen2.5-Coder-7B-Instruct,None
36,Bar,Medium,0.4543,0.9086,2,0.0,0.0,0.0,0.0,1.0,0.0,0.0,0.0,0.0,1.0,0.0,,0.0,True,Qwen/Qwen2.5-Coder-7B-Instruct,None
36,Bar,Medium,0.4543,0.9086,2,0.0,0.0,0.0,0.0,1.0,0.0,0.0,0.0,0.0,1.0,0.0,,0.0,True,Qwen/Qwen2.5-Coder-7B-Instruct,None
36,Bar,Medium,0.4543,0.9086,2,0.0,0.0,0.0,0.0,1.0,0.0,0.0,0.0,0.0,1.0,0.0,,0.0,True,Qwen/Qwen2.5-Coder-7B-Instruct,None
37,Pie,Medium,9.1591,18.3182,2,0.5,0.0,0.0,0.0,0.0,0.0,0.0,0.0,0.5,0.0,0.5,0.0,0.0,True,Qwen/Qwen2.5-Coder-7B-Instruct,None
37,Pie,Medium,9.1591,18.3182,2,0.5,0.0,0.0,0.0,0.0,0.0,0.0,0.0,0.5,0.0,0.5,0.0,0.0,True,Qwen/Qwen2.5-Coder-7B-Instruct,None
37,Pie,Medium,9.1591,18.3182,2,0.5,0.0,0.0,0.0,0.0,0.0,0.0,0.0,0.5,0.0,0.5,0.0,0.0,True,Qwen/Qwen2.5-Coder-7B-Instruct,None
46,Pie,Easy,0.422,0.844,2,0.0,0.0,0.0,0.0,1.0,0.0,0.0,0.0,0.0,1.0,0.0,,0.0,False,Qwen/Qwen2.5-Coder-7B-Instruct,None
46,Pie,Easy,0.422,0.844,2,0.0,0.0,0.0,0.0,1.0,0.0,0.0,0.0,0.0,1.0,0.0,,0.0,False,Qwen/Qwen2.5-Coder-7B-Instruct,None
46,Pie,Easy,0.422,0.844,2,0.0,0.0,0.0,0.0,1.0,0.0,0.0,0.0,0.0,1.0,0.0,,0.0,False,Qwen/Qwen2.5-Coder-7B-Instruct,None
54,Pie,Hard,7.2654,14.5307,2,0.0,0.0,0.0,0.0,0.0,0.0,0.0,0.0,0.0,0.0,1.0,0.0,0.0,True,Qwen/Qwen2.5-Coder-7B-Instruct,None
54,Pie,Hard,7.2654,14.5307,2,0.0,0.0,0.0,0.0,0.0,0.0,0.0,0.0,0.0,0.0,1.0,0.0,0.0,True,Qwen/Qwen2.5-Coder-7B-Instruct,None
54,Pie,Hard,7.2654,14.5307,2,0.0,0.0,0.0,0.0,0.0,0.0,0.0,0.0,0.0,0.0,1.0,0.0,0.0,True,Qwen/Qwen2.5-Coder-7B-Instruct,None
55,Bar,Hard,6.6236,13.2473,2,0.0,0.0,0.0,0.5,0.5,0.0,0.0,0.0,0.0,0.5,0.5,0.0,0.0,True,Qwen/Qwen2.5-Coder-7B-Instruct,None
55,Bar,Hard,6.6236,13.2473,2,0.0,0.0,0.0,0.5,0.5,0.0,0.0,0.0,0.0,0.5,0.5,0.0,0.0,True,Qwen/Qwen2.5-Coder-7B-Instruct,None
55,Bar,Hard,6.6236,13.2473,2,0.0,0.0,0.0,0.5,0.5,0.0,0.0,0.0,0.0,0.5,0.5,0.0,0.0,True,Qwen/Qwen2.5-Coder-7B-Instruct,None
62,Scatter,Easy,0.3886,0.7773,2,0.0,0.0,0.0,0.0,0.0,0.0,0.0,0.0,0.0,0.0,1.0,0.0,0.0,False,Qwen/Qwen2.5-Coder-7B-Instruct,None
62,Scatter,Easy,0.3886,0.7773,2,0.0,0.0,0.0,0.0,0.0,0.0,0.0,0.0,0.0,0.0,1.0,0.0,0.0,False,Qwen/Qwen2.5-Coder-7B-Instruct,None
62,Scatter,Easy,0.3886,0.7773,2,0.0,0.0,0.0,0.0,0.0,0.0,0.0,0.0,0.0,0.0,1.0,0.0,0.0,False,Qwen/Qwen2.5-Coder-7B-Instruct,None
63,Pie,Medium,0.4849,1.9396,4,0.0,0.0,0.0,0.0,0.0,0.0,0.0,0.0,0.0,0.0,1.0,0.0,0.0,False,Qwen/Qwen2.5-Coder-7B-Instruct,None
63,Pie,Medium,0.4849,1.9396,4,0.0,0.0,0.0,0.0,0.0,0.0,0.0,0.0,0.0,0.0,1.0,0.0,0.0,False,Qwen/Qwen2.5-Coder-7B-Instruct,None
63,Pie,Medium,0.4849,1.9396,4,0.0,0.0,0.0,0.0,0.0,0.0,0.0,0.0,0.0,0.0,1.0,0.0,0.0,False,Qwen/Qwen2.5-Coder-7B-Instruct,None
64,Bar,Medium,0.5011,1.5032,3,0.0,0.0,0.0,0.0,0.0,0.0,0.0,0.0,0.0,0.0,1.0,0.0,0.0,False,Qwen/Qwen2.5-Coder-7B-Instruct,None
64,Bar,Medium,0.5011,1.5032,3,0.0,0.0,0.0,0.0,0.0,0.0,0.0,0.0,0.0,0.0,1.0,0.0,0.0,False,Qwen/Qwen2.5-Coder-7B-Instruct,None
64,Bar,Medium,0.5011,1.5032,3,0.0,0.0,0.0,0.0,0.0,0.0,0.0,0.0,0.0,0.0,1.0,0.0,0.0,False,Qwen/Qwen2.5-Coder-7B-Instruct,None
65,Bar,Hard,0.9495,1.899,2,0.0,0.0,0.0,0.0,0.0,0.0,0.0,0.0,0.0,0.0,1.0,0.0,0.0,True,Qwen/Qwen2.5-Coder-7B-Instruct,None
65,Bar,Hard,0.9495,1.899,2,0.0,0.0,0.0,0.0,0.0,0.0,0.0,0.0,0.0,0.0,1.0,0.0,0.0,True,Qwen/Qwen2.5-Coder-7B-Instruct,None
65,Bar,Hard,0.9495,1.899,2,0.0,0.0,0.0,0.0,0.0,0.0,0.0,0.0,0.0,0.0,1.0,0.0,0.0,True,Qwen/Qwen2.5-Coder-7B-Instruct,None
68,Bar,Hard,20.4581,40.9161,2,0.0,0.0,0.0,0.0,0.0,0.0,0.0,0.0,0.0,0.0,1.0,0.0,0.0,True,Qwen/Qwen2.5-Coder-7B-Instruct,None
68,Bar,Hard,20.4581,40.9161,2,0.0,0.0,0.0,0.0,0.0,0.0,0.0,0.0,0.0,0.0,1.0,0.0,0.0,True,Qwen/Qwen2.5-Coder-7B-Instruct,None
68,Bar,Hard,20.4581,40.9161,2,0.0,0.0,0.0,0.0,0.0,0.0,0.0,0.0,0.0,0.0,1.0,0.0,0.0,True,Qwen/Qwen2.5-Coder-7B-Instruct,None
69,Bar,Hard,0.9643,1.9286,2,0.0,0.0,0.0,0.0,0.0,0.0,0.0,0.0,0.0,0.0,1.0,0.0,0.0,True,Qwen/Qwen2.5-Coder-7B-Instruct,None
69,Bar,Hard,0.9643,1.9286,2,0.0,0.0,0.0,0.0,0.0,0.0,0.0,0.0,0.0,0.0,1.0,0.0,0.0,True,Qwen/Qwen2.5-Coder-7B-Instruct,None
69,Bar,Hard,0.9643,1.9286,2,0.0,0.0,0.0,0.0,0.0,0.0,0.0,0.0,0.0,0.0,1.0,0.0,0.0,True,Qwen/Qwen2.5-Coder-7B-Instruct,None
72,Bar,Hard,21.9037,43.8075,2,0.0,0.0,0.0,0.0,1.0,0.0,0.0,0.0,0.0,1.0,0.0,,0.0,True,Qwen/Qwen2.5-Coder-7B-Instruct,None
72,Bar,Hard,21.9037,43.8075,2,0.0,0.0,0.0,0.0,1.0,0.0,0.0,0.0,0.0,1.0,0.0,,0.0,True,Qwen/Qwen2.5-Coder-7B-Instruct,None
72,Bar,Hard,21.9037,43.8075,2,0.0,0.0,0.0,0.0,1.0,0.0,0.0,0.0,0.0,1.0,0.0,,0.0,True,Qwen/Qwen2.5-Coder-7B-Instruct,None
74,Bar,Easy,0.474,2.8438,6,0.0,0.0,0.0,0.0,0.0,0.0,0.0,0.0,0.0,0.0,1.0,0.0,0.0,False,Qwen/Qwen2.5-Coder-7B-Instruct,None
74,Bar,Easy,0.474,2.8438,6,0.0,0.0,0.0,0.0,0.0,0.0,0.0,0.0,0.0,0.0,1.0,0.0,0.0,False,Qwen/Qwen2.5-Coder-7B-Instruct,None
74,Bar,Easy,0.474,2.8438,6,0.0,0.0,0.0,0.0,0.0,0.0,0.0,0.0,0.0,0.0,1.0,0.0,0.0,False,Qwen/Qwen2.5-Coder-7B-Instruct,None
77,Bar,Hard,1.2689,2.5379,2,0.0,0.0,0.0,0.0,0.0,0.0,0.0,0.0,0.0,0.0,1.0,0.0,0.0,True,Qwen/Qwen2.5-Coder-7B-Instruct,None
77,Bar,Hard,1.2689,2.5379,2,0.0,0.0,0.0,0.0,0.0,0.0,0.0,0.0,0.0,0.0,1.0,0.0,0.0,True,Qwen/Qwen2.5-Coder-7B-Instruct,None
77,Bar,Hard,1.2689,2.5379,2,0.0,0.0,0.0,0.0,0.0,0.0,0.0,0.0,0.0,0.0,1.0,0.0,0.0,True,Qwen/Qwen2.5-Coder-7B-Instruct,None
81,Pie,Hard,0.9887,3.9547,4,0.0,0.0,0.0,0.0,0.0,0.0,0.0,0.0,0.0,0.0,1.0,0.0,0.0,True,Qwen/Qwen2.5-Coder-7B-Instruct,None
81,Pie,Hard,0.9887,3.9547,4,0.0,0.0,0.0,0.0,0.0,0.0,0.0,0.0,0.0,0.0,1.0,0.0,0.0,True,Qwen/Qwen2.5-Coder-7B-Instruct,None
81,Pie,Hard,0.9887,3.9547,4,0.0,0.0,0.0,0.0,0.0,0.0,0.0,0.0,0.0,0.0,1.0,0.0,0.0,True,Qwen/Qwen2.5-Coder-7B-Instruct,None
86,Bar,Easy,2.4746,4.9493,2,0.0,0.0,0.0,0.0,0.0,0.0,0.0,0.0,0.0,0.0,1.0,0.0,0.0,False,Qwen/Qwen2.5-Coder-7B-Instruct,None
86,Bar,Easy,2.4746,4.9493,2,0.0,0.0,0.0,0.0,0.0,0.0,0.0,0.0,0.0,0.0,1.0,0.0,0.0,False,Qwen/Qwen2.5-Coder-7B-Instruct,None
86,Bar,Easy,2.4746,4.9493,2,0.0,0.0,0.0,0.0,0.0,0.0,0.0,0.0,0.0,0.0,1.0,0.0,0.0,False,Qwen/Qwen2.5-Coder-7B-Instruct,None
93,Pie,Medium,0.4546,1.8183,4,0.0,0.0,0.0,0.0,0.0,0.0,0.0,0.0,0.0,0.0,1.0,0.0,0.0,False,Qwen/Qwen2.5-Coder-7B-Instruct,None
93,Pie,Medium,0.4546,1.8183,4,0.0,0.0,0.0,0.0,0.0,0.0,0.0,0.0,0.0,0.0,1.0,0.0,0.0,False,Qwen/Qwen2.5-Coder-7B-Instruct,None
93,Pie,Medium,0.4546,1.8183,4,0.0,0.0,0.0,0.0,0.0,0.0,0.0,0.0,0.0,0.0,1.0,0.0,0.0,False,Qwen/Qwen2.5-Coder-7B-Instruct,None
94,Bar,Medium,0.472,1.8882,4,0.0,0.0,0.0,0.0,0.0,0.0,0.0,0.0,0.0,0.0,1.0,0.0,0.0,False,Qwen/Qwen2.5-Coder-7B-Instruct,None
94,Bar,Medium,0.472,1.8882,4,0.0,0.0,0.0,0.0,0.0,0.0,0.0,0.0,0.0,0.0,1.0,0.0,0.0,False,Qwen/Qwen2.5-Coder-7B-Instruct,None
94,Bar,Medium,0.472,1.8882,4,0.0,0.0,0.0,0.0,0.0,0.0,0.0,0.0,0.0,0.0,1.0,0.0,0.0,False,Qwen/Qwen2.5-Coder-7B-Instruct,None
95,Pie,Easy,3.4822,10.4467,3,0.0,0.0,0.0,0.0,0.3333333333333333,0.0,0.0,0.0,0.0,0.3333333333333333,0.6666666666666666,0.0,0.0,False,Qwen/Qwen2.5-Coder-7B-Instruct,None
95,Pie,Easy,3.4822,10.4467,3,0.0,0.0,0.0,0.0,0.3333333333333333,0.0,0.0,0.0,0.0,0.3333333333333333,0.6666666666666666,0.0,0.0,False,Qwen/Qwen2.5-Coder-7B-Instruct,None
95,Pie,Easy,3.4822,10.4467,3,0.0,0.0,0.0,0.0,0.3333333333333333,0.0,0.0,0.0,0.0,0.3333333333333333,0.6666666666666666,0.0,0.0,False,Qwen/Qwen2.5-Coder-7B-Instruct,None
96,Bar,Easy,0.4531,1.3593,3,0.0,0.0,0.0,0.0,0.0,0.0,0.0,0.0,0.0,0.0,1.0,0.0,0.0,False,Qwen/Qwen2.5-Coder-7B-Instruct,None
96,Bar,Easy,0.4531,1.3593,3,0.0,0.0,0.0,0.0,0.0,0.0,0.0,0.0,0.0,0.0,1.0,0.0,0.0,False,Qwen/Qwen2.5-Coder-7B-Instruct,None
96,Bar,Easy,0.4531,1.3593,3,0.0,0.0,0.0,0.0,0.0,0.0,0.0,0.0,0.0,0.0,1.0,0.0,0.0,False,Qwen/Qwen2.5-Coder-7B-Instruct,None
98,Bar,Medium,1.0697,1.0697,1,0.0,0.0,0.0,0.0,1.0,0.0,0.0,0.0,0.0,1.0,0.0,,0.0,True,Qwen/Qwen2.5-Coder-7B-Instruct,None
98,Bar,Medium,1.0697,1.0697,1,0.0,0.0,0.0,0.0,1.0,0.0,0.0,0.0,0.0,1.0,0.0,,0.0,True,Qwen/Qwen2.5-Coder-7B-Instruct,None
98,Bar,Medium,1.0697,1.0697,1,0.0,0.0,0.0,0.0,1.0,0.0,0.0,0.0,0.0,1.0,0.0,,0.0,True,Qwen/Qwen2.5-Coder-7B-Instruct,None
103,Pie,Hard,1.0405,2.0811,2,0.0,0.0,0.0,0.0,0.0,0.0,0.0,0.0,0.0,0.0,1.0,0.0,0.0,True,Qwen/Qwen2.5-Coder-7B-Instruct,None
103,Pie,Hard,1.0405,2.0811,2,0.0,0.0,0.0,0.0,0.0,0.0,0.0,0.0,0.0,0.0,1.0,0.0,0.0,True,Qwen/Qwen2.5-Coder-7B-Instruct,None
103,Pie,Hard,1.0405,2.0811,2,0.0,0.0,0.0,0.0,0.0,0.0,0.0,0.0,0.0,0.0,1.0,0.0,0.0,True,Qwen/Qwen2.5-Coder-7B-Instruct,None
120,Bar,Medium,0.4775,0.4775,1,0.0,0.0,0.0,0.0,0.0,0.0,0.0,0.0,0.0,0.0,1.0,0.0,0.0,True,Qwen/Qwen2.5-Coder-7B-Instruct,None
120,Bar,Medium,0.4775,0.4775,1,0.0,0.0,0.0,0.0,0.0,0.0,0.0,0.0,0.0,0.0,1.0,0.0,0.0,True,Qwen/Qwen2.5-Coder-7B-Instruct,None
120,Bar,Medium,0.4775,0.4775,1,0.0,0.0,0.0,0.0,0.0,0.0,0.0,0.0,0.0,0.0,1.0,0.0,0.0,True,Qwen/Qwen2.5-Coder-7B-Instruct,None
131,Pie,Medium,17.1843,17.1843,1,1.0,0.0,0.0,0.0,0.0,0.0,0.0,0.0,1.0,0.0,0.0,,0.0,True,Qwen/Qwen2.5-Coder-7B-Instruct,None
131,Pie,Medium,17.1843,17.1843,1,1.0,0.0,0.0,0.0,0.0,0.0,0.0,0.0,1.0,0.0,0.0,,0.0,True,Qwen/Qwen2.5-Coder-7B-Instruct,None
131,Pie,Medium,17.1843,17.1843,1,1.0,0.0,0.0,0.0,0.0,0.0,0.0,0.0,1.0,0.0,0.0,,0.0,True,Qwen/Qwen2.5-Coder-7B-Instruct,None
138,Pie,Medium,0.8311,1.6623,2,0.0,0.0,0.0,0.0,0.0,0.0,0.0,0.0,0.0,0.0,1.0,0.0,0.0,True,Qwen/Qwen2.5-Coder-7B-Instruct,None
138,Pie,Medium,0.8311,1.6623,2,0.0,0.0,0.0,0.0,0.0,0.0,0.0,0.0,0.0,0.0,1.0,0.0,0.0,True,Qwen/Qwen2.5-Coder-7B-Instruct,None
138,Pie,Medium,0.8311,1.6623,2,0.0,0.0,0.0,0.0,0.0,0.0,0.0,0.0,0.0,0.0,1.0,0.0,0.0,True,Qwen/Qwen2.5-Coder-7B-Instruct,None
146,Stacked Bar,Hard,15.1299,15.1299,1,0.0,1.0,0.0,0.0,0.0,0.0,0.0,0.0,1.0,0.0,0.0,,0.0,True,Qwen/Qwen2.5-Coder-7B-Instruct,None
146,Stacked Bar,Hard,15.1299,15.1299,1,0.0,1.0,0.0,0.0,0.0,0.0,0.0,0.0,1.0,0.0,0.0,,0.0,True,Qwen/Qwen2.5-Coder-7B-Instruct,None
146,Stacked Bar,Hard,15.1299,15.1299,1,0.0,1.0,0.0,0.0,0.0,0.0,0.0,0.0,1.0,0.0,0.0,,0.0,True,Qwen/Qwen2.5-Coder-7B-Instruct,None
150,Pie,Medium,0.9525,0.9525,1,0.0,0.0,0.0,0.0,1.0,0.0,0.0,0.0,0.0,1.0,0.0,,0.0,True,Qwen/Qwen2.5-Coder-7B-Instruct,None
150,Pie,Medium,0.9525,0.9525,1,0.0,0.0,0.0,0.0,1.0,0.0,0.0,0.0,0.0,1.0,0.0,,0.0,True,Qwen/Qwen2.5-Coder-7B-Instruct,None
150,Pie,Medium,0.9525,0.9525,1,0.0,0.0,0.0,0.0,1.0,0.0,0.0,0.0,0.0,1.0,0.0,,0.0,True,Qwen/Qwen2.5-Coder-7B-Instruct,None
158,Bar,Hard,10.7692,10.7692,1,0.0,0.0,0.0,1.0,1.0,0.0,0.0,0.0,0.0,1.0,0.0,,0.0,True,Qwen/Qwen2.5-Coder-7B-Instruct,None
158,Bar,Hard,10.7692,10.7692,1,0.0,0.0,0.0,1.0,1.0,0.0,0.0,0.0,0.0,1.0,0.0,,0.0,True,Qwen/Qwen2.5-Coder-7B-Instruct,None
158,Bar,Hard,10.7692,10.7692,1,0.0,0.0,0.0,1.0,1.0,0.0,0.0,0.0,0.0,1.0,0.0,,0.0,True,Qwen/Qwen2.5-Coder-7B-Instruct,None
163,Line,Hard,1.596,1.596,1,0.0,0.0,0.0,0.0,0.0,0.0,0.0,0.0,0.0,0.0,1.0,0.0,0.0,True,Qwen/Qwen2.5-Coder-7B-Instruct,None
163,Line,Hard,1.596,1.596,1,0.0,0.0,0.0,0.0,0.0,0.0,0.0,0.0,0.0,0.0,1.0,0.0,0.0,True,Qwen/Qwen2.5-Coder-7B-Instruct,None
163,Line,Hard,1.596,1.596,1,0.0,0.0,0.0,0.0,0.0,0.0,0.0,0.0,0.0,0.0,1.0,0.0,0.0,True,Qwen/Qwen2.5-Coder-7B-Instruct,None
173,Pie,Medium,0.5433,0.5433,1,0.0,0.0,0.0,0.0,0.0,0.0,0.0,0.0,0.0,0.0,1.0,0.0,0.0,False,Qwen/Qwen2.5-Coder-7B-Instruct,None
173,Pie,Medium,0.5433,0.5433,1,0.0,0.0,0.0,0.0,0.0,0.0,0.0,0.0,0.0,0.0,1.0,0.0,0.0,False,Qwen/Qwen2.5-Coder-7B-Instruct,None
173,Pie,Medium,0.5433,0.5433,1,0.0,0.0,0.0,0.0,0.0,0.0,0.0,0.0,0.0,0.0,1.0,0.0,0.0,False,Qwen/Qwen2.5-Coder-7B-Instruct,None
175,Scatter,Medium,0.9095,2.7286,3,0.0,0.0,0.0,0.0,0.0,0.0,0.0,0.0,0.0,0.0,1.0,0.0,0.0,True,Qwen/Qwen2.5-Coder-7B-Instruct,None
175,Scatter,Medium,0.9095,2.7286,3,0.0,0.0,0.0,0.0,0.0,0.0,0.0,0.0,0.0,0.0,1.0,0.0,0.0,True,Qwen/Qwen2.5-Coder-7B-Instruct,None
175,Scatter,Medium,0.9095,2.7286,3,0.0,0.0,0.0,0.0,0.0,0.0,0.0,0.0,0.0,0.0,1.0,0.0,0.0,True,Qwen/Qwen2.5-Coder-7B-Instruct,None
186,Bar,Medium,0.5819,0.5819,1,0.0,0.0,0.0,0.0,0.0,0.0,0.0,0.0,0.0,0.0,1.0,0.0,0.0,False,Qwen/Qwen2.5-Coder-7B-Instruct,None
186,Bar,Medium,0.5819,0.5819,1,0.0,0.0,0.0,0.0,0.0,0.0,0.0,0.0,0.0,0.0,1.0,0.0,0.0,False,Qwen/Qwen2.5-Coder-7B-Instruct,None
186,Bar,Medium,0.5819,0.5819,1,0.0,0.0,0.0,0.0,0.0,0.0,0.0,0.0,0.0,0.0,1.0,0.0,0.0,False,Qwen/Qwen2.5-Coder-7B-Instruct,None
189,Stacked Bar,Extra Hard,9.4088,37.6351,4,0.25,0.0,0.0,0.75,0.75,0.0,0.0,0.0,0.25,0.75,0.0,,0.0,False,Qwen/Qwen2.5-Coder-7B-Instruct,None
189,Stacked Bar,Extra Hard,9.4088,37.6351,4,0.25,0.0,0.0,0.75,0.75,0.0,0.0,0.0,0.25,0.75,0.0,,0.0,False,Qwen/Qwen2.5-Coder-7B-Instruct,None
189,Stacked Bar,Extra Hard,9.4088,37.6351,4,0.25,0.0,0.0,0.75,0.75,0.0,0.0,0.0,0.25,0.75,0.0,,0.0,False,Qwen/Qwen2.5-Coder-7B-Instruct,None
194,Stacked Bar,Extra Hard,16.8243,16.8243,1,0.0,0.0,0.0,0.0,0.0,0.0,0.0,0.0,0.0,0.0,1.0,0.0,0.0,False,Qwen/Qwen2.5-Coder-7B-Instruct,None
194,Stacked Bar,Extra Hard,16.8243,16.8243,1,0.0,0.0,0.0,0.0,0.0,0.0,0.0,0.0,0.0,0.0,1.0,0.0,0.0,False,Qwen/Qwen2.5-Coder-7B-Instruct,None
194,Stacked Bar,Extra Hard,16.8243,16.8243,1,0.0,0.0,0.0,0.0,0.0,0.0,0.0,0.0,0.0,0.0,1.0,0.0,0.0,False,Qwen/Qwen2.5-Coder-7B-Instruct,None
195,Stacked Bar,Extra Hard,16.036,16.036,1,1.0,0.0,0.0,0.0,0.0,0.0,0.0,0.0,1.0,0.0,0.0,,0.0,False,Qwen/Qwen2.5-Coder-7B-Instruct,None
195,Stacked Bar,Extra Hard,16.036,16.036,1,1.0,0.0,0.0,0.0,0.0,0.0,0.0,0.0,1.0,0.0,0.0,,0.0,False,Qwen/Qwen2.5-Coder-7B-Instruct,None
195,Stacked Bar,Extra Hard,16.036,16.036,1,1.0,0.0,0.0,0.0,0.0,0.0,0.0,0.0,1.0,0.0,0.0,,0.0,False,Qwen/Qwen2.5-Coder-7B-Instruct,None
196,Stacked Bar,Extra Hard,10.1105,50.5525,5,0.0,0.0,0.0,1.0,1.0,0.0,0.0,0.0,0.0,1.0,0.0,,0.0,False,Qwen/Qwen2.5-Coder-7B-Instruct,None
196,Stacked Bar,Extra Hard,10.1105,50.5525,5,0.0,0.0,0.0,1.0,1.0,0.0,0.0,0.0,0.0,1.0,0.0,,0.0,False,Qwen/Qwen2.5-Coder-7B-Instruct,None
196,Stacked Bar,Extra Hard,10.1105,50.5525,5,0.0,0.0,0.0,1.0,1.0,0.0,0.0,0.0,0.0,1.0,0.0,,0.0,False,Qwen/Qwen2.5-Coder-7B-Instruct,None
201,Stacked Bar,Extra Hard,14.103,70.5151,5,0.6,0.0,0.0,0.0,0.0,0.0,0.0,0.0,0.6,0.0,0.4,0.0,0.0,False,Qwen/Qwen2.5-Coder-7B-Instruct,None
201,Stacked Bar,Extra Hard,14.103,70.5151,5,0.6,0.0,0.0,0.0,0.0,0.0,0.0,0.0,0.6,0.0,0.4,0.0,0.0,False,Qwen/Qwen2.5-Coder-7B-Instruct,None
201,Stacked Bar,Extra Hard,14.103,70.5151,5,0.6,0.0,0.0,0.0,0.0,0.0,0.0,0.0,0.6,0.0,0.4,0.0,0.0,False,Qwen/Qwen2.5-Coder-7B-Instruct,None
202,Stacked Bar,Extra Hard,15.7159,31.4318,2,0.5,0.0,0.0,0.0,0.0,0.0,0.0,0.0,0.5,0.0,0.5,0.0,0.0,False,Qwen/Qwen2.5-Coder-7B-Instruct,None
202,Stacked Bar,Extra Hard,15.7159,31.4318,2,0.5,0.0,0.0,0.0,0.0,0.0,0.0,0.0,0.5,0.0,0.5,0.0,0.0,False,Qwen/Qwen2.5-Coder-7B-Instruct,None
202,Stacked Bar,Extra Hard,15.7159,31.4318,2,0.5,0.0,0.0,0.0,0.0,0.0,0.0,0.0,0.5,0.0,0.5,0.0,0.0,False,Qwen/Qwen2.5-Coder-7B-Instruct,None
205,Bar,Medium,10.1473,30.4418,3,0.3333333333333333,0.0,0.0,0.0,0.6666666666666666,0.0,0.0,0.0,0.3333333333333333,0.6666666666666666,0.0,,0.0,False,Qwen/Qwen2.5-Coder-7B-Instruct,None
205,Bar,Medium,10.1473,30.4418,3,0.3333333333333333,0.0,0.0,0.0,0.6666666666666666,0.0,0.0,0.0,0.3333333333333333,0.6666666666666666,0.0,,0.0,False,Qwen/Qwen2.5-Coder-7B-Instruct,None
205,Bar,Medium,10.1473,30.4418,3,0.3333333333333333,0.0,0.0,0.0,0.6666666666666666,0.0,0.0,0.0,0.3333333333333333,0.6666666666666666,0.0,,0.0,False,Qwen/Qwen2.5-Coder-7B-Instruct,None
210,Stacked Bar,Extra Hard,5.4947,5.4947,1,0.0,0.0,0.0,1.0,1.0,0.0,0.0,0.0,0.0,1.0,0.0,,0.0,False,Qwen/Qwen2.5-Coder-7B-Instruct,None
210,Stacked Bar,Extra Hard,5.4947,5.4947,1,0.0,0.0,0.0,1.0,1.0,0.0,0.0,0.0,0.0,1.0,0.0,,0.0,False,Qwen/Qwen2.5-Coder-7B-Instruct,None
210,Stacked Bar,Extra Hard,5.4947,5.4947,1,0.0,0.0,0.0,1.0,1.0,0.0,0.0,0.0,0.0,1.0,0.0,,0.0,False,Qwen/Qwen2.5-Coder-7B-Instruct,None
211,Stacked Bar,Extra Hard,6.467,6.467,1,0.0,0.0,0.0,0.0,1.0,0.0,0.0,0.0,0.0,1.0,0.0,,0.0,False,Qwen/Qwen2.5-Coder-7B-Instruct,None
211,Stacked Bar,Extra Hard,6.467,6.467,1,0.0,0.0,0.0,0.0,1.0,0.0,0.0,0.0,0.0,1.0,0.0,,0.0,False,Qwen/Qwen2.5-Coder-7B-Instruct,None
211,Stacked Bar,Extra Hard,6.467,6.467,1,0.0,0.0,0.0,0.0,1.0,0.0,0.0,0.0,0.0,1.0,0.0,,0.0,False,Qwen/Qwen2.5-Coder-7B-Instruct,None
219,Bar,Medium,0.4863,1.9451,4,0.0,0.0,0.0,0.0,0.0,0.0,0.0,0.0,0.0,0.0,1.0,0.0,0.0,False,Qwen/Qwen2.5-Coder-7B-Instruct,None
219,Bar,Medium,0.4863,1.9451,4,0.0,0.0,0.0,0.0,0.0,0.0,0.0,0.0,0.0,0.0,1.0,0.0,0.0,False,Qwen/Qwen2.5-Coder-7B-Instruct,None
219,Bar,Medium,0.4863,1.9451,4,0.0,0.0,0.0,0.0,0.0,0.0,0.0,0.0,0.0,0.0,1.0,0.0,0.0,False,Qwen/Qwen2.5-Coder-7B-Instruct,None
224,Stacked Bar,Extra Hard,18.222,54.6661,3,0.6666666666666666,0.0,0.0,0.0,0.0,0.0,0.0,0.0,0.6666666666666666,0.0,0.3333333333333333,0.0,0.0,False,Qwen/Qwen2.5-Coder-7B-Instruct,None
224,Stacked Bar,Extra Hard,18.222,54.6661,3,0.6666666666666666,0.0,0.0,0.0,0.0,0.0,0.0,0.0,0.6666666666666666,0.0,0.3333333333333333,0.0,0.0,False,Qwen/Qwen2.5-Coder-7B-Instruct,None
224,Stacked Bar,Extra Hard,18.222,54.6661,3,0.6666666666666666,0.0,0.0,0.0,0.0,0.0,0.0,0.0,0.6666666666666666,0.0,0.3333333333333333,0.0,0.0,False,Qwen/Qwen2.5-Coder-7B-Instruct,None
225,Stacked Bar,Extra Hard,18.4163,18.4163,1,0.0,0.0,0.0,0.0,0.0,0.0,0.0,0.0,0.0,0.0,1.0,0.0,0.0,False,Qwen/Qwen2.5-Coder-7B-Instruct,None
225,Stacked Bar,Extra Hard,18.4163,18.4163,1,0.0,0.0,0.0,0.0,0.0,0.0,0.0,0.0,0.0,0.0,1.0,0.0,0.0,False,Qwen/Qwen2.5-Coder-7B-Instruct,None
225,Stacked Bar,Extra Hard,18.4163,18.4163,1,0.0,0.0,0.0,0.0,0.0,0.0,0.0,0.0,0.0,0.0,1.0,0.0,0.0,False,Qwen/Qwen2.5-Coder-7B-Instruct,None
231,Bar,Medium,3.2011,12.8045,4,0.0,0.0,0.0,0.0,0.25,0.0,0.0,0.0,0.0,0.25,0.75,0.0,0.0,False,Qwen/Qwen2.5-Coder-7B-Instruct,None
231,Bar,Medium,3.2011,12.8045,4,0.0,0.0,0.0,0.0,0.25,0.0,0.0,0.0,0.0,0.25,0.75,0.0,0.0,False,Qwen/Qwen2.5-Coder-7B-Instruct,None
231,Bar,Medium,3.2011,12.8045,4,0.0,0.0,0.0,0.0,0.25,0.0,0.0,0.0,0.0,0.25,0.75,0.0,0.0,False,Qwen/Qwen2.5-Coder-7B-Instruct,None
233,Bar,Medium,12.837,38.5111,3,1.0,0.0,0.0,0.0,0.0,0.0,0.0,0.0,1.0,0.0,0.0,,0.0,False,Qwen/Qwen2.5-Coder-7B-Instruct,None
233,Bar,Medium,12.837,38.5111,3,1.0,0.0,0.0,0.0,0.0,0.0,0.0,0.0,1.0,0.0,0.0,,0.0,False,Qwen/Qwen2.5-Coder-7B-Instruct,None
233,Bar,Medium,12.837,38.5111,3,1.0,0.0,0.0,0.0,0.0,0.0,0.0,0.0,1.0,0.0,0.0,,0.0,False,Qwen/Qwen2.5-Coder-7B-Instruct,None
238,Bar,Medium,0.6627,2.6508,4,0.0,0.0,0.0,0.0,0.0,0.0,0.0,0.0,0.0,0.0,1.0,0.0,0.0,False,Qwen/Qwen2.5-Coder-7B-Instruct,None
238,Bar,Medium,0.6627,2.6508,4,0.0,0.0,0.0,0.0,0.0,0.0,0.0,0.0,0.0,0.0,1.0,0.0,0.0,False,Qwen/Qwen2.5-Coder-7B-Instruct,None
238,Bar,Medium,0.6627,2.6508,4,0.0,0.0,0.0,0.0,0.0,0.0,0.0,0.0,0.0,0.0,1.0,0.0,0.0,False,Qwen/Qwen2.5-Coder-7B-Instruct,None
246,Bar,Medium,14.5352,58.1409,4,0.5,0.0,0.0,0.25,0.25,0.0,0.0,0.0,0.5,0.25,0.25,0.0,0.0,False,Qwen/Qwen2.5-Coder-7B-Instruct,None
246,Bar,Medium,14.5352,58.1409,4,0.5,0.0,0.0,0.25,0.25,0.0,0.0,0.0,0.5,0.25,0.25,0.0,0.0,False,Qwen/Qwen2.5-Coder-7B-Instruct,None
246,Bar,Medium,14.5352,58.1409,4,0.5,0.0,0.0,0.25,0.25,0.0,0.0,0.0,0.5,0.25,0.25,0.0,0.0,False,Qwen/Qwen2.5-Coder-7B-Instruct,None
247,Bar,Medium,14.9194,59.6776,4,0.25,0.0,0.0,0.0,0.0,0.0,0.0,0.0,0.25,0.0,0.75,0.0,0.0,False,Qwen/Qwen2.5-Coder-7B-Instruct,None
247,Bar,Medium,14.9194,59.6776,4,0.25,0.0,0.0,0.0,0.0,0.0,0.0,0.0,0.25,0.0,0.75,0.0,0.0,False,Qwen/Qwen2.5-Coder-7B-Instruct,None
247,Bar,Medium,14.9194,59.6776,4,0.25,0.0,0.0,0.0,0.0,0.0,0.0,0.0,0.25,0.0,0.75,0.0,0.0,False,Qwen/Qwen2.5-Coder-7B-Instruct,None
248,Bar,Medium,14.7343,14.7343,1,0.0,0.0,0.0,0.0,1.0,0.0,0.0,0.0,0.0,1.0,0.0,,0.0,False,Qwen/Qwen2.5-Coder-7B-Instruct,None
248,Bar,Medium,14.7343,14.7343,1,0.0,0.0,0.0,0.0,1.0,0.0,0.0,0.0,0.0,1.0,0.0,,0.0,False,Qwen/Qwen2.5-Coder-7B-Instruct,None
248,Bar,Medium,14.7343,14.7343,1,0.0,0.0,0.0,0.0,1.0,0.0,0.0,0.0,0.0,1.0,0.0,,0.0,False,Qwen/Qwen2.5-Coder-7B-Instruct,None
252,Pie,Medium,0.4746,0.9492,2,0.0,0.0,0.0,0.0,0.0,0.0,0.0,0.0,0.0,0.0,1.0,0.0,0.0,False,Qwen/Qwen2.5-Coder-7B-Instruct,None
252,Pie,Medium,0.4746,0.9492,2,0.0,0.0,0.0,0.0,0.0,0.0,0.0,0.0,0.0,0.0,1.0,0.0,0.0,False,Qwen/Qwen2.5-Coder-7B-Instruct,None
252,Pie,Medium,0.4746,0.9492,2,0.0,0.0,0.0,0.0,0.0,0.0,0.0,0.0,0.0,0.0,1.0,0.0,0.0,False,Qwen/Qwen2.5-Coder-7B-Instruct,None
264,Bar,Medium,0.7243,2.8973,4,0.0,0.0,0.0,0.0,0.0,0.0,0.0,0.0,0.0,0.0,1.0,0.0,0.0,False,Qwen/Qwen2.5-Coder-7B-Instruct,None
264,Bar,Medium,0.7243,2.8973,4,0.0,0.0,0.0,0.0,0.0,0.0,0.0,0.0,0.0,0.0,1.0,0.0,0.0,False,Qwen/Qwen2.5-Coder-7B-Instruct,None
264,Bar,Medium,0.7243,2.8973,4,0.0,0.0,0.0,0.0,0.0,0.0,0.0,0.0,0.0,0.0,1.0,0.0,0.0,False,Qwen/Qwen2.5-Coder-7B-Instruct,None
265,Bar,Medium,11.436,34.308,3,0.3333333333333333,0.0,0.0,0.0,0.3333333333333333,0.0,0.0,0.0,0.3333333333333333,0.3333333333333333,0.3333333333333333,0.0,0.0,False,Qwen/Qwen2.5-Coder-7B-Instruct,None
265,Bar,Medium,11.436,34.308,3,0.3333333333333333,0.0,0.0,0.0,0.3333333333333333,0.0,0.0,0.0,0.3333333333333333,0.3333333333333333,0.3333333333333333,0.0,0.0,False,Qwen/Qwen2.5-Coder-7B-Instruct,None
265,Bar,Medium,11.436,34.308,3,0.3333333333333333,0.0,0.0,0.0,0.3333333333333333,0.0,0.0,0.0,0.3333333333333333,0.3333333333333333,0.3333333333333333,0.0,0.0,False,Qwen/Qwen2.5-Coder-7B-Instruct,None
267,Line,Easy,1.6806,5.0419,3,0.0,0.3333333333333333,0.0,0.0,0.0,0.0,0.0,0.0,0.3333333333333333,0.0,0.6666666666666666,0.0,0.0,False,Qwen/Qwen2.5-Coder-7B-Instruct,None
267,Line,Easy,1.6806,5.0419,3,0.0,0.3333333333333333,0.0,0.0,0.0,0.0,0.0,0.0,0.3333333333333333,0.0,0.6666666666666666,0.0,0.0,False,Qwen/Qwen2.5-Coder-7B-Instruct,None
267,Line,Easy,1.6806,5.0419,3,0.0,0.3333333333333333,0.0,0.0,0.0,0.0,0.0,0.0,0.3333333333333333,0.0,0.6666666666666666,0.0,0.0,False,Qwen/Qwen2.5-Coder-7B-Instruct,None
273,Line,Medium,0.5642,2.2568,4,0.0,0.0,0.0,0.0,0.0,0.0,0.0,0.0,0.0,0.0,1.0,0.0,0.0,False,Qwen/Qwen2.5-Coder-7B-Instruct,None
273,Line,Medium,0.5642,2.2568,4,0.0,0.0,0.0,0.0,0.0,0.0,0.0,0.0,0.0,0.0,1.0,0.0,0.0,False,Qwen/Qwen2.5-Coder-7B-Instruct,None
273,Line,Medium,0.5642,2.2568,4,0.0,0.0,0.0,0.0,0.0,0.0,0.0,0.0,0.0,0.0,1.0,0.0,0.0,False,Qwen/Qwen2.5-Coder-7B-Instruct,None
285,Bar,Medium,11.7496,11.7496,1,0.0,0.0,0.0,0.0,1.0,0.0,0.0,0.0,0.0,1.0,0.0,,0.0,False,Qwen/Qwen2.5-Coder-7B-Instruct,None
285,Bar,Medium,11.7496,11.7496,1,0.0,0.0,0.0,0.0,1.0,0.0,0.0,0.0,0.0,1.0,0.0,,0.0,False,Qwen/Qwen2.5-Coder-7B-Instruct,None
285,Bar,Medium,11.7496,11.7496,1,0.0,0.0,0.0,0.0,1.0,0.0,0.0,0.0,0.0,1.0,0.0,,0.0,False,Qwen/Qwen2.5-Coder-7B-Instruct,None
286,Bar,Medium,0.6478,0.6478,1,0.0,0.0,0.0,0.0,0.0,0.0,0.0,0.0,0.0,0.0,1.0,0.0,0.0,False,Qwen/Qwen2.5-Coder-7B-Instruct,None
286,Bar,Medium,0.6478,0.6478,1,0.0,0.0,0.0,0.0,0.0,0.0,0.0,0.0,0.0,0.0,1.0,0.0,0.0,False,Qwen/Qwen2.5-Coder-7B-Instruct,None
286,Bar,Medium,0.6478,0.6478,1,0.0,0.0,0.0,0.0,0.0,0.0,0.0,0.0,0.0,0.0,1.0,0.0,0.0,False,Qwen/Qwen2.5-Coder-7B-Instruct,None
291,Bar,Hard,8.2693,8.2693,1,0.0,0.0,0.0,0.0,1.0,0.0,0.0,0.0,0.0,1.0,0.0,,0.0,False,Qwen/Qwen2.5-Coder-7B-Instruct,None
291,Bar,Hard,8.2693,8.2693,1,0.0,0.0,0.0,0.0,1.0,0.0,0.0,0.0,0.0,1.0,0.0,,0.0,False,Qwen/Qwen2.5-Coder-7B-Instruct,None
291,Bar,Hard,8.2693,8.2693,1,0.0,0.0,0.0,0.0,1.0,0.0,0.0,0.0,0.0,1.0,0.0,,0.0,False,Qwen/Qwen2.5-Coder-7B-Instruct,None
292,Scatter,Medium,6.7185,13.437,2,0.5,0.0,0.0,0.0,0.0,0.0,0.0,0.0,0.5,0.0,0.5,0.0,0.0,False,Qwen/Qwen2.5-Coder-7B-Instruct,None
292,Scatter,Medium,6.7185,13.437,2,0.5,0.0,0.0,0.0,0.0,0.0,0.0,0.0,0.5,0.0,0.5,0.0,0.0,False,Qwen/Qwen2.5-Coder-7B-Instruct,None
292,Scatter,Medium,6.7185,13.437,2,0.5,0.0,0.0,0.0,0.0,0.0,0.0,0.0,0.5,0.0,0.5,0.0,0.0,False,Qwen/Qwen2.5-Coder-7B-Instruct,None
293,Bar,Hard,6.387,6.387,1,0.0,0.0,0.0,0.0,1.0,0.0,0.0,0.0,0.0,1.0,0.0,,0.0,False,Qwen/Qwen2.5-Coder-7B-Instruct,None
293,Bar,Hard,6.387,6.387,1,0.0,0.0,0.0,0.0,1.0,0.0,0.0,0.0,0.0,1.0,0.0,,0.0,False,Qwen/Qwen2.5-Coder-7B-Instruct,None
293,Bar,Hard,6.387,6.387,1,0.0,0.0,0.0,0.0,1.0,0.0,0.0,0.0,0.0,1.0,0.0,,0.0,False,Qwen/Qwen2.5-Coder-7B-Instruct,None
295,Bar,Hard,13.8658,27.7316,2,0.0,0.0,0.0,0.0,1.0,0.0,0.0,0.0,0.0,1.0,0.0,,0.0,False,Qwen/Qwen2.5-Coder-7B-Instruct,None
295,Bar,Hard,13.8658,27.7316,2,0.0,0.0,0.0,0.0,1.0,0.0,0.0,0.0,0.0,1.0,0.0,,0.0,False,Qwen/Qwen2.5-Coder-7B-Instruct,None
295,Bar,Hard,13.8658,27.7316,2,0.0,0.0,0.0,0.0,1.0,0.0,0.0,0.0,0.0,1.0,0.0,,0.0,False,Qwen/Qwen2.5-Coder-7B-Instruct,None
296,Bar,Hard,18.175,18.175,1,0.0,0.0,0.0,0.0,1.0,0.0,0.0,0.0,0.0,1.0,0.0,,0.0,False,Qwen/Qwen2.5-Coder-7B-Instruct,None
296,Bar,Hard,18.175,18.175,1,0.0,0.0,0.0,0.0,1.0,0.0,0.0,0.0,0.0,1.0,0.0,,0.0,False,Qwen/Qwen2.5-Coder-7B-Instruct,None
296,Bar,Hard,18.175,18.175,1,0.0,0.0,0.0,0.0,1.0,0.0,0.0,0.0,0.0,1.0,0.0,,0.0,False,Qwen/Qwen2.5-Coder-7B-Instruct,None
297,Bar,Medium,11.4884,22.9768,2,0.0,0.0,0.0,0.0,1.0,0.0,0.0,0.0,0.0,1.0,0.0,,0.0,False,Qwen/Qwen2.5-Coder-7B-Instruct,None
297,Bar,Medium,11.4884,22.9768,2,0.0,0.0,0.0,0.0,1.0,0.0,0.0,0.0,0.0,1.0,0.0,,0.0,False,Qwen/Qwen2.5-Coder-7B-Instruct,None
297,Bar,Medium,11.4884,22.9768,2,0.0,0.0,0.0,0.0,1.0,0.0,0.0,0.0,0.0,1.0,0.0,,0.0,False,Qwen/Qwen2.5-Coder-7B-Instruct,None
306,Pie,Easy,0.4185,1.2556,3,0.0,0.0,0.0,0.0,0.6666666666666666,0.0,0.0,0.0,0.0,0.6666666666666666,0.3333333333333333,0.0,0.0,False,Qwen/Qwen2.5-Coder-7B-Instruct,None
306,Pie,Easy,0.4185,1.2556,3,0.0,0.0,0.0,0.0,0.6666666666666666,0.0,0.0,0.0,0.0,0.6666666666666666,0.3333333333333333,0.0,0.0,False,Qwen/Qwen2.5-Coder-7B-Instruct,None
306,Pie,Easy,0.4185,1.2556,3,0.0,0.0,0.0,0.0,0.6666666666666666,0.0,0.0,0.0,0.0,0.6666666666666666,0.3333333333333333,0.0,0.0,False,Qwen/Qwen2.5-Coder-7B-Instruct,None
308,Scatter,Easy,8.4912,16.9824,2,0.0,0.0,0.0,0.0,1.0,0.0,0.0,0.0,0.0,1.0,0.0,,0.0,True,Qwen/Qwen2.5-Coder-7B-Instruct,None
308,Scatter,Easy,8.4912,16.9824,2,0.0,0.0,0.0,0.0,1.0,0.0,0.0,0.0,0.0,1.0,0.0,,0.0,True,Qwen/Qwen2.5-Coder-7B-Instruct,None
308,Scatter,Easy,8.4912,16.9824,2,0.0,0.0,0.0,0.0,1.0,0.0,0.0,0.0,0.0,1.0,0.0,,0.0,True,Qwen/Qwen2.5-Coder-7B-Instruct,None
312,Pie,Hard,0.8623,1.7246,2,0.0,0.0,0.0,0.0,0.5,0.0,0.0,0.0,0.0,0.5,0.5,0.0,0.0,False,Qwen/Qwen2.5-Coder-7B-Instruct,None
312,Pie,Hard,0.8623,1.7246,2,0.0,0.0,0.0,0.0,0.5,0.0,0.0,0.0,0.0,0.5,0.5,0.0,0.0,False,Qwen/Qwen2.5-Coder-7B-Instruct,None
312,Pie,Hard,0.8623,1.7246,2,0.0,0.0,0.0,0.0,0.5,0.0,0.0,0.0,0.0,0.5,0.5,0.0,0.0,False,Qwen/Qwen2.5-Coder-7B-Instruct,None
316,Line,Medium,18.1738,54.5215,3,0.3333333333333333,0.0,0.0,0.0,0.6666666666666666,0.0,0.0,0.0,0.3333333333333333,0.6666666666666666,0.0,,0.0,False,Qwen/Qwen2.5-Coder-7B-Instruct,None
316,Line,Medium,18.1738,54.5215,3,0.3333333333333333,0.0,0.0,0.0,0.6666666666666666,0.0,0.0,0.0,0.3333333333333333,0.6666666666666666,0.0,,0.0,False,Qwen/Qwen2.5-Coder-7B-Instruct,None
316,Line,Medium,18.1738,54.5215,3,0.3333333333333333,0.0,0.0,0.0,0.6666666666666666,0.0,0.0,0.0,0.3333333333333333,0.6666666666666666,0.0,,0.0,False,Qwen/Qwen2.5-Coder-7B-Instruct,None
328,Scatter,Medium,10.35,20.6999,2,0.0,0.0,0.0,0.0,1.0,0.0,0.0,0.0,0.0,1.0,0.0,,0.0,True,Qwen/Qwen2.5-Coder-7B-Instruct,None
328,Scatter,Medium,10.35,20.6999,2,0.0,0.0,0.0,0.0,1.0,0.0,0.0,0.0,0.0,1.0,0.0,,0.0,True,Qwen/Qwen2.5-Coder-7B-Instruct,None
328,Scatter,Medium,10.35,20.6999,2,0.0,0.0,0.0,0.0,1.0,0.0,0.0,0.0,0.0,1.0,0.0,,0.0,True,Qwen/Qwen2.5-Coder-7B-Instruct,None
335,Bar,Medium,1.1358,1.1358,1,0.0,0.0,0.0,0.0,0.0,0.0,0.0,0.0,0.0,0.0,1.0,0.0,0.0,False,Qwen/Qwen2.5-Coder-7B-Instruct,None
335,Bar,Medium,1.1358,1.1358,1,0.0,0.0,0.0,0.0,0.0,0.0,0.0,0.0,0.0,0.0,1.0,0.0,0.0,False,Qwen/Qwen2.5-Coder-7B-Instruct,None
335,Bar,Medium,1.1358,1.1358,1,0.0,0.0,0.0,0.0,0.0,0.0,0.0,0.0,0.0,0.0,1.0,0.0,0.0,False,Qwen/Qwen2.5-Coder-7B-Instruct,None
338,Pie,Easy,0.4189,0.4189,1,0.0,0.0,0.0,0.0,0.0,0.0,0.0,0.0,0.0,0.0,1.0,0.0,0.0,False,Qwen/Qwen2.5-Coder-7B-Instruct,None
338,Pie,Easy,0.4189,0.4189,1,0.0,0.0,0.0,0.0,0.0,0.0,0.0,0.0,0.0,0.0,1.0,0.0,0.0,False,Qwen/Qwen2.5-Coder-7B-Instruct,None
338,Pie,Easy,0.4189,0.4189,1,0.0,0.0,0.0,0.0,0.0,0.0,0.0,0.0,0.0,0.0,1.0,0.0,0.0,False,Qwen/Qwen2.5-Coder-7B-Instruct,None
340,Bar,Medium,11.8336,11.8336,1,0.0,0.0,0.0,0.0,1.0,0.0,0.0,0.0,0.0,1.0,0.0,,0.0,False,Qwen/Qwen2.5-Coder-7B-Instruct,None
340,Bar,Medium,11.8336,11.8336,1,0.0,0.0,0.0,0.0,1.0,0.0,0.0,0.0,0.0,1.0,0.0,,0.0,False,Qwen/Qwen2.5-Coder-7B-Instruct,None
340,Bar,Medium,11.8336,11.8336,1,0.0,0.0,0.0,0.0,1.0,0.0,0.0,0.0,0.0,1.0,0.0,,0.0,False,Qwen/Qwen2.5-Coder-7B-Instruct,None
342,Line,Medium,17.0564,34.1127,2,0.5,0.0,0.0,0.0,0.0,0.0,0.0,0.0,0.5,0.0,0.5,0.0,0.0,False,Qwen/Qwen2.5-Coder-7B-Instruct,None
342,Line,Medium,17.0564,34.1127,2,0.5,0.0,0.0,0.0,0.0,0.0,0.0,0.0,0.5,0.0,0.5,0.0,0.0,False,Qwen/Qwen2.5-Coder-7B-Instruct,None
342,Line,Medium,17.0564,34.1127,2,0.5,0.0,0.0,0.0,0.0,0.0,0.0,0.0,0.5,0.0,0.5,0.0,0.0,False,Qwen/Qwen2.5-Coder-7B-Instruct,None
354,Scatter,Easy,0.3402,1.701,5,0.0,0.0,0.0,0.0,0.0,0.0,0.0,0.0,0.0,0.0,1.0,0.0,0.0,False,Qwen/Qwen2.5-Coder-7B-Instruct,None
354,Scatter,Easy,0.3402,1.701,5,0.0,0.0,0.0,0.0,0.0,0.0,0.0,0.0,0.0,0.0,1.0,0.0,0.0,False,Qwen/Qwen2.5-Coder-7B-Instruct,None
354,Scatter,Easy,0.3402,1.701,5,0.0,0.0,0.0,0.0,0.0,0.0,0.0,0.0,0.0,0.0,1.0,0.0,0.0,False,Qwen/Qwen2.5-Coder-7B-Instruct,None
367,Bar,Medium,0.4451,0.8902,2,0.0,0.0,0.0,0.0,0.0,0.0,0.0,0.0,0.0,0.0,1.0,0.0,0.0,False,Qwen/Qwen2.5-Coder-7B-Instruct,None
367,Bar,Medium,0.4451,0.8902,2,0.0,0.0,0.0,0.0,0.0,0.0,0.0,0.0,0.0,0.0,1.0,0.0,0.0,False,Qwen/Qwen2.5-Coder-7B-Instruct,None
367,Bar,Medium,0.4451,0.8902,2,0.0,0.0,0.0,0.0,0.0,0.0,0.0,0.0,0.0,0.0,1.0,0.0,0.0,False,Qwen/Qwen2.5-Coder-7B-Instruct,None
368,Bar,Hard,3.4048,3.4048,1,0.0,0.0,0.0,0.0,0.0,0.0,0.0,0.0,0.0,0.0,1.0,0.0,0.0,True,Qwen/Qwen2.5-Coder-7B-Instruct,None
368,Bar,Hard,3.4048,3.4048,1,0.0,0.0,0.0,0.0,0.0,0.0,0.0,0.0,0.0,0.0,1.0,0.0,0.0,True,Qwen/Qwen2.5-Coder-7B-Instruct,None
368,Bar,Hard,3.4048,3.4048,1,0.0,0.0,0.0,0.0,0.0,0.0,0.0,0.0,0.0,0.0,1.0,0.0,0.0,True,Qwen/Qwen2.5-Coder-7B-Instruct,None
370,Pie,Medium,0.8597,0.8597,1,0.0,0.0,0.0,0.0,0.0,0.0,0.0,0.0,0.0,0.0,1.0,0.0,0.0,True,Qwen/Qwen2.5-Coder-7B-Instruct,None
370,Pie,Medium,0.8597,0.8597,1,0.0,0.0,0.0,0.0,0.0,0.0,0.0,0.0,0.0,0.0,1.0,0.0,0.0,True,Qwen/Qwen2.5-Coder-7B-Instruct,None
370,Pie,Medium,0.8597,0.8597,1,0.0,0.0,0.0,0.0,0.0,0.0,0.0,0.0,0.0,0.0,1.0,0.0,0.0,True,Qwen/Qwen2.5-Coder-7B-Instruct,None
376,Bar,Easy,0.3742,1.871,5,0.0,0.0,0.0,0.0,0.0,0.0,0.0,0.0,0.0,0.0,1.0,0.0,0.0,False,Qwen/Qwen2.5-Coder-7B-Instruct,None
376,Bar,Easy,0.3742,1.871,5,0.0,0.0,0.0,0.0,0.0,0.0,0.0,0.0,0.0,0.0,1.0,0.0,0.0,False,Qwen/Qwen2.5-Coder-7B-Instruct,None
376,Bar,Easy,0.3742,1.871,5,0.0,0.0,0.0,0.0,0.0,0.0,0.0,0.0,0.0,0.0,1.0,0.0,0.0,False,Qwen/Qwen2.5-Coder-7B-Instruct,None
387,Grouping Scatter,Easy,14.1513,56.6053,4,1.0,0.0,0.0,0.0,0.0,0.0,0.0,0.0,1.0,0.0,0.0,,0.0,False,Qwen/Qwen2.5-Coder-7B-Instruct,None
387,Grouping Scatter,Easy,14.1513,56.6053,4,1.0,0.0,0.0,0.0,0.0,0.0,0.0,0.0,1.0,0.0,0.0,,0.0,False,Qwen/Qwen2.5-Coder-7B-Instruct,None
387,Grouping Scatter,Easy,14.1513,56.6053,4,1.0,0.0,0.0,0.0,0.0,0.0,0.0,0.0,1.0,0.0,0.0,,0.0,False,Qwen/Qwen2.5-Coder-7B-Instruct,None
399,Scatter,Easy,4.7736,14.3207,3,0.3333333333333333,0.0,0.0,0.0,0.0,0.0,0.0,0.0,0.3333333333333333,0.0,0.6666666666666666,0.0,0.0,False,Qwen/Qwen2.5-Coder-7B-Instruct,None
399,Scatter,Easy,4.7736,14.3207,3,0.3333333333333333,0.0,0.0,0.0,0.0,0.0,0.0,0.0,0.3333333333333333,0.0,0.6666666666666666,0.0,0.0,False,Qwen/Qwen2.5-Coder-7B-Instruct,None
399,Scatter,Easy,4.7736,14.3207,3,0.3333333333333333,0.0,0.0,0.0,0.0,0.0,0.0,0.0,0.3333333333333333,0.0,0.6666666666666666,0.0,0.0,False,Qwen/Qwen2.5-Coder-7B-Instruct,None
400,Scatter,Easy,6.5251,13.0501,2,0.5,0.0,0.0,0.0,0.0,0.0,0.0,0.0,0.5,0.0,0.5,0.0,0.0,False,Qwen/Qwen2.5-Coder-7B-Instruct,None
400,Scatter,Easy,6.5251,13.0501,2,0.5,0.0,0.0,0.0,0.0,0.0,0.0,0.0,0.5,0.0,0.5,0.0,0.0,False,Qwen/Qwen2.5-Coder-7B-Instruct,None
400,Scatter,Easy,6.5251,13.0501,2,0.5,0.0,0.0,0.0,0.0,0.0,0.0,0.0,0.5,0.0,0.5,0.0,0.0,False,Qwen/Qwen2.5-Coder-7B-Instruct,None
402,Pie,Medium,0.4254,0.8507,2,0.0,0.0,0.0,0.0,0.0,0.0,0.0,0.0,0.0,0.0,1.0,0.0,0.0,False,Qwen/Qwen2.5-Coder-7B-Instruct,None
402,Pie,Medium,0.4254,0.8507,2,0.0,0.0,0.0,0.0,0.0,0.0,0.0,0.0,0.0,0.0,1.0,0.0,0.0,False,Qwen/Qwen2.5-Coder-7B-Instruct,None
402,Pie,Medium,0.4254,0.8507,2,0.0,0.0,0.0,0.0,0.0,0.0,0.0,0.0,0.0,0.0,1.0,0.0,0.0,False,Qwen/Qwen2.5-Coder-7B-Instruct,None
403,Bar,Medium,0.4459,0.4459,1,0.0,0.0,0.0,0.0,0.0,0.0,0.0,0.0,0.0,0.0,1.0,0.0,0.0,False,Qwen/Qwen2.5-Coder-7B-Instruct,None
403,Bar,Medium,0.4459,0.4459,1,0.0,0.0,0.0,0.0,0.0,0.0,0.0,0.0,0.0,0.0,1.0,0.0,0.0,False,Qwen/Qwen2.5-Coder-7B-Instruct,None
403,Bar,Medium,0.4459,0.4459,1,0.0,0.0,0.0,0.0,0.0,0.0,0.0,0.0,0.0,0.0,1.0,0.0,0.0,False,Qwen/Qwen2.5-Coder-7B-Instruct,None
405,Bar,Easy,0.371,0.7421,2,0.0,0.0,0.0,0.0,0.0,0.0,0.0,0.0,0.0,0.0,1.0,0.0,0.0,False,Qwen/Qwen2.5-Coder-7B-Instruct,None
405,Bar,Easy,0.371,0.7421,2,0.0,0.0,0.0,0.0,0.0,0.0,0.0,0.0,0.0,0.0,1.0,0.0,0.0,False,Qwen/Qwen2.5-Coder-7B-Instruct,None
405,Bar,Easy,0.371,0.7421,2,0.0,0.0,0.0,0.0,0.0,0.0,0.0,0.0,0.0,0.0,1.0,0.0,0.0,False,Qwen/Qwen2.5-Coder-7B-Instruct,None
409,Grouping Scatter,Easy,0.5109,0.5109,1,0.0,0.0,0.0,0.0,0.0,0.0,0.0,0.0,0.0,0.0,1.0,0.0,0.0,False,Qwen/Qwen2.5-Coder-7B-Instruct,None
409,Grouping Scatter,Easy,0.5109,0.5109,1,0.0,0.0,0.0,0.0,0.0,0.0,0.0,0.0,0.0,0.0,1.0,0.0,0.0,False,Qwen/Qwen2.5-Coder-7B-Instruct,None
409,Grouping Scatter,Easy,0.5109,0.5109,1,0.0,0.0,0.0,0.0,0.0,0.0,0.0,0.0,0.0,0.0,1.0,0.0,0.0,False,Qwen/Qwen2.5-Coder-7B-Instruct,None
416,Line,Medium,0.4989,0.4989,1,0.0,0.0,0.0,0.0,0.0,0.0,0.0,0.0,0.0,0.0,1.0,0.0,0.0,False,Qwen/Qwen2.5-Coder-7B-Instruct,None
416,Line,Medium,0.4989,0.4989,1,0.0,0.0,0.0,0.0,0.0,0.0,0.0,0.0,0.0,0.0,1.0,0.0,0.0,False,Qwen/Qwen2.5-Coder-7B-Instruct,None
416,Line,Medium,0.4989,0.4989,1,0.0,0.0,0.0,0.0,0.0,0.0,0.0,0.0,0.0,0.0,1.0,0.0,0.0,False,Qwen/Qwen2.5-Coder-7B-Instruct,None
419,Pie,Medium,0.8009,1.6018,2,0.0,0.0,0.0,0.0,0.0,0.0,0.0,0.0,0.0,0.0,1.0,0.0,0.0,True,Qwen/Qwen2.5-Coder-7B-Instruct,None
419,Pie,Medium,0.8009,1.6018,2,0.0,0.0,0.0,0.0,0.0,0.0,0.0,0.0,0.0,0.0,1.0,0.0,0.0,True,Qwen/Qwen2.5-Coder-7B-Instruct,None
419,Pie,Medium,0.8009,1.6018,2,0.0,0.0,0.0,0.0,0.0,0.0,0.0,0.0,0.0,0.0,1.0,0.0,0.0,True,Qwen/Qwen2.5-Coder-7B-Instruct,None
432,Scatter,Easy,0.5268,1.5805,3,0.0,0.0,0.0,0.0,0.0,0.0,0.0,0.0,0.0,0.0,1.0,0.0,0.0,False,Qwen/Qwen2.5-Coder-7B-Instruct,None
432,Scatter,Easy,0.5268,1.5805,3,0.0,0.0,0.0,0.0,0.0,0.0,0.0,0.0,0.0,0.0,1.0,0.0,0.0,False,Qwen/Qwen2.5-Coder-7B-Instruct,None
432,Scatter,Easy,0.5268,1.5805,3,0.0,0.0,0.0,0.0,0.0,0.0,0.0,0.0,0.0,0.0,1.0,0.0,0.0,False,Qwen/Qwen2.5-Coder-7B-Instruct,None
433,Pie,Medium,0.8095,2.4285,3,0.0,0.0,0.0,0.0,1.0,0.0,0.0,0.0,0.0,1.0,0.0,,0.0,True,Qwen/Qwen2.5-Coder-7B-Instruct,None
433,Pie,Medium,0.8095,2.4285,3,0.0,0.0,0.0,0.0,1.0,0.0,0.0,0.0,0.0,1.0,0.0,,0.0,True,Qwen/Qwen2.5-Coder-7B-Instruct,None
433,Pie,Medium,0.8095,2.4285,3,0.0,0.0,0.0,0.0,1.0,0.0,0.0,0.0,0.0,1.0,0.0,,0.0,True,Qwen/Qwen2.5-Coder-7B-Instruct,None
440,Bar,Hard,17.2144,17.2144,1,1.0,0.0,0.0,0.0,0.0,0.0,0.0,0.0,1.0,0.0,0.0,,0.0,True,Qwen/Qwen2.5-Coder-7B-Instruct,None
440,Bar,Hard,17.2144,17.2144,1,1.0,0.0,0.0,0.0,0.0,0.0,0.0,0.0,1.0,0.0,0.0,,0.0,True,Qwen/Qwen2.5-Coder-7B-Instruct,None
440,Bar,Hard,17.2144,17.2144,1,1.0,0.0,0.0,0.0,0.0,0.0,0.0,0.0,1.0,0.0,0.0,,0.0,True,Qwen/Qwen2.5-Coder-7B-Instruct,None
441,Bar,Hard,1.1523,1.1523,1,0.0,0.0,0.0,0.0,0.0,0.0,0.0,0.0,0.0,0.0,1.0,0.0,0.0,True,Qwen/Qwen2.5-Coder-7B-Instruct,None
441,Bar,Hard,1.1523,1.1523,1,0.0,0.0,0.0,0.0,0.0,0.0,0.0,0.0,0.0,0.0,1.0,0.0,0.0,True,Qwen/Qwen2.5-Coder-7B-Instruct,None
441,Bar,Hard,1.1523,1.1523,1,0.0,0.0,0.0,0.0,0.0,0.0,0.0,0.0,0.0,0.0,1.0,0.0,0.0,True,Qwen/Qwen2.5-Coder-7B-Instruct,None
446,Pie,Easy,0.7902,2.3706,3,0.0,0.0,0.0,0.0,1.0,0.0,0.0,0.0,0.0,1.0,0.0,,0.0,True,Qwen/Qwen2.5-Coder-7B-Instruct,None
446,Pie,Easy,0.7902,2.3706,3,0.0,0.0,0.0,0.0,1.0,0.0,0.0,0.0,0.0,1.0,0.0,,0.0,True,Qwen/Qwen2.5-Coder-7B-Instruct,None
446,Pie,Easy,0.7902,2.3706,3,0.0,0.0,0.0,0.0,1.0,0.0,0.0,0.0,0.0,1.0,0.0,,0.0,True,Qwen/Qwen2.5-Coder-7B-Instruct,None
451,Bar,Medium,0.45,0.45,1,0.0,0.0,0.0,0.0,1.0,0.0,0.0,0.0,0.0,1.0,0.0,,0.0,True,Qwen/Qwen2.5-Coder-7B-Instruct,None
451,Bar,Medium,0.45,0.45,1,0.0,0.0,0.0,0.0,1.0,0.0,0.0,0.0,0.0,1.0,0.0,,0.0,True,Qwen/Qwen2.5-Coder-7B-Instruct,None
451,Bar,Medium,0.45,0.45,1,0.0,0.0,0.0,0.0,1.0,0.0,0.0,0.0,0.0,1.0,0.0,,0.0,True,Qwen/Qwen2.5-Coder-7B-Instruct,None
457,Pie,Medium,19.4256,19.4256,1,1.0,0.0,0.0,0.0,0.0,0.0,0.0,0.0,1.0,0.0,0.0,,0.0,True,Qwen/Qwen2.5-Coder-7B-Instruct,None
457,Pie,Medium,19.4256,19.4256,1,1.0,0.0,0.0,0.0,0.0,0.0,0.0,0.0,1.0,0.0,0.0,,0.0,True,Qwen/Qwen2.5-Coder-7B-Instruct,None
457,Pie,Medium,19.4256,19.4256,1,1.0,0.0,0.0,0.0,0.0,0.0,0.0,0.0,1.0,0.0,0.0,,0.0,True,Qwen/Qwen2.5-Coder-7B-Instruct,None
461,Pie,Medium,12.9614,12.9614,1,0.0,0.0,0.0,0.0,1.0,0.0,0.0,0.0,0.0,1.0,0.0,,0.0,True,Qwen/Qwen2.5-Coder-7B-Instruct,None
461,Pie,Medium,12.9614,12.9614,1,0.0,0.0,0.0,0.0,1.0,0.0,0.0,0.0,0.0,1.0,0.0,,0.0,True,Qwen/Qwen2.5-Coder-7B-Instruct,None
461,Pie,Medium,12.9614,12.9614,1,0.0,0.0,0.0,0.0,1.0,0.0,0.0,0.0,0.0,1.0,0.0,,0.0,True,Qwen/Qwen2.5-Coder-7B-Instruct,None
462,Pie,Medium,0.5728,0.5728,1,0.0,0.0,0.0,0.0,1.0,0.0,0.0,0.0,0.0,1.0,0.0,,0.0,True,Qwen/Qwen2.5-Coder-7B-Instruct,None
462,Pie,Medium,0.5728,0.5728,1,0.0,0.0,0.0,0.0,1.0,0.0,0.0,0.0,0.0,1.0,0.0,,0.0,True,Qwen/Qwen2.5-Coder-7B-Instruct,None
462,Pie,Medium,0.5728,0.5728,1,0.0,0.0,0.0,0.0,1.0,0.0,0.0,0.0,0.0,1.0,0.0,,0.0,True,Qwen/Qwen2.5-Coder-7B-Instruct,None
463,Bar,Medium,0.3845,0.3845,1,0.0,0.0,0.0,0.0,0.0,0.0,0.0,0.0,0.0,0.0,1.0,0.0,0.0,True,Qwen/Qwen2.5-Coder-7B-Instruct,None
463,Bar,Medium,0.3845,0.3845,1,0.0,0.0,0.0,0.0,0.0,0.0,0.0,0.0,0.0,0.0,1.0,0.0,0.0,True,Qwen/Qwen2.5-Coder-7B-Instruct,None
463,Bar,Medium,0.3845,0.3845,1,0.0,0.0,0.0,0.0,0.0,0.0,0.0,0.0,0.0,0.0,1.0,0.0,0.0,True,Qwen/Qwen2.5-Coder-7B-Instruct,None
464,Bar,Easy,0.3761,1.1282,3,0.0,0.0,0.0,0.0,0.0,0.0,0.0,0.0,0.0,0.0,1.0,0.0,0.0,False,Qwen/Qwen2.5-Coder-7B-Instruct,None
464,Bar,Easy,0.3761,1.1282,3,0.0,0.0,0.0,0.0,0.0,0.0,0.0,0.0,0.0,0.0,1.0,0.0,0.0,False,Qwen/Qwen2.5-Coder-7B-Instruct,None
464,Bar,Easy,0.3761,1.1282,3,0.0,0.0,0.0,0.0,0.0,0.0,0.0,0.0,0.0,0.0,1.0,0.0,0.0,False,Qwen/Qwen2.5-Coder-7B-Instruct,None
470,Line,Easy,0.4768,0.9535,2,0.0,0.0,0.0,0.0,0.0,0.0,0.0,0.0,0.0,0.0,1.0,0.0,0.0,False,Qwen/Qwen2.5-Coder-7B-Instruct,None
470,Line,Easy,0.4768,0.9535,2,0.0,0.0,0.0,0.0,0.0,0.0,0.0,0.0,0.0,0.0,1.0,0.0,0.0,False,Qwen/Qwen2.5-Coder-7B-Instruct,None
470,Line,Easy,0.4768,0.9535,2,0.0,0.0,0.0,0.0,0.0,0.0,0.0,0.0,0.0,0.0,1.0,0.0,0.0,False,Qwen/Qwen2.5-Coder-7B-Instruct,None
471,Line,Easy,0.5688,0.5688,1,0.0,0.0,0.0,0.0,0.0,0.0,0.0,0.0,0.0,0.0,1.0,0.0,0.0,False,Qwen/Qwen2.5-Coder-7B-Instruct,None
471,Line,Easy,0.5688,0.5688,1,0.0,0.0,0.0,0.0,0.0,0.0,0.0,0.0,0.0,0.0,1.0,0.0,0.0,False,Qwen/Qwen2.5-Coder-7B-Instruct,None
471,Line,Easy,0.5688,0.5688,1,0.0,0.0,0.0,0.0,0.0,0.0,0.0,0.0,0.0,0.0,1.0,0.0,0.0,False,Qwen/Qwen2.5-Coder-7B-Instruct,None
478,Pie,Medium,2.9705,5.941,2,0.0,0.0,0.0,0.0,1.0,0.0,0.0,0.0,0.0,1.0,0.0,,0.0,True,Qwen/Qwen2.5-Coder-7B-Instruct,None
478,Pie,Medium,2.9705,5.941,2,0.0,0.0,0.0,0.0,1.0,0.0,0.0,0.0,0.0,1.0,0.0,,0.0,True,Qwen/Qwen2.5-Coder-7B-Instruct,None
478,Pie,Medium,2.9705,5.941,2,0.0,0.0,0.0,0.0,1.0,0.0,0.0,0.0,0.0,1.0,0.0,,0.0,True,Qwen/Qwen2.5-Coder-7B-Instruct,None
479,Bar,Medium,0.7334,1.4668,2,0.0,0.0,0.0,0.0,0.0,0.0,0.0,0.0,0.0,0.0,1.0,0.0,0.0,True,Qwen/Qwen2.5-Coder-7B-Instruct,None
479,Bar,Medium,0.7334,1.4668,2,0.0,0.0,0.0,0.0,0.0,0.0,0.0,0.0,0.0,0.0,1.0,0.0,0.0,True,Qwen/Qwen2.5-Coder-7B-Instruct,None
479,Bar,Medium,0.7334,1.4668,2,0.0,0.0,0.0,0.0,0.0,0.0,0.0,0.0,0.0,0.0,1.0,0.0,0.0,True,Qwen/Qwen2.5-Coder-7B-Instruct,None
481,Bar,Medium,10.5611,31.6833,3,0.6666666666666666,0.0,0.0,0.0,0.3333333333333333,0.0,0.0,0.0,0.6666666666666666,0.3333333333333333,0.0,,0.0,False,Qwen/Qwen2.5-Coder-7B-Instruct,None
481,Bar,Medium,10.5611,31.6833,3,0.6666666666666666,0.0,0.0,0.0,0.3333333333333333,0.0,0.0,0.0,0.6666666666666666,0.3333333333333333,0.0,,0.0,False,Qwen/Qwen2.5-Coder-7B-Instruct,None
481,Bar,Medium,10.5611,31.6833,3,0.6666666666666666,0.0,0.0,0.0,0.3333333333333333,0.0,0.0,0.0,0.6666666666666666,0.3333333333333333,0.0,,0.0,False,Qwen/Qwen2.5-Coder-7B-Instruct,None
487,Pie,Medium,0.7515,1.503,2,0.0,0.0,0.0,0.0,0.5,0.0,0.0,0.0,0.0,0.5,0.5,0.0,0.0,True,Qwen/Qwen2.5-Coder-7B-Instruct,None
487,Pie,Medium,0.7515,1.503,2,0.0,0.0,0.0,0.0,0.5,0.0,0.0,0.0,0.0,0.5,0.5,0.0,0.0,True,Qwen/Qwen2.5-Coder-7B-Instruct,None
487,Pie,Medium,0.7515,1.503,2,0.0,0.0,0.0,0.0,0.5,0.0,0.0,0.0,0.0,0.5,0.5,0.0,0.0,True,Qwen/Qwen2.5-Coder-7B-Instruct,None
488,Bar,Medium,0.753,1.506,2,0.0,0.0,0.0,0.0,0.0,0.0,0.0,0.0,0.0,0.0,1.0,0.0,0.0,True,Qwen/Qwen2.5-Coder-7B-Instruct,None
488,Bar,Medium,0.753,1.506,2,0.0,0.0,0.0,0.0,0.0,0.0,0.0,0.0,0.0,0.0,1.0,0.0,0.0,True,Qwen/Qwen2.5-Coder-7B-Instruct,None
488,Bar,Medium,0.753,1.506,2,0.0,0.0,0.0,0.0,0.0,0.0,0.0,0.0,0.0,0.0,1.0,0.0,0.0,True,Qwen/Qwen2.5-Coder-7B-Instruct,None
491,Pie,Easy,0.542,0.542,1,0.0,0.0,0.0,0.0,0.0,0.0,0.0,0.0,0.0,0.0,1.0,0.0,0.0,False,Qwen/Qwen2.5-Coder-7B-Instruct,None
491,Pie,Easy,0.542,0.542,1,0.0,0.0,0.0,0.0,0.0,0.0,0.0,0.0,0.0,0.0,1.0,0.0,0.0,False,Qwen/Qwen2.5-Coder-7B-Instruct,None
491,Pie,Easy,0.542,0.542,1,0.0,0.0,0.0,0.0,0.0,0.0,0.0,0.0,0.0,0.0,1.0,0.0,0.0,False,Qwen/Qwen2.5-Coder-7B-Instruct,None
492,Bar,Easy,0.5608,0.5608,1,0.0,0.0,0.0,0.0,0.0,0.0,0.0,0.0,0.0,0.0,1.0,0.0,0.0,False,Qwen/Qwen2.5-Coder-7B-Instruct,None
492,Bar,Easy,0.5608,0.5608,1,0.0,0.0,0.0,0.0,0.0,0.0,0.0,0.0,0.0,0.0,1.0,0.0,0.0,False,Qwen/Qwen2.5-Coder-7B-Instruct,None
492,Bar,Easy,0.5608,0.5608,1,0.0,0.0,0.0,0.0,0.0,0.0,0.0,0.0,0.0,0.0,1.0,0.0,0.0,False,Qwen/Qwen2.5-Coder-7B-Instruct,None
494,Pie,Easy,0.3526,0.3526,1,0.0,0.0,0.0,0.0,0.0,0.0,0.0,0.0,0.0,0.0,1.0,0.0,0.0,False,Qwen/Qwen2.5-Coder-7B-Instruct,None
494,Pie,Easy,0.3526,0.3526,1,0.0,0.0,0.0,0.0,0.0,0.0,0.0,0.0,0.0,0.0,1.0,0.0,0.0,False,Qwen/Qwen2.5-Coder-7B-Instruct,None
494,Pie,Easy,0.3526,0.3526,1,0.0,0.0,0.0,0.0,0.0,0.0,0.0,0.0,0.0,0.0,1.0,0.0,0.0,False,Qwen/Qwen2.5-Coder-7B-Instruct,None
505,Bar,Medium,0.4085,0.4085,1,0.0,0.0,0.0,0.0,0.0,0.0,0.0,0.0,0.0,0.0,1.0,0.0,0.0,False,Qwen/Qwen2.5-Coder-7B-Instruct,None
505,Bar,Medium,0.4085,0.4085,1,0.0,0.0,0.0,0.0,0.0,0.0,0.0,0.0,0.0,0.0,1.0,0.0,0.0,False,Qwen/Qwen2.5-Coder-7B-Instruct,None
505,Bar,Medium,0.4085,0.4085,1,0.0,0.0,0.0,0.0,0.0,0.0,0.0,0.0,0.0,0.0,1.0,0.0,0.0,False,Qwen/Qwen2.5-Coder-7B-Instruct,None
513,Bar,Medium,0.43,1.2901,3,0.0,0.0,0.0,0.0,1.0,0.0,0.0,0.0,0.0,1.0,0.0,,0.0,True,Qwen/Qwen2.5-Coder-7B-Instruct,None
513,Bar,Medium,0.43,1.2901,3,0.0,0.0,0.0,0.0,1.0,0.0,0.0,0.0,0.0,1.0,0.0,,0.0,True,Qwen/Qwen2.5-Coder-7B-Instruct,None
513,Bar,Medium,0.43,1.2901,3,0.0,0.0,0.0,0.0,1.0,0.0,0.0,0.0,0.0,1.0,0.0,,0.0,True,Qwen/Qwen2.5-Coder-7B-Instruct,None
516,Bar,Hard,8.4929,25.4786,3,0.3333333333333333,0.0,0.0,0.0,0.0,0.0,0.0,0.0,0.3333333333333333,0.0,0.6666666666666666,0.0,0.0,False,Qwen/Qwen2.5-Coder-7B-Instruct,None
516,Bar,Hard,8.4929,25.4786,3,0.3333333333333333,0.0,0.0,0.0,0.0,0.0,0.0,0.0,0.3333333333333333,0.0,0.6666666666666666,0.0,0.0,False,Qwen/Qwen2.5-Coder-7B-Instruct,None
516,Bar,Hard,8.4929,25.4786,3,0.3333333333333333,0.0,0.0,0.0,0.0,0.0,0.0,0.0,0.3333333333333333,0.0,0.6666666666666666,0.0,0.0,False,Qwen/Qwen2.5-Coder-7B-Instruct,None
517,Pie,Medium,0.7765,1.5529,2,0.0,0.0,0.0,0.0,0.0,0.0,0.0,0.0,0.0,0.0,1.0,0.0,0.0,False,Qwen/Qwen2.5-Coder-7B-Instruct,None
517,Pie,Medium,0.7765,1.5529,2,0.0,0.0,0.0,0.0,0.0,0.0,0.0,0.0,0.0,0.0,1.0,0.0,0.0,False,Qwen/Qwen2.5-Coder-7B-Instruct,None
517,Pie,Medium,0.7765,1.5529,2,0.0,0.0,0.0,0.0,0.0,0.0,0.0,0.0,0.0,0.0,1.0,0.0,0.0,False,Qwen/Qwen2.5-Coder-7B-Instruct,None
526,Bar,Extra Hard,1.0479,2.0958,2,0.0,0.0,0.0,0.0,0.0,0.0,0.0,0.0,0.0,0.0,1.0,0.0,0.0,True,Qwen/Qwen2.5-Coder-7B-Instruct,None
526,Bar,Extra Hard,1.0479,2.0958,2,0.0,0.0,0.0,0.0,0.0,0.0,0.0,0.0,0.0,0.0,1.0,0.0,0.0,True,Qwen/Qwen2.5-Coder-7B-Instruct,None
526,Bar,Extra Hard,1.0479,2.0958,2,0.0,0.0,0.0,0.0,0.0,0.0,0.0,0.0,0.0,0.0,1.0,0.0,0.0,True,Qwen/Qwen2.5-Coder-7B-Instruct,None
527,Pie,Extra Hard,1.0919,2.1837,2,0.0,0.0,0.0,0.0,0.0,0.0,0.0,0.0,0.0,0.0,1.0,0.0,0.0,True,Qwen/Qwen2.5-Coder-7B-Instruct,None
527,Pie,Extra Hard,1.0919,2.1837,2,0.0,0.0,0.0,0.0,0.0,0.0,0.0,0.0,0.0,0.0,1.0,0.0,0.0,True,Qwen/Qwen2.5-Coder-7B-Instruct,None
527,Pie,Extra Hard,1.0919,2.1837,2,0.0,0.0,0.0,0.0,0.0,0.0,0.0,0.0,0.0,0.0,1.0,0.0,0.0,True,Qwen/Qwen2.5-Coder-7B-Instruct,None
536,Scatter,Easy,5.9477,11.8954,2,0.0,1.0,0.0,0.0,0.0,0.0,0.0,0.0,1.0,0.0,0.0,,0.0,False,Qwen/Qwen2.5-Coder-7B-Instruct,None
536,Scatter,Easy,5.9477,11.8954,2,0.0,1.0,0.0,0.0,0.0,0.0,0.0,0.0,1.0,0.0,0.0,,0.0,False,Qwen/Qwen2.5-Coder-7B-Instruct,None
536,Scatter,Easy,5.9477,11.8954,2,0.0,1.0,0.0,0.0,0.0,0.0,0.0,0.0,1.0,0.0,0.0,,0.0,False,Qwen/Qwen2.5-Coder-7B-Instruct,None
539,Grouping Scatter,Easy,3.3198,9.9595,3,0.0,0.3333333333333333,0.0,0.0,0.0,0.0,0.0,0.0,0.3333333333333333,0.0,0.6666666666666666,0.0,0.0,False,Qwen/Qwen2.5-Coder-7B-Instruct,None
539,Grouping Scatter,Easy,3.3198,9.9595,3,0.0,0.3333333333333333,0.0,0.0,0.0,0.0,0.0,0.0,0.3333333333333333,0.0,0.6666666666666666,0.0,0.0,False,Qwen/Qwen2.5-Coder-7B-Instruct,None
539,Grouping Scatter,Easy,3.3198,9.9595,3,0.0,0.3333333333333333,0.0,0.0,0.0,0.0,0.0,0.0,0.3333333333333333,0.0,0.6666666666666666,0.0,0.0,False,Qwen/Qwen2.5-Coder-7B-Instruct,None
540,Grouping Scatter,Easy,0.6831,2.0493,3,0.0,0.0,0.0,0.0,0.0,0.0,0.0,0.0,0.0,0.0,1.0,0.0,0.0,False,Qwen/Qwen2.5-Coder-7B-Instruct,None
540,Grouping Scatter,Easy,0.6831,2.0493,3,0.0,0.0,0.0,0.0,0.0,0.0,0.0,0.0,0.0,0.0,1.0,0.0,0.0,False,Qwen/Qwen2.5-Coder-7B-Instruct,None
540,Grouping Scatter,Easy,0.6831,2.0493,3,0.0,0.0,0.0,0.0,0.0,0.0,0.0,0.0,0.0,0.0,1.0,0.0,0.0,False,Qwen/Qwen2.5-Coder-7B-Instruct,None
541,Grouping Scatter,Easy,0.6972,2.0917,3,0.0,0.0,0.0,0.0,0.0,0.0,0.0,0.0,0.0,0.0,1.0,0.0,0.0,False,Qwen/Qwen2.5-Coder-7B-Instruct,None
541,Grouping Scatter,Easy,0.6972,2.0917,3,0.0,0.0,0.0,0.0,0.0,0.0,0.0,0.0,0.0,0.0,1.0,0.0,0.0,False,Qwen/Qwen2.5-Coder-7B-Instruct,None
541,Grouping Scatter,Easy,0.6972,2.0917,3,0.0,0.0,0.0,0.0,0.0,0.0,0.0,0.0,0.0,0.0,1.0,0.0,0.0,False,Qwen/Qwen2.5-Coder-7B-Instruct,None
542,Pie,Medium,11.6771,35.0314,3,0.3333333333333333,0.0,0.0,0.6666666666666666,0.6666666666666666,0.0,0.0,0.0,0.3333333333333333,0.6666666666666666,0.0,,0.0,False,Qwen/Qwen2.5-Coder-7B-Instruct,None
542,Pie,Medium,11.6771,35.0314,3,0.3333333333333333,0.0,0.0,0.6666666666666666,0.6666666666666666,0.0,0.0,0.0,0.3333333333333333,0.6666666666666666,0.0,,0.0,False,Qwen/Qwen2.5-Coder-7B-Instruct,None
542,Pie,Medium,11.6771,35.0314,3,0.3333333333333333,0.0,0.0,0.6666666666666666,0.6666666666666666,0.0,0.0,0.0,0.3333333333333333,0.6666666666666666,0.0,,0.0,False,Qwen/Qwen2.5-Coder-7B-Instruct,None
551,Bar,Extra Hard,1.3394,2.6787,2,0.0,0.0,0.0,0.0,0.0,0.0,0.0,0.0,0.0,0.0,1.0,0.0,0.0,True,Qwen/Qwen2.5-Coder-7B-Instruct,None
551,Bar,Extra Hard,1.3394,2.6787,2,0.0,0.0,0.0,0.0,0.0,0.0,0.0,0.0,0.0,0.0,1.0,0.0,0.0,True,Qwen/Qwen2.5-Coder-7B-Instruct,None
551,Bar,Extra Hard,1.3394,2.6787,2,0.0,0.0,0.0,0.0,0.0,0.0,0.0,0.0,0.0,0.0,1.0,0.0,0.0,True,Qwen/Qwen2.5-Coder-7B-Instruct,None
561,Bar,Medium,0.8322,1.6644,2,0.0,0.0,0.0,0.0,0.0,0.0,0.0,0.0,0.0,0.0,1.0,0.0,0.0,True,Qwen/Qwen2.5-Coder-7B-Instruct,None
561,Bar,Medium,0.8322,1.6644,2,0.0,0.0,0.0,0.0,0.0,0.0,0.0,0.0,0.0,0.0,1.0,0.0,0.0,True,Qwen/Qwen2.5-Coder-7B-Instruct,None
561,Bar,Medium,0.8322,1.6644,2,0.0,0.0,0.0,0.0,0.0,0.0,0.0,0.0,0.0,0.0,1.0,0.0,0.0,True,Qwen/Qwen2.5-Coder-7B-Instruct,None
567,Bar,Medium,0.5825,1.165,2,0.0,0.0,0.0,0.0,0.0,0.0,0.0,0.0,0.0,0.0,1.0,0.0,0.0,False,Qwen/Qwen2.5-Coder-7B-Instruct,None
567,Bar,Medium,0.5825,1.165,2,0.0,0.0,0.0,0.0,0.0,0.0,0.0,0.0,0.0,0.0,1.0,0.0,0.0,False,Qwen/Qwen2.5-Coder-7B-Instruct,None
567,Bar,Medium,0.5825,1.165,2,0.0,0.0,0.0,0.0,0.0,0.0,0.0,0.0,0.0,0.0,1.0,0.0,0.0,False,Qwen/Qwen2.5-Coder-7B-Instruct,None
574,Bar,Medium,0.8737,4.3683,5,0.0,0.0,0.0,0.0,0.0,0.0,0.0,0.0,0.0,0.0,1.0,0.0,0.0,True,Qwen/Qwen2.5-Coder-7B-Instruct,None
574,Bar,Medium,0.8737,4.3683,5,0.0,0.0,0.0,0.0,0.0,0.0,0.0,0.0,0.0,0.0,1.0,0.0,0.0,True,Qwen/Qwen2.5-Coder-7B-Instruct,None
574,Bar,Medium,0.8737,4.3683,5,0.0,0.0,0.0,0.0,0.0,0.0,0.0,0.0,0.0,0.0,1.0,0.0,0.0,True,Qwen/Qwen2.5-Coder-7B-Instruct,None
577,Pie,Extra Hard,0.9751,1.9503,2,0.0,0.0,0.0,0.0,0.0,0.0,0.0,0.0,0.0,0.0,1.0,0.0,0.0,True,Qwen/Qwen2.5-Coder-7B-Instruct,None
577,Pie,Extra Hard,0.9751,1.9503,2,0.0,0.0,0.0,0.0,0.0,0.0,0.0,0.0,0.0,0.0,1.0,0.0,0.0,True,Qwen/Qwen2.5-Coder-7B-Instruct,None
577,Pie,Extra Hard,0.9751,1.9503,2,0.0,0.0,0.0,0.0,0.0,0.0,0.0,0.0,0.0,0.0,1.0,0.0,0.0,True,Qwen/Qwen2.5-Coder-7B-Instruct,None
582,Stacked Bar,Hard,1.2273,2.4545,2,0.0,0.0,0.0,0.0,0.0,0.0,0.0,0.0,0.0,0.0,1.0,0.0,0.0,True,Qwen/Qwen2.5-Coder-7B-Instruct,None
582,Stacked Bar,Hard,1.2273,2.4545,2,0.0,0.0,0.0,0.0,0.0,0.0,0.0,0.0,0.0,0.0,1.0,0.0,0.0,True,Qwen/Qwen2.5-Coder-7B-Instruct,None
582,Stacked Bar,Hard,1.2273,2.4545,2,0.0,0.0,0.0,0.0,0.0,0.0,0.0,0.0,0.0,0.0,1.0,0.0,0.0,True,Qwen/Qwen2.5-Coder-7B-Instruct,None
591,Grouping Line,Extra Hard,1.1757,2.3513,2,0.0,0.0,0.0,1.0,1.0,0.0,0.0,0.0,0.0,1.0,0.0,,0.0,True,Qwen/Qwen2.5-Coder-7B-Instruct,None
591,Grouping Line,Extra Hard,1.1757,2.3513,2,0.0,0.0,0.0,1.0,1.0,0.0,0.0,0.0,0.0,1.0,0.0,,0.0,True,Qwen/Qwen2.5-Coder-7B-Instruct,None
591,Grouping Line,Extra Hard,1.1757,2.3513,2,0.0,0.0,0.0,1.0,1.0,0.0,0.0,0.0,0.0,1.0,0.0,,0.0,True,Qwen/Qwen2.5-Coder-7B-Instruct,None
593,Bar,Extra Hard,0.9439,1.8878,2,0.0,0.0,0.0,0.0,0.0,0.0,0.0,0.0,0.0,0.0,1.0,0.0,0.0,True,Qwen/Qwen2.5-Coder-7B-Instruct,None
593,Bar,Extra Hard,0.9439,1.8878,2,0.0,0.0,0.0,0.0,0.0,0.0,0.0,0.0,0.0,0.0,1.0,0.0,0.0,True,Qwen/Qwen2.5-Coder-7B-Instruct,None
593,Bar,Extra Hard,0.9439,1.8878,2,0.0,0.0,0.0,0.0,0.0,0.0,0.0,0.0,0.0,0.0,1.0,0.0,0.0,True,Qwen/Qwen2.5-Coder-7B-Instruct,None
610,Pie,Hard,4.739,9.4781,2,0.0,0.0,0.0,0.0,0.0,0.0,0.0,0.0,0.0,0.0,1.0,0.0,0.0,True,Qwen/Qwen2.5-Coder-7B-Instruct,None
610,Pie,Hard,4.739,9.4781,2,0.0,0.0,0.0,0.0,0.0,0.0,0.0,0.0,0.0,0.0,1.0,0.0,0.0,True,Qwen/Qwen2.5-Coder-7B-Instruct,None
610,Pie,Hard,4.739,9.4781,2,0.0,0.0,0.0,0.0,0.0,0.0,0.0,0.0,0.0,0.0,1.0,0.0,0.0,True,Qwen/Qwen2.5-Coder-7B-Instruct,None
611,Line,Hard,0.8599,1.7198,2,0.0,0.0,0.0,0.0,0.0,0.0,0.0,0.0,0.0,0.0,1.0,0.0,0.0,True,Qwen/Qwen2.5-Coder-7B-Instruct,None
611,Line,Hard,0.8599,1.7198,2,0.0,0.0,0.0,0.0,0.0,0.0,0.0,0.0,0.0,0.0,1.0,0.0,0.0,True,Qwen/Qwen2.5-Coder-7B-Instruct,None
611,Line,Hard,0.8599,1.7198,2,0.0,0.0,0.0,0.0,0.0,0.0,0.0,0.0,0.0,0.0,1.0,0.0,0.0,True,Qwen/Qwen2.5-Coder-7B-Instruct,None
612,Line,Hard,0.8572,1.7144,2,0.0,0.0,0.0,0.0,0.5,0.0,0.0,0.0,0.0,0.5,0.5,0.0,0.0,True,Qwen/Qwen2.5-Coder-7B-Instruct,None
612,Line,Hard,0.8572,1.7144,2,0.0,0.0,0.0,0.0,0.5,0.0,0.0,0.0,0.0,0.5,0.5,0.0,0.0,True,Qwen/Qwen2.5-Coder-7B-Instruct,None
612,Line,Hard,0.8572,1.7144,2,0.0,0.0,0.0,0.0,0.5,0.0,0.0,0.0,0.0,0.5,0.5,0.0,0.0,True,Qwen/Qwen2.5-Coder-7B-Instruct,None
616,Bar,Medium,0.5401,1.0802,2,0.0,0.0,0.0,0.0,0.0,0.0,0.0,0.0,0.0,0.0,1.0,0.0,0.0,False,Qwen/Qwen2.5-Coder-7B-Instruct,None
616,Bar,Medium,0.5401,1.0802,2,0.0,0.0,0.0,0.0,0.0,0.0,0.0,0.0,0.0,0.0,1.0,0.0,0.0,False,Qwen/Qwen2.5-Coder-7B-Instruct,None
616,Bar,Medium,0.5401,1.0802,2,0.0,0.0,0.0,0.0,0.0,0.0,0.0,0.0,0.0,0.0,1.0,0.0,0.0,False,Qwen/Qwen2.5-Coder-7B-Instruct,None
617,Bar,Medium,0.5186,1.0371,2,0.0,0.0,0.0,0.0,0.0,0.0,0.0,0.0,0.0,0.0,1.0,0.0,0.0,False,Qwen/Qwen2.5-Coder-7B-Instruct,None
617,Bar,Medium,0.5186,1.0371,2,0.0,0.0,0.0,0.0,0.0,0.0,0.0,0.0,0.0,0.0,1.0,0.0,0.0,False,Qwen/Qwen2.5-Coder-7B-Instruct,None
617,Bar,Medium,0.5186,1.0371,2,0.0,0.0,0.0,0.0,0.0,0.0,0.0,0.0,0.0,0.0,1.0,0.0,0.0,False,Qwen/Qwen2.5-Coder-7B-Instruct,None
622,Scatter,Easy,5.5622,11.1243,2,0.0,0.0,0.0,0.0,0.0,0.0,0.0,0.0,0.0,0.0,1.0,0.0,0.0,False,Qwen/Qwen2.5-Coder-7B-Instruct,None
622,Scatter,Easy,5.5622,11.1243,2,0.0,0.0,0.0,0.0,0.0,0.0,0.0,0.0,0.0,0.0,1.0,0.0,0.0,False,Qwen/Qwen2.5-Coder-7B-Instruct,None
622,Scatter,Easy,5.5622,11.1243,2,0.0,0.0,0.0,0.0,0.0,0.0,0.0,0.0,0.0,0.0,1.0,0.0,0.0,False,Qwen/Qwen2.5-Coder-7B-Instruct,None
628,Scatter,Extra Hard,0.8311,1.6621,2,0.0,0.0,0.0,0.0,1.0,0.0,0.0,0.0,0.0,1.0,0.0,,0.0,True,Qwen/Qwen2.5-Coder-7B-Instruct,None
628,Scatter,Extra Hard,0.8311,1.6621,2,0.0,0.0,0.0,0.0,1.0,0.0,0.0,0.0,0.0,1.0,0.0,,0.0,True,Qwen/Qwen2.5-Coder-7B-Instruct,None
628,Scatter,Extra Hard,0.8311,1.6621,2,0.0,0.0,0.0,0.0,1.0,0.0,0.0,0.0,0.0,1.0,0.0,,0.0,True,Qwen/Qwen2.5-Coder-7B-Instruct,None
659,Bar,Hard,10.2331,20.4661,2,0.5,0.0,0.0,0.0,0.0,0.0,0.0,0.0,0.5,0.0,0.5,0.0,0.0,False,Qwen/Qwen2.5-Coder-7B-Instruct,None
659,Bar,Hard,10.2331,20.4661,2,0.5,0.0,0.0,0.0,0.0,0.0,0.0,0.0,0.5,0.0,0.5,0.0,0.0,False,Qwen/Qwen2.5-Coder-7B-Instruct,None
659,Bar,Hard,10.2331,20.4661,2,0.5,0.0,0.0,0.0,0.0,0.0,0.0,0.0,0.5,0.0,0.5,0.0,0.0,False,Qwen/Qwen2.5-Coder-7B-Instruct,None
664,Bar,Medium,0.4101,1.2302,3,0.0,0.0,0.0,0.0,0.0,0.0,0.0,0.0,0.0,0.0,1.0,0.0,0.0,False,Qwen/Qwen2.5-Coder-7B-Instruct,None
664,Bar,Medium,0.4101,1.2302,3,0.0,0.0,0.0,0.0,0.0,0.0,0.0,0.0,0.0,0.0,1.0,0.0,0.0,False,Qwen/Qwen2.5-Coder-7B-Instruct,None
664,Bar,Medium,0.4101,1.2302,3,0.0,0.0,0.0,0.0,0.0,0.0,0.0,0.0,0.0,0.0,1.0,0.0,0.0,False,Qwen/Qwen2.5-Coder-7B-Instruct,None
665,Bar,Medium,0.4171,0.8343,2,0.0,0.0,0.0,0.0,1.0,0.0,0.0,0.0,0.0,1.0,0.0,,0.0,False,Qwen/Qwen2.5-Coder-7B-Instruct,None
665,Bar,Medium,0.4171,0.8343,2,0.0,0.0,0.0,0.0,1.0,0.0,0.0,0.0,0.0,1.0,0.0,,0.0,False,Qwen/Qwen2.5-Coder-7B-Instruct,None
665,Bar,Medium,0.4171,0.8343,2,0.0,0.0,0.0,0.0,1.0,0.0,0.0,0.0,0.0,1.0,0.0,,0.0,False,Qwen/Qwen2.5-Coder-7B-Instruct,None
674,Scatter,Easy,0.3316,0.3316,1,0.0,0.0,0.0,0.0,0.0,0.0,0.0,0.0,0.0,0.0,1.0,0.0,0.0,False,Qwen/Qwen2.5-Coder-7B-Instruct,None
674,Scatter,Easy,0.3316,0.3316,1,0.0,0.0,0.0,0.0,0.0,0.0,0.0,0.0,0.0,0.0,1.0,0.0,0.0,False,Qwen/Qwen2.5-Coder-7B-Instruct,None
674,Scatter,Easy,0.3316,0.3316,1,0.0,0.0,0.0,0.0,0.0,0.0,0.0,0.0,0.0,0.0,1.0,0.0,0.0,False,Qwen/Qwen2.5-Coder-7B-Instruct,None
676,Bar,Hard,0.9742,1.9484,2,0.0,0.0,0.0,0.0,1.0,0.0,0.0,0.0,0.0,1.0,0.0,,0.0,True,Qwen/Qwen2.5-Coder-7B-Instruct,None
676,Bar,Hard,0.9742,1.9484,2,0.0,0.0,0.0,0.0,1.0,0.0,0.0,0.0,0.0,1.0,0.0,,0.0,True,Qwen/Qwen2.5-Coder-7B-Instruct,None
676,Bar,Hard,0.9742,1.9484,2,0.0,0.0,0.0,0.0,1.0,0.0,0.0,0.0,0.0,1.0,0.0,,0.0,True,Qwen/Qwen2.5-Coder-7B-Instruct,None
688,Bar,Easy,0.4262,1.7047,4,0.0,0.0,0.0,0.0,0.0,0.0,0.0,0.0,0.0,0.0,1.0,0.0,0.0,False,Qwen/Qwen2.5-Coder-7B-Instruct,None
688,Bar,Easy,0.4262,1.7047,4,0.0,0.0,0.0,0.0,0.0,0.0,0.0,0.0,0.0,0.0,1.0,0.0,0.0,False,Qwen/Qwen2.5-Coder-7B-Instruct,None
688,Bar,Easy,0.4262,1.7047,4,0.0,0.0,0.0,0.0,0.0,0.0,0.0,0.0,0.0,0.0,1.0,0.0,0.0,False,Qwen/Qwen2.5-Coder-7B-Instruct,None
691,Pie,Hard,6.4534,19.3602,3,0.3333333333333333,0.0,0.0,0.0,0.3333333333333333,0.0,0.0,0.0,0.3333333333333333,0.3333333333333333,0.3333333333333333,0.0,0.0,True,Qwen/Qwen2.5-Coder-7B-Instruct,None
691,Pie,Hard,6.4534,19.3602,3,0.3333333333333333,0.0,0.0,0.0,0.3333333333333333,0.0,0.0,0.0,0.3333333333333333,0.3333333333333333,0.3333333333333333,0.0,0.0,True,Qwen/Qwen2.5-Coder-7B-Instruct,None
691,Pie,Hard,6.4534,19.3602,3,0.3333333333333333,0.0,0.0,0.0,0.3333333333333333,0.0,0.0,0.0,0.3333333333333333,0.3333333333333333,0.3333333333333333,0.0,0.0,True,Qwen/Qwen2.5-Coder-7B-Instruct,None
693,Bar,Easy,0.3538,1.0613,3,0.0,0.0,0.0,0.0,0.0,0.0,0.0,0.0,0.0,0.0,1.0,0.0,0.0,False,Qwen/Qwen2.5-Coder-7B-Instruct,None
693,Bar,Easy,0.3538,1.0613,3,0.0,0.0,0.0,0.0,0.0,0.0,0.0,0.0,0.0,0.0,1.0,0.0,0.0,False,Qwen/Qwen2.5-Coder-7B-Instruct,None
693,Bar,Easy,0.3538,1.0613,3,0.0,0.0,0.0,0.0,0.0,0.0,0.0,0.0,0.0,0.0,1.0,0.0,0.0,False,Qwen/Qwen2.5-Coder-7B-Instruct,None
697,Bar,Easy,0.3605,0.7209,2,0.0,0.0,0.0,0.0,0.0,0.0,0.0,0.0,0.0,0.0,1.0,0.0,0.0,False,Qwen/Qwen2.5-Coder-7B-Instruct,None
697,Bar,Easy,0.3605,0.7209,2,0.0,0.0,0.0,0.0,0.0,0.0,0.0,0.0,0.0,0.0,1.0,0.0,0.0,False,Qwen/Qwen2.5-Coder-7B-Instruct,None
697,Bar,Easy,0.3605,0.7209,2,0.0,0.0,0.0,0.0,0.0,0.0,0.0,0.0,0.0,0.0,1.0,0.0,0.0,False,Qwen/Qwen2.5-Coder-7B-Instruct,None
699,Pie,Medium,0.6564,1.3129,2,0.0,0.0,0.0,0.0,0.0,0.0,0.0,0.0,0.0,0.0,1.0,0.0,0.0,True,Qwen/Qwen2.5-Coder-7B-Instruct,None
699,Pie,Medium,0.6564,1.3129,2,0.0,0.0,0.0,0.0,0.0,0.0,0.0,0.0,0.0,0.0,1.0,0.0,0.0,True,Qwen/Qwen2.5-Coder-7B-Instruct,None
699,Pie,Medium,0.6564,1.3129,2,0.0,0.0,0.0,0.0,0.0,0.0,0.0,0.0,0.0,0.0,1.0,0.0,0.0,True,Qwen/Qwen2.5-Coder-7B-Instruct,None
707,Scatter,Easy,0.8312,3.3249,4,0.0,0.0,0.0,0.0,0.0,0.0,0.0,0.0,0.0,0.0,1.0,0.0,0.0,True,Qwen/Qwen2.5-Coder-7B-Instruct,None
707,Scatter,Easy,0.8312,3.3249,4,0.0,0.0,0.0,0.0,0.0,0.0,0.0,0.0,0.0,0.0,1.0,0.0,0.0,True,Qwen/Qwen2.5-Coder-7B-Instruct,None
707,Scatter,Easy,0.8312,3.3249,4,0.0,0.0,0.0,0.0,0.0,0.0,0.0,0.0,0.0,0.0,1.0,0.0,0.0,True,Qwen/Qwen2.5-Coder-7B-Instruct,None
708,Pie,Easy,0.4243,0.8486,2,0.0,0.0,0.0,0.0,0.0,0.0,0.0,0.0,0.0,0.0,1.0,0.0,0.0,False,Qwen/Qwen2.5-Coder-7B-Instruct,None
708,Pie,Easy,0.4243,0.8486,2,0.0,0.0,0.0,0.0,0.0,0.0,0.0,0.0,0.0,0.0,1.0,0.0,0.0,False,Qwen/Qwen2.5-Coder-7B-Instruct,None
708,Pie,Easy,0.4243,0.8486,2,0.0,0.0,0.0,0.0,0.0,0.0,0.0,0.0,0.0,0.0,1.0,0.0,0.0,False,Qwen/Qwen2.5-Coder-7B-Instruct,None
712,Pie,Medium,0.72,2.1599,3,0.0,0.0,0.0,0.0,0.3333333333333333,0.0,0.0,0.0,0.0,0.3333333333333333,0.6666666666666666,0.0,0.0,True,Qwen/Qwen2.5-Coder-7B-Instruct,None
712,Pie,Medium,0.72,2.1599,3,0.0,0.0,0.0,0.0,0.3333333333333333,0.0,0.0,0.0,0.0,0.3333333333333333,0.6666666666666666,0.0,0.0,True,Qwen/Qwen2.5-Coder-7B-Instruct,None
712,Pie,Medium,0.72,2.1599,3,0.0,0.0,0.0,0.0,0.3333333333333333,0.0,0.0,0.0,0.0,0.3333333333333333,0.6666666666666666,0.0,0.0,True,Qwen/Qwen2.5-Coder-7B-Instruct,None
714,Pie,Medium,4.4794,8.9587,2,0.0,0.0,0.0,0.0,1.0,0.0,0.0,0.0,0.0,1.0,0.0,,0.0,True,Qwen/Qwen2.5-Coder-7B-Instruct,None
714,Pie,Medium,4.4794,8.9587,2,0.0,0.0,0.0,0.0,1.0,0.0,0.0,0.0,0.0,1.0,0.0,,0.0,True,Qwen/Qwen2.5-Coder-7B-Instruct,None
714,Pie,Medium,4.4794,8.9587,2,0.0,0.0,0.0,0.0,1.0,0.0,0.0,0.0,0.0,1.0,0.0,,0.0,True,Qwen/Qwen2.5-Coder-7B-Instruct,None
718,Pie,Medium,2.573,5.1461,2,0.0,0.0,0.0,0.0,0.0,0.0,0.0,0.0,0.0,0.0,1.0,0.0,0.0,True,Qwen/Qwen2.5-Coder-7B-Instruct,None
718,Pie,Medium,2.573,5.1461,2,0.0,0.0,0.0,0.0,0.0,0.0,0.0,0.0,0.0,0.0,1.0,0.0,0.0,True,Qwen/Qwen2.5-Coder-7B-Instruct,None
718,Pie,Medium,2.573,5.1461,2,0.0,0.0,0.0,0.0,0.0,0.0,0.0,0.0,0.0,0.0,1.0,0.0,0.0,True,Qwen/Qwen2.5-Coder-7B-Instruct,None
722,Pie,Medium,0.434,0.434,1,0.0,0.0,0.0,0.0,1.0,0.0,0.0,0.0,0.0,1.0,0.0,,0.0,True,Qwen/Qwen2.5-Coder-7B-Instruct,None
722,Pie,Medium,0.434,0.434,1,0.0,0.0,0.0,0.0,1.0,0.0,0.0,0.0,0.0,1.0,0.0,,0.0,True,Qwen/Qwen2.5-Coder-7B-Instruct,None
722,Pie,Medium,0.434,0.434,1,0.0,0.0,0.0,0.0,1.0,0.0,0.0,0.0,0.0,1.0,0.0,,0.0,True,Qwen/Qwen2.5-Coder-7B-Instruct,None
743,Pie,Medium,0.5831,1.1661,2,0.0,0.0,0.0,0.0,1.0,0.0,0.0,0.0,0.0,1.0,0.0,,0.0,True,Qwen/Qwen2.5-Coder-7B-Instruct,None
743,Pie,Medium,0.5831,1.1661,2,0.0,0.0,0.0,0.0,1.0,0.0,0.0,0.0,0.0,1.0,0.0,,0.0,True,Qwen/Qwen2.5-Coder-7B-Instruct,None
743,Pie,Medium,0.5831,1.1661,2,0.0,0.0,0.0,0.0,1.0,0.0,0.0,0.0,0.0,1.0,0.0,,0.0,True,Qwen/Qwen2.5-Coder-7B-Instruct,None
744,Bar,Medium,0.7097,2.839,4,0.0,0.0,0.0,0.0,0.0,0.0,0.0,0.0,0.0,0.0,1.0,0.0,0.0,True,Qwen/Qwen2.5-Coder-7B-Instruct,None
744,Bar,Medium,0.7097,2.839,4,0.0,0.0,0.0,0.0,0.0,0.0,0.0,0.0,0.0,0.0,1.0,0.0,0.0,True,Qwen/Qwen2.5-Coder-7B-Instruct,None
744,Bar,Medium,0.7097,2.839,4,0.0,0.0,0.0,0.0,0.0,0.0,0.0,0.0,0.0,0.0,1.0,0.0,0.0,True,Qwen/Qwen2.5-Coder-7B-Instruct,None
747,Pie,Hard,6.7291,20.1872,3,0.3333333333333333,0.0,0.0,0.0,0.0,0.0,0.0,0.0,0.3333333333333333,0.0,0.6666666666666666,0.0,0.0,True,Qwen/Qwen2.5-Coder-7B-Instruct,None
747,Pie,Hard,6.7291,20.1872,3,0.3333333333333333,0.0,0.0,0.0,0.0,0.0,0.0,0.0,0.3333333333333333,0.0,0.6666666666666666,0.0,0.0,True,Qwen/Qwen2.5-Coder-7B-Instruct,None
747,Pie,Hard,6.7291,20.1872,3,0.3333333333333333,0.0,0.0,0.0,0.0,0.0,0.0,0.0,0.3333333333333333,0.0,0.6666666666666666,0.0,0.0,True,Qwen/Qwen2.5-Coder-7B-Instruct,None
770,Line,Easy,0.5865,1.7595,3,0.0,0.0,0.0,0.0,0.0,0.0,0.0,0.0,0.0,0.0,1.0,0.0,0.0,False,Qwen/Qwen2.5-Coder-7B-Instruct,None
770,Line,Easy,0.5865,1.7595,3,0.0,0.0,0.0,0.0,0.0,0.0,0.0,0.0,0.0,0.0,1.0,0.0,0.0,False,Qwen/Qwen2.5-Coder-7B-Instruct,None
770,Line,Easy,0.5865,1.7595,3,0.0,0.0,0.0,0.0,0.0,0.0,0.0,0.0,0.0,0.0,1.0,0.0,0.0,False,Qwen/Qwen2.5-Coder-7B-Instruct,None
778,Grouping Line,Hard,14.2914,14.2914,1,0.0,0.0,0.0,0.0,0.0,0.0,0.0,0.0,0.0,0.0,1.0,0.0,0.0,False,Qwen/Qwen2.5-Coder-7B-Instruct,None
778,Grouping Line,Hard,14.2914,14.2914,1,0.0,0.0,0.0,0.0,0.0,0.0,0.0,0.0,0.0,0.0,1.0,0.0,0.0,False,Qwen/Qwen2.5-Coder-7B-Instruct,None
778,Grouping Line,Hard,14.2914,14.2914,1,0.0,0.0,0.0,0.0,0.0,0.0,0.0,0.0,0.0,0.0,1.0,0.0,0.0,False,Qwen/Qwen2.5-Coder-7B-Instruct,None
781,Pie,Easy,0.403,1.6119,4,0.0,0.0,0.0,0.0,0.0,0.0,0.0,0.0,0.0,0.0,1.0,0.0,0.0,False,Qwen/Qwen2.5-Coder-7B-Instruct,None
781,Pie,Easy,0.403,1.6119,4,0.0,0.0,0.0,0.0,0.0,0.0,0.0,0.0,0.0,0.0,1.0,0.0,0.0,False,Qwen/Qwen2.5-Coder-7B-Instruct,None
781,Pie,Easy,0.403,1.6119,4,0.0,0.0,0.0,0.0,0.0,0.0,0.0,0.0,0.0,0.0,1.0,0.0,0.0,False,Qwen/Qwen2.5-Coder-7B-Instruct,None
789,Line,Easy,0.3961,1.1882,3,0.0,0.0,0.0,0.0,0.0,0.0,0.0,0.0,0.0,0.0,1.0,0.0,0.0,False,Qwen/Qwen2.5-Coder-7B-Instruct,None
789,Line,Easy,0.3961,1.1882,3,0.0,0.0,0.0,0.0,0.0,0.0,0.0,0.0,0.0,0.0,1.0,0.0,0.0,False,Qwen/Qwen2.5-Coder-7B-Instruct,None
789,Line,Easy,0.3961,1.1882,3,0.0,0.0,0.0,0.0,0.0,0.0,0.0,0.0,0.0,0.0,1.0,0.0,0.0,False,Qwen/Qwen2.5-Coder-7B-Instruct,None
790,Pie,Easy,0.4253,2.1265,5,0.0,0.0,0.0,0.0,0.0,0.0,0.0,0.0,0.0,0.0,1.0,0.0,0.0,False,Qwen/Qwen2.5-Coder-7B-Instruct,None
790,Pie,Easy,0.4253,2.1265,5,0.0,0.0,0.0,0.0,0.0,0.0,0.0,0.0,0.0,0.0,1.0,0.0,0.0,False,Qwen/Qwen2.5-Coder-7B-Instruct,None
790,Pie,Easy,0.4253,2.1265,5,0.0,0.0,0.0,0.0,0.0,0.0,0.0,0.0,0.0,0.0,1.0,0.0,0.0,False,Qwen/Qwen2.5-Coder-7B-Instruct,None
793,Bar,Medium,0.8135,1.627,2,0.0,0.0,0.0,0.0,1.0,0.0,0.0,0.0,0.0,1.0,0.0,,0.0,True,Qwen/Qwen2.5-Coder-7B-Instruct,None
793,Bar,Medium,0.8135,1.627,2,0.0,0.0,0.0,0.0,1.0,0.0,0.0,0.0,0.0,1.0,0.0,,0.0,True,Qwen/Qwen2.5-Coder-7B-Instruct,None
793,Bar,Medium,0.8135,1.627,2,0.0,0.0,0.0,0.0,1.0,0.0,0.0,0.0,0.0,1.0,0.0,,0.0,True,Qwen/Qwen2.5-Coder-7B-Instruct,None
802,Pie,Easy,0.4717,1.8869,4,0.0,0.0,0.0,0.0,0.0,0.0,0.0,0.0,0.0,0.0,1.0,0.0,0.0,False,Qwen/Qwen2.5-Coder-7B-Instruct,None
802,Pie,Easy,0.4717,1.8869,4,0.0,0.0,0.0,0.0,0.0,0.0,0.0,0.0,0.0,0.0,1.0,0.0,0.0,False,Qwen/Qwen2.5-Coder-7B-Instruct,None
802,Pie,Easy,0.4717,1.8869,4,0.0,0.0,0.0,0.0,0.0,0.0,0.0,0.0,0.0,0.0,1.0,0.0,0.0,False,Qwen/Qwen2.5-Coder-7B-Instruct,None
803,Bar,Easy,0.5046,2.5231,5,0.0,0.0,0.0,0.0,0.0,0.0,0.0,0.0,0.0,0.0,1.0,0.0,0.0,False,Qwen/Qwen2.5-Coder-7B-Instruct,None
803,Bar,Easy,0.5046,2.5231,5,0.0,0.0,0.0,0.0,0.0,0.0,0.0,0.0,0.0,0.0,1.0,0.0,0.0,False,Qwen/Qwen2.5-Coder-7B-Instruct,None
803,Bar,Easy,0.5046,2.5231,5,0.0,0.0,0.0,0.0,0.0,0.0,0.0,0.0,0.0,0.0,1.0,0.0,0.0,False,Qwen/Qwen2.5-Coder-7B-Instruct,None
809,Bar,Easy,0.4451,1.3352,3,0.0,0.0,0.0,0.0,0.0,0.0,0.0,0.0,0.0,0.0,1.0,0.0,0.0,False,Qwen/Qwen2.5-Coder-7B-Instruct,None
809,Bar,Easy,0.4451,1.3352,3,0.0,0.0,0.0,0.0,0.0,0.0,0.0,0.0,0.0,0.0,1.0,0.0,0.0,False,Qwen/Qwen2.5-Coder-7B-Instruct,None
809,Bar,Easy,0.4451,1.3352,3,0.0,0.0,0.0,0.0,0.0,0.0,0.0,0.0,0.0,0.0,1.0,0.0,0.0,False,Qwen/Qwen2.5-Coder-7B-Instruct,None
812,Bar,Medium,0.8003,1.6007,2,0.0,0.0,0.0,0.0,0.0,0.0,0.0,0.0,0.0,0.0,1.0,0.0,0.0,True,Qwen/Qwen2.5-Coder-7B-Instruct,None
812,Bar,Medium,0.8003,1.6007,2,0.0,0.0,0.0,0.0,0.0,0.0,0.0,0.0,0.0,0.0,1.0,0.0,0.0,True,Qwen/Qwen2.5-Coder-7B-Instruct,None
812,Bar,Medium,0.8003,1.6007,2,0.0,0.0,0.0,0.0,0.0,0.0,0.0,0.0,0.0,0.0,1.0,0.0,0.0,True,Qwen/Qwen2.5-Coder-7B-Instruct,None
815,Pie,Medium,5.5698,5.5698,1,0.0,0.0,0.0,0.0,0.0,0.0,0.0,0.0,0.0,0.0,1.0,0.0,0.0,True,Qwen/Qwen2.5-Coder-7B-Instruct,None
815,Pie,Medium,5.5698,5.5698,1,0.0,0.0,0.0,0.0,0.0,0.0,0.0,0.0,0.0,0.0,1.0,0.0,0.0,True,Qwen/Qwen2.5-Coder-7B-Instruct,None
815,Pie,Medium,5.5698,5.5698,1,0.0,0.0,0.0,0.0,0.0,0.0,0.0,0.0,0.0,0.0,1.0,0.0,0.0,True,Qwen/Qwen2.5-Coder-7B-Instruct,None
817,Bar,Medium,0.567,0.567,1,0.0,0.0,0.0,0.0,1.0,0.0,0.0,0.0,0.0,1.0,0.0,,0.0,True,Qwen/Qwen2.5-Coder-7B-Instruct,None
817,Bar,Medium,0.567,0.567,1,0.0,0.0,0.0,0.0,1.0,0.0,0.0,0.0,0.0,1.0,0.0,,0.0,True,Qwen/Qwen2.5-Coder-7B-Instruct,None
817,Bar,Medium,0.567,0.567,1,0.0,0.0,0.0,0.0,1.0,0.0,0.0,0.0,0.0,1.0,0.0,,0.0,True,Qwen/Qwen2.5-Coder-7B-Instruct,None
832,Bar,Medium,0.5268,1.0536,2,0.0,0.0,0.0,0.0,0.0,0.0,0.0,0.0,0.0,0.0,1.0,0.0,0.0,True,Qwen/Qwen2.5-Coder-7B-Instruct,None
832,Bar,Medium,0.5268,1.0536,2,0.0,0.0,0.0,0.0,0.0,0.0,0.0,0.0,0.0,0.0,1.0,0.0,0.0,True,Qwen/Qwen2.5-Coder-7B-Instruct,None
832,Bar,Medium,0.5268,1.0536,2,0.0,0.0,0.0,0.0,0.0,0.0,0.0,0.0,0.0,0.0,1.0,0.0,0.0,True,Qwen/Qwen2.5-Coder-7B-Instruct,None
834,Pie,Medium,0.4926,0.9853,2,0.0,0.0,0.0,0.0,0.0,0.0,0.0,0.0,0.0,0.0,1.0,0.0,0.0,True,Qwen/Qwen2.5-Coder-7B-Instruct,None
834,Pie,Medium,0.4926,0.9853,2,0.0,0.0,0.0,0.0,0.0,0.0,0.0,0.0,0.0,0.0,1.0,0.0,0.0,True,Qwen/Qwen2.5-Coder-7B-Instruct,None
834,Pie,Medium,0.4926,0.9853,2,0.0,0.0,0.0,0.0,0.0,0.0,0.0,0.0,0.0,0.0,1.0,0.0,0.0,True,Qwen/Qwen2.5-Coder-7B-Instruct,None
838,Pie,Medium,0.9141,1.8282,2,0.0,0.0,0.0,0.0,0.0,0.0,0.0,0.0,0.0,0.0,1.0,0.0,0.0,True,Qwen/Qwen2.5-Coder-7B-Instruct,None
838,Pie,Medium,0.9141,1.8282,2,0.0,0.0,0.0,0.0,0.0,0.0,0.0,0.0,0.0,0.0,1.0,0.0,0.0,True,Qwen/Qwen2.5-Coder-7B-Instruct,None
838,Pie,Medium,0.9141,1.8282,2,0.0,0.0,0.0,0.0,0.0,0.0,0.0,0.0,0.0,0.0,1.0,0.0,0.0,True,Qwen/Qwen2.5-Coder-7B-Instruct,None
856,Pie,Hard,1.0755,1.0755,1,0.0,0.0,0.0,0.0,0.0,0.0,0.0,0.0,0.0,0.0,1.0,0.0,0.0,True,Qwen/Qwen2.5-Coder-7B-Instruct,None
856,Pie,Hard,1.0755,1.0755,1,0.0,0.0,0.0,0.0,0.0,0.0,0.0,0.0,0.0,0.0,1.0,0.0,0.0,True,Qwen/Qwen2.5-Coder-7B-Instruct,None
856,Pie,Hard,1.0755,1.0755,1,0.0,0.0,0.0,0.0,0.0,0.0,0.0,0.0,0.0,0.0,1.0,0.0,0.0,True,Qwen/Qwen2.5-Coder-7B-Instruct,None
858,Pie,Easy,0.4075,0.4075,1,0.0,0.0,0.0,0.0,0.0,0.0,0.0,0.0,0.0,0.0,1.0,0.0,0.0,False,Qwen/Qwen2.5-Coder-7B-Instruct,None
858,Pie,Easy,0.4075,0.4075,1,0.0,0.0,0.0,0.0,0.0,0.0,0.0,0.0,0.0,0.0,1.0,0.0,0.0,False,Qwen/Qwen2.5-Coder-7B-Instruct,None
858,Pie,Easy,0.4075,0.4075,1,0.0,0.0,0.0,0.0,0.0,0.0,0.0,0.0,0.0,0.0,1.0,0.0,0.0,False,Qwen/Qwen2.5-Coder-7B-Instruct,None
868,Line,Hard,3.9222,15.6887,4,0.0,0.0,0.0,0.0,0.0,0.0,0.0,0.0,0.0,0.0,1.0,0.0,0.0,True,Qwen/Qwen2.5-Coder-7B-Instruct,None
868,Line,Hard,3.9222,15.6887,4,0.0,0.0,0.0,0.0,0.0,0.0,0.0,0.0,0.0,0.0,1.0,0.0,0.0,True,Qwen/Qwen2.5-Coder-7B-Instruct,None
868,Line,Hard,3.9222,15.6887,4,0.0,0.0,0.0,0.0,0.0,0.0,0.0,0.0,0.0,0.0,1.0,0.0,0.0,True,Qwen/Qwen2.5-Coder-7B-Instruct,None
874,Pie,Medium,0.7489,1.4979,2,0.0,0.0,0.0,0.0,0.0,0.0,0.0,0.0,0.0,0.0,1.0,0.0,0.0,True,Qwen/Qwen2.5-Coder-7B-Instruct,None
874,Pie,Medium,0.7489,1.4979,2,0.0,0.0,0.0,0.0,0.0,0.0,0.0,0.0,0.0,0.0,1.0,0.0,0.0,True,Qwen/Qwen2.5-Coder-7B-Instruct,None
874,Pie,Medium,0.7489,1.4979,2,0.0,0.0,0.0,0.0,0.0,0.0,0.0,0.0,0.0,0.0,1.0,0.0,0.0,True,Qwen/Qwen2.5-Coder-7B-Instruct,None
875,Bar,Medium,6.1546,12.3093,2,0.0,0.0,0.0,0.0,0.0,0.0,0.0,0.0,0.0,0.0,1.0,0.0,0.0,True,Qwen/Qwen2.5-Coder-7B-Instruct,None
875,Bar,Medium,6.1546,12.3093,2,0.0,0.0,0.0,0.0,0.0,0.0,0.0,0.0,0.0,0.0,1.0,0.0,0.0,True,Qwen/Qwen2.5-Coder-7B-Instruct,None
875,Bar,Medium,6.1546,12.3093,2,0.0,0.0,0.0,0.0,0.0,0.0,0.0,0.0,0.0,0.0,1.0,0.0,0.0,True,Qwen/Qwen2.5-Coder-7B-Instruct,None
880,Line,Hard,0.9404,2.8212,3,0.0,0.0,0.0,0.0,0.0,0.0,0.0,0.0,0.0,0.0,1.0,0.0,0.0,True,Qwen/Qwen2.5-Coder-7B-Instruct,None
880,Line,Hard,0.9404,2.8212,3,0.0,0.0,0.0,0.0,0.0,0.0,0.0,0.0,0.0,0.0,1.0,0.0,0.0,True,Qwen/Qwen2.5-Coder-7B-Instruct,None
880,Line,Hard,0.9404,2.8212,3,0.0,0.0,0.0,0.0,0.0,0.0,0.0,0.0,0.0,0.0,1.0,0.0,0.0,True,Qwen/Qwen2.5-Coder-7B-Instruct,None
883,Pie,Hard,3.5695,14.278,4,0.0,0.0,0.0,0.0,0.5,0.0,0.0,0.0,0.0,0.5,0.5,0.0,0.0,True,Qwen/Qwen2.5-Coder-7B-Instruct,None
883,Pie,Hard,3.5695,14.278,4,0.0,0.0,0.0,0.0,0.5,0.0,0.0,0.0,0.0,0.5,0.5,0.0,0.0,True,Qwen/Qwen2.5-Coder-7B-Instruct,None
883,Pie,Hard,3.5695,14.278,4,0.0,0.0,0.0,0.0,0.5,0.0,0.0,0.0,0.0,0.5,0.5,0.0,0.0,True,Qwen/Qwen2.5-Coder-7B-Instruct,None
887,Pie,Easy,0.5463,2.1853,4,0.0,0.0,0.0,0.0,0.0,0.0,0.0,0.0,0.0,0.0,1.0,0.0,0.0,False,Qwen/Qwen2.5-Coder-7B-Instruct,None
887,Pie,Easy,0.5463,2.1853,4,0.0,0.0,0.0,0.0,0.0,0.0,0.0,0.0,0.0,0.0,1.0,0.0,0.0,False,Qwen/Qwen2.5-Coder-7B-Instruct,None
887,Pie,Easy,0.5463,2.1853,4,0.0,0.0,0.0,0.0,0.0,0.0,0.0,0.0,0.0,0.0,1.0,0.0,0.0,False,Qwen/Qwen2.5-Coder-7B-Instruct,None
906,Pie,Easy,0.3656,1.8279,5,0.0,0.0,0.0,0.0,0.0,0.0,0.0,0.0,0.0,0.0,1.0,0.0,0.0,False,Qwen/Qwen2.5-Coder-7B-Instruct,None
906,Pie,Easy,0.3656,1.8279,5,0.0,0.0,0.0,0.0,0.0,0.0,0.0,0.0,0.0,0.0,1.0,0.0,0.0,False,Qwen/Qwen2.5-Coder-7B-Instruct,None
906,Pie,Easy,0.3656,1.8279,5,0.0,0.0,0.0,0.0,0.0,0.0,0.0,0.0,0.0,0.0,1.0,0.0,0.0,False,Qwen/Qwen2.5-Coder-7B-Instruct,None
908,Pie,Easy,1.5166,7.5831,5,0.0,0.0,0.0,0.0,0.2,0.0,0.0,0.0,0.0,0.2,0.8,0.0,0.0,False,Qwen/Qwen2.5-Coder-7B-Instruct,None
908,Pie,Easy,1.5166,7.5831,5,0.0,0.0,0.0,0.0,0.2,0.0,0.0,0.0,0.0,0.2,0.8,0.0,0.0,False,Qwen/Qwen2.5-Coder-7B-Instruct,None
908,Pie,Easy,1.5166,7.5831,5,0.0,0.0,0.0,0.0,0.2,0.0,0.0,0.0,0.0,0.2,0.8,0.0,0.0,False,Qwen/Qwen2.5-Coder-7B-Instruct,None
910,Pie,Medium,0.7991,3.1963,4,0.0,0.0,0.0,0.0,0.0,0.0,0.0,0.0,0.0,0.0,1.0,0.0,0.0,True,Qwen/Qwen2.5-Coder-7B-Instruct,None
910,Pie,Medium,0.7991,3.1963,4,0.0,0.0,0.0,0.0,0.0,0.0,0.0,0.0,0.0,0.0,1.0,0.0,0.0,True,Qwen/Qwen2.5-Coder-7B-Instruct,None
910,Pie,Medium,0.7991,3.1963,4,0.0,0.0,0.0,0.0,0.0,0.0,0.0,0.0,0.0,0.0,1.0,0.0,0.0,True,Qwen/Qwen2.5-Coder-7B-Instruct,None
912,Bar,Medium,0.8661,0.8661,1,0.0,0.0,0.0,0.0,0.0,0.0,0.0,0.0,0.0,0.0,1.0,0.0,0.0,True,Qwen/Qwen2.5-Coder-7B-Instruct,None
912,Bar,Medium,0.8661,0.8661,1,0.0,0.0,0.0,0.0,0.0,0.0,0.0,0.0,0.0,0.0,1.0,0.0,0.0,True,Qwen/Qwen2.5-Coder-7B-Instruct,None
912,Bar,Medium,0.8661,0.8661,1,0.0,0.0,0.0,0.0,0.0,0.0,0.0,0.0,0.0,0.0,1.0,0.0,0.0,True,Qwen/Qwen2.5-Coder-7B-Instruct,None
914,Bar,Hard,12.1322,24.2645,2,0.5,0.0,0.0,0.0,0.0,0.0,0.0,0.0,0.5,0.0,0.5,0.0,0.0,True,Qwen/Qwen2.5-Coder-7B-Instruct,None
914,Bar,Hard,12.1322,24.2645,2,0.5,0.0,0.0,0.0,0.0,0.0,0.0,0.0,0.5,0.0,0.5,0.0,0.0,True,Qwen/Qwen2.5-Coder-7B-Instruct,None
914,Bar,Hard,12.1322,24.2645,2,0.5,0.0,0.0,0.0,0.0,0.0,0.0,0.0,0.5,0.0,0.5,0.0,0.0,True,Qwen/Qwen2.5-Coder-7B-Instruct,None
924,Bar,Medium,17.1112,17.1112,1,0.0,0.0,0.0,0.0,1.0,0.0,0.0,0.0,0.0,1.0,0.0,,0.0,False,Qwen/Qwen2.5-Coder-7B-Instruct,None
924,Bar,Medium,17.1112,17.1112,1,0.0,0.0,0.0,0.0,1.0,0.0,0.0,0.0,0.0,1.0,0.0,,0.0,False,Qwen/Qwen2.5-Coder-7B-Instruct,None
924,Bar,Medium,17.1112,17.1112,1,0.0,0.0,0.0,0.0,1.0,0.0,0.0,0.0,0.0,1.0,0.0,,0.0,False,Qwen/Qwen2.5-Coder-7B-Instruct,None
926,Bar,Easy,0.4643,1.3929,3,0.0,0.0,0.0,0.0,0.0,0.0,0.0,0.0,0.0,0.0,1.0,0.0,0.0,False,Qwen/Qwen2.5-Coder-7B-Instruct,None
926,Bar,Easy,0.4643,1.3929,3,0.0,0.0,0.0,0.0,0.0,0.0,0.0,0.0,0.0,0.0,1.0,0.0,0.0,False,Qwen/Qwen2.5-Coder-7B-Instruct,None
926,Bar,Easy,0.4643,1.3929,3,0.0,0.0,0.0,0.0,0.0,0.0,0.0,0.0,0.0,0.0,1.0,0.0,0.0,False,Qwen/Qwen2.5-Coder-7B-Instruct,None
961,Bar,Medium,0.8115,3.2462,4,0.0,0.0,0.0,0.0,0.0,0.0,0.0,0.0,0.0,0.0,1.0,0.0,0.0,True,Qwen/Qwen2.5-Coder-7B-Instruct,None
961,Bar,Medium,0.8115,3.2462,4,0.0,0.0,0.0,0.0,0.0,0.0,0.0,0.0,0.0,0.0,1.0,0.0,0.0,True,Qwen/Qwen2.5-Coder-7B-Instruct,None
961,Bar,Medium,0.8115,3.2462,4,0.0,0.0,0.0,0.0,0.0,0.0,0.0,0.0,0.0,0.0,1.0,0.0,0.0,True,Qwen/Qwen2.5-Coder-7B-Instruct,None
971,Pie,Easy,0.4343,1.3028,3,0.0,0.0,0.0,0.0,0.0,0.0,0.0,0.0,0.0,0.0,1.0,0.0,0.0,False,Qwen/Qwen2.5-Coder-7B-Instruct,None
971,Pie,Easy,0.4343,1.3028,3,0.0,0.0,0.0,0.0,0.0,0.0,0.0,0.0,0.0,0.0,1.0,0.0,0.0,False,Qwen/Qwen2.5-Coder-7B-Instruct,None
971,Pie,Easy,0.4343,1.3028,3,0.0,0.0,0.0,0.0,0.0,0.0,0.0,0.0,0.0,0.0,1.0,0.0,0.0,False,Qwen/Qwen2.5-Coder-7B-Instruct,None
975,Bar,Hard,1.0499,2.0998,2,0.0,0.0,0.0,0.0,0.0,0.0,0.0,0.0,0.0,0.0,1.0,0.0,0.0,True,Qwen/Qwen2.5-Coder-7B-Instruct,None
975,Bar,Hard,1.0499,2.0998,2,0.0,0.0,0.0,0.0,0.0,0.0,0.0,0.0,0.0,0.0,1.0,0.0,0.0,True,Qwen/Qwen2.5-Coder-7B-Instruct,None
975,Bar,Hard,1.0499,2.0998,2,0.0,0.0,0.0,0.0,0.0,0.0,0.0,0.0,0.0,0.0,1.0,0.0,0.0,True,Qwen/Qwen2.5-Coder-7B-Instruct,None
990,Bar,Medium,0.8114,1.6228,2,0.0,0.0,0.0,0.0,0.0,0.0,0.0,0.0,0.0,0.0,1.0,0.0,0.0,True,Qwen/Qwen2.5-Coder-7B-Instruct,None
990,Bar,Medium,0.8114,1.6228,2,0.0,0.0,0.0,0.0,0.0,0.0,0.0,0.0,0.0,0.0,1.0,0.0,0.0,True,Qwen/Qwen2.5-Coder-7B-Instruct,None
990,Bar,Medium,0.8114,1.6228,2,0.0,0.0,0.0,0.0,0.0,0.0,0.0,0.0,0.0,0.0,1.0,0.0,0.0,True,Qwen/Qwen2.5-Coder-7B-Instruct,None
994,Bar,Medium,0.6341,0.6341,1,0.0,0.0,0.0,0.0,0.0,0.0,0.0,0.0,0.0,0.0,1.0,0.0,0.0,True,Qwen/Qwen2.5-Coder-7B-Instruct,None
994,Bar,Medium,0.6341,0.6341,1,0.0,0.0,0.0,0.0,0.0,0.0,0.0,0.0,0.0,0.0,1.0,0.0,0.0,True,Qwen/Qwen2.5-Coder-7B-Instruct,None
994,Bar,Medium,0.6341,0.6341,1,0.0,0.0,0.0,0.0,0.0,0.0,0.0,0.0,0.0,0.0,1.0,0.0,0.0,True,Qwen/Qwen2.5-Coder-7B-Instruct,None
998,Line,Medium,0.475,0.475,1,0.0,0.0,0.0,0.0,1.0,0.0,0.0,0.0,0.0,1.0,0.0,,0.0,True,Qwen/Qwen2.5-Coder-7B-Instruct,None
998,Line,Medium,0.475,0.475,1,0.0,0.0,0.0,0.0,1.0,0.0,0.0,0.0,0.0,1.0,0.0,,0.0,True,Qwen/Qwen2.5-Coder-7B-Instruct,None
998,Line,Medium,0.475,0.475,1,0.0,0.0,0.0,0.0,1.0,0.0,0.0,0.0,0.0,1.0,0.0,,0.0,True,Qwen/Qwen2.5-Coder-7B-Instruct,None
999,Pie,Easy,0.3995,0.3995,1,0.0,0.0,0.0,0.0,0.0,0.0,0.0,0.0,0.0,0.0,1.0,0.0,0.0,False,Qwen/Qwen2.5-Coder-7B-Instruct,None
999,Pie,Easy,0.3995,0.3995,1,0.0,0.0,0.0,0.0,0.0,0.0,0.0,0.0,0.0,0.0,1.0,0.0,0.0,False,Qwen/Qwen2.5-Coder-7B-Instruct,None
999,Pie,Easy,0.3995,0.3995,1,0.0,0.0,0.0,0.0,0.0,0.0,0.0,0.0,0.0,0.0,1.0,0.0,0.0,False,Qwen/Qwen2.5-Coder-7B-Instruct,None
1001,Bar,Medium,13.7119,27.4238,2,1.0,0.0,0.0,0.0,0.0,0.0,0.0,0.0,1.0,0.0,0.0,,0.0,True,Qwen/Qwen2.5-Coder-7B-Instruct,None
1001,Bar,Medium,13.7119,27.4238,2,1.0,0.0,0.0,0.0,0.0,0.0,0.0,0.0,1.0,0.0,0.0,,0.0,True,Qwen/Qwen2.5-Coder-7B-Instruct,None
1001,Bar,Medium,13.7119,27.4238,2,1.0,0.0,0.0,0.0,0.0,0.0,0.0,0.0,1.0,0.0,0.0,,0.0,True,Qwen/Qwen2.5-Coder-7B-Instruct,None
1003,Pie,Medium,10.7096,21.4192,2,0.5,0.5,0.0,0.0,0.0,0.0,0.0,0.0,1.0,0.0,0.0,,0.0,True,Qwen/Qwen2.5-Coder-7B-Instruct,None
1003,Pie,Medium,10.7096,21.4192,2,0.5,0.5,0.0,0.0,0.0,0.0,0.0,0.0,1.0,0.0,0.0,,0.0,True,Qwen/Qwen2.5-Coder-7B-Instruct,None
1003,Pie,Medium,10.7096,21.4192,2,0.5,0.5,0.0,0.0,0.0,0.0,0.0,0.0,1.0,0.0,0.0,,0.0,True,Qwen/Qwen2.5-Coder-7B-Instruct,None
1007,Pie,Hard,0.6769,0.6769,1,0.0,0.0,0.0,0.0,0.0,0.0,0.0,0.0,0.0,0.0,1.0,0.0,0.0,False,Qwen/Qwen2.5-Coder-7B-Instruct,None
1007,Pie,Hard,0.6769,0.6769,1,0.0,0.0,0.0,0.0,0.0,0.0,0.0,0.0,0.0,0.0,1.0,0.0,0.0,False,Qwen/Qwen2.5-Coder-7B-Instruct,None
1007,Pie,Hard,0.6769,0.6769,1,0.0,0.0,0.0,0.0,0.0,0.0,0.0,0.0,0.0,0.0,1.0,0.0,0.0,False,Qwen/Qwen2.5-Coder-7B-Instruct,None
1008,Pie,Hard,0.6406,0.6406,1,0.0,0.0,0.0,0.0,0.0,0.0,0.0,0.0,0.0,0.0,1.0,0.0,0.0,False,Qwen/Qwen2.5-Coder-7B-Instruct,None
1008,Pie,Hard,0.6406,0.6406,1,0.0,0.0,0.0,0.0,0.0,0.0,0.0,0.0,0.0,0.0,1.0,0.0,0.0,False,Qwen/Qwen2.5-Coder-7B-Instruct,None
1008,Pie,Hard,0.6406,0.6406,1,0.0,0.0,0.0,0.0,0.0,0.0,0.0,0.0,0.0,0.0,1.0,0.0,0.0,False,Qwen/Qwen2.5-Coder-7B-Instruct,None
1012,Bar,Easy,0.3988,1.1963,3,0.0,0.0,0.0,0.0,0.0,0.0,0.0,0.0,0.0,0.0,1.0,0.0,0.0,False,Qwen/Qwen2.5-Coder-7B-Instruct,None
1012,Bar,Easy,0.3988,1.1963,3,0.0,0.0,0.0,0.0,0.0,0.0,0.0,0.0,0.0,0.0,1.0,0.0,0.0,False,Qwen/Qwen2.5-Coder-7B-Instruct,None
1012,Bar,Easy,0.3988,1.1963,3,0.0,0.0,0.0,0.0,0.0,0.0,0.0,0.0,0.0,0.0,1.0,0.0,0.0,False,Qwen/Qwen2.5-Coder-7B-Instruct,None
1014,Pie,Easy,0.4969,0.9937,2,0.0,0.0,0.0,0.0,0.0,0.0,0.0,0.0,0.0,0.0,1.0,0.0,0.0,False,Qwen/Qwen2.5-Coder-7B-Instruct,None
1014,Pie,Easy,0.4969,0.9937,2,0.0,0.0,0.0,0.0,0.0,0.0,0.0,0.0,0.0,0.0,1.0,0.0,0.0,False,Qwen/Qwen2.5-Coder-7B-Instruct,None
1014,Pie,Easy,0.4969,0.9937,2,0.0,0.0,0.0,0.0,0.0,0.0,0.0,0.0,0.0,0.0,1.0,0.0,0.0,False,Qwen/Qwen2.5-Coder-7B-Instruct,None
1018,Pie,Medium,0.8437,0.8437,1,0.0,0.0,0.0,0.0,0.0,0.0,0.0,0.0,0.0,0.0,1.0,0.0,0.0,True,Qwen/Qwen2.5-Coder-7B-Instruct,None
1018,Pie,Medium,0.8437,0.8437,1,0.0,0.0,0.0,0.0,0.0,0.0,0.0,0.0,0.0,0.0,1.0,0.0,0.0,True,Qwen/Qwen2.5-Coder-7B-Instruct,None
1018,Pie,Medium,0.8437,0.8437,1,0.0,0.0,0.0,0.0,0.0,0.0,0.0,0.0,0.0,0.0,1.0,0.0,0.0,True,Qwen/Qwen2.5-Coder-7B-Instruct,None
1021,Pie,Easy,0.415,0.83,2,0.0,0.0,0.0,0.0,0.0,0.0,0.0,0.0,0.0,0.0,1.0,0.0,0.0,False,Qwen/Qwen2.5-Coder-7B-Instruct,None
1021,Pie,Easy,0.415,0.83,2,0.0,0.0,0.0,0.0,0.0,0.0,0.0,0.0,0.0,0.0,1.0,0.0,0.0,False,Qwen/Qwen2.5-Coder-7B-Instruct,None
1021,Pie,Easy,0.415,0.83,2,0.0,0.0,0.0,0.0,0.0,0.0,0.0,0.0,0.0,0.0,1.0,0.0,0.0,False,Qwen/Qwen2.5-Coder-7B-Instruct,None
1024,Bar,Medium,0.3915,0.3915,1,0.0,0.0,0.0,0.0,0.0,0.0,0.0,0.0,0.0,0.0,1.0,0.0,0.0,False,Qwen/Qwen2.5-Coder-7B-Instruct,None
1024,Bar,Medium,0.3915,0.3915,1,0.0,0.0,0.0,0.0,0.0,0.0,0.0,0.0,0.0,0.0,1.0,0.0,0.0,False,Qwen/Qwen2.5-Coder-7B-Instruct,None
1024,Bar,Medium,0.3915,0.3915,1,0.0,0.0,0.0,0.0,0.0,0.0,0.0,0.0,0.0,0.0,1.0,0.0,0.0,False,Qwen/Qwen2.5-Coder-7B-Instruct,None
1037,Bar,Easy,0.5076,1.5229,3,0.0,0.0,0.0,0.0,0.0,0.0,0.0,0.0,0.0,0.0,1.0,0.0,0.0,False,Qwen/Qwen2.5-Coder-7B-Instruct,None
1037,Bar,Easy,0.5076,1.5229,3,0.0,0.0,0.0,0.0,0.0,0.0,0.0,0.0,0.0,0.0,1.0,0.0,0.0,False,Qwen/Qwen2.5-Coder-7B-Instruct,None
1037,Bar,Easy,0.5076,1.5229,3,0.0,0.0,0.0,0.0,0.0,0.0,0.0,0.0,0.0,0.0,1.0,0.0,0.0,False,Qwen/Qwen2.5-Coder-7B-Instruct,None
1059,Pie,Medium,0.7078,2.8313,4,0.0,0.0,0.0,0.0,0.0,0.0,0.0,0.0,0.0,0.0,1.0,0.0,0.0,True,Qwen/Qwen2.5-Coder-7B-Instruct,None
1059,Pie,Medium,0.7078,2.8313,4,0.0,0.0,0.0,0.0,0.0,0.0,0.0,0.0,0.0,0.0,1.0,0.0,0.0,True,Qwen/Qwen2.5-Coder-7B-Instruct,None
1059,Pie,Medium,0.7078,2.8313,4,0.0,0.0,0.0,0.0,0.0,0.0,0.0,0.0,0.0,0.0,1.0,0.0,0.0,True,Qwen/Qwen2.5-Coder-7B-Instruct,None
1061,Pie,Easy,0.4886,2.4432,5,0.0,0.0,0.0,0.0,0.0,0.0,0.0,0.0,0.0,0.0,1.0,0.0,0.0,False,Qwen/Qwen2.5-Coder-7B-Instruct,None
1061,Pie,Easy,0.4886,2.4432,5,0.0,0.0,0.0,0.0,0.0,0.0,0.0,0.0,0.0,0.0,1.0,0.0,0.0,False,Qwen/Qwen2.5-Coder-7B-Instruct,None
1061,Pie,Easy,0.4886,2.4432,5,0.0,0.0,0.0,0.0,0.0,0.0,0.0,0.0,0.0,0.0,1.0,0.0,0.0,False,Qwen/Qwen2.5-Coder-7B-Instruct,None
1071,Bar,Medium,0.4606,0.4606,1,0.0,0.0,0.0,0.0,0.0,0.0,0.0,0.0,0.0,0.0,1.0,0.0,0.0,False,Qwen/Qwen2.5-Coder-7B-Instruct,None
1071,Bar,Medium,0.4606,0.4606,1,0.0,0.0,0.0,0.0,0.0,0.0,0.0,0.0,0.0,0.0,1.0,0.0,0.0,False,Qwen/Qwen2.5-Coder-7B-Instruct,None
1071,Bar,Medium,0.4606,0.4606,1,0.0,0.0,0.0,0.0,0.0,0.0,0.0,0.0,0.0,0.0,1.0,0.0,0.0,False,Qwen/Qwen2.5-Coder-7B-Instruct,None
1072,Bar,Hard,1.2356,1.2356,1,0.0,0.0,0.0,0.0,0.0,0.0,0.0,0.0,0.0,0.0,1.0,0.0,0.0,True,Qwen/Qwen2.5-Coder-7B-Instruct,None
1072,Bar,Hard,1.2356,1.2356,1,0.0,0.0,0.0,0.0,0.0,0.0,0.0,0.0,0.0,0.0,1.0,0.0,0.0,True,Qwen/Qwen2.5-Coder-7B-Instruct,None
1072,Bar,Hard,1.2356,1.2356,1,0.0,0.0,0.0,0.0,0.0,0.0,0.0,0.0,0.0,0.0,1.0,0.0,0.0,True,Qwen/Qwen2.5-Coder-7B-Instruct,None
1073,Pie,Medium,0.8211,0.8211,1,0.0,0.0,0.0,0.0,0.0,0.0,0.0,0.0,0.0,0.0,1.0,0.0,0.0,True,Qwen/Qwen2.5-Coder-7B-Instruct,None
1073,Pie,Medium,0.8211,0.8211,1,0.0,0.0,0.0,0.0,0.0,0.0,0.0,0.0,0.0,0.0,1.0,0.0,0.0,True,Qwen/Qwen2.5-Coder-7B-Instruct,None
1073,Pie,Medium,0.8211,0.8211,1,0.0,0.0,0.0,0.0,0.0,0.0,0.0,0.0,0.0,0.0,1.0,0.0,0.0,True,Qwen/Qwen2.5-Coder-7B-Instruct,None
1074,Bar,Hard,0.941,0.941,1,0.0,0.0,0.0,0.0,0.0,0.0,0.0,0.0,0.0,0.0,1.0,0.0,0.0,True,Qwen/Qwen2.5-Coder-7B-Instruct,None
1074,Bar,Hard,0.941,0.941,1,0.0,0.0,0.0,0.0,0.0,0.0,0.0,0.0,0.0,0.0,1.0,0.0,0.0,True,Qwen/Qwen2.5-Coder-7B-Instruct,None
1074,Bar,Hard,0.941,0.941,1,0.0,0.0,0.0,0.0,0.0,0.0,0.0,0.0,0.0,0.0,1.0,0.0,0.0,True,Qwen/Qwen2.5-Coder-7B-Instruct,None
1079,Pie,Medium,0.8577,0.8577,1,0.0,0.0,0.0,0.0,1.0,0.0,0.0,0.0,0.0,1.0,0.0,,0.0,True,Qwen/Qwen2.5-Coder-7B-Instruct,None
1079,Pie,Medium,0.8577,0.8577,1,0.0,0.0,0.0,0.0,1.0,0.0,0.0,0.0,0.0,1.0,0.0,,0.0,True,Qwen/Qwen2.5-Coder-7B-Instruct,None
1079,Pie,Medium,0.8577,0.8577,1,0.0,0.0,0.0,0.0,1.0,0.0,0.0,0.0,0.0,1.0,0.0,,0.0,True,Qwen/Qwen2.5-Coder-7B-Instruct,None
1081,Pie,Medium,0.9956,0.9956,1,0.0,0.0,0.0,0.0,0.0,0.0,0.0,0.0,0.0,0.0,1.0,0.0,0.0,True,Qwen/Qwen2.5-Coder-7B-Instruct,None
1081,Pie,Medium,0.9956,0.9956,1,0.0,0.0,0.0,0.0,0.0,0.0,0.0,0.0,0.0,0.0,1.0,0.0,0.0,True,Qwen/Qwen2.5-Coder-7B-Instruct,None
1081,Pie,Medium,0.9956,0.9956,1,0.0,0.0,0.0,0.0,0.0,0.0,0.0,0.0,0.0,0.0,1.0,0.0,0.0,True,Qwen/Qwen2.5-Coder-7B-Instruct,None
1082,Pie,Medium,0.8583,1.7165,2,0.0,0.0,0.0,0.0,0.5,0.0,0.0,0.0,0.0,0.5,0.5,0.0,0.0,True,Qwen/Qwen2.5-Coder-7B-Instruct,None
1082,Pie,Medium,0.8583,1.7165,2,0.0,0.0,0.0,0.0,0.5,0.0,0.0,0.0,0.0,0.5,0.5,0.0,0.0,True,Qwen/Qwen2.5-Coder-7B-Instruct,None
1082,Pie,Medium,0.8583,1.7165,2,0.0,0.0,0.0,0.0,0.5,0.0,0.0,0.0,0.0,0.5,0.5,0.0,0.0,True,Qwen/Qwen2.5-Coder-7B-Instruct,None
1088,Pie,Medium,10.461,10.461,1,0.0,0.0,0.0,1.0,1.0,0.0,0.0,0.0,0.0,1.0,0.0,,0.0,True,Qwen/Qwen2.5-Coder-7B-Instruct,None
1088,Pie,Medium,10.461,10.461,1,0.0,0.0,0.0,1.0,1.0,0.0,0.0,0.0,0.0,1.0,0.0,,0.0,True,Qwen/Qwen2.5-Coder-7B-Instruct,None
1088,Pie,Medium,10.461,10.461,1,0.0,0.0,0.0,1.0,1.0,0.0,0.0,0.0,0.0,1.0,0.0,,0.0,True,Qwen/Qwen2.5-Coder-7B-Instruct,None
1090,Pie,Easy,0.3347,0.6694,2,0.0,0.0,0.0,0.0,0.0,0.0,0.0,0.0,0.0,0.0,1.0,0.0,0.0,False,Qwen/Qwen2.5-Coder-7B-Instruct,None
1090,Pie,Easy,0.3347,0.6694,2,0.0,0.0,0.0,0.0,0.0,0.0,0.0,0.0,0.0,0.0,1.0,0.0,0.0,False,Qwen/Qwen2.5-Coder-7B-Instruct,None
1090,Pie,Easy,0.3347,0.6694,2,0.0,0.0,0.0,0.0,0.0,0.0,0.0,0.0,0.0,0.0,1.0,0.0,0.0,False,Qwen/Qwen2.5-Coder-7B-Instruct,None
1104,Pie,Hard,0.8516,0.8516,1,0.0,0.0,0.0,0.0,1.0,0.0,0.0,0.0,0.0,1.0,0.0,,0.0,True,Qwen/Qwen2.5-Coder-7B-Instruct,None
1104,Pie,Hard,0.8516,0.8516,1,0.0,0.0,0.0,0.0,1.0,0.0,0.0,0.0,0.0,1.0,0.0,,0.0,True,Qwen/Qwen2.5-Coder-7B-Instruct,None
1104,Pie,Hard,0.8516,0.8516,1,0.0,0.0,0.0,0.0,1.0,0.0,0.0,0.0,0.0,1.0,0.0,,0.0,True,Qwen/Qwen2.5-Coder-7B-Instruct,None
1113,Bar,Easy,0.3613,0.3613,1,0.0,0.0,0.0,0.0,1.0,0.0,0.0,0.0,0.0,1.0,0.0,,0.0,False,Qwen/Qwen2.5-Coder-7B-Instruct,None
1113,Bar,Easy,0.3613,0.3613,1,0.0,0.0,0.0,0.0,1.0,0.0,0.0,0.0,0.0,1.0,0.0,,0.0,False,Qwen/Qwen2.5-Coder-7B-Instruct,None
1113,Bar,Easy,0.3613,0.3613,1,0.0,0.0,0.0,0.0,1.0,0.0,0.0,0.0,0.0,1.0,0.0,,0.0,False,Qwen/Qwen2.5-Coder-7B-Instruct,None
1129,Bar,Easy,0.4573,1.372,3,0.0,0.0,0.0,0.0,0.0,0.0,0.0,0.0,0.0,0.0,1.0,0.0,0.0,False,Qwen/Qwen2.5-Coder-7B-Instruct,None
1129,Bar,Easy,0.4573,1.372,3,0.0,0.0,0.0,0.0,0.0,0.0,0.0,0.0,0.0,0.0,1.0,0.0,0.0,False,Qwen/Qwen2.5-Coder-7B-Instruct,None
1129,Bar,Easy,0.4573,1.372,3,0.0,0.0,0.0,0.0,0.0,0.0,0.0,0.0,0.0,0.0,1.0,0.0,0.0,False,Qwen/Qwen2.5-Coder-7B-Instruct,None
1130,Bar,Easy,0.4623,1.3868,3,0.0,0.0,0.0,0.0,0.0,0.0,0.0,0.0,0.0,0.0,1.0,0.0,0.0,False,Qwen/Qwen2.5-Coder-7B-Instruct,None
1130,Bar,Easy,0.4623,1.3868,3,0.0,0.0,0.0,0.0,0.0,0.0,0.0,0.0,0.0,0.0,1.0,0.0,0.0,False,Qwen/Qwen2.5-Coder-7B-Instruct,None
1130,Bar,Easy,0.4623,1.3868,3,0.0,0.0,0.0,0.0,0.0,0.0,0.0,0.0,0.0,0.0,1.0,0.0,0.0,False,Qwen/Qwen2.5-Coder-7B-Instruct,None
1133,Grouping Scatter,Easy,0.6054,1.2108,2,0.0,0.0,0.0,0.0,0.0,0.0,0.0,0.0,0.0,0.0,1.0,0.0,0.0,False,Qwen/Qwen2.5-Coder-7B-Instruct,None
1133,Grouping Scatter,Easy,0.6054,1.2108,2,0.0,0.0,0.0,0.0,0.0,0.0,0.0,0.0,0.0,0.0,1.0,0.0,0.0,False,Qwen/Qwen2.5-Coder-7B-Instruct,None
1133,Grouping Scatter,Easy,0.6054,1.2108,2,0.0,0.0,0.0,0.0,0.0,0.0,0.0,0.0,0.0,0.0,1.0,0.0,0.0,False,Qwen/Qwen2.5-Coder-7B-Instruct,None
1152,Bar,Easy,0.4093,1.6374,4,0.0,0.0,0.0,0.0,0.0,0.0,0.0,0.0,0.0,0.0,1.0,0.0,0.0,False,Qwen/Qwen2.5-Coder-7B-Instruct,None
1152,Bar,Easy,0.4093,1.6374,4,0.0,0.0,0.0,0.0,0.0,0.0,0.0,0.0,0.0,0.0,1.0,0.0,0.0,False,Qwen/Qwen2.5-Coder-7B-Instruct,None
1152,Bar,Easy,0.4093,1.6374,4,0.0,0.0,0.0,0.0,0.0,0.0,0.0,0.0,0.0,0.0,1.0,0.0,0.0,False,Qwen/Qwen2.5-Coder-7B-Instruct,None
1153,Bar,Easy,0.4453,1.3359,3,0.0,0.0,0.0,0.0,0.0,0.0,0.0,0.0,0.0,0.0,1.0,0.0,0.0,False,Qwen/Qwen2.5-Coder-7B-Instruct,None
1153,Bar,Easy,0.4453,1.3359,3,0.0,0.0,0.0,0.0,0.0,0.0,0.0,0.0,0.0,0.0,1.0,0.0,0.0,False,Qwen/Qwen2.5-Coder-7B-Instruct,None
1153,Bar,Easy,0.4453,1.3359,3,0.0,0.0,0.0,0.0,0.0,0.0,0.0,0.0,0.0,0.0,1.0,0.0,0.0,False,Qwen/Qwen2.5-Coder-7B-Instruct,None
1172,Grouping Scatter,Medium,8.2801,16.5602,2,0.5,0.0,0.0,0.5,0.5,0.0,0.0,0.0,0.5,0.5,0.0,,0.0,False,Qwen/Qwen2.5-Coder-7B-Instruct,None
1172,Grouping Scatter,Medium,8.2801,16.5602,2,0.5,0.0,0.0,0.5,0.5,0.0,0.0,0.0,0.5,0.5,0.0,,0.0,False,Qwen/Qwen2.5-Coder-7B-Instruct,None
1172,Grouping Scatter,Medium,8.2801,16.5602,2,0.5,0.0,0.0,0.5,0.5,0.0,0.0,0.0,0.5,0.5,0.0,,0.0,False,Qwen/Qwen2.5-Coder-7B-Instruct,None
1182,Bar,Easy,0.5231,1.0461,2,0.0,0.0,0.0,0.0,1.0,0.0,0.0,0.0,0.0,1.0,0.0,,0.0,False,Qwen/Qwen2.5-Coder-7B-Instruct,None
1182,Bar,Easy,0.5231,1.0461,2,0.0,0.0,0.0,0.0,1.0,0.0,0.0,0.0,0.0,1.0,0.0,,0.0,False,Qwen/Qwen2.5-Coder-7B-Instruct,None
1182,Bar,Easy,0.5231,1.0461,2,0.0,0.0,0.0,0.0,1.0,0.0,0.0,0.0,0.0,1.0,0.0,,0.0,False,Qwen/Qwen2.5-Coder-7B-Instruct,None
1187,Bar,Medium,9.9444,19.8889,2,0.0,0.5,0.0,0.0,0.5,0.0,0.0,0.0,0.5,0.5,0.0,,0.0,True,Qwen/Qwen2.5-Coder-7B-Instruct,None
1187,Bar,Medium,9.9444,19.8889,2,0.0,0.5,0.0,0.0,0.5,0.0,0.0,0.0,0.5,0.5,0.0,,0.0,True,Qwen/Qwen2.5-Coder-7B-Instruct,None
1187,Bar,Medium,9.9444,19.8889,2,0.0,0.5,0.0,0.0,0.5,0.0,0.0,0.0,0.5,0.5,0.0,,0.0,True,Qwen/Qwen2.5-Coder-7B-Instruct,None
1188,Bar,Medium,0.8944,1.7888,2,0.0,0.0,0.0,0.0,1.0,0.0,0.0,0.0,0.0,1.0,0.0,,0.0,True,Qwen/Qwen2.5-Coder-7B-Instruct,None
1188,Bar,Medium,0.8944,1.7888,2,0.0,0.0,0.0,0.0,1.0,0.0,0.0,0.0,0.0,1.0,0.0,,0.0,True,Qwen/Qwen2.5-Coder-7B-Instruct,None
1188,Bar,Medium,0.8944,1.7888,2,0.0,0.0,0.0,0.0,1.0,0.0,0.0,0.0,0.0,1.0,0.0,,0.0,True,Qwen/Qwen2.5-Coder-7B-Instruct,None
1192,Line,Medium,0.8177,1.6355,2,0.0,0.0,0.0,0.0,1.0,0.0,0.0,0.0,0.0,1.0,0.0,,0.0,True,Qwen/Qwen2.5-Coder-7B-Instruct,None
1192,Line,Medium,0.8177,1.6355,2,0.0,0.0,0.0,0.0,1.0,0.0,0.0,0.0,0.0,1.0,0.0,,0.0,True,Qwen/Qwen2.5-Coder-7B-Instruct,None
1192,Line,Medium,0.8177,1.6355,2,0.0,0.0,0.0,0.0,1.0,0.0,0.0,0.0,0.0,1.0,0.0,,0.0,True,Qwen/Qwen2.5-Coder-7B-Instruct,None
1198,Pie,Medium,10.283,30.8489,3,0.3333333333333333,0.0,0.0,0.0,0.6666666666666666,0.0,0.0,0.0,0.3333333333333333,0.6666666666666666,0.0,,0.0,True,Qwen/Qwen2.5-Coder-7B-Instruct,None
1198,Pie,Medium,10.283,30.8489,3,0.3333333333333333,0.0,0.0,0.0,0.6666666666666666,0.0,0.0,0.0,0.3333333333333333,0.6666666666666666,0.0,,0.0,True,Qwen/Qwen2.5-Coder-7B-Instruct,None
1198,Pie,Medium,10.283,30.8489,3,0.3333333333333333,0.0,0.0,0.0,0.6666666666666666,0.0,0.0,0.0,0.3333333333333333,0.6666666666666666,0.0,,0.0,True,Qwen/Qwen2.5-Coder-7B-Instruct,None
1204,Bar,Medium,0.7974,1.5949,2,0.0,0.0,0.0,0.0,0.0,0.0,0.0,0.0,0.0,0.0,1.0,0.0,0.0,True,Qwen/Qwen2.5-Coder-7B-Instruct,None
1204,Bar,Medium,0.7974,1.5949,2,0.0,0.0,0.0,0.0,0.0,0.0,0.0,0.0,0.0,0.0,1.0,0.0,0.0,True,Qwen/Qwen2.5-Coder-7B-Instruct,None
1204,Bar,Medium,0.7974,1.5949,2,0.0,0.0,0.0,0.0,0.0,0.0,0.0,0.0,0.0,0.0,1.0,0.0,0.0,True,Qwen/Qwen2.5-Coder-7B-Instruct,None
1211,Bar,Easy,0.3885,1.1655,3,0.0,0.0,0.0,0.0,0.0,0.0,0.0,0.0,0.0,0.0,1.0,0.0,0.0,False,Qwen/Qwen2.5-Coder-7B-Instruct,None
1211,Bar,Easy,0.3885,1.1655,3,0.0,0.0,0.0,0.0,0.0,0.0,0.0,0.0,0.0,0.0,1.0,0.0,0.0,False,Qwen/Qwen2.5-Coder-7B-Instruct,None
1211,Bar,Easy,0.3885,1.1655,3,0.0,0.0,0.0,0.0,0.0,0.0,0.0,0.0,0.0,0.0,1.0,0.0,0.0,False,Qwen/Qwen2.5-Coder-7B-Instruct,None
1213,Pie,Easy,0.5087,1.526,3,0.0,0.0,0.0,0.0,0.0,0.0,0.0,0.0,0.0,0.0,1.0,0.0,0.0,False,Qwen/Qwen2.5-Coder-7B-Instruct,None
1213,Pie,Easy,0.5087,1.526,3,0.0,0.0,0.0,0.0,0.0,0.0,0.0,0.0,0.0,0.0,1.0,0.0,0.0,False,Qwen/Qwen2.5-Coder-7B-Instruct,None
1213,Pie,Easy,0.5087,1.526,3,0.0,0.0,0.0,0.0,0.0,0.0,0.0,0.0,0.0,0.0,1.0,0.0,0.0,False,Qwen/Qwen2.5-Coder-7B-Instruct,None
1214,Grouping Scatter,Medium,0.5363,0.5363,1,0.0,0.0,0.0,0.0,0.0,0.0,0.0,0.0,0.0,0.0,1.0,0.0,0.0,False,Qwen/Qwen2.5-Coder-7B-Instruct,None
1214,Grouping Scatter,Medium,0.5363,0.5363,1,0.0,0.0,0.0,0.0,0.0,0.0,0.0,0.0,0.0,0.0,1.0,0.0,0.0,False,Qwen/Qwen2.5-Coder-7B-Instruct,None
1214,Grouping Scatter,Medium,0.5363,0.5363,1,0.0,0.0,0.0,0.0,0.0,0.0,0.0,0.0,0.0,0.0,1.0,0.0,0.0,False,Qwen/Qwen2.5-Coder-7B-Instruct,None
1216,Pie,Hard,1.237,4.9478,4,0.0,0.0,0.0,0.0,0.0,0.0,0.0,0.0,0.0,0.0,1.0,0.0,0.0,True,Qwen/Qwen2.5-Coder-7B-Instruct,None
1216,Pie,Hard,1.237,4.9478,4,0.0,0.0,0.0,0.0,0.0,0.0,0.0,0.0,0.0,0.0,1.0,0.0,0.0,True,Qwen/Qwen2.5-Coder-7B-Instruct,None
1216,Pie,Hard,1.237,4.9478,4,0.0,0.0,0.0,0.0,0.0,0.0,0.0,0.0,0.0,0.0,1.0,0.0,0.0,True,Qwen/Qwen2.5-Coder-7B-Instruct,None
1223,Pie,Hard,10.778,21.5559,2,0.0,0.0,0.0,0.5,0.5,0.0,0.0,0.0,0.0,0.5,0.5,0.0,0.0,True,Qwen/Qwen2.5-Coder-7B-Instruct,None
1223,Pie,Hard,10.778,21.5559,2,0.0,0.0,0.0,0.5,0.5,0.0,0.0,0.0,0.0,0.5,0.5,0.0,0.0,True,Qwen/Qwen2.5-Coder-7B-Instruct,None
1223,Pie,Hard,10.778,21.5559,2,0.0,0.0,0.0,0.5,0.5,0.0,0.0,0.0,0.0,0.5,0.5,0.0,0.0,True,Qwen/Qwen2.5-Coder-7B-Instruct,None
1229,Bar,Easy,0.4345,0.4345,1,0.0,0.0,0.0,0.0,0.0,0.0,0.0,0.0,0.0,0.0,1.0,0.0,0.0,False,Qwen/Qwen2.5-Coder-7B-Instruct,None
1229,Bar,Easy,0.4345,0.4345,1,0.0,0.0,0.0,0.0,0.0,0.0,0.0,0.0,0.0,0.0,1.0,0.0,0.0,False,Qwen/Qwen2.5-Coder-7B-Instruct,None
1229,Bar,Easy,0.4345,0.4345,1,0.0,0.0,0.0,0.0,0.0,0.0,0.0,0.0,0.0,0.0,1.0,0.0,0.0,False,Qwen/Qwen2.5-Coder-7B-Instruct,None
1232,Bar,Easy,0.4238,1.2714,3,0.0,0.0,0.0,0.0,1.0,0.0,0.0,0.0,0.0,1.0,0.0,,0.0,False,Qwen/Qwen2.5-Coder-7B-Instruct,None
1232,Bar,Easy,0.4238,1.2714,3,0.0,0.0,0.0,0.0,1.0,0.0,0.0,0.0,0.0,1.0,0.0,,0.0,False,Qwen/Qwen2.5-Coder-7B-Instruct,None
1232,Bar,Easy,0.4238,1.2714,3,0.0,0.0,0.0,0.0,1.0,0.0,0.0,0.0,0.0,1.0,0.0,,0.0,False,Qwen/Qwen2.5-Coder-7B-Instruct,None
1233,Bar,Easy,0.4229,2.1147,5,0.0,0.0,0.0,0.0,1.0,0.0,0.0,0.0,0.0,1.0,0.0,,0.0,False,Qwen/Qwen2.5-Coder-7B-Instruct,None
1233,Bar,Easy,0.4229,2.1147,5,0.0,0.0,0.0,0.0,1.0,0.0,0.0,0.0,0.0,1.0,0.0,,0.0,False,Qwen/Qwen2.5-Coder-7B-Instruct,None
1233,Bar,Easy,0.4229,2.1147,5,0.0,0.0,0.0,0.0,1.0,0.0,0.0,0.0,0.0,1.0,0.0,,0.0,False,Qwen/Qwen2.5-Coder-7B-Instruct,None
1234,Pie,Medium,0.5383,1.6149,3,0.0,0.0,0.0,0.0,0.0,0.0,0.0,0.0,0.0,0.0,1.0,0.0,0.0,False,Qwen/Qwen2.5-Coder-7B-Instruct,None
1234,Pie,Medium,0.5383,1.6149,3,0.0,0.0,0.0,0.0,0.0,0.0,0.0,0.0,0.0,0.0,1.0,0.0,0.0,False,Qwen/Qwen2.5-Coder-7B-Instruct,None
1234,Pie,Medium,0.5383,1.6149,3,0.0,0.0,0.0,0.0,0.0,0.0,0.0,0.0,0.0,0.0,1.0,0.0,0.0,False,Qwen/Qwen2.5-Coder-7B-Instruct,None
1236,Pie,Easy,9.8567,19.7134,2,0.0,0.0,0.0,0.5,1.0,0.0,0.0,0.0,0.0,1.0,0.0,,0.0,False,Qwen/Qwen2.5-Coder-7B-Instruct,None
1236,Pie,Easy,9.8567,19.7134,2,0.0,0.0,0.0,0.5,1.0,0.0,0.0,0.0,0.0,1.0,0.0,,0.0,False,Qwen/Qwen2.5-Coder-7B-Instruct,None
1236,Pie,Easy,9.8567,19.7134,2,0.0,0.0,0.0,0.5,1.0,0.0,0.0,0.0,0.0,1.0,0.0,,0.0,False,Qwen/Qwen2.5-Coder-7B-Instruct,None
1241,Grouping Scatter,Easy,0.5422,1.0844,2,0.0,0.0,0.0,0.0,0.0,0.0,0.0,0.0,0.0,0.0,1.0,0.0,0.0,False,Qwen/Qwen2.5-Coder-7B-Instruct,None
1241,Grouping Scatter,Easy,0.5422,1.0844,2,0.0,0.0,0.0,0.0,0.0,0.0,0.0,0.0,0.0,0.0,1.0,0.0,0.0,False,Qwen/Qwen2.5-Coder-7B-Instruct,None
1241,Grouping Scatter,Easy,0.5422,1.0844,2,0.0,0.0,0.0,0.0,0.0,0.0,0.0,0.0,0.0,0.0,1.0,0.0,0.0,False,Qwen/Qwen2.5-Coder-7B-Instruct,None
1274,Pie,Medium,0.5905,0.5905,1,0.0,0.0,0.0,0.0,0.0,0.0,0.0,0.0,0.0,0.0,1.0,0.0,0.0,False,Qwen/Qwen2.5-Coder-7B-Instruct,None
1274,Pie,Medium,0.5905,0.5905,1,0.0,0.0,0.0,0.0,0.0,0.0,0.0,0.0,0.0,0.0,1.0,0.0,0.0,False,Qwen/Qwen2.5-Coder-7B-Instruct,None
1274,Pie,Medium,0.5905,0.5905,1,0.0,0.0,0.0,0.0,0.0,0.0,0.0,0.0,0.0,0.0,1.0,0.0,0.0,False,Qwen/Qwen2.5-Coder-7B-Instruct,None
1275,Bar,Medium,0.6098,1.2196,2,0.0,0.0,0.0,0.0,0.0,0.0,0.0,0.0,0.0,0.0,1.0,0.0,0.0,False,Qwen/Qwen2.5-Coder-7B-Instruct,None
1275,Bar,Medium,0.6098,1.2196,2,0.0,0.0,0.0,0.0,0.0,0.0,0.0,0.0,0.0,0.0,1.0,0.0,0.0,False,Qwen/Qwen2.5-Coder-7B-Instruct,None
1275,Bar,Medium,0.6098,1.2196,2,0.0,0.0,0.0,0.0,0.0,0.0,0.0,0.0,0.0,0.0,1.0,0.0,0.0,False,Qwen/Qwen2.5-Coder-7B-Instruct,None
1277,Pie,Medium,0.5736,1.1472,2,0.0,0.0,0.0,0.0,0.0,0.0,0.0,0.0,0.0,0.0,1.0,0.0,0.0,True,Qwen/Qwen2.5-Coder-7B-Instruct,None
1277,Pie,Medium,0.5736,1.1472,2,0.0,0.0,0.0,0.0,0.0,0.0,0.0,0.0,0.0,0.0,1.0,0.0,0.0,True,Qwen/Qwen2.5-Coder-7B-Instruct,None
1277,Pie,Medium,0.5736,1.1472,2,0.0,0.0,0.0,0.0,0.0,0.0,0.0,0.0,0.0,0.0,1.0,0.0,0.0,True,Qwen/Qwen2.5-Coder-7B-Instruct,None
1285,Line,Medium,0.675,0.675,1,0.0,0.0,0.0,0.0,1.0,0.0,0.0,0.0,0.0,1.0,0.0,,0.0,False,Qwen/Qwen2.5-Coder-7B-Instruct,None
1285,Line,Medium,0.675,0.675,1,0.0,0.0,0.0,0.0,1.0,0.0,0.0,0.0,0.0,1.0,0.0,,0.0,False,Qwen/Qwen2.5-Coder-7B-Instruct,None
1285,Line,Medium,0.675,0.675,1,0.0,0.0,0.0,0.0,1.0,0.0,0.0,0.0,0.0,1.0,0.0,,0.0,False,Qwen/Qwen2.5-Coder-7B-Instruct,None
1288,Pie,Medium,0.5631,1.1261,2,0.0,0.0,0.0,0.0,0.0,0.0,0.0,0.0,0.0,0.0,1.0,0.0,0.0,True,Qwen/Qwen2.5-Coder-7B-Instruct,None
1288,Pie,Medium,0.5631,1.1261,2,0.0,0.0,0.0,0.0,0.0,0.0,0.0,0.0,0.0,0.0,1.0,0.0,0.0,True,Qwen/Qwen2.5-Coder-7B-Instruct,None
1288,Pie,Medium,0.5631,1.1261,2,0.0,0.0,0.0,0.0,0.0,0.0,0.0,0.0,0.0,0.0,1.0,0.0,0.0,True,Qwen/Qwen2.5-Coder-7B-Instruct,None
1296,Bar,Easy,8.0589,16.1178,2,0.5,0.0,0.0,0.0,0.0,0.0,0.0,0.0,0.5,0.0,0.5,0.0,0.0,False,Qwen/Qwen2.5-Coder-7B-Instruct,None
1296,Bar,Easy,8.0589,16.1178,2,0.5,0.0,0.0,0.0,0.0,0.0,0.0,0.0,0.5,0.0,0.5,0.0,0.0,False,Qwen/Qwen2.5-Coder-7B-Instruct,None
1296,Bar,Easy,8.0589,16.1178,2,0.5,0.0,0.0,0.0,0.0,0.0,0.0,0.0,0.5,0.0,0.5,0.0,0.0,False,Qwen/Qwen2.5-Coder-7B-Instruct,None
1297,Bar,Easy,0.6685,1.337,2,0.0,0.0,0.0,0.0,0.0,0.0,0.0,0.0,0.0,0.0,1.0,0.0,0.0,False,Qwen/Qwen2.5-Coder-7B-Instruct,None
1297,Bar,Easy,0.6685,1.337,2,0.0,0.0,0.0,0.0,0.0,0.0,0.0,0.0,0.0,0.0,1.0,0.0,0.0,False,Qwen/Qwen2.5-Coder-7B-Instruct,None
1297,Bar,Easy,0.6685,1.337,2,0.0,0.0,0.0,0.0,0.0,0.0,0.0,0.0,0.0,0.0,1.0,0.0,0.0,False,Qwen/Qwen2.5-Coder-7B-Instruct,None
1303,Pie,Easy,0.2924,0.8771,3,0.0,0.0,0.0,0.0,0.0,0.0,0.0,0.0,0.0,0.0,1.0,0.0,0.0,False,Qwen/Qwen2.5-Coder-7B-Instruct,None
1303,Pie,Easy,0.2924,0.8771,3,0.0,0.0,0.0,0.0,0.0,0.0,0.0,0.0,0.0,0.0,1.0,0.0,0.0,False,Qwen/Qwen2.5-Coder-7B-Instruct,None
1303,Pie,Easy,0.2924,0.8771,3,0.0,0.0,0.0,0.0,0.0,0.0,0.0,0.0,0.0,0.0,1.0,0.0,0.0,False,Qwen/Qwen2.5-Coder-7B-Instruct,None
1309,Pie,Medium,0.8463,0.8463,1,0.0,0.0,0.0,0.0,1.0,0.0,0.0,0.0,0.0,1.0,0.0,,0.0,True,Qwen/Qwen2.5-Coder-7B-Instruct,None
1309,Pie,Medium,0.8463,0.8463,1,0.0,0.0,0.0,0.0,1.0,0.0,0.0,0.0,0.0,1.0,0.0,,0.0,True,Qwen/Qwen2.5-Coder-7B-Instruct,None
1309,Pie,Medium,0.8463,0.8463,1,0.0,0.0,0.0,0.0,1.0,0.0,0.0,0.0,0.0,1.0,0.0,,0.0,True,Qwen/Qwen2.5-Coder-7B-Instruct,None
1310,Pie,Medium,0.5829,1.1659,2,0.0,0.0,0.0,0.0,0.5,0.0,0.0,0.0,0.0,0.5,0.5,0.0,0.0,True,Qwen/Qwen2.5-Coder-7B-Instruct,None
1310,Pie,Medium,0.5829,1.1659,2,0.0,0.0,0.0,0.0,0.5,0.0,0.0,0.0,0.0,0.5,0.5,0.0,0.0,True,Qwen/Qwen2.5-Coder-7B-Instruct,None
1310,Pie,Medium,0.5829,1.1659,2,0.0,0.0,0.0,0.0,0.5,0.0,0.0,0.0,0.0,0.5,0.5,0.0,0.0,True,Qwen/Qwen2.5-Coder-7B-Instruct,None
1314,Pie,Medium,6.4081,6.4081,1,0.0,0.0,0.0,0.0,1.0,0.0,0.0,0.0,0.0,1.0,0.0,,0.0,True,Qwen/Qwen2.5-Coder-7B-Instruct,None
1314,Pie,Medium,6.4081,6.4081,1,0.0,0.0,0.0,0.0,1.0,0.0,0.0,0.0,0.0,1.0,0.0,,0.0,True,Qwen/Qwen2.5-Coder-7B-Instruct,None
1314,Pie,Medium,6.4081,6.4081,1,0.0,0.0,0.0,0.0,1.0,0.0,0.0,0.0,0.0,1.0,0.0,,0.0,True,Qwen/Qwen2.5-Coder-7B-Instruct,None
1316,Pie,Hard,0.9635,1.9269,2,0.0,0.0,0.0,0.0,0.0,0.0,0.0,0.0,0.0,0.0,1.0,0.0,0.0,True,Qwen/Qwen2.5-Coder-7B-Instruct,None
1316,Pie,Hard,0.9635,1.9269,2,0.0,0.0,0.0,0.0,0.0,0.0,0.0,0.0,0.0,0.0,1.0,0.0,0.0,True,Qwen/Qwen2.5-Coder-7B-Instruct,None
1316,Pie,Hard,0.9635,1.9269,2,0.0,0.0,0.0,0.0,0.0,0.0,0.0,0.0,0.0,0.0,1.0,0.0,0.0,True,Qwen/Qwen2.5-Coder-7B-Instruct,None
1317,Bar,Hard,0.9911,1.9822,2,0.0,0.0,0.0,0.0,0.0,0.0,0.0,0.0,0.0,0.0,1.0,0.0,0.0,True,Qwen/Qwen2.5-Coder-7B-Instruct,None
1317,Bar,Hard,0.9911,1.9822,2,0.0,0.0,0.0,0.0,0.0,0.0,0.0,0.0,0.0,0.0,1.0,0.0,0.0,True,Qwen/Qwen2.5-Coder-7B-Instruct,None
1317,Bar,Hard,0.9911,1.9822,2,0.0,0.0,0.0,0.0,0.0,0.0,0.0,0.0,0.0,0.0,1.0,0.0,0.0,True,Qwen/Qwen2.5-Coder-7B-Instruct,None
1318,Pie,Hard,12.1646,12.1646,1,0.0,0.0,0.0,0.0,0.0,0.0,0.0,0.0,0.0,0.0,1.0,0.0,0.0,True,Qwen/Qwen2.5-Coder-7B-Instruct,None
1318,Pie,Hard,12.1646,12.1646,1,0.0,0.0,0.0,0.0,0.0,0.0,0.0,0.0,0.0,0.0,1.0,0.0,0.0,True,Qwen/Qwen2.5-Coder-7B-Instruct,None
1318,Pie,Hard,12.1646,12.1646,1,0.0,0.0,0.0,0.0,0.0,0.0,0.0,0.0,0.0,0.0,1.0,0.0,0.0,True,Qwen/Qwen2.5-Coder-7B-Instruct,None
1319,Bar,Hard,7.5257,7.5257,1,0.0,1.0,0.0,0.0,0.0,0.0,0.0,0.0,1.0,0.0,0.0,,0.0,True,Qwen/Qwen2.5-Coder-7B-Instruct,None
1319,Bar,Hard,7.5257,7.5257,1,0.0,1.0,0.0,0.0,0.0,0.0,0.0,0.0,1.0,0.0,0.0,,0.0,True,Qwen/Qwen2.5-Coder-7B-Instruct,None
1319,Bar,Hard,7.5257,7.5257,1,0.0,1.0,0.0,0.0,0.0,0.0,0.0,0.0,1.0,0.0,0.0,,0.0,True,Qwen/Qwen2.5-Coder-7B-Instruct,None
1325,Pie,Easy,2.2424,4.4847,2,0.0,0.0,0.0,0.0,0.0,0.0,0.0,0.0,0.0,0.0,1.0,0.0,0.0,False,Qwen/Qwen2.5-Coder-7B-Instruct,None
1325,Pie,Easy,2.2424,4.4847,2,0.0,0.0,0.0,0.0,0.0,0.0,0.0,0.0,0.0,0.0,1.0,0.0,0.0,False,Qwen/Qwen2.5-Coder-7B-Instruct,None
1325,Pie,Easy,2.2424,4.4847,2,0.0,0.0,0.0,0.0,0.0,0.0,0.0,0.0,0.0,0.0,1.0,0.0,0.0,False,Qwen/Qwen2.5-Coder-7B-Instruct,None
1326,Bar,Easy,26.2203,52.4406,2,0.0,0.0,0.0,0.0,0.0,0.0,0.0,0.0,0.0,0.0,1.0,0.0,0.0,False,Qwen/Qwen2.5-Coder-7B-Instruct,None
1326,Bar,Easy,26.2203,52.4406,2,0.0,0.0,0.0,0.0,0.0,0.0,0.0,0.0,0.0,0.0,1.0,0.0,0.0,False,Qwen/Qwen2.5-Coder-7B-Instruct,None
1326,Bar,Easy,26.2203,52.4406,2,0.0,0.0,0.0,0.0,0.0,0.0,0.0,0.0,0.0,0.0,1.0,0.0,0.0,False,Qwen/Qwen2.5-Coder-7B-Instruct,None
1354,Pie,Easy,15.0265,60.1058,4,0.0,0.0,0.0,0.0,0.0,0.0,0.0,0.0,0.0,0.0,1.0,0.0,0.0,False,Qwen/Qwen2.5-Coder-7B-Instruct,None
1354,Pie,Easy,15.0265,60.1058,4,0.0,0.0,0.0,0.0,0.0,0.0,0.0,0.0,0.0,0.0,1.0,0.0,0.0,False,Qwen/Qwen2.5-Coder-7B-Instruct,None
1354,Pie,Easy,15.0265,60.1058,4,0.0,0.0,0.0,0.0,0.0,0.0,0.0,0.0,0.0,0.0,1.0,0.0,0.0,False,Qwen/Qwen2.5-Coder-7B-Instruct,None
1363,Bar,Easy,14.7931,59.1723,4,0.0,0.0,0.0,0.0,0.0,0.0,0.0,0.0,0.0,0.0,1.0,0.0,0.0,False,Qwen/Qwen2.5-Coder-7B-Instruct,None
1363,Bar,Easy,14.7931,59.1723,4,0.0,0.0,0.0,0.0,0.0,0.0,0.0,0.0,0.0,0.0,1.0,0.0,0.0,False,Qwen/Qwen2.5-Coder-7B-Instruct,None
1363,Bar,Easy,14.7931,59.1723,4,0.0,0.0,0.0,0.0,0.0,0.0,0.0,0.0,0.0,0.0,1.0,0.0,0.0,False,Qwen/Qwen2.5-Coder-7B-Instruct,None
1376,Pie,Medium,0.794,0.794,1,0.0,0.0,0.0,0.0,0.0,0.0,0.0,0.0,0.0,0.0,1.0,0.0,0.0,True,Qwen/Qwen2.5-Coder-7B-Instruct,None
1376,Pie,Medium,0.794,0.794,1,0.0,0.0,0.0,0.0,0.0,0.0,0.0,0.0,0.0,0.0,1.0,0.0,0.0,True,Qwen/Qwen2.5-Coder-7B-Instruct,None
1376,Pie,Medium,0.794,0.794,1,0.0,0.0,0.0,0.0,0.0,0.0,0.0,0.0,0.0,0.0,1.0,0.0,0.0,True,Qwen/Qwen2.5-Coder-7B-Instruct,None
1377,Bar,Medium,58.4189,58.4189,1,0.0,0.0,0.0,0.0,0.0,0.0,0.0,0.0,0.0,0.0,1.0,0.0,0.0,True,Qwen/Qwen2.5-Coder-7B-Instruct,None
1377,Bar,Medium,58.4189,58.4189,1,0.0,0.0,0.0,0.0,0.0,0.0,0.0,0.0,0.0,0.0,1.0,0.0,0.0,True,Qwen/Qwen2.5-Coder-7B-Instruct,None
1377,Bar,Medium,58.4189,58.4189,1,0.0,0.0,0.0,0.0,0.0,0.0,0.0,0.0,0.0,0.0,1.0,0.0,0.0,True,Qwen/Qwen2.5-Coder-7B-Instruct,None
1379,Pie,Medium,0.7963,0.7963,1,0.0,0.0,0.0,0.0,0.0,0.0,0.0,0.0,0.0,0.0,1.0,0.0,0.0,True,Qwen/Qwen2.5-Coder-7B-Instruct,None
1379,Pie,Medium,0.7963,0.7963,1,0.0,0.0,0.0,0.0,0.0,0.0,0.0,0.0,0.0,0.0,1.0,0.0,0.0,True,Qwen/Qwen2.5-Coder-7B-Instruct,None
1379,Pie,Medium,0.7963,0.7963,1,0.0,0.0,0.0,0.0,0.0,0.0,0.0,0.0,0.0,0.0,1.0,0.0,0.0,True,Qwen/Qwen2.5-Coder-7B-Instruct,None
1381,Pie,Medium,0.7544,0.7544,1,0.0,0.0,0.0,0.0,0.0,0.0,0.0,0.0,0.0,0.0,1.0,0.0,0.0,True,Qwen/Qwen2.5-Coder-7B-Instruct,None
1381,Pie,Medium,0.7544,0.7544,1,0.0,0.0,0.0,0.0,0.0,0.0,0.0,0.0,0.0,0.0,1.0,0.0,0.0,True,Qwen/Qwen2.5-Coder-7B-Instruct,None
1381,Pie,Medium,0.7544,0.7544,1,0.0,0.0,0.0,0.0,0.0,0.0,0.0,0.0,0.0,0.0,1.0,0.0,0.0,True,Qwen/Qwen2.5-Coder-7B-Instruct,None
1383,Pie,Easy,58.1186,58.1186,1,0.0,0.0,0.0,0.0,0.0,0.0,0.0,0.0,0.0,0.0,1.0,0.0,0.0,False,Qwen/Qwen2.5-Coder-7B-Instruct,None
1383,Pie,Easy,58.1186,58.1186,1,0.0,0.0,0.0,0.0,0.0,0.0,0.0,0.0,0.0,0.0,1.0,0.0,0.0,False,Qwen/Qwen2.5-Coder-7B-Instruct,None
1383,Pie,Easy,58.1186,58.1186,1,0.0,0.0,0.0,0.0,0.0,0.0,0.0,0.0,0.0,0.0,1.0,0.0,0.0,False,Qwen/Qwen2.5-Coder-7B-Instruct,None
1389,Pie,Medium,29.9121,59.8241,2,0.0,0.0,0.0,0.0,0.5,0.0,0.0,0.0,0.0,0.5,0.5,0.0,0.0,True,Qwen/Qwen2.5-Coder-7B-Instruct,None
1389,Pie,Medium,29.9121,59.8241,2,0.0,0.0,0.0,0.0,0.5,0.0,0.0,0.0,0.0,0.5,0.5,0.0,0.0,True,Qwen/Qwen2.5-Coder-7B-Instruct,None
1389,Pie,Medium,29.9121,59.8241,2,0.0,0.0,0.0,0.0,0.5,0.0,0.0,0.0,0.0,0.5,0.5,0.0,0.0,True,Qwen/Qwen2.5-Coder-7B-Instruct,None
1392,Bar,Medium,5.4028,10.8056,2,0.0,0.0,0.0,0.0,0.0,0.0,0.0,0.0,0.0,0.0,1.0,0.0,0.0,True,Qwen/Qwen2.5-Coder-7B-Instruct,None
1392,Bar,Medium,5.4028,10.8056,2,0.0,0.0,0.0,0.0,0.0,0.0,0.0,0.0,0.0,0.0,1.0,0.0,0.0,True,Qwen/Qwen2.5-Coder-7B-Instruct,None
1392,Bar,Medium,5.4028,10.8056,2,0.0,0.0,0.0,0.0,0.0,0.0,0.0,0.0,0.0,0.0,1.0,0.0,0.0,True,Qwen/Qwen2.5-Coder-7B-Instruct,None
1395,Pie,Medium,24.5862,49.1724,2,0.0,0.0,0.0,0.0,1.0,0.0,0.0,0.0,0.0,1.0,0.0,,0.0,True,Qwen/Qwen2.5-Coder-7B-Instruct,None
1395,Pie,Medium,24.5862,49.1724,2,0.0,0.0,0.0,0.0,1.0,0.0,0.0,0.0,0.0,1.0,0.0,,0.0,True,Qwen/Qwen2.5-Coder-7B-Instruct,None
1395,Pie,Medium,24.5862,49.1724,2,0.0,0.0,0.0,0.0,1.0,0.0,0.0,0.0,0.0,1.0,0.0,,0.0,True,Qwen/Qwen2.5-Coder-7B-Instruct,None
1398,Scatter,Easy,19.9697,119.818,6,0.0,0.0,0.0,0.0,0.0,0.0,0.0,0.0,0.0,0.0,1.0,0.0,0.0,False,Qwen/Qwen2.5-Coder-7B-Instruct,None
1398,Scatter,Easy,19.9697,119.818,6,0.0,0.0,0.0,0.0,0.0,0.0,0.0,0.0,0.0,0.0,1.0,0.0,0.0,False,Qwen/Qwen2.5-Coder-7B-Instruct,None
1398,Scatter,Easy,19.9697,119.818,6,0.0,0.0,0.0,0.0,0.0,0.0,0.0,0.0,0.0,0.0,1.0,0.0,0.0,False,Qwen/Qwen2.5-Coder-7B-Instruct,None
1400,Pie,Easy,7.398,29.592,4,0.0,0.0,0.0,0.0,0.0,0.0,0.0,0.0,0.0,0.0,1.0,0.0,0.0,False,Qwen/Qwen2.5-Coder-7B-Instruct,None
1400,Pie,Easy,7.398,29.592,4,0.0,0.0,0.0,0.0,0.0,0.0,0.0,0.0,0.0,0.0,1.0,0.0,0.0,False,Qwen/Qwen2.5-Coder-7B-Instruct,None
1400,Pie,Easy,7.398,29.592,4,0.0,0.0,0.0,0.0,0.0,0.0,0.0,0.0,0.0,0.0,1.0,0.0,0.0,False,Qwen/Qwen2.5-Coder-7B-Instruct,None
1408,Bar,Easy,0.3836,2.3015,6,0.0,0.0,0.0,0.0,0.0,0.0,0.0,0.0,0.0,0.0,1.0,0.0,0.0,False,Qwen/Qwen2.5-Coder-7B-Instruct,None
1408,Bar,Easy,0.3836,2.3015,6,0.0,0.0,0.0,0.0,0.0,0.0,0.0,0.0,0.0,0.0,1.0,0.0,0.0,False,Qwen/Qwen2.5-Coder-7B-Instruct,None
1408,Bar,Easy,0.3836,2.3015,6,0.0,0.0,0.0,0.0,0.0,0.0,0.0,0.0,0.0,0.0,1.0,0.0,0.0,False,Qwen/Qwen2.5-Coder-7B-Instruct,None
1411,Bar,Easy,0.3689,1.4756,4,0.0,0.0,0.0,0.0,0.0,0.0,0.0,0.0,0.0,0.0,1.0,0.0,0.0,False,Qwen/Qwen2.5-Coder-7B-Instruct,None
1411,Bar,Easy,0.3689,1.4756,4,0.0,0.0,0.0,0.0,0.0,0.0,0.0,0.0,0.0,0.0,1.0,0.0,0.0,False,Qwen/Qwen2.5-Coder-7B-Instruct,None
1411,Bar,Easy,0.3689,1.4756,4,0.0,0.0,0.0,0.0,0.0,0.0,0.0,0.0,0.0,0.0,1.0,0.0,0.0,False,Qwen/Qwen2.5-Coder-7B-Instruct,None
1434,Pie,Hard,9.5518,38.2073,4,0.5,0.0,0.0,0.0,0.0,0.0,0.0,0.0,0.5,0.0,0.5,0.0,0.0,True,Qwen/Qwen2.5-Coder-7B-Instruct,None
1434,Pie,Hard,9.5518,38.2073,4,0.5,0.0,0.0,0.0,0.0,0.0,0.0,0.0,0.5,0.0,0.5,0.0,0.0,True,Qwen/Qwen2.5-Coder-7B-Instruct,None
1434,Pie,Hard,9.5518,38.2073,4,0.5,0.0,0.0,0.0,0.0,0.0,0.0,0.0,0.5,0.0,0.5,0.0,0.0,True,Qwen/Qwen2.5-Coder-7B-Instruct,None
1435,Bar,Hard,1.2264,4.9057,4,0.0,0.0,0.0,0.0,0.0,0.0,0.0,0.0,0.0,0.0,1.0,0.0,0.0,True,Qwen/Qwen2.5-Coder-7B-Instruct,None
1435,Bar,Hard,1.2264,4.9057,4,0.0,0.0,0.0,0.0,0.0,0.0,0.0,0.0,0.0,0.0,1.0,0.0,0.0,True,Qwen/Qwen2.5-Coder-7B-Instruct,None
1435,Bar,Hard,1.2264,4.9057,4,0.0,0.0,0.0,0.0,0.0,0.0,0.0,0.0,0.0,0.0,1.0,0.0,0.0,True,Qwen/Qwen2.5-Coder-7B-Instruct,None
1460,Bar,Medium,0.8772,3.5089,4,0.0,0.0,0.0,0.0,0.5,0.0,0.0,0.0,0.0,0.5,0.5,0.0,0.0,False,Qwen/Qwen2.5-Coder-7B-Instruct,None
1460,Bar,Medium,0.8772,3.5089,4,0.0,0.0,0.0,0.0,0.5,0.0,0.0,0.0,0.0,0.5,0.5,0.0,0.0,False,Qwen/Qwen2.5-Coder-7B-Instruct,None
1460,Bar,Medium,0.8772,3.5089,4,0.0,0.0,0.0,0.0,0.5,0.0,0.0,0.0,0.0,0.5,0.5,0.0,0.0,False,Qwen/Qwen2.5-Coder-7B-Instruct,None
1465,Scatter,Easy,10.0762,10.0762,1,0.0,0.0,0.0,0.0,1.0,0.0,0.0,0.0,0.0,1.0,0.0,,0.0,False,Qwen/Qwen2.5-Coder-7B-Instruct,None
1465,Scatter,Easy,10.0762,10.0762,1,0.0,0.0,0.0,0.0,1.0,0.0,0.0,0.0,0.0,1.0,0.0,,0.0,False,Qwen/Qwen2.5-Coder-7B-Instruct,None
1465,Scatter,Easy,10.0762,10.0762,1,0.0,0.0,0.0,0.0,1.0,0.0,0.0,0.0,0.0,1.0,0.0,,0.0,False,Qwen/Qwen2.5-Coder-7B-Instruct,None
1468,Grouping Scatter,Medium,0.5816,1.1632,2,0.0,0.0,0.0,0.0,0.0,0.0,0.0,0.0,0.0,0.0,1.0,0.0,0.0,False,Qwen/Qwen2.5-Coder-7B-Instruct,None
1468,Grouping Scatter,Medium,0.5816,1.1632,2,0.0,0.0,0.0,0.0,0.0,0.0,0.0,0.0,0.0,0.0,1.0,0.0,0.0,False,Qwen/Qwen2.5-Coder-7B-Instruct,None
1468,Grouping Scatter,Medium,0.5816,1.1632,2,0.0,0.0,0.0,0.0,0.0,0.0,0.0,0.0,0.0,0.0,1.0,0.0,0.0,False,Qwen/Qwen2.5-Coder-7B-Instruct,None
1482,Grouping Line,Hard,0.5531,0.5531,1,0.0,0.0,0.0,0.0,1.0,0.0,0.0,0.0,0.0,1.0,0.0,,0.0,False,Qwen/Qwen2.5-Coder-7B-Instruct,None
1482,Grouping Line,Hard,0.5531,0.5531,1,0.0,0.0,0.0,0.0,1.0,0.0,0.0,0.0,0.0,1.0,0.0,,0.0,False,Qwen/Qwen2.5-Coder-7B-Instruct,None
1482,Grouping Line,Hard,0.5531,0.5531,1,0.0,0.0,0.0,0.0,1.0,0.0,0.0,0.0,0.0,1.0,0.0,,0.0,False,Qwen/Qwen2.5-Coder-7B-Instruct,None
1496,Pie,Easy,0.3855,0.3855,1,0.0,0.0,0.0,0.0,0.0,0.0,0.0,0.0,0.0,0.0,1.0,0.0,0.0,False,Qwen/Qwen2.5-Coder-7B-Instruct,None
1496,Pie,Easy,0.3855,0.3855,1,0.0,0.0,0.0,0.0,0.0,0.0,0.0,0.0,0.0,0.0,1.0,0.0,0.0,False,Qwen/Qwen2.5-Coder-7B-Instruct,None
1496,Pie,Easy,0.3855,0.3855,1,0.0,0.0,0.0,0.0,0.0,0.0,0.0,0.0,0.0,0.0,1.0,0.0,0.0,False,Qwen/Qwen2.5-Coder-7B-Instruct,None
1497,Pie,Easy,0.3673,1.1018,3,0.0,0.0,0.0,0.0,0.0,0.0,0.0,0.0,0.0,0.0,1.0,0.0,0.0,False,Qwen/Qwen2.5-Coder-7B-Instruct,None
1497,Pie,Easy,0.3673,1.1018,3,0.0,0.0,0.0,0.0,0.0,0.0,0.0,0.0,0.0,0.0,1.0,0.0,0.0,False,Qwen/Qwen2.5-Coder-7B-Instruct,None
1497,Pie,Easy,0.3673,1.1018,3,0.0,0.0,0.0,0.0,0.0,0.0,0.0,0.0,0.0,0.0,1.0,0.0,0.0,False,Qwen/Qwen2.5-Coder-7B-Instruct,None
1499,Bar,Medium,4.4863,4.4863,1,0.0,0.0,0.0,0.0,1.0,0.0,0.0,0.0,0.0,1.0,0.0,,0.0,False,Qwen/Qwen2.5-Coder-7B-Instruct,None
1499,Bar,Medium,4.4863,4.4863,1,0.0,0.0,0.0,0.0,1.0,0.0,0.0,0.0,0.0,1.0,0.0,,0.0,False,Qwen/Qwen2.5-Coder-7B-Instruct,None
1499,Bar,Medium,4.4863,4.4863,1,0.0,0.0,0.0,0.0,1.0,0.0,0.0,0.0,0.0,1.0,0.0,,0.0,False,Qwen/Qwen2.5-Coder-7B-Instruct,None
1500,Pie,Easy,4.729,9.458,2,0.0,0.0,0.0,0.0,0.0,0.0,0.0,0.0,0.0,0.0,1.0,0.0,0.0,False,Qwen/Qwen2.5-Coder-7B-Instruct,None
1500,Pie,Easy,4.729,9.458,2,0.0,0.0,0.0,0.0,0.0,0.0,0.0,0.0,0.0,0.0,1.0,0.0,0.0,False,Qwen/Qwen2.5-Coder-7B-Instruct,None
1500,Pie,Easy,4.729,9.458,2,0.0,0.0,0.0,0.0,0.0,0.0,0.0,0.0,0.0,0.0,1.0,0.0,0.0,False,Qwen/Qwen2.5-Coder-7B-Instruct,None
1504,Grouping Scatter,Medium,16.9514,16.9514,1,1.0,0.0,0.0,0.0,0.0,0.0,0.0,0.0,1.0,0.0,0.0,,0.0,False,Qwen/Qwen2.5-Coder-7B-Instruct,None
1504,Grouping Scatter,Medium,16.9514,16.9514,1,1.0,0.0,0.0,0.0,0.0,0.0,0.0,0.0,1.0,0.0,0.0,,0.0,False,Qwen/Qwen2.5-Coder-7B-Instruct,None
1504,Grouping Scatter,Medium,16.9514,16.9514,1,1.0,0.0,0.0,0.0,0.0,0.0,0.0,0.0,1.0,0.0,0.0,,0.0,False,Qwen/Qwen2.5-Coder-7B-Instruct,None
1507,Pie,Easy,0.4471,1.7885,4,0.0,0.0,0.0,0.0,0.0,0.0,0.0,0.0,0.0,0.0,1.0,0.0,0.0,False,Qwen/Qwen2.5-Coder-7B-Instruct,None
1507,Pie,Easy,0.4471,1.7885,4,0.0,0.0,0.0,0.0,0.0,0.0,0.0,0.0,0.0,0.0,1.0,0.0,0.0,False,Qwen/Qwen2.5-Coder-7B-Instruct,None
1507,Pie,Easy,0.4471,1.7885,4,0.0,0.0,0.0,0.0,0.0,0.0,0.0,0.0,0.0,0.0,1.0,0.0,0.0,False,Qwen/Qwen2.5-Coder-7B-Instruct,None
1509,Pie,Medium,0.568,1.1361,2,0.0,0.0,0.0,0.0,0.0,0.0,0.0,0.0,0.0,0.0,1.0,0.0,0.0,False,Qwen/Qwen2.5-Coder-7B-Instruct,None
1509,Pie,Medium,0.568,1.1361,2,0.0,0.0,0.0,0.0,0.0,0.0,0.0,0.0,0.0,0.0,1.0,0.0,0.0,False,Qwen/Qwen2.5-Coder-7B-Instruct,None
1509,Pie,Medium,0.568,1.1361,2,0.0,0.0,0.0,0.0,0.0,0.0,0.0,0.0,0.0,0.0,1.0,0.0,0.0,False,Qwen/Qwen2.5-Coder-7B-Instruct,None
1515,Pie,Medium,0.7803,0.7803,1,0.0,0.0,0.0,0.0,0.0,0.0,0.0,0.0,0.0,0.0,1.0,0.0,0.0,True,Qwen/Qwen2.5-Coder-7B-Instruct,None
1515,Pie,Medium,0.7803,0.7803,1,0.0,0.0,0.0,0.0,0.0,0.0,0.0,0.0,0.0,0.0,1.0,0.0,0.0,True,Qwen/Qwen2.5-Coder-7B-Instruct,None
1515,Pie,Medium,0.7803,0.7803,1,0.0,0.0,0.0,0.0,0.0,0.0,0.0,0.0,0.0,0.0,1.0,0.0,0.0,True,Qwen/Qwen2.5-Coder-7B-Instruct,None
1517,Pie,Easy,0.3498,0.6996,2,0.0,0.0,0.0,0.0,0.0,0.0,0.0,0.0,0.0,0.0,1.0,0.0,0.0,False,Qwen/Qwen2.5-Coder-7B-Instruct,None
1517,Pie,Easy,0.3498,0.6996,2,0.0,0.0,0.0,0.0,0.0,0.0,0.0,0.0,0.0,0.0,1.0,0.0,0.0,False,Qwen/Qwen2.5-Coder-7B-Instruct,None
1517,Pie,Easy,0.3498,0.6996,2,0.0,0.0,0.0,0.0,0.0,0.0,0.0,0.0,0.0,0.0,1.0,0.0,0.0,False,Qwen/Qwen2.5-Coder-7B-Instruct,None
1520,Pie,Medium,0.8148,4.0739,5,0.0,0.0,0.0,0.0,0.4,0.0,0.0,0.0,0.0,0.4,0.6,0.0,0.0,True,Qwen/Qwen2.5-Coder-7B-Instruct,None
1520,Pie,Medium,0.8148,4.0739,5,0.0,0.0,0.0,0.0,0.4,0.0,0.0,0.0,0.0,0.4,0.6,0.0,0.0,True,Qwen/Qwen2.5-Coder-7B-Instruct,None
1520,Pie,Medium,0.8148,4.0739,5,0.0,0.0,0.0,0.0,0.4,0.0,0.0,0.0,0.0,0.4,0.6,0.0,0.0,True,Qwen/Qwen2.5-Coder-7B-Instruct,None
1522,Pie,Hard,0.8823,0.8823,1,0.0,0.0,0.0,0.0,0.0,0.0,0.0,0.0,0.0,0.0,1.0,0.0,0.0,True,Qwen/Qwen2.5-Coder-7B-Instruct,None
1522,Pie,Hard,0.8823,0.8823,1,0.0,0.0,0.0,0.0,0.0,0.0,0.0,0.0,0.0,0.0,1.0,0.0,0.0,True,Qwen/Qwen2.5-Coder-7B-Instruct,None
1522,Pie,Hard,0.8823,0.8823,1,0.0,0.0,0.0,0.0,0.0,0.0,0.0,0.0,0.0,0.0,1.0,0.0,0.0,True,Qwen/Qwen2.5-Coder-7B-Instruct,None
1524,Pie,Medium,0.7297,2.1891,3,0.0,0.0,0.0,0.0,0.3333333333333333,0.0,0.0,0.0,0.0,0.3333333333333333,0.6666666666666666,0.0,0.0,True,Qwen/Qwen2.5-Coder-7B-Instruct,None
1524,Pie,Medium,0.7297,2.1891,3,0.0,0.0,0.0,0.0,0.3333333333333333,0.0,0.0,0.0,0.0,0.3333333333333333,0.6666666666666666,0.0,0.0,True,Qwen/Qwen2.5-Coder-7B-Instruct,None
1524,Pie,Medium,0.7297,2.1891,3,0.0,0.0,0.0,0.0,0.3333333333333333,0.0,0.0,0.0,0.0,0.3333333333333333,0.6666666666666666,0.0,0.0,True,Qwen/Qwen2.5-Coder-7B-Instruct,None
1526,Bar,Easy,0.3879,0.7759,2,0.0,0.0,0.0,0.0,0.0,0.0,0.0,0.0,0.0,0.0,1.0,0.0,0.0,False,Qwen/Qwen2.5-Coder-7B-Instruct,None
1526,Bar,Easy,0.3879,0.7759,2,0.0,0.0,0.0,0.0,0.0,0.0,0.0,0.0,0.0,0.0,1.0,0.0,0.0,False,Qwen/Qwen2.5-Coder-7B-Instruct,None
1526,Bar,Easy,0.3879,0.7759,2,0.0,0.0,0.0,0.0,0.0,0.0,0.0,0.0,0.0,0.0,1.0,0.0,0.0,False,Qwen/Qwen2.5-Coder-7B-Instruct,None
1527,Pie,Hard,1.0866,3.2597,3,0.0,0.0,0.0,0.0,0.6666666666666666,0.0,0.0,0.0,0.0,0.6666666666666666,0.3333333333333333,0.0,0.0,True,Qwen/Qwen2.5-Coder-7B-Instruct,None
1527,Pie,Hard,1.0866,3.2597,3,0.0,0.0,0.0,0.0,0.6666666666666666,0.0,0.0,0.0,0.0,0.6666666666666666,0.3333333333333333,0.0,0.0,True,Qwen/Qwen2.5-Coder-7B-Instruct,None
1527,Pie,Hard,1.0866,3.2597,3,0.0,0.0,0.0,0.0,0.6666666666666666,0.0,0.0,0.0,0.0,0.6666666666666666,0.3333333333333333,0.0,0.0,True,Qwen/Qwen2.5-Coder-7B-Instruct,None
1528,Bar,Hard,1.2228,3.6683,3,0.0,0.0,0.0,0.0,0.0,0.0,0.0,0.0,0.0,0.0,1.0,0.0,0.0,True,Qwen/Qwen2.5-Coder-7B-Instruct,None
1528,Bar,Hard,1.2228,3.6683,3,0.0,0.0,0.0,0.0,0.0,0.0,0.0,0.0,0.0,0.0,1.0,0.0,0.0,True,Qwen/Qwen2.5-Coder-7B-Instruct,None
1528,Bar,Hard,1.2228,3.6683,3,0.0,0.0,0.0,0.0,0.0,0.0,0.0,0.0,0.0,0.0,1.0,0.0,0.0,True,Qwen/Qwen2.5-Coder-7B-Instruct,None
1529,Pie,Medium,4.5348,13.6044,3,0.0,0.3333333333333333,0.0,0.0,0.0,0.0,0.0,0.0,0.3333333333333333,0.0,0.6666666666666666,0.0,0.0,True,Qwen/Qwen2.5-Coder-7B-Instruct,None
1529,Pie,Medium,4.5348,13.6044,3,0.0,0.3333333333333333,0.0,0.0,0.0,0.0,0.0,0.0,0.3333333333333333,0.0,0.6666666666666666,0.0,0.0,True,Qwen/Qwen2.5-Coder-7B-Instruct,None
1529,Pie,Medium,4.5348,13.6044,3,0.0,0.3333333333333333,0.0,0.0,0.0,0.0,0.0,0.0,0.3333333333333333,0.0,0.6666666666666666,0.0,0.0,True,Qwen/Qwen2.5-Coder-7B-Instruct,None
1530,Bar,Medium,2.1028,6.3085,3,0.0,0.0,0.0,0.0,0.0,0.0,0.0,0.0,0.0,0.0,1.0,0.0,0.0,True,Qwen/Qwen2.5-Coder-7B-Instruct,None
1530,Bar,Medium,2.1028,6.3085,3,0.0,0.0,0.0,0.0,0.0,0.0,0.0,0.0,0.0,0.0,1.0,0.0,0.0,True,Qwen/Qwen2.5-Coder-7B-Instruct,None
1530,Bar,Medium,2.1028,6.3085,3,0.0,0.0,0.0,0.0,0.0,0.0,0.0,0.0,0.0,0.0,1.0,0.0,0.0,True,Qwen/Qwen2.5-Coder-7B-Instruct,None
1531,Pie,Medium,0.605,1.8149,3,0.0,0.0,0.0,0.0,0.0,0.0,0.0,0.0,0.0,0.0,1.0,0.0,0.0,True,Qwen/Qwen2.5-Coder-7B-Instruct,None
1531,Pie,Medium,0.605,1.8149,3,0.0,0.0,0.0,0.0,0.0,0.0,0.0,0.0,0.0,0.0,1.0,0.0,0.0,True,Qwen/Qwen2.5-Coder-7B-Instruct,None
1531,Pie,Medium,0.605,1.8149,3,0.0,0.0,0.0,0.0,0.0,0.0,0.0,0.0,0.0,0.0,1.0,0.0,0.0,True,Qwen/Qwen2.5-Coder-7B-Instruct,None
1534,Pie,Medium,10.2904,61.7427,6,0.0,0.0,0.0,0.0,0.16666666666666666,0.0,0.0,0.0,0.0,0.16666666666666666,0.8333333333333334,0.0,0.0,True,Qwen/Qwen2.5-Coder-7B-Instruct,None
1534,Pie,Medium,10.2904,61.7427,6,0.0,0.0,0.0,0.0,0.16666666666666666,0.0,0.0,0.0,0.0,0.16666666666666666,0.8333333333333334,0.0,0.0,True,Qwen/Qwen2.5-Coder-7B-Instruct,None
1534,Pie,Medium,10.2904,61.7427,6,0.0,0.0,0.0,0.0,0.16666666666666666,0.0,0.0,0.0,0.0,0.16666666666666666,0.8333333333333334,0.0,0.0,True,Qwen/Qwen2.5-Coder-7B-Instruct,None
1535,Bar,Medium,23.5419,117.7095,5,0.0,0.0,0.0,0.0,0.0,0.0,0.0,0.0,0.0,0.0,1.0,0.0,0.0,True,Qwen/Qwen2.5-Coder-7B-Instruct,None
1535,Bar,Medium,23.5419,117.7095,5,0.0,0.0,0.0,0.0,0.0,0.0,0.0,0.0,0.0,0.0,1.0,0.0,0.0,True,Qwen/Qwen2.5-Coder-7B-Instruct,None
1535,Bar,Medium,23.5419,117.7095,5,0.0,0.0,0.0,0.0,0.0,0.0,0.0,0.0,0.0,0.0,1.0,0.0,0.0,True,Qwen/Qwen2.5-Coder-7B-Instruct,None
1537,Bar,Medium,1.3047,1.3047,1,0.0,0.0,0.0,1.0,1.0,0.0,0.0,0.0,0.0,1.0,0.0,,0.0,False,Qwen/Qwen2.5-Coder-7B-Instruct,None
1537,Bar,Medium,1.3047,1.3047,1,0.0,0.0,0.0,1.0,1.0,0.0,0.0,0.0,0.0,1.0,0.0,,0.0,False,Qwen/Qwen2.5-Coder-7B-Instruct,None
1537,Bar,Medium,1.3047,1.3047,1,0.0,0.0,0.0,1.0,1.0,0.0,0.0,0.0,0.0,1.0,0.0,,0.0,False,Qwen/Qwen2.5-Coder-7B-Instruct,None
1556,Line,Hard,29.6857,118.7427,4,0.0,0.0,0.0,0.0,1.0,0.0,0.0,0.0,0.0,1.0,0.0,,0.0,False,Qwen/Qwen2.5-Coder-7B-Instruct,None
1556,Line,Hard,29.6857,118.7427,4,0.0,0.0,0.0,0.0,1.0,0.0,0.0,0.0,0.0,1.0,0.0,,0.0,False,Qwen/Qwen2.5-Coder-7B-Instruct,None
1556,Line,Hard,29.6857,118.7427,4,0.0,0.0,0.0,0.0,1.0,0.0,0.0,0.0,0.0,1.0,0.0,,0.0,False,Qwen/Qwen2.5-Coder-7B-Instruct,None
1563,Bar,Extra Hard,23.7045,118.5227,5,0.2,0.0,0.0,0.0,0.8,0.0,0.0,0.0,0.2,0.8,0.0,,0.0,False,Qwen/Qwen2.5-Coder-7B-Instruct,None
1563,Bar,Extra Hard,23.7045,118.5227,5,0.2,0.0,0.0,0.0,0.8,0.0,0.0,0.0,0.2,0.8,0.0,,0.0,False,Qwen/Qwen2.5-Coder-7B-Instruct,None
1563,Bar,Extra Hard,23.7045,118.5227,5,0.2,0.0,0.0,0.0,0.8,0.0,0.0,0.0,0.2,0.8,0.0,,0.0,False,Qwen/Qwen2.5-Coder-7B-Instruct,None
1574,Scatter,Hard,29.6225,118.4899,4,0.0,0.0,0.0,0.0,1.0,0.0,0.0,0.0,0.0,1.0,0.0,,0.0,False,Qwen/Qwen2.5-Coder-7B-Instruct,None
1574,Scatter,Hard,29.6225,118.4899,4,0.0,0.0,0.0,0.0,1.0,0.0,0.0,0.0,0.0,1.0,0.0,,0.0,False,Qwen/Qwen2.5-Coder-7B-Instruct,None
1574,Scatter,Hard,29.6225,118.4899,4,0.0,0.0,0.0,0.0,1.0,0.0,0.0,0.0,0.0,1.0,0.0,,0.0,False,Qwen/Qwen2.5-Coder-7B-Instruct,None
1580,Bar,Hard,14.8178,59.2712,4,0.0,0.0,0.0,0.0,0.75,0.0,0.0,0.0,0.0,0.75,0.25,0.0,0.0,False,Qwen/Qwen2.5-Coder-7B-Instruct,None
1580,Bar,Hard,14.8178,59.2712,4,0.0,0.0,0.0,0.0,0.75,0.0,0.0,0.0,0.0,0.75,0.25,0.0,0.0,False,Qwen/Qwen2.5-Coder-7B-Instruct,None
1580,Bar,Hard,14.8178,59.2712,4,0.0,0.0,0.0,0.0,0.75,0.0,0.0,0.0,0.0,0.75,0.25,0.0,0.0,False,Qwen/Qwen2.5-Coder-7B-Instruct,None
1611,Scatter,Medium,19.823,59.4691,3,0.0,0.0,0.0,0.0,1.0,0.0,0.0,0.0,0.0,1.0,0.0,,0.0,False,Qwen/Qwen2.5-Coder-7B-Instruct,None
1611,Scatter,Medium,19.823,59.4691,3,0.0,0.0,0.0,0.0,1.0,0.0,0.0,0.0,0.0,1.0,0.0,,0.0,False,Qwen/Qwen2.5-Coder-7B-Instruct,None
1611,Scatter,Medium,19.823,59.4691,3,0.0,0.0,0.0,0.0,1.0,0.0,0.0,0.0,0.0,1.0,0.0,,0.0,False,Qwen/Qwen2.5-Coder-7B-Instruct,None
1621,Line,Medium,49.7846,298.7076,6,0.0,0.0,0.0,0.0,1.0,0.0,0.0,0.0,0.0,1.0,0.0,,0.0,False,Qwen/Qwen2.5-Coder-7B-Instruct,None
1621,Line,Medium,49.7846,298.7076,6,0.0,0.0,0.0,0.0,1.0,0.0,0.0,0.0,0.0,1.0,0.0,,0.0,False,Qwen/Qwen2.5-Coder-7B-Instruct,None
1621,Line,Medium,49.7846,298.7076,6,0.0,0.0,0.0,0.0,1.0,0.0,0.0,0.0,0.0,1.0,0.0,,0.0,False,Qwen/Qwen2.5-Coder-7B-Instruct,None
1630,Bar,Medium,59.7719,59.7719,1,0.0,0.0,0.0,0.0,0.0,0.0,0.0,0.0,0.0,0.0,1.0,0.0,0.0,False,Qwen/Qwen2.5-Coder-7B-Instruct,None
1630,Bar,Medium,59.7719,59.7719,1,0.0,0.0,0.0,0.0,0.0,0.0,0.0,0.0,0.0,0.0,1.0,0.0,0.0,False,Qwen/Qwen2.5-Coder-7B-Instruct,None
1630,Bar,Medium,59.7719,59.7719,1,0.0,0.0,0.0,0.0,0.0,0.0,0.0,0.0,0.0,0.0,1.0,0.0,0.0,False,Qwen/Qwen2.5-Coder-7B-Instruct,None
1652,Bar,Medium,29.7028,118.8114,4,0.0,0.0,0.0,0.0,1.0,0.0,0.0,0.0,0.0,1.0,0.0,,0.0,False,Qwen/Qwen2.5-Coder-7B-Instruct,None
1652,Bar,Medium,29.7028,118.8114,4,0.0,0.0,0.0,0.0,1.0,0.0,0.0,0.0,0.0,1.0,0.0,,0.0,False,Qwen/Qwen2.5-Coder-7B-Instruct,None
1652,Bar,Medium,29.7028,118.8114,4,0.0,0.0,0.0,0.0,1.0,0.0,0.0,0.0,0.0,1.0,0.0,,0.0,False,Qwen/Qwen2.5-Coder-7B-Instruct,None
1663,Line,Extra Hard,29.815,59.6301,2,0.0,0.0,0.0,0.0,1.0,0.0,0.0,0.0,0.0,1.0,0.0,,0.0,False,Qwen/Qwen2.5-Coder-7B-Instruct,None
1663,Line,Extra Hard,29.815,59.6301,2,0.0,0.0,0.0,0.0,1.0,0.0,0.0,0.0,0.0,1.0,0.0,,0.0,False,Qwen/Qwen2.5-Coder-7B-Instruct,None
1663,Line,Extra Hard,29.815,59.6301,2,0.0,0.0,0.0,0.0,1.0,0.0,0.0,0.0,0.0,1.0,0.0,,0.0,False,Qwen/Qwen2.5-Coder-7B-Instruct,None
1690,Scatter,Extra Hard,23.8056,119.0281,5,0.0,0.0,0.0,0.0,0.0,0.0,0.0,0.0,0.0,0.0,1.0,0.0,0.0,False,Qwen/Qwen2.5-Coder-7B-Instruct,None
1690,Scatter,Extra Hard,23.8056,119.0281,5,0.0,0.0,0.0,0.0,0.0,0.0,0.0,0.0,0.0,0.0,1.0,0.0,0.0,False,Qwen/Qwen2.5-Coder-7B-Instruct,None
1690,Scatter,Extra Hard,23.8056,119.0281,5,0.0,0.0,0.0,0.0,0.0,0.0,0.0,0.0,0.0,0.0,1.0,0.0,0.0,False,Qwen/Qwen2.5-Coder-7B-Instruct,None
1715,Bar,Medium,12.22,61.0998,5,0.0,0.0,0.0,0.2,1.0,0.0,0.0,0.0,0.0,1.0,0.0,,0.0,False,Qwen/Qwen2.5-Coder-7B-Instruct,None
1715,Bar,Medium,12.22,61.0998,5,0.0,0.0,0.0,0.2,1.0,0.0,0.0,0.0,0.0,1.0,0.0,,0.0,False,Qwen/Qwen2.5-Coder-7B-Instruct,None
1715,Bar,Medium,12.22,61.0998,5,0.0,0.0,0.0,0.2,1.0,0.0,0.0,0.0,0.0,1.0,0.0,,0.0,False,Qwen/Qwen2.5-Coder-7B-Instruct,None
1741,Scatter,Easy,29.318,117.2719,4,0.0,0.0,0.0,0.25,1.0,0.0,0.0,0.0,0.0,1.0,0.0,,0.0,False,Qwen/Qwen2.5-Coder-7B-Instruct,None
1741,Scatter,Easy,29.318,117.2719,4,0.0,0.0,0.0,0.25,1.0,0.0,0.0,0.0,0.0,1.0,0.0,,0.0,False,Qwen/Qwen2.5-Coder-7B-Instruct,None
1741,Scatter,Easy,29.318,117.2719,4,0.0,0.0,0.0,0.25,1.0,0.0,0.0,0.0,0.0,1.0,0.0,,0.0,False,Qwen/Qwen2.5-Coder-7B-Instruct,None
1807,Pie,Hard,8.6871,17.3742,2,0.5,0.0,0.0,0.0,0.0,0.0,0.0,0.0,0.5,0.0,0.5,0.0,0.0,False,Qwen/Qwen2.5-Coder-7B-Instruct,None
1807,Pie,Hard,8.6871,17.3742,2,0.5,0.0,0.0,0.0,0.0,0.0,0.0,0.0,0.5,0.0,0.5,0.0,0.0,False,Qwen/Qwen2.5-Coder-7B-Instruct,None
1807,Pie,Hard,8.6871,17.3742,2,0.5,0.0,0.0,0.0,0.0,0.0,0.0,0.0,0.5,0.0,0.5,0.0,0.0,False,Qwen/Qwen2.5-Coder-7B-Instruct,None
1831,Bar,Hard,20.8626,41.7252,2,0.5,0.0,0.0,0.0,0.5,0.0,0.0,0.0,0.5,0.5,0.0,,0.0,False,Qwen/Qwen2.5-Coder-7B-Instruct,None
1831,Bar,Hard,20.8626,41.7252,2,0.5,0.0,0.0,0.0,0.5,0.0,0.0,0.0,0.5,0.5,0.0,,0.0,False,Qwen/Qwen2.5-Coder-7B-Instruct,None
1831,Bar,Hard,20.8626,41.7252,2,0.5,0.0,0.0,0.0,0.5,0.0,0.0,0.0,0.5,0.5,0.0,,0.0,False,Qwen/Qwen2.5-Coder-7B-Instruct,None
1839,Bar,Easy,8.3241,16.6481,2,0.5,0.0,0.0,0.0,0.0,0.0,0.0,0.0,0.5,0.0,0.5,0.0,0.0,False,Qwen/Qwen2.5-Coder-7B-Instruct,None
1839,Bar,Easy,8.3241,16.6481,2,0.5,0.0,0.0,0.0,0.0,0.0,0.0,0.0,0.5,0.0,0.5,0.0,0.0,False,Qwen/Qwen2.5-Coder-7B-Instruct,None
1839,Bar,Easy,8.3241,16.6481,2,0.5,0.0,0.0,0.0,0.0,0.0,0.0,0.0,0.5,0.0,0.5,0.0,0.0,False,Qwen/Qwen2.5-Coder-7B-Instruct,None
1955,Pie,Hard,21.6169,43.2339,2,0.0,0.0,0.0,0.0,0.0,0.0,0.0,0.0,0.0,0.0,1.0,0.0,0.0,True,Qwen/Qwen2.5-Coder-7B-Instruct,None
1955,Pie,Hard,21.6169,43.2339,2,0.0,0.0,0.0,0.0,0.0,0.0,0.0,0.0,0.0,0.0,1.0,0.0,0.0,True,Qwen/Qwen2.5-Coder-7B-Instruct,None
1955,Pie,Hard,21.6169,43.2339,2,0.0,0.0,0.0,0.0,0.0,0.0,0.0,0.0,0.0,0.0,1.0,0.0,0.0,True,Qwen/Qwen2.5-Coder-7B-Instruct,None
1961,Pie,Hard,0.8191,0.8191,1,0.0,0.0,0.0,0.0,0.0,0.0,0.0,0.0,0.0,0.0,1.0,0.0,0.0,True,Qwen/Qwen2.5-Coder-7B-Instruct,None
1961,Pie,Hard,0.8191,0.8191,1,0.0,0.0,0.0,0.0,0.0,0.0,0.0,0.0,0.0,0.0,1.0,0.0,0.0,True,Qwen/Qwen2.5-Coder-7B-Instruct,None
1961,Pie,Hard,0.8191,0.8191,1,0.0,0.0,0.0,0.0,0.0,0.0,0.0,0.0,0.0,0.0,1.0,0.0,0.0,True,Qwen/Qwen2.5-Coder-7B-Instruct,None
1966,Pie,Easy,14.7997,59.1989,4,0.0,0.0,0.0,0.0,0.0,0.0,0.0,0.0,0.0,0.0,1.0,0.0,0.0,False,Qwen/Qwen2.5-Coder-7B-Instruct,None
1966,Pie,Easy,14.7997,59.1989,4,0.0,0.0,0.0,0.0,0.0,0.0,0.0,0.0,0.0,0.0,1.0,0.0,0.0,False,Qwen/Qwen2.5-Coder-7B-Instruct,None
1966,Pie,Easy,14.7997,59.1989,4,0.0,0.0,0.0,0.0,0.0,0.0,0.0,0.0,0.0,0.0,1.0,0.0,0.0,False,Qwen/Qwen2.5-Coder-7B-Instruct,None
1968,Pie,Easy,27.923,83.769,3,0.3333333333333333,0.0,0.0,0.0,0.6666666666666666,0.0,0.0,0.0,0.3333333333333333,0.6666666666666666,0.0,,0.0,False,Qwen/Qwen2.5-Coder-7B-Instruct,None
1968,Pie,Easy,27.923,83.769,3,0.3333333333333333,0.0,0.0,0.0,0.6666666666666666,0.0,0.0,0.0,0.3333333333333333,0.6666666666666666,0.0,,0.0,False,Qwen/Qwen2.5-Coder-7B-Instruct,None
1968,Pie,Easy,27.923,83.769,3,0.3333333333333333,0.0,0.0,0.0,0.6666666666666666,0.0,0.0,0.0,0.3333333333333333,0.6666666666666666,0.0,,0.0,False,Qwen/Qwen2.5-Coder-7B-Instruct,None
1969,Bar,Easy,8.9422,35.769,4,0.0,0.0,0.0,0.0,0.0,0.0,0.0,0.0,0.0,0.0,1.0,0.0,0.0,False,Qwen/Qwen2.5-Coder-7B-Instruct,None
1969,Bar,Easy,8.9422,35.769,4,0.0,0.0,0.0,0.0,0.0,0.0,0.0,0.0,0.0,0.0,1.0,0.0,0.0,False,Qwen/Qwen2.5-Coder-7B-Instruct,None
1969,Bar,Easy,8.9422,35.769,4,0.0,0.0,0.0,0.0,0.0,0.0,0.0,0.0,0.0,0.0,1.0,0.0,0.0,False,Qwen/Qwen2.5-Coder-7B-Instruct,None
1971,Pie,Easy,24.3121,72.9364,3,0.3333333333333333,0.0,0.0,0.0,0.6666666666666666,0.0,0.0,0.0,0.3333333333333333,0.6666666666666666,0.0,,0.0,False,Qwen/Qwen2.5-Coder-7B-Instruct,None
1971,Pie,Easy,24.3121,72.9364,3,0.3333333333333333,0.0,0.0,0.0,0.6666666666666666,0.0,0.0,0.0,0.3333333333333333,0.6666666666666666,0.0,,0.0,False,Qwen/Qwen2.5-Coder-7B-Instruct,None
1971,Pie,Easy,24.3121,72.9364,3,0.3333333333333333,0.0,0.0,0.0,0.6666666666666666,0.0,0.0,0.0,0.3333333333333333,0.6666666666666666,0.0,,0.0,False,Qwen/Qwen2.5-Coder-7B-Instruct,None
1972,Scatter,Easy,57.2431,57.2431,1,1.0,0.0,0.0,0.0,0.0,0.0,0.0,0.0,1.0,0.0,0.0,,0.0,False,Qwen/Qwen2.5-Coder-7B-Instruct,None
1972,Scatter,Easy,57.2431,57.2431,1,1.0,0.0,0.0,0.0,0.0,0.0,0.0,0.0,1.0,0.0,0.0,,0.0,False,Qwen/Qwen2.5-Coder-7B-Instruct,None
1972,Scatter,Easy,57.2431,57.2431,1,1.0,0.0,0.0,0.0,0.0,0.0,0.0,0.0,1.0,0.0,0.0,,0.0,False,Qwen/Qwen2.5-Coder-7B-Instruct,None
1973,Grouping Scatter,Easy,23.5125,47.0249,2,0.5,0.0,0.0,0.0,0.0,0.0,0.0,0.0,0.5,0.0,0.5,0.0,0.0,False,Qwen/Qwen2.5-Coder-7B-Instruct,None
1973,Grouping Scatter,Easy,23.5125,47.0249,2,0.5,0.0,0.0,0.0,0.0,0.0,0.0,0.0,0.5,0.0,0.5,0.0,0.0,False,Qwen/Qwen2.5-Coder-7B-Instruct,None
1973,Grouping Scatter,Easy,23.5125,47.0249,2,0.5,0.0,0.0,0.0,0.0,0.0,0.0,0.0,0.5,0.0,0.5,0.0,0.0,False,Qwen/Qwen2.5-Coder-7B-Instruct,None
1974,Pie,Medium,0.4572,0.9143,2,0.0,0.0,0.0,0.0,0.0,0.0,0.0,0.0,0.0,0.0,1.0,0.0,0.0,False,Qwen/Qwen2.5-Coder-7B-Instruct,None
1974,Pie,Medium,0.4572,0.9143,2,0.0,0.0,0.0,0.0,0.0,0.0,0.0,0.0,0.0,0.0,1.0,0.0,0.0,False,Qwen/Qwen2.5-Coder-7B-Instruct,None
1974,Pie,Medium,0.4572,0.9143,2,0.0,0.0,0.0,0.0,0.0,0.0,0.0,0.0,0.0,0.0,1.0,0.0,0.0,False,Qwen/Qwen2.5-Coder-7B-Instruct,None
1975,Bar,Medium,29.2219,58.4437,2,0.0,0.0,0.0,0.0,0.5,0.0,0.0,0.0,0.0,0.5,0.5,0.0,0.0,False,Qwen/Qwen2.5-Coder-7B-Instruct,None
1975,Bar,Medium,29.2219,58.4437,2,0.0,0.0,0.0,0.0,0.5,0.0,0.0,0.0,0.0,0.5,0.5,0.0,0.0,False,Qwen/Qwen2.5-Coder-7B-Instruct,None
1975,Bar,Medium,29.2219,58.4437,2,0.0,0.0,0.0,0.0,0.5,0.0,0.0,0.0,0.0,0.5,0.5,0.0,0.0,False,Qwen/Qwen2.5-Coder-7B-Instruct,None
1976,Pie,Easy,15.0188,120.1506,8,0.0,0.0,0.0,0.0,0.0,0.0,0.0,0.0,0.0,0.0,1.0,0.0,0.0,False,Qwen/Qwen2.5-Coder-7B-Instruct,None
1976,Pie,Easy,15.0188,120.1506,8,0.0,0.0,0.0,0.0,0.0,0.0,0.0,0.0,0.0,0.0,1.0,0.0,0.0,False,Qwen/Qwen2.5-Coder-7B-Instruct,None
1976,Pie,Easy,15.0188,120.1506,8,0.0,0.0,0.0,0.0,0.0,0.0,0.0,0.0,0.0,0.0,1.0,0.0,0.0,False,Qwen/Qwen2.5-Coder-7B-Instruct,None
1978,Pie,Medium,29.6972,59.3944,2,0.0,0.0,0.0,0.0,0.0,0.0,0.0,0.0,0.0,0.0,1.0,0.0,0.0,False,Qwen/Qwen2.5-Coder-7B-Instruct,None
1978,Pie,Medium,29.6972,59.3944,2,0.0,0.0,0.0,0.0,0.0,0.0,0.0,0.0,0.0,0.0,1.0,0.0,0.0,False,Qwen/Qwen2.5-Coder-7B-Instruct,None
1978,Pie,Medium,29.6972,59.3944,2,0.0,0.0,0.0,0.0,0.0,0.0,0.0,0.0,0.0,0.0,1.0,0.0,0.0,False,Qwen/Qwen2.5-Coder-7B-Instruct,None
1980,Pie,Extra Hard,29.7544,119.0176,4,0.0,0.0,0.0,0.0,1.0,0.0,0.0,0.0,0.0,1.0,0.0,,0.0,True,Qwen/Qwen2.5-Coder-7B-Instruct,None
1980,Pie,Extra Hard,29.7544,119.0176,4,0.0,0.0,0.0,0.0,1.0,0.0,0.0,0.0,0.0,1.0,0.0,,0.0,True,Qwen/Qwen2.5-Coder-7B-Instruct,None
1980,Pie,Extra Hard,29.7544,119.0176,4,0.0,0.0,0.0,0.0,1.0,0.0,0.0,0.0,0.0,1.0,0.0,,0.0,True,Qwen/Qwen2.5-Coder-7B-Instruct,None
1990,Bar,Extra Hard,0.9513,0.9513,1,0.0,0.0,0.0,0.0,0.0,0.0,0.0,0.0,0.0,0.0,1.0,0.0,0.0,True,Qwen/Qwen2.5-Coder-7B-Instruct,None
1990,Bar,Extra Hard,0.9513,0.9513,1,0.0,0.0,0.0,0.0,0.0,0.0,0.0,0.0,0.0,0.0,1.0,0.0,0.0,True,Qwen/Qwen2.5-Coder-7B-Instruct,None
1990,Bar,Extra Hard,0.9513,0.9513,1,0.0,0.0,0.0,0.0,0.0,0.0,0.0,0.0,0.0,0.0,1.0,0.0,0.0,True,Qwen/Qwen2.5-Coder-7B-Instruct,None
1992,Bar,Medium,35.0428,70.0856,2,0.0,0.0,0.0,0.0,0.5,0.0,0.0,0.0,0.0,0.5,0.5,0.0,0.0,False,Qwen/Qwen2.5-Coder-7B-Instruct,None
1992,Bar,Medium,35.0428,70.0856,2,0.0,0.0,0.0,0.0,0.5,0.0,0.0,0.0,0.0,0.5,0.5,0.0,0.0,False,Qwen/Qwen2.5-Coder-7B-Instruct,None
1992,Bar,Medium,35.0428,70.0856,2,0.0,0.0,0.0,0.0,0.5,0.0,0.0,0.0,0.0,0.5,0.5,0.0,0.0,False,Qwen/Qwen2.5-Coder-7B-Instruct,None
2005,Grouping Line,Medium,6.7364,6.7364,1,0.0,1.0,0.0,0.0,0.0,0.0,0.0,0.0,1.0,0.0,0.0,,0.0,False,Qwen/Qwen2.5-Coder-7B-Instruct,None
2005,Grouping Line,Medium,6.7364,6.7364,1,0.0,1.0,0.0,0.0,0.0,0.0,0.0,0.0,1.0,0.0,0.0,,0.0,False,Qwen/Qwen2.5-Coder-7B-Instruct,None
2005,Grouping Line,Medium,6.7364,6.7364,1,0.0,1.0,0.0,0.0,0.0,0.0,0.0,0.0,1.0,0.0,0.0,,0.0,False,Qwen/Qwen2.5-Coder-7B-Instruct,None
2009,Pie,Easy,0.4698,0.4698,1,0.0,0.0,0.0,0.0,1.0,0.0,0.0,0.0,0.0,1.0,0.0,,0.0,False,Qwen/Qwen2.5-Coder-7B-Instruct,None
2009,Pie,Easy,0.4698,0.4698,1,0.0,0.0,0.0,0.0,1.0,0.0,0.0,0.0,0.0,1.0,0.0,,0.0,False,Qwen/Qwen2.5-Coder-7B-Instruct,None
2009,Pie,Easy,0.4698,0.4698,1,0.0,0.0,0.0,0.0,1.0,0.0,0.0,0.0,0.0,1.0,0.0,,0.0,False,Qwen/Qwen2.5-Coder-7B-Instruct,None
2011,Bar,Easy,33.531,100.593,3,0.0,0.0,0.0,0.0,0.0,0.0,0.0,0.0,0.0,0.0,1.0,0.0,0.0,False,Qwen/Qwen2.5-Coder-7B-Instruct,None
2011,Bar,Easy,33.531,100.593,3,0.0,0.0,0.0,0.0,0.0,0.0,0.0,0.0,0.0,0.0,1.0,0.0,0.0,False,Qwen/Qwen2.5-Coder-7B-Instruct,None
2011,Bar,Easy,33.531,100.593,3,0.0,0.0,0.0,0.0,0.0,0.0,0.0,0.0,0.0,0.0,1.0,0.0,0.0,False,Qwen/Qwen2.5-Coder-7B-Instruct,None
2012,Bar,Easy,20.0561,60.1684,3,0.0,0.0,0.0,0.0,0.0,0.0,0.0,0.0,0.0,0.0,1.0,0.0,0.0,False,Qwen/Qwen2.5-Coder-7B-Instruct,None
2012,Bar,Easy,20.0561,60.1684,3,0.0,0.0,0.0,0.0,0.0,0.0,0.0,0.0,0.0,0.0,1.0,0.0,0.0,False,Qwen/Qwen2.5-Coder-7B-Instruct,None
2012,Bar,Easy,20.0561,60.1684,3,0.0,0.0,0.0,0.0,0.0,0.0,0.0,0.0,0.0,0.0,1.0,0.0,0.0,False,Qwen/Qwen2.5-Coder-7B-Instruct,None
2013,Pie,Easy,19.6978,59.0933,3,0.0,0.0,0.0,0.0,0.0,0.0,0.0,0.0,0.0,0.0,1.0,0.0,0.0,False,Qwen/Qwen2.5-Coder-7B-Instruct,None
2013,Pie,Easy,19.6978,59.0933,3,0.0,0.0,0.0,0.0,0.0,0.0,0.0,0.0,0.0,0.0,1.0,0.0,0.0,False,Qwen/Qwen2.5-Coder-7B-Instruct,None
2013,Pie,Easy,19.6978,59.0933,3,0.0,0.0,0.0,0.0,0.0,0.0,0.0,0.0,0.0,0.0,1.0,0.0,0.0,False,Qwen/Qwen2.5-Coder-7B-Instruct,None
2014,Line,Medium,59.5436,119.0872,2,0.0,0.0,0.0,0.0,0.0,0.0,0.0,0.0,0.0,0.0,1.0,0.0,0.0,False,Qwen/Qwen2.5-Coder-7B-Instruct,None
2014,Line,Medium,59.5436,119.0872,2,0.0,0.0,0.0,0.0,0.0,0.0,0.0,0.0,0.0,0.0,1.0,0.0,0.0,False,Qwen/Qwen2.5-Coder-7B-Instruct,None
2014,Line,Medium,59.5436,119.0872,2,0.0,0.0,0.0,0.0,0.0,0.0,0.0,0.0,0.0,0.0,1.0,0.0,0.0,False,Qwen/Qwen2.5-Coder-7B-Instruct,None
2015,Line,Medium,20.0829,60.2486,3,0.0,0.0,0.0,0.0,0.0,0.0,0.0,0.0,0.0,0.0,1.0,0.0,0.0,False,Qwen/Qwen2.5-Coder-7B-Instruct,None
2015,Line,Medium,20.0829,60.2486,3,0.0,0.0,0.0,0.0,0.0,0.0,0.0,0.0,0.0,0.0,1.0,0.0,0.0,False,Qwen/Qwen2.5-Coder-7B-Instruct,None
2015,Line,Medium,20.0829,60.2486,3,0.0,0.0,0.0,0.0,0.0,0.0,0.0,0.0,0.0,0.0,1.0,0.0,0.0,False,Qwen/Qwen2.5-Coder-7B-Instruct,None
2018,Bar,Easy,13.5822,13.5822,1,1.0,0.0,0.0,0.0,0.0,0.0,0.0,0.0,1.0,0.0,0.0,,0.0,False,Qwen/Qwen2.5-Coder-7B-Instruct,None
2018,Bar,Easy,13.5822,13.5822,1,1.0,0.0,0.0,0.0,0.0,0.0,0.0,0.0,1.0,0.0,0.0,,0.0,False,Qwen/Qwen2.5-Coder-7B-Instruct,None
2018,Bar,Easy,13.5822,13.5822,1,1.0,0.0,0.0,0.0,0.0,0.0,0.0,0.0,1.0,0.0,0.0,,0.0,False,Qwen/Qwen2.5-Coder-7B-Instruct,None
2019,Bar,Easy,45.3061,45.3061,1,0.0,0.0,0.0,0.0,0.0,0.0,0.0,0.0,0.0,0.0,1.0,0.0,0.0,False,Qwen/Qwen2.5-Coder-7B-Instruct,None
2019,Bar,Easy,45.3061,45.3061,1,0.0,0.0,0.0,0.0,0.0,0.0,0.0,0.0,0.0,0.0,1.0,0.0,0.0,False,Qwen/Qwen2.5-Coder-7B-Instruct,None
2019,Bar,Easy,45.3061,45.3061,1,0.0,0.0,0.0,0.0,0.0,0.0,0.0,0.0,0.0,0.0,1.0,0.0,0.0,False,Qwen/Qwen2.5-Coder-7B-Instruct,None
2021,Line,Easy,0.6689,0.6689,1,0.0,0.0,0.0,0.0,1.0,0.0,0.0,0.0,0.0,1.0,0.0,,0.0,False,Qwen/Qwen2.5-Coder-7B-Instruct,None
2021,Line,Easy,0.6689,0.6689,1,0.0,0.0,0.0,0.0,1.0,0.0,0.0,0.0,0.0,1.0,0.0,,0.0,False,Qwen/Qwen2.5-Coder-7B-Instruct,None
2021,Line,Easy,0.6689,0.6689,1,0.0,0.0,0.0,0.0,1.0,0.0,0.0,0.0,0.0,1.0,0.0,,0.0,False,Qwen/Qwen2.5-Coder-7B-Instruct,None
2027,Bar,Medium,58.9233,58.9233,1,0.0,0.0,0.0,0.0,0.0,0.0,0.0,0.0,0.0,0.0,1.0,0.0,0.0,False,Qwen/Qwen2.5-Coder-7B-Instruct,None
2027,Bar,Medium,58.9233,58.9233,1,0.0,0.0,0.0,0.0,0.0,0.0,0.0,0.0,0.0,0.0,1.0,0.0,0.0,False,Qwen/Qwen2.5-Coder-7B-Instruct,None
2027,Bar,Medium,58.9233,58.9233,1,0.0,0.0,0.0,0.0,0.0,0.0,0.0,0.0,0.0,0.0,1.0,0.0,0.0,False,Qwen/Qwen2.5-Coder-7B-Instruct,None
2036,Bar,Medium,0.8639,0.8639,1,0.0,0.0,0.0,0.0,0.0,0.0,0.0,0.0,0.0,0.0,1.0,0.0,0.0,False,Qwen/Qwen2.5-Coder-7B-Instruct,None
2036,Bar,Medium,0.8639,0.8639,1,0.0,0.0,0.0,0.0,0.0,0.0,0.0,0.0,0.0,0.0,1.0,0.0,0.0,False,Qwen/Qwen2.5-Coder-7B-Instruct,None
2036,Bar,Medium,0.8639,0.8639,1,0.0,0.0,0.0,0.0,0.0,0.0,0.0,0.0,0.0,0.0,1.0,0.0,0.0,False,Qwen/Qwen2.5-Coder-7B-Instruct,None
2059,Pie,Hard,29.371,58.7421,2,0.5,0.0,0.0,0.0,0.5,0.0,0.0,0.0,0.5,0.5,0.0,,0.0,True,Qwen/Qwen2.5-Coder-7B-Instruct,None
2059,Pie,Hard,29.371,58.7421,2,0.5,0.0,0.0,0.0,0.5,0.0,0.0,0.0,0.5,0.5,0.0,,0.0,True,Qwen/Qwen2.5-Coder-7B-Instruct,None
2059,Pie,Hard,29.371,58.7421,2,0.5,0.0,0.0,0.0,0.5,0.0,0.0,0.0,0.5,0.5,0.0,,0.0,True,Qwen/Qwen2.5-Coder-7B-Instruct,None
2065,Pie,Medium,0.4071,1.2214,3,0.0,0.0,0.0,0.0,0.0,0.0,0.0,0.0,0.0,0.0,1.0,0.0,0.0,False,Qwen/Qwen2.5-Coder-7B-Instruct,None
2065,Pie,Medium,0.4071,1.2214,3,0.0,0.0,0.0,0.0,0.0,0.0,0.0,0.0,0.0,0.0,1.0,0.0,0.0,False,Qwen/Qwen2.5-Coder-7B-Instruct,None
2065,Pie,Medium,0.4071,1.2214,3,0.0,0.0,0.0,0.0,0.0,0.0,0.0,0.0,0.0,0.0,1.0,0.0,0.0,False,Qwen/Qwen2.5-Coder-7B-Instruct,None
2067,Pie,Medium,32.494,64.9881,2,0.0,0.0,0.0,0.0,0.0,0.0,0.0,0.0,0.0,0.0,1.0,0.0,0.0,False,Qwen/Qwen2.5-Coder-7B-Instruct,None
2067,Pie,Medium,32.494,64.9881,2,0.0,0.0,0.0,0.0,0.0,0.0,0.0,0.0,0.0,0.0,1.0,0.0,0.0,False,Qwen/Qwen2.5-Coder-7B-Instruct,None
2067,Pie,Medium,32.494,64.9881,2,0.0,0.0,0.0,0.0,0.0,0.0,0.0,0.0,0.0,0.0,1.0,0.0,0.0,False,Qwen/Qwen2.5-Coder-7B-Instruct,None
2071,Pie,Medium,26.6165,53.2331,2,0.0,0.0,0.0,0.0,0.0,0.0,0.0,0.0,0.0,0.0,1.0,0.0,0.0,True,Qwen/Qwen2.5-Coder-7B-Instruct,None
2071,Pie,Medium,26.6165,53.2331,2,0.0,0.0,0.0,0.0,0.0,0.0,0.0,0.0,0.0,0.0,1.0,0.0,0.0,True,Qwen/Qwen2.5-Coder-7B-Instruct,None
2071,Pie,Medium,26.6165,53.2331,2,0.0,0.0,0.0,0.0,0.0,0.0,0.0,0.0,0.0,0.0,1.0,0.0,0.0,True,Qwen/Qwen2.5-Coder-7B-Instruct,None
2074,Pie,Extra Hard,1.5691,1.5691,1,0.0,0.0,0.0,0.0,0.0,0.0,0.0,0.0,0.0,0.0,1.0,0.0,0.0,True,Qwen/Qwen2.5-Coder-7B-Instruct,None
2074,Pie,Extra Hard,1.5691,1.5691,1,0.0,0.0,0.0,0.0,0.0,0.0,0.0,0.0,0.0,0.0,1.0,0.0,0.0,True,Qwen/Qwen2.5-Coder-7B-Instruct,None
2074,Pie,Extra Hard,1.5691,1.5691,1,0.0,0.0,0.0,0.0,0.0,0.0,0.0,0.0,0.0,0.0,1.0,0.0,0.0,True,Qwen/Qwen2.5-Coder-7B-Instruct,None
2093,Pie,Medium,29.5295,59.059,2,0.0,0.0,0.0,0.0,0.0,0.0,0.0,0.0,0.0,0.0,1.0,0.0,0.0,True,Qwen/Qwen2.5-Coder-7B-Instruct,None
2093,Pie,Medium,29.5295,59.059,2,0.0,0.0,0.0,0.0,0.0,0.0,0.0,0.0,0.0,0.0,1.0,0.0,0.0,True,Qwen/Qwen2.5-Coder-7B-Instruct,None
2093,Pie,Medium,29.5295,59.059,2,0.0,0.0,0.0,0.0,0.0,0.0,0.0,0.0,0.0,0.0,1.0,0.0,0.0,True,Qwen/Qwen2.5-Coder-7B-Instruct,None
2096,Bar,Medium,0.5737,0.5737,1,0.0,0.0,0.0,0.0,0.0,0.0,0.0,0.0,0.0,0.0,1.0,0.0,0.0,True,Qwen/Qwen2.5-Coder-7B-Instruct,None
2096,Bar,Medium,0.5737,0.5737,1,0.0,0.0,0.0,0.0,0.0,0.0,0.0,0.0,0.0,0.0,1.0,0.0,0.0,True,Qwen/Qwen2.5-Coder-7B-Instruct,None
2096,Bar,Medium,0.5737,0.5737,1,0.0,0.0,0.0,0.0,0.0,0.0,0.0,0.0,0.0,0.0,1.0,0.0,0.0,True,Qwen/Qwen2.5-Coder-7B-Instruct,None
2110,Bar,Easy,36.832,73.664,2,0.5,0.0,0.0,0.0,0.0,0.0,0.0,0.0,0.5,0.0,0.5,0.0,0.0,False,Qwen/Qwen2.5-Coder-7B-Instruct,None
2110,Bar,Easy,36.832,73.664,2,0.5,0.0,0.0,0.0,0.0,0.0,0.0,0.0,0.5,0.0,0.5,0.0,0.0,False,Qwen/Qwen2.5-Coder-7B-Instruct,None
2110,Bar,Easy,36.832,73.664,2,0.5,0.0,0.0,0.0,0.0,0.0,0.0,0.0,0.5,0.0,0.5,0.0,0.0,False,Qwen/Qwen2.5-Coder-7B-Instruct,None
2119,Bar,Easy,11.3967,22.7935,2,0.0,0.0,0.0,0.0,0.0,0.0,0.0,0.0,0.0,0.0,1.0,0.0,0.0,False,Qwen/Qwen2.5-Coder-7B-Instruct,None
2119,Bar,Easy,11.3967,22.7935,2,0.0,0.0,0.0,0.0,0.0,0.0,0.0,0.0,0.0,0.0,1.0,0.0,0.0,False,Qwen/Qwen2.5-Coder-7B-Instruct,None
2119,Bar,Easy,11.3967,22.7935,2,0.0,0.0,0.0,0.0,0.0,0.0,0.0,0.0,0.0,0.0,1.0,0.0,0.0,False,Qwen/Qwen2.5-Coder-7B-Instruct,None
2132,Pie,Hard,21.1611,21.1611,1,0.0,0.0,0.0,0.0,0.0,0.0,0.0,0.0,0.0,0.0,1.0,0.0,0.0,True,Qwen/Qwen2.5-Coder-7B-Instruct,None
2132,Pie,Hard,21.1611,21.1611,1,0.0,0.0,0.0,0.0,0.0,0.0,0.0,0.0,0.0,0.0,1.0,0.0,0.0,True,Qwen/Qwen2.5-Coder-7B-Instruct,None
2132,Pie,Hard,21.1611,21.1611,1,0.0,0.0,0.0,0.0,0.0,0.0,0.0,0.0,0.0,0.0,1.0,0.0,0.0,True,Qwen/Qwen2.5-Coder-7B-Instruct,None
2144,Bar,Medium,6.6572,6.6572,1,0.0,0.0,0.0,0.0,1.0,0.0,0.0,0.0,0.0,1.0,0.0,,0.0,True,Qwen/Qwen2.5-Coder-7B-Instruct,None
2144,Bar,Medium,6.6572,6.6572,1,0.0,0.0,0.0,0.0,1.0,0.0,0.0,0.0,0.0,1.0,0.0,,0.0,True,Qwen/Qwen2.5-Coder-7B-Instruct,None
2144,Bar,Medium,6.6572,6.6572,1,0.0,0.0,0.0,0.0,1.0,0.0,0.0,0.0,0.0,1.0,0.0,,0.0,True,Qwen/Qwen2.5-Coder-7B-Instruct,None
2155,Pie,Hard,53.0567,53.0567,1,0.0,0.0,0.0,0.0,1.0,0.0,0.0,0.0,0.0,1.0,0.0,,0.0,True,Qwen/Qwen2.5-Coder-7B-Instruct,None
2155,Pie,Hard,53.0567,53.0567,1,0.0,0.0,0.0,0.0,1.0,0.0,0.0,0.0,0.0,1.0,0.0,,0.0,True,Qwen/Qwen2.5-Coder-7B-Instruct,None
2155,Pie,Hard,53.0567,53.0567,1,0.0,0.0,0.0,0.0,1.0,0.0,0.0,0.0,0.0,1.0,0.0,,0.0,True,Qwen/Qwen2.5-Coder-7B-Instruct,None
2161,Pie,Hard,595.0719,1785.2157,3,0.0,0.0,0.0,0.0,0.0,0.0,0.0,0.0,0.0,0.0,1.0,0.0,0.0,True,Qwen/Qwen2.5-Coder-7B-Instruct,None
2161,Pie,Hard,595.0719,1785.2157,3,0.0,0.0,0.0,0.0,0.0,0.0,0.0,0.0,0.0,0.0,1.0,0.0,0.0,True,Qwen/Qwen2.5-Coder-7B-Instruct,None
2161,Pie,Hard,595.0719,1785.2157,3,0.0,0.0,0.0,0.0,0.0,0.0,0.0,0.0,0.0,0.0,1.0,0.0,0.0,True,Qwen/Qwen2.5-Coder-7B-Instruct,None
2166,Pie,Medium,0.7714,0.7714,1,0.0,0.0,0.0,0.0,0.0,0.0,0.0,0.0,0.0,0.0,1.0,0.0,0.0,True,Qwen/Qwen2.5-Coder-7B-Instruct,None
2166,Pie,Medium,0.7714,0.7714,1,0.0,0.0,0.0,0.0,0.0,0.0,0.0,0.0,0.0,0.0,1.0,0.0,0.0,True,Qwen/Qwen2.5-Coder-7B-Instruct,None
2166,Pie,Medium,0.7714,0.7714,1,0.0,0.0,0.0,0.0,0.0,0.0,0.0,0.0,0.0,0.0,1.0,0.0,0.0,True,Qwen/Qwen2.5-Coder-7B-Instruct,None
2167,Bar,Medium,24.4243,73.2729,3,0.0,0.0,0.0,0.0,0.0,0.0,0.0,0.0,0.0,0.0,1.0,0.0,0.0,True,Qwen/Qwen2.5-Coder-7B-Instruct,None
2167,Bar,Medium,24.4243,73.2729,3,0.0,0.0,0.0,0.0,0.0,0.0,0.0,0.0,0.0,0.0,1.0,0.0,0.0,True,Qwen/Qwen2.5-Coder-7B-Instruct,None
2167,Bar,Medium,24.4243,73.2729,3,0.0,0.0,0.0,0.0,0.0,0.0,0.0,0.0,0.0,0.0,1.0,0.0,0.0,True,Qwen/Qwen2.5-Coder-7B-Instruct,None
2168,Pie,Easy,0.3454,1.0361,3,0.0,0.0,0.0,0.0,0.0,0.0,0.0,0.0,0.0,0.0,1.0,0.0,0.0,False,Qwen/Qwen2.5-Coder-7B-Instruct,None
2168,Pie,Easy,0.3454,1.0361,3,0.0,0.0,0.0,0.0,0.0,0.0,0.0,0.0,0.0,0.0,1.0,0.0,0.0,False,Qwen/Qwen2.5-Coder-7B-Instruct,None
2168,Pie,Easy,0.3454,1.0361,3,0.0,0.0,0.0,0.0,0.0,0.0,0.0,0.0,0.0,0.0,1.0,0.0,0.0,False,Qwen/Qwen2.5-Coder-7B-Instruct,None
2170,Pie,Hard,62.4179,62.4179,1,0.0,0.0,0.0,0.0,0.0,0.0,0.0,0.0,0.0,0.0,1.0,0.0,0.0,True,Qwen/Qwen2.5-Coder-7B-Instruct,None
2170,Pie,Hard,62.4179,62.4179,1,0.0,0.0,0.0,0.0,0.0,0.0,0.0,0.0,0.0,0.0,1.0,0.0,0.0,True,Qwen/Qwen2.5-Coder-7B-Instruct,None
2170,Pie,Hard,62.4179,62.4179,1,0.0,0.0,0.0,0.0,0.0,0.0,0.0,0.0,0.0,0.0,1.0,0.0,0.0,True,Qwen/Qwen2.5-Coder-7B-Instruct,None
2171,Bar,Hard,18.5878,55.7634,3,0.0,0.3333333333333333,0.0,0.0,0.0,0.0,0.0,0.0,0.3333333333333333,0.0,0.6666666666666666,0.0,0.0,True,Qwen/Qwen2.5-Coder-7B-Instruct,None
2171,Bar,Hard,18.5878,55.7634,3,0.0,0.3333333333333333,0.0,0.0,0.0,0.0,0.0,0.0,0.3333333333333333,0.0,0.6666666666666666,0.0,0.0,True,Qwen/Qwen2.5-Coder-7B-Instruct,None
2171,Bar,Hard,18.5878,55.7634,3,0.0,0.3333333333333333,0.0,0.0,0.0,0.0,0.0,0.0,0.3333333333333333,0.0,0.6666666666666666,0.0,0.0,True,Qwen/Qwen2.5-Coder-7B-Instruct,None
2172,Bar,Medium,20.067,60.201,3,0.0,0.0,0.0,0.0,0.0,0.0,0.0,0.0,0.0,0.0,1.0,0.0,0.0,False,Qwen/Qwen2.5-Coder-7B-Instruct,None
2172,Bar,Medium,20.067,60.201,3,0.0,0.0,0.0,0.0,0.0,0.0,0.0,0.0,0.0,0.0,1.0,0.0,0.0,False,Qwen/Qwen2.5-Coder-7B-Instruct,None
2172,Bar,Medium,20.067,60.201,3,0.0,0.0,0.0,0.0,0.0,0.0,0.0,0.0,0.0,0.0,1.0,0.0,0.0,False,Qwen/Qwen2.5-Coder-7B-Instruct,None
2174,Bar,Easy,5.3862,5.3862,1,0.0,0.0,0.0,0.0,1.0,0.0,0.0,0.0,0.0,1.0,0.0,,0.0,False,Qwen/Qwen2.5-Coder-7B-Instruct,None
2174,Bar,Easy,5.3862,5.3862,1,0.0,0.0,0.0,0.0,1.0,0.0,0.0,0.0,0.0,1.0,0.0,,0.0,False,Qwen/Qwen2.5-Coder-7B-Instruct,None
2174,Bar,Easy,5.3862,5.3862,1,0.0,0.0,0.0,0.0,1.0,0.0,0.0,0.0,0.0,1.0,0.0,,0.0,False,Qwen/Qwen2.5-Coder-7B-Instruct,None
2180,Bar,Easy,3.3153,9.9458,3,0.0,0.0,0.0,0.0,0.0,0.0,0.0,0.0,0.0,0.0,1.0,0.0,0.0,False,Qwen/Qwen2.5-Coder-7B-Instruct,None
2180,Bar,Easy,3.3153,9.9458,3,0.0,0.0,0.0,0.0,0.0,0.0,0.0,0.0,0.0,0.0,1.0,0.0,0.0,False,Qwen/Qwen2.5-Coder-7B-Instruct,None
2180,Bar,Easy,3.3153,9.9458,3,0.0,0.0,0.0,0.0,0.0,0.0,0.0,0.0,0.0,0.0,1.0,0.0,0.0,False,Qwen/Qwen2.5-Coder-7B-Instruct,None
2181,Bar,Easy,0.3931,1.5724,4,0.0,0.0,0.0,0.0,0.0,0.0,0.0,0.0,0.0,0.0,1.0,0.0,0.0,False,Qwen/Qwen2.5-Coder-7B-Instruct,None
2181,Bar,Easy,0.3931,1.5724,4,0.0,0.0,0.0,0.0,0.0,0.0,0.0,0.0,0.0,0.0,1.0,0.0,0.0,False,Qwen/Qwen2.5-Coder-7B-Instruct,None
2181,Bar,Easy,0.3931,1.5724,4,0.0,0.0,0.0,0.0,0.0,0.0,0.0,0.0,0.0,0.0,1.0,0.0,0.0,False,Qwen/Qwen2.5-Coder-7B-Instruct,None
2218,Bar,Medium,0.6736,3.3679,5,0.0,0.0,0.0,0.0,0.0,0.0,0.0,0.0,0.0,0.0,1.0,0.0,0.0,True,Qwen/Qwen2.5-Coder-7B-Instruct,None
2218,Bar,Medium,0.6736,3.3679,5,0.0,0.0,0.0,0.0,0.0,0.0,0.0,0.0,0.0,0.0,1.0,0.0,0.0,True,Qwen/Qwen2.5-Coder-7B-Instruct,None
2218,Bar,Medium,0.6736,3.3679,5,0.0,0.0,0.0,0.0,0.0,0.0,0.0,0.0,0.0,0.0,1.0,0.0,0.0,True,Qwen/Qwen2.5-Coder-7B-Instruct,None
2219,Bar,Medium,0.675,2.6999,4,0.0,0.0,0.0,0.0,0.0,0.0,0.0,0.0,0.0,0.0,1.0,0.0,0.0,True,Qwen/Qwen2.5-Coder-7B-Instruct,None
2219,Bar,Medium,0.675,2.6999,4,0.0,0.0,0.0,0.0,0.0,0.0,0.0,0.0,0.0,0.0,1.0,0.0,0.0,True,Qwen/Qwen2.5-Coder-7B-Instruct,None
2219,Bar,Medium,0.675,2.6999,4,0.0,0.0,0.0,0.0,0.0,0.0,0.0,0.0,0.0,0.0,1.0,0.0,0.0,True,Qwen/Qwen2.5-Coder-7B-Instruct,None
2226,Bar,Medium,2.8394,14.1969,5,0.0,0.0,0.0,0.0,0.2,0.0,0.0,0.0,0.0,0.2,0.8,0.0,0.0,True,Qwen/Qwen2.5-Coder-7B-Instruct,None
2226,Bar,Medium,2.8394,14.1969,5,0.0,0.0,0.0,0.0,0.2,0.0,0.0,0.0,0.0,0.2,0.8,0.0,0.0,True,Qwen/Qwen2.5-Coder-7B-Instruct,None
2226,Bar,Medium,2.8394,14.1969,5,0.0,0.0,0.0,0.0,0.2,0.0,0.0,0.0,0.0,0.2,0.8,0.0,0.0,True,Qwen/Qwen2.5-Coder-7B-Instruct,None
2229,Bar,Medium,0.734,3.67,5,0.0,0.0,0.0,0.0,0.4,0.0,0.0,0.0,0.0,0.4,0.6,0.0,0.0,True,Qwen/Qwen2.5-Coder-7B-Instruct,None
2229,Bar,Medium,0.734,3.67,5,0.0,0.0,0.0,0.0,0.4,0.0,0.0,0.0,0.0,0.4,0.6,0.0,0.0,True,Qwen/Qwen2.5-Coder-7B-Instruct,None
2229,Bar,Medium,0.734,3.67,5,0.0,0.0,0.0,0.0,0.4,0.0,0.0,0.0,0.0,0.4,0.6,0.0,0.0,True,Qwen/Qwen2.5-Coder-7B-Instruct,None
2230,Bar,Medium,0.8346,4.1731,5,0.0,0.0,0.0,0.0,0.8,0.0,0.0,0.0,0.0,0.8,0.2,0.0,0.0,True,Qwen/Qwen2.5-Coder-7B-Instruct,None
2230,Bar,Medium,0.8346,4.1731,5,0.0,0.0,0.0,0.0,0.8,0.0,0.0,0.0,0.0,0.8,0.2,0.0,0.0,True,Qwen/Qwen2.5-Coder-7B-Instruct,None
2230,Bar,Medium,0.8346,4.1731,5,0.0,0.0,0.0,0.0,0.8,0.0,0.0,0.0,0.0,0.8,0.2,0.0,0.0,True,Qwen/Qwen2.5-Coder-7B-Instruct,None
2270,Scatter,Easy,0.5904,2.3614,4,0.0,0.0,0.0,0.0,0.0,0.0,0.0,0.0,0.0,0.0,1.0,0.0,0.0,True,Qwen/Qwen2.5-Coder-7B-Instruct,None
2270,Scatter,Easy,0.5904,2.3614,4,0.0,0.0,0.0,0.0,0.0,0.0,0.0,0.0,0.0,0.0,1.0,0.0,0.0,True,Qwen/Qwen2.5-Coder-7B-Instruct,None
2270,Scatter,Easy,0.5904,2.3614,4,0.0,0.0,0.0,0.0,0.0,0.0,0.0,0.0,0.0,0.0,1.0,0.0,0.0,True,Qwen/Qwen2.5-Coder-7B-Instruct,None
2280,Grouping Scatter,Medium,12.9056,25.8111,2,0.5,0.0,0.0,0.5,0.5,0.0,0.0,0.0,0.5,0.5,0.0,,0.0,True,Qwen/Qwen2.5-Coder-7B-Instruct,None
2280,Grouping Scatter,Medium,12.9056,25.8111,2,0.5,0.0,0.0,0.5,0.5,0.0,0.0,0.0,0.5,0.5,0.0,,0.0,True,Qwen/Qwen2.5-Coder-7B-Instruct,None
2280,Grouping Scatter,Medium,12.9056,25.8111,2,0.5,0.0,0.0,0.5,0.5,0.0,0.0,0.0,0.5,0.5,0.0,,0.0,True,Qwen/Qwen2.5-Coder-7B-Instruct,None
2289,Grouping Scatter,Medium,11.183,55.9148,5,0.6,0.0,0.0,0.4,0.4,0.0,0.0,0.0,0.6,0.4,0.0,,0.0,True,Qwen/Qwen2.5-Coder-7B-Instruct,None
2289,Grouping Scatter,Medium,11.183,55.9148,5,0.6,0.0,0.0,0.4,0.4,0.0,0.0,0.0,0.6,0.4,0.0,,0.0,True,Qwen/Qwen2.5-Coder-7B-Instruct,None
2289,Grouping Scatter,Medium,11.183,55.9148,5,0.6,0.0,0.0,0.4,0.4,0.0,0.0,0.0,0.6,0.4,0.0,,0.0,True,Qwen/Qwen2.5-Coder-7B-Instruct,None
2299,Grouping Scatter,Medium,11.9242,11.9242,1,1.0,0.0,0.0,0.0,0.0,0.0,0.0,0.0,1.0,0.0,0.0,,0.0,True,Qwen/Qwen2.5-Coder-7B-Instruct,None
2299,Grouping Scatter,Medium,11.9242,11.9242,1,1.0,0.0,0.0,0.0,0.0,0.0,0.0,0.0,1.0,0.0,0.0,,0.0,True,Qwen/Qwen2.5-Coder-7B-Instruct,None
2299,Grouping Scatter,Medium,11.9242,11.9242,1,1.0,0.0,0.0,0.0,0.0,0.0,0.0,0.0,1.0,0.0,0.0,,0.0,True,Qwen/Qwen2.5-Coder-7B-Instruct,None
2303,Bar,Easy,0.355,0.7099,2,0.0,0.0,0.0,0.0,0.0,0.0,0.0,0.0,0.0,0.0,1.0,0.0,0.0,False,Qwen/Qwen2.5-Coder-7B-Instruct,None
2303,Bar,Easy,0.355,0.7099,2,0.0,0.0,0.0,0.0,0.0,0.0,0.0,0.0,0.0,0.0,1.0,0.0,0.0,False,Qwen/Qwen2.5-Coder-7B-Instruct,None
2303,Bar,Easy,0.355,0.7099,2,0.0,0.0,0.0,0.0,0.0,0.0,0.0,0.0,0.0,0.0,1.0,0.0,0.0,False,Qwen/Qwen2.5-Coder-7B-Instruct,None
2304,Bar,Easy,30.0785,30.0785,1,0.0,0.0,0.0,0.0,0.0,0.0,0.0,0.0,0.0,0.0,1.0,0.0,0.0,False,Qwen/Qwen2.5-Coder-7B-Instruct,None
2304,Bar,Easy,30.0785,30.0785,1,0.0,0.0,0.0,0.0,0.0,0.0,0.0,0.0,0.0,0.0,1.0,0.0,0.0,False,Qwen/Qwen2.5-Coder-7B-Instruct,None
2304,Bar,Easy,30.0785,30.0785,1,0.0,0.0,0.0,0.0,0.0,0.0,0.0,0.0,0.0,0.0,1.0,0.0,0.0,False,Qwen/Qwen2.5-Coder-7B-Instruct,None
2307,Pie,Easy,7.3893,7.3893,1,0.0,0.0,0.0,0.0,1.0,0.0,0.0,0.0,0.0,1.0,0.0,,0.0,False,Qwen/Qwen2.5-Coder-7B-Instruct,None
2307,Pie,Easy,7.3893,7.3893,1,0.0,0.0,0.0,0.0,1.0,0.0,0.0,0.0,0.0,1.0,0.0,,0.0,False,Qwen/Qwen2.5-Coder-7B-Instruct,None
2307,Pie,Easy,7.3893,7.3893,1,0.0,0.0,0.0,0.0,1.0,0.0,0.0,0.0,0.0,1.0,0.0,,0.0,False,Qwen/Qwen2.5-Coder-7B-Instruct,None
2309,Pie,Medium,0.8843,0.8843,1,0.0,0.0,0.0,0.0,1.0,0.0,0.0,0.0,0.0,1.0,0.0,,0.0,True,Qwen/Qwen2.5-Coder-7B-Instruct,None
2309,Pie,Medium,0.8843,0.8843,1,0.0,0.0,0.0,0.0,1.0,0.0,0.0,0.0,0.0,1.0,0.0,,0.0,True,Qwen/Qwen2.5-Coder-7B-Instruct,None
2309,Pie,Medium,0.8843,0.8843,1,0.0,0.0,0.0,0.0,1.0,0.0,0.0,0.0,0.0,1.0,0.0,,0.0,True,Qwen/Qwen2.5-Coder-7B-Instruct,None
2311,Pie,Easy,28.3155,56.631,2,0.0,0.0,0.0,0.5,1.0,0.0,0.0,0.0,0.0,1.0,0.0,,0.0,False,Qwen/Qwen2.5-Coder-7B-Instruct,None
2311,Pie,Easy,28.3155,56.631,2,0.0,0.0,0.0,0.5,1.0,0.0,0.0,0.0,0.0,1.0,0.0,,0.0,False,Qwen/Qwen2.5-Coder-7B-Instruct,None
2311,Pie,Easy,28.3155,56.631,2,0.0,0.0,0.0,0.5,1.0,0.0,0.0,0.0,0.0,1.0,0.0,,0.0,False,Qwen/Qwen2.5-Coder-7B-Instruct,None
2343,Pie,Hard,38.1198,114.3593,3,0.0,0.0,0.0,0.0,1.0,0.0,0.0,0.0,0.0,1.0,0.0,,0.0,True,Qwen/Qwen2.5-Coder-7B-Instruct,None
2343,Pie,Hard,38.1198,114.3593,3,0.0,0.0,0.0,0.0,1.0,0.0,0.0,0.0,0.0,1.0,0.0,,0.0,True,Qwen/Qwen2.5-Coder-7B-Instruct,None
2343,Pie,Hard,38.1198,114.3593,3,0.0,0.0,0.0,0.0,1.0,0.0,0.0,0.0,0.0,1.0,0.0,,0.0,True,Qwen/Qwen2.5-Coder-7B-Instruct,None
2344,Bar,Hard,39.8467,119.5402,3,0.0,0.0,0.0,0.0,0.0,0.0,0.0,0.0,0.0,0.0,1.0,0.0,0.0,True,Qwen/Qwen2.5-Coder-7B-Instruct,None
2344,Bar,Hard,39.8467,119.5402,3,0.0,0.0,0.0,0.0,0.0,0.0,0.0,0.0,0.0,0.0,1.0,0.0,0.0,True,Qwen/Qwen2.5-Coder-7B-Instruct,None
2344,Bar,Hard,39.8467,119.5402,3,0.0,0.0,0.0,0.0,0.0,0.0,0.0,0.0,0.0,0.0,1.0,0.0,0.0,True,Qwen/Qwen2.5-Coder-7B-Instruct,None
2346,Pie,Extra Hard,3.8308,7.6617,2,0.0,0.0,0.0,0.0,0.5,0.0,0.0,0.0,0.0,0.5,0.5,0.0,0.0,True,Qwen/Qwen2.5-Coder-7B-Instruct,None
2346,Pie,Extra Hard,3.8308,7.6617,2,0.0,0.0,0.0,0.0,0.5,0.0,0.0,0.0,0.0,0.5,0.5,0.0,0.0,True,Qwen/Qwen2.5-Coder-7B-Instruct,None
2346,Pie,Extra Hard,3.8308,7.6617,2,0.0,0.0,0.0,0.0,0.5,0.0,0.0,0.0,0.0,0.5,0.5,0.0,0.0,True,Qwen/Qwen2.5-Coder-7B-Instruct,None
2348,Pie,Easy,26.031,52.0621,2,0.0,0.0,0.0,0.0,0.0,0.0,0.0,0.0,0.0,0.0,1.0,0.0,0.0,False,Qwen/Qwen2.5-Coder-7B-Instruct,None
2348,Pie,Easy,26.031,52.0621,2,0.0,0.0,0.0,0.0,0.0,0.0,0.0,0.0,0.0,0.0,1.0,0.0,0.0,False,Qwen/Qwen2.5-Coder-7B-Instruct,None
2348,Pie,Easy,26.031,52.0621,2,0.0,0.0,0.0,0.0,0.0,0.0,0.0,0.0,0.0,0.0,1.0,0.0,0.0,False,Qwen/Qwen2.5-Coder-7B-Instruct,None
2350,Pie,Easy,59.419,59.419,1,0.0,0.0,0.0,0.0,0.0,0.0,0.0,0.0,0.0,0.0,1.0,0.0,0.0,False,Qwen/Qwen2.5-Coder-7B-Instruct,None
2350,Pie,Easy,59.419,59.419,1,0.0,0.0,0.0,0.0,0.0,0.0,0.0,0.0,0.0,0.0,1.0,0.0,0.0,False,Qwen/Qwen2.5-Coder-7B-Instruct,None
2350,Pie,Easy,59.419,59.419,1,0.0,0.0,0.0,0.0,0.0,0.0,0.0,0.0,0.0,0.0,1.0,0.0,0.0,False,Qwen/Qwen2.5-Coder-7B-Instruct,None
2351,Bar,Easy,0.3736,1.1207,3,0.0,0.0,0.0,0.0,0.0,0.0,0.0,0.0,0.0,0.0,1.0,0.0,0.0,False,Qwen/Qwen2.5-Coder-7B-Instruct,None
2351,Bar,Easy,0.3736,1.1207,3,0.0,0.0,0.0,0.0,0.0,0.0,0.0,0.0,0.0,0.0,1.0,0.0,0.0,False,Qwen/Qwen2.5-Coder-7B-Instruct,None
2351,Bar,Easy,0.3736,1.1207,3,0.0,0.0,0.0,0.0,0.0,0.0,0.0,0.0,0.0,0.0,1.0,0.0,0.0,False,Qwen/Qwen2.5-Coder-7B-Instruct,None
2359,Pie,Medium,39.403,118.2091,3,0.0,0.0,0.0,0.0,1.0,0.0,0.0,0.0,0.0,1.0,0.0,,0.0,True,Qwen/Qwen2.5-Coder-7B-Instruct,None
2359,Pie,Medium,39.403,118.2091,3,0.0,0.0,0.0,0.0,1.0,0.0,0.0,0.0,0.0,1.0,0.0,,0.0,True,Qwen/Qwen2.5-Coder-7B-Instruct,None
2359,Pie,Medium,39.403,118.2091,3,0.0,0.0,0.0,0.0,1.0,0.0,0.0,0.0,0.0,1.0,0.0,,0.0,True,Qwen/Qwen2.5-Coder-7B-Instruct,None
2371,Bar,Medium,19.8708,59.6125,3,0.0,0.0,0.0,0.0,0.0,0.0,0.0,0.0,0.0,0.0,1.0,0.0,0.0,True,Qwen/Qwen2.5-Coder-7B-Instruct,None
2371,Bar,Medium,19.8708,59.6125,3,0.0,0.0,0.0,0.0,0.0,0.0,0.0,0.0,0.0,0.0,1.0,0.0,0.0,True,Qwen/Qwen2.5-Coder-7B-Instruct,None
2371,Bar,Medium,19.8708,59.6125,3,0.0,0.0,0.0,0.0,0.0,0.0,0.0,0.0,0.0,0.0,1.0,0.0,0.0,True,Qwen/Qwen2.5-Coder-7B-Instruct,None
2387,Bar,Easy,16.673,50.0189,3,1.0,0.0,0.0,0.0,0.0,0.0,0.0,0.0,1.0,0.0,0.0,,0.0,True,Qwen/Qwen2.5-Coder-7B-Instruct,None
2387,Bar,Easy,16.673,50.0189,3,1.0,0.0,0.0,0.0,0.0,0.0,0.0,0.0,1.0,0.0,0.0,,0.0,True,Qwen/Qwen2.5-Coder-7B-Instruct,None
2387,Bar,Easy,16.673,50.0189,3,1.0,0.0,0.0,0.0,0.0,0.0,0.0,0.0,1.0,0.0,0.0,,0.0,True,Qwen/Qwen2.5-Coder-7B-Instruct,None
2397,Pie,Medium,0.9294,0.9294,1,0.0,0.0,0.0,0.0,1.0,0.0,0.0,0.0,0.0,1.0,0.0,,0.0,True,Qwen/Qwen2.5-Coder-7B-Instruct,None
2397,Pie,Medium,0.9294,0.9294,1,0.0,0.0,0.0,0.0,1.0,0.0,0.0,0.0,0.0,1.0,0.0,,0.0,True,Qwen/Qwen2.5-Coder-7B-Instruct,None
2397,Pie,Medium,0.9294,0.9294,1,0.0,0.0,0.0,0.0,1.0,0.0,0.0,0.0,0.0,1.0,0.0,,0.0,True,Qwen/Qwen2.5-Coder-7B-Instruct,None
2403,Bar,Extra Hard,8.6599,8.6599,1,0.0,0.0,0.0,0.0,0.0,0.0,0.0,0.0,0.0,0.0,1.0,0.0,0.0,True,Qwen/Qwen2.5-Coder-7B-Instruct,None
2403,Bar,Extra Hard,8.6599,8.6599,1,0.0,0.0,0.0,0.0,0.0,0.0,0.0,0.0,0.0,0.0,1.0,0.0,0.0,True,Qwen/Qwen2.5-Coder-7B-Instruct,None
2403,Bar,Extra Hard,8.6599,8.6599,1,0.0,0.0,0.0,0.0,0.0,0.0,0.0,0.0,0.0,0.0,1.0,0.0,0.0,True,Qwen/Qwen2.5-Coder-7B-Instruct,None
2416,Pie,Easy,0.4262,0.4262,1,0.0,0.0,0.0,0.0,0.0,0.0,0.0,0.0,0.0,0.0,1.0,0.0,0.0,False,Qwen/Qwen2.5-Coder-7B-Instruct,None
2416,Pie,Easy,0.4262,0.4262,1,0.0,0.0,0.0,0.0,0.0,0.0,0.0,0.0,0.0,0.0,1.0,0.0,0.0,False,Qwen/Qwen2.5-Coder-7B-Instruct,None
2416,Pie,Easy,0.4262,0.4262,1,0.0,0.0,0.0,0.0,0.0,0.0,0.0,0.0,0.0,0.0,1.0,0.0,0.0,False,Qwen/Qwen2.5-Coder-7B-Instruct,None
2422,Pie,Easy,17.9867,71.9469,4,0.25,0.0,0.0,0.0,0.0,0.0,0.0,0.0,0.25,0.0,0.75,0.0,0.0,False,Qwen/Qwen2.5-Coder-7B-Instruct,None
2422,Pie,Easy,17.9867,71.9469,4,0.25,0.0,0.0,0.0,0.0,0.0,0.0,0.0,0.25,0.0,0.75,0.0,0.0,False,Qwen/Qwen2.5-Coder-7B-Instruct,None
2422,Pie,Easy,17.9867,71.9469,4,0.25,0.0,0.0,0.0,0.0,0.0,0.0,0.0,0.25,0.0,0.75,0.0,0.0,False,Qwen/Qwen2.5-Coder-7B-Instruct,None
2428,Bar,Easy,9.6124,48.0621,5,0.0,0.0,0.0,0.0,0.0,0.0,0.0,0.0,0.0,0.0,1.0,0.0,0.0,False,Qwen/Qwen2.5-Coder-7B-Instruct,None
2428,Bar,Easy,9.6124,48.0621,5,0.0,0.0,0.0,0.0,0.0,0.0,0.0,0.0,0.0,0.0,1.0,0.0,0.0,False,Qwen/Qwen2.5-Coder-7B-Instruct,None
2428,Bar,Easy,9.6124,48.0621,5,0.0,0.0,0.0,0.0,0.0,0.0,0.0,0.0,0.0,0.0,1.0,0.0,0.0,False,Qwen/Qwen2.5-Coder-7B-Instruct,None
2429,Pie,Hard,29.6681,59.3362,2,0.0,0.0,0.0,0.0,0.5,0.0,0.0,0.0,0.0,0.5,0.5,0.0,0.0,True,Qwen/Qwen2.5-Coder-7B-Instruct,None
2429,Pie,Hard,29.6681,59.3362,2,0.0,0.0,0.0,0.0,0.5,0.0,0.0,0.0,0.0,0.5,0.5,0.0,0.0,True,Qwen/Qwen2.5-Coder-7B-Instruct,None
2429,Pie,Hard,29.6681,59.3362,2,0.0,0.0,0.0,0.0,0.5,0.0,0.0,0.0,0.0,0.5,0.5,0.0,0.0,True,Qwen/Qwen2.5-Coder-7B-Instruct,None
2432,Bar,Medium,0.5697,1.1395,2,0.0,0.0,0.0,0.0,0.5,0.0,0.0,0.0,0.0,0.5,0.5,0.0,0.0,True,Qwen/Qwen2.5-Coder-7B-Instruct,None
2432,Bar,Medium,0.5697,1.1395,2,0.0,0.0,0.0,0.0,0.5,0.0,0.0,0.0,0.0,0.5,0.5,0.0,0.0,True,Qwen/Qwen2.5-Coder-7B-Instruct,None
2432,Bar,Medium,0.5697,1.1395,2,0.0,0.0,0.0,0.0,0.5,0.0,0.0,0.0,0.0,0.5,0.5,0.0,0.0,True,Qwen/Qwen2.5-Coder-7B-Instruct,None
2437,Bar,Easy,57.4407,57.4407,1,0.0,0.0,0.0,0.0,1.0,0.0,0.0,0.0,0.0,1.0,0.0,,0.0,False,Qwen/Qwen2.5-Coder-7B-Instruct,None
2437,Bar,Easy,57.4407,57.4407,1,0.0,0.0,0.0,0.0,1.0,0.0,0.0,0.0,0.0,1.0,0.0,,0.0,False,Qwen/Qwen2.5-Coder-7B-Instruct,None
2437,Bar,Easy,57.4407,57.4407,1,0.0,0.0,0.0,0.0,1.0,0.0,0.0,0.0,0.0,1.0,0.0,,0.0,False,Qwen/Qwen2.5-Coder-7B-Instruct,None
2440,Pie,Easy,29.7876,119.1505,4,0.0,0.0,0.0,0.0,0.25,0.0,0.0,0.0,0.0,0.25,0.75,0.0,0.0,False,Qwen/Qwen2.5-Coder-7B-Instruct,None
2440,Pie,Easy,29.7876,119.1505,4,0.0,0.0,0.0,0.0,0.25,0.0,0.0,0.0,0.0,0.25,0.75,0.0,0.0,False,Qwen/Qwen2.5-Coder-7B-Instruct,None
2440,Pie,Easy,29.7876,119.1505,4,0.0,0.0,0.0,0.0,0.25,0.0,0.0,0.0,0.0,0.25,0.75,0.0,0.0,False,Qwen/Qwen2.5-Coder-7B-Instruct,None
2442,Pie,Medium,1.9625,7.8499,4,0.0,0.0,0.0,0.0,0.75,0.0,0.0,0.0,0.0,0.75,0.25,0.0,0.0,True,Qwen/Qwen2.5-Coder-7B-Instruct,None
2442,Pie,Medium,1.9625,7.8499,4,0.0,0.0,0.0,0.0,0.75,0.0,0.0,0.0,0.0,0.75,0.25,0.0,0.0,True,Qwen/Qwen2.5-Coder-7B-Instruct,None
2442,Pie,Medium,1.9625,7.8499,4,0.0,0.0,0.0,0.0,0.75,0.0,0.0,0.0,0.0,0.75,0.25,0.0,0.0,True,Qwen/Qwen2.5-Coder-7B-Instruct,None
2457,Bar,Medium,0.7878,2.3634,3,0.0,0.0,0.0,0.0,0.3333333333333333,0.0,0.0,0.0,0.0,0.3333333333333333,0.6666666666666666,0.0,0.0,True,Qwen/Qwen2.5-Coder-7B-Instruct,None
2457,Bar,Medium,0.7878,2.3634,3,0.0,0.0,0.0,0.0,0.3333333333333333,0.0,0.0,0.0,0.0,0.3333333333333333,0.6666666666666666,0.0,0.0,True,Qwen/Qwen2.5-Coder-7B-Instruct,None
2457,Bar,Medium,0.7878,2.3634,3,0.0,0.0,0.0,0.0,0.3333333333333333,0.0,0.0,0.0,0.0,0.3333333333333333,0.6666666666666666,0.0,0.0,True,Qwen/Qwen2.5-Coder-7B-Instruct,None
2464,Pie,Medium,0.4486,0.8973,2,0.0,0.0,0.0,0.0,0.0,0.0,0.0,0.0,0.0,0.0,1.0,0.0,0.0,False,Qwen/Qwen2.5-Coder-7B-Instruct,None
2464,Pie,Medium,0.4486,0.8973,2,0.0,0.0,0.0,0.0,0.0,0.0,0.0,0.0,0.0,0.0,1.0,0.0,0.0,False,Qwen/Qwen2.5-Coder-7B-Instruct,None
2464,Pie,Medium,0.4486,0.8973,2,0.0,0.0,0.0,0.0,0.0,0.0,0.0,0.0,0.0,0.0,1.0,0.0,0.0,False,Qwen/Qwen2.5-Coder-7B-Instruct,None
2466,Pie,Easy,0.4054,1.2162,3,0.0,0.0,0.0,0.0,0.0,0.0,0.0,0.0,0.0,0.0,1.0,0.0,0.0,False,Qwen/Qwen2.5-Coder-7B-Instruct,None
2466,Pie,Easy,0.4054,1.2162,3,0.0,0.0,0.0,0.0,0.0,0.0,0.0,0.0,0.0,0.0,1.0,0.0,0.0,False,Qwen/Qwen2.5-Coder-7B-Instruct,None
2466,Pie,Easy,0.4054,1.2162,3,0.0,0.0,0.0,0.0,0.0,0.0,0.0,0.0,0.0,0.0,1.0,0.0,0.0,False,Qwen/Qwen2.5-Coder-7B-Instruct,None
2471,Bar,Medium,6.9614,6.9614,1,0.0,0.0,0.0,0.0,1.0,0.0,0.0,0.0,0.0,1.0,0.0,,0.0,True,Qwen/Qwen2.5-Coder-7B-Instruct,None
2471,Bar,Medium,6.9614,6.9614,1,0.0,0.0,0.0,0.0,1.0,0.0,0.0,0.0,0.0,1.0,0.0,,0.0,True,Qwen/Qwen2.5-Coder-7B-Instruct,None
2471,Bar,Medium,6.9614,6.9614,1,0.0,0.0,0.0,0.0,1.0,0.0,0.0,0.0,0.0,1.0,0.0,,0.0,True,Qwen/Qwen2.5-Coder-7B-Instruct,None
2473,Bar,Easy,0.3522,2.4651,7,0.0,0.0,0.0,0.0,0.42857142857142855,0.0,0.0,0.0,0.0,0.42857142857142855,0.5714285714285714,0.0,0.0,False,Qwen/Qwen2.5-Coder-7B-Instruct,None
2473,Bar,Easy,0.3522,2.4651,7,0.0,0.0,0.0,0.0,0.42857142857142855,0.0,0.0,0.0,0.0,0.42857142857142855,0.5714285714285714,0.0,0.0,False,Qwen/Qwen2.5-Coder-7B-Instruct,None
2473,Bar,Easy,0.3522,2.4651,7,0.0,0.0,0.0,0.0,0.42857142857142855,0.0,0.0,0.0,0.0,0.42857142857142855,0.5714285714285714,0.0,0.0,False,Qwen/Qwen2.5-Coder-7B-Instruct,None
2474,Pie,Medium,11.4066,11.4066,1,0.0,0.0,0.0,0.0,0.0,0.0,0.0,0.0,0.0,0.0,1.0,0.0,0.0,True,Qwen/Qwen2.5-Coder-7B-Instruct,None
2474,Pie,Medium,11.4066,11.4066,1,0.0,0.0,0.0,0.0,0.0,0.0,0.0,0.0,0.0,0.0,1.0,0.0,0.0,True,Qwen/Qwen2.5-Coder-7B-Instruct,None
2474,Pie,Medium,11.4066,11.4066,1,0.0,0.0,0.0,0.0,0.0,0.0,0.0,0.0,0.0,0.0,1.0,0.0,0.0,True,Qwen/Qwen2.5-Coder-7B-Instruct,None
2476,Bar,Medium,0.6906,1.3812,2,0.0,0.0,0.0,0.0,1.0,0.0,0.0,0.0,0.0,1.0,0.0,,0.0,True,Qwen/Qwen2.5-Coder-7B-Instruct,None
2476,Bar,Medium,0.6906,1.3812,2,0.0,0.0,0.0,0.0,1.0,0.0,0.0,0.0,0.0,1.0,0.0,,0.0,True,Qwen/Qwen2.5-Coder-7B-Instruct,None
2476,Bar,Medium,0.6906,1.3812,2,0.0,0.0,0.0,0.0,1.0,0.0,0.0,0.0,0.0,1.0,0.0,,0.0,True,Qwen/Qwen2.5-Coder-7B-Instruct,None
2478,Pie,Medium,14.5865,29.1731,2,1.0,0.0,0.0,0.0,0.0,0.0,0.0,0.0,1.0,0.0,0.0,,0.0,True,Qwen/Qwen2.5-Coder-7B-Instruct,None
2478,Pie,Medium,14.5865,29.1731,2,1.0,0.0,0.0,0.0,0.0,0.0,0.0,0.0,1.0,0.0,0.0,,0.0,True,Qwen/Qwen2.5-Coder-7B-Instruct,None
2478,Pie,Medium,14.5865,29.1731,2,1.0,0.0,0.0,0.0,0.0,0.0,0.0,0.0,1.0,0.0,0.0,,0.0,True,Qwen/Qwen2.5-Coder-7B-Instruct,None
2479,Grouping Scatter,Medium,0.8571,1.7142,2,0.0,0.0,0.0,0.0,0.0,0.0,0.0,0.0,0.0,0.0,1.0,0.0,0.0,True,Qwen/Qwen2.5-Coder-7B-Instruct,None
2479,Grouping Scatter,Medium,0.8571,1.7142,2,0.0,0.0,0.0,0.0,0.0,0.0,0.0,0.0,0.0,0.0,1.0,0.0,0.0,True,Qwen/Qwen2.5-Coder-7B-Instruct,None
2479,Grouping Scatter,Medium,0.8571,1.7142,2,0.0,0.0,0.0,0.0,0.0,0.0,0.0,0.0,0.0,0.0,1.0,0.0,0.0,True,Qwen/Qwen2.5-Coder-7B-Instruct,None
2483,Pie,Easy,0.3665,0.733,2,0.0,0.0,0.0,0.0,0.0,0.0,0.0,0.0,0.0,0.0,1.0,0.0,0.0,False,Qwen/Qwen2.5-Coder-7B-Instruct,None
2483,Pie,Easy,0.3665,0.733,2,0.0,0.0,0.0,0.0,0.0,0.0,0.0,0.0,0.0,0.0,1.0,0.0,0.0,False,Qwen/Qwen2.5-Coder-7B-Instruct,None
2483,Pie,Easy,0.3665,0.733,2,0.0,0.0,0.0,0.0,0.0,0.0,0.0,0.0,0.0,0.0,1.0,0.0,0.0,False,Qwen/Qwen2.5-Coder-7B-Instruct,None
2485,Pie,Easy,0.3652,0.7303,2,0.0,0.0,0.0,0.0,0.0,0.0,0.0,0.0,0.0,0.0,1.0,0.0,0.0,False,Qwen/Qwen2.5-Coder-7B-Instruct,None
2485,Pie,Easy,0.3652,0.7303,2,0.0,0.0,0.0,0.0,0.0,0.0,0.0,0.0,0.0,0.0,1.0,0.0,0.0,False,Qwen/Qwen2.5-Coder-7B-Instruct,None
2485,Pie,Easy,0.3652,0.7303,2,0.0,0.0,0.0,0.0,0.0,0.0,0.0,0.0,0.0,0.0,1.0,0.0,0.0,False,Qwen/Qwen2.5-Coder-7B-Instruct,None
2489,Pie,Easy,0.3948,1.1843,3,0.0,0.0,0.0,0.0,0.0,0.0,0.0,0.0,0.0,0.0,1.0,0.0,0.0,False,Qwen/Qwen2.5-Coder-7B-Instruct,None
2489,Pie,Easy,0.3948,1.1843,3,0.0,0.0,0.0,0.0,0.0,0.0,0.0,0.0,0.0,0.0,1.0,0.0,0.0,False,Qwen/Qwen2.5-Coder-7B-Instruct,None
2489,Pie,Easy,0.3948,1.1843,3,0.0,0.0,0.0,0.0,0.0,0.0,0.0,0.0,0.0,0.0,1.0,0.0,0.0,False,Qwen/Qwen2.5-Coder-7B-Instruct,None
2503,Bar,Easy,0.464,3.2481,7,0.0,0.0,0.0,0.0,0.0,0.0,0.0,0.0,0.0,0.0,1.0,0.0,0.0,False,Qwen/Qwen2.5-Coder-7B-Instruct,None
2503,Bar,Easy,0.464,3.2481,7,0.0,0.0,0.0,0.0,0.0,0.0,0.0,0.0,0.0,0.0,1.0,0.0,0.0,False,Qwen/Qwen2.5-Coder-7B-Instruct,None
2503,Bar,Easy,0.464,3.2481,7,0.0,0.0,0.0,0.0,0.0,0.0,0.0,0.0,0.0,0.0,1.0,0.0,0.0,False,Qwen/Qwen2.5-Coder-7B-Instruct,None
2506,Pie,Easy,5.7014,17.1043,3,0.3333333333333333,0.0,0.0,0.0,0.6666666666666666,0.0,0.0,0.0,0.3333333333333333,0.6666666666666666,0.0,,0.0,False,Qwen/Qwen2.5-Coder-7B-Instruct,None
2506,Pie,Easy,5.7014,17.1043,3,0.3333333333333333,0.0,0.0,0.0,0.6666666666666666,0.0,0.0,0.0,0.3333333333333333,0.6666666666666666,0.0,,0.0,False,Qwen/Qwen2.5-Coder-7B-Instruct,None
2506,Pie,Easy,5.7014,17.1043,3,0.3333333333333333,0.0,0.0,0.0,0.6666666666666666,0.0,0.0,0.0,0.3333333333333333,0.6666666666666666,0.0,,0.0,False,Qwen/Qwen2.5-Coder-7B-Instruct,None
2508,Pie,Medium,0.8178,4.0889,5,0.0,0.0,0.0,0.0,0.4,0.0,0.0,0.0,0.0,0.4,0.6,0.0,0.0,True,Qwen/Qwen2.5-Coder-7B-Instruct,None
2508,Pie,Medium,0.8178,4.0889,5,0.0,0.0,0.0,0.0,0.4,0.0,0.0,0.0,0.0,0.4,0.6,0.0,0.0,True,Qwen/Qwen2.5-Coder-7B-Instruct,None
2508,Pie,Medium,0.8178,4.0889,5,0.0,0.0,0.0,0.0,0.4,0.0,0.0,0.0,0.0,0.4,0.6,0.0,0.0,True,Qwen/Qwen2.5-Coder-7B-Instruct,None
2512,Pie,Medium,6.3249,18.9748,3,0.3333333333333333,0.0,0.0,0.0,0.3333333333333333,0.0,0.0,0.0,0.3333333333333333,0.3333333333333333,0.3333333333333333,0.0,0.0,True,Qwen/Qwen2.5-Coder-7B-Instruct,None
2512,Pie,Medium,6.3249,18.9748,3,0.3333333333333333,0.0,0.0,0.0,0.3333333333333333,0.0,0.0,0.0,0.3333333333333333,0.3333333333333333,0.3333333333333333,0.0,0.0,True,Qwen/Qwen2.5-Coder-7B-Instruct,None
2512,Pie,Medium,6.3249,18.9748,3,0.3333333333333333,0.0,0.0,0.0,0.3333333333333333,0.0,0.0,0.0,0.3333333333333333,0.3333333333333333,0.3333333333333333,0.0,0.0,True,Qwen/Qwen2.5-Coder-7B-Instruct,None
2516,Pie,Medium,0.4951,0.9902,2,0.0,0.0,0.0,0.0,1.0,0.0,0.0,0.0,0.0,1.0,0.0,,0.0,False,Qwen/Qwen2.5-Coder-7B-Instruct,None
2516,Pie,Medium,0.4951,0.9902,2,0.0,0.0,0.0,0.0,1.0,0.0,0.0,0.0,0.0,1.0,0.0,,0.0,False,Qwen/Qwen2.5-Coder-7B-Instruct,None
2516,Pie,Medium,0.4951,0.9902,2,0.0,0.0,0.0,0.0,1.0,0.0,0.0,0.0,0.0,1.0,0.0,,0.0,False,Qwen/Qwen2.5-Coder-7B-Instruct,None
2526,Pie,Easy,0.3516,0.7032,2,0.0,0.0,0.0,0.0,1.0,0.0,0.0,0.0,0.0,1.0,0.0,,0.0,False,Qwen/Qwen2.5-Coder-7B-Instruct,None
2526,Pie,Easy,0.3516,0.7032,2,0.0,0.0,0.0,0.0,1.0,0.0,0.0,0.0,0.0,1.0,0.0,,0.0,False,Qwen/Qwen2.5-Coder-7B-Instruct,None
2526,Pie,Easy,0.3516,0.7032,2,0.0,0.0,0.0,0.0,1.0,0.0,0.0,0.0,0.0,1.0,0.0,,0.0,False,Qwen/Qwen2.5-Coder-7B-Instruct,None
2536,Pie,Hard,3.8573,7.7146,2,0.0,0.0,0.0,0.0,0.0,0.0,0.0,0.0,0.0,0.0,1.0,0.0,0.0,True,Qwen/Qwen2.5-Coder-7B-Instruct,None
2536,Pie,Hard,3.8573,7.7146,2,0.0,0.0,0.0,0.0,0.0,0.0,0.0,0.0,0.0,0.0,1.0,0.0,0.0,True,Qwen/Qwen2.5-Coder-7B-Instruct,None
2536,Pie,Hard,3.8573,7.7146,2,0.0,0.0,0.0,0.0,0.0,0.0,0.0,0.0,0.0,0.0,1.0,0.0,0.0,True,Qwen/Qwen2.5-Coder-7B-Instruct,None
2543,Pie,Easy,0.3512,0.3512,1,0.0,0.0,0.0,0.0,0.0,0.0,0.0,0.0,0.0,0.0,1.0,0.0,0.0,False,Qwen/Qwen2.5-Coder-7B-Instruct,None
2543,Pie,Easy,0.3512,0.3512,1,0.0,0.0,0.0,0.0,0.0,0.0,0.0,0.0,0.0,0.0,1.0,0.0,0.0,False,Qwen/Qwen2.5-Coder-7B-Instruct,None
2543,Pie,Easy,0.3512,0.3512,1,0.0,0.0,0.0,0.0,0.0,0.0,0.0,0.0,0.0,0.0,1.0,0.0,0.0,False,Qwen/Qwen2.5-Coder-7B-Instruct,None
2548,Scatter,Easy,28.922,57.844,2,0.0,0.0,0.0,0.0,0.5,0.0,0.0,0.0,0.0,0.5,0.5,0.0,0.0,False,Qwen/Qwen2.5-Coder-7B-Instruct,None
2548,Scatter,Easy,28.922,57.844,2,0.0,0.0,0.0,0.0,0.5,0.0,0.0,0.0,0.0,0.5,0.5,0.0,0.0,False,Qwen/Qwen2.5-Coder-7B-Instruct,None
2548,Scatter,Easy,28.922,57.844,2,0.0,0.0,0.0,0.0,0.5,0.0,0.0,0.0,0.0,0.5,0.5,0.0,0.0,False,Qwen/Qwen2.5-Coder-7B-Instruct,None
2549,Pie,Easy,27.3797,54.7595,2,0.0,0.0,0.0,0.0,0.0,0.0,0.0,0.0,0.0,0.0,1.0,0.0,0.0,False,Qwen/Qwen2.5-Coder-7B-Instruct,None
2549,Pie,Easy,27.3797,54.7595,2,0.0,0.0,0.0,0.0,0.0,0.0,0.0,0.0,0.0,0.0,1.0,0.0,0.0,False,Qwen/Qwen2.5-Coder-7B-Instruct,None
2549,Pie,Easy,27.3797,54.7595,2,0.0,0.0,0.0,0.0,0.0,0.0,0.0,0.0,0.0,0.0,1.0,0.0,0.0,False,Qwen/Qwen2.5-Coder-7B-Instruct,None
2550,Grouping Scatter,Easy,19.7332,59.1995,3,0.3333333333333333,0.0,0.0,0.0,0.0,0.0,0.0,0.0,0.3333333333333333,0.0,0.6666666666666666,0.0,0.0,False,Qwen/Qwen2.5-Coder-7B-Instruct,None
2550,Grouping Scatter,Easy,19.7332,59.1995,3,0.3333333333333333,0.0,0.0,0.0,0.0,0.0,0.0,0.0,0.3333333333333333,0.0,0.6666666666666666,0.0,0.0,False,Qwen/Qwen2.5-Coder-7B-Instruct,None
2550,Grouping Scatter,Easy,19.7332,59.1995,3,0.3333333333333333,0.0,0.0,0.0,0.0,0.0,0.0,0.0,0.3333333333333333,0.0,0.6666666666666666,0.0,0.0,False,Qwen/Qwen2.5-Coder-7B-Instruct,None
2564,Pie,Hard,0.9876,0.9876,1,0.0,0.0,0.0,0.0,0.0,0.0,0.0,0.0,0.0,0.0,1.0,0.0,0.0,True,Qwen/Qwen2.5-Coder-7B-Instruct,None
2564,Pie,Hard,0.9876,0.9876,1,0.0,0.0,0.0,0.0,0.0,0.0,0.0,0.0,0.0,0.0,1.0,0.0,0.0,True,Qwen/Qwen2.5-Coder-7B-Instruct,None
2564,Pie,Hard,0.9876,0.9876,1,0.0,0.0,0.0,0.0,0.0,0.0,0.0,0.0,0.0,0.0,1.0,0.0,0.0,True,Qwen/Qwen2.5-Coder-7B-Instruct,None
2567,Pie,Easy,0.3266,0.3266,1,0.0,0.0,0.0,0.0,0.0,0.0,0.0,0.0,0.0,0.0,1.0,0.0,0.0,False,Qwen/Qwen2.5-Coder-7B-Instruct,None
2567,Pie,Easy,0.3266,0.3266,1,0.0,0.0,0.0,0.0,0.0,0.0,0.0,0.0,0.0,0.0,1.0,0.0,0.0,False,Qwen/Qwen2.5-Coder-7B-Instruct,None
2567,Pie,Easy,0.3266,0.3266,1,0.0,0.0,0.0,0.0,0.0,0.0,0.0,0.0,0.0,0.0,1.0,0.0,0.0,False,Qwen/Qwen2.5-Coder-7B-Instruct,None
2568,Bar,Easy,5.8833,17.6499,3,0.0,0.0,0.0,0.0,0.0,0.0,0.0,0.0,0.0,0.0,1.0,0.0,0.0,False,Qwen/Qwen2.5-Coder-7B-Instruct,None
2568,Bar,Easy,5.8833,17.6499,3,0.0,0.0,0.0,0.0,0.0,0.0,0.0,0.0,0.0,0.0,1.0,0.0,0.0,False,Qwen/Qwen2.5-Coder-7B-Instruct,None
2568,Bar,Easy,5.8833,17.6499,3,0.0,0.0,0.0,0.0,0.0,0.0,0.0,0.0,0.0,0.0,1.0,0.0,0.0,False,Qwen/Qwen2.5-Coder-7B-Instruct,None
2569,Bar,Easy,0.3675,1.1025,3,0.0,0.0,0.0,0.0,0.0,0.0,0.0,0.0,0.0,0.0,1.0,0.0,0.0,False,Qwen/Qwen2.5-Coder-7B-Instruct,None
2569,Bar,Easy,0.3675,1.1025,3,0.0,0.0,0.0,0.0,0.0,0.0,0.0,0.0,0.0,0.0,1.0,0.0,0.0,False,Qwen/Qwen2.5-Coder-7B-Instruct,None
2569,Bar,Easy,0.3675,1.1025,3,0.0,0.0,0.0,0.0,0.0,0.0,0.0,0.0,0.0,0.0,1.0,0.0,0.0,False,Qwen/Qwen2.5-Coder-7B-Instruct,None
2570,Pie,Easy,0.3217,0.6434,2,0.0,0.0,0.0,0.0,0.0,0.0,0.0,0.0,0.0,0.0,1.0,0.0,0.0,False,Qwen/Qwen2.5-Coder-7B-Instruct,None
2570,Pie,Easy,0.3217,0.6434,2,0.0,0.0,0.0,0.0,0.0,0.0,0.0,0.0,0.0,0.0,1.0,0.0,0.0,False,Qwen/Qwen2.5-Coder-7B-Instruct,None
2570,Pie,Easy,0.3217,0.6434,2,0.0,0.0,0.0,0.0,0.0,0.0,0.0,0.0,0.0,0.0,1.0,0.0,0.0,False,Qwen/Qwen2.5-Coder-7B-Instruct,None
2571,Pie,Easy,0.4008,0.4008,1,0.0,0.0,0.0,0.0,0.0,0.0,0.0,0.0,0.0,0.0,1.0,0.0,0.0,False,Qwen/Qwen2.5-Coder-7B-Instruct,None
2571,Pie,Easy,0.4008,0.4008,1,0.0,0.0,0.0,0.0,0.0,0.0,0.0,0.0,0.0,0.0,1.0,0.0,0.0,False,Qwen/Qwen2.5-Coder-7B-Instruct,None
2571,Pie,Easy,0.4008,0.4008,1,0.0,0.0,0.0,0.0,0.0,0.0,0.0,0.0,0.0,0.0,1.0,0.0,0.0,False,Qwen/Qwen2.5-Coder-7B-Instruct,None
2576,Pie,Medium,0.7369,0.7369,1,0.0,0.0,0.0,0.0,0.0,0.0,0.0,0.0,0.0,0.0,1.0,0.0,0.0,True,Qwen/Qwen2.5-Coder-7B-Instruct,None
2576,Pie,Medium,0.7369,0.7369,1,0.0,0.0,0.0,0.0,0.0,0.0,0.0,0.0,0.0,0.0,1.0,0.0,0.0,True,Qwen/Qwen2.5-Coder-7B-Instruct,None
2576,Pie,Medium,0.7369,0.7369,1,0.0,0.0,0.0,0.0,0.0,0.0,0.0,0.0,0.0,0.0,1.0,0.0,0.0,True,Qwen/Qwen2.5-Coder-7B-Instruct,None
2578,Bar,Hard,8.8985,8.8985,1,0.0,0.0,0.0,0.0,1.0,0.0,0.0,0.0,0.0,1.0,0.0,,0.0,True,Qwen/Qwen2.5-Coder-7B-Instruct,None
2578,Bar,Hard,8.8985,8.8985,1,0.0,0.0,0.0,0.0,1.0,0.0,0.0,0.0,0.0,1.0,0.0,,0.0,True,Qwen/Qwen2.5-Coder-7B-Instruct,None
2578,Bar,Hard,8.8985,8.8985,1,0.0,0.0,0.0,0.0,1.0,0.0,0.0,0.0,0.0,1.0,0.0,,0.0,True,Qwen/Qwen2.5-Coder-7B-Instruct,None
2579,Pie,Medium,0.3588,0.3588,1,0.0,0.0,0.0,0.0,1.0,0.0,0.0,0.0,0.0,1.0,0.0,,0.0,True,Qwen/Qwen2.5-Coder-7B-Instruct,None
2579,Pie,Medium,0.3588,0.3588,1,0.0,0.0,0.0,0.0,1.0,0.0,0.0,0.0,0.0,1.0,0.0,,0.0,True,Qwen/Qwen2.5-Coder-7B-Instruct,None
2579,Pie,Medium,0.3588,0.3588,1,0.0,0.0,0.0,0.0,1.0,0.0,0.0,0.0,0.0,1.0,0.0,,0.0,True,Qwen/Qwen2.5-Coder-7B-Instruct,None
2593,Pie,Easy,0.3605,1.0816,3,0.0,0.0,0.0,0.0,0.0,0.0,0.0,0.0,0.0,0.0,1.0,0.0,0.0,False,Qwen/Qwen2.5-Coder-7B-Instruct,None
2593,Pie,Easy,0.3605,1.0816,3,0.0,0.0,0.0,0.0,0.0,0.0,0.0,0.0,0.0,0.0,1.0,0.0,0.0,False,Qwen/Qwen2.5-Coder-7B-Instruct,None
2593,Pie,Easy,0.3605,1.0816,3,0.0,0.0,0.0,0.0,0.0,0.0,0.0,0.0,0.0,0.0,1.0,0.0,0.0,False,Qwen/Qwen2.5-Coder-7B-Instruct,None
2595,Pie,Hard,1.004,1.004,1,0.0,0.0,0.0,0.0,0.0,0.0,0.0,0.0,0.0,0.0,1.0,0.0,0.0,True,Qwen/Qwen2.5-Coder-7B-Instruct,None
2595,Pie,Hard,1.004,1.004,1,0.0,0.0,0.0,0.0,0.0,0.0,0.0,0.0,0.0,0.0,1.0,0.0,0.0,True,Qwen/Qwen2.5-Coder-7B-Instruct,None
2595,Pie,Hard,1.004,1.004,1,0.0,0.0,0.0,0.0,0.0,0.0,0.0,0.0,0.0,0.0,1.0,0.0,0.0,True,Qwen/Qwen2.5-Coder-7B-Instruct,None
2604,Pie,Easy,0.5404,0.5404,1,0.0,0.0,0.0,0.0,0.0,0.0,0.0,0.0,0.0,0.0,1.0,0.0,0.0,False,Qwen/Qwen2.5-Coder-7B-Instruct,None
2604,Pie,Easy,0.5404,0.5404,1,0.0,0.0,0.0,0.0,0.0,0.0,0.0,0.0,0.0,0.0,1.0,0.0,0.0,False,Qwen/Qwen2.5-Coder-7B-Instruct,None
2604,Pie,Easy,0.5404,0.5404,1,0.0,0.0,0.0,0.0,0.0,0.0,0.0,0.0,0.0,0.0,1.0,0.0,0.0,False,Qwen/Qwen2.5-Coder-7B-Instruct,None
2605,Bar,Easy,0.621,1.242,2,0.0,0.0,0.0,0.0,0.5,0.0,0.0,0.0,0.0,0.5,0.5,0.0,0.0,False,Qwen/Qwen2.5-Coder-7B-Instruct,None
2605,Bar,Easy,0.621,1.242,2,0.0,0.0,0.0,0.0,0.5,0.0,0.0,0.0,0.0,0.5,0.5,0.0,0.0,False,Qwen/Qwen2.5-Coder-7B-Instruct,None
2605,Bar,Easy,0.621,1.242,2,0.0,0.0,0.0,0.0,0.5,0.0,0.0,0.0,0.0,0.5,0.5,0.0,0.0,False,Qwen/Qwen2.5-Coder-7B-Instruct,None
2606,Pie,Easy,0.5271,1.5813,3,0.0,0.0,0.0,0.0,0.0,0.0,0.0,0.0,0.0,0.0,1.0,0.0,0.0,False,Qwen/Qwen2.5-Coder-7B-Instruct,None
2606,Pie,Easy,0.5271,1.5813,3,0.0,0.0,0.0,0.0,0.0,0.0,0.0,0.0,0.0,0.0,1.0,0.0,0.0,False,Qwen/Qwen2.5-Coder-7B-Instruct,None
2606,Pie,Easy,0.5271,1.5813,3,0.0,0.0,0.0,0.0,0.0,0.0,0.0,0.0,0.0,0.0,1.0,0.0,0.0,False,Qwen/Qwen2.5-Coder-7B-Instruct,None
2615,Bar,Hard,0.6762,0.6762,1,0.0,0.0,0.0,0.0,0.0,0.0,0.0,0.0,0.0,0.0,1.0,0.0,0.0,False,Qwen/Qwen2.5-Coder-7B-Instruct,None
2615,Bar,Hard,0.6762,0.6762,1,0.0,0.0,0.0,0.0,0.0,0.0,0.0,0.0,0.0,0.0,1.0,0.0,0.0,False,Qwen/Qwen2.5-Coder-7B-Instruct,None
2615,Bar,Hard,0.6762,0.6762,1,0.0,0.0,0.0,0.0,0.0,0.0,0.0,0.0,0.0,0.0,1.0,0.0,0.0,False,Qwen/Qwen2.5-Coder-7B-Instruct,None
2617,Line,Hard,0.6722,0.6722,1,0.0,0.0,0.0,0.0,1.0,0.0,0.0,0.0,0.0,1.0,0.0,,0.0,False,Qwen/Qwen2.5-Coder-7B-Instruct,None
2617,Line,Hard,0.6722,0.6722,1,0.0,0.0,0.0,0.0,1.0,0.0,0.0,0.0,0.0,1.0,0.0,,0.0,False,Qwen/Qwen2.5-Coder-7B-Instruct,None
2617,Line,Hard,0.6722,0.6722,1,0.0,0.0,0.0,0.0,1.0,0.0,0.0,0.0,0.0,1.0,0.0,,0.0,False,Qwen/Qwen2.5-Coder-7B-Instruct,None
2620,Pie,Extra Hard,3.6848,14.7393,4,0.0,0.0,0.0,0.0,0.5,0.0,0.0,0.0,0.0,0.5,0.5,0.0,0.0,True,Qwen/Qwen2.5-Coder-7B-Instruct,None
2620,Pie,Extra Hard,3.6848,14.7393,4,0.0,0.0,0.0,0.0,0.5,0.0,0.0,0.0,0.0,0.5,0.5,0.0,0.0,True,Qwen/Qwen2.5-Coder-7B-Instruct,None
2620,Pie,Extra Hard,3.6848,14.7393,4,0.0,0.0,0.0,0.0,0.5,0.0,0.0,0.0,0.0,0.5,0.5,0.0,0.0,True,Qwen/Qwen2.5-Coder-7B-Instruct,None
2622,Pie,Easy,0.4289,0.8578,2,0.0,0.0,0.0,0.0,0.0,0.0,0.0,0.0,0.0,0.0,1.0,0.0,0.0,False,Qwen/Qwen2.5-Coder-7B-Instruct,None
2622,Pie,Easy,0.4289,0.8578,2,0.0,0.0,0.0,0.0,0.0,0.0,0.0,0.0,0.0,0.0,1.0,0.0,0.0,False,Qwen/Qwen2.5-Coder-7B-Instruct,None
2622,Pie,Easy,0.4289,0.8578,2,0.0,0.0,0.0,0.0,0.0,0.0,0.0,0.0,0.0,0.0,1.0,0.0,0.0,False,Qwen/Qwen2.5-Coder-7B-Instruct,None
2624,Pie,Easy,0.4068,1.6271,4,0.0,0.0,0.0,0.0,0.0,0.0,0.0,0.0,0.0,0.0,1.0,0.0,0.0,False,Qwen/Qwen2.5-Coder-7B-Instruct,None
2624,Pie,Easy,0.4068,1.6271,4,0.0,0.0,0.0,0.0,0.0,0.0,0.0,0.0,0.0,0.0,1.0,0.0,0.0,False,Qwen/Qwen2.5-Coder-7B-Instruct,None
2624,Pie,Easy,0.4068,1.6271,4,0.0,0.0,0.0,0.0,0.0,0.0,0.0,0.0,0.0,0.0,1.0,0.0,0.0,False,Qwen/Qwen2.5-Coder-7B-Instruct,None
2630,Pie,Easy,5.9779,17.9336,3,0.3333333333333333,0.0,0.0,0.0,0.0,0.0,0.0,0.0,0.3333333333333333,0.0,0.6666666666666666,0.0,0.0,False,Qwen/Qwen2.5-Coder-7B-Instruct,None
2630,Pie,Easy,5.9779,17.9336,3,0.3333333333333333,0.0,0.0,0.0,0.0,0.0,0.0,0.0,0.3333333333333333,0.0,0.6666666666666666,0.0,0.0,False,Qwen/Qwen2.5-Coder-7B-Instruct,None
2630,Pie,Easy,5.9779,17.9336,3,0.3333333333333333,0.0,0.0,0.0,0.0,0.0,0.0,0.0,0.3333333333333333,0.0,0.6666666666666666,0.0,0.0,False,Qwen/Qwen2.5-Coder-7B-Instruct,None
2631,Bar,Easy,0.4063,1.2188,3,0.0,0.0,0.0,0.0,0.0,0.0,0.0,0.0,0.0,0.0,1.0,0.0,0.0,False,Qwen/Qwen2.5-Coder-7B-Instruct,None
2631,Bar,Easy,0.4063,1.2188,3,0.0,0.0,0.0,0.0,0.0,0.0,0.0,0.0,0.0,0.0,1.0,0.0,0.0,False,Qwen/Qwen2.5-Coder-7B-Instruct,None
2631,Bar,Easy,0.4063,1.2188,3,0.0,0.0,0.0,0.0,0.0,0.0,0.0,0.0,0.0,0.0,1.0,0.0,0.0,False,Qwen/Qwen2.5-Coder-7B-Instruct,None
2633,Scatter,Medium,5.3338,5.3338,1,0.0,0.0,0.0,0.0,1.0,0.0,0.0,0.0,0.0,1.0,0.0,,0.0,False,Qwen/Qwen2.5-Coder-7B-Instruct,None
2633,Scatter,Medium,5.3338,5.3338,1,0.0,0.0,0.0,0.0,1.0,0.0,0.0,0.0,0.0,1.0,0.0,,0.0,False,Qwen/Qwen2.5-Coder-7B-Instruct,None
2633,Scatter,Medium,5.3338,5.3338,1,0.0,0.0,0.0,0.0,1.0,0.0,0.0,0.0,0.0,1.0,0.0,,0.0,False,Qwen/Qwen2.5-Coder-7B-Instruct,None
2634,Grouping Scatter,Medium,0.5401,0.5401,1,0.0,0.0,0.0,0.0,0.0,0.0,0.0,0.0,0.0,0.0,1.0,0.0,0.0,False,Qwen/Qwen2.5-Coder-7B-Instruct,None
2634,Grouping Scatter,Medium,0.5401,0.5401,1,0.0,0.0,0.0,0.0,0.0,0.0,0.0,0.0,0.0,0.0,1.0,0.0,0.0,False,Qwen/Qwen2.5-Coder-7B-Instruct,None
2634,Grouping Scatter,Medium,0.5401,0.5401,1,0.0,0.0,0.0,0.0,0.0,0.0,0.0,0.0,0.0,0.0,1.0,0.0,0.0,False,Qwen/Qwen2.5-Coder-7B-Instruct,None
2635,Pie,Medium,15.4659,15.4659,1,0.0,0.0,0.0,0.0,1.0,0.0,0.0,0.0,0.0,1.0,0.0,,0.0,True,Qwen/Qwen2.5-Coder-7B-Instruct,None
2635,Pie,Medium,15.4659,15.4659,1,0.0,0.0,0.0,0.0,1.0,0.0,0.0,0.0,0.0,1.0,0.0,,0.0,True,Qwen/Qwen2.5-Coder-7B-Instruct,None
2635,Pie,Medium,15.4659,15.4659,1,0.0,0.0,0.0,0.0,1.0,0.0,0.0,0.0,0.0,1.0,0.0,,0.0,True,Qwen/Qwen2.5-Coder-7B-Instruct,None
2637,Bar,Easy,0.3706,0.7412,2,0.0,0.0,0.0,0.0,0.0,0.0,0.0,0.0,0.0,0.0,1.0,0.0,0.0,False,Qwen/Qwen2.5-Coder-7B-Instruct,None
2637,Bar,Easy,0.3706,0.7412,2,0.0,0.0,0.0,0.0,0.0,0.0,0.0,0.0,0.0,0.0,1.0,0.0,0.0,False,Qwen/Qwen2.5-Coder-7B-Instruct,None
2637,Bar,Easy,0.3706,0.7412,2,0.0,0.0,0.0,0.0,0.0,0.0,0.0,0.0,0.0,0.0,1.0,0.0,0.0,False,Qwen/Qwen2.5-Coder-7B-Instruct,None
2638,Bar,Easy,0.4569,0.9138,2,0.0,0.0,0.0,0.0,0.5,0.0,0.0,0.0,0.0,0.5,0.5,0.0,0.0,False,Qwen/Qwen2.5-Coder-7B-Instruct,None
2638,Bar,Easy,0.4569,0.9138,2,0.0,0.0,0.0,0.0,0.5,0.0,0.0,0.0,0.0,0.5,0.5,0.0,0.0,False,Qwen/Qwen2.5-Coder-7B-Instruct,None
2638,Bar,Easy,0.4569,0.9138,2,0.0,0.0,0.0,0.0,0.5,0.0,0.0,0.0,0.0,0.5,0.5,0.0,0.0,False,Qwen/Qwen2.5-Coder-7B-Instruct,None
2640,Bar,Medium,0.9141,0.9141,1,0.0,0.0,0.0,0.0,0.0,0.0,0.0,0.0,0.0,0.0,1.0,0.0,0.0,True,Qwen/Qwen2.5-Coder-7B-Instruct,None
2640,Bar,Medium,0.9141,0.9141,1,0.0,0.0,0.0,0.0,0.0,0.0,0.0,0.0,0.0,0.0,1.0,0.0,0.0,True,Qwen/Qwen2.5-Coder-7B-Instruct,None
2640,Bar,Medium,0.9141,0.9141,1,0.0,0.0,0.0,0.0,0.0,0.0,0.0,0.0,0.0,0.0,1.0,0.0,0.0,True,Qwen/Qwen2.5-Coder-7B-Instruct,None
2641,Bar,Medium,0.7073,3.5364,5,0.0,0.0,0.0,0.0,0.0,0.0,0.0,0.0,0.0,0.0,1.0,0.0,0.0,True,Qwen/Qwen2.5-Coder-7B-Instruct,None
2641,Bar,Medium,0.7073,3.5364,5,0.0,0.0,0.0,0.0,0.0,0.0,0.0,0.0,0.0,0.0,1.0,0.0,0.0,True,Qwen/Qwen2.5-Coder-7B-Instruct,None
2641,Bar,Medium,0.7073,3.5364,5,0.0,0.0,0.0,0.0,0.0,0.0,0.0,0.0,0.0,0.0,1.0,0.0,0.0,True,Qwen/Qwen2.5-Coder-7B-Instruct,None
2642,Pie,Easy,0.3385,0.677,2,0.0,0.0,0.0,0.0,0.0,0.0,0.0,0.0,0.0,0.0,1.0,0.0,0.0,False,Qwen/Qwen2.5-Coder-7B-Instruct,None
2642,Pie,Easy,0.3385,0.677,2,0.0,0.0,0.0,0.0,0.0,0.0,0.0,0.0,0.0,0.0,1.0,0.0,0.0,False,Qwen/Qwen2.5-Coder-7B-Instruct,None
2642,Pie,Easy,0.3385,0.677,2,0.0,0.0,0.0,0.0,0.0,0.0,0.0,0.0,0.0,0.0,1.0,0.0,0.0,False,Qwen/Qwen2.5-Coder-7B-Instruct,None
2645,Pie,Easy,0.444,0.888,2,0.0,0.0,0.0,0.0,0.0,0.0,0.0,0.0,0.0,0.0,1.0,0.0,0.0,False,Qwen/Qwen2.5-Coder-7B-Instruct,None
2645,Pie,Easy,0.444,0.888,2,0.0,0.0,0.0,0.0,0.0,0.0,0.0,0.0,0.0,0.0,1.0,0.0,0.0,False,Qwen/Qwen2.5-Coder-7B-Instruct,None
2645,Pie,Easy,0.444,0.888,2,0.0,0.0,0.0,0.0,0.0,0.0,0.0,0.0,0.0,0.0,1.0,0.0,0.0,False,Qwen/Qwen2.5-Coder-7B-Instruct,None
2646,Bar,Medium,0.5458,2.1834,4,0.0,0.0,0.0,0.0,0.0,0.0,0.0,0.0,0.0,0.0,1.0,0.0,0.0,False,Qwen/Qwen2.5-Coder-7B-Instruct,None
2646,Bar,Medium,0.5458,2.1834,4,0.0,0.0,0.0,0.0,0.0,0.0,0.0,0.0,0.0,0.0,1.0,0.0,0.0,False,Qwen/Qwen2.5-Coder-7B-Instruct,None
2646,Bar,Medium,0.5458,2.1834,4,0.0,0.0,0.0,0.0,0.0,0.0,0.0,0.0,0.0,0.0,1.0,0.0,0.0,False,Qwen/Qwen2.5-Coder-7B-Instruct,None
2652,Bar,Medium,0.4743,0.9487,2,0.0,0.0,0.0,0.0,0.0,0.0,0.0,0.0,0.0,0.0,1.0,0.0,0.0,False,Qwen/Qwen2.5-Coder-7B-Instruct,None
2652,Bar,Medium,0.4743,0.9487,2,0.0,0.0,0.0,0.0,0.0,0.0,0.0,0.0,0.0,0.0,1.0,0.0,0.0,False,Qwen/Qwen2.5-Coder-7B-Instruct,None
2652,Bar,Medium,0.4743,0.9487,2,0.0,0.0,0.0,0.0,0.0,0.0,0.0,0.0,0.0,0.0,1.0,0.0,0.0,False,Qwen/Qwen2.5-Coder-7B-Instruct,None
2656,Pie,Hard,0.55,1.1,2,0.0,0.0,0.0,0.0,0.0,0.0,0.0,0.0,0.0,0.0,1.0,0.0,0.0,False,Qwen/Qwen2.5-Coder-7B-Instruct,None
2656,Pie,Hard,0.55,1.1,2,0.0,0.0,0.0,0.0,0.0,0.0,0.0,0.0,0.0,0.0,1.0,0.0,0.0,False,Qwen/Qwen2.5-Coder-7B-Instruct,None
2656,Pie,Hard,0.55,1.1,2,0.0,0.0,0.0,0.0,0.0,0.0,0.0,0.0,0.0,0.0,1.0,0.0,0.0,False,Qwen/Qwen2.5-Coder-7B-Instruct,None
2657,Bar,Hard,0.5746,1.1492,2,0.0,0.0,0.0,0.0,0.0,0.0,0.0,0.0,0.0,0.0,1.0,0.0,0.0,False,Qwen/Qwen2.5-Coder-7B-Instruct,None
2657,Bar,Hard,0.5746,1.1492,2,0.0,0.0,0.0,0.0,0.0,0.0,0.0,0.0,0.0,0.0,1.0,0.0,0.0,False,Qwen/Qwen2.5-Coder-7B-Instruct,None
2657,Bar,Hard,0.5746,1.1492,2,0.0,0.0,0.0,0.0,0.0,0.0,0.0,0.0,0.0,0.0,1.0,0.0,0.0,False,Qwen/Qwen2.5-Coder-7B-Instruct,None
2693,Pie,Medium,0.7047,1.4094,2,0.0,0.0,0.0,0.0,0.0,0.0,0.0,0.0,0.0,0.0,1.0,0.0,0.0,True,Qwen/Qwen2.5-Coder-7B-Instruct,None
2693,Pie,Medium,0.7047,1.4094,2,0.0,0.0,0.0,0.0,0.0,0.0,0.0,0.0,0.0,0.0,1.0,0.0,0.0,True,Qwen/Qwen2.5-Coder-7B-Instruct,None
2693,Pie,Medium,0.7047,1.4094,2,0.0,0.0,0.0,0.0,0.0,0.0,0.0,0.0,0.0,0.0,1.0,0.0,0.0,True,Qwen/Qwen2.5-Coder-7B-Instruct,None
2694,Bar,Medium,0.8487,0.8487,1,0.0,0.0,0.0,0.0,0.0,0.0,0.0,0.0,0.0,0.0,1.0,0.0,0.0,True,Qwen/Qwen2.5-Coder-7B-Instruct,None
2694,Bar,Medium,0.8487,0.8487,1,0.0,0.0,0.0,0.0,0.0,0.0,0.0,0.0,0.0,0.0,1.0,0.0,0.0,True,Qwen/Qwen2.5-Coder-7B-Instruct,None
2694,Bar,Medium,0.8487,0.8487,1,0.0,0.0,0.0,0.0,0.0,0.0,0.0,0.0,0.0,0.0,1.0,0.0,0.0,True,Qwen/Qwen2.5-Coder-7B-Instruct,None
2695,Pie,Easy,0.3858,1.1574,3,0.0,0.0,0.0,0.0,0.0,0.0,0.0,0.0,0.0,0.0,1.0,0.0,0.0,False,Qwen/Qwen2.5-Coder-7B-Instruct,None
2695,Pie,Easy,0.3858,1.1574,3,0.0,0.0,0.0,0.0,0.0,0.0,0.0,0.0,0.0,0.0,1.0,0.0,0.0,False,Qwen/Qwen2.5-Coder-7B-Instruct,None
2695,Pie,Easy,0.3858,1.1574,3,0.0,0.0,0.0,0.0,0.0,0.0,0.0,0.0,0.0,0.0,1.0,0.0,0.0,False,Qwen/Qwen2.5-Coder-7B-Instruct,None
2703,Bar,Medium,0.5835,1.1671,2,0.0,0.0,0.0,0.0,0.0,0.0,0.0,0.0,0.0,0.0,1.0,0.0,0.0,False,Qwen/Qwen2.5-Coder-7B-Instruct,None
2703,Bar,Medium,0.5835,1.1671,2,0.0,0.0,0.0,0.0,0.0,0.0,0.0,0.0,0.0,0.0,1.0,0.0,0.0,False,Qwen/Qwen2.5-Coder-7B-Instruct,None
2703,Bar,Medium,0.5835,1.1671,2,0.0,0.0,0.0,0.0,0.0,0.0,0.0,0.0,0.0,0.0,1.0,0.0,0.0,False,Qwen/Qwen2.5-Coder-7B-Instruct,None
2705,Pie,Easy,0.5382,1.6146,3,0.0,0.0,0.0,0.0,0.3333333333333333,0.0,0.0,0.0,0.0,0.3333333333333333,0.6666666666666666,0.0,0.0,False,Qwen/Qwen2.5-Coder-7B-Instruct,None
2705,Pie,Easy,0.5382,1.6146,3,0.0,0.0,0.0,0.0,0.3333333333333333,0.0,0.0,0.0,0.0,0.3333333333333333,0.6666666666666666,0.0,0.0,False,Qwen/Qwen2.5-Coder-7B-Instruct,None
2705,Pie,Easy,0.5382,1.6146,3,0.0,0.0,0.0,0.0,0.3333333333333333,0.0,0.0,0.0,0.0,0.3333333333333333,0.6666666666666666,0.0,0.0,False,Qwen/Qwen2.5-Coder-7B-Instruct,None
2708,Scatter,Medium,9.9493,19.8985,2,0.5,0.5,0.0,0.0,0.0,0.0,0.0,0.0,1.0,0.0,0.0,,0.0,False,Qwen/Qwen2.5-Coder-7B-Instruct,None
2708,Scatter,Medium,9.9493,19.8985,2,0.5,0.5,0.0,0.0,0.0,0.0,0.0,0.0,1.0,0.0,0.0,,0.0,False,Qwen/Qwen2.5-Coder-7B-Instruct,None
2708,Scatter,Medium,9.9493,19.8985,2,0.5,0.5,0.0,0.0,0.0,0.0,0.0,0.0,1.0,0.0,0.0,,0.0,False,Qwen/Qwen2.5-Coder-7B-Instruct,None
2709,Grouping Scatter,Medium,10.7929,32.3787,3,0.6666666666666666,0.0,0.0,0.0,0.0,0.0,0.0,0.0,0.6666666666666666,0.0,0.3333333333333333,0.0,0.0,False,Qwen/Qwen2.5-Coder-7B-Instruct,None
2709,Grouping Scatter,Medium,10.7929,32.3787,3,0.6666666666666666,0.0,0.0,0.0,0.0,0.0,0.0,0.0,0.6666666666666666,0.0,0.3333333333333333,0.0,0.0,False,Qwen/Qwen2.5-Coder-7B-Instruct,None
2709,Grouping Scatter,Medium,10.7929,32.3787,3,0.6666666666666666,0.0,0.0,0.0,0.0,0.0,0.0,0.0,0.6666666666666666,0.0,0.3333333333333333,0.0,0.0,False,Qwen/Qwen2.5-Coder-7B-Instruct,None
2724,Bar,Easy,0.3964,0.7928,2,0.0,0.0,0.0,0.0,0.0,0.0,0.0,0.0,0.0,0.0,1.0,0.0,0.0,False,Qwen/Qwen2.5-Coder-7B-Instruct,None
2724,Bar,Easy,0.3964,0.7928,2,0.0,0.0,0.0,0.0,0.0,0.0,0.0,0.0,0.0,0.0,1.0,0.0,0.0,False,Qwen/Qwen2.5-Coder-7B-Instruct,None
2724,Bar,Easy,0.3964,0.7928,2,0.0,0.0,0.0,0.0,0.0,0.0,0.0,0.0,0.0,0.0,1.0,0.0,0.0,False,Qwen/Qwen2.5-Coder-7B-Instruct,None
2734,Pie,Medium,4.55,9.1001,2,0.0,0.0,0.0,0.0,1.0,0.0,0.0,0.0,0.0,1.0,0.0,,0.0,False,Qwen/Qwen2.5-Coder-7B-Instruct,None
2734,Pie,Medium,4.55,9.1001,2,0.0,0.0,0.0,0.0,1.0,0.0,0.0,0.0,0.0,1.0,0.0,,0.0,False,Qwen/Qwen2.5-Coder-7B-Instruct,None
2734,Pie,Medium,4.55,9.1001,2,0.0,0.0,0.0,0.0,1.0,0.0,0.0,0.0,0.0,1.0,0.0,,0.0,False,Qwen/Qwen2.5-Coder-7B-Instruct,None
2736,Pie,Medium,0.4315,1.726,4,0.0,0.0,0.0,0.0,0.0,0.0,0.0,0.0,0.0,0.0,1.0,0.0,0.0,False,Qwen/Qwen2.5-Coder-7B-Instruct,None
2736,Pie,Medium,0.4315,1.726,4,0.0,0.0,0.0,0.0,0.0,0.0,0.0,0.0,0.0,0.0,1.0,0.0,0.0,False,Qwen/Qwen2.5-Coder-7B-Instruct,None
2736,Pie,Medium,0.4315,1.726,4,0.0,0.0,0.0,0.0,0.0,0.0,0.0,0.0,0.0,0.0,1.0,0.0,0.0,False,Qwen/Qwen2.5-Coder-7B-Instruct,None
2743,Scatter,Easy,12.4991,12.4991,1,1.0,0.0,0.0,0.0,0.0,0.0,0.0,0.0,1.0,0.0,0.0,,0.0,False,Qwen/Qwen2.5-Coder-7B-Instruct,None
2743,Scatter,Easy,12.4991,12.4991,1,1.0,0.0,0.0,0.0,0.0,0.0,0.0,0.0,1.0,0.0,0.0,,0.0,False,Qwen/Qwen2.5-Coder-7B-Instruct,None
2743,Scatter,Easy,12.4991,12.4991,1,1.0,0.0,0.0,0.0,0.0,0.0,0.0,0.0,1.0,0.0,0.0,,0.0,False,Qwen/Qwen2.5-Coder-7B-Instruct,None
2745,Grouping Scatter,Easy,0.5254,0.5254,1,0.0,0.0,0.0,0.0,0.0,0.0,0.0,0.0,0.0,0.0,1.0,0.0,0.0,False,Qwen/Qwen2.5-Coder-7B-Instruct,None
2745,Grouping Scatter,Easy,0.5254,0.5254,1,0.0,0.0,0.0,0.0,0.0,0.0,0.0,0.0,0.0,0.0,1.0,0.0,0.0,False,Qwen/Qwen2.5-Coder-7B-Instruct,None
2745,Grouping Scatter,Easy,0.5254,0.5254,1,0.0,0.0,0.0,0.0,0.0,0.0,0.0,0.0,0.0,0.0,1.0,0.0,0.0,False,Qwen/Qwen2.5-Coder-7B-Instruct,None
2748,Pie,Medium,0.5343,1.0686,2,0.0,0.0,0.0,0.0,0.0,0.0,0.0,0.0,0.0,0.0,1.0,0.0,0.0,False,Qwen/Qwen2.5-Coder-7B-Instruct,None
2748,Pie,Medium,0.5343,1.0686,2,0.0,0.0,0.0,0.0,0.0,0.0,0.0,0.0,0.0,0.0,1.0,0.0,0.0,False,Qwen/Qwen2.5-Coder-7B-Instruct,None
2748,Pie,Medium,0.5343,1.0686,2,0.0,0.0,0.0,0.0,0.0,0.0,0.0,0.0,0.0,0.0,1.0,0.0,0.0,False,Qwen/Qwen2.5-Coder-7B-Instruct,None
2749,Bar,Medium,0.5555,0.5555,1,0.0,0.0,0.0,0.0,0.0,0.0,0.0,0.0,0.0,0.0,1.0,0.0,0.0,False,Qwen/Qwen2.5-Coder-7B-Instruct,None
2749,Bar,Medium,0.5555,0.5555,1,0.0,0.0,0.0,0.0,0.0,0.0,0.0,0.0,0.0,0.0,1.0,0.0,0.0,False,Qwen/Qwen2.5-Coder-7B-Instruct,None
2749,Bar,Medium,0.5555,0.5555,1,0.0,0.0,0.0,0.0,0.0,0.0,0.0,0.0,0.0,0.0,1.0,0.0,0.0,False,Qwen/Qwen2.5-Coder-7B-Instruct,None
2750,Stacked Bar,Hard,0.5333,1.0666,2,0.0,0.0,0.0,0.0,0.0,0.0,0.0,0.0,0.0,0.0,1.0,0.0,0.0,False,Qwen/Qwen2.5-Coder-7B-Instruct,None
2750,Stacked Bar,Hard,0.5333,1.0666,2,0.0,0.0,0.0,0.0,0.0,0.0,0.0,0.0,0.0,0.0,1.0,0.0,0.0,False,Qwen/Qwen2.5-Coder-7B-Instruct,None
2750,Stacked Bar,Hard,0.5333,1.0666,2,0.0,0.0,0.0,0.0,0.0,0.0,0.0,0.0,0.0,0.0,1.0,0.0,0.0,False,Qwen/Qwen2.5-Coder-7B-Instruct,None
2752,Pie,Easy,0.3402,1.0205,3,0.0,0.0,0.0,0.0,1.0,0.0,0.0,0.0,0.0,1.0,0.0,,0.0,False,Qwen/Qwen2.5-Coder-7B-Instruct,None
2752,Pie,Easy,0.3402,1.0205,3,0.0,0.0,0.0,0.0,1.0,0.0,0.0,0.0,0.0,1.0,0.0,,0.0,False,Qwen/Qwen2.5-Coder-7B-Instruct,None
2752,Pie,Easy,0.3402,1.0205,3,0.0,0.0,0.0,0.0,1.0,0.0,0.0,0.0,0.0,1.0,0.0,,0.0,False,Qwen/Qwen2.5-Coder-7B-Instruct,None
2757,Pie,Easy,0.348,0.696,2,0.0,0.0,0.0,0.0,0.0,0.0,0.0,0.0,0.0,0.0,1.0,0.0,0.0,False,Qwen/Qwen2.5-Coder-7B-Instruct,None
2757,Pie,Easy,0.348,0.696,2,0.0,0.0,0.0,0.0,0.0,0.0,0.0,0.0,0.0,0.0,1.0,0.0,0.0,False,Qwen/Qwen2.5-Coder-7B-Instruct,None
2757,Pie,Easy,0.348,0.696,2,0.0,0.0,0.0,0.0,0.0,0.0,0.0,0.0,0.0,0.0,1.0,0.0,0.0,False,Qwen/Qwen2.5-Coder-7B-Instruct,None
2759,Pie,Easy,0.3555,1.0665,3,0.0,0.0,0.0,0.0,1.0,0.0,0.0,0.0,0.0,1.0,0.0,,0.0,False,Qwen/Qwen2.5-Coder-7B-Instruct,None
2759,Pie,Easy,0.3555,1.0665,3,0.0,0.0,0.0,0.0,1.0,0.0,0.0,0.0,0.0,1.0,0.0,,0.0,False,Qwen/Qwen2.5-Coder-7B-Instruct,None
2759,Pie,Easy,0.3555,1.0665,3,0.0,0.0,0.0,0.0,1.0,0.0,0.0,0.0,0.0,1.0,0.0,,0.0,False,Qwen/Qwen2.5-Coder-7B-Instruct,None
2764,Pie,Easy,2.0556,6.1669,3,0.0,0.0,0.0,0.0,0.0,0.0,0.0,0.0,0.0,0.0,1.0,0.0,0.0,False,Qwen/Qwen2.5-Coder-7B-Instruct,None
2764,Pie,Easy,2.0556,6.1669,3,0.0,0.0,0.0,0.0,0.0,0.0,0.0,0.0,0.0,0.0,1.0,0.0,0.0,False,Qwen/Qwen2.5-Coder-7B-Instruct,None
2764,Pie,Easy,2.0556,6.1669,3,0.0,0.0,0.0,0.0,0.0,0.0,0.0,0.0,0.0,0.0,1.0,0.0,0.0,False,Qwen/Qwen2.5-Coder-7B-Instruct,None
2767,Pie,Easy,0.3503,0.3503,1,0.0,0.0,0.0,0.0,0.0,0.0,0.0,0.0,0.0,0.0,1.0,0.0,0.0,False,Qwen/Qwen2.5-Coder-7B-Instruct,None
2767,Pie,Easy,0.3503,0.3503,1,0.0,0.0,0.0,0.0,0.0,0.0,0.0,0.0,0.0,0.0,1.0,0.0,0.0,False,Qwen/Qwen2.5-Coder-7B-Instruct,None
2767,Pie,Easy,0.3503,0.3503,1,0.0,0.0,0.0,0.0,0.0,0.0,0.0,0.0,0.0,0.0,1.0,0.0,0.0,False,Qwen/Qwen2.5-Coder-7B-Instruct,None
2775,Pie,Easy,0.4367,1.3101,3,0.0,0.0,0.0,0.0,0.0,0.0,0.0,0.0,0.0,0.0,1.0,0.0,0.0,False,Qwen/Qwen2.5-Coder-7B-Instruct,None
2775,Pie,Easy,0.4367,1.3101,3,0.0,0.0,0.0,0.0,0.0,0.0,0.0,0.0,0.0,0.0,1.0,0.0,0.0,False,Qwen/Qwen2.5-Coder-7B-Instruct,None
2775,Pie,Easy,0.4367,1.3101,3,0.0,0.0,0.0,0.0,0.0,0.0,0.0,0.0,0.0,0.0,1.0,0.0,0.0,False,Qwen/Qwen2.5-Coder-7B-Instruct,None
2780,Bar,Extra Hard,163.9927,163.9927,1,1.0,0.0,0.0,0.0,0.0,0.0,0.0,0.0,1.0,0.0,0.0,,0.0,True,Qwen/Qwen2.5-Coder-7B-Instruct,None
2780,Bar,Extra Hard,163.9927,163.9927,1,1.0,0.0,0.0,0.0,0.0,0.0,0.0,0.0,1.0,0.0,0.0,,0.0,True,Qwen/Qwen2.5-Coder-7B-Instruct,None
2780,Bar,Extra Hard,163.9927,163.9927,1,1.0,0.0,0.0,0.0,0.0,0.0,0.0,0.0,1.0,0.0,0.0,,0.0,True,Qwen/Qwen2.5-Coder-7B-Instruct,None
2781,Grouping Line,Extra Hard,10.4081,10.4081,1,0.0,1.0,0.0,0.0,0.0,0.0,0.0,0.0,1.0,0.0,0.0,,0.0,True,Qwen/Qwen2.5-Coder-7B-Instruct,None
2781,Grouping Line,Extra Hard,10.4081,10.4081,1,0.0,1.0,0.0,0.0,0.0,0.0,0.0,0.0,1.0,0.0,0.0,,0.0,True,Qwen/Qwen2.5-Coder-7B-Instruct,None
2781,Grouping Line,Extra Hard,10.4081,10.4081,1,0.0,1.0,0.0,0.0,0.0,0.0,0.0,0.0,1.0,0.0,0.0,,0.0,True,Qwen/Qwen2.5-Coder-7B-Instruct,None
2782,Line,Extra Hard,3.2806,3.2806,1,0.0,0.0,0.0,0.0,1.0,0.0,0.0,0.0,0.0,1.0,0.0,,0.0,True,Qwen/Qwen2.5-Coder-7B-Instruct,None
2782,Line,Extra Hard,3.2806,3.2806,1,0.0,0.0,0.0,0.0,1.0,0.0,0.0,0.0,0.0,1.0,0.0,,0.0,True,Qwen/Qwen2.5-Coder-7B-Instruct,None
2782,Line,Extra Hard,3.2806,3.2806,1,0.0,0.0,0.0,0.0,1.0,0.0,0.0,0.0,0.0,1.0,0.0,,0.0,True,Qwen/Qwen2.5-Coder-7B-Instruct,None
2785,Pie,Hard,0.805,2.415,3,0.0,0.0,0.0,0.0,0.0,0.0,0.0,0.0,0.0,0.0,1.0,0.0,0.0,True,Qwen/Qwen2.5-Coder-7B-Instruct,None
2785,Pie,Hard,0.805,2.415,3,0.0,0.0,0.0,0.0,0.0,0.0,0.0,0.0,0.0,0.0,1.0,0.0,0.0,True,Qwen/Qwen2.5-Coder-7B-Instruct,None
2785,Pie,Hard,0.805,2.415,3,0.0,0.0,0.0,0.0,0.0,0.0,0.0,0.0,0.0,0.0,1.0,0.0,0.0,True,Qwen/Qwen2.5-Coder-7B-Instruct,None
2787,Pie,Easy,10.5714,21.1427,2,0.5,0.0,0.0,0.0,0.0,0.0,0.0,0.0,0.5,0.0,0.5,0.0,0.0,True,Qwen/Qwen2.5-Coder-7B-Instruct,None
2787,Pie,Easy,10.5714,21.1427,2,0.5,0.0,0.0,0.0,0.0,0.0,0.0,0.0,0.5,0.0,0.5,0.0,0.0,True,Qwen/Qwen2.5-Coder-7B-Instruct,None
2787,Pie,Easy,10.5714,21.1427,2,0.5,0.0,0.0,0.0,0.0,0.0,0.0,0.0,0.5,0.0,0.5,0.0,0.0,True,Qwen/Qwen2.5-Coder-7B-Instruct,None
2795,Pie,Medium,0.8272,2.4815,3,0.0,0.0,0.0,0.0,0.6666666666666666,0.0,0.0,0.0,0.0,0.6666666666666666,0.3333333333333333,0.0,0.0,True,Qwen/Qwen2.5-Coder-7B-Instruct,None
2795,Pie,Medium,0.8272,2.4815,3,0.0,0.0,0.0,0.0,0.6666666666666666,0.0,0.0,0.0,0.0,0.6666666666666666,0.3333333333333333,0.0,0.0,True,Qwen/Qwen2.5-Coder-7B-Instruct,None
2795,Pie,Medium,0.8272,2.4815,3,0.0,0.0,0.0,0.0,0.6666666666666666,0.0,0.0,0.0,0.0,0.6666666666666666,0.3333333333333333,0.0,0.0,True,Qwen/Qwen2.5-Coder-7B-Instruct,None
2799,Pie,Easy,6.5188,13.0376,2,0.5,0.0,0.0,0.0,0.0,0.0,0.0,0.0,0.5,0.0,0.5,0.0,0.0,False,Qwen/Qwen2.5-Coder-7B-Instruct,None
2799,Pie,Easy,6.5188,13.0376,2,0.5,0.0,0.0,0.0,0.0,0.0,0.0,0.0,0.5,0.0,0.5,0.0,0.0,False,Qwen/Qwen2.5-Coder-7B-Instruct,None
2799,Pie,Easy,6.5188,13.0376,2,0.5,0.0,0.0,0.0,0.0,0.0,0.0,0.0,0.5,0.0,0.5,0.0,0.0,False,Qwen/Qwen2.5-Coder-7B-Instruct,None
2802,Bar,Medium,0.5005,2.0022,4,0.0,0.0,0.0,0.0,0.0,0.0,0.0,0.0,0.0,0.0,1.0,0.0,0.0,False,Qwen/Qwen2.5-Coder-7B-Instruct,None
2802,Bar,Medium,0.5005,2.0022,4,0.0,0.0,0.0,0.0,0.0,0.0,0.0,0.0,0.0,0.0,1.0,0.0,0.0,False,Qwen/Qwen2.5-Coder-7B-Instruct,None
2802,Bar,Medium,0.5005,2.0022,4,0.0,0.0,0.0,0.0,0.0,0.0,0.0,0.0,0.0,0.0,1.0,0.0,0.0,False,Qwen/Qwen2.5-Coder-7B-Instruct,None
2804,Pie,Medium,0.6719,1.3439,2,0.0,0.0,0.0,0.0,1.0,0.0,0.0,0.0,0.0,1.0,0.0,,0.0,False,Qwen/Qwen2.5-Coder-7B-Instruct,None
2804,Pie,Medium,0.6719,1.3439,2,0.0,0.0,0.0,0.0,1.0,0.0,0.0,0.0,0.0,1.0,0.0,,0.0,False,Qwen/Qwen2.5-Coder-7B-Instruct,None
2804,Pie,Medium,0.6719,1.3439,2,0.0,0.0,0.0,0.0,1.0,0.0,0.0,0.0,0.0,1.0,0.0,,0.0,False,Qwen/Qwen2.5-Coder-7B-Instruct,None
2806,Pie,Easy,0.4151,0.8301,2,0.0,0.0,0.0,0.0,0.0,0.0,0.0,0.0,0.0,0.0,1.0,0.0,0.0,False,Qwen/Qwen2.5-Coder-7B-Instruct,None
2806,Pie,Easy,0.4151,0.8301,2,0.0,0.0,0.0,0.0,0.0,0.0,0.0,0.0,0.0,0.0,1.0,0.0,0.0,False,Qwen/Qwen2.5-Coder-7B-Instruct,None
2806,Pie,Easy,0.4151,0.8301,2,0.0,0.0,0.0,0.0,0.0,0.0,0.0,0.0,0.0,0.0,1.0,0.0,0.0,False,Qwen/Qwen2.5-Coder-7B-Instruct,None
2807,Bar,Easy,0.4617,1.3851,3,0.0,0.0,0.0,0.0,0.0,0.0,0.0,0.0,0.0,0.0,1.0,0.0,0.0,False,Qwen/Qwen2.5-Coder-7B-Instruct,None
2807,Bar,Easy,0.4617,1.3851,3,0.0,0.0,0.0,0.0,0.0,0.0,0.0,0.0,0.0,0.0,1.0,0.0,0.0,False,Qwen/Qwen2.5-Coder-7B-Instruct,None
2807,Bar,Easy,0.4617,1.3851,3,0.0,0.0,0.0,0.0,0.0,0.0,0.0,0.0,0.0,0.0,1.0,0.0,0.0,False,Qwen/Qwen2.5-Coder-7B-Instruct,None
2808,Bar,Hard,1.0057,2.0113,2,0.0,0.0,0.0,0.0,0.5,0.0,0.0,0.0,0.0,0.5,0.5,0.0,0.0,True,Qwen/Qwen2.5-Coder-7B-Instruct,None
2808,Bar,Hard,1.0057,2.0113,2,0.0,0.0,0.0,0.0,0.5,0.0,0.0,0.0,0.0,0.5,0.5,0.0,0.0,True,Qwen/Qwen2.5-Coder-7B-Instruct,None
2808,Bar,Hard,1.0057,2.0113,2,0.0,0.0,0.0,0.0,0.5,0.0,0.0,0.0,0.0,0.5,0.5,0.0,0.0,True,Qwen/Qwen2.5-Coder-7B-Instruct,None
2809,Pie,Easy,0.4231,0.4231,1,0.0,0.0,0.0,0.0,0.0,0.0,0.0,0.0,0.0,0.0,1.0,0.0,0.0,False,Qwen/Qwen2.5-Coder-7B-Instruct,None
2809,Pie,Easy,0.4231,0.4231,1,0.0,0.0,0.0,0.0,0.0,0.0,0.0,0.0,0.0,0.0,1.0,0.0,0.0,False,Qwen/Qwen2.5-Coder-7B-Instruct,None
2809,Pie,Easy,0.4231,0.4231,1,0.0,0.0,0.0,0.0,0.0,0.0,0.0,0.0,0.0,0.0,1.0,0.0,0.0,False,Qwen/Qwen2.5-Coder-7B-Instruct,None
2810,Bar,Easy,0.5133,1.0266,2,0.0,0.0,0.0,0.0,0.5,0.0,0.0,0.0,0.0,0.5,0.5,0.0,0.0,False,Qwen/Qwen2.5-Coder-7B-Instruct,None
2810,Bar,Easy,0.5133,1.0266,2,0.0,0.0,0.0,0.0,0.5,0.0,0.0,0.0,0.0,0.5,0.5,0.0,0.0,False,Qwen/Qwen2.5-Coder-7B-Instruct,None
2810,Bar,Easy,0.5133,1.0266,2,0.0,0.0,0.0,0.0,0.5,0.0,0.0,0.0,0.0,0.5,0.5,0.0,0.0,False,Qwen/Qwen2.5-Coder-7B-Instruct,None
2817,Pie,Medium,0.4951,0.4951,1,0.0,0.0,0.0,0.0,1.0,0.0,0.0,0.0,0.0,1.0,0.0,,0.0,False,Qwen/Qwen2.5-Coder-7B-Instruct,None
2817,Pie,Medium,0.4951,0.4951,1,0.0,0.0,0.0,0.0,1.0,0.0,0.0,0.0,0.0,1.0,0.0,,0.0,False,Qwen/Qwen2.5-Coder-7B-Instruct,None
2817,Pie,Medium,0.4951,0.4951,1,0.0,0.0,0.0,0.0,1.0,0.0,0.0,0.0,0.0,1.0,0.0,,0.0,False,Qwen/Qwen2.5-Coder-7B-Instruct,None
2818,Bar,Medium,0.5335,1.067,2,0.0,0.0,0.0,0.0,0.0,0.0,0.0,0.0,0.0,0.0,1.0,0.0,0.0,False,Qwen/Qwen2.5-Coder-7B-Instruct,None
2818,Bar,Medium,0.5335,1.067,2,0.0,0.0,0.0,0.0,0.0,0.0,0.0,0.0,0.0,0.0,1.0,0.0,0.0,False,Qwen/Qwen2.5-Coder-7B-Instruct,None
2818,Bar,Medium,0.5335,1.067,2,0.0,0.0,0.0,0.0,0.0,0.0,0.0,0.0,0.0,0.0,1.0,0.0,0.0,False,Qwen/Qwen2.5-Coder-7B-Instruct,None
2820,Bar,Easy,0.4145,2.4868,6,0.0,0.0,0.0,0.0,0.0,0.0,0.0,0.0,0.0,0.0,1.0,0.0,0.0,False,Qwen/Qwen2.5-Coder-7B-Instruct,None
2820,Bar,Easy,0.4145,2.4868,6,0.0,0.0,0.0,0.0,0.0,0.0,0.0,0.0,0.0,0.0,1.0,0.0,0.0,False,Qwen/Qwen2.5-Coder-7B-Instruct,None
2820,Bar,Easy,0.4145,2.4868,6,0.0,0.0,0.0,0.0,0.0,0.0,0.0,0.0,0.0,0.0,1.0,0.0,0.0,False,Qwen/Qwen2.5-Coder-7B-Instruct,None
2822,Pie,Medium,0.844,0.844,1,0.0,0.0,0.0,0.0,0.0,0.0,0.0,0.0,0.0,0.0,1.0,0.0,0.0,True,Qwen/Qwen2.5-Coder-7B-Instruct,None
2822,Pie,Medium,0.844,0.844,1,0.0,0.0,0.0,0.0,0.0,0.0,0.0,0.0,0.0,0.0,1.0,0.0,0.0,True,Qwen/Qwen2.5-Coder-7B-Instruct,None
2822,Pie,Medium,0.844,0.844,1,0.0,0.0,0.0,0.0,0.0,0.0,0.0,0.0,0.0,0.0,1.0,0.0,0.0,True,Qwen/Qwen2.5-Coder-7B-Instruct,None
2830,Bar,Easy,0.5232,0.5232,1,0.0,0.0,0.0,0.0,0.0,0.0,0.0,0.0,0.0,0.0,1.0,0.0,0.0,False,Qwen/Qwen2.5-Coder-7B-Instruct,None
2830,Bar,Easy,0.5232,0.5232,1,0.0,0.0,0.0,0.0,0.0,0.0,0.0,0.0,0.0,0.0,1.0,0.0,0.0,False,Qwen/Qwen2.5-Coder-7B-Instruct,None
2830,Bar,Easy,0.5232,0.5232,1,0.0,0.0,0.0,0.0,0.0,0.0,0.0,0.0,0.0,0.0,1.0,0.0,0.0,False,Qwen/Qwen2.5-Coder-7B-Instruct,None
2847,Pie,Extra Hard,0.9992,3.9967,4,0.0,0.0,0.0,0.0,0.0,0.0,0.0,0.0,0.0,0.0,1.0,0.0,0.0,True,Qwen/Qwen2.5-Coder-7B-Instruct,None
2847,Pie,Extra Hard,0.9992,3.9967,4,0.0,0.0,0.0,0.0,0.0,0.0,0.0,0.0,0.0,0.0,1.0,0.0,0.0,True,Qwen/Qwen2.5-Coder-7B-Instruct,None
2847,Pie,Extra Hard,0.9992,3.9967,4,0.0,0.0,0.0,0.0,0.0,0.0,0.0,0.0,0.0,0.0,1.0,0.0,0.0,True,Qwen/Qwen2.5-Coder-7B-Instruct,None
2848,Bar,Extra Hard,0.9647,4.8236,5,0.0,0.0,0.0,0.0,0.0,0.0,0.0,0.0,0.0,0.0,1.0,0.0,0.0,True,Qwen/Qwen2.5-Coder-7B-Instruct,None
2848,Bar,Extra Hard,0.9647,4.8236,5,0.0,0.0,0.0,0.0,0.0,0.0,0.0,0.0,0.0,0.0,1.0,0.0,0.0,True,Qwen/Qwen2.5-Coder-7B-Instruct,None
2848,Bar,Extra Hard,0.9647,4.8236,5,0.0,0.0,0.0,0.0,0.0,0.0,0.0,0.0,0.0,0.0,1.0,0.0,0.0,True,Qwen/Qwen2.5-Coder-7B-Instruct,None
2850,Bar,Hard,0.6518,1.3036,2,0.0,0.0,0.0,0.0,0.0,0.0,0.0,0.0,0.0,0.0,1.0,0.0,0.0,False,Qwen/Qwen2.5-Coder-7B-Instruct,None
2850,Bar,Hard,0.6518,1.3036,2,0.0,0.0,0.0,0.0,0.0,0.0,0.0,0.0,0.0,0.0,1.0,0.0,0.0,False,Qwen/Qwen2.5-Coder-7B-Instruct,None
2850,Bar,Hard,0.6518,1.3036,2,0.0,0.0,0.0,0.0,0.0,0.0,0.0,0.0,0.0,0.0,1.0,0.0,0.0,False,Qwen/Qwen2.5-Coder-7B-Instruct,None
2851,Bar,Hard,0.6609,0.6609,1,0.0,0.0,0.0,0.0,0.0,0.0,0.0,0.0,0.0,0.0,1.0,0.0,0.0,False,Qwen/Qwen2.5-Coder-7B-Instruct,None
2851,Bar,Hard,0.6609,0.6609,1,0.0,0.0,0.0,0.0,0.0,0.0,0.0,0.0,0.0,0.0,1.0,0.0,0.0,False,Qwen/Qwen2.5-Coder-7B-Instruct,None
2851,Bar,Hard,0.6609,0.6609,1,0.0,0.0,0.0,0.0,0.0,0.0,0.0,0.0,0.0,0.0,1.0,0.0,0.0,False,Qwen/Qwen2.5-Coder-7B-Instruct,None
2852,Bar,Extra Hard,1.2496,1.2496,1,0.0,0.0,0.0,0.0,1.0,0.0,0.0,0.0,0.0,1.0,0.0,,0.0,True,Qwen/Qwen2.5-Coder-7B-Instruct,None
2852,Bar,Extra Hard,1.2496,1.2496,1,0.0,0.0,0.0,0.0,1.0,0.0,0.0,0.0,0.0,1.0,0.0,,0.0,True,Qwen/Qwen2.5-Coder-7B-Instruct,None
2852,Bar,Extra Hard,1.2496,1.2496,1,0.0,0.0,0.0,0.0,1.0,0.0,0.0,0.0,0.0,1.0,0.0,,0.0,True,Qwen/Qwen2.5-Coder-7B-Instruct,None
2857,Bar,Hard,0.6519,1.9557,3,0.0,0.0,0.0,0.0,0.0,0.0,0.0,0.0,0.0,0.0,1.0,0.0,0.0,False,Qwen/Qwen2.5-Coder-7B-Instruct,None
2857,Bar,Hard,0.6519,1.9557,3,0.0,0.0,0.0,0.0,0.0,0.0,0.0,0.0,0.0,0.0,1.0,0.0,0.0,False,Qwen/Qwen2.5-Coder-7B-Instruct,None
2857,Bar,Hard,0.6519,1.9557,3,0.0,0.0,0.0,0.0,0.0,0.0,0.0,0.0,0.0,0.0,1.0,0.0,0.0,False,Qwen/Qwen2.5-Coder-7B-Instruct,None
2858,Pie,Medium,0.8247,2.4741,3,0.0,0.0,0.0,0.0,1.0,0.0,0.0,0.0,0.0,1.0,0.0,,0.0,True,Qwen/Qwen2.5-Coder-7B-Instruct,None
2858,Pie,Medium,0.8247,2.4741,3,0.0,0.0,0.0,0.0,1.0,0.0,0.0,0.0,0.0,1.0,0.0,,0.0,True,Qwen/Qwen2.5-Coder-7B-Instruct,None
2858,Pie,Medium,0.8247,2.4741,3,0.0,0.0,0.0,0.0,1.0,0.0,0.0,0.0,0.0,1.0,0.0,,0.0,True,Qwen/Qwen2.5-Coder-7B-Instruct,None
2861,Pie,Easy,0.3469,0.3469,1,0.0,0.0,0.0,0.0,1.0,0.0,0.0,0.0,0.0,1.0,0.0,,0.0,False,Qwen/Qwen2.5-Coder-7B-Instruct,None
2861,Pie,Easy,0.3469,0.3469,1,0.0,0.0,0.0,0.0,1.0,0.0,0.0,0.0,0.0,1.0,0.0,,0.0,False,Qwen/Qwen2.5-Coder-7B-Instruct,None
2861,Pie,Easy,0.3469,0.3469,1,0.0,0.0,0.0,0.0,1.0,0.0,0.0,0.0,0.0,1.0,0.0,,0.0,False,Qwen/Qwen2.5-Coder-7B-Instruct,None
2864,Pie,Medium,0.8519,4.2594,5,0.0,0.0,0.0,0.0,0.6,0.0,0.0,0.0,0.0,0.6,0.4,0.0,0.0,True,Qwen/Qwen2.5-Coder-7B-Instruct,None
2864,Pie,Medium,0.8519,4.2594,5,0.0,0.0,0.0,0.0,0.6,0.0,0.0,0.0,0.0,0.6,0.4,0.0,0.0,True,Qwen/Qwen2.5-Coder-7B-Instruct,None
2864,Pie,Medium,0.8519,4.2594,5,0.0,0.0,0.0,0.0,0.6,0.0,0.0,0.0,0.0,0.6,0.4,0.0,0.0,True,Qwen/Qwen2.5-Coder-7B-Instruct,None
2866,Pie,Medium,0.822,3.2882,4,0.0,0.0,0.0,0.0,0.0,0.0,0.0,0.0,0.0,0.0,1.0,0.0,0.0,True,Qwen/Qwen2.5-Coder-7B-Instruct,None
2866,Pie,Medium,0.822,3.2882,4,0.0,0.0,0.0,0.0,0.0,0.0,0.0,0.0,0.0,0.0,1.0,0.0,0.0,True,Qwen/Qwen2.5-Coder-7B-Instruct,None
2866,Pie,Medium,0.822,3.2882,4,0.0,0.0,0.0,0.0,0.0,0.0,0.0,0.0,0.0,0.0,1.0,0.0,0.0,True,Qwen/Qwen2.5-Coder-7B-Instruct,None
2874,Scatter,Easy,0.3945,0.3945,1,0.0,0.0,0.0,0.0,0.0,0.0,0.0,0.0,0.0,0.0,1.0,0.0,0.0,False,Qwen/Qwen2.5-Coder-7B-Instruct,None
2874,Scatter,Easy,0.3945,0.3945,1,0.0,0.0,0.0,0.0,0.0,0.0,0.0,0.0,0.0,0.0,1.0,0.0,0.0,False,Qwen/Qwen2.5-Coder-7B-Instruct,None
2874,Scatter,Easy,0.3945,0.3945,1,0.0,0.0,0.0,0.0,0.0,0.0,0.0,0.0,0.0,0.0,1.0,0.0,0.0,False,Qwen/Qwen2.5-Coder-7B-Instruct,None
2881,Pie,Easy,5.8353,11.6706,2,0.0,0.0,0.0,0.0,0.0,0.0,0.0,0.0,0.0,0.0,1.0,0.0,0.0,False,Qwen/Qwen2.5-Coder-7B-Instruct,None
2881,Pie,Easy,5.8353,11.6706,2,0.0,0.0,0.0,0.0,0.0,0.0,0.0,0.0,0.0,0.0,1.0,0.0,0.0,False,Qwen/Qwen2.5-Coder-7B-Instruct,None
2881,Pie,Easy,5.8353,11.6706,2,0.0,0.0,0.0,0.0,0.0,0.0,0.0,0.0,0.0,0.0,1.0,0.0,0.0,False,Qwen/Qwen2.5-Coder-7B-Instruct,None
2885,Pie,Medium,3.3215,6.643,2,0.0,0.0,0.0,0.5,0.5,0.0,0.0,0.0,0.0,0.5,0.5,0.0,0.0,True,Qwen/Qwen2.5-Coder-7B-Instruct,None
2885,Pie,Medium,3.3215,6.643,2,0.0,0.0,0.0,0.5,0.5,0.0,0.0,0.0,0.0,0.5,0.5,0.0,0.0,True,Qwen/Qwen2.5-Coder-7B-Instruct,None
2885,Pie,Medium,3.3215,6.643,2,0.0,0.0,0.0,0.5,0.5,0.0,0.0,0.0,0.0,0.5,0.5,0.0,0.0,True,Qwen/Qwen2.5-Coder-7B-Instruct,None
2900,Bar,Medium,0.649,0.649,1,0.0,0.0,0.0,0.0,1.0,0.0,0.0,0.0,0.0,1.0,0.0,,0.0,False,Qwen/Qwen2.5-Coder-7B-Instruct,None
2900,Bar,Medium,0.649,0.649,1,0.0,0.0,0.0,0.0,1.0,0.0,0.0,0.0,0.0,1.0,0.0,,0.0,False,Qwen/Qwen2.5-Coder-7B-Instruct,None
2900,Bar,Medium,0.649,0.649,1,0.0,0.0,0.0,0.0,1.0,0.0,0.0,0.0,0.0,1.0,0.0,,0.0,False,Qwen/Qwen2.5-Coder-7B-Instruct,None
2903,Bar,Hard,0.9728,1.9455,2,0.0,0.0,0.0,0.0,0.0,0.0,0.0,0.0,0.0,0.0,1.0,0.0,0.0,True,Qwen/Qwen2.5-Coder-7B-Instruct,None
2903,Bar,Hard,0.9728,1.9455,2,0.0,0.0,0.0,0.0,0.0,0.0,0.0,0.0,0.0,0.0,1.0,0.0,0.0,True,Qwen/Qwen2.5-Coder-7B-Instruct,None
2903,Bar,Hard,0.9728,1.9455,2,0.0,0.0,0.0,0.0,0.0,0.0,0.0,0.0,0.0,0.0,1.0,0.0,0.0,True,Qwen/Qwen2.5-Coder-7B-Instruct,None
2928,Bar,Easy,0.4664,2.3321,5,0.0,0.0,0.0,0.0,0.0,0.0,0.0,0.0,0.0,0.0,1.0,0.0,0.0,False,Qwen/Qwen2.5-Coder-7B-Instruct,None
2928,Bar,Easy,0.4664,2.3321,5,0.0,0.0,0.0,0.0,0.0,0.0,0.0,0.0,0.0,0.0,1.0,0.0,0.0,False,Qwen/Qwen2.5-Coder-7B-Instruct,None
2928,Bar,Easy,0.4664,2.3321,5,0.0,0.0,0.0,0.0,0.0,0.0,0.0,0.0,0.0,0.0,1.0,0.0,0.0,False,Qwen/Qwen2.5-Coder-7B-Instruct,None
2930,Pie,Hard,1.7099,3.4198,2,0.0,0.0,0.0,0.0,1.0,0.0,0.0,0.0,0.0,1.0,0.0,,0.0,True,Qwen/Qwen2.5-Coder-7B-Instruct,None
2930,Pie,Hard,1.7099,3.4198,2,0.0,0.0,0.0,0.0,1.0,0.0,0.0,0.0,0.0,1.0,0.0,,0.0,True,Qwen/Qwen2.5-Coder-7B-Instruct,None
2930,Pie,Hard,1.7099,3.4198,2,0.0,0.0,0.0,0.0,1.0,0.0,0.0,0.0,0.0,1.0,0.0,,0.0,True,Qwen/Qwen2.5-Coder-7B-Instruct,None
2932,Pie,Medium,6.526,13.0521,2,0.0,0.0,0.0,0.5,0.5,0.0,0.0,0.0,0.0,0.5,0.5,0.0,0.0,True,Qwen/Qwen2.5-Coder-7B-Instruct,None
2932,Pie,Medium,6.526,13.0521,2,0.0,0.0,0.0,0.5,0.5,0.0,0.0,0.0,0.0,0.5,0.5,0.0,0.0,True,Qwen/Qwen2.5-Coder-7B-Instruct,None
2932,Pie,Medium,6.526,13.0521,2,0.0,0.0,0.0,0.5,0.5,0.0,0.0,0.0,0.0,0.5,0.5,0.0,0.0,True,Qwen/Qwen2.5-Coder-7B-Instruct,None
2934,Pie,Medium,5.857,5.857,1,0.0,0.0,0.0,0.0,0.0,0.0,0.0,0.0,0.0,0.0,1.0,0.0,0.0,True,Qwen/Qwen2.5-Coder-7B-Instruct,None
2934,Pie,Medium,5.857,5.857,1,0.0,0.0,0.0,0.0,0.0,0.0,0.0,0.0,0.0,0.0,1.0,0.0,0.0,True,Qwen/Qwen2.5-Coder-7B-Instruct,None
2934,Pie,Medium,5.857,5.857,1,0.0,0.0,0.0,0.0,0.0,0.0,0.0,0.0,0.0,0.0,1.0,0.0,0.0,True,Qwen/Qwen2.5-Coder-7B-Instruct,None
2941,Bar,Easy,0.3557,0.3557,1,0.0,0.0,0.0,0.0,0.0,0.0,0.0,0.0,0.0,0.0,1.0,0.0,0.0,False,Qwen/Qwen2.5-Coder-7B-Instruct,None
2941,Bar,Easy,0.3557,0.3557,1,0.0,0.0,0.0,0.0,0.0,0.0,0.0,0.0,0.0,0.0,1.0,0.0,0.0,False,Qwen/Qwen2.5-Coder-7B-Instruct,None
2941,Bar,Easy,0.3557,0.3557,1,0.0,0.0,0.0,0.0,0.0,0.0,0.0,0.0,0.0,0.0,1.0,0.0,0.0,False,Qwen/Qwen2.5-Coder-7B-Instruct,None
2958,Pie,Medium,0.7509,3.0038,4,0.0,0.0,0.0,0.0,0.5,0.0,0.0,0.0,0.0,0.5,0.5,0.0,0.0,True,Qwen/Qwen2.5-Coder-7B-Instruct,None
2958,Pie,Medium,0.7509,3.0038,4,0.0,0.0,0.0,0.0,0.5,0.0,0.0,0.0,0.0,0.5,0.5,0.0,0.0,True,Qwen/Qwen2.5-Coder-7B-Instruct,None
2958,Pie,Medium,0.7509,3.0038,4,0.0,0.0,0.0,0.0,0.5,0.0,0.0,0.0,0.0,0.5,0.5,0.0,0.0,True,Qwen/Qwen2.5-Coder-7B-Instruct,None
2960,Bar,Medium,0.6186,1.2371,2,0.0,0.0,0.0,0.0,0.0,0.5,0.0,0.0,0.0,0.5,0.5,0.0,0.0,False,Qwen/Qwen2.5-Coder-7B-Instruct,None
2960,Bar,Medium,0.6186,1.2371,2,0.0,0.0,0.0,0.0,0.0,0.5,0.0,0.0,0.0,0.5,0.5,0.0,0.0,False,Qwen/Qwen2.5-Coder-7B-Instruct,None
2960,Bar,Medium,0.6186,1.2371,2,0.0,0.0,0.0,0.0,0.0,0.5,0.0,0.0,0.0,0.5,0.5,0.0,0.0,False,Qwen/Qwen2.5-Coder-7B-Instruct,None
2962,Bar,Easy,16.9964,16.9964,1,0.0,0.0,0.0,0.0,0.0,0.0,0.0,0.0,0.0,0.0,1.0,0.0,0.0,False,Qwen/Qwen2.5-Coder-7B-Instruct,None
2962,Bar,Easy,16.9964,16.9964,1,0.0,0.0,0.0,0.0,0.0,0.0,0.0,0.0,0.0,0.0,1.0,0.0,0.0,False,Qwen/Qwen2.5-Coder-7B-Instruct,None
2962,Bar,Easy,16.9964,16.9964,1,0.0,0.0,0.0,0.0,0.0,0.0,0.0,0.0,0.0,0.0,1.0,0.0,0.0,False,Qwen/Qwen2.5-Coder-7B-Instruct,None
2963,Bar,Easy,14.0448,14.0448,1,1.0,0.0,0.0,0.0,0.0,0.0,0.0,0.0,1.0,0.0,0.0,,0.0,False,Qwen/Qwen2.5-Coder-7B-Instruct,None
2963,Bar,Easy,14.0448,14.0448,1,1.0,0.0,0.0,0.0,0.0,0.0,0.0,0.0,1.0,0.0,0.0,,0.0,False,Qwen/Qwen2.5-Coder-7B-Instruct,None
2963,Bar,Easy,14.0448,14.0448,1,1.0,0.0,0.0,0.0,0.0,0.0,0.0,0.0,1.0,0.0,0.0,,0.0,False,Qwen/Qwen2.5-Coder-7B-Instruct,None
2969,Bar,Medium,0.7811,1.5622,2,0.0,0.0,0.0,0.0,0.0,0.0,0.0,0.0,0.0,0.0,1.0,0.0,0.0,True,Qwen/Qwen2.5-Coder-7B-Instruct,None
2969,Bar,Medium,0.7811,1.5622,2,0.0,0.0,0.0,0.0,0.0,0.0,0.0,0.0,0.0,0.0,1.0,0.0,0.0,True,Qwen/Qwen2.5-Coder-7B-Instruct,None
2969,Bar,Medium,0.7811,1.5622,2,0.0,0.0,0.0,0.0,0.0,0.0,0.0,0.0,0.0,0.0,1.0,0.0,0.0,True,Qwen/Qwen2.5-Coder-7B-Instruct,None
2971,Pie,Medium,0.6829,1.3659,2,0.0,0.0,0.0,0.0,0.0,0.0,0.0,0.0,0.0,0.0,1.0,0.0,0.0,True,Qwen/Qwen2.5-Coder-7B-Instruct,None
2971,Pie,Medium,0.6829,1.3659,2,0.0,0.0,0.0,0.0,0.0,0.0,0.0,0.0,0.0,0.0,1.0,0.0,0.0,True,Qwen/Qwen2.5-Coder-7B-Instruct,None
2971,Pie,Medium,0.6829,1.3659,2,0.0,0.0,0.0,0.0,0.0,0.0,0.0,0.0,0.0,0.0,1.0,0.0,0.0,True,Qwen/Qwen2.5-Coder-7B-Instruct,None
2972,Pie,Medium,10.7045,10.7045,1,0.0,0.0,0.0,0.0,0.0,0.0,0.0,0.0,0.0,0.0,1.0,0.0,0.0,True,Qwen/Qwen2.5-Coder-7B-Instruct,None
2972,Pie,Medium,10.7045,10.7045,1,0.0,0.0,0.0,0.0,0.0,0.0,0.0,0.0,0.0,0.0,1.0,0.0,0.0,True,Qwen/Qwen2.5-Coder-7B-Instruct,None
2972,Pie,Medium,10.7045,10.7045,1,0.0,0.0,0.0,0.0,0.0,0.0,0.0,0.0,0.0,0.0,1.0,0.0,0.0,True,Qwen/Qwen2.5-Coder-7B-Instruct,None
2973,Bar,Medium,7.1932,7.1932,1,0.0,0.0,0.0,0.0,0.0,0.0,0.0,0.0,0.0,0.0,1.0,0.0,0.0,True,Qwen/Qwen2.5-Coder-7B-Instruct,None
2973,Bar,Medium,7.1932,7.1932,1,0.0,0.0,0.0,0.0,0.0,0.0,0.0,0.0,0.0,0.0,1.0,0.0,0.0,True,Qwen/Qwen2.5-Coder-7B-Instruct,None
2973,Bar,Medium,7.1932,7.1932,1,0.0,0.0,0.0,0.0,0.0,0.0,0.0,0.0,0.0,0.0,1.0,0.0,0.0,True,Qwen/Qwen2.5-Coder-7B-Instruct,None
2979,Bar,Hard,1.0103,1.0103,1,0.0,0.0,0.0,0.0,0.0,0.0,0.0,0.0,0.0,0.0,1.0,0.0,0.0,True,Qwen/Qwen2.5-Coder-7B-Instruct,None
2979,Bar,Hard,1.0103,1.0103,1,0.0,0.0,0.0,0.0,0.0,0.0,0.0,0.0,0.0,0.0,1.0,0.0,0.0,True,Qwen/Qwen2.5-Coder-7B-Instruct,None
2979,Bar,Hard,1.0103,1.0103,1,0.0,0.0,0.0,0.0,0.0,0.0,0.0,0.0,0.0,0.0,1.0,0.0,0.0,True,Qwen/Qwen2.5-Coder-7B-Instruct,None
2980,Pie,Hard,0.9143,1.8285,2,0.0,0.0,0.0,0.0,0.0,0.0,0.0,0.0,0.0,0.0,1.0,0.0,0.0,True,Qwen/Qwen2.5-Coder-7B-Instruct,None
2980,Pie,Hard,0.9143,1.8285,2,0.0,0.0,0.0,0.0,0.0,0.0,0.0,0.0,0.0,0.0,1.0,0.0,0.0,True,Qwen/Qwen2.5-Coder-7B-Instruct,None
2980,Pie,Hard,0.9143,1.8285,2,0.0,0.0,0.0,0.0,0.0,0.0,0.0,0.0,0.0,0.0,1.0,0.0,0.0,True,Qwen/Qwen2.5-Coder-7B-Instruct,None
2998,Bar,Hard,13.5332,27.0663,2,1.0,0.0,0.0,0.0,0.0,0.0,0.0,0.0,1.0,0.0,0.0,,0.0,False,Qwen/Qwen2.5-Coder-7B-Instruct,None
2998,Bar,Hard,13.5332,27.0663,2,1.0,0.0,0.0,0.0,0.0,0.0,0.0,0.0,1.0,0.0,0.0,,0.0,False,Qwen/Qwen2.5-Coder-7B-Instruct,None
2998,Bar,Hard,13.5332,27.0663,2,1.0,0.0,0.0,0.0,0.0,0.0,0.0,0.0,1.0,0.0,0.0,,0.0,False,Qwen/Qwen2.5-Coder-7B-Instruct,None
3004,Pie,Easy,0.4403,1.3209,3,0.0,0.0,0.0,0.0,0.0,0.0,0.0,0.0,0.0,0.0,1.0,0.0,0.0,False,Qwen/Qwen2.5-Coder-7B-Instruct,None
3004,Pie,Easy,0.4403,1.3209,3,0.0,0.0,0.0,0.0,0.0,0.0,0.0,0.0,0.0,0.0,1.0,0.0,0.0,False,Qwen/Qwen2.5-Coder-7B-Instruct,None
3004,Pie,Easy,0.4403,1.3209,3,0.0,0.0,0.0,0.0,0.0,0.0,0.0,0.0,0.0,0.0,1.0,0.0,0.0,False,Qwen/Qwen2.5-Coder-7B-Instruct,None
3009,Bar,Easy,4.2789,4.2789,1,0.0,1.0,0.0,0.0,0.0,0.0,0.0,0.0,1.0,0.0,0.0,,0.0,False,Qwen/Qwen2.5-Coder-7B-Instruct,None
3009,Bar,Easy,4.2789,4.2789,1,0.0,1.0,0.0,0.0,0.0,0.0,0.0,0.0,1.0,0.0,0.0,,0.0,False,Qwen/Qwen2.5-Coder-7B-Instruct,None
3009,Bar,Easy,4.2789,4.2789,1,0.0,1.0,0.0,0.0,0.0,0.0,0.0,0.0,1.0,0.0,0.0,,0.0,False,Qwen/Qwen2.5-Coder-7B-Instruct,None
3021,Pie,Hard,3.7457,7.4914,2,0.0,0.0,0.0,0.0,0.0,0.0,0.0,0.0,0.0,0.0,1.0,0.0,0.0,True,Qwen/Qwen2.5-Coder-7B-Instruct,None
3021,Pie,Hard,3.7457,7.4914,2,0.0,0.0,0.0,0.0,0.0,0.0,0.0,0.0,0.0,0.0,1.0,0.0,0.0,True,Qwen/Qwen2.5-Coder-7B-Instruct,None
3021,Pie,Hard,3.7457,7.4914,2,0.0,0.0,0.0,0.0,0.0,0.0,0.0,0.0,0.0,0.0,1.0,0.0,0.0,True,Qwen/Qwen2.5-Coder-7B-Instruct,None
3046,Bar,Easy,0.447,1.3411,3,0.0,0.0,0.0,0.0,0.0,0.0,0.0,0.0,0.0,0.0,1.0,0.0,0.0,False,Qwen/Qwen2.5-Coder-7B-Instruct,None
3046,Bar,Easy,0.447,1.3411,3,0.0,0.0,0.0,0.0,0.0,0.0,0.0,0.0,0.0,0.0,1.0,0.0,0.0,False,Qwen/Qwen2.5-Coder-7B-Instruct,None
3046,Bar,Easy,0.447,1.3411,3,0.0,0.0,0.0,0.0,0.0,0.0,0.0,0.0,0.0,0.0,1.0,0.0,0.0,False,Qwen/Qwen2.5-Coder-7B-Instruct,None
3047,Pie,Easy,0.3389,0.6778,2,0.0,0.0,0.0,0.0,0.0,0.0,0.0,0.0,0.0,0.0,1.0,0.0,0.0,False,Qwen/Qwen2.5-Coder-7B-Instruct,None
3047,Pie,Easy,0.3389,0.6778,2,0.0,0.0,0.0,0.0,0.0,0.0,0.0,0.0,0.0,0.0,1.0,0.0,0.0,False,Qwen/Qwen2.5-Coder-7B-Instruct,None
3047,Pie,Easy,0.3389,0.6778,2,0.0,0.0,0.0,0.0,0.0,0.0,0.0,0.0,0.0,0.0,1.0,0.0,0.0,False,Qwen/Qwen2.5-Coder-7B-Instruct,None
3051,Pie,Easy,0.4141,1.2422,3,0.0,0.0,0.0,0.0,0.0,0.0,0.0,0.0,0.0,0.0,1.0,0.0,0.0,False,Qwen/Qwen2.5-Coder-7B-Instruct,None
3051,Pie,Easy,0.4141,1.2422,3,0.0,0.0,0.0,0.0,0.0,0.0,0.0,0.0,0.0,0.0,1.0,0.0,0.0,False,Qwen/Qwen2.5-Coder-7B-Instruct,None
3051,Pie,Easy,0.4141,1.2422,3,0.0,0.0,0.0,0.0,0.0,0.0,0.0,0.0,0.0,0.0,1.0,0.0,0.0,False,Qwen/Qwen2.5-Coder-7B-Instruct,None
3054,Pie,Easy,2.611,5.222,2,0.0,0.0,0.0,0.0,0.0,0.0,0.0,0.0,0.0,0.0,1.0,0.0,0.0,False,Qwen/Qwen2.5-Coder-7B-Instruct,None
3054,Pie,Easy,2.611,5.222,2,0.0,0.0,0.0,0.0,0.0,0.0,0.0,0.0,0.0,0.0,1.0,0.0,0.0,False,Qwen/Qwen2.5-Coder-7B-Instruct,None
3054,Pie,Easy,2.611,5.222,2,0.0,0.0,0.0,0.0,0.0,0.0,0.0,0.0,0.0,0.0,1.0,0.0,0.0,False,Qwen/Qwen2.5-Coder-7B-Instruct,None
3056,Grouping Scatter,Medium,5.3245,5.3245,1,0.0,0.0,0.0,0.0,0.0,0.0,0.0,0.0,0.0,0.0,1.0,0.0,0.0,False,Qwen/Qwen2.5-Coder-7B-Instruct,None
3056,Grouping Scatter,Medium,5.3245,5.3245,1,0.0,0.0,0.0,0.0,0.0,0.0,0.0,0.0,0.0,0.0,1.0,0.0,0.0,False,Qwen/Qwen2.5-Coder-7B-Instruct,None
3056,Grouping Scatter,Medium,5.3245,5.3245,1,0.0,0.0,0.0,0.0,0.0,0.0,0.0,0.0,0.0,0.0,1.0,0.0,0.0,False,Qwen/Qwen2.5-Coder-7B-Instruct,None
3063,Pie,Medium,0.9619,2.8857,3,0.0,0.0,0.0,0.0,1.0,0.0,0.0,0.0,0.0,1.0,0.0,,0.0,False,Qwen/Qwen2.5-Coder-7B-Instruct,None
3063,Pie,Medium,0.9619,2.8857,3,0.0,0.0,0.0,0.0,1.0,0.0,0.0,0.0,0.0,1.0,0.0,,0.0,False,Qwen/Qwen2.5-Coder-7B-Instruct,None
3063,Pie,Medium,0.9619,2.8857,3,0.0,0.0,0.0,0.0,1.0,0.0,0.0,0.0,0.0,1.0,0.0,,0.0,False,Qwen/Qwen2.5-Coder-7B-Instruct,None
3064,Bar,Medium,0.9768,2.9303,3,0.0,0.0,0.0,0.0,1.0,0.0,0.0,0.0,0.0,1.0,0.0,,0.0,False,Qwen/Qwen2.5-Coder-7B-Instruct,None
3064,Bar,Medium,0.9768,2.9303,3,0.0,0.0,0.0,0.0,1.0,0.0,0.0,0.0,0.0,1.0,0.0,,0.0,False,Qwen/Qwen2.5-Coder-7B-Instruct,None
3064,Bar,Medium,0.9768,2.9303,3,0.0,0.0,0.0,0.0,1.0,0.0,0.0,0.0,0.0,1.0,0.0,,0.0,False,Qwen/Qwen2.5-Coder-7B-Instruct,None
3067,Bar,Easy,0.3832,0.3832,1,0.0,0.0,0.0,0.0,1.0,0.0,0.0,0.0,0.0,1.0,0.0,,0.0,False,Qwen/Qwen2.5-Coder-7B-Instruct,None
3067,Bar,Easy,0.3832,0.3832,1,0.0,0.0,0.0,0.0,1.0,0.0,0.0,0.0,0.0,1.0,0.0,,0.0,False,Qwen/Qwen2.5-Coder-7B-Instruct,None
3067,Bar,Easy,0.3832,0.3832,1,0.0,0.0,0.0,0.0,1.0,0.0,0.0,0.0,0.0,1.0,0.0,,0.0,False,Qwen/Qwen2.5-Coder-7B-Instruct,None
3068,Pie,Medium,0.703,0.703,1,0.0,0.0,0.0,0.0,0.0,0.0,0.0,0.0,0.0,0.0,1.0,0.0,0.0,True,Qwen/Qwen2.5-Coder-7B-Instruct,None
3068,Pie,Medium,0.703,0.703,1,0.0,0.0,0.0,0.0,0.0,0.0,0.0,0.0,0.0,0.0,1.0,0.0,0.0,True,Qwen/Qwen2.5-Coder-7B-Instruct,None
3068,Pie,Medium,0.703,0.703,1,0.0,0.0,0.0,0.0,0.0,0.0,0.0,0.0,0.0,0.0,1.0,0.0,0.0,True,Qwen/Qwen2.5-Coder-7B-Instruct,None
3070,Pie,Easy,10.8651,43.4605,4,0.75,0.0,0.0,0.0,0.25,0.0,0.0,0.0,0.75,0.25,0.0,,0.0,False,Qwen/Qwen2.5-Coder-7B-Instruct,None
3070,Pie,Easy,10.8651,43.4605,4,0.75,0.0,0.0,0.0,0.25,0.0,0.0,0.0,0.75,0.25,0.0,,0.0,False,Qwen/Qwen2.5-Coder-7B-Instruct,None
3070,Pie,Easy,10.8651,43.4605,4,0.75,0.0,0.0,0.0,0.25,0.0,0.0,0.0,0.75,0.25,0.0,,0.0,False,Qwen/Qwen2.5-Coder-7B-Instruct,None
3079,Grouping Scatter,Easy,9.9132,19.8264,2,0.5,0.0,0.0,0.0,0.5,0.0,0.0,0.0,0.5,0.5,0.0,,0.0,False,Qwen/Qwen2.5-Coder-7B-Instruct,None
3079,Grouping Scatter,Easy,9.9132,19.8264,2,0.5,0.0,0.0,0.0,0.5,0.0,0.0,0.0,0.5,0.5,0.0,,0.0,False,Qwen/Qwen2.5-Coder-7B-Instruct,None
3079,Grouping Scatter,Easy,9.9132,19.8264,2,0.5,0.0,0.0,0.0,0.5,0.0,0.0,0.0,0.5,0.5,0.0,,0.0,False,Qwen/Qwen2.5-Coder-7B-Instruct,None
3085,Grouping Scatter,Easy,13.0884,26.1769,2,1.0,0.0,0.0,0.0,0.0,0.0,0.0,0.0,1.0,0.0,0.0,,0.0,False,Qwen/Qwen2.5-Coder-7B-Instruct,None
3085,Grouping Scatter,Easy,13.0884,26.1769,2,1.0,0.0,0.0,0.0,0.0,0.0,0.0,0.0,1.0,0.0,0.0,,0.0,False,Qwen/Qwen2.5-Coder-7B-Instruct,None
3085,Grouping Scatter,Easy,13.0884,26.1769,2,1.0,0.0,0.0,0.0,0.0,0.0,0.0,0.0,1.0,0.0,0.0,,0.0,False,Qwen/Qwen2.5-Coder-7B-Instruct,None
3097,Grouping Scatter,Easy,17.3833,17.3833,1,1.0,0.0,0.0,0.0,0.0,0.0,0.0,0.0,1.0,0.0,0.0,,0.0,False,Qwen/Qwen2.5-Coder-7B-Instruct,None
3097,Grouping Scatter,Easy,17.3833,17.3833,1,1.0,0.0,0.0,0.0,0.0,0.0,0.0,0.0,1.0,0.0,0.0,,0.0,False,Qwen/Qwen2.5-Coder-7B-Instruct,None
3097,Grouping Scatter,Easy,17.3833,17.3833,1,1.0,0.0,0.0,0.0,0.0,0.0,0.0,0.0,1.0,0.0,0.0,,0.0,False,Qwen/Qwen2.5-Coder-7B-Instruct,None
3121,Scatter,Easy,0.4451,1.7803,4,0.0,0.0,0.0,0.0,0.0,0.0,0.0,0.0,0.0,0.0,1.0,0.0,0.0,False,Qwen/Qwen2.5-Coder-7B-Instruct,None
3121,Scatter,Easy,0.4451,1.7803,4,0.0,0.0,0.0,0.0,0.0,0.0,0.0,0.0,0.0,0.0,1.0,0.0,0.0,False,Qwen/Qwen2.5-Coder-7B-Instruct,None
3121,Scatter,Easy,0.4451,1.7803,4,0.0,0.0,0.0,0.0,0.0,0.0,0.0,0.0,0.0,0.0,1.0,0.0,0.0,False,Qwen/Qwen2.5-Coder-7B-Instruct,None
3139,Pie,Easy,0.769,0.769,1,0.0,0.0,0.0,0.0,1.0,0.0,0.0,0.0,0.0,1.0,0.0,,0.0,False,Qwen/Qwen2.5-Coder-7B-Instruct,None
3139,Pie,Easy,0.769,0.769,1,0.0,0.0,0.0,0.0,1.0,0.0,0.0,0.0,0.0,1.0,0.0,,0.0,False,Qwen/Qwen2.5-Coder-7B-Instruct,None
3139,Pie,Easy,0.769,0.769,1,0.0,0.0,0.0,0.0,1.0,0.0,0.0,0.0,0.0,1.0,0.0,,0.0,False,Qwen/Qwen2.5-Coder-7B-Instruct,None
3150,Pie,Easy,0.4694,0.9387,2,0.0,0.0,0.0,0.0,0.0,0.0,0.0,0.0,0.0,0.0,1.0,0.0,0.0,False,Qwen/Qwen2.5-Coder-7B-Instruct,None
3150,Pie,Easy,0.4694,0.9387,2,0.0,0.0,0.0,0.0,0.0,0.0,0.0,0.0,0.0,0.0,1.0,0.0,0.0,False,Qwen/Qwen2.5-Coder-7B-Instruct,None
3150,Pie,Easy,0.4694,0.9387,2,0.0,0.0,0.0,0.0,0.0,0.0,0.0,0.0,0.0,0.0,1.0,0.0,0.0,False,Qwen/Qwen2.5-Coder-7B-Instruct,None
3165,Grouping Scatter,Easy,9.3137,9.3137,1,0.0,0.0,0.0,0.0,0.0,0.0,0.0,0.0,0.0,0.0,1.0,0.0,0.0,False,Qwen/Qwen2.5-Coder-7B-Instruct,None
3165,Grouping Scatter,Easy,9.3137,9.3137,1,0.0,0.0,0.0,0.0,0.0,0.0,0.0,0.0,0.0,0.0,1.0,0.0,0.0,False,Qwen/Qwen2.5-Coder-7B-Instruct,None
3165,Grouping Scatter,Easy,9.3137,9.3137,1,0.0,0.0,0.0,0.0,0.0,0.0,0.0,0.0,0.0,0.0,1.0,0.0,0.0,False,Qwen/Qwen2.5-Coder-7B-Instruct,None
3171,Grouping Scatter,Easy,10.6788,10.6788,1,0.0,0.0,0.0,1.0,1.0,0.0,0.0,0.0,0.0,1.0,0.0,,0.0,False,Qwen/Qwen2.5-Coder-7B-Instruct,None
3171,Grouping Scatter,Easy,10.6788,10.6788,1,0.0,0.0,0.0,1.0,1.0,0.0,0.0,0.0,0.0,1.0,0.0,,0.0,False,Qwen/Qwen2.5-Coder-7B-Instruct,None
3171,Grouping Scatter,Easy,10.6788,10.6788,1,0.0,0.0,0.0,1.0,1.0,0.0,0.0,0.0,0.0,1.0,0.0,,0.0,False,Qwen/Qwen2.5-Coder-7B-Instruct,None
3177,Grouping Scatter,Easy,18.7401,18.7401,1,1.0,0.0,0.0,0.0,0.0,0.0,0.0,0.0,1.0,0.0,0.0,,0.0,False,Qwen/Qwen2.5-Coder-7B-Instruct,None
3177,Grouping Scatter,Easy,18.7401,18.7401,1,1.0,0.0,0.0,0.0,0.0,0.0,0.0,0.0,1.0,0.0,0.0,,0.0,False,Qwen/Qwen2.5-Coder-7B-Instruct,None
3177,Grouping Scatter,Easy,18.7401,18.7401,1,1.0,0.0,0.0,0.0,0.0,0.0,0.0,0.0,1.0,0.0,0.0,,0.0,False,Qwen/Qwen2.5-Coder-7B-Instruct,None
3198,Pie,Easy,0.3861,0.3861,1,0.0,0.0,0.0,0.0,0.0,0.0,0.0,0.0,0.0,0.0,1.0,0.0,0.0,False,Qwen/Qwen2.5-Coder-7B-Instruct,None
3198,Pie,Easy,0.3861,0.3861,1,0.0,0.0,0.0,0.0,0.0,0.0,0.0,0.0,0.0,0.0,1.0,0.0,0.0,False,Qwen/Qwen2.5-Coder-7B-Instruct,None
3198,Pie,Easy,0.3861,0.3861,1,0.0,0.0,0.0,0.0,0.0,0.0,0.0,0.0,0.0,0.0,1.0,0.0,0.0,False,Qwen/Qwen2.5-Coder-7B-Instruct,None
3207,Bar,Easy,4.6397,9.2794,2,0.0,0.0,0.0,0.0,1.0,0.0,0.0,0.0,0.0,1.0,0.0,,0.0,False,Qwen/Qwen2.5-Coder-7B-Instruct,None
3207,Bar,Easy,4.6397,9.2794,2,0.0,0.0,0.0,0.0,1.0,0.0,0.0,0.0,0.0,1.0,0.0,,0.0,False,Qwen/Qwen2.5-Coder-7B-Instruct,None
3207,Bar,Easy,4.6397,9.2794,2,0.0,0.0,0.0,0.0,1.0,0.0,0.0,0.0,0.0,1.0,0.0,,0.0,False,Qwen/Qwen2.5-Coder-7B-Instruct,None
3213,Pie,Medium,0.5208,0.5208,1,0.0,0.0,0.0,0.0,0.0,0.0,0.0,0.0,0.0,0.0,1.0,0.0,0.0,False,Qwen/Qwen2.5-Coder-7B-Instruct,None
3213,Pie,Medium,0.5208,0.5208,1,0.0,0.0,0.0,0.0,0.0,0.0,0.0,0.0,0.0,0.0,1.0,0.0,0.0,False,Qwen/Qwen2.5-Coder-7B-Instruct,None
3213,Pie,Medium,0.5208,0.5208,1,0.0,0.0,0.0,0.0,0.0,0.0,0.0,0.0,0.0,0.0,1.0,0.0,0.0,False,Qwen/Qwen2.5-Coder-7B-Instruct,None
3215,Pie,Easy,0.3454,0.6909,2,0.0,0.0,0.0,0.0,0.5,0.0,0.0,0.0,0.0,0.5,0.5,0.0,0.0,False,Qwen/Qwen2.5-Coder-7B-Instruct,None
3215,Pie,Easy,0.3454,0.6909,2,0.0,0.0,0.0,0.0,0.5,0.0,0.0,0.0,0.0,0.5,0.5,0.0,0.0,False,Qwen/Qwen2.5-Coder-7B-Instruct,None
3215,Pie,Easy,0.3454,0.6909,2,0.0,0.0,0.0,0.0,0.5,0.0,0.0,0.0,0.0,0.5,0.5,0.0,0.0,False,Qwen/Qwen2.5-Coder-7B-Instruct,None
3222,Bar,Hard,0.7473,0.7473,1,0.0,0.0,0.0,0.0,1.0,0.0,0.0,0.0,0.0,1.0,0.0,,0.0,False,Qwen/Qwen2.5-Coder-7B-Instruct,None
3222,Bar,Hard,0.7473,0.7473,1,0.0,0.0,0.0,0.0,1.0,0.0,0.0,0.0,0.0,1.0,0.0,,0.0,False,Qwen/Qwen2.5-Coder-7B-Instruct,None
3222,Bar,Hard,0.7473,0.7473,1,0.0,0.0,0.0,0.0,1.0,0.0,0.0,0.0,0.0,1.0,0.0,,0.0,False,Qwen/Qwen2.5-Coder-7B-Instruct,None
3227,Stacked Bar,Extra Hard,12.7994,12.7994,1,1.0,0.0,0.0,0.0,0.0,0.0,0.0,0.0,1.0,0.0,0.0,,0.0,False,Qwen/Qwen2.5-Coder-7B-Instruct,None
3227,Stacked Bar,Extra Hard,12.7994,12.7994,1,1.0,0.0,0.0,0.0,0.0,0.0,0.0,0.0,1.0,0.0,0.0,,0.0,False,Qwen/Qwen2.5-Coder-7B-Instruct,None
3227,Stacked Bar,Extra Hard,12.7994,12.7994,1,1.0,0.0,0.0,0.0,0.0,0.0,0.0,0.0,1.0,0.0,0.0,,0.0,False,Qwen/Qwen2.5-Coder-7B-Instruct,None
3229,Bar,Hard,0.5504,1.6512,3,0.0,0.0,0.0,0.0,0.0,0.0,0.0,0.0,0.0,0.0,1.0,0.0,0.0,False,Qwen/Qwen2.5-Coder-7B-Instruct,None
3229,Bar,Hard,0.5504,1.6512,3,0.0,0.0,0.0,0.0,0.0,0.0,0.0,0.0,0.0,0.0,1.0,0.0,0.0,False,Qwen/Qwen2.5-Coder-7B-Instruct,None
3229,Bar,Hard,0.5504,1.6512,3,0.0,0.0,0.0,0.0,0.0,0.0,0.0,0.0,0.0,0.0,1.0,0.0,0.0,False,Qwen/Qwen2.5-Coder-7B-Instruct,None
3230,Bar,Medium,0.5534,1.1069,2,0.0,0.0,0.0,0.0,0.0,0.0,0.0,0.0,0.0,0.0,1.0,0.0,0.0,False,Qwen/Qwen2.5-Coder-7B-Instruct,None
3230,Bar,Medium,0.5534,1.1069,2,0.0,0.0,0.0,0.0,0.0,0.0,0.0,0.0,0.0,0.0,1.0,0.0,0.0,False,Qwen/Qwen2.5-Coder-7B-Instruct,None
3230,Bar,Medium,0.5534,1.1069,2,0.0,0.0,0.0,0.0,0.0,0.0,0.0,0.0,0.0,0.0,1.0,0.0,0.0,False,Qwen/Qwen2.5-Coder-7B-Instruct,None
3240,Line,Easy,0.4399,0.4399,1,0.0,0.0,0.0,0.0,0.0,0.0,0.0,0.0,0.0,0.0,1.0,0.0,0.0,False,Qwen/Qwen2.5-Coder-7B-Instruct,None
3240,Line,Easy,0.4399,0.4399,1,0.0,0.0,0.0,0.0,0.0,0.0,0.0,0.0,0.0,0.0,1.0,0.0,0.0,False,Qwen/Qwen2.5-Coder-7B-Instruct,None
3240,Line,Easy,0.4399,0.4399,1,0.0,0.0,0.0,0.0,0.0,0.0,0.0,0.0,0.0,0.0,1.0,0.0,0.0,False,Qwen/Qwen2.5-Coder-7B-Instruct,None
3259,Pie,Easy,0.3659,0.7317,2,0.0,0.0,0.0,0.0,1.0,0.0,0.0,0.0,0.0,1.0,0.0,,0.0,False,Qwen/Qwen2.5-Coder-7B-Instruct,None
3259,Pie,Easy,0.3659,0.7317,2,0.0,0.0,0.0,0.0,1.0,0.0,0.0,0.0,0.0,1.0,0.0,,0.0,False,Qwen/Qwen2.5-Coder-7B-Instruct,None
3259,Pie,Easy,0.3659,0.7317,2,0.0,0.0,0.0,0.0,1.0,0.0,0.0,0.0,0.0,1.0,0.0,,0.0,False,Qwen/Qwen2.5-Coder-7B-Instruct,None
3260,Bar,Easy,0.3884,0.7768,2,0.0,0.0,0.0,0.0,0.0,0.0,0.0,0.0,0.0,0.0,1.0,0.0,0.0,False,Qwen/Qwen2.5-Coder-7B-Instruct,None
3260,Bar,Easy,0.3884,0.7768,2,0.0,0.0,0.0,0.0,0.0,0.0,0.0,0.0,0.0,0.0,1.0,0.0,0.0,False,Qwen/Qwen2.5-Coder-7B-Instruct,None
3260,Bar,Easy,0.3884,0.7768,2,0.0,0.0,0.0,0.0,0.0,0.0,0.0,0.0,0.0,0.0,1.0,0.0,0.0,False,Qwen/Qwen2.5-Coder-7B-Instruct,None
3262,Pie,Easy,0.3553,0.7105,2,0.0,0.0,0.0,0.0,1.0,0.0,0.0,0.0,0.0,1.0,0.0,,0.0,False,Qwen/Qwen2.5-Coder-7B-Instruct,None
3262,Pie,Easy,0.3553,0.7105,2,0.0,0.0,0.0,0.0,1.0,0.0,0.0,0.0,0.0,1.0,0.0,,0.0,False,Qwen/Qwen2.5-Coder-7B-Instruct,None
3262,Pie,Easy,0.3553,0.7105,2,0.0,0.0,0.0,0.0,1.0,0.0,0.0,0.0,0.0,1.0,0.0,,0.0,False,Qwen/Qwen2.5-Coder-7B-Instruct,None
3263,Bar,Easy,0.3787,1.1362,3,0.0,0.0,0.0,0.0,0.0,0.0,0.0,0.0,0.0,0.0,1.0,0.0,0.0,False,Qwen/Qwen2.5-Coder-7B-Instruct,None
3263,Bar,Easy,0.3787,1.1362,3,0.0,0.0,0.0,0.0,0.0,0.0,0.0,0.0,0.0,0.0,1.0,0.0,0.0,False,Qwen/Qwen2.5-Coder-7B-Instruct,None
3263,Bar,Easy,0.3787,1.1362,3,0.0,0.0,0.0,0.0,0.0,0.0,0.0,0.0,0.0,0.0,1.0,0.0,0.0,False,Qwen/Qwen2.5-Coder-7B-Instruct,None
3264,Pie,Easy,0.3405,0.6811,2,0.0,0.0,0.0,0.0,0.0,0.0,0.0,0.0,0.0,0.0,1.0,0.0,0.0,False,Qwen/Qwen2.5-Coder-7B-Instruct,None
3264,Pie,Easy,0.3405,0.6811,2,0.0,0.0,0.0,0.0,0.0,0.0,0.0,0.0,0.0,0.0,1.0,0.0,0.0,False,Qwen/Qwen2.5-Coder-7B-Instruct,None
3264,Pie,Easy,0.3405,0.6811,2,0.0,0.0,0.0,0.0,0.0,0.0,0.0,0.0,0.0,0.0,1.0,0.0,0.0,False,Qwen/Qwen2.5-Coder-7B-Instruct,None
3265,Pie,Medium,5.3214,31.9284,6,0.0,0.0,0.0,0.0,0.5,0.0,0.0,0.0,0.0,0.5,0.5,0.0,0.0,True,Qwen/Qwen2.5-Coder-7B-Instruct,None
3265,Pie,Medium,5.3214,31.9284,6,0.0,0.0,0.0,0.0,0.5,0.0,0.0,0.0,0.0,0.5,0.5,0.0,0.0,True,Qwen/Qwen2.5-Coder-7B-Instruct,None
3265,Pie,Medium,5.3214,31.9284,6,0.0,0.0,0.0,0.0,0.5,0.0,0.0,0.0,0.0,0.5,0.5,0.0,0.0,True,Qwen/Qwen2.5-Coder-7B-Instruct,None
3268,Pie,Medium,3.1724,6.3447,2,0.0,0.0,0.0,0.0,0.0,0.0,0.0,0.0,0.0,0.0,1.0,0.0,0.0,False,Qwen/Qwen2.5-Coder-7B-Instruct,None
3268,Pie,Medium,3.1724,6.3447,2,0.0,0.0,0.0,0.0,0.0,0.0,0.0,0.0,0.0,0.0,1.0,0.0,0.0,False,Qwen/Qwen2.5-Coder-7B-Instruct,None
3268,Pie,Medium,3.1724,6.3447,2,0.0,0.0,0.0,0.0,0.0,0.0,0.0,0.0,0.0,0.0,1.0,0.0,0.0,False,Qwen/Qwen2.5-Coder-7B-Instruct,None
3270,Scatter,Medium,9.6892,9.6892,1,0.0,0.0,0.0,0.0,1.0,0.0,0.0,0.0,0.0,1.0,0.0,,0.0,False,Qwen/Qwen2.5-Coder-7B-Instruct,None
3270,Scatter,Medium,9.6892,9.6892,1,0.0,0.0,0.0,0.0,1.0,0.0,0.0,0.0,0.0,1.0,0.0,,0.0,False,Qwen/Qwen2.5-Coder-7B-Instruct,None
3270,Scatter,Medium,9.6892,9.6892,1,0.0,0.0,0.0,0.0,1.0,0.0,0.0,0.0,0.0,1.0,0.0,,0.0,False,Qwen/Qwen2.5-Coder-7B-Instruct,None
3271,Pie,Medium,6.6758,13.3516,2,0.0,1.0,0.0,0.0,0.0,0.0,0.0,0.0,1.0,0.0,0.0,,0.0,False,Qwen/Qwen2.5-Coder-7B-Instruct,None
3271,Pie,Medium,6.6758,13.3516,2,0.0,1.0,0.0,0.0,0.0,0.0,0.0,0.0,1.0,0.0,0.0,,0.0,False,Qwen/Qwen2.5-Coder-7B-Instruct,None
3271,Pie,Medium,6.6758,13.3516,2,0.0,1.0,0.0,0.0,0.0,0.0,0.0,0.0,1.0,0.0,0.0,,0.0,False,Qwen/Qwen2.5-Coder-7B-Instruct,None
3272,Grouping Scatter,Medium,6.4271,6.4271,1,0.0,1.0,0.0,0.0,0.0,0.0,0.0,0.0,1.0,0.0,0.0,,0.0,False,Qwen/Qwen2.5-Coder-7B-Instruct,None
3272,Grouping Scatter,Medium,6.4271,6.4271,1,0.0,1.0,0.0,0.0,0.0,0.0,0.0,0.0,1.0,0.0,0.0,,0.0,False,Qwen/Qwen2.5-Coder-7B-Instruct,None
3272,Grouping Scatter,Medium,6.4271,6.4271,1,0.0,1.0,0.0,0.0,0.0,0.0,0.0,0.0,1.0,0.0,0.0,,0.0,False,Qwen/Qwen2.5-Coder-7B-Instruct,None
3273,Pie,Hard,1.1213,2.2426,2,0.0,0.0,0.0,0.0,0.0,0.0,0.0,0.0,0.0,0.0,1.0,0.0,0.0,True,Qwen/Qwen2.5-Coder-7B-Instruct,None
3273,Pie,Hard,1.1213,2.2426,2,0.0,0.0,0.0,0.0,0.0,0.0,0.0,0.0,0.0,0.0,1.0,0.0,0.0,True,Qwen/Qwen2.5-Coder-7B-Instruct,None
3273,Pie,Hard,1.1213,2.2426,2,0.0,0.0,0.0,0.0,0.0,0.0,0.0,0.0,0.0,0.0,1.0,0.0,0.0,True,Qwen/Qwen2.5-Coder-7B-Instruct,None
3274,Bar,Hard,1.1243,2.2486,2,0.0,0.0,0.0,0.0,0.0,0.0,0.0,0.0,0.0,0.0,1.0,0.0,0.0,True,Qwen/Qwen2.5-Coder-7B-Instruct,None
3274,Bar,Hard,1.1243,2.2486,2,0.0,0.0,0.0,0.0,0.0,0.0,0.0,0.0,0.0,0.0,1.0,0.0,0.0,True,Qwen/Qwen2.5-Coder-7B-Instruct,None
3274,Bar,Hard,1.1243,2.2486,2,0.0,0.0,0.0,0.0,0.0,0.0,0.0,0.0,0.0,0.0,1.0,0.0,0.0,True,Qwen/Qwen2.5-Coder-7B-Instruct,None
3278,Pie,Easy,0.3601,1.4404,4,0.0,0.0,0.0,0.0,1.0,0.0,0.0,0.0,0.0,1.0,0.0,,0.0,False,Qwen/Qwen2.5-Coder-7B-Instruct,None
3278,Pie,Easy,0.3601,1.4404,4,0.0,0.0,0.0,0.0,1.0,0.0,0.0,0.0,0.0,1.0,0.0,,0.0,False,Qwen/Qwen2.5-Coder-7B-Instruct,None
3278,Pie,Easy,0.3601,1.4404,4,0.0,0.0,0.0,0.0,1.0,0.0,0.0,0.0,0.0,1.0,0.0,,0.0,False,Qwen/Qwen2.5-Coder-7B-Instruct,None
3291,Bar,Medium,0.6005,0.6005,1,0.0,0.0,0.0,0.0,0.0,0.0,0.0,0.0,0.0,0.0,1.0,0.0,0.0,False,Qwen/Qwen2.5-Coder-7B-Instruct,None
3291,Bar,Medium,0.6005,0.6005,1,0.0,0.0,0.0,0.0,0.0,0.0,0.0,0.0,0.0,0.0,1.0,0.0,0.0,False,Qwen/Qwen2.5-Coder-7B-Instruct,None
3291,Bar,Medium,0.6005,0.6005,1,0.0,0.0,0.0,0.0,0.0,0.0,0.0,0.0,0.0,0.0,1.0,0.0,0.0,False,Qwen/Qwen2.5-Coder-7B-Instruct,None
372@y_name@DESC,Bar,Medium,0.6557,0.6557,1,0.0,0.0,0.0,0.0,0.0,0.0,0.0,0.0,0.0,0.0,1.0,0.0,0.0,False,Qwen/Qwen2.5-Coder-7B-Instruct,None
372@y_name@DESC,Bar,Medium,0.6557,0.6557,1,0.0,0.0,0.0,0.0,0.0,0.0,0.0,0.0,0.0,0.0,1.0,0.0,0.0,False,Qwen/Qwen2.5-Coder-7B-Instruct,None
372@y_name@DESC,Bar,Medium,0.6557,0.6557,1,0.0,0.0,0.0,0.0,0.0,0.0,0.0,0.0,0.0,0.0,1.0,0.0,0.0,False,Qwen/Qwen2.5-Coder-7B-Instruct,None
2443@y_name@ASC,Bar,Hard,0.9399,3.7597,4,0.0,0.0,0.0,0.0,0.0,0.0,0.0,0.0,0.0,0.0,1.0,0.0,0.0,True,Qwen/Qwen2.5-Coder-7B-Instruct,None
2443@y_name@ASC,Bar,Hard,0.9399,3.7597,4,0.0,0.0,0.0,0.0,0.0,0.0,0.0,0.0,0.0,0.0,1.0,0.0,0.0,True,Qwen/Qwen2.5-Coder-7B-Instruct,None
2443@y_name@ASC,Bar,Hard,0.9399,3.7597,4,0.0,0.0,0.0,0.0,0.0,0.0,0.0,0.0,0.0,0.0,1.0,0.0,0.0,True,Qwen/Qwen2.5-Coder-7B-Instruct,None
2450@x_name@DESC,Bar,Medium,0.5,2.4999,5,0.0,0.0,0.0,0.0,0.0,0.6,0.0,0.0,0.0,0.6,0.4,0.0,0.0,False,Qwen/Qwen2.5-Coder-7B-Instruct,None
2450@x_name@DESC,Bar,Medium,0.5,2.4999,5,0.0,0.0,0.0,0.0,0.0,0.6,0.0,0.0,0.0,0.6,0.4,0.0,0.0,False,Qwen/Qwen2.5-Coder-7B-Instruct,None
2450@x_name@DESC,Bar,Medium,0.5,2.4999,5,0.0,0.0,0.0,0.0,0.0,0.6,0.0,0.0,0.0,0.6,0.4,0.0,0.0,False,Qwen/Qwen2.5-Coder-7B-Instruct,None
1384@y_name@ASC,Bar,Medium,0.5498,1.0996,2,0.0,0.0,0.0,0.0,0.0,0.0,0.0,0.0,0.0,0.0,1.0,0.0,0.0,False,Qwen/Qwen2.5-Coder-7B-Instruct,None
1384@y_name@ASC,Bar,Medium,0.5498,1.0996,2,0.0,0.0,0.0,0.0,0.0,0.0,0.0,0.0,0.0,0.0,1.0,0.0,0.0,False,Qwen/Qwen2.5-Coder-7B-Instruct,None
1384@y_name@ASC,Bar,Medium,0.5498,1.0996,2,0.0,0.0,0.0,0.0,0.0,0.0,0.0,0.0,0.0,0.0,1.0,0.0,0.0,False,Qwen/Qwen2.5-Coder-7B-Instruct,None
1388@x_name@ASC,Line,Hard,0.4843,0.9685,2,0.0,0.0,0.0,0.0,0.0,0.0,0.0,0.0,0.0,0.0,1.0,0.0,0.0,True,Qwen/Qwen2.5-Coder-7B-Instruct,None
1388@x_name@ASC,Line,Hard,0.4843,0.9685,2,0.0,0.0,0.0,0.0,0.0,0.0,0.0,0.0,0.0,0.0,1.0,0.0,0.0,True,Qwen/Qwen2.5-Coder-7B-Instruct,None
1388@x_name@ASC,Line,Hard,0.4843,0.9685,2,0.0,0.0,0.0,0.0,0.0,0.0,0.0,0.0,0.0,0.0,1.0,0.0,0.0,True,Qwen/Qwen2.5-Coder-7B-Instruct,None
1390@y_name@DESC,Bar,Hard,1.0858,2.1716,2,0.0,0.0,0.0,0.0,0.0,0.0,0.0,0.0,0.0,0.0,1.0,0.0,0.0,True,Qwen/Qwen2.5-Coder-7B-Instruct,None
1390@y_name@DESC,Bar,Hard,1.0858,2.1716,2,0.0,0.0,0.0,0.0,0.0,0.0,0.0,0.0,0.0,0.0,1.0,0.0,0.0,True,Qwen/Qwen2.5-Coder-7B-Instruct,None
1390@y_name@DESC,Bar,Hard,1.0858,2.1716,2,0.0,0.0,0.0,0.0,0.0,0.0,0.0,0.0,0.0,0.0,1.0,0.0,0.0,True,Qwen/Qwen2.5-Coder-7B-Instruct,None
3204@y_name@DESC,Bar,Medium,0.5162,1.5485,3,0.0,0.0,0.0,0.0,0.3333333333333333,0.0,0.0,0.0,0.0,0.3333333333333333,0.6666666666666666,0.0,0.0,False,Qwen/Qwen2.5-Coder-7B-Instruct,None
3204@y_name@DESC,Bar,Medium,0.5162,1.5485,3,0.0,0.0,0.0,0.0,0.3333333333333333,0.0,0.0,0.0,0.0,0.3333333333333333,0.6666666666666666,0.0,0.0,False,Qwen/Qwen2.5-Coder-7B-Instruct,None
3204@y_name@DESC,Bar,Medium,0.5162,1.5485,3,0.0,0.0,0.0,0.0,0.3333333333333333,0.0,0.0,0.0,0.0,0.3333333333333333,0.6666666666666666,0.0,0.0,False,Qwen/Qwen2.5-Coder-7B-Instruct,None
1475@y_name@DESC,Bar,Hard,0.9392,0.9392,1,0.0,0.0,0.0,0.0,0.0,0.0,0.0,0.0,0.0,0.0,1.0,0.0,0.0,True,Qwen/Qwen2.5-Coder-7B-Instruct,None
1475@y_name@DESC,Bar,Hard,0.9392,0.9392,1,0.0,0.0,0.0,0.0,0.0,0.0,0.0,0.0,0.0,0.0,1.0,0.0,0.0,True,Qwen/Qwen2.5-Coder-7B-Instruct,None
1475@y_name@DESC,Bar,Hard,0.9392,0.9392,1,0.0,0.0,0.0,0.0,0.0,0.0,0.0,0.0,0.0,0.0,1.0,0.0,0.0,True,Qwen/Qwen2.5-Coder-7B-Instruct,None
1478@y_name@DESC,Bar,Extra Hard,1.2467,1.2467,1,0.0,0.0,0.0,0.0,0.0,0.0,0.0,0.0,0.0,0.0,1.0,0.0,0.0,True,Qwen/Qwen2.5-Coder-7B-Instruct,None
1478@y_name@DESC,Bar,Extra Hard,1.2467,1.2467,1,0.0,0.0,0.0,0.0,0.0,0.0,0.0,0.0,0.0,0.0,1.0,0.0,0.0,True,Qwen/Qwen2.5-Coder-7B-Instruct,None
1478@y_name@DESC,Bar,Extra Hard,1.2467,1.2467,1,0.0,0.0,0.0,0.0,0.0,0.0,0.0,0.0,0.0,0.0,1.0,0.0,0.0,True,Qwen/Qwen2.5-Coder-7B-Instruct,None
1484@x_name@ASC,Grouping Line,Hard,0.5985,0.5985,1,0.0,0.0,0.0,0.0,1.0,0.0,0.0,0.0,0.0,1.0,0.0,,0.0,False,Qwen/Qwen2.5-Coder-7B-Instruct,None
1484@x_name@ASC,Grouping Line,Hard,0.5985,0.5985,1,0.0,0.0,0.0,0.0,1.0,0.0,0.0,0.0,0.0,1.0,0.0,,0.0,False,Qwen/Qwen2.5-Coder-7B-Instruct,None
1484@x_name@ASC,Grouping Line,Hard,0.5985,0.5985,1,0.0,0.0,0.0,0.0,1.0,0.0,0.0,0.0,0.0,1.0,0.0,,0.0,False,Qwen/Qwen2.5-Coder-7B-Instruct,None
1487@y_name@ASC,Stacked Bar,Hard,0.6758,1.3517,2,0.0,0.0,0.0,0.0,0.0,1.0,0.0,0.0,0.0,1.0,0.0,,0.0,False,Qwen/Qwen2.5-Coder-7B-Instruct,None
1487@y_name@ASC,Stacked Bar,Hard,0.6758,1.3517,2,0.0,0.0,0.0,0.0,0.0,1.0,0.0,0.0,0.0,1.0,0.0,,0.0,False,Qwen/Qwen2.5-Coder-7B-Instruct,None
1487@y_name@ASC,Stacked Bar,Hard,0.6758,1.3517,2,0.0,0.0,0.0,0.0,0.0,1.0,0.0,0.0,0.0,1.0,0.0,,0.0,False,Qwen/Qwen2.5-Coder-7B-Instruct,None
1488@x_name@DESC,Stacked Bar,Hard,0.6465,0.6465,1,0.0,0.0,0.0,0.0,0.0,1.0,0.0,0.0,0.0,1.0,0.0,,0.0,False,Qwen/Qwen2.5-Coder-7B-Instruct,None
1488@x_name@DESC,Stacked Bar,Hard,0.6465,0.6465,1,0.0,0.0,0.0,0.0,0.0,1.0,0.0,0.0,0.0,1.0,0.0,,0.0,False,Qwen/Qwen2.5-Coder-7B-Instruct,None
1488@x_name@DESC,Stacked Bar,Hard,0.6465,0.6465,1,0.0,0.0,0.0,0.0,0.0,1.0,0.0,0.0,0.0,1.0,0.0,,0.0,False,Qwen/Qwen2.5-Coder-7B-Instruct,None
1491@y_name@DESC,Bar,Medium,0.4791,0.9582,2,0.0,0.0,0.0,0.0,0.0,0.0,0.0,0.0,0.0,0.0,1.0,0.0,0.0,False,Qwen/Qwen2.5-Coder-7B-Instruct,None
1491@y_name@DESC,Bar,Medium,0.4791,0.9582,2,0.0,0.0,0.0,0.0,0.0,0.0,0.0,0.0,0.0,0.0,1.0,0.0,0.0,False,Qwen/Qwen2.5-Coder-7B-Instruct,None
1491@y_name@DESC,Bar,Medium,0.4791,0.9582,2,0.0,0.0,0.0,0.0,0.0,0.0,0.0,0.0,0.0,0.0,1.0,0.0,0.0,False,Qwen/Qwen2.5-Coder-7B-Instruct,None
1493@y_name@ASC,Bar,Medium,0.482,0.9639,2,0.0,0.0,0.0,0.0,0.0,0.0,0.0,0.0,0.0,0.0,1.0,0.0,0.0,False,Qwen/Qwen2.5-Coder-7B-Instruct,None
1493@y_name@ASC,Bar,Medium,0.482,0.9639,2,0.0,0.0,0.0,0.0,0.0,0.0,0.0,0.0,0.0,0.0,1.0,0.0,0.0,False,Qwen/Qwen2.5-Coder-7B-Instruct,None
1493@y_name@ASC,Bar,Medium,0.482,0.9639,2,0.0,0.0,0.0,0.0,0.0,0.0,0.0,0.0,0.0,0.0,1.0,0.0,0.0,False,Qwen/Qwen2.5-Coder-7B-Instruct,None
1494@x_name@ASC,Line,Medium,0.4407,0.4407,1,0.0,0.0,0.0,0.0,0.0,0.0,0.0,0.0,0.0,0.0,1.0,0.0,0.0,False,Qwen/Qwen2.5-Coder-7B-Instruct,None
1494@x_name@ASC,Line,Medium,0.4407,0.4407,1,0.0,0.0,0.0,0.0,0.0,0.0,0.0,0.0,0.0,0.0,1.0,0.0,0.0,False,Qwen/Qwen2.5-Coder-7B-Instruct,None
1494@x_name@ASC,Line,Medium,0.4407,0.4407,1,0.0,0.0,0.0,0.0,0.0,0.0,0.0,0.0,0.0,0.0,1.0,0.0,0.0,False,Qwen/Qwen2.5-Coder-7B-Instruct,None
1495@x_name@ASC,Line,Medium,0.453,1.3589,3,0.0,0.0,0.0,0.0,0.0,0.0,0.0,0.0,0.0,0.0,1.0,0.0,0.0,False,Qwen/Qwen2.5-Coder-7B-Instruct,None
1495@x_name@ASC,Line,Medium,0.453,1.3589,3,0.0,0.0,0.0,0.0,0.0,0.0,0.0,0.0,0.0,0.0,1.0,0.0,0.0,False,Qwen/Qwen2.5-Coder-7B-Instruct,None
1495@x_name@ASC,Line,Medium,0.453,1.3589,3,0.0,0.0,0.0,0.0,0.0,0.0,0.0,0.0,0.0,0.0,1.0,0.0,0.0,False,Qwen/Qwen2.5-Coder-7B-Instruct,None
1523@x_name@DESC,Bar,Extra Hard,1.1133,1.1133,1,0.0,0.0,0.0,0.0,0.0,1.0,0.0,0.0,0.0,1.0,0.0,,0.0,True,Qwen/Qwen2.5-Coder-7B-Instruct,None
1523@x_name@DESC,Bar,Extra Hard,1.1133,1.1133,1,0.0,0.0,0.0,0.0,0.0,1.0,0.0,0.0,0.0,1.0,0.0,,0.0,True,Qwen/Qwen2.5-Coder-7B-Instruct,None
1523@x_name@DESC,Bar,Extra Hard,1.1133,1.1133,1,0.0,0.0,0.0,0.0,0.0,1.0,0.0,0.0,0.0,1.0,0.0,,0.0,True,Qwen/Qwen2.5-Coder-7B-Instruct,None
1525@y_name@ASC,Bar,Hard,0.9203,2.7608,3,0.0,0.0,0.0,0.0,0.0,0.0,0.0,0.0,0.0,0.0,1.0,0.0,0.0,True,Qwen/Qwen2.5-Coder-7B-Instruct,None
1525@y_name@ASC,Bar,Hard,0.9203,2.7608,3,0.0,0.0,0.0,0.0,0.0,0.0,0.0,0.0,0.0,0.0,1.0,0.0,0.0,True,Qwen/Qwen2.5-Coder-7B-Instruct,None
1525@y_name@ASC,Bar,Hard,0.9203,2.7608,3,0.0,0.0,0.0,0.0,0.0,0.0,0.0,0.0,0.0,0.0,1.0,0.0,0.0,True,Qwen/Qwen2.5-Coder-7B-Instruct,None
1532@x_name@DESC,Bar,Hard,0.7799,2.3398,3,0.0,0.0,0.0,0.0,0.0,1.0,0.0,0.0,0.0,1.0,0.0,,0.0,True,Qwen/Qwen2.5-Coder-7B-Instruct,None
1532@x_name@DESC,Bar,Hard,0.7799,2.3398,3,0.0,0.0,0.0,0.0,0.0,1.0,0.0,0.0,0.0,1.0,0.0,,0.0,True,Qwen/Qwen2.5-Coder-7B-Instruct,None
1532@x_name@DESC,Bar,Hard,0.7799,2.3398,3,0.0,0.0,0.0,0.0,0.0,1.0,0.0,0.0,0.0,1.0,0.0,,0.0,True,Qwen/Qwen2.5-Coder-7B-Instruct,None
2308@y_name@DESC,Bar,Medium,0.5477,0.5477,1,0.0,0.0,0.0,0.0,0.0,0.0,0.0,0.0,0.0,0.0,1.0,0.0,0.0,False,Qwen/Qwen2.5-Coder-7B-Instruct,None
2308@y_name@DESC,Bar,Medium,0.5477,0.5477,1,0.0,0.0,0.0,0.0,0.0,0.0,0.0,0.0,0.0,0.0,1.0,0.0,0.0,False,Qwen/Qwen2.5-Coder-7B-Instruct,None
2308@y_name@DESC,Bar,Medium,0.5477,0.5477,1,0.0,0.0,0.0,0.0,0.0,0.0,0.0,0.0,0.0,0.0,1.0,0.0,0.0,False,Qwen/Qwen2.5-Coder-7B-Instruct,None
2310@x_name@DESC,Bar,Hard,1.0398,1.0398,1,0.0,0.0,0.0,0.0,0.0,1.0,0.0,0.0,0.0,1.0,0.0,,0.0,True,Qwen/Qwen2.5-Coder-7B-Instruct,None
2310@x_name@DESC,Bar,Hard,1.0398,1.0398,1,0.0,0.0,0.0,0.0,0.0,1.0,0.0,0.0,0.0,1.0,0.0,,0.0,True,Qwen/Qwen2.5-Coder-7B-Instruct,None
2310@x_name@DESC,Bar,Hard,1.0398,1.0398,1,0.0,0.0,0.0,0.0,0.0,1.0,0.0,0.0,0.0,1.0,0.0,,0.0,True,Qwen/Qwen2.5-Coder-7B-Instruct,None
2314@x_name@DESC,Bar,Medium,0.8786,1.7571,2,0.0,0.0,0.0,0.0,0.0,0.5,0.0,0.0,0.0,0.5,0.5,0.0,0.0,True,Qwen/Qwen2.5-Coder-7B-Instruct,None
2314@x_name@DESC,Bar,Medium,0.8786,1.7571,2,0.0,0.0,0.0,0.0,0.0,0.5,0.0,0.0,0.0,0.5,0.5,0.0,0.0,True,Qwen/Qwen2.5-Coder-7B-Instruct,None
2314@x_name@DESC,Bar,Medium,0.8786,1.7571,2,0.0,0.0,0.0,0.0,0.0,0.5,0.0,0.0,0.0,0.5,0.5,0.0,0.0,True,Qwen/Qwen2.5-Coder-7B-Instruct,None
2831@x_name@DESC,Bar,Medium,0.4564,1.3692,3,0.0,0.0,0.0,0.0,0.0,1.0,0.0,0.0,0.0,1.0,0.0,,0.0,False,Qwen/Qwen2.5-Coder-7B-Instruct,None
2831@x_name@DESC,Bar,Medium,0.4564,1.3692,3,0.0,0.0,0.0,0.0,0.0,1.0,0.0,0.0,0.0,1.0,0.0,,0.0,False,Qwen/Qwen2.5-Coder-7B-Instruct,None
2831@x_name@DESC,Bar,Medium,0.4564,1.3692,3,0.0,0.0,0.0,0.0,0.0,1.0,0.0,0.0,0.0,1.0,0.0,,0.0,False,Qwen/Qwen2.5-Coder-7B-Instruct,None
2834@x_name@DESC,Bar,Medium,0.5265,0.5265,1,0.0,0.0,0.0,0.0,0.0,1.0,0.0,0.0,0.0,1.0,0.0,,0.0,False,Qwen/Qwen2.5-Coder-7B-Instruct,None
2834@x_name@DESC,Bar,Medium,0.5265,0.5265,1,0.0,0.0,0.0,0.0,0.0,1.0,0.0,0.0,0.0,1.0,0.0,,0.0,False,Qwen/Qwen2.5-Coder-7B-Instruct,None
2834@x_name@DESC,Bar,Medium,0.5265,0.5265,1,0.0,0.0,0.0,0.0,0.0,1.0,0.0,0.0,0.0,1.0,0.0,,0.0,False,Qwen/Qwen2.5-Coder-7B-Instruct,None
2838@x_name@ASC,Bar,Medium,0.541,1.0821,2,0.0,0.0,0.0,0.0,0.5,0.5,0.0,0.0,0.0,1.0,0.0,,0.0,False,Qwen/Qwen2.5-Coder-7B-Instruct,None
2838@x_name@ASC,Bar,Medium,0.541,1.0821,2,0.0,0.0,0.0,0.0,0.5,0.5,0.0,0.0,0.0,1.0,0.0,,0.0,False,Qwen/Qwen2.5-Coder-7B-Instruct,None
2838@x_name@ASC,Bar,Medium,0.541,1.0821,2,0.0,0.0,0.0,0.0,0.5,0.5,0.0,0.0,0.0,1.0,0.0,,0.0,False,Qwen/Qwen2.5-Coder-7B-Instruct,None
2841@y_name@ASC,Bar,Medium,0.5995,1.199,2,0.0,0.0,0.0,0.0,0.0,0.0,0.0,0.0,0.0,0.0,1.0,0.0,0.0,False,Qwen/Qwen2.5-Coder-7B-Instruct,None
2841@y_name@ASC,Bar,Medium,0.5995,1.199,2,0.0,0.0,0.0,0.0,0.0,0.0,0.0,0.0,0.0,0.0,1.0,0.0,0.0,False,Qwen/Qwen2.5-Coder-7B-Instruct,None
2841@y_name@ASC,Bar,Medium,0.5995,1.199,2,0.0,0.0,0.0,0.0,0.0,0.0,0.0,0.0,0.0,0.0,1.0,0.0,0.0,False,Qwen/Qwen2.5-Coder-7B-Instruct,None
2844@y_name@DESC,Bar,Medium,0.4476,0.8952,2,0.0,0.0,0.0,0.0,0.0,0.0,0.0,0.0,0.0,0.0,1.0,0.0,0.0,False,Qwen/Qwen2.5-Coder-7B-Instruct,None
2844@y_name@DESC,Bar,Medium,0.4476,0.8952,2,0.0,0.0,0.0,0.0,0.0,0.0,0.0,0.0,0.0,0.0,1.0,0.0,0.0,False,Qwen/Qwen2.5-Coder-7B-Instruct,None
2844@y_name@DESC,Bar,Medium,0.4476,0.8952,2,0.0,0.0,0.0,0.0,0.0,0.0,0.0,0.0,0.0,0.0,1.0,0.0,0.0,False,Qwen/Qwen2.5-Coder-7B-Instruct,None
2845@y_name@ASC,Bar,Extra Hard,1.3232,1.3232,1,0.0,0.0,0.0,0.0,0.0,0.0,0.0,0.0,0.0,0.0,1.0,0.0,0.0,True,Qwen/Qwen2.5-Coder-7B-Instruct,None
2845@y_name@ASC,Bar,Extra Hard,1.3232,1.3232,1,0.0,0.0,0.0,0.0,0.0,0.0,0.0,0.0,0.0,0.0,1.0,0.0,0.0,True,Qwen/Qwen2.5-Coder-7B-Instruct,None
2845@y_name@ASC,Bar,Extra Hard,1.3232,1.3232,1,0.0,0.0,0.0,0.0,0.0,0.0,0.0,0.0,0.0,0.0,1.0,0.0,0.0,True,Qwen/Qwen2.5-Coder-7B-Instruct,None
2544@y_name@ASC,Bar,Medium,0.4473,1.3418,3,0.0,0.0,0.0,0.0,0.0,0.0,0.0,0.0,0.0,0.0,1.0,0.0,0.0,False,Qwen/Qwen2.5-Coder-7B-Instruct,None
2544@y_name@ASC,Bar,Medium,0.4473,1.3418,3,0.0,0.0,0.0,0.0,0.0,0.0,0.0,0.0,0.0,0.0,1.0,0.0,0.0,False,Qwen/Qwen2.5-Coder-7B-Instruct,None
2544@y_name@ASC,Bar,Medium,0.4473,1.3418,3,0.0,0.0,0.0,0.0,0.0,0.0,0.0,0.0,0.0,0.0,1.0,0.0,0.0,False,Qwen/Qwen2.5-Coder-7B-Instruct,None
2865@y_name@ASC,Bar,Hard,1.0308,3.0924,3,0.0,0.0,0.0,0.0,0.6666666666666666,0.0,0.0,0.0,0.0,0.6666666666666666,0.3333333333333333,0.0,0.0,True,Qwen/Qwen2.5-Coder-7B-Instruct,None
2865@y_name@ASC,Bar,Hard,1.0308,3.0924,3,0.0,0.0,0.0,0.0,0.6666666666666666,0.0,0.0,0.0,0.0,0.6666666666666666,0.3333333333333333,0.0,0.0,True,Qwen/Qwen2.5-Coder-7B-Instruct,None
2865@y_name@ASC,Bar,Hard,1.0308,3.0924,3,0.0,0.0,0.0,0.0,0.6666666666666666,0.0,0.0,0.0,0.0,0.6666666666666666,0.3333333333333333,0.0,0.0,True,Qwen/Qwen2.5-Coder-7B-Instruct,None
2867@x_name@ASC,Bar,Hard,0.8471,1.6942,2,0.0,0.0,0.0,0.0,0.0,0.5,0.0,0.0,0.0,0.5,0.5,0.0,0.0,True,Qwen/Qwen2.5-Coder-7B-Instruct,None
2867@x_name@ASC,Bar,Hard,0.8471,1.6942,2,0.0,0.0,0.0,0.0,0.0,0.5,0.0,0.0,0.0,0.5,0.5,0.0,0.0,True,Qwen/Qwen2.5-Coder-7B-Instruct,None
2867@x_name@ASC,Bar,Hard,0.8471,1.6942,2,0.0,0.0,0.0,0.0,0.0,0.5,0.0,0.0,0.0,0.5,0.5,0.0,0.0,True,Qwen/Qwen2.5-Coder-7B-Instruct,None
2868@y_name@ASC,Bar,Medium,0.6,1.2,2,0.0,0.0,0.0,0.0,0.0,0.0,0.0,0.0,0.0,0.0,1.0,0.0,0.0,False,Qwen/Qwen2.5-Coder-7B-Instruct,None
2868@y_name@ASC,Bar,Medium,0.6,1.2,2,0.0,0.0,0.0,0.0,0.0,0.0,0.0,0.0,0.0,0.0,1.0,0.0,0.0,False,Qwen/Qwen2.5-Coder-7B-Instruct,None
2868@y_name@ASC,Bar,Medium,0.6,1.2,2,0.0,0.0,0.0,0.0,0.0,0.0,0.0,0.0,0.0,0.0,1.0,0.0,0.0,False,Qwen/Qwen2.5-Coder-7B-Instruct,None
2869@y_name@DESC,Bar,Medium,2.9217,5.8433,2,0.0,0.0,0.0,0.0,0.0,0.0,0.0,0.0,0.0,0.0,1.0,0.0,0.0,False,Qwen/Qwen2.5-Coder-7B-Instruct,None
2869@y_name@DESC,Bar,Medium,2.9217,5.8433,2,0.0,0.0,0.0,0.0,0.0,0.0,0.0,0.0,0.0,0.0,1.0,0.0,0.0,False,Qwen/Qwen2.5-Coder-7B-Instruct,None
2869@y_name@DESC,Bar,Medium,2.9217,5.8433,2,0.0,0.0,0.0,0.0,0.0,0.0,0.0,0.0,0.0,0.0,1.0,0.0,0.0,False,Qwen/Qwen2.5-Coder-7B-Instruct,None
1407@y_name@DESC,Bar,Medium,1.6318,6.5272,4,0.0,0.25,0.0,0.0,0.0,0.0,0.0,0.0,0.25,0.0,0.75,0.0,0.0,False,Qwen/Qwen2.5-Coder-7B-Instruct,None
1407@y_name@DESC,Bar,Medium,1.6318,6.5272,4,0.0,0.25,0.0,0.0,0.0,0.0,0.0,0.0,0.25,0.0,0.75,0.0,0.0,False,Qwen/Qwen2.5-Coder-7B-Instruct,None
1407@y_name@DESC,Bar,Medium,1.6318,6.5272,4,0.0,0.25,0.0,0.0,0.0,0.0,0.0,0.0,0.25,0.0,0.75,0.0,0.0,False,Qwen/Qwen2.5-Coder-7B-Instruct,None
1409@y_name@DESC,Bar,Hard,0.8645,3.458,4,0.0,0.0,0.0,0.0,0.0,0.0,0.0,0.0,0.0,0.0,1.0,0.0,0.0,True,Qwen/Qwen2.5-Coder-7B-Instruct,None
1409@y_name@DESC,Bar,Hard,0.8645,3.458,4,0.0,0.0,0.0,0.0,0.0,0.0,0.0,0.0,0.0,0.0,1.0,0.0,0.0,True,Qwen/Qwen2.5-Coder-7B-Instruct,None
1409@y_name@DESC,Bar,Hard,0.8645,3.458,4,0.0,0.0,0.0,0.0,0.0,0.0,0.0,0.0,0.0,0.0,1.0,0.0,0.0,True,Qwen/Qwen2.5-Coder-7B-Instruct,None
1413@y_name@ASC,Bar,Hard,0.5631,1.1263,2,0.0,0.0,0.0,0.0,0.0,0.0,0.0,0.0,0.0,0.0,1.0,0.0,0.0,False,Qwen/Qwen2.5-Coder-7B-Instruct,None
1413@y_name@ASC,Bar,Hard,0.5631,1.1263,2,0.0,0.0,0.0,0.0,0.0,0.0,0.0,0.0,0.0,0.0,1.0,0.0,0.0,False,Qwen/Qwen2.5-Coder-7B-Instruct,None
1413@y_name@ASC,Bar,Hard,0.5631,1.1263,2,0.0,0.0,0.0,0.0,0.0,0.0,0.0,0.0,0.0,0.0,1.0,0.0,0.0,False,Qwen/Qwen2.5-Coder-7B-Instruct,None
1414@y_name@DESC,Bar,Easy,0.3882,0.7764,2,0.0,0.0,0.0,0.0,0.0,0.0,0.0,0.0,0.0,0.0,1.0,0.0,0.0,False,Qwen/Qwen2.5-Coder-7B-Instruct,None
1414@y_name@DESC,Bar,Easy,0.3882,0.7764,2,0.0,0.0,0.0,0.0,0.0,0.0,0.0,0.0,0.0,0.0,1.0,0.0,0.0,False,Qwen/Qwen2.5-Coder-7B-Instruct,None
1414@y_name@DESC,Bar,Easy,0.3882,0.7764,2,0.0,0.0,0.0,0.0,0.0,0.0,0.0,0.0,0.0,0.0,1.0,0.0,0.0,False,Qwen/Qwen2.5-Coder-7B-Instruct,None
2173@y_name@DESC,Bar,Hard,0.6628,1.9883,3,0.0,0.0,0.0,0.0,1.0,0.0,0.0,0.0,0.0,1.0,0.0,,0.0,True,Qwen/Qwen2.5-Coder-7B-Instruct,None
2173@y_name@DESC,Bar,Hard,0.6628,1.9883,3,0.0,0.0,0.0,0.0,1.0,0.0,0.0,0.0,0.0,1.0,0.0,,0.0,True,Qwen/Qwen2.5-Coder-7B-Instruct,None
2173@y_name@DESC,Bar,Hard,0.6628,1.9883,3,0.0,0.0,0.0,0.0,1.0,0.0,0.0,0.0,0.0,1.0,0.0,,0.0,True,Qwen/Qwen2.5-Coder-7B-Instruct,None
2175@y_name@ASC,Bar,Medium,0.5371,0.5371,1,0.0,0.0,0.0,0.0,0.0,0.0,0.0,0.0,0.0,0.0,1.0,0.0,0.0,False,Qwen/Qwen2.5-Coder-7B-Instruct,None
2175@y_name@ASC,Bar,Medium,0.5371,0.5371,1,0.0,0.0,0.0,0.0,0.0,0.0,0.0,0.0,0.0,0.0,1.0,0.0,0.0,False,Qwen/Qwen2.5-Coder-7B-Instruct,None
2175@y_name@ASC,Bar,Medium,0.5371,0.5371,1,0.0,0.0,0.0,0.0,0.0,0.0,0.0,0.0,0.0,0.0,1.0,0.0,0.0,False,Qwen/Qwen2.5-Coder-7B-Instruct,None
2176@y_name@DESC,Bar,Medium,0.8774,1.7549,2,0.0,0.0,0.0,0.0,0.0,0.0,0.0,0.0,0.0,0.0,1.0,0.0,0.0,True,Qwen/Qwen2.5-Coder-7B-Instruct,None
2176@y_name@DESC,Bar,Medium,0.8774,1.7549,2,0.0,0.0,0.0,0.0,0.0,0.0,0.0,0.0,0.0,0.0,1.0,0.0,0.0,True,Qwen/Qwen2.5-Coder-7B-Instruct,None
2176@y_name@DESC,Bar,Medium,0.8774,1.7549,2,0.0,0.0,0.0,0.0,0.0,0.0,0.0,0.0,0.0,0.0,1.0,0.0,0.0,True,Qwen/Qwen2.5-Coder-7B-Instruct,None
2177@x_name@ASC,Bar,Medium,0.4688,0.9376,2,0.0,0.0,0.0,0.0,0.0,0.0,0.0,0.0,0.0,0.0,1.0,0.0,0.0,False,Qwen/Qwen2.5-Coder-7B-Instruct,None
2177@x_name@ASC,Bar,Medium,0.4688,0.9376,2,0.0,0.0,0.0,0.0,0.0,0.0,0.0,0.0,0.0,0.0,1.0,0.0,0.0,False,Qwen/Qwen2.5-Coder-7B-Instruct,None
2177@x_name@ASC,Bar,Medium,0.4688,0.9376,2,0.0,0.0,0.0,0.0,0.0,0.0,0.0,0.0,0.0,0.0,1.0,0.0,0.0,False,Qwen/Qwen2.5-Coder-7B-Instruct,None
2178@x_name@DESC,Bar,Medium,0.5218,0.5218,1,0.0,0.0,0.0,0.0,0.0,1.0,0.0,0.0,0.0,1.0,0.0,,0.0,False,Qwen/Qwen2.5-Coder-7B-Instruct,None
2178@x_name@DESC,Bar,Medium,0.5218,0.5218,1,0.0,0.0,0.0,0.0,0.0,1.0,0.0,0.0,0.0,1.0,0.0,,0.0,False,Qwen/Qwen2.5-Coder-7B-Instruct,None
2178@x_name@DESC,Bar,Medium,0.5218,0.5218,1,0.0,0.0,0.0,0.0,0.0,1.0,0.0,0.0,0.0,1.0,0.0,,0.0,False,Qwen/Qwen2.5-Coder-7B-Instruct,None
2179@y_name@DESC,Bar,Medium,2.526,5.052,2,0.0,0.0,0.0,0.0,0.5,0.0,0.0,0.0,0.0,0.5,0.5,0.0,0.0,False,Qwen/Qwen2.5-Coder-7B-Instruct,None
2179@y_name@DESC,Bar,Medium,2.526,5.052,2,0.0,0.0,0.0,0.0,0.5,0.0,0.0,0.0,0.0,0.5,0.5,0.0,0.0,False,Qwen/Qwen2.5-Coder-7B-Instruct,None
2179@y_name@DESC,Bar,Medium,2.526,5.052,2,0.0,0.0,0.0,0.0,0.5,0.0,0.0,0.0,0.0,0.5,0.5,0.0,0.0,False,Qwen/Qwen2.5-Coder-7B-Instruct,None
2191@x_name@DESC,Bar,Medium,0.5255,1.5766,3,0.0,0.0,0.0,0.0,0.0,0.3333333333333333,0.0,0.0,0.0,0.3333333333333333,0.6666666666666666,0.0,0.0,False,Qwen/Qwen2.5-Coder-7B-Instruct,None
2191@x_name@DESC,Bar,Medium,0.5255,1.5766,3,0.0,0.0,0.0,0.0,0.0,0.3333333333333333,0.0,0.0,0.0,0.3333333333333333,0.6666666666666666,0.0,0.0,False,Qwen/Qwen2.5-Coder-7B-Instruct,None
2191@x_name@DESC,Bar,Medium,0.5255,1.5766,3,0.0,0.0,0.0,0.0,0.0,0.3333333333333333,0.0,0.0,0.0,0.3333333333333333,0.6666666666666666,0.0,0.0,False,Qwen/Qwen2.5-Coder-7B-Instruct,None
2201@x_name@DESC,Bar,Medium,0.514,1.028,2,0.0,0.0,0.0,0.0,0.0,1.0,0.0,0.0,0.0,1.0,0.0,,0.0,False,Qwen/Qwen2.5-Coder-7B-Instruct,None
2201@x_name@DESC,Bar,Medium,0.514,1.028,2,0.0,0.0,0.0,0.0,0.0,1.0,0.0,0.0,0.0,1.0,0.0,,0.0,False,Qwen/Qwen2.5-Coder-7B-Instruct,None
2201@x_name@DESC,Bar,Medium,0.514,1.028,2,0.0,0.0,0.0,0.0,0.0,1.0,0.0,0.0,0.0,1.0,0.0,,0.0,False,Qwen/Qwen2.5-Coder-7B-Instruct,None
2203@x_name@DESC,Bar,Medium,0.7517,0.7517,1,0.0,0.0,0.0,0.0,0.0,1.0,0.0,0.0,0.0,1.0,0.0,,0.0,True,Qwen/Qwen2.5-Coder-7B-Instruct,None
2203@x_name@DESC,Bar,Medium,0.7517,0.7517,1,0.0,0.0,0.0,0.0,0.0,1.0,0.0,0.0,0.0,1.0,0.0,,0.0,True,Qwen/Qwen2.5-Coder-7B-Instruct,None
2203@x_name@DESC,Bar,Medium,0.7517,0.7517,1,0.0,0.0,0.0,0.0,0.0,1.0,0.0,0.0,0.0,1.0,0.0,,0.0,True,Qwen/Qwen2.5-Coder-7B-Instruct,None
2215@x_name@ASC,Bar,Hard,0.8967,1.7933,2,0.0,0.0,0.0,0.0,0.0,1.0,0.0,0.0,0.0,1.0,0.0,,0.0,True,Qwen/Qwen2.5-Coder-7B-Instruct,None
2215@x_name@ASC,Bar,Hard,0.8967,1.7933,2,0.0,0.0,0.0,0.0,0.0,1.0,0.0,0.0,0.0,1.0,0.0,,0.0,True,Qwen/Qwen2.5-Coder-7B-Instruct,None
2215@x_name@ASC,Bar,Hard,0.8967,1.7933,2,0.0,0.0,0.0,0.0,0.0,1.0,0.0,0.0,0.0,1.0,0.0,,0.0,True,Qwen/Qwen2.5-Coder-7B-Instruct,None
2224@x_name@ASC,Bar,Hard,0.7944,2.3831,3,0.0,0.0,0.0,0.0,0.0,0.0,0.0,0.0,0.0,0.0,1.0,0.0,0.0,True,Qwen/Qwen2.5-Coder-7B-Instruct,None
2224@x_name@ASC,Bar,Hard,0.7944,2.3831,3,0.0,0.0,0.0,0.0,0.0,0.0,0.0,0.0,0.0,0.0,1.0,0.0,0.0,True,Qwen/Qwen2.5-Coder-7B-Instruct,None
2224@x_name@ASC,Bar,Hard,0.7944,2.3831,3,0.0,0.0,0.0,0.0,0.0,0.0,0.0,0.0,0.0,0.0,1.0,0.0,0.0,True,Qwen/Qwen2.5-Coder-7B-Instruct,None
2225@y_name@DESC,Bar,Hard,0.8223,2.4668,3,0.0,0.0,0.0,0.0,0.0,0.0,0.0,0.0,0.0,0.0,1.0,0.0,0.0,True,Qwen/Qwen2.5-Coder-7B-Instruct,None
2225@y_name@DESC,Bar,Hard,0.8223,2.4668,3,0.0,0.0,0.0,0.0,0.0,0.0,0.0,0.0,0.0,0.0,1.0,0.0,0.0,True,Qwen/Qwen2.5-Coder-7B-Instruct,None
2225@y_name@DESC,Bar,Hard,0.8223,2.4668,3,0.0,0.0,0.0,0.0,0.0,0.0,0.0,0.0,0.0,0.0,1.0,0.0,0.0,True,Qwen/Qwen2.5-Coder-7B-Instruct,None
2235@x_name@DESC,Bar,Hard,0.7998,1.5997,2,0.0,0.0,0.0,0.0,0.0,0.5,0.0,0.0,0.0,0.5,0.5,0.0,0.0,True,Qwen/Qwen2.5-Coder-7B-Instruct,None
2235@x_name@DESC,Bar,Hard,0.7998,1.5997,2,0.0,0.0,0.0,0.0,0.0,0.5,0.0,0.0,0.0,0.5,0.5,0.0,0.0,True,Qwen/Qwen2.5-Coder-7B-Instruct,None
2235@x_name@DESC,Bar,Hard,0.7998,1.5997,2,0.0,0.0,0.0,0.0,0.0,0.5,0.0,0.0,0.0,0.5,0.5,0.0,0.0,True,Qwen/Qwen2.5-Coder-7B-Instruct,None
2236@y_name@ASC,Bar,Hard,0.7901,3.1605,4,0.0,0.0,0.0,0.0,0.5,0.0,0.0,0.0,0.0,0.5,0.5,0.0,0.0,True,Qwen/Qwen2.5-Coder-7B-Instruct,None
2236@y_name@ASC,Bar,Hard,0.7901,3.1605,4,0.0,0.0,0.0,0.0,0.5,0.0,0.0,0.0,0.0,0.5,0.5,0.0,0.0,True,Qwen/Qwen2.5-Coder-7B-Instruct,None
2236@y_name@ASC,Bar,Hard,0.7901,3.1605,4,0.0,0.0,0.0,0.0,0.5,0.0,0.0,0.0,0.0,0.5,0.5,0.0,0.0,True,Qwen/Qwen2.5-Coder-7B-Instruct,None
2305@y_name@ASC,Bar,Hard,0.7061,1.4122,2,0.0,0.0,0.0,0.0,1.0,0.0,0.0,0.0,0.0,1.0,0.0,,0.0,True,Qwen/Qwen2.5-Coder-7B-Instruct,None
2305@y_name@ASC,Bar,Hard,0.7061,1.4122,2,0.0,0.0,0.0,0.0,1.0,0.0,0.0,0.0,0.0,1.0,0.0,,0.0,True,Qwen/Qwen2.5-Coder-7B-Instruct,None
2305@y_name@ASC,Bar,Hard,0.7061,1.4122,2,0.0,0.0,0.0,0.0,1.0,0.0,0.0,0.0,0.0,1.0,0.0,,0.0,True,Qwen/Qwen2.5-Coder-7B-Instruct,None
894@y_name@DESC,Bar,Medium,0.6139,1.2278,2,0.0,0.0,0.0,0.0,0.0,0.0,0.0,0.0,0.0,0.0,1.0,0.0,0.0,False,Qwen/Qwen2.5-Coder-7B-Instruct,None
894@y_name@DESC,Bar,Medium,0.6139,1.2278,2,0.0,0.0,0.0,0.0,0.0,0.0,0.0,0.0,0.0,0.0,1.0,0.0,0.0,False,Qwen/Qwen2.5-Coder-7B-Instruct,None
894@y_name@DESC,Bar,Medium,0.6139,1.2278,2,0.0,0.0,0.0,0.0,0.0,0.0,0.0,0.0,0.0,0.0,1.0,0.0,0.0,False,Qwen/Qwen2.5-Coder-7B-Instruct,None
2643@x_name@DESC,Bar,Medium,0.4287,0.4287,1,0.0,0.0,0.0,0.0,0.0,1.0,0.0,0.0,0.0,1.0,0.0,,0.0,False,Qwen/Qwen2.5-Coder-7B-Instruct,None
2643@x_name@DESC,Bar,Medium,0.4287,0.4287,1,0.0,0.0,0.0,0.0,0.0,1.0,0.0,0.0,0.0,1.0,0.0,,0.0,False,Qwen/Qwen2.5-Coder-7B-Instruct,None
2643@x_name@DESC,Bar,Medium,0.4287,0.4287,1,0.0,0.0,0.0,0.0,0.0,1.0,0.0,0.0,0.0,1.0,0.0,,0.0,False,Qwen/Qwen2.5-Coder-7B-Instruct,None
2648@y_name@ASC,Bar,Medium,0.4296,2.1481,5,0.0,0.0,0.0,0.0,0.0,0.0,0.0,0.0,0.0,0.0,1.0,0.0,0.0,False,Qwen/Qwen2.5-Coder-7B-Instruct,None
2648@y_name@ASC,Bar,Medium,0.4296,2.1481,5,0.0,0.0,0.0,0.0,0.0,0.0,0.0,0.0,0.0,0.0,1.0,0.0,0.0,False,Qwen/Qwen2.5-Coder-7B-Instruct,None
2648@y_name@ASC,Bar,Medium,0.4296,2.1481,5,0.0,0.0,0.0,0.0,0.0,0.0,0.0,0.0,0.0,0.0,1.0,0.0,0.0,False,Qwen/Qwen2.5-Coder-7B-Instruct,None
2788@x_name@DESC,Bar,Medium,0.7322,0.7322,1,0.0,0.0,0.0,0.0,1.0,0.0,0.0,0.0,0.0,1.0,0.0,,0.0,True,Qwen/Qwen2.5-Coder-7B-Instruct,None
2788@x_name@DESC,Bar,Medium,0.7322,0.7322,1,0.0,0.0,0.0,0.0,1.0,0.0,0.0,0.0,0.0,1.0,0.0,,0.0,True,Qwen/Qwen2.5-Coder-7B-Instruct,None
2788@x_name@DESC,Bar,Medium,0.7322,0.7322,1,0.0,0.0,0.0,0.0,1.0,0.0,0.0,0.0,0.0,1.0,0.0,,0.0,True,Qwen/Qwen2.5-Coder-7B-Instruct,None
2790@x_name@DESC,Bar,Medium,0.5547,1.1094,2,0.0,0.0,0.0,0.0,0.5,0.0,0.0,0.0,0.0,0.5,0.5,0.0,0.0,False,Qwen/Qwen2.5-Coder-7B-Instruct,None
2790@x_name@DESC,Bar,Medium,0.5547,1.1094,2,0.0,0.0,0.0,0.0,0.5,0.0,0.0,0.0,0.0,0.5,0.5,0.0,0.0,False,Qwen/Qwen2.5-Coder-7B-Instruct,None
2790@x_name@DESC,Bar,Medium,0.5547,1.1094,2,0.0,0.0,0.0,0.0,0.5,0.0,0.0,0.0,0.0,0.5,0.5,0.0,0.0,False,Qwen/Qwen2.5-Coder-7B-Instruct,None
2800@y_name@ASC,Bar,Medium,0.4916,0.9832,2,0.0,0.0,0.0,0.0,0.0,0.0,0.0,0.0,0.0,0.0,1.0,0.0,0.0,False,Qwen/Qwen2.5-Coder-7B-Instruct,None
2800@y_name@ASC,Bar,Medium,0.4916,0.9832,2,0.0,0.0,0.0,0.0,0.0,0.0,0.0,0.0,0.0,0.0,1.0,0.0,0.0,False,Qwen/Qwen2.5-Coder-7B-Instruct,None
2800@y_name@ASC,Bar,Medium,0.4916,0.9832,2,0.0,0.0,0.0,0.0,0.0,0.0,0.0,0.0,0.0,0.0,1.0,0.0,0.0,False,Qwen/Qwen2.5-Coder-7B-Instruct,None
298@y_name@DESC,Bar,Hard,6.5083,6.5083,1,0.0,0.0,0.0,0.0,1.0,0.0,0.0,0.0,0.0,1.0,0.0,,0.0,False,Qwen/Qwen2.5-Coder-7B-Instruct,None
298@y_name@DESC,Bar,Hard,6.5083,6.5083,1,0.0,0.0,0.0,0.0,1.0,0.0,0.0,0.0,0.0,1.0,0.0,,0.0,False,Qwen/Qwen2.5-Coder-7B-Instruct,None
298@y_name@DESC,Bar,Hard,6.5083,6.5083,1,0.0,0.0,0.0,0.0,1.0,0.0,0.0,0.0,0.0,1.0,0.0,,0.0,False,Qwen/Qwen2.5-Coder-7B-Instruct,None
303@x_name@DESC,Line,Hard,8.371,8.371,1,0.0,0.0,0.0,0.0,0.0,0.0,0.0,0.0,0.0,0.0,1.0,0.0,0.0,False,Qwen/Qwen2.5-Coder-7B-Instruct,None
303@x_name@DESC,Line,Hard,8.371,8.371,1,0.0,0.0,0.0,0.0,0.0,0.0,0.0,0.0,0.0,0.0,1.0,0.0,0.0,False,Qwen/Qwen2.5-Coder-7B-Instruct,None
303@x_name@DESC,Line,Hard,8.371,8.371,1,0.0,0.0,0.0,0.0,0.0,0.0,0.0,0.0,0.0,0.0,1.0,0.0,0.0,False,Qwen/Qwen2.5-Coder-7B-Instruct,None
317@y_name@DESC,Bar,Medium,8.4661,16.9322,2,0.0,0.0,0.0,0.0,0.5,0.0,0.0,0.0,0.0,0.5,0.5,0.0,0.0,False,Qwen/Qwen2.5-Coder-7B-Instruct,None
317@y_name@DESC,Bar,Medium,8.4661,16.9322,2,0.0,0.0,0.0,0.0,0.5,0.0,0.0,0.0,0.0,0.5,0.5,0.0,0.0,False,Qwen/Qwen2.5-Coder-7B-Instruct,None
317@y_name@DESC,Bar,Medium,8.4661,16.9322,2,0.0,0.0,0.0,0.0,0.5,0.0,0.0,0.0,0.0,0.5,0.5,0.0,0.0,False,Qwen/Qwen2.5-Coder-7B-Instruct,None
330@y_name@ASC,Bar,Hard,11.2351,22.4701,2,0.0,0.0,0.0,0.0,1.0,0.0,0.0,0.0,0.0,1.0,0.0,,0.0,False,Qwen/Qwen2.5-Coder-7B-Instruct,None
330@y_name@ASC,Bar,Hard,11.2351,22.4701,2,0.0,0.0,0.0,0.0,1.0,0.0,0.0,0.0,0.0,1.0,0.0,,0.0,False,Qwen/Qwen2.5-Coder-7B-Instruct,None
330@y_name@ASC,Bar,Hard,11.2351,22.4701,2,0.0,0.0,0.0,0.0,1.0,0.0,0.0,0.0,0.0,1.0,0.0,,0.0,False,Qwen/Qwen2.5-Coder-7B-Instruct,None
339@x_name@DESC,Bar,Medium,17.1629,17.1629,1,1.0,0.0,0.0,0.0,0.0,0.0,0.0,0.0,1.0,0.0,0.0,,0.0,False,Qwen/Qwen2.5-Coder-7B-Instruct,None
339@x_name@DESC,Bar,Medium,17.1629,17.1629,1,1.0,0.0,0.0,0.0,0.0,0.0,0.0,0.0,1.0,0.0,0.0,,0.0,False,Qwen/Qwen2.5-Coder-7B-Instruct,None
339@x_name@DESC,Bar,Medium,17.1629,17.1629,1,1.0,0.0,0.0,0.0,0.0,0.0,0.0,0.0,1.0,0.0,0.0,,0.0,False,Qwen/Qwen2.5-Coder-7B-Instruct,None
349@y_name@DESC,Bar,Hard,2.944,5.8879,2,0.0,0.0,0.0,0.0,1.0,0.0,0.0,0.0,0.0,1.0,0.0,,0.0,False,Qwen/Qwen2.5-Coder-7B-Instruct,None
349@y_name@DESC,Bar,Hard,2.944,5.8879,2,0.0,0.0,0.0,0.0,1.0,0.0,0.0,0.0,0.0,1.0,0.0,,0.0,False,Qwen/Qwen2.5-Coder-7B-Instruct,None
349@y_name@DESC,Bar,Hard,2.944,5.8879,2,0.0,0.0,0.0,0.0,1.0,0.0,0.0,0.0,0.0,1.0,0.0,,0.0,False,Qwen/Qwen2.5-Coder-7B-Instruct,None
2585@x_name@ASC,Bar,Medium,0.4646,0.4646,1,0.0,0.0,0.0,0.0,0.0,1.0,0.0,0.0,0.0,1.0,0.0,,0.0,False,Qwen/Qwen2.5-Coder-7B-Instruct,None
2585@x_name@ASC,Bar,Medium,0.4646,0.4646,1,0.0,0.0,0.0,0.0,0.0,1.0,0.0,0.0,0.0,1.0,0.0,,0.0,False,Qwen/Qwen2.5-Coder-7B-Instruct,None
2585@x_name@ASC,Bar,Medium,0.4646,0.4646,1,0.0,0.0,0.0,0.0,0.0,1.0,0.0,0.0,0.0,1.0,0.0,,0.0,False,Qwen/Qwen2.5-Coder-7B-Instruct,None
2587@y_name@ASC,Bar,Medium,0.4926,1.4777,3,0.0,0.0,0.0,0.0,0.0,0.0,0.0,0.0,0.0,0.0,1.0,0.0,0.0,False,Qwen/Qwen2.5-Coder-7B-Instruct,None
2587@y_name@ASC,Bar,Medium,0.4926,1.4777,3,0.0,0.0,0.0,0.0,0.0,0.0,0.0,0.0,0.0,0.0,1.0,0.0,0.0,False,Qwen/Qwen2.5-Coder-7B-Instruct,None
2587@y_name@ASC,Bar,Medium,0.4926,1.4777,3,0.0,0.0,0.0,0.0,0.0,0.0,0.0,0.0,0.0,0.0,1.0,0.0,0.0,False,Qwen/Qwen2.5-Coder-7B-Instruct,None
927@y_name@ASC,Stacked Bar,Extra Hard,22.9013,22.9013,1,1.0,0.0,0.0,0.0,0.0,0.0,0.0,0.0,1.0,0.0,0.0,,0.0,False,Qwen/Qwen2.5-Coder-7B-Instruct,None
927@y_name@ASC,Stacked Bar,Extra Hard,22.9013,22.9013,1,1.0,0.0,0.0,0.0,0.0,0.0,0.0,0.0,1.0,0.0,0.0,,0.0,False,Qwen/Qwen2.5-Coder-7B-Instruct,None
927@y_name@ASC,Stacked Bar,Extra Hard,22.9013,22.9013,1,1.0,0.0,0.0,0.0,0.0,0.0,0.0,0.0,1.0,0.0,0.0,,0.0,False,Qwen/Qwen2.5-Coder-7B-Instruct,None
932@y_name@DESC,Bar,Medium,0.7125,1.4249,2,0.0,0.0,0.0,0.0,0.0,0.0,0.0,0.0,0.0,0.0,1.0,0.0,0.0,False,Qwen/Qwen2.5-Coder-7B-Instruct,None
932@y_name@DESC,Bar,Medium,0.7125,1.4249,2,0.0,0.0,0.0,0.0,0.0,0.0,0.0,0.0,0.0,0.0,1.0,0.0,0.0,False,Qwen/Qwen2.5-Coder-7B-Instruct,None
932@y_name@DESC,Bar,Medium,0.7125,1.4249,2,0.0,0.0,0.0,0.0,0.0,0.0,0.0,0.0,0.0,0.0,1.0,0.0,0.0,False,Qwen/Qwen2.5-Coder-7B-Instruct,None
942@x_name@DESC,Grouping Line,Extra Hard,16.3551,16.3551,1,0.0,0.0,0.0,0.0,1.0,0.0,0.0,0.0,0.0,1.0,0.0,,0.0,False,Qwen/Qwen2.5-Coder-7B-Instruct,None
942@x_name@DESC,Grouping Line,Extra Hard,16.3551,16.3551,1,0.0,0.0,0.0,0.0,1.0,0.0,0.0,0.0,0.0,1.0,0.0,,0.0,False,Qwen/Qwen2.5-Coder-7B-Instruct,None
942@x_name@DESC,Grouping Line,Extra Hard,16.3551,16.3551,1,0.0,0.0,0.0,0.0,1.0,0.0,0.0,0.0,0.0,1.0,0.0,,0.0,False,Qwen/Qwen2.5-Coder-7B-Instruct,None
988@x_name@DESC,Bar,Hard,0.944,0.944,1,0.0,0.0,0.0,0.0,0.0,1.0,0.0,0.0,0.0,1.0,0.0,,0.0,True,Qwen/Qwen2.5-Coder-7B-Instruct,None
988@x_name@DESC,Bar,Hard,0.944,0.944,1,0.0,0.0,0.0,0.0,0.0,1.0,0.0,0.0,0.0,1.0,0.0,,0.0,True,Qwen/Qwen2.5-Coder-7B-Instruct,None
988@x_name@DESC,Bar,Hard,0.944,0.944,1,0.0,0.0,0.0,0.0,0.0,1.0,0.0,0.0,0.0,1.0,0.0,,0.0,True,Qwen/Qwen2.5-Coder-7B-Instruct,None
1099@x_name@ASC,Bar,Easy,0.4292,0.4292,1,0.0,0.0,0.0,0.0,0.0,0.0,0.0,0.0,0.0,0.0,1.0,0.0,0.0,False,Qwen/Qwen2.5-Coder-7B-Instruct,None
1099@x_name@ASC,Bar,Easy,0.4292,0.4292,1,0.0,0.0,0.0,0.0,0.0,0.0,0.0,0.0,0.0,0.0,1.0,0.0,0.0,False,Qwen/Qwen2.5-Coder-7B-Instruct,None
1099@x_name@ASC,Bar,Easy,0.4292,0.4292,1,0.0,0.0,0.0,0.0,0.0,0.0,0.0,0.0,0.0,0.0,1.0,0.0,0.0,False,Qwen/Qwen2.5-Coder-7B-Instruct,None
1100@x_name@ASC,Line,Medium,0.5013,0.5013,1,0.0,0.0,0.0,0.0,0.0,0.0,0.0,0.0,0.0,0.0,1.0,0.0,0.0,False,Qwen/Qwen2.5-Coder-7B-Instruct,None
1100@x_name@ASC,Line,Medium,0.5013,0.5013,1,0.0,0.0,0.0,0.0,0.0,0.0,0.0,0.0,0.0,0.0,1.0,0.0,0.0,False,Qwen/Qwen2.5-Coder-7B-Instruct,None
1100@x_name@ASC,Line,Medium,0.5013,0.5013,1,0.0,0.0,0.0,0.0,0.0,0.0,0.0,0.0,0.0,0.0,1.0,0.0,0.0,False,Qwen/Qwen2.5-Coder-7B-Instruct,None
1101@x_name@ASC,Line,Medium,3.1743,6.3487,2,0.0,0.0,0.0,0.5,1.0,0.0,0.0,0.0,0.0,1.0,0.0,,0.0,False,Qwen/Qwen2.5-Coder-7B-Instruct,None
1101@x_name@ASC,Line,Medium,3.1743,6.3487,2,0.0,0.0,0.0,0.5,1.0,0.0,0.0,0.0,0.0,1.0,0.0,,0.0,False,Qwen/Qwen2.5-Coder-7B-Instruct,None
1101@x_name@ASC,Line,Medium,3.1743,6.3487,2,0.0,0.0,0.0,0.5,1.0,0.0,0.0,0.0,0.0,1.0,0.0,,0.0,False,Qwen/Qwen2.5-Coder-7B-Instruct,None
1105@y_name@ASC,Bar,Extra Hard,1.0165,1.0165,1,0.0,0.0,0.0,0.0,1.0,0.0,0.0,0.0,0.0,1.0,0.0,,0.0,True,Qwen/Qwen2.5-Coder-7B-Instruct,None
1105@y_name@ASC,Bar,Extra Hard,1.0165,1.0165,1,0.0,0.0,0.0,0.0,1.0,0.0,0.0,0.0,0.0,1.0,0.0,,0.0,True,Qwen/Qwen2.5-Coder-7B-Instruct,None
1105@y_name@ASC,Bar,Extra Hard,1.0165,1.0165,1,0.0,0.0,0.0,0.0,1.0,0.0,0.0,0.0,0.0,1.0,0.0,,0.0,True,Qwen/Qwen2.5-Coder-7B-Instruct,None
1112@x_name@DESC,Bar,Medium,0.5108,0.5108,1,0.0,0.0,0.0,0.0,0.0,1.0,0.0,0.0,0.0,1.0,0.0,,0.0,False,Qwen/Qwen2.5-Coder-7B-Instruct,None
1112@x_name@DESC,Bar,Medium,0.5108,0.5108,1,0.0,0.0,0.0,0.0,0.0,1.0,0.0,0.0,0.0,1.0,0.0,,0.0,False,Qwen/Qwen2.5-Coder-7B-Instruct,None
1112@x_name@DESC,Bar,Medium,0.5108,0.5108,1,0.0,0.0,0.0,0.0,0.0,1.0,0.0,0.0,0.0,1.0,0.0,,0.0,False,Qwen/Qwen2.5-Coder-7B-Instruct,None
2475@y_name@DESC,Bar,Hard,0.9057,0.9057,1,0.0,0.0,0.0,0.0,1.0,0.0,0.0,0.0,0.0,1.0,0.0,,0.0,True,Qwen/Qwen2.5-Coder-7B-Instruct,None
2475@y_name@DESC,Bar,Hard,0.9057,0.9057,1,0.0,0.0,0.0,0.0,1.0,0.0,0.0,0.0,0.0,1.0,0.0,,0.0,True,Qwen/Qwen2.5-Coder-7B-Instruct,None
2475@y_name@DESC,Bar,Hard,0.9057,0.9057,1,0.0,0.0,0.0,0.0,1.0,0.0,0.0,0.0,0.0,1.0,0.0,,0.0,True,Qwen/Qwen2.5-Coder-7B-Instruct,None
2486@x_name@DESC,Bar,Medium,0.4976,1.4927,3,0.0,0.0,0.0,0.0,0.0,1.0,0.0,0.0,0.0,1.0,0.0,,0.0,False,Qwen/Qwen2.5-Coder-7B-Instruct,None
2486@x_name@DESC,Bar,Medium,0.4976,1.4927,3,0.0,0.0,0.0,0.0,0.0,1.0,0.0,0.0,0.0,1.0,0.0,,0.0,False,Qwen/Qwen2.5-Coder-7B-Instruct,None
2486@x_name@DESC,Bar,Medium,0.4976,1.4927,3,0.0,0.0,0.0,0.0,0.0,1.0,0.0,0.0,0.0,1.0,0.0,,0.0,False,Qwen/Qwen2.5-Coder-7B-Instruct,None
2488@y_name@DESC,Bar,Medium,0.5155,1.0311,2,0.0,0.0,0.0,0.0,0.0,0.0,0.0,0.0,0.0,0.0,1.0,0.0,0.0,False,Qwen/Qwen2.5-Coder-7B-Instruct,None
2488@y_name@DESC,Bar,Medium,0.5155,1.0311,2,0.0,0.0,0.0,0.0,0.0,0.0,0.0,0.0,0.0,0.0,1.0,0.0,0.0,False,Qwen/Qwen2.5-Coder-7B-Instruct,None
2488@y_name@DESC,Bar,Medium,0.5155,1.0311,2,0.0,0.0,0.0,0.0,0.0,0.0,0.0,0.0,0.0,0.0,1.0,0.0,0.0,False,Qwen/Qwen2.5-Coder-7B-Instruct,None
2493@y_name@DESC,Bar,Hard,0.9153,0.9153,1,0.0,0.0,0.0,0.0,0.0,0.0,0.0,0.0,0.0,0.0,1.0,0.0,0.0,True,Qwen/Qwen2.5-Coder-7B-Instruct,None
2493@y_name@DESC,Bar,Hard,0.9153,0.9153,1,0.0,0.0,0.0,0.0,0.0,0.0,0.0,0.0,0.0,0.0,1.0,0.0,0.0,True,Qwen/Qwen2.5-Coder-7B-Instruct,None
2493@y_name@DESC,Bar,Hard,0.9153,0.9153,1,0.0,0.0,0.0,0.0,0.0,0.0,0.0,0.0,0.0,0.0,1.0,0.0,0.0,True,Qwen/Qwen2.5-Coder-7B-Instruct,None
3058@y_name@ASC,Bar,Medium,0.4672,1.8688,4,0.0,0.0,0.0,0.0,0.0,0.0,0.0,0.0,0.0,0.0,1.0,0.0,0.0,False,Qwen/Qwen2.5-Coder-7B-Instruct,None
3058@y_name@ASC,Bar,Medium,0.4672,1.8688,4,0.0,0.0,0.0,0.0,0.0,0.0,0.0,0.0,0.0,0.0,1.0,0.0,0.0,False,Qwen/Qwen2.5-Coder-7B-Instruct,None
3058@y_name@ASC,Bar,Medium,0.4672,1.8688,4,0.0,0.0,0.0,0.0,0.0,0.0,0.0,0.0,0.0,0.0,1.0,0.0,0.0,False,Qwen/Qwen2.5-Coder-7B-Instruct,None
2421@y_name@DESC,Bar,Medium,0.4776,0.9551,2,0.0,0.0,0.0,0.0,0.0,0.0,0.0,0.0,0.0,0.0,1.0,0.0,0.0,False,Qwen/Qwen2.5-Coder-7B-Instruct,None
2421@y_name@DESC,Bar,Medium,0.4776,0.9551,2,0.0,0.0,0.0,0.0,0.0,0.0,0.0,0.0,0.0,0.0,1.0,0.0,0.0,False,Qwen/Qwen2.5-Coder-7B-Instruct,None
2421@y_name@DESC,Bar,Medium,0.4776,0.9551,2,0.0,0.0,0.0,0.0,0.0,0.0,0.0,0.0,0.0,0.0,1.0,0.0,0.0,False,Qwen/Qwen2.5-Coder-7B-Instruct,None
2423@y_name@DESC,Bar,Medium,0.4826,1.9305,4,0.0,0.0,0.0,0.0,0.0,0.0,0.0,0.0,0.0,0.0,1.0,0.0,0.0,False,Qwen/Qwen2.5-Coder-7B-Instruct,None
2423@y_name@DESC,Bar,Medium,0.4826,1.9305,4,0.0,0.0,0.0,0.0,0.0,0.0,0.0,0.0,0.0,0.0,1.0,0.0,0.0,False,Qwen/Qwen2.5-Coder-7B-Instruct,None
2423@y_name@DESC,Bar,Medium,0.4826,1.9305,4,0.0,0.0,0.0,0.0,0.0,0.0,0.0,0.0,0.0,0.0,1.0,0.0,0.0,False,Qwen/Qwen2.5-Coder-7B-Instruct,None
2430@y_name@ASC,Bar,Extra Hard,1.0777,1.0777,1,0.0,0.0,0.0,0.0,0.0,0.0,0.0,0.0,0.0,0.0,1.0,0.0,0.0,True,Qwen/Qwen2.5-Coder-7B-Instruct,None
2430@y_name@ASC,Bar,Extra Hard,1.0777,1.0777,1,0.0,0.0,0.0,0.0,0.0,0.0,0.0,0.0,0.0,0.0,1.0,0.0,0.0,True,Qwen/Qwen2.5-Coder-7B-Instruct,None
2430@y_name@ASC,Bar,Extra Hard,1.0777,1.0777,1,0.0,0.0,0.0,0.0,0.0,0.0,0.0,0.0,0.0,0.0,1.0,0.0,0.0,True,Qwen/Qwen2.5-Coder-7B-Instruct,None
2859@y_name@ASC,Bar,Hard,2.5055,10.022,4,0.0,0.0,0.0,0.0,0.75,0.0,0.0,0.0,0.0,0.75,0.25,0.0,0.0,True,Qwen/Qwen2.5-Coder-7B-Instruct,None
2859@y_name@ASC,Bar,Hard,2.5055,10.022,4,0.0,0.0,0.0,0.0,0.75,0.0,0.0,0.0,0.0,0.75,0.25,0.0,0.0,True,Qwen/Qwen2.5-Coder-7B-Instruct,None
2859@y_name@ASC,Bar,Hard,2.5055,10.022,4,0.0,0.0,0.0,0.0,0.75,0.0,0.0,0.0,0.0,0.75,0.25,0.0,0.0,True,Qwen/Qwen2.5-Coder-7B-Instruct,None
2860@x_name@DESC,Bar,Medium,0.8475,0.8475,1,0.0,0.0,0.0,0.0,0.0,1.0,0.0,0.0,0.0,1.0,0.0,,0.0,False,Qwen/Qwen2.5-Coder-7B-Instruct,None
2860@x_name@DESC,Bar,Medium,0.8475,0.8475,1,0.0,0.0,0.0,0.0,0.0,1.0,0.0,0.0,0.0,1.0,0.0,,0.0,False,Qwen/Qwen2.5-Coder-7B-Instruct,None
2860@x_name@DESC,Bar,Medium,0.8475,0.8475,1,0.0,0.0,0.0,0.0,0.0,1.0,0.0,0.0,0.0,1.0,0.0,,0.0,False,Qwen/Qwen2.5-Coder-7B-Instruct,None
2862@x_name@ASC,Bar,Medium,0.4316,0.4316,1,0.0,0.0,0.0,0.0,0.0,0.0,0.0,0.0,0.0,0.0,1.0,0.0,0.0,False,Qwen/Qwen2.5-Coder-7B-Instruct,None
2862@x_name@ASC,Bar,Medium,0.4316,0.4316,1,0.0,0.0,0.0,0.0,0.0,0.0,0.0,0.0,0.0,0.0,1.0,0.0,0.0,False,Qwen/Qwen2.5-Coder-7B-Instruct,None
2862@x_name@ASC,Bar,Medium,0.4316,0.4316,1,0.0,0.0,0.0,0.0,0.0,0.0,0.0,0.0,0.0,0.0,1.0,0.0,0.0,False,Qwen/Qwen2.5-Coder-7B-Instruct,None
2497@y_name@DESC,Bar,Hard,0.7416,1.4832,2,0.0,0.0,0.0,0.0,0.0,0.0,0.0,0.0,0.0,0.0,1.0,0.0,0.0,False,Qwen/Qwen2.5-Coder-7B-Instruct,None
2497@y_name@DESC,Bar,Hard,0.7416,1.4832,2,0.0,0.0,0.0,0.0,0.0,0.0,0.0,0.0,0.0,0.0,1.0,0.0,0.0,False,Qwen/Qwen2.5-Coder-7B-Instruct,None
2497@y_name@DESC,Bar,Hard,0.7416,1.4832,2,0.0,0.0,0.0,0.0,0.0,0.0,0.0,0.0,0.0,0.0,1.0,0.0,0.0,False,Qwen/Qwen2.5-Coder-7B-Instruct,None
2507@y_name@ASC,Bar,Medium,0.4597,0.9194,2,0.0,0.0,0.0,0.0,0.0,0.0,0.0,0.0,0.0,0.0,1.0,0.0,0.0,False,Qwen/Qwen2.5-Coder-7B-Instruct,None
2507@y_name@ASC,Bar,Medium,0.4597,0.9194,2,0.0,0.0,0.0,0.0,0.0,0.0,0.0,0.0,0.0,0.0,1.0,0.0,0.0,False,Qwen/Qwen2.5-Coder-7B-Instruct,None
2507@y_name@ASC,Bar,Medium,0.4597,0.9194,2,0.0,0.0,0.0,0.0,0.0,0.0,0.0,0.0,0.0,0.0,1.0,0.0,0.0,False,Qwen/Qwen2.5-Coder-7B-Instruct,None
2735@x_name@DESC,Bar,Hard,0.9547,1.9094,2,0.0,0.0,0.0,0.0,1.0,0.0,0.0,0.0,0.0,1.0,0.0,,0.0,False,Qwen/Qwen2.5-Coder-7B-Instruct,None
2735@x_name@DESC,Bar,Hard,0.9547,1.9094,2,0.0,0.0,0.0,0.0,1.0,0.0,0.0,0.0,0.0,1.0,0.0,,0.0,False,Qwen/Qwen2.5-Coder-7B-Instruct,None
2735@x_name@DESC,Bar,Hard,0.9547,1.9094,2,0.0,0.0,0.0,0.0,1.0,0.0,0.0,0.0,0.0,1.0,0.0,,0.0,False,Qwen/Qwen2.5-Coder-7B-Instruct,None
2737@y_name@DESC,Bar,Hard,0.5272,1.5816,3,0.0,0.0,0.0,0.0,0.0,0.0,0.0,0.0,0.0,0.0,1.0,0.0,0.0,False,Qwen/Qwen2.5-Coder-7B-Instruct,None
2737@y_name@DESC,Bar,Hard,0.5272,1.5816,3,0.0,0.0,0.0,0.0,0.0,0.0,0.0,0.0,0.0,0.0,1.0,0.0,0.0,False,Qwen/Qwen2.5-Coder-7B-Instruct,None
2737@y_name@DESC,Bar,Hard,0.5272,1.5816,3,0.0,0.0,0.0,0.0,0.0,0.0,0.0,0.0,0.0,0.0,1.0,0.0,0.0,False,Qwen/Qwen2.5-Coder-7B-Instruct,None
2739@x_name@ASC,Bar,Medium,0.4385,0.4385,1,0.0,0.0,0.0,0.0,0.0,0.0,0.0,0.0,0.0,0.0,1.0,0.0,0.0,False,Qwen/Qwen2.5-Coder-7B-Instruct,None
2739@x_name@ASC,Bar,Medium,0.4385,0.4385,1,0.0,0.0,0.0,0.0,0.0,0.0,0.0,0.0,0.0,0.0,1.0,0.0,0.0,False,Qwen/Qwen2.5-Coder-7B-Instruct,None
2739@x_name@ASC,Bar,Medium,0.4385,0.4385,1,0.0,0.0,0.0,0.0,0.0,0.0,0.0,0.0,0.0,0.0,1.0,0.0,0.0,False,Qwen/Qwen2.5-Coder-7B-Instruct,None
2740@y_name@DESC,Bar,Medium,0.476,0.476,1,0.0,0.0,0.0,0.0,0.0,0.0,0.0,0.0,0.0,0.0,1.0,0.0,0.0,False,Qwen/Qwen2.5-Coder-7B-Instruct,None
2740@y_name@DESC,Bar,Medium,0.476,0.476,1,0.0,0.0,0.0,0.0,0.0,0.0,0.0,0.0,0.0,0.0,1.0,0.0,0.0,False,Qwen/Qwen2.5-Coder-7B-Instruct,None
2740@y_name@DESC,Bar,Medium,0.476,0.476,1,0.0,0.0,0.0,0.0,0.0,0.0,0.0,0.0,0.0,0.0,1.0,0.0,0.0,False,Qwen/Qwen2.5-Coder-7B-Instruct,None
2747@x_name@DESC,Bar,Medium,0.4394,0.4394,1,0.0,0.0,0.0,0.0,0.0,0.0,0.0,0.0,0.0,0.0,1.0,0.0,0.0,False,Qwen/Qwen2.5-Coder-7B-Instruct,None
2747@x_name@DESC,Bar,Medium,0.4394,0.4394,1,0.0,0.0,0.0,0.0,0.0,0.0,0.0,0.0,0.0,0.0,1.0,0.0,0.0,False,Qwen/Qwen2.5-Coder-7B-Instruct,None
2747@x_name@DESC,Bar,Medium,0.4394,0.4394,1,0.0,0.0,0.0,0.0,0.0,0.0,0.0,0.0,0.0,0.0,1.0,0.0,0.0,False,Qwen/Qwen2.5-Coder-7B-Instruct,None
2751@x_name@ASC,Bar,Medium,0.4125,0.4125,1,0.0,0.0,0.0,0.0,0.0,0.0,0.0,0.0,0.0,0.0,1.0,0.0,0.0,False,Qwen/Qwen2.5-Coder-7B-Instruct,None
2751@x_name@ASC,Bar,Medium,0.4125,0.4125,1,0.0,0.0,0.0,0.0,0.0,0.0,0.0,0.0,0.0,0.0,1.0,0.0,0.0,False,Qwen/Qwen2.5-Coder-7B-Instruct,None
2751@x_name@ASC,Bar,Medium,0.4125,0.4125,1,0.0,0.0,0.0,0.0,0.0,0.0,0.0,0.0,0.0,0.0,1.0,0.0,0.0,False,Qwen/Qwen2.5-Coder-7B-Instruct,None
2753@y_name@DESC,Bar,Medium,0.4353,1.3058,3,0.0,0.0,0.0,0.0,0.0,0.0,0.0,0.0,0.0,0.0,1.0,0.0,0.0,False,Qwen/Qwen2.5-Coder-7B-Instruct,None
2753@y_name@DESC,Bar,Medium,0.4353,1.3058,3,0.0,0.0,0.0,0.0,0.0,0.0,0.0,0.0,0.0,0.0,1.0,0.0,0.0,False,Qwen/Qwen2.5-Coder-7B-Instruct,None
2753@y_name@DESC,Bar,Medium,0.4353,1.3058,3,0.0,0.0,0.0,0.0,0.0,0.0,0.0,0.0,0.0,0.0,1.0,0.0,0.0,False,Qwen/Qwen2.5-Coder-7B-Instruct,None
2803@y_name@ASC,Bar,Hard,0.9878,1.9756,2,0.0,0.0,0.0,0.0,0.5,0.0,0.0,0.0,0.0,0.5,0.5,0.0,0.0,True,Qwen/Qwen2.5-Coder-7B-Instruct,None
2803@y_name@ASC,Bar,Hard,0.9878,1.9756,2,0.0,0.0,0.0,0.0,0.5,0.0,0.0,0.0,0.0,0.5,0.5,0.0,0.0,True,Qwen/Qwen2.5-Coder-7B-Instruct,None
2803@y_name@ASC,Bar,Hard,0.9878,1.9756,2,0.0,0.0,0.0,0.0,0.5,0.0,0.0,0.0,0.0,0.5,0.5,0.0,0.0,True,Qwen/Qwen2.5-Coder-7B-Instruct,None
2805@y_name@ASC,Bar,Hard,0.7988,1.5976,2,0.0,0.0,0.0,0.0,0.5,0.0,0.0,0.0,0.0,0.5,0.5,0.0,0.0,False,Qwen/Qwen2.5-Coder-7B-Instruct,None
2805@y_name@ASC,Bar,Hard,0.7988,1.5976,2,0.0,0.0,0.0,0.0,0.5,0.0,0.0,0.0,0.0,0.5,0.5,0.0,0.0,False,Qwen/Qwen2.5-Coder-7B-Instruct,None
2805@y_name@ASC,Bar,Hard,0.7988,1.5976,2,0.0,0.0,0.0,0.0,0.5,0.0,0.0,0.0,0.0,0.5,0.5,0.0,0.0,False,Qwen/Qwen2.5-Coder-7B-Instruct,None
2811@x_name@ASC,Bar,Medium,0.6246,1.2492,2,0.0,0.0,0.0,0.0,0.5,0.5,0.0,0.0,0.0,1.0,0.0,,0.0,False,Qwen/Qwen2.5-Coder-7B-Instruct,None
2811@x_name@ASC,Bar,Medium,0.6246,1.2492,2,0.0,0.0,0.0,0.0,0.5,0.5,0.0,0.0,0.0,1.0,0.0,,0.0,False,Qwen/Qwen2.5-Coder-7B-Instruct,None
2811@x_name@ASC,Bar,Medium,0.6246,1.2492,2,0.0,0.0,0.0,0.0,0.5,0.5,0.0,0.0,0.0,1.0,0.0,,0.0,False,Qwen/Qwen2.5-Coder-7B-Instruct,None
2621@y_name@DESC,Bar,Extra Hard,2.0536,8.2146,4,0.0,0.0,0.0,0.0,0.0,0.0,0.0,0.0,0.0,0.0,1.0,0.0,0.0,True,Qwen/Qwen2.5-Coder-7B-Instruct,None
2621@y_name@DESC,Bar,Extra Hard,2.0536,8.2146,4,0.0,0.0,0.0,0.0,0.0,0.0,0.0,0.0,0.0,0.0,1.0,0.0,0.0,True,Qwen/Qwen2.5-Coder-7B-Instruct,None
2621@y_name@DESC,Bar,Extra Hard,2.0536,8.2146,4,0.0,0.0,0.0,0.0,0.0,0.0,0.0,0.0,0.0,0.0,1.0,0.0,0.0,True,Qwen/Qwen2.5-Coder-7B-Instruct,None
1163@y_name@ASC,Bar,Hard,0.7482,0.7482,1,0.0,0.0,0.0,0.0,0.0,0.0,0.0,0.0,0.0,0.0,1.0,0.0,0.0,True,Qwen/Qwen2.5-Coder-7B-Instruct,None
1163@y_name@ASC,Bar,Hard,0.7482,0.7482,1,0.0,0.0,0.0,0.0,0.0,0.0,0.0,0.0,0.0,0.0,1.0,0.0,0.0,True,Qwen/Qwen2.5-Coder-7B-Instruct,None
1163@y_name@ASC,Bar,Hard,0.7482,0.7482,1,0.0,0.0,0.0,0.0,0.0,0.0,0.0,0.0,0.0,0.0,1.0,0.0,0.0,True,Qwen/Qwen2.5-Coder-7B-Instruct,None
1164@y_name@ASC,Bar,Hard,0.7908,1.5816,2,0.0,0.0,0.0,0.0,0.0,0.0,0.0,0.0,0.0,0.0,1.0,0.0,0.0,True,Qwen/Qwen2.5-Coder-7B-Instruct,None
1164@y_name@ASC,Bar,Hard,0.7908,1.5816,2,0.0,0.0,0.0,0.0,0.0,0.0,0.0,0.0,0.0,0.0,1.0,0.0,0.0,True,Qwen/Qwen2.5-Coder-7B-Instruct,None
1164@y_name@ASC,Bar,Hard,0.7908,1.5816,2,0.0,0.0,0.0,0.0,0.0,0.0,0.0,0.0,0.0,0.0,1.0,0.0,0.0,True,Qwen/Qwen2.5-Coder-7B-Instruct,None
1165@x_name@DESC,Line,Hard,0.6325,0.6325,1,0.0,0.0,0.0,0.0,1.0,0.0,0.0,0.0,0.0,1.0,0.0,,0.0,True,Qwen/Qwen2.5-Coder-7B-Instruct,None
1165@x_name@DESC,Line,Hard,0.6325,0.6325,1,0.0,0.0,0.0,0.0,1.0,0.0,0.0,0.0,0.0,1.0,0.0,,0.0,True,Qwen/Qwen2.5-Coder-7B-Instruct,None
1165@x_name@DESC,Line,Hard,0.6325,0.6325,1,0.0,0.0,0.0,0.0,1.0,0.0,0.0,0.0,0.0,1.0,0.0,,0.0,True,Qwen/Qwen2.5-Coder-7B-Instruct,None
1166@y_name@ASC,Bar,Hard,0.9651,1.9303,2,0.0,0.0,0.0,0.0,0.0,0.0,0.0,0.0,0.0,0.0,1.0,0.0,0.0,True,Qwen/Qwen2.5-Coder-7B-Instruct,None
1166@y_name@ASC,Bar,Hard,0.9651,1.9303,2,0.0,0.0,0.0,0.0,0.0,0.0,0.0,0.0,0.0,0.0,1.0,0.0,0.0,True,Qwen/Qwen2.5-Coder-7B-Instruct,None
1166@y_name@ASC,Bar,Hard,0.9651,1.9303,2,0.0,0.0,0.0,0.0,0.0,0.0,0.0,0.0,0.0,0.0,1.0,0.0,0.0,True,Qwen/Qwen2.5-Coder-7B-Instruct,None
1167@y_name@ASC,Bar,Medium,0.5754,0.5754,1,0.0,0.0,0.0,0.0,1.0,0.0,0.0,0.0,0.0,1.0,0.0,,0.0,False,Qwen/Qwen2.5-Coder-7B-Instruct,None
1167@y_name@ASC,Bar,Medium,0.5754,0.5754,1,0.0,0.0,0.0,0.0,1.0,0.0,0.0,0.0,0.0,1.0,0.0,,0.0,False,Qwen/Qwen2.5-Coder-7B-Instruct,None
1167@y_name@ASC,Bar,Medium,0.5754,0.5754,1,0.0,0.0,0.0,0.0,1.0,0.0,0.0,0.0,0.0,1.0,0.0,,0.0,False,Qwen/Qwen2.5-Coder-7B-Instruct,None
1169@y_name@DESC,Bar,Medium,0.6001,1.2002,2,0.0,0.0,0.0,0.0,0.0,0.0,0.0,0.0,0.0,0.0,1.0,0.0,0.0,False,Qwen/Qwen2.5-Coder-7B-Instruct,None
1169@y_name@DESC,Bar,Medium,0.6001,1.2002,2,0.0,0.0,0.0,0.0,0.0,0.0,0.0,0.0,0.0,0.0,1.0,0.0,0.0,False,Qwen/Qwen2.5-Coder-7B-Instruct,None
1169@y_name@DESC,Bar,Medium,0.6001,1.2002,2,0.0,0.0,0.0,0.0,0.0,0.0,0.0,0.0,0.0,0.0,1.0,0.0,0.0,False,Qwen/Qwen2.5-Coder-7B-Instruct,None
1181@y_name@DESC,Bar,Medium,13.7608,27.5215,2,0.5,0.0,0.0,0.0,0.0,0.0,0.0,0.0,0.5,0.0,0.5,0.0,0.0,False,Qwen/Qwen2.5-Coder-7B-Instruct,None
1181@y_name@DESC,Bar,Medium,13.7608,27.5215,2,0.5,0.0,0.0,0.0,0.0,0.0,0.0,0.0,0.5,0.0,0.5,0.0,0.0,False,Qwen/Qwen2.5-Coder-7B-Instruct,None
1181@y_name@DESC,Bar,Medium,13.7608,27.5215,2,0.5,0.0,0.0,0.0,0.0,0.0,0.0,0.0,0.5,0.0,0.5,0.0,0.0,False,Qwen/Qwen2.5-Coder-7B-Instruct,None
1184@y_name@ASC,Bar,Medium,0.6614,1.3228,2,0.0,0.0,0.0,0.0,0.0,0.0,0.0,0.0,0.0,0.0,1.0,0.0,0.0,False,Qwen/Qwen2.5-Coder-7B-Instruct,None
1184@y_name@ASC,Bar,Medium,0.6614,1.3228,2,0.0,0.0,0.0,0.0,0.0,0.0,0.0,0.0,0.0,0.0,1.0,0.0,0.0,False,Qwen/Qwen2.5-Coder-7B-Instruct,None
1184@y_name@ASC,Bar,Medium,0.6614,1.3228,2,0.0,0.0,0.0,0.0,0.0,0.0,0.0,0.0,0.0,0.0,1.0,0.0,0.0,False,Qwen/Qwen2.5-Coder-7B-Instruct,None
1185@y_name@DESC,Bar,Medium,0.7547,1.5094,2,0.0,0.0,0.0,0.0,0.5,0.0,0.0,0.0,0.0,0.5,0.5,0.0,0.0,False,Qwen/Qwen2.5-Coder-7B-Instruct,None
1185@y_name@DESC,Bar,Medium,0.7547,1.5094,2,0.0,0.0,0.0,0.0,0.5,0.0,0.0,0.0,0.0,0.5,0.5,0.0,0.0,False,Qwen/Qwen2.5-Coder-7B-Instruct,None
1185@y_name@DESC,Bar,Medium,0.7547,1.5094,2,0.0,0.0,0.0,0.0,0.5,0.0,0.0,0.0,0.0,0.5,0.5,0.0,0.0,False,Qwen/Qwen2.5-Coder-7B-Instruct,None
1190@y_name@ASC,Bar,Hard,0.922,1.844,2,0.0,0.0,0.0,0.0,1.0,0.0,0.0,0.0,0.0,1.0,0.0,,0.0,True,Qwen/Qwen2.5-Coder-7B-Instruct,None
1190@y_name@ASC,Bar,Hard,0.922,1.844,2,0.0,0.0,0.0,0.0,1.0,0.0,0.0,0.0,0.0,1.0,0.0,,0.0,True,Qwen/Qwen2.5-Coder-7B-Instruct,None
1190@y_name@ASC,Bar,Hard,0.922,1.844,2,0.0,0.0,0.0,0.0,1.0,0.0,0.0,0.0,0.0,1.0,0.0,,0.0,True,Qwen/Qwen2.5-Coder-7B-Instruct,None
1197@x_name@ASC,Bar,Hard,0.8773,1.7547,2,0.0,0.0,0.0,0.0,0.0,0.0,0.0,0.0,0.0,0.0,1.0,0.0,0.0,True,Qwen/Qwen2.5-Coder-7B-Instruct,None
1197@x_name@ASC,Bar,Hard,0.8773,1.7547,2,0.0,0.0,0.0,0.0,0.0,0.0,0.0,0.0,0.0,0.0,1.0,0.0,0.0,True,Qwen/Qwen2.5-Coder-7B-Instruct,None
1197@x_name@ASC,Bar,Hard,0.8773,1.7547,2,0.0,0.0,0.0,0.0,0.0,0.0,0.0,0.0,0.0,0.0,1.0,0.0,0.0,True,Qwen/Qwen2.5-Coder-7B-Instruct,None
1200@y_name@ASC,Bar,Hard,1.2148,2.4296,2,0.0,0.0,0.0,0.0,0.0,0.0,0.0,0.0,0.0,0.0,1.0,0.0,0.0,True,Qwen/Qwen2.5-Coder-7B-Instruct,None
1200@y_name@ASC,Bar,Hard,1.2148,2.4296,2,0.0,0.0,0.0,0.0,0.0,0.0,0.0,0.0,0.0,0.0,1.0,0.0,0.0,True,Qwen/Qwen2.5-Coder-7B-Instruct,None
1200@y_name@ASC,Bar,Hard,1.2148,2.4296,2,0.0,0.0,0.0,0.0,0.0,0.0,0.0,0.0,0.0,0.0,1.0,0.0,0.0,True,Qwen/Qwen2.5-Coder-7B-Instruct,None
2075@y_name@DESC,Bar,Extra Hard,1.7697,1.7697,1,0.0,0.0,0.0,0.0,0.0,0.0,0.0,0.0,0.0,0.0,1.0,0.0,0.0,True,Qwen/Qwen2.5-Coder-7B-Instruct,None
2075@y_name@DESC,Bar,Extra Hard,1.7697,1.7697,1,0.0,0.0,0.0,0.0,0.0,0.0,0.0,0.0,0.0,0.0,1.0,0.0,0.0,True,Qwen/Qwen2.5-Coder-7B-Instruct,None
2075@y_name@DESC,Bar,Extra Hard,1.7697,1.7697,1,0.0,0.0,0.0,0.0,0.0,0.0,0.0,0.0,0.0,0.0,1.0,0.0,0.0,True,Qwen/Qwen2.5-Coder-7B-Instruct,None
2079@y_name@DESC,Bar,Medium,15.1713,15.1713,1,1.0,0.0,0.0,0.0,0.0,0.0,0.0,0.0,1.0,0.0,0.0,,0.0,False,Qwen/Qwen2.5-Coder-7B-Instruct,None
2079@y_name@DESC,Bar,Medium,15.1713,15.1713,1,1.0,0.0,0.0,0.0,0.0,0.0,0.0,0.0,1.0,0.0,0.0,,0.0,False,Qwen/Qwen2.5-Coder-7B-Instruct,None
2079@y_name@DESC,Bar,Medium,15.1713,15.1713,1,1.0,0.0,0.0,0.0,0.0,0.0,0.0,0.0,1.0,0.0,0.0,,0.0,False,Qwen/Qwen2.5-Coder-7B-Instruct,None
2087@y_name@DESC,Bar,Medium,0.6097,0.6097,1,0.0,0.0,0.0,0.0,0.0,0.0,0.0,0.0,0.0,0.0,1.0,0.0,0.0,False,Qwen/Qwen2.5-Coder-7B-Instruct,None
2087@y_name@DESC,Bar,Medium,0.6097,0.6097,1,0.0,0.0,0.0,0.0,0.0,0.0,0.0,0.0,0.0,0.0,1.0,0.0,0.0,False,Qwen/Qwen2.5-Coder-7B-Instruct,None
2087@y_name@DESC,Bar,Medium,0.6097,0.6097,1,0.0,0.0,0.0,0.0,0.0,0.0,0.0,0.0,0.0,0.0,1.0,0.0,0.0,False,Qwen/Qwen2.5-Coder-7B-Instruct,None
2088@x_name@ASC,Bar,Hard,0.9988,0.9988,1,0.0,0.0,0.0,0.0,0.0,1.0,0.0,0.0,0.0,1.0,0.0,,0.0,True,Qwen/Qwen2.5-Coder-7B-Instruct,None
2088@x_name@ASC,Bar,Hard,0.9988,0.9988,1,0.0,0.0,0.0,0.0,0.0,1.0,0.0,0.0,0.0,1.0,0.0,,0.0,True,Qwen/Qwen2.5-Coder-7B-Instruct,None
2088@x_name@ASC,Bar,Hard,0.9988,0.9988,1,0.0,0.0,0.0,0.0,0.0,1.0,0.0,0.0,0.0,1.0,0.0,,0.0,True,Qwen/Qwen2.5-Coder-7B-Instruct,None
2097@y_name@DESC,Bar,Hard,0.7652,0.7652,1,0.0,0.0,0.0,0.0,0.0,0.0,0.0,0.0,0.0,0.0,1.0,0.0,0.0,True,Qwen/Qwen2.5-Coder-7B-Instruct,None
2097@y_name@DESC,Bar,Hard,0.7652,0.7652,1,0.0,0.0,0.0,0.0,0.0,0.0,0.0,0.0,0.0,0.0,1.0,0.0,0.0,True,Qwen/Qwen2.5-Coder-7B-Instruct,None
2097@y_name@DESC,Bar,Hard,0.7652,0.7652,1,0.0,0.0,0.0,0.0,0.0,0.0,0.0,0.0,0.0,0.0,1.0,0.0,0.0,True,Qwen/Qwen2.5-Coder-7B-Instruct,None
2102@y_name@DESC,Bar,Hard,6.1145,6.1145,1,0.0,0.0,0.0,0.0,0.0,0.0,0.0,0.0,0.0,0.0,1.0,0.0,0.0,True,Qwen/Qwen2.5-Coder-7B-Instruct,None
2102@y_name@DESC,Bar,Hard,6.1145,6.1145,1,0.0,0.0,0.0,0.0,0.0,0.0,0.0,0.0,0.0,0.0,1.0,0.0,0.0,True,Qwen/Qwen2.5-Coder-7B-Instruct,None
2102@y_name@DESC,Bar,Hard,6.1145,6.1145,1,0.0,0.0,0.0,0.0,0.0,0.0,0.0,0.0,0.0,0.0,1.0,0.0,0.0,True,Qwen/Qwen2.5-Coder-7B-Instruct,None
2109@y_name@ASC,Bar,Medium,0.6608,1.9825,3,0.0,0.0,0.0,0.0,0.0,1.0,0.0,0.0,0.0,1.0,0.0,,0.0,False,Qwen/Qwen2.5-Coder-7B-Instruct,None
2109@y_name@ASC,Bar,Medium,0.6608,1.9825,3,0.0,0.0,0.0,0.0,0.0,1.0,0.0,0.0,0.0,1.0,0.0,,0.0,False,Qwen/Qwen2.5-Coder-7B-Instruct,None
2109@y_name@ASC,Bar,Medium,0.6608,1.9825,3,0.0,0.0,0.0,0.0,0.0,1.0,0.0,0.0,0.0,1.0,0.0,,0.0,False,Qwen/Qwen2.5-Coder-7B-Instruct,None
907@x_name@ASC,Bar,Medium,0.4722,0.9444,2,0.0,0.0,0.0,0.0,0.0,0.5,0.0,0.0,0.0,0.5,0.5,0.0,0.0,False,Qwen/Qwen2.5-Coder-7B-Instruct,None
907@x_name@ASC,Bar,Medium,0.4722,0.9444,2,0.0,0.0,0.0,0.0,0.0,0.5,0.0,0.0,0.0,0.5,0.5,0.0,0.0,False,Qwen/Qwen2.5-Coder-7B-Instruct,None
907@x_name@ASC,Bar,Medium,0.4722,0.9444,2,0.0,0.0,0.0,0.0,0.0,0.5,0.0,0.0,0.0,0.5,0.5,0.0,0.0,False,Qwen/Qwen2.5-Coder-7B-Instruct,None
3288@x_name@DESC,Bar,Medium,0.5142,1.0283,2,0.0,0.0,0.0,0.0,0.0,1.0,0.0,0.0,0.0,1.0,0.0,,0.0,False,Qwen/Qwen2.5-Coder-7B-Instruct,None
3288@x_name@DESC,Bar,Medium,0.5142,1.0283,2,0.0,0.0,0.0,0.0,0.0,1.0,0.0,0.0,0.0,1.0,0.0,,0.0,False,Qwen/Qwen2.5-Coder-7B-Instruct,None
3288@x_name@DESC,Bar,Medium,0.5142,1.0283,2,0.0,0.0,0.0,0.0,0.0,1.0,0.0,0.0,0.0,1.0,0.0,,0.0,False,Qwen/Qwen2.5-Coder-7B-Instruct,None
3290@y_name@ASC,Bar,Medium,2.202,6.6061,3,0.0,0.0,0.0,0.0,0.3333333333333333,0.6666666666666666,0.0,0.0,0.0,1.0,0.0,,0.0,False,Qwen/Qwen2.5-Coder-7B-Instruct,None
3290@y_name@ASC,Bar,Medium,2.202,6.6061,3,0.0,0.0,0.0,0.0,0.3333333333333333,0.6666666666666666,0.0,0.0,0.0,1.0,0.0,,0.0,False,Qwen/Qwen2.5-Coder-7B-Instruct,None
3290@y_name@ASC,Bar,Medium,2.202,6.6061,3,0.0,0.0,0.0,0.0,0.3333333333333333,0.6666666666666666,0.0,0.0,0.0,1.0,0.0,,0.0,False,Qwen/Qwen2.5-Coder-7B-Instruct,None
443@x_name@ASC,Bar,Medium,0.4983,0.9967,2,0.0,0.0,0.0,0.0,0.0,0.5,0.0,0.0,0.0,0.5,0.5,0.0,0.0,False,Qwen/Qwen2.5-Coder-7B-Instruct,None
443@x_name@ASC,Bar,Medium,0.4983,0.9967,2,0.0,0.0,0.0,0.0,0.0,0.5,0.0,0.0,0.0,0.5,0.5,0.0,0.0,False,Qwen/Qwen2.5-Coder-7B-Instruct,None
443@x_name@ASC,Bar,Medium,0.4983,0.9967,2,0.0,0.0,0.0,0.0,0.0,0.5,0.0,0.0,0.0,0.5,0.5,0.0,0.0,False,Qwen/Qwen2.5-Coder-7B-Instruct,None
445@x_name@ASC,Bar,Medium,0.4808,0.4808,1,0.0,0.0,0.0,0.0,0.0,1.0,0.0,0.0,0.0,1.0,0.0,,0.0,False,Qwen/Qwen2.5-Coder-7B-Instruct,None
445@x_name@ASC,Bar,Medium,0.4808,0.4808,1,0.0,0.0,0.0,0.0,0.0,1.0,0.0,0.0,0.0,1.0,0.0,,0.0,False,Qwen/Qwen2.5-Coder-7B-Instruct,None
445@x_name@ASC,Bar,Medium,0.4808,0.4808,1,0.0,0.0,0.0,0.0,0.0,1.0,0.0,0.0,0.0,1.0,0.0,,0.0,False,Qwen/Qwen2.5-Coder-7B-Instruct,None
447@x_name@ASC,Bar,Medium,0.9244,3.6976,4,0.0,0.0,0.0,0.0,0.0,0.5,0.0,0.0,0.0,0.5,0.5,0.0,0.0,True,Qwen/Qwen2.5-Coder-7B-Instruct,None
447@x_name@ASC,Bar,Medium,0.9244,3.6976,4,0.0,0.0,0.0,0.0,0.0,0.5,0.0,0.0,0.0,0.5,0.5,0.0,0.0,True,Qwen/Qwen2.5-Coder-7B-Instruct,None
447@x_name@ASC,Bar,Medium,0.9244,3.6976,4,0.0,0.0,0.0,0.0,0.0,0.5,0.0,0.0,0.0,0.5,0.5,0.0,0.0,True,Qwen/Qwen2.5-Coder-7B-Instruct,None
453@y_name@ASC,Bar,Hard,0.7804,0.7804,1,0.0,0.0,0.0,0.0,1.0,0.0,0.0,0.0,0.0,1.0,0.0,,0.0,True,Qwen/Qwen2.5-Coder-7B-Instruct,None
453@y_name@ASC,Bar,Hard,0.7804,0.7804,1,0.0,0.0,0.0,0.0,1.0,0.0,0.0,0.0,0.0,1.0,0.0,,0.0,True,Qwen/Qwen2.5-Coder-7B-Instruct,None
453@y_name@ASC,Bar,Hard,0.7804,0.7804,1,0.0,0.0,0.0,0.0,1.0,0.0,0.0,0.0,0.0,1.0,0.0,,0.0,True,Qwen/Qwen2.5-Coder-7B-Instruct,None
455@y_name@ASC,Bar,Hard,1.0043,1.0043,1,0.0,0.0,0.0,0.0,0.0,0.0,0.0,0.0,0.0,0.0,1.0,0.0,0.0,True,Qwen/Qwen2.5-Coder-7B-Instruct,None
455@y_name@ASC,Bar,Hard,1.0043,1.0043,1,0.0,0.0,0.0,0.0,0.0,0.0,0.0,0.0,0.0,0.0,1.0,0.0,0.0,True,Qwen/Qwen2.5-Coder-7B-Instruct,None
455@y_name@ASC,Bar,Hard,1.0043,1.0043,1,0.0,0.0,0.0,0.0,0.0,0.0,0.0,0.0,0.0,0.0,1.0,0.0,0.0,True,Qwen/Qwen2.5-Coder-7B-Instruct,None
458@x_name@DESC,Bar,Hard,0.9909,0.9909,1,0.0,0.0,0.0,0.0,0.0,1.0,0.0,0.0,0.0,1.0,0.0,,0.0,True,Qwen/Qwen2.5-Coder-7B-Instruct,None
458@x_name@DESC,Bar,Hard,0.9909,0.9909,1,0.0,0.0,0.0,0.0,0.0,1.0,0.0,0.0,0.0,1.0,0.0,,0.0,True,Qwen/Qwen2.5-Coder-7B-Instruct,None
458@x_name@DESC,Bar,Hard,0.9909,0.9909,1,0.0,0.0,0.0,0.0,0.0,1.0,0.0,0.0,0.0,1.0,0.0,,0.0,True,Qwen/Qwen2.5-Coder-7B-Instruct,None
459@x_name@DESC,Bar,Hard,0.5042,0.5042,1,0.0,0.0,0.0,0.0,0.0,0.0,0.0,0.0,0.0,0.0,1.0,0.0,0.0,True,Qwen/Qwen2.5-Coder-7B-Instruct,None
459@x_name@DESC,Bar,Hard,0.5042,0.5042,1,0.0,0.0,0.0,0.0,0.0,0.0,0.0,0.0,0.0,0.0,1.0,0.0,0.0,True,Qwen/Qwen2.5-Coder-7B-Instruct,None
459@x_name@DESC,Bar,Hard,0.5042,0.5042,1,0.0,0.0,0.0,0.0,0.0,0.0,0.0,0.0,0.0,0.0,1.0,0.0,0.0,True,Qwen/Qwen2.5-Coder-7B-Instruct,None
465@y_name@ASC,Bar,Medium,0.5261,1.0522,2,0.0,0.0,0.0,0.0,0.0,1.0,0.0,0.0,0.0,1.0,0.0,,0.0,False,Qwen/Qwen2.5-Coder-7B-Instruct,None
465@y_name@ASC,Bar,Medium,0.5261,1.0522,2,0.0,0.0,0.0,0.0,0.0,1.0,0.0,0.0,0.0,1.0,0.0,,0.0,False,Qwen/Qwen2.5-Coder-7B-Instruct,None
465@y_name@ASC,Bar,Medium,0.5261,1.0522,2,0.0,0.0,0.0,0.0,0.0,1.0,0.0,0.0,0.0,1.0,0.0,,0.0,False,Qwen/Qwen2.5-Coder-7B-Instruct,None
468@y_name@DESC,Bar,Medium,0.6085,1.217,2,0.0,0.0,0.0,0.0,0.0,1.0,0.0,0.0,0.0,1.0,0.0,,0.0,False,Qwen/Qwen2.5-Coder-7B-Instruct,None
468@y_name@DESC,Bar,Medium,0.6085,1.217,2,0.0,0.0,0.0,0.0,0.0,1.0,0.0,0.0,0.0,1.0,0.0,,0.0,False,Qwen/Qwen2.5-Coder-7B-Instruct,None
468@y_name@DESC,Bar,Medium,0.6085,1.217,2,0.0,0.0,0.0,0.0,0.0,1.0,0.0,0.0,0.0,1.0,0.0,,0.0,False,Qwen/Qwen2.5-Coder-7B-Instruct,None
469@y_name@DESC,Bar,Medium,0.6165,0.6165,1,0.0,0.0,0.0,0.0,0.0,1.0,0.0,0.0,0.0,1.0,0.0,,0.0,False,Qwen/Qwen2.5-Coder-7B-Instruct,None
469@y_name@DESC,Bar,Medium,0.6165,0.6165,1,0.0,0.0,0.0,0.0,0.0,1.0,0.0,0.0,0.0,1.0,0.0,,0.0,False,Qwen/Qwen2.5-Coder-7B-Instruct,None
469@y_name@DESC,Bar,Medium,0.6165,0.6165,1,0.0,0.0,0.0,0.0,0.0,1.0,0.0,0.0,0.0,1.0,0.0,,0.0,False,Qwen/Qwen2.5-Coder-7B-Instruct,None
474@x_name@DESC,Bar,Easy,0.3627,0.3627,1,0.0,0.0,0.0,0.0,0.0,0.0,0.0,0.0,0.0,0.0,1.0,0.0,0.0,False,Qwen/Qwen2.5-Coder-7B-Instruct,None
474@x_name@DESC,Bar,Easy,0.3627,0.3627,1,0.0,0.0,0.0,0.0,0.0,0.0,0.0,0.0,0.0,0.0,1.0,0.0,0.0,False,Qwen/Qwen2.5-Coder-7B-Instruct,None
474@x_name@DESC,Bar,Easy,0.3627,0.3627,1,0.0,0.0,0.0,0.0,0.0,0.0,0.0,0.0,0.0,0.0,1.0,0.0,0.0,False,Qwen/Qwen2.5-Coder-7B-Instruct,None
1437@x_name@DESC,Bar,Extra Hard,1.1792,1.1792,1,0.0,0.0,0.0,0.0,0.0,1.0,0.0,0.0,0.0,1.0,0.0,,0.0,True,Qwen/Qwen2.5-Coder-7B-Instruct,None
1437@x_name@DESC,Bar,Extra Hard,1.1792,1.1792,1,0.0,0.0,0.0,0.0,0.0,1.0,0.0,0.0,0.0,1.0,0.0,,0.0,True,Qwen/Qwen2.5-Coder-7B-Instruct,None
1437@x_name@DESC,Bar,Extra Hard,1.1792,1.1792,1,0.0,0.0,0.0,0.0,0.0,1.0,0.0,0.0,0.0,1.0,0.0,,0.0,True,Qwen/Qwen2.5-Coder-7B-Instruct,None
1448@x_name@ASC,Line,Extra Hard,3.5652,14.261,4,0.0,0.0,0.0,0.0,0.5,0.0,0.0,0.0,0.0,0.5,0.5,0.0,0.0,True,Qwen/Qwen2.5-Coder-7B-Instruct,None
1448@x_name@ASC,Line,Extra Hard,3.5652,14.261,4,0.0,0.0,0.0,0.0,0.5,0.0,0.0,0.0,0.0,0.5,0.5,0.0,0.0,True,Qwen/Qwen2.5-Coder-7B-Instruct,None
1448@x_name@ASC,Line,Extra Hard,3.5652,14.261,4,0.0,0.0,0.0,0.0,0.5,0.0,0.0,0.0,0.0,0.5,0.5,0.0,0.0,True,Qwen/Qwen2.5-Coder-7B-Instruct,None
3220@x_name@ASC,Bar,Medium,0.5681,1.1362,2,0.0,0.0,0.0,0.0,0.5,0.5,0.0,0.0,0.0,1.0,0.0,,0.0,False,Qwen/Qwen2.5-Coder-7B-Instruct,None
3220@x_name@ASC,Bar,Medium,0.5681,1.1362,2,0.0,0.0,0.0,0.0,0.5,0.5,0.0,0.0,0.0,1.0,0.0,,0.0,False,Qwen/Qwen2.5-Coder-7B-Instruct,None
3220@x_name@ASC,Bar,Medium,0.5681,1.1362,2,0.0,0.0,0.0,0.0,0.5,0.5,0.0,0.0,0.0,1.0,0.0,,0.0,False,Qwen/Qwen2.5-Coder-7B-Instruct,None
3224@x_name@DESC,Bar,Medium,0.4992,0.9983,2,0.0,0.0,0.0,0.0,1.0,0.0,0.0,0.0,0.0,1.0,0.0,,0.0,False,Qwen/Qwen2.5-Coder-7B-Instruct,None
3224@x_name@DESC,Bar,Medium,0.4992,0.9983,2,0.0,0.0,0.0,0.0,1.0,0.0,0.0,0.0,0.0,1.0,0.0,,0.0,False,Qwen/Qwen2.5-Coder-7B-Instruct,None
3224@x_name@DESC,Bar,Medium,0.4992,0.9983,2,0.0,0.0,0.0,0.0,1.0,0.0,0.0,0.0,0.0,1.0,0.0,,0.0,False,Qwen/Qwen2.5-Coder-7B-Instruct,None
3226@y_name@DESC,Bar,Extra Hard,1.1332,3.3997,3,0.0,0.0,0.0,0.0,0.0,0.0,0.0,0.0,0.0,0.0,1.0,0.0,0.0,True,Qwen/Qwen2.5-Coder-7B-Instruct,None
3226@y_name@DESC,Bar,Extra Hard,1.1332,3.3997,3,0.0,0.0,0.0,0.0,0.0,0.0,0.0,0.0,0.0,0.0,1.0,0.0,0.0,True,Qwen/Qwen2.5-Coder-7B-Instruct,None
3226@y_name@DESC,Bar,Extra Hard,1.1332,3.3997,3,0.0,0.0,0.0,0.0,0.0,0.0,0.0,0.0,0.0,0.0,1.0,0.0,0.0,True,Qwen/Qwen2.5-Coder-7B-Instruct,None
3236@x_name@ASC,Bar,Hard,0.6649,0.6649,1,0.0,0.0,0.0,0.0,0.0,1.0,0.0,0.0,0.0,1.0,0.0,,0.0,False,Qwen/Qwen2.5-Coder-7B-Instruct,None
3236@x_name@ASC,Bar,Hard,0.6649,0.6649,1,0.0,0.0,0.0,0.0,0.0,1.0,0.0,0.0,0.0,1.0,0.0,,0.0,False,Qwen/Qwen2.5-Coder-7B-Instruct,None
3236@x_name@ASC,Bar,Hard,0.6649,0.6649,1,0.0,0.0,0.0,0.0,0.0,1.0,0.0,0.0,0.0,1.0,0.0,,0.0,False,Qwen/Qwen2.5-Coder-7B-Instruct,None
3238@y_name@ASC,Bar,Medium,3.4628,17.3142,5,0.0,0.0,0.0,0.0,0.0,0.0,0.0,0.0,0.0,0.0,1.0,0.0,0.0,False,Qwen/Qwen2.5-Coder-7B-Instruct,None
3238@y_name@ASC,Bar,Medium,3.4628,17.3142,5,0.0,0.0,0.0,0.0,0.0,0.0,0.0,0.0,0.0,0.0,1.0,0.0,0.0,False,Qwen/Qwen2.5-Coder-7B-Instruct,None
3238@y_name@ASC,Bar,Medium,3.4628,17.3142,5,0.0,0.0,0.0,0.0,0.0,0.0,0.0,0.0,0.0,0.0,1.0,0.0,0.0,False,Qwen/Qwen2.5-Coder-7B-Instruct,None
3247@x_name@ASC,Line,Easy,0.4724,0.9448,2,0.0,0.0,0.0,0.0,0.0,0.0,0.0,0.0,0.0,0.0,1.0,0.0,0.0,False,Qwen/Qwen2.5-Coder-7B-Instruct,None
3247@x_name@ASC,Line,Easy,0.4724,0.9448,2,0.0,0.0,0.0,0.0,0.0,0.0,0.0,0.0,0.0,0.0,1.0,0.0,0.0,False,Qwen/Qwen2.5-Coder-7B-Instruct,None
3247@x_name@ASC,Line,Easy,0.4724,0.9448,2,0.0,0.0,0.0,0.0,0.0,0.0,0.0,0.0,0.0,0.0,1.0,0.0,0.0,False,Qwen/Qwen2.5-Coder-7B-Instruct,None
3256@x_name@ASC,Line,Easy,0.4912,0.4912,1,0.0,0.0,0.0,0.0,0.0,0.0,0.0,0.0,0.0,0.0,1.0,0.0,0.0,False,Qwen/Qwen2.5-Coder-7B-Instruct,None
3256@x_name@ASC,Line,Easy,0.4912,0.4912,1,0.0,0.0,0.0,0.0,0.0,0.0,0.0,0.0,0.0,0.0,1.0,0.0,0.0,False,Qwen/Qwen2.5-Coder-7B-Instruct,None
3256@x_name@ASC,Line,Easy,0.4912,0.4912,1,0.0,0.0,0.0,0.0,0.0,0.0,0.0,0.0,0.0,0.0,1.0,0.0,0.0,False,Qwen/Qwen2.5-Coder-7B-Instruct,None
1498@y_name@DESC,Bar,Medium,0.4436,1.3307,3,0.0,0.0,0.0,0.0,0.0,0.0,0.0,0.0,0.0,0.0,1.0,0.0,0.0,False,Qwen/Qwen2.5-Coder-7B-Instruct,None
1498@y_name@DESC,Bar,Medium,0.4436,1.3307,3,0.0,0.0,0.0,0.0,0.0,0.0,0.0,0.0,0.0,0.0,1.0,0.0,0.0,False,Qwen/Qwen2.5-Coder-7B-Instruct,None
1498@y_name@DESC,Bar,Medium,0.4436,1.3307,3,0.0,0.0,0.0,0.0,0.0,0.0,0.0,0.0,0.0,0.0,1.0,0.0,0.0,False,Qwen/Qwen2.5-Coder-7B-Instruct,None
1508@x_name@ASC,Bar,Medium,2.1693,6.5079,3,0.0,0.0,0.0,0.0,0.0,0.3333333333333333,0.0,0.0,0.0,0.3333333333333333,0.6666666666666666,0.0,0.0,False,Qwen/Qwen2.5-Coder-7B-Instruct,None
1508@x_name@ASC,Bar,Medium,2.1693,6.5079,3,0.0,0.0,0.0,0.0,0.0,0.3333333333333333,0.0,0.0,0.0,0.3333333333333333,0.6666666666666666,0.0,0.0,False,Qwen/Qwen2.5-Coder-7B-Instruct,None
1508@x_name@ASC,Bar,Medium,2.1693,6.5079,3,0.0,0.0,0.0,0.0,0.0,0.3333333333333333,0.0,0.0,0.0,0.3333333333333333,0.6666666666666666,0.0,0.0,False,Qwen/Qwen2.5-Coder-7B-Instruct,None
1510@y_name@ASC,Bar,Hard,0.6871,1.3742,2,0.0,0.0,0.0,0.0,0.0,0.0,0.0,0.0,0.0,0.0,1.0,0.0,0.0,False,Qwen/Qwen2.5-Coder-7B-Instruct,None
1510@y_name@ASC,Bar,Hard,0.6871,1.3742,2,0.0,0.0,0.0,0.0,0.0,0.0,0.0,0.0,0.0,0.0,1.0,0.0,0.0,False,Qwen/Qwen2.5-Coder-7B-Instruct,None
1510@y_name@ASC,Bar,Hard,0.6871,1.3742,2,0.0,0.0,0.0,0.0,0.0,0.0,0.0,0.0,0.0,0.0,1.0,0.0,0.0,False,Qwen/Qwen2.5-Coder-7B-Instruct,None
1511@x_name@ASC,Bar,Medium,0.519,1.038,2,0.0,0.0,0.0,0.0,0.0,0.0,0.0,0.0,0.0,0.0,1.0,0.0,0.0,False,Qwen/Qwen2.5-Coder-7B-Instruct,None
1511@x_name@ASC,Bar,Medium,0.519,1.038,2,0.0,0.0,0.0,0.0,0.0,0.0,0.0,0.0,0.0,0.0,1.0,0.0,0.0,False,Qwen/Qwen2.5-Coder-7B-Instruct,None
1511@x_name@ASC,Bar,Medium,0.519,1.038,2,0.0,0.0,0.0,0.0,0.0,0.0,0.0,0.0,0.0,0.0,1.0,0.0,0.0,False,Qwen/Qwen2.5-Coder-7B-Instruct,None
1516@x_name@DESC,Bar,Hard,1.1328,2.2656,2,0.0,0.0,0.0,0.0,0.0,0.5,0.0,0.0,0.0,0.5,0.5,0.0,0.0,True,Qwen/Qwen2.5-Coder-7B-Instruct,None
1516@x_name@DESC,Bar,Hard,1.1328,2.2656,2,0.0,0.0,0.0,0.0,0.0,0.5,0.0,0.0,0.0,0.5,0.5,0.0,0.0,True,Qwen/Qwen2.5-Coder-7B-Instruct,None
1516@x_name@DESC,Bar,Hard,1.1328,2.2656,2,0.0,0.0,0.0,0.0,0.0,0.5,0.0,0.0,0.0,0.5,0.5,0.0,0.0,True,Qwen/Qwen2.5-Coder-7B-Instruct,None
1518@x_name@ASC,Bar,Medium,0.4448,0.8897,2,0.0,0.0,0.0,0.0,0.0,0.5,0.0,0.0,0.0,0.5,0.5,0.0,0.0,False,Qwen/Qwen2.5-Coder-7B-Instruct,None
1518@x_name@ASC,Bar,Medium,0.4448,0.8897,2,0.0,0.0,0.0,0.0,0.0,0.5,0.0,0.0,0.0,0.5,0.5,0.0,0.0,False,Qwen/Qwen2.5-Coder-7B-Instruct,None
1518@x_name@ASC,Bar,Medium,0.4448,0.8897,2,0.0,0.0,0.0,0.0,0.0,0.5,0.0,0.0,0.0,0.5,0.5,0.0,0.0,False,Qwen/Qwen2.5-Coder-7B-Instruct,None
2459@y_name@DESC,Bar,Medium,0.4677,2.806,6,0.0,0.0,0.0,0.0,0.16666666666666666,0.16666666666666666,0.0,0.0,0.0,0.3333333333333333,0.6666666666666666,0.0,0.0,False,Qwen/Qwen2.5-Coder-7B-Instruct,None
2459@y_name@DESC,Bar,Medium,0.4677,2.806,6,0.0,0.0,0.0,0.0,0.16666666666666666,0.16666666666666666,0.0,0.0,0.0,0.3333333333333333,0.6666666666666666,0.0,0.0,False,Qwen/Qwen2.5-Coder-7B-Instruct,None
2459@y_name@DESC,Bar,Medium,0.4677,2.806,6,0.0,0.0,0.0,0.0,0.16666666666666666,0.16666666666666666,0.0,0.0,0.0,0.3333333333333333,0.6666666666666666,0.0,0.0,False,Qwen/Qwen2.5-Coder-7B-Instruct,None
2461@y_name@DESC,Bar,Hard,0.5404,2.7019,5,0.0,0.0,0.0,0.0,1.0,0.0,0.0,0.0,0.0,1.0,0.0,,0.0,False,Qwen/Qwen2.5-Coder-7B-Instruct,None
2461@y_name@DESC,Bar,Hard,0.5404,2.7019,5,0.0,0.0,0.0,0.0,1.0,0.0,0.0,0.0,0.0,1.0,0.0,,0.0,False,Qwen/Qwen2.5-Coder-7B-Instruct,None
2461@y_name@DESC,Bar,Hard,0.5404,2.7019,5,0.0,0.0,0.0,0.0,1.0,0.0,0.0,0.0,0.0,1.0,0.0,,0.0,False,Qwen/Qwen2.5-Coder-7B-Instruct,None
2465@x_name@DESC,Bar,Hard,0.596,1.1921,2,0.0,0.0,0.0,0.0,0.0,1.0,0.0,0.0,0.0,1.0,0.0,,0.0,False,Qwen/Qwen2.5-Coder-7B-Instruct,None
2465@x_name@DESC,Bar,Hard,0.596,1.1921,2,0.0,0.0,0.0,0.0,0.0,1.0,0.0,0.0,0.0,1.0,0.0,,0.0,False,Qwen/Qwen2.5-Coder-7B-Instruct,None
2465@x_name@DESC,Bar,Hard,0.596,1.1921,2,0.0,0.0,0.0,0.0,0.0,1.0,0.0,0.0,0.0,1.0,0.0,,0.0,False,Qwen/Qwen2.5-Coder-7B-Instruct,None
2317@x_name@ASC,Bar,Medium,0.7817,0.7817,1,0.0,0.0,0.0,0.0,1.0,0.0,0.0,0.0,0.0,1.0,0.0,,0.0,False,Qwen/Qwen2.5-Coder-7B-Instruct,None
2317@x_name@ASC,Bar,Medium,0.7817,0.7817,1,0.0,0.0,0.0,0.0,1.0,0.0,0.0,0.0,0.0,1.0,0.0,,0.0,False,Qwen/Qwen2.5-Coder-7B-Instruct,None
2317@x_name@ASC,Bar,Medium,0.7817,0.7817,1,0.0,0.0,0.0,0.0,1.0,0.0,0.0,0.0,0.0,1.0,0.0,,0.0,False,Qwen/Qwen2.5-Coder-7B-Instruct,None
2321@y_name@ASC,Bar,Medium,0.4938,2.9626,6,0.0,0.0,0.0,0.0,0.0,0.0,0.0,0.0,0.0,0.0,1.0,0.0,0.0,False,Qwen/Qwen2.5-Coder-7B-Instruct,None
2321@y_name@ASC,Bar,Medium,0.4938,2.9626,6,0.0,0.0,0.0,0.0,0.0,0.0,0.0,0.0,0.0,0.0,1.0,0.0,0.0,False,Qwen/Qwen2.5-Coder-7B-Instruct,None
2321@y_name@ASC,Bar,Medium,0.4938,2.9626,6,0.0,0.0,0.0,0.0,0.0,0.0,0.0,0.0,0.0,0.0,1.0,0.0,0.0,False,Qwen/Qwen2.5-Coder-7B-Instruct,None
2565@y_name@ASC,Bar,Extra Hard,22.8395,22.8395,1,1.0,0.0,0.0,0.0,0.0,0.0,0.0,0.0,1.0,0.0,0.0,,0.0,True,Qwen/Qwen2.5-Coder-7B-Instruct,None
2565@y_name@ASC,Bar,Extra Hard,22.8395,22.8395,1,1.0,0.0,0.0,0.0,0.0,0.0,0.0,0.0,1.0,0.0,0.0,,0.0,True,Qwen/Qwen2.5-Coder-7B-Instruct,None
2565@y_name@ASC,Bar,Extra Hard,22.8395,22.8395,1,1.0,0.0,0.0,0.0,0.0,0.0,0.0,0.0,1.0,0.0,0.0,,0.0,True,Qwen/Qwen2.5-Coder-7B-Instruct,None
2566@y_name@DESC,Bar,Extra Hard,1.2866,1.2866,1,0.0,0.0,0.0,0.0,0.0,0.0,0.0,0.0,0.0,0.0,1.0,0.0,0.0,True,Qwen/Qwen2.5-Coder-7B-Instruct,None
2566@y_name@DESC,Bar,Extra Hard,1.2866,1.2866,1,0.0,0.0,0.0,0.0,0.0,0.0,0.0,0.0,0.0,0.0,1.0,0.0,0.0,True,Qwen/Qwen2.5-Coder-7B-Instruct,None
2566@y_name@DESC,Bar,Extra Hard,1.2866,1.2866,1,0.0,0.0,0.0,0.0,0.0,0.0,0.0,0.0,0.0,0.0,1.0,0.0,0.0,True,Qwen/Qwen2.5-Coder-7B-Instruct,None
2551@y_name@ASC,Bar,Medium,0.472,1.416,3,0.0,0.0,0.0,0.0,0.0,0.0,0.0,0.0,0.0,0.0,1.0,0.0,0.0,False,Qwen/Qwen2.5-Coder-7B-Instruct,None
2551@y_name@ASC,Bar,Medium,0.472,1.416,3,0.0,0.0,0.0,0.0,0.0,0.0,0.0,0.0,0.0,0.0,1.0,0.0,0.0,False,Qwen/Qwen2.5-Coder-7B-Instruct,None
2551@y_name@ASC,Bar,Medium,0.472,1.416,3,0.0,0.0,0.0,0.0,0.0,0.0,0.0,0.0,0.0,0.0,1.0,0.0,0.0,False,Qwen/Qwen2.5-Coder-7B-Instruct,None
2558@x_name@ASC,Bar,Easy,0.4853,0.9707,2,0.0,0.0,0.0,0.0,0.0,0.0,0.0,0.0,0.0,0.0,1.0,0.0,0.0,False,Qwen/Qwen2.5-Coder-7B-Instruct,None
2558@x_name@ASC,Bar,Easy,0.4853,0.9707,2,0.0,0.0,0.0,0.0,0.0,0.0,0.0,0.0,0.0,0.0,1.0,0.0,0.0,False,Qwen/Qwen2.5-Coder-7B-Instruct,None
2558@x_name@ASC,Bar,Easy,0.4853,0.9707,2,0.0,0.0,0.0,0.0,0.0,0.0,0.0,0.0,0.0,0.0,1.0,0.0,0.0,False,Qwen/Qwen2.5-Coder-7B-Instruct,None
2560@y_name@DESC,Bar,Medium,0.489,1.467,3,0.0,0.0,0.0,0.0,0.0,0.0,0.0,0.0,0.0,0.0,1.0,0.0,0.0,False,Qwen/Qwen2.5-Coder-7B-Instruct,None
2560@y_name@DESC,Bar,Medium,0.489,1.467,3,0.0,0.0,0.0,0.0,0.0,0.0,0.0,0.0,0.0,0.0,1.0,0.0,0.0,False,Qwen/Qwen2.5-Coder-7B-Instruct,None
2560@y_name@DESC,Bar,Medium,0.489,1.467,3,0.0,0.0,0.0,0.0,0.0,0.0,0.0,0.0,0.0,0.0,1.0,0.0,0.0,False,Qwen/Qwen2.5-Coder-7B-Instruct,None
2959@y_name@ASC,Bar,Hard,0.9556,3.8223,4,0.0,0.0,0.0,0.0,0.0,0.0,0.0,0.0,0.0,0.0,1.0,0.0,0.0,True,Qwen/Qwen2.5-Coder-7B-Instruct,None
2959@y_name@ASC,Bar,Hard,0.9556,3.8223,4,0.0,0.0,0.0,0.0,0.0,0.0,0.0,0.0,0.0,0.0,1.0,0.0,0.0,True,Qwen/Qwen2.5-Coder-7B-Instruct,None
2959@y_name@ASC,Bar,Hard,0.9556,3.8223,4,0.0,0.0,0.0,0.0,0.0,0.0,0.0,0.0,0.0,0.0,1.0,0.0,0.0,True,Qwen/Qwen2.5-Coder-7B-Instruct,None
2509@x_name@ASC,Bar,Hard,1.0043,1.0043,1,0.0,0.0,0.0,0.0,0.0,1.0,0.0,0.0,0.0,1.0,0.0,,0.0,True,Qwen/Qwen2.5-Coder-7B-Instruct,None
2509@x_name@ASC,Bar,Hard,1.0043,1.0043,1,0.0,0.0,0.0,0.0,0.0,1.0,0.0,0.0,0.0,1.0,0.0,,0.0,True,Qwen/Qwen2.5-Coder-7B-Instruct,None
2509@x_name@ASC,Bar,Hard,1.0043,1.0043,1,0.0,0.0,0.0,0.0,0.0,1.0,0.0,0.0,0.0,1.0,0.0,,0.0,True,Qwen/Qwen2.5-Coder-7B-Instruct,None
2513@x_name@ASC,Bar,Hard,0.878,0.878,1,0.0,0.0,0.0,0.0,0.0,0.0,0.0,0.0,0.0,0.0,1.0,0.0,0.0,True,Qwen/Qwen2.5-Coder-7B-Instruct,None
2513@x_name@ASC,Bar,Hard,0.878,0.878,1,0.0,0.0,0.0,0.0,0.0,0.0,0.0,0.0,0.0,0.0,1.0,0.0,0.0,True,Qwen/Qwen2.5-Coder-7B-Instruct,None
2513@x_name@ASC,Bar,Hard,0.878,0.878,1,0.0,0.0,0.0,0.0,0.0,0.0,0.0,0.0,0.0,0.0,1.0,0.0,0.0,True,Qwen/Qwen2.5-Coder-7B-Instruct,None
2517@y_name@ASC,Bar,Hard,0.5834,1.1668,2,0.0,0.0,0.0,0.0,0.0,0.0,0.0,0.0,0.0,0.0,1.0,0.0,0.0,False,Qwen/Qwen2.5-Coder-7B-Instruct,None
2517@y_name@ASC,Bar,Hard,0.5834,1.1668,2,0.0,0.0,0.0,0.0,0.0,0.0,0.0,0.0,0.0,0.0,1.0,0.0,0.0,False,Qwen/Qwen2.5-Coder-7B-Instruct,None
2517@y_name@ASC,Bar,Hard,0.5834,1.1668,2,0.0,0.0,0.0,0.0,0.0,0.0,0.0,0.0,0.0,0.0,1.0,0.0,0.0,False,Qwen/Qwen2.5-Coder-7B-Instruct,None
1551@y_name@ASC,Bar,Extra Hard,4.6231,23.1157,5,0.0,0.0,0.0,0.0,1.0,0.0,0.0,0.0,0.0,1.0,0.0,,0.0,False,Qwen/Qwen2.5-Coder-7B-Instruct,None
1551@y_name@ASC,Bar,Extra Hard,4.6231,23.1157,5,0.0,0.0,0.0,0.0,1.0,0.0,0.0,0.0,0.0,1.0,0.0,,0.0,False,Qwen/Qwen2.5-Coder-7B-Instruct,None
1551@y_name@ASC,Bar,Extra Hard,4.6231,23.1157,5,0.0,0.0,0.0,0.0,1.0,0.0,0.0,0.0,0.0,1.0,0.0,,0.0,False,Qwen/Qwen2.5-Coder-7B-Instruct,None
1622@y_name@ASC,Bar,Hard,1.6827,1.6827,1,0.0,0.0,0.0,1.0,1.0,0.0,0.0,0.0,0.0,1.0,0.0,,0.0,False,Qwen/Qwen2.5-Coder-7B-Instruct,None
1622@y_name@ASC,Bar,Hard,1.6827,1.6827,1,0.0,0.0,0.0,1.0,1.0,0.0,0.0,0.0,0.0,1.0,0.0,,0.0,False,Qwen/Qwen2.5-Coder-7B-Instruct,None
1622@y_name@ASC,Bar,Hard,1.6827,1.6827,1,0.0,0.0,0.0,1.0,1.0,0.0,0.0,0.0,0.0,1.0,0.0,,0.0,False,Qwen/Qwen2.5-Coder-7B-Instruct,None
1626@y_name@ASC,Bar,Hard,0.9633,2.8899,3,0.0,0.0,0.0,0.0,0.0,0.0,0.0,0.0,0.0,0.0,1.0,0.0,0.0,True,Qwen/Qwen2.5-Coder-7B-Instruct,None
1626@y_name@ASC,Bar,Hard,0.9633,2.8899,3,0.0,0.0,0.0,0.0,0.0,0.0,0.0,0.0,0.0,0.0,1.0,0.0,0.0,True,Qwen/Qwen2.5-Coder-7B-Instruct,None
1626@y_name@ASC,Bar,Hard,0.9633,2.8899,3,0.0,0.0,0.0,0.0,0.0,0.0,0.0,0.0,0.0,0.0,1.0,0.0,0.0,True,Qwen/Qwen2.5-Coder-7B-Instruct,None
1627@x_name@DESC,Bar,Hard,0.8669,0.8669,1,0.0,0.0,0.0,0.0,0.0,0.0,0.0,0.0,0.0,0.0,1.0,0.0,0.0,False,Qwen/Qwen2.5-Coder-7B-Instruct,None
1627@x_name@DESC,Bar,Hard,0.8669,0.8669,1,0.0,0.0,0.0,0.0,0.0,0.0,0.0,0.0,0.0,0.0,1.0,0.0,0.0,False,Qwen/Qwen2.5-Coder-7B-Instruct,None
1627@x_name@DESC,Bar,Hard,0.8669,0.8669,1,0.0,0.0,0.0,0.0,0.0,0.0,0.0,0.0,0.0,0.0,1.0,0.0,0.0,False,Qwen/Qwen2.5-Coder-7B-Instruct,None
1632@y_name@ASC,Bar,Hard,0.9256,2.7769,3,0.0,0.0,0.0,0.0,0.0,0.0,0.0,0.0,0.0,0.0,1.0,0.0,0.0,True,Qwen/Qwen2.5-Coder-7B-Instruct,None
1632@y_name@ASC,Bar,Hard,0.9256,2.7769,3,0.0,0.0,0.0,0.0,0.0,0.0,0.0,0.0,0.0,0.0,1.0,0.0,0.0,True,Qwen/Qwen2.5-Coder-7B-Instruct,None
1632@y_name@ASC,Bar,Hard,0.9256,2.7769,3,0.0,0.0,0.0,0.0,0.0,0.0,0.0,0.0,0.0,0.0,1.0,0.0,0.0,True,Qwen/Qwen2.5-Coder-7B-Instruct,None
1671@y_name@ASC,Bar,Medium,1.1003,3.3009,3,0.0,0.0,0.0,0.0,0.6666666666666666,0.0,0.0,0.0,0.0,0.6666666666666666,0.3333333333333333,0.0,0.0,False,Qwen/Qwen2.5-Coder-7B-Instruct,None
1671@y_name@ASC,Bar,Medium,1.1003,3.3009,3,0.0,0.0,0.0,0.0,0.6666666666666666,0.0,0.0,0.0,0.0,0.6666666666666666,0.3333333333333333,0.0,0.0,False,Qwen/Qwen2.5-Coder-7B-Instruct,None
1671@y_name@ASC,Bar,Medium,1.1003,3.3009,3,0.0,0.0,0.0,0.0,0.6666666666666666,0.0,0.0,0.0,0.0,0.6666666666666666,0.3333333333333333,0.0,0.0,False,Qwen/Qwen2.5-Coder-7B-Instruct,None
1696@x_name@DESC,Line,Medium,1.1333,4.5331,4,0.0,0.0,0.0,0.0,1.0,0.0,0.0,0.0,0.0,1.0,0.0,,0.0,False,Qwen/Qwen2.5-Coder-7B-Instruct,None
1696@x_name@DESC,Line,Medium,1.1333,4.5331,4,0.0,0.0,0.0,0.0,1.0,0.0,0.0,0.0,0.0,1.0,0.0,,0.0,False,Qwen/Qwen2.5-Coder-7B-Instruct,None
1696@x_name@DESC,Line,Medium,1.1333,4.5331,4,0.0,0.0,0.0,0.0,1.0,0.0,0.0,0.0,0.0,1.0,0.0,,0.0,False,Qwen/Qwen2.5-Coder-7B-Instruct,None
1702@y_name@ASC,Bar,Medium,16.6795,16.6795,1,1.0,0.0,0.0,0.0,0.0,0.0,0.0,0.0,1.0,0.0,0.0,,0.0,False,Qwen/Qwen2.5-Coder-7B-Instruct,None
1702@y_name@ASC,Bar,Medium,16.6795,16.6795,1,1.0,0.0,0.0,0.0,0.0,0.0,0.0,0.0,1.0,0.0,0.0,,0.0,False,Qwen/Qwen2.5-Coder-7B-Instruct,None
1702@y_name@ASC,Bar,Medium,16.6795,16.6795,1,1.0,0.0,0.0,0.0,0.0,0.0,0.0,0.0,1.0,0.0,0.0,,0.0,False,Qwen/Qwen2.5-Coder-7B-Instruct,None
1703@y_name@DESC,Bar,Hard,0.8439,0.8439,1,0.0,0.0,0.0,0.0,0.0,0.0,0.0,0.0,0.0,0.0,1.0,0.0,0.0,False,Qwen/Qwen2.5-Coder-7B-Instruct,None
1703@y_name@DESC,Bar,Hard,0.8439,0.8439,1,0.0,0.0,0.0,0.0,0.0,0.0,0.0,0.0,0.0,0.0,1.0,0.0,0.0,False,Qwen/Qwen2.5-Coder-7B-Instruct,None
1703@y_name@DESC,Bar,Hard,0.8439,0.8439,1,0.0,0.0,0.0,0.0,0.0,0.0,0.0,0.0,0.0,0.0,1.0,0.0,0.0,False,Qwen/Qwen2.5-Coder-7B-Instruct,None
1746@x_name@ASC,Line,Medium,0.7801,3.1206,4,0.0,0.0,0.0,0.0,1.0,0.0,0.0,0.0,0.0,1.0,0.0,,0.0,False,Qwen/Qwen2.5-Coder-7B-Instruct,None
1746@x_name@ASC,Line,Medium,0.7801,3.1206,4,0.0,0.0,0.0,0.0,1.0,0.0,0.0,0.0,0.0,1.0,0.0,,0.0,False,Qwen/Qwen2.5-Coder-7B-Instruct,None
1746@x_name@ASC,Line,Medium,0.7801,3.1206,4,0.0,0.0,0.0,0.0,1.0,0.0,0.0,0.0,0.0,1.0,0.0,,0.0,False,Qwen/Qwen2.5-Coder-7B-Instruct,None
1795@x_name@DESC,Line,Medium,0.7984,2.3952,3,0.0,0.0,0.0,0.0,1.0,0.0,0.0,0.0,0.0,1.0,0.0,,0.0,False,Qwen/Qwen2.5-Coder-7B-Instruct,None
1795@x_name@DESC,Line,Medium,0.7984,2.3952,3,0.0,0.0,0.0,0.0,1.0,0.0,0.0,0.0,0.0,1.0,0.0,,0.0,False,Qwen/Qwen2.5-Coder-7B-Instruct,None
1795@x_name@DESC,Line,Medium,0.7984,2.3952,3,0.0,0.0,0.0,0.0,1.0,0.0,0.0,0.0,0.0,1.0,0.0,,0.0,False,Qwen/Qwen2.5-Coder-7B-Instruct,None
1802@y_name@DESC,Bar,Extra Hard,0.618,1.236,2,0.0,0.0,0.0,0.0,0.0,0.0,0.0,0.0,0.0,0.0,1.0,0.0,0.0,False,Qwen/Qwen2.5-Coder-7B-Instruct,None
1802@y_name@DESC,Bar,Extra Hard,0.618,1.236,2,0.0,0.0,0.0,0.0,0.0,0.0,0.0,0.0,0.0,0.0,1.0,0.0,0.0,False,Qwen/Qwen2.5-Coder-7B-Instruct,None
1802@y_name@DESC,Bar,Extra Hard,0.618,1.236,2,0.0,0.0,0.0,0.0,0.0,0.0,0.0,0.0,0.0,0.0,1.0,0.0,0.0,False,Qwen/Qwen2.5-Coder-7B-Instruct,None
1835@x_name@ASC,Line,Hard,0.6545,1.9634,3,0.0,0.0,0.0,0.0,1.0,0.0,0.0,0.0,0.0,1.0,0.0,,0.0,False,Qwen/Qwen2.5-Coder-7B-Instruct,None
1835@x_name@ASC,Line,Hard,0.6545,1.9634,3,0.0,0.0,0.0,0.0,1.0,0.0,0.0,0.0,0.0,1.0,0.0,,0.0,False,Qwen/Qwen2.5-Coder-7B-Instruct,None
1835@x_name@ASC,Line,Hard,0.6545,1.9634,3,0.0,0.0,0.0,0.0,1.0,0.0,0.0,0.0,0.0,1.0,0.0,,0.0,False,Qwen/Qwen2.5-Coder-7B-Instruct,None
1869@x_name@ASC,Line,Easy,0.7368,2.2103,3,0.0,0.0,0.0,0.0,0.0,0.0,0.0,0.0,0.0,0.0,1.0,0.0,0.0,False,Qwen/Qwen2.5-Coder-7B-Instruct,None
1869@x_name@ASC,Line,Easy,0.7368,2.2103,3,0.0,0.0,0.0,0.0,0.0,0.0,0.0,0.0,0.0,0.0,1.0,0.0,0.0,False,Qwen/Qwen2.5-Coder-7B-Instruct,None
1869@x_name@ASC,Line,Easy,0.7368,2.2103,3,0.0,0.0,0.0,0.0,0.0,0.0,0.0,0.0,0.0,0.0,1.0,0.0,0.0,False,Qwen/Qwen2.5-Coder-7B-Instruct,None
1956@y_name@DESC,Bar,Extra Hard,1.1835,2.3669,2,0.0,0.0,0.0,0.0,0.5,0.0,0.0,0.0,0.0,0.5,0.5,0.0,0.0,True,Qwen/Qwen2.5-Coder-7B-Instruct,None
1956@y_name@DESC,Bar,Extra Hard,1.1835,2.3669,2,0.0,0.0,0.0,0.0,0.5,0.0,0.0,0.0,0.0,0.5,0.5,0.0,0.0,True,Qwen/Qwen2.5-Coder-7B-Instruct,None
1956@y_name@DESC,Bar,Extra Hard,1.1835,2.3669,2,0.0,0.0,0.0,0.0,0.5,0.0,0.0,0.0,0.0,0.5,0.5,0.0,0.0,True,Qwen/Qwen2.5-Coder-7B-Instruct,None
1963@y_name@DESC,Bar,Hard,0.9291,1.8583,2,0.0,0.0,0.0,0.0,0.0,0.0,0.0,0.0,0.0,0.0,1.0,0.0,0.0,True,Qwen/Qwen2.5-Coder-7B-Instruct,None
1963@y_name@DESC,Bar,Hard,0.9291,1.8583,2,0.0,0.0,0.0,0.0,0.0,0.0,0.0,0.0,0.0,0.0,1.0,0.0,0.0,True,Qwen/Qwen2.5-Coder-7B-Instruct,None
1963@y_name@DESC,Bar,Hard,0.9291,1.8583,2,0.0,0.0,0.0,0.0,0.0,0.0,0.0,0.0,0.0,0.0,1.0,0.0,0.0,True,Qwen/Qwen2.5-Coder-7B-Instruct,None
2726@x_name@DESC,Bar,Extra Hard,1.1133,1.1133,1,0.0,0.0,0.0,0.0,0.0,1.0,0.0,0.0,0.0,1.0,0.0,,0.0,True,Qwen/Qwen2.5-Coder-7B-Instruct,None
2726@x_name@DESC,Bar,Extra Hard,1.1133,1.1133,1,0.0,0.0,0.0,0.0,0.0,1.0,0.0,0.0,0.0,1.0,0.0,,0.0,True,Qwen/Qwen2.5-Coder-7B-Instruct,None
2726@x_name@DESC,Bar,Extra Hard,1.1133,1.1133,1,0.0,0.0,0.0,0.0,0.0,1.0,0.0,0.0,0.0,1.0,0.0,,0.0,True,Qwen/Qwen2.5-Coder-7B-Instruct,None
2733@y_name@ASC,Bar,Extra Hard,11.3145,33.9435,3,0.0,0.0,0.0,0.0,1.0,0.0,0.0,0.0,0.0,1.0,0.0,,0.0,True,Qwen/Qwen2.5-Coder-7B-Instruct,None
2733@y_name@ASC,Bar,Extra Hard,11.3145,33.9435,3,0.0,0.0,0.0,0.0,1.0,0.0,0.0,0.0,0.0,1.0,0.0,,0.0,True,Qwen/Qwen2.5-Coder-7B-Instruct,None
2733@y_name@ASC,Bar,Extra Hard,11.3145,33.9435,3,0.0,0.0,0.0,0.0,1.0,0.0,0.0,0.0,0.0,1.0,0.0,,0.0,True,Qwen/Qwen2.5-Coder-7B-Instruct,None
733@y_name@DESC,Bar,Medium,0.5187,1.0374,2,0.0,0.0,0.0,0.0,0.0,0.0,0.0,0.0,0.0,0.0,1.0,0.0,0.0,False,Qwen/Qwen2.5-Coder-7B-Instruct,None
733@y_name@DESC,Bar,Medium,0.5187,1.0374,2,0.0,0.0,0.0,0.0,0.0,0.0,0.0,0.0,0.0,0.0,1.0,0.0,0.0,False,Qwen/Qwen2.5-Coder-7B-Instruct,None
733@y_name@DESC,Bar,Medium,0.5187,1.0374,2,0.0,0.0,0.0,0.0,0.0,0.0,0.0,0.0,0.0,0.0,1.0,0.0,0.0,False,Qwen/Qwen2.5-Coder-7B-Instruct,None
748@y_name@DESC,Bar,Extra Hard,1.0517,3.1551,3,0.0,0.0,0.0,0.0,0.3333333333333333,0.0,0.0,0.0,0.0,0.3333333333333333,0.6666666666666666,0.0,0.0,True,Qwen/Qwen2.5-Coder-7B-Instruct,None
748@y_name@DESC,Bar,Extra Hard,1.0517,3.1551,3,0.0,0.0,0.0,0.0,0.3333333333333333,0.0,0.0,0.0,0.0,0.3333333333333333,0.6666666666666666,0.0,0.0,True,Qwen/Qwen2.5-Coder-7B-Instruct,None
748@y_name@DESC,Bar,Extra Hard,1.0517,3.1551,3,0.0,0.0,0.0,0.0,0.3333333333333333,0.0,0.0,0.0,0.0,0.3333333333333333,0.6666666666666666,0.0,0.0,True,Qwen/Qwen2.5-Coder-7B-Instruct,None
753@x_name@DESC,Bar,Medium,0.523,1.5691,3,0.0,0.0,0.0,0.0,0.0,0.6666666666666666,0.0,0.0,0.0,0.6666666666666666,0.3333333333333333,0.0,0.0,False,Qwen/Qwen2.5-Coder-7B-Instruct,None
753@x_name@DESC,Bar,Medium,0.523,1.5691,3,0.0,0.0,0.0,0.0,0.0,0.6666666666666666,0.0,0.0,0.0,0.6666666666666666,0.3333333333333333,0.0,0.0,False,Qwen/Qwen2.5-Coder-7B-Instruct,None
753@x_name@DESC,Bar,Medium,0.523,1.5691,3,0.0,0.0,0.0,0.0,0.0,0.6666666666666666,0.0,0.0,0.0,0.6666666666666666,0.3333333333333333,0.0,0.0,False,Qwen/Qwen2.5-Coder-7B-Instruct,None
754@y_name@ASC,Bar,Hard,0.6256,1.2512,2,0.0,0.0,0.0,0.0,0.0,0.0,0.0,0.0,0.0,0.0,1.0,0.0,0.0,False,Qwen/Qwen2.5-Coder-7B-Instruct,None
754@y_name@ASC,Bar,Hard,0.6256,1.2512,2,0.0,0.0,0.0,0.0,0.0,0.0,0.0,0.0,0.0,0.0,1.0,0.0,0.0,False,Qwen/Qwen2.5-Coder-7B-Instruct,None
754@y_name@ASC,Bar,Hard,0.6256,1.2512,2,0.0,0.0,0.0,0.0,0.0,0.0,0.0,0.0,0.0,0.0,1.0,0.0,0.0,False,Qwen/Qwen2.5-Coder-7B-Instruct,None
763@y_name@ASC,Bar,Medium,0.5729,1.7186,3,0.0,0.0,0.0,0.0,0.0,0.0,0.0,0.0,0.0,0.0,1.0,0.0,0.0,False,Qwen/Qwen2.5-Coder-7B-Instruct,None
763@y_name@ASC,Bar,Medium,0.5729,1.7186,3,0.0,0.0,0.0,0.0,0.0,0.0,0.0,0.0,0.0,0.0,1.0,0.0,0.0,False,Qwen/Qwen2.5-Coder-7B-Instruct,None
763@y_name@ASC,Bar,Medium,0.5729,1.7186,3,0.0,0.0,0.0,0.0,0.0,0.0,0.0,0.0,0.0,0.0,1.0,0.0,0.0,False,Qwen/Qwen2.5-Coder-7B-Instruct,None
2625@x_name@ASC,Bar,Medium,0.5844,2.3376,4,0.0,0.0,0.0,0.0,0.0,1.0,0.0,0.0,0.0,1.0,0.0,,0.0,False,Qwen/Qwen2.5-Coder-7B-Instruct,None
2625@x_name@ASC,Bar,Medium,0.5844,2.3376,4,0.0,0.0,0.0,0.0,0.0,1.0,0.0,0.0,0.0,1.0,0.0,,0.0,False,Qwen/Qwen2.5-Coder-7B-Instruct,None
2625@x_name@ASC,Bar,Medium,0.5844,2.3376,4,0.0,0.0,0.0,0.0,0.0,1.0,0.0,0.0,0.0,1.0,0.0,,0.0,False,Qwen/Qwen2.5-Coder-7B-Instruct,None
609@x_name@ASC,Bar,Extra Hard,0.9045,1.809,2,0.0,0.0,0.0,0.0,0.5,0.5,0.0,0.0,0.0,1.0,0.0,,0.0,True,Qwen/Qwen2.5-Coder-7B-Instruct,None
609@x_name@ASC,Bar,Extra Hard,0.9045,1.809,2,0.0,0.0,0.0,0.0,0.5,0.5,0.0,0.0,0.0,1.0,0.0,,0.0,True,Qwen/Qwen2.5-Coder-7B-Instruct,None
609@x_name@ASC,Bar,Extra Hard,0.9045,1.809,2,0.0,0.0,0.0,0.0,0.5,0.5,0.0,0.0,0.0,1.0,0.0,,0.0,True,Qwen/Qwen2.5-Coder-7B-Instruct,None
619@x_name@ASC,Bar,Easy,0.6477,0.6477,1,0.0,0.0,0.0,0.0,0.0,0.0,0.0,0.0,0.0,0.0,1.0,0.0,0.0,False,Qwen/Qwen2.5-Coder-7B-Instruct,None
619@x_name@ASC,Bar,Easy,0.6477,0.6477,1,0.0,0.0,0.0,0.0,0.0,0.0,0.0,0.0,0.0,0.0,1.0,0.0,0.0,False,Qwen/Qwen2.5-Coder-7B-Instruct,None
619@x_name@ASC,Bar,Easy,0.6477,0.6477,1,0.0,0.0,0.0,0.0,0.0,0.0,0.0,0.0,0.0,0.0,1.0,0.0,0.0,False,Qwen/Qwen2.5-Coder-7B-Instruct,None
620@x_name@ASC,Bar,Hard,0.5957,0.5957,1,0.0,0.0,0.0,0.0,0.0,0.0,0.0,0.0,0.0,0.0,1.0,0.0,0.0,False,Qwen/Qwen2.5-Coder-7B-Instruct,None
620@x_name@ASC,Bar,Hard,0.5957,0.5957,1,0.0,0.0,0.0,0.0,0.0,0.0,0.0,0.0,0.0,0.0,1.0,0.0,0.0,False,Qwen/Qwen2.5-Coder-7B-Instruct,None
620@x_name@ASC,Bar,Hard,0.5957,0.5957,1,0.0,0.0,0.0,0.0,0.0,0.0,0.0,0.0,0.0,0.0,1.0,0.0,0.0,False,Qwen/Qwen2.5-Coder-7B-Instruct,None
621@y_name@ASC,Bar,Medium,0.6198,3.0991,5,0.0,0.0,0.0,0.0,0.4,0.0,0.0,0.0,0.0,0.4,0.6,0.0,0.0,False,Qwen/Qwen2.5-Coder-7B-Instruct,None
621@y_name@ASC,Bar,Medium,0.6198,3.0991,5,0.0,0.0,0.0,0.0,0.4,0.0,0.0,0.0,0.0,0.4,0.6,0.0,0.0,False,Qwen/Qwen2.5-Coder-7B-Instruct,None
621@y_name@ASC,Bar,Medium,0.6198,3.0991,5,0.0,0.0,0.0,0.0,0.4,0.0,0.0,0.0,0.0,0.4,0.6,0.0,0.0,False,Qwen/Qwen2.5-Coder-7B-Instruct,None
624@y_name@ASC,Bar,Medium,0.5842,1.7527,3,0.0,0.0,0.0,0.0,0.0,0.0,0.0,0.0,0.0,0.0,1.0,0.0,0.0,False,Qwen/Qwen2.5-Coder-7B-Instruct,None
624@y_name@ASC,Bar,Medium,0.5842,1.7527,3,0.0,0.0,0.0,0.0,0.0,0.0,0.0,0.0,0.0,0.0,1.0,0.0,0.0,False,Qwen/Qwen2.5-Coder-7B-Instruct,None
624@y_name@ASC,Bar,Medium,0.5842,1.7527,3,0.0,0.0,0.0,0.0,0.0,0.0,0.0,0.0,0.0,0.0,1.0,0.0,0.0,False,Qwen/Qwen2.5-Coder-7B-Instruct,None
627@y_name@DESC,Bar,Medium,0.6139,0.6139,1,0.0,0.0,0.0,0.0,0.0,0.0,0.0,0.0,0.0,0.0,1.0,0.0,0.0,False,Qwen/Qwen2.5-Coder-7B-Instruct,None
627@y_name@DESC,Bar,Medium,0.6139,0.6139,1,0.0,0.0,0.0,0.0,0.0,0.0,0.0,0.0,0.0,0.0,1.0,0.0,0.0,False,Qwen/Qwen2.5-Coder-7B-Instruct,None
627@y_name@DESC,Bar,Medium,0.6139,0.6139,1,0.0,0.0,0.0,0.0,0.0,0.0,0.0,0.0,0.0,0.0,1.0,0.0,0.0,False,Qwen/Qwen2.5-Coder-7B-Instruct,None
630@y_name@DESC,Bar,Medium,0.6268,1.2536,2,0.0,0.0,0.0,0.0,0.0,1.0,0.0,0.0,0.0,1.0,0.0,,0.0,True,Qwen/Qwen2.5-Coder-7B-Instruct,None
630@y_name@DESC,Bar,Medium,0.6268,1.2536,2,0.0,0.0,0.0,0.0,0.0,1.0,0.0,0.0,0.0,1.0,0.0,,0.0,True,Qwen/Qwen2.5-Coder-7B-Instruct,None
630@y_name@DESC,Bar,Medium,0.6268,1.2536,2,0.0,0.0,0.0,0.0,0.0,1.0,0.0,0.0,0.0,1.0,0.0,,0.0,True,Qwen/Qwen2.5-Coder-7B-Instruct,None
633@y_name@DESC,Bar,Hard,1.1101,1.1101,1,0.0,0.0,0.0,0.0,0.0,0.0,0.0,0.0,0.0,0.0,1.0,0.0,0.0,True,Qwen/Qwen2.5-Coder-7B-Instruct,None
633@y_name@DESC,Bar,Hard,1.1101,1.1101,1,0.0,0.0,0.0,0.0,0.0,0.0,0.0,0.0,0.0,0.0,1.0,0.0,0.0,True,Qwen/Qwen2.5-Coder-7B-Instruct,None
633@y_name@DESC,Bar,Hard,1.1101,1.1101,1,0.0,0.0,0.0,0.0,0.0,0.0,0.0,0.0,0.0,0.0,1.0,0.0,0.0,True,Qwen/Qwen2.5-Coder-7B-Instruct,None
636@y_name@DESC,Bar,Hard,1.1818,1.1818,1,0.0,0.0,0.0,0.0,1.0,0.0,0.0,0.0,0.0,1.0,0.0,,0.0,True,Qwen/Qwen2.5-Coder-7B-Instruct,None
636@y_name@DESC,Bar,Hard,1.1818,1.1818,1,0.0,0.0,0.0,0.0,1.0,0.0,0.0,0.0,0.0,1.0,0.0,,0.0,True,Qwen/Qwen2.5-Coder-7B-Instruct,None
636@y_name@DESC,Bar,Hard,1.1818,1.1818,1,0.0,0.0,0.0,0.0,1.0,0.0,0.0,0.0,0.0,1.0,0.0,,0.0,True,Qwen/Qwen2.5-Coder-7B-Instruct,None
640@x_name@ASC,Line,Medium,0.573,1.146,2,0.0,0.0,0.0,0.0,0.0,0.0,0.0,0.0,0.0,0.0,1.0,0.0,0.0,False,Qwen/Qwen2.5-Coder-7B-Instruct,None
640@x_name@ASC,Line,Medium,0.573,1.146,2,0.0,0.0,0.0,0.0,0.0,0.0,0.0,0.0,0.0,0.0,1.0,0.0,0.0,False,Qwen/Qwen2.5-Coder-7B-Instruct,None
640@x_name@ASC,Line,Medium,0.573,1.146,2,0.0,0.0,0.0,0.0,0.0,0.0,0.0,0.0,0.0,0.0,1.0,0.0,0.0,False,Qwen/Qwen2.5-Coder-7B-Instruct,None
642@x_name@DESC,Line,Medium,0.5272,1.5815,3,0.0,0.0,0.0,0.0,0.0,1.0,0.0,0.0,0.0,1.0,0.0,,0.0,False,Qwen/Qwen2.5-Coder-7B-Instruct,None
642@x_name@DESC,Line,Medium,0.5272,1.5815,3,0.0,0.0,0.0,0.0,0.0,1.0,0.0,0.0,0.0,1.0,0.0,,0.0,False,Qwen/Qwen2.5-Coder-7B-Instruct,None
642@x_name@DESC,Line,Medium,0.5272,1.5815,3,0.0,0.0,0.0,0.0,0.0,1.0,0.0,0.0,0.0,1.0,0.0,,0.0,False,Qwen/Qwen2.5-Coder-7B-Instruct,None
647@x_name@DESC,Grouping Line,Hard,0.6068,0.6068,1,0.0,0.0,0.0,0.0,0.0,0.0,0.0,0.0,0.0,0.0,1.0,0.0,0.0,False,Qwen/Qwen2.5-Coder-7B-Instruct,None
647@x_name@DESC,Grouping Line,Hard,0.6068,0.6068,1,0.0,0.0,0.0,0.0,0.0,0.0,0.0,0.0,0.0,0.0,1.0,0.0,0.0,False,Qwen/Qwen2.5-Coder-7B-Instruct,None
647@x_name@DESC,Grouping Line,Hard,0.6068,0.6068,1,0.0,0.0,0.0,0.0,0.0,0.0,0.0,0.0,0.0,0.0,1.0,0.0,0.0,False,Qwen/Qwen2.5-Coder-7B-Instruct,None
648@x_name@ASC,Grouping Line,Extra Hard,11.4372,22.8743,2,0.5,0.0,0.0,0.0,0.0,0.0,0.0,0.0,0.5,0.0,0.5,0.0,0.0,False,Qwen/Qwen2.5-Coder-7B-Instruct,None
648@x_name@ASC,Grouping Line,Extra Hard,11.4372,22.8743,2,0.5,0.0,0.0,0.0,0.0,0.0,0.0,0.0,0.5,0.0,0.5,0.0,0.0,False,Qwen/Qwen2.5-Coder-7B-Instruct,None
648@x_name@ASC,Grouping Line,Extra Hard,11.4372,22.8743,2,0.5,0.0,0.0,0.0,0.0,0.0,0.0,0.0,0.5,0.0,0.5,0.0,0.0,False,Qwen/Qwen2.5-Coder-7B-Instruct,None
652@x_name@DESC,Bar,Extra Hard,1.0166,1.0166,1,0.0,0.0,0.0,0.0,0.0,1.0,0.0,0.0,0.0,1.0,0.0,,0.0,True,Qwen/Qwen2.5-Coder-7B-Instruct,None
652@x_name@DESC,Bar,Extra Hard,1.0166,1.0166,1,0.0,0.0,0.0,0.0,0.0,1.0,0.0,0.0,0.0,1.0,0.0,,0.0,True,Qwen/Qwen2.5-Coder-7B-Instruct,None
652@x_name@DESC,Bar,Extra Hard,1.0166,1.0166,1,0.0,0.0,0.0,0.0,0.0,1.0,0.0,0.0,0.0,1.0,0.0,,0.0,True,Qwen/Qwen2.5-Coder-7B-Instruct,None
653@x_name@DESC,Bar,Extra Hard,1.1341,1.1341,1,0.0,0.0,0.0,0.0,0.0,1.0,0.0,0.0,0.0,1.0,0.0,,0.0,True,Qwen/Qwen2.5-Coder-7B-Instruct,None
653@x_name@DESC,Bar,Extra Hard,1.1341,1.1341,1,0.0,0.0,0.0,0.0,0.0,1.0,0.0,0.0,0.0,1.0,0.0,,0.0,True,Qwen/Qwen2.5-Coder-7B-Instruct,None
653@x_name@DESC,Bar,Extra Hard,1.1341,1.1341,1,0.0,0.0,0.0,0.0,0.0,1.0,0.0,0.0,0.0,1.0,0.0,,0.0,True,Qwen/Qwen2.5-Coder-7B-Instruct,None
654@x_name@DESC,Bar,Medium,0.6034,2.4135,4,0.0,0.0,0.0,0.0,0.0,1.0,0.0,0.0,0.0,1.0,0.0,,0.0,False,Qwen/Qwen2.5-Coder-7B-Instruct,None
654@x_name@DESC,Bar,Medium,0.6034,2.4135,4,0.0,0.0,0.0,0.0,0.0,1.0,0.0,0.0,0.0,1.0,0.0,,0.0,False,Qwen/Qwen2.5-Coder-7B-Instruct,None
654@x_name@DESC,Bar,Medium,0.6034,2.4135,4,0.0,0.0,0.0,0.0,0.0,1.0,0.0,0.0,0.0,1.0,0.0,,0.0,False,Qwen/Qwen2.5-Coder-7B-Instruct,None
655@x_name@DESC,Bar,Medium,0.964,0.964,1,0.0,0.0,0.0,0.0,0.0,0.0,0.0,0.0,0.0,0.0,1.0,0.0,0.0,False,Qwen/Qwen2.5-Coder-7B-Instruct,None
655@x_name@DESC,Bar,Medium,0.964,0.964,1,0.0,0.0,0.0,0.0,0.0,0.0,0.0,0.0,0.0,0.0,1.0,0.0,0.0,False,Qwen/Qwen2.5-Coder-7B-Instruct,None
655@x_name@DESC,Bar,Medium,0.964,0.964,1,0.0,0.0,0.0,0.0,0.0,0.0,0.0,0.0,0.0,0.0,1.0,0.0,0.0,False,Qwen/Qwen2.5-Coder-7B-Instruct,None
657@y_name@ASC,Bar,Hard,1.0837,2.1674,2,0.0,0.0,0.0,0.0,1.0,0.0,0.0,0.0,0.0,1.0,0.0,,0.0,False,Qwen/Qwen2.5-Coder-7B-Instruct,None
657@y_name@ASC,Bar,Hard,1.0837,2.1674,2,0.0,0.0,0.0,0.0,1.0,0.0,0.0,0.0,0.0,1.0,0.0,,0.0,False,Qwen/Qwen2.5-Coder-7B-Instruct,None
657@y_name@ASC,Bar,Hard,1.0837,2.1674,2,0.0,0.0,0.0,0.0,1.0,0.0,0.0,0.0,0.0,1.0,0.0,,0.0,False,Qwen/Qwen2.5-Coder-7B-Instruct,None
713@y_name@DESC,Bar,Hard,0.8721,3.4885,4,0.0,0.0,0.0,0.0,0.0,0.0,0.0,0.0,0.0,0.0,1.0,0.0,0.0,True,Qwen/Qwen2.5-Coder-7B-Instruct,None
713@y_name@DESC,Bar,Hard,0.8721,3.4885,4,0.0,0.0,0.0,0.0,0.0,0.0,0.0,0.0,0.0,0.0,1.0,0.0,0.0,True,Qwen/Qwen2.5-Coder-7B-Instruct,None
713@y_name@DESC,Bar,Hard,0.8721,3.4885,4,0.0,0.0,0.0,0.0,0.0,0.0,0.0,0.0,0.0,0.0,1.0,0.0,0.0,True,Qwen/Qwen2.5-Coder-7B-Instruct,None
715@y_name@DESC,Bar,Hard,4.2859,8.5718,2,0.0,0.0,0.0,0.0,0.0,0.0,0.0,0.0,0.0,0.0,1.0,0.0,0.0,True,Qwen/Qwen2.5-Coder-7B-Instruct,None
715@y_name@DESC,Bar,Hard,4.2859,8.5718,2,0.0,0.0,0.0,0.0,0.0,0.0,0.0,0.0,0.0,0.0,1.0,0.0,0.0,True,Qwen/Qwen2.5-Coder-7B-Instruct,None
715@y_name@DESC,Bar,Hard,4.2859,8.5718,2,0.0,0.0,0.0,0.0,0.0,0.0,0.0,0.0,0.0,0.0,1.0,0.0,0.0,True,Qwen/Qwen2.5-Coder-7B-Instruct,None
719@x_name@DESC,Bar,Hard,6.5541,6.5541,1,0.0,0.0,0.0,0.0,0.0,1.0,0.0,0.0,0.0,1.0,0.0,,0.0,True,Qwen/Qwen2.5-Coder-7B-Instruct,None
719@x_name@DESC,Bar,Hard,6.5541,6.5541,1,0.0,0.0,0.0,0.0,0.0,1.0,0.0,0.0,0.0,1.0,0.0,,0.0,True,Qwen/Qwen2.5-Coder-7B-Instruct,None
719@x_name@DESC,Bar,Hard,6.5541,6.5541,1,0.0,0.0,0.0,0.0,0.0,1.0,0.0,0.0,0.0,1.0,0.0,,0.0,True,Qwen/Qwen2.5-Coder-7B-Instruct,None
380@x_name@ASC,Bar,Medium,0.4514,2.2571,5,0.0,0.0,0.0,0.0,0.0,0.0,0.0,0.0,0.0,0.0,1.0,0.0,0.0,False,Qwen/Qwen2.5-Coder-7B-Instruct,None
380@x_name@ASC,Bar,Medium,0.4514,2.2571,5,0.0,0.0,0.0,0.0,0.0,0.0,0.0,0.0,0.0,0.0,1.0,0.0,0.0,False,Qwen/Qwen2.5-Coder-7B-Instruct,None
380@x_name@ASC,Bar,Medium,0.4514,2.2571,5,0.0,0.0,0.0,0.0,0.0,0.0,0.0,0.0,0.0,0.0,1.0,0.0,0.0,False,Qwen/Qwen2.5-Coder-7B-Instruct,None
383@x_name@ASC,Bar,Medium,0.43,1.2901,3,0.0,0.0,0.0,0.0,0.3333333333333333,0.0,0.0,0.0,0.0,0.3333333333333333,0.6666666666666666,0.0,0.0,False,Qwen/Qwen2.5-Coder-7B-Instruct,None
383@x_name@ASC,Bar,Medium,0.43,1.2901,3,0.0,0.0,0.0,0.0,0.3333333333333333,0.0,0.0,0.0,0.0,0.3333333333333333,0.6666666666666666,0.0,0.0,False,Qwen/Qwen2.5-Coder-7B-Instruct,None
383@x_name@ASC,Bar,Medium,0.43,1.2901,3,0.0,0.0,0.0,0.0,0.3333333333333333,0.0,0.0,0.0,0.0,0.3333333333333333,0.6666666666666666,0.0,0.0,False,Qwen/Qwen2.5-Coder-7B-Instruct,None
394@y_name@DESC,Bar,Easy,0.3677,2.2065,6,0.0,0.0,0.0,0.0,0.0,0.0,0.0,0.0,0.0,0.0,1.0,0.0,0.0,False,Qwen/Qwen2.5-Coder-7B-Instruct,None
394@y_name@DESC,Bar,Easy,0.3677,2.2065,6,0.0,0.0,0.0,0.0,0.0,0.0,0.0,0.0,0.0,0.0,1.0,0.0,0.0,False,Qwen/Qwen2.5-Coder-7B-Instruct,None
394@y_name@DESC,Bar,Easy,0.3677,2.2065,6,0.0,0.0,0.0,0.0,0.0,0.0,0.0,0.0,0.0,0.0,1.0,0.0,0.0,False,Qwen/Qwen2.5-Coder-7B-Instruct,None
395@x_name@ASC,Bar,Easy,0.3798,0.3798,1,0.0,0.0,0.0,0.0,0.0,0.0,0.0,0.0,0.0,0.0,1.0,0.0,0.0,False,Qwen/Qwen2.5-Coder-7B-Instruct,None
395@x_name@ASC,Bar,Easy,0.3798,0.3798,1,0.0,0.0,0.0,0.0,0.0,0.0,0.0,0.0,0.0,0.0,1.0,0.0,0.0,False,Qwen/Qwen2.5-Coder-7B-Instruct,None
395@x_name@ASC,Bar,Easy,0.3798,0.3798,1,0.0,0.0,0.0,0.0,0.0,0.0,0.0,0.0,0.0,0.0,1.0,0.0,0.0,False,Qwen/Qwen2.5-Coder-7B-Instruct,None
406@x_name@ASC,Bar,Easy,0.4307,0.4307,1,0.0,0.0,0.0,0.0,0.0,0.0,0.0,0.0,0.0,0.0,1.0,0.0,0.0,False,Qwen/Qwen2.5-Coder-7B-Instruct,None
406@x_name@ASC,Bar,Easy,0.4307,0.4307,1,0.0,0.0,0.0,0.0,0.0,0.0,0.0,0.0,0.0,0.0,1.0,0.0,0.0,False,Qwen/Qwen2.5-Coder-7B-Instruct,None
406@x_name@ASC,Bar,Easy,0.4307,0.4307,1,0.0,0.0,0.0,0.0,0.0,0.0,0.0,0.0,0.0,0.0,1.0,0.0,0.0,False,Qwen/Qwen2.5-Coder-7B-Instruct,None
723@y_name@ASC,Bar,Hard,0.5515,0.5515,1,0.0,0.0,0.0,0.0,1.0,0.0,0.0,0.0,0.0,1.0,0.0,,0.0,True,Qwen/Qwen2.5-Coder-7B-Instruct,None
723@y_name@ASC,Bar,Hard,0.5515,0.5515,1,0.0,0.0,0.0,0.0,1.0,0.0,0.0,0.0,0.0,1.0,0.0,,0.0,True,Qwen/Qwen2.5-Coder-7B-Instruct,None
723@y_name@ASC,Bar,Hard,0.5515,0.5515,1,0.0,0.0,0.0,0.0,1.0,0.0,0.0,0.0,0.0,1.0,0.0,,0.0,True,Qwen/Qwen2.5-Coder-7B-Instruct,None
725@x_name@DESC,Bar,Hard,0.5601,0.5601,1,0.0,0.0,0.0,0.0,0.0,1.0,0.0,0.0,0.0,1.0,0.0,,0.0,True,Qwen/Qwen2.5-Coder-7B-Instruct,None
725@x_name@DESC,Bar,Hard,0.5601,0.5601,1,0.0,0.0,0.0,0.0,0.0,1.0,0.0,0.0,0.0,1.0,0.0,,0.0,True,Qwen/Qwen2.5-Coder-7B-Instruct,None
725@x_name@DESC,Bar,Hard,0.5601,0.5601,1,0.0,0.0,0.0,0.0,0.0,1.0,0.0,0.0,0.0,1.0,0.0,,0.0,True,Qwen/Qwen2.5-Coder-7B-Instruct,None
726@y_name@DESC,Bar,Medium,0.7015,1.403,2,0.0,0.0,0.0,0.0,0.0,0.0,0.0,0.0,0.0,0.0,1.0,0.0,0.0,False,Qwen/Qwen2.5-Coder-7B-Instruct,None
726@y_name@DESC,Bar,Medium,0.7015,1.403,2,0.0,0.0,0.0,0.0,0.0,0.0,0.0,0.0,0.0,0.0,1.0,0.0,0.0,False,Qwen/Qwen2.5-Coder-7B-Instruct,None
726@y_name@DESC,Bar,Medium,0.7015,1.403,2,0.0,0.0,0.0,0.0,0.0,0.0,0.0,0.0,0.0,0.0,1.0,0.0,0.0,False,Qwen/Qwen2.5-Coder-7B-Instruct,None
3208@x_name@DESC,Bar,Medium,4.6729,4.6729,1,0.0,0.0,0.0,0.0,1.0,0.0,0.0,0.0,0.0,1.0,0.0,,0.0,False,Qwen/Qwen2.5-Coder-7B-Instruct,None
3208@x_name@DESC,Bar,Medium,4.6729,4.6729,1,0.0,0.0,0.0,0.0,1.0,0.0,0.0,0.0,0.0,1.0,0.0,,0.0,False,Qwen/Qwen2.5-Coder-7B-Instruct,None
3208@x_name@DESC,Bar,Medium,4.6729,4.6729,1,0.0,0.0,0.0,0.0,1.0,0.0,0.0,0.0,0.0,1.0,0.0,,0.0,False,Qwen/Qwen2.5-Coder-7B-Instruct,None
3210@x_name@DESC,Line,Easy,0.4783,0.4783,1,0.0,0.0,0.0,0.0,0.0,0.0,0.0,0.0,0.0,0.0,1.0,0.0,0.0,False,Qwen/Qwen2.5-Coder-7B-Instruct,None
3210@x_name@DESC,Line,Easy,0.4783,0.4783,1,0.0,0.0,0.0,0.0,0.0,0.0,0.0,0.0,0.0,0.0,1.0,0.0,0.0,False,Qwen/Qwen2.5-Coder-7B-Instruct,None
3210@x_name@DESC,Line,Easy,0.4783,0.4783,1,0.0,0.0,0.0,0.0,0.0,0.0,0.0,0.0,0.0,0.0,1.0,0.0,0.0,False,Qwen/Qwen2.5-Coder-7B-Instruct,None
3214@x_name@DESC,Bar,Hard,0.7096,0.7096,1,0.0,0.0,0.0,0.0,0.0,0.0,0.0,0.0,0.0,0.0,1.0,0.0,0.0,False,Qwen/Qwen2.5-Coder-7B-Instruct,None
3214@x_name@DESC,Bar,Hard,0.7096,0.7096,1,0.0,0.0,0.0,0.0,0.0,0.0,0.0,0.0,0.0,0.0,1.0,0.0,0.0,False,Qwen/Qwen2.5-Coder-7B-Instruct,None
3214@x_name@DESC,Bar,Hard,0.7096,0.7096,1,0.0,0.0,0.0,0.0,0.0,0.0,0.0,0.0,0.0,0.0,1.0,0.0,0.0,False,Qwen/Qwen2.5-Coder-7B-Instruct,None
3216@y_name@ASC,Bar,Medium,0.4934,0.9867,2,0.0,0.0,0.0,0.0,0.0,0.0,0.0,0.0,0.0,0.0,1.0,0.0,0.0,False,Qwen/Qwen2.5-Coder-7B-Instruct,None
3216@y_name@ASC,Bar,Medium,0.4934,0.9867,2,0.0,0.0,0.0,0.0,0.0,0.0,0.0,0.0,0.0,0.0,1.0,0.0,0.0,False,Qwen/Qwen2.5-Coder-7B-Instruct,None
3216@y_name@ASC,Bar,Medium,0.4934,0.9867,2,0.0,0.0,0.0,0.0,0.0,0.0,0.0,0.0,0.0,0.0,1.0,0.0,0.0,False,Qwen/Qwen2.5-Coder-7B-Instruct,None
3218@x_name@DESC,Line,Medium,0.5546,1.1091,2,0.0,0.0,0.0,0.0,0.0,1.0,0.0,0.0,0.0,1.0,0.0,,0.0,False,Qwen/Qwen2.5-Coder-7B-Instruct,None
3218@x_name@DESC,Line,Medium,0.5546,1.1091,2,0.0,0.0,0.0,0.0,0.0,1.0,0.0,0.0,0.0,1.0,0.0,,0.0,False,Qwen/Qwen2.5-Coder-7B-Instruct,None
3218@x_name@DESC,Line,Medium,0.5546,1.1091,2,0.0,0.0,0.0,0.0,0.0,1.0,0.0,0.0,0.0,1.0,0.0,,0.0,False,Qwen/Qwen2.5-Coder-7B-Instruct,None
2066@y_name@DESC,Bar,Hard,0.5142,1.5425,3,0.0,0.0,0.0,0.0,0.0,0.0,0.0,0.0,0.0,0.0,1.0,0.0,0.0,False,Qwen/Qwen2.5-Coder-7B-Instruct,None
2066@y_name@DESC,Bar,Hard,0.5142,1.5425,3,0.0,0.0,0.0,0.0,0.0,0.0,0.0,0.0,0.0,0.0,1.0,0.0,0.0,False,Qwen/Qwen2.5-Coder-7B-Instruct,None
2066@y_name@DESC,Bar,Hard,0.5142,1.5425,3,0.0,0.0,0.0,0.0,0.0,0.0,0.0,0.0,0.0,0.0,1.0,0.0,0.0,False,Qwen/Qwen2.5-Coder-7B-Instruct,None
2072@y_name@ASC,Bar,Hard,0.9322,1.8643,2,0.0,0.0,0.0,0.0,0.0,0.0,0.0,0.0,0.0,0.0,1.0,0.0,0.0,True,Qwen/Qwen2.5-Coder-7B-Instruct,None
2072@y_name@ASC,Bar,Hard,0.9322,1.8643,2,0.0,0.0,0.0,0.0,0.0,0.0,0.0,0.0,0.0,0.0,1.0,0.0,0.0,True,Qwen/Qwen2.5-Coder-7B-Instruct,None
2072@y_name@ASC,Bar,Hard,0.9322,1.8643,2,0.0,0.0,0.0,0.0,0.0,0.0,0.0,0.0,0.0,0.0,1.0,0.0,0.0,True,Qwen/Qwen2.5-Coder-7B-Instruct,None
2655@x_name@ASC,Bar,Medium,0.4559,0.9117,2,0.0,0.0,0.0,0.0,0.0,0.0,0.0,0.0,0.0,0.0,1.0,0.0,0.0,False,Qwen/Qwen2.5-Coder-7B-Instruct,None
2655@x_name@ASC,Bar,Medium,0.4559,0.9117,2,0.0,0.0,0.0,0.0,0.0,0.0,0.0,0.0,0.0,0.0,1.0,0.0,0.0,False,Qwen/Qwen2.5-Coder-7B-Instruct,None
2655@x_name@ASC,Bar,Medium,0.4559,0.9117,2,0.0,0.0,0.0,0.0,0.0,0.0,0.0,0.0,0.0,0.0,1.0,0.0,0.0,False,Qwen/Qwen2.5-Coder-7B-Instruct,None
2658@y_name@ASC,Bar,Medium,0.4887,1.4661,3,0.0,0.0,0.0,0.0,0.0,0.0,0.0,0.0,0.0,0.0,1.0,0.0,0.0,False,Qwen/Qwen2.5-Coder-7B-Instruct,None
2658@y_name@ASC,Bar,Medium,0.4887,1.4661,3,0.0,0.0,0.0,0.0,0.0,0.0,0.0,0.0,0.0,0.0,1.0,0.0,0.0,False,Qwen/Qwen2.5-Coder-7B-Instruct,None
2658@y_name@ASC,Bar,Medium,0.4887,1.4661,3,0.0,0.0,0.0,0.0,0.0,0.0,0.0,0.0,0.0,0.0,1.0,0.0,0.0,False,Qwen/Qwen2.5-Coder-7B-Instruct,None
2659@x_name@ASC,Bar,Medium,18.7135,37.427,2,1.0,0.0,0.0,0.0,0.0,0.0,0.0,0.0,1.0,0.0,0.0,,0.0,False,Qwen/Qwen2.5-Coder-7B-Instruct,None
2659@x_name@ASC,Bar,Medium,18.7135,37.427,2,1.0,0.0,0.0,0.0,0.0,0.0,0.0,0.0,1.0,0.0,0.0,,0.0,False,Qwen/Qwen2.5-Coder-7B-Instruct,None
2659@x_name@ASC,Bar,Medium,18.7135,37.427,2,1.0,0.0,0.0,0.0,0.0,0.0,0.0,0.0,1.0,0.0,0.0,,0.0,False,Qwen/Qwen2.5-Coder-7B-Instruct,None
2691@x_name@ASC,Bar,Hard,1.3618,1.3618,1,0.0,0.0,0.0,0.0,0.0,1.0,0.0,0.0,0.0,1.0,0.0,,0.0,True,Qwen/Qwen2.5-Coder-7B-Instruct,None
2691@x_name@ASC,Bar,Hard,1.3618,1.3618,1,0.0,0.0,0.0,0.0,0.0,1.0,0.0,0.0,0.0,1.0,0.0,,0.0,True,Qwen/Qwen2.5-Coder-7B-Instruct,None
2691@x_name@ASC,Bar,Hard,1.3618,1.3618,1,0.0,0.0,0.0,0.0,0.0,1.0,0.0,0.0,0.0,1.0,0.0,,0.0,True,Qwen/Qwen2.5-Coder-7B-Instruct,None
2360@y_name@DESC,Bar,Hard,16.3072,65.2287,4,0.75,0.0,0.0,0.0,0.0,0.0,0.0,0.0,0.75,0.0,0.25,0.0,0.0,True,Qwen/Qwen2.5-Coder-7B-Instruct,None
2360@y_name@DESC,Bar,Hard,16.3072,65.2287,4,0.75,0.0,0.0,0.0,0.0,0.0,0.0,0.0,0.75,0.0,0.25,0.0,0.0,True,Qwen/Qwen2.5-Coder-7B-Instruct,None
2360@y_name@DESC,Bar,Hard,16.3072,65.2287,4,0.75,0.0,0.0,0.0,0.0,0.0,0.0,0.0,0.75,0.0,0.25,0.0,0.0,True,Qwen/Qwen2.5-Coder-7B-Instruct,None
2369@y_name@DESC,Bar,Hard,0.9388,2.8165,3,0.0,0.0,0.0,0.0,0.0,0.0,0.0,0.0,0.0,0.0,1.0,0.0,0.0,True,Qwen/Qwen2.5-Coder-7B-Instruct,None
2369@y_name@DESC,Bar,Hard,0.9388,2.8165,3,0.0,0.0,0.0,0.0,0.0,0.0,0.0,0.0,0.0,0.0,1.0,0.0,0.0,True,Qwen/Qwen2.5-Coder-7B-Instruct,None
2369@y_name@DESC,Bar,Hard,0.9388,2.8165,3,0.0,0.0,0.0,0.0,0.0,0.0,0.0,0.0,0.0,0.0,1.0,0.0,0.0,True,Qwen/Qwen2.5-Coder-7B-Instruct,None
2383@x_name@ASC,Bar,Medium,0.8977,0.8977,1,0.0,0.0,0.0,0.0,0.0,0.0,0.0,0.0,0.0,0.0,1.0,0.0,0.0,True,Qwen/Qwen2.5-Coder-7B-Instruct,None
2383@x_name@ASC,Bar,Medium,0.8977,0.8977,1,0.0,0.0,0.0,0.0,0.0,0.0,0.0,0.0,0.0,0.0,1.0,0.0,0.0,True,Qwen/Qwen2.5-Coder-7B-Instruct,None
2383@x_name@ASC,Bar,Medium,0.8977,0.8977,1,0.0,0.0,0.0,0.0,0.0,0.0,0.0,0.0,0.0,0.0,1.0,0.0,0.0,True,Qwen/Qwen2.5-Coder-7B-Instruct,None
2398@y_name@DESC,Bar,Hard,1.0888,1.0888,1,0.0,0.0,0.0,0.0,0.0,0.0,0.0,0.0,0.0,0.0,1.0,0.0,0.0,True,Qwen/Qwen2.5-Coder-7B-Instruct,None
2398@y_name@DESC,Bar,Hard,1.0888,1.0888,1,0.0,0.0,0.0,0.0,0.0,0.0,0.0,0.0,0.0,0.0,1.0,0.0,0.0,True,Qwen/Qwen2.5-Coder-7B-Instruct,None
2398@y_name@DESC,Bar,Hard,1.0888,1.0888,1,0.0,0.0,0.0,0.0,0.0,0.0,0.0,0.0,0.0,0.0,1.0,0.0,0.0,True,Qwen/Qwen2.5-Coder-7B-Instruct,None
2402@y_name@ASC,Bar,Hard,0.8261,2.4784,3,0.0,0.0,0.0,0.0,0.0,0.0,0.0,0.0,0.0,0.0,1.0,0.0,0.0,True,Qwen/Qwen2.5-Coder-7B-Instruct,None
2402@y_name@ASC,Bar,Hard,0.8261,2.4784,3,0.0,0.0,0.0,0.0,0.0,0.0,0.0,0.0,0.0,0.0,1.0,0.0,0.0,True,Qwen/Qwen2.5-Coder-7B-Instruct,None
2402@y_name@ASC,Bar,Hard,0.8261,2.4784,3,0.0,0.0,0.0,0.0,0.0,0.0,0.0,0.0,0.0,0.0,1.0,0.0,0.0,True,Qwen/Qwen2.5-Coder-7B-Instruct,None
2405@y_name@DESC,Bar,Extra Hard,1.0264,4.1055,4,0.0,0.0,0.0,0.0,0.0,0.0,0.0,0.0,0.0,0.0,1.0,0.0,0.0,True,Qwen/Qwen2.5-Coder-7B-Instruct,None
2405@y_name@DESC,Bar,Extra Hard,1.0264,4.1055,4,0.0,0.0,0.0,0.0,0.0,0.0,0.0,0.0,0.0,0.0,1.0,0.0,0.0,True,Qwen/Qwen2.5-Coder-7B-Instruct,None
2405@y_name@DESC,Bar,Extra Hard,1.0264,4.1055,4,0.0,0.0,0.0,0.0,0.0,0.0,0.0,0.0,0.0,0.0,1.0,0.0,0.0,True,Qwen/Qwen2.5-Coder-7B-Instruct,None
1432@y_name@DESC,Bar,Hard,0.8331,0.8331,1,0.0,0.0,0.0,0.0,0.0,0.0,0.0,0.0,0.0,0.0,1.0,0.0,0.0,True,Qwen/Qwen2.5-Coder-7B-Instruct,None
1432@y_name@DESC,Bar,Hard,0.8331,0.8331,1,0.0,0.0,0.0,0.0,0.0,0.0,0.0,0.0,0.0,0.0,1.0,0.0,0.0,True,Qwen/Qwen2.5-Coder-7B-Instruct,None
1432@y_name@DESC,Bar,Hard,0.8331,0.8331,1,0.0,0.0,0.0,0.0,0.0,0.0,0.0,0.0,0.0,0.0,1.0,0.0,0.0,True,Qwen/Qwen2.5-Coder-7B-Instruct,None
679@x_name@ASC,Bar,Medium,0.4344,0.4344,1,0.0,0.0,0.0,0.0,0.0,0.0,0.0,0.0,0.0,0.0,1.0,0.0,0.0,False,Qwen/Qwen2.5-Coder-7B-Instruct,None
679@x_name@ASC,Bar,Medium,0.4344,0.4344,1,0.0,0.0,0.0,0.0,0.0,0.0,0.0,0.0,0.0,0.0,1.0,0.0,0.0,False,Qwen/Qwen2.5-Coder-7B-Instruct,None
679@x_name@ASC,Bar,Medium,0.4344,0.4344,1,0.0,0.0,0.0,0.0,0.0,0.0,0.0,0.0,0.0,0.0,1.0,0.0,0.0,False,Qwen/Qwen2.5-Coder-7B-Instruct,None
680@y_name@DESC,Stacked Bar,Hard,0.595,1.1901,2,0.0,0.0,0.0,0.0,0.0,1.0,0.0,0.0,0.0,1.0,0.0,,0.0,False,Qwen/Qwen2.5-Coder-7B-Instruct,None
680@y_name@DESC,Stacked Bar,Hard,0.595,1.1901,2,0.0,0.0,0.0,0.0,0.0,1.0,0.0,0.0,0.0,1.0,0.0,,0.0,False,Qwen/Qwen2.5-Coder-7B-Instruct,None
680@y_name@DESC,Stacked Bar,Hard,0.595,1.1901,2,0.0,0.0,0.0,0.0,0.0,1.0,0.0,0.0,0.0,1.0,0.0,,0.0,False,Qwen/Qwen2.5-Coder-7B-Instruct,None
682@x_name@ASC,Bar,Medium,0.449,0.449,1,0.0,0.0,0.0,0.0,0.0,1.0,0.0,0.0,0.0,1.0,0.0,,0.0,False,Qwen/Qwen2.5-Coder-7B-Instruct,None
682@x_name@ASC,Bar,Medium,0.449,0.449,1,0.0,0.0,0.0,0.0,0.0,1.0,0.0,0.0,0.0,1.0,0.0,,0.0,False,Qwen/Qwen2.5-Coder-7B-Instruct,None
682@x_name@ASC,Bar,Medium,0.449,0.449,1,0.0,0.0,0.0,0.0,0.0,1.0,0.0,0.0,0.0,1.0,0.0,,0.0,False,Qwen/Qwen2.5-Coder-7B-Instruct,None
2494@x_name@DESC,Bar,Medium,11.3318,11.3318,1,1.0,0.0,0.0,0.0,0.0,0.0,0.0,0.0,1.0,0.0,0.0,,0.0,False,Qwen/Qwen2.5-Coder-7B-Instruct,None
2494@x_name@DESC,Bar,Medium,11.3318,11.3318,1,1.0,0.0,0.0,0.0,0.0,0.0,0.0,0.0,1.0,0.0,0.0,,0.0,False,Qwen/Qwen2.5-Coder-7B-Instruct,None
2494@x_name@DESC,Bar,Medium,11.3318,11.3318,1,1.0,0.0,0.0,0.0,0.0,0.0,0.0,0.0,1.0,0.0,0.0,,0.0,False,Qwen/Qwen2.5-Coder-7B-Instruct,None
415@x_name@DESC,Line,Medium,0.4952,1.9809,4,0.0,0.0,0.0,0.0,0.0,0.0,0.0,0.0,0.0,0.0,1.0,0.0,0.0,False,Qwen/Qwen2.5-Coder-7B-Instruct,None
415@x_name@DESC,Line,Medium,0.4952,1.9809,4,0.0,0.0,0.0,0.0,0.0,0.0,0.0,0.0,0.0,0.0,1.0,0.0,0.0,False,Qwen/Qwen2.5-Coder-7B-Instruct,None
415@x_name@DESC,Line,Medium,0.4952,1.9809,4,0.0,0.0,0.0,0.0,0.0,0.0,0.0,0.0,0.0,0.0,1.0,0.0,0.0,False,Qwen/Qwen2.5-Coder-7B-Instruct,None
420@x_name@ASC,Bar,Hard,0.9634,1.9267,2,0.0,0.0,0.0,0.0,0.0,1.0,0.0,0.0,0.0,1.0,0.0,,0.0,True,Qwen/Qwen2.5-Coder-7B-Instruct,None
420@x_name@ASC,Bar,Hard,0.9634,1.9267,2,0.0,0.0,0.0,0.0,0.0,1.0,0.0,0.0,0.0,1.0,0.0,,0.0,True,Qwen/Qwen2.5-Coder-7B-Instruct,None
420@x_name@ASC,Bar,Hard,0.9634,1.9267,2,0.0,0.0,0.0,0.0,0.0,1.0,0.0,0.0,0.0,1.0,0.0,,0.0,True,Qwen/Qwen2.5-Coder-7B-Instruct,None
434@y_name@DESC,Bar,Hard,0.9534,5.7203,6,0.0,0.0,0.0,0.0,1.0,0.0,0.0,0.0,0.0,1.0,0.0,,0.0,True,Qwen/Qwen2.5-Coder-7B-Instruct,None
434@y_name@DESC,Bar,Hard,0.9534,5.7203,6,0.0,0.0,0.0,0.0,1.0,0.0,0.0,0.0,0.0,1.0,0.0,,0.0,True,Qwen/Qwen2.5-Coder-7B-Instruct,None
434@y_name@DESC,Bar,Hard,0.9534,5.7203,6,0.0,0.0,0.0,0.0,1.0,0.0,0.0,0.0,0.0,1.0,0.0,,0.0,True,Qwen/Qwen2.5-Coder-7B-Instruct,None
1032@y_name@DESC,Bar,Medium,0.5708,3.4245,6,0.0,0.0,0.0,0.0,0.0,0.0,0.0,0.0,0.0,0.0,1.0,0.0,0.0,False,Qwen/Qwen2.5-Coder-7B-Instruct,None
1032@y_name@DESC,Bar,Medium,0.5708,3.4245,6,0.0,0.0,0.0,0.0,0.0,0.0,0.0,0.0,0.0,0.0,1.0,0.0,0.0,False,Qwen/Qwen2.5-Coder-7B-Instruct,None
1032@y_name@DESC,Bar,Medium,0.5708,3.4245,6,0.0,0.0,0.0,0.0,0.0,0.0,0.0,0.0,0.0,0.0,1.0,0.0,0.0,False,Qwen/Qwen2.5-Coder-7B-Instruct,None
1043@y_name@DESC,Bar,Medium,0.5377,1.6132,3,0.0,0.0,0.0,0.0,0.0,0.0,0.0,0.0,0.0,0.0,1.0,0.0,0.0,False,Qwen/Qwen2.5-Coder-7B-Instruct,None
1043@y_name@DESC,Bar,Medium,0.5377,1.6132,3,0.0,0.0,0.0,0.0,0.0,0.0,0.0,0.0,0.0,0.0,1.0,0.0,0.0,False,Qwen/Qwen2.5-Coder-7B-Instruct,None
1043@y_name@DESC,Bar,Medium,0.5377,1.6132,3,0.0,0.0,0.0,0.0,0.0,0.0,0.0,0.0,0.0,0.0,1.0,0.0,0.0,False,Qwen/Qwen2.5-Coder-7B-Instruct,None
1060@y_name@DESC,Bar,Hard,0.9145,3.658,4,0.0,0.0,0.0,0.0,0.0,0.0,0.0,0.0,0.0,0.0,1.0,0.0,0.0,True,Qwen/Qwen2.5-Coder-7B-Instruct,None
1060@y_name@DESC,Bar,Hard,0.9145,3.658,4,0.0,0.0,0.0,0.0,0.0,0.0,0.0,0.0,0.0,0.0,1.0,0.0,0.0,True,Qwen/Qwen2.5-Coder-7B-Instruct,None
1060@y_name@DESC,Bar,Hard,0.9145,3.658,4,0.0,0.0,0.0,0.0,0.0,0.0,0.0,0.0,0.0,0.0,1.0,0.0,0.0,True,Qwen/Qwen2.5-Coder-7B-Instruct,None
2162@y_name@ASC,Bar,Extra Hard,1.2217,3.665,3,0.0,0.0,0.0,0.0,0.0,0.0,0.0,0.0,0.0,0.0,1.0,0.0,0.0,True,Qwen/Qwen2.5-Coder-7B-Instruct,None
2162@y_name@ASC,Bar,Extra Hard,1.2217,3.665,3,0.0,0.0,0.0,0.0,0.0,0.0,0.0,0.0,0.0,0.0,1.0,0.0,0.0,True,Qwen/Qwen2.5-Coder-7B-Instruct,None
2162@y_name@ASC,Bar,Extra Hard,1.2217,3.665,3,0.0,0.0,0.0,0.0,0.0,0.0,0.0,0.0,0.0,0.0,1.0,0.0,0.0,True,Qwen/Qwen2.5-Coder-7B-Instruct,None
2164@y_name@ASC,Bar,Hard,1.0211,1.0211,1,0.0,0.0,0.0,0.0,1.0,0.0,0.0,0.0,0.0,1.0,0.0,,0.0,True,Qwen/Qwen2.5-Coder-7B-Instruct,None
2164@y_name@ASC,Bar,Hard,1.0211,1.0211,1,0.0,0.0,0.0,0.0,1.0,0.0,0.0,0.0,0.0,1.0,0.0,,0.0,True,Qwen/Qwen2.5-Coder-7B-Instruct,None
2164@y_name@ASC,Bar,Hard,1.0211,1.0211,1,0.0,0.0,0.0,0.0,1.0,0.0,0.0,0.0,0.0,1.0,0.0,,0.0,True,Qwen/Qwen2.5-Coder-7B-Instruct,None
2165@y_name@DESC,Bar,Hard,0.6973,2.0919,3,0.0,0.0,0.0,0.0,0.0,0.0,0.0,0.0,0.0,0.0,1.0,0.0,0.0,False,Qwen/Qwen2.5-Coder-7B-Instruct,None
2165@y_name@DESC,Bar,Hard,0.6973,2.0919,3,0.0,0.0,0.0,0.0,0.0,0.0,0.0,0.0,0.0,0.0,1.0,0.0,0.0,False,Qwen/Qwen2.5-Coder-7B-Instruct,None
2165@y_name@DESC,Bar,Hard,0.6973,2.0919,3,0.0,0.0,0.0,0.0,0.0,0.0,0.0,0.0,0.0,0.0,1.0,0.0,0.0,False,Qwen/Qwen2.5-Coder-7B-Instruct,None
2169@y_name@ASC,Bar,Medium,0.4556,0.9112,2,0.0,0.0,0.0,0.0,0.0,0.0,0.0,0.0,0.0,0.0,1.0,0.0,0.0,False,Qwen/Qwen2.5-Coder-7B-Instruct,None
2169@y_name@ASC,Bar,Medium,0.4556,0.9112,2,0.0,0.0,0.0,0.0,0.0,0.0,0.0,0.0,0.0,0.0,1.0,0.0,0.0,False,Qwen/Qwen2.5-Coder-7B-Instruct,None
2169@y_name@ASC,Bar,Medium,0.4556,0.9112,2,0.0,0.0,0.0,0.0,0.0,0.0,0.0,0.0,0.0,0.0,1.0,0.0,0.0,False,Qwen/Qwen2.5-Coder-7B-Instruct,None
2766@y_name@ASC,Bar,Extra Hard,1.1722,3.5167,3,0.0,0.0,0.0,0.0,0.3333333333333333,0.0,0.0,0.0,0.0,0.3333333333333333,0.6666666666666666,0.0,0.0,True,Qwen/Qwen2.5-Coder-7B-Instruct,None
2766@y_name@ASC,Bar,Extra Hard,1.1722,3.5167,3,0.0,0.0,0.0,0.0,0.3333333333333333,0.0,0.0,0.0,0.0,0.3333333333333333,0.6666666666666666,0.0,0.0,True,Qwen/Qwen2.5-Coder-7B-Instruct,None
2766@y_name@ASC,Bar,Extra Hard,1.1722,3.5167,3,0.0,0.0,0.0,0.0,0.3333333333333333,0.0,0.0,0.0,0.0,0.3333333333333333,0.6666666666666666,0.0,0.0,True,Qwen/Qwen2.5-Coder-7B-Instruct,None
3279@y_name@ASC,Bar,Medium,0.5338,3.2027,6,0.0,0.0,0.0,0.0,0.0,0.0,0.0,0.0,0.0,0.0,1.0,0.0,0.0,False,Qwen/Qwen2.5-Coder-7B-Instruct,None
3279@y_name@ASC,Bar,Medium,0.5338,3.2027,6,0.0,0.0,0.0,0.0,0.0,0.0,0.0,0.0,0.0,0.0,1.0,0.0,0.0,False,Qwen/Qwen2.5-Coder-7B-Instruct,None
3279@y_name@ASC,Bar,Medium,0.5338,3.2027,6,0.0,0.0,0.0,0.0,0.0,0.0,0.0,0.0,0.0,0.0,1.0,0.0,0.0,False,Qwen/Qwen2.5-Coder-7B-Instruct,None
3283@y_name@ASC,Bar,Medium,0.4587,1.8347,4,0.0,0.0,0.0,0.0,0.0,0.0,0.0,0.0,0.0,0.0,1.0,0.0,0.0,False,Qwen/Qwen2.5-Coder-7B-Instruct,None
3283@y_name@ASC,Bar,Medium,0.4587,1.8347,4,0.0,0.0,0.0,0.0,0.0,0.0,0.0,0.0,0.0,0.0,1.0,0.0,0.0,False,Qwen/Qwen2.5-Coder-7B-Instruct,None
3283@y_name@ASC,Bar,Medium,0.4587,1.8347,4,0.0,0.0,0.0,0.0,0.0,0.0,0.0,0.0,0.0,0.0,1.0,0.0,0.0,False,Qwen/Qwen2.5-Coder-7B-Instruct,None
2537@y_name@DESC,Bar,Extra Hard,1.0948,2.1896,2,0.0,0.0,0.0,0.0,0.0,0.0,0.0,0.0,0.0,0.0,1.0,0.0,0.0,True,Qwen/Qwen2.5-Coder-7B-Instruct,None
2537@y_name@DESC,Bar,Extra Hard,1.0948,2.1896,2,0.0,0.0,0.0,0.0,0.0,0.0,0.0,0.0,0.0,0.0,1.0,0.0,0.0,True,Qwen/Qwen2.5-Coder-7B-Instruct,None
2537@y_name@DESC,Bar,Extra Hard,1.0948,2.1896,2,0.0,0.0,0.0,0.0,0.0,0.0,0.0,0.0,0.0,0.0,1.0,0.0,0.0,True,Qwen/Qwen2.5-Coder-7B-Instruct,None
2539@y_name@ASC,Bar,Medium,0.4713,0.9427,2,0.0,0.0,0.0,0.0,0.0,0.0,0.0,0.0,0.0,0.0,1.0,0.0,0.0,False,Qwen/Qwen2.5-Coder-7B-Instruct,None
2539@y_name@ASC,Bar,Medium,0.4713,0.9427,2,0.0,0.0,0.0,0.0,0.0,0.0,0.0,0.0,0.0,0.0,1.0,0.0,0.0,False,Qwen/Qwen2.5-Coder-7B-Instruct,None
2539@y_name@ASC,Bar,Medium,0.4713,0.9427,2,0.0,0.0,0.0,0.0,0.0,0.0,0.0,0.0,0.0,0.0,1.0,0.0,0.0,False,Qwen/Qwen2.5-Coder-7B-Instruct,None
1069@x_name@DESC,Bar,Medium,0.4613,0.9226,2,0.0,0.0,0.0,0.0,0.0,1.0,0.0,0.0,0.0,1.0,0.0,,0.0,False,Qwen/Qwen2.5-Coder-7B-Instruct,None
1069@x_name@DESC,Bar,Medium,0.4613,0.9226,2,0.0,0.0,0.0,0.0,0.0,1.0,0.0,0.0,0.0,1.0,0.0,,0.0,False,Qwen/Qwen2.5-Coder-7B-Instruct,None
1069@x_name@DESC,Bar,Medium,0.4613,0.9226,2,0.0,0.0,0.0,0.0,0.0,1.0,0.0,0.0,0.0,1.0,0.0,,0.0,False,Qwen/Qwen2.5-Coder-7B-Instruct,None
1077@y_name@ASC,Bar,Medium,0.5072,1.0143,2,0.0,0.0,0.0,0.0,0.0,0.0,0.0,0.0,0.0,0.0,1.0,0.0,0.0,False,Qwen/Qwen2.5-Coder-7B-Instruct,None
1077@y_name@ASC,Bar,Medium,0.5072,1.0143,2,0.0,0.0,0.0,0.0,0.0,0.0,0.0,0.0,0.0,0.0,1.0,0.0,0.0,False,Qwen/Qwen2.5-Coder-7B-Instruct,None
1077@y_name@ASC,Bar,Medium,0.5072,1.0143,2,0.0,0.0,0.0,0.0,0.0,0.0,0.0,0.0,0.0,0.0,1.0,0.0,0.0,False,Qwen/Qwen2.5-Coder-7B-Instruct,None
1078@x_name@ASC,Bar,Hard,1.3247,1.3247,1,0.0,0.0,0.0,0.0,0.0,1.0,0.0,0.0,0.0,1.0,0.0,,0.0,True,Qwen/Qwen2.5-Coder-7B-Instruct,None
1078@x_name@ASC,Bar,Hard,1.3247,1.3247,1,0.0,0.0,0.0,0.0,0.0,1.0,0.0,0.0,0.0,1.0,0.0,,0.0,True,Qwen/Qwen2.5-Coder-7B-Instruct,None
1078@x_name@ASC,Bar,Hard,1.3247,1.3247,1,0.0,0.0,0.0,0.0,0.0,1.0,0.0,0.0,0.0,1.0,0.0,,0.0,True,Qwen/Qwen2.5-Coder-7B-Instruct,None
1080@x_name@DESC,Bar,Hard,1.0768,1.0768,1,0.0,0.0,0.0,0.0,0.0,1.0,0.0,0.0,0.0,1.0,0.0,,0.0,True,Qwen/Qwen2.5-Coder-7B-Instruct,None
1080@x_name@DESC,Bar,Hard,1.0768,1.0768,1,0.0,0.0,0.0,0.0,0.0,1.0,0.0,0.0,0.0,1.0,0.0,,0.0,True,Qwen/Qwen2.5-Coder-7B-Instruct,None
1080@x_name@DESC,Bar,Hard,1.0768,1.0768,1,0.0,0.0,0.0,0.0,0.0,1.0,0.0,0.0,0.0,1.0,0.0,,0.0,True,Qwen/Qwen2.5-Coder-7B-Instruct,None
1083@x_name@DESC,Bar,Hard,0.9358,0.9358,1,0.0,0.0,0.0,0.0,0.0,1.0,0.0,0.0,0.0,1.0,0.0,,0.0,True,Qwen/Qwen2.5-Coder-7B-Instruct,None
1083@x_name@DESC,Bar,Hard,0.9358,0.9358,1,0.0,0.0,0.0,0.0,0.0,1.0,0.0,0.0,0.0,1.0,0.0,,0.0,True,Qwen/Qwen2.5-Coder-7B-Instruct,None
1083@x_name@DESC,Bar,Hard,0.9358,0.9358,1,0.0,0.0,0.0,0.0,0.0,1.0,0.0,0.0,0.0,1.0,0.0,,0.0,True,Qwen/Qwen2.5-Coder-7B-Instruct,None
1250@y_name@DESC,Bar,Extra Hard,8.1298,32.5193,4,0.0,0.0,0.0,0.0,1.0,0.0,0.0,0.0,0.0,1.0,0.0,,0.0,True,Qwen/Qwen2.5-Coder-7B-Instruct,None
1250@y_name@DESC,Bar,Extra Hard,8.1298,32.5193,4,0.0,0.0,0.0,0.0,1.0,0.0,0.0,0.0,0.0,1.0,0.0,,0.0,True,Qwen/Qwen2.5-Coder-7B-Instruct,None
1250@y_name@DESC,Bar,Extra Hard,8.1298,32.5193,4,0.0,0.0,0.0,0.0,1.0,0.0,0.0,0.0,0.0,1.0,0.0,,0.0,True,Qwen/Qwen2.5-Coder-7B-Instruct,None
1254@x_name@ASC,Line,Extra Hard,1.4257,2.8513,2,0.0,0.0,0.0,0.0,0.0,0.0,0.0,0.0,0.0,0.0,1.0,0.0,0.0,True,Qwen/Qwen2.5-Coder-7B-Instruct,None
1254@x_name@ASC,Line,Extra Hard,1.4257,2.8513,2,0.0,0.0,0.0,0.0,0.0,0.0,0.0,0.0,0.0,0.0,1.0,0.0,0.0,True,Qwen/Qwen2.5-Coder-7B-Instruct,None
1254@x_name@ASC,Line,Extra Hard,1.4257,2.8513,2,0.0,0.0,0.0,0.0,0.0,0.0,0.0,0.0,0.0,0.0,1.0,0.0,0.0,True,Qwen/Qwen2.5-Coder-7B-Instruct,None
1273@x_name@DESC,Bar,Hard,1.0748,4.2993,4,0.0,0.0,0.0,0.0,0.0,0.75,0.0,0.0,0.0,0.75,0.25,0.0,0.0,True,Qwen/Qwen2.5-Coder-7B-Instruct,None
1273@x_name@DESC,Bar,Hard,1.0748,4.2993,4,0.0,0.0,0.0,0.0,0.0,0.75,0.0,0.0,0.0,0.75,0.25,0.0,0.0,True,Qwen/Qwen2.5-Coder-7B-Instruct,None
1273@x_name@DESC,Bar,Hard,1.0748,4.2993,4,0.0,0.0,0.0,0.0,0.0,0.75,0.0,0.0,0.0,0.75,0.25,0.0,0.0,True,Qwen/Qwen2.5-Coder-7B-Instruct,None
1278@y_name@ASC,Bar,Hard,0.7084,1.4168,2,0.0,0.0,0.0,0.0,0.0,0.0,0.0,0.0,0.0,0.0,1.0,0.0,0.0,True,Qwen/Qwen2.5-Coder-7B-Instruct,None
1278@y_name@ASC,Bar,Hard,0.7084,1.4168,2,0.0,0.0,0.0,0.0,0.0,0.0,0.0,0.0,0.0,0.0,1.0,0.0,0.0,True,Qwen/Qwen2.5-Coder-7B-Instruct,None
1278@y_name@ASC,Bar,Hard,0.7084,1.4168,2,0.0,0.0,0.0,0.0,0.0,0.0,0.0,0.0,0.0,0.0,1.0,0.0,0.0,True,Qwen/Qwen2.5-Coder-7B-Instruct,None
1289@y_name@DESC,Bar,Hard,4.2906,8.5813,2,0.0,0.0,0.0,0.0,0.5,0.0,0.0,0.0,0.0,0.5,0.5,0.0,0.0,True,Qwen/Qwen2.5-Coder-7B-Instruct,None
1289@y_name@DESC,Bar,Hard,4.2906,8.5813,2,0.0,0.0,0.0,0.0,0.5,0.0,0.0,0.0,0.0,0.5,0.5,0.0,0.0,True,Qwen/Qwen2.5-Coder-7B-Instruct,None
1289@y_name@DESC,Bar,Hard,4.2906,8.5813,2,0.0,0.0,0.0,0.0,0.5,0.0,0.0,0.0,0.0,0.5,0.5,0.0,0.0,True,Qwen/Qwen2.5-Coder-7B-Instruct,None
1293@y_name@DESC,Bar,Extra Hard,1.5757,1.5757,1,0.0,0.0,0.0,0.0,0.0,0.0,0.0,0.0,0.0,0.0,1.0,0.0,0.0,True,Qwen/Qwen2.5-Coder-7B-Instruct,None
1293@y_name@DESC,Bar,Extra Hard,1.5757,1.5757,1,0.0,0.0,0.0,0.0,0.0,0.0,0.0,0.0,0.0,0.0,1.0,0.0,0.0,True,Qwen/Qwen2.5-Coder-7B-Instruct,None
1293@y_name@DESC,Bar,Extra Hard,1.5757,1.5757,1,0.0,0.0,0.0,0.0,0.0,0.0,0.0,0.0,0.0,0.0,1.0,0.0,0.0,True,Qwen/Qwen2.5-Coder-7B-Instruct,None
1298@y_name@ASC,Bar,Medium,0.8994,1.7988,2,0.0,0.0,0.0,0.0,0.0,0.0,0.0,0.0,0.0,0.0,1.0,0.0,0.0,False,Qwen/Qwen2.5-Coder-7B-Instruct,None
1298@y_name@ASC,Bar,Medium,0.8994,1.7988,2,0.0,0.0,0.0,0.0,0.0,0.0,0.0,0.0,0.0,0.0,1.0,0.0,0.0,False,Qwen/Qwen2.5-Coder-7B-Instruct,None
1298@y_name@ASC,Bar,Medium,0.8994,1.7988,2,0.0,0.0,0.0,0.0,0.0,0.0,0.0,0.0,0.0,0.0,1.0,0.0,0.0,False,Qwen/Qwen2.5-Coder-7B-Instruct,None
1299@y_name@DESC,Bar,Medium,0.8704,1.7407,2,0.0,0.0,0.0,0.0,0.0,0.0,0.0,0.0,0.0,0.0,1.0,0.0,0.0,False,Qwen/Qwen2.5-Coder-7B-Instruct,None
1299@y_name@DESC,Bar,Medium,0.8704,1.7407,2,0.0,0.0,0.0,0.0,0.0,0.0,0.0,0.0,0.0,0.0,1.0,0.0,0.0,False,Qwen/Qwen2.5-Coder-7B-Instruct,None
1299@y_name@DESC,Bar,Medium,0.8704,1.7407,2,0.0,0.0,0.0,0.0,0.0,0.0,0.0,0.0,0.0,0.0,1.0,0.0,0.0,False,Qwen/Qwen2.5-Coder-7B-Instruct,None
1300@x_name@DESC,Line,Medium,0.6712,0.6712,1,0.0,0.0,0.0,0.0,1.0,0.0,0.0,0.0,0.0,1.0,0.0,,0.0,False,Qwen/Qwen2.5-Coder-7B-Instruct,None
1300@x_name@DESC,Line,Medium,0.6712,0.6712,1,0.0,0.0,0.0,0.0,1.0,0.0,0.0,0.0,0.0,1.0,0.0,,0.0,False,Qwen/Qwen2.5-Coder-7B-Instruct,None
1300@x_name@DESC,Line,Medium,0.6712,0.6712,1,0.0,0.0,0.0,0.0,1.0,0.0,0.0,0.0,0.0,1.0,0.0,,0.0,False,Qwen/Qwen2.5-Coder-7B-Instruct,None
769@x_name@DESC,Bar,Medium,,,0,0.0,0.0,0.0,0.0,0.0,0.0,0.0,0.0,0.0,0.0,1.0,0.0,0.0,False,Qwen/Qwen2.5-Coder-7B-Instruct,None
769@x_name@DESC,Bar,Medium,,,0,0.0,0.0,0.0,0.0,0.0,0.0,0.0,0.0,0.0,0.0,1.0,0.0,0.0,False,Qwen/Qwen2.5-Coder-7B-Instruct,None
769@x_name@DESC,Bar,Medium,,,0,0.0,0.0,0.0,0.0,0.0,0.0,0.0,0.0,0.0,0.0,1.0,0.0,0.0,False,Qwen/Qwen2.5-Coder-7B-Instruct,None
772@y_name@DESC,Bar,Medium,0.8029,1.6057,2,0.0,0.0,0.0,0.0,0.0,0.0,0.0,0.0,0.0,0.0,1.0,0.0,0.0,False,Qwen/Qwen2.5-Coder-7B-Instruct,None
772@y_name@DESC,Bar,Medium,0.8029,1.6057,2,0.0,0.0,0.0,0.0,0.0,0.0,0.0,0.0,0.0,0.0,1.0,0.0,0.0,False,Qwen/Qwen2.5-Coder-7B-Instruct,None
772@y_name@DESC,Bar,Medium,0.8029,1.6057,2,0.0,0.0,0.0,0.0,0.0,0.0,0.0,0.0,0.0,0.0,1.0,0.0,0.0,False,Qwen/Qwen2.5-Coder-7B-Instruct,None
773@x_name@DESC,Line,Medium,0.7822,1.5643,2,0.0,0.0,0.0,0.0,0.0,0.0,0.0,0.0,0.0,0.0,1.0,0.0,0.0,False,Qwen/Qwen2.5-Coder-7B-Instruct,None
773@x_name@DESC,Line,Medium,0.7822,1.5643,2,0.0,0.0,0.0,0.0,0.0,0.0,0.0,0.0,0.0,0.0,1.0,0.0,0.0,False,Qwen/Qwen2.5-Coder-7B-Instruct,None
773@x_name@DESC,Line,Medium,0.7822,1.5643,2,0.0,0.0,0.0,0.0,0.0,0.0,0.0,0.0,0.0,0.0,1.0,0.0,0.0,False,Qwen/Qwen2.5-Coder-7B-Instruct,None
780@y_name@DESC,Stacked Bar,Extra Hard,20.9269,20.9269,1,1.0,0.0,0.0,0.0,0.0,0.0,0.0,0.0,1.0,0.0,0.0,,0.0,False,Qwen/Qwen2.5-Coder-7B-Instruct,None
780@y_name@DESC,Stacked Bar,Extra Hard,20.9269,20.9269,1,1.0,0.0,0.0,0.0,0.0,0.0,0.0,0.0,1.0,0.0,0.0,,0.0,False,Qwen/Qwen2.5-Coder-7B-Instruct,None
780@y_name@DESC,Stacked Bar,Extra Hard,20.9269,20.9269,1,1.0,0.0,0.0,0.0,0.0,0.0,0.0,0.0,1.0,0.0,0.0,,0.0,False,Qwen/Qwen2.5-Coder-7B-Instruct,None
782@y_name@ASC,Bar,Medium,0.5502,3.3012,6,0.0,0.0,0.0,0.0,0.0,0.0,0.0,0.0,0.0,0.0,1.0,0.0,0.0,False,Qwen/Qwen2.5-Coder-7B-Instruct,None
782@y_name@ASC,Bar,Medium,0.5502,3.3012,6,0.0,0.0,0.0,0.0,0.0,0.0,0.0,0.0,0.0,0.0,1.0,0.0,0.0,False,Qwen/Qwen2.5-Coder-7B-Instruct,None
782@y_name@ASC,Bar,Medium,0.5502,3.3012,6,0.0,0.0,0.0,0.0,0.0,0.0,0.0,0.0,0.0,0.0,1.0,0.0,0.0,False,Qwen/Qwen2.5-Coder-7B-Instruct,None
783@y_name@DESC,Bar,Medium,7.2662,14.5323,2,0.5,0.0,0.0,0.0,0.0,0.0,0.0,0.0,0.5,0.0,0.5,0.0,0.0,False,Qwen/Qwen2.5-Coder-7B-Instruct,None
783@y_name@DESC,Bar,Medium,7.2662,14.5323,2,0.5,0.0,0.0,0.0,0.0,0.0,0.0,0.0,0.5,0.0,0.5,0.0,0.0,False,Qwen/Qwen2.5-Coder-7B-Instruct,None
783@y_name@DESC,Bar,Medium,7.2662,14.5323,2,0.5,0.0,0.0,0.0,0.0,0.0,0.0,0.0,0.5,0.0,0.5,0.0,0.0,False,Qwen/Qwen2.5-Coder-7B-Instruct,None
791@x_name@DESC,Bar,Medium,0.5747,0.5747,1,0.0,0.0,0.0,0.0,0.0,1.0,0.0,0.0,0.0,1.0,0.0,,0.0,False,Qwen/Qwen2.5-Coder-7B-Instruct,None
791@x_name@DESC,Bar,Medium,0.5747,0.5747,1,0.0,0.0,0.0,0.0,0.0,1.0,0.0,0.0,0.0,1.0,0.0,,0.0,False,Qwen/Qwen2.5-Coder-7B-Instruct,None
791@x_name@DESC,Bar,Medium,0.5747,0.5747,1,0.0,0.0,0.0,0.0,0.0,1.0,0.0,0.0,0.0,1.0,0.0,,0.0,False,Qwen/Qwen2.5-Coder-7B-Instruct,None
1122@y_name@ASC,Bar,Medium,0.5645,1.6935,3,0.0,0.0,0.0,0.0,0.0,0.0,0.0,0.0,0.0,0.0,1.0,0.0,0.0,False,Qwen/Qwen2.5-Coder-7B-Instruct,None
1122@y_name@ASC,Bar,Medium,0.5645,1.6935,3,0.0,0.0,0.0,0.0,0.0,0.0,0.0,0.0,0.0,0.0,1.0,0.0,0.0,False,Qwen/Qwen2.5-Coder-7B-Instruct,None
1122@y_name@ASC,Bar,Medium,0.5645,1.6935,3,0.0,0.0,0.0,0.0,0.0,0.0,0.0,0.0,0.0,0.0,1.0,0.0,0.0,False,Qwen/Qwen2.5-Coder-7B-Instruct,None
1137@y_name@DESC,Bar,Extra Hard,0.9811,0.9811,1,0.0,0.0,0.0,0.0,0.0,0.0,0.0,0.0,0.0,0.0,1.0,0.0,0.0,True,Qwen/Qwen2.5-Coder-7B-Instruct,None
1137@y_name@DESC,Bar,Extra Hard,0.9811,0.9811,1,0.0,0.0,0.0,0.0,0.0,0.0,0.0,0.0,0.0,0.0,1.0,0.0,0.0,True,Qwen/Qwen2.5-Coder-7B-Instruct,None
1137@y_name@DESC,Bar,Extra Hard,0.9811,0.9811,1,0.0,0.0,0.0,0.0,0.0,0.0,0.0,0.0,0.0,0.0,1.0,0.0,0.0,True,Qwen/Qwen2.5-Coder-7B-Instruct,None
1138@y_name@ASC,Bar,Extra Hard,1.153,1.153,1,0.0,0.0,0.0,0.0,1.0,0.0,0.0,0.0,0.0,1.0,0.0,,0.0,True,Qwen/Qwen2.5-Coder-7B-Instruct,None
1138@y_name@ASC,Bar,Extra Hard,1.153,1.153,1,0.0,0.0,0.0,0.0,1.0,0.0,0.0,0.0,0.0,1.0,0.0,,0.0,True,Qwen/Qwen2.5-Coder-7B-Instruct,None
1138@y_name@ASC,Bar,Extra Hard,1.153,1.153,1,0.0,0.0,0.0,0.0,1.0,0.0,0.0,0.0,0.0,1.0,0.0,,0.0,True,Qwen/Qwen2.5-Coder-7B-Instruct,None
1139@y_name@ASC,Bar,Extra Hard,1.1507,1.1507,1,0.0,0.0,0.0,0.0,1.0,0.0,0.0,0.0,0.0,1.0,0.0,,0.0,True,Qwen/Qwen2.5-Coder-7B-Instruct,None
1139@y_name@ASC,Bar,Extra Hard,1.1507,1.1507,1,0.0,0.0,0.0,0.0,1.0,0.0,0.0,0.0,0.0,1.0,0.0,,0.0,True,Qwen/Qwen2.5-Coder-7B-Instruct,None
1139@y_name@ASC,Bar,Extra Hard,1.1507,1.1507,1,0.0,0.0,0.0,0.0,1.0,0.0,0.0,0.0,0.0,1.0,0.0,,0.0,True,Qwen/Qwen2.5-Coder-7B-Instruct,None
1142@y_name@ASC,Bar,Hard,0.8747,1.7494,2,0.0,0.0,0.0,0.0,0.5,0.0,0.0,0.0,0.0,0.5,0.5,0.0,0.0,True,Qwen/Qwen2.5-Coder-7B-Instruct,None
1142@y_name@ASC,Bar,Hard,0.8747,1.7494,2,0.0,0.0,0.0,0.0,0.5,0.0,0.0,0.0,0.0,0.5,0.5,0.0,0.0,True,Qwen/Qwen2.5-Coder-7B-Instruct,None
1142@y_name@ASC,Bar,Hard,0.8747,1.7494,2,0.0,0.0,0.0,0.0,0.5,0.0,0.0,0.0,0.0,0.5,0.5,0.0,0.0,True,Qwen/Qwen2.5-Coder-7B-Instruct,None
997@x_name@DESC,Line,Hard,20.0982,20.0982,1,1.0,0.0,0.0,0.0,0.0,0.0,0.0,0.0,1.0,0.0,0.0,,0.0,True,Qwen/Qwen2.5-Coder-7B-Instruct,None
997@x_name@DESC,Line,Hard,20.0982,20.0982,1,1.0,0.0,0.0,0.0,0.0,0.0,0.0,0.0,1.0,0.0,0.0,,0.0,True,Qwen/Qwen2.5-Coder-7B-Instruct,None
997@x_name@DESC,Line,Hard,20.0982,20.0982,1,1.0,0.0,0.0,0.0,0.0,0.0,0.0,0.0,1.0,0.0,0.0,,0.0,True,Qwen/Qwen2.5-Coder-7B-Instruct,None
1000@y_name@DESC,Bar,Medium,0.5475,1.6425,3,0.0,0.0,0.0,0.0,0.0,0.0,0.0,0.0,0.0,0.0,1.0,0.0,0.0,False,Qwen/Qwen2.5-Coder-7B-Instruct,None
1000@y_name@DESC,Bar,Medium,0.5475,1.6425,3,0.0,0.0,0.0,0.0,0.0,0.0,0.0,0.0,0.0,0.0,1.0,0.0,0.0,False,Qwen/Qwen2.5-Coder-7B-Instruct,None
1000@y_name@DESC,Bar,Medium,0.5475,1.6425,3,0.0,0.0,0.0,0.0,0.0,0.0,0.0,0.0,0.0,0.0,1.0,0.0,0.0,False,Qwen/Qwen2.5-Coder-7B-Instruct,None
1006@y_name@ASC,Bar,Extra Hard,0.7806,0.7806,1,0.0,0.0,0.0,0.0,0.0,0.0,0.0,0.0,0.0,0.0,1.0,0.0,0.0,False,Qwen/Qwen2.5-Coder-7B-Instruct,None
1006@y_name@ASC,Bar,Extra Hard,0.7806,0.7806,1,0.0,0.0,0.0,0.0,0.0,0.0,0.0,0.0,0.0,0.0,1.0,0.0,0.0,False,Qwen/Qwen2.5-Coder-7B-Instruct,None
1006@y_name@ASC,Bar,Extra Hard,0.7806,0.7806,1,0.0,0.0,0.0,0.0,0.0,0.0,0.0,0.0,0.0,0.0,1.0,0.0,0.0,False,Qwen/Qwen2.5-Coder-7B-Instruct,None
1009@y_name@DESC,Bar,Extra Hard,0.7598,0.7598,1,0.0,0.0,0.0,0.0,0.0,0.0,0.0,0.0,0.0,0.0,1.0,0.0,0.0,False,Qwen/Qwen2.5-Coder-7B-Instruct,None
1009@y_name@DESC,Bar,Extra Hard,0.7598,0.7598,1,0.0,0.0,0.0,0.0,0.0,0.0,0.0,0.0,0.0,0.0,1.0,0.0,0.0,False,Qwen/Qwen2.5-Coder-7B-Instruct,None
1009@y_name@DESC,Bar,Extra Hard,0.7598,0.7598,1,0.0,0.0,0.0,0.0,0.0,0.0,0.0,0.0,0.0,0.0,1.0,0.0,0.0,False,Qwen/Qwen2.5-Coder-7B-Instruct,None
1010@x_name@DESC,Bar,Medium,0.5906,0.5906,1,0.0,0.0,0.0,0.0,0.0,1.0,0.0,0.0,0.0,1.0,0.0,,0.0,False,Qwen/Qwen2.5-Coder-7B-Instruct,None
1010@x_name@DESC,Bar,Medium,0.5906,0.5906,1,0.0,0.0,0.0,0.0,0.0,1.0,0.0,0.0,0.0,1.0,0.0,,0.0,False,Qwen/Qwen2.5-Coder-7B-Instruct,None
1010@x_name@DESC,Bar,Medium,0.5906,0.5906,1,0.0,0.0,0.0,0.0,0.0,1.0,0.0,0.0,0.0,1.0,0.0,,0.0,False,Qwen/Qwen2.5-Coder-7B-Instruct,None
1242@y_name@ASC,Bar,Hard,0.7362,0.7362,1,0.0,0.0,0.0,0.0,0.0,0.0,0.0,0.0,0.0,0.0,1.0,0.0,0.0,False,Qwen/Qwen2.5-Coder-7B-Instruct,None
1242@y_name@ASC,Bar,Hard,0.7362,0.7362,1,0.0,0.0,0.0,0.0,0.0,0.0,0.0,0.0,0.0,0.0,1.0,0.0,0.0,False,Qwen/Qwen2.5-Coder-7B-Instruct,None
1242@y_name@ASC,Bar,Hard,0.7362,0.7362,1,0.0,0.0,0.0,0.0,0.0,0.0,0.0,0.0,0.0,0.0,1.0,0.0,0.0,False,Qwen/Qwen2.5-Coder-7B-Instruct,None
1245@x_name@ASC,Bar,Medium,0.5651,0.5651,1,0.0,0.0,0.0,0.0,0.0,0.0,0.0,0.0,0.0,0.0,1.0,0.0,0.0,False,Qwen/Qwen2.5-Coder-7B-Instruct,None
1245@x_name@ASC,Bar,Medium,0.5651,0.5651,1,0.0,0.0,0.0,0.0,0.0,0.0,0.0,0.0,0.0,0.0,1.0,0.0,0.0,False,Qwen/Qwen2.5-Coder-7B-Instruct,None
1245@x_name@ASC,Bar,Medium,0.5651,0.5651,1,0.0,0.0,0.0,0.0,0.0,0.0,0.0,0.0,0.0,0.0,1.0,0.0,0.0,False,Qwen/Qwen2.5-Coder-7B-Instruct,None
1247@x_name@ASC,Bar,Medium,0.5694,1.1388,2,0.0,0.0,0.0,0.0,0.0,0.0,0.0,0.0,0.0,0.0,1.0,0.0,0.0,False,Qwen/Qwen2.5-Coder-7B-Instruct,None
1247@x_name@ASC,Bar,Medium,0.5694,1.1388,2,0.0,0.0,0.0,0.0,0.0,0.0,0.0,0.0,0.0,0.0,1.0,0.0,0.0,False,Qwen/Qwen2.5-Coder-7B-Instruct,None
1247@x_name@ASC,Bar,Medium,0.5694,1.1388,2,0.0,0.0,0.0,0.0,0.0,0.0,0.0,0.0,0.0,0.0,1.0,0.0,0.0,False,Qwen/Qwen2.5-Coder-7B-Instruct,None
2704@y_name@DESC,Bar,Medium,0.4371,0.8742,2,0.0,0.0,0.0,0.0,0.0,0.0,0.0,0.0,0.0,0.0,1.0,0.0,0.0,False,Qwen/Qwen2.5-Coder-7B-Instruct,None
2704@y_name@DESC,Bar,Medium,0.4371,0.8742,2,0.0,0.0,0.0,0.0,0.0,0.0,0.0,0.0,0.0,0.0,1.0,0.0,0.0,False,Qwen/Qwen2.5-Coder-7B-Instruct,None
2704@y_name@DESC,Bar,Medium,0.4371,0.8742,2,0.0,0.0,0.0,0.0,0.0,0.0,0.0,0.0,0.0,0.0,1.0,0.0,0.0,False,Qwen/Qwen2.5-Coder-7B-Instruct,None
2706@y_name@DESC,Bar,Medium,0.5317,1.0634,2,0.0,0.0,0.0,0.0,0.0,0.0,0.0,0.0,0.0,0.0,1.0,0.0,0.0,False,Qwen/Qwen2.5-Coder-7B-Instruct,None
2706@y_name@DESC,Bar,Medium,0.5317,1.0634,2,0.0,0.0,0.0,0.0,0.0,0.0,0.0,0.0,0.0,0.0,1.0,0.0,0.0,False,Qwen/Qwen2.5-Coder-7B-Instruct,None
2706@y_name@DESC,Bar,Medium,0.5317,1.0634,2,0.0,0.0,0.0,0.0,0.0,0.0,0.0,0.0,0.0,0.0,1.0,0.0,0.0,False,Qwen/Qwen2.5-Coder-7B-Instruct,None
2683@x_name@ASC,Bar,Hard,0.934,0.934,1,0.0,0.0,0.0,0.0,0.0,0.0,0.0,0.0,0.0,0.0,1.0,0.0,0.0,True,Qwen/Qwen2.5-Coder-7B-Instruct,None
2683@x_name@ASC,Bar,Hard,0.934,0.934,1,0.0,0.0,0.0,0.0,0.0,0.0,0.0,0.0,0.0,0.0,1.0,0.0,0.0,True,Qwen/Qwen2.5-Coder-7B-Instruct,None
2683@x_name@ASC,Bar,Hard,0.934,0.934,1,0.0,0.0,0.0,0.0,0.0,0.0,0.0,0.0,0.0,0.0,1.0,0.0,0.0,True,Qwen/Qwen2.5-Coder-7B-Instruct,None
2051@x_name@ASC,Bar,Extra Hard,0.6135,0.6135,1,0.0,0.0,0.0,0.0,0.0,0.0,0.0,0.0,0.0,0.0,1.0,0.0,0.0,True,Qwen/Qwen2.5-Coder-7B-Instruct,None
2051@x_name@ASC,Bar,Extra Hard,0.6135,0.6135,1,0.0,0.0,0.0,0.0,0.0,0.0,0.0,0.0,0.0,0.0,1.0,0.0,0.0,True,Qwen/Qwen2.5-Coder-7B-Instruct,None
2051@x_name@ASC,Bar,Extra Hard,0.6135,0.6135,1,0.0,0.0,0.0,0.0,0.0,0.0,0.0,0.0,0.0,0.0,1.0,0.0,0.0,True,Qwen/Qwen2.5-Coder-7B-Instruct,None
2052@y_name@ASC,Bar,Extra Hard,1.1435,1.1435,1,0.0,0.0,0.0,0.0,0.0,0.0,0.0,0.0,0.0,0.0,1.0,0.0,0.0,True,Qwen/Qwen2.5-Coder-7B-Instruct,None
2052@y_name@ASC,Bar,Extra Hard,1.1435,1.1435,1,0.0,0.0,0.0,0.0,0.0,0.0,0.0,0.0,0.0,0.0,1.0,0.0,0.0,True,Qwen/Qwen2.5-Coder-7B-Instruct,None
2052@y_name@ASC,Bar,Extra Hard,1.1435,1.1435,1,0.0,0.0,0.0,0.0,0.0,0.0,0.0,0.0,0.0,0.0,1.0,0.0,0.0,True,Qwen/Qwen2.5-Coder-7B-Instruct,None
2053@x_name@ASC,Bar,Easy,0.3798,1.1395,3,0.0,0.0,0.0,0.0,0.0,1.0,0.0,0.0,0.0,1.0,0.0,,0.0,False,Qwen/Qwen2.5-Coder-7B-Instruct,None
2053@x_name@ASC,Bar,Easy,0.3798,1.1395,3,0.0,0.0,0.0,0.0,0.0,1.0,0.0,0.0,0.0,1.0,0.0,,0.0,False,Qwen/Qwen2.5-Coder-7B-Instruct,None
2053@x_name@ASC,Bar,Easy,0.3798,1.1395,3,0.0,0.0,0.0,0.0,0.0,1.0,0.0,0.0,0.0,1.0,0.0,,0.0,False,Qwen/Qwen2.5-Coder-7B-Instruct,None
2060@y_name@DESC,Bar,Extra Hard,1.2369,2.4738,2,0.0,0.0,0.0,0.0,0.0,0.0,0.0,0.0,0.0,0.0,1.0,0.0,0.0,True,Qwen/Qwen2.5-Coder-7B-Instruct,None
2060@y_name@DESC,Bar,Extra Hard,1.2369,2.4738,2,0.0,0.0,0.0,0.0,0.0,0.0,0.0,0.0,0.0,0.0,1.0,0.0,0.0,True,Qwen/Qwen2.5-Coder-7B-Instruct,None
2060@y_name@DESC,Bar,Extra Hard,1.2369,2.4738,2,0.0,0.0,0.0,0.0,0.0,0.0,0.0,0.0,0.0,0.0,1.0,0.0,0.0,True,Qwen/Qwen2.5-Coder-7B-Instruct,None
2063@y_name@ASC,Bar,Hard,0.8396,0.8396,1,0.0,0.0,0.0,0.0,0.0,0.0,0.0,0.0,0.0,0.0,1.0,0.0,0.0,True,Qwen/Qwen2.5-Coder-7B-Instruct,None
2063@y_name@ASC,Bar,Hard,0.8396,0.8396,1,0.0,0.0,0.0,0.0,0.0,0.0,0.0,0.0,0.0,0.0,1.0,0.0,0.0,True,Qwen/Qwen2.5-Coder-7B-Instruct,None
2063@y_name@ASC,Bar,Hard,0.8396,0.8396,1,0.0,0.0,0.0,0.0,0.0,0.0,0.0,0.0,0.0,0.0,1.0,0.0,0.0,True,Qwen/Qwen2.5-Coder-7B-Instruct,None
1416@y_name@ASC,Bar,Medium,0.6511,1.3022,2,0.0,0.0,0.0,1.0,1.0,0.0,0.0,0.0,0.0,1.0,0.0,,0.0,False,Qwen/Qwen2.5-Coder-7B-Instruct,None
1416@y_name@ASC,Bar,Medium,0.6511,1.3022,2,0.0,0.0,0.0,1.0,1.0,0.0,0.0,0.0,0.0,1.0,0.0,,0.0,False,Qwen/Qwen2.5-Coder-7B-Instruct,None
1416@y_name@ASC,Bar,Medium,0.6511,1.3022,2,0.0,0.0,0.0,1.0,1.0,0.0,0.0,0.0,0.0,1.0,0.0,,0.0,False,Qwen/Qwen2.5-Coder-7B-Instruct,None
1419@y_name@ASC,Bar,Extra Hard,0.7498,2.9992,4,0.0,0.0,0.0,0.0,0.5,0.0,0.0,0.0,0.0,0.5,0.5,0.0,0.0,False,Qwen/Qwen2.5-Coder-7B-Instruct,None
1419@y_name@ASC,Bar,Extra Hard,0.7498,2.9992,4,0.0,0.0,0.0,0.0,0.5,0.0,0.0,0.0,0.0,0.5,0.5,0.0,0.0,False,Qwen/Qwen2.5-Coder-7B-Instruct,None
1419@y_name@ASC,Bar,Extra Hard,0.7498,2.9992,4,0.0,0.0,0.0,0.0,0.5,0.0,0.0,0.0,0.0,0.5,0.5,0.0,0.0,False,Qwen/Qwen2.5-Coder-7B-Instruct,None
1380@y_name@ASC,Bar,Hard,0.9599,0.9599,1,0.0,0.0,0.0,0.0,0.0,0.0,0.0,0.0,0.0,0.0,1.0,0.0,0.0,True,Qwen/Qwen2.5-Coder-7B-Instruct,None
1380@y_name@ASC,Bar,Hard,0.9599,0.9599,1,0.0,0.0,0.0,0.0,0.0,0.0,0.0,0.0,0.0,0.0,1.0,0.0,0.0,True,Qwen/Qwen2.5-Coder-7B-Instruct,None
1380@y_name@ASC,Bar,Hard,0.9599,0.9599,1,0.0,0.0,0.0,0.0,0.0,0.0,0.0,0.0,0.0,0.0,1.0,0.0,0.0,True,Qwen/Qwen2.5-Coder-7B-Instruct,None
1382@y_name@ASC,Bar,Hard,0.9237,0.9237,1,0.0,0.0,0.0,0.0,0.0,0.0,0.0,0.0,0.0,0.0,1.0,0.0,0.0,True,Qwen/Qwen2.5-Coder-7B-Instruct,None
1382@y_name@ASC,Bar,Hard,0.9237,0.9237,1,0.0,0.0,0.0,0.0,0.0,0.0,0.0,0.0,0.0,0.0,1.0,0.0,0.0,True,Qwen/Qwen2.5-Coder-7B-Instruct,None
1382@y_name@ASC,Bar,Hard,0.9237,0.9237,1,0.0,0.0,0.0,0.0,0.0,0.0,0.0,0.0,0.0,0.0,1.0,0.0,0.0,True,Qwen/Qwen2.5-Coder-7B-Instruct,None
1085@y_name@DESC,Bar,Medium,0.439,0.878,2,0.0,0.0,0.0,0.0,0.0,0.0,0.0,0.0,0.0,0.0,1.0,0.0,0.0,False,Qwen/Qwen2.5-Coder-7B-Instruct,None
1085@y_name@DESC,Bar,Medium,0.439,0.878,2,0.0,0.0,0.0,0.0,0.0,0.0,0.0,0.0,0.0,0.0,1.0,0.0,0.0,False,Qwen/Qwen2.5-Coder-7B-Instruct,None
1085@y_name@DESC,Bar,Medium,0.439,0.878,2,0.0,0.0,0.0,0.0,0.0,0.0,0.0,0.0,0.0,0.0,1.0,0.0,0.0,False,Qwen/Qwen2.5-Coder-7B-Instruct,None
1087@y_name@DESC,Bar,Hard,0.6826,0.6826,1,0.0,0.0,0.0,0.0,0.0,0.0,0.0,0.0,0.0,0.0,1.0,0.0,0.0,True,Qwen/Qwen2.5-Coder-7B-Instruct,None
1087@y_name@DESC,Bar,Hard,0.6826,0.6826,1,0.0,0.0,0.0,0.0,0.0,0.0,0.0,0.0,0.0,0.0,1.0,0.0,0.0,True,Qwen/Qwen2.5-Coder-7B-Instruct,None
1087@y_name@DESC,Bar,Hard,0.6826,0.6826,1,0.0,0.0,0.0,0.0,0.0,0.0,0.0,0.0,0.0,0.0,1.0,0.0,0.0,True,Qwen/Qwen2.5-Coder-7B-Instruct,None
1091@y_name@ASC,Bar,Medium,0.4813,1.444,3,0.0,0.0,0.0,0.0,0.0,0.0,0.0,0.0,0.0,0.0,1.0,0.0,0.0,False,Qwen/Qwen2.5-Coder-7B-Instruct,None
1091@y_name@ASC,Bar,Medium,0.4813,1.444,3,0.0,0.0,0.0,0.0,0.0,0.0,0.0,0.0,0.0,0.0,1.0,0.0,0.0,False,Qwen/Qwen2.5-Coder-7B-Instruct,None
1091@y_name@ASC,Bar,Medium,0.4813,1.444,3,0.0,0.0,0.0,0.0,0.0,0.0,0.0,0.0,0.0,0.0,1.0,0.0,0.0,False,Qwen/Qwen2.5-Coder-7B-Instruct,None
3038@x_name@DESC,Bar,Medium,0.4488,0.4488,1,0.0,0.0,0.0,0.0,0.0,1.0,0.0,0.0,0.0,1.0,0.0,,0.0,False,Qwen/Qwen2.5-Coder-7B-Instruct,None
3038@x_name@DESC,Bar,Medium,0.4488,0.4488,1,0.0,0.0,0.0,0.0,0.0,1.0,0.0,0.0,0.0,1.0,0.0,,0.0,False,Qwen/Qwen2.5-Coder-7B-Instruct,None
3038@x_name@DESC,Bar,Medium,0.4488,0.4488,1,0.0,0.0,0.0,0.0,0.0,1.0,0.0,0.0,0.0,1.0,0.0,,0.0,False,Qwen/Qwen2.5-Coder-7B-Instruct,None
3043@y_name@ASC,Bar,Medium,0.4493,1.348,3,0.0,0.0,0.0,0.0,0.0,0.0,0.0,0.0,0.0,0.0,1.0,0.0,0.0,False,Qwen/Qwen2.5-Coder-7B-Instruct,None
3043@y_name@ASC,Bar,Medium,0.4493,1.348,3,0.0,0.0,0.0,0.0,0.0,0.0,0.0,0.0,0.0,0.0,1.0,0.0,0.0,False,Qwen/Qwen2.5-Coder-7B-Instruct,None
3043@y_name@ASC,Bar,Medium,0.4493,1.348,3,0.0,0.0,0.0,0.0,0.0,0.0,0.0,0.0,0.0,0.0,1.0,0.0,0.0,False,Qwen/Qwen2.5-Coder-7B-Instruct,None
3045@y_name@ASC,Bar,Medium,3.3802,10.1407,3,0.0,0.0,0.0,0.0,0.3333333333333333,0.0,0.0,0.0,0.0,0.3333333333333333,0.6666666666666666,0.0,0.0,False,Qwen/Qwen2.5-Coder-7B-Instruct,None
3045@y_name@ASC,Bar,Medium,3.3802,10.1407,3,0.0,0.0,0.0,0.0,0.3333333333333333,0.0,0.0,0.0,0.0,0.3333333333333333,0.6666666666666666,0.0,0.0,False,Qwen/Qwen2.5-Coder-7B-Instruct,None
3045@y_name@ASC,Bar,Medium,3.3802,10.1407,3,0.0,0.0,0.0,0.0,0.3333333333333333,0.0,0.0,0.0,0.0,0.3333333333333333,0.6666666666666666,0.0,0.0,False,Qwen/Qwen2.5-Coder-7B-Instruct,None
3050@x_name@ASC,Bar,Medium,0.5084,0.5084,1,0.0,0.0,0.0,0.0,0.0,0.0,0.0,0.0,0.0,0.0,1.0,0.0,0.0,False,Qwen/Qwen2.5-Coder-7B-Instruct,None
3050@x_name@ASC,Bar,Medium,0.5084,0.5084,1,0.0,0.0,0.0,0.0,0.0,0.0,0.0,0.0,0.0,0.0,1.0,0.0,0.0,False,Qwen/Qwen2.5-Coder-7B-Instruct,None
3050@x_name@ASC,Bar,Medium,0.5084,0.5084,1,0.0,0.0,0.0,0.0,0.0,0.0,0.0,0.0,0.0,0.0,1.0,0.0,0.0,False,Qwen/Qwen2.5-Coder-7B-Instruct,None
3052@x_name@ASC,Bar,Medium,2.7195,5.4389,2,0.0,0.0,0.0,0.0,0.0,0.0,0.0,0.0,0.0,0.0,1.0,0.0,0.0,False,Qwen/Qwen2.5-Coder-7B-Instruct,None
3052@x_name@ASC,Bar,Medium,2.7195,5.4389,2,0.0,0.0,0.0,0.0,0.0,0.0,0.0,0.0,0.0,0.0,1.0,0.0,0.0,False,Qwen/Qwen2.5-Coder-7B-Instruct,None
3052@x_name@ASC,Bar,Medium,2.7195,5.4389,2,0.0,0.0,0.0,0.0,0.0,0.0,0.0,0.0,0.0,0.0,1.0,0.0,0.0,False,Qwen/Qwen2.5-Coder-7B-Instruct,None
3053@x_name@DESC,Bar,Medium,0.6166,0.6166,1,0.0,0.0,0.0,0.0,0.0,1.0,0.0,0.0,0.0,1.0,0.0,,0.0,False,Qwen/Qwen2.5-Coder-7B-Instruct,None
3053@x_name@DESC,Bar,Medium,0.6166,0.6166,1,0.0,0.0,0.0,0.0,0.0,1.0,0.0,0.0,0.0,1.0,0.0,,0.0,False,Qwen/Qwen2.5-Coder-7B-Instruct,None
3053@x_name@DESC,Bar,Medium,0.6166,0.6166,1,0.0,0.0,0.0,0.0,0.0,1.0,0.0,0.0,0.0,1.0,0.0,,0.0,False,Qwen/Qwen2.5-Coder-7B-Instruct,None
38@x_name@DESC,Bar,Hard,1.0912,1.0912,1,0.0,0.0,0.0,0.0,0.0,0.0,0.0,0.0,0.0,0.0,1.0,0.0,0.0,True,Qwen/Qwen2.5-Coder-7B-Instruct,None
38@x_name@DESC,Bar,Hard,1.0912,1.0912,1,0.0,0.0,0.0,0.0,0.0,0.0,0.0,0.0,0.0,0.0,1.0,0.0,0.0,True,Qwen/Qwen2.5-Coder-7B-Instruct,None
38@x_name@DESC,Bar,Hard,1.0912,1.0912,1,0.0,0.0,0.0,0.0,0.0,0.0,0.0,0.0,0.0,0.0,1.0,0.0,0.0,True,Qwen/Qwen2.5-Coder-7B-Instruct,None
41@y_name@ASC,Bar,Hard,0.6465,0.6465,1,0.0,0.0,0.0,0.0,0.0,0.0,0.0,0.0,0.0,0.0,1.0,0.0,0.0,False,Qwen/Qwen2.5-Coder-7B-Instruct,None
41@y_name@ASC,Bar,Hard,0.6465,0.6465,1,0.0,0.0,0.0,0.0,0.0,0.0,0.0,0.0,0.0,0.0,1.0,0.0,0.0,False,Qwen/Qwen2.5-Coder-7B-Instruct,None
41@y_name@ASC,Bar,Hard,0.6465,0.6465,1,0.0,0.0,0.0,0.0,0.0,0.0,0.0,0.0,0.0,0.0,1.0,0.0,0.0,False,Qwen/Qwen2.5-Coder-7B-Instruct,None
42@y_name@ASC,Bar,Hard,0.6163,1.2325,2,0.0,0.0,0.0,0.0,0.0,0.0,0.0,0.0,0.0,0.0,1.0,0.0,0.0,False,Qwen/Qwen2.5-Coder-7B-Instruct,None
42@y_name@ASC,Bar,Hard,0.6163,1.2325,2,0.0,0.0,0.0,0.0,0.0,0.0,0.0,0.0,0.0,0.0,1.0,0.0,0.0,False,Qwen/Qwen2.5-Coder-7B-Instruct,None
42@y_name@ASC,Bar,Hard,0.6163,1.2325,2,0.0,0.0,0.0,0.0,0.0,0.0,0.0,0.0,0.0,0.0,1.0,0.0,0.0,False,Qwen/Qwen2.5-Coder-7B-Instruct,None
44@y_name@DESC,Bar,Hard,0.6475,0.6475,1,0.0,0.0,0.0,0.0,0.0,0.0,0.0,0.0,0.0,0.0,1.0,0.0,0.0,False,Qwen/Qwen2.5-Coder-7B-Instruct,None
44@y_name@DESC,Bar,Hard,0.6475,0.6475,1,0.0,0.0,0.0,0.0,0.0,0.0,0.0,0.0,0.0,0.0,1.0,0.0,0.0,False,Qwen/Qwen2.5-Coder-7B-Instruct,None
44@y_name@DESC,Bar,Hard,0.6475,0.6475,1,0.0,0.0,0.0,0.0,0.0,0.0,0.0,0.0,0.0,0.0,1.0,0.0,0.0,False,Qwen/Qwen2.5-Coder-7B-Instruct,None
47@y_name@DESC,Bar,Medium,0.6387,1.9161,3,0.0,0.0,0.0,0.0,0.0,0.0,0.0,0.0,0.0,0.0,1.0,0.0,0.0,False,Qwen/Qwen2.5-Coder-7B-Instruct,None
47@y_name@DESC,Bar,Medium,0.6387,1.9161,3,0.0,0.0,0.0,0.0,0.0,0.0,0.0,0.0,0.0,0.0,1.0,0.0,0.0,False,Qwen/Qwen2.5-Coder-7B-Instruct,None
47@y_name@DESC,Bar,Medium,0.6387,1.9161,3,0.0,0.0,0.0,0.0,0.0,0.0,0.0,0.0,0.0,0.0,1.0,0.0,0.0,False,Qwen/Qwen2.5-Coder-7B-Instruct,None
49@y_name@ASC,Bar,Extra Hard,1.3433,2.6865,2,0.0,0.0,0.0,0.0,0.5,0.0,0.0,0.0,0.0,0.5,0.5,0.0,0.0,True,Qwen/Qwen2.5-Coder-7B-Instruct,None
49@y_name@ASC,Bar,Extra Hard,1.3433,2.6865,2,0.0,0.0,0.0,0.0,0.5,0.0,0.0,0.0,0.0,0.5,0.5,0.0,0.0,True,Qwen/Qwen2.5-Coder-7B-Instruct,None
49@y_name@ASC,Bar,Extra Hard,1.3433,2.6865,2,0.0,0.0,0.0,0.0,0.5,0.0,0.0,0.0,0.0,0.5,0.5,0.0,0.0,True,Qwen/Qwen2.5-Coder-7B-Instruct,None
53@x_name@ASC,Bar,Extra Hard,1.0933,1.0933,1,0.0,0.0,0.0,0.0,1.0,0.0,0.0,0.0,0.0,1.0,0.0,,0.0,False,Qwen/Qwen2.5-Coder-7B-Instruct,None
53@x_name@ASC,Bar,Extra Hard,1.0933,1.0933,1,0.0,0.0,0.0,0.0,1.0,0.0,0.0,0.0,0.0,1.0,0.0,,0.0,False,Qwen/Qwen2.5-Coder-7B-Instruct,None
53@x_name@ASC,Bar,Extra Hard,1.0933,1.0933,1,0.0,0.0,0.0,0.0,1.0,0.0,0.0,0.0,0.0,1.0,0.0,,0.0,False,Qwen/Qwen2.5-Coder-7B-Instruct,None
56@y_name@ASC,Bar,Extra Hard,1.2124,1.2124,1,0.0,0.0,0.0,0.0,0.0,1.0,0.0,0.0,0.0,1.0,0.0,,0.0,True,Qwen/Qwen2.5-Coder-7B-Instruct,None
56@y_name@ASC,Bar,Extra Hard,1.2124,1.2124,1,0.0,0.0,0.0,0.0,0.0,1.0,0.0,0.0,0.0,1.0,0.0,,0.0,True,Qwen/Qwen2.5-Coder-7B-Instruct,None
56@y_name@ASC,Bar,Extra Hard,1.2124,1.2124,1,0.0,0.0,0.0,0.0,0.0,1.0,0.0,0.0,0.0,1.0,0.0,,0.0,True,Qwen/Qwen2.5-Coder-7B-Instruct,None
58@y_name@ASC,Bar,Medium,1.3088,7.8526,6,0.0,0.0,0.0,0.0,0.0,0.0,0.0,0.0,0.0,0.0,1.0,0.0,0.0,False,Qwen/Qwen2.5-Coder-7B-Instruct,None
58@y_name@ASC,Bar,Medium,1.3088,7.8526,6,0.0,0.0,0.0,0.0,0.0,0.0,0.0,0.0,0.0,0.0,1.0,0.0,0.0,False,Qwen/Qwen2.5-Coder-7B-Instruct,None
58@y_name@ASC,Bar,Medium,1.3088,7.8526,6,0.0,0.0,0.0,0.0,0.0,0.0,0.0,0.0,0.0,0.0,1.0,0.0,0.0,False,Qwen/Qwen2.5-Coder-7B-Instruct,None
59@y_name@ASC,Bar,Medium,0.5225,2.6123,5,0.0,0.0,0.0,0.0,0.0,0.0,0.0,0.0,0.0,0.0,1.0,0.0,0.0,False,Qwen/Qwen2.5-Coder-7B-Instruct,None
59@y_name@ASC,Bar,Medium,0.5225,2.6123,5,0.0,0.0,0.0,0.0,0.0,0.0,0.0,0.0,0.0,0.0,1.0,0.0,0.0,False,Qwen/Qwen2.5-Coder-7B-Instruct,None
59@y_name@ASC,Bar,Medium,0.5225,2.6123,5,0.0,0.0,0.0,0.0,0.0,0.0,0.0,0.0,0.0,0.0,1.0,0.0,0.0,False,Qwen/Qwen2.5-Coder-7B-Instruct,None
61@y_name@ASC,Bar,Medium,0.6272,2.5088,4,0.0,0.0,0.0,0.0,0.0,0.0,0.0,0.0,0.0,0.0,1.0,0.0,0.0,False,Qwen/Qwen2.5-Coder-7B-Instruct,None
61@y_name@ASC,Bar,Medium,0.6272,2.5088,4,0.0,0.0,0.0,0.0,0.0,0.0,0.0,0.0,0.0,0.0,1.0,0.0,0.0,False,Qwen/Qwen2.5-Coder-7B-Instruct,None
61@y_name@ASC,Bar,Medium,0.6272,2.5088,4,0.0,0.0,0.0,0.0,0.0,0.0,0.0,0.0,0.0,0.0,1.0,0.0,0.0,False,Qwen/Qwen2.5-Coder-7B-Instruct,None
1324@y_name@ASC,Bar,Medium,0.446,0.8919,2,0.0,0.0,0.0,0.0,0.0,0.0,0.0,0.0,0.0,0.0,1.0,0.0,0.0,False,Qwen/Qwen2.5-Coder-7B-Instruct,None
1324@y_name@ASC,Bar,Medium,0.446,0.8919,2,0.0,0.0,0.0,0.0,0.0,0.0,0.0,0.0,0.0,0.0,1.0,0.0,0.0,False,Qwen/Qwen2.5-Coder-7B-Instruct,None
1324@y_name@ASC,Bar,Medium,0.446,0.8919,2,0.0,0.0,0.0,0.0,0.0,0.0,0.0,0.0,0.0,0.0,1.0,0.0,0.0,False,Qwen/Qwen2.5-Coder-7B-Instruct,None
1328@x_name@ASC,Bar,Medium,0.4307,0.4307,1,0.0,0.0,0.0,0.0,0.0,0.0,0.0,0.0,0.0,0.0,1.0,0.0,0.0,False,Qwen/Qwen2.5-Coder-7B-Instruct,None
1328@x_name@ASC,Bar,Medium,0.4307,0.4307,1,0.0,0.0,0.0,0.0,0.0,0.0,0.0,0.0,0.0,0.0,1.0,0.0,0.0,False,Qwen/Qwen2.5-Coder-7B-Instruct,None
1328@x_name@ASC,Bar,Medium,0.4307,0.4307,1,0.0,0.0,0.0,0.0,0.0,0.0,0.0,0.0,0.0,0.0,1.0,0.0,0.0,False,Qwen/Qwen2.5-Coder-7B-Instruct,None
483@x_name@ASC,Bar,Medium,0.4605,0.9211,2,0.0,0.0,0.0,0.0,0.0,1.0,0.0,0.0,0.0,1.0,0.0,,0.0,False,Qwen/Qwen2.5-Coder-7B-Instruct,None
483@x_name@ASC,Bar,Medium,0.4605,0.9211,2,0.0,0.0,0.0,0.0,0.0,1.0,0.0,0.0,0.0,1.0,0.0,,0.0,False,Qwen/Qwen2.5-Coder-7B-Instruct,None
483@x_name@ASC,Bar,Medium,0.4605,0.9211,2,0.0,0.0,0.0,0.0,0.0,1.0,0.0,0.0,0.0,1.0,0.0,,0.0,False,Qwen/Qwen2.5-Coder-7B-Instruct,None
1015@y_name@DESC,Bar,Medium,0.6485,1.297,2,0.0,0.0,0.0,0.0,0.0,0.0,0.0,0.0,0.0,0.0,1.0,0.0,0.0,False,Qwen/Qwen2.5-Coder-7B-Instruct,None
1015@y_name@DESC,Bar,Medium,0.6485,1.297,2,0.0,0.0,0.0,0.0,0.0,0.0,0.0,0.0,0.0,0.0,1.0,0.0,0.0,False,Qwen/Qwen2.5-Coder-7B-Instruct,None
1015@y_name@DESC,Bar,Medium,0.6485,1.297,2,0.0,0.0,0.0,0.0,0.0,0.0,0.0,0.0,0.0,0.0,1.0,0.0,0.0,False,Qwen/Qwen2.5-Coder-7B-Instruct,None
1017@y_name@ASC,Bar,Hard,0.5756,0.5756,1,0.0,0.0,0.0,0.0,0.0,0.0,0.0,0.0,0.0,0.0,1.0,0.0,0.0,True,Qwen/Qwen2.5-Coder-7B-Instruct,None
1017@y_name@ASC,Bar,Hard,0.5756,0.5756,1,0.0,0.0,0.0,0.0,0.0,0.0,0.0,0.0,0.0,0.0,1.0,0.0,0.0,True,Qwen/Qwen2.5-Coder-7B-Instruct,None
1017@y_name@ASC,Bar,Hard,0.5756,0.5756,1,0.0,0.0,0.0,0.0,0.0,0.0,0.0,0.0,0.0,0.0,1.0,0.0,0.0,True,Qwen/Qwen2.5-Coder-7B-Instruct,None
1019@x_name@DESC,Bar,Hard,1.0093,1.0093,1,0.0,0.0,0.0,0.0,0.0,1.0,0.0,0.0,0.0,1.0,0.0,,0.0,True,Qwen/Qwen2.5-Coder-7B-Instruct,None
1019@x_name@DESC,Bar,Hard,1.0093,1.0093,1,0.0,0.0,0.0,0.0,0.0,1.0,0.0,0.0,0.0,1.0,0.0,,0.0,True,Qwen/Qwen2.5-Coder-7B-Instruct,None
1019@x_name@DESC,Bar,Hard,1.0093,1.0093,1,0.0,0.0,0.0,0.0,0.0,1.0,0.0,0.0,0.0,1.0,0.0,,0.0,True,Qwen/Qwen2.5-Coder-7B-Instruct,None
1022@y_name@ASC,Bar,Medium,0.5231,1.0463,2,0.0,0.0,0.0,0.0,0.0,0.0,0.0,0.0,0.0,0.0,1.0,0.0,0.0,False,Qwen/Qwen2.5-Coder-7B-Instruct,None
1022@y_name@ASC,Bar,Medium,0.5231,1.0463,2,0.0,0.0,0.0,0.0,0.0,0.0,0.0,0.0,0.0,0.0,1.0,0.0,0.0,False,Qwen/Qwen2.5-Coder-7B-Instruct,None
1022@y_name@ASC,Bar,Medium,0.5231,1.0463,2,0.0,0.0,0.0,0.0,0.0,0.0,0.0,0.0,0.0,0.0,1.0,0.0,0.0,False,Qwen/Qwen2.5-Coder-7B-Instruct,None
2594@y_name@DESC,Bar,Medium,0.46,2.7598,6,0.0,0.0,0.0,0.0,0.0,0.0,0.0,0.0,0.0,0.0,1.0,0.0,0.0,False,Qwen/Qwen2.5-Coder-7B-Instruct,None
2594@y_name@DESC,Bar,Medium,0.46,2.7598,6,0.0,0.0,0.0,0.0,0.0,0.0,0.0,0.0,0.0,0.0,1.0,0.0,0.0,False,Qwen/Qwen2.5-Coder-7B-Instruct,None
2594@y_name@DESC,Bar,Medium,0.46,2.7598,6,0.0,0.0,0.0,0.0,0.0,0.0,0.0,0.0,0.0,0.0,1.0,0.0,0.0,False,Qwen/Qwen2.5-Coder-7B-Instruct,None
909@y_name@ASC,Bar,Medium,0.587,2.3479,4,0.0,0.0,0.0,0.0,0.0,0.0,0.0,0.0,0.0,0.0,1.0,0.0,0.0,False,Qwen/Qwen2.5-Coder-7B-Instruct,None
909@y_name@ASC,Bar,Medium,0.587,2.3479,4,0.0,0.0,0.0,0.0,0.0,0.0,0.0,0.0,0.0,0.0,1.0,0.0,0.0,False,Qwen/Qwen2.5-Coder-7B-Instruct,None
909@y_name@ASC,Bar,Medium,0.587,2.3479,4,0.0,0.0,0.0,0.0,0.0,0.0,0.0,0.0,0.0,0.0,1.0,0.0,0.0,False,Qwen/Qwen2.5-Coder-7B-Instruct,None
911@y_name@DESC,Bar,Hard,0.9329,2.7987,3,0.0,0.0,0.0,0.0,0.0,0.0,0.0,0.0,0.0,0.0,1.0,0.0,0.0,True,Qwen/Qwen2.5-Coder-7B-Instruct,None
911@y_name@DESC,Bar,Hard,0.9329,2.7987,3,0.0,0.0,0.0,0.0,0.0,0.0,0.0,0.0,0.0,0.0,1.0,0.0,0.0,True,Qwen/Qwen2.5-Coder-7B-Instruct,None
911@y_name@DESC,Bar,Hard,0.9329,2.7987,3,0.0,0.0,0.0,0.0,0.0,0.0,0.0,0.0,0.0,0.0,1.0,0.0,0.0,True,Qwen/Qwen2.5-Coder-7B-Instruct,None
690@y_name@DESC,Bar,Medium,0.4393,2.1964,5,0.0,0.0,0.0,0.0,0.0,0.0,0.0,0.0,0.0,0.0,1.0,0.0,0.0,False,Qwen/Qwen2.5-Coder-7B-Instruct,None
690@y_name@DESC,Bar,Medium,0.4393,2.1964,5,0.0,0.0,0.0,0.0,0.0,0.0,0.0,0.0,0.0,0.0,1.0,0.0,0.0,False,Qwen/Qwen2.5-Coder-7B-Instruct,None
690@y_name@DESC,Bar,Medium,0.4393,2.1964,5,0.0,0.0,0.0,0.0,0.0,0.0,0.0,0.0,0.0,0.0,1.0,0.0,0.0,False,Qwen/Qwen2.5-Coder-7B-Instruct,None
692@x_name@ASC,Bar,Extra Hard,1.3346,1.3346,1,0.0,0.0,0.0,0.0,0.0,1.0,0.0,0.0,0.0,1.0,0.0,,0.0,True,Qwen/Qwen2.5-Coder-7B-Instruct,None
692@x_name@ASC,Bar,Extra Hard,1.3346,1.3346,1,0.0,0.0,0.0,0.0,0.0,1.0,0.0,0.0,0.0,1.0,0.0,,0.0,True,Qwen/Qwen2.5-Coder-7B-Instruct,None
692@x_name@ASC,Bar,Extra Hard,1.3346,1.3346,1,0.0,0.0,0.0,0.0,0.0,1.0,0.0,0.0,0.0,1.0,0.0,,0.0,True,Qwen/Qwen2.5-Coder-7B-Instruct,None
700@x_name@DESC,Bar,Hard,1.0276,3.0827,3,0.0,0.0,0.0,0.0,0.0,0.6666666666666666,0.0,0.0,0.0,0.6666666666666666,0.3333333333333333,0.0,0.0,True,Qwen/Qwen2.5-Coder-7B-Instruct,None
700@x_name@DESC,Bar,Hard,1.0276,3.0827,3,0.0,0.0,0.0,0.0,0.0,0.6666666666666666,0.0,0.0,0.0,0.6666666666666666,0.3333333333333333,0.0,0.0,True,Qwen/Qwen2.5-Coder-7B-Instruct,None
700@x_name@DESC,Bar,Hard,1.0276,3.0827,3,0.0,0.0,0.0,0.0,0.0,0.6666666666666666,0.0,0.0,0.0,0.6666666666666666,0.3333333333333333,0.0,0.0,True,Qwen/Qwen2.5-Coder-7B-Instruct,None
816@y_name@DESC,Bar,Hard,0.8404,0.8404,1,0.0,0.0,0.0,0.0,0.0,0.0,0.0,0.0,0.0,0.0,1.0,0.0,0.0,True,Qwen/Qwen2.5-Coder-7B-Instruct,None
816@y_name@DESC,Bar,Hard,0.8404,0.8404,1,0.0,0.0,0.0,0.0,0.0,0.0,0.0,0.0,0.0,0.0,1.0,0.0,0.0,True,Qwen/Qwen2.5-Coder-7B-Instruct,None
816@y_name@DESC,Bar,Hard,0.8404,0.8404,1,0.0,0.0,0.0,0.0,0.0,0.0,0.0,0.0,0.0,0.0,1.0,0.0,0.0,True,Qwen/Qwen2.5-Coder-7B-Instruct,None
827@y_name@ASC,Bar,Medium,0.511,2.555,5,0.0,0.0,0.0,0.0,0.0,0.0,0.0,0.0,0.0,0.0,1.0,0.0,0.0,False,Qwen/Qwen2.5-Coder-7B-Instruct,None
827@y_name@ASC,Bar,Medium,0.511,2.555,5,0.0,0.0,0.0,0.0,0.0,0.0,0.0,0.0,0.0,0.0,1.0,0.0,0.0,False,Qwen/Qwen2.5-Coder-7B-Instruct,None
827@y_name@ASC,Bar,Medium,0.511,2.555,5,0.0,0.0,0.0,0.0,0.0,0.0,0.0,0.0,0.0,0.0,1.0,0.0,0.0,False,Qwen/Qwen2.5-Coder-7B-Instruct,None
829@x_name@ASC,Bar,Medium,0.6791,2.0374,3,0.0,0.0,0.0,0.0,0.0,1.0,0.0,0.0,0.0,1.0,0.0,,0.0,False,Qwen/Qwen2.5-Coder-7B-Instruct,None
829@x_name@ASC,Bar,Medium,0.6791,2.0374,3,0.0,0.0,0.0,0.0,0.0,1.0,0.0,0.0,0.0,1.0,0.0,,0.0,False,Qwen/Qwen2.5-Coder-7B-Instruct,None
829@x_name@ASC,Bar,Medium,0.6791,2.0374,3,0.0,0.0,0.0,0.0,0.0,1.0,0.0,0.0,0.0,1.0,0.0,,0.0,False,Qwen/Qwen2.5-Coder-7B-Instruct,None
833@y_name@DESC,Bar,Hard,1.0993,2.1986,2,0.0,0.0,0.0,0.0,0.0,0.0,0.0,0.0,0.0,0.0,1.0,0.0,0.0,True,Qwen/Qwen2.5-Coder-7B-Instruct,None
833@y_name@DESC,Bar,Hard,1.0993,2.1986,2,0.0,0.0,0.0,0.0,0.0,0.0,0.0,0.0,0.0,0.0,1.0,0.0,0.0,True,Qwen/Qwen2.5-Coder-7B-Instruct,None
833@y_name@DESC,Bar,Hard,1.0993,2.1986,2,0.0,0.0,0.0,0.0,0.0,0.0,0.0,0.0,0.0,0.0,1.0,0.0,0.0,True,Qwen/Qwen2.5-Coder-7B-Instruct,None
847@y_name@DESC,Bar,Hard,0.6589,1.3178,2,0.0,0.0,0.0,0.0,0.0,0.0,0.0,0.0,0.0,0.0,1.0,0.0,0.0,True,Qwen/Qwen2.5-Coder-7B-Instruct,None
847@y_name@DESC,Bar,Hard,0.6589,1.3178,2,0.0,0.0,0.0,0.0,0.0,0.0,0.0,0.0,0.0,0.0,1.0,0.0,0.0,True,Qwen/Qwen2.5-Coder-7B-Instruct,None
847@y_name@DESC,Bar,Hard,0.6589,1.3178,2,0.0,0.0,0.0,0.0,0.0,0.0,0.0,0.0,0.0,0.0,1.0,0.0,0.0,True,Qwen/Qwen2.5-Coder-7B-Instruct,None
851@y_name@DESC,Stacked Bar,Extra Hard,21.6121,43.2243,2,1.0,0.0,0.0,0.0,0.0,0.0,0.0,0.0,1.0,0.0,0.0,,0.0,True,Qwen/Qwen2.5-Coder-7B-Instruct,None
851@y_name@DESC,Stacked Bar,Extra Hard,21.6121,43.2243,2,1.0,0.0,0.0,0.0,0.0,0.0,0.0,0.0,1.0,0.0,0.0,,0.0,True,Qwen/Qwen2.5-Coder-7B-Instruct,None
851@y_name@DESC,Stacked Bar,Extra Hard,21.6121,43.2243,2,1.0,0.0,0.0,0.0,0.0,0.0,0.0,0.0,1.0,0.0,0.0,,0.0,True,Qwen/Qwen2.5-Coder-7B-Instruct,None
853@y_name@DESC,Bar,Extra Hard,0.9774,0.9774,1,0.0,0.0,0.0,0.0,0.0,0.0,0.0,0.0,0.0,0.0,1.0,0.0,0.0,True,Qwen/Qwen2.5-Coder-7B-Instruct,None
853@y_name@DESC,Bar,Extra Hard,0.9774,0.9774,1,0.0,0.0,0.0,0.0,0.0,0.0,0.0,0.0,0.0,0.0,1.0,0.0,0.0,True,Qwen/Qwen2.5-Coder-7B-Instruct,None
853@y_name@DESC,Bar,Extra Hard,0.9774,0.9774,1,0.0,0.0,0.0,0.0,0.0,0.0,0.0,0.0,0.0,0.0,1.0,0.0,0.0,True,Qwen/Qwen2.5-Coder-7B-Instruct,None
1987@x_name@ASC,Bar,Medium,0.5821,0.5821,1,0.0,0.0,0.0,0.0,0.0,0.0,0.0,0.0,0.0,0.0,1.0,0.0,0.0,False,Qwen/Qwen2.5-Coder-7B-Instruct,None
1987@x_name@ASC,Bar,Medium,0.5821,0.5821,1,0.0,0.0,0.0,0.0,0.0,0.0,0.0,0.0,0.0,0.0,1.0,0.0,0.0,False,Qwen/Qwen2.5-Coder-7B-Instruct,None
1987@x_name@ASC,Bar,Medium,0.5821,0.5821,1,0.0,0.0,0.0,0.0,0.0,0.0,0.0,0.0,0.0,0.0,1.0,0.0,0.0,False,Qwen/Qwen2.5-Coder-7B-Instruct,None
1991@y_name@DESC,Bar,Hard,12.8495,25.6989,2,0.5,0.0,0.0,0.0,0.0,0.5,0.0,0.0,0.5,0.5,0.0,,0.0,False,Qwen/Qwen2.5-Coder-7B-Instruct,None
1991@y_name@DESC,Bar,Hard,12.8495,25.6989,2,0.5,0.0,0.0,0.0,0.0,0.5,0.0,0.0,0.5,0.5,0.0,,0.0,False,Qwen/Qwen2.5-Coder-7B-Instruct,None
1991@y_name@DESC,Bar,Hard,12.8495,25.6989,2,0.5,0.0,0.0,0.0,0.0,0.5,0.0,0.0,0.5,0.5,0.0,,0.0,False,Qwen/Qwen2.5-Coder-7B-Instruct,None
2010@x_name@DESC,Bar,Medium,0.641,1.282,2,0.0,0.0,0.0,0.0,0.0,1.0,0.0,0.0,0.0,1.0,0.0,,0.0,False,Qwen/Qwen2.5-Coder-7B-Instruct,None
2010@x_name@DESC,Bar,Medium,0.641,1.282,2,0.0,0.0,0.0,0.0,0.0,1.0,0.0,0.0,0.0,1.0,0.0,,0.0,False,Qwen/Qwen2.5-Coder-7B-Instruct,None
2010@x_name@DESC,Bar,Medium,0.641,1.282,2,0.0,0.0,0.0,0.0,0.0,1.0,0.0,0.0,0.0,1.0,0.0,,0.0,False,Qwen/Qwen2.5-Coder-7B-Instruct,None
2024@y_name@DESC,Bar,Hard,0.8997,1.7993,2,0.0,0.0,0.0,0.0,0.0,0.0,0.0,0.0,0.0,0.0,1.0,0.0,0.0,False,Qwen/Qwen2.5-Coder-7B-Instruct,None
2024@y_name@DESC,Bar,Hard,0.8997,1.7993,2,0.0,0.0,0.0,0.0,0.0,0.0,0.0,0.0,0.0,0.0,1.0,0.0,0.0,False,Qwen/Qwen2.5-Coder-7B-Instruct,None
2024@y_name@DESC,Bar,Hard,0.8997,1.7993,2,0.0,0.0,0.0,0.0,0.0,0.0,0.0,0.0,0.0,0.0,1.0,0.0,0.0,False,Qwen/Qwen2.5-Coder-7B-Instruct,None
2028@y_name@DESC,Bar,Hard,19.8416,19.8416,1,0.0,0.0,0.0,0.0,1.0,0.0,0.0,0.0,0.0,1.0,0.0,,0.0,False,Qwen/Qwen2.5-Coder-7B-Instruct,None
2028@y_name@DESC,Bar,Hard,19.8416,19.8416,1,0.0,0.0,0.0,0.0,1.0,0.0,0.0,0.0,0.0,1.0,0.0,,0.0,False,Qwen/Qwen2.5-Coder-7B-Instruct,None
2028@y_name@DESC,Bar,Hard,19.8416,19.8416,1,0.0,0.0,0.0,0.0,1.0,0.0,0.0,0.0,0.0,1.0,0.0,,0.0,False,Qwen/Qwen2.5-Coder-7B-Instruct,None
2030@y_name@ASC,Bar,Medium,2.5733,7.7198,3,0.0,0.0,0.0,0.0,0.0,1.0,0.0,0.0,0.0,1.0,0.0,,0.0,False,Qwen/Qwen2.5-Coder-7B-Instruct,None
2030@y_name@ASC,Bar,Medium,2.5733,7.7198,3,0.0,0.0,0.0,0.0,0.0,1.0,0.0,0.0,0.0,1.0,0.0,,0.0,False,Qwen/Qwen2.5-Coder-7B-Instruct,None
2030@y_name@ASC,Bar,Medium,2.5733,7.7198,3,0.0,0.0,0.0,0.0,0.0,1.0,0.0,0.0,0.0,1.0,0.0,,0.0,False,Qwen/Qwen2.5-Coder-7B-Instruct,None
2031@y_name@ASC,Bar,Hard,0.8845,1.769,2,0.0,0.0,0.0,0.0,0.0,0.0,0.0,0.0,0.0,0.0,1.0,0.0,0.0,False,Qwen/Qwen2.5-Coder-7B-Instruct,None
2031@y_name@ASC,Bar,Hard,0.8845,1.769,2,0.0,0.0,0.0,0.0,0.0,0.0,0.0,0.0,0.0,0.0,1.0,0.0,0.0,False,Qwen/Qwen2.5-Coder-7B-Instruct,None
2031@y_name@ASC,Bar,Hard,0.8845,1.769,2,0.0,0.0,0.0,0.0,0.0,0.0,0.0,0.0,0.0,0.0,1.0,0.0,0.0,False,Qwen/Qwen2.5-Coder-7B-Instruct,None
709@y_name@DESC,Bar,Medium,0.5675,1.135,2,0.0,0.0,0.0,0.0,0.0,0.0,0.0,0.0,0.0,0.0,1.0,0.0,0.0,False,Qwen/Qwen2.5-Coder-7B-Instruct,None
709@y_name@DESC,Bar,Medium,0.5675,1.135,2,0.0,0.0,0.0,0.0,0.0,0.0,0.0,0.0,0.0,0.0,1.0,0.0,0.0,False,Qwen/Qwen2.5-Coder-7B-Instruct,None
709@y_name@DESC,Bar,Medium,0.5675,1.135,2,0.0,0.0,0.0,0.0,0.0,0.0,0.0,0.0,0.0,0.0,1.0,0.0,0.0,False,Qwen/Qwen2.5-Coder-7B-Instruct,None
171@x_name@DESC,Line,Medium,1.2185,2.437,2,0.0,0.0,0.0,0.0,0.0,0.0,0.0,0.0,0.0,0.0,1.0,0.0,0.0,False,Qwen/Qwen2.5-Coder-7B-Instruct,None
171@x_name@DESC,Line,Medium,1.2185,2.437,2,0.0,0.0,0.0,0.0,0.0,0.0,0.0,0.0,0.0,0.0,1.0,0.0,0.0,False,Qwen/Qwen2.5-Coder-7B-Instruct,None
171@x_name@DESC,Line,Medium,1.2185,2.437,2,0.0,0.0,0.0,0.0,0.0,0.0,0.0,0.0,0.0,0.0,1.0,0.0,0.0,False,Qwen/Qwen2.5-Coder-7B-Instruct,None
2451@y_name@ASC,Bar,Medium,0.5238,1.0477,2,0.0,0.0,0.0,0.0,0.0,0.0,0.0,0.0,0.0,0.0,1.0,0.0,0.0,False,Qwen/Qwen2.5-Coder-7B-Instruct,None
2451@y_name@ASC,Bar,Medium,0.5238,1.0477,2,0.0,0.0,0.0,0.0,0.0,0.0,0.0,0.0,0.0,0.0,1.0,0.0,0.0,False,Qwen/Qwen2.5-Coder-7B-Instruct,None
2451@y_name@ASC,Bar,Medium,0.5238,1.0477,2,0.0,0.0,0.0,0.0,0.0,0.0,0.0,0.0,0.0,0.0,1.0,0.0,0.0,False,Qwen/Qwen2.5-Coder-7B-Instruct,None
2453@y_name@DESC,Bar,Medium,0.5641,2.8203,5,0.0,0.0,0.0,0.0,0.0,0.0,0.0,0.0,0.0,0.0,1.0,0.0,0.0,False,Qwen/Qwen2.5-Coder-7B-Instruct,None
2453@y_name@DESC,Bar,Medium,0.5641,2.8203,5,0.0,0.0,0.0,0.0,0.0,0.0,0.0,0.0,0.0,0.0,1.0,0.0,0.0,False,Qwen/Qwen2.5-Coder-7B-Instruct,None
2453@y_name@DESC,Bar,Medium,0.5641,2.8203,5,0.0,0.0,0.0,0.0,0.0,0.0,0.0,0.0,0.0,0.0,1.0,0.0,0.0,False,Qwen/Qwen2.5-Coder-7B-Instruct,None
2454@y_name@DESC,Bar,Hard,0.5259,0.5259,1,0.0,0.0,0.0,0.0,1.0,0.0,0.0,0.0,0.0,1.0,0.0,,0.0,True,Qwen/Qwen2.5-Coder-7B-Instruct,None
2454@y_name@DESC,Bar,Hard,0.5259,0.5259,1,0.0,0.0,0.0,0.0,1.0,0.0,0.0,0.0,0.0,1.0,0.0,,0.0,True,Qwen/Qwen2.5-Coder-7B-Instruct,None
2454@y_name@DESC,Bar,Hard,0.5259,0.5259,1,0.0,0.0,0.0,0.0,1.0,0.0,0.0,0.0,0.0,1.0,0.0,,0.0,True,Qwen/Qwen2.5-Coder-7B-Instruct,None
2455@x_name@ASC,Bar,Hard,0.8708,2.6125,3,0.0,0.0,0.0,0.0,0.0,0.6666666666666666,0.0,0.0,0.0,0.6666666666666666,0.3333333333333333,0.0,0.0,True,Qwen/Qwen2.5-Coder-7B-Instruct,None
2455@x_name@ASC,Bar,Hard,0.8708,2.6125,3,0.0,0.0,0.0,0.0,0.0,0.6666666666666666,0.0,0.0,0.0,0.6666666666666666,0.3333333333333333,0.0,0.0,True,Qwen/Qwen2.5-Coder-7B-Instruct,None
2455@x_name@ASC,Bar,Hard,0.8708,2.6125,3,0.0,0.0,0.0,0.0,0.0,0.6666666666666666,0.0,0.0,0.0,0.6666666666666666,0.3333333333333333,0.0,0.0,True,Qwen/Qwen2.5-Coder-7B-Instruct,None
2456@y_name@ASC,Bar,Hard,0.9442,4.7212,5,0.0,0.0,0.0,0.0,0.0,0.0,0.0,0.0,0.0,0.0,1.0,0.0,0.0,True,Qwen/Qwen2.5-Coder-7B-Instruct,None
2456@y_name@ASC,Bar,Hard,0.9442,4.7212,5,0.0,0.0,0.0,0.0,0.0,0.0,0.0,0.0,0.0,0.0,1.0,0.0,0.0,True,Qwen/Qwen2.5-Coder-7B-Instruct,None
2456@y_name@ASC,Bar,Hard,0.9442,4.7212,5,0.0,0.0,0.0,0.0,0.0,0.0,0.0,0.0,0.0,0.0,1.0,0.0,0.0,True,Qwen/Qwen2.5-Coder-7B-Instruct,None
486@y_name@DESC,Bar,Medium,0.8279,3.3118,4,0.0,0.0,0.0,0.0,0.0,0.0,0.0,0.0,0.0,0.0,1.0,0.0,0.0,True,Qwen/Qwen2.5-Coder-7B-Instruct,None
486@y_name@DESC,Bar,Medium,0.8279,3.3118,4,0.0,0.0,0.0,0.0,0.0,0.0,0.0,0.0,0.0,0.0,1.0,0.0,0.0,True,Qwen/Qwen2.5-Coder-7B-Instruct,None
486@y_name@DESC,Bar,Medium,0.8279,3.3118,4,0.0,0.0,0.0,0.0,0.0,0.0,0.0,0.0,0.0,0.0,1.0,0.0,0.0,True,Qwen/Qwen2.5-Coder-7B-Instruct,None
490@y_name@ASC,Bar,Hard,0.582,2.3279,4,0.0,0.0,0.0,0.0,0.0,0.0,0.0,0.0,0.0,0.0,1.0,0.0,0.0,False,Qwen/Qwen2.5-Coder-7B-Instruct,None
490@y_name@ASC,Bar,Hard,0.582,2.3279,4,0.0,0.0,0.0,0.0,0.0,0.0,0.0,0.0,0.0,0.0,1.0,0.0,0.0,False,Qwen/Qwen2.5-Coder-7B-Instruct,None
490@y_name@ASC,Bar,Hard,0.582,2.3279,4,0.0,0.0,0.0,0.0,0.0,0.0,0.0,0.0,0.0,0.0,1.0,0.0,0.0,False,Qwen/Qwen2.5-Coder-7B-Instruct,None
2904@y_name@DESC,Bar,Medium,0.4754,1.9015,4,0.0,0.0,0.0,0.0,0.0,0.0,0.0,0.0,0.0,0.0,1.0,0.0,0.0,False,Qwen/Qwen2.5-Coder-7B-Instruct,None
2904@y_name@DESC,Bar,Medium,0.4754,1.9015,4,0.0,0.0,0.0,0.0,0.0,0.0,0.0,0.0,0.0,0.0,1.0,0.0,0.0,False,Qwen/Qwen2.5-Coder-7B-Instruct,None
2904@y_name@DESC,Bar,Medium,0.4754,1.9015,4,0.0,0.0,0.0,0.0,0.0,0.0,0.0,0.0,0.0,0.0,1.0,0.0,0.0,False,Qwen/Qwen2.5-Coder-7B-Instruct,None
2909@x_name@ASC,Bar,Medium,0.627,1.8809,3,0.0,0.0,0.0,0.0,0.0,0.3333333333333333,0.0,0.0,0.0,0.3333333333333333,0.6666666666666666,0.0,0.0,False,Qwen/Qwen2.5-Coder-7B-Instruct,None
2909@x_name@ASC,Bar,Medium,0.627,1.8809,3,0.0,0.0,0.0,0.0,0.0,0.3333333333333333,0.0,0.0,0.0,0.3333333333333333,0.6666666666666666,0.0,0.0,False,Qwen/Qwen2.5-Coder-7B-Instruct,None
2909@x_name@ASC,Bar,Medium,0.627,1.8809,3,0.0,0.0,0.0,0.0,0.0,0.3333333333333333,0.0,0.0,0.0,0.3333333333333333,0.6666666666666666,0.0,0.0,False,Qwen/Qwen2.5-Coder-7B-Instruct,None
2915@y_name@ASC,Bar,Easy,3.2046,6.4092,2,0.0,0.0,0.0,0.0,0.0,0.0,0.0,0.0,0.0,0.0,1.0,0.0,0.0,False,Qwen/Qwen2.5-Coder-7B-Instruct,None
2915@y_name@ASC,Bar,Easy,3.2046,6.4092,2,0.0,0.0,0.0,0.0,0.0,0.0,0.0,0.0,0.0,0.0,1.0,0.0,0.0,False,Qwen/Qwen2.5-Coder-7B-Instruct,None
2915@y_name@ASC,Bar,Easy,3.2046,6.4092,2,0.0,0.0,0.0,0.0,0.0,0.0,0.0,0.0,0.0,0.0,1.0,0.0,0.0,False,Qwen/Qwen2.5-Coder-7B-Instruct,None
2931@y_name@DESC,Bar,Extra Hard,3.8115,7.623,2,0.0,0.0,0.0,0.5,0.5,0.0,0.0,0.0,0.0,0.5,0.5,0.0,0.0,True,Qwen/Qwen2.5-Coder-7B-Instruct,None
2931@y_name@DESC,Bar,Extra Hard,3.8115,7.623,2,0.0,0.0,0.0,0.5,0.5,0.0,0.0,0.0,0.0,0.5,0.5,0.0,0.0,True,Qwen/Qwen2.5-Coder-7B-Instruct,None
2931@y_name@DESC,Bar,Extra Hard,3.8115,7.623,2,0.0,0.0,0.0,0.5,0.5,0.0,0.0,0.0,0.0,0.5,0.5,0.0,0.0,True,Qwen/Qwen2.5-Coder-7B-Instruct,None
920@y_name@ASC,Bar,Extra Hard,15.6525,31.305,2,0.0,0.0,0.0,0.0,0.0,1.0,0.0,0.0,0.0,1.0,0.0,,0.0,True,Qwen/Qwen2.5-Coder-7B-Instruct,None
920@y_name@ASC,Bar,Extra Hard,15.6525,31.305,2,0.0,0.0,0.0,0.0,0.0,1.0,0.0,0.0,0.0,1.0,0.0,,0.0,True,Qwen/Qwen2.5-Coder-7B-Instruct,None
920@y_name@ASC,Bar,Extra Hard,15.6525,31.305,2,0.0,0.0,0.0,0.0,0.0,1.0,0.0,0.0,0.0,1.0,0.0,,0.0,True,Qwen/Qwen2.5-Coder-7B-Instruct,None
921@y_name@DESC,Stacked Bar,Hard,1.2343,1.2343,1,0.0,0.0,0.0,0.0,1.0,0.0,0.0,0.0,0.0,1.0,0.0,,0.0,True,Qwen/Qwen2.5-Coder-7B-Instruct,None
921@y_name@DESC,Stacked Bar,Hard,1.2343,1.2343,1,0.0,0.0,0.0,0.0,1.0,0.0,0.0,0.0,0.0,1.0,0.0,,0.0,True,Qwen/Qwen2.5-Coder-7B-Instruct,None
921@y_name@DESC,Stacked Bar,Hard,1.2343,1.2343,1,0.0,0.0,0.0,0.0,1.0,0.0,0.0,0.0,0.0,1.0,0.0,,0.0,True,Qwen/Qwen2.5-Coder-7B-Instruct,None
2985@y_name@DESC,Stacked Bar,Extra Hard,20.8675,20.8675,1,1.0,0.0,0.0,0.0,0.0,0.0,0.0,0.0,1.0,0.0,0.0,,0.0,True,Qwen/Qwen2.5-Coder-7B-Instruct,None
2985@y_name@DESC,Stacked Bar,Extra Hard,20.8675,20.8675,1,1.0,0.0,0.0,0.0,0.0,0.0,0.0,0.0,1.0,0.0,0.0,,0.0,True,Qwen/Qwen2.5-Coder-7B-Instruct,None
2985@y_name@DESC,Stacked Bar,Extra Hard,20.8675,20.8675,1,1.0,0.0,0.0,0.0,0.0,0.0,0.0,0.0,1.0,0.0,0.0,,0.0,True,Qwen/Qwen2.5-Coder-7B-Instruct,None
2993@y_name@ASC,Bar,Medium,0.5386,1.0773,2,0.0,0.0,0.0,0.0,0.0,0.0,0.0,0.0,0.0,0.0,1.0,0.0,0.0,False,Qwen/Qwen2.5-Coder-7B-Instruct,None
2993@y_name@ASC,Bar,Medium,0.5386,1.0773,2,0.0,0.0,0.0,0.0,0.0,0.0,0.0,0.0,0.0,0.0,1.0,0.0,0.0,False,Qwen/Qwen2.5-Coder-7B-Instruct,None
2993@y_name@ASC,Bar,Medium,0.5386,1.0773,2,0.0,0.0,0.0,0.0,0.0,0.0,0.0,0.0,0.0,0.0,1.0,0.0,0.0,False,Qwen/Qwen2.5-Coder-7B-Instruct,None
3001@x_name@ASC,Bar,Extra Hard,1.0033,2.0067,2,0.0,0.0,0.0,0.0,0.0,0.5,0.0,0.0,0.0,0.5,0.5,0.0,0.0,True,Qwen/Qwen2.5-Coder-7B-Instruct,None
3001@x_name@ASC,Bar,Extra Hard,1.0033,2.0067,2,0.0,0.0,0.0,0.0,0.0,0.5,0.0,0.0,0.0,0.5,0.5,0.0,0.0,True,Qwen/Qwen2.5-Coder-7B-Instruct,None
3001@x_name@ASC,Bar,Extra Hard,1.0033,2.0067,2,0.0,0.0,0.0,0.0,0.0,0.5,0.0,0.0,0.0,0.5,0.5,0.0,0.0,True,Qwen/Qwen2.5-Coder-7B-Instruct,None
3002@y_name@ASC,Bar,Medium,0.504,1.0079,2,0.0,0.0,0.0,0.0,0.0,0.0,0.0,0.0,0.0,0.0,1.0,0.0,0.0,False,Qwen/Qwen2.5-Coder-7B-Instruct,None
3002@y_name@ASC,Bar,Medium,0.504,1.0079,2,0.0,0.0,0.0,0.0,0.0,0.0,0.0,0.0,0.0,0.0,1.0,0.0,0.0,False,Qwen/Qwen2.5-Coder-7B-Instruct,None
3002@y_name@ASC,Bar,Medium,0.504,1.0079,2,0.0,0.0,0.0,0.0,0.0,0.0,0.0,0.0,0.0,0.0,1.0,0.0,0.0,False,Qwen/Qwen2.5-Coder-7B-Instruct,None
3005@x_name@ASC,Bar,Medium,0.568,1.1361,2,0.0,0.0,0.0,0.0,0.0,0.0,0.0,0.0,0.0,0.0,1.0,0.0,0.0,False,Qwen/Qwen2.5-Coder-7B-Instruct,None
3005@x_name@ASC,Bar,Medium,0.568,1.1361,2,0.0,0.0,0.0,0.0,0.0,0.0,0.0,0.0,0.0,0.0,1.0,0.0,0.0,False,Qwen/Qwen2.5-Coder-7B-Instruct,None
3005@x_name@ASC,Bar,Medium,0.568,1.1361,2,0.0,0.0,0.0,0.0,0.0,0.0,0.0,0.0,0.0,0.0,1.0,0.0,0.0,False,Qwen/Qwen2.5-Coder-7B-Instruct,None
3007@y_name@ASC,Bar,Medium,5.2018,5.2018,1,0.0,0.0,0.0,0.0,0.0,0.0,0.0,0.0,0.0,0.0,1.0,0.0,0.0,False,Qwen/Qwen2.5-Coder-7B-Instruct,None
3007@y_name@ASC,Bar,Medium,5.2018,5.2018,1,0.0,0.0,0.0,0.0,0.0,0.0,0.0,0.0,0.0,0.0,1.0,0.0,0.0,False,Qwen/Qwen2.5-Coder-7B-Instruct,None
3007@y_name@ASC,Bar,Medium,5.2018,5.2018,1,0.0,0.0,0.0,0.0,0.0,0.0,0.0,0.0,0.0,0.0,1.0,0.0,0.0,False,Qwen/Qwen2.5-Coder-7B-Instruct,None
3014@y_name@ASC,Bar,Extra Hard,1.2081,1.2081,1,0.0,0.0,0.0,0.0,0.0,0.0,0.0,0.0,0.0,0.0,1.0,0.0,0.0,True,Qwen/Qwen2.5-Coder-7B-Instruct,None
3014@y_name@ASC,Bar,Extra Hard,1.2081,1.2081,1,0.0,0.0,0.0,0.0,0.0,0.0,0.0,0.0,0.0,0.0,1.0,0.0,0.0,True,Qwen/Qwen2.5-Coder-7B-Instruct,None
3014@y_name@ASC,Bar,Extra Hard,1.2081,1.2081,1,0.0,0.0,0.0,0.0,0.0,0.0,0.0,0.0,0.0,0.0,1.0,0.0,0.0,True,Qwen/Qwen2.5-Coder-7B-Instruct,None
3015@x_name@DESC,Bar,Extra Hard,1.1851,1.1851,1,0.0,0.0,0.0,0.0,0.0,1.0,0.0,0.0,0.0,1.0,0.0,,0.0,True,Qwen/Qwen2.5-Coder-7B-Instruct,None
3015@x_name@DESC,Bar,Extra Hard,1.1851,1.1851,1,0.0,0.0,0.0,0.0,0.0,1.0,0.0,0.0,0.0,1.0,0.0,,0.0,True,Qwen/Qwen2.5-Coder-7B-Instruct,None
3015@x_name@DESC,Bar,Extra Hard,1.1851,1.1851,1,0.0,0.0,0.0,0.0,0.0,1.0,0.0,0.0,0.0,1.0,0.0,,0.0,True,Qwen/Qwen2.5-Coder-7B-Instruct,None
3022@x_name@DESC,Bar,Extra Hard,1.2157,1.2157,1,0.0,0.0,0.0,0.0,0.0,1.0,0.0,0.0,0.0,1.0,0.0,,0.0,True,Qwen/Qwen2.5-Coder-7B-Instruct,None
3022@x_name@DESC,Bar,Extra Hard,1.2157,1.2157,1,0.0,0.0,0.0,0.0,0.0,1.0,0.0,0.0,0.0,1.0,0.0,,0.0,True,Qwen/Qwen2.5-Coder-7B-Instruct,None
3022@x_name@DESC,Bar,Extra Hard,1.2157,1.2157,1,0.0,0.0,0.0,0.0,0.0,1.0,0.0,0.0,0.0,1.0,0.0,,0.0,True,Qwen/Qwen2.5-Coder-7B-Instruct,None
1462@x_name@ASC,Bar,Medium,0.5125,0.5125,1,0.0,0.0,0.0,0.0,0.0,1.0,0.0,0.0,0.0,1.0,0.0,,0.0,False,Qwen/Qwen2.5-Coder-7B-Instruct,None
1462@x_name@ASC,Bar,Medium,0.5125,0.5125,1,0.0,0.0,0.0,0.0,0.0,1.0,0.0,0.0,0.0,1.0,0.0,,0.0,False,Qwen/Qwen2.5-Coder-7B-Instruct,None
1462@x_name@ASC,Bar,Medium,0.5125,0.5125,1,0.0,0.0,0.0,0.0,0.0,1.0,0.0,0.0,0.0,1.0,0.0,,0.0,False,Qwen/Qwen2.5-Coder-7B-Instruct,None
1470@y_name@ASC,Bar,Extra Hard,0.88,2.6401,3,0.0,0.0,0.0,0.0,0.0,0.0,0.0,0.0,0.0,0.0,1.0,0.0,0.0,True,Qwen/Qwen2.5-Coder-7B-Instruct,None
1470@y_name@ASC,Bar,Extra Hard,0.88,2.6401,3,0.0,0.0,0.0,0.0,0.0,0.0,0.0,0.0,0.0,0.0,1.0,0.0,0.0,True,Qwen/Qwen2.5-Coder-7B-Instruct,None
1470@y_name@ASC,Bar,Extra Hard,0.88,2.6401,3,0.0,0.0,0.0,0.0,0.0,0.0,0.0,0.0,0.0,0.0,1.0,0.0,0.0,True,Qwen/Qwen2.5-Coder-7B-Instruct,None
857@x_name@DESC,Bar,Extra Hard,1.2827,3.848,3,0.0,0.0,0.0,0.0,0.0,0.6666666666666666,0.0,0.0,0.0,0.6666666666666666,0.3333333333333333,0.0,0.0,True,Qwen/Qwen2.5-Coder-7B-Instruct,None
857@x_name@DESC,Bar,Extra Hard,1.2827,3.848,3,0.0,0.0,0.0,0.0,0.0,0.6666666666666666,0.0,0.0,0.0,0.6666666666666666,0.3333333333333333,0.0,0.0,True,Qwen/Qwen2.5-Coder-7B-Instruct,None
857@x_name@DESC,Bar,Extra Hard,1.2827,3.848,3,0.0,0.0,0.0,0.0,0.0,0.6666666666666666,0.0,0.0,0.0,0.6666666666666666,0.3333333333333333,0.0,0.0,True,Qwen/Qwen2.5-Coder-7B-Instruct,None
859@x_name@ASC,Bar,Medium,0.5518,0.5518,1,0.0,0.0,0.0,0.0,0.0,1.0,0.0,0.0,0.0,1.0,0.0,,0.0,False,Qwen/Qwen2.5-Coder-7B-Instruct,None
859@x_name@ASC,Bar,Medium,0.5518,0.5518,1,0.0,0.0,0.0,0.0,0.0,1.0,0.0,0.0,0.0,1.0,0.0,,0.0,False,Qwen/Qwen2.5-Coder-7B-Instruct,None
859@x_name@ASC,Bar,Medium,0.5518,0.5518,1,0.0,0.0,0.0,0.0,0.0,1.0,0.0,0.0,0.0,1.0,0.0,,0.0,False,Qwen/Qwen2.5-Coder-7B-Instruct,None
862@y_name@DESC,Bar,Medium,5.5135,5.5135,1,0.0,0.0,0.0,0.0,1.0,0.0,0.0,0.0,0.0,1.0,0.0,,0.0,False,Qwen/Qwen2.5-Coder-7B-Instruct,None
862@y_name@DESC,Bar,Medium,5.5135,5.5135,1,0.0,0.0,0.0,0.0,1.0,0.0,0.0,0.0,0.0,1.0,0.0,,0.0,False,Qwen/Qwen2.5-Coder-7B-Instruct,None
862@y_name@DESC,Bar,Medium,5.5135,5.5135,1,0.0,0.0,0.0,0.0,1.0,0.0,0.0,0.0,0.0,1.0,0.0,,0.0,False,Qwen/Qwen2.5-Coder-7B-Instruct,None
863@y_name@ASC,Bar,Medium,5.1426,5.1426,1,0.0,0.0,0.0,0.0,1.0,0.0,0.0,0.0,0.0,1.0,0.0,,0.0,False,Qwen/Qwen2.5-Coder-7B-Instruct,None
863@y_name@ASC,Bar,Medium,5.1426,5.1426,1,0.0,0.0,0.0,0.0,1.0,0.0,0.0,0.0,0.0,1.0,0.0,,0.0,False,Qwen/Qwen2.5-Coder-7B-Instruct,None
863@y_name@ASC,Bar,Medium,5.1426,5.1426,1,0.0,0.0,0.0,0.0,1.0,0.0,0.0,0.0,0.0,1.0,0.0,,0.0,False,Qwen/Qwen2.5-Coder-7B-Instruct,None
872@x_name@DESC,Bar,Medium,0.5678,2.2712,4,0.0,0.0,0.0,0.0,0.0,1.0,0.0,0.0,0.0,1.0,0.0,,0.0,False,Qwen/Qwen2.5-Coder-7B-Instruct,None
872@x_name@DESC,Bar,Medium,0.5678,2.2712,4,0.0,0.0,0.0,0.0,0.0,1.0,0.0,0.0,0.0,1.0,0.0,,0.0,False,Qwen/Qwen2.5-Coder-7B-Instruct,None
872@x_name@DESC,Bar,Medium,0.5678,2.2712,4,0.0,0.0,0.0,0.0,0.0,1.0,0.0,0.0,0.0,1.0,0.0,,0.0,False,Qwen/Qwen2.5-Coder-7B-Instruct,None
882@x_name@DESC,Bar,Hard,2.4288,7.2863,3,0.0,0.0,0.0,0.0,0.0,1.0,0.0,0.0,0.0,1.0,0.0,,0.0,True,Qwen/Qwen2.5-Coder-7B-Instruct,None
882@x_name@DESC,Bar,Hard,2.4288,7.2863,3,0.0,0.0,0.0,0.0,0.0,1.0,0.0,0.0,0.0,1.0,0.0,,0.0,True,Qwen/Qwen2.5-Coder-7B-Instruct,None
882@x_name@DESC,Bar,Hard,2.4288,7.2863,3,0.0,0.0,0.0,0.0,0.0,1.0,0.0,0.0,0.0,1.0,0.0,,0.0,True,Qwen/Qwen2.5-Coder-7B-Instruct,None
884@x_name@DESC,Bar,Extra Hard,1.3158,2.6316,2,0.0,0.0,0.0,0.0,0.0,1.0,0.0,0.0,0.0,1.0,0.0,,0.0,True,Qwen/Qwen2.5-Coder-7B-Instruct,None
884@x_name@DESC,Bar,Extra Hard,1.3158,2.6316,2,0.0,0.0,0.0,0.0,0.0,1.0,0.0,0.0,0.0,1.0,0.0,,0.0,True,Qwen/Qwen2.5-Coder-7B-Instruct,None
884@x_name@DESC,Bar,Extra Hard,1.3158,2.6316,2,0.0,0.0,0.0,0.0,0.0,1.0,0.0,0.0,0.0,1.0,0.0,,0.0,True,Qwen/Qwen2.5-Coder-7B-Instruct,None
1302@x_name@ASC,Bar,Hard,1.1995,1.1995,1,0.0,0.0,0.0,0.0,1.0,0.0,0.0,0.0,0.0,1.0,0.0,,0.0,True,Qwen/Qwen2.5-Coder-7B-Instruct,None
1302@x_name@ASC,Bar,Hard,1.1995,1.1995,1,0.0,0.0,0.0,0.0,1.0,0.0,0.0,0.0,0.0,1.0,0.0,,0.0,True,Qwen/Qwen2.5-Coder-7B-Instruct,None
1302@x_name@ASC,Bar,Hard,1.1995,1.1995,1,0.0,0.0,0.0,0.0,1.0,0.0,0.0,0.0,0.0,1.0,0.0,,0.0,True,Qwen/Qwen2.5-Coder-7B-Instruct,None
1304@y_name@ASC,Bar,Easy,0.3718,1.4871,4,0.0,0.0,0.0,0.0,0.0,0.0,0.0,0.0,0.0,0.0,1.0,0.0,0.0,False,Qwen/Qwen2.5-Coder-7B-Instruct,None
1304@y_name@ASC,Bar,Easy,0.3718,1.4871,4,0.0,0.0,0.0,0.0,0.0,0.0,0.0,0.0,0.0,0.0,1.0,0.0,0.0,False,Qwen/Qwen2.5-Coder-7B-Instruct,None
1304@y_name@ASC,Bar,Easy,0.3718,1.4871,4,0.0,0.0,0.0,0.0,0.0,0.0,0.0,0.0,0.0,0.0,1.0,0.0,0.0,False,Qwen/Qwen2.5-Coder-7B-Instruct,None
1307@y_name@DESC,Bar,Hard,0.9966,2.9897,3,0.0,0.0,0.0,0.0,0.0,0.0,0.0,0.0,0.0,0.0,1.0,0.0,0.0,True,Qwen/Qwen2.5-Coder-7B-Instruct,None
1307@y_name@DESC,Bar,Hard,0.9966,2.9897,3,0.0,0.0,0.0,0.0,0.0,0.0,0.0,0.0,0.0,0.0,1.0,0.0,0.0,True,Qwen/Qwen2.5-Coder-7B-Instruct,None
1307@y_name@DESC,Bar,Hard,0.9966,2.9897,3,0.0,0.0,0.0,0.0,0.0,0.0,0.0,0.0,0.0,0.0,1.0,0.0,0.0,True,Qwen/Qwen2.5-Coder-7B-Instruct,None
1311@y_name@ASC,Bar,Hard,12.62,12.62,1,0.0,0.0,0.0,0.0,0.0,0.0,0.0,0.0,0.0,0.0,1.0,0.0,0.0,True,Qwen/Qwen2.5-Coder-7B-Instruct,None
1311@y_name@ASC,Bar,Hard,12.62,12.62,1,0.0,0.0,0.0,0.0,0.0,0.0,0.0,0.0,0.0,0.0,1.0,0.0,0.0,True,Qwen/Qwen2.5-Coder-7B-Instruct,None
1311@y_name@ASC,Bar,Hard,12.62,12.62,1,0.0,0.0,0.0,0.0,0.0,0.0,0.0,0.0,0.0,0.0,1.0,0.0,0.0,True,Qwen/Qwen2.5-Coder-7B-Instruct,None
1315@y_name@ASC,Bar,Hard,21.7734,21.7734,1,1.0,0.0,0.0,0.0,0.0,0.0,0.0,0.0,1.0,0.0,0.0,,0.0,True,Qwen/Qwen2.5-Coder-7B-Instruct,None
1315@y_name@ASC,Bar,Hard,21.7734,21.7734,1,1.0,0.0,0.0,0.0,0.0,0.0,0.0,0.0,1.0,0.0,0.0,,0.0,True,Qwen/Qwen2.5-Coder-7B-Instruct,None
1315@y_name@ASC,Bar,Hard,21.7734,21.7734,1,1.0,0.0,0.0,0.0,0.0,0.0,0.0,0.0,1.0,0.0,0.0,,0.0,True,Qwen/Qwen2.5-Coder-7B-Instruct,None
1320@y_name@ASC,Bar,Medium,0.4583,0.9166,2,0.0,0.0,0.0,0.0,0.5,0.0,0.0,0.0,0.0,0.5,0.5,0.0,0.0,False,Qwen/Qwen2.5-Coder-7B-Instruct,None
1320@y_name@ASC,Bar,Medium,0.4583,0.9166,2,0.0,0.0,0.0,0.0,0.5,0.0,0.0,0.0,0.0,0.5,0.5,0.0,0.0,False,Qwen/Qwen2.5-Coder-7B-Instruct,None
1320@y_name@ASC,Bar,Medium,0.4583,0.9166,2,0.0,0.0,0.0,0.0,0.5,0.0,0.0,0.0,0.0,0.5,0.5,0.0,0.0,False,Qwen/Qwen2.5-Coder-7B-Instruct,None
1322@x_name@ASC,Bar,Extra Hard,9.4219,18.8438,2,0.5,0.0,0.0,0.0,0.5,0.0,0.0,0.0,0.5,0.5,0.0,,0.0,True,Qwen/Qwen2.5-Coder-7B-Instruct,None
1322@x_name@ASC,Bar,Extra Hard,9.4219,18.8438,2,0.5,0.0,0.0,0.0,0.5,0.0,0.0,0.0,0.5,0.5,0.0,,0.0,True,Qwen/Qwen2.5-Coder-7B-Instruct,None
1322@x_name@ASC,Bar,Extra Hard,9.4219,18.8438,2,0.5,0.0,0.0,0.0,0.5,0.0,0.0,0.0,0.5,0.5,0.0,,0.0,True,Qwen/Qwen2.5-Coder-7B-Instruct,None
364@y_name@ASC,Bar,Medium,0.5275,1.5826,3,0.0,0.0,0.0,0.0,0.0,0.0,0.0,0.0,0.0,0.0,1.0,0.0,0.0,False,Qwen/Qwen2.5-Coder-7B-Instruct,None
364@y_name@ASC,Bar,Medium,0.5275,1.5826,3,0.0,0.0,0.0,0.0,0.0,0.0,0.0,0.0,0.0,0.0,1.0,0.0,0.0,False,Qwen/Qwen2.5-Coder-7B-Instruct,None
364@y_name@ASC,Bar,Medium,0.5275,1.5826,3,0.0,0.0,0.0,0.0,0.0,0.0,0.0,0.0,0.0,0.0,1.0,0.0,0.0,False,Qwen/Qwen2.5-Coder-7B-Instruct,None
365@x_name@ASC,Bar,Medium,0.5178,1.0356,2,0.0,0.0,0.0,0.0,0.0,0.0,0.0,0.0,0.0,0.0,1.0,0.0,0.0,False,Qwen/Qwen2.5-Coder-7B-Instruct,None
365@x_name@ASC,Bar,Medium,0.5178,1.0356,2,0.0,0.0,0.0,0.0,0.0,0.0,0.0,0.0,0.0,0.0,1.0,0.0,0.0,False,Qwen/Qwen2.5-Coder-7B-Instruct,None
365@x_name@ASC,Bar,Medium,0.5178,1.0356,2,0.0,0.0,0.0,0.0,0.0,0.0,0.0,0.0,0.0,0.0,1.0,0.0,0.0,False,Qwen/Qwen2.5-Coder-7B-Instruct,None
2436@y_name@DESC,Bar,Medium,0.4706,0.9411,2,0.0,0.0,0.0,0.0,0.0,0.0,0.0,0.0,0.0,0.0,1.0,0.0,0.0,False,Qwen/Qwen2.5-Coder-7B-Instruct,None
2436@y_name@DESC,Bar,Medium,0.4706,0.9411,2,0.0,0.0,0.0,0.0,0.0,0.0,0.0,0.0,0.0,0.0,1.0,0.0,0.0,False,Qwen/Qwen2.5-Coder-7B-Instruct,None
2436@y_name@DESC,Bar,Medium,0.4706,0.9411,2,0.0,0.0,0.0,0.0,0.0,0.0,0.0,0.0,0.0,0.0,1.0,0.0,0.0,False,Qwen/Qwen2.5-Coder-7B-Instruct,None
2439@x_name@ASC,Bar,Hard,0.5831,1.1662,2,0.0,0.0,0.0,0.0,0.0,0.5,0.0,0.0,0.0,0.5,0.5,0.0,0.0,False,Qwen/Qwen2.5-Coder-7B-Instruct,None
2439@x_name@ASC,Bar,Hard,0.5831,1.1662,2,0.0,0.0,0.0,0.0,0.0,0.5,0.0,0.0,0.0,0.5,0.5,0.0,0.0,False,Qwen/Qwen2.5-Coder-7B-Instruct,None
2439@x_name@ASC,Bar,Hard,0.5831,1.1662,2,0.0,0.0,0.0,0.0,0.0,0.5,0.0,0.0,0.0,0.5,0.5,0.0,0.0,False,Qwen/Qwen2.5-Coder-7B-Instruct,None
2441@x_name@DESC,Bar,Medium,0.4211,0.4211,1,0.0,0.0,0.0,0.0,1.0,0.0,0.0,0.0,0.0,1.0,0.0,,0.0,False,Qwen/Qwen2.5-Coder-7B-Instruct,None
2441@x_name@DESC,Bar,Medium,0.4211,0.4211,1,0.0,0.0,0.0,0.0,1.0,0.0,0.0,0.0,0.0,1.0,0.0,,0.0,False,Qwen/Qwen2.5-Coder-7B-Instruct,None
2441@x_name@DESC,Bar,Medium,0.4211,0.4211,1,0.0,0.0,0.0,0.0,1.0,0.0,0.0,0.0,0.0,1.0,0.0,,0.0,False,Qwen/Qwen2.5-Coder-7B-Instruct,None
2127@x_name@ASC,Bar,Medium,0.5989,0.5989,1,0.0,0.0,0.0,0.0,0.0,0.0,0.0,0.0,0.0,0.0,1.0,0.0,0.0,False,Qwen/Qwen2.5-Coder-7B-Instruct,None
2127@x_name@ASC,Bar,Medium,0.5989,0.5989,1,0.0,0.0,0.0,0.0,0.0,0.0,0.0,0.0,0.0,0.0,1.0,0.0,0.0,False,Qwen/Qwen2.5-Coder-7B-Instruct,None
2127@x_name@ASC,Bar,Medium,0.5989,0.5989,1,0.0,0.0,0.0,0.0,0.0,0.0,0.0,0.0,0.0,0.0,1.0,0.0,0.0,False,Qwen/Qwen2.5-Coder-7B-Instruct,None
2135@x_name@DESC,Bar,Medium,0.5024,1.0048,2,0.0,0.0,0.0,0.0,0.0,0.5,0.0,0.0,0.0,0.5,0.5,0.0,0.0,False,Qwen/Qwen2.5-Coder-7B-Instruct,None
2135@x_name@DESC,Bar,Medium,0.5024,1.0048,2,0.0,0.0,0.0,0.0,0.0,0.5,0.0,0.0,0.0,0.5,0.5,0.0,0.0,False,Qwen/Qwen2.5-Coder-7B-Instruct,None
2135@x_name@DESC,Bar,Medium,0.5024,1.0048,2,0.0,0.0,0.0,0.0,0.0,0.5,0.0,0.0,0.0,0.5,0.5,0.0,0.0,False,Qwen/Qwen2.5-Coder-7B-Instruct,None
2143@y_name@DESC,Bar,Hard,6.4404,6.4404,1,0.0,0.0,0.0,0.0,0.0,0.0,0.0,0.0,0.0,0.0,1.0,0.0,0.0,True,Qwen/Qwen2.5-Coder-7B-Instruct,None
2143@y_name@DESC,Bar,Hard,6.4404,6.4404,1,0.0,0.0,0.0,0.0,0.0,0.0,0.0,0.0,0.0,0.0,1.0,0.0,0.0,True,Qwen/Qwen2.5-Coder-7B-Instruct,None
2143@y_name@DESC,Bar,Hard,6.4404,6.4404,1,0.0,0.0,0.0,0.0,0.0,0.0,0.0,0.0,0.0,0.0,1.0,0.0,0.0,True,Qwen/Qwen2.5-Coder-7B-Instruct,None
1149@x_name@DESC,Bar,Medium,0.5336,1.0672,2,0.0,0.0,0.0,0.0,0.0,1.0,0.0,0.0,0.0,1.0,0.0,,0.0,False,Qwen/Qwen2.5-Coder-7B-Instruct,None
1149@x_name@DESC,Bar,Medium,0.5336,1.0672,2,0.0,0.0,0.0,0.0,0.0,1.0,0.0,0.0,0.0,1.0,0.0,,0.0,False,Qwen/Qwen2.5-Coder-7B-Instruct,None
1149@x_name@DESC,Bar,Medium,0.5336,1.0672,2,0.0,0.0,0.0,0.0,0.0,1.0,0.0,0.0,0.0,1.0,0.0,,0.0,False,Qwen/Qwen2.5-Coder-7B-Instruct,None
1150@y_name@ASC,Bar,Medium,0.4686,0.9372,2,0.0,0.0,0.0,0.0,0.0,0.0,0.0,0.0,0.0,0.0,1.0,0.0,0.0,False,Qwen/Qwen2.5-Coder-7B-Instruct,None
1150@y_name@ASC,Bar,Medium,0.4686,0.9372,2,0.0,0.0,0.0,0.0,0.0,0.0,0.0,0.0,0.0,0.0,1.0,0.0,0.0,False,Qwen/Qwen2.5-Coder-7B-Instruct,None
1150@y_name@ASC,Bar,Medium,0.4686,0.9372,2,0.0,0.0,0.0,0.0,0.0,0.0,0.0,0.0,0.0,0.0,1.0,0.0,0.0,False,Qwen/Qwen2.5-Coder-7B-Instruct,None
2814@y_name@ASC,Bar,Medium,0.4918,1.4755,3,0.0,0.0,0.0,0.0,0.0,0.0,0.0,0.0,0.0,0.0,1.0,0.0,0.0,False,Qwen/Qwen2.5-Coder-7B-Instruct,None
2814@y_name@ASC,Bar,Medium,0.4918,1.4755,3,0.0,0.0,0.0,0.0,0.0,0.0,0.0,0.0,0.0,0.0,1.0,0.0,0.0,False,Qwen/Qwen2.5-Coder-7B-Instruct,None
2814@y_name@ASC,Bar,Medium,0.4918,1.4755,3,0.0,0.0,0.0,0.0,0.0,0.0,0.0,0.0,0.0,0.0,1.0,0.0,0.0,False,Qwen/Qwen2.5-Coder-7B-Instruct,None
2815@x_name@DESC,Stacked Bar,Hard,0.603,0.603,1,0.0,0.0,0.0,0.0,0.0,1.0,0.0,0.0,0.0,1.0,0.0,,0.0,False,Qwen/Qwen2.5-Coder-7B-Instruct,None
2815@x_name@DESC,Stacked Bar,Hard,0.603,0.603,1,0.0,0.0,0.0,0.0,0.0,1.0,0.0,0.0,0.0,1.0,0.0,,0.0,False,Qwen/Qwen2.5-Coder-7B-Instruct,None
2815@x_name@DESC,Stacked Bar,Hard,0.603,0.603,1,0.0,0.0,0.0,0.0,0.0,1.0,0.0,0.0,0.0,1.0,0.0,,0.0,False,Qwen/Qwen2.5-Coder-7B-Instruct,None
2816@y_name@ASC,Bar,Medium,0.455,0.9099,2,0.0,0.0,0.0,0.0,0.0,0.0,0.0,0.0,0.0,0.0,1.0,0.0,0.0,False,Qwen/Qwen2.5-Coder-7B-Instruct,None
2816@y_name@ASC,Bar,Medium,0.455,0.9099,2,0.0,0.0,0.0,0.0,0.0,0.0,0.0,0.0,0.0,0.0,1.0,0.0,0.0,False,Qwen/Qwen2.5-Coder-7B-Instruct,None
2816@y_name@ASC,Bar,Medium,0.455,0.9099,2,0.0,0.0,0.0,0.0,0.0,0.0,0.0,0.0,0.0,0.0,1.0,0.0,0.0,False,Qwen/Qwen2.5-Coder-7B-Instruct,None
2823@x_name@ASC,Bar,Hard,1.0468,1.0468,1,0.0,0.0,0.0,0.0,1.0,0.0,0.0,0.0,0.0,1.0,0.0,,0.0,True,Qwen/Qwen2.5-Coder-7B-Instruct,None
2823@x_name@ASC,Bar,Hard,1.0468,1.0468,1,0.0,0.0,0.0,0.0,1.0,0.0,0.0,0.0,0.0,1.0,0.0,,0.0,True,Qwen/Qwen2.5-Coder-7B-Instruct,None
2823@x_name@ASC,Bar,Hard,1.0468,1.0468,1,0.0,0.0,0.0,0.0,1.0,0.0,0.0,0.0,0.0,1.0,0.0,,0.0,True,Qwen/Qwen2.5-Coder-7B-Instruct,None
2827@y_name@ASC,Bar,Medium,0.5285,2.1141,4,0.0,0.0,0.0,0.0,0.0,0.25,0.0,0.0,0.0,0.25,0.75,0.0,0.0,False,Qwen/Qwen2.5-Coder-7B-Instruct,None
2827@y_name@ASC,Bar,Medium,0.5285,2.1141,4,0.0,0.0,0.0,0.0,0.0,0.25,0.0,0.0,0.0,0.25,0.75,0.0,0.0,False,Qwen/Qwen2.5-Coder-7B-Instruct,None
2827@y_name@ASC,Bar,Medium,0.5285,2.1141,4,0.0,0.0,0.0,0.0,0.0,0.25,0.0,0.0,0.0,0.25,0.75,0.0,0.0,False,Qwen/Qwen2.5-Coder-7B-Instruct,None
3261@y_name@ASC,Bar,Medium,1.8435,5.5305,3,0.0,0.0,0.0,0.0,0.0,0.0,0.0,0.0,0.0,0.0,1.0,0.0,0.0,False,Qwen/Qwen2.5-Coder-7B-Instruct,None
3261@y_name@ASC,Bar,Medium,1.8435,5.5305,3,0.0,0.0,0.0,0.0,0.0,0.0,0.0,0.0,0.0,0.0,1.0,0.0,0.0,False,Qwen/Qwen2.5-Coder-7B-Instruct,None
3261@y_name@ASC,Bar,Medium,1.8435,5.5305,3,0.0,0.0,0.0,0.0,0.0,0.0,0.0,0.0,0.0,0.0,1.0,0.0,0.0,False,Qwen/Qwen2.5-Coder-7B-Instruct,None
3266@x_name@DESC,Bar,Medium,8.5603,42.8014,5,0.2,0.0,0.0,0.0,0.0,0.8,0.0,0.0,0.2,0.8,0.0,,0.0,True,Qwen/Qwen2.5-Coder-7B-Instruct,None
3266@x_name@DESC,Bar,Medium,8.5603,42.8014,5,0.2,0.0,0.0,0.0,0.0,0.8,0.0,0.0,0.2,0.8,0.0,,0.0,True,Qwen/Qwen2.5-Coder-7B-Instruct,None
3266@x_name@DESC,Bar,Medium,8.5603,42.8014,5,0.2,0.0,0.0,0.0,0.0,0.8,0.0,0.0,0.2,0.8,0.0,,0.0,True,Qwen/Qwen2.5-Coder-7B-Instruct,None
2698@y_name@DESC,Bar,Medium,0.5274,1.0547,2,0.0,0.0,0.0,0.0,0.0,0.5,0.0,0.0,0.0,0.5,0.5,0.0,0.0,False,Qwen/Qwen2.5-Coder-7B-Instruct,None
2698@y_name@DESC,Bar,Medium,0.5274,1.0547,2,0.0,0.0,0.0,0.0,0.0,0.5,0.0,0.0,0.0,0.5,0.5,0.0,0.0,False,Qwen/Qwen2.5-Coder-7B-Instruct,None
2698@y_name@DESC,Bar,Medium,0.5274,1.0547,2,0.0,0.0,0.0,0.0,0.0,0.5,0.0,0.0,0.0,0.5,0.5,0.0,0.0,False,Qwen/Qwen2.5-Coder-7B-Instruct,None
2702@y_name@DESC,Bar,Medium,0.5105,1.5315,3,0.0,0.0,0.0,0.0,0.0,0.0,0.0,0.0,0.0,0.0,1.0,0.0,0.0,False,Qwen/Qwen2.5-Coder-7B-Instruct,None
2702@y_name@DESC,Bar,Medium,0.5105,1.5315,3,0.0,0.0,0.0,0.0,0.0,0.0,0.0,0.0,0.0,0.0,1.0,0.0,0.0,False,Qwen/Qwen2.5-Coder-7B-Instruct,None
2702@y_name@DESC,Bar,Medium,0.5105,1.5315,3,0.0,0.0,0.0,0.0,0.0,0.0,0.0,0.0,0.0,0.0,1.0,0.0,0.0,False,Qwen/Qwen2.5-Coder-7B-Instruct,None
2626@y_name@ASC,Bar,Hard,1.0722,1.0722,1,0.0,0.0,0.0,0.0,0.0,0.0,0.0,0.0,0.0,0.0,1.0,0.0,0.0,True,Qwen/Qwen2.5-Coder-7B-Instruct,None
2626@y_name@ASC,Bar,Hard,1.0722,1.0722,1,0.0,0.0,0.0,0.0,0.0,0.0,0.0,0.0,0.0,0.0,1.0,0.0,0.0,True,Qwen/Qwen2.5-Coder-7B-Instruct,None
2626@y_name@ASC,Bar,Hard,1.0722,1.0722,1,0.0,0.0,0.0,0.0,0.0,0.0,0.0,0.0,0.0,0.0,1.0,0.0,0.0,True,Qwen/Qwen2.5-Coder-7B-Instruct,None
2629@x_name@ASC,Bar,Medium,0.4808,0.9616,2,0.0,0.0,0.0,0.0,0.0,1.0,0.0,0.0,0.0,1.0,0.0,,0.0,False,Qwen/Qwen2.5-Coder-7B-Instruct,None
2629@x_name@ASC,Bar,Medium,0.4808,0.9616,2,0.0,0.0,0.0,0.0,0.0,1.0,0.0,0.0,0.0,1.0,0.0,,0.0,False,Qwen/Qwen2.5-Coder-7B-Instruct,None
2629@x_name@ASC,Bar,Medium,0.4808,0.9616,2,0.0,0.0,0.0,0.0,0.0,1.0,0.0,0.0,0.0,1.0,0.0,,0.0,False,Qwen/Qwen2.5-Coder-7B-Instruct,None
7@y_name@ASC,Bar,Medium,0.4751,3.3258,7,0.0,0.0,0.0,0.0,0.0,0.0,0.0,0.0,0.0,0.0,1.0,0.0,0.0,False,Qwen/Qwen2.5-Coder-7B-Instruct,None
7@y_name@ASC,Bar,Medium,0.4751,3.3258,7,0.0,0.0,0.0,0.0,0.0,0.0,0.0,0.0,0.0,0.0,1.0,0.0,0.0,False,Qwen/Qwen2.5-Coder-7B-Instruct,None
7@y_name@ASC,Bar,Medium,0.4751,3.3258,7,0.0,0.0,0.0,0.0,0.0,0.0,0.0,0.0,0.0,0.0,1.0,0.0,0.0,False,Qwen/Qwen2.5-Coder-7B-Instruct,None
11@y_name@ASC,Stacked Bar,Hard,4.2042,12.6126,3,0.3333333333333333,0.0,0.0,0.3333333333333333,0.3333333333333333,0.3333333333333333,0.0,0.0,0.3333333333333333,0.6666666666666666,0.0,,0.0,False,Qwen/Qwen2.5-Coder-7B-Instruct,None
11@y_name@ASC,Stacked Bar,Hard,4.2042,12.6126,3,0.3333333333333333,0.0,0.0,0.3333333333333333,0.3333333333333333,0.3333333333333333,0.0,0.0,0.3333333333333333,0.6666666666666666,0.0,,0.0,False,Qwen/Qwen2.5-Coder-7B-Instruct,None
11@y_name@ASC,Stacked Bar,Hard,4.2042,12.6126,3,0.3333333333333333,0.0,0.0,0.3333333333333333,0.3333333333333333,0.3333333333333333,0.0,0.0,0.3333333333333333,0.6666666666666666,0.0,,0.0,False,Qwen/Qwen2.5-Coder-7B-Instruct,None
12@x_name@ASC,Bar,Medium,2.0822,6.2467,3,0.0,0.0,0.0,0.0,0.0,0.0,0.0,0.0,0.0,0.0,1.0,0.0,0.0,False,Qwen/Qwen2.5-Coder-7B-Instruct,None
12@x_name@ASC,Bar,Medium,2.0822,6.2467,3,0.0,0.0,0.0,0.0,0.0,0.0,0.0,0.0,0.0,0.0,1.0,0.0,0.0,False,Qwen/Qwen2.5-Coder-7B-Instruct,None
12@x_name@ASC,Bar,Medium,2.0822,6.2467,3,0.0,0.0,0.0,0.0,0.0,0.0,0.0,0.0,0.0,0.0,1.0,0.0,0.0,False,Qwen/Qwen2.5-Coder-7B-Instruct,None
17@y_name@DESC,Bar,Medium,0.4524,1.3573,3,0.0,0.0,0.0,0.0,0.0,0.0,0.0,0.0,0.0,0.0,1.0,0.0,0.0,False,Qwen/Qwen2.5-Coder-7B-Instruct,None
17@y_name@DESC,Bar,Medium,0.4524,1.3573,3,0.0,0.0,0.0,0.0,0.0,0.0,0.0,0.0,0.0,0.0,1.0,0.0,0.0,False,Qwen/Qwen2.5-Coder-7B-Instruct,None
17@y_name@DESC,Bar,Medium,0.4524,1.3573,3,0.0,0.0,0.0,0.0,0.0,0.0,0.0,0.0,0.0,0.0,1.0,0.0,0.0,False,Qwen/Qwen2.5-Coder-7B-Instruct,None
22@y_name@ASC,Bar,Hard,0.5702,2.2808,4,0.0,0.0,0.0,0.0,0.0,0.0,0.0,0.0,0.0,0.0,1.0,0.0,0.0,False,Qwen/Qwen2.5-Coder-7B-Instruct,None
22@y_name@ASC,Bar,Hard,0.5702,2.2808,4,0.0,0.0,0.0,0.0,0.0,0.0,0.0,0.0,0.0,0.0,1.0,0.0,0.0,False,Qwen/Qwen2.5-Coder-7B-Instruct,None
22@y_name@ASC,Bar,Hard,0.5702,2.2808,4,0.0,0.0,0.0,0.0,0.0,0.0,0.0,0.0,0.0,0.0,1.0,0.0,0.0,False,Qwen/Qwen2.5-Coder-7B-Instruct,None
24@x_name@ASC,Bar,Medium,0.4315,0.4315,1,0.0,0.0,0.0,0.0,0.0,0.0,0.0,0.0,0.0,0.0,1.0,0.0,0.0,False,Qwen/Qwen2.5-Coder-7B-Instruct,None
24@x_name@ASC,Bar,Medium,0.4315,0.4315,1,0.0,0.0,0.0,0.0,0.0,0.0,0.0,0.0,0.0,0.0,1.0,0.0,0.0,False,Qwen/Qwen2.5-Coder-7B-Instruct,None
24@x_name@ASC,Bar,Medium,0.4315,0.4315,1,0.0,0.0,0.0,0.0,0.0,0.0,0.0,0.0,0.0,0.0,1.0,0.0,0.0,False,Qwen/Qwen2.5-Coder-7B-Instruct,None
26@y_name@ASC,Bar,Hard,3.5907,7.1815,2,0.0,0.0,0.0,0.0,0.0,0.0,0.0,0.0,0.0,0.0,1.0,0.0,0.0,True,Qwen/Qwen2.5-Coder-7B-Instruct,None
26@y_name@ASC,Bar,Hard,3.5907,7.1815,2,0.0,0.0,0.0,0.0,0.0,0.0,0.0,0.0,0.0,0.0,1.0,0.0,0.0,True,Qwen/Qwen2.5-Coder-7B-Instruct,None
26@y_name@ASC,Bar,Hard,3.5907,7.1815,2,0.0,0.0,0.0,0.0,0.0,0.0,0.0,0.0,0.0,0.0,1.0,0.0,0.0,True,Qwen/Qwen2.5-Coder-7B-Instruct,None
30@y_name@ASC,Bar,Hard,1.1271,5.6354,5,0.0,0.0,0.0,0.0,0.0,0.0,0.0,0.0,0.0,0.0,1.0,0.0,0.0,True,Qwen/Qwen2.5-Coder-7B-Instruct,None
30@y_name@ASC,Bar,Hard,1.1271,5.6354,5,0.0,0.0,0.0,0.0,0.0,0.0,0.0,0.0,0.0,0.0,1.0,0.0,0.0,True,Qwen/Qwen2.5-Coder-7B-Instruct,None
30@y_name@ASC,Bar,Hard,1.1271,5.6354,5,0.0,0.0,0.0,0.0,0.0,0.0,0.0,0.0,0.0,0.0,1.0,0.0,0.0,True,Qwen/Qwen2.5-Coder-7B-Instruct,None
2575@y_name@ASC,Bar,Hard,0.8788,0.8788,1,0.0,0.0,0.0,0.0,0.0,0.0,0.0,0.0,0.0,0.0,1.0,0.0,0.0,True,Qwen/Qwen2.5-Coder-7B-Instruct,None
2575@y_name@ASC,Bar,Hard,0.8788,0.8788,1,0.0,0.0,0.0,0.0,0.0,0.0,0.0,0.0,0.0,0.0,1.0,0.0,0.0,True,Qwen/Qwen2.5-Coder-7B-Instruct,None
2575@y_name@ASC,Bar,Hard,0.8788,0.8788,1,0.0,0.0,0.0,0.0,0.0,0.0,0.0,0.0,0.0,0.0,1.0,0.0,0.0,True,Qwen/Qwen2.5-Coder-7B-Instruct,None
2581@y_name@DESC,Bar,Hard,0.9294,1.8588,2,0.0,0.0,0.0,0.0,0.0,0.0,0.0,0.0,0.0,0.0,1.0,0.0,0.0,True,Qwen/Qwen2.5-Coder-7B-Instruct,None
2581@y_name@DESC,Bar,Hard,0.9294,1.8588,2,0.0,0.0,0.0,0.0,0.0,0.0,0.0,0.0,0.0,0.0,1.0,0.0,0.0,True,Qwen/Qwen2.5-Coder-7B-Instruct,None
2581@y_name@DESC,Bar,Hard,0.9294,1.8588,2,0.0,0.0,0.0,0.0,0.0,0.0,0.0,0.0,0.0,0.0,1.0,0.0,0.0,True,Qwen/Qwen2.5-Coder-7B-Instruct,None
2582@y_name@DESC,Bar,Hard,0.4683,0.4683,1,0.0,0.0,0.0,0.0,1.0,0.0,0.0,0.0,0.0,1.0,0.0,,0.0,True,Qwen/Qwen2.5-Coder-7B-Instruct,None
2582@y_name@DESC,Bar,Hard,0.4683,0.4683,1,0.0,0.0,0.0,0.0,1.0,0.0,0.0,0.0,0.0,1.0,0.0,,0.0,True,Qwen/Qwen2.5-Coder-7B-Instruct,None
2582@y_name@DESC,Bar,Hard,0.4683,0.4683,1,0.0,0.0,0.0,0.0,1.0,0.0,0.0,0.0,0.0,1.0,0.0,,0.0,True,Qwen/Qwen2.5-Coder-7B-Instruct,None
1371@y_name@ASC,Bar,Medium,0.4474,1.3422,3,0.0,0.0,0.0,0.0,0.0,0.0,0.0,0.0,0.0,0.0,1.0,0.0,0.0,False,Qwen/Qwen2.5-Coder-7B-Instruct,None
1371@y_name@ASC,Bar,Medium,0.4474,1.3422,3,0.0,0.0,0.0,0.0,0.0,0.0,0.0,0.0,0.0,0.0,1.0,0.0,0.0,False,Qwen/Qwen2.5-Coder-7B-Instruct,None
1371@y_name@ASC,Bar,Medium,0.4474,1.3422,3,0.0,0.0,0.0,0.0,0.0,0.0,0.0,0.0,0.0,0.0,1.0,0.0,0.0,False,Qwen/Qwen2.5-Coder-7B-Instruct,None
1373@y_name@DESC,Bar,Medium,0.4687,1.4062,3,0.0,0.0,0.0,0.0,0.0,0.0,0.0,0.0,0.0,0.0,1.0,0.0,0.0,False,Qwen/Qwen2.5-Coder-7B-Instruct,None
1373@y_name@DESC,Bar,Medium,0.4687,1.4062,3,0.0,0.0,0.0,0.0,0.0,0.0,0.0,0.0,0.0,0.0,1.0,0.0,0.0,False,Qwen/Qwen2.5-Coder-7B-Instruct,None
1373@y_name@DESC,Bar,Medium,0.4687,1.4062,3,0.0,0.0,0.0,0.0,0.0,0.0,0.0,0.0,0.0,0.0,1.0,0.0,0.0,False,Qwen/Qwen2.5-Coder-7B-Instruct,None
1375@x_name@ASC,Line,Extra Hard,0.9962,1.9924,2,0.0,0.0,0.0,0.0,0.5,0.0,0.0,0.0,0.0,0.5,0.5,0.0,0.0,True,Qwen/Qwen2.5-Coder-7B-Instruct,None
1375@x_name@ASC,Line,Extra Hard,0.9962,1.9924,2,0.0,0.0,0.0,0.0,0.5,0.0,0.0,0.0,0.0,0.5,0.5,0.0,0.0,True,Qwen/Qwen2.5-Coder-7B-Instruct,None
1375@x_name@ASC,Line,Extra Hard,0.9962,1.9924,2,0.0,0.0,0.0,0.0,0.5,0.0,0.0,0.0,0.0,0.5,0.5,0.0,0.0,True,Qwen/Qwen2.5-Coder-7B-Instruct,None
66@y_name@ASC,Bar,Extra Hard,1.025,2.0501,2,0.0,0.0,0.0,0.0,0.0,1.0,0.0,0.0,0.0,1.0,0.0,,0.0,True,Qwen/Qwen2.5-Coder-7B-Instruct,None
66@y_name@ASC,Bar,Extra Hard,1.025,2.0501,2,0.0,0.0,0.0,0.0,0.0,1.0,0.0,0.0,0.0,1.0,0.0,,0.0,True,Qwen/Qwen2.5-Coder-7B-Instruct,None
66@y_name@ASC,Bar,Extra Hard,1.025,2.0501,2,0.0,0.0,0.0,0.0,0.0,1.0,0.0,0.0,0.0,1.0,0.0,,0.0,True,Qwen/Qwen2.5-Coder-7B-Instruct,None
67@y_name@ASC,Bar,Extra Hard,21.3848,42.7697,2,1.0,0.0,0.0,0.0,0.0,0.0,0.0,0.0,1.0,0.0,0.0,,0.0,True,Qwen/Qwen2.5-Coder-7B-Instruct,None
67@y_name@ASC,Bar,Extra Hard,21.3848,42.7697,2,1.0,0.0,0.0,0.0,0.0,0.0,0.0,0.0,1.0,0.0,0.0,,0.0,True,Qwen/Qwen2.5-Coder-7B-Instruct,None
67@y_name@ASC,Bar,Extra Hard,21.3848,42.7697,2,1.0,0.0,0.0,0.0,0.0,0.0,0.0,0.0,1.0,0.0,0.0,,0.0,True,Qwen/Qwen2.5-Coder-7B-Instruct,None
70@y_name@ASC,Bar,Extra Hard,1.0304,2.0609,2,0.0,0.0,0.0,0.0,0.0,1.0,0.0,0.0,0.0,1.0,0.0,,0.0,True,Qwen/Qwen2.5-Coder-7B-Instruct,None
70@y_name@ASC,Bar,Extra Hard,1.0304,2.0609,2,0.0,0.0,0.0,0.0,0.0,1.0,0.0,0.0,0.0,1.0,0.0,,0.0,True,Qwen/Qwen2.5-Coder-7B-Instruct,None
70@y_name@ASC,Bar,Extra Hard,1.0304,2.0609,2,0.0,0.0,0.0,0.0,0.0,1.0,0.0,0.0,0.0,1.0,0.0,,0.0,True,Qwen/Qwen2.5-Coder-7B-Instruct,None
71@y_name@ASC,Bar,Extra Hard,24.2794,48.5588,2,0.5,0.0,0.0,0.0,0.5,0.0,0.0,0.0,0.5,0.5,0.0,,0.0,True,Qwen/Qwen2.5-Coder-7B-Instruct,None
71@y_name@ASC,Bar,Extra Hard,24.2794,48.5588,2,0.5,0.0,0.0,0.0,0.5,0.0,0.0,0.0,0.5,0.5,0.0,,0.0,True,Qwen/Qwen2.5-Coder-7B-Instruct,None
71@y_name@ASC,Bar,Extra Hard,24.2794,48.5588,2,0.5,0.0,0.0,0.0,0.5,0.0,0.0,0.0,0.5,0.5,0.0,,0.0,True,Qwen/Qwen2.5-Coder-7B-Instruct,None
75@y_name@ASC,Bar,Extra Hard,1.095,2.19,2,0.0,0.0,0.0,0.0,0.0,1.0,0.0,0.0,0.0,1.0,0.0,,0.0,True,Qwen/Qwen2.5-Coder-7B-Instruct,None
75@y_name@ASC,Bar,Extra Hard,1.095,2.19,2,0.0,0.0,0.0,0.0,0.0,1.0,0.0,0.0,0.0,1.0,0.0,,0.0,True,Qwen/Qwen2.5-Coder-7B-Instruct,None
75@y_name@ASC,Bar,Extra Hard,1.095,2.19,2,0.0,0.0,0.0,0.0,0.0,1.0,0.0,0.0,0.0,1.0,0.0,,0.0,True,Qwen/Qwen2.5-Coder-7B-Instruct,None
76@y_name@DESC,Bar,Extra Hard,1.091,1.091,1,0.0,0.0,0.0,0.0,0.0,0.0,0.0,0.0,0.0,0.0,1.0,0.0,0.0,True,Qwen/Qwen2.5-Coder-7B-Instruct,None
76@y_name@DESC,Bar,Extra Hard,1.091,1.091,1,0.0,0.0,0.0,0.0,0.0,0.0,0.0,0.0,0.0,0.0,1.0,0.0,0.0,True,Qwen/Qwen2.5-Coder-7B-Instruct,None
76@y_name@DESC,Bar,Extra Hard,1.091,1.091,1,0.0,0.0,0.0,0.0,0.0,0.0,0.0,0.0,0.0,0.0,1.0,0.0,0.0,True,Qwen/Qwen2.5-Coder-7B-Instruct,None
82@x_name@ASC,Bar,Extra Hard,1.3981,2.7961,2,0.0,0.0,0.0,0.0,0.0,0.0,0.0,0.0,0.0,0.0,1.0,0.0,0.0,True,Qwen/Qwen2.5-Coder-7B-Instruct,None
82@x_name@ASC,Bar,Extra Hard,1.3981,2.7961,2,0.0,0.0,0.0,0.0,0.0,0.0,0.0,0.0,0.0,0.0,1.0,0.0,0.0,True,Qwen/Qwen2.5-Coder-7B-Instruct,None
82@x_name@ASC,Bar,Extra Hard,1.3981,2.7961,2,0.0,0.0,0.0,0.0,0.0,0.0,0.0,0.0,0.0,0.0,1.0,0.0,0.0,True,Qwen/Qwen2.5-Coder-7B-Instruct,None
83@y_name@ASC,Bar,Medium,0.6601,1.3202,2,0.0,0.0,0.0,0.0,0.0,1.0,0.0,0.0,0.0,1.0,0.0,,0.0,False,Qwen/Qwen2.5-Coder-7B-Instruct,None
83@y_name@ASC,Bar,Medium,0.6601,1.3202,2,0.0,0.0,0.0,0.0,0.0,1.0,0.0,0.0,0.0,1.0,0.0,,0.0,False,Qwen/Qwen2.5-Coder-7B-Instruct,None
83@y_name@ASC,Bar,Medium,0.6601,1.3202,2,0.0,0.0,0.0,0.0,0.0,1.0,0.0,0.0,0.0,1.0,0.0,,0.0,False,Qwen/Qwen2.5-Coder-7B-Instruct,None
84@y_name@ASC,Bar,Medium,17.3033,34.6066,2,0.0,0.0,0.0,0.0,1.0,0.0,0.0,0.0,0.0,1.0,0.0,,0.0,False,Qwen/Qwen2.5-Coder-7B-Instruct,None
84@y_name@ASC,Bar,Medium,17.3033,34.6066,2,0.0,0.0,0.0,0.0,1.0,0.0,0.0,0.0,0.0,1.0,0.0,,0.0,False,Qwen/Qwen2.5-Coder-7B-Instruct,None
84@y_name@ASC,Bar,Medium,17.3033,34.6066,2,0.0,0.0,0.0,0.0,1.0,0.0,0.0,0.0,0.0,1.0,0.0,,0.0,False,Qwen/Qwen2.5-Coder-7B-Instruct,None
87@x_name@DESC,Line,Medium,0.5931,0.5931,1,0.0,0.0,0.0,0.0,1.0,0.0,0.0,0.0,0.0,1.0,0.0,,0.0,False,Qwen/Qwen2.5-Coder-7B-Instruct,None
87@x_name@DESC,Line,Medium,0.5931,0.5931,1,0.0,0.0,0.0,0.0,1.0,0.0,0.0,0.0,0.0,1.0,0.0,,0.0,False,Qwen/Qwen2.5-Coder-7B-Instruct,None
87@x_name@DESC,Line,Medium,0.5931,0.5931,1,0.0,0.0,0.0,0.0,1.0,0.0,0.0,0.0,0.0,1.0,0.0,,0.0,False,Qwen/Qwen2.5-Coder-7B-Instruct,None
88@y_name@ASC,Bar,Hard,0.7616,2.2849,3,0.0,0.0,0.0,0.0,1.0,0.0,0.0,0.0,0.0,1.0,0.0,,0.0,True,Qwen/Qwen2.5-Coder-7B-Instruct,None
88@y_name@ASC,Bar,Hard,0.7616,2.2849,3,0.0,0.0,0.0,0.0,1.0,0.0,0.0,0.0,0.0,1.0,0.0,,0.0,True,Qwen/Qwen2.5-Coder-7B-Instruct,None
88@y_name@ASC,Bar,Hard,0.7616,2.2849,3,0.0,0.0,0.0,0.0,1.0,0.0,0.0,0.0,0.0,1.0,0.0,,0.0,True,Qwen/Qwen2.5-Coder-7B-Instruct,None
89@y_name@ASC,Bar,Hard,0.7672,1.5343,2,0.0,0.0,0.0,0.0,1.0,0.0,0.0,0.0,0.0,1.0,0.0,,0.0,True,Qwen/Qwen2.5-Coder-7B-Instruct,None
89@y_name@ASC,Bar,Hard,0.7672,1.5343,2,0.0,0.0,0.0,0.0,1.0,0.0,0.0,0.0,0.0,1.0,0.0,,0.0,True,Qwen/Qwen2.5-Coder-7B-Instruct,None
89@y_name@ASC,Bar,Hard,0.7672,1.5343,2,0.0,0.0,0.0,0.0,1.0,0.0,0.0,0.0,0.0,1.0,0.0,,0.0,True,Qwen/Qwen2.5-Coder-7B-Instruct,None
90@y_name@DESC,Bar,Hard,14.8297,29.6594,2,0.0,0.0,0.0,0.0,1.0,0.0,0.0,0.0,0.0,1.0,0.0,,0.0,True,Qwen/Qwen2.5-Coder-7B-Instruct,None
90@y_name@DESC,Bar,Hard,14.8297,29.6594,2,0.0,0.0,0.0,0.0,1.0,0.0,0.0,0.0,0.0,1.0,0.0,,0.0,True,Qwen/Qwen2.5-Coder-7B-Instruct,None
90@y_name@DESC,Bar,Hard,14.8297,29.6594,2,0.0,0.0,0.0,0.0,1.0,0.0,0.0,0.0,0.0,1.0,0.0,,0.0,True,Qwen/Qwen2.5-Coder-7B-Instruct,None
91@y_name@ASC,Bar,Hard,20.0371,40.0742,2,1.0,0.0,0.0,0.0,0.0,0.0,0.0,0.0,1.0,0.0,0.0,,0.0,True,Qwen/Qwen2.5-Coder-7B-Instruct,None
91@y_name@ASC,Bar,Hard,20.0371,40.0742,2,1.0,0.0,0.0,0.0,0.0,0.0,0.0,0.0,1.0,0.0,0.0,,0.0,True,Qwen/Qwen2.5-Coder-7B-Instruct,None
91@y_name@ASC,Bar,Hard,20.0371,40.0742,2,1.0,0.0,0.0,0.0,0.0,0.0,0.0,0.0,1.0,0.0,0.0,,0.0,True,Qwen/Qwen2.5-Coder-7B-Instruct,None
92@y_name@ASC,Bar,Hard,1.1612,2.3224,2,0.0,0.0,0.0,0.0,0.0,0.0,0.0,0.0,0.0,0.0,1.0,0.0,0.0,True,Qwen/Qwen2.5-Coder-7B-Instruct,None
92@y_name@ASC,Bar,Hard,1.1612,2.3224,2,0.0,0.0,0.0,0.0,0.0,0.0,0.0,0.0,0.0,0.0,1.0,0.0,0.0,True,Qwen/Qwen2.5-Coder-7B-Instruct,None
92@y_name@ASC,Bar,Hard,1.1612,2.3224,2,0.0,0.0,0.0,0.0,0.0,0.0,0.0,0.0,0.0,0.0,1.0,0.0,0.0,True,Qwen/Qwen2.5-Coder-7B-Instruct,None
99@y_name@DESC,Bar,Hard,0.6605,1.321,2,0.0,0.0,0.0,0.0,0.0,0.0,0.0,0.0,0.0,0.0,1.0,0.0,0.0,True,Qwen/Qwen2.5-Coder-7B-Instruct,None
99@y_name@DESC,Bar,Hard,0.6605,1.321,2,0.0,0.0,0.0,0.0,0.0,0.0,0.0,0.0,0.0,0.0,1.0,0.0,0.0,True,Qwen/Qwen2.5-Coder-7B-Instruct,None
99@y_name@DESC,Bar,Hard,0.6605,1.321,2,0.0,0.0,0.0,0.0,0.0,0.0,0.0,0.0,0.0,0.0,1.0,0.0,0.0,True,Qwen/Qwen2.5-Coder-7B-Instruct,None
100@y_name@DESC,Bar,Hard,19.9342,39.8683,2,0.5,0.0,0.0,0.0,0.5,0.0,0.0,0.0,0.5,0.5,0.0,,0.0,True,Qwen/Qwen2.5-Coder-7B-Instruct,None
100@y_name@DESC,Bar,Hard,19.9342,39.8683,2,0.5,0.0,0.0,0.0,0.5,0.0,0.0,0.0,0.5,0.5,0.0,,0.0,True,Qwen/Qwen2.5-Coder-7B-Instruct,None
100@y_name@DESC,Bar,Hard,19.9342,39.8683,2,0.5,0.0,0.0,0.0,0.5,0.0,0.0,0.0,0.5,0.5,0.0,,0.0,True,Qwen/Qwen2.5-Coder-7B-Instruct,None
102@y_name@ASC,Bar,Hard,0.8842,1.7684,2,0.0,0.0,0.0,0.0,0.0,0.0,0.0,0.0,0.0,0.0,1.0,0.0,0.0,True,Qwen/Qwen2.5-Coder-7B-Instruct,None
102@y_name@ASC,Bar,Hard,0.8842,1.7684,2,0.0,0.0,0.0,0.0,0.0,0.0,0.0,0.0,0.0,0.0,1.0,0.0,0.0,True,Qwen/Qwen2.5-Coder-7B-Instruct,None
102@y_name@ASC,Bar,Hard,0.8842,1.7684,2,0.0,0.0,0.0,0.0,0.0,0.0,0.0,0.0,0.0,0.0,1.0,0.0,0.0,True,Qwen/Qwen2.5-Coder-7B-Instruct,None
104@y_name@ASC,Bar,Extra Hard,1.325,2.6501,2,0.0,0.0,0.0,0.0,0.0,0.0,0.0,0.0,0.0,0.0,1.0,0.0,0.0,True,Qwen/Qwen2.5-Coder-7B-Instruct,None
104@y_name@ASC,Bar,Extra Hard,1.325,2.6501,2,0.0,0.0,0.0,0.0,0.0,0.0,0.0,0.0,0.0,0.0,1.0,0.0,0.0,True,Qwen/Qwen2.5-Coder-7B-Instruct,None
104@y_name@ASC,Bar,Extra Hard,1.325,2.6501,2,0.0,0.0,0.0,0.0,0.0,0.0,0.0,0.0,0.0,0.0,1.0,0.0,0.0,True,Qwen/Qwen2.5-Coder-7B-Instruct,None
1521@y_name@ASC,Bar,Hard,0.9381,4.6904,5,0.0,0.0,0.0,0.0,0.0,0.0,0.0,0.0,0.0,0.0,1.0,0.0,0.0,True,Qwen/Qwen2.5-Coder-7B-Instruct,None
1521@y_name@ASC,Bar,Hard,0.9381,4.6904,5,0.0,0.0,0.0,0.0,0.0,0.0,0.0,0.0,0.0,0.0,1.0,0.0,0.0,True,Qwen/Qwen2.5-Coder-7B-Instruct,None
1521@y_name@ASC,Bar,Hard,0.9381,4.6904,5,0.0,0.0,0.0,0.0,0.0,0.0,0.0,0.0,0.0,0.0,1.0,0.0,0.0,True,Qwen/Qwen2.5-Coder-7B-Instruct,None
2855@x_name@ASC,Bar,Medium,0.5939,1.7818,3,0.0,0.0,0.0,0.0,0.6666666666666666,0.3333333333333333,0.0,0.0,0.0,1.0,0.0,,0.0,False,Qwen/Qwen2.5-Coder-7B-Instruct,None
2855@x_name@ASC,Bar,Medium,0.5939,1.7818,3,0.0,0.0,0.0,0.0,0.6666666666666666,0.3333333333333333,0.0,0.0,0.0,1.0,0.0,,0.0,False,Qwen/Qwen2.5-Coder-7B-Instruct,None
2855@x_name@ASC,Bar,Medium,0.5939,1.7818,3,0.0,0.0,0.0,0.0,0.6666666666666666,0.3333333333333333,0.0,0.0,0.0,1.0,0.0,,0.0,False,Qwen/Qwen2.5-Coder-7B-Instruct,None
1329@y_name@DESC,Bar,Hard,0.8337,1.6674,2,0.0,0.0,0.0,0.0,0.5,0.0,0.0,0.0,0.0,0.5,0.5,0.0,0.0,True,Qwen/Qwen2.5-Coder-7B-Instruct,None
1329@y_name@DESC,Bar,Hard,0.8337,1.6674,2,0.0,0.0,0.0,0.0,0.5,0.0,0.0,0.0,0.0,0.5,0.5,0.0,0.0,True,Qwen/Qwen2.5-Coder-7B-Instruct,None
1329@y_name@DESC,Bar,Hard,0.8337,1.6674,2,0.0,0.0,0.0,0.0,0.5,0.0,0.0,0.0,0.0,0.5,0.5,0.0,0.0,True,Qwen/Qwen2.5-Coder-7B-Instruct,None
1335@y_name@DESC,Bar,Medium,0.6204,3.7227,6,0.0,0.0,0.0,0.0,1.0,0.0,0.0,0.0,0.0,1.0,0.0,,0.0,False,Qwen/Qwen2.5-Coder-7B-Instruct,None
1335@y_name@DESC,Bar,Medium,0.6204,3.7227,6,0.0,0.0,0.0,0.0,1.0,0.0,0.0,0.0,0.0,1.0,0.0,,0.0,False,Qwen/Qwen2.5-Coder-7B-Instruct,None
1335@y_name@DESC,Bar,Medium,0.6204,3.7227,6,0.0,0.0,0.0,0.0,1.0,0.0,0.0,0.0,0.0,1.0,0.0,,0.0,False,Qwen/Qwen2.5-Coder-7B-Instruct,None
1349@x_name@ASC,Grouping Line,Extra Hard,19.3346,58.0037,3,1.0,0.0,0.0,0.0,0.0,0.0,0.0,0.0,1.0,0.0,0.0,,0.0,False,Qwen/Qwen2.5-Coder-7B-Instruct,None
1349@x_name@ASC,Grouping Line,Extra Hard,19.3346,58.0037,3,1.0,0.0,0.0,0.0,0.0,0.0,0.0,0.0,1.0,0.0,0.0,,0.0,False,Qwen/Qwen2.5-Coder-7B-Instruct,None
1349@x_name@ASC,Grouping Line,Extra Hard,19.3346,58.0037,3,1.0,0.0,0.0,0.0,0.0,0.0,0.0,0.0,1.0,0.0,0.0,,0.0,False,Qwen/Qwen2.5-Coder-7B-Instruct,None
1356@x_name@ASC,Line,Medium,0.5707,2.2828,4,0.0,0.0,0.0,0.0,0.0,0.0,0.0,0.0,0.0,0.0,1.0,0.0,0.0,False,Qwen/Qwen2.5-Coder-7B-Instruct,None
1356@x_name@ASC,Line,Medium,0.5707,2.2828,4,0.0,0.0,0.0,0.0,0.0,0.0,0.0,0.0,0.0,0.0,1.0,0.0,0.0,False,Qwen/Qwen2.5-Coder-7B-Instruct,None
1356@x_name@ASC,Line,Medium,0.5707,2.2828,4,0.0,0.0,0.0,0.0,0.0,0.0,0.0,0.0,0.0,0.0,1.0,0.0,0.0,False,Qwen/Qwen2.5-Coder-7B-Instruct,None
515@y_name@ASC,Bar,Medium,0.839,3.3562,4,0.0,0.0,0.0,0.0,0.75,0.0,0.0,0.0,0.0,0.75,0.25,0.0,0.0,False,Qwen/Qwen2.5-Coder-7B-Instruct,None
515@y_name@ASC,Bar,Medium,0.839,3.3562,4,0.0,0.0,0.0,0.0,0.75,0.0,0.0,0.0,0.0,0.75,0.25,0.0,0.0,False,Qwen/Qwen2.5-Coder-7B-Instruct,None
515@y_name@ASC,Bar,Medium,0.839,3.3562,4,0.0,0.0,0.0,0.0,0.75,0.0,0.0,0.0,0.0,0.75,0.25,0.0,0.0,False,Qwen/Qwen2.5-Coder-7B-Instruct,None
522@y_name@DESC,Stacked Bar,Extra Hard,1.1684,1.1684,1,0.0,0.0,0.0,0.0,0.0,1.0,0.0,0.0,0.0,1.0,0.0,,0.0,True,Qwen/Qwen2.5-Coder-7B-Instruct,None
522@y_name@DESC,Stacked Bar,Extra Hard,1.1684,1.1684,1,0.0,0.0,0.0,0.0,0.0,1.0,0.0,0.0,0.0,1.0,0.0,,0.0,True,Qwen/Qwen2.5-Coder-7B-Instruct,None
522@y_name@DESC,Stacked Bar,Extra Hard,1.1684,1.1684,1,0.0,0.0,0.0,0.0,0.0,1.0,0.0,0.0,0.0,1.0,0.0,,0.0,True,Qwen/Qwen2.5-Coder-7B-Instruct,None
523@x_name@ASC,Bar,Hard,0.9254,0.9254,1,0.0,0.0,0.0,0.0,0.0,0.0,0.0,0.0,0.0,0.0,1.0,0.0,0.0,True,Qwen/Qwen2.5-Coder-7B-Instruct,None
523@x_name@ASC,Bar,Hard,0.9254,0.9254,1,0.0,0.0,0.0,0.0,0.0,0.0,0.0,0.0,0.0,0.0,1.0,0.0,0.0,True,Qwen/Qwen2.5-Coder-7B-Instruct,None
523@x_name@ASC,Bar,Hard,0.9254,0.9254,1,0.0,0.0,0.0,0.0,0.0,0.0,0.0,0.0,0.0,0.0,1.0,0.0,0.0,True,Qwen/Qwen2.5-Coder-7B-Instruct,None
529@x_name@DESC,Bar,Hard,0.7239,0.7239,1,0.0,0.0,0.0,0.0,0.0,1.0,0.0,0.0,0.0,1.0,0.0,,0.0,False,Qwen/Qwen2.5-Coder-7B-Instruct,None
529@x_name@DESC,Bar,Hard,0.7239,0.7239,1,0.0,0.0,0.0,0.0,0.0,1.0,0.0,0.0,0.0,1.0,0.0,,0.0,False,Qwen/Qwen2.5-Coder-7B-Instruct,None
529@x_name@DESC,Bar,Hard,0.7239,0.7239,1,0.0,0.0,0.0,0.0,0.0,1.0,0.0,0.0,0.0,1.0,0.0,,0.0,False,Qwen/Qwen2.5-Coder-7B-Instruct,None
533@y_name@DESC,Bar,Easy,0.6872,2.0616,3,0.0,0.0,0.0,0.0,0.0,0.0,0.0,0.0,0.0,0.0,1.0,0.0,0.0,False,Qwen/Qwen2.5-Coder-7B-Instruct,None
533@y_name@DESC,Bar,Easy,0.6872,2.0616,3,0.0,0.0,0.0,0.0,0.0,0.0,0.0,0.0,0.0,0.0,1.0,0.0,0.0,False,Qwen/Qwen2.5-Coder-7B-Instruct,None
533@y_name@DESC,Bar,Easy,0.6872,2.0616,3,0.0,0.0,0.0,0.0,0.0,0.0,0.0,0.0,0.0,0.0,1.0,0.0,0.0,False,Qwen/Qwen2.5-Coder-7B-Instruct,None
543@x_name@DESC,Bar,Medium,8.3527,16.7053,2,0.5,0.0,0.0,0.0,0.0,0.0,0.0,0.0,0.5,0.0,0.5,0.0,0.0,False,Qwen/Qwen2.5-Coder-7B-Instruct,None
543@x_name@DESC,Bar,Medium,8.3527,16.7053,2,0.5,0.0,0.0,0.0,0.0,0.0,0.0,0.0,0.5,0.0,0.5,0.0,0.0,False,Qwen/Qwen2.5-Coder-7B-Instruct,None
543@x_name@DESC,Bar,Medium,8.3527,16.7053,2,0.5,0.0,0.0,0.0,0.0,0.0,0.0,0.0,0.5,0.0,0.5,0.0,0.0,False,Qwen/Qwen2.5-Coder-7B-Instruct,None
544@x_name@DESC,Bar,Hard,0.6122,0.6122,1,0.0,0.0,0.0,0.0,0.0,1.0,0.0,0.0,0.0,1.0,0.0,,0.0,True,Qwen/Qwen2.5-Coder-7B-Instruct,None
544@x_name@DESC,Bar,Hard,0.6122,0.6122,1,0.0,0.0,0.0,0.0,0.0,1.0,0.0,0.0,0.0,1.0,0.0,,0.0,True,Qwen/Qwen2.5-Coder-7B-Instruct,None
544@x_name@DESC,Bar,Hard,0.6122,0.6122,1,0.0,0.0,0.0,0.0,0.0,1.0,0.0,0.0,0.0,1.0,0.0,,0.0,True,Qwen/Qwen2.5-Coder-7B-Instruct,None
545@x_name@DESC,Bar,Hard,1.2657,1.2657,1,0.0,0.0,0.0,0.0,0.0,0.0,0.0,0.0,0.0,0.0,1.0,0.0,0.0,True,Qwen/Qwen2.5-Coder-7B-Instruct,None
545@x_name@DESC,Bar,Hard,1.2657,1.2657,1,0.0,0.0,0.0,0.0,0.0,0.0,0.0,0.0,0.0,0.0,1.0,0.0,0.0,True,Qwen/Qwen2.5-Coder-7B-Instruct,None
545@x_name@DESC,Bar,Hard,1.2657,1.2657,1,0.0,0.0,0.0,0.0,0.0,0.0,0.0,0.0,0.0,0.0,1.0,0.0,0.0,True,Qwen/Qwen2.5-Coder-7B-Instruct,None
548@x_name@ASC,Line,Extra Hard,6.5731,13.1463,2,0.0,0.0,0.0,0.0,0.5,0.0,0.0,0.0,0.0,0.5,0.5,0.0,0.0,True,Qwen/Qwen2.5-Coder-7B-Instruct,None
548@x_name@ASC,Line,Extra Hard,6.5731,13.1463,2,0.0,0.0,0.0,0.0,0.5,0.0,0.0,0.0,0.0,0.5,0.5,0.0,0.0,True,Qwen/Qwen2.5-Coder-7B-Instruct,None
548@x_name@ASC,Line,Extra Hard,6.5731,13.1463,2,0.0,0.0,0.0,0.0,0.5,0.0,0.0,0.0,0.0,0.5,0.5,0.0,0.0,True,Qwen/Qwen2.5-Coder-7B-Instruct,None
550@y_name@DESC,Bar,Extra Hard,1.2893,2.5785,2,0.0,0.0,0.0,0.0,0.0,0.0,0.0,0.0,0.0,0.0,1.0,0.0,0.0,True,Qwen/Qwen2.5-Coder-7B-Instruct,None
550@y_name@DESC,Bar,Extra Hard,1.2893,2.5785,2,0.0,0.0,0.0,0.0,0.0,0.0,0.0,0.0,0.0,0.0,1.0,0.0,0.0,True,Qwen/Qwen2.5-Coder-7B-Instruct,None
550@y_name@DESC,Bar,Extra Hard,1.2893,2.5785,2,0.0,0.0,0.0,0.0,0.0,0.0,0.0,0.0,0.0,0.0,1.0,0.0,0.0,True,Qwen/Qwen2.5-Coder-7B-Instruct,None
552@y_name@ASC,Bar,Extra Hard,1.298,2.596,2,0.0,0.0,0.0,0.0,0.0,0.0,0.0,0.0,0.0,0.0,1.0,0.0,0.0,True,Qwen/Qwen2.5-Coder-7B-Instruct,None
552@y_name@ASC,Bar,Extra Hard,1.298,2.596,2,0.0,0.0,0.0,0.0,0.0,0.0,0.0,0.0,0.0,0.0,1.0,0.0,0.0,True,Qwen/Qwen2.5-Coder-7B-Instruct,None
552@y_name@ASC,Bar,Extra Hard,1.298,2.596,2,0.0,0.0,0.0,0.0,0.0,0.0,0.0,0.0,0.0,0.0,1.0,0.0,0.0,True,Qwen/Qwen2.5-Coder-7B-Instruct,None
553@y_name@DESC,Bar,Medium,0.5499,2.7495,5,0.0,0.0,0.0,0.0,0.0,0.0,0.0,0.0,0.0,0.0,1.0,0.0,0.0,False,Qwen/Qwen2.5-Coder-7B-Instruct,None
553@y_name@DESC,Bar,Medium,0.5499,2.7495,5,0.0,0.0,0.0,0.0,0.0,0.0,0.0,0.0,0.0,0.0,1.0,0.0,0.0,False,Qwen/Qwen2.5-Coder-7B-Instruct,None
553@y_name@DESC,Bar,Medium,0.5499,2.7495,5,0.0,0.0,0.0,0.0,0.0,0.0,0.0,0.0,0.0,0.0,1.0,0.0,0.0,False,Qwen/Qwen2.5-Coder-7B-Instruct,None
555@y_name@DESC,Bar,Hard,0.7681,3.0725,4,0.0,0.0,0.0,0.0,0.5,0.0,0.0,0.0,0.0,0.5,0.5,0.0,0.0,True,Qwen/Qwen2.5-Coder-7B-Instruct,None
555@y_name@DESC,Bar,Hard,0.7681,3.0725,4,0.0,0.0,0.0,0.0,0.5,0.0,0.0,0.0,0.0,0.5,0.5,0.0,0.0,True,Qwen/Qwen2.5-Coder-7B-Instruct,None
555@y_name@DESC,Bar,Hard,0.7681,3.0725,4,0.0,0.0,0.0,0.0,0.5,0.0,0.0,0.0,0.0,0.5,0.5,0.0,0.0,True,Qwen/Qwen2.5-Coder-7B-Instruct,None
558@x_name@ASC,Stacked Bar,Extra Hard,15.2039,30.4078,2,0.5,0.5,0.0,0.0,0.0,0.0,0.0,0.0,1.0,0.0,0.0,,0.0,True,Qwen/Qwen2.5-Coder-7B-Instruct,None
558@x_name@ASC,Stacked Bar,Extra Hard,15.2039,30.4078,2,0.5,0.5,0.0,0.0,0.0,0.0,0.0,0.0,1.0,0.0,0.0,,0.0,True,Qwen/Qwen2.5-Coder-7B-Instruct,None
558@x_name@ASC,Stacked Bar,Extra Hard,15.2039,30.4078,2,0.5,0.5,0.0,0.0,0.0,0.0,0.0,0.0,1.0,0.0,0.0,,0.0,True,Qwen/Qwen2.5-Coder-7B-Instruct,None
564@x_name@ASC,Bar,Medium,0.5755,1.7264,3,0.0,0.0,0.0,0.0,0.0,0.3333333333333333,0.0,0.0,0.0,0.3333333333333333,0.6666666666666666,0.0,0.0,False,Qwen/Qwen2.5-Coder-7B-Instruct,None
564@x_name@ASC,Bar,Medium,0.5755,1.7264,3,0.0,0.0,0.0,0.0,0.0,0.3333333333333333,0.0,0.0,0.0,0.3333333333333333,0.6666666666666666,0.0,0.0,False,Qwen/Qwen2.5-Coder-7B-Instruct,None
564@x_name@ASC,Bar,Medium,0.5755,1.7264,3,0.0,0.0,0.0,0.0,0.0,0.3333333333333333,0.0,0.0,0.0,0.3333333333333333,0.6666666666666666,0.0,0.0,False,Qwen/Qwen2.5-Coder-7B-Instruct,None
576@y_name@DESC,Bar,Extra Hard,1.1746,2.3493,2,0.0,0.0,0.0,0.0,0.0,0.0,0.0,0.0,0.0,0.0,1.0,0.0,0.0,True,Qwen/Qwen2.5-Coder-7B-Instruct,None
576@y_name@DESC,Bar,Extra Hard,1.1746,2.3493,2,0.0,0.0,0.0,0.0,0.0,0.0,0.0,0.0,0.0,0.0,1.0,0.0,0.0,True,Qwen/Qwen2.5-Coder-7B-Instruct,None
576@y_name@DESC,Bar,Extra Hard,1.1746,2.3493,2,0.0,0.0,0.0,0.0,0.0,0.0,0.0,0.0,0.0,0.0,1.0,0.0,0.0,True,Qwen/Qwen2.5-Coder-7B-Instruct,None
578@y_name@ASC,Bar,Extra Hard,1.1724,2.3448,2,0.0,0.0,0.0,0.0,0.0,0.0,0.0,0.0,0.0,0.0,1.0,0.0,0.0,True,Qwen/Qwen2.5-Coder-7B-Instruct,None
578@y_name@ASC,Bar,Extra Hard,1.1724,2.3448,2,0.0,0.0,0.0,0.0,0.0,0.0,0.0,0.0,0.0,0.0,1.0,0.0,0.0,True,Qwen/Qwen2.5-Coder-7B-Instruct,None
578@y_name@ASC,Bar,Extra Hard,1.1724,2.3448,2,0.0,0.0,0.0,0.0,0.0,0.0,0.0,0.0,0.0,0.0,1.0,0.0,0.0,True,Qwen/Qwen2.5-Coder-7B-Instruct,None
580@x_name@DESC,Bar,Medium,0.5149,0.5149,1,0.0,0.0,0.0,0.0,0.0,1.0,0.0,0.0,0.0,1.0,0.0,,0.0,False,Qwen/Qwen2.5-Coder-7B-Instruct,None
580@x_name@DESC,Bar,Medium,0.5149,0.5149,1,0.0,0.0,0.0,0.0,0.0,1.0,0.0,0.0,0.0,1.0,0.0,,0.0,False,Qwen/Qwen2.5-Coder-7B-Instruct,None
580@x_name@DESC,Bar,Medium,0.5149,0.5149,1,0.0,0.0,0.0,0.0,0.0,1.0,0.0,0.0,0.0,1.0,0.0,,0.0,False,Qwen/Qwen2.5-Coder-7B-Instruct,None
586@x_name@DESC,Bar,Medium,0.6703,2.011,3,0.0,0.0,0.0,0.0,0.0,0.0,0.0,0.0,0.0,0.0,1.0,0.0,0.0,False,Qwen/Qwen2.5-Coder-7B-Instruct,None
586@x_name@DESC,Bar,Medium,0.6703,2.011,3,0.0,0.0,0.0,0.0,0.0,0.0,0.0,0.0,0.0,0.0,1.0,0.0,0.0,False,Qwen/Qwen2.5-Coder-7B-Instruct,None
586@x_name@DESC,Bar,Medium,0.6703,2.011,3,0.0,0.0,0.0,0.0,0.0,0.0,0.0,0.0,0.0,0.0,1.0,0.0,0.0,False,Qwen/Qwen2.5-Coder-7B-Instruct,None
2156@y_name@DESC,Bar,Extra Hard,1.3622,1.3622,1,0.0,0.0,0.0,0.0,0.0,0.0,0.0,0.0,0.0,0.0,1.0,0.0,0.0,True,Qwen/Qwen2.5-Coder-7B-Instruct,None
2156@y_name@DESC,Bar,Extra Hard,1.3622,1.3622,1,0.0,0.0,0.0,0.0,0.0,0.0,0.0,0.0,0.0,0.0,1.0,0.0,0.0,True,Qwen/Qwen2.5-Coder-7B-Instruct,None
2156@y_name@DESC,Bar,Extra Hard,1.3622,1.3622,1,0.0,0.0,0.0,0.0,0.0,0.0,0.0,0.0,0.0,0.0,1.0,0.0,0.0,True,Qwen/Qwen2.5-Coder-7B-Instruct,None
686@y_name@DESC,Bar,Hard,0.9119,1.8238,2,0.0,0.0,0.0,0.0,0.0,0.0,0.0,0.0,0.0,0.0,1.0,0.0,0.0,True,Qwen/Qwen2.5-Coder-7B-Instruct,None
686@y_name@DESC,Bar,Hard,0.9119,1.8238,2,0.0,0.0,0.0,0.0,0.0,0.0,0.0,0.0,0.0,0.0,1.0,0.0,0.0,True,Qwen/Qwen2.5-Coder-7B-Instruct,None
686@y_name@DESC,Bar,Hard,0.9119,1.8238,2,0.0,0.0,0.0,0.0,0.0,0.0,0.0,0.0,0.0,0.0,1.0,0.0,0.0,True,Qwen/Qwen2.5-Coder-7B-Instruct,None
687@y_name@DESC,Bar,Hard,1.0005,1.0005,1,0.0,0.0,0.0,0.0,0.0,0.0,0.0,0.0,0.0,0.0,1.0,0.0,0.0,True,Qwen/Qwen2.5-Coder-7B-Instruct,None
687@y_name@DESC,Bar,Hard,1.0005,1.0005,1,0.0,0.0,0.0,0.0,0.0,0.0,0.0,0.0,0.0,0.0,1.0,0.0,0.0,True,Qwen/Qwen2.5-Coder-7B-Instruct,None
687@y_name@DESC,Bar,Hard,1.0005,1.0005,1,0.0,0.0,0.0,0.0,0.0,0.0,0.0,0.0,0.0,0.0,1.0,0.0,0.0,True,Qwen/Qwen2.5-Coder-7B-Instruct,None
172@y_name@ASC,Bar,Medium,0.4743,0.9486,2,0.0,0.0,0.0,0.0,0.0,0.0,0.0,0.0,0.0,0.0,1.0,0.0,0.0,False,Qwen/Qwen2.5-Coder-7B-Instruct,None
172@y_name@ASC,Bar,Medium,0.4743,0.9486,2,0.0,0.0,0.0,0.0,0.0,0.0,0.0,0.0,0.0,0.0,1.0,0.0,0.0,False,Qwen/Qwen2.5-Coder-7B-Instruct,None
172@y_name@ASC,Bar,Medium,0.4743,0.9486,2,0.0,0.0,0.0,0.0,0.0,0.0,0.0,0.0,0.0,0.0,1.0,0.0,0.0,False,Qwen/Qwen2.5-Coder-7B-Instruct,None
1210@y_name@ASC,Bar,Medium,0.4314,0.8628,2,0.0,0.0,0.0,0.0,0.0,0.0,0.0,0.0,0.0,0.0,1.0,0.0,0.0,False,Qwen/Qwen2.5-Coder-7B-Instruct,None
1210@y_name@ASC,Bar,Medium,0.4314,0.8628,2,0.0,0.0,0.0,0.0,0.0,0.0,0.0,0.0,0.0,0.0,1.0,0.0,0.0,False,Qwen/Qwen2.5-Coder-7B-Instruct,None
1210@y_name@ASC,Bar,Medium,0.4314,0.8628,2,0.0,0.0,0.0,0.0,0.0,0.0,0.0,0.0,0.0,0.0,1.0,0.0,0.0,False,Qwen/Qwen2.5-Coder-7B-Instruct,None
1215@y_name@DESC,Bar,Hard,0.8622,0.8622,1,0.0,0.0,0.0,0.0,0.0,0.0,0.0,0.0,0.0,0.0,1.0,0.0,0.0,False,Qwen/Qwen2.5-Coder-7B-Instruct,None
1215@y_name@DESC,Bar,Hard,0.8622,0.8622,1,0.0,0.0,0.0,0.0,0.0,0.0,0.0,0.0,0.0,0.0,1.0,0.0,0.0,False,Qwen/Qwen2.5-Coder-7B-Instruct,None
1215@y_name@DESC,Bar,Hard,0.8622,0.8622,1,0.0,0.0,0.0,0.0,0.0,0.0,0.0,0.0,0.0,0.0,1.0,0.0,0.0,False,Qwen/Qwen2.5-Coder-7B-Instruct,None
1217@x_name@DESC,Bar,Extra Hard,5.0038,10.0077,2,0.0,0.0,0.0,0.0,0.0,1.0,0.0,0.0,0.0,1.0,0.0,,0.0,True,Qwen/Qwen2.5-Coder-7B-Instruct,None
1217@x_name@DESC,Bar,Extra Hard,5.0038,10.0077,2,0.0,0.0,0.0,0.0,0.0,1.0,0.0,0.0,0.0,1.0,0.0,,0.0,True,Qwen/Qwen2.5-Coder-7B-Instruct,None
1217@x_name@DESC,Bar,Extra Hard,5.0038,10.0077,2,0.0,0.0,0.0,0.0,0.0,1.0,0.0,0.0,0.0,1.0,0.0,,0.0,True,Qwen/Qwen2.5-Coder-7B-Instruct,None
1220@x_name@DESC,Bar,Hard,0.625,0.625,1,0.0,0.0,0.0,0.0,1.0,0.0,0.0,0.0,0.0,1.0,0.0,,0.0,False,Qwen/Qwen2.5-Coder-7B-Instruct,None
1220@x_name@DESC,Bar,Hard,0.625,0.625,1,0.0,0.0,0.0,0.0,1.0,0.0,0.0,0.0,0.0,1.0,0.0,,0.0,False,Qwen/Qwen2.5-Coder-7B-Instruct,None
1220@x_name@DESC,Bar,Hard,0.625,0.625,1,0.0,0.0,0.0,0.0,1.0,0.0,0.0,0.0,0.0,1.0,0.0,,0.0,False,Qwen/Qwen2.5-Coder-7B-Instruct,None
1222@y_name@DESC,Bar,Hard,7.479,22.4371,3,0.3333333333333333,0.0,0.0,0.0,0.6666666666666666,0.0,0.0,0.0,0.3333333333333333,0.6666666666666666,0.0,,0.0,True,Qwen/Qwen2.5-Coder-7B-Instruct,None
1222@y_name@DESC,Bar,Hard,7.479,22.4371,3,0.3333333333333333,0.0,0.0,0.0,0.6666666666666666,0.0,0.0,0.0,0.3333333333333333,0.6666666666666666,0.0,,0.0,True,Qwen/Qwen2.5-Coder-7B-Instruct,None
1222@y_name@DESC,Bar,Hard,7.479,22.4371,3,0.3333333333333333,0.0,0.0,0.0,0.6666666666666666,0.0,0.0,0.0,0.3333333333333333,0.6666666666666666,0.0,,0.0,True,Qwen/Qwen2.5-Coder-7B-Instruct,None
1224@y_name@DESC,Bar,Extra Hard,6.7581,27.0323,4,0.0,0.0,0.0,0.25,0.75,0.0,0.0,0.0,0.0,0.75,0.25,0.0,0.0,True,Qwen/Qwen2.5-Coder-7B-Instruct,None
1224@y_name@DESC,Bar,Extra Hard,6.7581,27.0323,4,0.0,0.0,0.0,0.25,0.75,0.0,0.0,0.0,0.0,0.75,0.25,0.0,0.0,True,Qwen/Qwen2.5-Coder-7B-Instruct,None
1224@y_name@DESC,Bar,Extra Hard,6.7581,27.0323,4,0.0,0.0,0.0,0.25,0.75,0.0,0.0,0.0,0.0,0.75,0.25,0.0,0.0,True,Qwen/Qwen2.5-Coder-7B-Instruct,None
1225@y_name@DESC,Bar,Hard,0.7603,0.7603,1,0.0,0.0,0.0,0.0,0.0,0.0,0.0,0.0,0.0,0.0,1.0,0.0,0.0,False,Qwen/Qwen2.5-Coder-7B-Instruct,None
1225@y_name@DESC,Bar,Hard,0.7603,0.7603,1,0.0,0.0,0.0,0.0,0.0,0.0,0.0,0.0,0.0,0.0,1.0,0.0,0.0,False,Qwen/Qwen2.5-Coder-7B-Instruct,None
1225@y_name@DESC,Bar,Hard,0.7603,0.7603,1,0.0,0.0,0.0,0.0,0.0,0.0,0.0,0.0,0.0,0.0,1.0,0.0,0.0,False,Qwen/Qwen2.5-Coder-7B-Instruct,None
1226@y_name@DESC,Bar,Hard,0.7055,0.7055,1,0.0,0.0,0.0,0.0,0.0,0.0,0.0,0.0,0.0,0.0,1.0,0.0,0.0,False,Qwen/Qwen2.5-Coder-7B-Instruct,None
1226@y_name@DESC,Bar,Hard,0.7055,0.7055,1,0.0,0.0,0.0,0.0,0.0,0.0,0.0,0.0,0.0,0.0,1.0,0.0,0.0,False,Qwen/Qwen2.5-Coder-7B-Instruct,None
1226@y_name@DESC,Bar,Hard,0.7055,0.7055,1,0.0,0.0,0.0,0.0,0.0,0.0,0.0,0.0,0.0,0.0,1.0,0.0,0.0,False,Qwen/Qwen2.5-Coder-7B-Instruct,None
1227@x_name@DESC,Bar,Extra Hard,1.8196,1.8196,1,0.0,0.0,0.0,0.0,0.0,1.0,0.0,0.0,0.0,1.0,0.0,,0.0,True,Qwen/Qwen2.5-Coder-7B-Instruct,None
1227@x_name@DESC,Bar,Extra Hard,1.8196,1.8196,1,0.0,0.0,0.0,0.0,0.0,1.0,0.0,0.0,0.0,1.0,0.0,,0.0,True,Qwen/Qwen2.5-Coder-7B-Instruct,None
1227@x_name@DESC,Bar,Extra Hard,1.8196,1.8196,1,0.0,0.0,0.0,0.0,0.0,1.0,0.0,0.0,0.0,1.0,0.0,,0.0,True,Qwen/Qwen2.5-Coder-7B-Instruct,None
1235@x_name@DESC,Bar,Medium,0.6315,0.6315,1,0.0,0.0,0.0,0.0,0.0,0.0,0.0,0.0,0.0,0.0,1.0,0.0,0.0,False,Qwen/Qwen2.5-Coder-7B-Instruct,None
1235@x_name@DESC,Bar,Medium,0.6315,0.6315,1,0.0,0.0,0.0,0.0,0.0,0.0,0.0,0.0,0.0,0.0,1.0,0.0,0.0,False,Qwen/Qwen2.5-Coder-7B-Instruct,None
1235@x_name@DESC,Bar,Medium,0.6315,0.6315,1,0.0,0.0,0.0,0.0,0.0,0.0,0.0,0.0,0.0,0.0,1.0,0.0,0.0,False,Qwen/Qwen2.5-Coder-7B-Instruct,None
1237@y_name@ASC,Bar,Medium,0.5126,1.5379,3,0.0,0.0,0.0,0.0,0.0,0.0,0.0,0.0,0.0,0.0,1.0,0.0,0.0,False,Qwen/Qwen2.5-Coder-7B-Instruct,None
1237@y_name@ASC,Bar,Medium,0.5126,1.5379,3,0.0,0.0,0.0,0.0,0.0,0.0,0.0,0.0,0.0,0.0,1.0,0.0,0.0,False,Qwen/Qwen2.5-Coder-7B-Instruct,None
1237@y_name@ASC,Bar,Medium,0.5126,1.5379,3,0.0,0.0,0.0,0.0,0.0,0.0,0.0,0.0,0.0,0.0,1.0,0.0,0.0,False,Qwen/Qwen2.5-Coder-7B-Instruct,None
1238@x_name@ASC,Bar,Easy,2.5258,5.0515,2,0.0,0.0,0.0,0.0,0.0,0.0,0.0,0.0,0.0,0.0,1.0,0.0,0.0,False,Qwen/Qwen2.5-Coder-7B-Instruct,None
1238@x_name@ASC,Bar,Easy,2.5258,5.0515,2,0.0,0.0,0.0,0.0,0.0,0.0,0.0,0.0,0.0,0.0,1.0,0.0,0.0,False,Qwen/Qwen2.5-Coder-7B-Instruct,None
1238@x_name@ASC,Bar,Easy,2.5258,5.0515,2,0.0,0.0,0.0,0.0,0.0,0.0,0.0,0.0,0.0,0.0,1.0,0.0,0.0,False,Qwen/Qwen2.5-Coder-7B-Instruct,None
2610@y_name@ASC,Bar,Medium,1.0029,1.0029,1,0.0,0.0,0.0,0.0,0.0,0.0,0.0,0.0,0.0,0.0,1.0,0.0,0.0,False,Qwen/Qwen2.5-Coder-7B-Instruct,None
2610@y_name@ASC,Bar,Medium,1.0029,1.0029,1,0.0,0.0,0.0,0.0,0.0,0.0,0.0,0.0,0.0,0.0,1.0,0.0,0.0,False,Qwen/Qwen2.5-Coder-7B-Instruct,None
2610@y_name@ASC,Bar,Medium,1.0029,1.0029,1,0.0,0.0,0.0,0.0,0.0,0.0,0.0,0.0,0.0,0.0,1.0,0.0,0.0,False,Qwen/Qwen2.5-Coder-7B-Instruct,None
2614@x_name@DESC,Bar,Hard,0.8982,0.8982,1,0.0,0.0,0.0,0.0,0.0,1.0,0.0,0.0,0.0,1.0,0.0,,0.0,True,Qwen/Qwen2.5-Coder-7B-Instruct,None
2614@x_name@DESC,Bar,Hard,0.8982,0.8982,1,0.0,0.0,0.0,0.0,0.0,1.0,0.0,0.0,0.0,1.0,0.0,,0.0,True,Qwen/Qwen2.5-Coder-7B-Instruct,None
2614@x_name@DESC,Bar,Hard,0.8982,0.8982,1,0.0,0.0,0.0,0.0,0.0,1.0,0.0,0.0,0.0,1.0,0.0,,0.0,True,Qwen/Qwen2.5-Coder-7B-Instruct,None
2771@x_name@ASC,Bar,Hard,0.8326,0.8326,1,0.0,0.0,0.0,0.0,0.0,0.0,0.0,0.0,0.0,0.0,1.0,0.0,0.0,True,Qwen/Qwen2.5-Coder-7B-Instruct,None
2771@x_name@ASC,Bar,Hard,0.8326,0.8326,1,0.0,0.0,0.0,0.0,0.0,0.0,0.0,0.0,0.0,0.0,1.0,0.0,0.0,True,Qwen/Qwen2.5-Coder-7B-Instruct,None
2771@x_name@ASC,Bar,Hard,0.8326,0.8326,1,0.0,0.0,0.0,0.0,0.0,0.0,0.0,0.0,0.0,0.0,1.0,0.0,0.0,True,Qwen/Qwen2.5-Coder-7B-Instruct,None
2772@y_name@ASC,Bar,Hard,1.0005,1.0005,1,0.0,0.0,0.0,0.0,0.0,0.0,0.0,0.0,0.0,0.0,1.0,0.0,0.0,True,Qwen/Qwen2.5-Coder-7B-Instruct,None
2772@y_name@ASC,Bar,Hard,1.0005,1.0005,1,0.0,0.0,0.0,0.0,0.0,0.0,0.0,0.0,0.0,0.0,1.0,0.0,0.0,True,Qwen/Qwen2.5-Coder-7B-Instruct,None
2772@y_name@ASC,Bar,Hard,1.0005,1.0005,1,0.0,0.0,0.0,0.0,0.0,0.0,0.0,0.0,0.0,0.0,1.0,0.0,0.0,True,Qwen/Qwen2.5-Coder-7B-Instruct,None
2774@x_name@ASC,Bar,Medium,0.4423,0.8847,2,0.0,0.0,0.0,0.0,0.0,0.0,0.0,0.0,0.0,0.0,1.0,0.0,0.0,False,Qwen/Qwen2.5-Coder-7B-Instruct,None
2774@x_name@ASC,Bar,Medium,0.4423,0.8847,2,0.0,0.0,0.0,0.0,0.0,0.0,0.0,0.0,0.0,0.0,1.0,0.0,0.0,False,Qwen/Qwen2.5-Coder-7B-Instruct,None
2774@x_name@ASC,Bar,Medium,0.4423,0.8847,2,0.0,0.0,0.0,0.0,0.0,0.0,0.0,0.0,0.0,0.0,1.0,0.0,0.0,False,Qwen/Qwen2.5-Coder-7B-Instruct,None
435@x_name@DESC,Bar,Medium,0.4782,0.9564,2,0.0,0.0,0.0,0.0,0.5,0.0,0.0,0.0,0.0,0.5,0.5,0.0,0.0,False,Qwen/Qwen2.5-Coder-7B-Instruct,None
435@x_name@DESC,Bar,Medium,0.4782,0.9564,2,0.0,0.0,0.0,0.0,0.5,0.0,0.0,0.0,0.0,0.5,0.5,0.0,0.0,False,Qwen/Qwen2.5-Coder-7B-Instruct,None
435@x_name@DESC,Bar,Medium,0.4782,0.9564,2,0.0,0.0,0.0,0.0,0.5,0.0,0.0,0.0,0.0,0.5,0.5,0.0,0.0,False,Qwen/Qwen2.5-Coder-7B-Instruct,None
279@y_name@DESC,Bar,Hard,0.8675,0.8675,1,0.0,0.0,0.0,0.0,0.0,0.0,0.0,0.0,0.0,0.0,1.0,0.0,0.0,False,Qwen/Qwen2.5-Coder-7B-Instruct,None
279@y_name@DESC,Bar,Hard,0.8675,0.8675,1,0.0,0.0,0.0,0.0,0.0,0.0,0.0,0.0,0.0,0.0,1.0,0.0,0.0,False,Qwen/Qwen2.5-Coder-7B-Instruct,None
279@y_name@DESC,Bar,Hard,0.8675,0.8675,1,0.0,0.0,0.0,0.0,0.0,0.0,0.0,0.0,0.0,0.0,1.0,0.0,0.0,False,Qwen/Qwen2.5-Coder-7B-Instruct,None
3267@y_name@ASC,Bar,Hard,8.473,16.9461,2,0.5,0.0,0.0,0.0,0.0,0.0,0.0,0.0,0.5,0.0,0.5,0.0,0.0,False,Qwen/Qwen2.5-Coder-7B-Instruct,None
3267@y_name@ASC,Bar,Hard,8.473,16.9461,2,0.5,0.0,0.0,0.0,0.0,0.0,0.0,0.0,0.5,0.0,0.5,0.0,0.0,False,Qwen/Qwen2.5-Coder-7B-Instruct,None
3267@y_name@ASC,Bar,Hard,8.473,16.9461,2,0.5,0.0,0.0,0.0,0.0,0.0,0.0,0.0,0.5,0.0,0.5,0.0,0.0,False,Qwen/Qwen2.5-Coder-7B-Instruct,None
3269@y_name@ASC,Bar,Medium,0.5381,0.5381,1,0.0,0.0,0.0,0.0,0.0,1.0,0.0,0.0,0.0,1.0,0.0,,0.0,False,Qwen/Qwen2.5-Coder-7B-Instruct,None
3269@y_name@ASC,Bar,Medium,0.5381,0.5381,1,0.0,0.0,0.0,0.0,0.0,1.0,0.0,0.0,0.0,1.0,0.0,,0.0,False,Qwen/Qwen2.5-Coder-7B-Instruct,None
3269@y_name@ASC,Bar,Medium,0.5381,0.5381,1,0.0,0.0,0.0,0.0,0.0,1.0,0.0,0.0,0.0,1.0,0.0,,0.0,False,Qwen/Qwen2.5-Coder-7B-Instruct,None
3071@y_name@ASC,Bar,Medium,0.4816,2.4079,5,0.0,0.0,0.0,0.0,0.8,0.0,0.0,0.0,0.0,0.8,0.2,0.0,0.0,False,Qwen/Qwen2.5-Coder-7B-Instruct,None
3071@y_name@ASC,Bar,Medium,0.4816,2.4079,5,0.0,0.0,0.0,0.0,0.8,0.0,0.0,0.0,0.0,0.8,0.2,0.0,0.0,False,Qwen/Qwen2.5-Coder-7B-Instruct,None
3071@y_name@ASC,Bar,Medium,0.4816,2.4079,5,0.0,0.0,0.0,0.0,0.8,0.0,0.0,0.0,0.0,0.8,0.2,0.0,0.0,False,Qwen/Qwen2.5-Coder-7B-Instruct,None
3123@x_name@DESC,Bar,Medium,0.6232,1.8695,3,0.0,0.0,0.0,0.0,0.0,0.3333333333333333,0.0,0.0,0.0,0.3333333333333333,0.6666666666666666,0.0,0.0,False,Qwen/Qwen2.5-Coder-7B-Instruct,None
3123@x_name@DESC,Bar,Medium,0.6232,1.8695,3,0.0,0.0,0.0,0.0,0.0,0.3333333333333333,0.0,0.0,0.0,0.3333333333333333,0.6666666666666666,0.0,0.0,False,Qwen/Qwen2.5-Coder-7B-Instruct,None
3123@x_name@DESC,Bar,Medium,0.6232,1.8695,3,0.0,0.0,0.0,0.0,0.0,0.3333333333333333,0.0,0.0,0.0,0.3333333333333333,0.6666666666666666,0.0,0.0,False,Qwen/Qwen2.5-Coder-7B-Instruct,None
3124@x_name@ASC,Bar,Medium,0.547,1.641,3,0.0,0.0,0.0,0.0,0.0,0.0,0.0,0.0,0.0,0.0,1.0,0.0,0.0,False,Qwen/Qwen2.5-Coder-7B-Instruct,None
3124@x_name@ASC,Bar,Medium,0.547,1.641,3,0.0,0.0,0.0,0.0,0.0,0.0,0.0,0.0,0.0,0.0,1.0,0.0,0.0,False,Qwen/Qwen2.5-Coder-7B-Instruct,None
3124@x_name@ASC,Bar,Medium,0.547,1.641,3,0.0,0.0,0.0,0.0,0.0,0.0,0.0,0.0,0.0,0.0,1.0,0.0,0.0,False,Qwen/Qwen2.5-Coder-7B-Instruct,None
3134@y_name@ASC,Bar,Easy,0.5199,2.5993,5,0.0,0.0,0.0,0.0,0.0,0.0,0.0,0.0,0.0,0.0,1.0,0.0,0.0,False,Qwen/Qwen2.5-Coder-7B-Instruct,None
3134@y_name@ASC,Bar,Easy,0.5199,2.5993,5,0.0,0.0,0.0,0.0,0.0,0.0,0.0,0.0,0.0,0.0,1.0,0.0,0.0,False,Qwen/Qwen2.5-Coder-7B-Instruct,None
3134@y_name@ASC,Bar,Easy,0.5199,2.5993,5,0.0,0.0,0.0,0.0,0.0,0.0,0.0,0.0,0.0,0.0,1.0,0.0,0.0,False,Qwen/Qwen2.5-Coder-7B-Instruct,None
3135@y_name@ASC,Bar,Easy,0.5041,1.5122,3,0.0,0.0,0.0,0.0,0.0,0.0,0.0,0.0,0.0,0.0,1.0,0.0,0.0,False,Qwen/Qwen2.5-Coder-7B-Instruct,None
3135@y_name@ASC,Bar,Easy,0.5041,1.5122,3,0.0,0.0,0.0,0.0,0.0,0.0,0.0,0.0,0.0,0.0,1.0,0.0,0.0,False,Qwen/Qwen2.5-Coder-7B-Instruct,None
3135@y_name@ASC,Bar,Easy,0.5041,1.5122,3,0.0,0.0,0.0,0.0,0.0,0.0,0.0,0.0,0.0,0.0,1.0,0.0,0.0,False,Qwen/Qwen2.5-Coder-7B-Instruct,None
3137@y_name@DESC,Bar,Easy,0.559,2.7951,5,0.0,0.0,0.0,0.0,0.0,0.0,0.0,0.0,0.0,0.0,1.0,0.0,0.0,False,Qwen/Qwen2.5-Coder-7B-Instruct,None
3137@y_name@DESC,Bar,Easy,0.559,2.7951,5,0.0,0.0,0.0,0.0,0.0,0.0,0.0,0.0,0.0,0.0,1.0,0.0,0.0,False,Qwen/Qwen2.5-Coder-7B-Instruct,None
3137@y_name@DESC,Bar,Easy,0.559,2.7951,5,0.0,0.0,0.0,0.0,0.0,0.0,0.0,0.0,0.0,0.0,1.0,0.0,0.0,False,Qwen/Qwen2.5-Coder-7B-Instruct,None
3138@x_name@ASC,Bar,Easy,0.4586,1.8344,4,0.0,0.0,0.0,0.0,0.0,0.0,0.0,0.0,0.0,0.0,1.0,0.0,0.0,False,Qwen/Qwen2.5-Coder-7B-Instruct,None
3138@x_name@ASC,Bar,Easy,0.4586,1.8344,4,0.0,0.0,0.0,0.0,0.0,0.0,0.0,0.0,0.0,0.0,1.0,0.0,0.0,False,Qwen/Qwen2.5-Coder-7B-Instruct,None
3138@x_name@ASC,Bar,Easy,0.4586,1.8344,4,0.0,0.0,0.0,0.0,0.0,0.0,0.0,0.0,0.0,0.0,1.0,0.0,0.0,False,Qwen/Qwen2.5-Coder-7B-Instruct,None
3140@x_name@ASC,Bar,Easy,0.5009,2.0035,4,0.0,0.0,0.0,0.0,0.0,0.0,0.0,0.0,0.0,0.0,1.0,0.0,0.0,False,Qwen/Qwen2.5-Coder-7B-Instruct,None
3140@x_name@ASC,Bar,Easy,0.5009,2.0035,4,0.0,0.0,0.0,0.0,0.0,0.0,0.0,0.0,0.0,0.0,1.0,0.0,0.0,False,Qwen/Qwen2.5-Coder-7B-Instruct,None
3140@x_name@ASC,Bar,Easy,0.5009,2.0035,4,0.0,0.0,0.0,0.0,0.0,0.0,0.0,0.0,0.0,0.0,1.0,0.0,0.0,False,Qwen/Qwen2.5-Coder-7B-Instruct,None
3141@y_name@ASC,Bar,Easy,0.4691,1.4072,3,0.0,0.0,0.0,0.0,0.3333333333333333,0.0,0.0,0.0,0.0,0.3333333333333333,0.6666666666666666,0.0,0.0,False,Qwen/Qwen2.5-Coder-7B-Instruct,None
3141@y_name@ASC,Bar,Easy,0.4691,1.4072,3,0.0,0.0,0.0,0.0,0.3333333333333333,0.0,0.0,0.0,0.0,0.3333333333333333,0.6666666666666666,0.0,0.0,False,Qwen/Qwen2.5-Coder-7B-Instruct,None
3141@y_name@ASC,Bar,Easy,0.4691,1.4072,3,0.0,0.0,0.0,0.0,0.3333333333333333,0.0,0.0,0.0,0.0,0.3333333333333333,0.6666666666666666,0.0,0.0,False,Qwen/Qwen2.5-Coder-7B-Instruct,None
3144@x_name@DESC,Bar,Easy,0.4959,0.4959,1,0.0,0.0,0.0,0.0,0.0,0.0,0.0,0.0,0.0,0.0,1.0,0.0,0.0,False,Qwen/Qwen2.5-Coder-7B-Instruct,None
3144@x_name@DESC,Bar,Easy,0.4959,0.4959,1,0.0,0.0,0.0,0.0,0.0,0.0,0.0,0.0,0.0,0.0,1.0,0.0,0.0,False,Qwen/Qwen2.5-Coder-7B-Instruct,None
3144@x_name@DESC,Bar,Easy,0.4959,0.4959,1,0.0,0.0,0.0,0.0,0.0,0.0,0.0,0.0,0.0,0.0,1.0,0.0,0.0,False,Qwen/Qwen2.5-Coder-7B-Instruct,None
3146@x_name@DESC,Bar,Easy,0.5437,1.6312,3,0.0,0.0,0.0,0.0,0.6666666666666666,0.0,0.0,0.0,0.0,0.6666666666666666,0.3333333333333333,0.0,0.0,False,Qwen/Qwen2.5-Coder-7B-Instruct,None
3146@x_name@DESC,Bar,Easy,0.5437,1.6312,3,0.0,0.0,0.0,0.0,0.6666666666666666,0.0,0.0,0.0,0.0,0.6666666666666666,0.3333333333333333,0.0,0.0,False,Qwen/Qwen2.5-Coder-7B-Instruct,None
3146@x_name@DESC,Bar,Easy,0.5437,1.6312,3,0.0,0.0,0.0,0.0,0.6666666666666666,0.0,0.0,0.0,0.0,0.6666666666666666,0.3333333333333333,0.0,0.0,False,Qwen/Qwen2.5-Coder-7B-Instruct,None
2349@y_name@ASC,Bar,Medium,0.4656,0.4656,1,0.0,0.0,0.0,0.0,0.0,0.0,0.0,0.0,0.0,0.0,1.0,0.0,0.0,False,Qwen/Qwen2.5-Coder-7B-Instruct,None
2349@y_name@ASC,Bar,Medium,0.4656,0.4656,1,0.0,0.0,0.0,0.0,0.0,0.0,0.0,0.0,0.0,0.0,1.0,0.0,0.0,False,Qwen/Qwen2.5-Coder-7B-Instruct,None
2349@y_name@ASC,Bar,Medium,0.4656,0.4656,1,0.0,0.0,0.0,0.0,0.0,0.0,0.0,0.0,0.0,0.0,1.0,0.0,0.0,False,Qwen/Qwen2.5-Coder-7B-Instruct,None
2596@x_name@ASC,Bar,Extra Hard,1.1109,1.1109,1,0.0,0.0,0.0,0.0,0.0,1.0,0.0,0.0,0.0,1.0,0.0,,0.0,True,Qwen/Qwen2.5-Coder-7B-Instruct,None
2596@x_name@ASC,Bar,Extra Hard,1.1109,1.1109,1,0.0,0.0,0.0,0.0,0.0,1.0,0.0,0.0,0.0,1.0,0.0,,0.0,True,Qwen/Qwen2.5-Coder-7B-Instruct,None
2596@x_name@ASC,Bar,Extra Hard,1.1109,1.1109,1,0.0,0.0,0.0,0.0,0.0,1.0,0.0,0.0,0.0,1.0,0.0,,0.0,True,Qwen/Qwen2.5-Coder-7B-Instruct,None
2600@y_name@ASC,Stacked Bar,Extra Hard,24.821,24.821,1,1.0,0.0,0.0,0.0,0.0,0.0,0.0,0.0,1.0,0.0,0.0,,0.0,True,Qwen/Qwen2.5-Coder-7B-Instruct,None
2600@y_name@ASC,Stacked Bar,Extra Hard,24.821,24.821,1,1.0,0.0,0.0,0.0,0.0,0.0,0.0,0.0,1.0,0.0,0.0,,0.0,True,Qwen/Qwen2.5-Coder-7B-Instruct,None
2600@y_name@ASC,Stacked Bar,Extra Hard,24.821,24.821,1,1.0,0.0,0.0,0.0,0.0,0.0,0.0,0.0,1.0,0.0,0.0,,0.0,True,Qwen/Qwen2.5-Coder-7B-Instruct,None
2602@y_name@DESC,Bar,Medium,13.3351,13.3351,1,1.0,0.0,0.0,0.0,0.0,0.0,0.0,0.0,1.0,0.0,0.0,,0.0,False,Qwen/Qwen2.5-Coder-7B-Instruct,None
2602@y_name@DESC,Bar,Medium,13.3351,13.3351,1,1.0,0.0,0.0,0.0,0.0,0.0,0.0,0.0,1.0,0.0,0.0,,0.0,False,Qwen/Qwen2.5-Coder-7B-Instruct,None
2602@y_name@DESC,Bar,Medium,13.3351,13.3351,1,1.0,0.0,0.0,0.0,0.0,0.0,0.0,0.0,1.0,0.0,0.0,,0.0,False,Qwen/Qwen2.5-Coder-7B-Instruct,None
2607@x_name@DESC,Bar,Medium,0.6382,0.6382,1,0.0,0.0,0.0,0.0,0.0,1.0,0.0,0.0,0.0,1.0,0.0,,0.0,False,Qwen/Qwen2.5-Coder-7B-Instruct,None
2607@x_name@DESC,Bar,Medium,0.6382,0.6382,1,0.0,0.0,0.0,0.0,0.0,1.0,0.0,0.0,0.0,1.0,0.0,,0.0,False,Qwen/Qwen2.5-Coder-7B-Instruct,None
2607@x_name@DESC,Bar,Medium,0.6382,0.6382,1,0.0,0.0,0.0,0.0,0.0,1.0,0.0,0.0,0.0,1.0,0.0,,0.0,False,Qwen/Qwen2.5-Coder-7B-Instruct,None
2902@x_name@DESC,Bar,Medium,1.095,1.095,1,0.0,0.0,0.0,0.0,0.0,1.0,0.0,0.0,0.0,1.0,0.0,,0.0,False,Qwen/Qwen2.5-Coder-7B-Instruct,None
2902@x_name@DESC,Bar,Medium,1.095,1.095,1,0.0,0.0,0.0,0.0,0.0,1.0,0.0,0.0,0.0,1.0,0.0,,0.0,False,Qwen/Qwen2.5-Coder-7B-Instruct,None
2902@x_name@DESC,Bar,Medium,1.095,1.095,1,0.0,0.0,0.0,0.0,0.0,1.0,0.0,0.0,0.0,1.0,0.0,,0.0,False,Qwen/Qwen2.5-Coder-7B-Instruct,None
1399@x_name@ASC,Bar,Medium,0.4589,0.4589,1,0.0,0.0,0.0,0.0,0.0,0.0,0.0,0.0,0.0,0.0,1.0,0.0,0.0,False,Qwen/Qwen2.5-Coder-7B-Instruct,None
1399@x_name@ASC,Bar,Medium,0.4589,0.4589,1,0.0,0.0,0.0,0.0,0.0,0.0,0.0,0.0,0.0,0.0,1.0,0.0,0.0,False,Qwen/Qwen2.5-Coder-7B-Instruct,None
1399@x_name@ASC,Bar,Medium,0.4589,0.4589,1,0.0,0.0,0.0,0.0,0.0,0.0,0.0,0.0,0.0,0.0,1.0,0.0,0.0,False,Qwen/Qwen2.5-Coder-7B-Instruct,None
2933@x_name@DESC,Bar,Hard,0.8973,0.8973,1,0.0,0.0,0.0,0.0,0.0,1.0,0.0,0.0,0.0,1.0,0.0,,0.0,True,Qwen/Qwen2.5-Coder-7B-Instruct,None
2933@x_name@DESC,Bar,Hard,0.8973,0.8973,1,0.0,0.0,0.0,0.0,0.0,1.0,0.0,0.0,0.0,1.0,0.0,,0.0,True,Qwen/Qwen2.5-Coder-7B-Instruct,None
2933@x_name@DESC,Bar,Hard,0.8973,0.8973,1,0.0,0.0,0.0,0.0,0.0,1.0,0.0,0.0,0.0,1.0,0.0,,0.0,True,Qwen/Qwen2.5-Coder-7B-Instruct,None
2935@x_name@ASC,Bar,Hard,6.5045,6.5045,1,0.0,0.0,0.0,0.0,0.0,0.0,0.0,0.0,0.0,0.0,1.0,0.0,0.0,True,Qwen/Qwen2.5-Coder-7B-Instruct,None
2935@x_name@ASC,Bar,Hard,6.5045,6.5045,1,0.0,0.0,0.0,0.0,0.0,0.0,0.0,0.0,0.0,0.0,1.0,0.0,0.0,True,Qwen/Qwen2.5-Coder-7B-Instruct,None
2935@x_name@ASC,Bar,Hard,6.5045,6.5045,1,0.0,0.0,0.0,0.0,0.0,0.0,0.0,0.0,0.0,0.0,1.0,0.0,0.0,True,Qwen/Qwen2.5-Coder-7B-Instruct,None
2943@y_name@ASC,Bar,Medium,0.4889,0.4889,1,0.0,0.0,0.0,0.0,0.0,0.0,0.0,0.0,0.0,0.0,1.0,0.0,0.0,False,Qwen/Qwen2.5-Coder-7B-Instruct,None
2943@y_name@ASC,Bar,Medium,0.4889,0.4889,1,0.0,0.0,0.0,0.0,0.0,0.0,0.0,0.0,0.0,0.0,1.0,0.0,0.0,False,Qwen/Qwen2.5-Coder-7B-Instruct,None
2943@y_name@ASC,Bar,Medium,0.4889,0.4889,1,0.0,0.0,0.0,0.0,0.0,0.0,0.0,0.0,0.0,0.0,1.0,0.0,0.0,False,Qwen/Qwen2.5-Coder-7B-Instruct,None
2944@y_name@ASC,Bar,Easy,0.3675,0.3675,1,0.0,0.0,0.0,0.0,0.0,0.0,0.0,0.0,0.0,0.0,1.0,0.0,0.0,False,Qwen/Qwen2.5-Coder-7B-Instruct,None
2944@y_name@ASC,Bar,Easy,0.3675,0.3675,1,0.0,0.0,0.0,0.0,0.0,0.0,0.0,0.0,0.0,0.0,1.0,0.0,0.0,False,Qwen/Qwen2.5-Coder-7B-Instruct,None
2944@y_name@ASC,Bar,Easy,0.3675,0.3675,1,0.0,0.0,0.0,0.0,0.0,0.0,0.0,0.0,0.0,0.0,1.0,0.0,0.0,False,Qwen/Qwen2.5-Coder-7B-Instruct,None
2950@y_name@ASC,Bar,Hard,0.5775,0.5775,1,0.0,0.0,0.0,0.0,0.0,0.0,0.0,0.0,0.0,0.0,1.0,0.0,0.0,False,Qwen/Qwen2.5-Coder-7B-Instruct,None
2950@y_name@ASC,Bar,Hard,0.5775,0.5775,1,0.0,0.0,0.0,0.0,0.0,0.0,0.0,0.0,0.0,0.0,1.0,0.0,0.0,False,Qwen/Qwen2.5-Coder-7B-Instruct,None
2950@y_name@ASC,Bar,Hard,0.5775,0.5775,1,0.0,0.0,0.0,0.0,0.0,0.0,0.0,0.0,0.0,0.0,1.0,0.0,0.0,False,Qwen/Qwen2.5-Coder-7B-Instruct,None
1989@y_name@DESC,Bar,Extra Hard,1.135,1.135,1,0.0,0.0,0.0,0.0,0.0,0.0,0.0,0.0,0.0,0.0,1.0,0.0,0.0,True,Qwen/Qwen2.5-Coder-7B-Instruct,None
1989@y_name@DESC,Bar,Extra Hard,1.135,1.135,1,0.0,0.0,0.0,0.0,0.0,0.0,0.0,0.0,0.0,0.0,1.0,0.0,0.0,True,Qwen/Qwen2.5-Coder-7B-Instruct,None
1989@y_name@DESC,Bar,Extra Hard,1.135,1.135,1,0.0,0.0,0.0,0.0,0.0,0.0,0.0,0.0,0.0,0.0,1.0,0.0,0.0,True,Qwen/Qwen2.5-Coder-7B-Instruct,None
1967@x_name@DESC,Bar,Medium,0.4724,0.9447,2,0.0,0.0,0.0,0.0,0.0,0.5,0.0,0.0,0.0,0.5,0.5,0.0,0.0,False,Qwen/Qwen2.5-Coder-7B-Instruct,None
1967@x_name@DESC,Bar,Medium,0.4724,0.9447,2,0.0,0.0,0.0,0.0,0.0,0.5,0.0,0.0,0.0,0.5,0.5,0.0,0.0,False,Qwen/Qwen2.5-Coder-7B-Instruct,None
1967@x_name@DESC,Bar,Medium,0.4724,0.9447,2,0.0,0.0,0.0,0.0,0.0,0.5,0.0,0.0,0.0,0.5,0.5,0.0,0.0,False,Qwen/Qwen2.5-Coder-7B-Instruct,None
1970@x_name@ASC,Bar,Easy,0.4682,0.9364,2,0.0,0.0,0.0,0.0,0.5,0.0,0.0,0.0,0.0,0.5,0.5,0.0,0.0,False,Qwen/Qwen2.5-Coder-7B-Instruct,None
1970@x_name@ASC,Bar,Easy,0.4682,0.9364,2,0.0,0.0,0.0,0.0,0.5,0.0,0.0,0.0,0.0,0.5,0.5,0.0,0.0,False,Qwen/Qwen2.5-Coder-7B-Instruct,None
1970@x_name@ASC,Bar,Easy,0.4682,0.9364,2,0.0,0.0,0.0,0.0,0.5,0.0,0.0,0.0,0.0,0.5,0.5,0.0,0.0,False,Qwen/Qwen2.5-Coder-7B-Instruct,None
1977@x_name@ASC,Bar,Medium,0.5044,1.5132,3,0.0,0.0,0.0,0.0,0.0,0.0,0.0,0.0,0.0,0.0,1.0,0.0,0.0,False,Qwen/Qwen2.5-Coder-7B-Instruct,None
1977@x_name@ASC,Bar,Medium,0.5044,1.5132,3,0.0,0.0,0.0,0.0,0.0,0.0,0.0,0.0,0.0,0.0,1.0,0.0,0.0,False,Qwen/Qwen2.5-Coder-7B-Instruct,None
1977@x_name@ASC,Bar,Medium,0.5044,1.5132,3,0.0,0.0,0.0,0.0,0.0,0.0,0.0,0.0,0.0,0.0,1.0,0.0,0.0,False,Qwen/Qwen2.5-Coder-7B-Instruct,None
1979@y_name@DESC,Bar,Hard,1.929,7.7159,4,0.0,0.0,0.0,0.0,0.25,0.0,0.0,0.0,0.0,0.25,0.75,0.0,0.0,False,Qwen/Qwen2.5-Coder-7B-Instruct,None
1979@y_name@DESC,Bar,Hard,1.929,7.7159,4,0.0,0.0,0.0,0.0,0.25,0.0,0.0,0.0,0.0,0.25,0.75,0.0,0.0,False,Qwen/Qwen2.5-Coder-7B-Instruct,None
1979@y_name@DESC,Bar,Hard,1.929,7.7159,4,0.0,0.0,0.0,0.0,0.25,0.0,0.0,0.0,0.0,0.25,0.75,0.0,0.0,False,Qwen/Qwen2.5-Coder-7B-Instruct,None
1981@y_name@DESC,Bar,Extra Hard,0.8773,3.5093,4,0.0,0.0,0.0,0.0,0.0,0.0,0.0,0.0,0.0,0.0,1.0,0.0,0.0,True,Qwen/Qwen2.5-Coder-7B-Instruct,None
1981@y_name@DESC,Bar,Extra Hard,0.8773,3.5093,4,0.0,0.0,0.0,0.0,0.0,0.0,0.0,0.0,0.0,0.0,1.0,0.0,0.0,True,Qwen/Qwen2.5-Coder-7B-Instruct,None
1981@y_name@DESC,Bar,Extra Hard,0.8773,3.5093,4,0.0,0.0,0.0,0.0,0.0,0.0,0.0,0.0,0.0,0.0,1.0,0.0,0.0,True,Qwen/Qwen2.5-Coder-7B-Instruct,None
1984@y_name@DESC,Bar,Hard,0.7733,1.5467,2,0.0,0.0,0.0,0.0,0.0,0.0,0.0,0.0,0.0,0.0,1.0,0.0,0.0,True,Qwen/Qwen2.5-Coder-7B-Instruct,None
1984@y_name@DESC,Bar,Hard,0.7733,1.5467,2,0.0,0.0,0.0,0.0,0.0,0.0,0.0,0.0,0.0,0.0,1.0,0.0,0.0,True,Qwen/Qwen2.5-Coder-7B-Instruct,None
1984@y_name@DESC,Bar,Hard,0.7733,1.5467,2,0.0,0.0,0.0,0.0,0.0,0.0,0.0,0.0,0.0,0.0,1.0,0.0,0.0,True,Qwen/Qwen2.5-Coder-7B-Instruct,None
3033@y_name@ASC,Bar,Medium,0.6565,1.9695,3,0.0,0.0,0.0,0.0,0.0,0.0,0.0,0.0,0.0,0.0,1.0,0.0,0.0,False,Qwen/Qwen2.5-Coder-7B-Instruct,None
3033@y_name@ASC,Bar,Medium,0.6565,1.9695,3,0.0,0.0,0.0,0.0,0.0,0.0,0.0,0.0,0.0,0.0,1.0,0.0,0.0,False,Qwen/Qwen2.5-Coder-7B-Instruct,None
3033@y_name@ASC,Bar,Medium,0.6565,1.9695,3,0.0,0.0,0.0,0.0,0.0,0.0,0.0,0.0,0.0,0.0,1.0,0.0,0.0,False,Qwen/Qwen2.5-Coder-7B-Instruct,None
2677@x_name@ASC,Bar,Medium,0.4537,0.4537,1,0.0,0.0,0.0,0.0,0.0,0.0,0.0,0.0,0.0,0.0,1.0,0.0,0.0,False,Qwen/Qwen2.5-Coder-7B-Instruct,None
2677@x_name@ASC,Bar,Medium,0.4537,0.4537,1,0.0,0.0,0.0,0.0,0.0,0.0,0.0,0.0,0.0,0.0,1.0,0.0,0.0,False,Qwen/Qwen2.5-Coder-7B-Instruct,None
2677@x_name@ASC,Bar,Medium,0.4537,0.4537,1,0.0,0.0,0.0,0.0,0.0,0.0,0.0,0.0,0.0,0.0,1.0,0.0,0.0,False,Qwen/Qwen2.5-Coder-7B-Instruct,None
2678@y_name@DESC,Bar,Medium,0.5178,1.5534,3,0.0,0.0,0.0,0.0,0.0,0.0,0.0,0.0,0.0,0.0,1.0,0.0,0.0,False,Qwen/Qwen2.5-Coder-7B-Instruct,None
2678@y_name@DESC,Bar,Medium,0.5178,1.5534,3,0.0,0.0,0.0,0.0,0.0,0.0,0.0,0.0,0.0,0.0,1.0,0.0,0.0,False,Qwen/Qwen2.5-Coder-7B-Instruct,None
2678@y_name@DESC,Bar,Medium,0.5178,1.5534,3,0.0,0.0,0.0,0.0,0.0,0.0,0.0,0.0,0.0,0.0,1.0,0.0,0.0,False,Qwen/Qwen2.5-Coder-7B-Instruct,None
2681@x_name@ASC,Bar,Medium,0.5027,0.5027,1,0.0,0.0,0.0,0.0,0.0,0.0,0.0,0.0,0.0,0.0,1.0,0.0,0.0,False,Qwen/Qwen2.5-Coder-7B-Instruct,None
2681@x_name@ASC,Bar,Medium,0.5027,0.5027,1,0.0,0.0,0.0,0.0,0.0,0.0,0.0,0.0,0.0,0.0,1.0,0.0,0.0,False,Qwen/Qwen2.5-Coder-7B-Instruct,None
2681@x_name@ASC,Bar,Medium,0.5027,0.5027,1,0.0,0.0,0.0,0.0,0.0,0.0,0.0,0.0,0.0,0.0,1.0,0.0,0.0,False,Qwen/Qwen2.5-Coder-7B-Instruct,None
2755@x_name@DESC,Stacked Bar,Hard,0.5783,0.5783,1,0.0,0.0,0.0,0.0,0.0,1.0,0.0,0.0,0.0,1.0,0.0,,0.0,False,Qwen/Qwen2.5-Coder-7B-Instruct,None
2755@x_name@DESC,Stacked Bar,Hard,0.5783,0.5783,1,0.0,0.0,0.0,0.0,0.0,1.0,0.0,0.0,0.0,1.0,0.0,,0.0,False,Qwen/Qwen2.5-Coder-7B-Instruct,None
2755@x_name@DESC,Stacked Bar,Hard,0.5783,0.5783,1,0.0,0.0,0.0,0.0,0.0,1.0,0.0,0.0,0.0,1.0,0.0,,0.0,False,Qwen/Qwen2.5-Coder-7B-Instruct,None
2756@x_name@DESC,Stacked Bar,Hard,8.7251,26.1752,3,0.3333333333333333,0.0,0.0,0.0,0.6666666666666666,0.0,0.0,0.0,0.3333333333333333,0.6666666666666666,0.0,,0.0,False,Qwen/Qwen2.5-Coder-7B-Instruct,None
2756@x_name@DESC,Stacked Bar,Hard,8.7251,26.1752,3,0.3333333333333333,0.0,0.0,0.0,0.6666666666666666,0.0,0.0,0.0,0.3333333333333333,0.6666666666666666,0.0,,0.0,False,Qwen/Qwen2.5-Coder-7B-Instruct,None
2756@x_name@DESC,Stacked Bar,Hard,8.7251,26.1752,3,0.3333333333333333,0.0,0.0,0.0,0.6666666666666666,0.0,0.0,0.0,0.3333333333333333,0.6666666666666666,0.0,,0.0,False,Qwen/Qwen2.5-Coder-7B-Instruct,None
2760@y_name@DESC,Bar,Medium,0.4997,1.9986,4,0.0,0.0,0.0,0.0,0.25,0.0,0.0,0.0,0.0,0.25,0.75,0.0,0.0,False,Qwen/Qwen2.5-Coder-7B-Instruct,None
2760@y_name@DESC,Bar,Medium,0.4997,1.9986,4,0.0,0.0,0.0,0.0,0.25,0.0,0.0,0.0,0.0,0.25,0.75,0.0,0.0,False,Qwen/Qwen2.5-Coder-7B-Instruct,None
2760@y_name@DESC,Bar,Medium,0.4997,1.9986,4,0.0,0.0,0.0,0.0,0.25,0.0,0.0,0.0,0.0,0.25,0.75,0.0,0.0,False,Qwen/Qwen2.5-Coder-7B-Instruct,None
2762@y_name@DESC,Bar,Medium,1.5335,6.1342,4,0.0,0.0,0.0,0.0,0.5,0.0,0.0,0.0,0.0,0.5,0.5,0.0,0.0,False,Qwen/Qwen2.5-Coder-7B-Instruct,None
2762@y_name@DESC,Bar,Medium,1.5335,6.1342,4,0.0,0.0,0.0,0.0,0.5,0.0,0.0,0.0,0.0,0.5,0.5,0.0,0.0,False,Qwen/Qwen2.5-Coder-7B-Instruct,None
2762@y_name@DESC,Bar,Medium,1.5335,6.1342,4,0.0,0.0,0.0,0.0,0.5,0.0,0.0,0.0,0.0,0.5,0.5,0.0,0.0,False,Qwen/Qwen2.5-Coder-7B-Instruct,None
2763@y_name@ASC,Bar,Medium,0.4682,0.9363,2,0.0,0.0,0.0,0.0,0.0,0.0,0.0,0.0,0.0,0.0,1.0,0.0,0.0,False,Qwen/Qwen2.5-Coder-7B-Instruct,None
2763@y_name@ASC,Bar,Medium,0.4682,0.9363,2,0.0,0.0,0.0,0.0,0.0,0.0,0.0,0.0,0.0,0.0,1.0,0.0,0.0,False,Qwen/Qwen2.5-Coder-7B-Instruct,None
2763@y_name@ASC,Bar,Medium,0.4682,0.9363,2,0.0,0.0,0.0,0.0,0.0,0.0,0.0,0.0,0.0,0.0,1.0,0.0,0.0,False,Qwen/Qwen2.5-Coder-7B-Instruct,None
2765@y_name@ASC,Bar,Medium,3.6199,10.8596,3,0.0,0.0,0.0,0.0,0.6666666666666666,0.0,0.0,0.0,0.0,0.6666666666666666,0.3333333333333333,0.0,0.0,False,Qwen/Qwen2.5-Coder-7B-Instruct,None
2765@y_name@ASC,Bar,Medium,3.6199,10.8596,3,0.0,0.0,0.0,0.0,0.6666666666666666,0.0,0.0,0.0,0.0,0.6666666666666666,0.3333333333333333,0.0,0.0,False,Qwen/Qwen2.5-Coder-7B-Instruct,None
2765@y_name@ASC,Bar,Medium,3.6199,10.8596,3,0.0,0.0,0.0,0.0,0.6666666666666666,0.0,0.0,0.0,0.0,0.6666666666666666,0.3333333333333333,0.0,0.0,False,Qwen/Qwen2.5-Coder-7B-Instruct,None
2879@y_name@ASC,Bar,Medium,0.6021,1.2042,2,0.0,0.0,0.0,0.0,0.0,0.0,0.0,0.0,0.0,0.0,1.0,0.0,0.0,False,Qwen/Qwen2.5-Coder-7B-Instruct,None
2879@y_name@ASC,Bar,Medium,0.6021,1.2042,2,0.0,0.0,0.0,0.0,0.0,0.0,0.0,0.0,0.0,0.0,1.0,0.0,0.0,False,Qwen/Qwen2.5-Coder-7B-Instruct,None
2879@y_name@ASC,Bar,Medium,0.6021,1.2042,2,0.0,0.0,0.0,0.0,0.0,0.0,0.0,0.0,0.0,0.0,1.0,0.0,0.0,False,Qwen/Qwen2.5-Coder-7B-Instruct,None
2886@x_name@DESC,Bar,Hard,1.0621,1.0621,1,0.0,0.0,0.0,0.0,0.0,1.0,0.0,0.0,0.0,1.0,0.0,,0.0,True,Qwen/Qwen2.5-Coder-7B-Instruct,None
2886@x_name@DESC,Bar,Hard,1.0621,1.0621,1,0.0,0.0,0.0,0.0,0.0,1.0,0.0,0.0,0.0,1.0,0.0,,0.0,True,Qwen/Qwen2.5-Coder-7B-Instruct,None
2886@x_name@DESC,Bar,Hard,1.0621,1.0621,1,0.0,0.0,0.0,0.0,0.0,1.0,0.0,0.0,0.0,1.0,0.0,,0.0,True,Qwen/Qwen2.5-Coder-7B-Instruct,None
116@x_name@DESC,Bar,Hard,1.1878,2.3757,2,0.0,0.0,0.0,0.0,0.0,0.0,0.0,0.0,0.0,0.0,1.0,0.0,0.0,True,Qwen/Qwen2.5-Coder-7B-Instruct,None
116@x_name@DESC,Bar,Hard,1.1878,2.3757,2,0.0,0.0,0.0,0.0,0.0,0.0,0.0,0.0,0.0,0.0,1.0,0.0,0.0,True,Qwen/Qwen2.5-Coder-7B-Instruct,None
116@x_name@DESC,Bar,Hard,1.1878,2.3757,2,0.0,0.0,0.0,0.0,0.0,0.0,0.0,0.0,0.0,0.0,1.0,0.0,0.0,True,Qwen/Qwen2.5-Coder-7B-Instruct,None
117@y_name@ASC,Bar,Medium,0.5515,1.103,2,0.0,0.0,0.0,0.0,0.0,0.0,0.0,0.0,0.0,0.0,1.0,0.0,0.0,False,Qwen/Qwen2.5-Coder-7B-Instruct,None
117@y_name@ASC,Bar,Medium,0.5515,1.103,2,0.0,0.0,0.0,0.0,0.0,0.0,0.0,0.0,0.0,0.0,1.0,0.0,0.0,False,Qwen/Qwen2.5-Coder-7B-Instruct,None
117@y_name@ASC,Bar,Medium,0.5515,1.103,2,0.0,0.0,0.0,0.0,0.0,0.0,0.0,0.0,0.0,0.0,1.0,0.0,0.0,False,Qwen/Qwen2.5-Coder-7B-Instruct,None
123@y_name@DESC,Bar,Hard,0.5581,0.5581,1,0.0,0.0,0.0,0.0,0.0,0.0,0.0,0.0,0.0,0.0,1.0,0.0,0.0,True,Qwen/Qwen2.5-Coder-7B-Instruct,None
123@y_name@DESC,Bar,Hard,0.5581,0.5581,1,0.0,0.0,0.0,0.0,0.0,0.0,0.0,0.0,0.0,0.0,1.0,0.0,0.0,True,Qwen/Qwen2.5-Coder-7B-Instruct,None
123@y_name@DESC,Bar,Hard,0.5581,0.5581,1,0.0,0.0,0.0,0.0,0.0,0.0,0.0,0.0,0.0,0.0,1.0,0.0,0.0,True,Qwen/Qwen2.5-Coder-7B-Instruct,None
127@y_name@ASC,Bar,Hard,1.1662,1.1662,1,0.0,0.0,0.0,0.0,0.0,0.0,0.0,0.0,0.0,0.0,1.0,0.0,0.0,True,Qwen/Qwen2.5-Coder-7B-Instruct,None
127@y_name@ASC,Bar,Hard,1.1662,1.1662,1,0.0,0.0,0.0,0.0,0.0,0.0,0.0,0.0,0.0,0.0,1.0,0.0,0.0,True,Qwen/Qwen2.5-Coder-7B-Instruct,None
127@y_name@ASC,Bar,Hard,1.1662,1.1662,1,0.0,0.0,0.0,0.0,0.0,0.0,0.0,0.0,0.0,0.0,1.0,0.0,0.0,True,Qwen/Qwen2.5-Coder-7B-Instruct,None
128@x_name@DESC,Bar,Hard,7.1979,7.1979,1,0.0,0.0,0.0,0.0,0.0,0.0,0.0,0.0,0.0,0.0,1.0,0.0,0.0,True,Qwen/Qwen2.5-Coder-7B-Instruct,None
128@x_name@DESC,Bar,Hard,7.1979,7.1979,1,0.0,0.0,0.0,0.0,0.0,0.0,0.0,0.0,0.0,0.0,1.0,0.0,0.0,True,Qwen/Qwen2.5-Coder-7B-Instruct,None
128@x_name@DESC,Bar,Hard,7.1979,7.1979,1,0.0,0.0,0.0,0.0,0.0,0.0,0.0,0.0,0.0,0.0,1.0,0.0,0.0,True,Qwen/Qwen2.5-Coder-7B-Instruct,None
134@x_name@DESC,Stacked Bar,Extra Hard,1.3595,1.3595,1,0.0,0.0,0.0,0.0,0.0,1.0,0.0,0.0,0.0,1.0,0.0,,0.0,True,Qwen/Qwen2.5-Coder-7B-Instruct,None
134@x_name@DESC,Stacked Bar,Extra Hard,1.3595,1.3595,1,0.0,0.0,0.0,0.0,0.0,1.0,0.0,0.0,0.0,1.0,0.0,,0.0,True,Qwen/Qwen2.5-Coder-7B-Instruct,None
134@x_name@DESC,Stacked Bar,Extra Hard,1.3595,1.3595,1,0.0,0.0,0.0,0.0,0.0,1.0,0.0,0.0,0.0,1.0,0.0,,0.0,True,Qwen/Qwen2.5-Coder-7B-Instruct,None
139@y_name@ASC,Bar,Hard,0.882,1.764,2,0.0,0.0,0.0,0.0,0.0,0.0,0.0,0.0,0.0,0.0,1.0,0.0,0.0,True,Qwen/Qwen2.5-Coder-7B-Instruct,None
139@y_name@ASC,Bar,Hard,0.882,1.764,2,0.0,0.0,0.0,0.0,0.0,0.0,0.0,0.0,0.0,0.0,1.0,0.0,0.0,True,Qwen/Qwen2.5-Coder-7B-Instruct,None
139@y_name@ASC,Bar,Hard,0.882,1.764,2,0.0,0.0,0.0,0.0,0.0,0.0,0.0,0.0,0.0,0.0,1.0,0.0,0.0,True,Qwen/Qwen2.5-Coder-7B-Instruct,None
140@y_name@ASC,Bar,Medium,0.8161,1.6322,2,0.0,0.0,0.0,0.0,0.0,0.0,0.0,0.0,0.0,0.0,1.0,0.0,0.0,False,Qwen/Qwen2.5-Coder-7B-Instruct,None
140@y_name@ASC,Bar,Medium,0.8161,1.6322,2,0.0,0.0,0.0,0.0,0.0,0.0,0.0,0.0,0.0,0.0,1.0,0.0,0.0,False,Qwen/Qwen2.5-Coder-7B-Instruct,None
140@y_name@ASC,Bar,Medium,0.8161,1.6322,2,0.0,0.0,0.0,0.0,0.0,0.0,0.0,0.0,0.0,0.0,1.0,0.0,0.0,False,Qwen/Qwen2.5-Coder-7B-Instruct,None
145@y_name@DESC,Stacked Bar,Extra Hard,1.6971,1.6971,1,0.0,0.0,0.0,0.0,0.0,1.0,0.0,0.0,0.0,1.0,0.0,,0.0,True,Qwen/Qwen2.5-Coder-7B-Instruct,None
145@y_name@DESC,Stacked Bar,Extra Hard,1.6971,1.6971,1,0.0,0.0,0.0,0.0,0.0,1.0,0.0,0.0,0.0,1.0,0.0,,0.0,True,Qwen/Qwen2.5-Coder-7B-Instruct,None
145@y_name@DESC,Stacked Bar,Extra Hard,1.6971,1.6971,1,0.0,0.0,0.0,0.0,0.0,1.0,0.0,0.0,0.0,1.0,0.0,,0.0,True,Qwen/Qwen2.5-Coder-7B-Instruct,None
149@x_name@DESC,Bar,Hard,1.0502,1.0502,1,0.0,0.0,0.0,0.0,1.0,0.0,0.0,0.0,0.0,1.0,0.0,,0.0,True,Qwen/Qwen2.5-Coder-7B-Instruct,None
149@x_name@DESC,Bar,Hard,1.0502,1.0502,1,0.0,0.0,0.0,0.0,1.0,0.0,0.0,0.0,0.0,1.0,0.0,,0.0,True,Qwen/Qwen2.5-Coder-7B-Instruct,None
149@x_name@DESC,Bar,Hard,1.0502,1.0502,1,0.0,0.0,0.0,0.0,1.0,0.0,0.0,0.0,0.0,1.0,0.0,,0.0,True,Qwen/Qwen2.5-Coder-7B-Instruct,None
3069@x_name@ASC,Bar,Hard,0.7835,0.7835,1,0.0,0.0,0.0,0.0,0.0,1.0,0.0,0.0,0.0,1.0,0.0,,0.0,True,Qwen/Qwen2.5-Coder-7B-Instruct,None
3069@x_name@ASC,Bar,Hard,0.7835,0.7835,1,0.0,0.0,0.0,0.0,0.0,1.0,0.0,0.0,0.0,1.0,0.0,,0.0,True,Qwen/Qwen2.5-Coder-7B-Instruct,None
3069@x_name@ASC,Bar,Hard,0.7835,0.7835,1,0.0,0.0,0.0,0.0,0.0,1.0,0.0,0.0,0.0,1.0,0.0,,0.0,True,Qwen/Qwen2.5-Coder-7B-Instruct,None
1424@y_name@ASC,Bar,Medium,0.4622,0.4622,1,0.0,0.0,0.0,0.0,0.0,0.0,0.0,0.0,0.0,0.0,1.0,0.0,0.0,False,Qwen/Qwen2.5-Coder-7B-Instruct,None
1424@y_name@ASC,Bar,Medium,0.4622,0.4622,1,0.0,0.0,0.0,0.0,0.0,0.0,0.0,0.0,0.0,0.0,1.0,0.0,0.0,False,Qwen/Qwen2.5-Coder-7B-Instruct,None
1424@y_name@ASC,Bar,Medium,0.4622,0.4622,1,0.0,0.0,0.0,0.0,0.0,0.0,0.0,0.0,0.0,0.0,1.0,0.0,0.0,False,Qwen/Qwen2.5-Coder-7B-Instruct,None
4001,Scatter,Hard,7.6629,7.6629,1,0.0,0.0,0.0,0.0,1.0,0.0,0.0,0.0,0.0,1.0,0.0,,0.0,True,Qwen/Qwen2.5-Coder-7B-Instruct,None
4001,Scatter,Hard,7.6629,7.6629,1,0.0,0.0,0.0,0.0,1.0,0.0,0.0,0.0,0.0,1.0,0.0,,0.0,True,Qwen/Qwen2.5-Coder-7B-Instruct,None
4001,Scatter,Hard,7.6629,7.6629,1,0.0,0.0,0.0,0.0,1.0,0.0,0.0,0.0,0.0,1.0,0.0,,0.0,True,Qwen/Qwen2.5-Coder-7B-Instruct,None
4002,Stacked Bar,Easy,0.5843,0.5843,1,0.0,0.0,0.0,0.0,0.0,0.0,0.0,0.0,0.0,0.0,1.0,0.0,0.0,False,Qwen/Qwen2.5-Coder-7B-Instruct,None
4002,Stacked Bar,Easy,0.5843,0.5843,1,0.0,0.0,0.0,0.0,0.0,0.0,0.0,0.0,0.0,0.0,1.0,0.0,0.0,False,Qwen/Qwen2.5-Coder-7B-Instruct,None
4002,Stacked Bar,Easy,0.5843,0.5843,1,0.0,0.0,0.0,0.0,0.0,0.0,0.0,0.0,0.0,0.0,1.0,0.0,0.0,False,Qwen/Qwen2.5-Coder-7B-Instruct,None
4003,Scatter,Easy,0.45,0.45,1,0.0,0.0,0.0,0.0,0.0,0.0,0.0,0.0,0.0,0.0,1.0,0.0,0.0,False,Qwen/Qwen2.5-Coder-7B-Instruct,None
4003,Scatter,Easy,0.45,0.45,1,0.0,0.0,0.0,0.0,0.0,0.0,0.0,0.0,0.0,0.0,1.0,0.0,0.0,False,Qwen/Qwen2.5-Coder-7B-Instruct,None
4003,Scatter,Easy,0.45,0.45,1,0.0,0.0,0.0,0.0,0.0,0.0,0.0,0.0,0.0,0.0,1.0,0.0,0.0,False,Qwen/Qwen2.5-Coder-7B-Instruct,None
4004,Stacked Bar,Hard,0.9834,0.9834,1,0.0,0.0,0.0,1.0,1.0,0.0,0.0,0.0,0.0,1.0,0.0,,0.0,True,Qwen/Qwen2.5-Coder-7B-Instruct,None
4004,Stacked Bar,Hard,0.9834,0.9834,1,0.0,0.0,0.0,1.0,1.0,0.0,0.0,0.0,0.0,1.0,0.0,,0.0,True,Qwen/Qwen2.5-Coder-7B-Instruct,None
4004,Stacked Bar,Hard,0.9834,0.9834,1,0.0,0.0,0.0,1.0,1.0,0.0,0.0,0.0,0.0,1.0,0.0,,0.0,True,Qwen/Qwen2.5-Coder-7B-Instruct,None
4005,Grouping Line,Easy,1.2963,1.2963,1,0.0,0.0,0.0,1.0,1.0,0.0,0.0,0.0,0.0,1.0,0.0,,0.0,False,Qwen/Qwen2.5-Coder-7B-Instruct,None
4005,Grouping Line,Easy,1.2963,1.2963,1,0.0,0.0,0.0,1.0,1.0,0.0,0.0,0.0,0.0,1.0,0.0,,0.0,False,Qwen/Qwen2.5-Coder-7B-Instruct,None
4005,Grouping Line,Easy,1.2963,1.2963,1,0.0,0.0,0.0,1.0,1.0,0.0,0.0,0.0,0.0,1.0,0.0,,0.0,False,Qwen/Qwen2.5-Coder-7B-Instruct,None
4006,Grouping Line,Medium,1.2451,1.2451,1,0.0,0.0,0.0,1.0,1.0,0.0,0.0,0.0,0.0,1.0,0.0,,0.0,False,Qwen/Qwen2.5-Coder-7B-Instruct,None
4006,Grouping Line,Medium,1.2451,1.2451,1,0.0,0.0,0.0,1.0,1.0,0.0,0.0,0.0,0.0,1.0,0.0,,0.0,False,Qwen/Qwen2.5-Coder-7B-Instruct,None
4006,Grouping Line,Medium,1.2451,1.2451,1,0.0,0.0,0.0,1.0,1.0,0.0,0.0,0.0,0.0,1.0,0.0,,0.0,False,Qwen/Qwen2.5-Coder-7B-Instruct,None
4007,Stacked Bar,Hard,26.5112,26.5112,1,1.0,0.0,0.0,0.0,0.0,0.0,0.0,0.0,1.0,0.0,0.0,,0.0,True,Qwen/Qwen2.5-Coder-7B-Instruct,None
4007,Stacked Bar,Hard,26.5112,26.5112,1,1.0,0.0,0.0,0.0,0.0,0.0,0.0,0.0,1.0,0.0,0.0,,0.0,True,Qwen/Qwen2.5-Coder-7B-Instruct,None
4007,Stacked Bar,Hard,26.5112,26.5112,1,1.0,0.0,0.0,0.0,0.0,0.0,0.0,0.0,1.0,0.0,0.0,,0.0,True,Qwen/Qwen2.5-Coder-7B-Instruct,None
4008,Grouping Line,Medium,5.9946,5.9946,1,0.0,0.0,0.0,0.0,1.0,0.0,0.0,0.0,0.0,1.0,0.0,,0.0,False,Qwen/Qwen2.5-Coder-7B-Instruct,None
4008,Grouping Line,Medium,5.9946,5.9946,1,0.0,0.0,0.0,0.0,1.0,0.0,0.0,0.0,0.0,1.0,0.0,,0.0,False,Qwen/Qwen2.5-Coder-7B-Instruct,None
4008,Grouping Line,Medium,5.9946,5.9946,1,0.0,0.0,0.0,0.0,1.0,0.0,0.0,0.0,0.0,1.0,0.0,,0.0,False,Qwen/Qwen2.5-Coder-7B-Instruct,None
4009,Scatter,Medium,0.5862,0.5862,1,0.0,0.0,0.0,0.0,0.0,0.0,0.0,0.0,0.0,0.0,1.0,0.0,0.0,False,Qwen/Qwen2.5-Coder-7B-Instruct,None
4009,Scatter,Medium,0.5862,0.5862,1,0.0,0.0,0.0,0.0,0.0,0.0,0.0,0.0,0.0,0.0,1.0,0.0,0.0,False,Qwen/Qwen2.5-Coder-7B-Instruct,None
4009,Scatter,Medium,0.5862,0.5862,1,0.0,0.0,0.0,0.0,0.0,0.0,0.0,0.0,0.0,0.0,1.0,0.0,0.0,False,Qwen/Qwen2.5-Coder-7B-Instruct,None
4010,Stacked Bar,Hard,1.0127,1.0127,1,0.0,0.0,0.0,1.0,1.0,0.0,0.0,0.0,0.0,1.0,0.0,,0.0,True,Qwen/Qwen2.5-Coder-7B-Instruct,None
4010,Stacked Bar,Hard,1.0127,1.0127,1,0.0,0.0,0.0,1.0,1.0,0.0,0.0,0.0,0.0,1.0,0.0,,0.0,True,Qwen/Qwen2.5-Coder-7B-Instruct,None
4010,Stacked Bar,Hard,1.0127,1.0127,1,0.0,0.0,0.0,1.0,1.0,0.0,0.0,0.0,0.0,1.0,0.0,,0.0,True,Qwen/Qwen2.5-Coder-7B-Instruct,None
4011,Stacked Bar,Extra Hard,13.8698,13.8698,1,1.0,0.0,0.0,0.0,0.0,0.0,0.0,0.0,1.0,0.0,0.0,,0.0,True,Qwen/Qwen2.5-Coder-7B-Instruct,None
4011,Stacked Bar,Extra Hard,13.8698,13.8698,1,1.0,0.0,0.0,0.0,0.0,0.0,0.0,0.0,1.0,0.0,0.0,,0.0,True,Qwen/Qwen2.5-Coder-7B-Instruct,None
4011,Stacked Bar,Extra Hard,13.8698,13.8698,1,1.0,0.0,0.0,0.0,0.0,0.0,0.0,0.0,1.0,0.0,0.0,,0.0,True,Qwen/Qwen2.5-Coder-7B-Instruct,None
4012,Grouping Scatter,Extra Hard,25.0956,25.0956,1,1.0,0.0,0.0,0.0,0.0,0.0,0.0,0.0,1.0,0.0,0.0,,0.0,True,Qwen/Qwen2.5-Coder-7B-Instruct,None
4012,Grouping Scatter,Extra Hard,25.0956,25.0956,1,1.0,0.0,0.0,0.0,0.0,0.0,0.0,0.0,1.0,0.0,0.0,,0.0,True,Qwen/Qwen2.5-Coder-7B-Instruct,None
4012,Grouping Scatter,Extra Hard,25.0956,25.0956,1,1.0,0.0,0.0,0.0,0.0,0.0,0.0,0.0,1.0,0.0,0.0,,0.0,True,Qwen/Qwen2.5-Coder-7B-Instruct,None
4013,Stacked Bar,Extra Hard,22.9402,22.9402,1,1.0,0.0,0.0,0.0,0.0,0.0,0.0,0.0,1.0,0.0,0.0,,0.0,True,Qwen/Qwen2.5-Coder-7B-Instruct,None
4013,Stacked Bar,Extra Hard,22.9402,22.9402,1,1.0,0.0,0.0,0.0,0.0,0.0,0.0,0.0,1.0,0.0,0.0,,0.0,True,Qwen/Qwen2.5-Coder-7B-Instruct,None
4013,Stacked Bar,Extra Hard,22.9402,22.9402,1,1.0,0.0,0.0,0.0,0.0,0.0,0.0,0.0,1.0,0.0,0.0,,0.0,True,Qwen/Qwen2.5-Coder-7B-Instruct,None
4014,Grouping Line,Extra Hard,18.4757,18.4757,1,1.0,0.0,0.0,0.0,0.0,0.0,0.0,0.0,1.0,0.0,0.0,,0.0,True,Qwen/Qwen2.5-Coder-7B-Instruct,None
4014,Grouping Line,Extra Hard,18.4757,18.4757,1,1.0,0.0,0.0,0.0,0.0,0.0,0.0,0.0,1.0,0.0,0.0,,0.0,True,Qwen/Qwen2.5-Coder-7B-Instruct,None
4014,Grouping Line,Extra Hard,18.4757,18.4757,1,1.0,0.0,0.0,0.0,0.0,0.0,0.0,0.0,1.0,0.0,0.0,,0.0,True,Qwen/Qwen2.5-Coder-7B-Instruct,None
4015,Scatter,Extra Hard,0.3483,0.3483,1,0.0,0.0,0.0,0.0,0.0,0.0,0.0,0.0,0.0,0.0,1.0,0.0,0.0,False,Qwen/Qwen2.5-Coder-7B-Instruct,None
4015,Scatter,Extra Hard,0.3483,0.3483,1,0.0,0.0,0.0,0.0,0.0,0.0,0.0,0.0,0.0,0.0,1.0,0.0,0.0,False,Qwen/Qwen2.5-Coder-7B-Instruct,None
4015,Scatter,Extra Hard,0.3483,0.3483,1,0.0,0.0,0.0,0.0,0.0,0.0,0.0,0.0,0.0,0.0,1.0,0.0,0.0,False,Qwen/Qwen2.5-Coder-7B-Instruct,None
4016,Grouping Line,Medium,0.8594,0.8594,1,0.0,0.0,0.0,0.0,1.0,0.0,0.0,0.0,0.0,1.0,0.0,,0.0,False,Qwen/Qwen2.5-Coder-7B-Instruct,None
4016,Grouping Line,Medium,0.8594,0.8594,1,0.0,0.0,0.0,0.0,1.0,0.0,0.0,0.0,0.0,1.0,0.0,,0.0,False,Qwen/Qwen2.5-Coder-7B-Instruct,None
4016,Grouping Line,Medium,0.8594,0.8594,1,0.0,0.0,0.0,0.0,1.0,0.0,0.0,0.0,0.0,1.0,0.0,,0.0,False,Qwen/Qwen2.5-Coder-7B-Instruct,None
4017,Stacked Bar,Medium,0.5802,0.5802,1,0.0,0.0,0.0,0.0,0.0,0.0,0.0,0.0,0.0,0.0,1.0,0.0,0.0,False,Qwen/Qwen2.5-Coder-7B-Instruct,None
4017,Stacked Bar,Medium,0.5802,0.5802,1,0.0,0.0,0.0,0.0,0.0,0.0,0.0,0.0,0.0,0.0,1.0,0.0,0.0,False,Qwen/Qwen2.5-Coder-7B-Instruct,None
4017,Stacked Bar,Medium,0.5802,0.5802,1,0.0,0.0,0.0,0.0,0.0,0.0,0.0,0.0,0.0,0.0,1.0,0.0,0.0,False,Qwen/Qwen2.5-Coder-7B-Instruct,None
4018,Stacked Bar,Medium,1.0142,1.0142,1,0.0,0.0,0.0,0.0,0.0,0.0,0.0,0.0,0.0,0.0,1.0,0.0,0.0,True,Qwen/Qwen2.5-Coder-7B-Instruct,None
4018,Stacked Bar,Medium,1.0142,1.0142,1,0.0,0.0,0.0,0.0,0.0,0.0,0.0,0.0,0.0,0.0,1.0,0.0,0.0,True,Qwen/Qwen2.5-Coder-7B-Instruct,None
4018,Stacked Bar,Medium,1.0142,1.0142,1,0.0,0.0,0.0,0.0,0.0,0.0,0.0,0.0,0.0,0.0,1.0,0.0,0.0,True,Qwen/Qwen2.5-Coder-7B-Instruct,None
4019,Stacked Bar,Medium,1.3296,1.3296,1,0.0,0.0,0.0,0.0,0.0,0.0,0.0,0.0,0.0,0.0,1.0,0.0,0.0,True,Qwen/Qwen2.5-Coder-7B-Instruct,None
4019,Stacked Bar,Medium,1.3296,1.3296,1,0.0,0.0,0.0,0.0,0.0,0.0,0.0,0.0,0.0,0.0,1.0,0.0,0.0,True,Qwen/Qwen2.5-Coder-7B-Instruct,None
4019,Stacked Bar,Medium,1.3296,1.3296,1,0.0,0.0,0.0,0.0,0.0,0.0,0.0,0.0,0.0,0.0,1.0,0.0,0.0,True,Qwen/Qwen2.5-Coder-7B-Instruct,None
4020,Stacked Bar,Medium,21.9393,21.9393,1,1.0,0.0,0.0,0.0,0.0,0.0,0.0,0.0,1.0,0.0,0.0,,0.0,True,Qwen/Qwen2.5-Coder-7B-Instruct,None
4020,Stacked Bar,Medium,21.9393,21.9393,1,1.0,0.0,0.0,0.0,0.0,0.0,0.0,0.0,1.0,0.0,0.0,,0.0,True,Qwen/Qwen2.5-Coder-7B-Instruct,None
4020,Stacked Bar,Medium,21.9393,21.9393,1,1.0,0.0,0.0,0.0,0.0,0.0,0.0,0.0,1.0,0.0,0.0,,0.0,True,Qwen/Qwen2.5-Coder-7B-Instruct,None
4021,Scatter,Medium,7.9659,7.9659,1,0.0,0.0,0.0,0.0,0.0,0.0,0.0,0.0,0.0,0.0,1.0,0.0,0.0,False,Qwen/Qwen2.5-Coder-7B-Instruct,None
4021,Scatter,Medium,7.9659,7.9659,1,0.0,0.0,0.0,0.0,0.0,0.0,0.0,0.0,0.0,0.0,1.0,0.0,0.0,False,Qwen/Qwen2.5-Coder-7B-Instruct,None
4021,Scatter,Medium,7.9659,7.9659,1,0.0,0.0,0.0,0.0,0.0,0.0,0.0,0.0,0.0,0.0,1.0,0.0,0.0,False,Qwen/Qwen2.5-Coder-7B-Instruct,None
4022,Stacked Bar,Medium,1.0064,1.0064,1,0.0,0.0,0.0,0.0,0.0,0.0,0.0,0.0,0.0,0.0,1.0,0.0,0.0,True,Qwen/Qwen2.5-Coder-7B-Instruct,None
4022,Stacked Bar,Medium,1.0064,1.0064,1,0.0,0.0,0.0,0.0,0.0,0.0,0.0,0.0,0.0,0.0,1.0,0.0,0.0,True,Qwen/Qwen2.5-Coder-7B-Instruct,None
4022,Stacked Bar,Medium,1.0064,1.0064,1,0.0,0.0,0.0,0.0,0.0,0.0,0.0,0.0,0.0,0.0,1.0,0.0,0.0,True,Qwen/Qwen2.5-Coder-7B-Instruct,None
4023,Grouping Scatter,Easy,8.6434,8.6434,1,0.0,0.0,0.0,0.0,0.0,0.0,0.0,0.0,0.0,0.0,1.0,0.0,0.0,False,Qwen/Qwen2.5-Coder-7B-Instruct,None
4023,Grouping Scatter,Easy,8.6434,8.6434,1,0.0,0.0,0.0,0.0,0.0,0.0,0.0,0.0,0.0,0.0,1.0,0.0,0.0,False,Qwen/Qwen2.5-Coder-7B-Instruct,None
4023,Grouping Scatter,Easy,8.6434,8.6434,1,0.0,0.0,0.0,0.0,0.0,0.0,0.0,0.0,0.0,0.0,1.0,0.0,0.0,False,Qwen/Qwen2.5-Coder-7B-Instruct,None
4024,Grouping Scatter,Easy,8.6667,8.6667,1,0.0,0.0,0.0,1.0,1.0,0.0,0.0,0.0,0.0,1.0,0.0,,0.0,False,Qwen/Qwen2.5-Coder-7B-Instruct,None
4024,Grouping Scatter,Easy,8.6667,8.6667,1,0.0,0.0,0.0,1.0,1.0,0.0,0.0,0.0,0.0,1.0,0.0,,0.0,False,Qwen/Qwen2.5-Coder-7B-Instruct,None
4024,Grouping Scatter,Easy,8.6667,8.6667,1,0.0,0.0,0.0,1.0,1.0,0.0,0.0,0.0,0.0,1.0,0.0,,0.0,False,Qwen/Qwen2.5-Coder-7B-Instruct,None
4025,Stacked Bar,Medium,0.7374,0.7374,1,0.0,0.0,0.0,0.0,0.0,0.0,0.0,0.0,0.0,0.0,1.0,0.0,0.0,False,Qwen/Qwen2.5-Coder-7B-Instruct,None
4025,Stacked Bar,Medium,0.7374,0.7374,1,0.0,0.0,0.0,0.0,0.0,0.0,0.0,0.0,0.0,0.0,1.0,0.0,0.0,False,Qwen/Qwen2.5-Coder-7B-Instruct,None
4025,Stacked Bar,Medium,0.7374,0.7374,1,0.0,0.0,0.0,0.0,0.0,0.0,0.0,0.0,0.0,0.0,1.0,0.0,0.0,False,Qwen/Qwen2.5-Coder-7B-Instruct,None
4026,Grouping Line,Easy,0.5508,0.5508,1,0.0,0.0,0.0,0.0,1.0,0.0,0.0,0.0,0.0,1.0,0.0,,0.0,False,Qwen/Qwen2.5-Coder-7B-Instruct,None
4026,Grouping Line,Easy,0.5508,0.5508,1,0.0,0.0,0.0,0.0,1.0,0.0,0.0,0.0,0.0,1.0,0.0,,0.0,False,Qwen/Qwen2.5-Coder-7B-Instruct,None
4026,Grouping Line,Easy,0.5508,0.5508,1,0.0,0.0,0.0,0.0,1.0,0.0,0.0,0.0,0.0,1.0,0.0,,0.0,False,Qwen/Qwen2.5-Coder-7B-Instruct,None
4027,Grouping Line,Easy,0.545,0.545,1,0.0,0.0,0.0,0.0,1.0,0.0,0.0,0.0,0.0,1.0,0.0,,0.0,False,Qwen/Qwen2.5-Coder-7B-Instruct,None
4027,Grouping Line,Easy,0.545,0.545,1,0.0,0.0,0.0,0.0,1.0,0.0,0.0,0.0,0.0,1.0,0.0,,0.0,False,Qwen/Qwen2.5-Coder-7B-Instruct,None
4027,Grouping Line,Easy,0.545,0.545,1,0.0,0.0,0.0,0.0,1.0,0.0,0.0,0.0,0.0,1.0,0.0,,0.0,False,Qwen/Qwen2.5-Coder-7B-Instruct,None
4028,Stacked Bar,Easy,15.9892,15.9892,1,1.0,0.0,0.0,0.0,0.0,0.0,0.0,0.0,1.0,0.0,0.0,,0.0,False,Qwen/Qwen2.5-Coder-7B-Instruct,None
4028,Stacked Bar,Easy,15.9892,15.9892,1,1.0,0.0,0.0,0.0,0.0,0.0,0.0,0.0,1.0,0.0,0.0,,0.0,False,Qwen/Qwen2.5-Coder-7B-Instruct,None
4028,Stacked Bar,Easy,15.9892,15.9892,1,1.0,0.0,0.0,0.0,0.0,0.0,0.0,0.0,1.0,0.0,0.0,,0.0,False,Qwen/Qwen2.5-Coder-7B-Instruct,None
4029,Grouping Line,Hard,19.7176,19.7176,1,1.0,0.0,0.0,0.0,0.0,0.0,0.0,0.0,1.0,0.0,0.0,,0.0,True,Qwen/Qwen2.5-Coder-7B-Instruct,None
4029,Grouping Line,Hard,19.7176,19.7176,1,1.0,0.0,0.0,0.0,0.0,0.0,0.0,0.0,1.0,0.0,0.0,,0.0,True,Qwen/Qwen2.5-Coder-7B-Instruct,None
4029,Grouping Line,Hard,19.7176,19.7176,1,1.0,0.0,0.0,0.0,0.0,0.0,0.0,0.0,1.0,0.0,0.0,,0.0,True,Qwen/Qwen2.5-Coder-7B-Instruct,None
4030,Stacked Bar,Medium,0.609,0.609,1,0.0,0.0,0.0,0.0,0.0,0.0,0.0,0.0,0.0,0.0,1.0,0.0,0.0,False,Qwen/Qwen2.5-Coder-7B-Instruct,None
4030,Stacked Bar,Medium,0.609,0.609,1,0.0,0.0,0.0,0.0,0.0,0.0,0.0,0.0,0.0,0.0,1.0,0.0,0.0,False,Qwen/Qwen2.5-Coder-7B-Instruct,None
4030,Stacked Bar,Medium,0.609,0.609,1,0.0,0.0,0.0,0.0,0.0,0.0,0.0,0.0,0.0,0.0,1.0,0.0,0.0,False,Qwen/Qwen2.5-Coder-7B-Instruct,None
4031,Stacked Bar,Medium,0.5863,0.5863,1,0.0,0.0,0.0,0.0,0.0,0.0,0.0,0.0,0.0,0.0,1.0,0.0,0.0,False,Qwen/Qwen2.5-Coder-7B-Instruct,None
4031,Stacked Bar,Medium,0.5863,0.5863,1,0.0,0.0,0.0,0.0,0.0,0.0,0.0,0.0,0.0,0.0,1.0,0.0,0.0,False,Qwen/Qwen2.5-Coder-7B-Instruct,None
4031,Stacked Bar,Medium,0.5863,0.5863,1,0.0,0.0,0.0,0.0,0.0,0.0,0.0,0.0,0.0,0.0,1.0,0.0,0.0,False,Qwen/Qwen2.5-Coder-7B-Instruct,None
4032,Grouping Scatter,Medium,15.4381,15.4381,1,1.0,0.0,0.0,0.0,0.0,0.0,0.0,0.0,1.0,0.0,0.0,,0.0,False,Qwen/Qwen2.5-Coder-7B-Instruct,None
4032,Grouping Scatter,Medium,15.4381,15.4381,1,1.0,0.0,0.0,0.0,0.0,0.0,0.0,0.0,1.0,0.0,0.0,,0.0,False,Qwen/Qwen2.5-Coder-7B-Instruct,None
4032,Grouping Scatter,Medium,15.4381,15.4381,1,1.0,0.0,0.0,0.0,0.0,0.0,0.0,0.0,1.0,0.0,0.0,,0.0,False,Qwen/Qwen2.5-Coder-7B-Instruct,None
4033,Grouping Line,Hard,0.9105,0.9105,1,0.0,0.0,0.0,1.0,1.0,0.0,0.0,0.0,0.0,1.0,0.0,,0.0,False,Qwen/Qwen2.5-Coder-7B-Instruct,None
4033,Grouping Line,Hard,0.9105,0.9105,1,0.0,0.0,0.0,1.0,1.0,0.0,0.0,0.0,0.0,1.0,0.0,,0.0,False,Qwen/Qwen2.5-Coder-7B-Instruct,None
4033,Grouping Line,Hard,0.9105,0.9105,1,0.0,0.0,0.0,1.0,1.0,0.0,0.0,0.0,0.0,1.0,0.0,,0.0,False,Qwen/Qwen2.5-Coder-7B-Instruct,None
4034,Grouping Line,Medium,1.3752,1.3752,1,0.0,0.0,0.0,1.0,1.0,0.0,0.0,0.0,0.0,1.0,0.0,,0.0,False,Qwen/Qwen2.5-Coder-7B-Instruct,None
4034,Grouping Line,Medium,1.3752,1.3752,1,0.0,0.0,0.0,1.0,1.0,0.0,0.0,0.0,0.0,1.0,0.0,,0.0,False,Qwen/Qwen2.5-Coder-7B-Instruct,None
4034,Grouping Line,Medium,1.3752,1.3752,1,0.0,0.0,0.0,1.0,1.0,0.0,0.0,0.0,0.0,1.0,0.0,,0.0,False,Qwen/Qwen2.5-Coder-7B-Instruct,None
4035,Grouping Line,Medium,18.0946,18.0946,1,1.0,0.0,0.0,0.0,0.0,0.0,0.0,0.0,1.0,0.0,0.0,,0.0,True,Qwen/Qwen2.5-Coder-7B-Instruct,None
4035,Grouping Line,Medium,18.0946,18.0946,1,1.0,0.0,0.0,0.0,0.0,0.0,0.0,0.0,1.0,0.0,0.0,,0.0,True,Qwen/Qwen2.5-Coder-7B-Instruct,None
4035,Grouping Line,Medium,18.0946,18.0946,1,1.0,0.0,0.0,0.0,0.0,0.0,0.0,0.0,1.0,0.0,0.0,,0.0,True,Qwen/Qwen2.5-Coder-7B-Instruct,None
